{"type":"FeatureCollection","features":[{"id":"5533","type":"Feature","properties":{"id":"B0FFHJJ793","name":"普天新能源汽车充电站(新天地南里B1层)","address":"马当路183号","type":"汽车服务;充电站;充电站","typecode":"011100","pcode":310000,"pname":"上海市","citycode":21,"cityname":"上海市","adcode":310101,"adname":"黄浦区","business_a":"新天地(自忠路)","location":"121.474920,31.219011","tel":"[]","bigType":"汽车服务","midType":"充电站","smallType":"充电站","gcj_lng":121.47492,"gcj_lat":31.219011,"wgs84_loc":"121.470402,31.220962","wgs84Lng":"121.470402","wgs84Lat":"31.220962","__source_file__":"13-常用公服设施点/SHP/上海市_充电站.shp"},"geometry":{"type":"Point","coordinates":[121.470402,31.220962]}},{"id":"99","type":"Feature","properties":{"id":"B0HG15TU2S","name":"国家电网汽车充电站(上海黄浦区新天地南里2号电动汽车充电点)","address":"马当路179号南里车库","type":"汽车服务;充电站;充电站","typecode":"011100","pcode":310000,"pname":"上海市","citycode":21,"cityname":"上海市","adcode":310101,"adname":"黄浦区","business_a":"新天地(自忠路)","location":"121.474778,31.219555","tel":"4000185522","bigType":"汽车服务","midType":"充电站","smallType":"充电站","gcj_lng":121.474778,"gcj_lat":31.219555,"wgs84_loc":"121.470259,31.221505","wgs84Lng":"121.470259","wgs84Lat":"31.221505","__source_file__":"13-常用公服设施点/SHP/上海市_充电站.shp"},"geometry":{"type":"Point","coordinates":[121.470259,31.221505]}},{"id":"103","type":"Feature","properties":{"id":"B0FFINHQDB","name":"国家电网汽车充电站(上海黄浦区新天地南里电动汽车充电站)","address":"马当路179号南里车库","type":"汽车服务;充电站;充电站","typecode":"011100","pcode":310000,"pname":"上海市","citycode":21,"cityname":"上海市","adcode":310101,"adname":"黄浦区","business_a":"新天地(自忠路)","location":"121.474786,31.219569","tel":"4000185522","bigType":"汽车服务","midType":"充电站","smallType":"充电站","gcj_lng":121.474786,"gcj_lat":31.219569,"wgs84_loc":"121.470267,31.221519","wgs84Lng":"121.470267","wgs84Lat":"31.221519","__source_file__":"13-常用公服设施点/SHP/上海市_充电站.shp"},"geometry":{"type":"Point","coordinates":[121.470267,31.221519]}},{"id":"115","type":"Feature","properties":{"id":"B0FFGK35F7","name":"特斯拉汽车充电站(马当路)","address":"太仓路233号新茂大厦","type":"汽车服务;充电站;充电站","typecode":"011100","pcode":310000,"pname":"上海市","citycode":21,"cityname":"上海市","adcode":310101,"adname":"黄浦区","business_a":"淮海路","location":"121.473930,31.220628","tel":"[]","bigType":"汽车服务","midType":"充电站","smallType":"充电站","gcj_lng":121.47393,"gcj_lat":31.220628,"wgs84_loc":"121.469409,31.222575","wgs84Lng":"121.469409","wgs84Lat":"31.222575","__source_file__":"13-常用公服设施点/SHP/上海市_充电站.shp"},"geometry":{"type":"Point","coordinates":[121.469409,31.222575]}},{"id":"186","type":"Feature","properties":{"id":"B0FFKTTAPG","name":"小鹏超级充电站(上海新茂大厦站)","address":"太仓路233号","type":"汽车服务;充电站;充电站","typecode":"011100","pcode":310000,"pname":"上海市","citycode":21,"cityname":"上海市","adcode":310101,"adname":"黄浦区","business_a":"淮海路","location":"121.473512,31.220651","tel":"4008193388","bigType":"汽车服务","midType":"充电站","smallType":"充电站","gcj_lng":121.473512,"gcj_lat":31.220651,"wgs84_loc":"121.468989,31.222597","wgs84Lng":"121.468989","wgs84Lat":"31.222597","__source_file__":"13-常用公服设施点/SHP/上海市_充电站.shp"},"geometry":{"type":"Point","coordinates":[121.468989,31.222597]}},{"id":"64","type":"Feature","properties":{"id":"B0HGF434VX","name":"普天充电站(绿地中环广场)","address":"绿地中环广场","type":"汽车服务;充电站;充电站","typecode":"011100","pcode":310000,"pname":"上海市","citycode":21,"cityname":"上海市","adcode":310101,"adname":"黄浦区","business_a":"淮海路","location":"121.472903,31.221790","tel":"[]","bigType":"汽车服务","midType":"充电站","smallType":"充电站","gcj_lng":121.472903,"gcj_lat":31.22179,"wgs84_loc":"121.468378,31.223734","wgs84Lng":"121.468378","wgs84Lat":"31.223734","__source_file__":"13-常用公服设施点/SHP/上海市_充电站.shp"},"geometry":{"type":"Point","coordinates":[121.468378,31.223734]}},{"id":"200","type":"Feature","properties":{"id":"B0FFJ3VMQV","name":"特斯拉目的地充电站(上海新天地朗廷酒店)","address":"马当路99号","type":"汽车服务;充电站;充电站","typecode":"011100","pcode":310000,"pname":"上海市","citycode":21,"cityname":"上海市","adcode":310101,"adname":"黄浦区","business_a":"淮海路","location":"121.474021,31.221833","tel":"[]","bigType":"汽车服务","midType":"充电站","smallType":"充电站","gcj_lng":121.474021,"gcj_lat":31.221833,"wgs84_loc":"121.4695,31.22378","wgs84Lng":"121.4695","wgs84Lat":"31.22378","__source_file__":"13-常用公服设施点/SHP/上海市_充电站.shp"},"geometry":{"type":"Point","coordinates":[121.4695,31.22378]}},{"id":"188","type":"Feature","properties":{"id":"B0H3DSPW37","name":"国家电网充电站(上海黄浦区瑞安广场)","address":"淮海中路158号","type":"汽车服务;充电站;充电站","typecode":"011100","pcode":310000,"pname":"上海市","citycode":21,"cityname":"上海市","adcode":310101,"adname":"黄浦区","business_a":"淮海路","location":"121.473877,31.222456","tel":"4000185522","bigType":"汽车服务","midType":"充电站","smallType":"充电站","gcj_lng":121.473877,"gcj_lat":31.222456,"wgs84_loc":"121.469355,31.224402","wgs84Lng":"121.469355","wgs84Lat":"31.224402","__source_file__":"13-常用公服设施点/SHP/上海市_充电站.shp"},"geometry":{"type":"Point","coordinates":[121.469355,31.224402]}},{"id":"102","type":"Feature","properties":{"id":"B0FFL8153S","name":"国家电网汽车充电站(上海黄浦区新天地广场电动汽车充电点)","address":"淮海中路333号","type":"汽车服务;充电站;充电站","typecode":"011100","pcode":310000,"pname":"上海市","citycode":21,"cityname":"上海市","adcode":310101,"adname":"黄浦区","business_a":"淮海路","location":"121.474561,31.222560","tel":"4000185522","bigType":"汽车服务","midType":"充电站","smallType":"充电站","gcj_lng":121.474561,"gcj_lat":31.22256,"wgs84_loc":"121.470041,31.224508","wgs84Lng":"121.470041","wgs84Lat":"31.224508","__source_file__":"13-常用公服设施点/SHP/上海市_充电站.shp"},"geometry":{"type":"Point","coordinates":[121.470041,31.224508]}},{"id":"141","type":"Feature","properties":{"id":"B0FFK7CSXF","name":"依威能源汽车充电站(成巨停车场)","address":"成都南路26号成巨停车场","type":"汽车服务;充电站;充电站","typecode":"011100","pcode":310000,"pname":"上海市","citycode":21,"cityname":"上海市","adcode":310101,"adname":"黄浦区","business_a":"淮海路","location":"121.467334,31.222958","tel":"4001800910","bigType":"汽车服务","midType":"充电站","smallType":"充电站","gcj_lng":121.467334,"gcj_lat":31.222958,"wgs84_loc":"121.462791,31.224887","wgs84Lng":"121.462791","wgs84Lat":"31.224887","__source_file__":"13-常用公服设施点/SHP/上海市_充电站.shp"},"geometry":{"type":"Point","coordinates":[121.462791,31.224887]}},{"id":"131","type":"Feature","properties":{"id":"B0IBA6QB48","name":"蔚来能源汽车充电站(蔚来超充站上海新天地太平桥公园)","address":"自忠路160号","type":"汽车服务;充电站;充电站","typecode":"011100","pcode":310000,"pname":"上海市","citycode":21,"cityname":"上海市","adcode":310101,"adname":"黄浦区","business_a":"淮海路","location":"121.476542,31.218873","tel":"021-67099903","bigType":"汽车服务","midType":"充电站","smallType":"充电站","gcj_lng":121.476542,"gcj_lat":31.218873,"wgs84_loc":"121.472029,31.220828","wgs84Lng":"121.472029","wgs84Lat":"31.220828","__source_file__":"13-常用公服设施点/SHP/上海市_充电站.shp"},"geometry":{"type":"Point","coordinates":[121.472029,31.220828]}},{"id":"90","type":"Feature","properties":{"id":"B0FFH8XPJZ","name":"国家电网汽车充电站(上海黄浦区太平桥电动汽车充电点)","address":"自忠路170号太平桥地下车库","type":"汽车服务;充电站;充电站","typecode":"011100","pcode":310000,"pname":"上海市","citycode":21,"cityname":"上海市","adcode":310101,"adname":"黄浦区","business_a":"淮海路","location":"121.476738,31.218949","tel":"4000185522","bigType":"汽车服务","midType":"充电站","smallType":"充电站","gcj_lng":121.476738,"gcj_lat":31.218949,"wgs84_loc":"121.472226,31.220905","wgs84Lng":"121.472226","wgs84Lat":"31.220905","__source_file__":"13-常用公服设施点/SHP/上海市_充电站.shp"},"geometry":{"type":"Point","coordinates":[121.472226,31.220905]}},{"id":"159","type":"Feature","properties":{"id":"B0HG15TU2P","name":"国家电网充电站(黄浦湖滨道电动汽车)","address":"湖滨路250号","type":"汽车服务;充电站;充电站","typecode":"011100","pcode":310000,"pname":"上海市","citycode":21,"cityname":"上海市","adcode":310101,"adname":"黄浦区","business_a":"淮海路","location":"121.477444,31.220158","tel":"[]","bigType":"汽车服务","midType":"充电站","smallType":"充电站","gcj_lng":121.477444,"gcj_lat":31.220158,"wgs84_loc":"121.472934,31.222115","wgs84Lng":"121.472934","wgs84Lat":"31.222115","__source_file__":"13-常用公服设施点/SHP/上海市_充电站.shp"},"geometry":{"type":"Point","coordinates":[121.472934,31.222115]}},{"id":"95","type":"Feature","properties":{"id":"B0FFIMXCES","name":"国家电网汽车充电站(上海黄浦区企业天地电动汽车充电站)","address":"湖滨路150号企业天地2期地下三层停车场","type":"汽车服务;充电站;充电站","typecode":"011100","pcode":310000,"pname":"上海市","citycode":21,"cityname":"上海市","adcode":310101,"adname":"黄浦区","business_a":"淮海路","location":"121.477303,31.220921","tel":"4006657666","bigType":"汽车服务","midType":"充电站","smallType":"充电站","gcj_lng":121.477303,"gcj_lat":31.220921,"wgs84_loc":"121.472793,31.222878","wgs84Lng":"121.472793","wgs84Lat":"31.222878","__source_file__":"13-常用公服设施点/SHP/上海市_充电站.shp"},"geometry":{"type":"Point","coordinates":[121.472793,31.222878]}},{"id":"195","type":"Feature","properties":{"id":"B0H2G7UMMK","name":"开迈斯充电站(无限极荟购物中心)","address":"湖滨路168号地下B3层","type":"汽车服务;充电站;充电站","typecode":"011100","pcode":310000,"pname":"上海市","citycode":21,"cityname":"上海市","adcode":310101,"adname":"黄浦区","business_a":"淮海路","location":"121.477896,31.221030","tel":"[]","bigType":"汽车服务","midType":"充电站","smallType":"充电站","gcj_lng":121.477896,"gcj_lat":31.22103,"wgs84_loc":"121.473388,31.222988","wgs84Lng":"121.473388","wgs84Lat":"31.222988","__source_file__":"13-常用公服设施点/SHP/上海市_充电站.shp"},"geometry":{"type":"Point","coordinates":[121.473388,31.222988]}},{"id":"104","type":"Feature","properties":{"id":"B0HBOXMG9Y","name":"国家电网汽车充电站(上海黄浦区领展企业广场B2电动汽车充电站)","address":"湖滨路222号B1层","type":"汽车服务;充电站;充电站","typecode":"011100","pcode":310000,"pname":"上海市","citycode":21,"cityname":"上海市","adcode":310101,"adname":"黄浦区","business_a":"淮海路","location":"121.476059,31.221184","tel":"4000185522","bigType":"汽车服务","midType":"充电站","smallType":"充电站","gcj_lng":121.476059,"gcj_lat":31.221184,"wgs84_loc":"121.471544,31.223137","wgs84Lng":"121.471544","wgs84Lat":"31.223137","__source_file__":"13-常用公服设施点/SHP/上海市_充电站.shp"},"geometry":{"type":"Point","coordinates":[121.471544,31.223137]}},{"id":"100","type":"Feature","properties":{"id":"B0FFL6YO8A","name":"国家电网汽车充电站(上海黄浦区领展企业广场B1电动汽车充电站)","address":"湖滨路222号B2层","type":"汽车服务;充电站;充电站","typecode":"011100","pcode":310000,"pname":"上海市","citycode":21,"cityname":"上海市","adcode":310101,"adname":"黄浦区","business_a":"淮海路","location":"121.475936,31.221313","tel":"4000185522","bigType":"汽车服务","midType":"充电站","smallType":"充电站","gcj_lng":121.475936,"gcj_lat":31.221313,"wgs84_loc":"121.471421,31.223266","wgs84Lng":"121.471421","wgs84Lat":"31.223266","__source_file__":"13-常用公服设施点/SHP/上海市_充电站.shp"},"geometry":{"type":"Point","coordinates":[121.471421,31.223266]}},{"id":"172","type":"Feature","properties":{"id":"B0HGJZHBD4","name":"特来电充电站(上海新天地湖滨道购物中心)","address":"湖滨路150号","type":"汽车服务;充电站;充电站","typecode":"011100","pcode":310000,"pname":"上海市","citycode":21,"cityname":"上海市","adcode":310101,"adname":"黄浦区","business_a":"淮海路","location":"121.478866,31.221450","tel":"4001300001","bigType":"汽车服务","midType":"充电站","smallType":"充电站","gcj_lng":121.478866,"gcj_lat":31.22145,"wgs84_loc":"121.474361,31.223411","wgs84Lng":"121.474361","wgs84Lat":"31.223411","__source_file__":"13-常用公服设施点/SHP/上海市_充电站.shp"},"geometry":{"type":"Point","coordinates":[121.474361,31.223411]}},{"id":"48","type":"Feature","properties":{"id":"B0FFGI1WV3","name":"汽车充电站(香港广场)","address":"淮海中路283号香港广场停车场内","type":"汽车服务;充电站;充电站","typecode":"011100","pcode":310000,"pname":"上海市","citycode":21,"cityname":"上海市","adcode":310101,"adname":"黄浦区","business_a":"淮海路","location":"121.475555,31.222770","tel":"[]","bigType":"汽车服务","midType":"充电站","smallType":"充电站","gcj_lng":121.475555,"gcj_lat":31.22277,"wgs84_loc":"121.471039,31.224721","wgs84Lng":"121.471039","wgs84Lat":"31.224721","__source_file__":"13-常用公服设施点/SHP/上海市_充电站.shp"},"geometry":{"type":"Point","coordinates":[121.471039,31.224721]}},{"id":"167","type":"Feature","properties":{"id":"B0GUO54ATN","name":"特来电充电站(上海永银大厦)","address":"桃源路85号","type":"汽车服务;充电站;充电站","typecode":"011100","pcode":310000,"pname":"上海市","citycode":21,"cityname":"上海市","adcode":310101,"adname":"黄浦区","business_a":"淮海路","location":"121.480575,31.223825","tel":"[]","bigType":"汽车服务","midType":"充电站","smallType":"充电站","gcj_lng":121.480575,"gcj_lat":31.223825,"wgs84_loc":"121.476075,31.22579","wgs84Lng":"121.476075","wgs84Lat":"31.22579","__source_file__":"13-常用公服设施点/SHP/上海市_充电站.shp"},"geometry":{"type":"Point","coordinates":[121.476075,31.22579]}},{"id":"72","type":"Feature","properties":{"id":"B0FFMG105K","name":"星星充电汽车充电站(力宝广场)","address":"淮海中路222号(地下停车B207-12、B20-21)","type":"汽车服务;充电站;充电站","typecode":"011100","pcode":310000,"pname":"上海市","citycode":21,"cityname":"上海市","adcode":310101,"adname":"黄浦区","business_a":"北京东路","location":"121.476109,31.224279","tel":"4008280768","bigType":"汽车服务","midType":"充电站","smallType":"充电站","gcj_lng":121.476109,"gcj_lat":31.224279,"wgs84_loc":"121.471594,31.226231","wgs84Lng":"121.471594","wgs84Lat":"31.226231","__source_file__":"13-常用公服设施点/SHP/上海市_充电站.shp"},"geometry":{"type":"Point","coordinates":[121.471594,31.226231]}},{"id":"171","type":"Feature","properties":{"id":"B0HGZH2850","name":"法斯特充电站(力宝广场)","address":"淮海中路222号力宝广场B2","type":"汽车服务;充电站;充电站","typecode":"011100","pcode":310000,"pname":"上海市","citycode":21,"cityname":"上海市","adcode":310101,"adname":"黄浦区","business_a":"北京东路","location":"121.475942,31.224370","tel":"[]","bigType":"汽车服务","midType":"充电站","smallType":"充电站","gcj_lng":121.475942,"gcj_lat":31.22437,"wgs84_loc":"121.471427,31.226321","wgs84Lng":"121.471427","wgs84Lat":"31.226321","__source_file__":"13-常用公服设施点/SHP/上海市_充电站.shp"},"geometry":{"type":"Point","coordinates":[121.471427,31.226321]}},{"id":"77","type":"Feature","properties":{"id":"B0HGR5NW1I","name":"星星充电汽车充电站(星星充电力宝广场)","address":"淮海中路282号北座B3层下半区(嵩山路入口)","type":"汽车服务;充电站;充电站","typecode":"011100","pcode":310000,"pname":"上海市","citycode":21,"cityname":"上海市","adcode":310101,"adname":"黄浦区","business_a":"北京东路","location":"121.475513,31.224470","tel":"4008280768","bigType":"汽车服务","midType":"充电站","smallType":"充电站","gcj_lng":121.475513,"gcj_lat":31.22447,"wgs84_loc":"121.470996,31.22642","wgs84Lng":"121.470996","wgs84Lat":"31.22642","__source_file__":"13-常用公服设施点/SHP/上海市_充电站.shp"},"geometry":{"type":"Point","coordinates":[121.470996,31.22642]}},{"id":"79","type":"Feature","properties":{"id":"B0H2Z5BDNO","name":"星星充电汽车充电站(星星充电上海广场)","address":"淮海中路街道普安路上海广场","type":"汽车服务;充电站;充电站","typecode":"011100","pcode":310000,"pname":"上海市","citycode":21,"cityname":"上海市","adcode":310101,"adname":"黄浦区","business_a":"北京东路","location":"121.477409,31.224674","tel":"4008280768","bigType":"汽车服务","midType":"充电站","smallType":"充电站","gcj_lng":121.477409,"gcj_lat":31.224674,"wgs84_loc":"121.472899,31.226629","wgs84Lng":"121.472899","wgs84Lat":"31.226629","__source_file__":"13-常用公服设施点/SHP/上海市_充电站.shp"},"geometry":{"type":"Point","coordinates":[121.472899,31.226629]}},{"id":"93","type":"Feature","properties":{"id":"B0FFHU2C74","name":"国家电网汽车充电站(上海黄浦区大上海时代广场电动汽车充电站)","address":"淮海中路93号","type":"汽车服务;充电站;充电站","typecode":"011100","pcode":310000,"pname":"上海市","citycode":21,"cityname":"上海市","adcode":310101,"adname":"黄浦区","business_a":"淮海路","location":"121.479002,31.224950","tel":"13601777304","bigType":"汽车服务","midType":"充电站","smallType":"充电站","gcj_lng":121.479002,"gcj_lat":31.22495,"wgs84_loc":"121.474497,31.22691","wgs84Lng":"121.474497","wgs84Lat":"31.22691","__source_file__":"13-常用公服设施点/SHP/上海市_充电站.shp"},"geometry":{"type":"Point","coordinates":[121.474497,31.22691]}},{"id":"4736","type":"Feature","properties":{"id":"B0IG1CGRX8","name":"国家电网汽车充电站(上海市黄浦区柳林大厦公共充电站)","address":"淮海中路1号","type":"汽车服务;充电站;充电站","typecode":"011100","pcode":310000,"pname":"上海市","citycode":21,"cityname":"上海市","adcode":310101,"adname":"黄浦区","business_a":"淮海路","location":"121.480064,31.224998","tel":"[]","bigType":"汽车服务","midType":"充电站","smallType":"充电站","gcj_lng":121.480064,"gcj_lat":31.224998,"wgs84_loc":"121.475563,31.226961","wgs84Lng":"121.475563","wgs84Lat":"31.226961","__source_file__":"13-常用公服设施点/SHP/上海市_充电站.shp"},"geometry":{"type":"Point","coordinates":[121.475563,31.226961]}},{"id":"135","type":"Feature","properties":{"id":"B0FFK7CTU8","name":"依威能源汽车充电站(柳林大厦)","address":"淮海中路1号柳林大厦","type":"汽车服务;充电站;充电站","typecode":"011100","pcode":310000,"pname":"上海市","citycode":21,"cityname":"上海市","adcode":310101,"adname":"黄浦区","business_a":"淮海路","location":"121.480074,31.225037","tel":"4001800910","bigType":"汽车服务","midType":"充电站","smallType":"充电站","gcj_lng":121.480074,"gcj_lat":31.225037,"wgs84_loc":"121.475573,31.227","wgs84Lng":"121.475573","wgs84Lat":"31.227","__source_file__":"13-常用公服设施点/SHP/上海市_充电站.shp"},"geometry":{"type":"Point","coordinates":[121.475573,31.227]}},{"id":"47","type":"Feature","properties":{"id":"B0G0MRMWJD","name":"汽车充电站(恒积大厦站)","address":"淮海中路99号","type":"汽车服务;充电站;充电站","typecode":"011100","pcode":310000,"pname":"上海市","citycode":21,"cityname":"上海市","adcode":310101,"adname":"黄浦区","business_a":"淮海路","location":"121.480717,31.225147","tel":"[]","bigType":"汽车服务","midType":"充电站","smallType":"充电站","gcj_lng":121.480717,"gcj_lat":31.225147,"wgs84_loc":"121.476218,31.227111","wgs84Lng":"121.476218","wgs84Lat":"31.227111","__source_file__":"13-常用公服设施点/SHP/上海市_充电站.shp"},"geometry":{"type":"Point","coordinates":[121.476218,31.227111]}},{"id":"6721","type":"Feature","properties":{"id":"B0J0746SK7","name":"小桔充电汽车充电站(上海广场充电站)","address":"上海广场地下停车场(大世界地铁站3号口步行200米)","type":"汽车服务;充电站;充电站","typecode":"011100","pcode":310000,"pname":"上海市","citycode":21,"cityname":"上海市","adcode":310101,"adname":"黄浦区","business_a":"淮海路","location":"121.477874,31.225183","tel":"4000610999","bigType":"汽车服务","midType":"充电站","smallType":"充电站","gcj_lng":121.477874,"gcj_lat":31.225183,"wgs84_loc":"121.473365,31.227139","wgs84Lng":"121.473365","wgs84Lat":"31.227139","__source_file__":"13-常用公服设施点/SHP/上海市_充电站.shp"},"geometry":{"type":"Point","coordinates":[121.473365,31.227139]}},{"id":"4735","type":"Feature","properties":{"id":"B0IG1CGRYM","name":"国家电网汽车充电站(上海市黄浦区上海广场公共充电站)","address":"淮海中路138号","type":"汽车服务;充电站;充电站","typecode":"011100","pcode":310000,"pname":"上海市","citycode":21,"cityname":"上海市","adcode":310101,"adname":"黄浦区","business_a":"北京东路","location":"121.477875,31.225183","tel":"[]","bigType":"汽车服务","midType":"充电站","smallType":"充电站","gcj_lng":121.477875,"gcj_lat":31.225183,"wgs84_loc":"121.473366,31.227139","wgs84Lng":"121.473366","wgs84Lat":"31.227139","__source_file__":"13-常用公服设施点/SHP/上海市_充电站.shp"},"geometry":{"type":"Point","coordinates":[121.473366,31.227139]}},{"id":"6636","type":"Feature","properties":{"id":"B0JRA5F6RO","name":"国家电网汽车充电站(上海市黄浦区成巨停车场有序)","address":"瑞金二路街道成都南路延中公园地下停车场143(东北角)","type":"汽车服务;充电站;充电站","typecode":"011100","pcode":310000,"pname":"上海市","citycode":21,"cityname":"上海市","adcode":310101,"adname":"黄浦区","business_a":"淮海路","location":"121.467424,31.223055","tel":"13062825020","bigType":"汽车服务","midType":"充电站","smallType":"充电站","gcj_lng":121.467424,"gcj_lat":31.223055,"wgs84_loc":"121.462882,31.224984","wgs84Lng":"121.462882","wgs84Lat":"31.224984","__source_file__":"13-常用公服设施点/SHP/上海市_充电站.shp"},"geometry":{"type":"Point","coordinates":[121.462882,31.224984]}},{"id":"201","type":"Feature","properties":{"id":"B0FFIB96O7","name":"特斯拉超级充电站(上海K11购物艺术中心站)","address":"淮海中路300号K11购物艺术中心F7","type":"汽车服务;充电站;充电站","typecode":"011100","pcode":310000,"pname":"上海市","citycode":21,"cityname":"上海市","adcode":310101,"adname":"黄浦区","business_a":"淮海路","location":"121.473652,31.223446","tel":"[]","bigType":"汽车服务","midType":"充电站","smallType":"充电站","gcj_lng":121.473652,"gcj_lat":31.223446,"wgs84_loc":"121.469129,31.225391","wgs84Lng":"121.469129","wgs84Lat":"31.225391","__source_file__":"13-常用公服设施点/SHP/上海市_充电站.shp"},"geometry":{"type":"Point","coordinates":[121.469129,31.225391]}},{"id":"51","type":"Feature","properties":{"id":"B0FFJL8QML","name":"充电队长汽车充电站(香港广场)","address":"淮海中路282号","type":"汽车服务;充电站;充电站","typecode":"011100","pcode":310000,"pname":"上海市","citycode":21,"cityname":"上海市","adcode":310101,"adname":"黄浦区","business_a":"淮海路","location":"121.474469,31.223500","tel":"4001037759","bigType":"汽车服务","midType":"充电站","smallType":"充电站","gcj_lng":121.474469,"gcj_lat":31.2235,"wgs84_loc":"121.469949,31.225448","wgs84Lng":"121.469949","wgs84Lat":"31.225448","__source_file__":"13-常用公服设施点/SHP/上海市_充电站.shp"},"geometry":{"type":"Point","coordinates":[121.469949,31.225448]}},{"id":"110","type":"Feature","properties":{"id":"B0HKFO2KZR","name":"上海玖行瑜珩汽车充电站(黄浦香港广场北区B3)","address":"淮海中路282号北座B3层下半区(嵩山路入口)","type":"汽车服务;充电站;充电站","typecode":"011100","pcode":310000,"pname":"上海市","citycode":21,"cityname":"上海市","adcode":310101,"adname":"黄浦区","business_a":"淮海路","location":"121.474660,31.223560","tel":"021-59923613","bigType":"汽车服务","midType":"充电站","smallType":"充电站","gcj_lng":121.47466,"gcj_lat":31.22356,"wgs84_loc":"121.470141,31.225508","wgs84Lng":"121.470141","wgs84Lat":"31.225508","__source_file__":"13-常用公服设施点/SHP/上海市_充电站.shp"},"geometry":{"type":"Point","coordinates":[121.470141,31.225508]}},{"id":"182","type":"Feature","properties":{"id":"B0H17C5YY8","name":"保时捷超级充电站(上海K11)","address":"淮海中路300号","type":"汽车服务;充电站;充电站","typecode":"011100","pcode":310000,"pname":"上海市","citycode":21,"cityname":"上海市","adcode":310101,"adname":"黄浦区","business_a":"北京东路","location":"121.473522,31.223829","tel":"4008280768","bigType":"汽车服务","midType":"充电站","smallType":"充电站","gcj_lng":121.473522,"gcj_lat":31.223829,"wgs84_loc":"121.468999,31.225774","wgs84Lng":"121.468999","wgs84Lat":"31.225774","__source_file__":"13-常用公服设施点/SHP/上海市_充电站.shp"},"geometry":{"type":"Point","coordinates":[121.468999,31.225774]}},{"id":"5836","type":"Feature","properties":{"id":"B0IA2R5RWF","name":"保时捷汽车充电站(上海K11保时捷超级充电站)","address":"淮海中路300号K11购物艺术中心8层","type":"汽车服务;充电站;充电站","typecode":"011100","pcode":310000,"pname":"上海市","citycode":21,"cityname":"上海市","adcode":310101,"adname":"黄浦区","business_a":"北京东路","location":"121.473715,31.223908","tel":"[]","bigType":"汽车服务","midType":"充电站","smallType":"充电站","gcj_lng":121.473715,"gcj_lat":31.223908,"wgs84_loc":"121.469193,31.225853","wgs84Lng":"121.469193","wgs84Lat":"31.225853","__source_file__":"13-常用公服设施点/SHP/上海市_充电站.shp"},"geometry":{"type":"Point","coordinates":[121.469193,31.225853]}},{"id":"42","type":"Feature","properties":{"id":"B0HA2ZQDSE","name":"宝马充电站(宝马站金外滩宾馆)","address":"广东路525号","type":"汽车服务;充电站;充电站","typecode":"011100","pcode":310000,"pname":"上海市","citycode":21,"cityname":"上海市","adcode":310101,"adname":"黄浦区","business_a":"北京东路","location":"121.474944,31.226055","tel":"[]","bigType":"汽车服务","midType":"充电站","smallType":"充电站","gcj_lng":121.474944,"gcj_lat":31.226055,"wgs84_loc":"121.470425,31.228003","wgs84Lng":"121.470425","wgs84Lat":"31.228003","__source_file__":"13-常用公服设施点/SHP/上海市_充电站.shp"},"geometry":{"type":"Point","coordinates":[121.470425,31.228003]}},{"id":"151","type":"Feature","properties":{"id":"B0FFH10P4F","name":"依威能源汽车充电站(威海苑)","address":"重庆北路318号威海苑","type":"汽车服务;充电站;充电站","typecode":"011100","pcode":310000,"pname":"上海市","citycode":21,"cityname":"上海市","adcode":310101,"adname":"黄浦区","business_a":"淮海路","location":"121.469240,31.228690","tel":"4001800910","bigType":"汽车服务","midType":"充电站","smallType":"充电站","gcj_lng":121.46924,"gcj_lat":31.22869,"wgs84_loc":"121.464703,31.230621","wgs84Lng":"121.464703","wgs84Lat":"31.230621","__source_file__":"13-常用公服设施点/SHP/上海市_充电站.shp"},"geometry":{"type":"Point","coordinates":[121.464703,31.230621]}},{"id":"88","type":"Feature","properties":{"id":"B0FFH8XPU0","name":"国家电网汽车充电站(上海黄浦区中区广场电动汽车充电站)","address":"黄陂北路227号中区广场地下一层及地下二层停车场","type":"汽车服务;充电站;充电站","typecode":"011100","pcode":310000,"pname":"上海市","citycode":21,"cityname":"上海市","adcode":310101,"adname":"黄浦区","business_a":"北京东路","location":"121.470076,31.229254","tel":"4000185522","bigType":"汽车服务","midType":"充电站","smallType":"充电站","gcj_lng":121.470076,"gcj_lat":31.229254,"wgs84_loc":"121.465541,31.231187","wgs84Lng":"121.465541","wgs84Lat":"31.231187","__source_file__":"13-常用公服设施点/SHP/上海市_充电站.shp"},"geometry":{"type":"Point","coordinates":[121.465541,31.231187]}},{"id":"147","type":"Feature","properties":{"id":"B0FFKF9HEH","name":"依威能源汽车充电站(上海大剧院)","address":"人民大道300号上海大剧院","type":"汽车服务;充电站;充电站","typecode":"011100","pcode":310000,"pname":"上海市","citycode":21,"cityname":"上海市","adcode":310101,"adname":"黄浦区","business_a":"淮海路","location":"121.472616,31.229442","tel":"4001800910","bigType":"汽车服务","midType":"充电站","smallType":"充电站","gcj_lng":121.472616,"gcj_lat":31.229442,"wgs84_loc":"121.46809,31.231382","wgs84Lng":"121.46809","wgs84Lat":"31.231382","__source_file__":"13-常用公服设施点/SHP/上海市_充电站.shp"},"geometry":{"type":"Point","coordinates":[121.46809,31.231382]}},{"id":"66","type":"Feature","properties":{"id":"B0FFHEZQXV","name":"安悦充电汽车充电站(明天广场b2层)","address":"南京西路399号","type":"汽车服务;充电站;充电站","typecode":"011100","pcode":310000,"pname":"上海市","citycode":21,"cityname":"上海市","adcode":310101,"adname":"黄浦区","business_a":"北京东路","location":"121.469978,31.230333","tel":"4009219000","bigType":"汽车服务","midType":"充电站","smallType":"充电站","gcj_lng":121.469978,"gcj_lat":31.230333,"wgs84_loc":"121.465443,31.232265","wgs84Lng":"121.465443","wgs84Lat":"31.232265","__source_file__":"13-常用公服设施点/SHP/上海市_充电站.shp"},"geometry":{"type":"Point","coordinates":[121.465443,31.232265]}},{"id":"120","type":"Feature","properties":{"id":"B0FFI8VYTA","name":"上汽安悦充电汽车充电站(明天广场b2层)","address":"黄陂北路309号附近","type":"汽车服务;充电站;充电站","typecode":"011100","pcode":310000,"pname":"上海市","citycode":21,"cityname":"上海市","adcode":310101,"adname":"黄浦区","business_a":"北京东路","location":"121.469978,31.230333","tel":"[]","bigType":"汽车服务","midType":"充电站","smallType":"充电站","gcj_lng":121.469978,"gcj_lat":31.230333,"wgs84_loc":"121.465443,31.232265","wgs84Lng":"121.465443","wgs84Lat":"31.232265","__source_file__":"13-常用公服设施点/SHP/上海市_充电站.shp"},"geometry":{"type":"Point","coordinates":[121.465443,31.232265]}},{"id":"4734","type":"Feature","properties":{"id":"B0IBM6GRKA","name":"云快充汽车充电站(百欣充电站)","address":"南京西路555号","type":"汽车服务;充电站;充电站","typecode":"011100","pcode":310000,"pname":"上海市","citycode":21,"cityname":"上海市","adcode":310106,"adname":"静安区","business_a":"淮海路","location":"121.466442,31.230581","tel":"4008288517","bigType":"汽车服务","midType":"充电站","smallType":"充电站","gcj_lng":121.466442,"gcj_lat":31.230581,"wgs84_loc":"121.461896,31.232504","wgs84Lng":"121.461896","wgs84Lat":"31.232504","__source_file__":"13-常用公服设施点/SHP/上海市_充电站.shp"},"geometry":{"type":"Point","coordinates":[121.461896,31.232504]}},{"id":"65","type":"Feature","properties":{"id":"B0FFH91G80","name":"安悦充电汽车充电站(南京西路站)","address":"南京西路12号附近","type":"汽车服务;充电站;充电站","typecode":"011100","pcode":310000,"pname":"上海市","citycode":21,"cityname":"上海市","adcode":310101,"adname":"黄浦区","business_a":"淮海路","location":"121.469023,31.230667","tel":"4009219000","bigType":"汽车服务","midType":"充电站","smallType":"充电站","gcj_lng":121.469023,"gcj_lat":31.230667,"wgs84_loc":"121.464485,31.232597","wgs84Lng":"121.464485","wgs84Lat":"31.232597","__source_file__":"13-常用公服设施点/SHP/上海市_充电站.shp"},"geometry":{"type":"Point","coordinates":[121.464485,31.232597]}},{"id":"5835","type":"Feature","properties":{"id":"B0IA2C7ISY","name":"-保时捷汽车充电站(上海浦西保时捷充电站)","address":"南京东路街道南京西路388号仙乐斯广场地面车位01-02","type":"汽车服务;充电站;充电站","typecode":"011100","pcode":310000,"pname":"上海市","citycode":21,"cityname":"上海市","adcode":310101,"adname":"黄浦区","business_a":"北京东路","location":"121.468914,31.230672","tel":"[]","bigType":"汽车服务","midType":"充电站","smallType":"充电站","gcj_lng":121.468914,"gcj_lat":31.230672,"wgs84_loc":"121.464376,31.232601","wgs84Lng":"121.464376","wgs84Lat":"31.232601","__source_file__":"13-常用公服设施点/SHP/上海市_充电站.shp"},"geometry":{"type":"Point","coordinates":[121.464376,31.232601]}},{"id":"5839","type":"Feature","properties":{"id":"B0IAFS7XFC","name":"保时捷汽车充电站(上海明天广场保时捷超级充电站)","address":"南京西路341号上海明天广场地面停车场入口","type":"汽车服务;充电站;充电站","typecode":"011100","pcode":310000,"pname":"上海市","citycode":21,"cityname":"上海市","adcode":310101,"adname":"黄浦区","business_a":"淮海路","location":"121.468859,31.230736","tel":"[]","bigType":"汽车服务","midType":"充电站","smallType":"充电站","gcj_lng":121.468859,"gcj_lat":31.230736,"wgs84_loc":"121.46432,31.232665","wgs84Lng":"121.46432","wgs84Lat":"31.232665","__source_file__":"13-常用公服设施点/SHP/上海市_充电站.shp"},"geometry":{"type":"Point","coordinates":[121.46432,31.232665]}},{"id":"183","type":"Feature","properties":{"id":"B0H1LSHEJQ","name":"保时捷超级充电站(上海明天广场)","address":"南京西路341号上海明天广场地面停车场入口","type":"汽车服务;充电站;充电站","typecode":"011100","pcode":310000,"pname":"上海市","citycode":21,"cityname":"上海市","adcode":310101,"adname":"黄浦区","business_a":"淮海路","location":"121.468935,31.230758","tel":"4006910911","bigType":"汽车服务","midType":"充电站","smallType":"充电站","gcj_lng":121.468935,"gcj_lat":31.230758,"wgs84_loc":"121.464397,31.232687","wgs84Lng":"121.464397","wgs84Lat":"31.232687","__source_file__":"13-常用公服设施点/SHP/上海市_充电站.shp"},"geometry":{"type":"Point","coordinates":[121.464397,31.232687]}},{"id":"6","type":"Feature","properties":{"id":"B0H1LSHEJQ","name":"保时捷汽车充电站(上海明天广场保时捷超级充电站)","address":"南京西路341号上海明天广场地面停车场入口","type":"汽车服务;充电站;充电站","typecode":"011100","pcode":310000,"pname":"上海市","citycode":21,"cityname":"上海市","adcode":310101,"adname":"黄浦区","business_a":"北京路","location":"121.468935,31.230758","tel":"4006910911","bigType":"汽车服务","midType":"充电站","smallType":"充电站","gcj_lng":121.468935,"gcj_lat":31.230758,"wgs84_loc":"121.464397,31.232687","wgs84Lng":"121.464397","wgs84Lat":"31.232687","__source_file__":"13-常用公服设施点/SHP/上海市_充电站.shp"},"geometry":{"type":"Point","coordinates":[121.464397,31.232687]}},{"id":"6723","type":"Feature","properties":{"id":"B0KRPG88CO","name":"小桔充电汽车充电站(仙乐斯广场)","address":"南京东路街道南京西路仙乐斯广场写字楼B2层,048-064车位","type":"汽车服务;充电站;充电站","typecode":"011100","pcode":310000,"pname":"上海市","citycode":21,"cityname":"上海市","adcode":310101,"adname":"黄浦区","business_a":"北京路","location":"121.468853,31.231122","tel":"4000610999","bigType":"汽车服务","midType":"充电站","smallType":"充电站","gcj_lng":121.468853,"gcj_lat":31.231122,"wgs84_loc":"121.464314,31.233051","wgs84Lng":"121.464314","wgs84Lat":"31.233051","__source_file__":"13-常用公服设施点/SHP/上海市_充电站.shp"},"geometry":{"type":"Point","coordinates":[121.464314,31.233051]}},{"id":"67","type":"Feature","properties":{"id":"B0H1USVH6N","name":"保时捷汽车充电站(仙乐斯广场)","address":"南京西路388号","type":"汽车服务;充电站;充电站","typecode":"011100","pcode":310000,"pname":"上海市","citycode":21,"cityname":"上海市","adcode":310101,"adname":"黄浦区","business_a":"北京东路","location":"121.468533,31.231691","tel":"4001300001","bigType":"汽车服务","midType":"充电站","smallType":"充电站","gcj_lng":121.468533,"gcj_lat":31.231691,"wgs84_loc":"121.463993,31.233619","wgs84Lng":"121.463993","wgs84Lat":"31.233619","__source_file__":"13-常用公服设施点/SHP/上海市_充电站.shp"},"geometry":{"type":"Point","coordinates":[121.463993,31.233619]}},{"id":"54","type":"Feature","properties":{"id":"B0FFJH9YMS","name":"安悦汽车充电站(东海商业中心2期)","address":"广西北路与延安东路辅路交叉口北约60米","type":"汽车服务;充电站;充电站","typecode":"011100","pcode":310000,"pname":"上海市","citycode":21,"cityname":"上海市","adcode":310101,"adname":"黄浦区","business_a":"北京东路","location":"121.480090,31.230140","tel":"[]","bigType":"汽车服务","midType":"充电站","smallType":"充电站","gcj_lng":121.48009,"gcj_lat":31.23014,"wgs84_loc":"121.475588,31.2321","wgs84Lng":"121.475588","wgs84Lat":"31.2321","__source_file__":"13-常用公服设施点/SHP/上海市_充电站.shp"},"geometry":{"type":"Point","coordinates":[121.475588,31.2321]}},{"id":"150","type":"Feature","properties":{"id":"B0FFL34TRX","name":"依威能源汽车充电站(东海商业中心)","address":"延安东路618号东海商业中心","type":"汽车服务;充电站;充电站","typecode":"011100","pcode":310000,"pname":"上海市","citycode":21,"cityname":"上海市","adcode":310101,"adname":"黄浦区","business_a":"淮海路","location":"121.480099,31.230270","tel":"4001800910","bigType":"汽车服务","midType":"充电站","smallType":"充电站","gcj_lng":121.480099,"gcj_lat":31.23027,"wgs84_loc":"121.475597,31.23223","wgs84Lng":"121.475597","wgs84Lat":"31.23223","__source_file__":"13-常用公服设施点/SHP/上海市_充电站.shp"},"geometry":{"type":"Point","coordinates":[121.475597,31.23223]}},{"id":"169","type":"Feature","properties":{"id":"B0G2BUALHK","name":"特来电充电站(上海海通证券大厦)","address":"广东路689号2906室","type":"汽车服务;充电站;充电站","typecode":"011100","pcode":310000,"pname":"上海市","citycode":21,"cityname":"上海市","adcode":310101,"adname":"黄浦区","business_a":"北京东路","location":"121.479035,31.230499","tel":"[]","bigType":"汽车服务","midType":"充电站","smallType":"充电站","gcj_lng":121.479035,"gcj_lat":31.230499,"wgs84_loc":"121.47453,31.232456","wgs84Lng":"121.47453","wgs84Lat":"31.232456","__source_file__":"13-常用公服设施点/SHP/上海市_充电站.shp"},"geometry":{"type":"Point","coordinates":[121.47453,31.232456]}},{"id":"190","type":"Feature","properties":{"id":"B0FFLDA8ZY","name":"星星充电充电站(黄浦区海洋大厦站)","address":"延安东路550号海洋大厦停车场","type":"汽车服务;充电站;充电站","typecode":"011100","pcode":310000,"pname":"上海市","citycode":21,"cityname":"上海市","adcode":310101,"adname":"黄浦区","business_a":"北京东路","location":"121.481522,31.230934","tel":"[]","bigType":"汽车服务","midType":"充电站","smallType":"充电站","gcj_lng":121.481522,"gcj_lat":31.230934,"wgs84_loc":"121.477025,31.232898","wgs84Lng":"121.477025","wgs84Lat":"31.232898","__source_file__":"13-常用公服设施点/SHP/上海市_充电站.shp"},"geometry":{"type":"Point","coordinates":[121.477025,31.232898]}},{"id":"78","type":"Feature","properties":{"id":"B0HKO1O18F","name":"星星充电汽车充电站(星星充电海洋大厦)","address":"延安东路550号海洋大厦停车场","type":"汽车服务;充电站;充电站","typecode":"011100","pcode":310000,"pname":"上海市","citycode":21,"cityname":"上海市","adcode":310101,"adname":"黄浦区","business_a":"北京东路","location":"121.481523,31.230937","tel":"4008280768","bigType":"汽车服务","midType":"充电站","smallType":"充电站","gcj_lng":121.481523,"gcj_lat":31.230937,"wgs84_loc":"121.477026,31.232901","wgs84Lng":"121.477026","wgs84Lat":"31.232901","__source_file__":"13-常用公服设施点/SHP/上海市_充电站.shp"},"geometry":{"type":"Point","coordinates":[121.477026,31.232901]}},{"id":"180","type":"Feature","properties":{"id":"B0FFHU2C6Z","name":"国家电网充电站(都市总部大楼B1)","address":"西藏中路168号都市总部大楼B1停车场","type":"汽车服务;充电站;充电站","typecode":"011100","pcode":310000,"pname":"上海市","citycode":21,"cityname":"上海市","adcode":310101,"adname":"黄浦区","business_a":"北京东路","location":"121.477772,31.230986","tel":"4000185522","bigType":"汽车服务","midType":"充电站","smallType":"充电站","gcj_lng":121.477772,"gcj_lat":31.230986,"wgs84_loc":"121.473262,31.232939","wgs84Lng":"121.473262","wgs84Lat":"31.232939","__source_file__":"13-常用公服设施点/SHP/上海市_充电站.shp"},"geometry":{"type":"Point","coordinates":[121.473262,31.232939]}},{"id":"43","type":"Feature","properties":{"id":"B0HAF4SHKC","name":"宝马充电站(宝马站金外滩宾馆)","address":"广东路525号","type":"汽车服务;充电站;充电站","typecode":"011100","pcode":310000,"pname":"上海市","citycode":21,"cityname":"上海市","adcode":310101,"adname":"黄浦区","business_a":"北京东路","location":"121.481576,31.232023","tel":"[]","bigType":"汽车服务","midType":"充电站","smallType":"充电站","gcj_lng":121.481576,"gcj_lat":31.232023,"wgs84_loc":"121.477079,31.233987","wgs84Lng":"121.477079","wgs84Lat":"31.233987","__source_file__":"13-常用公服设施点/SHP/上海市_充电站.shp"},"geometry":{"type":"Point","coordinates":[121.477079,31.233987]}},{"id":"44","type":"Feature","properties":{"id":"B0FFH6D98D","name":"普天新能源汽车充电站(金外滩宾馆)","address":"广东路525号","type":"汽车服务;充电站;充电站","typecode":"011100","pcode":310000,"pname":"上海市","citycode":21,"cityname":"上海市","adcode":310101,"adname":"黄浦区","business_a":"北京东路","location":"121.481578,31.232028","tel":"[]","bigType":"汽车服务","midType":"充电站","smallType":"充电站","gcj_lng":121.481578,"gcj_lat":31.232028,"wgs84_loc":"121.477081,31.233992","wgs84Lng":"121.477081","wgs84Lat":"31.233992","__source_file__":"13-常用公服设施点/SHP/上海市_充电站.shp"},"geometry":{"type":"Point","coordinates":[121.477081,31.233992]}},{"id":"164","type":"Feature","properties":{"id":"B0FFJBC2LH","name":"特来电充电站(上海黄浦来福士广场)","address":"西藏中路268号","type":"汽车服务;充电站;充电站","typecode":"011100","pcode":310000,"pname":"上海市","citycode":21,"cityname":"上海市","adcode":310101,"adname":"黄浦区","business_a":"北京东路","location":"121.476615,31.232450","tel":"4001300001","bigType":"汽车服务","midType":"充电站","smallType":"充电站","gcj_lng":121.476615,"gcj_lat":31.23245,"wgs84_loc":"121.472101,31.234399","wgs84Lng":"121.472101","wgs84Lat":"31.234399","__source_file__":"13-常用公服设施点/SHP/上海市_充电站.shp"},"geometry":{"type":"Point","coordinates":[121.472101,31.234399]}},{"id":"132","type":"Feature","properties":{"id":"B0FFHJZ1BN","name":"普天新能源汽车充电站(来福士广场)","address":"西藏中路268号来福士广场B3","type":"汽车服务;充电站;充电站","typecode":"011100","pcode":310000,"pname":"上海市","citycode":21,"cityname":"上海市","adcode":310101,"adname":"黄浦区","business_a":"北京东路","location":"121.476636,31.233021","tel":"[]","bigType":"汽车服务","midType":"充电站","smallType":"充电站","gcj_lng":121.476636,"gcj_lat":31.233021,"wgs84_loc":"121.472122,31.23497","wgs84Lng":"121.472122","wgs84Lat":"31.23497","__source_file__":"13-常用公服设施点/SHP/上海市_充电站.shp"},"geometry":{"type":"Point","coordinates":[121.472122,31.23497]}},{"id":"446","type":"Feature","properties":{"id":"B0FFJL5R7O","name":"安悦汽车充电站(南京西路)","address":"南京西路595号","type":"汽车服务;充电站;充电站","typecode":"011100","pcode":310000,"pname":"上海市","citycode":21,"cityname":"上海市","adcode":310106,"adname":"静安区","business_a":"淮海路","location":"121.465705,31.230068","tel":"[]","bigType":"汽车服务","midType":"充电站","smallType":"充电站","gcj_lng":121.465705,"gcj_lat":31.230068,"wgs84_loc":"121.461157,31.231989","wgs84Lng":"121.461157","wgs84Lat":"31.231989","__source_file__":"13-常用公服设施点/SHP/上海市_充电站.shp"},"geometry":{"type":"Point","coordinates":[121.461157,31.231989]}},{"id":"1566","type":"Feature","properties":{"id":"B0IBO7LNPE","name":"泰那斯汽车快速充电站","address":"688广场","type":"汽车服务;充电站;充电站","typecode":"011100","pcode":310000,"pname":"上海市","citycode":21,"cityname":"上海市","adcode":310106,"adname":"静安区","business_a":"淮海路","location":"121.464879,31.231013","tel":"[]","bigType":"汽车服务","midType":"充电站","smallType":"充电站","gcj_lng":121.464879,"gcj_lat":31.231013,"wgs84_loc":"121.460328,31.232932","wgs84Lng":"121.460328","wgs84Lat":"31.232932","__source_file__":"13-常用公服设施点/SHP/上海市_充电站.shp"},"geometry":{"type":"Point","coordinates":[121.460328,31.232932]}},{"id":"6463","type":"Feature","properties":{"id":"B0IKXMLMGI","name":"国家电网汽车充电站(上海静安区688广场电动汽车充电站)","address":"南京西路688号地下停车场B2-028(南京西路地铁站5号口步行300米)","type":"汽车服务;充电站;充电站","typecode":"011100","pcode":310000,"pname":"上海市","citycode":21,"cityname":"上海市","adcode":310106,"adname":"静安区","business_a":"淮海路","location":"121.464751,31.231016","tel":"4000185522","bigType":"汽车服务","midType":"充电站","smallType":"充电站","gcj_lng":121.464751,"gcj_lat":31.231016,"wgs84_loc":"121.4602,31.232935","wgs84Lng":"121.4602","wgs84Lat":"31.232935","__source_file__":"13-常用公服设施点/SHP/上海市_充电站.shp"},"geometry":{"type":"Point","coordinates":[121.4602,31.232935]}},{"id":"6658","type":"Feature","properties":{"id":"B0JKDU5V17","name":"凯迪拉克IQ尊享超充站(上海静安瑞吉酒店站)","address":"石门二路街道华敏帝豪大厦上海静安瑞吉酒店B2 A19-A22","type":"汽车服务;充电站;充电站","typecode":"011100","pcode":310000,"pname":"上海市","citycode":21,"cityname":"上海市","adcode":310106,"adname":"静安区","business_a":"淮海路","location":"121.456255,31.231226","tel":"[]","bigType":"汽车服务","midType":"充电站","smallType":"充电站","gcj_lng":121.456255,"gcj_lat":31.231226,"wgs84_loc":"121.45168,31.233124","wgs84Lng":"121.45168","wgs84Lat":"31.233124","__source_file__":"13-常用公服设施点/SHP/上海市_充电站.shp"},"geometry":{"type":"Point","coordinates":[121.45168,31.233124]}},{"id":"1517","type":"Feature","properties":{"id":"B0H6PHQ71Z","name":"特斯拉充电站(上海嘉地中心超级站新国标)","address":"北京西路968号地下停车场B2层","type":"汽车服务;充电站;充电站","typecode":"011100","pcode":310000,"pname":"上海市","citycode":21,"cityname":"上海市","adcode":310106,"adname":"静安区","business_a":"淮海路","location":"121.456401,31.231401","tel":"[]","bigType":"汽车服务","midType":"充电站","smallType":"充电站","gcj_lng":121.456401,"gcj_lat":31.231401,"wgs84_loc":"121.451826,31.233299","wgs84Lng":"121.451826","wgs84Lat":"31.233299","__source_file__":"13-常用公服设施点/SHP/上海市_充电站.shp"},"geometry":{"type":"Point","coordinates":[121.451826,31.233299]}},{"id":"438","type":"Feature","properties":{"id":"B0FFJL5R26","name":"安悦充电汽车充电站(凤阳路F659大厦)","address":"凤阳路659号","type":"汽车服务;充电站;充电站","typecode":"011100","pcode":310000,"pname":"上海市","citycode":21,"cityname":"上海市","adcode":310106,"adname":"静安区","business_a":"淮海路","location":"121.463835,31.231578","tel":"[]","bigType":"汽车服务","midType":"充电站","smallType":"充电站","gcj_lng":121.463835,"gcj_lat":31.231578,"wgs84_loc":"121.459281,31.233494","wgs84Lng":"121.459281","wgs84Lat":"31.233494","__source_file__":"13-常用公服设施点/SHP/上海市_充电站.shp"},"geometry":{"type":"Point","coordinates":[121.459281,31.233494]}},{"id":"1487","type":"Feature","properties":{"id":"B0FFL9BHO4","name":"上海静安区688广场电动汽车充电站(国家电网)","address":"南京西路688号B2","type":"汽车服务;充电站;充电站","typecode":"011100","pcode":310000,"pname":"上海市","citycode":21,"cityname":"上海市","adcode":310106,"adname":"静安区","business_a":"淮海路","location":"121.464391,31.232146","tel":"4000185522","bigType":"汽车服务","midType":"充电站","smallType":"充电站","gcj_lng":121.464391,"gcj_lat":31.232146,"wgs84_loc":"121.459839,31.234063","wgs84Lng":"121.459839","wgs84Lat":"31.234063","__source_file__":"13-常用公服设施点/SHP/上海市_充电站.shp"},"geometry":{"type":"Point","coordinates":[121.459839,31.234063]}},{"id":"454","type":"Feature","properties":{"id":"B0HA1GFHKS","name":"宝马充电站(宝马站御锦轩)","address":"凤阳路601号","type":"汽车服务;充电站;充电站","typecode":"011100","pcode":310000,"pname":"上海市","citycode":21,"cityname":"上海市","adcode":310106,"adname":"静安区","business_a":"淮海路","location":"121.465223,31.232158","tel":"[]","bigType":"汽车服务","midType":"充电站","smallType":"充电站","gcj_lng":121.465223,"gcj_lat":31.232158,"wgs84_loc":"121.460673,31.234077","wgs84Lng":"121.460673","wgs84Lat":"31.234077","__source_file__":"13-常用公服设施点/SHP/上海市_充电站.shp"},"geometry":{"type":"Point","coordinates":[121.460673,31.234077]}},{"id":"514","type":"Feature","properties":{"id":"B0FFJ4VWCM","name":"普天新能源汽车充电站(御锦轩)","address":"凤阳路601号","type":"汽车服务;充电站;充电站","typecode":"011100","pcode":310000,"pname":"上海市","citycode":21,"cityname":"上海市","adcode":310106,"adname":"静安区","business_a":"淮海路","location":"121.465225,31.232162","tel":"[]","bigType":"汽车服务","midType":"充电站","smallType":"充电站","gcj_lng":121.465225,"gcj_lat":31.232162,"wgs84_loc":"121.460675,31.234081","wgs84Lng":"121.460675","wgs84Lat":"31.234081","__source_file__":"13-常用公服设施点/SHP/上海市_充电站.shp"},"geometry":{"type":"Point","coordinates":[121.460675,31.234081]}},{"id":"1490","type":"Feature","properties":{"id":"B0FFH6D988","name":"依威能源充电站(泰兴路)","address":"泰兴路528号中泰大厦","type":"汽车服务;充电站;充电站","typecode":"011100","pcode":310000,"pname":"上海市","citycode":21,"cityname":"上海市","adcode":310106,"adname":"静安区","business_a":"淮海路","location":"121.457246,31.235458","tel":"4001800910","bigType":"汽车服务","midType":"充电站","smallType":"充电站","gcj_lng":121.457246,"gcj_lat":31.235458,"wgs84_loc":"121.452673,31.237356","wgs84Lng":"121.452673","wgs84Lat":"31.237356","__source_file__":"13-常用公服设施点/SHP/上海市_充电站.shp"},"geometry":{"type":"Point","coordinates":[121.452673,31.237356]}},{"id":"1417","type":"Feature","properties":{"id":"B0I6VH75KG","name":"云快充汽车充电站(天安中心)","address":"南京西路338号","type":"汽车服务;充电站;充电站","typecode":"011100","pcode":310000,"pname":"上海市","citycode":21,"cityname":"上海市","adcode":310101,"adname":"黄浦区","business_a":"北京东路","location":"121.469809,31.231910","tel":"4008288517","bigType":"汽车服务","midType":"充电站","smallType":"充电站","gcj_lng":121.469809,"gcj_lat":31.23191,"wgs84_loc":"121.465273,31.233841","wgs84Lng":"121.465273","wgs84Lat":"31.233841","__source_file__":"13-常用公服设施点/SHP/上海市_充电站.shp"},"geometry":{"type":"Point","coordinates":[121.465273,31.233841]}},{"id":"137","type":"Feature","properties":{"id":"B0GK058S7U","name":"国家电网汽车充电站(上海长宁区天安中心大厦B2电动汽车充电站)","address":"南京西路338号","type":"汽车服务;充电站;充电站","typecode":"011100","pcode":310000,"pname":"上海市","citycode":21,"cityname":"上海市","adcode":310101,"adname":"黄浦区","business_a":"北京东路","location":"121.469466,31.231985","tel":"4000185522","bigType":"汽车服务","midType":"充电站","smallType":"充电站","gcj_lng":121.469466,"gcj_lat":31.231985,"wgs84_loc":"121.464929,31.233915","wgs84Lng":"121.464929","wgs84Lat":"31.233915","__source_file__":"13-常用公服设施点/SHP/上海市_充电站.shp"},"geometry":{"type":"Point","coordinates":[121.464929,31.233915]}},{"id":"5834","type":"Feature","properties":{"id":"B0IAL5XBAC","name":"星星充电汽车充电站(创兴金融中心)","address":"南京西路288号地下室B3,B4","type":"汽车服务;充电站;充电站","typecode":"011100","pcode":310000,"pname":"上海市","citycode":21,"cityname":"上海市","adcode":310101,"adname":"黄浦区","business_a":"北京东路","location":"121.470277,31.232322","tel":"4008280768","bigType":"汽车服务","midType":"充电站","smallType":"充电站","gcj_lng":121.470277,"gcj_lat":31.232322,"wgs84_loc":"121.465743,31.234254","wgs84Lng":"121.465743","wgs84Lat":"31.234254","__source_file__":"13-常用公服设施点/SHP/上海市_充电站.shp"},"geometry":{"type":"Point","coordinates":[121.465743,31.234254]}},{"id":"173","type":"Feature","properties":{"id":"B0H3J54E6M","name":"国家电网充电站(鸿祥大厦)","address":"黄河路21号","type":"汽车服务;充电站;充电站","typecode":"011100","pcode":310000,"pname":"上海市","citycode":21,"cityname":"上海市","adcode":310101,"adname":"黄浦区","business_a":"北京东路","location":"121.471007,31.233594","tel":"[]","bigType":"汽车服务","midType":"充电站","smallType":"充电站","gcj_lng":121.471007,"gcj_lat":31.233594,"wgs84_loc":"121.466475,31.235528","wgs84Lng":"121.466475","wgs84Lat":"31.235528","__source_file__":"13-常用公服设施点/SHP/上海市_充电站.shp"},"geometry":{"type":"Point","coordinates":[121.466475,31.235528]}},{"id":"155","type":"Feature","properties":{"id":"B0FFGI1MIK","name":"依威能源汽车充电站(鸿祥大厦B2)","address":"黄河路21号","type":"汽车服务;充电站;充电站","typecode":"011100","pcode":310000,"pname":"上海市","citycode":21,"cityname":"上海市","adcode":310101,"adname":"黄浦区","business_a":"北京东路","location":"121.470961,31.233710","tel":"4001800910","bigType":"汽车服务","midType":"充电站","smallType":"充电站","gcj_lng":121.470961,"gcj_lat":31.23371,"wgs84_loc":"121.466429,31.235643","wgs84Lng":"121.466429","wgs84Lat":"31.235643","__source_file__":"13-常用公服设施点/SHP/上海市_充电站.shp"},"geometry":{"type":"Point","coordinates":[121.466429,31.235643]}},{"id":"1418","type":"Feature","properties":{"id":"B0HG7CLZFS","name":"云快充汽车充电站(新世界城充电站)","address":"南京西路2-88号","type":"汽车服务;充电站;充电站","typecode":"011100","pcode":310000,"pname":"上海市","citycode":21,"cityname":"上海市","adcode":310101,"adname":"黄浦区","business_a":"北京东路","location":"121.473700,31.234724","tel":"4008288517","bigType":"汽车服务","midType":"充电站","smallType":"充电站","gcj_lng":121.4737,"gcj_lat":31.234724,"wgs84_loc":"121.469177,31.236664","wgs84Lng":"121.469177","wgs84Lat":"31.236664","__source_file__":"13-常用公服设施点/SHP/上海市_充电站.shp"},"geometry":{"type":"Point","coordinates":[121.469177,31.236664]}},{"id":"6718","type":"Feature","properties":{"id":"B0JBNK00QP","name":"小桔充电汽车充电站(BP快速充电站上海第一百货商店)","address":"第一百货地下停车场74(人民广场地铁站19号口步行250米)","type":"汽车服务;充电站;充电站","typecode":"011100","pcode":310000,"pname":"上海市","citycode":21,"cityname":"上海市","adcode":310101,"adname":"黄浦区","business_a":"北京路","location":"121.475202,31.236091","tel":"4000610999","bigType":"汽车服务","midType":"充电站","smallType":"充电站","gcj_lng":121.475202,"gcj_lat":31.236091,"wgs84_loc":"121.470683,31.238035","wgs84Lng":"121.470683","wgs84Lat":"31.238035","__source_file__":"13-常用公服设施点/SHP/上海市_充电站.shp"},"geometry":{"type":"Point","coordinates":[121.470683,31.238035]}},{"id":"181","type":"Feature","properties":{"id":"B0FFJRYUG8","name":"云杉智慧充电站(新一百大厦)","address":"宁波路659号上海新一百大厦停车库","type":"汽车服务;充电站;充电站","typecode":"011100","pcode":310000,"pname":"上海市","citycode":21,"cityname":"上海市","adcode":310101,"adname":"黄浦区","business_a":"北京东路","location":"121.475227,31.236291","tel":"4001118220","bigType":"汽车服务","midType":"充电站","smallType":"充电站","gcj_lng":121.475227,"gcj_lat":31.236291,"wgs84_loc":"121.470708,31.238235","wgs84Lng":"121.470708","wgs84Lat":"31.238235","__source_file__":"13-常用公服设施点/SHP/上海市_充电站.shp"},"geometry":{"type":"Point","coordinates":[121.470708,31.238235]}},{"id":"198","type":"Feature","properties":{"id":"B0FFIMVL8F","name":"特斯拉超级充电站(上海雅居乐万豪侯爵酒店)","address":"西藏中路555号上海雅居乐万豪侯爵酒店B1层地下停车场","type":"汽车服务;充电站;充电站","typecode":"011100","pcode":310000,"pname":"上海市","citycode":21,"cityname":"上海市","adcode":310101,"adname":"黄浦区","business_a":"北京东路","location":"121.472929,31.236337","tel":"4009100707","bigType":"汽车服务","midType":"充电站","smallType":"充电站","gcj_lng":121.472929,"gcj_lat":31.236337,"wgs84_loc":"121.468403,31.238274","wgs84Lng":"121.468403","wgs84Lat":"31.238274","__source_file__":"13-常用公服设施点/SHP/上海市_充电站.shp"},"geometry":{"type":"Point","coordinates":[121.468403,31.238274]}},{"id":"166","type":"Feature","properties":{"id":"B0FFI02ZZR","name":"云杉智慧汽车充电站-新一百大厦充电站","address":"南京东路800号","type":"汽车服务;充电站;充电站","typecode":"011100","pcode":310000,"pname":"上海市","citycode":21,"cityname":"上海市","adcode":310101,"adname":"黄浦区","business_a":"北京东路","location":"121.475273,31.236336","tel":"4001118220","bigType":"汽车服务","midType":"充电站","smallType":"充电站","gcj_lng":121.475273,"gcj_lat":31.236336,"wgs84_loc":"121.470755,31.23828","wgs84Lng":"121.470755","wgs84Lat":"31.23828","__source_file__":"13-常用公服设施点/SHP/上海市_充电站.shp"},"geometry":{"type":"Point","coordinates":[121.470755,31.23828]}},{"id":"74","type":"Feature","properties":{"id":"BY000047T5","name":"安悦充电汽车充电站(中福古玩城)","address":"福州路542号","type":"汽车服务;充电站;充电站","typecode":"011100","pcode":310000,"pname":"上海市","citycode":21,"cityname":"上海市","adcode":310101,"adname":"黄浦区","business_a":"北京东路","location":"121.479287,31.233622","tel":"[]","bigType":"汽车服务","midType":"充电站","smallType":"充电站","gcj_lng":121.479287,"gcj_lat":31.233622,"wgs84_loc":"121.474782,31.235578","wgs84Lng":"121.474782","wgs84Lat":"31.235578","__source_file__":"13-常用公服设施点/SHP/上海市_充电站.shp"},"geometry":{"type":"Point","coordinates":[121.474782,31.235578]}},{"id":"158","type":"Feature","properties":{"id":"B0FFKJU1VB","name":"特来电充电站(黄浦区华旭国际大厦B1)","address":"西藏中路336号","type":"汽车服务;充电站;充电站","typecode":"011100","pcode":310000,"pname":"上海市","citycode":21,"cityname":"上海市","adcode":310101,"adname":"黄浦区","business_a":"北京东路","location":"121.476240,31.233743","tel":"4001300001","bigType":"汽车服务","midType":"充电站","smallType":"充电站","gcj_lng":121.47624,"gcj_lat":31.233743,"wgs84_loc":"121.471725,31.235691","wgs84Lng":"121.471725","wgs84Lat":"31.235691","__source_file__":"13-常用公服设施点/SHP/上海市_充电站.shp"},"geometry":{"type":"Point","coordinates":[121.471725,31.235691]}},{"id":"142","type":"Feature","properties":{"id":"B0HROAKMO9","name":"开迈斯超级汽车充电站","address":"南京东路789号上海康莱德酒店B1层停车场内","type":"汽车服务;充电站;充电站","typecode":"011100","pcode":310000,"pname":"上海市","citycode":21,"cityname":"上海市","adcode":310101,"adname":"黄浦区","business_a":"北京东路","location":"121.475701,31.234119","tel":"[]","bigType":"汽车服务","midType":"充电站","smallType":"充电站","gcj_lng":121.475701,"gcj_lat":31.234119,"wgs84_loc":"121.471184,31.236065","wgs84Lng":"121.471184","wgs84Lat":"31.236065","__source_file__":"13-常用公服设施点/SHP/上海市_充电站.shp"},"geometry":{"type":"Point","coordinates":[121.471184,31.236065]}},{"id":"178","type":"Feature","properties":{"id":"B0HGRSO2YA","name":"开迈斯充电站(上海康莱德酒店店)","address":"九江路770号地下停车场B2层","type":"汽车服务;充电站;充电站","typecode":"011100","pcode":310000,"pname":"上海市","citycode":21,"cityname":"上海市","adcode":310101,"adname":"黄浦区","business_a":"北京东路","location":"121.475738,31.234326","tel":"4006657666","bigType":"汽车服务","midType":"充电站","smallType":"充电站","gcj_lng":121.475738,"gcj_lat":31.234326,"wgs84_loc":"121.471221,31.236272","wgs84Lng":"121.471221","wgs84Lat":"31.236272","__source_file__":"13-常用公服设施点/SHP/上海市_充电站.shp"},"geometry":{"type":"Point","coordinates":[121.471221,31.236272]}},{"id":"86","type":"Feature","properties":{"id":"B0FFH8ZO1V","name":"富电科技汽车充电站(上海康莱德酒店店)","address":"九江路770号上海康莱德酒店地下停车场B1层","type":"汽车服务;充电站;充电站","typecode":"011100","pcode":310000,"pname":"上海市","citycode":21,"cityname":"上海市","adcode":310101,"adname":"黄浦区","business_a":"北京东路","location":"121.475650,31.234331","tel":"[]","bigType":"汽车服务","midType":"充电站","smallType":"充电站","gcj_lng":121.47565,"gcj_lat":31.234331,"wgs84_loc":"121.471133,31.236277","wgs84Lng":"121.471133","wgs84Lat":"31.236277","__source_file__":"13-常用公服设施点/SHP/上海市_充电站.shp"},"geometry":{"type":"Point","coordinates":[121.471133,31.236277]}},{"id":"145","type":"Feature","properties":{"id":"B0FFL6BUSN","name":"依威能源汽车充电站(上海南新雅大酒店)","address":"九江路700号上海南新雅大酒店","type":"汽车服务;充电站;充电站","typecode":"011100","pcode":310000,"pname":"上海市","citycode":21,"cityname":"上海市","adcode":310101,"adname":"黄浦区","business_a":"北京东路","location":"121.476988,31.234455","tel":"4001800910","bigType":"汽车服务","midType":"充电站","smallType":"充电站","gcj_lng":121.476988,"gcj_lat":31.234455,"wgs84_loc":"121.472475,31.236404","wgs84Lng":"121.472475","wgs84Lat":"31.236404","__source_file__":"13-常用公服设施点/SHP/上海市_充电站.shp"},"geometry":{"type":"Point","coordinates":[121.472475,31.236404]}},{"id":"134","type":"Feature","properties":{"id":"B0FFK7CTX3","name":"依威能源汽车充电站(宝龙大厦)","address":"九江路686号宝龙大厦","type":"汽车服务;充电站;充电站","typecode":"011100","pcode":310000,"pname":"上海市","citycode":21,"cityname":"上海市","adcode":310101,"adname":"黄浦区","business_a":"北京东路","location":"121.477497,31.234456","tel":"4001800910","bigType":"汽车服务","midType":"充电站","smallType":"充电站","gcj_lng":121.477497,"gcj_lat":31.234456,"wgs84_loc":"121.472986,31.236407","wgs84Lng":"121.472986","wgs84Lat":"31.236407","__source_file__":"13-常用公服设施点/SHP/上海市_充电站.shp"},"geometry":{"type":"Point","coordinates":[121.472986,31.236407]}},{"id":"127","type":"Feature","properties":{"id":"B0FFIBLBFS","name":"特斯拉汽车充电站(上海康莱德酒店站)","address":"九江路与云南中路交叉口北约60米","type":"汽车服务;充电站;充电站","typecode":"011100","pcode":310000,"pname":"上海市","citycode":21,"cityname":"上海市","adcode":310101,"adname":"黄浦区","business_a":"北京东路","location":"121.476180,31.234564","tel":"[]","bigType":"汽车服务","midType":"充电站","smallType":"充电站","gcj_lng":121.47618,"gcj_lat":31.234564,"wgs84_loc":"121.471665,31.236511","wgs84Lng":"121.471665","wgs84Lat":"31.236511","__source_file__":"13-常用公服设施点/SHP/上海市_充电站.shp"},"geometry":{"type":"Point","coordinates":[121.471665,31.236511]}},{"id":"146","type":"Feature","properties":{"id":"B0G3O596LA","name":"特来电充电站(北京东路)","address":"北京东路668号","type":"汽车服务;充电站;充电站","typecode":"011100","pcode":310000,"pname":"上海市","citycode":21,"cityname":"上海市","adcode":310101,"adname":"黄浦区","business_a":"北京东路","location":"121.477312,31.239401","tel":"4001300001","bigType":"汽车服务","midType":"充电站","smallType":"充电站","gcj_lng":121.477312,"gcj_lat":31.239401,"wgs84_loc":"121.4728,31.241349","wgs84Lng":"121.4728","wgs84Lat":"31.241349","__source_file__":"13-常用公服设施点/SHP/上海市_充电站.shp"},"geometry":{"type":"Point","coordinates":[121.4728,31.241349]}},{"id":"6386","type":"Feature","properties":{"id":"B0K2AKYIFT","name":"国家电网汽车充电站(上海市黄浦区新协通国际大酒店)","address":"北京东路398号(南京东路地铁站6号口步行340米)","type":"汽车服务;充电站;充电站","typecode":"011100","pcode":310000,"pname":"上海市","citycode":21,"cityname":"上海市","adcode":310101,"adname":"黄浦区","business_a":"北京路","location":"121.482323,31.240453","tel":"95598","bigType":"汽车服务","midType":"充电站","smallType":"充电站","gcj_lng":121.482323,"gcj_lat":31.240453,"wgs84_loc":"121.477828,31.242415","wgs84Lng":"121.477828","wgs84Lat":"31.242415","__source_file__":"13-常用公服设施点/SHP/上海市_充电站.shp"},"geometry":{"type":"Point","coordinates":[121.477828,31.242415]}},{"id":"443","type":"Feature","properties":{"id":"B0FFJKZUIJ","name":"比亚迪汽车充电站(振安广场充电站)","address":"石门二路333弄3号","type":"汽车服务;充电站;充电站","typecode":"011100","pcode":310000,"pname":"上海市","citycode":21,"cityname":"上海市","adcode":310106,"adname":"静安区","business_a":"淮海路","location":"121.459097,31.236053","tel":"4001118220","bigType":"汽车服务","midType":"充电站","smallType":"充电站","gcj_lng":121.459097,"gcj_lat":31.236053,"wgs84_loc":"121.454529,31.237955","wgs84Lng":"121.454529","wgs84Lat":"31.237955","__source_file__":"13-常用公服设施点/SHP/上海市_充电站.shp"},"geometry":{"type":"Point","coordinates":[121.454529,31.237955]}},{"id":"1506","type":"Feature","properties":{"id":"B0FFLHQK14","name":"云杉智慧汽车充电站-振安广场充电站","address":"石门二路333弄3号","type":"汽车服务;充电站;充电站","typecode":"011100","pcode":310000,"pname":"上海市","citycode":21,"cityname":"上海市","adcode":310106,"adname":"静安区","business_a":"淮海路","location":"121.459013,31.236068","tel":"4001118220","bigType":"汽车服务","midType":"充电站","smallType":"充电站","gcj_lng":121.459013,"gcj_lat":31.236068,"wgs84_loc":"121.454445,31.23797","wgs84Lng":"121.454445","wgs84Lat":"31.23797","__source_file__":"13-常用公服设施点/SHP/上海市_充电站.shp"},"geometry":{"type":"Point","coordinates":[121.454445,31.23797]}},{"id":"71","type":"Feature","properties":{"id":"B0FFH90UVC","name":"安悦充电汽车充电站(新闸路)","address":"新桥路与新闸路交叉口西100米","type":"汽车服务;充电站;充电站","typecode":"011100","pcode":310000,"pname":"上海市","citycode":21,"cityname":"上海市","adcode":310101,"adname":"黄浦区","business_a":"北京东路","location":"121.465137,31.238969","tel":"4009219000","bigType":"汽车服务","midType":"充电站","smallType":"充电站","gcj_lng":121.465137,"gcj_lat":31.238969,"wgs84_loc":"121.460586,31.240885","wgs84Lng":"121.460586","wgs84Lat":"31.240885","__source_file__":"13-常用公服设施点/SHP/上海市_充电站.shp"},"geometry":{"type":"Point","coordinates":[121.460586,31.240885]}},{"id":"119","type":"Feature","properties":{"id":"B0HG0X3LCW","name":"安悦充电充电站(安悦汽车站城投水务新闸路站)","address":"新闸路426号","type":"汽车服务;充电站;充电站","typecode":"011100","pcode":310000,"pname":"上海市","citycode":21,"cityname":"上海市","adcode":310101,"adname":"黄浦区","business_a":"北京东路","location":"121.465699,31.238982","tel":"[]","bigType":"汽车服务","midType":"充电站","smallType":"充电站","gcj_lng":121.465699,"gcj_lat":31.238982,"wgs84_loc":"121.46115,31.240899","wgs84Lng":"121.46115","wgs84Lat":"31.240899","__source_file__":"13-常用公服设施点/SHP/上海市_充电站.shp"},"geometry":{"type":"Point","coordinates":[121.46115,31.240899]}},{"id":"6387","type":"Feature","properties":{"id":"B0G2NL5UC5","name":"小桔充电汽车充电站(静安区现代交通大厦)","address":"天目西路街道上海现代交通商务大厦东区地下停车场","type":"汽车服务;充电站;充电站","typecode":"011100","pcode":310000,"pname":"上海市","citycode":21,"cityname":"上海市","adcode":310106,"adname":"静安区","business_a":"不夜城","location":"121.456649,31.241186","tel":"4000610999","bigType":"汽车服务","midType":"充电站","smallType":"充电站","gcj_lng":121.456649,"gcj_lat":31.241186,"wgs84_loc":"121.452074,31.243081","wgs84Lng":"121.452074","wgs84Lat":"31.243081","__source_file__":"13-常用公服设施点/SHP/上海市_充电站.shp"},"geometry":{"type":"Point","coordinates":[121.452074,31.243081]}},{"id":"228","type":"Feature","properties":{"id":"B0IBT577L5","name":"上海市静安区现代交通大厦充电站","address":"上海现代交通商务大厦","type":"汽车服务;充电站;充电站","typecode":"011100","pcode":310000,"pname":"上海市","citycode":21,"cityname":"上海市","adcode":310106,"adname":"静安区","business_a":"[]","location":"121.456445,31.241212","tel":"4000610999","bigType":"汽车服务","midType":"充电站","smallType":"充电站","gcj_lng":121.456445,"gcj_lat":31.241212,"wgs84_loc":"121.451869,31.243106","wgs84Lng":"121.451869","wgs84Lat":"31.243106","__source_file__":"13-常用公服设施点/SHP/上海市_充电站.shp"},"geometry":{"type":"Point","coordinates":[121.451869,31.243106]}},{"id":"485","type":"Feature","properties":{"id":"B0FFMAWC7V","name":"普天充电站(凯德星贸大厦)","address":"恒通路318号5F","type":"汽车服务;充电站;充电站","typecode":"011100","pcode":310000,"pname":"上海市","citycode":21,"cityname":"上海市","adcode":310106,"adname":"静安区","business_a":"[]","location":"121.458268,31.241208","tel":"[]","bigType":"汽车服务","midType":"充电站","smallType":"充电站","gcj_lng":121.458268,"gcj_lat":31.241208,"wgs84_loc":"121.453697,31.243106","wgs84Lng":"121.453697","wgs84Lat":"31.243106","__source_file__":"13-常用公服设施点/SHP/上海市_充电站.shp"},"geometry":{"type":"Point","coordinates":[121.453697,31.243106]}},{"id":"214","type":"Feature","properties":{"id":"B0GKNZ6K28","name":"依威能源汽车充电站(现代交通大厦)","address":"恒丰路218号现代交通大厦","type":"汽车服务;充电站;充电站","typecode":"011100","pcode":310000,"pname":"上海市","citycode":21,"cityname":"上海市","adcode":310106,"adname":"静安区","business_a":"[]","location":"121.456676,31.241310","tel":"4001800910","bigType":"汽车服务","midType":"充电站","smallType":"充电站","gcj_lng":121.456676,"gcj_lat":31.24131,"wgs84_loc":"121.452101,31.243205","wgs84Lng":"121.452101","wgs84Lat":"31.243205","__source_file__":"13-常用公服设施点/SHP/上海市_充电站.shp"},"geometry":{"type":"Point","coordinates":[121.452101,31.243205]}},{"id":"220","type":"Feature","properties":{"id":"B0FFHJJ6VF","name":"小桔充电充电站(上海市静安区现代交通大厦站)","address":"上海现代交通商务大厦","type":"汽车服务;充电站;充电站","typecode":"011100","pcode":310000,"pname":"上海市","citycode":21,"cityname":"上海市","adcode":310106,"adname":"静安区","business_a":"[]","location":"121.456999,31.241664","tel":"[]","bigType":"汽车服务","midType":"充电站","smallType":"充电站","gcj_lng":121.456999,"gcj_lat":31.241664,"wgs84_loc":"121.452425,31.243559","wgs84Lng":"121.452425","wgs84Lat":"31.243559","__source_file__":"13-常用公服设施点/SHP/上海市_充电站.shp"},"geometry":{"type":"Point","coordinates":[121.452425,31.243559]}},{"id":"522","type":"Feature","properties":{"id":"B0FFK4YMSN","name":"星星充电汽车充电站(星星充电隆宇商业生活广场直流)","address":"恒丰路329号","type":"汽车服务;充电站;充电站","typecode":"011100","pcode":310000,"pname":"上海市","citycode":21,"cityname":"上海市","adcode":310106,"adname":"静安区","business_a":"[]","location":"121.456416,31.243249","tel":"4008280768","bigType":"汽车服务","midType":"充电站","smallType":"充电站","gcj_lng":121.456416,"gcj_lat":31.243249,"wgs84_loc":"121.45184,31.245142","wgs84Lng":"121.45184","wgs84Lat":"31.245142","__source_file__":"13-常用公服设施点/SHP/上海市_充电站.shp"},"geometry":{"type":"Point","coordinates":[121.45184,31.245142]}},{"id":"5756","type":"Feature","properties":{"id":"B0FFJRXYYN","name":"来电(自由咖啡馆)","address":"富民路与常德路交叉口东50米","type":"汽车服务;充电站;充电站","typecode":"011100","pcode":310000,"pname":"上海市","citycode":21,"cityname":"上海市","adcode":310106,"adname":"静安区","business_a":"湖南路","location":"121.450072,31.221591","tel":"4008845966","bigType":"汽车服务","midType":"充电站","smallType":"充电站","gcj_lng":121.450072,"gcj_lat":31.221591,"wgs84_loc":"121.445482,31.22348","wgs84Lng":"121.445482","wgs84Lat":"31.22348","__source_file__":"13-常用公服设施点/SHP/上海市_充电站.shp"},"geometry":{"type":"Point","coordinates":[121.445482,31.22348]}},{"id":"489","type":"Feature","properties":{"id":"B0FFJ4OJQJ","name":"普天充电站(嘉里中心)","address":"南京西路1515号南区地下停车场B3区3163车位","type":"汽车服务;充电站;充电站","typecode":"011100","pcode":310000,"pname":"上海市","citycode":21,"cityname":"上海市","adcode":310106,"adname":"静安区","business_a":"淮海路","location":"121.449481,31.222757","tel":"[]","bigType":"汽车服务","midType":"充电站","smallType":"充电站","gcj_lng":121.449481,"gcj_lat":31.222757,"wgs84_loc":"121.444889,31.224645","wgs84Lng":"121.444889","wgs84Lat":"31.224645","__source_file__":"13-常用公服设施点/SHP/上海市_充电站.shp"},"geometry":{"type":"Point","coordinates":[121.444889,31.224645]}},{"id":"1503","type":"Feature","properties":{"id":"B0G3UNWXSX","name":"特斯拉充电站(上海越洋广场超级站新国标)","address":"南京西路1601号越洋广场地下B3层D区","type":"汽车服务;充电站;充电站","typecode":"011100","pcode":310000,"pname":"上海市","citycode":21,"cityname":"上海市","adcode":310106,"adname":"静安区","business_a":"曹家渡","location":"121.447420,31.223095","tel":"4009100707","bigType":"汽车服务","midType":"充电站","smallType":"充电站","gcj_lng":121.44742,"gcj_lat":31.223095,"wgs84_loc":"121.442823,31.224978","wgs84Lng":"121.442823","wgs84Lat":"31.224978","__source_file__":"13-常用公服设施点/SHP/上海市_充电站.shp"},"geometry":{"type":"Point","coordinates":[121.442823,31.224978]}},{"id":"1534","type":"Feature","properties":{"id":"B0FFKDNY4I","name":"依威能源汽车充电站(全季酒店万航渡路店)","address":"万航渡路105号全季酒店万航渡路店","type":"汽车服务;充电站;充电站","typecode":"011100","pcode":310000,"pname":"上海市","citycode":21,"cityname":"上海市","adcode":310106,"adname":"静安区","business_a":"曹家渡","location":"121.442619,31.225449","tel":"4001800910","bigType":"汽车服务","midType":"充电站","smallType":"充电站","gcj_lng":121.442619,"gcj_lat":31.225449,"wgs84_loc":"121.438011,31.227322","wgs84Lng":"121.438011","wgs84Lat":"31.227322","__source_file__":"13-常用公服设施点/SHP/上海市_充电站.shp"},"geometry":{"type":"Point","coordinates":[121.438011,31.227322]}},{"id":"89","type":"Feature","properties":{"id":"B0FFL842YA","name":"国家电网汽车充电站(上海黄浦区锦江饭店电动汽车充电站)","address":"茂名南路59号B2室","type":"汽车服务;充电站;充电站","typecode":"011100","pcode":310000,"pname":"上海市","citycode":21,"cityname":"上海市","adcode":310101,"adname":"黄浦区","business_a":"淮海路","location":"121.462087,31.218924","tel":"4000185522","bigType":"汽车服务","midType":"充电站","smallType":"充电站","gcj_lng":121.462087,"gcj_lat":31.218924,"wgs84_loc":"121.457529,31.220842","wgs84Lng":"121.457529","wgs84Lat":"31.220842","__source_file__":"13-常用公服设施点/SHP/上海市_充电站.shp"},"geometry":{"type":"Point","coordinates":[121.457529,31.220842]}},{"id":"117","type":"Feature","properties":{"id":"B0FFHOIRCT","name":"国家电网汽车充电站(花园饭店)","address":"茂名南路58号","type":"汽车服务;充电站;充电站","typecode":"011100","pcode":310000,"pname":"上海市","citycode":21,"cityname":"上海市","adcode":310101,"adname":"黄浦区","business_a":"淮海路","location":"121.459338,31.219585","tel":"4000185522","bigType":"汽车服务","midType":"充电站","smallType":"充电站","gcj_lng":121.459338,"gcj_lat":31.219585,"wgs84_loc":"121.454772,31.221496","wgs84Lng":"121.454772","wgs84Lat":"31.221496","__source_file__":"13-常用公服设施点/SHP/上海市_充电站.shp"},"geometry":{"type":"Point","coordinates":[121.454772,31.221496]}},{"id":"111","type":"Feature","properties":{"id":"B0FFHFX5SX","name":"星星充电汽车充电站(星星充电新锦江大酒店)","address":"长乐路161号到底右侧","type":"汽车服务;充电站;充电站","typecode":"011100","pcode":310000,"pname":"上海市","citycode":21,"cityname":"上海市","adcode":310101,"adname":"黄浦区","business_a":"淮海路","location":"121.462435,31.220652","tel":"[]","bigType":"汽车服务","midType":"充电站","smallType":"充电站","gcj_lng":121.462435,"gcj_lat":31.220652,"wgs84_loc":"121.457878,31.22257","wgs84Lng":"121.457878","wgs84Lat":"31.22257","__source_file__":"13-常用公服设施点/SHP/上海市_充电站.shp"},"geometry":{"type":"Point","coordinates":[121.457878,31.22257]}},{"id":"1577","type":"Feature","properties":{"id":"B0H3J53R37","name":"蔚来目的地充电站(上海兴业太古汇UC)","address":"南京西路街道兴业太古汇","type":"汽车服务;充电站;充电站","typecode":"011100","pcode":310000,"pname":"上海市","citycode":21,"cityname":"上海市","adcode":310106,"adname":"静安区","business_a":"淮海路","location":"121.456646,31.222681","tel":"[]","bigType":"汽车服务","midType":"充电站","smallType":"充电站","gcj_lng":121.456646,"gcj_lat":31.222681,"wgs84_loc":"121.452072,31.224584","wgs84Lng":"121.452072","wgs84Lat":"31.224584","__source_file__":"13-常用公服设施点/SHP/上海市_充电站.shp"},"geometry":{"type":"Point","coordinates":[121.452072,31.224584]}},{"id":"5703","type":"Feature","properties":{"id":"B0HA1ZEXEI","name":"腾势充电站(天安中心大厦站)","address":"南京东路街道天安中心","type":"汽车服务;充电站;充电站","typecode":"011100","pcode":310000,"pname":"上海市","citycode":21,"cityname":"上海市","adcode":310106,"adname":"静安区","business_a":"淮海路","location":"121.463426,31.225636","tel":"[]","bigType":"汽车服务","midType":"充电站","smallType":"充电站","gcj_lng":121.463426,"gcj_lat":31.225636,"wgs84_loc":"121.458871,31.227554","wgs84Lng":"121.458871","wgs84Lat":"31.227554","__source_file__":"13-常用公服设施点/SHP/上海市_充电站.shp"},"geometry":{"type":"Point","coordinates":[121.458871,31.227554]}},{"id":"1491","type":"Feature","properties":{"id":"B0FFINHTBP","name":"安悦充电充电站(安悦汽车站上汽集团威海路站)","address":"威海路489号","type":"汽车服务;充电站;充电站","typecode":"011100","pcode":310000,"pname":"上海市","citycode":21,"cityname":"上海市","adcode":310106,"adname":"静安区","business_a":"淮海路","location":"121.462862,31.226534","tel":"[]","bigType":"汽车服务","midType":"充电站","smallType":"充电站","gcj_lng":121.462862,"gcj_lat":31.226534,"wgs84_loc":"121.458306,31.22845","wgs84Lng":"121.458306","wgs84Lat":"31.22845","__source_file__":"13-常用公服设施点/SHP/上海市_充电站.shp"},"geometry":{"type":"Point","coordinates":[121.458306,31.22845]}},{"id":"510","type":"Feature","properties":{"id":"B0FFLAHISB","name":"国家电网汽车充电站(上海静安区丰盛里电动汽车充电站)","address":"茂名北路303号B1","type":"汽车服务;充电站;充电站","typecode":"011100","pcode":310000,"pname":"上海市","citycode":21,"cityname":"上海市","adcode":310106,"adname":"静安区","business_a":"淮海路","location":"121.459239,31.227896","tel":"4000185522","bigType":"汽车服务","midType":"充电站","smallType":"充电站","gcj_lng":121.459239,"gcj_lat":31.227896,"wgs84_loc":"121.454672,31.229803","wgs84Lng":"121.454672","wgs84Lat":"31.229803","__source_file__":"13-常用公服设施点/SHP/上海市_充电站.shp"},"geometry":{"type":"Point","coordinates":[121.454672,31.229803]}},{"id":"6556","type":"Feature","properties":{"id":"B0J2ZRAM34","name":"小桔充电汽车充电站(上海市静安区兴业太古汇)","address":"南京西路789号兴业太古汇停车场地下P1层D区","type":"汽车服务;充电站;充电站","typecode":"011100","pcode":310000,"pname":"上海市","citycode":21,"cityname":"上海市","adcode":310106,"adname":"静安区","business_a":"淮海路","location":"121.463528,31.227972","tel":"4000610999","bigType":"汽车服务","midType":"充电站","smallType":"充电站","gcj_lng":121.463528,"gcj_lat":31.227972,"wgs84_loc":"121.458973,31.229889","wgs84Lng":"121.458973","wgs84Lat":"31.229889","__source_file__":"13-常用公服设施点/SHP/上海市_充电站.shp"},"geometry":{"type":"Point","coordinates":[121.458973,31.229889]}},{"id":"4745","type":"Feature","properties":{"id":"B0H1Z78MVJ","name":"开迈斯汽车充电站(越洋广场)","address":"南京西路1601号地下停车场B3层D区","type":"汽车服务;充电站;充电站","typecode":"011100","pcode":310000,"pname":"上海市","citycode":21,"cityname":"上海市","adcode":310106,"adname":"静安区","business_a":"曹家渡","location":"121.448038,31.223579","tel":"4006657666","bigType":"汽车服务","midType":"充电站","smallType":"充电站","gcj_lng":121.448038,"gcj_lat":31.223579,"wgs84_loc":"121.443443,31.225463","wgs84Lng":"121.443443","wgs84Lat":"31.225463","__source_file__":"13-常用公服设施点/SHP/上海市_充电站.shp"},"geometry":{"type":"Point","coordinates":[121.443443,31.225463]}},{"id":"1415","type":"Feature","properties":{"id":"B0GD1AMTZH","name":"朝途机场城市航站楼汽车充电站","address":"南京西路1600号机场城市航站楼停车场B1层","type":"汽车服务;充电站;充电站","typecode":"011100","pcode":310000,"pname":"上海市","citycode":21,"cityname":"上海市","adcode":310106,"adname":"静安区","business_a":"曹家渡","location":"121.447088,31.224005","tel":"18621869018","bigType":"汽车服务","midType":"充电站","smallType":"充电站","gcj_lng":121.447088,"gcj_lat":31.224005,"wgs84_loc":"121.44249,31.225887","wgs84Lng":"121.44249","wgs84Lat":"31.225887","__source_file__":"13-常用公服设施点/SHP/上海市_充电站.shp"},"geometry":{"type":"Point","coordinates":[121.44249,31.225887]}},{"id":"466","type":"Feature","properties":{"id":"B0FFJL5R0Z","name":"充电队长汽车充电站(上海久光百货)","address":"南京西路1618号","type":"汽车服务;充电站;充电站","typecode":"011100","pcode":310000,"pname":"上海市","citycode":21,"cityname":"上海市","adcode":310106,"adname":"静安区","business_a":"曹家渡","location":"121.446069,31.224048","tel":"4001037759","bigType":"汽车服务","midType":"充电站","smallType":"充电站","gcj_lng":121.446069,"gcj_lat":31.224048,"wgs84_loc":"121.441469,31.225928","wgs84Lng":"121.441469","wgs84Lat":"31.225928","__source_file__":"13-常用公服设施点/SHP/上海市_充电站.shp"},"geometry":{"type":"Point","coordinates":[121.441469,31.225928]}},{"id":"1502","type":"Feature","properties":{"id":"B0HA1RH69A","name":"森通智达充电站(环球世界大厦)","address":"愚园路168号-环球世界大厦地下车库出入口自南向北第一、自南向北第二、自南向北第三车位","type":"汽车服务;充电站;充电站","typecode":"011100","pcode":310000,"pname":"上海市","citycode":21,"cityname":"上海市","adcode":310106,"adname":"静安区","business_a":"曹家渡","location":"121.444618,31.224258","tel":"4008206925","bigType":"汽车服务","midType":"充电站","smallType":"充电站","gcj_lng":121.444618,"gcj_lat":31.224258,"wgs84_loc":"121.440015,31.226136","wgs84Lng":"121.440015","wgs84Lat":"31.226136","__source_file__":"13-常用公服设施点/SHP/上海市_充电站.shp"},"geometry":{"type":"Point","coordinates":[121.440015,31.226136]}},{"id":"1522","type":"Feature","properties":{"id":"B0FFGI90EU","name":"依威能源汽车充电站(金航大厦)","address":"万航渡路83号金航大厦B1层停车场","type":"汽车服务;充电站;充电站","typecode":"011100","pcode":310000,"pname":"上海市","citycode":21,"cityname":"上海市","adcode":310106,"adname":"静安区","business_a":"曹家渡","location":"121.443715,31.224547","tel":"4001800910","bigType":"汽车服务","midType":"充电站","smallType":"充电站","gcj_lng":121.443715,"gcj_lat":31.224547,"wgs84_loc":"121.43911,31.226423","wgs84Lng":"121.43911","wgs84Lat":"31.226423","__source_file__":"13-常用公服设施点/SHP/上海市_充电站.shp"},"geometry":{"type":"Point","coordinates":[121.43911,31.226423]}},{"id":"5872","type":"Feature","properties":{"id":"B0IADSX18I","name":"小桔充电汽车充电站(上海市静安区晶品购物广场充电站)","address":"晶品crystal galleria","type":"汽车服务;充电站;充电站","typecode":"011100","pcode":310000,"pname":"上海市","citycode":21,"cityname":"上海市","adcode":310106,"adname":"静安区","business_a":"曹家渡","location":"121.446064,31.224787","tel":"4000610999","bigType":"汽车服务","midType":"充电站","smallType":"充电站","gcj_lng":121.446064,"gcj_lat":31.224787,"wgs84_loc":"121.441464,31.226667","wgs84Lng":"121.441464","wgs84Lat":"31.226667","__source_file__":"13-常用公服设施点/SHP/上海市_充电站.shp"},"geometry":{"type":"Point","coordinates":[121.441464,31.226667]}},{"id":"476","type":"Feature","properties":{"id":"B0GKNRAQ49","name":"汽车充电站(静安中华大厦)","address":"北京西路1701号","type":"汽车服务;充电站;充电站","typecode":"011100","pcode":310000,"pname":"上海市","citycode":21,"cityname":"上海市","adcode":310106,"adname":"静安区","business_a":"曹家渡","location":"121.444119,31.225045","tel":"4008210142","bigType":"汽车服务","midType":"充电站","smallType":"充电站","gcj_lng":121.444119,"gcj_lat":31.225045,"wgs84_loc":"121.439515,31.226921","wgs84Lng":"121.439515","wgs84Lat":"31.226921","__source_file__":"13-常用公服设施点/SHP/上海市_充电站.shp"},"geometry":{"type":"Point","coordinates":[121.439515,31.226921]}},{"id":"506","type":"Feature","properties":{"id":"B0G33MV9GL","name":"宝马充电站(宝马站教育委员会)","address":"陕西北路500号","type":"汽车服务;充电站;充电站","typecode":"011100","pcode":310000,"pname":"上海市","citycode":21,"cityname":"上海市","adcode":310106,"adname":"静安区","business_a":"曹家渡","location":"121.446245,31.225164","tel":"4000610999","bigType":"汽车服务","midType":"充电站","smallType":"充电站","gcj_lng":121.446245,"gcj_lat":31.225164,"wgs84_loc":"121.441645,31.227044","wgs84Lng":"121.441645","wgs84Lat":"31.227044","__source_file__":"13-常用公服设施点/SHP/上海市_充电站.shp"},"geometry":{"type":"Point","coordinates":[121.441645,31.227044]}},{"id":"1538","type":"Feature","properties":{"id":"B0FFK7386L","name":"特来电充电站(常德路)","address":"愚园东路铜仁小区西侧约40米","type":"汽车服务;充电站;充电站","typecode":"011100","pcode":310000,"pname":"上海市","citycode":21,"cityname":"上海市","adcode":310106,"adname":"静安区","business_a":"曹家渡","location":"121.447769,31.225808","tel":"[]","bigType":"汽车服务","midType":"充电站","smallType":"充电站","gcj_lng":121.447769,"gcj_lat":31.225808,"wgs84_loc":"121.443173,31.227691","wgs84Lng":"121.443173","wgs84Lat":"31.227691","__source_file__":"13-常用公服设施点/SHP/上海市_充电站.shp"},"geometry":{"type":"Point","coordinates":[121.443173,31.227691]}},{"id":"499","type":"Feature","properties":{"id":"B0FFHMNPN1","name":"普天新能源汽车充电站(上海商城)","address":"南京西路1376号B层","type":"汽车服务;充电站;充电站","typecode":"011100","pcode":310000,"pname":"上海市","citycode":21,"cityname":"上海市","adcode":310106,"adname":"静安区","business_a":"淮海路","location":"121.451719,31.226323","tel":"[]","bigType":"汽车服务","midType":"充电站","smallType":"充电站","gcj_lng":121.451719,"gcj_lat":31.226323,"wgs84_loc":"121.447132,31.228214","wgs84Lng":"121.447132","wgs84Lat":"31.228214","__source_file__":"13-常用公服设施点/SHP/上海市_充电站.shp"},"geometry":{"type":"Point","coordinates":[121.447132,31.228214]}},{"id":"1531","type":"Feature","properties":{"id":"B0FFK7CTD1","name":"依威能源汽车充电站(云峰大饭店)","address":"北京西路1700号云峰大饭店","type":"汽车服务;充电站;充电站","typecode":"011100","pcode":310000,"pname":"上海市","citycode":21,"cityname":"上海市","adcode":310106,"adname":"静安区","business_a":"曹家渡","location":"121.442924,31.226801","tel":"4001800910","bigType":"汽车服务","midType":"充电站","smallType":"充电站","gcj_lng":121.442924,"gcj_lat":31.226801,"wgs84_loc":"121.438317,31.228674","wgs84Lng":"121.438317","wgs84Lat":"31.228674","__source_file__":"13-常用公服设施点/SHP/上海市_充电站.shp"},"geometry":{"type":"Point","coordinates":[121.438317,31.228674]}},{"id":"1537","type":"Feature","properties":{"id":"B0FFGZWXS3","name":"依威能源汽车充电站(德必西南)","address":"延平路123弄1-16号三和花园附近","type":"汽车服务;充电站;充电站","typecode":"011100","pcode":310000,"pname":"上海市","citycode":21,"cityname":"上海市","adcode":310106,"adname":"静安区","business_a":"曹家渡","location":"121.439779,31.227995","tel":"4001800910","bigType":"汽车服务","midType":"充电站","smallType":"充电站","gcj_lng":121.439779,"gcj_lat":31.227995,"wgs84_loc":"121.435165,31.229862","wgs84Lng":"121.435165","wgs84Lat":"31.229862","__source_file__":"13-常用公服设施点/SHP/上海市_充电站.shp"},"geometry":{"type":"Point","coordinates":[121.435165,31.229862]}},{"id":"442","type":"Feature","properties":{"id":"B0FFHKKXCX","name":"比亚迪汽车充电站(万春路)","address":"万春街与万春路交叉口西北50米","type":"汽车服务;充电站;充电站","typecode":"011100","pcode":310000,"pname":"上海市","citycode":21,"cityname":"上海市","adcode":310106,"adname":"静安区","business_a":"曹家渡","location":"121.435998,31.229562","tel":"[]","bigType":"汽车服务","midType":"充电站","smallType":"充电站","gcj_lng":121.435998,"gcj_lat":31.229562,"wgs84_loc":"121.431377,31.231423","wgs84Lng":"121.431377","wgs84Lat":"31.231423","__source_file__":"13-常用公服设施点/SHP/上海市_充电站.shp"},"geometry":{"type":"Point","coordinates":[121.431377,31.231423]}},{"id":"458","type":"Feature","properties":{"id":"B0H2TSOYJ1","name":"星星充电汽车充电站(星星充电阳光科技广场)","address":"曹家渡街道武定路1100号阳光科技广场","type":"汽车服务;充电站;充电站","typecode":"011100","pcode":310000,"pname":"上海市","citycode":21,"cityname":"上海市","adcode":310106,"adname":"静安区","business_a":"曹家渡","location":"121.441150,31.230040","tel":"4008280768","bigType":"汽车服务","midType":"充电站","smallType":"充电站","gcj_lng":121.44115,"gcj_lat":31.23004,"wgs84_loc":"121.436539,31.231909","wgs84Lng":"121.436539","wgs84Lat":"31.231909","__source_file__":"13-常用公服设施点/SHP/上海市_充电站.shp"},"geometry":{"type":"Point","coordinates":[121.436539,31.231909]}},{"id":"1488","type":"Feature","properties":{"id":"B0IG4L5G79","name":"蔚来能源汽车充电站(蔚来目充站上海兴业太古汇蔚来中心)","address":"南京西路789号","type":"汽车服务;充电站;充电站","typecode":"011100","pcode":310000,"pname":"上海市","citycode":21,"cityname":"上海市","adcode":310106,"adname":"静安区","business_a":"淮海路","location":"121.463230,31.228772","tel":"021-67099903","bigType":"汽车服务","midType":"充电站","smallType":"充电站","gcj_lng":121.46323,"gcj_lat":31.228772,"wgs84_loc":"121.458675,31.230688","wgs84Lng":"121.458675","wgs84Lat":"31.230688","__source_file__":"13-常用公服设施点/SHP/上海市_充电站.shp"},"geometry":{"type":"Point","coordinates":[121.458675,31.230688]}},{"id":"1496","type":"Feature","properties":{"id":"B0FFJA9ZHJ","name":"依威能源汽车充电站(中信泰富广场)","address":"南京西路1168号中信泰富广场","type":"汽车服务;充电站;充电站","typecode":"011100","pcode":310000,"pname":"上海市","citycode":21,"cityname":"上海市","adcode":310106,"adname":"静安区","business_a":"淮海路","location":"121.455299,31.228893","tel":"4000337771","bigType":"汽车服务","midType":"充电站","smallType":"充电站","gcj_lng":121.455299,"gcj_lat":31.228893,"wgs84_loc":"121.450721,31.23079","wgs84Lng":"121.450721","wgs84Lat":"31.23079","__source_file__":"13-常用公服设施点/SHP/上海市_充电站.shp"},"geometry":{"type":"Point","coordinates":[121.450721,31.23079]}},{"id":"431","type":"Feature","properties":{"id":"B0FFJJ0U81","name":"特斯拉汽车充电站","address":"南京西路612附近","type":"汽车服务;充电站;充电站","typecode":"011100","pcode":310000,"pname":"上海市","citycode":21,"cityname":"上海市","adcode":310106,"adname":"静安区","business_a":"淮海路","location":"121.462520,31.228909","tel":"[]","bigType":"汽车服务","midType":"充电站","smallType":"充电站","gcj_lng":121.46252,"gcj_lat":31.228909,"wgs84_loc":"121.457962,31.230823","wgs84Lng":"121.457962","wgs84Lat":"31.230823","__source_file__":"13-常用公服设施点/SHP/上海市_充电站.shp"},"geometry":{"type":"Point","coordinates":[121.457962,31.230823]}},{"id":"465","type":"Feature","properties":{"id":"B0FFJL8PHZ","name":"充电队长汽车充电站(梅龙镇广场)","address":"南京西路1038号","type":"汽车服务;充电站;充电站","typecode":"011100","pcode":310000,"pname":"上海市","citycode":21,"cityname":"上海市","adcode":310106,"adname":"静安区","business_a":"淮海路","location":"121.456878,31.229335","tel":"4001037759","bigType":"汽车服务","midType":"充电站","smallType":"充电站","gcj_lng":121.456878,"gcj_lat":31.229335,"wgs84_loc":"121.452304,31.231235","wgs84Lng":"121.452304","wgs84Lat":"31.231235","__source_file__":"13-常用公服设施点/SHP/上海市_充电站.shp"},"geometry":{"type":"Point","coordinates":[121.452304,31.231235]}},{"id":"5878","type":"Feature","properties":{"id":"B0IAFLAF6P","name":"保时捷汽车充电站(上海兴业太古汇保时捷超级充电站)","address":"石门一路288弄,P1层,C区,C078,C080车位","type":"汽车服务;充电站;充电站","typecode":"011100","pcode":310000,"pname":"上海市","citycode":21,"cityname":"上海市","adcode":310106,"adname":"静安区","business_a":"淮海路","location":"121.463412,31.229326","tel":"[]","bigType":"汽车服务","midType":"充电站","smallType":"充电站","gcj_lng":121.463412,"gcj_lat":31.229326,"wgs84_loc":"121.458857,31.231242","wgs84Lng":"121.458857","wgs84Lat":"31.231242","__source_file__":"13-常用公服设施点/SHP/上海市_充电站.shp"},"geometry":{"type":"Point","coordinates":[121.458857,31.231242]}},{"id":"526","type":"Feature","properties":{"id":"B0IBO9QDE7","name":"上海市静安区兴业太古汇充电站","address":"南京西路789号兴业太古汇","type":"汽车服务;充电站;充电站","typecode":"011100","pcode":310000,"pname":"上海市","citycode":21,"cityname":"上海市","adcode":310106,"adname":"静安区","business_a":"淮海路","location":"121.462340,31.229359","tel":"4000610999","bigType":"汽车服务","midType":"充电站","smallType":"充电站","gcj_lng":121.46234,"gcj_lat":31.229359,"wgs84_loc":"121.457782,31.231272","wgs84Lng":"121.457782","wgs84Lat":"31.231272","__source_file__":"13-常用公服设施点/SHP/上海市_充电站.shp"},"geometry":{"type":"Point","coordinates":[121.457782,31.231272]}},{"id":"1575","type":"Feature","properties":{"id":"B0G06GN3JC","name":"电动汽车充电","address":"吴江路上海凯世精品酒店","type":"汽车服务;充电站;充电站","typecode":"011100","pcode":310000,"pname":"上海市","citycode":21,"cityname":"上海市","adcode":310106,"adname":"静安区","business_a":"淮海路","location":"121.459087,31.229457","tel":"[]","bigType":"汽车服务","midType":"充电站","smallType":"充电站","gcj_lng":121.459087,"gcj_lat":31.229457,"wgs84_loc":"121.45452,31.231363","wgs84Lng":"121.45452","wgs84Lat":"31.231363","__source_file__":"13-常用公服设施点/SHP/上海市_充电站.shp"},"geometry":{"type":"Point","coordinates":[121.45452,31.231363]}},{"id":"455","type":"Feature","properties":{"id":"B0FFHJJ5E3","name":"特来电充电站","address":"南京西路969号","type":"汽车服务;充电站;充电站","typecode":"011100","pcode":310000,"pname":"上海市","citycode":21,"cityname":"上海市","adcode":310106,"adname":"静安区","business_a":"淮海路","location":"121.459085,31.229512","tel":"[]","bigType":"汽车服务","midType":"充电站","smallType":"充电站","gcj_lng":121.459085,"gcj_lat":31.229512,"wgs84_loc":"121.454518,31.231417","wgs84Lng":"121.454518","wgs84Lat":"31.231417","__source_file__":"13-常用公服设施点/SHP/上海市_充电站.shp"},"geometry":{"type":"Point","coordinates":[121.454518,31.231417]}},{"id":"1486","type":"Feature","properties":{"id":"B0H1CS3X0Q","name":"保时捷超级充电站(兴业太古汇)","address":"石门一路288弄","type":"汽车服务;充电站;充电站","typecode":"011100","pcode":310000,"pname":"上海市","citycode":21,"cityname":"上海市","adcode":310106,"adname":"静安区","business_a":"淮海路","location":"121.463419,31.229515","tel":"4006910911","bigType":"汽车服务","midType":"充电站","smallType":"充电站","gcj_lng":121.463419,"gcj_lat":31.229515,"wgs84_loc":"121.458864,31.231431","wgs84Lng":"121.458864","wgs84Lat":"31.231431","__source_file__":"13-常用公服设施点/SHP/上海市_充电站.shp"},"geometry":{"type":"Point","coordinates":[121.458864,31.231431]}},{"id":"5456","type":"Feature","properties":{"id":"B0FFKQ7I51","name":"街电(镛舍)","address":"石门一路366号","type":"汽车服务;充电站;充电站","typecode":"011100","pcode":310000,"pname":"上海市","citycode":21,"cityname":"上海市","adcode":310106,"adname":"静安区","business_a":"淮海路","location":"121.462803,31.229924","tel":"[]","bigType":"汽车服务","midType":"充电站","smallType":"充电站","gcj_lng":121.462803,"gcj_lat":31.229924,"wgs84_loc":"121.458246,31.231838","wgs84Lng":"121.458246","wgs84Lat":"31.231838","__source_file__":"13-常用公服设施点/SHP/上海市_充电站.shp"},"geometry":{"type":"Point","coordinates":[121.458246,31.231838]}},{"id":"1493","type":"Feature","properties":{"id":"B0HAHSI63I","name":"开迈斯充电站(东海SOHO)","address":"铜仁路299号地下停车场B3层","type":"汽车服务;充电站;充电站","typecode":"011100","pcode":310000,"pname":"上海市","citycode":21,"cityname":"上海市","adcode":310106,"adname":"静安区","business_a":"曹家渡","location":"121.448454,31.226823","tel":"4006657666","bigType":"汽车服务","midType":"充电站","smallType":"充电站","gcj_lng":121.448454,"gcj_lat":31.226823,"wgs84_loc":"121.443859,31.228707","wgs84Lng":"121.443859","wgs84Lat":"31.228707","__source_file__":"13-常用公服设施点/SHP/上海市_充电站.shp"},"geometry":{"type":"Point","coordinates":[121.443859,31.228707]}},{"id":"1494","type":"Feature","properties":{"id":"B0FFIA9RFD","name":"特来电充电站(上海恒隆广场)","address":"南京西路1266号","type":"汽车服务;充电站;充电站","typecode":"011100","pcode":310000,"pname":"上海市","citycode":21,"cityname":"上海市","adcode":310106,"adname":"静安区","business_a":"淮海路","location":"121.453642,31.227680","tel":"4001300001","bigType":"汽车服务","midType":"充电站","smallType":"充电站","gcj_lng":121.453642,"gcj_lat":31.22768,"wgs84_loc":"121.44906,31.229574","wgs84Lng":"121.44906","wgs84Lat":"31.229574","__source_file__":"13-常用公服设施点/SHP/上海市_充电站.shp"},"geometry":{"type":"Point","coordinates":[121.44906,31.229574]}},{"id":"5875","type":"Feature","properties":{"id":"B0IAL5VPUM","name":"星星充电汽车充电站(上海亚龙产业园)","address":"云欣路200弄B158号和59号车位","type":"汽车服务;充电站;充电站","typecode":"011100","pcode":310000,"pname":"上海市","citycode":21,"cityname":"上海市","adcode":310106,"adname":"静安区","business_a":"曹家渡","location":"121.448321,31.229045","tel":"4008280768","bigType":"汽车服务","midType":"充电站","smallType":"充电站","gcj_lng":121.448321,"gcj_lat":31.229045,"wgs84_loc":"121.443726,31.230927","wgs84Lng":"121.443726","wgs84Lat":"31.230927","__source_file__":"13-常用公服设施点/SHP/上海市_充电站.shp"},"geometry":{"type":"Point","coordinates":[121.443726,31.230927]}},{"id":"478","type":"Feature","properties":{"id":"B0H3MZ89N5","name":"小桔充电站(上海市静安区凯迪克大厦)","address":"凯迪克大厦","type":"汽车服务;充电站;充电站","typecode":"011100","pcode":310000,"pname":"上海市","citycode":21,"cityname":"上海市","adcode":310106,"adname":"静安区","business_a":"淮海路","location":"121.454714,31.231154","tel":"4000610999","bigType":"汽车服务","midType":"充电站","smallType":"充电站","gcj_lng":121.454714,"gcj_lat":31.231154,"wgs84_loc":"121.450135,31.233049","wgs84Lng":"121.450135","wgs84Lat":"31.233049","__source_file__":"13-常用公服设施点/SHP/上海市_充电站.shp"},"geometry":{"type":"Point","coordinates":[121.450135,31.233049]}},{"id":"6652","type":"Feature","properties":{"id":"B0I2JD0K99","name":"小桔充电汽车充电站(惠充静安凯迪克大厦充电站)","address":"江宁路与北京西路交叉口西北120米","type":"汽车服务;充电站;充电站","typecode":"011100","pcode":310000,"pname":"上海市","citycode":21,"cityname":"上海市","adcode":310106,"adname":"静安区","business_a":"淮海路","location":"121.454696,31.231181","tel":"[]","bigType":"汽车服务","midType":"充电站","smallType":"充电站","gcj_lng":121.454696,"gcj_lat":31.231181,"wgs84_loc":"121.450116,31.233076","wgs84Lng":"121.450116","wgs84Lat":"31.233076","__source_file__":"13-常用公服设施点/SHP/上海市_充电站.shp"},"geometry":{"type":"Point","coordinates":[121.450116,31.233076]}},{"id":"4830","type":"Feature","properties":{"id":"B0FFI6S9CO","name":"云杉智慧汽车充电站-凯迪克大厦充电站","address":"江宁路212号","type":"汽车服务;充电站;充电站","typecode":"011100","pcode":310000,"pname":"上海市","citycode":21,"cityname":"上海市","adcode":310106,"adname":"静安区","business_a":"淮海路","location":"121.454740,31.231460","tel":"4001118220","bigType":"汽车服务","midType":"充电站","smallType":"充电站","gcj_lng":121.45474,"gcj_lat":31.23146,"wgs84_loc":"121.450161,31.233355","wgs84Lng":"121.450161","wgs84Lat":"31.233355","__source_file__":"13-常用公服设施点/SHP/上海市_充电站.shp"},"geometry":{"type":"Point","coordinates":[121.450161,31.233355]}},{"id":"1521","type":"Feature","properties":{"id":"B0FFHJJ5E2","name":"特来电充电站(上海800秀)","address":"常德路800号","type":"汽车服务;充电站;充电站","typecode":"011100","pcode":310000,"pname":"上海市","citycode":21,"cityname":"上海市","adcode":310106,"adname":"静安区","business_a":"曹家渡","location":"121.443373,31.233579","tel":"[]","bigType":"汽车服务","midType":"充电站","smallType":"充电站","gcj_lng":121.443373,"gcj_lat":31.233579,"wgs84_loc":"121.438766,31.23545","wgs84Lng":"121.438766","wgs84Lat":"31.23545","__source_file__":"13-常用公服设施点/SHP/上海市_充电站.shp"},"geometry":{"type":"Point","coordinates":[121.438766,31.23545]}},{"id":"1489","type":"Feature","properties":{"id":"B0H1XU533G","name":"开迈斯汽车充电站(宝业静安紫苑)","address":"江宁路356弄5号地下停车场B2","type":"汽车服务;充电站;充电站","typecode":"011100","pcode":310000,"pname":"上海市","citycode":21,"cityname":"上海市","adcode":310106,"adname":"静安区","business_a":"曹家渡","location":"121.453683,31.233686","tel":"4006657666","bigType":"汽车服务","midType":"充电站","smallType":"充电站","gcj_lng":121.453683,"gcj_lat":31.233686,"wgs84_loc":"121.449101,31.235577","wgs84Lng":"121.449101","wgs84Lat":"31.235577","__source_file__":"13-常用公服设施点/SHP/上海市_充电站.shp"},"geometry":{"type":"Point","coordinates":[121.449101,31.235577]}},{"id":"1516","type":"Feature","properties":{"id":"B0FFK7CTIU","name":"依威能源汽车充电站(上海博鸿大厦)","address":"江宁路495号上海博鸿大厦","type":"汽车服务;充电站;充电站","typecode":"011100","pcode":310000,"pname":"上海市","citycode":21,"cityname":"上海市","adcode":310106,"adname":"静安区","business_a":"曹家渡","location":"121.451340,31.235123","tel":"4001800910","bigType":"汽车服务","midType":"充电站","smallType":"充电站","gcj_lng":121.45134,"gcj_lat":31.235123,"wgs84_loc":"121.446752,31.237009","wgs84Lng":"121.446752","wgs84Lat":"31.237009","__source_file__":"13-常用公服设施点/SHP/上海市_充电站.shp"},"geometry":{"type":"Point","coordinates":[121.446752,31.237009]}},{"id":"1416","type":"Feature","properties":{"id":"B0HRV7VA4F","name":"宝马充电站(宝马站虹桥机场T2航站楼P5)","address":"虹桥机场T2航站楼P5停车场","type":"汽车服务;充电站;充电站","typecode":"011100","pcode":310000,"pname":"上海市","citycode":21,"cityname":"上海市","adcode":310106,"adname":"静安区","business_a":"曹家渡","location":"121.450396,31.235395","tel":"[]","bigType":"汽车服务","midType":"充电站","smallType":"充电站","gcj_lng":121.450396,"gcj_lat":31.235395,"wgs84_loc":"121.445805,31.237279","wgs84Lng":"121.445805","wgs84Lat":"31.237279","__source_file__":"13-常用公服设施点/SHP/上海市_充电站.shp"},"geometry":{"type":"Point","coordinates":[121.445805,31.237279]}},{"id":"451","type":"Feature","properties":{"id":"B0FFLHFBVN","name":"电动汽车充电站","address":"康定路与万春街交叉口西约120米","type":"汽车服务;充电站;充电站","typecode":"011100","pcode":310000,"pname":"上海市","citycode":21,"cityname":"上海市","adcode":310106,"adname":"静安区","business_a":"曹家渡","location":"121.434796,31.230716","tel":"[]","bigType":"汽车服务","midType":"充电站","smallType":"充电站","gcj_lng":121.434796,"gcj_lat":31.230716,"wgs84_loc":"121.430173,31.232574","wgs84Lng":"121.430173","wgs84Lat":"31.232574","__source_file__":"13-常用公服设施点/SHP/上海市_充电站.shp"},"geometry":{"type":"Point","coordinates":[121.430173,31.232574]}},{"id":"450","type":"Feature","properties":{"id":"B0HD24AHRH","name":"乐华充电站","address":"康定路1018号","type":"汽车服务;充电站;充电站","typecode":"011100","pcode":310000,"pname":"上海市","citycode":21,"cityname":"上海市","adcode":310106,"adname":"静安区","business_a":"曹家渡","location":"121.436663,31.230731","tel":"[]","bigType":"汽车服务","midType":"充电站","smallType":"充电站","gcj_lng":121.436663,"gcj_lat":31.230731,"wgs84_loc":"121.432043,31.232592","wgs84Lng":"121.432043","wgs84Lat":"31.232592","__source_file__":"13-常用公服设施点/SHP/上海市_充电站.shp"},"geometry":{"type":"Point","coordinates":[121.432043,31.232592]}},{"id":"6563","type":"Feature","properties":{"id":"B0JA36QM81","name":"小桔充电汽车充电站(MS静安艺阁)","address":"康定路1002号地下停车场018","type":"汽车服务;充电站;充电站","typecode":"011100","pcode":310000,"pname":"上海市","citycode":21,"cityname":"上海市","adcode":310106,"adname":"静安区","business_a":"曹家渡","location":"121.437391,31.230851","tel":"4000610999","bigType":"汽车服务","midType":"充电站","smallType":"充电站","gcj_lng":121.437391,"gcj_lat":31.230851,"wgs84_loc":"121.432773,31.232713","wgs84Lng":"121.432773","wgs84Lat":"31.232713","__source_file__":"13-常用公服设施点/SHP/上海市_充电站.shp"},"geometry":{"type":"Point","coordinates":[121.432773,31.232713]}},{"id":"1586","type":"Feature","properties":{"id":"B0H317XMT9","name":"易马达e换电电动自行车充电站(昌平路)","address":"昌平路999弄小区门口","type":"汽车服务;充电站;充电站","typecode":"011100","pcode":310000,"pname":"上海市","citycode":21,"cityname":"上海市","adcode":310106,"adname":"静安区","business_a":"曹家渡","location":"121.436665,31.232207","tel":"[]","bigType":"汽车服务","midType":"充电站","smallType":"充电站","gcj_lng":121.436665,"gcj_lat":31.232207,"wgs84_loc":"121.432045,31.234068","wgs84Lng":"121.432045","wgs84Lat":"31.234068","__source_file__":"13-常用公服设施点/SHP/上海市_充电站.shp"},"geometry":{"type":"Point","coordinates":[121.432045,31.234068]}},{"id":"429","type":"Feature","properties":{"id":"B0FFIKGATN","name":"安悦充电汽车充电站(华谊集团大厦站)","address":"常德路793号","type":"汽车服务;充电站;充电站","typecode":"011100","pcode":310000,"pname":"上海市","citycode":21,"cityname":"上海市","adcode":310106,"adname":"静安区","business_a":"曹家渡","location":"121.442278,31.233314","tel":"[]","bigType":"汽车服务","midType":"充电站","smallType":"充电站","gcj_lng":121.442278,"gcj_lat":31.233314,"wgs84_loc":"121.437669,31.235183","wgs84Lng":"121.437669","wgs84Lat":"31.235183","__source_file__":"13-常用公服设施点/SHP/上海市_充电站.shp"},"geometry":{"type":"Point","coordinates":[121.437669,31.235183]}},{"id":"1528","type":"Feature","properties":{"id":"B0FFIA9RFC","name":"特来电充电站(上海智慧广场)","address":"武宁南路488号","type":"汽车服务;充电站;充电站","typecode":"011100","pcode":310000,"pname":"上海市","citycode":21,"cityname":"上海市","adcode":310106,"adname":"静安区","business_a":"曹家渡","location":"121.431097,31.233677","tel":"4001300001","bigType":"汽车服务","midType":"充电站","smallType":"充电站","gcj_lng":121.431097,"gcj_lat":31.233677,"wgs84_loc":"121.426468,31.235529","wgs84Lng":"121.426468","wgs84Lat":"31.235529","__source_file__":"13-常用公服设施点/SHP/上海市_充电站.shp"},"geometry":{"type":"Point","coordinates":[121.426468,31.235529]}},{"id":"6325","type":"Feature","properties":{"id":"B0K6KL35CL","name":"极氪能源超级充电站(上海普陀中港汇极充站)","address":"长寿路868号中港汇地下停车场负一层","type":"汽车服务;充电站;充电站","typecode":"011100","pcode":310000,"pname":"上海市","citycode":21,"cityname":"上海市","adcode":310107,"adname":"普陀区","business_a":"长寿路","location":"121.430570,31.235191","tel":"4000819993","bigType":"汽车服务","midType":"充电站","smallType":"充电站","gcj_lng":121.43057,"gcj_lat":31.235191,"wgs84_loc":"121.42594,31.237042","wgs84Lng":"121.42594","wgs84Lat":"31.237042","__source_file__":"13-常用公服设施点/SHP/上海市_充电站.shp"},"geometry":{"type":"Point","coordinates":[121.42594,31.237042]}},{"id":"1453","type":"Feature","properties":{"id":"B0FFJL8QUL","name":"充电队长汽车充电站(中港汇)","address":"长寿路868号","type":"汽车服务;充电站;充电站","typecode":"011100","pcode":310000,"pname":"上海市","citycode":21,"cityname":"上海市","adcode":310107,"adname":"普陀区","business_a":"曹家渡","location":"121.430629,31.235272","tel":"4001037759","bigType":"汽车服务","midType":"充电站","smallType":"充电站","gcj_lng":121.430629,"gcj_lat":31.235272,"wgs84_loc":"121.425999,31.237123","wgs84Lng":"121.425999","wgs84Lat":"31.237123","__source_file__":"13-常用公服设施点/SHP/上海市_充电站.shp"},"geometry":{"type":"Point","coordinates":[121.425999,31.237123]}},{"id":"3620","type":"Feature","properties":{"id":"B0FFJL5R39","name":"充电队长汽车充电站(莫泰酒店安远路店)","address":"安远路678号","type":"汽车服务;充电站;充电站","typecode":"011100","pcode":310000,"pname":"上海市","citycode":21,"cityname":"上海市","adcode":310107,"adname":"普陀区","business_a":"曹家渡","location":"121.434539,31.235341","tel":"4001037759","bigType":"汽车服务","midType":"充电站","smallType":"充电站","gcj_lng":121.434539,"gcj_lat":31.235341,"wgs84_loc":"121.429915,31.237197","wgs84Lng":"121.429915","wgs84Lat":"31.237197","__source_file__":"13-常用公服设施点/SHP/上海市_充电站.shp"},"geometry":{"type":"Point","coordinates":[121.429915,31.237197]}},{"id":"5666","type":"Feature","properties":{"id":"B0G3A67E4K","name":"创享塔充电桩","address":"叶家宅路100号","type":"汽车服务;充电站;充电站","typecode":"011100","pcode":310000,"pname":"上海市","citycode":21,"cityname":"上海市","adcode":310107,"adname":"普陀区","business_a":"曹家渡","location":"121.431023,31.237805","tel":"[]","bigType":"汽车服务","midType":"充电站","smallType":"充电站","gcj_lng":121.431023,"gcj_lat":31.237805,"wgs84_loc":"121.426393,31.239655","wgs84Lng":"121.426393","wgs84Lat":"31.239655","__source_file__":"13-常用公服设施点/SHP/上海市_充电站.shp"},"geometry":{"type":"Point","coordinates":[121.426393,31.239655]}},{"id":"3607","type":"Feature","properties":{"id":"B0FFH8XPTX","name":"依威能源充电站","address":"胶州路与长寿路交叉口西50米","type":"汽车服务;充电站;充电站","typecode":"011100","pcode":310000,"pname":"上海市","citycode":21,"cityname":"上海市","adcode":310107,"adname":"普陀区","business_a":"曹家渡","location":"121.435402,31.238505","tel":"[]","bigType":"汽车服务","midType":"充电站","smallType":"充电站","gcj_lng":121.435402,"gcj_lat":31.238505,"wgs84_loc":"121.430779,31.240361","wgs84Lng":"121.430779","wgs84Lat":"31.240361","__source_file__":"13-常用公服设施点/SHP/上海市_充电站.shp"},"geometry":{"type":"Point","coordinates":[121.430779,31.240361]}},{"id":"3675","type":"Feature","properties":{"id":"B0FFI96AUF","name":"特来电充电站(上海景源时尚产业园区)","address":"长寿路652号","type":"汽车服务;充电站;充电站","typecode":"011100","pcode":310000,"pname":"上海市","citycode":21,"cityname":"上海市","adcode":310107,"adname":"普陀区","business_a":"曹家渡","location":"121.432131,31.238540","tel":"[]","bigType":"汽车服务","midType":"充电站","smallType":"充电站","gcj_lng":121.432131,"gcj_lat":31.23854,"wgs84_loc":"121.427503,31.240391","wgs84Lng":"121.427503","wgs84Lat":"31.240391","__source_file__":"13-常用公服设施点/SHP/上海市_充电站.shp"},"geometry":{"type":"Point","coordinates":[121.427503,31.240391]}},{"id":"3830","type":"Feature","properties":{"id":"B0FFKDS0RF","name":"依威能源汽车充电站(锦海大厦)","address":"长寿路457号锦海大厦","type":"汽车服务;充电站;充电站","typecode":"011100","pcode":310000,"pname":"上海市","citycode":21,"cityname":"上海市","adcode":310107,"adname":"普陀区","business_a":"曹家渡","location":"121.436566,31.238999","tel":"4001800910","bigType":"汽车服务","midType":"充电站","smallType":"充电站","gcj_lng":121.436566,"gcj_lat":31.238999,"wgs84_loc":"121.431945,31.240856","wgs84Lng":"121.431945","wgs84Lat":"31.240856","__source_file__":"13-常用公服设施点/SHP/上海市_充电站.shp"},"geometry":{"type":"Point","coordinates":[121.431945,31.240856]}},{"id":"5882","type":"Feature","properties":{"id":"B0IADDVUBK","name":"星星充电汽车充电站(旭辉长寿路)","address":"长寿路333号","type":"汽车服务;充电站;充电站","typecode":"011100","pcode":310000,"pname":"上海市","citycode":21,"cityname":"上海市","adcode":310107,"adname":"普陀区","business_a":"曹家渡","location":"121.437901,31.240038","tel":"4008280768","bigType":"汽车服务","midType":"充电站","smallType":"充电站","gcj_lng":121.437901,"gcj_lat":31.240038,"wgs84_loc":"121.433283,31.241897","wgs84Lng":"121.433283","wgs84Lat":"31.241897","__source_file__":"13-常用公服设施点/SHP/上海市_充电站.shp"},"geometry":{"type":"Point","coordinates":[121.433283,31.241897]}},{"id":"4850","type":"Feature","properties":{"id":"B0FFHCUE5E","name":"伊威能源充电站","address":"澳门路855号附近","type":"汽车服务;充电站;充电站","typecode":"011100","pcode":310000,"pname":"上海市","citycode":21,"cityname":"上海市","adcode":310107,"adname":"普陀区","business_a":"曹家渡","location":"121.435820,31.240421","tel":"[]","bigType":"汽车服务","midType":"充电站","smallType":"充电站","gcj_lng":121.43582,"gcj_lat":31.240421,"wgs84_loc":"121.431198,31.242277","wgs84Lng":"121.431198","wgs84Lat":"31.242277","__source_file__":"13-常用公服设施点/SHP/上海市_充电站.shp"},"geometry":{"type":"Point","coordinates":[121.431198,31.242277]}},{"id":"3835","type":"Feature","properties":{"id":"B0GKNZ8NAB","name":"依威能源汽车充电站(绿洲尧舜公寓)","address":"澳门路872弄绿洲尧舜公寓","type":"汽车服务;充电站;充电站","typecode":"011100","pcode":310000,"pname":"上海市","citycode":21,"cityname":"上海市","adcode":310107,"adname":"普陀区","business_a":"曹家渡","location":"121.434790,31.240928","tel":"4001800910","bigType":"汽车服务","midType":"充电站","smallType":"充电站","gcj_lng":121.43479,"gcj_lat":31.240928,"wgs84_loc":"121.430166,31.242782","wgs84Lng":"121.430166","wgs84Lat":"31.242782","__source_file__":"13-常用公服设施点/SHP/上海市_充电站.shp"},"geometry":{"type":"Point","coordinates":[121.430166,31.242782]}},{"id":"3682","type":"Feature","properties":{"id":"B0FFHCUE6I","name":"依威新能源汽车充电站(上海普陀区绿洲尧舜公寓)","address":"澳门路872号附近","type":"汽车服务;充电站;充电站","typecode":"011100","pcode":310000,"pname":"上海市","citycode":21,"cityname":"上海市","adcode":310107,"adname":"普陀区","business_a":"曹家渡","location":"121.434616,31.241043","tel":"[]","bigType":"汽车服务","midType":"充电站","smallType":"充电站","gcj_lng":121.434616,"gcj_lat":31.241043,"wgs84_loc":"121.429992,31.242896","wgs84Lng":"121.429992","wgs84Lat":"31.242896","__source_file__":"13-常用公服设施点/SHP/上海市_充电站.shp"},"geometry":{"type":"Point","coordinates":[121.429992,31.242896]}},{"id":"6488","type":"Feature","properties":{"id":"B0JDPRQNM4","name":"特来电汽车充电站(上海普陀区189弄购物中心充电站慢充)","address":"长寿路街道长寿路185号地下停车场E区60(长寿路地铁站3号口步行250米)","type":"汽车服务;充电站;充电站","typecode":"011100","pcode":310000,"pname":"上海市","citycode":21,"cityname":"上海市","adcode":310107,"adname":"普陀区","business_a":"长寿路","location":"121.440839,31.242021","tel":"4001300001","bigType":"汽车服务","midType":"充电站","smallType":"充电站","gcj_lng":121.440839,"gcj_lat":31.242021,"wgs84_loc":"121.436226,31.243884","wgs84Lng":"121.436226","wgs84Lat":"31.243884","__source_file__":"13-常用公服设施点/SHP/上海市_充电站.shp"},"geometry":{"type":"Point","coordinates":[121.436226,31.243884]}},{"id":"224","type":"Feature","properties":{"id":"B0HR05WF7K","name":"宝马充电站(宝马站现代交通大厦)","address":"现代交通大厦","type":"汽车服务;充电站;充电站","typecode":"011100","pcode":310000,"pname":"上海市","citycode":21,"cityname":"上海市","adcode":310106,"adname":"静安区","business_a":"曹家渡","location":"121.450396,31.235395","tel":"[]","bigType":"汽车服务","midType":"充电站","smallType":"充电站","gcj_lng":121.450396,"gcj_lat":31.235395,"wgs84_loc":"121.445805,31.237279","wgs84Lng":"121.445805","wgs84Lat":"31.237279","__source_file__":"13-常用公服设施点/SHP/上海市_充电站.shp"},"geometry":{"type":"Point","coordinates":[121.445805,31.237279]}},{"id":"4831","type":"Feature","properties":{"id":"B0H0CCY715","name":"乙十睡眠充电站(西康店)","address":"西康路847号","type":"汽车服务;充电站;充电站","typecode":"011100","pcode":310000,"pname":"上海市","citycode":21,"cityname":"上海市","adcode":310106,"adname":"静安区","business_a":"曹家渡","location":"121.443634,31.237822","tel":"15051267301","bigType":"汽车服务","midType":"充电站","smallType":"充电站","gcj_lng":121.443634,"gcj_lat":31.237822,"wgs84_loc":"121.439027,31.239692","wgs84Lng":"121.439027","wgs84Lat":"31.239692","__source_file__":"13-常用公服设施点/SHP/上海市_充电站.shp"},"geometry":{"type":"Point","coordinates":[121.439027,31.239692]}},{"id":"6398","type":"Feature","properties":{"id":"B0K6B67LVQ","name":"保时捷汽车充电站(上海静安MOHO保时捷快充站)","address":"江宁路699号地下停车场B3层530、532充电车位","type":"汽车服务;充电站;充电站","typecode":"011100","pcode":310000,"pname":"上海市","citycode":21,"cityname":"上海市","adcode":310106,"adname":"静安区","business_a":"[]","location":"121.448170,31.238480","tel":"4008205911","bigType":"汽车服务","midType":"充电站","smallType":"充电站","gcj_lng":121.44817,"gcj_lat":31.23848,"wgs84_loc":"121.443574,31.240358","wgs84Lng":"121.443574","wgs84Lat":"31.240358","__source_file__":"13-常用公服设施点/SHP/上海市_充电站.shp"},"geometry":{"type":"Point","coordinates":[121.443574,31.240358]}},{"id":"3666","type":"Feature","properties":{"id":"B0HDHZELHD","name":"宝马充电站(宝马站苏河一号)","address":"恒丰路666号地下停车场","type":"汽车服务;充电站;充电站","typecode":"011100","pcode":310000,"pname":"上海市","citycode":21,"cityname":"上海市","adcode":310107,"adname":"普陀区","business_a":"曹家渡","location":"121.445171,31.241523","tel":"[]","bigType":"汽车服务","midType":"充电站","smallType":"充电站","gcj_lng":121.445171,"gcj_lat":31.241523,"wgs84_loc":"121.440567,31.243394","wgs84Lng":"121.440567","wgs84Lat":"31.243394","__source_file__":"13-常用公服设施点/SHP/上海市_充电站.shp"},"geometry":{"type":"Point","coordinates":[121.440567,31.243394]}},{"id":"6741","type":"Feature","properties":{"id":"B0J2F43FH7","name":"小桔充电汽车充电站(蝶尔4C安远路平高国际广场超充站)","address":"平高国际广场地下停车场003","type":"汽车服务;充电站;充电站","typecode":"011100","pcode":310000,"pname":"上海市","citycode":21,"cityname":"上海市","adcode":310107,"adname":"普陀区","business_a":"长寿路","location":"121.446116,31.241725","tel":"4000610999","bigType":"汽车服务","midType":"充电站","smallType":"充电站","gcj_lng":121.446116,"gcj_lat":31.241725,"wgs84_loc":"121.441515,31.243597","wgs84Lng":"121.441515","wgs84Lat":"31.243597","__source_file__":"13-常用公服设施点/SHP/上海市_充电站.shp"},"geometry":{"type":"Point","coordinates":[121.441515,31.243597]}},{"id":"1510","type":"Feature","properties":{"id":"B0G0C7Z6T8","name":"特斯拉充电站(上海静安宝矿洲际商务中心超级站新国标)","address":"裕通路100号宝矿洲际商务中心地下停车场B3层D区","type":"汽车服务;充电站;充电站","typecode":"011100","pcode":310000,"pname":"上海市","citycode":21,"cityname":"上海市","adcode":310106,"adname":"静安区","business_a":"[]","location":"121.453268,31.244277","tel":"[]","bigType":"汽车服务","midType":"充电站","smallType":"充电站","gcj_lng":121.453268,"gcj_lat":31.244277,"wgs84_loc":"121.448684,31.246163","wgs84Lng":"121.448684","wgs84Lat":"31.246163","__source_file__":"13-常用公服设施点/SHP/上海市_充电站.shp"},"geometry":{"type":"Point","coordinates":[121.448684,31.246163]}},{"id":"1501","type":"Feature","properties":{"id":"B0HR6U8N0R","name":"特来电充电站(上海宝矿洲际商务中心)","address":"裕通路100号","type":"汽车服务;充电站;充电站","typecode":"011100","pcode":310000,"pname":"上海市","citycode":21,"cityname":"上海市","adcode":310106,"adname":"静安区","business_a":"[]","location":"121.452862,31.244347","tel":"4001300001","bigType":"汽车服务","midType":"充电站","smallType":"充电站","gcj_lng":121.452862,"gcj_lat":31.244347,"wgs84_loc":"121.448277,31.246232","wgs84Lng":"121.448277","wgs84Lat":"31.246232","__source_file__":"13-常用公服设施点/SHP/上海市_充电站.shp"},"geometry":{"type":"Point","coordinates":[121.448277,31.246232]}},{"id":"1524","type":"Feature","properties":{"id":"B0FFI7S7PX","name":"特来电充电站(宝矿洲际商务中心)","address":"裕通路100号","type":"汽车服务;充电站;充电站","typecode":"011100","pcode":310000,"pname":"上海市","citycode":21,"cityname":"上海市","adcode":310106,"adname":"静安区","business_a":"[]","location":"121.452857,31.244349","tel":"[]","bigType":"汽车服务","midType":"充电站","smallType":"充电站","gcj_lng":121.452857,"gcj_lat":31.244349,"wgs84_loc":"121.448272,31.246234","wgs84Lng":"121.448272","wgs84Lat":"31.246234","__source_file__":"13-常用公服设施点/SHP/上海市_充电站.shp"},"geometry":{"type":"Point","coordinates":[121.448272,31.246234]}},{"id":"420","type":"Feature","properties":{"id":"B0FFHI78HF","name":"宝马汽车充电站(天目西路)","address":"长安路489号附近","type":"汽车服务;充电站;充电站","typecode":"011100","pcode":310000,"pname":"上海市","citycode":21,"cityname":"上海市","adcode":310106,"adname":"静安区","business_a":"[]","location":"121.453073,31.245142","tel":"[]","bigType":"汽车服务","midType":"充电站","smallType":"充电站","gcj_lng":121.453073,"gcj_lat":31.245142,"wgs84_loc":"121.448488,31.247027","wgs84Lng":"121.448488","wgs84Lat":"31.247027","__source_file__":"13-常用公服设施点/SHP/上海市_充电站.shp"},"geometry":{"type":"Point","coordinates":[121.448488,31.247027]}},{"id":"1581","type":"Feature","properties":{"id":"B0FFH71SG7","name":"上海浦西洲际酒店电动汽车充电站","address":"恒丰路500号上海浦西洲际酒店车库地下2层","type":"汽车服务;充电站;充电站","typecode":"011100","pcode":310000,"pname":"上海市","citycode":21,"cityname":"上海市","adcode":310106,"adname":"静安区","business_a":"[]","location":"121.453073,31.245142","tel":"[]","bigType":"汽车服务","midType":"充电站","smallType":"充电站","gcj_lng":121.453073,"gcj_lat":31.245142,"wgs84_loc":"121.448488,31.247027","wgs84Lng":"121.448488","wgs84Lat":"31.247027","__source_file__":"13-常用公服设施点/SHP/上海市_充电站.shp"},"geometry":{"type":"Point","coordinates":[121.448488,31.247027]}},{"id":"199","type":"Feature","properties":{"id":"B0HBO5LB7J","name":"特来电充电站(上海新天地湖滨道购物中心站)","address":"湖滨路150号","type":"汽车服务;充电站;充电站","typecode":"011100","pcode":310000,"pname":"上海市","citycode":21,"cityname":"上海市","adcode":310101,"adname":"黄浦区","business_a":"城隍庙","location":"121.485595,31.226840","tel":"[]","bigType":"汽车服务","midType":"充电站","smallType":"充电站","gcj_lng":121.485595,"gcj_lat":31.22684,"wgs84_loc":"121.481113,31.228818","wgs84Lng":"121.481113","wgs84Lat":"31.228818","__source_file__":"13-常用公服设施点/SHP/上海市_充电站.shp"},"geometry":{"type":"Point","coordinates":[121.481113,31.228818]}},{"id":"123","type":"Feature","properties":{"id":"B0H3JZ0U9M","name":"易马达e换电电动自行车充电站(福佑路)","address":"福佑路427号北01号小商品市场停车场","type":"汽车服务;充电站;充电站","typecode":"011100","pcode":310000,"pname":"上海市","citycode":21,"cityname":"上海市","adcode":310101,"adname":"黄浦区","business_a":"城隍庙","location":"121.488093,31.228455","tel":"[]","bigType":"汽车服务","midType":"充电站","smallType":"充电站","gcj_lng":121.488093,"gcj_lat":31.228455,"wgs84_loc":"121.483619,31.230439","wgs84Lng":"121.483619","wgs84Lat":"31.230439","__source_file__":"13-常用公服设施点/SHP/上海市_充电站.shp"},"geometry":{"type":"Point","coordinates":[121.483619,31.230439]}},{"id":"162","type":"Feature","properties":{"id":"B0HRF4ZKL6","name":"特来电充电站(上海黄浦旺角广场)","address":"延安东路175号","type":"汽车服务;充电站;充电站","typecode":"011100","pcode":310000,"pname":"上海市","citycode":21,"cityname":"上海市","adcode":310101,"adname":"黄浦区","business_a":"北京东路","location":"121.484739,31.230818","tel":"4001300001","bigType":"汽车服务","midType":"充电站","smallType":"充电站","gcj_lng":121.484739,"gcj_lat":31.230818,"wgs84_loc":"121.480253,31.232791","wgs84Lng":"121.480253","wgs84Lat":"31.232791","__source_file__":"13-常用公服设施点/SHP/上海市_充电站.shp"},"geometry":{"type":"Point","coordinates":[121.480253,31.232791]}},{"id":"55","type":"Feature","properties":{"id":"B0FFH6D4XM","name":"充电队长汽车充电站(黄体中心及综合办公楼)","address":"山东中路2号","type":"汽车服务;充电站;充电站","typecode":"011100","pcode":310000,"pname":"上海市","citycode":21,"cityname":"上海市","adcode":310101,"adname":"黄浦区","business_a":"北京东路","location":"121.485453,31.232478","tel":"4001037759","bigType":"汽车服务","midType":"充电站","smallType":"充电站","gcj_lng":121.485453,"gcj_lat":31.232478,"wgs84_loc":"121.48097,31.234453","wgs84Lng":"121.48097","wgs84Lat":"31.234453","__source_file__":"13-常用公服设施点/SHP/上海市_充电站.shp"},"geometry":{"type":"Point","coordinates":[121.48097,31.234453]}},{"id":"6720","type":"Feature","properties":{"id":"B0I2YGMND7","name":"小桔充电汽车充电站(外滩中心-小桔)","address":"延安东路222号B3层105-114车位","type":"汽车服务;充电站;充电站","typecode":"011100","pcode":310000,"pname":"上海市","citycode":21,"cityname":"上海市","adcode":310101,"adname":"黄浦区","business_a":"北京路","location":"121.487222,31.232481","tel":"4000610999","bigType":"汽车服务","midType":"充电站","smallType":"充电站","gcj_lng":121.487222,"gcj_lat":31.232481,"wgs84_loc":"121.482745,31.234461","wgs84Lng":"121.482745","wgs84Lat":"31.234461","__source_file__":"13-常用公服设施点/SHP/上海市_充电站.shp"},"geometry":{"type":"Point","coordinates":[121.482745,31.234461]}},{"id":"70","type":"Feature","properties":{"id":"B0FFJL8QIZ","name":"充电队长汽车充电站(华尔道夫大酒店)","address":"四川中路88号","type":"汽车服务;充电站;充电站","typecode":"011100","pcode":310000,"pname":"上海市","citycode":21,"cityname":"上海市","adcode":310101,"adname":"黄浦区","business_a":"北京东路","location":"121.489611,31.233720","tel":"4001037759","bigType":"汽车服务","midType":"充电站","smallType":"充电站","gcj_lng":121.489611,"gcj_lat":31.23372,"wgs84_loc":"121.485142,31.235706","wgs84Lng":"121.485142","wgs84Lat":"31.235706","__source_file__":"13-常用公服设施点/SHP/上海市_充电站.shp"},"geometry":{"type":"Point","coordinates":[121.485142,31.235706]}},{"id":"5600","type":"Feature","properties":{"id":"B0FFK7CSZE","name":"依威能源汽车充电站(华设大厦)","address":"福州路318号华设大厦","type":"汽车服务;充电站;充电站","typecode":"011100","pcode":310000,"pname":"上海市","citycode":21,"cityname":"上海市","adcode":310101,"adname":"黄浦区","business_a":"北京东路","location":"121.484091,31.234708","tel":"4001800910","bigType":"汽车服务","midType":"充电站","smallType":"充电站","gcj_lng":121.484091,"gcj_lat":31.234708,"wgs84_loc":"121.479603,31.236678","wgs84Lng":"121.479603","wgs84Lat":"31.236678","__source_file__":"13-常用公服设施点/SHP/上海市_充电站.shp"},"geometry":{"type":"Point","coordinates":[121.479603,31.236678]}},{"id":"157","type":"Feature","properties":{"id":"B0H67C3PZT","name":"乐华充电上海广场直流汽车充电站","address":"淮海中路138号","type":"汽车服务;充电站;充电站","typecode":"011100","pcode":310000,"pname":"上海市","citycode":21,"cityname":"上海市","adcode":310101,"adname":"黄浦区","business_a":"北京东路","location":"121.477848,31.225384","tel":"[]","bigType":"汽车服务","midType":"充电站","smallType":"充电站","gcj_lng":121.477848,"gcj_lat":31.225384,"wgs84_loc":"121.473339,31.22734","wgs84Lng":"121.473339","wgs84Lat":"31.22734","__source_file__":"13-常用公服设施点/SHP/上海市_充电站.shp"},"geometry":{"type":"Point","coordinates":[121.473339,31.22734]}},{"id":"57","type":"Feature","properties":{"id":"B0H2U5QFOF","name":"星星充电汽车充电站(鑫星恒积大厦)","address":"淮海东路99号","type":"汽车服务;充电站;充电站","typecode":"011100","pcode":310000,"pname":"上海市","citycode":21,"cityname":"上海市","adcode":310101,"adname":"黄浦区","business_a":"淮海路","location":"121.481345,31.225566","tel":"4008280768","bigType":"汽车服务","midType":"充电站","smallType":"充电站","gcj_lng":121.481345,"gcj_lat":31.225566,"wgs84_loc":"121.476848,31.227532","wgs84Lng":"121.476848","wgs84Lat":"31.227532","__source_file__":"13-常用公服设施点/SHP/上海市_充电站.shp"},"geometry":{"type":"Point","coordinates":[121.476848,31.227532]}},{"id":"5451","type":"Feature","properties":{"id":"B0FFJL5R1N","name":"充电队长汽车充电站(金钟广场)","address":"淮海中路98号","type":"汽车服务;充电站;充电站","typecode":"011100","pcode":310000,"pname":"上海市","citycode":21,"cityname":"上海市","adcode":310101,"adname":"黄浦区","business_a":"淮海路","location":"121.479217,31.225610","tel":"4001037759","bigType":"汽车服务","midType":"充电站","smallType":"充电站","gcj_lng":121.479217,"gcj_lat":31.22561,"wgs84_loc":"121.474713,31.22757","wgs84Lng":"121.474713","wgs84Lat":"31.22757","__source_file__":"13-常用公服设施点/SHP/上海市_充电站.shp"},"geometry":{"type":"Point","coordinates":[121.474713,31.22757]}},{"id":"177","type":"Feature","properties":{"id":"B0FFI1BSHO","name":"特来电充电站(上海东淮海国际大厦)","address":"淮海东路49号","type":"汽车服务;充电站;充电站","typecode":"011100","pcode":310000,"pname":"上海市","citycode":21,"cityname":"上海市","adcode":310101,"adname":"黄浦区","business_a":"淮海路","location":"121.482659,31.226126","tel":"[]","bigType":"汽车服务","midType":"充电站","smallType":"充电站","gcj_lng":121.482659,"gcj_lat":31.226126,"wgs84_loc":"121.478166,31.228095","wgs84Lng":"121.478166","wgs84Lat":"31.228095","__source_file__":"13-常用公服设施点/SHP/上海市_充电站.shp"},"geometry":{"type":"Point","coordinates":[121.478166,31.228095]}},{"id":"45","type":"Feature","properties":{"id":"B0G0MRNIAR","name":"汽车充电站(亚龙国际)","address":"金陵东路500号","type":"汽车服务;充电站;充电站","typecode":"011100","pcode":310000,"pname":"上海市","citycode":21,"cityname":"上海市","adcode":310101,"adname":"黄浦区","business_a":"淮海路","location":"121.479856,31.226757","tel":"4008210142","bigType":"汽车服务","midType":"充电站","smallType":"充电站","gcj_lng":121.479856,"gcj_lat":31.226757,"wgs84_loc":"121.475354,31.228718","wgs84Lng":"121.475354","wgs84Lat":"31.228718","__source_file__":"13-常用公服设施点/SHP/上海市_充电站.shp"},"geometry":{"type":"Point","coordinates":[121.475354,31.228718]}},{"id":"5365","type":"Feature","properties":{"id":"B0FFJL8P81","name":"充电队长汽车充电站(福星大厦)","address":"金陵东路505号","type":"汽车服务;充电站;充电站","typecode":"011100","pcode":310000,"pname":"上海市","citycode":21,"cityname":"上海市","adcode":310101,"adname":"黄浦区","business_a":"城隍庙","location":"121.482145,31.227407","tel":"4001037759","bigType":"汽车服务","midType":"充电站","smallType":"充电站","gcj_lng":121.482145,"gcj_lat":31.227407,"wgs84_loc":"121.477651,31.229374","wgs84Lng":"121.477651","wgs84Lat":"31.229374","__source_file__":"13-常用公服设施点/SHP/上海市_充电站.shp"},"geometry":{"type":"Point","coordinates":[121.477651,31.229374]}},{"id":"193","type":"Feature","properties":{"id":"B0HKH7FFL9","name":"国家电网充电站(申鑫大厦站)","address":"宁海东路299号","type":"汽车服务;充电站;充电站","typecode":"011100","pcode":310000,"pname":"上海市","citycode":21,"cityname":"上海市","adcode":310101,"adname":"黄浦区","business_a":"北京东路","location":"121.479796,31.227772","tel":"[]","bigType":"汽车服务","midType":"充电站","smallType":"充电站","gcj_lng":121.479796,"gcj_lat":31.227772,"wgs84_loc":"121.475293,31.229732","wgs84Lng":"121.475293","wgs84Lat":"31.229732","__source_file__":"13-常用公服设施点/SHP/上海市_充电站.shp"},"geometry":{"type":"Point","coordinates":[121.475293,31.229732]}},{"id":"113","type":"Feature","properties":{"id":"B0FFH9071J","name":"国家电网汽车充电站(上海人民广场)","address":"武胜路100号上海人民广场地下停车场二区","type":"汽车服务;充电站;充电站","typecode":"011100","pcode":310000,"pname":"上海市","citycode":21,"cityname":"上海市","adcode":310101,"adname":"黄浦区","business_a":"北京东路","location":"121.476527,31.228752","tel":"[]","bigType":"汽车服务","midType":"充电站","smallType":"充电站","gcj_lng":121.476527,"gcj_lat":31.228752,"wgs84_loc":"121.472013,31.230703","wgs84Lng":"121.472013","wgs84Lat":"31.230703","__source_file__":"13-常用公服设施点/SHP/上海市_充电站.shp"},"geometry":{"type":"Point","coordinates":[121.472013,31.230703]}},{"id":"196","type":"Feature","properties":{"id":"B0GKXCFDB3","name":"乐充充电(港陆广场直流充电站)","address":"西藏中路18号","type":"汽车服务;充电站;充电站","typecode":"011100","pcode":310000,"pname":"上海市","citycode":21,"cityname":"上海市","adcode":310101,"adname":"黄浦区","business_a":"北京东路","location":"121.478737,31.229567","tel":"[]","bigType":"汽车服务","midType":"充电站","smallType":"充电站","gcj_lng":121.478737,"gcj_lat":31.229567,"wgs84_loc":"121.474231,31.231524","wgs84Lng":"121.474231","wgs84Lat":"31.231524","__source_file__":"13-常用公服设施点/SHP/上海市_充电站.shp"},"geometry":{"type":"Point","coordinates":[121.474231,31.231524]}},{"id":"62","type":"Feature","properties":{"id":"B0G06KLV2K","name":"腾势充电站(东海商业中心站)","address":"延安东路618号","type":"汽车服务;充电站;充电站","typecode":"011100","pcode":310000,"pname":"上海市","citycode":21,"cityname":"上海市","adcode":310101,"adname":"黄浦区","business_a":"北京东路","location":"121.480082,31.230139","tel":"[]","bigType":"汽车服务","midType":"充电站","smallType":"充电站","gcj_lng":121.480082,"gcj_lat":31.230139,"wgs84_loc":"121.47558,31.232099","wgs84Lng":"121.47558","wgs84Lat":"31.232099","__source_file__":"13-常用公服设施点/SHP/上海市_充电站.shp"},"geometry":{"type":"Point","coordinates":[121.47558,31.232099]}},{"id":"112","type":"Feature","properties":{"id":"B0FFMCJD1K","name":"星星充电汽车充电站(不对外开放星星充电御龙景苑)","address":"龙皓路111弄","type":"汽车服务;充电站;充电站","typecode":"011100","pcode":310000,"pname":"上海市","citycode":21,"cityname":"上海市","adcode":310101,"adname":"黄浦区","business_a":"城隍庙","location":"121.492038,31.227920","tel":"4008280768","bigType":"汽车服务","midType":"充电站","smallType":"充电站","gcj_lng":121.492038,"gcj_lat":31.22792,"wgs84_loc":"121.487578,31.229916","wgs84Lng":"121.487578","wgs84Lat":"31.229916","__source_file__":"13-常用公服设施点/SHP/上海市_充电站.shp"},"geometry":{"type":"Point","coordinates":[121.487578,31.229916]}},{"id":"6719","type":"Feature","properties":{"id":"B0J1T64WCR","name":"小桔充电汽车充电站(福民商厦充电站)","address":"福民商厦东门(豫园地铁站7号口步行350米)","type":"汽车服务;充电站;充电站","typecode":"011100","pcode":310000,"pname":"上海市","citycode":21,"cityname":"上海市","adcode":310101,"adname":"黄浦区","business_a":"城隍庙","location":"121.492507,31.228328","tel":"4000610999","bigType":"汽车服务","midType":"充电站","smallType":"充电站","gcj_lng":121.492507,"gcj_lat":31.228328,"wgs84_loc":"121.488049,31.230325","wgs84Lng":"121.488049","wgs84Lat":"31.230325","__source_file__":"13-常用公服设施点/SHP/上海市_充电站.shp"},"geometry":{"type":"Point","coordinates":[121.488049,31.230325]}},{"id":"73","type":"Feature","properties":{"id":"B0HG55A0Q2","name":"开迈斯充电站(外滩SOHO)","address":"新开河北路10号地下停车场B4层","type":"汽车服务;充电站;充电站","typecode":"011100","pcode":310000,"pname":"上海市","citycode":21,"cityname":"上海市","adcode":310101,"adname":"黄浦区","business_a":"北京东路","location":"121.493847,31.229768","tel":"4006657666","bigType":"汽车服务","midType":"充电站","smallType":"充电站","gcj_lng":121.493847,"gcj_lat":31.229768,"wgs84_loc":"121.489394,31.231769","wgs84Lng":"121.489394","wgs84Lat":"31.231769","__source_file__":"13-常用公服设施点/SHP/上海市_充电站.shp"},"geometry":{"type":"Point","coordinates":[121.489394,31.231769]}},{"id":"6724","type":"Feature","properties":{"id":"B0J054WDZO","name":"小桔充电汽车充电站(光明金融大厦)","address":"光明金融大厦光明金融大厦小桔充电站","type":"汽车服务;充电站;充电站","typecode":"011100","pcode":310000,"pname":"上海市","citycode":21,"cityname":"上海市","adcode":310101,"adname":"黄浦区","business_a":"北京路","location":"121.492381,31.232011","tel":"4000610999","bigType":"汽车服务","midType":"充电站","smallType":"充电站","gcj_lng":121.492381,"gcj_lat":31.232011,"wgs84_loc":"121.487922,31.234006","wgs84Lng":"121.487922","wgs84Lat":"31.234006","__source_file__":"13-常用公服设施点/SHP/上海市_充电站.shp"},"geometry":{"type":"Point","coordinates":[121.487922,31.234006]}},{"id":"4586","type":"Feature","properties":{"id":"B0GK0U97E6","name":"特斯拉汽车充电站(上海正大广场)","address":"陆家嘴西路168号(近东方明珠塔)","type":"汽车服务;充电站;充电站","typecode":"011100","pcode":310000,"pname":"上海市","citycode":21,"cityname":"上海市","adcode":310115,"adname":"浦东新区","business_a":"陆家嘴","location":"121.498317,31.236439","tel":"[]","bigType":"汽车服务","midType":"充电站","smallType":"充电站","gcj_lng":121.498317,"gcj_lat":31.236439,"wgs84_loc":"121.493879,31.23845","wgs84Lng":"121.493879","wgs84Lat":"31.23845","__source_file__":"13-常用公服设施点/SHP/上海市_充电站.shp"},"geometry":{"type":"Point","coordinates":[121.493879,31.23845]}},{"id":"192","type":"Feature","properties":{"id":"B0H06SEGYH","name":"超吉里程充电站(华设大厦)","address":"福州路318号","type":"汽车服务;充电站;充电站","typecode":"011100","pcode":310000,"pname":"上海市","citycode":21,"cityname":"上海市","adcode":310101,"adname":"黄浦区","business_a":"北京东路","location":"121.484368,31.234727","tel":"[]","bigType":"汽车服务","midType":"充电站","smallType":"充电站","gcj_lng":121.484368,"gcj_lat":31.234727,"wgs84_loc":"121.479881,31.236697","wgs84Lng":"121.479881","wgs84Lat":"31.236697","__source_file__":"13-常用公服设施点/SHP/上海市_充电站.shp"},"geometry":{"type":"Point","coordinates":[121.479881,31.236697]}},{"id":"136","type":"Feature","properties":{"id":"B0G0AHVLL4","name":"华设大厦超级充电站","address":"华设大厦地下停车场B1","type":"汽车服务;充电站;充电站","typecode":"011100","pcode":310000,"pname":"上海市","citycode":21,"cityname":"上海市","adcode":310101,"adname":"黄浦区","business_a":"北京东路","location":"121.484004,31.235271","tel":"18538192180","bigType":"汽车服务","midType":"充电站","smallType":"充电站","gcj_lng":121.484004,"gcj_lat":31.235271,"wgs84_loc":"121.479515,31.23724","wgs84Lng":"121.479515","wgs84Lat":"31.23724","__source_file__":"13-常用公服设施点/SHP/上海市_充电站.shp"},"geometry":{"type":"Point","coordinates":[121.479515,31.23724]}},{"id":"187","type":"Feature","properties":{"id":"B0IBT565K3","name":"上海市黄浦区金融广场充电站","address":"金融广场","type":"汽车服务;充电站;充电站","typecode":"011100","pcode":310000,"pname":"上海市","citycode":21,"cityname":"上海市","adcode":310101,"adname":"黄浦区","business_a":"北京东路","location":"121.483556,31.235493","tel":"4000610999","bigType":"汽车服务","midType":"充电站","smallType":"充电站","gcj_lng":121.483556,"gcj_lat":31.235493,"wgs84_loc":"121.479066,31.237461","wgs84Lng":"121.479066","wgs84Lat":"31.237461","__source_file__":"13-常用公服设施点/SHP/上海市_充电站.shp"},"geometry":{"type":"Point","coordinates":[121.479066,31.237461]}},{"id":"101","type":"Feature","properties":{"id":"B0FFJL8QVR","name":"充电队长汽车充电站(解放日报汉口路)","address":"汉口路298号","type":"汽车服务;充电站;充电站","typecode":"011100","pcode":310000,"pname":"上海市","citycode":21,"cityname":"上海市","adcode":310101,"adname":"黄浦区","business_a":"北京东路","location":"121.484677,31.235873","tel":"4001037759","bigType":"汽车服务","midType":"充电站","smallType":"充电站","gcj_lng":121.484677,"gcj_lat":31.235873,"wgs84_loc":"121.480191,31.237844","wgs84Lng":"121.480191","wgs84Lat":"31.237844","__source_file__":"13-常用公服设施点/SHP/上海市_充电站.shp"},"geometry":{"type":"Point","coordinates":[121.480191,31.237844]}},{"id":"6635","type":"Feature","properties":{"id":"B0IRYCB4NS","name":"国家电网汽车充电站(上海黄浦区恒基名人商业大厦电动汽车充电站)","address":"南京东路155号地下停车场B3层C区(南京东路地铁站3号口步行70米)","type":"汽车服务;充电站;充电站","typecode":"011100","pcode":310000,"pname":"上海市","citycode":21,"cityname":"上海市","adcode":310101,"adname":"黄浦区","business_a":"北京路","location":"121.483857,31.237741","tel":"4000185522","bigType":"汽车服务","midType":"充电站","smallType":"充电站","gcj_lng":121.483857,"gcj_lat":31.237741,"wgs84_loc":"121.479368,31.239709","wgs84Lng":"121.479368","wgs84Lat":"31.239709","__source_file__":"13-常用公服设施点/SHP/上海市_充电站.shp"},"geometry":{"type":"Point","coordinates":[121.479368,31.239709]}},{"id":"96","type":"Feature","properties":{"id":"B0FFKZLQGT","name":"国家电网汽车充电站(上海黄浦区恒基名人商业大厦电动汽车充电站)","address":"天津路155号恒基名人商业大厦B3层","type":"汽车服务;充电站;充电站","typecode":"011100","pcode":310000,"pname":"上海市","citycode":21,"cityname":"上海市","adcode":310101,"adname":"黄浦区","business_a":"北京东路","location":"121.483708,31.238014","tel":"4000185522","bigType":"汽车服务","midType":"充电站","smallType":"充电站","gcj_lng":121.483708,"gcj_lat":31.238014,"wgs84_loc":"121.479218,31.239981","wgs84Lng":"121.479218","wgs84Lat":"31.239981","__source_file__":"13-常用公服设施点/SHP/上海市_充电站.shp"},"geometry":{"type":"Point","coordinates":[121.479218,31.239981]}},{"id":"4737","type":"Feature","properties":{"id":"B0IG1CFQPE","name":"国家电网汽车充电站(上海市黄浦区申华金融大厦公共充电站)","address":"宁波路1号","type":"汽车服务;充电站;充电站","typecode":"011100","pcode":310000,"pname":"上海市","citycode":21,"cityname":"上海市","adcode":310101,"adname":"黄浦区","business_a":"北京东路","location":"121.486600,31.239471","tel":"[]","bigType":"汽车服务","midType":"充电站","smallType":"充电站","gcj_lng":121.4866,"gcj_lat":31.239471,"wgs84_loc":"121.48212,31.241446","wgs84Lng":"121.48212","wgs84Lat":"31.241446","__source_file__":"13-常用公服设施点/SHP/上海市_充电站.shp"},"geometry":{"type":"Point","coordinates":[121.48212,31.241446]}},{"id":"5832","type":"Feature","properties":{"id":"B0IADDV789","name":"星星充电汽车充电站(中石化)","address":"中山东一路24号甲","type":"汽车服务;充电站;充电站","typecode":"011100","pcode":310000,"pname":"上海市","citycode":21,"cityname":"上海市","adcode":310101,"adname":"黄浦区","business_a":"北京东路","location":"121.488814,31.239982","tel":"4008280768","bigType":"汽车服务","midType":"充电站","smallType":"充电站","gcj_lng":121.488814,"gcj_lat":31.239982,"wgs84_loc":"121.484342,31.241963","wgs84Lng":"121.484342","wgs84Lat":"31.241963","__source_file__":"13-常用公服设施点/SHP/上海市_充电站.shp"},"geometry":{"type":"Point","coordinates":[121.484342,31.241963]}},{"id":"143","type":"Feature","properties":{"id":"B0GKNZ87VJ","name":"依威能源汽车充电站(外滩半岛酒店)","address":"中山东一路32号外滩半岛酒店","type":"汽车服务;充电站;充电站","typecode":"011100","pcode":310000,"pname":"上海市","citycode":21,"cityname":"上海市","adcode":310101,"adname":"黄浦区","business_a":"北京东路","location":"121.489201,31.240872","tel":"4001800910","bigType":"汽车服务","midType":"充电站","smallType":"充电站","gcj_lng":121.489201,"gcj_lat":31.240872,"wgs84_loc":"121.48473,31.242854","wgs84Lng":"121.48473","wgs84Lat":"31.242854","__source_file__":"13-常用公服设施点/SHP/上海市_充电站.shp"},"geometry":{"type":"Point","coordinates":[121.48473,31.242854]}},{"id":"56","type":"Feature","properties":{"id":"B0FFHPM2EA","name":"宝马汽车充电站(上海半岛酒店)","address":"中山东一路32号上海半岛酒店地下停车场2层","type":"汽车服务;充电站;充电站","typecode":"011100","pcode":310000,"pname":"上海市","citycode":21,"cityname":"上海市","adcode":310101,"adname":"黄浦区","business_a":"北京东路","location":"121.489399,31.241340","tel":"[]","bigType":"汽车服务","midType":"充电站","smallType":"充电站","gcj_lng":121.489399,"gcj_lat":31.24134,"wgs84_loc":"121.484929,31.243322","wgs84Lng":"121.484929","wgs84Lat":"31.243322","__source_file__":"13-常用公服设施点/SHP/上海市_充电站.shp"},"geometry":{"type":"Point","coordinates":[121.484929,31.243322]}},{"id":"12","type":"Feature","properties":{"id":"B0K2HCMCP3","name":"星星充电汽车充电站(梅赛德斯-奔驰超充站上海正大广场)","address":"正大广场地下停车场","type":"汽车服务;充电站;充电站","typecode":"011100","pcode":310000,"pname":"上海市","citycode":21,"cityname":"上海市","adcode":310115,"adname":"浦东新区","business_a":"陆家嘴","location":"121.499146,31.236846","tel":"4008280768","bigType":"汽车服务","midType":"充电站","smallType":"充电站","gcj_lng":121.499146,"gcj_lat":31.236846,"wgs84_loc":"121.494711,31.238859","wgs84Lng":"121.494711","wgs84Lat":"31.238859","__source_file__":"13-常用公服设施点/SHP/上海市_充电站.shp"},"geometry":{"type":"Point","coordinates":[121.494711,31.238859]}},{"id":"4730","type":"Feature","properties":{"id":"B0FFLHRX3X","name":"云杉智慧汽车充电站-上海滨江国际会议中心充电站","address":"滨江大道2727号","type":"汽车服务;充电站;充电站","typecode":"011100","pcode":310000,"pname":"上海市","citycode":21,"cityname":"上海市","adcode":310115,"adname":"浦东新区","business_a":"陆家嘴","location":"121.498660,31.239013","tel":"4001118220","bigType":"汽车服务","midType":"充电站","smallType":"充电站","gcj_lng":121.49866,"gcj_lat":31.239013,"wgs84_loc":"121.494223,31.241024","wgs84Lng":"121.494223","wgs84Lat":"31.241024","__source_file__":"13-常用公服设施点/SHP/上海市_充电站.shp"},"geometry":{"type":"Point","coordinates":[121.494223,31.241024]}},{"id":"4664","type":"Feature","properties":{"id":"B0FFKWQGI7","name":"云杉智慧汽车充电站(上海滨江国际会议中心)","address":"滨江大道2727号","type":"汽车服务;充电站;充电站","typecode":"011100","pcode":310000,"pname":"上海市","citycode":21,"cityname":"上海市","adcode":310115,"adname":"浦东新区","business_a":"陆家嘴","location":"121.497074,31.239656","tel":"4001118220","bigType":"汽车服务","midType":"充电站","smallType":"充电站","gcj_lng":121.497074,"gcj_lat":31.239656,"wgs84_loc":"121.492631,31.241662","wgs84Lng":"121.492631","wgs84Lat":"31.241662","__source_file__":"13-常用公服设施点/SHP/上海市_充电站.shp"},"geometry":{"type":"Point","coordinates":[121.492631,31.241662]}},{"id":"107","type":"Feature","properties":{"id":"B0FFJL8QUJ","name":"充电队长汽车充电站(上海外滩茂悦大酒店)","address":"黄浦路199号","type":"汽车服务;充电站;充电站","typecode":"011100","pcode":310000,"pname":"上海市","citycode":21,"cityname":"上海市","adcode":310109,"adname":"虹口区","business_a":"提篮桥","location":"121.492885,31.245075","tel":"4001037759","bigType":"汽车服务","midType":"充电站","smallType":"充电站","gcj_lng":121.492885,"gcj_lat":31.245075,"wgs84_loc":"121.488427,31.247066","wgs84Lng":"121.488427","wgs84Lat":"31.247066","__source_file__":"13-常用公服设施点/SHP/上海市_充电站.shp"},"geometry":{"type":"Point","coordinates":[121.488427,31.247066]}},{"id":"185","type":"Feature","properties":{"id":"B0FFGFDU2V","name":"特斯拉汽车充电站(上海外滩茂悦酒店)","address":"黄浦路199号上海外滩茂悦酒店地下停车场2层","type":"汽车服务;充电站;充电站","typecode":"011100","pcode":310000,"pname":"上海市","citycode":21,"cityname":"上海市","adcode":310109,"adname":"虹口区","business_a":"提篮桥","location":"121.492540,31.245080","tel":"[]","bigType":"汽车服务","midType":"充电站","smallType":"充电站","gcj_lng":121.49254,"gcj_lat":31.24508,"wgs84_loc":"121.488081,31.24707","wgs84Lng":"121.488081","wgs84Lat":"31.24707","__source_file__":"13-常用公服设施点/SHP/上海市_充电站.shp"},"geometry":{"type":"Point","coordinates":[121.488081,31.24707]}},{"id":"165","type":"Feature","properties":{"id":"B0FFH5BK86","name":"宝马汽车充电站(上海外滩茂悦酒店)","address":"黄浦路199号上海外滩茂悦酒店地下停车场2层","type":"汽车服务;充电站;充电站","typecode":"011100","pcode":310000,"pname":"上海市","citycode":21,"cityname":"上海市","adcode":310109,"adname":"虹口区","business_a":"提篮桥","location":"121.492540,31.245080","tel":"[]","bigType":"汽车服务","midType":"充电站","smallType":"充电站","gcj_lng":121.49254,"gcj_lat":31.24508,"wgs84_loc":"121.488081,31.24707","wgs84Lng":"121.488081","wgs84Lat":"31.24707","__source_file__":"13-常用公服设施点/SHP/上海市_充电站.shp"},"geometry":{"type":"Point","coordinates":[121.488081,31.24707]}},{"id":"6571","type":"Feature","properties":{"id":"B0K2JPS5VM","name":"小桔充电汽车充电站(小桔充电-虹口外滩茂悦大酒店站)","address":"黄浦路99号上海外滩茂悦大酒店地下停车场","type":"汽车服务;充电站;充电站","typecode":"011100","pcode":310000,"pname":"上海市","citycode":21,"cityname":"上海市","adcode":310109,"adname":"虹口区","business_a":"上海北外滩中心","location":"121.492439,31.245122","tel":"4000610999","bigType":"汽车服务","midType":"充电站","smallType":"充电站","gcj_lng":121.492439,"gcj_lat":31.245122,"wgs84_loc":"121.487979,31.247111","wgs84Lng":"121.487979","wgs84Lat":"31.247111","__source_file__":"13-常用公服设施点/SHP/上海市_充电站.shp"},"geometry":{"type":"Point","coordinates":[121.487979,31.247111]}},{"id":"6498","type":"Feature","properties":{"id":"B0J3245EQ7","name":"壳牌充电汽车充电站(壳牌上海虹口兴旺国际服饰城地下慢充站)","address":"兴旺国际服饰城B2层A区168-173停车位","type":"汽车服务;充电站;充电站","typecode":"011100","pcode":310000,"pname":"上海市","citycode":21,"cityname":"上海市","adcode":310109,"adname":"虹口区","business_a":"上海北外滩中心","location":"121.483310,31.244896","tel":"4007160699","bigType":"汽车服务","midType":"充电站","smallType":"充电站","gcj_lng":121.48331,"gcj_lat":31.244896,"wgs84_loc":"121.478818,31.246859","wgs84Lng":"121.478818","wgs84Lat":"31.246859","__source_file__":"13-常用公服设施点/SHP/上海市_充电站.shp"},"geometry":{"type":"Point","coordinates":[121.478818,31.246859]}},{"id":"6287","type":"Feature","properties":{"id":"B0I16ZWM2D","name":"汽车充电站(蔚来超充站上海苏宁宝丽嘉酒店)","address":"乍浦路与北苏州路交叉口西北40米","type":"汽车服务;充电站;充电站","typecode":"011100","pcode":310000,"pname":"上海市","citycode":21,"cityname":"上海市","adcode":310109,"adname":"虹口区","business_a":"北外滩","location":"121.487639,31.244888","tel":"021-67099903","bigType":"汽车服务","midType":"充电站","smallType":"充电站","gcj_lng":121.487639,"gcj_lat":31.244888,"wgs84_loc":"121.483162,31.246863","wgs84Lng":"121.483162","wgs84Lat":"31.246863","__source_file__":"13-常用公服设施点/SHP/上海市_充电站.shp"},"geometry":{"type":"Point","coordinates":[121.483162,31.246863]}},{"id":"6399","type":"Feature","properties":{"id":"B0IRHKQLBO","name":"汽车充电站(鲸充虹口区兴旺国际服饰城站)","address":"七浦路133号兴旺国际服饰城地下停车场A区","type":"汽车服务;充电站;充电站","typecode":"011100","pcode":310000,"pname":"上海市","citycode":21,"cityname":"上海市","adcode":310109,"adname":"虹口区","business_a":"上海北外滩中心","location":"121.483315,31.244907","tel":"4001101578","bigType":"汽车服务","midType":"充电站","smallType":"充电站","gcj_lng":121.483315,"gcj_lat":31.244907,"wgs84_loc":"121.478823,31.24687","wgs84Lng":"121.478823","wgs84Lat":"31.24687","__source_file__":"13-常用公服设施点/SHP/上海市_充电站.shp"},"geometry":{"type":"Point","coordinates":[121.478823,31.24687]}},{"id":"6277","type":"Feature","properties":{"id":"B0GK9LRITN","name":"蔚来汽车充电站(蔚来超充站上海苏宁宝丽嘉酒店)","address":"北苏州路188号","type":"汽车服务;充电站;充电站","typecode":"011100","pcode":310000,"pname":"上海市","citycode":21,"cityname":"上海市","adcode":310109,"adname":"虹口区","business_a":"北外滩","location":"121.487725,31.244954","tel":"021-67099903","bigType":"汽车服务","midType":"充电站","smallType":"充电站","gcj_lng":121.487725,"gcj_lat":31.244954,"wgs84_loc":"121.483249,31.24693","wgs84Lng":"121.483249","wgs84Lat":"31.24693","__source_file__":"13-常用公服设施点/SHP/上海市_充电站.shp"},"geometry":{"type":"Point","coordinates":[121.483249,31.24693]}},{"id":"6280","type":"Feature","properties":{"id":"B0IRPR49HE","name":"特来电汽车充电站(上海虹口中美信托金融大厦充电站)","address":"吴淞路与福德路交叉口西80米","type":"汽车服务;充电站;充电站","typecode":"011100","pcode":310000,"pname":"上海市","citycode":21,"cityname":"上海市","adcode":310109,"adname":"虹口区","business_a":"北外滩","location":"121.488710,31.245323","tel":"[]","bigType":"汽车服务","midType":"充电站","smallType":"充电站","gcj_lng":121.48871,"gcj_lat":31.245323,"wgs84_loc":"121.484237,31.247301","wgs84Lng":"121.484237","wgs84Lat":"31.247301","__source_file__":"13-常用公服设施点/SHP/上海市_充电站.shp"},"geometry":{"type":"Point","coordinates":[121.484237,31.247301]}},{"id":"573","type":"Feature","properties":{"id":"B0HDFOJRGX","name":"开迈斯汽车充电站","address":"天潼路338号地下停车场P1","type":"汽车服务;充电站;充电站","typecode":"011100","pcode":310000,"pname":"上海市","citycode":21,"cityname":"上海市","adcode":310109,"adname":"虹口区","business_a":"北外滩","location":"121.486271,31.245591","tel":"[]","bigType":"汽车服务","midType":"充电站","smallType":"充电站","gcj_lng":121.486271,"gcj_lat":31.245591,"wgs84_loc":"121.481789,31.247562","wgs84Lng":"121.481789","wgs84Lat":"31.247562","__source_file__":"13-常用公服设施点/SHP/上海市_充电站.shp"},"geometry":{"type":"Point","coordinates":[121.481789,31.247562]}},{"id":"606","type":"Feature","properties":{"id":"B0FFLI3WOU","name":"特斯拉超级充电站(星荟中心)","address":"天潼路328号","type":"汽车服务;充电站;充电站","typecode":"011100","pcode":310000,"pname":"上海市","citycode":21,"cityname":"上海市","adcode":310109,"adname":"虹口区","business_a":"北外滩","location":"121.486736,31.245890","tel":"4009100707","bigType":"汽车服务","midType":"充电站","smallType":"充电站","gcj_lng":121.486736,"gcj_lat":31.24589,"wgs84_loc":"121.482256,31.247862","wgs84Lng":"121.482256","wgs84Lat":"31.247862","__source_file__":"13-常用公服设施点/SHP/上海市_充电站.shp"},"geometry":{"type":"Point","coordinates":[121.482256,31.247862]}},{"id":"617","type":"Feature","properties":{"id":"B0HK1LC3A4","name":"上海虹口城投控股大厦B1(简单冲)","address":"天潼路与吴淞路交叉口东北约60米","type":"汽车服务;充电站;充电站","typecode":"011100","pcode":310000,"pname":"上海市","citycode":21,"cityname":"上海市","adcode":310109,"adname":"虹口区","business_a":"提篮桥","location":"121.490128,31.246143","tel":"[]","bigType":"汽车服务","midType":"充电站","smallType":"充电站","gcj_lng":121.490128,"gcj_lat":31.246143,"wgs84_loc":"121.48566,31.248125","wgs84Lng":"121.48566","wgs84Lat":"31.248125","__source_file__":"13-常用公服设施点/SHP/上海市_充电站.shp"},"geometry":{"type":"Point","coordinates":[121.48566,31.248125]}},{"id":"613","type":"Feature","properties":{"id":"B0H3DDQ3X7","name":"开迈斯超级充电站(星荟中心站)","address":"天潼路338号地下停车场P1号","type":"汽车服务;充电站;充电站","typecode":"011100","pcode":310000,"pname":"上海市","citycode":21,"cityname":"上海市","adcode":310109,"adname":"虹口区","business_a":"北外滩","location":"121.486039,31.246182","tel":"[]","bigType":"汽车服务","midType":"充电站","smallType":"充电站","gcj_lng":121.486039,"gcj_lat":31.246182,"wgs84_loc":"121.481556,31.248152","wgs84Lng":"121.481556","wgs84Lat":"31.248152","__source_file__":"13-常用公服设施点/SHP/上海市_充电站.shp"},"geometry":{"type":"Point","coordinates":[121.481556,31.248152]}},{"id":"3854","type":"Feature","properties":{"id":"B0HG5HAURO","name":"开迈斯充电站(星荟中心)","address":"天潼路338号地下停车场P1","type":"汽车服务;充电站;充电站","typecode":"011100","pcode":310000,"pname":"上海市","citycode":21,"cityname":"上海市","adcode":310109,"adname":"虹口区","business_a":"北外滩","location":"121.486030,31.246318","tel":"[]","bigType":"汽车服务","midType":"充电站","smallType":"充电站","gcj_lng":121.48603,"gcj_lat":31.246318,"wgs84_loc":"121.481547,31.248288","wgs84Lng":"121.481547","wgs84Lat":"31.248288","__source_file__":"13-常用公服设施点/SHP/上海市_充电站.shp"},"geometry":{"type":"Point","coordinates":[121.481547,31.248288]}},{"id":"543","type":"Feature","properties":{"id":"B0H2P5Q8YW","name":"简单充汽车充电站(上海虹口城投控股大厦B1)","address":"吴淞路130号城投控股大厦B1层43-45号车位","type":"汽车服务;充电站;充电站","typecode":"011100","pcode":310000,"pname":"上海市","citycode":21,"cityname":"上海市","adcode":310109,"adname":"虹口区","business_a":"提篮桥","location":"121.490179,31.246389","tel":"4001660606","bigType":"汽车服务","midType":"充电站","smallType":"充电站","gcj_lng":121.490179,"gcj_lat":31.246389,"wgs84_loc":"121.485711,31.248371","wgs84Lng":"121.485711","wgs84Lat":"31.248371","__source_file__":"13-常用公服设施点/SHP/上海市_充电站.shp"},"geometry":{"type":"Point","coordinates":[121.485711,31.248371]}},{"id":"547","type":"Feature","properties":{"id":"B0FFHPLWYH","name":"充电队长汽车充电站(充电队长汽车吴淞路)","address":"吴淞路与武昌路交叉口东50米","type":"汽车服务;充电站;充电站","typecode":"011100","pcode":310000,"pname":"上海市","citycode":21,"cityname":"上海市","adcode":310109,"adname":"虹口区","business_a":"提篮桥","location":"121.490070,31.246794","tel":"4001037759","bigType":"汽车服务","midType":"充电站","smallType":"充电站","gcj_lng":121.49007,"gcj_lat":31.246794,"wgs84_loc":"121.485602,31.248776","wgs84Lng":"121.485602","wgs84Lat":"31.248776","__source_file__":"13-常用公服设施点/SHP/上海市_充电站.shp"},"geometry":{"type":"Point","coordinates":[121.485602,31.248776]}},{"id":"546","type":"Feature","properties":{"id":"B0FFJL5R37","name":"充电队长汽车充电站(上海恒升半岛国际中心大厦)","address":"武昌路258号","type":"汽车服务;充电站;充电站","typecode":"011100","pcode":310000,"pname":"上海市","citycode":21,"cityname":"上海市","adcode":310109,"adname":"虹口区","business_a":"北外滩","location":"121.489459,31.247125","tel":"4001037759","bigType":"汽车服务","midType":"充电站","smallType":"充电站","gcj_lng":121.489459,"gcj_lat":31.247125,"wgs84_loc":"121.484988,31.249105","wgs84Lng":"121.484988","wgs84Lat":"31.249105","__source_file__":"13-常用公服设施点/SHP/上海市_充电站.shp"},"geometry":{"type":"Point","coordinates":[121.484988,31.249105]}},{"id":"598","type":"Feature","properties":{"id":"B0FFIK0HVS","name":"星星充电站(中信广场B2站)","address":"四川北路859号B2层36-44号","type":"汽车服务;充电站;充电站","typecode":"011100","pcode":310000,"pname":"上海市","citycode":21,"cityname":"上海市","adcode":310109,"adname":"虹口区","business_a":"北外滩","location":"121.483364,31.247873","tel":"[]","bigType":"汽车服务","midType":"充电站","smallType":"充电站","gcj_lng":121.483364,"gcj_lat":31.247873,"wgs84_loc":"121.478872,31.249835","wgs84Lng":"121.478872","wgs84Lat":"31.249835","__source_file__":"13-常用公服设施点/SHP/上海市_充电站.shp"},"geometry":{"type":"Point","coordinates":[121.478872,31.249835]}},{"id":"6464","type":"Feature","properties":{"id":"B0JGC9PH0M","name":"国家电网汽车充电站(上海市虹口区虹口科技金融大厦有序)","address":"科技金融大厦地下B2停车场","type":"汽车服务;充电站;充电站","typecode":"011100","pcode":310000,"pname":"上海市","citycode":21,"cityname":"上海市","adcode":310109,"adname":"虹口区","business_a":"上海北外滩中心","location":"121.485765,31.247912","tel":"13062825020","bigType":"汽车服务","midType":"充电站","smallType":"充电站","gcj_lng":121.485765,"gcj_lat":31.247912,"wgs84_loc":"121.481281,31.24988","wgs84Lng":"121.481281","wgs84Lat":"31.24988","__source_file__":"13-常用公服设施点/SHP/上海市_充电站.shp"},"geometry":{"type":"Point","coordinates":[121.481281,31.24988]}},{"id":"6641","type":"Feature","properties":{"id":"B0K6BUGU2I","name":"奥迪汽车充电站(上海中信广场)","address":"四川北路859号B3层212-214","type":"汽车服务;充电站;充电站","typecode":"011100","pcode":310000,"pname":"上海市","citycode":21,"cityname":"上海市","adcode":310109,"adname":"虹口区","business_a":"上海北外滩中心","location":"121.483711,31.248029","tel":"4001300001","bigType":"汽车服务","midType":"充电站","smallType":"充电站","gcj_lng":121.483711,"gcj_lat":31.248029,"wgs84_loc":"121.47922,31.249991","wgs84Lng":"121.47922","wgs84Lat":"31.249991","__source_file__":"13-常用公服设施点/SHP/上海市_充电站.shp"},"geometry":{"type":"Point","coordinates":[121.47922,31.249991]}},{"id":"596","type":"Feature","properties":{"id":"B0FFIIRMZQ","name":"星星充电站(中信广场B3直流1区)","address":"四川北路859号B3层340-345号","type":"汽车服务;充电站;充电站","typecode":"011100","pcode":310000,"pname":"上海市","citycode":21,"cityname":"上海市","adcode":310109,"adname":"虹口区","business_a":"北外滩","location":"121.484034,31.248224","tel":"[]","bigType":"汽车服务","midType":"充电站","smallType":"充电站","gcj_lng":121.484034,"gcj_lat":31.248224,"wgs84_loc":"121.479544,31.250187","wgs84Lng":"121.479544","wgs84Lat":"31.250187","__source_file__":"13-常用公服设施点/SHP/上海市_充电站.shp"},"geometry":{"type":"Point","coordinates":[121.479544,31.250187]}},{"id":"5579","type":"Feature","properties":{"id":"B0FFKDR1VR","name":"依威能源汽车充电站(中信广场)","address":"四川北路859号中信广场中信广场","type":"汽车服务;充电站;充电站","typecode":"011100","pcode":310000,"pname":"上海市","citycode":21,"cityname":"上海市","adcode":310109,"adname":"虹口区","business_a":"七浦路","location":"121.483454,31.248347","tel":"4001800910","bigType":"汽车服务","midType":"充电站","smallType":"充电站","gcj_lng":121.483454,"gcj_lat":31.248347,"wgs84_loc":"121.478962,31.250309","wgs84Lng":"121.478962","wgs84Lat":"31.250309","__source_file__":"13-常用公服设施点/SHP/上海市_充电站.shp"},"geometry":{"type":"Point","coordinates":[121.478962,31.250309]}},{"id":"545","type":"Feature","properties":{"id":"B0HGO5UQTD","name":"汽车充电站(蔚来超充站上海苏宁宝丽嘉酒店)","address":"北苏州路188号","type":"汽车服务;充电站;充电站","typecode":"011100","pcode":310000,"pname":"上海市","citycode":21,"cityname":"上海市","adcode":310109,"adname":"虹口区","business_a":"北外滩","location":"121.484436,31.248674","tel":"[]","bigType":"汽车服务","midType":"充电站","smallType":"充电站","gcj_lng":121.484436,"gcj_lat":31.248674,"wgs84_loc":"121.479948,31.250638","wgs84Lng":"121.479948","wgs84Lat":"31.250638","__source_file__":"13-常用公服设施点/SHP/上海市_充电站.shp"},"geometry":{"type":"Point","coordinates":[121.479948,31.250638]}},{"id":"537","type":"Feature","properties":{"id":"B0FFGI1HYI","name":"汽车充电站(宝御酒店)","address":"吴淞路299号宝御酒店酒店停车场","type":"汽车服务;充电站;充电站","typecode":"011100","pcode":310000,"pname":"上海市","citycode":21,"cityname":"上海市","adcode":310109,"adname":"虹口区","business_a":"北外滩","location":"121.489215,31.248828","tel":"4008280768","bigType":"汽车服务","midType":"充电站","smallType":"充电站","gcj_lng":121.489215,"gcj_lat":31.248828,"wgs84_loc":"121.484743,31.250806","wgs84Lng":"121.484743","wgs84Lat":"31.250806","__source_file__":"13-常用公服设施点/SHP/上海市_充电站.shp"},"geometry":{"type":"Point","coordinates":[121.484743,31.250806]}},{"id":"1466","type":"Feature","properties":{"id":"B0FFLOFWPO","name":"宝马充电站(上海城投控股大厦)","address":"吴淞路130号城投控股大厦B3层52-74号车位","type":"汽车服务;充电站;充电站","typecode":"011100","pcode":310000,"pname":"上海市","citycode":21,"cityname":"上海市","adcode":310109,"adname":"虹口区","business_a":"北外滩","location":"121.490343,31.246103","tel":"4001660606","bigType":"汽车服务","midType":"充电站","smallType":"充电站","gcj_lng":121.490343,"gcj_lat":31.246103,"wgs84_loc":"121.485876,31.248086","wgs84Lng":"121.485876","wgs84Lat":"31.248086","__source_file__":"13-常用公服设施点/SHP/上海市_充电站.shp"},"geometry":{"type":"Point","coordinates":[121.485876,31.248086]}},{"id":"618","type":"Feature","properties":{"id":"B0HK1LBPEY","name":"上海虹口城投控股大厦B3(简单冲)","address":"峨嵋路与天潼路交叉口西北约40米","type":"汽车服务;充电站;充电站","typecode":"011100","pcode":310000,"pname":"上海市","citycode":21,"cityname":"上海市","adcode":310109,"adname":"虹口区","business_a":"提篮桥","location":"121.490485,31.246158","tel":"[]","bigType":"汽车服务","midType":"充电站","smallType":"充电站","gcj_lng":121.490485,"gcj_lat":31.246158,"wgs84_loc":"121.486018,31.248141","wgs84Lng":"121.486018","wgs84Lat":"31.248141","__source_file__":"13-常用公服设施点/SHP/上海市_充电站.shp"},"geometry":{"type":"Point","coordinates":[121.486018,31.248141]}},{"id":"6573","type":"Feature","properties":{"id":"B0KUN7SAXU","name":"特来电汽车充电站(上海北外滩国客中心地下停车场负三层充电站)","address":"北外滩街道上海港国际客运中心","type":"汽车服务;充电站;充电站","typecode":"011100","pcode":310000,"pname":"上海市","citycode":21,"cityname":"上海市","adcode":310109,"adname":"虹口区","business_a":"上海北外滩中心","location":"121.497181,31.247622","tel":"4001300001","bigType":"汽车服务","midType":"充电站","smallType":"充电站","gcj_lng":121.497181,"gcj_lat":31.247622,"wgs84_loc":"121.492738,31.249625","wgs84Lng":"121.492738","wgs84Lat":"31.249625","__source_file__":"13-常用公服设施点/SHP/上海市_充电站.shp"},"geometry":{"type":"Point","coordinates":[121.492738,31.249625]}},{"id":"565","type":"Feature","properties":{"id":"B0FFGK37Q4","name":"特斯拉汽车充电站(紫槐资本)","address":"东大名路588号紫槐资本地下停车场2层-294","type":"汽车服务;充电站;充电站","typecode":"011100","pcode":310000,"pname":"上海市","citycode":21,"cityname":"上海市","adcode":310109,"adname":"虹口区","business_a":"提篮桥","location":"121.498301,31.247870","tel":"[]","bigType":"汽车服务","midType":"充电站","smallType":"充电站","gcj_lng":121.498301,"gcj_lat":31.24787,"wgs84_loc":"121.493862,31.249876","wgs84Lng":"121.493862","wgs84Lat":"31.249876","__source_file__":"13-常用公服设施点/SHP/上海市_充电站.shp"},"geometry":{"type":"Point","coordinates":[121.493862,31.249876]}},{"id":"1612","type":"Feature","properties":{"id":"B0FFHS6L3X","name":"特来电充电站(上海宝矿国际大厦)","address":"吴淞路218号","type":"汽车服务;充电站;充电站","typecode":"011100","pcode":310000,"pname":"上海市","citycode":21,"cityname":"上海市","adcode":310109,"adname":"虹口区","business_a":"北外滩","location":"121.490812,31.248131","tel":"[]","bigType":"汽车服务","midType":"充电站","smallType":"充电站","gcj_lng":121.490812,"gcj_lat":31.248131,"wgs84_loc":"121.486346,31.250114","wgs84Lng":"121.486346","wgs84Lat":"31.250114","__source_file__":"13-常用公服设施点/SHP/上海市_充电站.shp"},"geometry":{"type":"Point","coordinates":[121.486346,31.250114]}},{"id":"534","type":"Feature","properties":{"id":"B0GUZRGEW2","name":"国家电网汽车充电站(上海虹口区白玉兰广场电动汽车充电站)","address":"东大名路501号B3","type":"汽车服务;充电站;充电站","typecode":"011100","pcode":310000,"pname":"上海市","citycode":21,"cityname":"上海市","adcode":310109,"adname":"虹口区","business_a":"提篮桥","location":"121.496753,31.248176","tel":"4000185522","bigType":"汽车服务","midType":"充电站","smallType":"充电站","gcj_lng":121.496753,"gcj_lat":31.248176,"wgs84_loc":"121.492309,31.250177","wgs84Lng":"121.492309","wgs84Lat":"31.250177","__source_file__":"13-常用公服设施点/SHP/上海市_充电站.shp"},"geometry":{"type":"Point","coordinates":[121.492309,31.250177]}},{"id":"1616","type":"Feature","properties":{"id":"B0FFJN6DHU","name":"特来电充电站(上海北外滩白玉兰广场)","address":"东大名路501号","type":"汽车服务;充电站;充电站","typecode":"011100","pcode":310000,"pname":"上海市","citycode":21,"cityname":"上海市","adcode":310109,"adname":"虹口区","business_a":"北外滩","location":"121.498307,31.248528","tel":"[]","bigType":"汽车服务","midType":"充电站","smallType":"充电站","gcj_lng":121.498307,"gcj_lat":31.248528,"wgs84_loc":"121.493868,31.250534","wgs84Lng":"121.493868","wgs84Lat":"31.250534","__source_file__":"13-常用公服设施点/SHP/上海市_充电站.shp"},"geometry":{"type":"Point","coordinates":[121.493868,31.250534]}},{"id":"562","type":"Feature","properties":{"id":"B0FFJL5R2E","name":"充电队长汽车充电站(隆江大厦)","address":"南浔路260","type":"汽车服务;充电站;充电站","typecode":"011100","pcode":310000,"pname":"上海市","citycode":21,"cityname":"上海市","adcode":310109,"adname":"虹口区","business_a":"提篮桥","location":"121.492253,31.248864","tel":"4001037759","bigType":"汽车服务","midType":"充电站","smallType":"充电站","gcj_lng":121.492253,"gcj_lat":31.248864,"wgs84_loc":"121.487792,31.250851","wgs84Lng":"121.487792","wgs84Lat":"31.250851","__source_file__":"13-常用公服设施点/SHP/上海市_充电站.shp"},"geometry":{"type":"Point","coordinates":[121.487792,31.250851]}},{"id":"592","type":"Feature","properties":{"id":"B0HKFOYXCV","name":"依威能源汽车充电站(白金府邸)","address":"旅顺路199弄白金府邸","type":"汽车服务;充电站;充电站","typecode":"011100","pcode":310000,"pname":"上海市","citycode":21,"cityname":"上海市","adcode":310109,"adname":"虹口区","business_a":"提篮桥","location":"121.494458,31.250226","tel":"4001800910","bigType":"汽车服务","midType":"充电站","smallType":"充电站","gcj_lng":121.494458,"gcj_lat":31.250226,"wgs84_loc":"121.490005,31.252219","wgs84Lng":"121.490005","wgs84Lat":"31.252219","__source_file__":"13-常用公服设施点/SHP/上海市_充电站.shp"},"geometry":{"type":"Point","coordinates":[121.490005,31.252219]}},{"id":"1617","type":"Feature","properties":{"id":"B0HG5UB3UT","name":"开迈斯充电站(一方大厦)","address":"东长治路399号地下停车场B3层","type":"汽车服务;充电站;充电站","typecode":"011100","pcode":310000,"pname":"上海市","citycode":21,"cityname":"上海市","adcode":310109,"adname":"虹口区","business_a":"北外滩","location":"121.496674,31.250354","tel":"4006657666","bigType":"汽车服务","midType":"充电站","smallType":"充电站","gcj_lng":121.496674,"gcj_lat":31.250354,"wgs84_loc":"121.492229,31.252354","wgs84Lng":"121.492229","wgs84Lat":"31.252354","__source_file__":"13-常用公服设施点/SHP/上海市_充电站.shp"},"geometry":{"type":"Point","coordinates":[121.492229,31.252354]}},{"id":"597","type":"Feature","properties":{"id":"B0HUV16228","name":"星星充电站(乍浦路)","address":"乍浦路与海宁路交叉口东南约60米","type":"汽车服务;充电站;充电站","typecode":"011100","pcode":310000,"pname":"上海市","citycode":21,"cityname":"上海市","adcode":310109,"adname":"虹口区","business_a":"七浦路","location":"121.487329,31.250396","tel":"[]","bigType":"汽车服务","midType":"充电站","smallType":"充电站","gcj_lng":121.487329,"gcj_lat":31.250396,"wgs84_loc":"121.482851,31.252368","wgs84Lng":"121.482851","wgs84Lat":"31.252368","__source_file__":"13-常用公服设施点/SHP/上海市_充电站.shp"},"geometry":{"type":"Point","coordinates":[121.482851,31.252368]}},{"id":"619","type":"Feature","properties":{"id":"B0FFHCQCVN","name":"挚达充电桩(乍浦路)","address":"乍浦路与海宁路交叉口东南约60米","type":"汽车服务;充电站;充电站","typecode":"011100","pcode":310000,"pname":"上海市","citycode":21,"cityname":"上海市","adcode":310109,"adname":"虹口区","business_a":"北外滩","location":"121.487285,31.250425","tel":"[]","bigType":"汽车服务","midType":"充电站","smallType":"充电站","gcj_lng":121.487285,"gcj_lat":31.250425,"wgs84_loc":"121.482806,31.252397","wgs84Lng":"121.482806","wgs84Lat":"31.252397","__source_file__":"13-常用公服设施点/SHP/上海市_充电站.shp"},"geometry":{"type":"Point","coordinates":[121.482806,31.252397]}},{"id":"549","type":"Feature","properties":{"id":"B0FFGSJGVE","name":"安悦充电汽车充电站(乍浦路)","address":"海宁路307号","type":"汽车服务;充电站;充电站","typecode":"011100","pcode":310000,"pname":"上海市","citycode":21,"cityname":"上海市","adcode":310109,"adname":"虹口区","business_a":"北外滩","location":"121.487285,31.250425","tel":"4009219000","bigType":"汽车服务","midType":"充电站","smallType":"充电站","gcj_lng":121.487285,"gcj_lat":31.250425,"wgs84_loc":"121.482806,31.252397","wgs84Lng":"121.482806","wgs84Lat":"31.252397","__source_file__":"13-常用公服设施点/SHP/上海市_充电站.shp"},"geometry":{"type":"Point","coordinates":[121.482806,31.252397]}},{"id":"1614","type":"Feature","properties":{"id":"B0FFHCQGDA","name":"特来电充电站(上海国际商厦)","address":"海宁路358-1临附近","type":"汽车服务;充电站;充电站","typecode":"011100","pcode":310000,"pname":"上海市","citycode":21,"cityname":"上海市","adcode":310109,"adname":"虹口区","business_a":"七浦路","location":"121.485498,31.250836","tel":"[]","bigType":"汽车服务","midType":"充电站","smallType":"充电站","gcj_lng":121.485498,"gcj_lat":31.250836,"wgs84_loc":"121.481013,31.252802","wgs84Lng":"121.481013","wgs84Lat":"31.252802","__source_file__":"13-常用公服设施点/SHP/上海市_充电站.shp"},"geometry":{"type":"Point","coordinates":[121.481013,31.252802]}},{"id":"586","type":"Feature","properties":{"id":"B0FFHJJ7S9","name":"依威能源汽车充电站(盛邦国际大厦)","address":"四川北路1318号盛邦国际大厦","type":"汽车服务;充电站;充电站","typecode":"011100","pcode":310000,"pname":"上海市","citycode":21,"cityname":"上海市","adcode":310109,"adname":"虹口区","business_a":"七浦路","location":"121.484780,31.250967","tel":"4001800910","bigType":"汽车服务","midType":"充电站","smallType":"充电站","gcj_lng":121.48478,"gcj_lat":31.250967,"wgs84_loc":"121.480293,31.252931","wgs84Lng":"121.480293","wgs84Lat":"31.252931","__source_file__":"13-常用公服设施点/SHP/上海市_充电站.shp"},"geometry":{"type":"Point","coordinates":[121.480293,31.252931]}},{"id":"554","type":"Feature","properties":{"id":"B0FFHUATBO","name":"安悦充电汽车充电站(海宁路)","address":"吴淞路辅路与吴淞路交叉口西约20米","type":"汽车服务;充电站;充电站","typecode":"011100","pcode":310000,"pname":"上海市","citycode":21,"cityname":"上海市","adcode":310109,"adname":"虹口区","business_a":"北外滩","location":"121.488560,31.251252","tel":"[]","bigType":"汽车服务","midType":"充电站","smallType":"充电站","gcj_lng":121.48856,"gcj_lat":31.251252,"wgs84_loc":"121.484086,31.253227","wgs84Lng":"121.484086","wgs84Lat":"31.253227","__source_file__":"13-常用公服设施点/SHP/上海市_充电站.shp"},"geometry":{"type":"Point","coordinates":[121.484086,31.253227]}},{"id":"574","type":"Feature","properties":{"id":"B0FFJS7ZDU","name":"挚达科技汽车充电站","address":"武进路308号附近","type":"汽车服务;充电站;充电站","typecode":"011100","pcode":310000,"pname":"上海市","citycode":21,"cityname":"上海市","adcode":310109,"adname":"虹口区","business_a":"七浦路","location":"121.485460,31.251420","tel":"[]","bigType":"汽车服务","midType":"充电站","smallType":"充电站","gcj_lng":121.48546,"gcj_lat":31.25142,"wgs84_loc":"121.480975,31.253386","wgs84Lng":"121.480975","wgs84Lat":"31.253386","__source_file__":"13-常用公服设施点/SHP/上海市_充电站.shp"},"geometry":{"type":"Point","coordinates":[121.480975,31.253386]}},{"id":"1610","type":"Feature","properties":{"id":"B0FFJJ8U6T","name":"开迈斯充电站(虹口SOHO)","address":"吴淞路575号地下停车场B1层","type":"汽车服务;充电站;充电站","typecode":"011100","pcode":310000,"pname":"上海市","citycode":21,"cityname":"上海市","adcode":310109,"adname":"虹口区","business_a":"[]","location":"121.486378,31.252862","tel":"4006657666","bigType":"汽车服务","midType":"充电站","smallType":"充电站","gcj_lng":121.486378,"gcj_lat":31.252862,"wgs84_loc":"121.481896,31.25483","wgs84Lng":"121.481896","wgs84Lat":"31.25483","__source_file__":"13-常用公服设施点/SHP/上海市_充电站.shp"},"geometry":{"type":"Point","coordinates":[121.481896,31.25483]}},{"id":"6283","type":"Feature","properties":{"id":"B0IU3CJJ9R","name":"汽车充电站(开迈斯充电站专用上海市虹口SOHO交流站)","address":"吴淞路575号地下停车场B1层","type":"汽车服务;充电站;充电站","typecode":"011100","pcode":310000,"pname":"上海市","citycode":21,"cityname":"上海市","adcode":310109,"adname":"虹口区","business_a":"[]","location":"121.485989,31.252892","tel":"4006657666","bigType":"汽车服务","midType":"充电站","smallType":"充电站","gcj_lng":121.485989,"gcj_lat":31.252892,"wgs84_loc":"121.481506,31.254859","wgs84Lng":"121.481506","wgs84Lat":"31.254859","__source_file__":"13-常用公服设施点/SHP/上海市_充电站.shp"},"geometry":{"type":"Point","coordinates":[121.481506,31.254859]}},{"id":"539","type":"Feature","properties":{"id":"B0H17R7RN6","name":"保时捷汽车充电站(上海虹口SOHO)","address":"武进路185号","type":"汽车服务;充电站;充电站","typecode":"011100","pcode":310000,"pname":"上海市","citycode":21,"cityname":"上海市","adcode":310109,"adname":"虹口区","business_a":"[]","location":"121.486692,31.252983","tel":"4006910911","bigType":"汽车服务","midType":"充电站","smallType":"充电站","gcj_lng":121.486692,"gcj_lat":31.252983,"wgs84_loc":"121.482211,31.254952","wgs84Lng":"121.482211","wgs84Lat":"31.254952","__source_file__":"13-常用公服设施点/SHP/上海市_充电站.shp"},"geometry":{"type":"Point","coordinates":[121.482211,31.254952]}},{"id":"6317","type":"Feature","properties":{"id":"B0KD34K6P6","name":"广汽能源汽车充电站(昊铂上海港陆黄浦中心目的地站)","address":"六合路98号","type":"汽车服务;充电站;充电站","typecode":"011100","pcode":310000,"pname":"上海市","citycode":21,"cityname":"上海市","adcode":310101,"adname":"黄浦区","business_a":"北京路","location":"121.475006,31.236588","tel":"4000826699","bigType":"汽车服务","midType":"充电站","smallType":"充电站","gcj_lng":121.475006,"gcj_lat":31.236588,"wgs84_loc":"121.470487,31.238531","wgs84Lng":"121.470487","wgs84Lat":"31.238531","__source_file__":"13-常用公服设施点/SHP/上海市_充电站.shp"},"geometry":{"type":"Point","coordinates":[121.470487,31.238531]}},{"id":"6315","type":"Feature","properties":{"id":"B0J3G66GZ5","name":"广汽能源汽车充电站(昊铂上海港陆黄浦中心超充站)","address":"南京东路街道港陆黄浦中心","type":"汽车服务;充电站;充电站","typecode":"011100","pcode":310000,"pname":"上海市","citycode":21,"cityname":"上海市","adcode":310101,"adname":"黄浦区","business_a":"北京路","location":"121.475030,31.236784","tel":"4000826699","bigType":"汽车服务","midType":"充电站","smallType":"充电站","gcj_lng":121.47503,"gcj_lat":31.236784,"wgs84_loc":"121.470511,31.238727","wgs84Lng":"121.470511","wgs84Lat":"31.238727","__source_file__":"13-常用公服设施点/SHP/上海市_充电站.shp"},"geometry":{"type":"Point","coordinates":[121.470511,31.238727]}},{"id":"191","type":"Feature","properties":{"id":"B0HGVUPOFA","name":"乐华充电(港陆黄浦中心直流充电站）","address":"上海市第一百货商店(南京东路店)","type":"汽车服务;充电站;充电站","typecode":"011100","pcode":310000,"pname":"上海市","citycode":21,"cityname":"上海市","adcode":310101,"adname":"黄浦区","business_a":"北京东路","location":"121.475093,31.236907","tel":"4000610999","bigType":"汽车服务","midType":"充电站","smallType":"充电站","gcj_lng":121.475093,"gcj_lat":31.236907,"wgs84_loc":"121.470574,31.23885","wgs84Lng":"121.470574","wgs84Lat":"31.23885","__source_file__":"13-常用公服设施点/SHP/上海市_充电站.shp"},"geometry":{"type":"Point","coordinates":[121.470574,31.23885]}},{"id":"4738","type":"Feature","properties":{"id":"B0IG1CEY65","name":"国家电网汽车充电站(上海市黄浦区悦达黄浦河滨大厦公共充电站)","address":"新闸路356号","type":"汽车服务;充电站;充电站","typecode":"011100","pcode":310000,"pname":"上海市","citycode":21,"cityname":"上海市","adcode":310101,"adname":"黄浦区","business_a":"北京东路","location":"121.466920,31.239756","tel":"[]","bigType":"汽车服务","midType":"充电站","smallType":"充电站","gcj_lng":121.46692,"gcj_lat":31.239756,"wgs84_loc":"121.462375,31.241676","wgs84Lng":"121.462375","wgs84Lat":"31.241676","__source_file__":"13-常用公服设施点/SHP/上海市_充电站.shp"},"geometry":{"type":"Point","coordinates":[121.462375,31.241676]}},{"id":"1512","type":"Feature","properties":{"id":"B0FFL4Z74N","name":"依威能源汽车充电站(四行天地)","address":"西藏北路18号(近北苏州路)四行天地","type":"汽车服务;充电站;充电站","typecode":"011100","pcode":310000,"pname":"上海市","citycode":21,"cityname":"上海市","adcode":310106,"adname":"静安区","business_a":"北京东路","location":"121.472216,31.241113","tel":"4001800910","bigType":"汽车服务","midType":"充电站","smallType":"充电站","gcj_lng":121.472216,"gcj_lat":31.241113,"wgs84_loc":"121.467687,31.243046","wgs84Lng":"121.467687","wgs84Lat":"31.243046","__source_file__":"13-常用公服设施点/SHP/上海市_充电站.shp"},"geometry":{"type":"Point","coordinates":[121.467687,31.243046]}},{"id":"421","type":"Feature","properties":{"id":"B0HRVRY1MF","name":"汽车充电站(大悦城站)","address":"西藏北路166号","type":"汽车服务;充电站;充电站","typecode":"011100","pcode":310000,"pname":"上海市","citycode":21,"cityname":"上海市","adcode":310106,"adname":"静安区","business_a":"七浦路","location":"121.471976,31.242830","tel":"[]","bigType":"汽车服务","midType":"充电站","smallType":"充电站","gcj_lng":121.471976,"gcj_lat":31.24283,"wgs84_loc":"121.467446,31.244762","wgs84Lng":"121.467446","wgs84Lat":"31.244762","__source_file__":"13-常用公服设施点/SHP/上海市_充电站.shp"},"geometry":{"type":"Point","coordinates":[121.467446,31.244762]}},{"id":"447","type":"Feature","properties":{"id":"B0FFHY1DRN","name":"充电网汽车充电站","address":"西藏北路166号大悦城地下停车场(B3北区)","type":"汽车服务;充电站;充电站","typecode":"011100","pcode":310000,"pname":"上海市","citycode":21,"cityname":"上海市","adcode":310106,"adname":"静安区","business_a":"七浦路","location":"121.471851,31.243298","tel":"[]","bigType":"汽车服务","midType":"充电站","smallType":"充电站","gcj_lng":121.471851,"gcj_lat":31.243298,"wgs84_loc":"121.467321,31.245229","wgs84Lng":"121.467321","wgs84Lat":"31.245229","__source_file__":"13-常用公服设施点/SHP/上海市_充电站.shp"},"geometry":{"type":"Point","coordinates":[121.467321,31.245229]}},{"id":"1529","type":"Feature","properties":{"id":"B0FFHY1HIL","name":"依威能源汽车充电站(蒙古路)","address":"西藏北路211号附近","type":"汽车服务;充电站;充电站","typecode":"011100","pcode":310000,"pname":"上海市","citycode":21,"cityname":"上海市","adcode":310106,"adname":"静安区","business_a":"七浦路","location":"121.470492,31.243573","tel":"[]","bigType":"汽车服务","midType":"充电站","smallType":"充电站","gcj_lng":121.470492,"gcj_lat":31.243573,"wgs84_loc":"121.465957,31.245501","wgs84Lng":"121.465957","wgs84Lat":"31.245501","__source_file__":"13-常用公服设施点/SHP/上海市_充电站.shp"},"geometry":{"type":"Point","coordinates":[121.465957,31.245501]}},{"id":"460","type":"Feature","properties":{"id":"B0G0D58KBD","name":"星星充电汽车充电站(星星充电金城大厦)","address":"海宁路1399号停车场","type":"汽车服务;充电站;充电站","typecode":"011100","pcode":310000,"pname":"上海市","citycode":21,"cityname":"上海市","adcode":310106,"adname":"静安区","business_a":"七浦路","location":"121.468120,31.243670","tel":"4008280768","bigType":"汽车服务","midType":"充电站","smallType":"充电站","gcj_lng":121.46812,"gcj_lat":31.24367,"wgs84_loc":"121.463578,31.245591","wgs84Lng":"121.463578","wgs84Lat":"31.245591","__source_file__":"13-常用公服设施点/SHP/上海市_充电站.shp"},"geometry":{"type":"Point","coordinates":[121.463578,31.245591]}},{"id":"449","type":"Feature","properties":{"id":"B0HKO1M7DI","name":"汽车充电站(星星充电金城大厦)","address":"海宁路1399号停车场","type":"汽车服务;充电站;充电站","typecode":"011100","pcode":310000,"pname":"上海市","citycode":21,"cityname":"上海市","adcode":310106,"adname":"静安区","business_a":"七浦路","location":"121.468745,31.243884","tel":"4008280768","bigType":"汽车服务","midType":"充电站","smallType":"充电站","gcj_lng":121.468745,"gcj_lat":31.243884,"wgs84_loc":"121.464205,31.245807","wgs84Lng":"121.464205","wgs84Lat":"31.245807","__source_file__":"13-常用公服设施点/SHP/上海市_充电站.shp"},"geometry":{"type":"Point","coordinates":[121.464205,31.245807]}},{"id":"463","type":"Feature","properties":{"id":"B0FFK4YM6H","name":"星星充电汽车充电站(星星充电隆宇商业生活广场)","address":"恒丰路329号","type":"汽车服务;充电站;充电站","typecode":"011100","pcode":310000,"pname":"上海市","citycode":21,"cityname":"上海市","adcode":310106,"adname":"静安区","business_a":"[]","location":"121.456114,31.243399","tel":"[]","bigType":"汽车服务","midType":"充电站","smallType":"充电站","gcj_lng":121.456114,"gcj_lat":31.243399,"wgs84_loc":"121.451537,31.245291","wgs84Lng":"121.451537","wgs84Lat":"31.245291","__source_file__":"13-常用公服设施点/SHP/上海市_充电站.shp"},"geometry":{"type":"Point","coordinates":[121.451537,31.245291]}},{"id":"1579","type":"Feature","properties":{"id":"B0H0ONX176","name":"中小型客车泊位","address":"共和路嘉里不夜城","type":"汽车服务;充电站;充电站","typecode":"011100","pcode":310000,"pname":"上海市","citycode":21,"cityname":"上海市","adcode":310106,"adname":"静安区","business_a":"[]","location":"121.457250,31.244145","tel":"[]","bigType":"汽车服务","midType":"充电站","smallType":"充电站","gcj_lng":121.45725,"gcj_lat":31.244145,"wgs84_loc":"121.452676,31.24604","wgs84Lng":"121.452676","wgs84Lat":"31.24604","__source_file__":"13-常用公服设施点/SHP/上海市_充电站.shp"},"geometry":{"type":"Point","coordinates":[121.452676,31.24604]}},{"id":"6567","type":"Feature","properties":{"id":"B0J19SWQ2T","name":"中万石化天目中路充电站","address":"天目中路620号","type":"汽车服务;充电站;充电站","typecode":"011100","pcode":310000,"pname":"上海市","citycode":21,"cityname":"上海市","adcode":310106,"adname":"静安区","business_a":"七浦路","location":"121.463408,31.244146","tel":"13816269992;18721016352","bigType":"汽车服务","midType":"充电站","smallType":"充电站","gcj_lng":121.463408,"gcj_lat":31.244146,"wgs84_loc":"121.458852,31.246055","wgs84Lng":"121.458852","wgs84Lat":"31.246055","__source_file__":"13-常用公服设施点/SHP/上海市_充电站.shp"},"geometry":{"type":"Point","coordinates":[121.458852,31.246055]}},{"id":"483","type":"Feature","properties":{"id":"B0G3MZVGBT","name":"中国石化停车充电站(大统路)","address":"天目中路620号","type":"汽车服务;充电站;充电站","typecode":"011100","pcode":310000,"pname":"上海市","citycode":21,"cityname":"上海市","adcode":310106,"adname":"静安区","business_a":"七浦路","location":"121.463396,31.244158","tel":"021-59923613","bigType":"汽车服务","midType":"充电站","smallType":"充电站","gcj_lng":121.463396,"gcj_lat":31.244158,"wgs84_loc":"121.45884,31.246067","wgs84Lng":"121.45884","wgs84Lat":"31.246067","__source_file__":"13-常用公服设施点/SHP/上海市_充电站.shp"},"geometry":{"type":"Point","coordinates":[121.45884,31.246067]}},{"id":"1492","type":"Feature","properties":{"id":"B0HAMC2H5K","name":"达邦协作广场地上P1停车场举视充电站","address":"达邦协作广场地上停车场C区","type":"汽车服务;充电站;充电站","typecode":"011100","pcode":310000,"pname":"上海市","citycode":21,"cityname":"上海市","adcode":310106,"adname":"静安区","business_a":"[]","location":"121.455465,31.244688","tel":"[]","bigType":"汽车服务","midType":"充电站","smallType":"充电站","gcj_lng":121.455465,"gcj_lat":31.244688,"wgs84_loc":"121.450886,31.246578","wgs84Lng":"121.450886","wgs84Lat":"31.246578","__source_file__":"13-常用公服设施点/SHP/上海市_充电站.shp"},"geometry":{"type":"Point","coordinates":[121.450886,31.246578]}},{"id":"1507","type":"Feature","properties":{"id":"B0HA9Y7EU9","name":"达邦协作广场P1地上车库举视充电站","address":"民立路132号","type":"汽车服务;充电站;充电站","typecode":"011100","pcode":310000,"pname":"上海市","citycode":21,"cityname":"上海市","adcode":310106,"adname":"静安区","business_a":"[]","location":"121.455460,31.244926","tel":"[]","bigType":"汽车服务","midType":"充电站","smallType":"充电站","gcj_lng":121.45546,"gcj_lat":31.244926,"wgs84_loc":"121.450881,31.246816","wgs84Lng":"121.450881","wgs84Lat":"31.246816","__source_file__":"13-常用公服设施点/SHP/上海市_充电站.shp"},"geometry":{"type":"Point","coordinates":[121.450881,31.246816]}},{"id":"1500","type":"Feature","properties":{"id":"B0FFGI1WMH","name":"依威能源汽车充电站(天目中路)","address":"天目中路585号新梅大厦停车场内","type":"汽车服务;充电站;充电站","typecode":"011100","pcode":310000,"pname":"上海市","citycode":21,"cityname":"上海市","adcode":310106,"adname":"静安区","business_a":"宝山路","location":"121.464130,31.245310","tel":"4001800910","bigType":"汽车服务","midType":"充电站","smallType":"充电站","gcj_lng":121.46413,"gcj_lat":31.24531,"wgs84_loc":"121.459576,31.24722","wgs84Lng":"121.459576","wgs84Lat":"31.24722","__source_file__":"13-常用公服设施点/SHP/上海市_充电站.shp"},"geometry":{"type":"Point","coordinates":[121.459576,31.24722]}},{"id":"452","type":"Feature","properties":{"id":"B0FFH10LDE","name":"新梅大厦充电站","address":"天目中路辅路与新民支路交叉口北约100米","type":"汽车服务;充电站;充电站","typecode":"011100","pcode":310000,"pname":"上海市","citycode":21,"cityname":"上海市","adcode":310106,"adname":"静安区","business_a":"宝山路","location":"121.464130,31.245310","tel":"[]","bigType":"汽车服务","midType":"充电站","smallType":"充电站","gcj_lng":121.46413,"gcj_lat":31.24531,"wgs84_loc":"121.459576,31.24722","wgs84Lng":"121.459576","wgs84Lat":"31.24722","__source_file__":"13-常用公服设施点/SHP/上海市_充电站.shp"},"geometry":{"type":"Point","coordinates":[121.459576,31.24722]}},{"id":"472","type":"Feature","properties":{"id":"B0FFHCBBBG","name":"挚达科技汽车充电站(天目西路)","address":"天目中路立交桥与天目西路交叉口西50米","type":"汽车服务;充电站;充电站","typecode":"011100","pcode":310000,"pname":"上海市","citycode":21,"cityname":"上海市","adcode":310106,"adname":"静安区","business_a":"宝山路","location":"121.457808,31.246223","tel":"[]","bigType":"汽车服务","midType":"充电站","smallType":"充电站","gcj_lng":121.457808,"gcj_lat":31.246223,"wgs84_loc":"121.453236,31.248118","wgs84Lng":"121.453236","wgs84Lat":"31.248118","__source_file__":"13-常用公服设施点/SHP/上海市_充电站.shp"},"geometry":{"type":"Point","coordinates":[121.453236,31.248118]}},{"id":"6557","type":"Feature","properties":{"id":"B0J0Y4AESZ","name":"小桔充电汽车充电站(i玖充电丽丰天际中心快充站)","address":"天目西路99号地下停车场171(上海火车站地铁站6号口步行370米)","type":"汽车服务;充电站;充电站","typecode":"011100","pcode":310000,"pname":"上海市","citycode":21,"cityname":"上海市","adcode":310106,"adname":"静安区","business_a":"宝山路","location":"121.459654,31.246399","tel":"4000610999","bigType":"汽车服务","midType":"充电站","smallType":"充电站","gcj_lng":121.459654,"gcj_lat":31.246399,"wgs84_loc":"121.455087,31.248298","wgs84Lng":"121.455087","wgs84Lat":"31.248298","__source_file__":"13-常用公服设施点/SHP/上海市_充电站.shp"},"geometry":{"type":"Point","coordinates":[121.455087,31.248298]}},{"id":"4739","type":"Feature","properties":{"id":"B0IG1CEY66","name":"国家电网汽车充电站(上海市黄浦区新协通国际大酒店公共充电站)","address":"北京东路398号","type":"汽车服务;充电站;充电站","typecode":"011100","pcode":310000,"pname":"上海市","citycode":21,"cityname":"上海市","adcode":310101,"adname":"黄浦区","business_a":"北京东路","location":"121.482320,31.240454","tel":"[]","bigType":"汽车服务","midType":"充电站","smallType":"充电站","gcj_lng":121.48232,"gcj_lat":31.240454,"wgs84_loc":"121.477825,31.242416","wgs84Lng":"121.477825","wgs84Lat":"31.242416","__source_file__":"13-常用公服设施点/SHP/上海市_充电站.shp"},"geometry":{"type":"Point","coordinates":[121.477825,31.242416]}},{"id":"5796","type":"Feature","properties":{"id":"B0HALY4CCO","name":"小桔充电充电站(BP快速站上海第一百货商店)","address":"上海市第一百货商店(南京东路店)","type":"汽车服务;充电站;充电站","typecode":"011100","pcode":310000,"pname":"上海市","citycode":21,"cityname":"上海市","adcode":310106,"adname":"静安区","business_a":"北京东路","location":"121.481353,31.242211","tel":"[]","bigType":"汽车服务","midType":"充电站","smallType":"充电站","gcj_lng":121.481353,"gcj_lat":31.242211,"wgs84_loc":"121.476855,31.244169","wgs84Lng":"121.476855","wgs84Lat":"31.244169","__source_file__":"13-常用公服设施点/SHP/上海市_充电站.shp"},"geometry":{"type":"Point","coordinates":[121.476855,31.244169]}},{"id":"507","type":"Feature","properties":{"id":"B0G2KRTGEW","name":"国家电网汽车充电站(上海静安区宝格丽电动汽车充电站)","address":"河南北路33号","type":"汽车服务;充电站;充电站","typecode":"011100","pcode":310000,"pname":"上海市","citycode":21,"cityname":"上海市","adcode":310106,"adname":"静安区","business_a":"北京东路","location":"121.480836,31.242222","tel":"4000185522","bigType":"汽车服务","midType":"充电站","smallType":"充电站","gcj_lng":121.480836,"gcj_lat":31.242222,"wgs84_loc":"121.476336,31.244179","wgs84Lng":"121.476336","wgs84Lat":"31.244179","__source_file__":"13-常用公服设施点/SHP/上海市_充电站.shp"},"geometry":{"type":"Point","coordinates":[121.476336,31.244179]}},{"id":"467","type":"Feature","properties":{"id":"B0FFJL3PAN","name":"安悦汽车充电站(联富服装城)","address":"河南北路99号","type":"汽车服务;充电站;充电站","typecode":"011100","pcode":310000,"pname":"上海市","citycode":21,"cityname":"上海市","adcode":310106,"adname":"静安区","business_a":"七浦路","location":"121.481701,31.244357","tel":"4009219000","bigType":"汽车服务","midType":"充电站","smallType":"充电站","gcj_lng":121.481701,"gcj_lat":31.244357,"wgs84_loc":"121.477204,31.246315","wgs84Lng":"121.477204","wgs84Lat":"31.246315","__source_file__":"13-常用公服设施点/SHP/上海市_充电站.shp"},"geometry":{"type":"Point","coordinates":[121.477204,31.246315]}},{"id":"1513","type":"Feature","properties":{"id":"B0FFL4DFAP","name":"依威能源汽车充电站(万豪公寓塘沽路)","address":"塘沽路835号1103万豪公寓","type":"汽车服务;充电站;充电站","typecode":"011100","pcode":310000,"pname":"上海市","citycode":21,"cityname":"上海市","adcode":310106,"adname":"静安区","business_a":"七浦路","location":"121.479650,31.245948","tel":"4001800910","bigType":"汽车服务","midType":"充电站","smallType":"充电站","gcj_lng":121.47965,"gcj_lat":31.245948,"wgs84_loc":"121.475145,31.2479","wgs84Lng":"121.475145","wgs84Lat":"31.2479","__source_file__":"13-常用公服设施点/SHP/上海市_充电站.shp"},"geometry":{"type":"Point","coordinates":[121.475145,31.2479]}},{"id":"503","type":"Feature","properties":{"id":"B0I676NUPZ","name":"汽车充电站(蔚来超充站上海长泰企业天地广场)","address":"海宁路899号","type":"汽车服务;充电站;充电站","typecode":"011100","pcode":310000,"pname":"上海市","citycode":21,"cityname":"上海市","adcode":310106,"adname":"静安区","business_a":"七浦路","location":"121.477202,31.246035","tel":"021-67099903","bigType":"汽车服务","midType":"充电站","smallType":"充电站","gcj_lng":121.477202,"gcj_lat":31.246035,"wgs84_loc":"121.472689,31.24798","wgs84Lng":"121.472689","wgs84Lat":"31.24798","__source_file__":"13-常用公服设施点/SHP/上海市_充电站.shp"},"geometry":{"type":"Point","coordinates":[121.472689,31.24798]}},{"id":"5874","type":"Feature","properties":{"id":"B0IAL5VX9U","name":"星星充电汽车充电站(圣和圣广场)","address":"塘沽路766号(天潼路地铁站6号口步行360米)","type":"汽车服务;充电站;充电站","typecode":"011100","pcode":310000,"pname":"上海市","citycode":21,"cityname":"上海市","adcode":310106,"adname":"静安区","business_a":"七浦路","location":"121.480765,31.246489","tel":"4008280768","bigType":"汽车服务","midType":"充电站","smallType":"充电站","gcj_lng":121.480765,"gcj_lat":31.246489,"wgs84_loc":"121.476264,31.248444","wgs84Lng":"121.476264","wgs84Lat":"31.248444","__source_file__":"13-常用公服设施点/SHP/上海市_充电站.shp"},"geometry":{"type":"Point","coordinates":[121.476264,31.248444]}},{"id":"5641","type":"Feature","properties":{"id":"B0G0ARXA1O","name":"星星充电汽车充电站(静安区圣和圣广场)","address":"塘沽路766号","type":"汽车服务;充电站;充电站","typecode":"011100","pcode":310000,"pname":"上海市","citycode":21,"cityname":"上海市","adcode":310106,"adname":"静安区","business_a":"七浦路","location":"121.480820,31.246838","tel":"[]","bigType":"汽车服务","midType":"充电站","smallType":"充电站","gcj_lng":121.48082,"gcj_lat":31.246838,"wgs84_loc":"121.476319,31.248793","wgs84Lng":"121.476319","wgs84Lat":"31.248793","__source_file__":"13-常用公服设施点/SHP/上海市_充电站.shp"},"geometry":{"type":"Point","coordinates":[121.476319,31.248793]}},{"id":"6400","type":"Feature","properties":{"id":"B0L6A7LYDZ","name":"特来电汽车充电站(上海虹口滨港商业中心充电项目)","address":"四川北路街道今潮8弄盛邦国际大厦","type":"汽车服务;充电站;充电站","typecode":"011100","pcode":310000,"pname":"上海市","citycode":21,"cityname":"上海市","adcode":310109,"adname":"虹口区","business_a":"七浦路","location":"121.482532,31.251045","tel":"4001300001","bigType":"汽车服务","midType":"充电站","smallType":"充电站","gcj_lng":121.482532,"gcj_lat":31.251045,"wgs84_loc":"121.478037,31.253003","wgs84Lng":"121.478037","wgs84Lat":"31.253003","__source_file__":"13-常用公服设施点/SHP/上海市_充电站.shp"},"geometry":{"type":"Point","coordinates":[121.478037,31.253003]}},{"id":"1584","type":"Feature","properties":{"id":"B0FFH6D45M","name":"蒙特利名都城东区充电站","address":"永兴路39弄蒙特利名都城东区内","type":"汽车服务;充电站;充电站","typecode":"011100","pcode":310000,"pname":"上海市","citycode":21,"cityname":"上海市","adcode":310106,"adname":"静安区","business_a":"宝山路","location":"121.475980,31.255688","tel":"[]","bigType":"汽车服务","midType":"充电站","smallType":"充电站","gcj_lng":121.47598,"gcj_lat":31.255688,"wgs84_loc":"121.471462,31.257625","wgs84Lng":"121.471462","wgs84Lat":"31.257625","__source_file__":"13-常用公服设施点/SHP/上海市_充电站.shp"},"geometry":{"type":"Point","coordinates":[121.471462,31.257625]}},{"id":"4833","type":"Feature","properties":{"id":"B0FFH6D6FZ","name":"依威能源汽车充电站(农商总部大楼)","address":"西藏北路199号农商总部大楼","type":"汽车服务;充电站;充电站","typecode":"011100","pcode":310000,"pname":"上海市","citycode":21,"cityname":"上海市","adcode":310106,"adname":"静安区","business_a":"七浦路","location":"121.471594,31.243889","tel":"4001800910","bigType":"汽车服务","midType":"充电站","smallType":"充电站","gcj_lng":121.471594,"gcj_lat":31.243889,"wgs84_loc":"121.467063,31.245819","wgs84Lng":"121.467063","wgs84Lat":"31.245819","__source_file__":"13-常用公服设施点/SHP/上海市_充电站.shp"},"geometry":{"type":"Point","coordinates":[121.467063,31.245819]}},{"id":"5820","type":"Feature","properties":{"id":"B0FFJJ37MK","name":"怪兽充电(梅园春晓上海大悦城北座)","address":"西藏北路166号上海大悦城北座L7层N707","type":"汽车服务;充电站;充电站","typecode":"011100","pcode":310000,"pname":"上海市","citycode":21,"cityname":"上海市","adcode":310106,"adname":"静安区","business_a":"七浦路","location":"121.472388,31.244492","tel":"[]","bigType":"汽车服务","midType":"充电站","smallType":"充电站","gcj_lng":121.472388,"gcj_lat":31.244492,"wgs84_loc":"121.467859,31.246424","wgs84Lng":"121.467859","wgs84Lat":"31.246424","__source_file__":"13-常用公服设施点/SHP/上海市_充电站.shp"},"geometry":{"type":"Point","coordinates":[121.467859,31.246424]}},{"id":"6560","type":"Feature","properties":{"id":"B0K3YXD2EV","name":"特来电汽车充电站(上海静安汇能大悦中心超充站)","address":"北站街道汇能大悦中心(曲阜路地铁站5号口步行250米)","type":"汽车服务;充电站;充电站","typecode":"011100","pcode":310000,"pname":"上海市","citycode":21,"cityname":"上海市","adcode":310106,"adname":"静安区","business_a":"七浦路","location":"121.473348,31.244640","tel":"4001300001","bigType":"汽车服务","midType":"充电站","smallType":"充电站","gcj_lng":121.473348,"gcj_lat":31.24464,"wgs84_loc":"121.468823,31.246575","wgs84Lng":"121.468823","wgs84Lat":"31.246575","__source_file__":"13-常用公服设施点/SHP/上海市_充电站.shp"},"geometry":{"type":"Point","coordinates":[121.468823,31.246575]}},{"id":"4832","type":"Feature","properties":{"id":"B0FFL4QIKU","name":"依威能源汽车充电站(万佳商厦)","address":"天目中路353号","type":"汽车服务;充电站;充电站","typecode":"011100","pcode":310000,"pname":"上海市","citycode":21,"cityname":"上海市","adcode":310106,"adname":"静安区","business_a":"宝山路","location":"121.468429,31.245634","tel":"4001800910","bigType":"汽车服务","midType":"充电站","smallType":"充电站","gcj_lng":121.468429,"gcj_lat":31.245634,"wgs84_loc":"121.463888,31.247555","wgs84Lng":"121.463888","wgs84Lat":"31.247555","__source_file__":"13-常用公服设施点/SHP/上海市_充电站.shp"},"geometry":{"type":"Point","coordinates":[121.463888,31.247555]}},{"id":"1499","type":"Feature","properties":{"id":"B0FFGI8E7T","name":"依威能源充电站(蓝宝石大厦)","address":"天目中路253号蓝宝石大厦","type":"汽车服务;充电站;充电站","typecode":"011100","pcode":310000,"pname":"上海市","citycode":21,"cityname":"上海市","adcode":310106,"adname":"静安区","business_a":"宝山路","location":"121.470180,31.246875","tel":"4001800910","bigType":"汽车服务","midType":"充电站","smallType":"充电站","gcj_lng":121.47018,"gcj_lat":31.246875,"wgs84_loc":"121.465644,31.2488","wgs84Lng":"121.465644","wgs84Lat":"31.2488","__source_file__":"13-常用公服设施点/SHP/上海市_充电站.shp"},"geometry":{"type":"Point","coordinates":[121.465644,31.2488]}},{"id":"1515","type":"Feature","properties":{"id":"B0FFL5ALRA","name":"依威能源汽车充电站(希尔顿逸林大酒店)","address":"西藏北路558号西藏北路558号","type":"汽车服务;充电站;充电站","typecode":"011100","pcode":310000,"pname":"上海市","citycode":21,"cityname":"上海市","adcode":310106,"adname":"静安区","business_a":"宝山路","location":"121.469873,31.250956","tel":"4001800910","bigType":"汽车服务","midType":"充电站","smallType":"充电站","gcj_lng":121.469873,"gcj_lat":31.250956,"wgs84_loc":"121.465336,31.252879","wgs84Lng":"121.465336","wgs84Lat":"31.252879","__source_file__":"13-常用公服设施点/SHP/上海市_充电站.shp"},"geometry":{"type":"Point","coordinates":[121.465336,31.252879]}},{"id":"492","type":"Feature","properties":{"id":"B0FFH71PMS","name":"充电队长汽车充电站(蒙特利城1期)","address":"公兴路175号附近","type":"汽车服务;充电站;充电站","typecode":"011100","pcode":310000,"pname":"上海市","citycode":21,"cityname":"上海市","adcode":310106,"adname":"静安区","business_a":"宝山路","location":"121.474630,31.254936","tel":"4001037759","bigType":"汽车服务","midType":"充电站","smallType":"充电站","gcj_lng":121.47463,"gcj_lat":31.254936,"wgs84_loc":"121.470108,31.25687","wgs84Lng":"121.470108","wgs84Lat":"31.25687","__source_file__":"13-常用公服设施点/SHP/上海市_充电站.shp"},"geometry":{"type":"Point","coordinates":[121.470108,31.25687]}},{"id":"1525","type":"Feature","properties":{"id":"B0FFHMUB4Y","name":"依威能源汽车充电站(金棕榈公寓)","address":"南山路35弄金棕榈公寓","type":"汽车服务;充电站;充电站","typecode":"011100","pcode":310000,"pname":"上海市","citycode":21,"cityname":"上海市","adcode":310106,"adname":"静安区","business_a":"宝山路","location":"121.466607,31.256900","tel":"4001800910","bigType":"汽车服务","midType":"充电站","smallType":"充电站","gcj_lng":121.466607,"gcj_lat":31.2569,"wgs84_loc":"121.462059,31.258812","wgs84Lng":"121.462059","wgs84Lat":"31.258812","__source_file__":"13-常用公服设施点/SHP/上海市_充电站.shp"},"geometry":{"type":"Point","coordinates":[121.462059,31.258812]}},{"id":"5768","type":"Feature","properties":{"id":"B0FFH90JSB","name":"安悦充电汽车充电站","address":"中山北一路178号","type":"汽车服务;充电站;充电站","typecode":"011100","pcode":310000,"pname":"上海市","citycode":21,"cityname":"上海市","adcode":310106,"adname":"静安区","business_a":"宝山路","location":"121.471116,31.265201","tel":"[]","bigType":"汽车服务","midType":"充电站","smallType":"充电站","gcj_lng":121.471116,"gcj_lat":31.265201,"wgs84_loc":"121.466582,31.267121","wgs84Lng":"121.466582","wgs84Lat":"31.267121","__source_file__":"13-常用公服设施点/SHP/上海市_充电站.shp"},"geometry":{"type":"Point","coordinates":[121.466582,31.267121]}},{"id":"1","type":"Feature","properties":{"id":"B0HKTZ107W","name":"中国石化汽车充电站(新炼站)","address":"西宝兴路694号地面停车场(西藏北路地铁站1号口步行340米)","type":"汽车服务;充电站;充电站","typecode":"011100","pcode":310000,"pname":"上海市","citycode":21,"cityname":"上海市","adcode":310106,"adname":"静安区","business_a":"和田","location":"121.470881,31.266025","tel":"4001300001","bigType":"汽车服务","midType":"充电站","smallType":"充电站","gcj_lng":121.470881,"gcj_lat":31.266025,"wgs84_loc":"121.466346,31.267944","wgs84Lng":"121.466346","wgs84Lat":"31.267944","__source_file__":"13-常用公服设施点/SHP/上海市_充电站.shp"},"geometry":{"type":"Point","coordinates":[121.466346,31.267944]}},{"id":"1498","type":"Feature","properties":{"id":"B0G33ZWE5T","name":"依威能源汽车充电站(昆泰大厦)","address":"中兴路1101号昆泰大厦","type":"汽车服务;充电站;充电站","typecode":"011100","pcode":310000,"pname":"上海市","citycode":21,"cityname":"上海市","adcode":310106,"adname":"静安区","business_a":"宝山路","location":"121.465015,31.252928","tel":"4001800910","bigType":"汽车服务","midType":"充电站","smallType":"充电站","gcj_lng":121.465015,"gcj_lat":31.252928,"wgs84_loc":"121.460463,31.254837","wgs84Lng":"121.460463","wgs84Lat":"31.254837","__source_file__":"13-常用公服设施点/SHP/上海市_充电站.shp"},"geometry":{"type":"Point","coordinates":[121.460463,31.254837]}},{"id":"6568","type":"Feature","properties":{"id":"B0I0CGGJN3","name":"小桔充电汽车充电站(平高上海金融街中心充电站)","address":"金融街融泰中心停车场","type":"汽车服务;充电站;充电站","typecode":"011100","pcode":310000,"pname":"上海市","citycode":21,"cityname":"上海市","adcode":310106,"adname":"静安区","business_a":"不夜城","location":"121.457775,31.253214","tel":"4000610999","bigType":"汽车服务","midType":"充电站","smallType":"充电站","gcj_lng":121.457775,"gcj_lat":31.253214,"wgs84_loc":"121.453202,31.255106","wgs84Lng":"121.453202","wgs84Lat":"31.255106","__source_file__":"13-常用公服设施点/SHP/上海市_充电站.shp"},"geometry":{"type":"Point","coordinates":[121.453202,31.255106]}},{"id":"440","type":"Feature","properties":{"id":"B0FFLFSATO","name":"充电站","address":"芷江西路488号","type":"汽车服务;充电站;充电站","typecode":"011100","pcode":310000,"pname":"上海市","citycode":21,"cityname":"上海市","adcode":310106,"adname":"静安区","business_a":"和田","location":"121.458043,31.256298","tel":"4001300001","bigType":"汽车服务","midType":"充电站","smallType":"充电站","gcj_lng":121.458043,"gcj_lat":31.256298,"wgs84_loc":"121.45347,31.258189","wgs84Lng":"121.45347","wgs84Lat":"31.258189","__source_file__":"13-常用公服设施点/SHP/上海市_充电站.shp"},"geometry":{"type":"Point","coordinates":[121.45347,31.258189]}},{"id":"4834","type":"Feature","properties":{"id":"B0FFKPDSDD","name":"小鹏超级充电站上海协和大厦站","address":"中山北路808号","type":"汽车服务;充电站;充电站","typecode":"011100","pcode":310000,"pname":"上海市","citycode":21,"cityname":"上海市","adcode":310106,"adname":"静安区","business_a":"和田","location":"121.457698,31.259545","tel":"4008193388","bigType":"汽车服务","midType":"充电站","smallType":"充电站","gcj_lng":121.457698,"gcj_lat":31.259545,"wgs84_loc":"121.453124,31.261434","wgs84Lng":"121.453124","wgs84Lat":"31.261434","__source_file__":"13-常用公服设施点/SHP/上海市_充电站.shp"},"geometry":{"type":"Point","coordinates":[121.453124,31.261434]}},{"id":"1530","type":"Feature","properties":{"id":"B0FFJA9U5U","name":"依威能源汽车充电站(盛源生活广场)","address":"柳营路763号盛源生活广场","type":"汽车服务;充电站;充电站","typecode":"011100","pcode":310000,"pname":"上海市","citycode":21,"cityname":"上海市","adcode":310106,"adname":"静安区","business_a":"和田","location":"121.455824,31.263896","tel":"4001800910","bigType":"汽车服务","midType":"充电站","smallType":"充电站","gcj_lng":121.455824,"gcj_lat":31.263896,"wgs84_loc":"121.451245,31.265779","wgs84Lng":"121.451245","wgs84Lat":"31.265779","__source_file__":"13-常用公服设施点/SHP/上海市_充电站.shp"},"geometry":{"type":"Point","coordinates":[121.451245,31.265779]}},{"id":"1514","type":"Feature","properties":{"id":"B0HKJCZ1VY","name":"开迈斯充电站(金赢108创意广场)","address":"俞泾港路11号地下停车场B2","type":"汽车服务;充电站;充电站","typecode":"011100","pcode":310000,"pname":"上海市","citycode":21,"cityname":"上海市","adcode":310106,"adname":"静安区","business_a":"和田","location":"121.465684,31.266706","tel":"4006657666","bigType":"汽车服务","midType":"充电站","smallType":"充电站","gcj_lng":121.465684,"gcj_lat":31.266706,"wgs84_loc":"121.461133,31.268611","wgs84Lng":"121.461133","wgs84Lat":"31.268611","__source_file__":"13-常用公服设施点/SHP/上海市_充电站.shp"},"geometry":{"type":"Point","coordinates":[121.461133,31.268611]}},{"id":"477","type":"Feature","properties":{"id":"B0HKO9MMF0","name":"星星充电汽车充电站(星星充电万枫酒店)","address":"共和新路1500号","type":"汽车服务;充电站;充电站","typecode":"011100","pcode":310000,"pname":"上海市","citycode":21,"cityname":"上海市","adcode":310106,"adname":"静安区","business_a":"和田","location":"121.457790,31.267505","tel":"4008280768","bigType":"汽车服务","midType":"充电站","smallType":"充电站","gcj_lng":121.45779,"gcj_lat":31.267505,"wgs84_loc":"121.453216,31.269391","wgs84Lng":"121.453216","wgs84Lat":"31.269391","__source_file__":"13-常用公服设施点/SHP/上海市_充电站.shp"},"geometry":{"type":"Point","coordinates":[121.453216,31.269391]}},{"id":"422","type":"Feature","properties":{"id":"B0FFK7L5CC","name":"电动车充电站","address":"洛川东路闸北公园西南侧约30米","type":"汽车服务;充电站;充电站","typecode":"011100","pcode":310000,"pname":"上海市","citycode":21,"cityname":"上海市","adcode":310106,"adname":"静安区","business_a":"和田","location":"121.459160,31.268878","tel":"[]","bigType":"汽车服务","midType":"充电站","smallType":"充电站","gcj_lng":121.45916,"gcj_lat":31.268878,"wgs84_loc":"121.454589,31.270766","wgs84Lng":"121.454589","wgs84Lat":"31.270766","__source_file__":"13-常用公服设施点/SHP/上海市_充电站.shp"},"geometry":{"type":"Point","coordinates":[121.454589,31.270766]}},{"id":"1527","type":"Feature","properties":{"id":"B0FFK7CTBP","name":"依威能源汽车充电站(嘉利明珠城)","address":"平型关路377弄嘉利明珠城","type":"汽车服务;充电站;充电站","typecode":"011100","pcode":310000,"pname":"上海市","citycode":21,"cityname":"上海市","adcode":310106,"adname":"静安区","business_a":"凉城","location":"121.463270,31.272250","tel":"4001800910","bigType":"汽车服务","midType":"充电站","smallType":"充电站","gcj_lng":121.46327,"gcj_lat":31.27225,"wgs84_loc":"121.458711,31.274147","wgs84Lng":"121.458711","wgs84Lat":"31.274147","__source_file__":"13-常用公服设施点/SHP/上海市_充电站.shp"},"geometry":{"type":"Point","coordinates":[121.458711,31.274147]}},{"id":"1585","type":"Feature","properties":{"id":"B0G0RDEELB","name":"易马达e换电电动自行车充电站(宝昌路)","address":"宝昌路三宝花苑","type":"汽车服务;充电站;充电站","typecode":"011100","pcode":310000,"pname":"上海市","citycode":21,"cityname":"上海市","adcode":310106,"adname":"静安区","business_a":"宝山路","location":"121.476439,31.256903","tel":"[]","bigType":"汽车服务","midType":"充电站","smallType":"充电站","gcj_lng":121.476439,"gcj_lat":31.256903,"wgs84_loc":"121.471923,31.258841","wgs84Lng":"121.471923","wgs84Lat":"31.258841","__source_file__":"13-常用公服设施点/SHP/上海市_充电站.shp"},"geometry":{"type":"Point","coordinates":[121.471923,31.258841]}},{"id":"591","type":"Feature","properties":{"id":"B0FFJS7YTW","name":"依威能源汽车充电站(凯润金城)","address":"四川北路1661号凯润金城","type":"汽车服务;充电站;充电站","typecode":"011100","pcode":310000,"pname":"上海市","citycode":21,"cityname":"上海市","adcode":310109,"adname":"虹口区","business_a":"宝山路","location":"121.482550,31.257612","tel":"4001800910","bigType":"汽车服务","midType":"充电站","smallType":"充电站","gcj_lng":121.48255,"gcj_lat":31.257612,"wgs84_loc":"121.478054,31.259567","wgs84Lng":"121.478054","wgs84Lat":"31.259567","__source_file__":"13-常用公服设施点/SHP/上海市_充电站.shp"},"geometry":{"type":"Point","coordinates":[121.478054,31.259567]}},{"id":"6405","type":"Feature","properties":{"id":"B0K0R5DOAW","name":"昆仑网电汽车充电站(中国石油虹口金海岸商厦)","address":"四川北路1941号地下停车场","type":"汽车服务;充电站;充电站","typecode":"011100","pcode":310000,"pname":"上海市","citycode":21,"cityname":"上海市","adcode":310109,"adname":"虹口区","business_a":"宝山路","location":"121.483150,31.262644","tel":"95700","bigType":"汽车服务","midType":"充电站","smallType":"充电站","gcj_lng":121.48315,"gcj_lat":31.262644,"wgs84_loc":"121.478656,31.264598","wgs84Lng":"121.478656","wgs84Lat":"31.264598","__source_file__":"13-常用公服设施点/SHP/上海市_充电站.shp"},"geometry":{"type":"Point","coordinates":[121.478656,31.264598]}},{"id":"584","type":"Feature","properties":{"id":"B0FFL4RPKX","name":"依威能源汽车充电站(世纪联华东宝店东门)","address":"东宝兴路777号世纪联华东宝店(东门)","type":"汽车服务;充电站;充电站","typecode":"011100","pcode":310000,"pname":"上海市","citycode":21,"cityname":"上海市","adcode":310109,"adname":"虹口区","business_a":"宝山路","location":"121.475705,31.263339","tel":"4001800910","bigType":"汽车服务","midType":"充电站","smallType":"充电站","gcj_lng":121.475705,"gcj_lat":31.263339,"wgs84_loc":"121.471186,31.265272","wgs84Lng":"121.471186","wgs84Lat":"31.265272","__source_file__":"13-常用公服设施点/SHP/上海市_充电站.shp"},"geometry":{"type":"Point","coordinates":[121.471186,31.265272]}},{"id":"6576","type":"Feature","properties":{"id":"B0JKDGXQEI","name":"小桔充电汽车充电站(诚能云虹口宏慧-新里快充站)","address":"世纪联华东宝店地下停车场宏慧新里小桔充电站","type":"汽车服务;充电站;充电站","typecode":"011100","pcode":310000,"pname":"上海市","citycode":21,"cityname":"上海市","adcode":310109,"adname":"虹口区","business_a":"宝山路","location":"121.475591,31.263570","tel":"4000610999","bigType":"汽车服务","midType":"充电站","smallType":"充电站","gcj_lng":121.475591,"gcj_lat":31.26357,"wgs84_loc":"121.471071,31.265503","wgs84Lng":"121.471071","wgs84Lat":"31.265503","__source_file__":"13-常用公服设施点/SHP/上海市_充电站.shp"},"geometry":{"type":"Point","coordinates":[121.471071,31.265503]}},{"id":"6401","type":"Feature","properties":{"id":"B0J02PL15R","name":"昆仑网电汽车充电站(中国石油虹口凯德龙之梦)","address":"西江湾路388号A座地下B5层11-13号车位","type":"汽车服务;充电站;充电站","typecode":"011100","pcode":310000,"pname":"上海市","citycode":21,"cityname":"上海市","adcode":310109,"adname":"虹口区","business_a":"江湾","location":"121.478340,31.270252","tel":"95700","bigType":"汽车服务","midType":"充电站","smallType":"充电站","gcj_lng":121.47834,"gcj_lat":31.270252,"wgs84_loc":"121.473829,31.272189","wgs84Lng":"121.473829","wgs84Lat":"31.272189","__source_file__":"13-常用公服设施点/SHP/上海市_充电站.shp"},"geometry":{"type":"Point","coordinates":[121.473829,31.272189]}},{"id":"605","type":"Feature","properties":{"id":"B0H0MLN0JS","name":"特斯拉超级充电站(上海虹口龙之梦体验店)","address":"西江湾路388号虹口龙之梦A座一楼1-38号","type":"汽车服务;充电站;充电站","typecode":"011100","pcode":310000,"pname":"上海市","citycode":21,"cityname":"上海市","adcode":310109,"adname":"虹口区","business_a":"江湾","location":"121.478314,31.270833","tel":"021-23146183;021-23146779","bigType":"汽车服务","midType":"充电站","smallType":"充电站","gcj_lng":121.478314,"gcj_lat":31.270833,"wgs84_loc":"121.473803,31.27277","wgs84Lng":"121.473803","wgs84Lat":"31.27277","__source_file__":"13-常用公服设施点/SHP/上海市_充电站.shp"},"geometry":{"type":"Point","coordinates":[121.473803,31.27277]}},{"id":"564","type":"Feature","properties":{"id":"B0FFI9D2Q0","name":"上汽安悦充电汽车充电站(花园坊节能产业园区D4楼)","address":"花园路上海花园坊节能环保产业园","type":"汽车服务;充电站;充电站","typecode":"011100","pcode":310000,"pname":"上海市","citycode":21,"cityname":"上海市","adcode":310109,"adname":"虹口区","business_a":"江湾","location":"121.476051,31.271249","tel":"[]","bigType":"汽车服务","midType":"充电站","smallType":"充电站","gcj_lng":121.476051,"gcj_lat":31.271249,"wgs84_loc":"121.471532,31.27318","wgs84Lng":"121.471532","wgs84Lat":"31.27318","__source_file__":"13-常用公服设施点/SHP/上海市_充电站.shp"},"geometry":{"type":"Point","coordinates":[121.471532,31.27318]}},{"id":"542","type":"Feature","properties":{"id":"B0FFHTWK1T","name":"安悦充电汽车充电站","address":"中山北一路121号","type":"汽车服务;充电站;充电站","typecode":"011100","pcode":310000,"pname":"上海市","citycode":21,"cityname":"上海市","adcode":310109,"adname":"虹口区","business_a":"江湾","location":"121.476192,31.272164","tel":"4009219000","bigType":"汽车服务","midType":"充电站","smallType":"充电站","gcj_lng":121.476192,"gcj_lat":31.272164,"wgs84_loc":"121.471674,31.274095","wgs84Lng":"121.471674","wgs84Lat":"31.274095","__source_file__":"13-常用公服设施点/SHP/上海市_充电站.shp"},"geometry":{"type":"Point","coordinates":[121.471674,31.274095]}},{"id":"580","type":"Feature","properties":{"id":"B0FFK7CTD5","name":"依威能源汽车充电站(兴华小区)","address":"大连西路辅路与东体育会支路交叉口东南约60米","type":"汽车服务;充电站;充电站","typecode":"011100","pcode":310000,"pname":"上海市","citycode":21,"cityname":"上海市","adcode":310109,"adname":"虹口区","business_a":"江湾","location":"121.481618,31.274446","tel":"4001800910","bigType":"汽车服务","midType":"充电站","smallType":"充电站","gcj_lng":121.481618,"gcj_lat":31.274446,"wgs84_loc":"121.477118,31.276391","wgs84Lng":"121.477118","wgs84Lat":"31.276391","__source_file__":"13-常用公服设施点/SHP/上海市_充电站.shp"},"geometry":{"type":"Point","coordinates":[121.477118,31.276391]}},{"id":"1509","type":"Feature","properties":{"id":"B0HKTZ107W","name":"中国石化停车汽车充电站(新炼站)","address":"西宝兴路694号","type":"汽车服务;充电站;充电站","typecode":"011100","pcode":310000,"pname":"上海市","citycode":21,"cityname":"上海市","adcode":310106,"adname":"静安区","business_a":"和田","location":"121.470953,31.266158","tel":"4001300001","bigType":"汽车服务","midType":"充电站","smallType":"充电站","gcj_lng":121.470953,"gcj_lat":31.266158,"wgs84_loc":"121.466418,31.268077","wgs84Lng":"121.466418","wgs84Lat":"31.268077","__source_file__":"13-常用公服设施点/SHP/上海市_充电站.shp"},"geometry":{"type":"Point","coordinates":[121.466418,31.268077]}},{"id":"6558","type":"Feature","properties":{"id":"B0J1F60IRX","name":"汽车充电站(中万石化新炼站)","address":"西宝兴路694号(西藏北路地铁站1号口步行340米)","type":"汽车服务;充电站;充电站","typecode":"011100","pcode":310000,"pname":"上海市","citycode":21,"cityname":"上海市","adcode":310106,"adname":"静安区","business_a":"和田","location":"121.470985,31.266160","tel":"4001300001","bigType":"汽车服务","midType":"充电站","smallType":"充电站","gcj_lng":121.470985,"gcj_lat":31.26616,"wgs84_loc":"121.46645,31.268079","wgs84Lng":"121.46645","wgs84Lat":"31.268079","__source_file__":"13-常用公服设施点/SHP/上海市_充电站.shp"},"geometry":{"type":"Point","coordinates":[121.46645,31.268079]}},{"id":"5880","type":"Feature","properties":{"id":"B0IAKHDA9R","name":"汽车充电站(开迈斯充电站上海市金赢108创意广场直流站疫情封闭)","address":"俞泾港路11号地下停车场B2层","type":"汽车服务;充电站;充电站","typecode":"011100","pcode":310000,"pname":"上海市","citycode":21,"cityname":"上海市","adcode":310106,"adname":"静安区","business_a":"和田","location":"121.465832,31.266247","tel":"4006657666","bigType":"汽车服务","midType":"充电站","smallType":"充电站","gcj_lng":121.465832,"gcj_lat":31.266247,"wgs84_loc":"121.461281,31.268153","wgs84Lng":"121.461281","wgs84Lat":"31.268153","__source_file__":"13-常用公服设施点/SHP/上海市_充电站.shp"},"geometry":{"type":"Point","coordinates":[121.461281,31.268153]}},{"id":"6274","type":"Feature","properties":{"id":"B0IGODH48H","name":"星星充电汽车充电站(西宝兴路833号交流)","address":"广中路街道景祥路上海市宝兴殡仪馆","type":"汽车服务;充电站;充电站","typecode":"011100","pcode":310000,"pname":"上海市","citycode":21,"cityname":"上海市","adcode":310109,"adname":"虹口区","business_a":"和田","location":"121.471000,31.268702","tel":"4008280768","bigType":"汽车服务","midType":"充电站","smallType":"充电站","gcj_lng":121.471,"gcj_lat":31.268702,"wgs84_loc":"121.466465,31.27062","wgs84Lng":"121.466465","wgs84Lat":"31.27062","__source_file__":"13-常用公服设施点/SHP/上海市_充电站.shp"},"geometry":{"type":"Point","coordinates":[121.466465,31.27062]}},{"id":"552","type":"Feature","properties":{"id":"B0FFHLF9CL","name":"安悦汽车充电站(柳营灯具城)","address":"柳营路125号","type":"汽车服务;充电站;充电站","typecode":"011100","pcode":310000,"pname":"上海市","citycode":21,"cityname":"上海市","adcode":310109,"adname":"虹口区","business_a":"凉城","location":"121.468314,31.271748","tel":"4009219000","bigType":"汽车服务","midType":"充电站","smallType":"充电站","gcj_lng":121.468314,"gcj_lat":31.271748,"wgs84_loc":"121.46377,31.273658","wgs84Lng":"121.46377","wgs84Lat":"31.273658","__source_file__":"13-常用公服设施点/SHP/上海市_充电站.shp"},"geometry":{"type":"Point","coordinates":[121.46377,31.273658]}},{"id":"620","type":"Feature","properties":{"id":"B0HUA573KF","name":"安悦充电","address":"花园路上海花园坊节能环保产业园","type":"汽车服务;充电站;充电站","typecode":"011100","pcode":310000,"pname":"上海市","citycode":21,"cityname":"上海市","adcode":310109,"adname":"虹口区","business_a":"江湾","location":"121.474674,31.272477","tel":"[]","bigType":"汽车服务","midType":"充电站","smallType":"充电站","gcj_lng":121.474674,"gcj_lat":31.272477,"wgs84_loc":"121.470151,31.274403","wgs84Lng":"121.470151","wgs84Lat":"31.274403","__source_file__":"13-常用公服设施点/SHP/上海市_充电站.shp"},"geometry":{"type":"Point","coordinates":[121.470151,31.274403]}},{"id":"544","type":"Feature","properties":{"id":"B0FFHH2QH3","name":"安悦充电汽车充电站","address":"水电路176号","type":"汽车服务;充电站;充电站","typecode":"011100","pcode":310000,"pname":"上海市","citycode":21,"cityname":"上海市","adcode":310109,"adname":"虹口区","business_a":"凉城","location":"121.472737,31.273839","tel":"4009219000","bigType":"汽车服务","midType":"充电站","smallType":"充电站","gcj_lng":121.472737,"gcj_lat":31.273839,"wgs84_loc":"121.468207,31.275759","wgs84Lng":"121.468207","wgs84Lat":"31.275759","__source_file__":"13-常用公服设施点/SHP/上海市_充电站.shp"},"geometry":{"type":"Point","coordinates":[121.468207,31.275759]}},{"id":"5673","type":"Feature","properties":{"id":"B0FFI9D2YE","name":"上汽安悦充电汽车充电站(水电路)","address":"水电路与花园路交叉口西北50米","type":"汽车服务;充电站;充电站","typecode":"011100","pcode":310000,"pname":"上海市","citycode":21,"cityname":"上海市","adcode":310109,"adname":"虹口区","business_a":"凉城","location":"121.472737,31.273839","tel":"[]","bigType":"汽车服务","midType":"充电站","smallType":"充电站","gcj_lng":121.472737,"gcj_lat":31.273839,"wgs84_loc":"121.468207,31.275759","wgs84Lng":"121.468207","wgs84Lat":"31.275759","__source_file__":"13-常用公服设施点/SHP/上海市_充电站.shp"},"geometry":{"type":"Point","coordinates":[121.468207,31.275759]}},{"id":"593","type":"Feature","properties":{"id":"B0GKNZ806M","name":"依威能源汽车充电站(龙泰公寓)","address":"新同心路108弄龙泰公寓","type":"汽车服务;充电站;充电站","typecode":"011100","pcode":310000,"pname":"上海市","citycode":21,"cityname":"上海市","adcode":310109,"adname":"虹口区","business_a":"和田","location":"121.466113,31.275749","tel":"4001800910","bigType":"汽车服务","midType":"充电站","smallType":"充电站","gcj_lng":121.466113,"gcj_lat":31.275749,"wgs84_loc":"121.461562,31.277651","wgs84Lng":"121.461562","wgs84Lat":"31.277651","__source_file__":"13-常用公服设施点/SHP/上海市_充电站.shp"},"geometry":{"type":"Point","coordinates":[121.461562,31.277651]}},{"id":"6673","type":"Feature","properties":{"id":"B0JAX521UG","name":"依威能源汽车充电站(春满园B区店)","address":"广中路街道新同心路216号地面停车场","type":"汽车服务;充电站;充电站","typecode":"011100","pcode":310000,"pname":"上海市","citycode":21,"cityname":"上海市","adcode":310109,"adname":"虹口区","business_a":"凉城","location":"121.468194,31.276527","tel":"4001800910","bigType":"汽车服务","midType":"充电站","smallType":"充电站","gcj_lng":121.468194,"gcj_lat":31.276527,"wgs84_loc":"121.463649,31.278434","wgs84Lng":"121.463649","wgs84Lat":"31.278434","__source_file__":"13-常用公服设施点/SHP/上海市_充电站.shp"},"geometry":{"type":"Point","coordinates":[121.463649,31.278434]}},{"id":"6815","type":"Feature","properties":{"id":"B0K2X98CLY","name":"特来电汽车充电站(凯迪拉克IQ尊享超充站上海189弄购物中心站)","address":"长寿路街道189弄购物中心B106-11","type":"汽车服务;充电站;充电站","typecode":"011100","pcode":310000,"pname":"上海市","citycode":21,"cityname":"上海市","adcode":310107,"adname":"普陀区","business_a":"长寿路","location":"121.440678,31.242042","tel":"4001300001","bigType":"汽车服务","midType":"充电站","smallType":"充电站","gcj_lng":121.440678,"gcj_lat":31.242042,"wgs84_loc":"121.436065,31.243904","wgs84Lng":"121.436065","wgs84Lat":"31.243904","__source_file__":"13-常用公服设施点/SHP/上海市_充电站.shp"},"geometry":{"type":"Point","coordinates":[121.436065,31.243904]}},{"id":"6814","type":"Feature","properties":{"id":"B0JKDU5H6F","name":"凯迪拉克IQ尊享超充站(上海189弄购物中心站)","address":"长寿路街道189弄购物中心B1 06-11","type":"汽车服务;充电站;充电站","typecode":"011100","pcode":310000,"pname":"上海市","citycode":21,"cityname":"上海市","adcode":310107,"adname":"普陀区","business_a":"长寿路","location":"121.440677,31.242042","tel":"[]","bigType":"汽车服务","midType":"充电站","smallType":"充电站","gcj_lng":121.440677,"gcj_lat":31.242042,"wgs84_loc":"121.436064,31.243904","wgs84Lng":"121.436064","wgs84Lat":"31.243904","__source_file__":"13-常用公服设施点/SHP/上海市_充电站.shp"},"geometry":{"type":"Point","coordinates":[121.436064,31.243904]}},{"id":"3603","type":"Feature","properties":{"id":"B0FFI75HBF","name":"安悦充电站(大自鸣钟站)","address":"长寿路189弄","type":"汽车服务;充电站;充电站","typecode":"011100","pcode":310000,"pname":"上海市","citycode":21,"cityname":"上海市","adcode":310107,"adname":"普陀区","business_a":"曹家渡","location":"121.440755,31.242058","tel":"[]","bigType":"汽车服务","midType":"充电站","smallType":"充电站","gcj_lng":121.440755,"gcj_lat":31.242058,"wgs84_loc":"121.436142,31.243921","wgs84Lng":"121.436142","wgs84Lat":"31.243921","__source_file__":"13-常用公服设施点/SHP/上海市_充电站.shp"},"geometry":{"type":"Point","coordinates":[121.436142,31.243921]}},{"id":"4747","type":"Feature","properties":{"id":"B0HG3SE94K","name":"bp快速充电站(上海财富时代大厦)","address":"陕西北路1438号","type":"汽车服务;充电站;充电站","typecode":"011100","pcode":310000,"pname":"上海市","citycode":21,"cityname":"上海市","adcode":310107,"adname":"普陀区","business_a":"曹家渡","location":"121.442303,31.242611","tel":"4000610999","bigType":"汽车服务","midType":"充电站","smallType":"充电站","gcj_lng":121.442303,"gcj_lat":31.242611,"wgs84_loc":"121.437693,31.244476","wgs84Lng":"121.437693","wgs84Lat":"31.244476","__source_file__":"13-常用公服设施点/SHP/上海市_充电站.shp"},"geometry":{"type":"Point","coordinates":[121.437693,31.244476]}},{"id":"6740","type":"Feature","properties":{"id":"B0H6F14YU1","name":"小桔充电站(BP快速上海财富时代大厦)","address":"陕西北路与长寿路交叉口东80米地下停车场B034(16)","type":"汽车服务;充电站;充电站","typecode":"011100","pcode":310000,"pname":"上海市","citycode":21,"cityname":"上海市","adcode":310107,"adname":"普陀区","business_a":"长寿路","location":"121.442379,31.242819","tel":"[]","bigType":"汽车服务","midType":"充电站","smallType":"充电站","gcj_lng":121.442379,"gcj_lat":31.242819,"wgs84_loc":"121.437769,31.244684","wgs84Lng":"121.437769","wgs84Lat":"31.244684","__source_file__":"13-常用公服设施点/SHP/上海市_充电站.shp"},"geometry":{"type":"Point","coordinates":[121.437769,31.244684]}},{"id":"3650","type":"Feature","properties":{"id":"B0FFJ2U2WI","name":"安悦充电充电站(安悦站富丽大厦)","address":"江宁路1286号","type":"汽车服务;充电站;充电站","typecode":"011100","pcode":310000,"pname":"上海市","citycode":21,"cityname":"上海市","adcode":310107,"adname":"普陀区","business_a":"光新","location":"121.442140,31.246136","tel":"[]","bigType":"汽车服务","midType":"充电站","smallType":"充电站","gcj_lng":121.44214,"gcj_lat":31.246136,"wgs84_loc":"121.43753,31.247999","wgs84Lng":"121.43753","wgs84Lat":"31.247999","__source_file__":"13-常用公服设施点/SHP/上海市_充电站.shp"},"geometry":{"type":"Point","coordinates":[121.43753,31.247999]}},{"id":"3840","type":"Feature","properties":{"id":"B0GKNZ87WW","name":"依威能源汽车充电站(上海酒总酒店设备大卖场停车场入口)","address":"澳门路345号上海酒总酒店设备大卖场停车场","type":"汽车服务;充电站;充电站","typecode":"011100","pcode":310000,"pname":"上海市","citycode":21,"cityname":"上海市","adcode":310107,"adname":"普陀区","business_a":"光新","location":"121.442427,31.246591","tel":"4001800910","bigType":"汽车服务","midType":"充电站","smallType":"充电站","gcj_lng":121.442427,"gcj_lat":31.246591,"wgs84_loc":"121.437817,31.248454","wgs84Lng":"121.437817","wgs84Lat":"31.248454","__source_file__":"13-常用公服设施点/SHP/上海市_充电站.shp"},"geometry":{"type":"Point","coordinates":[121.437817,31.248454]}},{"id":"1604","type":"Feature","properties":{"id":"B0HA957232","name":"国家电网汽车充电站(上海普陀区梦清园主题公园电动汽车充电站)","address":"宜昌路66号","type":"汽车服务;充电站;充电站","typecode":"011100","pcode":310000,"pname":"上海市","citycode":21,"cityname":"上海市","adcode":310107,"adname":"普陀区","business_a":"光新","location":"121.441709,31.249721","tel":"4000185522","bigType":"汽车服务","midType":"充电站","smallType":"充电站","gcj_lng":121.441709,"gcj_lat":31.249721,"wgs84_loc":"121.437097,31.251582","wgs84Lng":"121.437097","wgs84Lat":"31.251582","__source_file__":"13-常用公服设施点/SHP/上海市_充电站.shp"},"geometry":{"type":"Point","coordinates":[121.437097,31.251582]}},{"id":"1606","type":"Feature","properties":{"id":"B0FFL2G3IG","name":"国家电网充电站(梦清园主题公园)","address":"宜昌路66号","type":"汽车服务;充电站;充电站","typecode":"011100","pcode":310000,"pname":"上海市","citycode":21,"cityname":"上海市","adcode":310107,"adname":"普陀区","business_a":"光新","location":"121.441838,31.249786","tel":"[]","bigType":"汽车服务","midType":"充电站","smallType":"充电站","gcj_lng":121.441838,"gcj_lat":31.249786,"wgs84_loc":"121.437227,31.251647","wgs84Lng":"121.437227","wgs84Lat":"31.251647","__source_file__":"13-常用公服设施点/SHP/上海市_充电站.shp"},"geometry":{"type":"Point","coordinates":[121.437227,31.251647]}},{"id":"3685","type":"Feature","properties":{"id":"B0I6956RBD","name":"蔚景云汽车充电站(申充华润万家光新店直流)","address":"石泉路街道中山北路秋月枫舍","type":"汽车服务;充电站;充电站","typecode":"011100","pcode":310000,"pname":"上海市","citycode":21,"cityname":"上海市","adcode":310107,"adname":"普陀区","business_a":"光新","location":"121.431990,31.250027","tel":"13331994901","bigType":"汽车服务","midType":"充电站","smallType":"充电站","gcj_lng":121.43199,"gcj_lat":31.250027,"wgs84_loc":"121.427361,31.251873","wgs84Lng":"121.427361","wgs84Lat":"31.251873","__source_file__":"13-常用公服设施点/SHP/上海市_充电站.shp"},"geometry":{"type":"Point","coordinates":[121.427361,31.251873]}},{"id":"1508","type":"Feature","properties":{"id":"B0H6F543NH","name":"特来电充电站(上海昆仑新奥联通国际大厦)","address":"天目西路547号","type":"汽车服务;充电站;充电站","typecode":"011100","pcode":310000,"pname":"上海市","citycode":21,"cityname":"上海市","adcode":310106,"adname":"静安区","business_a":"光新","location":"121.449684,31.245793","tel":"[]","bigType":"汽车服务","midType":"充电站","smallType":"充电站","gcj_lng":121.449684,"gcj_lat":31.245793,"wgs84_loc":"121.445091,31.247671","wgs84Lng":"121.445091","wgs84Lat":"31.247671","__source_file__":"13-常用公服设施点/SHP/上海市_充电站.shp"},"geometry":{"type":"Point","coordinates":[121.445091,31.247671]}},{"id":"511","type":"Feature","properties":{"id":"B0FFL9242A","name":"国家电网汽车充电站(上海静安区恒汇国际大厦电动汽车充电站)","address":"恒丰路568号","type":"汽车服务;充电站;充电站","typecode":"011100","pcode":310000,"pname":"上海市","citycode":21,"cityname":"上海市","adcode":310106,"adname":"静安区","business_a":"[]","location":"121.452766,31.246528","tel":"4000185522","bigType":"汽车服务","midType":"充电站","smallType":"充电站","gcj_lng":121.452766,"gcj_lat":31.246528,"wgs84_loc":"121.44818,31.248412","wgs84Lng":"121.44818","wgs84Lat":"31.248412","__source_file__":"13-常用公服设施点/SHP/上海市_充电站.shp"},"geometry":{"type":"Point","coordinates":[121.44818,31.248412]}},{"id":"5485","type":"Feature","properties":{"id":"B0FFI8GFW9","name":"安悦汽车充电站(澳门路)","address":"澳门路128号","type":"汽车服务;充电站;充电站","typecode":"011100","pcode":310000,"pname":"上海市","citycode":21,"cityname":"上海市","adcode":310107,"adname":"普陀区","business_a":"光新","location":"121.445827,31.246840","tel":"[]","bigType":"汽车服务","midType":"充电站","smallType":"充电站","gcj_lng":121.445827,"gcj_lat":31.24684,"wgs84_loc":"121.441224,31.24871","wgs84Lng":"121.441224","wgs84Lat":"31.24871","__source_file__":"13-常用公服设施点/SHP/上海市_充电站.shp"},"geometry":{"type":"Point","coordinates":[121.441224,31.24871]}},{"id":"418","type":"Feature","properties":{"id":"B0FFK4YLO5","name":"星星充电汽车充电站(星星充电中房华东大厦)","address":"长安路1138号","type":"汽车服务;充电站;充电站","typecode":"011100","pcode":310000,"pname":"上海市","citycode":21,"cityname":"上海市","adcode":310106,"adname":"静安区","business_a":"[]","location":"121.451754,31.246956","tel":"[]","bigType":"汽车服务","midType":"充电站","smallType":"充电站","gcj_lng":121.451754,"gcj_lat":31.246956,"wgs84_loc":"121.447166,31.248837","wgs84Lng":"121.447166","wgs84Lat":"31.248837","__source_file__":"13-常用公服设施点/SHP/上海市_充电站.shp"},"geometry":{"type":"Point","coordinates":[121.447166,31.248837]}},{"id":"417","type":"Feature","properties":{"id":"B0I6559ZQA","name":"星星充电汽车充电站(星星充电中房华东大厦直流)","address":"长安路1138号","type":"汽车服务;充电站;充电站","typecode":"011100","pcode":310000,"pname":"上海市","citycode":21,"cityname":"上海市","adcode":310106,"adname":"静安区","business_a":"[]","location":"121.451506,31.247037","tel":"4008280768","bigType":"汽车服务","midType":"充电站","smallType":"充电站","gcj_lng":121.451506,"gcj_lat":31.247037,"wgs84_loc":"121.446917,31.248918","wgs84Lng":"121.446917","wgs84Lat":"31.248918","__source_file__":"13-常用公服设施点/SHP/上海市_充电站.shp"},"geometry":{"type":"Point","coordinates":[121.446917,31.248918]}},{"id":"3616","type":"Feature","properties":{"id":"B0H3S7NM0B","name":"壁虎电动自行车充电站(澳门新苑)","address":"澳门路88弄","type":"汽车服务;充电站;充电站","typecode":"011100","pcode":310000,"pname":"上海市","citycode":21,"cityname":"上海市","adcode":310107,"adname":"普陀区","business_a":"光新","location":"121.446795,31.247061","tel":"[]","bigType":"汽车服务","midType":"充电站","smallType":"充电站","gcj_lng":121.446795,"gcj_lat":31.247061,"wgs84_loc":"121.442195,31.248932","wgs84Lng":"121.442195","wgs84Lat":"31.248932","__source_file__":"13-常用公服设施点/SHP/上海市_充电站.shp"},"geometry":{"type":"Point","coordinates":[121.442195,31.248932]}},{"id":"413","type":"Feature","properties":{"id":"B0HK1DAQXM","name":"挚达充电站","address":"恒丰路666号","type":"汽车服务;充电站;充电站","typecode":"011100","pcode":310000,"pname":"上海市","citycode":21,"cityname":"上海市","adcode":310106,"adname":"静安区","business_a":"[]","location":"121.451746,31.247218","tel":"[]","bigType":"汽车服务","midType":"充电站","smallType":"充电站","gcj_lng":121.451746,"gcj_lat":31.247218,"wgs84_loc":"121.447158,31.249099","wgs84Lng":"121.447158","wgs84Lat":"31.249099","__source_file__":"13-常用公服设施点/SHP/上海市_充电站.shp"},"geometry":{"type":"Point","coordinates":[121.447158,31.249099]}},{"id":"416","type":"Feature","properties":{"id":"B0FFHI78HR","name":"云杉智慧汽车充电站-苏河一号充电站","address":"恒丰路630号","type":"汽车服务;充电站;充电站","typecode":"011100","pcode":310000,"pname":"上海市","citycode":21,"cityname":"上海市","adcode":310106,"adname":"静安区","business_a":"[]","location":"121.451419,31.247419","tel":"4006657666","bigType":"汽车服务","midType":"充电站","smallType":"充电站","gcj_lng":121.451419,"gcj_lat":31.247419,"wgs84_loc":"121.44683,31.249299","wgs84Lng":"121.44683","wgs84Lat":"31.249299","__source_file__":"13-常用公服设施点/SHP/上海市_充电站.shp"},"geometry":{"type":"Point","coordinates":[121.44683,31.249299]}},{"id":"414","type":"Feature","properties":{"id":"B0H6F14RQ0","name":"小桔充电站(BP快速上海苏河一号)","address":"苏河1号","type":"汽车服务;充电站;充电站","typecode":"011100","pcode":310000,"pname":"上海市","citycode":21,"cityname":"上海市","adcode":310106,"adname":"静安区","business_a":"[]","location":"121.452012,31.247510","tel":"4000610999","bigType":"汽车服务","midType":"充电站","smallType":"充电站","gcj_lng":121.452012,"gcj_lat":31.24751,"wgs84_loc":"121.447424,31.249392","wgs84Lng":"121.447424","wgs84Lat":"31.249392","__source_file__":"13-常用公服设施点/SHP/上海市_充电站.shp"},"geometry":{"type":"Point","coordinates":[121.447424,31.249392]}},{"id":"415","type":"Feature","properties":{"id":"B0HKJU3GNO","name":"开迈斯苏河1号华森钻石商务广场汽车充电站","address":"恒丰路696号苏河1号地下停车场B2层","type":"汽车服务;充电站;充电站","typecode":"011100","pcode":310000,"pname":"上海市","citycode":21,"cityname":"上海市","adcode":310106,"adname":"静安区","business_a":"[]","location":"121.451129,31.247524","tel":"[]","bigType":"汽车服务","midType":"充电站","smallType":"充电站","gcj_lng":121.451129,"gcj_lat":31.247524,"wgs84_loc":"121.446539,31.249404","wgs84Lng":"121.446539","wgs84Lat":"31.249404","__source_file__":"13-常用公服设施点/SHP/上海市_充电站.shp"},"geometry":{"type":"Point","coordinates":[121.446539,31.249404]}},{"id":"1519","type":"Feature","properties":{"id":"B0FFL34KX7","name":"依威能源汽车充电站(新梅华东大酒店)","address":"天目西路天目西路111号","type":"汽车服务;充电站;充电站","typecode":"011100","pcode":310000,"pname":"上海市","citycode":21,"cityname":"上海市","adcode":310106,"adname":"静安区","business_a":"宝山路","location":"121.457654,31.246509","tel":"4001800910","bigType":"汽车服务","midType":"充电站","smallType":"充电站","gcj_lng":121.457654,"gcj_lat":31.246509,"wgs84_loc":"121.453081,31.248403","wgs84Lng":"121.453081","wgs84Lat":"31.248403","__source_file__":"13-常用公服设施点/SHP/上海市_充电站.shp"},"geometry":{"type":"Point","coordinates":[121.453081,31.248403]}},{"id":"434","type":"Feature","properties":{"id":"B0FFFDDAVB","name":"特斯拉汽车充电站","address":"梅园路330号","type":"汽车服务;充电站;充电站","typecode":"011100","pcode":310000,"pname":"上海市","citycode":21,"cityname":"上海市","adcode":310106,"adname":"静安区","business_a":"[]","location":"121.456650,31.247039","tel":"[]","bigType":"汽车服务","midType":"充电站","smallType":"充电站","gcj_lng":121.45665,"gcj_lat":31.247039,"wgs84_loc":"121.452074,31.248931","wgs84Lng":"121.452074","wgs84Lat":"31.248931","__source_file__":"13-常用公服设施点/SHP/上海市_充电站.shp"},"geometry":{"type":"Point","coordinates":[121.452074,31.248931]}},{"id":"1580","type":"Feature","properties":{"id":"B0H3DSOMOV","name":"TESLR目的地充电站","address":"梅园路330号中亚美爵酒店停车场内","type":"汽车服务;充电站;充电站","typecode":"011100","pcode":310000,"pname":"上海市","citycode":21,"cityname":"上海市","adcode":310106,"adname":"静安区","business_a":"[]","location":"121.456616,31.247096","tel":"[]","bigType":"汽车服务","midType":"充电站","smallType":"充电站","gcj_lng":121.456616,"gcj_lat":31.247096,"wgs84_loc":"121.45204,31.248988","wgs84Lng":"121.45204","wgs84Lat":"31.248988","__source_file__":"13-常用公服设施点/SHP/上海市_充电站.shp"},"geometry":{"type":"Point","coordinates":[121.45204,31.248988]}},{"id":"496","type":"Feature","properties":{"id":"B0FFMB8XO9","name":"森通智达汽车充电站(精文城上城)","address":"虬江路1488号-南区一层车库156车位,158车位,159车位,161车位,162车位","type":"汽车服务;充电站;充电站","typecode":"011100","pcode":310000,"pname":"上海市","citycode":21,"cityname":"上海市","adcode":310106,"adname":"静安区","business_a":"宝山路","location":"121.464276,31.248673","tel":"4008206925","bigType":"汽车服务","midType":"充电站","smallType":"充电站","gcj_lng":121.464276,"gcj_lat":31.248673,"wgs84_loc":"121.459722,31.250582","wgs84Lng":"121.459722","wgs84Lat":"31.250582","__source_file__":"13-常用公服设施点/SHP/上海市_充电站.shp"},"geometry":{"type":"Point","coordinates":[121.459722,31.250582]}},{"id":"435","type":"Feature","properties":{"id":"B0H0CDYBDA","name":"上海站北广场地下停车场汽车充电站","address":"大统路760号","type":"汽车服务;充电站;充电站","typecode":"011100","pcode":310000,"pname":"上海市","citycode":21,"cityname":"上海市","adcode":310106,"adname":"静安区","business_a":"和田","location":"121.457213,31.250668","tel":"[]","bigType":"汽车服务","midType":"充电站","smallType":"充电站","gcj_lng":121.457213,"gcj_lat":31.250668,"wgs84_loc":"121.452639,31.25256","wgs84Lng":"121.452639","wgs84Lat":"31.25256","__source_file__":"13-常用公服设施点/SHP/上海市_充电站.shp"},"geometry":{"type":"Point","coordinates":[121.452639,31.25256]}},{"id":"1346","type":"Feature","properties":{"id":"B0FFKJA2AK","name":"特来电充电站(上海卓晖北广场)","address":"交通路1023号","type":"汽车服务;充电站;充电站","typecode":"011100","pcode":310000,"pname":"上海市","citycode":21,"cityname":"上海市","adcode":310106,"adname":"静安区","business_a":"[]","location":"121.454862,31.251026","tel":"4001300001","bigType":"汽车服务","midType":"充电站","smallType":"充电站","gcj_lng":121.454862,"gcj_lat":31.251026,"wgs84_loc":"121.450281,31.252912","wgs84Lng":"121.450281","wgs84Lat":"31.252912","__source_file__":"13-常用公服设施点/SHP/上海市_充电站.shp"},"geometry":{"type":"Point","coordinates":[121.450281,31.252912]}},{"id":"1582","type":"Feature","properties":{"id":"B0H3JZ1VRX","name":"易马达e换电电动自行车充电站(永兴路)","address":"永兴路932号领发公寓旁","type":"汽车服务;充电站;充电站","typecode":"011100","pcode":310000,"pname":"上海市","citycode":21,"cityname":"上海市","adcode":310106,"adname":"静安区","business_a":"和田","location":"121.459803,31.251387","tel":"[]","bigType":"汽车服务","midType":"充电站","smallType":"充电站","gcj_lng":121.459803,"gcj_lat":31.251387,"wgs84_loc":"121.455236,31.253284","wgs84Lng":"121.455236","wgs84Lat":"31.253284","__source_file__":"13-常用公服设施点/SHP/上海市_充电站.shp"},"geometry":{"type":"Point","coordinates":[121.455236,31.253284]}},{"id":"1518","type":"Feature","properties":{"id":"B0G0MRNAHM","name":"汽车充电站(上海火车站北广场)","address":"中兴路1688号","type":"汽车服务;充电站;充电站","typecode":"011100","pcode":310000,"pname":"上海市","citycode":21,"cityname":"上海市","adcode":310106,"adname":"静安区","business_a":"和田","location":"121.456728,31.251446","tel":"4008210142","bigType":"汽车服务","midType":"充电站","smallType":"充电站","gcj_lng":121.456728,"gcj_lat":31.251446,"wgs84_loc":"121.452152,31.253336","wgs84Lng":"121.452152","wgs84Lat":"31.253336","__source_file__":"13-常用公服设施点/SHP/上海市_充电站.shp"},"geometry":{"type":"Point","coordinates":[121.452152,31.253336]}},{"id":"1495","type":"Feature","properties":{"id":"B0IG6DFGQE","name":"上海市静安区上海站北广场充电站","address":"上海站北广场-地下出租车停车场","type":"汽车服务;充电站;充电站","typecode":"011100","pcode":310000,"pname":"上海市","citycode":21,"cityname":"上海市","adcode":310106,"adname":"静安区","business_a":"和田","location":"121.458345,31.251507","tel":"4000610999","bigType":"汽车服务","midType":"充电站","smallType":"充电站","gcj_lng":121.458345,"gcj_lat":31.251507,"wgs84_loc":"121.453774,31.253401","wgs84Lng":"121.453774","wgs84Lat":"31.253401","__source_file__":"13-常用公服设施点/SHP/上海市_充电站.shp"},"geometry":{"type":"Point","coordinates":[121.453774,31.253401]}},{"id":"1497","type":"Feature","properties":{"id":"B0HAGZVUJJ","name":"开迈斯充电站(新理想大厦)","address":"中兴路1500号地面停车场","type":"汽车服务;充电站;充电站","typecode":"011100","pcode":310000,"pname":"上海市","citycode":21,"cityname":"上海市","adcode":310106,"adname":"静安区","business_a":"和田","location":"121.458348,31.252186","tel":"4006657666","bigType":"汽车服务","midType":"充电站","smallType":"充电站","gcj_lng":121.458348,"gcj_lat":31.252186,"wgs84_loc":"121.453777,31.25408","wgs84Lng":"121.453777","wgs84Lat":"31.25408","__source_file__":"13-常用公服设施点/SHP/上海市_充电站.shp"},"geometry":{"type":"Point","coordinates":[121.453777,31.25408]}},{"id":"419","type":"Feature","properties":{"id":"B0FFHP6CJR","name":"普天新能源汽车充电站(恒丰路)","address":"恒丰路630-698号苏河1号华森钻石商务广场停车场B1层-11-054、1-055-058号","type":"汽车服务;充电站;充电站","typecode":"011100","pcode":310000,"pname":"上海市","citycode":21,"cityname":"上海市","adcode":310106,"adname":"静安区","business_a":"[]","location":"121.451701,31.247572","tel":"[]","bigType":"汽车服务","midType":"充电站","smallType":"充电站","gcj_lng":121.451701,"gcj_lat":31.247572,"wgs84_loc":"121.447112,31.249453","wgs84Lng":"121.447112","wgs84Lat":"31.249453","__source_file__":"13-常用公服设施点/SHP/上海市_充电站.shp"},"geometry":{"type":"Point","coordinates":[121.447112,31.249453]}},{"id":"1550","type":"Feature","properties":{"id":"B0FFJRVUQV","name":"充电桩APP充电站(普天新能源站苏河1号地下停车场)","address":"恒丰路苏河1号停车场","type":"汽车服务;充电站;充电站","typecode":"011100","pcode":310000,"pname":"上海市","citycode":21,"cityname":"上海市","adcode":310106,"adname":"静安区","business_a":"[]","location":"121.451361,31.247693","tel":"[]","bigType":"汽车服务","midType":"充电站","smallType":"充电站","gcj_lng":121.451361,"gcj_lat":31.247693,"wgs84_loc":"121.446772,31.249573","wgs84Lng":"121.446772","wgs84Lat":"31.249573","__source_file__":"13-常用公服设施点/SHP/上海市_充电站.shp"},"geometry":{"type":"Point","coordinates":[121.446772,31.249573]}},{"id":"1347","type":"Feature","properties":{"id":"B0FFFR4JH1","name":"特斯拉汽车充电站(特斯拉)","address":"莫干山路50号M50艺术产业园7号楼西面停车场","type":"汽车服务;充电站;充电站","typecode":"011100","pcode":310000,"pname":"上海市","citycode":21,"cityname":"上海市","adcode":310107,"adname":"普陀区","business_a":"光新","location":"121.449189,31.247730","tel":"[]","bigType":"汽车服务","midType":"充电站","smallType":"充电站","gcj_lng":121.449189,"gcj_lat":31.24773,"wgs84_loc":"121.444594,31.249606","wgs84Lng":"121.444594","wgs84Lat":"31.249606","__source_file__":"13-常用公服设施点/SHP/上海市_充电站.shp"},"geometry":{"type":"Point","coordinates":[121.444594,31.249606]}},{"id":"4828","type":"Feature","properties":{"id":"B0FFLDQ069","name":"上海市静安区上海站南广场充电站","address":"上海站南广场-地下停车场","type":"汽车服务;充电站;充电站","typecode":"011100","pcode":310000,"pname":"上海市","citycode":21,"cityname":"上海市","adcode":310106,"adname":"静安区","business_a":"[]","location":"121.453902,31.247795","tel":"4000610999","bigType":"汽车服务","midType":"充电站","smallType":"充电站","gcj_lng":121.453902,"gcj_lat":31.247795,"wgs84_loc":"121.449319,31.24968","wgs84Lng":"121.449319","wgs84Lat":"31.24968","__source_file__":"13-常用公服设施点/SHP/上海市_充电站.shp"},"geometry":{"type":"Point","coordinates":[121.449319,31.24968]}},{"id":"1520","type":"Feature","properties":{"id":"B0FFHWBSKJ","name":"挚达科技汽车充电站","address":"恒丰路630号","type":"汽车服务;充电站;充电站","typecode":"011100","pcode":310000,"pname":"上海市","citycode":21,"cityname":"上海市","adcode":310106,"adname":"静安区","business_a":"[]","location":"121.451355,31.247940","tel":"4001118220","bigType":"汽车服务","midType":"充电站","smallType":"充电站","gcj_lng":121.451355,"gcj_lat":31.24794,"wgs84_loc":"121.446765,31.24982","wgs84Lng":"121.446765","wgs84Lat":"31.24982","__source_file__":"13-常用公服设施点/SHP/上海市_充电站.shp"},"geometry":{"type":"Point","coordinates":[121.446765,31.24982]}},{"id":"427","type":"Feature","properties":{"id":"B0FFGF9H8L","name":"汽车充电站(上海火车站南广场)","address":"秣陵路303号上海站f2层","type":"汽车服务;充电站;充电站","typecode":"011100","pcode":310000,"pname":"上海市","citycode":21,"cityname":"上海市","adcode":310106,"adname":"静安区","business_a":"[]","location":"121.454591,31.247969","tel":"4008210142","bigType":"汽车服务","midType":"充电站","smallType":"充电站","gcj_lng":121.454591,"gcj_lat":31.247969,"wgs84_loc":"121.45001,31.249856","wgs84Lng":"121.45001","wgs84Lat":"31.249856","__source_file__":"13-常用公服设施点/SHP/上海市_充电站.shp"},"geometry":{"type":"Point","coordinates":[121.45001,31.249856]}},{"id":"448","type":"Feature","properties":{"id":"B0FFHIY7W4","name":"充电队长汽车充电站(恒丰路)","address":"恒丰路700号","type":"汽车服务;充电站;充电站","typecode":"011100","pcode":310000,"pname":"上海市","citycode":21,"cityname":"上海市","adcode":310106,"adname":"静安区","business_a":"[]","location":"121.451468,31.248489","tel":"4001037759","bigType":"汽车服务","midType":"充电站","smallType":"充电站","gcj_lng":121.451468,"gcj_lat":31.248489,"wgs84_loc":"121.446879,31.250369","wgs84Lng":"121.446879","wgs84Lat":"31.250369","__source_file__":"13-常用公服设施点/SHP/上海市_充电站.shp"},"geometry":{"type":"Point","coordinates":[121.446879,31.250369]}},{"id":"1504","type":"Feature","properties":{"id":"B0GUJNM7XU","name":"蔚来能源充电站(上海客运总站百方站)","address":"交通路上海长途汽车客运总站","type":"汽车服务;充电站;充电站","typecode":"011100","pcode":310000,"pname":"上海市","citycode":21,"cityname":"上海市","adcode":310106,"adname":"静安区","business_a":"[]","location":"121.453852,31.251498","tel":"021-67099903","bigType":"汽车服务","midType":"充电站","smallType":"充电站","gcj_lng":121.453852,"gcj_lat":31.251498,"wgs84_loc":"121.449269,31.253382","wgs84Lng":"121.449269","wgs84Lat":"31.253382","__source_file__":"13-常用公服设施点/SHP/上海市_充电站.shp"},"geometry":{"type":"Point","coordinates":[121.449269,31.253382]}},{"id":"1429","type":"Feature","properties":{"id":"B0FFIVOWMQ","name":"云充智能充电桩","address":"远景路97弄14号非机动车库","type":"汽车服务;充电站;充电站","typecode":"011100","pcode":310000,"pname":"上海市","citycode":21,"cityname":"上海市","adcode":310107,"adname":"普陀区","business_a":"光新","location":"121.448045,31.252610","tel":"[]","bigType":"汽车服务","midType":"充电站","smallType":"充电站","gcj_lng":121.448045,"gcj_lat":31.25261,"wgs84_loc":"121.443447,31.254481","wgs84Lng":"121.443447","wgs84Lat":"31.254481","__source_file__":"13-常用公服设施点/SHP/上海市_充电站.shp"},"geometry":{"type":"Point","coordinates":[121.443447,31.254481]}},{"id":"459","type":"Feature","properties":{"id":"B0G0D5AC5B","name":"星星充电汽车充电站(星星充电林顿大厦)","address":"恒丰北路100号","type":"汽车服务;充电站;充电站","typecode":"011100","pcode":310000,"pname":"上海市","citycode":21,"cityname":"上海市","adcode":310106,"adname":"静安区","business_a":"和田","location":"121.451715,31.255023","tel":"4008280768","bigType":"汽车服务","midType":"充电站","smallType":"充电站","gcj_lng":121.451715,"gcj_lat":31.255023,"wgs84_loc":"121.447126,31.256901","wgs84Lng":"121.447126","wgs84Lat":"31.256901","__source_file__":"13-常用公服设施点/SHP/上海市_充电站.shp"},"geometry":{"type":"Point","coordinates":[121.447126,31.256901]}},{"id":"3667","type":"Feature","properties":{"id":"B0GKJ7Z3K9","name":"特斯拉汽车充电站(华润万家光新店)","address":"中山北路1855号B1层","type":"汽车服务;充电站;充电站","typecode":"011100","pcode":310000,"pname":"上海市","citycode":21,"cityname":"上海市","adcode":310107,"adname":"普陀区","business_a":"光新","location":"121.432049,31.250806","tel":"[]","bigType":"汽车服务","midType":"充电站","smallType":"充电站","gcj_lng":121.432049,"gcj_lat":31.250806,"wgs84_loc":"121.42742,31.252652","wgs84Lng":"121.42742","wgs84Lat":"31.252652","__source_file__":"13-常用公服设施点/SHP/上海市_充电站.shp"},"geometry":{"type":"Point","coordinates":[121.42742,31.252652]}},{"id":"3845","type":"Feature","properties":{"id":"B0H395T1W0","name":"易马达e换电电动自行车充电站(光新路)","address":"光新路268号浦江之星酒店旁","type":"汽车服务;充电站;充电站","typecode":"011100","pcode":310000,"pname":"上海市","citycode":21,"cityname":"上海市","adcode":310107,"adname":"普陀区","business_a":"光新","location":"121.431513,31.253480","tel":"[]","bigType":"汽车服务","midType":"充电站","smallType":"充电站","gcj_lng":121.431513,"gcj_lat":31.25348,"wgs84_loc":"121.426883,31.255324","wgs84Lng":"121.426883","wgs84Lat":"31.255324","__source_file__":"13-常用公服设施点/SHP/上海市_充电站.shp"},"geometry":{"type":"Point","coordinates":[121.426883,31.255324]}},{"id":"3802","type":"Feature","properties":{"id":"B0G1Y5TU5Q","name":"特来电充电站(上海歌斐香溢广场)","address":"石泉东路256号","type":"汽车服务;充电站;充电站","typecode":"011100","pcode":310000,"pname":"上海市","citycode":21,"cityname":"上海市","adcode":310107,"adname":"普陀区","business_a":"大宁路","location":"121.432116,31.254701","tel":"4001300001","bigType":"汽车服务","midType":"充电站","smallType":"充电站","gcj_lng":121.432116,"gcj_lat":31.254701,"wgs84_loc":"121.427486,31.256545","wgs84Lng":"121.427486","wgs84Lat":"31.256545","__source_file__":"13-常用公服设施点/SHP/上海市_充电站.shp"},"geometry":{"type":"Point","coordinates":[121.427486,31.256545]}},{"id":"3691","type":"Feature","properties":{"id":"B0FFIW9ORN","name":"星星充电汽车充电站(星星充电远景大厦A座直流)","address":"中山北路1412号万业远景大厦地面停车场","type":"汽车服务;充电站;充电站","typecode":"011100","pcode":310000,"pname":"上海市","citycode":21,"cityname":"上海市","adcode":310107,"adname":"普陀区","business_a":"光新","location":"121.441844,31.255236","tel":"4008280768","bigType":"汽车服务","midType":"充电站","smallType":"充电站","gcj_lng":121.441844,"gcj_lat":31.255236,"wgs84_loc":"121.437232,31.257095","wgs84Lng":"121.437232","wgs84Lat":"31.257095","__source_file__":"13-常用公服设施点/SHP/上海市_充电站.shp"},"geometry":{"type":"Point","coordinates":[121.437232,31.257095]}},{"id":"3646","type":"Feature","properties":{"id":"B0FFHP6EE1","name":"星星充电汽车充电站(星星充电远景大厦A座)","address":"中山北路1412号地面停车场","type":"汽车服务;充电站;充电站","typecode":"011100","pcode":310000,"pname":"上海市","citycode":21,"cityname":"上海市","adcode":310107,"adname":"普陀区","business_a":"光新","location":"121.441846,31.255237","tel":"4008280768","bigType":"汽车服务","midType":"充电站","smallType":"充电站","gcj_lng":121.441846,"gcj_lat":31.255237,"wgs84_loc":"121.437234,31.257096","wgs84Lng":"121.437234","wgs84Lat":"31.257096","__source_file__":"13-常用公服设施点/SHP/上海市_充电站.shp"},"geometry":{"type":"Point","coordinates":[121.437234,31.257096]}},{"id":"5426","type":"Feature","properties":{"id":"B0FFHGYUSN","name":"星星充电汽车充电站(普陀区远景大厦A座2区)","address":"交通路与内环高架路交叉口东南100米","type":"汽车服务;充电站;充电站","typecode":"011100","pcode":310000,"pname":"上海市","citycode":21,"cityname":"上海市","adcode":310107,"adname":"普陀区","business_a":"光新","location":"121.442095,31.255478","tel":"[]","bigType":"汽车服务","midType":"充电站","smallType":"充电站","gcj_lng":121.442095,"gcj_lat":31.255478,"wgs84_loc":"121.437484,31.257337","wgs84Lng":"121.437484","wgs84Lat":"31.257337","__source_file__":"13-常用公服设施点/SHP/上海市_充电站.shp"},"geometry":{"type":"Point","coordinates":[121.437484,31.257337]}},{"id":"3693","type":"Feature","properties":{"id":"B0HK3CP3P0","name":"云快充汽车充电站(福辰商城停车场)","address":"宜川路310号停车场","type":"汽车服务;充电站;充电站","typecode":"011100","pcode":310000,"pname":"上海市","citycode":21,"cityname":"上海市","adcode":310107,"adname":"普陀区","business_a":"光新","location":"121.437162,31.262742","tel":"4008288517","bigType":"汽车服务","midType":"充电站","smallType":"充电站","gcj_lng":121.437162,"gcj_lat":31.262742,"wgs84_loc":"121.43254,31.26459","wgs84Lng":"121.43254","wgs84Lat":"31.26459","__source_file__":"13-常用公服设施点/SHP/上海市_充电站.shp"},"geometry":{"type":"Point","coordinates":[121.43254,31.26459]}},{"id":"6561","type":"Feature","properties":{"id":"B0J0U54QEY","name":"上海昆仑新奥沪太路充换电站","address":"沪太路857号","type":"汽车服务;充电站;充电站","typecode":"011100","pcode":310000,"pname":"上海市","citycode":21,"cityname":"上海市","adcode":310106,"adname":"静安区","business_a":"大宁路","location":"121.438602,31.269286","tel":"4006803880","bigType":"汽车服务","midType":"充电站","smallType":"充电站","gcj_lng":121.438602,"gcj_lat":31.269286,"wgs84_loc":"121.433982,31.271133","wgs84Lng":"121.433982","wgs84Lat":"31.271133","__source_file__":"13-常用公服设施点/SHP/上海市_充电站.shp"},"geometry":{"type":"Point","coordinates":[121.433982,31.271133]}},{"id":"4841","type":"Feature","properties":{"id":"B0FFMC45CY","name":"森通智达充电站(和丰苑)","address":"交通路1517弄地下车库","type":"汽车服务;充电站;充电站","typecode":"011100","pcode":310000,"pname":"上海市","citycode":21,"cityname":"上海市","adcode":310107,"adname":"普陀区","business_a":"光新","location":"121.443918,31.256260","tel":"4008206925","bigType":"汽车服务","midType":"充电站","smallType":"充电站","gcj_lng":121.443918,"gcj_lat":31.25626,"wgs84_loc":"121.43931,31.258122","wgs84Lng":"121.43931","wgs84Lat":"31.258122","__source_file__":"13-常用公服设施点/SHP/上海市_充电站.shp"},"geometry":{"type":"Point","coordinates":[121.43931,31.258122]}},{"id":"425","type":"Feature","properties":{"id":"B0H3T1O22H","name":"星星充电站(沪太路客运站)","address":"中山北路1015号","type":"汽车服务;充电站;充电站","typecode":"011100","pcode":310000,"pname":"上海市","citycode":21,"cityname":"上海市","adcode":310106,"adname":"静安区","business_a":"和田","location":"121.449517,31.259454","tel":"[]","bigType":"汽车服务","midType":"充电站","smallType":"充电站","gcj_lng":121.449517,"gcj_lat":31.259454,"wgs84_loc":"121.444922,31.261325","wgs84Lng":"121.444922","wgs84Lat":"31.261325","__source_file__":"13-常用公服设施点/SHP/上海市_充电站.shp"},"geometry":{"type":"Point","coordinates":[121.444922,31.261325]}},{"id":"1523","type":"Feature","properties":{"id":"B0H2V5V1NO","name":"星星充电汽车充电站(星星充电沪太路客运站)","address":"共和新路街道柳营路1108号沪太长途汽车站","type":"汽车服务;充电站;充电站","typecode":"011100","pcode":310000,"pname":"上海市","citycode":21,"cityname":"上海市","adcode":310106,"adname":"静安区","business_a":"和田","location":"121.448880,31.260260","tel":"4008280768","bigType":"汽车服务","midType":"充电站","smallType":"充电站","gcj_lng":121.44888,"gcj_lat":31.26026,"wgs84_loc":"121.444283,31.26213","wgs84Lng":"121.444283","wgs84Lat":"31.26213","__source_file__":"13-常用公服设施点/SHP/上海市_充电站.shp"},"geometry":{"type":"Point","coordinates":[121.444283,31.26213]}},{"id":"500","type":"Feature","properties":{"id":"B0FFHLX4IA","name":"普天新能源汽车充电站(洛川中路)","address":"沪太路671号","type":"汽车服务;充电站;充电站","typecode":"011100","pcode":310000,"pname":"上海市","citycode":21,"cityname":"上海市","adcode":310106,"adname":"静安区","business_a":"和田","location":"121.447659,31.263140","tel":"[]","bigType":"汽车服务","midType":"充电站","smallType":"充电站","gcj_lng":121.447659,"gcj_lat":31.26314,"wgs84_loc":"121.443059,31.265006","wgs84Lng":"121.443059","wgs84Lat":"31.265006","__source_file__":"13-常用公服设施点/SHP/上海市_充电站.shp"},"geometry":{"type":"Point","coordinates":[121.443059,31.265006]}},{"id":"1533","type":"Feature","properties":{"id":"B0FFIPGT5A","name":"特来电充电站(上海都市工业园区)","address":"延长中路625号","type":"汽车服务;充电站;充电站","typecode":"011100","pcode":310000,"pname":"上海市","citycode":21,"cityname":"上海市","adcode":310106,"adname":"静安区","business_a":"大宁路","location":"121.448716,31.268721","tel":"4001300001","bigType":"汽车服务","midType":"充电站","smallType":"充电站","gcj_lng":121.448716,"gcj_lat":31.268721,"wgs84_loc":"121.444118,31.270587","wgs84Lng":"121.444118","wgs84Lat":"31.270587","__source_file__":"13-常用公服设施点/SHP/上海市_充电站.shp"},"geometry":{"type":"Point","coordinates":[121.444118,31.270587]}},{"id":"528","type":"Feature","properties":{"id":"B0H1LHG5Z2","name":"度普E站快充站(静安区宁和小区)","address":"大宁路540弄","type":"汽车服务;充电站;充电站","typecode":"011100","pcode":310000,"pname":"上海市","citycode":21,"cityname":"上海市","adcode":310106,"adname":"静安区","business_a":"大宁路","location":"121.449630,31.271764","tel":"[]","bigType":"汽车服务","midType":"充电站","smallType":"充电站","gcj_lng":121.44963,"gcj_lat":31.271764,"wgs84_loc":"121.445034,31.27363","wgs84Lng":"121.445034","wgs84Lat":"31.27363","__source_file__":"13-常用公服设施点/SHP/上海市_充电站.shp"},"geometry":{"type":"Point","coordinates":[121.445034,31.27363]}},{"id":"487","type":"Feature","properties":{"id":"B0FFK22LCM","name":"小桔充电站(上海市静安区大宁国际商业中心)","address":"共和新路1878-2008号(近商场南路)","type":"汽车服务;充电站;充电站","typecode":"011100","pcode":310000,"pname":"上海市","citycode":21,"cityname":"上海市","adcode":310106,"adname":"静安区","business_a":"大宁路","location":"121.452102,31.272870","tel":"4000610999","bigType":"汽车服务","midType":"充电站","smallType":"充电站","gcj_lng":121.452102,"gcj_lat":31.27287,"wgs84_loc":"121.447512,31.274741","wgs84Lng":"121.447512","wgs84Lat":"31.274741","__source_file__":"13-常用公服设施点/SHP/上海市_充电站.shp"},"geometry":{"type":"Point","coordinates":[121.447512,31.274741]}},{"id":"6562","type":"Feature","properties":{"id":"B0J0T6N3C5","name":"小桔充电汽车充电站(静安区大宁国际地下充电站小桔)","address":"大宁国际商业广场地下停车场","type":"汽车服务;充电站;充电站","typecode":"011100","pcode":310000,"pname":"上海市","citycode":21,"cityname":"上海市","adcode":310106,"adname":"静安区","business_a":"大宁路","location":"121.451173,31.273736","tel":"4000610999","bigType":"汽车服务","midType":"充电站","smallType":"充电站","gcj_lng":121.451173,"gcj_lat":31.273736,"wgs84_loc":"121.446581,31.275604","wgs84Lng":"121.446581","wgs84Lat":"31.275604","__source_file__":"13-常用公服设施点/SHP/上海市_充电站.shp"},"geometry":{"type":"Point","coordinates":[121.446581,31.275604]}},{"id":"6407","type":"Feature","properties":{"id":"B0K1CPJR6D","name":"壳牌充电汽车充电站(壳牌上海虹口双狮汇地下慢充站)","address":"双狮汇大厦地下停车场B3层B区118-123/130-144停车位","type":"汽车服务;充电站;充电站","typecode":"011100","pcode":310000,"pname":"上海市","citycode":21,"cityname":"上海市","adcode":310109,"adname":"虹口区","business_a":"上海北外滩中心","location":"121.496970,31.250582","tel":"4007160699","bigType":"汽车服务","midType":"充电站","smallType":"充电站","gcj_lng":121.49697,"gcj_lat":31.250582,"wgs84_loc":"121.492526,31.252583","wgs84Lng":"121.492526","wgs84Lat":"31.252583","__source_file__":"13-常用公服设施点/SHP/上海市_充电站.shp"},"geometry":{"type":"Point","coordinates":[121.492526,31.252583]}},{"id":"550","type":"Feature","properties":{"id":"B0FFJ0L99H","name":"国家电网汽车充电站","address":"九龙路399号","type":"汽车服务;充电站;充电站","typecode":"011100","pcode":310000,"pname":"上海市","citycode":21,"cityname":"上海市","adcode":310109,"adname":"虹口区","business_a":"提篮桥","location":"121.491461,31.251221","tel":"[]","bigType":"汽车服务","midType":"充电站","smallType":"充电站","gcj_lng":121.491461,"gcj_lat":31.251221,"wgs84_loc":"121.486997,31.253205","wgs84Lng":"121.486997","wgs84Lat":"31.253205","__source_file__":"13-常用公服设施点/SHP/上海市_充电站.shp"},"geometry":{"type":"Point","coordinates":[121.486997,31.253205]}},{"id":"611","type":"Feature","properties":{"id":"B0FFIHEO22","name":"安悦充电充电站(安悦站名江七星城停车场站)","address":"东汉阳路309弄","type":"汽车服务;充电站;充电站","typecode":"011100","pcode":310000,"pname":"上海市","citycode":21,"cityname":"上海市","adcode":310109,"adname":"虹口区","business_a":"北外滩","location":"121.495067,31.251699","tel":"[]","bigType":"汽车服务","midType":"充电站","smallType":"充电站","gcj_lng":121.495067,"gcj_lat":31.251699,"wgs84_loc":"121.490616,31.253693","wgs84Lng":"121.490616","wgs84Lat":"31.253693","__source_file__":"13-常用公服设施点/SHP/上海市_充电站.shp"},"geometry":{"type":"Point","coordinates":[121.490616,31.253693]}},{"id":"6284","type":"Feature","properties":{"id":"B0IU3UEY2J","name":"度普E站汽车充电站(虹口区名江七星城)","address":"东汉阳路309弄1号楼旁边车位","type":"汽车服务;充电站;充电站","typecode":"011100","pcode":310000,"pname":"上海市","citycode":21,"cityname":"上海市","adcode":310109,"adname":"虹口区","business_a":"提篮桥","location":"121.495950,31.251822","tel":"4000337771","bigType":"汽车服务","midType":"充电站","smallType":"充电站","gcj_lng":121.49595,"gcj_lat":31.251822,"wgs84_loc":"121.491502,31.253819","wgs84Lng":"121.491502","wgs84Lat":"31.253819","__source_file__":"13-常用公服设施点/SHP/上海市_充电站.shp"},"geometry":{"type":"Point","coordinates":[121.491502,31.253819]}},{"id":"1358","type":"Feature","properties":{"id":"B0FFI75HCM","name":"小桔充电站(一方大厦交流)","address":"东汉阳路309弄-上海名江七星城9号楼东面北向南依次六个车位","type":"汽车服务;充电站;充电站","typecode":"011100","pcode":310000,"pname":"上海市","citycode":21,"cityname":"上海市","adcode":310109,"adname":"虹口区","business_a":"北外滩","location":"121.495981,31.251892","tel":"4000610999","bigType":"汽车服务","midType":"充电站","smallType":"充电站","gcj_lng":121.495981,"gcj_lat":31.251892,"wgs84_loc":"121.491533,31.253889","wgs84Lng":"121.491533","wgs84Lat":"31.253889","__source_file__":"13-常用公服设施点/SHP/上海市_充电站.shp"},"geometry":{"type":"Point","coordinates":[121.491533,31.253889]}},{"id":"6286","type":"Feature","properties":{"id":"B0IU3UIGNK","name":"汽车充电站(上海名江七星城)","address":"东汉阳路309弄-上海名江七星城9号楼东面北向南依次六个车位","type":"汽车服务;充电站;充电站","typecode":"011100","pcode":310000,"pname":"上海市","citycode":21,"cityname":"上海市","adcode":310109,"adname":"虹口区","business_a":"提篮桥","location":"121.495981,31.251892","tel":"4008206925","bigType":"汽车服务","midType":"充电站","smallType":"充电站","gcj_lng":121.495981,"gcj_lat":31.251892,"wgs84_loc":"121.491533,31.253889","wgs84Lng":"121.491533","wgs84Lat":"31.253889","__source_file__":"13-常用公服设施点/SHP/上海市_充电站.shp"},"geometry":{"type":"Point","coordinates":[121.491533,31.253889]}},{"id":"589","type":"Feature","properties":{"id":"B0FFMH5C2B","name":"北外滩街道办上汽安悦充电电动汽车充电站","address":"新建路隧道与唐山路交叉口南约60米","type":"汽车服务;充电站;充电站","typecode":"011100","pcode":310000,"pname":"上海市","citycode":21,"cityname":"上海市","adcode":310109,"adname":"虹口区","business_a":"北外滩","location":"121.499336,31.252119","tel":"[]","bigType":"汽车服务","midType":"充电站","smallType":"充电站","gcj_lng":121.499336,"gcj_lat":31.252119,"wgs84_loc":"121.494901,31.254126","wgs84Lng":"121.494901","wgs84Lat":"31.254126","__source_file__":"13-常用公服设施点/SHP/上海市_充电站.shp"},"geometry":{"type":"Point","coordinates":[121.494901,31.254126]}},{"id":"602","type":"Feature","properties":{"id":"B0FFI75HCR","name":"安悦充电站(1933老场坊)","address":"溧阳路611号(近沙泾路)","type":"汽车服务;充电站;充电站","typecode":"011100","pcode":310000,"pname":"上海市","citycode":21,"cityname":"上海市","adcode":310109,"adname":"虹口区","business_a":"提篮桥","location":"121.492104,31.254650","tel":"[]","bigType":"汽车服务","midType":"充电站","smallType":"充电站","gcj_lng":121.492104,"gcj_lat":31.25465,"wgs84_loc":"121.487642,31.256634","wgs84Lng":"121.487642","wgs84Lat":"31.256634","__source_file__":"13-常用公服设施点/SHP/上海市_充电站.shp"},"geometry":{"type":"Point","coordinates":[121.487642,31.256634]}},{"id":"614","type":"Feature","properties":{"id":"B0H3RLIHM8","name":"易马达e换电电动自行车充电站(海伦路)","address":"海伦路200号依莱达车行","type":"汽车服务;充电站;充电站","typecode":"011100","pcode":310000,"pname":"上海市","citycode":21,"cityname":"上海市","adcode":310109,"adname":"虹口区","business_a":"提篮桥","location":"121.493666,31.257225","tel":"[]","bigType":"汽车服务","midType":"充电站","smallType":"充电站","gcj_lng":121.493666,"gcj_lat":31.257225,"wgs84_loc":"121.48921,31.259213","wgs84Lng":"121.48921","wgs84Lat":"31.259213","__source_file__":"13-常用公服设施点/SHP/上海市_充电站.shp"},"geometry":{"type":"Point","coordinates":[121.48921,31.259213]}},{"id":"538","type":"Feature","properties":{"id":"B0FFINHWSM","name":"国家电网汽车充电站(上海虹口区利通广场电动汽车充电站内部专用)","address":"四川北路1350号利通广场B4停车库","type":"汽车服务;充电站;充电站","typecode":"011100","pcode":310000,"pname":"上海市","citycode":21,"cityname":"上海市","adcode":310109,"adname":"虹口区","business_a":"宝山路","location":"121.485166,31.252999","tel":"4000185522","bigType":"汽车服务","midType":"充电站","smallType":"充电站","gcj_lng":121.485166,"gcj_lat":31.252999,"wgs84_loc":"121.48068,31.254963","wgs84Lng":"121.48068","wgs84Lat":"31.254963","__source_file__":"13-常用公服设施点/SHP/上海市_充电站.shp"},"geometry":{"type":"Point","coordinates":[121.48068,31.254963]}},{"id":"6838","type":"Feature","properties":{"id":"B0FFINHWSM","name":"国家电网汽车充电站(上海虹口区利通广场电动汽车充电站)","address":"利通广场地下停车场B4区145(四川北路地铁站1号口步行170米)","type":"汽车服务;充电站;充电站","typecode":"011100","pcode":310000,"pname":"上海市","citycode":21,"cityname":"上海市","adcode":310109,"adname":"虹口区","business_a":"宝山路","location":"121.485166,31.252999","tel":"4000185522","bigType":"汽车服务","midType":"充电站","smallType":"充电站","gcj_lng":121.485166,"gcj_lat":31.252999,"wgs84_loc":"121.48068,31.254963","wgs84Lng":"121.48068","wgs84Lat":"31.254963","__source_file__":"13-常用公服设施点/SHP/上海市_充电站.shp"},"geometry":{"type":"Point","coordinates":[121.48068,31.254963]}},{"id":"5893","type":"Feature","properties":{"id":"B0IAFS7XG3","name":"保时捷汽车充电站(上海虹口SOHO保时捷Turbo充电站)","address":"四川北路街道武进路185号虹口SOHO,地面011,014车位","type":"汽车服务;充电站;充电站","typecode":"011100","pcode":310000,"pname":"上海市","citycode":21,"cityname":"上海市","adcode":310109,"adname":"虹口区","business_a":"[]","location":"121.487280,31.253028","tel":"[]","bigType":"汽车服务","midType":"充电站","smallType":"充电站","gcj_lng":121.48728,"gcj_lat":31.253028,"wgs84_loc":"121.482801,31.254999","wgs84Lng":"121.482801","wgs84Lat":"31.254999","__source_file__":"13-常用公服设施点/SHP/上海市_充电站.shp"},"geometry":{"type":"Point","coordinates":[121.482801,31.254999]}},{"id":"6281","type":"Feature","properties":{"id":"B0IRDMIUUH","name":"国家电网汽车充电站(上海市虹口区一方大厦B4停车场)","address":"东长治路359号B4停车场","type":"汽车服务;充电站;充电站","typecode":"011100","pcode":310000,"pname":"上海市","citycode":21,"cityname":"上海市","adcode":310109,"adname":"虹口区","business_a":"[]","location":"121.486470,31.253212","tel":"[]","bigType":"汽车服务","midType":"充电站","smallType":"充电站","gcj_lng":121.48647,"gcj_lat":31.253212,"wgs84_loc":"121.481988,31.25518","wgs84Lng":"121.481988","wgs84Lat":"31.25518","__source_file__":"13-常用公服设施点/SHP/上海市_充电站.shp"},"geometry":{"type":"Point","coordinates":[121.481988,31.25518]}},{"id":"5889","type":"Feature","properties":{"id":"B0IG1CGYUE","name":"国家电网汽车充电站(上海市虹口区一方大厦B4停车场公共充电站)","address":"东长治路359号B4停车场","type":"汽车服务;充电站;充电站","typecode":"011100","pcode":310000,"pname":"上海市","citycode":21,"cityname":"上海市","adcode":310109,"adname":"虹口区","business_a":"[]","location":"121.486508,31.253239","tel":"[]","bigType":"汽车服务","midType":"充电站","smallType":"充电站","gcj_lng":121.486508,"gcj_lat":31.253239,"wgs84_loc":"121.482027,31.255207","wgs84Lng":"121.482027","wgs84Lat":"31.255207","__source_file__":"13-常用公服设施点/SHP/上海市_充电站.shp"},"geometry":{"type":"Point","coordinates":[121.482027,31.255207]}},{"id":"610","type":"Feature","properties":{"id":"B0FFJ2U2WY","name":"安悦充电充电站(安悦站四川北路公园停车场)","address":"邢家桥南路120号","type":"汽车服务;充电站;充电站","typecode":"011100","pcode":310000,"pname":"上海市","citycode":21,"cityname":"上海市","adcode":310109,"adname":"虹口区","business_a":"宝山路","location":"121.484186,31.255451","tel":"[]","bigType":"汽车服务","midType":"充电站","smallType":"充电站","gcj_lng":121.484186,"gcj_lat":31.255451,"wgs84_loc":"121.479696,31.257412","wgs84Lng":"121.479696","wgs84Lat":"31.257412","__source_file__":"13-常用公服设施点/SHP/上海市_充电站.shp"},"geometry":{"type":"Point","coordinates":[121.479696,31.257412]}},{"id":"6285","type":"Feature","properties":{"id":"B0IU6R5KVG","name":"汽车充电站(ZEEKR Power上海高宝大厦超充站)","address":"四川北路1666号上海高宝大厦地下负二层231号车位旁","type":"汽车服务;充电站;充电站","typecode":"011100","pcode":310000,"pname":"上海市","citycode":21,"cityname":"上海市","adcode":310109,"adname":"虹口区","business_a":"宝山路","location":"121.483946,31.257220","tel":"4000036036","bigType":"汽车服务","midType":"充电站","smallType":"充电站","gcj_lng":121.483946,"gcj_lat":31.25722,"wgs84_loc":"121.479455,31.259179","wgs84Lng":"121.479455","wgs84Lat":"31.259179","__source_file__":"13-常用公服设施点/SHP/上海市_充电站.shp"},"geometry":{"type":"Point","coordinates":[121.479455,31.259179]}},{"id":"1611","type":"Feature","properties":{"id":"B0FFHRITTX","name":"特来电充电站(上海精武大厦)","address":"东宝兴路157号","type":"汽车服务;充电站;充电站","typecode":"011100","pcode":310000,"pname":"上海市","citycode":21,"cityname":"上海市","adcode":310109,"adname":"虹口区","business_a":"宝山路","location":"121.484095,31.257459","tel":"[]","bigType":"汽车服务","midType":"充电站","smallType":"充电站","gcj_lng":121.484095,"gcj_lat":31.257459,"wgs84_loc":"121.479605,31.259418","wgs84Lng":"121.479605","wgs84Lat":"31.259418","__source_file__":"13-常用公服设施点/SHP/上海市_充电站.shp"},"geometry":{"type":"Point","coordinates":[121.479605,31.259418]}},{"id":"535","type":"Feature","properties":{"id":"B0GRHBOYSD","name":"汽车充电站(蔚来目充站上海三至喜来登酒店)","address":"四平路与海伦路交叉口西南约80米","type":"汽车服务;充电站;充电站","typecode":"011100","pcode":310000,"pname":"上海市","citycode":21,"cityname":"上海市","adcode":310109,"adname":"虹口区","business_a":"宝山路","location":"121.487920,31.257786","tel":"021-67099903","bigType":"汽车服务","midType":"充电站","smallType":"充电站","gcj_lng":121.48792,"gcj_lat":31.257786,"wgs84_loc":"121.483443,31.259756","wgs84Lng":"121.483443","wgs84Lat":"31.259756","__source_file__":"13-常用公服设施点/SHP/上海市_充电站.shp"},"geometry":{"type":"Point","coordinates":[121.483443,31.259756]}},{"id":"609","type":"Feature","properties":{"id":"B0FFI7SFDE","name":"安悦充电充电站(安悦站金融街海伦中心)","address":"四平路96号海伦路口","type":"汽车服务;充电站;充电站","typecode":"011100","pcode":310000,"pname":"上海市","citycode":21,"cityname":"上海市","adcode":310109,"adname":"虹口区","business_a":"四平路","location":"121.489957,31.259032","tel":"[]","bigType":"汽车服务","midType":"充电站","smallType":"充电站","gcj_lng":121.489957,"gcj_lat":31.259032,"wgs84_loc":"121.485487,31.261008","wgs84Lng":"121.485487","wgs84Lat":"31.261008","__source_file__":"13-常用公服设施点/SHP/上海市_充电站.shp"},"geometry":{"type":"Point","coordinates":[121.485487,31.261008]}},{"id":"581","type":"Feature","properties":{"id":"B0FFL6BW1H","name":"依威能源汽车充电站(宏伦大厦)","address":"嘉兴路街道海伦路178号","type":"汽车服务;充电站;充电站","typecode":"011100","pcode":310000,"pname":"上海市","citycode":21,"cityname":"上海市","adcode":310109,"adname":"虹口区","business_a":"提篮桥","location":"121.494402,31.257337","tel":"4001800910","bigType":"汽车服务","midType":"充电站","smallType":"充电站","gcj_lng":121.494402,"gcj_lat":31.257337,"wgs84_loc":"121.489948,31.259327","wgs84Lng":"121.489948","wgs84Lat":"31.259327","__source_file__":"13-常用公服设施点/SHP/上海市_充电站.shp"},"geometry":{"type":"Point","coordinates":[121.489948,31.259327]}},{"id":"600","type":"Feature","properties":{"id":"B0G0MRNQPG","name":"超吉里程充电站(虹口中锐)","address":"通州路300号","type":"汽车服务;充电站;充电站","typecode":"011100","pcode":310000,"pname":"上海市","citycode":21,"cityname":"上海市","adcode":310109,"adname":"虹口区","business_a":"提篮桥","location":"121.495741,31.258340","tel":"[]","bigType":"汽车服务","midType":"充电站","smallType":"充电站","gcj_lng":121.495741,"gcj_lat":31.25834,"wgs84_loc":"121.491292,31.260334","wgs84Lng":"121.491292","wgs84Lat":"31.260334","__source_file__":"13-常用公服设施点/SHP/上海市_充电站.shp"},"geometry":{"type":"Point","coordinates":[121.491292,31.260334]}},{"id":"603","type":"Feature","properties":{"id":"B0FFM4MDSQ","name":"小桔充电站(金融街海伦中心)","address":"海伦路440号","type":"汽车服务;充电站;充电站","typecode":"011100","pcode":310000,"pname":"上海市","citycode":21,"cityname":"上海市","adcode":310109,"adname":"虹口区","business_a":"四平路","location":"121.490279,31.259695","tel":"4000610999","bigType":"汽车服务","midType":"充电站","smallType":"充电站","gcj_lng":121.490279,"gcj_lat":31.259695,"wgs84_loc":"121.48581,31.261672","wgs84Lng":"121.48581","wgs84Lat":"31.261672","__source_file__":"13-常用公服设施点/SHP/上海市_充电站.shp"},"geometry":{"type":"Point","coordinates":[121.48581,31.261672]}},{"id":"14","type":"Feature","properties":{"id":"B0GKNZ8NAE","name":"依威能源汽车充电站(虹口现代公寓)","address":"天宝路66弄虹口现代公寓地面停车场","type":"汽车服务;充电站;个人充电站","typecode":"011104","pcode":310000,"pname":"上海市","citycode":21,"cityname":"上海市","adcode":310109,"adname":"虹口区","business_a":"提篮桥","location":"121.495366,31.261796","tel":"4001800910","bigType":"汽车服务","midType":"充电站","smallType":"个人充电站","gcj_lng":121.495366,"gcj_lat":31.261796,"wgs84_loc":"121.490915,31.263787","wgs84Lng":"121.490915","wgs84Lat":"31.263787","__source_file__":"13-常用公服设施点/SHP/上海市_充电站.shp"},"geometry":{"type":"Point","coordinates":[121.490915,31.263787]}},{"id":"575","type":"Feature","properties":{"id":"B0FFJL5R33","name":"挚达科技汽车充电站","address":"四平路333号","type":"汽车服务;充电站;充电站","typecode":"011100","pcode":310000,"pname":"上海市","citycode":21,"cityname":"上海市","adcode":310109,"adname":"虹口区","business_a":"曲阳","location":"121.491483,31.266586","tel":"[]","bigType":"汽车服务","midType":"充电站","smallType":"充电站","gcj_lng":121.491483,"gcj_lat":31.266586,"wgs84_loc":"121.487018,31.268563","wgs84Lng":"121.487018","wgs84Lat":"31.268563","__source_file__":"13-常用公服设施点/SHP/上海市_充电站.shp"},"geometry":{"type":"Point","coordinates":[121.487018,31.268563]}},{"id":"6402","type":"Feature","properties":{"id":"B0J3UL1KV7","name":"壳牌充电汽车充电站(壳牌上海虹口永融企业中心地面慢充站)","address":"四平路257号永融企业中心北侧地面停车场","type":"汽车服务;充电站;充电站","typecode":"011100","pcode":310000,"pname":"上海市","citycode":21,"cityname":"上海市","adcode":310109,"adname":"虹口区","business_a":"[]","location":"121.489401,31.261911","tel":"4007160699","bigType":"汽车服务","midType":"充电站","smallType":"充电站","gcj_lng":121.489401,"gcj_lat":31.261911,"wgs84_loc":"121.484929,31.263884","wgs84Lng":"121.484929","wgs84Lat":"31.263884","__source_file__":"13-常用公服设施点/SHP/上海市_充电站.shp"},"geometry":{"type":"Point","coordinates":[121.484929,31.263884]}},{"id":"569","type":"Feature","properties":{"id":"B0FFHNU11P","name":"星星充电汽车充电站(星星充电永融企业中心1区)","address":"四平路257号进门50米右侧停车位","type":"汽车服务;充电站;充电站","typecode":"011100","pcode":310000,"pname":"上海市","citycode":21,"cityname":"上海市","adcode":310109,"adname":"虹口区","business_a":"[]","location":"121.489116,31.262095","tel":"4008280768","bigType":"汽车服务","midType":"充电站","smallType":"充电站","gcj_lng":121.489116,"gcj_lat":31.262095,"wgs84_loc":"121.484643,31.264067","wgs84Lng":"121.484643","wgs84Lat":"31.264067","__source_file__":"13-常用公服设施点/SHP/上海市_充电站.shp"},"geometry":{"type":"Point","coordinates":[121.484643,31.264067]}},{"id":"572","type":"Feature","properties":{"id":"B0FFGSJGA0","name":"星星充电汽车充电站(不对外开放星星充电永融企业中心3区)","address":"四平路257号2号地下停车库B2层","type":"汽车服务;充电站;充电站","typecode":"011100","pcode":310000,"pname":"上海市","citycode":21,"cityname":"上海市","adcode":310109,"adname":"虹口区","business_a":"[]","location":"121.489092,31.262106","tel":"4008280768","bigType":"汽车服务","midType":"充电站","smallType":"充电站","gcj_lng":121.489092,"gcj_lat":31.262106,"wgs84_loc":"121.484619,31.264078","wgs84Lng":"121.484619","wgs84Lat":"31.264078","__source_file__":"13-常用公服设施点/SHP/上海市_充电站.shp"},"geometry":{"type":"Point","coordinates":[121.484619,31.264078]}},{"id":"6278","type":"Feature","properties":{"id":"B0G265MDE0","name":"星星充电汽车充电站(不对外开放永融企业中心3区)(暂停营业)","address":"四平路257号2号地下停车库B2层","type":"汽车服务;充电站;专用充电站","typecode":"011103","pcode":310000,"pname":"上海市","citycode":21,"cityname":"上海市","adcode":310109,"adname":"虹口区","business_a":"[]","location":"121.489259,31.262181","tel":"4008280768","bigType":"汽车服务","midType":"充电站","smallType":"专用充电站","gcj_lng":121.489259,"gcj_lat":31.262181,"wgs84_loc":"121.484786,31.264154","wgs84Lng":"121.484786","wgs84Lat":"31.264154","__source_file__":"13-常用公服设施点/SHP/上海市_充电站.shp"},"geometry":{"type":"Point","coordinates":[121.484786,31.264154]}},{"id":"570","type":"Feature","properties":{"id":"B0FFH611AB","name":"星星充电汽车充电站(星星充电永融企业中心2区)","address":"四平路257号进门左转进B1地下车库直行20米右转10米左侧","type":"汽车服务;充电站;充电站","typecode":"011100","pcode":310000,"pname":"上海市","citycode":21,"cityname":"上海市","adcode":310109,"adname":"虹口区","business_a":"[]","location":"121.489251,31.262273","tel":"[]","bigType":"汽车服务","midType":"充电站","smallType":"充电站","gcj_lng":121.489251,"gcj_lat":31.262273,"wgs84_loc":"121.484778,31.264245","wgs84Lng":"121.484778","wgs84Lat":"31.264245","__source_file__":"13-常用公服设施点/SHP/上海市_充电站.shp"},"geometry":{"type":"Point","coordinates":[121.484778,31.264245]}},{"id":"576","type":"Feature","properties":{"id":"B0FFGSJFZA","name":"星星充电汽车充电站(星星充电永融企业中心1区直流)","address":"四平路257号","type":"汽车服务;充电站;充电站","typecode":"011100","pcode":310000,"pname":"上海市","citycode":21,"cityname":"上海市","adcode":310109,"adname":"虹口区","business_a":"[]","location":"121.489348,31.262310","tel":"4008280768","bigType":"汽车服务","midType":"充电站","smallType":"充电站","gcj_lng":121.489348,"gcj_lat":31.26231,"wgs84_loc":"121.484876,31.264283","wgs84Lng":"121.484876","wgs84Lat":"31.264283","__source_file__":"13-常用公服设施点/SHP/上海市_充电站.shp"},"geometry":{"type":"Point","coordinates":[121.484876,31.264283]}},{"id":"571","type":"Feature","properties":{"id":"B0HKFOYXCE","name":"星星充电汽车充电站(星星充电永融企业中心直流)","address":"四平路257号进门50米右侧停车位","type":"汽车服务;充电站;充电站","typecode":"011100","pcode":310000,"pname":"上海市","citycode":21,"cityname":"上海市","adcode":310109,"adname":"虹口区","business_a":"[]","location":"121.489599,31.262422","tel":"4008280768","bigType":"汽车服务","midType":"充电站","smallType":"充电站","gcj_lng":121.489599,"gcj_lat":31.262422,"wgs84_loc":"121.485128,31.264395","wgs84Lng":"121.485128","wgs84Lat":"31.264395","__source_file__":"13-常用公服设施点/SHP/上海市_充电站.shp"},"geometry":{"type":"Point","coordinates":[121.485128,31.264395]}},{"id":"6273","type":"Feature","properties":{"id":"B0IUYLINZR","name":"星星充电汽车充电站(星星充电永融企业中心直流)","address":"四平路与贯中路交叉口西40米","type":"汽车服务;充电站;充电站","typecode":"011100","pcode":310000,"pname":"上海市","citycode":21,"cityname":"上海市","adcode":310109,"adname":"虹口区","business_a":"[]","location":"121.489599,31.262422","tel":"[]","bigType":"汽车服务","midType":"充电站","smallType":"充电站","gcj_lng":121.489599,"gcj_lat":31.262422,"wgs84_loc":"121.485128,31.264395","wgs84Lng":"121.485128","wgs84Lat":"31.264395","__source_file__":"13-常用公服设施点/SHP/上海市_充电站.shp"},"geometry":{"type":"Point","coordinates":[121.485128,31.264395]}},{"id":"1432","type":"Feature","properties":{"id":"B0FFL0Z61R","name":"普天充电站(金海岸商厦)","address":"四川北路1941号","type":"汽车服务;充电站;充电站","typecode":"011100","pcode":310000,"pname":"上海市","citycode":21,"cityname":"上海市","adcode":310109,"adname":"虹口区","business_a":"宝山路","location":"121.483477,31.262627","tel":"[]","bigType":"汽车服务","midType":"充电站","smallType":"充电站","gcj_lng":121.483477,"gcj_lat":31.262627,"wgs84_loc":"121.478984,31.264582","wgs84Lng":"121.478984","wgs84Lat":"31.264582","__source_file__":"13-常用公服设施点/SHP/上海市_充电站.shp"},"geometry":{"type":"Point","coordinates":[121.478984,31.264582]}},{"id":"1434","type":"Feature","properties":{"id":"B0FFKF7YNM","name":"乐充充电站(法兰桥创意园直流充电站)","address":"欧阳路198号法兰桥","type":"汽车服务;充电站;充电站","typecode":"011100","pcode":310000,"pname":"上海市","citycode":21,"cityname":"上海市","adcode":310109,"adname":"虹口区","business_a":"曲阳","location":"121.488207,31.267269","tel":"4001800910","bigType":"汽车服务","midType":"充电站","smallType":"充电站","gcj_lng":121.488207,"gcj_lat":31.267269,"wgs84_loc":"121.48373,31.269236","wgs84Lng":"121.48373","wgs84Lat":"31.269236","__source_file__":"13-常用公服设施点/SHP/上海市_充电站.shp"},"geometry":{"type":"Point","coordinates":[121.48373,31.269236]}}],"name":"上海市_充电站","crs":{"type":"name","properties":{"name":"urn:ogc:def:crs:OGC:1.3:CRS84"}}}