{"type":"FeatureCollection","features":[{"id":"1350","type":"Feature","properties":{"id":"B00155L36V","name":"科学会堂(雁荡路)","type":"科教文化服务;会展中心;会展中心","addr":"上海市黄浦区南昌路47号","结构":null,"面积":0.0,"时间":null,"装修":null,"价格":0.0,"gcj_lng":121.469303,"gcj_lat":31.218563,"wgs_lng":121.464766889,"wgs_lat":31.2204990312,"bd_lng":121.475815583,"bd_lat":31.2245804081,"gcj_shape":"121.46898,31.218234;121.46899,31.21822;121.469002,31.218212;121.469025,31.218209;121.469051,31.21821;121.469568,31.218386;121.469588,31.2184;121.469599,31.218413;121.469603,31.218423;121.469605,31.21844;121.469589,31.218601;121.469587,31.218701;121.46960","FID_1":7781,"id_1":"B00155L36V","type1":"科教文化服务","type2":"会展中心","type3":"会展中心","__source_file__":"13-常用公服设施点/SHP/上海市_科教文化服务-面.shp"},"geometry":{"type":"Polygon","coordinates":[[[121.46434455356217,31.220333495365146],[121.46434455237008,31.220349487020492],[121.46434856429102,31.22036149178887],[121.46435658634472,31.22036850788212],[121.46436962508773,31.22037453828049],[121.46458426047326,31.2204460401516],[121.46460030696488,31.22045507710648],[121.46460431948186,31.22046108366299],[121.46460632484627,31.22046908545113],[121.46460532007791,31.220485075914382],[121.46452205304908,31.220689770738602],[121.46452205185699,31.22070176477814],[121.4645290727186,31.220713776103025],[121.46453910192488,31.220724795772558],[121.46455414603233,31.220732830343252],[121.46499144541357,31.220858867464067],[121.46501451455495,31.220859924684525],[121.46503357237148,31.220853975348476],[121.4650466123066,31.2208430128994],[121.46505463853262,31.220825041509634],[121.46505163316819,31.220778056410794],[121.46503760396192,31.22062509276963],[121.46503961826704,31.22052514522171],[121.46505568085193,31.22036426145077],[121.46505367548752,31.220347264431002],[121.46504966595074,31.220337259662635],[121.46503863376424,31.220324237012868],[121.46501857415961,31.22031019409752],[121.46450003516767,31.22013297697067],[121.46447395768163,31.22013191378975],[121.46445088854026,31.220134854185105],[121.46443885277748,31.220142820806508],[121.46442882118701,31.22015678802395],[121.46434455356217,31.220333495365146]]]}},{"id":"286","type":"Feature","properties":{"id":"B00151F1EB","name":"上海市七色花小学","type":"科教文化服务;学校;小学","addr":"上海市黄浦区雁荡路56弄13-46号","结构":null,"面积":0.0,"时间":null,"装修":null,"价格":0.0,"gcj_lng":121.46882,"gcj_lat":31.21993,"wgs_lng":121.464282259,"wgs_lat":31.2218641211,"bd_lng":121.475330957,"bd_lat":31.2259568028,"gcj_shape":"121.468539,31.219727;121.468554,31.219686;121.468543,31.219679;121.468563,31.21964;121.468896,31.219741;121.468885,31.219835;121.469217,31.219915;121.469184,31.220185;121.468781,31.22006;121.468744,31.22012;121.468433,31.219985;121.468554,31.219749;121.4","FID_1":1541,"id_1":"B00151F1EB","type1":"科教文化服务","type2":"学校","type3":"小学","__source_file__":"13-常用公服设施点/SHP/上海市_科教文化服务-面.shp"},"geometry":{"type":"Polygon","coordinates":[[[121.46400141749766,31.22167001120949],[121.46388003602794,31.221905598745344],[121.46419195155528,31.2220413116169],[121.46422906718828,31.221981432018282],[121.46463326285743,31.222107382116313],[121.46466638683509,31.22183759192467],[121.46433339739801,31.2217567979908],[121.46434443852523,31.221662868920326],[121.46401045326044,31.22156108511924],[121.46399039007952,31.22160001716995],[121.46400142345811,31.221607041011815],[121.4639863745823,31.22164798498344],[121.46400141749766,31.22167001120949]]]}},{"id":"4265","type":"Feature","properties":{"id":"B00156COV5","name":"向明中学","type":"科教文化服务;学校;中学","addr":"上海市黄浦区瑞金一路100号","结构":null,"面积":0.0,"时间":null,"装修":null,"价格":0.0,"gcj_lng":121.462908,"gcj_lat":31.22003,"wgs_lng":121.45835233,"wgs_lat":31.2219490816,"bd_lng":121.469390805,"bd_lat":31.2261665381,"gcj_shape":"121.462469,31.220322;121.462492,31.220013;121.462352,31.219851;121.462377,31.219705;121.462526,31.21973;121.462552,31.219617;121.463288,31.21974;121.463254,31.219976;121.463466,31.220008;121.4634,31.220411;121.462469,31.220322","FID_1":24052,"id_1":"B00156COV5","type1":"科教文化服务","type2":"学校","type3":"中学","__source_file__":"13-常用公服设施点/SHP/上海市_科教文化服务-面.shp"},"geometry":{"type":"Polygon","coordinates":[[[121.45883246507643,31.222319242702483],[121.45889868442154,31.221916586025237],[121.45868609552767,31.2218841068039],[121.45872021116068,31.221648296346665],[121.45798217745016,31.221523644105915],[121.45795609519575,31.221636530857083],[121.45780668630792,31.22161119826317],[121.45778160405348,31.221757073093414],[121.45792197717859,31.221919319856646],[121.45789888717556,31.222228121373178],[121.45883246507643,31.222319242702483]]]}},{"id":"1714","type":"Feature","properties":{"id":"B00151FC9A","name":"淮海中路小学","type":"科教文化服务;学校;小学","addr":"上海市黄浦区淡水路93号(近太仓路)","结构":null,"面积":0.0,"时间":null,"装修":null,"价格":0.0,"gcj_lng":121.473108,"gcj_lat":31.220997,"wgs_lng":121.468583824,"wgs_lat":31.2229420386,"bd_lng":121.479640433,"bd_lat":31.2269423934,"gcj_shape":"121.472684,31.22105;121.472778,31.220719;121.472809,31.220713;121.472829,31.220715;121.47355,31.220972;121.473439,31.221279;121.472684,31.22105","FID_1":10020,"id_1":"B00151FC9A","type1":"科教文化服务","type2":"学校","type3":"小学","__source_file__":"13-常用公服设施点/SHP/上海市_科教文化服务-面.shp"},"geometry":{"type":"Polygon","coordinates":[[[121.46890123044395,31.223211791471485],[121.46901260476113,31.222905225393305],[121.4682893731632,31.222646461095806],[121.46826930998229,31.222644409835823],[121.46823821223069,31.222650326389317],[121.46814389215375,31.222980926442148],[121.46890123044395,31.223211791471485]]]}},{"id":"1789","type":"Feature","properties":{"id":"B00152B33D","name":"上海市黄浦区重庆北路小学","type":"科教文化服务;学校;小学","addr":"上海市黄浦区大沽路262号(大沽路石门一路)","结构":null,"面积":0.0,"时间":null,"装修":null,"价格":0.0,"gcj_lng":121.469039,"gcj_lat":31.225996,"wgs_lng":121.464501422,"wgs_lat":31.22792785,"bd_lng":121.475553234,"bd_lat":31.2320191989,"gcj_shape":"121.469282,31.225867;121.468837,31.225808;121.468817,31.22615;121.469235,31.226169;121.469282,31.225867","FID_1":10459,"id_1":"B00152B33D","type1":"科教文化服务","type2":"学校","type3":"小学","__source_file__":"13-常用公服设施点/SHP/上海市_科教文化服务-面.shp"},"geometry":{"type":"Polygon","coordinates":[[[121.46428473817062,31.227726885707852],[121.4642646487637,31.228068677091606],[121.46468390046121,31.228088716596602],[121.4647310673542,31.227786974088666],[121.46428473817062,31.227726885707852]]]}},{"id":"718","type":"Feature","properties":{"id":"B0FFH6SUOC","name":"上海市储能中学(成都北路)","type":"科教文化服务;学校;中学","addr":"上海市黄浦区成都北路200号","结构":null,"面积":0.0,"时间":null,"装修":null,"价格":0.0,"gcj_lng":121.467932,"gcj_lat":31.226833,"wgs_lng":121.463390903,"wgs_lat":31.2287615771,"bd_lng":121.474440981,"bd_lat":31.232877292,"gcj_shape":"121.467693,31.226723;121.467709,31.226647;121.468279,31.226639;121.468259,31.226909;121.468019,31.226896;121.467984,31.227072;121.467613,31.227057;121.467693,31.226723","FID_1":4029,"id_1":"B0FFH6SUOC","type1":"科教文化服务","type2":"学校","type3":"中学","__source_file__":"13-常用公服设施点/SHP/上海市_科教文化服务-面.shp"},"geometry":{"type":"Polygon","coordinates":[[[121.46305699619106,31.22897226770592],[121.46342909172444,31.228988177272797],[121.46346420974163,31.228812345357902],[121.46370492142105,31.22882593544388],[121.46372500367548,31.228556110681538],[121.46315331447983,31.228562695667264],[121.46313726202777,31.22863861937332],[121.46305699619106,31.22897226770592]]]}},{"id":"1615","type":"Feature","properties":{"id":"B00155IVDU","name":"黄浦区威海路幼儿园","type":"科教文化服务;学校;幼儿园","addr":"上海市黄浦区威海路112号(近成都北路)","结构":null,"面积":0.0,"时间":null,"装修":null,"价格":0.0,"gcj_lng":121.469285,"gcj_lat":31.22787,"wgs_lng":121.464748032,"wgs_lat":31.2298016229,"bd_lng":121.475800743,"bd_lat":31.2338885881,"gcj_shape":"121.469109,31.227867;121.469116,31.22775;121.469483,31.227738;121.469494,31.22775;121.469349,31.228018;121.469217,31.227966;121.46921,31.227884;121.469109,31.227867","FID_1":9429,"id_1":"B00155IVDU","type1":"科教文化服务","type2":"学校","type3":"幼儿园","__source_file__":"13-常用公服设施点/SHP/上海市_科教文化服务-面.shp"},"geometry":{"type":"Polygon","coordinates":[[[121.46465867634774,31.229802858289723],[121.46466569065285,31.229884839216233],[121.46479808165932,31.229937146776194],[121.46494354180717,31.22966963553428],[121.46493251081279,31.229657611692424],[121.46456440574264,31.229668685436252],[121.46455737534428,31.229785613314633],[121.46465867634774,31.229802858289723]]]}},{"id":"928","type":"Feature","properties":{"id":"B001559AUS","name":"上海电视台","type":"科教文化服务;传媒机构;电视台","addr":"上海市静安区威海路298号","结构":null,"面积":0.0,"时间":null,"装修":null,"价格":0.0,"gcj_lng":121.465418,"gcj_lat":31.227961,"wgs_lng":121.460869118,"wgs_lat":31.2298826217,"bd_lng":121.471914999,"bd_lat":31.2340525387,"gcj_shape":"121.465622,31.228554;121.465642,31.22855;121.465657,31.228539;121.465679,31.228509;121.465789,31.228221;121.465822,31.228097;121.465886,31.227495;121.465879,31.227464;121.465861,31.227449;121.465833,31.227438;121.46524,31.227386;121.465203,31.227387;121.","FID_1":5354,"id_1":"B001559AUS","type1":"科教文化服务","type2":"传媒机构","type3":"电视台","__source_file__":"13-常用公服设施点/SHP/上海市_科教文化服务-面.shp"},"geometry":{"type":"Polygon","coordinates":[[[121.46108012394143,31.23045977454185],[121.46109516864492,31.230448815669057],[121.46111723361398,31.23041888183021],[121.46122757693672,31.230131279989244],[121.46126068243696,31.23000741767597],[121.46132491787529,31.229405849809645],[121.46131790118602,31.22937484742546],[121.4612998511181,31.22935981166267],[121.46127177124788,31.229348748481744],[121.46067707013131,31.2292953477726],[121.46063996522716,31.229296257173537],[121.460612886549,31.229306188032155],[121.4605928275404,31.22932513140774],[121.46032498353863,31.230255063292503],[121.46032698771094,31.230276057928087],[121.4603340061884,31.230295065676692],[121.46035305923652,31.230310105611807],[121.46038214029883,31.23032016998482],[121.46104101069261,31.23046267798233],[121.46106006672099,31.23046372447395],[121.46108012394143,31.23045977454185]]]}},{"id":"2710","type":"Feature","properties":{"id":"B001535BBC","name":"上海博物馆","type":"科教文化服务;博物馆;博物馆","addr":"上海市黄浦区人民大道201号","结构":null,"面积":0.0,"时间":null,"装修":null,"价格":0.0,"gcj_lng":121.475507,"gcj_lat":31.228228,"wgs_lng":121.470990057,"wgs_lat":31.2301762249,"bd_lng":121.482052928,"bd_lat":31.2341293273,"gcj_shape":"121.474408,31.228668;121.475281,31.229298;121.475297,31.229298;121.475312,31.229296;121.475327,31.229292;121.475753,31.228799;121.475781,31.228784;121.475964,31.228715;121.476398,31.228501;121.476417,31.228489;121.476667,31.228238;121.476671,31.228225;12","FID_1":15799,"id_1":"B001535BBC","type1":"科教文化服务","type2":"博物馆","type3":"博物馆","__source_file__":"13-常用公服设施点/SHP/上海市_科教文化服务-面.shp"},"geometry":{"type":"Polygon","coordinates":[[[121.47074836538413,31.23123193170833],[121.47076441604804,31.23123197402763],[121.47077946492388,31.231230015750885],[121.47079451201155,31.231226058070177],[121.47122191629695,31.23073442301655],[121.47125000868417,31.23071950467491],[121.47143360115436,31.23065102800369],[121.47186901378441,31.230438292814256],[121.47188807577325,31.230426350034712],[121.47213890368177,31.230176138604172],[121.47214291739084,31.230163155889514],[121.47214291977502,31.230148163042074],[121.47214292037107,31.23013316959858],[121.47213389295295,31.230113155293466],[121.47194029750253,31.229814772035603],[121.47189314968301,31.229773664747242],[121.4718128969593,31.229715476396564],[121.47123708617019,31.229331113834377],[121.47089802401541,31.229110311555864],[121.47086993460846,31.22910623883819],[121.47083783328057,31.22910815181541],[121.47079469499778,31.229117032606126],[121.47076459724616,31.22912694915962],[121.47053384980393,31.229303254169462],[121.47052381642533,31.22931722079086],[121.47051879913998,31.229340196352958],[121.47045757919884,31.229643892965314],[121.47045657204629,31.2296708786602],[121.47030607255937,31.22993635771561],[121.47026693487264,31.230107174729355],[121.46985358840371,31.230559873559955],[121.46984957648277,31.230571856870647],[121.46984957409859,31.230580852102285],[121.46987264562415,31.230599904554367],[121.47074836538413,31.23123193170833]]]}},{"id":"1885","type":"Feature","properties":{"id":"B00156DADZ","name":"上海市储能中学","type":"科教文化服务;学校;中学","addr":"上海市黄浦区重庆北路270号","结构":null,"面积":0.0,"时间":null,"装修":null,"价格":0.0,"gcj_lng":121.469293,"gcj_lat":31.228274,"wgs_lng":121.464756022,"wgs_lat":31.2302054563,"bd_lng":121.475808824,"bd_lat":31.2342924462,"gcj_shape":"121.469722,31.228244;121.469675,31.228224;121.469696,31.228184;121.469404,31.228051;121.469136,31.227943;121.469119,31.227985;121.469034,31.227961;121.468858,31.228376;121.469534,31.228611;121.469722,31.228244","FID_1":10961,"id_1":"B00156DADZ","type1":"科教文化服务","type2":"学校","type3":"中学","__source_file__":"13-常用公服设施点/SHP/上海市_科教文化服务-面.shp"},"geometry":{"type":"Polygon","coordinates":[[[121.46512504606247,31.230143872760774],[121.46514611401176,31.23010394309425],[121.46485324557209,31.229970268965715],[121.4645844498501,31.22986164609719],[121.46456739501383,31.229903584108364],[121.46448214229014,31.229879381452562],[121.46430557962228,31.23029374964333],[121.46498358770275,31.23053033691501],[121.46517218792152,31.230163981241226],[121.46512504606247,31.230143872760774]]]}},{"id":"544","type":"Feature","properties":{"id":"B00156EGMD","name":"上海市实验小学","type":"科教文化服务;学校;小学","addr":"上海市黄浦区方浜中路699","结构":null,"面积":0.0,"时间":null,"装修":null,"价格":0.0,"gcj_lng":121.485449,"gcj_lat":31.223251,"wgs_lng":121.480966368,"wgs_lat":31.2252298493,"bd_lng":121.492034946,"bd_lat":31.2289919743,"gcj_shape":"121.484633,31.223473;121.48529,31.222598;121.485333,31.222601;121.4856,31.222782;121.486191,31.223043;121.486192,31.223078;121.485802,31.223741;121.485728,31.223869;121.485181,31.223659;121.484808,31.223519;121.484633,31.223473","FID_1":3003,"id_1":"B00156EGMD","type1":"科教文化服务","type2":"学校","type3":"小学","__source_file__":"13-常用公服设施点/SHP/上海市_科教文化服务-面.shp"},"geometry":{"type":"Polygon","coordinates":[[[121.48030741122533,31.22548197109127],[121.48068167603587,31.225622972449308],[121.48123053570082,31.22583444229985],[121.4813048021336,31.225706714693068],[121.48169620165064,31.225045145204547],[121.48169520105459,31.22501015891362],[121.48110218999388,31.224747582966806],[121.4808342881756,31.22456590168572],[121.48079114095212,31.224562779496203],[121.48013181696703,31.225435492465976],[121.48030741122533,31.22548197109127]]]}},{"id":"134","type":"Feature","properties":{"id":"B00150FDD8","name":"上海市黄浦区卢湾三中心小学","type":"科教文化服务;学校;小学","addr":"上海市黄浦区嵩山路69号门卫室","结构":null,"面积":0.0,"时间":null,"装修":null,"价格":0.0,"gcj_lng":121.476346,"gcj_lat":31.223306,"wgs_lng":121.471832259,"wgs_lat":31.2252588437,"bd_lng":121.482894747,"bd_lat":31.2291918011,"gcj_shape":"121.47567,31.223204;121.475745,31.222997;121.475862,31.223034;121.475843,31.223078;121.47639,31.223291;121.476491,31.22309;121.476947,31.223257;121.476845,31.223506;121.476566,31.223409;121.476472,31.223605;121.476042,31.223429;121.476081,31.223358;121.4","FID_1":787,"id_1":"B00150FDD8","type1":"科教文化服务","type2":"学校","type3":"小学","__source_file__":"13-常用公服设施点/SHP/上海市_科教文化服务-面.shp"},"geometry":{"type":"Polygon","coordinates":[[[121.47155143800354,31.225296829422],[121.47151230627729,31.225367691735272],[121.47194367420389,31.22554476521492],[121.47203799487687,31.22534910972977],[121.47231788715841,31.2254468172369],[121.47242023822977,31.225198210031508],[121.47196278030015,31.225030057277678],[121.47186143697738,31.225230690113072],[121.47131269830992,31.225016320994378],[121.47133176327898,31.224972393115998],[121.471214391346,31.22493509747696],[121.47113913325786,31.225141800049784],[121.47155143800354,31.225296829422]]]}},{"id":"2799","type":"Feature","properties":{"id":"B00154DCDU","name":"上海市光明中学","type":"科教文化服务;学校;中学","addr":"上海市黄浦区西藏南路181号","结构":null,"面积":0.0,"时间":null,"装修":null,"价格":0.0,"gcj_lng":121.480718,"gcj_lat":31.22626,"wgs_lng":121.476218746,"wgs_lat":31.2282237792,"bd_lng":121.487286855,"bd_lat":31.2320709289,"gcj_shape":"121.481029,31.226745;121.481157,31.226536;121.481047,31.226475;121.481278,31.22611;121.480508,31.225821;121.480454,31.225813;121.480421,31.225842;121.480142,31.226359;121.481029,31.226745","FID_1":16330,"id_1":"B00154DCDU","type1":"科教文化服务","type2":"学校","type3":"中学","__source_file__":"13-常用公服设施点/SHP/上海市_科教文化服务-面.shp"},"geometry":{"type":"Polygon","coordinates":[[[121.47664380603506,31.228487256394388],[121.47653344304274,31.2284259768486],[121.47676524770546,31.22806179104805],[121.47599270258712,31.227770779987335],[121.47593852377318,31.227762634552],[121.47590541290856,31.227791528455732],[121.47562544254492,31.228307515176773],[121.47651535959625,31.22869580280304],[121.47664380603506,31.228487256394388]]]}},{"id":"623","type":"Feature","properties":{"id":"B0015478CB","name":"明珠中学","type":"科教文化服务;学校;中学","addr":"上海市黄浦区云南中路35号(近港陆广场)","结构":null,"面积":0.0,"时间":null,"装修":null,"价格":0.0,"gcj_lng":121.478629,"gcj_lat":31.229777,"wgs_lng":121.474122351,"wgs_lat":31.2317332201,"bd_lng":121.485189273,"bd_lat":31.2356228674,"gcj_shape":"121.478438,31.229596;121.478942,31.229754;121.478793,31.229953;121.47834,31.229814;121.478438,31.229596","FID_1":3443,"id_1":"B0015478CB","type1":"科教文化服务","type2":"学校","type3":"中学","__source_file__":"13-常用公服设施点/SHP/上海市_科教文化服务-面.shp"},"geometry":{"type":"Polygon","coordinates":[[[121.47381720670703,31.231755955089568],[121.47427168013382,31.231896132877345],[121.4744211855812,31.231697633556365],[121.47391554585742,31.23153832523441],[121.47381720670703,31.231755955089568]]]}},{"id":"3519","type":"Feature","properties":{"id":"B0FFG0685M","name":"上海市工人文化宫","type":"科教文化服务;文化宫;文化宫|科教文化服务;培训机构;培训机构","addr":"上海市黄浦区西藏中路120号(近北海路)","结构":null,"面积":0.0,"时间":null,"装修":null,"价格":0.0,"gcj_lng":121.478028,"gcj_lat":31.2305,"wgs_lng":121.473519265,"wgs_lat":31.2324541946,"bd_lng":121.484585597,"bd_lat":31.2363562614,"gcj_shape":"121.477487,31.230512;121.478175,31.230772;121.478203,31.23078;121.478233,31.230781;121.478254,31.230777;121.478271,31.230753;121.478486,31.230349;121.478497,31.230318;121.478488,31.230296;121.478474,31.230278;121.478443,31.230276;121.477453,31.23041;121.","FID_1":20114,"id_1":"B0FFG0685M","type1":"科教文化服务","type2":"文化宫","type3":"文化宫|科教文化服务","__source_file__":"13-常用公服设施点/SHP/上海市_科教文化服务-面.shp"},"geometry":{"type":"Polygon","coordinates":[[[121.47365158324243,31.232713064596176],[121.47367967503357,31.232721137313845],[121.47370977338126,31.232722217780108],[121.47373084252264,31.232718277384755],[121.47374789974312,31.232694334605213],[121.47396363884069,31.2322911094656],[121.47397467758373,31.232260154169083],[121.47396564956954,31.23223813807583],[121.47395160605814,31.232220108869548],[121.47392050353815,31.23221802542305],[121.47292726342965,31.232349264535905],[121.47290017283058,31.232366183473587],[121.47289415137291,31.232387157247544],[121.47289615614127,31.232410152479176],[121.4729122062092,31.232431185857777],[121.47296136356547,31.23245130983544],[121.47365158324243,31.232713064596176]]]}},{"id":"69","type":"Feature","properties":{"id":"B00151356B","name":"上海市格致中学","type":"科教文化服务;学校;中学","addr":"上海市黄浦区广西北路66号","结构":null,"面积":0.0,"时间":null,"装修":null,"价格":0.0,"gcj_lng":121.479977,"gcj_lat":31.23096,"wgs_lng":121.475474817,"wgs_lat":31.2329194892,"bd_lng":121.486543094,"bd_lat":31.2367831337,"gcj_shape":"121.479737,31.230277;121.47968,31.230283;121.479637,31.230309;121.479537,31.230449;121.479125,31.231056;121.479116,31.231114;121.479149,31.23116;121.480081,31.23155;121.480144,31.231557;121.48021,31.231564;121.48026,31.231557;121.480311,31.231546;121.480","FID_1":417,"id_1":"B00151356B","type1":"科教文化服务","type2":"学校","type3":"中学","__source_file__":"13-常用公服设施点/SHP/上海市_科教文化服务-面.shp"},"geometry":{"type":"Polygon","coordinates":[[[121.47516157334329,31.2322284228878],[121.47511843029213,31.232254291757577],[121.47501808696936,31.232393950819016],[121.47460467672346,31.232999538188935],[121.47459564155675,31.233057486332896],[121.47462874705695,31.233103556070333],[121.4755637928543,31.23349594860077],[121.47562700147057,31.23350312145424],[121.47569321843147,31.233510300268172],[121.47574338651657,31.23350344212723],[121.4757945563898,31.233492589350703],[121.47629927061938,31.23302220463657],[121.47637954301263,31.23294446272469],[121.47637954539681,31.23291747464561],[121.47636650486564,31.23289045080375],[121.47606853330993,31.232686717666624],[121.4757454794998,31.23249491181183],[121.47550168437385,31.232359300268172],[121.47521876229,31.232222583224292],[121.47516157334329,31.2322284228878]]]}},{"id":"325","type":"Feature","properties":{"id":"B00156GKXF","name":"童涵春药房","type":"科教文化服务;博物馆;博物馆","addr":"上海市黄浦区豫园新路20号","结构":null,"面积":0.0,"时间":null,"装修":null,"价格":0.0,"gcj_lng":121.490913,"gcj_lat":31.227105,"wgs_lng":121.486449351,"wgs_lat":31.2290981599,"bd_lng":121.497515424,"bd_lat":31.2327859311,"gcj_shape":"121.490701,31.227225;121.490829,31.227249;121.491085,31.227269;121.491118,31.226992;121.490766,31.226921;121.490701,31.227225","FID_1":1770,"id_1":"B00156GKXF","type1":"科教文化服务","type2":"博物馆","type3":"博物馆","__source_file__":"13-常用公服设施点/SHP/上海市_科教文化服务-面.shp"},"geometry":{"type":"Polygon","coordinates":[[[121.4863490111866,31.229227696584708],[121.48660591240883,31.229248440450668],[121.4866390530758,31.228971666948325],[121.48628581806753,31.228899663206107],[121.48622056295969,31.229203331804285],[121.4863490111866,31.229227696584708]]]}},{"id":"4436","type":"Feature","properties":{"id":"B0FFFR74E2","name":"玛诺利娅主题幼儿园","type":"科教文化服务;学校;幼儿园","addr":"上海市黄浦区江阴路57号(靠近黄陂北路)","结构":null,"面积":0.0,"时间":null,"装修":null,"价格":0.0,"gcj_lng":121.469496,"gcj_lat":31.229458,"wgs_lng":121.464959558,"wgs_lat":31.2313894407,"bd_lng":121.47601289,"bd_lat":31.2354725934,"gcj_shape":"121.469392,31.22954;121.469482,31.229565;121.46951,31.229562;121.469531,31.229553;121.46959,31.229364;121.469487,31.229341;121.469392,31.22954","FID_1":25024,"id_1":"B0FFFR74E2","type1":"科教文化服务","type2":"学校","type3":"幼儿园","__source_file__":"13-常用公服设施点/SHP/上海市_科教文化服务-面.shp"},"geometry":{"type":"Polygon","coordinates":[[[121.46493134988023,31.231483766498567],[121.46495943392277,31.231480837428094],[121.46498049769974,31.2314718952446],[121.46503969201086,31.2312831300869],[121.46493638445091,31.23125988213158],[121.46484107987119,31.2314585513258],[121.46493134988023,31.231483766498567]]]}},{"id":"662","type":"Feature","properties":{"id":"B0FFFSV0T2","name":"南京西路社区(老年)学校","type":"科教文化服务;学校;成人教育","addr":"上海市静安区南京西路591弄5号","结构":null,"面积":0.0,"时间":null,"装修":null,"价格":0.0,"gcj_lng":121.466387,"gcj_lat":31.229785,"wgs_lng":121.4618409,"wgs_lat":31.2317082355,"bd_lng":121.472888751,"bd_lat":31.2358585051,"gcj_shape":"121.466032,31.229966;121.466139,31.229595;121.466187,31.229606;121.466214,31.229526;121.466763,31.229661;121.466703,31.229963;121.466396,31.229915;121.466375,31.230038;121.466032,31.229966","FID_1":3659,"id_1":"B0FFFSV0T2","type1":"科教文化服务","type2":"学校","type3":"成人教育","__source_file__":"13-常用公服设施点/SHP/上海市_科教文化服务-面.shp"},"geometry":{"type":"Polygon","coordinates":[[[121.46181511473657,31.23194885934639],[121.4618361868582,31.23182596842289],[121.46214407556343,31.23187469381142],[121.46220427762317,31.23157297931766],[121.46165369213962,31.231436706162448],[121.46162660750103,31.23151660364247],[121.4615784686222,31.231505492181775],[121.46147112708759,31.231876061240193],[121.46181511473657,31.23194885934639]]]}},{"id":"2013","type":"Feature","properties":{"id":"B00153FBF2","name":"上海市卫生建筑设计研究院","type":"科教文化服务;科研机构;科研机构","addr":"上海市黄浦区成都北路408号","结构":null,"面积":0.0,"时间":null,"装修":null,"价格":0.0,"gcj_lng":121.467392,"gcj_lat":31.23021,"wgs_lng":121.462848944,"wgs_lat":31.2321356156,"bd_lng":121.473898615,"bd_lat":31.2362645862,"gcj_shape":"121.467337,31.230431;121.46779,31.230457;121.467871,31.229981;121.467373,31.229938;121.467337,31.230431","FID_1":11713,"id_1":"B00153FBF2","type1":"科教文化服务","type2":"科研机构","type3":"科研机构","__source_file__":"13-常用公服设施点/SHP/上海市_科教文化服务-面.shp"},"geometry":{"type":"Polygon","coordinates":[[[121.46323422507285,31.23237113521767],[121.46331550461865,31.23189555423832],[121.46281604132463,31.231851344860083],[121.46277989171698,31.232344029551506],[121.46323422507285,31.23237113521767]]]}},{"id":"2354","type":"Feature","properties":{"id":"B0FFI2885X","name":"上海市历史博物馆","type":"科教文化服务;博物馆;博物馆","addr":"上海市黄浦区南京西路325号","结构":null,"面积":0.0,"时间":null,"装修":null,"价格":0.0,"gcj_lng":121.470879,"gcj_lat":31.230559,"wgs_lng":121.466346839,"wgs_lat":31.2324935904,"bd_lng":121.477402672,"bd_lat":31.236547212,"gcj_shape":"121.470694,31.22984;121.470716,31.229832;121.470736,31.229828;121.47076,31.229828;121.470788,31.22983;121.470902,31.229869;121.471402,31.230175;121.471418,31.230193;121.471421,31.23021;121.471421,31.230233;121.471259,31.231025;121.471251,31.231039;121.47","FID_1":13745,"id_1":"B0FFI2885X","type1":"科教文化服务","type2":"博物馆","type3":"博物馆","__source_file__":"13-常用公服设施点/SHP/上海市_科教文化服务-面.shp"},"geometry":{"type":"Polygon","coordinates":[[[121.46575874360275,31.232650316219328],[121.4657557328739,31.23267229833794],[121.46575573168181,31.23269928522491],[121.46575974121856,31.232721285224912],[121.46577277817343,31.232746307874677],[121.46583596175574,31.232848419931408],[121.46586304043385,31.232880474767683],[121.46588310003852,31.232898517683026],[121.46592923832128,31.2329246225872],[121.46596534560965,31.23294270603371],[121.46600145289804,31.232958789480215],[121.46604057210732,31.232965887231828],[121.46616895119283,31.233093154260636],[121.46617396311379,31.23312315426064],[121.46618198695566,31.233140166181563],[121.46623313954353,31.233184275854107],[121.46626122299003,31.233201340227133],[121.46629332074164,31.233206418905255],[121.46631237796211,31.23320546897316],[121.46670560045338,31.232961584176067],[121.46671362489127,31.232947610998153],[121.46687619113541,31.232156391819],[121.46687619471169,31.232133402547838],[121.46687318517493,31.232116402547838],[121.46685713749122,31.232098369169236],[121.46635563187789,31.231791228336334],[121.46624128736303,31.231751955347065],[121.46621320153233,31.231749886205677],[121.46618912762258,31.23174982421685],[121.46616906801793,31.23175377176475],[121.46614699887655,31.231761712160115],[121.46575874360275,31.232650316219328]]]}},{"id":"467","type":"Feature","properties":{"id":"B00155LMIA","name":"上海当代艺术馆","type":"科教文化服务;展览馆;展览馆","addr":"上海市黄浦区南京西路231号","结构":null,"面积":0.0,"时间":null,"装修":null,"价格":0.0,"gcj_lng":121.472804,"gcj_lat":31.231407,"wgs_lng":121.468277945,"wgs_lat":31.2333463651,"bd_lng":121.479337024,"bd_lat":31.2373586558,"gcj_shape":"121.472439,31.231438;121.472431,31.23142;121.472427,31.231404;121.472427,31.231377;121.472428,31.231367;121.472644,31.231117;121.472667,31.231107;121.472677,31.231104;121.472691,31.231106;121.472702,31.231107;121.473175,31.231384;121.473188,31.231411;121","FID_1":2557,"id_1":"B00155LMIA","type1":"科教文化服务","type2":"展览馆","type3":"展览馆","__source_file__":"13-常用公服设施点/SHP/上海市_科教文化服务-面.shp"},"geometry":{"type":"Polygon","coordinates":[[[121.46832855002309,31.233619469206808],[121.46835162035656,31.23362452642727],[121.46837770141887,31.233624594376565],[121.46839174612236,31.233621633119583],[121.46840578963374,31.2336156718626],[121.46864354959297,31.23339639129067],[121.46865257820318,31.233381422285078],[121.46865258058736,31.23336143182182],[121.46864857105064,31.23333843182182],[121.46863553290368,31.233311410364152],[121.46816107914638,31.2330333035059],[121.46815004636383,31.233032274299624],[121.46813600225639,31.233030239728926],[121.46812597066595,31.23303321171474],[121.46810289794827,31.233043147341732],[121.46788620474624,31.23329247082901],[121.46788520116993,31.23330246486855],[121.4678851993818,31.233329452351576],[121.46788921070672,31.2333454553318],[121.46789723276042,31.233363467848783],[121.46832855002309,31.233619469206808]]]}},{"id":"4134","type":"Feature","properties":{"id":"B001546728","name":"上海城市规划展示馆","type":"科教文化服务;展览馆;展览馆","addr":"上海市黄浦区人民大道100号","结构":null,"面积":0.0,"时间":null,"装修":null,"价格":0.0,"gcj_lng":121.475551,"gcj_lat":31.231444,"wgs_lng":121.471033926,"wgs_lat":31.2333908585,"bd_lng":121.482097165,"bd_lat":31.2373445303,"gcj_shape":"121.475354,31.230847;121.475372,31.230842;121.475396,31.230835;121.47542,31.230836;121.47544,31.230842;121.476166,31.23135;121.476185,31.231377;121.476193,31.231412;121.476195,31.231442;121.476195,31.231471;121.476189,31.231496;121.476179,31.231519;121.4","FID_1":23350,"id_1":"B001546728","type1":"科教文化服务","type2":"展览馆","type3":"展览馆","__source_file__":"13-常用公服设施点/SHP/上海市_科教文化服务-面.shp"},"geometry":{"type":"Polygon","coordinates":[[[121.47030678109265,31.233362778788567],[121.47029674652195,31.23338774183369],[121.47029674473382,31.23340073527718],[121.4703027638073,31.233416744813923],[121.4703117906294,31.233427762099268],[121.47124169993211,31.23399097760391],[121.471261763113,31.233992031248093],[121.47127380185604,31.233992062838553],[121.47129787993813,31.233983131383894],[121.47131292881394,31.23396917787552],[121.47164904938128,31.233454312747952],[121.47165908275988,31.233431350894925],[121.47166510540964,31.233406378313063],[121.47166510719778,31.233377392022135],[121.47166310302543,31.233347399770736],[121.47165508156777,31.233312395002365],[121.47163602196315,31.23328535685539],[121.47090774029732,31.23277564501],[121.47088767607332,31.23276959360099],[121.47086359963035,31.232768530569075],[121.47083952214433,31.232775462619784],[121.47082146373177,31.232780413743974],[121.47030678109265,31.233362778788567]]]}},{"id":"3071","type":"Feature","properties":{"id":"B0FFG0O99I","name":"上外静安外国语中学","type":"科教文化服务;学校;中学","addr":"上海市静安区北京西路653号","结构":null,"面积":0.0,"时间":null,"装修":null,"价格":0.0,"gcj_lng":121.462183,"gcj_lat":31.232758,"wgs_lng":121.457624113,"wgs_lat":31.2346693813,"bd_lng":121.46866488,"bd_lat":31.2389079419,"gcj_shape":"121.462353,31.232827;121.462491,31.232561;121.462149,31.232402;121.461875,31.232968;121.462229,31.233105;121.462353,31.232827","FID_1":17705,"id_1":"B0FFG0O99I","type1":"科教文化服务","type2":"学校","type3":"中学","__source_file__":"13-常用公服设施点/SHP/上海市_科教文化服务-面.shp"},"geometry":{"type":"Polygon","coordinates":[[[121.45791988760567,31.234461492906576],[121.45757695896529,31.234301778842926],[121.45730215907096,31.234866890733713],[121.45765711751366,31.235004639368064],[121.45778148408219,31.23472705362034],[121.45791988760567,31.234461492906576]]]}},{"id":"1372","type":"Feature","properties":{"id":"B00155I8DE","name":"上海上外静安外国语小学","type":"科教文化服务;学校;小学","addr":"上海市静安区大田路153号(王家沙花苑东南)","结构":null,"面积":0.0,"时间":null,"装修":null,"价格":0.0,"gcj_lng":121.463588,"gcj_lat":31.233268,"wgs_lng":121.459033192,"wgs_lat":31.2351825955,"bd_lng":121.470076217,"bd_lat":31.2393929602,"gcj_shape":"121.46375,31.233484;121.462911,31.233105;121.463073,31.232859;121.464194,31.233355;121.464146,31.233483;121.464064,31.233586;121.463976,31.233694;121.463702,31.233605;121.46375,31.233484","FID_1":7872,"id_1":"B00155I8DE","type1":"科教文化服务","type2":"学校","type3":"小学","__source_file__":"13-常用公服设施点/SHP/上海市_科教文化服务-面.shp"},"geometry":{"type":"Polygon","coordinates":[[[121.45913416943739,31.23550783536911],[121.45940893237687,31.235597440952297],[121.45949719106102,31.23548969725227],[121.45957943126776,31.23538693745899],[121.4596275772991,31.235259109716417],[121.4585034754734,31.234760706457138],[121.4583410034046,31.235006217699052],[121.45918231487275,31.235387004646302],[121.45913416943739,31.23550783536911]]]}},{"id":"4002","type":"Feature","properties":{"id":"B00156EFKV","name":"新希望语言进修学校","type":"科教文化服务;培训机构;培训机构","addr":"上海市黄浦区南京东路街道成都北路586号","结构":null,"面积":0.0,"时间":null,"装修":null,"价格":0.0,"gcj_lng":121.466831,"gcj_lat":31.233585,"wgs_lng":121.46228593,"wgs_lat":31.235507619,"bd_lng":121.473334553,"bd_lat":31.2396500806,"gcj_shape":"121.466755,31.233787;121.466997,31.233831;121.467021,31.233817;121.467099,31.233576;121.467094,31.233558;121.466813,31.233475;121.466801,31.233487;121.466746,31.233762;121.466755,31.233787","FID_1":22660,"id_1":"B00156EFKV","type1":"科教文化服务","type2":"培训机构","type3":"培训机构","__source_file__":"13-常用公服设施点/SHP/上海市_科教文化服务-面.shp"},"geometry":{"type":"Polygon","coordinates":[[[121.4624386012764,31.23574163642502],[121.4624626716099,31.23572770199013],[121.4625409207573,31.235487003589625],[121.46253590824033,31.23546899822521],[121.46225409404089,31.23538534972667],[121.46224205708602,31.235397313963894],[121.46218687290764,31.23567205349159],[121.4621958967495,31.235697065412516],[121.4624386012764,31.23574163642502]]]}},{"id":"4502","type":"Feature","properties":{"id":"B00155GD9J","name":"上海交通电力进修学校","type":"科教文化服务;学校;成人教育","addr":"上海市黄浦区新昌路220号","结构":null,"面积":0.0,"时间":null,"装修":null,"价格":0.0,"gcj_lng":121.468766,"gcj_lat":31.234838,"wgs_lng":121.464226808,"wgs_lat":31.2367650503,"bd_lng":121.475278701,"bd_lat":31.2408663505,"gcj_shape":"121.468889,31.235194;121.469152,31.234719;121.468625,31.234504;121.468374,31.234904;121.46855,31.234974;121.468527,31.235016;121.468889,31.235194","FID_1":25370,"id_1":"B00155GD9J","type1":"科教文化服务","type2":"学校","type3":"成人教育","__source_file__":"13-常用公服设施点/SHP/上海市_科教文化服务-面.shp"},"geometry":{"type":"Polygon","coordinates":[[[121.4645999110241,31.236634572881698],[121.4640713541508,31.236418352178575],[121.46381957213782,31.236817543939587],[121.46399608831408,31.23688795044327],[121.46397301678849,31.23692987414932],[121.46433608311558,31.237108696097373],[121.4645999110241,31.236634572881698]]]}},{"id":"4510","type":"Feature","properties":{"id":"B001574XZ7","name":"上海市黄浦区永安路幼儿园","type":"科教文化服务;学校;幼儿园","addr":"上海市黄浦区福佑路144号(安仁街福佑路)","结构":null,"面积":0.0,"时间":null,"装修":null,"价格":0.0,"gcj_lng":121.493063,"gcj_lat":31.227507,"wgs_lng":121.488607004,"wgs_lat":31.2295063812,"bd_lng":121.499669776,"bd_lat":31.2331712366,"gcj_shape":"121.492857,31.227354;121.49326,31.227399;121.493241,31.227655;121.492945,31.227667;121.492952,31.227524;121.492832,31.22751;121.492857,31.227354","FID_1":25407,"id_1":"B001574XZ7","type1":"科教文化服务","type2":"学校","type3":"幼儿园","__source_file__":"13-常用公服设施点/SHP/上海市_科教文化服务-面.shp"},"geometry":{"type":"Polygon","coordinates":[[[121.4884724617672,31.229651747648248],[121.4885353357319,31.229649394198734],[121.48847513472622,31.22959747147042],[121.4884724617672,31.229651747648248]]]}},{"id":"2716","type":"Feature","properties":{"id":"B001514150","name":"四川南路小学","type":"科教文化服务;学校;小学","addr":"上海市黄浦区四川南路36号(金陵东路四川南路)","结构":null,"面积":0.0,"时间":null,"装修":null,"价格":0.0,"gcj_lng":121.490188,"gcj_lat":31.230566,"wgs_lng":121.485721473,"wgs_lat":31.232555402,"bd_lng":121.496788958,"bd_lat":31.2362535577,"gcj_shape":"121.489752,31.230685;121.489842,31.230446;121.489775,31.230424;121.489862,31.230195;121.490528,31.230393;121.490463,31.230579;121.490456,31.230623;121.490467,31.230646;121.490499,31.230655;121.49048,31.230725;121.490735,31.230791;121.490693,31.230939;121","FID_1":15833,"id_1":"B001514150","type1":"科教文化服务","type2":"学校","type3":"小学","__source_file__":"13-常用公服设施点/SHP/上海市_科教文化服务-面.shp"},"geometry":{"type":"Polygon","coordinates":[[[121.48621221725273,31.232915593732834],[121.48625437639713,31.23276778625584],[121.4859984853077,31.232701066827772],[121.48601755683327,31.232631155042647],[121.48598544537259,31.232622065039635],[121.48597440901375,31.232599042985917],[121.48598143702795,31.232555084113116],[121.4860466831951,31.23236936008262],[121.48537835861396,31.23216950041771],[121.4852910343647,31.232398140405657],[121.48535826801489,31.232420326372143],[121.48526793124866,31.232658952651022],[121.48621221725273,31.232915593732834]]]}},{"id":"3846","type":"Feature","properties":{"id":"B00157I4L1","name":"上海开放大学黄浦分校","type":"科教文化服务;学校;高等院校","addr":"上海市黄浦区四川南路37号(近城隍庙)","结构":null,"面积":0.0,"时间":null,"装修":null,"价格":0.0,"gcj_lng":121.491244,"gcj_lat":31.230587,"wgs_lng":121.486781235,"wgs_lat":31.2325795302,"bd_lng":121.497847377,"bd_lat":31.2362651409,"gcj_shape":"121.490759,31.230982;121.491015,31.23004;121.491668,31.230216;121.491557,31.230536;121.491769,31.230592;121.491639,31.230934;121.491385,31.230873;121.491308,31.23109;121.490759,31.230982","FID_1":21809,"id_1":"B00157I4L1","type1":"科教文化服务","type2":"学校","type3":"高等院校","__source_file__":"13-常用公服设施点/SHP/上海市_科教文化服务-面.shp"},"geometry":{"type":"Polygon","coordinates":[[[121.48682937136459,31.233068332996375],[121.48690666283129,31.232851660225876],[121.48716155511283,31.23291338084603],[121.48729204387095,31.232571922056195],[121.48707929881289,31.23251532243348],[121.48719071902562,31.232195796290398],[121.4865354284191,31.232017955102926],[121.48627844494249,31.232958768970494],[121.48682937136459,31.233068332996375]]]}},{"id":"4038","type":"Feature","properties":{"id":"B00153E6ED","name":"上海市金陵中学","type":"科教文化服务;学校;中学","addr":"上海市黄浦区金陵东路4号(近外滩)","结构":null,"面积":0.0,"时间":null,"装修":null,"价格":0.0,"gcj_lng":121.492059,"gcj_lat":31.231851,"wgs_lng":121.487599039,"wgs_lat":31.2338453744,"bd_lng":121.498663991,"bd_lat":31.237522534,"gcj_shape":"121.491534,31.231585;121.491915,31.231617;121.492151,31.231672;121.491971,31.232173;121.491787,31.232131;121.491849,31.231945;121.49144,31.231864;121.491534,31.231585","FID_1":22837,"id_1":"B00153E6ED","type1":"科教文化服务","type2":"学校","type3":"中学","__source_file__":"13-常用公服设施点/SHP/上海市_科教文化服务-面.shp"},"geometry":{"type":"Polygon","coordinates":[[[121.4869617719078,31.233842366374976],[121.48737221076394,31.233924535818105],[121.48730997472953,31.23411026640511],[121.48749462322809,31.234152790925982],[121.48767530272104,31.23365255148125],[121.48743847302438,31.233596881525038],[121.48705612774755,31.233563772282608],[121.4869617719078,31.233842366374976]]]}},{"id":"3250","type":"Feature","properties":{"id":"B00155QGZS","name":"上海电信博物馆","type":"科教文化服务;博物馆;博物馆","addr":"上海市黄浦区延安东路34号","结构":null,"面积":0.0,"时间":null,"装修":null,"价格":0.0,"gcj_lng":121.4908,"gcj_lat":31.23333,"wgs_lng":121.486335417,"wgs_lat":31.235319946,"bd_lng":121.497402113,"bd_lat":31.2390119073,"gcj_shape":"121.490537,31.233482;121.490906,31.233586;121.491064,31.233188;121.490734,31.233078;121.490689,31.233084;121.490537,31.233482","FID_1":18710,"id_1":"B00155QGZS","type1":"科教文化服务","type2":"博物馆","type3":"博物馆","__source_file__":"13-常用公服设施点/SHP/上海市_科教文化服务-面.shp"},"geometry":{"type":"Polygon","coordinates":[[[121.48642574058152,31.23556200603104],[121.48658433066748,31.235164653337478],[121.48625317672156,31.23505373304176],[121.48620801876926,31.235059597739223],[121.48605544954492,31.235456970102312],[121.48642574058152,31.23556200603104]]]}},{"id":"2894","type":"Feature","properties":{"id":"B00157HWWM","name":"上海黄浦区七彩文化进修学校","type":"科教文化服务;学校;成人教育","addr":"上海市黄浦区四川中路200-4森联木业4层","结构":null,"面积":0.0,"时间":null,"装修":null,"价格":0.0,"gcj_lng":121.489051,"gcj_lat":31.235573,"wgs_lng":121.484580006,"wgs_lat":31.2375567317,"bd_lng":121.495648276,"bd_lat":31.2412715726,"gcj_shape":"121.488936,31.235357;121.488966,31.235354;121.489287,31.235422;121.489173,31.235798;121.488816,31.235725;121.488917,31.235377;121.488936,31.235357","FID_1":16786,"id_1":"B00157HWWM","type1":"科教文化服务","type2":"学校","type3":"成人教育","__source_file__":"13-常用公服设施点/SHP/上海市_科教文化服务-面.shp"},"geometry":{"type":"Polygon","coordinates":[[[121.48442960530947,31.23734636428547],[121.4843282220516,31.23769391188622],[121.48468646361637,31.23776791980076],[121.48480089575003,31.237392423460008],[121.48447877756692,31.237323517469413],[121.48444867266272,31.23732642925453],[121.48442960530947,31.23734636428547]]]}},{"id":"15","type":"Feature","properties":{"id":"B0FFLCKUTU","name":"浦东美术馆(建设中)","type":"科教文化服务;美术馆;美术馆","addr":"上海市浦东新区滨江大道与明珠塔路交叉口(国际会议中心南侧)","结构":null,"面积":0.0,"时间":null,"装修":null,"价格":0.0,"gcj_lng":121.49631,"gcj_lat":31.238115,"wgs_lng":121.491864777,"wgs_lat":31.2401192279,"bd_lng":121.502919618,"bd_lat":31.2437618302,"gcj_shape":"121.496619,31.238747;121.496577,31.238766;121.496526,31.238768;121.496061,31.238537;121.495899,31.238516;121.495714,31.238438;121.495655,31.2384;121.495644,31.238377;121.495641,31.238361;121.49565,31.238123;121.495739,31.237848;121.495884,31.237492;121.4","FID_1":97,"id_1":"B0FFLCKUTU","type1":"科教文化服务","type2":"美术馆","type3":"美术馆","__source_file__":"13-常用公服设施点/SHP/上海市_科教文化服务-面.shp"},"geometry":{"type":"Polygon","coordinates":[[[121.49264544024848,31.240026386579515],[121.49262135918616,31.239970341279985],[121.49258422998204,31.2399271875],[121.49189378903387,31.239583345716483],[121.49152548250007,31.2394693014431],[121.49148834898568,31.239466191770546],[121.4914582416973,31.23946310355568],[121.49143616301916,31.239470034414296],[121.49142110818289,31.239480984346393],[121.49127555862808,31.239836389492034],[121.49118621649743,31.240110999677654],[121.49117716285326,31.240348864971164],[121.49118017298603,31.2403648667593],[121.49119121053695,31.240387888813014],[121.49125041855716,31.24042604795742],[121.49143607361219,31.240504565921782],[121.49159865416146,31.24052603918266],[121.49206530163383,31.240758324258806],[121.49211648521614,31.240756479230875],[121.49215863780401,31.240737612745292],[121.49264544024848,31.240026386579515]]]}},{"id":"2671","type":"Feature","properties":{"id":"B00155L3F8","name":"上海国际会议中心","type":"科教文化服务;会展中心;会展中心","addr":"上海市浦东新区滨江大道2727号","结构":null,"面积":0.0,"时间":null,"装修":null,"价格":0.0,"gcj_lng":121.496699,"gcj_lat":31.239428,"wgs_lng":121.492255068,"wgs_lat":31.2414327991,"bd_lng":121.503308379,"bd_lat":31.2450733263,"gcj_shape":"121.497011,31.240256;121.49787,31.239639;121.497885,31.239614;121.497884,31.239592;121.49788,31.239571;121.49787,31.239549;121.497854,31.239529;121.497836,31.239513;121.497808,31.239491;121.496056,31.238636;121.495799,31.238577;121.495763,31.238572;121.4","FID_1":15595,"id_1":"B00155L3F8","type1":"科教文化服务","type2":"会展中心","type3":"会展中心","__source_file__":"13-常用公服设施点/SHP/上海市_科教文化服务-面.shp"},"geometry":{"type":"Polygon","coordinates":[[[121.49341405987265,31.24163295596982],[121.49342911530496,31.241608012594227],[121.49342811381484,31.24158601825667],[121.49342410099982,31.241565017362603],[121.49341406762125,31.24154299590493],[121.49339801040077,31.241522957757958],[121.49337994841196,31.241506910074243],[121.49335184827612,31.241484836164474],[121.49159362674331,31.240624980770107],[121.49133571002389,31.24056523809623],[121.49129958127784,31.24056013319207],[121.49126746802904,31.240562036632532],[121.49123735835647,31.240577941265105],[121.49121929159926,31.240596879276275],[121.4912182868309,31.240618864971164],[121.49138883638571,31.241311059282296],[121.49141693294524,31.24136412007904],[121.4914440259285,31.24140717968369],[121.49146911175919,31.241439241672516],[121.49149319639781,31.241471297700876],[121.49152129414941,31.24150236684227],[121.49155440859033,31.24153945028877],[121.49247263200948,31.24224386785317],[121.49249772141644,31.24225094057083],[121.49252180843925,31.242253010904314],[121.4925519169197,31.242247102695465],[121.49341405987265,31.24163295596982]]]}},{"id":"228","type":"Feature","properties":{"id":"B001556OQJ","name":"上海博世凯进修学院","type":"科教文化服务;学校;成人教育","addr":"上海市虹口区塘沽路321号","结构":null,"面积":0.0,"时间":null,"装修":null,"价格":0.0,"gcj_lng":121.48886,"gcj_lat":31.247791,"wgs_lng":121.484387285,"wgs_lat":31.249768648,"bd_lng":121.495449799,"bd_lat":31.253489768,"gcj_shape":"121.488705,31.248074;121.489095,31.248031;121.489018,31.247498;121.488617,31.247568;121.488705,31.248074","FID_1":1260,"id_1":"B001556OQJ","type1":"科教文化服务","type2":"学校","type3":"成人教育","__source_file__":"13-常用公服设施点/SHP/上海市_科教文化服务-面.shp"},"geometry":{"type":"Polygon","coordinates":[[[121.48460714098928,31.24999519119835],[121.48452991806792,31.249462201927187],[121.4841275102062,31.249531003873827],[121.48421577485081,31.250037034868242],[121.48460714098928,31.24999519119835]]]}},{"id":"3377","type":"Feature","properties":{"id":"B0015162CF","name":"上海市虹口区业余大学","type":"科教文化服务;学校;成人教育","addr":"上海市虹口区吴淞路297","结构":null,"面积":0.0,"时间":null,"装修":null,"价格":0.0,"gcj_lng":121.489092,"gcj_lat":31.248607,"wgs_lng":121.484620038,"wgs_lat":31.2505849704,"bd_lng":121.495681748,"bd_lat":31.2543031781,"gcj_shape":"121.488752,31.248513;121.489205,31.248432;121.489234,31.248464;121.489453,31.248458;121.489392,31.248739;121.489244,31.248724;121.489235,31.248769;121.488741,31.248746;121.488752,31.248513","FID_1":19369,"id_1":"B0015162CF","type1":"科教文化服务","type2":"学校","type3":"成人教育","__source_file__":"13-常用公服设施点/SHP/上海市_科教文化服务-面.shp"},"geometry":{"type":"Polygon","coordinates":[[[121.48425184280015,31.250708840557106],[121.48474756775855,31.250733272260675],[121.48475660232924,31.250688318752296],[121.4849051191015,31.25070374373341],[121.48496635692405,31.250423047121053],[121.4847465892162,31.250428403390885],[121.48471749146461,31.2503963342495],[121.4842629012127,31.25047597764778],[121.48425184280015,31.250708840557106]]]}},{"id":"1209","type":"Feature","properties":{"id":"B00156NVZG","name":"上海自然博物馆(山海关路)","type":"科教文化服务;博物馆;博物馆","addr":"上海市静安区北京西路510号","结构":null,"面积":0.0,"时间":null,"装修":null,"价格":0.0,"gcj_lng":121.462674,"gcj_lat":31.23501,"wgs_lng":121.458116352,"wgs_lat":31.2369215466,"bd_lng":121.469157638,"bd_lat":31.2411511831,"gcj_shape":"121.46187,31.235178;121.46223,31.235445;121.46235,31.235522;121.462589,31.23564;121.462867,31.235751;121.463013,31.235802;121.463023,31.235802;121.463038,31.2358;121.463053,31.235792;121.463064,31.235781;121.463404,31.234897;121.463406,31.234885;121.4634","FID_1":7021,"id_1":"B00156NVZG","type1":"科教文化服务","type2":"博物馆","type3":"博物馆","__source_file__":"13-常用公服设施点/SHP/上海市_科教文化服务-面.shp"},"geometry":{"type":"Polygon","coordinates":[[[121.45765791724207,31.237343573637006],[121.45777824149133,31.237420814439773],[121.45801789118192,31.237539313926703],[121.45829665173721,31.23765090758896],[121.45844305347251,31.237702223493578],[121.45845308089065,31.237702246143343],[121.45846812320993,31.237700282502182],[121.45848316552926,31.2376923212452],[121.45849419711972,31.237681351643566],[121.45883522351168,31.236798547312745],[121.45883723006818,31.236786557445527],[121.45883723126028,31.236772563405992],[121.45883322172355,31.236759561021806],[121.45882319311332,31.23674954194832],[121.45806615403843,31.236052102496146],[121.45805111350727,31.236041073885914],[121.45803005449869,31.236039025606154],[121.4580150139675,31.236040989843367],[121.45799596032333,31.236050940967566],[121.45786157766153,31.236197565458298],[121.45753463948441,31.236661601055143],[121.4572819182682,31.237002867918015],[121.45727389442638,31.23702583930779],[121.45727389263823,31.237041831559182],[121.45727389204217,31.237054825002673],[121.457296954031,31.237075867918016],[121.45765791724207,31.237343573637006]]]}},{"id":"1755","type":"Feature","properties":{"id":"B00155M0NC","name":"上海黄浦区徐望月业余学校","type":"科教文化服务;学校;职业技术学校","addr":"上海市黄浦区长沙路1号","结构":null,"面积":0.0,"时间":null,"装修":null,"价格":0.0,"gcj_lng":121.472406,"gcj_lat":31.235218,"wgs_lng":121.467878331,"wgs_lat":31.2371545392,"bd_lng":121.478936425,"bd_lat":31.2411770088,"gcj_shape":"121.47257,31.235553;121.472735,31.235278;121.472189,31.234905;121.472027,31.235075;121.472452,31.235348;121.472375,31.235464;121.47257,31.235553","FID_1":10276,"id_1":"B00155M0NC","type1":"科教文化服务","type2":"学校","type3":"职业技术学校","__source_file__":"13-常用公服设施点/SHP/上海市_科教文化服务-面.shp"},"geometry":{"type":"Polygon","coordinates":[[[121.46819382284643,31.237202479603766],[121.46764615808868,31.236828232078558],[121.46748364191245,31.236997734975816],[121.46790993652536,31.237271712491996],[121.46783268618583,31.2373874597683],[121.46802828580854,31.23747692587662],[121.46819382284643,31.237202479603766]]]}},{"id":"3208","type":"Feature","properties":{"id":"B00155L3LN","name":"上海市格致初级中学","type":"科教文化服务;学校;中学","addr":"上海市黄浦区长沙路35号","结构":null,"面积":0.0,"时间":null,"装修":null,"价格":0.0,"gcj_lng":121.472064,"gcj_lat":31.235761,"wgs_lng":121.467535183,"wgs_lat":31.2376963699,"bd_lng":121.478592603,"bd_lat":31.2417264498,"gcj_shape":"121.471568,31.236109;121.472094,31.236304;121.472158,31.236313;121.472199,31.236292;121.472223,31.236244;121.472587,31.235587;121.472232,31.235449;121.472333,31.235275;121.471971,31.235113;121.471568,31.236109","FID_1":18490,"id_1":"B00155L3LN","type1":"科教文化服务","type2":"学校","type3":"中学","__source_file__":"13-常用公服设施点/SHP/上海市_科教文化服务-面.shp"},"geometry":{"type":"Polygon","coordinates":[[[121.4675507438364,31.238226348141673],[121.46761494112775,31.23823550967026],[121.46765606868172,31.238214625303264],[121.46768014795587,31.238166709345812],[121.46804533468438,31.23751095329476],[121.46768924511147,31.237372094987876],[121.46779057234097,31.23719843652249],[121.4674274654827,31.237035572851177],[121.46702313689518,31.23803007975483],[121.4675507438364,31.238226348141673]]]}},{"id":"2948","type":"Feature","properties":{"id":"B00154HN2K","name":"好小囡幼儿园(新昌路)","type":"科教文化服务;学校;幼儿园","addr":"上海市黄浦区凤阳路399弄16号(近新昌路)","结构":null,"面积":0.0,"时间":null,"装修":null,"价格":0.0,"gcj_lng":121.467525,"gcj_lat":31.236352,"wgs_lng":121.462981825,"wgs_lat":31.2382751364,"bd_lng":121.474031198,"bd_lat":31.2424037993,"gcj_shape":"121.467684,31.236564;121.467273,31.236406;121.467397,31.236177;121.467804,31.236326;121.467684,31.236564","FID_1":17023,"id_1":"B00154HN2K","type1":"科教文化服务","type2":"学校","type3":"幼儿园","__source_file__":"13-常用公服设施点/SHP/上海市_科教文化服务-面.shp"},"geometry":{"type":"Polygon","coordinates":[[[121.46324775896457,31.23823748281097],[121.462839571044,31.2380875476141],[121.46271518659404,31.23831613932228],[121.46312738345529,31.23847507869148],[121.46324775896457,31.23823748281097]]]}},{"id":"2930","type":"Feature","properties":{"id":"B00155LW2D","name":"上海商贸旅游职业技能培训中心(贵州路)","type":"科教文化服务;培训机构;培训机构","addr":"上海市黄浦区贵州路189号(近市百一店)","结构":null,"面积":0.0,"时间":null,"装修":null,"价格":0.0,"gcj_lng":121.475682,"gcj_lat":31.23737,"wgs_lng":121.471164851,"wgs_lat":31.2393145036,"bd_lng":121.482227416,"bd_lat":31.2432677867,"gcj_shape":"121.475083,31.237419;121.475197,31.237027;121.475262,31.23701;121.475764,31.23717;121.475772,31.2372;121.475627,31.237588;121.475083,31.237419","FID_1":16948,"id_1":"B00155LW2D","type1":"科教文化服务","type2":"培训机构","type3":"培训机构","__source_file__":"13-常用公服设施点/SHP/上海市_科教文化服务-面.shp"},"geometry":{"type":"Polygon","coordinates":[[[121.47109475460243,31.239519062936786],[121.47124025349333,31.239131627392773],[121.47123222965148,31.23910161904812],[121.47072863880348,31.238940350065235],[121.47066343137931,31.238957168867117],[121.4705490332203,31.239348687261582],[121.47109475460243,31.239519062936786]]]}},{"id":"2332","type":"Feature","properties":{"id":"B001537B06","name":"上海市静安区第三中心小学","type":"科教文化服务;学校;小学","addr":"上海市静安区成都北路997号(成都北路新闸路)","结构":null,"面积":0.0,"时间":null,"装修":null,"价格":0.0,"gcj_lng":121.462883,"gcj_lat":31.239337,"wgs_lng":121.458325591,"wgs_lat":31.2412470863,"bd_lng":121.46936598,"bd_lat":31.2454740649,"gcj_shape":"121.462296,31.239461;121.463231,31.239792;121.463497,31.239218;121.462659,31.238906;121.462598,31.238997;121.462507,31.238977;121.462432,31.239072;121.462347,31.239222;121.462271,31.239383;121.462296,31.239461","FID_1":13672,"id_1":"B001537B06","type1":"科教文化服务","type2":"学校","type3":"小学","__source_file__":"13-常用公服设施点/SHP/上海市_科教文化服务-面.shp"},"geometry":{"type":"Polygon","coordinates":[[[121.45866131573294,31.241690921728136],[121.45892810907077,31.241117802088738],[121.45808780177498,31.240803991895675],[121.4580266265373,31.24089480950547],[121.45793537560176,31.240874608637803],[121.45786016102507,31.2409693916769],[121.45777491247367,31.241119128820422],[121.4576986907444,31.2412798808651],[121.45772375273322,31.24135790232277],[121.45866131573294,31.241690921728136]]]}},{"id":"423","type":"Feature","properties":{"id":"B00155FY5O","name":"上海市音乐幼儿园","type":"科教文化服务;学校;幼儿园","addr":"上海市黄浦区厦门路180号(曲阜路)","结构":null,"面积":0.0,"时间":null,"装修":null,"价格":0.0,"gcj_lng":121.475017,"gcj_lat":31.239743,"wgs_lng":121.470497452,"wgs_lat":31.2416845907,"bd_lng":121.48155824,"bd_lat":31.2456527136,"gcj_shape":"121.475114,31.239985;121.475139,31.239949;121.475185,31.239788;121.475236,31.23957;121.475219,31.239546;121.474961,31.239482;121.474841,31.239689;121.474773,31.239853;121.474772,31.239891;121.475114,31.239985","FID_1":2339,"id_1":"B00155FY5O","type1":"科教文化服务","type2":"学校","type3":"幼儿园","__source_file__":"13-常用公服设施点/SHP/上海市_科教文化服务-面.shp"},"geometry":{"type":"Polygon","coordinates":[[[121.47060499328519,31.241877691267966],[121.47065115481377,31.241716886175162],[121.4707023360119,31.241499122209547],[121.47068528355979,31.241475086446762],[121.47042646816823,31.241410428411484],[121.47030606762505,31.24161701594734],[121.47023783814718,31.241780762627606],[121.47023683159068,31.241818741765975],[121.47057991043474,31.241913608417516],[121.47060499328519,31.241877691267966]]]}},{"id":"1466","type":"Feature","properties":{"id":"B00155L3JS","name":"上海市裘锦秋实验学校","type":"科教文化服务;学校;小学","addr":"上海市黄浦区新桥路55号(新闸路-是的)","结构":null,"面积":0.0,"时间":null,"装修":null,"价格":0.0,"gcj_lng":121.465328,"gcj_lat":31.239911,"wgs_lng":121.460777816,"wgs_lat":31.2418269111,"bd_lng":121.471822121,"bd_lat":31.24600358,"gcj_shape":"121.465698,31.239769;121.465361,31.239688;121.465041,31.239604;121.464948,31.239949;121.465176,31.240003;121.465223,31.240106;121.465213,31.240312;121.465361,31.240321;121.465375,31.240098;121.465669,31.240086;121.465698,31.239769","FID_1":8524,"id_1":"B00155L3JS","type1":"科教文化服务","type2":"学校","type3":"小学","__source_file__":"13-常用公服设施点/SHP/上海市_科教文化服务-面.shp"},"geometry":{"type":"Polygon","coordinates":[[[121.4607973524914,31.241592009580607],[121.46047644292452,31.241507281211852],[121.46038314847755,31.241851903318405],[121.46061179578399,31.241906424262996],[121.46065892095373,31.242009489828106],[121.4606488738661,31.24221537240696],[121.46079729765512,31.242224723478316],[121.46081135725976,31.242001856992722],[121.4611062036457,31.241990569864278],[121.46113531391431,31.241673782652853],[121.4607973524914,31.241592009580607]]]}},{"id":"832","type":"Feature","properties":{"id":"B00156NTWR","name":"上海棋院实验小学(西校)","type":"科教文化服务;学校;小学","addr":"上海市静安区乌镇路123号","结构":null,"面积":0.0,"时间":null,"装修":null,"价格":0.0,"gcj_lng":121.467669,"gcj_lat":31.242423,"wgs_lng":121.463125747,"wgs_lat":31.2443437529,"bd_lng":121.474173003,"bd_lat":31.2484713301,"gcj_shape":"121.467347,31.242522;121.467353,31.242534;121.467365,31.242542;121.467387,31.242547;121.467917,31.242649;121.46794,31.242652;121.467961,31.242645;121.467976,31.242633;121.467986,31.242616;121.468031,31.242425;121.468028,31.242411;121.468021,31.242397;121","FID_1":4776,"id_1":"B00156NTWR","type1":"科教文化服务","type2":"学校","type3":"小学","__source_file__":"13-常用公服设施点/SHP/上海市_科教文化服务-面.shp"},"geometry":{"type":"Polygon","coordinates":[[[121.46279489214709,31.24444156559372],[121.46280692671778,31.244449590627674],[121.46282899109079,31.244454643079763],[121.46336054557992,31.244557904314043],[121.46338361293319,31.24456095974636],[121.46340467551806,31.244554015178682],[121.46341972141362,31.24454205749798],[121.46342975300408,31.244525090280533],[121.46347490320781,31.244334288167956],[121.46347189486315,31.244320286975864],[121.46346487459758,31.24430627624703],[121.46344983108618,31.24429824227238],[121.46343177923012,31.244294199953075],[121.46335154081154,31.244296999681467],[121.46333248478317,31.244295953189848],[121.46331443352318,31.244288911466604],[121.46330440491298,31.244275892393112],[121.46330039299201,31.244259890008927],[121.46332046451758,31.244120002065664],[121.46331846034526,31.2441070038538],[121.46331545259667,31.24409400206566],[121.46330341802599,31.24408397703171],[121.46328737034224,31.24407793888474],[121.46313492330745,31.244063570528034],[121.46311687085534,31.2440655252285],[121.46310082317163,31.244068484697344],[121.46308878621676,31.244079450126648],[121.4630817647591,31.244090428668976],[121.46306570873074,31.244183346414566],[121.46305868727305,31.244198322572714],[121.46304865806677,31.244205294558526],[121.46303160621073,31.244211251047133],[121.46301355435467,31.24420820753575],[121.46290222950935,31.244181945871354],[121.46288618182567,31.24417990772438],[121.46286913235379,31.244182864212995],[121.46285609241866,31.24419282785416],[121.46284806738473,31.244206800436025],[121.46278586830522,31.24441255605698],[121.46278887605382,31.244429556653024],[121.46279489214709,31.24444156559372]]]}},{"id":"3829","type":"Feature","properties":{"id":"B00155L4P3","name":"上海市向东中学","type":"科教文化服务;学校;中学","addr":"上海市静安区蒙古路48号(近西藏北路)","结构":null,"面积":0.0,"时间":null,"装修":null,"价格":0.0,"gcj_lng":121.470213,"gcj_lat":31.242682,"wgs_lng":121.465677682,"wgs_lat":31.2446092898,"bd_lng":121.476729299,"bd_lat":31.2486818593,"gcj_shape":"121.470465,31.243127;121.47053,31.242668;121.470472,31.242658;121.470535,31.242293;121.470023,31.242232;121.46999,31.242248;121.469978,31.242282;121.469864,31.243036;121.470465,31.243127","FID_1":21756,"id_1":"B00155L4P3","type1":"科教文化服务","type2":"学校","type3":"中学","__source_file__":"13-常用公服设施点/SHP/上海市_科教文化服务-面.shp"},"geometry":{"type":"Polygon","coordinates":[[[121.46598139074325,31.24458345724869],[121.4659232143135,31.244573314197538],[121.46598643842697,31.24420863844681],[121.46547288870622,31.2441463652916],[121.46543978737833,31.24416227350045],[121.46542774803925,31.24419622939301],[121.46531333676722,31.24494960116005],[121.46591615232467,31.245042085315703],[121.46598139074325,31.24458345724869]]]}},{"id":"4463","type":"Feature","properties":{"id":"B001559ZEJ","name":"上海市黄浦区青少年艺术活动中心","type":"科教文化服务;文化宫;文化宫|科教文化服务;培训机构;培训机构","addr":"上海市黄浦区南京东路街道福州路539号青少年艺术活动中心","结构":null,"面积":0.0,"时间":null,"装修":null,"价格":0.0,"gcj_lng":121.480233,"gcj_lat":31.233,"wgs_lng":121.475731514,"wgs_lat":31.2349592774,"bd_lng":121.486799967,"bd_lat":31.2388188616,"gcj_shape":"121.480209,31.232999;121.480174,31.23298;121.480167,31.232965;121.480167,31.232947;121.480168,31.232937;121.48037,31.232494;121.480378,31.232485;121.480386,31.232483;121.480395,31.232481;121.48041,31.232481;121.480686,31.232594;121.480698,31.232602;121.4","FID_1":25156,"id_1":"B001559ZEJ","type1":"科教文化服务","type2":"文化宫","type3":"文化宫|科教文化服务","__source_file__":"13-常用公服设施点/SHP/上海市_科教文化服务-面.shp"},"geometry":{"type":"Polygon","coordinates":[[[121.4759228490486,31.235025241855624],[121.4759378991165,31.235025282386786],[121.47594993845559,31.235024316957478],[121.4759680004444,31.235013371793748],[121.47598004097557,31.23499941232491],[121.47619077768897,31.234571191953663],[121.47619077768897,31.234565194337847],[121.47618275146291,31.23454918003273],[121.47617071331595,31.234541149038314],[121.47589380374907,31.23442743497467],[121.47587875487326,31.234427393251423],[121.47586972387884,31.234429367025378],[121.47586169765282,31.234431343183523],[121.47585367083072,31.234440317553528],[121.47565096213151,31.234882555210113],[121.47564995676707,31.234892547461513],[121.47564995497893,31.23491053852081],[121.47565697762872,31.234925551633836],[121.47569209206964,31.234944639848706],[121.4759228490486,31.235025241855624]]]}},{"id":"3026","type":"Feature","properties":{"id":"B00150E9F0","name":"报童小学","type":"科教文化服务;学校;小学","addr":"上海市黄浦区山西南路35号","结构":null,"面积":0.0,"时间":null,"装修":null,"价格":0.0,"gcj_lng":121.483175,"gcj_lat":31.235006,"wgs_lng":121.478683449,"wgs_lat":31.2369727968,"bd_lng":121.489753343,"bd_lat":31.240778869,"gcj_shape":"121.483282,31.235297;121.483385,31.235044;121.483043,31.234926;121.482934,31.235169;121.483282,31.235297","FID_1":17440,"id_1":"B00150E9F0","type1":"科教文化服务","type2":"学校","type3":"小学","__source_file__":"13-常用公服设施点/SHP/上海市_科教文化服务-面.shp"},"geometry":{"type":"Polygon","coordinates":[[[121.47887857533456,31.236997607797626],[121.47853542556093,31.236878692866327],[121.47842603634263,31.23712127384567],[121.47877520340157,31.237250200101855],[121.47887857533456,31.236997607797626]]]}},{"id":"1976","type":"Feature","properties":{"id":"B0FFG0YGZV","name":"上海工艺美术职业学院宁波路校区","type":"科教文化服务;学校;高等院校","addr":"上海市黄浦区宁波路476号","结构":null,"面积":0.0,"时间":null,"装修":null,"价格":0.0,"gcj_lng":121.479103,"gcj_lat":31.236716,"wgs_lng":121.474597358,"wgs_lat":31.2386703696,"bd_lng":121.485664178,"bd_lat":31.242553476,"gcj_shape":"121.47828,31.237499;121.478353,31.237278;121.478523,31.237347;121.478464,31.237542;121.47828,31.237499","FID_1":11505,"id_1":"B0FFG0YGZV","type1":"科教文化服务","type2":"学校","type3":"高等院校","__source_file__":"13-常用公服设施点/SHP/上海市_科教文化服务-面.shp"},"geometry":{"type":"Polygon","coordinates":[[[121.4739409456387,31.239480761472706],[121.47400015604306,31.239286011216166],[121.47382960529616,31.23921657729435],[121.47375634720802,31.239437277482985],[121.4739409456387,31.239480761472706]]]}},{"id":"1893","type":"Feature","properties":{"id":"B00155HW7F","name":"北京东路小学分部","type":"科教文化服务;学校;小学","addr":"上海市黄浦区牛庄路585号","结构":null,"面积":0.0,"时间":null,"装修":null,"价格":0.0,"gcj_lng":121.47892,"gcj_lat":31.237803,"wgs_lng":121.474413645,"wgs_lat":31.239756357,"bd_lng":121.48547997,"bd_lat":31.2436434816,"gcj_shape":"121.479079,31.237951;121.479112,31.237946;121.479176,31.237757;121.478731,31.237643;121.478685,31.23777;121.478652,31.237871;121.479079,31.237951","FID_1":11005,"id_1":"B00155HW7F","type1":"科教文化服务","type2":"学校","type3":"小学","__source_file__":"13-常用公服设施点/SHP/上海市_科教文化服务-面.shp"},"geometry":{"type":"Polygon","coordinates":[[[121.47459104014587,31.239886355300904],[121.47465526723958,31.239697616965294],[121.47420881348228,31.239582445734023],[121.47416265135766,31.239709262151727],[121.47412953453255,31.239810126253126],[121.47455793106938,31.23989126291371],[121.47459104014587,31.239886355300904]]]}},{"id":"3207","type":"Feature","properties":{"id":"B00155EG2B","name":"上海市黄浦区星光幼儿园","type":"科教文化服务;学校;幼儿园","addr":"上海市黄浦区顾家弄54号","结构":null,"面积":0.0,"时间":null,"装修":null,"价格":0.0,"gcj_lng":121.478157,"gcj_lat":31.238053,"wgs_lng":121.47364805,"wgs_lat":31.2400040934,"bd_lng":121.484713493,"bd_lat":31.243906584,"gcj_shape":"121.478089,31.237871;121.478337,31.237946;121.478224,31.238235;121.477976,31.238158;121.478089,31.237871","FID_1":18486,"id_1":"B00155EG2B","type1":"科教文化服务","type2":"学校","type3":"幼儿园","__source_file__":"13-常用公服设施点/SHP/上海市_科教文化服务-面.shp"},"geometry":{"type":"Polygon","coordinates":[[[121.47345129816628,31.240095147378923],[121.4737001016369,31.24017279110909],[121.47381349621963,31.239884230991365],[121.47356469155693,31.239808586069103],[121.47345129816628,31.240095147378923]]]}},{"id":"3151","type":"Feature","properties":{"id":"B0015748TG","name":"黄浦区外滩街道市民学校","type":"科教文化服务;培训机构;培训机构","addr":"上海市黄浦区天津路200号","结构":null,"面积":0.0,"时间":null,"装修":null,"价格":0.0,"gcj_lng":121.482508,"gcj_lat":31.238364,"wgs_lng":121.478013856,"wgs_lat":31.2403273396,"bd_lng":121.489082623,"bd_lat":31.244146528,"gcj_shape":"121.482699,31.238816;121.482876,31.238546;121.483078,31.238207;121.483053,31.238135;121.482312,31.237885;121.482256,31.237922;121.48195,31.238594;121.482611,31.238838;121.482699,31.238816","FID_1":18166,"id_1":"B0015748TG","type1":"科教文化服务","type2":"培训机构","type3":"培训机构","__source_file__":"13-常用公服设施点/SHP/上海市_科教文化服务-面.shp"},"geometry":{"type":"Polygon","coordinates":[[[121.47836754996874,31.24049657630539],[121.47857026164817,31.24015829990578],[121.47854518416213,31.240086262950896],[121.47780170401286,31.239834287056915],[121.47774551208592,31.23987111181927],[121.47743842549323,31.240541947740553],[121.47810162907696,31.24078769713688],[121.47818992769623,31.240765954032895],[121.47836754996874,31.24049657630539]]]}},{"id":"2006","type":"Feature","properties":{"id":"B00154DDWB","name":"上海市黄浦工商进修学院","type":"科教文化服务;学校;成人教育","addr":"上海市黄浦区滇池路110号二楼","结构":null,"面积":0.0,"时间":null,"装修":null,"价格":0.0,"gcj_lng":121.48781,"gcj_lat":31.239614,"wgs_lng":121.483334269,"wgs_lat":31.2415922278,"bd_lng":121.494402235,"bd_lat":31.2453256515,"gcj_shape":"121.487596,31.239715;121.487571,31.239502;121.487991,31.239458;121.488029,31.239743;121.487749,31.23978;121.487736,31.239719;121.487596,31.239715","FID_1":11683,"id_1":"B00154DDWB","type1":"科教文化服务","type2":"学校","type3":"成人教育","__source_file__":"13-常用公服设施点/SHP/上海市_科教文化服务-面.shp"},"geometry":{"type":"Polygon","coordinates":[[[121.48324411648369,31.241682959932334],[121.48325715701483,31.241743969469077],[121.4835381321468,31.24170779916573],[121.48350002485847,31.241422818239215],[121.4830785621605,31.241465579654694],[121.48310363070583,31.241678555216794],[121.48324411648369,31.241682959932334]]]}},{"id":"2038","type":"Feature","properties":{"id":"B0FFHGMTN0","name":"外滩街道老年学校","type":"科教文化服务;学校;成人教育","addr":"上海市黄浦区河南中路578号3楼(近北京东路)","结构":null,"面积":0.0,"时间":null,"装修":null,"价格":0.0,"gcj_lng":121.484172,"gcj_lat":31.24034,"wgs_lng":121.479683452,"wgs_lat":31.2423072556,"bd_lng":121.490751936,"bd_lat":31.246097973,"gcj_shape":"121.484047,31.24026;121.484314,31.240269;121.484287,31.240423;121.484266,31.240425;121.484156,31.240419;121.484097,31.240418;121.484062,31.240405;121.48405,31.240394;121.484034,31.240385;121.484031,31.24038;121.484047,31.24026","FID_1":11834,"id_1":"B0FFHGMTN0","type1":"科教文化服务","type2":"学校","type3":"成人教育","__source_file__":"13-常用公服设施点/SHP/上海市_科教文化服务-面.shp"},"geometry":{"type":"Polygon","coordinates":[[[121.47952631051842,31.242333125000002],[121.47952932030356,31.242338125000003],[121.47954537401432,31.242347125000002],[121.47955741393517,31.242358125000003],[121.479592531559,31.242371189373014],[121.47965173302268,31.242372357458116],[121.47976210733987,31.24237866740227],[121.47978318005752,31.242376728199005],[121.47981028376961,31.24222287482644],[121.47954237532801,31.242213125],[121.47952631051842,31.242333125000002]]]}},{"id":"1064","type":"Feature","properties":{"id":"B0FFIE4ROV","name":"同济黄浦设计创意中学","type":"科教文化服务;学校;中学","addr":"上海市黄浦区四川中路599号","结构":null,"面积":0.0,"时间":null,"装修":null,"价格":0.0,"gcj_lng":121.485979,"gcj_lat":31.241899,"wgs_lng":121.48149663,"wgs_lat":31.2438708179,"bd_lng":121.492564313,"bd_lat":31.2476324685,"gcj_shape":"121.485948,31.242044;121.485604,31.241958;121.485657,31.241723;121.485676,31.241719;121.486286,31.241794;121.486352,31.2418;121.486245,31.242107;121.485948,31.242044","FID_1":6213,"id_1":"B0FFIE4ROV","type1":"科教文化服务","type2":"学校","type3":"中学","__source_file__":"13-常用公服设施点/SHP/上海市_科教文化服务-面.shp"},"geometry":{"type":"Polygon","coordinates":[[[121.48174774968149,31.244065576440818],[121.48185514545631,31.243759022283555],[121.48178891776661,31.24375283512497],[121.48117682325935,31.243676114934928],[121.48115775888635,31.243680057714464],[121.48110455623055,31.243914800222406],[121.48144973163414,31.244001749128344],[121.48174774968149,31.244065576440818]]]}},{"id":"726","type":"Feature","properties":{"id":"B00155F9RW","name":"上海邮政博物馆","type":"科教文化服务;博物馆;博物馆","addr":"上海市虹口区天潼路395号","结构":null,"面积":0.0,"时间":null,"装修":null,"价格":0.0,"gcj_lng":121.484749,"gcj_lat":31.244286,"wgs_lng":121.480262124,"wgs_lat":31.246253153,"bd_lng":121.491328601,"bd_lat":31.2500353526,"gcj_shape":"121.483844,31.244119;121.48384,31.244093;121.48384,31.244072;121.483847,31.244053;121.484177,31.243615;121.484198,31.243602;121.484222,31.243602;121.484252,31.243604;121.484279,31.243613;121.484319,31.243634;121.484838,31.243998;121.48494,31.244047;121.4","FID_1":4064,"id_1":"B00155F9RW","type1":"科教文化服务","type2":"博物馆","type3":"博物馆","__source_file__":"13-常用公服设施点/SHP/上海市_科教文化服务-面.shp"},"geometry":{"type":"Polygon","coordinates":[[[121.47935039191819,31.246087833797453],[121.48002464616584,31.246519553987504],[121.48006076537516,31.24654064697075],[121.48009889531326,31.246561745914462],[121.48091063831902,31.246879916715628],[121.48093471938134,31.24688098585701],[121.48097485766411,31.24687710268212],[121.48100496137619,31.24686819208909],[121.48103707283688,31.246847294013023],[121.48105011992456,31.24682534110069],[121.48109631542778,31.246378672502523],[121.48109330827523,31.246349677270892],[121.48108628681754,31.246323667734146],[121.4810722397299,31.246303637335778],[121.48104615211108,31.246287568790436],[121.48043809813501,31.24600096304131],[121.4803357542162,31.245951693032275],[121.47981501197242,31.245586375173566],[121.47977487726592,31.245565271461487],[121.47974778547479,31.245556198743827],[121.47971768355085,31.24555411350918],[121.47969360308457,31.24555404496384],[121.4796725291748,31.245566980590816],[121.4793413686724,31.24600384631443],[121.47933434304238,31.246022818300247],[121.4793343406582,31.246043808763503],[121.47933835257913,31.246069808763508],[121.47935039191819,31.246087833797453]]]}},{"id":"2662","type":"Feature","properties":{"id":"B0FFGBBSR1","name":"上海棋院实验小学(东校)","type":"科教文化服务;学校;小学","addr":"上海市静安区百禄路80弄76号","结构":null,"面积":0.0,"时间":null,"装修":null,"价格":0.0,"gcj_lng":121.470295,"gcj_lat":31.245174,"wgs_lng":121.465759727,"wgs_lat":31.2471003865,"bd_lng":121.476810019,"bd_lat":31.2511718623,"gcj_shape":"121.470204,31.244997;121.4704,31.245056;121.470416,31.245043;121.470529,31.245078;121.470451,31.245312;121.470363,31.245291;121.470337,31.245347;121.470058,31.245268;121.470114,31.24512;121.470204,31.244997","FID_1":15545,"id_1":"B0FFGBBSR1","type1":"科教文化服务","type2":"学校","type3":"小学","__source_file__":"13-常用公服设施点/SHP/上海市_科教文化服务-面.shp"},"geometry":{"type":"Polygon","coordinates":[[[121.46556391433622,31.247033301348687],[121.46550773254205,31.24718109332848],[121.46578757177542,31.24726076566887],[121.46581365581797,31.247204858056065],[121.46590192177624,31.247226062499998],[121.46598017974281,31.24699237602043],[121.46586683852854,31.2469570625],[121.4658507887363,31.24697005653954],[121.46565419745826,31.246910584470754],[121.46556391433622,31.247033301348687]]]}},{"id":"3214","type":"Feature","properties":{"id":"B001545B79","name":"上海市静安区闸北第一中心小学","type":"科教文化服务;学校;小学","addr":"上海市静安区康乐路199号","结构":null,"面积":0.0,"时间":null,"装修":null,"价格":0.0,"gcj_lng":121.476229,"gcj_lat":31.24812,"wgs_lng":121.471712741,"wgs_lat":31.2500611738,"bd_lng":121.482770322,"bd_lat":31.254006141,"gcj_shape":"121.47636,31.24873;121.476617,31.248006;121.476664,31.247832;121.476669,31.247757;121.47666,31.247724;121.476645,31.247703;121.476625,31.247686;121.47615,31.247485;121.475996,31.247817;121.47574,31.248524;121.47636,31.24873","FID_1":18512,"id_1":"B001545B79","type1":"科教文化服务","type2":"学校","type3":"小学","__source_file__":"13-常用公服设施点/SHP/上海市_科教文化服务-面.shp"},"geometry":{"type":"Polygon","coordinates":[[[121.47208703746034,31.249935044723514],[121.47213420435335,31.24976124976349],[121.47213922700308,31.249686296255113],[121.47213020196915,31.24965328552628],[121.47211515547752,31.249632255723952],[121.4720950922966,31.24961520923233],[121.47161857893468,31.249413020119675],[121.47146405620194,31.249744459239963],[121.47120717286111,31.250450459074024],[121.47182914815903,31.25065803144455],[121.47208703746034,31.249935044723514]]]}},{"id":"758","type":"Feature","properties":{"id":"B001540296","name":"上海铁路博物馆","type":"科教文化服务;博物馆;博物馆","addr":"上海市静安区天目东路200号","结构":null,"面积":0.0,"时间":null,"装修":null,"价格":0.0,"gcj_lng":121.476228,"gcj_lat":31.250035,"wgs_lng":121.471711573,"wgs_lat":31.2519753195,"bd_lng":121.482767687,"bd_lat":31.2559207393,"gcj_shape":"121.476115,31.249701;121.476126,31.249692;121.476141,31.249687;121.476163,31.249685;121.476532,31.249806;121.476547,31.249815;121.476559,31.249825;121.476566,31.249834;121.476568,31.249845;121.476571,31.249861;121.476371,31.250386;121.476361,31.250403;12","FID_1":4255,"id_1":"B001540296","type1":"科教文化服务","type2":"博物馆","type3":"博物馆","__source_file__":"13-常用公服设施点/SHP/上海市_科教文化服务-面.shp"},"geometry":{"type":"Polygon","coordinates":[[[121.47132742081641,31.2520370776043],[121.47132240412714,31.252052058530808],[121.47132139876273,31.25206904720593],[121.47132641366386,31.252080056146625],[121.47133544287014,31.25208907700825],[121.47176178695489,31.252338107572555],[121.47178285371209,31.252343162408827],[121.47179890556812,31.252343204728128],[121.47181495742419,31.252340249431608],[121.47183000629997,31.25233029353904],[121.4718400396786,31.252313329301828],[121.4720407287083,31.251789099393847],[121.47203772095968,31.2517730987978],[121.47203571559527,31.251762098201752],[121.47202869354153,31.251753083300592],[121.4720166571827,31.25174305409432],[121.47200160949899,31.251734018331526],[121.47163143171122,31.251612078962324],[121.47160936018562,31.25161401935768],[121.47159431190587,31.251618977038383],[121.47158327435494,31.25162794306373],[121.47132742081641,31.2520370776043]]]}},{"id":"1763","type":"Feature","properties":{"id":"B00156NVL4","name":"上海吉的堡永盛双语幼儿园","type":"科教文化服务;学校;幼儿园","addr":"上海市静安区虬江路1431弄10号(近西藏北路)","结构":null,"面积":0.0,"时间":null,"装修":null,"价格":0.0,"gcj_lng":121.465595,"gcj_lat":31.250441,"wgs_lng":121.461044715,"wgs_lat":31.252352864,"bd_lng":121.472082863,"bd_lat":31.2565266945,"gcj_shape":"121.465465,31.250586;121.465405,31.250322;121.465722,31.250271;121.465758,31.250342;121.465726,31.250615;121.465465,31.250586","FID_1":10321,"id_1":"B00156NVL4","type1":"科教文化服务","type2":"学校","type3":"幼儿园","__source_file__":"13-常用公服设施点/SHP/上海市_科教文化服务-面.shp"},"geometry":{"type":"Polygon","coordinates":[[[121.46116245620345,31.252515007724767],[121.46119457183647,31.252242204420092],[121.46115847408487,31.252171149583823],[121.46084055796148,31.252221364590653],[121.46090070816517,31.25248539200878],[121.46116245620345,31.252515007724767]]]}},{"id":"4095","type":"Feature","properties":{"id":"B00155L37M","name":"上海市静安区永兴路第二小学","type":"科教文化服务;学校;小学","addr":"上海市静安区永兴路621号(永兴路永兴小马路)","结构":null,"面积":0.0,"时间":null,"装修":null,"价格":0.0,"gcj_lng":121.465616,"gcj_lat":31.251255,"wgs_lng":121.461065708,"wgs_lat":31.2531665565,"bd_lng":121.47210323,"bd_lat":31.257340116,"gcj_shape":"121.465386,31.250901;121.465823,31.250959;121.465765,31.251361;121.46604,31.251388;121.466012,31.251556;121.465317,31.251488;121.465386,31.250901","FID_1":23112,"id_1":"B00155L37M","type1":"科教文化服务","type2":"学校","type3":"小学","__source_file__":"13-常用公服设施点/SHP/上海市_科教文化服务-面.shp"},"geometry":{"type":"Polygon","coordinates":[[[121.46075220510197,31.253386638606074],[121.46144920126153,31.253456283098224],[121.46147729662894,31.253288423765177],[121.46120150448324,31.253260772286417],[121.46125970594694,31.25285908938313],[121.46082145365335,31.252800062395096],[121.46075220510197,31.253386638606074]]]}},{"id":"532","type":"Feature","properties":{"id":"B00154793C","name":"市北中学","type":"科教文化服务;学校;中学","addr":"上海市静安区永兴路365号","结构":null,"面积":0.0,"时间":null,"装修":null,"价格":0.0,"gcj_lng":121.470126,"gcj_lat":31.252434,"wgs_lng":121.465589567,"wgs_lat":31.254356709,"bd_lng":121.476634093,"bd_lat":31.2584335188,"gcj_shape":"121.469422,31.252406;121.469497,31.252469;121.469556,31.252545;121.469624,31.252739;121.469619,31.253135;121.469752,31.253171;121.469836,31.253134;121.470016,31.253174;121.470173,31.25317;121.470476,31.253056;121.470698,31.25296;121.470898,31.252861;121.","FID_1":2947,"id_1":"B00154793C","type1":"科教文化服务","type2":"学校","type3":"中学","__source_file__":"13-常用公服设施点/SHP/上海市_科教文化服务-面.shp"},"geometry":{"type":"Polygon","coordinates":[[[121.46494441392136,31.254377485889442],[121.46500358558274,31.254453600330358],[121.46507177274134,31.254647687353135],[121.46506672386553,31.255043500194553],[121.46520012321665,31.255079820867543],[121.46528438070871,31.255043049749375],[121.46546492072676,31.25508348724746],[121.46562239756395,31.25507988779068],[121.46592632858847,31.254966706758495],[121.4661490128498,31.254871314725875],[121.46634963333416,31.254772868453024],[121.46648705950736,31.25468925647926],[121.46664856972313,31.254504750005722],[121.46673684748077,31.254407018226622],[121.46505281804087,31.253472157037734],[121.46498962790206,31.253468000277515],[121.46493446160508,31.253474857822425],[121.4648903286867,31.25348974040127],[121.46485421722605,31.253520637285234],[121.4646926700554,31.254243913684846],[121.46486919338417,31.254314324956894],[121.46494441392136,31.254377485889442]]]}},{"id":"3205","type":"Feature","properties":{"id":"B00155MQ0T","name":"育婴堂路幼儿园","type":"科教文化服务;学校;幼儿园","addr":"上海市静安区育婴堂路二七三弄1-1号","结构":null,"面积":0.0,"时间":null,"装修":null,"价格":0.0,"gcj_lng":121.46749,"gcj_lat":31.253079,"wgs_lng":121.462945276,"wgs_lat":31.2549945388,"bd_lng":121.47398458,"bd_lat":31.2591285199,"gcj_shape":"121.467771,31.253223;121.467166,31.253103;121.467201,31.25295;121.467224,31.252936;121.467821,31.25306;121.467771,31.253223","FID_1":18480,"id_1":"B00155MQ0T","type1":"科教文化服务","type2":"学校","type3":"幼儿园","__source_file__":"13-常用公服设施点/SHP/上海市_科教文化服务-面.shp"},"geometry":{"type":"Polygon","coordinates":[[[121.46326336063956,31.2549640453434],[121.4626646130314,31.254838629137033],[121.4626415450821,31.254852565956107],[121.46260642885305,31.255005412772178],[121.46321319851495,31.25512684984016],[121.46326336063956,31.2549640453434]]]}},{"id":"3492","type":"Feature","properties":{"id":"B0FFF32V35","name":"上海市金鹭幼儿园","type":"科教文化服务;学校;幼儿园","addr":"上海市静安区永兴路269号(近会文路)","结构":null,"面积":0.0,"时间":null,"装修":null,"价格":0.0,"gcj_lng":121.472356,"gcj_lat":31.253278,"wgs_lng":121.467826617,"wgs_lat":31.2552062909,"bd_lng":121.478874214,"bd_lat":31.2592348775,"gcj_shape":"121.472117,31.25296;121.471919,31.253225;121.472591,31.253599;121.472791,31.253323;121.472117,31.25296","FID_1":20007,"id_1":"B0FFF32V35","type1":"科教文化服务","type2":"学校","type3":"幼儿园","__source_file__":"13-常用公服设施点/SHP/上海市_科教文化服务-面.shp"},"geometry":{"type":"Polygon","coordinates":[[[121.46737373933217,31.255139333105085],[121.46804779211615,31.25551491143608],[121.46824843823052,31.255239552782058],[121.46757237531376,31.254874960742],[121.46737373933217,31.255139333105085]]]}},{"id":"376","type":"Feature","properties":{"id":"B0FFGFWQ4H","name":"上海市静安区教育学院","type":"科教文化服务;学校;成人教育","addr":"上海市静安区中华新路482号","结构":null,"面积":0.0,"时间":null,"装修":null,"价格":0.0,"gcj_lng":121.465994,"gcj_lat":31.253334,"wgs_lng":121.461444675,"wgs_lat":31.2552455968,"bd_lng":121.472481101,"bd_lat":31.2594115789,"gcj_shape":"121.465643,31.253152;121.465682,31.252954;121.466266,31.253054;121.466168,31.253314;121.466454,31.253376;121.466317,31.253708;121.466026,31.253618;121.466014,31.253653;121.465687,31.253548;121.465719,31.253464;121.465595,31.253427;121.465679,31.25318;121","FID_1":2092,"id_1":"B0FFGFWQ4H","type1":"科教文化服务","type2":"学校","type3":"成人教育","__source_file__":"13-常用公服设施点/SHP/上海市_科教文化服务-面.shp"},"geometry":{"type":"Polygon","coordinates":[[[121.46111509917164,31.25507876496792],[121.46103083631513,31.255325453235628],[121.46115518977071,31.25536273635769],[121.46112308963491,31.255446621916768],[121.46145102483177,31.255552365186695],[121.46146306297877,31.255517410486227],[121.4617548974438,31.25560807567406],[121.46189232421304,31.25527655489541],[121.46160549928473,31.255213887323386],[121.46170380624868,31.25495423839474],[121.46111812599372,31.254852871660233],[121.46107899724771,31.255050690462113],[121.46111509917164,31.25507876496792]]]}},{"id":"4336","type":"Feature","properties":{"id":"B0FFH1L8MT","name":"静安区闸北第三中心小学","type":"科教文化服务;学校;小学","addr":"上海市静安区永兴路211号","结构":null,"面积":0.0,"时间":null,"装修":null,"价格":0.0,"gcj_lng":121.47268,"gcj_lat":31.253966,"wgs_lng":121.468151604,"wgs_lat":31.2558948623,"bd_lng":121.479199132,"bd_lat":31.2599165793,"gcj_shape":"121.472801,31.253318;121.473297,31.253594;121.472963,31.254057;121.472688,31.25446;121.47258,31.254608;121.472057,31.254329;121.472801,31.253318","FID_1":24470,"id_1":"B0FFH1L8MT","type1":"科教文化服务","type2":"学校","type3":"小学","__source_file__":"13-常用公服设施点/SHP/上海市_科教文化服务-面.shp"},"geometry":{"type":"Polygon","coordinates":[[[121.46751207133009,31.25624320614719],[121.46803667052268,31.2565234393673],[121.46814501861382,31.25637578507424],[121.46842091089535,31.255973678547868],[121.46875599629593,31.25551175560379],[121.46825846922493,31.255234581392287],[121.46751207133009,31.25624320614719]]]}},{"id":"3643","type":"Feature","properties":{"id":"B0FFGY47YY","name":"上海城建职业学院(静安校区)","type":"科教文化服务;学校;高等院校","addr":"上海市静安区河南北路301号(近七浦路)","结构":null,"面积":0.0,"时间":null,"装修":null,"价格":0.0,"gcj_lng":121.481078,"gcj_lat":31.247307,"wgs_lng":121.476578174,"wgs_lat":31.2492622052,"bd_lng":121.487641322,"bd_lat":31.2531103361,"gcj_shape":"121.480805,31.247414;121.480924,31.247097;121.481357,31.247212;121.481262,31.247466;121.481218,31.247482;121.481151,31.247488;121.481068,31.24748;121.480805,31.247414","FID_1":20803,"id_1":"B0FFGY47YY","type1":"科教文化服务","type2":"学校","type3":"高等院校","__source_file__":"13-常用公服设施点/SHP/上海市_科教文化服务-面.shp"},"geometry":{"type":"Polygon","coordinates":[[[121.4765527061634,31.249421493749615],[121.47663598272894,31.249429722631454],[121.47670320684242,31.24942391098213],[121.47674735466194,31.24940804211235],[121.47684269500446,31.249154420601847],[121.47640825793647,31.249038262483595],[121.4762888335514,31.249354790414806],[121.4765527061634,31.249421493749615]]]}},{"id":"2573","type":"Feature","properties":{"id":"B00154GMIQ","name":"上海市海南中学","type":"科教文化服务;学校;中学","addr":"上海市虹口区塘沽路484号(近百官街)","结构":null,"面积":0.0,"时间":null,"装修":null,"价格":0.0,"gcj_lng":121.485917,"gcj_lat":31.24847,"wgs_lng":121.481433851,"wgs_lat":31.2504386899,"bd_lng":121.492497389,"bd_lat":31.2542030458,"gcj_shape":"121.486147,31.248701;121.486171,31.248516;121.486505,31.248548;121.486538,31.248378;121.486506,31.248333;121.485567,31.248256;121.485555,31.248387;121.4854,31.248377;121.485372,31.248626;121.486147,31.248701","FID_1":15026,"id_1":"B00154GMIQ","type1":"科教文化服务","type2":"学校","type3":"中学","__source_file__":"13-常用公服设施点/SHP/上海市_科教文化服务-面.shp"},"geometry":{"type":"Polygon","coordinates":[[[121.48167294382668,31.250471500841144],[121.48200809300423,31.25050444974709],[121.48204122175028,31.25033461902428],[121.4820091144619,31.25028954749871],[121.48106688627436,31.250209881978996],[121.48105483382227,31.250340788995743],[121.48089930274487,31.25033034970952],[121.4808711865158,31.250579158378603],[121.48164884488298,31.250656349445347],[121.48167294382668,31.250471500841144]]]}},{"id":"1830","type":"Feature","properties":{"id":"B001524F82","name":"虹口区第一中心小学","type":"科教文化服务;学校;小学","addr":"上海市虹口区昆山路111号","结构":null,"面积":0.0,"时间":null,"装修":null,"价格":0.0,"gcj_lng":121.48843,"gcj_lat":31.249078,"wgs_lng":121.483955652,"wgs_lat":31.2510538047,"bd_lng":121.495017547,"bd_lat":31.2547810895,"gcj_shape":"121.488715,31.249034;121.488744,31.248585;121.488471,31.248586;121.488328,31.249156;121.488136,31.249141;121.488087,31.249521;121.488437,31.24956;121.488449,31.249345;121.48848,31.249145;121.488505,31.249025;121.488715,31.249034","FID_1":10674,"id_1":"B001524F82","type1":"科教文化服务","type2":"学校","type3":"小学","__source_file__":"13-常用公服设施点/SHP/上海市_科教文化服务-面.shp"},"geometry":{"type":"Polygon","coordinates":[[[121.484254866642,31.250547921619415],[121.4839809129677,31.250548125301364],[121.48383736639308,31.25111745713329],[121.48364469822502,31.25110190579033],[121.4835954955692,31.25148159584618],[121.48394671090794,31.251521595416072],[121.48395877110863,31.251306725950244],[121.48398989747045,31.25110690476418],[121.48401499402999,31.25098702993393],[121.48422572597502,31.25099663790131],[121.484254866642,31.250547921619415]]]}},{"id":"1869","type":"Feature","properties":{"id":"B00155E1RE","name":"北站幼儿园","type":"科教文化服务;学校;幼儿园","addr":"上海市静安区山西北路541弄之2-4号","结构":null,"面积":0.0,"时间":null,"装修":null,"价格":0.0,"gcj_lng":121.478578,"gcj_lat":31.249122,"wgs_lng":121.474069519,"wgs_lat":31.2510692983,"bd_lng":121.48512915,"bd_lat":31.2549664512,"gcj_shape":"121.478407,31.249197;121.47867,31.249265;121.478733,31.249079;121.478464,31.249018;121.478407,31.249197","FID_1":10893,"id_1":"B00155E1RE","type1":"科教文化服务","type2":"学校","type3":"幼儿园","__source_file__":"13-常用公服设施点/SHP/上海市_科教文化服务-面.shp"},"geometry":{"type":"Polygon","coordinates":[[[121.47414661185266,31.251199069395064],[121.47420983477406,31.251013325695034],[121.47393995739367,31.250951615207672],[121.4738827547379,31.251130379173283],[121.47414661185266,31.251199069395064]]]}},{"id":"2917","type":"Feature","properties":{"id":"B00155L30E","name":"上海财经大学继续教育学院","type":"科教文化服务;学校;成人教育","addr":"上海市虹口区昆山路146号(近乍浦路)","结构":null,"面积":0.0,"时间":null,"装修":null,"价格":0.0,"gcj_lng":121.487861,"gcj_lat":31.249849,"wgs_lng":121.483384574,"wgs_lat":31.2518227842,"bd_lng":121.494446259,"bd_lat":31.2555582348,"gcj_shape":"121.487673,31.25013;121.487979,31.250162;121.488054,31.249571;121.487737,31.249539;121.487673,31.25013","FID_1":16889,"id_1":"B00155L30E","type1":"科教文化服务","type2":"学校","type3":"成人教育","__source_file__":"13-常用公服设施点/SHP/上海市_科教文化服务-面.shp"},"geometry":{"type":"Polygon","coordinates":[[[121.48348706462765,31.25212199801159],[121.48356237516786,31.251531477828983],[121.48324427665422,31.25149857124233],[121.48318000306895,31.25208912480354],[121.48348706462765,31.25212199801159]]]}},{"id":"1195","type":"Feature","properties":{"id":"B00154H149","name":"上海市虹口区西街幼儿园","type":"科教文化服务;学校;幼儿园","addr":"上海市虹口区西街21号(近昆山路)","结构":null,"面积":0.0,"时间":null,"装修":null,"价格":0.0,"gcj_lng":121.485794,"gcj_lat":31.249904,"wgs_lng":121.481310297,"wgs_lat":31.2518716927,"bd_lng":121.492372758,"bd_lat":31.2556383143,"gcj_shape":"121.485549,31.249524;121.485495,31.250021;121.485526,31.250052;121.486033,31.250292;121.486089,31.2503;121.486154,31.250281;121.486205,31.250109;121.485967,31.250084;121.485985,31.24992;121.485944,31.249918;121.485969,31.249578;121.485549,31.249524","FID_1":6962,"id_1":"B00154H149","type1":"科教文化服务","type2":"学校","type3":"幼儿园","__source_file__":"13-常用公服设施点/SHP/上海市_科教文化服务-面.shp"},"geometry":{"type":"Polygon","coordinates":[[[121.48099448751925,31.251973893137936],[121.48102559242344,31.25200496823979],[121.48153431440164,31.25224631828499],[121.48159050752068,31.25225447564125],[121.48165573401835,31.25223567114449],[121.48170692356109,31.252063894065863],[121.48146810638143,31.252038221129418],[121.48148618189305,31.251874345740383],[121.48144504022025,31.25187222768593],[121.48147015704538,31.25153244941521],[121.48104871580506,31.251477268051147],[121.48099448751925,31.251973893137936]]]}},{"id":"1260","type":"Feature","properties":{"id":"B001543D66","name":"虹口区中州路第一小学","type":"科教文化服务;学校;小学","addr":"上海市虹口区中州路80号","结构":null,"面积":0.0,"时间":null,"装修":null,"价格":0.0,"gcj_lng":121.482375,"gcj_lat":31.252265,"wgs_lng":121.477879206,"wgs_lat":31.2542217252,"bd_lng":121.488939219,"bd_lat":31.2580469991,"gcj_shape":"121.482617,31.252657;121.482686,31.252657;121.482756,31.252626;121.482969,31.252413;121.482054,31.251826;121.481792,31.252104;121.482548,31.252633;121.482617,31.252657","FID_1":7325,"id_1":"B001543D66","type1":"科教文化服务","type2":"学校","type3":"小学","__source_file__":"13-常用公服设施点/SHP/上海市_科教文化服务-面.shp"},"geometry":{"type":"Polygon","coordinates":[[[121.47817569388008,31.254600744420998],[121.47824593229865,31.254569954229353],[121.47845967139625,31.254357650411606],[121.47754163513565,31.253768331790923],[121.47727873033713,31.254045474676133],[121.47803722896384,31.254576365335467],[121.4781064602299,31.25460054891777],[121.47817569388008,31.254600744420998]]]}},{"id":"4340","type":"Feature","properties":{"id":"B0015548ET","name":"上海市民办新华初级中学","type":"科教文化服务;学校;中学","addr":"上海市虹口区中州路102号(近虬江路)","结构":null,"面积":0.0,"时间":null,"装修":null,"价格":0.0,"gcj_lng":121.481696,"gcj_lat":31.252792,"wgs_lng":121.477197824,"wgs_lat":31.2547465412,"bd_lng":121.488257033,"bd_lat":31.2585843409,"gcj_shape":"121.480832,31.252795;121.481931,31.253524;121.482096,31.253352;121.482429,31.252979;121.48249,31.252912;121.482513,31.252867;121.482499,31.252809;121.481839,31.252284;121.481723,31.252198;121.481506,31.252036;121.480832,31.252795","FID_1":24481,"id_1":"B0015548ET","type1":"科教文化服务","type2":"学校","type3":"中学","__source_file__":"13-常用公服设施点/SHP/上海市_科教文化服务-面.shp"},"geometry":{"type":"Polygon","coordinates":[[[121.47741807544803,31.25546524042987],[121.47758364467239,31.25529377865982],[121.47791779802226,31.254921878365515],[121.47797900961876,31.254855079233167],[121.47800209068106,31.25481016506386],[121.47798805014992,31.25475215075874],[121.47732587338828,31.25422552712822],[121.47720949072647,31.254139239833826],[121.47699177785492,31.253976703392034],[121.47631545923423,31.254733487291332],[121.47741807544803,31.25546524042987]]]}},{"id":"418","type":"Feature","properties":{"id":"B001540D90","name":"朝阳中学","type":"科教文化服务;学校;中学","addr":"上海市静安区虬江路723-7号","结构":null,"面积":0.0,"时间":null,"装修":null,"价格":0.0,"gcj_lng":121.477787,"gcj_lat":31.253323,"wgs_lng":121.473275497,"wgs_lat":31.255266215,"bd_lng":121.484330812,"bd_lat":31.2591802006,"gcj_shape":"121.477264,31.252931;121.477283,31.252878;121.47738,31.252852;121.477463,31.252862;121.478409,31.253248;121.478348,31.253369;121.478201,31.253553;121.478314,31.253606;121.478154,31.253869;121.477628,31.253639;121.477678,31.253511;121.477151,31.253312;121","FID_1":2309,"id_1":"B001540D90","type1":"科教文化服务","type2":"学校","type3":"中学","__source_file__":"13-常用公服设施点/SHP/上海市_科教文化服务-面.shp"},"geometry":{"type":"Polygon","coordinates":[[[121.47262230823137,31.255240145885466],[121.47315100219538,31.255440489374166],[121.4731008281498,31.255568298639297],[121.47362852509404,31.255799629611012],[121.47378907047653,31.25553718333817],[121.47367570510006,31.255483896639824],[121.47382320279883,31.255300380033496],[121.47388441260722,31.255179599378586],[121.47293535846521,31.25479119135094],[121.47285209143641,31.254780969621663],[121.47275477374365,31.25480669484425],[121.47273570758247,31.25485961914635],[121.47262230823137,31.255240145885466]]]}},{"id":"3594","type":"Feature","properties":{"id":"B00155FLI6","name":"宝山路小学","type":"科教文化服务;学校;小学","addr":"上海市静安区宝山路251号","结构":null,"面积":0.0,"时间":null,"装修":null,"价格":0.0,"gcj_lng":121.477272,"gcj_lat":31.253983,"wgs_lng":121.472758714,"wgs_lat":31.2559244826,"bd_lng":121.483812846,"bd_lat":31.2598491114,"gcj_shape":"121.476978,31.253618;121.477566,31.253845;121.477521,31.253928;121.4777,31.254018;121.477525,31.254304;121.476931,31.254132;121.476978,31.253618","FID_1":20509,"id_1":"B00155FLI6","type1":"科教文化服务","type2":"学校","type3":"小学","__source_file__":"13-常用公服设施点/SHP/上海市_科教文化服务-面.shp"},"geometry":{"type":"Polygon","coordinates":[[[121.47240152502633,31.256059191019055],[121.47299743714333,31.25623272643471],[121.47317302961352,31.25594732844162],[121.47299345562077,31.25585688081074],[121.4730386088047,31.255774038763043],[121.47244872172166,31.255545545070646],[121.47240152502633,31.256059191019055]]]}},{"id":"2137","type":"Feature","properties":{"id":"B0FFGJO0S4","name":"上海市静安区南阳学校","type":"科教文化服务;学校;中学","addr":"上海市静安区长乐路672弄34号","结构":null,"面积":0.0,"时间":null,"装修":null,"价格":0.0,"gcj_lng":121.453195,"gcj_lat":31.219521,"wgs_lng":121.4486126,"wgs_lat":31.2214179175,"bd_lng":121.459639346,"bd_lat":31.2258060529,"gcj_shape":"121.452923,31.219706;121.453192,31.219827;121.453469,31.219314;121.453256,31.219205;121.452985,31.219564;121.452912,31.219698;121.452923,31.219706","FID_1":12464,"id_1":"B0FFGJO0S4","type1":"科教文化服务","type2":"学校","type3":"中学","__source_file__":"13-常用公服设施点/SHP/上海市_科教文化服务-面.shp"},"geometry":{"type":"Polygon","coordinates":[[[121.4485980482979,31.221713379718782],[121.44887085791734,31.221210204612483],[121.44849573538997,31.22131141042544],[121.44839057980536,31.22145009242439],[121.44831739622308,31.221583885000236],[121.44832842185308,31.221591903477673],[121.4485980482979,31.221713379718782]]]}},{"id":"1232","type":"Feature","properties":{"id":"B00155LZTU","name":"锦江小礼堂","type":"科教文化服务;会展中心;会展中心","addr":"上海市黄浦区茂名南路59号","结构":null,"面积":0.0,"时间":null,"装修":null,"价格":0.0,"gcj_lng":121.461261,"gcj_lat":31.220012,"wgs_lng":121.456700545,"wgs_lat":31.2219270855,"bd_lng":121.467736405,"bd_lat":31.226177288,"gcj_shape":"121.461043,31.220353;121.461388,31.22042;121.461546,31.220449;121.461587,31.220438;121.461608,31.22042;121.461756,31.219865;121.461788,31.219734;121.461724,31.219706;121.461296,31.219633;121.461134,31.219604;121.460962,31.219557;121.460925,31.21964;121.4","FID_1":7155,"id_1":"B00155LZTU","type1":"科教文化服务","type2":"会展中心","type3":"会展中心","__source_file__":"13-常用公服设施点/SHP/上海市_科教文化服务-面.shp"},"geometry":{"type":"Polygon","coordinates":[[[121.45681491588402,31.22232359711647],[121.45697334324932,31.22235294341946],[121.45701445709417,31.222342042959212],[121.45703551550673,31.222324098987578],[121.45718396730993,31.22176969622611],[121.45721606684971,31.221638831528665],[121.45715189340021,31.221610698610306],[121.45672273468591,31.221536756856914],[121.45656029778384,31.221507403401375],[121.45638783584786,31.22146003683281],[121.45635072975159,31.221542914047234],[121.45615415039441,31.222120201175684],[121.45615214204977,31.22215118091011],[121.45616316827582,31.222193185678478],[121.45619324695397,31.222208247667304],[121.45646898605156,31.222255846097944],[121.45681491588402,31.22232359711647]]]}},{"id":"98","type":"Feature","properties":{"id":"B00155IRGL","name":"上海锦创歌德德语培训(巨鹿路总部)","type":"科教文化服务;培训机构;培训机构","addr":"上海市静安区静安寺街道巨鹿路628号","结构":null,"面积":0.0,"时间":null,"装修":null,"价格":0.0,"gcj_lng":121.453428,"gcj_lat":31.220989,"wgs_lng":121.448846072,"wgs_lat":31.2228857274,"bd_lng":121.459873803,"bd_lat":31.2272713871,"gcj_shape":"121.453297,31.221139;121.45329,31.221151;121.453289,31.221162;121.453291,31.221171;121.453298,31.221179;121.453534,31.221261;121.453546,31.221261;121.453557,31.221257;121.453563,31.221253;121.45357,31.221239;121.453664,31.220988;121.453664,31.220975;121.","FID_1":614,"id_1":"B00155IRGL","type1":"科教文化服务","type2":"培训机构","type3":"培训机构","__source_file__":"13-常用公服设施点/SHP/上海市_科教文化服务-面.shp"},"geometry":{"type":"Polygon","coordinates":[[[121.44869616810321,31.223036953545574],[121.44869516393089,31.223047946989062],[121.44869716750716,31.22305694579697],[121.44870418360044,31.223064955929758],[121.44894073971176,31.223147389255523],[121.44895276891803,31.223147413693425],[121.44896379693222,31.223143436939242],[121.44896981123733,31.22313945124436],[121.44897682911872,31.223125471509938],[121.44907107588197,31.22287477787781],[121.44907107707408,31.222861783838276],[121.44906806992148,31.22285478145409],[121.44905905025199,31.222844767745023],[121.4490440150852,31.22283874092293],[121.44884955314923,31.222794373162273],[121.44883351440623,31.222796340379716],[121.44882349175646,31.222802317729954],[121.44881045956996,31.222814285543443],[121.44879943215182,31.22282725812531],[121.44870318538858,31.223024973215104],[121.44869616810321,31.223036953545574]]]}},{"id":"2527","type":"Feature","properties":{"id":"B001537448","name":"上海市逸夫职业技术学校","type":"科教文化服务;学校;职业技术学校","addr":"上海市静安区巨鹿路700号(近富民路)","结构":null,"面积":0.0,"时间":null,"装修":null,"价格":0.0,"gcj_lng":121.452693,"gcj_lat":31.221073,"wgs_lng":121.448109182,"wgs_lat":31.222968112,"bd_lng":121.459136564,"bd_lat":31.2273642537,"gcj_shape":"121.453062,31.221431;121.453053,31.221359;121.453152,31.2211;121.453097,31.221056;121.453074,31.221005;121.453074,31.220965;121.453095,31.22088;121.452192,31.220588;121.452105,31.220828;121.452389,31.220926;121.4523,31.221139;121.452672,31.221245;121.452","FID_1":14761,"id_1":"B001537448","type1":"科教文化服务","type2":"学校","type3":"职业技术学校","__source_file__":"13-常用公服设施点/SHP/上海市_科教文化服务-面.shp"},"geometry":{"type":"Polygon","coordinates":[[[121.44845858695791,31.223244384321212],[121.4485578432579,31.222985702610018],[121.44850271630001,31.2229416137991],[121.44847966682815,31.22289059293748],[121.44847967040442,31.222850610818867],[121.44850072762489,31.22276569188118],[121.44759562596514,31.22247205275345],[121.44750840304374,31.22271177022744],[121.44779305869483,31.222810278059],[121.4477038310051,31.223023005069734],[121.44807669527248,31.223129685754785],[121.44797843956853,31.223416357333186],[121.44816988600732,31.223462711980822],[121.44819394561196,31.223425776353835],[121.44840744390677,31.223482172128676],[121.448467600667,31.223316369420054],[121.44845858695791,31.223244384321212]]]}},{"id":"2781","type":"Feature","properties":{"id":"B0FFG69Q9F","name":"华东模范中学东校区","type":"科教文化服务;学校;中学","addr":"上海市静安区富民路43号","结构":null,"面积":0.0,"时间":null,"装修":null,"价格":0.0,"gcj_lng":121.450962,"gcj_lat":31.221593,"wgs_lng":121.44637379,"wgs_lat":31.2234842306,"bd_lng":121.457400868,"bd_lat":31.227903471,"gcj_shape":"121.450424,31.221871;121.451141,31.22214;121.451381,31.221561;121.451424,31.221472;121.451502,31.221288;121.450898,31.221087;121.450862,31.221153;121.450742,31.221121;121.450555,31.221543;121.450424,31.221871","FID_1":16244,"id_1":"B0FFG69Q9F","type1":"科教文化服务","type2":"学校","type3":"中学","__source_file__":"13-常用公服设施点/SHP/上海市_科教文化服务-面.shp"},"geometry":{"type":"Polygon","coordinates":[[[121.44654206415751,31.224021295442583],[121.44678266497232,31.223443025003434],[121.44682577106857,31.223354150173183],[121.44690396597578,31.22317038561153],[121.44629860162544,31.222968324052815],[121.44626251221848,31.223034225109096],[121.44614224399757,31.223002011724475],[121.44595478384971,31.223423460977557],[121.44582345900442,31.223751059838293],[121.44654206415751,31.224021295442583]]]}},{"id":"1945","type":"Feature","properties":{"id":"B00155416F","name":"上海文华专修学院","type":"科教文化服务;学校;成人教育","addr":"上海市黄浦区巨鹿路417欣广大厦11层","结构":null,"面积":0.0,"时间":null,"装修":null,"价格":0.0,"gcj_lng":121.457852,"gcj_lat":31.221948,"wgs_lng":121.453281782,"wgs_lat":31.2238541445,"bd_lng":121.464314033,"bd_lat":31.2281689946,"gcj_shape":"121.45754,31.222087;121.457896,31.222225;121.458127,31.221713;121.457923,31.221634;121.457817,31.221894;121.457665,31.221868;121.45754,31.222087","FID_1":11327,"id_1":"B00155416F","type1":"科教文化服务","type2":"学校","type3":"成人教育","__source_file__":"13-常用公服设施点/SHP/上海市_科教文化服务-面.shp"},"geometry":{"type":"Polygon","coordinates":[[[121.45331350550273,31.224120011663437],[121.45354514684868,31.22360875076103],[121.45334062828829,31.22352934664154],[121.45323433205321,31.223788996762273],[121.45308194223882,31.22376268085766],[121.45295660189629,31.223981310712816],[121.45331350550273,31.224120011663437]]]}},{"id":"4023","type":"Feature","properties":{"id":"B001523A59","name":"向明初级中学","type":"科教文化服务;学校;中学","addr":"上海市黄浦区巨鹿路334号(近延安中路)","结构":null,"面积":0.0,"时间":null,"装修":null,"价格":0.0,"gcj_lng":121.45799,"gcj_lat":31.22265,"wgs_lng":121.453420101,"wgs_lat":31.224556133,"bd_lng":121.464452857,"bd_lat":31.2288689432,"gcj_shape":"121.4576,31.222512;121.457651,31.222328;121.457929,31.222435;121.457993,31.222315;121.458331,31.222435;121.458174,31.222828;121.458211,31.222867;121.458168,31.223027;121.45776,31.222965;121.457831,31.222583;121.4576,31.222512","FID_1":22778,"id_1":"B001523A59","type1":"科教文化服务","type2":"学校","type3":"中学","__source_file__":"13-常用公服设施点/SHP/上海市_科教文化服务-面.shp"},"geometry":{"type":"Polygon","coordinates":[[[121.4532483076153,31.22447770410347],[121.45317709244252,31.22485937329769],[121.45358614088823,31.22492222504806],[121.45362926486592,31.22476239194107],[121.45359217307472,31.224723331144332],[121.4537496141491,31.224330855665208],[121.45341074868966,31.22421017855644],[121.45334657285595,31.224329984841347],[121.45306786654092,31.224222437074665],[121.45301672050952,31.224406240975384],[121.4532483076153,31.22447770410347]]]}},{"id":"909","type":"Feature","properties":{"id":"B00155GJEA","name":"上海瑞一幼儿园","type":"科教文化服务;学校;幼儿园","addr":"上海市黄浦区巨鹿路316号(茂名南路)","结构":null,"面积":0.0,"时间":null,"装修":null,"价格":0.0,"gcj_lng":121.459298,"gcj_lat":31.222858,"wgs_lng":121.454731722,"wgs_lat":31.2247670799,"bd_lng":121.465766248,"bd_lat":31.2290562975,"gcj_shape":"121.459206,31.222687;121.459191,31.22269;121.459147,31.223037;121.45924,31.223047;121.459253,31.222965;121.459431,31.222984;121.459471,31.222754;121.459206,31.222687","FID_1":5256,"id_1":"B00155GJEA","type1":"科教文化服务","type2":"学校","type3":"幼儿园","__source_file__":"13-常用公服设施点/SHP/上海市_科教文化服务-面.shp"},"geometry":{"type":"Polygon","coordinates":[[[121.45461184097863,31.224587617578507],[121.45456769554329,31.224934357702253],[121.45466093873023,31.224944557973863],[121.4546739792614,31.22486262473106],[121.45485244834994,31.224882009181023],[121.45489257411572,31.224652205280304],[121.45462687972163,31.22458465155315],[121.45461184097863,31.224587617578507]]]}},{"id":"4460","type":"Feature","properties":{"id":"B00155E3GW","name":"上海市陈鹤琴小学","type":"科教文化服务;学校;小学","addr":"上海市静安区延安中路801号(近茂名北路)","结构":null,"面积":0.0,"时间":null,"装修":null,"价格":0.0,"gcj_lng":121.455535,"gcj_lat":31.223051,"wgs_lng":121.450958414,"wgs_lat":31.2249513781,"bd_lng":121.461988749,"bd_lat":31.2293059822,"gcj_shape":"121.45574,31.223395;121.455971,31.222951;121.455342,31.222685;121.455108,31.223188;121.45574,31.223395","FID_1":25144,"id_1":"B00155E3GW","type1":"科教文化服务","type2":"学校","type3":"小学","__source_file__":"13-常用公服设施点/SHP/上海市_科教文化服务-面.shp"},"geometry":{"type":"Polygon","coordinates":[[[121.45138355593303,31.224841584230425],[121.450753015749,31.224574401674268],[121.45051839526464,31.225076683438303],[121.45115194081308,31.22528489520073],[121.45138355593303,31.224841584230425]]]}},{"id":"2035","type":"Feature","properties":{"id":"B0015354EC","name":"华东模范中学西校区","type":"科教文化服务;学校;中学","addr":"上海市静安区富民路50号","结构":null,"面积":0.0,"时间":null,"装修":null,"价格":0.0,"gcj_lng":121.449799,"gcj_lat":31.22049,"wgs_lng":121.445208036,"wgs_lat":31.2223793657,"bd_lng":121.456234416,"bd_lat":31.2268118103,"gcj_shape":"121.449378,31.220206;121.44971,31.220359;121.449789,31.220273;121.450308,31.220483;121.450104,31.220815;121.449787,31.220643;121.449604,31.220574;121.44925,31.220481;121.449378,31.220206","FID_1":11828,"id_1":"B0015354EC","type1":"科教文化服务","type2":"学校","type3":"中学","__source_file__":"13-常用公服设施点/SHP/上海市_科教文化服务-面.shp"},"geometry":{"type":"Polygon","coordinates":[[[121.44500173821831,31.22245313537026],[121.44518513935755,31.22252244233418],[121.44550283255958,31.222694953145982],[121.4457073189335,31.22236349197197],[121.44538000692158,31.22223079533647],[121.44530175929886,31.222255121711427],[121.4448249527962,31.222380959544715],[121.4447838953568,31.22239565530002],[121.44500173821831,31.22245313537026]]]}},{"id":"3484","type":"Feature","properties":{"id":"B00156NVLT","name":"上海市静安区市西小学","type":"科教文化服务;学校;小学","addr":"上海市静安区万航渡路154号","结构":null,"面积":0.0,"时间":null,"装修":null,"价格":0.0,"gcj_lng":121.441485,"gcj_lat":31.224342,"wgs_lng":121.436875081,"wgs_lat":31.2262139842,"bd_lng":121.447910136,"bd_lat":31.230709987,"gcj_shape":"121.441319,31.22455;121.441385,31.224609;121.441204,31.22478;121.441423,31.225044;121.441896,31.224824;121.441515,31.224363;121.441858,31.223989;121.441506,31.223669;121.441213,31.223914;121.441022,31.224121;121.441472,31.224406;121.441319,31.22455","FID_1":19976,"id_1":"B00156NVLT","type1":"科教文化服务","type2":"学校","type3":"小学","__source_file__":"13-常用公服设施点/SHP/上海市_科教文化服务-面.shp"},"geometry":{"type":"Polygon","coordinates":[[[121.43676576519968,31.22647235921287],[121.43658441949273,31.226643003969194],[121.43680379500199,31.226907214969632],[121.43727768370725,31.226688042878152],[121.4368960238838,31.226226672733304],[121.43723968668749,31.225853373683925],[121.4372165373057,31.22583234011782],[121.43679803887224,31.22607210410547],[121.43667616816793,31.22615761056417],[121.43685294162944,31.226269585710526],[121.43669964837457,31.22641328530311],[121.43676576519968,31.22647235921287]]]}},{"id":"373","type":"Feature","properties":{"id":"B00154J21K","name":"上海市静安区青少年活动中心","type":"科教文化服务;文化宫;文化宫","addr":"上海市静安区胶州路15号(近久光百货)","结构":null,"面积":0.0,"时间":null,"装修":null,"价格":0.0,"gcj_lng":121.444673,"gcj_lat":31.225045,"wgs_lng":121.440069789,"wgs_lat":31.2269223152,"bd_lng":121.451100836,"bd_lat":31.231403296,"gcj_shape":"121.444407,31.224645;121.444419,31.224637;121.444439,31.224629;121.444458,31.224628;121.444478,31.224628;121.445114,31.224946;121.445138,31.224963;121.445146,31.224979;121.445149,31.224994;121.445149,31.225012;121.444825,31.225501;121.444811,31.225509;12","FID_1":2054,"id_1":"B00154J21K","type1":"科教文化服务","type2":"文化宫","type3":"文化宫","__source_file__":"13-常用公服设施点/SHP/上海市_科教文化服务-面.shp"},"geometry":{"type":"Polygon","coordinates":[[[121.43957704319097,31.226832628693586],[121.43957604021074,31.226853616176605],[121.43957704140283,31.226865612600328],[121.43958505570794,31.226879619752886],[121.4395970783577,31.2268886352501],[121.43982150870326,31.227006948770523],[121.4399948252039,31.227300097186088],[121.44013709998134,31.227373299245833],[121.44015914289668,31.227380332624435],[121.44018018581201,31.227380368387223],[121.4401982215748,31.227377399381638],[121.44021225018503,31.227369425607684],[121.44053693981077,31.226881193911552],[121.44053694159891,31.22686320285225],[121.44053393802264,31.226848204044344],[121.44052592252541,31.226832198083883],[121.4405018760338,31.22681516589737],[121.43986463744929,31.226496256330492],[121.43984459870627,31.22649622354794],[121.43982556115535,31.226497191957478],[121.43980552062416,31.22650515619469],[121.43979349678233,31.226513132352828],[121.43957704319097,31.226832628693586]]]}},{"id":"1246","type":"Feature","properties":{"id":"B00153E036","name":"上海市静安区威海路第三小学(茂名北路校区)","type":"科教文化服务;学校;小学","addr":"上海市静安区陕西大厦(延安中路)茂名北路延安中路700号","结构":null,"面积":0.0,"时间":null,"装修":null,"价格":0.0,"gcj_lng":121.461098,"gcj_lat":31.224544,"wgs_lng":121.456536686,"wgs_lat":31.2264565661,"bd_lng":121.467574487,"bd_lat":31.2307125362,"gcj_shape":"121.461247,31.225019;121.461398,31.224502;121.461489,31.224203;121.461489,31.224142;121.460982,31.224134;121.460938,31.22415;121.460911,31.224178;121.460878,31.224215;121.460707,31.224886;121.461247,31.225019","FID_1":7262,"id_1":"B00153E036","type1":"科教文化服务","type2":"学校","type3":"小学","__source_file__":"13-常用公服设施点/SHP/上海市_科教文化服务-面.shp"},"geometry":{"type":"Polygon","coordinates":[[[121.45682458925057,31.226403711225508],[121.45691586283588,31.226105057528493],[121.45691586820033,31.226044085542675],[121.45640749341916,31.22603494023943],[121.45636337391186,31.226050832057005],[121.45633629702183,31.226078757551193],[121.45630320642277,31.226115666952133],[121.45613168667029,31.226785968385705],[121.45667313387108,31.226920127099994],[121.45682458925057,31.226403711225508]]]}},{"id":"4260","type":"Feature","properties":{"id":"B0FFG6D5KX","name":"延安中路幼儿园(延安中路)","type":"科教文化服务;学校;幼儿园","addr":"上海市静安区延安中路632弄38","结构":null,"面积":0.0,"时间":null,"装修":null,"价格":0.0,"gcj_lng":121.461984,"gcj_lat":31.224706,"wgs_lng":121.45742523,"wgs_lat":31.2266206306,"bd_lng":121.468464458,"bd_lat":31.2308592774,"gcj_shape":"121.461912,31.224481;121.462186,31.224553;121.462073,31.224906;121.462018,31.224922;121.461778,31.224854;121.461912,31.224481","FID_1":24028,"id_1":"B0FFG6D5KX","type1":"科教文化服务","type2":"学校","type3":"幼儿园","__source_file__":"13-常用公服设施点/SHP/上海市_科教文化服务-面.shp"},"geometry":{"type":"Polygon","coordinates":[[[121.45720559537693,31.226756414560313],[121.4574462474518,31.226824933120724],[121.45750140003969,31.226809066635134],[121.45761473978615,31.226456489828102],[121.45733999413203,31.226383894377705],[121.45720559537693,31.226756414560313]]]}},{"id":"997","type":"Feature","properties":{"id":"B001542F38","name":"上海展览中心","type":"科教文化服务;展览馆;展览馆","addr":"上海市静安区延安中路1000号","结构":null,"面积":0.0,"时间":null,"装修":null,"价格":0.0,"gcj_lng":121.452756,"gcj_lat":31.224684,"wgs_lng":121.44817203,"wgs_lat":31.2265775533,"bd_lng":121.459201079,"bd_lat":31.230974854,"gcj_shape":"121.45076,31.225142;121.45097,31.224714;121.451007,31.224728;121.451055,31.224624;121.451068,31.224605;121.451086,31.2246;121.451511,31.224738;121.451527,31.224738;121.451551,31.224725;121.451692,31.224391;121.451699,31.224364;121.451701,31.224335;121.45","FID_1":5777,"id_1":"B001542F38","type1":"科教文化服务","type2":"展览馆","type3":"展览馆","__source_file__":"13-常用公服设施点/SHP/上海市_科教文化服务-面.shp"},"geometry":{"type":"Polygon","coordinates":[[[121.44615492213248,31.227046147291183],[121.4461549197483,31.227072135370264],[121.44616594299411,31.227092146695142],[121.4461839811411,31.227111171729092],[121.44659590084075,31.22731885897064],[121.44701484617042,31.227506575418467],[121.44744783322335,31.227662340742114],[121.4479429657116,31.22792618474388],[121.44825167619896,31.228110706880564],[121.44881196485139,31.228562606910707],[121.44883401611139,31.22856864863396],[121.4488510572386,31.228567683800698],[121.44887210909462,31.22855173208046],[121.44915482435036,31.22810150694084],[121.44918489706802,31.22808957250595],[121.44919391912175,31.228089590983387],[121.4492099572687,31.228092621977808],[121.44926208005431,31.22810771972943],[121.44927811939336,31.228103753108023],[121.44928814427556,31.228095765625],[121.44946058252145,31.227819253191],[121.44946459444239,31.227806267496113],[121.44945457179261,31.227794251998905],[121.44906665030479,31.22766353316689],[121.44905261752224,31.227651511113173],[121.44904860977366,31.227639509325023],[121.44904961275388,31.227624518265728],[121.44911578083898,31.227522697079664],[121.44942958311749,31.22696358876515],[121.45005618588638,31.22598231431961],[121.45006420972825,31.225939352466582],[121.45006421092035,31.22590936557961],[121.4500632115164,31.225887373328213],[121.4500582013836,31.225864375116352],[121.45004316562083,31.225841353658673],[121.45002612568568,31.225827325644488],[121.44898264315225,31.225430405778887],[121.44781291623973,31.22497830352306],[121.44722155904199,31.224774249116898],[121.4471914899006,31.224774189512253],[121.44716542910388,31.22478313586807],[121.44714437843992,31.22479908758831],[121.44676041344073,31.225737910396575],[121.44675540032767,31.22576189013099],[121.44676842893793,31.225783904436106],[121.4467984956951,31.22580095450401],[121.44712924671364,31.225913538629527],[121.44715430333805,31.22593157856464],[121.44716432598783,31.225947590485575],[121.4471693349285,31.22596958869743],[121.4471653230076,31.225991572008134],[121.44709815432644,31.226159363987925],[121.44710216088293,31.226180362199784],[121.44710316147898,31.226216346106533],[121.44710115373039,31.226245328821186],[121.44709413584899,31.226272303787233],[121.44695278120135,31.22660587522983],[121.44692872457696,31.22661882337379],[121.44691268702601,31.22661879178333],[121.44648672500706,31.226480041956904],[121.44646868387986,31.22648500440598],[121.44645565109731,31.226503971623423],[121.44640753248407,31.2266078315525],[121.44637044903754,31.226593767179487],[121.44615993464949,31.227021168152817],[121.44615492213248,31.227046147291183]]]}},{"id":"3574","type":"Feature","properties":{"id":"B00155L4O9","name":"民立中学(分部)","type":"科教文化服务;学校;中学","addr":"上海市静安区威海路870号","结构":null,"面积":0.0,"时间":null,"装修":null,"价格":0.0,"gcj_lng":121.455147,"gcj_lat":31.224974,"wgs_lng":121.450569218,"wgs_lat":31.2268726166,"bd_lng":121.461599977,"bd_lat":31.231234463,"gcj_shape":"121.45468,31.225076;121.454726,31.225158;121.455165,31.225387;121.455479,31.224965;121.455592,31.224798;121.455299,31.224556;121.455186,31.224654;121.455127,31.224633;121.454939,31.224889;121.454857,31.224848;121.45468,31.225076","FID_1":20392,"id_1":"B00155L4O9","type1":"科教文化服务","type2":"学校","type3":"中学","__source_file__":"13-常用公服设施点/SHP/上海市_科教文化服务-面.shp"},"geometry":{"type":"Polygon","coordinates":[[[121.45013528721427,31.22704498172569],[121.45057534460068,31.227274776851658],[121.45089015641597,31.226853622045518],[121.45100345205498,31.226686934373852],[121.45070974693205,31.22644443905925],[121.45059645963765,31.22654216130161],[121.45053731599046,31.226521048648834],[121.45034883140471,31.22677654379749],[121.4502666347094,31.226735394785884],[121.45008918171406,31.226962926293375],[121.45013528721427,31.22704498172569]]]}},{"id":"3347","type":"Feature","properties":{"id":"B0FFGSJ5XY","name":"上海第二工业大学静安分校","type":"科教文化服务;学校;高等院校","addr":"上海市静安区陕西北路80号","结构":null,"面积":0.0,"时间":null,"装修":null,"价格":0.0,"gcj_lng":121.4571,"gcj_lat":31.225352,"wgs_lng":121.452527429,"wgs_lat":31.2272548282,"bd_lng":121.463560229,"bd_lat":31.2315846536,"gcj_shape":"121.457188,31.225593;121.457331,31.225225;121.457013,31.225133;121.456857,31.225438;121.457188,31.225593","FID_1":19199,"id_1":"B0FFGSJ5XY","type1":"科教文化服务","type2":"学校","type3":"高等院校","__source_file__":"13-常用公服设施点/SHP/上海市_科教文化服务-面.shp"},"geometry":{"type":"Polygon","coordinates":[[[121.45274679604151,31.22711739859581],[121.452427993763,31.227024763210295],[121.45227157056999,31.227329289949417],[121.45260339847853,31.227484922354698],[121.45274679604151,31.22711739859581]]]}},{"id":"4415","type":"Feature","properties":{"id":"B00155KRRF","name":"民立中学","type":"科教文化服务;学校;中学","addr":"上海市静安区威海路681号","结构":null,"面积":0.0,"时间":null,"装修":null,"价格":0.0,"gcj_lng":121.458736,"gcj_lat":31.225444,"wgs_lng":121.454167927,"wgs_lat":31.2273505557,"bd_lng":121.465202721,"bd_lat":31.2316514974,"gcj_shape":"121.459414,31.224749;121.459083,31.22469;121.459044,31.224751;121.458626,31.224643;121.458532,31.224839;121.458479,31.225093;121.458424,31.22542;121.458174,31.225909;121.458067,31.22612;121.458742,31.226324;121.458883,31.225945;121.458975,31.225721;121.4","FID_1":24899,"id_1":"B00155KRRF","type1":"科教文化服务","type2":"学校","type3":"中学","__source_file__":"13-常用公服设施点/SHP/上海市_科教文化服务-面.shp"},"geometry":{"type":"Polygon","coordinates":[[[121.45450338321496,31.22658644694328],[121.45446427592663,31.226647332502367],[121.45404518992996,31.226538468235013],[121.45395092886162,31.226734171403884],[121.45389776912117,31.22698793775367],[121.45384259745981,31.2273146659565],[121.45359190604592,31.227802895864492],[121.45348461040689,31.228013566846855],[121.45416134728623,31.22821893894577],[121.45430274902151,31.227840424127578],[121.45439501008988,31.22761673049545],[121.45452638202286,31.227290169185636],[121.45459356202889,31.227260330118177],[121.45463467825796,31.227163466612815],[121.4546717855463,31.22705060012722],[121.45483525046252,31.226646148489955],[121.45450338321496,31.22658644694328]]]}},{"id":"2593","type":"Feature","properties":{"id":"B001538735","name":"静安区威海路幼儿园","type":"科教文化服务;学校;幼儿园","addr":"上海市静安区威海路730号(近陕西北路)","结构":null,"面积":0.0,"时间":null,"装修":null,"价格":0.0,"gcj_lng":121.457198,"gcj_lat":31.22629,"wgs_lng":121.452625615,"wgs_lat":31.2281926143,"bd_lng":121.463658809,"bd_lat":31.2325212448,"gcj_shape":"121.45659,31.226435;121.457176,31.225772;121.457795,31.226114;121.457432,31.226586;121.457256,31.226804;121.456993,31.226655;121.456972,31.226686;121.45659,31.226435","FID_1":15110,"id_1":"B001538735","type1":"科教文化服务","type2":"学校","type3":"幼儿园","__source_file__":"13-常用公服设施点/SHP/上海市_科教文化服务-面.shp"},"geometry":{"type":"Polygon","coordinates":[[[121.45238675415231,31.2285769561634],[121.45240781077672,31.228546015172007],[121.45267146761991,31.22869550631428],[121.45284793670848,31.22847798374749],[121.45321190945629,31.228006982721332],[121.45259135258294,31.22766381447029],[121.45200380763058,31.22832526236534],[121.45238675415231,31.2285769561634]]]}},{"id":"2792","type":"Feature","properties":{"id":"B0FFHBTF3S","name":"南阳实验幼儿园","type":"科教文化服务;学校;幼儿园","addr":"上海市静安区南阳路70号(近西康路)","结构":null,"面积":0.0,"时间":null,"装修":null,"价格":0.0,"gcj_lng":121.452679,"gcj_lat":31.228657,"wgs_lng":121.44809449,"wgs_lat":31.2305485398,"bd_lng":121.459124533,"bd_lat":31.2349489413,"gcj_shape":"121.452485,31.228753;121.452587,31.228486;121.452877,31.22856;121.452764,31.22883;121.452485,31.228753","FID_1":16313,"id_1":"B0FFHBTF3S","type1":"科教文化服务","type2":"学校","type3":"幼儿园","__source_file__":"13-常用公服设施点/SHP/上海市_科教文化服务-面.shp"},"geometry":{"type":"Polygon","coordinates":[[[121.4481682541981,31.230711338357928],[121.44828154506874,31.230441686449048],[121.44799086617185,31.23036714821911],[121.44788860391141,31.23063382396984],[121.4481682541981,31.230711338357928]]]}},{"id":"3166","type":"Feature","properties":{"id":"B00154DHM3","name":"西康路第三小学","type":"科教文化服务;学校;小学","addr":"上海市静安区西康路196号","结构":null,"面积":0.0,"时间":null,"装修":null,"价格":0.0,"gcj_lng":121.4512,"gcj_lat":31.229635,"wgs_lng":121.446611684,"wgs_lat":31.2315229734,"bd_lng":121.45764133,"bd_lat":31.2359434576,"gcj_shape":"121.450923,31.229731;121.451156,31.229392;121.451468,31.229532;121.45126,31.229878;121.450923,31.229731","FID_1":18235,"id_1":"B00154DHM3","type1":"科教文化服务","type2":"学校","type3":"小学","__source_file__":"13-常用公服设施点/SHP/上海市_科教文化服务-面.shp"},"geometry":{"type":"Polygon","coordinates":[[[121.44666066480636,31.23175593016434],[121.44686917144585,31.231410489255907],[121.44655646930315,31.2312699540062],[121.44632290663529,31.23160835319138],[121.44666066480636,31.23175593016434]]]}},{"id":"4107","type":"Feature","properties":{"id":"B00154DSD1","name":"西康路第三小学(本部)","type":"科教文化服务;学校;小学","addr":"上海市静安区北京西路1117号","结构":null,"面积":0.0,"时间":null,"装修":null,"价格":0.0,"gcj_lng":121.454287,"gcj_lat":31.229657,"wgs_lng":121.449706551,"wgs_lat":31.2315515473,"bd_lng":121.460737692,"bd_lat":31.23592906,"gcj_shape":"121.454043,31.229744;121.454438,31.229905;121.454619,31.229663;121.454622,31.229633;121.454613,31.229613;121.454232,31.229449;121.454163,31.22942;121.454112,31.229427;121.453981,31.229606;121.453981,31.229666;121.453996,31.229721;121.454043,31.229744","FID_1":23200,"id_1":"B00154DSD1","type1":"科教文化服务","type2":"学校","type3":"小学","__source_file__":"13-常用公服设施点/SHP/上海市_科教文化服务-面.shp"},"geometry":{"type":"Polygon","coordinates":[[[121.44984617141532,31.231789196996687],[121.45002763394737,31.231547676218035],[121.45003064348413,31.231517697675706],[121.45002162321856,31.231497686946874],[121.44963971186353,31.231332988976483],[121.44957054735472,31.231303862614638],[121.44951942278098,31.231310755922323],[121.44938809137918,31.231489407831198],[121.44938808601476,31.231549381009103],[121.44940311641312,31.23160438518143],[121.44945022787381,31.231627470416072],[121.44984617141532,31.231789196996687]]]}},{"id":"3308","type":"Feature","properties":{"id":"B00155KJK8","name":"金鹏托儿所","type":"科教文化服务;学校;幼儿园","addr":"上海市静安区北京西路1599号(近胶洲路)","结构":null,"面积":0.0,"时间":null,"装修":null,"价格":0.0,"gcj_lng":121.4457,"gcj_lat":31.226136,"wgs_lng":121.441098975,"wgs_lat":31.2280147135,"bd_lng":121.452129437,"bd_lat":31.2324891096,"gcj_shape":"121.445526,31.226269;121.445709,31.225954;121.445882,31.225997;121.445674,31.226331;121.445526,31.226269","FID_1":18973,"id_1":"B00155KJK8","type1":"科教文化服务","type2":"学校","type3":"幼儿园","__source_file__":"13-常用公服设施点/SHP/上海市_科教文化服务-面.shp"},"geometry":{"type":"Polygon","coordinates":[[[121.4410628857365,31.228200467496876],[121.44127133932783,31.227866977116584],[121.44109798944856,31.227823702339176],[121.44091459069348,31.22813824517155],[121.4410628857365,31.228200467496876]]]}},{"id":"2457","type":"Feature","properties":{"id":"B001518C59","name":"上海市一师附小","type":"科教文化服务;学校;小学","addr":"上海市静安区万航渡路299号","结构":null,"面积":0.0,"时间":null,"装修":null,"价格":0.0,"gcj_lng":121.438431,"gcj_lat":31.226325,"wgs_lng":121.433814876,"wgs_lat":31.2281910167,"bd_lng":121.444856649,"bd_lat":31.2326929753,"gcj_shape":"121.438059,31.226291;121.437968,31.226425;121.437899,31.226441;121.437872,31.226479;121.437761,31.226666;121.438553,31.227026;121.439035,31.22634;121.438916,31.226276;121.438963,31.226189;121.438825,31.226117;121.439029,31.225786;121.438821,31.225717;121","FID_1":14338,"id_1":"B001518C59","type1":"科教文化服务","type2":"学校","type3":"小学","__source_file__":"13-常用公服设施点/SHP/上海市_科教文化服务-面.shp"},"geometry":{"type":"Polygon","coordinates":[[[121.43392859151649,31.22888409493065],[121.43441146651267,31.228199093904493],[121.43429226922133,31.228134953833575],[121.43433935684013,31.2280480605259],[121.43420112855434,31.227975898997308],[121.43430412602433,31.22780931128006],[121.43319267454471,31.228549265907063],[121.43392859151649,31.22888409493065]]]}},{"id":"1091","type":"Feature","properties":{"id":"B0FFGFP11M","name":"静安区图书馆(新闸路)","type":"科教文化服务;图书馆;图书馆","addr":"上海市静安区新闸路1708号","结构":null,"面积":0.0,"时间":null,"装修":null,"价格":0.0,"gcj_lng":121.445129,"gcj_lat":31.228935,"wgs_lng":121.440526458,"wgs_lat":31.2308113474,"bd_lng":121.451558011,"bd_lat":31.235291249,"gcj_shape":"121.444947,31.228966;121.444943,31.228984;121.444945,31.228996;121.44495,31.229001;121.444958,31.229006;121.445174,31.229094;121.44519,31.229095;121.445205,31.229094;121.445211,31.22909;121.445218,31.229083;121.445307,31.228937;121.445309,31.228929;121.4","FID_1":6332,"id_1":"B0FFGFP11M","type1":"科教文化服务","type2":"图书馆","type3":"图书馆","__source_file__":"13-常用公服设施点/SHP/上海市_科教文化服务-面.shp"},"geometry":{"type":"Polygon","coordinates":[[[121.44033018342782,31.230851009401327],[121.440332185812,31.230863007017135],[121.44033719475273,31.230868012381556],[121.44034520965386,31.230873023706437],[121.44056163642313,31.230961345571522],[121.44057766741756,31.23096237179756],[121.44059269781592,31.230961397427563],[121.44059870973685,31.230957409348484],[121.440605724638,31.23095042424965],[121.44069491775704,31.230804641210554],[121.4406969225254,31.23079664836311],[121.44070293444636,31.230785662668225],[121.44070393683054,31.230772669820787],[121.44070393861868,31.230762676377296],[121.44069993146614,31.230752672801017],[121.44069492252541,31.230747667436603],[121.44046847668267,31.230638338418963],[121.44046046237756,31.230634326498034],[121.44044743615152,31.23063230504036],[121.44043841707804,31.23063229073525],[121.44043040038872,31.230640274045946],[121.44033419296457,31.230833023706438],[121.44033018342782,31.230851009401327]]]}},{"id":"90","type":"Feature","properties":{"id":"B00151C0B7","name":"培明中学","type":"科教文化服务;学校;中学","addr":"上海市静安区新闸路1607号(近常德路)","结构":null,"面积":0.0,"时间":null,"装修":null,"价格":0.0,"gcj_lng":121.447411,"gcj_lat":31.229217,"wgs_lng":121.442813613,"wgs_lat":31.2310975485,"bd_lng":121.453843631,"bd_lat":31.235559231,"gcj_shape":"121.447365,31.22976;121.447436,31.229694;121.447718,31.229879;121.447763,31.22983;121.44786,31.229519;121.447792,31.229235;121.447803,31.229044;121.447732,31.228888;121.447003,31.228678;121.446922,31.22895;121.44686,31.228938;121.446779,31.229151;121.447","FID_1":558,"id_1":"B00151C0B7","type1":"科教文化服务","type2":"学校","type3":"中学","__source_file__":"13-常用公服设施点/SHP/上海市_科教文化服务-面.shp"},"geometry":{"type":"Polygon","coordinates":[[[121.44282824982258,31.23156496714973],[121.44311083156393,31.23175038199806],[121.44315593050763,31.231701483325953],[121.44325316594599,31.231390801018712],[121.44318504554461,31.23110681055546],[121.44319608428762,31.230915918439862],[121.44312494779301,31.23075986300755],[121.44239442489433,31.23054867389488],[121.4423132329674,31.23082040567398],[121.44225110362531,31.230808303750038],[121.44216991646674,31.231021064139362],[121.44254368834686,31.23113166555023],[121.44262686120032,31.231149802640907],[121.44266193212987,31.23117385330486],[121.44268598040964,31.231204881319044],[121.44275009485051,31.231440886087412],[121.44262983259011,31.23154662621117],[121.44275709246634,31.231630809793465],[121.44282824982258,31.23156496714973]]]}},{"id":"3560","type":"Feature","properties":{"id":"B00152DABB","name":"上海市静安区第一中心小学","type":"科教文化服务;学校;小学","addr":"上海市静安区新闸路1461号(近西康路)","结构":null,"面积":0.0,"时间":null,"装修":null,"价格":0.0,"gcj_lng":121.44909,"gcj_lat":31.230124,"wgs_lng":121.444496493,"wgs_lat":31.2320074402,"bd_lng":121.455526092,"bd_lat":31.2364528334,"gcj_shape":"121.448518,31.230578;121.448893,31.230751;121.449108,31.230267;121.44949,31.230415;121.449604,31.230177;121.449747,31.229878;121.449768,31.229823;121.448958,31.229595;121.448856,31.229826;121.448801,31.229806;121.448476,31.230532;121.448518,31.230578","FID_1":20328,"id_1":"B00152DABB","type1":"科教文化服务","type2":"学校","type3":"小学","__source_file__":"13-常用公服设施点/SHP/上海市_科教文化服务-面.shp"},"geometry":{"type":"Polygon","coordinates":[[[121.44428828965951,31.232624098611836],[121.44450380225945,31.232140713731766],[121.44488663076402,31.23228934911728],[121.44500090431717,31.232052000000003],[121.44514424707603,31.231753072717666],[121.44516529952813,31.23169813709068],[121.44435353284646,31.231468749494553],[121.44425128965952,31.231699456239703],[121.44419617045023,31.231679365640645],[121.44387040274239,31.232404440576552],[121.44391248857309,31.232450495412827],[121.44428828965951,31.232624098611836]]]}},{"id":"2037","type":"Feature","properties":{"id":"B0FFGZ04T2","name":"上海市静安区常德书法幼儿园武定路分部","type":"科教文化服务;学校;幼儿园","addr":"上海市静安区胶州路399号","结构":null,"面积":0.0,"时间":null,"装修":null,"价格":0.0,"gcj_lng":121.443641,"gcj_lat":31.230631,"wgs_lng":121.439035062,"wgs_lat":31.2325038454,"bd_lng":121.450068364,"bd_lat":31.2369937086,"gcj_shape":"121.443447,31.230799;121.443661,31.230408;121.443842,31.230473;121.443601,31.230861;121.443447,31.230799","FID_1":11833,"id_1":"B0FFGZ04T2","type1":"科教文化服务","type2":"学校","type3":"幼儿园","__source_file__":"13-常用公服设施点/SHP/上海市_科教文化服务-面.shp"},"geometry":{"type":"Polygon","coordinates":[[[121.43898538320161,31.2327249421463],[121.43922688268853,31.232337510774613],[121.43904553698158,31.232272246129988],[121.43883109113887,31.232662721609117],[121.43898538320161,31.2327249421463]]]}},{"id":"1041","type":"Feature","properties":{"id":"B00155HN3M","name":"上海市静安区常熟幼儿园(延平路)","type":"科教文化服务;学校;幼儿园","addr":"上海市静安区康定路946","结构":null,"面积":0.0,"时间":null,"装修":null,"价格":0.0,"gcj_lng":121.438758,"gcj_lat":31.231526,"wgs_lng":121.434142049,"wgs_lat":31.2333901282,"bd_lng":121.445183811,"bd_lat":31.2378945117,"gcj_shape":"121.438512,31.231521;121.438697,31.231262;121.439008,31.231349;121.439032,31.231453;121.439019,31.231492;121.438777,31.231801;121.438497,31.231719;121.438564,31.231547;121.438512,31.231521","FID_1":6078,"id_1":"B00155HN3M","type1":"科教文化服务","type2":"学校","type3":"幼儿园","__source_file__":"13-常用公服设施点/SHP/上海市_科教文化服务-面.shp"},"geometry":{"type":"Polygon","coordinates":[[[121.43393921600722,31.233403024265286],[121.43387208845328,31.23357485141181],[121.43415255217744,31.233657207847592],[121.43439499146366,31.233348692433353],[121.43440801590157,31.233309728792186],[121.43438398431111,31.233205742501255],[121.43407246515466,31.233118342554093],[121.43388713017654,31.233376962276456],[121.43393921600722,31.233403024265286]]]}},{"id":"3756","type":"Feature","properties":{"id":"B00151E394","name":"上海戏剧学院附属高级中学","type":"科教文化服务;学校;中学","addr":"上海市静安区康定路770号(近胶州路)","结构":null,"面积":0.0,"时间":null,"装修":null,"价格":0.0,"gcj_lng":121.442073,"gcj_lat":31.232102,"wgs_lng":121.437463621,"wgs_lat":31.2339713968,"bd_lng":121.448499107,"bd_lat":31.2384691334,"gcj_shape":"121.441692,31.23232;121.442063,31.232489;121.442183,31.232331;121.442256,31.232285;121.442468,31.231914;121.442445,31.23189;121.442082,31.231742;121.44196,31.231788;121.441692,31.23232","FID_1":21386,"id_1":"B00151E394","type1":"科教文化服务","type2":"学校","type3":"中学","__source_file__":"13-常用公服设施点/SHP/上海市_科教文化服务-面.shp"},"geometry":{"type":"Polygon","coordinates":[[[121.43744432607937,31.234349759854318],[121.43756456330588,31.23419201973057],[121.43763770397284,31.23414615443707],[121.43785013312628,31.233775655116084],[121.43782709080696,31.233751630678178],[121.43746342621519,31.233603132979397],[121.4373411967373,31.233648922575],[121.43707265552712,31.234180264539724],[121.43744432607937,31.234349759854318]]]}},{"id":"746","type":"Feature","properties":{"id":"B0FFFWUIES","name":"格林新蕾幼儿园(胶州路)","type":"科教文化服务;学校;幼儿园","addr":"上海市静安区胶州路561号","结构":null,"面积":0.0,"时间":null,"装修":null,"价格":0.0,"gcj_lng":121.440974,"gcj_lat":31.232943,"wgs_lng":121.436362294,"wgs_lat":31.2348101263,"bd_lng":121.447399563,"bd_lat":31.2393117717,"gcj_shape":"121.440917,31.23282;121.440828,31.232947;121.441076,31.233055;121.441126,31.23297;121.440979,31.232903;121.441007,31.23286;121.440917,31.23282","FID_1":4165,"id_1":"B0FFFWUIES","type1":"科教文化服务","type2":"学校","type3":"幼儿园","__source_file__":"13-常用公服设施点/SHP/上海市_科教文化服务-面.shp"},"geometry":{"type":"Polygon","coordinates":[[[121.4362070318966,31.23480566713524],[121.4364554693947,31.23491399019241],[121.43650556595423,31.234829105825426],[121.43635830727007,31.234761913898463],[121.43638636091424,31.23471897707939],[121.43629620176985,31.234678859658246],[121.4362070318966,31.23480566713524]]]}},{"id":"3535","type":"Feature","properties":{"id":"B001525C1D","name":"静安区第二中心小学","type":"科教文化服务;学校;小学","addr":"上海市静安区余姚路441号(近延平路)","结构":null,"面积":0.0,"时间":null,"装修":null,"价格":0.0,"gcj_lng":121.435639,"gcj_lat":31.233952,"wgs_lng":121.431017095,"wgs_lat":31.2358102152,"bd_lng":121.442066686,"bd_lat":31.2403117263,"gcj_shape":"121.435355,31.233935;121.435838,31.234234;121.436122,31.233944;121.436283,31.233753;121.435758,31.233403;121.435487,31.233753;121.435387,31.233885;121.435355,31.233935","FID_1":20194,"id_1":"B001525C1D","type1":"科教文化服务","type2":"学校","type3":"小学","__source_file__":"13-常用公服设施点/SHP/上海市_科教文化服务-面.shp"},"geometry":{"type":"Polygon","coordinates":[[[121.43120858591843,31.236085127147675],[121.4314930514307,31.235795626038552],[121.43165431845951,31.235604922869676],[121.43112853465843,31.23525440490532],[121.43085708881569,31.235603897073744],[121.43075692430688,31.235735711107253],[121.43072487185478,31.235785646734236],[121.43120858591843,31.236085127147675]]]}},{"id":"4191","type":"Feature","properties":{"id":"B00156OAWS","name":"余姚路第二幼儿园","type":"科教文化服务;学校;幼儿园","addr":"上海市静安区余姚路487弄19号","结构":null,"面积":0.0,"时间":null,"装修":null,"价格":0.0,"gcj_lng":121.435251,"gcj_lat":31.232542,"wgs_lng":121.430628537,"wgs_lat":31.2344002946,"bd_lng":121.441679382,"bd_lat":31.2389000387,"gcj_shape":"121.434976,31.232629;121.435258,31.232316;121.435294,31.23231;121.435331,31.232316;121.435494,31.232434;121.435506,31.232473;121.435248,31.232773;121.435207,31.232777;121.434976,31.232629","FID_1":23576,"id_1":"B00156OAWS","type1":"科教文化服务","type2":"学校","type3":"幼儿园","__source_file__":"13-常用公服设施点/SHP/上海市_科教文化服务-面.shp"},"geometry":{"type":"Polygon","coordinates":[[[121.43057674787713,31.234627990056985],[121.4306178116541,31.23462404429722],[121.43087622948266,31.234324507425306],[121.43086421517754,31.234285509809496],[121.43070097675894,31.234167357221608],[121.4306639219227,31.234161314306256],[121.43062786589434,31.23416726543045],[121.43034541409114,31.234479768327716],[121.43057674787713,31.234627990056985]]]}},{"id":"880","type":"Feature","properties":{"id":"B00154B51F","name":"上海静安小学","type":"科教文化服务;学校;小学","addr":"上海市静安区长寿路827号","结构":null,"面积":0.0,"时间":null,"装修":null,"价格":0.0,"gcj_lng":121.431352,"gcj_lat":31.23413,"wgs_lng":121.426722977,"wgs_lat":31.2359822066,"bd_lng":121.437786659,"bd_lat":31.2404624473,"gcj_shape":"121.430786,31.234303;121.431062,31.234678;121.43115,31.234629;121.431411,31.234234;121.431441,31.234206;121.431716,31.234298;121.431751,31.234292;121.431954,31.233877;121.431712,31.233763;121.431613,31.233817;121.431362,31.233679;121.43102,31.234088;121.","FID_1":5034,"id_1":"B00154B51F","type1":"科教文化服务","type2":"学校","type3":"小学","__source_file__":"13-常用公服设施点/SHP/上海市_科教文化服务-面.shp"},"geometry":{"type":"Polygon","coordinates":[[[121.42642576833916,31.236523279932022],[121.42651388635636,31.23647439556504],[121.42677526246165,31.236079859885216],[121.42680530418492,31.236051906376844],[121.42708066002464,31.236144166849137],[121.42711570592023,31.236138207976346],[121.42731901407623,31.235723623420714],[121.42707670115185,31.235609405863762],[121.42697756465722,31.235663271753317],[121.4267262451763,31.23552505956078],[121.42638376595497,31.235933504045484],[121.42628563244054,31.236010363378526],[121.4261694750843,31.23610419648552],[121.42614944587802,31.236148154166223],[121.42642576833916,31.236523279932022]]]}},{"id":"3168","type":"Feature","properties":{"id":"B001571KP3","name":"普陀区汇丽幼儿园","type":"科教文化服务;科教文化场所;科教文化场所","addr":"上海市普陀区长寿路822弄45支弄22号","结构":null,"面积":0.0,"时间":null,"装修":null,"价格":0.0,"gcj_lng":121.430173,"gcj_lat":31.235087,"wgs_lng":121.425542104,"wgs_lat":31.236937276,"bd_lng":121.436610114,"bd_lat":31.2414089284,"gcj_shape":"121.429954,31.235078;121.430199,31.234867;121.430439,31.23502;121.430222,31.235269;121.430098,31.235266;121.430003,31.235251;121.429946,31.235179;121.429954,31.235078","FID_1":18241,"id_1":"B001571KP3","type1":"科教文化服务","type2":"科教文化场所","type3":"科教文化场所","__source_file__":"13-常用公服设施点/SHP/上海市_科教文化服务-面.shp"},"geometry":{"type":"Polygon","coordinates":[[[121.42530831160164,31.237022875646588],[121.42536537597465,31.237094901872638],[121.42546049399184,31.237109993663786],[121.42558464777181,31.23711312121773],[121.42580194221878,31.2368644609642],[121.42556165432833,31.23671128036213],[121.42531633067512,31.236921930482865],[121.42530831160164,31.237022875646588]]]}},{"id":"2455","type":"Feature","properties":{"id":"B001543697","name":"上海少年儿童图书馆","type":"科教文化服务;图书馆;图书馆","addr":"上海市静安区南京西路962号(近茂名北路)","结构":null,"面积":0.0,"时间":null,"装修":null,"价格":0.0,"gcj_lng":121.457973,"gcj_lat":31.229835,"wgs_lng":121.453402434,"wgs_lat":31.2317377466,"bd_lng":121.464437193,"bd_lat":31.2360545704,"gcj_shape":"121.458048,31.230106;121.458037,31.230112;121.458021,31.230111;121.458005,31.230106;121.457773,31.230039;121.457757,31.230031;121.457747,31.23002;121.457744,31.230009;121.457746,31.229998;121.457876,31.229586;121.457885,31.229577;121.457896,31.22957;121.","FID_1":14334,"id_1":"B001543697","type1":"科教文化服务","type2":"图书馆","type3":"图书馆","__source_file__":"13-常用公服设施点/SHP/上海市_科教文化服务-面.shp"},"geometry":{"type":"Polygon","coordinates":[[[121.45347123132137,31.23198470002938],[121.45362666941547,31.23156922753048],[121.45362767358779,31.231559235279082],[121.45362366285897,31.231547231702805],[121.45361564378547,31.23153921739769],[121.45360060563851,31.23153218878746],[121.45334996429256,31.23146068095589],[121.45333292137718,31.2314586451931],[121.45331286892511,31.23146159989357],[121.45330184031488,31.23146857366752],[121.45329281647304,31.23147754982567],[121.45316244692421,31.231889080141073],[121.45316043977166,31.231900070604325],[121.45316344692421,31.231911072988517],[121.45317347136212,31.23192208788968],[121.45318951129724,31.231930118288048],[121.45342210376742,31.23199758916473],[121.45343814549068,31.232002621351242],[121.45345418602182,31.232003654729844],[121.45346521582414,31.23199768214798],[121.45347123132137,31.23198470002938]]]}},{"id":"4166","type":"Feature","properties":{"id":"B00155KJ9K","name":"同济大学附属七一中学","type":"科教文化服务;学校;中学","addr":"上海市静安区陕西北路461号(近新闸路)","结构":null,"面积":0.0,"时间":null,"装修":null,"价格":0.0,"gcj_lng":121.452258,"gcj_lat":31.230722,"wgs_lng":121.447672242,"wgs_lat":31.2326116902,"bd_lng":121.458702308,"bd_lat":31.2370188282,"gcj_shape":"121.451794,31.230758;121.452067,31.230851;121.452565,31.231032;121.452732,31.230699;121.451947,31.230408;121.451794,31.230758","FID_1":23475,"id_1":"B00155KJ9K","type1":"科教文化服务","type2":"学校","type3":"中学","__source_file__":"13-常用公服设施点/SHP/上海市_科教文化服务-面.shp"},"geometry":{"type":"Polygon","coordinates":[[[121.44746944340898,31.23273004119492],[121.44796859377863,31.232911931688307],[121.44813601577951,31.23257941329384],[121.4473492037983,31.2322870113926],[121.44719581756021,31.23263655362893],[121.44746944340898,31.23273004119492]]]}},{"id":"1436","type":"Feature","properties":{"id":"B00153D38E","name":"上海市爱国学校","type":"科教文化服务;学校;小学","addr":"上海市静安区北京西路919号(近北京西路)","结构":null,"面积":0.0,"时间":null,"装修":null,"价格":0.0,"gcj_lng":121.457629,"gcj_lat":31.230745,"wgs_lng":121.453057409,"wgs_lat":31.2326465344,"bd_lng":121.464091822,"bd_lat":31.2369698354,"gcj_shape":"121.458015,31.230681;121.457588,31.230508;121.457608,31.230425;121.45743,31.230365;121.457377,31.230512;121.457439,31.230538;121.457266,31.230863;121.457806,31.231072;121.458015,31.230681","FID_1":8312,"id_1":"B00153D38E","type1":"科教文化服务","type2":"学校","type3":"小学","__source_file__":"13-常用公服设施点/SHP/上海市_科教文化服务-面.shp"},"geometry":{"type":"Polygon","coordinates":[[[121.4530039963131,31.23239850555229],[121.45302405353357,31.23231558661461],[121.45284560411454,31.232255232563016],[121.45279245510292,31.232402052556992],[121.45285461067105,31.232428172362333],[121.45268114039041,31.232752652013772],[121.45322250652887,31.232962715360642],[121.45343207992556,31.232572345977786],[121.4530039963131,31.23239850555229]]]}},{"id":"2431","type":"Feature","properties":{"id":"B00155GE3U","name":"静安区老年大学","type":"科教文化服务;学校;成人教育","addr":"上海市静安区泰兴路233号","结构":null,"面积":0.0,"时间":null,"装修":null,"价格":0.0,"gcj_lng":121.45854,"gcj_lat":31.230764,"wgs_lng":121.453970923,"wgs_lat":31.23266763,"bd_lng":121.465006448,"bd_lat":31.2369747319,"gcj_shape":"121.458408,31.230623;121.458754,31.230762;121.458675,31.230906;121.458325,31.230766;121.458408,31.230623","FID_1":14176,"id_1":"B00155GE3U","type1":"科教文化服务","type2":"学校","type3":"成人教育","__source_file__":"13-常用公服设施点/SHP/上海市_科教文化服务-面.shp"},"geometry":{"type":"Polygon","coordinates":[[[121.45374287683966,31.232657978383067],[121.45409377627374,31.23279867516137],[121.4541729950228,31.23265491536808],[121.45382610393335,31.232515224550248],[121.45374287683966,31.232657978383067]]]}},{"id":"673","type":"Feature","properties":{"id":"B00153489A","name":"上海市五四中学","type":"科教文化服务;学校;中学","addr":"上海市静安区新闸路1368-1370号","结构":null,"面积":0.0,"时间":null,"装修":null,"价格":0.0,"gcj_lng":121.450357,"gcj_lat":31.231859,"wgs_lng":121.445766412,"wgs_lat":31.2337442065,"bd_lng":121.456796025,"bd_lat":31.2381760345,"gcj_shape":"121.449933,31.231989;121.450257,31.231491;121.450753,31.231702;121.450498,31.23223;121.449933,31.231989","FID_1":3717,"id_1":"B00153489A","type1":"科教文化服务","type2":"学校","type3":"中学","__source_file__":"13-常用公服设施点/SHP/上海市_科教文化服务-面.shp"},"geometry":{"type":"Polygon","coordinates":[[[121.44589672586726,31.23410539875507],[121.44615234873581,31.233578122951506],[121.44565524724197,31.233366283718105],[121.44533047953414,31.23386344925308],[121.44589672586726,31.23410539875507]]]}},{"id":"1140","type":"Feature","properties":{"id":"B00156OCUE","name":"南阳实验幼儿园分部","type":"科教文化服务;学校;幼儿园","addr":"上海市静安区陕西北路629弄10号(近新闸路)","结构":null,"面积":0.0,"时间":null,"装修":null,"价格":0.0,"gcj_lng":121.450052,"gcj_lat":31.231816,"wgs_lng":121.44546067,"wgs_lat":31.233700603,"bd_lng":121.456490267,"bd_lat":31.2381359978,"gcj_shape":"121.450766,31.232595;121.45044,31.232469;121.450357,31.232619;121.450553,31.232759;121.450636,31.232703;121.450692,31.232726;121.450766,31.232595","FID_1":6643,"id_1":"B00156OCUE","type1":"科教文化服务","type2":"学校","type3":"幼儿园","__source_file__":"13-常用公服设施点/SHP/上海市_科教文化服务-面.shp"},"geometry":{"type":"Polygon","coordinates":[[[121.44583857506751,31.234344180006026],[121.44575537457607,31.234493999999998],[121.44595180514145,31.234634259876252],[121.44603499706841,31.23457844226646],[121.44609112164213,31.23460153822994],[121.44616530224417,31.234470737905504],[121.44583857506751,31.234344180006026]]]}},{"id":"2518","type":"Feature","properties":{"id":"B001526B6A","name":"上海市建承中学","type":"科教文化服务;学校;中学","addr":"上海市静安区北京西路653号","结构":null,"面积":0.0,"时间":null,"装修":null,"价格":0.0,"gcj_lng":121.462183,"gcj_lat":31.232795,"wgs_lng":121.45762411,"wgs_lat":31.2347063643,"bd_lng":121.468664874,"bd_lat":31.2389449405,"gcj_shape":"121.462237,31.233127;121.462254,31.23312;121.462316,31.232973;121.462408,31.232753;121.462455,31.232643;121.462475,31.232603;121.462467,31.232583;121.462167,31.232452;121.462144,31.232459;121.461874,31.232987;121.461879,31.232999;121.462237,31.233127","FID_1":14706,"id_1":"B001526B6A","type1":"科教文化服务","type2":"学校","type3":"中学","__source_file__":"13-常用公服设施点/SHP/上海市_科教文化服务-面.shp"},"geometry":{"type":"Polygon","coordinates":[[[121.45768218665506,31.235019691820142],[121.4577443696413,31.234872901032453],[121.45783664203452,31.23465321395684],[121.4578837803173,31.234543373697285],[121.45790383992193,31.2345034380703],[121.45789581846427,31.234483428533558],[121.4575950036688,31.234351796128273],[121.4575719398918,31.234358740695953],[121.4573011543026,31.23488587881279],[121.4573061662235,31.234897885965346],[121.45766513777923,31.23502664771271],[121.45768218665506,31.235019691820142]]]}},{"id":"1621","type":"Feature","properties":{"id":"B00155NENX","name":"上海大学继续教育学院","type":"科教文化服务;学校;成人教育","addr":"上海市静安区新闸路1220号","结构":null,"面积":0.0,"时间":null,"装修":null,"价格":0.0,"gcj_lng":121.452643,"gcj_lat":31.232871,"wgs_lng":121.448058033,"wgs_lat":31.2347605172,"bd_lng":121.459088244,"bd_lat":31.2391633207,"gcj_shape":"121.452767,31.233376;121.452751,31.233383;121.452731,31.23338;121.452709,31.233373;121.452512,31.233292;121.452532,31.23326;121.452077,31.233041;121.452058,31.233026;121.452058,31.233017;121.452058,31.23301;121.452064,31.232997;121.452423,31.232543;121.4","FID_1":9472,"id_1":"B00155NENX","type1":"科教文化服务","type2":"学校","type3":"成人教育","__source_file__":"13-常用公服设施点/SHP/上海市_科教文化服务-面.shp"},"geometry":{"type":"Polygon","coordinates":[[[121.44818690491485,31.235233296302795],[121.44859793845941,31.23453742759895],[121.44859793845941,31.234521434751507],[121.4485979408436,31.234501444288256],[121.44858992296221,31.234490433559415],[121.44857388600732,31.234476408525467],[121.44854682282639,31.23446036203384],[121.44792837979791,31.234295217028624],[121.44791635118769,31.23429519437886],[121.44789730648424,31.234295155635838],[121.44788126833723,31.23430212225724],[121.44787425105191,31.234310104971883],[121.44786222244169,31.23432407516956],[121.44782612886237,31.23442195894051],[121.44746625148201,31.234875050565726],[121.44746023538876,31.23488803208828],[121.4474602359848,31.23489502791596],[121.44746023360062,31.234904025531772],[121.44747927651596,31.234919054141997],[121.44793532198142,31.235138844499595],[121.44791527250958,31.23517079025936],[121.44811272967723,31.235252140138627],[121.44813478093721,31.235259181861885],[121.44815482862094,31.235262220008856],[121.4481708655758,31.23525525457955],[121.44818690491485,31.235233296302795]]]}},{"id":"2445","type":"Feature","properties":{"id":"B001524269","name":"良清托儿所","type":"科教文化服务;学校;幼儿园","addr":"上海市静安区陕西北路725-1号","结构":null,"面积":0.0,"时间":null,"装修":null,"价格":0.0,"gcj_lng":121.450233,"gcj_lat":31.234023,"wgs_lng":121.445641921,"wgs_lat":31.2359069577,"bd_lng":121.45667137,"bd_lat":31.2403411623,"gcj_shape":"121.450055,31.234083;121.450239,31.233877;121.450428,31.233996;121.450205,31.234144;121.450171,31.234156;121.450055,31.234083","FID_1":14276,"id_1":"B001524269","type1":"科教文化服务","type2":"学校","type3":"幼儿园","__source_file__":"13-常用公服设施点/SHP/上海市_科教文化服务-面.shp"},"geometry":{"type":"Polygon","coordinates":[[[121.44556882404899,31.236029902082436],[121.44560290034292,31.23601797122383],[121.44582641413496,31.235870458789826],[121.44563700047874,31.23575115719032],[121.44545256894114,31.235956718500134],[121.44556882404899,31.236029902082436]]]}},{"id":"2537","type":"Feature","properties":{"id":"B0FFG0X5V7","name":"上海市育才初级中学","type":"科教文化服务;学校;中学","addr":"上海市静安区山海关路445号","结构":null,"面积":0.0,"时间":null,"装修":null,"价格":0.0,"gcj_lng":121.46139,"gcj_lat":31.234687,"wgs_lng":121.45682865,"wgs_lat":31.2365955745,"bd_lng":121.467867962,"bd_lat":31.2408505949,"gcj_shape":"121.461429,31.234935;121.46168,31.235094;121.461769,31.235148;121.461831,31.235084;121.462125,31.234725;121.46211,31.234668;121.46082,31.234271;121.46068,31.234621;121.460689,31.234663;121.460736,31.234701;121.461429,31.234935","FID_1":14823,"id_1":"B0FFG0X5V7","type1":"科教文化服务","type2":"学校","type3":"中学","__source_file__":"13-常用公服设施点/SHP/上海市_科教文化服务-面.shp"},"geometry":{"type":"Polygon","coordinates":[[[121.45710644023896,31.23699147333527],[121.45719567984963,31.237045650957107],[121.45725785508728,31.23698182142639],[121.45755269134044,31.23662366006375],[121.45753765498159,31.23656665231514],[121.45624417883872,31.23616689619636],[121.4561037705469,31.23651642114735],[121.45611279021645,31.236558421743396],[121.4561599141941,31.23659650995826],[121.45685477087879,31.236831973252293],[121.45710644023896,31.23699147333527]]]}},{"id":"1310","type":"Feature","properties":{"id":"B0FFJQTFJ5","name":"上海市第一师范学校附属小学(分部)","type":"科教文化服务;学校;小学","addr":"上海市静安区延平路460号","结构":null,"面积":0.0,"时间":null,"装修":null,"价格":0.0,"gcj_lng":121.437499,"gcj_lat":31.233977,"wgs_lng":121.43288046,"wgs_lat":31.2358380161,"bd_lng":121.443925051,"bd_lat":31.2403430675,"gcj_shape":"121.437298,31.2342;121.437915,31.234508;121.438173,31.23412;121.437572,31.233817;121.437298,31.2342","FID_1":7569,"id_1":"B0FFJQTFJ5","type1":"科教文化服务","type2":"学校","type3":"小学","__source_file__":"13-常用公服设施点/SHP/上海市_科教文化服务-面.shp"},"geometry":{"type":"Polygon","coordinates":[[[121.43328887728691,31.236361765249256],[121.43354733743479,31.235974299306875],[121.43294537422372,31.235670612661366],[121.43267089500236,31.236053066682814],[121.43328887728691,31.236361765249256]]]}},{"id":"1263","type":"Feature","properties":{"id":"B00155GJZL","name":"申静幼稚园","type":"科教文化服务;学校;幼儿园","addr":"上海市静安区昌平路645弄1-5号","结构":null,"面积":0.0,"时间":null,"装修":null,"价格":0.0,"gcj_lng":121.444531,"gcj_lat":31.234522,"wgs_lng":121.439926656,"wgs_lat":31.2363946701,"bd_lng":121.45095875,"bd_lat":31.2408809711,"gcj_shape":"121.444301,31.234636;121.444445,31.234374;121.444599,31.234427;121.444679,31.234291;121.444771,31.234329;121.444557,31.234727;121.444301,31.234636","FID_1":7346,"id_1":"B00155GJZL","type1":"科教文化服务","type2":"学校","type3":"幼儿园","__source_file__":"13-常用公服设施点/SHP/上海市_科教文化服务-面.shp"},"geometry":{"type":"Polygon","coordinates":[[[121.439942915041,31.236590731145853],[121.44015737399675,31.236193268779754],[121.4400651951828,31.23615513288116],[121.43998502471351,31.236290938570022],[121.4398307249022,31.236237707900045],[121.43968641913037,31.236499352060314],[121.439942915041,31.236590731145853]]]}},{"id":"4549","type":"Feature","properties":{"id":"B00155HN63","name":"上海市总工会静安区工人文化宫","type":"科教文化服务;文化宫;文化宫","addr":"上海市静安区常德路940上海市总工会静安区工人文化宫综合楼7层","结构":null,"面积":0.0,"时间":null,"装修":null,"价格":0.0,"gcj_lng":121.442452,"gcj_lat":31.234861,"wgs_lng":121.437843172,"wgs_lat":31.2367297904,"bd_lng":121.448877812,"bd_lat":31.2412271501,"gcj_shape":"121.442284,31.234524;121.442235,31.23453;121.442195,31.234539;121.44216,31.234564;121.441865,31.235055;121.44206,31.23514;121.442156,31.234978;121.442726,31.235218;121.443001,31.234812;121.443007,31.234783;121.442995,31.234755;121.442965,31.234737;121.44","FID_1":25592,"id_1":"B00155HN63","type1":"科教文化服务","type2":"文化宫","type3":"文化宫","__source_file__":"13-常用公服设施点/SHP/上海市_科教文化服务-面.shp"},"geometry":{"type":"Polygon","coordinates":[[[121.43761646913052,31.236390093474384],[121.43757639462473,31.236399028505332],[121.43754132548332,31.236423961748123],[121.43724573599341,31.236914280467033],[121.43744109064104,31.236999543323513],[121.43753728256797,31.23683776624489],[121.43810833041763,31.237078549449926],[121.43838388712501,31.236673170530324],[121.43838990262225,31.236644193180084],[121.43837788235666,31.236616187219624],[121.43834782513619,31.236598146688465],[121.43771665509702,31.236392249638563],[121.43766556151775,31.236384173940657],[121.43761646913052,31.236390093474384]]]}},{"id":"4388","type":"Feature","properties":{"id":"B00155L3PP","name":"上海市第一中学","type":"科教文化服务;学校;中学","addr":"上海市静安区余姚路139号","结构":null,"面积":0.0,"时间":null,"装修":null,"价格":0.0,"gcj_lng":121.442091,"gcj_lat":31.236119,"wgs_lng":121.437481309,"wgs_lat":31.2379865855,"bd_lng":121.448516236,"bd_lat":31.2424858733,"gcj_shape":"121.441378,31.236401;121.441586,31.23597;121.441784,31.236048;121.441921,31.235828;121.44209,31.23549;121.442472,31.235611;121.442471,31.23564;121.442453,31.235674;121.442586,31.235713;121.442567,31.235879;121.442562,31.236012;121.442567,31.236117;121.44","FID_1":24755,"id_1":"B00155L3PP","type1":"科教文化服务","type2":"学校","type3":"中学","__source_file__":"13-常用公服设施点/SHP/上海市_科教文化服务-面.shp"},"geometry":{"type":"Polygon","coordinates":[[[121.43725762512877,31.238442603358266],[121.43738085341454,31.238445791112895],[121.4376754071417,31.238370282851214],[121.43802206458093,31.23826687353325],[121.43794895252421,31.237976890222548],[121.43794395371629,31.237871929561617],[121.43794897398186,31.237738997510917],[121.43796802404978,31.237573104799274],[121.4378347778826,31.23753391346836],[121.43785281424141,31.237499956979754],[121.43785381900977,31.237470971284864],[121.43747111567495,31.237349430074687],[121.43730177235221,31.23768701522637],[121.43716450055504,31.23790670289803],[121.43696614411928,31.237828434677127],[121.43675772569466,31.23825892088508],[121.43725762512877,31.238442603358266]]]}},{"id":"2369","type":"Feature","properties":{"id":"B00154679C","name":"静安区余姚路幼儿园","type":"科教文化服务;学校;幼儿园","addr":"上海市静安区余姚路170号(近常德路)","结构":null,"面积":0.0,"时间":null,"装修":null,"价格":0.0,"gcj_lng":121.440572,"gcj_lat":31.236524,"wgs_lng":121.435959173,"wgs_lat":31.2383888088,"bd_lng":121.446996582,"bd_lat":31.2428928525,"gcj_shape":"121.440469,31.236479;121.440374,31.236674;121.440573,31.236769;121.440775,31.236372;121.440562,31.236284;121.440469,31.236479","FID_1":13822,"id_1":"B00154679C","type1":"科教文化服务","type2":"学校","type3":"幼儿园","__source_file__":"13-常用公服设施点/SHP/上海市_科教文化服务-面.shp"},"geometry":{"type":"Polygon","coordinates":[[[121.43575189583208,31.238530291294097],[121.43595124273111,31.238625542825694],[121.43615363850594,31.238229024431227],[121.43594026418879,31.23814074786568],[121.43584708179856,31.23833552017593],[121.43575189583208,31.238530291294097]]]}},{"id":"223","type":"Feature","properties":{"id":"B00155L3MO","name":"上海市静安区教育学院附属学校","type":"科教文化服务;学校;小学","addr":"上海市静安区海防路374号","结构":null,"面积":0.0,"时间":null,"装修":null,"价格":0.0,"gcj_lng":121.445705,"gcj_lat":31.238789,"wgs_lng":121.441102889,"wgs_lat":31.2406619,"bd_lng":121.452132788,"bd_lat":31.2451416667,"gcj_shape":"121.445054,31.239135;121.44555,31.239377;121.445584,31.239388;121.445618,31.239388;121.445838,31.239125;121.445983,31.238961;121.446026,31.238914;121.446318,31.238517;121.446334,31.238467;121.446313,31.238444;121.446281,31.238429;121.445772,31.238166;121","FID_1":1229,"id_1":"B00155L3MO","type1":"科教文化服务","type2":"学校","type3":"小学","__source_file__":"13-常用公服设施点/SHP/上海市_科教文化服务-面.shp"},"geometry":{"type":"Polygon","coordinates":[[[121.44093749933245,31.24124028172684],[121.44097156787778,31.24125133358288],[121.44100563761523,31.241251391399384],[121.44122610849192,31.24098888373375],[121.44137141843606,31.24082520559883],[121.44141451022722,31.240778302158354],[121.44170714561272,31.240381982843395],[121.44172318316366,31.240332033507343],[121.44170214084437,31.24030900668525],[121.44167007647135,31.24029395900154],[121.44116005723194,31.24003020679092],[121.4409676435757,31.240294759756082],[121.44045254685022,31.240978584352497],[121.44044052181627,31.24099755693436],[121.44093749933245,31.24124028172684]]]}},{"id":"3770","type":"Feature","properties":{"id":"B00155LZRR","name":"上海市静安实验小学(昌化路)","type":"科教文化服务;学校;小学","addr":"上海市静安区昌化路511号(昌化路海防路)","结构":null,"面积":0.0,"时间":null,"装修":null,"价格":0.0,"gcj_lng":121.44935,"gcj_lat":31.2396,"wgs_lng":121.444756296,"wgs_lat":31.2414796222,"bd_lng":121.455784263,"bd_lat":31.2459259168,"gcj_shape":"121.449273,31.2397;121.44931,31.239698;121.44945,31.239496;121.449084,31.239343;121.448931,31.23955;121.44924,31.239697;121.449273,31.2397","FID_1":21489,"id_1":"B00155LZRR","type1":"科教文化服务","type2":"学校","type3":"小学","__source_file__":"13-常用公服设施点/SHP/上海市_科教文化服务-面.shp"},"geometry":{"type":"Polygon","coordinates":[[[121.44470542794227,31.241567784593585],[121.44484575338362,31.241366133876802],[121.44447896183397,31.241212528293616],[121.44432560897442,31.241419156360628],[121.4446352729702,31.24156665584755],[121.4446683444958,31.241569715452194],[121.44470542794227,31.241567784593585]]]}},{"id":"4222","type":"Feature","properties":{"id":"B00155L3R8","name":"上海市静安实验小学(安远路)","type":"科教文化服务;学校;小学","addr":"上海市静安区陕西北路1168号(近安远路)","结构":null,"面积":0.0,"时间":null,"装修":null,"价格":0.0,"gcj_lng":121.444919,"gcj_lat":31.240488,"wgs_lng":121.440314991,"wgs_lat":31.2423586659,"bd_lng":121.451344891,"bd_lat":31.246844567,"gcj_shape":"121.44469,31.240284;121.444512,31.240473;121.444508,31.240513;121.44453,31.240543;121.444894,31.240741;121.44494,31.240679;121.445155,31.240804;121.445326,31.240541;121.445108,31.240351;121.444863,31.240137;121.44469,31.240284","FID_1":23777,"id_1":"B00155L3R8","type1":"科教文化服务","type2":"学校","type3":"小学","__source_file__":"13-常用公服设施点/SHP/上海市_科教文化服务-面.shp"},"geometry":{"type":"Polygon","coordinates":[[[121.4398973261471,31.24233405132103],[121.43989331541826,31.242374026287077],[121.4399153571415,31.24240404893684],[121.4402800628605,31.242602563920975],[121.44032615882399,31.242540668229104],[121.44054157844069,31.24266597221279],[121.44071294500927,31.24240337692833],[121.44049452360443,31.242213097382553],[121.44024905272771,31.241998785054214],[121.4400756956959,31.242145430406573],[121.4398973261471,31.24233405132103]]]}},{"id":"4059","type":"Feature","properties":{"id":"B00156O65W","name":"回民幼儿园分园","type":"科教文化服务;学校;幼儿园","addr":"上海市普陀区澳门路660弄150号","结构":null,"面积":0.0,"时间":null,"装修":null,"价格":0.0,"gcj_lng":121.436475,"gcj_lat":31.245722,"wgs_lng":121.431853564,"wgs_lat":31.2475761252,"bd_lng":121.442896023,"bd_lat":31.25208351,"gcj_shape":"121.436482,31.24591;121.436703,31.24573;121.436472,31.245539;121.436245,31.245702;121.436482,31.24591","FID_1":22962,"id_1":"B00156O65W","type1":"科教文化服务","type2":"学校","type3":"幼儿园","__source_file__":"13-常用公服设施点/SHP/上海市_科教文化服务-面.shp"},"geometry":{"type":"Polygon","coordinates":[[[121.43207393758584,31.24757706568718],[121.43184258949469,31.24738584634209],[121.43161521875379,31.247548477985383],[121.43185257280541,31.247756693754198],[121.43207393758584,31.24757706568718]]]}},{"id":"3117","type":"Feature","properties":{"id":"B00156O4W1","name":"小红帆幼儿园","type":"科教文化服务;学校;幼儿园","addr":"上海市普陀区澳门路165号","结构":null,"面积":0.0,"时间":null,"装修":null,"价格":0.0,"gcj_lng":121.445022,"gcj_lat":31.246684,"wgs_lng":121.440417682,"wgs_lat":31.2485520689,"bd_lng":121.451443918,"bd_lat":31.2530390116,"gcj_shape":"121.445038,31.246844;121.445281,31.246745;121.445244,31.24659;121.444746,31.246584;121.444762,31.246744;121.444971,31.246739;121.445038,31.246844","FID_1":17987,"id_1":"B00156O4W1","type1":"科教文化服务","type2":"学校","type3":"幼儿园","__source_file__":"13-常用公服设施点/SHP/上海市_科教文化服务-面.shp"},"geometry":{"type":"Polygon","coordinates":[[[121.4406673155842,31.248604523057935],[121.44063025478746,31.2484495290184],[121.4401312581978,31.248442699321743],[121.44014727607922,31.248602655214306],[121.44035669331168,31.248598005689622],[121.44042381967355,31.24870307006264],[121.4406673155842,31.248604523057935]]]}},{"id":"2450","type":"Feature","properties":{"id":"B00156NUCB","name":"上海市普陀区回民小学","type":"科教文化服务;学校;小学","addr":"上海市普陀区叶家宅路77号","结构":null,"面积":0.0,"时间":null,"装修":null,"价格":0.0,"gcj_lng":121.430774,"gcj_lat":31.237086,"wgs_lng":121.426143834,"wgs_lat":31.2389361158,"bd_lng":121.437209063,"bd_lat":31.2434132506,"gcj_shape":"121.430536,31.237543;121.430395,31.236904;121.43041,31.236874;121.430467,31.236862;121.431107,31.236824;121.431221,31.236816;121.431279,31.23706;121.43073,31.237222;121.430804,31.237449;121.430536,31.237543","FID_1":14310,"id_1":"B00156NUCB","type1":"科教文化服务","type2":"学校","type3":"小学","__source_file__":"13-常用公服设施点/SHP/上海市_科教文化服务-面.shp"},"geometry":{"type":"Polygon","coordinates":[[[121.42616719494248,31.239292740940098],[121.4260931198406,31.239065765974047],[121.4266428422489,31.238904428777694],[121.42658478800868,31.238660477057458],[121.42647063959313,31.23866835009956],[121.42582981704902,31.238705651533124],[121.42577274313925,31.23871758716011],[121.4257577216816,31.2387475561657],[121.42589884565925,31.239386415498736],[121.42616719494248,31.239292740940098]]]}},{"id":"482","type":"Feature","properties":{"id":"B00155QDIH","name":"上海国际时尚教育中心","type":"科教文化服务;培训机构;培训机构","addr":"上海市普陀区长寿路652号","结构":null,"面积":0.0,"时间":null,"装修":null,"价格":0.0,"gcj_lng":121.432726,"gcj_lat":31.238826,"wgs_lng":121.428098744,"wgs_lat":31.2406778772,"bd_lng":121.439156336,"bd_lat":31.2451686538,"gcj_shape":"121.432395,31.239395;121.432414,31.23941;121.432439,31.23942;121.433237,31.239205;121.433257,31.239169;121.43319,31.238996;121.433201,31.23897;121.433329,31.238933;121.433341,31.238918;121.433345,31.238906;121.433102,31.238274;121.433093,31.238259;121.43","FID_1":2668,"id_1":"B00155QDIH","type1":"科教文化服务","type2":"培训机构","type3":"培训机构","__source_file__":"13-常用公服设施点/SHP/上海市_科教文化服务-面.shp"},"geometry":{"type":"Polygon","coordinates":[[[121.42777915355109,31.24125462666511],[121.42780418692968,31.241264650506977],[121.42860331405352,31.241050669150347],[121.42862334564401,31.24101470908547],[121.42855626517773,31.24084170848942],[121.42856728365516,31.240815732927324],[121.42869546604535,31.240778901012426],[121.4287074857149,31.240763921874056],[121.42871149107933,31.240751930814746],[121.42846820497704,31.240119933198933],[121.4284591942482,31.240104929622653],[121.42844217040636,31.240101910549164],[121.42745379234697,31.24034567077255],[121.42744778281022,31.24035266123581],[121.42743977208139,31.240363645738604],[121.4274397708893,31.24036964454651],[121.42776012970924,31.241239612359998],[121.42777915355109,31.24125462666511]]]}},{"id":"3494","type":"Feature","properties":{"id":"B0015110A2","name":"绿洲幼儿园(胶州路)","type":"科教文化服务;学校;幼儿园","addr":"上海市普陀区胶州路1107号(近古井假日酒店)","结构":null,"面积":0.0,"时间":null,"装修":null,"价格":0.0,"gcj_lng":121.433718,"gcj_lat":31.239616,"wgs_lng":121.429092305,"wgs_lat":31.2414688787,"bd_lng":121.440146271,"bd_lat":31.2459651355,"gcj_shape":"121.433495,31.239916;121.434127,31.239685;121.433944,31.239364;121.4339,31.239349;121.433342,31.239496;121.433495,31.239916","FID_1":20017,"id_1":"B0015110A2","type1":"科教文化服务","type2":"学校","type3":"幼儿园","__source_file__":"13-常用公服设施点/SHP/上海市_科教文化服务-面.shp"},"geometry":{"type":"Polygon","coordinates":[[[121.4294945454855,31.241531513152125],[121.42931130766297,31.241210437454225],[121.42926724686623,31.241195390962602],[121.42870843624303,31.241341661401755],[121.42886161744116,31.241761651865005],[121.4294945454855,31.241531513152125]]]}},{"id":"1493","type":"Feature","properties":{"id":"B0FFF925UU","name":"乐怡幼儿园","type":"科教文化服务;学校;幼儿园","addr":"上海市普陀区宜昌路715弄1号","结构":null,"面积":0.0,"时间":null,"装修":null,"价格":0.0,"gcj_lng":121.431788,"gcj_lat":31.242395,"wgs_lng":121.427158938,"wgs_lat":31.2442440142,"bd_lng":121.438218235,"bd_lat":31.2487301053,"gcj_shape":"121.431459,31.242312;121.431881,31.242116;121.432051,31.242383;121.431619,31.242587;121.431459,31.242312","FID_1":8735,"id_1":"B0FFF925UU","type1":"科教文化服务","type2":"学校","type3":"幼儿园","__source_file__":"13-常用公服设施点/SHP/上海市_科教文化服务-面.shp"},"geometry":{"type":"Polygon","coordinates":[[[121.42698280827425,31.244429306256293],[121.42741540253257,31.24422587667275],[121.4272451974926,31.243958807531357],[121.42682262051963,31.24415425440025],[121.42698280827425,31.244429306256293]]]}},{"id":"850","type":"Feature","properties":{"id":"B00155QFI4","name":"回民幼儿园(常德路)","type":"科教文化服务;学校;幼儿园","addr":"上海市普陀区常德路1328弄1-4号","结构":null,"面积":0.0,"时间":null,"装修":null,"价格":0.0,"gcj_lng":121.434289,"gcj_lat":31.242741,"wgs_lng":121.429663994,"wgs_lat":31.2445932677,"bd_lng":121.440714647,"bd_lat":31.2490930512,"gcj_shape":"121.434345,31.242491;121.434561,31.242861;121.434234,31.242988;121.434015,31.242625;121.434345,31.242491","FID_1":4863,"id_1":"B00155QFI4","type1":"科教文化服务","type2":"学校","type3":"幼儿园","__source_file__":"13-常用公服设施点/SHP/上海市_科教文化服务-面.shp"},"geometry":{"type":"Polygon","coordinates":[[[121.42938212765694,31.244470053434377],[121.42960141495135,31.244833157146456],[121.42992890490152,31.244706613718037],[121.42971261999128,31.24433651477432],[121.42938212765694,31.244470053434377]]]}},{"id":"320","type":"Feature","properties":{"id":"B00151AD53","name":"上海市经济管理学校","type":"科教文化服务;学校;职业技术学校","addr":"上海市普陀区澳门路726号(澳门路西康路)","结构":null,"面积":0.0,"时间":null,"装修":null,"价格":0.0,"gcj_lng":121.434712,"gcj_lat":31.243153,"wgs_lng":121.430087681,"wgs_lat":31.245005685,"bd_lng":121.441136794,"bd_lat":31.2495072765,"gcj_shape":"121.43412,31.243715;121.434185,31.243802;121.434637,31.243575;121.435577,31.243064;121.435596,31.243038;121.4356,31.243018;121.435596,31.242992;121.43531,31.242583;121.435282,31.242563;121.435254,31.242556;121.435206,31.242555;121.434864,31.242752;121.43","FID_1":1738,"id_1":"B00151AD53","type1":"科教文化服务","type2":"学校","type3":"职业技术学校","__source_file__":"13-常用公服设施点/SHP/上海市_科教文化服务-面.shp"},"geometry":{"type":"Polygon","coordinates":[[[121.42955227190018,31.245646732761386],[121.43000495496938,31.245420387220385],[121.43094641468717,31.244910795678145],[121.43096544627764,31.24488483084488],[121.43096945462227,31.24486484634209],[121.43096545044996,31.244838851706504],[121.43067905050276,31.244429673488618],[121.43065100937558,31.244409646666533],[121.4306229676523,31.244402614480023],[121.43057489612674,31.244401553683282],[121.43023236504936,31.244598038103106],[121.42998799192429,31.24471568166733],[121.42996195258522,31.244713651865005],[121.42993791861055,31.24470762504292],[121.42959039706994,31.244843139265058],[121.42956035653879,31.244799122575763],[121.4292829410944,31.24496571309185],[121.42926791725255,31.244986684481617],[121.42925689996719,31.24501066123581],[121.42925188685419,31.245064631433486],[121.42925689162254,31.245108617128373],[121.42927190950394,31.245145618320464],[121.42954026355554,31.245529769716264],[121.4294871836853,31.245559692230227],[121.42955227190018,31.245646732761386]]]}},{"id":"83","type":"Feature","properties":{"id":"B00155L3VU","name":"上海第二工业大学普陀分校","type":"科教文化服务;学校;高等院校","addr":"上海市普陀区宜昌路575号","结构":null,"面积":0.0,"时间":null,"装修":null,"价格":0.0,"gcj_lng":121.433976,"gcj_lat":31.243975,"wgs_lng":121.429350358,"wgs_lat":31.245826271,"bd_lng":121.440401303,"bd_lat":31.2503250377,"gcj_shape":"121.434181,31.243808;121.434113,31.24371;121.434152,31.24369;121.434158,31.243678;121.434035,31.243519;121.434016,31.243509;121.433997,31.243512;121.433525,31.2438;121.433513,31.243815;121.433515,31.243832;121.433843,31.244239;121.43386,31.244245;121.433","FID_1":525,"id_1":"B00155L3VU","type1":"科教文化服务","type2":"学校","type3":"高等院校","__source_file__":"13-常用公服设施点/SHP/上海市_科教文化服务-面.shp"},"geometry":{"type":"Polygon","coordinates":[[[121.42948017534067,31.245554686269763],[121.42951923375321,31.245534742298126],[121.42952524209787,31.24552275541115],[121.42940207758903,31.245363676733014],[121.42938305195905,31.245353659447673],[121.4293640227528,31.24535663381767],[121.42889132120611,31.245643941807742],[121.42887930272866,31.24565892094612],[121.4288813033247,31.245675915581707],[121.42920973843862,31.24608312419796],[121.42922676168439,31.246089141483303],[121.42924378671836,31.24608316413307],[121.42971749482155,31.24584384601021],[121.42972951449109,31.245822869256017],[121.42958431839179,31.245640774484635],[121.42954826474764,31.245652725608828],[121.42948017534067,31.245554686269763]]]}},{"id":"3832","type":"Feature","properties":{"id":"B0FFF597TQ","name":"同济大学第二附属中学高中部","type":"科教文化服务;学校;中学","addr":"上海市普陀区宜昌路550号","结构":null,"面积":0.0,"时间":null,"装修":null,"价格":0.0,"gcj_lng":121.432079,"gcj_lat":31.244136,"wgs_lng":121.427450245,"wgs_lat":31.2459846135,"bd_lng":121.438507515,"bd_lat":31.2504730909,"gcj_shape":"121.432357,31.244834;121.432465,31.244848;121.432506,31.244752;121.432865,31.243537;121.432805,31.243484;121.432705,31.243412;121.432579,31.243379;121.432268,31.243358;121.432178,31.243415;121.431692,31.243769;121.431235,31.24424;121.431167,31.244633;121","FID_1":21760,"id_1":"B0FFF597TQ","type1":"科教文化服务","type2":"学校","type3":"中学","__source_file__":"13-常用公服设施点/SHP/上海市_科教文化服务-面.shp"},"geometry":{"type":"Polygon","coordinates":[[[121.42782975062369,31.24669024009514],[121.42787081499671,31.246594330694194],[121.42823041581153,31.2453802867527],[121.4281703371334,31.245327241453168],[121.42807020540714,31.245255157410618],[121.42794403374576,31.245222028664593],[121.4276326117449,31.245200684149737],[121.42754248359489,31.24525755719185],[121.42705580171776,31.24561085624122],[121.42659816037178,31.246081145753863],[121.4265300363941,31.246473895414354],[121.42772160280418,31.246676123270035],[121.42782975062369,31.24669024009514]]]}},{"id":"3518","type":"Feature","properties":{"id":"B0FFGCHRH6","name":"静安区少年儿童图书馆(康定东路)","type":"科教文化服务;图书馆;图书馆","addr":"上海市静安区康定东路28号","结构":null,"面积":0.0,"时间":null,"装修":null,"价格":0.0,"gcj_lng":121.456318,"gcj_lat":31.237688,"wgs_lng":121.451742245,"wgs_lat":31.2395833684,"bd_lng":121.462774283,"bd_lat":31.2439318517,"gcj_shape":"121.456194,31.237844;121.45614,31.237787;121.456128,31.237763;121.456128,31.237737;121.456128,31.237714;121.456201,31.237531;121.456209,31.237526;121.456229,31.23752;121.45635,31.237528;121.456374,31.237523;121.456429,31.237518;121.456477,31.237523;121.4","FID_1":20113,"id_1":"B0FFGCHRH6","type1":"科教文化服务","type2":"图书馆","type3":"图书馆","__source_file__":"13-常用公服设施点/SHP/上海市_科教文化服务-面.shp"},"geometry":{"type":"Polygon","coordinates":[[[121.45164491697122,31.239762261369705],[121.4516539384289,31.239769278059],[121.45167298611258,31.23977131620598],[121.45169203379632,31.239771356737137],[121.4518033169184,31.2397356064806],[121.45182537235073,31.239725657144554],[121.45184843314746,31.2397047155571],[121.45193667633441,31.23944901596451],[121.45193667633441,31.239439020732885],[121.45193567633441,31.239427025501257],[121.45192464891628,31.239420005235672],[121.4518895607014,31.23940793609429],[121.4518414403,31.239402837150575],[121.45178630261326,31.239407719729428],[121.45176224122048,31.239412666681297],[121.45164093723679,31.239404415149693],[121.45162088776495,31.2394103716383],[121.45161286571121,31.239415353160865],[121.45153966722778,31.239598116530424],[121.45153966543964,31.23962110520554],[121.45153966424755,31.2396470944767],[121.45155169166566,31.23967110758973],[121.45160582279587,31.239728195804595],[121.45164491697122,31.239762261369705]]]}},{"id":"4467","type":"Feature","properties":{"id":"B00156R2JM","name":"静安区教育学院附属学校小学部","type":"科教文化服务;学校;小学","addr":"上海市静安区江宁路688号","结构":null,"面积":0.0,"时间":null,"装修":null,"价格":0.0,"gcj_lng":121.449846,"gcj_lat":31.238086,"wgs_lng":121.445253626,"wgs_lat":31.2399673127,"bd_lng":121.456282125,"bd_lat":31.2444075367,"gcj_shape":"121.449513,31.238112;121.449253,31.237997;121.449476,31.23777;121.450455,31.238184;121.450224,31.238394;121.449513,31.238112","FID_1":25188,"id_1":"B00156R2JM","type1":"科教文化服务","type2":"学校","type3":"小学","__source_file__":"13-常用公服设施点/SHP/上海市_科教文化服务-面.shp"},"geometry":{"type":"Polygon","coordinates":[[[121.4456215737095,31.240266073411938],[121.44585311253547,31.240056602701188],[121.4448719619999,31.239640962381365],[121.44464844939995,31.239867449781414],[121.44490901266384,31.239982875954624],[121.4456215737095,31.240266073411938]]]}},{"id":"2045","type":"Feature","properties":{"id":"B00156O23M","name":"张家宅托儿所","type":"科教文化服务;学校;幼儿园|科教文化服务;培训机构;培训机构","addr":"上海市静安区昌化路687弄32号","结构":null,"面积":0.0,"时间":null,"装修":null,"价格":0.0,"gcj_lng":121.451096,"gcj_lat":31.238759,"wgs_lng":121.446506636,"wgs_lat":31.2406425729,"bd_lng":121.457535028,"bd_lat":31.2450680383,"gcj_shape":"121.45112,31.238954;121.451315,31.238651;121.451132,31.238564;121.451039,31.238693;121.45098,31.238667;121.450862,31.238828;121.45112,31.238954","FID_1":11858,"id_1":"B00156O23M","type1":"科教文化服务","type2":"学校","type3":"幼儿园|科教文化服务","__source_file__":"13-常用公服设施点/SHP/上海市_科教文化服务-面.shp"},"geometry":{"type":"Polygon","coordinates":[[[121.44671502822877,31.2405250272522],[121.44653161695672,31.240437716115956],[121.44643839284322,31.24056648008156],[121.44637926111697,31.24054037934971],[121.44626097799494,31.240701081922538],[121.44651955615998,31.240827517036433],[121.44671502822877,31.2405250272522]]]}},{"id":"426","type":"Feature","properties":{"id":"B0FFG0X4CL","name":"天目西路幼儿园(长安路)","type":"科教文化服务;学校;幼儿园","addr":"上海市静安区长安路306号(梅园路)","结构":null,"面积":0.0,"时间":null,"装修":null,"价格":0.0,"gcj_lng":121.460973,"gcj_lat":31.241391,"wgs_lng":121.456409873,"wgs_lat":31.2432955208,"bd_lng":121.467446357,"bd_lat":31.2475610071,"gcj_shape":"121.460679,31.241503;121.460999,31.241112;121.461243,31.241229;121.460993,31.241678;121.460679,31.241503","FID_1":2343,"id_1":"B0FFG0X4CL","type1":"科教文化服务","type2":"学校","type3":"幼儿园","__source_file__":"13-常用公服设施点/SHP/上海市_科教文化服务-面.shp"},"geometry":{"type":"Polygon","coordinates":[[[121.45641700240898,31.24357092788506],[121.4566677200489,31.24312269797707],[121.45642306916616,31.243005197298054],[121.45610217032814,31.24339529846001],[121.45641700240898,31.24357092788506]]]}},{"id":"3826","type":"Feature","properties":{"id":"B00155M001","name":"金鹭幼儿园","type":"科教文化服务;学校;幼儿园","addr":"上海市静安区共和路128号","结构":null,"面积":0.0,"时间":null,"装修":null,"价格":0.0,"gcj_lng":121.460094,"gcj_lat":31.244013,"wgs_lng":121.45552814,"wgs_lat":31.2459142421,"bd_lng":121.466561919,"bd_lat":31.2501973353,"gcj_shape":"121.460399,31.244155;121.460428,31.244142;121.460447,31.244061;121.460438,31.244032;121.460401,31.244004;121.459943,31.243773;121.459926,31.243885;121.459811,31.243898;121.459821,31.244143;121.460399,31.244155","FID_1":21750,"id_1":"B00155M001","type1":"科教文化服务","type2":"学校","type3":"幼儿园","__source_file__":"13-常用公服设施点/SHP/上海市_科教文化服务-面.shp"},"geometry":{"type":"Polygon","coordinates":[[[121.45585026850985,31.246032550255777],[121.45586932632636,31.245951629529955],[121.45586030486868,31.2459226223774],[121.45582320830917,31.245894552043918],[121.45536400369927,31.245662631152157],[121.45534694826699,31.245774544725414],[121.45523164189913,31.24578728127289],[121.4552416478596,31.246032194250105],[121.45582118923568,31.24604548051834],[121.45585026850985,31.246032550255777]]]}},{"id":"384","type":"Feature","properties":{"id":"B00155KLLB","name":"上海市蕃瓜弄小学","type":"科教文化服务;学校;小学","addr":"上海市静安区天目中路749弄55号","结构":null,"面积":0.0,"时间":null,"装修":null,"价格":0.0,"gcj_lng":121.460689,"gcj_lat":31.247708,"wgs_lng":121.456124515,"wgs_lat":31.2496090045,"bd_lng":121.46715671,"bd_lat":31.2538816809,"gcj_shape":"121.460479,31.247755;121.460463,31.248004;121.460888,31.247964;121.460989,31.247949;121.461046,31.24776;121.46103,31.247616;121.460998,31.247565;121.460975,31.247513;121.460921,31.247489;121.460344,31.24743;121.46032,31.247743;121.460479,31.247755","FID_1":2140,"id_1":"B00155KLLB","type1":"科教文化服务","type2":"学校","type3":"小学","__source_file__":"13-常用公服设施点/SHP/上海市_科教文化服务-面.shp"},"geometry":{"type":"Polygon","coordinates":[[[121.45588502711107,31.24989290695572],[121.45631117450046,31.24985388149166],[121.45641244927785,31.249839116930005],[121.45646961855505,31.249650329122538],[121.45645358756065,31.24950635773277],[121.45642150649832,31.249455307664867],[121.45639844927786,31.249403279054647],[121.45634430384254,31.24937916699791],[121.45576575710201,31.249318895630836],[121.45574166590688,31.24963170310783],[121.45590109208011,31.249644054179193],[121.45588502711107,31.24989290695572]]]}},{"id":"3174","type":"Feature","properties":{"id":"B00155KC6C","name":"静安区中兴路小学","type":"科教文化服务;学校;小学","addr":"上海市静安区中兴路1347号","结构":null,"面积":0.0,"时间":null,"装修":null,"价格":0.0,"gcj_lng":121.461101,"gcj_lat":31.252791,"wgs_lng":121.456537256,"wgs_lat":31.2546907373,"bd_lng":121.467566016,"bd_lat":31.2589565441,"gcj_shape":"121.46093,31.25313;121.461409,31.253051;121.461387,31.252499;121.460836,31.252511;121.460764,31.252514;121.460785,31.252692;121.460795,31.252804;121.460839,31.252908;121.460886,31.253084;121.460903,31.253116;121.46093,31.25313","FID_1":18289,"id_1":"B00155KC6C","type1":"科教文化服务","type2":"学校","type3":"小学","__source_file__":"13-常用公服设施点/SHP/上海市_科教文化服务-面.shp"},"geometry":{"type":"Polygon","coordinates":[[[121.45683314546014,31.254939817548745],[121.45681113413524,31.25438801007175],[121.45625864044284,31.254398755990024],[121.45618644553565,31.25440159207725],[121.4562074860668,31.254579561082835],[121.45621750335216,31.25469153426075],[121.4562616130247,31.25479558790493],[121.45630872508143,31.25497161770725],[121.45632576859282,31.255003640953056],[121.45635283952235,31.25501769638538],[121.45683314546014,31.254939817548745]]]}},{"id":"2469","type":"Feature","properties":{"id":"B00155IUG6","name":"上海市静安区实验中学","type":"科教文化服务;学校;中学","addr":"上海市静安区中华新路977号","结构":null,"面积":0.0,"时间":null,"装修":null,"价格":0.0,"gcj_lng":121.454292,"gcj_lat":31.254983,"wgs_lng":121.449709373,"wgs_lat":31.2568661358,"bd_lng":121.460728316,"bd_lat":31.2612513096,"gcj_shape":"121.454468,31.25446;121.454244,31.254497;121.454287,31.254694;121.453832,31.254795;121.453986,31.255239;121.454672,31.255425;121.454634,31.255079;121.45454,31.254884;121.454468,31.25446","FID_1":14398,"id_1":"B00155IUG6","type1":"科教文化服务","type2":"学校","type3":"中学","__source_file__":"13-常用公服设施点/SHP/上海市_科教文化服务-面.shp"},"geometry":{"type":"Polygon","coordinates":[[[121.44964956550027,31.256369752904888],[121.44969265371512,31.256566752904888],[121.44923654387665,31.256666790885923],[121.44939087647057,31.25711090651894],[121.45007852632713,31.257298217821116],[121.45004046433831,31.256952291730876],[121.44994625214576,31.25675718444252],[121.44987411386302,31.256333224973673],[121.44964956550027,31.256369752904888]]]}},{"id":"2213","type":"Feature","properties":{"id":"B00156DWMD","name":"中华新路幼儿园沪太园","type":"科教文化服务;学校;幼儿园","addr":"上海市静安区芷江西路776号","结构":null,"面积":0.0,"时间":null,"装修":null,"价格":0.0,"gcj_lng":121.453472,"gcj_lat":31.255443,"wgs_lng":121.448887204,"wgs_lat":31.2573241529,"bd_lng":121.459905188,"bd_lat":31.2617215865,"gcj_shape":"121.453173,31.255711;121.453495,31.255813;121.453767,31.255174;121.453454,31.255069;121.453173,31.255711","FID_1":12984,"id_1":"B00156DWMD","type1":"科教文化服务","type2":"学校","type3":"幼儿园","__source_file__":"13-常用公服设施点/SHP/上海市_科教文化服务-面.shp"},"geometry":{"type":"Polygon","coordinates":[[[121.44889864623073,31.257683669126507],[121.44917135552598,31.2570454928627],[121.4488576128521,31.256939912313456],[121.44857588686753,31.25758107188797],[121.44889864623073,31.257683669126507]]]}},{"id":"3116","type":"Feature","properties":{"id":"B00155L2HA","name":"上海市民办扬波中学","type":"科教文化服务;学校;中学","addr":"上海市静安区大统路991号","结构":null,"面积":0.0,"时间":null,"装修":null,"价格":0.0,"gcj_lng":121.460641,"gcj_lat":31.256243,"wgs_lng":121.45607564,"wgs_lat":31.2581401183,"bd_lng":121.467100653,"bd_lat":31.2624154733,"gcj_shape":"121.460136,31.256425;121.460451,31.256766;121.461137,31.256798;121.461191,31.256606;121.461277,31.256404;121.461341,31.256331;121.461389,31.256198;121.461357,31.255914;121.461185,31.255893;121.461144,31.25583;121.459749,31.255837;121.459735,31.256059;121","FID_1":17981,"id_1":"B00155L2HA","type1":"科教文化服务","type2":"学校","type3":"中学","__source_file__":"13-常用公服设施点/SHP/上海市_科教文化服务-面.shp"},"geometry":{"type":"Polygon","coordinates":[[[121.45587223436928,31.258651029077534],[121.45656008211324,31.258684562108996],[121.4566142442379,31.25849276714898],[121.45670049696159,31.258291050867086],[121.45676467696762,31.258218228488925],[121.45681281882668,31.25808539418984],[121.45678075683784,31.25780144664192],[121.45660829132557,31.257780064576146],[121.45656718582535,31.25771699960709],[121.45516844146155,31.257720865594862],[121.45515438543319,31.257942738040924],[121.45527669418527,31.258115934736253],[121.45553137069798,31.25811949919224],[121.45555642136193,31.258309471178052],[121.45587223436928,31.258651029077534]]]}},{"id":"3009","type":"Feature","properties":{"id":"B001570MIF","name":"岚皋路幼儿园","type":"科教文化服务;学校;幼儿园","addr":"上海市普陀区岚皋路166弄22号","结构":null,"面积":0.0,"时间":null,"装修":null,"价格":0.0,"gcj_lng":121.426447,"gcj_lat":31.247258,"wgs_lng":121.421809861,"wgs_lat":31.2490984558,"bd_lng":121.432887872,"bd_lat":31.2535374267,"gcj_shape":"121.426339,31.246948;121.426812,31.24715;121.426532,31.247569;121.426096,31.247372;121.426339,31.246948","FID_1":17348,"id_1":"B001570MIF","type1":"科教文化服务","type2":"学校","type3":"幼儿园","__source_file__":"13-常用公服设施点/SHP/上海市_科教文化服务-面.shp"},"geometry":{"type":"Polygon","coordinates":[[[121.42151133318926,31.24910499299421],[121.42150723581754,31.249231333114032],[121.4218893215008,31.249404051774974],[121.42216965528681,31.248985485696792],[121.42169617308524,31.24878316085148],[121.42151133318926,31.24910499299421]]]}},{"id":"1884","type":"Feature","properties":{"id":"B0015329F1","name":"中山北路第一小学","type":"科教文化服务;学校;小学","addr":"上海市普陀区中山北路2139弄118号","结构":null,"面积":0.0,"时间":null,"装修":null,"价格":0.0,"gcj_lng":121.428149,"gcj_lat":31.249177,"wgs_lng":121.423513972,"wgs_lat":31.2510184978,"bd_lng":121.434583127,"bd_lat":31.2554760497,"gcj_shape":"121.428286,31.249779;121.427374,31.24913;121.428018,31.248573;121.42868,31.249093;121.428761,31.249029;121.428951,31.24916;121.428286,31.249779","FID_1":10959,"id_1":"B0015329F1","type1":"科教文化服务","type2":"学校","type3":"小学","__source_file__":"13-常用公服设施点/SHP/上海市_科教文化服务-面.shp"},"geometry":{"type":"Polygon","coordinates":[[[121.42431089046099,31.250996593151093],[121.42412067707636,31.25086546559715],[121.42403957694054,31.250929358308788],[121.42337685930062,31.25040895538139],[121.42273209218884,31.25096511316776],[121.42364506136038,31.25161467583561],[121.42431089046099,31.250996593151093]]]}},{"id":"2174","type":"Feature","properties":{"id":"B0FFHG8YJS","name":"上海市江宁学校(石泉校区)","type":"科教文化服务;学校;中学","addr":"上海市普陀区石泉路与镇坪路交叉口东100米","结构":null,"面积":0.0,"时间":null,"装修":null,"价格":0.0,"gcj_lng":121.428255,"gcj_lat":31.25169,"wgs_lng":121.4236199,"wgs_lat":31.253530506,"bd_lng":121.434686585,"bd_lat":31.2579896462,"gcj_shape":"121.42922,31.251295;121.428634,31.251977;121.428105,31.251677;121.428624,31.251023;121.42922,31.251295","FID_1":12772,"id_1":"B0FFHG8YJS","type1":"科教文化服务","type2":"学校","type3":"中学","__source_file__":"13-常用公服设施点/SHP/上海市_科教文化服务-面.shp"},"geometry":{"type":"Polygon","coordinates":[[[121.42398334329033,31.252858452318193],[121.42346368883136,31.253511666728972],[121.42399327176477,31.253812042238238],[121.42458002457143,31.25313091783046],[121.42398334329033,31.252858452318193]]]}},{"id":"4018","type":"Feature","properties":{"id":"B00156NZFU","name":"秋月枫幼儿园","type":"科教文化服务;学校;幼儿园","addr":"上海市普陀区光新路177弄8号","结构":null,"面积":0.0,"时间":null,"装修":null,"价格":0.0,"gcj_lng":121.431025,"gcj_lat":31.252063,"wgs_lng":121.426393913,"wgs_lat":31.2539067117,"bd_lng":121.437449226,"bd_lat":31.2583898161,"gcj_shape":"121.431078,31.252299;121.430765,31.252132;121.431019,31.251793;121.431267,31.25205;121.431078,31.252299","FID_1":22756,"id_1":"B00156NZFU","type1":"科教文化服务","type2":"学校","type3":"幼儿园","__source_file__":"13-常用公服设施点/SHP/上海市_科教文化服务-面.shp"},"geometry":{"type":"Polygon","coordinates":[[[121.42662952140998,31.253887714910512],[121.42638122100257,31.25363055993843],[121.42612686397077,31.25396913972569],[121.42644025199698,31.254136400197986],[121.42662952140998,31.253887714910512]]]}},{"id":"1205","type":"Feature","properties":{"id":"B0FFG0XPW0","name":"石泉社区(老年)学校","type":"科教文化服务;学校;成人教育","addr":"上海市普陀区宁强路33号A楼","结构":null,"面积":0.0,"时间":null,"装修":null,"价格":0.0,"gcj_lng":121.427658,"gcj_lat":31.253352,"wgs_lng":121.423021936,"wgs_lat":31.2551910899,"bd_lng":121.434089752,"bd_lat":31.2596445302,"gcj_shape":"121.428281,31.253392;121.427511,31.252985;121.427231,31.253357;121.427685,31.253614;121.428042,31.253754;121.428281,31.253392","FID_1":7004,"id_1":"B0FFG0XPW0","type1":"科教文化服务","type2":"学校","type3":"成人教育","__source_file__":"13-常用公服设施点/SHP/上海市_科教文化服务-面.shp"},"geometry":{"type":"Polygon","coordinates":[[[121.42286890801049,31.254818537816995],[121.42258856707195,31.255190120584487],[121.42304304629326,31.255447423376076],[121.42340043491558,31.25558769517326],[121.42363974009135,31.255226081411365],[121.42286890801049,31.254818537816995]]]}},{"id":"4","type":"Feature","properties":{"id":"B0FFHYIGXI","name":"上海理工大学附属普陀实验学校","type":"科教文化服务;学校;中学","addr":"上海市普陀区光新路182弄81号","结构":null,"面积":0.0,"时间":null,"装修":null,"价格":0.0,"gcj_lng":121.433569,"gcj_lat":31.253547,"wgs_lng":121.428941845,"wgs_lat":31.2553934445,"bd_lng":121.439986925,"bd_lat":31.2598924944,"gcj_shape":"121.432453,31.253634;121.433847,31.254212;121.434106,31.253994;121.434195,31.253883;121.434691,31.253411;121.434687,31.25339;121.43428,31.253235;121.434181,31.253207;121.433456,31.252905;121.433256,31.253251;121.432832,31.253085;121.432707,31.253281;121.","FID_1":20,"id_1":"B0FFHYIGXI","type1":"科教文化服务","type2":"学校","type3":"中学","__source_file__":"13-常用公服设施点/SHP/上海市_科教文化服务-面.shp"},"geometry":{"type":"Polygon","coordinates":[[[121.42921287357521,31.256051715242386],[121.4294722675619,31.255834122342115],[121.4295614076328,31.255723277910235],[121.43005817772485,31.25525209330177],[121.43005417414857,31.25523109687805],[121.42964658883093,31.25507566653252],[121.42954744637585,31.255047557456017],[121.42882143011667,31.254744822530746],[121.42862111659622,31.255090435100556],[121.42819653723907,31.254924013099668],[121.4280713465042,31.255119784217833],[121.4280393041849,31.255114749051096],[121.42781696741864,31.2554723383751],[121.42921287357521,31.256051715242386]]]}},{"id":"1801","type":"Feature","properties":{"id":"B00155KCKK","name":"上海春晖职业技术学校","type":"科教文化服务;学校;职业技术学校","addr":"上海市普陀区延长西路529弄25号","结构":null,"面积":0.0,"时间":null,"装修":null,"价格":0.0,"gcj_lng":121.433384,"gcj_lat":31.258607,"wgs_lng":121.428756098,"wgs_lat":31.2604509731,"bd_lng":121.439797206,"bd_lat":31.2649500227,"gcj_shape":"121.432849,31.258703;121.43308,31.258906;121.433373,31.259125;121.434035,31.258466;121.433793,31.258248;121.433563,31.258272;121.433432,31.258277;121.433302,31.258298;121.432797,31.258376;121.43286,31.258578;121.432849,31.258703","FID_1":10516,"id_1":"B00155KCKK","type1":"科教文化服务","type2":"学校","type3":"职业技术学校","__source_file__":"13-常用公服设施点/SHP/上海市_科教文化服务-面.shp"},"geometry":{"type":"Polygon","coordinates":[[[121.42844437511442,31.260742762428286],[121.4287377696972,31.2609620115757],[121.42940077582361,31.26030408684349],[121.42915844561384,31.26008589014816],[121.42892811421203,31.260109606430056],[121.42879692705344,31.260114447881698],[121.42866674108697,31.260135285757066],[121.42816102761935,31.260212664080612],[121.4282240973568,31.260414649179452],[121.42821307113076,31.26053958242226],[121.42844437511442,31.260742762428286]]]}},{"id":"1963","type":"Feature","properties":{"id":"B00154DP6O","name":"上海市澄源中学","type":"科教文化服务;学校;中学","addr":"上海市普陀区延长西路661号","结构":null,"面积":0.0,"时间":null,"装修":null,"价格":0.0,"gcj_lng":121.429211,"gcj_lat":31.259271,"wgs_lng":121.424576591,"wgs_lat":31.2611093076,"bd_lng":121.435632531,"bd_lat":31.2655788808,"gcj_shape":"121.428877,31.259729;121.428862,31.259547;121.428957,31.259537;121.428955,31.259504;121.429002,31.259503;121.428947,31.258858;121.429297,31.258824;121.429326,31.258785;121.429356,31.258695;121.42944,31.258696;121.429472,31.25943;121.429479,31.25969;121.4","FID_1":11421,"id_1":"B00154DP6O","type1":"科教文化服务","type2":"学校","type3":"中学","__source_file__":"13-常用公服设施点/SHP/上海市_科教文化服务-面.shp"},"geometry":{"type":"Polygon","coordinates":[[[121.42483860435868,31.261522511425014],[121.42483161866383,31.26126261632919],[121.42479964250569,31.26052890243148],[121.4247155417738,31.260527818388937],[121.42468549766639,31.260617750439643],[121.42465646011544,31.26065670335197],[121.4243060399027,31.26069034274387],[121.42431799536878,31.260830478907483],[121.42467734722128,31.261532781519147],[121.42483860435868,31.261522511425014]]]}},{"id":"2266","type":"Feature","properties":{"id":"B00155KXE3","name":"m art center","type":"科教文化服务;展览馆;展览馆","addr":"上海市普陀区莫干山路50号","结构":null,"面积":0.0,"时间":null,"装修":null,"价格":0.0,"gcj_lng":121.448829,"gcj_lat":31.248067,"wgs_lng":121.444233315,"wgs_lat":31.2499417714,"bd_lng":121.455256425,"bd_lat":31.2543960181,"gcj_shape":"121.448565,31.247503;121.449288,31.247953;121.449461,31.248087;121.449503,31.248159;121.449358,31.248348;121.449075,31.248622;121.448125,31.248023;121.448565,31.247503","FID_1":13327,"id_1":"B00155KXE3","type1":"科教文化服务","type2":"展览馆","type3":"展览馆","__source_file__":"13-常用公服设施点/SHP/上海市_科教文化服务-面.shp"},"geometry":{"type":"Polygon","coordinates":[[[121.44351712465286,31.24988690161514],[121.44446913571358,31.250487359544756],[121.44475278063581,31.250213999698637],[121.44489811799812,31.25002535136604],[121.44485603157138,31.24995330666256],[121.44468266142653,31.249819047382356],[121.44395812005044,31.24936792562294],[121.44351712465286,31.24988690161514]]]}},{"id":"2745","type":"Feature","properties":{"id":"B00154DWTD","name":"中远实验学校","type":"科教文化服务;学校;中学","addr":"上海市普陀区远景路801号(中远两湾城附近)","结构":null,"面积":0.0,"时间":null,"装修":null,"价格":0.0,"gcj_lng":121.436404,"gcj_lat":31.251293,"wgs_lng":121.431781952,"wgs_lat":31.2531445381,"bd_lng":121.44282043,"bd_lat":31.257653065,"gcj_shape":"121.435417,31.251528;121.435587,31.251705;121.435857,31.251966;121.436019,31.252131;121.436123,31.252234;121.436171,31.25223;121.436439,31.251994;121.436924,31.251573;121.43743,31.25113;121.437368,31.251071;121.437116,31.250854;121.436927,31.250709;121.4","FID_1":16021,"id_1":"B00154DWTD","type1":"科教文化服务","type2":"学校","type3":"中学","__source_file__":"13-常用公服设施点/SHP/上海市_科教文化服务-面.shp"},"geometry":{"type":"Polygon","coordinates":[[[121.43095567797376,31.253547967867846],[121.43122607076836,31.25380919853783],[121.4313883062067,31.25397433622455],[121.43149245939063,31.254077425035476],[121.43154053330042,31.254073489408498],[121.43180897437475,31.25383794240379],[121.43229478142169,31.253417770908356],[121.43280163555623,31.252975645308496],[121.4327395389967,31.25291658689595],[121.43248715216257,31.252699344305043],[121.4322978600998,31.252554154762265],[121.43189825570869,31.252221772100448],[121.4316939481487,31.252067574213022],[121.43140647846414,31.25233008307076],[121.43183812338637,31.252661499111177],[121.43158670973017,31.25288907114983],[121.43149056071854,31.25286895551681],[121.43118806838416,31.253147441724778],[121.43106689076234,31.253051328475948],[121.43071733524707,31.253303772960656],[121.43078543359472,31.253370829585073],[121.43095567797376,31.253547967867846]]]}},{"id":"2670","type":"Feature","properties":{"id":"B0FFGDSTS2","name":"上海市普陀区博士娃幼儿园(中远二部)","type":"科教文化服务;学校;幼儿园","addr":"上海市普陀区中潭路100弄76号","结构":null,"面积":0.0,"时间":null,"装修":null,"价格":0.0,"gcj_lng":121.44479,"gcj_lat":31.253539,"wgs_lng":121.440184574,"wgs_lat":31.2554035992,"bd_lng":121.451205601,"bd_lat":31.2598935897,"gcj_shape":"121.444746,31.253716;121.444574,31.253558;121.44468,31.253423;121.444972,31.253373;121.445314,31.253362;121.445329,31.253581;121.445259,31.253593;121.44512,31.253711;121.444746,31.253716","FID_1":15593,"id_1":"B0FFGDSTS2","type1":"科教文化服务","type2":"学校","type3":"幼儿园","__source_file__":"13-常用公服设施点/SHP/上海市_科教文化服务-面.shp"},"geometry":{"type":"Polygon","coordinates":[[[121.44050538575175,31.255567175661085],[121.44064467423823,31.255449459379193],[121.44071481728935,31.25543758335686],[121.44069980656053,31.255218653690335],[121.44035711872294,31.255229075525286],[121.44006453221323,31.255278567693715],[121.43995831048395,31.255413334043503],[121.44013063771344,31.25557154921627],[121.44050538575175,31.255567175661085]]]}},{"id":"1793","type":"Feature","properties":{"id":"B00154266F","name":"新黄浦实验学校","type":"科教文化服务;学校;小学","addr":"上海市普陀区交通西路95号(交通西路中华新路)","结构":null,"面积":0.0,"时间":null,"装修":null,"价格":0.0,"gcj_lng":121.447172,"gcj_lat":31.254641,"wgs_lng":121.442571855,"wgs_lat":31.2565096099,"bd_lng":121.453590133,"bd_lat":31.2609813327,"gcj_shape":"121.446535,31.254927;121.447854,31.255016;121.447888,31.254588;121.447492,31.254423;121.447468,31.254452;121.447288,31.254374;121.447154,31.254102;121.4466,31.254326;121.446535,31.254927","FID_1":10474,"id_1":"B00154266F","type1":"科教文化服务","type2":"学校","type3":"小学","__source_file__":"13-常用公服设施点/SHP/上海市_科教文化服务-面.shp"},"geometry":{"type":"Polygon","coordinates":[[[121.44324493613627,31.256876336065297],[121.44327904580882,31.25644858402061],[121.44288221611214,31.256282952211386],[121.442858163064,31.25631189558697],[121.44267779053499,31.256233612464904],[121.44254353065872,31.255961495639802],[121.44198835406303,31.25618443110084],[121.44192316571238,31.256785054399487],[121.44324493613627,31.256876336065297]]]}},{"id":"3099","type":"Feature","properties":{"id":"B0FFFEOPDK","name":"宜川六村幼儿园","type":"科教文化服务;科教文化场所;科教文化场所","addr":"上海市普陀区宜川六村32号","结构":null,"面积":0.0,"时间":null,"装修":null,"价格":0.0,"gcj_lng":121.439367,"gcj_lat":31.257652,"wgs_lng":121.434749956,"wgs_lat":31.2595053849,"bd_lng":121.445775653,"bd_lat":31.2640167292,"gcj_shape":"121.439593,31.257418;121.439616,31.257522;121.439618,31.257688;121.439593,31.257735;121.439515,31.257825;121.439153,31.257764;121.439108,31.257524;121.439593,31.257418","FID_1":17868,"id_1":"B0FFFEOPDK","type1":"科教文化服务","type2":"科教文化场所","type3":"科教文化场所","__source_file__":"13-常用公服设施点/SHP/上海市_科教文化服务-面.shp"},"geometry":{"type":"Polygon","coordinates":[[[121.43448187609482,31.259369180988312],[121.43452693212319,31.25960913926506],[121.43488954962731,31.259670632791526],[121.43496769267847,31.259580785379413],[121.43499274036219,31.259533842599872],[121.43499075049498,31.259367911145212],[121.43496772069265,31.259263923066143],[121.43448187609482,31.259369180988312]]]}},{"id":"1483","type":"Feature","properties":{"id":"B001549B51","name":"上海市宜川中学附属学校","type":"科教文化服务;学校;中学","addr":"上海市普陀区中山北路1179号(近骊山路)","结构":null,"面积":0.0,"时间":null,"装修":null,"价格":0.0,"gcj_lng":121.44625,"gcj_lat":31.258464,"wgs_lng":121.441647412,"wgs_lat":31.2603291721,"bd_lng":121.452662757,"bd_lat":31.2648094037,"gcj_shape":"121.445513,31.258435;121.445639,31.258197;121.4456,31.25818;121.44579,31.257878;121.446457,31.258012;121.446339,31.258438;121.447051,31.258614;121.446887,31.259045;121.446381,31.258956;121.446222,31.258778;121.446052,31.258664;121.445513,31.258435","FID_1":8671,"id_1":"B001549B51","type1":"科教文化服务","type2":"学校","type3":"中学","__source_file__":"13-常用公服设施点/SHP/上海市_科教文化服务-面.shp"},"geometry":{"type":"Polygon","coordinates":[[[121.44143884606552,31.260519595111848],[121.44160918461992,31.26063383829879],[121.44176849814036,31.260812034994125],[121.44227554122165,31.260901875419613],[121.44243992149927,31.26047134868049],[121.44172645641709,31.26029418638992],[121.44184473655892,31.259868576204298],[121.44117637795702,31.25973346875],[121.44098596510887,31.260035036020284],[121.44102504378702,31.260052093240745],[121.44089876602939,31.260289777336123],[121.44143884606552,31.260519595111848]]]}},{"id":"1571","type":"Feature","properties":{"id":"B001533E16","name":"太山新村幼儿园","type":"科教文化服务;学校;幼儿园","addr":"上海市普陀区泰山三村53号(沪太路中山北路)","结构":null,"面积":0.0,"时间":null,"装修":null,"价格":0.0,"gcj_lng":121.447682,"gcj_lat":31.258807,"wgs_lng":121.443082678,"wgs_lat":31.2606747786,"bd_lng":121.454096916,"bd_lat":31.2651425762,"gcj_shape":"121.447433,31.258967;121.447788,31.259025;121.447866,31.258783;121.447899,31.258603;121.447718,31.25856;121.447647,31.258664;121.447563,31.258708;121.447501,31.258705;121.447433,31.258967","FID_1":9122,"id_1":"B001533E16","type1":"科教文化服务","type2":"学校","type3":"幼儿园","__source_file__":"13-常用公服设施点/SHP/上海市_科教文化服务-面.shp"},"geometry":{"type":"Polygon","coordinates":[[[121.44317844499398,31.26088347401619],[121.44325663334467,31.260641717203143],[121.44328971977141,31.260461853697777],[121.44310833770558,31.260418550310135],[121.44303717796515,31.26052237864876],[121.44295299497892,31.260566211159706],[121.44289086325264,31.260563102083204],[121.44282269635966,31.260824868432998],[121.44317844499398,31.26088347401619]]]}},{"id":"1424","type":"Feature","properties":{"id":"B00153E347","name":"上海洛川学校","type":"科教文化服务;学校;小学","addr":"上海市普陀区泾惠路123号(近洛川路)","结构":null,"面积":0.0,"时间":null,"装修":null,"价格":0.0,"gcj_lng":121.43592,"gcj_lat":31.25949,"wgs_lng":121.431296372,"wgs_lat":31.2613372197,"bd_lng":121.44232887,"bd_lat":31.2658461594,"gcj_shape":"121.435201,31.259752;121.43548,31.25989;121.43586,31.260089;121.436025,31.260172;121.436091,31.260199;121.436111,31.260197;121.436129,31.260182;121.436723,31.25925;121.436451,31.259153;121.435702,31.258778;121.435536,31.259006;121.435423,31.259211;121.43","FID_1":8237,"id_1":"B00153E347","type1":"科教文化服务","type2":"学校","type3":"小学","__source_file__":"13-常用公服设施点/SHP/上海市_科教文化服务-面.shp"},"geometry":{"type":"Polygon","coordinates":[[[121.43084780059336,31.26172926165104],[121.4312283668375,31.26192866100216],[121.43139361538888,31.26201183922005],[121.43145971492864,31.26203891253376],[121.43147974651907,31.26203693935586],[121.43149777512932,31.262021967966078],[121.43209279079247,31.261091150522226],[121.43182036879159,31.260993833425523],[121.43107023630333,31.260618025186538],[121.43090396212196,31.260845715242382],[121.43079077257917,31.261050482784274],[121.43055136607552,31.261560959455494],[121.4305683899174,31.26159096899223],[121.43084780059336,31.26172926165104]]]}},{"id":"896","type":"Feature","properties":{"id":"B00153F8FB","name":"上海市普陀区宜川新村幼儿园(华阴部)","type":"科教文化服务;学校;幼儿园","addr":"上海市普陀区宜川五村18号","结构":null,"面积":0.0,"时间":null,"装修":null,"价格":0.0,"gcj_lng":121.444355,"gcj_lat":31.261199,"wgs_lng":121.439747955,"wgs_lat":31.2630594571,"bd_lng":121.450762428,"bd_lat":31.2675535891,"gcj_shape":"121.4444,31.261432;121.444597,31.261071;121.444341,31.260964;121.444248,31.261138;121.444202,31.261119;121.4441,31.261302;121.4444,31.261432","FID_1":5178,"id_1":"B00153F8FB","type1":"科教文化服务","type2":"学校","type3":"幼儿园","__source_file__":"13-常用公服设施点/SHP/上海市_科教文化服务-面.shp"},"geometry":{"type":"Polygon","coordinates":[[[121.4399807019205,31.262923105259894],[121.43972420660592,31.26281572915459],[121.4396310087185,31.262989500272752],[121.4395849187155,31.262970434111594],[121.43948270354272,31.26315318794441],[121.43978328051568,31.263283624250406],[121.4399807019205,31.262923105259894]]]}},{"id":"4471","type":"Feature","properties":{"id":"B00156OCUC","name":"宜川一村幼儿园","type":"科教文化服务;学校;幼儿园","addr":"上海市普陀区宜川一村152号(延长西路宜川路)","结构":null,"面积":0.0,"时间":null,"装修":null,"价格":0.0,"gcj_lng":121.440612,"gcj_lat":31.261341,"wgs_lng":121.435997098,"wgs_lat":31.263194839,"bd_lng":121.447016905,"bd_lat":31.2677047849,"gcj_shape":"121.440305,31.261394;121.440591,31.261036;121.440957,31.261249;121.440606,31.261647;121.440336,31.261494;121.440353,31.261448;121.440305,31.261394","FID_1":25205,"id_1":"B00156OCUC","type1":"科教文化服务","type2":"学校","type3":"幼儿园","__source_file__":"13-常用公服设施点/SHP/上海市_科教文化服务-面.shp"},"geometry":{"type":"Polygon","coordinates":[[[121.43572870238114,31.26329329066086],[121.43571166781047,31.26333924655342],[121.43598213511086,31.263492580339438],[121.43633379910662,31.263095277713774],[121.43596716133689,31.2628818211422],[121.43568062131882,31.263239242977143],[121.43572870238114,31.26329329066086]]]}},{"id":"2095","type":"Feature","properties":{"id":"B001521D89","name":"烽火幼儿园","type":"科教文化服务;学校;幼儿园","addr":"上海市静安区大统路1033弄5号","结构":null,"面积":0.0,"时间":null,"装修":null,"价格":0.0,"gcj_lng":121.459928,"gcj_lat":31.256391,"wgs_lng":121.4553606,"wgs_lat":31.2582863581,"bd_lng":121.466384448,"bd_lat":31.2625753145,"gcj_shape":"121.459756,31.256509;121.459751,31.256277;121.460104,31.256282;121.460125,31.256433;121.460021,31.25651;121.459756,31.256509","FID_1":12195,"id_1":"B001521D89","type1":"科教文化服务","type2":"学校","type3":"幼儿园","__source_file__":"13-常用公服设施点/SHP/上海市_科教文化服务-面.shp"},"geometry":{"type":"Polygon","coordinates":[[[121.4554411066494,31.2583941779232],[121.45554539155961,31.25831744375992],[121.45552434864427,31.2581664628334],[121.45517040808295,31.258160679628375],[121.45517540093041,31.258392589029313],[121.4554411066494,31.2583941779232]]]}},{"id":"3410","type":"Feature","properties":{"id":"B00156EOTE","name":"中国铁路上海局集团有限公司干部学校","type":"科教文化服务;学校;成人教育","addr":"上海市静安区芷江西路629号","结构":null,"面积":0.0,"时间":null,"装修":null,"价格":0.0,"gcj_lng":121.453779,"gcj_lat":31.257154,"wgs_lng":121.44919485,"wgs_lat":31.2590350681,"bd_lng":121.460211468,"bd_lat":31.2634283162,"gcj_shape":"121.453412,31.257178;121.453408,31.257138;121.453465,31.256967;121.453495,31.256941;121.454163,31.257124;121.454055,31.257378;121.453412,31.257178","FID_1":19590,"id_1":"B00156EOTE","type1":"科教文化服务","type2":"学校","type3":"成人教育","__source_file__":"13-常用公服设施点/SHP/上海市_科教文化服务-面.shp"},"geometry":{"type":"Polygon","coordinates":[[[121.44945985858917,31.259249113777155],[121.44956814111521,31.258995441602707],[121.4488985484791,31.258811177984242],[121.44886847456934,31.258837106458664],[121.44881132436561,31.25900791810799],[121.44881533032608,31.25904790976334],[121.44945985858917,31.259249113777155]]]}},{"id":"2313","type":"Feature","properties":{"id":"B0FFGS2BB5","name":"静安区延长路东部幼儿园","type":"科教文化服务;学校;幼儿园","addr":"上海市静安区大统路苏家巷213号","结构":null,"面积":0.0,"时间":null,"装修":null,"价格":0.0,"gcj_lng":121.45866,"gcj_lat":31.258574,"wgs_lng":121.454088853,"wgs_lat":31.2604654283,"bd_lng":121.465108979,"bd_lat":31.2647782337,"gcj_shape":"121.458217,31.258629;121.45841,31.258763;121.458929,31.258883;121.459022,31.258598;121.458889,31.258546;121.458988,31.258296;121.458709,31.258206;121.458659,31.258457;121.458284,31.258388;121.458217,31.258629","FID_1":13585,"id_1":"B0FFGS2BB5","type1":"科教文化服务","type2":"学校","type3":"幼儿园","__source_file__":"13-常用公服设施点/SHP/上海市_科教文化服务-面.shp"},"geometry":{"type":"Polygon","coordinates":[[[121.45382566789151,31.260642650950437],[121.45434601436045,31.260763732774734],[121.45443928138928,31.260479059408183],[121.45430593747047,31.26042679059124],[121.45440521940043,31.260177116628647],[121.45412549699213,31.260086544424055],[121.45407534440423,31.260337327463148],[121.45369937404061,31.260267540681845],[121.45363217853739,31.26050829034233],[121.45382566789151,31.260642650950437]]]}},{"id":"381","type":"Feature","properties":{"id":"B001540167","name":"中山北路小学","type":"科教文化服务;学校;小学","addr":"上海市静安区共和新路1000号","结构":null,"面积":0.0,"时间":null,"装修":null,"价格":0.0,"gcj_lng":121.46131,"gcj_lat":31.259576,"wgs_lng":121.456746271,"wgs_lat":31.2614732695,"bd_lng":121.467769217,"bd_lat":31.265736246,"gcj_shape":"121.460667,31.259734;121.461421,31.259982;121.461574,31.259838;121.462043,31.259576;121.4621,31.259468;121.460905,31.259185;121.460667,31.259734","FID_1":2118,"id_1":"B001540167","type1":"科教文化服务","type2":"学校","type3":"小学","__source_file__":"13-常用公服设施点/SHP/上海市_科教文化服务-面.shp"},"geometry":{"type":"Polygon","coordinates":[[[121.45684457802392,31.261867825395584],[121.45699800598524,31.26172423666764],[121.45746831371116,31.261463422800063],[121.45752547941208,31.261355600421897],[121.45632724764823,31.261070000467306],[121.45608855861855,31.261618225606917],[121.45684457802392,31.261867825395584]]]}},{"id":"971","type":"Feature","properties":{"id":"B00153F56B","name":"谈家桥幼儿园","type":"科教文化服务;学校;幼儿园","addr":"上海市静安区谈家桥路85弄1号","结构":null,"面积":0.0,"时间":null,"装修":null,"价格":0.0,"gcj_lng":121.452864,"gcj_lat":31.260274,"wgs_lng":121.448277224,"wgs_lat":31.26215174,"bd_lng":121.459290422,"bd_lat":31.2665587138,"gcj_shape":"121.452566,31.260395;121.452914,31.260565;121.452962,31.260529;121.453053,31.260374;121.453126,31.260108;121.452842,31.259971;121.45258,31.260337;121.452566,31.260395","FID_1":5567,"id_1":"B00153F56B","type1":"科教文化服务","type2":"学校","type3":"幼儿园","__source_file__":"13-常用公服设施点/SHP/上海市_科教文化服务-面.shp"},"geometry":{"type":"Polygon","coordinates":[[[121.4483158509388,31.262432450475686],[121.4483639677639,31.262396562532423],[121.44845519724178,31.262241808699606],[121.44852839453318,31.26197606797981],[121.44824373232557,31.261838565512654],[121.44798108323096,31.262203890192026],[121.447967045084,31.262261837739942],[121.4483158509388,31.262432450475686]]]}},{"id":"1116","type":"Feature","properties":{"id":"B00155BIO1","name":"同济大学沪北校区","type":"科教文化服务;学校;高等院校","addr":"上海市静安区中山北路727号","结构":null,"面积":0.0,"时间":null,"装修":null,"价格":0.0,"gcj_lng":121.459001,"gcj_lat":31.261848,"wgs_lng":121.454430521,"wgs_lat":31.2637388034,"bd_lng":121.465448053,"bd_lat":31.2680459563,"gcj_shape":"121.45776,31.262579;121.457759,31.262592;121.457764,31.262605;121.457779,31.262616;121.458394,31.262817;121.459049,31.26301;121.459615,31.263172;121.459627,31.263174;121.459636,31.263172;121.459643,31.263167;121.459654,31.263148;121.459863,31.262676;121.","FID_1":6485,"id_1":"B00155BIO1","type1":"科教文化服务","type2":"学校","type3":"高等院校","__source_file__":"13-常用公服设施点/SHP/上海市_科教文化服务-面.shp"},"geometry":{"type":"Polygon","coordinates":[[[121.45317265087034,31.264468590847976],[121.45317766338732,31.264481595020293],[121.45319270153428,31.264492623630524],[121.45380927509692,31.264694868175503],[121.45446597084906,31.264889215836533],[121.45503345023634,31.2650523948164],[121.45504548063471,31.26505442044639],[121.45505450447658,31.265052441904068],[121.45506152474215,31.26504745978546],[121.45507255454447,31.265028491971968],[121.455282151783,31.26455715835189],[121.45542858093643,31.264085687641145],[121.4554295845127,31.264073693601603],[121.4554245713997,31.26406468764114],[121.45541254100132,31.264050665587426],[121.45536241046713,31.26403356247139],[121.45477888458825,31.26381936322594],[121.45476585120966,31.263809339384075],[121.45476284405709,31.26379833699989],[121.45476485120963,31.263781348920823],[121.45494434771635,31.263505863308907],[121.45495236977007,31.263490886554717],[121.45496339957239,31.263486913972848],[121.45497944248771,31.263486949735636],[121.45498946871376,31.26349096880913],[121.45522308025741,31.263578449222564],[121.45525015178299,31.263581506443025],[121.45526218337348,31.263580534457205],[121.4552682006588,31.263568552934643],[121.4554477180271,31.263099153749465],[121.45551792366315,31.26286641064548],[121.45551892902756,31.262844421970364],[121.45551391829872,31.262818423162457],[121.45550288968849,31.262799406473157],[121.4554758205471,31.262771358789443],[121.45516802184486,31.262555767511365],[121.45510886746884,31.262536644129753],[121.45508079296303,31.262533583929063],[121.4550697643528,31.262535557703018],[121.45505873335838,31.262542531476967],[121.45495644427587,31.262761211400026],[121.45489527559474,31.262844040334706],[121.45487321599009,31.262857985498428],[121.4548481492329,31.26286292827796],[121.45482609260849,31.262862878806104],[121.45463559610178,31.262802487203594],[121.45460852636434,31.26279243057919],[121.45460050550273,31.262785415678024],[121.45459549238967,31.26277340971756],[121.45477800260545,31.262435958080292],[121.45478201512243,31.262416974173547],[121.45478201571848,31.26240298073006],[121.45477399604893,31.262380972981454],[121.45461558418083,31.26232164932823],[121.4546055591469,31.262319629062652],[121.45459954364969,31.262322613565445],[121.45459352696037,31.262331596876145],[121.45456644828226,31.26240350627708],[121.45454539344598,31.262418453825],[121.45452834814645,31.26242541329384],[121.45450729211811,31.262426366802217],[121.45407617333889,31.262326467368126],[121.45406013221171,31.262325433393485],[121.45405211075402,31.262329414319993],[121.45404007797147,31.262341382729538],[121.45378436450389,31.262919577470782],[121.45355572077372,31.263524821683887],[121.45343638281538,31.26385342292882],[121.45327092207145,31.2642478966198],[121.45317365504266,31.264455598596577],[121.45317265087034,31.264468590847976]]]}},{"id":"281","type":"Feature","properties":{"id":"B0FFFLIH4V","name":"上海市育群中学","type":"科教文化服务;学校;中学","addr":"上海市静安区中山北路899弄56号","结构":null,"面积":0.0,"时间":null,"装修":null,"价格":0.0,"gcj_lng":121.456618,"gcj_lat":31.262164,"wgs_lng":121.452040938,"wgs_lat":31.2640491834,"bd_lng":121.463055342,"bd_lat":31.2683983592,"gcj_shape":"121.455949,31.2624;121.456781,31.262639;121.456812,31.262551;121.457048,31.262612;121.457298,31.261955;121.456252,31.261641;121.455949,31.2624","FID_1":1526,"id_1":"B0FFFLIH4V","type1":"科教文化服务","type2":"学校","type3":"中学","__source_file__":"13-常用公服设施点/SHP/上海市_科教文化服务-面.shp"},"geometry":{"type":"Polygon","coordinates":[[[121.45219214926342,31.264513481439586],[121.45222323554086,31.264426],[121.45245982875633,31.26448706079674],[121.4527105237465,31.263830874996188],[121.45166190114216,31.263514795986175],[121.45135807740596,31.264272833967205],[121.45219214926342,31.264513481439586]]]}},{"id":"2617","type":"Feature","properties":{"id":"B00150C745","name":"上海市商业学校","type":"科教文化服务;学校;学校","addr":"上海市静安区共和新路1458-1460","结构":null,"面积":0.0,"时间":null,"装修":null,"价格":0.0,"gcj_lng":121.457994,"gcj_lat":31.265726,"wgs_lng":121.453420389,"wgs_lat":31.2676127954,"bd_lng":121.464433123,"bd_lat":31.2719387937,"gcj_shape":"121.457257,31.265928;121.457856,31.266177;121.45792,31.266069;121.45841,31.266282;121.458693,31.265603;121.45817,31.26542;121.458237,31.265268;121.457803,31.265094;121.457257,31.265928","FID_1":15328,"id_1":"B00150C745","type1":"科教文化服务","type2":"学校","type3":"学校","__source_file__":"13-常用公服设施点/SHP/上海市_科教文化服务-面.shp"},"geometry":{"type":"Polygon","coordinates":[[[121.45326959066966,31.268052265836715],[121.45333376471521,31.26794444941902],[121.45382501641274,31.268158419782644],[121.4541088127308,31.267480325773242],[121.45358446805002,31.267296267194745],[121.45365165401651,31.2671444770031],[121.4532165477543,31.26696961392784],[121.4526690755196,31.26780208685684],[121.45326959066966,31.268052265836715]]]}},{"id":"4216","type":"Feature","properties":{"id":"B00155IKHP","name":"上海商学院高等技术学院共和新路院区","type":"科教文化服务;学校;高等院校","addr":"上海市静安区共和新路1458","结构":null,"面积":0.0,"时间":null,"装修":null,"价格":0.0,"gcj_lng":121.457532,"gcj_lat":31.266527,"wgs_lng":121.452957049,"wgs_lat":31.2684123901,"bd_lng":121.463968532,"bd_lat":31.2727466603,"gcj_shape":"121.457173,31.266925;121.457164,31.266905;121.457181,31.26687;121.457176,31.266852;121.45667,31.266655;121.456653,31.266643;121.456653,31.266631;121.456734,31.26651;121.457046,31.265981;121.457084,31.265954;121.457137,31.265943;121.457221,31.265932;121.4","FID_1":23758,"id_1":"B00155IKHP","type1":"科教文化服务","type2":"学校","type3":"高等院校","__source_file__":"13-常用公服设施点/SHP/上海市_科教文化服务-面.shp"},"geometry":{"type":"Polygon","coordinates":[[[121.45326950054363,31.269081999999997],[121.4532855418953,31.269081],[121.45329757415396,31.269066000000002],[121.45380395919227,31.268186362562183],[121.45380395919227,31.268174367330552],[121.45378992521763,31.268151347661018],[121.45333075339032,31.267977428557394],[121.45327861331941,31.26805828133393],[121.45326257040406,31.268059247955325],[121.45266105346586,31.26780606718731],[121.45263298134424,31.267806006986618],[121.4525487667675,31.26781682340431],[121.4524956308689,31.267827706579205],[121.4524575319252,31.267854614788057],[121.4521446938839,31.26838272667885],[121.45206347811506,31.26850350375748],[121.45206347811506,31.268515498989103],[121.45208051983835,31.268527528791424],[121.4525877882252,31.268725520612712],[121.45259279776192,31.2687435229969],[121.4525757524624,31.268778472929],[121.45258477392005,31.26879848246574],[121.45326950054363,31.269081999999997]]]}},{"id":"2223","type":"Feature","properties":{"id":"B00156O51M","name":"上海市闸北成功教育实验中学","type":"科教文化服务;学校;中学","addr":"上海市静安区共和新路街道和田路410号","结构":null,"面积":0.0,"时间":null,"装修":null,"价格":0.0,"gcj_lng":121.461432,"gcj_lat":31.26737,"wgs_lng":121.456867949,"wgs_lat":31.2692642071,"bd_lng":121.467884026,"bd_lat":31.2735261648,"gcj_shape":"121.461048,31.267962;121.461569,31.268236;121.461805,31.267848;121.461929,31.26792;121.462101,31.26766;121.461847,31.267513;121.461882,31.267448;121.461517,31.267257;121.461965,31.266618;121.461862,31.266566;121.461527,31.266386;121.460789,31.26734;121.4","FID_1":13041,"id_1":"B00156O51M","type1":"科教文化服务","type2":"学校","type3":"中学","__source_file__":"13-常用公服设施点/SHP/上海市_科教文化服务-面.shp"},"geometry":{"type":"Polygon","coordinates":[[[121.45699226509954,31.270118627606394],[121.45722894280433,31.269731331537244],[121.45735327659034,31.26980358426094],[121.4575257701168,31.269544089708326],[121.45727108704759,31.26939657114792],[121.45730618837547,31.26933167724419],[121.45694020847512,31.269139926225662],[121.4573894887829,31.26850222083855],[121.45728620983314,31.26845000626183],[121.456950309803,31.268269318424224],[121.45621022602464,31.269221239414215],[121.45649397823524,31.269376812810897],[121.45650300028895,31.26940082294368],[121.4562643273525,31.269734142854688],[121.45629240185833,31.26975919590282],[121.45646987333109,31.269843560087203],[121.45699226509954,31.270118627606394]]]}},{"id":"4152","type":"Feature","properties":{"id":"B00154DDX0","name":"上海市宜川中学","type":"科教文化服务;学校;中学","addr":"上海市普陀区华阴路101号(近骊山路)","结构":null,"面积":0.0,"时间":null,"装修":null,"价格":0.0,"gcj_lng":121.444828,"gcj_lat":31.261793,"wgs_lng":121.440221941,"wgs_lat":31.2636540677,"bd_lng":121.451235379,"bd_lat":31.2681452875,"gcj_shape":"121.443503,31.262449;121.444201,31.262769;121.444218,31.262772;121.44423,31.262773;121.444242,31.262773;121.444256,31.262771;121.444366,31.262587;121.444366,31.262576;121.444363,31.262568;121.444354,31.262559;121.444246,31.262507;121.444237,31.262498;121","FID_1":23421,"id_1":"B00154DDX0","type1":"科教文化服务","type2":"学校","type3":"中学","__source_file__":"13-常用公服设施点/SHP/上海市_科教文化服务-面.shp"},"geometry":{"type":"Polygon","coordinates":[[[121.4395837738762,31.264619721836084],[121.43960080606274,31.264622749254222],[121.43961282990458,31.264623768327716],[121.43962485374644,31.2646237874012],[121.43963888176062,31.264621811839106],[121.4397491136227,31.264438071119308],[121.43974911421874,31.264427075291636],[121.43974610885431,31.264419073503497],[121.43973709216502,31.26441006396675],[121.43962888474084,31.26435790899467],[121.43961986805155,31.264348897073745],[121.4396148585148,31.264332897073743],[121.43961285613062,31.264318899457926],[121.43961285732271,31.264303905418394],[121.43977319170476,31.264083263642313],[121.43978221137431,31.26407028331184],[121.43979423640826,31.26406030834579],[121.43981728051568,31.26405534768486],[121.43984333177568,31.26405638940811],[121.4401869993477,31.264205894855497],[121.44020603630258,31.264213922273633],[121.44021906133653,31.264227937770844],[121.4402230684891,31.264247935386656],[121.44021805537608,31.264265919889446],[121.44022406610492,31.264278923465728],[121.44063788030434,31.264448542161944],[121.44065791845131,31.26445157554054],[121.44067595659828,31.26444660653496],[121.4406970001097,31.264433647662166],[121.44120108968256,31.26362684809972],[121.44120109027861,31.26361585227204],[121.44119608133794,31.26360184929181],[121.44118405928421,31.263588835582738],[121.44083035475734,31.263439300333026],[121.44081933329969,31.26342828602791],[121.44081332137873,31.263416281259538],[121.44081031720641,31.263399284239775],[121.44110996987723,31.26288101320457],[121.44110696510887,31.262866015588763],[121.44110095378402,31.262856009032255],[121.44108893053817,31.262847992938998],[121.4407682927685,31.262722505373],[121.44075526773454,31.262709487491612],[121.440751260582,31.26269148987579],[121.44075025938989,31.262672495836263],[121.440803376215,31.262569629350665],[121.440803376215,31.26256063411904],[121.44079836787037,31.262550630542755],[121.44056290176201,31.26245627410698],[121.4405458683834,31.262456245496757],[121.44052983500481,31.26246121688653],[121.44050678732111,31.262475171586992],[121.44045166811182,31.262583033304217],[121.44043663711741,31.262593004693983],[121.44042461327555,31.262595983236316],[121.44039956320762,31.262597940320973],[121.44027331525231,31.26255074958611],[121.44025628127768,31.262550721571927],[121.44023824611094,31.262553689981466],[121.44022421750071,31.262560663755416],[121.44021118889049,31.262576635145194],[121.43995063277914,31.263043002739913],[121.4399476238384,31.263060991415024],[121.43995062860682,31.263076989030843],[121.43996665960123,31.26309300810432],[121.43999170728492,31.26310404386711],[121.44027826756863,31.26322246825218],[121.44029028902628,31.263232484941483],[121.44029529856303,31.263246487325667],[121.44029730094721,31.26325848494148],[121.43996058032702,31.263872662993435],[121.43994654992866,31.263891631402963],[121.4399285141659,31.26389859802437],[121.43990847363474,31.263900564645766],[121.43918207769394,31.263611502490996],[121.43916404431536,31.26360947388077],[121.4391440049763,31.263614439310068],[121.43912797159769,31.263624408315657],[121.43903878205492,31.263826178241732],[121.43904078324701,31.263850169897076],[121.43904679516794,31.263867172281266],[121.43905380708887,31.26388717466545],[121.43905781245327,31.26389917645359],[121.43906081662561,31.26391917228127],[121.43906081602957,31.263935165724753],[121.43889246257402,31.264252758625023],[121.43888645005704,31.264274738955493],[121.43888444469263,31.26428573120689],[121.43888444350054,31.264298725246427],[121.4395837738762,31.264619721836084]]]}},{"id":"4479","type":"Feature","properties":{"id":"B00155MTY1","name":"普陀早教中心阳光分中心","type":"科教文化服务;学校;幼儿园","addr":"上海市普陀区延长西路240号","结构":null,"面积":0.0,"时间":null,"装修":null,"价格":0.0,"gcj_lng":121.438493,"gcj_lat":31.262361,"wgs_lng":121.433873863,"wgs_lat":31.2642109344,"bd_lng":121.444897116,"bd_lat":31.2687235669,"gcj_shape":"121.438148,31.262427;121.438438,31.262041;121.438858,31.262284;121.438544,31.262675;121.438132,31.262452;121.438148,31.262427","FID_1":25269,"id_1":"B00155MTY1","type1":"科教文化服务","type2":"学校","type3":"幼儿园","__source_file__":"13-常用公服设施点/SHP/上海市_科教文化服务-面.shp"},"geometry":{"type":"Polygon","coordinates":[[[121.4335038006611,31.26429367742729],[121.43391647061728,31.26451715664863],[121.43423103566931,31.264126767000192],[121.43381034723568,31.26388328122234],[121.43351982927132,31.264268710805894],[121.4335038006611,31.26429367742729]]]}},{"id":"2566","type":"Feature","properties":{"id":"B001544BB9","name":"华阴小学","type":"科教文化服务;学校;小学","addr":"上海市普陀区延长西路189号(近骊山路)","结构":null,"面积":0.0,"时间":null,"装修":null,"价格":0.0,"gcj_lng":121.441411,"gcj_lat":31.263329,"wgs_lng":121.436797544,"wgs_lat":31.2651833337,"bd_lng":121.447814106,"bd_lat":31.2696914655,"gcj_shape":"121.441588,31.263727;121.440909,31.263316;121.441236,31.262941;121.441906,31.263324;121.441588,31.263727","FID_1":14998,"id_1":"B001544BB9","type1":"科教文化服务","type2":"学校","type3":"小学","__source_file__":"13-常用公服设施点/SHP/上海市_科教文化服务-面.shp"},"geometry":{"type":"Polygon","coordinates":[[[121.43728435001947,31.26517083203698],[121.4366131555424,31.264786971345906],[121.43628553148177,31.265161316290857],[121.43696573013116,31.265573169233328],[121.43728435001947,31.26517083203698]]]}},{"id":"1089","type":"Feature","properties":{"id":"B001549CDD","name":"上海市甘泉外国语中学","type":"科教文化服务;学校;中学","addr":"上海市普陀区宜川街道宜川路400号","结构":null,"面积":0.0,"时间":null,"装修":null,"价格":0.0,"gcj_lng":121.435976,"gcj_lat":31.263391,"wgs_lng":121.431352132,"wgs_lat":31.2652366152,"bd_lng":121.442380863,"bd_lat":31.2697463706,"gcj_shape":"121.435076,31.263534;121.436224,31.264054;121.436279,31.263968;121.436306,31.263962;121.436634,31.264124;121.436912,31.263691;121.436248,31.263366;121.436304,31.263245;121.436322,31.263217;121.436516,31.262937;121.435717,31.262563;121.435076,31.263534","FID_1":6329,"id_1":"B001549CDD","type1":"科教文化服务","type2":"学校","type3":"中学","__source_file__":"13-常用公服设施点/SHP/上海市_科教文化服务-面.shp"},"geometry":{"type":"Polygon","coordinates":[[[121.43159258558654,31.265892426589964],[121.43164767976188,31.265806535070418],[121.43167472267723,31.26580057321739],[121.43200322574043,31.265962935613636],[121.4322817061539,31.265530489936832],[121.43161668333818,31.265204753223422],[121.43167278228188,31.265083878393177],[121.43169081327628,31.265055914155965],[121.43188514229391,31.26477628847313],[121.43108493112754,31.264401411092756],[121.43044287016485,31.26537118323707],[121.43159258558654,31.265892426589964]]]}},{"id":"412","type":"Feature","properties":{"id":"B001570LBA","name":"洛川路幼儿园","type":"科教文化服务;学校;幼儿园","addr":"上海市静安区洛川中路1100弄34号","结构":null,"面积":0.0,"时间":null,"装修":null,"价格":0.0,"gcj_lng":121.449836,"gcj_lat":31.26342,"wgs_lng":121.445241406,"wgs_lat":31.2652900696,"bd_lng":121.456250925,"bd_lat":31.2697362004,"gcj_shape":"121.449561,31.263436;121.449731,31.263204;121.450108,31.263402;121.449948,31.263636;121.449561,31.263436","FID_1":2283,"id_1":"B001570LBA","type1":"科教文化服务","type2":"学校","type3":"幼儿园","__source_file__":"13-常用公服设施点/SHP/上海市_科教文化服务-面.shp"},"geometry":{"type":"Polygon","coordinates":[[[121.44534276037027,31.265496426664356],[121.44550313945581,31.265262827207565],[121.4451253157196,31.265064208511355],[121.44495491696453,31.265295794259067],[121.44534276037027,31.265496426664356]]]}},{"id":"3074","type":"Feature","properties":{"id":"B00156OCVK","name":"上海市民办扬波外国语小学","type":"科教文化服务;学校;小学","addr":"上海市静安区延长中路800弄88号","结构":null,"面积":0.0,"时间":null,"装修":null,"价格":0.0,"gcj_lng":121.447074,"gcj_lat":31.264423,"wgs_lng":121.44247278,"wgs_lat":31.2662871704,"bd_lng":121.453482121,"bd_lat":31.2707614888,"gcj_shape":"121.447429,31.264882;121.447579,31.264694;121.447521,31.264647;121.447641,31.26451;121.446739,31.263978;121.446476,31.264299;121.447429,31.264882","FID_1":17720,"id_1":"B00156OCVK","type1":"科教文化服务","type2":"学校","type3":"小学","__source_file__":"13-常用公服设施点/SHP/上海市_科教文化服务-面.shp"},"geometry":{"type":"Polygon","coordinates":[[[121.44296850681687,31.266549661869043],[121.4429103887997,31.266502579614645],[121.4430306558285,31.266365851411813],[121.44212680331614,31.265832492425922],[121.44186322872736,31.266152898763657],[121.44281817362692,31.26673731556606],[121.44296850681687,31.266549661869043]]]}},{"id":"1713","type":"Feature","properties":{"id":"B0FFFZKD5G","name":"宜川新村幼儿园延长部","type":"科教文化服务;学校;幼儿园","addr":"上海市普陀区延长西路35号","结构":null,"面积":0.0,"时间":null,"装修":null,"价格":0.0,"gcj_lng":121.442913,"gcj_lat":31.264531,"wgs_lng":121.438302566,"wgs_lat":31.2663874289,"bd_lng":121.449315743,"bd_lat":31.2708899271,"gcj_shape":"121.442791,31.264499;121.442993,31.264254;121.443443,31.264549;121.443261,31.264803;121.442791,31.264499","FID_1":10018,"id_1":"B0FFFZKD5G","type1":"科教文化服务","type2":"学校","type3":"幼儿园","__source_file__":"13-常用公服设施点/SHP/上海市_科教文化服务-面.shp"},"geometry":{"type":"Polygon","coordinates":[[[121.43864177294829,31.2666513287096],[121.4388241442852,31.266397729848862],[121.43837330982021,31.266102136186596],[121.43817090450861,31.266346711801532],[121.43864177294829,31.2666513287096]]]}},{"id":"2425","type":"Feature","properties":{"id":"B00155L4M7","name":"上海培佳双语学校","type":"科教文化服务;学校;中学","addr":"上海市普陀区宜川路351弄70号","结构":null,"面积":0.0,"时间":null,"装修":null,"价格":0.0,"gcj_lng":121.440123,"gcj_lat":31.265458,"wgs_lng":121.435506764,"wgs_lat":31.2673092504,"bd_lng":121.446523745,"bd_lat":31.2718209069,"gcj_shape":"121.439946,31.266453;121.441166,31.265155;121.441138,31.265094;121.440008,31.264812;121.439721,31.264722;121.439649,31.264754;121.439595,31.264915;121.43948,31.264979;121.439452,31.265056;121.439434,31.265146;121.439283,31.265198;121.43948,31.265561;121.","FID_1":14136,"id_1":"B00155L4M7","type1":"科教文化服务","type2":"学校","type3":"中学","__source_file__":"13-常用公服设施点/SHP/上海市_科教文化服务-面.shp"},"geometry":{"type":"Polygon","coordinates":[[[121.43654283606148,31.266999917535777],[121.43651479076198,31.266938900846483],[121.43538279996682,31.26665533920478],[121.43509530524827,31.266564958927148],[121.43502317769435,31.266596840909962],[121.43496906980992,31.266757694878578],[121.43485386655809,31.266821501163484],[121.4348258105297,31.266898428445813],[121.43480777119066,31.266988362880703],[121.43465650773811,31.267040123270036],[121.43485381410599,31.267403253208165],[121.43499403166294,31.26769732890606],[121.43513324325943,31.26803838672256],[121.43517931120874,31.26818539029884],[121.43519733624268,31.268258384338374],[121.43521937140942,31.268290404007914],[121.43526845664405,31.268309466592783],[121.43532054843521,31.268295548847195],[121.43654283606148,31.266999917535777]]]}},{"id":"72","type":"Feature","properties":{"id":"B00156OCYO","name":"沪太新村第二幼儿园","type":"科教文化服务;科教文化场所;科教文化场所","addr":"上海市普陀区延长西路四十弄43号(近沪太路)","结构":null,"面积":0.0,"时间":null,"装修":null,"价格":0.0,"gcj_lng":121.441514,"gcj_lat":31.266036,"wgs_lng":121.43690052,"wgs_lat":31.2678893475,"bd_lng":121.447914476,"bd_lat":31.2723976304,"gcj_shape":"121.441101,31.265969;121.441244,31.265992;121.441318,31.265783;121.441505,31.265674;121.441752,31.265853;121.441925,31.266069;121.44159,31.266388;121.44109,31.266106;121.441101,31.265969","FID_1":442,"id_1":"B00156OCYO","type1":"科教文化服务","type2":"科教文化场所","type3":"科教文化场所","__source_file__":"13-常用公服设施点/SHP/上海市_科教文化服务-面.shp"},"geometry":{"type":"Polygon","coordinates":[[[121.43646661552431,31.26795039659119],[121.43696750124931,31.268233036745073],[121.43730314736368,31.267914687627794],[121.43712984576416,31.267698512390133],[121.43688240826609,31.26751921079064],[121.43669505779076,31.267627879388805],[121.43662090520286,31.26783667911721],[121.43647764771083,31.26781347169304],[121.43646661552431,31.26795039659119]]]}},{"id":"2612","type":"Feature","properties":{"id":"B00154DRJ8","name":"沪太新村第一小学","type":"科教文化服务;学校;小学","addr":"上海市普陀区新村路170弄43号","结构":null,"面积":0.0,"时间":null,"装修":null,"价格":0.0,"gcj_lng":121.439114,"gcj_lat":31.266008,"wgs_lng":121.434495738,"wgs_lat":31.2678573627,"bd_lng":121.445514309,"bd_lat":31.2723703823,"gcj_shape":"121.438914,31.266432;121.4387,31.266072;121.438469,31.26573;121.438375,31.265593;121.438365,31.265536;121.439323,31.265527;121.439618,31.266064;121.439719,31.266357;121.439735,31.266523;121.439692,31.266565;121.439095,31.266495;121.438914,31.266432","FID_1":15292,"id_1":"B00154DRJ8","type1":"科教文化服务","type2":"学校","type3":"小学","__source_file__":"13-常用公服设施点/SHP/上海市_科教文化服务-面.shp"},"geometry":{"type":"Polygon","coordinates":[[[121.43446807262421,31.268336301918026],[121.43506609424782,31.268407130422588],[121.43510917292593,31.268365211484905],[121.43509316100503,31.268199259168625],[121.43499201080132,31.267906237710953],[121.43469654767323,31.267369041611666],[121.43373692046644,31.26737668143368],[121.43374693179129,31.267433671300886],[121.43384107782269,31.267570744614602],[121.43407243783473,31.26791292223644],[121.4342867686405,31.2682730718441],[121.43446807262421,31.268336301918026]]]}},{"id":"1407","type":"Feature","properties":{"id":"B00156R0WD","name":"上海元代水闸遗址博物馆","type":"科教文化服务;博物馆;博物馆","addr":"上海市普陀区延长西路619","结构":null,"面积":0.0,"时间":null,"装修":null,"价格":0.0,"gcj_lng":121.430361,"gcj_lat":31.259613,"wgs_lng":121.42572825,"wgs_lat":31.2614525656,"bd_lng":121.436779305,"bd_lat":31.2659319726,"gcj_shape":"121.429975,31.259853;121.430691,31.259814;121.430716,31.259804;121.430735,31.259785;121.430749,31.259766;121.430757,31.259737;121.430756,31.259379;121.429966,31.259414;121.429975,31.259853","FID_1":8142,"id_1":"B00156R0WD","type1":"科教文化服务","type2":"博物馆","type3":"博物馆","__source_file__":"13-常用公服设施点/SHP/上海市_科教文化服务-面.shp"},"geometry":{"type":"Polygon","coordinates":[[[121.42605209983921,31.26164771007442],[121.42607713321782,31.26163774106884],[121.42609615884783,31.261618770275113],[121.42611017911338,31.261599792924876],[121.42611819103433,31.26157081438255],[121.4261172214327,31.261212967566486],[121.42532622424699,31.261247126544948],[121.42533519682885,31.26168594653892],[121.42605209983921,31.26164771007442]]]}},{"id":"3803","type":"Feature","properties":{"id":"B0FFH8D97U","name":"普陀幼儿园(甘泉路)","type":"科教文化服务;学校;幼儿园","addr":"上海市普陀区甘泉路241弄19号","结构":null,"面积":0.0,"时间":null,"装修":null,"价格":0.0,"gcj_lng":121.432753,"gcj_lat":31.262171,"wgs_lng":121.428123756,"wgs_lat":31.2640125665,"bd_lng":121.439163687,"bd_lat":31.2685088192,"gcj_shape":"121.432791,31.262438;121.432451,31.262167;121.432626,31.261986;121.432703,31.261937;121.432732,31.26193;121.432756,31.261932;121.432775,31.26194;121.433052,31.262175;121.432791,31.262438","FID_1":21636,"id_1":"B0FFH8D97U","type1":"科教文化服务","type2":"学校","type3":"幼儿园","__source_file__":"13-常用公服设施点/SHP/上海市_科教文化服务-面.shp"},"geometry":{"type":"Polygon","coordinates":[[[121.42841605205726,31.264010318803784],[121.42813868727683,31.26377509945869],[121.42811966105077,31.263767080385207],[121.42809562767218,31.26376505415916],[121.42806658714105,31.26377201839638],[121.42798947746849,31.26382090872383],[121.42781422057247,31.264001630370146],[121.42815466581916,31.264272903955458],[121.42841605205726,31.264010318803784]]]}},{"id":"1566","type":"Feature","properties":{"id":"B00154DDX5","name":"上海市子长学校","type":"科教文化服务;学校;中学","addr":"上海市普陀区甘泉一村68号","结构":null,"面积":0.0,"时间":null,"装修":null,"价格":0.0,"gcj_lng":121.432548,"gcj_lat":31.263247,"wgs_lng":121.427918331,"wgs_lat":31.2650878263,"bd_lng":121.438957982,"bd_lat":31.2695830726,"gcj_shape":"121.431118,31.263027;121.431991,31.263148;121.432635,31.263537;121.433537,31.264083;121.433547,31.264078;121.433686,31.2636;121.43363,31.263493;121.432941,31.263065;121.432034,31.262694;121.431876,31.262637;121.431849,31.262686;121.431793,31.262686;121.4","FID_1":9093,"id_1":"B00154DDX5","type1":"科教文化服务","type2":"学校","type3":"中学","__source_file__":"13-常用公服设施点/SHP/上海市_科教文化服务-面.shp"},"geometry":{"type":"Polygon","coordinates":[[[121.42735351187324,31.264981690404888],[121.42799835349084,31.265371253072736],[121.42890156942559,31.265918070848457],[121.42891158492282,31.265913083961486],[121.42905082453348,31.265435454702377],[121.42899475419998,31.265328434436796],[121.42830481840707,31.264899808588027],[121.42739660962485,31.264527933591843],[121.42723840220069,31.26447078100395],[121.42721136166955,31.26451973093605],[121.42715528775977,31.264519668947216],[121.42707618225957,31.264511584904668],[121.4270491393442,31.26459751814747],[121.42660556296732,31.264521065748212],[121.42656649621011,31.264695948923105],[121.4265104240885,31.264695887530323],[121.4265007816108,31.26474677590758],[121.42659532034467,31.26487595373453],[121.42735351187324,31.264981690404888]]]}},{"id":"1142","type":"Feature","properties":{"id":"B0FFH2EUSV","name":"普陀幼儿园(甘泉路休闲街)","type":"科教文化服务;学校;幼儿园","addr":"上海市普陀区甘泉路23号","结构":null,"面积":0.0,"时间":null,"装修":null,"价格":0.0,"gcj_lng":121.434721,"gcj_lat":31.263505,"wgs_lng":121.430094925,"wgs_lat":31.2653487326,"bd_lng":121.441127234,"bd_lat":31.2698545658,"gcj_shape":"121.434249,31.263647;121.434383,31.263474;121.434553,31.263263;121.434658,31.263099;121.435172,31.263338;121.434822,31.263888;121.434785,31.263904;121.434249,31.263647","FID_1":6650,"id_1":"B0FFH2EUSV","type1":"科教文化服务","type2":"学校","type3":"幼儿园","__source_file__":"13-常用公服设施点/SHP/上海市_科教文化服务-面.shp"},"geometry":{"type":"Polygon","coordinates":[[[121.43015140286445,31.265740661100388],[121.4301884600849,31.265724713552473],[121.43053903228952,31.265175388277058],[121.43002428425119,31.264935848855025],[121.42991911437798,31.265099649179454],[121.42974884615708,31.26531034996414],[121.42961463396455,31.265483113929747],[121.43015140286445,31.265740661100388]]]}},{"id":"1961","type":"Feature","properties":{"id":"B00156DB17","name":"上海市甘泉外国语中学(甘泉路)","type":"科教文化服务;学校;中学","addr":"上海市普陀区甘泉路80号","结构":null,"面积":0.0,"时间":null,"装修":null,"价格":0.0,"gcj_lng":121.435033,"gcj_lat":31.264515,"wgs_lng":121.430407376,"wgs_lat":31.2663587478,"bd_lng":121.441437824,"bd_lat":31.2708658861,"gcj_shape":"121.434439,31.264621;121.435355,31.26499;121.435681,31.264469;121.434726,31.264019;121.434424,31.264544;121.434439,31.264621","FID_1":11414,"id_1":"B00156DB17","type1":"科教文化服务","type2":"学校","type3":"中学","__source_file__":"13-常用公服设施点/SHP/上海市_科教文化服务-面.shp"},"geometry":{"type":"Polygon","coordinates":[[[121.4307221658039,31.2668269114399],[121.43104870820616,31.266306549209588],[121.43009230511282,31.265855539506916],[121.42978981316676,31.266379937499998],[121.42980482887174,31.266456928559307],[121.4307221658039,31.2668269114399]]]}},{"id":"638","type":"Feature","properties":{"id":"B00155L2SP","name":"甘霖初级职业技术学校","type":"科教文化服务;学校;职业技术学校","addr":"上海市普陀区宜川路580号","结构":null,"面积":0.0,"时间":null,"装修":null,"价格":0.0,"gcj_lng":121.435166,"gcj_lat":31.267189,"wgs_lng":121.430540375,"wgs_lat":31.2690317956,"bd_lng":121.441568067,"bd_lat":31.273539865,"gcj_shape":"121.434958,31.266626;121.435503,31.266743;121.435532,31.266784;121.435543,31.266821;121.435511,31.267293;121.435511,31.267536;121.435527,31.267717;121.434685,31.267557;121.434958,31.266626","FID_1":3567,"id_1":"B00155L2SP","type1":"科教文化服务","type2":"学校","type3":"职业技术学校","__source_file__":"13-常用公服设施点/SHP/上海市_科教文化服务-面.shp"},"geometry":{"type":"Polygon","coordinates":[[[121.43012285931687,31.269147333271516],[121.4304829025023,31.269474447783043],[121.43089418964576,31.269552967302324],[121.43087818010903,31.269372024522774],[121.43087820156668,31.269129127042774],[121.4309102927618,31.268657369633672],[121.43089927786065,31.26862037022972],[121.43087023732949,31.268579351156234],[121.43032442432212,31.268461714578628],[121.43012285931687,31.269147333271516]]]}},{"id":"4000","type":"Feature","properties":{"id":"B00156CX98","name":"中国医药集团国药大学","type":"科教文化服务;学校;高等院校","addr":"上海市静安区沪太路801号","结构":null,"面积":0.0,"时间":null,"装修":null,"价格":0.0,"gcj_lng":121.443902,"gcj_lat":31.266996,"wgs_lng":121.439293467,"wgs_lat":31.2688531416,"bd_lng":121.450303212,"bd_lat":31.273350968,"gcj_shape":"121.444431,31.267005;121.443629,31.266594;121.443376,31.266925;121.443748,31.267184;121.444125,31.26742;121.444431,31.267005","FID_1":22655,"id_1":"B00156CX98","type1":"科教文化服务","type2":"学校","type3":"高等院校","__source_file__":"13-常用公服设施点/SHP/上海市_科教文化服务-面.shp"},"geometry":{"type":"Polygon","coordinates":[[[121.43901032548331,31.26844215526009],[121.43875680930711,31.26877260808945],[121.43912950429728,31.269032098039624],[121.43950721955301,31.26926861063957],[121.43981385672664,31.268854289536478],[121.43901032548331,31.26844215526009]]]}},{"id":"3825","type":"Feature","properties":{"id":"B001531417","name":"上海市延河中学","type":"科教文化服务;学校;中学","addr":"上海市普陀区新村路99号(宜川路口)","结构":null,"面积":0.0,"时间":null,"装修":null,"价格":0.0,"gcj_lng":121.437119,"gcj_lat":31.267502,"wgs_lng":121.432496843,"wgs_lat":31.2693475802,"bd_lng":121.443518848,"bd_lat":31.2738602651,"gcj_shape":"121.436508,31.268044;121.436707,31.268001;121.437735,31.267834;121.437945,31.267198;121.436658,31.266942;121.436399,31.267911;121.436476,31.268045;121.436508,31.268044","FID_1":21739,"id_1":"B001531417","type1":"科教文化服务","type2":"学校","type3":"中学","__source_file__":"13-常用公服设施点/SHP/上海市_科教文化服务-面.shp"},"geometry":{"type":"Polygon","coordinates":[[[121.43207600281903,31.26983837993241],[121.4331056765175,31.269672834285736],[121.4333160782528,31.26903739099312],[121.43202701831626,31.26877976497841],[121.43176752478982,31.2697480115757],[121.43184463446238,31.269882056875232],[121.43187668333817,31.269881098598482],[121.43207600281903,31.26983837993241]]]}},{"id":"294","type":"Feature","properties":{"id":"B0FFF00J9N","name":"芷江中路幼儿园(瑞仕园)","type":"科教文化服务;学校;幼儿园","addr":"上海市静安区老沪太路1222号","结构":null,"面积":0.0,"时间":null,"装修":null,"价格":0.0,"gcj_lng":121.444864,"gcj_lat":31.269009,"wgs_lng":121.440257394,"wgs_lat":31.2708670405,"bd_lng":121.451264417,"bd_lat":31.2753593165,"gcj_shape":"121.445088,31.269429;121.445316,31.268681;121.444857,31.268459;121.444321,31.269337;121.444321,31.269381;121.445088,31.269429","FID_1":1572,"id_1":"B0FFF00J9N","type1":"科教文化服务","type2":"学校","type3":"幼儿园","__source_file__":"13-常用公服设施点/SHP/上海市_科教文化服务-面.shp"},"geometry":{"type":"Polygon","coordinates":[[[121.44070047737696,31.27053105307197],[121.44024057615471,31.270308378347394],[121.43970343770602,31.27118512068939],[121.43970343412974,31.27122910042381],[121.44047195345213,31.271278353909494],[121.44070047737696,31.27053105307197]]]}},{"id":"1912","type":"Feature","properties":{"id":"B0FFGCETV0","name":"上海市静安区闸北实验小学(龙盛校区)","type":"科教文化服务;学校;小学","addr":"上海市静安区老沪太路399号","结构":null,"面积":0.0,"时间":null,"装修":null,"价格":0.0,"gcj_lng":121.447604,"gcj_lat":31.27019,"wgs_lng":121.443003508,"wgs_lat":31.2720527363,"bd_lng":121.454007676,"bd_lat":31.2765233082,"gcj_shape":"121.447325,31.270492;121.447561,31.270569;121.447659,31.270576;121.447733,31.270559;121.44781,31.270542;121.448069,31.270679;121.448607,31.270099;121.448008,31.269948;121.447082,31.269736;121.446612,31.270189;121.447325,31.270492","FID_1":11129,"id_1":"B0FFGCETV0","type1":"科教文化服务","type2":"学校","type3":"小学","__source_file__":"13-常用公服设施点/SHP/上海市_科教文化服务-面.shp"},"geometry":{"type":"Polygon","coordinates":[[[121.44294995845414,31.27242213463211],[121.44304816528226,31.272429306889535],[121.44312232561876,31.27241244457626],[121.4431994901276,31.272395590011598],[121.44345903312589,31.272532994727136],[121.44399824488829,31.271954211257935],[121.44339796577262,31.271802194402696],[121.44247002027706,31.27158864229775],[121.44199899746133,31.272040631402966],[121.44271346552374,31.272344750182157],[121.44294995845414,31.27242213463211]]]}},{"id":"2402","type":"Feature","properties":{"id":"B00155G8XU","name":"风华中学","type":"科教文化服务;学校;中学","addr":"上海市静安区大宁路1000号","结构":null,"面积":0.0,"时间":null,"装修":null,"价格":0.0,"gcj_lng":121.445057,"gcj_lat":31.270095,"wgs_lng":121.440450727,"wgs_lat":31.2719529362,"bd_lng":121.451456691,"bd_lat":31.2764441226,"gcj_shape":"121.443176,31.269519;121.443217,31.269457;121.443348,31.269471;121.445322,31.26957;121.446462,31.269632;121.446746,31.269694;121.446741,31.269739;121.445778,31.270691;121.445719,31.270783;121.445614,31.271138;121.445558,31.271193;121.44411,31.270313;121.","FID_1":14007,"id_1":"B00155G8XU","type1":"科教文化服务","type2":"学校","type3":"中学","__source_file__":"13-常用公服设施点/SHP/上海市_科教文化服务-面.shp"},"geometry":{"type":"Polygon","coordinates":[[[121.43913927660753,31.271888902370456],[121.43949193821908,31.272160361326222],[121.44094274798204,31.273042400997163],[121.44099886599923,31.272987519014357],[121.4411041091862,31.272632845647813],[121.44116323793222,31.272540986314766],[121.44212830561735,31.27159104565525],[121.44213331932642,31.271546072477342],[121.44184873579697,31.27148360577297],[121.44070641061975,31.27141968590736],[121.43872853393364,31.27131748394585],[121.43859728359416,31.27130327890587],[121.43855620014764,31.27136518830681],[121.43913927660753,31.271888902370456]]]}},{"id":"3862","type":"Feature","properties":{"id":"B00154Q2AT","name":"上海市静安区闸北实验小学明德校区","type":"科教文化服务;学校;小学","addr":"上海市静安区","结构":null,"面积":0.0,"时间":null,"装修":null,"价格":0.0,"gcj_lng":121.452602,"gcj_lat":31.267396,"wgs_lng":121.448013939,"wgs_lat":31.2692701168,"bd_lng":121.459020573,"bd_lat":31.2736819926,"gcj_shape":"121.447795,31.272595;121.44847,31.273005;121.448683,31.272781;121.44892,31.272475;121.449146,31.272211;121.448911,31.272057;121.448772,31.271962;121.448653,31.2719;121.44824,31.272338;121.447928,31.272429;121.447795,31.272595","FID_1":21942,"id_1":"B00154Q2AT","type1":"科教文化服务","type2":"学校","type3":"小学","__source_file__":"13-常用公服设施点/SHP/上海市_科教文化服务-面.shp"},"geometry":{"type":"Polygon","coordinates":[[[121.44386069414139,31.274858740215304],[121.44407417693901,31.27463522062874],[121.44431171934127,31.27432977972031],[121.44453823909376,31.274066304241178],[121.44430273603055,31.273911939460756],[121.44416344158364,31.273816726076127],[121.44404418885995,31.27375453534127],[121.44363025604726,31.274191604912765],[121.44331757834246,31.27428200588608],[121.44318427912714,31.274447699518205],[121.44386069414139,31.274858740215304]]]}},{"id":"258","type":"Feature","properties":{"id":"B0FFF65Z6T","name":"大宁学佳幼儿园","type":"科教文化服务;学校;幼儿园","addr":"上海市静安区万荣路467号","结构":null,"面积":0.0,"时间":null,"装修":null,"价格":0.0,"gcj_lng":121.444226,"gcj_lat":31.27391,"wgs_lng":121.43961757,"wgs_lat":31.2757648001,"bd_lng":121.450621573,"bd_lat":31.2802621298,"gcj_shape":"121.443881,31.274112;121.444472,31.274127;121.444519,31.273688;121.444072,31.273681;121.444027,31.273704;121.443881,31.274112","FID_1":1385,"id_1":"B0FFF65Z6T","type1":"科教文化服务","type2":"学校","type3":"幼儿园","__source_file__":"13-常用公服设施点/SHP/上海市_科教文化服务-面.shp"},"geometry":{"type":"Polygon","coordinates":[[[121.43990144962692,31.27553461626816],[121.43960964334404,31.275529579451447],[121.43964124126684,31.27554509134123],[121.43989004036214,31.275640821275477],[121.43990144962692,31.27553461626816]]]}},{"id":"3586","type":"Feature","properties":{"id":"B00150CFCD","name":"和田路小学","type":"科教文化服务;学校;小学","addr":"上海市静安区和田路434号","结构":null,"面积":0.0,"时间":null,"装修":null,"价格":0.0,"gcj_lng":121.460283,"gcj_lat":31.268146,"wgs_lng":121.455715591,"wgs_lat":31.2700371242,"bd_lng":121.466729294,"bd_lat":31.2743214318,"gcj_shape":"121.460401,31.268655;121.460906,31.267931;121.46042,31.267692;121.460335,31.267773;121.460082,31.267853;121.460003,31.267878;121.45993,31.267914;121.459799,31.268001;121.459621,31.268246;121.460401,31.268655","FID_1":20466,"id_1":"B00150CFCD","type1":"科教文化服务","type2":"学校","type3":"小学","__source_file__":"13-常用公服设施点/SHP/上海市_科教文化服务-面.shp"},"geometry":{"type":"Polygon","coordinates":[[[121.45632749186132,31.269812252527238],[121.45584020320894,31.269572259513854],[121.45575496836662,31.26965303659248],[121.4555012852974,31.26973243696976],[121.45542207191278,31.269757249811178],[121.45534887402536,31.269793070997245],[121.45521751937774,31.269879742575647],[121.45503902525522,31.270124243684776],[121.45582106850244,31.27053481009483],[121.45632749186132,31.269812252527238]]]}},{"id":"4117","type":"Feature","properties":{"id":"B00155MQ6L","name":"上海市静安区延长路西部幼儿园","type":"科教文化服务;学校;幼儿园","addr":"上海市静安区共和新路1700弄50号(近延长路)","结构":null,"面积":0.0,"时间":null,"装修":null,"价格":0.0,"gcj_lng":121.454324,"gcj_lat":31.269152,"wgs_lng":121.449740229,"wgs_lat":31.2710290846,"bd_lng":121.460746432,"bd_lat":31.2754163004,"gcj_shape":"121.454001,31.268981;121.454628,31.269276;121.454409,31.26961;121.454234,31.269525;121.454064,31.269799;121.453615,31.26957;121.454001,31.268981","FID_1":23257,"id_1":"B00155MQ6L","type1":"科教文化服务","type2":"学校","type3":"幼儿园","__source_file__":"13-常用公服设施点/SHP/上海市_科教文化服务-面.shp"},"geometry":{"type":"Polygon","coordinates":[[[121.44901773845196,31.27143500012874],[121.44946779941465,31.271664807175632],[121.44963823631667,31.271391266727445],[121.44981365235711,31.271476587400436],[121.45003321502494,31.27114317391014],[121.44940471894839,31.270847025924684],[121.44901773845196,31.27143500012874]]]}},{"id":"2711","type":"Feature","properties":{"id":"B0FFH70KET","name":"上海市风华初级中学(西校)","type":"科教文化服务;学校;中学","addr":"上海市静安区共和新路1700弄49号","结构":null,"面积":0.0,"时间":null,"装修":null,"价格":0.0,"gcj_lng":121.454805,"gcj_lat":31.269882,"wgs_lng":121.450222429,"wgs_lat":31.2717598305,"bd_lng":121.461228412,"bd_lat":31.276139795,"gcj_shape":"121.454129,31.269885;121.455067,31.270479;121.455374,31.270022;121.455071,31.269855;121.45528,31.269591;121.454706,31.269305;121.454465,31.269681;121.454316,31.269627;121.454129,31.269885","FID_1":15805,"id_1":"B0FFH70KET","type1":"科教文化服务","type2":"学校","type3":"中学","__source_file__":"13-常用公服设施点/SHP/上海市_科教文化服务-面.shp"},"geometry":{"type":"Polygon","coordinates":[[[121.45047318777276,31.27234656491661],[121.45078098409081,31.271890392229082],[121.45047725214579,31.271722836713792],[121.45068679037571,31.2714593797121],[121.4501114045677,31.27117232053757],[121.44986978348734,31.271547670846935],[121.44972042526341,31.271493390109057],[121.44953294902231,31.271750903139115],[121.45047318777276,31.27234656491661]]]}},{"id":"3030","type":"Feature","properties":{"id":"B00155FN8S","name":"同济大学口腔医学院","type":"科教文化服务;学校;高等院校","addr":"上海市静安区延长中路409","结构":null,"面积":0.0,"时间":null,"装修":null,"价格":0.0,"gcj_lng":121.452806,"gcj_lat":31.271218,"wgs_lng":121.448218128,"wgs_lat":31.273090928,"bd_lng":121.459221763,"bd_lat":31.2775007105,"gcj_shape":"121.452582,31.271086;121.452195,31.271585;121.452196,31.271593;121.452201,31.271599;121.452852,31.271802;121.452864,31.271803;121.452879,31.271797;121.452887,31.271786;121.452899,31.271769;121.453095,31.271329;121.453302,31.270764;121.453302,31.270751;12","FID_1":17465,"id_1":"B00155FN8S","type1":"科教文化服务","type2":"学校","type3":"高等院校","__source_file__":"13-常用公服设施点/SHP/上海市_科教文化服务-面.shp"},"geometry":{"type":"Polygon","coordinates":[[[121.44759420210838,31.273446342191697],[121.44759520449256,31.273454339807515],[121.44760021581745,31.27346034755611],[121.44825272798727,31.27366454143715],[121.44826475659752,31.273665565279003],[121.4482797923603,31.27365959627342],[121.4482878114338,31.27364861773109],[121.44829984123612,31.273631647533414],[121.4484963454914,31.273192220930092],[121.44870388670157,31.272627871812816],[121.44870388670157,31.272614876581194],[121.44870288550948,31.272606877773285],[121.4486958700123,31.272597867044446],[121.44868183663368,31.27258984320259],[121.44827388355539,31.27244109754848],[121.44826486328985,31.27243908085918],[121.4482568436203,31.272439064765923],[121.44824681918239,31.272445042712214],[121.44823879951284,31.272453023042672],[121.44798215339853,31.27294831017113],[121.44759420210838,31.273446342191697]]]}},{"id":"1306","type":"Feature","properties":{"id":"B0015750AD","name":"上海市民办童园实验小学","type":"科教文化服务;学校;小学","addr":"上海市静安区共和新路1725弄35号(近延长路)","结构":null,"面积":0.0,"时间":null,"装修":null,"价格":0.0,"gcj_lng":121.458075,"gcj_lat":31.271518,"wgs_lng":121.453501111,"wgs_lat":31.2734025179,"bd_lng":121.46450917,"bd_lat":31.2777281861,"gcj_shape":"121.457548,31.271735;121.458116,31.27196;121.458545,31.271318;121.458547,31.271284;121.45816,31.271041;121.457789,31.27146;121.45775,31.271441;121.457548,31.271735","FID_1":7544,"id_1":"B0015750AD","type1":"科教文化服务","type2":"学校","type3":"小学","__source_file__":"13-常用公服设施点/SHP/上海市_科教文化服务-面.shp"},"geometry":{"type":"Polygon","coordinates":[[[121.45352975994683,31.273833379945756],[121.45395992995066,31.273193],[121.45396193811857,31.273159],[121.45357395425799,31.272914862743377],[121.4532019588604,31.273332884035113],[121.45316285932067,31.273313808337214],[121.45296031513027,31.27360724984169],[121.45352975994683,31.273833379945756]]]}},{"id":"4439","type":"Feature","properties":{"id":"B00156OAUP","name":"小龙鱼育华幼儿园","type":"科教文化服务;学校;幼儿园","addr":"上海市静安区大宁路540弄25-26号","结构":null,"面积":0.0,"时间":null,"装修":null,"价格":0.0,"gcj_lng":121.450318,"gcj_lat":31.272767,"wgs_lng":121.445723771,"wgs_lat":31.2746340703,"bd_lng":121.456725539,"bd_lat":31.2790763691,"gcj_shape":"121.450212,31.272355;121.450805,31.272722;121.4505,31.273095;121.450487,31.273192;121.449822,31.272822;121.450212,31.272355","FID_1":25041,"id_1":"B00156OAUP","type1":"科教文化服务","type2":"学校","type3":"幼儿园","__source_file__":"13-常用公服设施点/SHP/上海市_科教文化服务-面.shp"},"geometry":{"type":"Polygon","coordinates":[[[121.44521568033409,31.274678297254567],[121.44588213945579,31.275049389211652],[121.44589517760278,31.274952453584675],[121.44620090120316,31.274580189105986],[121.44560659347724,31.274212222318653],[121.44521568033409,31.274678297254567]]]}},{"id":"206","type":"Feature","properties":{"id":"B00155L2VM","name":"北虹高级中学","type":"科教文化服务;学校;中学","addr":"上海市虹口区南浔路281号(近塘沽路)","结构":null,"面积":0.0,"时间":null,"装修":null,"价格":0.0,"gcj_lng":121.491825,"gcj_lat":31.248592,"wgs_lng":121.487362774,"wgs_lat":31.2505780922,"bd_lng":121.498421182,"bd_lat":31.2542632093,"gcj_shape":"121.491931,31.249131;121.491929,31.249312;121.492138,31.249313;121.492151,31.248005;121.492062,31.247967;121.491602,31.248002;121.491489,31.24803;121.491469,31.249123;121.491931,31.249131","FID_1":1162,"id_1":"B00155L2VM","type1":"科教文化服务","type2":"学校","type3":"中学","__source_file__":"13-常用公服设施点/SHP/上海市_科教文化服务-面.shp"},"geometry":{"type":"Polygon","coordinates":[[[121.48745100496198,31.251283941590316],[121.48766074465559,31.25128555849838],[121.48767390320398,31.24997817481041],[121.48758459087563,31.249939929239275],[121.48712296068861,31.249973557736396],[121.48700955835724,31.25000121143341],[121.48698939444445,31.251093668435104],[121.48745302761175,31.251103027421003],[121.48745100496198,31.251283941590316]]]}},{"id":"3608","type":"Feature","properties":{"id":"B00152236F","name":"虹口区九龙路幼儿园","type":"科教文化服务;学校;幼儿园","addr":"上海市虹口区南浔路270号(峨眉路汉阳路)","结构":null,"面积":0.0,"时间":null,"装修":null,"价格":0.0,"gcj_lng":121.492617,"gcj_lat":31.248923,"wgs_lng":121.48815758,"wgs_lat":31.2509113068,"bd_lng":121.499214443,"bd_lat":31.2545881483,"gcj_shape":"121.492816,31.24856;121.493033,31.248673;121.492845,31.249123;121.492157,31.249097;121.492159,31.248853;121.492694,31.248872;121.492734,31.24885;121.492816,31.24856","FID_1":20594,"id_1":"B00152236F","type1":"科教文化服务","type2":"学校","type3":"幼儿园","__source_file__":"13-常用公服设施点/SHP/上海市_科教文化服务-面.shp"},"geometry":{"type":"Polygon","coordinates":[[[121.48825889697933,31.250824524855616],[121.48821875452424,31.250846396705626],[121.48768185850047,31.250825823739056],[121.4876798292942,31.251069709894182],[121.48837026831626,31.251097731683736],[121.48855897403527,31.250648487470627],[121.48834121348,31.250534896192555],[121.48825889697933,31.250824524855616]]]}},{"id":"4286","type":"Feature","properties":{"id":"B00155L4LV","name":"上海市长青学校","type":"科教文化服务;学校;小学","addr":"上海市虹口区唐山路333号(近高阳路)","结构":null,"面积":0.0,"时间":null,"装修":null,"价格":0.0,"gcj_lng":121.501585,"gcj_lat":31.253957,"wgs_lng":121.497157489,"wgs_lat":31.2559699937,"bd_lng":121.508184466,"bd_lat":31.2595952999,"gcj_shape":"121.502355,31.253649;121.502331,31.253619;121.501412,31.253372;121.501374,31.253374;121.501322,31.253397;121.501266,31.253465;121.500843,31.25403;121.501267,31.254245;121.501141,31.254418;121.501649,31.254691;121.502355,31.253649","FID_1":24143,"id_1":"B00155L4LV","type1":"科教文化服务","type2":"学校","type3":"小学","__source_file__":"13-常用公服设施点/SHP/上海市_科教文化服务-面.shp"},"geometry":{"type":"Polygon","coordinates":[[[121.49639656383326,31.256026487379074],[121.49641201828955,31.256034339054438],[121.49642693533497,31.255986180028483],[121.49639656383326,31.256026487379074]]]}},{"id":"84","type":"Feature","properties":{"id":"B00155KBUU","name":"上海继光高级中学","type":"科教文化服务;学校;中学","addr":"上海市虹口区高阳路690号","结构":null,"面积":0.0,"时间":null,"装修":null,"价格":0.0,"gcj_lng":121.498123,"gcj_lat":31.259342,"wgs_lng":121.493682513,"wgs_lat":31.261342228,"bd_lng":121.504716992,"bd_lat":31.264979436,"gcj_shape":"121.496994,31.259818;121.497665,31.26046;121.498175,31.260066;121.498111,31.259997;121.49844,31.259708;121.498298,31.259566;121.498555,31.259369;121.49877,31.259591;121.499003,31.25945;121.499085,31.259501;121.499252,31.259402;121.499186,31.259286;121.49","FID_1":531,"id_1":"B00155KBUU","type1":"科教文化服务","type2":"学校","type3":"中学","__source_file__":"13-常用公服设施点/SHP/上海市_科教文化服务-面.shp"},"geometry":{"type":"Polygon","coordinates":[[[121.49320653978823,31.262444140276912],[121.49371840958594,31.262051839605334],[121.49365418547248,31.261982677480702],[121.49398439663887,31.26169479089547],[121.49384189715195,31.261552424922947],[121.49409984009739,31.26135628203773],[121.4943155958843,31.26157883278465],[121.49454944942283,31.261438593339918],[121.4945938356803,31.261466222731507],[121.49469518661685,31.261193098178676],[121.49467994294929,31.26116010355568],[121.49436686291313,31.260610404989244],[121.49409090685464,31.260185763643264],[121.49301497056385,31.261055168291094],[121.49321768105125,31.261250690427786],[121.49253318063641,31.261800408165932],[121.49320653978823,31.262444140276912]]]}},{"id":"1072","type":"Feature","properties":{"id":"B00151E763","name":"虹口区第二中心小学","type":"科教文化服务;学校;小学","addr":"上海市虹口区海拉尔路303号","结构":null,"面积":0.0,"时间":null,"装修":null,"价格":0.0,"gcj_lng":121.495954,"gcj_lat":31.259328,"wgs_lng":121.491505687,"wgs_lat":31.2613217192,"bd_lng":121.502546362,"bd_lat":31.2649718358,"gcj_shape":"121.496461,31.259333;121.49628,31.25905;121.495916,31.258987;121.495546,31.259205;121.495498,31.259292;121.495547,31.259399;121.495794,31.259763;121.496461,31.259333","FID_1":6253,"id_1":"B00151E763","type1":"科教文化服务","type2":"学校","type3":"小学","__source_file__":"13-常用公服设施点/SHP/上海市_科教文化服务-面.shp"},"geometry":{"type":"Polygon","coordinates":[[[121.49181668200968,31.26103060452938],[121.49145138203241,31.260966545354854],[121.49108003735162,31.261183346109398],[121.4910318585377,31.261270164911274],[121.49108102543067,31.261377265047074],[121.4913288789692,31.26174184440422],[121.4919983072624,31.261314022357944],[121.49181668200968,31.26103060452938]]]}},{"id":"3148","type":"Feature","properties":{"id":"B00156OCW4","name":"上海瑞虹幼儿园","type":"科教文化服务;学校;幼儿园","addr":"上海市虹口区临平路333号瑞虹新城一期","结构":null,"面积":0.0,"时间":null,"装修":null,"价格":0.0,"gcj_lng":121.496216,"gcj_lat":31.263133,"wgs_lng":121.491768307,"wgs_lat":31.2651258583,"bd_lng":121.502804791,"bd_lat":31.268774828,"gcj_shape":"121.495856,31.263061;121.496341,31.262884;121.49643,31.262953;121.496479,31.262988;121.496582,31.263182;121.49605,31.263404;121.495856,31.263061","FID_1":18146,"id_1":"B00156OCW4","type1":"科教文化服务","type2":"学校","type3":"幼儿园","__source_file__":"13-常用公服设施点/SHP/上海市_科教文化服务-面.shp"},"geometry":{"type":"Polygon","coordinates":[[[121.49158548455242,31.265382040933616],[121.4921194121666,31.265161725360873],[121.4920160593071,31.26496750124741],[121.49196688645364,31.264932368925102],[121.49187757293319,31.264863134082795],[121.49139081817248,31.265038608203888],[121.49158548455242,31.265382040933616]]]}},{"id":"2418","type":"Feature","properties":{"id":"B00151FAAA","name":"上海市虹口区青少年活动中心(欧阳路)","type":"科教文化服务;文化宫;文化宫","addr":"上海市虹口区欧阳路67号","结构":null,"面积":0.0,"时间":null,"装修":null,"价格":0.0,"gcj_lng":121.489938,"gcj_lat":31.265431,"wgs_lng":121.485467606,"wgs_lat":31.2674041237,"bd_lng":121.496513643,"bd_lat":31.2711145546,"gcj_shape":"121.490427,31.265598;121.490318,31.265167;121.489881,31.265226;121.48959,31.265192;121.489397,31.265516;121.489814,31.265697;121.490427,31.265598","FID_1":14087,"id_1":"B00151FAAA","type1":"科教文化服务","type2":"文化宫","type3":"文化宫","__source_file__":"13-常用公服设施点/SHP/上海市_科教文化服务-面.shp"},"geometry":{"type":"Polygon","coordinates":[[[121.48583295909691,31.267127304975517],[121.48539441891288,31.267184998441692],[121.48510240086554,31.267150161592483],[121.48490869574259,31.26747346004582],[121.48532714234733,31.267655602666856],[121.48594230480381,31.267558440874105],[121.48583295909691,31.267127304975517]]]}},{"id":"4474","type":"Feature","properties":{"id":"B001553PBB","name":"四川北路第二小学","type":"科教文化服务;学校;小学","addr":"上海市虹口区邢家桥南路145号","结构":null,"面积":0.0,"时间":null,"装修":null,"价格":0.0,"gcj_lng":121.483732,"gcj_lat":31.256235,"wgs_lng":121.479240562,"wgs_lat":31.2581938991,"bd_lng":121.490297553,"bd_lat":31.261995935,"gcj_shape":"121.483497,31.256223;121.483876,31.256085;121.483966,31.256231;121.48361,31.256392;121.483497,31.256223","FID_1":25227,"id_1":"B001553PBB","type1":"科教文化服务","type2":"学校","type3":"小学","__source_file__":"13-常用公服设施点/SHP/上海市_科教文化服务-面.shp"},"geometry":{"type":"Polygon","coordinates":[[[121.47910250066282,31.25833672253323],[121.4794597249422,31.25817680376148],[121.47936943228339,31.258030611238475],[121.47898913290214,31.25816747636604],[121.47910250066282,31.25833672253323]]]}},{"id":"872","type":"Feature","properties":{"id":"B00152A053","name":"永兴幼儿园","type":"科教文化服务;学校;幼儿园","addr":"上海市静安区宝通路239弄2号","结构":null,"面积":0.0,"时间":null,"装修":null,"价格":0.0,"gcj_lng":121.478755,"gcj_lat":31.2567,"wgs_lng":121.474246466,"wgs_lat":31.2586444555,"bd_lng":121.485299825,"bd_lat":31.2625395852,"gcj_shape":"121.478903,31.256776;121.479038,31.256618;121.478836,31.256528;121.478691,31.25653;121.478469,31.256727;121.478768,31.256929;121.478903,31.256776","FID_1":5006,"id_1":"B00152A053","type1":"科教文化服务","type2":"学校","type3":"幼儿园","__source_file__":"13-常用公服设施点/SHP/上海市_科教文化服务-面.shp"},"geometry":{"type":"Polygon","coordinates":[[[121.47451518763353,31.25854985091019],[121.47431252959825,31.258459335926062],[121.47416705395318,31.25846093657494],[121.47394430949116,31.258657243372923],[121.47424427210618,31.258859973529816],[121.47437972986987,31.258707412220005],[121.47451518763353,31.25854985091019]]]}},{"id":"576","type":"Feature","properties":{"id":"B001542CCB","name":"虹口区新乡幼儿园","type":"科教文化服务;学校;幼儿园","addr":"上海市虹口区川公路109号(川公路四川北路)","结构":null,"面积":0.0,"时间":null,"装修":null,"价格":0.0,"gcj_lng":121.48157,"gcj_lat":31.257002,"wgs_lng":121.47707103,"wgs_lat":31.2589543312,"bd_lng":121.488126423,"bd_lat":31.2627952558,"gcj_shape":"121.481841,31.257222;121.481866,31.257168;121.48185,31.257111;121.481679,31.256698;121.481634,31.25666;121.481586,31.256673;121.481285,31.2568;121.481263,31.256845;121.481272,31.256891;121.481506,31.257355;121.481841,31.257222","FID_1":3193,"id_1":"B001542CCB","type1":"科教文化服务","type2":"学校","type3":"幼儿园","__source_file__":"13-常用公服设施点/SHP/上海市_科教文化服务-面.shp"},"geometry":{"type":"Polygon","coordinates":[[[121.47735254317857,31.259107465999605],[121.47733649430273,31.259050445734026],[121.47716495666884,31.25863714651871],[121.47711980884932,31.258599036846167],[121.47707164612866,31.258611896775243],[121.4767696280813,31.258738000321387],[121.47674755059528,31.25878291925907],[121.47675657682133,31.258828924027448],[121.47699132009126,31.259293376426704],[121.47732745436765,31.25916137242031],[121.47735254317857,31.259107465999605]]]}},{"id":"1791","type":"Feature","properties":{"id":"B00155KSXY","name":"上海前进进修学院(东宝兴路)","type":"科教文化服务;学校;成人教育","addr":"上海市虹口区四川北路1702弄32号","结构":null,"面积":0.0,"时间":null,"装修":null,"价格":0.0,"gcj_lng":121.483971,"gcj_lat":31.258042,"wgs_lng":121.479480237,"wgs_lat":31.2600008025,"bd_lng":121.490535623,"bd_lat":31.2637990556,"gcj_shape":"121.483845,31.258284;121.483819,31.258268;121.483767,31.258198;121.483711,31.258215;121.483629,31.258252;121.48357,31.258139;121.483581,31.2581;121.483637,31.258073;121.483583,31.257979;121.483633,31.257921;121.484097,31.257706;121.484393,31.258148;121.4","FID_1":10465,"id_1":"B00155KSXY","type1":"科教文化服务","type2":"学校","type3":"成人教育","__source_file__":"13-常用公服设施点/SHP/上海市_科教文化服务-面.shp"},"geometry":{"type":"Polygon","coordinates":[[[121.47944048771572,31.26018187631321],[121.47951272434616,31.26028903545761],[121.479624107008,31.26023237520409],[121.47988801657485,31.260094184635157],[121.47959104442312,31.259651533156394],[121.47912544821072,31.259865122910504],[121.479075272377,31.259922955421445],[121.47912944761467,31.260017068670273],[121.47907325509165,31.260043897604938],[121.47906221396445,31.26008284932518],[121.47912140529534,31.260195967938422],[121.4792036878214,31.260159215893744],[121.47925987915232,31.260142383382792],[121.47931205081366,31.260212500207906],[121.47933813664437,31.260228566965104],[121.47944048771572,31.26018187631321]]]}},{"id":"2485","type":"Feature","properties":{"id":"B0FFHCPTQR","name":"上海开放大学虹口分校(东宝校区)","type":"科教文化服务;学校;成人教育","addr":"上海市静安区东宝兴路440号","结构":null,"面积":0.0,"时间":null,"装修":null,"价格":0.0,"gcj_lng":121.479037,"gcj_lat":31.258474,"wgs_lng":121.474529268,"wgs_lat":31.2604184775,"bd_lng":121.485581281,"bd_lat":31.264308318,"gcj_shape":"121.478719,31.258562;121.479045,31.258834;121.479395,31.258566;121.479421,31.258415;121.479175,31.258135;121.479134,31.258137;121.479051,31.258197;121.478617,31.258394;121.478556,31.258446;121.478554,31.258462;121.478694,31.258579;121.478719,31.258562","FID_1":14511,"id_1":"B0FFHCPTQR","type1":"科教文化服务","type2":"学校","type3":"成人教育","__source_file__":"13-常用公服设施点/SHP/上海市_科教文化服务-面.shp"},"geometry":{"type":"Polygon","coordinates":[[[121.47452201954843,31.260764907964706],[121.4748731961441,31.260497986808783],[121.47489929508782,31.260347123899457],[121.47465250651838,31.26006656778813],[121.47461137240794,31.260068453943262],[121.47452809345819,31.26012820121956],[121.47409265102579,31.260323923295978],[121.47403144538977,31.260375734349246],[121.47402943883327,31.26039172064018],[121.47416988706019,31.260509054426194],[121.47419497050669,31.260492130720145],[121.47452201954843,31.260764907964706]]]}},{"id":"2650","type":"Feature","properties":{"id":"B00152B0E3","name":"上海市市北职业高级中学","type":"科教文化服务;学校;职业技术学校","addr":"上海市静安区宝山路584号(近东宝兴路)","结构":null,"面积":0.0,"时间":null,"装修":null,"价格":0.0,"gcj_lng":121.477476,"gcj_lat":31.259029,"wgs_lng":121.472962964,"wgs_lat":31.2609688454,"bd_lng":121.484012762,"bd_lat":31.2648902142,"gcj_shape":"121.478003,31.260078;121.478367,31.25984;121.478372,31.259801;121.478223,31.259456;121.478081,31.259245;121.477824,31.258752;121.477491,31.257954;121.477421,31.257877;121.477344,31.257877;121.476568,31.25872;121.476585,31.258851;121.477518,31.259789;121.","FID_1":15470,"id_1":"B00152B0E3","type1":"科教文化服务","type2":"学校","type3":"职业技术学校","__source_file__":"13-常用公服设施点/SHP/上海市_科教文化服务-面.shp"},"geometry":{"type":"Polygon","coordinates":[[[121.47384170688821,31.261768611993794],[121.47384672596169,31.261729642988207],[121.47369726819801,31.261384385496136],[121.47355482235528,31.261173089857103],[121.47329702603724,31.260679601099014],[121.47296301037409,31.25988104319954],[121.47289279102898,31.259803885843276],[121.47281554068945,31.25980367603492],[121.47203695623207,31.260644213171005],[121.47205399914742,31.260775201250077],[121.4729899412327,31.261715320791254],[121.4733500856419,31.26198418148232],[121.47347649572183,31.26200551526832],[121.47384170688821,31.261768611993794]]]}},{"id":"4041","type":"Feature","properties":{"id":"B001574T0Y","name":"四川北路幼儿园","type":"科教文化服务;学校;幼儿园","addr":"上海市虹口区长春路92号(海伦路邢家桥北路)","结构":null,"面积":0.0,"时间":null,"装修":null,"价格":0.0,"gcj_lng":121.486052,"gcj_lat":31.259551,"wgs_lng":121.481568376,"wgs_lat":31.2615152099,"bd_lng":121.492622317,"bd_lat":31.2652796089,"gcj_shape":"121.48628,31.259597;121.48625,31.259442;121.485827,31.259495;121.485868,31.259667;121.48628,31.259597","FID_1":22869,"id_1":"B001574T0Y","type1":"科教文化服务","type2":"学校","type3":"幼儿园","__source_file__":"13-常用公服设施点/SHP/上海市_科教文化服务-面.shp"},"geometry":{"type":"Polygon","coordinates":[[[121.48175127625467,31.261392942277908],[121.48132681474877,31.261444702501294],[121.48136794111062,31.26161674541664],[121.48178136685374,31.26154796135139],[121.48175127625467,31.261392942277908]]]}},{"id":"1686","type":"Feature","properties":{"id":"B00155FHGF","name":"上海市虹口区四川北路第一小学","type":"科教文化服务;学校;小学","addr":"上海市虹口区四川北路1802号(近海伦路)","结构":null,"面积":0.0,"时间":null,"装修":null,"价格":0.0,"gcj_lng":121.484903,"gcj_lat":31.259726,"wgs_lng":121.48041534,"wgs_lat":31.2616867789,"bd_lng":121.491469252,"bd_lat":31.2654696752,"gcj_shape":"121.485044,31.259382;121.484521,31.25957;121.484766,31.260067;121.484959,31.260003;121.485282,31.259883;121.485044,31.259382","FID_1":9845,"id_1":"B00155FHGF","type1":"科教文化服务","type2":"学校","type3":"小学","__source_file__":"13-常用公服设施点/SHP/上海市_科教文化服务-面.shp"},"geometry":{"type":"Polygon","coordinates":[[[121.4800163312874,31.26151593191147],[121.48026212522123,31.262013415901183],[121.48045579040911,31.261949995258338],[121.48077990918826,31.261830972178466],[121.48054113492393,31.261329506666186],[121.4800163312874,31.26151593191147]]]}},{"id":"1468","type":"Feature","properties":{"id":"B00155DQHX","name":"上海市虹口区教育学院实验中学","type":"科教文化服务;学校;中学","addr":"上海市虹口区四川北路1838","结构":null,"面积":0.0,"时间":null,"装修":null,"价格":0.0,"gcj_lng":121.484193,"gcj_lat":31.260292,"wgs_lng":121.479702817,"wgs_lat":31.2622504683,"bd_lng":121.490756156,"bd_lat":31.2660453329,"gcj_shape":"121.483788,31.260126;121.483596,31.26018;121.483848,31.26079;121.483966,31.260757;121.484589,31.260505;121.484501,31.260312;121.484801,31.260181;121.484752,31.260068;121.484623,31.2598;121.48429,31.259917;121.484231,31.259972;121.483788,31.260126","FID_1":8536,"id_1":"B00155DQHX","type1":"科教文化服务","type2":"学校","type3":"中学","__source_file__":"13-常用公服设施点/SHP/上海市_科教文化服务-面.shp"},"geometry":{"type":"Polygon","coordinates":[[[121.47908812813378,31.262123038702008],[121.47934093160438,31.26273349169731],[121.47945933691597,31.262700839788444],[121.4800844826832,31.262450723295217],[121.479996197773,31.262257555210113],[121.48029723489381,31.262127468353274],[121.48024807634545,31.26201437656212],[121.48011865911295,31.26174612383842],[121.47978451231955,31.261862124864578],[121.47972530668353,31.261916932341578],[121.4792807837849,31.262069606138226],[121.47908812813378,31.262123038702008]]]}},{"id":"978","type":"Feature","properties":{"id":"B00156O09N","name":"上海市溧三托儿所","type":"科教文化服务;学校;幼儿园","addr":"上海市虹口区溧阳路1114弄2号","结构":null,"面积":0.0,"时间":null,"装修":null,"价格":0.0,"gcj_lng":121.487884,"gcj_lat":31.261751,"wgs_lng":121.483406638,"wgs_lat":31.2637196363,"bd_lng":121.494457764,"bd_lat":31.2674569929,"gcj_shape":"121.487763,31.261817;121.487942,31.261763;121.487836,31.26151;121.487646,31.261579;121.487763,31.261817","FID_1":5632,"id_1":"B00156O09N","type1":"科教文化服务","type2":"学校","type3":"幼儿园","__source_file__":"13-常用公服设施点/SHP/上海市_科教文化服务-面.shp"},"geometry":{"type":"Polygon","coordinates":[[[121.48344893869591,31.263717830884936],[121.48334259120084,31.263464632401472],[121.48315192541696,31.263533051256182],[121.48326931165508,31.263771287290574],[121.48344893869591,31.263717830884936]]]}},{"id":"2572","type":"Feature","properties":{"id":"B0FFGFAUTO","name":"育婴堂路小学","type":"科教文化服务;学校;小学","addr":"上海市静安区共和新路703弄5号(共和新路南山路)","结构":null,"面积":0.0,"时间":null,"装修":null,"价格":0.0,"gcj_lng":121.464431,"gcj_lat":31.255306,"wgs_lng":121.459876796,"wgs_lat":31.2572127922,"bd_lng":121.470908757,"bd_lat":31.2614119676,"gcj_shape":"121.464382,31.255023;121.464451,31.255098;121.464515,31.255129;121.464574,31.255128;121.464796,31.255189;121.464784,31.255327;121.464654,31.255357;121.464587,31.255431;121.464554,31.255677;121.46432,31.255676;121.464295,31.255643;121.464309,31.255541;121","FID_1":15023,"id_1":"B0FFGFAUTO","type1":"科教文化服务","type2":"学校","type3":"小学","__source_file__":"13-常用公服设施点/SHP/上海市_科教文化服务-面.shp"},"geometry":{"type":"Polygon","coordinates":[[[121.4595565072298,31.25690825408841],[121.45954545060539,31.257191105672838],[121.45985231129646,31.257249804239272],[121.45974098108672,31.257435459724423],[121.45972693221094,31.257537382238382],[121.45975200075627,31.257570426941868],[121.45998666415596,31.257571980669013],[121.46001977859689,31.257326166635508],[121.46008697529223,31.25725235856247],[121.46021734841727,31.257222681619645],[121.46022939490891,31.25708476864242],[121.4600067684641,31.25702326855945],[121.45994760097506,31.257024127296447],[121.45988342156507,31.256992988417622],[121.45981423261833,31.256917859075543],[121.4595565072298,31.25690825408841]]]}},{"id":"2466","type":"Feature","properties":{"id":"B00155L35S","name":"市北初级中学","type":"科教文化服务;学校;中学","addr":"上海市静安区中华新路459弄10号","结构":null,"面积":0.0,"时间":null,"装修":null,"价格":0.0,"gcj_lng":121.467281,"gcj_lat":31.255591,"wgs_lng":121.462735416,"wgs_lat":31.257504896,"bd_lng":121.473772128,"bd_lat":31.2616438439,"gcj_shape":"121.466489,31.255807;121.467707,31.256216;121.468076,31.25539;121.46686,31.254962;121.466709,31.255243;121.466709,31.255296;121.466693,31.255381;121.466489,31.255807","FID_1":14379,"id_1":"B00155L35S","type1":"科教文化服务","type2":"学校","type3":"中学","__source_file__":"13-常用公服设施点/SHP/上海市_科教文化服务-面.shp"},"geometry":{"type":"Polygon","coordinates":[[[121.46314875088406,31.258118381777763],[121.46351891436674,31.257293654932973],[121.46229937206269,31.256862849342347],[121.46214790595437,31.257143357007983],[121.462147901186,31.25719633555031],[121.46213184754183,31.25728125806427],[121.46192721692469,31.257706574995048],[121.46314875088406,31.258118381777763]]]}},{"id":"2859","type":"Feature","properties":{"id":"B00155MO4B","name":"上海工业锅炉研究所","type":"科教文化服务;科研机构;科研机构","addr":"上海市静安区宝昌路297号","结构":null,"面积":0.0,"时间":null,"装修":null,"价格":0.0,"gcj_lng":121.475892,"gcj_lat":31.257671,"wgs_lng":121.471373802,"wgs_lat":31.2596070275,"bd_lng":121.482422829,"bd_lat":31.2635609536,"gcj_shape":"121.475971,31.257961;121.476239,31.257719;121.475802,31.257384;121.475548,31.257614;121.475971,31.257961","FID_1":16649,"id_1":"B00155MO4B","type1":"科教文化服务","type2":"科研机构","type3":"科研机构","__source_file__":"13-常用公服设施点/SHP/上海市_科教文化服务-面.shp"},"geometry":{"type":"Polygon","coordinates":[[[121.47170698169613,31.259642760771754],[121.47126860661697,31.259306733783724],[121.47101377513219,31.259535954751023],[121.4714380995474,31.25988393703556],[121.47170698169613,31.259642760771754]]]}},{"id":"491","type":"Feature","properties":{"id":"B00155MMF7","name":"芷江中路幼儿园(芷江西路)","type":"科教文化服务;学校;幼儿园","addr":"上海市静安区芷江西路45号","结构":null,"面积":0.0,"时间":null,"装修":null,"价格":0.0,"gcj_lng":121.466555,"gcj_lat":31.258471,"wgs_lng":121.462006941,"wgs_lat":31.2603817756,"bd_lng":121.473039725,"bd_lat":31.2645367731,"gcj_shape":"121.466388,31.258965;121.466644,31.258961;121.466676,31.258937;121.466695,31.258714;121.466855,31.258708;121.466865,31.25842;121.466741,31.258423;121.466726,31.2582;121.466561,31.258198;121.46655,31.257875;121.466361,31.257875;121.466358,31.258331;121.46","FID_1":2732,"id_1":"B00155MMF7","type1":"科教文化服务","type2":"学校","type3":"幼儿园","__source_file__":"13-常用公服设施点/SHP/上海市_科教文化服务-面.shp"},"geometry":{"type":"Polygon","coordinates":[[[121.46208239514256,31.26085958138561],[121.46211449051,31.26083566960049],[121.46213356441974,31.260612812651637],[121.46229403231621,31.26060720544624],[121.46230408715249,31.260319355649948],[121.46217972416018,31.26032205107021],[121.46216470031834,31.26009911186695],[121.46199921930886,31.260096709535603],[121.4619882145405,31.259773823976516],[121.46179866558172,31.259773364424703],[121.46179561730193,31.26022915998077],[121.46182564829635,31.26086295732498],[121.46208239514256,31.26085958138561]]]}},{"id":"972","type":"Feature","properties":{"id":"B00155MS5D","name":"中山北路幼儿园","type":"科教文化服务;学校;幼儿园","addr":"上海市静安区芷江中路345弄11号","结构":null,"面积":0.0,"时间":null,"装修":null,"价格":0.0,"gcj_lng":121.471145,"gcj_lat":31.260447,"wgs_lng":121.466611115,"wgs_lat":31.2623689093,"bd_lng":121.477650166,"bd_lat":31.2664250491,"gcj_shape":"121.470743,31.260495;121.470874,31.260218;121.471134,31.260317;121.471196,31.260203;121.471535,31.260347;121.471303,31.260733;121.470743,31.260495","FID_1":5575,"id_1":"B00155MS5D","type1":"科教文化服务","type2":"学校","type3":"幼儿园","__source_file__":"13-常用公服设施点/SHP/上海市_科教文化服务-面.shp"},"geometry":{"type":"Polygon","coordinates":[[[121.46675519302178,31.262642478902812],[121.46698793927192,31.26225724184227],[121.46664791168783,31.262112433603285],[121.46658571022417,31.26222622498703],[121.46632492284677,31.262126602118492],[121.46619349965381,31.262403147931103],[121.46675519302178,31.262642478902812]]]}},{"id":"4006","type":"Feature","properties":{"id":"B00155KD7X","name":"上海市青云中学","type":"科教文化服务;学校;中学","addr":"上海市静安区止园路389号","结构":null,"面积":0.0,"时间":null,"装修":null,"价格":0.0,"gcj_lng":121.46914,"gcj_lat":31.260489,"wgs_lng":121.464599769,"wgs_lat":31.262405589,"bd_lng":121.475635283,"bd_lat":31.2665052759,"gcj_shape":"121.468969,31.261373;121.469019,31.261287;121.469193,31.261352;121.469562,31.260722;121.47004,31.259915;121.469406,31.259645;121.469358,31.259728;121.469053,31.259644;121.468256,31.261055;121.468969,31.261373","FID_1":22674,"id_1":"B00155KD7X","type1":"科教文化服务","type2":"学校","type3":"中学","__source_file__":"13-常用公服设施点/SHP/上海市_科教文化服务-面.shp"},"geometry":{"type":"Polygon","coordinates":[[[121.46446421451,31.263190446912766],[121.4646387306862,31.26325585580063],[121.46500889655306,31.26262705504608],[121.46548841051103,31.2618216119194],[121.4648525198517,31.261550126571656],[121.46480436845593,31.261632970407483],[121.46449845888904,31.261548242038728],[121.46369895907023,31.262956644468304],[121.4644140583458,31.263276283596035],[121.46446421451,31.263190446912766]]]}},{"id":"4064","type":"Feature","properties":{"id":"B00155KWFB","name":"上海大学市北附属中学","type":"科教文化服务;学校;中学","addr":"上海市静安区中山北路600号","结构":null,"面积":0.0,"时间":null,"装修":null,"价格":0.0,"gcj_lng":121.463482,"gcj_lat":31.260786,"wgs_lng":121.458924504,"wgs_lat":31.2626880449,"bd_lng":121.469949815,"bd_lat":31.2669077546,"gcj_shape":"121.463273,31.26093;121.463423,31.261132;121.463575,31.261255;121.463911,31.260734;121.46338,31.260426;121.463064,31.260485;121.463171,31.260738;121.463273,31.26093","FID_1":22990,"id_1":"B00155KWFB","type1":"科教文化服务","type2":"学校","type3":"中学","__source_file__":"13-常用公服设施点/SHP/上海市_科教文化服务-面.shp"},"geometry":{"type":"Polygon","coordinates":[[[121.45885200264264,31.263021948248863],[121.459004418087,31.2631452516365],[121.45934140752411,31.262625264915464],[121.45880894482613,31.262316152692797],[121.45849205790904,31.26237438975334],[121.45859933387851,31.262627529824258],[121.45870160150338,31.26281968539238],[121.45885200264264,31.263021948248863]]]}},{"id":"744","type":"Feature","properties":{"id":"B00155MSKT","name":"止园路小学","type":"科教文化服务;学校;小学","addr":"上海市静安区青云路437号","结构":null,"面积":0.0,"时间":null,"装修":null,"价格":0.0,"gcj_lng":121.469892,"gcj_lat":31.26313,"wgs_lng":121.465353906,"wgs_lat":31.2650474247,"bd_lng":121.47638831,"bd_lat":31.2691312474,"gcj_shape":"121.469468,31.262851;121.469568,31.262761;121.469827,31.262976;121.469884,31.263002;121.470096,31.262813;121.470441,31.263093;121.470057,31.263516;121.469823,31.263337;121.469754,31.263405;121.469321,31.263127;121.469525,31.262925;121.469521,31.262896;12","FID_1":4150,"id_1":"B00155MSKT","type1":"科教文化服务","type2":"学校","type3":"小学","__source_file__":"13-常用公服设施点/SHP/上海市_科教文化服务-面.shp"},"geometry":{"type":"Polygon","coordinates":[[[121.46496758482077,31.264800016137123],[121.46497159376148,31.26482901315689],[121.46476696314429,31.265030413534163],[121.46520124285603,31.265309385685917],[121.46527045802881,31.265241588937755],[121.46550515123083,31.26542110451794],[121.4658903534565,31.264999260252004],[121.4655443306408,31.2647185044651],[121.46533167141342,31.264906885768887],[121.46527450094413,31.264880753446576],[121.4650147380047,31.26466519316292],[121.46491442925267,31.26475490110016],[121.46496758482077,31.264800016137123]]]}},{"id":"3223","type":"Feature","properties":{"id":"B00152658B","name":"上海市第六十中学","type":"科教文化服务;学校;中学","addr":"上海市静安区青云路323号(宝昌路青云路)","结构":null,"面积":0.0,"时间":null,"装修":null,"价格":0.0,"gcj_lng":121.471968,"gcj_lat":31.263969,"wgs_lng":121.467436448,"wgs_lat":31.2658915915,"bd_lng":121.478473651,"bd_lat":31.2699304869,"gcj_shape":"121.471911,31.263306;121.471807,31.263448;121.471461,31.263874;121.471361,31.263998;121.471254,31.264131;121.471197,31.26422;121.471414,31.26438;121.471717,31.264572;121.471794,31.26454;121.471927,31.264597;121.472333,31.26416;121.472394,31.264094;121.47","FID_1":18561,"id_1":"B00152658B","type1":"科教文化服务","type2":"学校","type3":"中学","__source_file__":"13-常用公服设施点/SHP/上海市_科教文化服务-面.shp"},"geometry":{"type":"Polygon","coordinates":[[[121.4672605114765,31.265357607648845],[121.4669134075985,31.265782534765243],[121.46681308871364,31.26590622422505],[121.4667057495632,31.266038893419264],[121.466648567173,31.266127708644866],[121.4668662192478,31.266288196210866],[121.46717013477513,31.266480894777303],[121.4672473755779,31.26644910696983],[121.46738078148557,31.26650642585468],[121.46778807788658,31.26607066384316],[121.4678492721977,31.266004851001735],[121.46790544385908,31.266042979747773],[121.46796362386513,31.26604013114357],[121.46828163952827,31.265703101507192],[121.468100084013,31.265601672353746],[121.46736484466649,31.265215937262532],[121.4672605114765,31.265357607648845]]]}},{"id":"240","type":"Feature","properties":{"id":"B00156OCRS","name":"柳营新村幼儿园","type":"科教文化服务;学校;幼儿园","addr":"上海市静安区柳营路309弄33号","结构":null,"面积":0.0,"时间":null,"装修":null,"价格":0.0,"gcj_lng":121.463238,"gcj_lat":31.269208,"wgs_lng":121.458679056,"wgs_lat":31.2711058285,"bd_lng":121.469696496,"bd_lat":31.2753320243,"gcj_shape":"121.462972,31.269228;121.463137,31.268998;121.463502,31.269185;121.463343,31.26942;121.462972,31.269228","FID_1":1303,"id_1":"B00156OCRS","type1":"科教文化服务","type2":"学校","type3":"幼儿园","__source_file__":"13-常用公服设施点/SHP/上海市_科教文化服务-面.shp"},"geometry":{"type":"Polygon","coordinates":[[[121.4587710602932,31.271306223554618],[121.45893052640153,31.271071694431306],[121.45856452265929,31.270883919570927],[121.45839904224584,31.27111343915748],[121.4587710602932,31.271306223554618]]]}},{"id":"3570","type":"Feature","properties":{"id":"B0FFFE46WR","name":"多伦路幼儿园","type":"科教文化服务;学校;幼儿园","addr":"上海市虹口区多伦路201弄东方村10号","结构":null,"面积":0.0,"时间":null,"装修":null,"价格":0.0,"gcj_lng":121.480607,"gcj_lat":31.263985,"wgs_lng":121.476104133,"wgs_lat":31.2659315495,"bd_lng":121.487152441,"bd_lat":31.2697918092,"gcj_shape":"121.48037,31.264159;121.480708,31.264003;121.480702,31.263983;121.480946,31.2639;121.480792,31.263822;121.48031,31.264023;121.48037,31.264159","FID_1":20369,"id_1":"B0FFFE46WR","type1":"科教文化服务","type2":"学校","type3":"幼儿园","__source_file__":"13-常用公服设施点/SHP/上海市_科教文化服务-面.shp"},"geometry":{"type":"Polygon","coordinates":[[[121.47619007998276,31.265936281421666],[121.47618406210134,31.265916273077018],[121.47642888226127,31.265833988332744],[121.47627437618178,31.265755593750008],[121.47579075437545,31.265955165622714],[121.47585094153405,31.266091274103168],[121.47619007998276,31.265936281421666]]]}},{"id":"828","type":"Feature","properties":{"id":"B00155KTOS","name":"上海市鲁迅初级中学","type":"科教文化服务;学校;中学","addr":"上海市虹口区宝安路66弄7号","结构":null,"面积":0.0,"时间":null,"装修":null,"价格":0.0,"gcj_lng":121.487152,"gcj_lat":31.264126,"wgs_lng":121.482671852,"wgs_lat":31.2660914582,"bd_lng":121.493721206,"bd_lat":31.2698398753,"gcj_shape":"121.487355,31.264507;121.487357,31.264289;121.487741,31.264277;121.48774,31.263598;121.48677,31.263936;121.486778,31.263967;121.486497,31.264067;121.486537,31.26453;121.487355,31.264507","FID_1":4768,"id_1":"B00155KTOS","type1":"科教文化服务","type2":"学校","type3":"中学","__source_file__":"13-常用公服设施点/SHP/上海市_科教文化服务-面.shp"},"geometry":{"type":"Polygon","coordinates":[[[121.48286168862059,31.26624105032826],[121.48324702436068,31.266230167915342],[121.48324607919696,31.265551456401827],[121.48227268530849,31.265886505971906],[121.48228071153451,31.265917515508647],[121.48199873163415,31.26601666197014],[121.48203882938577,31.26647957852363],[121.48285966358661,31.266458951384543],[121.48286168862059,31.26624105032826]]]}},{"id":"4554","type":"Feature","properties":{"id":"B0FFG0YTDT","name":"上海市虹口区同心路幼儿园","type":"科教文化服务;学校;幼儿园","addr":"上海市虹口区天通庵路690号","结构":null,"面积":0.0,"时间":null,"装修":null,"价格":0.0,"gcj_lng":121.477229,"gcj_lat":31.26469,"wgs_lng":121.472714651,"wgs_lat":31.2666267077,"bd_lng":121.483758952,"bd_lat":31.2705541175,"gcj_shape":"121.477192,31.264355;121.477544,31.264703;121.477574,31.264788;121.477569,31.264825;121.477416,31.265094;121.477345,31.26498;121.477133,31.264843;121.476981,31.264754;121.476812,31.264613;121.476803,31.264576;121.477192,31.264355","FID_1":25621,"id_1":"B0FFG0YTDT","type1":"科教文化服务","type2":"学校","type3":"幼儿园","__source_file__":"13-常用公服设施点/SHP/上海市_科教文化服务-面.shp"},"geometry":{"type":"Polygon","coordinates":[[[121.47227220895576,31.266498324895863],[121.47228123398972,31.266535333240512],[121.47245076923943,31.266676730207443],[121.47260325382517,31.266766102736476],[121.4728159303379,31.266903619508746],[121.47288715087512,31.26701776375199],[121.47304067181969,31.26674929423333],[121.4730456908932,31.26671232284356],[121.4730156002941,31.266627277544025],[121.47266248807145,31.26627847288132],[121.47227220895576,31.266498324895863]]]}},{"id":"2282","type":"Feature","properties":{"id":"B00150ECB9","name":"上海市民办新复兴初级中学","type":"科教文化服务;学校;中学","addr":"上海市虹口区四川北路2066号(山阴路四川北路)","结构":null,"面积":0.0,"时间":null,"装修":null,"价格":0.0,"gcj_lng":121.482787,"gcj_lat":31.265468,"wgs_lng":121.478291497,"wgs_lat":31.2674201665,"bd_lng":121.489339741,"bd_lat":31.2712404104,"gcj_shape":"121.482478,31.266126;121.483066,31.266013;121.482942,31.265611;121.483075,31.265578;121.48303,31.265399;121.483394,31.265327;121.483282,31.264793;121.483224,31.264765;121.483173,31.264752;121.483129,31.26475;121.482988,31.264797;121.483061,31.265045;121.","FID_1":13415,"id_1":"B00150ECB9","type1":"科教文化服务","type2":"学校","type3":"中学","__source_file__":"13-常用公服设施点/SHP/上海市_科教文化服务-面.shp"},"geometry":{"type":"Polygon","coordinates":[[[121.47855582739447,31.26795203565407],[121.47843144234847,31.267549855648042],[121.47856489534377,31.267517246654517],[121.47851975825307,31.267338195394515],[121.47888499802971,31.267267256357194],[121.47877266483975,31.266733166354186],[121.47871447112468,31.266705015554436],[121.47866329886723,31.26669187667561],[121.47861914925957,31.26668975329399],[121.47847766825008,31.26673633427334],[121.47855089415168,31.266984433813093],[121.47769299140549,31.267169943531037],[121.47794777103425,31.268059279701234],[121.47796583183097,31.268063328577043],[121.47855582739447,31.26795203565407]]]}},{"id":"650","type":"Feature","properties":{"id":"B00154DCU8","name":"虹口区第三中心小学","type":"科教文化服务;学校;小学","addr":"上海市虹口区山阴路103号","结构":null,"面积":0.0,"时间":null,"装修":null,"价格":0.0,"gcj_lng":121.485715,"gcj_lat":31.265633,"wgs_lng":121.481229674,"wgs_lat":31.2675935995,"bd_lng":121.49227813,"bd_lat":31.2713643757,"gcj_shape":"121.486035,31.265799;121.485568,31.265813;121.484775,31.265847;121.484777,31.265488;121.486717,31.265434;121.486724,31.265696;121.486464,31.265697;121.486467,31.265793;121.486035,31.265799","FID_1":3616,"id_1":"B00154DCU8","type1":"科教文化服务","type2":"学校","type3":"小学","__source_file__":"13-常用公服设施点/SHP/上海市_科教文化服务-面.shp"},"geometry":{"type":"Polygon","coordinates":[[[121.48196847891046,31.267741837041854],[121.48196547771835,31.26764586922836],[121.48222637596035,31.267645620842927],[121.48221937298013,31.26738371203804],[121.48027269666385,31.267432120526315],[121.48027065911293,31.267790961381912],[121.48106637946893,31.267759245431904],[121.48153498879432,31.267746592496877],[121.48196847891046,31.267741837041854]]]}},{"id":"2672","type":"Feature","properties":{"id":"B00155FKJJ","name":"多伦同心小学","type":"科教文化服务;学校;小学","addr":"上海市虹口区同心路157弄4号","结构":null,"面积":0.0,"时间":null,"装修":null,"价格":0.0,"gcj_lng":121.477258,"gcj_lat":31.267642,"wgs_lng":121.472743494,"wgs_lat":31.2695775253,"bd_lng":121.483785251,"bd_lat":31.2735048733,"gcj_shape":"121.477137,31.267864;121.477526,31.267735;121.477409,31.267421;121.476971,31.267562;121.477059,31.267746;121.477085,31.267735;121.477137,31.267864","FID_1":15603,"id_1":"B00155FKJJ","type1":"科教文化服务","type2":"学校","type3":"小学","__source_file__":"13-常用公服设施点/SHP/上海市_科教文化服务-面.shp"},"geometry":{"type":"Polygon","coordinates":[[[121.47299728081322,31.269657937631607],[121.47287992676164,31.269343752857207],[121.47244049505807,31.269483507120135],[121.47252876327897,31.26966766566849],[121.47255484910966,31.269656741962432],[121.47260700646592,31.26978582779312],[121.47299728081322,31.269657937631607]]]}},{"id":"1911","type":"Feature","properties":{"id":"B0015432C4","name":"祥德路小学","type":"科教文化服务;学校;小学","addr":"上海市虹口区祥德路141号","结构":null,"面积":0.0,"时间":null,"装修":null,"价格":0.0,"gcj_lng":121.488605,"gcj_lat":31.270801,"wgs_lng":121.484129415,"wgs_lat":31.2727678908,"bd_lng":121.495172225,"bd_lat":31.2764968322,"gcj_shape":"121.488796,31.270434;121.488197,31.270631;121.488306,31.270935;121.488348,31.270919;121.488434,31.271166;121.489,31.270989;121.488796,31.270434","FID_1":11120,"id_1":"B0015432C4","type1":"科教文化服务","type2":"学校","type3":"小学","__source_file__":"13-常用公服设施点/SHP/上海市_科教文化服务-面.shp"},"geometry":{"type":"Polygon","coordinates":[[[121.48370406505774,31.272582793432235],[121.48381341791725,31.27288698178291],[121.48385556573677,31.272871110528946],[121.48394184468651,31.273118255964278],[121.48450983667374,31.2729429809227],[121.4843051702938,31.272387619718558],[121.48370406505774,31.272582793432235]]]}},{"id":"514","type":"Feature","properties":{"id":"B00156O1W7","name":"上海市虹口区社会主义学院","type":"科教文化服务;学校;高等院校","addr":"上海市虹口区欧阳路415号","结构":null,"面积":0.0,"时间":null,"装修":null,"价格":0.0,"gcj_lng":121.487589,"gcj_lat":31.27111,"wgs_lng":121.483109796,"wgs_lat":31.2730737644,"bd_lng":121.49415305,"bd_lat":31.2768170821,"gcj_shape":"121.487337,31.271407;121.487933,31.27129;121.487804,31.270879;121.487504,31.270751;121.487271,31.271174;121.487337,31.271407","FID_1":2836,"id_1":"B00156O1W7","type1":"科教文化服务","type2":"学校","type3":"高等院校","__source_file__":"13-常用公服设施点/SHP/上海市_科教文化服务-面.shp"},"geometry":{"type":"Polygon","coordinates":[[[121.48343908873369,31.273240747966764],[121.48330967507744,31.27282954650307],[121.48300864391709,31.27270073230362],[121.48277479872326,31.2731228799572],[121.48284100793553,31.273355972344397],[121.48343908873369,31.273240747966764]]]}},{"id":"1652","type":"Feature","properties":{"id":"B00155KCRW","name":"上海市虹口区青少年体育运动学校","type":"科教文化服务;学校;职业技术学校","addr":"上海市虹口区东体育会路105号","结构":null,"面积":0.0,"时间":null,"装修":null,"价格":0.0,"gcj_lng":121.48177,"gcj_lat":31.272745,"wgs_lng":121.477270367,"wgs_lat":31.274691147,"bd_lng":121.48831224,"bd_lat":31.2785312648,"gcj_shape":"121.481755,31.273136;121.482413,31.272913;121.482219,31.272559;121.481878,31.272682;121.481827,31.272573;121.481675,31.272607;121.481525,31.272309;121.481206,31.272434;121.481183,31.272483;121.481221,31.272579;121.481401,31.272892;121.48154,31.272834;121","FID_1":9650,"id_1":"B00155KCRW","type1":"科教文化服务","type2":"学校","type3":"职业技术学校","__source_file__":"13-常用公服设施点/SHP/上海市_科教文化服务-面.shp"},"geometry":{"type":"Polygon","coordinates":[[[121.47790002716826,31.274847275627135],[121.47770540370368,31.274492878660197],[121.47736324737357,31.27461487014962],[121.47731208524891,31.274505772397994],[121.47715957205295,31.274539331919676],[121.47700909581187,31.274241038068773],[121.47668901577566,31.274365093931202],[121.47666593471337,31.274414008100514],[121.47670405392267,31.274510074857716],[121.47688462970353,31.274823445598603],[121.47702410058022,31.274765859254842],[121.47710435509204,31.274910023167614],[121.477153521389,31.274898165622716],[121.47723979437828,31.275068333707814],[121.47790002716826,31.274847275627135]]]}},{"id":"3733","type":"Feature","properties":{"id":"B00155MSED","name":"上海市虹口区花园幼儿园","type":"科教文化服务;学校;幼儿园","addr":"上海市虹口区中山北一路131弄1支弄16号甲","结构":null,"面积":0.0,"时间":null,"装修":null,"价格":0.0,"gcj_lng":121.476367,"gcj_lat":31.272858,"wgs_lng":121.471849074,"wgs_lat":31.2747888316,"bd_lng":121.482885624,"bd_lat":31.2787356372,"gcj_shape":"121.476181,31.27306;121.476605,31.272955;121.476478,31.272591;121.476449,31.272592;121.476106,31.272908;121.476181,31.27306","FID_1":21274,"id_1":"B00155MSED","type1":"科教文化服务","type2":"学校","type3":"幼儿园","__source_file__":"13-常用公服设施点/SHP/上海市_科教文化服务-面.shp"},"geometry":{"type":"Polygon","coordinates":[[[121.47207284639359,31.2748732419777],[121.47194546850014,31.274509052434922],[121.47191637432482,31.27450997494889],[121.47157224302865,31.274824919946674],[121.47164747131443,31.27497705644131],[121.47207284639359,31.2748732419777]]]}},{"id":"64","type":"Feature","properties":{"id":"B0FFH1HPLS","name":"虹口区第三中心小学吉祥校区","type":"科教文化服务;学校;小学","addr":"上海市虹口区吉祥路塘里10号","结构":null,"面积":0.0,"时间":null,"装修":null,"价格":0.0,"gcj_lng":121.489913,"gcj_lat":31.266287,"wgs_lng":121.485442444,"wgs_lat":31.268259683,"bd_lng":121.496487756,"bd_lat":31.2719705818,"gcj_shape":"121.489654,31.266582;121.489536,31.266181;121.490168,31.26599;121.490296,31.266398;121.489882,31.266496;121.48989,31.26653;121.489654,31.266582","FID_1":401,"id_1":"B0FFH1HPLS","type1":"科教文化服务","type2":"学校","type3":"小学","__source_file__":"13-常用公服设施点/SHP/上海市_科教文化服务-面.shp"},"geometry":{"type":"Polygon","coordinates":[[[121.48540333904268,31.268488470344543],[121.48539531341267,31.268454460211757],[121.48581077551461,31.268357716081624],[121.48568236066626,31.267949513425826],[121.48504812668418,31.268138582235345],[121.48516650576974,31.2685397562809],[121.48540333904268,31.268488470344543]]]}},{"id":"4077","type":"Feature","properties":{"id":"B00156OAW3","name":"安星幼儿园","type":"科教文化服务;学校;学校","addr":"上海市静安区洛川东路200弄12号(近闸北公园)","结构":null,"面积":0.0,"时间":null,"装修":null,"价格":0.0,"gcj_lng":121.465177,"gcj_lat":31.270969,"wgs_lng":121.460623682,"wgs_lat":31.2728709131,"bd_lng":121.471643038,"bd_lat":31.2770573375,"gcj_shape":"121.46547,31.270924;121.465118,31.270716;121.464869,31.271005;121.465262,31.271225;121.46547,31.270924","FID_1":23042,"id_1":"B00156OAW3","type1":"科教文化服务","type2":"学校","type3":"学校","__source_file__":"13-常用公服设施点/SHP/上海市_科教文化服务-面.shp"},"geometry":{"type":"Polygon","coordinates":[[[121.4605509687357,31.272605873147015],[121.46030123261832,31.272894156103135],[121.46069533768846,31.27311500368118],[121.46090396055698,31.272814628933908],[121.4605509687357,31.272605873147015]]]}},{"id":"1482","type":"Feature","properties":{"id":"B00155L2TF","name":"上海市虹口区柳营路小学","type":"科教文化服务;学校;小学","addr":"上海市虹口区柳营路65-67号","结构":null,"面积":0.0,"时间":null,"装修":null,"价格":0.0,"gcj_lng":121.469045,"gcj_lat":31.27184,"wgs_lng":121.464503493,"wgs_lat":31.2737514822,"bd_lng":121.475529058,"bd_lat":31.2778553171,"gcj_shape":"121.468823,31.272363;121.469208,31.271864;121.469278,31.271892;121.469615,31.271548;121.469243,31.271312;121.468482,31.27222;121.468732,31.272369;121.46876,31.272331;121.468823,31.272363","FID_1":8666,"id_1":"B00155L2TF","type1":"科教文化服务","type2":"学校","type3":"小学","__source_file__":"13-常用公服设施点/SHP/上海市_科教文化服务-面.shp"},"geometry":{"type":"Polygon","coordinates":[[[121.46465286641885,31.273763417638776],[121.46472307384303,31.273791582147602],[121.46506111871246,31.27344857575703],[121.4646880196028,31.27321173890782],[121.46392466343119,31.274117453069692],[121.46417539776039,31.274267013353352],[121.46420348478318,31.274229100376132],[121.46426666955759,31.274261244619368],[121.46465286641885,31.273763417638776]]]}},{"id":"2439","type":"Feature","properties":{"id":"B001515EC0","name":"上海市北虹初级中学","type":"科教文化服务;学校;中学","addr":"上海市虹口区水电路285号(近广中路)","结构":null,"面积":0.0,"时间":null,"装修":null,"价格":0.0,"gcj_lng":121.475258,"gcj_lat":31.274816,"wgs_lng":121.470736232,"wgs_lat":31.27674294,"bd_lng":121.481769943,"bd_lat":31.2807134413,"gcj_shape":"121.475568,31.274936;121.475003,31.275244;121.47497,31.275249;121.474773,31.274799;121.475458,31.274385;121.475793,31.274801;121.475568,31.274936","FID_1":14238,"id_1":"B001515EC0","type1":"科教文化服务","type2":"学校","type3":"中学","__source_file__":"13-常用公服设施点/SHP/上海市_科教文化服务-面.shp"},"geometry":{"type":"Polygon","coordinates":[[[121.47125807418156,31.27671628737545],[121.47092203765678,31.2762995667553],[121.470234820364,31.2767115688076],[121.4704324068737,31.277161904977795],[121.47046551356601,31.277156994980814],[121.47103234283256,31.27685062874413],[121.47125807418156,31.27671628737545]]]}},{"id":"2827","type":"Feature","properties":{"id":"B0FFGSGCAK","name":"花园幼儿园分部(同心路)","type":"科教文化服务;学校;幼儿园","addr":"上海市虹口区同心路1049号花园","结构":null,"面积":0.0,"时间":null,"装修":null,"价格":0.0,"gcj_lng":121.468052,"gcj_lat":31.275271,"wgs_lng":121.463507102,"wgs_lat":31.2771784517,"bd_lng":121.474528558,"bd_lat":31.2813045278,"gcj_shape":"121.467678,31.275514;121.468135,31.274954;121.468263,31.275025;121.468286,31.27507;121.468299,31.275118;121.468298,31.275308;121.46829,31.275461;121.468015,31.275457;121.467932,31.275535;121.467686,31.275531;121.467678,31.275514","FID_1":16491,"id_1":"B0FFGSGCAK","type1":"科教文化服务","type2":"学校","type3":"幼儿园","__source_file__":"13-常用公服设施点/SHP/上海市_科教文化服务-面.shp"},"geometry":{"type":"Polygon","coordinates":[[[121.46312601698494,31.2774250961361],[121.46337274296951,31.277429700527193],[121.46345599569318,31.277351938945767],[121.46373181108476,31.277356620822903],[121.46373984803967,31.27720370307732],[121.46374086890127,31.277013784735672],[121.46372783492663,31.276965773410794],[121.4637047693615,31.27692073407173],[121.46357639564037,31.276849447373387],[121.46311799493124,31.27740808242703],[121.46312601698494,31.2774250961361]]]}},{"id":"4442","type":"Feature","properties":{"id":"B00155KUBY","name":"上海市体育运动学校","type":"科教文化服务;学校;学校","addr":"上海市虹口区水电路176号(近广中路)","结构":null,"面积":0.0,"时间":null,"装修":null,"价格":0.0,"gcj_lng":121.471722,"gcj_lat":31.275688,"wgs_lng":121.467188649,"wgs_lat":31.2776049589,"bd_lng":121.478216268,"bd_lat":31.2816515366,"gcj_shape":"121.471988,31.278081;121.472002,31.278106;121.472018,31.278119;121.472027,31.278119;121.472147,31.278092;121.472165,31.278091;121.472208,31.278103;121.472336,31.278132;121.472431,31.278135;121.472522,31.278112;121.472629,31.278074;121.472687,31.278041;12","FID_1":25051,"id_1":"B00155KUBY","type1":"科教文化服务","type2":"学校","type3":"学校","__source_file__":"13-常用公服设施点/SHP/上海市_科教文化服务-面.shp"},"geometry":{"type":"Polygon","coordinates":[[[121.46814306179333,31.27901312733364],[121.46784719335363,31.278442597448347],[121.46775692751692,31.278274434131625],[121.46775693109322,31.278249444860457],[121.46777498890971,31.278226501484873],[121.46805388238334,31.277877367540356],[121.46855349707319,31.27717695838833],[121.46865183026316,31.276876341646194],[121.46865584218406,31.27686435595131],[121.4686618636417,31.276853377408983],[121.46871704126357,31.276777552646642],[121.46918054210852,31.276206003423688],[121.46919558979226,31.276185051107404],[121.46919559217645,31.276170058259964],[121.46919258263969,31.276160053491594],[121.4691825516453,31.276148032033923],[121.46832091115951,31.275564028125764],[121.4682948300972,31.275557961368563],[121.46827376572418,31.275557906532292],[121.46825169658277,31.27556584692765],[121.46801593900774,31.275852115578658],[121.46766180353927,31.27632300156784],[121.46764876062394,31.276331963420866],[121.46763471890068,31.27633192885017],[121.46670490258118,31.275820751492503],[121.46668885310936,31.275816711557383],[121.46667481019401,31.2758166757946],[121.46666377681541,31.27582464480019],[121.466591540781,31.275987392076487],[121.46603575860215,31.27702254314041],[121.46601970853425,31.277031497840888],[121.4660036590624,31.277031457905778],[121.46598159290124,31.27702940128136],[121.46518719560244,31.276957423599242],[121.46516713480568,31.276957372339254],[121.46514506804849,31.27696531273461],[121.46511999115849,31.276989240612984],[121.46509290711592,31.27702115895462],[121.46506782605363,31.277074073123934],[121.46506080101969,31.277120036169052],[121.46505879267502,31.27715901590348],[121.4651018230734,31.278294650526995],[121.46511686598875,31.278316680329326],[121.46514896135615,31.278332754239088],[121.46518807996941,31.278332852586743],[121.46530041852381,31.278320141073223],[121.4656053423958,31.27829392189408],[121.46594537355614,31.27829578377724],[121.46644991314413,31.278255083754537],[121.4664699733448,31.27826013322639],[121.46648501864433,31.27826816898918],[121.46650708480549,31.27829421369266],[121.466854079607,31.279074776956556],[121.46686410821724,31.27908579841423],[121.46687815113259,31.27908883417701],[121.46689620716094,31.279085880668635],[121.46694335259627,31.27907300703049],[121.4669583990879,31.279070046369547],[121.46697344438743,31.279073084516526],[121.46698447776603,31.279084108358376],[121.46708026094711,31.279273466050075],[121.4682254502065,31.279177072753466],[121.46814306179333,31.27901312733364]]]}},{"id":"3220","type":"Feature","properties":{"id":"B001542308","name":"上海市广中学校","type":"科教文化服务;学校;中学","addr":"上海市虹口区水电路365号","结构":null,"面积":0.0,"时间":null,"装修":null,"价格":0.0,"gcj_lng":121.475376,"gcj_lat":31.276086,"wgs_lng":121.470854512,"wgs_lat":31.2780127337,"bd_lng":121.481887612,"bd_lat":31.2819810473,"gcj_shape":"121.475224,31.276534;121.475532,31.276488;121.475512,31.276395;121.475765,31.276335;121.475237,31.275513;121.475098,31.275543;121.475193,31.275923;121.475213,31.276236;121.475224,31.276534","FID_1":18553,"id_1":"B001542308","type1":"科教文化服务","type2":"学校","type3":"中学","__source_file__":"13-常用公服设施点/SHP/上海市_科教文化服务-面.shp"},"geometry":{"type":"Polygon","coordinates":[[[121.47099609249304,31.27840188726234],[121.47097603765675,31.278308872957226],[121.47122985304833,31.278249573907857],[121.47070023478223,31.277426505196573],[121.47056079013159,31.27745612253475],[121.47065606014061,31.27783621730613],[121.47067609709549,31.2781491398201],[121.47068710544013,31.278447045644768],[121.47099609249304,31.27840188726234]]]}},{"id":"3296","type":"Feature","properties":{"id":"B001551LJP","name":"虹口区第六中心小学","type":"科教文化服务;学校;小学","addr":"上海市虹口区新同心路189号(同心路新同心路)","结构":null,"面积":0.0,"时间":null,"装修":null,"价格":0.0,"gcj_lng":121.466573,"gcj_lat":31.276753,"wgs_lng":121.462023419,"wgs_lat":31.2786560243,"bd_lng":121.47304136,"bd_lat":31.2828142017,"gcj_shape":"121.466124,31.27625;121.465916,31.276568;121.465785,31.276511;121.465687,31.276754;121.465652,31.276974;121.466436,31.2769;121.466856,31.276837;121.466912,31.277188;121.467671,31.27712;121.467523,31.276889;121.466746,31.276509;121.466269,31.276263;121.46","FID_1":18912,"id_1":"B001551LJP","type1":"科教文化服务","type2":"学校","type3":"小学","__source_file__":"13-常用公服设施点/SHP/上海市_科教文化服务-面.shp"},"geometry":{"type":"Polygon","coordinates":[[[121.46135075568294,31.278457341473583],[121.46121938315392,31.278400048814767],[121.4611210797663,31.27864271204853],[121.46108595876885,31.278862536214824],[121.46187223447419,31.278790463829047],[121.46229346471407,31.27872851287079],[121.46234959942055,31.279079504526138],[121.46311083519078,31.27901339697361],[121.46296241855433,31.278782128156664],[121.4621831714592,31.278400381740575],[121.46170480412863,31.27815332196998],[121.46155938570405,31.27813997745514],[121.46135075568294,31.278457341473583]]]}},{"id":"798","type":"Feature","properties":{"id":"B00154D27B","name":"上海市虹口区体育幼儿园东体部","type":"科教文化服务;学校;幼儿园","addr":"上海市虹口区东体育会支路70号(东江湾路东体育会支路)","结构":null,"面积":0.0,"时间":null,"装修":null,"价格":0.0,"gcj_lng":121.480376,"gcj_lat":31.273733,"wgs_lng":121.475871508,"wgs_lat":31.2756747454,"bd_lng":121.486911743,"bd_lat":31.2795413172,"gcj_shape":"121.48048,31.273652;121.480401,31.273687;121.480315,31.27371;121.480182,31.273783;121.480256,31.27393;121.480572,31.273825;121.48048,31.273652","FID_1":4510,"id_1":"B00154D27B","type1":"科教文化服务","type2":"学校","type3":"幼儿园","__source_file__":"13-常用公服设施点/SHP/上海市_科教文化服务-面.shp"},"geometry":{"type":"Polygon","coordinates":[[[121.4758812238941,31.2756153258915],[121.4757949354076,31.275638077936172],[121.4756614871807,31.27571067977715],[121.47573572083093,31.275857822828293],[121.47605278060149,31.275753744316102],[121.47596048913479,31.27558056132984],[121.4758812238941,31.2756153258915]]]}},{"id":"3905","type":"Feature","properties":{"id":"B001549C8B","name":"广中路小学","type":"科教文化服务;学校;小学","addr":"上海市虹口区广中支路140号甲","结构":null,"面积":0.0,"时间":null,"装修":null,"价格":0.0,"gcj_lng":121.476998,"gcj_lat":31.274546,"wgs_lng":121.472482032,"wgs_lat":31.2764778786,"bd_lng":121.483518248,"bd_lat":31.2804119941,"gcj_shape":"121.47765,31.27455;121.476647,31.275089;121.476282,31.274589;121.476803,31.274287;121.477103,31.27414;121.477516,31.27405;121.47765,31.27455","FID_1":22230,"id_1":"B001549C8B","type1":"科教文化服务","type2":"学校","type3":"小学","__source_file__":"13-常用公服设施点/SHP/上海市_科教文化服务-面.shp"},"geometry":{"type":"Polygon","coordinates":[[[121.47298670264817,31.275970249462127],[121.4725723543911,31.276059091939928],[121.47227137091448,31.27620521813584],[121.4717486632414,31.276505688084605],[121.47211479751778,31.277006463541035],[121.47312109663487,31.276470405030253],[121.47298670264817,31.275970249462127]]]}},{"id":"2552","type":"Feature","properties":{"id":"B00154A436","name":"上海市鲁迅中学","type":"科教文化服务;学校;中学","addr":"上海市虹口区广中路132号(近中山北一路)","结构":null,"面积":0.0,"时间":null,"装修":null,"价格":0.0,"gcj_lng":121.477369,"gcj_lat":31.27523,"wgs_lng":121.472854213,"wgs_lat":31.2771626281,"bd_lng":121.483890451,"bd_lat":31.2810892823,"gcj_shape":"121.477226,31.275855;121.477391,31.275756;121.477414,31.275777;121.477577,31.275688;121.477718,31.275615;121.477789,31.275591;121.477953,31.275567;121.477811,31.274994;121.477662,31.274566;121.47729,31.274763;121.476656,31.275098;121.477226,31.275855","FID_1":14916,"id_1":"B00154A436","type1":"科教文化服务","type2":"学校","type3":"中学","__source_file__":"13-常用公服设施点/SHP/上海市_科教文化服务-面.shp"},"geometry":{"type":"Polygon","coordinates":[[[121.4728611501131,31.277675198632238],[121.47288422223471,31.277696251680375],[121.47304776106074,31.27760773090172],[121.47318922597694,31.277535145750043],[121.47326045962717,31.277511348405838],[121.47342499606896,31.27748780616951],[121.47328258181669,31.27691465775394],[121.47313313358974,31.276486430064203],[121.47275990633011,31.27668233870315],[121.47212382612801,31.277015482614516],[121.47269560592272,31.277773709278108],[121.4728611501131,31.277675198632238]]]}},{"id":"1340","type":"Feature","properties":{"id":"B00154DUXW","name":"上海外国语大学虹口校区","type":"科教文化服务;学校;高等院校","addr":"上海市虹口区大连西路550号","结构":null,"面积":0.0,"时间":null,"装修":null,"价格":0.0,"gcj_lng":121.483354,"gcj_lat":31.277067,"wgs_lng":121.478859465,"wgs_lat":31.2790158995,"bd_lng":121.489899296,"bd_lat":31.2828285477,"gcj_shape":"121.482885,31.278826;121.483189,31.278855;121.483201,31.278855;121.483215,31.278848;121.483225,31.278832;121.483243,31.278713;121.483247,31.278701;121.483255,31.278692;121.483283,31.278689;121.483862,31.278757;121.483885,31.278768;121.483903,31.278778;12","FID_1":7719,"id_1":"B00154DUXW","type1":"科教文化服务","type2":"学校","type3":"高等院校","__source_file__":"13-常用公服设施点/SHP/上海市_科教文化服务-面.shp"},"geometry":{"type":"Polygon","coordinates":[[[121.47743528552053,31.276979083368303],[121.47716538012598,31.27699232221699],[121.47686336863518,31.277022466890337],[121.47667875232312,31.277044943561553],[121.47651319799996,31.277074470300676],[121.47641185765745,31.27710617525768],[121.476333595397,31.277133946375848],[121.47602154933548,31.27723104098129],[121.47600750284386,31.277244996873854],[121.47599947482966,31.277260966475488],[121.47599947304153,31.277278959918974],[121.47615144117856,31.27756824188623],[121.47784033220081,31.276973953563992],[121.47743528552053,31.276979083368303]]]}}],"name":"上海市_科教文化服务-面","crs":{"type":"name","properties":{"name":"urn:ogc:def:crs:OGC:1.3:CRS84"}}}