{"type":"FeatureCollection","features":[{"id":"6259","type":"Feature","properties":{"id":"B0FFLGPXNI","name":"有光绘画艺术空间","address":"南京西路1728号百乐门大都会808","type":"科教文化服务;培训机构;培训机构","typecode":"141400","pcode":310000,"pname":"上海市","citycode":21,"cityname":"上海市","adcode":310106,"adname":"静安区","business_a":"曹家渡","location":"121.444622,31.222544","tel":"4001850113","bigType":"科教文化服务","midType":"培训机构","smallType":"培训机构","gcj_lng":121.444622,"gcj_lat":31.222544,"wgs84_loc":"121.440019,31.224422","wgs84Lng":"121.440019","wgs84Lat":"31.224422","__source_file__":"13-常用公服设施点/SHP/上海市_培训机构.shp"},"geometry":{"type":"Point","coordinates":[121.440019,31.224422]}},{"id":"6140","type":"Feature","properties":{"id":"B0G3Z1UX5D","name":"闪光思想库","address":"南京西路1728号百乐门大都会6楼610室","type":"科教文化服务;培训机构;培训机构","typecode":"141400","pcode":310000,"pname":"上海市","citycode":21,"cityname":"上海市","adcode":310106,"adname":"静安区","business_a":"曹家渡","location":"121.444744,31.222563","tel":"[]","bigType":"科教文化服务","midType":"培训机构","smallType":"培训机构","gcj_lng":121.444744,"gcj_lat":31.222563,"wgs84_loc":"121.440141,31.224442","wgs84Lng":"121.440141","wgs84Lat":"31.224442","__source_file__":"13-常用公服设施点/SHP/上海市_培训机构.shp"},"geometry":{"type":"Point","coordinates":[121.440141,31.224442]}},{"id":"17442","type":"Feature","properties":{"id":"B0FFHLQWJ5","name":"iyoo club(芮欧百货)","address":"南京西路1601号芮欧百货F4层","type":"科教文化服务;培训机构;培训机构","typecode":"141400","pcode":310000,"pname":"上海市","citycode":21,"cityname":"上海市","adcode":310106,"adname":"静安区","business_a":"曹家渡","location":"121.447260,31.222983","tel":"[]","bigType":"科教文化服务","midType":"培训机构","smallType":"培训机构","gcj_lng":121.44726,"gcj_lat":31.222983,"wgs84_loc":"121.442663,31.224866","wgs84Lng":"121.442663","wgs84Lat":"31.224866","__source_file__":"13-常用公服设施点/SHP/上海市_培训机构.shp"},"geometry":{"type":"Point","coordinates":[121.442663,31.224866]}},{"id":"6286","type":"Feature","properties":{"id":"B0FFI6S8BP","name":"爱油画·吧(芮欧百货店)","address":"南京西路1601号芮欧百货F4号","type":"科教文化服务;培训机构;培训机构","typecode":"141400","pcode":310000,"pname":"上海市","citycode":21,"cityname":"上海市","adcode":310106,"adname":"静安区","business_a":"曹家渡","location":"121.447599,31.223119","tel":"021-62155090","bigType":"科教文化服务","midType":"培训机构","smallType":"培训机构","gcj_lng":121.447599,"gcj_lat":31.223119,"wgs84_loc":"121.443003,31.225003","wgs84Lng":"121.443003","wgs84Lat":"31.225003","__source_file__":"13-常用公服设施点/SHP/上海市_培训机构.shp"},"geometry":{"type":"Point","coordinates":[121.443003,31.225003]}},{"id":"6078","type":"Feature","properties":{"id":"B0FFHTL9ZI","name":"留住印象画室","address":"华山路2号静安高和大厦7楼","type":"科教文化服务;培训机构;培训机构","typecode":"141400","pcode":310000,"pname":"上海市","citycode":21,"cityname":"上海市","adcode":310106,"adname":"静安区","business_a":"曹家渡","location":"121.444317,31.223243","tel":"18801915856","bigType":"科教文化服务","midType":"培训机构","smallType":"培训机构","gcj_lng":121.444317,"gcj_lat":31.223243,"wgs84_loc":"121.439713,31.225121","wgs84Lng":"121.439713","wgs84Lat":"31.225121","__source_file__":"13-常用公服设施点/SHP/上海市_培训机构.shp"},"geometry":{"type":"Point","coordinates":[121.439713,31.225121]}},{"id":"14346","type":"Feature","properties":{"id":"B0FFHEPBUG","name":"花艺Flowertree Firstclass插花DIY培训教室(芮欧百货店)","address":"常德路与安义路交叉口西60米","type":"科教文化服务;培训机构;培训机构","typecode":"141400","pcode":310000,"pname":"上海市","citycode":21,"cityname":"上海市","adcode":310106,"adname":"静安区","business_a":"曹家渡","location":"121.447710,31.223310","tel":"[]","bigType":"科教文化服务","midType":"培训机构","smallType":"培训机构","gcj_lng":121.44771,"gcj_lat":31.22331,"wgs84_loc":"121.443114,31.225194","wgs84Lng":"121.443114","wgs84Lat":"31.225194","__source_file__":"13-常用公服设施点/SHP/上海市_培训机构.shp"},"geometry":{"type":"Point","coordinates":[121.443114,31.225194]}},{"id":"6119","type":"Feature","properties":{"id":"B0H3TUJXYJ","name":"代数学家(久光百货上海店)","address":"南京西路1618号久光百货B1","type":"科教文化服务;培训机构;培训机构","typecode":"141400","pcode":310000,"pname":"上海市","citycode":21,"cityname":"上海市","adcode":310106,"adname":"静安区","business_a":"曹家渡","location":"121.446254,31.223712","tel":"[]","bigType":"科教文化服务","midType":"培训机构","smallType":"培训机构","gcj_lng":121.446254,"gcj_lat":31.223712,"wgs84_loc":"121.441654,31.225593","wgs84Lng":"121.441654","wgs84Lat":"31.225593","__source_file__":"13-常用公服设施点/SHP/上海市_培训机构.shp"},"geometry":{"type":"Point","coordinates":[121.441654,31.225593]}},{"id":"5934","type":"Feature","properties":{"id":"B0GUSCLT7Q","name":"漫步音乐(静安寺店)","address":"愚园路172号环球世界大厦1906室,2/7号线静安寺地铁站1号口出,右转步行80米即到","type":"科教文化服务;培训机构;培训机构","typecode":"141400","pcode":310000,"pname":"上海市","citycode":21,"cityname":"上海市","adcode":310106,"adname":"静安区","business_a":"曹家渡","location":"121.444574,31.224026","tel":"18701903558;16621106705","bigType":"科教文化服务","midType":"培训机构","smallType":"培训机构","gcj_lng":121.444574,"gcj_lat":31.224026,"wgs84_loc":"121.439971,31.225904","wgs84Lng":"121.439971","wgs84Lat":"31.225904","__source_file__":"13-常用公服设施点/SHP/上海市_培训机构.shp"},"geometry":{"type":"Point","coordinates":[121.439971,31.225904]}},{"id":"10743","type":"Feature","properties":{"id":"B0FFL9UX17","name":"常远留学","address":"愚园路172号环球世界大厦A座1203A","type":"科教文化服务;培训机构;培训机构","typecode":"141400","pcode":310000,"pname":"上海市","citycode":21,"cityname":"上海市","adcode":310106,"adname":"静安区","business_a":"曹家渡","location":"121.444516,31.224077","tel":"[]","bigType":"科教文化服务","midType":"培训机构","smallType":"培训机构","gcj_lng":121.444516,"gcj_lat":31.224077,"wgs84_loc":"121.439913,31.225954","wgs84Lng":"121.439913","wgs84Lat":"31.225954","__source_file__":"13-常用公服设施点/SHP/上海市_培训机构.shp"},"geometry":{"type":"Point","coordinates":[121.439913,31.225954]}},{"id":"6053","type":"Feature","properties":{"id":"B0FFKGU3Q7","name":"赵汝飞练字硬笔书法学校","address":"愚园路172号环球世界大厦A座1806室静安寺旁","type":"科教文化服务;培训机构;培训机构","typecode":"141400","pcode":310000,"pname":"上海市","citycode":21,"cityname":"上海市","adcode":310106,"adname":"静安区","business_a":"曹家渡","location":"121.444480,31.224094","tel":"15026582558;18516224466","bigType":"科教文化服务","midType":"培训机构","smallType":"培训机构","gcj_lng":121.44448,"gcj_lat":31.224094,"wgs84_loc":"121.439876,31.225971","wgs84Lng":"121.439876","wgs84Lat":"31.225971","__source_file__":"13-常用公服设施点/SHP/上海市_培训机构.shp"},"geometry":{"type":"Point","coordinates":[121.439876,31.225971]}},{"id":"6052","type":"Feature","properties":{"id":"B0G26HLPTK","name":"PAN DANCE STUDIO舞蹈工作室","address":"愚园路172号环球世界大厦A座30层02室","type":"科教文化服务;培训机构;培训机构","typecode":"141400","pcode":310000,"pname":"上海市","citycode":21,"cityname":"上海市","adcode":310106,"adname":"静安区","business_a":"曹家渡","location":"121.444460,31.224120","tel":"15601796062","bigType":"科教文化服务","midType":"培训机构","smallType":"培训机构","gcj_lng":121.44446,"gcj_lat":31.22412,"wgs84_loc":"121.439856,31.225997","wgs84Lng":"121.439856","wgs84Lat":"31.225997","__source_file__":"13-常用公服设施点/SHP/上海市_培训机构.shp"},"geometry":{"type":"Point","coordinates":[121.439856,31.225997]}},{"id":"5068","type":"Feature","properties":{"id":"B0H3HO1YPZ","name":"地球音乐钢琴艺术中心","address":"静安寺街道愚园路172号1805室","type":"科教文化服务;培训机构;培训机构","typecode":"141400","pcode":310000,"pname":"上海市","citycode":21,"cityname":"上海市","adcode":310106,"adname":"静安区","business_a":"曹家渡","location":"121.444441,31.224137","tel":"021-62108812","bigType":"科教文化服务","midType":"培训机构","smallType":"培训机构","gcj_lng":121.444441,"gcj_lat":31.224137,"wgs84_loc":"121.439837,31.226014","wgs84Lng":"121.439837","wgs84Lat":"31.226014","__source_file__":"13-常用公服设施点/SHP/上海市_培训机构.shp"},"geometry":{"type":"Point","coordinates":[121.439837,31.226014]}},{"id":"5941","type":"Feature","properties":{"id":"B0FFH68QSH","name":"米罗画室·美院系统教学(静安环球世界大厦店)","address":"愚园路172号环球世纪大厦A栋1901室","type":"科教文化服务;培训机构;培训机构","typecode":"141400","pcode":310000,"pname":"上海市","citycode":21,"cityname":"上海市","adcode":310106,"adname":"静安区","business_a":"曹家渡","location":"121.444419,31.224146","tel":"15221913753;13052086915","bigType":"科教文化服务","midType":"培训机构","smallType":"培训机构","gcj_lng":121.444419,"gcj_lat":31.224146,"wgs84_loc":"121.439815,31.226023","wgs84Lng":"121.439815","wgs84Lat":"31.226023","__source_file__":"13-常用公服设施点/SHP/上海市_培训机构.shp"},"geometry":{"type":"Point","coordinates":[121.439815,31.226023]}},{"id":"116","type":"Feature","properties":{"id":"B0IB2CVJXS","name":"雲涧茶学堂·茶艺培训考证机构(静安区)","address":"愚园路172号世界环球大厦A座1606室","type":"科教文化服务;培训机构;培训机构","typecode":"141400","pcode":310000,"pname":"上海市","citycode":21,"cityname":"上海市","adcode":310106,"adname":"静安区","business_a":"曹家渡","location":"121.444501,31.224178","tel":"[]","bigType":"科教文化服务","midType":"培训机构","smallType":"培训机构","gcj_lng":121.444501,"gcj_lat":31.224178,"wgs84_loc":"121.439897,31.226055","wgs84Lng":"121.439897","wgs84Lat":"31.226055","__source_file__":"13-常用公服设施点/SHP/上海市_培训机构.shp"},"geometry":{"type":"Point","coordinates":[121.439897,31.226055]}},{"id":"6036","type":"Feature","properties":{"id":"B0FFIXIGLN","name":"磐达教育静安校","address":"愚园路172号环球世界大厦1808室","type":"科教文化服务;培训机构;培训机构","typecode":"141400","pcode":310000,"pname":"上海市","citycode":21,"cityname":"上海市","adcode":310106,"adname":"静安区","business_a":"曹家渡","location":"121.444355,31.224208","tel":"18901827056","bigType":"科教文化服务","midType":"培训机构","smallType":"培训机构","gcj_lng":121.444355,"gcj_lat":31.224208,"wgs84_loc":"121.439751,31.226085","wgs84Lng":"121.439751","wgs84Lat":"31.226085","__source_file__":"13-常用公服设施点/SHP/上海市_培训机构.shp"},"geometry":{"type":"Point","coordinates":[121.439751,31.226085]}},{"id":"6063","type":"Feature","properties":{"id":"B0H1SDJQNE","name":"V-Ta彩妆造型化妆培训","address":"万航渡路与愚园路交叉口北约60米","type":"科教文化服务;培训机构;培训机构","typecode":"141400","pcode":310000,"pname":"上海市","citycode":21,"cityname":"上海市","adcode":310106,"adname":"静安区","business_a":"曹家渡","location":"121.444377,31.224223","tel":"[]","bigType":"科教文化服务","midType":"培训机构","smallType":"培训机构","gcj_lng":121.444377,"gcj_lat":31.224223,"wgs84_loc":"121.439773,31.2261","wgs84Lng":"121.439773","wgs84Lat":"31.2261","__source_file__":"13-常用公服设施点/SHP/上海市_培训机构.shp"},"geometry":{"type":"Point","coordinates":[121.439773,31.2261]}},{"id":"5675","type":"Feature","properties":{"id":"B00156GIZ7","name":"易在汉语","address":"万航渡路1号环球世界大厦B座15层1501","type":"科教文化服务;培训机构;培训机构","typecode":"141400","pcode":310000,"pname":"上海市","citycode":21,"cityname":"上海市","adcode":310106,"adname":"静安区","business_a":"曹家渡","location":"121.444593,31.224275","tel":"021-52131815","bigType":"科教文化服务","midType":"培训机构","smallType":"培训机构","gcj_lng":121.444593,"gcj_lat":31.224275,"wgs84_loc":"121.43999,31.226153","wgs84Lng":"121.43999","wgs84Lat":"31.226153","__source_file__":"13-常用公服设施点/SHP/上海市_培训机构.shp"},"geometry":{"type":"Point","coordinates":[121.43999,31.226153]}},{"id":"17135","type":"Feature","properties":{"id":"B0FFGBZDQR","name":"三立国际教育集团(静安总部)","address":"愚园路172号环球世界大厦A座1001","type":"科教文化服务;培训机构;培训机构","typecode":"141400","pcode":310000,"pname":"上海市","citycode":21,"cityname":"上海市","adcode":310106,"adname":"静安区","business_a":"曹家渡","location":"121.444356,31.224293","tel":"4008003830;13651621524","bigType":"科教文化服务","midType":"培训机构","smallType":"培训机构","gcj_lng":121.444356,"gcj_lat":31.224293,"wgs84_loc":"121.439752,31.22617","wgs84Lng":"121.439752","wgs84Lat":"31.22617","__source_file__":"13-常用公服设施点/SHP/上海市_培训机构.shp"},"geometry":{"type":"Point","coordinates":[121.439752,31.22617]}},{"id":"14392","type":"Feature","properties":{"id":"B0FFHMDE7P","name":"赛睿思留学","address":"万航渡路83号金航大厦2103室","type":"科教文化服务;培训机构;培训机构","typecode":"141400","pcode":310000,"pname":"上海市","citycode":21,"cityname":"上海市","adcode":310106,"adname":"静安区","business_a":"曹家渡","location":"121.443433,31.224640","tel":"[]","bigType":"科教文化服务","midType":"培训机构","smallType":"培训机构","gcj_lng":121.443433,"gcj_lat":31.22464,"wgs84_loc":"121.438827,31.226515","wgs84Lng":"121.438827","wgs84Lat":"31.226515","__source_file__":"13-常用公服设施点/SHP/上海市_培训机构.shp"},"geometry":{"type":"Point","coordinates":[121.438827,31.226515]}},{"id":"6113","type":"Feature","properties":{"id":"B0HDSU6I3Y","name":"知绘艺术","address":"上海静安区万航渡路83号1904室","type":"科教文化服务;培训机构;培训机构","typecode":"141400","pcode":310000,"pname":"上海市","citycode":21,"cityname":"上海市","adcode":310106,"adname":"静安区","business_a":"曹家渡","location":"121.443507,31.224664","tel":"4001797831","bigType":"科教文化服务","midType":"培训机构","smallType":"培训机构","gcj_lng":121.443507,"gcj_lat":31.224664,"wgs84_loc":"121.438901,31.226539","wgs84Lng":"121.438901","wgs84Lat":"31.226539","__source_file__":"13-常用公服设施点/SHP/上海市_培训机构.shp"},"geometry":{"type":"Point","coordinates":[121.438901,31.226539]}},{"id":"15310","type":"Feature","properties":{"id":"B0FFH9FW9N","name":"CERES教育","address":"静安寺街道万航渡路83号金航大厦2103A室","type":"科教文化服务;培训机构;培训机构","typecode":"141400","pcode":310000,"pname":"上海市","citycode":21,"cityname":"上海市","adcode":310106,"adname":"静安区","business_a":"曹家渡","location":"121.443438,31.224745","tel":"13501999509","bigType":"科教文化服务","midType":"培训机构","smallType":"培训机构","gcj_lng":121.443438,"gcj_lat":31.224745,"wgs84_loc":"121.438832,31.22662","wgs84Lng":"121.438832","wgs84Lat":"31.22662","__source_file__":"13-常用公服设施点/SHP/上海市_培训机构.shp"},"geometry":{"type":"Point","coordinates":[121.438832,31.22662]}},{"id":"6336","type":"Feature","properties":{"id":"B0GRYZSNFC","name":"昕美教育","address":"愚园路晶品7楼","type":"科教文化服务;培训机构;培训机构","typecode":"141400","pcode":310000,"pname":"上海市","citycode":21,"cityname":"上海市","adcode":310106,"adname":"静安区","business_a":"曹家渡","location":"121.446128,31.225279","tel":"[]","bigType":"科教文化服务","midType":"培训机构","smallType":"培训机构","gcj_lng":121.446128,"gcj_lat":31.225279,"wgs84_loc":"121.441528,31.227159","wgs84Lng":"121.441528","wgs84Lat":"31.227159","__source_file__":"13-常用公服设施点/SHP/上海市_培训机构.shp"},"geometry":{"type":"Point","coordinates":[121.441528,31.227159]}},{"id":"118","type":"Feature","properties":{"id":"B00156ZN0B","name":"学美留学(上海静安嘉里中心店)","address":"南京西路1515号嘉里中心1期办公楼1807-1808室","type":"科教文化服务;培训机构;培训机构","typecode":"141400","pcode":310000,"pname":"上海市","citycode":21,"cityname":"上海市","adcode":310106,"adname":"静安区","business_a":"淮海路","location":"121.450198,31.224309","tel":"[]","bigType":"科教文化服务","midType":"培训机构","smallType":"培训机构","gcj_lng":121.450198,"gcj_lat":31.224309,"wgs84_loc":"121.445608,31.226197","wgs84Lng":"121.445608","wgs84Lat":"31.226197","__source_file__":"13-常用公服设施点/SHP/上海市_培训机构.shp"},"geometry":{"type":"Point","coordinates":[121.445608,31.226197]}},{"id":"15645","type":"Feature","properties":{"id":"B0FFJRS0WC","name":"维塔学舍","address":"南京西路街道1515号静安嘉里中心一座3102","type":"科教文化服务;培训机构;培训机构","typecode":"141400","pcode":310000,"pname":"上海市","citycode":21,"cityname":"上海市","adcode":310106,"adname":"静安区","business_a":"淮海路","location":"121.450297,31.224633","tel":"[]","bigType":"科教文化服务","midType":"培训机构","smallType":"培训机构","gcj_lng":121.450297,"gcj_lat":31.224633,"wgs84_loc":"121.445707,31.226521","wgs84Lng":"121.445707","wgs84Lat":"31.226521","__source_file__":"13-常用公服设施点/SHP/上海市_培训机构.shp"},"geometry":{"type":"Point","coordinates":[121.445707,31.226521]}},{"id":"15340","type":"Feature","properties":{"id":"B0FFMFC96S","name":"贝贝帮小学生陪学家教","address":"愚园东路与铜仁路交叉口西南约80米","type":"科教文化服务;培训机构;培训机构","typecode":"141400","pcode":310000,"pname":"上海市","citycode":21,"cityname":"上海市","adcode":310106,"adname":"静安区","business_a":"曹家渡","location":"121.449414,31.225499","tel":"[]","bigType":"科教文化服务","midType":"培训机构","smallType":"培训机构","gcj_lng":121.449414,"gcj_lat":31.225499,"wgs84_loc":"121.444822,31.227385","wgs84Lng":"121.444822","wgs84Lat":"31.227385","__source_file__":"13-常用公服设施点/SHP/上海市_培训机构.shp"},"geometry":{"type":"Point","coordinates":[121.444822,31.227385]}},{"id":"13913","type":"Feature","properties":{"id":"B0FFHX9ZH6","name":"睿励人生出国留学","address":"南京西路1468号中欣大厦2007","type":"科教文化服务;培训机构;培训机构","typecode":"141400","pcode":310000,"pname":"上海市","citycode":21,"cityname":"上海市","adcode":310106,"adname":"静安区","business_a":"曹家渡","location":"121.449682,31.225579","tel":"[]","bigType":"科教文化服务","midType":"培训机构","smallType":"培训机构","gcj_lng":121.449682,"gcj_lat":31.225579,"wgs84_loc":"121.44509,31.227466","wgs84Lng":"121.44509","wgs84Lat":"31.227466","__source_file__":"13-常用公服设施点/SHP/上海市_培训机构.shp"},"geometry":{"type":"Point","coordinates":[121.44509,31.227466]}},{"id":"16161","type":"Feature","properties":{"id":"B0G316WVGH","name":"精锐国际教育留学·赛事","address":"南京西路1468号中欣大厦20楼2007室","type":"科教文化服务;培训机构;培训机构","typecode":"141400","pcode":310000,"pname":"上海市","citycode":21,"cityname":"上海市","adcode":310106,"adname":"静安区","business_a":"曹家渡","location":"121.449831,31.225585","tel":"4001850836","bigType":"科教文化服务","midType":"培训机构","smallType":"培训机构","gcj_lng":121.449831,"gcj_lat":31.225585,"wgs84_loc":"121.44524,31.227472","wgs84Lng":"121.44524","wgs84Lat":"31.227472","__source_file__":"13-常用公服设施点/SHP/上海市_培训机构.shp"},"geometry":{"type":"Point","coordinates":[121.44524,31.227472]}},{"id":"15010","type":"Feature","properties":{"id":"B0FFIAIDVG","name":"博然思维","address":"南京西路1468号中欣大厦29楼","type":"科教文化服务;培训机构;培训机构","typecode":"141400","pcode":310000,"pname":"上海市","citycode":21,"cityname":"上海市","adcode":310106,"adname":"静安区","business_a":"曹家渡","location":"121.449821,31.225587","tel":"021-60396388","bigType":"科教文化服务","midType":"培训机构","smallType":"培训机构","gcj_lng":121.449821,"gcj_lat":31.225587,"wgs84_loc":"121.44523,31.227474","wgs84Lng":"121.44523","wgs84Lat":"31.227474","__source_file__":"13-常用公服设施点/SHP/上海市_培训机构.shp"},"geometry":{"type":"Point","coordinates":[121.44523,31.227474]}},{"id":"6105","type":"Feature","properties":{"id":"B0HRHD3GOM","name":"华询学校静安寺东海辅导站","address":"愚园路28号东海广场1号楼西楼6楼","type":"科教文化服务;培训机构;培训机构","typecode":"141400","pcode":310000,"pname":"上海市","citycode":21,"cityname":"上海市","adcode":310106,"adname":"静安区","business_a":"曹家渡","location":"121.448773,31.226032","tel":"[]","bigType":"科教文化服务","midType":"培训机构","smallType":"培训机构","gcj_lng":121.448773,"gcj_lat":31.226032,"wgs84_loc":"121.444179,31.227917","wgs84Lng":"121.444179","wgs84Lat":"31.227917","__source_file__":"13-常用公服设施点/SHP/上海市_培训机构.shp"},"geometry":{"type":"Point","coordinates":[121.444179,31.227917]}},{"id":"6266","type":"Feature","properties":{"id":"B0FFKQX4ZP","name":"Verihuo Education","address":"愚园东路28号东海广场3号楼1层R108","type":"科教文化服务;培训机构;培训机构","typecode":"141400","pcode":310000,"pname":"上海市","citycode":21,"cityname":"上海市","adcode":310106,"adname":"静安区","business_a":"曹家渡","location":"121.448734,31.226108","tel":"021-80186466","bigType":"科教文化服务","midType":"培训机构","smallType":"培训机构","gcj_lng":121.448734,"gcj_lat":31.226108,"wgs84_loc":"121.44414,31.227993","wgs84Lng":"121.44414","wgs84Lat":"31.227993","__source_file__":"13-常用公服设施点/SHP/上海市_培训机构.shp"},"geometry":{"type":"Point","coordinates":[121.44414,31.227993]}},{"id":"14744","type":"Feature","properties":{"id":"B00155I273","name":"嘉华学院","address":"南京西路1486号东海广场涉外商务楼3号楼11层1118","type":"科教文化服务;培训机构;培训机构","typecode":"141400","pcode":310000,"pname":"上海市","citycode":21,"cityname":"上海市","adcode":310106,"adname":"静安区","business_a":"曹家渡","location":"121.448870,31.226345","tel":"[]","bigType":"科教文化服务","midType":"培训机构","smallType":"培训机构","gcj_lng":121.44887,"gcj_lat":31.226345,"wgs84_loc":"121.444276,31.22823","wgs84Lng":"121.444276","wgs84Lat":"31.22823","__source_file__":"13-常用公服设施点/SHP/上海市_培训机构.shp"},"geometry":{"type":"Point","coordinates":[121.444276,31.22823]}},{"id":"15907","type":"Feature","properties":{"id":"B0FFI17L61","name":"Linstitute翰林学院","address":"愚园东路28号东海广场3号楼1层","type":"科教文化服务;培训机构;培训机构","typecode":"141400","pcode":310000,"pname":"上海市","citycode":21,"cityname":"上海市","adcode":310106,"adname":"静安区","business_a":"曹家渡","location":"121.448911,31.226354","tel":"[]","bigType":"科教文化服务","midType":"培训机构","smallType":"培训机构","gcj_lng":121.448911,"gcj_lat":31.226354,"wgs84_loc":"121.444317,31.228239","wgs84Lng":"121.444317","wgs84Lat":"31.228239","__source_file__":"13-常用公服设施点/SHP/上海市_培训机构.shp"},"geometry":{"type":"Point","coordinates":[121.444317,31.228239]}},{"id":"6306","type":"Feature","properties":{"id":"B0HUZSH8Q7","name":"AUCTA International Education","address":"南京西路1522弄与胶州路交叉口东约100米","type":"科教文化服务;培训机构;培训机构","typecode":"141400","pcode":310000,"pname":"上海市","citycode":21,"cityname":"上海市","adcode":310106,"adname":"静安区","business_a":"曹家渡","location":"121.446126,31.225284","tel":"18328735302","bigType":"科教文化服务","midType":"培训机构","smallType":"培训机构","gcj_lng":121.446126,"gcj_lat":31.225284,"wgs84_loc":"121.441526,31.227164","wgs84Lng":"121.441526","wgs84Lat":"31.227164","__source_file__":"13-常用公服设施点/SHP/上海市_培训机构.shp"},"geometry":{"type":"Point","coordinates":[121.441526,31.227164]}},{"id":"5936","type":"Feature","properties":{"id":"B0G254QV84","name":"乐风日语(静安店)","address":"胶州路58号胶州大楼6楼","type":"科教文化服务;培训机构;培训机构","typecode":"141400","pcode":310000,"pname":"上海市","citycode":21,"cityname":"上海市","adcode":310106,"adname":"静安区","business_a":"曹家渡","location":"121.445258,31.225459","tel":"021-32036210;021-32036211","bigType":"科教文化服务","midType":"培训机构","smallType":"培训机构","gcj_lng":121.445258,"gcj_lat":31.225459,"wgs84_loc":"121.440656,31.227337","wgs84Lng":"121.440656","wgs84Lat":"31.227337","__source_file__":"13-常用公服设施点/SHP/上海市_培训机构.shp"},"geometry":{"type":"Point","coordinates":[121.440656,31.227337]}},{"id":"5992","type":"Feature","properties":{"id":"B0FFKS8G9Q","name":"ACS(晶品)","address":"愚园路68号晶品L4层","type":"科教文化服务;培训机构;培训机构","typecode":"141400","pcode":310000,"pname":"上海市","citycode":21,"cityname":"上海市","adcode":310106,"adname":"静安区","business_a":"曹家渡","location":"121.446488,31.225514","tel":"13817144851;17269570887","bigType":"科教文化服务","midType":"培训机构","smallType":"培训机构","gcj_lng":121.446488,"gcj_lat":31.225514,"wgs84_loc":"121.441889,31.227394","wgs84Lng":"121.441889","wgs84Lat":"31.227394","__source_file__":"13-常用公服设施点/SHP/上海市_培训机构.shp"},"geometry":{"type":"Point","coordinates":[121.441889,31.227394]}},{"id":"5854","type":"Feature","properties":{"id":"B0HGZS2TSU","name":"精锐高端辅导(静安寺北京西路中心)","address":"北京西路1700号","type":"科教文化服务;培训机构;培训机构","typecode":"141400","pcode":310000,"pname":"上海市","citycode":21,"cityname":"上海市","adcode":310106,"adname":"静安区","business_a":"曹家渡","location":"121.443572,31.225523","tel":"4008375058","bigType":"科教文化服务","midType":"培训机构","smallType":"培训机构","gcj_lng":121.443572,"gcj_lat":31.225523,"wgs84_loc":"121.438966,31.227398","wgs84Lng":"121.438966","wgs84Lat":"31.227398","__source_file__":"13-常用公服设施点/SHP/上海市_培训机构.shp"},"geometry":{"type":"Point","coordinates":[121.438966,31.227398]}},{"id":"5825","type":"Feature","properties":{"id":"B0FFMHV82H","name":"MAD SCIENCE","address":"愚园路68号晶品购物中心L3-12、L3-13","type":"科教文化服务;培训机构;培训机构","typecode":"141400","pcode":310000,"pname":"上海市","citycode":21,"cityname":"上海市","adcode":310106,"adname":"静安区","business_a":"曹家渡","location":"121.447066,31.225555","tel":"[]","bigType":"科教文化服务","midType":"培训机构","smallType":"培训机构","gcj_lng":121.447066,"gcj_lat":31.225555,"wgs84_loc":"121.442468,31.227437","wgs84Lng":"121.442468","wgs84Lat":"31.227437","__source_file__":"13-常用公服设施点/SHP/上海市_培训机构.shp"},"geometry":{"type":"Point","coordinates":[121.442468,31.227437]}},{"id":"5881","type":"Feature","properties":{"id":"B0HU75YSYC","name":"欧莱雅培训中心","address":"愚园东路58号静华大厦","type":"科教文化服务;培训机构;培训机构","typecode":"141400","pcode":310000,"pname":"上海市","citycode":21,"cityname":"上海市","adcode":310106,"adname":"静安区","business_a":"曹家渡","location":"121.447787,31.225617","tel":"021-52007467","bigType":"科教文化服务","midType":"培训机构","smallType":"培训机构","gcj_lng":121.447787,"gcj_lat":31.225617,"wgs84_loc":"121.443191,31.2275","wgs84Lng":"121.443191","wgs84Lat":"31.2275","__source_file__":"13-常用公服设施点/SHP/上海市_培训机构.shp"},"geometry":{"type":"Point","coordinates":[121.443191,31.2275]}},{"id":"9352","type":"Feature","properties":{"id":"B0FFH6OYGR","name":"英阜教育","address":"愚园路68号晶品大厦4层","type":"科教文化服务;培训机构;培训机构","typecode":"141400","pcode":310000,"pname":"上海市","citycode":21,"cityname":"上海市","adcode":310106,"adname":"静安区","business_a":"曹家渡","location":"121.447103,31.225947","tel":"[]","bigType":"科教文化服务","midType":"培训机构","smallType":"培训机构","gcj_lng":121.447103,"gcj_lat":31.225947,"wgs84_loc":"121.442505,31.227828","wgs84Lng":"121.442505","wgs84Lat":"31.227828","__source_file__":"13-常用公服设施点/SHP/上海市_培训机构.shp"},"geometry":{"type":"Point","coordinates":[121.442505,31.227828]}},{"id":"5775","type":"Feature","properties":{"id":"B00156O6DZ","name":"上海市静安双美亲子教育培训学校","address":"胶州路149弄8-10号","type":"科教文化服务;培训机构;培训机构","typecode":"141400","pcode":310000,"pname":"上海市","citycode":21,"cityname":"上海市","adcode":310106,"adname":"静安区","business_a":"曹家渡","location":"121.443669,31.226622","tel":"021-62586238","bigType":"科教文化服务","midType":"培训机构","smallType":"培训机构","gcj_lng":121.443669,"gcj_lat":31.226622,"wgs84_loc":"121.439063,31.228497","wgs84Lng":"121.439063","wgs84Lat":"31.228497","__source_file__":"13-常用公服设施点/SHP/上海市_培训机构.shp"},"geometry":{"type":"Point","coordinates":[121.439063,31.228497]}},{"id":"18515","type":"Feature","properties":{"id":"B0KDJ9LV6J","name":"乐氧音乐(静安店)","address":"常德路319号京德大楼(国家税务总局上海市税务局第二稽查局大楼)1702-1703室","type":"科教文化服务;培训机构;培训机构","typecode":"141400","pcode":310000,"pname":"上海市","citycode":21,"cityname":"上海市","adcode":310106,"adname":"静安区","business_a":"静安寺","location":"121.446706,31.226684","tel":"15026894960","bigType":"科教文化服务","midType":"培训机构","smallType":"培训机构","gcj_lng":121.446706,"gcj_lat":31.226684,"wgs84_loc":"121.442107,31.228564","wgs84Lng":"121.442107","wgs84Lat":"31.228564","__source_file__":"13-常用公服设施点/SHP/上海市_培训机构.shp"},"geometry":{"type":"Point","coordinates":[121.442107,31.228564]}},{"id":"6287","type":"Feature","properties":{"id":"B0FFGXLDJD","name":"奇迹中文","address":"常德路319号21楼","type":"科教文化服务;培训机构;培训机构","typecode":"141400","pcode":310000,"pname":"上海市","citycode":21,"cityname":"上海市","adcode":310106,"adname":"静安区","business_a":"曹家渡","location":"121.446790,31.226701","tel":"[]","bigType":"科教文化服务","midType":"培训机构","smallType":"培训机构","gcj_lng":121.44679,"gcj_lat":31.226701,"wgs84_loc":"121.442191,31.228582","wgs84Lng":"121.442191","wgs84Lat":"31.228582","__source_file__":"13-常用公服设施点/SHP/上海市_培训机构.shp"},"geometry":{"type":"Point","coordinates":[121.442191,31.228582]}},{"id":"10746","type":"Feature","properties":{"id":"B0FFH107GV","name":"心锐教育(静安中心店)","address":"愚园路300号申乐大厦8层805室","type":"科教文化服务;培训机构;培训机构","typecode":"141400","pcode":310000,"pname":"上海市","citycode":21,"cityname":"上海市","adcode":310106,"adname":"静安区","business_a":"中山公园","location":"121.442593,31.223627","tel":"[]","bigType":"科教文化服务","midType":"培训机构","smallType":"培训机构","gcj_lng":121.442593,"gcj_lat":31.223627,"wgs84_loc":"121.437985,31.225501","wgs84Lng":"121.437985","wgs84Lat":"31.225501","__source_file__":"13-常用公服设施点/SHP/上海市_培训机构.shp"},"geometry":{"type":"Point","coordinates":[121.437985,31.225501]}},{"id":"6275","type":"Feature","properties":{"id":"B0FFGCIGF6","name":"迪恩英语角","address":"愚园路300号申乐大厦","type":"科教文化服务;培训机构;培训机构","typecode":"141400","pcode":310000,"pname":"上海市","citycode":21,"cityname":"上海市","adcode":310106,"adname":"静安区","business_a":"曹家渡","location":"121.442696,31.223651","tel":"[]","bigType":"科教文化服务","midType":"培训机构","smallType":"培训机构","gcj_lng":121.442696,"gcj_lat":31.223651,"wgs84_loc":"121.438089,31.225525","wgs84Lng":"121.438089","wgs84Lat":"31.225525","__source_file__":"13-常用公服设施点/SHP/上海市_培训机构.shp"},"geometry":{"type":"Point","coordinates":[121.438089,31.225525]}},{"id":"5778","type":"Feature","properties":{"id":"B00156NU27","name":"上海华夏教卫培训中心","address":"新闸路1970号","type":"科教文化服务;培训机构;培训机构","typecode":"141400","pcode":310000,"pname":"上海市","citycode":21,"cityname":"上海市","adcode":310106,"adname":"静安区","business_a":"曹家渡","location":"121.440442,31.226393","tel":"021-62172615","bigType":"科教文化服务","midType":"培训机构","smallType":"培训机构","gcj_lng":121.440442,"gcj_lat":31.226393,"wgs84_loc":"121.43583,31.228262","wgs84Lng":"121.43583","wgs84Lat":"31.228262","__source_file__":"13-常用公服设施点/SHP/上海市_培训机构.shp"},"geometry":{"type":"Point","coordinates":[121.43583,31.228262]}},{"id":"113","type":"Feature","properties":{"id":"B0FFK2D4MJ","name":"上海市静安区学前特教康复指导中心","address":"延平路83号南门","type":"科教文化服务;培训机构;培训机构","typecode":"141400","pcode":310000,"pname":"上海市","citycode":21,"cityname":"上海市","adcode":310106,"adname":"静安区","business_a":"曹家渡","location":"121.441005,31.227762","tel":"[]","bigType":"科教文化服务","midType":"培训机构","smallType":"培训机构","gcj_lng":121.441005,"gcj_lat":31.227762,"wgs84_loc":"121.436394,31.229632","wgs84Lng":"121.436394","wgs84Lat":"31.229632","__source_file__":"13-常用公服设施点/SHP/上海市_培训机构.shp"},"geometry":{"type":"Point","coordinates":[121.436394,31.229632]}},{"id":"5070","type":"Feature","properties":{"id":"B00155LWBY","name":"雅马哈音乐中心(新闸路店)","address":"新闸路1830号1层(近胶州路)","type":"科教文化服务;培训机构;培训机构","typecode":"141400","pcode":310000,"pname":"上海市","citycode":21,"cityname":"上海市","adcode":310106,"adname":"静安区","business_a":"曹家渡","location":"121.442876,31.227839","tel":"021-80172669;021-62880085","bigType":"科教文化服务","midType":"培训机构","smallType":"培训机构","gcj_lng":121.442876,"gcj_lat":31.227839,"wgs84_loc":"121.438269,31.229712","wgs84Lng":"121.438269","wgs84Lat":"31.229712","__source_file__":"13-常用公服设施点/SHP/上海市_培训机构.shp"},"geometry":{"type":"Point","coordinates":[121.438269,31.229712]}},{"id":"17445","type":"Feature","properties":{"id":"B0FFI1ZTR4","name":"GL钢琴教室","address":"延平路新平公寓","type":"科教文化服务;培训机构;培训机构","typecode":"141400","pcode":310000,"pname":"上海市","citycode":21,"cityname":"上海市","adcode":310106,"adname":"静安区","business_a":"曹家渡","location":"121.441110,31.228016","tel":"[]","bigType":"科教文化服务","midType":"培训机构","smallType":"培训机构","gcj_lng":121.44111,"gcj_lat":31.228016,"wgs84_loc":"121.436499,31.229886","wgs84Lng":"121.436499","wgs84Lat":"31.229886","__source_file__":"13-常用公服设施点/SHP/上海市_培训机构.shp"},"geometry":{"type":"Point","coordinates":[121.436499,31.229886]}},{"id":"6082","type":"Feature","properties":{"id":"B0FFGC3F00","name":"朗鹰教育","address":"延平路19三和大厦30楼","type":"科教文化服务;培训机构;培训机构","typecode":"141400","pcode":310000,"pname":"上海市","citycode":21,"cityname":"上海市","adcode":310106,"adname":"静安区","business_a":"曹家渡","location":"121.440976,31.228456","tel":"[]","bigType":"科教文化服务","midType":"培训机构","smallType":"培训机构","gcj_lng":121.440976,"gcj_lat":31.228456,"wgs84_loc":"121.436365,31.230325","wgs84Lng":"121.436365","wgs84Lat":"31.230325","__source_file__":"13-常用公服设施点/SHP/上海市_培训机构.shp"},"geometry":{"type":"Point","coordinates":[121.436365,31.230325]}},{"id":"6262","type":"Feature","properties":{"id":"B0FFL6EOCI","name":"轩瑜伽·中印国际瑜伽联盟学院","address":"延平路121号三和大厦6楼(谷泰饭店)","type":"科教文化服务;培训机构;培训机构","typecode":"141400","pcode":310000,"pname":"上海市","citycode":21,"cityname":"上海市","adcode":310106,"adname":"静安区","business_a":"曹家渡","location":"121.441029,31.228487","tel":"021-52209723;17521222431","bigType":"科教文化服务","midType":"培训机构","smallType":"培训机构","gcj_lng":121.441029,"gcj_lat":31.228487,"wgs84_loc":"121.436418,31.230356","wgs84Lng":"121.436418","wgs84Lat":"31.230356","__source_file__":"13-常用公服设施点/SHP/上海市_培训机构.shp"},"geometry":{"type":"Point","coordinates":[121.436418,31.230356]}},{"id":"17257","type":"Feature","properties":{"id":"B0G3JN28ZE","name":"上海汉桥教育培训有限公司","address":"南京西路街道愚园东路20号东海广场3号楼301-309室","type":"科教文化服务;培训机构;培训机构","typecode":"141400","pcode":310000,"pname":"上海市","citycode":21,"cityname":"上海市","adcode":310106,"adname":"静安区","business_a":"曹家渡","location":"121.448782,31.226387","tel":"021-62558883","bigType":"科教文化服务","midType":"培训机构","smallType":"培训机构","gcj_lng":121.448782,"gcj_lat":31.226387,"wgs84_loc":"121.444188,31.228272","wgs84Lng":"121.444188","wgs84Lat":"31.228272","__source_file__":"13-常用公服设施点/SHP/上海市_培训机构.shp"},"geometry":{"type":"Point","coordinates":[121.444188,31.228272]}},{"id":"6177","type":"Feature","properties":{"id":"B0FFJDK3QR","name":"英域成语言培训(上海)有限公司","address":"铜仁路258号九安广场英孚教育","type":"科教文化服务;培训机构;培训机构","typecode":"141400","pcode":310000,"pname":"上海市","citycode":21,"cityname":"上海市","adcode":310106,"adname":"静安区","business_a":"曹家渡","location":"121.450090,31.226637","tel":"[]","bigType":"科教文化服务","midType":"培训机构","smallType":"培训机构","gcj_lng":121.45009,"gcj_lat":31.226637,"wgs84_loc":"121.445499,31.228524","wgs84Lng":"121.445499","wgs84Lat":"31.228524","__source_file__":"13-常用公服设施点/SHP/上海市_培训机构.shp"},"geometry":{"type":"Point","coordinates":[121.445499,31.228524]}},{"id":"17456","type":"Feature","properties":{"id":"B0H02K8YC9","name":"新东方留学考试","address":"铜仁路与南阳路交叉口西南100米","type":"科教文化服务;培训机构;培训机构","typecode":"141400","pcode":310000,"pname":"上海市","citycode":21,"cityname":"上海市","adcode":310106,"adname":"静安区","business_a":"曹家渡","location":"121.448857,31.226725","tel":"[]","bigType":"科教文化服务","midType":"培训机构","smallType":"培训机构","gcj_lng":121.448857,"gcj_lat":31.226725,"wgs84_loc":"121.444263,31.22861","wgs84Lng":"121.444263","wgs84Lat":"31.22861","__source_file__":"13-常用公服设施点/SHP/上海市_培训机构.shp"},"geometry":{"type":"Point","coordinates":[121.444263,31.22861]}},{"id":"6144","type":"Feature","properties":{"id":"B0G3AG8KIC","name":"Silk Mandarin","address":"SOHO东海广场铜仁路299号601室","type":"科教文化服务;培训机构;培训机构","typecode":"141400","pcode":310000,"pname":"上海市","citycode":21,"cityname":"上海市","adcode":310106,"adname":"静安区","business_a":"曹家渡","location":"121.448865,31.226734","tel":"[]","bigType":"科教文化服务","midType":"培训机构","smallType":"培训机构","gcj_lng":121.448865,"gcj_lat":31.226734,"wgs84_loc":"121.444271,31.228619","wgs84Lng":"121.444271","wgs84Lat":"31.228619","__source_file__":"13-常用公服设施点/SHP/上海市_培训机构.shp"},"geometry":{"type":"Point","coordinates":[121.444271,31.228619]}},{"id":"6231","type":"Feature","properties":{"id":"B0FFM72GLH","name":"学厚海外教育","address":"铜仁路299号SOHO东海广场2702室","type":"科教文化服务;培训机构;培训机构","typecode":"141400","pcode":310000,"pname":"上海市","citycode":21,"cityname":"上海市","adcode":310106,"adname":"静安区","business_a":"曹家渡","location":"121.448917,31.226735","tel":"[]","bigType":"科教文化服务","midType":"培训机构","smallType":"培训机构","gcj_lng":121.448917,"gcj_lat":31.226735,"wgs84_loc":"121.444323,31.22862","wgs84Lng":"121.444323","wgs84Lat":"31.22862","__source_file__":"13-常用公服设施点/SHP/上海市_培训机构.shp"},"geometry":{"type":"Point","coordinates":[121.444323,31.22862]}},{"id":"6308","type":"Feature","properties":{"id":"B0HRVR2GGG","name":"凡智教育","address":"铜仁路299号-8楼","type":"科教文化服务;培训机构;培训机构","typecode":"141400","pcode":310000,"pname":"上海市","citycode":21,"cityname":"上海市","adcode":310106,"adname":"静安区","business_a":"曹家渡","location":"121.448692,31.226811","tel":"[]","bigType":"科教文化服务","midType":"培训机构","smallType":"培训机构","gcj_lng":121.448692,"gcj_lat":31.226811,"wgs84_loc":"121.444098,31.228695","wgs84Lng":"121.444098","wgs84Lat":"31.228695","__source_file__":"13-常用公服设施点/SHP/上海市_培训机构.shp"},"geometry":{"type":"Point","coordinates":[121.444098,31.228695]}},{"id":"81","type":"Feature","properties":{"id":"B0FFIB7XFW","name":"新东方前途出国静安中心","address":"铜仁路299号SOHO东海广场11层","type":"科教文化服务;培训机构;培训机构|生活服务;生活服务场所;生活服务场所","typecode":"141400|070000","pcode":310000,"pname":"上海市","citycode":21,"cityname":"上海市","adcode":310106,"adname":"静安区","business_a":"曹家渡","location":"121.448675,31.226819","tel":"021-35884618;021-35884098;4001071010","bigType":"科教文化服务","midType":"培训机构","smallType":"培训机构|生活服务","gcj_lng":121.448675,"gcj_lat":31.226819,"wgs84_loc":"121.444081,31.228703","wgs84Lng":"121.444081","wgs84Lat":"31.228703","__source_file__":"13-常用公服设施点/SHP/上海市_培训机构.shp"},"geometry":{"type":"Point","coordinates":[121.444081,31.228703]}},{"id":"6270","type":"Feature","properties":{"id":"B0FFIAS4PU","name":"美行思远艺术留学(上海静安校区)","address":"铜仁路299号SOHO东海广场3Q37层","type":"科教文化服务;培训机构;培训机构","typecode":"141400","pcode":310000,"pname":"上海市","citycode":21,"cityname":"上海市","adcode":310106,"adname":"静安区","business_a":"曹家渡","location":"121.448675,31.226819","tel":"4006688773","bigType":"科教文化服务","midType":"培训机构","smallType":"培训机构","gcj_lng":121.448675,"gcj_lat":31.226819,"wgs84_loc":"121.444081,31.228703","wgs84Lng":"121.444081","wgs84Lat":"31.228703","__source_file__":"13-常用公服设施点/SHP/上海市_培训机构.shp"},"geometry":{"type":"Point","coordinates":[121.444081,31.228703]}},{"id":"14673","type":"Feature","properties":{"id":"B0FFLAT9S2","name":"InAmerica International在美国际教育","address":"铜仁路299号SOHO东海广场2206室","type":"科教文化服务;培训机构;培训机构","typecode":"141400","pcode":310000,"pname":"上海市","citycode":21,"cityname":"上海市","adcode":310106,"adname":"静安区","business_a":"曹家渡","location":"121.448836,31.226943","tel":"[]","bigType":"科教文化服务","midType":"培训机构","smallType":"培训机构","gcj_lng":121.448836,"gcj_lat":31.226943,"wgs84_loc":"121.444242,31.228827","wgs84Lng":"121.444242","wgs84Lat":"31.228827","__source_file__":"13-常用公服设施点/SHP/上海市_培训机构.shp"},"geometry":{"type":"Point","coordinates":[121.444242,31.228827]}},{"id":"9369","type":"Feature","properties":{"id":"B0FFKW0KG2","name":"汲炻绘画","address":"南阳路123号酷鲨儿童馆二楼","type":"科教文化服务;培训机构;培训机构","typecode":"141400","pcode":310000,"pname":"上海市","citycode":21,"cityname":"上海市","adcode":310106,"adname":"静安区","business_a":"曹家渡","location":"121.451469,31.228048","tel":"[]","bigType":"科教文化服务","midType":"培训机构","smallType":"培训机构","gcj_lng":121.451469,"gcj_lat":31.228048,"wgs84_loc":"121.446881,31.229937","wgs84Lng":"121.446881","wgs84Lat":"31.229937","__source_file__":"13-常用公服设施点/SHP/上海市_培训机构.shp"},"geometry":{"type":"Point","coordinates":[121.446881,31.229937]}},{"id":"5747","type":"Feature","properties":{"id":"B0FFKG5FHN","name":"海上HiMUSIC音乐沙龙","address":"北京西路1533号","type":"科教文化服务;培训机构;培训机构","typecode":"141400","pcode":310000,"pname":"上海市","citycode":21,"cityname":"上海市","adcode":310106,"adname":"静安区","business_a":"曹家渡","location":"121.446625,31.226902","tel":"4001763830","bigType":"科教文化服务","midType":"培训机构","smallType":"培训机构","gcj_lng":121.446625,"gcj_lat":31.226902,"wgs84_loc":"121.442026,31.228782","wgs84Lng":"121.442026","wgs84Lat":"31.228782","__source_file__":"13-常用公服设施点/SHP/上海市_培训机构.shp"},"geometry":{"type":"Point","coordinates":[121.442026,31.228782]}},{"id":"9269","type":"Feature","properties":{"id":"B00155LZUZ","name":"上海市红十字培训交流中心","address":"北京西路1465国立大厦22层","type":"科教文化服务;培训机构;培训机构","typecode":"141400","pcode":310000,"pname":"上海市","citycode":21,"cityname":"上海市","adcode":310106,"adname":"静安区","business_a":"曹家渡","location":"121.448005,31.227298","tel":"021-52121960","bigType":"科教文化服务","midType":"培训机构","smallType":"培训机构","gcj_lng":121.448005,"gcj_lat":31.227298,"wgs84_loc":"121.443409,31.229181","wgs84Lng":"121.443409","wgs84Lat":"31.229181","__source_file__":"13-常用公服设施点/SHP/上海市_培训机构.shp"},"geometry":{"type":"Point","coordinates":[121.443409,31.229181]}},{"id":"5837","type":"Feature","properties":{"id":"B0FFKF7VN2","name":"WHY NOT舞蹈教室(静安馆)","address":"北京西路1399号信达大厦9层A1-A2","type":"科教文化服务;培训机构;培训机构","typecode":"141400","pcode":310000,"pname":"上海市","citycode":21,"cityname":"上海市","adcode":310106,"adname":"静安区","business_a":"曹家渡","location":"121.448539,31.227405","tel":"18516604630","bigType":"科教文化服务","midType":"培训机构","smallType":"培训机构","gcj_lng":121.448539,"gcj_lat":31.227405,"wgs84_loc":"121.443944,31.229289","wgs84Lng":"121.443944","wgs84Lat":"31.229289","__source_file__":"13-常用公服设施点/SHP/上海市_培训机构.shp"},"geometry":{"type":"Point","coordinates":[121.443944,31.229289]}},{"id":"6164","type":"Feature","properties":{"id":"B0FFL0G0CO","name":"Tian钢琴工作室","address":"胶州路190弄4号","type":"科教文化服务;培训机构;培训机构","typecode":"141400","pcode":310000,"pname":"上海市","citycode":21,"cityname":"上海市","adcode":310106,"adname":"静安区","business_a":"曹家渡","location":"121.444037,31.227415","tel":"[]","bigType":"科教文化服务","midType":"培训机构","smallType":"培训机构","gcj_lng":121.444037,"gcj_lat":31.227415,"wgs84_loc":"121.439432,31.22929","wgs84Lng":"121.439432","wgs84Lat":"31.22929","__source_file__":"13-常用公服设施点/SHP/上海市_培训机构.shp"},"geometry":{"type":"Point","coordinates":[121.439432,31.22929]}},{"id":"83","type":"Feature","properties":{"id":"B0FFH82C2V","name":"东方瑞通(上海分公司)","address":"南京西路街道北京西路1399号信达大厦17楼A1","type":"科教文化服务;培训机构;培训机构","typecode":"141400","pcode":310000,"pname":"上海市","citycode":21,"cityname":"上海市","adcode":310106,"adname":"静安区","business_a":"曹家渡","location":"121.448593,31.227419","tel":"021-62669806","bigType":"科教文化服务","midType":"培训机构","smallType":"培训机构","gcj_lng":121.448593,"gcj_lat":31.227419,"wgs84_loc":"121.443999,31.229303","wgs84Lng":"121.443999","wgs84Lat":"31.229303","__source_file__":"13-常用公服设施点/SHP/上海市_培训机构.shp"},"geometry":{"type":"Point","coordinates":[121.443999,31.229303]}},{"id":"9360","type":"Feature","properties":{"id":"B0FFM71B5T","name":"御童教育存朴堂","address":"北京西路与铜仁路交叉口西南约100米","type":"科教文化服务;培训机构;培训机构","typecode":"141400","pcode":310000,"pname":"上海市","citycode":21,"cityname":"上海市","adcode":310106,"adname":"静安区","business_a":"曹家渡","location":"121.448549,31.227441","tel":"[]","bigType":"科教文化服务","midType":"培训机构","smallType":"培训机构","gcj_lng":121.448549,"gcj_lat":31.227441,"wgs84_loc":"121.443954,31.229325","wgs84Lng":"121.443954","wgs84Lat":"31.229325","__source_file__":"13-常用公服设施点/SHP/上海市_培训机构.shp"},"geometry":{"type":"Point","coordinates":[121.443954,31.229325]}},{"id":"14097","type":"Feature","properties":{"id":"B0FFGJO697","name":"体脑瑜伽中心(北京西路)","address":"北京西路1399号信达大厦2A","type":"科教文化服务;培训机构;培训机构","typecode":"141400","pcode":310000,"pname":"上海市","citycode":21,"cityname":"上海市","adcode":310106,"adname":"静安区","business_a":"曹家渡","location":"121.448673,31.227626","tel":"4009699113","bigType":"科教文化服务","midType":"培训机构","smallType":"培训机构","gcj_lng":121.448673,"gcj_lat":31.227626,"wgs84_loc":"121.444079,31.22951","wgs84Lng":"121.444079","wgs84Lat":"31.22951","__source_file__":"13-常用公服设施点/SHP/上海市_培训机构.shp"},"geometry":{"type":"Point","coordinates":[121.444079,31.22951]}},{"id":"6018","type":"Feature","properties":{"id":"B0G14NA9XI","name":"鑫跃教育","address":"江宁路街道江宁路街道新闸路1718号鑫跃教育","type":"科教文化服务;培训机构;培训机构","typecode":"141400","pcode":310000,"pname":"上海市","citycode":21,"cityname":"上海市","adcode":310106,"adname":"静安区","business_a":"曹家渡","location":"121.444551,31.228584","tel":"[]","bigType":"科教文化服务","midType":"培训机构","smallType":"培训机构","gcj_lng":121.444551,"gcj_lat":31.228584,"wgs84_loc":"121.439947,31.230459","wgs84Lng":"121.439947","wgs84Lat":"31.230459","__source_file__":"13-常用公服设施点/SHP/上海市_培训机构.shp"},"geometry":{"type":"Point","coordinates":[121.439947,31.230459]}},{"id":"6171","type":"Feature","properties":{"id":"B0FFKEO9S3","name":"临育泰晚托班","address":"新闸路1716号宝城商务楼501-502室","type":"科教文化服务;培训机构;培训机构","typecode":"141400","pcode":310000,"pname":"上海市","citycode":21,"cityname":"上海市","adcode":310106,"adname":"静安区","business_a":"曹家渡","location":"121.444693,31.228676","tel":"021-51710202;13564728766","bigType":"科教文化服务","midType":"培训机构","smallType":"培训机构","gcj_lng":121.444693,"gcj_lat":31.228676,"wgs84_loc":"121.44009,31.230552","wgs84Lng":"121.44009","wgs84Lat":"31.230552","__source_file__":"13-常用公服设施点/SHP/上海市_培训机构.shp"},"geometry":{"type":"Point","coordinates":[121.44009,31.230552]}},{"id":"16661","type":"Feature","properties":{"id":"B0GRGKMVIK","name":"静安艺术中心","address":"新闸路与常德路交叉口西100米","type":"科教文化服务;培训机构;培训机构","typecode":"141400","pcode":310000,"pname":"上海市","citycode":21,"cityname":"上海市","adcode":310106,"adname":"静安区","business_a":"曹家渡","location":"121.445555,31.229055","tel":"[]","bigType":"科教文化服务","midType":"培训机构","smallType":"培训机构","gcj_lng":121.445555,"gcj_lat":31.229055,"wgs84_loc":"121.440953,31.230932","wgs84Lng":"121.440953","wgs84Lat":"31.230932","__source_file__":"13-常用公服设施点/SHP/上海市_培训机构.shp"},"geometry":{"type":"Point","coordinates":[121.440953,31.230932]}},{"id":"5842","type":"Feature","properties":{"id":"B0FFITO62Z","name":"That’s Mandarin","address":"武定路881号1号楼5楼","type":"科教文化服务;培训机构;培训机构","typecode":"141400","pcode":310000,"pname":"上海市","citycode":21,"cityname":"上海市","adcode":310106,"adname":"静安区","business_a":"曹家渡","location":"121.444964,31.230111","tel":"[]","bigType":"科教文化服务","midType":"培训机构","smallType":"培训机构","gcj_lng":121.444964,"gcj_lat":31.230111,"wgs84_loc":"121.440361,31.231986","wgs84Lng":"121.440361","wgs84Lat":"31.231986","__source_file__":"13-常用公服设施点/SHP/上海市_培训机构.shp"},"geometry":{"type":"Point","coordinates":[121.440361,31.231986]}},{"id":"6076","type":"Feature","properties":{"id":"B0FFJIU50A","name":"宜往聚力运动康复与综合训练中心","address":"武定路与胶州路交叉口东约100米","type":"科教文化服务;培训机构;培训机构","typecode":"141400","pcode":310000,"pname":"上海市","citycode":21,"cityname":"上海市","adcode":310106,"adname":"静安区","business_a":"曹家渡","location":"121.443508,31.230130","tel":"[]","bigType":"科教文化服务","midType":"培训机构","smallType":"培训机构","gcj_lng":121.443508,"gcj_lat":31.23013,"wgs84_loc":"121.438902,31.232003","wgs84Lng":"121.438902","wgs84Lat":"31.232003","__source_file__":"13-常用公服设施点/SHP/上海市_培训机构.shp"},"geometry":{"type":"Point","coordinates":[121.438902,31.232003]}},{"id":"17474","type":"Feature","properties":{"id":"B0GRXX9W4W","name":"Vs Genikids国际儿童双语中心","address":"武定路与胶州路交叉口东约100米","type":"科教文化服务;培训机构;培训机构","typecode":"141400","pcode":310000,"pname":"上海市","citycode":21,"cityname":"上海市","adcode":310106,"adname":"静安区","business_a":"曹家渡","location":"121.443540,31.230163","tel":"[]","bigType":"科教文化服务","midType":"培训机构","smallType":"培训机构","gcj_lng":121.44354,"gcj_lat":31.230163,"wgs84_loc":"121.438934,31.232036","wgs84Lng":"121.438934","wgs84Lat":"31.232036","__source_file__":"13-常用公服设施点/SHP/上海市_培训机构.shp"},"geometry":{"type":"Point","coordinates":[121.438934,31.232036]}},{"id":"6285","type":"Feature","properties":{"id":"B0FFK4D2XB","name":"胡同学校","address":"武定路969号华祺大厦5层","type":"科教文化服务;培训机构;培训机构","typecode":"141400","pcode":310000,"pname":"上海市","citycode":21,"cityname":"上海市","adcode":310106,"adname":"静安区","business_a":"曹家渡","location":"121.443801,31.230248","tel":"021-34280099","bigType":"科教文化服务","midType":"培训机构","smallType":"培训机构","gcj_lng":121.443801,"gcj_lat":31.230248,"wgs84_loc":"121.439195,31.232121","wgs84Lng":"121.439195","wgs84Lat":"31.232121","__source_file__":"13-常用公服设施点/SHP/上海市_培训机构.shp"},"geometry":{"type":"Point","coordinates":[121.439195,31.232121]}},{"id":"5762","type":"Feature","properties":{"id":"B0FFIN5A2N","name":"摩登外教(静安校区)","address":"江宁路街道武定路969号华祺大厦3楼","type":"科教文化服务;培训机构;培训机构","typecode":"141400","pcode":310000,"pname":"上海市","citycode":21,"cityname":"上海市","adcode":310106,"adname":"静安区","business_a":"曹家渡","location":"121.443801,31.230248","tel":"021-52907665","bigType":"科教文化服务","midType":"培训机构","smallType":"培训机构","gcj_lng":121.443801,"gcj_lat":31.230248,"wgs84_loc":"121.439195,31.232121","wgs84Lng":"121.439195","wgs84Lat":"31.232121","__source_file__":"13-常用公服设施点/SHP/上海市_培训机构.shp"},"geometry":{"type":"Point","coordinates":[121.439195,31.232121]}},{"id":"5668","type":"Feature","properties":{"id":"B0FFI5H6AJ","name":"上海静安黑白灰美术培训学校","address":"武定路969号10层","type":"科教文化服务;培训机构;培训机构","typecode":"141400","pcode":310000,"pname":"上海市","citycode":21,"cityname":"上海市","adcode":310106,"adname":"静安区","business_a":"曹家渡","location":"121.443873,31.230259","tel":"021-52527987","bigType":"科教文化服务","midType":"培训机构","smallType":"培训机构","gcj_lng":121.443873,"gcj_lat":31.230259,"wgs84_loc":"121.439268,31.232132","wgs84Lng":"121.439268","wgs84Lat":"31.232132","__source_file__":"13-常用公服设施点/SHP/上海市_培训机构.shp"},"geometry":{"type":"Point","coordinates":[121.439268,31.232132]}},{"id":"6069","type":"Feature","properties":{"id":"B0G21Y6JLJ","name":"The activity studio","address":"武定路与胶州路交叉口东北约80米","type":"科教文化服务;培训机构;培训机构","typecode":"141400","pcode":310000,"pname":"上海市","citycode":21,"cityname":"上海市","adcode":310106,"adname":"静安区","business_a":"曹家渡","location":"121.443232,31.230348","tel":"[]","bigType":"科教文化服务","midType":"培训机构","smallType":"培训机构","gcj_lng":121.443232,"gcj_lat":31.230348,"wgs84_loc":"121.438625,31.23222","wgs84Lng":"121.438625","wgs84Lat":"31.23222","__source_file__":"13-常用公服设施点/SHP/上海市_培训机构.shp"},"geometry":{"type":"Point","coordinates":[121.438625,31.23222]}},{"id":"6046","type":"Feature","properties":{"id":"B0FFM38M8P","name":"维音琴行艺术培训中心(静安旗舰店)","address":"武定路881号3号楼二层(近常德路)","type":"科教文化服务;培训机构;培训机构","typecode":"141400","pcode":310000,"pname":"上海市","citycode":21,"cityname":"上海市","adcode":310106,"adname":"静安区","business_a":"曹家渡","location":"121.444673,31.230385","tel":"021-62887895","bigType":"科教文化服务","midType":"培训机构","smallType":"培训机构","gcj_lng":121.444673,"gcj_lat":31.230385,"wgs84_loc":"121.440069,31.23226","wgs84Lng":"121.440069","wgs84Lat":"31.23226","__source_file__":"13-常用公服设施点/SHP/上海市_培训机构.shp"},"geometry":{"type":"Point","coordinates":[121.440069,31.23226]}},{"id":"6331","type":"Feature","properties":{"id":"B0H31SW38A","name":"音乐培训学校","address":"武定路与常德路交叉口西南约80米","type":"科教文化服务;培训机构;培训机构","typecode":"141400","pcode":310000,"pname":"上海市","citycode":21,"cityname":"上海市","adcode":310106,"adname":"静安区","business_a":"曹家渡","location":"121.444527,31.230594","tel":"[]","bigType":"科教文化服务","midType":"培训机构","smallType":"培训机构","gcj_lng":121.444527,"gcj_lat":31.230594,"wgs84_loc":"121.439923,31.232468","wgs84Lng":"121.439923","wgs84Lat":"31.232468","__source_file__":"13-常用公服设施点/SHP/上海市_培训机构.shp"},"geometry":{"type":"Point","coordinates":[121.439923,31.232468]}},{"id":"17483","type":"Feature","properties":{"id":"B0H31UXUOY","name":"Thats Mandarin Chinese Language School","address":"武定路与常德路交叉口西南80米","type":"科教文化服务;培训机构;培训机构","typecode":"141400","pcode":310000,"pname":"上海市","citycode":21,"cityname":"上海市","adcode":310106,"adname":"静安区","business_a":"曹家渡","location":"121.444614,31.230619","tel":"[]","bigType":"科教文化服务","midType":"培训机构","smallType":"培训机构","gcj_lng":121.444614,"gcj_lat":31.230619,"wgs84_loc":"121.44001,31.232494","wgs84Lng":"121.44001","wgs84Lat":"31.232494","__source_file__":"13-常用公服设施点/SHP/上海市_培训机构.shp"},"geometry":{"type":"Point","coordinates":[121.44001,31.232494]}},{"id":"6028","type":"Feature","properties":{"id":"B0FFKU6ECT","name":"三米田儿童创意美术(武定路店)","address":"武定路1135弄1号楼1204室","type":"科教文化服务;培训机构;培训机构","typecode":"141400","pcode":310000,"pname":"上海市","citycode":21,"cityname":"上海市","adcode":310106,"adname":"静安区","business_a":"曹家渡","location":"121.438462,31.227415","tel":"13072130337","bigType":"科教文化服务","midType":"培训机构","smallType":"培训机构","gcj_lng":121.438462,"gcj_lat":31.227415,"wgs84_loc":"121.433846,31.229281","wgs84Lng":"121.433846","wgs84Lat":"31.229281","__source_file__":"13-常用公服设施点/SHP/上海市_培训机构.shp"},"geometry":{"type":"Point","coordinates":[121.433846,31.229281]}},{"id":"15696","type":"Feature","properties":{"id":"B0FFIXL5BF","name":"甍甍亲子早教托管中心","address":"延平路123弄3号楼3F","type":"科教文化服务;培训机构;培训机构","typecode":"141400","pcode":310000,"pname":"上海市","citycode":21,"cityname":"上海市","adcode":310106,"adname":"静安区","business_a":"曹家渡","location":"121.439484,31.228920","tel":"021-52921376;021-52926260","bigType":"科教文化服务","midType":"培训机构","smallType":"培训机构","gcj_lng":121.439484,"gcj_lat":31.22892,"wgs84_loc":"121.43487,31.230787","wgs84Lng":"121.43487","wgs84Lat":"31.230787","__source_file__":"13-常用公服设施点/SHP/上海市_培训机构.shp"},"geometry":{"type":"Point","coordinates":[121.43487,31.230787]}},{"id":"6108","type":"Feature","properties":{"id":"B0HKCD7POI","name":"上海贲歌教育培训有限公司","address":"武定路与延平路交叉口西南约140米","type":"科教文化服务;培训机构;培训机构","typecode":"141400","pcode":310000,"pname":"上海市","citycode":21,"cityname":"上海市","adcode":310106,"adname":"静安区","business_a":"曹家渡","location":"121.439404,31.228943","tel":"[]","bigType":"科教文化服务","midType":"培训机构","smallType":"培训机构","gcj_lng":121.439404,"gcj_lat":31.228943,"wgs84_loc":"121.43479,31.230809","wgs84Lng":"121.43479","wgs84Lat":"31.230809","__source_file__":"13-常用公服设施点/SHP/上海市_培训机构.shp"},"geometry":{"type":"Point","coordinates":[121.43479,31.230809]}},{"id":"6212","type":"Feature","properties":{"id":"B0H05RHGJX","name":"春光后课堂成长营","address":"武定路1125号3楼(近延平路)","type":"科教文化服务;培训机构;培训机构","typecode":"141400","pcode":310000,"pname":"上海市","citycode":21,"cityname":"上海市","adcode":310106,"adname":"静安区","business_a":"曹家渡","location":"121.439550,31.228998","tel":"[]","bigType":"科教文化服务","midType":"培训机构","smallType":"培训机构","gcj_lng":121.43955,"gcj_lat":31.228998,"wgs84_loc":"121.434936,31.230865","wgs84Lng":"121.434936","wgs84Lat":"31.230865","__source_file__":"13-常用公服设施点/SHP/上海市_培训机构.shp"},"geometry":{"type":"Point","coordinates":[121.434936,31.230865]}},{"id":"15312","type":"Feature","properties":{"id":"B0FFKT44OX","name":"请课英语(静安康定坊)","address":"康定路1018号逸楼阁3楼WE酷窝","type":"科教文化服务;培训机构;培训机构","typecode":"141400","pcode":310000,"pname":"上海市","citycode":21,"cityname":"上海市","adcode":310106,"adname":"静安区","business_a":"曹家渡","location":"121.437586,31.230857","tel":"[]","bigType":"科教文化服务","midType":"培训机构","smallType":"培训机构","gcj_lng":121.437586,"gcj_lat":31.230857,"wgs84_loc":"121.432968,31.23272","wgs84Lng":"121.432968","wgs84Lat":"31.23272","__source_file__":"13-常用公服设施点/SHP/上海市_培训机构.shp"},"geometry":{"type":"Point","coordinates":[121.432968,31.23272]}},{"id":"6339","type":"Feature","properties":{"id":"B0GR3OKQCU","name":"见巧教育","address":"康定路1018号成象大厦210室","type":"科教文化服务;培训机构;培训机构","typecode":"141400","pcode":310000,"pname":"上海市","citycode":21,"cityname":"上海市","adcode":310106,"adname":"静安区","business_a":"曹家渡","location":"121.437238,31.230907","tel":"[]","bigType":"科教文化服务","midType":"培训机构","smallType":"培训机构","gcj_lng":121.437238,"gcj_lat":31.230907,"wgs84_loc":"121.432619,31.232769","wgs84Lng":"121.432619","wgs84Lat":"31.232769","__source_file__":"13-常用公服设施点/SHP/上海市_培训机构.shp"},"geometry":{"type":"Point","coordinates":[121.432619,31.232769]}},{"id":"15750","type":"Feature","properties":{"id":"B0GDJZ4Z44","name":"乐弈围棋(静安校区)","address":"静安区康定路960号","type":"科教文化服务;培训机构;培训机构","typecode":"141400","pcode":310000,"pname":"上海市","citycode":21,"cityname":"上海市","adcode":310106,"adname":"静安区","business_a":"曹家渡","location":"121.438553,31.231262","tel":"021-62885029;021-52698702","bigType":"科教文化服务","midType":"培训机构","smallType":"培训机构","gcj_lng":121.438553,"gcj_lat":31.231262,"wgs84_loc":"121.433937,31.233126","wgs84Lng":"121.433937","wgs84Lat":"31.233126","__source_file__":"13-常用公服设施点/SHP/上海市_培训机构.shp"},"geometry":{"type":"Point","coordinates":[121.433937,31.233126]}},{"id":"6263","type":"Feature","properties":{"id":"B0FFKZJYQY","name":"礼文书画俱乐部","address":"康定路960号","type":"科教文化服务;培训机构;培训机构","typecode":"141400","pcode":310000,"pname":"上海市","citycode":21,"cityname":"上海市","adcode":310106,"adname":"静安区","business_a":"曹家渡","location":"121.438551,31.231276","tel":"[]","bigType":"科教文化服务","midType":"培训机构","smallType":"培训机构","gcj_lng":121.438551,"gcj_lat":31.231276,"wgs84_loc":"121.433935,31.23314","wgs84Lng":"121.433935","wgs84Lat":"31.23314","__source_file__":"13-常用公服设施点/SHP/上海市_培训机构.shp"},"geometry":{"type":"Point","coordinates":[121.433935,31.23314]}},{"id":"5674","type":"Feature","properties":{"id":"B00155LWFW","name":"静安区早期教育指导中心","address":"康定路936-938号","type":"科教文化服务;培训机构;培训机构","typecode":"141400","pcode":310000,"pname":"上海市","citycode":21,"cityname":"上海市","adcode":310106,"adname":"静安区","business_a":"曹家渡","location":"121.438980,31.231395","tel":"021-62312198","bigType":"科教文化服务","midType":"培训机构","smallType":"培训机构","gcj_lng":121.43898,"gcj_lat":31.231395,"wgs84_loc":"121.434364,31.23326","wgs84Lng":"121.434364","wgs84Lat":"31.23326","__source_file__":"13-常用公服设施点/SHP/上海市_培训机构.shp"},"geometry":{"type":"Point","coordinates":[121.434364,31.23326]}},{"id":"13770","type":"Feature","properties":{"id":"B0FFFOXUNP","name":"MH画室","address":"延平路123弄三和花园2号楼c座(近新闸路)","type":"科教文化服务;培训机构;培训机构","typecode":"141400","pcode":310000,"pname":"上海市","citycode":21,"cityname":"上海市","adcode":310106,"adname":"静安区","business_a":"曹家渡","location":"121.440720,31.228788","tel":"[]","bigType":"科教文化服务","midType":"培训机构","smallType":"培训机构","gcj_lng":121.44072,"gcj_lat":31.228788,"wgs84_loc":"121.436108,31.230657","wgs84Lng":"121.436108","wgs84Lat":"31.230657","__source_file__":"13-常用公服设施点/SHP/上海市_培训机构.shp"},"geometry":{"type":"Point","coordinates":[121.436108,31.230657]}},{"id":"6156","type":"Feature","properties":{"id":"B0G07Y0COS","name":"META国际艺术教育","address":"延平路135号B座507室","type":"科教文化服务;培训机构;培训机构","typecode":"141400","pcode":310000,"pname":"上海市","citycode":21,"cityname":"上海市","adcode":310106,"adname":"静安区","business_a":"曹家渡","location":"121.440580,31.229298","tel":"[]","bigType":"科教文化服务","midType":"培训机构","smallType":"培训机构","gcj_lng":121.44058,"gcj_lat":31.229298,"wgs84_loc":"121.435968,31.231166","wgs84Lng":"121.435968","wgs84Lat":"31.231166","__source_file__":"13-常用公服设施点/SHP/上海市_培训机构.shp"},"geometry":{"type":"Point","coordinates":[121.435968,31.231166]}},{"id":"5942","type":"Feature","properties":{"id":"B0FFH1T8RC","name":"ME夫子英语培训中心","address":"延平路135号B611","type":"科教文化服务;培训机构;培训机构","typecode":"141400","pcode":310000,"pname":"上海市","citycode":21,"cityname":"上海市","adcode":310106,"adname":"静安区","business_a":"曹家渡","location":"121.440570,31.229403","tel":"4001176101","bigType":"科教文化服务","midType":"培训机构","smallType":"培训机构","gcj_lng":121.44057,"gcj_lat":31.229403,"wgs84_loc":"121.435958,31.231271","wgs84Lng":"121.435958","wgs84Lat":"31.231271","__source_file__":"13-常用公服设施点/SHP/上海市_培训机构.shp"},"geometry":{"type":"Point","coordinates":[121.435958,31.231271]}},{"id":"16678","type":"Feature","properties":{"id":"B0FFHOM8D9","name":"爱荷瑜伽","address":"胶州路358弄6号楼204室","type":"科教文化服务;培训机构;培训机构","typecode":"141400","pcode":310000,"pname":"上海市","citycode":21,"cityname":"上海市","adcode":310106,"adname":"静安区","business_a":"曹家渡","location":"121.442927,31.230313","tel":"15921322070","bigType":"科教文化服务","midType":"培训机构","smallType":"培训机构","gcj_lng":121.442927,"gcj_lat":31.230313,"wgs84_loc":"121.43832,31.232185","wgs84Lng":"121.43832","wgs84Lat":"31.232185","__source_file__":"13-常用公服设施点/SHP/上海市_培训机构.shp"},"geometry":{"type":"Point","coordinates":[121.43832,31.232185]}},{"id":"6041","type":"Feature","properties":{"id":"B0FFFE5JEY","name":"世界卫生组织上海健康教育与健康促进合作中心","address":"周祝公路279号","type":"科教文化服务;培训机构;培训机构","typecode":"141400","pcode":310000,"pname":"上海市","citycode":21,"cityname":"上海市","adcode":310106,"adname":"静安区","business_a":"曹家渡","location":"121.442760,31.230368","tel":"[]","bigType":"科教文化服务","midType":"培训机构","smallType":"培训机构","gcj_lng":121.44276,"gcj_lat":31.230368,"wgs84_loc":"121.438152,31.232239","wgs84Lng":"121.438152","wgs84Lat":"31.232239","__source_file__":"13-常用公服设施点/SHP/上海市_培训机构.shp"},"geometry":{"type":"Point","coordinates":[121.438152,31.232239]}},{"id":"112","type":"Feature","properties":{"id":"B0G39GLS1C","name":"上海市静安区青少年科创教育联盟","address":"康定路绿杨村","type":"科教文化服务;培训机构;培训机构","typecode":"141400","pcode":310000,"pname":"上海市","citycode":21,"cityname":"上海市","adcode":310106,"adname":"静安区","business_a":"曹家渡","location":"121.442579,31.231750","tel":"[]","bigType":"科教文化服务","midType":"培训机构","smallType":"培训机构","gcj_lng":121.442579,"gcj_lat":31.23175,"wgs84_loc":"121.437971,31.23362","wgs84Lng":"121.437971","wgs84Lat":"31.23362","__source_file__":"13-常用公服设施点/SHP/上海市_培训机构.shp"},"geometry":{"type":"Point","coordinates":[121.437971,31.23362]}},{"id":"6280","type":"Feature","properties":{"id":"B00156NU45","name":"华东理工大学文化艺术学院教学点","address":"胶州路601号","type":"科教文化服务;培训机构;培训机构","typecode":"141400","pcode":310000,"pname":"上海市","citycode":21,"cityname":"上海市","adcode":310106,"adname":"静安区","business_a":"曹家渡","location":"121.440359,31.233157","tel":"[]","bigType":"科教文化服务","midType":"培训机构","smallType":"培训机构","gcj_lng":121.440359,"gcj_lat":31.233157,"wgs84_loc":"121.435746,31.235023","wgs84Lng":"121.435746","wgs84Lat":"31.235023","__source_file__":"13-常用公服设施点/SHP/上海市_培训机构.shp"},"geometry":{"type":"Point","coordinates":[121.435746,31.235023]}},{"id":"14299","type":"Feature","properties":{"id":"B0FFG80XIA","name":"橙子艺术","address":"常德路777号B2层","type":"科教文化服务;培训机构;培训机构","typecode":"141400","pcode":310000,"pname":"上海市","citycode":21,"cityname":"上海市","adcode":310106,"adname":"静安区","business_a":"曹家渡","location":"121.442784,31.233186","tel":"18116298668;021-62157181;13818514831","bigType":"科教文化服务","midType":"培训机构","smallType":"培训机构","gcj_lng":121.442784,"gcj_lat":31.233186,"wgs84_loc":"121.438176,31.235056","wgs84Lng":"121.438176","wgs84Lat":"31.235056","__source_file__":"13-常用公服设施点/SHP/上海市_培训机构.shp"},"geometry":{"type":"Point","coordinates":[121.438176,31.235056]}},{"id":"17064","type":"Feature","properties":{"id":"B0FFF2H0RA","name":"上海市静安区中华职业教育社","address":"胶州路601号","type":"科教文化服务;培训机构;培训机构","typecode":"141400","pcode":310000,"pname":"上海市","citycode":21,"cityname":"上海市","adcode":310106,"adname":"静安区","business_a":"曹家渡","location":"121.440858,31.233330","tel":"[]","bigType":"科教文化服务","midType":"培训机构","smallType":"培训机构","gcj_lng":121.440858,"gcj_lat":31.23333,"wgs84_loc":"121.436246,31.235197","wgs84Lng":"121.436246","wgs84Lat":"31.235197","__source_file__":"13-常用公服设施点/SHP/上海市_培训机构.shp"},"geometry":{"type":"Point","coordinates":[121.436246,31.235197]}},{"id":"6250","type":"Feature","properties":{"id":"B0G0KPR4TV","name":"数学化学习体验中心","address":"胶州路591号附近","type":"科教文化服务;培训机构;培训机构","typecode":"141400","pcode":310000,"pname":"上海市","citycode":21,"cityname":"上海市","adcode":310106,"adname":"静安区","business_a":"曹家渡","location":"121.440830,31.233366","tel":"[]","bigType":"科教文化服务","midType":"培训机构","smallType":"培训机构","gcj_lng":121.44083,"gcj_lat":31.233366,"wgs84_loc":"121.436218,31.235233","wgs84Lng":"121.436218","wgs84Lat":"31.235233","__source_file__":"13-常用公服设施点/SHP/上海市_培训机构.shp"},"geometry":{"type":"Point","coordinates":[121.436218,31.235233]}},{"id":"5850","type":"Feature","properties":{"id":"B0FFFRSO3A","name":"STUDIOX热舞舞蹈(昌平路店)","address":"昌平路常德路851号B1F(昌平路地铁站4号口内地下一层)","type":"科教文化服务;培训机构;培训机构","typecode":"141400","pcode":310000,"pname":"上海市","citycode":21,"cityname":"上海市","adcode":310106,"adname":"静安区","business_a":"曹家渡","location":"121.442159,31.233893","tel":"15900871778","bigType":"科教文化服务","midType":"培训机构","smallType":"培训机构","gcj_lng":121.442159,"gcj_lat":31.233893,"wgs84_loc":"121.43755,31.235762","wgs84Lng":"121.43755","wgs84Lat":"31.235762","__source_file__":"13-常用公服设施点/SHP/上海市_培训机构.shp"},"geometry":{"type":"Point","coordinates":[121.43755,31.235762]}},{"id":"5812","type":"Feature","properties":{"id":"B0GR7HINWV","name":"一飞教育(静安校区)","address":"常德路818号405室","type":"科教文化服务;培训机构;培训机构","typecode":"141400","pcode":310000,"pname":"上海市","citycode":21,"cityname":"上海市","adcode":310106,"adname":"静安区","business_a":"曹家渡","location":"121.442764,31.233956","tel":"021-52556288","bigType":"科教文化服务","midType":"培训机构","smallType":"培训机构","gcj_lng":121.442764,"gcj_lat":31.233956,"wgs84_loc":"121.438156,31.235826","wgs84Lng":"121.438156","wgs84Lat":"31.235826","__source_file__":"13-常用公服设施点/SHP/上海市_培训机构.shp"},"geometry":{"type":"Point","coordinates":[121.438156,31.235826]}},{"id":"6109","type":"Feature","properties":{"id":"B0HKADI7Q5","name":"方寸画舍(常德路店)","address":"常德路812弄德安大厦4层405A","type":"科教文化服务;培训机构;培训机构","typecode":"141400","pcode":310000,"pname":"上海市","citycode":21,"cityname":"上海市","adcode":310106,"adname":"静安区","business_a":"曹家渡","location":"121.442740,31.233976","tel":"13918151111","bigType":"科教文化服务","midType":"培训机构","smallType":"培训机构","gcj_lng":121.44274,"gcj_lat":31.233976,"wgs84_loc":"121.438132,31.235846","wgs84Lng":"121.438132","wgs84Lat":"31.235846","__source_file__":"13-常用公服设施点/SHP/上海市_培训机构.shp"},"geometry":{"type":"Point","coordinates":[121.438132,31.235846]}},{"id":"5919","type":"Feature","properties":{"id":"B0FFL6VEDK","name":"飞思乐教育","address":"昌平路上海人脉精英科创中心E208-E211","type":"科教文化服务;培训机构;培训机构","typecode":"141400","pcode":310000,"pname":"上海市","citycode":21,"cityname":"上海市","adcode":310106,"adname":"静安区","business_a":"曹家渡","location":"121.440384,31.234161","tel":"021-62499119","bigType":"科教文化服务","midType":"培训机构","smallType":"培训机构","gcj_lng":121.440384,"gcj_lat":31.234161,"wgs84_loc":"121.435771,31.236027","wgs84Lng":"121.435771","wgs84Lat":"31.236027","__source_file__":"13-常用公服设施点/SHP/上海市_培训机构.shp"},"geometry":{"type":"Point","coordinates":[121.435771,31.236027]}},{"id":"5815","type":"Feature","properties":{"id":"B0GDLCJQFQ","name":"XD国际少儿舞蹈艺术中心(静安校区)","address":"常德路818号403室德安大厦","type":"科教文化服务;培训机构;培训机构","typecode":"141400","pcode":310000,"pname":"上海市","citycode":21,"cityname":"上海市","adcode":310106,"adname":"静安区","business_a":"曹家渡","location":"121.442802,31.234160","tel":"18321726657","bigType":"科教文化服务","midType":"培训机构","smallType":"培训机构","gcj_lng":121.442802,"gcj_lat":31.23416,"wgs84_loc":"121.438194,31.23603","wgs84Lng":"121.438194","wgs84Lat":"31.23603","__source_file__":"13-常用公服设施点/SHP/上海市_培训机构.shp"},"geometry":{"type":"Point","coordinates":[121.438194,31.23603]}},{"id":"6000","type":"Feature","properties":{"id":"B0HKUZPPBH","name":"宝舞蹈","address":"常德路814-818号303室","type":"科教文化服务;培训机构;培训机构","typecode":"141400","pcode":310000,"pname":"上海市","citycode":21,"cityname":"上海市","adcode":310106,"adname":"静安区","business_a":"曹家渡","location":"121.442639,31.234207","tel":"18201849777","bigType":"科教文化服务","midType":"培训机构","smallType":"培训机构","gcj_lng":121.442639,"gcj_lat":31.234207,"wgs84_loc":"121.438031,31.236076","wgs84Lng":"121.438031","wgs84Lat":"31.236076","__source_file__":"13-常用公服设施点/SHP/上海市_培训机构.shp"},"geometry":{"type":"Point","coordinates":[121.438031,31.236076]}},{"id":"16282","type":"Feature","properties":{"id":"B0FFHRHDIV","name":"荟语堂","address":"常德路818号403D室","type":"科教文化服务;培训机构;培训机构","typecode":"141400","pcode":310000,"pname":"上海市","citycode":21,"cityname":"上海市","adcode":310106,"adname":"静安区","business_a":"曹家渡","location":"121.442650,31.234240","tel":"[]","bigType":"科教文化服务","midType":"培训机构","smallType":"培训机构","gcj_lng":121.44265,"gcj_lat":31.23424,"wgs84_loc":"121.438042,31.236109","wgs84Lng":"121.438042","wgs84Lat":"31.236109","__source_file__":"13-常用公服设施点/SHP/上海市_培训机构.shp"},"geometry":{"type":"Point","coordinates":[121.438042,31.236109]}},{"id":"5803","type":"Feature","properties":{"id":"B0HULA37PQ","name":"道格高尔夫学院","address":"常德路888号静安工人文化宫2楼","type":"科教文化服务;培训机构;培训机构","typecode":"141400","pcode":310000,"pname":"上海市","citycode":21,"cityname":"上海市","adcode":310106,"adname":"静安区","business_a":"曹家渡","location":"121.442094,31.234745","tel":"[]","bigType":"科教文化服务","midType":"培训机构","smallType":"培训机构","gcj_lng":121.442094,"gcj_lat":31.234745,"wgs84_loc":"121.437484,31.236613","wgs84Lng":"121.437484","wgs84Lat":"31.236613","__source_file__":"13-常用公服设施点/SHP/上海市_培训机构.shp"},"geometry":{"type":"Point","coordinates":[121.437484,31.236613]}},{"id":"17475","type":"Feature","properties":{"id":"B0HD0O0JF7","name":"华骊音乐钢琴大提琴古筝","address":"常德路与昌平路交叉口北40米","type":"科教文化服务;培训机构;培训机构","typecode":"141400","pcode":310000,"pname":"上海市","citycode":21,"cityname":"上海市","adcode":310106,"adname":"静安区","business_a":"曹家渡","location":"121.442138,31.234766","tel":"[]","bigType":"科教文化服务","midType":"培训机构","smallType":"培训机构","gcj_lng":121.442138,"gcj_lat":31.234766,"wgs84_loc":"121.437529,31.236634","wgs84Lng":"121.437529","wgs84Lat":"31.236634","__source_file__":"13-常用公服设施点/SHP/上海市_培训机构.shp"},"geometry":{"type":"Point","coordinates":[121.437529,31.236634]}},{"id":"17440","type":"Feature","properties":{"id":"B0FFIDJBQR","name":"S瑜伽(工人文化宫店)","address":"常德路888号静安工人文化宫三楼(电梯上)","type":"科教文化服务;培训机构;培训机构","typecode":"141400","pcode":310000,"pname":"上海市","citycode":21,"cityname":"上海市","adcode":310106,"adname":"静安区","business_a":"曹家渡","location":"121.442098,31.234904","tel":"13062680876","bigType":"科教文化服务","midType":"培训机构","smallType":"培训机构","gcj_lng":121.442098,"gcj_lat":31.234904,"wgs84_loc":"121.437488,31.236772","wgs84Lng":"121.437488","wgs84Lat":"31.236772","__source_file__":"13-常用公服设施点/SHP/上海市_培训机构.shp"},"geometry":{"type":"Point","coordinates":[121.437488,31.236772]}},{"id":"5719","type":"Feature","properties":{"id":"B0FFKSA082","name":"森塾教育陕西北路校","address":"陕西北路688号智社iCommune3楼302室森塾教育","type":"科教文化服务;培训机构;培训机构","typecode":"141400","pcode":310000,"pname":"上海市","citycode":21,"cityname":"上海市","adcode":310106,"adname":"静安区","business_a":"曹家渡","location":"121.450399,31.234299","tel":"4001827790","bigType":"科教文化服务","midType":"培训机构","smallType":"培训机构","gcj_lng":121.450399,"gcj_lat":31.234299,"wgs84_loc":"121.445808,31.236183","wgs84Lng":"121.445808","wgs84Lat":"31.236183","__source_file__":"13-常用公服设施点/SHP/上海市_培训机构.shp"},"geometry":{"type":"Point","coordinates":[121.445808,31.236183]}},{"id":"5687","type":"Feature","properties":{"id":"B0FFJK7AHH","name":"AIVA国际视觉艺术教育","address":"陕西北路688号静工创意5-6层(地铁7号线昌平路3号口出)","type":"科教文化服务;培训机构;培训机构","typecode":"141400","pcode":310000,"pname":"上海市","citycode":21,"cityname":"上海市","adcode":310106,"adname":"静安区","business_a":"曹家渡","location":"121.450467,31.234343","tel":"[]","bigType":"科教文化服务","midType":"培训机构","smallType":"培训机构","gcj_lng":121.450467,"gcj_lat":31.234343,"wgs84_loc":"121.445876,31.236227","wgs84Lng":"121.445876","wgs84Lat":"31.236227","__source_file__":"13-常用公服设施点/SHP/上海市_培训机构.shp"},"geometry":{"type":"Point","coordinates":[121.445876,31.236227]}},{"id":"15849","type":"Feature","properties":{"id":"B0FFI1WSRM","name":"aiva视觉艺术中心","address":"陕西北路688号5层","type":"科教文化服务;培训机构;培训机构","typecode":"141400","pcode":310000,"pname":"上海市","citycode":21,"cityname":"上海市","adcode":310106,"adname":"静安区","business_a":"曹家渡","location":"121.450460,31.234345","tel":"[]","bigType":"科教文化服务","midType":"培训机构","smallType":"培训机构","gcj_lng":121.45046,"gcj_lat":31.234345,"wgs84_loc":"121.445869,31.236229","wgs84Lng":"121.445869","wgs84Lat":"31.236229","__source_file__":"13-常用公服设施点/SHP/上海市_培训机构.shp"},"geometry":{"type":"Point","coordinates":[121.445869,31.236229]}},{"id":"6123","type":"Feature","properties":{"id":"B0H2C7U5H9","name":"艺界国际艺术教育","address":"陕西北路688号4层","type":"科教文化服务;培训机构;培训机构","typecode":"141400","pcode":310000,"pname":"上海市","citycode":21,"cityname":"上海市","adcode":310106,"adname":"静安区","business_a":"曹家渡","location":"121.450362,31.234374","tel":"18610383378","bigType":"科教文化服务","midType":"培训机构","smallType":"培训机构","gcj_lng":121.450362,"gcj_lat":31.234374,"wgs84_loc":"121.445771,31.236258","wgs84Lng":"121.445771","wgs84Lat":"31.236258","__source_file__":"13-常用公服设施点/SHP/上海市_培训机构.shp"},"geometry":{"type":"Point","coordinates":[121.445771,31.236258]}},{"id":"16793","type":"Feature","properties":{"id":"B0FFJJC52Z","name":"埃瓦教育","address":"陕西北路688号5楼","type":"科教文化服务;培训机构;培训机构","typecode":"141400","pcode":310000,"pname":"上海市","citycode":21,"cityname":"上海市","adcode":310106,"adname":"静安区","business_a":"曹家渡","location":"121.450476,31.234438","tel":"[]","bigType":"科教文化服务","midType":"培训机构","smallType":"培训机构","gcj_lng":121.450476,"gcj_lat":31.234438,"wgs84_loc":"121.445885,31.236322","wgs84Lng":"121.445885","wgs84Lat":"31.236322","__source_file__":"13-常用公服设施点/SHP/上海市_培训机构.shp"},"geometry":{"type":"Point","coordinates":[121.445885,31.236322]}},{"id":"5709","type":"Feature","properties":{"id":"B0FFJHSGOE","name":"Panda竹子舞蹈艺术中心","address":"武定路595号华庆商务楼3楼216","type":"科教文化服务;培训机构;培训机构","typecode":"141400","pcode":310000,"pname":"上海市","citycode":21,"cityname":"上海市","adcode":310106,"adname":"静安区","business_a":"曹家渡","location":"121.451408,31.234455","tel":"18317133979","bigType":"科教文化服务","midType":"培训机构","smallType":"培训机构","gcj_lng":121.451408,"gcj_lat":31.234455,"wgs84_loc":"121.44682,31.236341","wgs84Lng":"121.44682","wgs84Lat":"31.236341","__source_file__":"13-常用公服设施点/SHP/上海市_培训机构.shp"},"geometry":{"type":"Point","coordinates":[121.44682,31.236341]}},{"id":"14615","type":"Feature","properties":{"id":"B0FFKHTHVG","name":"小萝卜培训中心","address":"江宁路445号106室","type":"科教文化服务;培训机构;培训机构","typecode":"141400","pcode":310000,"pname":"上海市","citycode":21,"cityname":"上海市","adcode":310106,"adname":"静安区","business_a":"曹家渡","location":"121.452126,31.234573","tel":"021-62226670","bigType":"科教文化服务","midType":"培训机构","smallType":"培训机构","gcj_lng":121.452126,"gcj_lat":31.234573,"wgs84_loc":"121.44754,31.236461","wgs84Lng":"121.44754","wgs84Lat":"31.236461","__source_file__":"13-常用公服设施点/SHP/上海市_培训机构.shp"},"geometry":{"type":"Point","coordinates":[121.44754,31.236461]}},{"id":"16603","type":"Feature","properties":{"id":"B0FFHUAYZU","name":"ABE英美教育","address":"武定路与江宁路交叉口北50米","type":"科教文化服务;培训机构;培训机构","typecode":"141400","pcode":310000,"pname":"上海市","citycode":21,"cityname":"上海市","adcode":310106,"adname":"静安区","business_a":"曹家渡","location":"121.452639,31.234736","tel":"[]","bigType":"科教文化服务","midType":"培训机构","smallType":"培训机构","gcj_lng":121.452639,"gcj_lat":31.234736,"wgs84_loc":"121.448054,31.236625","wgs84Lng":"121.448054","wgs84Lat":"31.236625","__source_file__":"13-常用公服设施点/SHP/上海市_培训机构.shp"},"geometry":{"type":"Point","coordinates":[121.448054,31.236625]}},{"id":"5840","type":"Feature","properties":{"id":"B0FFJQ3UFA","name":"四季教育(康定路校区)","address":"康定路370号2层","type":"科教文化服务;培训机构;培训机构","typecode":"141400","pcode":310000,"pname":"上海市","citycode":21,"cityname":"上海市","adcode":310106,"adname":"静安区","business_a":"曹家渡","location":"121.449398,31.234808","tel":"021-52656236;021-52183897","bigType":"科教文化服务","midType":"培训机构","smallType":"培训机构","gcj_lng":121.449398,"gcj_lat":31.234808,"wgs84_loc":"121.444805,31.23669","wgs84Lng":"121.444805","wgs84Lat":"31.23669","__source_file__":"13-常用公服设施点/SHP/上海市_培训机构.shp"},"geometry":{"type":"Point","coordinates":[121.444805,31.23669]}},{"id":"6103","type":"Feature","properties":{"id":"B0HRJUOHQJ","name":"克里克林画室","address":"武定路与昌化路交叉口西约80米","type":"科教文化服务;培训机构;培训机构","typecode":"141400","pcode":310000,"pname":"上海市","citycode":21,"cityname":"上海市","adcode":310106,"adname":"静安区","business_a":"曹家渡","location":"121.453621,31.234851","tel":"[]","bigType":"科教文化服务","midType":"培训机构","smallType":"培训机构","gcj_lng":121.453621,"gcj_lat":31.234851,"wgs84_loc":"121.449038,31.236742","wgs84Lng":"121.449038","wgs84Lat":"31.236742","__source_file__":"13-常用公服设施点/SHP/上海市_培训机构.shp"},"geometry":{"type":"Point","coordinates":[121.449038,31.236742]}},{"id":"5682","type":"Feature","properties":{"id":"B0FFFWTWTD","name":"上海静安越量儿童心智发展训练中心","address":"江宁路420号和一大厦19层","type":"科教文化服务;培训机构;培训机构","typecode":"141400","pcode":310000,"pname":"上海市","citycode":21,"cityname":"上海市","adcode":310106,"adname":"静安区","business_a":"曹家渡","location":"121.453790,31.234872","tel":"021-33606959","bigType":"科教文化服务","midType":"培训机构","smallType":"培训机构","gcj_lng":121.45379,"gcj_lat":31.234872,"wgs84_loc":"121.449208,31.236763","wgs84Lng":"121.449208","wgs84Lat":"31.236763","__source_file__":"13-常用公服设施点/SHP/上海市_培训机构.shp"},"geometry":{"type":"Point","coordinates":[121.449208,31.236763]}},{"id":"5761","type":"Feature","properties":{"id":"B0FFIY289A","name":"不莱梅钢琴教育(静安校区)","address":"江宁路420号和一大厦21楼2104室","type":"科教文化服务;培训机构;培训机构","typecode":"141400","pcode":310000,"pname":"上海市","citycode":21,"cityname":"上海市","adcode":310106,"adname":"静安区","business_a":"曹家渡","location":"121.453773,31.234947","tel":"13817156827","bigType":"科教文化服务","midType":"培训机构","smallType":"培训机构","gcj_lng":121.453773,"gcj_lat":31.234947,"wgs84_loc":"121.449191,31.236838","wgs84Lng":"121.449191","wgs84Lat":"31.236838","__source_file__":"13-常用公服设施点/SHP/上海市_培训机构.shp"},"geometry":{"type":"Point","coordinates":[121.449191,31.236838]}},{"id":"13862","type":"Feature","properties":{"id":"B0FFMFUZW8","name":"翰林书院","address":"江宁路420号和一大厦21b翰林书院","type":"科教文化服务;培训机构;培训机构","typecode":"141400","pcode":310000,"pname":"上海市","citycode":21,"cityname":"上海市","adcode":310106,"adname":"静安区","business_a":"曹家渡","location":"121.453736,31.234976","tel":"[]","bigType":"科教文化服务","midType":"培训机构","smallType":"培训机构","gcj_lng":121.453736,"gcj_lat":31.234976,"wgs84_loc":"121.449154,31.236867","wgs84Lng":"121.449154","wgs84Lat":"31.236867","__source_file__":"13-常用公服设施点/SHP/上海市_培训机构.shp"},"geometry":{"type":"Point","coordinates":[121.449154,31.236867]}},{"id":"17480","type":"Feature","properties":{"id":"B0FFH1891M","name":"上海市眼病防治与眼保健培训基地","address":"陕西北路807号附近","type":"科教文化服务;培训机构;培训机构","typecode":"141400","pcode":310000,"pname":"上海市","citycode":21,"cityname":"上海市","adcode":310106,"adname":"静安区","business_a":"曹家渡","location":"121.449076,31.235239","tel":"[]","bigType":"科教文化服务","midType":"培训机构","smallType":"培训机构","gcj_lng":121.449076,"gcj_lat":31.235239,"wgs84_loc":"121.444482,31.23712","wgs84Lng":"121.444482","wgs84Lat":"31.23712","__source_file__":"13-常用公服设施点/SHP/上海市_培训机构.shp"},"geometry":{"type":"Point","coordinates":[121.444482,31.23712]}},{"id":"1587","type":"Feature","properties":{"id":"B0FFIOW0B7","name":"少室山禅宗书画院(上海分院)","address":"陕西北路798号二楼","type":"科教文化服务;培训机构;培训机构","typecode":"141400","pcode":310000,"pname":"上海市","citycode":21,"cityname":"上海市","adcode":310106,"adname":"静安区","business_a":"曹家渡","location":"121.449280,31.235296","tel":"13386238758","bigType":"科教文化服务","midType":"培训机构","smallType":"培训机构","gcj_lng":121.44928,"gcj_lat":31.235296,"wgs84_loc":"121.444687,31.237177","wgs84Lng":"121.444687","wgs84Lat":"31.237177","__source_file__":"13-常用公服设施点/SHP/上海市_培训机构.shp"},"geometry":{"type":"Point","coordinates":[121.444687,31.237177]}},{"id":"6170","type":"Feature","properties":{"id":"B0FFKGNIN1","name":"卓艺宝贝演讲主持口才戏剧表演(静安校区)","address":"康定路211号艺海大厦3楼","type":"科教文化服务;培训机构;培训机构","typecode":"141400","pcode":310000,"pname":"上海市","citycode":21,"cityname":"上海市","adcode":310106,"adname":"静安区","business_a":"曹家渡","location":"121.452330,31.235299","tel":"[]","bigType":"科教文化服务","midType":"培训机构","smallType":"培训机构","gcj_lng":121.45233,"gcj_lat":31.235299,"wgs84_loc":"121.447744,31.237187","wgs84Lng":"121.447744","wgs84Lat":"31.237187","__source_file__":"13-常用公服设施点/SHP/上海市_培训机构.shp"},"geometry":{"type":"Point","coordinates":[121.447744,31.237187]}},{"id":"5902","type":"Feature","properties":{"id":"B0FFJIZCAW","name":"卓艺宝贝艺术教育中心(静安校区)","address":"康定路211号艺海大厦三楼","type":"科教文化服务;培训机构;培训机构","typecode":"141400","pcode":310000,"pname":"上海市","citycode":21,"cityname":"上海市","adcode":310106,"adname":"静安区","business_a":"曹家渡","location":"121.452331,31.235314","tel":"[]","bigType":"科教文化服务","midType":"培训机构","smallType":"培训机构","gcj_lng":121.452331,"gcj_lat":31.235314,"wgs84_loc":"121.447745,31.237202","wgs84Lng":"121.447745","wgs84Lat":"31.237202","__source_file__":"13-常用公服设施点/SHP/上海市_培训机构.shp"},"geometry":{"type":"Point","coordinates":[121.447745,31.237202]}},{"id":"14395","type":"Feature","properties":{"id":"B00156O2FA","name":"Vdance舞蹈会所","address":"江宁路428号静安体育中心4层","type":"科教文化服务;培训机构;培训机构","typecode":"141400","pcode":310000,"pname":"上海市","citycode":21,"cityname":"上海市","adcode":310106,"adname":"静安区","business_a":"曹家渡","location":"121.453149,31.235349","tel":"[]","bigType":"科教文化服务","midType":"培训机构","smallType":"培训机构","gcj_lng":121.453149,"gcj_lat":31.235349,"wgs84_loc":"121.448565,31.237238","wgs84Lng":"121.448565","wgs84Lat":"31.237238","__source_file__":"13-常用公服设施点/SHP/上海市_培训机构.shp"},"geometry":{"type":"Point","coordinates":[121.448565,31.237238]}},{"id":"15892","type":"Feature","properties":{"id":"B0FFF4IOW0","name":"上海歌薇教育培训中心","address":"康定路211号艺海大厦8层","type":"科教文化服务;培训机构;培训机构","typecode":"141400","pcode":310000,"pname":"上海市","citycode":21,"cityname":"上海市","adcode":310106,"adname":"静安区","business_a":"曹家渡","location":"121.452107,31.235444","tel":"[]","bigType":"科教文化服务","midType":"培训机构","smallType":"培训机构","gcj_lng":121.452107,"gcj_lat":31.235444,"wgs84_loc":"121.44752,31.237331","wgs84Lng":"121.44752","wgs84Lat":"31.237331","__source_file__":"13-常用公服设施点/SHP/上海市_培训机构.shp"},"geometry":{"type":"Point","coordinates":[121.44752,31.237331]}},{"id":"12604","type":"Feature","properties":{"id":"B0FFGT4GIT","name":"KeepingDance瑜伽舞蹈艺术中心","address":"康定路151号上海静安体育中心","type":"科教文化服务;培训机构;培训机构","typecode":"141400","pcode":310000,"pname":"上海市","citycode":21,"cityname":"上海市","adcode":310106,"adname":"静安区","business_a":"曹家渡","location":"121.453310,31.235551","tel":"[]","bigType":"科教文化服务","midType":"培训机构","smallType":"培训机构","gcj_lng":121.45331,"gcj_lat":31.235551,"wgs84_loc":"121.448727,31.237441","wgs84Lng":"121.448727","wgs84Lat":"31.237441","__source_file__":"13-常用公服设施点/SHP/上海市_培训机构.shp"},"geometry":{"type":"Point","coordinates":[121.448727,31.237441]}},{"id":"5743","type":"Feature","properties":{"id":"B0FFKTDXV0","name":"Unisoon音元教育(静安校区)","address":"常德路800号C4号楼二层","type":"科教文化服务;培训机构;培训机构","typecode":"141400","pcode":310000,"pname":"上海市","citycode":21,"cityname":"上海市","adcode":310106,"adname":"静安区","business_a":"曹家渡","location":"121.443771,31.233715","tel":"021-52988318","bigType":"科教文化服务","midType":"培训机构","smallType":"培训机构","gcj_lng":121.443771,"gcj_lat":31.233715,"wgs84_loc":"121.439165,31.235587","wgs84Lng":"121.439165","wgs84Lat":"31.235587","__source_file__":"13-常用公服设施点/SHP/上海市_培训机构.shp"},"geometry":{"type":"Point","coordinates":[121.439165,31.235587]}},{"id":"6155","type":"Feature","properties":{"id":"B0G0C4S36Y","name":"Ger.Apollo音乐梦想家","address":"常德路800号B5-201","type":"科教文化服务;培训机构;培训机构","typecode":"141400","pcode":310000,"pname":"上海市","citycode":21,"cityname":"上海市","adcode":310106,"adname":"静安区","business_a":"曹家渡","location":"121.443591,31.233850","tel":"17317355348","bigType":"科教文化服务","midType":"培训机构","smallType":"培训机构","gcj_lng":121.443591,"gcj_lat":31.23385,"wgs84_loc":"121.438985,31.235721","wgs84Lng":"121.438985","wgs84Lat":"31.235721","__source_file__":"13-常用公服设施点/SHP/上海市_培训机构.shp"},"geometry":{"type":"Point","coordinates":[121.438985,31.235721]}},{"id":"5977","type":"Feature","properties":{"id":"B0FFJYUR23","name":"艺鸣乐器-精工管乐工作室","address":"昌平路653号地下一层","type":"科教文化服务;培训机构;培训机构","typecode":"141400","pcode":310000,"pname":"上海市","citycode":21,"cityname":"上海市","adcode":310106,"adname":"静安区","business_a":"曹家渡","location":"121.444023,31.234804","tel":"13916311902","bigType":"科教文化服务","midType":"培训机构","smallType":"培训机构","gcj_lng":121.444023,"gcj_lat":31.234804,"wgs84_loc":"121.439418,31.236676","wgs84Lng":"121.439418","wgs84Lat":"31.236676","__source_file__":"13-常用公服设施点/SHP/上海市_培训机构.shp"},"geometry":{"type":"Point","coordinates":[121.439418,31.236676]}},{"id":"5691","type":"Feature","properties":{"id":"B0GK4ZM9L4","name":"上海学而思素养(昌平路教学点)","address":"昌平路549号1楼","type":"科教文化服务;培训机构;培训机构","typecode":"141400","pcode":310000,"pname":"上海市","citycode":21,"cityname":"上海市","adcode":310106,"adname":"静安区","business_a":"曹家渡","location":"121.444663,31.234955","tel":"[]","bigType":"科教文化服务","midType":"培训机构","smallType":"培训机构","gcj_lng":121.444663,"gcj_lat":31.234955,"wgs84_loc":"121.440059,31.236828","wgs84Lng":"121.440059","wgs84Lat":"31.236828","__source_file__":"13-常用公服设施点/SHP/上海市_培训机构.shp"},"geometry":{"type":"Point","coordinates":[121.440059,31.236828]}},{"id":"6323","type":"Feature","properties":{"id":"B0HBTY30XV","name":"飞趣教育","address":"江宁路街道西康路608号4-123wework华通大厦4","type":"科教文化服务;培训机构;培训机构","typecode":"141400","pcode":310000,"pname":"上海市","citycode":21,"cityname":"上海市","adcode":310106,"adname":"静安区","business_a":"曹家渡","location":"121.446487,31.235208","tel":"[]","bigType":"科教文化服务","midType":"培训机构","smallType":"培训机构","gcj_lng":121.446487,"gcj_lat":31.235208,"wgs84_loc":"121.441887,31.237084","wgs84Lng":"121.441887","wgs84Lat":"31.237084","__source_file__":"13-常用公服设施点/SHP/上海市_培训机构.shp"},"geometry":{"type":"Point","coordinates":[121.441887,31.237084]}},{"id":"14424","type":"Feature","properties":{"id":"B0FFG42ERV","name":"上海海派书画艺术馆书画培训中心(静安书画培训中心)","address":"西康路709号","type":"科教文化服务;培训机构;培训机构","typecode":"141400","pcode":310000,"pname":"上海市","citycode":21,"cityname":"上海市","adcode":310106,"adname":"静安区","business_a":"曹家渡","location":"121.444491,31.236000","tel":"021-62151611;13061723737","bigType":"科教文化服务","midType":"培训机构","smallType":"培训机构","gcj_lng":121.444491,"gcj_lat":31.236,"wgs84_loc":"121.439886,31.237872","wgs84Lng":"121.439886","wgs84Lat":"31.237872","__source_file__":"13-常用公服设施点/SHP/上海市_培训机构.shp"},"geometry":{"type":"Point","coordinates":[121.439886,31.237872]}},{"id":"5857","type":"Feature","properties":{"id":"B0GUHHT3C1","name":"HippieMusic","address":"江宁路街道余姚路14号同乐坊22号楼106","type":"科教文化服务;培训机构;培训机构","typecode":"141400","pcode":310000,"pname":"上海市","citycode":21,"cityname":"上海市","adcode":310106,"adname":"静安区","business_a":"曹家渡","location":"121.444100,31.236422","tel":"13651863762","bigType":"科教文化服务","midType":"培训机构","smallType":"培训机构","gcj_lng":121.4441,"gcj_lat":31.236422,"wgs84_loc":"121.439495,31.238293","wgs84Lng":"121.439495","wgs84Lat":"31.238293","__source_file__":"13-常用公服设施点/SHP/上海市_培训机构.shp"},"geometry":{"type":"Point","coordinates":[121.439495,31.238293]}},{"id":"9365","type":"Feature","properties":{"id":"B0FFL757HU","name":"Essence Dance Studio舞蹈工作室","address":"西康路618號20A","type":"科教文化服务;培训机构;培训机构","typecode":"141400","pcode":310000,"pname":"上海市","citycode":21,"cityname":"上海市","adcode":310106,"adname":"静安区","business_a":"曹家渡","location":"121.444519,31.236471","tel":"[]","bigType":"科教文化服务","midType":"培训机构","smallType":"培训机构","gcj_lng":121.444519,"gcj_lat":31.236471,"wgs84_loc":"121.439914,31.238343","wgs84Lng":"121.439914","wgs84Lat":"31.238343","__source_file__":"13-常用公服设施点/SHP/上海市_培训机构.shp"},"geometry":{"type":"Point","coordinates":[121.439914,31.238343]}},{"id":"14219","type":"Feature","properties":{"id":"B0GKNA87AH","name":"缔艺芭蕾(海防路店)","address":"海防路429弄100号2号楼1层","type":"科教文化服务;培训机构;培训机构","typecode":"141400","pcode":310000,"pname":"上海市","citycode":21,"cityname":"上海市","adcode":310106,"adname":"静安区","business_a":"曹家渡","location":"121.445450,31.237066","tel":"[]","bigType":"科教文化服务","midType":"培训机构","smallType":"培训机构","gcj_lng":121.44545,"gcj_lat":31.237066,"wgs84_loc":"121.440847,31.238939","wgs84Lng":"121.440847","wgs84Lat":"31.238939","__source_file__":"13-常用公服设施点/SHP/上海市_培训机构.shp"},"geometry":{"type":"Point","coordinates":[121.440847,31.238939]}},{"id":"119","type":"Feature","properties":{"id":"B001552P46","name":"上海市旅游培训中心","address":"海防路429弄100号","type":"科教文化服务;培训机构;培训机构","typecode":"141400","pcode":310000,"pname":"上海市","citycode":21,"cityname":"上海市","adcode":310106,"adname":"静安区","business_a":"曹家渡","location":"121.445613,31.237123","tel":"021-61322180","bigType":"科教文化服务","midType":"培训机构","smallType":"培训机构","gcj_lng":121.445613,"gcj_lat":31.237123,"wgs84_loc":"121.441011,31.238996","wgs84Lng":"121.441011","wgs84Lat":"31.238996","__source_file__":"13-常用公服设施点/SHP/上海市_培训机构.shp"},"geometry":{"type":"Point","coordinates":[121.441011,31.238996]}},{"id":"6182","type":"Feature","properties":{"id":"B0FFIZFY48","name":"S瑜伽舞蹈中心","address":"常德路888号3楼","type":"科教文化服务;培训机构;培训机构","typecode":"141400","pcode":310000,"pname":"上海市","citycode":21,"cityname":"上海市","adcode":310106,"adname":"静安区","business_a":"曹家渡","location":"121.442001,31.234928","tel":"[]","bigType":"科教文化服务","midType":"培训机构","smallType":"培训机构","gcj_lng":121.442001,"gcj_lat":31.234928,"wgs84_loc":"121.437391,31.236796","wgs84Lng":"121.437391","wgs84Lat":"31.236796","__source_file__":"13-常用公服设施点/SHP/上海市_培训机构.shp"},"geometry":{"type":"Point","coordinates":[121.437391,31.236796]}},{"id":"5073","type":"Feature","properties":{"id":"B0HU2CV0WE","name":"华骊音乐艺术中心","address":"昌平路700号","type":"科教文化服务;培训机构;培训机构","typecode":"141400","pcode":310000,"pname":"上海市","citycode":21,"cityname":"上海市","adcode":310106,"adname":"静安区","business_a":"曹家渡","location":"121.442656,31.235005","tel":"021-62162749","bigType":"科教文化服务","midType":"培训机构","smallType":"培训机构","gcj_lng":121.442656,"gcj_lat":31.235005,"wgs84_loc":"121.438048,31.236874","wgs84Lng":"121.438048","wgs84Lat":"31.236874","__source_file__":"13-常用公服设施点/SHP/上海市_培训机构.shp"},"geometry":{"type":"Point","coordinates":[121.438048,31.236874]}},{"id":"9376","type":"Feature","properties":{"id":"B0FFHCUGRR","name":"静宫教育","address":"常德路940上海市总工会静安区工人文化宫综合楼6层","type":"科教文化服务;培训机构;培训机构","typecode":"141400","pcode":310000,"pname":"上海市","citycode":21,"cityname":"上海市","adcode":310106,"adname":"静安区","business_a":"曹家渡","location":"121.442031,31.235034","tel":"021-62185445;021-62586154","bigType":"科教文化服务","midType":"培训机构","smallType":"培训机构","gcj_lng":121.442031,"gcj_lat":31.235034,"wgs84_loc":"121.437421,31.236902","wgs84Lng":"121.437421","wgs84Lat":"31.236902","__source_file__":"13-常用公服设施点/SHP/上海市_培训机构.shp"},"geometry":{"type":"Point","coordinates":[121.437421,31.236902]}},{"id":"6319","type":"Feature","properties":{"id":"B0HGNPKPQ8","name":"Awesome Kids Club亲子俱乐部","address":"常德路940号群星楼2楼","type":"科教文化服务;培训机构;培训机构","typecode":"141400","pcode":310000,"pname":"上海市","citycode":21,"cityname":"上海市","adcode":310106,"adname":"静安区","business_a":"曹家渡","location":"121.442224,31.235073","tel":"021-52687888","bigType":"科教文化服务","midType":"培训机构","smallType":"培训机构","gcj_lng":121.442224,"gcj_lat":31.235073,"wgs84_loc":"121.437615,31.236941","wgs84Lng":"121.437615","wgs84Lat":"31.236941","__source_file__":"13-常用公服设施点/SHP/上海市_培训机构.shp"},"geometry":{"type":"Point","coordinates":[121.437615,31.236941]}},{"id":"6337","type":"Feature","properties":{"id":"B0GRHKOO0B","name":"S艺术绘画","address":"常德路888号工人文化宫三楼","type":"科教文化服务;培训机构;培训机构","typecode":"141400","pcode":310000,"pname":"上海市","citycode":21,"cityname":"上海市","adcode":310106,"adname":"静安区","business_a":"曹家渡","location":"121.443042,31.236558","tel":"[]","bigType":"科教文化服务","midType":"培训机构","smallType":"培训机构","gcj_lng":121.443042,"gcj_lat":31.236558,"wgs84_loc":"121.438434,31.238427","wgs84Lng":"121.438434","wgs84Lat":"31.238427","__source_file__":"13-常用公服设施点/SHP/上海市_培训机构.shp"},"geometry":{"type":"Point","coordinates":[121.438434,31.238427]}},{"id":"6245","type":"Feature","properties":{"id":"B0GRUC65V0","name":"万诗达模特形体培训营","address":"海防路555号同乐坊2号303","type":"科教文化服务;培训机构;培训机构","typecode":"141400","pcode":310000,"pname":"上海市","citycode":21,"cityname":"上海市","adcode":310106,"adname":"静安区","business_a":"曹家渡","location":"121.443005,31.236705","tel":"18928819392","bigType":"科教文化服务","midType":"培训机构","smallType":"培训机构","gcj_lng":121.443005,"gcj_lat":31.236705,"wgs84_loc":"121.438397,31.238574","wgs84Lng":"121.438397","wgs84Lat":"31.238574","__source_file__":"13-常用公服设施点/SHP/上海市_培训机构.shp"},"geometry":{"type":"Point","coordinates":[121.438397,31.238574]}},{"id":"15476","type":"Feature","properties":{"id":"B0GR6CZOBU","name":"小面团艺术启蒙生活馆","address":"常德路1048号","type":"科教文化服务;培训机构;培训机构","typecode":"141400","pcode":310000,"pname":"上海市","citycode":21,"cityname":"上海市","adcode":310106,"adname":"静安区","business_a":"曹家渡","location":"121.440829,31.237015","tel":"19901842718","bigType":"科教文化服务","midType":"培训机构","smallType":"培训机构","gcj_lng":121.440829,"gcj_lat":31.237015,"wgs84_loc":"121.436217,31.23888","wgs84Lng":"121.436217","wgs84Lat":"31.23888","__source_file__":"13-常用公服设施点/SHP/上海市_培训机构.shp"},"geometry":{"type":"Point","coordinates":[121.436217,31.23888]}},{"id":"5893","type":"Feature","properties":{"id":"B0G0VUMMUN","name":"橙子艺术(新丰路校区)","address":"江宁路街道新丰路505号橙子艺术","type":"科教文化服务;培训机构;培训机构","typecode":"141400","pcode":310000,"pname":"上海市","citycode":21,"cityname":"上海市","adcode":310106,"adname":"静安区","business_a":"曹家渡","location":"121.442120,31.237735","tel":"021-62157181","bigType":"科教文化服务","midType":"培训机构","smallType":"培训机构","gcj_lng":121.44212,"gcj_lat":31.237735,"wgs84_loc":"121.43751,31.239602","wgs84Lng":"121.43751","wgs84Lat":"31.239602","__source_file__":"13-常用公服设施点/SHP/上海市_培训机构.shp"},"geometry":{"type":"Point","coordinates":[121.43751,31.239602]}},{"id":"6056","type":"Feature","properties":{"id":"B0H0URQM3G","name":"即客空间·自习室","address":"安远路501弄2号1801室","type":"科教文化服务;培训机构;培训机构","typecode":"141400","pcode":310000,"pname":"上海市","citycode":21,"cityname":"上海市","adcode":310106,"adname":"静安区","business_a":"曹家渡","location":"121.440318,31.237742","tel":"18721974113","bigType":"科教文化服务","midType":"培训机构","smallType":"培训机构","gcj_lng":121.440318,"gcj_lat":31.237742,"wgs84_loc":"121.435705,31.239606","wgs84Lng":"121.435705","wgs84Lat":"31.239606","__source_file__":"13-常用公服设施点/SHP/上海市_培训机构.shp"},"geometry":{"type":"Point","coordinates":[121.435705,31.239606]}},{"id":"6002","type":"Feature","properties":{"id":"B0HKDU1PXT","name":"小面团艺术启蒙生活馆","address":"新丰路568号梅山大楼2号楼601室","type":"科教文化服务;培训机构;培训机构","typecode":"141400","pcode":310000,"pname":"上海市","citycode":21,"cityname":"上海市","adcode":310106,"adname":"静安区","business_a":"曹家渡","location":"121.440702,31.237922","tel":"19901842718","bigType":"科教文化服务","midType":"培训机构","smallType":"培训机构","gcj_lng":121.440702,"gcj_lat":31.237922,"wgs84_loc":"121.436089,31.239786","wgs84Lng":"121.436089","wgs84Lat":"31.239786","__source_file__":"13-常用公服设施点/SHP/上海市_培训机构.shp"},"geometry":{"type":"Point","coordinates":[121.436089,31.239786]}},{"id":"6037","type":"Feature","properties":{"id":"B0FFHOO8TN","name":"上海安妮舞蹈芭蕾社ANNYDANCEBALLET(康定路店)","address":"康定路151号静安体育中心7楼舞蹈房kEEPINGDANCE艺术中心内","type":"科教文化服务;培训机构;培训机构","typecode":"141400","pcode":310000,"pname":"上海市","citycode":21,"cityname":"上海市","adcode":310106,"adname":"静安区","business_a":"曹家渡","location":"121.453315,31.235596","tel":"18321839904","bigType":"科教文化服务","midType":"培训机构","smallType":"培训机构","gcj_lng":121.453315,"gcj_lat":31.235596,"wgs84_loc":"121.448732,31.237486","wgs84Lng":"121.448732","wgs84Lat":"31.237486","__source_file__":"13-常用公服设施点/SHP/上海市_培训机构.shp"},"geometry":{"type":"Point","coordinates":[121.448732,31.237486]}},{"id":"6279","type":"Feature","properties":{"id":"B00156O21G","name":"炎黄画院","address":"康定路211-1号","type":"科教文化服务;培训机构;培训机构","typecode":"141400","pcode":310000,"pname":"上海市","citycode":21,"cityname":"上海市","adcode":310106,"adname":"静安区","business_a":"曹家渡","location":"121.452526,31.235607","tel":"[]","bigType":"科教文化服务","midType":"培训机构","smallType":"培训机构","gcj_lng":121.452526,"gcj_lat":31.235607,"wgs84_loc":"121.44794,31.237495","wgs84Lng":"121.44794","wgs84Lat":"31.237495","__source_file__":"13-常用公服设施点/SHP/上海市_培训机构.shp"},"geometry":{"type":"Point","coordinates":[121.44794,31.237495]}},{"id":"14280","type":"Feature","properties":{"id":"B0FFM707D3","name":"呈康张教练篮球培训(江宁路分店)","address":"江宁路565号","type":"科教文化服务;培训机构;培训机构","typecode":"141400","pcode":310000,"pname":"上海市","citycode":21,"cityname":"上海市","adcode":310106,"adname":"静安区","business_a":"曹家渡","location":"121.450423,31.235966","tel":"[]","bigType":"科教文化服务","midType":"培训机构","smallType":"培训机构","gcj_lng":121.450423,"gcj_lat":31.235966,"wgs84_loc":"121.445832,31.237849","wgs84Lng":"121.445832","wgs84Lat":"31.237849","__source_file__":"13-常用公服设施点/SHP/上海市_培训机构.shp"},"geometry":{"type":"Point","coordinates":[121.445832,31.237849]}},{"id":"5947","type":"Feature","properties":{"id":"B0HD0MYEVF","name":"叶莺音乐工作室","address":"江宁路631弄新建大厦6号楼410室","type":"科教文化服务;培训机构;培训机构","typecode":"141400","pcode":310000,"pname":"上海市","citycode":21,"cityname":"上海市","adcode":310106,"adname":"静安区","business_a":"曹家渡","location":"121.449899,31.236743","tel":"021-54093595;13761366490","bigType":"科教文化服务","midType":"培训机构","smallType":"培训机构","gcj_lng":121.449899,"gcj_lat":31.236743,"wgs84_loc":"121.445307,31.238625","wgs84Lng":"121.445307","wgs84Lat":"31.238625","__source_file__":"13-常用公服设施点/SHP/上海市_培训机构.shp"},"geometry":{"type":"Point","coordinates":[121.445307,31.238625]}},{"id":"17453","type":"Feature","properties":{"id":"B0FFJGFHQC","name":"文启优思","address":"昌化路与淮安路交叉口东南60米","type":"科教文化服务;培训机构;培训机构","typecode":"141400","pcode":310000,"pname":"上海市","citycode":21,"cityname":"上海市","adcode":310106,"adname":"静安区","business_a":"曹家渡","location":"121.450315,31.238698","tel":"[]","bigType":"科教文化服务","midType":"培训机构","smallType":"培训机构","gcj_lng":121.450315,"gcj_lat":31.238698,"wgs84_loc":"121.445724,31.24058","wgs84Lng":"121.445724","wgs84Lat":"31.24058","__source_file__":"13-常用公服设施点/SHP/上海市_培训机构.shp"},"geometry":{"type":"Point","coordinates":[121.445724,31.24058]}},{"id":"16116","type":"Feature","properties":{"id":"B0FFLG5M6D","name":"上海方皋教育","address":"淮安路与江宁路交叉口东北40米","type":"科教文化服务;培训机构;培训机构","typecode":"141400","pcode":310000,"pname":"上海市","citycode":21,"cityname":"上海市","adcode":310106,"adname":"静安区","business_a":"曹家渡","location":"121.448870,31.238916","tel":"[]","bigType":"科教文化服务","midType":"培训机构","smallType":"培训机构","gcj_lng":121.44887,"gcj_lat":31.238916,"wgs84_loc":"121.444275,31.240795","wgs84Lng":"121.444275","wgs84Lat":"31.240795","__source_file__":"13-常用公服设施点/SHP/上海市_培训机构.shp"},"geometry":{"type":"Point","coordinates":[121.444275,31.240795]}},{"id":"14101","type":"Feature","properties":{"id":"B0G25XZGJM","name":"沪骥教育","address":"淮安路与江宁路交叉路口东北侧(洪庆坊)","type":"科教文化服务;培训机构;培训机构","typecode":"141400","pcode":310000,"pname":"上海市","citycode":21,"cityname":"上海市","adcode":310106,"adname":"静安区","business_a":"曹家渡","location":"121.448840,31.238951","tel":"[]","bigType":"科教文化服务","midType":"培训机构","smallType":"培训机构","gcj_lng":121.44884,"gcj_lat":31.238951,"wgs84_loc":"121.444245,31.24083","wgs84Lng":"121.444245","wgs84Lat":"31.24083","__source_file__":"13-常用公服设施点/SHP/上海市_培训机构.shp"},"geometry":{"type":"Point","coordinates":[121.444245,31.24083]}},{"id":"6184","type":"Feature","properties":{"id":"B0FFILFCPM","name":"睿进培训中心","address":"昌平路68号静安现代产业大厦701室","type":"科教文化服务;培训机构;培训机构","typecode":"141400","pcode":310000,"pname":"上海市","citycode":21,"cityname":"上海市","adcode":310106,"adname":"静安区","business_a":"曹家渡","location":"121.453403,31.238949","tel":"[]","bigType":"科教文化服务","midType":"培训机构","smallType":"培训机构","gcj_lng":121.453403,"gcj_lat":31.238949,"wgs84_loc":"121.448819,31.240837","wgs84Lng":"121.448819","wgs84Lat":"31.240837","__source_file__":"13-常用公服设施点/SHP/上海市_培训机构.shp"},"geometry":{"type":"Point","coordinates":[121.448819,31.240837]}},{"id":"6215","type":"Feature","properties":{"id":"B0G1AX0RP9","name":"气航教育","address":"淮安路与江宁路交叉口东北约40米","type":"科教文化服务;培训机构;培训机构","typecode":"141400","pcode":310000,"pname":"上海市","citycode":21,"cityname":"上海市","adcode":310106,"adname":"静安区","business_a":"曹家渡","location":"121.448770,31.238995","tel":"[]","bigType":"科教文化服务","midType":"培训机构","smallType":"培训机构","gcj_lng":121.44877,"gcj_lat":31.238995,"wgs84_loc":"121.444175,31.240874","wgs84Lng":"121.444175","wgs84Lat":"31.240874","__source_file__":"13-常用公服设施点/SHP/上海市_培训机构.shp"},"geometry":{"type":"Point","coordinates":[121.444175,31.240874]}},{"id":"6135","type":"Feature","properties":{"id":"B0GKOK4EWJ","name":"香侬美咖半永久皮肤管理培训学院","address":"西苏州路71号","type":"科教文化服务;培训机构;培训机构","typecode":"141400","pcode":310000,"pname":"上海市","citycode":21,"cityname":"上海市","adcode":310106,"adname":"静安区","business_a":"曹家渡","location":"121.452180,31.241202","tel":"[]","bigType":"科教文化服务","midType":"培训机构","smallType":"培训机构","gcj_lng":121.45218,"gcj_lat":31.241202,"wgs84_loc":"121.447593,31.243087","wgs84Lng":"121.447593","wgs84Lat":"31.243087","__source_file__":"13-常用公服设施点/SHP/上海市_培训机构.shp"},"geometry":{"type":"Point","coordinates":[121.447593,31.243087]}},{"id":"13867","type":"Feature","properties":{"id":"B00156ZOHQ","name":"思研会展培训","address":"海防路429弄100号旅游培训中心2号楼302室","type":"科教文化服务;培训机构;培训机构","typecode":"141400","pcode":310000,"pname":"上海市","citycode":21,"cityname":"上海市","adcode":310106,"adname":"静安区","business_a":"曹家渡","location":"121.445127,31.237558","tel":"021-62554125","bigType":"科教文化服务","midType":"培训机构","smallType":"培训机构","gcj_lng":121.445127,"gcj_lat":31.237558,"wgs84_loc":"121.440524,31.23943","wgs84Lng":"121.440524","wgs84Lat":"31.23943","__source_file__":"13-常用公服设施点/SHP/上海市_培训机构.shp"},"geometry":{"type":"Point","coordinates":[121.440524,31.23943]}},{"id":"6345","type":"Feature","properties":{"id":"B0GKDCTA4Z","name":"孕优乐","address":"西康路与海防路交叉口北约40米","type":"科教文化服务;培训机构;培训机构","typecode":"141400","pcode":310000,"pname":"上海市","citycode":21,"cityname":"上海市","adcode":310106,"adname":"静安区","business_a":"曹家渡","location":"121.444034,31.237659","tel":"[]","bigType":"科教文化服务","midType":"培训机构","smallType":"培训机构","gcj_lng":121.444034,"gcj_lat":31.237659,"wgs84_loc":"121.439428,31.239529","wgs84Lng":"121.439428","wgs84Lat":"31.239529","__source_file__":"13-常用公服设施点/SHP/上海市_培训机构.shp"},"geometry":{"type":"Point","coordinates":[121.439428,31.239529]}},{"id":"15538","type":"Feature","properties":{"id":"B0FFI8Z8RR","name":"远东现代职业培训中心","address":"海防路429弄100号6楼","type":"科教文化服务;培训机构;培训机构","typecode":"141400","pcode":310000,"pname":"上海市","citycode":21,"cityname":"上海市","adcode":310106,"adname":"静安区","business_a":"曹家渡","location":"121.445357,31.237725","tel":"[]","bigType":"科教文化服务","midType":"培训机构","smallType":"培训机构","gcj_lng":121.445357,"gcj_lat":31.237725,"wgs84_loc":"121.440754,31.239598","wgs84Lng":"121.440754","wgs84Lat":"31.239598","__source_file__":"13-常用公服设施点/SHP/上海市_培训机构.shp"},"geometry":{"type":"Point","coordinates":[121.440754,31.239598]}},{"id":"18490","type":"Feature","properties":{"id":"B0JG7DSUAR","name":"ACS舞蹈工作室(Moho旗舰店)","address":"江宁路699号地下二层B2-07A-08号","type":"科教文化服务;培训机构;培训机构","typecode":"141400","pcode":310000,"pname":"上海市","citycode":21,"cityname":"上海市","adcode":310106,"adname":"静安区","business_a":"[]","location":"121.448544,31.237733","tel":"[]","bigType":"科教文化服务","midType":"培训机构","smallType":"培训机构","gcj_lng":121.448544,"gcj_lat":31.237733,"wgs84_loc":"121.443949,31.239612","wgs84Lng":"121.443949","wgs84Lat":"31.239612","__source_file__":"13-常用公服设施点/SHP/上海市_培训机构.shp"},"geometry":{"type":"Point","coordinates":[121.443949,31.239612]}},{"id":"5793","type":"Feature","properties":{"id":"B0FFK50QLQ","name":"上海历香文化艺术发展有限公司","address":"西康路828号409室","type":"科教文化服务;培训机构;培训机构","typecode":"141400","pcode":310000,"pname":"上海市","citycode":21,"cityname":"上海市","adcode":310106,"adname":"静安区","business_a":"曹家渡","location":"121.444094,31.237892","tel":"18201997898","bigType":"科教文化服务","midType":"培训机构","smallType":"培训机构","gcj_lng":121.444094,"gcj_lat":31.237892,"wgs84_loc":"121.439488,31.239762","wgs84Lng":"121.439488","wgs84Lat":"31.239762","__source_file__":"13-常用公服设施点/SHP/上海市_培训机构.shp"},"geometry":{"type":"Point","coordinates":[121.439488,31.239762]}},{"id":"6070","type":"Feature","properties":{"id":"B0G1PGIE71","name":"Dopamine Music多巴胺音乐","address":"西康路928号静安创展712(近江宁路)","type":"科教文化服务;培训机构;培训机构","typecode":"141400","pcode":310000,"pname":"上海市","citycode":21,"cityname":"上海市","adcode":310106,"adname":"静安区","business_a":"曹家渡","location":"121.443485,31.239355","tel":"[]","bigType":"科教文化服务","midType":"培训机构","smallType":"培训机构","gcj_lng":121.443485,"gcj_lat":31.239355,"wgs84_loc":"121.438878,31.241224","wgs84Lng":"121.438878","wgs84Lat":"31.241224","__source_file__":"13-常用公服设施点/SHP/上海市_培训机构.shp"},"geometry":{"type":"Point","coordinates":[121.438878,31.241224]}},{"id":"5944","type":"Feature","properties":{"id":"B0HDOA74R3","name":"宇旎舞蹈","address":"西康路928号创展大厦627室","type":"科教文化服务;培训机构;培训机构","typecode":"141400","pcode":310000,"pname":"上海市","citycode":21,"cityname":"上海市","adcode":310106,"adname":"静安区","business_a":"曹家渡","location":"121.443432,31.239373","tel":"[]","bigType":"科教文化服务","midType":"培训机构","smallType":"培训机构","gcj_lng":121.443432,"gcj_lat":31.239373,"wgs84_loc":"121.438825,31.241241","wgs84Lng":"121.438825","wgs84Lat":"31.241241","__source_file__":"13-常用公服设施点/SHP/上海市_培训机构.shp"},"geometry":{"type":"Point","coordinates":[121.438825,31.241241]}},{"id":"6051","type":"Feature","properties":{"id":"B0G3SCVNGF","name":"Magicmusic麦咭音乐","address":"西康路928号创展大厦202室","type":"科教文化服务;培训机构;培训机构","typecode":"141400","pcode":310000,"pname":"上海市","citycode":21,"cityname":"上海市","adcode":310106,"adname":"静安区","business_a":"曹家渡","location":"121.443288,31.239398","tel":"19916511703","bigType":"科教文化服务","midType":"培训机构","smallType":"培训机构","gcj_lng":121.443288,"gcj_lat":31.239398,"wgs84_loc":"121.438681,31.241266","wgs84Lng":"121.438681","wgs84Lat":"31.241266","__source_file__":"13-常用公服设施点/SHP/上海市_培训机构.shp"},"geometry":{"type":"Point","coordinates":[121.438681,31.241266]}},{"id":"6174","type":"Feature","properties":{"id":"B0FFK6W1MC","name":"redream美丽学院","address":"海防路福安大厦","type":"科教文化服务;培训机构;培训机构","typecode":"141400","pcode":310000,"pname":"上海市","citycode":21,"cityname":"上海市","adcode":310106,"adname":"静安区","business_a":"曹家渡","location":"121.448201,31.239450","tel":"[]","bigType":"科教文化服务","midType":"培训机构","smallType":"培训机构","gcj_lng":121.448201,"gcj_lat":31.23945,"wgs84_loc":"121.443605,31.241327","wgs84Lng":"121.443605","wgs84Lat":"31.241327","__source_file__":"13-常用公服设施点/SHP/上海市_培训机构.shp"},"geometry":{"type":"Point","coordinates":[121.443605,31.241327]}},{"id":"6032","type":"Feature","properties":{"id":"B0FFK6U39G","name":"上海瀚茵培训学校(江宁分校)","address":"江宁路838号富容大厦3F310室","type":"科教文化服务;培训机构;培训机构","typecode":"141400","pcode":310000,"pname":"上海市","citycode":21,"cityname":"上海市","adcode":310106,"adname":"静安区","business_a":"曹家渡","location":"121.447803,31.240134","tel":"17721338152","bigType":"科教文化服务","midType":"培训机构","smallType":"培训机构","gcj_lng":121.447803,"gcj_lat":31.240134,"wgs84_loc":"121.443206,31.24201","wgs84Lng":"121.443206","wgs84Lat":"31.24201","__source_file__":"13-常用公服设施点/SHP/上海市_培训机构.shp"},"geometry":{"type":"Point","coordinates":[121.443206,31.24201]}},{"id":"6035","type":"Feature","properties":{"id":"B0FFJ4GE5O","name":"好姑姑(达安锦园中心)","address":"新丰路528-530号(靠近达安锦园)","type":"科教文化服务;培训机构;培训机构","typecode":"141400","pcode":310000,"pname":"上海市","citycode":21,"cityname":"上海市","adcode":310106,"adname":"静安区","business_a":"曹家渡","location":"121.442024,31.237925","tel":"4006708550","bigType":"科教文化服务","midType":"培训机构","smallType":"培训机构","gcj_lng":121.442024,"gcj_lat":31.237925,"wgs84_loc":"121.437414,31.239792","wgs84Lng":"121.437414","wgs84Lat":"31.239792","__source_file__":"13-常用公服设施点/SHP/上海市_培训机构.shp"},"geometry":{"type":"Point","coordinates":[121.437414,31.239792]}},{"id":"5064","type":"Feature","properties":{"id":"B0FFI8Q5AQ","name":"好姑姑达安锦园托育园(上海直营园)","address":"新丰路528-530号(靠近达安锦园)","type":"科教文化服务;培训机构;培训机构","typecode":"141400","pcode":310000,"pname":"上海市","citycode":21,"cityname":"上海市","adcode":310106,"adname":"静安区","business_a":"曹家渡","location":"121.441907,31.237947","tel":"4006708550","bigType":"科教文化服务","midType":"培训机构","smallType":"培训机构","gcj_lng":121.441907,"gcj_lat":31.237947,"wgs84_loc":"121.437297,31.239813","wgs84Lng":"121.437297","wgs84Lat":"31.239813","__source_file__":"13-常用公服设施点/SHP/上海市_培训机构.shp"},"geometry":{"type":"Point","coordinates":[121.437297,31.239813]}},{"id":"6034","type":"Feature","properties":{"id":"B0FFK21V50","name":"翎秀服装模特培训中心","address":"西康路928号10楼1006室","type":"科教文化服务;培训机构;培训机构","typecode":"141400","pcode":310000,"pname":"上海市","citycode":21,"cityname":"上海市","adcode":310106,"adname":"静安区","business_a":"曹家渡","location":"121.443088,31.239299","tel":"13901860291","bigType":"科教文化服务","midType":"培训机构","smallType":"培训机构","gcj_lng":121.443088,"gcj_lat":31.239299,"wgs84_loc":"121.43848,31.241167","wgs84Lng":"121.43848","wgs84Lat":"31.241167","__source_file__":"13-常用公服设施点/SHP/上海市_培训机构.shp"},"geometry":{"type":"Point","coordinates":[121.43848,31.241167]}},{"id":"1859","type":"Feature","properties":{"id":"B0FFLI6B8H","name":"上海市青少年艺术进修学校(普陀分校)","address":"西康路1000号冠龙大厦3楼","type":"科教文化服务;培训机构;培训机构","typecode":"141400","pcode":310000,"pname":"上海市","citycode":21,"cityname":"上海市","adcode":310107,"adname":"普陀区","business_a":"曹家渡","location":"121.442102,31.240412","tel":"4001758174","bigType":"科教文化服务","midType":"培训机构","smallType":"培训机构","gcj_lng":121.442102,"gcj_lat":31.240412,"wgs84_loc":"121.437492,31.242278","wgs84Lng":"121.437492","wgs84Lat":"31.242278","__source_file__":"13-常用公服设施点/SHP/上海市_培训机构.shp"},"geometry":{"type":"Point","coordinates":[121.437492,31.242278]}},{"id":"2293","type":"Feature","properties":{"id":"B0FFKT5OPA","name":"青竹修雅舞蹈工作室(普陀店)","address":"西康路1000号、冠龙大厦306室","type":"科教文化服务;培训机构;培训机构","typecode":"141400","pcode":310000,"pname":"上海市","citycode":21,"cityname":"上海市","adcode":310107,"adname":"普陀区","business_a":"曹家渡","location":"121.442388,31.240439","tel":"[]","bigType":"科教文化服务","midType":"培训机构","smallType":"培训机构","gcj_lng":121.442388,"gcj_lat":31.240439,"wgs84_loc":"121.437779,31.242305","wgs84Lng":"121.437779","wgs84Lat":"31.242305","__source_file__":"13-常用公服设施点/SHP/上海市_培训机构.shp"},"geometry":{"type":"Point","coordinates":[121.437779,31.242305]}},{"id":"12983","type":"Feature","properties":{"id":"B0HRY9H42L","name":"青禾书画(长寿店)","address":"西康路1018号208室","type":"科教文化服务;培训机构;培训机构","typecode":"141400","pcode":310000,"pname":"上海市","citycode":21,"cityname":"上海市","adcode":310107,"adname":"普陀区","business_a":"曹家渡","location":"121.442270,31.240700","tel":"13717315995;13916084441","bigType":"科教文化服务","midType":"培训机构","smallType":"培训机构","gcj_lng":121.44227,"gcj_lat":31.2407,"wgs84_loc":"121.43766,31.242566","wgs84Lng":"121.43766","wgs84Lat":"31.242566","__source_file__":"13-常用公服设施点/SHP/上海市_培训机构.shp"},"geometry":{"type":"Point","coordinates":[121.43766,31.242566]}},{"id":"2315","type":"Feature","properties":{"id":"B0FFL0X7EA","name":"TailorMade法语汉语培训","address":"西康路1018号元茂金豪大厦1909室","type":"科教文化服务;培训机构;培训机构","typecode":"141400","pcode":310000,"pname":"上海市","citycode":21,"cityname":"上海市","adcode":310107,"adname":"普陀区","business_a":"曹家渡","location":"121.441922,31.240785","tel":"13516760388","bigType":"科教文化服务","midType":"培训机构","smallType":"培训机构","gcj_lng":121.441922,"gcj_lat":31.240785,"wgs84_loc":"121.437312,31.24265","wgs84Lng":"121.437312","wgs84Lat":"31.24265","__source_file__":"13-常用公服设施点/SHP/上海市_培训机构.shp"},"geometry":{"type":"Point","coordinates":[121.437312,31.24265]}},{"id":"16861","type":"Feature","properties":{"id":"B0G3D71GSE","name":"学畅国际教育","address":"长寿路街道西康路1018号元茂金豪大厦1408号学畅教育","type":"科教文化服务;培训机构;培训机构","typecode":"141400","pcode":310000,"pname":"上海市","citycode":21,"cityname":"上海市","adcode":310107,"adname":"普陀区","business_a":"曹家渡","location":"121.441895,31.240855","tel":"[]","bigType":"科教文化服务","midType":"培训机构","smallType":"培训机构","gcj_lng":121.441895,"gcj_lat":31.240855,"wgs84_loc":"121.437284,31.24272","wgs84Lng":"121.437284","wgs84Lat":"31.24272","__source_file__":"13-常用公服设施点/SHP/上海市_培训机构.shp"},"geometry":{"type":"Point","coordinates":[121.437284,31.24272]}},{"id":"14848","type":"Feature","properties":{"id":"B0HG36BB32","name":"新起点教育","address":"长寿路街道西康路1018号元茂金豪大厦","type":"科教文化服务;培训机构;培训机构","typecode":"141400","pcode":310000,"pname":"上海市","citycode":21,"cityname":"上海市","adcode":310107,"adname":"普陀区","business_a":"曹家渡","location":"121.441895,31.240855","tel":"[]","bigType":"科教文化服务","midType":"培训机构","smallType":"培训机构","gcj_lng":121.441895,"gcj_lat":31.240855,"wgs84_loc":"121.437284,31.24272","wgs84Lng":"121.437284","wgs84Lat":"31.24272","__source_file__":"13-常用公服设施点/SHP/上海市_培训机构.shp"},"geometry":{"type":"Point","coordinates":[121.437284,31.24272]}},{"id":"18443","type":"Feature","properties":{"id":"B0KGMRRJBA","name":"SIA国际艺术留学·作品集辅导(上海校区)","address":"鸿寿坊东塔3楼3层301-307室","type":"科教文化服务;培训机构;培训机构","typecode":"141400","pcode":310000,"pname":"上海市","citycode":21,"cityname":"上海市","adcode":310107,"adname":"普陀区","business_a":"长寿路","location":"121.440304,31.241137","tel":"13810490348","bigType":"科教文化服务","midType":"培训机构","smallType":"培训机构","gcj_lng":121.440304,"gcj_lat":31.241137,"wgs84_loc":"121.43569,31.242999","wgs84Lng":"121.43569","wgs84Lat":"31.242999","__source_file__":"13-常用公服设施点/SHP/上海市_培训机构.shp"},"geometry":{"type":"Point","coordinates":[121.43569,31.242999]}},{"id":"1674","type":"Feature","properties":{"id":"B0FFJ4KFTV","name":"雅婷塑形钢管舞蹈(普陀店)","address":"陕西北路1283弄9号楼玉城大厦15层(巴黎春天新会路)","type":"科教文化服务;培训机构;培训机构","typecode":"141400","pcode":310000,"pname":"上海市","citycode":21,"cityname":"上海市","adcode":310107,"adname":"普陀区","business_a":"曹家渡","location":"121.442371,31.241134","tel":"[]","bigType":"科教文化服务","midType":"培训机构","smallType":"培训机构","gcj_lng":121.442371,"gcj_lat":31.241134,"wgs84_loc":"121.437761,31.243","wgs84Lng":"121.437761","wgs84Lat":"31.243","__source_file__":"13-常用公服设施点/SHP/上海市_培训机构.shp"},"geometry":{"type":"Point","coordinates":[121.437761,31.243]}},{"id":"1687","type":"Feature","properties":{"id":"B0G30XKOYE","name":"新东方(长寿路校区)","address":"上海市普陀区新会路131号1-2层","type":"科教文化服务;培训机构;培训机构","typecode":"141400","pcode":310000,"pname":"上海市","citycode":21,"cityname":"上海市","adcode":310107,"adname":"普陀区","business_a":"曹家渡","location":"121.442536,31.241622","tel":"021-52850276","bigType":"科教文化服务","midType":"培训机构","smallType":"培训机构","gcj_lng":121.442536,"gcj_lat":31.241622,"wgs84_loc":"121.437927,31.243488","wgs84Lng":"121.437927","wgs84Lat":"31.243488","__source_file__":"13-常用公服设施点/SHP/上海市_培训机构.shp"},"geometry":{"type":"Point","coordinates":[121.437927,31.243488]}},{"id":"2287","type":"Feature","properties":{"id":"B0FFM9T5EJ","name":"希音工作室","address":"陕西北路1330号","type":"科教文化服务;培训机构;培训机构","typecode":"141400","pcode":310000,"pname":"上海市","citycode":21,"cityname":"上海市","adcode":310107,"adname":"普陀区","business_a":"曹家渡","location":"121.443082,31.241792","tel":"15821030806","bigType":"科教文化服务","midType":"培训机构","smallType":"培训机构","gcj_lng":121.443082,"gcj_lat":31.241792,"wgs84_loc":"121.438474,31.243659","wgs84Lng":"121.438474","wgs84Lat":"31.243659","__source_file__":"13-常用公服设施点/SHP/上海市_培训机构.shp"},"geometry":{"type":"Point","coordinates":[121.438474,31.243659]}},{"id":"2332","type":"Feature","properties":{"id":"B0IBXAQFWC","name":"YMM ART ACADEMY","address":"西康路与长寿路交叉口东约60米","type":"科教文化服务;培训机构;培训机构","typecode":"141400","pcode":310000,"pname":"上海市","citycode":21,"cityname":"上海市","adcode":310107,"adname":"普陀区","business_a":"曹家渡","location":"121.440495,31.241928","tel":"[]","bigType":"科教文化服务","midType":"培训机构","smallType":"培训机构","gcj_lng":121.440495,"gcj_lat":31.241928,"wgs84_loc":"121.435882,31.24379","wgs84Lng":"121.435882","wgs84Lat":"31.24379","__source_file__":"13-常用公服设施点/SHP/上海市_培训机构.shp"},"geometry":{"type":"Point","coordinates":[121.435882,31.24379]}},{"id":"2401","type":"Feature","properties":{"id":"B0FFL80F12","name":"早教中心","address":"长寿路155号巴黎春天F3","type":"科教文化服务;培训机构;培训机构","typecode":"141400","pcode":310000,"pname":"上海市","citycode":21,"cityname":"上海市","adcode":310107,"adname":"普陀区","business_a":"曹家渡","location":"121.442343,31.241952","tel":"[]","bigType":"科教文化服务","midType":"培训机构","smallType":"培训机构","gcj_lng":121.442343,"gcj_lat":31.241952,"wgs84_loc":"121.437733,31.243817","wgs84Lng":"121.437733","wgs84Lat":"31.243817","__source_file__":"13-常用公服设施点/SHP/上海市_培训机构.shp"},"geometry":{"type":"Point","coordinates":[121.437733,31.243817]}},{"id":"2137","type":"Feature","properties":{"id":"B0HRMMIACM","name":"杨梅红艺术教育(上海189弄教学中心)","address":"长寿路西康189弄购物中心3层","type":"科教文化服务;培训机构;培训机构","typecode":"141400","pcode":310000,"pname":"上海市","citycode":21,"cityname":"上海市","adcode":310107,"adname":"普陀区","business_a":"曹家渡","location":"121.440886,31.241989","tel":"021-60831004","bigType":"科教文化服务","midType":"培训机构","smallType":"培训机构","gcj_lng":121.440886,"gcj_lat":31.241989,"wgs84_loc":"121.436273,31.243852","wgs84Lng":"121.436273","wgs84Lat":"31.243852","__source_file__":"13-常用公服设施点/SHP/上海市_培训机构.shp"},"geometry":{"type":"Point","coordinates":[121.436273,31.243852]}},{"id":"1716","type":"Feature","properties":{"id":"B0H1T7KE85","name":"CASTER舞蹈教室(普陀189馆)","address":"长寿路189号L115","type":"科教文化服务;培训机构;培训机构","typecode":"141400","pcode":310000,"pname":"上海市","citycode":21,"cityname":"上海市","adcode":310107,"adname":"普陀区","business_a":"曹家渡","location":"121.440701,31.241990","tel":"18021017232","bigType":"科教文化服务","midType":"培训机构","smallType":"培训机构","gcj_lng":121.440701,"gcj_lat":31.24199,"wgs84_loc":"121.436088,31.243853","wgs84Lng":"121.436088","wgs84Lat":"31.243853","__source_file__":"13-常用公服设施点/SHP/上海市_培训机构.shp"},"geometry":{"type":"Point","coordinates":[121.436088,31.243853]}},{"id":"662","type":"Feature","properties":{"id":"B0FFHUI7ZA","name":"5KM舞蹈工作室(巴黎春天百货店)","address":"长寿路155号巴黎春天百货F4层","type":"科教文化服务;培训机构;培训机构","typecode":"141400","pcode":310000,"pname":"上海市","citycode":21,"cityname":"上海市","adcode":310107,"adname":"普陀区","business_a":"曹家渡","location":"121.442178,31.242010","tel":"021-31315023;15221711560","bigType":"科教文化服务","midType":"培训机构","smallType":"培训机构","gcj_lng":121.442178,"gcj_lat":31.24201,"wgs84_loc":"121.437568,31.243875","wgs84Lng":"121.437568","wgs84Lat":"31.243875","__source_file__":"13-常用公服设施点/SHP/上海市_培训机构.shp"},"geometry":{"type":"Point","coordinates":[121.437568,31.243875]}},{"id":"2160","type":"Feature","properties":{"id":"B0H32S68GI","name":"小音咖普陀巴黎春天校区","address":"长寿路155号巴黎春天3F","type":"科教文化服务;培训机构;培训机构","typecode":"141400","pcode":310000,"pname":"上海市","citycode":21,"cityname":"上海市","adcode":310107,"adname":"普陀区","business_a":"曹家渡","location":"121.442294,31.242018","tel":"[]","bigType":"科教文化服务","midType":"培训机构","smallType":"培训机构","gcj_lng":121.442294,"gcj_lat":31.242018,"wgs84_loc":"121.437684,31.243883","wgs84Lng":"121.437684","wgs84Lat":"31.243883","__source_file__":"13-常用公服设施点/SHP/上海市_培训机构.shp"},"geometry":{"type":"Point","coordinates":[121.437684,31.243883]}},{"id":"14754","type":"Feature","properties":{"id":"B0FFFQ7WF4","name":"小小地球(巴黎春天百货)","address":"长寿路155号巴黎春天百货F3层","type":"科教文化服务;培训机构;培训机构","typecode":"141400","pcode":310000,"pname":"上海市","citycode":21,"cityname":"上海市","adcode":310107,"adname":"普陀区","business_a":"曹家渡","location":"121.442083,31.242021","tel":"[]","bigType":"科教文化服务","midType":"培训机构","smallType":"培训机构","gcj_lng":121.442083,"gcj_lat":31.242021,"wgs84_loc":"121.437473,31.243886","wgs84Lng":"121.437473","wgs84Lat":"31.243886","__source_file__":"13-常用公服设施点/SHP/上海市_培训机构.shp"},"geometry":{"type":"Point","coordinates":[121.437473,31.243886]}},{"id":"1585","type":"Feature","properties":{"id":"B0FFFVJJ9F","name":"银都艺校","address":"[]","type":"科教文化服务;培训机构;培训机构","typecode":"141400","pcode":310000,"pname":"上海市","citycode":21,"cityname":"上海市","adcode":310106,"adname":"静安区","business_a":"曹家渡","location":"121.433923,31.230230","tel":"021-62472873;021-58568700;18017370573","bigType":"科教文化服务","midType":"培训机构","smallType":"培训机构","gcj_lng":121.433923,"gcj_lat":31.23023,"wgs84_loc":"121.429298,31.232087","wgs84Lng":"121.429298","wgs84Lat":"31.232087","__source_file__":"13-常用公服设施点/SHP/上海市_培训机构.shp"},"geometry":{"type":"Point","coordinates":[121.429298,31.232087]}},{"id":"5960","type":"Feature","properties":{"id":"B0G1XMFX6S","name":"Brain School(静安中心)","address":"昌平路1027号","type":"科教文化服务;培训机构;培训机构","typecode":"141400","pcode":310000,"pname":"上海市","citycode":21,"cityname":"上海市","adcode":310106,"adname":"静安区","business_a":"曹家渡","location":"121.435466,31.231354","tel":"13482127663","bigType":"科教文化服务","midType":"培训机构","smallType":"培训机构","gcj_lng":121.435466,"gcj_lat":31.231354,"wgs84_loc":"121.430844,31.233213","wgs84Lng":"121.430844","wgs84Lat":"31.233213","__source_file__":"13-常用公服设施点/SHP/上海市_培训机构.shp"},"geometry":{"type":"Point","coordinates":[121.430844,31.233213]}},{"id":"5776","type":"Feature","properties":{"id":"B00156O6CK","name":"新华山业余美术学校","address":"余姚路417号","type":"科教文化服务;培训机构;培训机构","typecode":"141400","pcode":310000,"pname":"上海市","citycode":21,"cityname":"上海市","adcode":310106,"adname":"静安区","business_a":"曹家渡","location":"121.435963,31.234239","tel":"021-62486645","bigType":"科教文化服务","midType":"培训机构","smallType":"培训机构","gcj_lng":121.435963,"gcj_lat":31.234239,"wgs84_loc":"121.431342,31.236098","wgs84Lng":"121.431342","wgs84Lat":"31.236098","__source_file__":"13-常用公服设施点/SHP/上海市_培训机构.shp"},"geometry":{"type":"Point","coordinates":[121.431342,31.236098]}},{"id":"16406","type":"Feature","properties":{"id":"B0G3JOB0BR","name":"海通证券投资者教育基地","address":"余姚路与延平路交叉口西南120米","type":"科教文化服务;培训机构;培训机构","typecode":"141400","pcode":310000,"pname":"上海市","citycode":21,"cityname":"上海市","adcode":310106,"adname":"静安区","business_a":"曹家渡","location":"121.435769,31.234384","tel":"95553","bigType":"科教文化服务","midType":"培训机构","smallType":"培训机构","gcj_lng":121.435769,"gcj_lat":31.234384,"wgs84_loc":"121.431147,31.236242","wgs84Lng":"121.431147","wgs84Lat":"31.236242","__source_file__":"13-常用公服设施点/SHP/上海市_培训机构.shp"},"geometry":{"type":"Point","coordinates":[121.431147,31.236242]}},{"id":"5693","type":"Feature","properties":{"id":"B0FFKPA2AL","name":"圣亿作文学校(静安校区)","address":"安远路805号2层","type":"科教文化服务;培训机构;培训机构","typecode":"141400","pcode":310000,"pname":"上海市","citycode":21,"cityname":"上海市","adcode":310106,"adname":"静安区","business_a":"曹家渡","location":"121.433432,31.234877","tel":"021-62105590;021-62185590","bigType":"科教文化服务","midType":"培训机构","smallType":"培训机构","gcj_lng":121.433432,"gcj_lat":31.234877,"wgs84_loc":"121.428806,31.236732","wgs84Lng":"121.428806","wgs84Lat":"31.236732","__source_file__":"13-常用公服设施点/SHP/上海市_培训机构.shp"},"geometry":{"type":"Point","coordinates":[121.428806,31.236732]}},{"id":"2085","type":"Feature","properties":{"id":"B0FFHCG638","name":"筑培教育","address":"长寿路587号沙田大厦1805室","type":"科教文化服务;培训机构;培训机构","typecode":"141400","pcode":310000,"pname":"上海市","citycode":21,"cityname":"上海市","adcode":310107,"adname":"普陀区","business_a":"曹家渡","location":"121.434127,31.237234","tel":"[]","bigType":"科教文化服务","midType":"培训机构","smallType":"培训机构","gcj_lng":121.434127,"gcj_lat":31.237234,"wgs84_loc":"121.429502,31.239089","wgs84Lng":"121.429502","wgs84Lat":"31.239089","__source_file__":"13-常用公服设施点/SHP/上海市_培训机构.shp"},"geometry":{"type":"Point","coordinates":[121.429502,31.239089]}},{"id":"2392","type":"Feature","properties":{"id":"B0G0MOOWJ6","name":"东方童琴棋书画(长寿路校区)","address":"长寿路沙田大厦6楼610号","type":"科教文化服务;培训机构;培训机构","typecode":"141400","pcode":310000,"pname":"上海市","citycode":21,"cityname":"上海市","adcode":310107,"adname":"普陀区","business_a":"曹家渡","location":"121.434072,31.237282","tel":"[]","bigType":"科教文化服务","midType":"培训机构","smallType":"培训机构","gcj_lng":121.434072,"gcj_lat":31.237282,"wgs84_loc":"121.429447,31.239136","wgs84Lng":"121.429447","wgs84Lat":"31.239136","__source_file__":"13-常用公服设施点/SHP/上海市_培训机构.shp"},"geometry":{"type":"Point","coordinates":[121.429447,31.239136]}},{"id":"2013","type":"Feature","properties":{"id":"B0G2B7AMQ7","name":"莜嘉教育(长寿路校区)","address":"长寿路587号沙田大厦1416-1418室","type":"科教文化服务;培训机构;培训机构","typecode":"141400","pcode":310000,"pname":"上海市","citycode":21,"cityname":"上海市","adcode":310107,"adname":"普陀区","business_a":"曹家渡","location":"121.434090,31.237330","tel":"17521276958","bigType":"科教文化服务","midType":"培训机构","smallType":"培训机构","gcj_lng":121.43409,"gcj_lat":31.23733,"wgs84_loc":"121.429465,31.239184","wgs84Lng":"121.429465","wgs84Lat":"31.239184","__source_file__":"13-常用公服设施点/SHP/上海市_培训机构.shp"},"geometry":{"type":"Point","coordinates":[121.429465,31.239184]}},{"id":"16925","type":"Feature","properties":{"id":"B0FFLJ2LUW","name":"阅痕自习室","address":"长寿路587号沙田大厦1113室","type":"科教文化服务;培训机构;培训机构","typecode":"141400","pcode":310000,"pname":"上海市","citycode":21,"cityname":"上海市","adcode":310107,"adname":"普陀区","business_a":"曹家渡","location":"121.434017,31.237388","tel":"[]","bigType":"科教文化服务","midType":"培训机构","smallType":"培训机构","gcj_lng":121.434017,"gcj_lat":31.237388,"wgs84_loc":"121.429392,31.239242","wgs84Lng":"121.429392","wgs84Lat":"31.239242","__source_file__":"13-常用公服设施点/SHP/上海市_培训机构.shp"},"geometry":{"type":"Point","coordinates":[121.429392,31.239242]}},{"id":"6278","type":"Feature","properties":{"id":"B00156O65I","name":"上海市静安区聋儿语训部","address":"康定路946号","type":"科教文化服务;培训机构;培训机构","typecode":"141400","pcode":310000,"pname":"上海市","citycode":21,"cityname":"上海市","adcode":310106,"adname":"静安区","business_a":"曹家渡","location":"121.438713,31.231493","tel":"[]","bigType":"科教文化服务","midType":"培训机构","smallType":"培训机构","gcj_lng":121.438713,"gcj_lat":31.231493,"wgs84_loc":"121.434097,31.233357","wgs84Lng":"121.434097","wgs84Lat":"31.233357","__source_file__":"13-常用公服设施点/SHP/上海市_培训机构.shp"},"geometry":{"type":"Point","coordinates":[121.434097,31.233357]}},{"id":"1579","type":"Feature","properties":{"id":"B0G3AZBS10","name":"上海君客职业技能培训学校","address":"昌平路994号408室","type":"科教文化服务;培训机构;培训机构","typecode":"141400","pcode":310000,"pname":"上海市","citycode":21,"cityname":"上海市","adcode":310106,"adname":"静安区","business_a":"曹家渡","location":"121.436633,31.232914","tel":"[]","bigType":"科教文化服务","midType":"培训机构","smallType":"培训机构","gcj_lng":121.436633,"gcj_lat":31.232914,"wgs84_loc":"121.432013,31.234774","wgs84Lng":"121.432013","wgs84Lat":"31.234774","__source_file__":"13-常用公服设施点/SHP/上海市_培训机构.shp"},"geometry":{"type":"Point","coordinates":[121.432013,31.234774]}},{"id":"17463","type":"Feature","properties":{"id":"B0H3M594LC","name":"No Name in town","address":"延平路425号105室(昌平路地铁站5号口步行440米)","type":"科教文化服务;培训机构;培训机构","typecode":"141400","pcode":310000,"pname":"上海市","citycode":21,"cityname":"上海市","adcode":310106,"adname":"静安区","business_a":"曹家渡","location":"121.437532,31.233606","tel":"13816132521","bigType":"科教文化服务","midType":"培训机构","smallType":"培训机构","gcj_lng":121.437532,"gcj_lat":31.233606,"wgs84_loc":"121.432914,31.235467","wgs84Lng":"121.432914","wgs84Lat":"31.235467","__source_file__":"13-常用公服设施点/SHP/上海市_培训机构.shp"},"geometry":{"type":"Point","coordinates":[121.432914,31.235467]}},{"id":"5744","type":"Feature","properties":{"id":"B0FFKPS9IX","name":"清一围棋(静安分部)","address":"胶州路699号402室","type":"科教文化服务;培训机构;培训机构","typecode":"141400","pcode":310000,"pname":"上海市","citycode":21,"cityname":"上海市","adcode":310106,"adname":"静安区","business_a":"曹家渡","location":"121.439701,31.234879","tel":"021-52807757;13482886642","bigType":"科教文化服务","midType":"培训机构","smallType":"培训机构","gcj_lng":121.439701,"gcj_lat":31.234879,"wgs84_loc":"121.435087,31.236743","wgs84Lng":"121.435087","wgs84Lat":"31.236743","__source_file__":"13-常用公服设施点/SHP/上海市_培训机构.shp"},"geometry":{"type":"Point","coordinates":[121.435087,31.236743]}},{"id":"6258","type":"Feature","properties":{"id":"B0FFLHQXXR","name":"三爱SanAi Education(静安校区)","address":"胶州路709号3楼","type":"科教文化服务;培训机构;培训机构","typecode":"141400","pcode":310000,"pname":"上海市","citycode":21,"cityname":"上海市","adcode":310106,"adname":"静安区","business_a":"曹家渡","location":"121.439453,31.234914","tel":"[]","bigType":"科教文化服务","midType":"培训机构","smallType":"培训机构","gcj_lng":121.439453,"gcj_lat":31.234914,"wgs84_loc":"121.434838,31.236778","wgs84Lng":"121.434838","wgs84Lat":"31.236778","__source_file__":"13-常用公服设施点/SHP/上海市_培训机构.shp"},"geometry":{"type":"Point","coordinates":[121.434838,31.236778]}},{"id":"14725","type":"Feature","properties":{"id":"B0FFI30PU9","name":"文鼎教育","address":"胶州路699号恒森广场B座","type":"科教文化服务;培训机构;培训机构","typecode":"141400","pcode":310000,"pname":"上海市","citycode":21,"cityname":"上海市","adcode":310106,"adname":"静安区","business_a":"曹家渡","location":"121.439587,31.235043","tel":"[]","bigType":"科教文化服务","midType":"培训机构","smallType":"培训机构","gcj_lng":121.439587,"gcj_lat":31.235043,"wgs84_loc":"121.434972,31.236907","wgs84Lng":"121.434972","wgs84Lat":"31.236907","__source_file__":"13-常用公服设施点/SHP/上海市_培训机构.shp"},"geometry":{"type":"Point","coordinates":[121.434972,31.236907]}},{"id":"6260","type":"Feature","properties":{"id":"B0FFLGB4OD","name":"权欧教育","address":"胶州路709号2楼","type":"科教文化服务;培训机构;培训机构","typecode":"141400","pcode":310000,"pname":"上海市","citycode":21,"cityname":"上海市","adcode":310106,"adname":"静安区","business_a":"曹家渡","location":"121.439493,31.235178","tel":"4000626166;021-63356500","bigType":"科教文化服务","midType":"培训机构","smallType":"培训机构","gcj_lng":121.439493,"gcj_lat":31.235178,"wgs84_loc":"121.434878,31.237042","wgs84Lng":"121.434878","wgs84Lat":"31.237042","__source_file__":"13-常用公服设施点/SHP/上海市_培训机构.shp"},"geometry":{"type":"Point","coordinates":[121.434878,31.237042]}},{"id":"6136","type":"Feature","properties":{"id":"B0GKGL9C02","name":"静安区儿童科探馆","address":"胶州路胶州大厦北侧","type":"科教文化服务;培训机构;培训机构","typecode":"141400","pcode":310000,"pname":"上海市","citycode":21,"cityname":"上海市","adcode":310106,"adname":"静安区","business_a":"曹家渡","location":"121.439303,31.235533","tel":"[]","bigType":"科教文化服务","midType":"培训机构","smallType":"培训机构","gcj_lng":121.439303,"gcj_lat":31.235533,"wgs84_loc":"121.434688,31.237396","wgs84Lng":"121.434688","wgs84Lat":"31.237396","__source_file__":"13-常用公服设施点/SHP/上海市_培训机构.shp"},"geometry":{"type":"Point","coordinates":[121.434688,31.237396]}},{"id":"14605","type":"Feature","properties":{"id":"B00155GA7W","name":"上海海润职业培训有限公司","address":"余姚路288号汇智创意园1号楼3层","type":"科教文化服务;培训机构;培训机构","typecode":"141400","pcode":310000,"pname":"上海市","citycode":21,"cityname":"上海市","adcode":310106,"adname":"静安区","business_a":"曹家渡","location":"121.438630,31.236073","tel":"[]","bigType":"科教文化服务","midType":"培训机构","smallType":"培训机构","gcj_lng":121.43863,"gcj_lat":31.236073,"wgs84_loc":"121.434013,31.237935","wgs84Lng":"121.434013","wgs84Lat":"31.237935","__source_file__":"13-常用公服设施点/SHP/上海市_培训机构.shp"},"geometry":{"type":"Point","coordinates":[121.434013,31.237935]}},{"id":"1898","type":"Feature","properties":{"id":"B0FFH10LSY","name":"非凡教育","address":"胶州路941号长久商务中心8层","type":"科教文化服务;培训机构;培训机构","typecode":"141400","pcode":310000,"pname":"上海市","citycode":21,"cityname":"上海市","adcode":310107,"adname":"普陀区","business_a":"曹家渡","location":"121.436668,31.237283","tel":"[]","bigType":"科教文化服务","midType":"培训机构","smallType":"培训机构","gcj_lng":121.436668,"gcj_lat":31.237283,"wgs84_loc":"121.432048,31.239141","wgs84Lng":"121.432048","wgs84Lat":"31.239141","__source_file__":"13-常用公服设施点/SHP/上海市_培训机构.shp"},"geometry":{"type":"Point","coordinates":[121.432048,31.239141]}},{"id":"16000","type":"Feature","properties":{"id":"B0FFGHTXS5","name":"上海非凡学院网页设计培训中心","address":"胶州路941号长久商务中心8层","type":"科教文化服务;培训机构;培训机构","typecode":"141400","pcode":310000,"pname":"上海市","citycode":21,"cityname":"上海市","adcode":310107,"adname":"普陀区","business_a":"曹家渡","location":"121.436439,31.237327","tel":"[]","bigType":"科教文化服务","midType":"培训机构","smallType":"培训机构","gcj_lng":121.436439,"gcj_lat":31.237327,"wgs84_loc":"121.431818,31.239185","wgs84Lng":"121.431818","wgs84Lat":"31.239185","__source_file__":"13-常用公服设施点/SHP/上海市_培训机构.shp"},"geometry":{"type":"Point","coordinates":[121.431818,31.239185]}},{"id":"2126","type":"Feature","properties":{"id":"B0FFLE01TJ","name":"happy free舞蹈工作室","address":"胶州路941号长久商务中心1503室","type":"科教文化服务;培训机构;培训机构","typecode":"141400","pcode":310000,"pname":"上海市","citycode":21,"cityname":"上海市","adcode":310107,"adname":"普陀区","business_a":"曹家渡","location":"121.436544,31.237441","tel":"13482478670;15301950979","bigType":"科教文化服务","midType":"培训机构","smallType":"培训机构","gcj_lng":121.436544,"gcj_lat":31.237441,"wgs84_loc":"121.431923,31.239299","wgs84Lng":"121.431923","wgs84Lat":"31.239299","__source_file__":"13-常用公服设施点/SHP/上海市_培训机构.shp"},"geometry":{"type":"Point","coordinates":[121.431923,31.239299]}},{"id":"2088","type":"Feature","properties":{"id":"B0HGZ53HFD","name":"嘉佰丽美业教育连锁","address":"胶州路941号长久商务中心2108室","type":"科教文化服务;培训机构;培训机构","typecode":"141400","pcode":310000,"pname":"上海市","citycode":21,"cityname":"上海市","adcode":310107,"adname":"普陀区","business_a":"曹家渡","location":"121.436710,31.237503","tel":"13564166755","bigType":"科教文化服务","midType":"培训机构","smallType":"培训机构","gcj_lng":121.43671,"gcj_lat":31.237503,"wgs84_loc":"121.43209,31.239361","wgs84Lng":"121.43209","wgs84Lat":"31.239361","__source_file__":"13-常用公服设施点/SHP/上海市_培训机构.shp"},"geometry":{"type":"Point","coordinates":[121.43209,31.239361]}},{"id":"14523","type":"Feature","properties":{"id":"B0FFLCQBC4","name":"君客国际咖啡学院","address":"胶州路941号长久商务中心","type":"科教文化服务;培训机构;培训机构","typecode":"141400","pcode":310000,"pname":"上海市","citycode":21,"cityname":"上海市","adcode":310107,"adname":"普陀区","business_a":"曹家渡","location":"121.436528,31.237510","tel":"[]","bigType":"科教文化服务","midType":"培训机构","smallType":"培训机构","gcj_lng":121.436528,"gcj_lat":31.23751,"wgs84_loc":"121.431907,31.239368","wgs84Lng":"121.431907","wgs84Lat":"31.239368","__source_file__":"13-常用公服设施点/SHP/上海市_培训机构.shp"},"geometry":{"type":"Point","coordinates":[121.431907,31.239368]}},{"id":"2281","type":"Feature","properties":{"id":"B0G3FHIYGF","name":"趣缇美妆培训学院","address":"胶州路941号长久商业中心1512室","type":"科教文化服务;培训机构;培训机构","typecode":"141400","pcode":310000,"pname":"上海市","citycode":21,"cityname":"上海市","adcode":310107,"adname":"普陀区","business_a":"曹家渡","location":"121.436682,31.237517","tel":"13564166755;18321930085","bigType":"科教文化服务","midType":"培训机构","smallType":"培训机构","gcj_lng":121.436682,"gcj_lat":31.237517,"wgs84_loc":"121.432062,31.239375","wgs84Lng":"121.432062","wgs84Lat":"31.239375","__source_file__":"13-常用公服设施点/SHP/上海市_培训机构.shp"},"geometry":{"type":"Point","coordinates":[121.432062,31.239375]}},{"id":"1774","type":"Feature","properties":{"id":"B0FFJUSF2R","name":"引领英语Leading English","address":"胶州路941号长久商务大厦10楼","type":"科教文化服务;培训机构;培训机构","typecode":"141400","pcode":310000,"pname":"上海市","citycode":21,"cityname":"上海市","adcode":310107,"adname":"普陀区","business_a":"曹家渡","location":"121.436727,31.237531","tel":"13611700205;18001810811","bigType":"科教文化服务","midType":"培训机构","smallType":"培训机构","gcj_lng":121.436727,"gcj_lat":31.237531,"wgs84_loc":"121.432107,31.239389","wgs84Lng":"121.432107","wgs84Lat":"31.239389","__source_file__":"13-常用公服设施点/SHP/上海市_培训机构.shp"},"geometry":{"type":"Point","coordinates":[121.432107,31.239389]}},{"id":"1936","type":"Feature","properties":{"id":"B0FFKW08ZI","name":"子久书画艺术课堂","address":"胶州路941号长久商务中心1202室","type":"科教文化服务;培训机构;培训机构","typecode":"141400","pcode":310000,"pname":"上海市","citycode":21,"cityname":"上海市","adcode":310107,"adname":"普陀区","business_a":"曹家渡","location":"121.436629,31.237547","tel":"13524581822","bigType":"科教文化服务","midType":"培训机构","smallType":"培训机构","gcj_lng":121.436629,"gcj_lat":31.237547,"wgs84_loc":"121.432009,31.239405","wgs84Lng":"121.432009","wgs84Lat":"31.239405","__source_file__":"13-常用公服设施点/SHP/上海市_培训机构.shp"},"geometry":{"type":"Point","coordinates":[121.432009,31.239405]}},{"id":"1745","type":"Feature","properties":{"id":"B0FFM91PP1","name":"He time舞蹈工作室","address":"胶州路941号长久大厦1402室","type":"科教文化服务;培训机构;培训机构","typecode":"141400","pcode":310000,"pname":"上海市","citycode":21,"cityname":"上海市","adcode":310107,"adname":"普陀区","business_a":"曹家渡","location":"121.436615,31.237550","tel":"13917594781","bigType":"科教文化服务","midType":"培训机构","smallType":"培训机构","gcj_lng":121.436615,"gcj_lat":31.23755,"wgs84_loc":"121.431995,31.239408","wgs84Lng":"121.431995","wgs84Lat":"31.239408","__source_file__":"13-常用公服设施点/SHP/上海市_培训机构.shp"},"geometry":{"type":"Point","coordinates":[121.431995,31.239408]}},{"id":"1998","type":"Feature","properties":{"id":"B0HAJ75YP0","name":"原美培训学校","address":"普陀区新会路长久商务中心","type":"科教文化服务;培训机构;培训机构","typecode":"141400","pcode":310000,"pname":"上海市","citycode":21,"cityname":"上海市","adcode":310107,"adname":"普陀区","business_a":"曹家渡","location":"121.436641,31.237614","tel":"15221595183","bigType":"科教文化服务","midType":"培训机构","smallType":"培训机构","gcj_lng":121.436641,"gcj_lat":31.237614,"wgs84_loc":"121.432021,31.239472","wgs84Lng":"121.432021","wgs84Lat":"31.239472","__source_file__":"13-常用公服设施点/SHP/上海市_培训机构.shp"},"geometry":{"type":"Point","coordinates":[121.432021,31.239472]}},{"id":"2039","type":"Feature","properties":{"id":"B0FFIPFMOW","name":"吉的堡普陀教学点","address":"新会路(胶州路口)496号吉的堡少儿英语","type":"科教文化服务;培训机构;培训机构","typecode":"141400","pcode":310000,"pname":"上海市","citycode":21,"cityname":"上海市","adcode":310107,"adname":"普陀区","business_a":"曹家渡","location":"121.437100,31.237976","tel":"021-31262212","bigType":"科教文化服务","midType":"培训机构","smallType":"培训机构","gcj_lng":121.4371,"gcj_lat":31.237976,"wgs84_loc":"121.43248,31.239835","wgs84Lng":"121.43248","wgs84Lat":"31.239835","__source_file__":"13-常用公服设施点/SHP/上海市_培训机构.shp"},"geometry":{"type":"Point","coordinates":[121.43248,31.239835]}},{"id":"2217","type":"Feature","properties":{"id":"B0FFG4PBN7","name":"韦哲乐高机器人·等级考试·少儿编程","address":"长寿路597号沙田大厦909室","type":"科教文化服务;培训机构;培训机构","typecode":"141400","pcode":310000,"pname":"上海市","citycode":21,"cityname":"上海市","adcode":310107,"adname":"普陀区","business_a":"曹家渡","location":"121.434108,31.237395","tel":"13818814801","bigType":"科教文化服务","midType":"培训机构","smallType":"培训机构","gcj_lng":121.434108,"gcj_lat":31.237395,"wgs84_loc":"121.429483,31.239249","wgs84Lng":"121.429483","wgs84Lat":"31.239249","__source_file__":"13-常用公服设施点/SHP/上海市_培训机构.shp"},"geometry":{"type":"Point","coordinates":[121.429483,31.239249]}},{"id":"9404","type":"Feature","properties":{"id":"B0GRX66LVH","name":"昆腾教育","address":"胶州路941号长久商务大厦","type":"科教文化服务;培训机构;培训机构","typecode":"141400","pcode":310000,"pname":"上海市","citycode":21,"cityname":"上海市","adcode":310107,"adname":"普陀区","business_a":"曹家渡","location":"121.436188,31.237487","tel":"[]","bigType":"科教文化服务","midType":"培训机构","smallType":"培训机构","gcj_lng":121.436188,"gcj_lat":31.237487,"wgs84_loc":"121.431567,31.239344","wgs84Lng":"121.431567","wgs84Lat":"31.239344","__source_file__":"13-常用公服设施点/SHP/上海市_培训机构.shp"},"geometry":{"type":"Point","coordinates":[121.431567,31.239344]}},{"id":"1665","type":"Feature","properties":{"id":"B0FFGFB37B","name":"SIFEC","address":"长寿路652号A座附近","type":"科教文化服务;培训机构;培训机构","typecode":"141400","pcode":310000,"pname":"上海市","citycode":21,"cityname":"上海市","adcode":310107,"adname":"普陀区","business_a":"曹家渡","location":"121.432718,31.237571","tel":"13696782253","bigType":"科教文化服务","midType":"培训机构","smallType":"培训机构","gcj_lng":121.432718,"gcj_lat":31.237571,"wgs84_loc":"121.428091,31.239423","wgs84Lng":"121.428091","wgs84Lat":"31.239423","__source_file__":"13-常用公服设施点/SHP/上海市_培训机构.shp"},"geometry":{"type":"Point","coordinates":[121.428091,31.239423]}},{"id":"1925","type":"Feature","properties":{"id":"B0GU3XMALZ","name":"妙墨书法","address":"叶家宅路83号403室","type":"科教文化服务;培训机构;培训机构","typecode":"141400","pcode":310000,"pname":"上海市","citycode":21,"cityname":"上海市","adcode":310107,"adname":"普陀区","business_a":"曹家渡","location":"121.430720,31.237622","tel":"15900516544","bigType":"科教文化服务","midType":"培训机构","smallType":"培训机构","gcj_lng":121.43072,"gcj_lat":31.237622,"wgs84_loc":"121.42609,31.239472","wgs84Lng":"121.42609","wgs84Lat":"31.239472","__source_file__":"13-常用公服设施点/SHP/上海市_培训机构.shp"},"geometry":{"type":"Point","coordinates":[121.42609,31.239472]}},{"id":"2395","type":"Feature","properties":{"id":"B0FFM5BZ1W","name":"尚想绘·创意空间","address":"叶家宅路与长寿路交叉口西北约100米","type":"科教文化服务;培训机构;培训机构","typecode":"141400","pcode":310000,"pname":"上海市","citycode":21,"cityname":"上海市","adcode":310107,"adname":"普陀区","business_a":"曹家渡","location":"121.431459,31.237713","tel":"[]","bigType":"科教文化服务","midType":"培训机构","smallType":"培训机构","gcj_lng":121.431459,"gcj_lat":31.237713,"wgs84_loc":"121.42683,31.239564","wgs84Lng":"121.42683","wgs84Lat":"31.239564","__source_file__":"13-常用公服设施点/SHP/上海市_培训机构.shp"},"geometry":{"type":"Point","coordinates":[121.42683,31.239564]}},{"id":"13972","type":"Feature","properties":{"id":"B0FFIKXQ0H","name":"上海国际时尚教育中心M座","address":"叶家宅路52号附近","type":"科教文化服务;培训机构;培训机构","typecode":"141400","pcode":310000,"pname":"上海市","citycode":21,"cityname":"上海市","adcode":310107,"adname":"普陀区","business_a":"曹家渡","location":"121.432374,31.237733","tel":"[]","bigType":"科教文化服务","midType":"培训机构","smallType":"培训机构","gcj_lng":121.432374,"gcj_lat":31.237733,"wgs84_loc":"121.427746,31.239585","wgs84Lng":"121.427746","wgs84Lat":"31.239585","__source_file__":"13-常用公服设施点/SHP/上海市_培训机构.shp"},"geometry":{"type":"Point","coordinates":[121.427746,31.239585]}},{"id":"10753","type":"Feature","properties":{"id":"B0FFILDS24","name":"上海国际时尚教育中心L座","address":"叶家宅路52-54号附近","type":"科教文化服务;培训机构;培训机构","typecode":"141400","pcode":310000,"pname":"上海市","citycode":21,"cityname":"上海市","adcode":310107,"adname":"普陀区","business_a":"曹家渡","location":"121.431861,31.237899","tel":"[]","bigType":"科教文化服务","midType":"培训机构","smallType":"培训机构","gcj_lng":121.431861,"gcj_lat":31.237899,"wgs84_loc":"121.427232,31.23975","wgs84Lng":"121.427232","wgs84Lat":"31.23975","__source_file__":"13-常用公服设施点/SHP/上海市_培训机构.shp"},"geometry":{"type":"Point","coordinates":[121.427232,31.23975]}},{"id":"17498","type":"Feature","properties":{"id":"B0IGOZIOOZ","name":"SEFIC瑜伽学院","address":"长寿路652号F座6楼","type":"科教文化服务;培训机构;培训机构","typecode":"141400","pcode":310000,"pname":"上海市","citycode":21,"cityname":"上海市","adcode":310107,"adname":"普陀区","business_a":"曹家渡","location":"121.432154,31.238210","tel":"[]","bigType":"科教文化服务","midType":"培训机构","smallType":"培训机构","gcj_lng":121.432154,"gcj_lat":31.23821,"wgs84_loc":"121.427526,31.240061","wgs84Lng":"121.427526","wgs84Lat":"31.240061","__source_file__":"13-常用公服设施点/SHP/上海市_培训机构.shp"},"geometry":{"type":"Point","coordinates":[121.427526,31.240061]}},{"id":"2026","type":"Feature","properties":{"id":"B0FFL81OHE","name":"马兰戈尼上海学校","address":"652号F座9楼","type":"科教文化服务;培训机构;培训机构","typecode":"141400","pcode":310000,"pname":"上海市","citycode":21,"cityname":"上海市","adcode":310107,"adname":"普陀区","business_a":"曹家渡","location":"121.432444,31.238251","tel":"[]","bigType":"科教文化服务","midType":"培训机构","smallType":"培训机构","gcj_lng":121.432444,"gcj_lat":31.238251,"wgs84_loc":"121.427816,31.240103","wgs84Lng":"121.427816","wgs84Lat":"31.240103","__source_file__":"13-常用公服设施点/SHP/上海市_培训机构.shp"},"geometry":{"type":"Point","coordinates":[121.427816,31.240103]}},{"id":"1677","type":"Feature","properties":{"id":"B0FFFFTVN5","name":"FusionDance飞迅舞蹈艺术中心(旗舰店)","address":"长寿路652号F座B层(近胶州路)","type":"科教文化服务;培训机构;培训机构","typecode":"141400","pcode":310000,"pname":"上海市","citycode":21,"cityname":"上海市","adcode":310107,"adname":"普陀区","business_a":"曹家渡","location":"121.432439,31.238282","tel":"021-52807801","bigType":"科教文化服务","midType":"培训机构","smallType":"培训机构","gcj_lng":121.432439,"gcj_lat":31.238282,"wgs84_loc":"121.427811,31.240134","wgs84Lng":"121.427811","wgs84Lat":"31.240134","__source_file__":"13-常用公服设施点/SHP/上海市_培训机构.shp"},"geometry":{"type":"Point","coordinates":[121.427811,31.240134]}},{"id":"1853","type":"Feature","properties":{"id":"B0GUJ7S4FI","name":"沐思托育·蒙特梭利","address":"光复西路317-319号","type":"科教文化服务;培训机构;培训机构","typecode":"141400","pcode":310000,"pname":"上海市","citycode":21,"cityname":"上海市","adcode":310107,"adname":"普陀区","business_a":"曹家渡","location":"121.429362,31.238868","tel":"[]","bigType":"科教文化服务","midType":"培训机构","smallType":"培训机构","gcj_lng":121.429362,"gcj_lat":31.238868,"wgs84_loc":"121.42473,31.240716","wgs84Lng":"121.42473","wgs84Lat":"31.240716","__source_file__":"13-常用公服设施点/SHP/上海市_培训机构.shp"},"geometry":{"type":"Point","coordinates":[121.42473,31.240716]}},{"id":"12988","type":"Feature","properties":{"id":"B0HRLZY5KL","name":"远航","address":"光复西路315号","type":"科教文化服务;培训机构;培训机构","typecode":"141400","pcode":310000,"pname":"上海市","citycode":21,"cityname":"上海市","adcode":310107,"adname":"普陀区","business_a":"曹家渡","location":"121.429463,31.238879","tel":"13816029011","bigType":"科教文化服务","midType":"培训机构","smallType":"培训机构","gcj_lng":121.429463,"gcj_lat":31.238879,"wgs84_loc":"121.424831,31.240727","wgs84Lng":"121.424831","wgs84Lat":"31.240727","__source_file__":"13-常用公服设施点/SHP/上海市_培训机构.shp"},"geometry":{"type":"Point","coordinates":[121.424831,31.240727]}},{"id":"1924","type":"Feature","properties":{"id":"B0GUJCQBUS","name":"沐思托育园","address":"光复西路319号","type":"科教文化服务;培训机构;培训机构","typecode":"141400","pcode":310000,"pname":"上海市","citycode":21,"cityname":"上海市","adcode":310107,"adname":"普陀区","business_a":"曹家渡","location":"121.429414,31.238885","tel":"13386022636","bigType":"科教文化服务","midType":"培训机构","smallType":"培训机构","gcj_lng":121.429414,"gcj_lat":31.238885,"wgs84_loc":"121.424782,31.240733","wgs84Lng":"121.424782","wgs84Lat":"31.240733","__source_file__":"13-常用公服设施点/SHP/上海市_培训机构.shp"},"geometry":{"type":"Point","coordinates":[121.424782,31.240733]}},{"id":"14490","type":"Feature","properties":{"id":"B0FFHTJOZY","name":"叽里呱啦","address":"宜昌路751号(近常德路)E仓创意产业B105-106","type":"科教文化服务;培训机构;培训机构","typecode":"141400","pcode":310000,"pname":"上海市","citycode":21,"cityname":"上海市","adcode":310107,"adname":"普陀区","business_a":"光新","location":"121.430701,31.242181","tel":"021-60780846","bigType":"科教文化服务","midType":"培训机构","smallType":"培训机构","gcj_lng":121.430701,"gcj_lat":31.242181,"wgs84_loc":"121.42607,31.244029","wgs84Lng":"121.42607","wgs84Lat":"31.244029","__source_file__":"13-常用公服设施点/SHP/上海市_培训机构.shp"},"geometry":{"type":"Point","coordinates":[121.42607,31.244029]}},{"id":"16674","type":"Feature","properties":{"id":"B00156YKKI","name":"融声琴行(东新路店)","address":"东新路82号(近武宁路)","type":"科教文化服务;培训机构;培训机构","typecode":"141400","pcode":310000,"pname":"上海市","citycode":21,"cityname":"上海市","adcode":310107,"adname":"普陀区","business_a":"光新","location":"121.427847,31.242286","tel":"021-61472131","bigType":"科教文化服务","midType":"培训机构","smallType":"培训机构","gcj_lng":121.427847,"gcj_lat":31.242286,"wgs84_loc":"121.423212,31.24413","wgs84Lng":"121.423212","wgs84Lat":"31.24413","__source_file__":"13-常用公服设施点/SHP/上海市_培训机构.shp"},"geometry":{"type":"Point","coordinates":[121.423212,31.24413]}},{"id":"14491","type":"Feature","properties":{"id":"B0FFI7556R","name":"美国林登高中上海校区","address":"长寿路652号F楼","type":"科教文化服务;培训机构;培训机构","typecode":"141400","pcode":310000,"pname":"上海市","citycode":21,"cityname":"上海市","adcode":310107,"adname":"普陀区","business_a":"曹家渡","location":"121.432348,31.238304","tel":"021-62775649","bigType":"科教文化服务","midType":"培训机构","smallType":"培训机构","gcj_lng":121.432348,"gcj_lat":31.238304,"wgs84_loc":"121.42772,31.240156","wgs84Lng":"121.42772","wgs84Lat":"31.240156","__source_file__":"13-常用公服设施点/SHP/上海市_培训机构.shp"},"geometry":{"type":"Point","coordinates":[121.42772,31.240156]}},{"id":"1990","type":"Feature","properties":{"id":"B0HRK7EX40","name":"DHR舞蹈工作室","address":"叶家宅路100号创享塔1号楼1楼117","type":"科教文化服务;培训机构;培训机构","typecode":"141400","pcode":310000,"pname":"上海市","citycode":21,"cityname":"上海市","adcode":310107,"adname":"普陀区","business_a":"曹家渡","location":"121.431525,31.238369","tel":"19821271305;15932978166","bigType":"科教文化服务","midType":"培训机构","smallType":"培训机构","gcj_lng":121.431525,"gcj_lat":31.238369,"wgs84_loc":"121.426896,31.240219","wgs84Lng":"121.426896","wgs84Lat":"31.240219","__source_file__":"13-常用公服设施点/SHP/上海市_培训机构.shp"},"geometry":{"type":"Point","coordinates":[121.426896,31.240219]}},{"id":"2201","type":"Feature","properties":{"id":"B0FFH15S9V","name":"新优博","address":"长寿路652号E幢教学楼119室(近胶州路)","type":"科教文化服务;培训机构;培训机构","typecode":"141400","pcode":310000,"pname":"上海市","citycode":21,"cityname":"上海市","adcode":310107,"adname":"普陀区","business_a":"曹家渡","location":"121.432196,31.238605","tel":"021-52391572;021-52391571","bigType":"科教文化服务","midType":"培训机构","smallType":"培训机构","gcj_lng":121.432196,"gcj_lat":31.238605,"wgs84_loc":"121.427568,31.240456","wgs84Lng":"121.427568","wgs84Lat":"31.240456","__source_file__":"13-常用公服设施点/SHP/上海市_培训机构.shp"},"geometry":{"type":"Point","coordinates":[121.427568,31.240456]}},{"id":"15150","type":"Feature","properties":{"id":"B00157GLF7","name":"91学历网","address":"长寿路652号上海国际时尚教育中心","type":"科教文化服务;培训机构;培训机构","typecode":"141400","pcode":310000,"pname":"上海市","citycode":21,"cityname":"上海市","adcode":310107,"adname":"普陀区","business_a":"曹家渡","location":"121.432518,31.238651","tel":"[]","bigType":"科教文化服务","midType":"培训机构","smallType":"培训机构","gcj_lng":121.432518,"gcj_lat":31.238651,"wgs84_loc":"121.42789,31.240503","wgs84Lng":"121.42789","wgs84Lat":"31.240503","__source_file__":"13-常用公服设施点/SHP/上海市_培训机构.shp"},"geometry":{"type":"Point","coordinates":[121.42789,31.240503]}},{"id":"2123","type":"Feature","properties":{"id":"B00155QDIH","name":"上海国际时尚教育中心","address":"长寿路652号","type":"科教文化服务;培训机构;培训机构","typecode":"141400","pcode":310000,"pname":"上海市","citycode":21,"cityname":"上海市","adcode":310107,"adname":"普陀区","business_a":"曹家渡","location":"121.432726,31.238826","tel":"13696782253;021-62778821","bigType":"科教文化服务","midType":"培训机构","smallType":"培训机构","gcj_lng":121.432726,"gcj_lat":31.238826,"wgs84_loc":"121.428099,31.240678","wgs84Lng":"121.428099","wgs84Lat":"31.240678","__source_file__":"13-常用公服设施点/SHP/上海市_培训机构.shp"},"geometry":{"type":"Point","coordinates":[121.428099,31.240678]}},{"id":"16611","type":"Feature","properties":{"id":"B0HGBCPFQ8","name":"SIFEC瑜伽学院","address":"长寿路652号上海国际时尚教育中心E座","type":"科教文化服务;培训机构;培训机构","typecode":"141400","pcode":310000,"pname":"上海市","citycode":21,"cityname":"上海市","adcode":310107,"adname":"普陀区","business_a":"曹家渡","location":"121.432715,31.238834","tel":"[]","bigType":"科教文化服务","midType":"培训机构","smallType":"培训机构","gcj_lng":121.432715,"gcj_lat":31.238834,"wgs84_loc":"121.428088,31.240686","wgs84Lng":"121.428088","wgs84Lat":"31.240686","__source_file__":"13-常用公服设施点/SHP/上海市_培训机构.shp"},"geometry":{"type":"Point","coordinates":[121.428088,31.240686]}},{"id":"1801","type":"Feature","properties":{"id":"B0FFGBBZYW","name":"上海国际时尚教育中心E楼","address":"长寿路652号","type":"科教文化服务;培训机构;培训机构","typecode":"141400","pcode":310000,"pname":"上海市","citycode":21,"cityname":"上海市","adcode":310107,"adname":"普陀区","business_a":"曹家渡","location":"121.432830,31.238849","tel":"[]","bigType":"科教文化服务","midType":"培训机构","smallType":"培训机构","gcj_lng":121.43283,"gcj_lat":31.238849,"wgs84_loc":"121.428203,31.240701","wgs84Lng":"121.428203","wgs84Lat":"31.240701","__source_file__":"13-常用公服设施点/SHP/上海市_培训机构.shp"},"geometry":{"type":"Point","coordinates":[121.428203,31.240701]}},{"id":"1658","type":"Feature","properties":{"id":"B0FFIJS5D5","name":"艺承明鑫艺考","address":"长寿路652号E座301室","type":"科教文化服务;培训机构;培训机构","typecode":"141400","pcode":310000,"pname":"上海市","citycode":21,"cityname":"上海市","adcode":310107,"adname":"普陀区","business_a":"曹家渡","location":"121.432823,31.238850","tel":"[]","bigType":"科教文化服务","midType":"培训机构","smallType":"培训机构","gcj_lng":121.432823,"gcj_lat":31.23885,"wgs84_loc":"121.428196,31.240702","wgs84Lng":"121.428196","wgs84Lat":"31.240702","__source_file__":"13-常用公服设施点/SHP/上海市_培训机构.shp"},"geometry":{"type":"Point","coordinates":[121.428196,31.240702]}},{"id":"2122","type":"Feature","properties":{"id":"B0FFF2AW50","name":"SIFEC服装学院","address":"长寿路652号国际时尚教育中心D座1楼","type":"科教文化服务;培训机构;培训机构","typecode":"141400","pcode":310000,"pname":"上海市","citycode":21,"cityname":"上海市","adcode":310107,"adname":"普陀区","business_a":"曹家渡","location":"121.432830,31.238850","tel":"13696782253","bigType":"科教文化服务","midType":"培训机构","smallType":"培训机构","gcj_lng":121.43283,"gcj_lat":31.23885,"wgs84_loc":"121.428203,31.240702","wgs84Lng":"121.428203","wgs84Lat":"31.240702","__source_file__":"13-常用公服设施点/SHP/上海市_培训机构.shp"},"geometry":{"type":"Point","coordinates":[121.428203,31.240702]}},{"id":"13721","type":"Feature","properties":{"id":"B0FFF2FGXI","name":"时尚买手学院","address":"长寿路街道长寿路652号上海电视大学上海杉达学院","type":"科教文化服务;培训机构;培训机构","typecode":"141400","pcode":310000,"pname":"上海市","citycode":21,"cityname":"上海市","adcode":310107,"adname":"普陀区","business_a":"曹家渡","location":"121.432830,31.238850","tel":"[]","bigType":"科教文化服务","midType":"培训机构","smallType":"培训机构","gcj_lng":121.43283,"gcj_lat":31.23885,"wgs84_loc":"121.428203,31.240702","wgs84Lng":"121.428203","wgs84Lat":"31.240702","__source_file__":"13-常用公服设施点/SHP/上海市_培训机构.shp"},"geometry":{"type":"Point","coordinates":[121.428203,31.240702]}},{"id":"1695","type":"Feature","properties":{"id":"B00156TH28","name":"吉的堡成长中心(新会校)","address":"新会路496号2楼(胶州路口)","type":"科教文化服务;培训机构;培训机构","typecode":"141400","pcode":310000,"pname":"上海市","citycode":21,"cityname":"上海市","adcode":310107,"adname":"普陀区","business_a":"曹家渡","location":"121.437100,31.237985","tel":"021-31262212;021-62995420;4000920999","bigType":"科教文化服务","midType":"培训机构","smallType":"培训机构","gcj_lng":121.4371,"gcj_lat":31.237985,"wgs84_loc":"121.43248,31.239844","wgs84Lng":"121.43248","wgs84Lat":"31.239844","__source_file__":"13-常用公服设施点/SHP/上海市_培训机构.shp"},"geometry":{"type":"Point","coordinates":[121.43248,31.239844]}},{"id":"12991","type":"Feature","properties":{"id":"B00156CSXO","name":"吉的堡少儿英语(新会路校区)","address":"新会路496号","type":"科教文化服务;培训机构;培训机构","typecode":"141400","pcode":310000,"pname":"上海市","citycode":21,"cityname":"上海市","adcode":310107,"adname":"普陀区","business_a":"曹家渡","location":"121.437155,31.238012","tel":"021-31262212","bigType":"科教文化服务","midType":"培训机构","smallType":"培训机构","gcj_lng":121.437155,"gcj_lat":31.238012,"wgs84_loc":"121.432535,31.239871","wgs84Lng":"121.432535","wgs84Lat":"31.239871","__source_file__":"13-常用公服设施点/SHP/上海市_培训机构.shp"},"geometry":{"type":"Point","coordinates":[121.432535,31.239871]}},{"id":"1835","type":"Feature","properties":{"id":"B0FFKT520X","name":"floatbaby儿童美式水育感统SPA训练中心","address":"长寿路457号2楼A","type":"科教文化服务;培训机构;培训机构","typecode":"141400","pcode":310000,"pname":"上海市","citycode":21,"cityname":"上海市","adcode":310107,"adname":"普陀区","business_a":"曹家渡","location":"121.436525,31.238700","tel":"[]","bigType":"科教文化服务","midType":"培训机构","smallType":"培训机构","gcj_lng":121.436525,"gcj_lat":31.2387,"wgs84_loc":"121.431904,31.240557","wgs84Lng":"121.431904","wgs84Lat":"31.240557","__source_file__":"13-常用公服设施点/SHP/上海市_培训机构.shp"},"geometry":{"type":"Point","coordinates":[121.431904,31.240557]}},{"id":"1559","type":"Feature","properties":{"id":"B0FFL6OJYM","name":"宝贝驾到婴童水育感统中心","address":"长寿路457号锦海大厦2B室","type":"科教文化服务;培训机构;培训机构","typecode":"141400","pcode":310000,"pname":"上海市","citycode":21,"cityname":"上海市","adcode":310107,"adname":"普陀区","business_a":"曹家渡","location":"121.436698,31.238720","tel":"021-52736380","bigType":"科教文化服务","midType":"培训机构","smallType":"培训机构","gcj_lng":121.436698,"gcj_lat":31.23872,"wgs84_loc":"121.432078,31.240578","wgs84Lng":"121.432078","wgs84Lat":"31.240578","__source_file__":"13-常用公服设施点/SHP/上海市_培训机构.shp"},"geometry":{"type":"Point","coordinates":[121.432078,31.240578]}},{"id":"2327","type":"Feature","properties":{"id":"B0IG6ZD91X","name":"24小时智能舞蹈练习室","address":"[]","type":"科教文化服务;培训机构;培训机构","typecode":"141400","pcode":310000,"pname":"上海市","citycode":21,"cityname":"上海市","adcode":310107,"adname":"普陀区","business_a":"曹家渡","location":"121.437458,31.239129","tel":"[]","bigType":"科教文化服务","midType":"培训机构","smallType":"培训机构","gcj_lng":121.437458,"gcj_lat":31.239129,"wgs84_loc":"121.432839,31.240988","wgs84Lng":"121.432839","wgs84Lat":"31.240988","__source_file__":"13-常用公服设施点/SHP/上海市_培训机构.shp"},"geometry":{"type":"Point","coordinates":[121.432839,31.240988]}},{"id":"1611","type":"Feature","properties":{"id":"B0HU77YVDJ","name":"R.A Dance 24小时智能自助舞蹈练习室(上海普陀区店)","address":"长寿路401号亚新生活广场3楼3-303","type":"科教文化服务;培训机构;培训机构","typecode":"141400","pcode":310000,"pname":"上海市","citycode":21,"cityname":"上海市","adcode":310107,"adname":"普陀区","business_a":"曹家渡","location":"121.437458,31.239129","tel":"15601908784","bigType":"科教文化服务","midType":"培训机构","smallType":"培训机构","gcj_lng":121.437458,"gcj_lat":31.239129,"wgs84_loc":"121.432839,31.240988","wgs84Lng":"121.432839","wgs84Lat":"31.240988","__source_file__":"13-常用公服设施点/SHP/上海市_培训机构.shp"},"geometry":{"type":"Point","coordinates":[121.432839,31.240988]}},{"id":"15302","type":"Feature","properties":{"id":"B0FFFOI1XQ","name":"潮妆学院(亚新生活广场)","address":"长寿路401号亚新生活广场f1层","type":"科教文化服务;培训机构;培训机构","typecode":"141400","pcode":310000,"pname":"上海市","citycode":21,"cityname":"上海市","adcode":310107,"adname":"普陀区","business_a":"曹家渡","location":"121.437639,31.239133","tel":"[]","bigType":"科教文化服务","midType":"培训机构","smallType":"培训机构","gcj_lng":121.437639,"gcj_lat":31.239133,"wgs84_loc":"121.43302,31.240992","wgs84Lng":"121.43302","wgs84Lat":"31.240992","__source_file__":"13-常用公服设施点/SHP/上海市_培训机构.shp"},"geometry":{"type":"Point","coordinates":[121.43302,31.240992]}},{"id":"2173","type":"Feature","properties":{"id":"B0GK0CCVCX","name":"FD&MSP健身舞蹈","address":"长寿路与常德路交叉口南约120米","type":"科教文化服务;培训机构;培训机构","typecode":"141400","pcode":310000,"pname":"上海市","citycode":21,"cityname":"上海市","adcode":310107,"adname":"普陀区","business_a":"曹家渡","location":"121.437555,31.239164","tel":"[]","bigType":"科教文化服务","midType":"培训机构","smallType":"培训机构","gcj_lng":121.437555,"gcj_lat":31.239164,"wgs84_loc":"121.432936,31.241023","wgs84Lng":"121.432936","wgs84Lat":"31.241023","__source_file__":"13-常用公服设施点/SHP/上海市_培训机构.shp"},"geometry":{"type":"Point","coordinates":[121.432936,31.241023]}},{"id":"1615","type":"Feature","properties":{"id":"B0H2AL8VXF","name":"齐贤书院(亚新生活广场店)","address":"长寿路401号亚新生活广场F2","type":"科教文化服务;培训机构;培训机构","typecode":"141400","pcode":310000,"pname":"上海市","citycode":21,"cityname":"上海市","adcode":310107,"adname":"普陀区","business_a":"曹家渡","location":"121.437383,31.239175","tel":"[]","bigType":"科教文化服务","midType":"培训机构","smallType":"培训机构","gcj_lng":121.437383,"gcj_lat":31.239175,"wgs84_loc":"121.432764,31.241033","wgs84Lng":"121.432764","wgs84Lat":"31.241033","__source_file__":"13-常用公服设施点/SHP/上海市_培训机构.shp"},"geometry":{"type":"Point","coordinates":[121.432764,31.241033]}},{"id":"2326","type":"Feature","properties":{"id":"B0IGG7ZEHW","name":"90M舞蹈工作室","address":"亚新广场三楼304","type":"科教文化服务;培训机构;培训机构","typecode":"141400","pcode":310000,"pname":"上海市","citycode":21,"cityname":"上海市","adcode":310107,"adname":"普陀区","business_a":"曹家渡","location":"121.437824,31.239202","tel":"[]","bigType":"科教文化服务","midType":"培训机构","smallType":"培训机构","gcj_lng":121.437824,"gcj_lat":31.239202,"wgs84_loc":"121.433206,31.241061","wgs84Lng":"121.433206","wgs84Lat":"31.241061","__source_file__":"13-常用公服设施点/SHP/上海市_培训机构.shp"},"geometry":{"type":"Point","coordinates":[121.433206,31.241061]}},{"id":"1621","type":"Feature","properties":{"id":"B0HR99B5NU","name":"恒高教育(普陀长寿路校区)","address":"长寿路393号亚新生活广场2号楼204室","type":"科教文化服务;培训机构;培训机构","typecode":"141400","pcode":310000,"pname":"上海市","citycode":21,"cityname":"上海市","adcode":310107,"adname":"普陀区","business_a":"曹家渡","location":"121.437663,31.239236","tel":"021-62220801","bigType":"科教文化服务","midType":"培训机构","smallType":"培训机构","gcj_lng":121.437663,"gcj_lat":31.239236,"wgs84_loc":"121.433044,31.241095","wgs84Lng":"121.433044","wgs84Lat":"31.241095","__source_file__":"13-常用公服设施点/SHP/上海市_培训机构.shp"},"geometry":{"type":"Point","coordinates":[121.433044,31.241095]}},{"id":"1617","type":"Feature","properties":{"id":"B0H2A78GKX","name":"达芬奇少儿美术(亚新生活广场店)","address":"长寿路街道393号亚新生活广场2号楼202室","type":"科教文化服务;培训机构;培训机构","typecode":"141400","pcode":310000,"pname":"上海市","citycode":21,"cityname":"上海市","adcode":310107,"adname":"普陀区","business_a":"曹家渡","location":"121.437368,31.239242","tel":"021-52715088","bigType":"科教文化服务","midType":"培训机构","smallType":"培训机构","gcj_lng":121.437368,"gcj_lat":31.239242,"wgs84_loc":"121.432749,31.2411","wgs84Lng":"121.432749","wgs84Lat":"31.2411","__source_file__":"13-常用公服设施点/SHP/上海市_培训机构.shp"},"geometry":{"type":"Point","coordinates":[121.432749,31.2411]}},{"id":"1905","type":"Feature","properties":{"id":"B0HRJNIN4P","name":"轻蓝体能(亚新生活广场店)","address":"长寿路401号亚新生活广场F2","type":"科教文化服务;培训机构;培训机构","typecode":"141400","pcode":310000,"pname":"上海市","citycode":21,"cityname":"上海市","adcode":310107,"adname":"普陀区","business_a":"曹家渡","location":"121.437344,31.239259","tel":"18621150173","bigType":"科教文化服务","midType":"培训机构","smallType":"培训机构","gcj_lng":121.437344,"gcj_lat":31.239259,"wgs84_loc":"121.432725,31.241117","wgs84Lng":"121.432725","wgs84Lat":"31.241117","__source_file__":"13-常用公服设施点/SHP/上海市_培训机构.shp"},"geometry":{"type":"Point","coordinates":[121.432725,31.241117]}},{"id":"18517","type":"Feature","properties":{"id":"B0KUDZ48T3","name":"东方教育(普陀校区)","address":"长寿路亚新广场三楼302(伽牛教育旁)","type":"科教文化服务;培训机构;培训机构","typecode":"141400","pcode":310000,"pname":"上海市","citycode":21,"cityname":"上海市","adcode":310107,"adname":"普陀区","business_a":"长寿路","location":"121.437509,31.239532","tel":"13817000527","bigType":"科教文化服务","midType":"培训机构","smallType":"培训机构","gcj_lng":121.437509,"gcj_lat":31.239532,"wgs84_loc":"121.43289,31.24139","wgs84Lng":"121.43289","wgs84Lat":"31.24139","__source_file__":"13-常用公服设施点/SHP/上海市_培训机构.shp"},"geometry":{"type":"Point","coordinates":[121.43289,31.24139]}},{"id":"2208","type":"Feature","properties":{"id":"B0HRVXEYFP","name":"学大教育","address":"宝带东路339号宝华大厦","type":"科教文化服务;培训机构;培训机构","typecode":"141400","pcode":310000,"pname":"上海市","citycode":21,"cityname":"上海市","adcode":310107,"adname":"普陀区","business_a":"曹家渡","location":"121.438157,31.239581","tel":"[]","bigType":"科教文化服务","midType":"培训机构","smallType":"培训机构","gcj_lng":121.438157,"gcj_lat":31.239581,"wgs84_loc":"121.433539,31.24144","wgs84Lng":"121.433539","wgs84Lat":"31.24144","__source_file__":"13-常用公服设施点/SHP/上海市_培训机构.shp"},"geometry":{"type":"Point","coordinates":[121.433539,31.24144]}},{"id":"1614","type":"Feature","properties":{"id":"B0G0XKWOBW","name":"先声音乐(亚新生活广场店)","address":"长寿路401号亚新生活广场F3","type":"科教文化服务;培训机构;培训机构","typecode":"141400","pcode":310000,"pname":"上海市","citycode":21,"cityname":"上海市","adcode":310107,"adname":"普陀区","business_a":"曹家渡","location":"121.437205,31.239622","tel":"13939717799;18317121902","bigType":"科教文化服务","midType":"培训机构","smallType":"培训机构","gcj_lng":121.437205,"gcj_lat":31.239622,"wgs84_loc":"121.432585,31.24148","wgs84Lng":"121.432585","wgs84Lat":"31.24148","__source_file__":"13-常用公服设施点/SHP/上海市_培训机构.shp"},"geometry":{"type":"Point","coordinates":[121.432585,31.24148]}},{"id":"2231","type":"Feature","properties":{"id":"B0HKL5TEYK","name":"才大国际教育","address":"常德路1211号宝华大厦1702室","type":"科教文化服务;培训机构;培训机构","typecode":"141400","pcode":310000,"pname":"上海市","citycode":21,"cityname":"上海市","adcode":310107,"adname":"普陀区","business_a":"曹家渡","location":"121.438113,31.239623","tel":"[]","bigType":"科教文化服务","midType":"培训机构","smallType":"培训机构","gcj_lng":121.438113,"gcj_lat":31.239623,"wgs84_loc":"121.433495,31.241482","wgs84Lng":"121.433495","wgs84Lat":"31.241482","__source_file__":"13-常用公服设施点/SHP/上海市_培训机构.shp"},"geometry":{"type":"Point","coordinates":[121.433495,31.241482]}},{"id":"1723","type":"Feature","properties":{"id":"B0GRKA2JDS","name":"伽牛STEM科创中心(长寿路校区)","address":"长寿路393号3楼","type":"科教文化服务;培训机构;培训机构","typecode":"141400","pcode":310000,"pname":"上海市","citycode":21,"cityname":"上海市","adcode":310107,"adname":"普陀区","business_a":"曹家渡","location":"121.437521,31.239677","tel":"15502109541","bigType":"科教文化服务","midType":"培训机构","smallType":"培训机构","gcj_lng":121.437521,"gcj_lat":31.239677,"wgs84_loc":"121.432902,31.241535","wgs84Lng":"121.432902","wgs84Lat":"31.241535","__source_file__":"13-常用公服设施点/SHP/上海市_培训机构.shp"},"geometry":{"type":"Point","coordinates":[121.432902,31.241535]}},{"id":"9406","type":"Feature","properties":{"id":"B0I62ZFP63","name":"Mi瑜伽舞蹈普拉提","address":"长寿路468号中环商务大厦701室","type":"科教文化服务;培训机构;培训机构","typecode":"141400","pcode":310000,"pname":"上海市","citycode":21,"cityname":"上海市","adcode":310107,"adname":"普陀区","business_a":"曹家渡","location":"121.436612,31.240050","tel":"[]","bigType":"科教文化服务","midType":"培训机构","smallType":"培训机构","gcj_lng":121.436612,"gcj_lat":31.24005,"wgs84_loc":"121.431991,31.241907","wgs84Lng":"121.431991","wgs84Lat":"31.241907","__source_file__":"13-常用公服设施点/SHP/上海市_培训机构.shp"},"geometry":{"type":"Point","coordinates":[121.431991,31.241907]}},{"id":"2104","type":"Feature","properties":{"id":"B0FFHJRXO6","name":"仁和会计教育(普陀校区)","address":"长寿路468号中环商务大厦13楼","type":"科教文化服务;培训机构;培训机构","typecode":"141400","pcode":310000,"pname":"上海市","citycode":21,"cityname":"上海市","adcode":310107,"adname":"普陀区","business_a":"曹家渡","location":"121.436750,31.240064","tel":"4009911733","bigType":"科教文化服务","midType":"培训机构","smallType":"培训机构","gcj_lng":121.43675,"gcj_lat":31.240064,"wgs84_loc":"121.43213,31.241921","wgs84Lng":"121.43213","wgs84Lat":"31.241921","__source_file__":"13-常用公服设施点/SHP/上海市_培训机构.shp"},"geometry":{"type":"Point","coordinates":[121.43213,31.241921]}},{"id":"2080","type":"Feature","properties":{"id":"B0FFGC0E2T","name":"上海恒企教育培训有限公司(普陀分公司)","address":"长寿路468号中环商务大厦2001室","type":"科教文化服务;培训机构;培训机构","typecode":"141400","pcode":310000,"pname":"上海市","citycode":21,"cityname":"上海市","adcode":310107,"adname":"普陀区","business_a":"曹家渡","location":"121.436750,31.240070","tel":"021-52890817;021-52890816","bigType":"科教文化服务","midType":"培训机构","smallType":"培训机构","gcj_lng":121.43675,"gcj_lat":31.24007,"wgs84_loc":"121.43213,31.241927","wgs84Lng":"121.43213","wgs84Lat":"31.241927","__source_file__":"13-常用公服设施点/SHP/上海市_培训机构.shp"},"geometry":{"type":"Point","coordinates":[121.43213,31.241927]}},{"id":"17496","type":"Feature","properties":{"id":"B0FFK6U0Q0","name":"轻轻家教","address":"长寿路常德大厦(长寿路地铁站1号口步行80米)","type":"科教文化服务;培训机构;培训机构","typecode":"141400","pcode":310000,"pname":"上海市","citycode":21,"cityname":"上海市","adcode":310107,"adname":"普陀区","business_a":"曹家渡","location":"121.436747,31.240087","tel":"[]","bigType":"科教文化服务","midType":"培训机构","smallType":"培训机构","gcj_lng":121.436747,"gcj_lat":31.240087,"wgs84_loc":"121.432127,31.241944","wgs84Lng":"121.432127","wgs84Lat":"31.241944","__source_file__":"13-常用公服设施点/SHP/上海市_培训机构.shp"},"geometry":{"type":"Point","coordinates":[121.432127,31.241944]}},{"id":"1713","type":"Feature","properties":{"id":"B0H39ZT0IE","name":"E57舞蹈教培总校(长寿路校区)","address":"长寿路468号中环商务大厦14层","type":"科教文化服务;培训机构;培训机构","typecode":"141400","pcode":310000,"pname":"上海市","citycode":21,"cityname":"上海市","adcode":310107,"adname":"普陀区","business_a":"曹家渡","location":"121.436761,31.240095","tel":"13062827557","bigType":"科教文化服务","midType":"培训机构","smallType":"培训机构","gcj_lng":121.436761,"gcj_lat":31.240095,"wgs84_loc":"121.432141,31.241952","wgs84Lng":"121.432141","wgs84Lat":"31.241952","__source_file__":"13-常用公服设施点/SHP/上海市_培训机构.shp"},"geometry":{"type":"Point","coordinates":[121.432141,31.241952]}},{"id":"17497","type":"Feature","properties":{"id":"B0IG5SJDSH","name":"上海爵传艺术中心","address":"长寿路468号中环商务大厦12楼","type":"科教文化服务;培训机构;培训机构","typecode":"141400","pcode":310000,"pname":"上海市","citycode":21,"cityname":"上海市","adcode":310107,"adname":"普陀区","business_a":"曹家渡","location":"121.436596,31.240121","tel":"[]","bigType":"科教文化服务","midType":"培训机构","smallType":"培训机构","gcj_lng":121.436596,"gcj_lat":31.240121,"wgs84_loc":"121.431975,31.241978","wgs84Lng":"121.431975","wgs84Lat":"31.241978","__source_file__":"13-常用公服设施点/SHP/上海市_培训机构.shp"},"geometry":{"type":"Point","coordinates":[121.431975,31.241978]}},{"id":"9407","type":"Feature","properties":{"id":"B0FFGOF12E","name":"琸阅英文童书馆","address":"长寿路468号中环商务大厦2201室(近武宁南路)","type":"科教文化服务;培训机构;培训机构","typecode":"141400","pcode":310000,"pname":"上海市","citycode":21,"cityname":"上海市","adcode":310107,"adname":"普陀区","business_a":"曹家渡","location":"121.436920,31.240139","tel":"021-62147117","bigType":"科教文化服务","midType":"培训机构","smallType":"培训机构","gcj_lng":121.43692,"gcj_lat":31.240139,"wgs84_loc":"121.4323,31.241996","wgs84Lng":"121.4323","wgs84Lat":"31.241996","__source_file__":"13-常用公服设施点/SHP/上海市_培训机构.shp"},"geometry":{"type":"Point","coordinates":[121.4323,31.241996]}},{"id":"9405","type":"Feature","properties":{"id":"B0GKPPUBAH","name":"时不我待自习室(长寿馆)","address":"长寿路468号中环商务大厦16楼1601室","type":"科教文化服务;培训机构;培训机构","typecode":"141400","pcode":310000,"pname":"上海市","citycode":21,"cityname":"上海市","adcode":310107,"adname":"普陀区","business_a":"曹家渡","location":"121.436836,31.240152","tel":"17621290195","bigType":"科教文化服务","midType":"培训机构","smallType":"培训机构","gcj_lng":121.436836,"gcj_lat":31.240152,"wgs84_loc":"121.432216,31.242009","wgs84Lng":"121.432216","wgs84Lat":"31.242009","__source_file__":"13-常用公服设施点/SHP/上海市_培训机构.shp"},"geometry":{"type":"Point","coordinates":[121.432216,31.242009]}},{"id":"2211","type":"Feature","properties":{"id":"B0FFJGLZJY","name":"天多娇舞蹈(长寿路店)","address":"长寿路街道468号中环商务大厦20楼2003-2004室","type":"科教文化服务;培训机构;培训机构","typecode":"141400","pcode":310000,"pname":"上海市","citycode":21,"cityname":"上海市","adcode":310107,"adname":"普陀区","business_a":"曹家渡","location":"121.436772,31.240182","tel":"13482825271","bigType":"科教文化服务","midType":"培训机构","smallType":"培训机构","gcj_lng":121.436772,"gcj_lat":31.240182,"wgs84_loc":"121.432152,31.242039","wgs84Lng":"121.432152","wgs84Lat":"31.242039","__source_file__":"13-常用公服设施点/SHP/上海市_培训机构.shp"},"geometry":{"type":"Point","coordinates":[121.432152,31.242039]}},{"id":"14819","type":"Feature","properties":{"id":"B001574ZVG","name":"MMC声乐培训机构(长寿路校区)","address":"长寿路468号中环商务大厦20层02室","type":"科教文化服务;培训机构;培训机构","typecode":"141400","pcode":310000,"pname":"上海市","citycode":21,"cityname":"上海市","adcode":310107,"adname":"普陀区","business_a":"曹家渡","location":"121.436621,31.240295","tel":"021-32023321;4001768659","bigType":"科教文化服务","midType":"培训机构","smallType":"培训机构","gcj_lng":121.436621,"gcj_lat":31.240295,"wgs84_loc":"121.432,31.242152","wgs84Lng":"121.432","wgs84Lat":"31.242152","__source_file__":"13-常用公服设施点/SHP/上海市_培训机构.shp"},"geometry":{"type":"Point","coordinates":[121.432,31.242152]}},{"id":"16500","type":"Feature","properties":{"id":"B0FFHZUU7W","name":"上海星语儿童智能训练中心","address":"长寿路468号6楼601-603号","type":"科教文化服务;培训机构;培训机构","typecode":"141400","pcode":310000,"pname":"上海市","citycode":21,"cityname":"上海市","adcode":310107,"adname":"普陀区","business_a":"曹家渡","location":"121.436773,31.240519","tel":"021-31129384","bigType":"科教文化服务","midType":"培训机构","smallType":"培训机构","gcj_lng":121.436773,"gcj_lat":31.240519,"wgs84_loc":"121.432153,31.242376","wgs84Lng":"121.432153","wgs84Lat":"31.242376","__source_file__":"13-常用公服设施点/SHP/上海市_培训机构.shp"},"geometry":{"type":"Point","coordinates":[121.432153,31.242376]}},{"id":"2205","type":"Feature","properties":{"id":"B0FFK2R56T","name":"舞一少儿舞蹈","address":"常德路1258弄32号601室","type":"科教文化服务;培训机构;培训机构","typecode":"141400","pcode":310000,"pname":"上海市","citycode":21,"cityname":"上海市","adcode":310107,"adname":"普陀区","business_a":"曹家渡","location":"121.437580,31.240979","tel":"15316360736;17321365727","bigType":"科教文化服务","midType":"培训机构","smallType":"培训机构","gcj_lng":121.43758,"gcj_lat":31.240979,"wgs84_loc":"121.432961,31.242837","wgs84Lng":"121.432961","wgs84Lat":"31.242837","__source_file__":"13-常用公服设施点/SHP/上海市_培训机构.shp"},"geometry":{"type":"Point","coordinates":[121.432961,31.242837]}},{"id":"15608","type":"Feature","properties":{"id":"B0G2BB76Q1","name":"普陀教育","address":"胶州路与澳门路交叉口西约80米","type":"科教文化服务;培训机构;培训机构","typecode":"141400","pcode":310000,"pname":"上海市","citycode":21,"cityname":"上海市","adcode":310107,"adname":"普陀区","business_a":"曹家渡","location":"121.433699,31.239823","tel":"[]","bigType":"科教文化服务","midType":"培训机构","smallType":"培训机构","gcj_lng":121.433699,"gcj_lat":31.239823,"wgs84_loc":"121.429073,31.241676","wgs84Lng":"121.429073","wgs84Lat":"31.241676","__source_file__":"13-常用公服设施点/SHP/上海市_培训机构.shp"},"geometry":{"type":"Point","coordinates":[121.429073,31.241676]}},{"id":"121","type":"Feature","properties":{"id":"B0FFHZW0NL","name":"好姑姑绿洲花园托育园(上海直营园)","address":"胶州路1130号(绿洲幼儿园对面)","type":"科教文化服务;培训机构;培训机构","typecode":"141400","pcode":310000,"pname":"上海市","citycode":21,"cityname":"上海市","adcode":310107,"adname":"普陀区","business_a":"曹家渡","location":"121.433405,31.240239","tel":"4006708550","bigType":"科教文化服务","midType":"培训机构","smallType":"培训机构","gcj_lng":121.433405,"gcj_lat":31.240239,"wgs84_loc":"121.428779,31.242091","wgs84Lng":"121.428779","wgs84Lat":"31.242091","__source_file__":"13-常用公服设施点/SHP/上海市_培训机构.shp"},"geometry":{"type":"Point","coordinates":[121.428779,31.242091]}},{"id":"2056","type":"Feature","properties":{"id":"B0HB478Y1J","name":"彩虹树双语儿童成长中心","address":"澳门路872弄10号","type":"科教文化服务;培训机构;培训机构","typecode":"141400","pcode":310000,"pname":"上海市","citycode":21,"cityname":"上海市","adcode":310107,"adname":"普陀区","business_a":"曹家渡","location":"121.434255,31.240808","tel":"[]","bigType":"科教文化服务","midType":"培训机构","smallType":"培训机构","gcj_lng":121.434255,"gcj_lat":31.240808,"wgs84_loc":"121.42963,31.242661","wgs84Lng":"121.42963","wgs84Lat":"31.242661","__source_file__":"13-常用公服设施点/SHP/上海市_培训机构.shp"},"geometry":{"type":"Point","coordinates":[121.42963,31.242661]}},{"id":"2155","type":"Feature","properties":{"id":"B0H3ZRG9CL","name":"丽缘美业培训学校","address":"常德路1265号兴运大厦4楼","type":"科教文化服务;培训机构;培训机构","typecode":"141400","pcode":310000,"pname":"上海市","citycode":21,"cityname":"上海市","adcode":310107,"adname":"普陀区","business_a":"曹家渡","location":"121.436062,31.241031","tel":"[]","bigType":"科教文化服务","midType":"培训机构","smallType":"培训机构","gcj_lng":121.436062,"gcj_lat":31.241031,"wgs84_loc":"121.43144,31.242887","wgs84Lng":"121.43144","wgs84Lat":"31.242887","__source_file__":"13-常用公服设施点/SHP/上海市_培训机构.shp"},"geometry":{"type":"Point","coordinates":[121.43144,31.242887]}},{"id":"1637","type":"Feature","properties":{"id":"B00157HF4A","name":"琴星少儿艺术学校(常德路店)","address":"常德路1261-1273兴运大厦3层","type":"科教文化服务;培训机构;培训机构","typecode":"141400","pcode":310000,"pname":"上海市","citycode":21,"cityname":"上海市","adcode":310107,"adname":"普陀区","business_a":"曹家渡","location":"121.436155,31.241070","tel":"021-62561999;021-62561929;4000259999","bigType":"科教文化服务","midType":"培训机构","smallType":"培训机构","gcj_lng":121.436155,"gcj_lat":31.24107,"wgs84_loc":"121.431533,31.242926","wgs84Lng":"121.431533","wgs84Lat":"31.242926","__source_file__":"13-常用公服设施点/SHP/上海市_培训机构.shp"},"geometry":{"type":"Point","coordinates":[121.431533,31.242926]}},{"id":"1766","type":"Feature","properties":{"id":"B0FFKQIU3V","name":"星控大师美术(普陀常德路校区)","address":"常德路1261号兴运大厦2楼(近长寿路)","type":"科教文化服务;培训机构;培训机构","typecode":"141400","pcode":310000,"pname":"上海市","citycode":21,"cityname":"上海市","adcode":310107,"adname":"普陀区","business_a":"曹家渡","location":"121.436110,31.241075","tel":"021-32070020","bigType":"科教文化服务","midType":"培训机构","smallType":"培训机构","gcj_lng":121.43611,"gcj_lat":31.241075,"wgs84_loc":"121.431488,31.242931","wgs84Lng":"121.431488","wgs84Lat":"31.242931","__source_file__":"13-常用公服设施点/SHP/上海市_培训机构.shp"},"geometry":{"type":"Point","coordinates":[121.431488,31.242931]}},{"id":"1655","type":"Feature","properties":{"id":"B0FFFFCUJT","name":"星控大师少儿美术(长寿路校区)","address":"常德路1273号1号兴运大厦2楼","type":"科教文化服务;培训机构;培训机构","typecode":"141400","pcode":310000,"pname":"上海市","citycode":21,"cityname":"上海市","adcode":310107,"adname":"普陀区","business_a":"曹家渡","location":"121.436196,31.241095","tel":"021-32070027;4009008870","bigType":"科教文化服务","midType":"培训机构","smallType":"培训机构","gcj_lng":121.436196,"gcj_lat":31.241095,"wgs84_loc":"121.431574,31.242951","wgs84Lng":"121.431574","wgs84Lat":"31.242951","__source_file__":"13-常用公服设施点/SHP/上海市_培训机构.shp"},"geometry":{"type":"Point","coordinates":[121.431574,31.242951]}},{"id":"16265","type":"Feature","properties":{"id":"B0HG0CZI8D","name":"OKK自习室(长寿路店)","address":"常德路1269号兴运大厦502室","type":"科教文化服务;培训机构;培训机构","typecode":"141400","pcode":310000,"pname":"上海市","citycode":21,"cityname":"上海市","adcode":310107,"adname":"普陀区","business_a":"曹家渡","location":"121.435829,31.241101","tel":"[]","bigType":"科教文化服务","midType":"培训机构","smallType":"培训机构","gcj_lng":121.435829,"gcj_lat":31.241101,"wgs84_loc":"121.431207,31.242956","wgs84Lng":"121.431207","wgs84Lat":"31.242956","__source_file__":"13-常用公服设施点/SHP/上海市_培训机构.shp"},"geometry":{"type":"Point","coordinates":[121.431207,31.242956]}},{"id":"1679","type":"Feature","properties":{"id":"B0FFIA87OC","name":"邱艳舞蹈艺术(常德路店)","address":"长寿路兴运大厦6楼","type":"科教文化服务;培训机构;培训机构","typecode":"141400","pcode":310000,"pname":"上海市","citycode":21,"cityname":"上海市","adcode":310107,"adname":"普陀区","business_a":"曹家渡","location":"121.435903,31.241124","tel":"021-56525363;17702181593","bigType":"科教文化服务","midType":"培训机构","smallType":"培训机构","gcj_lng":121.435903,"gcj_lat":31.241124,"wgs84_loc":"121.431281,31.242979","wgs84Lng":"121.431281","wgs84Lat":"31.242979","__source_file__":"13-常用公服设施点/SHP/上海市_培训机构.shp"},"geometry":{"type":"Point","coordinates":[121.431281,31.242979]}},{"id":"1846","type":"Feature","properties":{"id":"B0FFGKE3VD","name":"欧那教育","address":"常德路1339号金昌商务中心B座2楼","type":"科教文化服务;培训机构;培训机构","typecode":"141400","pcode":310000,"pname":"上海市","citycode":21,"cityname":"上海市","adcode":310107,"adname":"普陀区","business_a":"曹家渡","location":"121.434765,31.241647","tel":"[]","bigType":"科教文化服务","midType":"培训机构","smallType":"培训机构","gcj_lng":121.434765,"gcj_lat":31.241647,"wgs84_loc":"121.430141,31.2435","wgs84Lng":"121.430141","wgs84Lat":"31.2435","__source_file__":"13-常用公服设施点/SHP/上海市_培训机构.shp"},"geometry":{"type":"Point","coordinates":[121.430141,31.2435]}},{"id":"15566","type":"Feature","properties":{"id":"B0FFFLJCIX","name":"至慧学堂(普陀长寿路中心)","address":"长寿路398号3层","type":"科教文化服务;培训机构;培训机构","typecode":"141400","pcode":310000,"pname":"上海市","citycode":21,"cityname":"上海市","adcode":310107,"adname":"普陀区","business_a":"曹家渡","location":"121.437922,31.241031","tel":"021-62760139;4001127661","bigType":"科教文化服务","midType":"培训机构","smallType":"培训机构","gcj_lng":121.437922,"gcj_lat":31.241031,"wgs84_loc":"121.433304,31.242889","wgs84Lng":"121.433304","wgs84Lat":"31.242889","__source_file__":"13-常用公服设施点/SHP/上海市_培训机构.shp"},"geometry":{"type":"Point","coordinates":[121.433304,31.242889]}},{"id":"2300","type":"Feature","properties":{"id":"B0FFHGDLSR","name":"精锐·1对1","address":"京沙金融广场长寿路404号三楼","type":"科教文化服务;培训机构;培训机构","typecode":"141400","pcode":310000,"pname":"上海市","citycode":21,"cityname":"上海市","adcode":310107,"adname":"普陀区","business_a":"曹家渡","location":"121.438058,31.241097","tel":"[]","bigType":"科教文化服务","midType":"培训机构","smallType":"培训机构","gcj_lng":121.438058,"gcj_lat":31.241097,"wgs84_loc":"121.43344,31.242956","wgs84Lng":"121.43344","wgs84Lat":"31.242956","__source_file__":"13-常用公服设施点/SHP/上海市_培训机构.shp"},"geometry":{"type":"Point","coordinates":[121.43344,31.242956]}},{"id":"17172","type":"Feature","properties":{"id":"B0FFFLJCJE","name":"精锐高端辅导(亚新中心)","address":"长寿路404号3楼(近长寿路地铁站)","type":"科教文化服务;培训机构;培训机构","typecode":"141400","pcode":310000,"pname":"上海市","citycode":21,"cityname":"上海市","adcode":310107,"adname":"普陀区","business_a":"曹家渡","location":"121.438115,31.241098","tel":"4008036551","bigType":"科教文化服务","midType":"培训机构","smallType":"培训机构","gcj_lng":121.438115,"gcj_lat":31.241098,"wgs84_loc":"121.433497,31.242957","wgs84Lng":"121.433497","wgs84Lat":"31.242957","__source_file__":"13-常用公服设施点/SHP/上海市_培训机构.shp"},"geometry":{"type":"Point","coordinates":[121.433497,31.242957]}},{"id":"2295","type":"Feature","properties":{"id":"B0FFJY7FQY","name":"精锐教育(亚新中心)","address":"长寿路与常德路交叉口东北约100米","type":"科教文化服务;培训机构;培训机构","typecode":"141400","pcode":310000,"pname":"上海市","citycode":21,"cityname":"上海市","adcode":310107,"adname":"普陀区","business_a":"曹家渡","location":"121.438243,31.241144","tel":"[]","bigType":"科教文化服务","midType":"培训机构","smallType":"培训机构","gcj_lng":121.438243,"gcj_lat":31.241144,"wgs84_loc":"121.433625,31.243003","wgs84Lng":"121.433625","wgs84Lat":"31.243003","__source_file__":"13-常用公服设施点/SHP/上海市_培训机构.shp"},"geometry":{"type":"Point","coordinates":[121.433625,31.243003]}},{"id":"17505","type":"Feature","properties":{"id":"B001571ZVC","name":"淘淘俐俐成长苑","address":"常德路1256号昂泰商务5层","type":"科教文化服务;培训机构;培训机构","typecode":"141400","pcode":310000,"pname":"上海市","citycode":21,"cityname":"上海市","adcode":310107,"adname":"普陀区","business_a":"曹家渡","location":"121.436741,31.241152","tel":"[]","bigType":"科教文化服务","midType":"培训机构","smallType":"培训机构","gcj_lng":121.436741,"gcj_lat":31.241152,"wgs84_loc":"121.43212,31.243009","wgs84Lng":"121.43212","wgs84Lat":"31.243009","__source_file__":"13-常用公服设施点/SHP/上海市_培训机构.shp"},"geometry":{"type":"Point","coordinates":[121.43212,31.243009]}},{"id":"6365","type":"Feature","properties":{"id":"B0FFLF6LJ5","name":"精锐·学汇趣(长寿路校区)(装修中)","address":"长寿路402号精锐教育广场一楼","type":"科教文化服务;培训机构;培训机构","typecode":"141400","pcode":310000,"pname":"上海市","citycode":21,"cityname":"上海市","adcode":310107,"adname":"普陀区","business_a":"曹家渡","location":"121.438254,31.241187","tel":"4008700309","bigType":"科教文化服务","midType":"培训机构","smallType":"培训机构","gcj_lng":121.438254,"gcj_lat":31.241187,"wgs84_loc":"121.433636,31.243046","wgs84Lng":"121.433636","wgs84Lat":"31.243046","__source_file__":"13-常用公服设施点/SHP/上海市_培训机构.shp"},"geometry":{"type":"Point","coordinates":[121.433636,31.243046]}},{"id":"2288","type":"Feature","properties":{"id":"B0FFLNNRC2","name":"精锐未来学校","address":"长寿路410号附近","type":"科教文化服务;培训机构;培训机构","typecode":"141400","pcode":310000,"pname":"上海市","citycode":21,"cityname":"上海市","adcode":310107,"adname":"普陀区","business_a":"曹家渡","location":"121.438229,31.241218","tel":"[]","bigType":"科教文化服务","midType":"培训机构","smallType":"培训机构","gcj_lng":121.438229,"gcj_lat":31.241218,"wgs84_loc":"121.433611,31.243077","wgs84Lng":"121.433611","wgs84Lat":"31.243077","__source_file__":"13-常用公服设施点/SHP/上海市_培训机构.shp"},"geometry":{"type":"Point","coordinates":[121.433611,31.243077]}},{"id":"2255","type":"Feature","properties":{"id":"B0FFHW674R","name":"精锐佳学慧","address":"长寿路402号","type":"科教文化服务;培训机构;培训机构","typecode":"141400","pcode":310000,"pname":"上海市","citycode":21,"cityname":"上海市","adcode":310107,"adname":"普陀区","business_a":"曹家渡","location":"121.437850,31.241350","tel":"[]","bigType":"科教文化服务","midType":"培训机构","smallType":"培训机构","gcj_lng":121.43785,"gcj_lat":31.24135,"wgs84_loc":"121.433231,31.243208","wgs84Lng":"121.433231","wgs84Lat":"31.243208","__source_file__":"13-常用公服设施点/SHP/上海市_培训机构.shp"},"geometry":{"type":"Point","coordinates":[121.433231,31.243208]}},{"id":"2168","type":"Feature","properties":{"id":"B0H10UV1GL","name":"90M舞蹈工作室","address":"长寿路360号源达大厦1115室","type":"科教文化服务;培训机构;培训机构","typecode":"141400","pcode":310000,"pname":"上海市","citycode":21,"cityname":"上海市","adcode":310107,"adname":"普陀区","business_a":"光新","location":"121.438938,31.241919","tel":"17621502369","bigType":"科教文化服务","midType":"培训机构","smallType":"培训机构","gcj_lng":121.438938,"gcj_lat":31.241919,"wgs84_loc":"121.434321,31.243779","wgs84Lng":"121.434321","wgs84Lat":"31.243779","__source_file__":"13-常用公服设施点/SHP/上海市_培训机构.shp"},"geometry":{"type":"Point","coordinates":[121.434321,31.243779]}},{"id":"2114","type":"Feature","properties":{"id":"B0FFKP4BPA","name":"绘夫美术画室-成人青少年培训","address":"长寿路360号源达大厦20楼2005室","type":"科教文化服务;培训机构;培训机构","typecode":"141400","pcode":310000,"pname":"上海市","citycode":21,"cityname":"上海市","adcode":310107,"adname":"普陀区","business_a":"曹家渡","location":"121.439092,31.241991","tel":"13391455541","bigType":"科教文化服务","midType":"培训机构","smallType":"培训机构","gcj_lng":121.439092,"gcj_lat":31.241991,"wgs84_loc":"121.434476,31.243851","wgs84Lng":"121.434476","wgs84Lat":"31.243851","__source_file__":"13-常用公服设施点/SHP/上海市_培训机构.shp"},"geometry":{"type":"Point","coordinates":[121.434476,31.243851]}},{"id":"16411","type":"Feature","properties":{"id":"B0FFFVGACI","name":"筑才教育","address":"长寿路360号源达大厦16层","type":"科教文化服务;培训机构;培训机构","typecode":"141400","pcode":310000,"pname":"上海市","citycode":21,"cityname":"上海市","adcode":310107,"adname":"普陀区","business_a":"曹家渡","location":"121.438994,31.242065","tel":"[]","bigType":"科教文化服务","midType":"培训机构","smallType":"培训机构","gcj_lng":121.438994,"gcj_lat":31.242065,"wgs84_loc":"121.434378,31.243925","wgs84Lng":"121.434378","wgs84Lat":"31.243925","__source_file__":"13-常用公服设施点/SHP/上海市_培训机构.shp"},"geometry":{"type":"Point","coordinates":[121.434378,31.243925]}},{"id":"1950","type":"Feature","properties":{"id":"B0FFLI152K","name":"领君教育","address":"长寿路街道西康路1255号普陀科技大厦","type":"科教文化服务;培训机构;培训机构","typecode":"141400","pcode":310000,"pname":"上海市","citycode":21,"cityname":"上海市","adcode":310107,"adname":"普陀区","business_a":"曹家渡","location":"121.437963,31.242692","tel":"18516176177","bigType":"科教文化服务","midType":"培训机构","smallType":"培训机构","gcj_lng":121.437963,"gcj_lat":31.242692,"wgs84_loc":"121.433345,31.24455","wgs84Lng":"121.433345","wgs84Lat":"31.24455","__source_file__":"13-常用公服设施点/SHP/上海市_培训机构.shp"},"geometry":{"type":"Point","coordinates":[121.433345,31.24455]}},{"id":"1837","type":"Feature","properties":{"id":"B0FFKSFDOI","name":"Fire yoga火瑜伽空中学院","address":"澳门路715号创意园5楼508室","type":"科教文化服务;培训机构;培训机构","typecode":"141400","pcode":310000,"pname":"上海市","citycode":21,"cityname":"上海市","adcode":310107,"adname":"普陀区","business_a":"曹家渡","location":"121.436523,31.242851","tel":"15254374246","bigType":"科教文化服务","midType":"培训机构","smallType":"培训机构","gcj_lng":121.436523,"gcj_lat":31.242851,"wgs84_loc":"121.431902,31.244706","wgs84Lng":"121.431902","wgs84Lat":"31.244706","__source_file__":"13-常用公服设施点/SHP/上海市_培训机构.shp"},"geometry":{"type":"Point","coordinates":[121.431902,31.244706]}},{"id":"18263","type":"Feature","properties":{"id":"B0I1FRRC31","name":"MusicLIfe音乐(普陀校区)","address":"长寿路715创意园606室","type":"科教文化服务;培训机构;培训机构","typecode":"141400","pcode":310000,"pname":"上海市","citycode":21,"cityname":"上海市","adcode":310107,"adname":"普陀区","business_a":"曹家渡","location":"121.436541,31.242878","tel":"13166360183","bigType":"科教文化服务","midType":"培训机构","smallType":"培训机构","gcj_lng":121.436541,"gcj_lat":31.242878,"wgs84_loc":"121.43192,31.244734","wgs84Lng":"121.43192","wgs84Lat":"31.244734","__source_file__":"13-常用公服设施点/SHP/上海市_培训机构.shp"},"geometry":{"type":"Point","coordinates":[121.43192,31.244734]}},{"id":"1693","type":"Feature","properties":{"id":"B0FFHJZ8J4","name":"上海好莱坞音乐进修学校(普陀校区)","address":"西康路1297号云都商务中心3F","type":"科教文化服务;培训机构;培训机构","typecode":"141400","pcode":310000,"pname":"上海市","citycode":21,"cityname":"上海市","adcode":310107,"adname":"普陀区","business_a":"曹家渡","location":"121.437452,31.243319","tel":"021-52992172;021-52992671","bigType":"科教文化服务","midType":"培训机构","smallType":"培训机构","gcj_lng":121.437452,"gcj_lat":31.243319,"wgs84_loc":"121.432833,31.245176","wgs84Lng":"121.432833","wgs84Lat":"31.245176","__source_file__":"13-常用公服设施点/SHP/上海市_培训机构.shp"},"geometry":{"type":"Point","coordinates":[121.432833,31.245176]}},{"id":"14944","type":"Feature","properties":{"id":"B0FFIWT2ZA","name":"昂立英语(澳门路校区)","address":"澳门路588号2楼","type":"科教文化服务;培训机构;培训机构","typecode":"141400","pcode":310000,"pname":"上海市","citycode":21,"cityname":"上海市","adcode":310107,"adname":"普陀区","business_a":"曹家渡","location":"121.438437,31.244874","tel":"4008205040","bigType":"科教文化服务","midType":"培训机构","smallType":"培训机构","gcj_lng":121.438437,"gcj_lat":31.244874,"wgs84_loc":"121.433819,31.246732","wgs84Lng":"121.433819","wgs84Lat":"31.246732","__source_file__":"13-常用公服设施点/SHP/上海市_培训机构.shp"},"geometry":{"type":"Point","coordinates":[121.433819,31.246732]}},{"id":"2362","type":"Feature","properties":{"id":"B0HKDC1DKO","name":"IVESC.ET艾韦士课教育-普陀基地","address":"澳门路588号388室","type":"科教文化服务;培训机构;培训机构","typecode":"141400","pcode":310000,"pname":"上海市","citycode":21,"cityname":"上海市","adcode":310107,"adname":"普陀区","business_a":"曹家渡","location":"121.438466,31.244922","tel":"13917219245","bigType":"科教文化服务","midType":"培训机构","smallType":"培训机构","gcj_lng":121.438466,"gcj_lat":31.244922,"wgs84_loc":"121.433848,31.24678","wgs84Lng":"121.433848","wgs84Lat":"31.24678","__source_file__":"13-常用公服设施点/SHP/上海市_培训机构.shp"},"geometry":{"type":"Point","coordinates":[121.433848,31.24678]}},{"id":"9403","type":"Feature","properties":{"id":"B0H2PCR2KX","name":"V+悠樂健身工作室(澳门路折扣店)","address":"澳门路588号3楼305室","type":"科教文化服务;培训机构;培训机构","typecode":"141400","pcode":310000,"pname":"上海市","citycode":21,"cityname":"上海市","adcode":310107,"adname":"普陀区","business_a":"曹家渡","location":"121.438469,31.244953","tel":"15921839616","bigType":"科教文化服务","midType":"培训机构","smallType":"培训机构","gcj_lng":121.438469,"gcj_lat":31.244953,"wgs84_loc":"121.433851,31.246811","wgs84Lng":"121.433851","wgs84Lat":"31.246811","__source_file__":"13-常用公服设施点/SHP/上海市_培训机构.shp"},"geometry":{"type":"Point","coordinates":[121.433851,31.246811]}},{"id":"2355","type":"Feature","properties":{"id":"B0HUOAGJ71","name":"艾韦士课教育科技","address":"澳门路与陕西北路交叉口西约40米","type":"科教文化服务;培训机构;培训机构","typecode":"141400","pcode":310000,"pname":"上海市","citycode":21,"cityname":"上海市","adcode":310107,"adname":"普陀区","business_a":"光新","location":"121.438558,31.245031","tel":"[]","bigType":"科教文化服务","midType":"培训机构","smallType":"培训机构","gcj_lng":121.438558,"gcj_lat":31.245031,"wgs84_loc":"121.43394,31.246889","wgs84Lng":"121.43394","wgs84Lat":"31.246889","__source_file__":"13-常用公服设施点/SHP/上海市_培训机构.shp"},"geometry":{"type":"Point","coordinates":[121.43394,31.246889]}},{"id":"12992","type":"Feature","properties":{"id":"B0H2H1JNK1","name":"子懿书院","address":"澳门路588号2楼","type":"科教文化服务;培训机构;培训机构","typecode":"141400","pcode":310000,"pname":"上海市","citycode":21,"cityname":"上海市","adcode":310107,"adname":"普陀区","business_a":"曹家渡","location":"121.438644,31.245053","tel":"[]","bigType":"科教文化服务","midType":"培训机构","smallType":"培训机构","gcj_lng":121.438644,"gcj_lat":31.245053,"wgs84_loc":"121.434027,31.246911","wgs84Lng":"121.434027","wgs84Lat":"31.246911","__source_file__":"13-常用公服设施点/SHP/上海市_培训机构.shp"},"geometry":{"type":"Point","coordinates":[121.434027,31.246911]}},{"id":"1630","type":"Feature","properties":{"id":"B0FFG1FZOB","name":"上海交通大学继续教育学院网络教育(澳门路学习中心)","address":"澳门路726号(上海经济管理学校)","type":"科教文化服务;培训机构;培训机构","typecode":"141400","pcode":310000,"pname":"上海市","citycode":21,"cityname":"上海市","adcode":310107,"adname":"普陀区","business_a":"曹家渡","location":"121.436036,31.242951","tel":"[]","bigType":"科教文化服务","midType":"培训机构","smallType":"培训机构","gcj_lng":121.436036,"gcj_lat":31.242951,"wgs84_loc":"121.431414,31.244806","wgs84Lng":"121.431414","wgs84Lat":"31.244806","__source_file__":"13-常用公服设施点/SHP/上海市_培训机构.shp"},"geometry":{"type":"Point","coordinates":[121.431414,31.244806]}},{"id":"1787","type":"Feature","properties":{"id":"B0FFIOY3LX","name":"上海交通大学网络教育","address":"澳门路726号","type":"科教文化服务;培训机构;培训机构","typecode":"141400","pcode":310000,"pname":"上海市","citycode":21,"cityname":"上海市","adcode":310107,"adname":"普陀区","business_a":"曹家渡","location":"121.435772,31.243093","tel":"021-32035532","bigType":"科教文化服务","midType":"培训机构","smallType":"培训机构","gcj_lng":121.435772,"gcj_lat":31.243093,"wgs84_loc":"121.43115,31.244947","wgs84Lng":"121.43115","wgs84Lat":"31.244947","__source_file__":"13-常用公服设施点/SHP/上海市_培训机构.shp"},"geometry":{"type":"Point","coordinates":[121.43115,31.244947]}},{"id":"2410","type":"Feature","properties":{"id":"B0FFHX0L6W","name":"上海城市动漫出版传媒有限公司培训基地","address":"澳门路711号","type":"科教文化服务;培训机构;培训机构","typecode":"141400","pcode":310000,"pname":"上海市","citycode":21,"cityname":"上海市","adcode":310107,"adname":"普陀区","business_a":"曹家渡","location":"121.435784,31.243125","tel":"[]","bigType":"科教文化服务","midType":"培训机构","smallType":"培训机构","gcj_lng":121.435784,"gcj_lat":31.243125,"wgs84_loc":"121.431162,31.244979","wgs84Lng":"121.431162","wgs84Lat":"31.244979","__source_file__":"13-常用公服设施点/SHP/上海市_培训机构.shp"},"geometry":{"type":"Point","coordinates":[121.431162,31.244979]}},{"id":"15132","type":"Feature","properties":{"id":"B0FFI7UD70","name":"培诺教育","address":"宜昌路575号上海第二工业大学普陀校区1号楼1102室地铁13号线长寿路站2口出步行560米","type":"科教文化服务;培训机构;培训机构","typecode":"141400","pcode":310000,"pname":"上海市","citycode":21,"cityname":"上海市","adcode":310107,"adname":"普陀区","business_a":"曹家渡","location":"121.433853,31.244122","tel":"[]","bigType":"科教文化服务","midType":"培训机构","smallType":"培训机构","gcj_lng":121.433853,"gcj_lat":31.244122,"wgs84_loc":"121.429227,31.245973","wgs84Lng":"121.429227","wgs84Lat":"31.245973","__source_file__":"13-常用公服设施点/SHP/上海市_培训机构.shp"},"geometry":{"type":"Point","coordinates":[121.429227,31.245973]}},{"id":"13481","type":"Feature","properties":{"id":"B0FFJODZJW","name":"韵聆禾品音乐工作室","address":"德诚大厦309","type":"科教文化服务;培训机构;培训机构","typecode":"141400","pcode":310000,"pname":"上海市","citycode":21,"cityname":"上海市","adcode":310107,"adname":"普陀区","business_a":"光新","location":"121.433416,31.244261","tel":"18221807056","bigType":"科教文化服务","midType":"培训机构","smallType":"培训机构","gcj_lng":121.433416,"gcj_lat":31.244261,"wgs84_loc":"121.428789,31.246111","wgs84Lng":"121.428789","wgs84Lat":"31.246111","__source_file__":"13-常用公服设施点/SHP/上海市_培训机构.shp"},"geometry":{"type":"Point","coordinates":[121.428789,31.246111]}},{"id":"5584","type":"Feature","properties":{"id":"B0HG0MXGC1","name":"火星游泳培训中心(西康路店)","address":"宜昌路上海第二工业大学(继续教育学院)北侧约140米","type":"科教文化服务;培训机构;培训机构","typecode":"141400","pcode":310000,"pname":"上海市","citycode":21,"cityname":"上海市","adcode":310107,"adname":"普陀区","business_a":"曹家渡","location":"121.434386,31.245432","tel":"[]","bigType":"科教文化服务","midType":"培训机构","smallType":"培训机构","gcj_lng":121.434386,"gcj_lat":31.245432,"wgs84_loc":"121.429761,31.247283","wgs84Lng":"121.429761","wgs84Lat":"31.247283","__source_file__":"13-常用公服设施点/SHP/上海市_培训机构.shp"},"geometry":{"type":"Point","coordinates":[121.429761,31.247283]}},{"id":"15829","type":"Feature","properties":{"id":"B0FFG9IF9E","name":"上海精锐教育(总部)","address":"光复西路165号","type":"科教文化服务;培训机构;培训机构","typecode":"141400","pcode":310000,"pname":"上海市","citycode":21,"cityname":"上海市","adcode":310107,"adname":"普陀区","business_a":"光新","location":"121.432739,31.245655","tel":"4006390087","bigType":"科教文化服务","midType":"培训机构","smallType":"培训机构","gcj_lng":121.432739,"gcj_lat":31.245655,"wgs84_loc":"121.428111,31.247504","wgs84Lng":"121.428111","wgs84Lat":"31.247504","__source_file__":"13-常用公服设施点/SHP/上海市_培训机构.shp"},"geometry":{"type":"Point","coordinates":[121.428111,31.247504]}},{"id":"2063","type":"Feature","properties":{"id":"B0G3A67K9P","name":"爱来美术绘画艺术中心","address":"中山北路2052号振源大厦601室","type":"科教文化服务;培训机构;培训机构","typecode":"141400","pcode":310000,"pname":"上海市","citycode":21,"cityname":"上海市","adcode":310107,"adname":"普陀区","business_a":"光新","location":"121.431147,31.248040","tel":"[]","bigType":"科教文化服务","midType":"培训机构","smallType":"培训机构","gcj_lng":121.431147,"gcj_lat":31.24804,"wgs84_loc":"121.426516,31.249886","wgs84Lng":"121.426516","wgs84Lat":"31.249886","__source_file__":"13-常用公服设施点/SHP/上海市_培训机构.shp"},"geometry":{"type":"Point","coordinates":[121.426516,31.249886]}},{"id":"1845","type":"Feature","properties":{"id":"B0FFHQUQGJ","name":"华越教育培训(镇坪路分校)","address":"中山北路2052号振源大厦五楼","type":"科教文化服务;培训机构;培训机构","typecode":"141400","pcode":310000,"pname":"上海市","citycode":21,"cityname":"上海市","adcode":310107,"adname":"普陀区","business_a":"光新","location":"121.431228,31.248070","tel":"13918070143","bigType":"科教文化服务","midType":"培训机构","smallType":"培训机构","gcj_lng":121.431228,"gcj_lat":31.24807,"wgs84_loc":"121.426598,31.249916","wgs84Lng":"121.426598","wgs84Lat":"31.249916","__source_file__":"13-常用公服设施点/SHP/上海市_培训机构.shp"},"geometry":{"type":"Point","coordinates":[121.426598,31.249916]}},{"id":"2361","type":"Feature","properties":{"id":"B0HKVZ58AX","name":"博实乐教育","address":"中山北路与镇坪路交叉口东北约140米","type":"科教文化服务;培训机构;培训机构","typecode":"141400","pcode":310000,"pname":"上海市","citycode":21,"cityname":"上海市","adcode":310107,"adname":"普陀区","business_a":"光新","location":"121.432031,31.248822","tel":"[]","bigType":"科教文化服务","midType":"培训机构","smallType":"培训机构","gcj_lng":121.432031,"gcj_lat":31.248822,"wgs84_loc":"121.427402,31.250668","wgs84Lng":"121.427402","wgs84Lat":"31.250668","__source_file__":"13-常用公服设施点/SHP/上海市_培训机构.shp"},"geometry":{"type":"Point","coordinates":[121.427402,31.250668]}},{"id":"17122","type":"Feature","properties":{"id":"B0FFIG7JFN","name":"至慧学堂(光复西路)","address":"光复西路199号-16精锐教育","type":"科教文化服务;培训机构;培训机构","typecode":"141400","pcode":310000,"pname":"上海市","citycode":21,"cityname":"上海市","adcode":310107,"adname":"普陀区","business_a":"光新","location":"121.430373,31.245189","tel":"[]","bigType":"科教文化服务","midType":"培训机构","smallType":"培训机构","gcj_lng":121.430373,"gcj_lat":31.245189,"wgs84_loc":"121.425742,31.247035","wgs84Lng":"121.425742","wgs84Lat":"31.247035","__source_file__":"13-常用公服设施点/SHP/上海市_培训机构.shp"},"geometry":{"type":"Point","coordinates":[121.425742,31.247035]}},{"id":"16989","type":"Feature","properties":{"id":"B0HG7RKX33","name":"溢米辅导","address":"光复西路199号","type":"科教文化服务;培训机构;培训机构","typecode":"141400","pcode":310000,"pname":"上海市","citycode":21,"cityname":"上海市","adcode":310107,"adname":"普陀区","business_a":"光新","location":"121.430399,31.245201","tel":"[]","bigType":"科教文化服务","midType":"培训机构","smallType":"培训机构","gcj_lng":121.430399,"gcj_lat":31.245201,"wgs84_loc":"121.425768,31.247047","wgs84Lng":"121.425768","wgs84Lat":"31.247047","__source_file__":"13-常用公服设施点/SHP/上海市_培训机构.shp"},"geometry":{"type":"Point","coordinates":[121.425768,31.247047]}},{"id":"2275","type":"Feature","properties":{"id":"B0GR5A2M76","name":"溢米辅导","address":"中山北路2161号3楼","type":"科教文化服务;培训机构;培训机构","typecode":"141400","pcode":310000,"pname":"上海市","citycode":21,"cityname":"上海市","adcode":310107,"adname":"普陀区","business_a":"光新","location":"121.428860,31.247045","tel":"[]","bigType":"科教文化服务","midType":"培训机构","smallType":"培训机构","gcj_lng":121.42886,"gcj_lat":31.247045,"wgs84_loc":"121.424226,31.248888","wgs84Lng":"121.424226","wgs84Lat":"31.248888","__source_file__":"13-常用公服设施点/SHP/上海市_培训机构.shp"},"geometry":{"type":"Point","coordinates":[121.424226,31.248888]}},{"id":"1750","type":"Feature","properties":{"id":"B0FFLFL6VS","name":"桌大大儿童学习力成长中心","address":"中山北路2139弄-54号","type":"科教文化服务;培训机构;培训机构","typecode":"141400","pcode":310000,"pname":"上海市","citycode":21,"cityname":"上海市","adcode":310107,"adname":"普陀区","business_a":"光新","location":"121.428575,31.248113","tel":"19821853228","bigType":"科教文化服务","midType":"培训机构","smallType":"培训机构","gcj_lng":121.428575,"gcj_lat":31.248113,"wgs84_loc":"121.423941,31.249955","wgs84Lng":"121.423941","wgs84Lat":"31.249955","__source_file__":"13-常用公服设施点/SHP/上海市_培训机构.shp"},"geometry":{"type":"Point","coordinates":[121.423941,31.249955]}},{"id":"2289","type":"Feature","properties":{"id":"B0FFLFA5WA","name":"声律诗文蒙学","address":"中山北路与镇坪路交叉口北约80米","type":"科教文化服务;培训机构;培训机构","typecode":"141400","pcode":310000,"pname":"上海市","citycode":21,"cityname":"上海市","adcode":310107,"adname":"普陀区","business_a":"光新","location":"121.430375,31.248711","tel":"[]","bigType":"科教文化服务","midType":"培训机构","smallType":"培训机构","gcj_lng":121.430375,"gcj_lat":31.248711,"wgs84_loc":"121.425743,31.250555","wgs84Lng":"121.425743","wgs84Lat":"31.250555","__source_file__":"13-常用公服设施点/SHP/上海市_培训机构.shp"},"geometry":{"type":"Point","coordinates":[121.425743,31.250555]}},{"id":"2059","type":"Feature","properties":{"id":"B0H32U5NLJ","name":"艺学年音乐","address":"中山北路1963号","type":"科教文化服务;培训机构;培训机构","typecode":"141400","pcode":310000,"pname":"上海市","citycode":21,"cityname":"上海市","adcode":310107,"adname":"普陀区","business_a":"光新","location":"121.430447,31.248791","tel":"[]","bigType":"科教文化服务","midType":"培训机构","smallType":"培训机构","gcj_lng":121.430447,"gcj_lat":31.248791,"wgs84_loc":"121.425815,31.250635","wgs84Lng":"121.425815","wgs84Lat":"31.250635","__source_file__":"13-常用公服设施点/SHP/上海市_培训机构.shp"},"geometry":{"type":"Point","coordinates":[121.425815,31.250635]}},{"id":"13927","type":"Feature","properties":{"id":"B0FFHU6UX1","name":"威廉史丹堡钢琴(普陀总店)","address":"中山北路1959号","type":"科教文化服务;培训机构;培训机构","typecode":"141400","pcode":310000,"pname":"上海市","citycode":21,"cityname":"上海市","adcode":310107,"adname":"普陀区","business_a":"光新","location":"121.430553,31.248802","tel":"[]","bigType":"科教文化服务","midType":"培训机构","smallType":"培训机构","gcj_lng":121.430553,"gcj_lat":31.248802,"wgs84_loc":"121.425921,31.250647","wgs84Lng":"121.425921","wgs84Lat":"31.250647","__source_file__":"13-常用公服设施点/SHP/上海市_培训机构.shp"},"geometry":{"type":"Point","coordinates":[121.425921,31.250647]}},{"id":"1683","type":"Feature","properties":{"id":"B001571IGM","name":"秦汉胡同国学(镇坪分院)","address":"中山北路1961号2层(近镇坪路口)","type":"科教文化服务;培训机构;培训机构","typecode":"141400","pcode":310000,"pname":"上海市","citycode":21,"cityname":"上海市","adcode":310107,"adname":"普陀区","business_a":"光新","location":"121.430324,31.248816","tel":"4000801518","bigType":"科教文化服务","midType":"培训机构","smallType":"培训机构","gcj_lng":121.430324,"gcj_lat":31.248816,"wgs84_loc":"121.425692,31.25066","wgs84Lng":"121.425692","wgs84Lat":"31.25066","__source_file__":"13-常用公服设施点/SHP/上海市_培训机构.shp"},"geometry":{"type":"Point","coordinates":[121.425692,31.25066]}},{"id":"2041","type":"Feature","properties":{"id":"B0FFGY3SBU","name":"柏斯艺术专修学校","address":"中山北路1961号","type":"科教文化服务;培训机构;培训机构","typecode":"141400","pcode":310000,"pname":"上海市","citycode":21,"cityname":"上海市","adcode":310107,"adname":"普陀区","business_a":"光新","location":"121.430230,31.248844","tel":"[]","bigType":"科教文化服务","midType":"培训机构","smallType":"培训机构","gcj_lng":121.43023,"gcj_lat":31.248844,"wgs84_loc":"121.425598,31.250688","wgs84Lng":"121.425598","wgs84Lat":"31.250688","__source_file__":"13-常用公服设施点/SHP/上海市_培训机构.shp"},"geometry":{"type":"Point","coordinates":[121.425598,31.250688]}},{"id":"17491","type":"Feature","properties":{"id":"B0HDXP8N35","name":"小崔上岸自习室","address":"镇坪路81弄","type":"科教文化服务;培训机构;培训机构","typecode":"141400","pcode":310000,"pname":"上海市","citycode":21,"cityname":"上海市","adcode":310107,"adname":"普陀区","business_a":"光新","location":"121.428091,31.249974","tel":"[]","bigType":"科教文化服务","midType":"培训机构","smallType":"培训机构","gcj_lng":121.428091,"gcj_lat":31.249974,"wgs84_loc":"121.423456,31.251815","wgs84Lng":"121.423456","wgs84Lat":"31.251815","__source_file__":"13-常用公服设施点/SHP/上海市_培训机构.shp"},"geometry":{"type":"Point","coordinates":[121.423456,31.251815]}},{"id":"12994","type":"Feature","properties":{"id":"B0FFM0RV77","name":"博玖集团","address":"中山北路2000号","type":"科教文化服务;培训机构;培训机构","typecode":"141400","pcode":310000,"pname":"上海市","citycode":21,"cityname":"上海市","adcode":310107,"adname":"普陀区","business_a":"光新","location":"121.431929,31.248849","tel":"18375704876","bigType":"科教文化服务","midType":"培训机构","smallType":"培训机构","gcj_lng":121.431929,"gcj_lat":31.248849,"wgs84_loc":"121.4273,31.250695","wgs84Lng":"121.4273","wgs84Lat":"31.250695","__source_file__":"13-常用公服设施点/SHP/上海市_培训机构.shp"},"geometry":{"type":"Point","coordinates":[121.4273,31.250695]}},{"id":"1610","type":"Feature","properties":{"id":"B0G39UNZCB","name":"BONNIE动漫游戏设计工作室","address":"凯旋北路与光新路交叉口西约80米","type":"科教文化服务;培训机构;培训机构","typecode":"141400","pcode":310000,"pname":"上海市","citycode":21,"cityname":"上海市","adcode":310107,"adname":"普陀区","business_a":"光新","location":"121.432478,31.249368","tel":"[]","bigType":"科教文化服务","midType":"培训机构","smallType":"培训机构","gcj_lng":121.432478,"gcj_lat":31.249368,"wgs84_loc":"121.427849,31.251215","wgs84Lng":"121.427849","wgs84Lat":"31.251215","__source_file__":"13-常用公服设施点/SHP/上海市_培训机构.shp"},"geometry":{"type":"Point","coordinates":[121.427849,31.251215]}},{"id":"1971","type":"Feature","properties":{"id":"B0GK1HWRTM","name":"左大造价培训","address":"光新路88号","type":"科教文化服务;培训机构;培训机构","typecode":"141400","pcode":310000,"pname":"上海市","citycode":21,"cityname":"上海市","adcode":310107,"adname":"普陀区","business_a":"光新","location":"121.432968,31.251090","tel":"021-56567688;13918289058","bigType":"科教文化服务","midType":"培训机构","smallType":"培训机构","gcj_lng":121.432968,"gcj_lat":31.25109,"wgs84_loc":"121.42834,31.252937","wgs84Lng":"121.42834","wgs84Lat":"31.252937","__source_file__":"13-常用公服设施点/SHP/上海市_培训机构.shp"},"geometry":{"type":"Point","coordinates":[121.42834,31.252937]}},{"id":"13486","type":"Feature","properties":{"id":"B0FFJ1K51A","name":"枫林湾钢琴工作室","address":"光新路与中山北路交叉路口往西北约50米(光新大楼)","type":"科教文化服务;培训机构;培训机构","typecode":"141400","pcode":310000,"pname":"上海市","citycode":21,"cityname":"上海市","adcode":310107,"adname":"普陀区","business_a":"光新","location":"121.431707,31.251238","tel":"13701823777","bigType":"科教文化服务","midType":"培训机构","smallType":"培训机构","gcj_lng":121.431707,"gcj_lat":31.251238,"wgs84_loc":"121.427077,31.253083","wgs84Lng":"121.427077","wgs84Lat":"31.253083","__source_file__":"13-常用公服设施点/SHP/上海市_培训机构.shp"},"geometry":{"type":"Point","coordinates":[121.427077,31.253083]}},{"id":"17527","type":"Feature","properties":{"id":"B0G3AYB6UI","name":"飞童艺术中心·钢琴·声乐·舞蹈·主持","address":"中山北路与光新路交叉口东北140米","type":"科教文化服务;培训机构;培训机构","typecode":"141400","pcode":310000,"pname":"上海市","citycode":21,"cityname":"上海市","adcode":310107,"adname":"普陀区","business_a":"光新","location":"121.433711,31.251467","tel":"[]","bigType":"科教文化服务","midType":"培训机构","smallType":"培训机构","gcj_lng":121.433711,"gcj_lat":31.251467,"wgs84_loc":"121.429084,31.253315","wgs84Lng":"121.429084","wgs84Lat":"31.253315","__source_file__":"13-常用公服设施点/SHP/上海市_培训机构.shp"},"geometry":{"type":"Point","coordinates":[121.429084,31.253315]}},{"id":"14452","type":"Feature","properties":{"id":"B0FFI740NJ","name":"上海梵玛西皮肤管理培训中心","address":"中山北路1777号飞洲时代大厦3楼","type":"科教文化服务;培训机构;培训机构","typecode":"141400","pcode":310000,"pname":"上海市","citycode":21,"cityname":"上海市","adcode":310107,"adname":"普陀区","business_a":"光新","location":"121.433571,31.251480","tel":"[]","bigType":"科教文化服务","midType":"培训机构","smallType":"培训机构","gcj_lng":121.433571,"gcj_lat":31.25148,"wgs84_loc":"121.428944,31.253327","wgs84Lng":"121.428944","wgs84Lat":"31.253327","__source_file__":"13-常用公服设施点/SHP/上海市_培训机构.shp"},"geometry":{"type":"Point","coordinates":[121.428944,31.253327]}},{"id":"16421","type":"Feature","properties":{"id":"B0FFG7CQKE","name":"上海教育中心","address":"中山北路1777号中国德力西大厦807室","type":"科教文化服务;培训机构;培训机构","typecode":"141400","pcode":310000,"pname":"上海市","citycode":21,"cityname":"上海市","adcode":310107,"adname":"普陀区","business_a":"光新","location":"121.433472,31.251527","tel":"021-33608369","bigType":"科教文化服务","midType":"培训机构","smallType":"培训机构","gcj_lng":121.433472,"gcj_lat":31.251527,"wgs84_loc":"121.428845,31.253374","wgs84Lng":"121.428845","wgs84Lat":"31.253374","__source_file__":"13-常用公服设施点/SHP/上海市_培训机构.shp"},"geometry":{"type":"Point","coordinates":[121.428845,31.253374]}},{"id":"2103","type":"Feature","properties":{"id":"B0FFG8GMV8","name":"飞童凡响艺术学校(普陀飞洲校区)","address":"中山北路1777号飞洲时代大厦2楼202室","type":"科教文化服务;培训机构;培训机构","typecode":"141400","pcode":310000,"pname":"上海市","citycode":21,"cityname":"上海市","adcode":310107,"adname":"普陀区","business_a":"光新","location":"121.433798,31.251542","tel":"[]","bigType":"科教文化服务","midType":"培训机构","smallType":"培训机构","gcj_lng":121.433798,"gcj_lat":31.251542,"wgs84_loc":"121.429171,31.25339","wgs84Lng":"121.429171","wgs84Lat":"31.25339","__source_file__":"13-常用公服设施点/SHP/上海市_培训机构.shp"},"geometry":{"type":"Point","coordinates":[121.429171,31.25339]}},{"id":"1996","type":"Feature","properties":{"id":"B0HDMRW73C","name":"麒麟教育(光新路校区）","address":"光新路173号2层","type":"科教文化服务;培训机构;培训机构","typecode":"141400","pcode":310000,"pname":"上海市","citycode":21,"cityname":"上海市","adcode":310107,"adname":"普陀区","business_a":"光新","location":"121.431795,31.251575","tel":"13764255434","bigType":"科教文化服务","midType":"培训机构","smallType":"培训机构","gcj_lng":121.431795,"gcj_lat":31.251575,"wgs84_loc":"121.427165,31.25342","wgs84Lng":"121.427165","wgs84Lat":"31.25342","__source_file__":"13-常用公服设施点/SHP/上海市_培训机构.shp"},"geometry":{"type":"Point","coordinates":[121.427165,31.25342]}},{"id":"17489","type":"Feature","properties":{"id":"B0H2RD33Z1","name":"金榜题名自习室","address":"中山北路1759号浦发广场D座12层1213室","type":"科教文化服务;培训机构;培训机构","typecode":"141400","pcode":310000,"pname":"上海市","citycode":21,"cityname":"上海市","adcode":310107,"adname":"普陀区","business_a":"光新","location":"121.434031,31.251964","tel":"13248232113","bigType":"科教文化服务","midType":"培训机构","smallType":"培训机构","gcj_lng":121.434031,"gcj_lat":31.251964,"wgs84_loc":"121.429405,31.253812","wgs84Lng":"121.429405","wgs84Lat":"31.253812","__source_file__":"13-常用公服设施点/SHP/上海市_培训机构.shp"},"geometry":{"type":"Point","coordinates":[121.429405,31.253812]}},{"id":"1958","type":"Feature","properties":{"id":"B0I6YCR47W","name":"早木音乐艺术中心","address":"中山北路1759号浦发广场D座1410室","type":"科教文化服务;培训机构;培训机构","typecode":"141400","pcode":310000,"pname":"上海市","citycode":21,"cityname":"上海市","adcode":310107,"adname":"普陀区","business_a":"光新","location":"121.433872,31.251975","tel":"13671935418","bigType":"科教文化服务","midType":"培训机构","smallType":"培训机构","gcj_lng":121.433872,"gcj_lat":31.251975,"wgs84_loc":"121.429245,31.253823","wgs84Lng":"121.429245","wgs84Lat":"31.253823","__source_file__":"13-常用公服设施点/SHP/上海市_培训机构.shp"},"geometry":{"type":"Point","coordinates":[121.429245,31.253823]}},{"id":"1999","type":"Feature","properties":{"id":"B0H6ORSSLA","name":"示学教育学历提升咨询中心","address":"中山北路1759号浦发广场D座1801室","type":"科教文化服务;培训机构;培训机构","typecode":"141400","pcode":310000,"pname":"上海市","citycode":21,"cityname":"上海市","adcode":310107,"adname":"普陀区","business_a":"光新","location":"121.434047,31.252231","tel":"19921384205","bigType":"科教文化服务","midType":"培训机构","smallType":"培训机构","gcj_lng":121.434047,"gcj_lat":31.252231,"wgs84_loc":"121.429421,31.254079","wgs84Lng":"121.429421","wgs84Lat":"31.254079","__source_file__":"13-常用公服设施点/SHP/上海市_培训机构.shp"},"geometry":{"type":"Point","coordinates":[121.429421,31.254079]}},{"id":"1988","type":"Feature","properties":{"id":"B0HU2CTR4S","name":"宬未文化","address":"中山北路1759号浦发广场D座2001-02室","type":"科教文化服务;培训机构;培训机构","typecode":"141400","pcode":310000,"pname":"上海市","citycode":21,"cityname":"上海市","adcode":310107,"adname":"普陀区","business_a":"光新","location":"121.433825,31.252390","tel":"[]","bigType":"科教文化服务","midType":"培训机构","smallType":"培训机构","gcj_lng":121.433825,"gcj_lat":31.25239,"wgs84_loc":"121.429198,31.254237","wgs84Lng":"121.429198","wgs84Lat":"31.254237","__source_file__":"13-常用公服设施点/SHP/上海市_培训机构.shp"},"geometry":{"type":"Point","coordinates":[121.429198,31.254237]}},{"id":"16919","type":"Feature","properties":{"id":"B0HAJ63M6U","name":"凯启教育","address":"中山北路1737号浦发广场E座1403室","type":"科教文化服务;培训机构;培训机构","typecode":"141400","pcode":310000,"pname":"上海市","citycode":21,"cityname":"上海市","adcode":310107,"adname":"普陀区","business_a":"大宁路","location":"121.434409,31.252413","tel":"[]","bigType":"科教文化服务","midType":"培训机构","smallType":"培训机构","gcj_lng":121.434409,"gcj_lat":31.252413,"wgs84_loc":"121.429783,31.254261","wgs84Lng":"121.429783","wgs84Lat":"31.254261","__source_file__":"13-常用公服设施点/SHP/上海市_培训机构.shp"},"geometry":{"type":"Point","coordinates":[121.429783,31.254261]}},{"id":"2196","type":"Feature","properties":{"id":"B0FFHWL0F6","name":"上海米兰花艺培训学校","address":"中山北路1715号浦发广场E座2408室","type":"科教文化服务;培训机构;培训机构","typecode":"141400","pcode":310000,"pname":"上海市","citycode":21,"cityname":"上海市","adcode":310107,"adname":"普陀区","business_a":"大宁路","location":"121.434328,31.252517","tel":"[]","bigType":"科教文化服务","midType":"培训机构","smallType":"培训机构","gcj_lng":121.434328,"gcj_lat":31.252517,"wgs84_loc":"121.429702,31.254365","wgs84Lng":"121.429702","wgs84Lat":"31.254365","__source_file__":"13-常用公服设施点/SHP/上海市_培训机构.shp"},"geometry":{"type":"Point","coordinates":[121.429702,31.254365]}},{"id":"2198","type":"Feature","properties":{"id":"B0FFHLTAVN","name":"秋丹枫幼儿园-普陀教育","address":"光新路168号附近","type":"科教文化服务;培训机构;培训机构","typecode":"141400","pcode":310000,"pname":"上海市","citycode":21,"cityname":"上海市","adcode":310107,"adname":"普陀区","business_a":"大宁路","location":"121.432499,31.252568","tel":"[]","bigType":"科教文化服务","midType":"培训机构","smallType":"培训机构","gcj_lng":121.432499,"gcj_lat":31.252568,"wgs84_loc":"121.42787,31.254413","wgs84Lng":"121.42787","wgs84Lat":"31.254413","__source_file__":"13-常用公服设施点/SHP/上海市_培训机构.shp"},"geometry":{"type":"Point","coordinates":[121.42787,31.254413]}},{"id":"15987","type":"Feature","properties":{"id":"B0FFMAUKQ5","name":"LIZARD现代音乐学院(Mostudy香溢店)","address":"石泉东路60号(3/4号线中潭路2号口400米左右)","type":"科教文化服务;培训机构;培训机构","typecode":"141400","pcode":310000,"pname":"上海市","citycode":21,"cityname":"上海市","adcode":310107,"adname":"普陀区","business_a":"大宁路","location":"121.435831,31.254085","tel":"[]","bigType":"科教文化服务","midType":"培训机构","smallType":"培训机构","gcj_lng":121.435831,"gcj_lat":31.254085,"wgs84_loc":"121.431208,31.255934","wgs84Lng":"121.431208","wgs84Lat":"31.255934","__source_file__":"13-常用公服设施点/SHP/上海市_培训机构.shp"},"geometry":{"type":"Point","coordinates":[121.431208,31.255934]}},{"id":"2115","type":"Feature","properties":{"id":"B0FFJI6AHJ","name":"Mo Study未来教育中心(香溢花城校区)","address":"石泉东路60号","type":"科教文化服务;培训机构;培训机构","typecode":"141400","pcode":310000,"pname":"上海市","citycode":21,"cityname":"上海市","adcode":310107,"adname":"普陀区","business_a":"光新","location":"121.436174,31.254393","tel":"021-52580608","bigType":"科教文化服务","midType":"培训机构","smallType":"培训机构","gcj_lng":121.436174,"gcj_lat":31.254393,"wgs84_loc":"121.431551,31.256243","wgs84Lng":"121.431551","wgs84Lat":"31.256243","__source_file__":"13-常用公服设施点/SHP/上海市_培训机构.shp"},"geometry":{"type":"Point","coordinates":[121.431551,31.256243]}},{"id":"15854","type":"Feature","properties":{"id":"B0FFM1EJGT","name":"上海学而思中潭路服务中心","address":"石泉东路168弄46号2楼","type":"科教文化服务;培训机构;培训机构","typecode":"141400","pcode":310000,"pname":"上海市","citycode":21,"cityname":"上海市","adcode":310107,"adname":"普陀区","business_a":"大宁路","location":"121.436056,31.254547","tel":"[]","bigType":"科教文化服务","midType":"培训机构","smallType":"培训机构","gcj_lng":121.436056,"gcj_lat":31.254547,"wgs84_loc":"121.431433,31.256397","wgs84Lng":"121.431433","wgs84Lat":"31.256397","__source_file__":"13-常用公服设施点/SHP/上海市_培训机构.shp"},"geometry":{"type":"Point","coordinates":[121.431433,31.256397]}},{"id":"1951","type":"Feature","properties":{"id":"B0FFLF7ACE","name":"英点国际青少儿发展中心","address":"石泉东路256号融创精彩天地-上海香溢3层","type":"科教文化服务;培训机构;培训机构","typecode":"141400","pcode":310000,"pname":"上海市","citycode":21,"cityname":"上海市","adcode":310107,"adname":"普陀区","business_a":"大宁路","location":"121.432081,31.254567","tel":"[]","bigType":"科教文化服务","midType":"培训机构","smallType":"培训机构","gcj_lng":121.432081,"gcj_lat":31.254567,"wgs84_loc":"121.427451,31.256411","wgs84Lng":"121.427451","wgs84Lat":"31.256411","__source_file__":"13-常用公服设施点/SHP/上海市_培训机构.shp"},"geometry":{"type":"Point","coordinates":[121.427451,31.256411]}},{"id":"2051","type":"Feature","properties":{"id":"B0G3SOY3W4","name":"罗兰数字音乐教育(光新校区)","address":"石泉东路254号融创精彩天地商场B座2楼224室","type":"科教文化服务;培训机构;培训机构","typecode":"141400","pcode":310000,"pname":"上海市","citycode":21,"cityname":"上海市","adcode":310107,"adname":"普陀区","business_a":"光新","location":"121.432322,31.254664","tel":"4008207780","bigType":"科教文化服务","midType":"培训机构","smallType":"培训机构","gcj_lng":121.432322,"gcj_lat":31.254664,"wgs84_loc":"121.427693,31.256508","wgs84Lng":"121.427693","wgs84Lat":"31.256508","__source_file__":"13-常用公服设施点/SHP/上海市_培训机构.shp"},"geometry":{"type":"Point","coordinates":[121.427693,31.256508]}},{"id":"2219","type":"Feature","properties":{"id":"B0GD0M6UHZ","name":"国子学堂(融创精彩天地上海香溢)","address":"石泉东路254号2楼210-212室","type":"科教文化服务;培训机构;培训机构","typecode":"141400","pcode":310000,"pname":"上海市","citycode":21,"cityname":"上海市","adcode":310107,"adname":"普陀区","business_a":"光新","location":"121.432341,31.254674","tel":"15821128711","bigType":"科教文化服务","midType":"培训机构","smallType":"培训机构","gcj_lng":121.432341,"gcj_lat":31.254674,"wgs84_loc":"121.427712,31.256518","wgs84Lng":"121.427712","wgs84Lat":"31.256518","__source_file__":"13-常用公服设施点/SHP/上海市_培训机构.shp"},"geometry":{"type":"Point","coordinates":[121.427712,31.256518]}},{"id":"2060","type":"Feature","properties":{"id":"B0H23OSC08","name":"培恩","address":"石泉东路融创精彩天地B区-1F-250号","type":"科教文化服务;培训机构;培训机构","typecode":"141400","pcode":310000,"pname":"上海市","citycode":21,"cityname":"上海市","adcode":310107,"adname":"普陀区","business_a":"光新","location":"121.432116,31.254701","tel":"[]","bigType":"科教文化服务","midType":"培训机构","smallType":"培训机构","gcj_lng":121.432116,"gcj_lat":31.254701,"wgs84_loc":"121.427486,31.256545","wgs84Lng":"121.427486","wgs84Lat":"31.256545","__source_file__":"13-常用公服设施点/SHP/上海市_培训机构.shp"},"geometry":{"type":"Point","coordinates":[121.427486,31.256545]}},{"id":"122","type":"Feature","properties":{"id":"B0G0C4S41B","name":"木心源艺术","address":"石泉东路与光新路交叉口北约120米","type":"科教文化服务;培训机构;培训机构","typecode":"141400","pcode":310000,"pname":"上海市","citycode":21,"cityname":"上海市","adcode":310107,"adname":"普陀区","business_a":"大宁路","location":"121.431934,31.255026","tel":"[]","bigType":"科教文化服务","midType":"培训机构","smallType":"培训机构","gcj_lng":121.431934,"gcj_lat":31.255026,"wgs84_loc":"121.427304,31.25687","wgs84Lng":"121.427304","wgs84Lat":"31.25687","__source_file__":"13-常用公服设施点/SHP/上海市_培训机构.shp"},"geometry":{"type":"Point","coordinates":[121.427304,31.25687]}},{"id":"1819","type":"Feature","properties":{"id":"B0HBOGKFUB","name":"昂立少儿教育","address":"融创香溢天地2层","type":"科教文化服务;培训机构;培训机构","typecode":"141400","pcode":310000,"pname":"上海市","citycode":21,"cityname":"上海市","adcode":310107,"adname":"普陀区","business_a":"光新","location":"121.431517,31.255145","tel":"4008816118","bigType":"科教文化服务","midType":"培训机构","smallType":"培训机构","gcj_lng":121.431517,"gcj_lat":31.255145,"wgs84_loc":"121.426886,31.256988","wgs84Lng":"121.426886","wgs84Lat":"31.256988","__source_file__":"13-常用公服设施点/SHP/上海市_培训机构.shp"},"geometry":{"type":"Point","coordinates":[121.426886,31.256988]}},{"id":"1826","type":"Feature","properties":{"id":"B0G231FPDS","name":"MV舞蹈教室(普陀精彩天地店)","address":"石泉东路254号精彩天地323室","type":"科教文化服务;培训机构;培训机构","typecode":"141400","pcode":310000,"pname":"上海市","citycode":21,"cityname":"上海市","adcode":310107,"adname":"普陀区","business_a":"光新","location":"121.431558,31.255230","tel":"13671798635;13564732527","bigType":"科教文化服务","midType":"培训机构","smallType":"培训机构","gcj_lng":121.431558,"gcj_lat":31.25523,"wgs84_loc":"121.426927,31.257073","wgs84Lng":"121.426927","wgs84Lat":"31.257073","__source_file__":"13-常用公服设施点/SHP/上海市_培训机构.shp"},"geometry":{"type":"Point","coordinates":[121.426927,31.257073]}},{"id":"1727","type":"Feature","properties":{"id":"B0GDHL281J","name":"伯格曼儿童运动成长中心(融创天地校区)","address":"石泉东路254号301室","type":"科教文化服务;培训机构;培训机构","typecode":"141400","pcode":310000,"pname":"上海市","citycode":21,"cityname":"上海市","adcode":310107,"adname":"普陀区","business_a":"光新","location":"121.433017,31.255259","tel":"021-61073136","bigType":"科教文化服务","midType":"培训机构","smallType":"培训机构","gcj_lng":121.433017,"gcj_lat":31.255259,"wgs84_loc":"121.428389,31.257104","wgs84Lng":"121.428389","wgs84Lat":"31.257104","__source_file__":"13-常用公服设施点/SHP/上海市_培训机构.shp"},"geometry":{"type":"Point","coordinates":[121.428389,31.257104]}},{"id":"1991","type":"Feature","properties":{"id":"B0HRBCYIIY","name":"缤刻艺术(普陀香溢校区)","address":"石泉东路254号融创精彩天地B区2楼223室","type":"科教文化服务;培训机构;培训机构","typecode":"141400","pcode":310000,"pname":"上海市","citycode":21,"cityname":"上海市","adcode":310107,"adname":"普陀区","business_a":"光新","location":"121.431831,31.255278","tel":"18017716580","bigType":"科教文化服务","midType":"培训机构","smallType":"培训机构","gcj_lng":121.431831,"gcj_lat":31.255278,"wgs84_loc":"121.427201,31.257121","wgs84Lng":"121.427201","wgs84Lat":"31.257121","__source_file__":"13-常用公服设施点/SHP/上海市_培训机构.shp"},"geometry":{"type":"Point","coordinates":[121.427201,31.257121]}},{"id":"1977","type":"Feature","properties":{"id":"B0FFM18H21","name":"PENN培恩少儿英语(石泉东路校区)","address":"宜川路街道石泉东路254号香溢b幢201号","type":"科教文化服务;培训机构;培训机构","typecode":"141400","pcode":310000,"pname":"上海市","citycode":21,"cityname":"上海市","adcode":310107,"adname":"普陀区","business_a":"大宁路","location":"121.432996,31.255304","tel":"021-61231523;021-61231525","bigType":"科教文化服务","midType":"培训机构","smallType":"培训机构","gcj_lng":121.432996,"gcj_lat":31.255304,"wgs84_loc":"121.428368,31.257149","wgs84Lng":"121.428368","wgs84Lat":"31.257149","__source_file__":"13-常用公服设施点/SHP/上海市_培训机构.shp"},"geometry":{"type":"Point","coordinates":[121.428368,31.257149]}},{"id":"2381","type":"Feature","properties":{"id":"B0H0J7XPSU","name":"培恩儿童成长中心(石泉东路校区)","address":"[]","type":"科教文化服务;培训机构;培训机构","typecode":"141400","pcode":310000,"pname":"上海市","citycode":21,"cityname":"上海市","adcode":310107,"adname":"普陀区","business_a":"光新","location":"121.433163,31.255378","tel":"[]","bigType":"科教文化服务","midType":"培训机构","smallType":"培训机构","gcj_lng":121.433163,"gcj_lat":31.255378,"wgs84_loc":"121.428535,31.257223","wgs84Lng":"121.428535","wgs84Lat":"31.257223","__source_file__":"13-常用公服设施点/SHP/上海市_培训机构.shp"},"geometry":{"type":"Point","coordinates":[121.428535,31.257223]}},{"id":"5665","type":"Feature","properties":{"id":"B0FFIR34N1","name":"朴真国学","address":"江宁路838号富容大厦3楼","type":"科教文化服务;培训机构;培训机构","typecode":"141400","pcode":310000,"pname":"上海市","citycode":21,"cityname":"上海市","adcode":310106,"adname":"静安区","business_a":"曹家渡","location":"121.447759,31.240159","tel":"021-52861706;4008874887","bigType":"科教文化服务","midType":"培训机构","smallType":"培训机构","gcj_lng":121.447759,"gcj_lat":31.240159,"wgs84_loc":"121.443161,31.242035","wgs84Lng":"121.443161","wgs84Lat":"31.242035","__source_file__":"13-常用公服设施点/SHP/上海市_培训机构.shp"},"geometry":{"type":"Point","coordinates":[121.443161,31.242035]}},{"id":"5728","type":"Feature","properties":{"id":"B0GUT7IQ0L","name":"仁上人·专业教托","address":"江宁路838号富容大厦3楼313-317室","type":"科教文化服务;培训机构;培训机构","typecode":"141400","pcode":310000,"pname":"上海市","citycode":21,"cityname":"上海市","adcode":310106,"adname":"静安区","business_a":"曹家渡","location":"121.447789,31.240165","tel":"13564728766","bigType":"科教文化服务","midType":"培训机构","smallType":"培训机构","gcj_lng":121.447789,"gcj_lat":31.240165,"wgs84_loc":"121.443192,31.242041","wgs84Lng":"121.443192","wgs84Lat":"31.242041","__source_file__":"13-常用公服设施点/SHP/上海市_培训机构.shp"},"geometry":{"type":"Point","coordinates":[121.443192,31.242041]}},{"id":"1707","type":"Feature","properties":{"id":"B0FFHUJ8U3","name":"新东方(昌化路校区)","address":"昌化路745号4楼","type":"科教文化服务;培训机构;培训机构","typecode":"141400","pcode":310000,"pname":"上海市","citycode":21,"cityname":"上海市","adcode":310107,"adname":"普陀区","business_a":"曹家渡","location":"121.446322,31.241833","tel":"4007021021","bigType":"科教文化服务","midType":"培训机构","smallType":"培训机构","gcj_lng":121.446322,"gcj_lat":31.241833,"wgs84_loc":"121.441721,31.243706","wgs84Lng":"121.441721","wgs84Lat":"31.243706","__source_file__":"13-常用公服设施点/SHP/上海市_培训机构.shp"},"geometry":{"type":"Point","coordinates":[121.441721,31.243706]}},{"id":"2356","type":"Feature","properties":{"id":"B0HUGUS50C","name":"小风音乐","address":"江宁路1165号圣天地商务302室(近13号线江宁路站,7号线长寿路站)","type":"科教文化服务;培训机构;培训机构","typecode":"141400","pcode":310000,"pname":"上海市","citycode":21,"cityname":"上海市","adcode":310107,"adname":"普陀区","business_a":"曹家渡","location":"121.443595,31.243551","tel":"[]","bigType":"科教文化服务","midType":"培训机构","smallType":"培训机构","gcj_lng":121.443595,"gcj_lat":31.243551,"wgs84_loc":"121.438988,31.245418","wgs84Lng":"121.438988","wgs84Lat":"31.245418","__source_file__":"13-常用公服设施点/SHP/上海市_培训机构.shp"},"geometry":{"type":"Point","coordinates":[121.438988,31.245418]}},{"id":"2312","type":"Feature","properties":{"id":"B0HK5CLZLF","name":"白小鲸能力语文","address":"大场镇真华路928弄大华虎城第三空间1楼139号","type":"科教文化服务;培训机构;培训机构","typecode":"141400","pcode":310000,"pname":"上海市","citycode":21,"cityname":"上海市","adcode":310107,"adname":"普陀区","business_a":"曹家渡","location":"121.443504,31.243562","tel":"[]","bigType":"科教文化服务","midType":"培训机构","smallType":"培训机构","gcj_lng":121.443504,"gcj_lat":31.243562,"wgs84_loc":"121.438897,31.245429","wgs84Lng":"121.438897","wgs84Lat":"31.245429","__source_file__":"13-常用公服设施点/SHP/上海市_培训机构.shp"},"geometry":{"type":"Point","coordinates":[121.438897,31.245429]}},{"id":"2406","type":"Feature","properties":{"id":"B0FFIITGHD","name":"ShowTime日式美甲美睫培训学院","address":"江宁路1165号圣天地商务楼512室","type":"科教文化服务;培训机构;培训机构","typecode":"141400","pcode":310000,"pname":"上海市","citycode":21,"cityname":"上海市","adcode":310107,"adname":"普陀区","business_a":"曹家渡","location":"121.443503,31.243592","tel":"17621767527","bigType":"科教文化服务","midType":"培训机构","smallType":"培训机构","gcj_lng":121.443503,"gcj_lat":31.243592,"wgs84_loc":"121.438896,31.245459","wgs84Lng":"121.438896","wgs84Lat":"31.245459","__source_file__":"13-常用公服设施点/SHP/上海市_培训机构.shp"},"geometry":{"type":"Point","coordinates":[121.438896,31.245459]}},{"id":"1901","type":"Feature","properties":{"id":"B0FFJ1IQC5","name":"梵荣茶林","address":"江宁路1165号圣天地商务楼","type":"科教文化服务;培训机构;培训机构","typecode":"141400","pcode":310000,"pname":"上海市","citycode":21,"cityname":"上海市","adcode":310107,"adname":"普陀区","business_a":"曹家渡","location":"121.443552,31.243592","tel":"13816795772","bigType":"科教文化服务","midType":"培训机构","smallType":"培训机构","gcj_lng":121.443552,"gcj_lat":31.243592,"wgs84_loc":"121.438945,31.245459","wgs84Lng":"121.438945","wgs84Lat":"31.245459","__source_file__":"13-常用公服设施点/SHP/上海市_培训机构.shp"},"geometry":{"type":"Point","coordinates":[121.438945,31.245459]}},{"id":"15690","type":"Feature","properties":{"id":"B0FFKV9H05","name":"MKUP台湾美学社彩妆化妆教学","address":"江宁路1165号圣天地商务楼1610室(13号线江宁路地铁3号口)","type":"科教文化服务;培训机构;培训机构","typecode":"141400","pcode":310000,"pname":"上海市","citycode":21,"cityname":"上海市","adcode":310107,"adname":"普陀区","business_a":"曹家渡","location":"121.443448,31.243653","tel":"18668595589","bigType":"科教文化服务","midType":"培训机构","smallType":"培训机构","gcj_lng":121.443448,"gcj_lat":31.243653,"wgs84_loc":"121.438841,31.24552","wgs84Lng":"121.438841","wgs84Lat":"31.24552","__source_file__":"13-常用公服设施点/SHP/上海市_培训机构.shp"},"geometry":{"type":"Point","coordinates":[121.438841,31.24552]}},{"id":"18268","type":"Feature","properties":{"id":"B0I2LD4B92","name":"诺趣文化","address":"江宁路1158号友力国际大厦F21层(江宁路地铁站3号口旁)","type":"科教文化服务;培训机构;培训机构","typecode":"141400","pcode":310000,"pname":"上海市","citycode":21,"cityname":"上海市","adcode":310107,"adname":"普陀区","business_a":"曹家渡","location":"121.444518,31.243766","tel":"[]","bigType":"科教文化服务","midType":"培训机构","smallType":"培训机构","gcj_lng":121.444518,"gcj_lat":31.243766,"wgs84_loc":"121.439913,31.245634","wgs84Lng":"121.439913","wgs84Lat":"31.245634","__source_file__":"13-常用公服设施点/SHP/上海市_培训机构.shp"},"geometry":{"type":"Point","coordinates":[121.439913,31.245634]}},{"id":"1700","type":"Feature","properties":{"id":"B0FFG8I4EZ","name":"佰明教育","address":"长寿路76号3楼(近江宁路)","type":"科教文化服务;培训机构;培训机构","typecode":"141400","pcode":310000,"pname":"上海市","citycode":21,"cityname":"上海市","adcode":310107,"adname":"普陀区","business_a":"光新","location":"121.444301,31.244496","tel":"021-52200331","bigType":"科教文化服务","midType":"培训机构","smallType":"培训机构","gcj_lng":121.444301,"gcj_lat":31.244496,"wgs84_loc":"121.439695,31.246364","wgs84Lng":"121.439695","wgs84Lat":"31.246364","__source_file__":"13-常用公服设施点/SHP/上海市_培训机构.shp"},"geometry":{"type":"Point","coordinates":[121.439695,31.246364]}},{"id":"14453","type":"Feature","properties":{"id":"B0FFHIQ9IE","name":"瑞思学科英语(长寿路189中心)","address":"长寿路189号189弄购物中心L3层L302、L305B、L306lL307","type":"科教文化服务;培训机构;培训机构","typecode":"141400","pcode":310000,"pname":"上海市","citycode":21,"cityname":"上海市","adcode":310107,"adname":"普陀区","business_a":"曹家渡","location":"121.440436,31.242093","tel":"4006101100","bigType":"科教文化服务","midType":"培训机构","smallType":"培训机构","gcj_lng":121.440436,"gcj_lat":31.242093,"wgs84_loc":"121.435822,31.243955","wgs84Lng":"121.435822","wgs84Lat":"31.243955","__source_file__":"13-常用公服设施点/SHP/上海市_培训机构.shp"},"geometry":{"type":"Point","coordinates":[121.435822,31.243955]}},{"id":"6372","type":"Feature","properties":{"id":"B0HG0SWQSX","name":"英士博(189弄购物中心)","address":"长寿路189号189弄购物中心L2层L215、L216、L217、L218、L219","type":"科教文化服务;培训机构;培训机构","typecode":"141400","pcode":310000,"pname":"上海市","citycode":21,"cityname":"上海市","adcode":310107,"adname":"普陀区","business_a":"曹家渡","location":"121.440840,31.242196","tel":"021-62780399","bigType":"科教文化服务","midType":"培训机构","smallType":"培训机构","gcj_lng":121.44084,"gcj_lat":31.242196,"wgs84_loc":"121.436227,31.244059","wgs84Lng":"121.436227","wgs84Lat":"31.244059","__source_file__":"13-常用公服设施点/SHP/上海市_培训机构.shp"},"geometry":{"type":"Point","coordinates":[121.436227,31.244059]}},{"id":"2081","type":"Feature","properties":{"id":"B0FFHO79BG","name":"杨梅红私立美校(上海189弄教学中心)","address":"长寿路西康189弄购物中心3层","type":"科教文化服务;培训机构;培训机构","typecode":"141400","pcode":310000,"pname":"上海市","citycode":21,"cityname":"上海市","adcode":310107,"adname":"普陀区","business_a":"曹家渡","location":"121.440837,31.242198","tel":"021-60831004","bigType":"科教文化服务","midType":"培训机构","smallType":"培训机构","gcj_lng":121.440837,"gcj_lat":31.242198,"wgs84_loc":"121.436224,31.244061","wgs84Lng":"121.436224","wgs84Lat":"31.244061","__source_file__":"13-常用公服设施点/SHP/上海市_培训机构.shp"},"geometry":{"type":"Point","coordinates":[121.436224,31.244061]}},{"id":"1877","type":"Feature","properties":{"id":"B0FFFP9UWP","name":"百·变·创·造·力(巴黎春天百货)","address":"长寿路155号巴黎春天百货F3层","type":"科教文化服务;培训机构;培训机构","typecode":"141400","pcode":310000,"pname":"上海市","citycode":21,"cityname":"上海市","adcode":310107,"adname":"普陀区","business_a":"曹家渡","location":"121.442075,31.242221","tel":"[]","bigType":"科教文化服务","midType":"培训机构","smallType":"培训机构","gcj_lng":121.442075,"gcj_lat":31.242221,"wgs84_loc":"121.437465,31.244086","wgs84Lng":"121.437465","wgs84Lat":"31.244086","__source_file__":"13-常用公服设施点/SHP/上海市_培训机构.shp"},"geometry":{"type":"Point","coordinates":[121.437465,31.244086]}},{"id":"2207","type":"Feature","properties":{"id":"B0FFHCS2UW","name":"七田真(189弄购物中心)","address":"长寿路189号189弄购物中心L3层L301、L316","type":"科教文化服务;培训机构;培训机构","typecode":"141400","pcode":310000,"pname":"上海市","citycode":21,"cityname":"上海市","adcode":310107,"adname":"普陀区","business_a":"曹家渡","location":"121.440713,31.242302","tel":"021-60828976","bigType":"科教文化服务","midType":"培训机构","smallType":"培训机构","gcj_lng":121.440713,"gcj_lat":31.242302,"wgs84_loc":"121.4361,31.244164","wgs84Lng":"121.4361","wgs84Lat":"31.244164","__source_file__":"13-常用公服设施点/SHP/上海市_培训机构.shp"},"geometry":{"type":"Point","coordinates":[121.4361,31.244164]}},{"id":"1960","type":"Feature","properties":{"id":"B0HK5CL4XQ","name":"弘毅国学","address":"陕西路巴黎春天二楼","type":"科教文化服务;培训机构;培训机构","typecode":"141400","pcode":310000,"pname":"上海市","citycode":21,"cityname":"上海市","adcode":310107,"adname":"普陀区","business_a":"曹家渡","location":"121.441612,31.242330","tel":"[]","bigType":"科教文化服务","midType":"培训机构","smallType":"培训机构","gcj_lng":121.441612,"gcj_lat":31.24233,"wgs84_loc":"121.437001,31.244194","wgs84Lng":"121.437001","wgs84Lat":"31.244194","__source_file__":"13-常用公服设施点/SHP/上海市_培训机构.shp"},"geometry":{"type":"Point","coordinates":[121.437001,31.244194]}},{"id":"1839","type":"Feature","properties":{"id":"B0FFKESDS8","name":"上海觉群书院","address":"陕西北路1380号银座企业中心二楼(新会路陕西北路)","type":"科教文化服务;培训机构;培训机构","typecode":"141400","pcode":310000,"pname":"上海市","citycode":21,"cityname":"上海市","adcode":310107,"adname":"普陀区","business_a":"曹家渡","location":"121.442849,31.242413","tel":"021-52528588;021-52528599","bigType":"科教文化服务","midType":"培训机构","smallType":"培训机构","gcj_lng":121.442849,"gcj_lat":31.242413,"wgs84_loc":"121.43824,31.244279","wgs84Lng":"121.43824","wgs84Lat":"31.244279","__source_file__":"13-常用公服设施点/SHP/上海市_培训机构.shp"},"geometry":{"type":"Point","coordinates":[121.43824,31.244279]}},{"id":"1980","type":"Feature","properties":{"id":"B0FFHRW0DL","name":"海伦多兰英语(巴黎春天百货)","address":"长寿路155号巴黎春天百货F3层","type":"科教文化服务;培训机构;培训机构","typecode":"141400","pcode":310000,"pname":"上海市","citycode":21,"cityname":"上海市","adcode":310107,"adname":"普陀区","business_a":"曹家渡","location":"121.441509,31.242429","tel":"021-31315060","bigType":"科教文化服务","midType":"培训机构","smallType":"培训机构","gcj_lng":121.441509,"gcj_lat":31.242429,"wgs84_loc":"121.436898,31.244293","wgs84Lng":"121.436898","wgs84Lat":"31.244293","__source_file__":"13-常用公服设施点/SHP/上海市_培训机构.shp"},"geometry":{"type":"Point","coordinates":[121.436898,31.244293]}},{"id":"2119","type":"Feature","properties":{"id":"B0FFGHD7WG","name":"行知学园","address":"陕西北路1438号财富时代大厦1008室","type":"科教文化服务;培训机构;培训机构","typecode":"141400","pcode":310000,"pname":"上海市","citycode":21,"cityname":"上海市","adcode":310107,"adname":"普陀区","business_a":"曹家渡","location":"121.442286,31.242721","tel":"021-31576364;15021229686","bigType":"科教文化服务","midType":"培训机构","smallType":"培训机构","gcj_lng":121.442286,"gcj_lat":31.242721,"wgs84_loc":"121.437676,31.244586","wgs84Lng":"121.437676","wgs84Lat":"31.244586","__source_file__":"13-常用公服设施点/SHP/上海市_培训机构.shp"},"geometry":{"type":"Point","coordinates":[121.437676,31.244586]}},{"id":"12514","type":"Feature","properties":{"id":"B0FFJZNO5K","name":"上海音舞文化艺术培训中心","address":"陕西北路1355号(新会路口)巴黎春天三楼","type":"科教文化服务;培训机构;培训机构","typecode":"141400","pcode":310000,"pname":"上海市","citycode":21,"cityname":"上海市","adcode":310107,"adname":"普陀区","business_a":"曹家渡","location":"121.441430,31.242771","tel":"[]","bigType":"科教文化服务","midType":"培训机构","smallType":"培训机构","gcj_lng":121.44143,"gcj_lat":31.242771,"wgs84_loc":"121.436818,31.244634","wgs84Lng":"121.436818","wgs84Lat":"31.244634","__source_file__":"13-常用公服设施点/SHP/上海市_培训机构.shp"},"geometry":{"type":"Point","coordinates":[121.436818,31.244634]}},{"id":"1895","type":"Feature","properties":{"id":"B0FFIY4EBL","name":"环球美邦国际教育(陕西北路店)","address":"陕西北路1438号财富时代2506室","type":"科教文化服务;培训机构;培训机构","typecode":"141400","pcode":310000,"pname":"上海市","citycode":21,"cityname":"上海市","adcode":310107,"adname":"普陀区","business_a":"曹家渡","location":"121.442261,31.242788","tel":"13761441224","bigType":"科教文化服务","midType":"培训机构","smallType":"培训机构","gcj_lng":121.442261,"gcj_lat":31.242788,"wgs84_loc":"121.437651,31.244653","wgs84Lng":"121.437651","wgs84Lat":"31.244653","__source_file__":"13-常用公服设施点/SHP/上海市_培训机构.shp"},"geometry":{"type":"Point","coordinates":[121.437651,31.244653]}},{"id":"2263","type":"Feature","properties":{"id":"B0GUKSCBIZ","name":"奇材家庭教育中心","address":"陕西北路1438号财富时代大厦916室","type":"科教文化服务;培训机构;培训机构","typecode":"141400","pcode":310000,"pname":"上海市","citycode":21,"cityname":"上海市","adcode":310107,"adname":"普陀区","business_a":"曹家渡","location":"121.442359,31.242903","tel":"13166286740","bigType":"科教文化服务","midType":"培训机构","smallType":"培训机构","gcj_lng":121.442359,"gcj_lat":31.242903,"wgs84_loc":"121.437749,31.244768","wgs84Lng":"121.437749","wgs84Lat":"31.244768","__source_file__":"13-常用公服设施点/SHP/上海市_培训机构.shp"},"geometry":{"type":"Point","coordinates":[121.437749,31.244768]}},{"id":"2363","type":"Feature","properties":{"id":"B0HK5CMMH1","name":"和风教育","address":"陕西北路1438号财富时代大厦10楼","type":"科教文化服务;培训机构;培训机构","typecode":"141400","pcode":310000,"pname":"上海市","citycode":21,"cityname":"上海市","adcode":310107,"adname":"普陀区","business_a":"曹家渡","location":"121.442365,31.242912","tel":"[]","bigType":"科教文化服务","midType":"培训机构","smallType":"培训机构","gcj_lng":121.442365,"gcj_lat":31.242912,"wgs84_loc":"121.437755,31.244777","wgs84Lng":"121.437755","wgs84Lat":"31.244777","__source_file__":"13-常用公服设施点/SHP/上海市_培训机构.shp"},"geometry":{"type":"Point","coordinates":[121.437755,31.244777]}},{"id":"2121","type":"Feature","properties":{"id":"B0FFG8P2FG","name":"i掌声艺术教育中心(长寿校区)","address":"陕西北路1348号财富时代大厦2107室","type":"科教文化服务;培训机构;培训机构","typecode":"141400","pcode":310000,"pname":"上海市","citycode":21,"cityname":"上海市","adcode":310107,"adname":"普陀区","business_a":"曹家渡","location":"121.442291,31.242968","tel":"021-63803765","bigType":"科教文化服务","midType":"培训机构","smallType":"培训机构","gcj_lng":121.442291,"gcj_lat":31.242968,"wgs84_loc":"121.437681,31.244833","wgs84Lng":"121.437681","wgs84Lat":"31.244833","__source_file__":"13-常用公服设施点/SHP/上海市_培训机构.shp"},"geometry":{"type":"Point","coordinates":[121.437681,31.244833]}},{"id":"1656","type":"Feature","properties":{"id":"B0FFIAV0FH","name":"摩登大陆模特形体培训中心(普陀店)","address":"陕西北路1438号财富时代大厦8层801室","type":"科教文化服务;培训机构;培训机构","typecode":"141400","pcode":310000,"pname":"上海市","citycode":21,"cityname":"上海市","adcode":310107,"adname":"普陀区","business_a":"曹家渡","location":"121.442331,31.242972","tel":"13816181094","bigType":"科教文化服务","midType":"培训机构","smallType":"培训机构","gcj_lng":121.442331,"gcj_lat":31.242972,"wgs84_loc":"121.437721,31.244837","wgs84Lng":"121.437721","wgs84Lat":"31.244837","__source_file__":"13-常用公服设施点/SHP/上海市_培训机构.shp"},"geometry":{"type":"Point","coordinates":[121.437721,31.244837]}},{"id":"18264","type":"Feature","properties":{"id":"B0G0DP59XB","name":"Dolce多尔茨音乐工作室","address":"陕西北路1438号财富时代大厦","type":"科教文化服务;培训机构;培训机构","typecode":"141400","pcode":310000,"pname":"上海市","citycode":21,"cityname":"上海市","adcode":310107,"adname":"普陀区","business_a":"曹家渡","location":"121.442282,31.242986","tel":"[]","bigType":"科教文化服务","midType":"培训机构","smallType":"培训机构","gcj_lng":121.442282,"gcj_lat":31.242986,"wgs84_loc":"121.437672,31.244851","wgs84Lng":"121.437672","wgs84Lat":"31.244851","__source_file__":"13-常用公服设施点/SHP/上海市_培训机构.shp"},"geometry":{"type":"Point","coordinates":[121.437672,31.244851]}},{"id":"1909","type":"Feature","properties":{"id":"B0HD6DAV6J","name":"group expression","address":"陕西北路1438号财富时代大厦1427室","type":"科教文化服务;培训机构;培训机构","typecode":"141400","pcode":310000,"pname":"上海市","citycode":21,"cityname":"上海市","adcode":310107,"adname":"普陀区","business_a":"曹家渡","location":"121.442333,31.243024","tel":"18616388560","bigType":"科教文化服务","midType":"培训机构","smallType":"培训机构","gcj_lng":121.442333,"gcj_lat":31.243024,"wgs84_loc":"121.437723,31.244889","wgs84Lng":"121.437723","wgs84Lat":"31.244889","__source_file__":"13-常用公服设施点/SHP/上海市_培训机构.shp"},"geometry":{"type":"Point","coordinates":[121.437723,31.244889]}},{"id":"17495","type":"Feature","properties":{"id":"B0IGYZBKU7","name":"筑梦狮日本留学","address":"陕西北路1438号财富时代大厦1712-1716室","type":"科教文化服务;培训机构;培训机构","typecode":"141400","pcode":310000,"pname":"上海市","citycode":21,"cityname":"上海市","adcode":310107,"adname":"普陀区","business_a":"曹家渡","location":"121.442303,31.243066","tel":"021-62338231","bigType":"科教文化服务","midType":"培训机构","smallType":"培训机构","gcj_lng":121.442303,"gcj_lat":31.243066,"wgs84_loc":"121.437693,31.244931","wgs84Lng":"121.437693","wgs84Lat":"31.244931","__source_file__":"13-常用公服设施点/SHP/上海市_培训机构.shp"},"geometry":{"type":"Point","coordinates":[121.437693,31.244931]}},{"id":"17531","type":"Feature","properties":{"id":"B0FFGM63A2","name":"las美甲美睫半永久培训工作室(中国总部)","address":"陕西北路1438号财富时代大厦","type":"科教文化服务;培训机构;培训机构","typecode":"141400","pcode":310000,"pname":"上海市","citycode":21,"cityname":"上海市","adcode":310107,"adname":"普陀区","business_a":"曹家渡","location":"121.442245,31.243117","tel":"15000093387","bigType":"科教文化服务","midType":"培训机构","smallType":"培训机构","gcj_lng":121.442245,"gcj_lat":31.243117,"wgs84_loc":"121.437635,31.244982","wgs84Lng":"121.437635","wgs84Lat":"31.244982","__source_file__":"13-常用公服设施点/SHP/上海市_培训机构.shp"},"geometry":{"type":"Point","coordinates":[121.437635,31.244982]}},{"id":"1734","type":"Feature","properties":{"id":"B0G27ADESH","name":"上海魅禾华翎舞蹈培训学校","address":"长寿路97号19CD","type":"科教文化服务;培训机构;培训机构","typecode":"141400","pcode":310000,"pname":"上海市","citycode":21,"cityname":"上海市","adcode":310107,"adname":"普陀区","business_a":"曹家渡","location":"121.443082,31.243270","tel":"15062839760","bigType":"科教文化服务","midType":"培训机构","smallType":"培训机构","gcj_lng":121.443082,"gcj_lat":31.24327,"wgs84_loc":"121.438474,31.245136","wgs84Lng":"121.438474","wgs84Lat":"31.245136","__source_file__":"13-常用公服设施点/SHP/上海市_培训机构.shp"},"geometry":{"type":"Point","coordinates":[121.438474,31.245136]}},{"id":"2019","type":"Feature","properties":{"id":"B0FFMFS9EX","name":"马路南普拉提工作室","address":"长寿路与江宁路交叉口西南约100米","type":"科教文化服务;培训机构;培训机构","typecode":"141400","pcode":310000,"pname":"上海市","citycode":21,"cityname":"上海市","adcode":310107,"adname":"普陀区","business_a":"曹家渡","location":"121.442983,31.243363","tel":"[]","bigType":"科教文化服务","midType":"培训机构","smallType":"培训机构","gcj_lng":121.442983,"gcj_lat":31.243363,"wgs84_loc":"121.438375,31.245229","wgs84Lng":"121.438375","wgs84Lat":"31.245229","__source_file__":"13-常用公服设施点/SHP/上海市_培训机构.shp"},"geometry":{"type":"Point","coordinates":[121.438375,31.245229]}},{"id":"2141","type":"Feature","properties":{"id":"B0HKKZGYH7","name":"瘦18舞蹈教室Dance Studio","address":"昌化路745号平高国际广场北大堂2楼","type":"科教文化服务;培训机构;培训机构","typecode":"141400","pcode":310000,"pname":"上海市","citycode":21,"cityname":"上海市","adcode":310107,"adname":"普陀区","business_a":"曹家渡","location":"121.442749,31.243420","tel":"021-60168719;18939772626","bigType":"科教文化服务","midType":"培训机构","smallType":"培训机构","gcj_lng":121.442749,"gcj_lat":31.24342,"wgs84_loc":"121.43814,31.245285","wgs84Lng":"121.43814","wgs84Lat":"31.245285","__source_file__":"13-常用公服设施点/SHP/上海市_培训机构.shp"},"geometry":{"type":"Point","coordinates":[121.43814,31.245285]}},{"id":"1883","type":"Feature","properties":{"id":"B0GRNLD46D","name":"舞十八舞蹈工作室(长寿路店)","address":"长寿路97号3楼翠华餐厅右侧电梯上3楼","type":"科教文化服务;培训机构;培训机构","typecode":"141400","pcode":310000,"pname":"上海市","citycode":21,"cityname":"上海市","adcode":310107,"adname":"普陀区","business_a":"曹家渡","location":"121.442983,31.243420","tel":"18321004204;18930852561","bigType":"科教文化服务","midType":"培训机构","smallType":"培训机构","gcj_lng":121.442983,"gcj_lat":31.24342,"wgs84_loc":"121.438375,31.245286","wgs84Lng":"121.438375","wgs84Lat":"31.245286","__source_file__":"13-常用公服设施点/SHP/上海市_培训机构.shp"},"geometry":{"type":"Point","coordinates":[121.438375,31.245286]}},{"id":"1928","type":"Feature","properties":{"id":"B0G3TRNZ8N","name":"竹子小提琴艺术工作室(普陀店)","address":"江宁路1251弄星海大厦2号楼10A","type":"科教文化服务;培训机构;培训机构","typecode":"141400","pcode":310000,"pname":"上海市","citycode":21,"cityname":"上海市","adcode":310107,"adname":"普陀区","business_a":"曹家渡","location":"121.442144,31.245079","tel":"15901875789","bigType":"科教文化服务","midType":"培训机构","smallType":"培训机构","gcj_lng":121.442144,"gcj_lat":31.245079,"wgs84_loc":"121.437534,31.246943","wgs84Lng":"121.437534","wgs84Lat":"31.246943","__source_file__":"13-常用公服设施点/SHP/上海市_培训机构.shp"},"geometry":{"type":"Point","coordinates":[121.437534,31.246943]}},{"id":"1758","type":"Feature","properties":{"id":"B0FFKT7ZP0","name":"Cubeast街舞工作室(长寿店)","address":"澳门路477号7号楼105室","type":"科教文化服务;培训机构;培训机构","typecode":"141400","pcode":310000,"pname":"上海市","citycode":21,"cityname":"上海市","adcode":310107,"adname":"普陀区","business_a":"曹家渡","location":"121.440238,31.245801","tel":"15618220165","bigType":"科教文化服务","midType":"培训机构","smallType":"培训机构","gcj_lng":121.440238,"gcj_lat":31.245801,"wgs84_loc":"121.435624,31.247661","wgs84Lng":"121.435624","wgs84Lat":"31.247661","__source_file__":"13-常用公服设施点/SHP/上海市_培训机构.shp"},"geometry":{"type":"Point","coordinates":[121.435624,31.247661]}},{"id":"2152","type":"Feature","properties":{"id":"B0HAO9JLWZ","name":"上海明日香职业技能培训学校","address":"澳门路477号(中华1912创意产业园)5号楼A座201室","type":"科教文化服务;培训机构;培训机构","typecode":"141400","pcode":310000,"pname":"上海市","citycode":21,"cityname":"上海市","adcode":310107,"adname":"普陀区","business_a":"曹家渡","location":"121.440393,31.245893","tel":"021-62985060","bigType":"科教文化服务","midType":"培训机构","smallType":"培训机构","gcj_lng":121.440393,"gcj_lat":31.245893,"wgs84_loc":"121.435779,31.247753","wgs84Lng":"121.435779","wgs84Lat":"31.247753","__source_file__":"13-常用公服设施点/SHP/上海市_培训机构.shp"},"geometry":{"type":"Point","coordinates":[121.435779,31.247753]}},{"id":"14914","type":"Feature","properties":{"id":"B0FFHK2Y5Z","name":"上海龙星童少儿培训学校","address":"澳门路477号5号楼102室","type":"科教文化服务;培训机构;培训机构","typecode":"141400","pcode":310000,"pname":"上海市","citycode":21,"cityname":"上海市","adcode":310107,"adname":"普陀区","business_a":"曹家渡","location":"121.440373,31.245898","tel":"[]","bigType":"科教文化服务","midType":"培训机构","smallType":"培训机构","gcj_lng":121.440373,"gcj_lat":31.245898,"wgs84_loc":"121.435759,31.247758","wgs84Lng":"121.435759","wgs84Lat":"31.247758","__source_file__":"13-常用公服设施点/SHP/上海市_培训机构.shp"},"geometry":{"type":"Point","coordinates":[121.435759,31.247758]}},{"id":"18442","type":"Feature","properties":{"id":"B0KRG5KPXA","name":"RB Dance Studio舞蹈工作室","address":"澳门路477号中华1912创意产业园5号楼333室","type":"科教文化服务;培训机构;培训机构","typecode":"141400","pcode":310000,"pname":"上海市","citycode":21,"cityname":"上海市","adcode":310107,"adname":"普陀区","business_a":"长寿路","location":"121.440485,31.245908","tel":"[]","bigType":"科教文化服务","midType":"培训机构","smallType":"培训机构","gcj_lng":121.440485,"gcj_lat":31.245908,"wgs84_loc":"121.435871,31.247768","wgs84Lng":"121.435871","wgs84Lat":"31.247768","__source_file__":"13-常用公服设施点/SHP/上海市_培训机构.shp"},"geometry":{"type":"Point","coordinates":[121.435871,31.247768]}},{"id":"1922","type":"Feature","properties":{"id":"B0H0D67Z18","name":"散人研习社·书局","address":"澳门路与江宁路交叉口西南约120米","type":"科教文化服务;培训机构;培训机构","typecode":"141400","pcode":310000,"pname":"上海市","citycode":21,"cityname":"上海市","adcode":310107,"adname":"普陀区","business_a":"曹家渡","location":"121.440254,31.245962","tel":"[]","bigType":"科教文化服务","midType":"培训机构","smallType":"培训机构","gcj_lng":121.440254,"gcj_lat":31.245962,"wgs84_loc":"121.43564,31.247822","wgs84Lng":"121.43564","wgs84Lat":"31.247822","__source_file__":"13-常用公服设施点/SHP/上海市_培训机构.shp"},"geometry":{"type":"Point","coordinates":[121.43564,31.247822]}},{"id":"2159","type":"Feature","properties":{"id":"B0H3CSAW9V","name":"Artist Dance舞蹈工作室","address":"澳门路477号中华1912创意产业园5幢3层313室","type":"科教文化服务;培训机构;培训机构","typecode":"141400","pcode":310000,"pname":"上海市","citycode":21,"cityname":"上海市","adcode":310107,"adname":"普陀区","business_a":"曹家渡","location":"121.440549,31.246022","tel":"18121256622","bigType":"科教文化服务","midType":"培训机构","smallType":"培训机构","gcj_lng":121.440549,"gcj_lat":31.246022,"wgs84_loc":"121.435935,31.247882","wgs84Lng":"121.435935","wgs84Lat":"31.247882","__source_file__":"13-常用公服设施点/SHP/上海市_培训机构.shp"},"geometry":{"type":"Point","coordinates":[121.435935,31.247882]}},{"id":"16930","type":"Feature","properties":{"id":"B00156NUA6","name":"龙文教育(澳门路校区)","address":"澳门路588号3层","type":"科教文化服务;培训机构;培训机构","typecode":"141400","pcode":310000,"pname":"上海市","citycode":21,"cityname":"上海市","adcode":310107,"adname":"普陀区","business_a":"曹家渡","location":"121.438545,31.245179","tel":"[]","bigType":"科教文化服务","midType":"培训机构","smallType":"培训机构","gcj_lng":121.438545,"gcj_lat":31.245179,"wgs84_loc":"121.433927,31.247037","wgs84Lng":"121.433927","wgs84Lat":"31.247037","__source_file__":"13-常用公服设施点/SHP/上海市_培训机构.shp"},"geometry":{"type":"Point","coordinates":[121.433927,31.247037]}},{"id":"1643","type":"Feature","properties":{"id":"B0FFF00OOB","name":"上海箭丽艺术培训中心(陕西北路)","address":"陕西北路1765号靠近澳门路","type":"科教文化服务;培训机构;培训机构","typecode":"141400","pcode":310000,"pname":"上海市","citycode":21,"cityname":"上海市","adcode":310107,"adname":"普陀区","business_a":"曹家渡","location":"121.438093,31.245589","tel":"021-52522658","bigType":"科教文化服务","midType":"培训机构","smallType":"培训机构","gcj_lng":121.438093,"gcj_lat":31.245589,"wgs84_loc":"121.433475,31.247446","wgs84Lng":"121.433475","wgs84Lat":"31.247446","__source_file__":"13-常用公服设施点/SHP/上海市_培训机构.shp"},"geometry":{"type":"Point","coordinates":[121.433475,31.247446]}},{"id":"2172","type":"Feature","properties":{"id":"B0GKKAWR0D","name":"箭丽打击乐(陕西北路店)","address":"陕西北路1765号2楼","type":"科教文化服务;培训机构;培训机构","typecode":"141400","pcode":310000,"pname":"上海市","citycode":21,"cityname":"上海市","adcode":310107,"adname":"普陀区","business_a":"光新","location":"121.438095,31.245611","tel":"021-52522658","bigType":"科教文化服务","midType":"培训机构","smallType":"培训机构","gcj_lng":121.438095,"gcj_lat":31.245611,"wgs84_loc":"121.433477,31.247468","wgs84Lng":"121.433477","wgs84Lat":"31.247468","__source_file__":"13-常用公服设施点/SHP/上海市_培训机构.shp"},"geometry":{"type":"Point","coordinates":[121.433477,31.247468]}},{"id":"1938","type":"Feature","properties":{"id":"B0FFK5SBTE","name":"鸣星体育舞蹈培训活动中心","address":"澳门路526号地下一层","type":"科教文化服务;培训机构;培训机构","typecode":"141400","pcode":310000,"pname":"上海市","citycode":21,"cityname":"上海市","adcode":310107,"adname":"普陀区","business_a":"曹家渡","location":"121.439252,31.245788","tel":"[]","bigType":"科教文化服务","midType":"培训机构","smallType":"培训机构","gcj_lng":121.439252,"gcj_lat":31.245788,"wgs84_loc":"121.434636,31.247646","wgs84Lng":"121.434636","wgs84Lat":"31.247646","__source_file__":"13-常用公服设施点/SHP/上海市_培训机构.shp"},"geometry":{"type":"Point","coordinates":[121.434636,31.247646]}},{"id":"1857","type":"Feature","properties":{"id":"B0G0XR21VH","name":"贝乐家托育早教(普陀晨帆中心)","address":"澳门路477号中华1912创意园7号楼7幢101","type":"科教文化服务;培训机构;培训机构","typecode":"141400","pcode":310000,"pname":"上海市","citycode":21,"cityname":"上海市","adcode":310107,"adname":"普陀区","business_a":"曹家渡","location":"121.440056,31.245803","tel":"021-63820078","bigType":"科教文化服务","midType":"培训机构","smallType":"培训机构","gcj_lng":121.440056,"gcj_lat":31.245803,"wgs84_loc":"121.435441,31.247663","wgs84Lng":"121.435441","wgs84Lat":"31.247663","__source_file__":"13-常用公服设施点/SHP/上海市_培训机构.shp"},"geometry":{"type":"Point","coordinates":[121.435441,31.247663]}},{"id":"1725","type":"Feature","properties":{"id":"B0GR35J004","name":"圣恺思子木托育园","address":"澳门路518号","type":"科教文化服务;培训机构;培训机构","typecode":"141400","pcode":310000,"pname":"上海市","citycode":21,"cityname":"上海市","adcode":310107,"adname":"普陀区","business_a":"曹家渡","location":"121.439364,31.245851","tel":"021-52556266","bigType":"科教文化服务","midType":"培训机构","smallType":"培训机构","gcj_lng":121.439364,"gcj_lat":31.245851,"wgs84_loc":"121.434748,31.24771","wgs84Lng":"121.434748","wgs84Lat":"31.24771","__source_file__":"13-常用公服设施点/SHP/上海市_培训机构.shp"},"geometry":{"type":"Point","coordinates":[121.434748,31.24771]}},{"id":"15939","type":"Feature","properties":{"id":"B001570MMH","name":"海曼文化艺术专修学校","address":"江宁路1415弄90号(近澳门路)","type":"科教文化服务;培训机构;培训机构","typecode":"141400","pcode":310000,"pname":"上海市","citycode":21,"cityname":"上海市","adcode":310107,"adname":"普陀区","business_a":"曹家渡","location":"121.438531,31.246700","tel":"021-52892487;021-52892349","bigType":"科教文化服务","midType":"培训机构","smallType":"培训机构","gcj_lng":121.438531,"gcj_lat":31.2467,"wgs84_loc":"121.433913,31.248557","wgs84Lng":"121.433913","wgs84Lat":"31.248557","__source_file__":"13-常用公服设施点/SHP/上海市_培训机构.shp"},"geometry":{"type":"Point","coordinates":[121.433913,31.248557]}},{"id":"2183","type":"Feature","properties":{"id":"B0FFM3N3SJ","name":"海曼学习天地好习惯课程体验中心","address":"江宁路1415弄90号","type":"科教文化服务;培训机构;培训机构","typecode":"141400","pcode":310000,"pname":"上海市","citycode":21,"cityname":"上海市","adcode":310107,"adname":"普陀区","business_a":"曹家渡","location":"121.438512,31.246806","tel":"[]","bigType":"科教文化服务","midType":"培训机构","smallType":"培训机构","gcj_lng":121.438512,"gcj_lat":31.246806,"wgs84_loc":"121.433894,31.248663","wgs84Lng":"121.433894","wgs84Lat":"31.248663","__source_file__":"13-常用公服设施点/SHP/上海市_培训机构.shp"},"geometry":{"type":"Point","coordinates":[121.433894,31.248663]}},{"id":"2259","type":"Feature","properties":{"id":"B0G3FRNAHW","name":"尔言教育Eryan Education","address":"江宁路1415弄世纪之门37号","type":"科教文化服务;培训机构;培训机构","typecode":"141400","pcode":310000,"pname":"上海市","citycode":21,"cityname":"上海市","adcode":310107,"adname":"普陀区","business_a":"曹家渡","location":"121.439050,31.247146","tel":"15021958812","bigType":"科教文化服务","midType":"培训机构","smallType":"培训机构","gcj_lng":121.43905,"gcj_lat":31.247146,"wgs84_loc":"121.434433,31.249004","wgs84Lng":"121.434433","wgs84Lat":"31.249004","__source_file__":"13-常用公服设施点/SHP/上海市_培训机构.shp"},"geometry":{"type":"Point","coordinates":[121.434433,31.249004]}},{"id":"9306","type":"Feature","properties":{"id":"B0FFF4M2N4","name":"海曼文化艺术进修学校北区","address":"江宁路1415弄96号","type":"科教文化服务;培训机构;培训机构","typecode":"141400","pcode":310000,"pname":"上海市","citycode":21,"cityname":"上海市","adcode":310107,"adname":"普陀区","business_a":"曹家渡","location":"121.438580,31.247406","tel":"021-52892487","bigType":"科教文化服务","midType":"培训机构","smallType":"培训机构","gcj_lng":121.43858,"gcj_lat":31.247406,"wgs84_loc":"121.433962,31.249263","wgs84Lng":"121.433962","wgs84Lat":"31.249263","__source_file__":"13-常用公服设施点/SHP/上海市_培训机构.shp"},"geometry":{"type":"Point","coordinates":[121.433962,31.249263]}},{"id":"5795","type":"Feature","properties":{"id":"B0FFJ2H7RR","name":"PQP时尚艺术中心艺术留学作品集","address":"恒丰路610号金岸A702室(上海火车站)","type":"科教文化服务;培训机构;培训机构","typecode":"141400","pcode":310000,"pname":"上海市","citycode":21,"cityname":"上海市","adcode":310106,"adname":"静安区","business_a":"[]","location":"121.450999,31.247272","tel":"15620003306","bigType":"科教文化服务","midType":"培训机构","smallType":"培训机构","gcj_lng":121.450999,"gcj_lat":31.247272,"wgs84_loc":"121.446409,31.249152","wgs84Lng":"121.446409","wgs84Lat":"31.249152","__source_file__":"13-常用公服设施点/SHP/上海市_培训机构.shp"},"geometry":{"type":"Point","coordinates":[121.446409,31.249152]}},{"id":"15066","type":"Feature","properties":{"id":"B0FFK6TZ0J","name":"M50爱心妈咪小屋儿童托管中心","address":"莫干山路与西苏州路交叉路口东北侧(M50创意园)","type":"科教文化服务;培训机构;培训机构","typecode":"141400","pcode":310000,"pname":"上海市","citycode":21,"cityname":"上海市","adcode":310107,"adname":"普陀区","business_a":"光新","location":"121.449462,31.247504","tel":"[]","bigType":"科教文化服务","midType":"培训机构","smallType":"培训机构","gcj_lng":121.449462,"gcj_lat":31.247504,"wgs84_loc":"121.444868,31.24938","wgs84Lng":"121.444868","wgs84Lat":"31.24938","__source_file__":"13-常用公服设施点/SHP/上海市_培训机构.shp"},"geometry":{"type":"Point","coordinates":[121.444868,31.24938]}},{"id":"6224","type":"Feature","properties":{"id":"B0HKXHPU1W","name":"沃思国际教育","address":"恒丰路638号6楼","type":"科教文化服务;培训机构;培训机构","typecode":"141400","pcode":310000,"pname":"上海市","citycode":21,"cityname":"上海市","adcode":310106,"adname":"静安区","business_a":"[]","location":"121.451658,31.247525","tel":"[]","bigType":"科教文化服务","midType":"培训机构","smallType":"培训机构","gcj_lng":121.451658,"gcj_lat":31.247525,"wgs84_loc":"121.447069,31.249406","wgs84Lng":"121.447069","wgs84Lat":"31.249406","__source_file__":"13-常用公服设施点/SHP/上海市_培训机构.shp"},"geometry":{"type":"Point","coordinates":[121.447069,31.249406]}},{"id":"1583","type":"Feature","properties":{"id":"B0HB9MC6Q4","name":"AYAKO日式美甲美睫皮肤管理培训学校","address":"恒丰路683号苏河1号11楼1117室","type":"科教文化服务;培训机构;培训机构","typecode":"141400","pcode":310000,"pname":"上海市","citycode":21,"cityname":"上海市","adcode":310106,"adname":"静安区","business_a":"[]","location":"121.451869,31.247589","tel":"4006887837","bigType":"科教文化服务","midType":"培训机构","smallType":"培训机构","gcj_lng":121.451869,"gcj_lat":31.247589,"wgs84_loc":"121.447281,31.24947","wgs84Lng":"121.447281","wgs84Lat":"31.24947","__source_file__":"13-常用公服设施点/SHP/上海市_培训机构.shp"},"geometry":{"type":"Point","coordinates":[121.447281,31.24947]}},{"id":"1599","type":"Feature","properties":{"id":"B0FFMCDG7J","name":"YIM一鸣艺术作品集辅导","address":"莫干山路50号M50创意园7A-203(距月星国际家居约300m)","type":"科教文化服务;培训机构;培训机构","typecode":"141400","pcode":310000,"pname":"上海市","citycode":21,"cityname":"上海市","adcode":310107,"adname":"普陀区","business_a":"光新","location":"121.449418,31.247629","tel":"[]","bigType":"科教文化服务","midType":"培训机构","smallType":"培训机构","gcj_lng":121.449418,"gcj_lat":31.247629,"wgs84_loc":"121.444824,31.249505","wgs84Lng":"121.444824","wgs84Lat":"31.249505","__source_file__":"13-常用公服设施点/SHP/上海市_培训机构.shp"},"geometry":{"type":"Point","coordinates":[121.444824,31.249505]}},{"id":"6219","type":"Feature","properties":{"id":"B0FFHOVS0P","name":"江苏云学堂(上海)","address":"天目西路街道恒丰路638号苏河一号19楼","type":"科教文化服务;培训机构;培训机构","typecode":"141400","pcode":310000,"pname":"上海市","citycode":21,"cityname":"上海市","adcode":310106,"adname":"静安区","business_a":"[]","location":"121.451839,31.247763","tel":"[]","bigType":"科教文化服务","midType":"培训机构","smallType":"培训机构","gcj_lng":121.451839,"gcj_lat":31.247763,"wgs84_loc":"121.447251,31.249644","wgs84Lng":"121.447251","wgs84Lat":"31.249644","__source_file__":"13-常用公服设施点/SHP/上海市_培训机构.shp"},"geometry":{"type":"Point","coordinates":[121.447251,31.249644]}},{"id":"6044","type":"Feature","properties":{"id":"B0FFLAMD4I","name":"学尔森教育(火车站分校)","address":"恒丰路668号苏河一号b栋328室","type":"科教文化服务;培训机构;培训机构","typecode":"141400","pcode":310000,"pname":"上海市","citycode":21,"cityname":"上海市","adcode":310106,"adname":"静安区","business_a":"[]","location":"121.451184,31.247831","tel":"[]","bigType":"科教文化服务","midType":"培训机构","smallType":"培训机构","gcj_lng":121.451184,"gcj_lat":31.247831,"wgs84_loc":"121.446594,31.249711","wgs84Lng":"121.446594","wgs84Lat":"31.249711","__source_file__":"13-常用公服设施点/SHP/上海市_培训机构.shp"},"geometry":{"type":"Point","coordinates":[121.446594,31.249711]}},{"id":"1596","type":"Feature","properties":{"id":"B0H1AS34H6","name":"上海原色藝術空間","address":"莫干山路50号4号楼212室","type":"科教文化服务;培训机构;培训机构","typecode":"141400","pcode":310000,"pname":"上海市","citycode":21,"cityname":"上海市","adcode":310107,"adname":"普陀区","business_a":"光新","location":"121.449113,31.247969","tel":"13361898783","bigType":"科教文化服务","midType":"培训机构","smallType":"培训机构","gcj_lng":121.449113,"gcj_lat":31.247969,"wgs84_loc":"121.444518,31.249844","wgs84Lng":"121.444518","wgs84Lat":"31.249844","__source_file__":"13-常用公服设施点/SHP/上海市_培训机构.shp"},"geometry":{"type":"Point","coordinates":[121.444518,31.249844]}},{"id":"18266","type":"Feature","properties":{"id":"B0I1MACOX8","name":"文蓝艺术","address":"莫干山路50号4号楼214室","type":"科教文化服务;培训机构;培训机构","typecode":"141400","pcode":310000,"pname":"上海市","citycode":21,"cityname":"上海市","adcode":310107,"adname":"普陀区","business_a":"光新","location":"121.448860,31.248390","tel":"[]","bigType":"科教文化服务","midType":"培训机构","smallType":"培训机构","gcj_lng":121.44886,"gcj_lat":31.24839,"wgs84_loc":"121.444264,31.250265","wgs84Lng":"121.444264","wgs84Lat":"31.250265","__source_file__":"13-常用公服设施点/SHP/上海市_培训机构.shp"},"geometry":{"type":"Point","coordinates":[121.444264,31.250265]}},{"id":"5871","type":"Feature","properties":{"id":"B0FFFDDBAQ","name":"申铁杰能技术培训中心(上海站)","address":"秣陵路303号上海站1F层","type":"科教文化服务;培训机构;培训机构","typecode":"141400","pcode":310000,"pname":"上海市","citycode":21,"cityname":"上海市","adcode":310106,"adname":"静安区","business_a":"[]","location":"121.453271,31.249447","tel":"[]","bigType":"科教文化服务","midType":"培训机构","smallType":"培训机构","gcj_lng":121.453271,"gcj_lat":31.249447,"wgs84_loc":"121.448686,31.25133","wgs84Lng":"121.448686","wgs84Lat":"31.25133","__source_file__":"13-常用公服设施点/SHP/上海市_培训机构.shp"},"geometry":{"type":"Point","coordinates":[121.448686,31.25133]}},{"id":"13513","type":"Feature","properties":{"id":"B0FFH2V950","name":"玛利娅·蒙特梭利国际早教(澳门路店)(装修中)","address":"澳门路37-2号","type":"科教文化服务;培训机构;培训机构","typecode":"141400","pcode":310000,"pname":"上海市","citycode":21,"cityname":"上海市","adcode":310107,"adname":"普陀区","business_a":"光新","location":"121.446808,31.245969","tel":"4006585597","bigType":"科教文化服务","midType":"培训机构","smallType":"培训机构","gcj_lng":121.446808,"gcj_lat":31.245969,"wgs84_loc":"121.442208,31.247841","wgs84Lng":"121.442208","wgs84Lat":"31.247841","__source_file__":"13-常用公服设施点/SHP/上海市_培训机构.shp"},"geometry":{"type":"Point","coordinates":[121.442208,31.247841]}},{"id":"1722","type":"Feature","properties":{"id":"B0GU2KDYM1","name":"古力古利托育园(澳门路校区)","address":"长寿路街道澳门路71号1","type":"科教文化服务;培训机构;培训机构","typecode":"141400","pcode":310000,"pname":"上海市","citycode":21,"cityname":"上海市","adcode":310107,"adname":"普陀区","business_a":"光新","location":"121.446247,31.246184","tel":"15000122930;19512248761","bigType":"科教文化服务","midType":"培训机构","smallType":"培训机构","gcj_lng":121.446247,"gcj_lat":31.246184,"wgs84_loc":"121.441645,31.248055","wgs84Lng":"121.441645","wgs84Lat":"31.248055","__source_file__":"13-常用公服设施点/SHP/上海市_培训机构.shp"},"geometry":{"type":"Point","coordinates":[121.441645,31.248055]}},{"id":"2167","type":"Feature","properties":{"id":"B0H1UL014N","name":"808电音DJ培训","address":"澳门路280号206号","type":"科教文化服务;培训机构;培训机构","typecode":"141400","pcode":310000,"pname":"上海市","citycode":21,"cityname":"上海市","adcode":310107,"adname":"普陀区","business_a":"光新","location":"121.444207,31.247220","tel":"[]","bigType":"科教文化服务","midType":"培训机构","smallType":"培训机构","gcj_lng":121.444207,"gcj_lat":31.24722,"wgs84_loc":"121.439601,31.249086","wgs84Lng":"121.439601","wgs84Lat":"31.249086","__source_file__":"13-常用公服设施点/SHP/上海市_培训机构.shp"},"geometry":{"type":"Point","coordinates":[121.439601,31.249086]}},{"id":"14023","type":"Feature","properties":{"id":"B0G3XPDHKH","name":"屋顶花园晔研习社","address":"澳门路168号月星家居五楼","type":"科教文化服务;培训机构;培训机构","typecode":"141400","pcode":310000,"pname":"上海市","citycode":21,"cityname":"上海市","adcode":310107,"adname":"普陀区","business_a":"光新","location":"121.446036,31.247495","tel":"[]","bigType":"科教文化服务","midType":"培训机构","smallType":"培训机构","gcj_lng":121.446036,"gcj_lat":31.247495,"wgs84_loc":"121.441434,31.249365","wgs84Lng":"121.441434","wgs84Lat":"31.249365","__source_file__":"13-常用公服设施点/SHP/上海市_培训机构.shp"},"geometry":{"type":"Point","coordinates":[121.441434,31.249365]}},{"id":"1594","type":"Feature","properties":{"id":"B0FFH6XNOT","name":"德荷当代艺术中心","address":"莫干山路93号","type":"科教文化服务;培训机构;培训机构|科教文化服务;展览馆;展览馆","typecode":"141400|140200","pcode":310000,"pname":"上海市","citycode":21,"cityname":"上海市","adcode":310107,"adname":"普陀区","business_a":"光新","location":"121.447371,31.248481","tel":"[]","bigType":"科教文化服务","midType":"培训机构","smallType":"培训机构|科教文化服务","gcj_lng":121.447371,"gcj_lat":31.248481,"wgs84_loc":"121.442772,31.250353","wgs84Lng":"121.442772","wgs84Lat":"31.250353","__source_file__":"13-常用公服设施点/SHP/上海市_培训机构.shp"},"geometry":{"type":"Point","coordinates":[121.442772,31.250353]}},{"id":"2064","type":"Feature","properties":{"id":"B0G317ZERH","name":"紫葡英语(中潭店)","address":"中潭路与宜昌路交叉口东北约100米","type":"科教文化服务;培训机构;培训机构","typecode":"141400","pcode":310000,"pname":"上海市","citycode":21,"cityname":"上海市","adcode":310107,"adname":"普陀区","business_a":"光新","location":"121.444472,31.250201","tel":"[]","bigType":"科教文化服务","midType":"培训机构","smallType":"培训机构","gcj_lng":121.444472,"gcj_lat":31.250201,"wgs84_loc":"121.439866,31.252066","wgs84Lng":"121.439866","wgs84Lat":"31.252066","__source_file__":"13-常用公服设施点/SHP/上海市_培训机构.shp"},"geometry":{"type":"Point","coordinates":[121.439866,31.252066]}},{"id":"14581","type":"Feature","properties":{"id":"B0FFF4BCSW","name":"上海高考美术培训中心","address":"中潭路40号(近中远两湾城)","type":"科教文化服务;培训机构;培训机构","typecode":"141400","pcode":310000,"pname":"上海市","citycode":21,"cityname":"上海市","adcode":310107,"adname":"普陀区","business_a":"光新","location":"121.444288,31.250732","tel":"021-54109700","bigType":"科教文化服务","midType":"培训机构","smallType":"培训机构","gcj_lng":121.444288,"gcj_lat":31.250732,"wgs84_loc":"121.439682,31.252597","wgs84Lng":"121.439682","wgs84Lat":"31.252597","__source_file__":"13-常用公服设施点/SHP/上海市_培训机构.shp"},"geometry":{"type":"Point","coordinates":[121.439682,31.252597]}},{"id":"15098","type":"Feature","properties":{"id":"B0FFF3JSTP","name":"上海美艺高考美术培训班","address":"中潭路100号","type":"科教文化服务;培训机构;培训机构","typecode":"141400","pcode":310000,"pname":"上海市","citycode":21,"cityname":"上海市","adcode":310107,"adname":"普陀区","business_a":"光新","location":"121.444325,31.250837","tel":"[]","bigType":"科教文化服务","midType":"培训机构","smallType":"培训机构","gcj_lng":121.444325,"gcj_lat":31.250837,"wgs84_loc":"121.439719,31.252702","wgs84Lng":"121.439719","wgs84Lat":"31.252702","__source_file__":"13-常用公服设施点/SHP/上海市_培训机构.shp"},"geometry":{"type":"Point","coordinates":[121.439719,31.252702]}},{"id":"2214","type":"Feature","properties":{"id":"B0H6YK5W9P","name":"牌技教学培训公司(普陀店)","address":"[]","type":"科教文化服务;培训机构;培训机构","typecode":"141400","pcode":310000,"pname":"上海市","citycode":21,"cityname":"上海市","adcode":310107,"adname":"普陀区","business_a":"光新","location":"121.448120,31.250923","tel":"[]","bigType":"科教文化服务","midType":"培训机构","smallType":"培训机构","gcj_lng":121.44812,"gcj_lat":31.250923,"wgs84_loc":"121.443522,31.252795","wgs84Lng":"121.443522","wgs84Lat":"31.252795","__source_file__":"13-常用公服设施点/SHP/上海市_培训机构.shp"},"geometry":{"type":"Point","coordinates":[121.443522,31.252795]}},{"id":"2296","type":"Feature","properties":{"id":"B0FFJPDU7X","name":"彼凡英语(普陀中潭校区)","address":"中潭路51号102室","type":"科教文化服务;培训机构;培训机构","typecode":"141400","pcode":310000,"pname":"上海市","citycode":21,"cityname":"上海市","adcode":310107,"adname":"普陀区","business_a":"光新","location":"121.443267,31.251482","tel":"17687370321","bigType":"科教文化服务","midType":"培训机构","smallType":"培训机构","gcj_lng":121.443267,"gcj_lat":31.251482,"wgs84_loc":"121.438658,31.253345","wgs84Lng":"121.438658","wgs84Lat":"31.253345","__source_file__":"13-常用公服设施点/SHP/上海市_培训机构.shp"},"geometry":{"type":"Point","coordinates":[121.438658,31.253345]}},{"id":"1940","type":"Feature","properties":{"id":"B0FFJ23NKS","name":"世纪之门舞蹈室","address":"江宁路辅路与宜昌路交叉口南约100米","type":"科教文化服务;培训机构;培训机构","typecode":"141400","pcode":310000,"pname":"上海市","citycode":21,"cityname":"上海市","adcode":310107,"adname":"普陀区","business_a":"光新","location":"121.439201,31.247966","tel":"[]","bigType":"科教文化服务","midType":"培训机构","smallType":"培训机构","gcj_lng":121.439201,"gcj_lat":31.247966,"wgs84_loc":"121.434584,31.249823","wgs84Lng":"121.434584","wgs84Lat":"31.249823","__source_file__":"13-常用公服设施点/SHP/上海市_培训机构.shp"},"geometry":{"type":"Point","coordinates":[121.434584,31.249823]}},{"id":"1813","type":"Feature","properties":{"id":"B0FFHX6RZ2","name":"上海音舞文化艺术培训中心-排练厅","address":"江宁路1600号浅水湾16003层","type":"科教文化服务;培训机构;培训机构","typecode":"141400","pcode":310000,"pname":"上海市","citycode":21,"cityname":"上海市","adcode":310107,"adname":"普陀区","business_a":"光新","location":"121.440104,31.248364","tel":"[]","bigType":"科教文化服务","midType":"培训机构","smallType":"培训机构","gcj_lng":121.440104,"gcj_lat":31.248364,"wgs84_loc":"121.435489,31.250223","wgs84Lng":"121.435489","wgs84Lat":"31.250223","__source_file__":"13-常用公服设施点/SHP/上海市_培训机构.shp"},"geometry":{"type":"Point","coordinates":[121.435489,31.250223]}},{"id":"1863","type":"Feature","properties":{"id":"B0FFKSBPQN","name":"文磊教育(江宁路店)","address":"江宁路1600号恺悦大厦二楼205室","type":"科教文化服务;培训机构;培训机构","typecode":"141400","pcode":310000,"pname":"上海市","citycode":21,"cityname":"上海市","adcode":310107,"adname":"普陀区","business_a":"光新","location":"121.440050,31.248369","tel":"021-52868337","bigType":"科教文化服务","midType":"培训机构","smallType":"培训机构","gcj_lng":121.44005,"gcj_lat":31.248369,"wgs84_loc":"121.435435,31.250228","wgs84Lng":"121.435435","wgs84Lat":"31.250228","__source_file__":"13-常用公服设施点/SHP/上海市_培训机构.shp"},"geometry":{"type":"Point","coordinates":[121.435435,31.250228]}},{"id":"2345","type":"Feature","properties":{"id":"B0I6FHK80R","name":"缔艺芭蕾","address":"江宁路1600号恺悦大厦206室","type":"科教文化服务;培训机构;培训机构","typecode":"141400","pcode":310000,"pname":"上海市","citycode":21,"cityname":"上海市","adcode":310107,"adname":"普陀区","business_a":"光新","location":"121.440080,31.248372","tel":"[]","bigType":"科教文化服务","midType":"培训机构","smallType":"培训机构","gcj_lng":121.44008,"gcj_lat":31.248372,"wgs84_loc":"121.435465,31.250231","wgs84Lng":"121.435465","wgs84Lat":"31.250231","__source_file__":"13-常用公服设施点/SHP/上海市_培训机构.shp"},"geometry":{"type":"Point","coordinates":[121.435465,31.250231]}},{"id":"1629","type":"Feature","properties":{"id":"B0HDDB9290","name":"星秀时代超模学院","address":"江宁路1600号浅水湾商场302-3室(江宁路地铁站4号口出)","type":"科教文化服务;培训机构;培训机构","typecode":"141400","pcode":310000,"pname":"上海市","citycode":21,"cityname":"上海市","adcode":310107,"adname":"普陀区","business_a":"光新","location":"121.440077,31.248410","tel":"18601778379;18317092324","bigType":"科教文化服务","midType":"培训机构","smallType":"培训机构","gcj_lng":121.440077,"gcj_lat":31.24841,"wgs84_loc":"121.435462,31.250269","wgs84Lng":"121.435462","wgs84Lat":"31.250269","__source_file__":"13-常用公服设施点/SHP/上海市_培训机构.shp"},"geometry":{"type":"Point","coordinates":[121.435462,31.250269]}},{"id":"1675","type":"Feature","properties":{"id":"B0FFGCSP9F","name":"炫晶艺术中心(普陀江宁路校区)","address":"江宁路1600号恺悦大厦2层","type":"科教文化服务;培训机构;培训机构","typecode":"141400","pcode":310000,"pname":"上海市","citycode":21,"cityname":"上海市","adcode":310107,"adname":"普陀区","business_a":"光新","location":"121.439930,31.248481","tel":"021-60257503;13061861001","bigType":"科教文化服务","midType":"培训机构","smallType":"培训机构","gcj_lng":121.43993,"gcj_lat":31.248481,"wgs84_loc":"121.435315,31.250339","wgs84Lng":"121.435315","wgs84Lat":"31.250339","__source_file__":"13-常用公服设施点/SHP/上海市_培训机构.shp"},"geometry":{"type":"Point","coordinates":[121.435315,31.250339]}},{"id":"18265","type":"Feature","properties":{"id":"B0G3ALH2DM","name":"戏剧树音乐剧艺术中心","address":"宜昌路与江宁路辅路交叉口东约60米","type":"科教文化服务;培训机构;培训机构","typecode":"141400","pcode":310000,"pname":"上海市","citycode":21,"cityname":"上海市","adcode":310107,"adname":"普陀区","business_a":"光新","location":"121.439914,31.248911","tel":"[]","bigType":"科教文化服务","midType":"培训机构","smallType":"培训机构","gcj_lng":121.439914,"gcj_lat":31.248911,"wgs84_loc":"121.435299,31.250769","wgs84Lng":"121.435299","wgs84Lat":"31.250769","__source_file__":"13-常用公服设施点/SHP/上海市_培训机构.shp"},"geometry":{"type":"Point","coordinates":[121.435299,31.250769]}},{"id":"1918","type":"Feature","properties":{"id":"B0H2OHDYXO","name":"沐蒽音乐","address":"宜昌路179号2层","type":"科教文化服务;培训机构;培训机构","typecode":"141400","pcode":310000,"pname":"上海市","citycode":21,"cityname":"上海市","adcode":310107,"adname":"普陀区","business_a":"光新","location":"121.440073,31.248997","tel":"[]","bigType":"科教文化服务","midType":"培训机构","smallType":"培训机构","gcj_lng":121.440073,"gcj_lat":31.248997,"wgs84_loc":"121.435458,31.250855","wgs84Lng":"121.435458","wgs84Lat":"31.250855","__source_file__":"13-常用公服设施点/SHP/上海市_培训机构.shp"},"geometry":{"type":"Point","coordinates":[121.435458,31.250855]}},{"id":"2247","type":"Feature","properties":{"id":"B0GKCKPZRD","name":"集语堂语言中心","address":"清水湾路中远两湾城-西区","type":"科教文化服务;培训机构;培训机构","typecode":"141400","pcode":310000,"pname":"上海市","citycode":21,"cityname":"上海市","adcode":310107,"adname":"普陀区","business_a":"光新","location":"121.437777,31.249177","tel":"[]","bigType":"科教文化服务","midType":"培训机构","smallType":"培训机构","gcj_lng":121.437777,"gcj_lat":31.249177,"wgs84_loc":"121.433158,31.251032","wgs84Lng":"121.433158","wgs84Lat":"31.251032","__source_file__":"13-常用公服设施点/SHP/上海市_培训机构.shp"},"geometry":{"type":"Point","coordinates":[121.433158,31.251032]}},{"id":"1869","type":"Feature","properties":{"id":"B0FFHC1AYX","name":"思知教育","address":"中远两湾城99弄229号","type":"科教文化服务;培训机构;培训机构","typecode":"141400","pcode":310000,"pname":"上海市","citycode":21,"cityname":"上海市","adcode":310107,"adname":"普陀区","business_a":"光新","location":"121.437508,31.249779","tel":"[]","bigType":"科教文化服务","midType":"培训机构","smallType":"培训机构","gcj_lng":121.437508,"gcj_lat":31.249779,"wgs84_loc":"121.432888,31.251633","wgs84Lng":"121.432888","wgs84Lat":"31.251633","__source_file__":"13-常用公服设施点/SHP/上海市_培训机构.shp"},"geometry":{"type":"Point","coordinates":[121.432888,31.251633]}},{"id":"2057","type":"Feature","properties":{"id":"B0H6VSFVM0","name":"上海东方艺考艺术培训学校","address":"澳门路477号中华1912文化创意产业园5号楼318","type":"科教文化服务;培训机构;培训机构","typecode":"141400","pcode":310000,"pname":"上海市","citycode":21,"cityname":"上海市","adcode":310107,"adname":"普陀区","business_a":"曹家渡","location":"121.440582,31.246107","tel":"[]","bigType":"科教文化服务","midType":"培训机构","smallType":"培训机构","gcj_lng":121.440582,"gcj_lat":31.246107,"wgs84_loc":"121.435968,31.247967","wgs84Lng":"121.435968","wgs84Lat":"31.247967","__source_file__":"13-常用公服设施点/SHP/上海市_培训机构.shp"},"geometry":{"type":"Point","coordinates":[121.435968,31.247967]}},{"id":"1886","type":"Feature","properties":{"id":"B0G0X4X6OR","name":"创智营(普陀校区)","address":"澳门路356号三维大厦2203室","type":"科教文化服务;培训机构;培训机构","typecode":"141400","pcode":310000,"pname":"上海市","citycode":21,"cityname":"上海市","adcode":310107,"adname":"普陀区","business_a":"光新","location":"121.441464,31.247017","tel":"18916086893","bigType":"科教文化服务","midType":"培训机构","smallType":"培训机构","gcj_lng":121.441464,"gcj_lat":31.247017,"wgs84_loc":"121.436852,31.248879","wgs84Lng":"121.436852","wgs84Lat":"31.248879","__source_file__":"13-常用公服设施点/SHP/上海市_培训机构.shp"},"geometry":{"type":"Point","coordinates":[121.436852,31.248879]}},{"id":"18381","type":"Feature","properties":{"id":"B0HKVZ6PWQ","name":"东方启明星篮球培训(江宁路校区)","address":"江宁路1600号恺悦大厦101室","type":"科教文化服务;培训机构;培训机构","typecode":"141400","pcode":310000,"pname":"上海市","citycode":21,"cityname":"上海市","adcode":310107,"adname":"普陀区","business_a":"光新","location":"121.440623,31.248108","tel":"13581524762;4006709885","bigType":"科教文化服务","midType":"培训机构","smallType":"培训机构","gcj_lng":121.440623,"gcj_lat":31.248108,"wgs84_loc":"121.436009,31.249968","wgs84Lng":"121.436009","wgs84Lat":"31.249968","__source_file__":"13-常用公服设施点/SHP/上海市_培训机构.shp"},"geometry":{"type":"Point","coordinates":[121.436009,31.249968]}},{"id":"2165","type":"Feature","properties":{"id":"B0H1URXLB4","name":"乔儿德托育园","address":"宜昌路与中潭路交叉口西约180米","type":"科教文化服务;培训机构;培训机构","typecode":"141400","pcode":310000,"pname":"上海市","citycode":21,"cityname":"上海市","adcode":310107,"adname":"普陀区","business_a":"光新","location":"121.442142,31.249277","tel":"[]","bigType":"科教文化服务","midType":"培训机构","smallType":"培训机构","gcj_lng":121.442142,"gcj_lat":31.249277,"wgs84_loc":"121.437531,31.251139","wgs84Lng":"121.437531","wgs84Lat":"31.251139","__source_file__":"13-常用公服设施点/SHP/上海市_培训机构.shp"},"geometry":{"type":"Point","coordinates":[121.437531,31.251139]}},{"id":"2035","type":"Feature","properties":{"id":"B0FFK1VCVJ","name":"劲葛琳克婴幼学苑(浅水湾分校)","address":"宜昌路11号劲葛琳克婴幼学院","type":"科教文化服务;培训机构;培训机构","typecode":"141400","pcode":310000,"pname":"上海市","citycode":21,"cityname":"上海市","adcode":310107,"adname":"普陀区","business_a":"光新","location":"121.442148,31.249310","tel":"021-62787730","bigType":"科教文化服务","midType":"培训机构","smallType":"培训机构","gcj_lng":121.442148,"gcj_lat":31.24931,"wgs84_loc":"121.437537,31.251172","wgs84Lng":"121.437537","wgs84Lat":"31.251172","__source_file__":"13-常用公服设施点/SHP/上海市_培训机构.shp"},"geometry":{"type":"Point","coordinates":[121.437537,31.251172]}},{"id":"2291","type":"Feature","properties":{"id":"B0FFLAA6LX","name":"上海育彤教育培训学校","address":"宜昌路苏州河梦清园环保主题公园东南侧约40米","type":"科教文化服务;培训机构;培训机构","typecode":"141400","pcode":310000,"pname":"上海市","citycode":21,"cityname":"上海市","adcode":310107,"adname":"普陀区","business_a":"光新","location":"121.442037,31.249332","tel":"[]","bigType":"科教文化服务","midType":"培训机构","smallType":"培训机构","gcj_lng":121.442037,"gcj_lat":31.249332,"wgs84_loc":"121.437426,31.251194","wgs84Lng":"121.437426","wgs84Lat":"31.251194","__source_file__":"13-常用公服设施点/SHP/上海市_培训机构.shp"},"geometry":{"type":"Point","coordinates":[121.437426,31.251194]}},{"id":"2302","type":"Feature","properties":{"id":"B0FFGAY8W1","name":"富罗旺芭蕾舞蹈培训中心(中潭路店)","address":"中潭路与潘家湾路交叉口西北约60米","type":"科教文化服务;培训机构;培训机构","typecode":"141400","pcode":310000,"pname":"上海市","citycode":21,"cityname":"上海市","adcode":310107,"adname":"普陀区","business_a":"光新","location":"121.443231,31.251538","tel":"[]","bigType":"科教文化服务","midType":"培训机构","smallType":"培训机构","gcj_lng":121.443231,"gcj_lat":31.251538,"wgs84_loc":"121.438622,31.253401","wgs84Lng":"121.438622","wgs84Lat":"31.253401","__source_file__":"13-常用公服设施点/SHP/上海市_培训机构.shp"},"geometry":{"type":"Point","coordinates":[121.438622,31.253401]}},{"id":"1659","type":"Feature","properties":{"id":"B0FFH82IWX","name":"创意顶顶现代国际少儿美术","address":"中潭路91弄45号","type":"科教文化服务;培训机构;培训机构","typecode":"141400","pcode":310000,"pname":"上海市","citycode":21,"cityname":"上海市","adcode":310107,"adname":"普陀区","business_a":"光新","location":"121.442696,31.251760","tel":"021-61070604;18621573878","bigType":"科教文化服务","midType":"培训机构","smallType":"培训机构","gcj_lng":121.442696,"gcj_lat":31.25176,"wgs84_loc":"121.438086,31.253622","wgs84Lng":"121.438086","wgs84Lat":"31.253622","__source_file__":"13-常用公服设施点/SHP/上海市_培训机构.shp"},"geometry":{"type":"Point","coordinates":[121.438086,31.253622]}},{"id":"1896","type":"Feature","properties":{"id":"B0FFI0J15S","name":"创意顶顶国际少儿美术","address":"中潭路91弄45号","type":"科教文化服务;培训机构;培训机构","typecode":"141400","pcode":310000,"pname":"上海市","citycode":21,"cityname":"上海市","adcode":310107,"adname":"普陀区","business_a":"光新","location":"121.442683,31.251764","tel":"[]","bigType":"科教文化服务","midType":"培训机构","smallType":"培训机构","gcj_lng":121.442683,"gcj_lat":31.251764,"wgs84_loc":"121.438073,31.253626","wgs84Lng":"121.438073","wgs84Lat":"31.253626","__source_file__":"13-常用公服设施点/SHP/上海市_培训机构.shp"},"geometry":{"type":"Point","coordinates":[121.438073,31.253626]}},{"id":"14231","type":"Feature","properties":{"id":"B0G3M92IUL","name":"庆君琴馆","address":"中潭路与潘家湾路交叉口西北120米","type":"科教文化服务;培训机构;培训机构","typecode":"141400","pcode":310000,"pname":"上海市","citycode":21,"cityname":"上海市","adcode":310107,"adname":"普陀区","business_a":"光新","location":"121.443008,31.251970","tel":"[]","bigType":"科教文化服务","midType":"培训机构","smallType":"培训机构","gcj_lng":121.443008,"gcj_lat":31.25197,"wgs84_loc":"121.438399,31.253832","wgs84Lng":"121.438399","wgs84Lat":"31.253832","__source_file__":"13-常用公服设施点/SHP/上海市_培训机构.shp"},"geometry":{"type":"Point","coordinates":[121.438399,31.253832]}},{"id":"1663","type":"Feature","properties":{"id":"B0FFGZAHII","name":"海上音乐吉他培训中心(普陀中潭路店)","address":"中潭路91弄29号地铁34号线中潭路地铁站","type":"科教文化服务;培训机构;培训机构","typecode":"141400","pcode":310000,"pname":"上海市","citycode":21,"cityname":"上海市","adcode":310107,"adname":"普陀区","business_a":"光新","location":"121.442560,31.252590","tel":"[]","bigType":"科教文化服务","midType":"培训机构","smallType":"培训机构","gcj_lng":121.44256,"gcj_lat":31.25259,"wgs84_loc":"121.43795,31.254451","wgs84Lng":"121.43795","wgs84Lat":"31.254451","__source_file__":"13-常用公服设施点/SHP/上海市_培训机构.shp"},"geometry":{"type":"Point","coordinates":[121.43795,31.254451]}},{"id":"1873","type":"Feature","properties":{"id":"B0FFF3CR9C","name":"图南少儿教育","address":"中潭路100弄164号2001室","type":"科教文化服务;培训机构;培训机构","typecode":"141400","pcode":310000,"pname":"上海市","citycode":21,"cityname":"上海市","adcode":310107,"adname":"普陀区","business_a":"光新","location":"121.442034,31.253524","tel":"[]","bigType":"科教文化服务","midType":"培训机构","smallType":"培训机构","gcj_lng":121.442034,"gcj_lat":31.253524,"wgs84_loc":"121.437423,31.255384","wgs84Lng":"121.437423","wgs84Lat":"31.255384","__source_file__":"13-常用公服设施点/SHP/上海市_培训机构.shp"},"geometry":{"type":"Point","coordinates":[121.437423,31.255384]}},{"id":"2028","type":"Feature","properties":{"id":"B0FFL7CERN","name":"两只小奥","address":"中潭路100弄20号","type":"科教文化服务;培训机构;培训机构","typecode":"141400","pcode":310000,"pname":"上海市","citycode":21,"cityname":"上海市","adcode":310107,"adname":"普陀区","business_a":"光新","location":"121.442443,31.254135","tel":"13564646828","bigType":"科教文化服务","midType":"培训机构","smallType":"培训机构","gcj_lng":121.442443,"gcj_lat":31.254135,"wgs84_loc":"121.437832,31.255995","wgs84Lng":"121.437832","wgs84Lat":"31.255995","__source_file__":"13-常用公服设施点/SHP/上海市_培训机构.shp"},"geometry":{"type":"Point","coordinates":[121.437832,31.255995]}},{"id":"2171","type":"Feature","properties":{"id":"B0GKMCRTHV","name":"上海巨之袁","address":"中山北路1482号万业远景大厦B座302室","type":"科教文化服务;培训机构;培训机构","typecode":"141400","pcode":310000,"pname":"上海市","citycode":21,"cityname":"上海市","adcode":310107,"adname":"普陀区","business_a":"光新","location":"121.440683,31.254615","tel":"[]","bigType":"科教文化服务","midType":"培训机构","smallType":"培训机构","gcj_lng":121.440683,"gcj_lat":31.254615,"wgs84_loc":"121.436069,31.256472","wgs84Lng":"121.436069","wgs84Lat":"31.256472","__source_file__":"13-常用公服设施点/SHP/上海市_培训机构.shp"},"geometry":{"type":"Point","coordinates":[121.436069,31.256472]}},{"id":"1836","type":"Feature","properties":{"id":"B0FFKSIAVQ","name":"正心格练字(正心格练字中潭路校区)","address":"远景路与中潭路交叉口西约80米","type":"科教文化服务;培训机构;培训机构","typecode":"141400","pcode":310000,"pname":"上海市","citycode":21,"cityname":"上海市","adcode":310107,"adname":"普陀区","business_a":"光新","location":"121.440478,31.254796","tel":"[]","bigType":"科教文化服务","midType":"培训机构","smallType":"培训机构","gcj_lng":121.440478,"gcj_lat":31.254796,"wgs84_loc":"121.435863,31.256652","wgs84Lng":"121.435863","wgs84Lat":"31.256652","__source_file__":"13-常用公服设施点/SHP/上海市_培训机构.shp"},"geometry":{"type":"Point","coordinates":[121.435863,31.256652]}},{"id":"15168","type":"Feature","properties":{"id":"B0FFIGF3YA","name":"布莱安国际","address":"远景路664附近","type":"科教文化服务;培训机构;培训机构","typecode":"141400","pcode":310000,"pname":"上海市","citycode":21,"cityname":"上海市","adcode":310107,"adname":"普陀区","business_a":"光新","location":"121.440557,31.254828","tel":"[]","bigType":"科教文化服务","midType":"培训机构","smallType":"培训机构","gcj_lng":121.440557,"gcj_lat":31.254828,"wgs84_loc":"121.435943,31.256685","wgs84Lng":"121.435943","wgs84Lat":"31.256685","__source_file__":"13-常用公服设施点/SHP/上海市_培训机构.shp"},"geometry":{"type":"Point","coordinates":[121.435943,31.256685]}},{"id":"2179","type":"Feature","properties":{"id":"B0FFMF01EP","name":"允学教育","address":"远景路与中潭路交叉口西约40米","type":"科教文化服务;培训机构;培训机构","typecode":"141400","pcode":310000,"pname":"上海市","citycode":21,"cityname":"上海市","adcode":310107,"adname":"普陀区","business_a":"光新","location":"121.440902,31.254867","tel":"[]","bigType":"科教文化服务","midType":"培训机构","smallType":"培训机构","gcj_lng":121.440902,"gcj_lat":31.254867,"wgs84_loc":"121.436288,31.256724","wgs84Lng":"121.436288","wgs84Lat":"31.256724","__source_file__":"13-常用公服设施点/SHP/上海市_培训机构.shp"},"geometry":{"type":"Point","coordinates":[121.436288,31.256724]}},{"id":"1987","type":"Feature","properties":{"id":"B0HU652NP7","name":"珠心算上海实验基地","address":"中潭路地铁口万业新阶B座3楼","type":"科教文化服务;培训机构;培训机构","typecode":"141400","pcode":310000,"pname":"上海市","citycode":21,"cityname":"上海市","adcode":310107,"adname":"普陀区","business_a":"光新","location":"121.440489,31.254873","tel":"13901749300","bigType":"科教文化服务","midType":"培训机构","smallType":"培训机构","gcj_lng":121.440489,"gcj_lat":31.254873,"wgs84_loc":"121.435874,31.256729","wgs84Lng":"121.435874","wgs84Lat":"31.256729","__source_file__":"13-常用公服设施点/SHP/上海市_培训机构.shp"},"geometry":{"type":"Point","coordinates":[121.435874,31.256729]}},{"id":"2084","type":"Feature","properties":{"id":"B0FFK70UZV","name":"昂立教育(中潭校区)","address":"远景路662号万业新阶b座310","type":"科教文化服务;培训机构;培训机构","typecode":"141400","pcode":310000,"pname":"上海市","citycode":21,"cityname":"上海市","adcode":310107,"adname":"普陀区","business_a":"光新","location":"121.440748,31.254887","tel":"[]","bigType":"科教文化服务","midType":"培训机构","smallType":"培训机构","gcj_lng":121.440748,"gcj_lat":31.254887,"wgs84_loc":"121.436134,31.256744","wgs84Lng":"121.436134","wgs84Lat":"31.256744","__source_file__":"13-常用公服设施点/SHP/上海市_培训机构.shp"},"geometry":{"type":"Point","coordinates":[121.436134,31.256744]}},{"id":"2282","type":"Feature","properties":{"id":"B0G3FCMD63","name":"DdArt叮咚艺术","address":"远景路与中潭路交叉口东约60米","type":"科教文化服务;培训机构;培训机构","typecode":"141400","pcode":310000,"pname":"上海市","citycode":21,"cityname":"上海市","adcode":310107,"adname":"普陀区","business_a":"光新","location":"121.441947,31.254932","tel":"[]","bigType":"科教文化服务","midType":"培训机构","smallType":"培训机构","gcj_lng":121.441947,"gcj_lat":31.254932,"wgs84_loc":"121.437335,31.256791","wgs84Lng":"121.437335","wgs84Lat":"31.256791","__source_file__":"13-常用公服设施点/SHP/上海市_培训机构.shp"},"geometry":{"type":"Point","coordinates":[121.437335,31.256791]}},{"id":"5863","type":"Feature","properties":{"id":"B0FFLJH5ZA","name":"上海爱商心理事务所·亲子家庭心理咨询与辅导中心","address":"西苏州路71号7楼","type":"科教文化服务;培训机构;培训机构","typecode":"141400","pcode":310000,"pname":"上海市","citycode":21,"cityname":"上海市","adcode":310106,"adname":"静安区","business_a":"曹家渡","location":"121.452175,31.241203","tel":"[]","bigType":"科教文化服务","midType":"培训机构","smallType":"培训机构","gcj_lng":121.452175,"gcj_lat":31.241203,"wgs84_loc":"121.447588,31.243088","wgs84Lng":"121.447588","wgs84Lat":"31.243088","__source_file__":"13-常用公服设施点/SHP/上海市_培训机构.shp"},"geometry":{"type":"Point","coordinates":[121.447588,31.243088]}},{"id":"6269","type":"Feature","properties":{"id":"B0FFJV0DZV","name":"Azucar Dance阿祝卡舞蹈艺术中心","address":"长安路803号401室苏河融景商铺楼","type":"科教文化服务;培训机构;培训机构","typecode":"141400","pcode":310000,"pname":"上海市","citycode":21,"cityname":"上海市","adcode":310106,"adname":"静安区","business_a":"[]","location":"121.454408,31.241952","tel":"4008817335","bigType":"科教文化服务","midType":"培训机构","smallType":"培训机构","gcj_lng":121.454408,"gcj_lat":31.241952,"wgs84_loc":"121.449827,31.243841","wgs84Lng":"121.449827","wgs84Lat":"31.243841","__source_file__":"13-常用公服设施点/SHP/上海市_培训机构.shp"},"geometry":{"type":"Point","coordinates":[121.449827,31.243841]}},{"id":"5940","type":"Feature","properties":{"id":"B0FFIG3O5O","name":"小小萌树少儿法语(静安校区)","address":"安远路1号1楼(近西苏州路)","type":"科教文化服务;培训机构;培训机构","typecode":"141400","pcode":310000,"pname":"上海市","citycode":21,"cityname":"上海市","adcode":310106,"adname":"静安区","business_a":"曹家渡","location":"121.449892,31.242527","tel":"13601823099;15000401743","bigType":"科教文化服务","midType":"培训机构","smallType":"培训机构","gcj_lng":121.449892,"gcj_lat":31.242527,"wgs84_loc":"121.445299,31.244406","wgs84Lng":"121.445299","wgs84Lat":"31.244406","__source_file__":"13-常用公服设施点/SHP/上海市_培训机构.shp"},"geometry":{"type":"Point","coordinates":[121.445299,31.244406]}},{"id":"6350","type":"Feature","properties":{"id":"B0G3AOKGHB","name":"家庭法语学习中心","address":"西苏州路与安远路交叉口东南约60米","type":"科教文化服务;培训机构;培训机构","typecode":"141400","pcode":310000,"pname":"上海市","citycode":21,"cityname":"上海市","adcode":310106,"adname":"静安区","business_a":"曹家渡","location":"121.450009,31.242623","tel":"[]","bigType":"科教文化服务","midType":"培训机构","smallType":"培训机构","gcj_lng":121.450009,"gcj_lat":31.242623,"wgs84_loc":"121.445417,31.244503","wgs84Lng":"121.445417","wgs84Lat":"31.244503","__source_file__":"13-常用公服设施点/SHP/上海市_培训机构.shp"},"geometry":{"type":"Point","coordinates":[121.445417,31.244503]}},{"id":"5875","type":"Feature","properties":{"id":"B0FFLDOTO2","name":"Prelude法语培训中心(安远路店)","address":"安远路1号达安商务楼1楼","type":"科教文化服务;培训机构;培训机构","typecode":"141400","pcode":310000,"pname":"上海市","citycode":21,"cityname":"上海市","adcode":310106,"adname":"静安区","business_a":"曹家渡","location":"121.449721,31.242664","tel":"021-62165076;13585697584","bigType":"科教文化服务","midType":"培训机构","smallType":"培训机构","gcj_lng":121.449721,"gcj_lat":31.242664,"wgs84_loc":"121.445128,31.244543","wgs84Lng":"121.445128","wgs84Lat":"31.244543","__source_file__":"13-常用公服设施点/SHP/上海市_培训机构.shp"},"geometry":{"type":"Point","coordinates":[121.445128,31.244543]}},{"id":"5730","type":"Feature","properties":{"id":"B0GRXC8327","name":"万有儿童成长中心","address":"普济路53号2层","type":"科教文化服务;培训机构;培训机构","typecode":"141400","pcode":310000,"pname":"上海市","citycode":21,"cityname":"上海市","adcode":310106,"adname":"静安区","business_a":"[]","location":"121.454298,31.242725","tel":"13818097578","bigType":"科教文化服务","midType":"培训机构","smallType":"培训机构","gcj_lng":121.454298,"gcj_lat":31.242725,"wgs84_loc":"121.449716,31.244614","wgs84Lng":"121.449716","wgs84Lat":"31.244614","__source_file__":"13-常用公服设施点/SHP/上海市_培训机构.shp"},"geometry":{"type":"Point","coordinates":[121.449716,31.244614]}},{"id":"5955","type":"Feature","properties":{"id":"B0GUSCMEC8","name":"四季教育(恒丰路校区)","address":"恒丰路600号机电大厦 一楼内 四季教育恒丰路校区","type":"科教文化服务;培训机构;培训机构","typecode":"141400","pcode":310000,"pname":"上海市","citycode":21,"cityname":"上海市","adcode":310106,"adname":"静安区","business_a":"[]","location":"121.452334,31.246832","tel":"4008215247","bigType":"科教文化服务","midType":"培训机构","smallType":"培训机构","gcj_lng":121.452334,"gcj_lat":31.246832,"wgs84_loc":"121.447747,31.248715","wgs84Lng":"121.447747","wgs84Lat":"31.248715","__source_file__":"13-常用公服设施点/SHP/上海市_培训机构.shp"},"geometry":{"type":"Point","coordinates":[121.447747,31.248715]}},{"id":"14935","type":"Feature","properties":{"id":"B0G2AK1LLD","name":"华洋轩艺术中心","address":"莫干山路与西苏州路交叉口西20米","type":"科教文化服务;培训机构;培训机构","typecode":"141400","pcode":310000,"pname":"上海市","citycode":21,"cityname":"上海市","adcode":310107,"adname":"普陀区","business_a":"光新","location":"121.449078,31.246858","tel":"[]","bigType":"科教文化服务","midType":"培训机构","smallType":"培训机构","gcj_lng":121.449078,"gcj_lat":31.246858,"wgs84_loc":"121.444483,31.248734","wgs84Lng":"121.444483","wgs84Lat":"31.248734","__source_file__":"13-常用公服设施点/SHP/上海市_培训机构.shp"},"geometry":{"type":"Point","coordinates":[121.444483,31.248734]}},{"id":"5821","type":"Feature","properties":{"id":"B0G2K9VJ75","name":"InDance舞蹈工作室","address":"长安路1138号12G","type":"科教文化服务;培训机构;培训机构","typecode":"141400","pcode":310000,"pname":"上海市","citycode":21,"cityname":"上海市","adcode":310106,"adname":"静安区","business_a":"[]","location":"121.451756,31.246912","tel":"15214324632","bigType":"科教文化服务","midType":"培训机构","smallType":"培训机构","gcj_lng":121.451756,"gcj_lat":31.246912,"wgs84_loc":"121.447168,31.248793","wgs84Lng":"121.447168","wgs84Lat":"31.248793","__source_file__":"13-常用公服设施点/SHP/上海市_培训机构.shp"},"geometry":{"type":"Point","coordinates":[121.447168,31.248793]}},{"id":"6030","type":"Feature","properties":{"id":"B0FFKSH7ZN","name":"西游国际艺术教育","address":"恒丰路610号金岸610A502-506(上海火车站,M50)","type":"科教文化服务;培训机构;培训机构","typecode":"141400","pcode":310000,"pname":"上海市","citycode":21,"cityname":"上海市","adcode":310106,"adname":"静安区","business_a":"[]","location":"121.451019,31.247150","tel":"021-56482070","bigType":"科教文化服务","midType":"培训机构","smallType":"培训机构","gcj_lng":121.451019,"gcj_lat":31.24715,"wgs84_loc":"121.446429,31.24903","wgs84Lng":"121.446429","wgs84Lat":"31.24903","__source_file__":"13-常用公服设施点/SHP/上海市_培训机构.shp"},"geometry":{"type":"Point","coordinates":[121.446429,31.24903]}},{"id":"103","type":"Feature","properties":{"id":"B0G2AK2I9J","name":"cksc篮球培训","address":"天目中路辅路与新民支路交叉口北约60米","type":"科教文化服务;培训机构;培训机构","typecode":"141400","pcode":310000,"pname":"上海市","citycode":21,"cityname":"上海市","adcode":310106,"adname":"静安区","business_a":"宝山路","location":"121.463874,31.245094","tel":"[]","bigType":"科教文化服务","midType":"培训机构","smallType":"培训机构","gcj_lng":121.463874,"gcj_lat":31.245094,"wgs84_loc":"121.459319,31.247004","wgs84Lng":"121.459319","wgs84Lat":"31.247004","__source_file__":"13-常用公服设施点/SHP/上海市_培训机构.shp"},"geometry":{"type":"Point","coordinates":[121.459319,31.247004]}},{"id":"5787","type":"Feature","properties":{"id":"B0FFLB8D4D","name":"新思界静安校区(钢琴架子鼓)","address":"京江路208号","type":"科教文化服务;培训机构;培训机构","typecode":"141400","pcode":310000,"pname":"上海市","citycode":21,"cityname":"上海市","adcode":310106,"adname":"静安区","business_a":"宝山路","location":"121.463996,31.248383","tel":"18860411677","bigType":"科教文化服务","midType":"培训机构","smallType":"培训机构","gcj_lng":121.463996,"gcj_lat":31.248383,"wgs84_loc":"121.459441,31.250292","wgs84Lng":"121.459441","wgs84Lat":"31.250292","__source_file__":"13-常用公服设施点/SHP/上海市_培训机构.shp"},"geometry":{"type":"Point","coordinates":[121.459441,31.250292]}},{"id":"6059","type":"Feature","properties":{"id":"B0H6XGULZM","name":"新思界(静安校区)","address":"京江路208号","type":"科教文化服务;培训机构;培训机构","typecode":"141400","pcode":310000,"pname":"上海市","citycode":21,"cityname":"上海市","adcode":310106,"adname":"静安区","business_a":"宝山路","location":"121.464046,31.248384","tel":"[]","bigType":"科教文化服务","midType":"培训机构","smallType":"培训机构","gcj_lng":121.464046,"gcj_lat":31.248384,"wgs84_loc":"121.459491,31.250293","wgs84Lng":"121.459491","wgs84Lat":"31.250293","__source_file__":"13-常用公服设施点/SHP/上海市_培训机构.shp"},"geometry":{"type":"Point","coordinates":[121.459491,31.250293]}},{"id":"9359","type":"Feature","properties":{"id":"B0G0KYSE2U","name":"鼓事·爵士鼓教育(静安校区)","address":"京江路206号二楼-218号","type":"科教文化服务;培训机构;培训机构","typecode":"141400","pcode":310000,"pname":"上海市","citycode":21,"cityname":"上海市","adcode":310106,"adname":"静安区","business_a":"宝山路","location":"121.463990,31.248392","tel":"[]","bigType":"科教文化服务","midType":"培训机构","smallType":"培训机构","gcj_lng":121.46399,"gcj_lat":31.248392,"wgs84_loc":"121.459435,31.250301","wgs84Lng":"121.459435","wgs84Lat":"31.250301","__source_file__":"13-常用公服设施点/SHP/上海市_培训机构.shp"},"geometry":{"type":"Point","coordinates":[121.459435,31.250301]}},{"id":"16005","type":"Feature","properties":{"id":"B0FFKSDF9G","name":"吉斯顿钢琴","address":"虬江路1538号2楼","type":"科教文化服务;培训机构;培训机构","typecode":"141400","pcode":310000,"pname":"上海市","citycode":21,"cityname":"上海市","adcode":310106,"adname":"静安区","business_a":"宝山路","location":"121.463995,31.248410","tel":"18860411677","bigType":"科教文化服务","midType":"培训机构","smallType":"培训机构","gcj_lng":121.463995,"gcj_lat":31.24841,"wgs84_loc":"121.45944,31.250319","wgs84Lng":"121.45944","wgs84Lat":"31.250319","__source_file__":"13-常用公服设施点/SHP/上海市_培训机构.shp"},"geometry":{"type":"Point","coordinates":[121.45944,31.250319]}},{"id":"17459","type":"Feature","properties":{"id":"B0HK3DMNTO","name":"尚培跆拳道舞蹈","address":"京江路216号","type":"科教文化服务;培训机构;培训机构","typecode":"141400","pcode":310000,"pname":"上海市","citycode":21,"cityname":"上海市","adcode":310106,"adname":"静安区","business_a":"宝山路","location":"121.463920,31.248418","tel":"17050675999","bigType":"科教文化服务","midType":"培训机构","smallType":"培训机构","gcj_lng":121.46392,"gcj_lat":31.248418,"wgs84_loc":"121.459365,31.250327","wgs84Lng":"121.459365","wgs84Lat":"31.250327","__source_file__":"13-常用公服设施点/SHP/上海市_培训机构.shp"},"geometry":{"type":"Point","coordinates":[121.459365,31.250327]}},{"id":"6148","type":"Feature","properties":{"id":"B0G2MKVLUQ","name":"CUL英文学社","address":"共和新路与京江路交叉口西北约40米","type":"科教文化服务;培训机构;培训机构","typecode":"141400","pcode":310000,"pname":"上海市","citycode":21,"cityname":"上海市","adcode":310106,"adname":"静安区","business_a":"宝山路","location":"121.462777,31.248933","tel":"[]","bigType":"科教文化服务","midType":"培训机构","smallType":"培训机构","gcj_lng":121.462777,"gcj_lat":31.248933,"wgs84_loc":"121.458218,31.250839","wgs84Lng":"121.458218","wgs84Lat":"31.250839","__source_file__":"13-常用公服设施点/SHP/上海市_培训机构.shp"},"geometry":{"type":"Point","coordinates":[121.458218,31.250839]}},{"id":"14890","type":"Feature","properties":{"id":"B0G27RFIIS","name":"昭画惜食画室","address":"太阳山路188弄9号中海万锦城二期","type":"科教文化服务;培训机构;培训机构","typecode":"141400","pcode":310000,"pname":"上海市","citycode":21,"cityname":"上海市","adcode":310106,"adname":"静安区","business_a":"和田","location":"121.460439,31.249240","tel":"13918307427","bigType":"科教文化服务","midType":"培训机构","smallType":"培训机构","gcj_lng":121.460439,"gcj_lat":31.24924,"wgs84_loc":"121.455874,31.25114","wgs84Lng":"121.455874","wgs84Lat":"31.25114","__source_file__":"13-常用公服设施点/SHP/上海市_培训机构.shp"},"geometry":{"type":"Point","coordinates":[121.455874,31.25114]}},{"id":"1586","type":"Feature","properties":{"id":"B0FFL77KT8","name":"袋鼠轻食培训学院","address":"太阳山路188号中海万锦城二期6号1206室","type":"科教文化服务;培训机构;培训机构","typecode":"141400","pcode":310000,"pname":"上海市","citycode":21,"cityname":"上海市","adcode":310106,"adname":"静安区","business_a":"宝山路","location":"121.460830,31.249511","tel":"17621095558","bigType":"科教文化服务","midType":"培训机构","smallType":"培训机构","gcj_lng":121.46083,"gcj_lat":31.249511,"wgs84_loc":"121.456266,31.251412","wgs84Lng":"121.456266","wgs84Lat":"31.251412","__source_file__":"13-常用公服设施点/SHP/上海市_培训机构.shp"},"geometry":{"type":"Point","coordinates":[121.456266,31.251412]}},{"id":"17191","type":"Feature","properties":{"id":"B0FFK4G35I","name":"欧洲音乐艺术交流中心","address":"太阳山路188弄8号307室","type":"科教文化服务;培训机构;培训机构","typecode":"141400","pcode":310000,"pname":"上海市","citycode":21,"cityname":"上海市","adcode":310106,"adname":"静安区","business_a":"宝山路","location":"121.460003,31.249538","tel":"[]","bigType":"科教文化服务","midType":"培训机构","smallType":"培训机构","gcj_lng":121.460003,"gcj_lat":31.249538,"wgs84_loc":"121.455436,31.251437","wgs84Lng":"121.455436","wgs84Lat":"31.251437","__source_file__":"13-常用公服设施点/SHP/上海市_培训机构.shp"},"geometry":{"type":"Point","coordinates":[121.455436,31.251437]}},{"id":"6124","type":"Feature","properties":{"id":"B0H1VCSGMO","name":"弦琴艺致音乐艺术工作室","address":"共和路219号企业公馆8F","type":"科教文化服务;培训机构;培训机构","typecode":"141400","pcode":310000,"pname":"上海市","citycode":21,"cityname":"上海市","adcode":310106,"adname":"静安区","business_a":"[]","location":"121.457934,31.244536","tel":"17521151328","bigType":"科教文化服务","midType":"培训机构","smallType":"培训机构","gcj_lng":121.457934,"gcj_lat":31.244536,"wgs84_loc":"121.453362,31.246432","wgs84Lng":"121.453362","wgs84Lat":"31.246432","__source_file__":"13-常用公服设施点/SHP/上海市_培训机构.shp"},"geometry":{"type":"Point","coordinates":[121.453362,31.246432]}},{"id":"5932","type":"Feature","properties":{"id":"B0FFHMB0AR","name":"金宝贝(闸北嘉里企业中心店)","address":"共和路219号嘉里不夜城企业中心3座企业公馆2楼","type":"科教文化服务;培训机构;培训机构","typecode":"141400","pcode":310000,"pname":"上海市","citycode":21,"cityname":"上海市","adcode":310106,"adname":"静安区","business_a":"[]","location":"121.457752,31.244830","tel":"021-54569026","bigType":"科教文化服务","midType":"培训机构","smallType":"培训机构","gcj_lng":121.457752,"gcj_lat":31.24483,"wgs84_loc":"121.45318,31.246725","wgs84Lng":"121.45318","wgs84Lat":"31.246725","__source_file__":"13-常用公服设施点/SHP/上海市_培训机构.shp"},"geometry":{"type":"Point","coordinates":[121.45318,31.246725]}},{"id":"5694","type":"Feature","properties":{"id":"B0FFHUAT2D","name":"金宝贝早教(静安嘉里企业中心)","address":"共和路219号嘉里不夜城企业中心第3座201-1室","type":"科教文化服务;培训机构;培训机构","typecode":"141400","pcode":310000,"pname":"上海市","citycode":21,"cityname":"上海市","adcode":310106,"adname":"静安区","business_a":"[]","location":"121.457501,31.245015","tel":"021-52922602","bigType":"科教文化服务","midType":"培训机构","smallType":"培训机构","gcj_lng":121.457501,"gcj_lat":31.245015,"wgs84_loc":"121.452928,31.24691","wgs84Lng":"121.452928","wgs84Lat":"31.24691","__source_file__":"13-常用公服设施点/SHP/上海市_培训机构.shp"},"geometry":{"type":"Point","coordinates":[121.452928,31.24691]}},{"id":"6193","type":"Feature","properties":{"id":"B001572MR8","name":"欣旋pmp培训中心","address":"天目西路218号嘉里不夜城第一座810号","type":"科教文化服务;培训机构;培训机构","typecode":"141400","pcode":310000,"pname":"上海市","citycode":21,"cityname":"上海市","adcode":310106,"adname":"静安区","business_a":"[]","location":"121.456445,31.245503","tel":"021-32160779","bigType":"科教文化服务","midType":"培训机构","smallType":"培训机构","gcj_lng":121.456445,"gcj_lat":31.245503,"wgs84_loc":"121.451869,31.247395","wgs84Lng":"121.451869","wgs84Lat":"31.247395","__source_file__":"13-常用公服设施点/SHP/上海市_培训机构.shp"},"geometry":{"type":"Point","coordinates":[121.451869,31.247395]}},{"id":"5888","type":"Feature","properties":{"id":"B0GKUUIWIT","name":"金鸽平钢琴教室","address":"天目西路辅路与民立路交叉口西南约60米","type":"科教文化服务;培训机构;培训机构","typecode":"141400","pcode":310000,"pname":"上海市","citycode":21,"cityname":"上海市","adcode":310106,"adname":"静安区","business_a":"[]","location":"121.455550,31.245622","tel":"18930317706","bigType":"科教文化服务","midType":"培训机构","smallType":"培训机构","gcj_lng":121.45555,"gcj_lat":31.245622,"wgs84_loc":"121.450972,31.247512","wgs84Lng":"121.450972","wgs84Lat":"31.247512","__source_file__":"13-常用公服设施点/SHP/上海市_培训机构.shp"},"geometry":{"type":"Point","coordinates":[121.450972,31.247512]}},{"id":"6132","type":"Feature","properties":{"id":"B0GRH4OTVQ","name":"迈克四六级英语·雅思托福·成人口语","address":"大统路988B座协诚中心大厦","type":"科教文化服务;培训机构;培训机构","typecode":"141400","pcode":310000,"pname":"上海市","citycode":21,"cityname":"上海市","adcode":310106,"adname":"静安区","business_a":"宝山路","location":"121.458997,31.255476","tel":"[]","bigType":"科教文化服务","midType":"培训机构","smallType":"培训机构","gcj_lng":121.458997,"gcj_lat":31.255476,"wgs84_loc":"121.454427,31.25737","wgs84Lng":"121.454427","wgs84Lat":"31.25737","__source_file__":"13-常用公服设施点/SHP/上海市_培训机构.shp"},"geometry":{"type":"Point","coordinates":[121.454427,31.25737]}},{"id":"6195","type":"Feature","properties":{"id":"B0FFIB8QZQ","name":"俊柯化妆摄影培训学校(闸北分部)","address":"大统路988弄A座701室","type":"科教文化服务;培训机构;培训机构","typecode":"141400","pcode":310000,"pname":"上海市","citycode":21,"cityname":"上海市","adcode":310106,"adname":"静安区","business_a":"和田","location":"121.459075,31.255579","tel":"[]","bigType":"科教文化服务","midType":"培训机构","smallType":"培训机构","gcj_lng":121.459075,"gcj_lat":31.255579,"wgs84_loc":"121.454505,31.257473","wgs84Lng":"121.454505","wgs84Lat":"31.257473","__source_file__":"13-常用公服设施点/SHP/上海市_培训机构.shp"},"geometry":{"type":"Point","coordinates":[121.454505,31.257473]}},{"id":"5958","type":"Feature","properties":{"id":"B0G2Y7RRR7","name":"上海丹鼎画院","address":"大统路988弄B座1201室","type":"科教文化服务;培训机构;培训机构","typecode":"141400","pcode":310000,"pname":"上海市","citycode":21,"cityname":"上海市","adcode":310106,"adname":"静安区","business_a":"宝山路","location":"121.458858,31.256009","tel":"13701853283","bigType":"科教文化服务","midType":"培训机构","smallType":"培训机构","gcj_lng":121.458858,"gcj_lat":31.256009,"wgs84_loc":"121.454288,31.257902","wgs84Lng":"121.454288","wgs84Lat":"31.257902","__source_file__":"13-常用公服设施点/SHP/上海市_培训机构.shp"},"geometry":{"type":"Point","coordinates":[121.454288,31.257902]}},{"id":"18370","type":"Feature","properties":{"id":"B0JRG71F45","name":"KS米高轮滑滑板(五月花生活广场)","address":"芷江西路488号五月花生活广场西区2层235室","type":"科教文化服务;培训机构;培训机构","typecode":"141400","pcode":310000,"pname":"上海市","citycode":21,"cityname":"上海市","adcode":310106,"adname":"静安区","business_a":"不夜城","location":"121.456832,31.256416","tel":"13022114777;13761420657","bigType":"科教文化服务","midType":"培训机构","smallType":"培训机构","gcj_lng":121.456832,"gcj_lat":31.256416,"wgs84_loc":"121.452256,31.258304","wgs84Lng":"121.452256","wgs84Lat":"31.258304","__source_file__":"13-常用公服设施点/SHP/上海市_培训机构.shp"},"geometry":{"type":"Point","coordinates":[121.452256,31.258304]}},{"id":"5714","type":"Feature","properties":{"id":"B0FFH9Y456","name":"星宝贝创意中心(五月花广场店)","address":"芷江西路街道芷江西路488号(五月花生活广场)2楼","type":"科教文化服务;培训机构;培训机构","typecode":"141400","pcode":310000,"pname":"上海市","citycode":21,"cityname":"上海市","adcode":310106,"adname":"静安区","business_a":"和田","location":"121.456902,31.256503","tel":"[]","bigType":"科教文化服务","midType":"培训机构","smallType":"培训机构","gcj_lng":121.456902,"gcj_lat":31.256503,"wgs84_loc":"121.452326,31.258391","wgs84Lng":"121.452326","wgs84Lat":"31.258391","__source_file__":"13-常用公服设施点/SHP/上海市_培训机构.shp"},"geometry":{"type":"Point","coordinates":[121.452326,31.258391]}},{"id":"5798","type":"Feature","properties":{"id":"B0FFFUAPU4","name":"笙声教育(虬江路店)","address":"虬江路1488弄城上城2楼中心花园185号","type":"科教文化服务;培训机构;培训机构","typecode":"141400","pcode":310000,"pname":"上海市","citycode":21,"cityname":"上海市","adcode":310106,"adname":"静安区","business_a":"宝山路","location":"121.464579,31.249728","tel":"[]","bigType":"科教文化服务","midType":"培训机构","smallType":"培训机构","gcj_lng":121.464579,"gcj_lat":31.249728,"wgs84_loc":"121.460026,31.251638","wgs84Lng":"121.460026","wgs84Lat":"31.251638","__source_file__":"13-常用公服设施点/SHP/上海市_培训机构.shp"},"geometry":{"type":"Point","coordinates":[121.460026,31.251638]}},{"id":"12977","type":"Feature","properties":{"id":"B0FFJ0UQA0","name":"爱丽丝绘本馆","address":"虬江路1538号101-4区(近共和新路)","type":"科教文化服务;培训机构;培训机构","typecode":"141400","pcode":310000,"pname":"上海市","citycode":21,"cityname":"上海市","adcode":310106,"adname":"静安区","business_a":"宝山路","location":"121.464133,31.249812","tel":"[]","bigType":"科教文化服务","midType":"培训机构","smallType":"培训机构","gcj_lng":121.464133,"gcj_lat":31.249812,"wgs84_loc":"121.459578,31.25172","wgs84Lng":"121.459578","wgs84Lat":"31.25172","__source_file__":"13-常用公服设施点/SHP/上海市_培训机构.shp"},"geometry":{"type":"Point","coordinates":[121.459578,31.25172]}},{"id":"17443","type":"Feature","properties":{"id":"B0FFJXEFVG","name":"兔森林","address":"虬江路1538号兔森林故事","type":"科教文化服务;培训机构;培训机构|餐饮服务;餐饮相关场所;餐饮相关","typecode":"141400|050000","pcode":310000,"pname":"上海市","citycode":21,"cityname":"上海市","adcode":310106,"adname":"静安区","business_a":"宝山路","location":"121.464037,31.249847","tel":"[]","bigType":"科教文化服务","midType":"培训机构","smallType":"培训机构|餐饮服务","gcj_lng":121.464037,"gcj_lat":31.249847,"wgs84_loc":"121.459482,31.251755","wgs84Lng":"121.459482","wgs84Lat":"31.251755","__source_file__":"13-常用公服设施点/SHP/上海市_培训机构.shp"},"geometry":{"type":"Point","coordinates":[121.459482,31.251755]}},{"id":"6160","type":"Feature","properties":{"id":"B0FFLJTW14","name":"向上自习社(虬江路)学习中心(虬江路学习中心)","address":"虬江路1538号2楼","type":"科教文化服务;培训机构;培训机构","typecode":"141400","pcode":310000,"pname":"上海市","citycode":21,"cityname":"上海市","adcode":310106,"adname":"静安区","business_a":"宝山路","location":"121.464061,31.250137","tel":"[]","bigType":"科教文化服务","midType":"培训机构","smallType":"培训机构","gcj_lng":121.464061,"gcj_lat":31.250137,"wgs84_loc":"121.459506,31.252045","wgs84Lng":"121.459506","wgs84Lat":"31.252045","__source_file__":"13-常用公服设施点/SHP/上海市_培训机构.shp"},"geometry":{"type":"Point","coordinates":[121.459506,31.252045]}},{"id":"14304","type":"Feature","properties":{"id":"B00155GEQL","name":"科普作家创作室","address":"永兴小马路18号凯鹏国际大厦21H","type":"科教文化服务;培训机构;培训机构","typecode":"141400","pcode":310000,"pname":"上海市","citycode":21,"cityname":"上海市","adcode":310106,"adname":"静安区","business_a":"宝山路","location":"121.464124,31.250368","tel":"[]","bigType":"科教文化服务","midType":"培训机构","smallType":"培训机构","gcj_lng":121.464124,"gcj_lat":31.250368,"wgs84_loc":"121.459569,31.252276","wgs84Lng":"121.459569","wgs84Lat":"31.252276","__source_file__":"13-常用公服设施点/SHP/上海市_培训机构.shp"},"geometry":{"type":"Point","coordinates":[121.459569,31.252276]}},{"id":"6115","type":"Feature","properties":{"id":"B0HA7UYGI0","name":"高端家政培训","address":"长兴路中海万锦城","type":"科教文化服务;培训机构;培训机构","typecode":"141400","pcode":310000,"pname":"上海市","citycode":21,"cityname":"上海市","adcode":310106,"adname":"静安区","business_a":"宝山路","location":"121.461253,31.251068","tel":"[]","bigType":"科教文化服务","midType":"培训机构","smallType":"培训机构","gcj_lng":121.461253,"gcj_lat":31.251068,"wgs84_loc":"121.45669,31.252969","wgs84Lng":"121.45669","wgs84Lat":"31.252969","__source_file__":"13-常用公服设施点/SHP/上海市_培训机构.shp"},"geometry":{"type":"Point","coordinates":[121.45669,31.252969]}},{"id":"6232","type":"Feature","properties":{"id":"B0FFL8OKVK","name":"有方教育","address":"长兴路173号(长兴路永兴路路口)","type":"科教文化服务;培训机构;培训机构","typecode":"141400","pcode":310000,"pname":"上海市","citycode":21,"cityname":"上海市","adcode":310106,"adname":"静安区","business_a":"和田","location":"121.461049,31.251111","tel":"[]","bigType":"科教文化服务","midType":"培训机构","smallType":"培训机构","gcj_lng":121.461049,"gcj_lat":31.251111,"wgs84_loc":"121.456485,31.253011","wgs84Lng":"121.456485","wgs84Lat":"31.253011","__source_file__":"13-常用公服设施点/SHP/上海市_培训机构.shp"},"geometry":{"type":"Point","coordinates":[121.456485,31.253011]}},{"id":"1584","type":"Feature","properties":{"id":"B0GKHL4D34","name":"蓝若培训","address":"长兴路173号3楼","type":"科教文化服务;培训机构;培训机构","typecode":"141400","pcode":310000,"pname":"上海市","citycode":21,"cityname":"上海市","adcode":310106,"adname":"静安区","business_a":"宝山路","location":"121.461109,31.251216","tel":"13918837838","bigType":"科教文化服务","midType":"培训机构","smallType":"培训机构","gcj_lng":121.461109,"gcj_lat":31.251216,"wgs84_loc":"121.456545,31.253116","wgs84Lng":"121.456545","wgs84Lat":"31.253116","__source_file__":"13-常用公服设施点/SHP/上海市_培训机构.shp"},"geometry":{"type":"Point","coordinates":[121.456545,31.253116]}},{"id":"16660","type":"Feature","properties":{"id":"B0FFJIWO4B","name":"米教英语(中兴路店)","address":"中兴路1223弄-1幢-1号3楼","type":"科教文化服务;培训机构;培训机构","typecode":"141400","pcode":310000,"pname":"上海市","citycode":21,"cityname":"上海市","adcode":310106,"adname":"静安区","business_a":"和田","location":"121.463339,31.252603","tel":"15026914900","bigType":"科教文化服务","midType":"培训机构","smallType":"培训机构","gcj_lng":121.463339,"gcj_lat":31.252603,"wgs84_loc":"121.458782,31.254508","wgs84Lng":"121.458782","wgs84Lat":"31.254508","__source_file__":"13-常用公服设施点/SHP/上海市_培训机构.shp"},"geometry":{"type":"Point","coordinates":[121.458782,31.254508]}},{"id":"6220","type":"Feature","properties":{"id":"B001571IJK","name":"弦音吉它培训中心(昆泰大厦分部)","address":"中兴路1101号昆泰大厦1103室(近共和新路)","type":"科教文化服务;培训机构;培训机构","typecode":"141400","pcode":310000,"pname":"上海市","citycode":21,"cityname":"上海市","adcode":310106,"adname":"静安区","business_a":"宝山路","location":"121.465119,31.252638","tel":"[]","bigType":"科教文化服务","midType":"培训机构","smallType":"培训机构","gcj_lng":121.465119,"gcj_lat":31.252638,"wgs84_loc":"121.460567,31.254548","wgs84Lng":"121.460567","wgs84Lat":"31.254548","__source_file__":"13-常用公服设施点/SHP/上海市_培训机构.shp"},"geometry":{"type":"Point","coordinates":[121.460567,31.254548]}},{"id":"6147","type":"Feature","properties":{"id":"B0G2TL52AS","name":"孔仁书画院","address":"中兴路与育婴堂路交叉口西约140米","type":"科教文化服务;培训机构;培训机构","typecode":"141400","pcode":310000,"pname":"上海市","citycode":21,"cityname":"上海市","adcode":310106,"adname":"静安区","business_a":"宝山路","location":"121.465745,31.252648","tel":"[]","bigType":"科教文化服务","midType":"培训机构","smallType":"培训机构","gcj_lng":121.465745,"gcj_lat":31.252648,"wgs84_loc":"121.461195,31.254559","wgs84Lng":"121.461195","wgs84Lat":"31.254559","__source_file__":"13-常用公服设施点/SHP/上海市_培训机构.shp"},"geometry":{"type":"Point","coordinates":[121.461195,31.254559]}},{"id":"9355","type":"Feature","properties":{"id":"B0GK751J0C","name":"孔仁文化传播","address":"中兴路与育婴堂路交叉口西140米","type":"科教文化服务;培训机构;培训机构","typecode":"141400","pcode":310000,"pname":"上海市","citycode":21,"cityname":"上海市","adcode":310106,"adname":"静安区","business_a":"和田","location":"121.465682,31.252651","tel":"[]","bigType":"科教文化服务","midType":"培训机构","smallType":"培训机构","gcj_lng":121.465682,"gcj_lat":31.252651,"wgs84_loc":"121.461132,31.254562","wgs84Lng":"121.461132","wgs84Lat":"31.254562","__source_file__":"13-常用公服设施点/SHP/上海市_培训机构.shp"},"geometry":{"type":"Point","coordinates":[121.461132,31.254562]}},{"id":"16088","type":"Feature","properties":{"id":"B001579F39","name":"恒心教育","address":"共和新路中兴路1233弄7幢1号","type":"科教文化服务;培训机构;培训机构","typecode":"141400","pcode":310000,"pname":"上海市","citycode":21,"cityname":"上海市","adcode":310106,"adname":"静安区","business_a":"宝山路","location":"121.463091,31.252712","tel":"[]","bigType":"科教文化服务","midType":"培训机构","smallType":"培训机构","gcj_lng":121.463091,"gcj_lat":31.252712,"wgs84_loc":"121.458533,31.254617","wgs84Lng":"121.458533","wgs84Lat":"31.254617","__source_file__":"13-常用公服设施点/SHP/上海市_培训机构.shp"},"geometry":{"type":"Point","coordinates":[121.458533,31.254617]}},{"id":"13627","type":"Feature","properties":{"id":"B0FFI33RCP","name":"开绘吧画室","address":"中华新路588弄中兴财富国际公寓3栋3201室(共和新路中华新路口)","type":"科教文化服务;培训机构;培训机构","typecode":"141400","pcode":310000,"pname":"上海市","citycode":21,"cityname":"上海市","adcode":310106,"adname":"静安区","business_a":"和田","location":"121.463197,31.253078","tel":"[]","bigType":"科教文化服务","midType":"培训机构","smallType":"培训机构","gcj_lng":121.463197,"gcj_lat":31.253078,"wgs84_loc":"121.458639,31.254983","wgs84Lng":"121.458639","wgs84Lat":"31.254983","__source_file__":"13-常用公服设施点/SHP/上海市_培训机构.shp"},"geometry":{"type":"Point","coordinates":[121.458639,31.254983]}},{"id":"5846","type":"Feature","properties":{"id":"B0FFG2YWL7","name":"星宝上学","address":"中华新路496号2号楼301室","type":"科教文化服务;培训机构;培训机构","typecode":"141400","pcode":310000,"pname":"上海市","citycode":21,"cityname":"上海市","adcode":310106,"adname":"静安区","business_a":"和田","location":"121.465313,31.253365","tel":"17821197607","bigType":"科教文化服务","midType":"培训机构","smallType":"培训机构","gcj_lng":121.465313,"gcj_lat":31.253365,"wgs84_loc":"121.460762,31.255275","wgs84Lng":"121.460762","wgs84Lat":"31.255275","__source_file__":"13-常用公服设施点/SHP/上海市_培训机构.shp"},"geometry":{"type":"Point","coordinates":[121.460762,31.255275]}},{"id":"14140","type":"Feature","properties":{"id":"B0FFFDZ13X","name":"上海健美队训练基地","address":"中华新路487附近","type":"科教文化服务;培训机构;培训机构","typecode":"141400","pcode":310000,"pname":"上海市","citycode":21,"cityname":"上海市","adcode":310106,"adname":"静安区","business_a":"和田","location":"121.465661,31.254466","tel":"[]","bigType":"科教文化服务","midType":"培训机构","smallType":"培训机构","gcj_lng":121.465661,"gcj_lat":31.254466,"wgs84_loc":"121.461111,31.256376","wgs84Lng":"121.461111","wgs84Lat":"31.256376","__source_file__":"13-常用公服设施点/SHP/上海市_培训机构.shp"},"geometry":{"type":"Point","coordinates":[121.461111,31.256376]}},{"id":"5768","type":"Feature","properties":{"id":"B0FFH8JLQZ","name":"敏学·3A教育(静安校区)","address":"共和新路696号","type":"科教文化服务;培训机构;培训机构","typecode":"141400","pcode":310000,"pname":"上海市","citycode":21,"cityname":"上海市","adcode":310106,"adname":"静安区","business_a":"宝山路","location":"121.463326,31.255048","tel":"021-61525270","bigType":"科教文化服务","midType":"培训机构","smallType":"培训机构","gcj_lng":121.463326,"gcj_lat":31.255048,"wgs84_loc":"121.458769,31.256952","wgs84Lng":"121.458769","wgs84Lat":"31.256952","__source_file__":"13-常用公服设施点/SHP/上海市_培训机构.shp"},"geometry":{"type":"Point","coordinates":[121.458769,31.256952]}},{"id":"110","type":"Feature","properties":{"id":"B0FFGS2BB6","name":"静安区早期教育指导研究中心","address":"大统路苏家巷213号","type":"科教文化服务;培训机构;培训机构","typecode":"141400","pcode":310000,"pname":"上海市","citycode":21,"cityname":"上海市","adcode":310106,"adname":"静安区","business_a":"宝山路","location":"121.459260,31.258292","tel":"[]","bigType":"科教文化服务","midType":"培训机构","smallType":"培训机构","gcj_lng":121.45926,"gcj_lat":31.258292,"wgs84_loc":"121.454691,31.260185","wgs84Lng":"121.454691","wgs84Lat":"31.260185","__source_file__":"13-常用公服设施点/SHP/上海市_培训机构.shp"},"geometry":{"type":"Point","coordinates":[121.454691,31.260185]}},{"id":"17444","type":"Feature","properties":{"id":"B0H0DAADEB","name":"东写西读自习室","address":"共和新路912号云华科技大厦504","type":"科教文化服务;培训机构;培训机构","typecode":"141400","pcode":310000,"pname":"上海市","citycode":21,"cityname":"上海市","adcode":310106,"adname":"静安区","business_a":"宝山路","location":"121.462377,31.258554","tel":"15921627443;13472816121","bigType":"科教文化服务","midType":"培训机构","smallType":"培训机构","gcj_lng":121.462377,"gcj_lat":31.258554,"wgs84_loc":"121.457816,31.260454","wgs84Lng":"121.457816","wgs84Lat":"31.260454","__source_file__":"13-常用公服设施点/SHP/上海市_培训机构.shp"},"geometry":{"type":"Point","coordinates":[121.457816,31.260454]}},{"id":"6247","type":"Feature","properties":{"id":"B0G3O7CNG6","name":"童林","address":"共和新路912弄云华科技大厦1906室","type":"科教文化服务;培训机构;培训机构","typecode":"141400","pcode":310000,"pname":"上海市","citycode":21,"cityname":"上海市","adcode":310106,"adname":"静安区","business_a":"宝山路","location":"121.462380,31.258578","tel":"13764357675","bigType":"科教文化服务","midType":"培训机构","smallType":"培训机构","gcj_lng":121.46238,"gcj_lat":31.258578,"wgs84_loc":"121.457819,31.260478","wgs84Lng":"121.457819","wgs84Lat":"31.260478","__source_file__":"13-常用公服设施点/SHP/上海市_培训机构.shp"},"geometry":{"type":"Point","coordinates":[121.457819,31.260478]}},{"id":"5771","type":"Feature","properties":{"id":"B0FFGDTDC4","name":"哆啦音乐空间(五月花生活广场)","address":"芷江西路488号五月花生活广场F2层","type":"科教文化服务;培训机构;培训机构","typecode":"141400","pcode":310000,"pname":"上海市","citycode":21,"cityname":"上海市","adcode":310106,"adname":"静安区","business_a":"和田","location":"121.456758,31.256534","tel":"18916590276","bigType":"科教文化服务","midType":"培训机构","smallType":"培训机构","gcj_lng":121.456758,"gcj_lat":31.256534,"wgs84_loc":"121.452182,31.258422","wgs84Lng":"121.452182","wgs84Lat":"31.258422","__source_file__":"13-常用公服设施点/SHP/上海市_培训机构.shp"},"geometry":{"type":"Point","coordinates":[121.452182,31.258422]}},{"id":"9373","type":"Feature","properties":{"id":"B0FFK64729","name":"全国优质早教连锁机构(五月花广场店)","address":"芷江西路488号五月花广场2层","type":"科教文化服务;培训机构;培训机构","typecode":"141400","pcode":310000,"pname":"上海市","citycode":21,"cityname":"上海市","adcode":310106,"adname":"静安区","business_a":"和田","location":"121.457681,31.256560","tel":"[]","bigType":"科教文化服务","midType":"培训机构","smallType":"培训机构","gcj_lng":121.457681,"gcj_lat":31.25656,"wgs84_loc":"121.453107,31.25845","wgs84Lng":"121.453107","wgs84Lat":"31.25845","__source_file__":"13-常用公服设施点/SHP/上海市_培训机构.shp"},"geometry":{"type":"Point","coordinates":[121.453107,31.25845]}},{"id":"5980","type":"Feature","properties":{"id":"B0FFJ1QZ0E","name":"星宝贝创意中心(芷江中心)","address":"芷江西路488号五月花生活广场F2","type":"科教文化服务;培训机构;培训机构","typecode":"141400","pcode":310000,"pname":"上海市","citycode":21,"cityname":"上海市","adcode":310106,"adname":"静安区","business_a":"和田","location":"121.457243,31.256592","tel":"021-61551106","bigType":"科教文化服务","midType":"培训机构","smallType":"培训机构","gcj_lng":121.457243,"gcj_lat":31.256592,"wgs84_loc":"121.452668,31.258481","wgs84Lng":"121.452668","wgs84Lat":"31.258481","__source_file__":"13-常用公服设施点/SHP/上海市_培训机构.shp"},"geometry":{"type":"Point","coordinates":[121.452668,31.258481]}},{"id":"5683","type":"Feature","properties":{"id":"B001572JFK","name":"爵士宝贝舞蹈艺术中心(静安店)","address":"芷江西路488号五月花广场2楼210-217(近普善路)","type":"科教文化服务;培训机构;培训机构","typecode":"141400","pcode":310000,"pname":"上海市","citycode":21,"cityname":"上海市","adcode":310106,"adname":"静安区","business_a":"和田","location":"121.457420,31.256617","tel":"021-66298819","bigType":"科教文化服务","midType":"培训机构","smallType":"培训机构","gcj_lng":121.45742,"gcj_lat":31.256617,"wgs84_loc":"121.452846,31.258506","wgs84Lng":"121.452846","wgs84Lat":"31.258506","__source_file__":"13-常用公服设施点/SHP/上海市_培训机构.shp"},"geometry":{"type":"Point","coordinates":[121.452846,31.258506]}},{"id":"5703","type":"Feature","properties":{"id":"B0FFI5630E","name":"墨舞艺术中心(五月花生活广场)","address":"芷江西路488号五月花生活广场F2层","type":"科教文化服务;培训机构;培训机构","typecode":"141400","pcode":310000,"pname":"上海市","citycode":21,"cityname":"上海市","adcode":310106,"adname":"静安区","business_a":"和田","location":"121.457759,31.256616","tel":"4008897255;17091833366","bigType":"科教文化服务","midType":"培训机构","smallType":"培训机构","gcj_lng":121.457759,"gcj_lat":31.256616,"wgs84_loc":"121.453186,31.258506","wgs84Lng":"121.453186","wgs84Lat":"31.258506","__source_file__":"13-常用公服设施点/SHP/上海市_培训机构.shp"},"geometry":{"type":"Point","coordinates":[121.453186,31.258506]}},{"id":"5670","type":"Feature","properties":{"id":"B0FFH9Y436","name":"斯玛特儿童美术中心(五月花生活广场店)","address":"芷江西路488号五月花生活广场F2层","type":"科教文化服务;培训机构;培训机构","typecode":"141400","pcode":310000,"pname":"上海市","citycode":21,"cityname":"上海市","adcode":310106,"adname":"静安区","business_a":"和田","location":"121.457919,31.256636","tel":"[]","bigType":"科教文化服务","midType":"培训机构","smallType":"培训机构","gcj_lng":121.457919,"gcj_lat":31.256636,"wgs84_loc":"121.453346,31.258527","wgs84Lng":"121.453346","wgs84Lat":"31.258527","__source_file__":"13-常用公服设施点/SHP/上海市_培训机构.shp"},"geometry":{"type":"Point","coordinates":[121.453346,31.258527]}},{"id":"6341","type":"Feature","properties":{"id":"B0GKVL4FFL","name":"康道场闸北道场(五月花广场店)","address":"芷江西路488号五月花广场西区2层","type":"科教文化服务;培训机构;培训机构","typecode":"141400","pcode":310000,"pname":"上海市","citycode":21,"cityname":"上海市","adcode":310106,"adname":"静安区","business_a":"和田","location":"121.457280,31.256659","tel":"[]","bigType":"科教文化服务","midType":"培训机构","smallType":"培训机构","gcj_lng":121.45728,"gcj_lat":31.256659,"wgs84_loc":"121.452705,31.258548","wgs84Lng":"121.452705","wgs84Lat":"31.258548","__source_file__":"13-常用公服设施点/SHP/上海市_培训机构.shp"},"geometry":{"type":"Point","coordinates":[121.452705,31.258548]}},{"id":"13792","type":"Feature","properties":{"id":"B0HA1LHEMP","name":"上海齐睿培训学校","address":"中山北路808号协和大厦17栋303室","type":"科教文化服务;培训机构;培训机构","typecode":"141400","pcode":310000,"pname":"上海市","citycode":21,"cityname":"上海市","adcode":310106,"adname":"静安区","business_a":"和田","location":"121.458232,31.259363","tel":"021-61552766","bigType":"科教文化服务","midType":"培训机构","smallType":"培训机构","gcj_lng":121.458232,"gcj_lat":31.259363,"wgs84_loc":"121.45366,31.261253","wgs84Lng":"121.45366","wgs84Lat":"31.261253","__source_file__":"13-常用公服设施点/SHP/上海市_培训机构.shp"},"geometry":{"type":"Point","coordinates":[121.45366,31.261253]}},{"id":"6297","type":"Feature","properties":{"id":"B0IB2R0N7P","name":"托業培优","address":"中山北路与大统路交叉口西南约120米","type":"科教文化服务;培训机构;培训机构","typecode":"141400","pcode":310000,"pname":"上海市","citycode":21,"cityname":"上海市","adcode":310106,"adname":"静安区","business_a":"和田","location":"121.457900,31.259401","tel":"[]","bigType":"科教文化服务","midType":"培训机构","smallType":"培训机构","gcj_lng":121.4579,"gcj_lat":31.259401,"wgs84_loc":"121.453327,31.26129","wgs84Lng":"121.453327","wgs84Lat":"31.26129","__source_file__":"13-常用公服设施点/SHP/上海市_培训机构.shp"},"geometry":{"type":"Point","coordinates":[121.453327,31.26129]}},{"id":"6173","type":"Feature","properties":{"id":"B0FFK78WJB","name":"彩虹雨儿童智能训练中心","address":"中山北路814弄17号协和大厦","type":"科教文化服务;培训机构;培训机构","typecode":"141400","pcode":310000,"pname":"上海市","citycode":21,"cityname":"上海市","adcode":310106,"adname":"静安区","business_a":"和田","location":"121.458181,31.259409","tel":"[]","bigType":"科教文化服务","midType":"培训机构","smallType":"培训机构","gcj_lng":121.458181,"gcj_lat":31.259409,"wgs84_loc":"121.453608,31.261299","wgs84Lng":"121.453608","wgs84Lat":"31.261299","__source_file__":"13-常用公服设施点/SHP/上海市_培训机构.shp"},"geometry":{"type":"Point","coordinates":[121.453608,31.261299]}},{"id":"1741","type":"Feature","properties":{"id":"B0G0N7WJQD","name":"上海扑克麻将培训公司","address":"远景路97弄44号","type":"科教文化服务;培训机构;培训机构","typecode":"141400","pcode":310000,"pname":"上海市","citycode":21,"cityname":"上海市","adcode":310107,"adname":"普陀区","business_a":"光新","location":"121.448969,31.251206","tel":"13818880895","bigType":"科教文化服务","midType":"培训机构","smallType":"培训机构","gcj_lng":121.448969,"gcj_lat":31.251206,"wgs84_loc":"121.444373,31.25308","wgs84Lng":"121.444373","wgs84Lat":"31.25308","__source_file__":"13-常用公服设施点/SHP/上海市_培训机构.shp"},"geometry":{"type":"Point","coordinates":[121.444373,31.25308]}},{"id":"6213","type":"Feature","properties":{"id":"B0G3MR2MGB","name":"柒嘉书画空间","address":"沪太路与毛家弄交叉口西南约60米","type":"科教文化服务;培训机构;培训机构","typecode":"141400","pcode":310000,"pname":"上海市","citycode":21,"cityname":"上海市","adcode":310106,"adname":"静安区","business_a":"和田","location":"121.451419,31.255301","tel":"[]","bigType":"科教文化服务","midType":"培训机构","smallType":"培训机构","gcj_lng":121.451419,"gcj_lat":31.255301,"wgs84_loc":"121.446829,31.257178","wgs84Lng":"121.446829","wgs84Lat":"31.257178","__source_file__":"13-常用公服设施点/SHP/上海市_培训机构.shp"},"geometry":{"type":"Point","coordinates":[121.446829,31.257178]}},{"id":"6004","type":"Feature","properties":{"id":"B0HBOSKQ9F","name":"吉律音乐","address":"上海市静安区 洛川中路1158号B2号楼北入口乘观光电梯直达211室吉律音乐.","type":"科教文化服务;培训机构;培训机构","typecode":"141400","pcode":310000,"pname":"上海市","citycode":21,"cityname":"上海市","adcode":310106,"adname":"静安区","business_a":"和田","location":"121.448930,31.262645","tel":"021-62335001;13636688309","bigType":"科教文化服务","midType":"培训机构","smallType":"培训机构","gcj_lng":121.44893,"gcj_lat":31.262645,"wgs84_loc":"121.444333,31.264514","wgs84Lng":"121.444333","wgs84Lat":"31.264514","__source_file__":"13-常用公服设施点/SHP/上海市_培训机构.shp"},"geometry":{"type":"Point","coordinates":[121.444333,31.264514]}},{"id":"6214","type":"Feature","properties":{"id":"B0G2T17DWO","name":"沃尚导演中心","address":"洛川中路840号B栋502室","type":"科教文化服务;培训机构;培训机构","typecode":"141400","pcode":310000,"pname":"上海市","citycode":21,"cityname":"上海市","adcode":310106,"adname":"静安区","business_a":"和田","location":"121.452372,31.265349","tel":"[]","bigType":"科教文化服务","midType":"培训机构","smallType":"培训机构","gcj_lng":121.452372,"gcj_lat":31.265349,"wgs84_loc":"121.447784,31.267224","wgs84Lng":"121.447784","wgs84Lat":"31.267224","__source_file__":"13-常用公服设施点/SHP/上海市_培训机构.shp"},"geometry":{"type":"Point","coordinates":[121.447784,31.267224]}},{"id":"5805","type":"Feature","properties":{"id":"B0HGT5B5HH","name":"觉醒创造力","address":"洛川中路840号B栋603-1室","type":"科教文化服务;培训机构;培训机构","typecode":"141400","pcode":310000,"pname":"上海市","citycode":21,"cityname":"上海市","adcode":310106,"adname":"静安区","business_a":"大宁路","location":"121.452325,31.265361","tel":"18121245933","bigType":"科教文化服务","midType":"培训机构","smallType":"培训机构","gcj_lng":121.452325,"gcj_lat":31.265361,"wgs84_loc":"121.447736,31.267235","wgs84Lng":"121.447736","wgs84Lat":"31.267235","__source_file__":"13-常用公服设施点/SHP/上海市_培训机构.shp"},"geometry":{"type":"Point","coordinates":[121.447736,31.267235]}},{"id":"5749","type":"Feature","properties":{"id":"B0FFK28WL4","name":"上海庆音文化艺术(大宁国际店)","address":"彭浦镇普善路984号老沪太路普善路口","type":"科教文化服务;培训机构;培训机构","typecode":"141400","pcode":310000,"pname":"上海市","citycode":21,"cityname":"上海市","adcode":310106,"adname":"静安区","business_a":"和田","location":"121.450715,31.267725","tel":"[]","bigType":"科教文化服务","midType":"培训机构","smallType":"培训机构","gcj_lng":121.450715,"gcj_lat":31.267725,"wgs84_loc":"121.446122,31.269595","wgs84Lng":"121.446122","wgs84Lat":"31.269595","__source_file__":"13-常用公服设施点/SHP/上海市_培训机构.shp"},"geometry":{"type":"Point","coordinates":[121.446122,31.269595]}},{"id":"6298","type":"Feature","properties":{"id":"B0I6VC8DR8","name":"少儿文化艺术培训中心","address":"[]","type":"科教文化服务;培训机构;培训机构","typecode":"141400","pcode":310000,"pname":"上海市","citycode":21,"cityname":"上海市","adcode":310106,"adname":"静安区","business_a":"大宁路","location":"121.450736,31.267754","tel":"[]","bigType":"科教文化服务","midType":"培训机构","smallType":"培训机构","gcj_lng":121.450736,"gcj_lat":31.267754,"wgs84_loc":"121.446143,31.269624","wgs84Lng":"121.446143","wgs84Lat":"31.269624","__source_file__":"13-常用公服设施点/SHP/上海市_培训机构.shp"},"geometry":{"type":"Point","coordinates":[121.446143,31.269624]}},{"id":"6019","type":"Feature","properties":{"id":"B0G0FCAQJF","name":"HAMPTON SCHOOL","address":"老沪太路延长小区西南侧","type":"科教文化服务;培训机构;培训机构","typecode":"141400","pcode":310000,"pname":"上海市","citycode":21,"cityname":"上海市","adcode":310106,"adname":"静安区","business_a":"大宁路","location":"121.454839,31.268110","tel":"[]","bigType":"科教文化服务","midType":"培训机构","smallType":"培训机构","gcj_lng":121.454839,"gcj_lat":31.26811,"wgs84_loc":"121.450257,31.269989","wgs84Lng":"121.450257","wgs84Lat":"31.269989","__source_file__":"13-常用公服设施点/SHP/上海市_培训机构.shp"},"geometry":{"type":"Point","coordinates":[121.450257,31.269989]}},{"id":"5753","type":"Feature","properties":{"id":"B0FFJIPHM4","name":"上海远见职业技术培训中心","address":"老沪太路197弄2-7号","type":"科教文化服务;培训机构;培训机构","typecode":"141400","pcode":310000,"pname":"上海市","citycode":21,"cityname":"上海市","adcode":310106,"adname":"静安区","business_a":"和田","location":"121.454018,31.268178","tel":"021-36530987;18019467879","bigType":"科教文化服务","midType":"培训机构","smallType":"培训机构","gcj_lng":121.454018,"gcj_lat":31.268178,"wgs84_loc":"121.449434,31.270055","wgs84Lng":"121.449434","wgs84Lat":"31.270055","__source_file__":"13-常用公服设施点/SHP/上海市_培训机构.shp"},"geometry":{"type":"Point","coordinates":[121.449434,31.270055]}},{"id":"6162","type":"Feature","properties":{"id":"B0FFLF18O9","name":"昂立智培星儿童美语(静安延长校区)","address":"延长中路631号-633号","type":"科教文化服务;培训机构;培训机构","typecode":"141400","pcode":310000,"pname":"上海市","citycode":21,"cityname":"上海市","adcode":310106,"adname":"静安区","business_a":"大宁路","location":"121.448765,31.268571","tel":"[]","bigType":"科教文化服务","midType":"培训机构","smallType":"培训机构","gcj_lng":121.448765,"gcj_lat":31.268571,"wgs84_loc":"121.444167,31.270437","wgs84Lng":"121.444167","wgs84Lat":"31.270437","__source_file__":"13-常用公服设施点/SHP/上海市_培训机构.shp"},"geometry":{"type":"Point","coordinates":[121.444167,31.270437]}},{"id":"13848","type":"Feature","properties":{"id":"B0FFF2QABR","name":"上海功新月嫂培训中心","address":"中山北路814弄协和大厦17号楼207室","type":"科教文化服务;培训机构;培训机构","typecode":"141400","pcode":310000,"pname":"上海市","citycode":21,"cityname":"上海市","adcode":310106,"adname":"静安区","business_a":"和田","location":"121.458184,31.259443","tel":"15216666634;15216666635","bigType":"科教文化服务","midType":"培训机构","smallType":"培训机构","gcj_lng":121.458184,"gcj_lat":31.259443,"wgs84_loc":"121.453611,31.261333","wgs84Lng":"121.453611","wgs84Lat":"31.261333","__source_file__":"13-常用公服设施点/SHP/上海市_培训机构.shp"},"geometry":{"type":"Point","coordinates":[121.453611,31.261333]}},{"id":"5766","type":"Feature","properties":{"id":"B0FFI1PJ3N","name":"小门牙托育早教(静安大宁中心)","address":"中山北路901号屹申商务大厦1楼(近普善路)","type":"科教文化服务;培训机构;培训机构","typecode":"141400","pcode":310000,"pname":"上海市","citycode":21,"cityname":"上海市","adcode":310106,"adname":"静安区","business_a":"和田","location":"121.456624,31.260091","tel":"021-31168366;4009611661","bigType":"科教文化服务","midType":"培训机构","smallType":"培训机构","gcj_lng":121.456624,"gcj_lat":31.260091,"wgs84_loc":"121.452047,31.261977","wgs84Lng":"121.452047","wgs84Lat":"31.261977","__source_file__":"13-常用公服设施点/SHP/上海市_培训机构.shp"},"geometry":{"type":"Point","coordinates":[121.452047,31.261977]}},{"id":"14675","type":"Feature","properties":{"id":"B0GR6NXJN4","name":"Littletooth","address":"中山北路北美公寓北侧约130米","type":"科教文化服务;培训机构;培训机构","typecode":"141400","pcode":310000,"pname":"上海市","citycode":21,"cityname":"上海市","adcode":310106,"adname":"静安区","business_a":"和田","location":"121.456633,31.260117","tel":"[]","bigType":"科教文化服务","midType":"培训机构","smallType":"培训机构","gcj_lng":121.456633,"gcj_lat":31.260117,"wgs84_loc":"121.452056,31.262003","wgs84Lng":"121.452056","wgs84Lat":"31.262003","__source_file__":"13-常用公服设施点/SHP/上海市_培训机构.shp"},"geometry":{"type":"Point","coordinates":[121.452056,31.262003]}},{"id":"5994","type":"Feature","properties":{"id":"B0FFIEJ1H8","name":"东笙音乐(盛源生活广场店)","address":"柳营路777号盛源生活广场3层","type":"科教文化服务;培训机构;培训机构","typecode":"141400","pcode":310000,"pname":"上海市","citycode":21,"cityname":"上海市","adcode":310106,"adname":"静安区","business_a":"和田","location":"121.455387,31.263608","tel":"13816822276","bigType":"科教文化服务","midType":"培训机构","smallType":"培训机构","gcj_lng":121.455387,"gcj_lat":31.263608,"wgs84_loc":"121.450807,31.26549","wgs84Lng":"121.450807","wgs84Lat":"31.26549","__source_file__":"13-常用公服设施点/SHP/上海市_培训机构.shp"},"geometry":{"type":"Point","coordinates":[121.450807,31.26549]}},{"id":"5690","type":"Feature","properties":{"id":"B0HBB77IPY","name":"上海学而思素养(盛源广场教学点)","address":"柳营路777号3层","type":"科教文化服务;培训机构;培训机构","typecode":"141400","pcode":310000,"pname":"上海市","citycode":21,"cityname":"上海市","adcode":310106,"adname":"静安区","business_a":"和田","location":"121.455513,31.263668","tel":"[]","bigType":"科教文化服务","midType":"培训机构","smallType":"培训机构","gcj_lng":121.455513,"gcj_lat":31.263668,"wgs84_loc":"121.450933,31.26555","wgs84Lng":"121.450933","wgs84Lat":"31.26555","__source_file__":"13-常用公服设施点/SHP/上海市_培训机构.shp"},"geometry":{"type":"Point","coordinates":[121.450933,31.26555]}},{"id":"6268","type":"Feature","properties":{"id":"B0FFK6762U","name":"Uart书法美术空间(听墨静安校区)","address":"柳营路777号盛源生活广场2楼听墨书法艺术空间","type":"科教文化服务;培训机构;培训机构","typecode":"141400","pcode":310000,"pname":"上海市","citycode":21,"cityname":"上海市","adcode":310106,"adname":"静安区","business_a":"和田","location":"121.455500,31.263670","tel":"15618490611","bigType":"科教文化服务","midType":"培训机构","smallType":"培训机构","gcj_lng":121.4555,"gcj_lat":31.26367,"wgs84_loc":"121.45092,31.265552","wgs84Lng":"121.45092","wgs84Lat":"31.265552","__source_file__":"13-常用公服设施点/SHP/上海市_培训机构.shp"},"geometry":{"type":"Point","coordinates":[121.45092,31.265552]}},{"id":"6153","type":"Feature","properties":{"id":"B0G107HSVN","name":"四季教育(柳营路校区)","address":"柳营路777号盛源生活广场F2","type":"科教文化服务;培训机构;培训机构","typecode":"141400","pcode":310000,"pname":"上海市","citycode":21,"cityname":"上海市","adcode":310106,"adname":"静安区","business_a":"和田","location":"121.455495,31.263722","tel":"021-62279326;15026647745","bigType":"科教文化服务","midType":"培训机构","smallType":"培训机构","gcj_lng":121.455495,"gcj_lat":31.263722,"wgs84_loc":"121.450915,31.265604","wgs84Lng":"121.450915","wgs84Lat":"31.265604","__source_file__":"13-常用公服设施点/SHP/上海市_培训机构.shp"},"geometry":{"type":"Point","coordinates":[121.450915,31.265604]}},{"id":"17461","type":"Feature","properties":{"id":"B0IGOZIGZS","name":"趣味数学启迪思维","address":"泽州路与柳营路交叉口西北60米","type":"科教文化服务;培训机构;培训机构","typecode":"141400","pcode":310000,"pname":"上海市","citycode":21,"cityname":"上海市","adcode":310106,"adname":"静安区","business_a":"和田","location":"121.455072,31.263737","tel":"[]","bigType":"科教文化服务","midType":"培训机构","smallType":"培训机构","gcj_lng":121.455072,"gcj_lat":31.263737,"wgs84_loc":"121.450491,31.265618","wgs84Lng":"121.450491","wgs84Lat":"31.265618","__source_file__":"13-常用公服设施点/SHP/上海市_培训机构.shp"},"geometry":{"type":"Point","coordinates":[121.450491,31.265618]}},{"id":"5686","type":"Feature","properties":{"id":"B0FFFLJE7O","name":"夏加儿(盛源生活广场)","address":"柳营路777号盛源生活广场F3层","type":"科教文化服务;培训机构;培训机构","typecode":"141400","pcode":310000,"pname":"上海市","citycode":21,"cityname":"上海市","adcode":310106,"adname":"静安区","business_a":"和田","location":"121.455488,31.263743","tel":"[]","bigType":"科教文化服务","midType":"培训机构","smallType":"培训机构","gcj_lng":121.455488,"gcj_lat":31.263743,"wgs84_loc":"121.450908,31.265625","wgs84Lng":"121.450908","wgs84Lat":"31.265625","__source_file__":"13-常用公服设施点/SHP/上海市_培训机构.shp"},"geometry":{"type":"Point","coordinates":[121.450908,31.265625]}},{"id":"5704","type":"Feature","properties":{"id":"B0GUBOROSV","name":"昂立教育","address":"柳营路777号盛源生活广场3楼","type":"科教文化服务;培训机构;培训机构","typecode":"141400","pcode":310000,"pname":"上海市","citycode":21,"cityname":"上海市","adcode":310106,"adname":"静安区","business_a":"和田","location":"121.455760,31.263779","tel":"4001020821","bigType":"科教文化服务","midType":"培训机构","smallType":"培训机构","gcj_lng":121.45576,"gcj_lat":31.263779,"wgs84_loc":"121.45118,31.265662","wgs84Lng":"121.45118","wgs84Lat":"31.265662","__source_file__":"13-常用公服设施点/SHP/上海市_培训机构.shp"},"geometry":{"type":"Point","coordinates":[121.45118,31.265662]}},{"id":"6291","type":"Feature","properties":{"id":"B0IGAUPOGH","name":"三童九书国学馆","address":"共和新路912号11楼1108","type":"科教文化服务;培训机构;培训机构","typecode":"141400","pcode":310000,"pname":"上海市","citycode":21,"cityname":"上海市","adcode":310106,"adname":"静安区","business_a":"宝山路","location":"121.462328,31.258659","tel":"[]","bigType":"科教文化服务","midType":"培训机构","smallType":"培训机构","gcj_lng":121.462328,"gcj_lat":31.258659,"wgs84_loc":"121.457767,31.260559","wgs84Lng":"121.457767","wgs84Lat":"31.260559","__source_file__":"13-常用公服设施点/SHP/上海市_培训机构.shp"},"geometry":{"type":"Point","coordinates":[121.457767,31.260559]}},{"id":"14883","type":"Feature","properties":{"id":"B0FFH15YRX","name":"运海画室","address":"共和新路966号802室","type":"科教文化服务;培训机构;培训机构","typecode":"141400","pcode":310000,"pname":"上海市","citycode":21,"cityname":"上海市","adcode":310106,"adname":"静安区","business_a":"和田","location":"121.462364,31.258948","tel":"13918133610;15000613596","bigType":"科教文化服务","midType":"培训机构","smallType":"培训机构","gcj_lng":121.462364,"gcj_lat":31.258948,"wgs84_loc":"121.457803,31.260848","wgs84Lng":"121.457803","wgs84Lat":"31.260848","__source_file__":"13-常用公服设施点/SHP/上海市_培训机构.shp"},"geometry":{"type":"Point","coordinates":[121.457803,31.260848]}},{"id":"15528","type":"Feature","properties":{"id":"B0FFJHVIAU","name":"优哩课课程中心","address":"共和新路955号上海火车头体育场34幢111室","type":"科教文化服务;培训机构;培训机构","typecode":"141400","pcode":310000,"pname":"上海市","citycode":21,"cityname":"上海市","adcode":310106,"adname":"静安区","business_a":"宝山路","location":"121.464561,31.259438","tel":"[]","bigType":"科教文化服务","midType":"培训机构","smallType":"培训机构","gcj_lng":121.464561,"gcj_lat":31.259438,"wgs84_loc":"121.460007,31.261343","wgs84Lng":"121.460007","wgs84Lat":"31.261343","__source_file__":"13-常用公服设施点/SHP/上海市_培训机构.shp"},"geometry":{"type":"Point","coordinates":[121.460007,31.261343]}},{"id":"13748","type":"Feature","properties":{"id":"B0FFKQXKKW","name":"乐真教育LOVE ZONE火车头校区","address":"火车头体育场共和新路955号25幢","type":"科教文化服务;培训机构;培训机构","typecode":"141400","pcode":310000,"pname":"上海市","citycode":21,"cityname":"上海市","adcode":310106,"adname":"静安区","business_a":"宝山路","location":"121.463301,31.260039","tel":"[]","bigType":"科教文化服务","midType":"培训机构","smallType":"培训机构","gcj_lng":121.463301,"gcj_lat":31.260039,"wgs84_loc":"121.458743,31.261941","wgs84Lng":"121.458743","wgs84Lat":"31.261941","__source_file__":"13-常用公服设施点/SHP/上海市_培训机构.shp"},"geometry":{"type":"Point","coordinates":[121.458743,31.261941]}},{"id":"9378","type":"Feature","properties":{"id":"B0FFGL0EG0","name":"家丰教育","address":"共和新路1158号102室","type":"科教文化服务;培训机构;培训机构","typecode":"141400","pcode":310000,"pname":"上海市","citycode":21,"cityname":"上海市","adcode":310106,"adname":"静安区","business_a":"和田","location":"121.460085,31.261535","tel":"[]","bigType":"科教文化服务","midType":"培训机构","smallType":"培训机构","gcj_lng":121.460085,"gcj_lat":31.261535,"wgs84_loc":"121.455518,31.263428","wgs84Lng":"121.455518","wgs84Lat":"31.263428","__source_file__":"13-常用公服设施点/SHP/上海市_培训机构.shp"},"geometry":{"type":"Point","coordinates":[121.455518,31.263428]}},{"id":"16160","type":"Feature","properties":{"id":"B0FFK8951Z","name":"马承勇书法培训","address":"中山北路588号二幢333室","type":"科教文化服务;培训机构;培训机构","typecode":"141400","pcode":310000,"pname":"上海市","citycode":21,"cityname":"上海市","adcode":310106,"adname":"静安区","business_a":"和田","location":"121.464234,31.261626","tel":"13601667702","bigType":"科教文化服务","midType":"培训机构","smallType":"培训机构","gcj_lng":121.464234,"gcj_lat":31.261626,"wgs84_loc":"121.459679,31.26353","wgs84Lng":"121.459679","wgs84Lat":"31.26353","__source_file__":"13-常用公服设施点/SHP/上海市_培训机构.shp"},"geometry":{"type":"Point","coordinates":[121.459679,31.26353]}},{"id":"5843","type":"Feature","properties":{"id":"B0FFIR763S","name":"艺伯乐艺术教育中心(闸北公园店)","address":"共和新路1207号","type":"科教文化服务;培训机构;培训机构","typecode":"141400","pcode":310000,"pname":"上海市","citycode":21,"cityname":"上海市","adcode":310106,"adname":"静安区","business_a":"和田","location":"121.461867,31.261946","tel":"15000761452","bigType":"科教文化服务","midType":"培训机构","smallType":"培训机构","gcj_lng":121.461867,"gcj_lat":31.261946,"wgs84_loc":"121.457305,31.263844","wgs84Lng":"121.457305","wgs84Lat":"31.263844","__source_file__":"13-常用公服设施点/SHP/上海市_培训机构.shp"},"geometry":{"type":"Point","coordinates":[121.457305,31.263844]}},{"id":"16665","type":"Feature","properties":{"id":"B0FFGN0CEB","name":"上海志冠美术教育咨询有限公司","address":"共和新路1227号","type":"科教文化服务;培训机构;培训机构","typecode":"141400","pcode":310000,"pname":"上海市","citycode":21,"cityname":"上海市","adcode":310106,"adname":"静安区","business_a":"和田","location":"121.460560,31.262552","tel":"[]","bigType":"科教文化服务","midType":"培训机构","smallType":"培训机构","gcj_lng":121.46056,"gcj_lat":31.262552,"wgs84_loc":"121.455994,31.264446","wgs84Lng":"121.455994","wgs84Lat":"31.264446","__source_file__":"13-常用公服设施点/SHP/上海市_培训机构.shp"},"geometry":{"type":"Point","coordinates":[121.455994,31.264446]}},{"id":"10747","type":"Feature","properties":{"id":"B001570KGW","name":"同济大学沪北校区cst培训中心","address":"共和新路1238号","type":"科教文化服务;培训机构;培训机构","typecode":"141400","pcode":310000,"pname":"上海市","citycode":21,"cityname":"上海市","adcode":310106,"adname":"静安区","business_a":"和田","location":"121.459437,31.262576","tel":"[]","bigType":"科教文化服务","midType":"培训机构","smallType":"培训机构","gcj_lng":121.459437,"gcj_lat":31.262576,"wgs84_loc":"121.454868,31.264468","wgs84Lng":"121.454868","wgs84Lat":"31.264468","__source_file__":"13-常用公服设施点/SHP/上海市_培训机构.shp"},"geometry":{"type":"Point","coordinates":[121.454868,31.264468]}},{"id":"6013","type":"Feature","properties":{"id":"B0GKA13DJ1","name":"V587舞蹈工作室","address":"柳营路618号现代商务园区北楼503室","type":"科教文化服务;培训机构;培训机构","typecode":"141400","pcode":310000,"pname":"上海市","citycode":21,"cityname":"上海市","adcode":310106,"adname":"静安区","business_a":"和田","location":"121.460230,31.264730","tel":"19512300167;18516754225","bigType":"科教文化服务","midType":"培训机构","smallType":"培训机构","gcj_lng":121.46023,"gcj_lat":31.26473,"wgs84_loc":"121.455663,31.266622","wgs84Lng":"121.455663","wgs84Lat":"31.266622","__source_file__":"13-常用公服设施点/SHP/上海市_培训机构.shp"},"geometry":{"type":"Point","coordinates":[121.455663,31.266622]}},{"id":"17477","type":"Feature","properties":{"id":"B0FFJRX91S","name":"Eye Level Learning Center","address":"柳营路763-789号盛源生活广场F2","type":"科教文化服务;培训机构;培训机构","typecode":"141400","pcode":310000,"pname":"上海市","citycode":21,"cityname":"上海市","adcode":310106,"adname":"静安区","business_a":"和田","location":"121.455558,31.263816","tel":"[]","bigType":"科教文化服务","midType":"培训机构","smallType":"培训机构","gcj_lng":121.455558,"gcj_lat":31.263816,"wgs84_loc":"121.450978,31.265698","wgs84Lng":"121.450978","wgs84Lat":"31.265698","__source_file__":"13-常用公服设施点/SHP/上海市_培训机构.shp"},"geometry":{"type":"Point","coordinates":[121.450978,31.265698]}},{"id":"5892","type":"Feature","properties":{"id":"B0G109HOW7","name":"香蕉精英服务中心(盛源生活广场店)","address":"柳营路777号盛源生活广场F2","type":"科教文化服务;培训机构;培训机构","typecode":"141400","pcode":310000,"pname":"上海市","citycode":21,"cityname":"上海市","adcode":310106,"adname":"静安区","business_a":"和田","location":"121.455549,31.263831","tel":"021-56721070","bigType":"科教文化服务","midType":"培训机构","smallType":"培训机构","gcj_lng":121.455549,"gcj_lat":31.263831,"wgs84_loc":"121.450969,31.265713","wgs84Lng":"121.450969","wgs84Lat":"31.265713","__source_file__":"13-常用公服设施点/SHP/上海市_培训机构.shp"},"geometry":{"type":"Point","coordinates":[121.450969,31.265713]}},{"id":"6146","type":"Feature","properties":{"id":"B0G2U15ALZ","name":"罗兰舞蹈中心(盛源生活广场店)","address":"柳营路777号盛源生活广场F5","type":"科教文化服务;培训机构;培训机构","typecode":"141400","pcode":310000,"pname":"上海市","citycode":21,"cityname":"上海市","adcode":310106,"adname":"静安区","business_a":"和田","location":"121.455314,31.263881","tel":"18516081650","bigType":"科教文化服务","midType":"培训机构","smallType":"培训机构","gcj_lng":121.455314,"gcj_lat":31.263881,"wgs84_loc":"121.450733,31.265763","wgs84Lng":"121.450733","wgs84Lat":"31.265763","__source_file__":"13-常用公服设施点/SHP/上海市_培训机构.shp"},"geometry":{"type":"Point","coordinates":[121.450733,31.265763]}},{"id":"6120","type":"Feature","properties":{"id":"B0H3T7MK3R","name":"乐博机器人学习中心(盛源生活广场店)","address":"柳营路777号盛源生活广场F3","type":"科教文化服务;培训机构;培训机构","typecode":"141400","pcode":310000,"pname":"上海市","citycode":21,"cityname":"上海市","adcode":310106,"adname":"静安区","business_a":"和田","location":"121.455504,31.263907","tel":"[]","bigType":"科教文化服务","midType":"培训机构","smallType":"培训机构","gcj_lng":121.455504,"gcj_lat":31.263907,"wgs84_loc":"121.450924,31.265789","wgs84Lng":"121.450924","wgs84Lat":"31.265789","__source_file__":"13-常用公服设施点/SHP/上海市_培训机构.shp"},"geometry":{"type":"Point","coordinates":[121.450924,31.265789]}},{"id":"9346","type":"Feature","properties":{"id":"B0FFHKP6CO","name":"新解教育(盛源生活广场店)","address":"柳营路777号盛源生活广场3层315A","type":"科教文化服务;培训机构;培训机构","typecode":"141400","pcode":310000,"pname":"上海市","citycode":21,"cityname":"上海市","adcode":310106,"adname":"静安区","business_a":"和田","location":"121.455326,31.263908","tel":"021-52390733","bigType":"科教文化服务","midType":"培训机构","smallType":"培训机构","gcj_lng":121.455326,"gcj_lat":31.263908,"wgs84_loc":"121.450745,31.26579","wgs84Lng":"121.450745","wgs84Lat":"31.26579","__source_file__":"13-常用公服设施点/SHP/上海市_培训机构.shp"},"geometry":{"type":"Point","coordinates":[121.450745,31.26579]}},{"id":"5716","type":"Feature","properties":{"id":"B0FFH9ECZ7","name":"嘉士堡教育培训中心(盛源生活广场校区)","address":"柳营路777号2楼","type":"科教文化服务;培训机构;培训机构","typecode":"141400","pcode":310000,"pname":"上海市","citycode":21,"cityname":"上海市","adcode":310106,"adname":"静安区","business_a":"和田","location":"121.455390,31.263928","tel":"[]","bigType":"科教文化服务","midType":"培训机构","smallType":"培训机构","gcj_lng":121.45539,"gcj_lat":31.263928,"wgs84_loc":"121.450809,31.26581","wgs84Lng":"121.450809","wgs84Lat":"31.26581","__source_file__":"13-常用公服设施点/SHP/上海市_培训机构.shp"},"geometry":{"type":"Point","coordinates":[121.450809,31.26581]}},{"id":"87","type":"Feature","properties":{"id":"B00157HZ3T","name":"东方爱婴早教中心(大宁中心)","address":"柳营路777盛源生活广场2层","type":"科教文化服务;培训机构;培训机构","typecode":"141400","pcode":310000,"pname":"上海市","citycode":21,"cityname":"上海市","adcode":310106,"adname":"静安区","business_a":"大宁路","location":"121.455428,31.264019","tel":"021-66301226;021-66301229","bigType":"科教文化服务","midType":"培训机构","smallType":"培训机构","gcj_lng":121.455428,"gcj_lat":31.264019,"wgs84_loc":"121.450848,31.265901","wgs84Lng":"121.450848","wgs84Lat":"31.265901","__source_file__":"13-常用公服设施点/SHP/上海市_培训机构.shp"},"geometry":{"type":"Point","coordinates":[121.450848,31.265901]}},{"id":"5667","type":"Feature","properties":{"id":"B001571ESZ","name":"弘毅国学(盛源生活广场)","address":"柳营路777号盛源生活广场F3层","type":"科教文化服务;培训机构;培训机构","typecode":"141400","pcode":310000,"pname":"上海市","citycode":21,"cityname":"上海市","adcode":310106,"adname":"静安区","business_a":"和田","location":"121.455258,31.264021","tel":"021-63253315;4000021993","bigType":"科教文化服务","midType":"培训机构","smallType":"培训机构","gcj_lng":121.455258,"gcj_lat":31.264021,"wgs84_loc":"121.450677,31.265902","wgs84Lng":"121.450677","wgs84Lat":"31.265902","__source_file__":"13-常用公服设施点/SHP/上海市_培训机构.shp"},"geometry":{"type":"Point","coordinates":[121.450677,31.265902]}},{"id":"6133","type":"Feature","properties":{"id":"B0GR0KVDEA","name":"小蜗牛舞蹈(盛源生活广场店)","address":"柳营路777号盛源生活广场F3","type":"科教文化服务;培训机构;培训机构","typecode":"141400","pcode":310000,"pname":"上海市","citycode":21,"cityname":"上海市","adcode":310106,"adname":"静安区","business_a":"和田","location":"121.455177,31.264043","tel":"13761130245","bigType":"科教文化服务","midType":"培训机构","smallType":"培训机构","gcj_lng":121.455177,"gcj_lat":31.264043,"wgs84_loc":"121.450596,31.265924","wgs84Lng":"121.450596","wgs84Lat":"31.265924","__source_file__":"13-常用公服设施点/SHP/上海市_培训机构.shp"},"geometry":{"type":"Point","coordinates":[121.450596,31.265924]}},{"id":"16209","type":"Feature","properties":{"id":"B0FFMEKM9S","name":"蘑菇培优柳营路校区","address":"柳营路777号2层201室(盛源生活广场)","type":"科教文化服务;培训机构;培训机构","typecode":"141400","pcode":310000,"pname":"上海市","citycode":21,"cityname":"上海市","adcode":310106,"adname":"静安区","business_a":"大宁路","location":"121.455021,31.264071","tel":"13162699323","bigType":"科教文化服务","midType":"培训机构","smallType":"培训机构","gcj_lng":121.455021,"gcj_lat":31.264071,"wgs84_loc":"121.45044,31.265952","wgs84Lng":"121.45044","wgs84Lat":"31.265952","__source_file__":"13-常用公服设施点/SHP/上海市_培训机构.shp"},"geometry":{"type":"Point","coordinates":[121.45044,31.265952]}},{"id":"16725","type":"Feature","properties":{"id":"B0FFF70EAV","name":"图南画室","address":"中潭路100弄","type":"科教文化服务;培训机构;培训机构","typecode":"141400","pcode":310000,"pname":"上海市","citycode":21,"cityname":"上海市","adcode":310107,"adname":"普陀区","business_a":"光新","location":"121.444266,31.251726","tel":"[]","bigType":"科教文化服务","midType":"培训机构","smallType":"培训机构","gcj_lng":121.444266,"gcj_lat":31.251726,"wgs84_loc":"121.43966,31.25359","wgs84Lng":"121.43966","wgs84Lat":"31.25359","__source_file__":"13-常用公服设施点/SHP/上海市_培训机构.shp"},"geometry":{"type":"Point","coordinates":[121.43966,31.25359]}},{"id":"6347","type":"Feature","properties":{"id":"B0GK2RLFQG","name":"吾闻唐练字","address":"H671园区B2号楼501室","type":"科教文化服务;培训机构;培训机构","typecode":"141400","pcode":310000,"pname":"上海市","citycode":21,"cityname":"上海市","adcode":310106,"adname":"静安区","business_a":"大宁路","location":"121.448651,31.262696","tel":"[]","bigType":"科教文化服务","midType":"培训机构","smallType":"培训机构","gcj_lng":121.448651,"gcj_lat":31.262696,"wgs84_loc":"121.444054,31.264564","wgs84Lng":"121.444054","wgs84Lat":"31.264564","__source_file__":"13-常用公服设施点/SHP/上海市_培训机构.shp"},"geometry":{"type":"Point","coordinates":[121.444054,31.264564]}},{"id":"14070","type":"Feature","properties":{"id":"B0FFH15RXN","name":"文泰教育","address":"洛川路28号(宜川中学旁)","type":"科教文化服务;培训机构;培训机构","typecode":"141400","pcode":310000,"pname":"上海市","citycode":21,"cityname":"上海市","adcode":310107,"adname":"普陀区","business_a":"大宁路","location":"121.444391,31.262791","tel":"[]","bigType":"科教文化服务","midType":"培训机构","smallType":"培训机构","gcj_lng":121.444391,"gcj_lat":31.262791,"wgs84_loc":"121.439784,31.264651","wgs84Lng":"121.439784","wgs84Lat":"31.264651","__source_file__":"13-常用公服设施点/SHP/上海市_培训机构.shp"},"geometry":{"type":"Point","coordinates":[121.439784,31.264651]}},{"id":"2087","type":"Feature","properties":{"id":"B0FFGAPQ7D","name":"四季教育(沪太路校区)","address":"沪太路688号","type":"科教文化服务;培训机构;培训机构","typecode":"141400","pcode":310000,"pname":"上海市","citycode":21,"cityname":"上海市","adcode":310107,"adname":"普陀区","business_a":"大宁路","location":"121.445767,31.263059","tel":"[]","bigType":"科教文化服务","midType":"培训机构","smallType":"培训机构","gcj_lng":121.445767,"gcj_lat":31.263059,"wgs84_loc":"121.441163,31.264921","wgs84Lng":"121.441163","wgs84Lat":"31.264921","__source_file__":"13-常用公服设施点/SHP/上海市_培训机构.shp"},"geometry":{"type":"Point","coordinates":[121.441163,31.264921]}},{"id":"13666","type":"Feature","properties":{"id":"B0FFLFFVLM","name":"当代文化艺术培训学校","address":"沪太路688号附近","type":"科教文化服务;培训机构;培训机构","typecode":"141400","pcode":310000,"pname":"上海市","citycode":21,"cityname":"上海市","adcode":310107,"adname":"普陀区","business_a":"大宁路","location":"121.445776,31.263069","tel":"[]","bigType":"科教文化服务","midType":"培训机构","smallType":"培训机构","gcj_lng":121.445776,"gcj_lat":31.263069,"wgs84_loc":"121.441172,31.264931","wgs84Lng":"121.441172","wgs84Lat":"31.264931","__source_file__":"13-常用公服设施点/SHP/上海市_培训机构.shp"},"geometry":{"type":"Point","coordinates":[121.441172,31.264931]}},{"id":"6321","type":"Feature","properties":{"id":"B0HG213V94","name":"课小美教育","address":"洛川中路1158号名仕街创意园B1-113室","type":"科教文化服务;培训机构;培训机构","typecode":"141400","pcode":310000,"pname":"上海市","citycode":21,"cityname":"上海市","adcode":310106,"adname":"静安区","business_a":"和田","location":"121.448276,31.263642","tel":"[]","bigType":"科教文化服务","midType":"培训机构","smallType":"培训机构","gcj_lng":121.448276,"gcj_lat":31.263642,"wgs84_loc":"121.443678,31.265509","wgs84Lng":"121.443678","wgs84Lat":"31.265509","__source_file__":"13-常用公服设施点/SHP/上海市_培训机构.shp"},"geometry":{"type":"Point","coordinates":[121.443678,31.265509]}},{"id":"17441","type":"Feature","properties":{"id":"B0G3AYBG2S","name":"知书知画·书法学习中心","address":"延长中路与沪太路交叉口东北40米","type":"科教文化服务;培训机构;培训机构","typecode":"141400","pcode":310000,"pname":"上海市","citycode":21,"cityname":"上海市","adcode":310106,"adname":"静安区","business_a":"大宁路","location":"121.444450,31.265894","tel":"[]","bigType":"科教文化服务","midType":"培训机构","smallType":"培训机构","gcj_lng":121.44445,"gcj_lat":31.265894,"wgs84_loc":"121.439843,31.267753","wgs84Lng":"121.439843","wgs84Lat":"31.267753","__source_file__":"13-常用公服设施点/SHP/上海市_培训机构.shp"},"geometry":{"type":"Point","coordinates":[121.439843,31.267753]}},{"id":"6317","type":"Feature","properties":{"id":"B0HGVXSO3Q","name":"小橙光","address":"沪太路与延长中路交叉口北约60米","type":"科教文化服务;培训机构;培训机构","typecode":"141400","pcode":310000,"pname":"上海市","citycode":21,"cityname":"上海市","adcode":310106,"adname":"静安区","business_a":"大宁路","location":"121.444343,31.266161","tel":"[]","bigType":"科教文化服务","midType":"培训机构","smallType":"培训机构","gcj_lng":121.444343,"gcj_lat":31.266161,"wgs84_loc":"121.439735,31.268019","wgs84Lng":"121.439735","wgs84Lat":"31.268019","__source_file__":"13-常用公服设施点/SHP/上海市_培训机构.shp"},"geometry":{"type":"Point","coordinates":[121.439735,31.268019]}},{"id":"16096","type":"Feature","properties":{"id":"B0HDOR66RI","name":"海豚宝贝智体成长中心","address":"沪太路785号B座301-302室","type":"科教文化服务;培训机构;培训机构","typecode":"141400","pcode":310000,"pname":"上海市","citycode":21,"cityname":"上海市","adcode":310106,"adname":"静安区","business_a":"大宁路","location":"121.444367,31.266249","tel":"18317117186;18917673187","bigType":"科教文化服务","midType":"培训机构","smallType":"培训机构","gcj_lng":121.444367,"gcj_lat":31.266249,"wgs84_loc":"121.43976,31.268107","wgs84Lng":"121.43976","wgs84Lat":"31.268107","__source_file__":"13-常用公服设施点/SHP/上海市_培训机构.shp"},"geometry":{"type":"Point","coordinates":[121.43976,31.268107]}},{"id":"6340","type":"Feature","properties":{"id":"B0GKZA6SJH","name":"rompn roll亲子中心","address":"延长中路与沪太路交叉口东北约80米","type":"科教文化服务;培训机构;培训机构","typecode":"141400","pcode":310000,"pname":"上海市","citycode":21,"cityname":"上海市","adcode":310106,"adname":"静安区","business_a":"大宁路","location":"121.444644,31.266313","tel":"[]","bigType":"科教文化服务","midType":"培训机构","smallType":"培训机构","gcj_lng":121.444644,"gcj_lat":31.266313,"wgs84_loc":"121.440037,31.268172","wgs84Lng":"121.440037","wgs84Lat":"31.268172","__source_file__":"13-常用公服设施点/SHP/上海市_培训机构.shp"},"geometry":{"type":"Point","coordinates":[121.440037,31.268172]}},{"id":"14960","type":"Feature","properties":{"id":"B0FFIJCL2N","name":"琦锐少儿学习中心","address":"中潭路地铁口万业新阶B座3楼","type":"科教文化服务;培训机构;培训机构","typecode":"141400","pcode":310000,"pname":"上海市","citycode":21,"cityname":"上海市","adcode":310107,"adname":"普陀区","business_a":"光新","location":"121.440937,31.254957","tel":"18516348877","bigType":"科教文化服务","midType":"培训机构","smallType":"培训机构","gcj_lng":121.440937,"gcj_lat":31.254957,"wgs84_loc":"121.436323,31.256814","wgs84Lng":"121.436323","wgs84Lat":"31.256814","__source_file__":"13-常用公服设施点/SHP/上海市_培训机构.shp"},"geometry":{"type":"Point","coordinates":[121.436323,31.256814]}},{"id":"2230","type":"Feature","properties":{"id":"B0HRUDGRZ8","name":"尊师教育","address":"中潭路地铁口b座万业新阶三楼","type":"科教文化服务;培训机构;培训机构","typecode":"141400","pcode":310000,"pname":"上海市","citycode":21,"cityname":"上海市","adcode":310107,"adname":"普陀区","business_a":"光新","location":"121.440829,31.255057","tel":"[]","bigType":"科教文化服务","midType":"培训机构","smallType":"培训机构","gcj_lng":121.440829,"gcj_lat":31.255057,"wgs84_loc":"121.436215,31.256914","wgs84Lng":"121.436215","wgs84Lat":"31.256914","__source_file__":"13-常用公服设施点/SHP/上海市_培训机构.shp"},"geometry":{"type":"Point","coordinates":[121.436215,31.256914]}},{"id":"2298","type":"Feature","properties":{"id":"B0FFIYK06O","name":"秀音艺术中心","address":"远景路616号万业新阶A座203室(KFC楼上)","type":"科教文化服务;培训机构;培训机构","typecode":"141400","pcode":310000,"pname":"上海市","citycode":21,"cityname":"上海市","adcode":310107,"adname":"普陀区","business_a":"光新","location":"121.442114,31.255059","tel":"15021616988;13681989274","bigType":"科教文化服务","midType":"培训机构","smallType":"培训机构","gcj_lng":121.442114,"gcj_lat":31.255059,"wgs84_loc":"121.437503,31.256918","wgs84Lng":"121.437503","wgs84Lat":"31.256918","__source_file__":"13-常用公服设施点/SHP/上海市_培训机构.shp"},"geometry":{"type":"Point","coordinates":[121.437503,31.256918]}},{"id":"2188","type":"Feature","properties":{"id":"B0FFLC6O5A","name":"Brain School(中远两湾中心店)","address":"远景路与中潭路交叉口东约100米","type":"科教文化服务;培训机构;培训机构","typecode":"141400","pcode":310000,"pname":"上海市","citycode":21,"cityname":"上海市","adcode":310107,"adname":"普陀区","business_a":"光新","location":"121.442272,31.255113","tel":"[]","bigType":"科教文化服务","midType":"培训机构","smallType":"培训机构","gcj_lng":121.442272,"gcj_lat":31.255113,"wgs84_loc":"121.437661,31.256972","wgs84Lng":"121.437661","wgs84Lat":"31.256972","__source_file__":"13-常用公服设施点/SHP/上海市_培训机构.shp"},"geometry":{"type":"Point","coordinates":[121.437661,31.256972]}},{"id":"1650","type":"Feature","properties":{"id":"B0FFI1E954","name":"摩西少儿英语(中潭路店)","address":"远景路616号万业一番空间A座2F","type":"科教文化服务;培训机构;培训机构","typecode":"141400","pcode":310000,"pname":"上海市","citycode":21,"cityname":"上海市","adcode":310107,"adname":"普陀区","business_a":"光新","location":"121.441816,31.255158","tel":"13761085942","bigType":"科教文化服务","midType":"培训机构","smallType":"培训机构","gcj_lng":121.441816,"gcj_lat":31.255158,"wgs84_loc":"121.437204,31.257017","wgs84Lng":"121.437204","wgs84Lat":"31.257017","__source_file__":"13-常用公服设施点/SHP/上海市_培训机构.shp"},"geometry":{"type":"Point","coordinates":[121.437204,31.257017]}},{"id":"1948","type":"Feature","properties":{"id":"B0GRX18J7Q","name":"方洁钢琴工作室","address":"远景路616号万业远景大厦A座306室","type":"科教文化服务;培训机构;培训机构","typecode":"141400","pcode":310000,"pname":"上海市","citycode":21,"cityname":"上海市","adcode":310107,"adname":"普陀区","business_a":"光新","location":"121.441523,31.255202","tel":"15821558614","bigType":"科教文化服务","midType":"培训机构","smallType":"培训机构","gcj_lng":121.441523,"gcj_lat":31.255202,"wgs84_loc":"121.43691,31.25706","wgs84Lng":"121.43691","wgs84Lat":"31.25706","__source_file__":"13-常用公服设施点/SHP/上海市_培训机构.shp"},"geometry":{"type":"Point","coordinates":[121.43691,31.25706]}},{"id":"13963","type":"Feature","properties":{"id":"B0FFK4VG57","name":"富罗旺芭蕾舞蹈","address":"石泉东路60号MOSTUDY二楼","type":"科教文化服务;培训机构;培训机构","typecode":"141400","pcode":310000,"pname":"上海市","citycode":21,"cityname":"上海市","adcode":310107,"adname":"普陀区","business_a":"光新","location":"121.441847,31.255359","tel":"[]","bigType":"科教文化服务","midType":"培训机构","smallType":"培训机构","gcj_lng":121.441847,"gcj_lat":31.255359,"wgs84_loc":"121.437235,31.257218","wgs84Lng":"121.437235","wgs84Lat":"31.257218","__source_file__":"13-常用公服设施点/SHP/上海市_培训机构.shp"},"geometry":{"type":"Point","coordinates":[121.437235,31.257218]}},{"id":"14954","type":"Feature","properties":{"id":"B0FFF3SNT7","name":"家庭教育指导中心","address":"交通路1565号通联大厦18楼","type":"科教文化服务;培训机构;培训机构","typecode":"141400","pcode":310000,"pname":"上海市","citycode":21,"cityname":"上海市","adcode":310107,"adname":"普陀区","business_a":"光新","location":"121.442895,31.255910","tel":"021-54592293","bigType":"科教文化服务","midType":"培训机构","smallType":"培训机构","gcj_lng":121.442895,"gcj_lat":31.25591,"wgs84_loc":"121.438285,31.25777","wgs84Lng":"121.438285","wgs84Lat":"31.25777","__source_file__":"13-常用公服设施点/SHP/上海市_培训机构.shp"},"geometry":{"type":"Point","coordinates":[121.438285,31.25777]}},{"id":"1793","type":"Feature","properties":{"id":"B0FFHUK5VQ","name":"信立城","address":"中山北路1295号","type":"科教文化服务;培训机构;培训机构","typecode":"141400","pcode":310000,"pname":"上海市","citycode":21,"cityname":"上海市","adcode":310107,"adname":"普陀区","business_a":"大宁路","location":"121.442496,31.257617","tel":"[]","bigType":"科教文化服务","midType":"培训机构","smallType":"培训机构","gcj_lng":121.442496,"gcj_lat":31.257617,"wgs84_loc":"121.437885,31.259476","wgs84Lng":"121.437885","wgs84Lat":"31.259476","__source_file__":"13-常用公服设施点/SHP/上海市_培训机构.shp"},"geometry":{"type":"Point","coordinates":[121.437885,31.259476]}},{"id":"13675","type":"Feature","properties":{"id":"B0FFLFFASV","name":"悠斯阁教育","address":"沪太路与新村路交叉口东南120米","type":"科教文化服务;培训机构;培训机构","typecode":"141400","pcode":310000,"pname":"上海市","citycode":21,"cityname":"上海市","adcode":310107,"adname":"普陀区","business_a":"大宁路","location":"121.442389,31.267317","tel":"[]","bigType":"科教文化服务","midType":"培训机构","smallType":"培训机构","gcj_lng":121.442389,"gcj_lat":31.267317,"wgs84_loc":"121.437777,31.269171","wgs84Lng":"121.437777","wgs84Lat":"31.269171","__source_file__":"13-常用公服设施点/SHP/上海市_培训机构.shp"},"geometry":{"type":"Point","coordinates":[121.437777,31.269171]}},{"id":"5986","type":"Feature","properties":{"id":"B00157HZ5Q","name":"上海市贝塔英语活动中心","address":"延长中路795号新华园C座5001","type":"科教文化服务;培训机构;培训机构","typecode":"141400","pcode":310000,"pname":"上海市","citycode":21,"cityname":"上海市","adcode":310106,"adname":"静安区","business_a":"大宁路","location":"121.445191,31.266358","tel":"[]","bigType":"科教文化服务","midType":"培训机构","smallType":"培训机构","gcj_lng":121.445191,"gcj_lat":31.266358,"wgs84_loc":"121.440585,31.268218","wgs84Lng":"121.440585","wgs84Lat":"31.268218","__source_file__":"13-常用公服设施点/SHP/上海市_培训机构.shp"},"geometry":{"type":"Point","coordinates":[121.440585,31.268218]}},{"id":"15831","type":"Feature","properties":{"id":"B0FFLANMLE","name":"优能中学教育","address":"新华园C幢延长中路783号","type":"科教文化服务;培训机构;培训机构","typecode":"141400","pcode":310000,"pname":"上海市","citycode":21,"cityname":"上海市","adcode":310106,"adname":"静安区","business_a":"大宁路","location":"121.443826,31.266361","tel":"[]","bigType":"科教文化服务","midType":"培训机构","smallType":"培训机构","gcj_lng":121.443826,"gcj_lat":31.266361,"wgs84_loc":"121.439217,31.268218","wgs84Lng":"121.439217","wgs84Lat":"31.268218","__source_file__":"13-常用公服设施点/SHP/上海市_培训机构.shp"},"geometry":{"type":"Point","coordinates":[121.439217,31.268218]}},{"id":"6183","type":"Feature","properties":{"id":"B0FFIYY4UL","name":"乐动创想","address":"延长路801号新华园B楼三楼","type":"科教文化服务;培训机构;培训机构","typecode":"141400","pcode":310000,"pname":"上海市","citycode":21,"cityname":"上海市","adcode":310106,"adname":"静安区","business_a":"大宁路","location":"121.444610,31.266382","tel":"[]","bigType":"科教文化服务","midType":"培训机构","smallType":"培训机构","gcj_lng":121.44461,"gcj_lat":31.266382,"wgs84_loc":"121.440003,31.268241","wgs84Lng":"121.440003","wgs84Lat":"31.268241","__source_file__":"13-常用公服设施点/SHP/上海市_培训机构.shp"},"geometry":{"type":"Point","coordinates":[121.440003,31.268241]}},{"id":"15531","type":"Feature","properties":{"id":"B0FFIPEBWB","name":"新东方优能中学教育(沪太路校区)","address":"沪太路799号一楼","type":"科教文化服务;培训机构;培训机构","typecode":"141400","pcode":310000,"pname":"上海市","citycode":21,"cityname":"上海市","adcode":310106,"adname":"静安区","business_a":"大宁路","location":"121.443828,31.266394","tel":"021-51810508","bigType":"科教文化服务","midType":"培训机构","smallType":"培训机构","gcj_lng":121.443828,"gcj_lat":31.266394,"wgs84_loc":"121.439219,31.268251","wgs84Lng":"121.439219","wgs84Lat":"31.268251","__source_file__":"13-常用公服设施点/SHP/上海市_培训机构.shp"},"geometry":{"type":"Point","coordinates":[121.439219,31.268251]}},{"id":"89","type":"Feature","properties":{"id":"B00155KDFU","name":"新东方沪太路新慧谷校区","address":"沪太路799号新慧谷大厦1层","type":"科教文化服务;培训机构;培训机构","typecode":"141400","pcode":310000,"pname":"上海市","citycode":21,"cityname":"上海市","adcode":310106,"adname":"静安区","business_a":"大宁路","location":"121.443769,31.266436","tel":"[]","bigType":"科教文化服务","midType":"培训机构","smallType":"培训机构","gcj_lng":121.443769,"gcj_lat":31.266436,"wgs84_loc":"121.43916,31.268293","wgs84Lng":"121.43916","wgs84Lat":"31.268293","__source_file__":"13-常用公服设施点/SHP/上海市_培训机构.shp"},"geometry":{"type":"Point","coordinates":[121.43916,31.268293]}},{"id":"14980","type":"Feature","properties":{"id":"B0FFI7GN8U","name":"优能一对一","address":"沪太路799号新东方一楼","type":"科教文化服务;培训机构;培训机构","typecode":"141400","pcode":310000,"pname":"上海市","citycode":21,"cityname":"上海市","adcode":310106,"adname":"静安区","business_a":"大宁路","location":"121.443784,31.266476","tel":"[]","bigType":"科教文化服务","midType":"培训机构","smallType":"培训机构","gcj_lng":121.443784,"gcj_lat":31.266476,"wgs84_loc":"121.439175,31.268333","wgs84Lng":"121.439175","wgs84Lat":"31.268333","__source_file__":"13-常用公服设施点/SHP/上海市_培训机构.shp"},"geometry":{"type":"Point","coordinates":[121.439175,31.268333]}},{"id":"6042","type":"Feature","properties":{"id":"B0FFFDOOM5","name":"特思尔大宇宙","address":"沪太路799号新慧谷科技产业园1号楼3楼","type":"科教文化服务;培训机构;培训机构","typecode":"141400","pcode":310000,"pname":"上海市","citycode":21,"cityname":"上海市","adcode":310106,"adname":"静安区","business_a":"大宁路","location":"121.443782,31.266508","tel":"[]","bigType":"科教文化服务","midType":"培训机构","smallType":"培训机构","gcj_lng":121.443782,"gcj_lat":31.266508,"wgs84_loc":"121.439173,31.268365","wgs84Lng":"121.439173","wgs84Lat":"31.268365","__source_file__":"13-常用公服设施点/SHP/上海市_培训机构.shp"},"geometry":{"type":"Point","coordinates":[121.439173,31.268365]}},{"id":"5745","type":"Feature","properties":{"id":"B0FFKP7HUP","name":"考拉国际托育早教园(延长路店)","address":"延长中路631-633号","type":"科教文化服务;培训机构;培训机构","typecode":"141400","pcode":310000,"pname":"上海市","citycode":21,"cityname":"上海市","adcode":310106,"adname":"静安区","business_a":"大宁路","location":"121.448507,31.268072","tel":"[]","bigType":"科教文化服务","midType":"培训机构","smallType":"培训机构","gcj_lng":121.448507,"gcj_lat":31.268072,"wgs84_loc":"121.443909,31.269937","wgs84Lng":"121.443909","wgs84Lat":"31.269937","__source_file__":"13-常用公服设施点/SHP/上海市_培训机构.shp"},"geometry":{"type":"Point","coordinates":[121.443909,31.269937]}},{"id":"5949","type":"Feature","properties":{"id":"B0HAJS6HFI","name":"进两步教育(大宁中心)","address":"延长中路633号3楼","type":"科教文化服务;培训机构;培训机构","typecode":"141400","pcode":310000,"pname":"上海市","citycode":21,"cityname":"上海市","adcode":310106,"adname":"静安区","business_a":"大宁路","location":"121.448410,31.268394","tel":"13167198105","bigType":"科教文化服务","midType":"培训机构","smallType":"培训机构","gcj_lng":121.44841,"gcj_lat":31.268394,"wgs84_loc":"121.443812,31.270259","wgs84Lng":"121.443812","wgs84Lat":"31.270259","__source_file__":"13-常用公服设施点/SHP/上海市_培训机构.shp"},"geometry":{"type":"Point","coordinates":[121.443812,31.270259]}},{"id":"14565","type":"Feature","properties":{"id":"B00155QCPP","name":"龙文教育(大宁校区)","address":"运城路221号","type":"科教文化服务;培训机构;培训机构","typecode":"141400","pcode":310000,"pname":"上海市","citycode":21,"cityname":"上海市","adcode":310106,"adname":"静安区","business_a":"大宁路","location":"121.443259,31.269794","tel":"021-56051086","bigType":"科教文化服务","midType":"培训机构","smallType":"培训机构","gcj_lng":121.443259,"gcj_lat":31.269794,"wgs84_loc":"121.438649,31.271649","wgs84Lng":"121.438649","wgs84Lat":"31.271649","__source_file__":"13-常用公服设施点/SHP/上海市_培训机构.shp"},"geometry":{"type":"Point","coordinates":[121.438649,31.271649]}},{"id":"15178","type":"Feature","properties":{"id":"B0HBTG13KR","name":"呈康青少年篮球培训班","address":"新村路19号","type":"科教文化服务;培训机构;培训机构","typecode":"141400","pcode":310000,"pname":"上海市","citycode":21,"cityname":"上海市","adcode":310107,"adname":"普陀区","business_a":"大宁路","location":"121.440680,31.268016","tel":"[]","bigType":"科教文化服务","midType":"培训机构","smallType":"培训机构","gcj_lng":121.44068,"gcj_lat":31.268016,"wgs84_loc":"121.436065,31.269867","wgs84Lng":"121.436065","wgs84Lat":"31.269867","__source_file__":"13-常用公服设施点/SHP/上海市_培训机构.shp"},"geometry":{"type":"Point","coordinates":[121.436065,31.269867]}},{"id":"84","type":"Feature","properties":{"id":"B0FFM98EP2","name":"新东方(大宁路校区)","address":"大宁路1139号","type":"科教文化服务;培训机构;培训机构","typecode":"141400","pcode":310000,"pname":"上海市","citycode":21,"cityname":"上海市","adcode":310106,"adname":"静安区","business_a":"大宁路","location":"121.442500,31.269717","tel":"4007021021","bigType":"科教文化服务","midType":"培训机构","smallType":"培训机构","gcj_lng":121.4425,"gcj_lat":31.269717,"wgs84_loc":"121.437888,31.27157","wgs84Lng":"121.437888","wgs84Lat":"31.27157","__source_file__":"13-常用公服设施点/SHP/上海市_培训机构.shp"},"geometry":{"type":"Point","coordinates":[121.437888,31.27157]}},{"id":"5669","type":"Feature","properties":{"id":"B0FFHZSY6D","name":"邦思宝贝幼托中心(运城校区)","address":"运城路221号","type":"科教文化服务;培训机构;培训机构","typecode":"141400","pcode":310000,"pname":"上海市","citycode":21,"cityname":"上海市","adcode":310106,"adname":"静安区","business_a":"大宁路","location":"121.440250,31.270331","tel":"021-80370358","bigType":"科教文化服务","midType":"培训机构","smallType":"培训机构","gcj_lng":121.44025,"gcj_lat":31.270331,"wgs84_loc":"121.435634,31.27218","wgs84Lng":"121.435634","wgs84Lat":"31.27218","__source_file__":"13-常用公服设施点/SHP/上海市_培训机构.shp"},"geometry":{"type":"Point","coordinates":[121.435634,31.27218]}},{"id":"5831","type":"Feature","properties":{"id":"B0FFL6GAZP","name":"nrs舞蹈(大宁路分店)","address":"大宁路883弄13号乙室(歌林春天小区内)","type":"科教文化服务;培训机构;培训机构","typecode":"141400","pcode":310000,"pname":"上海市","citycode":21,"cityname":"上海市","adcode":310106,"adname":"静安区","business_a":"大宁路","location":"121.442981,31.270679","tel":"[]","bigType":"科教文化服务","midType":"培训机构","smallType":"培训机构","gcj_lng":121.442981,"gcj_lat":31.270679,"wgs84_loc":"121.43837,31.272533","wgs84Lng":"121.43837","wgs84Lat":"31.272533","__source_file__":"13-常用公服设施点/SHP/上海市_培训机构.shp"},"geometry":{"type":"Point","coordinates":[121.43837,31.272533]}},{"id":"6192","type":"Feature","properties":{"id":"B0FFF00JA1","name":"子昂教育(延长中路)","address":"延长中路619延中大厦518","type":"科教文化服务;培训机构;培训机构","typecode":"141400","pcode":310000,"pname":"上海市","citycode":21,"cityname":"上海市","adcode":310106,"adname":"静安区","business_a":"大宁路","location":"121.448817,31.268606","tel":"021-53540489","bigType":"科教文化服务","midType":"培训机构","smallType":"培训机构","gcj_lng":121.448817,"gcj_lat":31.268606,"wgs84_loc":"121.44422,31.270472","wgs84Lng":"121.44422","wgs84Lat":"31.270472","__source_file__":"13-常用公服设施点/SHP/上海市_培训机构.shp"},"geometry":{"type":"Point","coordinates":[121.44422,31.270472]}},{"id":"90","type":"Feature","properties":{"id":"B001572AG1","name":"东方童画青少儿艺术培训学校(大宁分部)","address":"延长中路619号延中大厦3A01室","type":"科教文化服务;培训机构;培训机构","typecode":"141400","pcode":310000,"pname":"上海市","citycode":21,"cityname":"上海市","adcode":310106,"adname":"静安区","business_a":"大宁路","location":"121.448907,31.268660","tel":"021-56650065;4008802101","bigType":"科教文化服务","midType":"培训机构","smallType":"培训机构","gcj_lng":121.448907,"gcj_lat":31.26866,"wgs84_loc":"121.44431,31.270526","wgs84Lng":"121.44431","wgs84Lat":"31.270526","__source_file__":"13-常用公服设施点/SHP/上海市_培训机构.shp"},"geometry":{"type":"Point","coordinates":[121.44431,31.270526]}},{"id":"6239","type":"Feature","properties":{"id":"B0HB6XNKYU","name":"形运画室","address":"延长中路619号延中大厦301室","type":"科教文化服务;培训机构;培训机构","typecode":"141400","pcode":310000,"pname":"上海市","citycode":21,"cityname":"上海市","adcode":310106,"adname":"静安区","business_a":"大宁路","location":"121.448852,31.268678","tel":"18621934469","bigType":"科教文化服务","midType":"培训机构","smallType":"培训机构","gcj_lng":121.448852,"gcj_lat":31.268678,"wgs84_loc":"121.444255,31.270544","wgs84Lng":"121.444255","wgs84Lat":"31.270544","__source_file__":"13-常用公服设施点/SHP/上海市_培训机构.shp"},"geometry":{"type":"Point","coordinates":[121.444255,31.270544]}},{"id":"16319","type":"Feature","properties":{"id":"B00156NSH5","name":"申银万国投资者学校(上海延长中路证券营业部分校)","address":"延长中路597","type":"科教文化服务;培训机构;培训机构","typecode":"141400","pcode":310000,"pname":"上海市","citycode":21,"cityname":"上海市","adcode":310106,"adname":"静安区","business_a":"大宁路","location":"121.449032,31.268738","tel":"[]","bigType":"科教文化服务","midType":"培训机构","smallType":"培训机构","gcj_lng":121.449032,"gcj_lat":31.268738,"wgs84_loc":"121.444435,31.270604","wgs84Lng":"121.444435","wgs84Lat":"31.270604","__source_file__":"13-常用公服设施点/SHP/上海市_培训机构.shp"},"geometry":{"type":"Point","coordinates":[121.444435,31.270604]}},{"id":"17464","type":"Feature","properties":{"id":"B0IGX7QMS5","name":"文启·小学生","address":"老沪太路与万荣路交叉口西南40米","type":"科教文化服务;培训机构;培训机构","typecode":"141400","pcode":310000,"pname":"上海市","citycode":21,"cityname":"上海市","adcode":310106,"adname":"静安区","business_a":"大宁路","location":"121.448758,31.269941","tel":"[]","bigType":"科教文化服务","midType":"培训机构","smallType":"培训机构","gcj_lng":121.448758,"gcj_lat":31.269941,"wgs84_loc":"121.44416,31.271806","wgs84Lng":"121.44416","wgs84Lat":"31.271806","__source_file__":"13-常用公服设施点/SHP/上海市_培训机构.shp"},"geometry":{"type":"Point","coordinates":[121.44416,31.271806]}},{"id":"5813","type":"Feature","properties":{"id":"B0GR0HUUKE","name":"文启·优思(万荣校区)","address":"老沪太路380-382号(近万荣路)","type":"科教文化服务;培训机构;培训机构","typecode":"141400","pcode":310000,"pname":"上海市","citycode":21,"cityname":"上海市","adcode":310106,"adname":"静安区","business_a":"大宁路","location":"121.448780,31.269972","tel":"[]","bigType":"科教文化服务","midType":"培训机构","smallType":"培训机构","gcj_lng":121.44878,"gcj_lat":31.269972,"wgs84_loc":"121.444182,31.271837","wgs84Lng":"121.444182","wgs84Lat":"31.271837","__source_file__":"13-常用公服设施点/SHP/上海市_培训机构.shp"},"geometry":{"type":"Point","coordinates":[121.444182,31.271837]}},{"id":"6299","type":"Feature","properties":{"id":"B0I6VC8DQS","name":"作业辅导","address":"[]","type":"科教文化服务;培训机构;培训机构","typecode":"141400","pcode":310000,"pname":"上海市","citycode":21,"cityname":"上海市","adcode":310106,"adname":"静安区","business_a":"大宁路","location":"121.448776,31.269997","tel":"[]","bigType":"科教文化服务","midType":"培训机构","smallType":"培训机构","gcj_lng":121.448776,"gcj_lat":31.269997,"wgs84_loc":"121.444178,31.271862","wgs84Lng":"121.444178","wgs84Lat":"31.271862","__source_file__":"13-常用公服设施点/SHP/上海市_培训机构.shp"},"geometry":{"type":"Point","coordinates":[121.444178,31.271862]}},{"id":"9345","type":"Feature","properties":{"id":"B0G07D2V7C","name":"象上小学生","address":"万荣路与老沪太路交叉口西北40米","type":"科教文化服务;培训机构;培训机构","typecode":"141400","pcode":310000,"pname":"上海市","citycode":21,"cityname":"上海市","adcode":310106,"adname":"静安区","business_a":"大宁路","location":"121.448987,31.270527","tel":"[]","bigType":"科教文化服务","midType":"培训机构","smallType":"培训机构","gcj_lng":121.448987,"gcj_lat":31.270527,"wgs84_loc":"121.44439,31.272392","wgs84Lng":"121.44439","wgs84Lat":"31.272392","__source_file__":"13-常用公服设施点/SHP/上海市_培训机构.shp"},"geometry":{"type":"Point","coordinates":[121.44439,31.272392]}},{"id":"14628","type":"Feature","properties":{"id":"B0G0ANQOVI","name":"残疾人就业实训基地","address":"延长中路435号附近","type":"科教文化服务;培训机构;培训机构","typecode":"141400","pcode":310000,"pname":"上海市","citycode":21,"cityname":"上海市","adcode":310106,"adname":"静安区","business_a":"大宁路","location":"121.452762,31.270641","tel":"[]","bigType":"科教文化服务","midType":"培训机构","smallType":"培训机构","gcj_lng":121.452762,"gcj_lat":31.270641,"wgs84_loc":"121.448174,31.272514","wgs84Lng":"121.448174","wgs84Lat":"31.272514","__source_file__":"13-常用公服设施点/SHP/上海市_培训机构.shp"},"geometry":{"type":"Point","coordinates":[121.448174,31.272514]}},{"id":"9375","type":"Feature","properties":{"id":"B0FFHR24BC","name":"上海市住院医师规范化培训基地","address":"延长中路301号","type":"科教文化服务;培训机构;培训机构","typecode":"141400","pcode":310000,"pname":"上海市","citycode":21,"cityname":"上海市","adcode":310106,"adname":"静安区","business_a":"大宁路","location":"121.453801,31.271024","tel":"[]","bigType":"科教文化服务","midType":"培训机构","smallType":"培训机构","gcj_lng":121.453801,"gcj_lat":31.271024,"wgs84_loc":"121.449216,31.272899","wgs84Lng":"121.449216","wgs84Lat":"31.272899","__source_file__":"13-常用公服设施点/SHP/上海市_培训机构.shp"},"geometry":{"type":"Point","coordinates":[121.449216,31.272899]}},{"id":"17267","type":"Feature","properties":{"id":"B0G1X9I51X","name":"品成教育","address":"宜川路望景苑","type":"科教文化服务;培训机构;培训机构","typecode":"141400","pcode":310000,"pname":"上海市","citycode":21,"cityname":"上海市","adcode":310106,"adname":"静安区","business_a":"大宁路","location":"121.438227,31.270070","tel":"[]","bigType":"科教文化服务","midType":"培训机构","smallType":"培训机构","gcj_lng":121.438227,"gcj_lat":31.27007,"wgs84_loc":"121.433607,31.271916","wgs84Lng":"121.433607","wgs84Lat":"31.271916","__source_file__":"13-常用公服设施点/SHP/上海市_培训机构.shp"},"geometry":{"type":"Point","coordinates":[121.433607,31.271916]}},{"id":"6040","type":"Feature","properties":{"id":"B0FFG95NCR","name":"爱可教育培训","address":"彭浦镇宜川路755号二楼","type":"科教文化服务;培训机构;培训机构","typecode":"141400","pcode":310000,"pname":"上海市","citycode":21,"cityname":"上海市","adcode":310106,"adname":"静安区","business_a":"大宁路","location":"121.438270,31.270110","tel":"021-56703256","bigType":"科教文化服务","midType":"培训机构","smallType":"培训机构","gcj_lng":121.43827,"gcj_lat":31.27011,"wgs84_loc":"121.43365,31.271956","wgs84Lng":"121.43365","wgs84Lat":"31.271956","__source_file__":"13-常用公服设施点/SHP/上海市_培训机构.shp"},"geometry":{"type":"Point","coordinates":[121.43365,31.271956]}},{"id":"5755","type":"Feature","properties":{"id":"B0FFJFTASZ","name":"承毓教育(大宁校区)","address":"彭浦镇宜川路783号","type":"科教文化服务;培训机构;培训机构","typecode":"141400","pcode":310000,"pname":"上海市","citycode":21,"cityname":"上海市","adcode":310106,"adname":"静安区","business_a":"大宁路","location":"121.438692,31.270420","tel":"021-66066735;4001101437","bigType":"科教文化服务","midType":"培训机构","smallType":"培训机构","gcj_lng":121.438692,"gcj_lat":31.27042,"wgs84_loc":"121.434073,31.272267","wgs84Lng":"121.434073","wgs84Lat":"31.272267","__source_file__":"13-常用公服设施点/SHP/上海市_培训机构.shp"},"geometry":{"type":"Point","coordinates":[121.434073,31.272267]}},{"id":"6261","type":"Feature","properties":{"id":"B0FFLANLCI","name":"上海承毓培训中心有限责任公司","address":"彭浦镇宜川路783号","type":"科教文化服务;培训机构;培训机构","typecode":"141400","pcode":310000,"pname":"上海市","citycode":21,"cityname":"上海市","adcode":310106,"adname":"静安区","business_a":"大宁路","location":"121.438786,31.270465","tel":"021-66066735","bigType":"科教文化服务","midType":"培训机构","smallType":"培训机构","gcj_lng":121.438786,"gcj_lat":31.270465,"wgs84_loc":"121.434167,31.272312","wgs84Lng":"121.434167","wgs84Lat":"31.272312","__source_file__":"13-常用公服设施点/SHP/上海市_培训机构.shp"},"geometry":{"type":"Point","coordinates":[121.434167,31.272312]}},{"id":"5912","type":"Feature","properties":{"id":"B001572FXK","name":"安可金殿教育","address":"大宁路883弄1号301(近万荣路)","type":"科教文化服务;培训机构;培训机构","typecode":"141400","pcode":310000,"pname":"上海市","citycode":21,"cityname":"上海市","adcode":310106,"adname":"静安区","business_a":"大宁路","location":"121.443821,31.270564","tel":"13022149411","bigType":"科教文化服务","midType":"培训机构","smallType":"培训机构","gcj_lng":121.443821,"gcj_lat":31.270564,"wgs84_loc":"121.439212,31.272419","wgs84Lng":"121.439212","wgs84Lat":"31.272419","__source_file__":"13-常用公服设施点/SHP/上海市_培训机构.shp"},"geometry":{"type":"Point","coordinates":[121.439212,31.272419]}},{"id":"6333","type":"Feature","properties":{"id":"B0H1ULZ56J","name":"世纪国刚专业练字(静闸实验校区)","address":"大宁路711号","type":"科教文化服务;培训机构;培训机构","typecode":"141400","pcode":310000,"pname":"上海市","citycode":21,"cityname":"上海市","adcode":310106,"adname":"静安区","business_a":"大宁路","location":"121.444981,31.271067","tel":"13764422469","bigType":"科教文化服务","midType":"培训机构","smallType":"培训机构","gcj_lng":121.444981,"gcj_lat":31.271067,"wgs84_loc":"121.440374,31.272924","wgs84Lng":"121.440374","wgs84Lat":"31.272924","__source_file__":"13-常用公服设施点/SHP/上海市_培训机构.shp"},"geometry":{"type":"Point","coordinates":[121.440374,31.272924]}},{"id":"6325","type":"Feature","properties":{"id":"B0HBRX7730","name":"高端辅导找精锐","address":"万荣路大宁龙盛雅苑","type":"科教文化服务;培训机构;培训机构","typecode":"141400","pcode":310000,"pname":"上海市","citycode":21,"cityname":"上海市","adcode":310106,"adname":"静安区","business_a":"大宁路","location":"121.447372,31.271179","tel":"[]","bigType":"科教文化服务","midType":"培训机构","smallType":"培训机构","gcj_lng":121.447372,"gcj_lat":31.271179,"wgs84_loc":"121.442771,31.273041","wgs84Lng":"121.442771","wgs84Lat":"31.273041","__source_file__":"13-常用公服设施点/SHP/上海市_培训机构.shp"},"geometry":{"type":"Point","coordinates":[121.442771,31.273041]}},{"id":"5975","type":"Feature","properties":{"id":"B0FFKSA5ZZ","name":"字慧书院(静安大宁店)","address":"大宁路701号歌林商务大厦608室(大宁路万荣路)","type":"科教文化服务;培训机构;培训机构","typecode":"141400","pcode":310000,"pname":"上海市","citycode":21,"cityname":"上海市","adcode":310106,"adname":"静安区","business_a":"大宁路","location":"121.445816,31.271723","tel":"13764183574","bigType":"科教文化服务","midType":"培训机构","smallType":"培训机构","gcj_lng":121.445816,"gcj_lat":31.271723,"wgs84_loc":"121.441211,31.273582","wgs84Lng":"121.441211","wgs84Lat":"31.273582","__source_file__":"13-常用公服设施点/SHP/上海市_培训机构.shp"},"geometry":{"type":"Point","coordinates":[121.441211,31.273582]}},{"id":"6235","type":"Feature","properties":{"id":"B0IG6HGAQI","name":"小字迷练字童方绘美术","address":"大宁路701号歌林汇6楼605室","type":"科教文化服务;培训机构;培训机构","typecode":"141400","pcode":310000,"pname":"上海市","citycode":21,"cityname":"上海市","adcode":310106,"adname":"静安区","business_a":"大宁路","location":"121.445670,31.271726","tel":"18621723381","bigType":"科教文化服务","midType":"培训机构","smallType":"培训机构","gcj_lng":121.44567,"gcj_lat":31.271726,"wgs84_loc":"121.441065,31.273584","wgs84Lng":"121.441065","wgs84Lat":"31.273584","__source_file__":"13-常用公服设施点/SHP/上海市_培训机构.shp"},"geometry":{"type":"Point","coordinates":[121.441065,31.273584]}},{"id":"6211","type":"Feature","properties":{"id":"B0H12CAJTK","name":"童方绘少儿美术","address":"大宁路701号歌林汇(商务大厦)6楼605室","type":"科教文化服务;培训机构;培训机构","typecode":"141400","pcode":310000,"pname":"上海市","citycode":21,"cityname":"上海市","adcode":310106,"adname":"静安区","business_a":"大宁路","location":"121.445541,31.271799","tel":"[]","bigType":"科教文化服务","midType":"培训机构","smallType":"培训机构","gcj_lng":121.445541,"gcj_lat":31.271799,"wgs84_loc":"121.440936,31.273657","wgs84Lng":"121.440936","wgs84Lat":"31.273657","__source_file__":"13-常用公服设施点/SHP/上海市_培训机构.shp"},"geometry":{"type":"Point","coordinates":[121.440936,31.273657]}},{"id":"13870","type":"Feature","properties":{"id":"B0FFIYEWN1","name":"霏梵原版英语童书阅读公社(大宁总店)","address":"大宁路701号歌林大厦4楼409室(万荣路)","type":"科教文化服务;培训机构;培训机构","typecode":"141400","pcode":310000,"pname":"上海市","citycode":21,"cityname":"上海市","adcode":310106,"adname":"静安区","business_a":"大宁路","location":"121.445548,31.271805","tel":"021-66100630;13916748759","bigType":"科教文化服务","midType":"培训机构","smallType":"培训机构","gcj_lng":121.445548,"gcj_lat":31.271805,"wgs84_loc":"121.440943,31.273663","wgs84Lng":"121.440943","wgs84Lat":"31.273663","__source_file__":"13-常用公服设施点/SHP/上海市_培训机构.shp"},"geometry":{"type":"Point","coordinates":[121.440943,31.273663]}},{"id":"6007","type":"Feature","properties":{"id":"B0H1ULYXIG","name":"蒙艺学堂书法围棋绘画","address":"万荣路歌林汇","type":"科教文化服务;培训机构;培训机构","typecode":"141400","pcode":310000,"pname":"上海市","citycode":21,"cityname":"上海市","adcode":310106,"adname":"静安区","business_a":"大宁路","location":"121.445656,31.271836","tel":"[]","bigType":"科教文化服务","midType":"培训机构","smallType":"培训机构","gcj_lng":121.445656,"gcj_lat":31.271836,"wgs84_loc":"121.441051,31.273694","wgs84Lng":"121.441051","wgs84Lat":"31.273694","__source_file__":"13-常用公服设施点/SHP/上海市_培训机构.shp"},"geometry":{"type":"Point","coordinates":[121.441051,31.273694]}},{"id":"6329","type":"Feature","properties":{"id":"B0H6DHABWF","name":"八方花苑家长学校","address":"大宁路与万荣路交叉口东北约240米","type":"科教文化服务;培训机构;培训机构","typecode":"141400","pcode":310000,"pname":"上海市","citycode":21,"cityname":"上海市","adcode":310106,"adname":"静安区","business_a":"大宁路","location":"121.448598,31.273033","tel":"[]","bigType":"科教文化服务","midType":"培训机构","smallType":"培训机构","gcj_lng":121.448598,"gcj_lat":31.273033,"wgs84_loc":"121.444,31.274896","wgs84Lng":"121.444","wgs84Lat":"31.274896","__source_file__":"13-常用公服设施点/SHP/上海市_培训机构.shp"},"geometry":{"type":"Point","coordinates":[121.444,31.274896]}},{"id":"5976","type":"Feature","properties":{"id":"B0FFK2VY4A","name":"歌者盟音乐俱乐部-录音棚(大宁店)","address":"大宁路与万荣路交叉口东北约240米","type":"科教文化服务;培训机构;培训机构","typecode":"141400","pcode":310000,"pname":"上海市","citycode":21,"cityname":"上海市","adcode":310106,"adname":"静安区","business_a":"大宁路","location":"121.448269,31.273289","tel":"[]","bigType":"科教文化服务","midType":"培训机构","smallType":"培训机构","gcj_lng":121.448269,"gcj_lat":31.273289,"wgs84_loc":"121.44367,31.275152","wgs84Lng":"121.44367","wgs84Lat":"31.275152","__source_file__":"13-常用公服设施点/SHP/上海市_培训机构.shp"},"geometry":{"type":"Point","coordinates":[121.44367,31.275152]}},{"id":"5735","type":"Feature","properties":{"id":"B0FFMC7V2D","name":"瑶梦音乐园","address":"大宁路610弄8号","type":"科教文化服务;培训机构;培训机构","typecode":"141400","pcode":310000,"pname":"上海市","citycode":21,"cityname":"上海市","adcode":310106,"adname":"静安区","business_a":"大宁路","location":"121.449270,31.272782","tel":"13301960216","bigType":"科教文化服务","midType":"培训机构","smallType":"培训机构","gcj_lng":121.44927,"gcj_lat":31.272782,"wgs84_loc":"121.444673,31.274647","wgs84Lng":"121.444673","wgs84Lat":"31.274647","__source_file__":"13-常用公服设施点/SHP/上海市_培训机构.shp"},"geometry":{"type":"Point","coordinates":[121.444673,31.274647]}},{"id":"5896","type":"Feature","properties":{"id":"B0FFLFL7AM","name":"书丹学堂","address":"大宁路610弄13号","type":"科教文化服务;培训机构;培训机构","typecode":"141400","pcode":310000,"pname":"上海市","citycode":21,"cityname":"上海市","adcode":310106,"adname":"静安区","business_a":"大宁路","location":"121.449643,31.272798","tel":"13636502091","bigType":"科教文化服务","midType":"培训机构","smallType":"培训机构","gcj_lng":121.449643,"gcj_lat":31.272798,"wgs84_loc":"121.445047,31.274664","wgs84Lng":"121.445047","wgs84Lat":"31.274664","__source_file__":"13-常用公服设施点/SHP/上海市_培训机构.shp"},"geometry":{"type":"Point","coordinates":[121.445047,31.274664]}},{"id":"5794","type":"Feature","properties":{"id":"B0FFJCJ3HK","name":"画塾(大宁店)","address":"大宁路610弄9-2号","type":"科教文化服务;培训机构;培训机构","typecode":"141400","pcode":310000,"pname":"上海市","citycode":21,"cityname":"上海市","adcode":310106,"adname":"静安区","business_a":"大宁路","location":"121.449447,31.272939","tel":"16621065428","bigType":"科教文化服务","midType":"培训机构","smallType":"培训机构","gcj_lng":121.449447,"gcj_lat":31.272939,"wgs84_loc":"121.444851,31.274804","wgs84Lng":"121.444851","wgs84Lat":"31.274804","__source_file__":"13-常用公服设施点/SHP/上海市_培训机构.shp"},"geometry":{"type":"Point","coordinates":[121.444851,31.274804]}},{"id":"6187","type":"Feature","properties":{"id":"B0FFI5CQBV","name":"潮好玩滑板培训","address":"大宁国际广场2座p8号","type":"科教文化服务;培训机构;培训机构","typecode":"141400","pcode":310000,"pname":"上海市","citycode":21,"cityname":"上海市","adcode":310106,"adname":"静安区","business_a":"大宁路","location":"121.452138,31.273034","tel":"13391223333","bigType":"科教文化服务","midType":"培训机构","smallType":"培训机构","gcj_lng":121.452138,"gcj_lat":31.273034,"wgs84_loc":"121.447548,31.274905","wgs84Lng":"121.447548","wgs84Lat":"31.274905","__source_file__":"13-常用公服设施点/SHP/上海市_培训机构.shp"},"geometry":{"type":"Point","coordinates":[121.447548,31.274905]}},{"id":"6314","type":"Feature","properties":{"id":"B0HKDUZ6P0","name":"Joy Baby乔伊宝贝普惠托育园","address":"大宁路与商场西路交叉口西南约180米","type":"科教文化服务;培训机构;培训机构","typecode":"141400","pcode":310000,"pname":"上海市","citycode":21,"cityname":"上海市","adcode":310106,"adname":"静安区","business_a":"大宁路","location":"121.449283,31.273081","tel":"[]","bigType":"科教文化服务","midType":"培训机构","smallType":"培训机构","gcj_lng":121.449283,"gcj_lat":31.273081,"wgs84_loc":"121.444686,31.274946","wgs84Lng":"121.444686","wgs84Lat":"31.274946","__source_file__":"13-常用公服设施点/SHP/上海市_培训机构.shp"},"geometry":{"type":"Point","coordinates":[121.444686,31.274946]}},{"id":"108","type":"Feature","properties":{"id":"B0H1N1COHK","name":"半角空间站(大宁国际店)","address":"商场南路与共和新路辅路交叉口西约80米","type":"科教文化服务;培训机构;培训机构","typecode":"141400","pcode":310000,"pname":"上海市","citycode":21,"cityname":"上海市","adcode":310106,"adname":"静安区","business_a":"大宁路","location":"121.453251,31.273305","tel":"[]","bigType":"科教文化服务","midType":"培训机构","smallType":"培训机构","gcj_lng":121.453251,"gcj_lat":31.273305,"wgs84_loc":"121.448664,31.275178","wgs84Lng":"121.448664","wgs84Lat":"31.275178","__source_file__":"13-常用公服设施点/SHP/上海市_培训机构.shp"},"geometry":{"type":"Point","coordinates":[121.448664,31.275178]}},{"id":"6327","type":"Feature","properties":{"id":"B0HAKKFD7H","name":"乐教家庭早教","address":"大宁路街道上海市静安区共和新路1868号大宁国际商业广场1号楼","type":"科教文化服务;培训机构;培训机构","typecode":"141400","pcode":310000,"pname":"上海市","citycode":21,"cityname":"上海市","adcode":310106,"adname":"静安区","business_a":"大宁路","location":"121.453293,31.273480","tel":"[]","bigType":"科教文化服务","midType":"培训机构","smallType":"培训机构","gcj_lng":121.453293,"gcj_lat":31.27348,"wgs84_loc":"121.448706,31.275353","wgs84Lng":"121.448706","wgs84Lat":"31.275353","__source_file__":"13-常用公服设施点/SHP/上海市_培训机构.shp"},"geometry":{"type":"Point","coordinates":[121.448706,31.275353]}},{"id":"5983","type":"Feature","properties":{"id":"B0FFGCEUGM","name":"王蒙蒙音乐工作室","address":"大宁路596号附近","type":"科教文化服务;培训机构;培训机构","typecode":"141400","pcode":310000,"pname":"上海市","citycode":21,"cityname":"上海市","adcode":310106,"adname":"静安区","business_a":"大宁路","location":"121.449362,31.273830","tel":"13916562701","bigType":"科教文化服务","midType":"培训机构","smallType":"培训机构","gcj_lng":121.449362,"gcj_lat":31.27383,"wgs84_loc":"121.444765,31.275695","wgs84Lng":"121.444765","wgs84Lat":"31.275695","__source_file__":"13-常用公服设施点/SHP/上海市_培训机构.shp"},"geometry":{"type":"Point","coordinates":[121.444765,31.275695]}},{"id":"5722","type":"Feature","properties":{"id":"B0HRDUYQHA","name":"小码王少儿编程(大宁国际校区)","address":"共和新路1898号5号楼10层","type":"科教文化服务;培训机构;培训机构","typecode":"141400","pcode":310000,"pname":"上海市","citycode":21,"cityname":"上海市","adcode":310106,"adname":"静安区","business_a":"大宁路","location":"121.453239,31.273880","tel":"[]","bigType":"科教文化服务","midType":"培训机构","smallType":"培训机构","gcj_lng":121.453239,"gcj_lat":31.27388,"wgs84_loc":"121.448652,31.275753","wgs84Lng":"121.448652","wgs84Lat":"31.275753","__source_file__":"13-常用公服设施点/SHP/上海市_培训机构.shp"},"geometry":{"type":"Point","coordinates":[121.448652,31.275753]}},{"id":"5708","type":"Feature","properties":{"id":"B0FFG8FNME","name":"天怀爱尚舞蹈汇(大宁国际商业广场店)","address":"共和新路1878-2008号大宁国际商业广场F3","type":"科教文化服务;培训机构;培训机构","typecode":"141400","pcode":310000,"pname":"上海市","citycode":21,"cityname":"上海市","adcode":310106,"adname":"静安区","business_a":"大宁路","location":"121.453353,31.273900","tel":"021-56512767","bigType":"科教文化服务","midType":"培训机构","smallType":"培训机构","gcj_lng":121.453353,"gcj_lat":31.2739,"wgs84_loc":"121.448766,31.275773","wgs84Lng":"121.448766","wgs84Lat":"31.275773","__source_file__":"13-常用公服设施点/SHP/上海市_培训机构.shp"},"geometry":{"type":"Point","coordinates":[121.448766,31.275773]}},{"id":"15591","type":"Feature","properties":{"id":"B001572CXS","name":"启鹏美术(闸北大宁店)","address":"大宁路585-623号3层313-315室","type":"科教文化服务;培训机构;培训机构","typecode":"141400","pcode":310000,"pname":"上海市","citycode":21,"cityname":"上海市","adcode":310106,"adname":"静安区","business_a":"大宁路","location":"121.448455,31.273313","tel":"021-61318895","bigType":"科教文化服务","midType":"培训机构","smallType":"培训机构","gcj_lng":121.448455,"gcj_lat":31.273313,"wgs84_loc":"121.443856,31.275176","wgs84Lng":"121.443856","wgs84Lat":"31.275176","__source_file__":"13-常用公服设施点/SHP/上海市_培训机构.shp"},"geometry":{"type":"Point","coordinates":[121.443856,31.275176]}},{"id":"15257","type":"Feature","properties":{"id":"B0FFHFLPUZ","name":"水晶鞋舞蹈培训中心(大宁分校)","address":"大宁路585-623号4层406","type":"科教文化服务;培训机构;培训机构","typecode":"141400","pcode":310000,"pname":"上海市","citycode":21,"cityname":"上海市","adcode":310106,"adname":"静安区","business_a":"大宁路","location":"121.448357,31.273314","tel":"15901866805","bigType":"科教文化服务","midType":"培训机构","smallType":"培训机构","gcj_lng":121.448357,"gcj_lat":31.273314,"wgs84_loc":"121.443758,31.275177","wgs84Lng":"121.443758","wgs84Lat":"31.275177","__source_file__":"13-常用公服设施点/SHP/上海市_培训机构.shp"},"geometry":{"type":"Point","coordinates":[121.443758,31.275177]}},{"id":"5845","type":"Feature","properties":{"id":"B0FFGSTE4V","name":"绍英教育(大宁校区)","address":"大宁路585号宁鼎商务楼3楼328","type":"科教文化服务;培训机构;培训机构","typecode":"141400","pcode":310000,"pname":"上海市","citycode":21,"cityname":"上海市","adcode":310106,"adname":"静安区","business_a":"大宁路","location":"121.448318,31.273393","tel":"[]","bigType":"科教文化服务","midType":"培训机构","smallType":"培训机构","gcj_lng":121.448318,"gcj_lat":31.273393,"wgs84_loc":"121.443719,31.275256","wgs84Lng":"121.443719","wgs84Lat":"31.275256","__source_file__":"13-常用公服设施点/SHP/上海市_培训机构.shp"},"geometry":{"type":"Point","coordinates":[121.443719,31.275256]}},{"id":"5844","type":"Feature","properties":{"id":"B0FFHKOL3E","name":"歌者盟","address":"大宁路585号宁鼎商务楼","type":"科教文化服务;培训机构;培训机构","typecode":"141400","pcode":310000,"pname":"上海市","citycode":21,"cityname":"上海市","adcode":310106,"adname":"静安区","business_a":"大宁路","location":"121.448344,31.273406","tel":"15221172706","bigType":"科教文化服务","midType":"培训机构","smallType":"培训机构","gcj_lng":121.448344,"gcj_lat":31.273406,"wgs84_loc":"121.443745,31.275269","wgs84Lng":"121.443745","wgs84Lat":"31.275269","__source_file__":"13-常用公服设施点/SHP/上海市_培训机构.shp"},"geometry":{"type":"Point","coordinates":[121.443745,31.275269]}},{"id":"1831","type":"Feature","properties":{"id":"B0FFLHOFGH","name":"海派乐青少儿英语(普陀香溢校区)","address":"石泉东路256号3楼","type":"科教文化服务;培训机构;培训机构","typecode":"141400","pcode":310000,"pname":"上海市","citycode":21,"cityname":"上海市","adcode":310107,"adname":"普陀区","business_a":"光新","location":"121.432954,31.255498","tel":"021-62926388","bigType":"科教文化服务","midType":"培训机构","smallType":"培训机构","gcj_lng":121.432954,"gcj_lat":31.255498,"wgs84_loc":"121.428326,31.257343","wgs84Lng":"121.428326","wgs84Lat":"31.257343","__source_file__":"13-常用公服设施点/SHP/上海市_培训机构.shp"},"geometry":{"type":"Point","coordinates":[121.428326,31.257343]}},{"id":"2371","type":"Feature","properties":{"id":"B0H6HDI31J","name":"小大人美术·英语","address":"石泉东路138号","type":"科教文化服务;培训机构;培训机构","typecode":"141400","pcode":310000,"pname":"上海市","citycode":21,"cityname":"上海市","adcode":310107,"adname":"普陀区","business_a":"光新","location":"121.435094,31.255536","tel":"021-62241097","bigType":"科教文化服务","midType":"培训机构","smallType":"培训机构","gcj_lng":121.435094,"gcj_lat":31.255536,"wgs84_loc":"121.430469,31.257384","wgs84Lng":"121.430469","wgs84Lat":"31.257384","__source_file__":"13-常用公服设施点/SHP/上海市_培训机构.shp"},"geometry":{"type":"Point","coordinates":[121.430469,31.257384]}},{"id":"1754","type":"Feature","properties":{"id":"B0FFL52AGT","name":"尚源围棋(宜川校区)","address":"浦发广场D座1013室","type":"科教文化服务;培训机构;培训机构","typecode":"141400","pcode":310000,"pname":"上海市","citycode":21,"cityname":"上海市","adcode":310107,"adname":"普陀区","business_a":"光新","location":"121.433234,31.255615","tel":"15921089508","bigType":"科教文化服务","midType":"培训机构","smallType":"培训机构","gcj_lng":121.433234,"gcj_lat":31.255615,"wgs84_loc":"121.428606,31.25746","wgs84Lng":"121.428606","wgs84Lat":"31.25746","__source_file__":"13-常用公服设施点/SHP/上海市_培训机构.shp"},"geometry":{"type":"Point","coordinates":[121.428606,31.25746]}},{"id":"2373","type":"Feature","properties":{"id":"B0H3JH3X5Q","name":"小大人美术·研学","address":"石泉东路与农林路交叉口西北约100米","type":"科教文化服务;培训机构;培训机构","typecode":"141400","pcode":310000,"pname":"上海市","citycode":21,"cityname":"上海市","adcode":310107,"adname":"普陀区","business_a":"大宁路","location":"121.434995,31.255637","tel":"[]","bigType":"科教文化服务","midType":"培训机构","smallType":"培训机构","gcj_lng":121.434995,"gcj_lat":31.255637,"wgs84_loc":"121.43037,31.257485","wgs84Lng":"121.43037","wgs84Lat":"31.257485","__source_file__":"13-常用公服设施点/SHP/上海市_培训机构.shp"},"geometry":{"type":"Point","coordinates":[121.43037,31.257485]}},{"id":"18392","type":"Feature","properties":{"id":"B0KUT59ZPB","name":"动越体育(普陀校区)","address":"石泉东路216号","type":"科教文化服务;培训机构;培训机构","typecode":"141400","pcode":310000,"pname":"上海市","citycode":21,"cityname":"上海市","adcode":310107,"adname":"普陀区","business_a":"大宁路","location":"121.433510,31.255644","tel":"[]","bigType":"科教文化服务","midType":"培训机构","smallType":"培训机构","gcj_lng":121.43351,"gcj_lat":31.255644,"wgs84_loc":"121.428883,31.257489","wgs84Lng":"121.428883","wgs84Lat":"31.257489","__source_file__":"13-常用公服设施点/SHP/上海市_培训机构.shp"},"geometry":{"type":"Point","coordinates":[121.428883,31.257489]}},{"id":"2069","type":"Feature","properties":{"id":"B0FFLMHFYT","name":"小大人studio(香溢花城店)","address":"石泉东路138号1-2层","type":"科教文化服务;培训机构;培训机构","typecode":"141400","pcode":310000,"pname":"上海市","citycode":21,"cityname":"上海市","adcode":310107,"adname":"普陀区","business_a":"大宁路","location":"121.434979,31.255659","tel":"021-62241097;18917578464","bigType":"科教文化服务","midType":"培训机构","smallType":"培训机构","gcj_lng":121.434979,"gcj_lat":31.255659,"wgs84_loc":"121.430354,31.257507","wgs84Lng":"121.430354","wgs84Lat":"31.257507","__source_file__":"13-常用公服设施点/SHP/上海市_培训机构.shp"},"geometry":{"type":"Point","coordinates":[121.430354,31.257507]}},{"id":"1781","type":"Feature","properties":{"id":"B0FFJCSJ7O","name":"贝拉公主芭蕾","address":"石泉东路228号","type":"科教文化服务;培训机构;培训机构","typecode":"141400","pcode":310000,"pname":"上海市","citycode":21,"cityname":"上海市","adcode":310107,"adname":"普陀区","business_a":"光新","location":"121.433411,31.255681","tel":"[]","bigType":"科教文化服务","midType":"培训机构","smallType":"培训机构","gcj_lng":121.433411,"gcj_lat":31.255681,"wgs84_loc":"121.428783,31.257526","wgs84Lng":"121.428783","wgs84Lat":"31.257526","__source_file__":"13-常用公服设施点/SHP/上海市_培训机构.shp"},"geometry":{"type":"Point","coordinates":[121.428783,31.257526]}},{"id":"2106","type":"Feature","properties":{"id":"B0G2LULQGE","name":"乐凝-新普乐中心-思博","address":"石泉东路158号3楼","type":"科教文化服务;培训机构;培训机构","typecode":"141400","pcode":310000,"pname":"上海市","citycode":21,"cityname":"上海市","adcode":310107,"adname":"普陀区","business_a":"大宁路","location":"121.434658,31.255733","tel":"[]","bigType":"科教文化服务","midType":"培训机构","smallType":"培训机构","gcj_lng":121.434658,"gcj_lat":31.255733,"wgs84_loc":"121.430032,31.25758","wgs84Lng":"121.430032","wgs84Lat":"31.25758","__source_file__":"13-常用公服设施点/SHP/上海市_培训机构.shp"},"geometry":{"type":"Point","coordinates":[121.430032,31.25758]}},{"id":"1795","type":"Feature","properties":{"id":"B0FFHM5M7O","name":"ColorAround涂来涂去创意美术(香溢花城校区)","address":"石泉东路香溢花城158号2F","type":"科教文化服务;培训机构;培训机构","typecode":"141400","pcode":310000,"pname":"上海市","citycode":21,"cityname":"上海市","adcode":310107,"adname":"普陀区","business_a":"光新","location":"121.434673,31.255753","tel":"021-62150256;13918697524","bigType":"科教文化服务","midType":"培训机构","smallType":"培训机构","gcj_lng":121.434673,"gcj_lat":31.255753,"wgs84_loc":"121.430048,31.2576","wgs84Lng":"121.430048","wgs84Lat":"31.2576","__source_file__":"13-常用公服设施点/SHP/上海市_培训机构.shp"},"geometry":{"type":"Point","coordinates":[121.430048,31.2576]}},{"id":"15663","type":"Feature","properties":{"id":"B0FFI9HNCS","name":"亿智未来(普陀中心)","address":"上海香溢花城石泉东路212号2楼","type":"科教文化服务;培训机构;培训机构","typecode":"141400","pcode":310000,"pname":"上海市","citycode":21,"cityname":"上海市","adcode":310107,"adname":"普陀区","business_a":"大宁路","location":"121.433584,31.255764","tel":"021-53096616","bigType":"科教文化服务","midType":"培训机构","smallType":"培训机构","gcj_lng":121.433584,"gcj_lat":31.255764,"wgs84_loc":"121.428957,31.257609","wgs84Lng":"121.428957","wgs84Lat":"31.257609","__source_file__":"13-常用公服设施点/SHP/上海市_培训机构.shp"},"geometry":{"type":"Point","coordinates":[121.428957,31.257609]}},{"id":"2272","type":"Feature","properties":{"id":"B0HAFKRMZ6","name":"育蕾舞蹈艺术培训","address":"镇坪路88号3楼","type":"科教文化服务;培训机构;培训机构","typecode":"141400","pcode":310000,"pname":"上海市","citycode":21,"cityname":"上海市","adcode":310107,"adname":"普陀区","business_a":"光新","location":"121.428609,31.250140","tel":"13636597394;18616056923","bigType":"科教文化服务","midType":"培训机构","smallType":"培训机构","gcj_lng":121.428609,"gcj_lat":31.25014,"wgs84_loc":"121.423975,31.251982","wgs84Lng":"121.423975","wgs84Lat":"31.251982","__source_file__":"13-常用公服设施点/SHP/上海市_培训机构.shp"},"geometry":{"type":"Point","coordinates":[121.423975,31.251982]}},{"id":"15659","type":"Feature","properties":{"id":"B0FFLDC8R0","name":"绿光少儿教育(普陀校区)","address":"石泉路123号1层","type":"科教文化服务;培训机构;培训机构","typecode":"141400","pcode":310000,"pname":"上海市","citycode":21,"cityname":"上海市","adcode":310107,"adname":"普陀区","business_a":"光新","location":"121.427176,31.251037","tel":"4008820258","bigType":"科教文化服务","midType":"培训机构","smallType":"培训机构","gcj_lng":121.427176,"gcj_lat":31.251037,"wgs84_loc":"121.422539,31.252877","wgs84Lng":"121.422539","wgs84Lat":"31.252877","__source_file__":"13-常用公服设施点/SHP/上海市_培训机构.shp"},"geometry":{"type":"Point","coordinates":[121.422539,31.252877]}},{"id":"1624","type":"Feature","properties":{"id":"B0FFFDF6DQ","name":"翩翩舞蹈","address":"华池路58号主格生活广场1号楼1101室","type":"科教文化服务;培训机构;培训机构","typecode":"141400","pcode":310000,"pname":"上海市","citycode":21,"cityname":"上海市","adcode":310107,"adname":"普陀区","business_a":"光新","location":"121.428159,31.256829","tel":"18221889327;18019328120","bigType":"科教文化服务","midType":"培训机构","smallType":"培训机构","gcj_lng":121.428159,"gcj_lat":31.256829,"wgs84_loc":"121.423523,31.258667","wgs84Lng":"121.423523","wgs84Lat":"31.258667","__source_file__":"13-常用公服设施点/SHP/上海市_培训机构.shp"},"geometry":{"type":"Point","coordinates":[121.423523,31.258667]}},{"id":"2185","type":"Feature","properties":{"id":"B0FFLNPINZ","name":"竹林书画工作室","address":"华池路58弄新体育广场1号楼1912室","type":"科教文化服务;培训机构;培训机构","typecode":"141400","pcode":310000,"pname":"上海市","citycode":21,"cityname":"上海市","adcode":310107,"adname":"普陀区","business_a":"光新","location":"121.428030,31.256878","tel":"13918652764","bigType":"科教文化服务","midType":"培训机构","smallType":"培训机构","gcj_lng":121.42803,"gcj_lat":31.256878,"wgs84_loc":"121.423394,31.258716","wgs84Lng":"121.423394","wgs84Lat":"31.258716","__source_file__":"13-常用公服设施点/SHP/上海市_培训机构.shp"},"geometry":{"type":"Point","coordinates":[121.423394,31.258716]}},{"id":"16550","type":"Feature","properties":{"id":"B0FFIINJMN","name":"巨星篮球青少年训练营","address":"华池路58弄洛克公园","type":"科教文化服务;培训机构;培训机构","typecode":"141400","pcode":310000,"pname":"上海市","citycode":21,"cityname":"上海市","adcode":310107,"adname":"普陀区","business_a":"光新","location":"121.428710,31.257300","tel":"[]","bigType":"科教文化服务","midType":"培训机构","smallType":"培训机构","gcj_lng":121.42871,"gcj_lat":31.2573,"wgs84_loc":"121.424075,31.259139","wgs84Lng":"121.424075","wgs84Lat":"31.259139","__source_file__":"13-常用公服设施点/SHP/上海市_培训机构.shp"},"geometry":{"type":"Point","coordinates":[121.424075,31.259139]}},{"id":"1815","type":"Feature","properties":{"id":"B0HUUZPPWZ","name":"衡师堂","address":"志丹路61号-2","type":"科教文化服务;培训机构;培训机构","typecode":"141400","pcode":310000,"pname":"上海市","citycode":21,"cityname":"上海市","adcode":310107,"adname":"普陀区","business_a":"光新","location":"121.430368,31.259929","tel":"18801695550","bigType":"科教文化服务","midType":"培训机构","smallType":"培训机构","gcj_lng":121.430368,"gcj_lat":31.259929,"wgs84_loc":"121.425735,31.261768","wgs84Lng":"121.425735","wgs84Lat":"31.261768","__source_file__":"13-常用公服设施点/SHP/上海市_培训机构.shp"},"geometry":{"type":"Point","coordinates":[121.425735,31.261768]}},{"id":"2375","type":"Feature","properties":{"id":"B0H23XSCSP","name":"光束艺术","address":"中远两湾城西区","type":"科教文化服务;培训机构;培训机构","typecode":"141400","pcode":310000,"pname":"上海市","citycode":21,"cityname":"上海市","adcode":310107,"adname":"普陀区","business_a":"光新","location":"121.437052,31.250227","tel":"[]","bigType":"科教文化服务","midType":"培训机构","smallType":"培训机构","gcj_lng":121.437052,"gcj_lat":31.250227,"wgs84_loc":"121.432431,31.25208","wgs84Lng":"121.432431","wgs84Lat":"31.25208","__source_file__":"13-常用公服设施点/SHP/上海市_培训机构.shp"},"geometry":{"type":"Point","coordinates":[121.432431,31.25208]}},{"id":"1973","type":"Feature","properties":{"id":"B0GK113ILD","name":"棒棒贝贝·积木搭建·机器人·编程","address":"宜川路街道中潭路99弄99号103商铺","type":"科教文化服务;培训机构;培训机构","typecode":"141400","pcode":310000,"pname":"上海市","citycode":21,"cityname":"上海市","adcode":310107,"adname":"普陀区","business_a":"光新","location":"121.438546,31.251788","tel":"[]","bigType":"科教文化服务","midType":"培训机构","smallType":"培训机构","gcj_lng":121.438546,"gcj_lat":31.251788,"wgs84_loc":"121.433928,31.253643","wgs84Lng":"121.433928","wgs84Lat":"31.253643","__source_file__":"13-常用公服设施点/SHP/上海市_培训机构.shp"},"geometry":{"type":"Point","coordinates":[121.433928,31.253643]}},{"id":"15676","type":"Feature","properties":{"id":"B0015748U3","name":"棒棒贝贝科技中心(两湾城中心)","address":"中潭路99弄99号103室","type":"科教文化服务;培训机构;培训机构","typecode":"141400","pcode":310000,"pname":"上海市","citycode":21,"cityname":"上海市","adcode":310107,"adname":"普陀区","business_a":"光新","location":"121.438547,31.251805","tel":"021-62580207;021-62580286","bigType":"科教文化服务","midType":"培训机构","smallType":"培训机构","gcj_lng":121.438547,"gcj_lat":31.251805,"wgs84_loc":"121.433929,31.25366","wgs84Lng":"121.433929","wgs84Lat":"31.25366","__source_file__":"13-常用公服设施点/SHP/上海市_培训机构.shp"},"geometry":{"type":"Point","coordinates":[121.433929,31.25366]}},{"id":"1648","type":"Feature","properties":{"id":"B0FFHS7YOD","name":"静趣音乐工作室","address":"中山北路1561号(香溢花城社区商铺)","type":"科教文化服务;培训机构;培训机构","typecode":"141400","pcode":310000,"pname":"上海市","citycode":21,"cityname":"上海市","adcode":310107,"adname":"普陀区","business_a":"光新","location":"121.436867,31.254623","tel":"[]","bigType":"科教文化服务","midType":"培训机构","smallType":"培训机构","gcj_lng":121.436867,"gcj_lat":31.254623,"wgs84_loc":"121.432246,31.256474","wgs84Lng":"121.432246","wgs84Lat":"31.256474","__source_file__":"13-常用公服设施点/SHP/上海市_培训机构.shp"},"geometry":{"type":"Point","coordinates":[121.432246,31.256474]}},{"id":"2206","type":"Feature","properties":{"id":"B0FFI6W49E","name":"学明堂教育","address":"延长西路328-330号2楼","type":"科教文化服务;培训机构;培训机构","typecode":"141400","pcode":310000,"pname":"上海市","citycode":21,"cityname":"上海市","adcode":310107,"adname":"普陀区","business_a":"光新","location":"121.437315,31.261568","tel":"18516682408","bigType":"科教文化服务","midType":"培训机构","smallType":"培训机构","gcj_lng":121.437315,"gcj_lat":31.261568,"wgs84_loc":"121.432694,31.263416","wgs84Lng":"121.432694","wgs84Lat":"31.263416","__source_file__":"13-常用公服设施点/SHP/上海市_培训机构.shp"},"geometry":{"type":"Point","coordinates":[121.432694,31.263416]}},{"id":"1834","type":"Feature","properties":{"id":"B0FFKYLLGK","name":"葡萄云美术","address":"宜川路301号宜乐荟商场301室","type":"科教文化服务;培训机构;培训机构","typecode":"141400","pcode":310000,"pname":"上海市","citycode":21,"cityname":"上海市","adcode":310107,"adname":"普陀区","business_a":"光新","location":"121.438119,31.262457","tel":"[]","bigType":"科教文化服务","midType":"培训机构","smallType":"培训机构","gcj_lng":121.438119,"gcj_lat":31.262457,"wgs84_loc":"121.433499,31.264306","wgs84Lng":"121.433499","wgs84Lat":"31.264306","__source_file__":"13-常用公服设施点/SHP/上海市_培训机构.shp"},"geometry":{"type":"Point","coordinates":[121.433499,31.264306]}},{"id":"2090","type":"Feature","properties":{"id":"B0GUBROK12","name":"嗨森舞蹈","address":"宜川路299号宜乐荟三层303室","type":"科教文化服务;培训机构;培训机构","typecode":"141400","pcode":310000,"pname":"上海市","citycode":21,"cityname":"上海市","adcode":310107,"adname":"普陀区","business_a":"光新","location":"121.437942,31.262498","tel":"18117247977","bigType":"科教文化服务","midType":"培训机构","smallType":"培训机构","gcj_lng":121.437942,"gcj_lat":31.262498,"wgs84_loc":"121.433322,31.264347","wgs84Lng":"121.433322","wgs84Lat":"31.264347","__source_file__":"13-常用公服设施点/SHP/上海市_培训机构.shp"},"geometry":{"type":"Point","coordinates":[121.433322,31.264347]}},{"id":"2113","type":"Feature","properties":{"id":"B0G1BS7V7R","name":"脚儿尖芭蕾工作室","address":"宜川路310号472号","type":"科教文化服务;培训机构;培训机构","typecode":"141400","pcode":310000,"pname":"上海市","citycode":21,"cityname":"上海市","adcode":310107,"adname":"普陀区","business_a":"光新","location":"121.437609,31.262506","tel":"17717825087","bigType":"科教文化服务","midType":"培训机构","smallType":"培训机构","gcj_lng":121.437609,"gcj_lat":31.262506,"wgs84_loc":"121.432988,31.264354","wgs84Lng":"121.432988","wgs84Lat":"31.264354","__source_file__":"13-常用公服设施点/SHP/上海市_培训机构.shp"},"geometry":{"type":"Point","coordinates":[121.432988,31.264354]}},{"id":"2374","type":"Feature","properties":{"id":"B0H2A78U6D","name":"益乐宝早教","address":"延长西路宜乐荟3楼","type":"科教文化服务;培训机构;培训机构","typecode":"141400","pcode":310000,"pname":"上海市","citycode":21,"cityname":"上海市","adcode":310107,"adname":"普陀区","business_a":"大宁路","location":"121.437995,31.262545","tel":"[]","bigType":"科教文化服务","midType":"培训机构","smallType":"培训机构","gcj_lng":121.437995,"gcj_lat":31.262545,"wgs84_loc":"121.433375,31.264394","wgs84Lng":"121.433375","wgs84Lat":"31.264394","__source_file__":"13-常用公服设施点/SHP/上海市_培训机构.shp"},"geometry":{"type":"Point","coordinates":[121.433375,31.264394]}},{"id":"1705","type":"Feature","properties":{"id":"B0FFHFIRB1","name":"博通教育(宜川路学习中心)","address":"宜川路310号2楼207室","type":"科教文化服务;培训机构;培训机构","typecode":"141400","pcode":310000,"pname":"上海市","citycode":21,"cityname":"上海市","adcode":310107,"adname":"普陀区","business_a":"光新","location":"121.437541,31.262692","tel":"021-56511136","bigType":"科教文化服务","midType":"培训机构","smallType":"培训机构","gcj_lng":121.437541,"gcj_lat":31.262692,"wgs84_loc":"121.43292,31.26454","wgs84Lng":"121.43292","wgs84Lat":"31.26454","__source_file__":"13-常用公服设施点/SHP/上海市_培训机构.shp"},"geometry":{"type":"Point","coordinates":[121.43292,31.26454]}},{"id":"1690","type":"Feature","properties":{"id":"B0FFL4GPA9","name":"億·禾林国际儿童成长中心(普陀香溢中心)","address":"石泉东路212号2楼","type":"科教文化服务;培训机构;培训机构","typecode":"141400","pcode":310000,"pname":"上海市","citycode":21,"cityname":"上海市","adcode":310107,"adname":"普陀区","business_a":"光新","location":"121.433775,31.255778","tel":"18017263325","bigType":"科教文化服务","midType":"培训机构","smallType":"培训机构","gcj_lng":121.433775,"gcj_lat":31.255778,"wgs84_loc":"121.429148,31.257624","wgs84Lng":"121.429148","wgs84Lat":"31.257624","__source_file__":"13-常用公服设施点/SHP/上海市_培训机构.shp"},"geometry":{"type":"Point","coordinates":[121.429148,31.257624]}},{"id":"16248","type":"Feature","properties":{"id":"B0FFLIQLBX","name":"上海和天教育信息咨询有限公司","address":"石泉东路180号4层","type":"科教文化服务;培训机构;培训机构","typecode":"141400","pcode":310000,"pname":"上海市","citycode":21,"cityname":"上海市","adcode":310107,"adname":"普陀区","business_a":"大宁路","location":"121.434177,31.255829","tel":"[]","bigType":"科教文化服务","midType":"培训机构","smallType":"培训机构","gcj_lng":121.434177,"gcj_lat":31.255829,"wgs84_loc":"121.429551,31.257675","wgs84Lng":"121.429551","wgs84Lat":"31.257675","__source_file__":"13-常用公服设施点/SHP/上海市_培训机构.shp"},"geometry":{"type":"Point","coordinates":[121.429551,31.257675]}},{"id":"15878","type":"Feature","properties":{"id":"B0G04OA40B","name":"上海跃迁培训学校有限公司","address":"石泉东路180号4楼","type":"科教文化服务;培训机构;培训机构","typecode":"141400","pcode":310000,"pname":"上海市","citycode":21,"cityname":"上海市","adcode":310107,"adname":"普陀区","business_a":"大宁路","location":"121.434245,31.255884","tel":"[]","bigType":"科教文化服务","midType":"培训机构","smallType":"培训机构","gcj_lng":121.434245,"gcj_lat":31.255884,"wgs84_loc":"121.429619,31.25773","wgs84Lng":"121.429619","wgs84Lat":"31.25773","__source_file__":"13-常用公服设施点/SHP/上海市_培训机构.shp"},"geometry":{"type":"Point","coordinates":[121.429619,31.25773]}},{"id":"15692","type":"Feature","properties":{"id":"B00155MPUX","name":"上海电气人力资源有限公司培训中心","address":"延长西路529弄25号","type":"科教文化服务;培训机构;培训机构","typecode":"141400","pcode":310000,"pname":"上海市","citycode":21,"cityname":"上海市","adcode":310107,"adname":"普陀区","business_a":"大宁路","location":"121.433262,31.258694","tel":"[]","bigType":"科教文化服务","midType":"培训机构","smallType":"培训机构","gcj_lng":121.433262,"gcj_lat":31.258694,"wgs84_loc":"121.428634,31.260538","wgs84Lng":"121.428634","wgs84Lat":"31.260538","__source_file__":"13-常用公服设施点/SHP/上海市_培训机构.shp"},"geometry":{"type":"Point","coordinates":[121.428634,31.260538]}},{"id":"14374","type":"Feature","properties":{"id":"B0G0OZTREY","name":"上海培佳双语学校(分部)","address":"延长西路583号","type":"科教文化服务;培训机构;培训机构","typecode":"141400","pcode":310000,"pname":"上海市","citycode":21,"cityname":"上海市","adcode":310107,"adname":"普陀区","business_a":"大宁路","location":"121.431490,31.259677","tel":"[]","bigType":"科教文化服务","midType":"培训机构","smallType":"培训机构","gcj_lng":121.43149,"gcj_lat":31.259677,"wgs84_loc":"121.426859,31.261518","wgs84Lng":"121.426859","wgs84Lat":"31.261518","__source_file__":"13-常用公服设施点/SHP/上海市_培训机构.shp"},"geometry":{"type":"Point","coordinates":[121.426859,31.261518]}},{"id":"2166","type":"Feature","properties":{"id":"B0H1ULYP2P","name":"启稚之星文化艺术辅导中心","address":"志丹路137号2楼","type":"科教文化服务;培训机构;培训机构","typecode":"141400","pcode":310000,"pname":"上海市","citycode":21,"cityname":"上海市","adcode":310107,"adname":"普陀区","business_a":"光新","location":"121.430760,31.262124","tel":"[]","bigType":"科教文化服务","midType":"培训机构","smallType":"培训机构","gcj_lng":121.43076,"gcj_lat":31.262124,"wgs84_loc":"121.426128,31.263963","wgs84Lng":"121.426128","wgs84Lat":"31.263963","__source_file__":"13-常用公服设施点/SHP/上海市_培训机构.shp"},"geometry":{"type":"Point","coordinates":[121.426128,31.263963]}},{"id":"13990","type":"Feature","properties":{"id":"B0FFGHRX9K","name":"天音琴行","address":"内志丹路200号2楼","type":"科教文化服务;培训机构;培训机构|购物服务;专卖店;专营店","typecode":"141400|061200","pcode":310000,"pname":"上海市","citycode":21,"cityname":"上海市","adcode":310107,"adname":"普陀区","business_a":"光新","location":"121.431557,31.262362","tel":"021-56790993","bigType":"科教文化服务","midType":"培训机构","smallType":"培训机构|购物服务","gcj_lng":121.431557,"gcj_lat":31.262362,"wgs84_loc":"121.426926,31.264202","wgs84Lng":"121.426926","wgs84Lat":"31.264202","__source_file__":"13-常用公服设施点/SHP/上海市_培训机构.shp"},"geometry":{"type":"Point","coordinates":[121.426926,31.264202]}},{"id":"2091","type":"Feature","properties":{"id":"B0GD9RLJBQ","name":"上海缘成教育培训学校","address":"宜川路420号三楼","type":"科教文化服务;培训机构;培训机构","typecode":"141400","pcode":310000,"pname":"上海市","citycode":21,"cityname":"上海市","adcode":310107,"adname":"普陀区","business_a":"光新","location":"121.436045,31.264694","tel":"13774389288","bigType":"科教文化服务","midType":"培训机构","smallType":"培训机构","gcj_lng":121.436045,"gcj_lat":31.264694,"wgs84_loc":"121.431421,31.266539","wgs84Lng":"121.431421","wgs84Lat":"31.266539","__source_file__":"13-常用公服设施点/SHP/上海市_培训机构.shp"},"geometry":{"type":"Point","coordinates":[121.431421,31.266539]}},{"id":"1622","type":"Feature","properties":{"id":"B0GUDRSZ5J","name":"以利亚吉他工作室","address":"上海市普陀区宜川路420号甘泉生活馆3楼上海缘成教育学校322教室","type":"科教文化服务;培训机构;培训机构","typecode":"141400","pcode":310000,"pname":"上海市","citycode":21,"cityname":"上海市","adcode":310107,"adname":"普陀区","business_a":"大宁路","location":"121.436031,31.264789","tel":"13701617374","bigType":"科教文化服务","midType":"培训机构","smallType":"培训机构","gcj_lng":121.436031,"gcj_lat":31.264789,"wgs84_loc":"121.431407,31.266634","wgs84Lng":"121.431407","wgs84Lat":"31.266634","__source_file__":"13-常用公服设施点/SHP/上海市_培训机构.shp"},"geometry":{"type":"Point","coordinates":[121.431407,31.266634]}},{"id":"2348","type":"Feature","properties":{"id":"B0I6A7BKWT","name":"益乐宝早教中心","address":"宜川路299号宜乐荟3层","type":"科教文化服务;培训机构;培训机构","typecode":"141400","pcode":310000,"pname":"上海市","citycode":21,"cityname":"上海市","adcode":310107,"adname":"普陀区","business_a":"大宁路","location":"121.437990,31.262760","tel":"[]","bigType":"科教文化服务","midType":"培训机构","smallType":"培训机构","gcj_lng":121.43799,"gcj_lat":31.26276,"wgs84_loc":"121.43337,31.264609","wgs84Lng":"121.43337","wgs84Lat":"31.264609","__source_file__":"13-常用公服设施点/SHP/上海市_培训机构.shp"},"geometry":{"type":"Point","coordinates":[121.43337,31.264609]}},{"id":"12987","type":"Feature","properties":{"id":"B0G2XRMJVP","name":"益乐宝儿童发展中心(宜乐荟校区)","address":"宜川路与延长西路交叉口北120米","type":"科教文化服务;培训机构;培训机构","typecode":"141400","pcode":310000,"pname":"上海市","citycode":21,"cityname":"上海市","adcode":310107,"adname":"普陀区","business_a":"大宁路","location":"121.437870,31.262840","tel":"[]","bigType":"科教文化服务","midType":"培训机构","smallType":"培训机构","gcj_lng":121.43787,"gcj_lat":31.26284,"wgs84_loc":"121.43325,31.264689","wgs84Lng":"121.43325","wgs84Lat":"31.264689","__source_file__":"13-常用公服设施点/SHP/上海市_培训机构.shp"},"geometry":{"type":"Point","coordinates":[121.43325,31.264689]}},{"id":"2042","type":"Feature","properties":{"id":"B0FFGTI5IN","name":"翼盛教育一对一","address":"宜川路355号(甘泉中学对面)","type":"科教文化服务;培训机构;培训机构","typecode":"141400","pcode":310000,"pname":"上海市","citycode":21,"cityname":"上海市","adcode":310107,"adname":"普陀区","business_a":"大宁路","location":"121.437264,31.263933","tel":"[]","bigType":"科教文化服务","midType":"培训机构","smallType":"培训机构","gcj_lng":121.437264,"gcj_lat":31.263933,"wgs84_loc":"121.432642,31.26578","wgs84Lng":"121.432642","wgs84Lat":"31.26578","__source_file__":"13-常用公服设施点/SHP/上海市_培训机构.shp"},"geometry":{"type":"Point","coordinates":[121.432642,31.26578]}},{"id":"1852","type":"Feature","properties":{"id":"B0GUKCEX3N","name":"翼盛培训学校","address":"白水路与宜川路交叉口东北约40米","type":"科教文化服务;培训机构;培训机构","typecode":"141400","pcode":310000,"pname":"上海市","citycode":21,"cityname":"上海市","adcode":310107,"adname":"普陀区","business_a":"光新","location":"121.437211,31.263957","tel":"[]","bigType":"科教文化服务","midType":"培训机构","smallType":"培训机构","gcj_lng":121.437211,"gcj_lat":31.263957,"wgs84_loc":"121.432589,31.265804","wgs84Lng":"121.432589","wgs84Lat":"31.265804","__source_file__":"13-常用公服设施点/SHP/上海市_培训机构.shp"},"geometry":{"type":"Point","coordinates":[121.432589,31.265804]}},{"id":"1954","type":"Feature","properties":{"id":"B0FFJYZMPY","name":"申伦职业技能培训中心·实践楼","address":"宜川路355-2号2层","type":"科教文化服务;培训机构;培训机构","typecode":"141400","pcode":310000,"pname":"上海市","citycode":21,"cityname":"上海市","adcode":310107,"adname":"普陀区","business_a":"光新","location":"121.437498,31.263977","tel":"021-36050170","bigType":"科教文化服务","midType":"培训机构","smallType":"培训机构","gcj_lng":121.437498,"gcj_lat":31.263977,"wgs84_loc":"121.432877,31.265825","wgs84Lng":"121.432877","wgs84Lat":"31.265825","__source_file__":"13-常用公服设施点/SHP/上海市_培训机构.shp"},"geometry":{"type":"Point","coordinates":[121.432877,31.265825]}},{"id":"1654","type":"Feature","properties":{"id":"B00155EVF9","name":"上海市申伦职业技能培训中心","address":"宜川路355-2号2层","type":"科教文化服务;培训机构;培训机构","typecode":"141400","pcode":310000,"pname":"上海市","citycode":21,"cityname":"上海市","adcode":310107,"adname":"普陀区","business_a":"大宁路","location":"121.437578,31.263979","tel":"021-36050170;021-36050127","bigType":"科教文化服务","midType":"培训机构","smallType":"培训机构","gcj_lng":121.437578,"gcj_lat":31.263979,"wgs84_loc":"121.432957,31.265827","wgs84Lng":"121.432957","wgs84Lat":"31.265827","__source_file__":"13-常用公服设施点/SHP/上海市_培训机构.shp"},"geometry":{"type":"Point","coordinates":[121.432957,31.265827]}},{"id":"2144","type":"Feature","properties":{"id":"B0HG6LFQ2U","name":"培明教育","address":"宜川路363号","type":"科教文化服务;培训机构;培训机构","typecode":"141400","pcode":310000,"pname":"上海市","citycode":21,"cityname":"上海市","adcode":310107,"adname":"普陀区","business_a":"大宁路","location":"121.437001,31.264018","tel":"[]","bigType":"科教文化服务","midType":"培训机构","smallType":"培训机构","gcj_lng":121.437001,"gcj_lat":31.264018,"wgs84_loc":"121.432379,31.265865","wgs84Lng":"121.432379","wgs84Lat":"31.265865","__source_file__":"13-常用公服设施点/SHP/上海市_培训机构.shp"},"geometry":{"type":"Point","coordinates":[121.432379,31.265865]}},{"id":"13526","type":"Feature","properties":{"id":"B0FFFRX6JP","name":"北智教育(白水路)","address":"宜川路363号3层317室","type":"科教文化服务;培训机构;培训机构","typecode":"141400","pcode":310000,"pname":"上海市","citycode":21,"cityname":"上海市","adcode":310107,"adname":"普陀区","business_a":"大宁路","location":"121.437018,31.264095","tel":"[]","bigType":"科教文化服务","midType":"培训机构","smallType":"培训机构","gcj_lng":121.437018,"gcj_lat":31.264095,"wgs84_loc":"121.432396,31.265942","wgs84Lng":"121.432396","wgs84Lat":"31.265942","__source_file__":"13-常用公服设施点/SHP/上海市_培训机构.shp"},"geometry":{"type":"Point","coordinates":[121.432396,31.265942]}},{"id":"1718","type":"Feature","properties":{"id":"B0GUMC7BQC","name":"哲匠美校(少儿美育/美院派素描/中高考美术/书法)","address":"宜川路389号","type":"科教文化服务;培训机构;培训机构","typecode":"141400","pcode":310000,"pname":"上海市","citycode":21,"cityname":"上海市","adcode":310107,"adname":"普陀区","business_a":"光新","location":"121.436732,31.264488","tel":"17740881982;021-66272600","bigType":"科教文化服务","midType":"培训机构","smallType":"培训机构","gcj_lng":121.436732,"gcj_lat":31.264488,"wgs84_loc":"121.432109,31.266334","wgs84Lng":"121.432109","wgs84Lat":"31.266334","__source_file__":"13-常用公服设施点/SHP/上海市_培训机构.shp"},"geometry":{"type":"Point","coordinates":[121.432109,31.266334]}},{"id":"2163","type":"Feature","properties":{"id":"B0H2AC6BXW","name":"上海申伦职业技术培训中心","address":"宜川路甘霖初级职业技术学校","type":"科教文化服务;培训机构;培训机构","typecode":"141400","pcode":310000,"pname":"上海市","citycode":21,"cityname":"上海市","adcode":310107,"adname":"普陀区","business_a":"大宁路","location":"121.435166,31.267189","tel":"[]","bigType":"科教文化服务","midType":"培训机构","smallType":"培训机构","gcj_lng":121.435166,"gcj_lat":31.267189,"wgs84_loc":"121.43054,31.269032","wgs84Lng":"121.43054","wgs84Lat":"31.269032","__source_file__":"13-常用公服设施点/SHP/上海市_培训机构.shp"},"geometry":{"type":"Point","coordinates":[121.43054,31.269032]}},{"id":"114","type":"Feature","properties":{"id":"B0HR0KMRNM","name":"上海静安区莎克逊英语培训学校(盛源生活广场店)","address":"柳营路777号盛源生活广场F2","type":"科教文化服务;培训机构;培训机构","typecode":"141400","pcode":310000,"pname":"上海市","citycode":21,"cityname":"上海市","adcode":310106,"adname":"静安区","business_a":"和田","location":"121.455255,31.264244","tel":"[]","bigType":"科教文化服务","midType":"培训机构","smallType":"培训机构","gcj_lng":121.455255,"gcj_lat":31.264244,"wgs84_loc":"121.450674,31.266125","wgs84Lng":"121.450674","wgs84Lat":"31.266125","__source_file__":"13-常用公服设施点/SHP/上海市_培训机构.shp"},"geometry":{"type":"Point","coordinates":[121.450674,31.266125]}},{"id":"14020","type":"Feature","properties":{"id":"B00154838B","name":"上海市职业教育开放实训中心(共和新路)","address":"共和新路1458-1460","type":"科教文化服务;培训机构;培训机构","typecode":"141400","pcode":310000,"pname":"上海市","citycode":21,"cityname":"上海市","adcode":310106,"adname":"静安区","business_a":"和田","location":"121.458328,31.266398","tel":"021-56039614","bigType":"科教文化服务","midType":"培训机构","smallType":"培训机构","gcj_lng":121.458328,"gcj_lat":31.266398,"wgs84_loc":"121.453755,31.268285","wgs84Lng":"121.453755","wgs84Lat":"31.268285","__source_file__":"13-常用公服设施点/SHP/上海市_培训机构.shp"},"geometry":{"type":"Point","coordinates":[121.453755,31.268285]}},{"id":"5801","type":"Feature","properties":{"id":"B00155F8MI","name":"亿裕文教","address":"洛川中路638","type":"科教文化服务;培训机构;培训机构","typecode":"141400","pcode":310000,"pname":"上海市","citycode":21,"cityname":"上海市","adcode":310106,"adname":"静安区","business_a":"和田","location":"121.455377,31.266904","tel":"[]","bigType":"科教文化服务","midType":"培训机构","smallType":"培训机构","gcj_lng":121.455377,"gcj_lat":31.266904,"wgs84_loc":"121.450796,31.268784","wgs84Lng":"121.450796","wgs84Lat":"31.268784","__source_file__":"13-常用公服设施点/SHP/上海市_培训机构.shp"},"geometry":{"type":"Point","coordinates":[121.450796,31.268784]}},{"id":"5767","type":"Feature","properties":{"id":"B0FFHKQ0S3","name":"新王牌名师精品小班上海补习班(闸北分校)","address":"共和新路1481号1号楼","type":"科教文化服务;培训机构;培训机构","typecode":"141400","pcode":310000,"pname":"上海市","citycode":21,"cityname":"上海市","adcode":310106,"adname":"静安区","business_a":"和田","location":"121.458922,31.266944","tel":"[]","bigType":"科教文化服务","midType":"培训机构","smallType":"培训机构","gcj_lng":121.458922,"gcj_lat":31.266944,"wgs84_loc":"121.454351,31.268832","wgs84Lng":"121.454351","wgs84Lat":"31.268832","__source_file__":"13-常用公服设施点/SHP/上海市_培训机构.shp"},"geometry":{"type":"Point","coordinates":[121.454351,31.268832]}},{"id":"6121","type":"Feature","properties":{"id":"B0H3S9NOFU","name":"新王牌培优·高中培训(静安)","address":"共和新路1481号红墙创意园1号楼3楼310室","type":"科教文化服务;培训机构;培训机构","typecode":"141400","pcode":310000,"pname":"上海市","citycode":21,"cityname":"上海市","adcode":310106,"adname":"静安区","business_a":"和田","location":"121.458922,31.266944","tel":"021-63888880","bigType":"科教文化服务","midType":"培训机构","smallType":"培训机构","gcj_lng":121.458922,"gcj_lat":31.266944,"wgs84_loc":"121.454351,31.268832","wgs84Lng":"121.454351","wgs84Lat":"31.268832","__source_file__":"13-常用公服设施点/SHP/上海市_培训机构.shp"},"geometry":{"type":"Point","coordinates":[121.454351,31.268832]}},{"id":"5677","type":"Feature","properties":{"id":"B001551WIK","name":"上海市机施教育培训中心","address":"洛川中路705","type":"科教文化服务;培训机构;培训机构","typecode":"141400","pcode":310000,"pname":"上海市","citycode":21,"cityname":"上海市","adcode":310106,"adname":"静安区","business_a":"和田","location":"121.455051,31.267075","tel":"021-56036825","bigType":"科教文化服务","midType":"培训机构","smallType":"培训机构","gcj_lng":121.455051,"gcj_lat":31.267075,"wgs84_loc":"121.450469,31.268955","wgs84Lng":"121.450469","wgs84Lat":"31.268955","__source_file__":"13-常用公服设施点/SHP/上海市_培训机构.shp"},"geometry":{"type":"Point","coordinates":[121.450469,31.268955]}},{"id":"18516","type":"Feature","properties":{"id":"B0KAKZPUGH","name":"上海机施职业技能培训有限公司","address":"洛川中路701号8号楼","type":"科教文化服务;培训机构;培训机构","typecode":"141400","pcode":310000,"pname":"上海市","citycode":21,"cityname":"上海市","adcode":310106,"adname":"静安区","business_a":"和田","location":"121.455117,31.267090","tel":"[]","bigType":"科教文化服务","midType":"培训机构","smallType":"培训机构","gcj_lng":121.455117,"gcj_lat":31.26709,"wgs84_loc":"121.450535,31.26897","wgs84Lng":"121.450535","wgs84Lat":"31.26897","__source_file__":"13-常用公服设施点/SHP/上海市_培训机构.shp"},"geometry":{"type":"Point","coordinates":[121.450535,31.26897]}},{"id":"6248","type":"Feature","properties":{"id":"B0G1T7VTNC","name":"染毫书法工作室","address":"共和新路1481号红墙创意园1号楼4楼413b室","type":"科教文化服务;培训机构;培训机构","typecode":"141400","pcode":310000,"pname":"上海市","citycode":21,"cityname":"上海市","adcode":310106,"adname":"静安区","business_a":"和田","location":"121.459098,31.267102","tel":"17531369218","bigType":"科教文化服务","midType":"培训机构","smallType":"培训机构","gcj_lng":121.459098,"gcj_lat":31.267102,"wgs84_loc":"121.454527,31.268991","wgs84Lng":"121.454527","wgs84Lat":"31.268991","__source_file__":"13-常用公服设施点/SHP/上海市_培训机构.shp"},"geometry":{"type":"Point","coordinates":[121.454527,31.268991]}},{"id":"6097","type":"Feature","properties":{"id":"B001571LJZ","name":"童萌教育","address":"共和新路1500号3号楼","type":"科教文化服务;培训机构;培训机构","typecode":"141400","pcode":310000,"pname":"上海市","citycode":21,"cityname":"上海市","adcode":310106,"adname":"静安区","business_a":"和田","location":"121.457223,31.267129","tel":"[]","bigType":"科教文化服务","midType":"培训机构","smallType":"培训机构","gcj_lng":121.457223,"gcj_lat":31.267129,"wgs84_loc":"121.452647,31.269013","wgs84Lng":"121.452647","wgs84Lat":"31.269013","__source_file__":"13-常用公服设施点/SHP/上海市_培训机构.shp"},"geometry":{"type":"Point","coordinates":[121.452647,31.269013]}},{"id":"15374","type":"Feature","properties":{"id":"B00157205F","name":"睿思教育(共和新路)","address":"共和新路1500号3号楼3层","type":"科教文化服务;培训机构;培训机构","typecode":"141400","pcode":310000,"pname":"上海市","citycode":21,"cityname":"上海市","adcode":310106,"adname":"静安区","business_a":"大宁路","location":"121.457224,31.267130","tel":"[]","bigType":"科教文化服务","midType":"培训机构","smallType":"培训机构","gcj_lng":121.457224,"gcj_lat":31.26713,"wgs84_loc":"121.452648,31.269014","wgs84Lng":"121.452648","wgs84Lat":"31.269014","__source_file__":"13-常用公服设施点/SHP/上海市_培训机构.shp"},"geometry":{"type":"Point","coordinates":[121.452648,31.269014]}},{"id":"5879","type":"Feature","properties":{"id":"B0FFGY7SBR","name":"艾尚舞蹈艺术中心(闸北中心店)","address":"共和新路1481号红墙创意园2号楼3楼303室艾尚舞蹈艺术中心","type":"科教文化服务;培训机构;培训机构","typecode":"141400","pcode":310000,"pname":"上海市","citycode":21,"cityname":"上海市","adcode":310106,"adname":"静安区","business_a":"和田","location":"121.458996,31.267155","tel":"15121124111","bigType":"科教文化服务","midType":"培训机构","smallType":"培训机构","gcj_lng":121.458996,"gcj_lat":31.267155,"wgs84_loc":"121.454425,31.269044","wgs84Lng":"121.454425","wgs84Lat":"31.269044","__source_file__":"13-常用公服设施点/SHP/上海市_培训机构.shp"},"geometry":{"type":"Point","coordinates":[121.454425,31.269044]}},{"id":"9351","type":"Feature","properties":{"id":"B0G2AK3650","name":"玉兰花开国学馆","address":"共和新路1481号红墙创意园1号202","type":"科教文化服务;培训机构;培训机构","typecode":"141400","pcode":310000,"pname":"上海市","citycode":21,"cityname":"上海市","adcode":310106,"adname":"静安区","business_a":"和田","location":"121.458838,31.267169","tel":"15026652767;13817466277","bigType":"科教文化服务","midType":"培训机构","smallType":"培训机构","gcj_lng":121.458838,"gcj_lat":31.267169,"wgs84_loc":"121.454267,31.269057","wgs84Lng":"121.454267","wgs84Lat":"31.269057","__source_file__":"13-常用公服设施点/SHP/上海市_培训机构.shp"},"geometry":{"type":"Point","coordinates":[121.454267,31.269057]}},{"id":"5924","type":"Feature","properties":{"id":"B0FFJBJA7D","name":"熊孩子学习中心","address":"共和新路街道共和新路1481号红墙创意园1号楼","type":"科教文化服务;培训机构;培训机构","typecode":"141400","pcode":310000,"pname":"上海市","citycode":21,"cityname":"上海市","adcode":310106,"adname":"静安区","business_a":"和田","location":"121.459078,31.267211","tel":"13262203013","bigType":"科教文化服务","midType":"培训机构","smallType":"培训机构","gcj_lng":121.459078,"gcj_lat":31.267211,"wgs84_loc":"121.454507,31.2691","wgs84Lng":"121.454507","wgs84Lat":"31.2691","__source_file__":"13-常用公服设施点/SHP/上海市_培训机构.shp"},"geometry":{"type":"Point","coordinates":[121.454507,31.2691]}},{"id":"6089","type":"Feature","properties":{"id":"B0FFIINDF9","name":"凯优培","address":"洛川中路592号2楼(新理想家园)","type":"科教文化服务;培训机构;培训机构","typecode":"141400","pcode":310000,"pname":"上海市","citycode":21,"cityname":"上海市","adcode":310106,"adname":"静安区","business_a":"和田","location":"121.456262,31.267244","tel":"15002153198","bigType":"科教文化服务","midType":"培训机构","smallType":"培训机构","gcj_lng":121.456262,"gcj_lat":31.267244,"wgs84_loc":"121.451684,31.269126","wgs84Lng":"121.451684","wgs84Lat":"31.269126","__source_file__":"13-常用公服设施点/SHP/上海市_培训机构.shp"},"geometry":{"type":"Point","coordinates":[121.451684,31.269126]}},{"id":"5885","type":"Feature","properties":{"id":"B0H23XT6X2","name":"NEWLOOK舞蹈工作室(闸北公园店)","address":"共和新路1481号红墙创意园","type":"科教文化服务;培训机构;培训机构","typecode":"141400","pcode":310000,"pname":"上海市","citycode":21,"cityname":"上海市","adcode":310106,"adname":"静安区","business_a":"和田","location":"121.458799,31.267252","tel":"13501961596;19802181881","bigType":"科教文化服务","midType":"培训机构","smallType":"培训机构","gcj_lng":121.458799,"gcj_lat":31.267252,"wgs84_loc":"121.454227,31.26914","wgs84Lng":"121.454227","wgs84Lat":"31.26914","__source_file__":"13-常用公服设施点/SHP/上海市_培训机构.shp"},"geometry":{"type":"Point","coordinates":[121.454227,31.26914]}},{"id":"6210","type":"Feature","properties":{"id":"B0H1F1G9TV","name":"优时·捷文托管班","address":"共和新路1481号1号楼210室","type":"科教文化服务;培训机构;培训机构","typecode":"141400","pcode":310000,"pname":"上海市","citycode":21,"cityname":"上海市","adcode":310106,"adname":"静安区","business_a":"和田","location":"121.458777,31.267256","tel":"[]","bigType":"科教文化服务","midType":"培训机构","smallType":"培训机构","gcj_lng":121.458777,"gcj_lat":31.267256,"wgs84_loc":"121.454205,31.269144","wgs84Lng":"121.454205","wgs84Lat":"31.269144","__source_file__":"13-常用公服设施点/SHP/上海市_培训机构.shp"},"geometry":{"type":"Point","coordinates":[121.454205,31.269144]}},{"id":"5666","type":"Feature","properties":{"id":"B0FFH2QGKB","name":"金口艺青少儿口才","address":"共和新路1481号红墙创意园1号楼","type":"科教文化服务;培训机构;培训机构","typecode":"141400","pcode":310000,"pname":"上海市","citycode":21,"cityname":"上海市","adcode":310106,"adname":"静安区","business_a":"和田","location":"121.458538,31.267610","tel":"[]","bigType":"科教文化服务","midType":"培训机构","smallType":"培训机构","gcj_lng":121.458538,"gcj_lat":31.26761,"wgs84_loc":"121.453966,31.269497","wgs84Lng":"121.453966","wgs84Lat":"31.269497","__source_file__":"13-常用公服设施点/SHP/上海市_培训机构.shp"},"geometry":{"type":"Point","coordinates":[121.453966,31.269497]}},{"id":"15466","type":"Feature","properties":{"id":"B0FFFLIJR1","name":"太极静修堂(共和新路分馆)","address":"共和新路1536号大宁国际茶城413、416、418室","type":"科教文化服务;培训机构;培训机构","typecode":"141400","pcode":310000,"pname":"上海市","citycode":21,"cityname":"上海市","adcode":310106,"adname":"静安区","business_a":"和田","location":"121.456525,31.267748","tel":"[]","bigType":"科教文化服务","midType":"培训机构","smallType":"培训机构","gcj_lng":121.456525,"gcj_lat":31.267748,"wgs84_loc":"121.451947,31.269631","wgs84Lng":"121.451947","wgs84Lat":"31.269631","__source_file__":"13-常用公服设施点/SHP/上海市_培训机构.shp"},"geometry":{"type":"Point","coordinates":[121.451947,31.269631]}},{"id":"5663","type":"Feature","properties":{"id":"B001572PIP","name":"元音琴院(共和新路店)","address":"共和新路1536号大宁国际茶城4层409-410","type":"科教文化服务;培训机构;培训机构","typecode":"141400","pcode":310000,"pname":"上海市","citycode":21,"cityname":"上海市","adcode":310106,"adname":"静安区","business_a":"和田","location":"121.456494,31.267771","tel":"021-66316116","bigType":"科教文化服务","midType":"培训机构","smallType":"培训机构","gcj_lng":121.456494,"gcj_lat":31.267771,"wgs84_loc":"121.451916,31.269653","wgs84Lng":"121.451916","wgs84Lat":"31.269653","__source_file__":"13-常用公服设施点/SHP/上海市_培训机构.shp"},"geometry":{"type":"Point","coordinates":[121.451916,31.269653]}},{"id":"6196","type":"Feature","properties":{"id":"B0FFGFAYNN","name":"上海大宁国际茶城茶艺培训中心","address":"共和新路1536号大宁国际茶城4层420室","type":"科教文化服务;培训机构;培训机构","typecode":"141400","pcode":310000,"pname":"上海市","citycode":21,"cityname":"上海市","adcode":310106,"adname":"静安区","business_a":"大宁路","location":"121.456561,31.267790","tel":"[]","bigType":"科教文化服务","midType":"培训机构","smallType":"培训机构","gcj_lng":121.456561,"gcj_lat":31.26779,"wgs84_loc":"121.451983,31.269673","wgs84Lng":"121.451983","wgs84Lat":"31.269673","__source_file__":"13-常用公服设施点/SHP/上海市_培训机构.shp"},"geometry":{"type":"Point","coordinates":[121.451983,31.269673]}},{"id":"6001","type":"Feature","properties":{"id":"B0HKGZBW3N","name":"瑾色美学","address":"柳营路618号2楼201","type":"科教文化服务;培训机构;培训机构","typecode":"141400","pcode":310000,"pname":"上海市","citycode":21,"cityname":"上海市","adcode":310106,"adname":"静安区","business_a":"和田","location":"121.460192,31.264841","tel":"13391319276","bigType":"科教文化服务","midType":"培训机构","smallType":"培训机构","gcj_lng":121.460192,"gcj_lat":31.264841,"wgs84_loc":"121.455625,31.266733","wgs84Lng":"121.455625","wgs84Lat":"31.266733","__source_file__":"13-常用公服设施点/SHP/上海市_培训机构.shp"},"geometry":{"type":"Point","coordinates":[121.455625,31.266733]}},{"id":"5860","type":"Feature","properties":{"id":"B0G17CXX0E","name":"艺聆琴社","address":"俞泾港路11号920室","type":"科教文化服务;培训机构;培训机构","typecode":"141400","pcode":310000,"pname":"上海市","citycode":21,"cityname":"上海市","adcode":310106,"adname":"静安区","business_a":"和田","location":"121.466037,31.266539","tel":"13564600968","bigType":"科教文化服务","midType":"培训机构","smallType":"培训机构","gcj_lng":121.466037,"gcj_lat":31.266539,"wgs84_loc":"121.461487,31.268445","wgs84Lng":"121.461487","wgs84Lat":"31.268445","__source_file__":"13-常用公服设施点/SHP/上海市_培训机构.shp"},"geometry":{"type":"Point","coordinates":[121.461487,31.268445]}},{"id":"6256","type":"Feature","properties":{"id":"B0FFM0Z8R9","name":"纷格音乐","address":"俞泾港路11号108创意广场金座1001室","type":"科教文化服务;培训机构;培训机构","typecode":"141400","pcode":310000,"pname":"上海市","citycode":21,"cityname":"上海市","adcode":310106,"adname":"静安区","business_a":"和田","location":"121.465982,31.266546","tel":"13127708125","bigType":"科教文化服务","midType":"培训机构","smallType":"培训机构","gcj_lng":121.465982,"gcj_lat":31.266546,"wgs84_loc":"121.461431,31.268452","wgs84Lng":"121.461431","wgs84Lat":"31.268452","__source_file__":"13-常用公服设施点/SHP/上海市_培训机构.shp"},"geometry":{"type":"Point","coordinates":[121.461431,31.268452]}},{"id":"14507","type":"Feature","properties":{"id":"B0FFJ1UPHQ","name":"赵汝飞练字硬笔书法(大宁校区)","address":"俞泾港路11号金赢广场金座316室(金赢108创意广场银座1510室)","type":"科教文化服务;培训机构;培训机构","typecode":"141400","pcode":310000,"pname":"上海市","citycode":21,"cityname":"上海市","adcode":310106,"adname":"静安区","business_a":"和田","location":"121.466035,31.266577","tel":"[]","bigType":"科教文化服务","midType":"培训机构","smallType":"培训机构","gcj_lng":121.466035,"gcj_lat":31.266577,"wgs84_loc":"121.461485,31.268483","wgs84Lng":"121.461485","wgs84Lat":"31.268483","__source_file__":"13-常用公服设施点/SHP/上海市_培训机构.shp"},"geometry":{"type":"Point","coordinates":[121.461485,31.268483]}},{"id":"5702","type":"Feature","properties":{"id":"B0FFH180OD","name":"企鹅家族英语(上海静安108创意中心)","address":"平型关路108弄30号2层201号","type":"科教文化服务;培训机构;培训机构","typecode":"141400","pcode":310000,"pname":"上海市","citycode":21,"cityname":"上海市","adcode":310106,"adname":"静安区","business_a":"和田","location":"121.465947,31.267012","tel":"021-66066818","bigType":"科教文化服务","midType":"培训机构","smallType":"培训机构","gcj_lng":121.465947,"gcj_lat":31.267012,"wgs84_loc":"121.461396,31.268918","wgs84Lng":"121.461396","wgs84Lat":"31.268918","__source_file__":"13-常用公服设施点/SHP/上海市_培训机构.shp"},"geometry":{"type":"Point","coordinates":[121.461396,31.268918]}},{"id":"6233","type":"Feature","properties":{"id":"B00156NX5J","name":"美吉姆国际儿童教育中心(闸北中心)","address":"平型关路108弄37号201-203室、205室、39号201-203室","type":"科教文化服务;培训机构;培训机构","typecode":"141400","pcode":310000,"pname":"上海市","citycode":21,"cityname":"上海市","adcode":310106,"adname":"静安区","business_a":"和田","location":"121.465532,31.267128","tel":"021-36530958;021-31055931","bigType":"科教文化服务","midType":"培训机构","smallType":"培训机构","gcj_lng":121.465532,"gcj_lat":31.267128,"wgs84_loc":"121.46098,31.269032","wgs84Lng":"121.46098","wgs84Lat":"31.269032","__source_file__":"13-常用公服设施点/SHP/上海市_培训机构.shp"},"geometry":{"type":"Point","coordinates":[121.46098,31.269032]}},{"id":"6209","type":"Feature","properties":{"id":"B0H1URXFLK","name":"双叶学园","address":"共和新路与共和新路辅路交叉口北约100米","type":"科教文化服务;培训机构;培训机构","typecode":"141400","pcode":310000,"pname":"上海市","citycode":21,"cityname":"上海市","adcode":310106,"adname":"静安区","business_a":"和田","location":"121.459207,31.267330","tel":"[]","bigType":"科教文化服务","midType":"培训机构","smallType":"培训机构","gcj_lng":121.459207,"gcj_lat":31.26733,"wgs84_loc":"121.454637,31.269219","wgs84Lng":"121.454637","wgs84Lat":"31.269219","__source_file__":"13-常用公服设施点/SHP/上海市_培训机构.shp"},"geometry":{"type":"Point","coordinates":[121.454637,31.269219]}},{"id":"16015","type":"Feature","properties":{"id":"B0FFHOF7ZW","name":"四得文化","address":"民和路178号3楼","type":"科教文化服务;培训机构;培训机构","typecode":"141400","pcode":310000,"pname":"上海市","citycode":21,"cityname":"上海市","adcode":310106,"adname":"静安区","business_a":"和田","location":"121.466050,31.267518","tel":"[]","bigType":"科教文化服务","midType":"培训机构","smallType":"培训机构","gcj_lng":121.46605,"gcj_lat":31.267518,"wgs84_loc":"121.4615,31.269424","wgs84Lng":"121.4615","wgs84Lat":"31.269424","__source_file__":"13-常用公服设施点/SHP/上海市_培训机构.shp"},"geometry":{"type":"Point","coordinates":[121.4615,31.269424]}},{"id":"6344","type":"Feature","properties":{"id":"B0GKJHY46X","name":"上海市静安书法协培训学习基地","address":"和田路与洛川东路交叉口东南约100米","type":"科教文化服务;培训机构;培训机构","typecode":"141400","pcode":310000,"pname":"上海市","citycode":21,"cityname":"上海市","adcode":310106,"adname":"静安区","business_a":"和田","location":"121.459923,31.267960","tel":"[]","bigType":"科教文化服务","midType":"培训机构","smallType":"培训机构","gcj_lng":121.459923,"gcj_lat":31.26796,"wgs84_loc":"121.455355,31.26985","wgs84Lng":"121.455355","wgs84Lat":"31.26985","__source_file__":"13-常用公服设施点/SHP/上海市_培训机构.shp"},"geometry":{"type":"Point","coordinates":[121.455355,31.26985]}},{"id":"14887","type":"Feature","properties":{"id":"B00155I7BM","name":"上海琴童教育中心(闸北分部)","address":"洛川东路161号洛川商务楼A座6层","type":"科教文化服务;培训机构;培训机构","typecode":"141400","pcode":310000,"pname":"上海市","citycode":21,"cityname":"上海市","adcode":310106,"adname":"静安区","business_a":"和田","location":"121.464331,31.271869","tel":"[]","bigType":"科教文化服务","midType":"培训机构","smallType":"培训机构","gcj_lng":121.464331,"gcj_lat":31.271869,"wgs84_loc":"121.459775,31.273768","wgs84Lng":"121.459775","wgs84Lat":"31.273768","__source_file__":"13-常用公服设施点/SHP/上海市_培训机构.shp"},"geometry":{"type":"Point","coordinates":[121.459775,31.273768]}},{"id":"6072","type":"Feature","properties":{"id":"B0FFMAXKH3","name":"昂立少儿教育(闸北校区)","address":"上海市静安区洛川东路500号2楼（沪北电影院楼上）","type":"科教文化服务;培训机构;培训机构","typecode":"141400","pcode":310000,"pname":"上海市","citycode":21,"cityname":"上海市","adcode":310106,"adname":"静安区","business_a":"和田","location":"121.458767,31.268388","tel":"021-61395157;021-61395193;4008208062","bigType":"科教文化服务","midType":"培训机构","smallType":"培训机构","gcj_lng":121.458767,"gcj_lat":31.268388,"wgs84_loc":"121.454195,31.270275","wgs84Lng":"121.454195","wgs84Lat":"31.270275","__source_file__":"13-常用公服设施点/SHP/上海市_培训机构.shp"},"geometry":{"type":"Point","coordinates":[121.454195,31.270275]}},{"id":"5847","type":"Feature","properties":{"id":"B0FFF4DJ30","name":"沈光宇油画工作室(延长路店)","address":"延长路265弄6号102室","type":"科教文化服务;培训机构;培训机构","typecode":"141400","pcode":310000,"pname":"上海市","citycode":21,"cityname":"上海市","adcode":310106,"adname":"静安区","business_a":"大宁路","location":"121.455576,31.271943","tel":"18918674880","bigType":"科教文化服务","midType":"培训机构","smallType":"培训机构","gcj_lng":121.455576,"gcj_lat":31.271943,"wgs84_loc":"121.450995,31.273822","wgs84Lng":"121.450995","wgs84Lat":"31.273822","__source_file__":"13-常用公服设施点/SHP/上海市_培训机构.shp"},"geometry":{"type":"Point","coordinates":[121.450995,31.273822]}},{"id":"16878","type":"Feature","properties":{"id":"B0FFI0HA6M","name":"宋老师幼教工作室","address":"共和新路1895弄","type":"科教文化服务;培训机构;培训机构","typecode":"141400","pcode":310000,"pname":"上海市","citycode":21,"cityname":"上海市","adcode":310106,"adname":"静安区","business_a":"大宁路","location":"121.456268,31.274178","tel":"[]","bigType":"科教文化服务","midType":"培训机构","smallType":"培训机构","gcj_lng":121.456268,"gcj_lat":31.274178,"wgs84_loc":"121.451689,31.276057","wgs84Lng":"121.451689","wgs84Lat":"31.276057","__source_file__":"13-常用公服设施点/SHP/上海市_培训机构.shp"},"geometry":{"type":"Point","coordinates":[121.451689,31.276057]}},{"id":"6276","type":"Feature","properties":{"id":"B0FFF002ST","name":"上海大学西门子NX授权培训中心","address":"大宁路","type":"科教文化服务;培训机构;培训机构","typecode":"141400","pcode":310000,"pname":"上海市","citycode":21,"cityname":"上海市","adcode":310106,"adname":"静安区","business_a":"大宁路","location":"121.458754,31.275702","tel":"[]","bigType":"科教文化服务","midType":"培训机构","smallType":"培训机构","gcj_lng":121.458754,"gcj_lat":31.275702,"wgs84_loc":"121.454182,31.277586","wgs84Lng":"121.454182","wgs84Lat":"31.277586","__source_file__":"13-常用公服设施点/SHP/上海市_培训机构.shp"},"geometry":{"type":"Point","coordinates":[121.454182,31.277586]}},{"id":"5759","type":"Feature","properties":{"id":"B0FFJ4TI42","name":"COMBABY新爱婴早教中心(闸北公园国际中心)","address":"平型关路385号2楼元华超市楼上","type":"科教文化服务;培训机构;培训机构","typecode":"141400","pcode":310000,"pname":"上海市","citycode":21,"cityname":"上海市","adcode":310106,"adname":"静安区","business_a":"和田","location":"121.462925,31.272170","tel":"021-66289559","bigType":"科教文化服务","midType":"培训机构","smallType":"培训机构","gcj_lng":121.462925,"gcj_lat":31.27217,"wgs84_loc":"121.458365,31.274066","wgs84Lng":"121.458365","wgs84Lat":"31.274066","__source_file__":"13-常用公服设施点/SHP/上海市_培训机构.shp"},"geometry":{"type":"Point","coordinates":[121.458365,31.274066]}},{"id":"2471","type":"Feature","properties":{"id":"B0FFLBROAE","name":"上海余越文化传播有限公司","address":"北宝兴路163号3楼余越文化","type":"科教文化服务;培训机构;培训机构","typecode":"141400","pcode":310000,"pname":"上海市","citycode":21,"cityname":"上海市","adcode":310109,"adname":"虹口区","business_a":"凉城","location":"121.466023,31.273275","tel":"13774265457","bigType":"科教文化服务","midType":"培训机构","smallType":"培训机构","gcj_lng":121.466023,"gcj_lat":31.273275,"wgs84_loc":"121.461472,31.275178","wgs84Lng":"121.461472","wgs84Lat":"31.275178","__source_file__":"13-常用公服设施点/SHP/上海市_培训机构.shp"},"geometry":{"type":"Point","coordinates":[121.461472,31.275178]}},{"id":"10949","type":"Feature","properties":{"id":"B0FFGCEO8L","name":"鑫圆文化艺术","address":"北宝兴路163号3楼","type":"科教文化服务;培训机构;培训机构","typecode":"141400","pcode":310000,"pname":"上海市","citycode":21,"cityname":"上海市","adcode":310109,"adname":"虹口区","business_a":"凉城","location":"121.465997,31.273377","tel":"18821051303","bigType":"科教文化服务","midType":"培训机构","smallType":"培训机构","gcj_lng":121.465997,"gcj_lat":31.273377,"wgs84_loc":"121.461446,31.27528","wgs84Lng":"121.461446","wgs84Lat":"31.27528","__source_file__":"13-常用公服设施点/SHP/上海市_培训机构.shp"},"geometry":{"type":"Point","coordinates":[121.461446,31.27528]}},{"id":"6288","type":"Feature","properties":{"id":"B001570KGX","name":"上海大学延长校区-上海研究生联合培养基地","address":"延长路149号上海大学延长校区","type":"科教文化服务;培训机构;培训机构","typecode":"141400","pcode":310000,"pname":"上海市","citycode":21,"cityname":"上海市","adcode":310106,"adname":"静安区","business_a":"和田","location":"121.459680,31.273619","tel":"[]","bigType":"科教文化服务","midType":"培训机构","smallType":"培训机构","gcj_lng":121.45968,"gcj_lat":31.273619,"wgs84_loc":"121.45511,31.275506","wgs84Lng":"121.45511","wgs84Lat":"31.275506","__source_file__":"13-常用公服设施点/SHP/上海市_培训机构.shp"},"geometry":{"type":"Point","coordinates":[121.45511,31.275506]}},{"id":"6096","type":"Feature","properties":{"id":"B0FFFLIJJX","name":"上海大学机电工程与自动化学培训中心","address":"延长路131附近","type":"科教文化服务;培训机构;培训机构","typecode":"141400","pcode":310000,"pname":"上海市","citycode":21,"cityname":"上海市","adcode":310106,"adname":"静安区","business_a":"大宁路","location":"121.460002,31.273628","tel":"[]","bigType":"科教文化服务","midType":"培训机构","smallType":"培训机构","gcj_lng":121.460002,"gcj_lat":31.273628,"wgs84_loc":"121.455433,31.275516","wgs84Lng":"121.455433","wgs84Lat":"31.275516","__source_file__":"13-常用公服设施点/SHP/上海市_培训机构.shp"},"geometry":{"type":"Point","coordinates":[121.455433,31.275516]}},{"id":"14997","type":"Feature","properties":{"id":"B0FFFLJUOA","name":"上海大学纵横电脑教育中心","address":"延长路149号上海大学延长校区","type":"科教文化服务;培训机构;培训机构","typecode":"141400","pcode":310000,"pname":"上海市","citycode":21,"cityname":"上海市","adcode":310106,"adname":"静安区","business_a":"大宁路","location":"121.460002,31.273628","tel":"[]","bigType":"科教文化服务","midType":"培训机构","smallType":"培训机构","gcj_lng":121.460002,"gcj_lat":31.273628,"wgs84_loc":"121.455433,31.275516","wgs84Lng":"121.455433","wgs84Lat":"31.275516","__source_file__":"13-常用公服设施点/SHP/上海市_培训机构.shp"},"geometry":{"type":"Point","coordinates":[121.455433,31.275516]}},{"id":"17465","type":"Feature","properties":{"id":"B0IGMS50DE","name":"JaLe Baby","address":"民晏路与平型关路交叉口东北60米","type":"科教文化服务;培训机构;培训机构","typecode":"141400","pcode":310000,"pname":"上海市","citycode":21,"cityname":"上海市","adcode":310106,"adname":"静安区","business_a":"大宁路","location":"121.461606,31.274905","tel":"[]","bigType":"科教文化服务","midType":"培训机构","smallType":"培训机构","gcj_lng":121.461606,"gcj_lat":31.274905,"wgs84_loc":"121.457042,31.276796","wgs84Lng":"121.457042","wgs84Lat":"31.276796","__source_file__":"13-常用公服设施点/SHP/上海市_培训机构.shp"},"geometry":{"type":"Point","coordinates":[121.457042,31.276796]}},{"id":"10748","type":"Feature","properties":{"id":"B00156ZP0V","name":"上海大学精密机械工程系Autodesk授权培训中心","address":"大宁路","type":"科教文化服务;培训机构;培训机构","typecode":"141400","pcode":310000,"pname":"上海市","citycode":21,"cityname":"上海市","adcode":310106,"adname":"静安区","business_a":"大宁路","location":"121.459188,31.275062","tel":"[]","bigType":"科教文化服务","midType":"培训机构","smallType":"培训机构","gcj_lng":121.459188,"gcj_lat":31.275062,"wgs84_loc":"121.454617,31.276948","wgs84Lng":"121.454617","wgs84Lat":"31.276948","__source_file__":"13-常用公服设施点/SHP/上海市_培训机构.shp"},"geometry":{"type":"Point","coordinates":[121.454617,31.276948]}},{"id":"5756","type":"Feature","properties":{"id":"B0FFJFG44F","name":"木子舞蹈","address":"民晏路33号","type":"科教文化服务;培训机构;培训机构","typecode":"141400","pcode":310000,"pname":"上海市","citycode":21,"cityname":"上海市","adcode":310106,"adname":"静安区","business_a":"凉城","location":"121.462112,31.275173","tel":"15102141737","bigType":"科教文化服务","midType":"培训机构","smallType":"培训机构","gcj_lng":121.462112,"gcj_lat":31.275173,"wgs84_loc":"121.457549,31.277066","wgs84Lng":"121.457549","wgs84Lat":"31.277066","__source_file__":"13-常用公服设施点/SHP/上海市_培训机构.shp"},"geometry":{"type":"Point","coordinates":[121.457549,31.277066]}},{"id":"10765","type":"Feature","properties":{"id":"B0FFI3R55R","name":"金马未来国际舞蹈艺术中心","address":"北宝兴路355号B栋2楼201室","type":"科教文化服务;培训机构;培训机构","typecode":"141400","pcode":310000,"pname":"上海市","citycode":21,"cityname":"上海市","adcode":310109,"adname":"虹口区","business_a":"和田","location":"121.463655,31.275254","tel":"021-56370887","bigType":"科教文化服务","midType":"培训机构","smallType":"培训机构","gcj_lng":121.463655,"gcj_lat":31.275254,"wgs84_loc":"121.459097,31.27715","wgs84Lng":"121.459097","wgs84Lat":"31.27715","__source_file__":"13-常用公服设施点/SHP/上海市_培训机构.shp"},"geometry":{"type":"Point","coordinates":[121.459097,31.27715]}},{"id":"17022","type":"Feature","properties":{"id":"B0FFJF2DJU","name":"音卓钢琴艺术中心(大宁国际中心)","address":"共和新路1898号大宁国际商业广场5座2楼","type":"科教文化服务;培训机构;培训机构","typecode":"141400","pcode":310000,"pname":"上海市","citycode":21,"cityname":"上海市","adcode":310106,"adname":"静安区","business_a":"大宁路","location":"121.453206,31.273936","tel":"021-66069319","bigType":"科教文化服务","midType":"培训机构","smallType":"培训机构","gcj_lng":121.453206,"gcj_lat":31.273936,"wgs84_loc":"121.448619,31.275809","wgs84Lng":"121.448619","wgs84Lat":"31.275809","__source_file__":"13-常用公服设施点/SHP/上海市_培训机构.shp"},"geometry":{"type":"Point","coordinates":[121.448619,31.275809]}},{"id":"5783","type":"Feature","properties":{"id":"B0G3DYZD3E","name":"蕃茄田艺术(大宁国际校区)","address":"共和新路1898号大宁国际广场5座301室","type":"科教文化服务;培训机构;培训机构","typecode":"141400","pcode":310000,"pname":"上海市","citycode":21,"cityname":"上海市","adcode":310106,"adname":"静安区","business_a":"大宁路","location":"121.453195,31.273965","tel":"13636413387","bigType":"科教文化服务","midType":"培训机构","smallType":"培训机构","gcj_lng":121.453195,"gcj_lat":31.273965,"wgs84_loc":"121.448608,31.275838","wgs84Lng":"121.448608","wgs84Lat":"31.275838","__source_file__":"13-常用公服设施点/SHP/上海市_培训机构.shp"},"geometry":{"type":"Point","coordinates":[121.448608,31.275838]}},{"id":"5954","type":"Feature","properties":{"id":"B0H1OLVFV4","name":"涂来涂去国际少儿创意美术","address":"共和新路1898号大宁国际广场5座302-305室","type":"科教文化服务;培训机构;培训机构","typecode":"141400","pcode":310000,"pname":"上海市","citycode":21,"cityname":"上海市","adcode":310106,"adname":"静安区","business_a":"大宁路","location":"121.453150,31.273987","tel":"18121213083","bigType":"科教文化服务","midType":"培训机构","smallType":"培训机构","gcj_lng":121.45315,"gcj_lat":31.273987,"wgs84_loc":"121.448563,31.275859","wgs84Lng":"121.448563","wgs84Lat":"31.275859","__source_file__":"13-常用公服设施点/SHP/上海市_培训机构.shp"},"geometry":{"type":"Point","coordinates":[121.448563,31.275859]}},{"id":"5925","type":"Feature","properties":{"id":"B0FFIOWAT3","name":"木子先生(大宁校区)","address":"共和新路2008号大宁国际12栋3楼东侧(护童健康学习桌专柜旁)","type":"科教文化服务;培训机构;培训机构","typecode":"141400","pcode":310000,"pname":"上海市","citycode":21,"cityname":"上海市","adcode":310106,"adname":"静安区","business_a":"大宁路","location":"121.451843,31.274003","tel":"[]","bigType":"科教文化服务","midType":"培训机构","smallType":"培训机构","gcj_lng":121.451843,"gcj_lat":31.274003,"wgs84_loc":"121.447252,31.275873","wgs84Lng":"121.447252","wgs84Lat":"31.275873","__source_file__":"13-常用公服设施点/SHP/上海市_培训机构.shp"},"geometry":{"type":"Point","coordinates":[121.447252,31.275873]}},{"id":"6091","type":"Feature","properties":{"id":"B0FFILYX0E","name":"英孚教育青少儿(大宁国际旗舰中心)","address":"共和新路1898号大宁国际商业广场5座2楼(1号线延长路站4号口)","type":"科教文化服务;培训机构;培训机构","typecode":"141400","pcode":310000,"pname":"上海市","citycode":21,"cityname":"上海市","adcode":310106,"adname":"静安区","business_a":"大宁路","location":"121.453171,31.274006","tel":"4009217476","bigType":"科教文化服务","midType":"培训机构","smallType":"培训机构","gcj_lng":121.453171,"gcj_lat":31.274006,"wgs84_loc":"121.448584,31.275879","wgs84Lng":"121.448584","wgs84Lat":"31.275879","__source_file__":"13-常用公服设施点/SHP/上海市_培训机构.shp"},"geometry":{"type":"Point","coordinates":[121.448584,31.275879]}},{"id":"5901","type":"Feature","properties":{"id":"B0FFJO5GJR","name":"基力国际儿童早教中心(大宁国际商业广场店)","address":"共和新路1898号大宁国际商业广场5座206-207","type":"科教文化服务;培训机构;培训机构","typecode":"141400","pcode":310000,"pname":"上海市","citycode":21,"cityname":"上海市","adcode":310106,"adname":"静安区","business_a":"大宁路","location":"121.452640,31.274064","tel":"[]","bigType":"科教文化服务","midType":"培训机构","smallType":"培训机构","gcj_lng":121.45264,"gcj_lat":31.274064,"wgs84_loc":"121.448051,31.275935","wgs84Lng":"121.448051","wgs84Lat":"31.275935","__source_file__":"13-常用公服设施点/SHP/上海市_培训机构.shp"},"geometry":{"type":"Point","coordinates":[121.448051,31.275935]}},{"id":"6090","type":"Feature","properties":{"id":"B0015750V1","name":"赢在起点早教中心(静安大宁国际校区)","address":"闸北区共和新路2008号大宁国际商业广场12座4楼(大宁路口)","type":"科教文化服务;培训机构;培训机构","typecode":"141400","pcode":310000,"pname":"上海市","citycode":21,"cityname":"上海市","adcode":310106,"adname":"静安区","business_a":"大宁路","location":"121.451175,31.274254","tel":"4008880268","bigType":"科教文化服务","midType":"培训机构","smallType":"培训机构","gcj_lng":121.451175,"gcj_lat":31.274254,"wgs84_loc":"121.446583,31.276122","wgs84Lng":"121.446583","wgs84Lat":"31.276122","__source_file__":"13-常用公服设施点/SHP/上海市_培训机构.shp"},"geometry":{"type":"Point","coordinates":[121.446583,31.276122]}},{"id":"5720","type":"Feature","properties":{"id":"B0FFKPYY86","name":"昂立智立方教育(大宁国际校区)","address":"共和新路1998号大宁国际11座3F智立方","type":"科教文化服务;培训机构;培训机构","typecode":"141400","pcode":310000,"pname":"上海市","citycode":21,"cityname":"上海市","adcode":310106,"adname":"静安区","business_a":"大宁路","location":"121.451649,31.274396","tel":"4000867940","bigType":"科教文化服务","midType":"培训机构","smallType":"培训机构","gcj_lng":121.451649,"gcj_lat":31.274396,"wgs84_loc":"121.447058,31.276265","wgs84Lng":"121.447058","wgs84Lat":"31.276265","__source_file__":"13-常用公服设施点/SHP/上海市_培训机构.shp"},"geometry":{"type":"Point","coordinates":[121.447058,31.276265]}},{"id":"6128","type":"Feature","properties":{"id":"B0H0BO4JPI","name":"昂立英语(大宁校区)","address":"大宁路大宁国际商业广场10座601室","type":"科教文化服务;培训机构;培训机构","typecode":"141400","pcode":310000,"pname":"上海市","citycode":21,"cityname":"上海市","adcode":310106,"adname":"静安区","business_a":"大宁路","location":"121.452201,31.275002","tel":"18101846560","bigType":"科教文化服务","midType":"培训机构","smallType":"培训机构","gcj_lng":121.452201,"gcj_lat":31.275002,"wgs84_loc":"121.447611,31.276872","wgs84Lng":"121.447611","wgs84Lat":"31.276872","__source_file__":"13-常用公服设施点/SHP/上海市_培训机构.shp"},"geometry":{"type":"Point","coordinates":[121.447611,31.276872]}},{"id":"17466","type":"Feature","properties":{"id":"B0FFLEDGOI","name":"昂立外语","address":"共和新路1878-2008号大宁国际商业广场10号楼601","type":"科教文化服务;培训机构;培训机构","typecode":"141400","pcode":310000,"pname":"上海市","citycode":21,"cityname":"上海市","adcode":310106,"adname":"静安区","business_a":"大宁路","location":"121.452202,31.275007","tel":"[]","bigType":"科教文化服务","midType":"培训机构","smallType":"培训机构","gcj_lng":121.452202,"gcj_lat":31.275007,"wgs84_loc":"121.447612,31.276877","wgs84Lng":"121.447612","wgs84Lat":"31.276877","__source_file__":"13-常用公服设施点/SHP/上海市_培训机构.shp"},"geometry":{"type":"Point","coordinates":[121.447612,31.276877]}},{"id":"2473","type":"Feature","properties":{"id":"B0FFI6679E","name":"同心花园艺术活动中心","address":"同心路1037号(同心花园内)","type":"科教文化服务;培训机构;培训机构","typecode":"141400","pcode":310000,"pname":"上海市","citycode":21,"cityname":"上海市","adcode":310109,"adname":"虹口区","business_a":"和田","location":"121.468501,31.274705","tel":"021-56436298;17717368279","bigType":"科教文化服务","midType":"培训机构","smallType":"培训机构","gcj_lng":121.468501,"gcj_lat":31.274705,"wgs84_loc":"121.463958,31.276614","wgs84Lng":"121.463958","wgs84Lat":"31.276614","__source_file__":"13-常用公服设施点/SHP/上海市_培训机构.shp"},"geometry":{"type":"Point","coordinates":[121.463958,31.276614]}},{"id":"10981","type":"Feature","properties":{"id":"B0FFJS6FYI","name":"有点功夫","address":"新同心路104号4层","type":"科教文化服务;培训机构;培训机构","typecode":"141400","pcode":310000,"pname":"上海市","citycode":21,"cityname":"上海市","adcode":310109,"adname":"虹口区","business_a":"凉城","location":"121.466238,31.275828","tel":"[]","bigType":"科教文化服务","midType":"培训机构","smallType":"培训机构","gcj_lng":121.466238,"gcj_lat":31.275828,"wgs84_loc":"121.461687,31.277731","wgs84Lng":"121.461687","wgs84Lat":"31.277731","__source_file__":"13-常用公服设施点/SHP/上海市_培训机构.shp"},"geometry":{"type":"Point","coordinates":[121.461687,31.277731]}},{"id":"10982","type":"Feature","properties":{"id":"B0FFJOJZTI","name":"市民驿站烘焙教室","address":"新同心路104号2楼","type":"科教文化服务;培训机构;培训机构","typecode":"141400","pcode":310000,"pname":"上海市","citycode":21,"cityname":"上海市","adcode":310109,"adname":"虹口区","business_a":"凉城","location":"121.466148,31.275892","tel":"13818502021","bigType":"科教文化服务","midType":"培训机构","smallType":"培训机构","gcj_lng":121.466148,"gcj_lat":31.275892,"wgs84_loc":"121.461597,31.277794","wgs84Lng":"121.461597","wgs84Lat":"31.277794","__source_file__":"13-常用公服设施点/SHP/上海市_培训机构.shp"},"geometry":{"type":"Point","coordinates":[121.461597,31.277794]}},{"id":"11087","type":"Feature","properties":{"id":"B0FFLFPVOW","name":"U+托管班","address":"龙泰公寓(新同心路南)","type":"科教文化服务;培训机构;培训机构","typecode":"141400","pcode":310000,"pname":"上海市","citycode":21,"cityname":"上海市","adcode":310109,"adname":"虹口区","business_a":"和田","location":"121.466326,31.275947","tel":"[]","bigType":"科教文化服务","midType":"培训机构","smallType":"培训机构","gcj_lng":121.466326,"gcj_lat":31.275947,"wgs84_loc":"121.461776,31.27785","wgs84Lng":"121.461776","wgs84Lat":"31.27785","__source_file__":"13-常用公服设施点/SHP/上海市_培训机构.shp"},"geometry":{"type":"Point","coordinates":[121.461776,31.27785]}},{"id":"6222","type":"Feature","properties":{"id":"B0FFIWT197","name":"昂立青少儿优培(大宁校区)","address":"共和新路1878-2008号大宁国际商业广场10号楼601","type":"科教文化服务;培训机构;培训机构","typecode":"141400","pcode":310000,"pname":"上海市","citycode":21,"cityname":"上海市","adcode":310106,"adname":"静安区","business_a":"大宁路","location":"121.452202,31.275007","tel":"4008208062","bigType":"科教文化服务","midType":"培训机构","smallType":"培训机构","gcj_lng":121.452202,"gcj_lat":31.275007,"wgs84_loc":"121.447612,31.276877","wgs84Lng":"121.447612","wgs84Lat":"31.276877","__source_file__":"13-常用公服设施点/SHP/上海市_培训机构.shp"},"geometry":{"type":"Point","coordinates":[121.447612,31.276877]}},{"id":"5886","type":"Feature","properties":{"id":"B0H02UI8KQ","name":"BOUNCE舞蹈工作室","address":"久光百货","type":"科教文化服务;培训机构;培训机构","typecode":"141400","pcode":310000,"pname":"上海市","citycode":21,"cityname":"上海市","adcode":310106,"adname":"静安区","business_a":"大宁路","location":"121.451558,31.275826","tel":"[]","bigType":"科教文化服务","midType":"培训机构","smallType":"培训机构","gcj_lng":121.451558,"gcj_lat":31.275826,"wgs84_loc":"121.446967,31.277694","wgs84Lng":"121.446967","wgs84Lat":"31.277694","__source_file__":"13-常用公服设施点/SHP/上海市_培训机构.shp"},"geometry":{"type":"Point","coordinates":[121.446967,31.277694]}},{"id":"10937","type":"Feature","properties":{"id":"B0GKVS3G9E","name":"袋鼠麻麻(臻悦中心)","address":"北宝兴路355号B栋1楼","type":"科教文化服务;培训机构;培训机构","typecode":"141400","pcode":310000,"pname":"上海市","citycode":21,"cityname":"上海市","adcode":310109,"adname":"虹口区","business_a":"凉城","location":"121.463751,31.275268","tel":"[]","bigType":"科教文化服务","midType":"培训机构","smallType":"培训机构","gcj_lng":121.463751,"gcj_lat":31.275268,"wgs84_loc":"121.459193,31.277165","wgs84Lng":"121.459193","wgs84Lat":"31.277165","__source_file__":"13-常用公服设施点/SHP/上海市_培训机构.shp"},"geometry":{"type":"Point","coordinates":[121.459193,31.277165]}},{"id":"10895","type":"Feature","properties":{"id":"B0FFKZVQ66","name":"慧雅音乐馆","address":"新同心路104号4楼D03室(龙泰公寓商业楼)","type":"科教文化服务;培训机构;培训机构","typecode":"141400","pcode":310000,"pname":"上海市","citycode":21,"cityname":"上海市","adcode":310109,"adname":"虹口区","business_a":"和田","location":"121.466059,31.275727","tel":"13916270750","bigType":"科教文化服务","midType":"培训机构","smallType":"培训机构","gcj_lng":121.466059,"gcj_lat":31.275727,"wgs84_loc":"121.461508,31.277629","wgs84Lng":"121.461508","wgs84Lat":"31.277629","__source_file__":"13-常用公服设施点/SHP/上海市_培训机构.shp"},"geometry":{"type":"Point","coordinates":[121.461508,31.277629]}},{"id":"14529","type":"Feature","properties":{"id":"B0FFK4TUR5","name":"绿地·葫芦课堂","address":"新同心路104号401、406室","type":"科教文化服务;培训机构;培训机构","typecode":"141400","pcode":310000,"pname":"上海市","citycode":21,"cityname":"上海市","adcode":310109,"adname":"虹口区","business_a":"凉城","location":"121.466125,31.275900","tel":"13601609501","bigType":"科教文化服务","midType":"培训机构","smallType":"培训机构","gcj_lng":121.466125,"gcj_lat":31.2759,"wgs84_loc":"121.461574,31.277802","wgs84Lng":"121.461574","wgs84Lat":"31.277802","__source_file__":"13-常用公服设施点/SHP/上海市_培训机构.shp"},"geometry":{"type":"Point","coordinates":[121.461574,31.277802]}},{"id":"11109","type":"Feature","properties":{"id":"B0FFM64P45","name":"MAZ EFFECT ART SUDIO","address":"株洲路258弄25号","type":"科教文化服务;培训机构;培训机构","typecode":"141400","pcode":310000,"pname":"上海市","citycode":21,"cityname":"上海市","adcode":310109,"adname":"虹口区","business_a":"大宁路","location":"121.465585,31.276496","tel":"18817798161","bigType":"科教文化服务","midType":"培训机构","smallType":"培训机构","gcj_lng":121.465585,"gcj_lat":31.276496,"wgs84_loc":"121.461032,31.278397","wgs84Lng":"121.461032","wgs84Lat":"31.278397","__source_file__":"13-常用公服设施点/SHP/上海市_培训机构.shp"},"geometry":{"type":"Point","coordinates":[121.461032,31.278397]}},{"id":"5166","type":"Feature","properties":{"id":"B0G23ABJP5","name":"之楽art studio","address":"陕西南路39弄41号前门","type":"科教文化服务;培训机构;培训机构","typecode":"141400","pcode":310000,"pname":"上海市","citycode":21,"cityname":"上海市","adcode":310101,"adname":"黄浦区","business_a":"淮海路","location":"121.458616,31.219542","tel":"15900598794","bigType":"科教文化服务","midType":"培训机构","smallType":"培训机构","gcj_lng":121.458616,"gcj_lat":31.219542,"wgs84_loc":"121.454048,31.221451","wgs84Lng":"121.454048","wgs84Lat":"31.221451","__source_file__":"13-常用公服设施点/SHP/上海市_培训机构.shp"},"geometry":{"type":"Point","coordinates":[121.454048,31.221451]}},{"id":"6087","type":"Feature","properties":{"id":"B0FFIB5ESI","name":"卫生部四级妇科内镜手术培训基地","address":"长乐路331附近","type":"科教文化服务;培训机构;培训机构","typecode":"141400","pcode":310000,"pname":"上海市","citycode":21,"cityname":"上海市","adcode":310106,"adname":"静安区","business_a":"淮海路","location":"121.456225,31.219940","tel":"[]","bigType":"科教文化服务","midType":"培训机构","smallType":"培训机构","gcj_lng":121.456225,"gcj_lat":31.21994,"wgs84_loc":"121.451651,31.221843","wgs84Lng":"121.451651","wgs84Lat":"31.221843","__source_file__":"13-常用公服设施点/SHP/上海市_培训机构.shp"},"geometry":{"type":"Point","coordinates":[121.451651,31.221843]}},{"id":"5274","type":"Feature","properties":{"id":"B0GRGKNHW0","name":"EM艺术中心(黄浦校区)","address":"长乐路与陕西南路交叉口东北约80米","type":"科教文化服务;培训机构;培训机构","typecode":"141400","pcode":310000,"pname":"上海市","citycode":21,"cityname":"上海市","adcode":310101,"adname":"黄浦区","business_a":"淮海路","location":"121.458321,31.220699","tel":"13681664382","bigType":"科教文化服务","midType":"培训机构","smallType":"培训机构","gcj_lng":121.458321,"gcj_lat":31.220699,"wgs84_loc":"121.453752,31.222607","wgs84Lng":"121.453752","wgs84Lat":"31.222607","__source_file__":"13-常用公服设施点/SHP/上海市_培训机构.shp"},"geometry":{"type":"Point","coordinates":[121.453752,31.222607]}},{"id":"14633","type":"Feature","properties":{"id":"B00155L9KL","name":"文华学院IT教育","address":"巨鹿路417欣广大厦","type":"科教文化服务;培训机构;培训机构","typecode":"141400","pcode":310000,"pname":"上海市","citycode":21,"cityname":"上海市","adcode":310101,"adname":"黄浦区","business_a":"淮海路","location":"121.457585,31.222057","tel":"[]","bigType":"科教文化服务","midType":"培训机构","smallType":"培训机构","gcj_lng":121.457585,"gcj_lat":31.222057,"wgs84_loc":"121.453014,31.223962","wgs84Lng":"121.453014","wgs84Lat":"31.223962","__source_file__":"13-常用公服设施点/SHP/上海市_培训机构.shp"},"geometry":{"type":"Point","coordinates":[121.453014,31.223962]}},{"id":"14588","type":"Feature","properties":{"id":"B0FFH16BEW","name":"乐艺堂文化艺术教育培训中心","address":"巨鹿路471欣广大厦10层","type":"科教文化服务;培训机构;培训机构","typecode":"141400","pcode":310000,"pname":"上海市","citycode":21,"cityname":"上海市","adcode":310101,"adname":"黄浦区","business_a":"淮海路","location":"121.457585,31.222057","tel":"[]","bigType":"科教文化服务","midType":"培训机构","smallType":"培训机构","gcj_lng":121.457585,"gcj_lat":31.222057,"wgs84_loc":"121.453014,31.223962","wgs84Lng":"121.453014","wgs84Lat":"31.223962","__source_file__":"13-常用公服设施点/SHP/上海市_培训机构.shp"},"geometry":{"type":"Point","coordinates":[121.453014,31.223962]}},{"id":"16891","type":"Feature","properties":{"id":"B0FFI67CSZ","name":"悦画社","address":"南昌路224弄1号","type":"科教文化服务;培训机构;培训机构","typecode":"141400","pcode":310000,"pname":"上海市","citycode":21,"cityname":"上海市","adcode":310101,"adname":"黄浦区","business_a":"淮海路","location":"121.465045,31.218049","tel":"021-54197963","bigType":"科教文化服务","midType":"培训机构","smallType":"培训机构","gcj_lng":121.465045,"gcj_lat":31.218049,"wgs84_loc":"121.460496,31.219974","wgs84Lng":"121.460496","wgs84Lat":"31.219974","__source_file__":"13-常用公服设施点/SHP/上海市_培训机构.shp"},"geometry":{"type":"Point","coordinates":[121.460496,31.219974]}},{"id":"5292","type":"Feature","properties":{"id":"B0IBD5A1QE","name":"乐玩陶艺油画团建(淮海路店)","address":"瑞金二路街道淮海中路697弄23号前门","type":"科教文化服务;培训机构;培训机构","typecode":"141400","pcode":310000,"pname":"上海市","citycode":21,"cityname":"上海市","adcode":310101,"adname":"黄浦区","business_a":"淮海路","location":"121.465656,31.218515","tel":"17612170795","bigType":"科教文化服务","midType":"培训机构","smallType":"培训机构","gcj_lng":121.465656,"gcj_lat":31.218515,"wgs84_loc":"121.461109,31.220442","wgs84Lng":"121.461109","wgs84Lat":"31.220442","__source_file__":"13-常用公服设施点/SHP/上海市_培训机构.shp"},"geometry":{"type":"Point","coordinates":[121.461109,31.220442]}},{"id":"5563","type":"Feature","properties":{"id":"B0HB6DKVED","name":"朶宫书院","address":"长乐路锦江饭店-锦北楼北侧","type":"科教文化服务;培训机构;培训机构","typecode":"141400","pcode":310000,"pname":"上海市","citycode":21,"cityname":"上海市","adcode":310101,"adname":"黄浦区","business_a":"淮海路","location":"121.460713,31.220880","tel":"[]","bigType":"科教文化服务","midType":"培训机构","smallType":"培训机构","gcj_lng":121.460713,"gcj_lat":31.22088,"wgs84_loc":"121.456151,31.222793","wgs84Lng":"121.456151","wgs84Lat":"31.222793","__source_file__":"13-常用公服设施点/SHP/上海市_培训机构.shp"},"geometry":{"type":"Point","coordinates":[121.456151,31.222793]}},{"id":"5089","type":"Feature","properties":{"id":"B0FFHNZ061","name":"点尚画廊巨鹿画室(巨鹿路店)","address":"巨鹿路367号(近茂名南路)","type":"科教文化服务;培训机构;培训机构","typecode":"141400","pcode":310000,"pname":"上海市","citycode":21,"cityname":"上海市","adcode":310101,"adname":"黄浦区","business_a":"淮海路","location":"121.459620,31.222702","tel":"13818474461","bigType":"科教文化服务","midType":"培训机构","smallType":"培训机构","gcj_lng":121.45962,"gcj_lat":31.222702,"wgs84_loc":"121.455055,31.224612","wgs84Lng":"121.455055","wgs84Lat":"31.224612","__source_file__":"13-常用公服设施点/SHP/上海市_培训机构.shp"},"geometry":{"type":"Point","coordinates":[121.455055,31.224612]}},{"id":"673","type":"Feature","properties":{"id":"B0FFLDVX5C","name":"上海宝丽职业培训学校","address":"巨鹿路361号4层","type":"科教文化服务;培训机构;培训机构","typecode":"141400","pcode":310000,"pname":"上海市","citycode":21,"cityname":"上海市","adcode":310101,"adname":"黄浦区","business_a":"淮海路","location":"121.460134,31.222794","tel":"13621659780;4006050133","bigType":"科教文化服务","midType":"培训机构","smallType":"培训机构","gcj_lng":121.460134,"gcj_lat":31.222794,"wgs84_loc":"121.45557,31.224705","wgs84Lng":"121.45557","wgs84Lat":"31.224705","__source_file__":"13-常用公服设施点/SHP/上海市_培训机构.shp"},"geometry":{"type":"Point","coordinates":[121.45557,31.224705]}},{"id":"5452","type":"Feature","properties":{"id":"B0FFJYRPEH","name":"周行民乐工作室","address":"瑞金一路8号","type":"科教文化服务;培训机构;培训机构","typecode":"141400","pcode":310000,"pname":"上海市","citycode":21,"cityname":"上海市","adcode":310101,"adname":"黄浦区","business_a":"淮海路","location":"121.462640,31.223052","tel":"[]","bigType":"科教文化服务","midType":"培训机构","smallType":"培训机构","gcj_lng":121.46264,"gcj_lat":31.223052,"wgs84_loc":"121.458083,31.224969","wgs84Lng":"121.458083","wgs84Lat":"31.224969","__source_file__":"13-常用公服设施点/SHP/上海市_培训机构.shp"},"geometry":{"type":"Point","coordinates":[121.458083,31.224969]}},{"id":"5437","type":"Feature","properties":{"id":"B0G267M01J","name":"周行音乐","address":"瑞金一路8号","type":"科教文化服务;培训机构;培训机构","typecode":"141400","pcode":310000,"pname":"上海市","citycode":21,"cityname":"上海市","adcode":310101,"adname":"黄浦区","business_a":"淮海路","location":"121.462949,31.223101","tel":"[]","bigType":"科教文化服务","midType":"培训机构","smallType":"培训机构","gcj_lng":121.462949,"gcj_lat":31.223101,"wgs84_loc":"121.458393,31.225019","wgs84Lng":"121.458393","wgs84Lat":"31.225019","__source_file__":"13-常用公服设施点/SHP/上海市_培训机构.shp"},"geometry":{"type":"Point","coordinates":[121.458393,31.225019]}},{"id":"14377","type":"Feature","properties":{"id":"B0FFIVUJPC","name":"毅进教育","address":"瑞金一路8号4楼","type":"科教文化服务;培训机构;培训机构","typecode":"141400","pcode":310000,"pname":"上海市","citycode":21,"cityname":"上海市","adcode":310101,"adname":"黄浦区","business_a":"淮海路","location":"121.462753,31.223173","tel":"[]","bigType":"科教文化服务","midType":"培训机构","smallType":"培训机构","gcj_lng":121.462753,"gcj_lat":31.223173,"wgs84_loc":"121.458197,31.22509","wgs84Lng":"121.458197","wgs84Lat":"31.22509","__source_file__":"13-常用公服设施点/SHP/上海市_培训机构.shp"},"geometry":{"type":"Point","coordinates":[121.458197,31.22509]}},{"id":"15622","type":"Feature","properties":{"id":"B0FFL05DOS","name":"上海圆明书院","address":"南京西路街道巨鹿路758号","type":"科教文化服务;培训机构;培训机构","typecode":"141400","pcode":310000,"pname":"上海市","citycode":21,"cityname":"上海市","adcode":310106,"adname":"静安区","business_a":"淮海路","location":"121.450971,31.220626","tel":"[]","bigType":"科教文化服务","midType":"培训机构","smallType":"培训机构","gcj_lng":121.450971,"gcj_lat":31.220626,"wgs84_loc":"121.446383,31.222518","wgs84Lng":"121.446383","wgs84Lat":"31.222518","__source_file__":"13-常用公服设施点/SHP/上海市_培训机构.shp"},"geometry":{"type":"Point","coordinates":[121.446383,31.222518]}},{"id":"12978","type":"Feature","properties":{"id":"B0IGGZUS20","name":"上实剑桥(襄阳北路校区)","address":"襄阳北路一号二楼","type":"科教文化服务;培训机构;培训机构","typecode":"141400","pcode":310000,"pname":"上海市","citycode":21,"cityname":"上海市","adcode":310106,"adname":"静安区","business_a":"淮海路","location":"121.454468,31.220620","tel":"[]","bigType":"科教文化服务","midType":"培训机构","smallType":"培训机构","gcj_lng":121.454468,"gcj_lat":31.22062,"wgs84_loc":"121.449889,31.222519","wgs84Lng":"121.449889","wgs84Lat":"31.222519","__source_file__":"13-常用公服设施点/SHP/上海市_培训机构.shp"},"geometry":{"type":"Point","coordinates":[121.449889,31.222519]}},{"id":"9348","type":"Feature","properties":{"id":"B00155IRGL","name":"上海锦创歌德德语培训(巨鹿路总部)","address":"静安寺街道巨鹿路628号","type":"科教文化服务;培训机构;培训机构","typecode":"141400","pcode":310000,"pname":"上海市","citycode":21,"cityname":"上海市","adcode":310106,"adname":"静安区","business_a":"淮海路","location":"121.453465,31.221077","tel":"021-32220316","bigType":"科教文化服务","midType":"培训机构","smallType":"培训机构","gcj_lng":121.453465,"gcj_lat":31.221077,"wgs84_loc":"121.448883,31.222974","wgs84Lng":"121.448883","wgs84Lat":"31.222974","__source_file__":"13-常用公服设施点/SHP/上海市_培训机构.shp"},"geometry":{"type":"Point","coordinates":[121.448883,31.222974]}},{"id":"99","type":"Feature","properties":{"id":"B0FFL6ZXO6","name":"音域吉他培训维修销售中心(吉他专精)","address":"延安中路847号锦延大楼4楼402","type":"科教文化服务;培训机构;培训机构","typecode":"141400","pcode":310000,"pname":"上海市","citycode":21,"cityname":"上海市","adcode":310106,"adname":"静安区","business_a":"淮海路","location":"121.454453,31.222681","tel":"13761736960","bigType":"科教文化服务","midType":"培训机构","smallType":"培训机构","gcj_lng":121.454453,"gcj_lat":31.222681,"wgs84_loc":"121.449874,31.224579","wgs84Lng":"121.449874","wgs84Lat":"31.224579","__source_file__":"13-常用公服设施点/SHP/上海市_培训机构.shp"},"geometry":{"type":"Point","coordinates":[121.449874,31.224579]}},{"id":"5981","type":"Feature","properties":{"id":"B0FFHR7KQB","name":"上海爱潜国际潜水培训中心","address":"延安中路839号","type":"科教文化服务;培训机构;培训机构","typecode":"141400","pcode":310000,"pname":"上海市","citycode":21,"cityname":"上海市","adcode":310106,"adname":"静安区","business_a":"淮海路","location":"121.454825,31.222683","tel":"021-52362131","bigType":"科教文化服务","midType":"培训机构","smallType":"培训机构","gcj_lng":121.454825,"gcj_lat":31.222683,"wgs84_loc":"121.450247,31.224582","wgs84Lng":"121.450247","wgs84Lat":"31.224582","__source_file__":"13-常用公服设施点/SHP/上海市_培训机构.shp"},"geometry":{"type":"Point","coordinates":[121.450247,31.224582]}},{"id":"97","type":"Feature","properties":{"id":"B0HKJD25CW","name":"学美教育","address":"延安中路841号东方海外大厦","type":"科教文化服务;培训机构;培训机构","typecode":"141400","pcode":310000,"pname":"上海市","citycode":21,"cityname":"上海市","adcode":310106,"adname":"静安区","business_a":"淮海路","location":"121.454399,31.222830","tel":"[]","bigType":"科教文化服务","midType":"培训机构","smallType":"培训机构","gcj_lng":121.454399,"gcj_lat":31.22283,"wgs84_loc":"121.449819,31.224728","wgs84Lng":"121.449819","wgs84Lat":"31.224728","__source_file__":"13-常用公服设施点/SHP/上海市_培训机构.shp"},"geometry":{"type":"Point","coordinates":[121.449819,31.224728]}},{"id":"96","type":"Feature","properties":{"id":"B0HA659TVB","name":"东京酱JCD日本留学","address":"延安中路841号东方海外大厦1705室","type":"科教文化服务;培训机构;培训机构","typecode":"141400","pcode":310000,"pname":"上海市","citycode":21,"cityname":"上海市","adcode":310106,"adname":"静安区","business_a":"淮海路","location":"121.454395,31.223117","tel":"[]","bigType":"科教文化服务","midType":"培训机构","smallType":"培训机构","gcj_lng":121.454395,"gcj_lat":31.223117,"wgs84_loc":"121.449815,31.225015","wgs84Lng":"121.449815","wgs84Lat":"31.225015","__source_file__":"13-常用公服设施点/SHP/上海市_培训机构.shp"},"geometry":{"type":"Point","coordinates":[121.449815,31.225015]}},{"id":"92","type":"Feature","properties":{"id":"B0FFL7CYXQ","name":"沃邦国际教育(静安寺校区)","address":"延安中路841号东方海外大厦6楼607室","type":"科教文化服务;培训机构;培训机构","typecode":"141400","pcode":310000,"pname":"上海市","citycode":21,"cityname":"上海市","adcode":310106,"adname":"静安区","business_a":"淮海路","location":"121.454364,31.223130","tel":"17717537043","bigType":"科教文化服务","midType":"培训机构","smallType":"培训机构","gcj_lng":121.454364,"gcj_lat":31.22313,"wgs84_loc":"121.449784,31.225028","wgs84Lng":"121.449784","wgs84Lat":"31.225028","__source_file__":"13-常用公服设施点/SHP/上海市_培训机构.shp"},"geometry":{"type":"Point","coordinates":[121.449784,31.225028]}},{"id":"6145","type":"Feature","properties":{"id":"B0G3A48738","name":"沃邦教育托福雅思SAT","address":"延安中路与东环道交叉口南约100米","type":"科教文化服务;培训机构;培训机构","typecode":"141400","pcode":310000,"pname":"上海市","citycode":21,"cityname":"上海市","adcode":310106,"adname":"静安区","business_a":"淮海路","location":"121.454402,31.223133","tel":"[]","bigType":"科教文化服务","midType":"培训机构","smallType":"培训机构","gcj_lng":121.454402,"gcj_lat":31.223133,"wgs84_loc":"121.449822,31.225031","wgs84Lng":"121.449822","wgs84Lat":"31.225031","__source_file__":"13-常用公服设施点/SHP/上海市_培训机构.shp"},"geometry":{"type":"Point","coordinates":[121.449822,31.225031]}},{"id":"95","type":"Feature","properties":{"id":"B0FFJ4TAXT","name":"鲁卡小径留学","address":"延安中路841号东方海外大厦1003室","type":"科教文化服务;培训机构;培训机构","typecode":"141400","pcode":310000,"pname":"上海市","citycode":21,"cityname":"上海市","adcode":310106,"adname":"静安区","business_a":"淮海路","location":"121.454409,31.223280","tel":"021-52180395","bigType":"科教文化服务","midType":"培训机构","smallType":"培训机构","gcj_lng":121.454409,"gcj_lat":31.22328,"wgs84_loc":"121.449829,31.225178","wgs84Lng":"121.449829","wgs84Lat":"31.225178","__source_file__":"13-常用公服设施点/SHP/上海市_培训机构.shp"},"geometry":{"type":"Point","coordinates":[121.449829,31.225178]}},{"id":"9217","type":"Feature","properties":{"id":"B0G1393ANT","name":"泳远游泳培训俱乐部(陕西南路店)","address":"陕西南路5-7号城市酒店6楼","type":"科教文化服务;培训机构;培训机构","typecode":"141400","pcode":310000,"pname":"上海市","citycode":21,"cityname":"上海市","adcode":310101,"adname":"黄浦区","business_a":"淮海路","location":"121.457327,31.222768","tel":"[]","bigType":"科教文化服务","midType":"培训机构","smallType":"培训机构","gcj_lng":121.457327,"gcj_lat":31.222768,"wgs84_loc":"121.452755,31.224673","wgs84Lng":"121.452755","wgs84Lat":"31.224673","__source_file__":"13-常用公服设施点/SHP/上海市_培训机构.shp"},"geometry":{"type":"Point","coordinates":[121.452755,31.224673]}},{"id":"17203","type":"Feature","properties":{"id":"B0GD594E76","name":"琦健身游泳瑜伽生活馆-会议中心","address":"陕西南路5号城市酒店6层","type":"科教文化服务;培训机构;培训机构","typecode":"141400","pcode":310000,"pname":"上海市","citycode":21,"cityname":"上海市","adcode":310101,"adname":"黄浦区","business_a":"淮海路","location":"121.457478,31.222801","tel":"[]","bigType":"科教文化服务","midType":"培训机构","smallType":"培训机构","gcj_lng":121.457478,"gcj_lat":31.222801,"wgs84_loc":"121.452907,31.224706","wgs84Lng":"121.452907","wgs84Lat":"31.224706","__source_file__":"13-常用公服设施点/SHP/上海市_培训机构.shp"},"geometry":{"type":"Point","coordinates":[121.452907,31.224706]}},{"id":"15136","type":"Feature","properties":{"id":"B0FFIYBKKP","name":"念提琴工作室","address":"延安中路829号达安广场西11楼A","type":"科教文化服务;培训机构;培训机构","typecode":"141400","pcode":310000,"pname":"上海市","citycode":21,"cityname":"上海市","adcode":310106,"adname":"静安区","business_a":"淮海路","location":"121.454881,31.223442","tel":"[]","bigType":"科教文化服务","midType":"培训机构","smallType":"培训机构","gcj_lng":121.454881,"gcj_lat":31.223442,"wgs84_loc":"121.450303,31.225341","wgs84Lng":"121.450303","wgs84Lat":"31.225341","__source_file__":"13-常用公服设施点/SHP/上海市_培训机构.shp"},"geometry":{"type":"Point","coordinates":[121.450303,31.225341]}},{"id":"5991","type":"Feature","properties":{"id":"B0FFM8IGUP","name":"上海早安汉语","address":"延安中路809号二层B座","type":"科教文化服务;培训机构;培训机构","typecode":"141400","pcode":310000,"pname":"上海市","citycode":21,"cityname":"上海市","adcode":310106,"adname":"静安区","business_a":"淮海路","location":"121.455758,31.223577","tel":"13918358891;021-52287809;021-62531250","bigType":"科教文化服务","midType":"培训机构","smallType":"培训机构","gcj_lng":121.455758,"gcj_lat":31.223577,"wgs84_loc":"121.451182,31.225478","wgs84Lng":"121.451182","wgs84Lat":"31.225478","__source_file__":"13-常用公服设施点/SHP/上海市_培训机构.shp"},"geometry":{"type":"Point","coordinates":[121.451182,31.225478]}},{"id":"6134","type":"Feature","properties":{"id":"B0GKVM0SV4","name":"海胆教育国际培训IB AP托福雅思SAT","address":"陕西北路与延安中路辅路交叉口北约60米","type":"科教文化服务;培训机构;培训机构","typecode":"141400","pcode":310000,"pname":"上海市","citycode":21,"cityname":"上海市","adcode":310106,"adname":"静安区","business_a":"淮海路","location":"121.456891,31.224725","tel":"[]","bigType":"科教文化服务","midType":"培训机构","smallType":"培训机构","gcj_lng":121.456891,"gcj_lat":31.224725,"wgs84_loc":"121.452318,31.226628","wgs84Lng":"121.452318","wgs84Lat":"31.226628","__source_file__":"13-常用公服设施点/SHP/上海市_培训机构.shp"},"geometry":{"type":"Point","coordinates":[121.452318,31.226628]}},{"id":"6060","type":"Feature","properties":{"id":"B0H66SB22A","name":"BBoom Dance Studio","address":"陕西北路66号科恩国际中心1717室","type":"科教文化服务;培训机构;培训机构","typecode":"141400","pcode":310000,"pname":"上海市","citycode":21,"cityname":"上海市","adcode":310106,"adname":"静安区","business_a":"淮海路","location":"121.456807,31.224775","tel":"15316285224","bigType":"科教文化服务","midType":"培训机构","smallType":"培训机构","gcj_lng":121.456807,"gcj_lat":31.224775,"wgs84_loc":"121.452234,31.226677","wgs84Lng":"121.452234","wgs84Lat":"31.226677","__source_file__":"13-常用公服设施点/SHP/上海市_培训机构.shp"},"geometry":{"type":"Point","coordinates":[121.452234,31.226677]}},{"id":"6106","type":"Feature","properties":{"id":"B0HR470FRV","name":"迪诺教育","address":"陕西北路与威海路交叉口东南约80米","type":"科教文化服务;培训机构;培训机构","typecode":"141400","pcode":310000,"pname":"上海市","citycode":21,"cityname":"上海市","adcode":310106,"adname":"静安区","business_a":"淮海路","location":"121.456911,31.224821","tel":"18721225349","bigType":"科教文化服务","midType":"培训机构","smallType":"培训机构","gcj_lng":121.456911,"gcj_lat":31.224821,"wgs84_loc":"121.452338,31.226724","wgs84Lng":"121.452338","wgs84Lat":"31.226724","__source_file__":"13-常用公服设施点/SHP/上海市_培训机构.shp"},"geometry":{"type":"Point","coordinates":[121.452338,31.226724]}},{"id":"9374","type":"Feature","properties":{"id":"B0FFJAHDKP","name":"源锐教育","address":"陕西北路66号科恩国际中心","type":"科教文化服务;培训机构;培训机构","typecode":"141400","pcode":310000,"pname":"上海市","citycode":21,"cityname":"上海市","adcode":310106,"adname":"静安区","business_a":"淮海路","location":"121.456887,31.224845","tel":"[]","bigType":"科教文化服务","midType":"培训机构","smallType":"培训机构","gcj_lng":121.456887,"gcj_lat":31.224845,"wgs84_loc":"121.452314,31.226748","wgs84Lng":"121.452314","wgs84Lat":"31.226748","__source_file__":"13-常用公服设施点/SHP/上海市_培训机构.shp"},"geometry":{"type":"Point","coordinates":[121.452314,31.226748]}},{"id":"5876","type":"Feature","properties":{"id":"B0FFKC436T","name":"DOS HOP潮上舞蹈(南京西路店)","address":"陕西北路66号科恩国际中心808室","type":"科教文化服务;培训机构;培训机构","typecode":"141400","pcode":310000,"pname":"上海市","citycode":21,"cityname":"上海市","adcode":310106,"adname":"静安区","business_a":"淮海路","location":"121.456859,31.224865","tel":"021-63136050","bigType":"科教文化服务","midType":"培训机构","smallType":"培训机构","gcj_lng":121.456859,"gcj_lat":31.224865,"wgs84_loc":"121.452286,31.226768","wgs84Lng":"121.452286","wgs84Lat":"31.226768","__source_file__":"13-常用公服设施点/SHP/上海市_培训机构.shp"},"geometry":{"type":"Point","coordinates":[121.452286,31.226768]}},{"id":"17458","type":"Feature","properties":{"id":"B0H3JC3THF","name":"朋乐留学","address":"陕西北路66号科恩国际中心1718室","type":"科教文化服务;培训机构;培训机构","typecode":"141400","pcode":310000,"pname":"上海市","citycode":21,"cityname":"上海市","adcode":310106,"adname":"静安区","business_a":"淮海路","location":"121.456818,31.224868","tel":"[]","bigType":"科教文化服务","midType":"培训机构","smallType":"培训机构","gcj_lng":121.456818,"gcj_lat":31.224868,"wgs84_loc":"121.452245,31.22677","wgs84Lng":"121.452245","wgs84Lat":"31.22677","__source_file__":"13-常用公服设施点/SHP/上海市_培训机构.shp"},"geometry":{"type":"Point","coordinates":[121.452245,31.22677]}},{"id":"5518","type":"Feature","properties":{"id":"B0G257U6GM","name":"上海曼丁加巴西战舞中心","address":"茂名南路1号三楼自信舞蹈隔壁","type":"科教文化服务;培训机构;培训机构","typecode":"141400","pcode":310000,"pname":"上海市","citycode":21,"cityname":"上海市","adcode":310101,"adname":"黄浦区","business_a":"淮海路","location":"121.460847,31.223434","tel":"15867134387","bigType":"科教文化服务","midType":"培训机构","smallType":"培训机构","gcj_lng":121.460847,"gcj_lat":31.223434,"wgs84_loc":"121.456285,31.225346","wgs84Lng":"121.456285","wgs84Lat":"31.225346","__source_file__":"13-常用公服设施点/SHP/上海市_培训机构.shp"},"geometry":{"type":"Point","coordinates":[121.456285,31.225346]}},{"id":"5118","type":"Feature","properties":{"id":"B0FFGZXUNW","name":"上舞舞蹈工作坊(茂名南路店)","address":"茂名南路1号4层","type":"科教文化服务;培训机构;培训机构","typecode":"141400","pcode":310000,"pname":"上海市","citycode":21,"cityname":"上海市","adcode":310101,"adname":"黄浦区","business_a":"淮海路","location":"121.460775,31.223435","tel":"021-62037083;15201919559","bigType":"科教文化服务","midType":"培训机构","smallType":"培训机构","gcj_lng":121.460775,"gcj_lat":31.223435,"wgs84_loc":"121.456213,31.225347","wgs84Lng":"121.456213","wgs84Lat":"31.225347","__source_file__":"13-常用公服设施点/SHP/上海市_培训机构.shp"},"geometry":{"type":"Point","coordinates":[121.456213,31.225347]}},{"id":"5100","type":"Feature","properties":{"id":"B0FFH1027L","name":"CONFIDENCE自信舞蹈(茂名店)","address":"茂名南路1号三楼","type":"科教文化服务;培训机构;培训机构","typecode":"141400","pcode":310000,"pname":"上海市","citycode":21,"cityname":"上海市","adcode":310101,"adname":"黄浦区","business_a":"淮海路","location":"121.460815,31.223464","tel":"[]","bigType":"科教文化服务","midType":"培训机构","smallType":"培训机构","gcj_lng":121.460815,"gcj_lat":31.223464,"wgs84_loc":"121.456253,31.225376","wgs84Lng":"121.456253","wgs84Lat":"31.225376","__source_file__":"13-常用公服设施点/SHP/上海市_培训机构.shp"},"geometry":{"type":"Point","coordinates":[121.456253,31.225376]}},{"id":"5797","type":"Feature","properties":{"id":"B0FFHPNCWP","name":"天壹坊","address":"南京西路街道延安中路596号天意坊","type":"科教文化服务;培训机构;培训机构","typecode":"141400","pcode":310000,"pname":"上海市","citycode":21,"cityname":"上海市","adcode":310106,"adname":"静安区","business_a":"淮海路","location":"121.462711,31.224186","tel":"13916075362","bigType":"科教文化服务","midType":"培训机构","smallType":"培训机构","gcj_lng":121.462711,"gcj_lat":31.224186,"wgs84_loc":"121.458154,31.226103","wgs84Lng":"121.458154","wgs84Lat":"31.226103","__source_file__":"13-常用公服设施点/SHP/上海市_培训机构.shp"},"geometry":{"type":"Point","coordinates":[121.458154,31.226103]}},{"id":"5995","type":"Feature","properties":{"id":"B0FFFBXDRL","name":"杨之光美术·书法(静安校区)","address":"延安中路596号天壹坊302室","type":"科教文化服务;培训机构;培训机构","typecode":"141400","pcode":310000,"pname":"上海市","citycode":21,"cityname":"上海市","adcode":310106,"adname":"静安区","business_a":"淮海路","location":"121.462662,31.224265","tel":"021-52997323;17717912915","bigType":"科教文化服务","midType":"培训机构","smallType":"培训机构","gcj_lng":121.462662,"gcj_lat":31.224265,"wgs84_loc":"121.458105,31.226181","wgs84Lng":"121.458105","wgs84Lat":"31.226181","__source_file__":"13-常用公服设施点/SHP/上海市_培训机构.shp"},"geometry":{"type":"Point","coordinates":[121.458105,31.226181]}},{"id":"14730","type":"Feature","properties":{"id":"B0FFIB94Y8","name":"AnGo国际艺术设计留学作品集","address":"延安中路596号天壹坊创意园101-102-103室","type":"科教文化服务;培训机构;培训机构","typecode":"141400","pcode":310000,"pname":"上海市","citycode":21,"cityname":"上海市","adcode":310106,"adname":"静安区","business_a":"淮海路","location":"121.462505,31.224266","tel":"021-53555059;13816284500","bigType":"科教文化服务","midType":"培训机构","smallType":"培训机构","gcj_lng":121.462505,"gcj_lat":31.224266,"wgs84_loc":"121.457948,31.226182","wgs84Lng":"121.457948","wgs84Lat":"31.226182","__source_file__":"13-常用公服设施点/SHP/上海市_培训机构.shp"},"geometry":{"type":"Point","coordinates":[121.457948,31.226182]}},{"id":"9270","type":"Feature","properties":{"id":"B00156NVHT","name":"国宝鲁庵印泥","address":"石门一路13-15之1-2","type":"科教文化服务;培训机构;培训机构|科教文化服务;展览馆;展览馆","typecode":"141400|140200","pcode":310000,"pname":"上海市","citycode":21,"cityname":"上海市","adcode":310106,"adname":"静安区","business_a":"淮海路","location":"121.463024,31.224295","tel":"[]","bigType":"科教文化服务","midType":"培训机构","smallType":"培训机构|科教文化服务","gcj_lng":121.463024,"gcj_lat":31.224295,"wgs84_loc":"121.458468,31.226212","wgs84Lng":"121.458468","wgs84Lat":"31.226212","__source_file__":"13-常用公服设施点/SHP/上海市_培训机构.shp"},"geometry":{"type":"Point","coordinates":[121.458468,31.226212]}},{"id":"13550","type":"Feature","properties":{"id":"B0FFJQOMKF","name":"上海力源职业技术培训中心","address":"茂名北路148号威海大楼7层","type":"科教文化服务;培训机构;培训机构","typecode":"141400","pcode":310000,"pname":"上海市","citycode":21,"cityname":"上海市","adcode":310106,"adname":"静安区","business_a":"淮海路","location":"121.460194,31.226425","tel":"021-62589025","bigType":"科教文化服务","midType":"培训机构","smallType":"培训机构","gcj_lng":121.460194,"gcj_lat":31.226425,"wgs84_loc":"121.45563,31.228335","wgs84Lng":"121.45563","wgs84Lat":"31.228335","__source_file__":"13-常用公服设施点/SHP/上海市_培训机构.shp"},"geometry":{"type":"Point","coordinates":[121.45563,31.228335]}},{"id":"5950","type":"Feature","properties":{"id":"B0H65MMG53","name":"睿优三一学院","address":"晶采世纪大厦1701","type":"科教文化服务;培训机构;培训机构","typecode":"141400","pcode":310000,"pname":"上海市","citycode":21,"cityname":"上海市","adcode":310106,"adname":"静安区","business_a":"淮海路","location":"121.460971,31.226562","tel":"[]","bigType":"科教文化服务","midType":"培训机构","smallType":"培训机构","gcj_lng":121.460971,"gcj_lat":31.226562,"wgs84_loc":"121.456409,31.228473","wgs84Lng":"121.456409","wgs84Lat":"31.228473","__source_file__":"13-常用公服设施点/SHP/上海市_培训机构.shp"},"geometry":{"type":"Point","coordinates":[121.456409,31.228473]}},{"id":"5905","type":"Feature","properties":{"id":"B0FFJ4TI2X","name":"凯恩备考","address":"威海路567号晶采世纪大厦12楼A座","type":"科教文化服务;培训机构;培训机构","typecode":"141400","pcode":310000,"pname":"上海市","citycode":21,"cityname":"上海市","adcode":310106,"adname":"静安区","business_a":"淮海路","location":"121.461006,31.226627","tel":"[]","bigType":"科教文化服务","midType":"培训机构","smallType":"培训机构","gcj_lng":121.461006,"gcj_lat":31.226627,"wgs84_loc":"121.456444,31.228538","wgs84Lng":"121.456444","wgs84Lat":"31.228538","__source_file__":"13-常用公服设施点/SHP/上海市_培训机构.shp"},"geometry":{"type":"Point","coordinates":[121.456444,31.228538]}},{"id":"14016","type":"Feature","properties":{"id":"B00155IS2G","name":"育成翻译培训中心","address":"巨鹿路137鑫兴大厦6E","type":"科教文化服务;培训机构;培训机构","typecode":"141400","pcode":310000,"pname":"上海市","citycode":21,"cityname":"上海市","adcode":310101,"adname":"黄浦区","business_a":"淮海路","location":"121.466373,31.222686","tel":"[]","bigType":"科教文化服务","midType":"培训机构","smallType":"培训机构","gcj_lng":121.466373,"gcj_lat":31.222686,"wgs84_loc":"121.461827,31.224613","wgs84Lng":"121.461827","wgs84Lat":"31.224613","__source_file__":"13-常用公服设施点/SHP/上海市_培训机构.shp"},"geometry":{"type":"Point","coordinates":[121.461827,31.224613]}},{"id":"6271","type":"Feature","properties":{"id":"B0FFI82818","name":"中凯油画培训创作室","address":"大沽路中凯城市之光","type":"科教文化服务;培训机构;培训机构","typecode":"141400","pcode":310000,"pname":"上海市","citycode":21,"cityname":"上海市","adcode":310106,"adname":"静安区","business_a":"淮海路","location":"121.467262,31.225704","tel":"[]","bigType":"科教文化服务","midType":"培训机构","smallType":"培训机构","gcj_lng":121.467262,"gcj_lat":31.225704,"wgs84_loc":"121.462719,31.227631","wgs84Lng":"121.462719","wgs84Lat":"31.227631","__source_file__":"13-常用公服设施点/SHP/上海市_培训机构.shp"},"geometry":{"type":"Point","coordinates":[121.462719,31.227631]}},{"id":"14858","type":"Feature","properties":{"id":"B0FFJZ8HRZ","name":"Forbaby蒙特梭利双语幼托班Daycare(威海路中心)","address":"大沽路中凯城市之光23幢诚仕会所二楼","type":"科教文化服务;培训机构;培训机构","typecode":"141400","pcode":310000,"pname":"上海市","citycode":21,"cityname":"上海市","adcode":310106,"adname":"静安区","business_a":"淮海路","location":"121.466300,31.226340","tel":"13311936942","bigType":"科教文化服务","midType":"培训机构","smallType":"培训机构","gcj_lng":121.4663,"gcj_lat":31.22634,"wgs84_loc":"121.461754,31.228265","wgs84Lng":"121.461754","wgs84Lat":"31.228265","__source_file__":"13-常用公服设施点/SHP/上海市_培训机构.shp"},"geometry":{"type":"Point","coordinates":[121.461754,31.228265]}},{"id":"5855","type":"Feature","properties":{"id":"B0HA1LG5U1","name":"MyUniUni符号留学","address":"上海市静安区成都北路199号恒利国际大厦802室","type":"科教文化服务;培训机构;培训机构","typecode":"141400","pcode":310000,"pname":"上海市","citycode":21,"cityname":"上海市","adcode":310106,"adname":"静安区","business_a":"淮海路","location":"121.466629,31.227024","tel":"021-60496211","bigType":"科教文化服务","midType":"培训机构","smallType":"培训机构","gcj_lng":121.466629,"gcj_lat":31.227024,"wgs84_loc":"121.462084,31.228949","wgs84Lng":"121.462084","wgs84Lat":"31.228949","__source_file__":"13-常用公服设施点/SHP/上海市_培训机构.shp"},"geometry":{"type":"Point","coordinates":[121.462084,31.228949]}},{"id":"15843","type":"Feature","properties":{"id":"B0G0TUG3TQ","name":"日音排练室(威海路店)","address":"威海路167号后门","type":"科教文化服务;培训机构;培训机构","typecode":"141400","pcode":310000,"pname":"上海市","citycode":21,"cityname":"上海市","adcode":310101,"adname":"黄浦区","business_a":"北京东路","location":"121.468084,31.227280","tel":"[]","bigType":"科教文化服务","midType":"培训机构","smallType":"培训机构","gcj_lng":121.468084,"gcj_lat":31.22728,"wgs84_loc":"121.463543,31.229209","wgs84Lng":"121.463543","wgs84Lat":"31.229209","__source_file__":"13-常用公服设施点/SHP/上海市_培训机构.shp"},"geometry":{"type":"Point","coordinates":[121.463543,31.229209]}},{"id":"5350","type":"Feature","properties":{"id":"B0FFF5DGPD","name":"天道教育(上海店)","address":"黄陂北路227中区广场20-21层","type":"科教文化服务;培训机构;培训机构","typecode":"141400","pcode":310000,"pname":"上海市","citycode":21,"cityname":"上海市","adcode":310101,"adname":"黄浦区","business_a":"淮海路","location":"121.470474,31.229269","tel":"[]","bigType":"科教文化服务","midType":"培训机构","smallType":"培训机构","gcj_lng":121.470474,"gcj_lat":31.229269,"wgs84_loc":"121.465941,31.231203","wgs84Lng":"121.465941","wgs84Lat":"31.231203","__source_file__":"13-常用公服设施点/SHP/上海市_培训机构.shp"},"geometry":{"type":"Point","coordinates":[121.465941,31.231203]}},{"id":"16551","type":"Feature","properties":{"id":"B0FFHPPX54","name":"天道留学","address":"黄陂北路227号中区广场8楼","type":"科教文化服务;培训机构;培训机构","typecode":"141400","pcode":310000,"pname":"上海市","citycode":21,"cityname":"上海市","adcode":310101,"adname":"黄浦区","business_a":"北京东路","location":"121.470504,31.229276","tel":"[]","bigType":"科教文化服务","midType":"培训机构","smallType":"培训机构","gcj_lng":121.470504,"gcj_lat":31.229276,"wgs84_loc":"121.465971,31.23121","wgs84Lng":"121.465971","wgs84Lat":"31.23121","__source_file__":"13-常用公服设施点/SHP/上海市_培训机构.shp"},"geometry":{"type":"Point","coordinates":[121.465971,31.23121]}},{"id":"17311","type":"Feature","properties":{"id":"B0FFHK8UGL","name":"天道教育留学","address":"黄陂北路227号中区广场7楼","type":"科教文化服务;培训机构;培训机构","typecode":"141400","pcode":310000,"pname":"上海市","citycode":21,"cityname":"上海市","adcode":310101,"adname":"黄浦区","business_a":"北京东路","location":"121.470581,31.229655","tel":"[]","bigType":"科教文化服务","midType":"培训机构","smallType":"培训机构","gcj_lng":121.470581,"gcj_lat":31.229655,"wgs84_loc":"121.466048,31.231589","wgs84Lng":"121.466048","wgs84Lat":"31.231589","__source_file__":"13-常用公服设施点/SHP/上海市_培训机构.shp"},"geometry":{"type":"Point","coordinates":[121.466048,31.231589]}},{"id":"5526","type":"Feature","properties":{"id":"B0FFM3W4UE","name":"汲趣艺术(人民广场体验中心)","address":"南京西路389号明天广场机遇中心三楼","type":"科教文化服务;培训机构;培训机构","typecode":"141400","pcode":310000,"pname":"上海市","citycode":21,"cityname":"上海市","adcode":310101,"adname":"黄浦区","business_a":"北京东路","location":"121.470121,31.230266","tel":"17317978446","bigType":"科教文化服务","midType":"培训机构","smallType":"培训机构","gcj_lng":121.470121,"gcj_lat":31.230266,"wgs84_loc":"121.465586,31.232199","wgs84Lng":"121.465586","wgs84Lat":"31.232199","__source_file__":"13-常用公服设施点/SHP/上海市_培训机构.shp"},"geometry":{"type":"Point","coordinates":[121.465586,31.232199]}},{"id":"18241","type":"Feature","properties":{"id":"B0I1VUXURK","name":"刺猬教育科技","address":"南京西路389号机遇空间2楼","type":"科教文化服务;培训机构;培训机构","typecode":"141400","pcode":310000,"pname":"上海市","citycode":21,"cityname":"上海市","adcode":310101,"adname":"黄浦区","business_a":"北京东路","location":"121.469688,31.230371","tel":"[]","bigType":"科教文化服务","midType":"培训机构","smallType":"培训机构","gcj_lng":121.469688,"gcj_lat":31.230371,"wgs84_loc":"121.465152,31.232303","wgs84Lng":"121.465152","wgs84Lat":"31.232303","__source_file__":"13-常用公服设施点/SHP/上海市_培训机构.shp"},"geometry":{"type":"Point","coordinates":[121.465152,31.232303]}},{"id":"15866","type":"Feature","properties":{"id":"B00155KLKI","name":"拓思教育(陕西北路)","address":"陕西北路66号科恩国际中心14层03室","type":"科教文化服务;培训机构;培训机构","typecode":"141400","pcode":310000,"pname":"上海市","citycode":21,"cityname":"上海市","adcode":310106,"adname":"静安区","business_a":"淮海路","location":"121.456832,31.224905","tel":"[]","bigType":"科教文化服务","midType":"培训机构","smallType":"培训机构","gcj_lng":121.456832,"gcj_lat":31.224905,"wgs84_loc":"121.452259,31.226807","wgs84Lng":"121.452259","wgs84Lat":"31.226807","__source_file__":"13-常用公服设施点/SHP/上海市_培训机构.shp"},"geometry":{"type":"Point","coordinates":[121.452259,31.226807]}},{"id":"5996","type":"Feature","properties":{"id":"B0FFI015VP","name":"谨福教育","address":"陕西北路66号科恩国际中心1408室","type":"科教文化服务;培训机构;培训机构","typecode":"141400","pcode":310000,"pname":"上海市","citycode":21,"cityname":"上海市","adcode":310106,"adname":"静安区","business_a":"淮海路","location":"121.456760,31.224960","tel":"13818827763","bigType":"科教文化服务","midType":"培训机构","smallType":"培训机构","gcj_lng":121.45676,"gcj_lat":31.22496,"wgs84_loc":"121.452187,31.226862","wgs84Lng":"121.452187","wgs84Lat":"31.226862","__source_file__":"13-常用公服设施点/SHP/上海市_培训机构.shp"},"geometry":{"type":"Point","coordinates":[121.452187,31.226862]}},{"id":"12602","type":"Feature","properties":{"id":"B0FFGJ9JBQ","name":"新民晚报教育活动中心","address":"威海路755号上海报业集团17楼","type":"科教文化服务;培训机构;培训机构","typecode":"141400","pcode":310000,"pname":"上海市","citycode":21,"cityname":"上海市","adcode":310106,"adname":"静安区","business_a":"淮海路","location":"121.457482,31.225607","tel":"[]","bigType":"科教文化服务","midType":"培训机构","smallType":"培训机构","gcj_lng":121.457482,"gcj_lat":31.225607,"wgs84_loc":"121.45291,31.227511","wgs84Lng":"121.45291","wgs84Lat":"31.227511","__source_file__":"13-常用公服设施点/SHP/上海市_培训机构.shp"},"geometry":{"type":"Point","coordinates":[121.45291,31.227511]}},{"id":"14474","type":"Feature","properties":{"id":"B00154TQCE","name":"上海PCEC东亚学院","address":"陕西北路128上海民主党派大厦5层","type":"科教文化服务;培训机构;培训机构","typecode":"141400","pcode":310000,"pname":"上海市","citycode":21,"cityname":"上海市","adcode":310106,"adname":"静安区","business_a":"淮海路","location":"121.456338,31.226272","tel":"[]","bigType":"科教文化服务","midType":"培训机构","smallType":"培训机构","gcj_lng":121.456338,"gcj_lat":31.226272,"wgs84_loc":"121.451763,31.228173","wgs84Lng":"121.451763","wgs84Lat":"31.228173","__source_file__":"13-常用公服设施点/SHP/上海市_培训机构.shp"},"geometry":{"type":"Point","coordinates":[121.451763,31.228173]}},{"id":"5772","type":"Feature","properties":{"id":"B0FFFQNPQR","name":"新晋界艺术空间","address":"南京西路1191号1乙","type":"科教文化服务;培训机构;培训机构","typecode":"141400","pcode":310000,"pname":"上海市","citycode":21,"cityname":"上海市","adcode":310106,"adname":"静安区","business_a":"淮海路","location":"121.455000,31.227165","tel":"18616816519","bigType":"科教文化服务","midType":"培训机构","smallType":"培训机构","gcj_lng":121.455,"gcj_lat":31.227165,"wgs84_loc":"121.450422,31.229062","wgs84Lng":"121.450422","wgs84Lat":"31.229062","__source_file__":"13-常用公服设施点/SHP/上海市_培训机构.shp"},"geometry":{"type":"Point","coordinates":[121.450422,31.229062]}},{"id":"17457","type":"Feature","properties":{"id":"B0HRORNN2H","name":"明谦咖啡学院","address":"陕西北路204号重华小区甲栋4层","type":"科教文化服务;培训机构;培训机构","typecode":"141400","pcode":310000,"pname":"上海市","citycode":21,"cityname":"上海市","adcode":310106,"adname":"静安区","business_a":"淮海路","location":"121.455537,31.227207","tel":"[]","bigType":"科教文化服务","midType":"培训机构","smallType":"培训机构","gcj_lng":121.455537,"gcj_lat":31.227207,"wgs84_loc":"121.45096,31.229105","wgs84Lng":"121.45096","wgs84Lat":"31.229105","__source_file__":"13-常用公服设施点/SHP/上海市_培训机构.shp"},"geometry":{"type":"Point","coordinates":[121.45096,31.229105]}},{"id":"6095","type":"Feature","properties":{"id":"B0FFIWV6ED","name":"万通教育集团(中信泰富广场店)","address":"南京西路1168号中信泰富广场F27","type":"科教文化服务;培训机构;培训机构","typecode":"141400","pcode":310000,"pname":"上海市","citycode":21,"cityname":"上海市","adcode":310106,"adname":"静安区","business_a":"淮海路","location":"121.455631,31.228256","tel":"021-64397076","bigType":"科教文化服务","midType":"培训机构","smallType":"培训机构","gcj_lng":121.455631,"gcj_lat":31.228256,"wgs84_loc":"121.451054,31.230154","wgs84Lng":"121.451054","wgs84Lat":"31.230154","__source_file__":"13-常用公服设施点/SHP/上海市_培训机构.shp"},"geometry":{"type":"Point","coordinates":[121.451054,31.230154]}},{"id":"15633","type":"Feature","properties":{"id":"B0FFGJ9QDG","name":"澳盛教育","address":"1168号中信泰富广场1403","type":"科教文化服务;培训机构;培训机构","typecode":"141400","pcode":310000,"pname":"上海市","citycode":21,"cityname":"上海市","adcode":310106,"adname":"静安区","business_a":"淮海路","location":"121.455725,31.228313","tel":"[]","bigType":"科教文化服务","midType":"培训机构","smallType":"培训机构","gcj_lng":121.455725,"gcj_lat":31.228313,"wgs84_loc":"121.451148,31.230211","wgs84Lng":"121.451148","wgs84Lat":"31.230211","__source_file__":"13-常用公服设施点/SHP/上海市_培训机构.shp"},"geometry":{"type":"Point","coordinates":[121.451148,31.230211]}},{"id":"6310","type":"Feature","properties":{"id":"B0HRRHU189","name":"学畅教育(中信泰富广场店)","address":"南京西路1168号","type":"科教文化服务;培训机构;培训机构","typecode":"141400","pcode":310000,"pname":"上海市","citycode":21,"cityname":"上海市","adcode":310106,"adname":"静安区","business_a":"淮海路","location":"121.455679,31.228441","tel":"17887904910","bigType":"科教文化服务","midType":"培训机构","smallType":"培训机构","gcj_lng":121.455679,"gcj_lat":31.228441,"wgs84_loc":"121.451102,31.230339","wgs84Lng":"121.451102","wgs84Lat":"31.230339","__source_file__":"13-常用公服设施点/SHP/上海市_培训机构.shp"},"geometry":{"type":"Point","coordinates":[121.451102,31.230339]}},{"id":"5933","type":"Feature","properties":{"id":"B0FFKFX37T","name":"赢在起点早教中心(静安金鹰国际校区)","address":"陕西北路278号金鹰国际购物广场2楼(南京西路口)","type":"科教文化服务;培训机构;培训机构","typecode":"141400","pcode":310000,"pname":"上海市","citycode":21,"cityname":"上海市","adcode":310106,"adname":"静安区","business_a":"淮海路","location":"121.455236,31.228538","tel":"4008880268","bigType":"科教文化服务","midType":"培训机构","smallType":"培训机构","gcj_lng":121.455236,"gcj_lat":31.228538,"wgs84_loc":"121.450658,31.230435","wgs84Lng":"121.450658","wgs84Lat":"31.230435","__source_file__":"13-常用公服设施点/SHP/上海市_培训机构.shp"},"geometry":{"type":"Point","coordinates":[121.450658,31.230435]}},{"id":"5880","type":"Feature","properties":{"id":"B0HUTZXXJK","name":"GH5 DANCE STUDIO(丰盛里店)","address":"茂名北路丰盛里229弄3号2层","type":"科教文化服务;培训机构;培训机构","typecode":"141400","pcode":310000,"pname":"上海市","citycode":21,"cityname":"上海市","adcode":310106,"adname":"静安区","business_a":"淮海路","location":"121.459303,31.227445","tel":"021-62402010","bigType":"科教文化服务","midType":"培训机构","smallType":"培训机构","gcj_lng":121.459303,"gcj_lat":31.227445,"wgs84_loc":"121.454736,31.229352","wgs84Lng":"121.454736","wgs84Lat":"31.229352","__source_file__":"13-常用公服设施点/SHP/上海市_培训机构.shp"},"geometry":{"type":"Point","coordinates":[121.454736,31.229352]}},{"id":"6006","type":"Feature","properties":{"id":"B0H1URZ3CA","name":"GH5舞蹈工作室","address":"茂名北路与威海路交叉口西北约100米","type":"科教文化服务;培训机构;培训机构","typecode":"141400","pcode":310000,"pname":"上海市","citycode":21,"cityname":"上海市","adcode":310106,"adname":"静安区","business_a":"淮海路","location":"121.459259,31.227497","tel":"[]","bigType":"科教文化服务","midType":"培训机构","smallType":"培训机构","gcj_lng":121.459259,"gcj_lat":31.227497,"wgs84_loc":"121.454692,31.229404","wgs84Lng":"121.454692","wgs84Lat":"31.229404","__source_file__":"13-常用公服设施点/SHP/上海市_培训机构.shp"},"geometry":{"type":"Point","coordinates":[121.454692,31.229404]}},{"id":"17452","type":"Feature","properties":{"id":"B0GUJ1SG5H","name":"昕美留学","address":"石门一路211号旺旺大厦6楼","type":"科教文化服务;培训机构;培训机构","typecode":"141400","pcode":310000,"pname":"上海市","citycode":21,"cityname":"上海市","adcode":310106,"adname":"静安区","business_a":"淮海路","location":"121.462137,31.227851","tel":"[]","bigType":"科教文化服务","midType":"培训机构","smallType":"培训机构","gcj_lng":121.462137,"gcj_lat":31.227851,"wgs84_loc":"121.457578,31.229765","wgs84Lng":"121.457578","wgs84Lat":"31.229765","__source_file__":"13-常用公服设施点/SHP/上海市_培训机构.shp"},"geometry":{"type":"Point","coordinates":[121.457578,31.229765]}},{"id":"6005","type":"Feature","properties":{"id":"B0H2PHOB3M","name":"一知研习社","address":"青海路118号云海苑办公楼20层","type":"科教文化服务;培训机构;培训机构","typecode":"141400","pcode":310000,"pname":"上海市","citycode":21,"cityname":"上海市","adcode":310106,"adname":"静安区","business_a":"淮海路","location":"121.464475,31.228805","tel":"13916319622;15317056513","bigType":"科教文化服务","midType":"培训机构","smallType":"培训机构","gcj_lng":121.464475,"gcj_lat":31.228805,"wgs84_loc":"121.459923,31.230724","wgs84Lng":"121.459923","wgs84Lat":"31.230724","__source_file__":"13-常用公服设施点/SHP/上海市_培训机构.shp"},"geometry":{"type":"Point","coordinates":[121.459923,31.230724]}},{"id":"5781","type":"Feature","properties":{"id":"B0H2RB05IX","name":"FANCYFANCY舞蹈教室(兴业太古汇店)","address":"南京西路789号兴业太古汇商场地铁廊M18号","type":"科教文化服务;培训机构;培训机构","typecode":"141400","pcode":310000,"pname":"上海市","citycode":21,"cityname":"上海市","adcode":310106,"adname":"静安区","business_a":"淮海路","location":"121.463017,31.228838","tel":"13052535351","bigType":"科教文化服务","midType":"培训机构","smallType":"培训机构","gcj_lng":121.463017,"gcj_lat":31.228838,"wgs84_loc":"121.458461,31.230753","wgs84Lng":"121.458461","wgs84Lat":"31.230753","__source_file__":"13-常用公服设施点/SHP/上海市_培训机构.shp"},"geometry":{"type":"Point","coordinates":[121.458461,31.230753]}},{"id":"5679","type":"Feature","properties":{"id":"B0FFHVXKS8","name":"芳赛法语培训中心","address":"青海路118号云海苑办公楼16楼(近南京西路)","type":"科教文化服务;培训机构;培训机构","typecode":"141400","pcode":310000,"pname":"上海市","citycode":21,"cityname":"上海市","adcode":310106,"adname":"静安区","business_a":"淮海路","location":"121.464386,31.228950","tel":"18516265310","bigType":"科教文化服务","midType":"培训机构","smallType":"培训机构","gcj_lng":121.464386,"gcj_lat":31.22895,"wgs84_loc":"121.459834,31.230869","wgs84Lng":"121.459834","wgs84Lat":"31.230869","__source_file__":"13-常用公服设施点/SHP/上海市_培训机构.shp"},"geometry":{"type":"Point","coordinates":[121.459834,31.230869]}},{"id":"5792","type":"Feature","properties":{"id":"B0FFKQWMBG","name":"稻承日语(南京西路店)","address":"青海路118号11楼","type":"科教文化服务;培训机构;培训机构","typecode":"141400","pcode":310000,"pname":"上海市","citycode":21,"cityname":"上海市","adcode":310106,"adname":"静安区","business_a":"淮海路","location":"121.464504,31.229001","tel":"021-52806009;021-62307088","bigType":"科教文化服务","midType":"培训机构","smallType":"培训机构","gcj_lng":121.464504,"gcj_lat":31.229001,"wgs84_loc":"121.459952,31.23092","wgs84Lng":"121.459952","wgs84Lat":"31.23092","__source_file__":"13-常用公服设施点/SHP/上海市_培训机构.shp"},"geometry":{"type":"Point","coordinates":[121.459952,31.23092]}},{"id":"5945","type":"Feature","properties":{"id":"B0HDBAFPTA","name":"源艺·绘馆","address":"青海路118号云海苑办公楼4楼","type":"科教文化服务;培训机构;培训机构","typecode":"141400","pcode":310000,"pname":"上海市","citycode":21,"cityname":"上海市","adcode":310106,"adname":"静安区","business_a":"淮海路","location":"121.464454,31.229082","tel":"18717738346","bigType":"科教文化服务","midType":"培训机构","smallType":"培训机构","gcj_lng":121.464454,"gcj_lat":31.229082,"wgs84_loc":"121.459902,31.231001","wgs84Lng":"121.459902","wgs84Lat":"31.231001","__source_file__":"13-常用公服设施点/SHP/上海市_培训机构.shp"},"geometry":{"type":"Point","coordinates":[121.459902,31.231001]}},{"id":"15211","type":"Feature","properties":{"id":"B0H645HZTM","name":"cpef法国留学中心","address":"青海路118号25层","type":"科教文化服务;培训机构;培训机构","typecode":"141400","pcode":310000,"pname":"上海市","citycode":21,"cityname":"上海市","adcode":310106,"adname":"静安区","business_a":"淮海路","location":"121.464436,31.229094","tel":"021-55890060","bigType":"科教文化服务","midType":"培训机构","smallType":"培训机构","gcj_lng":121.464436,"gcj_lat":31.229094,"wgs84_loc":"121.459884,31.231013","wgs84Lng":"121.459884","wgs84Lat":"31.231013","__source_file__":"13-常用公服设施点/SHP/上海市_培训机构.shp"},"geometry":{"type":"Point","coordinates":[121.459884,31.231013]}},{"id":"6289","type":"Feature","properties":{"id":"B0IGKRK2GY","name":"Forbaby蒙特梭利双语幼托班Daycare","address":"青海路118号云海苑办公楼4层","type":"科教文化服务;培训机构;培训机构","typecode":"141400","pcode":310000,"pname":"上海市","citycode":21,"cityname":"上海市","adcode":310106,"adname":"静安区","business_a":"淮海路","location":"121.464434,31.229112","tel":"13311936942","bigType":"科教文化服务","midType":"培训机构","smallType":"培训机构","gcj_lng":121.464434,"gcj_lat":31.229112,"wgs84_loc":"121.459882,31.231031","wgs84Lng":"121.459882","wgs84Lat":"31.231031","__source_file__":"13-常用公服设施点/SHP/上海市_培训机构.shp"},"geometry":{"type":"Point","coordinates":[121.459882,31.231031]}},{"id":"17481","type":"Feature","properties":{"id":"B0HRJ1R3F4","name":"柏树苗的指尖生活·英皇钢琴工作室","address":"南京西路与南汇路交叉口西南20米","type":"科教文化服务;培训机构;培训机构","typecode":"141400","pcode":310000,"pname":"上海市","citycode":21,"cityname":"上海市","adcode":310106,"adname":"静安区","business_a":"淮海路","location":"121.457598,31.228674","tel":"[]","bigType":"科教文化服务","midType":"培训机构","smallType":"培训机构","gcj_lng":121.457598,"gcj_lat":31.228674,"wgs84_loc":"121.453027,31.230576","wgs84Lng":"121.453027","wgs84Lat":"31.230576","__source_file__":"13-常用公服设施点/SHP/上海市_培训机构.shp"},"geometry":{"type":"Point","coordinates":[121.453027,31.230576]}},{"id":"5970","type":"Feature","properties":{"id":"B0FFLEM81O","name":"四维优课","address":"南京西路993号1201室","type":"科教文化服务;培训机构;培训机构","typecode":"141400","pcode":310000,"pname":"上海市","citycode":21,"cityname":"上海市","adcode":310106,"adname":"静安区","business_a":"淮海路","location":"121.458755,31.228737","tel":"13621694727","bigType":"科教文化服务","midType":"培训机构","smallType":"培训机构","gcj_lng":121.458755,"gcj_lat":31.228737,"wgs84_loc":"121.454187,31.230642","wgs84Lng":"121.454187","wgs84Lat":"31.230642","__source_file__":"13-常用公服设施点/SHP/上海市_培训机构.shp"},"geometry":{"type":"Point","coordinates":[121.454187,31.230642]}},{"id":"5724","type":"Feature","properties":{"id":"B0HD2LE9IZ","name":"BodySoul舞蹈工作室（南京西路梅龙镇店）","address":"南京西路1038号梅龙镇广场4层405-409","type":"科教文化服务;培训机构;培训机构","typecode":"141400","pcode":310000,"pname":"上海市","citycode":21,"cityname":"上海市","adcode":310106,"adname":"静安区","business_a":"淮海路","location":"121.456595,31.228807","tel":"021-62372800;021-62312800;18221505830","bigType":"科教文化服务","midType":"培训机构","smallType":"培训机构","gcj_lng":121.456595,"gcj_lat":31.228807,"wgs84_loc":"121.452021,31.230707","wgs84Lng":"121.452021","wgs84Lat":"31.230707","__source_file__":"13-常用公服设施点/SHP/上海市_培训机构.shp"},"geometry":{"type":"Point","coordinates":[121.452021,31.230707]}},{"id":"6234","type":"Feature","properties":{"id":"B0FFHW6N22","name":"MUMA儿童艺术(静安店)","address":"南京西路993号11楼(近12号线南京西路站14号口)","type":"科教文化服务;培训机构;培训机构","typecode":"141400","pcode":310000,"pname":"上海市","citycode":21,"cityname":"上海市","adcode":310106,"adname":"静安区","business_a":"淮海路","location":"121.458459,31.228907","tel":"19538887401;19542921775","bigType":"科教文化服务","midType":"培训机构","smallType":"培训机构","gcj_lng":121.458459,"gcj_lat":31.228907,"wgs84_loc":"121.45389,31.230811","wgs84Lng":"121.45389","wgs84Lat":"31.230811","__source_file__":"13-常用公服设施点/SHP/上海市_培训机构.shp"},"geometry":{"type":"Point","coordinates":[121.45389,31.230811]}},{"id":"5987","type":"Feature","properties":{"id":"B00155GLTV","name":"通利音乐艺术专修学校","address":"南京西路993号锦江向阳大楼","type":"科教文化服务;培训机构;培训机构","typecode":"141400","pcode":310000,"pname":"上海市","citycode":21,"cityname":"上海市","adcode":310106,"adname":"静安区","business_a":"淮海路","location":"121.458560,31.228909","tel":"[]","bigType":"科教文化服务","midType":"培训机构","smallType":"培训机构","gcj_lng":121.45856,"gcj_lat":31.228909,"wgs84_loc":"121.453991,31.230814","wgs84Lng":"121.453991","wgs84Lat":"31.230814","__source_file__":"13-常用公服设施点/SHP/上海市_培训机构.shp"},"geometry":{"type":"Point","coordinates":[121.453991,31.230814]}},{"id":"17266","type":"Feature","properties":{"id":"B0FFHOCL2L","name":"华尔街英语(梅龙镇广场)","address":"南京西路1038号梅龙镇广场F9层901C","type":"科教文化服务;培训机构;培训机构|公司企业;公司;公司","typecode":"141400|170200","pcode":310000,"pname":"上海市","citycode":21,"cityname":"上海市","adcode":310106,"adname":"静安区","business_a":"淮海路","location":"121.456704,31.229187","tel":"021-57075311","bigType":"科教文化服务","midType":"培训机构","smallType":"培训机构|公司企业","gcj_lng":121.456704,"gcj_lat":31.229187,"wgs84_loc":"121.45213,31.231087","wgs84Lng":"121.45213","wgs84Lat":"31.231087","__source_file__":"13-常用公服设施点/SHP/上海市_培训机构.shp"},"geometry":{"type":"Point","coordinates":[121.45213,31.231087]}},{"id":"6252","type":"Feature","properties":{"id":"B0FFMCDVES","name":"Min舞nicolle","address":"江宁路81号5楼","type":"科教文化服务;培训机构;培训机构","typecode":"141400","pcode":310000,"pname":"上海市","citycode":21,"cityname":"上海市","adcode":310106,"adname":"静安区","business_a":"淮海路","location":"121.455138,31.229224","tel":"13601973826","bigType":"科教文化服务","midType":"培训机构","smallType":"培训机构","gcj_lng":121.455138,"gcj_lat":31.229224,"wgs84_loc":"121.45056,31.231121","wgs84Lng":"121.45056","wgs84Lat":"31.231121","__source_file__":"13-常用公服设施点/SHP/上海市_培训机构.shp"},"geometry":{"type":"Point","coordinates":[121.45056,31.231121]}},{"id":"10745","type":"Feature","properties":{"id":"B0H3JC3M1N","name":"励臻留学(梅龙镇广场店)","address":"南京西路1038号梅龙镇广场1907室","type":"科教文化服务;培训机构;培训机构","typecode":"141400","pcode":310000,"pname":"上海市","citycode":21,"cityname":"上海市","adcode":310106,"adname":"静安区","business_a":"淮海路","location":"121.456992,31.229317","tel":"[]","bigType":"科教文化服务","midType":"培训机构","smallType":"培训机构","gcj_lng":121.456992,"gcj_lat":31.229317,"wgs84_loc":"121.452419,31.231218","wgs84Lng":"121.452419","wgs84Lat":"31.231218","__source_file__":"13-常用公服设施点/SHP/上海市_培训机构.shp"},"geometry":{"type":"Point","coordinates":[121.452419,31.231218]}},{"id":"13613","type":"Feature","properties":{"id":"B0FFGJ9EJ5","name":"断点艺术南京路工作室(梅龙镇店)","address":"南汇路与奉贤路交叉口南40米","type":"科教文化服务;培训机构;培训机构","typecode":"141400","pcode":310000,"pname":"上海市","citycode":21,"cityname":"上海市","adcode":310106,"adname":"静安区","business_a":"淮海路","location":"121.457059,31.229466","tel":"[]","bigType":"科教文化服务","midType":"培训机构","smallType":"培训机构","gcj_lng":121.457059,"gcj_lat":31.229466,"wgs84_loc":"121.452486,31.231367","wgs84Lng":"121.452486","wgs84Lat":"31.231367","__source_file__":"13-常用公服设施点/SHP/上海市_培训机构.shp"},"geometry":{"type":"Point","coordinates":[121.452486,31.231367]}},{"id":"6127","type":"Feature","properties":{"id":"B0H0JZVDMO","name":"BYC舞蹈俱乐部","address":"江宁路66号2F美琪大戏院二楼","type":"科教文化服务;培训机构;培训机构","typecode":"141400","pcode":310000,"pname":"上海市","citycode":21,"cityname":"上海市","adcode":310106,"adname":"静安区","business_a":"淮海路","location":"121.455868,31.229505","tel":"18616621728","bigType":"科教文化服务","midType":"培训机构","smallType":"培训机构","gcj_lng":121.455868,"gcj_lat":31.229505,"wgs84_loc":"121.451292,31.231403","wgs84Lng":"121.451292","wgs84Lat":"31.231403","__source_file__":"13-常用公服设施点/SHP/上海市_培训机构.shp"},"geometry":{"type":"Point","coordinates":[121.451292,31.231403]}},{"id":"9265","type":"Feature","properties":{"id":"B0HA7L085F","name":"小海狮国际游泳培训","address":"吴江路169号b115","type":"科教文化服务;培训机构;培训机构","typecode":"141400","pcode":310000,"pname":"上海市","citycode":21,"cityname":"上海市","adcode":310106,"adname":"静安区","business_a":"淮海路","location":"121.460188,31.229383","tel":"[]","bigType":"科教文化服务","midType":"培训机构","smallType":"培训机构","gcj_lng":121.460188,"gcj_lat":31.229383,"wgs84_loc":"121.455624,31.231291","wgs84Lng":"121.455624","wgs84Lat":"31.231291","__source_file__":"13-常用公服设施点/SHP/上海市_培训机构.shp"},"geometry":{"type":"Point","coordinates":[121.455624,31.231291]}},{"id":"6050","type":"Feature","properties":{"id":"B0GKU5HWDX","name":"码趣学院","address":"上海市静安区吴江路188号 静安新时代大厦 11F","type":"科教文化服务;培训机构;培训机构","typecode":"141400","pcode":310000,"pname":"上海市","citycode":21,"cityname":"上海市","adcode":310106,"adname":"静安区","business_a":"淮海路","location":"121.460071,31.230024","tel":"4001685070","bigType":"科教文化服务","midType":"培训机构","smallType":"培训机构","gcj_lng":121.460071,"gcj_lat":31.230024,"wgs84_loc":"121.455506,31.231932","wgs84Lng":"121.455506","wgs84Lat":"31.231932","__source_file__":"13-常用公服设施点/SHP/上海市_培训机构.shp"},"geometry":{"type":"Point","coordinates":[121.455506,31.231932]}},{"id":"6102","type":"Feature","properties":{"id":"B0HRLX4Q4A","name":"星晴画室·专业系统美术教学","address":"吴江路与泰兴路交叉口东北约80米","type":"科教文化服务;培训机构;培训机构","typecode":"141400","pcode":310000,"pname":"上海市","citycode":21,"cityname":"上海市","adcode":310106,"adname":"静安区","business_a":"淮海路","location":"121.460170,31.230030","tel":"[]","bigType":"科教文化服务","midType":"培训机构","smallType":"培训机构","gcj_lng":121.46017,"gcj_lat":31.23003,"wgs84_loc":"121.455606,31.231938","wgs84Lng":"121.455606","wgs84Lat":"31.231938","__source_file__":"13-常用公服设施点/SHP/上海市_培训机构.shp"},"geometry":{"type":"Point","coordinates":[121.455606,31.231938]}},{"id":"17288","type":"Feature","properties":{"id":"B0FFHJQ0ED","name":"美勤留学","address":"静安新时代大厦12层","type":"科教文化服务;培训机构;培训机构|生活服务;生活服务场所;生活服务场所","typecode":"141400|070000","pcode":310000,"pname":"上海市","citycode":21,"cityname":"上海市","adcode":310106,"adname":"静安区","business_a":"淮海路","location":"121.460222,31.230094","tel":"021-62898862;021-62890050","bigType":"科教文化服务","midType":"培训机构","smallType":"培训机构|生活服务","gcj_lng":121.460222,"gcj_lat":31.230094,"wgs84_loc":"121.455658,31.232002","wgs84Lng":"121.455658","wgs84Lat":"31.232002","__source_file__":"13-常用公服设施点/SHP/上海市_培训机构.shp"},"geometry":{"type":"Point","coordinates":[121.455658,31.232002]}},{"id":"94","type":"Feature","properties":{"id":"B0FFI01093","name":"链家培训中心","address":"南京西路699号东方投资大厦28楼","type":"科教文化服务;培训机构;培训机构","typecode":"141400","pcode":310000,"pname":"上海市","citycode":21,"cityname":"上海市","adcode":310106,"adname":"静安区","business_a":"淮海路","location":"121.463372,31.230225","tel":"021-51122812","bigType":"科教文化服务","midType":"培训机构","smallType":"培训机构","gcj_lng":121.463372,"gcj_lat":31.230225,"wgs84_loc":"121.458817,31.23214","wgs84Lng":"121.458817","wgs84Lat":"31.23214","__source_file__":"13-常用公服设施点/SHP/上海市_培训机构.shp"},"geometry":{"type":"Point","coordinates":[121.458817,31.23214]}},{"id":"5736","type":"Feature","properties":{"id":"B0FFMAXCVP","name":"散人研习社(南京西路店)","address":"南京西路920号6层A602室","type":"科教文化服务;培训机构;培训机构","typecode":"141400","pcode":310000,"pname":"上海市","citycode":21,"cityname":"上海市","adcode":310106,"adname":"静安区","business_a":"淮海路","location":"121.459271,31.230374","tel":"15221215515","bigType":"科教文化服务","midType":"培训机构","smallType":"培训机构","gcj_lng":121.459271,"gcj_lat":31.230374,"wgs84_loc":"121.454704,31.23228","wgs84Lng":"121.454704","wgs84Lat":"31.23228","__source_file__":"13-常用公服设施点/SHP/上海市_培训机构.shp"},"geometry":{"type":"Point","coordinates":[121.454704,31.23228]}},{"id":"12976","type":"Feature","properties":{"id":"B0FFFSYJ02","name":"鄉音书苑","address":"南京西路860弄1号","type":"科教文化服务;培训机构;培训机构","typecode":"141400","pcode":310000,"pname":"上海市","citycode":21,"cityname":"上海市","adcode":310106,"adname":"静安区","business_a":"淮海路","location":"121.460173,31.230924","tel":"021-62563325","bigType":"科教文化服务","midType":"培训机构","smallType":"培训机构","gcj_lng":121.460173,"gcj_lat":31.230924,"wgs84_loc":"121.455608,31.232831","wgs84Lng":"121.455608","wgs84Lat":"31.232831","__source_file__":"13-常用公服设施点/SHP/上海市_培训机构.shp"},"geometry":{"type":"Point","coordinates":[121.455608,31.232831]}},{"id":"16650","type":"Feature","properties":{"id":"B0FFIVONQT","name":"樱知叶教育","address":"南京西路580号仲益大厦A座3901室","type":"科教文化服务;培训机构;培训机构","typecode":"141400","pcode":310000,"pname":"上海市","citycode":21,"cityname":"上海市","adcode":310106,"adname":"静安区","business_a":"淮海路","location":"121.466128,31.231245","tel":"[]","bigType":"科教文化服务","midType":"培训机构","smallType":"培训机构","gcj_lng":121.466128,"gcj_lat":31.231245,"wgs84_loc":"121.461581,31.233167","wgs84Lng":"121.461581","wgs84Lat":"31.233167","__source_file__":"13-常用公服设施点/SHP/上海市_培训机构.shp"},"geometry":{"type":"Point","coordinates":[121.461581,31.233167]}},{"id":"5923","type":"Feature","properties":{"id":"B0FFK6U23G","name":"链家培训中心","address":"南京西路580号仲益大厦A座16楼","type":"科教文化服务;培训机构;培训机构","typecode":"141400","pcode":310000,"pname":"上海市","citycode":21,"cityname":"上海市","adcode":310106,"adname":"静安区","business_a":"淮海路","location":"121.466125,31.231245","tel":"[]","bigType":"科教文化服务","midType":"培训机构","smallType":"培训机构","gcj_lng":121.466125,"gcj_lat":31.231245,"wgs84_loc":"121.461578,31.233167","wgs84Lng":"121.461578","wgs84Lat":"31.233167","__source_file__":"13-常用公服设施点/SHP/上海市_培训机构.shp"},"geometry":{"type":"Point","coordinates":[121.461578,31.233167]}},{"id":"6226","type":"Feature","properties":{"id":"B0HR3XIZ1G","name":"师雅教育","address":"南京西路与成都北路辅路交叉口西北约60米","type":"科教文化服务;培训机构;培训机构","typecode":"141400","pcode":310000,"pname":"上海市","citycode":21,"cityname":"上海市","adcode":310106,"adname":"静安区","business_a":"淮海路","location":"121.466118,31.231249","tel":"[]","bigType":"科教文化服务","midType":"培训机构","smallType":"培训机构","gcj_lng":121.466118,"gcj_lat":31.231249,"wgs84_loc":"121.461571,31.233171","wgs84Lng":"121.461571","wgs84Lat":"31.233171","__source_file__":"13-常用公服设施点/SHP/上海市_培训机构.shp"},"geometry":{"type":"Point","coordinates":[121.461571,31.233171]}},{"id":"5270","type":"Feature","properties":{"id":"B0H645HZRV","name":"XY杂画社","address":"自忠路416号一楼","type":"科教文化服务;培训机构;培训机构","typecode":"141400","pcode":310000,"pname":"上海市","citycode":21,"cityname":"上海市","adcode":310101,"adname":"黄浦区","business_a":"淮海路","location":"121.473045,31.218148","tel":"[]","bigType":"科教文化服务","midType":"培训机构","smallType":"培训机构","gcj_lng":121.473045,"gcj_lat":31.218148,"wgs84_loc":"121.468521,31.220094","wgs84Lng":"121.468521","wgs84Lat":"31.220094","__source_file__":"13-常用公服设施点/SHP/上海市_培训机构.shp"},"geometry":{"type":"Point","coordinates":[121.468521,31.220094]}},{"id":"17316","type":"Feature","properties":{"id":"B0H6L4BVZB","name":"拓达留学","address":"黄陂南路与兴业路交叉口南约60米","type":"科教文化服务;培训机构;培训机构","typecode":"141400","pcode":310000,"pname":"上海市","citycode":21,"cityname":"上海市","adcode":310101,"adname":"黄浦区","business_a":"新天地(自忠路)","location":"121.475619,31.219451","tel":"[]","bigType":"科教文化服务","midType":"培训机构","smallType":"培训机构","gcj_lng":121.475619,"gcj_lat":31.219451,"wgs84_loc":"121.471103,31.221404","wgs84Lng":"121.471103","wgs84Lat":"31.221404","__source_file__":"13-常用公服设施点/SHP/上海市_培训机构.shp"},"geometry":{"type":"Point","coordinates":[121.471103,31.221404]}},{"id":"14849","type":"Feature","properties":{"id":"B0FFH614F9","name":"美十国际韩式半永久培训","address":"马当路4号口","type":"科教文化服务;培训机构;培训机构","typecode":"141400","pcode":310000,"pname":"上海市","citycode":21,"cityname":"上海市","adcode":310101,"adname":"黄浦区","business_a":"淮海路","location":"121.473773,31.219697","tel":"[]","bigType":"科教文化服务","midType":"培训机构","smallType":"培训机构","gcj_lng":121.473773,"gcj_lat":31.219697,"wgs84_loc":"121.469251,31.221644","wgs84Lng":"121.469251","wgs84Lat":"31.221644","__source_file__":"13-常用公服设施点/SHP/上海市_培训机构.shp"},"geometry":{"type":"Point","coordinates":[121.469251,31.221644]}},{"id":"13808","type":"Feature","properties":{"id":"B0FFIB5AA1","name":"上海市爱国主义教育基地","address":"兴业路与黄陂南路交叉口西100米","type":"科教文化服务;培训机构;培训机构","typecode":"141400","pcode":310000,"pname":"上海市","citycode":21,"cityname":"上海市","adcode":310101,"adname":"黄浦区","business_a":"淮海路","location":"121.474950,31.219921","tel":"[]","bigType":"科教文化服务","midType":"培训机构","smallType":"培训机构","gcj_lng":121.47495,"gcj_lat":31.219921,"wgs84_loc":"121.470432,31.221872","wgs84Lng":"121.470432","wgs84Lat":"31.221872","__source_file__":"13-常用公服设施点/SHP/上海市_培训机构.shp"},"geometry":{"type":"Point","coordinates":[121.470432,31.221872]}},{"id":"13686","type":"Feature","properties":{"id":"B0G2M4U6XN","name":"TONI AND GUY(新天地店)","address":"湖滨路168号无限极荟购物中心B1层W18-W19单元","type":"科教文化服务;培训机构;培训机构","typecode":"141400","pcode":310000,"pname":"上海市","citycode":21,"cityname":"上海市","adcode":310101,"adname":"黄浦区","business_a":"淮海路","location":"121.477446,31.220669","tel":"[]","bigType":"科教文化服务","midType":"培训机构","smallType":"培训机构","gcj_lng":121.477446,"gcj_lat":31.220669,"wgs84_loc":"121.472936,31.222626","wgs84Lng":"121.472936","wgs84Lat":"31.222626","__source_file__":"13-常用公服设施点/SHP/上海市_培训机构.shp"},"geometry":{"type":"Point","coordinates":[121.472936,31.222626]}},{"id":"5467","type":"Feature","properties":{"id":"B0FFL00EHN","name":"普华永道创新中心(无限极荟购物中心)","address":"湖滨路168号无限极荟购物中心F3层","type":"科教文化服务;培训机构;培训机构","typecode":"141400","pcode":310000,"pname":"上海市","citycode":21,"cityname":"上海市","adcode":310101,"adname":"黄浦区","business_a":"淮海路","location":"121.477545,31.220809","tel":"[]","bigType":"科教文化服务","midType":"培训机构","smallType":"培训机构","gcj_lng":121.477545,"gcj_lat":31.220809,"wgs84_loc":"121.473035,31.222766","wgs84Lng":"121.473035","wgs84Lat":"31.222766","__source_file__":"13-常用公服设施点/SHP/上海市_培训机构.shp"},"geometry":{"type":"Point","coordinates":[121.473035,31.222766]}},{"id":"17324","type":"Feature","properties":{"id":"B0IGLH5LXX","name":"PAN DANCE STUDIO舞蹈工作室","address":"马当路388号复兴广场B2-04","type":"科教文化服务;培训机构;培训机构","typecode":"141400","pcode":310000,"pname":"上海市","citycode":21,"cityname":"上海市","adcode":310101,"adname":"黄浦区","business_a":"淮海路","location":"121.470236,31.217856","tel":"15601796062","bigType":"科教文化服务","midType":"培训机构","smallType":"培训机构","gcj_lng":121.470236,"gcj_lat":31.217856,"wgs84_loc":"121.465703,31.219795","wgs84Lng":"121.465703","wgs84Lat":"31.219795","__source_file__":"13-常用公服设施点/SHP/上海市_培训机构.shp"},"geometry":{"type":"Point","coordinates":[121.465703,31.219795]}},{"id":"5511","type":"Feature","properties":{"id":"B0GKDZS09R","name":"卢湾三中心小学三心家长家庭教育指导中心","address":"南昌路与思南路交叉口东北约40米","type":"科教文化服务;培训机构;培训机构","typecode":"141400","pcode":310000,"pname":"上海市","citycode":21,"cityname":"上海市","adcode":310101,"adname":"黄浦区","business_a":"淮海路","location":"121.466663,31.218387","tel":"[]","bigType":"科教文化服务","midType":"培训机构","smallType":"培训机构","gcj_lng":121.466663,"gcj_lat":31.218387,"wgs84_loc":"121.462119,31.220316","wgs84Lng":"121.462119","wgs84Lat":"31.220316","__source_file__":"13-常用公服设施点/SHP/上海市_培训机构.shp"},"geometry":{"type":"Point","coordinates":[121.462119,31.220316]}},{"id":"5505","type":"Feature","properties":{"id":"B0H02HDH9C","name":"我的画室","address":"瑞金二路街道雁荡大厦","type":"科教文化服务;培训机构;培训机构","typecode":"141400","pcode":310000,"pname":"上海市","citycode":21,"cityname":"上海市","adcode":310101,"adname":"黄浦区","business_a":"淮海路","location":"121.469955,31.218561","tel":"[]","bigType":"科教文化服务","midType":"培训机构","smallType":"培训机构","gcj_lng":121.469955,"gcj_lat":31.218561,"wgs84_loc":"121.465421,31.220499","wgs84Lng":"121.465421","wgs84Lat":"31.220499","__source_file__":"13-常用公服设施点/SHP/上海市_培训机构.shp"},"geometry":{"type":"Point","coordinates":[121.465421,31.220499]}},{"id":"5267","type":"Feature","properties":{"id":"B0HGJCJFPB","name":"艺世界·艺术绘画工作室","address":"南昌路136弄32号1楼","type":"科教文化服务;培训机构;培训机构","typecode":"141400","pcode":310000,"pname":"上海市","citycode":21,"cityname":"上海市","adcode":310101,"adname":"黄浦区","business_a":"淮海路","location":"121.467746,31.218991","tel":"[]","bigType":"科教文化服务","midType":"培训机构","smallType":"培训机构","gcj_lng":121.467746,"gcj_lat":31.218991,"wgs84_loc":"121.463205,31.220923","wgs84Lng":"121.463205","wgs84Lat":"31.220923","__source_file__":"13-常用公服设施点/SHP/上海市_培训机构.shp"},"geometry":{"type":"Point","coordinates":[121.463205,31.220923]}},{"id":"5406","type":"Feature","properties":{"id":"B0G2BM8BUJ","name":"一一艺术生活馆","address":"[]","type":"科教文化服务;培训机构;培训机构","typecode":"141400","pcode":310000,"pname":"上海市","citycode":21,"cityname":"上海市","adcode":310101,"adname":"黄浦区","business_a":"淮海路","location":"121.468001,31.219157","tel":"15502150118","bigType":"科教文化服务","midType":"培训机构","smallType":"培训机构","gcj_lng":121.468001,"gcj_lat":31.219157,"wgs84_loc":"121.463461,31.221089","wgs84Lng":"121.463461","wgs84Lat":"31.221089","__source_file__":"13-常用公服设施点/SHP/上海市_培训机构.shp"},"geometry":{"type":"Point","coordinates":[121.463461,31.221089]}},{"id":"5087","type":"Feature","properties":{"id":"B00150C4E6","name":"上海中华职业教育社(南昌路店)","address":"雁荡路76、80","type":"科教文化服务;培训机构;培训机构|风景名胜;风景名胜;风景名胜","typecode":"141400|110200","pcode":310000,"pname":"上海市","citycode":21,"cityname":"上海市","adcode":310101,"adname":"黄浦区","business_a":"淮海路","location":"121.469675,31.219517","tel":"021-53510694","bigType":"科教文化服务","midType":"培训机构","smallType":"培训机构|风景名胜","gcj_lng":121.469675,"gcj_lat":31.219517,"wgs84_loc":"121.46514,31.221454","wgs84Lng":"121.46514","wgs84Lat":"31.221454","__source_file__":"13-常用公服设施点/SHP/上海市_培训机构.shp"},"geometry":{"type":"Point","coordinates":[121.46514,31.221454]}},{"id":"5164","type":"Feature","properties":{"id":"B0H2TZN9JJ","name":"衿心艺术沙龙·专业美术画室","address":"重庆南路16号","type":"科教文化服务;培训机构;培训机构","typecode":"141400","pcode":310000,"pname":"上海市","citycode":21,"cityname":"上海市","adcode":310101,"adname":"黄浦区","business_a":"淮海路","location":"121.471281,31.220959","tel":"13764158654;15001910309","bigType":"科教文化服务","midType":"培训机构","smallType":"培训机构","gcj_lng":121.471281,"gcj_lat":31.220959,"wgs84_loc":"121.466751,31.222899","wgs84Lng":"121.466751","wgs84Lat":"31.222899","__source_file__":"13-常用公服设施点/SHP/上海市_培训机构.shp"},"geometry":{"type":"Point","coordinates":[121.466751,31.222899]}},{"id":"5386","type":"Feature","properties":{"id":"B0FFM5DZKS","name":"杨云艺术(新天地店)","address":"淡水路与兴安路交叉口南约40米","type":"科教文化服务;培训机构;培训机构","typecode":"141400","pcode":310000,"pname":"上海市","citycode":21,"cityname":"上海市","adcode":310101,"adname":"黄浦区","business_a":"淮海路","location":"121.472470,31.221208","tel":"[]","bigType":"科教文化服务","midType":"培训机构","smallType":"培训机构","gcj_lng":121.47247,"gcj_lat":31.221208,"wgs84_loc":"121.467944,31.223151","wgs84Lng":"121.467944","wgs84Lat":"31.223151","__source_file__":"13-常用公服设施点/SHP/上海市_培训机构.shp"},"geometry":{"type":"Point","coordinates":[121.467944,31.223151]}},{"id":"5425","type":"Feature","properties":{"id":"B0GRVOVQE9","name":"那些画儿艺术工作室","address":"淮海中路526弄和合坊","type":"科教文化服务;培训机构;培训机构","typecode":"141400","pcode":310000,"pname":"上海市","citycode":21,"cityname":"上海市","adcode":310101,"adname":"黄浦区","business_a":"淮海路","location":"121.468872,31.221582","tel":"13764989747;13774304829","bigType":"科教文化服务","midType":"培训机构","smallType":"培训机构","gcj_lng":121.468872,"gcj_lat":31.221582,"wgs84_loc":"121.464334,31.223515","wgs84Lng":"121.464334","wgs84Lat":"31.223515","__source_file__":"13-常用公服设施点/SHP/上海市_培训机构.shp"},"geometry":{"type":"Point","coordinates":[121.464334,31.223515]}},{"id":"5428","type":"Feature","properties":{"id":"B0I6HUXEMA","name":"犀牛教育（黄浦校区）","address":"中环广场25楼","type":"科教文化服务;培训机构;培训机构","typecode":"141400","pcode":310000,"pname":"上海市","citycode":21,"cityname":"上海市","adcode":310101,"adname":"黄浦区","business_a":"淮海路","location":"121.472572,31.222198","tel":"18691958628;17392562676","bigType":"科教文化服务","midType":"培训机构","smallType":"培训机构","gcj_lng":121.472572,"gcj_lat":31.222198,"wgs84_loc":"121.468046,31.224141","wgs84Lng":"121.468046","wgs84Lat":"31.224141","__source_file__":"13-常用公服设施点/SHP/上海市_培训机构.shp"},"geometry":{"type":"Point","coordinates":[121.468046,31.224141]}},{"id":"5161","type":"Feature","properties":{"id":"B0HGB7PG12","name":"月球音乐Moon Music钢琴","address":"湖滨路222号领展企业广场1号楼18楼","type":"科教文化服务;培训机构;培训机构","typecode":"141400","pcode":310000,"pname":"上海市","citycode":21,"cityname":"上海市","adcode":310101,"adname":"黄浦区","business_a":"淮海路","location":"121.475839,31.221157","tel":"[]","bigType":"科教文化服务","midType":"培训机构","smallType":"培训机构","gcj_lng":121.475839,"gcj_lat":31.221157,"wgs84_loc":"121.471324,31.223109","wgs84Lng":"121.471324","wgs84Lat":"31.223109","__source_file__":"13-常用公服设施点/SHP/上海市_培训机构.shp"},"geometry":{"type":"Point","coordinates":[121.471324,31.223109]}},{"id":"5318","type":"Feature","properties":{"id":"B0FFI74I7C","name":"好乐迪培训","address":"顺昌路2号","type":"科教文化服务;培训机构;培训机构","typecode":"141400","pcode":310000,"pname":"上海市","citycode":21,"cityname":"上海市","adcode":310101,"adname":"黄浦区","business_a":"淮海路","location":"121.476453,31.221667","tel":"[]","bigType":"科教文化服务","midType":"培训机构","smallType":"培训机构","gcj_lng":121.476453,"gcj_lat":31.221667,"wgs84_loc":"121.47194,31.223621","wgs84Lng":"121.47194","wgs84Lat":"31.223621","__source_file__":"13-常用公服设施点/SHP/上海市_培训机构.shp"},"geometry":{"type":"Point","coordinates":[121.47194,31.223621]}},{"id":"14138","type":"Feature","properties":{"id":"B0FFIS07VH","name":"中博教育","address":"淮海中路街道381号中环广场2839室","type":"科教文化服务;培训机构;培训机构","typecode":"141400","pcode":310000,"pname":"上海市","citycode":21,"cityname":"上海市","adcode":310101,"adname":"黄浦区","business_a":"淮海路","location":"121.472993,31.221992","tel":"[]","bigType":"科教文化服务","midType":"培训机构","smallType":"培训机构","gcj_lng":121.472993,"gcj_lat":31.221992,"wgs84_loc":"121.468468,31.223936","wgs84Lng":"121.468468","wgs84Lat":"31.223936","__source_file__":"13-常用公服设施点/SHP/上海市_培训机构.shp"},"geometry":{"type":"Point","coordinates":[121.468468,31.223936]}},{"id":"12905","type":"Feature","properties":{"id":"B0H6FBZSK1","name":"出国啦移民留学中心","address":"淮海中路381号中环广场1228单元","type":"科教文化服务;培训机构;培训机构","typecode":"141400","pcode":310000,"pname":"上海市","citycode":21,"cityname":"上海市","adcode":310101,"adname":"黄浦区","business_a":"淮海路","location":"121.472993,31.222061","tel":"021-51698515","bigType":"科教文化服务","midType":"培训机构","smallType":"培训机构","gcj_lng":121.472993,"gcj_lat":31.222061,"wgs84_loc":"121.468468,31.224005","wgs84Lng":"121.468468","wgs84Lat":"31.224005","__source_file__":"13-常用公服设施点/SHP/上海市_培训机构.shp"},"geometry":{"type":"Point","coordinates":[121.468468,31.224005]}},{"id":"9216","type":"Feature","properties":{"id":"B0H25RO2DC","name":"盟优国际游泳培训(新天地店)","address":"嵩山路88号-B区","type":"科教文化服务;培训机构;培训机构","typecode":"141400","pcode":310000,"pname":"上海市","citycode":21,"cityname":"上海市","adcode":310101,"adname":"黄浦区","business_a":"淮海路","location":"121.475693,31.222111","tel":"[]","bigType":"科教文化服务","midType":"培训机构","smallType":"培训机构","gcj_lng":121.475693,"gcj_lat":31.222111,"wgs84_loc":"121.471177,31.224063","wgs84Lng":"121.471177","wgs84Lat":"31.224063","__source_file__":"13-常用公服设施点/SHP/上海市_培训机构.shp"},"geometry":{"type":"Point","coordinates":[121.471177,31.224063]}},{"id":"9215","type":"Feature","properties":{"id":"B0H25RNUPV","name":"小海豚国际游泳培训中心(新天地店)","address":"嵩山路88号上海新天地安达仕酒店B1层","type":"科教文化服务;培训机构;培训机构","typecode":"141400","pcode":310000,"pname":"上海市","citycode":21,"cityname":"上海市","adcode":310101,"adname":"黄浦区","business_a":"淮海路","location":"121.475677,31.222113","tel":"[]","bigType":"科教文化服务","midType":"培训机构","smallType":"培训机构","gcj_lng":121.475677,"gcj_lat":31.222113,"wgs84_loc":"121.471161,31.224065","wgs84Lng":"121.471161","wgs84Lat":"31.224065","__source_file__":"13-常用公服设施点/SHP/上海市_培训机构.shp"},"geometry":{"type":"Point","coordinates":[121.471161,31.224065]}},{"id":"5454","type":"Feature","properties":{"id":"B0FFHTRW5G","name":"新世界教育iVEE英语(淮海校区)","address":"淮海中路300号香港新世界大厦办公楼4110室","type":"科教文化服务;培训机构;培训机构","typecode":"141400","pcode":310000,"pname":"上海市","citycode":21,"cityname":"上海市","adcode":310101,"adname":"黄浦区","business_a":"淮海路","location":"121.474129,31.222486","tel":"[]","bigType":"科教文化服务","midType":"培训机构","smallType":"培训机构","gcj_lng":121.474129,"gcj_lat":31.222486,"wgs84_loc":"121.469608,31.224433","wgs84Lng":"121.469608","wgs84Lat":"31.224433","__source_file__":"13-常用公服设施点/SHP/上海市_培训机构.shp"},"geometry":{"type":"Point","coordinates":[121.469608,31.224433]}},{"id":"5557","type":"Feature","properties":{"id":"B0FFF2ZRZB","name":"爱马德汉语培训","address":"淮海中路333号瑞安广场静安新世界进修学校","type":"科教文化服务;培训机构;培训机构","typecode":"141400","pcode":310000,"pname":"上海市","citycode":21,"cityname":"上海市","adcode":310101,"adname":"黄浦区","business_a":"淮海路","location":"121.474141,31.222489","tel":"[]","bigType":"科教文化服务","midType":"培训机构","smallType":"培训机构","gcj_lng":121.474141,"gcj_lat":31.222489,"wgs84_loc":"121.46962,31.224436","wgs84Lng":"121.46962","wgs84Lat":"31.224436","__source_file__":"13-常用公服设施点/SHP/上海市_培训机构.shp"},"geometry":{"type":"Point","coordinates":[121.46962,31.224436]}},{"id":"5226","type":"Feature","properties":{"id":"B0GR3KIFZ6","name":"代数学家algebraist(新天地店)","address":"淮海中路333号新天地B2","type":"科教文化服务;培训机构;培训机构","typecode":"141400","pcode":310000,"pname":"上海市","citycode":21,"cityname":"上海市","adcode":310101,"adname":"黄浦区","business_a":"淮海路","location":"121.474020,31.222668","tel":"16601779810","bigType":"科教文化服务","midType":"培训机构","smallType":"培训机构","gcj_lng":121.47402,"gcj_lat":31.222668,"wgs84_loc":"121.469499,31.224615","wgs84Lng":"121.469499","wgs84Lat":"31.224615","__source_file__":"13-常用公服设施点/SHP/上海市_培训机构.shp"},"geometry":{"type":"Point","coordinates":[121.469499,31.224615]}},{"id":"5344","type":"Feature","properties":{"id":"B0FFLI8YFB","name":"21G图玩集|系统美术教学中心(新天地广场店)","address":"淮海中路333号新天地广场4层","type":"科教文化服务;培训机构;培训机构","typecode":"141400","pcode":310000,"pname":"上海市","citycode":21,"cityname":"上海市","adcode":310101,"adname":"黄浦区","business_a":"淮海路","location":"121.474165,31.222690","tel":"[]","bigType":"科教文化服务","midType":"培训机构","smallType":"培训机构","gcj_lng":121.474165,"gcj_lat":31.22269,"wgs84_loc":"121.469644,31.224637","wgs84Lng":"121.469644","wgs84Lat":"31.224637","__source_file__":"13-常用公服设施点/SHP/上海市_培训机构.shp"},"geometry":{"type":"Point","coordinates":[121.469644,31.224637]}},{"id":"12904","type":"Feature","properties":{"id":"B0FFH7VW34","name":"NBA playzone成长中心","address":"湖滨路150号企业天地5号楼湖滨道购物中心F2","type":"科教文化服务;培训机构;培训机构","typecode":"141400","pcode":310000,"pname":"上海市","citycode":21,"cityname":"上海市","adcode":310101,"adname":"黄浦区","business_a":"淮海路","location":"121.478909,31.221041","tel":"021-53020520","bigType":"科教文化服务","midType":"培训机构","smallType":"培训机构","gcj_lng":121.478909,"gcj_lat":31.221041,"wgs84_loc":"121.474404,31.223002","wgs84Lng":"121.474404","wgs84Lat":"31.223002","__source_file__":"13-常用公服设施点/SHP/上海市_培训机构.shp"},"geometry":{"type":"Point","coordinates":[121.474404,31.223002]}},{"id":"5382","type":"Feature","properties":{"id":"B0GRA54XNT","name":"缪思国际教育","address":"湖滨路168号企业天地3号楼无限极大厦22层2218单元","type":"科教文化服务;培训机构;培训机构","typecode":"141400","pcode":310000,"pname":"上海市","citycode":21,"cityname":"上海市","adcode":310101,"adname":"黄浦区","business_a":"淮海路","location":"121.478184,31.221052","tel":"021-53309662;4000013812","bigType":"科教文化服务","midType":"培训机构","smallType":"培训机构","gcj_lng":121.478184,"gcj_lat":31.221052,"wgs84_loc":"121.473677,31.223011","wgs84Lng":"121.473677","wgs84Lat":"31.223011","__source_file__":"13-常用公服设施点/SHP/上海市_培训机构.shp"},"geometry":{"type":"Point","coordinates":[121.473677,31.223011]}},{"id":"5250","type":"Feature","properties":{"id":"B00154EWE0","name":"朝日日语(人广新天地中心)","address":"普安路187-189曙光大厦21层","type":"科教文化服务;培训机构;培训机构","typecode":"141400","pcode":310000,"pname":"上海市","citycode":21,"cityname":"上海市","adcode":310101,"adname":"黄浦区","business_a":"淮海路","location":"121.478869,31.222540","tel":"021-63841105;021-63845843","bigType":"科教文化服务","midType":"培训机构","smallType":"培训机构","gcj_lng":121.478869,"gcj_lat":31.22254,"wgs84_loc":"121.474364,31.2245","wgs84Lng":"121.474364","wgs84Lat":"31.2245","__source_file__":"13-常用公服设施点/SHP/上海市_培训机构.shp"},"geometry":{"type":"Point","coordinates":[121.474364,31.2245]}},{"id":"5512","type":"Feature","properties":{"id":"B0GK9XRNBZ","name":"日鱼文化中心日语日本留学","address":"太仓路与普安路交叉口东北约40米","type":"科教文化服务;培训机构;培训机构","typecode":"141400","pcode":310000,"pname":"上海市","citycode":21,"cityname":"上海市","adcode":310101,"adname":"黄浦区","business_a":"淮海路","location":"121.478868,31.222547","tel":"[]","bigType":"科教文化服务","midType":"培训机构","smallType":"培训机构","gcj_lng":121.478868,"gcj_lat":31.222547,"wgs84_loc":"121.474363,31.224507","wgs84Lng":"121.474363","wgs84Lat":"31.224507","__source_file__":"13-常用公服设施点/SHP/上海市_培训机构.shp"},"geometry":{"type":"Point","coordinates":[121.474363,31.224507]}},{"id":"5114","type":"Feature","properties":{"id":"B0FFFA089G","name":"梵帝斯美术学校","address":"普安路189号曙光大厦25层A座","type":"科教文化服务;培训机构;培训机构","typecode":"141400","pcode":310000,"pname":"上海市","citycode":21,"cityname":"上海市","adcode":310101,"adname":"黄浦区","business_a":"淮海路","location":"121.478854,31.222578","tel":"18917557478","bigType":"科教文化服务","midType":"培训机构","smallType":"培训机构","gcj_lng":121.478854,"gcj_lat":31.222578,"wgs84_loc":"121.474349,31.224538","wgs84Lng":"121.474349","wgs84Lat":"31.224538","__source_file__":"13-常用公服设施点/SHP/上海市_培训机构.shp"},"geometry":{"type":"Point","coordinates":[121.474349,31.224538]}},{"id":"5483","type":"Feature","properties":{"id":"B0HU9U9HA6","name":"LONG TENG KIDS MODEL STUDIO","address":"淮海中路与龙门路交叉口西南约40米","type":"科教文化服务;培训机构;培训机构","typecode":"141400","pcode":310000,"pname":"上海市","citycode":21,"cityname":"上海市","adcode":310101,"adname":"黄浦区","business_a":"淮海路","location":"121.478401,31.224469","tel":"[]","bigType":"科教文化服务","midType":"培训机构","smallType":"培训机构","gcj_lng":121.478401,"gcj_lat":31.224469,"wgs84_loc":"121.473894,31.226427","wgs84Lng":"121.473894","wgs84Lat":"31.226427","__source_file__":"13-常用公服设施点/SHP/上海市_培训机构.shp"},"geometry":{"type":"Point","coordinates":[121.473894,31.226427]}},{"id":"5179","type":"Feature","properties":{"id":"B0HRZSNALX","name":"YAROSE舞蹈生活空间(上海淮海店)","address":"淮海中路99号连卡佛5层","type":"科教文化服务;培训机构;培训机构","typecode":"141400","pcode":310000,"pname":"上海市","citycode":21,"cityname":"上海市","adcode":310101,"adname":"黄浦区","business_a":"淮海路","location":"121.478827,31.224505","tel":"18321339317","bigType":"科教文化服务","midType":"培训机构","smallType":"培训机构","gcj_lng":121.478827,"gcj_lat":31.224505,"wgs84_loc":"121.474321,31.226464","wgs84Lng":"121.474321","wgs84Lat":"31.226464","__source_file__":"13-常用公服设施点/SHP/上海市_培训机构.shp"},"geometry":{"type":"Point","coordinates":[121.474321,31.226464]}},{"id":"5352","type":"Feature","properties":{"id":"B0GDCU71E0","name":"SIA国际艺术教育SIA Plus上海办公室","address":"淮海中路93号大上海时代广场办公楼2203-09室","type":"科教文化服务;培训机构;培训机构","typecode":"141400","pcode":310000,"pname":"上海市","citycode":21,"cityname":"上海市","adcode":310101,"adname":"黄浦区","business_a":"淮海路","location":"121.479227,31.224540","tel":"[]","bigType":"科教文化服务","midType":"培训机构","smallType":"培训机构","gcj_lng":121.479227,"gcj_lat":31.22454,"wgs84_loc":"121.474723,31.2265","wgs84Lng":"121.474723","wgs84Lat":"31.2265","__source_file__":"13-常用公服设施点/SHP/上海市_培训机构.shp"},"geometry":{"type":"Point","coordinates":[121.474723,31.2265]}},{"id":"5345","type":"Feature","properties":{"id":"B0FFLERD44","name":"SIA国际艺术教育(新天地校区)","address":"淮海中路93号大上海时代广场办公楼2203-09室","type":"科教文化服务;培训机构;培训机构","typecode":"141400","pcode":310000,"pname":"上海市","citycode":21,"cityname":"上海市","adcode":310101,"adname":"黄浦区","business_a":"淮海路","location":"121.479089,31.224572","tel":"[]","bigType":"科教文化服务","midType":"培训机构","smallType":"培训机构","gcj_lng":121.479089,"gcj_lat":31.224572,"wgs84_loc":"121.474584,31.226532","wgs84Lng":"121.474584","wgs84Lat":"31.226532","__source_file__":"13-常用公服设施点/SHP/上海市_培训机构.shp"},"geometry":{"type":"Point","coordinates":[121.474584,31.226532]}},{"id":"5408","type":"Feature","properties":{"id":"B0I6A7BLNU","name":"满托教育","address":"淮海中路138号上海广场9楼903","type":"科教文化服务;培训机构;培训机构","typecode":"141400","pcode":310000,"pname":"上海市","citycode":21,"cityname":"上海市","adcode":310101,"adname":"黄浦区","business_a":"北京东路","location":"121.477874,31.225183","tel":"[]","bigType":"科教文化服务","midType":"培训机构","smallType":"培训机构","gcj_lng":121.477874,"gcj_lat":31.225183,"wgs84_loc":"121.473365,31.227139","wgs84Lng":"121.473365","wgs84Lat":"31.227139","__source_file__":"13-常用公服设施点/SHP/上海市_培训机构.shp"},"geometry":{"type":"Point","coordinates":[121.473365,31.227139]}},{"id":"13551","type":"Feature","properties":{"id":"B0FFILX5XK","name":"今今乐道书院时蔬料理书院","address":"淮海中路312附近","type":"科教文化服务;培训机构;培训机构","typecode":"141400","pcode":310000,"pname":"上海市","citycode":21,"cityname":"上海市","adcode":310101,"adname":"黄浦区","business_a":"北京东路","location":"121.472834,31.222890","tel":"13501616802","bigType":"科教文化服务","midType":"培训机构","smallType":"培训机构","gcj_lng":121.472834,"gcj_lat":31.22289,"wgs84_loc":"121.468309,31.224833","wgs84Lng":"121.468309","wgs84Lat":"31.224833","__source_file__":"13-常用公服设施点/SHP/上海市_培训机构.shp"},"geometry":{"type":"Point","coordinates":[121.468309,31.224833]}},{"id":"5357","type":"Feature","properties":{"id":"B0FFHD9B2I","name":"IDP留学(香港广场校区)","address":"淮海中路283号香港广场南座1405室(近黄陂南路)","type":"科教文化服务;培训机构;培训机构","typecode":"141400","pcode":310000,"pname":"上海市","citycode":21,"cityname":"上海市","adcode":310101,"adname":"黄浦区","business_a":"淮海路","location":"121.475111,31.222927","tel":"18801636953","bigType":"科教文化服务","midType":"培训机构","smallType":"培训机构","gcj_lng":121.475111,"gcj_lat":31.222927,"wgs84_loc":"121.470593,31.224877","wgs84Lng":"121.470593","wgs84Lat":"31.224877","__source_file__":"13-常用公服设施点/SHP/上海市_培训机构.shp"},"geometry":{"type":"Point","coordinates":[121.470593,31.224877]}},{"id":"17312","type":"Feature","properties":{"id":"B0FFM4TNRP","name":"IDP诺思留学","address":"香港广场南楼香港广场","type":"科教文化服务;培训机构;培训机构","typecode":"141400","pcode":310000,"pname":"上海市","citycode":21,"cityname":"上海市","adcode":310101,"adname":"黄浦区","business_a":"淮海路","location":"121.475228,31.222965","tel":"[]","bigType":"科教文化服务","midType":"培训机构","smallType":"培训机构","gcj_lng":121.475228,"gcj_lat":31.222965,"wgs84_loc":"121.470711,31.224915","wgs84Lng":"121.470711","wgs84Lat":"31.224915","__source_file__":"13-常用公服设施点/SHP/上海市_培训机构.shp"},"geometry":{"type":"Point","coordinates":[121.470711,31.224915]}},{"id":"5380","type":"Feature","properties":{"id":"B0GRYCW821","name":"清流教育","address":"淮海中路300号K11大厦4108室","type":"科教文化服务;培训机构;培训机构","typecode":"141400","pcode":310000,"pname":"上海市","citycode":21,"cityname":"上海市","adcode":310101,"adname":"黄浦区","business_a":"淮海路","location":"121.473529,31.223522","tel":"[]","bigType":"科教文化服务","midType":"培训机构","smallType":"培训机构","gcj_lng":121.473529,"gcj_lat":31.223522,"wgs84_loc":"121.469006,31.225467","wgs84Lng":"121.469006","wgs84Lat":"31.225467","__source_file__":"13-常用公服设施点/SHP/上海市_培训机构.shp"},"geometry":{"type":"Point","coordinates":[121.469006,31.225467]}},{"id":"5508","type":"Feature","properties":{"id":"B0GR37J2HS","name":"k11美术馆工作坊","address":"金陵西路与连云路交叉口南约60米","type":"科教文化服务;培训机构;培训机构","typecode":"141400","pcode":310000,"pname":"上海市","citycode":21,"cityname":"上海市","adcode":310101,"adname":"黄浦区","business_a":"北京东路","location":"121.473466,31.223622","tel":"[]","bigType":"科教文化服务","midType":"培训机构","smallType":"培训机构","gcj_lng":121.473466,"gcj_lat":31.223622,"wgs84_loc":"121.468943,31.225567","wgs84Lng":"121.468943","wgs84Lat":"31.225567","__source_file__":"13-常用公服设施点/SHP/上海市_培训机构.shp"},"geometry":{"type":"Point","coordinates":[121.468943,31.225567]}},{"id":"5364","type":"Feature","properties":{"id":"B0I677ODEW","name":"SINOSTAGE","address":"金陵中路与嵩山路交叉口西南约60米","type":"科教文化服务;培训机构;培训机构","typecode":"141400","pcode":310000,"pname":"上海市","citycode":21,"cityname":"上海市","adcode":310101,"adname":"黄浦区","business_a":"北京东路","location":"121.474654,31.223964","tel":"[]","bigType":"科教文化服务","midType":"培训机构","smallType":"培训机构","gcj_lng":121.474654,"gcj_lat":31.223964,"wgs84_loc":"121.470135,31.225912","wgs84Lng":"121.470135","wgs84Lat":"31.225912","__source_file__":"13-常用公服设施点/SHP/上海市_培训机构.shp"},"geometry":{"type":"Point","coordinates":[121.470135,31.225912]}},{"id":"17314","type":"Feature","properties":{"id":"B0H0ACVBJ3","name":"优弗留学","address":"淮海中路222号力宝广场10楼","type":"科教文化服务;培训机构;培训机构","typecode":"141400","pcode":310000,"pname":"上海市","citycode":21,"cityname":"上海市","adcode":310101,"adname":"黄浦区","business_a":"北京东路","location":"121.475765,31.224180","tel":"[]","bigType":"科教文化服务","midType":"培训机构","smallType":"培训机构","gcj_lng":121.475765,"gcj_lat":31.22418,"wgs84_loc":"121.471249,31.226131","wgs84Lng":"121.471249","wgs84Lat":"31.226131","__source_file__":"13-常用公服设施点/SHP/上海市_培训机构.shp"},"geometry":{"type":"Point","coordinates":[121.471249,31.226131]}},{"id":"5346","type":"Feature","properties":{"id":"B0FFLA919A","name":"朗阁教育(力宝广场店)","address":"淮海中路街道222号力宝广场","type":"科教文化服务;培训机构;培训机构","typecode":"141400","pcode":310000,"pname":"上海市","citycode":21,"cityname":"上海市","adcode":310101,"adname":"黄浦区","business_a":"北京东路","location":"121.475888,31.224192","tel":"[]","bigType":"科教文化服务","midType":"培训机构","smallType":"培训机构","gcj_lng":121.475888,"gcj_lat":31.224192,"wgs84_loc":"121.471373,31.226143","wgs84Lng":"121.471373","wgs84Lat":"31.226143","__source_file__":"13-常用公服设施点/SHP/上海市_培训机构.shp"},"geometry":{"type":"Point","coordinates":[121.471373,31.226143]}},{"id":"5528","type":"Feature","properties":{"id":"B0FFLKXDGX","name":"优弗教育","address":"淮海中路222号力宝广场10层","type":"科教文化服务;培训机构;培训机构","typecode":"141400","pcode":310000,"pname":"上海市","citycode":21,"cityname":"上海市","adcode":310101,"adname":"黄浦区","business_a":"北京东路","location":"121.475692,31.224265","tel":"[]","bigType":"科教文化服务","midType":"培训机构","smallType":"培训机构","gcj_lng":121.475692,"gcj_lat":31.224265,"wgs84_loc":"121.471176,31.226216","wgs84Lng":"121.471176","wgs84Lat":"31.226216","__source_file__":"13-常用公服设施点/SHP/上海市_培训机构.shp"},"geometry":{"type":"Point","coordinates":[121.471176,31.226216]}},{"id":"15599","type":"Feature","properties":{"id":"B0GU2KCIKV","name":"小拾光共享自习室(新天地店)","address":"黄陂南路35号","type":"科教文化服务;培训机构;培训机构","typecode":"141400","pcode":310000,"pname":"上海市","citycode":21,"cityname":"上海市","adcode":310101,"adname":"黄浦区","business_a":"北京东路","location":"121.473491,31.224521","tel":"[]","bigType":"科教文化服务","midType":"培训机构","smallType":"培训机构","gcj_lng":121.473491,"gcj_lat":31.224521,"wgs84_loc":"121.468968,31.226465","wgs84Lng":"121.468968","wgs84Lat":"31.226465","__source_file__":"13-常用公服设施点/SHP/上海市_培训机构.shp"},"geometry":{"type":"Point","coordinates":[121.468968,31.226465]}},{"id":"5527","type":"Feature","properties":{"id":"B0FFLMNNZW","name":"请课英语·VIP商业案例中心","address":"金钟广场5楼","type":"科教文化服务;培训机构;培训机构","typecode":"141400","pcode":310000,"pname":"上海市","citycode":21,"cityname":"上海市","adcode":310101,"adname":"黄浦区","business_a":"北京东路","location":"121.479035,31.225574","tel":"[]","bigType":"科教文化服务","midType":"培训机构","smallType":"培训机构","gcj_lng":121.479035,"gcj_lat":31.225574,"wgs84_loc":"121.47453,31.227533","wgs84Lng":"121.47453","wgs84Lat":"31.227533","__source_file__":"13-常用公服设施点/SHP/上海市_培训机构.shp"},"geometry":{"type":"Point","coordinates":[121.47453,31.227533]}},{"id":"12528","type":"Feature","properties":{"id":"B0H1LCHH8K","name":"帕特国际艺术留学","address":"淮海中路138号上海广场3、5层","type":"科教文化服务;培训机构;培训机构","typecode":"141400","pcode":310000,"pname":"上海市","citycode":21,"cityname":"上海市","adcode":310101,"adname":"黄浦区","business_a":"淮海路","location":"121.478175,31.225603","tel":"021-62686228","bigType":"科教文化服务","midType":"培训机构","smallType":"培训机构","gcj_lng":121.478175,"gcj_lat":31.225603,"wgs84_loc":"121.473667,31.22756","wgs84Lng":"121.473667","wgs84Lat":"31.22756","__source_file__":"13-常用公服设施点/SHP/上海市_培训机构.shp"},"geometry":{"type":"Point","coordinates":[121.473667,31.22756]}},{"id":"5320","type":"Feature","properties":{"id":"B0FFHWQUKW","name":"国检珠宝培训中心","address":"淮海中路8号兰生大厦11楼","type":"科教文化服务;培训机构;培训机构","typecode":"141400","pcode":310000,"pname":"上海市","citycode":21,"cityname":"上海市","adcode":310101,"adname":"黄浦区","business_a":"淮海路","location":"121.479653,31.225933","tel":"021-63868107","bigType":"科教文化服务","midType":"培训机构","smallType":"培训机构","gcj_lng":121.479653,"gcj_lat":31.225933,"wgs84_loc":"121.47515,31.227894","wgs84Lng":"121.47515","wgs84Lat":"31.227894","__source_file__":"13-常用公服设施点/SHP/上海市_培训机构.shp"},"geometry":{"type":"Point","coordinates":[121.47515,31.227894]}},{"id":"17310","type":"Feature","properties":{"id":"B0IGXUMWYM","name":"一点马高考名师机器人","address":"金陵东路与西藏南路交叉口东北60米","type":"科教文化服务;培训机构;培训机构","typecode":"141400","pcode":310000,"pname":"上海市","citycode":21,"cityname":"上海市","adcode":310101,"adname":"黄浦区","business_a":"北京东路","location":"121.480026,31.226989","tel":"[]","bigType":"科教文化服务","midType":"培训机构","smallType":"培训机构","gcj_lng":121.480026,"gcj_lat":31.226989,"wgs84_loc":"121.475524,31.22895","wgs84Lng":"121.475524","wgs84Lat":"31.22895","__source_file__":"13-常用公服设施点/SHP/上海市_培训机构.shp"},"geometry":{"type":"Point","coordinates":[121.475524,31.22895]}},{"id":"16332","type":"Feature","properties":{"id":"B0HGFH5HF9","name":"音卓钢琴","address":"外滩街道金陵东路500号亚龙国际广场七楼","type":"科教文化服务;培训机构;培训机构","typecode":"141400","pcode":310000,"pname":"上海市","citycode":21,"cityname":"上海市","adcode":310101,"adname":"黄浦区","business_a":"北京东路","location":"121.480234,31.227177","tel":"[]","bigType":"科教文化服务","midType":"培训机构","smallType":"培训机构","gcj_lng":121.480234,"gcj_lat":31.227177,"wgs84_loc":"121.475733,31.229139","wgs84Lng":"121.475733","wgs84Lat":"31.229139","__source_file__":"13-常用公服设施点/SHP/上海市_培训机构.shp"},"geometry":{"type":"Point","coordinates":[121.475733,31.229139]}},{"id":"30","type":"Feature","properties":{"id":"B0FFL77WDZ","name":"东方尚学","address":"西藏中路18号港陆广场","type":"科教文化服务;培训机构;培训机构","typecode":"141400","pcode":310000,"pname":"上海市","citycode":21,"cityname":"上海市","adcode":310101,"adname":"黄浦区","business_a":"北京东路","location":"121.478731,31.229483","tel":"[]","bigType":"科教文化服务","midType":"培训机构","smallType":"培训机构","gcj_lng":121.478731,"gcj_lat":31.229483,"wgs84_loc":"121.474225,31.23144","wgs84Lng":"121.474225","wgs84Lat":"31.23144","__source_file__":"13-常用公服设施点/SHP/上海市_培训机构.shp"},"geometry":{"type":"Point","coordinates":[121.474225,31.23144]}},{"id":"5416","type":"Feature","properties":{"id":"B0FFM5MV1V","name":"领冉雅思托福SAT培训","address":"云南中路与延安东路交叉口北约40米","type":"科教文化服务;培训机构;培训机构","typecode":"141400","pcode":310000,"pname":"上海市","citycode":21,"cityname":"上海市","adcode":310101,"adname":"黄浦区","business_a":"北京东路","location":"121.479349,31.229731","tel":"[]","bigType":"科教文化服务","midType":"培训机构","smallType":"培训机构","gcj_lng":121.479349,"gcj_lat":31.229731,"wgs84_loc":"121.474845,31.231689","wgs84Lng":"121.474845","wgs84Lat":"31.231689","__source_file__":"13-常用公服设施点/SHP/上海市_培训机构.shp"},"geometry":{"type":"Point","coordinates":[121.474845,31.231689]}},{"id":"5489","type":"Feature","properties":{"id":"B0HK5CND9M","name":"达令教育","address":"延安东路700号港泰广场9楼901号","type":"科教文化服务;培训机构;培训机构","typecode":"141400","pcode":310000,"pname":"上海市","citycode":21,"cityname":"上海市","adcode":310101,"adname":"黄浦区","business_a":"淮海路","location":"121.479348,31.229796","tel":"[]","bigType":"科教文化服务","midType":"培训机构","smallType":"培训机构","gcj_lng":121.479348,"gcj_lat":31.229796,"wgs84_loc":"121.474844,31.231754","wgs84Lng":"121.474844","wgs84Lat":"31.231754","__source_file__":"13-常用公服设施点/SHP/上海市_培训机构.shp"},"geometry":{"type":"Point","coordinates":[121.474844,31.231754]}},{"id":"18244","type":"Feature","properties":{"id":"B0I2PUIUJA","name":"众殷教育","address":"延安东路700号港泰广场F9层","type":"科教文化服务;培训机构;培训机构","typecode":"141400","pcode":310000,"pname":"上海市","citycode":21,"cityname":"上海市","adcode":310101,"adname":"黄浦区","business_a":"淮海路","location":"121.479348,31.229796","tel":"[]","bigType":"科教文化服务","midType":"培训机构","smallType":"培训机构","gcj_lng":121.479348,"gcj_lat":31.229796,"wgs84_loc":"121.474844,31.231754","wgs84Lng":"121.474844","wgs84Lat":"31.231754","__source_file__":"13-常用公服设施点/SHP/上海市_培训机构.shp"},"geometry":{"type":"Point","coordinates":[121.474844,31.231754]}},{"id":"5379","type":"Feature","properties":{"id":"B0H1K959KM","name":"领冉国际教育","address":"延安东路港泰广场1107、1109室","type":"科教文化服务;培训机构;培训机构","typecode":"141400","pcode":310000,"pname":"上海市","citycode":21,"cityname":"上海市","adcode":310101,"adname":"黄浦区","business_a":"北京东路","location":"121.479358,31.229880","tel":"17317926860","bigType":"科教文化服务","midType":"培训机构","smallType":"培训机构","gcj_lng":121.479358,"gcj_lat":31.22988,"wgs84_loc":"121.474854,31.231838","wgs84Lng":"121.474854","wgs84Lat":"31.231838","__source_file__":"13-常用公服设施点/SHP/上海市_培训机构.shp"},"geometry":{"type":"Point","coordinates":[121.474854,31.231838]}},{"id":"15469","type":"Feature","properties":{"id":"B0FFH0ZU8L","name":"艾薇教育","address":"金陵东路569号汇通大厦7F","type":"科教文化服务;培训机构;培训机构","typecode":"141400","pcode":310000,"pname":"上海市","citycode":21,"cityname":"上海市","adcode":310101,"adname":"黄浦区","business_a":"北京东路","location":"121.480637,31.226820","tel":"[]","bigType":"科教文化服务","midType":"培训机构","smallType":"培训机构","gcj_lng":121.480637,"gcj_lat":31.22682,"wgs84_loc":"121.476137,31.228783","wgs84Lng":"121.476137","wgs84Lat":"31.228783","__source_file__":"13-常用公服设施点/SHP/上海市_培训机构.shp"},"geometry":{"type":"Point","coordinates":[121.476137,31.228783]}},{"id":"15339","type":"Feature","properties":{"id":"B00155IW59","name":"华浦教育(金陵东路分校)","address":"云南南路101冠生园商厦5层","type":"科教文化服务;培训机构;培训机构","typecode":"141400","pcode":310000,"pname":"上海市","citycode":21,"cityname":"上海市","adcode":310101,"adname":"黄浦区","business_a":"城隍庙","location":"121.481328,31.227103","tel":"[]","bigType":"科教文化服务","midType":"培训机构","smallType":"培训机构","gcj_lng":121.481328,"gcj_lat":31.227103,"wgs84_loc":"121.476831,31.229068","wgs84Lng":"121.476831","wgs84Lat":"31.229068","__source_file__":"13-常用公服设施点/SHP/上海市_培训机构.shp"},"geometry":{"type":"Point","coordinates":[121.476831,31.229068]}},{"id":"5119","type":"Feature","properties":{"id":"B0FFFPPDEM","name":"赢在起点(云南南路校区)","address":"云南南路101号5层","type":"科教文化服务;培训机构;培训机构","typecode":"141400","pcode":310000,"pname":"上海市","citycode":21,"cityname":"上海市","adcode":310101,"adname":"黄浦区","business_a":"北京东路","location":"121.481208,31.227211","tel":"021-63203066;021-53580079;13564573435","bigType":"科教文化服务","midType":"培训机构","smallType":"培训机构","gcj_lng":121.481208,"gcj_lat":31.227211,"wgs84_loc":"121.47671,31.229176","wgs84Lng":"121.47671","wgs84Lat":"31.229176","__source_file__":"13-常用公服设施点/SHP/上海市_培训机构.shp"},"geometry":{"type":"Point","coordinates":[121.47671,31.229176]}},{"id":"5510","type":"Feature","properties":{"id":"B0GKHL4Y81","name":"柏斯音乐","address":"云南南路与金陵东路交叉口东南约20米","type":"科教文化服务;培训机构;培训机构","typecode":"141400","pcode":310000,"pname":"上海市","citycode":21,"cityname":"上海市","adcode":310101,"adname":"黄浦区","business_a":"北京东路","location":"121.481160,31.227212","tel":"[]","bigType":"科教文化服务","midType":"培训机构","smallType":"培训机构","gcj_lng":121.48116,"gcj_lat":31.227212,"wgs84_loc":"121.476662,31.229177","wgs84Lng":"121.476662","wgs84Lat":"31.229177","__source_file__":"13-常用公服设施点/SHP/上海市_培训机构.shp"},"geometry":{"type":"Point","coordinates":[121.476662,31.229177]}},{"id":"5413","type":"Feature","properties":{"id":"B0H0XU4U2Z","name":"SNMandarin南北中文-环球语言教练(人广教学点)","address":"云南南路118号","type":"科教文化服务;培训机构;培训机构","typecode":"141400","pcode":310000,"pname":"上海市","citycode":21,"cityname":"上海市","adcode":310101,"adname":"黄浦区","business_a":"北京东路","location":"121.480630,31.227478","tel":"021-65078056","bigType":"科教文化服务","midType":"培训机构","smallType":"培训机构","gcj_lng":121.48063,"gcj_lat":31.227478,"wgs84_loc":"121.47613,31.229441","wgs84Lng":"121.47613","wgs84Lat":"31.229441","__source_file__":"13-常用公服设施点/SHP/上海市_培训机构.shp"},"geometry":{"type":"Point","coordinates":[121.47613,31.229441]}},{"id":"14972","type":"Feature","properties":{"id":"B00155GSFI","name":"子墨国际语言教育中心","address":"金陵东路396号6层","type":"科教文化服务;培训机构;培训机构","typecode":"141400","pcode":310000,"pname":"上海市","citycode":21,"cityname":"上海市","adcode":310101,"adname":"黄浦区","business_a":"城隍庙","location":"121.481794,31.227983","tel":"[]","bigType":"科教文化服务","midType":"培训机构","smallType":"培训机构","gcj_lng":121.481794,"gcj_lat":31.227983,"wgs84_loc":"121.477298,31.229949","wgs84Lng":"121.477298","wgs84Lat":"31.229949","__source_file__":"13-常用公服设施点/SHP/上海市_培训机构.shp"},"geometry":{"type":"Point","coordinates":[121.477298,31.229949]}},{"id":"16003","type":"Feature","properties":{"id":"B0G09HP83C","name":"门德尔松钢琴","address":"金陵东路483号","type":"科教文化服务;培训机构;培训机构|购物服务;专卖店;专营店","typecode":"141400|061200","pcode":310000,"pname":"上海市","citycode":21,"cityname":"上海市","adcode":310101,"adname":"黄浦区","business_a":"城隍庙","location":"121.482363,31.228038","tel":"021-53520128","bigType":"科教文化服务","midType":"培训机构","smallType":"培训机构|购物服务","gcj_lng":121.482363,"gcj_lat":31.228038,"wgs84_loc":"121.477869,31.230006","wgs84Lng":"121.477869","wgs84Lat":"31.230006","__source_file__":"13-常用公服设施点/SHP/上海市_培训机构.shp"},"geometry":{"type":"Point","coordinates":[121.477869,31.230006]}},{"id":"5451","type":"Feature","properties":{"id":"B0FFKCY36L","name":"傲凯电脑培训","address":"浙江南路与宁海东路交叉口南约60米","type":"科教文化服务;培训机构;培训机构","typecode":"141400","pcode":310000,"pname":"上海市","citycode":21,"cityname":"上海市","adcode":310101,"adname":"黄浦区","business_a":"城隍庙","location":"121.482474,31.228721","tel":"[]","bigType":"科教文化服务","midType":"培训机构","smallType":"培训机构","gcj_lng":121.482474,"gcj_lat":31.228721,"wgs84_loc":"121.477981,31.230689","wgs84Lng":"121.477981","wgs84Lat":"31.230689","__source_file__":"13-常用公服设施点/SHP/上海市_培训机构.shp"},"geometry":{"type":"Point","coordinates":[121.477981,31.230689]}},{"id":"5502","type":"Feature","properties":{"id":"B0H1U11KLW","name":"弘毅数学工作室","address":"浙江南路78号东新大厦413室","type":"科教文化服务;培训机构;培训机构","typecode":"141400","pcode":310000,"pname":"上海市","citycode":21,"cityname":"上海市","adcode":310101,"adname":"黄浦区","business_a":"城隍庙","location":"121.482106,31.228726","tel":"[]","bigType":"科教文化服务","midType":"培训机构","smallType":"培训机构","gcj_lng":121.482106,"gcj_lat":31.228726,"wgs84_loc":"121.477611,31.230693","wgs84Lng":"121.477611","wgs84Lat":"31.230693","__source_file__":"13-常用公服设施点/SHP/上海市_培训机构.shp"},"geometry":{"type":"Point","coordinates":[121.477611,31.230693]}},{"id":"5327","type":"Feature","properties":{"id":"B0G2UR3YZO","name":"DANCEPLUS(人民广场店)","address":"延安东路588号远洋商业大厦一期十楼","type":"科教文化服务;培训机构;培训机构","typecode":"141400","pcode":310000,"pname":"上海市","citycode":21,"cityname":"上海市","adcode":310101,"adname":"黄浦区","business_a":"北京东路","location":"121.480905,31.230572","tel":"021-63600998;15221425247","bigType":"科教文化服务","midType":"培训机构","smallType":"培训机构","gcj_lng":121.480905,"gcj_lat":31.230572,"wgs84_loc":"121.476406,31.232534","wgs84Lng":"121.476406","wgs84Lat":"31.232534","__source_file__":"13-常用公服设施点/SHP/上海市_培训机构.shp"},"geometry":{"type":"Point","coordinates":[121.476406,31.232534]}},{"id":"14475","type":"Feature","properties":{"id":"B0HGVLSCJN","name":"职成教育中心","address":"金陵中路191号职成教育中心","type":"科教文化服务;培训机构;培训机构","typecode":"141400","pcode":310000,"pname":"上海市","citycode":21,"cityname":"上海市","adcode":310101,"adname":"黄浦区","business_a":"北京东路","location":"121.476228,31.224723","tel":"[]","bigType":"科教文化服务","midType":"培训机构","smallType":"培训机构","gcj_lng":121.476228,"gcj_lat":31.224723,"wgs84_loc":"121.471714,31.226675","wgs84Lng":"121.471714","wgs84Lat":"31.226675","__source_file__":"13-常用公服设施点/SHP/上海市_培训机构.shp"},"geometry":{"type":"Point","coordinates":[121.471714,31.226675]}},{"id":"18402","type":"Feature","properties":{"id":"B00156R6WW","name":"上海市黄浦区教育督导与校外教育培训中心","address":"金陵中路191号","type":"科教文化服务;培训机构;培训机构","typecode":"141400","pcode":310000,"pname":"上海市","citycode":21,"cityname":"上海市","adcode":310101,"adname":"黄浦区","business_a":"北京路","location":"121.476250,31.224850","tel":"[]","bigType":"科教文化服务","midType":"培训机构","smallType":"培训机构","gcj_lng":121.47625,"gcj_lat":31.22485,"wgs84_loc":"121.471736,31.226802","wgs84Lng":"121.471736","wgs84Lat":"31.226802","__source_file__":"13-常用公服设施点/SHP/上海市_培训机构.shp"},"geometry":{"type":"Point","coordinates":[121.471736,31.226802]}},{"id":"5389","type":"Feature","properties":{"id":"B0FFKSXVIG","name":"街舞工作室(上海迪美购物中心店)","address":"人民大道221号上海迪美购物中心B1","type":"科教文化服务;培训机构;培训机构","typecode":"141400","pcode":310000,"pname":"上海市","citycode":21,"cityname":"上海市","adcode":310101,"adname":"黄浦区","business_a":"北京东路","location":"121.473523,31.228700","tel":"[]","bigType":"科教文化服务","midType":"培训机构","smallType":"培训机构","gcj_lng":121.473523,"gcj_lat":31.2287,"wgs84_loc":"121.469,31.230643","wgs84Lng":"121.469","wgs84Lat":"31.230643","__source_file__":"13-常用公服设施点/SHP/上海市_培训机构.shp"},"geometry":{"type":"Point","coordinates":[121.469,31.230643]}},{"id":"5395","type":"Feature","properties":{"id":"B0FFJ8150N","name":"慕容老师音乐钢琴工作室","address":"颛兴东路1570号(万达广场)","type":"科教文化服务;培训机构;培训机构","typecode":"141400","pcode":310000,"pname":"上海市","citycode":21,"cityname":"上海市","adcode":310101,"adname":"黄浦区","business_a":"北京东路","location":"121.473081,31.230809","tel":"[]","bigType":"科教文化服务","midType":"培训机构","smallType":"培训机构","gcj_lng":121.473081,"gcj_lat":31.230809,"wgs84_loc":"121.468556,31.232749","wgs84Lng":"121.468556","wgs84Lat":"31.232749","__source_file__":"13-常用公服设施点/SHP/上海市_培训机构.shp"},"geometry":{"type":"Point","coordinates":[121.468556,31.232749]}},{"id":"18431","type":"Feature","properties":{"id":"B0KGKMYLDA","name":"FANCY FANCY舞蹈教室(来福士店)","address":"西藏中路268号上海来福士广场L5层","type":"科教文化服务;培训机构;培训机构","typecode":"141400","pcode":310000,"pname":"上海市","citycode":21,"cityname":"上海市","adcode":310101,"adname":"黄浦区","business_a":"北京路","location":"121.476471,31.232302","tel":"[]","bigType":"科教文化服务","midType":"培训机构","smallType":"培训机构","gcj_lng":121.476471,"gcj_lat":31.232302,"wgs84_loc":"121.471957,31.234251","wgs84Lng":"121.471957","wgs84Lat":"31.234251","__source_file__":"13-常用公服设施点/SHP/上海市_培训机构.shp"},"geometry":{"type":"Point","coordinates":[121.471957,31.234251]}},{"id":"5476","type":"Feature","properties":{"id":"B0I6FHKTRG","name":"英语学习","address":"[]","type":"科教文化服务;培训机构;培训机构","typecode":"141400","pcode":310000,"pname":"上海市","citycode":21,"cityname":"上海市","adcode":310101,"adname":"黄浦区","business_a":"北京东路","location":"121.477463,31.232411","tel":"[]","bigType":"科教文化服务","midType":"培训机构","smallType":"培训机构","gcj_lng":121.477463,"gcj_lat":31.232411,"wgs84_loc":"121.472952,31.234363","wgs84Lng":"121.472952","wgs84Lat":"31.234363","__source_file__":"13-常用公服设施点/SHP/上海市_培训机构.shp"},"geometry":{"type":"Point","coordinates":[121.472952,31.234363]}},{"id":"18401","type":"Feature","properties":{"id":"B0JRUD1Y05","name":"EF英之界成人英语(人民广场中心)","address":"福州路666号华鑫海欣大厦1层(地铁12 8号线人民广场站14号口)","type":"科教文化服务;培训机构;培训机构","typecode":"141400","pcode":310000,"pname":"上海市","citycode":21,"cityname":"上海市","adcode":310101,"adname":"黄浦区","business_a":"北京路","location":"121.477463,31.232492","tel":"4008206039","bigType":"科教文化服务","midType":"培训机构","smallType":"培训机构","gcj_lng":121.477463,"gcj_lat":31.232492,"wgs84_loc":"121.472952,31.234444","wgs84Lng":"121.472952","wgs84Lat":"31.234444","__source_file__":"13-常用公服设施点/SHP/上海市_培训机构.shp"},"geometry":{"type":"Point","coordinates":[121.472952,31.234444]}},{"id":"16754","type":"Feature","properties":{"id":"B0FFJCAAPV","name":"榜尚留学","address":"西藏中路336号华旭大厦10楼","type":"科教文化服务;培训机构;培训机构","typecode":"141400","pcode":310000,"pname":"上海市","citycode":21,"cityname":"上海市","adcode":310101,"adname":"黄浦区","business_a":"北京东路","location":"121.475826,31.233747","tel":"[]","bigType":"科教文化服务","midType":"培训机构","smallType":"培训机构","gcj_lng":121.475826,"gcj_lat":31.233747,"wgs84_loc":"121.47131,31.235694","wgs84Lng":"121.47131","wgs84Lat":"31.235694","__source_file__":"13-常用公服设施点/SHP/上海市_培训机构.shp"},"geometry":{"type":"Point","coordinates":[121.47131,31.235694]}},{"id":"5422","type":"Feature","properties":{"id":"B0FFG1EQTL","name":"新动态国际英语","address":"九江路711号","type":"科教文化服务;培训机构;培训机构","typecode":"141400","pcode":310000,"pname":"上海市","citycode":21,"cityname":"上海市","adcode":310101,"adname":"黄浦区","business_a":"北京东路","location":"121.476651,31.233968","tel":"[]","bigType":"科教文化服务","midType":"培训机构","smallType":"培训机构","gcj_lng":121.476651,"gcj_lat":31.233968,"wgs84_loc":"121.472137,31.235917","wgs84Lng":"121.472137","wgs84Lat":"31.235917","__source_file__":"13-常用公服设施点/SHP/上海市_培训机构.shp"},"geometry":{"type":"Point","coordinates":[121.472137,31.235917]}},{"id":"15007","type":"Feature","properties":{"id":"B0FFG8GQ9H","name":"智美教育(上海分校)","address":"九江路675-685号长江新能源大厦5层","type":"科教文化服务;培训机构;培训机构","typecode":"141400","pcode":310000,"pname":"上海市","citycode":21,"cityname":"上海市","adcode":310101,"adname":"黄浦区","business_a":"北京东路","location":"121.477545,31.234053","tel":"[]","bigType":"科教文化服务","midType":"培训机构","smallType":"培训机构","gcj_lng":121.477545,"gcj_lat":31.234053,"wgs84_loc":"121.473034,31.236004","wgs84Lng":"121.473034","wgs84Lat":"31.236004","__source_file__":"13-常用公服设施点/SHP/上海市_培训机构.shp"},"geometry":{"type":"Point","coordinates":[121.473034,31.236004]}},{"id":"5310","type":"Feature","properties":{"id":"B0FFKTCU44","name":"千羽鹤日本语","address":"延安东路700号港泰广场8楼","type":"科教文化服务;培训机构;培训机构","typecode":"141400","pcode":310000,"pname":"上海市","citycode":21,"cityname":"上海市","adcode":310101,"adname":"黄浦区","business_a":"淮海路","location":"121.479357,31.229886","tel":"021-63301563;13482347215","bigType":"科教文化服务","midType":"培训机构","smallType":"培训机构","gcj_lng":121.479357,"gcj_lat":31.229886,"wgs84_loc":"121.474853,31.231844","wgs84Lng":"121.474853","wgs84Lat":"31.231844","__source_file__":"13-常用公服设施点/SHP/上海市_培训机构.shp"},"geometry":{"type":"Point","coordinates":[121.474853,31.231844]}},{"id":"5358","type":"Feature","properties":{"id":"B0FFHLMERS","name":"上海ui设计培训","address":"延安东路700号港泰广场508室","type":"科教文化服务;培训机构;培训机构","typecode":"141400","pcode":310000,"pname":"上海市","citycode":21,"cityname":"上海市","adcode":310101,"adname":"黄浦区","business_a":"北京东路","location":"121.479430,31.229891","tel":"[]","bigType":"科教文化服务","midType":"培训机构","smallType":"培训机构","gcj_lng":121.47943,"gcj_lat":31.229891,"wgs84_loc":"121.474926,31.231849","wgs84Lng":"121.474926","wgs84Lat":"31.231849","__source_file__":"13-常用公服设施点/SHP/上海市_培训机构.shp"},"geometry":{"type":"Point","coordinates":[121.474926,31.231849]}},{"id":"5496","type":"Feature","properties":{"id":"B0HAVS7VQC","name":"起优教育(人广校区)","address":"延安东路700号港泰广场7层708-1","type":"科教文化服务;培训机构;培训机构","typecode":"141400","pcode":310000,"pname":"上海市","citycode":21,"cityname":"上海市","adcode":310101,"adname":"黄浦区","business_a":"北京东路","location":"121.479438,31.229966","tel":"021-63330788","bigType":"科教文化服务","midType":"培训机构","smallType":"培训机构","gcj_lng":121.479438,"gcj_lat":31.229966,"wgs84_loc":"121.474934,31.231924","wgs84Lng":"121.474934","wgs84Lat":"31.231924","__source_file__":"13-常用公服设施点/SHP/上海市_培训机构.shp"},"geometry":{"type":"Point","coordinates":[121.474934,31.231924]}},{"id":"5568","type":"Feature","properties":{"id":"B0FFKBD426","name":"孚咖外教网","address":"延安东路远洋商业大厦618号","type":"科教文化服务;培训机构;培训机构","typecode":"141400","pcode":310000,"pname":"上海市","citycode":21,"cityname":"上海市","adcode":310101,"adname":"黄浦区","business_a":"北京东路","location":"121.480523,31.230322","tel":"[]","bigType":"科教文化服务","midType":"培训机构","smallType":"培训机构","gcj_lng":121.480523,"gcj_lat":31.230322,"wgs84_loc":"121.476023,31.232283","wgs84Lng":"121.476023","wgs84Lat":"31.232283","__source_file__":"13-常用公服设施点/SHP/上海市_培训机构.shp"},"geometry":{"type":"Point","coordinates":[121.476023,31.232283]}},{"id":"16061","type":"Feature","properties":{"id":"B0FFHVT3YM","name":"骏夏美甲美睫彩妆免费培训","address":"平望街与广东路交叉口东南50米","type":"科教文化服务;培训机构;培训机构","typecode":"141400","pcode":310000,"pname":"上海市","citycode":21,"cityname":"上海市","adcode":310101,"adname":"黄浦区","business_a":"北京东路","location":"121.479517,31.231303","tel":"[]","bigType":"科教文化服务","midType":"培训机构","smallType":"培训机构","gcj_lng":121.479517,"gcj_lat":31.231303,"wgs84_loc":"121.475013,31.233261","wgs84Lng":"121.475013","wgs84Lat":"31.233261","__source_file__":"13-常用公服设施点/SHP/上海市_培训机构.shp"},"geometry":{"type":"Point","coordinates":[121.475013,31.233261]}},{"id":"14411","type":"Feature","properties":{"id":"B0FFL99A8B","name":"美购新汇美甲美睫纹绣培训","address":"广东路648号","type":"科教文化服务;培训机构;培训机构","typecode":"141400","pcode":310000,"pname":"上海市","citycode":21,"cityname":"上海市","adcode":310101,"adname":"黄浦区","business_a":"北京东路","location":"121.479267,31.231361","tel":"021-63229257","bigType":"科教文化服务","midType":"培训机构","smallType":"培训机构","gcj_lng":121.479267,"gcj_lat":31.231361,"wgs84_loc":"121.474762,31.233318","wgs84Lng":"121.474762","wgs84Lat":"31.233318","__source_file__":"13-常用公服设施点/SHP/上海市_培训机构.shp"},"geometry":{"type":"Point","coordinates":[121.474762,31.233318]}},{"id":"5537","type":"Feature","properties":{"id":"B0FFJE267T","name":"二九剧社","address":"广西北路158号","type":"科教文化服务;培训机构;培训机构","typecode":"141400","pcode":310000,"pname":"上海市","citycode":21,"cityname":"上海市","adcode":310101,"adname":"黄浦区","business_a":"北京东路","location":"121.478622,31.231968","tel":"[]","bigType":"科教文化服务","midType":"培训机构","smallType":"培训机构","gcj_lng":121.478622,"gcj_lat":31.231968,"wgs84_loc":"121.474115,31.233923","wgs84Lng":"121.474115","wgs84Lat":"31.233923","__source_file__":"13-常用公服设施点/SHP/上海市_培训机构.shp"},"geometry":{"type":"Point","coordinates":[121.474115,31.233923]}},{"id":"14582","type":"Feature","properties":{"id":"B0G1D9IX2X","name":"华是学院MBA·MPA培训(人民广场校区)","address":"广西北路158号黄浦图书馆16楼报告厅","type":"科教文化服务;培训机构;培训机构","typecode":"141400","pcode":310000,"pname":"上海市","citycode":21,"cityname":"上海市","adcode":310101,"adname":"黄浦区","business_a":"北京东路","location":"121.478733,31.232029","tel":"[]","bigType":"科教文化服务","midType":"培训机构","smallType":"培训机构","gcj_lng":121.478733,"gcj_lat":31.232029,"wgs84_loc":"121.474227,31.233984","wgs84Lng":"121.474227","wgs84Lat":"31.233984","__source_file__":"13-常用公服设施点/SHP/上海市_培训机构.shp"},"geometry":{"type":"Point","coordinates":[121.474227,31.233984]}},{"id":"18242","type":"Feature","properties":{"id":"B0FFK1V653","name":"澜大教育","address":"广西北路158号上海黄浦区图书馆大楼F13层","type":"科教文化服务;培训机构;培训机构","typecode":"141400","pcode":310000,"pname":"上海市","citycode":21,"cityname":"上海市","adcode":310101,"adname":"黄浦区","business_a":"北京东路","location":"121.478691,31.232055","tel":"[]","bigType":"科教文化服务","midType":"培训机构","smallType":"培训机构","gcj_lng":121.478691,"gcj_lat":31.232055,"wgs84_loc":"121.474184,31.23401","wgs84Lng":"121.474184","wgs84Lat":"31.23401","__source_file__":"13-常用公服设施点/SHP/上海市_培训机构.shp"},"geometry":{"type":"Point","coordinates":[121.474184,31.23401]}},{"id":"5116","type":"Feature","properties":{"id":"B0FFHYFNS5","name":"英孚教育(人民广场中心)","address":"福州路666华鑫海欣大厦3层-4层","type":"科教文化服务;培训机构;培训机构","typecode":"141400","pcode":310000,"pname":"上海市","citycode":21,"cityname":"上海市","adcode":310101,"adname":"黄浦区","business_a":"北京东路","location":"121.477627,31.232255","tel":"4001188433","bigType":"科教文化服务","midType":"培训机构","smallType":"培训机构","gcj_lng":121.477627,"gcj_lat":31.232255,"wgs84_loc":"121.473117,31.234207","wgs84Lng":"121.473117","wgs84Lat":"31.234207","__source_file__":"13-常用公服设施点/SHP/上海市_培训机构.shp"},"geometry":{"type":"Point","coordinates":[121.473117,31.234207]}},{"id":"5106","type":"Feature","properties":{"id":"B0FFG69P3R","name":"英孚教育成人英语(人民广场中心)","address":"福州路666号华鑫海欣大厦3层","type":"科教文化服务;培训机构;培训机构","typecode":"141400","pcode":310000,"pname":"上海市","citycode":21,"cityname":"上海市","adcode":310101,"adname":"黄浦区","business_a":"北京东路","location":"121.477864,31.232372","tel":"4001079100","bigType":"科教文化服务","midType":"培训机构","smallType":"培训机构","gcj_lng":121.477864,"gcj_lat":31.232372,"wgs84_loc":"121.473355,31.234325","wgs84Lng":"121.473355","wgs84Lat":"31.234325","__source_file__":"13-常用公服设施点/SHP/上海市_培训机构.shp"},"geometry":{"type":"Point","coordinates":[121.473355,31.234325]}},{"id":"15926","type":"Feature","properties":{"id":"B0FFJRWCFP","name":"霍特国际商学院","address":"福州路666号(近广西路)华鑫海欣大厦四层","type":"科教文化服务;培训机构;培训机构","typecode":"141400","pcode":310000,"pname":"上海市","citycode":21,"cityname":"上海市","adcode":310101,"adname":"黄浦区","business_a":"北京东路","location":"121.477730,31.232484","tel":"[]","bigType":"科教文化服务","midType":"培训机构","smallType":"培训机构","gcj_lng":121.47773,"gcj_lat":31.232484,"wgs84_loc":"121.47322,31.234436","wgs84Lng":"121.47322","wgs84Lat":"31.234436","__source_file__":"13-常用公服设施点/SHP/上海市_培训机构.shp"},"geometry":{"type":"Point","coordinates":[121.47322,31.234436]}},{"id":"5153","type":"Feature","properties":{"id":"B0FFJGDB89","name":"朗阁教育(人民广场店)","address":"福州路666号华鑫海欣大厦11楼","type":"科教文化服务;培训机构;培训机构","typecode":"141400","pcode":310000,"pname":"上海市","citycode":21,"cityname":"上海市","adcode":310101,"adname":"黄浦区","business_a":"北京东路","location":"121.477718,31.232491","tel":"18019333359","bigType":"科教文化服务","midType":"培训机构","smallType":"培训机构","gcj_lng":121.477718,"gcj_lat":31.232491,"wgs84_loc":"121.473208,31.234443","wgs84Lng":"121.473208","wgs84Lat":"31.234443","__source_file__":"13-常用公服设施点/SHP/上海市_培训机构.shp"},"geometry":{"type":"Point","coordinates":[121.473208,31.234443]}},{"id":"17308","type":"Feature","properties":{"id":"B0IGHHDR9P","name":"湖州善琏崇学堂笔庄","address":"福州路与平望街交叉口东20米","type":"科教文化服务;培训机构;培训机构","typecode":"141400","pcode":310000,"pname":"上海市","citycode":21,"cityname":"上海市","adcode":310101,"adname":"黄浦区","business_a":"北京东路","location":"121.478988,31.232493","tel":"[]","bigType":"科教文化服务","midType":"培训机构","smallType":"培训机构","gcj_lng":121.478988,"gcj_lat":31.232493,"wgs84_loc":"121.474482,31.234449","wgs84Lng":"121.474482","wgs84Lat":"31.234449","__source_file__":"13-常用公服设施点/SHP/上海市_培训机构.shp"},"geometry":{"type":"Point","coordinates":[121.474482,31.234449]}},{"id":"5490","type":"Feature","properties":{"id":"B0HK1S903A","name":"领航教育","address":"福州路666号华鑫海欣大厦1层","type":"科教文化服务;培训机构;培训机构","typecode":"141400","pcode":310000,"pname":"上海市","citycode":21,"cityname":"上海市","adcode":310101,"adname":"黄浦区","business_a":"北京东路","location":"121.477717,31.232499","tel":"[]","bigType":"科教文化服务","midType":"培训机构","smallType":"培训机构","gcj_lng":121.477717,"gcj_lat":31.232499,"wgs84_loc":"121.473207,31.234451","wgs84Lng":"121.473207","wgs84Lat":"31.234451","__source_file__":"13-常用公服设施点/SHP/上海市_培训机构.shp"},"geometry":{"type":"Point","coordinates":[121.473207,31.234451]}},{"id":"5391","type":"Feature","properties":{"id":"B0FFK24CPU","name":"奥孚培优(人民广场校区)","address":"福州路666号华鑫海欣大厦5楼(人民广场地铁站)","type":"科教文化服务;培训机构;培训机构","typecode":"141400","pcode":310000,"pname":"上海市","citycode":21,"cityname":"上海市","adcode":310101,"adname":"黄浦区","business_a":"北京东路","location":"121.477766,31.232538","tel":"[]","bigType":"科教文化服务","midType":"培训机构","smallType":"培训机构","gcj_lng":121.477766,"gcj_lat":31.232538,"wgs84_loc":"121.473256,31.234491","wgs84Lng":"121.473256","wgs84Lat":"31.234491","__source_file__":"13-常用公服设施点/SHP/上海市_培训机构.shp"},"geometry":{"type":"Point","coordinates":[121.473256,31.234491]}},{"id":"17220","type":"Feature","properties":{"id":"B0FFHJ68FF","name":"自力教育","address":"福州路666号华鑫大厦5楼","type":"科教文化服务;培训机构;培训机构","typecode":"141400","pcode":310000,"pname":"上海市","citycode":21,"cityname":"上海市","adcode":310101,"adname":"黄浦区","business_a":"北京东路","location":"121.478014,31.232566","tel":"[]","bigType":"科教文化服务","midType":"培训机构","smallType":"培训机构","gcj_lng":121.478014,"gcj_lat":31.232566,"wgs84_loc":"121.473505,31.234519","wgs84Lng":"121.473505","wgs84Lat":"31.234519","__source_file__":"13-常用公服设施点/SHP/上海市_培训机构.shp"},"geometry":{"type":"Point","coordinates":[121.473505,31.234519]}},{"id":"5207","type":"Feature","properties":{"id":"B0FFIKAM66","name":"EF成人英语教育","address":"福州路666号华鑫海欣大厦3层","type":"科教文化服务;培训机构;培训机构","typecode":"141400","pcode":310000,"pname":"上海市","citycode":21,"cityname":"上海市","adcode":310101,"adname":"黄浦区","business_a":"北京东路","location":"121.477707,31.232578","tel":"[]","bigType":"科教文化服务","midType":"培训机构","smallType":"培训机构","gcj_lng":121.477707,"gcj_lat":31.232578,"wgs84_loc":"121.473197,31.23453","wgs84Lng":"121.473197","wgs84Lat":"31.23453","__source_file__":"13-常用公服设施点/SHP/上海市_培训机构.shp"},"geometry":{"type":"Point","coordinates":[121.473197,31.23453]}},{"id":"15263","type":"Feature","properties":{"id":"B0FFF5DFFQ","name":"上海市智赢国际英语(人广校区)","address":"福州路666号华鑫海欣大厦A座12层","type":"科教文化服务;培训机构;培训机构","typecode":"141400","pcode":310000,"pname":"上海市","citycode":21,"cityname":"上海市","adcode":310101,"adname":"黄浦区","business_a":"北京东路","location":"121.477784,31.232578","tel":"[]","bigType":"科教文化服务","midType":"培训机构","smallType":"培训机构","gcj_lng":121.477784,"gcj_lat":31.232578,"wgs84_loc":"121.473274,31.234531","wgs84Lng":"121.473274","wgs84Lat":"31.234531","__source_file__":"13-常用公服设施点/SHP/上海市_培训机构.shp"},"geometry":{"type":"Point","coordinates":[121.473274,31.234531]}},{"id":"14459","type":"Feature","properties":{"id":"B0FFJKKDR6","name":"奥孚教育","address":"福州路666号华欣海鑫大厦5楼","type":"科教文化服务;培训机构;培训机构","typecode":"141400","pcode":310000,"pname":"上海市","citycode":21,"cityname":"上海市","adcode":310101,"adname":"黄浦区","business_a":"北京东路","location":"121.477715,31.232580","tel":"[]","bigType":"科教文化服务","midType":"培训机构","smallType":"培训机构","gcj_lng":121.477715,"gcj_lat":31.23258,"wgs84_loc":"121.473205,31.234532","wgs84Lng":"121.473205","wgs84Lat":"31.234532","__source_file__":"13-常用公服设施点/SHP/上海市_培训机构.shp"},"geometry":{"type":"Point","coordinates":[121.473205,31.234532]}},{"id":"5238","type":"Feature","properties":{"id":"B0FFJNA4SQ","name":"策马翻译培训口译培训部(上海分部)","address":"会稽路8号金天地国际大厦1606室(地铁10号线老西门地铁站6出口)","type":"科教文化服务;培训机构;培训机构","typecode":"141400","pcode":310000,"pname":"上海市","citycode":21,"cityname":"上海市","adcode":310101,"adname":"黄浦区","business_a":"淮海路","location":"121.482863,31.223077","tel":"[]","bigType":"科教文化服务","midType":"培训机构","smallType":"培训机构","gcj_lng":121.482863,"gcj_lat":31.223077,"wgs84_loc":"121.478371,31.225048","wgs84Lng":"121.478371","wgs84Lat":"31.225048","__source_file__":"13-常用公服设施点/SHP/上海市_培训机构.shp"},"geometry":{"type":"Point","coordinates":[121.478371,31.225048]}},{"id":"17300","type":"Feature","properties":{"id":"B0FFK1U6OF","name":"中国教育服务中心黄浦留学","address":"会稽路8号金天地国际大厦8层810室","type":"科教文化服务;培训机构;培训机构","typecode":"141400","pcode":310000,"pname":"上海市","citycode":21,"cityname":"上海市","adcode":310101,"adname":"黄浦区","business_a":"淮海路","location":"121.482660,31.223086","tel":"[]","bigType":"科教文化服务","midType":"培训机构","smallType":"培训机构","gcj_lng":121.48266,"gcj_lat":31.223086,"wgs84_loc":"121.478168,31.225057","wgs84Lng":"121.478168","wgs84Lat":"31.225057","__source_file__":"13-常用公服设施点/SHP/上海市_培训机构.shp"},"geometry":{"type":"Point","coordinates":[121.478168,31.225057]}},{"id":"5558","type":"Feature","properties":{"id":"B001572E7D","name":"启程教育","address":"人民路998号金天地国际大厦601室(近会稽路)","type":"科教文化服务;培训机构;培训机构","typecode":"141400","pcode":310000,"pname":"上海市","citycode":21,"cityname":"上海市","adcode":310101,"adname":"黄浦区","business_a":"淮海路","location":"121.482669,31.223418","tel":"18217556231","bigType":"科教文化服务","midType":"培训机构","smallType":"培训机构","gcj_lng":121.482669,"gcj_lat":31.223418,"wgs84_loc":"121.478177,31.225389","wgs84Lng":"121.478177","wgs84Lat":"31.225389","__source_file__":"13-常用公服设施点/SHP/上海市_培训机构.shp"},"geometry":{"type":"Point","coordinates":[121.478177,31.225389]}},{"id":"5559","type":"Feature","properties":{"id":"B00155GA82","name":"海上书画院","address":"大境路259、269","type":"科教文化服务;培训机构;培训机构","typecode":"141400","pcode":310000,"pname":"上海市","citycode":21,"cityname":"上海市","adcode":310101,"adname":"黄浦区","business_a":"城隍庙","location":"121.483322,31.224433","tel":"[]","bigType":"科教文化服务","midType":"培训机构","smallType":"培训机构","gcj_lng":121.483322,"gcj_lat":31.224433,"wgs84_loc":"121.478832,31.226405","wgs84Lng":"121.478832","wgs84Lat":"31.226405","__source_file__":"13-常用公服设施点/SHP/上海市_培训机构.shp"},"geometry":{"type":"Point","coordinates":[121.478832,31.226405]}},{"id":"5120","type":"Feature","properties":{"id":"B0FFHWI8JA","name":"上师出国均融教育","address":"淮海东路99号10楼H座","type":"科教文化服务;培训机构;培训机构","typecode":"141400","pcode":310000,"pname":"上海市","citycode":21,"cityname":"上海市","adcode":310101,"adname":"黄浦区","business_a":"淮海路","location":"121.480988,31.225412","tel":"021-63858803","bigType":"科教文化服务","midType":"培训机构","smallType":"培训机构","gcj_lng":121.480988,"gcj_lat":31.225412,"wgs84_loc":"121.47649,31.227377","wgs84Lng":"121.47649","wgs84Lat":"31.227377","__source_file__":"13-常用公服设施点/SHP/上海市_培训机构.shp"},"geometry":{"type":"Point","coordinates":[121.47649,31.227377]}},{"id":"13780","type":"Feature","properties":{"id":"B0FFK6A1RU","name":"海外教育","address":"淮海东路99号恒积大厦17层","type":"科教文化服务;培训机构;培训机构","typecode":"141400","pcode":310000,"pname":"上海市","citycode":21,"cityname":"上海市","adcode":310101,"adname":"黄浦区","business_a":"淮海路","location":"121.480941,31.225429","tel":"[]","bigType":"科教文化服务","midType":"培训机构","smallType":"培训机构","gcj_lng":121.480941,"gcj_lat":31.225429,"wgs84_loc":"121.476443,31.227394","wgs84Lng":"121.476443","wgs84Lat":"31.227394","__source_file__":"13-常用公服设施点/SHP/上海市_培训机构.shp"},"geometry":{"type":"Point","coordinates":[121.476443,31.227394]}},{"id":"5281","type":"Feature","properties":{"id":"B0FFLIZB9G","name":"暖屋画室","address":"人民路885号淮海中华大厦517室","type":"科教文化服务;培训机构;培训机构","typecode":"141400","pcode":310000,"pname":"上海市","citycode":21,"cityname":"上海市","adcode":310101,"adname":"黄浦区","business_a":"淮海路","location":"121.483350,31.225539","tel":"15902128238","bigType":"科教文化服务","midType":"培训机构","smallType":"培训机构","gcj_lng":121.48335,"gcj_lat":31.225539,"wgs84_loc":"121.47886,31.227511","wgs84Lng":"121.47886","wgs84Lat":"31.227511","__source_file__":"13-常用公服设施点/SHP/上海市_培训机构.shp"},"geometry":{"type":"Point","coordinates":[121.47886,31.227511]}},{"id":"5278","type":"Feature","properties":{"id":"B0G09YOPLT","name":"幸艺音乐中华大厦","address":"人民路885号淮海中华大厦1504室","type":"科教文化服务;培训机构;培训机构","typecode":"141400","pcode":310000,"pname":"上海市","citycode":21,"cityname":"上海市","adcode":310101,"adname":"黄浦区","business_a":"淮海路","location":"121.483359,31.225579","tel":"18201868329","bigType":"科教文化服务","midType":"培训机构","smallType":"培训机构","gcj_lng":121.483359,"gcj_lat":31.225579,"wgs84_loc":"121.478869,31.227551","wgs84Lng":"121.478869","wgs84Lat":"31.227551","__source_file__":"13-常用公服设施点/SHP/上海市_培训机构.shp"},"geometry":{"type":"Point","coordinates":[121.478869,31.227551]}},{"id":"5421","type":"Feature","properties":{"id":"B0G3FHJ5VQ","name":"一间画室","address":"人民路885号淮海中华大厦911室(人民路青莲街路口全家超市旁)","type":"科教文化服务;培训机构;培训机构","typecode":"141400","pcode":310000,"pname":"上海市","citycode":21,"cityname":"上海市","adcode":310101,"adname":"黄浦区","business_a":"淮海路","location":"121.483339,31.225588","tel":"[]","bigType":"科教文化服务","midType":"培训机构","smallType":"培训机构","gcj_lng":121.483339,"gcj_lat":31.225588,"wgs84_loc":"121.478849,31.22756","wgs84Lng":"121.478849","wgs84Lat":"31.22756","__source_file__":"13-常用公服设施点/SHP/上海市_培训机构.shp"},"geometry":{"type":"Point","coordinates":[121.478849,31.22756]}},{"id":"14339","type":"Feature","properties":{"id":"B0G0XBYQGY","name":"孚比艾教育","address":"豫园街道人民路885号淮海中华大厦","type":"科教文化服务;培训机构;培训机构","typecode":"141400","pcode":310000,"pname":"上海市","citycode":21,"cityname":"上海市","adcode":310101,"adname":"黄浦区","business_a":"城隍庙","location":"121.483312,31.225658","tel":"[]","bigType":"科教文化服务","midType":"培训机构","smallType":"培训机构","gcj_lng":121.483312,"gcj_lat":31.225658,"wgs84_loc":"121.478822,31.22763","wgs84Lng":"121.478822","wgs84Lat":"31.22763","__source_file__":"13-常用公服设施点/SHP/上海市_培训机构.shp"},"geometry":{"type":"Point","coordinates":[121.478822,31.22763]}},{"id":"5366","type":"Feature","properties":{"id":"B0HUAH249Y","name":"市中教育(人民广场分校)","address":"淮海东路85号1607室","type":"科教文化服务;培训机构;培训机构","typecode":"141400","pcode":310000,"pname":"上海市","citycode":21,"cityname":"上海市","adcode":310101,"adname":"黄浦区","business_a":"淮海路","location":"121.481496,31.225780","tel":"021-53067034","bigType":"科教文化服务","midType":"培训机构","smallType":"培训机构","gcj_lng":121.481496,"gcj_lat":31.22578,"wgs84_loc":"121.476999,31.227746","wgs84Lng":"121.476999","wgs84Lat":"31.227746","__source_file__":"13-常用公服设施点/SHP/上海市_培训机构.shp"},"geometry":{"type":"Point","coordinates":[121.476999,31.227746]}},{"id":"15191","type":"Feature","properties":{"id":"B0FFL5AX0A","name":"中国人寿教育培训部","address":"人民路858号","type":"科教文化服务;培训机构;培训机构","typecode":"141400","pcode":310000,"pname":"上海市","citycode":21,"cityname":"上海市","adcode":310101,"adname":"黄浦区","business_a":"城隍庙","location":"121.482766,31.225959","tel":"[]","bigType":"科教文化服务","midType":"培训机构","smallType":"培训机构","gcj_lng":121.482766,"gcj_lat":31.225959,"wgs84_loc":"121.478274,31.227929","wgs84Lng":"121.478274","wgs84Lat":"31.227929","__source_file__":"13-常用公服设施点/SHP/上海市_培训机构.shp"},"geometry":{"type":"Point","coordinates":[121.478274,31.227929]}},{"id":"15364","type":"Feature","properties":{"id":"B0FFI412KZ","name":"魔兽训练中心","address":"淮海东路45号东淮海国际大厦3楼","type":"科教文化服务;培训机构;培训机构","typecode":"141400","pcode":310000,"pname":"上海市","citycode":21,"cityname":"上海市","adcode":310101,"adname":"黄浦区","business_a":"城隍庙","location":"121.482498,31.226240","tel":"[]","bigType":"科教文化服务","midType":"培训机构","smallType":"培训机构","gcj_lng":121.482498,"gcj_lat":31.22624,"wgs84_loc":"121.478005,31.228209","wgs84Lng":"121.478005","wgs84Lat":"31.228209","__source_file__":"13-常用公服设施点/SHP/上海市_培训机构.shp"},"geometry":{"type":"Point","coordinates":[121.478005,31.228209]}},{"id":"13698","type":"Feature","properties":{"id":"B0FFF3X0ZD","name":"上海爱法语培训中心(人广校区)","address":"云南南路180号淮云大厦15楼","type":"科教文化服务;培训机构;培训机构","typecode":"141400","pcode":310000,"pname":"上海市","citycode":21,"cityname":"上海市","adcode":310101,"adname":"黄浦区","business_a":"北京东路","location":"121.481217,31.226398","tel":"021-63335316","bigType":"科教文化服务","midType":"培训机构","smallType":"培训机构","gcj_lng":121.481217,"gcj_lat":31.226398,"wgs84_loc":"121.476719,31.228363","wgs84Lng":"121.476719","wgs84Lat":"31.228363","__source_file__":"13-常用公服设施点/SHP/上海市_培训机构.shp"},"geometry":{"type":"Point","coordinates":[121.476719,31.228363]}},{"id":"15768","type":"Feature","properties":{"id":"B0FFINMWRA","name":"济才教育","address":"云南路180号淮云大厦15楼1502室","type":"科教文化服务;培训机构;培训机构","typecode":"141400","pcode":310000,"pname":"上海市","citycode":21,"cityname":"上海市","adcode":310101,"adname":"黄浦区","business_a":"淮海路","location":"121.481227,31.226506","tel":"[]","bigType":"科教文化服务","midType":"培训机构","smallType":"培训机构","gcj_lng":121.481227,"gcj_lat":31.226506,"wgs84_loc":"121.476729,31.228471","wgs84Lng":"121.476729","wgs84Lat":"31.228471","__source_file__":"13-常用公服设施点/SHP/上海市_培训机构.shp"},"geometry":{"type":"Point","coordinates":[121.476729,31.228471]}},{"id":"5523","type":"Feature","properties":{"id":"B0G0DUB6LJ","name":"书写立人硬笔书法(淮海东路校区)","address":"云南南路180号淮云大厦713室","type":"科教文化服务;培训机构;培训机构","typecode":"141400","pcode":310000,"pname":"上海市","citycode":21,"cityname":"上海市","adcode":310101,"adname":"黄浦区","business_a":"淮海路","location":"121.481299,31.226507","tel":"19921986090","bigType":"科教文化服务","midType":"培训机构","smallType":"培训机构","gcj_lng":121.481299,"gcj_lat":31.226507,"wgs84_loc":"121.476802,31.228472","wgs84Lng":"121.476802","wgs84Lat":"31.228472","__source_file__":"13-常用公服设施点/SHP/上海市_培训机构.shp"},"geometry":{"type":"Point","coordinates":[121.476802,31.228472]}},{"id":"5122","type":"Feature","properties":{"id":"B0FFJ8DZL4","name":"ING舞蹈俱乐部","address":"云南南路180号淮云大厦5楼511-512室","type":"科教文化服务;培训机构;培训机构","typecode":"141400","pcode":310000,"pname":"上海市","citycode":21,"cityname":"上海市","adcode":310101,"adname":"黄浦区","business_a":"北京东路","location":"121.481359,31.226566","tel":"[]","bigType":"科教文化服务","midType":"培训机构","smallType":"培训机构","gcj_lng":121.481359,"gcj_lat":31.226566,"wgs84_loc":"121.476862,31.228531","wgs84Lng":"121.476862","wgs84Lat":"31.228531","__source_file__":"13-常用公服设施点/SHP/上海市_培训机构.shp"},"geometry":{"type":"Point","coordinates":[121.476862,31.228531]}},{"id":"5105","type":"Feature","properties":{"id":"B0FFGCY2DE","name":"自力教育(淮海东路总部)","address":"云南南路180号淮云大厦14层","type":"科教文化服务;培训机构;培训机构","typecode":"141400","pcode":310000,"pname":"上海市","citycode":21,"cityname":"上海市","adcode":310101,"adname":"黄浦区","business_a":"北京东路","location":"121.481381,31.226574","tel":"021-22818001","bigType":"科教文化服务","midType":"培训机构","smallType":"培训机构","gcj_lng":121.481381,"gcj_lat":31.226574,"wgs84_loc":"121.476884,31.22854","wgs84Lng":"121.476884","wgs84Lat":"31.22854","__source_file__":"13-常用公服设施点/SHP/上海市_培训机构.shp"},"geometry":{"type":"Point","coordinates":[121.476884,31.22854]}},{"id":"14822","type":"Feature","properties":{"id":"B0G1A11RMK","name":"热舞舞蹈(淮海店)","address":"云南南路与淮海东路交叉口西北60米","type":"科教文化服务;培训机构;培训机构","typecode":"141400","pcode":310000,"pname":"上海市","citycode":21,"cityname":"上海市","adcode":310101,"adname":"黄浦区","business_a":"淮海路","location":"121.481342,31.226629","tel":"[]","bigType":"科教文化服务","midType":"培训机构","smallType":"培训机构","gcj_lng":121.481342,"gcj_lat":31.226629,"wgs84_loc":"121.476845,31.228594","wgs84Lng":"121.476845","wgs84Lat":"31.228594","__source_file__":"13-常用公服设施点/SHP/上海市_培训机构.shp"},"geometry":{"type":"Point","coordinates":[121.476845,31.228594]}},{"id":"5148","type":"Feature","properties":{"id":"B0FFKBUTW5","name":"橡乐教幼儿教育中心","address":"青莲街121号","type":"科教文化服务;培训机构;培训机构","typecode":"141400","pcode":310000,"pname":"上海市","citycode":21,"cityname":"上海市","adcode":310101,"adname":"黄浦区","business_a":"城隍庙","location":"121.484033,31.225549","tel":"021-63360067","bigType":"科教文化服务","midType":"培训机构","smallType":"培训机构","gcj_lng":121.484033,"gcj_lat":31.225549,"wgs84_loc":"121.479545,31.227523","wgs84Lng":"121.479545","wgs84Lat":"31.227523","__source_file__":"13-常用公服设施点/SHP/上海市_培训机构.shp"},"geometry":{"type":"Point","coordinates":[121.479545,31.227523]}},{"id":"5376","type":"Feature","properties":{"id":"B0H2H1KHNW","name":"橡创教育","address":"东青莲街121号1层","type":"科教文化服务;培训机构;培训机构","typecode":"141400","pcode":310000,"pname":"上海市","citycode":21,"cityname":"上海市","adcode":310101,"adname":"黄浦区","business_a":"城隍庙","location":"121.484070,31.225581","tel":"[]","bigType":"科教文化服务","midType":"培训机构","smallType":"培训机构","gcj_lng":121.48407,"gcj_lat":31.225581,"wgs84_loc":"121.479582,31.227555","wgs84Lng":"121.479582","wgs84Lat":"31.227555","__source_file__":"13-常用公服设施点/SHP/上海市_培训机构.shp"},"geometry":{"type":"Point","coordinates":[121.479582,31.227555]}},{"id":"16287","type":"Feature","properties":{"id":"B0FFHUARRE","name":"篆刻书法","address":"凝晖路与豫园新路交叉口北50米","type":"科教文化服务;培训机构;培训机构","typecode":"141400","pcode":310000,"pname":"上海市","citycode":21,"cityname":"上海市","adcode":310101,"adname":"黄浦区","business_a":"城隍庙","location":"121.491050,31.226652","tel":"[]","bigType":"科教文化服务","midType":"培训机构","smallType":"培训机构","gcj_lng":121.49105,"gcj_lat":31.226652,"wgs84_loc":"121.486587,31.228646","wgs84Lng":"121.486587","wgs84Lat":"31.228646","__source_file__":"13-常用公服设施点/SHP/上海市_培训机构.shp"},"geometry":{"type":"Point","coordinates":[121.486587,31.228646]}},{"id":"5168","type":"Feature","properties":{"id":"B0FFKVYQOU","name":"UPEL龄乐国际日托","address":"柳泉弄1号1楼A座","type":"科教文化服务;培训机构;培训机构","typecode":"141400","pcode":310000,"pname":"上海市","citycode":21,"cityname":"上海市","adcode":310101,"adname":"黄浦区","business_a":"城隍庙","location":"121.484621,31.226680","tel":"13162020484","bigType":"科教文化服务","midType":"培训机构","smallType":"培训机构","gcj_lng":121.484621,"gcj_lat":31.22668,"wgs84_loc":"121.480135,31.228655","wgs84Lng":"121.480135","wgs84Lat":"31.228655","__source_file__":"13-常用公服设施点/SHP/上海市_培训机构.shp"},"geometry":{"type":"Point","coordinates":[121.480135,31.228655]}},{"id":"16552","type":"Feature","properties":{"id":"B0FFKSIIAZ","name":"GMF训练营·少儿围棋·国际象棋","address":"柳泉弄1号2楼","type":"科教文化服务;培训机构;培训机构","typecode":"141400","pcode":310000,"pname":"上海市","citycode":21,"cityname":"上海市","adcode":310101,"adname":"黄浦区","business_a":"城隍庙","location":"121.484520,31.226856","tel":"[]","bigType":"科教文化服务","midType":"培训机构","smallType":"培训机构","gcj_lng":121.48452,"gcj_lat":31.226856,"wgs84_loc":"121.480034,31.22883","wgs84Lng":"121.480034","wgs84Lat":"31.22883","__source_file__":"13-常用公服设施点/SHP/上海市_培训机构.shp"},"geometry":{"type":"Point","coordinates":[121.480034,31.22883]}},{"id":"12908","type":"Feature","properties":{"id":"B0FFHUJRFY","name":"德国赛乐尔钢琴","address":"福建南路精益里金陵东路福建南路路口","type":"科教文化服务;培训机构;培训机构","typecode":"141400","pcode":310000,"pname":"上海市","citycode":21,"cityname":"上海市","adcode":310101,"adname":"黄浦区","business_a":"城隍庙","location":"121.484460,31.229158","tel":"[]","bigType":"科教文化服务","midType":"培训机构","smallType":"培训机构","gcj_lng":121.48446,"gcj_lat":31.229158,"wgs84_loc":"121.479973,31.231131","wgs84Lng":"121.479973","wgs84Lat":"31.231131","__source_file__":"13-常用公服设施点/SHP/上海市_培训机构.shp"},"geometry":{"type":"Point","coordinates":[121.479973,31.231131]}},{"id":"44","type":"Feature","properties":{"id":"B0FFMCS0W6","name":"微本教育","address":"河南南路33号新上海城市广场16N","type":"科教文化服务;培训机构;培训机构","typecode":"141400","pcode":310000,"pname":"上海市","citycode":21,"cityname":"上海市","adcode":310101,"adname":"黄浦区","business_a":"城隍庙","location":"121.487368,31.229647","tel":"13262886208","bigType":"科教文化服务","midType":"培训机构","smallType":"培训机构","gcj_lng":121.487368,"gcj_lat":31.229647,"wgs84_loc":"121.482892,31.231628","wgs84Lng":"121.482892","wgs84Lat":"31.231628","__source_file__":"13-常用公服设施点/SHP/上海市_培训机构.shp"},"geometry":{"type":"Point","coordinates":[121.482892,31.231628]}},{"id":"5374","type":"Feature","properties":{"id":"B0H6SNVSBR","name":"茶筱朵茶道花艺创业茶馆培训","address":"河南南路与金陵东路交叉口东南约60米","type":"科教文化服务;培训机构;培训机构","typecode":"141400","pcode":310000,"pname":"上海市","citycode":21,"cityname":"上海市","adcode":310101,"adname":"黄浦区","business_a":"城隍庙","location":"121.487269,31.229693","tel":"[]","bigType":"科教文化服务","midType":"培训机构","smallType":"培训机构","gcj_lng":121.487269,"gcj_lat":31.229693,"wgs84_loc":"121.482792,31.231674","wgs84Lng":"121.482792","wgs84Lat":"31.231674","__source_file__":"13-常用公服设施点/SHP/上海市_培训机构.shp"},"geometry":{"type":"Point","coordinates":[121.482792,31.231674]}},{"id":"5390","type":"Feature","properties":{"id":"B0FFK85O3V","name":"Joffrelab求府国际教育","address":"人民路292号外滩SOHOD座105栋","type":"科教文化服务;培训机构;培训机构","typecode":"141400","pcode":310000,"pname":"上海市","citycode":21,"cityname":"上海市","adcode":310101,"adname":"黄浦区","business_a":"城隍庙","location":"121.493605,31.229790","tel":"021-63308980","bigType":"科教文化服务","midType":"培训机构","smallType":"培训机构","gcj_lng":121.493605,"gcj_lat":31.22979,"wgs84_loc":"121.489151,31.23179","wgs84Lng":"121.489151","wgs84Lat":"31.23179","__source_file__":"13-常用公服设施点/SHP/上海市_培训机构.shp"},"geometry":{"type":"Point","coordinates":[121.489151,31.23179]}},{"id":"16271","type":"Feature","properties":{"id":"B0FFG0HR4W","name":"上海豫园职业技能培训中心","address":"山东南路43号","type":"科教文化服务;培训机构;培训机构","typecode":"141400","pcode":310000,"pname":"上海市","citycode":21,"cityname":"上海市","adcode":310101,"adname":"黄浦区","business_a":"城隍庙","location":"121.485533,31.230203","tel":"[]","bigType":"科教文化服务","midType":"培训机构","smallType":"培训机构","gcj_lng":121.485533,"gcj_lat":31.230203,"wgs84_loc":"121.48105,31.232179","wgs84Lng":"121.48105","wgs84Lat":"31.232179","__source_file__":"13-常用公服设施点/SHP/上海市_培训机构.shp"},"geometry":{"type":"Point","coordinates":[121.48105,31.232179]}},{"id":"17315","type":"Feature","properties":{"id":"B0G2AK3HCR","name":"胜利自习室","address":"河南南路与延安东路辅路交叉口西南约40米","type":"科教文化服务;培训机构;培训机构","typecode":"141400","pcode":310000,"pname":"上海市","citycode":21,"cityname":"上海市","adcode":310101,"adname":"黄浦区","business_a":"北京东路","location":"121.486539,31.230491","tel":"[]","bigType":"科教文化服务","midType":"培训机构","smallType":"培训机构","gcj_lng":121.486539,"gcj_lat":31.230491,"wgs84_loc":"121.48206,31.23247","wgs84Lng":"121.48206","wgs84Lat":"31.23247","__source_file__":"13-常用公服设施点/SHP/上海市_培训机构.shp"},"geometry":{"type":"Point","coordinates":[121.48206,31.23247]}},{"id":"5430","type":"Feature","properties":{"id":"B0HBRP413G","name":"舞蹈美术书法","address":"盛泽路黄浦区政府南侧约90米","type":"科教文化服务;培训机构;培训机构","typecode":"141400","pcode":310000,"pname":"上海市","citycode":21,"cityname":"上海市","adcode":310101,"adname":"黄浦区","business_a":"北京东路","location":"121.484162,31.230649","tel":"[]","bigType":"科教文化服务","midType":"培训机构","smallType":"培训机构","gcj_lng":121.484162,"gcj_lat":31.230649,"wgs84_loc":"121.479674,31.232621","wgs84Lng":"121.479674","wgs84Lat":"31.232621","__source_file__":"13-常用公服设施点/SHP/上海市_培训机构.shp"},"geometry":{"type":"Point","coordinates":[121.479674,31.232621]}},{"id":"5552","type":"Feature","properties":{"id":"B0FFGCC7Q7","name":"仁修教育","address":"延安东路辅路与盛泽路交叉口西南约40米","type":"科教文化服务;培训机构;培训机构","typecode":"141400","pcode":310000,"pname":"上海市","citycode":21,"cityname":"上海市","adcode":310101,"adname":"黄浦区","business_a":"北京东路","location":"121.484097,31.230693","tel":"[]","bigType":"科教文化服务","midType":"培训机构","smallType":"培训机构","gcj_lng":121.484097,"gcj_lat":31.230693,"wgs84_loc":"121.479609,31.232664","wgs84Lng":"121.479609","wgs84Lat":"31.232664","__source_file__":"13-常用公服设施点/SHP/上海市_培训机构.shp"},"geometry":{"type":"Point","coordinates":[121.479609,31.232664]}},{"id":"5373","type":"Feature","properties":{"id":"B0HA27RCC3","name":"繁星未来艺术学校(黄浦店)","address":"延安东路197-199号","type":"科教文化服务;培训机构;培训机构","typecode":"141400","pcode":310000,"pname":"上海市","citycode":21,"cityname":"上海市","adcode":310101,"adname":"黄浦区","business_a":"北京东路","location":"121.484146,31.230709","tel":"15800476786","bigType":"科教文化服务","midType":"培训机构","smallType":"培训机构","gcj_lng":121.484146,"gcj_lat":31.230709,"wgs84_loc":"121.479658,31.232681","wgs84Lng":"121.479658","wgs84Lat":"31.232681","__source_file__":"13-常用公服设施点/SHP/上海市_培训机构.shp"},"geometry":{"type":"Point","coordinates":[121.479658,31.232681]}},{"id":"5158","type":"Feature","properties":{"id":"B00154HPZV","name":"上海市黄浦商业人才培训中心(延安东路)","address":"延安东路199-205号","type":"科教文化服务;培训机构;培训机构","typecode":"141400","pcode":310000,"pname":"上海市","citycode":21,"cityname":"上海市","adcode":310101,"adname":"黄浦区","business_a":"北京东路","location":"121.484194,31.230720","tel":"021-53580342","bigType":"科教文化服务","midType":"培训机构","smallType":"培训机构","gcj_lng":121.484194,"gcj_lat":31.23072,"wgs84_loc":"121.479706,31.232692","wgs84Lng":"121.479706","wgs84Lat":"31.232692","__source_file__":"13-常用公服设施点/SHP/上海市_培训机构.shp"},"geometry":{"type":"Point","coordinates":[121.479706,31.232692]}},{"id":"5314","type":"Feature","properties":{"id":"B0FFJFNUMI","name":"上海市天千青少年体育舞蹈俱乐部","address":"延安东路59号5楼","type":"科教文化服务;培训机构;培训机构","typecode":"141400","pcode":310000,"pname":"上海市","citycode":21,"cityname":"上海市","adcode":310101,"adname":"黄浦区","business_a":"北京东路","location":"121.488846,31.231417","tel":"19946073627","bigType":"科教文化服务","midType":"培训机构","smallType":"培训机构","gcj_lng":121.488846,"gcj_lat":31.231417,"wgs84_loc":"121.484375,31.233402","wgs84Lng":"121.484375","wgs84Lat":"31.233402","__source_file__":"13-常用公服设施点/SHP/上海市_培训机构.shp"},"geometry":{"type":"Point","coordinates":[121.484375,31.233402]}},{"id":"5548","type":"Feature","properties":{"id":"B0FFHAQPP6","name":"上海java培训","address":"延安东路59号工商联大厦副楼5楼","type":"科教文化服务;培训机构;培训机构","typecode":"141400","pcode":310000,"pname":"上海市","citycode":21,"cityname":"上海市","adcode":310101,"adname":"黄浦区","business_a":"城隍庙","location":"121.489213,31.231429","tel":"[]","bigType":"科教文化服务","midType":"培训机构","smallType":"培训机构","gcj_lng":121.489213,"gcj_lat":31.231429,"wgs84_loc":"121.484743,31.233415","wgs84Lng":"121.484743","wgs84Lat":"31.233415","__source_file__":"13-常用公服设施点/SHP/上海市_培训机构.shp"},"geometry":{"type":"Point","coordinates":[121.484743,31.233415]}},{"id":"5236","type":"Feature","properties":{"id":"B0FFM13XEQ","name":"学习书院","address":"延安东路九号","type":"科教文化服务;培训机构;培训机构","typecode":"141400","pcode":310000,"pname":"上海市","citycode":21,"cityname":"上海市","adcode":310101,"adname":"黄浦区","business_a":"城隍庙","location":"121.490996,31.232580","tel":"[]","bigType":"科教文化服务","midType":"培训机构","smallType":"培训机构","gcj_lng":121.490996,"gcj_lat":31.23258,"wgs84_loc":"121.486532,31.234571","wgs84Lng":"121.486532","wgs84Lat":"31.234571","__source_file__":"13-常用公服设施点/SHP/上海市_培训机构.shp"},"geometry":{"type":"Point","coordinates":[121.486532,31.234571]}},{"id":"5480","type":"Feature","properties":{"id":"B0I6ARCVCP","name":"豫璟教育","address":"延安东路58号高登金融大厦2层","type":"科教文化服务;培训机构;培训机构","typecode":"141400","pcode":310000,"pname":"上海市","citycode":21,"cityname":"上海市","adcode":310101,"adname":"黄浦区","business_a":"北京东路","location":"121.490447,31.233208","tel":"[]","bigType":"科教文化服务","midType":"培训机构","smallType":"培训机构","gcj_lng":121.490447,"gcj_lat":31.233208,"wgs84_loc":"121.485981,31.235197","wgs84Lng":"121.485981","wgs84Lat":"31.235197","__source_file__":"13-常用公服设施点/SHP/上海市_培训机构.shp"},"geometry":{"type":"Point","coordinates":[121.485981,31.235197]}},{"id":"5363","type":"Feature","properties":{"id":"B0I6A74NEH","name":"浑朴教育","address":"延安东路588号远洋商业大厦1期1层14C","type":"科教文化服务;培训机构;培训机构","typecode":"141400","pcode":310000,"pname":"上海市","citycode":21,"cityname":"上海市","adcode":310101,"adname":"黄浦区","business_a":"北京东路","location":"121.480877,31.230665","tel":"[]","bigType":"科教文化服务","midType":"培训机构","smallType":"培训机构","gcj_lng":121.480877,"gcj_lat":31.230665,"wgs84_loc":"121.476378,31.232627","wgs84Lng":"121.476378","wgs84Lat":"31.232627","__source_file__":"13-常用公服设施点/SHP/上海市_培训机构.shp"},"geometry":{"type":"Point","coordinates":[121.476378,31.232627]}},{"id":"5460","type":"Feature","properties":{"id":"B0FFF00NNM","name":"华兴九智力","address":"北海路8号福申大厦9层","type":"科教文化服务;培训机构;培训机构","typecode":"141400","pcode":310000,"pname":"上海市","citycode":21,"cityname":"上海市","adcode":310101,"adname":"黄浦区","business_a":"北京东路","location":"121.482247,31.232014","tel":"021-51098395","bigType":"科教文化服务","midType":"培训机构","smallType":"培训机构","gcj_lng":121.482247,"gcj_lat":31.232014,"wgs84_loc":"121.477752,31.233979","wgs84Lng":"121.477752","wgs84Lat":"31.233979","__source_file__":"13-常用公服设施点/SHP/上海市_培训机构.shp"},"geometry":{"type":"Point","coordinates":[121.477752,31.233979]}},{"id":"5347","type":"Feature","properties":{"id":"B0FFKLE6RO","name":"清华大学五道口金融学院上海学习中心","address":"世界贸易大厦7层","type":"科教文化服务;培训机构;培训机构","typecode":"141400","pcode":310000,"pname":"上海市","citycode":21,"cityname":"上海市","adcode":310101,"adname":"黄浦区","business_a":"北京东路","location":"121.481939,31.232525","tel":"[]","bigType":"科教文化服务","midType":"培训机构","smallType":"培训机构","gcj_lng":121.481939,"gcj_lat":31.232525,"wgs84_loc":"121.477443,31.234489","wgs84Lng":"121.477443","wgs84Lat":"31.234489","__source_file__":"13-常用公服设施点/SHP/上海市_培训机构.shp"},"geometry":{"type":"Point","coordinates":[121.477443,31.234489]}},{"id":"5497","type":"Feature","properties":{"id":"B0HAC7VV3Q","name":"亚洲宝石学院","address":"广东路与福建中路交叉口西约60米","type":"科教文化服务;培训机构;培训机构","typecode":"141400","pcode":310000,"pname":"上海市","citycode":21,"cityname":"上海市","adcode":310101,"adname":"黄浦区","business_a":"北京东路","location":"121.481827,31.232548","tel":"[]","bigType":"科教文化服务","midType":"培训机构","smallType":"培训机构","gcj_lng":121.481827,"gcj_lat":31.232548,"wgs84_loc":"121.477331,31.234512","wgs84Lng":"121.477331","wgs84Lat":"31.234512","__source_file__":"13-常用公服设施点/SHP/上海市_培训机构.shp"},"geometry":{"type":"Point","coordinates":[121.477331,31.234512]}},{"id":"5107","type":"Feature","properties":{"id":"B0FFHET37C","name":"德瑞姆心理咨询师培训(培训中心)","address":"南京东路街道广东路500号世界贸易大厦8层","type":"科教文化服务;培训机构;培训机构","typecode":"141400","pcode":310000,"pname":"上海市","citycode":21,"cityname":"上海市","adcode":310101,"adname":"黄浦区","business_a":"北京东路","location":"121.481801,31.232557","tel":"17302176439;16628751650","bigType":"科教文化服务","midType":"培训机构","smallType":"培训机构","gcj_lng":121.481801,"gcj_lat":31.232557,"wgs84_loc":"121.477305,31.234521","wgs84Lng":"121.477305","wgs84Lat":"31.234521","__source_file__":"13-常用公服设施点/SHP/上海市_培训机构.shp"},"geometry":{"type":"Point","coordinates":[121.477305,31.234521]}},{"id":"45","type":"Feature","properties":{"id":"B0FFF65VRP","name":"EF英孚教育(上海书城体验店)","address":"福州路465号上海书城1楼","type":"科教文化服务;培训机构;培训机构","typecode":"141400","pcode":310000,"pname":"上海市","citycode":21,"cityname":"上海市","adcode":310101,"adname":"黄浦区","business_a":"北京东路","location":"121.481746,31.233220","tel":"[]","bigType":"科教文化服务","midType":"培训机构","smallType":"培训机构","gcj_lng":121.481746,"gcj_lat":31.23322,"wgs84_loc":"121.47725,31.235184","wgs84Lng":"121.47725","wgs84Lat":"31.235184","__source_file__":"13-常用公服设施点/SHP/上海市_培训机构.shp"},"geometry":{"type":"Point","coordinates":[121.47725,31.235184]}},{"id":"5325","type":"Feature","properties":{"id":"B0FFHI64O1","name":"昂立智立方教育(智立方七星人广旗舰校)","address":"福州路465号上海书城4楼智立方","type":"科教文化服务;培训机构;培训机构","typecode":"141400","pcode":310000,"pname":"上海市","citycode":21,"cityname":"上海市","adcode":310101,"adname":"黄浦区","business_a":"北京东路","location":"121.481264,31.233287","tel":"4000867940","bigType":"科教文化服务","midType":"培训机构","smallType":"培训机构","gcj_lng":121.481264,"gcj_lat":31.233287,"wgs84_loc":"121.476766,31.235249","wgs84Lng":"121.476766","wgs84Lat":"31.235249","__source_file__":"13-常用公服设施点/SHP/上海市_培训机构.shp"},"geometry":{"type":"Point","coordinates":[121.476766,31.235249]}},{"id":"5371","type":"Feature","properties":{"id":"B0HAHNGKHH","name":"央恒·上艺未来艺术中心","address":"福州路465号上海书城","type":"科教文化服务;培训机构;培训机构","typecode":"141400","pcode":310000,"pname":"上海市","citycode":21,"cityname":"上海市","adcode":310101,"adname":"黄浦区","business_a":"北京东路","location":"121.481477,31.233364","tel":"[]","bigType":"科教文化服务","midType":"培训机构","smallType":"培训机构","gcj_lng":121.481477,"gcj_lat":31.233364,"wgs84_loc":"121.47698,31.235327","wgs84Lng":"121.47698","wgs84Lat":"31.235327","__source_file__":"13-常用公服设施点/SHP/上海市_培训机构.shp"},"geometry":{"type":"Point","coordinates":[121.47698,31.235327]}},{"id":"14366","type":"Feature","properties":{"id":"B0FFH2XPYG","name":"四季教育(福州路校区)","address":"福州路355号上海文化商厦4层","type":"科教文化服务;培训机构;培训机构","typecode":"141400","pcode":310000,"pname":"上海市","citycode":21,"cityname":"上海市","adcode":310101,"adname":"黄浦区","business_a":"北京东路","location":"121.483509,31.233877","tel":"021-63353519","bigType":"科教文化服务","midType":"培训机构","smallType":"培训机构","gcj_lng":121.483509,"gcj_lat":31.233877,"wgs84_loc":"121.479019,31.235845","wgs84Lng":"121.479019","wgs84Lat":"31.235845","__source_file__":"13-常用公服设施点/SHP/上海市_培训机构.shp"},"geometry":{"type":"Point","coordinates":[121.479019,31.235845]}},{"id":"5227","type":"Feature","properties":{"id":"B0FFGVWZBN","name":"达内(上海文化广场中心)","address":"福州路355号文化商厦11F","type":"科教文化服务;培训机构;培训机构","typecode":"141400","pcode":310000,"pname":"上海市","citycode":21,"cityname":"上海市","adcode":310101,"adname":"黄浦区","business_a":"北京东路","location":"121.483276,31.233910","tel":"4001118989","bigType":"科教文化服务","midType":"培训机构","smallType":"培训机构","gcj_lng":121.483276,"gcj_lat":31.23391,"wgs84_loc":"121.478785,31.235878","wgs84Lng":"121.478785","wgs84Lat":"31.235878","__source_file__":"13-常用公服设施点/SHP/上海市_培训机构.shp"},"geometry":{"type":"Point","coordinates":[121.478785,31.235878]}},{"id":"5183","type":"Feature","properties":{"id":"B0HAAA5DLR","name":"达内IT培训(文化广场校区)","address":"福州路与山西南路交叉口西南约40米","type":"科教文化服务;培训机构;培训机构","typecode":"141400","pcode":310000,"pname":"上海市","citycode":21,"cityname":"上海市","adcode":310101,"adname":"黄浦区","business_a":"北京东路","location":"121.483284,31.233912","tel":"[]","bigType":"科教文化服务","midType":"培训机构","smallType":"培训机构","gcj_lng":121.483284,"gcj_lat":31.233912,"wgs84_loc":"121.478793,31.23588","wgs84Lng":"121.478793","wgs84Lat":"31.23588","__source_file__":"13-常用公服设施点/SHP/上海市_培训机构.shp"},"geometry":{"type":"Point","coordinates":[121.478793,31.23588]}},{"id":"5362","type":"Feature","properties":{"id":"B0I6A77PYM","name":"万试通教育","address":"汉口路515号汇金大厦17楼","type":"科教文化服务;培训机构;培训机构","typecode":"141400","pcode":310000,"pname":"上海市","citycode":21,"cityname":"上海市","adcode":310101,"adname":"黄浦区","business_a":"北京东路","location":"121.480768,31.233973","tel":"[]","bigType":"科教文化服务","midType":"培训机构","smallType":"培训机构","gcj_lng":121.480768,"gcj_lat":31.233973,"wgs84_loc":"121.476268,31.235933","wgs84Lng":"121.476268","wgs84Lat":"31.235933","__source_file__":"13-常用公服设施点/SHP/上海市_培训机构.shp"},"geometry":{"type":"Point","coordinates":[121.476268,31.235933]}},{"id":"5463","type":"Feature","properties":{"id":"B00155GHL4","name":"逆向英语学习推广中心(上海春藤店)","address":"福建中路205号中怡公寓903室","type":"科教文化服务;培训机构;培训机构","typecode":"141400","pcode":310000,"pname":"上海市","citycode":21,"cityname":"上海市","adcode":310101,"adname":"黄浦区","business_a":"北京东路","location":"121.481220,31.233977","tel":"[]","bigType":"科教文化服务","midType":"培训机构","smallType":"培训机构","gcj_lng":121.48122,"gcj_lat":31.233977,"wgs84_loc":"121.476722,31.235939","wgs84Lng":"121.476722","wgs84Lat":"31.235939","__source_file__":"13-常用公服设施点/SHP/上海市_培训机构.shp"},"geometry":{"type":"Point","coordinates":[121.476722,31.235939]}},{"id":"14953","type":"Feature","properties":{"id":"B0HAJ55OXG","name":"家辉培优(黄浦人广教学中心)","address":"黄埔区福州路355号（上海文化商厦）5楼","type":"科教文化服务;培训机构;培训机构","typecode":"141400","pcode":310000,"pname":"上海市","citycode":21,"cityname":"上海市","adcode":310101,"adname":"黄浦区","business_a":"北京东路","location":"121.483650,31.233976","tel":"021-63151683;4006699726","bigType":"科教文化服务","midType":"培训机构","smallType":"培训机构","gcj_lng":121.48365,"gcj_lat":31.233976,"wgs84_loc":"121.47916,31.235945","wgs84Lng":"121.47916","wgs84Lat":"31.235945","__source_file__":"13-常用公服设施点/SHP/上海市_培训机构.shp"},"geometry":{"type":"Point","coordinates":[121.47916,31.235945]}},{"id":"15897","type":"Feature","properties":{"id":"B00157HBPV","name":"辅翔教育","address":"汉口路515号汇金大厦1200-1202室","type":"科教文化服务;培训机构;培训机构","typecode":"141400","pcode":310000,"pname":"上海市","citycode":21,"cityname":"上海市","adcode":310101,"adname":"黄浦区","business_a":"北京东路","location":"121.480643,31.234136","tel":"[]","bigType":"科教文化服务","midType":"培训机构","smallType":"培训机构","gcj_lng":121.480643,"gcj_lat":31.234136,"wgs84_loc":"121.476143,31.236096","wgs84Lng":"121.476143","wgs84Lat":"31.236096","__source_file__":"13-常用公服设施点/SHP/上海市_培训机构.shp"},"geometry":{"type":"Point","coordinates":[121.476143,31.236096]}},{"id":"36","type":"Feature","properties":{"id":"B0FFLFBNJP","name":"东方消防学校","address":"山西南路22号","type":"科教文化服务;培训机构;培训机构","typecode":"141400","pcode":310000,"pname":"上海市","citycode":21,"cityname":"上海市","adcode":310101,"adname":"黄浦区","business_a":"北京东路","location":"121.483633,31.234523","tel":"[]","bigType":"科教文化服务","midType":"培训机构","smallType":"培训机构","gcj_lng":121.483633,"gcj_lat":31.234523,"wgs84_loc":"121.479143,31.236491","wgs84Lng":"121.479143","wgs84Lat":"31.236491","__source_file__":"13-常用公服设施点/SHP/上海市_培训机构.shp"},"geometry":{"type":"Point","coordinates":[121.479143,31.236491]}},{"id":"14688","type":"Feature","properties":{"id":"B0GKJO0NU2","name":"财菁教育","address":"四平路1945号1577室","type":"科教文化服务;培训机构;培训机构","typecode":"141400","pcode":310000,"pname":"上海市","citycode":21,"cityname":"上海市","adcode":310101,"adname":"黄浦区","business_a":"北京东路","location":"121.483035,31.234840","tel":"13817331724","bigType":"科教文化服务","midType":"培训机构","smallType":"培训机构","gcj_lng":121.483035,"gcj_lat":31.23484,"wgs84_loc":"121.478543,31.236806","wgs84Lng":"121.478543","wgs84Lat":"31.236806","__source_file__":"13-常用公服设施点/SHP/上海市_培训机构.shp"},"geometry":{"type":"Point","coordinates":[121.478543,31.236806]}},{"id":"5097","type":"Feature","properties":{"id":"B0FFF00N8D","name":"上海人才培训中心黄浦校区","address":"山西南路31弄8号1层","type":"科教文化服务;培训机构;培训机构","typecode":"141400","pcode":310000,"pname":"上海市","citycode":21,"cityname":"上海市","adcode":310101,"adname":"黄浦区","business_a":"北京东路","location":"121.483182,31.234865","tel":"021-63225011;021-58780653","bigType":"科教文化服务","midType":"培训机构","smallType":"培训机构","gcj_lng":121.483182,"gcj_lat":31.234865,"wgs84_loc":"121.47869,31.236832","wgs84Lng":"121.47869","wgs84Lat":"31.236832","__source_file__":"13-常用公服设施点/SHP/上海市_培训机构.shp"},"geometry":{"type":"Point","coordinates":[121.47869,31.236832]}},{"id":"15771","type":"Feature","properties":{"id":"B0FFG8FGBD","name":"中和教育(黄埔校区)","address":"汉口路398号华盛大厦1207室","type":"科教文化服务;培训机构;培训机构","typecode":"141400","pcode":310000,"pname":"上海市","citycode":21,"cityname":"上海市","adcode":310101,"adname":"黄浦区","business_a":"北京东路","location":"121.482739,31.235291","tel":"021-63233612","bigType":"科教文化服务","midType":"培训机构","smallType":"培训机构","gcj_lng":121.482739,"gcj_lat":31.235291,"wgs84_loc":"121.478246,31.237256","wgs84Lng":"121.478246","wgs84Lat":"31.237256","__source_file__":"13-常用公服设施点/SHP/上海市_培训机构.shp"},"geometry":{"type":"Point","coordinates":[121.478246,31.237256]}},{"id":"5446","type":"Feature","properties":{"id":"B0FFLHW512","name":"上海升智教育","address":"华盛大厦701","type":"科教文化服务;培训机构;培训机构","typecode":"141400","pcode":310000,"pname":"上海市","citycode":21,"cityname":"上海市","adcode":310101,"adname":"黄浦区","business_a":"北京东路","location":"121.482645,31.235524","tel":"13788917860","bigType":"科教文化服务","midType":"培训机构","smallType":"培训机构","gcj_lng":121.482645,"gcj_lat":31.235524,"wgs84_loc":"121.478152,31.237489","wgs84Lng":"121.478152","wgs84Lat":"31.237489","__source_file__":"13-常用公服设施点/SHP/上海市_培训机构.shp"},"geometry":{"type":"Point","coordinates":[121.478152,31.237489]}},{"id":"18474","type":"Feature","properties":{"id":"B0FFKFVBG0","name":"浙江大学国际联合商学院(浙大ZIBS)上海教学基地","address":"福州路318号华设大厦1909","type":"科教文化服务;培训机构;培训机构","typecode":"141400","pcode":310000,"pname":"上海市","citycode":21,"cityname":"上海市","adcode":310101,"adname":"黄浦区","business_a":"北京路","location":"121.484154,31.234593","tel":"[]","bigType":"科教文化服务","midType":"培训机构","smallType":"培训机构","gcj_lng":121.484154,"gcj_lat":31.234593,"wgs84_loc":"121.479666,31.236563","wgs84Lng":"121.479666","wgs84Lat":"31.236563","__source_file__":"13-常用公服设施点/SHP/上海市_培训机构.shp"},"geometry":{"type":"Point","coordinates":[121.479666,31.236563]}},{"id":"14743","type":"Feature","properties":{"id":"B0FFJTFD5I","name":"楷亨教育","address":"福州路318号华设大厦","type":"科教文化服务;培训机构;培训机构","typecode":"141400","pcode":310000,"pname":"上海市","citycode":21,"cityname":"上海市","adcode":310101,"adname":"黄浦区","business_a":"北京东路","location":"121.484271,31.234881","tel":"13818762694","bigType":"科教文化服务","midType":"培训机构","smallType":"培训机构","gcj_lng":121.484271,"gcj_lat":31.234881,"wgs84_loc":"121.479783,31.236851","wgs84Lng":"121.479783","wgs84Lat":"31.236851","__source_file__":"13-常用公服设施点/SHP/上海市_培训机构.shp"},"geometry":{"type":"Point","coordinates":[121.479783,31.236851]}},{"id":"5167","type":"Feature","properties":{"id":"B0FFL7E1K9","name":"裂·画室Isolation Art Club","address":"江西中路170号福州大楼410室","type":"科教文化服务;培训机构;培训机构","typecode":"141400","pcode":310000,"pname":"上海市","citycode":21,"cityname":"上海市","adcode":310101,"adname":"黄浦区","business_a":"北京东路","location":"121.487539,31.234877","tel":"15317298879","bigType":"科教文化服务","midType":"培训机构","smallType":"培训机构","gcj_lng":121.487539,"gcj_lat":31.234877,"wgs84_loc":"121.483063,31.236857","wgs84Lng":"121.483063","wgs84Lat":"31.236857","__source_file__":"13-常用公服设施点/SHP/上海市_培训机构.shp"},"geometry":{"type":"Point","coordinates":[121.483063,31.236857]}},{"id":"5336","type":"Feature","properties":{"id":"B0FFF65ZUD","name":"上海市商务教育培训中心(上海市商业人才开发服务中心)","address":"福州路89号申达大厦","type":"科教文化服务;培训机构;培训机构","typecode":"141400","pcode":310000,"pname":"上海市","citycode":21,"cityname":"上海市","adcode":310101,"adname":"黄浦区","business_a":"北京东路","location":"121.488770,31.235215","tel":"[]","bigType":"科教文化服务","midType":"培训机构","smallType":"培训机构","gcj_lng":121.48877,"gcj_lat":31.235215,"wgs84_loc":"121.484298,31.237198","wgs84Lng":"121.484298","wgs84Lat":"31.237198","__source_file__":"13-常用公服设施点/SHP/上海市_培训机构.shp"},"geometry":{"type":"Point","coordinates":[121.484298,31.237198]}},{"id":"5162","type":"Feature","properties":{"id":"B0HD5UGENF","name":"Hiito七拓吉他音乐生活","address":"四川中路181号215室","type":"科教文化服务;培训机构;培训机构","typecode":"141400","pcode":310000,"pname":"上海市","citycode":21,"cityname":"上海市","adcode":310101,"adname":"黄浦区","business_a":"北京东路","location":"121.488611,31.235376","tel":"4001835480;15566660807","bigType":"科教文化服务","midType":"培训机构","smallType":"培训机构","gcj_lng":121.488611,"gcj_lat":31.235376,"wgs84_loc":"121.484138,31.237359","wgs84Lng":"121.484138","wgs84Lat":"31.237359","__source_file__":"13-常用公服设施点/SHP/上海市_培训机构.shp"},"geometry":{"type":"Point","coordinates":[121.484138,31.237359]}},{"id":"5532","type":"Feature","properties":{"id":"B0FFL1JB7W","name":"上海平面设计培训学校","address":"山东中路311号市民健身中心4楼","type":"科教文化服务;培训机构;培训机构","typecode":"141400","pcode":310000,"pname":"上海市","citycode":21,"cityname":"上海市","adcode":310101,"adname":"黄浦区","business_a":"北京东路","location":"121.483814,31.235846","tel":"13761176062","bigType":"科教文化服务","midType":"培训机构","smallType":"培训机构","gcj_lng":121.483814,"gcj_lat":31.235846,"wgs84_loc":"121.479325,31.237814","wgs84Lng":"121.479325","wgs84Lat":"31.237814","__source_file__":"13-常用公服设施点/SHP/上海市_培训机构.shp"},"geometry":{"type":"Point","coordinates":[121.479325,31.237814]}},{"id":"14502","type":"Feature","properties":{"id":"B0FFI7T4RF","name":"上海服装设计培训学校","address":"山东路311号4层","type":"科教文化服务;培训机构;培训机构","typecode":"141400","pcode":310000,"pname":"上海市","citycode":21,"cityname":"上海市","adcode":310101,"adname":"黄浦区","business_a":"北京东路","location":"121.483856,31.235949","tel":"[]","bigType":"科教文化服务","midType":"培训机构","smallType":"培训机构","gcj_lng":121.483856,"gcj_lat":31.235949,"wgs84_loc":"121.479367,31.237917","wgs84Lng":"121.479367","wgs84Lat":"31.237917","__source_file__":"13-常用公服设施点/SHP/上海市_培训机构.shp"},"geometry":{"type":"Point","coordinates":[121.479367,31.237917]}},{"id":"5410","type":"Feature","properties":{"id":"B0HGFZ5MYW","name":"ACC学术顾问联盟","address":"南京东路299号","type":"科教文化服务;培训机构;培训机构","typecode":"141400","pcode":310000,"pname":"上海市","citycode":21,"cityname":"上海市","adcode":310101,"adname":"黄浦区","business_a":"北京东路","location":"121.485524,31.236140","tel":"[]","bigType":"科教文化服务","midType":"培训机构","smallType":"培训机构","gcj_lng":121.485524,"gcj_lat":31.23614,"wgs84_loc":"121.481041,31.238113","wgs84Lng":"121.481041","wgs84Lat":"31.238113","__source_file__":"13-常用公服设施点/SHP/上海市_培训机构.shp"},"geometry":{"type":"Point","coordinates":[121.481041,31.238113]}},{"id":"5444","type":"Feature","properties":{"id":"B0FFM9AZC9","name":"上海黑普公司","address":"南京东路1266号","type":"科教文化服务;培训机构;培训机构","typecode":"141400","pcode":310000,"pname":"上海市","citycode":21,"cityname":"上海市","adcode":310101,"adname":"黄浦区","business_a":"北京东路","location":"121.483882,31.236755","tel":"[]","bigType":"科教文化服务","midType":"培训机构","smallType":"培训机构","gcj_lng":121.483882,"gcj_lat":31.236755,"wgs84_loc":"121.479393,31.238723","wgs84Lng":"121.479393","wgs84Lat":"31.238723","__source_file__":"13-常用公服设施点/SHP/上海市_培训机构.shp"},"geometry":{"type":"Point","coordinates":[121.479393,31.238723]}},{"id":"17305","type":"Feature","properties":{"id":"B0IGXZL2RR","name":"七彩读写","address":"四川中路与沙市二路交叉口东南40米","type":"科教文化服务;培训机构;培训机构","typecode":"141400","pcode":310000,"pname":"上海市","citycode":21,"cityname":"上海市","adcode":310101,"adname":"黄浦区","business_a":"北京东路","location":"121.488125,31.237899","tel":"[]","bigType":"科教文化服务","midType":"培训机构","smallType":"培训机构","gcj_lng":121.488125,"gcj_lat":31.237899,"wgs84_loc":"121.483651,31.239879","wgs84Lng":"121.483651","wgs84Lat":"31.239879","__source_file__":"13-常用公服设施点/SHP/上海市_培训机构.shp"},"geometry":{"type":"Point","coordinates":[121.483651,31.239879]}},{"id":"5072","type":"Feature","properties":{"id":"B0GRA759VX","name":"爱作剧imusical音乐剧艺术中心","address":"江宁路66号美琪大戏院北楼","type":"科教文化服务;培训机构;培训机构","typecode":"141400","pcode":310000,"pname":"上海市","citycode":21,"cityname":"上海市","adcode":310106,"adname":"静安区","business_a":"淮海路","location":"121.455864,31.229514","tel":"021-62669169","bigType":"科教文化服务","midType":"培训机构","smallType":"培训机构","gcj_lng":121.455864,"gcj_lat":31.229514,"wgs84_loc":"121.451288,31.231412","wgs84Lng":"121.451288","wgs84Lat":"31.231412","__source_file__":"13-常用公服设施点/SHP/上海市_培训机构.shp"},"geometry":{"type":"Point","coordinates":[121.451288,31.231412]}},{"id":"6077","type":"Feature","properties":{"id":"B0FFIB5H1F","name":"国网上海市电力公司培训中心江宁路培训基地","address":"江宁路103附近","type":"科教文化服务;培训机构;培训机构","typecode":"141400","pcode":310000,"pname":"上海市","citycode":21,"cityname":"上海市","adcode":310106,"adname":"静安区","business_a":"淮海路","location":"121.455506,31.229970","tel":"[]","bigType":"科教文化服务","midType":"培训机构","smallType":"培训机构","gcj_lng":121.455506,"gcj_lat":31.22997,"wgs84_loc":"121.450929,31.231867","wgs84Lng":"121.450929","wgs84Lat":"31.231867","__source_file__":"13-常用公服设施点/SHP/上海市_培训机构.shp"},"geometry":{"type":"Point","coordinates":[121.450929,31.231867]}},{"id":"5829","type":"Feature","properties":{"id":"B0FFLEX8EW","name":"闹·画室Now Studio(南京西路店)","address":"南京西路934号泰兴大楼401室","type":"科教文化服务;培训机构;培训机构","typecode":"141400","pcode":310000,"pname":"上海市","citycode":21,"cityname":"上海市","adcode":310106,"adname":"静安区","business_a":"淮海路","location":"121.458945,31.230219","tel":"18161936577;18602122124","bigType":"科教文化服务","midType":"培训机构","smallType":"培训机构","gcj_lng":121.458945,"gcj_lat":31.230219,"wgs84_loc":"121.454377,31.232124","wgs84Lng":"121.454377","wgs84Lat":"31.232124","__source_file__":"13-常用公服设施点/SHP/上海市_培训机构.shp"},"geometry":{"type":"Point","coordinates":[121.454377,31.232124]}},{"id":"18259","type":"Feature","properties":{"id":"B0IR4111BZ","name":"新东方前途出国静安中心","address":"北京西路968号嘉地中心12层","type":"科教文化服务;培训机构;培训机构|生活服务;生活服务场所;生活服务场所","typecode":"141400|070000","pcode":310000,"pname":"上海市","citycode":21,"cityname":"上海市","adcode":310106,"adname":"静安区","business_a":"淮海路","location":"121.456314,31.231079","tel":"021-35884069;021-35884618","bigType":"科教文化服务","midType":"培训机构","smallType":"培训机构|生活服务","gcj_lng":121.456314,"gcj_lat":31.231079,"wgs84_loc":"121.451739,31.232977","wgs84Lng":"121.451739","wgs84Lat":"31.232977","__source_file__":"13-常用公服设施点/SHP/上海市_培训机构.shp"},"geometry":{"type":"Point","coordinates":[121.451739,31.232977]}},{"id":"6227","type":"Feature","properties":{"id":"B0HGTD8CHY","name":"精英教育","address":"石门二路街道北京西路1000号嘉地中心办公楼","type":"科教文化服务;培训机构;培训机构","typecode":"141400","pcode":310000,"pname":"上海市","citycode":21,"cityname":"上海市","adcode":310106,"adname":"静安区","business_a":"淮海路","location":"121.456412,31.231153","tel":"[]","bigType":"科教文化服务","midType":"培训机构","smallType":"培训机构","gcj_lng":121.456412,"gcj_lat":31.231153,"wgs84_loc":"121.451837,31.233052","wgs84Lng":"121.451837","wgs84Lat":"31.233052","__source_file__":"13-常用公服设施点/SHP/上海市_培训机构.shp"},"geometry":{"type":"Point","coordinates":[121.451837,31.233052]}},{"id":"5865","type":"Feature","properties":{"id":"B0FFKVNLD8","name":"昂立中学生(静安校区)","address":"北京西路833号京泰楼3楼","type":"科教文化服务;培训机构;培训机构","typecode":"141400","pcode":310000,"pname":"上海市","citycode":21,"cityname":"上海市","adcode":310106,"adname":"静安区","business_a":"淮海路","location":"121.458701,31.231207","tel":"4001020815","bigType":"科教文化服务","midType":"培训机构","smallType":"培训机构","gcj_lng":121.458701,"gcj_lat":31.231207,"wgs84_loc":"121.454132,31.233111","wgs84Lng":"121.454132","wgs84Lat":"31.233111","__source_file__":"13-常用公服设施点/SHP/上海市_培训机构.shp"},"geometry":{"type":"Point","coordinates":[121.454132,31.233111]}},{"id":"6083","type":"Feature","properties":{"id":"B0FFG20LM8","name":"UVIC英国教育签证中心","address":"北京西路968号嘉地中心2005室","type":"科教文化服务;培训机构;培训机构","typecode":"141400","pcode":310000,"pname":"上海市","citycode":21,"cityname":"上海市","adcode":310106,"adname":"静安区","business_a":"淮海路","location":"121.456298,31.231281","tel":"[]","bigType":"科教文化服务","midType":"培训机构","smallType":"培训机构","gcj_lng":121.456298,"gcj_lat":31.231281,"wgs84_loc":"121.451723,31.233179","wgs84Lng":"121.451723","wgs84Lat":"31.233179","__source_file__":"13-常用公服设施点/SHP/上海市_培训机构.shp"},"geometry":{"type":"Point","coordinates":[121.451723,31.233179]}},{"id":"1580","type":"Feature","properties":{"id":"B0FFHC2WCN","name":"青海省三智唐卡艺术职业培训学校(上海培训点)","address":"泰兴路296号","type":"科教文化服务;培训机构;培训机构","typecode":"141400","pcode":310000,"pname":"上海市","citycode":21,"cityname":"上海市","adcode":310106,"adname":"静安区","business_a":"淮海路","location":"121.457625,31.231633","tel":"[]","bigType":"科教文化服务","midType":"培训机构","smallType":"培训机构","gcj_lng":121.457625,"gcj_lat":31.231633,"wgs84_loc":"121.453053,31.233534","wgs84Lng":"121.453053","wgs84Lat":"31.233534","__source_file__":"13-常用公服设施点/SHP/上海市_培训机构.shp"},"geometry":{"type":"Point","coordinates":[121.453053,31.233534]}},{"id":"6334","type":"Feature","properties":{"id":"B0H1T5ID66","name":"P2·上海创客中心","address":"新闸路与昌化路交叉口西南约100米","type":"科教文化服务;培训机构;培训机构","typecode":"141400","pcode":310000,"pname":"上海市","citycode":21,"cityname":"上海市","adcode":310106,"adname":"静安区","business_a":"淮海路","location":"121.455222,31.232377","tel":"[]","bigType":"科教文化服务","midType":"培训机构","smallType":"培训机构","gcj_lng":121.455222,"gcj_lat":31.232377,"wgs84_loc":"121.450644,31.234272","wgs84Lng":"121.450644","wgs84Lat":"31.234272","__source_file__":"13-常用公服设施点/SHP/上海市_培训机构.shp"},"geometry":{"type":"Point","coordinates":[121.450644,31.234272]}},{"id":"5848","type":"Feature","properties":{"id":"B00156NVN7","name":"上海市政协会议培训中心","address":"泰兴路306号","type":"科教文化服务;培训机构;培训机构","typecode":"141400","pcode":310000,"pname":"上海市","citycode":21,"cityname":"上海市","adcode":310106,"adname":"静安区","business_a":"淮海路","location":"121.457664,31.232477","tel":"[]","bigType":"科教文化服务","midType":"培训机构","smallType":"培训机构","gcj_lng":121.457664,"gcj_lat":31.232477,"wgs84_loc":"121.453092,31.234378","wgs84Lng":"121.453092","wgs84Lat":"31.234378","__source_file__":"13-常用公服设施点/SHP/上海市_培训机构.shp"},"geometry":{"type":"Point","coordinates":[121.453092,31.234378]}},{"id":"5187","type":"Feature","properties":{"id":"B0G3XKCT2I","name":"上海明霞画室","address":"南京西路455弄14号","type":"科教文化服务;培训机构;培训机构","typecode":"141400","pcode":310000,"pname":"上海市","citycode":21,"cityname":"上海市","adcode":310101,"adname":"黄浦区","business_a":"淮海路","location":"121.468380,31.230521","tel":"021-63591518;13917093577","bigType":"科教文化服务","midType":"培训机构","smallType":"培训机构","gcj_lng":121.46838,"gcj_lat":31.230521,"wgs84_loc":"121.46384,31.232449","wgs84Lng":"121.46384","wgs84Lat":"31.232449","__source_file__":"13-常用公服设施点/SHP/上海市_培训机构.shp"},"geometry":{"type":"Point","coordinates":[121.46384,31.232449]}},{"id":"17321","type":"Feature","properties":{"id":"B0FFGYTY3C","name":"Thanks Art Studio","address":"南京西路455弄5号(人民广场地铁站11号口步行350米)","type":"科教文化服务;培训机构;培训机构","typecode":"141400","pcode":310000,"pname":"上海市","citycode":21,"cityname":"上海市","adcode":310101,"adname":"黄浦区","business_a":"淮海路","location":"121.468524,31.230605","tel":"[]","bigType":"科教文化服务","midType":"培训机构","smallType":"培训机构","gcj_lng":121.468524,"gcj_lat":31.230605,"wgs84_loc":"121.463984,31.232533","wgs84Lng":"121.463984","wgs84Lat":"31.232533","__source_file__":"13-常用公服设施点/SHP/上海市_培训机构.shp"},"geometry":{"type":"Point","coordinates":[121.463984,31.232533]}},{"id":"5305","type":"Feature","properties":{"id":"B0FFM7F5CR","name":"EQ艺术设计化妆培训中心","address":"南京西路389号3楼","type":"科教文化服务;培训机构;培训机构","typecode":"141400","pcode":310000,"pname":"上海市","citycode":21,"cityname":"上海市","adcode":310101,"adname":"黄浦区","business_a":"北京东路","location":"121.469719,31.230954","tel":"15001936156","bigType":"科教文化服务","midType":"培训机构","smallType":"培训机构","gcj_lng":121.469719,"gcj_lat":31.230954,"wgs84_loc":"121.465183,31.232885","wgs84Lng":"121.465183","wgs84Lat":"31.232885","__source_file__":"13-常用公服设施点/SHP/上海市_培训机构.shp"},"geometry":{"type":"Point","coordinates":[121.465183,31.232885]}},{"id":"5957","type":"Feature","properties":{"id":"B0GR35HRLY","name":"WELL STAY国际备考","address":"南京西路580号仲益大厦1906室","type":"科教文化服务;培训机构;培训机构","typecode":"141400","pcode":310000,"pname":"上海市","citycode":21,"cityname":"上海市","adcode":310106,"adname":"静安区","business_a":"淮海路","location":"121.466140,31.231254","tel":"021-52340658;18930147903;021-52340655","bigType":"科教文化服务","midType":"培训机构","smallType":"培训机构","gcj_lng":121.46614,"gcj_lat":31.231254,"wgs84_loc":"121.461593,31.233176","wgs84Lng":"121.461593","wgs84Lat":"31.233176","__source_file__":"13-常用公服设施点/SHP/上海市_培训机构.shp"},"geometry":{"type":"Point","coordinates":[121.461593,31.233176]}},{"id":"15202","type":"Feature","properties":{"id":"B0FFGY748Q","name":"朴新啄木鸟教育(仙乐斯广场店)","address":"南京东路街道南京西路388号仙乐斯广2501","type":"科教文化服务;培训机构;培训机构","typecode":"141400","pcode":310000,"pname":"上海市","citycode":21,"cityname":"上海市","adcode":310101,"adname":"黄浦区","business_a":"北京东路","location":"121.468718,31.231280","tel":"[]","bigType":"科教文化服务","midType":"培训机构","smallType":"培训机构","gcj_lng":121.468718,"gcj_lat":31.23128,"wgs84_loc":"121.464179,31.233209","wgs84Lng":"121.464179","wgs84Lat":"31.233209","__source_file__":"13-常用公服设施点/SHP/上海市_培训机构.shp"},"geometry":{"type":"Point","coordinates":[121.464179,31.233209]}},{"id":"5509","type":"Feature","properties":{"id":"B0GKJ90KO1","name":"原子艺术Knock Artom儿童美术中心","address":"南京西路与成都北路辅路交叉口东约100米","type":"科教文化服务;培训机构;培训机构","typecode":"141400","pcode":310000,"pname":"上海市","citycode":21,"cityname":"上海市","adcode":310101,"adname":"黄浦区","business_a":"北京东路","location":"121.468261,31.231309","tel":"[]","bigType":"科教文化服务","midType":"培训机构","smallType":"培训机构","gcj_lng":121.468261,"gcj_lat":31.231309,"wgs84_loc":"121.463721,31.233236","wgs84Lng":"121.463721","wgs84Lat":"31.233236","__source_file__":"13-常用公服设施点/SHP/上海市_培训机构.shp"},"geometry":{"type":"Point","coordinates":[121.463721,31.233236]}},{"id":"5235","type":"Feature","properties":{"id":"B0FFM1F0WV","name":"贤达教育","address":"南京西路456号2栋","type":"科教文化服务;培训机构;培训机构","typecode":"141400","pcode":310000,"pname":"上海市","citycode":21,"cityname":"上海市","adcode":310101,"adname":"黄浦区","business_a":"北京东路","location":"121.468095,31.231349","tel":"13122575777;15000631557","bigType":"科教文化服务","midType":"培训机构","smallType":"培训机构","gcj_lng":121.468095,"gcj_lat":31.231349,"wgs84_loc":"121.463554,31.233276","wgs84Lng":"121.463554","wgs84Lat":"31.233276","__source_file__":"13-常用公服设施点/SHP/上海市_培训机构.shp"},"geometry":{"type":"Point","coordinates":[121.463554,31.233276]}},{"id":"5257","type":"Feature","properties":{"id":"B0FFLK4OZG","name":"学为贵雅思培训人广校区","address":"南京西路388号仙乐斯3层307","type":"科教文化服务;培训机构;培训机构","typecode":"141400","pcode":310000,"pname":"上海市","citycode":21,"cityname":"上海市","adcode":310101,"adname":"黄浦区","business_a":"北京东路","location":"121.468777,31.231350","tel":"13916734407","bigType":"科教文化服务","midType":"培训机构","smallType":"培训机构","gcj_lng":121.468777,"gcj_lat":31.23135,"wgs84_loc":"121.464238,31.233279","wgs84Lng":"121.464238","wgs84Lat":"31.233279","__source_file__":"13-常用公服设施点/SHP/上海市_培训机构.shp"},"geometry":{"type":"Point","coordinates":[121.464238,31.233279]}},{"id":"12903","type":"Feature","properties":{"id":"B0FFLFL6IZ","name":"启德留学(人广咨询中心)","address":"南京西路388号仙乐斯广场29楼","type":"科教文化服务;培训机构;培训机构","typecode":"141400","pcode":310000,"pname":"上海市","citycode":21,"cityname":"上海市","adcode":310101,"adname":"黄浦区","business_a":"北京东路","location":"121.468941,31.231515","tel":"021-60328721","bigType":"科教文化服务","midType":"培训机构","smallType":"培训机构","gcj_lng":121.468941,"gcj_lat":31.231515,"wgs84_loc":"121.464403,31.233444","wgs84Lng":"121.464403","wgs84Lat":"31.233444","__source_file__":"13-常用公服设施点/SHP/上海市_培训机构.shp"},"geometry":{"type":"Point","coordinates":[121.464403,31.233444]}},{"id":"37","type":"Feature","properties":{"id":"B0H2A7997A","name":"东方梦工厂","address":"南京西路388号仙乐斯广场裙楼7楼","type":"科教文化服务;培训机构;培训机构","typecode":"141400","pcode":310000,"pname":"上海市","citycode":21,"cityname":"上海市","adcode":310101,"adname":"黄浦区","business_a":"北京东路","location":"121.468931,31.231528","tel":"[]","bigType":"科教文化服务","midType":"培训机构","smallType":"培训机构","gcj_lng":121.468931,"gcj_lat":31.231528,"wgs84_loc":"121.464393,31.233457","wgs84Lng":"121.464393","wgs84Lat":"31.233457","__source_file__":"13-常用公服设施点/SHP/上海市_培训机构.shp"},"geometry":{"type":"Point","coordinates":[121.464393,31.233457]}},{"id":"6303","type":"Feature","properties":{"id":"B0I6A73SPY","name":"德威士教育","address":"南京西路1266号恒隆广场办公楼2座1层","type":"科教文化服务;培训机构;培训机构","typecode":"141400","pcode":310000,"pname":"上海市","citycode":21,"cityname":"上海市","adcode":310106,"adname":"静安区","business_a":"曹家渡","location":"121.452991,31.228118","tel":"[]","bigType":"科教文化服务","midType":"培训机构","smallType":"培训机构","gcj_lng":121.452991,"gcj_lat":31.228118,"wgs84_loc":"121.448407,31.23001","wgs84Lng":"121.448407","wgs84Lat":"31.23001","__source_file__":"13-常用公服设施点/SHP/上海市_培训机构.shp"},"geometry":{"type":"Point","coordinates":[121.448407,31.23001]}},{"id":"5887","type":"Feature","properties":{"id":"B0GRDXN601","name":"Fancy Fancy舞蹈教室(金鹰广场店)","address":"陕西北路与南京西路交叉口北约100米","type":"科教文化服务;培训机构;培训机构","typecode":"141400","pcode":310000,"pname":"上海市","citycode":21,"cityname":"上海市","adcode":310106,"adname":"静安区","business_a":"淮海路","location":"121.454834,31.228262","tel":"[]","bigType":"科教文化服务","midType":"培训机构","smallType":"培训机构","gcj_lng":121.454834,"gcj_lat":31.228262,"wgs84_loc":"121.450255,31.230158","wgs84Lng":"121.450255","wgs84Lat":"31.230158","__source_file__":"13-常用公服设施点/SHP/上海市_培训机构.shp"},"geometry":{"type":"Point","coordinates":[121.450255,31.230158]}},{"id":"6168","type":"Feature","properties":{"id":"B0FFKT29DP","name":"同龄素养教育","address":"陕西北路278号金鹰国际购物中心方糖小镇(新零售社区)","type":"科教文化服务;培训机构;培训机构","typecode":"141400","pcode":310000,"pname":"上海市","citycode":21,"cityname":"上海市","adcode":310106,"adname":"静安区","business_a":"淮海路","location":"121.454848,31.228352","tel":"[]","bigType":"科教文化服务","midType":"培训机构","smallType":"培训机构","gcj_lng":121.454848,"gcj_lat":31.228352,"wgs84_loc":"121.450269,31.230248","wgs84Lng":"121.450269","wgs84Lat":"31.230248","__source_file__":"13-常用公服设施点/SHP/上海市_培训机构.shp"},"geometry":{"type":"Point","coordinates":[121.450269,31.230248]}},{"id":"14556","type":"Feature","properties":{"id":"B0FFIY2BZW","name":"新途留学","address":"陕西北路278号金鹰国际九层","type":"科教文化服务;培训机构;培训机构","typecode":"141400","pcode":310000,"pname":"上海市","citycode":21,"cityname":"上海市","adcode":310106,"adname":"静安区","business_a":"淮海路","location":"121.454640,31.228419","tel":"021-80181002","bigType":"科教文化服务","midType":"培训机构","smallType":"培训机构","gcj_lng":121.45464,"gcj_lat":31.228419,"wgs84_loc":"121.450061,31.230315","wgs84Lng":"121.450061","wgs84Lat":"31.230315","__source_file__":"13-常用公服设施点/SHP/上海市_培训机构.shp"},"geometry":{"type":"Point","coordinates":[121.450061,31.230315]}},{"id":"5938","type":"Feature","properties":{"id":"B0FFKRNGP1","name":"麦威英语","address":"陕西北路288号金鹰国际购物中心二层","type":"科教文化服务;培训机构;培训机构","typecode":"141400","pcode":310000,"pname":"上海市","citycode":21,"cityname":"上海市","adcode":310106,"adname":"静安区","business_a":"淮海路","location":"121.454574,31.228711","tel":"13353344031","bigType":"科教文化服务","midType":"培训机构","smallType":"培训机构","gcj_lng":121.454574,"gcj_lat":31.228711,"wgs84_loc":"121.449994,31.230607","wgs84Lng":"121.449994","wgs84Lat":"31.230607","__source_file__":"13-常用公服设施点/SHP/上海市_培训机构.shp"},"geometry":{"type":"Point","coordinates":[121.449994,31.230607]}},{"id":"5751","type":"Feature","properties":{"id":"B0FFK01WNT","name":"Kidville(金鹰国际购物中心上海店)","address":"陕西北路278号金鹰国际购物中心2楼","type":"科教文化服务;培训机构;培训机构","typecode":"141400","pcode":310000,"pname":"上海市","citycode":21,"cityname":"上海市","adcode":310106,"adname":"静安区","business_a":"淮海路","location":"121.454571,31.228745","tel":"021-60716596","bigType":"科教文化服务","midType":"培训机构","smallType":"培训机构","gcj_lng":121.454571,"gcj_lat":31.228745,"wgs84_loc":"121.449991,31.230641","wgs84Lng":"121.449991","wgs84Lat":"31.230641","__source_file__":"13-常用公服设施点/SHP/上海市_培训机构.shp"},"geometry":{"type":"Point","coordinates":[121.449991,31.230641]}},{"id":"6159","type":"Feature","properties":{"id":"B0FFLKP9N7","name":"EXR国际艺术教育上海校区","address":"新闸路与江宁路交叉口西南约60米","type":"科教文化服务;培训机构;培训机构","typecode":"141400","pcode":310000,"pname":"上海市","citycode":21,"cityname":"上海市","adcode":310106,"adname":"静安区","business_a":"曹家渡","location":"121.453312,31.232236","tel":"18516866822","bigType":"科教文化服务","midType":"培训机构","smallType":"培训机构","gcj_lng":121.453312,"gcj_lat":31.232236,"wgs84_loc":"121.448729,31.234127","wgs84Lng":"121.448729","wgs84Lat":"31.234127","__source_file__":"13-常用公服设施点/SHP/上海市_培训机构.shp"},"geometry":{"type":"Point","coordinates":[121.448729,31.234127]}},{"id":"5699","type":"Feature","properties":{"id":"B0FFJCBMF4","name":"上海咏爱国际艺术培训学校","address":"武定路595号华庆商务楼2号楼一楼","type":"科教文化服务;培训机构;培训机构","typecode":"141400","pcode":310000,"pname":"上海市","citycode":21,"cityname":"上海市","adcode":310106,"adname":"静安区","business_a":"曹家渡","location":"121.449445,31.232799","tel":"15221982910","bigType":"科教文化服务","midType":"培训机构","smallType":"培训机构","gcj_lng":121.449445,"gcj_lat":31.232799,"wgs84_loc":"121.444852,31.234682","wgs84Lng":"121.444852","wgs84Lat":"31.234682","__source_file__":"13-常用公服设施点/SHP/上海市_培训机构.shp"},"geometry":{"type":"Point","coordinates":[121.444852,31.234682]}},{"id":"5935","type":"Feature","properties":{"id":"B0GRN78R7M","name":"文启·优思(西康校区)","address":"武定路595号华庆商务楼一号楼二楼1208室","type":"科教文化服务;培训机构;培训机构","typecode":"141400","pcode":310000,"pname":"上海市","citycode":21,"cityname":"上海市","adcode":310106,"adname":"静安区","business_a":"曹家渡","location":"121.449444,31.232860","tel":"[]","bigType":"科教文化服务","midType":"培训机构","smallType":"培训机构","gcj_lng":121.449444,"gcj_lat":31.23286,"wgs84_loc":"121.444851,31.234743","wgs84Lng":"121.444851","wgs84Lat":"31.234743","__source_file__":"13-常用公服设施点/SHP/上海市_培训机构.shp"},"geometry":{"type":"Point","coordinates":[121.444851,31.234743]}},{"id":"6112","type":"Feature","properties":{"id":"B0HDSU7CUS","name":"Layton Academy","address":"陕西北路678号302室","type":"科教文化服务;培训机构;培训机构","typecode":"141400","pcode":310000,"pname":"上海市","citycode":21,"cityname":"上海市","adcode":310106,"adname":"静安区","business_a":"曹家渡","location":"121.450746,31.234113","tel":"[]","bigType":"科教文化服务","midType":"培训机构","smallType":"培训机构","gcj_lng":121.450746,"gcj_lat":31.234113,"wgs84_loc":"121.446156,31.235998","wgs84Lng":"121.446156","wgs84Lat":"31.235998","__source_file__":"13-常用公服设施点/SHP/上海市_培训机构.shp"},"geometry":{"type":"Point","coordinates":[121.446156,31.235998]}},{"id":"5701","type":"Feature","properties":{"id":"B0FFG56TBY","name":"博森GMAT教育","address":"南京西路580号仲益大厦主楼40层4003室","type":"科教文化服务;培训机构;培训机构","typecode":"141400","pcode":310000,"pname":"上海市","citycode":21,"cityname":"上海市","adcode":310106,"adname":"静安区","business_a":"淮海路","location":"121.466032,31.231258","tel":"[]","bigType":"科教文化服务","midType":"培训机构","smallType":"培训机构","gcj_lng":121.466032,"gcj_lat":31.231258,"wgs84_loc":"121.461485,31.23318","wgs84Lng":"121.461485","wgs84Lat":"31.23318","__source_file__":"13-常用公服设施点/SHP/上海市_培训机构.shp"},"geometry":{"type":"Point","coordinates":[121.461485,31.23318]}},{"id":"117","type":"Feature","properties":{"id":"B0FFHR0VOB","name":"火星羽毛球游泳培训中心(静安区办事处)","address":"南京西路580号仲益大厦B座602","type":"科教文化服务;培训机构;培训机构","typecode":"141400","pcode":310000,"pname":"上海市","citycode":21,"cityname":"上海市","adcode":310106,"adname":"静安区","business_a":"淮海路","location":"121.465750,31.231488","tel":"[]","bigType":"科教文化服务","midType":"培训机构","smallType":"培训机构","gcj_lng":121.46575,"gcj_lat":31.231488,"wgs84_loc":"121.461202,31.233409","wgs84Lng":"121.461202","wgs84Lat":"31.233409","__source_file__":"13-常用公服设施点/SHP/上海市_培训机构.shp"},"geometry":{"type":"Point","coordinates":[121.461202,31.233409]}},{"id":"6352","type":"Feature","properties":{"id":"B0G1RX4LJ9","name":"少年创客营少儿编程机器人(静安校区)","address":"南京西路580号仲益大厦4301室","type":"科教文化服务;培训机构;培训机构","typecode":"141400","pcode":310000,"pname":"上海市","citycode":21,"cityname":"上海市","adcode":310106,"adname":"静安区","business_a":"淮海路","location":"121.465911,31.231638","tel":"13918894167;18964078167","bigType":"科教文化服务","midType":"培训机构","smallType":"培训机构","gcj_lng":121.465911,"gcj_lat":31.231638,"wgs84_loc":"121.461363,31.233559","wgs84Lng":"121.461363","wgs84Lat":"31.233559","__source_file__":"13-常用公服设施点/SHP/上海市_培训机构.shp"},"geometry":{"type":"Point","coordinates":[121.461363,31.233559]}},{"id":"9264","type":"Feature","properties":{"id":"B0HBXYPEDS","name":"同雅堂少儿围棋·书法·国画静安南京西路校区","address":"凤阳路659号5楼","type":"科教文化服务;培训机构;培训机构","typecode":"141400","pcode":310000,"pname":"上海市","citycode":21,"cityname":"上海市","adcode":310106,"adname":"静安区","business_a":"淮海路","location":"121.463799,31.231774","tel":"4000185291;15216724987","bigType":"科教文化服务","midType":"培训机构","smallType":"培训机构","gcj_lng":121.463799,"gcj_lat":31.231774,"wgs84_loc":"121.459245,31.23369","wgs84Lng":"121.459245","wgs84Lat":"31.23369","__source_file__":"13-常用公服设施点/SHP/上海市_培训机构.shp"},"geometry":{"type":"Point","coordinates":[121.459245,31.23369]}},{"id":"6092","type":"Feature","properties":{"id":"B0G25YR7CA","name":"SEE思苡国际学习中心","address":"南京西路580号仲益大厦副楼708室","type":"科教文化服务;培训机构;培训机构","typecode":"141400","pcode":310000,"pname":"上海市","citycode":21,"cityname":"上海市","adcode":310106,"adname":"静安区","business_a":"淮海路","location":"121.465706,31.231943","tel":"17621230770;18608530103","bigType":"科教文化服务","midType":"培训机构","smallType":"培训机构","gcj_lng":121.465706,"gcj_lat":31.231943,"wgs84_loc":"121.461158,31.233864","wgs84Lng":"121.461158","wgs84Lat":"31.233864","__source_file__":"13-常用公服设施点/SHP/上海市_培训机构.shp"},"geometry":{"type":"Point","coordinates":[121.461158,31.233864]}},{"id":"6246","type":"Feature","properties":{"id":"B0G3S1XSLB","name":"上海煜本教育学院(总部)","address":"南京西路580号仲益大厦B座718号","type":"科教文化服务;培训机构;培训机构","typecode":"141400","pcode":310000,"pname":"上海市","citycode":21,"cityname":"上海市","adcode":310106,"adname":"静安区","business_a":"淮海路","location":"121.465664,31.232159","tel":"021-34627611;18321313908","bigType":"科教文化服务","midType":"培训机构","smallType":"培训机构","gcj_lng":121.465664,"gcj_lat":31.232159,"wgs84_loc":"121.461115,31.234079","wgs84Lng":"121.461115","wgs84Lat":"31.234079","__source_file__":"13-常用公服设施点/SHP/上海市_培训机构.shp"},"geometry":{"type":"Point","coordinates":[121.461115,31.234079]}},{"id":"14197","type":"Feature","properties":{"id":"B0FFKPQQFJ","name":"聚亨教育","address":"北京西路669号东展商业大厦6楼","type":"科教文化服务;培训机构;培训机构","typecode":"141400","pcode":310000,"pname":"上海市","citycode":21,"cityname":"上海市","adcode":310106,"adname":"静安区","business_a":"淮海路","location":"121.461854,31.232719","tel":"4000979763","bigType":"科教文化服务","midType":"培训机构","smallType":"培训机构","gcj_lng":121.461854,"gcj_lat":31.232719,"wgs84_loc":"121.457294,31.23463","wgs84Lng":"121.457294","wgs84Lat":"31.23463","__source_file__":"13-常用公服设施点/SHP/上海市_培训机构.shp"},"geometry":{"type":"Point","coordinates":[121.457294,31.23463]}},{"id":"15251","type":"Feature","properties":{"id":"B00155I1JD","name":"华思教育(北京西路)","address":"北京西路605弄57号嘉发大厦B栋2层2A","type":"科教文化服务;培训机构;培训机构","typecode":"141400","pcode":310000,"pname":"上海市","citycode":21,"cityname":"上海市","adcode":310106,"adname":"静安区","business_a":"淮海路","location":"121.463476,31.232788","tel":"[]","bigType":"科教文化服务","midType":"培训机构","smallType":"培训机构","gcj_lng":121.463476,"gcj_lat":31.232788,"wgs84_loc":"121.458921,31.234703","wgs84Lng":"121.458921","wgs84Lat":"31.234703","__source_file__":"13-常用公服设施点/SHP/上海市_培训机构.shp"},"geometry":{"type":"Point","coordinates":[121.458921,31.234703]}},{"id":"5779","type":"Feature","properties":{"id":"B001570KZK","name":"上海创易教育培训中心","address":"大田路129弄1-1号嘉发大厦A栋15层15E","type":"科教文化服务;培训机构;培训机构","typecode":"141400","pcode":310000,"pname":"上海市","citycode":21,"cityname":"上海市","adcode":310106,"adname":"静安区","business_a":"淮海路","location":"121.464009,31.232839","tel":"[]","bigType":"科教文化服务","midType":"培训机构","smallType":"培训机构","gcj_lng":121.464009,"gcj_lat":31.232839,"wgs84_loc":"121.459455,31.234755","wgs84Lng":"121.459455","wgs84Lat":"31.234755","__source_file__":"13-常用公服设施点/SHP/上海市_培训机构.shp"},"geometry":{"type":"Point","coordinates":[121.459455,31.234755]}},{"id":"6255","type":"Feature","properties":{"id":"B0FFM11P8R","name":"路老师英语","address":"大田路129弄1-1号嘉发大厦A栋5楼5G","type":"科教文化服务;培训机构;培训机构","typecode":"141400","pcode":310000,"pname":"上海市","citycode":21,"cityname":"上海市","adcode":310106,"adname":"静安区","business_a":"淮海路","location":"121.464017,31.233014","tel":"[]","bigType":"科教文化服务","midType":"培训机构","smallType":"培训机构","gcj_lng":121.464017,"gcj_lat":31.233014,"wgs84_loc":"121.459463,31.23493","wgs84Lng":"121.459463","wgs84Lat":"31.23493","__source_file__":"13-常用公服设施点/SHP/上海市_培训机构.shp"},"geometry":{"type":"Point","coordinates":[121.459463,31.23493]}},{"id":"15306","type":"Feature","properties":{"id":"B0FFG2X85H","name":"金矢留学","address":"南京西路338号天安中心","type":"科教文化服务;培训机构;培训机构","typecode":"141400","pcode":310000,"pname":"上海市","citycode":21,"cityname":"上海市","adcode":310101,"adname":"黄浦区","business_a":"北京东路","location":"121.469693,31.231761","tel":"021-63595353","bigType":"科教文化服务","midType":"培训机构","smallType":"培训机构","gcj_lng":121.469693,"gcj_lat":31.231761,"wgs84_loc":"121.465157,31.233692","wgs84Lng":"121.465157","wgs84Lat":"31.233692","__source_file__":"13-常用公服设施点/SHP/上海市_培训机构.shp"},"geometry":{"type":"Point","coordinates":[121.465157,31.233692]}},{"id":"5499","type":"Feature","properties":{"id":"B0H3YC7MS6","name":"啄木鸟教育","address":"天安中心八楼","type":"科教文化服务;培训机构;培训机构","typecode":"141400","pcode":310000,"pname":"上海市","citycode":21,"cityname":"上海市","adcode":310101,"adname":"黄浦区","business_a":"淮海路","location":"121.469671,31.231785","tel":"[]","bigType":"科教文化服务","midType":"培训机构","smallType":"培训机构","gcj_lng":121.469671,"gcj_lat":31.231785,"wgs84_loc":"121.465135,31.233716","wgs84Lng":"121.465135","wgs84Lat":"31.233716","__source_file__":"13-常用公服设施点/SHP/上海市_培训机构.shp"},"geometry":{"type":"Point","coordinates":[121.465135,31.233716]}},{"id":"13865","type":"Feature","properties":{"id":"B001579ZEL","name":"AA留学","address":"南京西路338号天安中心1404室(近黄陂南路)","type":"科教文化服务;培训机构;培训机构","typecode":"141400","pcode":310000,"pname":"上海市","citycode":21,"cityname":"上海市","adcode":310101,"adname":"黄浦区","business_a":"淮海路","location":"121.469800,31.231880","tel":"[]","bigType":"科教文化服务","midType":"培训机构","smallType":"培训机构","gcj_lng":121.4698,"gcj_lat":31.23188,"wgs84_loc":"121.465264,31.233811","wgs84Lng":"121.465264","wgs84Lat":"31.233811","__source_file__":"13-常用公服设施点/SHP/上海市_培训机构.shp"},"geometry":{"type":"Point","coordinates":[121.465264,31.233811]}},{"id":"5541","type":"Feature","properties":{"id":"B0FFIR255R","name":"乐宁教育","address":"成都北路500号峻岭广场","type":"科教文化服务;培训机构;培训机构","typecode":"141400","pcode":310000,"pname":"上海市","citycode":21,"cityname":"上海市","adcode":310101,"adname":"黄浦区","business_a":"北京东路","location":"121.467198,31.231894","tel":"[]","bigType":"科教文化服务","midType":"培训机构","smallType":"培训机构","gcj_lng":121.467198,"gcj_lat":31.231894,"wgs84_loc":"121.462654,31.233818","wgs84Lng":"121.462654","wgs84Lat":"31.233818","__source_file__":"13-常用公服设施点/SHP/上海市_培训机构.shp"},"geometry":{"type":"Point","coordinates":[121.462654,31.233818]}},{"id":"14157","type":"Feature","properties":{"id":"B0FFL6Y3MY","name":"新航道(人民广场校区)","address":"南京西路338号天安中心24层","type":"科教文化服务;培训机构;培训机构","typecode":"141400","pcode":310000,"pname":"上海市","citycode":21,"cityname":"上海市","adcode":310101,"adname":"黄浦区","business_a":"淮海路","location":"121.469478,31.231960","tel":"4008125888","bigType":"科教文化服务","midType":"培训机构","smallType":"培训机构","gcj_lng":121.469478,"gcj_lat":31.23196,"wgs84_loc":"121.464941,31.23389","wgs84Lng":"121.464941","wgs84Lat":"31.23389","__source_file__":"13-常用公服设施点/SHP/上海市_培训机构.shp"},"geometry":{"type":"Point","coordinates":[121.464941,31.23389]}},{"id":"5349","type":"Feature","properties":{"id":"B0FFG8H1SA","name":"因学书院","address":"峻岭广场33楼","type":"科教文化服务;培训机构;培训机构","typecode":"141400","pcode":310000,"pname":"上海市","citycode":21,"cityname":"上海市","adcode":310101,"adname":"黄浦区","business_a":"北京东路","location":"121.467192,31.231979","tel":"13918910991","bigType":"科教文化服务","midType":"培训机构","smallType":"培训机构","gcj_lng":121.467192,"gcj_lat":31.231979,"wgs84_loc":"121.462648,31.233903","wgs84Lng":"121.462648","wgs84Lat":"31.233903","__source_file__":"13-常用公服设施点/SHP/上海市_培训机构.shp"},"geometry":{"type":"Point","coordinates":[121.462648,31.233903]}},{"id":"5268","type":"Feature","properties":{"id":"B0HG67F9RX","name":"晨才学院","address":"成都北路500号2815-2816","type":"科教文化服务;培训机构;培训机构","typecode":"141400","pcode":310000,"pname":"上海市","citycode":21,"cityname":"上海市","adcode":310101,"adname":"黄浦区","business_a":"北京东路","location":"121.467234,31.232061","tel":"18001736277","bigType":"科教文化服务","midType":"培训机构","smallType":"培训机构","gcj_lng":121.467234,"gcj_lat":31.232061,"wgs84_loc":"121.46269,31.233985","wgs84Lng":"121.46269","wgs84Lat":"31.233985","__source_file__":"13-常用公服设施点/SHP/上海市_培训机构.shp"},"geometry":{"type":"Point","coordinates":[121.46269,31.233985]}},{"id":"5351","type":"Feature","properties":{"id":"B001571IRH","name":"清晖项目管理PMP培训","address":"成都北路500号(北京西路)","type":"科教文化服务;培训机构;培训机构","typecode":"141400","pcode":310000,"pname":"上海市","citycode":21,"cityname":"上海市","adcode":310101,"adname":"黄浦区","business_a":"北京东路","location":"121.467193,31.232228","tel":"[]","bigType":"科教文化服务","midType":"培训机构","smallType":"培训机构","gcj_lng":121.467193,"gcj_lat":31.232228,"wgs84_loc":"121.462649,31.234152","wgs84Lng":"121.462649","wgs84Lat":"31.234152","__source_file__":"13-常用公服设施点/SHP/上海市_培训机构.shp"},"geometry":{"type":"Point","coordinates":[121.462649,31.234152]}},{"id":"5491","type":"Feature","properties":{"id":"B0HGTOB2LW","name":"上海德瑞姆职业技能培训中心","address":"新昌路80号智富广场3楼(人民广场)","type":"科教文化服务;培训机构;培训机构","typecode":"141400","pcode":310000,"pname":"上海市","citycode":21,"cityname":"上海市","adcode":310101,"adname":"黄浦区","business_a":"北京东路","location":"121.469398,31.232839","tel":"[]","bigType":"科教文化服务","midType":"培训机构","smallType":"培训机构","gcj_lng":121.469398,"gcj_lat":31.232839,"wgs84_loc":"121.464861,31.234769","wgs84Lng":"121.464861","wgs84Lat":"31.234769","__source_file__":"13-常用公服设施点/SHP/上海市_培训机构.shp"},"geometry":{"type":"Point","coordinates":[121.464861,31.234769]}},{"id":"5402","type":"Feature","properties":{"id":"B0FFGC2IR7","name":"临床技能培训中心","address":"凤阳路415号长征医院住院部33楼","type":"科教文化服务;培训机构;培训机构","typecode":"141400","pcode":310000,"pname":"上海市","citycode":21,"cityname":"上海市","adcode":310101,"adname":"黄浦区","business_a":"北京东路","location":"121.467110,31.232880","tel":"[]","bigType":"科教文化服务","midType":"培训机构","smallType":"培训机构","gcj_lng":121.46711,"gcj_lat":31.23288,"wgs84_loc":"121.462566,31.234804","wgs84Lng":"121.462566","wgs84Lat":"31.234804","__source_file__":"13-常用公服设施点/SHP/上海市_培训机构.shp"},"geometry":{"type":"Point","coordinates":[121.462566,31.234804]}},{"id":"16614","type":"Feature","properties":{"id":"B0FFFOVOAZ","name":"幼教国际部","address":"成都北路586号附近","type":"科教文化服务;培训机构;培训机构","typecode":"141400","pcode":310000,"pname":"上海市","citycode":21,"cityname":"上海市","adcode":310101,"adname":"黄浦区","business_a":"淮海路","location":"121.466764,31.233676","tel":"[]","bigType":"科教文化服务","midType":"培训机构","smallType":"培训机构","gcj_lng":121.466764,"gcj_lat":31.233676,"wgs84_loc":"121.462219,31.235598","wgs84Lng":"121.462219","wgs84Lat":"31.235598","__source_file__":"13-常用公服设施点/SHP/上海市_培训机构.shp"},"geometry":{"type":"Point","coordinates":[121.462219,31.235598]}},{"id":"5565","type":"Feature","properties":{"id":"B0G3MDWMTB","name":"申万宏源证券投资者教育基地","address":"新昌路188号附近","type":"科教文化服务;培训机构;培训机构","typecode":"141400","pcode":310000,"pname":"上海市","citycode":21,"cityname":"上海市","adcode":310101,"adname":"黄浦区","business_a":"北京东路","location":"121.468843,31.234125","tel":"[]","bigType":"科教文化服务","midType":"培训机构","smallType":"培训机构","gcj_lng":121.468843,"gcj_lat":31.234125,"wgs84_loc":"121.464304,31.236053","wgs84Lng":"121.464304","wgs84Lat":"31.236053","__source_file__":"13-常用公服设施点/SHP/上海市_培训机构.shp"},"geometry":{"type":"Point","coordinates":[121.464304,31.236053]}},{"id":"675","type":"Feature","properties":{"id":"B0G2FY1CKU","name":"富康美容美发学校(新昌路校区)","address":"新昌路180号","type":"科教文化服务;培训机构;培训机构","typecode":"141400","pcode":310000,"pname":"上海市","citycode":21,"cityname":"上海市","adcode":310101,"adname":"黄浦区","business_a":"北京东路","location":"121.468816,31.234222","tel":"021-33110323","bigType":"科教文化服务","midType":"培训机构","smallType":"培训机构","gcj_lng":121.468816,"gcj_lat":31.234222,"wgs84_loc":"121.464277,31.236149","wgs84Lng":"121.464277","wgs84Lat":"31.236149","__source_file__":"13-常用公服设施点/SHP/上海市_培训机构.shp"},"geometry":{"type":"Point","coordinates":[121.464277,31.236149]}},{"id":"5266","type":"Feature","properties":{"id":"B00155AA3P","name":"上海市进网作业电工培训中心交通供电培训站","address":"新昌路220号","type":"科教文化服务;培训机构;培训机构","typecode":"141400","pcode":310000,"pname":"上海市","citycode":21,"cityname":"上海市","adcode":310101,"adname":"黄浦区","business_a":"北京东路","location":"121.468584,31.234656","tel":"[]","bigType":"科教文化服务","midType":"培训机构","smallType":"培训机构","gcj_lng":121.468584,"gcj_lat":31.234656,"wgs84_loc":"121.464044,31.236583","wgs84Lng":"121.464044","wgs84Lat":"31.236583","__source_file__":"13-常用公服设施点/SHP/上海市_培训机构.shp"},"geometry":{"type":"Point","coordinates":[121.464044,31.236583]}},{"id":"13552","type":"Feature","properties":{"id":"B0FFL7N2V6","name":"起陆教育(北京西路分校)","address":"北京西路95号房地大厦1004室","type":"科教文化服务;培训机构;培训机构","typecode":"141400","pcode":310000,"pname":"上海市","citycode":21,"cityname":"上海市","adcode":310101,"adname":"黄浦区","business_a":"北京东路","location":"121.471288,31.236367","tel":"4001556865","bigType":"科教文化服务","midType":"培训机构","smallType":"培训机构","gcj_lng":121.471288,"gcj_lat":31.236367,"wgs84_loc":"121.466757,31.2383","wgs84Lng":"121.466757","wgs84Lat":"31.2383","__source_file__":"13-常用公服设施点/SHP/上海市_培训机构.shp"},"geometry":{"type":"Point","coordinates":[121.466757,31.2383]}},{"id":"13668","type":"Feature","properties":{"id":"B0FFF9ZPAZ","name":"上海现代交通建设发展有限公司教培中心","address":"黄河路210号","type":"科教文化服务;培训机构;培训机构","typecode":"141400","pcode":310000,"pname":"上海市","citycode":21,"cityname":"上海市","adcode":310101,"adname":"黄浦区","business_a":"北京东路","location":"121.469950,31.236388","tel":"021-63752747","bigType":"科教文化服务","midType":"培训机构","smallType":"培训机构","gcj_lng":121.46995,"gcj_lat":31.236388,"wgs84_loc":"121.465414,31.238317","wgs84Lng":"121.465414","wgs84Lat":"31.238317","__source_file__":"13-常用公服设施点/SHP/上海市_培训机构.shp"},"geometry":{"type":"Point","coordinates":[121.465414,31.238317]}},{"id":"35","type":"Feature","properties":{"id":"B00156GKVM","name":"新东方(四六级考研教师资格证人民广场新闸校区)","address":"黄河路355号雅州大楼1号楼4楼","type":"科教文化服务;培训机构;培训机构","typecode":"141400","pcode":310000,"pname":"上海市","citycode":21,"cityname":"上海市","adcode":310101,"adname":"黄浦区","business_a":"北京东路","location":"121.468760,31.238310","tel":"13917212267","bigType":"科教文化服务","midType":"培训机构","smallType":"培训机构","gcj_lng":121.46876,"gcj_lat":31.23831,"wgs84_loc":"121.46422,31.240235","wgs84Lng":"121.46422","wgs84Lat":"31.240235","__source_file__":"13-常用公服设施点/SHP/上海市_培训机构.shp"},"geometry":{"type":"Point","coordinates":[121.46422,31.240235]}},{"id":"39","type":"Feature","properties":{"id":"B0G3LGF8ZP","name":"新东方优能中学教育(人民广场新闸路校区)","address":"黄河路355号雅州大楼2号楼3层","type":"科教文化服务;培训机构;培训机构","typecode":"141400","pcode":310000,"pname":"上海市","citycode":21,"cityname":"上海市","adcode":310101,"adname":"黄浦区","business_a":"北京东路","location":"121.468675,31.238398","tel":"021-53750809;4007021021","bigType":"科教文化服务","midType":"培训机构","smallType":"培训机构","gcj_lng":121.468675,"gcj_lat":31.238398,"wgs84_loc":"121.464135,31.240323","wgs84Lng":"121.464135","wgs84Lat":"31.240323","__source_file__":"13-常用公服设施点/SHP/上海市_培训机构.shp"},"geometry":{"type":"Point","coordinates":[121.464135,31.240323]}},{"id":"34","type":"Feature","properties":{"id":"B00156GLA9","name":"新东方(人民广场校区)","address":"新闸路217号","type":"科教文化服务;培训机构;培训机构","typecode":"141400","pcode":310000,"pname":"上海市","citycode":21,"cityname":"上海市","adcode":310101,"adname":"黄浦区","business_a":"北京东路","location":"121.468677,31.238452","tel":"021-63598829","bigType":"科教文化服务","midType":"培训机构","smallType":"培训机构","gcj_lng":121.468677,"gcj_lat":31.238452,"wgs84_loc":"121.464137,31.240377","wgs84Lng":"121.464137","wgs84Lat":"31.240377","__source_file__":"13-常用公服设施点/SHP/上海市_培训机构.shp"},"geometry":{"type":"Point","coordinates":[121.464137,31.240377]}},{"id":"5570","type":"Feature","properties":{"id":"B0FFHKRVNE","name":"美国纽卡斯尔大学中国管理中心","address":"黄河路与新闸路交叉口西南约40米","type":"科教文化服务;培训机构;培训机构","typecode":"141400","pcode":310000,"pname":"上海市","citycode":21,"cityname":"上海市","adcode":310101,"adname":"黄浦区","business_a":"北京东路","location":"121.468675,31.238453","tel":"[]","bigType":"科教文化服务","midType":"培训机构","smallType":"培训机构","gcj_lng":121.468675,"gcj_lat":31.238453,"wgs84_loc":"121.464135,31.240378","wgs84Lng":"121.464135","wgs84Lat":"31.240378","__source_file__":"13-常用公服设施点/SHP/上海市_培训机构.shp"},"geometry":{"type":"Point","coordinates":[121.464135,31.240378]}},{"id":"6027","type":"Feature","properties":{"id":"B0FFKYQ9GF","name":"Studio Education北京西路校区","address":"大田路127号101-102室","type":"科教文化服务;培训机构;培训机构","typecode":"141400","pcode":310000,"pname":"上海市","citycode":21,"cityname":"上海市","adcode":310106,"adname":"静安区","business_a":"淮海路","location":"121.464157,31.233037","tel":"15021924516","bigType":"科教文化服务","midType":"培训机构","smallType":"培训机构","gcj_lng":121.464157,"gcj_lat":31.233037,"wgs84_loc":"121.459604,31.234953","wgs84Lng":"121.459604","wgs84Lat":"31.234953","__source_file__":"13-常用公服设施点/SHP/上海市_培训机构.shp"},"geometry":{"type":"Point","coordinates":[121.459604,31.234953]}},{"id":"15727","type":"Feature","properties":{"id":"B0FFK1A34V","name":"静安少年探索营","address":"北京西路509号","type":"科教文化服务;培训机构;培训机构","typecode":"141400","pcode":310000,"pname":"上海市","citycode":21,"cityname":"上海市","adcode":310106,"adname":"静安区","business_a":"淮海路","location":"121.464648,31.233853","tel":"[]","bigType":"科教文化服务","midType":"培训机构","smallType":"培训机构","gcj_lng":121.464648,"gcj_lat":31.233853,"wgs84_loc":"121.460096,31.23577","wgs84Lng":"121.460096","wgs84Lat":"31.23577","__source_file__":"13-常用公服设施点/SHP/上海市_培训机构.shp"},"geometry":{"type":"Point","coordinates":[121.460096,31.23577]}},{"id":"18258","type":"Feature","properties":{"id":"B0G1Y7UIAW","name":"Even Style艺界美甲培训学校","address":"新闸路831号丽都新贵大厦22E","type":"科教文化服务;培训机构;培训机构","typecode":"141400","pcode":310000,"pname":"上海市","citycode":21,"cityname":"上海市","adcode":310106,"adname":"静安区","business_a":"淮海路","location":"121.459890,31.234591","tel":"[]","bigType":"科教文化服务","midType":"培训机构","smallType":"培训机构","gcj_lng":121.45989,"gcj_lat":31.234591,"wgs84_loc":"121.455324,31.236496","wgs84Lng":"121.455324","wgs84Lat":"31.236496","__source_file__":"13-常用公服设施点/SHP/上海市_培训机构.shp"},"geometry":{"type":"Point","coordinates":[121.455324,31.236496]}},{"id":"6049","type":"Feature","properties":{"id":"B0GRG6M8MW","name":"Even Style艺界美甲培训学校","address":"新闸路831号丽都新贵大厦22E","type":"科教文化服务;培训机构;培训机构","typecode":"141400","pcode":310000,"pname":"上海市","citycode":21,"cityname":"上海市","adcode":310106,"adname":"静安区","business_a":"淮海路","location":"121.459890,31.234591","tel":"[]","bigType":"科教文化服务","midType":"培训机构","smallType":"培训机构","gcj_lng":121.45989,"gcj_lat":31.234591,"wgs84_loc":"121.455324,31.236496","wgs84Lng":"121.455324","wgs84Lat":"31.236496","__source_file__":"13-常用公服设施点/SHP/上海市_培训机构.shp"},"geometry":{"type":"Point","coordinates":[121.455324,31.236496]}},{"id":"10742","type":"Feature","properties":{"id":"B0G3O1CJ00","name":"乐橙岛成人钢琴吧","address":"新闸路国际丽都城","type":"科教文化服务;培训机构;培训机构","typecode":"141400","pcode":310000,"pname":"上海市","citycode":21,"cityname":"上海市","adcode":310106,"adname":"静安区","business_a":"淮海路","location":"121.459813,31.234741","tel":"[]","bigType":"科教文化服务","midType":"培训机构","smallType":"培训机构","gcj_lng":121.459813,"gcj_lat":31.234741,"wgs84_loc":"121.455247,31.236646","wgs84Lng":"121.455247","wgs84Lat":"31.236646","__source_file__":"13-常用公服设施点/SHP/上海市_培训机构.shp"},"geometry":{"type":"Point","coordinates":[121.455247,31.236646]}},{"id":"17476","type":"Feature","properties":{"id":"B001574JHY","name":"Rococosolo音乐工作室","address":"新闸路831号4楼E座(自然博物馆地铁站2号口步行310米)","type":"科教文化服务;培训机构;培训机构","typecode":"141400","pcode":310000,"pname":"上海市","citycode":21,"cityname":"上海市","adcode":310106,"adname":"静安区","business_a":"淮海路","location":"121.459938,31.234758","tel":"[]","bigType":"科教文化服务","midType":"培训机构","smallType":"培训机构","gcj_lng":121.459938,"gcj_lat":31.234758,"wgs84_loc":"121.455372,31.236663","wgs84Lng":"121.455372","wgs84Lat":"31.236663","__source_file__":"13-常用公服设施点/SHP/上海市_培训机构.shp"},"geometry":{"type":"Point","coordinates":[121.455372,31.236663]}},{"id":"10744","type":"Feature","properties":{"id":"B0FFMBS1ZS","name":"蜗牛时空沉浸自习室(静安店)","address":"石门二路333弄3号振安广场恒安大厦7D","type":"科教文化服务;培训机构;培训机构","typecode":"141400","pcode":310000,"pname":"上海市","citycode":21,"cityname":"上海市","adcode":310106,"adname":"静安区","business_a":"淮海路","location":"121.459316,31.236035","tel":"13564615313;19121699465","bigType":"科教文化服务","midType":"培训机构","smallType":"培训机构","gcj_lng":121.459316,"gcj_lat":31.236035,"wgs84_loc":"121.454749,31.237938","wgs84Lng":"121.454749","wgs84Lat":"31.237938","__source_file__":"13-常用公服设施点/SHP/上海市_培训机构.shp"},"geometry":{"type":"Point","coordinates":[121.454749,31.237938]}},{"id":"6264","type":"Feature","properties":{"id":"B0FFKT93XH","name":"廉馨教育(静安校区)","address":"石门二路333弄3号6E","type":"科教文化服务;培训机构;培训机构","typecode":"141400","pcode":310000,"pname":"上海市","citycode":21,"cityname":"上海市","adcode":310106,"adname":"静安区","business_a":"淮海路","location":"121.459441,31.236135","tel":"13564175853","bigType":"科教文化服务","midType":"培训机构","smallType":"培训机构","gcj_lng":121.459441,"gcj_lat":31.236135,"wgs84_loc":"121.454874,31.238038","wgs84Lng":"121.454874","wgs84Lat":"31.238038","__source_file__":"13-常用公服设施点/SHP/上海市_培训机构.shp"},"geometry":{"type":"Point","coordinates":[121.454874,31.238038]}},{"id":"6031","type":"Feature","properties":{"id":"B0FFKG8Q6F","name":"泰德乐儿童中心","address":"顺德路92号","type":"科教文化服务;培训机构;培训机构","typecode":"141400","pcode":310000,"pname":"上海市","citycode":21,"cityname":"上海市","adcode":310106,"adname":"静安区","business_a":"[]","location":"121.459997,31.238145","tel":"021-62459509","bigType":"科教文化服务","midType":"培训机构","smallType":"培训机构","gcj_lng":121.459997,"gcj_lat":31.238145,"wgs84_loc":"121.455431,31.240049","wgs84Lng":"121.455431","wgs84Lat":"31.240049","__source_file__":"13-常用公服设施点/SHP/上海市_培训机构.shp"},"geometry":{"type":"Point","coordinates":[121.455431,31.240049]}},{"id":"5365","type":"Feature","properties":{"id":"B0HUM7TRXT","name":"纸盒人电脑动漫绘画","address":"新昌路与南苏州路交叉口南约40米","type":"科教文化服务;培训机构;培训机构","typecode":"141400","pcode":310000,"pname":"上海市","citycode":21,"cityname":"上海市","adcode":310101,"adname":"黄浦区","business_a":"北京东路","location":"121.466105,31.240006","tel":"[]","bigType":"科教文化服务","midType":"培训机构","smallType":"培训机构","gcj_lng":121.466105,"gcj_lat":31.240006,"wgs84_loc":"121.461557,31.241924","wgs84Lng":"121.461557","wgs84Lat":"31.241924","__source_file__":"13-常用公服设施点/SHP/上海市_培训机构.shp"},"geometry":{"type":"Point","coordinates":[121.461557,31.241924]}},{"id":"5878","type":"Feature","properties":{"id":"B0FFIRTVVP","name":"新爱婴早教中心(武定路中心)","address":"武定路292E2","type":"科教文化服务;培训机构;培训机构","typecode":"141400","pcode":310000,"pname":"上海市","citycode":21,"cityname":"上海市","adcode":310106,"adname":"静安区","business_a":"曹家渡","location":"121.455119,31.235147","tel":"021-52655783","bigType":"科教文化服务","midType":"培训机构","smallType":"培训机构","gcj_lng":121.455119,"gcj_lat":31.235147,"wgs84_loc":"121.45054,31.237041","wgs84Lng":"121.45054","wgs84Lat":"31.237041","__source_file__":"13-常用公服设施点/SHP/上海市_培训机构.shp"},"geometry":{"type":"Point","coordinates":[121.45054,31.237041]}},{"id":"5988","type":"Feature","properties":{"id":"B0015233CB","name":"上海市保安服务总公司静安区公司培训中心","address":"石门二路483号恒丰大楼南楼307室","type":"科教文化服务;培训机构;培训机构","typecode":"141400","pcode":310000,"pname":"上海市","citycode":21,"cityname":"上海市","adcode":310106,"adname":"静安区","business_a":"淮海路","location":"121.458923,31.236676","tel":"[]","bigType":"科教文化服务","midType":"培训机构","smallType":"培训机构","gcj_lng":121.458923,"gcj_lat":31.236676,"wgs84_loc":"121.454354,31.238578","wgs84Lng":"121.454354","wgs84Lat":"31.238578","__source_file__":"13-常用公服设施点/SHP/上海市_培训机构.shp"},"geometry":{"type":"Point","coordinates":[121.454354,31.238578]}},{"id":"5065","type":"Feature","properties":{"id":"B0FFJXNPNQ","name":"魔都音乐中心(静安店)","address":"恒通路360号一天下大厦B2410号","type":"科教文化服务;培训机构;培训机构","typecode":"141400","pcode":310000,"pname":"上海市","citycode":21,"cityname":"上海市","adcode":310106,"adname":"静安区","business_a":"[]","location":"121.457167,31.240512","tel":"18721064414","bigType":"科教文化服务","midType":"培训机构","smallType":"培训机构","gcj_lng":121.457167,"gcj_lat":31.240512,"wgs84_loc":"121.452593,31.242408","wgs84Lng":"121.452593","wgs84Lat":"31.242408","__source_file__":"13-常用公服设施点/SHP/上海市_培训机构.shp"},"geometry":{"type":"Point","coordinates":[121.452593,31.242408]}},{"id":"18408","type":"Feature","properties":{"id":"B0KAV7DYWQ","name":"新东方静安凯德星贸校区","address":"恒通路318号凯德星贸中心2层","type":"科教文化服务;培训机构;培训机构","typecode":"141400","pcode":310000,"pname":"上海市","citycode":21,"cityname":"上海市","adcode":310106,"adname":"静安区","business_a":"不夜城","location":"121.458224,31.241082","tel":"18527828328","bigType":"科教文化服务","midType":"培训机构","smallType":"培训机构","gcj_lng":121.458224,"gcj_lat":31.241082,"wgs84_loc":"121.453653,31.24298","wgs84Lng":"121.453653","wgs84Lat":"31.24298","__source_file__":"13-常用公服设施点/SHP/上海市_培训机构.shp"},"geometry":{"type":"Point","coordinates":[121.453653,31.24298]}},{"id":"6075","type":"Feature","properties":{"id":"B0FFJIXD58","name":"绘想童画(凯德星贸恒通路店)","address":"恒通路268号凯德星贸F2","type":"科教文化服务;培训机构;培训机构","typecode":"141400","pcode":310000,"pname":"上海市","citycode":21,"cityname":"上海市","adcode":310106,"adname":"静安区","business_a":"[]","location":"121.457963,31.241149","tel":"15618538373;18621978516","bigType":"科教文化服务","midType":"培训机构","smallType":"培训机构","gcj_lng":121.457963,"gcj_lat":31.241149,"wgs84_loc":"121.453391,31.243047","wgs84Lng":"121.453391","wgs84Lat":"31.243047","__source_file__":"13-常用公服设施点/SHP/上海市_培训机构.shp"},"geometry":{"type":"Point","coordinates":[121.453391,31.243047]}},{"id":"17197","type":"Feature","properties":{"id":"B0FFIB083M","name":"Playabc少儿英语(凯德星贸中心)","address":"凯德星贸L2层","type":"科教文化服务;培训机构;培训机构","typecode":"141400","pcode":310000,"pname":"上海市","citycode":21,"cityname":"上海市","adcode":310106,"adname":"静安区","business_a":"[]","location":"121.457888,31.241165","tel":"13916095900","bigType":"科教文化服务","midType":"培训机构","smallType":"培训机构","gcj_lng":121.457888,"gcj_lat":31.241165,"wgs84_loc":"121.453316,31.243062","wgs84Lng":"121.453316","wgs84Lat":"31.243062","__source_file__":"13-常用公服设施点/SHP/上海市_培训机构.shp"},"geometry":{"type":"Point","coordinates":[121.453316,31.243062]}},{"id":"6047","type":"Feature","properties":{"id":"B0FFLGP7BN","name":"JUMP舞蹈工作室(静安星贸店)","address":"凯德星贸b1层02号","type":"科教文化服务;培训机构;培训机构","typecode":"141400","pcode":310000,"pname":"上海市","citycode":21,"cityname":"上海市","adcode":310106,"adname":"静安区","business_a":"[]","location":"121.458480,31.241344","tel":"15221297205","bigType":"科教文化服务","midType":"培训机构","smallType":"培训机构","gcj_lng":121.45848,"gcj_lat":31.241344,"wgs84_loc":"121.45391,31.243243","wgs84Lng":"121.45391","wgs84Lat":"31.243243","__source_file__":"13-常用公服设施点/SHP/上海市_培训机构.shp"},"geometry":{"type":"Point","coordinates":[121.45391,31.243243]}},{"id":"5800","type":"Feature","properties":{"id":"B0FFHBVV2D","name":"上海市青年文化培训学校","address":"汉中路188","type":"科教文化服务;培训机构;培训机构","typecode":"141400","pcode":310000,"pname":"上海市","citycode":21,"cityname":"上海市","adcode":310106,"adname":"静安区","business_a":"[]","location":"121.457754,31.241917","tel":"021-63540435","bigType":"科教文化服务","midType":"培训机构","smallType":"培训机构","gcj_lng":121.457754,"gcj_lat":31.241917,"wgs84_loc":"121.453182,31.243814","wgs84Lng":"121.453182","wgs84Lat":"31.243814","__source_file__":"13-常用公服设施点/SHP/上海市_培训机构.shp"},"geometry":{"type":"Point","coordinates":[121.453182,31.243814]}},{"id":"15868","type":"Feature","properties":{"id":"B0FFHKOVPT","name":"唐风教育","address":"汉中路与民立路交叉口东南40米","type":"科教文化服务;培训机构;培训机构","typecode":"141400","pcode":310000,"pname":"上海市","citycode":21,"cityname":"上海市","adcode":310106,"adname":"静安区","business_a":"[]","location":"121.458000,31.242130","tel":"[]","bigType":"科教文化服务","midType":"培训机构","smallType":"培训机构","gcj_lng":121.458,"gcj_lat":31.24213,"wgs84_loc":"121.453428,31.244027","wgs84Lng":"121.453428","wgs84Lat":"31.244027","__source_file__":"13-常用公服设施点/SHP/上海市_培训机构.shp"},"geometry":{"type":"Point","coordinates":[121.453428,31.244027]}},{"id":"14125","type":"Feature","properties":{"id":"B001572FS7","name":"好小子机器人教育学校(汉中路店)","address":"汉中路158号汉中广场3A12室(汉中路民立路)","type":"科教文化服务;培训机构;培训机构","typecode":"141400","pcode":310000,"pname":"上海市","citycode":21,"cityname":"上海市","adcode":310106,"adname":"静安区","business_a":"[]","location":"121.458170,31.242163","tel":"[]","bigType":"科教文化服务","midType":"培训机构","smallType":"培训机构","gcj_lng":121.45817,"gcj_lat":31.242163,"wgs84_loc":"121.453599,31.244061","wgs84Lng":"121.453599","wgs84Lat":"31.244061","__source_file__":"13-常用公服设施点/SHP/上海市_培训机构.shp"},"geometry":{"type":"Point","coordinates":[121.453599,31.244061]}},{"id":"6249","type":"Feature","properties":{"id":"B0G1L56BEA","name":"MODACC国际艺术留学中心","address":"南苏州路1455号苏河文创中心1-311-314","type":"科教文化服务;培训机构;培训机构","typecode":"141400","pcode":310000,"pname":"上海市","citycode":21,"cityname":"上海市","adcode":310106,"adname":"静安区","business_a":"北京东路","location":"121.461038,31.240020","tel":"021-51684305","bigType":"科教文化服务","midType":"培训机构","smallType":"培训机构","gcj_lng":121.461038,"gcj_lat":31.24002,"wgs84_loc":"121.456475,31.241925","wgs84Lng":"121.456475","wgs84Lat":"31.241925","__source_file__":"13-常用公服设施点/SHP/上海市_培训机构.shp"},"geometry":{"type":"Point","coordinates":[121.456475,31.241925]}},{"id":"672","type":"Feature","properties":{"id":"B001571IGQ","name":"黄埔职业技能培训学校","address":"新桥路68号1806室","type":"科教文化服务;培训机构;培训机构","typecode":"141400","pcode":310000,"pname":"上海市","citycode":21,"cityname":"上海市","adcode":310101,"adname":"黄浦区","business_a":"北京东路","location":"121.466084,31.240053","tel":"021-33766177;18017165853","bigType":"科教文化服务","midType":"培训机构","smallType":"培训机构","gcj_lng":121.466084,"gcj_lat":31.240053,"wgs84_loc":"121.461536,31.241971","wgs84Lng":"121.461536","wgs84Lat":"31.241971","__source_file__":"13-常用公服设施点/SHP/上海市_培训机构.shp"},"geometry":{"type":"Point","coordinates":[121.461536,31.241971]}},{"id":"18371","type":"Feature","properties":{"id":"B0L699686J","name":"上海淳学教育科技有限公司","address":"新昌路与南苏州路交叉口西南40米","type":"科教文化服务;培训机构;培训机构|公司企业;公司;公司","typecode":"141400|170200","pcode":310000,"pname":"上海市","citycode":21,"cityname":"上海市","adcode":310101,"adname":"黄浦区","business_a":"北京路","location":"121.466041,31.240056","tel":"[]","bigType":"科教文化服务","midType":"培训机构","smallType":"培训机构|公司企业","gcj_lng":121.466041,"gcj_lat":31.240056,"wgs84_loc":"121.461493,31.241974","wgs84Lng":"121.461493","wgs84Lat":"31.241974","__source_file__":"13-常用公服设施点/SHP/上海市_培训机构.shp"},"geometry":{"type":"Point","coordinates":[121.461493,31.241974]}},{"id":"6313","type":"Feature","properties":{"id":"B0HKOLJ2ND","name":"深度爵士鼓(架子鼓)教学培训工作室Deepness","address":"南苏州路1455号2幢105室","type":"科教文化服务;培训机构;培训机构","typecode":"141400","pcode":310000,"pname":"上海市","citycode":21,"cityname":"上海市","adcode":310106,"adname":"静安区","business_a":"北京东路","location":"121.461372,31.240443","tel":"[]","bigType":"科教文化服务","midType":"培训机构","smallType":"培训机构","gcj_lng":121.461372,"gcj_lat":31.240443,"wgs84_loc":"121.45681,31.242349","wgs84Lng":"121.45681","wgs84Lat":"31.242349","__source_file__":"13-常用公服设施点/SHP/上海市_培训机构.shp"},"geometry":{"type":"Point","coordinates":[121.45681,31.242349]}},{"id":"5891","type":"Feature","properties":{"id":"B0G1F5M1NZ","name":"柚言英语学习中心(静安校区)","address":"梅园路35号2楼","type":"科教文化服务;培训机构;培训机构","typecode":"141400","pcode":310000,"pname":"上海市","citycode":21,"cityname":"上海市","adcode":310106,"adname":"静安区","business_a":"[]","location":"121.460747,31.241095","tel":"021-64273006","bigType":"科教文化服务","midType":"培训机构","smallType":"培训机构","gcj_lng":121.460747,"gcj_lat":31.241095,"wgs84_loc":"121.456183,31.242999","wgs84Lng":"121.456183","wgs84Lat":"31.242999","__source_file__":"13-常用公服设施点/SHP/上海市_培训机构.shp"},"geometry":{"type":"Point","coordinates":[121.456183,31.242999]}},{"id":"6178","type":"Feature","properties":{"id":"B0FFJCJAGR","name":"三才培训人力资源(静安梅园校区)","address":"梅园路77号人才大厦16楼1613室(恒通路1、12号线汉中路2号出口)","type":"科教文化服务;培训机构;培训机构","typecode":"141400","pcode":310000,"pname":"上海市","citycode":21,"cityname":"上海市","adcode":310106,"adname":"静安区","business_a":"[]","location":"121.460039,31.242039","tel":"021-52860070","bigType":"科教文化服务","midType":"培训机构","smallType":"培训机构","gcj_lng":121.460039,"gcj_lat":31.242039,"wgs84_loc":"121.455473,31.243941","wgs84Lng":"121.455473","wgs84Lat":"31.243941","__source_file__":"13-常用公服设施点/SHP/上海市_培训机构.shp"},"geometry":{"type":"Point","coordinates":[121.455473,31.243941]}},{"id":"6138","type":"Feature","properties":{"id":"B0GDLRKN5U","name":"韩腾教育","address":"梅园路77号人才大厦22层","type":"科教文化服务;培训机构;培训机构","typecode":"141400","pcode":310000,"pname":"上海市","citycode":21,"cityname":"上海市","adcode":310106,"adname":"静安区","business_a":"[]","location":"121.460057,31.242040","tel":"4008008772","bigType":"科教文化服务","midType":"培训机构","smallType":"培训机构","gcj_lng":121.460057,"gcj_lat":31.24204,"wgs84_loc":"121.455491,31.243942","wgs84Lng":"121.455491","wgs84Lat":"31.243942","__source_file__":"13-常用公服设施点/SHP/上海市_培训机构.shp"},"geometry":{"type":"Point","coordinates":[121.455491,31.243942]}},{"id":"6057","type":"Feature","properties":{"id":"B0HUBOINWP","name":"干部培训中心","address":"梅园路77号上海人才大厦6楼(近汉中路)","type":"科教文化服务;培训机构;培训机构","typecode":"141400","pcode":310000,"pname":"上海市","citycode":21,"cityname":"上海市","adcode":310106,"adname":"静安区","business_a":"[]","location":"121.460191,31.242057","tel":"021-51029669","bigType":"科教文化服务","midType":"培训机构","smallType":"培训机构","gcj_lng":121.460191,"gcj_lat":31.242057,"wgs84_loc":"121.455626,31.243959","wgs84Lng":"121.455626","wgs84Lat":"31.243959","__source_file__":"13-常用公服设施点/SHP/上海市_培训机构.shp"},"geometry":{"type":"Point","coordinates":[121.455626,31.243959]}},{"id":"6197","type":"Feature","properties":{"id":"B0HG2K140U","name":"汇人商学院","address":"共和路与华康路交叉口东北约40米","type":"科教文化服务;培训机构;培训机构","typecode":"141400","pcode":310000,"pname":"上海市","citycode":21,"cityname":"上海市","adcode":310106,"adname":"静安区","business_a":"[]","location":"121.459362,31.244502","tel":"[]","bigType":"科教文化服务","midType":"培训机构","smallType":"培训机构","gcj_lng":121.459362,"gcj_lat":31.244502,"wgs84_loc":"121.454794,31.246401","wgs84Lng":"121.454794","wgs84Lat":"31.246401","__source_file__":"13-常用公服设施点/SHP/上海市_培训机构.shp"},"geometry":{"type":"Point","coordinates":[121.454794,31.246401]}},{"id":"14707","type":"Feature","properties":{"id":"B001571MBP","name":"绍英教育(新梅校区)","address":"天目中路585号新梅大厦5层(近共和新路)","type":"科教文化服务;培训机构;培训机构","typecode":"141400","pcode":310000,"pname":"上海市","citycode":21,"cityname":"上海市","adcode":310106,"adname":"静安区","business_a":"宝山路","location":"121.463992,31.245077","tel":"021-63810082;18001896253","bigType":"科教文化服务","midType":"培训机构","smallType":"培训机构","gcj_lng":121.463992,"gcj_lat":31.245077,"wgs84_loc":"121.459437,31.246987","wgs84Lng":"121.459437","wgs84Lat":"31.246987","__source_file__":"13-常用公服设施点/SHP/上海市_培训机构.shp"},"geometry":{"type":"Point","coordinates":[121.459437,31.246987]}},{"id":"17455","type":"Feature","properties":{"id":"B0IATZNV4J","name":"香港留学中心","address":"汉中路158号汉中广场东楼414","type":"科教文化服务;培训机构;培训机构","typecode":"141400","pcode":310000,"pname":"上海市","citycode":21,"cityname":"上海市","adcode":310106,"adname":"静安区","business_a":"[]","location":"121.458197,31.242225","tel":"13886044272","bigType":"科教文化服务","midType":"培训机构","smallType":"培训机构","gcj_lng":121.458197,"gcj_lat":31.242225,"wgs84_loc":"121.453626,31.244123","wgs84Lng":"121.453626","wgs84Lat":"31.244123","__source_file__":"13-常用公服设施点/SHP/上海市_培训机构.shp"},"geometry":{"type":"Point","coordinates":[121.453626,31.244123]}},{"id":"9380","type":"Feature","properties":{"id":"B0FFFZBZ0R","name":"台阶青少儿","address":"汉中路158号汉中广场9层904","type":"科教文化服务;培训机构;培训机构","typecode":"141400","pcode":310000,"pname":"上海市","citycode":21,"cityname":"上海市","adcode":310106,"adname":"静安区","business_a":"[]","location":"121.458269,31.242283","tel":"[]","bigType":"科教文化服务","midType":"培训机构","smallType":"培训机构","gcj_lng":121.458269,"gcj_lat":31.242283,"wgs84_loc":"121.453698,31.244181","wgs84Lng":"121.453698","wgs84Lat":"31.244181","__source_file__":"13-常用公服设施点/SHP/上海市_培训机构.shp"},"geometry":{"type":"Point","coordinates":[121.453698,31.244181]}},{"id":"14232","type":"Feature","properties":{"id":"B00155F5UX","name":"上海信息服务人才培训中心(文华学院店)","address":"汉中路158号汉中广场5层505","type":"科教文化服务;培训机构;培训机构","typecode":"141400","pcode":310000,"pname":"上海市","citycode":21,"cityname":"上海市","adcode":310106,"adname":"静安区","business_a":"[]","location":"121.458269,31.242283","tel":"[]","bigType":"科教文化服务","midType":"培训机构","smallType":"培训机构","gcj_lng":121.458269,"gcj_lat":31.242283,"wgs84_loc":"121.453698,31.244181","wgs84Lng":"121.453698","wgs84Lat":"31.244181","__source_file__":"13-常用公服设施点/SHP/上海市_培训机构.shp"},"geometry":{"type":"Point","coordinates":[121.453698,31.244181]}},{"id":"15152","type":"Feature","properties":{"id":"B0FFF004W8","name":"上海莘远国久恒雅思学园","address":"汉中路158号汉中广场18层","type":"科教文化服务;培训机构;培训机构","typecode":"141400","pcode":310000,"pname":"上海市","citycode":21,"cityname":"上海市","adcode":310106,"adname":"静安区","business_a":"[]","location":"121.458269,31.242283","tel":"[]","bigType":"科教文化服务","midType":"培训机构","smallType":"培训机构","gcj_lng":121.458269,"gcj_lat":31.242283,"wgs84_loc":"121.453698,31.244181","wgs84Lng":"121.453698","wgs84Lat":"31.244181","__source_file__":"13-常用公服设施点/SHP/上海市_培训机构.shp"},"geometry":{"type":"Point","coordinates":[121.453698,31.244181]}},{"id":"6190","type":"Feature","properties":{"id":"B0FFHOUGVI","name":"瑞达法考","address":"汉中路158号汉中大厦902室","type":"科教文化服务;培训机构;培训机构","typecode":"141400","pcode":310000,"pname":"上海市","citycode":21,"cityname":"上海市","adcode":310106,"adname":"静安区","business_a":"[]","location":"121.458080,31.242378","tel":"021-52902865","bigType":"科教文化服务","midType":"培训机构","smallType":"培训机构","gcj_lng":121.45808,"gcj_lat":31.242378,"wgs84_loc":"121.453509,31.244275","wgs84Lng":"121.453509","wgs84Lat":"31.244275","__source_file__":"13-常用公服设施点/SHP/上海市_培训机构.shp"},"geometry":{"type":"Point","coordinates":[121.453509,31.244275]}},{"id":"16949","type":"Feature","properties":{"id":"B0G1AHYNLG","name":"上教留学","address":"上海市静安区汉中路158号1801室","type":"科教文化服务;培训机构;培训机构","typecode":"141400","pcode":310000,"pname":"上海市","citycode":21,"cityname":"上海市","adcode":310106,"adname":"静安区","business_a":"[]","location":"121.458061,31.242468","tel":"021-64664149","bigType":"科教文化服务","midType":"培训机构","smallType":"培训机构","gcj_lng":121.458061,"gcj_lat":31.242468,"wgs84_loc":"121.45349,31.244365","wgs84Lng":"121.45349","wgs84Lat":"31.244365","__source_file__":"13-常用公服设施点/SHP/上海市_培训机构.shp"},"geometry":{"type":"Point","coordinates":[121.45349,31.244365]}},{"id":"5948","type":"Feature","properties":{"id":"B0HBTM1LCX","name":"英伦云学国际课程","address":"恒丰路329号中港汇609室","type":"科教文化服务;培训机构;培训机构","typecode":"141400","pcode":310000,"pname":"上海市","citycode":21,"cityname":"上海市","adcode":310106,"adname":"静安区","business_a":"[]","location":"121.456225,31.243558","tel":"[]","bigType":"科教文化服务","midType":"培训机构","smallType":"培训机构","gcj_lng":121.456225,"gcj_lat":31.243558,"wgs84_loc":"121.451648,31.245451","wgs84Lng":"121.451648","wgs84Lat":"31.245451","__source_file__":"13-常用公服设施点/SHP/上海市_培训机构.shp"},"geometry":{"type":"Point","coordinates":[121.451648,31.245451]}},{"id":"17473","type":"Feature","properties":{"id":"B0HUV53146","name":"索引留学(上海体验中心)","address":"恒丰路329号中港汇506室","type":"科教文化服务;培训机构;培训机构","typecode":"141400","pcode":310000,"pname":"上海市","citycode":21,"cityname":"上海市","adcode":310106,"adname":"静安区","business_a":"[]","location":"121.456201,31.243601","tel":"021-62309180","bigType":"科教文化服务","midType":"培训机构","smallType":"培训机构","gcj_lng":121.456201,"gcj_lat":31.243601,"wgs84_loc":"121.451624,31.245493","wgs84Lng":"121.451624","wgs84Lat":"31.245493","__source_file__":"13-常用公服设施点/SHP/上海市_培训机构.shp"},"geometry":{"type":"Point","coordinates":[121.451624,31.245493]}},{"id":"6151","type":"Feature","properties":{"id":"B0G26YKW7X","name":"菠萝在线国际课程","address":"恒丰路329号中港汇静安2502室","type":"科教文化服务;培训机构;培训机构","typecode":"141400","pcode":310000,"pname":"上海市","citycode":21,"cityname":"上海市","adcode":310106,"adname":"静安区","business_a":"[]","location":"121.456184,31.243616","tel":"18117591252","bigType":"科教文化服务","midType":"培训机构","smallType":"培训机构","gcj_lng":121.456184,"gcj_lat":31.243616,"wgs84_loc":"121.451607,31.245508","wgs84Lng":"121.451607","wgs84Lat":"31.245508","__source_file__":"13-常用公服设施点/SHP/上海市_培训机构.shp"},"geometry":{"type":"Point","coordinates":[121.451607,31.245508]}},{"id":"6080","type":"Feature","properties":{"id":"B0FFH0PE5R","name":"索引教育","address":"恒丰路329号隆宇商务广场506室","type":"科教文化服务;培训机构;培训机构","typecode":"141400","pcode":310000,"pname":"上海市","citycode":21,"cityname":"上海市","adcode":310106,"adname":"静安区","business_a":"[]","location":"121.456237,31.243807","tel":"[]","bigType":"科教文化服务","midType":"培训机构","smallType":"培训机构","gcj_lng":121.456237,"gcj_lat":31.243807,"wgs84_loc":"121.45166,31.245699","wgs84Lng":"121.45166","wgs84Lat":"31.245699","__source_file__":"13-常用公服设施点/SHP/上海市_培训机构.shp"},"geometry":{"type":"Point","coordinates":[121.45166,31.245699]}},{"id":"5209","type":"Feature","properties":{"id":"B0FFGSJOH5","name":"樱花国际日语(人民广场中心)","address":"福州路666号华鑫海欣大厦20楼","type":"科教文化服务;培训机构;培训机构","typecode":"141400","pcode":310000,"pname":"上海市","citycode":21,"cityname":"上海市","adcode":310101,"adname":"黄浦区","business_a":"北京东路","location":"121.478056,31.232585","tel":"4001800111","bigType":"科教文化服务","midType":"培训机构","smallType":"培训机构","gcj_lng":121.478056,"gcj_lat":31.232585,"wgs84_loc":"121.473547,31.234538","wgs84Lng":"121.473547","wgs84Lat":"31.234538","__source_file__":"13-常用公服设施点/SHP/上海市_培训机构.shp"},"geometry":{"type":"Point","coordinates":[121.473547,31.234538]}},{"id":"5208","type":"Feature","properties":{"id":"B0FFHGNGQ1","name":"昂立教育(人民广场校区)","address":"福州路579号大众书局3层(浙江中路上海书城85度C)","type":"科教文化服务;培训机构;培训机构","typecode":"141400","pcode":310000,"pname":"上海市","citycode":21,"cityname":"上海市","adcode":310101,"adname":"黄浦区","business_a":"北京东路","location":"121.479544,31.232686","tel":"021-63503700;021-63149250","bigType":"科教文化服务","midType":"培训机构","smallType":"培训机构","gcj_lng":121.479544,"gcj_lat":31.232686,"wgs84_loc":"121.47504,31.234643","wgs84Lng":"121.47504","wgs84Lat":"31.234643","__source_file__":"13-常用公服设施点/SHP/上海市_培训机构.shp"},"geometry":{"type":"Point","coordinates":[121.47504,31.234643]}},{"id":"671","type":"Feature","properties":{"id":"B0FFJ1Q3V1","name":"昂立国际课程(人广中心)","address":"广西北路158号黄浦区图书馆","type":"科教文化服务;培训机构;培训机构","typecode":"141400","pcode":310000,"pname":"上海市","citycode":21,"cityname":"上海市","adcode":310101,"adname":"黄浦区","business_a":"北京东路","location":"121.479735,31.232754","tel":"[]","bigType":"科教文化服务","midType":"培训机构","smallType":"培训机构","gcj_lng":121.479735,"gcj_lat":31.232754,"wgs84_loc":"121.475232,31.234712","wgs84Lng":"121.475232","wgs84Lat":"31.234712","__source_file__":"13-常用公服设施点/SHP/上海市_培训机构.shp"},"geometry":{"type":"Point","coordinates":[121.475232,31.234712]}},{"id":"5210","type":"Feature","properties":{"id":"B0FFGW5UKA","name":"澜大教育·托福/SAT/ACT(人广校区)","address":"福州路556号4楼","type":"科教文化服务;培训机构;培训机构","typecode":"141400","pcode":310000,"pname":"上海市","citycode":21,"cityname":"上海市","adcode":310101,"adname":"黄浦区","business_a":"北京东路","location":"121.480096,31.233137","tel":"13584822744","bigType":"科教文化服务","midType":"培训机构","smallType":"培训机构","gcj_lng":121.480096,"gcj_lat":31.233137,"wgs84_loc":"121.475594,31.235096","wgs84Lng":"121.475594","wgs84Lat":"31.235096","__source_file__":"13-常用公服设施点/SHP/上海市_培训机构.shp"},"geometry":{"type":"Point","coordinates":[121.475594,31.235096]}},{"id":"5572","type":"Feature","properties":{"id":"B0FFGOCWJA","name":"芳塞101教室","address":"福州路556号","type":"科教文化服务;培训机构;培训机构","typecode":"141400","pcode":310000,"pname":"上海市","citycode":21,"cityname":"上海市","adcode":310101,"adname":"黄浦区","business_a":"北京东路","location":"121.480118,31.233157","tel":"[]","bigType":"科教文化服务","midType":"培训机构","smallType":"培训机构","gcj_lng":121.480118,"gcj_lat":31.233157,"wgs84_loc":"121.475616,31.235116","wgs84Lng":"121.475616","wgs84Lat":"31.235116","__source_file__":"13-常用公服设施点/SHP/上海市_培训机构.shp"},"geometry":{"type":"Point","coordinates":[121.475616,31.235116]}},{"id":"5409","type":"Feature","properties":{"id":"B0HU51PVGF","name":"环球教育(人民广场校区)","address":"汉口路650号亚洲大厦11层","type":"科教文化服务;培训机构;培训机构","typecode":"141400","pcode":310000,"pname":"上海市","citycode":21,"cityname":"上海市","adcode":310101,"adname":"黄浦区","business_a":"北京东路","location":"121.478004,31.233808","tel":"021-33312285","bigType":"科教文化服务","midType":"培训机构","smallType":"培训机构","gcj_lng":121.478004,"gcj_lat":31.233808,"wgs84_loc":"121.473495,31.235761","wgs84Lng":"121.473495","wgs84Lat":"31.235761","__source_file__":"13-常用公服设施点/SHP/上海市_培训机构.shp"},"geometry":{"type":"Point","coordinates":[121.473495,31.235761]}},{"id":"15154","type":"Feature","properties":{"id":"B0FFG1DJT8","name":"博智教育GMAT培训(上海校区)","address":"汉口路650号亚洲大厦17层1703室","type":"科教文化服务;培训机构;培训机构","typecode":"141400","pcode":310000,"pname":"上海市","citycode":21,"cityname":"上海市","adcode":310101,"adname":"黄浦区","business_a":"北京东路","location":"121.478089,31.233860","tel":"021-61359599","bigType":"科教文化服务","midType":"培训机构","smallType":"培训机构","gcj_lng":121.478089,"gcj_lat":31.23386,"wgs84_loc":"121.47358,31.235813","wgs84Lng":"121.47358","wgs84Lat":"31.235813","__source_file__":"13-常用公服设施点/SHP/上海市_培训机构.shp"},"geometry":{"type":"Point","coordinates":[121.47358,31.235813]}},{"id":"13868","type":"Feature","properties":{"id":"B0FFMHTIU4","name":"上海学而思汉口路教学点","address":"汉口路650号亚洲大厦7楼","type":"科教文化服务;培训机构;培训机构","typecode":"141400","pcode":310000,"pname":"上海市","citycode":21,"cityname":"上海市","adcode":310101,"adname":"黄浦区","business_a":"北京东路","location":"121.478058,31.233902","tel":"4000121121","bigType":"科教文化服务","midType":"培训机构","smallType":"培训机构","gcj_lng":121.478058,"gcj_lat":31.233902,"wgs84_loc":"121.473549,31.235855","wgs84Lng":"121.473549","wgs84Lat":"31.235855","__source_file__":"13-常用公服设施点/SHP/上海市_培训机构.shp"},"geometry":{"type":"Point","coordinates":[121.473549,31.235855]}},{"id":"5487","type":"Feature","properties":{"id":"B0HRHNZCAM","name":"星马教育·托雅·小语种(人广校区)","address":"九江路675-685号","type":"科教文化服务;培训机构;培训机构","typecode":"141400","pcode":310000,"pname":"上海市","citycode":21,"cityname":"上海市","adcode":310101,"adname":"黄浦区","business_a":"北京东路","location":"121.477694,31.233942","tel":"13918558537","bigType":"科教文化服务","midType":"培训机构","smallType":"培训机构","gcj_lng":121.477694,"gcj_lat":31.233942,"wgs84_loc":"121.473184,31.235894","wgs84Lng":"121.473184","wgs84Lat":"31.235894","__source_file__":"13-常用公服设施点/SHP/上海市_培训机构.shp"},"geometry":{"type":"Point","coordinates":[121.473184,31.235894]}},{"id":"18243","type":"Feature","properties":{"id":"B0IR3HHX23","name":"苏洵书院","address":"汉口路650号亚洲大厦21楼","type":"科教文化服务;培训机构;培训机构","typecode":"141400","pcode":310000,"pname":"上海市","citycode":21,"cityname":"上海市","adcode":310101,"adname":"黄浦区","business_a":"北京东路","location":"121.478024,31.233949","tel":"13761867692","bigType":"科教文化服务","midType":"培训机构","smallType":"培训机构","gcj_lng":121.478024,"gcj_lat":31.233949,"wgs84_loc":"121.473515,31.235902","wgs84Lng":"121.473515","wgs84Lat":"31.235902","__source_file__":"13-常用公服设施点/SHP/上海市_培训机构.shp"},"geometry":{"type":"Point","coordinates":[121.473515,31.235902]}},{"id":"5488","type":"Feature","properties":{"id":"B0HKO9LRA3","name":"博智教育","address":"汉口路650号亚洲大厦1层","type":"科教文化服务;培训机构;培训机构","typecode":"141400","pcode":310000,"pname":"上海市","citycode":21,"cityname":"上海市","adcode":310101,"adname":"黄浦区","business_a":"北京东路","location":"121.478054,31.233965","tel":"[]","bigType":"科教文化服务","midType":"培训机构","smallType":"培训机构","gcj_lng":121.478054,"gcj_lat":31.233965,"wgs84_loc":"121.473545,31.235918","wgs84Lng":"121.473545","wgs84Lat":"31.235918","__source_file__":"13-常用公服设施点/SHP/上海市_培训机构.shp"},"geometry":{"type":"Point","coordinates":[121.473545,31.235918]}},{"id":"5330","type":"Feature","properties":{"id":"B0FFH10RFG","name":"环球教育雅思托福培训中心(人民广场校区)","address":"汉口路650号亚洲大厦21层","type":"科教文化服务;培训机构;培训机构","typecode":"141400","pcode":310000,"pname":"上海市","citycode":21,"cityname":"上海市","adcode":310101,"adname":"黄浦区","business_a":"北京东路","location":"121.478051,31.233966","tel":"17392562676","bigType":"科教文化服务","midType":"培训机构","smallType":"培训机构","gcj_lng":121.478051,"gcj_lat":31.233966,"wgs84_loc":"121.473542,31.235919","wgs84Lng":"121.473542","wgs84Lat":"31.235919","__source_file__":"13-常用公服设施点/SHP/上海市_培训机构.shp"},"geometry":{"type":"Point","coordinates":[121.473542,31.235919]}},{"id":"5329","type":"Feature","properties":{"id":"B0FFI2RSOR","name":"智课教育(人民广场校区)","address":"九江路675-685号长江新能源大厦8层","type":"科教文化服务;培训机构;培训机构","typecode":"141400","pcode":310000,"pname":"上海市","citycode":21,"cityname":"上海市","adcode":310101,"adname":"黄浦区","business_a":"北京东路","location":"121.477712,31.233979","tel":"13699120298;15502106532","bigType":"科教文化服务","midType":"培训机构","smallType":"培训机构","gcj_lng":121.477712,"gcj_lat":31.233979,"wgs84_loc":"121.473202,31.235931","wgs84Lng":"121.473202","wgs84Lat":"31.235931","__source_file__":"13-常用公服设施点/SHP/上海市_培训机构.shp"},"geometry":{"type":"Point","coordinates":[121.473202,31.235931]}},{"id":"15683","type":"Feature","properties":{"id":"B0FFGMLG8X","name":"营业员上岗证培训(人民广场总部)","address":"汉口路650号亚洲大厦10楼(近来福士广场)","type":"科教文化服务;培训机构;培训机构","typecode":"141400","pcode":310000,"pname":"上海市","citycode":21,"cityname":"上海市","adcode":310101,"adname":"黄浦区","business_a":"北京东路","location":"121.477998,31.233993","tel":"021-51090933;13391035322","bigType":"科教文化服务","midType":"培训机构","smallType":"培训机构","gcj_lng":121.477998,"gcj_lat":31.233993,"wgs84_loc":"121.473489,31.235946","wgs84Lng":"121.473489","wgs84Lat":"31.235946","__source_file__":"13-常用公服设施点/SHP/上海市_培训机构.shp"},"geometry":{"type":"Point","coordinates":[121.473489,31.235946]}},{"id":"5524","type":"Feature","properties":{"id":"B0G07Y1TZS","name":"朗阁培训中心","address":"广西北路与九江路交叉口东南约20米","type":"科教文化服务;培训机构;培训机构","typecode":"141400","pcode":310000,"pname":"上海市","citycode":21,"cityname":"上海市","adcode":310101,"adname":"黄浦区","business_a":"北京东路","location":"121.477572,31.234066","tel":"[]","bigType":"科教文化服务","midType":"培训机构","smallType":"培训机构","gcj_lng":121.477572,"gcj_lat":31.234066,"wgs84_loc":"121.473061,31.236017","wgs84Lng":"121.473061","wgs84Lat":"31.236017","__source_file__":"13-常用公服设施点/SHP/上海市_培训机构.shp"},"geometry":{"type":"Point","coordinates":[121.473061,31.236017]}},{"id":"5160","type":"Feature","properties":{"id":"B0FFI215RX","name":"上海智课人广出国精英学习中心","address":"九江路675号长江新能源大厦8层","type":"科教文化服务;培训机构;培训机构","typecode":"141400","pcode":310000,"pname":"上海市","citycode":21,"cityname":"上海市","adcode":310101,"adname":"黄浦区","business_a":"北京东路","location":"121.477635,31.234092","tel":"[]","bigType":"科教文化服务","midType":"培训机构","smallType":"培训机构","gcj_lng":121.477635,"gcj_lat":31.234092,"wgs84_loc":"121.473125,31.236043","wgs84Lng":"121.473125","wgs84Lat":"31.236043","__source_file__":"13-常用公服设施点/SHP/上海市_培训机构.shp"},"geometry":{"type":"Point","coordinates":[121.473125,31.236043]}},{"id":"16449","type":"Feature","properties":{"id":"B0HAXZMTYL","name":"学而思·爱智康(新汉口路学习中心)","address":"浙江中路283号二楼","type":"科教文化服务;培训机构;培训机构","typecode":"141400","pcode":310000,"pname":"上海市","citycode":21,"cityname":"上海市","adcode":310101,"adname":"黄浦区","business_a":"北京东路","location":"121.478733,31.234305","tel":"[]","bigType":"科教文化服务","midType":"培训机构","smallType":"培训机构","gcj_lng":121.478733,"gcj_lat":31.234305,"wgs84_loc":"121.474226,31.236259","wgs84Lng":"121.474226","wgs84Lat":"31.236259","__source_file__":"13-常用公服设施点/SHP/上海市_培训机构.shp"},"geometry":{"type":"Point","coordinates":[121.474226,31.236259]}},{"id":"5442","type":"Feature","properties":{"id":"B0FFMDN59R","name":"上海菌恪留学自习室","address":"九江路686号8楼","type":"科教文化服务;培训机构;培训机构","typecode":"141400","pcode":310000,"pname":"上海市","citycode":21,"cityname":"上海市","adcode":310101,"adname":"黄浦区","business_a":"北京东路","location":"121.477618,31.234593","tel":"[]","bigType":"科教文化服务","midType":"培训机构","smallType":"培训机构","gcj_lng":121.477618,"gcj_lat":31.234593,"wgs84_loc":"121.473108,31.236544","wgs84Lng":"121.473108","wgs84Lat":"31.236544","__source_file__":"13-常用公服设施点/SHP/上海市_培训机构.shp"},"geometry":{"type":"Point","coordinates":[121.473108,31.236544]}},{"id":"17301","type":"Feature","properties":{"id":"B0HB6RL5Z5","name":"新东方留学考试(南京东路校区)","address":"南京路步行街与浙江中路交叉口东80米","type":"科教文化服务;培训机构;培训机构","typecode":"141400","pcode":310000,"pname":"上海市","citycode":21,"cityname":"上海市","adcode":310101,"adname":"黄浦区","business_a":"北京东路","location":"121.479155,31.235796","tel":"18062392928","bigType":"科教文化服务","midType":"培训机构","smallType":"培训机构","gcj_lng":121.479155,"gcj_lat":31.235796,"wgs84_loc":"121.47465,31.237751","wgs84Lng":"121.47465","wgs84Lat":"31.237751","__source_file__":"13-常用公服设施点/SHP/上海市_培训机构.shp"},"geometry":{"type":"Point","coordinates":[121.47465,31.237751]}},{"id":"5361","type":"Feature","properties":{"id":"B0I6A7AIBZ","name":"上海新东方第二外语学习中心","address":"南京东路亚太广场","type":"科教文化服务;培训机构;培训机构","typecode":"141400","pcode":310000,"pname":"上海市","citycode":21,"cityname":"上海市","adcode":310101,"adname":"黄浦区","business_a":"北京东路","location":"121.479062,31.235943","tel":"[]","bigType":"科教文化服务","midType":"培训机构","smallType":"培训机构","gcj_lng":121.479062,"gcj_lat":31.235943,"wgs84_loc":"121.474556,31.237898","wgs84Lng":"121.474556","wgs84Lat":"31.237898","__source_file__":"13-常用公服设施点/SHP/上海市_培训机构.shp"},"geometry":{"type":"Point","coordinates":[121.474556,31.237898]}},{"id":"17167","type":"Feature","properties":{"id":"B0FFHDBR2Z","name":"迪士尼英语","address":"九江路686号宝龙大厦11楼","type":"科教文化服务;培训机构;培训机构","typecode":"141400","pcode":310000,"pname":"上海市","citycode":21,"cityname":"上海市","adcode":310101,"adname":"黄浦区","business_a":"北京东路","location":"121.477455,31.234526","tel":"[]","bigType":"科教文化服务","midType":"培训机构","smallType":"培训机构","gcj_lng":121.477455,"gcj_lat":31.234526,"wgs84_loc":"121.472944,31.236477","wgs84Lng":"121.472944","wgs84Lat":"31.236477","__source_file__":"13-常用公服设施点/SHP/上海市_培训机构.shp"},"geometry":{"type":"Point","coordinates":[121.472944,31.236477]}},{"id":"5531","type":"Feature","properties":{"id":"B0FFL37H74","name":"睿宸国际教育","address":"九江路686号腾飞元创大厦3层","type":"科教文化服务;培训机构;培训机构","typecode":"141400","pcode":310000,"pname":"上海市","citycode":21,"cityname":"上海市","adcode":310101,"adname":"黄浦区","business_a":"北京东路","location":"121.477455,31.234739","tel":"[]","bigType":"科教文化服务","midType":"培训机构","smallType":"培训机构","gcj_lng":121.477455,"gcj_lat":31.234739,"wgs84_loc":"121.472944,31.23669","wgs84Lng":"121.472944","wgs84Lat":"31.23669","__source_file__":"13-常用公服设施点/SHP/上海市_培训机构.shp"},"geometry":{"type":"Point","coordinates":[121.472944,31.23669]}},{"id":"15017","type":"Feature","properties":{"id":"B0HA77051F","name":"玖趣魔术·魔法学院","address":"凤阳路99号","type":"科教文化服务;培训机构;培训机构","typecode":"141400","pcode":310000,"pname":"上海市","citycode":21,"cityname":"上海市","adcode":310101,"adname":"黄浦区","business_a":"北京东路","location":"121.473465,31.235123","tel":"[]","bigType":"科教文化服务","midType":"培训机构","smallType":"培训机构","gcj_lng":121.473465,"gcj_lat":31.235123,"wgs84_loc":"121.468941,31.237062","wgs84Lng":"121.468941","wgs84Lat":"31.237062","__source_file__":"13-常用公服设施点/SHP/上海市_培训机构.shp"},"geometry":{"type":"Point","coordinates":[121.468941,31.237062]}},{"id":"17309","type":"Feature","properties":{"id":"B0IA1DWTHF","name":"精锐教育","address":"四川北路1661号凯鸿商场宝大祥青少年儿童购物中心四楼","type":"科教文化服务;培训机构;培训机构","typecode":"141400","pcode":310000,"pname":"上海市","citycode":21,"cityname":"上海市","adcode":310101,"adname":"黄浦区","business_a":"北京东路","location":"121.477507,31.235120","tel":"[]","bigType":"科教文化服务","midType":"培训机构","smallType":"培训机构","gcj_lng":121.477507,"gcj_lat":31.23512,"wgs84_loc":"121.472996,31.237071","wgs84Lng":"121.472996","wgs84Lat":"31.237071","__source_file__":"13-常用公服设施点/SHP/上海市_培训机构.shp"},"geometry":{"type":"Point","coordinates":[121.472996,31.237071]}},{"id":"5218","type":"Feature","properties":{"id":"B0FFKGNIPO","name":"Magic90r魔术培训主题馆","address":"南京西路新世界城8楼","type":"科教文化服务;培训机构;培训机构","typecode":"141400","pcode":310000,"pname":"上海市","citycode":21,"cityname":"上海市","adcode":310101,"adname":"黄浦区","business_a":"北京东路","location":"121.473861,31.235135","tel":"18917373781","bigType":"科教文化服务","midType":"培训机构","smallType":"培训机构","gcj_lng":121.473861,"gcj_lat":31.235135,"wgs84_loc":"121.469338,31.237076","wgs84Lng":"121.469338","wgs84Lat":"31.237076","__source_file__":"13-常用公服设施点/SHP/上海市_培训机构.shp"},"geometry":{"type":"Point","coordinates":[121.469338,31.237076]}},{"id":"5485","type":"Feature","properties":{"id":"B0HRVR0TFJ","name":"爱上数学(新世界城店)","address":"南京西路2-88号新世界城F8","type":"科教文化服务;培训机构;培训机构","typecode":"141400","pcode":310000,"pname":"上海市","citycode":21,"cityname":"上海市","adcode":310101,"adname":"黄浦区","business_a":"北京东路","location":"121.473501,31.235240","tel":"[]","bigType":"科教文化服务","midType":"培训机构","smallType":"培训机构","gcj_lng":121.473501,"gcj_lat":31.23524,"wgs84_loc":"121.468977,31.237179","wgs84Lng":"121.468977","wgs84Lat":"31.237179","__source_file__":"13-常用公服设施点/SHP/上海市_培训机构.shp"},"geometry":{"type":"Point","coordinates":[121.468977,31.237179]}},{"id":"16580","type":"Feature","properties":{"id":"B0HGO9V848","name":"TIME MAGIC(新世界城)","address":"南京西路2-68号新世界城L8层","type":"科教文化服务;培训机构;培训机构","typecode":"141400","pcode":310000,"pname":"上海市","citycode":21,"cityname":"上海市","adcode":310101,"adname":"黄浦区","business_a":"北京东路","location":"121.473472,31.235454","tel":"[]","bigType":"科教文化服务","midType":"培训机构","smallType":"培训机构","gcj_lng":121.473472,"gcj_lat":31.235454,"wgs84_loc":"121.468948,31.237393","wgs84Lng":"121.468948","wgs84Lat":"31.237393","__source_file__":"13-常用公服设施点/SHP/上海市_培训机构.shp"},"geometry":{"type":"Point","coordinates":[121.468948,31.237393]}},{"id":"14704","type":"Feature","properties":{"id":"B0FFI1U7DO","name":"新界教育","address":"凤阳路29号16楼","type":"科教文化服务;培训机构;培训机构","typecode":"141400","pcode":310000,"pname":"上海市","citycode":21,"cityname":"上海市","adcode":310101,"adname":"黄浦区","business_a":"北京东路","location":"121.473757,31.235573","tel":"[]","bigType":"科教文化服务","midType":"培训机构","smallType":"培训机构","gcj_lng":121.473757,"gcj_lat":31.235573,"wgs84_loc":"121.469234,31.237513","wgs84Lng":"121.469234","wgs84Lat":"31.237513","__source_file__":"13-常用公服设施点/SHP/上海市_培训机构.shp"},"geometry":{"type":"Point","coordinates":[121.469234,31.237513]}},{"id":"43","type":"Feature","properties":{"id":"B0HGALZ56H","name":"篮球运动体验(新世界城)","address":"南京西路2-68号新世界城L6层","type":"科教文化服务;培训机构;培训机构","typecode":"141400","pcode":310000,"pname":"上海市","citycode":21,"cityname":"上海市","adcode":310101,"adname":"黄浦区","business_a":"北京东路","location":"121.473876,31.235578","tel":"[]","bigType":"科教文化服务","midType":"培训机构","smallType":"培训机构","gcj_lng":121.473876,"gcj_lat":31.235578,"wgs84_loc":"121.469353,31.237518","wgs84Lng":"121.469353","wgs84Lat":"31.237518","__source_file__":"13-常用公服设施点/SHP/上海市_培训机构.shp"},"geometry":{"type":"Point","coordinates":[121.469353,31.237518]}},{"id":"5297","type":"Feature","properties":{"id":"B0H397R6YU","name":"XCOT明天","address":"南京东路800号6层03-06309","type":"科教文化服务;培训机构;培训机构","typecode":"141400","pcode":310000,"pname":"上海市","citycode":21,"cityname":"上海市","adcode":310101,"adname":"黄浦区","business_a":"北京东路","location":"121.475121,31.235777","tel":"[]","bigType":"科教文化服务","midType":"培训机构","smallType":"培训机构","gcj_lng":121.475121,"gcj_lat":31.235777,"wgs84_loc":"121.470602,31.237721","wgs84Lng":"121.470602","wgs84Lat":"31.237721","__source_file__":"13-常用公服设施点/SHP/上海市_培训机构.shp"},"geometry":{"type":"Point","coordinates":[121.470602,31.237721]}},{"id":"5516","type":"Feature","properties":{"id":"B0G2C666K8","name":"AIC佳桥教育(雅居乐国际广场店)","address":"西藏中路525号雅居乐国际广场3楼A18室","type":"科教文化服务;培训机构;培训机构","typecode":"141400","pcode":310000,"pname":"上海市","citycode":21,"cityname":"上海市","adcode":310101,"adname":"黄浦区","business_a":"北京东路","location":"121.473210,31.235794","tel":"[]","bigType":"科教文化服务","midType":"培训机构","smallType":"培训机构","gcj_lng":121.47321,"gcj_lat":31.235794,"wgs84_loc":"121.468685,31.237732","wgs84Lng":"121.468685","wgs84Lat":"31.237732","__source_file__":"13-常用公服设施点/SHP/上海市_培训机构.shp"},"geometry":{"type":"Point","coordinates":[121.468685,31.237732]}},{"id":"15064","type":"Feature","properties":{"id":"B0FFJIIK0C","name":"上海汉艺国际教育","address":"西藏中路525号雅居乐国际广场2层","type":"科教文化服务;培训机构;培训机构","typecode":"141400","pcode":310000,"pname":"上海市","citycode":21,"cityname":"上海市","adcode":310101,"adname":"黄浦区","business_a":"北京东路","location":"121.473248,31.235934","tel":"4008790619","bigType":"科教文化服务","midType":"培训机构","smallType":"培训机构","gcj_lng":121.473248,"gcj_lat":31.235934,"wgs84_loc":"121.468723,31.237872","wgs84Lng":"121.468723","wgs84Lat":"31.237872","__source_file__":"13-常用公服设施点/SHP/上海市_培训机构.shp"},"geometry":{"type":"Point","coordinates":[121.468723,31.237872]}},{"id":"13687","type":"Feature","properties":{"id":"B0GRT9FJI0","name":"唯思顿教育","address":"港陆黄浦中心","type":"科教文化服务;培训机构;培训机构","typecode":"141400","pcode":310000,"pname":"上海市","citycode":21,"cityname":"上海市","adcode":310101,"adname":"黄浦区","business_a":"北京东路","location":"121.475030,31.236488","tel":"[]","bigType":"科教文化服务","midType":"培训机构","smallType":"培训机构","gcj_lng":121.47503,"gcj_lat":31.236488,"wgs84_loc":"121.470511,31.238431","wgs84Lng":"121.470511","wgs84Lat":"31.238431","__source_file__":"13-常用公服设施点/SHP/上海市_培训机构.shp"},"geometry":{"type":"Point","coordinates":[121.470511,31.238431]}},{"id":"5434","type":"Feature","properties":{"id":"B0GUDDPI2V","name":"Wisdom Academy(托福SAT雅思)","address":"六合路98号港陆黄埔中心10楼","type":"科教文化服务;培训机构;培训机构","typecode":"141400","pcode":310000,"pname":"上海市","citycode":21,"cityname":"上海市","adcode":310101,"adname":"黄浦区","business_a":"北京东路","location":"121.474958,31.236544","tel":"15601847989","bigType":"科教文化服务","midType":"培训机构","smallType":"培训机构","gcj_lng":121.474958,"gcj_lat":31.236544,"wgs84_loc":"121.470439,31.238487","wgs84Lng":"121.470439","wgs84Lat":"31.238487","__source_file__":"13-常用公服设施点/SHP/上海市_培训机构.shp"},"geometry":{"type":"Point","coordinates":[121.470439,31.238487]}},{"id":"674","type":"Feature","properties":{"id":"B00156GMXI","name":"新世界会计培训学校","address":"六合路98港陆黄浦中心9层C","type":"科教文化服务;培训机构;培训机构","typecode":"141400","pcode":310000,"pname":"上海市","citycode":21,"cityname":"上海市","adcode":310101,"adname":"黄浦区","business_a":"北京东路","location":"121.475061,31.236612","tel":"021-31593518","bigType":"科教文化服务","midType":"培训机构","smallType":"培训机构","gcj_lng":121.475061,"gcj_lat":31.236612,"wgs84_loc":"121.470542,31.238555","wgs84Lng":"121.470542","wgs84Lat":"31.238555","__source_file__":"13-常用公服设施点/SHP/上海市_培训机构.shp"},"geometry":{"type":"Point","coordinates":[121.470542,31.238555]}},{"id":"5176","type":"Feature","properties":{"id":"B00156GM5W","name":"JJ Treehouse英语培训中心","address":"六合路98港陆黄浦中心","type":"科教文化服务;培训机构;培训机构","typecode":"141400","pcode":310000,"pname":"上海市","citycode":21,"cityname":"上海市","adcode":310101,"adname":"黄浦区","business_a":"北京东路","location":"121.475061,31.236612","tel":"[]","bigType":"科教文化服务","midType":"培训机构","smallType":"培训机构","gcj_lng":121.475061,"gcj_lat":31.236612,"wgs84_loc":"121.470542,31.238555","wgs84Lng":"121.470542","wgs84Lat":"31.238555","__source_file__":"13-常用公服设施点/SHP/上海市_培训机构.shp"},"geometry":{"type":"Point","coordinates":[121.470542,31.238555]}},{"id":"5404","type":"Feature","properties":{"id":"B00156GMWS","name":"新世界小语种培训学校","address":"六合路98港陆黄浦中心9层B","type":"科教文化服务;培训机构;培训机构","typecode":"141400","pcode":310000,"pname":"上海市","citycode":21,"cityname":"上海市","adcode":310101,"adname":"黄浦区","business_a":"北京东路","location":"121.475061,31.236612","tel":"021-31216724","bigType":"科教文化服务","midType":"培训机构","smallType":"培训机构","gcj_lng":121.475061,"gcj_lat":31.236612,"wgs84_loc":"121.470542,31.238555","wgs84Lng":"121.470542","wgs84Lat":"31.238555","__source_file__":"13-常用公服设施点/SHP/上海市_培训机构.shp"},"geometry":{"type":"Point","coordinates":[121.470542,31.238555]}},{"id":"58","type":"Feature","properties":{"id":"B00156GLPR","name":"新世界日语(人广校区)","address":"六合路98港陆黄浦中心8层A","type":"科教文化服务;培训机构;培训机构","typecode":"141400","pcode":310000,"pname":"上海市","citycode":21,"cityname":"上海市","adcode":310101,"adname":"黄浦区","business_a":"北京东路","location":"121.475061,31.236612","tel":"021-31216724;021-31216887","bigType":"科教文化服务","midType":"培训机构","smallType":"培训机构","gcj_lng":121.475061,"gcj_lat":31.236612,"wgs84_loc":"121.470542,31.238555","wgs84Lng":"121.470542","wgs84Lat":"31.238555","__source_file__":"13-常用公服设施点/SHP/上海市_培训机构.shp"},"geometry":{"type":"Point","coordinates":[121.470542,31.238555]}},{"id":"5317","type":"Feature","properties":{"id":"B0FFIY0GJ2","name":"纯芭蕾优质英皇文化(人广校区)","address":"北京东路386号2F","type":"科教文化服务;培训机构;培训机构","typecode":"141400","pcode":310000,"pname":"上海市","citycode":21,"cityname":"上海市","adcode":310101,"adname":"黄浦区","business_a":"北京东路","location":"121.474799,31.237016","tel":"13918188727","bigType":"科教文化服务","midType":"培训机构","smallType":"培训机构","gcj_lng":121.474799,"gcj_lat":31.237016,"wgs84_loc":"121.470279,31.238958","wgs84Lng":"121.470279","wgs84Lat":"31.238958","__source_file__":"13-常用公服设施点/SHP/上海市_培训机构.shp"},"geometry":{"type":"Point","coordinates":[121.470279,31.238958]}},{"id":"5249","type":"Feature","properties":{"id":"B00156GJKC","name":"启德考培.雅思托福(人广学习中心)","address":"北京西路1号新金桥广场10楼","type":"科教文化服务;培训机构;培训机构","typecode":"141400","pcode":310000,"pname":"上海市","citycode":21,"cityname":"上海市","adcode":310101,"adname":"黄浦区","business_a":"北京东路","location":"121.472894,31.237083","tel":"17269509926","bigType":"科教文化服务","midType":"培训机构","smallType":"培训机构","gcj_lng":121.472894,"gcj_lat":31.237083,"wgs84_loc":"121.468368,31.23902","wgs84Lng":"121.468368","wgs84Lat":"31.23902","__source_file__":"13-常用公服设施点/SHP/上海市_培训机构.shp"},"geometry":{"type":"Point","coordinates":[121.468368,31.23902]}},{"id":"5154","type":"Feature","properties":{"id":"B0FFJD4OLI","name":"上海博为峰培训中心","address":"云南北路59号六合大厦15层","type":"科教文化服务;培训机构;培训机构","typecode":"141400","pcode":310000,"pname":"上海市","citycode":21,"cityname":"上海市","adcode":310101,"adname":"黄浦区","business_a":"北京东路","location":"121.474818,31.237145","tel":"19168252043","bigType":"科教文化服务","midType":"培训机构","smallType":"培训机构","gcj_lng":121.474818,"gcj_lat":31.237145,"wgs84_loc":"121.470298,31.239087","wgs84Lng":"121.470298","wgs84Lat":"31.239087","__source_file__":"13-常用公服设施点/SHP/上海市_培训机构.shp"},"geometry":{"type":"Point","coordinates":[121.470298,31.239087]}},{"id":"15802","type":"Feature","properties":{"id":"B0FFGCY3H0","name":"北大青鸟人民广场中心","address":"云南北路59号六合大厦13层北大青鸟","type":"科教文化服务;培训机构;培训机构|生活服务;生活服务场所;生活服务场所","typecode":"141400|070000","pcode":310000,"pname":"上海市","citycode":21,"cityname":"上海市","adcode":310101,"adname":"黄浦区","business_a":"北京东路","location":"121.474795,31.237193","tel":"15121113087","bigType":"科教文化服务","midType":"培训机构","smallType":"培训机构|生活服务","gcj_lng":121.474795,"gcj_lat":31.237193,"wgs84_loc":"121.470275,31.239135","wgs84Lng":"121.470275","wgs84Lat":"31.239135","__source_file__":"13-常用公服设施点/SHP/上海市_培训机构.shp"},"geometry":{"type":"Point","coordinates":[121.470275,31.239135]}},{"id":"5549","type":"Feature","properties":{"id":"B0FFH3R4XQ","name":"上海云登授权培训中心","address":"云南北路59号六合大厦13层","type":"科教文化服务;培训机构;培训机构","typecode":"141400","pcode":310000,"pname":"上海市","citycode":21,"cityname":"上海市","adcode":310101,"adname":"黄浦区","business_a":"北京东路","location":"121.474835,31.237237","tel":"021-64482638","bigType":"科教文化服务","midType":"培训机构","smallType":"培训机构","gcj_lng":121.474835,"gcj_lat":31.237237,"wgs84_loc":"121.470315,31.239179","wgs84Lng":"121.470315","wgs84Lat":"31.239179","__source_file__":"13-常用公服设施点/SHP/上海市_培训机构.shp"},"geometry":{"type":"Point","coordinates":[121.470315,31.239179]}},{"id":"5211","type":"Feature","properties":{"id":"B0FFHRILYM","name":"51testing软件测试培训中心(人民广场店)","address":"云南北路59号六合大厦1510","type":"科教文化服务;培训机构;培训机构","typecode":"141400","pcode":310000,"pname":"上海市","citycode":21,"cityname":"上海市","adcode":310101,"adname":"黄浦区","business_a":"北京东路","location":"121.474803,31.237370","tel":"4008851518","bigType":"科教文化服务","midType":"培训机构","smallType":"培训机构","gcj_lng":121.474803,"gcj_lat":31.23737,"wgs84_loc":"121.470283,31.239312","wgs84Lng":"121.470283","wgs84Lat":"31.239312","__source_file__":"13-常用公服设施点/SHP/上海市_培训机构.shp"},"geometry":{"type":"Point","coordinates":[121.470283,31.239312]}},{"id":"47","type":"Feature","properties":{"id":"B0FFHBB6S0","name":"ATA中心考站","address":"贵州路195号","type":"科教文化服务;培训机构;培训机构","typecode":"141400","pcode":310000,"pname":"上海市","citycode":21,"cityname":"上海市","adcode":310101,"adname":"黄浦区","business_a":"北京东路","location":"121.475682,31.237370","tel":"[]","bigType":"科教文化服务","midType":"培训机构","smallType":"培训机构","gcj_lng":121.475682,"gcj_lat":31.23737,"wgs84_loc":"121.471165,31.239315","wgs84Lng":"121.471165","wgs84Lat":"31.239315","__source_file__":"13-常用公服设施点/SHP/上海市_培训机构.shp"},"geometry":{"type":"Point","coordinates":[121.471165,31.239315]}},{"id":"5095","type":"Feature","properties":{"id":"B00155LW2D","name":"上海商贸旅游职业技能培训中心(贵州路)","address":"贵州路195号","type":"科教文化服务;培训机构;培训机构","typecode":"141400","pcode":310000,"pname":"上海市","citycode":21,"cityname":"上海市","adcode":310101,"adname":"黄浦区","business_a":"北京东路","location":"121.475554,31.237411","tel":"021-63225198","bigType":"科教文化服务","midType":"培训机构","smallType":"培训机构","gcj_lng":121.475554,"gcj_lat":31.237411,"wgs84_loc":"121.471036,31.239355","wgs84Lng":"121.471036","wgs84Lat":"31.239355","__source_file__":"13-常用公服设施点/SHP/上海市_培训机构.shp"},"geometry":{"type":"Point","coordinates":[121.471036,31.239355]}},{"id":"5306","type":"Feature","properties":{"id":"B0FFLPEM6N","name":"蘑菇培优(贵州路校区)","address":"贵州路263号2楼","type":"科教文化服务;培训机构;培训机构","typecode":"141400","pcode":310000,"pname":"上海市","citycode":21,"cityname":"上海市","adcode":310101,"adname":"黄浦区","business_a":"北京东路","location":"121.475291,31.238391","tel":"021-63331606","bigType":"科教文化服务","midType":"培训机构","smallType":"培训机构","gcj_lng":121.475291,"gcj_lat":31.238391,"wgs84_loc":"121.470772,31.240334","wgs84Lng":"121.470772","wgs84Lat":"31.240334","__source_file__":"13-常用公服设施点/SHP/上海市_培训机构.shp"},"geometry":{"type":"Point","coordinates":[121.470772,31.240334]}},{"id":"14833","type":"Feature","properties":{"id":"B0GDL7KE9H","name":"虎啸数字商学院(上海市总部)","address":"北京东路666号科技京城西楼22E","type":"科教文化服务;培训机构;培训机构","typecode":"141400","pcode":310000,"pname":"上海市","citycode":21,"cityname":"上海市","adcode":310101,"adname":"黄浦区","business_a":"北京东路","location":"121.477115,31.239050","tel":"[]","bigType":"科教文化服务","midType":"培训机构","smallType":"培训机构","gcj_lng":121.477115,"gcj_lat":31.23905,"wgs84_loc":"121.472602,31.240998","wgs84Lng":"121.472602","wgs84Lat":"31.240998","__source_file__":"13-常用公服设施点/SHP/上海市_培训机构.shp"},"geometry":{"type":"Point","coordinates":[121.472602,31.240998]}},{"id":"17273","type":"Feature","properties":{"id":"B0G3MZW9ZS","name":"欧泊教育","address":"上海市黄浦区北京东路668号科技京城西楼17B","type":"科教文化服务;培训机构;培训机构","typecode":"141400","pcode":310000,"pname":"上海市","citycode":21,"cityname":"上海市","adcode":310101,"adname":"黄浦区","business_a":"北京东路","location":"121.476451,31.239989","tel":"021-23457899","bigType":"科教文化服务","midType":"培训机构","smallType":"培训机构","gcj_lng":121.476451,"gcj_lat":31.239989,"wgs84_loc":"121.471936,31.241934","wgs84Lng":"121.471936","wgs84Lat":"31.241934","__source_file__":"13-常用公服设施点/SHP/上海市_培训机构.shp"},"geometry":{"type":"Point","coordinates":[121.471936,31.241934]}},{"id":"5514","type":"Feature","properties":{"id":"B0G2LSL9PC","name":"Dancing monkey","address":"南苏州路933号","type":"科教文化服务;培训机构;培训机构","typecode":"141400","pcode":310000,"pname":"上海市","citycode":21,"cityname":"上海市","adcode":310101,"adname":"黄浦区","business_a":"北京东路","location":"121.474736,31.240498","tel":"[]","bigType":"科教文化服务","midType":"培训机构","smallType":"培训机构","gcj_lng":121.474736,"gcj_lat":31.240498,"wgs84_loc":"121.470215,31.242438","wgs84Lng":"121.470215","wgs84Lat":"31.242438","__source_file__":"13-常用公服设施点/SHP/上海市_培训机构.shp"},"geometry":{"type":"Point","coordinates":[121.470215,31.242438]}},{"id":"14920","type":"Feature","properties":{"id":"B0FFGW57FS","name":"益萌一对一(菁英教育)","address":"黄河路355号2号楼2楼","type":"科教文化服务;培训机构;培训机构","typecode":"141400","pcode":310000,"pname":"上海市","citycode":21,"cityname":"上海市","adcode":310101,"adname":"黄浦区","business_a":"北京东路","location":"121.468625,31.238568","tel":"[]","bigType":"科教文化服务","midType":"培训机构","smallType":"培训机构","gcj_lng":121.468625,"gcj_lat":31.238568,"wgs84_loc":"121.464085,31.240493","wgs84Lng":"121.464085","wgs84Lat":"31.240493","__source_file__":"13-常用公服设施点/SHP/上海市_培训机构.shp"},"geometry":{"type":"Point","coordinates":[121.464085,31.240493]}},{"id":"15406","type":"Feature","properties":{"id":"B0FFIDY61W","name":"学大教育上海人民广场学习中心","address":"新闸路211号(地铁1号线5号出口)","type":"科教文化服务;培训机构;培训机构","typecode":"141400","pcode":310000,"pname":"上海市","citycode":21,"cityname":"上海市","adcode":310101,"adname":"黄浦区","business_a":"北京东路","location":"121.468726,31.238671","tel":"4006374008","bigType":"科教文化服务","midType":"培训机构","smallType":"培训机构","gcj_lng":121.468726,"gcj_lat":31.238671,"wgs84_loc":"121.464186,31.240596","wgs84Lng":"121.464186","wgs84Lat":"31.240596","__source_file__":"13-常用公服设施点/SHP/上海市_培训机构.shp"},"geometry":{"type":"Point","coordinates":[121.464186,31.240596]}},{"id":"18238","type":"Feature","properties":{"id":"B0I1V4V2VW","name":"新东方(素质成长中心人民广场新闸路校区)","address":"黄河路355号2号楼2楼","type":"科教文化服务;培训机构;培训机构","typecode":"141400","pcode":310000,"pname":"上海市","citycode":21,"cityname":"上海市","adcode":310101,"adname":"黄浦区","business_a":"北京东路","location":"121.468090,31.238683","tel":"4007021021","bigType":"科教文化服务","midType":"培训机构","smallType":"培训机构","gcj_lng":121.46809,"gcj_lat":31.238683,"wgs84_loc":"121.463548,31.240607","wgs84Lng":"121.463548","wgs84Lat":"31.240607","__source_file__":"13-常用公服设施点/SHP/上海市_培训机构.shp"},"geometry":{"type":"Point","coordinates":[121.463548,31.240607]}},{"id":"5165","type":"Feature","properties":{"id":"B0G3XAF0LC","name":"菁英教育(总部)","address":"黄河路355号雅州大楼4号楼5楼","type":"科教文化服务;培训机构;培训机构","typecode":"141400","pcode":310000,"pname":"上海市","citycode":21,"cityname":"上海市","adcode":310101,"adname":"黄浦区","business_a":"北京东路","location":"121.467307,31.238945","tel":"021-63299930;021-63298698","bigType":"科教文化服务","midType":"培训机构","smallType":"培训机构","gcj_lng":121.467307,"gcj_lat":31.238945,"wgs84_loc":"121.462763,31.240866","wgs84Lng":"121.462763","wgs84Lat":"31.240866","__source_file__":"13-常用公服设施点/SHP/上海市_培训机构.shp"},"geometry":{"type":"Point","coordinates":[121.462763,31.240866]}},{"id":"5240","type":"Feature","properties":{"id":"B0FFI2BTHP","name":"上海市少儿珠心算进修学校(上海文化商厦店)","address":"新昌路488号商铺2层201-205室","type":"科教文化服务;培训机构;培训机构","typecode":"141400","pcode":310000,"pname":"上海市","citycode":21,"cityname":"上海市","adcode":310101,"adname":"黄浦区","business_a":"北京东路","location":"121.466673,31.239075","tel":"021-63742437","bigType":"科教文化服务","midType":"培训机构","smallType":"培训机构","gcj_lng":121.466673,"gcj_lat":31.239075,"wgs84_loc":"121.462127,31.240995","wgs84Lng":"121.462127","wgs84Lat":"31.240995","__source_file__":"13-常用公服设施点/SHP/上海市_培训机构.shp"},"geometry":{"type":"Point","coordinates":[121.462127,31.240995]}},{"id":"14049","type":"Feature","properties":{"id":"B0FFID8ARI","name":"耳律吉他音乐教室(弦清乐府音乐教室)","address":"西藏中路725弄10号,家化中房苑21楼(人民广场附近)","type":"科教文化服务;培训机构;培训机构","typecode":"141400","pcode":310000,"pname":"上海市","citycode":21,"cityname":"上海市","adcode":310101,"adname":"黄浦区","business_a":"北京东路","location":"121.472206,31.239438","tel":"[]","bigType":"科教文化服务","midType":"培训机构","smallType":"培训机构","gcj_lng":121.472206,"gcj_lat":31.239438,"wgs84_loc":"121.467677,31.241372","wgs84Lng":"121.467677","wgs84Lat":"31.241372","__source_file__":"13-常用公服设施点/SHP/上海市_培训机构.shp"},"geometry":{"type":"Point","coordinates":[121.467677,31.241372]}},{"id":"5313","type":"Feature","properties":{"id":"B0FFK1UI65","name":"安乐学堂","address":"新闸路356号悦达黄浦大厦7层704室","type":"科教文化服务;培训机构;培训机构","typecode":"141400","pcode":310000,"pname":"上海市","citycode":21,"cityname":"上海市","adcode":310101,"adname":"黄浦区","business_a":"北京东路","location":"121.466972,31.239669","tel":"021-60407077","bigType":"科教文化服务","midType":"培训机构","smallType":"培训机构","gcj_lng":121.466972,"gcj_lat":31.239669,"wgs84_loc":"121.462427,31.241589","wgs84Lng":"121.462427","wgs84Lat":"31.241589","__source_file__":"13-常用公服设施点/SHP/上海市_培训机构.shp"},"geometry":{"type":"Point","coordinates":[121.462427,31.241589]}},{"id":"5713","type":"Feature","properties":{"id":"B0FFHQZTPQ","name":"MUSIC DREAM HOUSE声乐培训","address":"曲阜西路268号702室","type":"科教文化服务;培训机构;培训机构","typecode":"141400","pcode":310000,"pname":"上海市","citycode":21,"cityname":"上海市","adcode":310106,"adname":"静安区","business_a":"北京东路","location":"121.467246,31.241080","tel":"[]","bigType":"科教文化服务","midType":"培训机构","smallType":"培训机构","gcj_lng":121.467246,"gcj_lat":31.24108,"wgs84_loc":"121.462702,31.243","wgs84Lng":"121.462702","wgs84Lat":"31.243","__source_file__":"13-常用公服设施点/SHP/上海市_培训机构.shp"},"geometry":{"type":"Point","coordinates":[121.462702,31.243]}},{"id":"18262","type":"Feature","properties":{"id":"B0IR7LAYRJ","name":"力高芘熊培训","address":"西藏北路88号盈凯文创广场7层(曲阜路地铁站2号口旁)","type":"科教文化服务;培训机构;培训机构","typecode":"141400","pcode":310000,"pname":"上海市","citycode":21,"cityname":"上海市","adcode":310106,"adname":"静安区","business_a":"北京东路","location":"121.472131,31.241926","tel":"[]","bigType":"科教文化服务","midType":"培训机构","smallType":"培训机构","gcj_lng":121.472131,"gcj_lat":31.241926,"wgs84_loc":"121.467602,31.243859","wgs84Lng":"121.467602","wgs84Lat":"31.243859","__source_file__":"13-常用公服设施点/SHP/上海市_培训机构.shp"},"geometry":{"type":"Point","coordinates":[121.467602,31.243859]}},{"id":"5964","type":"Feature","properties":{"id":"B0FFMCWK6K","name":"上海杰梯培训学校静安总校","address":"乌镇路118号2层202室","type":"科教文化服务;培训机构;培训机构","typecode":"141400","pcode":310000,"pname":"上海市","citycode":21,"cityname":"上海市","adcode":310106,"adname":"静安区","business_a":"七浦路","location":"121.467201,31.242335","tel":"17721167888;021-62298693","bigType":"科教文化服务","midType":"培训机构","smallType":"培训机构","gcj_lng":121.467201,"gcj_lat":31.242335,"wgs84_loc":"121.462656,31.244255","wgs84Lng":"121.462656","wgs84Lat":"31.244255","__source_file__":"13-常用公服设施点/SHP/上海市_培训机构.shp"},"geometry":{"type":"Point","coordinates":[121.462656,31.244255]}},{"id":"16058","type":"Feature","properties":{"id":"B0GUOO8UC5","name":"杰梯培训学校","address":"乌镇路与蒙古路交叉口西南20米","type":"科教文化服务;培训机构;培训机构","typecode":"141400","pcode":310000,"pname":"上海市","citycode":21,"cityname":"上海市","adcode":310106,"adname":"静安区","business_a":"七浦路","location":"121.467128,31.242458","tel":"[]","bigType":"科教文化服务","midType":"培训机构","smallType":"培训机构","gcj_lng":121.467128,"gcj_lat":31.242458,"wgs84_loc":"121.462583,31.244377","wgs84Lng":"121.462583","wgs84Lat":"31.244377","__source_file__":"13-常用公服设施点/SHP/上海市_培训机构.shp"},"geometry":{"type":"Point","coordinates":[121.462583,31.244377]}},{"id":"5820","type":"Feature","properties":{"id":"B0G2PCIFC7","name":"DANCEPLUS(大悦城店)","address":"西藏北路166号大悦城南区4层401","type":"科教文化服务;培训机构;培训机构","typecode":"141400","pcode":310000,"pname":"上海市","citycode":21,"cityname":"上海市","adcode":310106,"adname":"静安区","business_a":"七浦路","location":"121.472167,31.242759","tel":"021-62500880;17717388825","bigType":"科教文化服务","midType":"培训机构","smallType":"培训机构","gcj_lng":121.472167,"gcj_lat":31.242759,"wgs84_loc":"121.467638,31.244691","wgs84Lng":"121.467638","wgs84Lat":"31.244691","__source_file__":"13-常用公服设施点/SHP/上海市_培训机构.shp"},"geometry":{"type":"Point","coordinates":[121.467638,31.244691]}},{"id":"9349","type":"Feature","properties":{"id":"B0FFF01Y02","name":"CASTER舞蹈教室(大悦城馆)","address":"西藏北路166号上海大悦城南座L6层S601-78","type":"科教文化服务;培训机构;培训机构","typecode":"141400","pcode":310000,"pname":"上海市","citycode":21,"cityname":"上海市","adcode":310106,"adname":"静安区","business_a":"七浦路","location":"121.472121,31.242810","tel":"021-36521755;18017188564","bigType":"科教文化服务","midType":"培训机构","smallType":"培训机构","gcj_lng":121.472121,"gcj_lat":31.24281,"wgs84_loc":"121.467592,31.244742","wgs84Lng":"121.467592","wgs84Lat":"31.244742","__source_file__":"13-常用公服设施点/SHP/上海市_培训机构.shp"},"geometry":{"type":"Point","coordinates":[121.467592,31.244742]}},{"id":"6351","type":"Feature","properties":{"id":"B0G257VFIF","name":"芭蕾舞蹈学校(上海大悦城店)","address":"西藏北路166号上海大悦城F4","type":"科教文化服务;培训机构;培训机构","typecode":"141400","pcode":310000,"pname":"上海市","citycode":21,"cityname":"上海市","adcode":310106,"adname":"静安区","business_a":"七浦路","location":"121.472199,31.242811","tel":"[]","bigType":"科教文化服务","midType":"培训机构","smallType":"培训机构","gcj_lng":121.472199,"gcj_lat":31.242811,"wgs84_loc":"121.46767,31.244744","wgs84Lng":"121.46767","wgs84Lat":"31.244744","__source_file__":"13-常用公服设施点/SHP/上海市_培训机构.shp"},"geometry":{"type":"Point","coordinates":[121.46767,31.244744]}},{"id":"6318","type":"Feature","properties":{"id":"B0HGO9VVKX","name":"芭蕾舞蹈(上海静安大悦城南座)","address":"西藏北路166号上海静安大悦城南座L4层S401","type":"科教文化服务;培训机构;培训机构","typecode":"141400","pcode":310000,"pname":"上海市","citycode":21,"cityname":"上海市","adcode":310106,"adname":"静安区","business_a":"七浦路","location":"121.472118,31.242854","tel":"[]","bigType":"科教文化服务","midType":"培训机构","smallType":"培训机构","gcj_lng":121.472118,"gcj_lat":31.242854,"wgs84_loc":"121.467589,31.244786","wgs84Lng":"121.467589","wgs84Lat":"31.244786","__source_file__":"13-常用公服设施点/SHP/上海市_培训机构.shp"},"geometry":{"type":"Point","coordinates":[121.467589,31.244786]}},{"id":"6114","type":"Feature","properties":{"id":"B0HBX7RAXE","name":"CASTER(上海静安大悦城南座)","address":"西藏北路166号上海静安大悦城南座L5层S503","type":"科教文化服务;培训机构;培训机构","typecode":"141400","pcode":310000,"pname":"上海市","citycode":21,"cityname":"上海市","adcode":310106,"adname":"静安区","business_a":"七浦路","location":"121.472236,31.242882","tel":"[]","bigType":"科教文化服务","midType":"培训机构","smallType":"培训机构","gcj_lng":121.472236,"gcj_lat":31.242882,"wgs84_loc":"121.467707,31.244815","wgs84Lng":"121.467707","wgs84Lat":"31.244815","__source_file__":"13-常用公服设施点/SHP/上海市_培训机构.shp"},"geometry":{"type":"Point","coordinates":[121.467707,31.244815]}},{"id":"5723","type":"Feature","properties":{"id":"B0HDUHIOIJ","name":"BODYSOUL舞蹈工作室","address":"西藏北路166号静安大悦城南楼S601-19室","type":"科教文化服务;培训机构;培训机构","typecode":"141400","pcode":310000,"pname":"上海市","citycode":21,"cityname":"上海市","adcode":310106,"adname":"静安区","business_a":"七浦路","location":"121.472499,31.243007","tel":"021-56370935","bigType":"科教文化服务","midType":"培训机构","smallType":"培训机构","gcj_lng":121.472499,"gcj_lat":31.243007,"wgs84_loc":"121.467971,31.24494","wgs84Lng":"121.467971","wgs84Lat":"31.24494","__source_file__":"13-常用公服设施点/SHP/上海市_培训机构.shp"},"geometry":{"type":"Point","coordinates":[121.467971,31.24494]}},{"id":"18489","type":"Feature","properties":{"id":"B0J6P50PPZ","name":"fancyfancy舞蹈工作室(大悦城店)","address":"西藏北路199号静安大悦城南座6楼606-608","type":"科教文化服务;培训机构;培训机构","typecode":"141400","pcode":310000,"pname":"上海市","citycode":21,"cityname":"上海市","adcode":310106,"adname":"静安区","business_a":"七浦路","location":"121.472183,31.243041","tel":"18516500877","bigType":"科教文化服务","midType":"培训机构","smallType":"培训机构","gcj_lng":121.472183,"gcj_lat":31.243041,"wgs84_loc":"121.467654,31.244973","wgs84Lng":"121.467654","wgs84Lat":"31.244973","__source_file__":"13-常用公服设施点/SHP/上海市_培训机构.shp"},"geometry":{"type":"Point","coordinates":[121.467654,31.244973]}},{"id":"6048","type":"Feature","properties":{"id":"B0FFKVYK7Z","name":"上海唐朝宝贝啦啦操俱乐部","address":"西藏北路166号上海静安大悦城南座B2层","type":"科教文化服务;培训机构;培训机构","typecode":"141400","pcode":310000,"pname":"上海市","citycode":21,"cityname":"上海市","adcode":310106,"adname":"静安区","business_a":"七浦路","location":"121.472415,31.243042","tel":"13641774932;13621864562","bigType":"科教文化服务","midType":"培训机构","smallType":"培训机构","gcj_lng":121.472415,"gcj_lat":31.243042,"wgs84_loc":"121.467887,31.244975","wgs84Lng":"121.467887","wgs84Lat":"31.244975","__source_file__":"13-常用公服设施点/SHP/上海市_培训机构.shp"},"geometry":{"type":"Point","coordinates":[121.467887,31.244975]}},{"id":"14543","type":"Feature","properties":{"id":"B0FFL7BUUG","name":"溜溜乐轮滑(上海静安大悦城南座)","address":"西藏北路166号上海静安大悦城南座L6层","type":"科教文化服务;培训机构;培训机构","typecode":"141400","pcode":310000,"pname":"上海市","citycode":21,"cityname":"上海市","adcode":310106,"adname":"静安区","business_a":"七浦路","location":"121.472347,31.243142","tel":"[]","bigType":"科教文化服务","midType":"培训机构","smallType":"培训机构","gcj_lng":121.472347,"gcj_lat":31.243142,"wgs84_loc":"121.467818,31.245075","wgs84Lng":"121.467818","wgs84Lat":"31.245075","__source_file__":"13-常用公服设施点/SHP/上海市_培训机构.shp"},"geometry":{"type":"Point","coordinates":[121.467818,31.245075]}},{"id":"6068","type":"Feature","properties":{"id":"B0G2BB8956","name":"Dream舞蹈教室","address":"新疆路392号","type":"科教文化服务;培训机构;培训机构","typecode":"141400","pcode":310000,"pname":"上海市","citycode":21,"cityname":"上海市","adcode":310106,"adname":"静安区","business_a":"七浦路","location":"121.467275,31.243682","tel":"13817654376","bigType":"科教文化服务","midType":"培训机构","smallType":"培训机构","gcj_lng":121.467275,"gcj_lat":31.243682,"wgs84_loc":"121.46273,31.245601","wgs84Lng":"121.46273","wgs84Lat":"31.245601","__source_file__":"13-常用公服设施点/SHP/上海市_培训机构.shp"},"geometry":{"type":"Point","coordinates":[121.46273,31.245601]}},{"id":"6065","type":"Feature","properties":{"id":"B0GK5B6LUJ","name":"姚同楷书法工作室(上海大悦城店)","address":"西藏北路166号上海静安大悦城北座L6层N619","type":"科教文化服务;培训机构;培训机构","typecode":"141400","pcode":310000,"pname":"上海市","citycode":21,"cityname":"上海市","adcode":310106,"adname":"静安区","business_a":"七浦路","location":"121.472164,31.243698","tel":"021-33269116;18717995171","bigType":"科教文化服务","midType":"培训机构","smallType":"培训机构","gcj_lng":121.472164,"gcj_lat":31.243698,"wgs84_loc":"121.467635,31.24563","wgs84Lng":"121.467635","wgs84Lat":"31.24563","__source_file__":"13-常用公服设施点/SHP/上海市_培训机构.shp"},"geometry":{"type":"Point","coordinates":[121.467635,31.24563]}},{"id":"6066","type":"Feature","properties":{"id":"B0G3FHL0MS","name":"MAO舞蹈工作室(静安店)","address":"天目中路428号凯旋门大厦8层","type":"科教文化服务;培训机构;培训机构","typecode":"141400","pcode":310000,"pname":"上海市","citycode":21,"cityname":"上海市","adcode":310106,"adname":"静安区","business_a":"七浦路","location":"121.467277,31.243839","tel":"13817390841","bigType":"科教文化服务","midType":"培训机构","smallType":"培训机构","gcj_lng":121.467277,"gcj_lat":31.243839,"wgs84_loc":"121.462732,31.245758","wgs84Lng":"121.462732","wgs84Lat":"31.245758","__source_file__":"13-常用公服设施点/SHP/上海市_培训机构.shp"},"geometry":{"type":"Point","coordinates":[121.462732,31.245758]}},{"id":"6348","type":"Feature","properties":{"id":"B0GK1O3K0L","name":"小音咖音乐教育(大悦城体验店)","address":"文安路与七浦路交叉口西北约80米","type":"科教文化服务;培训机构;培训机构","typecode":"141400","pcode":310000,"pname":"上海市","citycode":21,"cityname":"上海市","adcode":310106,"adname":"静安区","business_a":"七浦路","location":"121.468357,31.243988","tel":"[]","bigType":"科教文化服务","midType":"培训机构","smallType":"培训机构","gcj_lng":121.468357,"gcj_lat":31.243988,"wgs84_loc":"121.463816,31.24591","wgs84Lng":"121.463816","wgs84Lat":"31.24591","__source_file__":"13-常用公服设施点/SHP/上海市_培训机构.shp"},"geometry":{"type":"Point","coordinates":[121.463816,31.24591]}},{"id":"6163","type":"Feature","properties":{"id":"B0FFL6CMTO","name":"绘点手绘设计艺术精品画室(大悦城店)","address":"海宁路1399号","type":"科教文化服务;培训机构;培训机构","typecode":"141400","pcode":310000,"pname":"上海市","citycode":21,"cityname":"上海市","adcode":310106,"adname":"静安区","business_a":"七浦路","location":"121.468348,31.243988","tel":"18301945535","bigType":"科教文化服务","midType":"培训机构","smallType":"培训机构","gcj_lng":121.468348,"gcj_lat":31.243988,"wgs84_loc":"121.463807,31.24591","wgs84Lng":"121.463807","wgs84Lat":"31.24591","__source_file__":"13-常用公服设施点/SHP/上海市_培训机构.shp"},"geometry":{"type":"Point","coordinates":[121.463807,31.24591]}},{"id":"17478","type":"Feature","properties":{"id":"B0FFKEC5NY","name":"大魔王·浮雕画DIY体验馆","address":"大悦城北座8楼35号(曲阜路地铁站5号口步行60米)","type":"科教文化服务;培训机构;培训机构","typecode":"141400","pcode":310000,"pname":"上海市","citycode":21,"cityname":"上海市","adcode":310106,"adname":"静安区","business_a":"七浦路","location":"121.471896,31.243986","tel":"13262778758;17317299692","bigType":"科教文化服务","midType":"培训机构","smallType":"培训机构","gcj_lng":121.471896,"gcj_lat":31.243986,"wgs84_loc":"121.467366,31.245917","wgs84Lng":"121.467366","wgs84Lat":"31.245917","__source_file__":"13-常用公服设施点/SHP/上海市_培训机构.shp"},"geometry":{"type":"Point","coordinates":[121.467366,31.245917]}},{"id":"5862","type":"Feature","properties":{"id":"B0FFMBDISJ","name":"知心兔心理情感教室","address":"西藏北路168号静安大悦城北座404","type":"科教文化服务;培训机构;培训机构","typecode":"141400","pcode":310000,"pname":"上海市","citycode":21,"cityname":"上海市","adcode":310106,"adname":"静安区","business_a":"七浦路","location":"121.472033,31.244148","tel":"18108434221","bigType":"科教文化服务","midType":"培训机构","smallType":"培训机构","gcj_lng":121.472033,"gcj_lat":31.244148,"wgs84_loc":"121.467503,31.246079","wgs84Lng":"121.467503","wgs84Lat":"31.246079","__source_file__":"13-常用公服设施点/SHP/上海市_培训机构.shp"},"geometry":{"type":"Point","coordinates":[121.467503,31.246079]}},{"id":"9353","type":"Feature","properties":{"id":"B0IBUCJNO6","name":"克芮斯全能音乐教室","address":"西藏北路与海宁路交叉口东南80米","type":"科教文化服务;培训机构;培训机构","typecode":"141400","pcode":310000,"pname":"上海市","citycode":21,"cityname":"上海市","adcode":310106,"adname":"静安区","business_a":"七浦路","location":"121.471869,31.244274","tel":"[]","bigType":"科教文化服务","midType":"培训机构","smallType":"培训机构","gcj_lng":121.471869,"gcj_lat":31.244274,"wgs84_loc":"121.467339,31.246205","wgs84Lng":"121.467339","wgs84Lat":"31.246205","__source_file__":"13-常用公服设施点/SHP/上海市_培训机构.shp"},"geometry":{"type":"Point","coordinates":[121.467339,31.246205]}},{"id":"18260","type":"Feature","properties":{"id":"B0J6SXBVBI","name":"DANCEPLUS(上海静安大悦城北座)","address":"西藏北路166号上海静安大悦城北座L3层N307","type":"科教文化服务;培训机构;培训机构","typecode":"141400","pcode":310000,"pname":"上海市","citycode":21,"cityname":"上海市","adcode":310106,"adname":"静安区","business_a":"七浦路","location":"121.471653,31.244292","tel":"[]","bigType":"科教文化服务","midType":"培训机构","smallType":"培训机构","gcj_lng":121.471653,"gcj_lat":31.244292,"wgs84_loc":"121.467122,31.246222","wgs84Lng":"121.467122","wgs84Lat":"31.246222","__source_file__":"13-常用公服设施点/SHP/上海市_培训机构.shp"},"geometry":{"type":"Point","coordinates":[121.467122,31.246222]}},{"id":"5999","type":"Feature","properties":{"id":"B0HRJRO061","name":"M.H Dance Studio","address":"海宁路1303-1305二层","type":"科教文化服务;培训机构;培训机构","typecode":"141400","pcode":310000,"pname":"上海市","citycode":21,"cityname":"上海市","adcode":310106,"adname":"静安区","business_a":"七浦路","location":"121.470594,31.244491","tel":"18302179248","bigType":"科教文化服务","midType":"培训机构","smallType":"培训机构","gcj_lng":121.470594,"gcj_lat":31.244491,"wgs84_loc":"121.46606,31.246418","wgs84Lng":"121.46606","wgs84Lat":"31.246418","__source_file__":"13-常用公服设施点/SHP/上海市_培训机构.shp"},"geometry":{"type":"Point","coordinates":[121.46606,31.246418]}},{"id":"6203","type":"Feature","properties":{"id":"B0IB2LZL84","name":"诺力梅子跑酷训练基地","address":"曲阜路与浙江北路交叉口西南约80米","type":"科教文化服务;培训机构;培训机构","typecode":"141400","pcode":310000,"pname":"上海市","citycode":21,"cityname":"上海市","adcode":310106,"adname":"静安区","business_a":"北京东路","location":"121.475706,31.242402","tel":"[]","bigType":"科教文化服务","midType":"培训机构","smallType":"培训机构","gcj_lng":121.475706,"gcj_lat":31.242402,"wgs84_loc":"121.471188,31.244344","wgs84Lng":"121.471188","wgs84Lat":"31.244344","__source_file__":"13-常用公服设施点/SHP/上海市_培训机构.shp"},"geometry":{"type":"Point","coordinates":[121.471188,31.244344]}},{"id":"18261","type":"Feature","properties":{"id":"B0I1BUZPT5","name":"清洗消毒培训室","address":"七浦路与浙江北路交叉口东60米","type":"科教文化服务;培训机构;培训机构","typecode":"141400","pcode":310000,"pname":"上海市","citycode":21,"cityname":"上海市","adcode":310106,"adname":"静安区","business_a":"七浦路","location":"121.476341,31.245038","tel":"[]","bigType":"科教文化服务","midType":"培训机构","smallType":"培训机构","gcj_lng":121.476341,"gcj_lat":31.245038,"wgs84_loc":"121.471825,31.246981","wgs84Lng":"121.471825","wgs84Lat":"31.246981","__source_file__":"13-常用公服设施点/SHP/上海市_培训机构.shp"},"geometry":{"type":"Point","coordinates":[121.471825,31.246981]}},{"id":"5769","type":"Feature","properties":{"id":"B0FFGSICTX","name":"四季教育(虬江路校区)","address":"虬江路865号2号楼","type":"科教文化服务;培训机构;培训机构","typecode":"141400","pcode":310000,"pname":"上海市","citycode":21,"cityname":"上海市","adcode":310106,"adname":"静安区","business_a":"宝山路","location":"121.475181,31.252303","tel":"021-56629575","bigType":"科教文化服务","midType":"培训机构","smallType":"培训机构","gcj_lng":121.475181,"gcj_lat":31.252303,"wgs84_loc":"121.470661,31.254239","wgs84Lng":"121.470661","wgs84Lat":"31.254239","__source_file__":"13-常用公服设施点/SHP/上海市_培训机构.shp"},"geometry":{"type":"Point","coordinates":[121.470661,31.254239]}},{"id":"6152","type":"Feature","properties":{"id":"B0G136X6T2","name":"彩艺少儿美术工作室(永兴路店)","address":"永兴路与会文路交叉口东约100米","type":"科教文化服务;培训机构;培训机构","typecode":"141400","pcode":310000,"pname":"上海市","citycode":21,"cityname":"上海市","adcode":310106,"adname":"静安区","business_a":"宝山路","location":"121.473133,31.253227","tel":"[]","bigType":"科教文化服务","midType":"培训机构","smallType":"培训机构","gcj_lng":121.473133,"gcj_lat":31.253227,"wgs84_loc":"121.468606,31.255157","wgs84Lng":"121.468606","wgs84Lat":"31.255157","__source_file__":"13-常用公服设施点/SHP/上海市_培训机构.shp"},"geometry":{"type":"Point","coordinates":[121.468606,31.255157]}},{"id":"5785","type":"Feature","properties":{"id":"B0G1URR9IC","name":"麦洛音乐","address":"宝山路222号","type":"科教文化服务;培训机构;培训机构","typecode":"141400","pcode":310000,"pname":"上海市","citycode":21,"cityname":"上海市","adcode":310106,"adname":"静安区","business_a":"宝山路","location":"121.476712,31.253331","tel":"18321134318","bigType":"科教文化服务","midType":"培训机构","smallType":"培训机构","gcj_lng":121.476712,"gcj_lat":31.253331,"wgs84_loc":"121.472197,31.255271","wgs84Lng":"121.472197","wgs84Lat":"31.255271","__source_file__":"13-常用公服设施点/SHP/上海市_培训机构.shp"},"geometry":{"type":"Point","coordinates":[121.472197,31.255271]}},{"id":"5937","type":"Feature","properties":{"id":"B0FFLDURMV","name":"文启·优思高端托教(鸿兴校区)","address":"鸿兴路31号101B","type":"科教文化服务;培训机构;培训机构","typecode":"141400","pcode":310000,"pname":"上海市","citycode":21,"cityname":"上海市","adcode":310106,"adname":"静安区","business_a":"宝山路","location":"121.476552,31.254146","tel":"4006500001","bigType":"科教文化服务","midType":"培训机构","smallType":"培训机构","gcj_lng":121.476552,"gcj_lat":31.254146,"wgs84_loc":"121.472036,31.256085","wgs84Lng":"121.472036","wgs84Lat":"31.256085","__source_file__":"13-常用公服设施点/SHP/上海市_培训机构.shp"},"geometry":{"type":"Point","coordinates":[121.472036,31.256085]}},{"id":"6129","type":"Feature","properties":{"id":"B0H02DGFJI","name":"文启优思·晚托班·托管中心(鸿兴校区)","address":"鸿兴路31号101B(迪亚天天隔壁)","type":"科教文化服务;培训机构;培训机构","typecode":"141400","pcode":310000,"pname":"上海市","citycode":21,"cityname":"上海市","adcode":310106,"adname":"静安区","business_a":"宝山路","location":"121.476616,31.254186","tel":"4006500001","bigType":"科教文化服务","midType":"培训机构","smallType":"培训机构","gcj_lng":121.476616,"gcj_lat":31.254186,"wgs84_loc":"121.472101,31.256126","wgs84Lng":"121.472101","wgs84Lat":"31.256126","__source_file__":"13-常用公服设施点/SHP/上海市_培训机构.shp"},"geometry":{"type":"Point","coordinates":[121.472101,31.256126]}},{"id":"6111","type":"Feature","properties":{"id":"B0HG6YC4F2","name":"新文悦教育","address":"鸿兴路28号","type":"科教文化服务;培训机构;培训机构","typecode":"141400","pcode":310000,"pname":"上海市","citycode":21,"cityname":"上海市","adcode":310106,"adname":"静安区","business_a":"宝山路","location":"121.475981,31.254283","tel":"[]","bigType":"科教文化服务","midType":"培训机构","smallType":"培训机构","gcj_lng":121.475981,"gcj_lat":31.254283,"wgs84_loc":"121.471463,31.256221","wgs84Lng":"121.471463","wgs84Lat":"31.256221","__source_file__":"13-常用公服设施点/SHP/上海市_培训机构.shp"},"geometry":{"type":"Point","coordinates":[121.471463,31.256221]}},{"id":"5819","type":"Feature","properties":{"id":"B0G35MUWVO","name":"世纪国刚专业练字学校(静安校区)","address":"鸿兴路37号2楼208室","type":"科教文化服务;培训机构;培训机构","typecode":"141400","pcode":310000,"pname":"上海市","citycode":21,"cityname":"上海市","adcode":310106,"adname":"静安区","business_a":"宝山路","location":"121.476402,31.254289","tel":"[]","bigType":"科教文化服务","midType":"培训机构","smallType":"培训机构","gcj_lng":121.476402,"gcj_lat":31.254289,"wgs84_loc":"121.471886,31.256228","wgs84Lng":"121.471886","wgs84Lat":"31.256228","__source_file__":"13-常用公服设施点/SHP/上海市_培训机构.shp"},"geometry":{"type":"Point","coordinates":[121.471886,31.256228]}},{"id":"1582","type":"Feature","properties":{"id":"B00155I8FU","name":"上海新少年小记者培训学校(鸿兴路)","address":"鸿兴路37","type":"科教文化服务;培训机构;培训机构","typecode":"141400","pcode":310000,"pname":"上海市","citycode":21,"cityname":"上海市","adcode":310106,"adname":"静安区","business_a":"宝山路","location":"121.476227,31.254470","tel":"021-63066161;021-56629803","bigType":"科教文化服务","midType":"培训机构","smallType":"培训机构","gcj_lng":121.476227,"gcj_lat":31.25447,"wgs84_loc":"121.47171,31.256408","wgs84Lng":"121.47171","wgs84Lat":"31.256408","__source_file__":"13-常用公服设施点/SHP/上海市_培训机构.shp"},"geometry":{"type":"Point","coordinates":[121.47171,31.256408]}},{"id":"6191","type":"Feature","properties":{"id":"B0FFHF66WC","name":"克芮斯音乐培训(静安校区)","address":"静安大悦城北楼505","type":"科教文化服务;培训机构;培训机构","typecode":"141400","pcode":310000,"pname":"上海市","citycode":21,"cityname":"上海市","adcode":310106,"adname":"静安区","business_a":"七浦路","location":"121.471971,31.244535","tel":"021-52728628","bigType":"科教文化服务","midType":"培训机构","smallType":"培训机构","gcj_lng":121.471971,"gcj_lat":31.244535,"wgs84_loc":"121.467441,31.246466","wgs84Lng":"121.467441","wgs84Lat":"31.246466","__source_file__":"13-常用公服设施点/SHP/上海市_培训机构.shp"},"geometry":{"type":"Point","coordinates":[121.467441,31.246466]}},{"id":"109","type":"Feature","properties":{"id":"B00154Q0TX","name":"静安区会计培训中心","address":"天目中路383号海文大楼8层","type":"科教文化服务;培训机构;培训机构","typecode":"141400","pcode":310000,"pname":"上海市","citycode":21,"cityname":"上海市","adcode":310106,"adname":"静安区","business_a":"宝山路","location":"121.467306,31.244815","tel":"021-63542608","bigType":"科教文化服务","midType":"培训机构","smallType":"培训机构","gcj_lng":121.467306,"gcj_lat":31.244815,"wgs84_loc":"121.462761,31.246734","wgs84Lng":"121.462761","wgs84Lat":"31.246734","__source_file__":"13-常用公服设施点/SHP/上海市_培训机构.shp"},"geometry":{"type":"Point","coordinates":[121.462761,31.246734]}},{"id":"12600","type":"Feature","properties":{"id":"B0FFKZLRIZ","name":"上海海商会培训基地","address":"天目中路383号1212室","type":"科教文化服务;培训机构;培训机构","typecode":"141400","pcode":310000,"pname":"上海市","citycode":21,"cityname":"上海市","adcode":310106,"adname":"静安区","business_a":"宝山路","location":"121.467267,31.244963","tel":"[]","bigType":"科教文化服务","midType":"培训机构","smallType":"培训机构","gcj_lng":121.467267,"gcj_lat":31.244963,"wgs84_loc":"121.462722,31.246882","wgs84Lng":"121.462722","wgs84Lat":"31.246882","__source_file__":"13-常用公服设施点/SHP/上海市_培训机构.shp"},"geometry":{"type":"Point","coordinates":[121.462722,31.246882]}},{"id":"6326","type":"Feature","properties":{"id":"B0HATSYWTD","name":"小博士晚托机构","address":"天目中路与晋元路交叉口西约60米","type":"科教文化服务;培训机构;培训机构","typecode":"141400","pcode":310000,"pname":"上海市","citycode":21,"cityname":"上海市","adcode":310106,"adname":"静安区","business_a":"宝山路","location":"121.468368,31.245462","tel":"[]","bigType":"科教文化服务","midType":"培训机构","smallType":"培训机构","gcj_lng":121.468368,"gcj_lat":31.245462,"wgs84_loc":"121.463827,31.247383","wgs84Lng":"121.463827","wgs84Lat":"31.247383","__source_file__":"13-常用公服设施点/SHP/上海市_培训机构.shp"},"geometry":{"type":"Point","coordinates":[121.463827,31.247383]}},{"id":"100","type":"Feature","properties":{"id":"B0HRL70TDS","name":"青幼儿篮球羽毛球培训","address":"西藏北路铭德国际广场","type":"科教文化服务;培训机构;培训机构","typecode":"141400","pcode":310000,"pname":"上海市","citycode":21,"cityname":"上海市","adcode":310106,"adname":"静安区","business_a":"宝山路","location":"121.469891,31.250950","tel":"18717948774","bigType":"科教文化服务","midType":"培训机构","smallType":"培训机构","gcj_lng":121.469891,"gcj_lat":31.25095,"wgs84_loc":"121.465354,31.252873","wgs84Lng":"121.465354","wgs84Lat":"31.252873","__source_file__":"13-常用公服设施点/SHP/上海市_培训机构.shp"},"geometry":{"type":"Point","coordinates":[121.465354,31.252873]}},{"id":"15925","type":"Feature","properties":{"id":"B0GU3LKOMW","name":"趣知多教育(中兴路中心)","address":"西藏北路与中兴路交叉口南约100米","type":"科教文化服务;培训机构;培训机构","typecode":"141400","pcode":310000,"pname":"上海市","citycode":21,"cityname":"上海市","adcode":310106,"adname":"静安区","business_a":"宝山路","location":"121.468776,31.252274","tel":"[]","bigType":"科教文化服务","midType":"培训机构","smallType":"培训机构","gcj_lng":121.468776,"gcj_lat":31.252274,"wgs84_loc":"121.464235,31.254193","wgs84Lng":"121.464235","wgs84Lat":"31.254193","__source_file__":"13-常用公服设施点/SHP/上海市_培训机构.shp"},"geometry":{"type":"Point","coordinates":[121.464235,31.254193]}},{"id":"6122","type":"Feature","properties":{"id":"B0H2TSPD5Y","name":"荟颜艺术研习社","address":"中兴路与西藏北路交叉口西南约60米","type":"科教文化服务;培训机构;培训机构","typecode":"141400","pcode":310000,"pname":"上海市","citycode":21,"cityname":"上海市","adcode":310106,"adname":"静安区","business_a":"宝山路","location":"121.468356,31.252623","tel":"[]","bigType":"科教文化服务","midType":"培训机构","smallType":"培训机构","gcj_lng":121.468356,"gcj_lat":31.252623,"wgs84_loc":"121.463814,31.254541","wgs84Lng":"121.463814","wgs84Lat":"31.254541","__source_file__":"13-常用公服设施点/SHP/上海市_培训机构.shp"},"geometry":{"type":"Point","coordinates":[121.463814,31.254541]}},{"id":"5966","type":"Feature","properties":{"id":"B0FFLPEBV4","name":"上海智才教育培训中心","address":"天汇广场二号楼1305室","type":"科教文化服务;培训机构;培训机构","typecode":"141400","pcode":310000,"pname":"上海市","citycode":21,"cityname":"上海市","adcode":310106,"adname":"静安区","business_a":"宝山路","location":"121.468467,31.252645","tel":"18017583599","bigType":"科教文化服务","midType":"培训机构","smallType":"培训机构","gcj_lng":121.468467,"gcj_lat":31.252645,"wgs84_loc":"121.463925,31.254563","wgs84Lng":"121.463925","wgs84Lat":"31.254563","__source_file__":"13-常用公服设施点/SHP/上海市_培训机构.shp"},"geometry":{"type":"Point","coordinates":[121.463925,31.254563]}},{"id":"6202","type":"Feature","properties":{"id":"B0FFGJ9M6J","name":"行致教育(中兴校区)","address":"西藏北路605号临兴中心创意园C座4层409号","type":"科教文化服务;培训机构;培训机构","typecode":"141400","pcode":310000,"pname":"上海市","citycode":21,"cityname":"上海市","adcode":310106,"adname":"静安区","business_a":"宝山路","location":"121.468251,31.252674","tel":"021-66296691","bigType":"科教文化服务","midType":"培训机构","smallType":"培训机构","gcj_lng":121.468251,"gcj_lat":31.252674,"wgs84_loc":"121.463709,31.254592","wgs84Lng":"121.463709","wgs84Lat":"31.254592","__source_file__":"13-常用公服设施点/SHP/上海市_培训机构.shp"},"geometry":{"type":"Point","coordinates":[121.463709,31.254592]}},{"id":"15583","type":"Feature","properties":{"id":"B0FFM80T9L","name":"唯思机器人创新教育","address":"中兴路上海市市北中学西侧约110米","type":"科教文化服务;培训机构;培训机构","typecode":"141400","pcode":310000,"pname":"上海市","citycode":21,"cityname":"上海市","adcode":310106,"adname":"静安区","business_a":"宝山路","location":"121.468256,31.252825","tel":"[]","bigType":"科教文化服务","midType":"培训机构","smallType":"培训机构","gcj_lng":121.468256,"gcj_lat":31.252825,"wgs84_loc":"121.463714,31.254743","wgs84Lng":"121.463714","wgs84Lat":"31.254743","__source_file__":"13-常用公服设施点/SHP/上海市_培训机构.shp"},"geometry":{"type":"Point","coordinates":[121.463714,31.254743]}},{"id":"18432","type":"Feature","properties":{"id":"B0JAZ53VM6","name":"MCLOCK舞蹈工作室","address":"南京东路479号403室(南京东路地铁站4号口步行130米)","type":"科教文化服务;培训机构;培训机构","typecode":"141400","pcode":310000,"pname":"上海市","citycode":21,"cityname":"上海市","adcode":310101,"adname":"黄浦区","business_a":"北京路","location":"121.481345,31.235814","tel":"13661450325","bigType":"科教文化服务","midType":"培训机构","smallType":"培训机构","gcj_lng":121.481345,"gcj_lat":31.235814,"wgs84_loc":"121.476847,31.237775","wgs84Lng":"121.476847","wgs84Lat":"31.237775","__source_file__":"13-常用公服设施点/SHP/上海市_培训机构.shp"},"geometry":{"type":"Point","coordinates":[121.476847,31.237775]}},{"id":"16592","type":"Feature","properties":{"id":"B0FFJITJBU","name":"书写立人人民广场校区","address":"南京东路409号置地广场1306室","type":"科教文化服务;培训机构;培训机构","typecode":"141400","pcode":310000,"pname":"上海市","citycode":21,"cityname":"上海市","adcode":310101,"adname":"黄浦区","business_a":"北京东路","location":"121.482438,31.236260","tel":"13916966707","bigType":"科教文化服务","midType":"培训机构","smallType":"培训机构","gcj_lng":121.482438,"gcj_lat":31.23626,"wgs84_loc":"121.477944,31.238224","wgs84Lng":"121.477944","wgs84Lat":"31.238224","__source_file__":"13-常用公服设施点/SHP/上海市_培训机构.shp"},"geometry":{"type":"Point","coordinates":[121.477944,31.238224]}},{"id":"5535","type":"Feature","properties":{"id":"B0FFJRJ97B","name":"赵汝飞练字(人民广场校区)","address":"山西南路123号附近","type":"科教文化服务;培训机构;培训机构","typecode":"141400","pcode":310000,"pname":"上海市","citycode":21,"cityname":"上海市","adcode":310101,"adname":"黄浦区","business_a":"北京东路","location":"121.482438,31.236260","tel":"[]","bigType":"科教文化服务","midType":"培训机构","smallType":"培训机构","gcj_lng":121.482438,"gcj_lat":31.23626,"wgs84_loc":"121.477944,31.238224","wgs84Lng":"121.477944","wgs84Lat":"31.238224","__source_file__":"13-常用公服设施点/SHP/上海市_培训机构.shp"},"geometry":{"type":"Point","coordinates":[121.477944,31.238224]}},{"id":"5571","type":"Feature","properties":{"id":"B0FFHGFIBL","name":"格致中学特色教育基地","address":"天津路与山西南路交叉口东北100米","type":"科教文化服务;培训机构;培训机构","typecode":"141400","pcode":310000,"pname":"上海市","citycode":21,"cityname":"上海市","adcode":310101,"adname":"黄浦区","business_a":"北京东路","location":"121.482501,31.238120","tel":"[]","bigType":"科教文化服务","midType":"培训机构","smallType":"培训机构","gcj_lng":121.482501,"gcj_lat":31.23812,"wgs84_loc":"121.478007,31.240083","wgs84Lng":"121.478007","wgs84Lat":"31.240083","__source_file__":"13-常用公服设施点/SHP/上海市_培训机构.shp"},"geometry":{"type":"Point","coordinates":[121.478007,31.240083]}},{"id":"5377","type":"Feature","properties":{"id":"B0H2A99Q4D","name":"海文国际it培训","address":"天津路180号应氏大厦","type":"科教文化服务;培训机构;培训机构","typecode":"141400","pcode":310000,"pname":"上海市","citycode":21,"cityname":"上海市","adcode":310101,"adname":"黄浦区","business_a":"北京东路","location":"121.482661,31.238246","tel":"[]","bigType":"科教文化服务","midType":"培训机构","smallType":"培训机构","gcj_lng":121.482661,"gcj_lat":31.238246,"wgs84_loc":"121.478167,31.24021","wgs84Lng":"121.478167","wgs84Lat":"31.24021","__source_file__":"13-常用公服设施点/SHP/上海市_培训机构.shp"},"geometry":{"type":"Point","coordinates":[121.478167,31.24021]}},{"id":"5194","type":"Feature","properties":{"id":"B0FFKX21ZS","name":"上海市少年儿童业余美术学校(天津路校区)","address":"天津路158号","type":"科教文化服务;培训机构;培训机构","typecode":"141400","pcode":310000,"pname":"上海市","citycode":21,"cityname":"上海市","adcode":310101,"adname":"黄浦区","business_a":"北京东路","location":"121.483203,31.238332","tel":"18616926888","bigType":"科教文化服务","midType":"培训机构","smallType":"培训机构","gcj_lng":121.483203,"gcj_lat":31.238332,"wgs84_loc":"121.478711,31.240297","wgs84Lng":"121.478711","wgs84Lat":"31.240297","__source_file__":"13-常用公服设施点/SHP/上海市_培训机构.shp"},"geometry":{"type":"Point","coordinates":[121.478711,31.240297]}},{"id":"5092","type":"Feature","properties":{"id":"B0FFGJO59M","name":"上海市黄浦商业人才培训中心(天津路店)","address":"天津路158号","type":"科教文化服务;培训机构;培训机构","typecode":"141400","pcode":310000,"pname":"上海市","citycode":21,"cityname":"上海市","adcode":310101,"adname":"黄浦区","business_a":"北京东路","location":"121.483214,31.238351","tel":"021-63615541","bigType":"科教文化服务","midType":"培训机构","smallType":"培训机构","gcj_lng":121.483214,"gcj_lat":31.238351,"wgs84_loc":"121.478722,31.240316","wgs84Lng":"121.478722","wgs84Lat":"31.240316","__source_file__":"13-常用公服设施点/SHP/上海市_培训机构.shp"},"geometry":{"type":"Point","coordinates":[121.478722,31.240316]}},{"id":"14930","type":"Feature","properties":{"id":"B0G2BRA8LC","name":"未来人留学(仙乐斯广场店)","address":"上海市黄浦区山西南路350号物资大厦24楼2405-06室","type":"科教文化服务;培训机构;培训机构","typecode":"141400","pcode":310000,"pname":"上海市","citycode":21,"cityname":"上海市","adcode":310101,"adname":"黄浦区","business_a":"北京东路","location":"121.481612,31.239505","tel":"[]","bigType":"科教文化服务","midType":"培训机构","smallType":"培训机构","gcj_lng":121.481612,"gcj_lat":31.239505,"wgs84_loc":"121.477115,31.241465","wgs84Lng":"121.477115","wgs84Lat":"31.241465","__source_file__":"13-常用公服设施点/SHP/上海市_培训机构.shp"},"geometry":{"type":"Point","coordinates":[121.477115,31.241465]}},{"id":"9263","type":"Feature","properties":{"id":"B0FFF00N8U","name":"上海诚之医药商业培训中心(宁波路)","address":"北京东路460号","type":"科教文化服务;培训机构;培训机构","typecode":"141400","pcode":310000,"pname":"上海市","citycode":21,"cityname":"上海市","adcode":310101,"adname":"黄浦区","business_a":"北京东路","location":"121.481282,31.239970","tel":"[]","bigType":"科教文化服务","midType":"培训机构","smallType":"培训机构","gcj_lng":121.481282,"gcj_lat":31.23997,"wgs84_loc":"121.476784,31.241929","wgs84Lng":"121.476784","wgs84Lat":"31.241929","__source_file__":"13-常用公服设施点/SHP/上海市_培训机构.shp"},"geometry":{"type":"Point","coordinates":[121.476784,31.241929]}},{"id":"5513","type":"Feature","properties":{"id":"B0G3FZIJHB","name":"中国爱国拥军书画院创作基地","address":"南苏州路381号","type":"科教文化服务;培训机构;培训机构","typecode":"141400","pcode":310000,"pname":"上海市","citycode":21,"cityname":"上海市","adcode":310101,"adname":"黄浦区","business_a":"北京东路","location":"121.483612,31.241740","tel":"[]","bigType":"科教文化服务","midType":"培训机构","smallType":"培训机构","gcj_lng":121.483612,"gcj_lat":31.24174,"wgs84_loc":"121.479121,31.243705","wgs84Lng":"121.479121","wgs84Lat":"31.243705","__source_file__":"13-常用公服设施点/SHP/上海市_培训机构.shp"},"geometry":{"type":"Point","coordinates":[121.479121,31.243705]}},{"id":"5093","type":"Feature","properties":{"id":"B00155LV3Y","name":"上海市市级机关教育培训中心","address":"四川中路328-330号","type":"科教文化服务;培训机构;培训机构","typecode":"141400","pcode":310000,"pname":"上海市","citycode":21,"cityname":"上海市","adcode":310101,"adname":"黄浦区","business_a":"北京东路","location":"121.488100,31.237942","tel":"021-63215794","bigType":"科教文化服务","midType":"培训机构","smallType":"培训机构","gcj_lng":121.4881,"gcj_lat":31.237942,"wgs84_loc":"121.483625,31.239922","wgs84Lng":"121.483625","wgs84Lat":"31.239922","__source_file__":"13-常用公服设施点/SHP/上海市_培训机构.shp"},"geometry":{"type":"Point","coordinates":[121.483625,31.239922]}},{"id":"17313","type":"Feature","properties":{"id":"B0IGOZIOJY","name":"浦江之约","address":"四川中路与沙市二路交叉口东南20米","type":"科教文化服务;培训机构;培训机构","typecode":"141400","pcode":310000,"pname":"上海市","citycode":21,"cityname":"上海市","adcode":310101,"adname":"黄浦区","business_a":"北京东路","location":"121.488044,31.237944","tel":"[]","bigType":"科教文化服务","midType":"培训机构","smallType":"培训机构","gcj_lng":121.488044,"gcj_lat":31.237944,"wgs84_loc":"121.483569,31.239924","wgs84Lng":"121.483569","wgs84Lat":"31.239924","__source_file__":"13-常用公服设施点/SHP/上海市_培训机构.shp"},"geometry":{"type":"Point","coordinates":[121.483569,31.239924]}},{"id":"5190","type":"Feature","properties":{"id":"B0FFLFFU1T","name":"七彩书院","address":"四川中路330号","type":"科教文化服务;培训机构;培训机构","typecode":"141400","pcode":310000,"pname":"上海市","citycode":21,"cityname":"上海市","adcode":310101,"adname":"黄浦区","business_a":"北京东路","location":"121.488116,31.237949","tel":"[]","bigType":"科教文化服务","midType":"培训机构","smallType":"培训机构","gcj_lng":121.488116,"gcj_lat":31.237949,"wgs84_loc":"121.483641,31.239929","wgs84Lng":"121.483641","wgs84Lat":"31.239929","__source_file__":"13-常用公服设施点/SHP/上海市_培训机构.shp"},"geometry":{"type":"Point","coordinates":[121.483641,31.239929]}},{"id":"5150","type":"Feature","properties":{"id":"B0FFJZ7OV2","name":"彩虹舞蹈(恒基名人购物中心)","address":"南京东路300号恒基名人购物中心L4层","type":"科教文化服务;培训机构;培训机构","typecode":"141400","pcode":310000,"pname":"上海市","citycode":21,"cityname":"上海市","adcode":310101,"adname":"黄浦区","business_a":"北京东路","location":"121.483890,31.238075","tel":"13761552048;13167033279","bigType":"科教文化服务","midType":"培训机构","smallType":"培训机构","gcj_lng":121.48389,"gcj_lat":31.238075,"wgs84_loc":"121.479401,31.240042","wgs84Lng":"121.479401","wgs84Lat":"31.240042","__source_file__":"13-常用公服设施点/SHP/上海市_培训机构.shp"},"geometry":{"type":"Point","coordinates":[121.479401,31.240042]}},{"id":"5237","type":"Feature","properties":{"id":"B0FFJV30PK","name":"敦煌民乐(南京东路店)","address":"四川中路与南京路步行街交叉口西北约20米","type":"科教文化服务;培训机构;培训机构","typecode":"141400","pcode":310000,"pname":"上海市","citycode":21,"cityname":"上海市","adcode":310101,"adname":"黄浦区","business_a":"北京东路","location":"121.487487,31.238707","tel":"[]","bigType":"科教文化服务","midType":"培训机构","smallType":"培训机构","gcj_lng":121.487487,"gcj_lat":31.238707,"wgs84_loc":"121.48301,31.240685","wgs84Lng":"121.48301","wgs84Lat":"31.240685","__source_file__":"13-常用公服设施点/SHP/上海市_培训机构.shp"},"geometry":{"type":"Point","coordinates":[121.48301,31.240685]}},{"id":"5544","type":"Feature","properties":{"id":"B0FFIB7T21","name":"上海诚品医药商业培训中心","address":"宁波路94号附近","type":"科教文化服务;培训机构;培训机构","typecode":"141400","pcode":310000,"pname":"上海市","citycode":21,"cityname":"上海市","adcode":310101,"adname":"黄浦区","business_a":"北京东路","location":"121.485113,31.239491","tel":"[]","bigType":"科教文化服务","midType":"培训机构","smallType":"培训机构","gcj_lng":121.485113,"gcj_lat":31.239491,"wgs84_loc":"121.480628,31.241461","wgs84Lng":"121.480628","wgs84Lat":"31.241461","__source_file__":"13-常用公服设施点/SHP/上海市_培训机构.shp"},"geometry":{"type":"Point","coordinates":[121.480628,31.241461]}},{"id":"5177","type":"Feature","properties":{"id":"B0FFGBAYVE","name":"黄浦区财务会计公益培训基地","address":"滇池路110-1号","type":"科教文化服务;培训机构;培训机构","typecode":"141400","pcode":310000,"pname":"上海市","citycode":21,"cityname":"上海市","adcode":310101,"adname":"黄浦区","business_a":"北京东路","location":"121.487683,31.239644","tel":"021-63213734;021-63236343","bigType":"科教文化服务","midType":"培训机构","smallType":"培训机构","gcj_lng":121.487683,"gcj_lat":31.239644,"wgs84_loc":"121.483207,31.241622","wgs84Lng":"121.483207","wgs84Lat":"31.241622","__source_file__":"13-常用公服设施点/SHP/上海市_培训机构.shp"},"geometry":{"type":"Point","coordinates":[121.483207,31.241622]}},{"id":"5566","type":"Feature","properties":{"id":"B0G0C4RNYG","name":"古柏林宝石学院(益丰·外滩源店)","address":"北京东路99号益丰·外滩源F2","type":"科教文化服务;培训机构;培训机构","typecode":"141400","pcode":310000,"pname":"上海市","citycode":21,"cityname":"上海市","adcode":310101,"adname":"黄浦区","business_a":"北京东路","location":"121.489242,31.240430","tel":"[]","bigType":"科教文化服务","midType":"培训机构","smallType":"培训机构","gcj_lng":121.489242,"gcj_lat":31.24043,"wgs84_loc":"121.484771,31.242412","wgs84Lng":"121.484771","wgs84Lat":"31.242412","__source_file__":"13-常用公服设施点/SHP/上海市_培训机构.shp"},"geometry":{"type":"Point","coordinates":[121.484771,31.242412]}},{"id":"5290","type":"Feature","properties":{"id":"B0FFF00N9Y","name":"上海捷强烟草糖酒(集团)有限公司教育培训中心","address":"香港路123号3层","type":"科教文化服务;培训机构;培训机构","typecode":"141400","pcode":310000,"pname":"上海市","citycode":21,"cityname":"上海市","adcode":310101,"adname":"黄浦区","business_a":"北京东路","location":"121.485279,31.241514","tel":"[]","bigType":"科教文化服务","midType":"培训机构","smallType":"培训机构","gcj_lng":121.485279,"gcj_lat":31.241514,"wgs84_loc":"121.480794,31.243484","wgs84Lng":"121.480794","wgs84Lat":"31.243484","__source_file__":"13-常用公服设施点/SHP/上海市_培训机构.shp"},"geometry":{"type":"Point","coordinates":[121.480794,31.243484]}},{"id":"10888","type":"Feature","properties":{"id":"B0FFMEM5PW","name":"每刻教育","address":"天潼路328号wework星芸中心3楼","type":"科教文化服务;培训机构;培训机构","typecode":"141400","pcode":310000,"pname":"上海市","citycode":21,"cityname":"上海市","adcode":310109,"adname":"虹口区","business_a":"北外滩","location":"121.486585,31.245666","tel":"19828268137","bigType":"科教文化服务","midType":"培训机构","smallType":"培训机构","gcj_lng":121.486585,"gcj_lat":31.245666,"wgs84_loc":"121.482104,31.247638","wgs84Lng":"121.482104","wgs84Lat":"31.247638","__source_file__":"13-常用公服设施点/SHP/上海市_培训机构.shp"},"geometry":{"type":"Point","coordinates":[121.482104,31.247638]}},{"id":"13422","type":"Feature","properties":{"id":"B0HBXCR3P0","name":"The.Runner(正大广场)","address":"陆家嘴西路168号正大广场L2层","type":"科教文化服务;培训机构;培训机构","typecode":"141400","pcode":310000,"pname":"上海市","citycode":21,"cityname":"上海市","adcode":310115,"adname":"浦东新区","business_a":"陆家嘴","location":"121.499283,31.236421","tel":"[]","bigType":"科教文化服务","midType":"培训机构","smallType":"培训机构","gcj_lng":121.499283,"gcj_lat":31.236421,"wgs84_loc":"121.494849,31.238435","wgs84Lng":"121.494849","wgs84Lat":"31.238435","__source_file__":"13-常用公服设施点/SHP/上海市_培训机构.shp"},"geometry":{"type":"Point","coordinates":[121.494849,31.238435]}},{"id":"13423","type":"Feature","properties":{"id":"B0G2NO69HU","name":"丘比特爱商学院CUPIDMBA·Club","address":"名商路与陆家嘴环路交叉口西120米","type":"科教文化服务;培训机构;培训机构","typecode":"141400","pcode":310000,"pname":"上海市","citycode":21,"cityname":"上海市","adcode":310115,"adname":"浦东新区","business_a":"陆家嘴","location":"121.499334,31.236645","tel":"[]","bigType":"科教文化服务","midType":"培训机构","smallType":"培训机构","gcj_lng":121.499334,"gcj_lat":31.236645,"wgs84_loc":"121.4949,31.238659","wgs84Lng":"121.4949","wgs84Lat":"31.238659","__source_file__":"13-常用公服设施点/SHP/上海市_培训机构.shp"},"geometry":{"type":"Point","coordinates":[121.4949,31.238659]}},{"id":"9850","type":"Feature","properties":{"id":"B0HR978EKG","name":"油然画吧","address":"正大广场6楼","type":"科教文化服务;培训机构;培训机构","typecode":"141400","pcode":310000,"pname":"上海市","citycode":21,"cityname":"上海市","adcode":310115,"adname":"浦东新区","business_a":"陆家嘴","location":"121.499321,31.236856","tel":"[]","bigType":"科教文化服务","midType":"培训机构","smallType":"培训机构","gcj_lng":121.499321,"gcj_lat":31.236856,"wgs84_loc":"121.494887,31.23887","wgs84Lng":"121.494887","wgs84Lat":"31.23887","__source_file__":"13-常用公服设施点/SHP/上海市_培训机构.shp"},"geometry":{"type":"Point","coordinates":[121.494887,31.23887]}},{"id":"2420","type":"Feature","properties":{"id":"B0FFH7SMQ7","name":"高尔夫运动初学培训中心","address":"东大名路410号","type":"科教文化服务;培训机构;培训机构","typecode":"141400","pcode":310000,"pname":"上海市","citycode":21,"cityname":"上海市","adcode":310109,"adname":"虹口区","business_a":"提篮桥","location":"121.496780,31.247327","tel":"[]","bigType":"科教文化服务","midType":"培训机构","smallType":"培训机构","gcj_lng":121.49678,"gcj_lat":31.247327,"wgs84_loc":"121.492336,31.249328","wgs84Lng":"121.492336","wgs84Lat":"31.249328","__source_file__":"13-常用公服设施点/SHP/上海市_培训机构.shp"},"geometry":{"type":"Point","coordinates":[121.492336,31.249328]}},{"id":"12624","type":"Feature","properties":{"id":"B0H1UX1EM4","name":"上海作完么教育科技有限公司","address":"东大名路与旅顺路交叉口西40米","type":"科教文化服务;培训机构;培训机构","typecode":"141400","pcode":310000,"pname":"上海市","citycode":21,"cityname":"上海市","adcode":310109,"adname":"虹口区","business_a":"北外滩","location":"121.496335,31.247596","tel":"[]","bigType":"科教文化服务","midType":"培训机构","smallType":"培训机构","gcj_lng":121.496335,"gcj_lat":31.247596,"wgs84_loc":"121.491889,31.249596","wgs84Lng":"121.491889","wgs84Lat":"31.249596","__source_file__":"13-常用公服设施点/SHP/上海市_培训机构.shp"},"geometry":{"type":"Point","coordinates":[121.491889,31.249596]}},{"id":"11065","type":"Feature","properties":{"id":"B0H2AC6BSF","name":"阡陌教育","address":"北外滩街道东大名路501号白玉兰广场10层A01","type":"科教文化服务;培训机构;培训机构","typecode":"141400","pcode":310000,"pname":"上海市","citycode":21,"cityname":"上海市","adcode":310109,"adname":"虹口区","business_a":"提篮桥","location":"121.497798,31.249051","tel":"[]","bigType":"科教文化服务","midType":"培训机构","smallType":"培训机构","gcj_lng":121.497798,"gcj_lat":31.249051,"wgs84_loc":"121.493357,31.251055","wgs84Lng":"121.493357","wgs84Lat":"31.251055","__source_file__":"13-常用公服设施点/SHP/上海市_培训机构.shp"},"geometry":{"type":"Point","coordinates":[121.493357,31.251055]}},{"id":"9447","type":"Feature","properties":{"id":"B0HRORR0PV","name":"G-FAN舞蹈工作室(虹口店)","address":"东大名路687号1929艺术中心3楼8333-D","type":"科教文化服务;培训机构;培训机构","typecode":"141400","pcode":310000,"pname":"上海市","citycode":21,"cityname":"上海市","adcode":310109,"adname":"虹口区","business_a":"提篮桥","location":"121.501192,31.249917","tel":"18601640610;13472877307","bigType":"科教文化服务","midType":"培训机构","smallType":"培训机构","gcj_lng":121.501192,"gcj_lat":31.249917,"wgs84_loc":"121.496763,31.251931","wgs84Lng":"121.496763","wgs84Lat":"31.251931","__source_file__":"13-常用公服设施点/SHP/上海市_培训机构.shp"},"geometry":{"type":"Point","coordinates":[121.496763,31.251931]}},{"id":"18270","type":"Feature","properties":{"id":"B0IRYSB3I6","name":"未思国际教育","address":"东长治路399号双狮汇大厦A座703室","type":"科教文化服务;培训机构;培训机构","typecode":"141400","pcode":310000,"pname":"上海市","citycode":21,"cityname":"上海市","adcode":310109,"adname":"虹口区","business_a":"北外滩","location":"121.496545,31.250099","tel":"[]","bigType":"科教文化服务","midType":"培训机构","smallType":"培训机构","gcj_lng":121.496545,"gcj_lat":31.250099,"wgs84_loc":"121.4921,31.252099","wgs84Lng":"121.4921","wgs84Lat":"31.252099","__source_file__":"13-常用公服设施点/SHP/上海市_培训机构.shp"},"geometry":{"type":"Point","coordinates":[121.4921,31.252099]}},{"id":"10794","type":"Feature","properties":{"id":"B0FFJP19U8","name":"小门牙托育早教(虹口北外滩中心)","address":"西安路61号","type":"科教文化服务;培训机构;培训机构","typecode":"141400","pcode":310000,"pname":"上海市","citycode":21,"cityname":"上海市","adcode":310109,"adname":"虹口区","business_a":"北外滩","location":"121.493857,31.250430","tel":"4009611661","bigType":"科教文化服务","midType":"培训机构","smallType":"培训机构","gcj_lng":121.493857,"gcj_lat":31.25043,"wgs84_loc":"121.489402,31.252421","wgs84Lng":"121.489402","wgs84Lat":"31.252421","__source_file__":"13-常用公服设施点/SHP/上海市_培训机构.shp"},"geometry":{"type":"Point","coordinates":[121.489402,31.252421]}},{"id":"10832","type":"Feature","properties":{"id":"B0HRJ9RGIL","name":"东方启明星篮球培训(北外滩校区)","address":"四川北路88号星荟中心2楼","type":"科教文化服务;培训机构;培训机构","typecode":"141400","pcode":310000,"pname":"上海市","citycode":21,"cityname":"上海市","adcode":310109,"adname":"虹口区","business_a":"北外滩","location":"121.486057,31.245796","tel":"[]","bigType":"科教文化服务","midType":"培训机构","smallType":"培训机构","gcj_lng":121.486057,"gcj_lat":31.245796,"wgs84_loc":"121.481575,31.247766","wgs84Lng":"121.481575","wgs84Lat":"31.247766","__source_file__":"13-常用公服设施点/SHP/上海市_培训机构.shp"},"geometry":{"type":"Point","coordinates":[121.481575,31.247766]}},{"id":"11084","type":"Feature","properties":{"id":"B0FFMCGCR1","name":"浩福国际教育","address":"吴淞路218号宝矿国际大厦","type":"科教文化服务;培训机构;培训机构","typecode":"141400","pcode":310000,"pname":"上海市","citycode":21,"cityname":"上海市","adcode":310109,"adname":"虹口区","business_a":"北外滩","location":"121.491031,31.248266","tel":"[]","bigType":"科教文化服务","midType":"培训机构","smallType":"培训机构","gcj_lng":121.491031,"gcj_lat":31.248266,"wgs84_loc":"121.486566,31.25025","wgs84Lng":"121.486566","wgs84Lat":"31.25025","__source_file__":"13-常用公服设施点/SHP/上海市_培训机构.shp"},"geometry":{"type":"Point","coordinates":[121.486566,31.25025]}},{"id":"11053","type":"Feature","properties":{"id":"B0HKALORIS","name":"英语","address":"塘沽路484号","type":"科教文化服务;培训机构;培训机构","typecode":"141400","pcode":310000,"pname":"上海市","citycode":21,"cityname":"上海市","adcode":310109,"adname":"虹口区","business_a":"七浦路","location":"121.486025,31.248345","tel":"[]","bigType":"科教文化服务","midType":"培训机构","smallType":"培训机构","gcj_lng":121.486025,"gcj_lat":31.248345,"wgs84_loc":"121.481542,31.250314","wgs84Lng":"121.481542","wgs84Lat":"31.250314","__source_file__":"13-常用公服设施点/SHP/上海市_培训机构.shp"},"geometry":{"type":"Point","coordinates":[121.481542,31.250314]}},{"id":"11032","type":"Feature","properties":{"id":"B00156CXW7","name":"上海欧赛尔管理人才培训中心","address":"吴淞路297号(乍浦路街道社区卫生服务中心北)","type":"科教文化服务;培训机构;培训机构","typecode":"141400","pcode":310000,"pname":"上海市","citycode":21,"cityname":"上海市","adcode":310109,"adname":"虹口区","business_a":"北外滩","location":"121.489413,31.248474","tel":"[]","bigType":"科教文化服务","midType":"培训机构","smallType":"培训机构","gcj_lng":121.489413,"gcj_lat":31.248474,"wgs84_loc":"121.484942,31.250453","wgs84Lng":"121.484942","wgs84Lat":"31.250453","__source_file__":"13-常用公服设施点/SHP/上海市_培训机构.shp"},"geometry":{"type":"Point","coordinates":[121.484942,31.250453]}},{"id":"6451","type":"Feature","properties":{"id":"B0FFH6O2CH","name":"上海法语培训中心(吴淞路分部)","address":"吴淞路297号5层","type":"科教文化服务;培训机构;培训机构","typecode":"141400","pcode":310000,"pname":"上海市","citycode":21,"cityname":"上海市","adcode":310109,"adname":"虹口区","business_a":"北外滩","location":"121.489398,31.248529","tel":"021-63575388","bigType":"科教文化服务","midType":"培训机构","smallType":"培训机构","gcj_lng":121.489398,"gcj_lat":31.248529,"wgs84_loc":"121.484927,31.250508","wgs84Lng":"121.484927","wgs84Lat":"31.250508","__source_file__":"13-常用公服设施点/SHP/上海市_培训机构.shp"},"geometry":{"type":"Point","coordinates":[121.484927,31.250508]}},{"id":"15734","type":"Feature","properties":{"id":"B0HBTY27LI","name":"沈尹默书法教育基地","address":"塘沽路484号","type":"科教文化服务;培训机构;培训机构","typecode":"141400","pcode":310000,"pname":"上海市","citycode":21,"cityname":"上海市","adcode":310109,"adname":"虹口区","business_a":"北外滩","location":"121.485827,31.248650","tel":"[]","bigType":"科教文化服务","midType":"培训机构","smallType":"培训机构","gcj_lng":121.485827,"gcj_lat":31.24865,"wgs84_loc":"121.481344,31.250618","wgs84Lng":"121.481344","wgs84Lat":"31.250618","__source_file__":"13-常用公服设施点/SHP/上海市_培训机构.shp"},"geometry":{"type":"Point","coordinates":[121.481344,31.250618]}},{"id":"10825","type":"Feature","properties":{"id":"B0FFJ3P6E3","name":"艺年级(虹口中心)","address":"吴淞路258号耀江国际广场1号楼301室","type":"科教文化服务;培训机构;培训机构","typecode":"141400","pcode":310000,"pname":"上海市","citycode":21,"cityname":"上海市","adcode":310109,"adname":"虹口区","business_a":"北外滩","location":"121.490052,31.248706","tel":"021-56482891;18201734226","bigType":"科教文化服务","midType":"培训机构","smallType":"培训机构","gcj_lng":121.490052,"gcj_lat":31.248706,"wgs84_loc":"121.485583,31.250687","wgs84Lng":"121.485583","wgs84Lat":"31.250687","__source_file__":"13-常用公服设施点/SHP/上海市_培训机构.shp"},"geometry":{"type":"Point","coordinates":[121.485583,31.250687]}},{"id":"11008","type":"Feature","properties":{"id":"B0FFHUAXL1","name":"上海市十二五家庭教育指导实验基地","address":"昆山路与西街交叉口北50米","type":"科教文化服务;培训机构;培训机构","typecode":"141400","pcode":310000,"pname":"上海市","citycode":21,"cityname":"上海市","adcode":310109,"adname":"虹口区","business_a":"北外滩","location":"121.485630,31.249713","tel":"[]","bigType":"科教文化服务","midType":"培训机构","smallType":"培训机构","gcj_lng":121.48563,"gcj_lat":31.249713,"wgs84_loc":"121.481146,31.25168","wgs84Lng":"121.481146","wgs84Lat":"31.25168","__source_file__":"13-常用公服设施点/SHP/上海市_培训机构.shp"},"geometry":{"type":"Point","coordinates":[121.481146,31.25168]}},{"id":"2463","type":"Feature","properties":{"id":"B0H1SDHTJL","name":"培优教育","address":"国际商厦商务楼382弄6-41号","type":"科教文化服务;培训机构;培训机构","typecode":"141400","pcode":310000,"pname":"上海市","citycode":21,"cityname":"上海市","adcode":310109,"adname":"虹口区","business_a":"七浦路","location":"121.485334,31.250606","tel":"[]","bigType":"科教文化服务","midType":"培训机构","smallType":"培训机构","gcj_lng":121.485334,"gcj_lat":31.250606,"wgs84_loc":"121.480849,31.252572","wgs84Lng":"121.480849","wgs84Lat":"31.252572","__source_file__":"13-常用公服设施点/SHP/上海市_培训机构.shp"},"geometry":{"type":"Point","coordinates":[121.480849,31.252572]}},{"id":"11006","type":"Feature","properties":{"id":"B0GUNOJ6TA","name":"中博教育","address":"峨眉路315号荣德大厦","type":"科教文化服务;培训机构;培训机构","typecode":"141400","pcode":310000,"pname":"上海市","citycode":21,"cityname":"上海市","adcode":310109,"adname":"虹口区","business_a":"提篮桥","location":"121.490325,31.250598","tel":"[]","bigType":"科教文化服务","midType":"培训机构","smallType":"培训机构","gcj_lng":121.490325,"gcj_lat":31.250598,"wgs84_loc":"121.485857,31.252579","wgs84Lng":"121.485857","wgs84Lat":"31.252579","__source_file__":"13-常用公服设施点/SHP/上海市_培训机构.shp"},"geometry":{"type":"Point","coordinates":[121.485857,31.252579]}},{"id":"11069","type":"Feature","properties":{"id":"B0H0BLY9U3","name":"北辰教育","address":"江西北路上海联富服饰市场东侧约130米","type":"科教文化服务;培训机构;培训机构","typecode":"141400","pcode":310000,"pname":"上海市","citycode":21,"cityname":"上海市","adcode":310109,"adname":"虹口区","business_a":"七浦路","location":"121.483416,31.245081","tel":"[]","bigType":"科教文化服务","midType":"培训机构","smallType":"培训机构","gcj_lng":121.483416,"gcj_lat":31.245081,"wgs84_loc":"121.478924,31.247044","wgs84Lng":"121.478924","wgs84Lat":"31.247044","__source_file__":"13-常用公服设施点/SHP/上海市_培训机构.shp"},"geometry":{"type":"Point","coordinates":[121.478924,31.247044]}},{"id":"14609","type":"Feature","properties":{"id":"B00156O1WQ","name":"上海建设人才培训中心","address":"河南北路301","type":"科教文化服务;培训机构;培训机构","typecode":"141400","pcode":310000,"pname":"上海市","citycode":21,"cityname":"上海市","adcode":310106,"adname":"静安区","business_a":"七浦路","location":"121.481252,31.247396","tel":"021-63250475","bigType":"科教文化服务","midType":"培训机构","smallType":"培训机构","gcj_lng":121.481252,"gcj_lat":31.247396,"wgs84_loc":"121.476753,31.249352","wgs84Lng":"121.476753","wgs84Lat":"31.249352","__source_file__":"13-常用公服设施点/SHP/上海市_培训机构.shp"},"geometry":{"type":"Point","coordinates":[121.476753,31.249352]}},{"id":"14881","type":"Feature","properties":{"id":"B0FFLGFJ11","name":"四川北路街道社区党校江西北教学点","address":"江西北路与海宁路交叉口西北120米","type":"科教文化服务;培训机构;培训机构","typecode":"141400","pcode":310000,"pname":"上海市","citycode":21,"cityname":"上海市","adcode":310109,"adname":"虹口区","business_a":"七浦路","location":"121.482185,31.249117","tel":"[]","bigType":"科教文化服务","midType":"培训机构","smallType":"培训机构","gcj_lng":121.482185,"gcj_lat":31.249117,"wgs84_loc":"121.477689,31.251075","wgs84Lng":"121.477689","wgs84Lat":"31.251075","__source_file__":"13-常用公服设施点/SHP/上海市_培训机构.shp"},"geometry":{"type":"Point","coordinates":[121.477689,31.251075]}},{"id":"17541","type":"Feature","properties":{"id":"B0FFHO7VN7","name":"六维留学","address":"四川北路地铁站3号口步行60米","type":"科教文化服务;培训机构;培训机构","typecode":"141400","pcode":310000,"pname":"上海市","citycode":21,"cityname":"上海市","adcode":310109,"adname":"虹口区","business_a":"宝山路","location":"121.483357,31.251833","tel":"021-61557041","bigType":"科教文化服务","midType":"培训机构","smallType":"培训机构","gcj_lng":121.483357,"gcj_lat":31.251833,"wgs84_loc":"121.478865,31.253793","wgs84Lng":"121.478865","wgs84Lat":"31.253793","__source_file__":"13-常用公服设施点/SHP/上海市_培训机构.shp"},"geometry":{"type":"Point","coordinates":[121.478865,31.253793]}},{"id":"5648","type":"Feature","properties":{"id":"B0FFG10KUT","name":"上海市虹口区棋类协会培训点","address":"中州路10号附近","type":"科教文化服务;培训机构;培训机构","typecode":"141400","pcode":310000,"pname":"上海市","citycode":21,"cityname":"上海市","adcode":310109,"adname":"虹口区","business_a":"宝山路","location":"121.483739,31.252026","tel":"[]","bigType":"科教文化服务","midType":"培训机构","smallType":"培训机构","gcj_lng":121.483739,"gcj_lat":31.252026,"wgs84_loc":"121.479248,31.253987","wgs84Lng":"121.479248","wgs84Lat":"31.253987","__source_file__":"13-常用公服设施点/SHP/上海市_培训机构.shp"},"geometry":{"type":"Point","coordinates":[121.479248,31.253987]}},{"id":"5650","type":"Feature","properties":{"id":"B0G2MKUBT4","name":"E57xFEVER舞蹈工作室（虹口区）","address":"四川北路壹丰广场F2","type":"科教文化服务;培训机构;培训机构","typecode":"141400","pcode":310000,"pname":"上海市","citycode":21,"cityname":"上海市","adcode":310109,"adname":"虹口区","business_a":"宝山路","location":"121.483575,31.252803","tel":"15601618977","bigType":"科教文化服务","midType":"培训机构","smallType":"培训机构","gcj_lng":121.483575,"gcj_lat":31.252803,"wgs84_loc":"121.479083,31.254763","wgs84Lng":"121.479083","wgs84Lat":"31.254763","__source_file__":"13-常用公服设施点/SHP/上海市_培训机构.shp"},"geometry":{"type":"Point","coordinates":[121.479083,31.254763]}},{"id":"10855","type":"Feature","properties":{"id":"B0G39LR8OH","name":"E57xFEVER舞蹈工作室(虹口店)","address":"四川北路1363号壹丰广场L2","type":"科教文化服务;培训机构;培训机构","typecode":"141400","pcode":310000,"pname":"上海市","citycode":21,"cityname":"上海市","adcode":310109,"adname":"虹口区","business_a":"宝山路","location":"121.483575,31.252803","tel":"15601618977","bigType":"科教文化服务","midType":"培训机构","smallType":"培训机构","gcj_lng":121.483575,"gcj_lat":31.252803,"wgs84_loc":"121.479083,31.254763","wgs84Lng":"121.479083","wgs84Lat":"31.254763","__source_file__":"13-常用公服设施点/SHP/上海市_培训机构.shp"},"geometry":{"type":"Point","coordinates":[121.479083,31.254763]}},{"id":"10848","type":"Feature","properties":{"id":"B0FFLCI9R4","name":"汉翔书法教育(虹口四川北路校区)","address":"四川北路1500号106","type":"科教文化服务;培训机构;培训机构","typecode":"141400","pcode":310000,"pname":"上海市","citycode":21,"cityname":"上海市","adcode":310109,"adname":"虹口区","business_a":"宝山路","location":"121.483505,31.255006","tel":"4006660232","bigType":"科教文化服务","midType":"培训机构","smallType":"培训机构","gcj_lng":121.483505,"gcj_lat":31.255006,"wgs84_loc":"121.479013,31.256965","wgs84Lng":"121.479013","wgs84Lat":"31.256965","__source_file__":"13-常用公服设施点/SHP/上海市_培训机构.shp"},"geometry":{"type":"Point","coordinates":[121.479013,31.256965]}},{"id":"6449","type":"Feature","properties":{"id":"B0FFK6UJKF","name":"四川北路街道社区党校永德教学点","address":"川公路与新广路交叉口东北约140米","type":"科教文化服务;培训机构;培训机构","typecode":"141400","pcode":310000,"pname":"上海市","citycode":21,"cityname":"上海市","adcode":310109,"adname":"虹口区","business_a":"宝山路","location":"121.481324,31.256675","tel":"[]","bigType":"科教文化服务","midType":"培训机构","smallType":"培训机构","gcj_lng":121.481324,"gcj_lat":31.256675,"wgs84_loc":"121.476824,31.258627","wgs84Lng":"121.476824","wgs84Lat":"31.258627","__source_file__":"13-常用公服设施点/SHP/上海市_培训机构.shp"},"geometry":{"type":"Point","coordinates":[121.476824,31.258627]}},{"id":"9442","type":"Feature","properties":{"id":"B0FFFQ7VRN","name":"加米艺术(凯鸿广场)","address":"四川北路1661号艾尚天地F3层","type":"科教文化服务;培训机构;培训机构","typecode":"141400","pcode":310000,"pname":"上海市","citycode":21,"cityname":"上海市","adcode":310109,"adname":"虹口区","business_a":"宝山路","location":"121.482317,31.256743","tel":"021-61720240","bigType":"科教文化服务","midType":"培训机构","smallType":"培训机构","gcj_lng":121.482317,"gcj_lat":31.256743,"wgs84_loc":"121.477821,31.258698","wgs84Lng":"121.477821","wgs84Lat":"31.258698","__source_file__":"13-常用公服设施点/SHP/上海市_培训机构.shp"},"geometry":{"type":"Point","coordinates":[121.477821,31.258698]}},{"id":"10774","type":"Feature","properties":{"id":"B0I6SH78NM","name":"瑜音社","address":"四川北路989弄今潮848-59号101瑜音社","type":"科教文化服务;培训机构;培训机构","typecode":"141400","pcode":310000,"pname":"上海市","citycode":21,"cityname":"上海市","adcode":310109,"adname":"虹口区","business_a":"七浦路","location":"121.483871,31.250757","tel":"021-37691028","bigType":"科教文化服务","midType":"培训机构","smallType":"培训机构","gcj_lng":121.483871,"gcj_lat":31.250757,"wgs84_loc":"121.479381,31.252719","wgs84Lng":"121.479381","wgs84Lat":"31.252719","__source_file__":"13-常用公服设施点/SHP/上海市_培训机构.shp"},"geometry":{"type":"Point","coordinates":[121.479381,31.252719]}},{"id":"16528","type":"Feature","properties":{"id":"B0FFK85GRP","name":"卓越复仁中考复读学校(海宁路校区)","address":"海宁路吴淞路407弄41号","type":"科教文化服务;培训机构;培训机构","typecode":"141400","pcode":310000,"pname":"上海市","citycode":21,"cityname":"上海市","adcode":310109,"adname":"虹口区","business_a":"七浦路","location":"121.488401,31.250861","tel":"021-55229299","bigType":"科教文化服务","midType":"培训机构","smallType":"培训机构","gcj_lng":121.488401,"gcj_lat":31.250861,"wgs84_loc":"121.483926,31.252836","wgs84Lng":"121.483926","wgs84Lat":"31.252836","__source_file__":"13-常用公服设施点/SHP/上海市_培训机构.shp"},"geometry":{"type":"Point","coordinates":[121.483926,31.252836]}},{"id":"14771","type":"Feature","properties":{"id":"B0FFKPJPDK","name":"小小地球少儿英语四川北中心(四川北路校区)","address":"武进路289号海泰时代大厦1楼115-117","type":"科教文化服务;培训机构;培训机构","typecode":"141400","pcode":310000,"pname":"上海市","citycode":21,"cityname":"上海市","adcode":310109,"adname":"虹口区","business_a":"七浦路","location":"121.485292,31.251475","tel":"[]","bigType":"科教文化服务","midType":"培训机构","smallType":"培训机构","gcj_lng":121.485292,"gcj_lat":31.251475,"wgs84_loc":"121.480806,31.253441","wgs84Lng":"121.480806","wgs84Lat":"31.253441","__source_file__":"13-常用公服设施点/SHP/上海市_培训机构.shp"},"geometry":{"type":"Point","coordinates":[121.480806,31.253441]}},{"id":"10915","type":"Feature","properties":{"id":"B0G1LR650U","name":"达赫德语","address":"武进路289号海泰时代大厦2楼210室","type":"科教文化服务;培训机构;培训机构","typecode":"141400","pcode":310000,"pname":"上海市","citycode":21,"cityname":"上海市","adcode":310109,"adname":"虹口区","business_a":"七浦路","location":"121.485399,31.251549","tel":"16601841945","bigType":"科教文化服务","midType":"培训机构","smallType":"培训机构","gcj_lng":121.485399,"gcj_lat":31.251549,"wgs84_loc":"121.480914,31.253515","wgs84Lng":"121.480914","wgs84Lat":"31.253515","__source_file__":"13-常用公服设施点/SHP/上海市_培训机构.shp"},"geometry":{"type":"Point","coordinates":[121.480914,31.253515]}},{"id":"11039","type":"Feature","properties":{"id":"B0IGBCNVWK","name":"每睿教育科技","address":"武进路289号海泰时代大厦7层","type":"科教文化服务;培训机构;培训机构","typecode":"141400","pcode":310000,"pname":"上海市","citycode":21,"cityname":"上海市","adcode":310109,"adname":"虹口区","business_a":"七浦路","location":"121.485437,31.251623","tel":"[]","bigType":"科教文化服务","midType":"培训机构","smallType":"培训机构","gcj_lng":121.485437,"gcj_lat":31.251623,"wgs84_loc":"121.480952,31.253589","wgs84Lng":"121.480952","wgs84Lat":"31.253589","__source_file__":"13-常用公服设施点/SHP/上海市_培训机构.shp"},"geometry":{"type":"Point","coordinates":[121.480952,31.253589]}},{"id":"18518","type":"Feature","properties":{"id":"B0J6GSGV8U","name":"天声音乐(虹口区)","address":"海泰时代大厦1708(四川北路地铁站2号口步行150米)","type":"科教文化服务;培训机构;培训机构","typecode":"141400","pcode":310000,"pname":"上海市","citycode":21,"cityname":"上海市","adcode":310109,"adname":"虹口区","business_a":"七浦路","location":"121.485442,31.251648","tel":"13764769240","bigType":"科教文化服务","midType":"培训机构","smallType":"培训机构","gcj_lng":121.485442,"gcj_lat":31.251648,"wgs84_loc":"121.480957,31.253614","wgs84Lng":"121.480957","wgs84Lat":"31.253614","__source_file__":"13-常用公服设施点/SHP/上海市_培训机构.shp"},"geometry":{"type":"Point","coordinates":[121.480957,31.253614]}},{"id":"11073","type":"Feature","properties":{"id":"B0G3ZBN99J","name":"会绎英语Yi&e Studio","address":"武进路289号海泰时代大厦801室","type":"科教文化服务;培训机构;培训机构","typecode":"141400","pcode":310000,"pname":"上海市","citycode":21,"cityname":"上海市","adcode":310109,"adname":"虹口区","business_a":"七浦路","location":"121.485355,31.251677","tel":"[]","bigType":"科教文化服务","midType":"培训机构","smallType":"培训机构","gcj_lng":121.485355,"gcj_lat":31.251677,"wgs84_loc":"121.48087,31.253643","wgs84Lng":"121.48087","wgs84Lat":"31.253643","__source_file__":"13-常用公服设施点/SHP/上海市_培训机构.shp"},"geometry":{"type":"Point","coordinates":[121.48087,31.253643]}},{"id":"16741","type":"Feature","properties":{"id":"B0GU1RYGKJ","name":"In time自习室","address":"海泰时代大厦323室(武进路289号)","type":"科教文化服务;培训机构;培训机构","typecode":"141400","pcode":310000,"pname":"上海市","citycode":21,"cityname":"上海市","adcode":310109,"adname":"虹口区","business_a":"七浦路","location":"121.485307,31.251751","tel":"13501826192","bigType":"科教文化服务","midType":"培训机构","smallType":"培训机构","gcj_lng":121.485307,"gcj_lat":31.251751,"wgs84_loc":"121.480821,31.253716","wgs84Lng":"121.480821","wgs84Lat":"31.253716","__source_file__":"13-常用公服设施点/SHP/上海市_培训机构.shp"},"geometry":{"type":"Point","coordinates":[121.480821,31.253716]}},{"id":"10993","type":"Feature","properties":{"id":"B0FFFDJGPC","name":"CIBO EDU西博海外教育","address":"武进路289号海泰时代大厦16层1608-1609室","type":"科教文化服务;培训机构;培训机构","typecode":"141400","pcode":310000,"pname":"上海市","citycode":21,"cityname":"上海市","adcode":310109,"adname":"虹口区","business_a":"七浦路","location":"121.485300,31.251790","tel":"18001978895","bigType":"科教文化服务","midType":"培训机构","smallType":"培训机构","gcj_lng":121.4853,"gcj_lat":31.25179,"wgs84_loc":"121.480814,31.253755","wgs84Lng":"121.480814","wgs84Lat":"31.253755","__source_file__":"13-常用公服设施点/SHP/上海市_培训机构.shp"},"geometry":{"type":"Point","coordinates":[121.480814,31.253755]}},{"id":"11005","type":"Feature","properties":{"id":"B0H0FCLTL4","name":"百辰教育小初高个性化培训","address":"四川北路壹丰广场","type":"科教文化服务;培训机构;培训机构","typecode":"141400","pcode":310000,"pname":"上海市","citycode":21,"cityname":"上海市","adcode":310109,"adname":"虹口区","business_a":"宝山路","location":"121.484004,31.252870","tel":"[]","bigType":"科教文化服务","midType":"培训机构","smallType":"培训机构","gcj_lng":121.484004,"gcj_lat":31.25287,"wgs84_loc":"121.479514,31.254831","wgs84Lng":"121.479514","wgs84Lat":"31.254831","__source_file__":"13-常用公服设施点/SHP/上海市_培训机构.shp"},"geometry":{"type":"Point","coordinates":[121.479514,31.254831]}},{"id":"16226","type":"Feature","properties":{"id":"B0FFHNXR4D","name":"瑞思英语(利通广场校区)","address":"四川北路1350号利通广场1层113室","type":"科教文化服务;培训机构;培训机构","typecode":"141400","pcode":310000,"pname":"上海市","citycode":21,"cityname":"上海市","adcode":310109,"adname":"虹口区","business_a":"宝山路","location":"121.484873,31.252891","tel":"4008988889","bigType":"科教文化服务","midType":"培训机构","smallType":"培训机构","gcj_lng":121.484873,"gcj_lat":31.252891,"wgs84_loc":"121.480386,31.254855","wgs84Lng":"121.480386","wgs84Lat":"31.254855","__source_file__":"13-常用公服设施点/SHP/上海市_培训机构.shp"},"geometry":{"type":"Point","coordinates":[121.480386,31.254855]}},{"id":"10940","type":"Feature","properties":{"id":"B0FFL95EOH","name":"安捷伦培训中心(利通广场店)","address":"四川北路街道四川北路1350号利通广场5楼","type":"科教文化服务;培训机构;培训机构","typecode":"141400","pcode":310000,"pname":"上海市","citycode":21,"cityname":"上海市","adcode":310109,"adname":"虹口区","business_a":"宝山路","location":"121.484960,31.252926","tel":"[]","bigType":"科教文化服务","midType":"培训机构","smallType":"培训机构","gcj_lng":121.48496,"gcj_lat":31.252926,"wgs84_loc":"121.480473,31.25489","wgs84Lng":"121.480473","wgs84Lat":"31.25489","__source_file__":"13-常用公服设施点/SHP/上海市_培训机构.shp"},"geometry":{"type":"Point","coordinates":[121.480473,31.25489]}},{"id":"10880","type":"Feature","properties":{"id":"B0HURC4DX6","name":"昂立智立方(虹口校区)","address":"四川北路1350号利通广场F2层","type":"科教文化服务;培训机构;培训机构","typecode":"141400","pcode":310000,"pname":"上海市","citycode":21,"cityname":"上海市","adcode":310109,"adname":"虹口区","business_a":"宝山路","location":"121.484750,31.253051","tel":"4000867910","bigType":"科教文化服务","midType":"培训机构","smallType":"培训机构","gcj_lng":121.48475,"gcj_lat":31.253051,"wgs84_loc":"121.480262,31.255014","wgs84Lng":"121.480262","wgs84Lat":"31.255014","__source_file__":"13-常用公服设施点/SHP/上海市_培训机构.shp"},"geometry":{"type":"Point","coordinates":[121.480262,31.255014]}},{"id":"9449","type":"Feature","properties":{"id":"B0FFHESVDL","name":"北辰教育(虹口四川北路校区)","address":"衡水路200号3楼","type":"科教文化服务;培训机构;培训机构","typecode":"141400","pcode":310000,"pname":"上海市","citycode":21,"cityname":"上海市","adcode":310109,"adname":"虹口区","business_a":"宝山路","location":"121.483848,31.253257","tel":"4000694100","bigType":"科教文化服务","midType":"培训机构","smallType":"培训机构","gcj_lng":121.483848,"gcj_lat":31.253257,"wgs84_loc":"121.479357,31.255218","wgs84Lng":"121.479357","wgs84Lat":"31.255218","__source_file__":"13-常用公服设施点/SHP/上海市_培训机构.shp"},"geometry":{"type":"Point","coordinates":[121.479357,31.255218]}},{"id":"15078","type":"Feature","properties":{"id":"B0FFJO9ZLG","name":"修楼梯","address":"溧阳路649号2号楼","type":"科教文化服务;培训机构;培训机构","typecode":"141400","pcode":310000,"pname":"上海市","citycode":21,"cityname":"上海市","adcode":310109,"adname":"虹口区","business_a":"四平路","location":"121.489986,31.254610","tel":"[]","bigType":"科教文化服务","midType":"培训机构","smallType":"培训机构","gcj_lng":121.489986,"gcj_lat":31.25461,"wgs84_loc":"121.485517,31.256588","wgs84Lng":"121.485517","wgs84Lat":"31.256588","__source_file__":"13-常用公服设施点/SHP/上海市_培训机构.shp"},"geometry":{"type":"Point","coordinates":[121.485517,31.256588]}},{"id":"10902","type":"Feature","properties":{"id":"B0FFGX9P1F","name":"牛班音乐学校(音乐谷校区)","address":"沙泾路29号1933老场坊2号楼","type":"科教文化服务;培训机构;培训机构","typecode":"141400","pcode":310000,"pname":"上海市","citycode":21,"cityname":"上海市","adcode":310109,"adname":"虹口区","business_a":"提篮桥","location":"121.491476,31.254684","tel":"021-63356838;021-63356839;4008880717","bigType":"科教文化服务","midType":"培训机构","smallType":"培训机构","gcj_lng":121.491476,"gcj_lat":31.254684,"wgs84_loc":"121.487012,31.256666","wgs84Lng":"121.487012","wgs84Lat":"31.256666","__source_file__":"13-常用公服设施点/SHP/上海市_培训机构.shp"},"geometry":{"type":"Point","coordinates":[121.487012,31.256666]}},{"id":"10923","type":"Feature","properties":{"id":"B0FFIXV6KM","name":"LAC STUDIO","address":"哈尔滨路160号老洋行1913创业园区C101","type":"科教文化服务;培训机构;培训机构","typecode":"141400","pcode":310000,"pname":"上海市","citycode":21,"cityname":"上海市","adcode":310109,"adname":"虹口区","business_a":"四平路","location":"121.490043,31.255127","tel":"4008635573","bigType":"科教文化服务","midType":"培训机构","smallType":"培训机构","gcj_lng":121.490043,"gcj_lat":31.255127,"wgs84_loc":"121.485574,31.257105","wgs84Lng":"121.485574","wgs84Lat":"31.257105","__source_file__":"13-常用公服设施点/SHP/上海市_培训机构.shp"},"geometry":{"type":"Point","coordinates":[121.485574,31.257105]}},{"id":"10927","type":"Feature","properties":{"id":"B0FFGOA2CT","name":"看见音乐","address":"嘉兴路街道德必老洋行哈尔滨路160号A116","type":"科教文化服务;培训机构;培训机构","typecode":"141400","pcode":310000,"pname":"上海市","citycode":21,"cityname":"上海市","adcode":310109,"adname":"虹口区","business_a":"四平路","location":"121.489846,31.255341","tel":"021-63570107","bigType":"科教文化服务","midType":"培训机构","smallType":"培训机构","gcj_lng":121.489846,"gcj_lat":31.255341,"wgs84_loc":"121.485376,31.257318","wgs84Lng":"121.485376","wgs84Lat":"31.257318","__source_file__":"13-常用公服设施点/SHP/上海市_培训机构.shp"},"geometry":{"type":"Point","coordinates":[121.485376,31.257318]}},{"id":"11099","type":"Feature","properties":{"id":"B0FFG7S0U8","name":"斯芬克国际艺术教育","address":"哈尔滨路160号1913老洋行A座","type":"科教文化服务;培训机构;培训机构","typecode":"141400","pcode":310000,"pname":"上海市","citycode":21,"cityname":"上海市","adcode":310109,"adname":"虹口区","business_a":"四平路","location":"121.488872,31.255363","tel":"4000024006","bigType":"科教文化服务","midType":"培训机构","smallType":"培训机构","gcj_lng":121.488872,"gcj_lat":31.255363,"wgs84_loc":"121.484399,31.257337","wgs84Lng":"121.484399","wgs84Lat":"31.257337","__source_file__":"13-常用公服设施点/SHP/上海市_培训机构.shp"},"geometry":{"type":"Point","coordinates":[121.484399,31.257337]}},{"id":"10884","type":"Feature","properties":{"id":"B0GRXU82TQ","name":"上海致禾研习中心","address":"哈尔滨路160号a106室","type":"科教文化服务;培训机构;培训机构","typecode":"141400","pcode":310000,"pname":"上海市","citycode":21,"cityname":"上海市","adcode":310109,"adname":"虹口区","business_a":"四平路","location":"121.489945,31.255381","tel":"13052502027","bigType":"科教文化服务","midType":"培训机构","smallType":"培训机构","gcj_lng":121.489945,"gcj_lat":31.255381,"wgs84_loc":"121.485475,31.257359","wgs84Lng":"121.485475","wgs84Lat":"31.257359","__source_file__":"13-常用公服设施点/SHP/上海市_培训机构.shp"},"geometry":{"type":"Point","coordinates":[121.485475,31.257359]}},{"id":"132","type":"Feature","properties":{"id":"B0I629IG1K","name":"游泳培训","address":"[]","type":"科教文化服务;培训机构;培训机构","typecode":"141400","pcode":310000,"pname":"上海市","citycode":21,"cityname":"上海市","adcode":310109,"adname":"虹口区","business_a":"提篮桥","location":"121.494046,31.250655","tel":"[]","bigType":"科教文化服务","midType":"培训机构","smallType":"培训机构","gcj_lng":121.494046,"gcj_lat":31.250655,"wgs84_loc":"121.489592,31.252647","wgs84Lng":"121.489592","wgs84Lat":"31.252647","__source_file__":"13-常用公服设施点/SHP/上海市_培训机构.shp"},"geometry":{"type":"Point","coordinates":[121.489592,31.252647]}},{"id":"10792","type":"Feature","properties":{"id":"B0FFK63Y0K","name":"乐融儿童之家早教托育(上海虹口校区)","address":"东余杭路333号融创外滩底商","type":"科教文化服务;培训机构;培训机构","typecode":"141400","pcode":310000,"pname":"上海市","citycode":21,"cityname":"上海市","adcode":310109,"adname":"虹口区","business_a":"北外滩","location":"121.495482,31.252457","tel":"021-55805080","bigType":"科教文化服务","midType":"培训机构","smallType":"培训机构","gcj_lng":121.495482,"gcj_lat":31.252457,"wgs84_loc":"121.491033,31.254452","wgs84Lng":"121.491033","wgs84Lat":"31.254452","__source_file__":"13-常用公服设施点/SHP/上海市_培训机构.shp"},"geometry":{"type":"Point","coordinates":[121.491033,31.254452]}},{"id":"17549","type":"Feature","properties":{"id":"B0FFHWDZ1I","name":"新足迹摄影培训(1933老场坊店)(暂停营业)","address":"溧阳路611号1933老场坊2A","type":"科教文化服务;培训机构;培训机构","typecode":"141400","pcode":310000,"pname":"上海市","citycode":21,"cityname":"上海市","adcode":310109,"adname":"虹口区","business_a":"提篮桥","location":"121.492143,31.254552","tel":"13795226596","bigType":"科教文化服务","midType":"培训机构","smallType":"培训机构","gcj_lng":121.492143,"gcj_lat":31.254552,"wgs84_loc":"121.487681,31.256536","wgs84Lng":"121.487681","wgs84Lat":"31.256536","__source_file__":"13-常用公服设施点/SHP/上海市_培训机构.shp"},"geometry":{"type":"Point","coordinates":[121.487681,31.256536]}},{"id":"10872","type":"Feature","properties":{"id":"B0G3FCLJL3","name":"LIZARD利泽得音乐学院","address":"沙泾路10号1933老场坊1号楼102室","type":"科教文化服务;培训机构;培训机构","typecode":"141400","pcode":310000,"pname":"上海市","citycode":21,"cityname":"上海市","adcode":310109,"adname":"虹口区","business_a":"提篮桥","location":"121.491843,31.254594","tel":"15821361946","bigType":"科教文化服务","midType":"培训机构","smallType":"培训机构","gcj_lng":121.491843,"gcj_lat":31.254594,"wgs84_loc":"121.48738,31.256577","wgs84Lng":"121.48738","wgs84Lat":"31.256577","__source_file__":"13-常用公服设施点/SHP/上海市_培训机构.shp"},"geometry":{"type":"Point","coordinates":[121.48738,31.256577]}},{"id":"10893","type":"Feature","properties":{"id":"B0FFL7E68G","name":"虹口乐圭托育","address":"通州路178号香港丽园1楼外围裙楼(近岳州路)","type":"科教文化服务;培训机构;培训机构","typecode":"141400","pcode":310000,"pname":"上海市","citycode":21,"cityname":"上海市","adcode":310109,"adname":"虹口区","business_a":"提篮桥","location":"121.497633,31.257046","tel":"[]","bigType":"科教文化服务","midType":"培训机构","smallType":"培训机构","gcj_lng":121.497633,"gcj_lat":31.257046,"wgs84_loc":"121.493191,31.259046","wgs84Lng":"121.493191","wgs84Lat":"31.259046","__source_file__":"13-常用公服设施点/SHP/上海市_培训机构.shp"},"geometry":{"type":"Point","coordinates":[121.493191,31.259046]}},{"id":"10795","type":"Feature","properties":{"id":"B0FFJA7T20","name":"百灵鸟少儿艺术团培训中心(国音校区)","address":"辽宁路46号国家音乐产业基地H栋2/3楼","type":"科教文化服务;培训机构;培训机构","typecode":"141400","pcode":310000,"pname":"上海市","citycode":21,"cityname":"上海市","adcode":310109,"adname":"虹口区","business_a":"提篮桥","location":"121.492076,31.257153","tel":"021-61172182;4001821027","bigType":"科教文化服务","midType":"培训机构","smallType":"培训机构","gcj_lng":121.492076,"gcj_lat":31.257153,"wgs84_loc":"121.487614,31.259136","wgs84Lng":"121.487614","wgs84Lat":"31.259136","__source_file__":"13-常用公服设施点/SHP/上海市_培训机构.shp"},"geometry":{"type":"Point","coordinates":[121.487614,31.259136]}},{"id":"11077","type":"Feature","properties":{"id":"B0G22ZRV06","name":"友倾教育虹口校区","address":"海伦路186号","type":"科教文化服务;培训机构;培训机构","typecode":"141400","pcode":310000,"pname":"上海市","citycode":21,"cityname":"上海市","adcode":310109,"adname":"虹口区","business_a":"提篮桥","location":"121.494381,31.257363","tel":"[]","bigType":"科教文化服务","midType":"培训机构","smallType":"培训机构","gcj_lng":121.494381,"gcj_lat":31.257363,"wgs84_loc":"121.489927,31.259353","wgs84Lng":"121.489927","wgs84Lat":"31.259353","__source_file__":"13-常用公服设施点/SHP/上海市_培训机构.shp"},"geometry":{"type":"Point","coordinates":[121.489927,31.259353]}},{"id":"10934","type":"Feature","properties":{"id":"B0HROCJFKY","name":"B&A音乐工作室(钢琴培训)","address":"通州路300号222-A","type":"科教文化服务;培训机构;培训机构","typecode":"141400","pcode":310000,"pname":"上海市","citycode":21,"cityname":"上海市","adcode":310109,"adname":"虹口区","business_a":"提篮桥","location":"121.495592,31.258304","tel":"021-60710917;13061817755","bigType":"科教文化服务","midType":"培训机构","smallType":"培训机构","gcj_lng":121.495592,"gcj_lat":31.258304,"wgs84_loc":"121.491142,31.260297","wgs84Lng":"121.491142","wgs84Lat":"31.260297","__source_file__":"13-常用公服设施点/SHP/上海市_培训机构.shp"},"geometry":{"type":"Point","coordinates":[121.491142,31.260297]}},{"id":"10907","type":"Feature","properties":{"id":"B0HDU5JJ78","name":"众书携青少年特色书法练字空间(虹口旗舰校区)","address":"通州路300号217室","type":"科教文化服务;培训机构;培训机构","typecode":"141400","pcode":310000,"pname":"上海市","citycode":21,"cityname":"上海市","adcode":310109,"adname":"虹口区","business_a":"四平路","location":"121.495546,31.258347","tel":"[]","bigType":"科教文化服务","midType":"培训机构","smallType":"培训机构","gcj_lng":121.495546,"gcj_lat":31.258347,"wgs84_loc":"121.491096,31.26034","wgs84Lng":"121.491096","wgs84Lat":"31.26034","__source_file__":"13-常用公服设施点/SHP/上海市_培训机构.shp"},"geometry":{"type":"Point","coordinates":[121.491096,31.26034]}},{"id":"17085","type":"Feature","properties":{"id":"B0FFK9JLV7","name":"MZ Florist花艺培训学校","address":"哈尔滨路与辽宁路交叉口西南40米","type":"科教文化服务;培训机构;培训机构","typecode":"141400","pcode":310000,"pname":"上海市","citycode":21,"cityname":"上海市","adcode":310109,"adname":"虹口区","business_a":"四平路","location":"121.490060,31.255540","tel":"[]","bigType":"科教文化服务","midType":"培训机构","smallType":"培训机构","gcj_lng":121.49006,"gcj_lat":31.25554,"wgs84_loc":"121.485591,31.257518","wgs84Lng":"121.485591","wgs84Lat":"31.257518","__source_file__":"13-常用公服设施点/SHP/上海市_培训机构.shp"},"geometry":{"type":"Point","coordinates":[121.485591,31.257518]}},{"id":"11089","type":"Feature","properties":{"id":"B0FFK2QOZX","name":"双子煌音乐工作室","address":"哈尔滨路155号附近","type":"科教文化服务;培训机构;培训机构","typecode":"141400","pcode":310000,"pname":"上海市","citycode":21,"cityname":"上海市","adcode":310109,"adname":"虹口区","business_a":"四平路","location":"121.489461,31.255669","tel":"[]","bigType":"科教文化服务","midType":"培训机构","smallType":"培训机构","gcj_lng":121.489461,"gcj_lat":31.255669,"wgs84_loc":"121.48499,31.257645","wgs84Lng":"121.48499","wgs84Lat":"31.257645","__source_file__":"13-常用公服设施点/SHP/上海市_培训机构.shp"},"geometry":{"type":"Point","coordinates":[121.48499,31.257645]}},{"id":"10991","type":"Feature","properties":{"id":"B0FFGMLYL8","name":"牧野国际音乐(上海)中心","address":"辽宁路46号(国家音乐产业基地B座)","type":"科教文化服务;培训机构;培训机构","typecode":"141400","pcode":310000,"pname":"上海市","citycode":21,"cityname":"上海市","adcode":310109,"adname":"虹口区","business_a":"提篮桥","location":"121.491767,31.256805","tel":"021-60735182;021-60735180","bigType":"科教文化服务","midType":"培训机构","smallType":"培训机构","gcj_lng":121.491767,"gcj_lat":31.256805,"wgs84_loc":"121.487304,31.258787","wgs84Lng":"121.487304","wgs84Lat":"31.258787","__source_file__":"13-常用公服设施点/SHP/上海市_培训机构.shp"},"geometry":{"type":"Point","coordinates":[121.487304,31.258787]}},{"id":"11063","type":"Feature","properties":{"id":"B0H3H7Z2LT","name":"百灵鸟音乐","address":"海伦路与辽宁路交叉口西约80米","type":"科教文化服务;培训机构;培训机构","typecode":"141400","pcode":310000,"pname":"上海市","citycode":21,"cityname":"上海市","adcode":310109,"adname":"虹口区","business_a":"四平路","location":"121.491555,31.257152","tel":"[]","bigType":"科教文化服务","midType":"培训机构","smallType":"培训机构","gcj_lng":121.491555,"gcj_lat":31.257152,"wgs84_loc":"121.487091,31.259134","wgs84Lng":"121.487091","wgs84Lat":"31.259134","__source_file__":"13-常用公服设施点/SHP/上海市_培训机构.shp"},"geometry":{"type":"Point","coordinates":[121.487091,31.259134]}},{"id":"2491","type":"Feature","properties":{"id":"B0H1JHPYJR","name":"上海CA舞蹈","address":"东宝兴路157号精武大厦3楼","type":"科教文化服务;培训机构;培训机构","typecode":"141400","pcode":310000,"pname":"上海市","citycode":21,"cityname":"上海市","adcode":310109,"adname":"虹口区","business_a":"宝山路","location":"121.483846,31.257618","tel":"021-63068392;15502176697","bigType":"科教文化服务","midType":"培训机构","smallType":"培训机构","gcj_lng":121.483846,"gcj_lat":31.257618,"wgs84_loc":"121.479355,31.259577","wgs84Lng":"121.479355","wgs84Lat":"31.259577","__source_file__":"13-常用公服设施点/SHP/上海市_培训机构.shp"},"geometry":{"type":"Point","coordinates":[121.479355,31.259577]}},{"id":"2492","type":"Feature","properties":{"id":"B0H3YC71OJ","name":"育儿教育","address":"东宝兴路157号精武大厦九楼","type":"科教文化服务;培训机构;培训机构","typecode":"141400","pcode":310000,"pname":"上海市","citycode":21,"cityname":"上海市","adcode":310109,"adname":"虹口区","business_a":"宝山路","location":"121.483819,31.257643","tel":"[]","bigType":"科教文化服务","midType":"培训机构","smallType":"培训机构","gcj_lng":121.483819,"gcj_lat":31.257643,"wgs84_loc":"121.479328,31.259602","wgs84Lng":"121.479328","wgs84Lat":"31.259602","__source_file__":"13-常用公服设施点/SHP/上海市_培训机构.shp"},"geometry":{"type":"Point","coordinates":[121.479328,31.259602]}},{"id":"11102","type":"Feature","properties":{"id":"B001575138","name":"徐滨舞蹈工作室(东宝兴路店)","address":"四川北路1702弄30号精武大厦803、805室","type":"科教文化服务;培训机构;培训机构","typecode":"141400","pcode":310000,"pname":"上海市","citycode":21,"cityname":"上海市","adcode":310109,"adname":"虹口区","business_a":"宝山路","location":"121.483826,31.257656","tel":"[]","bigType":"科教文化服务","midType":"培训机构","smallType":"培训机构","gcj_lng":121.483826,"gcj_lat":31.257656,"wgs84_loc":"121.479335,31.259615","wgs84Lng":"121.479335","wgs84Lat":"31.259615","__source_file__":"13-常用公服设施点/SHP/上海市_培训机构.shp"},"geometry":{"type":"Point","coordinates":[121.479335,31.259615]}},{"id":"10802","type":"Feature","properties":{"id":"B0FFGCEIN5","name":"精武学堂","address":"四川北路1702弄32号","type":"科教文化服务;培训机构;培训机构","typecode":"141400","pcode":310000,"pname":"上海市","citycode":21,"cityname":"上海市","adcode":310109,"adname":"虹口区","business_a":"宝山路","location":"121.483863,31.257704","tel":"[]","bigType":"科教文化服务","midType":"培训机构","smallType":"培训机构","gcj_lng":121.483863,"gcj_lat":31.257704,"wgs84_loc":"121.479372,31.259663","wgs84Lng":"121.479372","wgs84Lat":"31.259663","__source_file__":"13-常用公服设施点/SHP/上海市_培训机构.shp"},"geometry":{"type":"Point","coordinates":[121.479372,31.259663]}},{"id":"17552","type":"Feature","properties":{"id":"B0G3JX8YXW","name":"掌门1对1教育旗舰店(上海分店)","address":"四平路96号海伦路金融街海伦中心F栋101","type":"科教文化服务;培训机构;培训机构","typecode":"141400","pcode":310000,"pname":"上海市","citycode":21,"cityname":"上海市","adcode":310109,"adname":"虹口区","business_a":"四平路","location":"121.489203,31.258069","tel":"021-10108868","bigType":"科教文化服务","midType":"培训机构","smallType":"培训机构","gcj_lng":121.489203,"gcj_lat":31.258069,"wgs84_loc":"121.484731,31.260043","wgs84Lng":"121.484731","wgs84Lat":"31.260043","__source_file__":"13-常用公服设施点/SHP/上海市_培训机构.shp"},"geometry":{"type":"Point","coordinates":[121.484731,31.260043]}},{"id":"10906","type":"Feature","properties":{"id":"B0HG7GI7R1","name":"上海汽车工业(集团)总公司培训中心","address":"同嘉路79号1号楼306室","type":"科教文化服务;培训机构;培训机构","typecode":"141400","pcode":310000,"pname":"上海市","citycode":21,"cityname":"上海市","adcode":310109,"adname":"虹口区","business_a":"四平路","location":"121.491453,31.258844","tel":"021-56660700","bigType":"科教文化服务","midType":"培训机构","smallType":"培训机构","gcj_lng":121.491453,"gcj_lat":31.258844,"wgs84_loc":"121.486989,31.260824","wgs84Lng":"121.486989","wgs84Lat":"31.260824","__source_file__":"13-常用公服设施点/SHP/上海市_培训机构.shp"},"geometry":{"type":"Point","coordinates":[121.486989,31.260824]}},{"id":"10827","type":"Feature","properties":{"id":"B0FFG5AURM","name":"百花学习塾(虹口校区)","address":"四川北路1661号艾尚天地F2层","type":"科教文化服务;培训机构;培训机构","typecode":"141400","pcode":310000,"pname":"上海市","citycode":21,"cityname":"上海市","adcode":310109,"adname":"虹口区","business_a":"宝山路","location":"121.482824,31.257005","tel":"021-66075376;021-66075377","bigType":"科教文化服务","midType":"培训机构","smallType":"培训机构","gcj_lng":121.482824,"gcj_lat":31.257005,"wgs84_loc":"121.478329,31.258961","wgs84Lng":"121.478329","wgs84Lat":"31.258961","__source_file__":"13-常用公服设施点/SHP/上海市_培训机构.shp"},"geometry":{"type":"Point","coordinates":[121.478329,31.258961]}},{"id":"11079","type":"Feature","properties":{"id":"B0G0P5DZ98","name":"中博教育","address":"四川北路高宝大厦1666号","type":"科教文化服务;培训机构;培训机构","typecode":"141400","pcode":310000,"pname":"上海市","citycode":21,"cityname":"上海市","adcode":310109,"adname":"虹口区","business_a":"宝山路","location":"121.483757,31.257212","tel":"021-56371796","bigType":"科教文化服务","midType":"培训机构","smallType":"培训机构","gcj_lng":121.483757,"gcj_lat":31.257212,"wgs84_loc":"121.479266,31.259171","wgs84Lng":"121.479266","wgs84Lat":"31.259171","__source_file__":"13-常用公服设施点/SHP/上海市_培训机构.shp"},"geometry":{"type":"Point","coordinates":[121.479266,31.259171]}},{"id":"14965","type":"Feature","properties":{"id":"B0FFIYLVLN","name":"掌门在线教育","address":"东宝兴路高宝大厦4楼404","type":"科教文化服务;培训机构;培训机构","typecode":"141400","pcode":310000,"pname":"上海市","citycode":21,"cityname":"上海市","adcode":310109,"adname":"虹口区","business_a":"宝山路","location":"121.483452,31.257221","tel":"[]","bigType":"科教文化服务","midType":"培训机构","smallType":"培训机构","gcj_lng":121.483452,"gcj_lat":31.257221,"wgs84_loc":"121.47896,31.259179","wgs84Lng":"121.47896","wgs84Lat":"31.259179","__source_file__":"13-常用公服设施点/SHP/上海市_培训机构.shp"},"geometry":{"type":"Point","coordinates":[121.47896,31.259179]}},{"id":"11110","type":"Feature","properties":{"id":"B0FFK6AUHI","name":"圆熹书院(虹口校区)","address":"四川北路1661号3层317-318室","type":"科教文化服务;培训机构;培训机构","typecode":"141400","pcode":310000,"pname":"上海市","citycode":21,"cityname":"上海市","adcode":310109,"adname":"虹口区","business_a":"宝山路","location":"121.482775,31.257246","tel":"13701957967","bigType":"科教文化服务","midType":"培训机构","smallType":"培训机构","gcj_lng":121.482775,"gcj_lat":31.257246,"wgs84_loc":"121.47828,31.259202","wgs84Lng":"121.47828","wgs84Lat":"31.259202","__source_file__":"13-常用公服设施点/SHP/上海市_培训机构.shp"},"geometry":{"type":"Point","coordinates":[121.47828,31.259202]}},{"id":"10806","type":"Feature","properties":{"id":"B0FFHZWT1A","name":"金砾教育少儿英语(虹口校区)","address":"四川北路1666号高宝大厦三楼","type":"科教文化服务;培训机构;培训机构","typecode":"141400","pcode":310000,"pname":"上海市","citycode":21,"cityname":"上海市","adcode":310109,"adname":"虹口区","business_a":"宝山路","location":"121.483550,31.257295","tel":"13917155933","bigType":"科教文化服务","midType":"培训机构","smallType":"培训机构","gcj_lng":121.48355,"gcj_lat":31.257295,"wgs84_loc":"121.479058,31.259253","wgs84Lng":"121.479058","wgs84Lat":"31.259253","__source_file__":"13-常用公服设施点/SHP/上海市_培训机构.shp"},"geometry":{"type":"Point","coordinates":[121.479058,31.259253]}},{"id":"11086","type":"Feature","properties":{"id":"B0FFLOM2K7","name":"掌门1对1(高宝校区)","address":"东宝兴路高宝大厦4楼","type":"科教文化服务;培训机构;培训机构","typecode":"141400","pcode":310000,"pname":"上海市","citycode":21,"cityname":"上海市","adcode":310109,"adname":"虹口区","business_a":"宝山路","location":"121.483606,31.257319","tel":"[]","bigType":"科教文化服务","midType":"培训机构","smallType":"培训机构","gcj_lng":121.483606,"gcj_lat":31.257319,"wgs84_loc":"121.479114,31.259277","wgs84Lng":"121.479114","wgs84Lat":"31.259277","__source_file__":"13-常用公服设施点/SHP/上海市_培训机构.shp"},"geometry":{"type":"Point","coordinates":[121.479114,31.259277]}},{"id":"14355","type":"Feature","properties":{"id":"B0FFIZFLQ0","name":"掌门人教育","address":"四川北路1666号高宝大厦4楼404","type":"科教文化服务;培训机构;培训机构","typecode":"141400","pcode":310000,"pname":"上海市","citycode":21,"cityname":"上海市","adcode":310109,"adname":"虹口区","business_a":"宝山路","location":"121.483606,31.257320","tel":"[]","bigType":"科教文化服务","midType":"培训机构","smallType":"培训机构","gcj_lng":121.483606,"gcj_lat":31.25732,"wgs84_loc":"121.479114,31.259278","wgs84Lng":"121.479114","wgs84Lat":"31.259278","__source_file__":"13-常用公服设施点/SHP/上海市_培训机构.shp"},"geometry":{"type":"Point","coordinates":[121.479114,31.259278]}},{"id":"10999","type":"Feature","properties":{"id":"B0HKMS9WDU","name":"方广学社","address":"四川北路1661号3楼318室","type":"科教文化服务;培训机构;培训机构","typecode":"141400","pcode":310000,"pname":"上海市","citycode":21,"cityname":"上海市","adcode":310109,"adname":"虹口区","business_a":"宝山路","location":"121.482603,31.257333","tel":"13701957967","bigType":"科教文化服务","midType":"培训机构","smallType":"培训机构","gcj_lng":121.482603,"gcj_lat":31.257333,"wgs84_loc":"121.478108,31.259288","wgs84Lng":"121.478108","wgs84Lat":"31.259288","__source_file__":"13-常用公服设施点/SHP/上海市_培训机构.shp"},"geometry":{"type":"Point","coordinates":[121.478108,31.259288]}},{"id":"13783","type":"Feature","properties":{"id":"B001571KHW","name":"昂立少儿教育(四川北路校区)","address":"四川北路1666号高宝新时代三楼(近东宝兴路)","type":"科教文化服务;培训机构;培训机构","typecode":"141400","pcode":310000,"pname":"上海市","citycode":21,"cityname":"上海市","adcode":310109,"adname":"虹口区","business_a":"宝山路","location":"121.483494,31.257416","tel":"4008816118","bigType":"科教文化服务","midType":"培训机构","smallType":"培训机构","gcj_lng":121.483494,"gcj_lat":31.257416,"wgs84_loc":"121.479002,31.259374","wgs84Lng":"121.479002","wgs84Lat":"31.259374","__source_file__":"13-常用公服设施点/SHP/上海市_培训机构.shp"},"geometry":{"type":"Point","coordinates":[121.479002,31.259374]}},{"id":"2457","type":"Feature","properties":{"id":"B0FFLHEAML","name":"赵汝飞练字硬笔书法(四川北路校区)","address":"凯润商务楼14楼1407室","type":"科教文化服务;培训机构;培训机构","typecode":"141400","pcode":310000,"pname":"上海市","citycode":21,"cityname":"上海市","adcode":310109,"adname":"虹口区","business_a":"宝山路","location":"121.482407,31.257479","tel":"[]","bigType":"科教文化服务","midType":"培训机构","smallType":"培训机构","gcj_lng":121.482407,"gcj_lat":31.257479,"wgs84_loc":"121.477911,31.259434","wgs84Lng":"121.477911","wgs84Lat":"31.259434","__source_file__":"13-常用公服设施点/SHP/上海市_培训机构.shp"},"geometry":{"type":"Point","coordinates":[121.477911,31.259434]}},{"id":"38","type":"Feature","properties":{"id":"B0HRMAI3B1","name":"新东方雅思托福小语种校区","address":"南京东路592号亚太广场4楼","type":"科教文化服务;培训机构;培训机构","typecode":"141400","pcode":310000,"pname":"上海市","citycode":21,"cityname":"上海市","adcode":310101,"adname":"黄浦区","business_a":"北京东路","location":"121.479094,31.235959","tel":"[]","bigType":"科教文化服务","midType":"培训机构","smallType":"培训机构","gcj_lng":121.479094,"gcj_lat":31.235959,"wgs84_loc":"121.474588,31.237914","wgs84Lng":"121.474588","wgs84Lat":"31.237914","__source_file__":"13-常用公服设施点/SHP/上海市_培训机构.shp"},"geometry":{"type":"Point","coordinates":[121.474588,31.237914]}},{"id":"5449","type":"Feature","properties":{"id":"B0FFKSAXHC","name":"鼎衡教育","address":"天津路475号2楼","type":"科教文化服务;培训机构;培训机构","typecode":"141400","pcode":310000,"pname":"上海市","citycode":21,"cityname":"上海市","adcode":310101,"adname":"黄浦区","business_a":"北京东路","location":"121.477620,31.236109","tel":"021-63355305;15317453876","bigType":"科教文化服务","midType":"培训机构","smallType":"培训机构","gcj_lng":121.47762,"gcj_lat":31.236109,"wgs84_loc":"121.473109,31.238059","wgs84Lng":"121.473109","wgs84Lat":"31.238059","__source_file__":"13-常用公服设施点/SHP/上海市_培训机构.shp"},"geometry":{"type":"Point","coordinates":[121.473109,31.238059]}},{"id":"5453","type":"Feature","properties":{"id":"B0FFJ9PKNW","name":"众领教育","address":"浙江中路400号春申江大厦602室","type":"科教文化服务;培训机构;培训机构","typecode":"141400","pcode":310000,"pname":"上海市","citycode":21,"cityname":"上海市","adcode":310101,"adname":"黄浦区","business_a":"北京东路","location":"121.478172,31.236254","tel":"[]","bigType":"科教文化服务","midType":"培训机构","smallType":"培训机构","gcj_lng":121.478172,"gcj_lat":31.236254,"wgs84_loc":"121.473663,31.238206","wgs84Lng":"121.473663","wgs84Lat":"31.238206","__source_file__":"13-常用公服设施点/SHP/上海市_培训机构.shp"},"geometry":{"type":"Point","coordinates":[121.473663,31.238206]}},{"id":"5282","type":"Feature","properties":{"id":"B0FFLF60BD","name":"华师教育","address":"浙江中路398-400号907室","type":"科教文化服务;培训机构;培训机构","typecode":"141400","pcode":310000,"pname":"上海市","citycode":21,"cityname":"上海市","adcode":310101,"adname":"黄浦区","business_a":"北京东路","location":"121.478166,31.236254","tel":"13818186714","bigType":"科教文化服务","midType":"培训机构","smallType":"培训机构","gcj_lng":121.478166,"gcj_lat":31.236254,"wgs84_loc":"121.473657,31.238206","wgs84Lng":"121.473657","wgs84Lat":"31.238206","__source_file__":"13-常用公服设施点/SHP/上海市_培训机构.shp"},"geometry":{"type":"Point","coordinates":[121.473657,31.238206]}},{"id":"5392","type":"Feature","properties":{"id":"B0FFK0K7CF","name":"爱上美妆学校","address":"浙江中路398-400号春申江大厦11楼1112室","type":"科教文化服务;培训机构;培训机构","typecode":"141400","pcode":310000,"pname":"上海市","citycode":21,"cityname":"上海市","adcode":310101,"adname":"黄浦区","business_a":"北京东路","location":"121.478145,31.236285","tel":"13482395627","bigType":"科教文化服务","midType":"培训机构","smallType":"培训机构","gcj_lng":121.478145,"gcj_lat":31.236285,"wgs84_loc":"121.473636,31.238237","wgs84Lng":"121.473636","wgs84Lat":"31.238237","__source_file__":"13-常用公服设施点/SHP/上海市_培训机构.shp"},"geometry":{"type":"Point","coordinates":[121.473636,31.238237]}},{"id":"5400","type":"Feature","properties":{"id":"B0FFHGM3JC","name":"上海工艺美术职业技能培训中心","address":"宁波路476号","type":"科教文化服务;培训机构;培训机构","typecode":"141400","pcode":310000,"pname":"上海市","citycode":21,"cityname":"上海市","adcode":310101,"adname":"黄浦区","business_a":"北京东路","location":"121.478389,31.237373","tel":"[]","bigType":"科教文化服务","midType":"培训机构","smallType":"培训机构","gcj_lng":121.478389,"gcj_lat":31.237373,"wgs84_loc":"121.473881,31.239325","wgs84Lng":"121.473881","wgs84Lat":"31.239325","__source_file__":"13-常用公服设施点/SHP/上海市_培训机构.shp"},"geometry":{"type":"Point","coordinates":[121.473881,31.239325]}},{"id":"10839","type":"Feature","properties":{"id":"B0G3Z7TKWW","name":"withflower花艺插花培训","address":"宝山路778号海伦国际701B","type":"科教文化服务;培训机构;培训机构","typecode":"141400","pcode":310000,"pname":"上海市","citycode":21,"cityname":"上海市","adcode":310109,"adname":"虹口区","business_a":"宝山路","location":"121.479447,31.262013","tel":"18721786558","bigType":"科教文化服务","midType":"培训机构","smallType":"培训机构","gcj_lng":121.479447,"gcj_lat":31.262013,"wgs84_loc":"121.47494,31.263957","wgs84Lng":"121.47494","wgs84Lat":"31.263957","__source_file__":"13-常用公服设施点/SHP/上海市_培训机构.shp"},"geometry":{"type":"Point","coordinates":[121.47494,31.263957]}},{"id":"16888","type":"Feature","properties":{"id":"B0G0D7BN80","name":"虹口家政辅导站","address":"宝山路778号海伦国际大厦605室","type":"科教文化服务;培训机构;培训机构","typecode":"141400","pcode":310000,"pname":"上海市","citycode":21,"cityname":"上海市","adcode":310109,"adname":"虹口区","business_a":"宝山路","location":"121.479522,31.262110","tel":"021-63062198","bigType":"科教文化服务","midType":"培训机构","smallType":"培训机构","gcj_lng":121.479522,"gcj_lat":31.26211,"wgs84_loc":"121.475016,31.264054","wgs84Lng":"121.475016","wgs84Lat":"31.264054","__source_file__":"13-常用公服设施点/SHP/上海市_培训机构.shp"},"geometry":{"type":"Point","coordinates":[121.475016,31.264054]}},{"id":"15235","type":"Feature","properties":{"id":"B0FFIK0ZHR","name":"In House吉他培训中心(海伦国际店)","address":"宝山路778号海伦国际大厦301A室(近东宝兴路)","type":"科教文化服务;培训机构;培训机构","typecode":"141400","pcode":310000,"pname":"上海市","citycode":21,"cityname":"上海市","adcode":310109,"adname":"虹口区","business_a":"宝山路","location":"121.479486,31.262219","tel":"13761162934;18817554230","bigType":"科教文化服务","midType":"培训机构","smallType":"培训机构","gcj_lng":121.479486,"gcj_lat":31.262219,"wgs84_loc":"121.474979,31.264163","wgs84Lng":"121.474979","wgs84Lat":"31.264163","__source_file__":"13-常用公服设施点/SHP/上海市_培训机构.shp"},"geometry":{"type":"Point","coordinates":[121.474979,31.264163]}},{"id":"11058","type":"Feature","properties":{"id":"B0HBTG2SB5","name":"北辰教育","address":"横浜路金横小区","type":"科教文化服务;培训机构;培训机构","typecode":"141400","pcode":310000,"pname":"上海市","citycode":21,"cityname":"上海市","adcode":310109,"adname":"虹口区","business_a":"宝山路","location":"121.478602,31.263553","tel":"[]","bigType":"科教文化服务","midType":"培训机构","smallType":"培训机构","gcj_lng":121.478602,"gcj_lat":31.263553,"wgs84_loc":"121.474092,31.265494","wgs84Lng":"121.474092","wgs84Lat":"31.265494","__source_file__":"13-常用公服设施点/SHP/上海市_培训机构.shp"},"geometry":{"type":"Point","coordinates":[121.474092,31.265494]}},{"id":"5918","type":"Feature","properties":{"id":"B0G23MBFCX","name":"笙声教育(中华新路店)","address":"中华新路华天大厦一楼东","type":"科教文化服务;培训机构;培训机构","typecode":"141400","pcode":310000,"pname":"上海市","citycode":21,"cityname":"上海市","adcode":310106,"adname":"静安区","business_a":"和田","location":"121.466459,31.254209","tel":"021-66276277","bigType":"科教文化服务","midType":"培训机构","smallType":"培训机构","gcj_lng":121.466459,"gcj_lat":31.254209,"wgs84_loc":"121.461911,31.256121","wgs84Lng":"121.461911","wgs84Lat":"31.256121","__source_file__":"13-常用公服设施点/SHP/上海市_培训机构.shp"},"geometry":{"type":"Point","coordinates":[121.461911,31.256121]}},{"id":"9266","type":"Feature","properties":{"id":"B0HRZLNR88","name":"DBSWIM深呼吸国际游泳培训(止园路店)","address":"止园路与中华新路交叉口南60米","type":"科教文化服务;培训机构;培训机构","typecode":"141400","pcode":310000,"pname":"上海市","citycode":21,"cityname":"上海市","adcode":310106,"adname":"静安区","business_a":"和田","location":"121.471130,31.255650","tel":"[]","bigType":"科教文化服务","midType":"培训机构","smallType":"培训机构","gcj_lng":121.47113,"gcj_lat":31.25565,"wgs84_loc":"121.466596,31.257574","wgs84Lng":"121.466596","wgs84Lat":"31.257574","__source_file__":"13-常用公服设施点/SHP/上海市_培训机构.shp"},"geometry":{"type":"Point","coordinates":[121.466596,31.257574]}},{"id":"6304","type":"Feature","properties":{"id":"B0I65HCH5Q","name":"米冉音乐","address":"天通庵路168号万科翡翠雅宾利会所负一层","type":"科教文化服务;培训机构;培训机构","typecode":"141400","pcode":310000,"pname":"上海市","citycode":21,"cityname":"上海市","adcode":310106,"adname":"静安区","business_a":"宝山路","location":"121.471614,31.258018","tel":"[]","bigType":"科教文化服务","midType":"培训机构","smallType":"培训机构","gcj_lng":121.471614,"gcj_lat":31.258018,"wgs84_loc":"121.467082,31.259942","wgs84Lng":"121.467082","wgs84Lat":"31.259942","__source_file__":"13-常用公服设施点/SHP/上海市_培训机构.shp"},"geometry":{"type":"Point","coordinates":[121.467082,31.259942]}},{"id":"6166","type":"Feature","properties":{"id":"B0FFKZEZFA","name":"澳迈老师国际课程","address":"天通庵路168号B1","type":"科教文化服务;培训机构;培训机构","typecode":"141400","pcode":310000,"pname":"上海市","citycode":21,"cityname":"上海市","adcode":310106,"adname":"静安区","business_a":"宝山路","location":"121.471623,31.258044","tel":"[]","bigType":"科教文化服务","midType":"培训机构","smallType":"培训机构","gcj_lng":121.471623,"gcj_lat":31.258044,"wgs84_loc":"121.467091,31.259968","wgs84Lng":"121.467091","wgs84Lat":"31.259968","__source_file__":"13-常用公服设施点/SHP/上海市_培训机构.shp"},"geometry":{"type":"Point","coordinates":[121.467091,31.259968]}},{"id":"6071","type":"Feature","properties":{"id":"B0G07R6VEC","name":"上海思晗少儿托管中心","address":"天通庵路151号","type":"科教文化服务;培训机构;培训机构","typecode":"141400","pcode":310000,"pname":"上海市","citycode":21,"cityname":"上海市","adcode":310106,"adname":"静安区","business_a":"和田","location":"121.470834,31.258120","tel":"13585777833","bigType":"科教文化服务","midType":"培训机构","smallType":"培训机构","gcj_lng":121.470834,"gcj_lat":31.25812,"wgs84_loc":"121.466299,31.260042","wgs84Lng":"121.466299","wgs84Lat":"31.260042","__source_file__":"13-常用公服设施点/SHP/上海市_培训机构.shp"},"geometry":{"type":"Point","coordinates":[121.466299,31.260042]}},{"id":"6322","type":"Feature","properties":{"id":"B0HD34NOZY","name":"伍德课堂","address":"天通庵路与通阁路交叉口东约20米","type":"科教文化服务;培训机构;培训机构","typecode":"141400","pcode":310000,"pname":"上海市","citycode":21,"cityname":"上海市","adcode":310106,"adname":"静安区","business_a":"宝山路","location":"121.471481,31.258224","tel":"[]","bigType":"科教文化服务","midType":"培训机构","smallType":"培训机构","gcj_lng":121.471481,"gcj_lat":31.258224,"wgs84_loc":"121.466948,31.260148","wgs84Lng":"121.466948","wgs84Lat":"31.260148","__source_file__":"13-常用公服设施点/SHP/上海市_培训机构.shp"},"geometry":{"type":"Point","coordinates":[121.466948,31.260148]}},{"id":"9358","type":"Feature","properties":{"id":"B0G2UY1H98","name":"益学堂","address":"天通庵路168号","type":"科教文化服务;培训机构;培训机构","typecode":"141400","pcode":310000,"pname":"上海市","citycode":21,"cityname":"上海市","adcode":310106,"adname":"静安区","business_a":"和田","location":"121.472160,31.258276","tel":"[]","bigType":"科教文化服务","midType":"培训机构","smallType":"培训机构","gcj_lng":121.47216,"gcj_lat":31.258276,"wgs84_loc":"121.46763,31.260202","wgs84Lng":"121.46763","wgs84Lat":"31.260202","__source_file__":"13-常用公服设施点/SHP/上海市_培训机构.shp"},"geometry":{"type":"Point","coordinates":[121.46763,31.260202]}},{"id":"6012","type":"Feature","properties":{"id":"B0GKZHA3BO","name":"仰安教育(通阁路校区)","address":"芷江中路与通阁路交叉口西南约40米","type":"科教文化服务;培训机构;培训机构","typecode":"141400","pcode":310000,"pname":"上海市","citycode":21,"cityname":"上海市","adcode":310106,"adname":"静安区","business_a":"宝山路","location":"121.470718,31.259435","tel":"[]","bigType":"科教文化服务","midType":"培训机构","smallType":"培训机构","gcj_lng":121.470718,"gcj_lat":31.259435,"wgs84_loc":"121.466183,31.261356","wgs84Lng":"121.466183","wgs84Lat":"31.261356","__source_file__":"13-常用公服设施点/SHP/上海市_培训机构.shp"},"geometry":{"type":"Point","coordinates":[121.466183,31.261356]}},{"id":"6086","type":"Feature","properties":{"id":"B0G3MDY5ZF","name":"淑君家教","address":"止园路与青云路交叉口东南约100米","type":"科教文化服务;培训机构;培训机构","typecode":"141400","pcode":310000,"pname":"上海市","citycode":21,"cityname":"上海市","adcode":310106,"adname":"静安区","business_a":"和田","location":"121.468399,31.260596","tel":"[]","bigType":"科教文化服务","midType":"培训机构","smallType":"培训机构","gcj_lng":121.468399,"gcj_lat":31.260596,"wgs84_loc":"121.463856,31.262511","wgs84Lng":"121.463856","wgs84Lat":"31.262511","__source_file__":"13-常用公服设施点/SHP/上海市_培训机构.shp"},"geometry":{"type":"Point","coordinates":[121.463856,31.262511]}},{"id":"16517","type":"Feature","properties":{"id":"B0FFKS9ZFL","name":"椿时尚少儿模特艺术中心","address":"中山北路470号","type":"科教文化服务;培训机构;培训机构","typecode":"141400","pcode":310000,"pname":"上海市","citycode":21,"cityname":"上海市","adcode":310106,"adname":"静安区","business_a":"宝山路","location":"121.467703,31.262810","tel":"17301637719","bigType":"科教文化服务","midType":"培训机构","smallType":"培训机构","gcj_lng":121.467703,"gcj_lat":31.26281,"wgs84_loc":"121.463158,31.264722","wgs84Lng":"121.463158","wgs84Lat":"31.264722","__source_file__":"13-常用公服设施点/SHP/上海市_培训机构.shp"},"geometry":{"type":"Point","coordinates":[121.463158,31.264722]}},{"id":"6332","type":"Feature","properties":{"id":"B0H1URXUJZ","name":"昱字绘画","address":"鸿兴路37号","type":"科教文化服务;培训机构;培训机构","typecode":"141400","pcode":310000,"pname":"上海市","citycode":21,"cityname":"上海市","adcode":310106,"adname":"静安区","business_a":"宝山路","location":"121.476209,31.254480","tel":"[]","bigType":"科教文化服务","midType":"培训机构","smallType":"培训机构","gcj_lng":121.476209,"gcj_lat":31.25448,"wgs84_loc":"121.471692,31.256418","wgs84Lng":"121.471692","wgs84Lat":"31.256418","__source_file__":"13-常用公服设施点/SHP/上海市_培训机构.shp"},"geometry":{"type":"Point","coordinates":[121.471692,31.256418]}},{"id":"15297","type":"Feature","properties":{"id":"B0FFLCSZFL","name":"童学汇鸿兴校区","address":"鸿兴路37号2楼209室","type":"科教文化服务;培训机构;培训机构","typecode":"141400","pcode":310000,"pname":"上海市","citycode":21,"cityname":"上海市","adcode":310106,"adname":"静安区","business_a":"宝山路","location":"121.476178,31.254492","tel":"17316476142","bigType":"科教文化服务","midType":"培训机构","smallType":"培训机构","gcj_lng":121.476178,"gcj_lat":31.254492,"wgs84_loc":"121.471661,31.25643","wgs84Lng":"121.471661","wgs84Lat":"31.25643","__source_file__":"13-常用公服设施点/SHP/上海市_培训机构.shp"},"geometry":{"type":"Point","coordinates":[121.471661,31.25643]}},{"id":"5084","type":"Feature","properties":{"id":"B0HA7ZZFPW","name":"锦瑟韶音古筝艺术中心","address":"公兴路155号二楼","type":"科教文化服务;培训机构;培训机构","typecode":"141400","pcode":310000,"pname":"上海市","citycode":21,"cityname":"上海市","adcode":310106,"adname":"静安区","business_a":"宝山路","location":"121.474381,31.254508","tel":"17821717982;18918035301","bigType":"科教文化服务","midType":"培训机构","smallType":"培训机构","gcj_lng":121.474381,"gcj_lat":31.254508,"wgs84_loc":"121.469858,31.256441","wgs84Lng":"121.469858","wgs84Lat":"31.256441","__source_file__":"13-常用公服设施点/SHP/上海市_培训机构.shp"},"geometry":{"type":"Point","coordinates":[121.469858,31.256441]}},{"id":"6199","type":"Feature","properties":{"id":"B0FFHU6IDR","name":"薛志贤书画工作室","address":"宝山路466号","type":"科教文化服务;培训机构;培训机构","typecode":"141400","pcode":310000,"pname":"上海市","citycode":21,"cityname":"上海市","adcode":310106,"adname":"静安区","business_a":"宝山路","location":"121.477275,31.257276","tel":"[]","bigType":"科教文化服务","midType":"培训机构","smallType":"培训机构","gcj_lng":121.477275,"gcj_lat":31.257276,"wgs84_loc":"121.472761,31.259216","wgs84Lng":"121.472761","wgs84Lat":"31.259216","__source_file__":"13-常用公服设施点/SHP/上海市_培训机构.shp"},"geometry":{"type":"Point","coordinates":[121.472761,31.259216]}},{"id":"101","type":"Feature","properties":{"id":"B0HRZ5N3JW","name":"呈康体育篮球足球培训","address":"[]","type":"科教文化服务;培训机构;培训机构","typecode":"141400","pcode":310000,"pname":"上海市","citycode":21,"cityname":"上海市","adcode":310106,"adname":"静安区","business_a":"宝山路","location":"121.473961,31.258539","tel":"[]","bigType":"科教文化服务","midType":"培训机构","smallType":"培训机构","gcj_lng":121.473961,"gcj_lat":31.258539,"wgs84_loc":"121.469436,31.260469","wgs84Lng":"121.469436","wgs84Lat":"31.260469","__source_file__":"13-常用公服设施点/SHP/上海市_培训机构.shp"},"geometry":{"type":"Point","coordinates":[121.469436,31.260469]}},{"id":"6033","type":"Feature","properties":{"id":"B0FFK295J5","name":"功夫DJ","address":"中兴路373号","type":"科教文化服务;培训机构;培训机构","typecode":"141400","pcode":310000,"pname":"上海市","citycode":21,"cityname":"上海市","adcode":310106,"adname":"静安区","business_a":"宝山路","location":"121.475675,31.258541","tel":"[]","bigType":"科教文化服务","midType":"培训机构","smallType":"培训机构","gcj_lng":121.475675,"gcj_lat":31.258541,"wgs84_loc":"121.471156,31.260476","wgs84Lng":"121.471156","wgs84Lat":"31.260476","__source_file__":"13-常用公服设施点/SHP/上海市_培训机构.shp"},"geometry":{"type":"Point","coordinates":[121.471156,31.260476]}},{"id":"5910","type":"Feature","properties":{"id":"B0FFGBX19C","name":"威娜美发培训中心","address":"中兴路373号5楼","type":"科教文化服务;培训机构;培训机构","typecode":"141400","pcode":310000,"pname":"上海市","citycode":21,"cityname":"上海市","adcode":310106,"adname":"静安区","business_a":"宝山路","location":"121.475763,31.258551","tel":"[]","bigType":"科教文化服务","midType":"培训机构","smallType":"培训机构","gcj_lng":121.475763,"gcj_lat":31.258551,"wgs84_loc":"121.471244,31.260486","wgs84Lng":"121.471244","wgs84Lat":"31.260486","__source_file__":"13-常用公服设施点/SHP/上海市_培训机构.shp"},"geometry":{"type":"Point","coordinates":[121.471244,31.260486]}},{"id":"6079","type":"Feature","properties":{"id":"B0FFHCFKVV","name":"舞768舞蹈艺术中心","address":"陆丰路70弄2号楼","type":"科教文化服务;培训机构;培训机构","typecode":"141400","pcode":310000,"pname":"上海市","citycode":21,"cityname":"上海市","adcode":310106,"adname":"静安区","business_a":"宝山路","location":"121.474057,31.259180","tel":"[]","bigType":"科教文化服务","midType":"培训机构","smallType":"培训机构","gcj_lng":121.474057,"gcj_lat":31.25918,"wgs84_loc":"121.469533,31.26111","wgs84Lng":"121.469533","wgs84Lat":"31.26111","__source_file__":"13-常用公服设施点/SHP/上海市_培训机构.shp"},"geometry":{"type":"Point","coordinates":[121.469533,31.26111]}},{"id":"6357","type":"Feature","properties":{"id":"B0FFJYD9CK","name":"上海新静安职业技能培训中心","address":"宝山路584号","type":"科教文化服务;培训机构;培训机构","typecode":"141400","pcode":310000,"pname":"上海市","citycode":21,"cityname":"上海市","adcode":310106,"adname":"静安区","business_a":"宝山路","location":"121.477205,31.259385","tel":"[]","bigType":"科教文化服务","midType":"培训机构","smallType":"培训机构","gcj_lng":121.477205,"gcj_lat":31.259385,"wgs84_loc":"121.472691,31.261324","wgs84Lng":"121.472691","wgs84Lat":"31.261324","__source_file__":"13-常用公服设施点/SHP/上海市_培训机构.shp"},"geometry":{"type":"Point","coordinates":[121.472691,31.261324]}},{"id":"5804","type":"Feature","properties":{"id":"B0HRD7X3TM","name":"上海园睿教育培训有限公司","address":"东宝兴路800号","type":"科教文化服务;培训机构;培训机构","typecode":"141400","pcode":310000,"pname":"上海市","citycode":21,"cityname":"上海市","adcode":310106,"adname":"静安区","business_a":"宝山路","location":"121.474497,31.262831","tel":"17510495388","bigType":"科教文化服务","midType":"培训机构","smallType":"培训机构","gcj_lng":121.474497,"gcj_lat":31.262831,"wgs84_loc":"121.469974,31.264761","wgs84Lng":"121.469974","wgs84Lat":"31.264761","__source_file__":"13-常用公服设施点/SHP/上海市_培训机构.shp"},"geometry":{"type":"Point","coordinates":[121.469974,31.264761]}},{"id":"1578","type":"Feature","properties":{"id":"B0FFKRNC7F","name":"申翼之星少儿足球培训(静安西藏北路店)","address":"中山北路与平型关路交叉口东约80米","type":"科教文化服务;培训机构;培训机构","typecode":"141400","pcode":310000,"pname":"上海市","citycode":21,"cityname":"上海市","adcode":310106,"adname":"静安区","business_a":"和田","location":"121.469555,31.263470","tel":"[]","bigType":"科教文化服务","midType":"培训机构","smallType":"培训机构","gcj_lng":121.469555,"gcj_lat":31.26347,"wgs84_loc":"121.465016,31.265386","wgs84Lng":"121.465016","wgs84Lat":"31.265386","__source_file__":"13-常用公服设施点/SHP/上海市_培训机构.shp"},"geometry":{"type":"Point","coordinates":[121.465016,31.265386]}},{"id":"5053","type":"Feature","properties":{"id":"B0FFIYRT5P","name":"钢琴行盲人调律师二手钢琴品牌新琴","address":"[]","type":"科教文化服务;培训机构;培训机构","typecode":"141400","pcode":310000,"pname":"上海市","citycode":21,"cityname":"上海市","adcode":310106,"adname":"静安区","business_a":"和田","location":"121.468590,31.264184","tel":"[]","bigType":"科教文化服务","midType":"培训机构","smallType":"培训机构","gcj_lng":121.46859,"gcj_lat":31.264184,"wgs84_loc":"121.464048,31.266098","wgs84Lng":"121.464048","wgs84Lat":"31.266098","__source_file__":"13-常用公服设施点/SHP/上海市_培训机构.shp"},"geometry":{"type":"Point","coordinates":[121.464048,31.266098]}},{"id":"5774","type":"Feature","properties":{"id":"B001574UMX","name":"舞蹈工作室","address":"宝山路街道申航大厦","type":"科教文化服务;培训机构;培训机构","typecode":"141400","pcode":310000,"pname":"上海市","citycode":21,"cityname":"上海市","adcode":310106,"adname":"静安区","business_a":"宝山路","location":"121.470485,31.264557","tel":"[]","bigType":"科教文化服务","midType":"培训机构","smallType":"培训机构","gcj_lng":121.470485,"gcj_lat":31.264557,"wgs84_loc":"121.465949,31.266475","wgs84Lng":"121.465949","wgs84Lat":"31.266475","__source_file__":"13-常用公服设施点/SHP/上海市_培训机构.shp"},"geometry":{"type":"Point","coordinates":[121.465949,31.266475]}},{"id":"6010","type":"Feature","properties":{"id":"B0GRNLDIWA","name":"BadykeyKpop韩舞","address":"宝昌路与中山北路交叉口东约60米","type":"科教文化服务;培训机构;培训机构","typecode":"141400","pcode":310000,"pname":"上海市","citycode":21,"cityname":"上海市","adcode":310106,"adname":"静安区","business_a":"和田","location":"121.470592,31.264593","tel":"[]","bigType":"科教文化服务","midType":"培训机构","smallType":"培训机构","gcj_lng":121.470592,"gcj_lat":31.264593,"wgs84_loc":"121.466056,31.266512","wgs84Lng":"121.466056","wgs84Lat":"31.266512","__source_file__":"13-常用公服设施点/SHP/上海市_培训机构.shp"},"geometry":{"type":"Point","coordinates":[121.466056,31.266512]}},{"id":"17447","type":"Feature","properties":{"id":"B0FFIJ5D57","name":"优玘琴行","address":"陈家宅路8号(西藏北路地铁站4号口步行260米)","type":"科教文化服务;培训机构;培训机构","typecode":"141400","pcode":310000,"pname":"上海市","citycode":21,"cityname":"上海市","adcode":310106,"adname":"静安区","business_a":"和田","location":"121.467357,31.265044","tel":"13817289636","bigType":"科教文化服务","midType":"培训机构","smallType":"培训机构","gcj_lng":121.467357,"gcj_lat":31.265044,"wgs84_loc":"121.462811,31.266954","wgs84Lng":"121.462811","wgs84Lat":"31.266954","__source_file__":"13-常用公服设施点/SHP/上海市_培训机构.shp"},"geometry":{"type":"Point","coordinates":[121.462811,31.266954]}},{"id":"11040","type":"Feature","properties":{"id":"B0IG4531GN","name":"房屋托管","address":"[]","type":"科教文化服务;培训机构;培训机构","typecode":"141400","pcode":310000,"pname":"上海市","citycode":21,"cityname":"上海市","adcode":310109,"adname":"虹口区","business_a":"宝山路","location":"121.472359,31.265243","tel":"[]","bigType":"科教文化服务","midType":"培训机构","smallType":"培训机构","gcj_lng":121.472359,"gcj_lat":31.265243,"wgs84_loc":"121.467829,31.267166","wgs84Lng":"121.467829","wgs84Lat":"31.267166","__source_file__":"13-常用公服设施点/SHP/上海市_培训机构.shp"},"geometry":{"type":"Point","coordinates":[121.467829,31.267166]}},{"id":"14361","type":"Feature","properties":{"id":"B0HG0YWTD9","name":"声乐教室","address":"俞泾港路六号三楼","type":"科教文化服务;培训机构;培训机构","typecode":"141400","pcode":310000,"pname":"上海市","citycode":21,"cityname":"上海市","adcode":310106,"adname":"静安区","business_a":"和田","location":"121.466964,31.266293","tel":"[]","bigType":"科教文化服务","midType":"培训机构","smallType":"培训机构","gcj_lng":121.466964,"gcj_lat":31.266293,"wgs84_loc":"121.462417,31.268201","wgs84Lng":"121.462417","wgs84Lat":"31.268201","__source_file__":"13-常用公服设施点/SHP/上海市_培训机构.shp"},"geometry":{"type":"Point","coordinates":[121.462417,31.268201]}},{"id":"5913","type":"Feature","properties":{"id":"B0HUM9WSQ7","name":"柠月自习","address":"俞泾港路与平型关路交叉口西约100米","type":"科教文化服务;培训机构;培训机构","typecode":"141400","pcode":310000,"pname":"上海市","citycode":21,"cityname":"上海市","adcode":310106,"adname":"静安区","business_a":"和田","location":"121.466326,31.266317","tel":"[]","bigType":"科教文化服务","midType":"培训机构","smallType":"培训机构","gcj_lng":121.466326,"gcj_lat":31.266317,"wgs84_loc":"121.461777,31.268224","wgs84Lng":"121.461777","wgs84Lat":"31.268224","__source_file__":"13-常用公服设施点/SHP/上海市_培训机构.shp"},"geometry":{"type":"Point","coordinates":[121.461777,31.268224]}},{"id":"17462","type":"Feature","properties":{"id":"B0FFHJO02G","name":"百灵管乐","address":"俞泾港路与平型关路交叉口西20米","type":"科教文化服务;培训机构;培训机构","typecode":"141400","pcode":310000,"pname":"上海市","citycode":21,"cityname":"上海市","adcode":310106,"adname":"静安区","business_a":"和田","location":"121.467049,31.266574","tel":"[]","bigType":"科教文化服务","midType":"培训机构","smallType":"培训机构","gcj_lng":121.467049,"gcj_lat":31.266574,"wgs84_loc":"121.462502,31.268483","wgs84Lng":"121.462502","wgs84Lat":"31.268483","__source_file__":"13-常用公服设施点/SHP/上海市_培训机构.shp"},"geometry":{"type":"Point","coordinates":[121.462502,31.268483]}},{"id":"5928","type":"Feature","properties":{"id":"B0FFFWUT9K","name":"善玉画室","address":"俞泾港路11号305室(西藏北路,虹口龙之梦,大悦城)","type":"科教文化服务;培训机构;培训机构","typecode":"141400","pcode":310000,"pname":"上海市","citycode":21,"cityname":"上海市","adcode":310106,"adname":"静安区","business_a":"和田","location":"121.466819,31.266605","tel":"13764202018","bigType":"科教文化服务","midType":"培训机构","smallType":"培训机构","gcj_lng":121.466819,"gcj_lat":31.266605,"wgs84_loc":"121.462271,31.268513","wgs84Lng":"121.462271","wgs84Lat":"31.268513","__source_file__":"13-常用公服设施点/SHP/上海市_培训机构.shp"},"geometry":{"type":"Point","coordinates":[121.462271,31.268513]}},{"id":"10974","type":"Feature","properties":{"id":"B0G3AOJECJ","name":"申城国际象棋","address":"横浜路123弄1号楼4F","type":"科教文化服务;培训机构;培训机构","typecode":"141400","pcode":310000,"pname":"上海市","citycode":21,"cityname":"上海市","adcode":310109,"adname":"虹口区","business_a":"宝山路","location":"121.479012,31.263735","tel":"[]","bigType":"科教文化服务","midType":"培训机构","smallType":"培训机构","gcj_lng":121.479012,"gcj_lat":31.263735,"wgs84_loc":"121.474504,31.265677","wgs84Lng":"121.474504","wgs84Lat":"31.265677","__source_file__":"13-常用公服设施点/SHP/上海市_培训机构.shp"},"geometry":{"type":"Point","coordinates":[121.474504,31.265677]}},{"id":"14859","type":"Feature","properties":{"id":"B0FFKCI1QQ","name":"李娇钢琴艺术中心","address":"横浜路131号","type":"科教文化服务;培训机构;培训机构","typecode":"141400","pcode":310000,"pname":"上海市","citycode":21,"cityname":"上海市","adcode":310109,"adname":"虹口区","business_a":"宝山路","location":"121.478766,31.263980","tel":"15021666141;17321195703","bigType":"科教文化服务","midType":"培训机构","smallType":"培训机构","gcj_lng":121.478766,"gcj_lat":31.26398,"wgs84_loc":"121.474257,31.265921","wgs84Lng":"121.474257","wgs84Lat":"31.265921","__source_file__":"13-常用公服设施点/SHP/上海市_培训机构.shp"},"geometry":{"type":"Point","coordinates":[121.474257,31.265921]}},{"id":"319","type":"Feature","properties":{"id":"B0FFF2PLEU","name":"上海晴云色彩化妆培训学校","address":"宝山路888弄2号楼403室(近东江湾路同心路天通庵路路口)","type":"科教文化服务;培训机构;培训机构","typecode":"141400","pcode":310000,"pname":"上海市","citycode":21,"cityname":"上海市","adcode":310109,"adname":"虹口区","business_a":"宝山路","location":"121.479308,31.265345","tel":"021-36539985;4001790741;13817605398","bigType":"科教文化服务","midType":"培训机构","smallType":"培训机构","gcj_lng":121.479308,"gcj_lat":31.265345,"wgs84_loc":"121.474801,31.267287","wgs84Lng":"121.474801","wgs84Lat":"31.267287","__source_file__":"13-常用公服设施点/SHP/上海市_培训机构.shp"},"geometry":{"type":"Point","coordinates":[121.474801,31.267287]}},{"id":"142","type":"Feature","properties":{"id":"B0G2XLPQ9E","name":"森孚机器人教育(虹口中心店)","address":"东江湾路151号绿地创客2楼","type":"科教文化服务;培训机构;培训机构","typecode":"141400","pcode":310000,"pname":"上海市","citycode":21,"cityname":"上海市","adcode":310109,"adname":"虹口区","business_a":"江湾","location":"121.479615,31.266503","tel":"13262252172;13391102801","bigType":"科教文化服务","midType":"培训机构","smallType":"培训机构","gcj_lng":121.479615,"gcj_lat":31.266503,"wgs84_loc":"121.475109,31.268446","wgs84Lng":"121.475109","wgs84Lat":"31.268446","__source_file__":"13-常用公服设施点/SHP/上海市_培训机构.shp"},"geometry":{"type":"Point","coordinates":[121.475109,31.268446]}},{"id":"145","type":"Feature","properties":{"id":"B0FFJJ1Q3G","name":"三立莅学堂(虹口店)","address":"东江湾路与宝山路交叉口北约100米","type":"科教文化服务;培训机构;培训机构","typecode":"141400","pcode":310000,"pname":"上海市","citycode":21,"cityname":"上海市","adcode":310109,"adname":"虹口区","business_a":"江湾","location":"121.479830,31.266669","tel":"[]","bigType":"科教文化服务","midType":"培训机构","smallType":"培训机构","gcj_lng":121.47983,"gcj_lat":31.266669,"wgs84_loc":"121.475324,31.268612","wgs84Lng":"121.475324","wgs84Lat":"31.268612","__source_file__":"13-常用公服设施点/SHP/上海市_培训机构.shp"},"geometry":{"type":"Point","coordinates":[121.475324,31.268612]}},{"id":"167","type":"Feature","properties":{"id":"B0FFG85UHV","name":"高译教育","address":"东江湾路188号空间188创意园c406","type":"科教文化服务;培训机构;培训机构","typecode":"141400","pcode":310000,"pname":"上海市","citycode":21,"cityname":"上海市","adcode":310109,"adname":"虹口区","business_a":"江湾","location":"121.480564,31.266692","tel":"4008005761","bigType":"科教文化服务","midType":"培训机构","smallType":"培训机构","gcj_lng":121.480564,"gcj_lat":31.266692,"wgs84_loc":"121.476061,31.268637","wgs84Lng":"121.476061","wgs84Lat":"31.268637","__source_file__":"13-常用公服设施点/SHP/上海市_培训机构.shp"},"geometry":{"type":"Point","coordinates":[121.476061,31.268637]}},{"id":"11041","type":"Feature","properties":{"id":"B0IG452N4L","name":"房屋托管","address":"[]","type":"科教文化服务;培训机构;培训机构","typecode":"141400","pcode":310000,"pname":"上海市","citycode":21,"cityname":"上海市","adcode":310109,"adname":"虹口区","business_a":"宝山路","location":"121.478087,31.266702","tel":"[]","bigType":"科教文化服务","midType":"培训机构","smallType":"培训机构","gcj_lng":121.478087,"gcj_lat":31.266702,"wgs84_loc":"121.473575,31.26864","wgs84Lng":"121.473575","wgs84Lat":"31.26864","__source_file__":"13-常用公服设施点/SHP/上海市_培训机构.shp"},"geometry":{"type":"Point","coordinates":[121.473575,31.26864]}},{"id":"141","type":"Feature","properties":{"id":"B0FFH4B9B9","name":"汇众教育(虹口VR/AR校区)","address":"东江湾路188号B座1001室","type":"科教文化服务;培训机构;培训机构","typecode":"141400","pcode":310000,"pname":"上海市","citycode":21,"cityname":"上海市","adcode":310109,"adname":"虹口区","business_a":"江湾","location":"121.480453,31.266748","tel":"021-64511900","bigType":"科教文化服务","midType":"培训机构","smallType":"培训机构","gcj_lng":121.480453,"gcj_lat":31.266748,"wgs84_loc":"121.475949,31.268693","wgs84Lng":"121.475949","wgs84Lat":"31.268693","__source_file__":"13-常用公服设施点/SHP/上海市_培训机构.shp"},"geometry":{"type":"Point","coordinates":[121.475949,31.268693]}},{"id":"147","type":"Feature","properties":{"id":"B0HD2NBTDR","name":"SMAS星动·艺声音乐教室(虹口店)","address":"东江湾路155号绿地创客A座5楼516号","type":"科教文化服务;培训机构;培训机构","typecode":"141400","pcode":310000,"pname":"上海市","citycode":21,"cityname":"上海市","adcode":310109,"adname":"虹口区","business_a":"宝山路","location":"121.479497,31.266764","tel":"13020241860","bigType":"科教文化服务","midType":"培训机构","smallType":"培训机构","gcj_lng":121.479497,"gcj_lat":31.266764,"wgs84_loc":"121.47499,31.268706","wgs84Lng":"121.47499","wgs84Lat":"31.268706","__source_file__":"13-常用公服设施点/SHP/上海市_培训机构.shp"},"geometry":{"type":"Point","coordinates":[121.47499,31.268706]}},{"id":"10870","type":"Feature","properties":{"id":"B0H2H1LONA","name":"上海市建智建设人才培训中心","address":"东江湾路加华休闲广场","type":"科教文化服务;培训机构;培训机构","typecode":"141400","pcode":310000,"pname":"上海市","citycode":21,"cityname":"上海市","adcode":310109,"adname":"虹口区","business_a":"宝山路","location":"121.480538,31.266812","tel":"[]","bigType":"科教文化服务","midType":"培训机构","smallType":"培训机构","gcj_lng":121.480538,"gcj_lat":31.266812,"wgs84_loc":"121.476035,31.268757","wgs84Lng":"121.476035","wgs84Lat":"31.268757","__source_file__":"13-常用公服设施点/SHP/上海市_培训机构.shp"},"geometry":{"type":"Point","coordinates":[121.476035,31.268757]}},{"id":"2497","type":"Feature","properties":{"id":"B0FFLF5ZV3","name":"道高儿童成长中心","address":"东宝兴路777号世纪联华超市一楼","type":"科教文化服务;培训机构;培训机构","typecode":"141400","pcode":310000,"pname":"上海市","citycode":21,"cityname":"上海市","adcode":310109,"adname":"虹口区","business_a":"宝山路","location":"121.475172,31.262950","tel":"18721173788","bigType":"科教文化服务","midType":"培训机构","smallType":"培训机构","gcj_lng":121.475172,"gcj_lat":31.26295,"wgs84_loc":"121.470651,31.264882","wgs84Lng":"121.470651","wgs84Lat":"31.264882","__source_file__":"13-常用公服设施点/SHP/上海市_培训机构.shp"},"geometry":{"type":"Point","coordinates":[121.470651,31.264882]}},{"id":"6003","type":"Feature","properties":{"id":"B0HDHYBKB3","name":"蓝心音乐工作室","address":"东宝兴路新湖青蓝国际","type":"科教文化服务;培训机构;培训机构","typecode":"141400","pcode":310000,"pname":"上海市","citycode":21,"cityname":"上海市","adcode":310106,"adname":"静安区","business_a":"宝山路","location":"121.473979,31.263153","tel":"[]","bigType":"科教文化服务","midType":"培训机构","smallType":"培训机构","gcj_lng":121.473979,"gcj_lat":31.263153,"wgs84_loc":"121.469454,31.265081","wgs84Lng":"121.469454","wgs84Lat":"31.265081","__source_file__":"13-常用公服设施点/SHP/上海市_培训机构.shp"},"geometry":{"type":"Point","coordinates":[121.469454,31.265081]}},{"id":"18491","type":"Feature","properties":{"id":"B0KBNSIW4C","name":"学而思素养(东宝兴路校区)","address":"东宝兴路777号宏慧·新里3层315-320室","type":"科教文化服务;培训机构;培训机构","typecode":"141400","pcode":310000,"pname":"上海市","citycode":21,"cityname":"上海市","adcode":310109,"adname":"虹口区","business_a":"宝山路","location":"121.475402,31.263209","tel":"18521771995","bigType":"科教文化服务","midType":"培训机构","smallType":"培训机构","gcj_lng":121.475402,"gcj_lat":31.263209,"wgs84_loc":"121.470882,31.265141","wgs84Lng":"121.470882","wgs84Lat":"31.265141","__source_file__":"13-常用公服设施点/SHP/上海市_培训机构.shp"},"geometry":{"type":"Point","coordinates":[121.470882,31.265141]}},{"id":"16272","type":"Feature","properties":{"id":"B0FFK9M7NI","name":"美华少儿英语(虹口东宝中心)","address":"东宝兴路777号世纪联华一楼F1-05(近芷江中路)","type":"科教文化服务;培训机构;培训机构","typecode":"141400","pcode":310000,"pname":"上海市","citycode":21,"cityname":"上海市","adcode":310109,"adname":"虹口区","business_a":"宝山路","location":"121.475812,31.263388","tel":"4001103479;13661837873","bigType":"科教文化服务","midType":"培训机构","smallType":"培训机构","gcj_lng":121.475812,"gcj_lat":31.263388,"wgs84_loc":"121.471293,31.265321","wgs84Lng":"121.471293","wgs84Lat":"31.265321","__source_file__":"13-常用公服设施点/SHP/上海市_培训机构.shp"},"geometry":{"type":"Point","coordinates":[121.471293,31.265321]}},{"id":"17544","type":"Feature","properties":{"id":"B0FFHRCJ00","name":"d大调舞蹈工作室","address":"恒业路与同鸣路交叉口南80米","type":"科教文化服务;培训机构;培训机构","typecode":"141400","pcode":310000,"pname":"上海市","citycode":21,"cityname":"上海市","adcode":310109,"adname":"虹口区","business_a":"和田","location":"121.476428,31.268394","tel":"[]","bigType":"科教文化服务","midType":"培训机构","smallType":"培训机构","gcj_lng":121.476428,"gcj_lat":31.268394,"wgs84_loc":"121.471911,31.270327","wgs84Lng":"121.471911","wgs84Lat":"31.270327","__source_file__":"13-常用公服设施点/SHP/上海市_培训机构.shp"},"geometry":{"type":"Point","coordinates":[121.471911,31.270327]}},{"id":"11000","type":"Feature","properties":{"id":"B0H6UCSNBP","name":"智卓优享","address":"景祥路与同心路交叉口附近","type":"科教文化服务;培训机构;培训机构","typecode":"141400","pcode":310000,"pname":"上海市","citycode":21,"cityname":"上海市","adcode":310109,"adname":"虹口区","business_a":"和田","location":"121.472984,31.269281","tel":"[]","bigType":"科教文化服务","midType":"培训机构","smallType":"培训机构","gcj_lng":121.472984,"gcj_lat":31.269281,"wgs84_loc":"121.468455,31.271204","wgs84Lng":"121.468455","wgs84Lat":"31.271204","__source_file__":"13-常用公服设施点/SHP/上海市_培训机构.shp"},"geometry":{"type":"Point","coordinates":[121.468455,31.271204]}},{"id":"10996","type":"Feature","properties":{"id":"B0FFH10QUP","name":"京启教育定向辅导中心","address":"花园路66弄嘉和国际大厦1号6楼","type":"科教文化服务;培训机构;培训机构","typecode":"141400","pcode":310000,"pname":"上海市","citycode":21,"cityname":"上海市","adcode":310109,"adname":"虹口区","business_a":"江湾","location":"121.477312,31.269960","tel":"021-61481529","bigType":"科教文化服务","midType":"培训机构","smallType":"培训机构","gcj_lng":121.477312,"gcj_lat":31.26996,"wgs84_loc":"121.472797,31.271895","wgs84Lng":"121.472797","wgs84Lat":"31.271895","__source_file__":"13-常用公服设施点/SHP/上海市_培训机构.shp"},"geometry":{"type":"Point","coordinates":[121.472797,31.271895]}},{"id":"2460","type":"Feature","properties":{"id":"B0FFF9K3T6","name":"韩通韩国语(虹口中心)","address":"花园路84号花园商务楼6层603室","type":"科教文化服务;培训机构;培训机构","typecode":"141400","pcode":310000,"pname":"上海市","citycode":21,"cityname":"上海市","adcode":310109,"adname":"虹口区","business_a":"江湾","location":"121.476527,31.270018","tel":"021-61205822;18201934067","bigType":"科教文化服务","midType":"培训机构","smallType":"培训机构","gcj_lng":121.476527,"gcj_lat":31.270018,"wgs84_loc":"121.47201,31.27195","wgs84Lng":"121.47201","wgs84Lat":"31.27195","__source_file__":"13-常用公服设施点/SHP/上海市_培训机构.shp"},"geometry":{"type":"Point","coordinates":[121.47201,31.27195]}},{"id":"16642","type":"Feature","properties":{"id":"B0FFHUKDG1","name":"思维课程","address":"花园路52号附近","type":"科教文化服务;培训机构;培训机构","typecode":"141400","pcode":310000,"pname":"上海市","citycode":21,"cityname":"上海市","adcode":310109,"adname":"虹口区","business_a":"宝山路","location":"121.477538,31.270039","tel":"[]","bigType":"科教文化服务","midType":"培训机构","smallType":"培训机构","gcj_lng":121.477538,"gcj_lat":31.270039,"wgs84_loc":"121.473024,31.271974","wgs84Lng":"121.473024","wgs84Lat":"31.271974","__source_file__":"13-常用公服设施点/SHP/上海市_培训机构.shp"},"geometry":{"type":"Point","coordinates":[121.473024,31.271974]}},{"id":"10976","type":"Feature","properties":{"id":"B0G064N5T1","name":"快笔书法教育(虹口足球场校区)","address":"花园路66弄1号嘉和国际大厦西楼12层03室(全家旁小路停车场进来)","type":"科教文化服务;培训机构;培训机构","typecode":"141400","pcode":310000,"pname":"上海市","citycode":21,"cityname":"上海市","adcode":310109,"adname":"虹口区","business_a":"和田","location":"121.477440,31.270050","tel":"[]","bigType":"科教文化服务","midType":"培训机构","smallType":"培训机构","gcj_lng":121.47744,"gcj_lat":31.27005,"wgs84_loc":"121.472926,31.271985","wgs84Lng":"121.472926","wgs84Lat":"31.271985","__source_file__":"13-常用公服设施点/SHP/上海市_培训机构.shp"},"geometry":{"type":"Point","coordinates":[121.472926,31.271985]}},{"id":"15573","type":"Feature","properties":{"id":"B0HAU1U3W8","name":"达师教育","address":"东江湾路188号d栋","type":"科教文化服务;培训机构;培训机构","typecode":"141400","pcode":310000,"pname":"上海市","citycode":21,"cityname":"上海市","adcode":310109,"adname":"虹口区","business_a":"江湾","location":"121.480291,31.266839","tel":"[]","bigType":"科教文化服务","midType":"培训机构","smallType":"培训机构","gcj_lng":121.480291,"gcj_lat":31.266839,"wgs84_loc":"121.475787,31.268783","wgs84Lng":"121.475787","wgs84Lat":"31.268783","__source_file__":"13-常用公服设施点/SHP/上海市_培训机构.shp"},"geometry":{"type":"Point","coordinates":[121.475787,31.268783]}},{"id":"169","type":"Feature","properties":{"id":"B0H2A77RHY","name":"上海布菲音乐艺术中心","address":"东江湾路与宝山路交叉口东北约140米","type":"科教文化服务;培训机构;培训机构","typecode":"141400","pcode":310000,"pname":"上海市","citycode":21,"cityname":"上海市","adcode":310109,"adname":"虹口区","business_a":"江湾","location":"121.480607,31.266901","tel":"[]","bigType":"科教文化服务","midType":"培训机构","smallType":"培训机构","gcj_lng":121.480607,"gcj_lat":31.266901,"wgs84_loc":"121.476104,31.268846","wgs84Lng":"121.476104","wgs84Lat":"31.268846","__source_file__":"13-常用公服设施点/SHP/上海市_培训机构.shp"},"geometry":{"type":"Point","coordinates":[121.476104,31.268846]}},{"id":"148","type":"Feature","properties":{"id":"B0FFFZMY1T","name":"雅米拉艺术中心(虹口店)","address":"东江湾路188号C栋2-3楼(虹口足球场)","type":"科教文化服务;培训机构;培训机构","typecode":"141400","pcode":310000,"pname":"上海市","citycode":21,"cityname":"上海市","adcode":310109,"adname":"虹口区","business_a":"江湾","location":"121.480373,31.266915","tel":"021-62496580;021-65876833;13761772777","bigType":"科教文化服务","midType":"培训机构","smallType":"培训机构","gcj_lng":121.480373,"gcj_lat":31.266915,"wgs84_loc":"121.475869,31.26886","wgs84Lng":"121.475869","wgs84Lat":"31.26886","__source_file__":"13-常用公服设施点/SHP/上海市_培训机构.shp"},"geometry":{"type":"Point","coordinates":[121.475869,31.26886]}},{"id":"136","type":"Feature","properties":{"id":"B00155I206","name":"汇众(上海虹口校区)","address":"东江湾路188号D座301室","type":"科教文化服务;培训机构;培训机构","typecode":"141400","pcode":310000,"pname":"上海市","citycode":21,"cityname":"上海市","adcode":310109,"adname":"虹口区","business_a":"江湾","location":"121.480273,31.266952","tel":"15208414871","bigType":"科教文化服务","midType":"培训机构","smallType":"培训机构","gcj_lng":121.480273,"gcj_lat":31.266952,"wgs84_loc":"121.475769,31.268896","wgs84Lng":"121.475769","wgs84Lat":"31.268896","__source_file__":"13-常用公服设施点/SHP/上海市_培训机构.shp"},"geometry":{"type":"Point","coordinates":[121.475769,31.268896]}},{"id":"175","type":"Feature","properties":{"id":"B0G3MR12CV","name":"上海久功培训学校有限公司","address":"东江湾路188号空间188创意产业园C栋1层","type":"科教文化服务;培训机构;培训机构","typecode":"141400","pcode":310000,"pname":"上海市","citycode":21,"cityname":"上海市","adcode":310109,"adname":"虹口区","business_a":"江湾","location":"121.480383,31.266997","tel":"[]","bigType":"科教文化服务","midType":"培训机构","smallType":"培训机构","gcj_lng":121.480383,"gcj_lat":31.266997,"wgs84_loc":"121.475879,31.268942","wgs84Lng":"121.475879","wgs84Lat":"31.268942","__source_file__":"13-常用公服设施点/SHP/上海市_培训机构.shp"},"geometry":{"type":"Point","coordinates":[121.475879,31.268942]}},{"id":"2472","type":"Feature","properties":{"id":"B0FFHGAICY","name":"汇众益智动漫·游戏培训中心","address":"东江湾路188号数字化媒体产业园B座十楼","type":"科教文化服务;培训机构;培训机构","typecode":"141400","pcode":310000,"pname":"上海市","citycode":21,"cityname":"上海市","adcode":310109,"adname":"虹口区","business_a":"江湾","location":"121.480289,31.267009","tel":"[]","bigType":"科教文化服务","midType":"培训机构","smallType":"培训机构","gcj_lng":121.480289,"gcj_lat":31.267009,"wgs84_loc":"121.475785,31.268953","wgs84Lng":"121.475785","wgs84Lat":"31.268953","__source_file__":"13-常用公服设施点/SHP/上海市_培训机构.shp"},"geometry":{"type":"Point","coordinates":[121.475785,31.268953]}},{"id":"140","type":"Feature","properties":{"id":"B0FFF00G30","name":"文广舞之梦(虹口龙之梦店)","address":"东江湾路188号空间188创意产业园","type":"科教文化服务;培训机构;培训机构","typecode":"141400","pcode":310000,"pname":"上海市","citycode":21,"cityname":"上海市","adcode":310109,"adname":"虹口区","business_a":"江湾","location":"121.480303,31.267054","tel":"021-33871971","bigType":"科教文化服务","midType":"培训机构","smallType":"培训机构","gcj_lng":121.480303,"gcj_lat":31.267054,"wgs84_loc":"121.475799,31.268998","wgs84Lng":"121.475799","wgs84Lat":"31.268998","__source_file__":"13-常用公服设施点/SHP/上海市_培训机构.shp"},"geometry":{"type":"Point","coordinates":[121.475799,31.268998]}},{"id":"11010","type":"Feature","properties":{"id":"B0FFFEX2OE","name":"双语作文培训","address":"东江湾路188号","type":"科教文化服务;培训机构;培训机构","typecode":"141400","pcode":310000,"pname":"上海市","citycode":21,"cityname":"上海市","adcode":310109,"adname":"虹口区","business_a":"江湾","location":"121.480283,31.267061","tel":"[]","bigType":"科教文化服务","midType":"培训机构","smallType":"培训机构","gcj_lng":121.480283,"gcj_lat":31.267061,"wgs84_loc":"121.475779,31.269005","wgs84Lng":"121.475779","wgs84Lat":"31.269005","__source_file__":"13-常用公服设施点/SHP/上海市_培训机构.shp"},"geometry":{"type":"Point","coordinates":[121.475779,31.269005]}},{"id":"18379","type":"Feature","properties":{"id":"B0I02UHR57","name":"慧动体育足球篮球培训(虹口足球场店)","address":"同心路1号绿地创客足球场","type":"科教文化服务;培训机构;培训机构","typecode":"141400","pcode":310000,"pname":"上海市","citycode":21,"cityname":"上海市","adcode":310109,"adname":"虹口区","business_a":"宝山路","location":"121.479741,31.267154","tel":"[]","bigType":"科教文化服务","midType":"培训机构","smallType":"培训机构","gcj_lng":121.479741,"gcj_lat":31.267154,"wgs84_loc":"121.475235,31.269097","wgs84Lng":"121.475235","wgs84Lat":"31.269097","__source_file__":"13-常用公服设施点/SHP/上海市_培训机构.shp"},"geometry":{"type":"Point","coordinates":[121.475235,31.269097]}},{"id":"170","type":"Feature","properties":{"id":"B0I6A73SNU","name":"雅力教育","address":"东江湾路151号绿地创客3楼","type":"科教文化服务;培训机构;培训机构","typecode":"141400","pcode":310000,"pname":"上海市","citycode":21,"cityname":"上海市","adcode":310109,"adname":"虹口区","business_a":"江湾","location":"121.479758,31.267256","tel":"[]","bigType":"科教文化服务","midType":"培训机构","smallType":"培训机构","gcj_lng":121.479758,"gcj_lat":31.267256,"wgs84_loc":"121.475252,31.269199","wgs84Lng":"121.475252","wgs84Lat":"31.269199","__source_file__":"13-常用公服设施点/SHP/上海市_培训机构.shp"},"geometry":{"type":"Point","coordinates":[121.475252,31.269199]}},{"id":"151","type":"Feature","properties":{"id":"B001571KTP","name":"学大教育(虹口足球场学习中心)","address":"东江湾路218号1层","type":"科教文化服务;培训机构;培训机构","typecode":"141400","pcode":310000,"pname":"上海市","citycode":21,"cityname":"上海市","adcode":310109,"adname":"虹口区","business_a":"江湾","location":"121.480212,31.267428","tel":"021-51877319;021-63013133;4008768566","bigType":"科教文化服务","midType":"培训机构","smallType":"培训机构","gcj_lng":121.480212,"gcj_lat":31.267428,"wgs84_loc":"121.475707,31.269372","wgs84Lng":"121.475707","wgs84Lat":"31.269372","__source_file__":"13-常用公服设施点/SHP/上海市_培训机构.shp"},"geometry":{"type":"Point","coordinates":[121.475707,31.269372]}},{"id":"15053","type":"Feature","properties":{"id":"B0FFLFTCMA","name":"文育宝贝成长中心(虹口西江湾店)","address":"西江湾路230号C座一楼","type":"科教文化服务;培训机构;培训机构","typecode":"141400","pcode":310000,"pname":"上海市","citycode":21,"cityname":"上海市","adcode":310109,"adname":"虹口区","business_a":"江湾","location":"121.478299,31.268448","tel":"15900731141","bigType":"科教文化服务","midType":"培训机构","smallType":"培训机构","gcj_lng":121.478299,"gcj_lat":31.268448,"wgs84_loc":"121.473788,31.270386","wgs84Lng":"121.473788","wgs84Lat":"31.270386","__source_file__":"13-常用公服设施点/SHP/上海市_培训机构.shp"},"geometry":{"type":"Point","coordinates":[121.473788,31.270386]}},{"id":"14301","type":"Feature","properties":{"id":"B0FFLFT8LL","name":"老约翰绘本馆亲子阅读体验中心","address":"同鸣路与西江湾路交叉口西北40米","type":"科教文化服务;培训机构;培训机构","typecode":"141400","pcode":310000,"pname":"上海市","citycode":21,"cityname":"上海市","adcode":310109,"adname":"虹口区","business_a":"和田","location":"121.478261,31.268460","tel":"[]","bigType":"科教文化服务","midType":"培训机构","smallType":"培训机构","gcj_lng":121.478261,"gcj_lat":31.26846,"wgs84_loc":"121.47375,31.270398","wgs84Lng":"121.47375","wgs84Lat":"31.270398","__source_file__":"13-常用公服设施点/SHP/上海市_培训机构.shp"},"geometry":{"type":"Point","coordinates":[121.47375,31.270398]}},{"id":"11076","type":"Feature","properties":{"id":"B0G25CUBYK","name":"贵梵美学","address":"西江湾路与同鸣路交叉口北40米","type":"科教文化服务;培训机构;培训机构","typecode":"141400","pcode":310000,"pname":"上海市","citycode":21,"cityname":"上海市","adcode":310109,"adname":"虹口区","business_a":"和田","location":"121.478649,31.268573","tel":"[]","bigType":"科教文化服务","midType":"培训机构","smallType":"培训机构","gcj_lng":121.478649,"gcj_lat":31.268573,"wgs84_loc":"121.474139,31.270512","wgs84Lng":"121.474139","wgs84Lat":"31.270512","__source_file__":"13-常用公服设施点/SHP/上海市_培训机构.shp"},"geometry":{"type":"Point","coordinates":[121.474139,31.270512]}},{"id":"10764","type":"Feature","properties":{"id":"B0FFGY8XA9","name":"上海百济韩国语中心(总部)","address":"西江湾路230号一统大厦C座701室","type":"科教文化服务;培训机构;培训机构","typecode":"141400","pcode":310000,"pname":"上海市","citycode":21,"cityname":"上海市","adcode":310109,"adname":"虹口区","business_a":"江湾","location":"121.478151,31.268584","tel":"021-65401102;4001792176","bigType":"科教文化服务","midType":"培训机构","smallType":"培训机构","gcj_lng":121.478151,"gcj_lat":31.268584,"wgs84_loc":"121.473639,31.270522","wgs84Lng":"121.473639","wgs84Lat":"31.270522","__source_file__":"13-常用公服设施点/SHP/上海市_培训机构.shp"},"geometry":{"type":"Point","coordinates":[121.473639,31.270522]}},{"id":"9431","type":"Feature","properties":{"id":"B0GD0H9VHS","name":"江华舞蹈(虹口校区)","address":"西江湾路230号驰名大楼C栋403室","type":"科教文化服务;培训机构;培训机构","typecode":"141400","pcode":310000,"pname":"上海市","citycode":21,"cityname":"上海市","adcode":310109,"adname":"虹口区","business_a":"和田","location":"121.478136,31.268609","tel":"021-51826815;13817063292","bigType":"科教文化服务","midType":"培训机构","smallType":"培训机构","gcj_lng":121.478136,"gcj_lat":31.268609,"wgs84_loc":"121.473624,31.270547","wgs84Lng":"121.473624","wgs84Lat":"31.270547","__source_file__":"13-常用公服设施点/SHP/上海市_培训机构.shp"},"geometry":{"type":"Point","coordinates":[121.473624,31.270547]}},{"id":"10867","type":"Feature","properties":{"id":"B0FFHKYX5B","name":"绘萌创想中心(虹口店)","address":"西江湾路230号驰民大楼C栋601室(虹口龙之梦)","type":"科教文化服务;培训机构;培训机构","typecode":"141400","pcode":310000,"pname":"上海市","citycode":21,"cityname":"上海市","adcode":310109,"adname":"虹口区","business_a":"宝山路","location":"121.478118,31.268623","tel":"021-62506263","bigType":"科教文化服务","midType":"培训机构","smallType":"培训机构","gcj_lng":121.478118,"gcj_lat":31.268623,"wgs84_loc":"121.473606,31.270561","wgs84Lng":"121.473606","wgs84Lat":"31.270561","__source_file__":"13-常用公服设施点/SHP/上海市_培训机构.shp"},"geometry":{"type":"Point","coordinates":[121.473606,31.270561]}},{"id":"16748","type":"Feature","properties":{"id":"B0FFL7ENYM","name":"星芝树舞蹈艺术中心","address":"西江湾路230号C栋402室","type":"科教文化服务;培训机构;培训机构","typecode":"141400","pcode":310000,"pname":"上海市","citycode":21,"cityname":"上海市","adcode":310109,"adname":"虹口区","business_a":"和田","location":"121.478094,31.268651","tel":"[]","bigType":"科教文化服务","midType":"培训机构","smallType":"培训机构","gcj_lng":121.478094,"gcj_lat":31.268651,"wgs84_loc":"121.473582,31.270588","wgs84Lng":"121.473582","wgs84Lat":"31.270588","__source_file__":"13-常用公服设施点/SHP/上海市_培训机构.shp"},"geometry":{"type":"Point","coordinates":[121.473582,31.270588]}},{"id":"165","type":"Feature","properties":{"id":"B0FFHOQBJK","name":"精贝教育","address":"西江湾路230号C座303","type":"科教文化服务;培训机构;培训机构","typecode":"141400","pcode":310000,"pname":"上海市","citycode":21,"cityname":"上海市","adcode":310109,"adname":"虹口区","business_a":"宝山路","location":"121.478649,31.268656","tel":"021-55560335","bigType":"科教文化服务","midType":"培训机构","smallType":"培训机构","gcj_lng":121.478649,"gcj_lat":31.268656,"wgs84_loc":"121.474139,31.270595","wgs84Lng":"121.474139","wgs84Lat":"31.270595","__source_file__":"13-常用公服设施点/SHP/上海市_培训机构.shp"},"geometry":{"type":"Point","coordinates":[121.474139,31.270595]}},{"id":"144","type":"Feature","properties":{"id":"B0FFKYL8KG","name":"劲斗云·永江教育(虹口校区)","address":"西江湾路230号D座2楼","type":"科教文化服务;培训机构;培训机构","typecode":"141400","pcode":310000,"pname":"上海市","citycode":21,"cityname":"上海市","adcode":310109,"adname":"虹口区","business_a":"和田","location":"121.478648,31.268660","tel":"021-61076007;15021592429","bigType":"科教文化服务","midType":"培训机构","smallType":"培训机构","gcj_lng":121.478648,"gcj_lat":31.26866,"wgs84_loc":"121.474138,31.270599","wgs84Lng":"121.474138","wgs84Lat":"31.270599","__source_file__":"13-常用公服设施点/SHP/上海市_培训机构.shp"},"geometry":{"type":"Point","coordinates":[121.474138,31.270599]}},{"id":"5688","type":"Feature","properties":{"id":"B0FFHKQJP1","name":"vv珠宝设计培训制作中心","address":"俞泾港路11号108金赢创意广场金座1516室","type":"科教文化服务;培训机构;培训机构","typecode":"141400","pcode":310000,"pname":"上海市","citycode":21,"cityname":"上海市","adcode":310106,"adname":"静安区","business_a":"和田","location":"121.466150,31.266677","tel":"021-56372656","bigType":"科教文化服务","midType":"培训机构","smallType":"培训机构","gcj_lng":121.46615,"gcj_lat":31.266677,"wgs84_loc":"121.4616,31.268583","wgs84Lng":"121.4616","wgs84Lat":"31.268583","__source_file__":"13-常用公服设施点/SHP/上海市_培训机构.shp"},"geometry":{"type":"Point","coordinates":[121.4616,31.268583]}},{"id":"14239","type":"Feature","properties":{"id":"B0GR2HBA3L","name":"上海音铂培训学校有限公司","address":"平型关路108创意广场12号二楼","type":"科教文化服务;培训机构;培训机构","typecode":"141400","pcode":310000,"pname":"上海市","citycode":21,"cityname":"上海市","adcode":310106,"adname":"静安区","business_a":"和田","location":"121.466637,31.266880","tel":"15618720207","bigType":"科教文化服务","midType":"培训机构","smallType":"培训机构","gcj_lng":121.466637,"gcj_lat":31.26688,"wgs84_loc":"121.462088,31.268787","wgs84Lng":"121.462088","wgs84Lat":"31.268787","__source_file__":"13-常用公服设施点/SHP/上海市_培训机构.shp"},"geometry":{"type":"Point","coordinates":[121.462088,31.268787]}},{"id":"5067","type":"Feature","properties":{"id":"B0HK7AK4ZO","name":"上海艺铂音乐中心","address":"平型关路108创意广场12号","type":"科教文化服务;培训机构;培训机构","typecode":"141400","pcode":310000,"pname":"上海市","citycode":21,"cityname":"上海市","adcode":310106,"adname":"静安区","business_a":"和田","location":"121.466513,31.266898","tel":"[]","bigType":"科教文化服务","midType":"培训机构","smallType":"培训机构","gcj_lng":121.466513,"gcj_lat":31.266898,"wgs84_loc":"121.461964,31.268805","wgs84Lng":"121.461964","wgs84Lat":"31.268805","__source_file__":"13-常用公服设施点/SHP/上海市_培训机构.shp"},"geometry":{"type":"Point","coordinates":[121.461964,31.268805]}},{"id":"15520","type":"Feature","properties":{"id":"B0FFLEXB9K","name":"领英留学","address":"平型关路138号108创意广场银座2楼210号","type":"科教文化服务;培训机构;培训机构","typecode":"141400","pcode":310000,"pname":"上海市","citycode":21,"cityname":"上海市","adcode":310106,"adname":"静安区","business_a":"和田","location":"121.466563,31.267335","tel":"[]","bigType":"科教文化服务","midType":"培训机构","smallType":"培训机构","gcj_lng":121.466563,"gcj_lat":31.267335,"wgs84_loc":"121.462014,31.269242","wgs84Lng":"121.462014","wgs84Lat":"31.269242","__source_file__":"13-常用公服设施点/SHP/上海市_培训机构.shp"},"geometry":{"type":"Point","coordinates":[121.462014,31.269242]}},{"id":"16327","type":"Feature","properties":{"id":"B0FFG7VHP3","name":"京启教育(闸北校区)","address":"平型关路138号金赢108创意广场","type":"科教文化服务;培训机构;培训机构","typecode":"141400","pcode":310000,"pname":"上海市","citycode":21,"cityname":"上海市","adcode":310106,"adname":"静安区","business_a":"和田","location":"121.466666,31.267345","tel":"[]","bigType":"科教文化服务","midType":"培训机构","smallType":"培训机构","gcj_lng":121.466666,"gcj_lat":31.267345,"wgs84_loc":"121.462118,31.269252","wgs84Lng":"121.462118","wgs84Lat":"31.269252","__source_file__":"13-常用公服设施点/SHP/上海市_培训机构.shp"},"geometry":{"type":"Point","coordinates":[121.462118,31.269252]}},{"id":"15241","type":"Feature","properties":{"id":"B0FFF2BFR8","name":"上海G速纹饰美甲时尚造型","address":"平型关路138号金赢108创意广场银座607","type":"科教文化服务;培训机构;培训机构|生活服务;美容美发店;美容美发店","typecode":"141400|071100","pcode":310000,"pname":"上海市","citycode":21,"cityname":"上海市","adcode":310106,"adname":"静安区","business_a":"和田","location":"121.466532,31.267397","tel":"13916266081;13641952228","bigType":"科教文化服务","midType":"培训机构","smallType":"培训机构|生活服务","gcj_lng":121.466532,"gcj_lat":31.267397,"wgs84_loc":"121.461983,31.269304","wgs84Lng":"121.461983","wgs84Lat":"31.269304","__source_file__":"13-常用公服设施点/SHP/上海市_培训机构.shp"},"geometry":{"type":"Point","coordinates":[121.461983,31.269304]}},{"id":"6346","type":"Feature","properties":{"id":"B0GK9SPL5I","name":"22 YMX舞蹈俱乐部","address":"平型关路138号金赢创意108广场银座12层1207","type":"科教文化服务;培训机构;培训机构","typecode":"141400","pcode":310000,"pname":"上海市","citycode":21,"cityname":"上海市","adcode":310106,"adname":"静安区","business_a":"和田","location":"121.466671,31.267498","tel":"[]","bigType":"科教文化服务","midType":"培训机构","smallType":"培训机构","gcj_lng":121.466671,"gcj_lat":31.267498,"wgs84_loc":"121.462123,31.269405","wgs84Lng":"121.462123","wgs84Lat":"31.269405","__source_file__":"13-常用公服设施点/SHP/上海市_培训机构.shp"},"geometry":{"type":"Point","coordinates":[121.462123,31.269405]}},{"id":"5907","type":"Feature","properties":{"id":"B0FFJ1LBXG","name":"上海马克花艺培训学校","address":"平型关路138号金赢108创意广场银座703-705室","type":"科教文化服务;培训机构;培训机构","typecode":"141400","pcode":310000,"pname":"上海市","citycode":21,"cityname":"上海市","adcode":310106,"adname":"静安区","business_a":"和田","location":"121.466563,31.267551","tel":"[]","bigType":"科教文化服务","midType":"培训机构","smallType":"培训机构","gcj_lng":121.466563,"gcj_lat":31.267551,"wgs84_loc":"121.462014,31.269458","wgs84Lng":"121.462014","wgs84Lat":"31.269458","__source_file__":"13-常用公服设施点/SHP/上海市_培训机构.shp"},"geometry":{"type":"Point","coordinates":[121.462014,31.269458]}},{"id":"5773","type":"Feature","properties":{"id":"B0FFF9ZWQL","name":"上海中亚饮食业培训中心(民和路)","address":"民和路153号6号楼6层(近大润发)","type":"科教文化服务;培训机构;培训机构","typecode":"141400","pcode":310000,"pname":"上海市","citycode":21,"cityname":"上海市","adcode":310106,"adname":"静安区","business_a":"和田","location":"121.467426,31.268311","tel":"4001826722","bigType":"科教文化服务","midType":"培训机构","smallType":"培训机构","gcj_lng":121.467426,"gcj_lat":31.268311,"wgs84_loc":"121.46288,31.27022","wgs84Lng":"121.46288","wgs84Lat":"31.27022","__source_file__":"13-常用公服设施点/SHP/上海市_培训机构.shp"},"geometry":{"type":"Point","coordinates":[121.46288,31.27022]}},{"id":"10790","type":"Feature","properties":{"id":"B0FFKTQD5B","name":"J·bin创意舞蹈(虹口店)","address":"花园路128号T街区A座201室","type":"科教文化服务;培训机构;培训机构","typecode":"141400","pcode":310000,"pname":"上海市","citycode":21,"cityname":"上海市","adcode":310109,"adname":"虹口区","business_a":"和田","location":"121.472448,31.270135","tel":"13817636294","bigType":"科教文化服务","midType":"培训机构","smallType":"培训机构","gcj_lng":121.472448,"gcj_lat":31.270135,"wgs84_loc":"121.467917,31.272056","wgs84Lng":"121.467917","wgs84Lat":"31.272056","__source_file__":"13-常用公服设施点/SHP/上海市_培训机构.shp"},"geometry":{"type":"Point","coordinates":[121.467917,31.272056]}},{"id":"10983","type":"Feature","properties":{"id":"B0FFJ2KV56","name":"创就培训","address":"四川北路2130号","type":"科教文化服务;培训机构;培训机构","typecode":"141400","pcode":310000,"pname":"上海市","citycode":21,"cityname":"上海市","adcode":310109,"adname":"虹口区","business_a":"江湾","location":"121.482300,31.266046","tel":"[]","bigType":"科教文化服务","midType":"培训机构","smallType":"培训机构","gcj_lng":121.4823,"gcj_lat":31.266046,"wgs84_loc":"121.477803,31.267997","wgs84Lng":"121.477803","wgs84Lat":"31.267997","__source_file__":"13-常用公服设施点/SHP/上海市_培训机构.shp"},"geometry":{"type":"Point","coordinates":[121.477803,31.267997]}},{"id":"17535","type":"Feature","properties":{"id":"B0FFJ25OYT","name":"Mars音乐舞蹈工作室(虹口店)","address":"东江湾路188号空间188号园区A3栋4楼","type":"科教文化服务;培训机构;培训机构","typecode":"141400","pcode":310000,"pname":"上海市","citycode":21,"cityname":"上海市","adcode":310109,"adname":"虹口区","business_a":"江湾","location":"121.480662,31.266775","tel":"15601676306;13020241860","bigType":"科教文化服务","midType":"培训机构","smallType":"培训机构","gcj_lng":121.480662,"gcj_lat":31.266775,"wgs84_loc":"121.476159,31.268721","wgs84Lng":"121.476159","wgs84Lat":"31.268721","__source_file__":"13-常用公服设施点/SHP/上海市_培训机构.shp"},"geometry":{"type":"Point","coordinates":[121.476159,31.268721]}},{"id":"14483","type":"Feature","properties":{"id":"B0GROM36P8","name":"贺绿汀艺术专修学校虹口分校","address":"东江弯路188号B栋201室(空间188创意园内)","type":"科教文化服务;培训机构;培训机构","typecode":"141400","pcode":310000,"pname":"上海市","citycode":21,"cityname":"上海市","adcode":310109,"adname":"虹口区","business_a":"江湾","location":"121.480681,31.266879","tel":"021-65877055","bigType":"科教文化服务","midType":"培训机构","smallType":"培训机构","gcj_lng":121.480681,"gcj_lat":31.266879,"wgs84_loc":"121.476178,31.268825","wgs84Lng":"121.476178","wgs84Lat":"31.268825","__source_file__":"13-常用公服设施点/SHP/上海市_培训机构.shp"},"geometry":{"type":"Point","coordinates":[121.476178,31.268825]}},{"id":"9448","type":"Feature","properties":{"id":"B0FFFRZFSV","name":"竞思注意力训练(虹口中心)","address":"东江湾路188号空间188创意产业园A3栋2层","type":"科教文化服务;培训机构;培训机构","typecode":"141400","pcode":310000,"pname":"上海市","citycode":21,"cityname":"上海市","adcode":310109,"adname":"虹口区","business_a":"江湾","location":"121.480943,31.267015","tel":"021-31603665","bigType":"科教文化服务","midType":"培训机构","smallType":"培训机构","gcj_lng":121.480943,"gcj_lat":31.267015,"wgs84_loc":"121.476441,31.268961","wgs84Lng":"121.476441","wgs84Lat":"31.268961","__source_file__":"13-常用公服设施点/SHP/上海市_培训机构.shp"},"geometry":{"type":"Point","coordinates":[121.476441,31.268961]}},{"id":"15847","type":"Feature","properties":{"id":"B0FFGPWBMB","name":"上海高艺职业技能培训学校","address":"四川北路街道东江湾路188号F7栋(地铁3号线8号线虹口足球场站)","type":"科教文化服务;培训机构;培训机构","typecode":"141400","pcode":310000,"pname":"上海市","citycode":21,"cityname":"上海市","adcode":310109,"adname":"虹口区","business_a":"宝山路","location":"121.480626,31.267461","tel":"[]","bigType":"科教文化服务","midType":"培训机构","smallType":"培训机构","gcj_lng":121.480626,"gcj_lat":31.267461,"wgs84_loc":"121.476123,31.269406","wgs84Lng":"121.476123","wgs84Lat":"31.269406","__source_file__":"13-常用公服设施点/SHP/上海市_培训机构.shp"},"geometry":{"type":"Point","coordinates":[121.476123,31.269406]}},{"id":"143","type":"Feature","properties":{"id":"B0FFKPFHR1","name":"HOPE足球青训(虹口校区)","address":"东江湾路444号-4号扶梯下球场","type":"科教文化服务;培训机构;培训机构","typecode":"141400","pcode":310000,"pname":"上海市","citycode":21,"cityname":"上海市","adcode":310109,"adname":"虹口区","business_a":"曲阳","location":"121.480639,31.270255","tel":"15021326126;15800622518","bigType":"科教文化服务","midType":"培训机构","smallType":"培训机构","gcj_lng":121.480639,"gcj_lat":31.270255,"wgs84_loc":"121.476136,31.272199","wgs84Lng":"121.476136","wgs84Lat":"31.272199","__source_file__":"13-常用公服设施点/SHP/上海市_培训机构.shp"},"geometry":{"type":"Point","coordinates":[121.476136,31.272199]}},{"id":"9434","type":"Feature","properties":{"id":"B0GKZH9W70","name":"Fiona Ballet Studio飞欧娜芭蕾舞蹈艺术空间","address":"东江湾路444号虹口足球场一楼四区113室","type":"科教文化服务;培训机构;培训机构","typecode":"141400","pcode":310000,"pname":"上海市","citycode":21,"cityname":"上海市","adcode":310109,"adname":"虹口区","business_a":"曲阳","location":"121.481588,31.270817","tel":"021-62255033;15316586093","bigType":"科教文化服务","midType":"培训机构","smallType":"培训机构","gcj_lng":121.481588,"gcj_lat":31.270817,"wgs84_loc":"121.477088,31.272763","wgs84Lng":"121.477088","wgs84Lat":"31.272763","__source_file__":"13-常用公服设施点/SHP/上海市_培训机构.shp"},"geometry":{"type":"Point","coordinates":[121.477088,31.272763]}},{"id":"16840","type":"Feature","properties":{"id":"B0FFG2X4W5","name":"东康体育游泳培训(虹口足球场)","address":"东江湾路444号虹口足球场内","type":"科教文化服务;培训机构;培训机构","typecode":"141400","pcode":310000,"pname":"上海市","citycode":21,"cityname":"上海市","adcode":310109,"adname":"虹口区","business_a":"曲阳","location":"121.481561,31.271411","tel":"[]","bigType":"科教文化服务","midType":"培训机构","smallType":"培训机构","gcj_lng":121.481561,"gcj_lat":31.271411,"wgs84_loc":"121.477061,31.273357","wgs84Lng":"121.477061","wgs84Lat":"31.273357","__source_file__":"13-常用公服设施点/SHP/上海市_培训机构.shp"},"geometry":{"type":"Point","coordinates":[121.477061,31.273357]}},{"id":"133","type":"Feature","properties":{"id":"B0FFFA6SPL","name":"扑腾游泳培训机构(虹口足球场店)","address":"东江湾路146号附近","type":"科教文化服务;培训机构;培训机构","typecode":"141400","pcode":310000,"pname":"上海市","citycode":21,"cityname":"上海市","adcode":310109,"adname":"虹口区","business_a":"曲阳","location":"121.481561,31.271592","tel":"[]","bigType":"科教文化服务","midType":"培训机构","smallType":"培训机构","gcj_lng":121.481561,"gcj_lat":31.271592,"wgs84_loc":"121.477061,31.273538","wgs84Lng":"121.477061","wgs84Lat":"31.273538","__source_file__":"13-常用公服设施点/SHP/上海市_培训机构.shp"},"geometry":{"type":"Point","coordinates":[121.477061,31.273538]}},{"id":"9436","type":"Feature","properties":{"id":"B0FFKPHO6U","name":"沁晟艺术(虹口旗舰店)","address":"东江湾路444号三区一层(足球场3号门对面)","type":"科教文化服务;培训机构;培训机构","typecode":"141400","pcode":310000,"pname":"上海市","citycode":21,"cityname":"上海市","adcode":310109,"adname":"虹口区","business_a":"曲阳","location":"121.481247,31.272196","tel":"13671827017","bigType":"科教文化服务","midType":"培训机构","smallType":"培训机构","gcj_lng":121.481247,"gcj_lat":31.272196,"wgs84_loc":"121.476746,31.274141","wgs84Lng":"121.476746","wgs84Lat":"31.274141","__source_file__":"13-常用公服设施点/SHP/上海市_培训机构.shp"},"geometry":{"type":"Point","coordinates":[121.476746,31.274141]}},{"id":"11093","type":"Feature","properties":{"id":"B0FFHWHMRG","name":"昂立中学生培训(凯鸿广场店)","address":"四川北路1661号上海ist艾尚天地F4","type":"科教文化服务;培训机构;培训机构","typecode":"141400","pcode":310000,"pname":"上海市","citycode":21,"cityname":"上海市","adcode":310109,"adname":"虹口区","business_a":"宝山路","location":"121.482658,31.257621","tel":"4001020810","bigType":"科教文化服务","midType":"培训机构","smallType":"培训机构","gcj_lng":121.482658,"gcj_lat":31.257621,"wgs84_loc":"121.478163,31.259576","wgs84Lng":"121.478163","wgs84Lat":"31.259576","__source_file__":"13-常用公服设施点/SHP/上海市_培训机构.shp"},"geometry":{"type":"Point","coordinates":[121.478163,31.259576]}},{"id":"10939","type":"Feature","properties":{"id":"B0G0V9MOPM","name":"Radiance CBT舞蹈培训","address":"四川北路1661号ist艾尚天地3楼317","type":"科教文化服务;培训机构;培训机构","typecode":"141400","pcode":310000,"pname":"上海市","citycode":21,"cityname":"上海市","adcode":310109,"adname":"虹口区","business_a":"宝山路","location":"121.482462,31.257634","tel":"[]","bigType":"科教文化服务","midType":"培训机构","smallType":"培训机构","gcj_lng":121.482462,"gcj_lat":31.257634,"wgs84_loc":"121.477966,31.259589","wgs84Lng":"121.477966","wgs84Lat":"31.259589","__source_file__":"13-常用公服设施点/SHP/上海市_培训机构.shp"},"geometry":{"type":"Point","coordinates":[121.477966,31.259589]}},{"id":"17542","type":"Feature","properties":{"id":"B0HRHU4MU6","name":"小音咖音乐教育","address":"东宝兴路与四川北路交叉口西南40米","type":"科教文化服务;培训机构;培训机构","typecode":"141400","pcode":310000,"pname":"上海市","citycode":21,"cityname":"上海市","adcode":310109,"adname":"虹口区","business_a":"宝山路","location":"121.482470,31.257635","tel":"[]","bigType":"科教文化服务","midType":"培训机构","smallType":"培训机构","gcj_lng":121.48247,"gcj_lat":31.257635,"wgs84_loc":"121.477974,31.25959","wgs84Lng":"121.477974","wgs84Lat":"31.25959","__source_file__":"13-常用公服设施点/SHP/上海市_培训机构.shp"},"geometry":{"type":"Point","coordinates":[121.477974,31.25959]}},{"id":"10772","type":"Feature","properties":{"id":"B00157I5S6","name":"七色花儿童辅导(虹口中心店)","address":"东宝兴路157号精武大厦903","type":"科教文化服务;培训机构;培训机构","typecode":"141400","pcode":310000,"pname":"上海市","citycode":21,"cityname":"上海市","adcode":310109,"adname":"虹口区","business_a":"宝山路","location":"121.483813,31.257631","tel":"18964549551","bigType":"科教文化服务","midType":"培训机构","smallType":"培训机构","gcj_lng":121.483813,"gcj_lat":31.257631,"wgs84_loc":"121.479322,31.25959","wgs84Lng":"121.479322","wgs84Lat":"31.25959","__source_file__":"13-常用公服设施点/SHP/上海市_培训机构.shp"},"geometry":{"type":"Point","coordinates":[121.479322,31.25959]}},{"id":"9446","type":"Feature","properties":{"id":"B0FFKT4UK5","name":"弗里音乐(虹口店)","address":"四川北路1661号ist艾尚天地3楼308(新斗士泰拳俱乐部对面)","type":"科教文化服务;培训机构;培训机构","typecode":"141400","pcode":310000,"pname":"上海市","citycode":21,"cityname":"上海市","adcode":310109,"adname":"虹口区","business_a":"宝山路","location":"121.482559,31.257643","tel":"18017494728","bigType":"科教文化服务","midType":"培训机构","smallType":"培训机构","gcj_lng":121.482559,"gcj_lat":31.257643,"wgs84_loc":"121.478063,31.259598","wgs84Lng":"121.478063","wgs84Lat":"31.259598","__source_file__":"13-常用公服设施点/SHP/上海市_培训机构.shp"},"geometry":{"type":"Point","coordinates":[121.478063,31.259598]}},{"id":"11078","type":"Feature","properties":{"id":"B0G1RX4THJ","name":"昂立中学生(虹口中心)","address":"四川北路1661号凯鸿广场2栋402c号","type":"科教文化服务;培训机构;培训机构","typecode":"141400","pcode":310000,"pname":"上海市","citycode":21,"cityname":"上海市","adcode":310109,"adname":"虹口区","business_a":"宝山路","location":"121.482615,31.257668","tel":"[]","bigType":"科教文化服务","midType":"培训机构","smallType":"培训机构","gcj_lng":121.482615,"gcj_lat":31.257668,"wgs84_loc":"121.47812,31.259623","wgs84Lng":"121.47812","wgs84Lat":"31.259623","__source_file__":"13-常用公服设施点/SHP/上海市_培训机构.shp"},"geometry":{"type":"Point","coordinates":[121.47812,31.259623]}},{"id":"11085","type":"Feature","properties":{"id":"B0FFMB6X1U","name":"乐博乐博科创中心(上海ist艾尚天地店)","address":"四川北路1661号上海ist艾尚天地F3","type":"科教文化服务;培训机构;培训机构","typecode":"141400","pcode":310000,"pname":"上海市","citycode":21,"cityname":"上海市","adcode":310109,"adname":"虹口区","business_a":"宝山路","location":"121.482591,31.257708","tel":"[]","bigType":"科教文化服务","midType":"培训机构","smallType":"培训机构","gcj_lng":121.482591,"gcj_lat":31.257708,"wgs84_loc":"121.478095,31.259663","wgs84Lng":"121.478095","wgs84Lat":"31.259663","__source_file__":"13-常用公服设施点/SHP/上海市_培训机构.shp"},"geometry":{"type":"Point","coordinates":[121.478095,31.259663]}},{"id":"11066","type":"Feature","properties":{"id":"B0H1ULZBVO","name":"小字谜练字(上海ist艾尚天地店)","address":"四川北路1661号艾尚天地三楼","type":"科教文化服务;培训机构;培训机构","typecode":"141400","pcode":310000,"pname":"上海市","citycode":21,"cityname":"上海市","adcode":310109,"adname":"虹口区","business_a":"宝山路","location":"121.482362,31.257771","tel":"15800582215","bigType":"科教文化服务","midType":"培训机构","smallType":"培训机构","gcj_lng":121.482362,"gcj_lat":31.257771,"wgs84_loc":"121.477866,31.259725","wgs84Lng":"121.477866","wgs84Lat":"31.259725","__source_file__":"13-常用公服设施点/SHP/上海市_培训机构.shp"},"geometry":{"type":"Point","coordinates":[121.477866,31.259725]}},{"id":"17056","type":"Feature","properties":{"id":"B0FFFQ7VRO","name":"精锐教育(四川北路学习中心)","address":"四川北路1611号凯鸿广场F4层","type":"科教文化服务;培训机构;培训机构","typecode":"141400","pcode":310000,"pname":"上海市","citycode":21,"cityname":"上海市","adcode":310109,"adname":"虹口区","business_a":"宝山路","location":"121.482182,31.257794","tel":"[]","bigType":"科教文化服务","midType":"培训机构","smallType":"培训机构","gcj_lng":121.482182,"gcj_lat":31.257794,"wgs84_loc":"121.477685,31.259748","wgs84Lng":"121.477685","wgs84Lat":"31.259748","__source_file__":"13-常用公服设施点/SHP/上海市_培训机构.shp"},"geometry":{"type":"Point","coordinates":[121.477685,31.259748]}},{"id":"10952","type":"Feature","properties":{"id":"B0IBTC4ONC","name":"T-Axis舞蹈工作室","address":"四川北路1688号福德生活广场302室","type":"科教文化服务;培训机构;培训机构","typecode":"141400","pcode":310000,"pname":"上海市","citycode":21,"cityname":"上海市","adcode":310109,"adname":"虹口区","business_a":"宝山路","location":"121.483236,31.257876","tel":"19804021026;17621149842","bigType":"科教文化服务","midType":"培训机构","smallType":"培训机构","gcj_lng":121.483236,"gcj_lat":31.257876,"wgs84_loc":"121.478743,31.259833","wgs84Lng":"121.478743","wgs84Lat":"31.259833","__source_file__":"13-常用公服设施点/SHP/上海市_培训机构.shp"},"geometry":{"type":"Point","coordinates":[121.478743,31.259833]}},{"id":"10871","type":"Feature","properties":{"id":"B0GDDOYY1C","name":"茂美培训","address":"四川北路街道四川北路1688福德大厦南楼26茂美培训","type":"科教文化服务;培训机构;培训机构","typecode":"141400","pcode":310000,"pname":"上海市","citycode":21,"cityname":"上海市","adcode":310109,"adname":"虹口区","business_a":"宝山路","location":"121.483222,31.258000","tel":"021-56711622","bigType":"科教文化服务","midType":"培训机构","smallType":"培训机构","gcj_lng":121.483222,"gcj_lat":31.258,"wgs84_loc":"121.478729,31.259957","wgs84Lng":"121.478729","wgs84Lat":"31.259957","__source_file__":"13-常用公服设施点/SHP/上海市_培训机构.shp"},"geometry":{"type":"Point","coordinates":[121.478729,31.259957]}},{"id":"11013","type":"Feature","properties":{"id":"B0FFF50YGL","name":"爱·热舞舞蹈工作室(合新里店)","address":"四川北路1727号嘉杰国际广场2楼11-56室","type":"科教文化服务;培训机构;培训机构","typecode":"141400","pcode":310000,"pname":"上海市","citycode":21,"cityname":"上海市","adcode":310109,"adname":"虹口区","business_a":"宝山路","location":"121.482649,31.258077","tel":"[]","bigType":"科教文化服务","midType":"培训机构","smallType":"培训机构","gcj_lng":121.482649,"gcj_lat":31.258077,"wgs84_loc":"121.478154,31.260032","wgs84Lng":"121.478154","wgs84Lat":"31.260032","__source_file__":"13-常用公服设施点/SHP/上海市_培训机构.shp"},"geometry":{"type":"Point","coordinates":[121.478154,31.260032]}},{"id":"13813","type":"Feature","properties":{"id":"B0FFG1K4O3","name":"米校教育","address":"四川北路1688号福德大厦北楼17层","type":"科教文化服务;培训机构;培训机构","typecode":"141400","pcode":310000,"pname":"上海市","citycode":21,"cityname":"上海市","adcode":310109,"adname":"虹口区","business_a":"宝山路","location":"121.483455,31.258336","tel":"[]","bigType":"科教文化服务","midType":"培训机构","smallType":"培训机构","gcj_lng":121.483455,"gcj_lat":31.258336,"wgs84_loc":"121.478962,31.260293","wgs84Lng":"121.478962","wgs84Lat":"31.260293","__source_file__":"13-常用公服设施点/SHP/上海市_培训机构.shp"},"geometry":{"type":"Point","coordinates":[121.478962,31.260293]}},{"id":"10826","type":"Feature","properties":{"id":"B0FFGAPQ2Y","name":"逸智教育(虹口店)","address":"东宝兴路233号","type":"科教文化服务;培训机构;培训机构","typecode":"141400","pcode":310000,"pname":"上海市","citycode":21,"cityname":"上海市","adcode":310109,"adname":"虹口区","business_a":"宝山路","location":"121.481453,31.258424","tel":"021-66288051;021-66288280","bigType":"科教文化服务","midType":"培训机构","smallType":"培训机构","gcj_lng":121.481453,"gcj_lat":31.258424,"wgs84_loc":"121.476954,31.260375","wgs84Lng":"121.476954","wgs84Lat":"31.260375","__source_file__":"13-常用公服设施点/SHP/上海市_培训机构.shp"},"geometry":{"type":"Point","coordinates":[121.476954,31.260375]}},{"id":"14825","type":"Feature","properties":{"id":"B0G04Y8FX4","name":"精锐高端辅导(虹口四川北路中心)","address":"虹口区东宝兴路229号","type":"科教文化服务;培训机构;培训机构","typecode":"141400","pcode":310000,"pname":"上海市","citycode":21,"cityname":"上海市","adcode":310109,"adname":"虹口区","business_a":"宝山路","location":"121.481517,31.258443","tel":"4008036551","bigType":"科教文化服务","midType":"培训机构","smallType":"培训机构","gcj_lng":121.481517,"gcj_lat":31.258443,"wgs84_loc":"121.477018,31.260395","wgs84Lng":"121.477018","wgs84Lat":"31.260395","__source_file__":"13-常用公服设施点/SHP/上海市_培训机构.shp"},"geometry":{"type":"Point","coordinates":[121.477018,31.260395]}},{"id":"11009","type":"Feature","properties":{"id":"B0FFFPTB3C","name":"七色光艺术","address":"东宝兴路与四川北路交叉口西北约100米","type":"科教文化服务;培训机构;培训机构","typecode":"141400","pcode":310000,"pname":"上海市","citycode":21,"cityname":"上海市","adcode":310109,"adname":"虹口区","business_a":"宝山路","location":"121.482289,31.258630","tel":"[]","bigType":"科教文化服务","midType":"培训机构","smallType":"培训机构","gcj_lng":121.482289,"gcj_lat":31.25863,"wgs84_loc":"121.477792,31.260584","wgs84Lng":"121.477792","wgs84Lat":"31.260584","__source_file__":"13-常用公服设施点/SHP/上海市_培训机构.shp"},"geometry":{"type":"Point","coordinates":[121.477792,31.260584]}},{"id":"6450","type":"Feature","properties":{"id":"B0FFHKQ6NL","name":"名师汇(虹口学习中心)","address":"四川北路1727弄2楼11-34-35号","type":"科教文化服务;培训机构;培训机构","typecode":"141400","pcode":310000,"pname":"上海市","citycode":21,"cityname":"上海市","adcode":310109,"adname":"虹口区","business_a":"宝山路","location":"121.482150,31.258910","tel":"021-56551080;13817351106","bigType":"科教文化服务","midType":"培训机构","smallType":"培训机构","gcj_lng":121.48215,"gcj_lat":31.25891,"wgs84_loc":"121.477653,31.260863","wgs84Lng":"121.477653","wgs84Lat":"31.260863","__source_file__":"13-常用公服设施点/SHP/上海市_培训机构.shp"},"geometry":{"type":"Point","coordinates":[121.477653,31.260863]}},{"id":"11106","type":"Feature","properties":{"id":"B0H6L4BHA1","name":"童臻学习能力·多动症·社交能力","address":"海伦西路与四川北路交叉口西约120米","type":"科教文化服务;培训机构;培训机构","typecode":"141400","pcode":310000,"pname":"上海市","citycode":21,"cityname":"上海市","adcode":310109,"adname":"虹口区","business_a":"宝山路","location":"121.481893,31.259036","tel":"[]","bigType":"科教文化服务","midType":"培训机构","smallType":"培训机构","gcj_lng":121.481893,"gcj_lat":31.259036,"wgs84_loc":"121.477395,31.260988","wgs84Lng":"121.477395","wgs84Lat":"31.260988","__source_file__":"13-常用公服设施点/SHP/上海市_培训机构.shp"},"geometry":{"type":"Point","coordinates":[121.477395,31.260988]}},{"id":"10961","type":"Feature","properties":{"id":"B0H3YC79AW","name":"童臻教育","address":"四川北路1727弄嘉美汇2楼30-31","type":"科教文化服务;培训机构;培训机构","typecode":"141400","pcode":310000,"pname":"上海市","citycode":21,"cityname":"上海市","adcode":310109,"adname":"虹口区","business_a":"宝山路","location":"121.481789,31.259075","tel":"[]","bigType":"科教文化服务","midType":"培训机构","smallType":"培训机构","gcj_lng":121.481789,"gcj_lat":31.259075,"wgs84_loc":"121.477291,31.261027","wgs84Lng":"121.477291","wgs84Lat":"31.261027","__source_file__":"13-常用公服设施点/SHP/上海市_培训机构.shp"},"geometry":{"type":"Point","coordinates":[121.477291,31.261027]}},{"id":"11003","type":"Feature","properties":{"id":"B0H1URY0VL","name":"华语教育","address":"宝源路与东宝兴路交叉口东北约140米","type":"科教文化服务;培训机构;培训机构","typecode":"141400","pcode":310000,"pname":"上海市","citycode":21,"cityname":"上海市","adcode":310109,"adname":"虹口区","business_a":"宝山路","location":"121.481487,31.259351","tel":"[]","bigType":"科教文化服务","midType":"培训机构","smallType":"培训机构","gcj_lng":121.481487,"gcj_lat":31.259351,"wgs84_loc":"121.476988,31.261302","wgs84Lng":"121.476988","wgs84Lat":"31.261302","__source_file__":"13-常用公服设施点/SHP/上海市_培训机构.shp"},"geometry":{"type":"Point","coordinates":[121.476988,31.261302]}},{"id":"10975","type":"Feature","properties":{"id":"B0G257VADG","name":"Best Dance Studio(通州路店)","address":"通州路300号中锐锐WIN1层","type":"科教文化服务;培训机构;培训机构","typecode":"141400","pcode":310000,"pname":"上海市","citycode":21,"cityname":"上海市","adcode":310109,"adname":"虹口区","business_a":"提篮桥","location":"121.495560,31.258442","tel":"[]","bigType":"科教文化服务","midType":"培训机构","smallType":"培训机构","gcj_lng":121.49556,"gcj_lat":31.258442,"wgs84_loc":"121.49111,31.260435","wgs84Lng":"121.49111","wgs84Lat":"31.260435","__source_file__":"13-常用公服设施点/SHP/上海市_培训机构.shp"},"geometry":{"type":"Point","coordinates":[121.49111,31.260435]}},{"id":"14429","type":"Feature","properties":{"id":"B0HAKKEQTD","name":"新东方(中锐校区)","address":"通州路300号中锐WIN1-2楼","type":"科教文化服务;培训机构;培训机构","typecode":"141400","pcode":310000,"pname":"上海市","citycode":21,"cityname":"上海市","adcode":310109,"adname":"虹口区","business_a":"四平路","location":"121.496068,31.258563","tel":"4007021021","bigType":"科教文化服务","midType":"培训机构","smallType":"培训机构","gcj_lng":121.496068,"gcj_lat":31.258563,"wgs84_loc":"121.49162,31.260557","wgs84Lng":"121.49162","wgs84Lat":"31.260557","__source_file__":"13-常用公服设施点/SHP/上海市_培训机构.shp"},"geometry":{"type":"Point","coordinates":[121.49162,31.260557]}},{"id":"10910","type":"Feature","properties":{"id":"B0H1UDVA2B","name":"韵姿少儿舞蹈(北外滩校区)","address":"通州路300号中锐.锐WIN商场108室","type":"科教文化服务;培训机构;培训机构","typecode":"141400","pcode":310000,"pname":"上海市","citycode":21,"cityname":"上海市","adcode":310109,"adname":"虹口区","business_a":"提篮桥","location":"121.495598,31.258625","tel":"[]","bigType":"科教文化服务","midType":"培训机构","smallType":"培训机构","gcj_lng":121.495598,"gcj_lat":31.258625,"wgs84_loc":"121.491148,31.260618","wgs84Lng":"121.491148","wgs84Lat":"31.260618","__source_file__":"13-常用公服设施点/SHP/上海市_培训机构.shp"},"geometry":{"type":"Point","coordinates":[121.491148,31.260618]}},{"id":"10916","type":"Feature","properties":{"id":"B0G097PEQN","name":"上海虹口芸沁托育有限公司","address":"通州路与胡家木桥路交叉口东约40米","type":"科教文化服务;培训机构;培训机构","typecode":"141400","pcode":310000,"pname":"上海市","citycode":21,"cityname":"上海市","adcode":310109,"adname":"虹口区","business_a":"四平路","location":"121.493671,31.259166","tel":"[]","bigType":"科教文化服务","midType":"培训机构","smallType":"培训机构","gcj_lng":121.493671,"gcj_lat":31.259166,"wgs84_loc":"121.489214,31.261153","wgs84Lng":"121.489214","wgs84Lat":"31.261153","__source_file__":"13-常用公服设施点/SHP/上海市_培训机构.shp"},"geometry":{"type":"Point","coordinates":[121.489214,31.261153]}},{"id":"10846","type":"Feature","properties":{"id":"B0FFH4LEXK","name":"律动艺术学苑","address":"物华路73号渡边物华园219-220室","type":"科教文化服务;培训机构;培训机构","typecode":"141400","pcode":310000,"pname":"上海市","citycode":21,"cityname":"上海市","adcode":310109,"adname":"虹口区","business_a":"四平路","location":"121.496730,31.259708","tel":"[]","bigType":"科教文化服务","midType":"培训机构","smallType":"培训机构","gcj_lng":121.49673,"gcj_lat":31.259708,"wgs84_loc":"121.492284,31.261704","wgs84Lng":"121.492284","wgs84Lat":"31.261704","__source_file__":"13-常用公服设施点/SHP/上海市_培训机构.shp"},"geometry":{"type":"Point","coordinates":[121.492284,31.261704]}},{"id":"11082","type":"Feature","properties":{"id":"B0G04B5RZG","name":"LAVAZZA中国培训中心","address":"物华路58号物华大楼11楼","type":"科教文化服务;培训机构;培训机构","typecode":"141400","pcode":310000,"pname":"上海市","citycode":21,"cityname":"上海市","adcode":310109,"adname":"虹口区","business_a":"提篮桥","location":"121.496165,31.259727","tel":"[]","bigType":"科教文化服务","midType":"培训机构","smallType":"培训机构","gcj_lng":121.496165,"gcj_lat":31.259727,"wgs84_loc":"121.491717,31.261721","wgs84Lng":"121.491717","wgs84Lat":"31.261721","__source_file__":"13-常用公服设施点/SHP/上海市_培训机构.shp"},"geometry":{"type":"Point","coordinates":[121.491717,31.261721]}},{"id":"14739","type":"Feature","properties":{"id":"B0FFKXUUA8","name":"天元学堂|围棋·书法·空手道(瑞虹店)","address":"物华路73号,渡边物华园316室","type":"科教文化服务;培训机构;培训机构","typecode":"141400","pcode":310000,"pname":"上海市","citycode":21,"cityname":"上海市","adcode":310109,"adname":"虹口区","business_a":"四平路","location":"121.496575,31.259990","tel":"021-66600018","bigType":"科教文化服务","midType":"培训机构","smallType":"培训机构","gcj_lng":121.496575,"gcj_lat":31.25999,"wgs84_loc":"121.492129,31.261985","wgs84Lng":"121.492129","wgs84Lat":"31.261985","__source_file__":"13-常用公服设施点/SHP/上海市_培训机构.shp"},"geometry":{"type":"Point","coordinates":[121.492129,31.261985]}},{"id":"13864","type":"Feature","properties":{"id":"B001570L16","name":"星吧阁少儿英语Starbugs(虹口中心)","address":"物华路73号侨园·渡边物华园4层8410/8411号","type":"科教文化服务;培训机构;培训机构","typecode":"141400","pcode":310000,"pname":"上海市","citycode":21,"cityname":"上海市","adcode":310109,"adname":"虹口区","business_a":"提篮桥","location":"121.496700,31.260080","tel":"021-55043139","bigType":"科教文化服务","midType":"培训机构","smallType":"培训机构","gcj_lng":121.4967,"gcj_lat":31.26008,"wgs84_loc":"121.492254,31.262076","wgs84Lng":"121.492254","wgs84Lat":"31.262076","__source_file__":"13-常用公服设施点/SHP/上海市_培训机构.shp"},"geometry":{"type":"Point","coordinates":[121.492254,31.262076]}},{"id":"5594","type":"Feature","properties":{"id":"B0G3S1XSR2","name":"东方童画","address":"物化路73号渡边物化园3楼","type":"科教文化服务;培训机构;培训机构","typecode":"141400","pcode":310000,"pname":"上海市","citycode":21,"cityname":"上海市","adcode":310109,"adname":"虹口区","business_a":"提篮桥","location":"121.496765,31.260166","tel":"[]","bigType":"科教文化服务","midType":"培训机构","smallType":"培训机构","gcj_lng":121.496765,"gcj_lat":31.260166,"wgs84_loc":"121.49232,31.262162","wgs84Lng":"121.49232","wgs84Lat":"31.262162","__source_file__":"13-常用公服设施点/SHP/上海市_培训机构.shp"},"geometry":{"type":"Point","coordinates":[121.49232,31.262162]}},{"id":"9438","type":"Feature","properties":{"id":"B0015799G1","name":"上海上汽职业技术培训学校","address":"同嘉路79号","type":"科教文化服务;培训机构;培训机构","typecode":"141400","pcode":310000,"pname":"上海市","citycode":21,"cityname":"上海市","adcode":310109,"adname":"虹口区","business_a":"四平路","location":"121.490961,31.258863","tel":"021-56660700","bigType":"科教文化服务","midType":"培训机构","smallType":"培训机构","gcj_lng":121.490961,"gcj_lat":31.258863,"wgs84_loc":"121.486495,31.260842","wgs84Lng":"121.486495","wgs84Lat":"31.260842","__source_file__":"13-常用公服设施点/SHP/上海市_培训机构.shp"},"geometry":{"type":"Point","coordinates":[121.486495,31.260842]}},{"id":"5638","type":"Feature","properties":{"id":"B00155KD29","name":"上海汽车集团股份有限公司培训中心","address":"同嘉路79号1号楼","type":"科教文化服务;培训机构;培训机构","typecode":"141400","pcode":310000,"pname":"上海市","citycode":21,"cityname":"上海市","adcode":310109,"adname":"虹口区","business_a":"四平路","location":"121.490969,31.258909","tel":"021-56660700","bigType":"科教文化服务","midType":"培训机构","smallType":"培训机构","gcj_lng":121.490969,"gcj_lat":31.258909,"wgs84_loc":"121.486503,31.260888","wgs84Lng":"121.486503","wgs84Lat":"31.260888","__source_file__":"13-常用公服设施点/SHP/上海市_培训机构.shp"},"geometry":{"type":"Point","coordinates":[121.486503,31.260888]}},{"id":"10947","type":"Feature","properties":{"id":"B0FFHGDNFD","name":"上汽安全生产培训学校","address":"同嘉路79号","type":"科教文化服务;培训机构;培训机构","typecode":"141400","pcode":310000,"pname":"上海市","citycode":21,"cityname":"上海市","adcode":310109,"adname":"虹口区","business_a":"四平路","location":"121.490970,31.258919","tel":"[]","bigType":"科教文化服务","midType":"培训机构","smallType":"培训机构","gcj_lng":121.49097,"gcj_lat":31.258919,"wgs84_loc":"121.486504,31.260898","wgs84Lng":"121.486504","wgs84Lat":"31.260898","__source_file__":"13-常用公服设施点/SHP/上海市_培训机构.shp"},"geometry":{"type":"Point","coordinates":[121.486504,31.260898]}},{"id":"10878","type":"Feature","properties":{"id":"B0FFI1U79R","name":"掌门教育(金融街海伦中心店)","address":"海伦路金融街中新四平路96号金融街海伦中心D栋","type":"科教文化服务;培训机构;培训机构","typecode":"141400","pcode":310000,"pname":"上海市","citycode":21,"cityname":"上海市","adcode":310109,"adname":"虹口区","business_a":"四平路","location":"121.489567,31.259134","tel":"13162731595","bigType":"科教文化服务","midType":"培训机构","smallType":"培训机构","gcj_lng":121.489567,"gcj_lat":31.259134,"wgs84_loc":"121.485096,31.261109","wgs84Lng":"121.485096","wgs84Lat":"31.261109","__source_file__":"13-常用公服设施点/SHP/上海市_培训机构.shp"},"geometry":{"type":"Point","coordinates":[121.485096,31.261109]}},{"id":"16167","type":"Feature","properties":{"id":"B0G01ASBZW","name":"平安好学成人英语","address":"天水路172号金融街海伦中心B座","type":"科教文化服务;培训机构;培训机构","typecode":"141400","pcode":310000,"pname":"上海市","citycode":21,"cityname":"上海市","adcode":310109,"adname":"虹口区","business_a":"四平路","location":"121.489799,31.259231","tel":"[]","bigType":"科教文化服务","midType":"培训机构","smallType":"培训机构","gcj_lng":121.489799,"gcj_lat":31.259231,"wgs84_loc":"121.485329,31.261206","wgs84Lng":"121.485329","wgs84Lat":"31.261206","__source_file__":"13-常用公服设施点/SHP/上海市_培训机构.shp"},"geometry":{"type":"Point","coordinates":[121.485329,31.261206]}},{"id":"16301","type":"Feature","properties":{"id":"B0HG59C9HV","name":"教育旗舰店分店","address":"海伦路金融街中新四平路96号金融街海伦中心f栋","type":"科教文化服务;培训机构;培训机构","typecode":"141400","pcode":310000,"pname":"上海市","citycode":21,"cityname":"上海市","adcode":310109,"adname":"虹口区","business_a":"四平路","location":"121.489177,31.259317","tel":"[]","bigType":"科教文化服务","midType":"培训机构","smallType":"培训机构","gcj_lng":121.489177,"gcj_lat":31.259317,"wgs84_loc":"121.484704,31.261291","wgs84Lng":"121.484704","wgs84Lat":"31.261291","__source_file__":"13-常用公服设施点/SHP/上海市_培训机构.shp"},"geometry":{"type":"Point","coordinates":[121.484704,31.261291]}},{"id":"5643","type":"Feature","properties":{"id":"B0FFLGEU75","name":"虹口区特殊教育指导中心","address":"天水路106号","type":"科教文化服务;培训机构;培训机构","typecode":"141400","pcode":310000,"pname":"上海市","citycode":21,"cityname":"上海市","adcode":310109,"adname":"虹口区","business_a":"四平路","location":"121.490934,31.259471","tel":"[]","bigType":"科教文化服务","midType":"培训机构","smallType":"培训机构","gcj_lng":121.490934,"gcj_lat":31.259471,"wgs84_loc":"121.486468,31.26145","wgs84Lng":"121.486468","wgs84Lat":"31.26145","__source_file__":"13-常用公服设施点/SHP/上海市_培训机构.shp"},"geometry":{"type":"Point","coordinates":[121.486468,31.26145]}},{"id":"14604","type":"Feature","properties":{"id":"B0G1B78RM7","name":"平安好学","address":"天水路172号海伦中心金融街B座","type":"科教文化服务;培训机构;培训机构","typecode":"141400","pcode":310000,"pname":"上海市","citycode":21,"cityname":"上海市","adcode":310109,"adname":"虹口区","business_a":"四平路","location":"121.489747,31.259755","tel":"4009303030","bigType":"科教文化服务","midType":"培训机构","smallType":"培训机构","gcj_lng":121.489747,"gcj_lat":31.259755,"wgs84_loc":"121.485276,31.26173","wgs84Lng":"121.485276","wgs84Lat":"31.26173","__source_file__":"13-常用公服设施点/SHP/上海市_培训机构.shp"},"geometry":{"type":"Point","coordinates":[121.485276,31.26173]}},{"id":"10933","type":"Feature","properties":{"id":"B0FFJH575L","name":"Mr先声音乐培训(虹口店)","address":"溧阳路1088号龙邸大厦4楼408室","type":"科教文化服务;培训机构;培训机构","typecode":"141400","pcode":310000,"pname":"上海市","citycode":21,"cityname":"上海市","adcode":310109,"adname":"虹口区","business_a":"[]","location":"121.488848,31.260942","tel":"15021648438;13162919712","bigType":"科教文化服务","midType":"培训机构","smallType":"培训机构","gcj_lng":121.488848,"gcj_lat":31.260942,"wgs84_loc":"121.484374,31.262914","wgs84Lng":"121.484374","wgs84Lat":"31.262914","__source_file__":"13-常用公服设施点/SHP/上海市_培训机构.shp"},"geometry":{"type":"Point","coordinates":[121.484374,31.262914]}},{"id":"15547","type":"Feature","properties":{"id":"B00155HFX1","name":"新贝青少儿教育中心(四平路)","address":"四平路273号福龙大厦315","type":"科教文化服务;培训机构;培训机构","typecode":"141400","pcode":310000,"pname":"上海市","citycode":21,"cityname":"上海市","adcode":310109,"adname":"虹口区","business_a":"[]","location":"121.489495,31.262371","tel":"[]","bigType":"科教文化服务","midType":"培训机构","smallType":"培训机构","gcj_lng":121.489495,"gcj_lat":31.262371,"wgs84_loc":"121.485023,31.264344","wgs84Lng":"121.485023","wgs84Lat":"31.264344","__source_file__":"13-常用公服设施点/SHP/上海市_培训机构.shp"},"geometry":{"type":"Point","coordinates":[121.485023,31.264344]}},{"id":"2416","type":"Feature","properties":{"id":"B0FFGSQUV4","name":"Model L健身工作室(四川北路店)","address":"四川北路1727弄11-52号","type":"科教文化服务;培训机构;培训机构","typecode":"141400","pcode":310000,"pname":"上海市","citycode":21,"cityname":"上海市","adcode":310109,"adname":"虹口区","business_a":"宝山路","location":"121.481025,31.259496","tel":"18601776775","bigType":"科教文化服务","midType":"培训机构","smallType":"培训机构","gcj_lng":121.481025,"gcj_lat":31.259496,"wgs84_loc":"121.476524,31.261446","wgs84Lng":"121.476524","wgs84Lat":"31.261446","__source_file__":"13-常用公服设施点/SHP/上海市_培训机构.shp"},"geometry":{"type":"Point","coordinates":[121.476524,31.261446]}},{"id":"11042","type":"Feature","properties":{"id":"B0IBHNBBX3","name":"虹见教育","address":"四川北路1851众创空间二层201","type":"科教文化服务;培训机构;培训机构","typecode":"141400","pcode":310000,"pname":"上海市","citycode":21,"cityname":"上海市","adcode":310109,"adname":"虹口区","business_a":"宝山路","location":"121.483610,31.261219","tel":"[]","bigType":"科教文化服务","midType":"培训机构","smallType":"培训机构","gcj_lng":121.48361,"gcj_lat":31.261219,"wgs84_loc":"121.479118,31.263175","wgs84Lng":"121.479118","wgs84Lat":"31.263175","__source_file__":"13-常用公服设施点/SHP/上海市_培训机构.shp"},"geometry":{"type":"Point","coordinates":[121.479118,31.263175]}},{"id":"11098","type":"Feature","properties":{"id":"B0FFGM8NES","name":"舞蹈工作室","address":"四川北路1688号福德生活广场302室","type":"科教文化服务;培训机构;培训机构","typecode":"141400","pcode":310000,"pname":"上海市","citycode":21,"cityname":"上海市","adcode":310109,"adname":"虹口区","business_a":"宝山路","location":"121.483530,31.261594","tel":"[]","bigType":"科教文化服务","midType":"培训机构","smallType":"培训机构","gcj_lng":121.48353,"gcj_lat":31.261594,"wgs84_loc":"121.479037,31.26355","wgs84Lng":"121.479037","wgs84Lat":"31.26355","__source_file__":"13-常用公服设施点/SHP/上海市_培训机构.shp"},"geometry":{"type":"Point","coordinates":[121.479037,31.26355]}},{"id":"11025","type":"Feature","properties":{"id":"B0FFKUOAI8","name":"华韵国乐工作室","address":"多伦路名人街22号3楼","type":"科教文化服务;培训机构;培训机构","typecode":"141400","pcode":310000,"pname":"上海市","citycode":21,"cityname":"上海市","adcode":310109,"adname":"虹口区","business_a":"宝山路","location":"121.483217,31.261916","tel":"13045611771","bigType":"科教文化服务","midType":"培训机构","smallType":"培训机构","gcj_lng":121.483217,"gcj_lat":31.261916,"wgs84_loc":"121.478723,31.263871","wgs84Lng":"121.478723","wgs84Lat":"31.263871","__source_file__":"13-常用公服设施点/SHP/上海市_培训机构.shp"},"geometry":{"type":"Point","coordinates":[121.478723,31.263871]}},{"id":"2476","type":"Feature","properties":{"id":"B0FFI6ACIT","name":"当代美术馆","address":"多伦路27号","type":"科教文化服务;培训机构;培训机构","typecode":"141400","pcode":310000,"pname":"上海市","citycode":21,"cityname":"上海市","adcode":310109,"adname":"虹口区","business_a":"宝山路","location":"121.483521,31.261933","tel":"[]","bigType":"科教文化服务","midType":"培训机构","smallType":"培训机构","gcj_lng":121.483521,"gcj_lat":31.261933,"wgs84_loc":"121.479028,31.263889","wgs84Lng":"121.479028","wgs84Lat":"31.263889","__source_file__":"13-常用公服设施点/SHP/上海市_培训机构.shp"},"geometry":{"type":"Point","coordinates":[121.479028,31.263889]}},{"id":"10801","type":"Feature","properties":{"id":"B0FFGO8I61","name":"艺德堂","address":"多伦路68号","type":"科教文化服务;培训机构;培训机构","typecode":"141400","pcode":310000,"pname":"上海市","citycode":21,"cityname":"上海市","adcode":310109,"adname":"虹口区","business_a":"宝山路","location":"121.482215,31.262237","tel":"[]","bigType":"科教文化服务","midType":"培训机构","smallType":"培训机构","gcj_lng":121.482215,"gcj_lat":31.262237,"wgs84_loc":"121.477718,31.264189","wgs84Lng":"121.477718","wgs84Lat":"31.264189","__source_file__":"13-常用公服设施点/SHP/上海市_培训机构.shp"},"geometry":{"type":"Point","coordinates":[121.477718,31.264189]}},{"id":"6453","type":"Feature","properties":{"id":"B0FFIXDCP9","name":"好莱坞音乐进修学校(虹口中心)","address":"四川北路与多伦路文化名人街交叉口北约60米","type":"科教文化服务;培训机构;培训机构","typecode":"141400","pcode":310000,"pname":"上海市","citycode":21,"cityname":"上海市","adcode":310109,"adname":"虹口区","business_a":"宝山路","location":"121.483793,31.262520","tel":"[]","bigType":"科教文化服务","midType":"培训机构","smallType":"培训机构","gcj_lng":121.483793,"gcj_lat":31.26252,"wgs84_loc":"121.479301,31.264476","wgs84Lng":"121.479301","wgs84Lat":"31.264476","__source_file__":"13-常用公服设施点/SHP/上海市_培训机构.shp"},"geometry":{"type":"Point","coordinates":[121.479301,31.264476]}},{"id":"10845","type":"Feature","properties":{"id":"B0FFJ1NZNR","name":"凯顿儿童美语(东宝兴路分校)","address":"四川北路1941号金海岸商厦3楼","type":"科教文化服务;培训机构;培训机构","typecode":"141400","pcode":310000,"pname":"上海市","citycode":21,"cityname":"上海市","adcode":310109,"adname":"虹口区","business_a":"宝山路","location":"121.483753,31.262544","tel":"4006117668;17721055658","bigType":"科教文化服务","midType":"培训机构","smallType":"培训机构","gcj_lng":121.483753,"gcj_lat":31.262544,"wgs84_loc":"121.479261,31.2645","wgs84Lng":"121.479261","wgs84Lat":"31.2645","__source_file__":"13-常用公服设施点/SHP/上海市_培训机构.shp"},"geometry":{"type":"Point","coordinates":[121.479261,31.2645]}},{"id":"10829","type":"Feature","properties":{"id":"B0FFHTXKV9","name":"罗兰数字音乐教育(四川北路校区)","address":"四川北路1941号金海岸商场3楼","type":"科教文化服务;培训机构;培训机构","typecode":"141400","pcode":310000,"pname":"上海市","citycode":21,"cityname":"上海市","adcode":310109,"adname":"虹口区","business_a":"宝山路","location":"121.483749,31.262578","tel":"4008207780","bigType":"科教文化服务","midType":"培训机构","smallType":"培训机构","gcj_lng":121.483749,"gcj_lat":31.262578,"wgs84_loc":"121.479257,31.264534","wgs84Lng":"121.479257","wgs84Lat":"31.264534","__source_file__":"13-常用公服设施点/SHP/上海市_培训机构.shp"},"geometry":{"type":"Point","coordinates":[121.479257,31.264534]}},{"id":"11057","type":"Feature","properties":{"id":"B0HG0NUH7P","name":"余子善教书法","address":"多伦路景云里","type":"科教文化服务;培训机构;培训机构","typecode":"141400","pcode":310000,"pname":"上海市","citycode":21,"cityname":"上海市","adcode":310109,"adname":"虹口区","business_a":"宝山路","location":"121.481729,31.262935","tel":"[]","bigType":"科教文化服务","midType":"培训机构","smallType":"培训机构","gcj_lng":121.481729,"gcj_lat":31.262935,"wgs84_loc":"121.47723,31.264885","wgs84Lng":"121.47723","wgs84Lat":"31.264885","__source_file__":"13-常用公服设施点/SHP/上海市_培训机构.shp"},"geometry":{"type":"Point","coordinates":[121.47723,31.264885]}},{"id":"2458","type":"Feature","properties":{"id":"B0FFJD4K5U","name":"上海市青少年艺术进修学校(虹口校区)","address":"物华路113号久晟商务楼","type":"科教文化服务;培训机构;培训机构","typecode":"141400","pcode":310000,"pname":"上海市","citycode":21,"cityname":"上海市","adcode":310109,"adname":"虹口区","business_a":"提篮桥","location":"121.496262,31.260325","tel":"17511691955","bigType":"科教文化服务","midType":"培训机构","smallType":"培训机构","gcj_lng":121.496262,"gcj_lat":31.260325,"wgs84_loc":"121.491815,31.262319","wgs84Lng":"121.491815","wgs84Lat":"31.262319","__source_file__":"13-常用公服设施点/SHP/上海市_培训机构.shp"},"geometry":{"type":"Point","coordinates":[121.491815,31.262319]}},{"id":"15561","type":"Feature","properties":{"id":"B0G1YMS014","name":"萨莫尔创客俱乐部","address":"瑞虹路96号","type":"科教文化服务;培训机构;培训机构","typecode":"141400","pcode":310000,"pname":"上海市","citycode":21,"cityname":"上海市","adcode":310109,"adname":"虹口区","business_a":"四平路","location":"121.497735,31.261854","tel":"[]","bigType":"科教文化服务","midType":"培训机构","smallType":"培训机构","gcj_lng":121.497735,"gcj_lat":31.261854,"wgs84_loc":"121.493293,31.263852","wgs84Lng":"121.493293","wgs84Lat":"31.263852","__source_file__":"13-常用公服设施点/SHP/上海市_培训机构.shp"},"geometry":{"type":"Point","coordinates":[121.493293,31.263852]}},{"id":"6452","type":"Feature","properties":{"id":"B0FFJOEKLX","name":"伊莱(虹口中心)","address":"瑞虹路96号2层","type":"科教文化服务;培训机构;培训机构","typecode":"141400","pcode":310000,"pname":"上海市","citycode":21,"cityname":"上海市","adcode":310109,"adname":"虹口区","business_a":"四平路","location":"121.497756,31.261873","tel":"021-55156007;4000803526;13764973348","bigType":"科教文化服务","midType":"培训机构","smallType":"培训机构","gcj_lng":121.497756,"gcj_lat":31.261873,"wgs84_loc":"121.493314,31.263871","wgs84Lng":"121.493314","wgs84Lat":"31.263871","__source_file__":"13-常用公服设施点/SHP/上海市_培训机构.shp"},"geometry":{"type":"Point","coordinates":[121.493314,31.263871]}},{"id":"4366","type":"Feature","properties":{"id":"B0FFH9PRYE","name":"芭蕾无限度舞蹈中心","address":"物华路288号爱家国际大厦1号楼412A","type":"科教文化服务;培训机构;培训机构","typecode":"141400","pcode":310000,"pname":"上海市","citycode":21,"cityname":"上海市","adcode":310109,"adname":"虹口区","business_a":"四平路","location":"121.492057,31.262084","tel":"13601874250;13901688776","bigType":"科教文化服务","midType":"培训机构","smallType":"培训机构","gcj_lng":121.492057,"gcj_lat":31.262084,"wgs84_loc":"121.487594,31.264065","wgs84Lng":"121.487594","wgs84Lat":"31.264065","__source_file__":"13-常用公服设施点/SHP/上海市_培训机构.shp"},"geometry":{"type":"Point","coordinates":[121.487594,31.264065]}},{"id":"14625","type":"Feature","properties":{"id":"B0FFH180RV","name":"姚强艺术工作室","address":"临平路310号","type":"科教文化服务;培训机构;培训机构","typecode":"141400","pcode":310000,"pname":"上海市","citycode":21,"cityname":"上海市","adcode":310109,"adname":"虹口区","business_a":"四平路","location":"121.494022,31.262737","tel":"[]","bigType":"科教文化服务","midType":"培训机构","smallType":"培训机构","gcj_lng":121.494022,"gcj_lat":31.262737,"wgs84_loc":"121.489566,31.264723","wgs84Lng":"121.489566","wgs84Lat":"31.264723","__source_file__":"13-常用公服设施点/SHP/上海市_培训机构.shp"},"geometry":{"type":"Point","coordinates":[121.489566,31.264723]}},{"id":"10766","type":"Feature","properties":{"id":"B0FFGYUJCB","name":"爱莎舞蹈AZABACHE(瑞虹新城店)","address":"临平路333弄瑞虹新城一期会所2楼(瑞虹星星堂旁)","type":"科教文化服务;培训机构;培训机构","typecode":"141400","pcode":310000,"pname":"上海市","citycode":21,"cityname":"上海市","adcode":310109,"adname":"虹口区","business_a":"提篮桥","location":"121.496175,31.262818","tel":"[]","bigType":"科教文化服务","midType":"培训机构","smallType":"培训机构","gcj_lng":121.496175,"gcj_lat":31.262818,"wgs84_loc":"121.491727,31.264811","wgs84Lng":"121.491727","wgs84Lat":"31.264811","__source_file__":"13-常用公服设施点/SHP/上海市_培训机构.shp"},"geometry":{"type":"Point","coordinates":[121.491727,31.264811]}},{"id":"10928","type":"Feature","properties":{"id":"B0FFFZWWJ8","name":"上海潘野艺术工作室","address":"四平路188号商贸大厦506室","type":"科教文化服务;培训机构;培训机构","typecode":"141400","pcode":310000,"pname":"上海市","citycode":21,"cityname":"上海市","adcode":310109,"adname":"虹口区","business_a":"四平路","location":"121.490502,31.262383","tel":"17621693789","bigType":"科教文化服务","midType":"培训机构","smallType":"培训机构","gcj_lng":121.490502,"gcj_lat":31.262383,"wgs84_loc":"121.486034,31.264359","wgs84Lng":"121.486034","wgs84Lat":"31.264359","__source_file__":"13-常用公服设施点/SHP/上海市_培训机构.shp"},"geometry":{"type":"Point","coordinates":[121.486034,31.264359]}},{"id":"10786","type":"Feature","properties":{"id":"B0FFKYW7OT","name":"文质书院","address":"物华路308号物华大美201室","type":"科教文化服务;培训机构;培训机构","typecode":"141400","pcode":310000,"pname":"上海市","citycode":21,"cityname":"上海市","adcode":310109,"adname":"虹口区","business_a":"四平路","location":"121.491397,31.262487","tel":"15618617232","bigType":"科教文化服务","midType":"培训机构","smallType":"培训机构","gcj_lng":121.491397,"gcj_lat":31.262487,"wgs84_loc":"121.486932,31.264466","wgs84Lng":"121.486932","wgs84Lat":"31.264466","__source_file__":"13-常用公服设施点/SHP/上海市_培训机构.shp"},"geometry":{"type":"Point","coordinates":[121.486932,31.264466]}},{"id":"17548","type":"Feature","properties":{"id":"B0FFKKBK3C","name":"加优鹿宝BCA北美戏剧艺术中心","address":"物华路308号物华大美2层203","type":"科教文化服务;培训机构;培训机构","typecode":"141400","pcode":310000,"pname":"上海市","citycode":21,"cityname":"上海市","adcode":310109,"adname":"虹口区","business_a":"四平路","location":"121.491482,31.262536","tel":"[]","bigType":"科教文化服务","midType":"培训机构","smallType":"培训机构","gcj_lng":121.491482,"gcj_lat":31.262536,"wgs84_loc":"121.487017,31.264515","wgs84Lng":"121.487017","wgs84Lat":"31.264515","__source_file__":"13-常用公服设施点/SHP/上海市_培训机构.shp"},"geometry":{"type":"Point","coordinates":[121.487017,31.264515]}},{"id":"10782","type":"Feature","properties":{"id":"B0GUSHKQOF","name":"久点伴艺术工作室","address":"宝安路45号","type":"科教文化服务;培训机构;培训机构","typecode":"141400","pcode":310000,"pname":"上海市","citycode":21,"cityname":"上海市","adcode":310109,"adname":"虹口区","business_a":"[]","location":"121.488020,31.263871","tel":"15721473874","bigType":"科教文化服务","midType":"培训机构","smallType":"培训机构","gcj_lng":121.48802,"gcj_lat":31.263871,"wgs84_loc":"121.483543,31.265839","wgs84Lng":"121.483543","wgs84Lat":"31.265839","__source_file__":"13-常用公服设施点/SHP/上海市_培训机构.shp"},"geometry":{"type":"Point","coordinates":[121.483543,31.265839]}},{"id":"11071","type":"Feature","properties":{"id":"B0GKSLN852","name":"久画伴艺术工作室","address":"宝安路45号","type":"科教文化服务;培训机构;培训机构","typecode":"141400","pcode":310000,"pname":"上海市","citycode":21,"cityname":"上海市","adcode":310109,"adname":"虹口区","business_a":"[]","location":"121.488089,31.263922","tel":"[]","bigType":"科教文化服务","midType":"培训机构","smallType":"培训机构","gcj_lng":121.488089,"gcj_lat":31.263922,"wgs84_loc":"121.483612,31.26589","wgs84Lng":"121.483612","wgs84Lat":"31.26589","__source_file__":"13-常用公服设施点/SHP/上海市_培训机构.shp"},"geometry":{"type":"Point","coordinates":[121.483612,31.26589]}},{"id":"10784","type":"Feature","properties":{"id":"B0FFLB717S","name":"上海悦音教育培训学校","address":"宝安路49号","type":"科教文化服务;培训机构;培训机构","typecode":"141400","pcode":310000,"pname":"上海市","citycode":21,"cityname":"上海市","adcode":310109,"adname":"虹口区","business_a":"[]","location":"121.488002,31.264068","tel":"021-63257868","bigType":"科教文化服务","midType":"培训机构","smallType":"培训机构","gcj_lng":121.488002,"gcj_lat":31.264068,"wgs84_loc":"121.483525,31.266036","wgs84Lng":"121.483525","wgs84Lat":"31.266036","__source_file__":"13-常用公服设施点/SHP/上海市_培训机构.shp"},"geometry":{"type":"Point","coordinates":[121.483525,31.266036]}},{"id":"15597","type":"Feature","properties":{"id":"B0G2Z7H17S","name":"泳联游泳培训(宝安支路店)","address":"宝安支路76号","type":"科教文化服务;培训机构;培训机构","typecode":"141400","pcode":310000,"pname":"上海市","citycode":21,"cityname":"上海市","adcode":310109,"adname":"虹口区","business_a":"[]","location":"121.488340,31.264272","tel":"[]","bigType":"科教文化服务","midType":"培训机构","smallType":"培训机构","gcj_lng":121.48834,"gcj_lat":31.264272,"wgs84_loc":"121.483864,31.266241","wgs84Lng":"121.483864","wgs84Lat":"31.266241","__source_file__":"13-常用公服设施点/SHP/上海市_培训机构.shp"},"geometry":{"type":"Point","coordinates":[121.483864,31.266241]}},{"id":"10962","type":"Feature","properties":{"id":"B0H2YUXQGJ","name":"画π艺术空间","address":"山阴路168弄37号","type":"科教文化服务;培训机构;培训机构","typecode":"141400","pcode":310000,"pname":"上海市","citycode":21,"cityname":"上海市","adcode":310109,"adname":"虹口区","business_a":"宝山路","location":"121.484701,31.266543","tel":"15202117215","bigType":"科教文化服务","midType":"培训机构","smallType":"培训机构","gcj_lng":121.484701,"gcj_lat":31.266543,"wgs84_loc":"121.480212,31.2685","wgs84Lng":"121.480212","wgs84Lat":"31.2685","__source_file__":"13-常用公服设施点/SHP/上海市_培训机构.shp"},"geometry":{"type":"Point","coordinates":[121.480212,31.2685]}},{"id":"11037","type":"Feature","properties":{"id":"B0FFIVUYVV","name":"成事画室","address":"欧阳路196号法兰桥创意园1号楼B座301号蓝象教育","type":"科教文化服务;培训机构;培训机构","typecode":"141400","pcode":310000,"pname":"上海市","citycode":21,"cityname":"上海市","adcode":310109,"adname":"虹口区","business_a":"曲阳","location":"121.488266,31.266547","tel":"[]","bigType":"科教文化服务","midType":"培训机构","smallType":"培训机构","gcj_lng":121.488266,"gcj_lat":31.266547,"wgs84_loc":"121.48379,31.268515","wgs84Lng":"121.48379","wgs84Lat":"31.268515","__source_file__":"13-常用公服设施点/SHP/上海市_培训机构.shp"},"geometry":{"type":"Point","coordinates":[121.48379,31.268515]}},{"id":"10897","type":"Feature","properties":{"id":"B0FFHGCIX8","name":"石娃国学","address":"欧阳路与四达路交叉口南约60米","type":"科教文化服务;培训机构;培训机构","typecode":"141400","pcode":310000,"pname":"上海市","citycode":21,"cityname":"上海市","adcode":310109,"adname":"虹口区","business_a":"曲阳","location":"121.488557,31.266636","tel":"[]","bigType":"科教文化服务","midType":"培训机构","smallType":"培训机构","gcj_lng":121.488557,"gcj_lat":31.266636,"wgs84_loc":"121.484082,31.268605","wgs84Lng":"121.484082","wgs84Lat":"31.268605","__source_file__":"13-常用公服设施点/SHP/上海市_培训机构.shp"},"geometry":{"type":"Point","coordinates":[121.484082,31.268605]}},{"id":"10914","type":"Feature","properties":{"id":"B0G1PPIZAA","name":"王介平(中级)书法教学、创作室","address":"多伦路201弄东方村10号102室","type":"科教文化服务;培训机构;培训机构","typecode":"141400","pcode":310000,"pname":"上海市","citycode":21,"cityname":"上海市","adcode":310109,"adname":"虹口区","business_a":"宝山路","location":"121.481102,31.263731","tel":"13564319011","bigType":"科教文化服务","midType":"培训机构","smallType":"培训机构","gcj_lng":121.481102,"gcj_lat":31.263731,"wgs84_loc":"121.476601,31.265679","wgs84Lng":"121.476601","wgs84Lat":"31.265679","__source_file__":"13-常用公服设施点/SHP/上海市_培训机构.shp"},"geometry":{"type":"Point","coordinates":[121.476601,31.265679]}},{"id":"10919","type":"Feature","properties":{"id":"B0FFKZUNOA","name":"多伦文化艺术空间","address":"多伦路251号","type":"科教文化服务;培训机构;培训机构","typecode":"141400","pcode":310000,"pname":"上海市","citycode":21,"cityname":"上海市","adcode":310109,"adname":"虹口区","business_a":"宝山路","location":"121.481501,31.264309","tel":"[]","bigType":"科教文化服务","midType":"培训机构","smallType":"培训机构","gcj_lng":121.481501,"gcj_lat":31.264309,"wgs84_loc":"121.477001,31.266258","wgs84Lng":"121.477001","wgs84Lat":"31.266258","__source_file__":"13-常用公服设施点/SHP/上海市_培训机构.shp"},"geometry":{"type":"Point","coordinates":[121.477001,31.266258]}},{"id":"14240","type":"Feature","properties":{"id":"B0FFJRTBAP","name":"甜爱画室","address":"四川北路与甜爱路交叉口东北50米","type":"科教文化服务;培训机构;培训机构","typecode":"141400","pcode":310000,"pname":"上海市","citycode":21,"cityname":"上海市","adcode":310109,"adname":"虹口区","business_a":"江湾","location":"121.483448,31.264816","tel":"[]","bigType":"科教文化服务","midType":"培训机构","smallType":"培训机构","gcj_lng":121.483448,"gcj_lat":31.264816,"wgs84_loc":"121.478955,31.26677","wgs84Lng":"121.478955","wgs84Lat":"31.26677","__source_file__":"13-常用公服设施点/SHP/上海市_培训机构.shp"},"geometry":{"type":"Point","coordinates":[121.478955,31.26677]}},{"id":"13556","type":"Feature","properties":{"id":"B0FFFWVXJT","name":"森塾(虹口足球场分校)","address":"四川北路街道四川北路2088号方舟大厦天兴百货三楼","type":"科教文化服务;培训机构;培训机构","typecode":"141400","pcode":310000,"pname":"上海市","citycode":21,"cityname":"上海市","adcode":310109,"adname":"虹口区","business_a":"宝山路","location":"121.482306,31.265085","tel":"[]","bigType":"科教文化服务","midType":"培训机构","smallType":"培训机构","gcj_lng":121.482306,"gcj_lat":31.265085,"wgs84_loc":"121.477809,31.267036","wgs84Lng":"121.477809","wgs84Lat":"31.267036","__source_file__":"13-常用公服设施点/SHP/上海市_培训机构.shp"},"geometry":{"type":"Point","coordinates":[121.477809,31.267036]}},{"id":"9427","type":"Feature","properties":{"id":"B0FFKZVQOF","name":"精锐国际教育(虹口足球场中心)(暂停营业)","address":"四川北路2088号天兴百货A座4楼(近虹口龙之梦,鲁迅公园)","type":"科教文化服务;培训机构;培训机构","typecode":"141400","pcode":310000,"pname":"上海市","citycode":21,"cityname":"上海市","adcode":310109,"adname":"虹口区","business_a":"江湾","location":"121.482192,31.265096","tel":"13122053364","bigType":"科教文化服务","midType":"培训机构","smallType":"培训机构","gcj_lng":121.482192,"gcj_lat":31.265096,"wgs84_loc":"121.477694,31.267047","wgs84Lng":"121.477694","wgs84Lat":"31.267047","__source_file__":"13-常用公服设施点/SHP/上海市_培训机构.shp"},"geometry":{"type":"Point","coordinates":[121.477694,31.267047]}},{"id":"10875","type":"Feature","properties":{"id":"B0GDDCTFO3","name":"致学教育虹口校区","address":"四川北路2118号天兴百货2层","type":"科教文化服务;培训机构;培训机构","typecode":"141400","pcode":310000,"pname":"上海市","citycode":21,"cityname":"上海市","adcode":310109,"adname":"虹口区","business_a":"江湾","location":"121.482143,31.265280","tel":"4008082016","bigType":"科教文化服务","midType":"培训机构","smallType":"培训机构","gcj_lng":121.482143,"gcj_lat":31.26528,"wgs84_loc":"121.477645,31.26723","wgs84Lng":"121.477645","wgs84Lat":"31.26723","__source_file__":"13-常用公服设施点/SHP/上海市_培训机构.shp"},"geometry":{"type":"Point","coordinates":[121.477645,31.26723]}},{"id":"9435","type":"Feature","properties":{"id":"B0GR37IMMV","name":"天元学堂(天兴百货旗舰店)","address":"四川北路2118号天兴百货3楼","type":"科教文化服务;培训机构;培训机构","typecode":"141400","pcode":310000,"pname":"上海市","citycode":21,"cityname":"上海市","adcode":310109,"adname":"虹口区","business_a":"江湾","location":"121.482100,31.265372","tel":"021-66600018","bigType":"科教文化服务","midType":"培训机构","smallType":"培训机构","gcj_lng":121.4821,"gcj_lat":31.265372,"wgs84_loc":"121.477602,31.267322","wgs84Lng":"121.477602","wgs84Lat":"31.267322","__source_file__":"13-常用公服设施点/SHP/上海市_培训机构.shp"},"geometry":{"type":"Point","coordinates":[121.477602,31.267322]}},{"id":"10987","type":"Feature","properties":{"id":"B0FFIJS7CB","name":"上海创就教育培训有限公司(天兴百货店)","address":"四川北路2118号天兴百货2楼","type":"科教文化服务;培训机构;培训机构","typecode":"141400","pcode":310000,"pname":"上海市","citycode":21,"cityname":"上海市","adcode":310109,"adname":"虹口区","business_a":"江湾","location":"121.482120,31.265477","tel":"17621869256","bigType":"科教文化服务","midType":"培训机构","smallType":"培训机构","gcj_lng":121.48212,"gcj_lat":31.265477,"wgs84_loc":"121.477622,31.267427","wgs84Lng":"121.477622","wgs84Lat":"31.267427","__source_file__":"13-常用公服设施点/SHP/上海市_培训机构.shp"},"geometry":{"type":"Point","coordinates":[121.477622,31.267427]}},{"id":"12618","type":"Feature","properties":{"id":"B0GRAC6VJ1","name":"婉若新生西塔疗法东方研修中心","address":"四川北路2118号","type":"科教文化服务;培训机构;培训机构","typecode":"141400","pcode":310000,"pname":"上海市","citycode":21,"cityname":"上海市","adcode":310109,"adname":"虹口区","business_a":"宝山路","location":"121.482209,31.265730","tel":"13262538653","bigType":"科教文化服务","midType":"培训机构","smallType":"培训机构","gcj_lng":121.482209,"gcj_lat":31.26573,"wgs84_loc":"121.477711,31.26768","wgs84Lng":"121.477711","wgs84Lat":"31.26768","__source_file__":"13-常用公服设施点/SHP/上海市_培训机构.shp"},"geometry":{"type":"Point","coordinates":[121.477711,31.26768]}},{"id":"11090","type":"Feature","properties":{"id":"B0FFIVP9FI","name":"翻转教育","address":"四川北路2118号天兴百货2楼","type":"科教文化服务;培训机构;培训机构","typecode":"141400","pcode":310000,"pname":"上海市","citycode":21,"cityname":"上海市","adcode":310109,"adname":"虹口区","business_a":"江湾","location":"121.482307,31.266007","tel":"13641792421","bigType":"科教文化服务","midType":"培训机构","smallType":"培训机构","gcj_lng":121.482307,"gcj_lat":31.266007,"wgs84_loc":"121.47781,31.267958","wgs84Lng":"121.47781","wgs84Lat":"31.267958","__source_file__":"13-常用公服设施点/SHP/上海市_培训机构.shp"},"geometry":{"type":"Point","coordinates":[121.47781,31.267958]}},{"id":"152","type":"Feature","properties":{"id":"B0GKCMSJUO","name":"知音音乐艺术培训(瑞虹天地星星堂)","address":"上海市虹口区西江湾路388号龙之梦B座二层14-17号商铺","type":"科教文化服务;培训机构;培训机构","typecode":"141400","pcode":310000,"pname":"上海市","citycode":21,"cityname":"上海市","adcode":310109,"adname":"虹口区","business_a":"鞍山新村","location":"121.495730,31.264916","tel":"[]","bigType":"科教文化服务","midType":"培训机构","smallType":"培训机构","gcj_lng":121.49573,"gcj_lat":31.264916,"wgs84_loc":"121.49128,31.266907","wgs84Lng":"121.49128","wgs84Lat":"31.266907","__source_file__":"13-常用公服设施点/SHP/上海市_培训机构.shp"},"geometry":{"type":"Point","coordinates":[121.49128,31.266907]}},{"id":"10957","type":"Feature","properties":{"id":"B0HGCCJDMR","name":"Kiwi English","address":"四平路460弄","type":"科教文化服务;培训机构;培训机构","typecode":"141400","pcode":310000,"pname":"上海市","citycode":21,"cityname":"上海市","adcode":310109,"adname":"虹口区","business_a":"四平路","location":"121.493507,31.266420","tel":"18521057013","bigType":"科教文化服务","midType":"培训机构","smallType":"培训机构","gcj_lng":121.493507,"gcj_lat":31.26642,"wgs84_loc":"121.489049,31.268403","wgs84Lng":"121.489049","wgs84Lat":"31.268403","__source_file__":"13-常用公服设施点/SHP/上海市_培训机构.shp"},"geometry":{"type":"Point","coordinates":[121.489049,31.268403]}},{"id":"17550","type":"Feature","properties":{"id":"B0IAKSD9Q5","name":"美术","address":"四平路与泾东路交叉口西100米","type":"科教文化服务;培训机构;培训机构","typecode":"141400","pcode":310000,"pname":"上海市","citycode":21,"cityname":"上海市","adcode":310109,"adname":"虹口区","business_a":"曲阳","location":"121.492627,31.267789","tel":"[]","bigType":"科教文化服务","midType":"培训机构","smallType":"培训机构","gcj_lng":121.492627,"gcj_lat":31.267789,"wgs84_loc":"121.488166,31.269769","wgs84Lng":"121.488166","wgs84Lat":"31.269769","__source_file__":"13-常用公服设施点/SHP/上海市_培训机构.shp"},"geometry":{"type":"Point","coordinates":[121.488166,31.269769]}},{"id":"128","type":"Feature","properties":{"id":"B0FFKPHHA2","name":"晶灵舞蹈","address":"四平路421弄19号401室","type":"科教文化服务;培训机构;培训机构","typecode":"141400","pcode":310000,"pname":"上海市","citycode":21,"cityname":"上海市","adcode":310109,"adname":"虹口区","business_a":"曲阳","location":"121.492680,31.267808","tel":"18817873650","bigType":"科教文化服务","midType":"培训机构","smallType":"培训机构","gcj_lng":121.49268,"gcj_lat":31.267808,"wgs84_loc":"121.488219,31.269788","wgs84Lng":"121.488219","wgs84Lat":"31.269788","__source_file__":"13-常用公服设施点/SHP/上海市_培训机构.shp"},"geometry":{"type":"Point","coordinates":[121.488219,31.269788]}},{"id":"10921","type":"Feature","properties":{"id":"B0FFKT9M2G","name":"三音音乐工作室","address":"四平路421弄19号202室(微果众创空间)","type":"科教文化服务;培训机构;培训机构","typecode":"141400","pcode":310000,"pname":"上海市","citycode":21,"cityname":"上海市","adcode":310109,"adname":"虹口区","business_a":"曲阳","location":"121.492691,31.267815","tel":"18821227753","bigType":"科教文化服务","midType":"培训机构","smallType":"培训机构","gcj_lng":121.492691,"gcj_lat":31.267815,"wgs84_loc":"121.48823,31.269795","wgs84Lng":"121.48823","wgs84Lat":"31.269795","__source_file__":"13-常用公服设施点/SHP/上海市_培训机构.shp"},"geometry":{"type":"Point","coordinates":[121.48823,31.269795]}},{"id":"11083","type":"Feature","properties":{"id":"B0FFMFKTY6","name":"W·芭蕾公社","address":"四平路421弄19号401","type":"科教文化服务;培训机构;培训机构","typecode":"141400","pcode":310000,"pname":"上海市","citycode":21,"cityname":"上海市","adcode":310109,"adname":"虹口区","business_a":"曲阳","location":"121.492664,31.267877","tel":"13636611012;13916966775","bigType":"科教文化服务","midType":"培训机构","smallType":"培训机构","gcj_lng":121.492664,"gcj_lat":31.267877,"wgs84_loc":"121.488203,31.269857","wgs84Lng":"121.488203","wgs84Lat":"31.269857","__source_file__":"13-常用公服设施点/SHP/上海市_培训机构.shp"},"geometry":{"type":"Point","coordinates":[121.488203,31.269857]}},{"id":"11062","type":"Feature","properties":{"id":"B0H3TUKL7H","name":"琴棋书画","address":"欧阳路196号法兰桥创意园区1号楼A座","type":"科教文化服务;培训机构;培训机构","typecode":"141400","pcode":310000,"pname":"上海市","citycode":21,"cityname":"上海市","adcode":310109,"adname":"虹口区","business_a":"曲阳","location":"121.488566,31.266698","tel":"021-36391223","bigType":"科教文化服务","midType":"培训机构","smallType":"培训机构","gcj_lng":121.488566,"gcj_lat":31.266698,"wgs84_loc":"121.484091,31.268667","wgs84Lng":"121.484091","wgs84Lat":"31.268667","__source_file__":"13-常用公服设施点/SHP/上海市_培训机构.shp"},"geometry":{"type":"Point","coordinates":[121.484091,31.268667]}},{"id":"6464","type":"Feature","properties":{"id":"B0FFI6JA3D","name":"小彩依托育园(法兰桥店)","address":"欧阳路法兰桥创意园1号楼","type":"科教文化服务;培训机构;培训机构","typecode":"141400","pcode":310000,"pname":"上海市","citycode":21,"cityname":"上海市","adcode":310109,"adname":"虹口区","business_a":"曲阳","location":"121.488513,31.266718","tel":"[]","bigType":"科教文化服务","midType":"培训机构","smallType":"培训机构","gcj_lng":121.488513,"gcj_lat":31.266718,"wgs84_loc":"121.484037,31.268686","wgs84Lng":"121.484037","wgs84Lat":"31.268686","__source_file__":"13-常用公服设施点/SHP/上海市_培训机构.shp"},"geometry":{"type":"Point","coordinates":[121.484037,31.268686]}},{"id":"5651","type":"Feature","properties":{"id":"B0FFGCI7QZ","name":"石娃(虹口区法兰桥创意园店)","address":"欧阳路196号法兰桥1号楼201","type":"科教文化服务;培训机构;培训机构","typecode":"141400","pcode":310000,"pname":"上海市","citycode":21,"cityname":"上海市","adcode":310109,"adname":"虹口区","business_a":"曲阳","location":"121.488423,31.266729","tel":"021-36391223;13524682468","bigType":"科教文化服务","midType":"培训机构","smallType":"培训机构","gcj_lng":121.488423,"gcj_lat":31.266729,"wgs84_loc":"121.483947,31.268697","wgs84Lng":"121.483947","wgs84Lat":"31.268697","__source_file__":"13-常用公服设施点/SHP/上海市_培训机构.shp"},"geometry":{"type":"Point","coordinates":[121.483947,31.268697]}},{"id":"10965","type":"Feature","properties":{"id":"B0H1URZPFH","name":"利特蜜美式托儿所","address":"欧阳路196号法兰桥创意园区25号楼","type":"科教文化服务;培训机构;培训机构","typecode":"141400","pcode":310000,"pname":"上海市","citycode":21,"cityname":"上海市","adcode":310109,"adname":"虹口区","business_a":"曲阳","location":"121.488334,31.267089","tel":"18516000629","bigType":"科教文化服务","midType":"培训机构","smallType":"培训机构","gcj_lng":121.488334,"gcj_lat":31.267089,"wgs84_loc":"121.483858,31.269057","wgs84Lng":"121.483858","wgs84Lat":"31.269057","__source_file__":"13-常用公服设施点/SHP/上海市_培训机构.shp"},"geometry":{"type":"Point","coordinates":[121.483858,31.269057]}},{"id":"10900","type":"Feature","properties":{"id":"B0FFFA1O2D","name":"胡蕴琪艺术教育中心","address":"四达路96号","type":"科教文化服务;培训机构;培训机构","typecode":"141400","pcode":310000,"pname":"上海市","citycode":21,"cityname":"上海市","adcode":310109,"adname":"虹口区","business_a":"曲阳","location":"121.490192,31.267318","tel":"[]","bigType":"科教文化服务","midType":"培训机构","smallType":"培训机构","gcj_lng":121.490192,"gcj_lat":31.267318,"wgs84_loc":"121.485722,31.269291","wgs84Lng":"121.485722","wgs84Lat":"31.269291","__source_file__":"13-常用公服设施点/SHP/上海市_培训机构.shp"},"geometry":{"type":"Point","coordinates":[121.485722,31.269291]}},{"id":"11095","type":"Feature","properties":{"id":"B0FFH7SGIV","name":"书法工作室","address":"宝安路298号","type":"科教文化服务;培训机构;培训机构","typecode":"141400","pcode":310000,"pname":"上海市","citycode":21,"cityname":"上海市","adcode":310109,"adname":"虹口区","business_a":"曲阳","location":"121.486579,31.267393","tel":"[]","bigType":"科教文化服务","midType":"培训机构","smallType":"培训机构","gcj_lng":121.486579,"gcj_lat":31.267393,"wgs84_loc":"121.482097,31.269355","wgs84Lng":"121.482097","wgs84Lat":"31.269355","__source_file__":"13-常用公服设施点/SHP/上海市_培训机构.shp"},"geometry":{"type":"Point","coordinates":[121.482097,31.269355]}},{"id":"10930","type":"Feature","properties":{"id":"B0FFF5OZ4A","name":"上海市虹口蕴琪艺术培训学校","address":"四达路96号","type":"科教文化服务;培训机构;培训机构","typecode":"141400","pcode":310000,"pname":"上海市","citycode":21,"cityname":"上海市","adcode":310109,"adname":"虹口区","business_a":"曲阳","location":"121.490274,31.267546","tel":"[]","bigType":"科教文化服务","midType":"培训机构","smallType":"培训机构","gcj_lng":121.490274,"gcj_lat":31.267546,"wgs84_loc":"121.485805,31.269519","wgs84Lng":"121.485805","wgs84Lat":"31.269519","__source_file__":"13-常用公服设施点/SHP/上海市_培训机构.shp"},"geometry":{"type":"Point","coordinates":[121.485805,31.269519]}},{"id":"9428","type":"Feature","properties":{"id":"B0FFL7EM1S","name":"小码王少儿编程(虹口足球场校区)","address":"甜爱支路24-50号二层205、206室","type":"科教文化服务;培训机构;培训机构","typecode":"141400","pcode":310000,"pname":"上海市","citycode":21,"cityname":"上海市","adcode":310109,"adname":"虹口区","business_a":"曲阳","location":"121.483842,31.268284","tel":"13858150843","bigType":"科教文化服务","midType":"培训机构","smallType":"培训机构","gcj_lng":121.483842,"gcj_lat":31.268284,"wgs84_loc":"121.47935,31.270238","wgs84Lng":"121.47935","wgs84Lat":"31.270238","__source_file__":"13-常用公服设施点/SHP/上海市_培训机构.shp"},"geometry":{"type":"Point","coordinates":[121.47935,31.270238]}},{"id":"11059","type":"Feature","properties":{"id":"B0HA65B6ZR","name":"精锐教育(欧阳路)","address":"欧阳路虹仪小区南侧约80米","type":"科教文化服务;培训机构;培训机构","typecode":"141400","pcode":310000,"pname":"上海市","citycode":21,"cityname":"上海市","adcode":310109,"adname":"虹口区","business_a":"曲阳","location":"121.488389,31.268332","tel":"[]","bigType":"科教文化服务","midType":"培训机构","smallType":"培训机构","gcj_lng":121.488389,"gcj_lat":31.268332,"wgs84_loc":"121.483913,31.270299","wgs84Lng":"121.483913","wgs84Lat":"31.270299","__source_file__":"13-常用公服设施点/SHP/上海市_培训机构.shp"},"geometry":{"type":"Point","coordinates":[121.483913,31.270299]}},{"id":"11031","type":"Feature","properties":{"id":"B0FFG21KOA","name":"恒温游泳器械健身瑜伽舞蹈游泳专业培训","address":"欧阳路虹仪小区南侧约50米","type":"科教文化服务;培训机构;培训机构","typecode":"141400","pcode":310000,"pname":"上海市","citycode":21,"cityname":"上海市","adcode":310109,"adname":"虹口区","business_a":"曲阳","location":"121.488296,31.268370","tel":"[]","bigType":"科教文化服务","midType":"培训机构","smallType":"培训机构","gcj_lng":121.488296,"gcj_lat":31.26837,"wgs84_loc":"121.48382,31.270337","wgs84Lng":"121.48382","wgs84Lat":"31.270337","__source_file__":"13-常用公服设施点/SHP/上海市_培训机构.shp"},"geometry":{"type":"Point","coordinates":[121.48382,31.270337]}},{"id":"9444","type":"Feature","properties":{"id":"B0GUOL5K8V","name":"南北中文对外汉语培训(虹口校区)","address":"四达路58弄23号楼3楼301","type":"科教文化服务;培训机构;培训机构","typecode":"141400","pcode":310000,"pname":"上海市","citycode":21,"cityname":"上海市","adcode":310109,"adname":"虹口区","business_a":"曲阳","location":"121.491570,31.268363","tel":"[]","bigType":"科教文化服务","midType":"培训机构","smallType":"培训机构","gcj_lng":121.49157,"gcj_lat":31.268363,"wgs84_loc":"121.487105,31.27034","wgs84Lng":"121.487105","wgs84Lat":"31.27034","__source_file__":"13-常用公服设施点/SHP/上海市_培训机构.shp"},"geometry":{"type":"Point","coordinates":[121.487105,31.27034]}},{"id":"10861","type":"Feature","properties":{"id":"B0FFL0EWWT","name":"华一教育(四达路校区)","address":"四达路58弄23号三楼","type":"科教文化服务;培训机构;培训机构","typecode":"141400","pcode":310000,"pname":"上海市","citycode":21,"cityname":"上海市","adcode":310109,"adname":"虹口区","business_a":"曲阳","location":"121.491499,31.268400","tel":"18916464793","bigType":"科教文化服务","midType":"培训机构","smallType":"培训机构","gcj_lng":121.491499,"gcj_lat":31.2684,"wgs84_loc":"121.487034,31.270376","wgs84Lng":"121.487034","wgs84Lat":"31.270376","__source_file__":"13-常用公服设施点/SHP/上海市_培训机构.shp"},"geometry":{"type":"Point","coordinates":[121.487034,31.270376]}},{"id":"10912","type":"Feature","properties":{"id":"B0GUZOIKP1","name":"一日山绘画学堂","address":"甜爱支路50号201","type":"科教文化服务;培训机构;培训机构","typecode":"141400","pcode":310000,"pname":"上海市","citycode":21,"cityname":"上海市","adcode":310109,"adname":"虹口区","business_a":"曲阳","location":"121.484042,31.268589","tel":"[]","bigType":"科教文化服务","midType":"培训机构","smallType":"培训机构","gcj_lng":121.484042,"gcj_lat":31.268589,"wgs84_loc":"121.479551,31.270543","wgs84Lng":"121.479551","wgs84Lat":"31.270543","__source_file__":"13-常用公服设施点/SHP/上海市_培训机构.shp"},"geometry":{"type":"Point","coordinates":[121.479551,31.270543]}},{"id":"10958","type":"Feature","properties":{"id":"B0HDUAHKCS","name":"上海缔艺芭蕾","address":"四达路58弄23号3楼华一教育舞蹈房（SVA世博花园物业楼）","type":"科教文化服务;培训机构;培训机构","typecode":"141400","pcode":310000,"pname":"上海市","citycode":21,"cityname":"上海市","adcode":310109,"adname":"虹口区","business_a":"曲阳","location":"121.491127,31.268666","tel":"[]","bigType":"科教文化服务","midType":"培训机构","smallType":"培训机构","gcj_lng":121.491127,"gcj_lat":31.268666,"wgs84_loc":"121.486661,31.270641","wgs84Lng":"121.486661","wgs84Lat":"31.270641","__source_file__":"13-常用公服设施点/SHP/上海市_培训机构.shp"},"geometry":{"type":"Point","coordinates":[121.486661,31.270641]}},{"id":"5645","type":"Feature","properties":{"id":"B0FFGB0QFF","name":"虹口区教师进修学院-上海月嫂培训","address":"欧阳路500弄3层","type":"科教文化服务;培训机构;培训机构","typecode":"141400","pcode":310000,"pname":"上海市","citycode":21,"cityname":"上海市","adcode":310109,"adname":"虹口区","business_a":"江湾","location":"121.486351,31.272799","tel":"021-56717906","bigType":"科教文化服务","midType":"培训机构","smallType":"培训机构","gcj_lng":121.486351,"gcj_lat":31.272799,"wgs84_loc":"121.481867,31.274758","wgs84Lng":"121.481867","wgs84Lat":"31.274758","__source_file__":"13-常用公服设施点/SHP/上海市_培训机构.shp"},"geometry":{"type":"Point","coordinates":[121.481867,31.274758]}},{"id":"11044","type":"Feature","properties":{"id":"B0I6TUQ5EQ","name":"尚孔教育","address":"[]","type":"科教文化服务;培训机构;培训机构","typecode":"141400","pcode":310000,"pname":"上海市","citycode":21,"cityname":"上海市","adcode":310109,"adname":"虹口区","business_a":"曲阳","location":"121.482192,31.274289","tel":"[]","bigType":"科教文化服务","midType":"培训机构","smallType":"培训机构","gcj_lng":121.482192,"gcj_lat":31.274289,"wgs84_loc":"121.477694,31.276236","wgs84Lng":"121.477694","wgs84Lat":"31.276236","__source_file__":"13-常用公服设施点/SHP/上海市_培训机构.shp"},"geometry":{"type":"Point","coordinates":[121.477694,31.276236]}},{"id":"10891","type":"Feature","properties":{"id":"B0FFLDKMG8","name":"琴格礼音乐文化有限公司","address":"东体育会路100弄兴华小区一号楼华兴商厦14楼1406室琴格礼音乐","type":"科教文化服务;培训机构;培训机构","typecode":"141400","pcode":310000,"pname":"上海市","citycode":21,"cityname":"上海市","adcode":310109,"adname":"虹口区","business_a":"曲阳","location":"121.482058,31.274446","tel":"16601852354","bigType":"科教文化服务","midType":"培训机构","smallType":"培训机构","gcj_lng":121.482058,"gcj_lat":31.274446,"wgs84_loc":"121.477559,31.276392","wgs84Lng":"121.477559","wgs84Lat":"31.276392","__source_file__":"13-常用公服设施点/SHP/上海市_培训机构.shp"},"geometry":{"type":"Point","coordinates":[121.477559,31.276392]}},{"id":"5593","type":"Feature","properties":{"id":"B0FFIYI6L5","name":"东方名师汇","address":"西江湾路230号一统大楼C座203室","type":"科教文化服务;培训机构;培训机构","typecode":"141400","pcode":310000,"pname":"上海市","citycode":21,"cityname":"上海市","adcode":310109,"adname":"虹口区","business_a":"江湾","location":"121.478393,31.268743","tel":"18621878319","bigType":"科教文化服务","midType":"培训机构","smallType":"培训机构","gcj_lng":121.478393,"gcj_lat":31.268743,"wgs84_loc":"121.473882,31.270681","wgs84Lng":"121.473882","wgs84Lat":"31.270681","__source_file__":"13-常用公服设施点/SHP/上海市_培训机构.shp"},"geometry":{"type":"Point","coordinates":[121.473882,31.270681]}},{"id":"10789","type":"Feature","properties":{"id":"B0FFKUK23X","name":"TC英语(虹口校区)","address":"西江湾路230号一统大楼C幢703室","type":"科教文化服务;培训机构;培训机构","typecode":"141400","pcode":310000,"pname":"上海市","citycode":21,"cityname":"上海市","adcode":310109,"adname":"虹口区","business_a":"江湾","location":"121.478143,31.268807","tel":"[]","bigType":"科教文化服务","midType":"培训机构","smallType":"培训机构","gcj_lng":121.478143,"gcj_lat":31.268807,"wgs84_loc":"121.473631,31.270745","wgs84Lng":"121.473631","wgs84Lat":"31.270745","__source_file__":"13-常用公服设施点/SHP/上海市_培训机构.shp"},"geometry":{"type":"Point","coordinates":[121.473631,31.270745]}},{"id":"10935","type":"Feature","properties":{"id":"B0H23XT6O8","name":"UNITED街舞工作室","address":"西江湾路230号B栋702","type":"科教文化服务;培训机构;培训机构","typecode":"141400","pcode":310000,"pname":"上海市","citycode":21,"cityname":"上海市","adcode":310109,"adname":"虹口区","business_a":"和田","location":"121.478103,31.268825","tel":"[]","bigType":"科教文化服务","midType":"培训机构","smallType":"培训机构","gcj_lng":121.478103,"gcj_lat":31.268825,"wgs84_loc":"121.473591,31.270762","wgs84Lng":"121.473591","wgs84Lat":"31.270762","__source_file__":"13-常用公服设施点/SHP/上海市_培训机构.shp"},"geometry":{"type":"Point","coordinates":[121.473591,31.270762]}},{"id":"10954","type":"Feature","properties":{"id":"B0HUPPN8MF","name":"一糖美学美术工作室","address":"西江湾路230号B幢602室(近凯德龙之梦)","type":"科教文化服务;培训机构;培训机构","typecode":"141400","pcode":310000,"pname":"上海市","citycode":21,"cityname":"上海市","adcode":310109,"adname":"虹口区","business_a":"江湾","location":"121.478142,31.268911","tel":"[]","bigType":"科教文化服务","midType":"培训机构","smallType":"培训机构","gcj_lng":121.478142,"gcj_lat":31.268911,"wgs84_loc":"121.47363,31.270848","wgs84Lng":"121.47363","wgs84Lat":"31.270848","__source_file__":"13-常用公服设施点/SHP/上海市_培训机构.shp"},"geometry":{"type":"Point","coordinates":[121.47363,31.270848]}},{"id":"10814","type":"Feature","properties":{"id":"B0H2P7QZ4F","name":"YOUNG ART央·艺术中心","address":"西江湾路230号B栋702室","type":"科教文化服务;培训机构;培训机构","typecode":"141400","pcode":310000,"pname":"上海市","citycode":21,"cityname":"上海市","adcode":310109,"adname":"虹口区","business_a":"江湾","location":"121.478235,31.268931","tel":"[]","bigType":"科教文化服务","midType":"培训机构","smallType":"培训机构","gcj_lng":121.478235,"gcj_lat":31.268931,"wgs84_loc":"121.473724,31.270869","wgs84Lng":"121.473724","wgs84Lat":"31.270869","__source_file__":"13-常用公服设施点/SHP/上海市_培训机构.shp"},"geometry":{"type":"Point","coordinates":[121.473724,31.270869]}},{"id":"168","type":"Feature","properties":{"id":"B0G02H4Q43","name":"有乐钢琴工作室","address":"西江湾路230号A座702","type":"科教文化服务;培训机构;培训机构","typecode":"141400","pcode":310000,"pname":"上海市","citycode":21,"cityname":"上海市","adcode":310109,"adname":"虹口区","business_a":"和田","location":"121.478591,31.269045","tel":"18202121818","bigType":"科教文化服务","midType":"培训机构","smallType":"培训机构","gcj_lng":121.478591,"gcj_lat":31.269045,"wgs84_loc":"121.474081,31.270984","wgs84Lng":"121.474081","wgs84Lat":"31.270984","__source_file__":"13-常用公服设施点/SHP/上海市_培训机构.shp"},"geometry":{"type":"Point","coordinates":[121.474081,31.270984]}},{"id":"10966","type":"Feature","properties":{"id":"B0H1URXFN8","name":"墨道书法","address":"花园路16号嘉和国际大厦东楼2109室","type":"科教文化服务;培训机构;培训机构","typecode":"141400","pcode":310000,"pname":"上海市","citycode":21,"cityname":"上海市","adcode":310109,"adname":"虹口区","business_a":"和田","location":"121.478508,31.269497","tel":"[]","bigType":"科教文化服务","midType":"培训机构","smallType":"培训机构","gcj_lng":121.478508,"gcj_lat":31.269497,"wgs84_loc":"121.473998,31.271435","wgs84Lng":"121.473998","wgs84Lat":"31.271435","__source_file__":"13-常用公服设施点/SHP/上海市_培训机构.shp"},"geometry":{"type":"Point","coordinates":[121.473998,31.271435]}},{"id":"15640","type":"Feature","properties":{"id":"B0FFIJQWUH","name":"Monet莫奈油画工作室(虹口龙之梦店)","address":"花园路16号嘉和国际大厦2113室","type":"科教文化服务;培训机构;培训机构","typecode":"141400","pcode":310000,"pname":"上海市","citycode":21,"cityname":"上海市","adcode":310109,"adname":"虹口区","business_a":"江湾","location":"121.478492,31.269517","tel":"18616875233","bigType":"科教文化服务","midType":"培训机构","smallType":"培训机构","gcj_lng":121.478492,"gcj_lat":31.269517,"wgs84_loc":"121.473981,31.271455","wgs84Lng":"121.473981","wgs84Lat":"31.271455","__source_file__":"13-常用公服设施点/SHP/上海市_培训机构.shp"},"geometry":{"type":"Point","coordinates":[121.473981,31.271455]}},{"id":"2490","type":"Feature","properties":{"id":"B0FFKTAHX5","name":"初音大师钢琴艺术馆","address":"花园路16号嘉和大厦东楼1317","type":"科教文化服务;培训机构;培训机构","typecode":"141400","pcode":310000,"pname":"上海市","citycode":21,"cityname":"上海市","adcode":310109,"adname":"虹口区","business_a":"宝山路","location":"121.478584,31.269524","tel":"[]","bigType":"科教文化服务","midType":"培训机构","smallType":"培训机构","gcj_lng":121.478584,"gcj_lat":31.269524,"wgs84_loc":"121.474074,31.271462","wgs84Lng":"121.474074","wgs84Lat":"31.271462","__source_file__":"13-常用公服设施点/SHP/上海市_培训机构.shp"},"geometry":{"type":"Point","coordinates":[121.474074,31.271462]}},{"id":"9430","type":"Feature","properties":{"id":"B0HU2RTCN2","name":"熙律钢琴·吉他·架子鼓·声乐·尤克里里·小提琴(虹口足球场店)","address":"花园路与西江湾路交叉口西80米","type":"科教文化服务;培训机构;培训机构","typecode":"141400","pcode":310000,"pname":"上海市","citycode":21,"cityname":"上海市","adcode":310109,"adname":"虹口区","business_a":"和田","location":"121.478143,31.269678","tel":"13761944600","bigType":"科教文化服务","midType":"培训机构","smallType":"培训机构","gcj_lng":121.478143,"gcj_lat":31.269678,"wgs84_loc":"121.473631,31.271615","wgs84Lng":"121.473631","wgs84Lat":"31.271615","__source_file__":"13-常用公服设施点/SHP/上海市_培训机构.shp"},"geometry":{"type":"Point","coordinates":[121.473631,31.271615]}},{"id":"9432","type":"Feature","properties":{"id":"B0G3DR39VT","name":"童程童美少儿编程(上海虹口校区)","address":"花园路54号","type":"科教文化服务;培训机构;培训机构","typecode":"141400","pcode":310000,"pname":"上海市","citycode":21,"cityname":"上海市","adcode":310109,"adname":"虹口区","business_a":"和田","location":"121.477442,31.270080","tel":"4006761110;13370222970","bigType":"科教文化服务","midType":"培训机构","smallType":"培训机构","gcj_lng":121.477442,"gcj_lat":31.27008,"wgs84_loc":"121.472928,31.272015","wgs84Lng":"121.472928","wgs84Lat":"31.272015","__source_file__":"13-常用公服设施点/SHP/上海市_培训机构.shp"},"geometry":{"type":"Point","coordinates":[121.472928,31.272015]}},{"id":"9426","type":"Feature","properties":{"id":"B0FFF2UZJX","name":"精锐高端辅导虹口足球场中心","address":"花园路66号嘉和国际大厦1号楼2层(龙之梦对面)","type":"科教文化服务;培训机构;培训机构","typecode":"141400","pcode":310000,"pname":"上海市","citycode":21,"cityname":"上海市","adcode":310109,"adname":"虹口区","business_a":"和田","location":"121.477319,31.270094","tel":"[]","bigType":"科教文化服务","midType":"培训机构","smallType":"培训机构","gcj_lng":121.477319,"gcj_lat":31.270094,"wgs84_loc":"121.472804,31.272029","wgs84Lng":"121.472804","wgs84Lat":"31.272029","__source_file__":"13-常用公服设施点/SHP/上海市_培训机构.shp"},"geometry":{"type":"Point","coordinates":[121.472804,31.272029]}},{"id":"18269","type":"Feature","properties":{"id":"B0IUT420W2","name":"卜浪Belong自习室","address":"花园路84号1号楼202","type":"科教文化服务;培训机构;培训机构","typecode":"141400","pcode":310000,"pname":"上海市","citycode":21,"cityname":"上海市","adcode":310109,"adname":"虹口区","business_a":"江湾","location":"121.476735,31.270103","tel":"[]","bigType":"科教文化服务","midType":"培训机构","smallType":"培训机构","gcj_lng":121.476735,"gcj_lat":31.270103,"wgs84_loc":"121.472219,31.272036","wgs84Lng":"121.472219","wgs84Lat":"31.272036","__source_file__":"13-常用公服设施点/SHP/上海市_培训机构.shp"},"geometry":{"type":"Point","coordinates":[121.472219,31.272036]}},{"id":"9649","type":"Feature","properties":{"id":"B0FFJG3H1Z","name":"精锐教育(虹口足球场中心)","address":"花园路66号嘉和国际2楼","type":"科教文化服务;培训机构;培训机构","typecode":"141400","pcode":310000,"pname":"上海市","citycode":21,"cityname":"上海市","adcode":310109,"adname":"虹口区","business_a":"和田","location":"121.477309,31.270119","tel":"[]","bigType":"科教文化服务","midType":"培训机构","smallType":"培训机构","gcj_lng":121.477309,"gcj_lat":31.270119,"wgs84_loc":"121.472794,31.272054","wgs84Lng":"121.472794","wgs84Lat":"31.272054","__source_file__":"13-常用公服设施点/SHP/上海市_培训机构.shp"},"geometry":{"type":"Point","coordinates":[121.472794,31.272054]}},{"id":"14511","type":"Feature","properties":{"id":"B0FFG9UF6P","name":"英蕾文化","address":"同心路723号5街区A座111号","type":"科教文化服务;培训机构;培训机构","typecode":"141400","pcode":310000,"pname":"上海市","citycode":21,"cityname":"上海市","adcode":310109,"adname":"虹口区","business_a":"和田","location":"121.472721,31.270135","tel":"[]","bigType":"科教文化服务","midType":"培训机构","smallType":"培训机构","gcj_lng":121.472721,"gcj_lat":31.270135,"wgs84_loc":"121.468191,31.272057","wgs84Lng":"121.468191","wgs84Lat":"31.272057","__source_file__":"13-常用公服设施点/SHP/上海市_培训机构.shp"},"geometry":{"type":"Point","coordinates":[121.468191,31.272057]}},{"id":"6459","type":"Feature","properties":{"id":"B0G3FCNLI3","name":"艺感艺术培训中心","address":"广中路街道花园路88号华博科技大楼","type":"科教文化服务;培训机构;培训机构","typecode":"141400","pcode":310000,"pname":"上海市","citycode":21,"cityname":"上海市","adcode":310109,"adname":"虹口区","business_a":"江湾","location":"121.476435,31.270283","tel":"[]","bigType":"科教文化服务","midType":"培训机构","smallType":"培训机构","gcj_lng":121.476435,"gcj_lat":31.270283,"wgs84_loc":"121.471918,31.272215","wgs84Lng":"121.471918","wgs84Lat":"31.272215","__source_file__":"13-常用公服设施点/SHP/上海市_培训机构.shp"},"geometry":{"type":"Point","coordinates":[121.471918,31.272215]}},{"id":"10841","type":"Feature","properties":{"id":"B0FFHT5PYR","name":"微墨艺术(虹口美术中心)","address":"花园路128号德必运动LOFT创意产业园五街区A座一楼152室","type":"科教文化服务;培训机构;培训机构","typecode":"141400","pcode":310000,"pname":"上海市","citycode":21,"cityname":"上海市","adcode":310109,"adname":"虹口区","business_a":"和田","location":"121.472618,31.270336","tel":"021-63063093;13524121058","bigType":"科教文化服务","midType":"培训机构","smallType":"培训机构","gcj_lng":121.472618,"gcj_lat":31.270336,"wgs84_loc":"121.468088,31.272258","wgs84Lng":"121.468088","wgs84Lat":"31.272258","__source_file__":"13-常用公服设施点/SHP/上海市_培训机构.shp"},"geometry":{"type":"Point","coordinates":[121.468088,31.272258]}},{"id":"11091","type":"Feature","properties":{"id":"B0FFIK5C8J","name":"西木美语","address":"花园路128号运动loft园区7街区E座","type":"科教文化服务;培训机构;培训机构","typecode":"141400","pcode":310000,"pname":"上海市","citycode":21,"cityname":"上海市","adcode":310109,"adname":"虹口区","business_a":"和田","location":"121.473186,31.270438","tel":"[]","bigType":"科教文化服务","midType":"培训机构","smallType":"培训机构","gcj_lng":121.473186,"gcj_lat":31.270438,"wgs84_loc":"121.468658,31.272361","wgs84Lng":"121.468658","wgs84Lat":"31.272361","__source_file__":"13-常用公服设施点/SHP/上海市_培训机构.shp"},"geometry":{"type":"Point","coordinates":[121.468658,31.272361]}},{"id":"18361","type":"Feature","properties":{"id":"B0JB3CF78P","name":"贝兮肖像艺术中心","address":"花园路128号2街区A座362","type":"科教文化服务;培训机构;培训机构","typecode":"141400","pcode":310000,"pname":"上海市","citycode":21,"cityname":"上海市","adcode":310109,"adname":"虹口区","business_a":"和田","location":"121.472655,31.270865","tel":"17717659547","bigType":"科教文化服务","midType":"培训机构","smallType":"培训机构","gcj_lng":121.472655,"gcj_lat":31.270865,"wgs84_loc":"121.468125,31.272786","wgs84Lng":"121.468125","wgs84Lat":"31.272786","__source_file__":"13-常用公服设施点/SHP/上海市_培训机构.shp"},"geometry":{"type":"Point","coordinates":[121.468125,31.272786]}},{"id":"18410","type":"Feature","properties":{"id":"B0KAV7F3DK","name":"新东方素质成长中心(虹口龙之梦校区)","address":"西江湾路388号凯德龙之梦2楼B栋2层","type":"科教文化服务;培训机构;培训机构","typecode":"141400","pcode":310000,"pname":"上海市","citycode":21,"cityname":"上海市","adcode":310109,"adname":"虹口区","business_a":"江湾","location":"121.477283,31.270857","tel":"021-60651571","bigType":"科教文化服务","midType":"培训机构","smallType":"培训机构","gcj_lng":121.477283,"gcj_lat":31.270857,"wgs84_loc":"121.472768,31.272791","wgs84Lng":"121.472768","wgs84Lat":"31.272791","__source_file__":"13-常用公服设施点/SHP/上海市_培训机构.shp"},"geometry":{"type":"Point","coordinates":[121.472768,31.272791]}},{"id":"14398","type":"Feature","properties":{"id":"B0FFH1A1Z9","name":"至慧学堂(虹口足球场中心)","address":"花园路42号2层","type":"科教文化服务;培训机构;培训机构","typecode":"141400","pcode":310000,"pname":"上海市","citycode":21,"cityname":"上海市","adcode":310109,"adname":"虹口区","business_a":"宝山路","location":"121.477880,31.269863","tel":"4006217661","bigType":"科教文化服务","midType":"培训机构","smallType":"培训机构","gcj_lng":121.47788,"gcj_lat":31.269863,"wgs84_loc":"121.473367,31.271799","wgs84Lng":"121.473367","wgs84Lat":"31.271799","__source_file__":"13-常用公服设施点/SHP/上海市_培训机构.shp"},"geometry":{"type":"Point","coordinates":[121.473367,31.271799]}},{"id":"9433","type":"Feature","properties":{"id":"B0FFKRNMWC","name":"昂立智立方教育(虹足校区)","address":"花园路46号1楼智立方","type":"科教文化服务;培训机构;培训机构","typecode":"141400","pcode":310000,"pname":"上海市","citycode":21,"cityname":"上海市","adcode":310109,"adname":"虹口区","business_a":"和田","location":"121.477658,31.269988","tel":"4000867940","bigType":"科教文化服务","midType":"培训机构","smallType":"培训机构","gcj_lng":121.477658,"gcj_lat":31.269988,"wgs84_loc":"121.473145,31.271924","wgs84Lng":"121.473145","wgs84Lat":"31.271924","__source_file__":"13-常用公服设施点/SHP/上海市_培训机构.shp"},"geometry":{"type":"Point","coordinates":[121.473145,31.271924]}},{"id":"130","type":"Feature","properties":{"id":"B0HKOHIXGU","name":"火星羽毛球游泳乒乓球网球篮球(东江湾路店)","address":"东江湾路444号","type":"科教文化服务;培训机构;培训机构","typecode":"141400","pcode":310000,"pname":"上海市","citycode":21,"cityname":"上海市","adcode":310109,"adname":"虹口区","business_a":"江湾","location":"121.480103,31.270254","tel":"4000855550;18201834783","bigType":"科教文化服务","midType":"培训机构","smallType":"培训机构","gcj_lng":121.480103,"gcj_lat":31.270254,"wgs84_loc":"121.475598,31.272196","wgs84Lng":"121.475598","wgs84Lat":"31.272196","__source_file__":"13-常用公服设施点/SHP/上海市_培训机构.shp"},"geometry":{"type":"Point","coordinates":[121.475598,31.272196]}},{"id":"10942","type":"Feature","properties":{"id":"B0FFKFCQQW","name":"英孚教育(凯德龙之梦虹口店A座)","address":"西江湾路388号凯德龙之梦虹口店A座B2层","type":"科教文化服务;培训机构;培训机构","typecode":"141400","pcode":310000,"pname":"上海市","citycode":21,"cityname":"上海市","adcode":310109,"adname":"虹口区","business_a":"宝山路","location":"121.478071,31.270410","tel":"[]","bigType":"科教文化服务","midType":"培训机构","smallType":"培训机构","gcj_lng":121.478071,"gcj_lat":31.27041,"wgs84_loc":"121.473559,31.272347","wgs84Lng":"121.473559","wgs84Lat":"31.272347","__source_file__":"13-常用公服设施点/SHP/上海市_培训机构.shp"},"geometry":{"type":"Point","coordinates":[121.473559,31.272347]}},{"id":"11088","type":"Feature","properties":{"id":"B0FFKFCQQV","name":"ABC英语(凯德龙之梦虹口店A座)","address":"西江湾路388号凯德龙之梦虹口店A座B2层","type":"科教文化服务;培训机构;培训机构","typecode":"141400","pcode":310000,"pname":"上海市","citycode":21,"cityname":"上海市","adcode":310109,"adname":"虹口区","business_a":"宝山路","location":"121.478095,31.270475","tel":"[]","bigType":"科教文化服务","midType":"培训机构","smallType":"培训机构","gcj_lng":121.478095,"gcj_lat":31.270475,"wgs84_loc":"121.473583,31.272412","wgs84Lng":"121.473583","wgs84Lat":"31.272412","__source_file__":"13-常用公服设施点/SHP/上海市_培训机构.shp"},"geometry":{"type":"Point","coordinates":[121.473583,31.272412]}},{"id":"10768","type":"Feature","properties":{"id":"B0FFI9TNZT","name":"英孚教育青少儿英语(龙之梦购物中心)","address":"西江湾路388凯德龙之梦购物中心虹口店","type":"科教文化服务;培训机构;培训机构","typecode":"141400","pcode":310000,"pname":"上海市","citycode":21,"cityname":"上海市","adcode":310109,"adname":"虹口区","business_a":"江湾","location":"121.478251,31.270662","tel":"[]","bigType":"科教文化服务","midType":"培训机构","smallType":"培训机构","gcj_lng":121.478251,"gcj_lat":31.270662,"wgs84_loc":"121.47374,31.272599","wgs84Lng":"121.47374","wgs84Lat":"31.272599","__source_file__":"13-常用公服设施点/SHP/上海市_培训机构.shp"},"geometry":{"type":"Point","coordinates":[121.47374,31.272599]}},{"id":"10998","type":"Feature","properties":{"id":"B0HR6B75WT","name":"乐宁英语","address":"同煌路与西江湾路交叉口西南约140米","type":"科教文化服务;培训机构;培训机构","typecode":"141400","pcode":310000,"pname":"上海市","citycode":21,"cityname":"上海市","adcode":310109,"adname":"虹口区","business_a":"江湾","location":"121.477947,31.270919","tel":"[]","bigType":"科教文化服务","midType":"培训机构","smallType":"培训机构","gcj_lng":121.477947,"gcj_lat":31.270919,"wgs84_loc":"121.473435,31.272855","wgs84Lng":"121.473435","wgs84Lat":"31.272855","__source_file__":"13-常用公服设施点/SHP/上海市_培训机构.shp"},"geometry":{"type":"Point","coordinates":[121.473435,31.272855]}},{"id":"146","type":"Feature","properties":{"id":"B0H0SAZMGV","name":"上海CA舞蹈(虹口龙之梦足球场店)","address":"轻轨三号线虹口足球场站3楼302-305室近2号口","type":"科教文化服务;培训机构;培训机构","typecode":"141400","pcode":310000,"pname":"上海市","citycode":21,"cityname":"上海市","adcode":310109,"adname":"虹口区","business_a":"江湾","location":"121.479188,31.270944","tel":"15502176697","bigType":"科教文化服务","midType":"培训机构","smallType":"培训机构","gcj_lng":121.479188,"gcj_lat":31.270944,"wgs84_loc":"121.47468,31.272884","wgs84Lng":"121.47468","wgs84Lat":"31.272884","__source_file__":"13-常用公服设施点/SHP/上海市_培训机构.shp"},"geometry":{"type":"Point","coordinates":[121.47468,31.272884]}},{"id":"150","type":"Feature","properties":{"id":"B0H6D9F04Y","name":"MovingBean动感豆豆舞蹈健身公社(虹口足球场店)","address":"虹口足球场3楼","type":"科教文化服务;培训机构;培训机构","typecode":"141400","pcode":310000,"pname":"上海市","citycode":21,"cityname":"上海市","adcode":310109,"adname":"虹口区","business_a":"曲阳","location":"121.480319,31.271142","tel":"[]","bigType":"科教文化服务","midType":"培训机构","smallType":"培训机构","gcj_lng":121.480319,"gcj_lat":31.271142,"wgs84_loc":"121.475815,31.273085","wgs84Lng":"121.475815","wgs84Lat":"31.273085","__source_file__":"13-常用公服设施点/SHP/上海市_培训机构.shp"},"geometry":{"type":"Point","coordinates":[121.475815,31.273085]}},{"id":"6455","type":"Feature","properties":{"id":"B001513C74","name":"上海安装工程职业技术培训中心","address":"西江湾路450号","type":"科教文化服务;培训机构;培训机构","typecode":"141400","pcode":310000,"pname":"上海市","citycode":21,"cityname":"上海市","adcode":310109,"adname":"虹口区","business_a":"江湾","location":"121.478346,31.271633","tel":"021-65407197","bigType":"科教文化服务","midType":"培训机构","smallType":"培训机构","gcj_lng":121.478346,"gcj_lat":31.271633,"wgs84_loc":"121.473835,31.27357","wgs84Lng":"121.473835","wgs84Lat":"31.27357","__source_file__":"13-常用公服设施点/SHP/上海市_培训机构.shp"},"geometry":{"type":"Point","coordinates":[121.473835,31.27357]}},{"id":"10777","type":"Feature","properties":{"id":"B0HB24U4XZ","name":"番茄田艺术(凯德龙之梦西江湾路店)","address":"西江湾路388号虹口凯德龙之梦商业中心B座3楼27/28/33/34号","type":"科教文化服务;培训机构;培训机构","typecode":"141400","pcode":310000,"pname":"上海市","citycode":21,"cityname":"上海市","adcode":310109,"adname":"虹口区","business_a":"江湾","location":"121.477456,31.270934","tel":"15900781531;18121471703","bigType":"科教文化服务","midType":"培训机构","smallType":"培训机构","gcj_lng":121.477456,"gcj_lat":31.270934,"wgs84_loc":"121.472942,31.272869","wgs84Lng":"121.472942","wgs84Lat":"31.272869","__source_file__":"13-常用公服设施点/SHP/上海市_培训机构.shp"},"geometry":{"type":"Point","coordinates":[121.472942,31.272869]}},{"id":"9450","type":"Feature","properties":{"id":"B0FFFSXSHJ","name":"赢在起点早教中心(虹口龙之梦)","address":"西江湾路388号凯德龙之梦B区3楼(花园路口)","type":"科教文化服务;培训机构;培训机构","typecode":"141400","pcode":310000,"pname":"上海市","citycode":21,"cityname":"上海市","adcode":310109,"adname":"虹口区","business_a":"和田","location":"121.477340,31.270956","tel":"4008880268","bigType":"科教文化服务","midType":"培训机构","smallType":"培训机构","gcj_lng":121.47734,"gcj_lat":31.270956,"wgs84_loc":"121.472825,31.27289","wgs84Lng":"121.472825","wgs84Lat":"31.27289","__source_file__":"13-常用公服设施点/SHP/上海市_培训机构.shp"},"geometry":{"type":"Point","coordinates":[121.472825,31.27289]}},{"id":"138","type":"Feature","properties":{"id":"B0FFG8SGXD","name":"金宝贝(凯德龙之梦购物中心)","address":"西江湾路388号虹口凯德龙之梦3层B区11号","type":"科教文化服务;培训机构;培训机构","typecode":"141400","pcode":310000,"pname":"上海市","citycode":21,"cityname":"上海市","adcode":310109,"adname":"虹口区","business_a":"江湾","location":"121.476826,31.270960","tel":"021-56311233;4006191367","bigType":"科教文化服务","midType":"培训机构","smallType":"培训机构","gcj_lng":121.476826,"gcj_lat":31.27096,"wgs84_loc":"121.47231,31.272893","wgs84Lng":"121.47231","wgs84Lat":"31.272893","__source_file__":"13-常用公服设施点/SHP/上海市_培训机构.shp"},"geometry":{"type":"Point","coordinates":[121.47231,31.272893]}},{"id":"12623","type":"Feature","properties":{"id":"B0IG7CPAAE","name":"乐宁少儿素养中心","address":"中山北一路辅路与花园路交叉口东100米","type":"科教文化服务;培训机构;培训机构","typecode":"141400","pcode":310000,"pname":"上海市","citycode":21,"cityname":"上海市","adcode":310109,"adname":"虹口区","business_a":"江湾","location":"121.477261,31.271054","tel":"[]","bigType":"科教文化服务","midType":"培训机构","smallType":"培训机构","gcj_lng":121.477261,"gcj_lat":31.271054,"wgs84_loc":"121.472746,31.272988","wgs84Lng":"121.472746","wgs84Lat":"31.272988","__source_file__":"13-常用公服设施点/SHP/上海市_培训机构.shp"},"geometry":{"type":"Point","coordinates":[121.472746,31.272988]}},{"id":"10864","type":"Feature","properties":{"id":"B0FFKFCQVN","name":"乐宁教育(虹口龙之梦分校)","address":"西江湾路388号凯德龙之梦虹口店B座L4层","type":"科教文化服务;培训机构;培训机构","typecode":"141400","pcode":310000,"pname":"上海市","citycode":21,"cityname":"上海市","adcode":310109,"adname":"虹口区","business_a":"江湾","location":"121.477261,31.271054","tel":"4007003128","bigType":"科教文化服务","midType":"培训机构","smallType":"培训机构","gcj_lng":121.477261,"gcj_lat":31.271054,"wgs84_loc":"121.472746,31.272988","wgs84Lng":"121.472746","wgs84Lat":"31.272988","__source_file__":"13-常用公服设施点/SHP/上海市_培训机构.shp"},"geometry":{"type":"Point","coordinates":[121.472746,31.272988]}},{"id":"10866","type":"Feature","properties":{"id":"B0FFIN9536","name":"小音咖音乐教育(龙之梦校区)","address":"西江湾路388号龙之梦B座4F","type":"科教文化服务;培训机构;培训机构","typecode":"141400","pcode":310000,"pname":"上海市","citycode":21,"cityname":"上海市","adcode":310109,"adname":"虹口区","business_a":"江湾","location":"121.477259,31.271101","tel":"021-64185298","bigType":"科教文化服务","midType":"培训机构","smallType":"培训机构","gcj_lng":121.477259,"gcj_lat":31.271101,"wgs84_loc":"121.472744,31.273035","wgs84Lng":"121.472744","wgs84Lat":"31.273035","__source_file__":"13-常用公服设施点/SHP/上海市_培训机构.shp"},"geometry":{"type":"Point","coordinates":[121.472744,31.273035]}},{"id":"10823","type":"Feature","properties":{"id":"B0FFKSYVKP","name":"新奇点教育","address":"花园路128号运动LOFT创意园区1街区A座108-111室","type":"科教文化服务;培训机构;培训机构","typecode":"141400","pcode":310000,"pname":"上海市","citycode":21,"cityname":"上海市","adcode":310109,"adname":"虹口区","business_a":"和田","location":"121.473158,31.271148","tel":"021-36368338","bigType":"科教文化服务","midType":"培训机构","smallType":"培训机构","gcj_lng":121.473158,"gcj_lat":31.271148,"wgs84_loc":"121.46863,31.273071","wgs84Lng":"121.46863","wgs84Lat":"31.273071","__source_file__":"13-常用公服设施点/SHP/上海市_培训机构.shp"},"geometry":{"type":"Point","coordinates":[121.46863,31.273071]}},{"id":"131","type":"Feature","properties":{"id":"B0G10CEBV4","name":"泳联游泳培训","address":"中山北一路凯德龙之梦(西江湾路店)","type":"科教文化服务;培训机构;培训机构","typecode":"141400","pcode":310000,"pname":"上海市","citycode":21,"cityname":"上海市","adcode":310109,"adname":"虹口区","business_a":"江湾","location":"121.477214,31.271138","tel":"[]","bigType":"科教文化服务","midType":"培训机构","smallType":"培训机构","gcj_lng":121.477214,"gcj_lat":31.271138,"wgs84_loc":"121.472699,31.273072","wgs84Lng":"121.472699","wgs84Lat":"31.273072","__source_file__":"13-常用公服设施点/SHP/上海市_培训机构.shp"},"geometry":{"type":"Point","coordinates":[121.472699,31.273072]}},{"id":"10833","type":"Feature","properties":{"id":"B0FFKQWRUK","name":"Hello功夫(上海龙之梦店)","address":"西江湾路388号B03-10","type":"科教文化服务;培训机构;培训机构","typecode":"141400","pcode":310000,"pname":"上海市","citycode":21,"cityname":"上海市","adcode":310109,"adname":"虹口区","business_a":"江湾","location":"121.477219,31.271143","tel":"13366571152;13671051796","bigType":"科教文化服务","midType":"培训机构","smallType":"培训机构","gcj_lng":121.477219,"gcj_lat":31.271143,"wgs84_loc":"121.472704,31.273077","wgs84Lng":"121.472704","wgs84Lat":"31.273077","__source_file__":"13-常用公服设施点/SHP/上海市_培训机构.shp"},"geometry":{"type":"Point","coordinates":[121.472704,31.273077]}},{"id":"11061","type":"Feature","properties":{"id":"B0H3YC79JL","name":"百变创造力","address":"西江湾路388号虹口龙之梦B座3楼04","type":"科教文化服务;培训机构;培训机构","typecode":"141400","pcode":310000,"pname":"上海市","citycode":21,"cityname":"上海市","adcode":310109,"adname":"虹口区","business_a":"江湾","location":"121.477215,31.271143","tel":"[]","bigType":"科教文化服务","midType":"培训机构","smallType":"培训机构","gcj_lng":121.477215,"gcj_lat":31.271143,"wgs84_loc":"121.4727,31.273077","wgs84Lng":"121.4727","wgs84Lat":"31.273077","__source_file__":"13-常用公服设施点/SHP/上海市_培训机构.shp"},"geometry":{"type":"Point","coordinates":[121.4727,31.273077]}},{"id":"10986","type":"Feature","properties":{"id":"B0FFIY0DYZ","name":"赫芬钢琴培训中心","address":"花园路128号德必运动loftT街区A座4楼402室","type":"科教文化服务;培训机构;培训机构","typecode":"141400","pcode":310000,"pname":"上海市","citycode":21,"cityname":"上海市","adcode":310109,"adname":"虹口区","business_a":"和田","location":"121.472359,31.270252","tel":"[]","bigType":"科教文化服务","midType":"培训机构","smallType":"培训机构","gcj_lng":121.472359,"gcj_lat":31.270252,"wgs84_loc":"121.467828,31.272173","wgs84Lng":"121.467828","wgs84Lat":"31.272173","__source_file__":"13-常用公服设施点/SHP/上海市_培训机构.shp"},"geometry":{"type":"Point","coordinates":[121.467828,31.272173]}},{"id":"10869","type":"Feature","properties":{"id":"B0H6LUDNFS","name":"逸萱琴馆·古筝美学馆","address":"花园路128号5街区A座102室(地铁三号线和八号线2号口步行120米)","type":"科教文化服务;培训机构;培训机构","typecode":"141400","pcode":310000,"pname":"上海市","citycode":21,"cityname":"上海市","adcode":310109,"adname":"虹口区","business_a":"和田","location":"121.472603,31.270290","tel":"[]","bigType":"科教文化服务","midType":"培训机构","smallType":"培训机构","gcj_lng":121.472603,"gcj_lat":31.27029,"wgs84_loc":"121.468073,31.272212","wgs84Lng":"121.468073","wgs84Lat":"31.272212","__source_file__":"13-常用公服设施点/SHP/上海市_培训机构.shp"},"geometry":{"type":"Point","coordinates":[121.468073,31.272212]}},{"id":"12617","type":"Feature","properties":{"id":"B0GRN77PKS","name":"青尚青舞蹈艺术中心","address":"花园路128号德必运动loft园区3街区A座118室","type":"科教文化服务;培训机构;培训机构","typecode":"141400","pcode":310000,"pname":"上海市","citycode":21,"cityname":"上海市","adcode":310109,"adname":"虹口区","business_a":"和田","location":"121.471827,31.270586","tel":"13761144201","bigType":"科教文化服务","midType":"培训机构","smallType":"培训机构","gcj_lng":121.471827,"gcj_lat":31.270586,"wgs84_loc":"121.467294,31.272505","wgs84Lng":"121.467294","wgs84Lat":"31.272505","__source_file__":"13-常用公服设施点/SHP/上海市_培训机构.shp"},"geometry":{"type":"Point","coordinates":[121.467294,31.272505]}},{"id":"10894","type":"Feature","properties":{"id":"B0FFL2C0YI","name":"主流星","address":"花园路128号2街区A座272室","type":"科教文化服务;培训机构;培训机构","typecode":"141400","pcode":310000,"pname":"上海市","citycode":21,"cityname":"上海市","adcode":310109,"adname":"虹口区","business_a":"和田","location":"121.472607,31.270794","tel":"13166155365","bigType":"科教文化服务","midType":"培训机构","smallType":"培训机构","gcj_lng":121.472607,"gcj_lat":31.270794,"wgs84_loc":"121.468077,31.272715","wgs84Lng":"121.468077","wgs84Lat":"31.272715","__source_file__":"13-常用公服设施点/SHP/上海市_培训机构.shp"},"geometry":{"type":"Point","coordinates":[121.468077,31.272715]}},{"id":"11016","type":"Feature","properties":{"id":"B0FFIXJS66","name":"赵汝飞练字硬笔书法(虹口足球场校区)","address":"柳营路8号德必运动Loft三期A座101室","type":"科教文化服务;培训机构;培训机构","typecode":"141400","pcode":310000,"pname":"上海市","citycode":21,"cityname":"上海市","adcode":310109,"adname":"虹口区","business_a":"和田","location":"121.470705,31.271117","tel":"15317273574;18916502340","bigType":"科教文化服务","midType":"培训机构","smallType":"培训机构","gcj_lng":121.470705,"gcj_lat":31.271117,"wgs84_loc":"121.466169,31.273033","wgs84Lng":"121.466169","wgs84Lat":"31.273033","__source_file__":"13-常用公服设施点/SHP/上海市_培训机构.shp"},"geometry":{"type":"Point","coordinates":[121.466169,31.273033]}},{"id":"10889","type":"Feature","properties":{"id":"B0FFM9JWDD","name":"爵角音乐(上海虹口店)","address":"柳营路灯具城125号明凯大厦11楼1102","type":"科教文化服务;培训机构;培训机构","typecode":"141400","pcode":310000,"pname":"上海市","citycode":21,"cityname":"上海市","adcode":310109,"adname":"虹口区","business_a":"凉城","location":"121.468227,31.271327","tel":"18317101184","bigType":"科教文化服务","midType":"培训机构","smallType":"培训机构","gcj_lng":121.468227,"gcj_lat":31.271327,"wgs84_loc":"121.463683,31.273237","wgs84Lng":"121.463683","wgs84Lat":"31.273237","__source_file__":"13-常用公服设施点/SHP/上海市_培训机构.shp"},"geometry":{"type":"Point","coordinates":[121.463683,31.273237]}},{"id":"10892","type":"Feature","properties":{"id":"B0FFLAT5TT","name":"昂立英语青少年培优专家(金桥分部)","address":"柳营路8号L座308","type":"科教文化服务;培训机构;培训机构","typecode":"141400","pcode":310000,"pname":"上海市","citycode":21,"cityname":"上海市","adcode":310109,"adname":"虹口区","business_a":"和田","location":"121.470268,31.271495","tel":"[]","bigType":"科教文化服务","midType":"培训机构","smallType":"培训机构","gcj_lng":121.470268,"gcj_lat":31.271495,"wgs84_loc":"121.46573,31.27341","wgs84Lng":"121.46573","wgs84Lat":"31.27341","__source_file__":"13-常用公服设施点/SHP/上海市_培训机构.shp"},"geometry":{"type":"Point","coordinates":[121.46573,31.27341]}},{"id":"11001","type":"Feature","properties":{"id":"B0H6D63REF","name":"子集阁丨硬笔毛笔书法机构","address":"柳营路与同心路交叉口西南约60米","type":"科教文化服务;培训机构;培训机构","typecode":"141400","pcode":310000,"pname":"上海市","citycode":21,"cityname":"上海市","adcode":310109,"adname":"虹口区","business_a":"和田","location":"121.470384,31.271566","tel":"[]","bigType":"科教文化服务","midType":"培训机构","smallType":"培训机构","gcj_lng":121.470384,"gcj_lat":31.271566,"wgs84_loc":"121.465847,31.273481","wgs84Lng":"121.465847","wgs84Lat":"31.273481","__source_file__":"13-常用公服设施点/SHP/上海市_培训机构.shp"},"geometry":{"type":"Point","coordinates":[121.465847,31.273481]}},{"id":"9645","type":"Feature","properties":{"id":"B00155I0SY","name":"虹口区信息化培训中心","address":"水电路120号广中路街道社区事务受理服务中心4层","type":"科教文化服务;培训机构;培训机构","typecode":"141400","pcode":310000,"pname":"上海市","citycode":21,"cityname":"上海市","adcode":310109,"adname":"虹口区","business_a":"和田","location":"121.472448,31.273592","tel":"[]","bigType":"科教文化服务","midType":"培训机构","smallType":"培训机构","gcj_lng":121.472448,"gcj_lat":31.273592,"wgs84_loc":"121.467917,31.275512","wgs84Lng":"121.467917","wgs84Lat":"31.275512","__source_file__":"13-常用公服设施点/SHP/上海市_培训机构.shp"},"geometry":{"type":"Point","coordinates":[121.467917,31.275512]}},{"id":"10769","type":"Feature","properties":{"id":"B001572IEP","name":"公卫讲堂","address":"同心路921号公共卫生临床中心","type":"科教文化服务;培训机构;培训机构","typecode":"141400","pcode":310000,"pname":"上海市","citycode":21,"cityname":"上海市","adcode":310109,"adname":"虹口区","business_a":"凉城","location":"121.470351,31.273939","tel":"[]","bigType":"科教文化服务","midType":"培训机构","smallType":"培训机构","gcj_lng":121.470351,"gcj_lat":31.273939,"wgs84_loc":"121.465813,31.275853","wgs84Lng":"121.465813","wgs84Lat":"31.275853","__source_file__":"13-常用公服设施点/SHP/上海市_培训机构.shp"},"geometry":{"type":"Point","coordinates":[121.465813,31.275853]}},{"id":"10824","type":"Feature","properties":{"id":"B0FFKSAQHH","name":"JUMP舞蹈工作室(虹口龙之梦店)","address":"西江湾路388号虹口龙之梦B座二层B02-43(外婆家旁)","type":"科教文化服务;培训机构;培训机构","typecode":"141400","pcode":310000,"pname":"上海市","citycode":21,"cityname":"上海市","adcode":310109,"adname":"虹口区","business_a":"江湾","location":"121.477266,31.271156","tel":"021-56661190","bigType":"科教文化服务","midType":"培训机构","smallType":"培训机构","gcj_lng":121.477266,"gcj_lat":31.271156,"wgs84_loc":"121.472751,31.27309","wgs84Lng":"121.472751","wgs84Lat":"31.27309","__source_file__":"13-常用公服设施点/SHP/上海市_培训机构.shp"},"geometry":{"type":"Point","coordinates":[121.472751,31.27309]}},{"id":"11034","type":"Feature","properties":{"id":"B00157I0TI","name":"英孚教育青少儿(虹口龙之梦中心)","address":"西江湾路388号凯德龙之梦商场B座四楼","type":"科教文化服务;培训机构;培训机构","typecode":"141400","pcode":310000,"pname":"上海市","citycode":21,"cityname":"上海市","adcode":310109,"adname":"虹口区","business_a":"江湾","location":"121.477084,31.271418","tel":"4009217476","bigType":"科教文化服务","midType":"培训机构","smallType":"培训机构","gcj_lng":121.477084,"gcj_lat":31.271418,"wgs84_loc":"121.472569,31.273351","wgs84Lng":"121.472569","wgs84Lat":"31.273351","__source_file__":"13-常用公服设施点/SHP/上海市_培训机构.shp"},"geometry":{"type":"Point","coordinates":[121.472569,31.273351]}},{"id":"16515","type":"Feature","properties":{"id":"B0FFJ1TYY6","name":"攀藤培训","address":"花园路171号花园坊A2幢4楼","type":"科教文化服务;培训机构;培训机构","typecode":"141400","pcode":310000,"pname":"上海市","citycode":21,"cityname":"上海市","adcode":310109,"adname":"虹口区","business_a":"江湾","location":"121.475695,31.271713","tel":"[]","bigType":"科教文化服务","midType":"培训机构","smallType":"培训机构","gcj_lng":121.475695,"gcj_lat":31.271713,"wgs84_loc":"121.471175,31.273642","wgs84Lng":"121.471175","wgs84Lat":"31.273642","__source_file__":"13-常用公服设施点/SHP/上海市_培训机构.shp"},"geometry":{"type":"Point","coordinates":[121.471175,31.273642]}},{"id":"5637","type":"Feature","properties":{"id":"B0FFFYTWMM","name":"高顿教育(上海总部)","address":"花园路171号花园坊A3幢","type":"科教文化服务;培训机构;培训机构","typecode":"141400","pcode":310000,"pname":"上海市","citycode":21,"cityname":"上海市","adcode":310109,"adname":"虹口区","business_a":"江湾","location":"121.475350,31.271780","tel":"021-51210888;4006008011","bigType":"科教文化服务","midType":"培训机构","smallType":"培训机构","gcj_lng":121.47535,"gcj_lat":31.27178,"wgs84_loc":"121.470829,31.273708","wgs84Lng":"121.470829","wgs84Lat":"31.273708","__source_file__":"13-常用公服设施点/SHP/上海市_培训机构.shp"},"geometry":{"type":"Point","coordinates":[121.470829,31.273708]}},{"id":"10844","type":"Feature","properties":{"id":"B0GKVY1UK2","name":"火星时代教育(上海虹口校区)","address":"中山北一路121号上海花园坊节能环保产业园B1幢301室","type":"科教文化服务;培训机构;培训机构","typecode":"141400","pcode":310000,"pname":"上海市","citycode":21,"cityname":"上海市","adcode":310109,"adname":"虹口区","business_a":"江湾","location":"121.476620,31.272110","tel":"18616526245","bigType":"科教文化服务","midType":"培训机构","smallType":"培训机构","gcj_lng":121.47662,"gcj_lat":31.27211,"wgs84_loc":"121.472103,31.274042","wgs84Lng":"121.472103","wgs84Lat":"31.274042","__source_file__":"13-常用公服设施点/SHP/上海市_培训机构.shp"},"geometry":{"type":"Point","coordinates":[121.472103,31.274042]}},{"id":"17114","type":"Feature","properties":{"id":"B0FFIIJ72X","name":"美行思远创新教育(上海VR校区)","address":"花园路171号A2栋4层120室","type":"科教文化服务;培训机构;培训机构","typecode":"141400","pcode":310000,"pname":"上海市","citycode":21,"cityname":"上海市","adcode":310109,"adname":"虹口区","business_a":"江湾","location":"121.475571,31.272160","tel":"[]","bigType":"科教文化服务","midType":"培训机构","smallType":"培训机构","gcj_lng":121.475571,"gcj_lat":31.27216,"wgs84_loc":"121.47105,31.274089","wgs84Lng":"121.47105","wgs84Lat":"31.274089","__source_file__":"13-常用公服设施点/SHP/上海市_培训机构.shp"},"geometry":{"type":"Point","coordinates":[121.47105,31.274089]}},{"id":"11075","type":"Feature","properties":{"id":"B0G2P9LHV5","name":"高顿吉才学院培训基地","address":"中山北一路121号上海花园坊节能环保产业园A4幢","type":"科教文化服务;培训机构;培训机构","typecode":"141400","pcode":310000,"pname":"上海市","citycode":21,"cityname":"上海市","adcode":310109,"adname":"虹口区","business_a":"江湾","location":"121.475589,31.272279","tel":"[]","bigType":"科教文化服务","midType":"培训机构","smallType":"培训机构","gcj_lng":121.475589,"gcj_lat":31.272279,"wgs84_loc":"121.471069,31.274208","wgs84Lng":"121.471069","wgs84Lat":"31.274208","__source_file__":"13-常用公服设施点/SHP/上海市_培训机构.shp"},"geometry":{"type":"Point","coordinates":[121.471069,31.274208]}},{"id":"15457","type":"Feature","properties":{"id":"B0FFIG3H07","name":"全优升培优(虹口校区)","address":"中山北一路121号花园坊节能园区B2幢底楼","type":"科教文化服务;培训机构;培训机构","typecode":"141400","pcode":310000,"pname":"上海市","citycode":21,"cityname":"上海市","adcode":310109,"adname":"虹口区","business_a":"和田","location":"121.476129,31.272506","tel":"13918317907","bigType":"科教文化服务","midType":"培训机构","smallType":"培训机构","gcj_lng":121.476129,"gcj_lat":31.272506,"wgs84_loc":"121.47161,31.274436","wgs84Lng":"121.47161","wgs84Lat":"31.274436","__source_file__":"13-常用公服设施点/SHP/上海市_培训机构.shp"},"geometry":{"type":"Point","coordinates":[121.47161,31.274436]}},{"id":"10881","type":"Feature","properties":{"id":"B0HD6UAH2W","name":"上海优迈教育","address":"花园路171号B5幢2楼","type":"科教文化服务;培训机构;培训机构","typecode":"141400","pcode":310000,"pname":"上海市","citycode":21,"cityname":"上海市","adcode":310109,"adname":"虹口区","business_a":"江湾","location":"121.475497,31.273141","tel":"18221993874","bigType":"科教文化服务","midType":"培训机构","smallType":"培训机构","gcj_lng":121.475497,"gcj_lat":31.273141,"wgs84_loc":"121.470976,31.275069","wgs84Lng":"121.470976","wgs84Lat":"31.275069","__source_file__":"13-常用公服设施点/SHP/上海市_培训机构.shp"},"geometry":{"type":"Point","coordinates":[121.470976,31.275069]}},{"id":"16338","type":"Feature","properties":{"id":"B0GKGR8POP","name":"吉的堡少儿英语(北蔡校)","address":"陈春路109号唐人幸福里商场2层212-213号","type":"科教文化服务;培训机构;培训机构","typecode":"141400","pcode":310000,"pname":"上海市","citycode":21,"cityname":"上海市","adcode":310109,"adname":"虹口区","business_a":"和田","location":"121.473484,31.273457","tel":"[]","bigType":"科教文化服务","midType":"培训机构","smallType":"培训机构","gcj_lng":121.473484,"gcj_lat":31.273457,"wgs84_loc":"121.468957,31.27538","wgs84Lng":"121.468957","wgs84Lat":"31.27538","__source_file__":"13-常用公服设施点/SHP/上海市_培训机构.shp"},"geometry":{"type":"Point","coordinates":[121.468957,31.27538]}},{"id":"10903","type":"Feature","properties":{"id":"B0FFHIXYON","name":"圣亿作文学校(虹口校区)","address":"西江湾路420号2幢","type":"科教文化服务;培训机构;培训机构","typecode":"141400","pcode":310000,"pname":"上海市","citycode":21,"cityname":"上海市","adcode":310109,"adname":"虹口区","business_a":"江湾","location":"121.478778,31.271651","tel":"021-65871130;021-65871131","bigType":"科教文化服务","midType":"培训机构","smallType":"培训机构","gcj_lng":121.478778,"gcj_lat":31.271651,"wgs84_loc":"121.474268,31.273589","wgs84Lng":"121.474268","wgs84Lat":"31.273589","__source_file__":"13-常用公服设施点/SHP/上海市_培训机构.shp"},"geometry":{"type":"Point","coordinates":[121.474268,31.273589]}},{"id":"14934","type":"Feature","properties":{"id":"B0FFK3GZKH","name":"圣忆教育培训中心","address":"同煌路与西江湾路交叉口西北40米","type":"科教文化服务;培训机构;培训机构","typecode":"141400","pcode":310000,"pname":"上海市","citycode":21,"cityname":"上海市","adcode":310109,"adname":"虹口区","business_a":"和田","location":"121.478732,31.271662","tel":"[]","bigType":"科教文化服务","midType":"培训机构","smallType":"培训机构","gcj_lng":121.478732,"gcj_lat":31.271662,"wgs84_loc":"121.474222,31.2736","wgs84Lng":"121.474222","wgs84Lat":"31.2736","__source_file__":"13-常用公服设施点/SHP/上海市_培训机构.shp"},"geometry":{"type":"Point","coordinates":[121.474222,31.2736]}},{"id":"10901","type":"Feature","properties":{"id":"B00154DPHQ","name":"上海市安装工程集团有限公司教育培训中心","address":"西江湾路450号东楼204室","type":"科教文化服务;培训机构;培训机构","typecode":"141400","pcode":310000,"pname":"上海市","citycode":21,"cityname":"上海市","adcode":310109,"adname":"虹口区","business_a":"江湾","location":"121.478443,31.271710","tel":"[]","bigType":"科教文化服务","midType":"培训机构","smallType":"培训机构","gcj_lng":121.478443,"gcj_lat":31.27171,"wgs84_loc":"121.473932,31.273647","wgs84Lng":"121.473932","wgs84Lat":"31.273647","__source_file__":"13-常用公服设施点/SHP/上海市_培训机构.shp"},"geometry":{"type":"Point","coordinates":[121.473932,31.273647]}},{"id":"16527","type":"Feature","properties":{"id":"B00155CGPL","name":"上海市总工会工人文化宫培训中心(中山北一路)","address":"中山北一路160号上海虹口商厦","type":"科教文化服务;培训机构;培训机构","typecode":"141400","pcode":310000,"pname":"上海市","citycode":21,"cityname":"上海市","adcode":310109,"adname":"虹口区","business_a":"和田","location":"121.477870,31.272837","tel":"[]","bigType":"科教文化服务","midType":"培训机构","smallType":"培训机构","gcj_lng":121.47787,"gcj_lat":31.272837,"wgs84_loc":"121.473357,31.274772","wgs84Lng":"121.473357","wgs84Lat":"31.274772","__source_file__":"13-常用公服设施点/SHP/上海市_培训机构.shp"},"geometry":{"type":"Point","coordinates":[121.473357,31.274772]}},{"id":"14853","type":"Feature","properties":{"id":"B0FFK6H6HU","name":"蓝豚游泳培训(虹口店)","address":"东江湾路488号","type":"科教文化服务;培训机构;培训机构","typecode":"141400","pcode":310000,"pname":"上海市","citycode":21,"cityname":"上海市","adcode":310109,"adname":"虹口区","business_a":"江湾","location":"121.479675,31.273141","tel":"[]","bigType":"科教文化服务","midType":"培训机构","smallType":"培训机构","gcj_lng":121.479675,"gcj_lat":31.273141,"wgs84_loc":"121.475168,31.275081","wgs84Lng":"121.475168","wgs84Lat":"31.275081","__source_file__":"13-常用公服设施点/SHP/上海市_培训机构.shp"},"geometry":{"type":"Point","coordinates":[121.475168,31.275081]}},{"id":"17534","type":"Feature","properties":{"id":"B0FFJCSM02","name":"AA英语(虹口校区)","address":"西江湾路500号绿地阳光园3号楼西1层","type":"科教文化服务;培训机构;培训机构","typecode":"141400","pcode":310000,"pname":"上海市","citycode":21,"cityname":"上海市","adcode":310109,"adname":"虹口区","business_a":"和田","location":"121.479107,31.273184","tel":"021-56612821;021-56833988;4008204280","bigType":"科教文化服务","midType":"培训机构","smallType":"培训机构","gcj_lng":121.479107,"gcj_lat":31.273184,"wgs84_loc":"121.474598,31.275122","wgs84Lng":"121.474598","wgs84Lat":"31.275122","__source_file__":"13-常用公服设施点/SHP/上海市_培训机构.shp"},"geometry":{"type":"Point","coordinates":[121.474598,31.275122]}},{"id":"178","type":"Feature","properties":{"id":"B0G3JK27V9","name":"今时自习室","address":"东江湾路与东体育会支路交叉口西约40米","type":"科教文化服务;培训机构;培训机构","typecode":"141400","pcode":310000,"pname":"上海市","citycode":21,"cityname":"上海市","adcode":310109,"adname":"虹口区","business_a":"江湾","location":"121.479166,31.273274","tel":"[]","bigType":"科教文化服务","midType":"培训机构","smallType":"培训机构","gcj_lng":121.479166,"gcj_lat":31.273274,"wgs84_loc":"121.474657,31.275213","wgs84Lng":"121.474657","wgs84Lat":"31.275213","__source_file__":"13-常用公服设施点/SHP/上海市_培训机构.shp"},"geometry":{"type":"Point","coordinates":[121.474657,31.275213]}},{"id":"15421","type":"Feature","properties":{"id":"B0FFLOM58J","name":"绿光教育(虹口)","address":"东江湾路与东体育会支路交叉口西40米","type":"科教文化服务;培训机构;培训机构","typecode":"141400","pcode":310000,"pname":"上海市","citycode":21,"cityname":"上海市","adcode":310109,"adname":"虹口区","business_a":"江湾","location":"121.479178,31.273421","tel":"[]","bigType":"科教文化服务","midType":"培训机构","smallType":"培训机构","gcj_lng":121.479178,"gcj_lat":31.273421,"wgs84_loc":"121.474669,31.275359","wgs84Lng":"121.474669","wgs84Lat":"31.275359","__source_file__":"13-常用公服设施点/SHP/上海市_培训机构.shp"},"geometry":{"type":"Point","coordinates":[121.474669,31.275359]}},{"id":"11030","type":"Feature","properties":{"id":"B0FFH18B36","name":"全国少先辅导员培训基地","address":"西江湾路与广中路交叉口西南约80米","type":"科教文化服务;培训机构;培训机构","typecode":"141400","pcode":310000,"pname":"上海市","citycode":21,"cityname":"上海市","adcode":310109,"adname":"虹口区","business_a":"和田","location":"121.479619,31.274597","tel":"[]","bigType":"科教文化服务","midType":"培训机构","smallType":"培训机构","gcj_lng":121.479619,"gcj_lat":31.274597,"wgs84_loc":"121.475112,31.276536","wgs84Lng":"121.475112","wgs84Lat":"31.276536","__source_file__":"13-常用公服设施点/SHP/上海市_培训机构.shp"},"geometry":{"type":"Point","coordinates":[121.475112,31.276536]}},{"id":"16191","type":"Feature","properties":{"id":"B0FFGCELZC","name":"上海市志愿服务培训中心","address":"西江湾路574号","type":"科教文化服务;培训机构;培训机构","typecode":"141400","pcode":310000,"pname":"上海市","citycode":21,"cityname":"上海市","adcode":310109,"adname":"虹口区","business_a":"和田","location":"121.479516,31.274600","tel":"[]","bigType":"科教文化服务","midType":"培训机构","smallType":"培训机构","gcj_lng":121.479516,"gcj_lat":31.2746,"wgs84_loc":"121.475009,31.276539","wgs84Lng":"121.475009","wgs84Lat":"31.276539","__source_file__":"13-常用公服设施点/SHP/上海市_培训机构.shp"},"geometry":{"type":"Point","coordinates":[121.475009,31.276539]}},{"id":"10950","type":"Feature","properties":{"id":"B0FFIIRRTK","name":"嗨皮儿童托育园","address":"中山北一路189弄1号(足球场,虹口龙之梦)","type":"科教文化服务;培训机构;培训机构","typecode":"141400","pcode":310000,"pname":"上海市","citycode":21,"cityname":"上海市","adcode":310109,"adname":"虹口区","business_a":"江湾","location":"121.477354,31.273674","tel":"[]","bigType":"科教文化服务","midType":"培训机构","smallType":"培训机构","gcj_lng":121.477354,"gcj_lat":31.273674,"wgs84_loc":"121.472839,31.275607","wgs84Lng":"121.472839","wgs84Lat":"31.275607","__source_file__":"13-常用公服设施点/SHP/上海市_培训机构.shp"},"geometry":{"type":"Point","coordinates":[121.472839,31.275607]}},{"id":"10842","type":"Feature","properties":{"id":"B0FFGCEO5R","name":"广中启航驿站","address":"水电路191弄12号","type":"科教文化服务;培训机构;培训机构","typecode":"141400","pcode":310000,"pname":"上海市","citycode":21,"cityname":"上海市","adcode":310109,"adname":"虹口区","business_a":"江湾","location":"121.474442,31.274410","tel":"[]","bigType":"科教文化服务","midType":"培训机构","smallType":"培训机构","gcj_lng":121.474442,"gcj_lat":31.27441,"wgs84_loc":"121.469918,31.276335","wgs84Lng":"121.469918","wgs84Lat":"31.276335","__source_file__":"13-常用公服设施点/SHP/上海市_培训机构.shp"},"geometry":{"type":"Point","coordinates":[121.469918,31.276335]}},{"id":"10807","type":"Feature","properties":{"id":"B0FFHSGYQX","name":"通优教育(虹口校区)","address":"广中路168号宏凯公寓2楼","type":"科教文化服务;培训机构;培训机构","typecode":"141400","pcode":310000,"pname":"上海市","citycode":21,"cityname":"上海市","adcode":310109,"adname":"虹口区","business_a":"和田","location":"121.476410,31.276678","tel":"18801625090;18916792093","bigType":"科教文化服务","midType":"培训机构","smallType":"培训机构","gcj_lng":121.47641,"gcj_lat":31.276678,"wgs84_loc":"121.471892,31.278607","wgs84Lng":"121.471892","wgs84Lat":"31.278607","__source_file__":"13-常用公服设施点/SHP/上海市_培训机构.shp"},"geometry":{"type":"Point","coordinates":[121.471892,31.278607]}},{"id":"11046","type":"Feature","properties":{"id":"B0I6BR0GDR","name":"上海近代教育","address":"广中路地道宏凯公寓","type":"科教文化服务;培训机构;培训机构","typecode":"141400","pcode":310000,"pname":"上海市","citycode":21,"cityname":"上海市","adcode":310109,"adname":"虹口区","business_a":"江湾","location":"121.476476,31.276689","tel":"[]","bigType":"科教文化服务","midType":"培训机构","smallType":"培训机构","gcj_lng":121.476476,"gcj_lat":31.276689,"wgs84_loc":"121.471958,31.278619","wgs84Lng":"121.471958","wgs84Lat":"31.278619","__source_file__":"13-常用公服设施点/SHP/上海市_培训机构.shp"},"geometry":{"type":"Point","coordinates":[121.471958,31.278619]}},{"id":"15539","type":"Feature","properties":{"id":"B0FFLG6E66","name":"致学1对6中小学全科辅导虹口学习中心","address":"东体育会路与东体育会支路交叉口西北40米","type":"科教文化服务;培训机构;培训机构","typecode":"141400","pcode":310000,"pname":"上海市","citycode":21,"cityname":"上海市","adcode":310109,"adname":"虹口区","business_a":"江湾","location":"121.480612,31.274625","tel":"[]","bigType":"科教文化服务","midType":"培训机构","smallType":"培训机构","gcj_lng":121.480612,"gcj_lat":31.274625,"wgs84_loc":"121.476108,31.276567","wgs84Lng":"121.476108","wgs84Lat":"31.276567","__source_file__":"13-常用公服设施点/SHP/上海市_培训机构.shp"},"geometry":{"type":"Point","coordinates":[121.476108,31.276567]}}],"name":"上海市_培训机构","crs":{"type":"name","properties":{"name":"urn:ogc:def:crs:OGC:1.3:CRS84"}}}