{"type":"FeatureCollection","features":[{"id":"1406","type":"Feature","properties":{"id":"B0FFHK06EO","name":"静安公园办公室","address":"南京西路1649号静安公园内","type":"政府机构及社会团体;政府及社会团体相关;政府及社会团体相关","typecode":"130000","pcode":310000,"pname":"上海市","citycode":21,"cityname":"上海市","adcode":310106,"adname":"静安区","business_a":"曹家渡","location":"121.447093,31.221528","tel":"[]","bigType":"政府机构及社会团体","midType":"政府及社会团体相关","smallType":"政府及社会团体相关","gcj_lng":121.447093,"gcj_lat":31.221528,"wgs84_loc":"121.442496,31.223412","wgs84Lng":"121.442496","wgs84Lat":"31.223412","__source_file__":"13-常用公服设施点/SHP/上海市_政府及社会团体相关.shp"},"geometry":{"type":"Point","coordinates":[121.442496,31.223412]}},{"id":"1753","type":"Feature","properties":{"id":"B0FFJYC1PK","name":"中国司法","address":"万航渡路92号","type":"政府机构及社会团体;政府及社会团体相关;政府及社会团体相关","typecode":"130000","pcode":310000,"pname":"上海市","citycode":21,"cityname":"上海市","adcode":310106,"adname":"静安区","business_a":"淮海路","location":"121.452645,31.222747","tel":"[]","bigType":"政府机构及社会团体","midType":"政府及社会团体相关","smallType":"政府及社会团体相关","gcj_lng":121.452645,"gcj_lat":31.222747,"wgs84_loc":"121.448061,31.224641","wgs84Lng":"121.448061","wgs84Lat":"31.224641","__source_file__":"13-常用公服设施点/SHP/上海市_政府及社会团体相关.shp"},"geometry":{"type":"Point","coordinates":[121.448061,31.224641]}},{"id":"72","type":"Feature","properties":{"id":"B0FFG30GZP","name":"北京国博文物检测鉴定中心","address":"延安中路841号东方海外大厦13层","type":"政府机构及社会团体;政府及社会团体相关;政府及社会团体相关","typecode":"130000","pcode":310000,"pname":"上海市","citycode":21,"cityname":"上海市","adcode":310106,"adname":"静安区","business_a":"淮海路","location":"121.454267,31.223080","tel":"[]","bigType":"政府机构及社会团体","midType":"政府及社会团体相关","smallType":"政府及社会团体相关","gcj_lng":121.454267,"gcj_lat":31.22308,"wgs84_loc":"121.449687,31.224978","wgs84Lng":"121.449687","wgs84Lat":"31.224978","__source_file__":"13-常用公服设施点/SHP/上海市_政府及社会团体相关.shp"},"geometry":{"type":"Point","coordinates":[121.449687,31.224978]}},{"id":"1746","type":"Feature","properties":{"id":"B0FFGOHSTS","name":"伦敦发展促进署上海办公室","address":"南京西路1601号越洋广场3831室","type":"政府机构及社会团体;政府及社会团体相关;政府及社会团体相关","typecode":"130000","pcode":310000,"pname":"上海市","citycode":21,"cityname":"上海市","adcode":310106,"adname":"静安区","business_a":"湖南路","location":"121.447609,31.223142","tel":"[]","bigType":"政府机构及社会团体","midType":"政府及社会团体相关","smallType":"政府及社会团体相关","gcj_lng":121.447609,"gcj_lat":31.223142,"wgs84_loc":"121.443013,31.225026","wgs84Lng":"121.443013","wgs84Lat":"31.225026","__source_file__":"13-常用公服设施点/SHP/上海市_政府及社会团体相关.shp"},"geometry":{"type":"Point","coordinates":[121.443013,31.225026]}},{"id":"1407","type":"Feature","properties":{"id":"B0FFJKX5OC","name":"上海市静安公证处","address":"万航渡路88号","type":"政府机构及社会团体;政府及社会团体相关;政府及社会团体相关","typecode":"130000","pcode":310000,"pname":"上海市","citycode":21,"cityname":"上海市","adcode":310106,"adname":"静安区","business_a":"曹家渡","location":"121.443089,31.224336","tel":"[]","bigType":"政府机构及社会团体","midType":"政府及社会团体相关","smallType":"政府及社会团体相关","gcj_lng":121.443089,"gcj_lat":31.224336,"wgs84_loc":"121.438482,31.226211","wgs84Lng":"121.438482","wgs84Lat":"31.226211","__source_file__":"13-常用公服设施点/SHP/上海市_政府及社会团体相关.shp"},"geometry":{"type":"Point","coordinates":[121.438482,31.226211]}},{"id":"950","type":"Feature","properties":{"id":"B0FFINMWWR","name":"静安法院审判法庭大楼(分部)","address":"万春路康定路","type":"政府机构及社会团体;政府及社会团体相关;政府及社会团体相关","typecode":"130000","pcode":310000,"pname":"上海市","citycode":21,"cityname":"上海市","adcode":310106,"adname":"静安区","business_a":"曹家渡","location":"121.435627,31.230323","tel":"[]","bigType":"政府机构及社会团体","midType":"政府及社会团体相关","smallType":"政府及社会团体相关","gcj_lng":121.435627,"gcj_lat":31.230323,"wgs84_loc":"121.431005,31.232183","wgs84Lng":"121.431005","wgs84Lat":"31.232183","__source_file__":"13-常用公服设施点/SHP/上海市_政府及社会团体相关.shp"},"geometry":{"type":"Point","coordinates":[121.431005,31.232183]}},{"id":"16","type":"Feature","properties":{"id":"B0FFH7NK78","name":"CPW社区公益站","address":"瑞金一路121弄48号","type":"政府机构及社会团体;政府及社会团体相关;政府及社会团体相关","typecode":"130000","pcode":310000,"pname":"上海市","citycode":21,"cityname":"上海市","adcode":310101,"adname":"黄浦区","business_a":"淮海路","location":"121.466492,31.220467","tel":"[]","bigType":"政府机构及社会团体","midType":"政府及社会团体相关","smallType":"政府及社会团体相关","gcj_lng":121.466492,"gcj_lat":31.220467,"wgs84_loc":"121.461947,31.222395","wgs84Lng":"121.461947","wgs84Lat":"31.222395","__source_file__":"13-常用公服设施点/SHP/上海市_政府及社会团体相关.shp"},"geometry":{"type":"Point","coordinates":[121.461947,31.222395]}},{"id":"929","type":"Feature","properties":{"id":"B0HBTP1I5T","name":"政务服务中心","address":"巨鹿路709弄甲","type":"政府机构及社会团体;政府及社会团体相关;政府及社会团体相关","typecode":"130000","pcode":310000,"pname":"上海市","citycode":21,"cityname":"上海市","adcode":310106,"adname":"静安区","business_a":"淮海路","location":"121.455589,31.221514","tel":"[]","bigType":"政府机构及社会团体","midType":"政府及社会团体相关","smallType":"政府及社会团体相关","gcj_lng":121.455589,"gcj_lat":31.221514,"wgs84_loc":"121.451013,31.223415","wgs84Lng":"121.451013","wgs84Lat":"31.223415","__source_file__":"13-常用公服设施点/SHP/上海市_政府及社会团体相关.shp"},"geometry":{"type":"Point","coordinates":[121.451013,31.223415]}},{"id":"1715","type":"Feature","properties":{"id":"B0FFHTWJR4","name":"上海市帝斗工程办公室","address":"巨鹿路与茂名南路交叉口西北50米","type":"政府机构及社会团体;政府及社会团体相关;政府及社会团体相关","typecode":"130000","pcode":310000,"pname":"上海市","citycode":21,"cityname":"上海市","adcode":310101,"adname":"黄浦区","business_a":"淮海路","location":"121.460354,31.223145","tel":"[]","bigType":"政府机构及社会团体","midType":"政府及社会团体相关","smallType":"政府及社会团体相关","gcj_lng":121.460354,"gcj_lat":31.223145,"wgs84_loc":"121.455791,31.225056","wgs84Lng":"121.455791","wgs84Lat":"31.225056","__source_file__":"13-常用公服设施点/SHP/上海市_政府及社会团体相关.shp"},"geometry":{"type":"Point","coordinates":[121.455791,31.225056]}},{"id":"11","type":"Feature","properties":{"id":"B0FFJRSVWN","name":"南京西路街道慈善超市","address":"东晨大街100号上海花园","type":"政府机构及社会团体;政府及社会团体相关;政府及社会团体相关","typecode":"130000","pcode":310000,"pname":"上海市","citycode":21,"cityname":"上海市","adcode":310106,"adname":"静安区","business_a":"淮海路","location":"121.461315,31.225210","tel":"15821407785","bigType":"政府机构及社会团体","midType":"政府及社会团体相关","smallType":"政府及社会团体相关","gcj_lng":121.461315,"gcj_lat":31.22521,"wgs84_loc":"121.456754,31.227123","wgs84Lng":"121.456754","wgs84Lat":"31.227123","__source_file__":"13-常用公服设施点/SHP/上海市_政府及社会团体相关.shp"},"geometry":{"type":"Point","coordinates":[121.456754,31.227123]}},{"id":"409","type":"Feature","properties":{"id":"B0G3SXYCR2","name":"交通警察","address":"延安东路立交桥中凯城市之光","type":"政府机构及社会团体;政府及社会团体相关;政府及社会团体相关","typecode":"130000","pcode":310000,"pname":"上海市","citycode":21,"cityname":"上海市","adcode":310106,"adname":"静安区","business_a":"淮海路","location":"121.467064,31.226456","tel":"[]","bigType":"政府机构及社会团体","midType":"政府及社会团体相关","smallType":"政府及社会团体相关","gcj_lng":121.467064,"gcj_lat":31.226456,"wgs84_loc":"121.46252,31.228383","wgs84Lng":"121.46252","wgs84Lat":"31.228383","__source_file__":"13-常用公服设施点/SHP/上海市_政府及社会团体相关.shp"},"geometry":{"type":"Point","coordinates":[121.46252,31.228383]}},{"id":"952","type":"Feature","properties":{"id":"B0HAL77JCP","name":"葡萄牙驻上海总领事馆","address":"威海路567-579号晶采世纪大厦16层","type":"政府机构及社会团体;政府及社会团体相关;政府及社会团体相关","typecode":"130000","pcode":310000,"pname":"上海市","citycode":21,"cityname":"上海市","adcode":310106,"adname":"静安区","business_a":"淮海路","location":"121.461118,31.226750","tel":"[]","bigType":"政府机构及社会团体","midType":"政府及社会团体相关","smallType":"政府及社会团体相关","gcj_lng":121.461118,"gcj_lat":31.22675,"wgs84_loc":"121.456557,31.228662","wgs84Lng":"121.456557","wgs84Lat":"31.228662","__source_file__":"13-常用公服设施点/SHP/上海市_政府及社会团体相关.shp"},"geometry":{"type":"Point","coordinates":[121.456557,31.228662]}},{"id":"408","type":"Feature","properties":{"id":"B0FFGJ8KE1","name":"上海欧洲学会","address":"成都北路199号恒利国际大厦803号","type":"政府机构及社会团体;政府及社会团体相关;政府及社会团体相关","typecode":"130000","pcode":310000,"pname":"上海市","citycode":21,"cityname":"上海市","adcode":310106,"adname":"静安区","business_a":"淮海路","location":"121.466678,31.227009","tel":"[]","bigType":"政府机构及社会团体","midType":"政府及社会团体相关","smallType":"政府及社会团体相关","gcj_lng":121.466678,"gcj_lat":31.227009,"wgs84_loc":"121.462133,31.228934","wgs84Lng":"121.462133","wgs84Lat":"31.228934","__source_file__":"13-常用公服设施点/SHP/上海市_政府及社会团体相关.shp"},"geometry":{"type":"Point","coordinates":[121.462133,31.228934]}},{"id":"1706","type":"Feature","properties":{"id":"B0FFHVZULM","name":"长发大厦-办公室","address":"威海路128号附近","type":"政府机构及社会团体;政府及社会团体相关;政府及社会团体相关","typecode":"130000","pcode":310000,"pname":"上海市","citycode":21,"cityname":"上海市","adcode":310101,"adname":"黄浦区","business_a":"淮海路","location":"121.468311,31.227896","tel":"[]","bigType":"政府机构及社会团体","midType":"政府及社会团体相关","smallType":"政府及社会团体相关","gcj_lng":121.468311,"gcj_lat":31.227896,"wgs84_loc":"121.463771,31.229825","wgs84Lng":"121.463771","wgs84Lat":"31.229825","__source_file__":"13-常用公服设施点/SHP/上海市_政府及社会团体相关.shp"},"geometry":{"type":"Point","coordinates":[121.463771,31.229825]}},{"id":"1751","type":"Feature","properties":{"id":"B0H1BPHH46","name":"上海市朗诵协会","address":"青海路与威海路交叉口西北约200米","type":"政府机构及社会团体;政府及社会团体相关;政府及社会团体相关","typecode":"130000","pcode":310000,"pname":"上海市","citycode":21,"cityname":"上海市","adcode":310106,"adname":"静安区","business_a":"淮海路","location":"121.464439,31.229063","tel":"[]","bigType":"政府机构及社会团体","midType":"政府及社会团体相关","smallType":"政府及社会团体相关","gcj_lng":121.464439,"gcj_lat":31.229063,"wgs84_loc":"121.459887,31.230982","wgs84Lng":"121.459887","wgs84Lat":"31.230982","__source_file__":"13-常用公服设施点/SHP/上海市_政府及社会团体相关.shp"},"geometry":{"type":"Point","coordinates":[121.459887,31.230982]}},{"id":"1551","type":"Feature","properties":{"id":"B0FFIDJJHO","name":"收费管理中心","address":"成都北路555商厦","type":"政府机构及社会团体;政府及社会团体相关;政府及社会团体相关","typecode":"130000","pcode":310000,"pname":"上海市","citycode":21,"cityname":"上海市","adcode":310106,"adname":"静安区","business_a":"淮海路","location":"121.466573,31.230375","tel":"[]","bigType":"政府机构及社会团体","midType":"政府及社会团体相关","smallType":"政府及社会团体相关","gcj_lng":121.466573,"gcj_lat":31.230375,"wgs84_loc":"121.462027,31.232298","wgs84Lng":"121.462027","wgs84Lat":"31.232298","__source_file__":"13-常用公服设施点/SHP/上海市_政府及社会团体相关.shp"},"geometry":{"type":"Point","coordinates":[121.462027,31.232298]}},{"id":"80","type":"Feature","properties":{"id":"B0FFJOX0YU","name":"国家税务总局上海市税务局第二稽查局","address":"常德路319号京德大楼8-15层","type":"政府机构及社会团体;政府及社会团体相关;政府及社会团体相关","typecode":"130000","pcode":310000,"pname":"上海市","citycode":21,"cityname":"上海市","adcode":310106,"adname":"静安区","business_a":"曹家渡","location":"121.446851,31.226642","tel":"021-62187060","bigType":"政府机构及社会团体","midType":"政府及社会团体相关","smallType":"政府及社会团体相关","gcj_lng":121.446851,"gcj_lat":31.226642,"wgs84_loc":"121.442253,31.228523","wgs84Lng":"121.442253","wgs84Lat":"31.228523","__source_file__":"13-常用公服设施点/SHP/上海市_政府及社会团体相关.shp"},"geometry":{"type":"Point","coordinates":[121.442253,31.228523]}},{"id":"953","type":"Feature","properties":{"id":"B0FFKM994Q","name":"德国驻沪总领事馆领事处","address":"SOHO东海广场8层","type":"政府机构及社会团体;政府及社会团体相关;政府及社会团体相关","typecode":"130000","pcode":310000,"pname":"上海市","citycode":21,"cityname":"上海市","adcode":310106,"adname":"静安区","business_a":"曹家渡","location":"121.448712,31.226789","tel":"[]","bigType":"政府机构及社会团体","midType":"政府及社会团体相关","smallType":"政府及社会团体相关","gcj_lng":121.448712,"gcj_lat":31.226789,"wgs84_loc":"121.444118,31.228673","wgs84Lng":"121.444118","wgs84Lat":"31.228673","__source_file__":"13-常用公服设施点/SHP/上海市_政府及社会团体相关.shp"},"geometry":{"type":"Point","coordinates":[121.444118,31.228673]}},{"id":"1568","type":"Feature","properties":{"id":"B0FFFZZT6P","name":"大明宣德炉检测交易中心","address":"北京西路常德路1465号国立大厦","type":"政府机构及社会团体;政府及社会团体相关;政府及社会团体相关","typecode":"130000","pcode":310000,"pname":"上海市","citycode":21,"cityname":"上海市","adcode":310106,"adname":"静安区","business_a":"曹家渡","location":"121.448010,31.227167","tel":"[]","bigType":"政府机构及社会团体","midType":"政府及社会团体相关","smallType":"政府及社会团体相关","gcj_lng":121.44801,"gcj_lat":31.227167,"wgs84_loc":"121.443414,31.22905","wgs84Lng":"121.443414","wgs84Lat":"31.22905","__source_file__":"13-常用公服设施点/SHP/上海市_政府及社会团体相关.shp"},"geometry":{"type":"Point","coordinates":[121.443414,31.22905]}},{"id":"1563","type":"Feature","properties":{"id":"B0FFG0C48R","name":"上海瓷器检测交易中心","address":"北京西路常德路1465号国立大厦6层","type":"政府机构及社会团体;政府及社会团体相关;政府及社会团体相关","typecode":"130000","pcode":310000,"pname":"上海市","citycode":21,"cityname":"上海市","adcode":310106,"adname":"静安区","business_a":"曹家渡","location":"121.448010,31.227167","tel":"[]","bigType":"政府机构及社会团体","midType":"政府及社会团体相关","smallType":"政府及社会团体相关","gcj_lng":121.44801,"gcj_lat":31.227167,"wgs84_loc":"121.443414,31.22905","wgs84Lng":"121.443414","wgs84Lat":"31.22905","__source_file__":"13-常用公服设施点/SHP/上海市_政府及社会团体相关.shp"},"geometry":{"type":"Point","coordinates":[121.443414,31.22905]}},{"id":"1564","type":"Feature","properties":{"id":"B0FFG6TGDF","name":"上海铜镜鉴定检测中心","address":"北京西路1465号国立大厦海外部","type":"政府机构及社会团体;政府及社会团体相关;政府及社会团体相关","typecode":"130000","pcode":310000,"pname":"上海市","citycode":21,"cityname":"上海市","adcode":310106,"adname":"静安区","business_a":"曹家渡","location":"121.447840,31.227177","tel":"[]","bigType":"政府机构及社会团体","midType":"政府及社会团体相关","smallType":"政府及社会团体相关","gcj_lng":121.44784,"gcj_lat":31.227177,"wgs84_loc":"121.443244,31.229059","wgs84Lng":"121.443244","wgs84Lat":"31.229059","__source_file__":"13-常用公服设施点/SHP/上海市_政府及社会团体相关.shp"},"geometry":{"type":"Point","coordinates":[121.443244,31.229059]}},{"id":"1571","type":"Feature","properties":{"id":"B0FFG6M92K","name":"九眼天珠鉴定检测交易中心","address":"北京西路1465号国立大厦6层","type":"政府机构及社会团体;政府及社会团体相关;政府及社会团体相关","typecode":"130000","pcode":310000,"pname":"上海市","citycode":21,"cityname":"上海市","adcode":310106,"adname":"静安区","business_a":"曹家渡","location":"121.447834,31.227187","tel":"[]","bigType":"政府机构及社会团体","midType":"政府及社会团体相关","smallType":"政府及社会团体相关","gcj_lng":121.447834,"gcj_lat":31.227187,"wgs84_loc":"121.443238,31.229069","wgs84Lng":"121.443238","wgs84Lat":"31.229069","__source_file__":"13-常用公服设施点/SHP/上海市_政府及社会团体相关.shp"},"geometry":{"type":"Point","coordinates":[121.443238,31.229069]}},{"id":"2473","type":"Feature","properties":{"id":"B0HR3OKTNL","name":"上海黄花梨鉴定交易中心","address":"北京西路常德路1465号国立大厦7楼","type":"政府机构及社会团体;政府及社会团体相关;政府及社会团体相关","typecode":"130000","pcode":310000,"pname":"上海市","citycode":21,"cityname":"上海市","adcode":310106,"adname":"静安区","business_a":"曹家渡","location":"121.447930,31.227314","tel":"[]","bigType":"政府机构及社会团体","midType":"政府及社会团体相关","smallType":"政府及社会团体相关","gcj_lng":121.44793,"gcj_lat":31.227314,"wgs84_loc":"121.443334,31.229196","wgs84Lng":"121.443334","wgs84Lat":"31.229196","__source_file__":"13-常用公服设施点/SHP/上海市_政府及社会团体相关.shp"},"geometry":{"type":"Point","coordinates":[121.443334,31.229196]}},{"id":"1565","type":"Feature","properties":{"id":"B0FFGC263Z","name":"上海市教育委员会","address":"陕西北路500号","type":"政府机构及社会团体;政府及社会团体相关;政府及社会团体相关","typecode":"130000","pcode":310000,"pname":"上海市","citycode":21,"cityname":"上海市","adcode":310106,"adname":"静安区","business_a":"曹家渡","location":"121.452758,31.231564","tel":"[]","bigType":"政府机构及社会团体","midType":"政府及社会团体相关","smallType":"政府及社会团体相关","gcj_lng":121.452758,"gcj_lat":31.231564,"wgs84_loc":"121.448173,31.233454","wgs84Lng":"121.448173","wgs84Lat":"31.233454","__source_file__":"13-常用公服设施点/SHP/上海市_政府及社会团体相关.shp"},"geometry":{"type":"Point","coordinates":[121.448173,31.233454]}},{"id":"75","type":"Feature","properties":{"id":"B0FFI4VB8J","name":"石门二路街道慈善超市","address":"新闸路1132号","type":"政府机构及社会团体;政府及社会团体相关;政府及社会团体相关","typecode":"130000","pcode":310000,"pname":"上海市","citycode":21,"cityname":"上海市","adcode":310106,"adname":"静安区","business_a":"淮海路","location":"121.454546,31.233011","tel":"[]","bigType":"政府机构及社会团体","midType":"政府及社会团体相关","smallType":"政府及社会团体相关","gcj_lng":121.454546,"gcj_lat":31.233011,"wgs84_loc":"121.449966,31.234905","wgs84Lng":"121.449966","wgs84Lat":"31.234905","__source_file__":"13-常用公服设施点/SHP/上海市_政府及社会团体相关.shp"},"geometry":{"type":"Point","coordinates":[121.449966,31.234905]}},{"id":"1567","type":"Feature","properties":{"id":"B0FFGOF4M3","name":"慈善爱心园","address":"常德路818号1楼","type":"政府机构及社会团体;政府及社会团体相关;政府及社会团体相关","typecode":"130000","pcode":310000,"pname":"上海市","citycode":21,"cityname":"上海市","adcode":310106,"adname":"静安区","business_a":"曹家渡","location":"121.442780,31.234228","tel":"[]","bigType":"政府机构及社会团体","midType":"政府及社会团体相关","smallType":"政府及社会团体相关","gcj_lng":121.44278,"gcj_lat":31.234228,"wgs84_loc":"121.438172,31.236098","wgs84Lng":"121.438172","wgs84Lat":"31.236098","__source_file__":"13-常用公服设施点/SHP/上海市_政府及社会团体相关.shp"},"geometry":{"type":"Point","coordinates":[121.438172,31.236098]}},{"id":"82","type":"Feature","properties":{"id":"B0FFJP5V9B","name":"国家税务总局上海市静安区税务局第八税务所","address":"昌平路991号","type":"政府机构及社会团体;政府及社会团体相关;政府及社会团体相关","typecode":"130000","pcode":310000,"pname":"上海市","citycode":21,"cityname":"上海市","adcode":310106,"adname":"静安区","business_a":"曹家渡","location":"121.437047,31.232269","tel":"[]","bigType":"政府机构及社会团体","midType":"政府及社会团体相关","smallType":"政府及社会团体相关","gcj_lng":121.437047,"gcj_lat":31.232269,"wgs84_loc":"121.432428,31.23413","wgs84Lng":"121.432428","wgs84Lat":"31.23413","__source_file__":"13-常用公服设施点/SHP/上海市_政府及社会团体相关.shp"},"geometry":{"type":"Point","coordinates":[121.432428,31.23413]}},{"id":"83","type":"Feature","properties":{"id":"B0FFFEAQFB","name":"静安区税务局第十一税务所","address":"昌平路991号静安区税务局","type":"政府机构及社会团体;政府及社会团体相关;政府及社会团体相关","typecode":"130000","pcode":310000,"pname":"上海市","citycode":21,"cityname":"上海市","adcode":310106,"adname":"静安区","business_a":"曹家渡","location":"121.437095,31.232296","tel":"[]","bigType":"政府机构及社会团体","midType":"政府及社会团体相关","smallType":"政府及社会团体相关","gcj_lng":121.437095,"gcj_lat":31.232296,"wgs84_loc":"121.432476,31.234157","wgs84Lng":"121.432476","wgs84Lat":"31.234157","__source_file__":"13-常用公服设施点/SHP/上海市_政府及社会团体相关.shp"},"geometry":{"type":"Point","coordinates":[121.432476,31.234157]}},{"id":"1410","type":"Feature","properties":{"id":"B0FFFE4Y3F","name":"上海市静安区人民法院立案接待大厅","address":"武宁南路448号","type":"政府机构及社会团体;政府及社会团体相关;政府及社会团体相关","typecode":"130000","pcode":310000,"pname":"上海市","citycode":21,"cityname":"上海市","adcode":310106,"adname":"静安区","business_a":"曹家渡","location":"121.431920,31.232520","tel":"[]","bigType":"政府机构及社会团体","midType":"政府及社会团体相关","smallType":"政府及社会团体相关","gcj_lng":121.43192,"gcj_lat":31.23252,"wgs84_loc":"121.427292,31.234374","wgs84Lng":"121.427292","wgs84Lat":"31.234374","__source_file__":"13-常用公服设施点/SHP/上海市_政府及社会团体相关.shp"},"geometry":{"type":"Point","coordinates":[121.427292,31.234374]}},{"id":"612","type":"Feature","properties":{"id":"B0FFKJ9KB0","name":"曹家渡派出所","address":"余姚路529号","type":"政府机构及社会团体;政府及社会团体相关;政府及社会团体相关","typecode":"130000","pcode":310000,"pname":"上海市","citycode":21,"cityname":"上海市","adcode":310106,"adname":"静安区","business_a":"曹家渡","location":"121.434432,31.23275","tel":"[]","bigType":"政府机构及社会团体","midType":"政府及社会团体相关","smallType":"政府及社会团体相关","gcj_lng":121.434432,"gcj_lat":31.23275,"wgs84_loc":"121.429808,31.234607","wgs84Lng":"121.429808","wgs84Lat":"31.234607","__source_file__":"13-常用公服设施点/SHP/上海市_政府及社会团体相关.shp"},"geometry":{"type":"Point","coordinates":[121.429808,31.234607]}},{"id":"1561","type":"Feature","properties":{"id":"B0FFIYV9RX","name":"静安公安分局居民身份证拍照点","address":"余姚路519-1号附近","type":"政府机构及社会团体;政府及社会团体相关;政府及社会团体相关","typecode":"130000","pcode":310000,"pname":"上海市","citycode":21,"cityname":"上海市","adcode":310106,"adname":"静安区","business_a":"曹家渡","location":"121.434284,31.232980","tel":"[]","bigType":"政府机构及社会团体","midType":"政府及社会团体相关","smallType":"政府及社会团体相关","gcj_lng":121.434284,"gcj_lat":31.23298,"wgs84_loc":"121.42966,31.234837","wgs84Lng":"121.42966","wgs84Lat":"31.234837","__source_file__":"13-常用公服设施点/SHP/上海市_政府及社会团体相关.shp"},"geometry":{"type":"Point","coordinates":[121.42966,31.234837]}},{"id":"1559","type":"Feature","properties":{"id":"B0FFIB3JPX","name":"上海市静安区学习型城区建设联合会","address":"昌平路与胶州路交叉口南50米","type":"政府机构及社会团体;政府及社会团体相关;政府及社会团体相关","typecode":"130000","pcode":310000,"pname":"上海市","citycode":21,"cityname":"上海市","adcode":310106,"adname":"静安区","business_a":"曹家渡","location":"121.440743,31.233408","tel":"[]","bigType":"政府机构及社会团体","midType":"政府及社会团体相关","smallType":"政府及社会团体相关","gcj_lng":121.440743,"gcj_lat":31.233408,"wgs84_loc":"121.436131,31.235275","wgs84Lng":"121.436131","wgs84Lat":"31.235275","__source_file__":"13-常用公服设施点/SHP/上海市_政府及社会团体相关.shp"},"geometry":{"type":"Point","coordinates":[121.436131,31.235275]}},{"id":"77","type":"Feature","properties":{"id":"B0FFK2QJJ8","name":"曹家渡街道慈善超市","address":"延平路488号","type":"政府机构及社会团体;政府及社会团体相关;政府及社会团体相关","typecode":"130000","pcode":310000,"pname":"上海市","citycode":21,"cityname":"上海市","adcode":310106,"adname":"静安区","business_a":"曹家渡","location":"121.436992,31.234679","tel":"021-52125895","bigType":"政府机构及社会团体","midType":"政府及社会团体相关","smallType":"政府及社会团体相关","gcj_lng":121.436992,"gcj_lat":31.234679,"wgs84_loc":"121.432372,31.236539","wgs84Lng":"121.432372","wgs84Lat":"31.236539","__source_file__":"13-常用公服设施点/SHP/上海市_政府及社会团体相关.shp"},"geometry":{"type":"Point","coordinates":[121.432372,31.236539]}},{"id":"2283","type":"Feature","properties":{"id":"B0FFJWNAWC","name":"上海冷冻空调行业协会","address":"胶州路699号403室","type":"政府机构及社会团体;政府及社会团体相关;政府及社会团体相关","typecode":"130000","pcode":310000,"pname":"上海市","citycode":21,"cityname":"上海市","adcode":310106,"adname":"静安区","business_a":"曹家渡","location":"121.439750,31.234869","tel":"021-66086281;021-66086282","bigType":"政府机构及社会团体","midType":"政府及社会团体相关","smallType":"政府及社会团体相关","gcj_lng":121.43975,"gcj_lat":31.234869,"wgs84_loc":"121.435136,31.236733","wgs84Lng":"121.435136","wgs84Lat":"31.236733","__source_file__":"13-常用公服设施点/SHP/上海市_政府及社会团体相关.shp"},"geometry":{"type":"Point","coordinates":[121.435136,31.236733]}},{"id":"2054","type":"Feature","properties":{"id":"B0FFGHC0W9","name":"普陀征收一所","address":"安远路554号","type":"政府机构及社会团体;政府及社会团体相关;政府及社会团体相关","typecode":"130000","pcode":310000,"pname":"上海市","citycode":21,"cityname":"上海市","adcode":310107,"adname":"普陀区","business_a":"曹家渡","location":"121.437069,31.236410","tel":"[]","bigType":"政府机构及社会团体","midType":"政府及社会团体相关","smallType":"政府及社会团体相关","gcj_lng":121.437069,"gcj_lat":31.23641,"wgs84_loc":"121.432449,31.238269","wgs84Lng":"121.432449","wgs84Lat":"31.238269","__source_file__":"13-常用公服设施点/SHP/上海市_政府及社会团体相关.shp"},"geometry":{"type":"Point","coordinates":[121.432449,31.238269]}},{"id":"1552","type":"Feature","properties":{"id":"B0FFK2515B","name":"上海市围棋协会","address":"南京西路与成都北路辅路交叉口西约100米","type":"政府机构及社会团体;政府及社会团体相关;政府及社会团体相关","typecode":"130000","pcode":310000,"pname":"上海市","citycode":21,"cityname":"上海市","adcode":310106,"adname":"静安区","business_a":"淮海路","location":"121.465618,31.230741","tel":"[]","bigType":"政府机构及社会团体","midType":"政府及社会团体相关","smallType":"政府及社会团体相关","gcj_lng":121.465618,"gcj_lat":31.230741,"wgs84_loc":"121.461069,31.232662","wgs84Lng":"121.461069","wgs84Lat":"31.232662","__source_file__":"13-常用公服设施点/SHP/上海市_政府及社会团体相关.shp"},"geometry":{"type":"Point","coordinates":[121.461069,31.232662]}},{"id":"939","type":"Feature","properties":{"id":"B0GD5C4QJX","name":"黄浦消防支队北京中队","address":"北京西路295号","type":"政府机构及社会团体;政府及社会团体相关;政府及社会团体相关","typecode":"130000","pcode":310000,"pname":"上海市","citycode":21,"cityname":"上海市","adcode":310101,"adname":"黄浦区","business_a":"北京东路","location":"121.468413,31.235226","tel":"[]","bigType":"政府机构及社会团体","midType":"政府及社会团体相关","smallType":"政府及社会团体相关","gcj_lng":121.468413,"gcj_lat":31.235226,"wgs84_loc":"121.463873,31.237152","wgs84Lng":"121.463873","wgs84Lat":"31.237152","__source_file__":"13-常用公服设施点/SHP/上海市_政府及社会团体相关.shp"},"geometry":{"type":"Point","coordinates":[121.463873,31.237152]}},{"id":"977","type":"Feature","properties":{"id":"B0G2SAKGJ7","name":"静安区石门二路街道社区党群服务中心","address":"石门二路347号(石门二路武定路路口)","type":"政府机构及社会团体;政府及社会团体相关;政府及社会团体相关|生活服务;生活服务场所;生活服务场所","typecode":"130000|070000","pcode":310000,"pname":"上海市","citycode":21,"cityname":"上海市","adcode":310106,"adname":"静安区","business_a":"淮海路","location":"121.459254,31.236529","tel":"021-32586657","bigType":"政府机构及社会团体","midType":"政府及社会团体相关","smallType":"政府及社会团体相关|生活服务","gcj_lng":121.459254,"gcj_lat":31.236529,"wgs84_loc":"121.454686,31.238432","wgs84Lng":"121.454686","wgs84Lat":"31.238432","__source_file__":"13-常用公服设施点/SHP/上海市_政府及社会团体相关.shp"},"geometry":{"type":"Point","coordinates":[121.454686,31.238432]}},{"id":"2060","type":"Feature","properties":{"id":"B0FFI7L7YD","name":"通安里社区居民之家","address":"泰兴路泰府名邸","type":"政府机构及社会团体;政府及社会团体相关;政府及社会团体相关","typecode":"130000","pcode":310000,"pname":"上海市","citycode":21,"cityname":"上海市","adcode":310106,"adname":"静安区","business_a":"曹家渡","location":"121.455857,31.236677","tel":"[]","bigType":"政府机构及社会团体","midType":"政府及社会团体相关","smallType":"政府及社会团体相关","gcj_lng":121.455857,"gcj_lat":31.236677,"wgs84_loc":"121.45128,31.238572","wgs84Lng":"121.45128","wgs84Lat":"31.238572","__source_file__":"13-常用公服设施点/SHP/上海市_政府及社会团体相关.shp"},"geometry":{"type":"Point","coordinates":[121.45128,31.238572]}},{"id":"1557","type":"Feature","properties":{"id":"B0FFH182PQ","name":"上海市静安区天主教爱国会","address":"大田路369号","type":"政府机构及社会团体;政府及社会团体相关;政府及社会团体相关","typecode":"130000","pcode":310000,"pname":"上海市","citycode":21,"cityname":"上海市","adcode":310106,"adname":"静安区","business_a":"北京东路","location":"121.462667,31.236697","tel":"[]","bigType":"政府机构及社会团体","midType":"政府及社会团体相关","smallType":"政府及社会团体相关","gcj_lng":121.462667,"gcj_lat":31.236697,"wgs84_loc":"121.458109,31.238608","wgs84Lng":"121.458109","wgs84Lat":"31.238608","__source_file__":"13-常用公服设施点/SHP/上海市_政府及社会团体相关.shp"},"geometry":{"type":"Point","coordinates":[121.458109,31.238608]}},{"id":"2197","type":"Feature","properties":{"id":"B0GRP1MB7D","name":"南京东路街道承兴老年日拖所","address":"青岛路与黄河路交叉口西南80米","type":"政府机构及社会团体;政府及社会团体相关;政府及社会团体相关","typecode":"130000","pcode":310000,"pname":"上海市","citycode":21,"cityname":"上海市","adcode":310101,"adname":"黄浦区","business_a":"北京东路","location":"121.468595,31.237164","tel":"[]","bigType":"政府机构及社会团体","midType":"政府及社会团体相关","smallType":"政府及社会团体相关","gcj_lng":121.468595,"gcj_lat":31.237164,"wgs84_loc":"121.464055,31.23909","wgs84Lng":"121.464055","wgs84Lat":"31.23909","__source_file__":"13-常用公服设施点/SHP/上海市_政府及社会团体相关.shp"},"geometry":{"type":"Point","coordinates":[121.464055,31.23909]}},{"id":"1562","type":"Feature","properties":{"id":"B0FFH31GQ4","name":"网格中心","address":"大田路551号2楼","type":"政府机构及社会团体;政府及社会团体相关;政府及社会团体相关","typecode":"130000","pcode":310000,"pname":"上海市","citycode":21,"cityname":"上海市","adcode":310106,"adname":"静安区","business_a":"[]","location":"121.461013,31.238945","tel":"[]","bigType":"政府机构及社会团体","midType":"政府及社会团体相关","smallType":"政府及社会团体相关","gcj_lng":121.461013,"gcj_lat":31.238945,"wgs84_loc":"121.45645,31.240851","wgs84Lng":"121.45645","wgs84Lat":"31.240851","__source_file__":"13-常用公服设施点/SHP/上海市_政府及社会团体相关.shp"},"geometry":{"type":"Point","coordinates":[121.45645,31.240851]}},{"id":"955","type":"Feature","properties":{"id":"B0FFLEW0LP","name":"静安区天目西路街道红十字服务总站","address":"长安路与恒通路交叉口东南约60米","type":"政府机构及社会团体;政府及社会团体相关;政府及社会团体相关","typecode":"130000","pcode":310000,"pname":"上海市","citycode":21,"cityname":"上海市","adcode":310106,"adname":"静安区","business_a":"[]","location":"121.456887,31.239980","tel":"[]","bigType":"政府机构及社会团体","midType":"政府及社会团体相关","smallType":"政府及社会团体相关","gcj_lng":121.456887,"gcj_lat":31.23998,"wgs84_loc":"121.452313,31.241876","wgs84Lng":"121.452313","wgs84Lat":"31.241876","__source_file__":"13-常用公服设施点/SHP/上海市_政府及社会团体相关.shp"},"geometry":{"type":"Point","coordinates":[121.452313,31.241876]}},{"id":"1755","type":"Feature","properties":{"id":"B0FFK96F4J","name":"北站街道城市综合管理中心","address":"光复路311号","type":"政府机构及社会团体;政府及社会团体相关;政府及社会团体相关","typecode":"130000","pcode":310000,"pname":"上海市","citycode":21,"cityname":"上海市","adcode":310106,"adname":"静安区","business_a":"北京东路","location":"121.466729,31.241120","tel":"[]","bigType":"政府机构及社会团体","midType":"政府及社会团体相关","smallType":"政府及社会团体相关","gcj_lng":121.466729,"gcj_lat":31.24112,"wgs84_loc":"121.462183,31.243039","wgs84Lng":"121.462183","wgs84Lat":"31.243039","__source_file__":"13-常用公服设施点/SHP/上海市_政府及社会团体相关.shp"},"geometry":{"type":"Point","coordinates":[121.462183,31.243039]}},{"id":"1744","type":"Feature","properties":{"id":"B0FFH169R0","name":"中国公证","address":"恒丰路与恒通路交叉口西40米","type":"政府机构及社会团体;政府及社会团体相关;政府及社会团体相关","typecode":"130000","pcode":310000,"pname":"上海市","citycode":21,"cityname":"上海市","adcode":310106,"adname":"静安区","business_a":"[]","location":"121.456997,31.241278","tel":"[]","bigType":"政府机构及社会团体","midType":"政府及社会团体相关","smallType":"政府及社会团体相关","gcj_lng":121.456997,"gcj_lat":31.241278,"wgs84_loc":"121.452423,31.243173","wgs84Lng":"121.452423","wgs84Lat":"31.243173","__source_file__":"13-常用公服设施点/SHP/上海市_政府及社会团体相关.shp"},"geometry":{"type":"Point","coordinates":[121.452423,31.243173]}},{"id":"415","type":"Feature","properties":{"id":"B0FFGH4NC1","name":"上海市白茅岭农场办事处","address":"康定路358号","type":"政府机构及社会团体;政府及社会团体相关;政府及社会团体相关","typecode":"130000","pcode":310000,"pname":"上海市","citycode":21,"cityname":"上海市","adcode":310106,"adname":"静安区","business_a":"曹家渡","location":"121.450050,31.235247","tel":"[]","bigType":"政府机构及社会团体","midType":"政府及社会团体相关","smallType":"政府及社会团体相关","gcj_lng":121.45005,"gcj_lat":31.235247,"wgs84_loc":"121.445458,31.23713","wgs84Lng":"121.445458","wgs84Lat":"31.23713","__source_file__":"13-常用公服设施点/SHP/上海市_政府及社会团体相关.shp"},"geometry":{"type":"Point","coordinates":[121.445458,31.23713]}},{"id":"1569","type":"Feature","properties":{"id":"B0FFFR6C4F","name":"上海市计算机行业协会质量鉴定测试中心","address":"昌平路451-453-1-455附近","type":"政府机构及社会团体;政府及社会团体相关;政府及社会团体相关","typecode":"130000","pcode":310000,"pname":"上海市","citycode":21,"cityname":"上海市","adcode":310106,"adname":"静安区","business_a":"曹家渡","location":"121.445460,31.235970","tel":"[]","bigType":"政府机构及社会团体","midType":"政府及社会团体相关","smallType":"政府及社会团体相关","gcj_lng":121.44546,"gcj_lat":31.23597,"wgs84_loc":"121.440858,31.237844","wgs84Lng":"121.440858","wgs84Lat":"31.237844","__source_file__":"13-常用公服设施点/SHP/上海市_政府及社会团体相关.shp"},"geometry":{"type":"Point","coordinates":[121.440858,31.237844]}},{"id":"1558","type":"Feature","properties":{"id":"B0FFH18C6O","name":"上海市静安区江宁社区安全防互助协会","address":"江宁路与康定路交叉口西北120米","type":"政府机构及社会团体;政府及社会团体相关;政府及社会团体相关","typecode":"130000","pcode":310000,"pname":"上海市","citycode":21,"cityname":"上海市","adcode":310106,"adname":"静安区","business_a":"曹家渡","location":"121.450662,31.236005","tel":"[]","bigType":"政府机构及社会团体","midType":"政府及社会团体相关","smallType":"政府及社会团体相关","gcj_lng":121.450662,"gcj_lat":31.236005,"wgs84_loc":"121.446072,31.237889","wgs84Lng":"121.446072","wgs84Lat":"31.237889","__source_file__":"13-常用公服设施点/SHP/上海市_政府及社会团体相关.shp"},"geometry":{"type":"Point","coordinates":[121.446072,31.237889]}},{"id":"2229","type":"Feature","properties":{"id":"B0FFJRTV1Q","name":"上海市静安区江宁路街道人大代表之家","address":"陕西北路927号","type":"政府机构及社会团体;政府及社会团体相关;政府及社会团体相关","typecode":"130000","pcode":310000,"pname":"上海市","citycode":21,"cityname":"上海市","adcode":310106,"adname":"静安区","business_a":"曹家渡","location":"121.447353,31.237060","tel":"[]","bigType":"政府机构及社会团体","midType":"政府及社会团体相关","smallType":"政府及社会团体相关","gcj_lng":121.447353,"gcj_lat":31.23706,"wgs84_loc":"121.442755,31.238937","wgs84Lng":"121.442755","wgs84Lat":"31.238937","__source_file__":"13-常用公服设施点/SHP/上海市_政府及社会团体相关.shp"},"geometry":{"type":"Point","coordinates":[121.442755,31.238937]}},{"id":"2137","type":"Feature","properties":{"id":"B0FFHUJQI6","name":"江宁路街道人民调解委员会警民联调工作室","address":"陕西北路927-1号附近","type":"政府机构及社会团体;政府及社会团体相关;政府及社会团体相关","typecode":"130000","pcode":310000,"pname":"上海市","citycode":21,"cityname":"上海市","adcode":310106,"adname":"静安区","business_a":"曹家渡","location":"121.447366,31.237175","tel":"[]","bigType":"政府机构及社会团体","midType":"政府及社会团体相关","smallType":"政府及社会团体相关","gcj_lng":121.447366,"gcj_lat":31.237175,"wgs84_loc":"121.442768,31.239052","wgs84Lng":"121.442768","wgs84Lat":"31.239052","__source_file__":"13-常用公服设施点/SHP/上海市_政府及社会团体相关.shp"},"geometry":{"type":"Point","coordinates":[121.442768,31.239052]}},{"id":"512","type":"Feature","properties":{"id":"B0FFJ5FSIB","name":"静安区房屋征收所","address":"昌化路与昌平路交叉口东南50米","type":"政府机构及社会团体;政府及社会团体相关;政府及社会团体相关","typecode":"130000","pcode":310000,"pname":"上海市","citycode":21,"cityname":"上海市","adcode":310106,"adname":"静安区","business_a":"曹家渡","location":"121.451576,31.237468","tel":"[]","bigType":"政府机构及社会团体","midType":"政府及社会团体相关","smallType":"政府及社会团体相关","gcj_lng":121.451576,"gcj_lat":31.237468,"wgs84_loc":"121.446988,31.239353","wgs84Lng":"121.446988","wgs84Lat":"31.239353","__source_file__":"13-常用公服设施点/SHP/上海市_政府及社会团体相关.shp"},"geometry":{"type":"Point","coordinates":[121.446988,31.239353]}},{"id":"2429","type":"Feature","properties":{"id":"B0FFIJPUST","name":"上海市文化和旅游事业发展中心","address":"海防路429弄100号","type":"政府机构及社会团体;政府及社会团体相关;政府及社会团体相关","typecode":"130000","pcode":310000,"pname":"上海市","citycode":21,"cityname":"上海市","adcode":310106,"adname":"静安区","business_a":"曹家渡","location":"121.445315,31.237758","tel":"021-61322180","bigType":"政府机构及社会团体","midType":"政府及社会团体相关","smallType":"政府及社会团体相关","gcj_lng":121.445315,"gcj_lat":31.237758,"wgs84_loc":"121.440712,31.239631","wgs84Lng":"121.440712","wgs84Lat":"31.239631","__source_file__":"13-常用公服设施点/SHP/上海市_政府及社会团体相关.shp"},"geometry":{"type":"Point","coordinates":[121.440712,31.239631]}},{"id":"648","type":"Feature","properties":{"id":"B0FFG94N3U","name":"英国牛津大学检测鉴定中心","address":"陕西北路1388号","type":"政府机构及社会团体;政府及社会团体相关;政府及社会团体相关","typecode":"130000","pcode":310000,"pname":"上海市","citycode":21,"cityname":"上海市","adcode":310107,"adname":"普陀区","business_a":"曹家渡","location":"121.442910,31.242231","tel":"[]","bigType":"政府机构及社会团体","midType":"政府及社会团体相关","smallType":"政府及社会团体相关","gcj_lng":121.44291,"gcj_lat":31.242231,"wgs84_loc":"121.438301,31.244097","wgs84Lng":"121.438301","wgs84Lat":"31.244097","__source_file__":"13-常用公服设施点/SHP/上海市_政府及社会团体相关.shp"},"geometry":{"type":"Point","coordinates":[121.438301,31.244097]}},{"id":"1554","type":"Feature","properties":{"id":"B0FFGBMXHX","name":"洲际商务管理中心","address":"裕通路100号洲际会议中心b3楼","type":"政府机构及社会团体;政府及社会团体相关;政府及社会团体相关","typecode":"130000","pcode":310000,"pname":"上海市","citycode":21,"cityname":"上海市","adcode":310106,"adname":"静安区","business_a":"[]","location":"121.453486,31.244418","tel":"[]","bigType":"政府机构及社会团体","midType":"政府及社会团体相关","smallType":"政府及社会团体相关","gcj_lng":121.453486,"gcj_lat":31.244418,"wgs84_loc":"121.448902,31.246304","wgs84Lng":"121.448902","wgs84Lat":"31.246304","__source_file__":"13-常用公服设施点/SHP/上海市_政府及社会团体相关.shp"},"geometry":{"type":"Point","coordinates":[121.448902,31.246304]}},{"id":"1032","type":"Feature","properties":{"id":"B0FFIYV2RN","name":"道家永生文化专业委员会","address":"澳门路71号附近","type":"政府机构及社会团体;政府及社会团体相关;政府及社会团体相关","typecode":"130000","pcode":310000,"pname":"上海市","citycode":21,"cityname":"上海市","adcode":310107,"adname":"普陀区","business_a":"光新","location":"121.446278,31.246191","tel":"[]","bigType":"政府机构及社会团体","midType":"政府及社会团体相关","smallType":"政府及社会团体相关","gcj_lng":121.446278,"gcj_lat":31.246191,"wgs84_loc":"121.441677,31.248062","wgs84Lng":"121.441677","wgs84Lat":"31.248062","__source_file__":"13-常用公服设施点/SHP/上海市_政府及社会团体相关.shp"},"geometry":{"type":"Point","coordinates":[121.441677,31.248062]}},{"id":"613","type":"Feature","properties":{"id":"B0HD5AHMBB","name":"上海市公安局静安分局江宁路派出所(分部)","address":"新丰路648号靠近常德路","type":"政府机构及社会团体;政府及社会团体相关;政府及社会团体相关","typecode":"130000","pcode":310000,"pname":"上海市","citycode":21,"cityname":"上海市","adcode":310106,"adname":"静安区","business_a":"曹家渡","location":"121.439575,31.237175","tel":"[]","bigType":"政府机构及社会团体","midType":"政府及社会团体相关","smallType":"政府及社会团体相关","gcj_lng":121.439575,"gcj_lat":31.237175,"wgs84_loc":"121.43496,31.239038","wgs84Lng":"121.43496","wgs84Lat":"31.239038","__source_file__":"13-常用公服设施点/SHP/上海市_政府及社会团体相关.shp"},"geometry":{"type":"Point","coordinates":[121.43496,31.239038]}},{"id":"1033","type":"Feature","properties":{"id":"B0FFI2410R","name":"上海时装周组委会办公室","address":"长寿路652号F楼1001室","type":"政府机构及社会团体;政府及社会团体相关;政府及社会团体相关","typecode":"130000","pcode":310000,"pname":"上海市","citycode":21,"cityname":"上海市","adcode":310107,"adname":"普陀区","business_a":"曹家渡","location":"121.432491,31.238202","tel":"021-32530463","bigType":"政府机构及社会团体","midType":"政府及社会团体相关","smallType":"政府及社会团体相关","gcj_lng":121.432491,"gcj_lat":31.238202,"wgs84_loc":"121.427863,31.240054","wgs84Lng":"121.427863","wgs84Lat":"31.240054","__source_file__":"13-常用公服设施点/SHP/上海市_政府及社会团体相关.shp"},"geometry":{"type":"Point","coordinates":[121.427863,31.240054]}},{"id":"1022","type":"Feature","properties":{"id":"B0FFLH13ZV","name":"上海时装周组委会","address":"长寿路652号F座1001室","type":"政府机构及社会团体;政府及社会团体相关;政府及社会团体相关","typecode":"130000","pcode":310000,"pname":"上海市","citycode":21,"cityname":"上海市","adcode":310107,"adname":"普陀区","business_a":"曹家渡","location":"121.432491,31.238205","tel":"[]","bigType":"政府机构及社会团体","midType":"政府及社会团体相关","smallType":"政府及社会团体相关","gcj_lng":121.432491,"gcj_lat":31.238205,"wgs84_loc":"121.427863,31.240057","wgs84Lng":"121.427863","wgs84Lat":"31.240057","__source_file__":"13-常用公服设施点/SHP/上海市_政府及社会团体相关.shp"},"geometry":{"type":"Point","coordinates":[121.427863,31.240057]}},{"id":"2405","type":"Feature","properties":{"id":"B0FFLFL8J8","name":"长寿路街道纪律检查工作委员会","address":"胶州路与澳门路交叉口西40米","type":"政府机构及社会团体;政府及社会团体相关;政府及社会团体相关","typecode":"130000","pcode":310000,"pname":"上海市","citycode":21,"cityname":"上海市","adcode":310107,"adname":"普陀区","business_a":"曹家渡","location":"121.434128,31.239649","tel":"[]","bigType":"政府机构及社会团体","midType":"政府及社会团体相关","smallType":"政府及社会团体相关","gcj_lng":121.434128,"gcj_lat":31.239649,"wgs84_loc":"121.429503,31.241502","wgs84Lng":"121.429503","wgs84Lat":"31.241502","__source_file__":"13-常用公服设施点/SHP/上海市_政府及社会团体相关.shp"},"geometry":{"type":"Point","coordinates":[121.429503,31.241502]}},{"id":"960","type":"Feature","properties":{"id":"B0FFF2DWGV","name":"东方有线网络公司长寿街道管理站","address":"常德路1344弄2号","type":"政府机构及社会团体;政府及社会团体相关;政府及社会团体相关","typecode":"130000","pcode":310000,"pname":"上海市","citycode":21,"cityname":"上海市","adcode":310107,"adname":"普陀区","business_a":"曹家渡","location":"121.433780,31.243230","tel":"[]","bigType":"政府机构及社会团体","midType":"政府及社会团体相关","smallType":"政府及社会团体相关","gcj_lng":121.43378,"gcj_lat":31.24323,"wgs84_loc":"121.429154,31.245081","wgs84Lng":"121.429154","wgs84Lat":"31.245081","__source_file__":"13-常用公服设施点/SHP/上海市_政府及社会团体相关.shp"},"geometry":{"type":"Point","coordinates":[121.429154,31.245081]}},{"id":"1042","type":"Feature","properties":{"id":"B0IGKSK6JP","name":"长寿路街道宜昌党群服务中心","address":"宜昌路555号-4","type":"政府机构及社会团体;政府及社会团体相关;政府及社会团体相关","typecode":"130000","pcode":310000,"pname":"上海市","citycode":21,"cityname":"上海市","adcode":310107,"adname":"普陀区","business_a":"曹家渡","location":"121.434062,31.244417","tel":"[]","bigType":"政府机构及社会团体","midType":"政府及社会团体相关","smallType":"政府及社会团体相关","gcj_lng":121.434062,"gcj_lat":31.244417,"wgs84_loc":"121.429436,31.246268","wgs84Lng":"121.429436","wgs84Lat":"31.246268","__source_file__":"13-常用公服设施点/SHP/上海市_政府及社会团体相关.shp"},"geometry":{"type":"Point","coordinates":[121.429436,31.246268]}},{"id":"2395","type":"Feature","properties":{"id":"B0FFGE41XZ","name":"甘肃省团委驻上海市工作委员会","address":"凯旋北路1398附近","type":"政府机构及社会团体;政府及社会团体相关;政府及社会团体相关","typecode":"130000","pcode":310000,"pname":"上海市","citycode":21,"cityname":"上海市","adcode":310107,"adname":"普陀区","business_a":"光新","location":"121.428933,31.245813","tel":"[]","bigType":"政府机构及社会团体","midType":"政府及社会团体相关","smallType":"政府及社会团体相关","gcj_lng":121.428933,"gcj_lat":31.245813,"wgs84_loc":"121.424299,31.247657","wgs84Lng":"121.424299","wgs84Lat":"31.247657","__source_file__":"13-常用公服设施点/SHP/上海市_政府及社会团体相关.shp"},"geometry":{"type":"Point","coordinates":[121.424299,31.247657]}},{"id":"2091","type":"Feature","properties":{"id":"B0FFI8Z6RO","name":"普陀区少数民族事务协调处","address":"中山北路2187号","type":"政府机构及社会团体;政府及社会团体相关;政府及社会团体相关","typecode":"130000","pcode":310000,"pname":"上海市","citycode":21,"cityname":"上海市","adcode":310107,"adname":"普陀区","business_a":"光新","location":"121.428399,31.247063","tel":"[]","bigType":"政府机构及社会团体","midType":"政府及社会团体相关","smallType":"政府及社会团体相关","gcj_lng":121.428399,"gcj_lat":31.247063,"wgs84_loc":"121.423765,31.248906","wgs84Lng":"121.423765","wgs84Lat":"31.248906","__source_file__":"13-常用公服设施点/SHP/上海市_政府及社会团体相关.shp"},"geometry":{"type":"Point","coordinates":[121.423765,31.248906]}},{"id":"1052","type":"Feature","properties":{"id":"B0FFH7SZV2","name":"上海市工商行政管理局陕北居委会消费维权联络点","address":"江宁路1306弄10号2706室","type":"政府机构及社会团体;政府及社会团体相关;政府及社会团体相关","typecode":"130000","pcode":310000,"pname":"上海市","citycode":21,"cityname":"上海市","adcode":310107,"adname":"普陀区","business_a":"曹家渡","location":"121.439268,31.247438","tel":"[]","bigType":"政府机构及社会团体","midType":"政府及社会团体相关","smallType":"政府及社会团体相关","gcj_lng":121.439268,"gcj_lat":31.247438,"wgs84_loc":"121.434652,31.249296","wgs84Lng":"121.434652","wgs84Lat":"31.249296","__source_file__":"13-常用公服设施点/SHP/上海市_政府及社会团体相关.shp"},"geometry":{"type":"Point","coordinates":[121.434652,31.249296]}},{"id":"2476","type":"Feature","properties":{"id":"B0FFFDP9SC","name":"上海市心理学会-人力资源专业委员会","address":"长安路与梅园路交叉口东40米","type":"政府机构及社会团体;政府及社会团体相关;政府及社会团体相关","typecode":"130000","pcode":310000,"pname":"上海市","citycode":21,"cityname":"上海市","adcode":310106,"adname":"静安区","business_a":"[]","location":"121.460527,31.241602","tel":"[]","bigType":"政府机构及社会团体","midType":"政府及社会团体相关","smallType":"政府及社会团体相关","gcj_lng":121.460527,"gcj_lat":31.241602,"wgs84_loc":"121.455963,31.243505","wgs84Lng":"121.455963","wgs84Lat":"31.243505","__source_file__":"13-常用公服设施点/SHP/上海市_政府及社会团体相关.shp"},"geometry":{"type":"Point","coordinates":[121.455963,31.243505]}},{"id":"1572","type":"Feature","properties":{"id":"B0FFIUHSBP","name":"上海市流动人员人事档案管理中心","address":"恒通路98附近","type":"政府机构及社会团体;政府及社会团体相关;政府及社会团体相关","typecode":"130000","pcode":310000,"pname":"上海市","citycode":21,"cityname":"上海市","adcode":310106,"adname":"静安区","business_a":"[]","location":"121.460309,31.241916","tel":"[]","bigType":"政府机构及社会团体","midType":"政府及社会团体相关","smallType":"政府及社会团体相关","gcj_lng":121.460309,"gcj_lat":31.241916,"wgs84_loc":"121.455744,31.243819","wgs84Lng":"121.455744","wgs84Lat":"31.243819","__source_file__":"13-常用公服设施点/SHP/上海市_政府及社会团体相关.shp"},"geometry":{"type":"Point","coordinates":[121.455744,31.243819]}},{"id":"949","type":"Feature","properties":{"id":"B0FFKKERDK","name":"外企德科法签上海中心","address":"恒丰路299号京师律师广场2层","type":"政府机构及社会团体;政府及社会团体相关;政府及社会团体相关","typecode":"130000","pcode":310000,"pname":"上海市","citycode":21,"cityname":"上海市","adcode":310106,"adname":"静安区","business_a":"[]","location":"121.457120,31.242635","tel":"[]","bigType":"政府机构及社会团体","midType":"政府及社会团体相关","smallType":"政府及社会团体相关","gcj_lng":121.45712,"gcj_lat":31.242635,"wgs84_loc":"121.452546,31.24453","wgs84Lng":"121.452546","wgs84Lat":"31.24453","__source_file__":"13-常用公服设施点/SHP/上海市_政府及社会团体相关.shp"},"geometry":{"type":"Point","coordinates":[121.452546,31.24453]}},{"id":"1556","type":"Feature","properties":{"id":"B0FFHUJR6P","name":"静安区北站街道阳光心园","address":"南星路南星小区","type":"政府机构及社会团体;政府及社会团体相关;政府及社会团体相关","typecode":"130000","pcode":310000,"pname":"上海市","citycode":21,"cityname":"上海市","adcode":310106,"adname":"静安区","business_a":"七浦路","location":"121.465154,31.243142","tel":"[]","bigType":"政府机构及社会团体","midType":"政府及社会团体相关","smallType":"政府及社会团体相关","gcj_lng":121.465154,"gcj_lat":31.243142,"wgs84_loc":"121.460603,31.245056","wgs84Lng":"121.460603","wgs84Lat":"31.245056","__source_file__":"13-常用公服设施点/SHP/上海市_政府及社会团体相关.shp"},"geometry":{"type":"Point","coordinates":[121.460603,31.245056]}},{"id":"2891","type":"Feature","properties":{"id":"B0JD0H08IF","name":"上海市静安区校产管理中心","address":"天目西路街道汉中路8号1楼(汉中路地铁站1号口步行340米)","type":"政府机构及社会团体;政府及社会团体相关;政府及社会团体相关","typecode":"130000","pcode":310000,"pname":"上海市","citycode":21,"cityname":"上海市","adcode":310106,"adname":"静安区","business_a":"[]","location":"121.460576,31.243696","tel":"[]","bigType":"政府机构及社会团体","midType":"政府及社会团体相关","smallType":"政府及社会团体相关","gcj_lng":121.460576,"gcj_lat":31.243696,"wgs84_loc":"121.456012,31.245599","wgs84Lng":"121.456012","wgs84Lat":"31.245599","__source_file__":"13-常用公服设施点/SHP/上海市_政府及社会团体相关.shp"},"geometry":{"type":"Point","coordinates":[121.456012,31.245599]}},{"id":"2342","type":"Feature","properties":{"id":"B0FFIB8QW3","name":"上海保健品行业协会指定市场","address":"天目中路428号附近","type":"政府机构及社会团体;政府及社会团体相关;政府及社会团体相关","typecode":"130000","pcode":310000,"pname":"上海市","citycode":21,"cityname":"上海市","adcode":310106,"adname":"静安区","business_a":"七浦路","location":"121.467135,31.243945","tel":"[]","bigType":"政府机构及社会团体","midType":"政府及社会团体相关","smallType":"政府及社会团体相关","gcj_lng":121.467135,"gcj_lat":31.243945,"wgs84_loc":"121.46259,31.245864","wgs84Lng":"121.46259","wgs84Lat":"31.245864","__source_file__":"13-常用公服设施点/SHP/上海市_政府及社会团体相关.shp"},"geometry":{"type":"Point","coordinates":[121.46259,31.245864]}},{"id":"86","type":"Feature","properties":{"id":"B0GR7RH90S","name":"静安区税务局第一税务所新办企业受理窗口","address":"秣陵路38号静安区行政服务中心A05-A07号窗口","type":"政府机构及社会团体;政府及社会团体相关;政府及社会团体相关","typecode":"130000","pcode":310000,"pname":"上海市","citycode":21,"cityname":"上海市","adcode":310106,"adname":"静安区","business_a":"宝山路","location":"121.459233,31.247487","tel":"[]","bigType":"政府机构及社会团体","midType":"政府及社会团体相关","smallType":"政府及社会团体相关","gcj_lng":121.459233,"gcj_lat":31.247487,"wgs84_loc":"121.454664,31.249385","wgs84Lng":"121.454664","wgs84Lat":"31.249385","__source_file__":"13-常用公服设施点/SHP/上海市_政府及社会团体相关.shp"},"geometry":{"type":"Point","coordinates":[121.454664,31.249385]}},{"id":"735","type":"Feature","properties":{"id":"B0FFGJOLWL","name":"芷江西路街道综合为老服务中心","address":"徐家宅路93号3楼","type":"政府机构及社会团体;政府及社会团体相关;政府及社会团体相关","typecode":"130000","pcode":310000,"pname":"上海市","citycode":21,"cityname":"上海市","adcode":310106,"adname":"静安区","business_a":"宝山路","location":"121.466774,31.248749","tel":"[]","bigType":"政府机构及社会团体","midType":"政府及社会团体相关","smallType":"政府及社会团体相关","gcj_lng":121.466774,"gcj_lat":31.248749,"wgs84_loc":"121.462227,31.250665","wgs84Lng":"121.462227","wgs84Lat":"31.250665","__source_file__":"13-常用公服设施点/SHP/上海市_政府及社会团体相关.shp"},"geometry":{"type":"Point","coordinates":[121.462227,31.250665]}},{"id":"417","type":"Feature","properties":{"id":"B0FFICAT0X","name":"光绪元宝检测鉴定交易中心","address":"共和新路340号","type":"政府机构及社会团体;政府及社会团体相关;政府及社会团体相关","typecode":"130000","pcode":310000,"pname":"上海市","citycode":21,"cityname":"上海市","adcode":310106,"adname":"静安区","business_a":"宝山路","location":"121.462820,31.249277","tel":"15317027327","bigType":"政府机构及社会团体","midType":"政府及社会团体相关","smallType":"政府及社会团体相关","gcj_lng":121.46282,"gcj_lat":31.249277,"wgs84_loc":"121.458262,31.251182","wgs84Lng":"121.458262","wgs84Lat":"31.251182","__source_file__":"13-常用公服设施点/SHP/上海市_政府及社会团体相关.shp"},"geometry":{"type":"Point","coordinates":[121.458262,31.251182]}},{"id":"416","type":"Feature","properties":{"id":"B0HGDL93B1","name":"上海市公安局治安总队","address":"太阳山路38号","type":"政府机构及社会团体;政府及社会团体相关;政府及社会团体相关","typecode":"130000","pcode":310000,"pname":"上海市","citycode":21,"cityname":"上海市","adcode":310106,"adname":"静安区","business_a":"宝山路","location":"121.462844,31.249359","tel":"[]","bigType":"政府机构及社会团体","midType":"政府及社会团体相关","smallType":"政府及社会团体相关","gcj_lng":121.462844,"gcj_lat":31.249359,"wgs84_loc":"121.458286,31.251264","wgs84Lng":"121.458286","wgs84Lat":"31.251264","__source_file__":"13-常用公服设施点/SHP/上海市_政府及社会团体相关.shp"},"geometry":{"type":"Point","coordinates":[121.458286,31.251264]}},{"id":"1752","type":"Feature","properties":{"id":"B0FFLFR2UO","name":"正统跆拳道上海协会","address":"虬江路与徐家宅路交叉口西南20米","type":"政府机构及社会团体;政府及社会团体相关;政府及社会团体相关","typecode":"130000","pcode":310000,"pname":"上海市","citycode":21,"cityname":"上海市","adcode":310106,"adname":"静安区","business_a":"宝山路","location":"121.466867,31.249440","tel":"[]","bigType":"政府机构及社会团体","midType":"政府及社会团体相关","smallType":"政府及社会团体相关","gcj_lng":121.466867,"gcj_lat":31.24944,"wgs84_loc":"121.462321,31.251356","wgs84Lng":"121.462321","wgs84Lat":"31.251356","__source_file__":"13-常用公服设施点/SHP/上海市_政府及社会团体相关.shp"},"geometry":{"type":"Point","coordinates":[121.462321,31.251356]}},{"id":"2793","type":"Feature","properties":{"id":"B0IR4H0YTP","name":"交通公园居委会退役军人服务站","address":"虬江路1352号二楼(中兴路地铁站3号口步行490米)","type":"政府机构及社会团体;政府及社会团体相关;政府及社会团体相关","typecode":"130000","pcode":310000,"pname":"上海市","citycode":21,"cityname":"上海市","adcode":310106,"adname":"静安区","business_a":"宝山路","location":"121.467169,31.249508","tel":"021-56907904","bigType":"政府机构及社会团体","midType":"政府及社会团体相关","smallType":"政府及社会团体相关","gcj_lng":121.467169,"gcj_lat":31.249508,"wgs84_loc":"121.462624,31.251424","wgs84Lng":"121.462624","wgs84Lat":"31.251424","__source_file__":"13-常用公服设施点/SHP/上海市_政府及社会团体相关.shp"},"geometry":{"type":"Point","coordinates":[121.462624,31.251424]}},{"id":"211","type":"Feature","properties":{"id":"B0FFIKZZYL","name":"静安区人民检察院派驻苏河湾检察室","address":"太阳山路41号","type":"政府机构及社会团体;政府及社会团体相关;政府及社会团体相关","typecode":"130000","pcode":310000,"pname":"上海市","citycode":21,"cityname":"上海市","adcode":310106,"adname":"静安区","business_a":"宝山路","location":"121.462733,31.249626","tel":"[]","bigType":"政府机构及社会团体","midType":"政府及社会团体相关","smallType":"政府及社会团体相关","gcj_lng":121.462733,"gcj_lat":31.249626,"wgs84_loc":"121.458174,31.251531","wgs84Lng":"121.458174","wgs84Lat":"31.251531","__source_file__":"13-常用公服设施点/SHP/上海市_政府及社会团体相关.shp"},"geometry":{"type":"Point","coordinates":[121.458174,31.251531]}},{"id":"2778","type":"Feature","properties":{"id":"B0KR2ZKE34","name":"上海市静安区出入境办证中心","address":"虬江路1355弄1号楼二楼","type":"政府机构及社会团体;政府及社会团体相关;政府及社会团体相关","typecode":"130000","pcode":310000,"pname":"上海市","citycode":21,"cityname":"上海市","adcode":310106,"adname":"静安区","business_a":"宝山路","location":"121.466824,31.249748","tel":"[]","bigType":"政府机构及社会团体","midType":"政府及社会团体相关","smallType":"政府及社会团体相关","gcj_lng":121.466824,"gcj_lat":31.249748,"wgs84_loc":"121.462278,31.251663","wgs84Lng":"121.462278","wgs84Lat":"31.251663","__source_file__":"13-常用公服设施点/SHP/上海市_政府及社会团体相关.shp"},"geometry":{"type":"Point","coordinates":[121.462278,31.251663]}},{"id":"2159","type":"Feature","properties":{"id":"B0FFF00GMA","name":"芷江西路街道共和新路居委会","address":"共和新路555弄5号107室","type":"政府机构及社会团体;政府及社会团体相关;政府及社会团体相关","typecode":"130000","pcode":310000,"pname":"上海市","citycode":21,"cityname":"上海市","adcode":310106,"adname":"静安区","business_a":"宝山路","location":"121.464190,31.253422","tel":"021-56907617","bigType":"政府机构及社会团体","midType":"政府及社会团体相关","smallType":"政府及社会团体相关","gcj_lng":121.46419,"gcj_lat":31.253422,"wgs84_loc":"121.459635,31.255329","wgs84Lng":"121.459635","wgs84Lat":"31.255329","__source_file__":"13-常用公服设施点/SHP/上海市_政府及社会团体相关.shp"},"geometry":{"type":"Point","coordinates":[121.459635,31.255329]}},{"id":"2155","type":"Feature","properties":{"id":"B0FFKJO91T","name":"静安区少儿住院互助基金管理办公室","address":"中华新路469号","type":"政府机构及社会团体;政府及社会团体相关;政府及社会团体相关","typecode":"130000","pcode":310000,"pname":"上海市","citycode":21,"cityname":"上海市","adcode":310106,"adname":"静安区","business_a":"宝山路","location":"121.466285,31.254295","tel":"[]","bigType":"政府机构及社会团体","midType":"政府及社会团体相关","smallType":"政府及社会团体相关","gcj_lng":121.466285,"gcj_lat":31.254295,"wgs84_loc":"121.461736,31.256207","wgs84Lng":"121.461736","wgs84Lat":"31.256207","__source_file__":"13-常用公服设施点/SHP/上海市_政府及社会团体相关.shp"},"geometry":{"type":"Point","coordinates":[121.461736,31.256207]}},{"id":"1748","type":"Feature","properties":{"id":"B0FFG8I6MD","name":"闸北城管执法局","address":"中华新路469号闸北体育馆4楼","type":"政府机构及社会团体;政府及社会团体相关;政府及社会团体相关","typecode":"130000","pcode":310000,"pname":"上海市","citycode":21,"cityname":"上海市","adcode":310106,"adname":"静安区","business_a":"宝山路","location":"121.466285,31.254308","tel":"[]","bigType":"政府机构及社会团体","midType":"政府及社会团体相关","smallType":"政府及社会团体相关","gcj_lng":121.466285,"gcj_lat":31.254308,"wgs84_loc":"121.461736,31.25622","wgs84Lng":"121.461736","wgs84Lat":"31.25622","__source_file__":"13-常用公服设施点/SHP/上海市_政府及社会团体相关.shp"},"geometry":{"type":"Point","coordinates":[121.461736,31.25622]}},{"id":"2477","type":"Feature","properties":{"id":"B0FFJCXM6R","name":"户外职工爱心接力站·芷江西路街道","address":"西藏北路与天通庵路交叉口西20米","type":"政府机构及社会团体;政府及社会团体相关;政府及社会团体相关","typecode":"130000","pcode":310000,"pname":"上海市","citycode":21,"cityname":"上海市","adcode":310106,"adname":"静安区","business_a":"宝山路","location":"121.467554,31.256552","tel":"[]","bigType":"政府机构及社会团体","midType":"政府及社会团体相关","smallType":"政府及社会团体相关","gcj_lng":121.467554,"gcj_lat":31.256552,"wgs84_loc":"121.463009,31.258466","wgs84Lng":"121.463009","wgs84Lat":"31.258466","__source_file__":"13-常用公服设施点/SHP/上海市_政府及社会团体相关.shp"},"geometry":{"type":"Point","coordinates":[121.463009,31.258466]}},{"id":"1747","type":"Feature","properties":{"id":"B0FFJ0CXW8","name":"芷江西路街道除害服务站","address":"南山路52号","type":"政府机构及社会团体;政府及社会团体相关;政府及社会团体相关","typecode":"130000","pcode":310000,"pname":"上海市","citycode":21,"cityname":"上海市","adcode":310106,"adname":"静安区","business_a":"和田","location":"121.466204,31.256565","tel":"[]","bigType":"政府机构及社会团体","midType":"政府及社会团体相关","smallType":"政府及社会团体相关","gcj_lng":121.466204,"gcj_lat":31.256565,"wgs84_loc":"121.461655,31.258476","wgs84Lng":"121.461655","wgs84Lat":"31.258476","__source_file__":"13-常用公服设施点/SHP/上海市_政府及社会团体相关.shp"},"geometry":{"type":"Point","coordinates":[121.461655,31.258476]}},{"id":"2406","type":"Feature","properties":{"id":"B0FFFOMH57","name":"上海市闸北无线电管理办公室","address":"共和新路912号云华科技大厦8层","type":"政府机构及社会团体;政府及社会团体相关;政府及社会团体相关","typecode":"130000","pcode":310000,"pname":"上海市","citycode":21,"cityname":"上海市","adcode":310106,"adname":"静安区","business_a":"宝山路","location":"121.462430,31.258549","tel":"[]","bigType":"政府机构及社会团体","midType":"政府及社会团体相关","smallType":"政府及社会团体相关","gcj_lng":121.46243,"gcj_lat":31.258549,"wgs84_loc":"121.45787,31.260449","wgs84Lng":"121.45787","wgs84Lat":"31.260449","__source_file__":"13-常用公服设施点/SHP/上海市_政府及社会团体相关.shp"},"geometry":{"type":"Point","coordinates":[121.45787,31.260449]}},{"id":"1522","type":"Feature","properties":{"id":"B0FFLGDI7F","name":"黄浦区总工会","address":"重庆南路100号","type":"政府机构及社会团体;政府及社会团体相关;政府及社会团体相关","typecode":"130000","pcode":310000,"pname":"上海市","citycode":21,"cityname":"上海市","adcode":310101,"adname":"黄浦区","business_a":"淮海路","location":"121.470823,31.217902","tel":"021-63848620","bigType":"政府机构及社会团体","midType":"政府及社会团体相关","smallType":"政府及社会团体相关","gcj_lng":121.470823,"gcj_lat":31.217902,"wgs84_loc":"121.466292,31.219842","wgs84Lng":"121.466292","wgs84Lat":"31.219842","__source_file__":"13-常用公服设施点/SHP/上海市_政府及社会团体相关.shp"},"geometry":{"type":"Point","coordinates":[121.466292,31.219842]}},{"id":"935","type":"Feature","properties":{"id":"B0FFKJN27D","name":"黄浦区文化和旅游局","address":"重庆南路100号4层和13层","type":"政府机构及社会团体;政府及社会团体相关;政府及社会团体相关","typecode":"130000","pcode":310000,"pname":"上海市","citycode":21,"cityname":"上海市","adcode":310101,"adname":"黄浦区","business_a":"淮海路","location":"121.470900,31.217910","tel":"021-53071207","bigType":"政府机构及社会团体","midType":"政府及社会团体相关","smallType":"政府及社会团体相关","gcj_lng":121.4709,"gcj_lat":31.21791,"wgs84_loc":"121.466369,31.219851","wgs84Lng":"121.466369","wgs84Lat":"31.219851","__source_file__":"13-常用公服设施点/SHP/上海市_政府及社会团体相关.shp"},"geometry":{"type":"Point","coordinates":[121.466369,31.219851]}},{"id":"1538","type":"Feature","properties":{"id":"B0FFHTTZKQ","name":"上海市工商行政管理局孝和居消费维权联络点","address":"太仓路与重庆南路交叉口东北50米","type":"政府机构及社会团体;政府及社会团体相关;政府及社会团体相关","typecode":"130000","pcode":310000,"pname":"上海市","citycode":21,"cityname":"上海市","adcode":310101,"adname":"黄浦区","business_a":"淮海路","location":"121.472285,31.220596","tel":"[]","bigType":"政府机构及社会团体","midType":"政府及社会团体相关","smallType":"政府及社会团体相关","gcj_lng":121.472285,"gcj_lat":31.220596,"wgs84_loc":"121.467758,31.222539","wgs84Lng":"121.467758","wgs84Lat":"31.222539","__source_file__":"13-常用公服设施点/SHP/上海市_政府及社会团体相关.shp"},"geometry":{"type":"Point","coordinates":[121.467758,31.222539]}},{"id":"377","type":"Feature","properties":{"id":"B0G1HAISZP","name":"青山实业董事局","address":"湖滨路222号","type":"政府机构及社会团体;政府及社会团体相关;政府及社会团体相关","typecode":"130000","pcode":310000,"pname":"上海市","citycode":21,"cityname":"上海市","adcode":310101,"adname":"黄浦区","business_a":"淮海路","location":"121.475831,31.221198","tel":"[]","bigType":"政府机构及社会团体","midType":"政府及社会团体相关","smallType":"政府及社会团体相关","gcj_lng":121.475831,"gcj_lat":31.221198,"wgs84_loc":"121.471316,31.22315","wgs84Lng":"121.471316","wgs84Lat":"31.22315","__source_file__":"13-常用公服设施点/SHP/上海市_政府及社会团体相关.shp"},"geometry":{"type":"Point","coordinates":[121.471316,31.22315]}},{"id":"567","type":"Feature","properties":{"id":"B0FFJPSJ5L","name":"上海市黄浦区新天地治安派出所","address":"崇德路139号","type":"政府机构及社会团体;政府及社会团体相关;政府及社会团体相关","typecode":"130000","pcode":310000,"pname":"上海市","citycode":21,"cityname":"上海市","adcode":310101,"adname":"黄浦区","business_a":"淮海路","location":"121.477384,31.221204","tel":"[]","bigType":"政府机构及社会团体","midType":"政府及社会团体相关","smallType":"政府及社会团体相关","gcj_lng":121.477384,"gcj_lat":31.221204,"wgs84_loc":"121.472874,31.223161","wgs84Lng":"121.472874","wgs84Lat":"31.223161","__source_file__":"13-常用公服设施点/SHP/上海市_政府及社会团体相关.shp"},"geometry":{"type":"Point","coordinates":[121.472874,31.223161]}},{"id":"1694","type":"Feature","properties":{"id":"B0FFIJSX1C","name":"上海对外服务中心","address":"金陵西路28号金陵大厦3楼,10-12楼(近黄陂南路)","type":"政府机构及社会团体;政府及社会团体相关;政府及社会团体相关","typecode":"130000","pcode":310000,"pname":"上海市","citycode":21,"cityname":"上海市","adcode":310101,"adname":"黄浦区","business_a":"北京东路","location":"121.473427,31.224599","tel":"021-63721888","bigType":"政府机构及社会团体","midType":"政府及社会团体相关","smallType":"政府及社会团体相关","gcj_lng":121.473427,"gcj_lat":31.224599,"wgs84_loc":"121.468904,31.226543","wgs84Lng":"121.468904","wgs84Lat":"31.226543","__source_file__":"13-常用公服设施点/SHP/上海市_政府及社会团体相关.shp"},"geometry":{"type":"Point","coordinates":[121.468904,31.226543]}},{"id":"20","type":"Feature","properties":{"id":"B0FFKQXVZ8","name":"南京东路街道兵役登记站","address":"大沽路与重庆北路交叉口东50米","type":"政府机构及社会团体;政府及社会团体相关;政府及社会团体相关","typecode":"130000","pcode":310000,"pname":"上海市","citycode":21,"cityname":"上海市","adcode":310101,"adname":"黄浦区","business_a":"北京东路","location":"121.470442,31.225891","tel":"[]","bigType":"政府机构及社会团体","midType":"政府及社会团体相关","smallType":"政府及社会团体相关","gcj_lng":121.470442,"gcj_lat":31.225891,"wgs84_loc":"121.465909,31.227827","wgs84Lng":"121.465909","wgs84Lat":"31.227827","__source_file__":"13-常用公服设施点/SHP/上海市_政府及社会团体相关.shp"},"geometry":{"type":"Point","coordinates":[121.465909,31.227827]}},{"id":"17","type":"Feature","properties":{"id":"B0FFJ0WAO3","name":"金钟广场微型消防站","address":"淮海中路98号金钟广场B1","type":"政府机构及社会团体;政府及社会团体相关;政府及社会团体相关","typecode":"130000","pcode":310000,"pname":"上海市","citycode":21,"cityname":"上海市","adcode":310101,"adname":"黄浦区","business_a":"北京东路","location":"121.479098,31.225890","tel":"[]","bigType":"政府机构及社会团体","midType":"政府及社会团体相关","smallType":"政府及社会团体相关","gcj_lng":121.479098,"gcj_lat":31.22589,"wgs84_loc":"121.474593,31.227849","wgs84Lng":"121.474593","wgs84Lat":"31.227849","__source_file__":"13-常用公服设施点/SHP/上海市_政府及社会团体相关.shp"},"geometry":{"type":"Point","coordinates":[121.474593,31.227849]}},{"id":"2402","type":"Feature","properties":{"id":"B0FFF3WLL2","name":"上海市人民广场地区管理办公室","address":"大沽路123号","type":"政府机构及社会团体;政府及社会团体相关;政府及社会团体相关","typecode":"130000","pcode":310000,"pname":"上海市","citycode":21,"cityname":"上海市","adcode":310101,"adname":"黄浦区","business_a":"北京东路","location":"121.471829,31.226339","tel":"[]","bigType":"政府机构及社会团体","midType":"政府及社会团体相关","smallType":"政府及社会团体相关","gcj_lng":121.471829,"gcj_lat":31.226339,"wgs84_loc":"121.4673,31.228278","wgs84Lng":"121.4673","wgs84Lat":"31.228278","__source_file__":"13-常用公服设施点/SHP/上海市_政府及社会团体相关.shp"},"geometry":{"type":"Point","coordinates":[121.4673,31.228278]}},{"id":"1723","type":"Feature","properties":{"id":"B0FFKJK8N2","name":"上海市生态环境局","address":"大沽路100号市政大厦","type":"政府机构及社会团体;政府及社会团体相关;政府及社会团体相关","typecode":"130000","pcode":310000,"pname":"上海市","citycode":21,"cityname":"上海市","adcode":310101,"adname":"黄浦区","business_a":"北京东路","location":"121.471979,31.226883","tel":"021-23111111","bigType":"政府机构及社会团体","midType":"政府及社会团体相关","smallType":"政府及社会团体相关","gcj_lng":121.471979,"gcj_lat":31.226883,"wgs84_loc":"121.467451,31.228822","wgs84Lng":"121.467451","wgs84Lat":"31.228822","__source_file__":"13-常用公服设施点/SHP/上海市_政府及社会团体相关.shp"},"geometry":{"type":"Point","coordinates":[121.467451,31.228822]}},{"id":"1725","type":"Feature","properties":{"id":"B0FFH7SU14","name":"候家居委社区民警工作点","address":"中王医马弄与紫华路交叉口东50米","type":"政府机构及社会团体;政府及社会团体相关;政府及社会团体相关","typecode":"130000","pcode":310000,"pname":"上海市","citycode":21,"cityname":"上海市","adcode":310101,"adname":"黄浦区","business_a":"城隍庙","location":"121.489661,31.225867","tel":"[]","bigType":"政府机构及社会团体","midType":"政府及社会团体相关","smallType":"政府及社会团体相关","gcj_lng":121.489661,"gcj_lat":31.225867,"wgs84_loc":"121.485193,31.227857","wgs84Lng":"121.485193","wgs84Lat":"31.227857","__source_file__":"13-常用公服设施点/SHP/上海市_政府及社会团体相关.shp"},"geometry":{"type":"Point","coordinates":[121.485193,31.227857]}},{"id":"1528","type":"Feature","properties":{"id":"B0I6F7KAIM","name":"黄浦公安移动","address":"[]","type":"政府机构及社会团体;政府及社会团体相关;政府及社会团体相关","typecode":"130000","pcode":310000,"pname":"上海市","citycode":21,"cityname":"上海市","adcode":310101,"adname":"黄浦区","business_a":"城隍庙","location":"121.490391,31.228123","tel":"[]","bigType":"政府机构及社会团体","midType":"政府及社会团体相关","smallType":"政府及社会团体相关","gcj_lng":121.490391,"gcj_lat":31.228123,"wgs84_loc":"121.485925,31.230114","wgs84Lng":"121.485925","wgs84Lat":"31.230114","__source_file__":"13-常用公服设施点/SHP/上海市_政府及社会团体相关.shp"},"geometry":{"type":"Point","coordinates":[121.485925,31.230114]}},{"id":"1526","type":"Feature","properties":{"id":"B0FFJYB07K","name":"中共上海市黄浦区纪律检查委员会","address":"河南南路228号怡丰大厦","type":"政府机构及社会团体;政府及社会团体相关;政府及社会团体相关","typecode":"130000","pcode":310000,"pname":"上海市","citycode":21,"cityname":"上海市","adcode":310101,"adname":"黄浦区","business_a":"城隍庙","location":"121.487704,31.225314","tel":"[]","bigType":"政府机构及社会团体","midType":"政府及社会团体相关","smallType":"政府及社会团体相关","gcj_lng":121.487704,"gcj_lat":31.225314,"wgs84_loc":"121.483229,31.227298","wgs84Lng":"121.483229","wgs84Lat":"31.227298","__source_file__":"13-常用公服设施点/SHP/上海市_政府及社会团体相关.shp"},"geometry":{"type":"Point","coordinates":[121.483229,31.227298]}},{"id":"2856","type":"Feature","properties":{"id":"B0I06URF0U","name":"民革黄浦区委会党员之家(机关)","address":"河南南路288号12楼(豫园地铁站3号口步行230米)","type":"政府机构及社会团体;政府及社会团体相关;政府及社会团体相关","typecode":"130000","pcode":310000,"pname":"上海市","citycode":21,"cityname":"上海市","adcode":310101,"adname":"黄浦区","business_a":"城隍庙","location":"121.487610,31.225419","tel":"[]","bigType":"政府机构及社会团体","midType":"政府及社会团体相关","smallType":"政府及社会团体相关","gcj_lng":121.48761,"gcj_lat":31.225419,"wgs84_loc":"121.483135,31.227403","wgs84Lng":"121.483135","wgs84Lat":"31.227403","__source_file__":"13-常用公服设施点/SHP/上海市_政府及社会团体相关.shp"},"geometry":{"type":"Point","coordinates":[121.483135,31.227403]}},{"id":"1183","type":"Feature","properties":{"id":"B0FFIB7MZS","name":"第二征收事务所","address":"人民路850号","type":"政府机构及社会团体;政府及社会团体相关;政府及社会团体相关","typecode":"130000","pcode":310000,"pname":"上海市","citycode":21,"cityname":"上海市","adcode":310101,"adname":"黄浦区","business_a":"城隍庙","location":"121.482872,31.226011","tel":"[]","bigType":"政府机构及社会团体","midType":"政府及社会团体相关","smallType":"政府及社会团体相关","gcj_lng":121.482872,"gcj_lat":31.226011,"wgs84_loc":"121.47838,31.227981","wgs84Lng":"121.47838","wgs84Lat":"31.227981","__source_file__":"13-常用公服设施点/SHP/上海市_政府及社会团体相关.shp"},"geometry":{"type":"Point","coordinates":[121.47838,31.227981]}},{"id":"936","type":"Feature","properties":{"id":"B0FFIA8G9F","name":"露香居委会","address":"柳泉弄26号","type":"政府机构及社会团体;政府及社会团体相关;政府及社会团体相关","typecode":"130000","pcode":310000,"pname":"上海市","citycode":21,"cityname":"上海市","adcode":310101,"adname":"黄浦区","business_a":"城隍庙","location":"121.484512,31.226291","tel":"021-63288307","bigType":"政府机构及社会团体","midType":"政府及社会团体相关","smallType":"政府及社会团体相关","gcj_lng":121.484512,"gcj_lat":31.226291,"wgs84_loc":"121.480026,31.228266","wgs84Lng":"121.480026","wgs84Lat":"31.228266","__source_file__":"13-常用公服设施点/SHP/上海市_政府及社会团体相关.shp"},"geometry":{"type":"Point","coordinates":[121.480026,31.228266]}},{"id":"24","type":"Feature","properties":{"id":"B0HR9S6HVS","name":"豫园街道露香居民区党群服务站","address":"柳泉弄26号","type":"政府机构及社会团体;政府及社会团体相关;政府及社会团体相关","typecode":"130000","pcode":310000,"pname":"上海市","citycode":21,"cityname":"上海市","adcode":310101,"adname":"黄浦区","business_a":"淮海路","location":"121.484512,31.226296","tel":"[]","bigType":"政府机构及社会团体","midType":"政府及社会团体相关","smallType":"政府及社会团体相关","gcj_lng":121.484512,"gcj_lat":31.226296,"wgs84_loc":"121.480026,31.228271","wgs84Lng":"121.480026","wgs84Lat":"31.228271","__source_file__":"13-常用公服设施点/SHP/上海市_政府及社会团体相关.shp"},"geometry":{"type":"Point","coordinates":[121.480026,31.228271]}},{"id":"1714","type":"Feature","properties":{"id":"B0FFHR3JKV","name":"移民港","address":"延安东路550号海洋大厦1812-1813室","type":"政府机构及社会团体;政府及社会团体相关;政府及社会团体相关","typecode":"130000","pcode":310000,"pname":"上海市","citycode":21,"cityname":"上海市","adcode":310101,"adname":"黄浦区","business_a":"北京东路","location":"121.481611,31.230884","tel":"021-63528918","bigType":"政府机构及社会团体","midType":"政府及社会团体相关","smallType":"政府及社会团体相关","gcj_lng":121.481611,"gcj_lat":31.230884,"wgs84_loc":"121.477114,31.232848","wgs84Lng":"121.477114","wgs84Lat":"31.232848","__source_file__":"13-常用公服设施点/SHP/上海市_政府及社会团体相关.shp"},"geometry":{"type":"Point","coordinates":[121.477114,31.232848]}},{"id":"374","type":"Feature","properties":{"id":"B0FFF316IW","name":"黄浦区房地局金陵房地办事处","address":"湖北路20号中信福申大楼3层3A","type":"政府机构及社会团体;政府及社会团体相关;政府及社会团体相关","typecode":"130000","pcode":310000,"pname":"上海市","citycode":21,"cityname":"上海市","adcode":310101,"adname":"黄浦区","business_a":"北京东路","location":"121.481943,31.231419","tel":"[]","bigType":"政府机构及社会团体","midType":"政府及社会团体相关","smallType":"政府及社会团体相关","gcj_lng":121.481943,"gcj_lat":31.231419,"wgs84_loc":"121.477448,31.233384","wgs84Lng":"121.477448","wgs84Lat":"31.233384","__source_file__":"13-常用公服设施点/SHP/上海市_政府及社会团体相关.shp"},"geometry":{"type":"Point","coordinates":[121.477448,31.233384]}},{"id":"375","type":"Feature","properties":{"id":"B0FFG8IETY","name":"黄浦区住房保障和房屋管理局","address":"湖北路20号中信福申大楼3层3a","type":"政府机构及社会团体;政府及社会团体相关;政府及社会团体相关","typecode":"130000","pcode":310000,"pname":"上海市","citycode":21,"cityname":"上海市","adcode":310101,"adname":"黄浦区","business_a":"北京东路","location":"121.482016,31.231451","tel":"[]","bigType":"政府机构及社会团体","midType":"政府及社会团体相关","smallType":"政府及社会团体相关","gcj_lng":121.482016,"gcj_lat":31.231451,"wgs84_loc":"121.477521,31.233416","wgs84Lng":"121.477521","wgs84Lat":"31.233416","__source_file__":"13-常用公服设施点/SHP/上海市_政府及社会团体相关.shp"},"geometry":{"type":"Point","coordinates":[121.477521,31.233416]}},{"id":"376","type":"Feature","properties":{"id":"B0FFF2WTOT","name":"黄浦区建设和交通委员会","address":"延安东路300号西717楼","type":"政府机构及社会团体;政府及社会团体相关;政府及社会团体相关","typecode":"130000","pcode":310000,"pname":"上海市","citycode":21,"cityname":"上海市","adcode":310101,"adname":"黄浦区","business_a":"北京东路","location":"121.484610,31.231620","tel":"[]","bigType":"政府机构及社会团体","midType":"政府及社会团体相关","smallType":"政府及社会团体相关","gcj_lng":121.48461,"gcj_lat":31.23162,"wgs84_loc":"121.480124,31.233593","wgs84Lng":"121.480124","wgs84Lat":"31.233593","__source_file__":"13-常用公服设施点/SHP/上海市_政府及社会团体相关.shp"},"geometry":{"type":"Point","coordinates":[121.480124,31.233593]}},{"id":"2033","type":"Feature","properties":{"id":"B0FFJ1W2BX","name":"上海基督教青年会女青年会","address":"西藏南路123号","type":"政府机构及社会团体;政府及社会团体相关;政府及社会团体相关","typecode":"130000","pcode":310000,"pname":"上海市","citycode":21,"cityname":"上海市","adcode":310101,"adname":"黄浦区","business_a":"北京东路","location":"121.479708,31.227440","tel":"021-63308017","bigType":"政府机构及社会团体","midType":"政府及社会团体相关","smallType":"政府及社会团体相关","gcj_lng":121.479708,"gcj_lat":31.22744,"wgs84_loc":"121.475205,31.2294","wgs84Lng":"121.475205","wgs84Lat":"31.2294","__source_file__":"13-常用公服设施点/SHP/上海市_政府及社会团体相关.shp"},"geometry":{"type":"Point","coordinates":[121.475205,31.2294]}},{"id":"1530","type":"Feature","properties":{"id":"B0FFJOEE8S","name":"黄浦区违法建筑整治领导小组办公室","address":"武胜路350号","type":"政府机构及社会团体;政府及社会团体相关;政府及社会团体相关","typecode":"130000","pcode":310000,"pname":"上海市","citycode":21,"cityname":"上海市","adcode":310101,"adname":"黄浦区","business_a":"淮海路","location":"121.473388,31.227616","tel":"[]","bigType":"政府机构及社会团体","midType":"政府及社会团体相关","smallType":"政府及社会团体相关","gcj_lng":121.473388,"gcj_lat":31.227616,"wgs84_loc":"121.468864,31.229559","wgs84Lng":"121.468864","wgs84Lat":"31.229559","__source_file__":"13-常用公服设施点/SHP/上海市_政府及社会团体相关.shp"},"geometry":{"type":"Point","coordinates":[121.468864,31.229559]}},{"id":"1699","type":"Feature","properties":{"id":"B0FFFP0NZM","name":"治安亭54","address":"云南南路与宁海东路交叉口北50米","type":"政府机构及社会团体;政府及社会团体相关;政府及社会团体相关","typecode":"130000","pcode":310000,"pname":"上海市","citycode":21,"cityname":"上海市","adcode":310101,"adname":"黄浦区","business_a":"北京东路","location":"121.480120,31.228563","tel":"[]","bigType":"政府机构及社会团体","midType":"政府及社会团体相关","smallType":"政府及社会团体相关","gcj_lng":121.48012,"gcj_lat":31.228563,"wgs84_loc":"121.475619,31.230524","wgs84Lng":"121.475619","wgs84Lat":"31.230524","__source_file__":"13-常用公服设施点/SHP/上海市_政府及社会团体相关.shp"},"geometry":{"type":"Point","coordinates":[121.475619,31.230524]}},{"id":"2776","type":"Feature","properties":{"id":"B0JR4SYHF5","name":"上海市黄浦区南京东路街道社区党群服务中心","address":"江阴路101号(人民广场地铁站11号口步行440米)","type":"政府机构及社会团体;政府及社会团体相关;政府及社会团体相关","typecode":"130000","pcode":310000,"pname":"上海市","citycode":21,"cityname":"上海市","adcode":310101,"adname":"黄浦区","business_a":"北京路","location":"121.468794,31.229469","tel":"[]","bigType":"政府机构及社会团体","midType":"政府及社会团体相关","smallType":"政府及社会团体相关","gcj_lng":121.468794,"gcj_lat":31.229469,"wgs84_loc":"121.464255,31.231399","wgs84Lng":"121.464255","wgs84Lat":"31.231399","__source_file__":"13-常用公服设施点/SHP/上海市_政府及社会团体相关.shp"},"geometry":{"type":"Point","coordinates":[121.464255,31.231399]}},{"id":"13","type":"Feature","properties":{"id":"B0GRK54JQ3","name":"退役军人服务站","address":"江阴路101号","type":"政府机构及社会团体;政府及社会团体相关;政府及社会团体相关","typecode":"130000","pcode":310000,"pname":"上海市","citycode":21,"cityname":"上海市","adcode":310101,"adname":"黄浦区","business_a":"淮海路","location":"121.468740,31.229527","tel":"021-63271866","bigType":"政府机构及社会团体","midType":"政府及社会团体相关","smallType":"政府及社会团体相关","gcj_lng":121.46874,"gcj_lat":31.229527,"wgs84_loc":"121.464201,31.231456","wgs84Lng":"121.464201","wgs84Lat":"31.231456","__source_file__":"13-常用公服设施点/SHP/上海市_政府及社会团体相关.shp"},"geometry":{"type":"Point","coordinates":[121.464201,31.231456]}},{"id":"1731","type":"Feature","properties":{"id":"B0IB5ZOV2W","name":"世博会绿色城市上海会客厅","address":"人民大道9号","type":"政府机构及社会团体;政府及社会团体相关;政府及社会团体相关","typecode":"130000","pcode":310000,"pname":"上海市","citycode":21,"cityname":"上海市","adcode":310101,"adname":"黄浦区","business_a":"北京东路","location":"121.475715,31.230148","tel":"13901846953","bigType":"政府机构及社会团体","midType":"政府及社会团体相关","smallType":"政府及社会团体相关","gcj_lng":121.475715,"gcj_lat":31.230148,"wgs84_loc":"121.471199,31.232096","wgs84Lng":"121.471199","wgs84Lat":"31.232096","__source_file__":"13-常用公服设施点/SHP/上海市_政府及社会团体相关.shp"},"geometry":{"type":"Point","coordinates":[121.471199,31.232096]}},{"id":"1532","type":"Feature","properties":{"id":"B0FFHLUTTU","name":"金陵社区治安亭","address":"云南中路与广东路交叉口北50米","type":"政府机构及社会团体;政府及社会团体相关;政府及社会团体相关","typecode":"130000","pcode":310000,"pname":"上海市","citycode":21,"cityname":"上海市","adcode":310101,"adname":"黄浦区","business_a":"北京东路","location":"121.478249,31.231139","tel":"[]","bigType":"政府机构及社会团体","midType":"政府及社会团体相关","smallType":"政府及社会团体相关","gcj_lng":121.478249,"gcj_lat":31.231139,"wgs84_loc":"121.473741,31.233094","wgs84Lng":"121.473741","wgs84Lat":"31.233094","__source_file__":"13-常用公服设施点/SHP/上海市_政府及社会团体相关.shp"},"geometry":{"type":"Point","coordinates":[121.473741,31.233094]}},{"id":"2028","type":"Feature","properties":{"id":"B0FFHSRINV","name":"中福文化广场拆房基地办公室","address":"平望街平望小区南侧","type":"政府机构及社会团体;政府及社会团体相关;政府及社会团体相关","typecode":"130000","pcode":310000,"pname":"上海市","citycode":21,"cityname":"上海市","adcode":310101,"adname":"黄浦区","business_a":"北京东路","location":"121.479259,31.231468","tel":"[]","bigType":"政府机构及社会团体","midType":"政府及社会团体相关","smallType":"政府及社会团体相关","gcj_lng":121.479259,"gcj_lat":31.231468,"wgs84_loc":"121.474754,31.233425","wgs84Lng":"121.474754","wgs84Lat":"31.233425","__source_file__":"13-常用公服设施点/SHP/上海市_政府及社会团体相关.shp"},"geometry":{"type":"Point","coordinates":[121.474754,31.233425]}},{"id":"25","type":"Feature","properties":{"id":"B0FFK22HGQ","name":"户外职工爱心接力站·南京东路街道","address":"凤阳路与新昌路交叉口东约100米","type":"政府机构及社会团体;政府及社会团体相关;政府及社会团体相关","typecode":"130000","pcode":310000,"pname":"上海市","citycode":21,"cityname":"上海市","adcode":310101,"adname":"黄浦区","business_a":"淮海路","location":"121.470132,31.233446","tel":"[]","bigType":"政府机构及社会团体","midType":"政府及社会团体相关","smallType":"政府及社会团体相关","gcj_lng":121.470132,"gcj_lat":31.233446,"wgs84_loc":"121.465597,31.235377","wgs84Lng":"121.465597","wgs84Lat":"31.235377","__source_file__":"13-常用公服设施点/SHP/上海市_政府及社会团体相关.shp"},"geometry":{"type":"Point","coordinates":[121.465597,31.235377]}},{"id":"1696","type":"Feature","properties":{"id":"B0FFIPCOAE","name":"中国瑞士商会","address":"黄河路21号鸿祥大厦1133室","type":"政府机构及社会团体;政府及社会团体相关;政府及社会团体相关","typecode":"130000","pcode":310000,"pname":"上海市","citycode":21,"cityname":"上海市","adcode":310101,"adname":"黄浦区","business_a":"北京东路","location":"121.471003,31.233621","tel":"021-53681236","bigType":"政府机构及社会团体","midType":"政府及社会团体相关","smallType":"政府及社会团体相关","gcj_lng":121.471003,"gcj_lat":31.233621,"wgs84_loc":"121.466471,31.235555","wgs84Lng":"121.466471","wgs84Lat":"31.235555","__source_file__":"13-常用公服设施点/SHP/上海市_政府及社会团体相关.shp"},"geometry":{"type":"Point","coordinates":[121.466471,31.235555]}},{"id":"2827","type":"Feature","properties":{"id":"B0I1FMKX5J","name":"上海市黄浦区政府采购中心","address":"北海路8号福申大厦8层","type":"政府机构及社会团体;政府及社会团体相关;政府及社会团体相关","typecode":"130000","pcode":310000,"pname":"上海市","citycode":21,"cityname":"上海市","adcode":310101,"adname":"黄浦区","business_a":"北京路","location":"121.482158,31.231946","tel":"[]","bigType":"政府机构及社会团体","midType":"政府及社会团体相关","smallType":"政府及社会团体相关","gcj_lng":121.482158,"gcj_lat":31.231946,"wgs84_loc":"121.477663,31.233911","wgs84Lng":"121.477663","wgs84Lat":"31.233911","__source_file__":"13-常用公服设施点/SHP/上海市_政府及社会团体相关.shp"},"geometry":{"type":"Point","coordinates":[121.477663,31.233911]}},{"id":"1730","type":"Feature","properties":{"id":"B0FFGILLSZ","name":"外滩街道城市网格化综合管理中心第二工作站","address":"泗泾路22号","type":"政府机构及社会团体;政府及社会团体相关;政府及社会团体相关|生活服务;生活服务场所;生活服务场所","typecode":"130000|070000","pcode":310000,"pname":"上海市","citycode":21,"cityname":"上海市","adcode":310101,"adname":"黄浦区","business_a":"北京东路","location":"121.487141,31.233582","tel":"[]","bigType":"政府机构及社会团体","midType":"政府及社会团体相关","smallType":"政府及社会团体相关|生活服务","gcj_lng":121.487141,"gcj_lat":31.233582,"wgs84_loc":"121.482663,31.235561","wgs84Lng":"121.482663","wgs84Lat":"31.235561","__source_file__":"13-常用公服设施点/SHP/上海市_政府及社会团体相关.shp"},"geometry":{"type":"Point","coordinates":[121.482663,31.235561]}},{"id":"10","type":"Feature","properties":{"id":"B0HAXLNEOU","name":"外滩街道慈善超市","address":"福州路福建中路195弄小区","type":"政府机构及社会团体;政府及社会团体相关;政府及社会团体相关","typecode":"130000","pcode":310000,"pname":"上海市","citycode":21,"cityname":"上海市","adcode":310101,"adname":"黄浦区","business_a":"北京东路","location":"121.481248,31.233629","tel":"[]","bigType":"政府机构及社会团体","midType":"政府及社会团体相关","smallType":"政府及社会团体相关","gcj_lng":121.481248,"gcj_lat":31.233629,"wgs84_loc":"121.47675,31.235591","wgs84Lng":"121.47675","wgs84Lat":"31.235591","__source_file__":"13-常用公服设施点/SHP/上海市_政府及社会团体相关.shp"},"geometry":{"type":"Point","coordinates":[121.47675,31.235591]}},{"id":"1395","type":"Feature","properties":{"id":"B0FFJGOUS4","name":"上海金融法院","address":"福州路209号","type":"政府机构及社会团体;政府及社会团体相关;政府及社会团体相关","typecode":"130000","pcode":310000,"pname":"上海市","citycode":21,"cityname":"上海市","adcode":310101,"adname":"黄浦区","business_a":"北京东路","location":"121.486411,31.234724","tel":"[]","bigType":"政府机构及社会团体","midType":"政府及社会团体相关","smallType":"政府及社会团体相关","gcj_lng":121.486411,"gcj_lat":31.234724,"wgs84_loc":"121.481931,31.2367","wgs84Lng":"121.481931","wgs84Lat":"31.2367","__source_file__":"13-常用公服设施点/SHP/上海市_政府及社会团体相关.shp"},"geometry":{"type":"Point","coordinates":[121.481931,31.2367]}},{"id":"1540","type":"Feature","properties":{"id":"B00155706K","name":"国家轻工业珠宝检测中心","address":"南京东路432号3层","type":"政府机构及社会团体;政府及社会团体相关;政府及社会团体相关","typecode":"130000","pcode":310000,"pname":"上海市","citycode":21,"cityname":"上海市","adcode":310101,"adname":"黄浦区","business_a":"北京东路","location":"121.480448,31.235990","tel":"021-63220321","bigType":"政府机构及社会团体","midType":"政府及社会团体相关","smallType":"政府及社会团体相关","gcj_lng":121.480448,"gcj_lat":31.23599,"wgs84_loc":"121.475947,31.237949","wgs84Lng":"121.475947","wgs84Lat":"31.237949","__source_file__":"13-常用公服设施点/SHP/上海市_政府及社会团体相关.shp"},"geometry":{"type":"Point","coordinates":[121.475947,31.237949]}},{"id":"1724","type":"Feature","properties":{"id":"B0FFK0MLY7","name":"瑞士签证受理中心","address":"四川中路215号附近","type":"政府机构及社会团体;政府及社会团体相关;政府及社会团体相关","typecode":"130000","pcode":310000,"pname":"上海市","citycode":21,"cityname":"上海市","adcode":310101,"adname":"黄浦区","business_a":"北京东路","location":"121.488322,31.236055","tel":"[]","bigType":"政府机构及社会团体","midType":"政府及社会团体相关","smallType":"政府及社会团体相关","gcj_lng":121.488322,"gcj_lat":31.236055,"wgs84_loc":"121.483848,31.238036","wgs84Lng":"121.483848","wgs84Lat":"31.238036","__source_file__":"13-常用公服设施点/SHP/上海市_政府及社会团体相关.shp"},"geometry":{"type":"Point","coordinates":[121.483848,31.238036]}},{"id":"1711","type":"Feature","properties":{"id":"B0FFIB5EK0","name":"上海京沪企业家俱乐部","address":"九江路与河南中路交叉口东北50米","type":"政府机构及社会团体;政府及社会团体相关;政府及社会团体相关","typecode":"130000","pcode":310000,"pname":"上海市","citycode":21,"cityname":"上海市","adcode":310101,"adname":"黄浦区","business_a":"北京东路","location":"121.485679,31.236876","tel":"[]","bigType":"政府机构及社会团体","midType":"政府及社会团体相关","smallType":"政府及社会团体相关","gcj_lng":121.485679,"gcj_lat":31.236876,"wgs84_loc":"121.481196,31.238849","wgs84Lng":"121.481196","wgs84Lat":"31.238849","__source_file__":"13-常用公服设施点/SHP/上海市_政府及社会团体相关.shp"},"geometry":{"type":"Point","coordinates":[121.481196,31.238849]}},{"id":"1185","type":"Feature","properties":{"id":"B0HDHCFCTE","name":"上海世界城市日事务协调中心","address":"九江路137号9楼","type":"政府机构及社会团体;政府及社会团体相关;政府及社会团体相关","typecode":"130000","pcode":310000,"pname":"上海市","citycode":21,"cityname":"上海市","adcode":310101,"adname":"黄浦区","business_a":"北京东路","location":"121.487502,31.236977","tel":"[]","bigType":"政府机构及社会团体","midType":"政府及社会团体相关","smallType":"政府及社会团体相关","gcj_lng":121.487502,"gcj_lat":31.236977,"wgs84_loc":"121.483025,31.238956","wgs84Lng":"121.483025","wgs84Lat":"31.238956","__source_file__":"13-常用公服设施点/SHP/上海市_政府及社会团体相关.shp"},"geometry":{"type":"Point","coordinates":[121.483025,31.238956]}},{"id":"2241","type":"Feature","properties":{"id":"B0H6DZ6DB6","name":"上海第46届世界技能大赛事务执行局","address":"四川中路276号","type":"政府机构及社会团体;政府及社会团体相关;政府及社会团体相关","typecode":"130000","pcode":310000,"pname":"上海市","citycode":21,"cityname":"上海市","adcode":310101,"adname":"黄浦区","business_a":"北京东路","location":"121.488655,31.237067","tel":"[]","bigType":"政府机构及社会团体","midType":"政府及社会团体相关","smallType":"政府及社会团体相关","gcj_lng":121.488655,"gcj_lat":31.237067,"wgs84_loc":"121.484182,31.239049","wgs84Lng":"121.484182","wgs84Lat":"31.239049","__source_file__":"13-常用公服设施点/SHP/上海市_政府及社会团体相关.shp"},"geometry":{"type":"Point","coordinates":[121.484182,31.239049]}},{"id":"940","type":"Feature","properties":{"id":"B0FFKKCIP4","name":"上海消防总队黄浦支队河南中队","address":"天津路271号","type":"政府机构及社会团体;政府及社会团体相关;政府及社会团体相关","typecode":"130000","pcode":310000,"pname":"上海市","citycode":21,"cityname":"上海市","adcode":310101,"adname":"黄浦区","business_a":"北京东路","location":"121.481254,31.237392","tel":"[]","bigType":"政府机构及社会团体","midType":"政府及社会团体相关","smallType":"政府及社会团体相关","gcj_lng":121.481254,"gcj_lat":31.237392,"wgs84_loc":"121.476756,31.239352","wgs84Lng":"121.476756","wgs84Lat":"31.239352","__source_file__":"13-常用公服设施点/SHP/上海市_政府及社会团体相关.shp"},"geometry":{"type":"Point","coordinates":[121.476756,31.239352]}},{"id":"21","type":"Feature","properties":{"id":"B0HA6DA760","name":"豫园小商品市场党群服务站","address":"福佑路225号6楼","type":"政府机构及社会团体;政府及社会团体相关;政府及社会团体相关","typecode":"130000","pcode":310000,"pname":"上海市","citycode":21,"cityname":"上海市","adcode":310101,"adname":"黄浦区","business_a":"城隍庙","location":"121.491725,31.228488","tel":"[]","bigType":"政府机构及社会团体","midType":"政府及社会团体相关","smallType":"政府及社会团体相关","gcj_lng":121.491725,"gcj_lat":31.228488,"wgs84_loc":"121.487264,31.230483","wgs84Lng":"121.487264","wgs84Lat":"31.230483","__source_file__":"13-常用公服设施点/SHP/上海市_政府及社会团体相关.shp"},"geometry":{"type":"Point","coordinates":[121.487264,31.230483]}},{"id":"1722","type":"Feature","properties":{"id":"B0FFI2RY3E","name":"老上海气象信号台","address":"都市观光旅游3号线都市观光旅游5号线","type":"政府机构及社会团体;政府及社会团体相关;政府及社会团体相关","typecode":"130000","pcode":310000,"pname":"上海市","citycode":21,"cityname":"上海市","adcode":310101,"adname":"黄浦区","business_a":"北京东路","location":"121.494621,31.231128","tel":"[]","bigType":"政府机构及社会团体","midType":"政府及社会团体相关","smallType":"政府及社会团体相关","gcj_lng":121.494621,"gcj_lat":31.231128,"wgs84_loc":"121.49017,31.23313","wgs84Lng":"121.49017","wgs84Lat":"31.23313","__source_file__":"13-常用公服设施点/SHP/上海市_政府及社会团体相关.shp"},"geometry":{"type":"Point","coordinates":[121.49017,31.23313]}},{"id":"1535","type":"Feature","properties":{"id":"B0FFHGOH3Y","name":"上海市纳税服务中心","address":"九江路47号","type":"政府机构及社会团体;政府及社会团体相关;政府及社会团体相关","typecode":"130000","pcode":310000,"pname":"上海市","citycode":21,"cityname":"上海市","adcode":310101,"adname":"黄浦区","business_a":"北京东路","location":"121.488838,31.237507","tel":"[]","bigType":"政府机构及社会团体","midType":"政府及社会团体相关","smallType":"政府及社会团体相关","gcj_lng":121.488838,"gcj_lat":31.237507,"wgs84_loc":"121.484366,31.239489","wgs84Lng":"121.484366","wgs84Lat":"31.239489","__source_file__":"13-常用公服设施点/SHP/上海市_政府及社会团体相关.shp"},"geometry":{"type":"Point","coordinates":[121.484366,31.239489]}},{"id":"429","type":"Feature","properties":{"id":"B0GDS1SLEA","name":"中国海关","address":"延安东路隧道浦东海关大楼","type":"政府机构及社会团体;政府及社会团体相关;政府及社会团体相关","typecode":"130000","pcode":310000,"pname":"上海市","citycode":21,"cityname":"上海市","adcode":310115,"adname":"浦东新区","business_a":"陆家嘴","location":"121.498993,31.238045","tel":"[]","bigType":"政府机构及社会团体","midType":"政府及社会团体相关","smallType":"政府及社会团体相关","gcj_lng":121.498993,"gcj_lat":31.238045,"wgs84_loc":"121.494557,31.240057","wgs84Lng":"121.494557","wgs84Lat":"31.240057","__source_file__":"13-常用公服设施点/SHP/上海市_政府及社会团体相关.shp"},"geometry":{"type":"Point","coordinates":[121.494557,31.240057]}},{"id":"2774","type":"Feature","properties":{"id":"B0JD57D3T3","name":"黄浦区外滩党群服务中心","address":"中山东一路475号","type":"政府机构及社会团体;政府及社会团体相关;政府及社会团体相关","typecode":"130000","pcode":310000,"pname":"上海市","citycode":21,"cityname":"上海市","adcode":310101,"adname":"黄浦区","business_a":"[]","location":"121.491406,31.242269","tel":"[]","bigType":"政府机构及社会团体","midType":"政府及社会团体相关","smallType":"政府及社会团体相关","gcj_lng":121.491406,"gcj_lat":31.242269,"wgs84_loc":"121.486943,31.244257","wgs84Lng":"121.486943","wgs84Lat":"31.244257","__source_file__":"13-常用公服设施点/SHP/上海市_政府及社会团体相关.shp"},"geometry":{"type":"Point","coordinates":[121.486943,31.244257]}},{"id":"2005","type":"Feature","properties":{"id":"B0FFIVGVCV","name":"市民驿站","address":"长治路147号","type":"政府机构及社会团体;政府及社会团体相关;政府及社会团体相关","typecode":"130000","pcode":310000,"pname":"上海市","citycode":21,"cityname":"上海市","adcode":310109,"adname":"虹口区","business_a":"提篮桥","location":"121.492151,31.247170","tel":"021-66770095","bigType":"政府机构及社会团体","midType":"政府及社会团体相关","smallType":"政府及社会团体相关","gcj_lng":121.492151,"gcj_lat":31.24717,"wgs84_loc":"121.48769,31.249158","wgs84Lng":"121.48769","wgs84Lat":"31.249158","__source_file__":"13-常用公服设施点/SHP/上海市_政府及社会团体相关.shp"},"geometry":{"type":"Point","coordinates":[121.48769,31.249158]}},{"id":"130","type":"Feature","properties":{"id":"B0H36UXQ9O","name":"上海市公安局虹口分局北外滩滨江派出所","address":"溧阳路111号瑞阁北外滩205室","type":"政府机构及社会团体;政府及社会团体相关;政府及社会团体相关","typecode":"130000","pcode":310000,"pname":"上海市","citycode":21,"cityname":"上海市","adcode":310109,"adname":"虹口区","business_a":"提篮桥","location":"121.495256,31.247174","tel":"[]","bigType":"政府机构及社会团体","midType":"政府及社会团体相关","smallType":"政府及社会团体相关","gcj_lng":121.495256,"gcj_lat":31.247174,"wgs84_loc":"121.490806,31.249171","wgs84Lng":"121.490806","wgs84Lat":"31.249171","__source_file__":"13-常用公服设施点/SHP/上海市_政府及社会团体相关.shp"},"geometry":{"type":"Point","coordinates":[121.490806,31.249171]}},{"id":"631","type":"Feature","properties":{"id":"B0G1S67102","name":"北外滩街道慈善超市","address":"长治路北虹高级中学南侧约80米","type":"政府机构及社会团体;政府及社会团体相关;政府及社会团体相关","typecode":"130000","pcode":310000,"pname":"上海市","citycode":21,"cityname":"上海市","adcode":310109,"adname":"虹口区","business_a":"北外滩","location":"121.492025,31.247309","tel":"[]","bigType":"政府机构及社会团体","midType":"政府及社会团体相关","smallType":"政府及社会团体相关","gcj_lng":121.492025,"gcj_lat":31.247309,"wgs84_loc":"121.487564,31.249296","wgs84Lng":"121.487564","wgs84Lat":"31.249296","__source_file__":"13-常用公服设施点/SHP/上海市_政府及社会团体相关.shp"},"geometry":{"type":"Point","coordinates":[121.487564,31.249296]}},{"id":"2484","type":"Feature","properties":{"id":"B0IGVU3AS4","name":"52街坊现场办公室","address":"茂林路与吴淞路交叉口东北20米","type":"政府机构及社会团体;政府及社会团体相关;政府及社会团体相关","typecode":"130000","pcode":310000,"pname":"上海市","citycode":21,"cityname":"上海市","adcode":310109,"adname":"虹口区","business_a":"提篮桥","location":"121.489278,31.251165","tel":"[]","bigType":"政府机构及社会团体","midType":"政府及社会团体相关","smallType":"政府及社会团体相关","gcj_lng":121.489278,"gcj_lat":31.251165,"wgs84_loc":"121.484806,31.253142","wgs84Lng":"121.484806","wgs84Lat":"31.253142","__source_file__":"13-常用公服设施点/SHP/上海市_政府及社会团体相关.shp"},"geometry":{"type":"Point","coordinates":[121.484806,31.253142]}},{"id":"2349","type":"Feature","properties":{"id":"B0FFKG67AZ","name":"城管大队办公室","address":"海宁路137号7层F座764G室","type":"政府机构及社会团体;政府及社会团体相关;政府及社会团体相关","typecode":"130000","pcode":310000,"pname":"上海市","citycode":21,"cityname":"上海市","adcode":310109,"adname":"虹口区","business_a":"北外滩","location":"121.489982,31.252340","tel":"[]","bigType":"政府机构及社会团体","midType":"政府及社会团体相关","smallType":"政府及社会团体相关","gcj_lng":121.489982,"gcj_lat":31.25234,"wgs84_loc":"121.485513,31.254319","wgs84Lng":"121.485513","wgs84Lat":"31.254319","__source_file__":"13-常用公服设施点/SHP/上海市_政府及社会团体相关.shp"},"geometry":{"type":"Point","coordinates":[121.485513,31.254319]}},{"id":"12","type":"Feature","properties":{"id":"B0FFJTG1EA","name":"国家税务总局上海市黄浦区税务局纳税服务投诉受理分中心","address":"山西南路260号","type":"政府机构及社会团体;政府及社会团体相关;政府及社会团体相关","typecode":"130000","pcode":310000,"pname":"上海市","citycode":21,"cityname":"上海市","adcode":310101,"adname":"黄浦区","business_a":"北京东路","location":"121.481955,31.238236","tel":"[]","bigType":"政府机构及社会团体","midType":"政府及社会团体相关","smallType":"政府及社会团体相关","gcj_lng":121.481955,"gcj_lat":31.238236,"wgs84_loc":"121.477459,31.240198","wgs84Lng":"121.477459","wgs84Lat":"31.240198","__source_file__":"13-常用公服设施点/SHP/上海市_政府及社会团体相关.shp"},"geometry":{"type":"Point","coordinates":[121.477459,31.240198]}},{"id":"1712","type":"Feature","properties":{"id":"B0FFH187RG","name":"外滩街道侨之家","address":"北京东路与河南中路交叉口东40米","type":"政府机构及社会团体;政府及社会团体相关;政府及社会团体相关","typecode":"130000","pcode":310000,"pname":"上海市","citycode":21,"cityname":"上海市","adcode":310101,"adname":"黄浦区","business_a":"北京东路","location":"121.484245,31.240338","tel":"[]","bigType":"政府机构及社会团体","midType":"政府及社会团体相关","smallType":"政府及社会团体相关","gcj_lng":121.484245,"gcj_lat":31.240338,"wgs84_loc":"121.479757,31.242305","wgs84Lng":"121.479757","wgs84Lat":"31.242305","__source_file__":"13-常用公服设施点/SHP/上海市_政府及社会团体相关.shp"},"geometry":{"type":"Point","coordinates":[121.479757,31.242305]}},{"id":"1713","type":"Feature","properties":{"id":"B0FFH18E4V","name":"外滩街道科普促进会","address":"北京东路300号","type":"政府机构及社会团体;政府及社会团体相关;政府及社会团体相关","typecode":"130000","pcode":310000,"pname":"上海市","citycode":21,"cityname":"上海市","adcode":310101,"adname":"黄浦区","business_a":"北京东路","location":"121.484317,31.240424","tel":"[]","bigType":"政府机构及社会团体","midType":"政府及社会团体相关","smallType":"政府及社会团体相关","gcj_lng":121.484317,"gcj_lat":31.240424,"wgs84_loc":"121.479829,31.242392","wgs84Lng":"121.479829","wgs84Lat":"31.242392","__source_file__":"13-常用公服设施点/SHP/上海市_政府及社会团体相关.shp"},"geometry":{"type":"Point","coordinates":[121.479829,31.242392]}},{"id":"1529","type":"Feature","properties":{"id":"B0FFH1882Q","name":"黄浦区少数民族联合会外滩社区分会","address":"北京东路300号","type":"政府机构及社会团体;政府及社会团体相关;政府及社会团体相关","typecode":"130000","pcode":310000,"pname":"上海市","citycode":21,"cityname":"上海市","adcode":310101,"adname":"黄浦区","business_a":"北京东路","location":"121.484317,31.240424","tel":"[]","bigType":"政府机构及社会团体","midType":"政府及社会团体相关","smallType":"政府及社会团体相关","gcj_lng":121.484317,"gcj_lat":31.240424,"wgs84_loc":"121.479829,31.242392","wgs84Lng":"121.479829","wgs84Lat":"31.242392","__source_file__":"13-常用公服设施点/SHP/上海市_政府及社会团体相关.shp"},"geometry":{"type":"Point","coordinates":[121.479829,31.242392]}},{"id":"431","type":"Feature","properties":{"id":"B0FFG227T4","name":"上海海关报关单证代销点","address":"江西北路2号","type":"政府机构及社会团体;政府及社会团体相关;政府及社会团体相关","typecode":"130000","pcode":310000,"pname":"上海市","citycode":21,"cityname":"上海市","adcode":310109,"adname":"虹口区","business_a":"北外滩","location":"121.483981,31.243762","tel":"[]","bigType":"政府机构及社会团体","midType":"政府及社会团体相关","smallType":"政府及社会团体相关","gcj_lng":121.483981,"gcj_lat":31.243762,"wgs84_loc":"121.479491,31.245727","wgs84Lng":"121.479491","wgs84Lat":"31.245727","__source_file__":"13-常用公服设施点/SHP/上海市_政府及社会团体相关.shp"},"geometry":{"type":"Point","coordinates":[121.479491,31.245727]}},{"id":"2826","type":"Feature","properties":{"id":"B0I065THCU","name":"民革虹口区委会党员之家(图书馆)","address":"乍浦路245号虹口区图书馆乍浦分馆地方文献部","type":"政府机构及社会团体;政府及社会团体相关;政府及社会团体相关","typecode":"130000","pcode":310000,"pname":"上海市","citycode":21,"cityname":"上海市","adcode":310109,"adname":"虹口区","business_a":"上海北外滩中心","location":"121.487066,31.248782","tel":"[]","bigType":"政府机构及社会团体","midType":"政府及社会团体相关","smallType":"政府及社会团体相关","gcj_lng":121.487066,"gcj_lat":31.248782,"wgs84_loc":"121.482587,31.250754","wgs84Lng":"121.482587","wgs84Lat":"31.250754","__source_file__":"13-常用公服设施点/SHP/上海市_政府及社会团体相关.shp"},"geometry":{"type":"Point","coordinates":[121.482587,31.250754]}},{"id":"114","type":"Feature","properties":{"id":"B0FFL1JSPI","name":"虹口区四川北路街道江西北居民区党总支","address":"江西北路375号附近","type":"政府机构及社会团体;政府及社会团体相关;政府及社会团体相关","typecode":"130000","pcode":310000,"pname":"上海市","citycode":21,"cityname":"上海市","adcode":310109,"adname":"虹口区","business_a":"七浦路","location":"121.482113,31.249577","tel":"[]","bigType":"政府机构及社会团体","midType":"政府及社会团体相关","smallType":"政府及社会团体相关","gcj_lng":121.482113,"gcj_lat":31.249577,"wgs84_loc":"121.477617,31.251534","wgs84Lng":"121.477617","wgs84Lat":"31.251534","__source_file__":"13-常用公服设施点/SHP/上海市_政府及社会团体相关.shp"},"geometry":{"type":"Point","coordinates":[121.477617,31.251534]}},{"id":"426","type":"Feature","properties":{"id":"B0FFHM7PNQ","name":"四川北路街道旧改征收分指挥部","address":"北海宁路64号附近","type":"政府机构及社会团体;政府及社会团体相关;政府及社会团体相关","typecode":"130000","pcode":310000,"pname":"上海市","citycode":21,"cityname":"上海市","adcode":310109,"adname":"虹口区","business_a":"七浦路","location":"121.487310,31.251959","tel":"[]","bigType":"政府机构及社会团体","midType":"政府及社会团体相关","smallType":"政府及社会团体相关","gcj_lng":121.48731,"gcj_lat":31.251959,"wgs84_loc":"121.482831,31.25393","wgs84Lng":"121.482831","wgs84Lat":"31.25393","__source_file__":"13-常用公服设施点/SHP/上海市_政府及社会团体相关.shp"},"geometry":{"type":"Point","coordinates":[121.482831,31.25393]}},{"id":"106","type":"Feature","properties":{"id":"B0GKPL2L5G","name":"上海市虹口区体育事业发展指导中心","address":"乍浦路471号","type":"政府机构及社会团体;政府及社会团体相关;政府及社会团体相关","typecode":"130000","pcode":310000,"pname":"上海市","citycode":21,"cityname":"上海市","adcode":310109,"adname":"虹口区","business_a":"七浦路","location":"121.486071,31.252181","tel":"[]","bigType":"政府机构及社会团体","midType":"政府及社会团体相关","smallType":"政府及社会团体相关","gcj_lng":121.486071,"gcj_lat":31.252181,"wgs84_loc":"121.481588,31.254148","wgs84Lng":"121.481588","wgs84Lat":"31.254148","__source_file__":"13-常用公服设施点/SHP/上海市_政府及社会团体相关.shp"},"geometry":{"type":"Point","coordinates":[121.481588,31.254148]}},{"id":"109","type":"Feature","properties":{"id":"B0FFG7V0XO","name":"上海市消防总队虹口支队虹口中队","address":"吴淞路560号","type":"政府机构及社会团体;政府及社会团体相关;政府及社会团体相关","typecode":"130000","pcode":310000,"pname":"上海市","citycode":21,"cityname":"上海市","adcode":310109,"adname":"虹口区","business_a":"四平路","location":"121.488008,31.253400","tel":"[]","bigType":"政府机构及社会团体","midType":"政府及社会团体相关","smallType":"政府及社会团体相关","gcj_lng":121.488008,"gcj_lat":31.2534,"wgs84_loc":"121.483532,31.255373","wgs84Lng":"121.483532","wgs84Lat":"31.255373","__source_file__":"13-常用公服设施点/SHP/上海市_政府及社会团体相关.shp"},"geometry":{"type":"Point","coordinates":[121.483532,31.255373]}},{"id":"1720","type":"Feature","properties":{"id":"B0IG7UR3EX","name":"贵州省商务厅黔货出山","address":"九江路与贵州路交叉口南20米","type":"政府机构及社会团体;政府及社会团体相关;政府及社会团体相关","typecode":"130000","pcode":310000,"pname":"上海市","citycode":21,"cityname":"上海市","adcode":310101,"adname":"黄浦区","business_a":"北京东路","location":"121.476791,31.233962","tel":"[]","bigType":"政府机构及社会团体","midType":"政府及社会团体相关","smallType":"政府及社会团体相关","gcj_lng":121.476791,"gcj_lat":31.233962,"wgs84_loc":"121.472278,31.235911","wgs84Lng":"121.472278","wgs84Lat":"31.235911","__source_file__":"13-常用公服设施点/SHP/上海市_政府及社会团体相关.shp"},"geometry":{"type":"Point","coordinates":[121.472278,31.235911]}},{"id":"1710","type":"Feature","properties":{"id":"B0FFILFLM8","name":"中国司法","address":"宁波路爱民弄","type":"政府机构及社会团体;政府及社会团体相关;政府及社会团体相关","typecode":"130000","pcode":310000,"pname":"上海市","citycode":21,"cityname":"上海市","adcode":310101,"adname":"黄浦区","business_a":"北京东路","location":"121.476357,31.236584","tel":"[]","bigType":"政府机构及社会团体","midType":"政府及社会团体相关","smallType":"政府及社会团体相关","gcj_lng":121.476357,"gcj_lat":31.236584,"wgs84_loc":"121.471842,31.238531","wgs84Lng":"121.471842","wgs84Lat":"31.238531","__source_file__":"13-常用公服设施点/SHP/上海市_政府及社会团体相关.shp"},"geometry":{"type":"Point","coordinates":[121.471842,31.238531]}},{"id":"1525","type":"Feature","properties":{"id":"B0FFH0ZPCE","name":"黄浦区财会公益培","address":"福建中路584附近","type":"政府机构及社会团体;政府及社会团体相关;政府及社会团体相关","typecode":"130000","pcode":310000,"pname":"上海市","citycode":21,"cityname":"上海市","adcode":310101,"adname":"黄浦区","business_a":"北京东路","location":"121.479246,31.236748","tel":"[]","bigType":"政府机构及社会团体","midType":"政府及社会团体相关","smallType":"政府及社会团体相关","gcj_lng":121.479246,"gcj_lat":31.236748,"wgs84_loc":"121.474741,31.238703","wgs84Lng":"121.474741","wgs84Lat":"31.238703","__source_file__":"13-常用公服设施点/SHP/上海市_政府及社会团体相关.shp"},"geometry":{"type":"Point","coordinates":[121.474741,31.238703]}},{"id":"1707","type":"Feature","properties":{"id":"B0FFHUYNKE","name":"南京东路街道长者照护之家","address":"宁波路450号南东街道","type":"政府机构及社会团体;政府及社会团体相关;政府及社会团体相关","typecode":"130000","pcode":310000,"pname":"上海市","citycode":21,"cityname":"上海市","adcode":310101,"adname":"黄浦区","business_a":"北京东路","location":"121.479160,31.237632","tel":"[]","bigType":"政府机构及社会团体","midType":"政府及社会团体相关","smallType":"政府及社会团体相关","gcj_lng":121.47916,"gcj_lat":31.237632,"wgs84_loc":"121.474654,31.239586","wgs84Lng":"121.474654","wgs84Lat":"31.239586","__source_file__":"13-常用公服设施点/SHP/上海市_政府及社会团体相关.shp"},"geometry":{"type":"Point","coordinates":[121.474654,31.239586]}},{"id":"2047","type":"Feature","properties":{"id":"B0FFHRVYEO","name":"南京东路街道军晖老年日托所","address":"厦门路30号","type":"政府机构及社会团体;政府及社会团体相关;政府及社会团体相关","typecode":"130000","pcode":310000,"pname":"上海市","citycode":21,"cityname":"上海市","adcode":310101,"adname":"黄浦区","business_a":"北京东路","location":"121.477689,31.240195","tel":"[]","bigType":"政府机构及社会团体","midType":"政府及社会团体相关","smallType":"政府及社会团体相关","gcj_lng":121.477689,"gcj_lat":31.240195,"wgs84_loc":"121.473178,31.242144","wgs84Lng":"121.473178","wgs84Lat":"31.242144","__source_file__":"13-常用公服设施点/SHP/上海市_政府及社会团体相关.shp"},"geometry":{"type":"Point","coordinates":[121.473178,31.242144]}},{"id":"1566","type":"Feature","properties":{"id":"B0FFH18F4M","name":"全国工具五金标准化中心","address":"天目中路与晋元路交叉口东40米","type":"政府机构及社会团体;政府及社会团体相关;政府及社会团体相关","typecode":"130000","pcode":310000,"pname":"上海市","citycode":21,"cityname":"上海市","adcode":310106,"adname":"静安区","business_a":"七浦路","location":"121.469340,31.245630","tel":"[]","bigType":"政府机构及社会团体","midType":"政府及社会团体相关","smallType":"政府及社会团体相关","gcj_lng":121.46934,"gcj_lat":31.24563,"wgs84_loc":"121.464802,31.247554","wgs84Lng":"121.464802","wgs84Lat":"31.247554","__source_file__":"13-常用公服设施点/SHP/上海市_政府及社会团体相关.shp"},"geometry":{"type":"Point","coordinates":[121.464802,31.247554]}},{"id":"1573","type":"Feature","properties":{"id":"B0FFGBY5A0","name":"市场管理所","address":"天目东路258号一楼","type":"政府机构及社会团体;政府及社会团体相关;政府及社会团体相关","typecode":"130000","pcode":310000,"pname":"上海市","citycode":21,"cityname":"上海市","adcode":310106,"adname":"静安区","business_a":"宝山路","location":"121.474492,31.249000","tel":"[]","bigType":"政府机构及社会团体","midType":"政府及社会团体相关","smallType":"政府及社会团体相关","gcj_lng":121.474492,"gcj_lat":31.249,"wgs84_loc":"121.46997,31.250936","wgs84Lng":"121.46997","wgs84Lat":"31.250936","__source_file__":"13-常用公服设施点/SHP/上海市_政府及社会团体相关.shp"},"geometry":{"type":"Point","coordinates":[121.46997,31.250936]}},{"id":"430","type":"Feature","properties":{"id":"B0FFGODZV7","name":"铁路公安局消防处","address":"天目东路80号","type":"政府机构及社会团体;政府及社会团体相关;政府及社会团体相关","typecode":"130000","pcode":310000,"pname":"上海市","citycode":21,"cityname":"上海市","adcode":310106,"adname":"静安区","business_a":"宝山路","location":"121.477795,31.250934","tel":"[]","bigType":"政府机构及社会团体","midType":"政府及社会团体相关","smallType":"政府及社会团体相关","gcj_lng":121.477795,"gcj_lat":31.250934,"wgs84_loc":"121.473284,31.252878","wgs84Lng":"121.473284","wgs84Lat":"31.252878","__source_file__":"13-常用公服设施点/SHP/上海市_政府及社会团体相关.shp"},"geometry":{"type":"Point","coordinates":[121.473284,31.252878]}},{"id":"2472","type":"Feature","properties":{"id":"B0HKUUWBU7","name":"上海市高校科技发展中心","address":"宝山路251号甲(宝山路地铁站1号口步行240米)","type":"政府机构及社会团体;政府及社会团体相关;政府及社会团体相关","typecode":"130000","pcode":310000,"pname":"上海市","citycode":21,"cityname":"上海市","adcode":310106,"adname":"静安区","business_a":"宝山路","location":"121.477052,31.253949","tel":"[]","bigType":"政府机构及社会团体","midType":"政府及社会团体相关","smallType":"政府及社会团体相关","gcj_lng":121.477052,"gcj_lat":31.253949,"wgs84_loc":"121.472538,31.25589","wgs84Lng":"121.472538","wgs84Lat":"31.25589","__source_file__":"13-常用公服设施点/SHP/上海市_政府及社会团体相关.shp"},"geometry":{"type":"Point","coordinates":[121.472538,31.25589]}},{"id":"845","type":"Feature","properties":{"id":"B0FFK2IYV3","name":"宝山路街道城市网格化综合管理中心","address":"中兴路387号","type":"政府机构及社会团体;政府及社会团体相关;政府及社会团体相关","typecode":"130000","pcode":310000,"pname":"上海市","citycode":21,"cityname":"上海市","adcode":310106,"adname":"静安区","business_a":"宝山路","location":"121.475562,31.258305","tel":"[]","bigType":"政府机构及社会团体","midType":"政府及社会团体相关","smallType":"政府及社会团体相关","gcj_lng":121.475562,"gcj_lat":31.258305,"wgs84_loc":"121.471043,31.26024","wgs84Lng":"121.471043","wgs84Lat":"31.26024","__source_file__":"13-常用公服设施点/SHP/上海市_政府及社会团体相关.shp"},"geometry":{"type":"Point","coordinates":[121.471043,31.26024]}},{"id":"1993","type":"Feature","properties":{"id":"B0FFLGF3SQ","name":"南克俭小区工会联合会","address":"哈尔滨路与吴淞路交叉口东北40米","type":"政府机构及社会团体;政府及社会团体相关;政府及社会团体相关","typecode":"130000","pcode":310000,"pname":"上海市","citycode":21,"cityname":"上海市","adcode":310109,"adname":"虹口区","business_a":"四平路","location":"121.487826,31.253797","tel":"[]","bigType":"政府机构及社会团体","midType":"政府及社会团体相关","smallType":"政府及社会团体相关","gcj_lng":121.487826,"gcj_lat":31.253797,"wgs84_loc":"121.483349,31.255769","wgs84Lng":"121.483349","wgs84Lat":"31.255769","__source_file__":"13-常用公服设施点/SHP/上海市_政府及社会团体相关.shp"},"geometry":{"type":"Point","coordinates":[121.483349,31.255769]}},{"id":"125","type":"Feature","properties":{"id":"B0FFFOLRJA","name":"中共虹口区纪律检查委员会反腐倡廉教育基地","address":"吴淞路615号","type":"政府机构及社会团体;政府及社会团体相关;政府及社会团体相关","typecode":"130000","pcode":310000,"pname":"上海市","citycode":21,"cityname":"上海市","adcode":310109,"adname":"虹口区","business_a":"[]","location":"121.486556,31.253892","tel":"[]","bigType":"政府机构及社会团体","midType":"政府及社会团体相关","smallType":"政府及社会团体相关","gcj_lng":121.486556,"gcj_lat":31.253892,"wgs84_loc":"121.482075,31.25586","wgs84Lng":"121.482075","wgs84Lat":"31.25586","__source_file__":"13-常用公服设施点/SHP/上海市_政府及社会团体相关.shp"},"geometry":{"type":"Point","coordinates":[121.482075,31.25586]}},{"id":"2173","type":"Feature","properties":{"id":"B0FFHUJREQ","name":"虹星居委会消费维权联络点","address":"虬江路103号","type":"政府机构及社会团体;政府及社会团体相关;政府及社会团体相关","typecode":"130000","pcode":310000,"pname":"上海市","citycode":21,"cityname":"上海市","adcode":310109,"adname":"虹口区","business_a":"宝山路","location":"121.486585,31.254703","tel":"[]","bigType":"政府机构及社会团体","midType":"政府及社会团体相关","smallType":"政府及社会团体相关","gcj_lng":121.486585,"gcj_lat":31.254703,"wgs84_loc":"121.482104,31.256671","wgs84Lng":"121.482104","wgs84Lat":"31.256671","__source_file__":"13-常用公服设施点/SHP/上海市_政府及社会团体相关.shp"},"geometry":{"type":"Point","coordinates":[121.482104,31.256671]}},{"id":"121","type":"Feature","properties":{"id":"B0FFH1862Q","name":"虹口区公益宣传工作领导小组办公室","address":"九龙路755号","type":"政府机构及社会团体;政府及社会团体相关;政府及社会团体相关","typecode":"130000","pcode":310000,"pname":"上海市","citycode":21,"cityname":"上海市","adcode":310109,"adname":"虹口区","business_a":"四平路","location":"121.488331,31.254816","tel":"[]","bigType":"政府机构及社会团体","midType":"政府及社会团体相关","smallType":"政府及社会团体相关","gcj_lng":121.488331,"gcj_lat":31.254816,"wgs84_loc":"121.483856,31.256789","wgs84Lng":"121.483856","wgs84Lat":"31.256789","__source_file__":"13-常用公服设施点/SHP/上海市_政府及社会团体相关.shp"},"geometry":{"type":"Point","coordinates":[121.483856,31.256789]}},{"id":"692","type":"Feature","properties":{"id":"B0FFG9SNYO","name":"四川北路街道社区事务受理服务中心","address":"四川北路街道新广路296号1楼","type":"政府机构及社会团体;政府及社会团体相关;政府及社会团体相关","typecode":"130000","pcode":310000,"pname":"上海市","citycode":21,"cityname":"上海市","adcode":310109,"adname":"虹口区","business_a":"宝山路","location":"121.480662,31.255064","tel":"021-56661380","bigType":"政府机构及社会团体","midType":"政府及社会团体相关","smallType":"政府及社会团体相关","gcj_lng":121.480662,"gcj_lat":31.255064,"wgs84_loc":"121.47616,31.257015","wgs84Lng":"121.47616","wgs84Lat":"31.257015","__source_file__":"13-常用公服设施点/SHP/上海市_政府及社会团体相关.shp"},"geometry":{"type":"Point","coordinates":[121.47616,31.257015]}},{"id":"2369","type":"Feature","properties":{"id":"B0FFFPW6U7","name":"上海市呼叫中心协会","address":"上海市静安区四川北路1666号高宝新时代广场","type":"政府机构及社会团体;政府及社会团体相关;政府及社会团体相关","typecode":"130000","pcode":310000,"pname":"上海市","citycode":21,"cityname":"上海市","adcode":310109,"adname":"虹口区","business_a":"宝山路","location":"121.483486,31.257290","tel":"[]","bigType":"政府机构及社会团体","midType":"政府及社会团体相关","smallType":"政府及社会团体相关","gcj_lng":121.483486,"gcj_lat":31.25729,"wgs84_loc":"121.478994,31.259248","wgs84Lng":"121.478994","wgs84Lat":"31.259248","__source_file__":"13-常用公服设施点/SHP/上海市_政府及社会团体相关.shp"},"geometry":{"type":"Point","coordinates":[121.478994,31.259248]}},{"id":"694","type":"Feature","properties":{"id":"B0FFG1Y9OM","name":"上海市数字证书认证中心有限公司证书受理中心","address":"四川北路1717号","type":"政府机构及社会团体;政府及社会团体相关;政府及社会团体相关","typecode":"130000","pcode":310000,"pname":"上海市","citycode":21,"cityname":"上海市","adcode":310109,"adname":"虹口区","business_a":"宝山路","location":"121.482683,31.258842","tel":"021-36393100","bigType":"政府机构及社会团体","midType":"政府及社会团体相关","smallType":"政府及社会团体相关","gcj_lng":121.482683,"gcj_lat":31.258842,"wgs84_loc":"121.478188,31.260797","wgs84Lng":"121.478188","wgs84Lat":"31.260797","__source_file__":"13-常用公服设施点/SHP/上海市_政府及社会团体相关.shp"},"geometry":{"type":"Point","coordinates":[121.478188,31.260797]}},{"id":"119","type":"Feature","properties":{"id":"B0FFIOYXNN","name":"虹口区四川北路街道永美居民委员会","address":"四川北路1774弄4号一楼","type":"政府机构及社会团体;政府及社会团体相关;政府及社会团体相关","typecode":"130000","pcode":310000,"pname":"上海市","citycode":21,"cityname":"上海市","adcode":310109,"adname":"虹口区","business_a":"宝山路","location":"121.483416,31.259537","tel":"[]","bigType":"政府机构及社会团体","midType":"政府及社会团体相关","smallType":"政府及社会团体相关","gcj_lng":121.483416,"gcj_lat":31.259537,"wgs84_loc":"121.478923,31.261494","wgs84Lng":"121.478923","wgs84Lat":"31.261494","__source_file__":"13-常用公服设施点/SHP/上海市_政府及社会团体相关.shp"},"geometry":{"type":"Point","coordinates":[121.478923,31.261494]}},{"id":"702","type":"Feature","properties":{"id":"B0FFG0UCUL","name":"中国电机工程学会城市供电专业委员会","address":"四川北路1856弄16号","type":"政府机构及社会团体;政府及社会团体相关;政府及社会团体相关","typecode":"130000","pcode":310000,"pname":"上海市","citycode":21,"cityname":"上海市","adcode":310109,"adname":"虹口区","business_a":"宝山路","location":"121.485221,31.261023","tel":"[]","bigType":"政府机构及社会团体","midType":"政府及社会团体相关","smallType":"政府及社会团体相关","gcj_lng":121.485221,"gcj_lat":31.261023,"wgs84_loc":"121.480734,31.262984","wgs84Lng":"121.480734","wgs84Lat":"31.262984","__source_file__":"13-常用公服设施点/SHP/上海市_政府及社会团体相关.shp"},"geometry":{"type":"Point","coordinates":[121.480734,31.262984]}},{"id":"630","type":"Feature","properties":{"id":"B0HRV7TIXU","name":"四川北路街道慈善超市","address":"长春路虹叶花苑西北侧","type":"政府机构及社会团体;政府及社会团体相关;政府及社会团体相关","typecode":"130000","pcode":310000,"pname":"上海市","citycode":21,"cityname":"上海市","adcode":310109,"adname":"虹口区","business_a":"宝山路","location":"121.486275,31.261949","tel":"[]","bigType":"政府机构及社会团体","midType":"政府及社会团体相关","smallType":"政府及社会团体相关","gcj_lng":121.486275,"gcj_lat":31.261949,"wgs84_loc":"121.481792,31.263913","wgs84Lng":"121.481792","wgs84Lat":"31.263913","__source_file__":"13-常用公服设施点/SHP/上海市_政府及社会团体相关.shp"},"geometry":{"type":"Point","coordinates":[121.481792,31.263913]}},{"id":"1709","type":"Feature","properties":{"id":"B0FFKKW45G","name":"河南省人民政府驻上海办事处","address":"新建路215、219、221号1-2层","type":"政府机构及社会团体;政府及社会团体相关;政府及社会团体相关","typecode":"130000","pcode":310000,"pname":"上海市","citycode":21,"cityname":"上海市","adcode":310109,"adname":"虹口区","business_a":"北外滩","location":"121.496755,31.254182","tel":"[]","bigType":"政府机构及社会团体","midType":"政府及社会团体相关","smallType":"政府及社会团体相关","gcj_lng":121.496755,"gcj_lat":31.254182,"wgs84_loc":"121.49231,31.25618","wgs84Lng":"121.49231","wgs84Lat":"31.25618","__source_file__":"13-常用公服设施点/SHP/上海市_政府及社会团体相关.shp"},"geometry":{"type":"Point","coordinates":[121.49231,31.25618]}},{"id":"104","type":"Feature","properties":{"id":"B00154DRE0","name":"虹口区市容环卫服务中心","address":"沙泾路94号","type":"政府机构及社会团体;政府及社会团体相关;政府及社会团体相关|生活服务;生活服务场所;生活服务场所","typecode":"130000|070000","pcode":310000,"pname":"上海市","citycode":21,"cityname":"上海市","adcode":310109,"adname":"虹口区","business_a":"提篮桥","location":"121.491840,31.255478","tel":"[]","bigType":"政府机构及社会团体","midType":"政府及社会团体相关","smallType":"政府及社会团体相关|生活服务","gcj_lng":121.49184,"gcj_lat":31.255478,"wgs84_loc":"121.487377,31.257461","wgs84Lng":"121.487377","wgs84Lat":"31.257461","__source_file__":"13-常用公服设施点/SHP/上海市_政府及社会团体相关.shp"},"geometry":{"type":"Point","coordinates":[121.487377,31.257461]}},{"id":"113","type":"Feature","properties":{"id":"B0FFFQWV1X","name":"虹口区78号街坊旧改征收办公室","address":"周家嘴路与通州路交叉口南50米","type":"政府机构及社会团体;政府及社会团体相关;政府及社会团体相关","typecode":"130000","pcode":310000,"pname":"上海市","citycode":21,"cityname":"上海市","adcode":310109,"adname":"虹口区","business_a":"提篮桥","location":"121.498140,31.255552","tel":"[]","bigType":"政府机构及社会团体","midType":"政府及社会团体相关","smallType":"政府及社会团体相关","gcj_lng":121.49814,"gcj_lat":31.255552,"wgs84_loc":"121.4937,31.257554","wgs84Lng":"121.4937","wgs84Lat":"31.257554","__source_file__":"13-常用公服设施点/SHP/上海市_政府及社会团体相关.shp"},"geometry":{"type":"Point","coordinates":[121.4937,31.257554]}},{"id":"423","type":"Feature","properties":{"id":"B0GU9XUUUT","name":"中国司法","address":"周家嘴路泰鸿苑","type":"政府机构及社会团体;政府及社会团体相关;政府及社会团体相关","typecode":"130000","pcode":310000,"pname":"上海市","citycode":21,"cityname":"上海市","adcode":310109,"adname":"虹口区","business_a":"提篮桥","location":"121.496962,31.259518","tel":"[]","bigType":"政府机构及社会团体","midType":"政府及社会团体相关","smallType":"政府及社会团体相关","gcj_lng":121.496962,"gcj_lat":31.259518,"wgs84_loc":"121.492517,31.261515","wgs84Lng":"121.492517","wgs84Lat":"31.261515","__source_file__":"13-常用公服设施点/SHP/上海市_政府及社会团体相关.shp"},"geometry":{"type":"Point","coordinates":[121.492517,31.261515]}},{"id":"699","type":"Feature","properties":{"id":"B0FFFTRT60","name":"上海长三角惠安商会","address":"溧阳路1111号永融企业中心8层D","type":"政府机构及社会团体;政府及社会团体相关;政府及社会团体相关","typecode":"130000","pcode":310000,"pname":"上海市","citycode":21,"cityname":"上海市","adcode":310109,"adname":"虹口区","business_a":"[]","location":"121.488963,31.261744","tel":"[]","bigType":"政府机构及社会团体","midType":"政府及社会团体相关","smallType":"政府及社会团体相关","gcj_lng":121.488963,"gcj_lat":31.261744,"wgs84_loc":"121.484489,31.263716","wgs84Lng":"121.484489","wgs84Lat":"31.263716","__source_file__":"13-常用公服设施点/SHP/上海市_政府及社会团体相关.shp"},"geometry":{"type":"Point","coordinates":[121.484489,31.263716]}},{"id":"633","type":"Feature","properties":{"id":"B0FFJDBL56","name":"嘉兴路街道慈善超市","address":"天宝路临平路250弄小区","type":"政府机构及社会团体;政府及社会团体相关;政府及社会团体相关","typecode":"130000","pcode":310000,"pname":"上海市","citycode":21,"cityname":"上海市","adcode":310109,"adname":"虹口区","business_a":"提篮桥","location":"121.496133,31.261726","tel":"[]","bigType":"政府机构及社会团体","midType":"政府及社会团体相关","smallType":"政府及社会团体相关","gcj_lng":121.496133,"gcj_lat":31.261726,"wgs84_loc":"121.491685,31.263719","wgs84Lng":"121.491685","wgs84Lat":"31.263719","__source_file__":"13-常用公服设施点/SHP/上海市_政府及社会团体相关.shp"},"geometry":{"type":"Point","coordinates":[121.491685,31.263719]}},{"id":"2486","type":"Feature","properties":{"id":"B0FFIK3LJD","name":"中国海事","address":"四平路188号-6楼-603室附近","type":"政府机构及社会团体;政府及社会团体相关;政府及社会团体相关","typecode":"130000","pcode":310000,"pname":"上海市","citycode":21,"cityname":"上海市","adcode":310109,"adname":"虹口区","business_a":"[]","location":"121.490148,31.262338","tel":"[]","bigType":"政府机构及社会团体","midType":"政府及社会团体相关","smallType":"政府及社会团体相关","gcj_lng":121.490148,"gcj_lat":31.262338,"wgs84_loc":"121.485679,31.264313","wgs84Lng":"121.485679","wgs84Lat":"31.264313","__source_file__":"13-常用公服设施点/SHP/上海市_政府及社会团体相关.shp"},"geometry":{"type":"Point","coordinates":[121.485679,31.264313]}},{"id":"432","type":"Feature","properties":{"id":"B0FFG28PPC","name":"24小时自助办税服务","address":"临平北路与香烟桥路交叉口西50米","type":"政府机构及社会团体;政府及社会团体相关;政府及社会团体相关","typecode":"130000","pcode":310000,"pname":"上海市","citycode":21,"cityname":"上海市","adcode":310109,"adname":"虹口区","business_a":"四平路","location":"121.492540,31.263361","tel":"[]","bigType":"政府机构及社会团体","midType":"政府及社会团体相关","smallType":"政府及社会团体相关","gcj_lng":121.49254,"gcj_lat":31.263361,"wgs84_loc":"121.488079,31.265343","wgs84Lng":"121.488079","wgs84Lat":"31.265343","__source_file__":"13-常用公服设施点/SHP/上海市_政府及社会团体相关.shp"},"geometry":{"type":"Point","coordinates":[121.488079,31.265343]}},{"id":"111","type":"Feature","properties":{"id":"B0I6R5VDGT","name":"上海市虹口区城市管理行政执法局","address":"临平北路7号4-6层","type":"政府机构及社会团体;政府及社会团体相关;政府及社会团体相关","typecode":"130000","pcode":310000,"pname":"上海市","citycode":21,"cityname":"上海市","adcode":310109,"adname":"虹口区","business_a":"四平路","location":"121.492360,31.263798","tel":"[]","bigType":"政府机构及社会团体","midType":"政府及社会团体相关","smallType":"政府及社会团体相关","gcj_lng":121.49236,"gcj_lat":31.263798,"wgs84_loc":"121.487898,31.265779","wgs84Lng":"121.487898","wgs84Lat":"31.265779","__source_file__":"13-常用公服设施点/SHP/上海市_政府及社会团体相关.shp"},"geometry":{"type":"Point","coordinates":[121.487898,31.265779]}},{"id":"1025","type":"Feature","properties":{"id":"B0FFH2TC72","name":"龙舟赛主委会","address":"江宁路1500号204室","type":"政府机构及社会团体;政府及社会团体相关;政府及社会团体相关","typecode":"130000","pcode":310000,"pname":"上海市","citycode":21,"cityname":"上海市","adcode":310107,"adname":"普陀区","business_a":"光新","location":"121.440641,31.247748","tel":"[]","bigType":"政府机构及社会团体","midType":"政府及社会团体相关","smallType":"政府及社会团体相关","gcj_lng":121.440641,"gcj_lat":31.247748,"wgs84_loc":"121.436027,31.249608","wgs84Lng":"121.436027","wgs84Lat":"31.249608","__source_file__":"13-常用公服设施点/SHP/上海市_政府及社会团体相关.shp"},"geometry":{"type":"Point","coordinates":[121.436027,31.249608]}},{"id":"1043","type":"Feature","properties":{"id":"B0IGNLA7TM","name":"宜川路街道香溢党群服务中心","address":"中山北路1561号2楼","type":"政府机构及社会团体;政府及社会团体相关;政府及社会团体相关","typecode":"130000","pcode":310000,"pname":"上海市","citycode":21,"cityname":"上海市","adcode":310107,"adname":"普陀区","business_a":"光新","location":"121.436523,31.254358","tel":"[]","bigType":"政府机构及社会团体","midType":"政府及社会团体相关","smallType":"政府及社会团体相关","gcj_lng":121.436523,"gcj_lat":31.254358,"wgs84_loc":"121.431901,31.256208","wgs84Lng":"121.431901","wgs84Lat":"31.256208","__source_file__":"13-常用公服设施点/SHP/上海市_政府及社会团体相关.shp"},"geometry":{"type":"Point","coordinates":[121.431901,31.256208]}},{"id":"619","type":"Feature","properties":{"id":"B0FFG95SES","name":"普陀区人力资源和社会保障局工伤认定劳动能力鉴定受理办公室","address":"志丹路2号","type":"政府机构及社会团体;政府及社会团体相关;政府及社会团体相关","typecode":"130000","pcode":310000,"pname":"上海市","citycode":21,"cityname":"上海市","adcode":310107,"adname":"普陀区","business_a":"光新","location":"121.431171,31.258150","tel":"021-66070911","bigType":"政府机构及社会团体","midType":"政府及社会团体相关","smallType":"政府及社会团体相关","gcj_lng":121.431171,"gcj_lat":31.25815,"wgs84_loc":"121.42654,31.259991","wgs84Lng":"121.42654","wgs84Lat":"31.259991","__source_file__":"13-常用公服设施点/SHP/上海市_政府及社会团体相关.shp"},"geometry":{"type":"Point","coordinates":[121.42654,31.259991]}},{"id":"622","type":"Feature","properties":{"id":"B0FFM9LZK8","name":"中共宜川路街道纪律检查工作委员会","address":"华阴路与宜川路交叉口东约60米","type":"政府机构及社会团体;政府及社会团体相关;政府及社会团体相关","typecode":"130000","pcode":310000,"pname":"上海市","citycode":21,"cityname":"上海市","adcode":310107,"adname":"普陀区","business_a":"大宁路","location":"121.441203,31.258719","tel":"[]","bigType":"政府机构及社会团体","midType":"政府及社会团体相关","smallType":"政府及社会团体相关","gcj_lng":121.441203,"gcj_lat":31.258719,"wgs84_loc":"121.43659,31.260575","wgs84Lng":"121.43659","wgs84Lat":"31.260575","__source_file__":"13-常用公服设施点/SHP/上海市_政府及社会团体相关.shp"},"geometry":{"type":"Point","coordinates":[121.43659,31.260575]}},{"id":"1015","type":"Feature","properties":{"id":"B0FFIAPW7M","name":"普陀区宜川路街道群团基层工作站","address":"华阴路宜川三村小区","type":"政府机构及社会团体;政府及社会团体相关;政府及社会团体相关","typecode":"130000","pcode":310000,"pname":"上海市","citycode":21,"cityname":"上海市","adcode":310107,"adname":"普陀区","business_a":"光新","location":"121.441934,31.258976","tel":"[]","bigType":"政府机构及社会团体","midType":"政府及社会团体相关","smallType":"政府及社会团体相关","gcj_lng":121.441934,"gcj_lat":31.258976,"wgs84_loc":"121.437322,31.260833","wgs84Lng":"121.437322","wgs84Lat":"31.260833","__source_file__":"13-常用公服设施点/SHP/上海市_政府及社会团体相关.shp"},"geometry":{"type":"Point","coordinates":[121.437322,31.260833]}},{"id":"2440","type":"Feature","properties":{"id":"B0FFJL1F3J","name":"上海市地下管线协会","address":"延长西路521号","type":"政府机构及社会团体;政府及社会团体相关;政府及社会团体相关","typecode":"130000","pcode":310000,"pname":"上海市","citycode":21,"cityname":"上海市","adcode":310107,"adname":"普陀区","business_a":"光新","location":"121.434029,31.259535","tel":"[]","bigType":"政府机构及社会团体","midType":"政府及社会团体相关","smallType":"政府及社会团体相关","gcj_lng":121.434029,"gcj_lat":31.259535,"wgs84_loc":"121.429402,31.261379","wgs84Lng":"121.429402","wgs84Lat":"31.261379","__source_file__":"13-常用公服设施点/SHP/上海市_政府及社会团体相关.shp"},"geometry":{"type":"Point","coordinates":[121.429402,31.261379]}},{"id":"1044","type":"Feature","properties":{"id":"B0H0OC0X4Z","name":"上海市交通建设工程管理中心","address":"延长西路521号","type":"政府机构及社会团体;政府及社会团体相关;政府及社会团体相关","typecode":"130000","pcode":310000,"pname":"上海市","citycode":21,"cityname":"上海市","adcode":310107,"adname":"普陀区","business_a":"光新","location":"121.433952,31.259547","tel":"[]","bigType":"政府机构及社会团体","midType":"政府及社会团体相关","smallType":"政府及社会团体相关","gcj_lng":121.433952,"gcj_lat":31.259547,"wgs84_loc":"121.429325,31.261391","wgs84Lng":"121.429325","wgs84Lat":"31.261391","__source_file__":"13-常用公服设施点/SHP/上海市_政府及社会团体相关.shp"},"geometry":{"type":"Point","coordinates":[121.429325,31.261391]}},{"id":"1050","type":"Feature","properties":{"id":"B0FFIYHHLY","name":"甘泉路街道交通安全宣传办公室","address":"甘泉路42号附近","type":"政府机构及社会团体;政府及社会团体相关;政府及社会团体相关","typecode":"130000","pcode":310000,"pname":"上海市","citycode":21,"cityname":"上海市","adcode":310107,"adname":"普陀区","business_a":"大宁路","location":"121.435301,31.264330","tel":"[]","bigType":"政府机构及社会团体","midType":"政府及社会团体相关","smallType":"政府及社会团体相关","gcj_lng":121.435301,"gcj_lat":31.26433,"wgs84_loc":"121.430676,31.266174","wgs84Lng":"121.430676","wgs84Lat":"31.266174","__source_file__":"13-常用公服设施点/SHP/上海市_政府及社会团体相关.shp"},"geometry":{"type":"Point","coordinates":[121.430676,31.266174]}},{"id":"2341","type":"Feature","properties":{"id":"B0FFM8Z0K1","name":"环卫之家","address":"甘泉路休闲街与宜川路交叉口西60米","type":"政府机构及社会团体;政府及社会团体相关;政府及社会团体相关","typecode":"130000","pcode":310000,"pname":"上海市","citycode":21,"cityname":"上海市","adcode":310107,"adname":"普陀区","business_a":"光新","location":"121.435710,31.264500","tel":"[]","bigType":"政府机构及社会团体","midType":"政府及社会团体相关","smallType":"政府及社会团体相关","gcj_lng":121.43571,"gcj_lat":31.2645,"wgs84_loc":"121.431086,31.266345","wgs84Lng":"121.431086","wgs84Lat":"31.266345","__source_file__":"13-常用公服设施点/SHP/上海市_政府及社会团体相关.shp"},"geometry":{"type":"Point","coordinates":[121.431086,31.266345]}},{"id":"1409","type":"Feature","properties":{"id":"B0FFKQBF0P","name":"天目西路街道社区党建服务中心","address":"恒丰路600号2楼","type":"政府机构及社会团体;政府及社会团体相关;政府及社会团体相关","typecode":"130000","pcode":310000,"pname":"上海市","citycode":21,"cityname":"上海市","adcode":310106,"adname":"静安区","business_a":"[]","location":"121.452380,31.246801","tel":"021-63530538","bigType":"政府机构及社会团体","midType":"政府及社会团体相关","smallType":"政府及社会团体相关","gcj_lng":121.45238,"gcj_lat":31.246801,"wgs84_loc":"121.447793,31.248684","wgs84Lng":"121.447793","wgs84Lat":"31.248684","__source_file__":"13-常用公服设施点/SHP/上海市_政府及社会团体相关.shp"},"geometry":{"type":"Point","coordinates":[121.447793,31.248684]}},{"id":"2808","type":"Feature","properties":{"id":"B0KD9SHNR3","name":"交通西路居民区党群服务站","address":"交通路1461弄68号","type":"政府机构及社会团体;政府及社会团体相关;政府及社会团体相关","typecode":"130000","pcode":310000,"pname":"上海市","citycode":21,"cityname":"上海市","adcode":310107,"adname":"普陀区","business_a":"光新","location":"121.445340,31.256097","tel":"021-56086075","bigType":"政府机构及社会团体","midType":"政府及社会团体相关","smallType":"政府及社会团体相关","gcj_lng":121.44534,"gcj_lat":31.256097,"wgs84_loc":"121.440736,31.257961","wgs84Lng":"121.440736","wgs84Lat":"31.257961","__source_file__":"13-常用公服设施点/SHP/上海市_政府及社会团体相关.shp"},"geometry":{"type":"Point","coordinates":[121.440736,31.257961]}},{"id":"1416","type":"Feature","properties":{"id":"B0FFK82878","name":"普陀区城市管理行政执法局执法大队宜川中队","address":"交通路1401弄48号","type":"政府机构及社会团体;政府及社会团体相关;政府及社会团体相关","typecode":"130000","pcode":310000,"pname":"上海市","citycode":21,"cityname":"上海市","adcode":310107,"adname":"普陀区","business_a":"光新","location":"121.445122,31.256271","tel":"[]","bigType":"政府机构及社会团体","midType":"政府及社会团体相关","smallType":"政府及社会团体相关","gcj_lng":121.445122,"gcj_lat":31.256271,"wgs84_loc":"121.440517,31.258135","wgs84Lng":"121.440517","wgs84Lat":"31.258135","__source_file__":"13-常用公服设施点/SHP/上海市_政府及社会团体相关.shp"},"geometry":{"type":"Point","coordinates":[121.440517,31.258135]}},{"id":"614","type":"Feature","properties":{"id":"B0FFK6UYPW","name":"上海铁路局党干校","address":"芷江西路629号","type":"政府机构及社会团体;政府及社会团体相关;政府及社会团体相关","typecode":"130000","pcode":310000,"pname":"上海市","citycode":21,"cityname":"上海市","adcode":310106,"adname":"静安区","business_a":"和田","location":"121.453796,31.257139","tel":"021-51226018","bigType":"政府机构及社会团体","midType":"政府及社会团体相关","smallType":"政府及社会团体相关","gcj_lng":121.453796,"gcj_lat":31.257139,"wgs84_loc":"121.449212,31.25902","wgs84Lng":"121.449212","wgs84Lat":"31.25902","__source_file__":"13-常用公服设施点/SHP/上海市_政府及社会团体相关.shp"},"geometry":{"type":"Point","coordinates":[121.449212,31.25902]}},{"id":"2469","type":"Feature","properties":{"id":"B0G3VKA7BP","name":"静安区架空线入地和合杆整治工作指挥部办公室","address":"普善路与毛家弄交叉口南100米","type":"政府机构及社会团体;政府及社会团体相关;政府及社会团体相关","typecode":"130000","pcode":310000,"pname":"上海市","citycode":21,"cityname":"上海市","adcode":310106,"adname":"静安区","business_a":"和田","location":"121.454790,31.257540","tel":"[]","bigType":"政府机构及社会团体","midType":"政府及社会团体相关","smallType":"政府及社会团体相关","gcj_lng":121.45479,"gcj_lat":31.25754,"wgs84_loc":"121.450208,31.259423","wgs84Lng":"121.450208","wgs84Lat":"31.259423","__source_file__":"13-常用公服设施点/SHP/上海市_政府及社会团体相关.shp"},"geometry":{"type":"Point","coordinates":[121.450208,31.259423]}},{"id":"2149","type":"Feature","properties":{"id":"B0FFLEUDUZ","name":"芷江西路街道","address":"普善路与毛家弄交叉口东南20米","type":"政府机构及社会团体;政府及社会团体相关;政府及社会团体相关","typecode":"130000","pcode":310000,"pname":"上海市","citycode":21,"cityname":"上海市","adcode":310106,"adname":"静安区","business_a":"和田","location":"121.454934,31.258346","tel":"[]","bigType":"政府机构及社会团体","midType":"政府及社会团体相关","smallType":"政府及社会团体相关","gcj_lng":121.454934,"gcj_lat":31.258346,"wgs84_loc":"121.450353,31.260229","wgs84Lng":"121.450353","wgs84Lat":"31.260229","__source_file__":"13-常用公服设施点/SHP/上海市_政府及社会团体相关.shp"},"geometry":{"type":"Point","coordinates":[121.450353,31.260229]}},{"id":"1741","type":"Feature","properties":{"id":"B0FFJH0FMZ","name":"上海宁夏商会","address":"中山北路969号","type":"政府机构及社会团体;政府及社会团体相关;政府及社会团体相关","typecode":"130000","pcode":310000,"pname":"上海市","citycode":21,"cityname":"上海市","adcode":310106,"adname":"静安区","business_a":"和田","location":"121.452748,31.259133","tel":"021-62579719","bigType":"政府机构及社会团体","midType":"政府及社会团体相关","smallType":"政府及社会团体相关","gcj_lng":121.452748,"gcj_lat":31.259133,"wgs84_loc":"121.448161,31.261011","wgs84Lng":"121.448161","wgs84Lat":"31.261011","__source_file__":"13-常用公服设施点/SHP/上海市_政府及社会团体相关.shp"},"geometry":{"type":"Point","coordinates":[121.448161,31.261011]}},{"id":"957","type":"Feature","properties":{"id":"B0FFJG1EQK","name":"上海市静安区公安消防支队","address":"沪太路655弄1号","type":"政府机构及社会团体;政府及社会团体相关;政府及社会团体相关","typecode":"130000","pcode":310000,"pname":"上海市","citycode":21,"cityname":"上海市","adcode":310106,"adname":"静安区","business_a":"和田","location":"121.447714,31.261347","tel":"[]","bigType":"政府机构及社会团体","midType":"政府及社会团体相关","smallType":"政府及社会团体相关","gcj_lng":121.447714,"gcj_lat":31.261347,"wgs84_loc":"121.443115,31.263214","wgs84Lng":"121.443115","wgs84Lat":"31.263214","__source_file__":"13-常用公服设施点/SHP/上海市_政府及社会团体相关.shp"},"geometry":{"type":"Point","coordinates":[121.443115,31.263214]}},{"id":"1742","type":"Feature","properties":{"id":"B0FFL9R9XE","name":"上海市社会保障事业管理中心","address":"沪太路711号","type":"政府机构及社会团体;政府及社会团体相关;政府及社会团体相关","typecode":"130000","pcode":310000,"pname":"上海市","citycode":21,"cityname":"上海市","adcode":310106,"adname":"静安区","business_a":"大宁路","location":"121.445800,31.263895","tel":"[]","bigType":"政府机构及社会团体","midType":"政府及社会团体相关","smallType":"政府及社会团体相关","gcj_lng":121.4458,"gcj_lat":31.263895,"wgs84_loc":"121.441196,31.265757","wgs84Lng":"121.441196","wgs84Lat":"31.265757","__source_file__":"13-常用公服设施点/SHP/上海市_政府及社会团体相关.shp"},"geometry":{"type":"Point","coordinates":[121.441196,31.265757]}},{"id":"2844","type":"Feature","properties":{"id":"B0J04ZX5E2","name":"静安区法院诉调对接(诉源治理)分中心","address":"老沪太路202号","type":"政府机构及社会团体;政府及社会团体相关;政府及社会团体相关","typecode":"130000","pcode":310000,"pname":"上海市","citycode":21,"cityname":"上海市","adcode":310106,"adname":"静安区","business_a":"和田","location":"121.453784,31.267969","tel":"[]","bigType":"政府机构及社会团体","midType":"政府及社会团体相关","smallType":"政府及社会团体相关","gcj_lng":121.453784,"gcj_lat":31.267969,"wgs84_loc":"121.449199,31.269845","wgs84Lng":"121.449199","wgs84Lat":"31.269845","__source_file__":"13-常用公服设施点/SHP/上海市_政府及社会团体相关.shp"},"geometry":{"type":"Point","coordinates":[121.449199,31.269845]}},{"id":"734","type":"Feature","properties":{"id":"B0GUSZKIX9","name":"产促中心企业服务中心","address":"共和新路912号云华科技大厦101室","type":"政府机构及社会团体;政府及社会团体相关;政府及社会团体相关","typecode":"130000","pcode":310000,"pname":"上海市","citycode":21,"cityname":"上海市","adcode":310106,"adname":"静安区","business_a":"宝山路","location":"121.462343,31.258613","tel":"18221044104","bigType":"政府机构及社会团体","midType":"政府及社会团体相关","smallType":"政府及社会团体相关","gcj_lng":121.462343,"gcj_lat":31.258613,"wgs84_loc":"121.457782,31.260513","wgs84Lng":"121.457782","wgs84Lat":"31.260513","__source_file__":"13-常用公服设施点/SHP/上海市_政府及社会团体相关.shp"},"geometry":{"type":"Point","coordinates":[121.457782,31.260513]}},{"id":"115","type":"Feature","properties":{"id":"B0FFIXQXB4","name":"上海市虹口区市场监督管理局广中市场监督管理所","address":"柳营路125号明凯大厦","type":"政府机构及社会团体;政府及社会团体相关;政府及社会团体相关","typecode":"130000","pcode":310000,"pname":"上海市","citycode":21,"cityname":"上海市","adcode":310109,"adname":"虹口区","business_a":"凉城","location":"121.468292,31.271419","tel":"[]","bigType":"政府机构及社会团体","midType":"政府及社会团体相关","smallType":"政府及社会团体相关","gcj_lng":121.468292,"gcj_lat":31.271419,"wgs84_loc":"121.463748,31.273329","wgs84Lng":"121.463748","wgs84Lat":"31.273329","__source_file__":"13-常用公服设施点/SHP/上海市_政府及社会团体相关.shp"},"geometry":{"type":"Point","coordinates":[121.463748,31.273329]}},{"id":"2082","type":"Feature","properties":{"id":"B0FFFESEUG","name":"广中路街道柳营路居委会","address":"同丰路666弄1号","type":"政府机构及社会团体;政府及社会团体相关;政府及社会团体相关","typecode":"130000","pcode":310000,"pname":"上海市","citycode":21,"cityname":"上海市","adcode":310109,"adname":"虹口区","business_a":"凉城","location":"121.466595,31.273178","tel":"021-56627674","bigType":"政府机构及社会团体","midType":"政府及社会团体相关","smallType":"政府及社会团体相关","gcj_lng":121.466595,"gcj_lat":31.273178,"wgs84_loc":"121.462046,31.275083","wgs84Lng":"121.462046","wgs84Lat":"31.275083","__source_file__":"13-常用公服设施点/SHP/上海市_政府及社会团体相关.shp"},"geometry":{"type":"Point","coordinates":[121.462046,31.275083]}},{"id":"1411","type":"Feature","properties":{"id":"B0FFFFAGSK","name":"上海市静安区科学技术协会","address":"延长路149号上海大学延长校区附近","type":"政府机构及社会团体;政府及社会团体相关;政府及社会团体相关","typecode":"130000","pcode":310000,"pname":"上海市","citycode":21,"cityname":"上海市","adcode":310106,"adname":"静安区","business_a":"和田","location":"121.459679,31.273619","tel":"[]","bigType":"政府机构及社会团体","midType":"政府及社会团体相关","smallType":"政府及社会团体相关","gcj_lng":121.459679,"gcj_lat":31.273619,"wgs84_loc":"121.455109,31.275506","wgs84Lng":"121.455109","wgs84Lat":"31.275506","__source_file__":"13-常用公服设施点/SHP/上海市_政府及社会团体相关.shp"},"geometry":{"type":"Point","coordinates":[121.455109,31.275506]}},{"id":"84","type":"Feature","properties":{"id":"B0FFJP7IP1","name":"国家税务总局上海市静安区税务局第三税务所房产交易中心税务窗口","address":"老沪太路1233号2层","type":"政府机构及社会团体;政府及社会团体相关;政府及社会团体相关","typecode":"130000","pcode":310000,"pname":"上海市","citycode":21,"cityname":"上海市","adcode":310106,"adname":"静安区","business_a":"大宁路","location":"121.441934,31.269402","tel":"[]","bigType":"政府机构及社会团体","midType":"政府及社会团体相关","smallType":"政府及社会团体相关","gcj_lng":121.441934,"gcj_lat":31.269402,"wgs84_loc":"121.437321,31.271255","wgs84Lng":"121.437321","wgs84Lat":"31.271255","__source_file__":"13-常用公服设施点/SHP/上海市_政府及社会团体相关.shp"},"geometry":{"type":"Point","coordinates":[121.437321,31.271255]}},{"id":"76","type":"Feature","properties":{"id":"B0FFK1L6FZ","name":"大宁路街道慈善超市","address":"延长中路413号","type":"政府机构及社会团体;政府及社会团体相关;政府及社会团体相关","typecode":"130000","pcode":310000,"pname":"上海市","citycode":21,"cityname":"上海市","adcode":310106,"adname":"静安区","business_a":"大宁路","location":"121.452754,31.270631","tel":"[]","bigType":"政府机构及社会团体","midType":"政府及社会团体相关","smallType":"政府及社会团体相关","gcj_lng":121.452754,"gcj_lat":31.270631,"wgs84_loc":"121.448166,31.272504","wgs84Lng":"121.448166","wgs84Lat":"31.272504","__source_file__":"13-常用公服设施点/SHP/上海市_政府及社会团体相关.shp"},"geometry":{"type":"Point","coordinates":[121.448166,31.272504]}},{"id":"1749","type":"Feature","properties":{"id":"B0FFHUETJH","name":"大宁路街道人大代表之家","address":"延长中路451弄小区","type":"政府机构及社会团体;政府及社会团体相关;政府及社会团体相关","typecode":"130000","pcode":310000,"pname":"上海市","citycode":21,"cityname":"上海市","adcode":310106,"adname":"静安区","business_a":"大宁路","location":"121.452786,31.270636","tel":"[]","bigType":"政府机构及社会团体","midType":"政府及社会团体相关","smallType":"政府及社会团体相关","gcj_lng":121.452786,"gcj_lat":31.270636,"wgs84_loc":"121.448198,31.272509","wgs84Lng":"121.448198","wgs84Lat":"31.272509","__source_file__":"13-常用公服设施点/SHP/上海市_政府及社会团体相关.shp"},"geometry":{"type":"Point","coordinates":[121.448198,31.272509]}},{"id":"643","type":"Feature","properties":{"id":"B0FFHMYRCB","name":"大宁先锋中队","address":"南北高架路与大宁路交叉口东南50米","type":"政府机构及社会团体;政府及社会团体相关;政府及社会团体相关","typecode":"130000","pcode":310000,"pname":"上海市","citycode":21,"cityname":"上海市","adcode":310106,"adname":"静安区","business_a":"大宁路","location":"121.453339,31.275603","tel":"[]","bigType":"政府机构及社会团体","midType":"政府及社会团体相关","smallType":"政府及社会团体相关","gcj_lng":121.453339,"gcj_lat":31.275603,"wgs84_loc":"121.448752,31.277475","wgs84Lng":"121.448752","wgs84Lat":"31.277475","__source_file__":"13-常用公服设施点/SHP/上海市_政府及社会团体相关.shp"},"geometry":{"type":"Point","coordinates":[121.448752,31.277475]}},{"id":"74","type":"Feature","properties":{"id":"B0HG559LWV","name":"慈善超市","address":"止园路芷江中路459弄小区","type":"政府机构及社会团体;政府及社会团体相关;政府及社会团体相关","typecode":"130000","pcode":310000,"pname":"上海市","citycode":21,"cityname":"上海市","adcode":310106,"adname":"静安区","business_a":"和田","location":"121.469428,31.259135","tel":"[]","bigType":"政府机构及社会团体","midType":"政府及社会团体相关","smallType":"政府及社会团体相关","gcj_lng":121.469428,"gcj_lat":31.259135,"wgs84_loc":"121.464889,31.261053","wgs84Lng":"121.464889","wgs84Lat":"31.261053","__source_file__":"13-常用公服设施点/SHP/上海市_政府及社会团体相关.shp"},"geometry":{"type":"Point","coordinates":[121.464889,31.261053]}},{"id":"947","type":"Feature","properties":{"id":"B00155FLFU","name":"轨道交通综合执法工作站","address":"宝源路金宝大厦东南侧","type":"政府机构及社会团体;政府及社会团体相关;政府及社会团体相关","typecode":"130000","pcode":310000,"pname":"上海市","citycode":21,"cityname":"上海市","adcode":310109,"adname":"虹口区","business_a":"宝山路","location":"121.480278,31.259636","tel":"[]","bigType":"政府机构及社会团体","midType":"政府及社会团体相关","smallType":"政府及社会团体相关","gcj_lng":121.480278,"gcj_lat":31.259636,"wgs84_loc":"121.475774,31.261583","wgs84Lng":"121.475774","wgs84Lat":"31.261583","__source_file__":"13-常用公服设施点/SHP/上海市_政府及社会团体相关.shp"},"geometry":{"type":"Point","coordinates":[121.475774,31.261583]}},{"id":"958","type":"Feature","properties":{"id":"B0GKH738YO","name":"申航大厦微型消防站","address":"宝昌路与中山北路交叉口东80米","type":"政府机构及社会团体;政府及社会团体相关;政府及社会团体相关","typecode":"130000","pcode":310000,"pname":"上海市","citycode":21,"cityname":"上海市","adcode":310106,"adname":"静安区","business_a":"宝山路","location":"121.470755,31.264411","tel":"[]","bigType":"政府机构及社会团体","midType":"政府及社会团体相关","smallType":"政府及社会团体相关","gcj_lng":121.470755,"gcj_lat":31.264411,"wgs84_loc":"121.46622,31.26633","wgs84Lng":"121.46622","wgs84Lat":"31.26633","__source_file__":"13-常用公服设施点/SHP/上海市_政府及社会团体相关.shp"},"geometry":{"type":"Point","coordinates":[121.46622,31.26633]}},{"id":"81","type":"Feature","properties":{"id":"B0FFJP96UF","name":"国家税务总局上海市静安区税务局第十四税务所","address":"中山北路198号","type":"政府机构及社会团体;政府及社会团体相关;政府及社会团体相关","typecode":"130000","pcode":310000,"pname":"上海市","citycode":21,"cityname":"上海市","adcode":310106,"adname":"静安区","business_a":"宝山路","location":"121.470594,31.264560","tel":"[]","bigType":"政府机构及社会团体","midType":"政府及社会团体相关","smallType":"政府及社会团体相关","gcj_lng":121.470594,"gcj_lat":31.26456,"wgs84_loc":"121.466058,31.266479","wgs84Lng":"121.466058","wgs84Lat":"31.266479","__source_file__":"13-常用公服设施点/SHP/上海市_政府及社会团体相关.shp"},"geometry":{"type":"Point","coordinates":[121.466058,31.266479]}},{"id":"88","type":"Feature","properties":{"id":"B0FFJP5QQB","name":"国家税务总局上海市静安区税务局第十九税务所","address":"中山北路198号","type":"政府机构及社会团体;政府及社会团体相关;政府及社会团体相关","typecode":"130000","pcode":310000,"pname":"上海市","citycode":21,"cityname":"上海市","adcode":310106,"adname":"静安区","business_a":"和田","location":"121.470584,31.264568","tel":"[]","bigType":"政府机构及社会团体","midType":"政府及社会团体相关","smallType":"政府及社会团体相关","gcj_lng":121.470584,"gcj_lat":31.264568,"wgs84_loc":"121.466048,31.266487","wgs84Lng":"121.466048","wgs84Lat":"31.266487","__source_file__":"13-常用公服设施点/SHP/上海市_政府及社会团体相关.shp"},"geometry":{"type":"Point","coordinates":[121.466048,31.266487]}},{"id":"85","type":"Feature","properties":{"id":"B0FFJP5QQA","name":"国家税务总局上海市静安区税务局第十六税务所","address":"中山北路198号","type":"政府机构及社会团体;政府及社会团体相关;政府及社会团体相关","typecode":"130000","pcode":310000,"pname":"上海市","citycode":21,"cityname":"上海市","adcode":310106,"adname":"静安区","business_a":"宝山路","location":"121.470631,31.264569","tel":"[]","bigType":"政府机构及社会团体","midType":"政府及社会团体相关","smallType":"政府及社会团体相关","gcj_lng":121.470631,"gcj_lat":31.264569,"wgs84_loc":"121.466095,31.266488","wgs84Lng":"121.466095","wgs84Lat":"31.266488","__source_file__":"13-常用公服设施点/SHP/上海市_政府及社会团体相关.shp"},"geometry":{"type":"Point","coordinates":[121.466095,31.266488]}},{"id":"79","type":"Feature","properties":{"id":"B0FFHFUM8H","name":"国家税务总局上海市静安区税务局","address":"中山北路198号","type":"政府机构及社会团体;政府及社会团体相关;政府及社会团体相关","typecode":"130000","pcode":310000,"pname":"上海市","citycode":21,"cityname":"上海市","adcode":310106,"adname":"静安区","business_a":"宝山路","location":"121.470487,31.264606","tel":"021-52297892","bigType":"政府机构及社会团体","midType":"政府及社会团体相关","smallType":"政府及社会团体相关","gcj_lng":121.470487,"gcj_lat":31.264606,"wgs84_loc":"121.465951,31.266524","wgs84Lng":"121.465951","wgs84Lat":"31.266524","__source_file__":"13-常用公服设施点/SHP/上海市_政府及社会团体相关.shp"},"geometry":{"type":"Point","coordinates":[121.465951,31.266524]}},{"id":"87","type":"Feature","properties":{"id":"B0FFJP96UG","name":"国家税务总局上海市静安区税务局第十五税务所","address":"中山北路198号","type":"政府机构及社会团体;政府及社会团体相关;政府及社会团体相关","typecode":"130000","pcode":310000,"pname":"上海市","citycode":21,"cityname":"上海市","adcode":310106,"adname":"静安区","business_a":"宝山路","location":"121.470592,31.264613","tel":"[]","bigType":"政府机构及社会团体","midType":"政府及社会团体相关","smallType":"政府及社会团体相关","gcj_lng":121.470592,"gcj_lat":31.264613,"wgs84_loc":"121.466056,31.266532","wgs84Lng":"121.466056","wgs84Lat":"31.266532","__source_file__":"13-常用公服设施点/SHP/上海市_政府及社会团体相关.shp"},"geometry":{"type":"Point","coordinates":[121.466056,31.266532]}},{"id":"691","type":"Feature","properties":{"id":"B0FFM9U4HD","name":"恒心社区服务中心","address":"同心路124号","type":"政府机构及社会团体;政府及社会团体相关;政府及社会团体相关","typecode":"130000","pcode":310000,"pname":"上海市","citycode":21,"cityname":"上海市","adcode":310109,"adname":"虹口区","business_a":"宝山路","location":"121.477091,31.266886","tel":"[]","bigType":"政府机构及社会团体","midType":"政府及社会团体相关","smallType":"政府及社会团体相关","gcj_lng":121.477091,"gcj_lat":31.266886,"wgs84_loc":"121.472576,31.268821","wgs84Lng":"121.472576","wgs84Lat":"31.268821","__source_file__":"13-常用公服设施点/SHP/上海市_政府及社会团体相关.shp"},"geometry":{"type":"Point","coordinates":[121.472576,31.268821]}},{"id":"1999","type":"Feature","properties":{"id":"B0G0ZZWYO3","name":"上海市节能环保服务业协会","address":"上海市虹口区中山北一路121号A1楼6楼","type":"政府机构及社会团体;政府及社会团体相关;政府及社会团体相关","typecode":"130000","pcode":310000,"pname":"上海市","citycode":21,"cityname":"上海市","adcode":310109,"adname":"虹口区","business_a":"江湾","location":"121.476362,31.271920","tel":"[]","bigType":"政府机构及社会团体","midType":"政府及社会团体相关","smallType":"政府及社会团体相关","gcj_lng":121.476362,"gcj_lat":31.27192,"wgs84_loc":"121.471844,31.273851","wgs84Lng":"121.471844","wgs84Lat":"31.273851","__source_file__":"13-常用公服设施点/SHP/上海市_政府及社会团体相关.shp"},"geometry":{"type":"Point","coordinates":[121.471844,31.273851]}},{"id":"105","type":"Feature","properties":{"id":"B0FFHET25V","name":"虹口区广中同心粮食管理所","address":"四川北路街道溧阳路1380号","type":"政府机构及社会团体;政府及社会团体相关;政府及社会团体相关","typecode":"130000","pcode":310000,"pname":"上海市","citycode":21,"cityname":"上海市","adcode":310109,"adname":"虹口区","business_a":"宝山路","location":"121.484998,31.263557","tel":"[]","bigType":"政府机构及社会团体","midType":"政府及社会团体相关","smallType":"政府及社会团体相关","gcj_lng":121.484998,"gcj_lat":31.263557,"wgs84_loc":"121.48051,31.265516","wgs84Lng":"121.48051","wgs84Lat":"31.265516","__source_file__":"13-常用公服设施点/SHP/上海市_政府及社会团体相关.shp"},"geometry":{"type":"Point","coordinates":[121.48051,31.265516]}},{"id":"693","type":"Feature","properties":{"id":"B0FFI9LF4I","name":"四川北路街道综合为老服务中心","address":"宝安支路76号","type":"政府机构及社会团体;政府及社会团体相关;政府及社会团体相关","typecode":"130000","pcode":310000,"pname":"上海市","citycode":21,"cityname":"上海市","adcode":310109,"adname":"虹口区","business_a":"[]","location":"121.488323,31.264319","tel":"[]","bigType":"政府机构及社会团体","midType":"政府及社会团体相关","smallType":"政府及社会团体相关","gcj_lng":121.488323,"gcj_lat":31.264319,"wgs84_loc":"121.483847,31.266288","wgs84Lng":"121.483847","wgs84Lat":"31.266288","__source_file__":"13-常用公服设施点/SHP/上海市_政府及社会团体相关.shp"},"geometry":{"type":"Point","coordinates":[121.483847,31.266288]}},{"id":"107","type":"Feature","properties":{"id":"B0FFJRVS7B","name":"虹口区欧阳街道虹仪居民区党总支","address":"祥德路321-2南80米","type":"政府机构及社会团体;政府及社会团体相关;政府及社会团体相关","typecode":"130000","pcode":310000,"pname":"上海市","citycode":21,"cityname":"上海市","adcode":310109,"adname":"虹口区","business_a":"曲阳","location":"121.487879,31.270130","tel":"021-65070358","bigType":"政府机构及社会团体","midType":"政府及社会团体相关","smallType":"政府及社会团体相关","gcj_lng":121.487879,"gcj_lat":31.27013,"wgs84_loc":"121.483401,31.272095","wgs84Lng":"121.483401","wgs84Lat":"31.272095","__source_file__":"13-常用公服设施点/SHP/上海市_政府及社会团体相关.shp"},"geometry":{"type":"Point","coordinates":[121.483401,31.272095]}},{"id":"1076","type":"Feature","properties":{"id":"B0FFK8G3V7","name":"交通警察","address":"甜爱路345号附近","type":"政府机构及社会团体;政府及社会团体相关;政府及社会团体相关","typecode":"130000","pcode":310000,"pname":"上海市","citycode":21,"cityname":"上海市","adcode":310109,"adname":"虹口区","business_a":"曲阳","location":"121.484872,31.271338","tel":"[]","bigType":"政府机构及社会团体","midType":"政府及社会团体相关","smallType":"政府及社会团体相关","gcj_lng":121.484872,"gcj_lat":31.271338,"wgs84_loc":"121.480383,31.273294","wgs84Lng":"121.480383","wgs84Lat":"31.273294","__source_file__":"13-常用公服设施点/SHP/上海市_政府及社会团体相关.shp"},"geometry":{"type":"Point","coordinates":[121.480383,31.273294]}},{"id":"112","type":"Feature","properties":{"id":"B0FFH7VSI5","name":"上海市公安局虹口区案件审理办公室","address":"中山北一路131弄1支弄5号甲","type":"政府机构及社会团体;政府及社会团体相关;政府及社会团体相关","typecode":"130000","pcode":310000,"pname":"上海市","citycode":21,"cityname":"上海市","adcode":310109,"adname":"虹口区","business_a":"江湾","location":"121.476710,31.272897","tel":"[]","bigType":"政府机构及社会团体","midType":"政府及社会团体相关","smallType":"政府及社会团体相关","gcj_lng":121.47671,"gcj_lat":31.272897,"wgs84_loc":"121.472193,31.274829","wgs84Lng":"121.472193","wgs84Lat":"31.274829","__source_file__":"13-常用公服设施点/SHP/上海市_政府及社会团体相关.shp"},"geometry":{"type":"Point","coordinates":[121.472193,31.274829]}},{"id":"1739","type":"Feature","properties":{"id":"B0FFKAVBLH","name":"广中路街道办事处","address":"同丰路667弄105号","type":"政府机构及社会团体;政府及社会团体相关;政府及社会团体相关","typecode":"130000","pcode":310000,"pname":"上海市","citycode":21,"cityname":"上海市","adcode":310109,"adname":"虹口区","business_a":"凉城","location":"121.468600,31.273021","tel":"021-56665639","bigType":"政府机构及社会团体","midType":"政府及社会团体相关","smallType":"政府及社会团体相关","gcj_lng":121.4686,"gcj_lat":31.273021,"wgs84_loc":"121.464057,31.274931","wgs84Lng":"121.464057","wgs84Lat":"31.274931","__source_file__":"13-常用公服设施点/SHP/上海市_政府及社会团体相关.shp"},"geometry":{"type":"Point","coordinates":[121.464057,31.274931]}},{"id":"100","type":"Feature","properties":{"id":"B0FFLFPB1P","name":"虹口区市民驿站","address":"水电路与花园路交叉口西南约80米","type":"政府机构及社会团体;政府及社会团体相关;政府及社会团体相关","typecode":"130000","pcode":310000,"pname":"上海市","citycode":21,"cityname":"上海市","adcode":310109,"adname":"虹口区","business_a":"和田","location":"121.472295,31.273315","tel":"[]","bigType":"政府机构及社会团体","midType":"政府及社会团体相关","smallType":"政府及社会团体相关","gcj_lng":121.472295,"gcj_lat":31.273315,"wgs84_loc":"121.467764,31.275234","wgs84Lng":"121.467764","wgs84Lat":"31.275234","__source_file__":"13-常用公服设施点/SHP/上海市_政府及社会团体相关.shp"},"geometry":{"type":"Point","coordinates":[121.467764,31.275234]}}],"name":"上海市_政府及社会团体相关","crs":{"type":"name","properties":{"name":"urn:ogc:def:crs:OGC:1.3:CRS84"}}}