{"type":"FeatureCollection","features":[{"id":"362","type":"Feature","properties":{"id":"B00151AADF","name":"上海人民美术出版社","address":"长乐路672弄33号","type":"科教文化服务;传媒机构;出版社","typecode":"141105","pcode":310000,"pname":"上海市","citycode":21,"cityname":"上海市","adcode":310106,"adname":"静安区","business_a":"淮海路","location":"121.452404,31.219905","tel":"021-54044520","bigType":"科教文化服务","midType":"传媒机构","smallType":"出版社","gcj_lng":121.452404,"gcj_lat":31.219905,"wgs84_loc":"121.44782,31.2218","wgs84Lng":"121.44782","wgs84Lat":"31.2218","__source_file__":"13-常用公服设施点/SHP/上海市_传媒机构.shp"},"geometry":{"type":"Point","coordinates":[121.44782,31.2218]}},{"id":"363","type":"Feature","properties":{"id":"B00156GSNC","name":"上海锦绣文章出版社","address":"长乐路672弄33号","type":"科教文化服务;传媒机构;出版社","typecode":"141105","pcode":310000,"pname":"上海市","citycode":21,"cityname":"上海市","adcode":310106,"adname":"静安区","business_a":"淮海路","location":"121.452372,31.219947","tel":"[]","bigType":"科教文化服务","midType":"传媒机构","smallType":"出版社","gcj_lng":121.452372,"gcj_lat":31.219947,"wgs84_loc":"121.447787,31.221842","wgs84Lng":"121.447787","wgs84Lat":"31.221842","__source_file__":"13-常用公服设施点/SHP/上海市_传媒机构.shp"},"geometry":{"type":"Point","coordinates":[121.447787,31.221842]}},{"id":"611","type":"Feature","properties":{"id":"B0FFLP4STZ","name":"上海市广播电视局行政事务受理中心","address":"巨鹿路709号乙","type":"科教文化服务;传媒机构;传媒机构","typecode":"141100","pcode":310000,"pname":"上海市","citycode":21,"cityname":"上海市","adcode":310106,"adname":"静安区","business_a":"淮海路","location":"121.453368,31.220808","tel":"021-54035290","bigType":"科教文化服务","midType":"传媒机构","smallType":"传媒机构","gcj_lng":121.453368,"gcj_lat":31.220808,"wgs84_loc":"121.448786,31.222705","wgs84Lng":"121.448786","wgs84Lat":"31.222705","__source_file__":"13-常用公服设施点/SHP/上海市_传媒机构.shp"},"geometry":{"type":"Point","coordinates":[121.448786,31.222705]}},{"id":"365","type":"Feature","properties":{"id":"B00154DIJD","name":"收获文学杂志社","address":"巨鹿路675号","type":"科教文化服务;传媒机构;杂志社","typecode":"141104","pcode":310000,"pname":"上海市","citycode":21,"cityname":"上海市","adcode":310106,"adname":"静安区","business_a":"淮海路","location":"121.456344,31.221555","tel":"[]","bigType":"科教文化服务","midType":"传媒机构","smallType":"杂志社","gcj_lng":121.456344,"gcj_lat":31.221555,"wgs84_loc":"121.45177,31.223458","wgs84Lng":"121.45177","wgs84Lat":"31.223458","__source_file__":"13-常用公服设施点/SHP/上海市_传媒机构.shp"},"geometry":{"type":"Point","coordinates":[121.45177,31.223458]}},{"id":"9","type":"Feature","properties":{"id":"B0FFHBBLS9","name":"上海文学杂志社(巨鹿路)","address":"巨鹿路675号","type":"科教文化服务;传媒机构;杂志社","typecode":"141104","pcode":310000,"pname":"上海市","citycode":21,"cityname":"上海市","adcode":310106,"adname":"静安区","business_a":"静安寺","location":"121.456344,31.221555","tel":"[]","bigType":"科教文化服务","midType":"传媒机构","smallType":"杂志社","gcj_lng":121.456344,"gcj_lat":31.221555,"wgs84_loc":"121.45177,31.223458","wgs84Lng":"121.45177","wgs84Lat":"31.223458","__source_file__":"13-常用公服设施点/SHP/上海市_传媒机构.shp"},"geometry":{"type":"Point","coordinates":[121.45177,31.223458]}},{"id":"174","type":"Feature","properties":{"id":"B0015422BD","name":"上海大众卫生报社","address":"陕西南路122宣教大楼","type":"科教文化服务;传媒机构;报社","typecode":"141103","pcode":310000,"pname":"上海市","citycode":21,"cityname":"上海市","adcode":310106,"adname":"静安区","business_a":"淮海路","location":"121.457242,31.220608","tel":"021-54032246","bigType":"科教文化服务","midType":"传媒机构","smallType":"报社","gcj_lng":121.457242,"gcj_lat":31.220608,"wgs84_loc":"121.45267,31.222513","wgs84Lng":"121.45267","wgs84Lat":"31.222513","__source_file__":"13-常用公服设施点/SHP/上海市_传媒机构.shp"},"geometry":{"type":"Point","coordinates":[121.45267,31.222513]}},{"id":"370","type":"Feature","properties":{"id":"B0FFH1X6ZH","name":"收复文学杂志社","address":"巨鹿路675号","type":"科教文化服务;传媒机构;杂志社","typecode":"141104","pcode":310000,"pname":"上海市","citycode":21,"cityname":"上海市","adcode":310106,"adname":"静安区","business_a":"淮海路","location":"121.456484,31.221657","tel":"021-54031961","bigType":"科教文化服务","midType":"传媒机构","smallType":"杂志社","gcj_lng":121.456484,"gcj_lat":31.221657,"wgs84_loc":"121.45191,31.22356","wgs84Lng":"121.45191","wgs84Lat":"31.22356","__source_file__":"13-常用公服设施点/SHP/上海市_传媒机构.shp"},"geometry":{"type":"Point","coordinates":[121.45191,31.22356]}},{"id":"1","type":"Feature","properties":{"id":"B00154KAS6","name":"萌芽杂志社","address":"巨鹿路675号","type":"科教文化服务;传媒机构;杂志社","typecode":"141104","pcode":310000,"pname":"上海市","citycode":21,"cityname":"上海市","adcode":310106,"adname":"静安区","business_a":"静安寺","location":"121.456505,31.221665","tel":"021-54034308","bigType":"科教文化服务","midType":"传媒机构","smallType":"杂志社","gcj_lng":121.456505,"gcj_lat":31.221665,"wgs84_loc":"121.451931,31.223568","wgs84Lng":"121.451931","wgs84Lat":"31.223568","__source_file__":"13-常用公服设施点/SHP/上海市_传媒机构.shp"},"geometry":{"type":"Point","coordinates":[121.451931,31.223568]}},{"id":"367","type":"Feature","properties":{"id":"B0FFI7VU99","name":"思南文学选刊杂志社","address":"巨鹿路661-1号附近","type":"科教文化服务;传媒机构;杂志社","typecode":"141104","pcode":310000,"pname":"上海市","citycode":21,"cityname":"上海市","adcode":310106,"adname":"静安区","business_a":"淮海路","location":"121.456510,31.221666","tel":"[]","bigType":"科教文化服务","midType":"传媒机构","smallType":"杂志社","gcj_lng":121.45651,"gcj_lat":31.221666,"wgs84_loc":"121.451936,31.223569","wgs84Lng":"121.451936","wgs84Lat":"31.223569","__source_file__":"13-常用公服设施点/SHP/上海市_传媒机构.shp"},"geometry":{"type":"Point","coordinates":[121.451936,31.223569]}},{"id":"356","type":"Feature","properties":{"id":"B0FFGJY5PL","name":"雷锋杂志社(上海分社)","address":"巨鹿路290号","type":"科教文化服务;传媒机构;杂志社","typecode":"141104","pcode":310000,"pname":"上海市","citycode":21,"cityname":"上海市","adcode":310101,"adname":"黄浦区","business_a":"淮海路","location":"121.460359,31.223068","tel":"[]","bigType":"科教文化服务","midType":"传媒机构","smallType":"杂志社","gcj_lng":121.460359,"gcj_lat":31.223068,"wgs84_loc":"121.455796,31.224979","wgs84Lng":"121.455796","wgs84Lat":"31.224979","__source_file__":"13-常用公服设施点/SHP/上海市_传媒机构.shp"},"geometry":{"type":"Point","coordinates":[121.455796,31.224979]}},{"id":"822","type":"Feature","properties":{"id":"B0HAAC3YWY","name":"上海不二计划影视传媒有限公司","address":"延安中路与茂名南路交叉口东南120米","type":"科教文化服务;传媒机构;传媒机构","typecode":"141100","pcode":310000,"pname":"上海市","citycode":21,"cityname":"上海市","adcode":310101,"adname":"黄浦区","business_a":"淮海路","location":"121.461874,31.223254","tel":"[]","bigType":"科教文化服务","midType":"传媒机构","smallType":"传媒机构","gcj_lng":121.461874,"gcj_lat":31.223254,"wgs84_loc":"121.457315,31.225169","wgs84Lng":"121.457315","wgs84Lat":"31.225169","__source_file__":"13-常用公服设施点/SHP/上海市_传媒机构.shp"},"geometry":{"type":"Point","coordinates":[121.457315,31.225169]}},{"id":"168","type":"Feature","properties":{"id":"B0FFGYKTLI","name":"上海报业集团解放日报","address":"延安中路816号","type":"科教文化服务;传媒机构;报社","typecode":"141103","pcode":310000,"pname":"上海市","citycode":21,"cityname":"上海市","adcode":310106,"adname":"静安区","business_a":"淮海路","location":"121.458498,31.224323","tel":"021-22899999","bigType":"科教文化服务","midType":"传媒机构","smallType":"报社","gcj_lng":121.458498,"gcj_lat":31.224323,"wgs84_loc":"121.453929,31.22623","wgs84Lng":"121.453929","wgs84Lat":"31.22623","__source_file__":"13-常用公服设施点/SHP/上海市_传媒机构.shp"},"geometry":{"type":"Point","coordinates":[121.453929,31.22623]}},{"id":"1344","type":"Feature","properties":{"id":"B0FFHO7ZGO","name":"上海报业集团解放日报","address":"南京西路街道延安中路816号B4","type":"科教文化服务;传媒机构;报社","typecode":"141103","pcode":310000,"pname":"上海市","citycode":21,"cityname":"上海市","adcode":310106,"adname":"静安区","business_a":"淮海路","location":"121.458498,31.224323","tel":"[]","bigType":"科教文化服务","midType":"传媒机构","smallType":"报社","gcj_lng":121.458498,"gcj_lat":31.224323,"wgs84_loc":"121.453929,31.22623","wgs84Lng":"121.453929","wgs84Lat":"31.22623","__source_file__":"13-常用公服设施点/SHP/上海市_传媒机构.shp"},"geometry":{"type":"Point","coordinates":[121.453929,31.22623]}},{"id":"852","type":"Feature","properties":{"id":"B0I6A7C7VB","name":"东体传媒","address":"威海路755号文新报业大厦38楼","type":"科教文化服务;传媒机构;传媒机构","typecode":"141100","pcode":310000,"pname":"上海市","citycode":21,"cityname":"上海市","adcode":310106,"adname":"静安区","business_a":"淮海路","location":"121.457580,31.225176","tel":"[]","bigType":"科教文化服务","midType":"传媒机构","smallType":"传媒机构","gcj_lng":121.45758,"gcj_lat":31.225176,"wgs84_loc":"121.453009,31.22708","wgs84Lng":"121.453009","wgs84Lat":"31.22708","__source_file__":"13-常用公服设施点/SHP/上海市_传媒机构.shp"},"geometry":{"type":"Point","coordinates":[121.453009,31.22708]}},{"id":"368","type":"Feature","properties":{"id":"B0FFJFPGL4","name":"新民周刊","address":"威海路755号38层","type":"科教文化服务;传媒机构;杂志社","typecode":"141104","pcode":310000,"pname":"上海市","citycode":21,"cityname":"上海市","adcode":310106,"adname":"静安区","business_a":"淮海路","location":"121.457520,31.225300","tel":"[]","bigType":"科教文化服务","midType":"传媒机构","smallType":"杂志社","gcj_lng":121.45752,"gcj_lat":31.2253,"wgs84_loc":"121.452949,31.227204","wgs84Lng":"121.452949","wgs84Lat":"31.227204","__source_file__":"13-常用公服设施点/SHP/上海市_传媒机构.shp"},"geometry":{"type":"Point","coordinates":[121.452949,31.227204]}},{"id":"1486","type":"Feature","properties":{"id":"B0IKZBTH55","name":"沃捷传媒","address":"华山路2号静安高和大厦F2层","type":"科教文化服务;传媒机构;传媒机构","typecode":"141100","pcode":310000,"pname":"上海市","citycode":21,"cityname":"上海市","adcode":310106,"adname":"静安区","business_a":"静安寺","location":"121.444239,31.223139","tel":"[]","bigType":"科教文化服务","midType":"传媒机构","smallType":"传媒机构","gcj_lng":121.444239,"gcj_lat":31.223139,"wgs84_loc":"121.439635,31.225016","wgs84Lng":"121.439635","wgs84Lat":"31.225016","__source_file__":"13-常用公服设施点/SHP/上海市_传媒机构.shp"},"geometry":{"type":"Point","coordinates":[121.439635,31.225016]}},{"id":"849","type":"Feature","properties":{"id":"B00154VL8R","name":"上海好康文化传播有限公司(愚园路)","address":"愚园路246弄10号百富商务楼","type":"科教文化服务;传媒机构;传媒机构","typecode":"141100","pcode":310000,"pname":"上海市","citycode":21,"cityname":"上海市","adcode":310106,"adname":"静安区","business_a":"中山公园","location":"121.443674,31.223572","tel":"[]","bigType":"科教文化服务","midType":"传媒机构","smallType":"传媒机构","gcj_lng":121.443674,"gcj_lat":31.223572,"wgs84_loc":"121.439069,31.225448","wgs84Lng":"121.439069","wgs84Lat":"31.225448","__source_file__":"13-常用公服设施点/SHP/上海市_传媒机构.shp"},"geometry":{"type":"Point","coordinates":[121.439069,31.225448]}},{"id":"57","type":"Feature","properties":{"id":"B00155F5EO","name":"新民晚报社区版","address":"延安中路839号上海新世纪广告交易中心15层","type":"科教文化服务;传媒机构;出版社","typecode":"141105","pcode":310000,"pname":"上海市","citycode":21,"cityname":"上海市","adcode":310106,"adname":"静安区","business_a":"淮海路","location":"121.454815,31.222546","tel":"[]","bigType":"科教文化服务","midType":"传媒机构","smallType":"出版社","gcj_lng":121.454815,"gcj_lat":31.222546,"wgs84_loc":"121.450237,31.224445","wgs84Lng":"121.450237","wgs84Lat":"31.224445","__source_file__":"13-常用公服设施点/SHP/上海市_传媒机构.shp"},"geometry":{"type":"Point","coordinates":[121.450237,31.224445]}},{"id":"47","type":"Feature","properties":{"id":"B00154DQEV","name":"东方早报","address":"延安中路839号上海新世纪广告交易中心8-11、19、21层","type":"科教文化服务;传媒机构;报社","typecode":"141103","pcode":310000,"pname":"上海市","citycode":21,"cityname":"上海市","adcode":310106,"adname":"静安区","business_a":"淮海路","location":"121.454815,31.222546","tel":"021-62476156","bigType":"科教文化服务","midType":"传媒机构","smallType":"报社","gcj_lng":121.454815,"gcj_lat":31.222546,"wgs84_loc":"121.450237,31.224445","wgs84Lng":"121.450237","wgs84Lat":"31.224445","__source_file__":"13-常用公服设施点/SHP/上海市_传媒机构.shp"},"geometry":{"type":"Point","coordinates":[121.450237,31.224445]}},{"id":"178","type":"Feature","properties":{"id":"B00155F2FJ","name":"文汇新民报业联合集团驻浙江办事处","address":"延安中路839号上海新世纪广告交易中心5层","type":"科教文化服务;传媒机构;报社","typecode":"141103","pcode":310000,"pname":"上海市","citycode":21,"cityname":"上海市","adcode":310106,"adname":"静安区","business_a":"淮海路","location":"121.454815,31.222546","tel":"[]","bigType":"科教文化服务","midType":"传媒机构","smallType":"报社","gcj_lng":121.454815,"gcj_lat":31.222546,"wgs84_loc":"121.450237,31.224445","wgs84Lng":"121.450237","wgs84Lat":"31.224445","__source_file__":"13-常用公服设施点/SHP/上海市_传媒机构.shp"},"geometry":{"type":"Point","coordinates":[121.450237,31.224445]}},{"id":"1199","type":"Feature","properties":{"id":"B00155F5EN","name":"新民晚报广告经营中心","address":"延安中路839号上海新世纪广告交易中心1-2层","type":"科教文化服务;传媒机构;报社","typecode":"141103","pcode":310000,"pname":"上海市","citycode":21,"cityname":"上海市","adcode":310106,"adname":"静安区","business_a":"淮海路","location":"121.454815,31.222546","tel":"[]","bigType":"科教文化服务","midType":"传媒机构","smallType":"报社","gcj_lng":121.454815,"gcj_lat":31.222546,"wgs84_loc":"121.450237,31.224445","wgs84Lng":"121.450237","wgs84Lat":"31.224445","__source_file__":"13-常用公服设施点/SHP/上海市_传媒机构.shp"},"geometry":{"type":"Point","coordinates":[121.450237,31.224445]}},{"id":"58","type":"Feature","properties":{"id":"B0FFH5YTEJ","name":"澎湃新闻","address":"延安中路839号","type":"科教文化服务;传媒机构;传媒机构","typecode":"141100","pcode":310000,"pname":"上海市","citycode":21,"cityname":"上海市","adcode":310106,"adname":"静安区","business_a":"淮海路","location":"121.454818,31.222592","tel":"[]","bigType":"科教文化服务","midType":"传媒机构","smallType":"传媒机构","gcj_lng":121.454818,"gcj_lat":31.222592,"wgs84_loc":"121.45024,31.224491","wgs84Lng":"121.45024","wgs84Lat":"31.224491","__source_file__":"13-常用公服设施点/SHP/上海市_传媒机构.shp"},"geometry":{"type":"Point","coordinates":[121.45024,31.224491]}},{"id":"1282","type":"Feature","properties":{"id":"B0FFF3AGS8","name":"新英体育数字电视传播(上海)有限公司","address":"延安中路841号东方海外大厦1302室","type":"科教文化服务;传媒机构;传媒机构","typecode":"141100","pcode":310000,"pname":"上海市","citycode":21,"cityname":"上海市","adcode":310106,"adname":"静安区","business_a":"淮海路","location":"121.454381,31.223128","tel":"[]","bigType":"科教文化服务","midType":"传媒机构","smallType":"传媒机构","gcj_lng":121.454381,"gcj_lat":31.223128,"wgs84_loc":"121.449801,31.225026","wgs84Lng":"121.449801","wgs84Lat":"31.225026","__source_file__":"13-常用公服设施点/SHP/上海市_传媒机构.shp"},"geometry":{"type":"Point","coordinates":[121.449801,31.225026]}},{"id":"1183","type":"Feature","properties":{"id":"B00156GIXV","name":"上海喜儿文化传播有限公司","address":"南京西路1376号上海商城西办公楼3层318A","type":"科教文化服务;传媒机构;传媒机构","typecode":"141100","pcode":310000,"pname":"上海市","citycode":21,"cityname":"上海市","adcode":310106,"adname":"静安区","business_a":"淮海路","location":"121.451497,31.226662","tel":"[]","bigType":"科教文化服务","midType":"传媒机构","smallType":"传媒机构","gcj_lng":121.451497,"gcj_lat":31.226662,"wgs84_loc":"121.44691,31.228552","wgs84Lng":"121.44691","wgs84Lat":"31.228552","__source_file__":"13-常用公服设施点/SHP/上海市_传媒机构.shp"},"geometry":{"type":"Point","coordinates":[121.44691,31.228552]}},{"id":"632","type":"Feature","properties":{"id":"B00155KLWP","name":"美国新闻文化处","address":"南京西路1376号上海商城5层532、540","type":"科教文化服务;传媒机构;传媒机构","typecode":"141100","pcode":310000,"pname":"上海市","citycode":21,"cityname":"上海市","adcode":310106,"adname":"静安区","business_a":"淮海路","location":"121.451953,31.226734","tel":"[]","bigType":"科教文化服务","midType":"传媒机构","smallType":"传媒机构","gcj_lng":121.451953,"gcj_lat":31.226734,"wgs84_loc":"121.447367,31.228625","wgs84Lng":"121.447367","wgs84Lat":"31.228625","__source_file__":"13-常用公服设施点/SHP/上海市_传媒机构.shp"},"geometry":{"type":"Point","coordinates":[121.447367,31.228625]}},{"id":"615","type":"Feature","properties":{"id":"B00155KLI0","name":"日本经济新闻社上海支局","address":"南京西路1376号上海商城3层348室","type":"科教文化服务;传媒机构;传媒机构","typecode":"141100","pcode":310000,"pname":"上海市","citycode":21,"cityname":"上海市","adcode":310106,"adname":"静安区","business_a":"淮海路","location":"121.451954,31.226735","tel":"[]","bigType":"科教文化服务","midType":"传媒机构","smallType":"传媒机构","gcj_lng":121.451954,"gcj_lat":31.226735,"wgs84_loc":"121.447368,31.228626","wgs84Lng":"121.447368","wgs84Lat":"31.228626","__source_file__":"13-常用公服设施点/SHP/上海市_传媒机构.shp"},"geometry":{"type":"Point","coordinates":[121.447368,31.228626]}},{"id":"911","type":"Feature","properties":{"id":"B00155ICQT","name":"上海亚至联行文化发展有限公司","address":"北京西路1399号信达大厦20层C","type":"科教文化服务;传媒机构;传媒机构","typecode":"141100","pcode":310000,"pname":"上海市","citycode":21,"cityname":"上海市","adcode":310106,"adname":"静安区","business_a":"曹家渡","location":"121.448589,31.227404","tel":"[]","bigType":"科教文化服务","midType":"传媒机构","smallType":"传媒机构","gcj_lng":121.448589,"gcj_lat":31.227404,"wgs84_loc":"121.443995,31.229288","wgs84Lng":"121.443995","wgs84Lat":"31.229288","__source_file__":"13-常用公服设施点/SHP/上海市_传媒机构.shp"},"geometry":{"type":"Point","coordinates":[121.443995,31.229288]}},{"id":"1229","type":"Feature","properties":{"id":"B0FFH8TDZP","name":"上海航空杂志社","address":"延平路69-71号延平大厦10层","type":"科教文化服务;传媒机构;杂志社","typecode":"141104","pcode":310000,"pname":"上海市","citycode":21,"cityname":"上海市","adcode":310106,"adname":"静安区","business_a":"曹家渡","location":"121.441623,31.227807","tel":"[]","bigType":"科教文化服务","midType":"传媒机构","smallType":"杂志社","gcj_lng":121.441623,"gcj_lat":31.227807,"wgs84_loc":"121.437013,31.229678","wgs84Lng":"121.437013","wgs84Lat":"31.229678","__source_file__":"13-常用公服设施点/SHP/上海市_传媒机构.shp"},"geometry":{"type":"Point","coordinates":[121.437013,31.229678]}},{"id":"903","type":"Feature","properties":{"id":"B0FFIK0JEH","name":"中国卫生资源杂志社","address":"北京西路与铜仁路交叉口西北100米","type":"科教文化服务;传媒机构;杂志社","typecode":"141104","pcode":310000,"pname":"上海市","citycode":21,"cityname":"上海市","adcode":310106,"adname":"静安区","business_a":"曹家渡","location":"121.448190,31.228628","tel":"[]","bigType":"科教文化服务","midType":"传媒机构","smallType":"杂志社","gcj_lng":121.44819,"gcj_lat":31.228628,"wgs84_loc":"121.443594,31.23051","wgs84Lng":"121.443594","wgs84Lat":"31.23051","__source_file__":"13-常用公服设施点/SHP/上海市_传媒机构.shp"},"geometry":{"type":"Point","coordinates":[121.443594,31.23051]}},{"id":"909","type":"Feature","properties":{"id":"B0FFFZKX8U","name":"江宁路街道有线电视管理站","address":"新闸路1674弄-2-9号","type":"科教文化服务;传媒机构;传媒机构","typecode":"141100","pcode":310000,"pname":"上海市","citycode":21,"cityname":"上海市","adcode":310106,"adname":"静安区","business_a":"曹家渡","location":"121.445407,31.229172","tel":"[]","bigType":"科教文化服务","midType":"传媒机构","smallType":"传媒机构","gcj_lng":121.445407,"gcj_lat":31.229172,"wgs84_loc":"121.440805,31.231049","wgs84Lng":"121.440805","wgs84Lat":"31.231049","__source_file__":"13-常用公服设施点/SHP/上海市_传媒机构.shp"},"geometry":{"type":"Point","coordinates":[121.440805,31.231049]}},{"id":"879","type":"Feature","properties":{"id":"B0HGURGZT2","name":"川舞文化传播有限公司","address":"延平路425号2号楼307","type":"科教文化服务;传媒机构;传媒机构","typecode":"141100","pcode":310000,"pname":"上海市","citycode":21,"cityname":"上海市","adcode":310106,"adname":"静安区","business_a":"曹家渡","location":"121.437272,31.233580","tel":"[]","bigType":"科教文化服务","midType":"传媒机构","smallType":"传媒机构","gcj_lng":121.437272,"gcj_lat":31.23358,"wgs84_loc":"121.432653,31.235441","wgs84Lng":"121.432653","wgs84Lat":"31.235441","__source_file__":"13-常用公服设施点/SHP/上海市_传媒机构.shp"},"geometry":{"type":"Point","coordinates":[121.432653,31.235441]}},{"id":"902","type":"Feature","properties":{"id":"B0FFILYXJC","name":"上海开心麻花影业","address":"常德路800号800秀B8栋3层","type":"科教文化服务;传媒机构;传媒机构","typecode":"141100","pcode":310000,"pname":"上海市","citycode":21,"cityname":"上海市","adcode":310106,"adname":"静安区","business_a":"曹家渡","location":"121.444369,31.233843","tel":"021-32556698","bigType":"科教文化服务","midType":"传媒机构","smallType":"传媒机构","gcj_lng":121.444369,"gcj_lat":31.233843,"wgs84_loc":"121.439764,31.235716","wgs84Lng":"121.439764","wgs84Lat":"31.235716","__source_file__":"13-常用公服设施点/SHP/上海市_传媒机构.shp"},"geometry":{"type":"Point","coordinates":[121.439764,31.235716]}},{"id":"347","type":"Feature","properties":{"id":"B00155KKG1","name":"每日电视台上海支局","address":"南京西路1168号中信泰富广场1408号","type":"科教文化服务;传媒机构;电视台","typecode":"141101","pcode":310000,"pname":"上海市","citycode":21,"cityname":"上海市","adcode":310106,"adname":"静安区","business_a":"淮海路","location":"121.455680,31.228616","tel":"021-52928601","bigType":"科教文化服务","midType":"传媒机构","smallType":"电视台","gcj_lng":121.45568,"gcj_lat":31.228616,"wgs84_loc":"121.451103,31.230514","wgs84Lng":"121.451103","wgs84Lat":"31.230514","__source_file__":"13-常用公服设施点/SHP/上海市_传媒机构.shp"},"geometry":{"type":"Point","coordinates":[121.451103,31.230514]}},{"id":"897","type":"Feature","properties":{"id":"B0I6A72ZUT","name":"北京信诚博达文化传播有限公司","address":"北京西路1277号国旅大厦9层","type":"科教文化服务;传媒机构;传媒机构","typecode":"141100","pcode":310000,"pname":"上海市","citycode":21,"cityname":"上海市","adcode":310106,"adname":"静安区","business_a":"曹家渡","location":"121.451189,31.228645","tel":"[]","bigType":"科教文化服务","midType":"传媒机构","smallType":"传媒机构","gcj_lng":121.451189,"gcj_lat":31.228645,"wgs84_loc":"121.446601,31.230533","wgs84Lng":"121.446601","wgs84Lat":"31.230533","__source_file__":"13-常用公服设施点/SHP/上海市_传媒机构.shp"},"geometry":{"type":"Point","coordinates":[121.446601,31.230533]}},{"id":"908","type":"Feature","properties":{"id":"B00155ETTJ","name":"日资企业频道","address":"北京西路1277号国旅大厦12层1205-1207","type":"科教文化服务;传媒机构;传媒机构","typecode":"141100","pcode":310000,"pname":"上海市","citycode":21,"cityname":"上海市","adcode":310106,"adname":"静安区","business_a":"曹家渡","location":"121.451170,31.228672","tel":"[]","bigType":"科教文化服务","midType":"传媒机构","smallType":"传媒机构","gcj_lng":121.45117,"gcj_lat":31.228672,"wgs84_loc":"121.446582,31.23056","wgs84Lng":"121.446582","wgs84Lat":"31.23056","__source_file__":"13-常用公服设施点/SHP/上海市_传媒机构.shp"},"geometry":{"type":"Point","coordinates":[121.446582,31.23056]}},{"id":"364","type":"Feature","properties":{"id":"B00154F7GB","name":"上海辞书出版社","address":"陕西北路457号","type":"科教文化服务;传媒机构;出版社","typecode":"141105","pcode":310000,"pname":"上海市","citycode":21,"cityname":"上海市","adcode":310106,"adname":"静安区","business_a":"曹家渡","location":"121.452846,31.230379","tel":"021-62472088","bigType":"科教文化服务","midType":"传媒机构","smallType":"出版社","gcj_lng":121.452846,"gcj_lat":31.230379,"wgs84_loc":"121.448262,31.23227","wgs84Lng":"121.448262","wgs84Lat":"31.23227","__source_file__":"13-常用公服设施点/SHP/上海市_传媒机构.shp"},"geometry":{"type":"Point","coordinates":[121.448262,31.23227]}},{"id":"8","type":"Feature","properties":{"id":"B0FFGOHA18","name":"印刷杂志社","address":"新闸路1209弄60号201室","type":"科教文化服务;传媒机构;杂志社","typecode":"141104","pcode":310000,"pname":"上海市","citycode":21,"cityname":"上海市","adcode":310106,"adname":"静安区","business_a":"[]","location":"121.453232,31.232412","tel":"[]","bigType":"科教文化服务","midType":"传媒机构","smallType":"杂志社","gcj_lng":121.453232,"gcj_lat":31.232412,"wgs84_loc":"121.448649,31.234303","wgs84Lng":"121.448649","wgs84Lat":"31.234303","__source_file__":"13-常用公服设施点/SHP/上海市_传媒机构.shp"},"geometry":{"type":"Point","coordinates":[121.448649,31.234303]}},{"id":"789","type":"Feature","properties":{"id":"B00155GKQF","name":"水星文化传播发展有限公司","address":"武定路327号-1申银发展大厦1003","type":"科教文化服务;传媒机构;传媒机构","typecode":"141100","pcode":310000,"pname":"上海市","citycode":21,"cityname":"上海市","adcode":310106,"adname":"静安区","business_a":"曹家渡","location":"121.454407,31.234450","tel":"021-52930585","bigType":"科教文化服务","midType":"传媒机构","smallType":"传媒机构","gcj_lng":121.454407,"gcj_lat":31.23445,"wgs84_loc":"121.449826,31.236343","wgs84Lng":"121.449826","wgs84Lat":"31.236343","__source_file__":"13-常用公服设施点/SHP/上海市_传媒机构.shp"},"geometry":{"type":"Point","coordinates":[121.449826,31.236343]}},{"id":"881","type":"Feature","properties":{"id":"B00155EBVU","name":"广州新年广告传播有限公司","address":"康定路253号博鸿大厦703B","type":"科教文化服务;传媒机构;传媒机构","typecode":"141100","pcode":310000,"pname":"上海市","citycode":21,"cityname":"上海市","adcode":310106,"adname":"静安区","business_a":"曹家渡","location":"121.451559,31.235081","tel":"[]","bigType":"科教文化服务","midType":"传媒机构","smallType":"传媒机构","gcj_lng":121.451559,"gcj_lat":31.235081,"wgs84_loc":"121.446971,31.236967","wgs84Lng":"121.446971","wgs84Lat":"31.236967","__source_file__":"13-常用公服设施点/SHP/上海市_传媒机构.shp"},"geometry":{"type":"Point","coordinates":[121.446971,31.236967]}},{"id":"899","type":"Feature","properties":{"id":"B00155G538","name":"上海艾儿美文化传播有限公司","address":"康定路253号博鸿大厦1201","type":"科教文化服务;传媒机构;传媒机构","typecode":"141100","pcode":310000,"pname":"上海市","citycode":21,"cityname":"上海市","adcode":310106,"adname":"静安区","business_a":"曹家渡","location":"121.451559,31.235081","tel":"[]","bigType":"科教文化服务","midType":"传媒机构","smallType":"传媒机构","gcj_lng":121.451559,"gcj_lat":31.235081,"wgs84_loc":"121.446971,31.236967","wgs84Lng":"121.446971","wgs84Lat":"31.236967","__source_file__":"13-常用公服设施点/SHP/上海市_传媒机构.shp"},"geometry":{"type":"Point","coordinates":[121.446971,31.236967]}},{"id":"180","type":"Feature","properties":{"id":"B0FFGVWEVD","name":"每周广播电视报社","address":"康定路211号艺海大厦","type":"科教文化服务;传媒机构;报社","typecode":"141103","pcode":310000,"pname":"上海市","citycode":21,"cityname":"上海市","adcode":310106,"adname":"静安区","business_a":"曹家渡","location":"121.452380,31.235297","tel":"[]","bigType":"科教文化服务","midType":"传媒机构","smallType":"报社","gcj_lng":121.45238,"gcj_lat":31.235297,"wgs84_loc":"121.447794,31.237185","wgs84Lng":"121.447794","wgs84Lat":"31.237185","__source_file__":"13-常用公服设施点/SHP/上海市_传媒机构.shp"},"geometry":{"type":"Point","coordinates":[121.447794,31.237185]}},{"id":"793","type":"Feature","properties":{"id":"B001551D6E","name":"上海广播电视信息网络有限公司","address":"康定路211艺海大厦4层","type":"科教文化服务;传媒机构;传媒机构","typecode":"141100","pcode":310000,"pname":"上海市","citycode":21,"cityname":"上海市","adcode":310106,"adname":"静安区","business_a":"曹家渡","location":"121.452123,31.235325","tel":"021-52139696","bigType":"科教文化服务","midType":"传媒机构","smallType":"传媒机构","gcj_lng":121.452123,"gcj_lat":31.235325,"wgs84_loc":"121.447537,31.237212","wgs84Lng":"121.447537","wgs84Lat":"31.237212","__source_file__":"13-常用公服设施点/SHP/上海市_传媒机构.shp"},"geometry":{"type":"Point","coordinates":[121.447537,31.237212]}},{"id":"170","type":"Feature","properties":{"id":"B0FFK36T70","name":"劳动报社","address":"昌平路700号(近常德路)","type":"科教文化服务;传媒机构;报社","typecode":"141103","pcode":310000,"pname":"上海市","citycode":21,"cityname":"上海市","adcode":310106,"adname":"静安区","business_a":"曹家渡","location":"121.442145,31.234757","tel":"021-62186600","bigType":"科教文化服务","midType":"传媒机构","smallType":"报社","gcj_lng":121.442145,"gcj_lat":31.234757,"wgs84_loc":"121.437536,31.236625","wgs84Lng":"121.437536","wgs84Lat":"31.236625","__source_file__":"13-常用公服设施点/SHP/上海市_传媒机构.shp"},"geometry":{"type":"Point","coordinates":[121.437536,31.236625]}},{"id":"1126","type":"Feature","properties":{"id":"B00155GBZ4","name":"上海华世·星库影视文化传媒机构","address":"常德路940文化宫综合楼3层","type":"科教文化服务;传媒机构;传媒机构","typecode":"141100","pcode":310000,"pname":"上海市","citycode":21,"cityname":"上海市","adcode":310106,"adname":"静安区","business_a":"曹家渡","location":"121.442027,31.235032","tel":"[]","bigType":"科教文化服务","midType":"传媒机构","smallType":"传媒机构","gcj_lng":121.442027,"gcj_lat":31.235032,"wgs84_loc":"121.437417,31.2369","wgs84Lng":"121.437417","wgs84Lat":"31.2369","__source_file__":"13-常用公服设施点/SHP/上海市_传媒机构.shp"},"geometry":{"type":"Point","coordinates":[121.437417,31.2369]}},{"id":"860","type":"Feature","properties":{"id":"B0I6A7E5J4","name":"静安融媒体中心","address":"胶州路58号胶州大厦一楼","type":"科教文化服务;传媒机构;传媒机构","typecode":"141100","pcode":310000,"pname":"上海市","citycode":21,"cityname":"上海市","adcode":310106,"adname":"静安区","business_a":"曹家渡","location":"121.439240,31.235090","tel":"[]","bigType":"科教文化服务","midType":"传媒机构","smallType":"传媒机构","gcj_lng":121.43924,"gcj_lat":31.23509,"wgs84_loc":"121.434625,31.236953","wgs84Lng":"121.434625","wgs84Lat":"31.236953","__source_file__":"13-常用公服设施点/SHP/上海市_传媒机构.shp"},"geometry":{"type":"Point","coordinates":[121.434625,31.236953]}},{"id":"855","type":"Feature","properties":{"id":"B0FFL4GB9C","name":"联瑞文化传媒","address":"余姚路与胶州路交叉口西约60米","type":"科教文化服务;传媒机构;传媒机构","typecode":"141100","pcode":310000,"pname":"上海市","citycode":21,"cityname":"上海市","adcode":310106,"adname":"静安区","business_a":"曹家渡","location":"121.438555,31.235866","tel":"[]","bigType":"科教文化服务","midType":"传媒机构","smallType":"传媒机构","gcj_lng":121.438555,"gcj_lat":31.235866,"wgs84_loc":"121.433938,31.237728","wgs84Lng":"121.433938","wgs84Lat":"31.237728","__source_file__":"13-常用公服设施点/SHP/上海市_传媒机构.shp"},"geometry":{"type":"Point","coordinates":[121.433938,31.237728]}},{"id":"376","type":"Feature","properties":{"id":"B0HURU3BKA","name":"上海逸舟文化传播有限公司","address":"复景创园壹号2楼(延平路新会路交叉口)","type":"科教文化服务;传媒机构;传媒机构","typecode":"141100","pcode":310000,"pname":"上海市","citycode":21,"cityname":"上海市","adcode":310107,"adname":"普陀区","business_a":"曹家渡","location":"121.435525,31.236387","tel":"021-32125626","bigType":"科教文化服务","midType":"传媒机构","smallType":"传媒机构","gcj_lng":121.435525,"gcj_lat":31.236387,"wgs84_loc":"121.430903,31.238244","wgs84Lng":"121.430903","wgs84Lat":"31.238244","__source_file__":"13-常用公服设施点/SHP/上海市_传媒机构.shp"},"geometry":{"type":"Point","coordinates":[121.430903,31.238244]}},{"id":"514","type":"Feature","properties":{"id":"B00155GLAO","name":"上海探知文化传播有限公司","address":"长寿路700号上海古井假日酒店A幢405B","type":"科教文化服务;传媒机构;传媒机构","typecode":"141100","pcode":310000,"pname":"上海市","citycode":21,"cityname":"上海市","adcode":310107,"adname":"普陀区","business_a":"曹家渡","location":"121.433407,31.237978","tel":"[]","bigType":"科教文化服务","midType":"传媒机构","smallType":"传媒机构","gcj_lng":121.433407,"gcj_lat":31.237978,"wgs84_loc":"121.428781,31.239831","wgs84Lng":"121.428781","wgs84Lat":"31.239831","__source_file__":"13-常用公服设施点/SHP/上海市_传媒机构.shp"},"geometry":{"type":"Point","coordinates":[121.428781,31.239831]}},{"id":"375","type":"Feature","properties":{"id":"B0FFFWVCXL","name":"上海舞一文化传播有限公司","address":"长寿路408号上青佳园10层","type":"科教文化服务;传媒机构;传媒机构","typecode":"141100","pcode":310000,"pname":"上海市","citycode":21,"cityname":"上海市","adcode":310107,"adname":"普陀区","business_a":"曹家渡","location":"121.437950,31.241082","tel":"[]","bigType":"科教文化服务","midType":"传媒机构","smallType":"传媒机构","gcj_lng":121.43795,"gcj_lat":31.241082,"wgs84_loc":"121.433332,31.24294","wgs84Lng":"121.433332","wgs84Lat":"31.24294","__source_file__":"13-常用公服设施点/SHP/上海市_传媒机构.shp"},"geometry":{"type":"Point","coordinates":[121.433332,31.24294]}},{"id":"517","type":"Feature","properties":{"id":"B0I6A790QI","name":"真如传播","address":"安远路128号平高国际大厦1层","type":"科教文化服务;传媒机构;传媒机构","typecode":"141100","pcode":310000,"pname":"上海市","citycode":21,"cityname":"上海市","adcode":310107,"adname":"普陀区","business_a":"曹家渡","location":"121.446384,31.241962","tel":"[]","bigType":"科教文化服务","midType":"传媒机构","smallType":"传媒机构","gcj_lng":121.446384,"gcj_lat":31.241962,"wgs84_loc":"121.441783,31.243835","wgs84Lng":"121.441783","wgs84Lat":"31.243835","__source_file__":"13-常用公服设施点/SHP/上海市_传媒机构.shp"},"geometry":{"type":"Point","coordinates":[121.441783,31.243835]}},{"id":"515","type":"Feature","properties":{"id":"B0H2PRT3I4","name":"上海雄势达文化传播有限公司","address":"陕西北路1438号财富时代大厦","type":"科教文化服务;传媒机构;传媒机构","typecode":"141100","pcode":310000,"pname":"上海市","citycode":21,"cityname":"上海市","adcode":310107,"adname":"普陀区","business_a":"曹家渡","location":"121.442287,31.242732","tel":"[]","bigType":"科教文化服务","midType":"传媒机构","smallType":"传媒机构","gcj_lng":121.442287,"gcj_lat":31.242732,"wgs84_loc":"121.437677,31.244597","wgs84Lng":"121.437677","wgs84Lat":"31.244597","__source_file__":"13-常用公服设施点/SHP/上海市_传媒机构.shp"},"geometry":{"type":"Point","coordinates":[121.437677,31.244597]}},{"id":"508","type":"Feature","properties":{"id":"B0H3LCMB4Z","name":"易慧文化传媒","address":"陕西北路1438号2019","type":"科教文化服务;传媒机构;传媒机构","typecode":"141100","pcode":310000,"pname":"上海市","citycode":21,"cityname":"上海市","adcode":310107,"adname":"普陀区","business_a":"曹家渡","location":"121.442362,31.242910","tel":"[]","bigType":"科教文化服务","midType":"传媒机构","smallType":"传媒机构","gcj_lng":121.442362,"gcj_lat":31.24291,"wgs84_loc":"121.437752,31.244775","wgs84Lng":"121.437752","wgs84Lat":"31.244775","__source_file__":"13-常用公服设施点/SHP/上海市_传媒机构.shp"},"geometry":{"type":"Point","coordinates":[121.437752,31.244775]}},{"id":"1245","type":"Feature","properties":{"id":"B00156O1EC","name":"Ze Media","address":"康定路211-1号6312室","type":"科教文化服务;传媒机构;传媒机构","typecode":"141100","pcode":310000,"pname":"上海市","citycode":21,"cityname":"上海市","adcode":310106,"adname":"静安区","business_a":"曹家渡","location":"121.452514,31.235624","tel":"[]","bigType":"科教文化服务","midType":"传媒机构","smallType":"传媒机构","gcj_lng":121.452514,"gcj_lat":31.235624,"wgs84_loc":"121.447928,31.237512","wgs84Lng":"121.447928","wgs84Lat":"31.237512","__source_file__":"13-常用公服设施点/SHP/上海市_传媒机构.shp"},"geometry":{"type":"Point","coordinates":[121.447928,31.237512]}},{"id":"875","type":"Feature","properties":{"id":"B001551KJU","name":"横一广告传播有限公司","address":"昌平路68静安现代产业大厦606室、608室、610室","type":"科教文化服务;传媒机构;传媒机构","typecode":"141100","pcode":310000,"pname":"上海市","citycode":21,"cityname":"上海市","adcode":310106,"adname":"静安区","business_a":"曹家渡","location":"121.453347,31.239014","tel":"[]","bigType":"科教文化服务","midType":"传媒机构","smallType":"传媒机构","gcj_lng":121.453347,"gcj_lat":31.239014,"wgs84_loc":"121.448763,31.240902","wgs84Lng":"121.448763","wgs84Lat":"31.240902","__source_file__":"13-常用公服设施点/SHP/上海市_传媒机构.shp"},"geometry":{"type":"Point","coordinates":[121.448763,31.240902]}},{"id":"896","type":"Feature","properties":{"id":"B0HB358UKH","name":"上海翰学文化艺术传播有限公司","address":"海防路190号五楼中部","type":"科教文化服务;传媒机构;传媒机构","typecode":"141100","pcode":310000,"pname":"上海市","citycode":21,"cityname":"上海市","adcode":310106,"adname":"静安区","business_a":"曹家渡","location":"121.449010,31.239920","tel":"[]","bigType":"科教文化服务","midType":"传媒机构","smallType":"传媒机构","gcj_lng":121.44901,"gcj_lat":31.23992,"wgs84_loc":"121.444415,31.241799","wgs84Lng":"121.444415","wgs84Lat":"31.241799","__source_file__":"13-常用公服设施点/SHP/上海市_传媒机构.shp"},"geometry":{"type":"Point","coordinates":[121.444415,31.241799]}},{"id":"856","type":"Feature","properties":{"id":"B0IB9LFNAR","name":"浪红传媒","address":"恒丰路243号泰禾大厦1层","type":"科教文化服务;传媒机构;传媒机构","typecode":"141100","pcode":310000,"pname":"上海市","citycode":21,"cityname":"上海市","adcode":310106,"adname":"静安区","business_a":"[]","location":"121.456336,31.241909","tel":"[]","bigType":"科教文化服务","midType":"传媒机构","smallType":"传媒机构","gcj_lng":121.456336,"gcj_lat":31.241909,"wgs84_loc":"121.45176,31.243802","wgs84Lng":"121.45176","wgs84Lat":"31.243802","__source_file__":"13-常用公服设施点/SHP/上海市_传媒机构.shp"},"geometry":{"type":"Point","coordinates":[121.45176,31.243802]}},{"id":"867","type":"Feature","properties":{"id":"B0H3YC85GL","name":"上海多闪文化传媒有限公司","address":"恒丰路329号609","type":"科教文化服务;传媒机构;传媒机构","typecode":"141100","pcode":310000,"pname":"上海市","citycode":21,"cityname":"上海市","adcode":310106,"adname":"静安区","business_a":"[]","location":"121.456011,31.243211","tel":"[]","bigType":"科教文化服务","midType":"传媒机构","smallType":"传媒机构","gcj_lng":121.456011,"gcj_lat":31.243211,"wgs84_loc":"121.451434,31.245103","wgs84Lng":"121.451434","wgs84Lat":"31.245103","__source_file__":"13-常用公服设施点/SHP/上海市_传媒机构.shp"},"geometry":{"type":"Point","coordinates":[121.451434,31.245103]}},{"id":"171","type":"Feature","properties":{"id":"B0FFHTLDM6","name":"工商年报","address":"长安路与恒丰路辅路交叉口西约60米","type":"科教文化服务;传媒机构;报社","typecode":"141103","pcode":310000,"pname":"上海市","citycode":21,"cityname":"上海市","adcode":310106,"adname":"静安区","business_a":"[]","location":"121.452011,31.247500","tel":"[]","bigType":"科教文化服务","midType":"传媒机构","smallType":"报社","gcj_lng":121.452011,"gcj_lat":31.2475,"wgs84_loc":"121.447423,31.249382","wgs84Lng":"121.447423","wgs84Lat":"31.249382","__source_file__":"13-常用公服设施点/SHP/上海市_传媒机构.shp"},"geometry":{"type":"Point","coordinates":[121.447423,31.249382]}},{"id":"186","type":"Feature","properties":{"id":"B0FFF45CZB","name":"上海锐典文化传播有限公司","address":"莫干山路50号M50创意园3号楼2层205室","type":"科教文化服务;传媒机构;传媒机构|公司企业;公司;公司","typecode":"141100|170200","pcode":310000,"pname":"上海市","citycode":21,"cityname":"上海市","adcode":310107,"adname":"普陀区","business_a":"光新","location":"121.449076,31.247566","tel":"13564447736","bigType":"科教文化服务","midType":"传媒机构","smallType":"传媒机构|公司企业","gcj_lng":121.449076,"gcj_lat":31.247566,"wgs84_loc":"121.444481,31.249441","wgs84Lng":"121.444481","wgs84Lat":"31.249441","__source_file__":"13-常用公服设施点/SHP/上海市_传媒机构.shp"},"geometry":{"type":"Point","coordinates":[121.444481,31.249441]}},{"id":"185","type":"Feature","properties":{"id":"B0FFGOE24Q","name":"华谊兄弟时尚(上海)文化传媒有限公司","address":"长寿路街道莫干山路50号17号楼201室","type":"科教文化服务;传媒机构;传媒机构","typecode":"141100","pcode":310000,"pname":"上海市","citycode":21,"cityname":"上海市","adcode":310107,"adname":"普陀区","business_a":"光新","location":"121.449862,31.248087","tel":"[]","bigType":"科教文化服务","midType":"传媒机构","smallType":"传媒机构","gcj_lng":121.449862,"gcj_lat":31.248087,"wgs84_loc":"121.445269,31.249964","wgs84Lng":"121.445269","wgs84Lat":"31.249964","__source_file__":"13-常用公服设施点/SHP/上海市_传媒机构.shp"},"geometry":{"type":"Point","coordinates":[121.445269,31.249964]}},{"id":"184","type":"Feature","properties":{"id":"B0FFFE5Q97","name":"新时线媒体艺术中心","address":"莫干山路50号m50创意园区18号楼新时线","type":"科教文化服务;传媒机构;传媒机构","typecode":"141100","pcode":310000,"pname":"上海市","citycode":21,"cityname":"上海市","adcode":310107,"adname":"普陀区","business_a":"光新","location":"121.449750,31.248530","tel":"[]","bigType":"科教文化服务","midType":"传媒机构","smallType":"传媒机构","gcj_lng":121.44975,"gcj_lat":31.24853,"wgs84_loc":"121.445156,31.250406","wgs84Lng":"121.445156","wgs84Lat":"31.250406","__source_file__":"13-常用公服设施点/SHP/上海市_传媒机构.shp"},"geometry":{"type":"Point","coordinates":[121.445156,31.250406]}},{"id":"1258","type":"Feature","properties":{"id":"B0FFLGAGUN","name":"上海鑫翌依一传媒","address":"秣陵路与民立路交叉口北280米","type":"科教文化服务;传媒机构;传媒机构","typecode":"141100","pcode":310000,"pname":"上海市","citycode":21,"cityname":"上海市","adcode":310106,"adname":"静安区","business_a":"[]","location":"121.455739,31.249563","tel":"[]","bigType":"科教文化服务","midType":"传媒机构","smallType":"传媒机构","gcj_lng":121.455739,"gcj_lat":31.249563,"wgs84_loc":"121.451161,31.251452","wgs84Lng":"121.451161","wgs84Lat":"31.251452","__source_file__":"13-常用公服设施点/SHP/上海市_传媒机构.shp"},"geometry":{"type":"Point","coordinates":[121.451161,31.251452]}},{"id":"179","type":"Feature","properties":{"id":"B00154ZRTX","name":"上海老年报社(汉中路)","address":"汉中路28弄-1-12号8层","type":"科教文化服务;传媒机构;报社","typecode":"141103","pcode":310000,"pname":"上海市","citycode":21,"cityname":"上海市","adcode":310106,"adname":"静安区","business_a":"[]","location":"121.460540,31.243694","tel":"[]","bigType":"科教文化服务","midType":"传媒机构","smallType":"报社","gcj_lng":121.46054,"gcj_lat":31.243694,"wgs84_loc":"121.455975,31.245596","wgs84Lng":"121.455975","wgs84Lat":"31.245596","__source_file__":"13-常用公服设施点/SHP/上海市_传媒机构.shp"},"geometry":{"type":"Point","coordinates":[121.455975,31.245596]}},{"id":"914","type":"Feature","properties":{"id":"B001557GBL","name":"上海立新影视动画中心","address":"共和路169号新发展大厦409","type":"科教文化服务;传媒机构;传媒机构","typecode":"141100","pcode":310000,"pname":"上海市","citycode":21,"cityname":"上海市","adcode":310106,"adname":"静安区","business_a":"[]","location":"121.459253,31.244798","tel":"[]","bigType":"科教文化服务","midType":"传媒机构","smallType":"传媒机构","gcj_lng":121.459253,"gcj_lat":31.244798,"wgs84_loc":"121.454685,31.246697","wgs84Lng":"121.454685","wgs84Lat":"31.246697","__source_file__":"13-常用公服设施点/SHP/上海市_传媒机构.shp"},"geometry":{"type":"Point","coordinates":[121.454685,31.246697]}},{"id":"56","type":"Feature","properties":{"id":"B00155GQUH","name":"静安区有线电视中心","address":"共和路169号新发展大厦","type":"科教文化服务;传媒机构;传媒机构","typecode":"141100","pcode":310000,"pname":"上海市","citycode":21,"cityname":"上海市","adcode":310106,"adname":"静安区","business_a":"[]","location":"121.459254,31.244798","tel":"[]","bigType":"科教文化服务","midType":"传媒机构","smallType":"传媒机构","gcj_lng":121.459254,"gcj_lat":31.244798,"wgs84_loc":"121.454686,31.246697","wgs84Lng":"121.454686","wgs84Lat":"31.246697","__source_file__":"13-常用公服设施点/SHP/上海市_传媒机构.shp"},"geometry":{"type":"Point","coordinates":[121.454686,31.246697]}},{"id":"885","type":"Feature","properties":{"id":"B0I655ATM3","name":"上海茁麦广告传播有限公司","address":"天目西路111号新梅华东大酒店1层","type":"科教文化服务;传媒机构;传媒机构","typecode":"141100","pcode":310000,"pname":"上海市","citycode":21,"cityname":"上海市","adcode":310106,"adname":"静安区","business_a":"宝山路","location":"121.457823,31.246575","tel":"[]","bigType":"科教文化服务","midType":"传媒机构","smallType":"传媒机构","gcj_lng":121.457823,"gcj_lat":31.246575,"wgs84_loc":"121.453251,31.24847","wgs84Lng":"121.453251","wgs84Lat":"31.24847","__source_file__":"13-常用公服设施点/SHP/上海市_传媒机构.shp"},"geometry":{"type":"Point","coordinates":[121.453251,31.24847]}},{"id":"1287","type":"Feature","properties":{"id":"B001558UCO","name":"中国工商指南编辑部","address":"京江路299宝丰大厦南楼21层","type":"科教文化服务;传媒机构;杂志社","typecode":"141104","pcode":310000,"pname":"上海市","citycode":21,"cityname":"上海市","adcode":310106,"adname":"静安区","business_a":"宝山路","location":"121.462678,31.248840","tel":"[]","bigType":"科教文化服务","midType":"传媒机构","smallType":"杂志社","gcj_lng":121.462678,"gcj_lat":31.24884,"wgs84_loc":"121.458119,31.250745","wgs84Lng":"121.458119","wgs84Lat":"31.250745","__source_file__":"13-常用公服设施点/SHP/上海市_传媒机构.shp"},"geometry":{"type":"Point","coordinates":[121.458119,31.250745]}},{"id":"182","type":"Feature","properties":{"id":"B0FFH0JWXO","name":"上海连艺文化传播有限公司","address":"太阳山路188弄中海万锦城2期6号楼506室","type":"科教文化服务;传媒机构;传媒机构","typecode":"141100","pcode":310000,"pname":"上海市","citycode":21,"cityname":"上海市","adcode":310106,"adname":"静安区","business_a":"宝山路","location":"121.461039,31.249493","tel":"021-61485001;021-61485002","bigType":"科教文化服务","midType":"传媒机构","smallType":"传媒机构","gcj_lng":121.461039,"gcj_lat":31.249493,"wgs84_loc":"121.456475,31.251394","wgs84Lng":"121.456475","wgs84Lat":"31.251394","__source_file__":"13-常用公服设施点/SHP/上海市_传媒机构.shp"},"geometry":{"type":"Point","coordinates":[121.456475,31.251394]}},{"id":"1487","type":"Feature","properties":{"id":"B0K04CV78V","name":"蜂使者影视传媒","address":"永兴路928弄8号楼","type":"科教文化服务;传媒机构;传媒机构","typecode":"141100","pcode":310000,"pname":"上海市","citycode":21,"cityname":"上海市","adcode":310106,"adname":"静安区","business_a":"不夜城","location":"121.459629,31.250540","tel":"13817978612","bigType":"科教文化服务","midType":"传媒机构","smallType":"传媒机构","gcj_lng":121.459629,"gcj_lat":31.25054,"wgs84_loc":"121.455061,31.252437","wgs84Lng":"121.455061","wgs84Lat":"31.252437","__source_file__":"13-常用公服设施点/SHP/上海市_传媒机构.shp"},"geometry":{"type":"Point","coordinates":[121.455061,31.252437]}},{"id":"912","type":"Feature","properties":{"id":"B0FFI6B47K","name":"感应(上海)文化艺术发展有限公司","address":"永兴路928弄中海·万锦城1期行政公寓35号楼1506室","type":"科教文化服务;传媒机构;传媒机构","typecode":"141100","pcode":310000,"pname":"上海市","citycode":21,"cityname":"上海市","adcode":310106,"adname":"静安区","business_a":"宝山路","location":"121.459559,31.250581","tel":"[]","bigType":"科教文化服务","midType":"传媒机构","smallType":"传媒机构","gcj_lng":121.459559,"gcj_lat":31.250581,"wgs84_loc":"121.454991,31.252478","wgs84Lng":"121.454991","wgs84Lat":"31.252478","__source_file__":"13-常用公服设施点/SHP/上海市_传媒机构.shp"},"geometry":{"type":"Point","coordinates":[121.454991,31.252478]}},{"id":"48","type":"Feature","properties":{"id":"B00156NTCT","name":"东方有线(中兴路营业厅)","address":"中兴路1233弄5幢1号1层","type":"科教文化服务;传媒机构;传媒机构","typecode":"141100","pcode":310000,"pname":"上海市","citycode":21,"cityname":"上海市","adcode":310106,"adname":"静安区","business_a":"和田","location":"121.462799,31.252472","tel":"[]","bigType":"科教文化服务","midType":"传媒机构","smallType":"传媒机构","gcj_lng":121.462799,"gcj_lat":31.252472,"wgs84_loc":"121.45824,31.254376","wgs84Lng":"121.45824","wgs84Lat":"31.254376","__source_file__":"13-常用公服设施点/SHP/上海市_传媒机构.shp"},"geometry":{"type":"Point","coordinates":[121.45824,31.254376]}},{"id":"887","type":"Feature","properties":{"id":"B0H2H1JO53","name":"上海幻宫文化传播有限公司","address":"共和新路666号中土大厦2018室","type":"科教文化服务;传媒机构;传媒机构","typecode":"141100","pcode":310000,"pname":"上海市","citycode":21,"cityname":"上海市","adcode":310106,"adname":"静安区","business_a":"宝山路","location":"121.463128,31.254490","tel":"[]","bigType":"科教文化服务","midType":"传媒机构","smallType":"传媒机构","gcj_lng":121.463128,"gcj_lat":31.25449,"wgs84_loc":"121.45857,31.256394","wgs84Lng":"121.45857","wgs84Lat":"31.256394","__source_file__":"13-常用公服设施点/SHP/上海市_传媒机构.shp"},"geometry":{"type":"Point","coordinates":[121.45857,31.256394]}},{"id":"1362","type":"Feature","properties":{"id":"B00155FTWV","name":"上海市科技报社","address":"南昌路47号","type":"科教文化服务;传媒机构;报社","typecode":"141103","pcode":310000,"pname":"上海市","citycode":21,"cityname":"上海市","adcode":310101,"adname":"黄浦区","business_a":"淮海路","location":"121.469131,31.218783","tel":"[]","bigType":"科教文化服务","midType":"传媒机构","smallType":"报社","gcj_lng":121.469131,"gcj_lat":31.218783,"wgs84_loc":"121.464594,31.220718","wgs84Lng":"121.464594","wgs84Lat":"31.220718","__source_file__":"13-常用公服设施点/SHP/上海市_传媒机构.shp"},"geometry":{"type":"Point","coordinates":[121.464594,31.220718]}},{"id":"830","type":"Feature","properties":{"id":"B0HDFZGT8R","name":"吉捷文化传媒(上海)有限公司","address":"南昌路28号3楼D座","type":"科教文化服务;传媒机构;传媒机构","typecode":"141100","pcode":310000,"pname":"上海市","citycode":21,"cityname":"上海市","adcode":310101,"adname":"黄浦区","business_a":"淮海路","location":"121.471085,31.219374","tel":"021-62665863","bigType":"科教文化服务","midType":"传媒机构","smallType":"传媒机构","gcj_lng":121.471085,"gcj_lat":31.219374,"wgs84_loc":"121.466554,31.221314","wgs84Lng":"121.466554","wgs84Lat":"31.221314","__source_file__":"13-常用公服设施点/SHP/上海市_传媒机构.shp"},"geometry":{"type":"Point","coordinates":[121.466554,31.221314]}},{"id":"1284","type":"Feature","properties":{"id":"B0FFFOMH42","name":"金玥文化传播","address":"自忠路65号","type":"科教文化服务;传媒机构;传媒机构|购物服务;文化用品店;文化用品店","typecode":"141100|060800","pcode":310000,"pname":"上海市","citycode":21,"cityname":"上海市","adcode":310101,"adname":"黄浦区","business_a":"淮海路","location":"121.480387,31.220005","tel":"13391047463","bigType":"科教文化服务","midType":"传媒机构","smallType":"传媒机构|购物服务","gcj_lng":121.480387,"gcj_lat":31.220005,"wgs84_loc":"121.475887,31.221971","wgs84Lng":"121.475887","wgs84Lat":"31.221971","__source_file__":"13-常用公服设施点/SHP/上海市_传媒机构.shp"},"geometry":{"type":"Point","coordinates":[121.475887,31.221971]}},{"id":"355","type":"Feature","properties":{"id":"B00155LIB6","name":"上海社会科学杂志社","address":"淮海中路622弄7号","type":"科教文化服务;传媒机构;杂志社","typecode":"141104","pcode":310000,"pname":"上海市","citycode":21,"cityname":"上海市","adcode":310101,"adname":"黄浦区","business_a":"淮海路","location":"121.466403,31.221336","tel":"[]","bigType":"科教文化服务","midType":"传媒机构","smallType":"杂志社","gcj_lng":121.466403,"gcj_lat":31.221336,"wgs84_loc":"121.461858,31.223263","wgs84Lng":"121.461858","wgs84Lat":"31.223263","__source_file__":"13-常用公服设施点/SHP/上海市_传媒机构.shp"},"geometry":{"type":"Point","coordinates":[121.461858,31.223263]}},{"id":"835","type":"Feature","properties":{"id":"B0IBZLDYLW","name":"马酷文化传播有限公司","address":"淮海中路99号大上海时代广场1层","type":"科教文化服务;传媒机构;传媒机构","typecode":"141100","pcode":310000,"pname":"上海市","citycode":21,"cityname":"上海市","adcode":310101,"adname":"黄浦区","business_a":"淮海路","location":"121.479179,31.224493","tel":"[]","bigType":"科教文化服务","midType":"传媒机构","smallType":"传媒机构","gcj_lng":121.479179,"gcj_lat":31.224493,"wgs84_loc":"121.474675,31.226453","wgs84Lng":"121.474675","wgs84Lat":"31.226453","__source_file__":"13-常用公服设施点/SHP/上海市_传媒机构.shp"},"geometry":{"type":"Point","coordinates":[121.474675,31.226453]}},{"id":"1190","type":"Feature","properties":{"id":"B0FFK762EQ","name":"中国日报上海分社","address":"淮海中路街道淮海中路200号淮海大厦20楼","type":"科教文化服务;传媒机构;报社","typecode":"141103","pcode":310000,"pname":"上海市","citycode":21,"cityname":"上海市","adcode":310101,"adname":"黄浦区","business_a":"淮海路","location":"121.476542,31.224656","tel":"[]","bigType":"科教文化服务","midType":"传媒机构","smallType":"报社","gcj_lng":121.476542,"gcj_lat":31.224656,"wgs84_loc":"121.472029,31.226609","wgs84Lng":"121.472029","wgs84Lat":"31.226609","__source_file__":"13-常用公服设施点/SHP/上海市_传媒机构.shp"},"geometry":{"type":"Point","coordinates":[121.472029,31.226609]}},{"id":"819","type":"Feature","properties":{"id":"B0I6A78DBP","name":"众引传媒","address":"淮海中路1号柳林大厦2层","type":"科教文化服务;传媒机构;传媒机构","typecode":"141100","pcode":310000,"pname":"上海市","citycode":21,"cityname":"上海市","adcode":310101,"adname":"黄浦区","business_a":"淮海路","location":"121.480058,31.224999","tel":"[]","bigType":"科教文化服务","midType":"传媒机构","smallType":"传媒机构","gcj_lng":121.480058,"gcj_lat":31.224999,"wgs84_loc":"121.475557,31.226961","wgs84Lng":"121.475557","wgs84Lat":"31.226961","__source_file__":"13-常用公服设施点/SHP/上海市_传媒机构.shp"},"geometry":{"type":"Point","coordinates":[121.475557,31.226961]}},{"id":"848","type":"Feature","properties":{"id":"B0I6A74EO3","name":"籽粒文化传播","address":"成都北路上海招商局广场南楼4楼","type":"科教文化服务;传媒机构;传媒机构","typecode":"141100","pcode":310000,"pname":"上海市","citycode":21,"cityname":"上海市","adcode":310106,"adname":"静安区","business_a":"淮海路","location":"121.466137,31.227796","tel":"[]","bigType":"科教文化服务","midType":"传媒机构","smallType":"传媒机构","gcj_lng":121.466137,"gcj_lat":31.227796,"wgs84_loc":"121.46159,31.22972","wgs84Lng":"121.46159","wgs84Lat":"31.22972","__source_file__":"13-常用公服设施点/SHP/上海市_传媒机构.shp"},"geometry":{"type":"Point","coordinates":[121.46159,31.22972]}},{"id":"790","type":"Feature","properties":{"id":"B0FFL0DQNE","name":"上海广播电视台(青海路)","address":"南京西路651号广电大厦","type":"科教文化服务;传媒机构;电视台","typecode":"141101","pcode":310000,"pname":"上海市","citycode":21,"cityname":"上海市","adcode":310106,"adname":"静安区","business_a":"淮海路","location":"121.465412,31.227952","tel":"[]","bigType":"科教文化服务","midType":"传媒机构","smallType":"电视台","gcj_lng":121.465412,"gcj_lat":31.227952,"wgs84_loc":"121.460863,31.229874","wgs84Lng":"121.460863","wgs84Lat":"31.229874","__source_file__":"13-常用公服设施点/SHP/上海市_传媒机构.shp"},"geometry":{"type":"Point","coordinates":[121.460863,31.229874]}},{"id":"59","type":"Feature","properties":{"id":"B001559AUS","name":"上海电视台","address":"威海路298号","type":"科教文化服务;传媒机构;电视台","typecode":"141101","pcode":310000,"pname":"上海市","citycode":21,"cityname":"上海市","adcode":310106,"adname":"静安区","business_a":"淮海路","location":"121.465418,31.227961","tel":"021-22005899","bigType":"科教文化服务","midType":"传媒机构","smallType":"电视台","gcj_lng":121.465418,"gcj_lat":31.227961,"wgs84_loc":"121.460869,31.229883","wgs84Lng":"121.460869","wgs84Lat":"31.229883","__source_file__":"13-常用公服设施点/SHP/上海市_传媒机构.shp"},"geometry":{"type":"Point","coordinates":[121.460869,31.229883]}},{"id":"1154","type":"Feature","properties":{"id":"B001557EN8","name":"上海蓝奇紫辉广告传媒有限公司","address":"人民路885号淮海中华大厦2305室","type":"科教文化服务;传媒机构;传媒机构","typecode":"141100","pcode":310000,"pname":"上海市","citycode":21,"cityname":"上海市","adcode":310101,"adname":"黄浦区","business_a":"城隍庙","location":"121.483421,31.225618","tel":"021-63733982","bigType":"科教文化服务","midType":"传媒机构","smallType":"传媒机构","gcj_lng":121.483421,"gcj_lat":31.225618,"wgs84_loc":"121.478931,31.22759","wgs84Lng":"121.478931","wgs84Lat":"31.22759","__source_file__":"13-常用公服设施点/SHP/上海市_传媒机构.shp"},"geometry":{"type":"Point","coordinates":[121.478931,31.22759]}},{"id":"814","type":"Feature","properties":{"id":"B0H2H1KASI","name":"买手传媒","address":"人民路885号淮海中华大厦2110室","type":"科教文化服务;传媒机构;传媒机构","typecode":"141100","pcode":310000,"pname":"上海市","citycode":21,"cityname":"上海市","adcode":310101,"adname":"黄浦区","business_a":"城隍庙","location":"121.483267,31.226034","tel":"[]","bigType":"科教文化服务","midType":"传媒机构","smallType":"传媒机构","gcj_lng":121.483267,"gcj_lat":31.226034,"wgs84_loc":"121.478777,31.228005","wgs84Lng":"121.478777","wgs84Lat":"31.228005","__source_file__":"13-常用公服设施点/SHP/上海市_传媒机构.shp"},"geometry":{"type":"Point","coordinates":[121.478777,31.228005]}},{"id":"1293","type":"Feature","properties":{"id":"B001557QMR","name":"上海三好文化传播有限公司","address":"宁海东路200号申鑫大厦24层","type":"科教文化服务;传媒机构;传媒机构","typecode":"141100","pcode":310000,"pname":"上海市","citycode":21,"cityname":"上海市","adcode":310101,"adname":"黄浦区","business_a":"北京东路","location":"121.481835,31.229198","tel":"[]","bigType":"科教文化服务","midType":"传媒机构","smallType":"传媒机构","gcj_lng":121.481835,"gcj_lat":31.229198,"wgs84_loc":"121.477339,31.231164","wgs84Lng":"121.477339","wgs84Lat":"31.231164","__source_file__":"13-常用公服设施点/SHP/上海市_传媒机构.shp"},"geometry":{"type":"Point","coordinates":[121.477339,31.231164]}},{"id":"843","type":"Feature","properties":{"id":"B0FFJ0C7W6","name":"云沐","address":"浙江南路58号","type":"科教文化服务;传媒机构;传媒机构","typecode":"141100","pcode":310000,"pname":"上海市","citycode":21,"cityname":"上海市","adcode":310101,"adname":"黄浦区","business_a":"北京东路","location":"121.481960,31.229419","tel":"021-64680360","bigType":"科教文化服务","midType":"传媒机构","smallType":"传媒机构","gcj_lng":121.48196,"gcj_lat":31.229419,"wgs84_loc":"121.477465,31.231385","wgs84Lng":"121.477465","wgs84Lat":"31.231385","__source_file__":"13-常用公服设施点/SHP/上海市_传媒机构.shp"},"geometry":{"type":"Point","coordinates":[121.477465,31.231385]}},{"id":"834","type":"Feature","properties":{"id":"B0H2VZWGQF","name":"吉林省坤鹏国际传媒集团(上海总部办事处)","address":"外滩SOHOA座30层","type":"科教文化服务;传媒机构;传媒机构","typecode":"141100","pcode":310000,"pname":"上海市","citycode":21,"cityname":"上海市","adcode":310101,"adname":"黄浦区","business_a":"城隍庙","location":"121.493907,31.230393","tel":"[]","bigType":"科教文化服务","midType":"传媒机构","smallType":"传媒机构","gcj_lng":121.493907,"gcj_lat":31.230393,"wgs84_loc":"121.489454,31.232394","wgs84Lng":"121.489454","wgs84Lat":"31.232394","__source_file__":"13-常用公服设施点/SHP/上海市_传媒机构.shp"},"geometry":{"type":"Point","coordinates":[121.489454,31.232394]}},{"id":"1375","type":"Feature","properties":{"id":"B0KR05MF0Z","name":"上海国乔文化传媒有限公司","address":"中山东二路22号(豫园地铁站7号口步行340米)","type":"科教文化服务;传媒机构;传媒机构","typecode":"141100","pcode":310000,"pname":"上海市","citycode":21,"cityname":"上海市","adcode":310101,"adname":"黄浦区","business_a":"城隍庙","location":"121.493696,31.230588","tel":"[]","bigType":"科教文化服务","midType":"传媒机构","smallType":"传媒机构","gcj_lng":121.493696,"gcj_lat":31.230588,"wgs84_loc":"121.489242,31.232588","wgs84Lng":"121.489242","wgs84Lat":"31.232588","__source_file__":"13-常用公服设施点/SHP/上海市_传媒机构.shp"},"geometry":{"type":"Point","coordinates":[121.489242,31.232588]}},{"id":"119","type":"Feature","properties":{"id":"B00155HBW0","name":"黄浦时报社","address":"山东中路1号黄浦区机关办公大楼","type":"科教文化服务;传媒机构;报社","typecode":"141103","pcode":310000,"pname":"上海市","citycode":21,"cityname":"上海市","adcode":310101,"adname":"黄浦区","business_a":"北京东路","location":"121.484428,31.231739","tel":"021-63213824","bigType":"科教文化服务","midType":"传媒机构","smallType":"报社","gcj_lng":121.484428,"gcj_lat":31.231739,"wgs84_loc":"121.479941,31.233711","wgs84Lng":"121.479941","wgs84Lat":"31.233711","__source_file__":"13-常用公服设施点/SHP/上海市_传媒机构.shp"},"geometry":{"type":"Point","coordinates":[121.479941,31.233711]}},{"id":"176","type":"Feature","properties":{"id":"B00155KW57","name":"文汇报读者接待室","address":"威海路755-757号文新报业大厦","type":"科教文化服务;传媒机构;报社","typecode":"141103","pcode":310000,"pname":"上海市","citycode":21,"cityname":"上海市","adcode":310106,"adname":"静安区","business_a":"淮海路","location":"121.457494,31.225451","tel":"[]","bigType":"科教文化服务","midType":"传媒机构","smallType":"报社","gcj_lng":121.457494,"gcj_lat":31.225451,"wgs84_loc":"121.452922,31.227355","wgs84Lng":"121.452922","wgs84Lat":"31.227355","__source_file__":"13-常用公服设施点/SHP/上海市_传媒机构.shp"},"geometry":{"type":"Point","coordinates":[121.452922,31.227355]}},{"id":"901","type":"Feature","properties":{"id":"B00155KMER","name":"文学报社","address":"威海路755号41层","type":"科教文化服务;传媒机构;报社","typecode":"141103","pcode":310000,"pname":"上海市","citycode":21,"cityname":"上海市","adcode":310106,"adname":"静安区","business_a":"淮海路","location":"121.457494,31.225451","tel":"[]","bigType":"科教文化服务","midType":"传媒机构","smallType":"报社","gcj_lng":121.457494,"gcj_lat":31.225451,"wgs84_loc":"121.452922,31.227355","wgs84Lng":"121.452922","wgs84Lat":"31.227355","__source_file__":"13-常用公服设施点/SHP/上海市_传媒机构.shp"},"geometry":{"type":"Point","coordinates":[121.452922,31.227355]}},{"id":"177","type":"Feature","properties":{"id":"B001550DL1","name":"新民晚报房地产事业部","address":"威海路755-757号文新报业大厦13层1305室","type":"科教文化服务;传媒机构;报社","typecode":"141103","pcode":310000,"pname":"上海市","citycode":21,"cityname":"上海市","adcode":310106,"adname":"静安区","business_a":"淮海路","location":"121.457494,31.225451","tel":"[]","bigType":"科教文化服务","midType":"传媒机构","smallType":"报社","gcj_lng":121.457494,"gcj_lat":31.225451,"wgs84_loc":"121.452922,31.227355","wgs84Lng":"121.452922","wgs84Lat":"31.227355","__source_file__":"13-常用公服设施点/SHP/上海市_传媒机构.shp"},"geometry":{"type":"Point","coordinates":[121.452922,31.227355]}},{"id":"169","type":"Feature","properties":{"id":"B0015100A6","name":"文汇新民联合报业集团文汇报","address":"威海路755-757号文新报业大厦","type":"科教文化服务;传媒机构;报社","typecode":"141103","pcode":310000,"pname":"上海市","citycode":21,"cityname":"上海市","adcode":310106,"adname":"静安区","business_a":"淮海路","location":"121.457494,31.225451","tel":"021-36333187","bigType":"科教文化服务","midType":"传媒机构","smallType":"报社","gcj_lng":121.457494,"gcj_lat":31.225451,"wgs84_loc":"121.452922,31.227355","wgs84Lng":"121.452922","wgs84Lat":"31.227355","__source_file__":"13-常用公服设施点/SHP/上海市_传媒机构.shp"},"geometry":{"type":"Point","coordinates":[121.452922,31.227355]}},{"id":"172","type":"Feature","properties":{"id":"B0FFIM6DXL","name":"上海报社登报中心","address":"威海路与陕西北路交叉口东约100米","type":"科教文化服务;传媒机构;传媒机构","typecode":"141100","pcode":310000,"pname":"上海市","citycode":21,"cityname":"上海市","adcode":310106,"adname":"静安区","business_a":"淮海路","location":"121.457504,31.225456","tel":"[]","bigType":"科教文化服务","midType":"传媒机构","smallType":"传媒机构","gcj_lng":121.457504,"gcj_lat":31.225456,"wgs84_loc":"121.452933,31.22736","wgs84Lng":"121.452933","wgs84Lat":"31.22736","__source_file__":"13-常用公服设施点/SHP/上海市_传媒机构.shp"},"geometry":{"type":"Point","coordinates":[121.452933,31.22736]}},{"id":"173","type":"Feature","properties":{"id":"B0FFIPO2E7","name":"上海日报社","address":"威海路755号文新报业大厦","type":"科教文化服务;传媒机构;报社","typecode":"141103","pcode":310000,"pname":"上海市","citycode":21,"cityname":"上海市","adcode":310106,"adname":"静安区","business_a":"淮海路","location":"121.457380,31.225556","tel":"[]","bigType":"科教文化服务","midType":"传媒机构","smallType":"报社","gcj_lng":121.45738,"gcj_lat":31.225556,"wgs84_loc":"121.452808,31.227459","wgs84Lng":"121.452808","wgs84Lat":"31.227459","__source_file__":"13-常用公服设施点/SHP/上海市_传媒机构.shp"},"geometry":{"type":"Point","coordinates":[121.452808,31.227459]}},{"id":"490","type":"Feature","properties":{"id":"B0FFF0BVDI","name":"上海乐颖文化传播有限公司","address":"威海路598锦茂教科园","type":"科教文化服务;传媒机构;传媒机构|公司企业;公司;公司","typecode":"141100|170200","pcode":310000,"pname":"上海市","citycode":21,"cityname":"上海市","adcode":310106,"adname":"静安区","business_a":"淮海路","location":"121.460021,31.226938","tel":"4008200701","bigType":"科教文化服务","midType":"传媒机构","smallType":"传媒机构|公司企业","gcj_lng":121.460021,"gcj_lat":31.226938,"wgs84_loc":"121.455456,31.228847","wgs84Lng":"121.455456","wgs84Lat":"31.228847","__source_file__":"13-常用公服设施点/SHP/上海市_传媒机构.shp"},"geometry":{"type":"Point","coordinates":[121.455456,31.228847]}},{"id":"876","type":"Feature","properties":{"id":"B00155KVFL","name":"北京金牌大风文化传播有限公司","address":"石门一路211旺旺大厦16层","type":"科教文化服务;传媒机构;传媒机构","typecode":"141100","pcode":310000,"pname":"上海市","citycode":21,"cityname":"上海市","adcode":310106,"adname":"静安区","business_a":"淮海路","location":"121.462189,31.227868","tel":"[]","bigType":"科教文化服务","midType":"传媒机构","smallType":"传媒机构","gcj_lng":121.462189,"gcj_lat":31.227868,"wgs84_loc":"121.457631,31.229782","wgs84Lng":"121.457631","wgs84Lat":"31.229782","__source_file__":"13-常用公服设施点/SHP/上海市_传媒机构.shp"},"geometry":{"type":"Point","coordinates":[121.457631,31.229782]}},{"id":"851","type":"Feature","properties":{"id":"B00155KMEK","name":"易传媒(石门一路)","address":"石门一路211旺旺大厦20层","type":"科教文化服务;传媒机构;传媒机构","typecode":"141100","pcode":310000,"pname":"上海市","citycode":21,"cityname":"上海市","adcode":310106,"adname":"静安区","business_a":"淮海路","location":"121.462189,31.227868","tel":"[]","bigType":"科教文化服务","midType":"传媒机构","smallType":"传媒机构","gcj_lng":121.462189,"gcj_lat":31.227868,"wgs84_loc":"121.457631,31.229782","wgs84Lng":"121.457631","wgs84Lat":"31.229782","__source_file__":"13-常用公服设施点/SHP/上海市_传媒机构.shp"},"geometry":{"type":"Point","coordinates":[121.457631,31.229782]}},{"id":"877","type":"Feature","properties":{"id":"B00156GJ1R","name":"上海千足文化传播有限公司","address":"青海路118号云海苑办公楼4层","type":"科教文化服务;传媒机构;传媒机构","typecode":"141100","pcode":310000,"pname":"上海市","citycode":21,"cityname":"上海市","adcode":310106,"adname":"静安区","business_a":"淮海路","location":"121.464396,31.229069","tel":"[]","bigType":"科教文化服务","midType":"传媒机构","smallType":"传媒机构","gcj_lng":121.464396,"gcj_lat":31.229069,"wgs84_loc":"121.459844,31.230988","wgs84Lng":"121.459844","wgs84Lat":"31.230988","__source_file__":"13-常用公服设施点/SHP/上海市_传媒机构.shp"},"geometry":{"type":"Point","coordinates":[121.459844,31.230988]}},{"id":"1102","type":"Feature","properties":{"id":"B0FFF00GEO","name":"上海和星文化传播有限公司","address":"威海路128号长发大厦6层601室","type":"科教文化服务;传媒机构;传媒机构","typecode":"141100","pcode":310000,"pname":"上海市","citycode":21,"cityname":"上海市","adcode":310101,"adname":"黄浦区","business_a":"北京东路","location":"121.468481,31.227989","tel":"[]","bigType":"科教文化服务","midType":"传媒机构","smallType":"传媒机构","gcj_lng":121.468481,"gcj_lat":31.227989,"wgs84_loc":"121.463942,31.229918","wgs84Lng":"121.463942","wgs84Lat":"31.229918","__source_file__":"13-常用公服设施点/SHP/上海市_传媒机构.shp"},"geometry":{"type":"Point","coordinates":[121.463942,31.229918]}},{"id":"183","type":"Feature","properties":{"id":"B00155GORV","name":"亚洲新闻台","address":"成都北路333号上海招商局广场东楼606A","type":"科教文化服务;传媒机构;电视台","typecode":"141101","pcode":310000,"pname":"上海市","citycode":21,"cityname":"上海市","adcode":310106,"adname":"静安区","business_a":"淮海路","location":"121.466554,31.228058","tel":"[]","bigType":"科教文化服务","midType":"传媒机构","smallType":"电视台","gcj_lng":121.466554,"gcj_lat":31.228058,"wgs84_loc":"121.462009,31.229982","wgs84Lng":"121.462009","wgs84Lat":"31.229982","__source_file__":"13-常用公服设施点/SHP/上海市_传媒机构.shp"},"geometry":{"type":"Point","coordinates":[121.462009,31.229982]}},{"id":"1465","type":"Feature","properties":{"id":"B00156O2PL","name":"上海人大月刊编辑部","address":"威海路48号中国民生银行大厦20层","type":"科教文化服务;传媒机构;杂志社","typecode":"141104","pcode":310000,"pname":"上海市","citycode":21,"cityname":"上海市","adcode":310101,"adname":"黄浦区","business_a":"淮海路","location":"121.470277,31.228441","tel":"[]","bigType":"科教文化服务","midType":"传媒机构","smallType":"杂志社","gcj_lng":121.470277,"gcj_lat":31.228441,"wgs84_loc":"121.465743,31.230375","wgs84Lng":"121.465743","wgs84Lat":"31.230375","__source_file__":"13-常用公服设施点/SHP/上海市_传媒机构.shp"},"geometry":{"type":"Point","coordinates":[121.465743,31.230375]}},{"id":"878","type":"Feature","properties":{"id":"B001550DAW","name":"上海融中文化传播有限公司","address":"青海路118号云海苑办公楼6-7层","type":"科教文化服务;传媒机构;传媒机构","typecode":"141100","pcode":310000,"pname":"上海市","citycode":21,"cityname":"上海市","adcode":310106,"adname":"静安区","business_a":"淮海路","location":"121.464396,31.229069","tel":"021-62671323","bigType":"科教文化服务","midType":"传媒机构","smallType":"传媒机构","gcj_lng":121.464396,"gcj_lat":31.229069,"wgs84_loc":"121.459844,31.230988","wgs84Lng":"121.459844","wgs84Lat":"31.230988","__source_file__":"13-常用公服设施点/SHP/上海市_传媒机构.shp"},"geometry":{"type":"Point","coordinates":[121.459844,31.230988]}},{"id":"811","type":"Feature","properties":{"id":"B0I6A72ZGP","name":"风盛传媒","address":"延安东路700号港泰广场2008室","type":"科教文化服务;传媒机构;传媒机构","typecode":"141100","pcode":310000,"pname":"上海市","citycode":21,"cityname":"上海市","adcode":310101,"adname":"黄浦区","business_a":"淮海路","location":"121.479348,31.229796","tel":"[]","bigType":"科教文化服务","midType":"传媒机构","smallType":"传媒机构","gcj_lng":121.479348,"gcj_lat":31.229796,"wgs84_loc":"121.474844,31.231754","wgs84Lng":"121.474844","wgs84Lat":"31.231754","__source_file__":"13-常用公服设施点/SHP/上海市_传媒机构.shp"},"geometry":{"type":"Point","coordinates":[121.474844,31.231754]}},{"id":"1197","type":"Feature","properties":{"id":"B00150D137","name":"上海广播电视国际新闻交流中心","address":"南京西路651号广电大厦","type":"科教文化服务;传媒机构;传媒机构","typecode":"141100","pcode":310000,"pname":"上海市","citycode":21,"cityname":"上海市","adcode":310106,"adname":"静安区","business_a":"淮海路","location":"121.465027,31.230110","tel":"021-62565899","bigType":"科教文化服务","midType":"传媒机构","smallType":"传媒机构","gcj_lng":121.465027,"gcj_lat":31.23011,"wgs84_loc":"121.460477,31.23203","wgs84Lng":"121.460477","wgs84Lat":"31.23203","__source_file__":"13-常用公服设施点/SHP/上海市_传媒机构.shp"},"geometry":{"type":"Point","coordinates":[121.460477,31.23203]}},{"id":"915","type":"Feature","properties":{"id":"B0FFFZKXE9","name":"上海文化广播影视集团有限公司(南京西路)","address":"南京西路651号","type":"科教文化服务;传媒机构;传媒机构","typecode":"141100","pcode":310000,"pname":"上海市","citycode":21,"cityname":"上海市","adcode":310106,"adname":"静安区","business_a":"淮海路","location":"121.464879,31.230731","tel":"[]","bigType":"科教文化服务","midType":"传媒机构","smallType":"传媒机构","gcj_lng":121.464879,"gcj_lat":31.230731,"wgs84_loc":"121.460328,31.23265","wgs84Lng":"121.460328","wgs84Lat":"31.23265","__source_file__":"13-常用公服设施点/SHP/上海市_传媒机构.shp"},"geometry":{"type":"Point","coordinates":[121.460328,31.23265]}},{"id":"916","type":"Feature","properties":{"id":"B00156GKM2","name":"NNN日本读卖电视台上海支局","address":"南京西路580号仲益大厦B座","type":"科教文化服务;传媒机构;电视台","typecode":"141101","pcode":310000,"pname":"上海市","citycode":21,"cityname":"上海市","adcode":310106,"adname":"静安区","business_a":"淮海路","location":"121.465910,31.231381","tel":"[]","bigType":"科教文化服务","midType":"传媒机构","smallType":"电视台","gcj_lng":121.46591,"gcj_lat":31.231381,"wgs84_loc":"121.461362,31.233302","wgs84Lng":"121.461362","wgs84Lat":"31.233302","__source_file__":"13-常用公服设施点/SHP/上海市_传媒机构.shp"},"geometry":{"type":"Point","coordinates":[121.461362,31.233302]}},{"id":"827","type":"Feature","properties":{"id":"B0H2A79G15","name":"博伽传媒有限公司","address":"南京西路388号仙乐斯广场16楼","type":"科教文化服务;传媒机构;传媒机构","typecode":"141100","pcode":310000,"pname":"上海市","citycode":21,"cityname":"上海市","adcode":310101,"adname":"黄浦区","business_a":"北京东路","location":"121.468939,31.231482","tel":"[]","bigType":"科教文化服务","midType":"传媒机构","smallType":"传媒机构","gcj_lng":121.468939,"gcj_lat":31.231482,"wgs84_loc":"121.464401,31.233411","wgs84Lng":"121.464401","wgs84Lat":"31.233411","__source_file__":"13-常用公服设施点/SHP/上海市_传媒机构.shp"},"geometry":{"type":"Point","coordinates":[121.464401,31.233411]}},{"id":"24","type":"Feature","properties":{"id":"B001570D3V","name":"上海大光明院线有限公司","address":"南京西路248号","type":"科教文化服务;传媒机构;传媒机构","typecode":"141100","pcode":310000,"pname":"上海市","citycode":21,"cityname":"上海市","adcode":310101,"adname":"黄浦区","business_a":"北京东路","location":"121.470479,31.233766","tel":"[]","bigType":"科教文化服务","midType":"传媒机构","smallType":"传媒机构","gcj_lng":121.470479,"gcj_lat":31.233766,"wgs84_loc":"121.465945,31.235698","wgs84Lng":"121.465945","wgs84Lat":"31.235698","__source_file__":"13-常用公服设施点/SHP/上海市_传媒机构.shp"},"geometry":{"type":"Point","coordinates":[121.465945,31.235698]}},{"id":"1242","type":"Feature","properties":{"id":"B0FFLFL7M8","name":"祥影(上海)文化传媒有限公司","address":"延安东路辅路与溪口路交叉口东20米","type":"科教文化服务;传媒机构;传媒机构","typecode":"141100","pcode":310000,"pname":"上海市","citycode":21,"cityname":"上海市","adcode":310101,"adname":"黄浦区","business_a":"城隍庙","location":"121.489620,31.231775","tel":"[]","bigType":"科教文化服务","midType":"传媒机构","smallType":"传媒机构","gcj_lng":121.48962,"gcj_lat":31.231775,"wgs84_loc":"121.485151,31.233762","wgs84Lng":"121.485151","wgs84Lat":"31.233762","__source_file__":"13-常用公服设施点/SHP/上海市_传媒机构.shp"},"geometry":{"type":"Point","coordinates":[121.485151,31.233762]}},{"id":"1373","type":"Feature","properties":{"id":"B0KG9R6Q7Z","name":"一簇传媒","address":"湖北路136号德必上海书城WE3003室","type":"科教文化服务;传媒机构;传媒机构","typecode":"141100","pcode":310000,"pname":"上海市","citycode":21,"cityname":"上海市","adcode":310101,"adname":"黄浦区","business_a":"北京路","location":"121.481570,31.233140","tel":"[]","bigType":"科教文化服务","midType":"传媒机构","smallType":"传媒机构","gcj_lng":121.48157,"gcj_lat":31.23314,"wgs84_loc":"121.477073,31.235103","wgs84Lng":"121.477073","wgs84Lat":"31.235103","__source_file__":"13-常用公服设施点/SHP/上海市_传媒机构.shp"},"geometry":{"type":"Point","coordinates":[121.477073,31.235103]}},{"id":"19","type":"Feature","properties":{"id":"B0I13CYBJU","name":"上海译文出版社","address":"湖北路136号德必上海书城WE F15层","type":"科教文化服务;传媒机构;出版社","typecode":"141105","pcode":310000,"pname":"上海市","citycode":21,"cityname":"上海市","adcode":310101,"adname":"黄浦区","business_a":"北京路","location":"121.481558,31.233160","tel":"[]","bigType":"科教文化服务","midType":"传媒机构","smallType":"出版社","gcj_lng":121.481558,"gcj_lat":31.23316,"wgs84_loc":"121.477061,31.235123","wgs84Lng":"121.477061","wgs84Lat":"31.235123","__source_file__":"13-常用公服设施点/SHP/上海市_传媒机构.shp"},"geometry":{"type":"Point","coordinates":[121.477061,31.235123]}},{"id":"832","type":"Feature","properties":{"id":"B0I627GSS9","name":"上海淘气橙文化传媒有限公司","address":"中山东二路88号SOHO外滩C栋8层","type":"科教文化服务;传媒机构;传媒机构","typecode":"141100","pcode":310000,"pname":"上海市","citycode":21,"cityname":"上海市","adcode":310101,"adname":"黄浦区","business_a":"北京东路","location":"121.492156,31.233462","tel":"[]","bigType":"科教文化服务","midType":"传媒机构","smallType":"传媒机构","gcj_lng":121.492156,"gcj_lat":31.233462,"wgs84_loc":"121.487696,31.235456","wgs84Lng":"121.487696","wgs84Lat":"31.235456","__source_file__":"13-常用公服设施点/SHP/上海市_传媒机构.shp"},"geometry":{"type":"Point","coordinates":[121.487696,31.235456]}},{"id":"1116","type":"Feature","properties":{"id":"B0FFF90FPX","name":"上海寰东文化传播有限公司","address":"福州路356号","type":"科教文化服务;传媒机构;传媒机构","typecode":"141100","pcode":310000,"pname":"上海市","citycode":21,"cityname":"上海市","adcode":310101,"adname":"黄浦区","business_a":"北京东路","location":"121.483835,31.234316","tel":"021-63525328;15000067890","bigType":"科教文化服务","midType":"传媒机构","smallType":"传媒机构","gcj_lng":121.483835,"gcj_lat":31.234316,"wgs84_loc":"121.479346,31.236285","wgs84Lng":"121.479346","wgs84Lat":"31.236285","__source_file__":"13-常用公服设施点/SHP/上海市_传媒机构.shp"},"geometry":{"type":"Point","coordinates":[121.479346,31.236285]}},{"id":"1366","type":"Feature","properties":{"id":"B0IUUZPLW5","name":"上海赤马广告传媒股份有限公司","address":"九江路501号(WE国际文化创意中心)708室","type":"科教文化服务;传媒机构;传媒机构","typecode":"141100","pcode":310000,"pname":"上海市","citycode":21,"cityname":"上海市","adcode":310101,"adname":"黄浦区","business_a":"北京路","location":"121.482063,31.235358","tel":"021-56652162","bigType":"科教文化服务","midType":"传媒机构","smallType":"传媒机构","gcj_lng":121.482063,"gcj_lat":31.235358,"wgs84_loc":"121.477568,31.237321","wgs84Lng":"121.477568","wgs84Lat":"31.237321","__source_file__":"13-常用公服设施点/SHP/上海市_传媒机构.shp"},"geometry":{"type":"Point","coordinates":[121.477568,31.237321]}},{"id":"846","type":"Feature","properties":{"id":"B001530AA4","name":"上海其新图文社","address":"四川中路200-4森联木业108室","type":"科教文化服务;传媒机构;传媒机构","typecode":"141100","pcode":310000,"pname":"上海市","citycode":21,"cityname":"上海市","adcode":310101,"adname":"黄浦区","business_a":"北京东路","location":"121.488991,31.235741","tel":"021-63214169","bigType":"科教文化服务","midType":"传媒机构","smallType":"传媒机构","gcj_lng":121.488991,"gcj_lat":31.235741,"wgs84_loc":"121.48452,31.237724","wgs84Lng":"121.48452","wgs84Lat":"31.237724","__source_file__":"13-常用公服设施点/SHP/上海市_传媒机构.shp"},"geometry":{"type":"Point","coordinates":[121.48452,31.237724]}},{"id":"1374","type":"Feature","properties":{"id":"B0KDXSY7RU","name":"上海宁念欢电商传媒","address":"中山东一路12号","type":"科教文化服务;传媒机构;传媒机构","typecode":"141100","pcode":310000,"pname":"上海市","citycode":21,"cityname":"上海市","adcode":310101,"adname":"黄浦区","business_a":"北京路","location":"121.490148,31.235991","tel":"16624792666","bigType":"科教文化服务","midType":"传媒机构","smallType":"传媒机构","gcj_lng":121.490148,"gcj_lat":31.235991,"wgs84_loc":"121.485681,31.237978","wgs84Lng":"121.485681","wgs84Lat":"31.237978","__source_file__":"13-常用公服设施点/SHP/上海市_传媒机构.shp"},"geometry":{"type":"Point","coordinates":[121.485681,31.237978]}},{"id":"815","type":"Feature","properties":{"id":"B0H2A76DB5","name":"星空传媒","address":"汉口路300号解放大厦17楼","type":"科教文化服务;传媒机构;传媒机构","typecode":"141100","pcode":310000,"pname":"上海市","citycode":21,"cityname":"上海市","adcode":310101,"adname":"黄浦区","business_a":"北京东路","location":"121.484495,31.236026","tel":"[]","bigType":"科教文化服务","midType":"传媒机构","smallType":"传媒机构","gcj_lng":121.484495,"gcj_lat":31.236026,"wgs84_loc":"121.480008,31.237996","wgs84Lng":"121.480008","wgs84Lat":"31.237996","__source_file__":"13-常用公服设施点/SHP/上海市_传媒机构.shp"},"geometry":{"type":"Point","coordinates":[121.480008,31.237996]}},{"id":"400","type":"Feature","properties":{"id":"B00155E3JM","name":"城市导报(南侧)","address":"九江路137号九江大楼9层","type":"科教文化服务;传媒机构;报社","typecode":"141103","pcode":310000,"pname":"上海市","citycode":21,"cityname":"上海市","adcode":310101,"adname":"黄浦区","business_a":"北京东路","location":"121.487508,31.236991","tel":"[]","bigType":"科教文化服务","midType":"传媒机构","smallType":"报社","gcj_lng":121.487508,"gcj_lat":31.236991,"wgs84_loc":"121.483031,31.23897","wgs84Lng":"121.483031","wgs84Lat":"31.23897","__source_file__":"13-常用公服设施点/SHP/上海市_传媒机构.shp"},"geometry":{"type":"Point","coordinates":[121.483031,31.23897]}},{"id":"52","type":"Feature","properties":{"id":"B0HAYU16M0","name":"上海誉世文化传媒有限公司","address":"吴江路31号东方众鑫大厦30楼","type":"科教文化服务;传媒机构;传媒机构","typecode":"141100","pcode":310000,"pname":"上海市","citycode":21,"cityname":"上海市","adcode":310106,"adname":"静安区","business_a":"淮海路","location":"121.463497,31.229969","tel":"021-62881369","bigType":"科教文化服务","midType":"传媒机构","smallType":"传媒机构","gcj_lng":121.463497,"gcj_lat":31.229969,"wgs84_loc":"121.458942,31.231885","wgs84Lng":"121.458942","wgs84Lat":"31.231885","__source_file__":"13-常用公服设施点/SHP/上海市_传媒机构.shp"},"geometry":{"type":"Point","coordinates":[121.458942,31.231885]}},{"id":"51","type":"Feature","properties":{"id":"B0IBHNAWDX","name":"恒点文化传播有限公司","address":"吴江路31号东方投资大厦3层","type":"科教文化服务;传媒机构;传媒机构","typecode":"141100","pcode":310000,"pname":"上海市","citycode":21,"cityname":"上海市","adcode":310106,"adname":"静安区","business_a":"淮海路","location":"121.463403,31.230228","tel":"[]","bigType":"科教文化服务","midType":"传媒机构","smallType":"传媒机构","gcj_lng":121.463403,"gcj_lat":31.230228,"wgs84_loc":"121.458848,31.232144","wgs84Lng":"121.458848","wgs84Lat":"31.232144","__source_file__":"13-常用公服设施点/SHP/上海市_传媒机构.shp"},"geometry":{"type":"Point","coordinates":[121.458848,31.232144]}},{"id":"904","type":"Feature","properties":{"id":"B00156NXHX","name":"基美影业股份有限公司","address":"北京西路762号","type":"科教文化服务;传媒机构;传媒机构","typecode":"141100","pcode":310000,"pname":"上海市","citycode":21,"cityname":"上海市","adcode":310106,"adname":"静安区","business_a":"淮海路","location":"121.459912,31.232385","tel":"[]","bigType":"科教文化服务","midType":"传媒机构","smallType":"传媒机构","gcj_lng":121.459912,"gcj_lat":31.232385,"wgs84_loc":"121.455347,31.234291","wgs84Lng":"121.455347","wgs84Lat":"31.234291","__source_file__":"13-常用公服设施点/SHP/上海市_传媒机构.shp"},"geometry":{"type":"Point","coordinates":[121.455347,31.234291]}},{"id":"1237","type":"Feature","properties":{"id":"B00155KTAG","name":"联合时报社","address":"泰兴路306号","type":"科教文化服务;传媒机构;报社","typecode":"141103","pcode":310000,"pname":"上海市","citycode":21,"cityname":"上海市","adcode":310106,"adname":"静安区","business_a":"淮海路","location":"121.457664,31.232477","tel":"021-62587456","bigType":"科教文化服务","midType":"传媒机构","smallType":"报社","gcj_lng":121.457664,"gcj_lat":31.232477,"wgs84_loc":"121.453092,31.234378","wgs84Lng":"121.453092","wgs84Lat":"31.234378","__source_file__":"13-常用公服设施点/SHP/上海市_传媒机构.shp"},"geometry":{"type":"Point","coordinates":[121.453092,31.234378]}},{"id":"894","type":"Feature","properties":{"id":"B0FFLB93SW","name":"上海临泉沙龙文化传播有限公司","address":"北京西路669号东展商业大厦4ab室临泉沙龙","type":"科教文化服务;传媒机构;传媒机构","typecode":"141100","pcode":310000,"pname":"上海市","citycode":21,"cityname":"上海市","adcode":310106,"adname":"静安区","business_a":"淮海路","location":"121.461775,31.232663","tel":"021-62717711;17302151811","bigType":"科教文化服务","midType":"传媒机构","smallType":"传媒机构","gcj_lng":121.461775,"gcj_lat":31.232663,"wgs84_loc":"121.457215,31.234573","wgs84Lng":"121.457215","wgs84Lat":"31.234573","__source_file__":"13-常用公服设施点/SHP/上海市_传媒机构.shp"},"geometry":{"type":"Point","coordinates":[121.457215,31.234573]}},{"id":"1235","type":"Feature","properties":{"id":"B0FFF04JHJ","name":"海谐体育文化传播有限公司","address":"大田路129弄1-1号嘉发大厦A栋5层5A","type":"科教文化服务;传媒机构;传媒机构","typecode":"141100","pcode":310000,"pname":"上海市","citycode":21,"cityname":"上海市","adcode":310106,"adname":"静安区","business_a":"淮海路","location":"121.464009,31.232839","tel":"[]","bigType":"科教文化服务","midType":"传媒机构","smallType":"传媒机构","gcj_lng":121.464009,"gcj_lat":31.232839,"wgs84_loc":"121.459455,31.234755","wgs84Lng":"121.459455","wgs84Lat":"31.234755","__source_file__":"13-常用公服设施点/SHP/上海市_传媒机构.shp"},"geometry":{"type":"Point","coordinates":[121.459455,31.234755]}},{"id":"874","type":"Feature","properties":{"id":"B00156GLP1","name":"正前广告传播","address":"大田路129弄1-1号嘉发大厦A栋20层20B","type":"科教文化服务;传媒机构;传媒机构","typecode":"141100","pcode":310000,"pname":"上海市","citycode":21,"cityname":"上海市","adcode":310106,"adname":"静安区","business_a":"淮海路","location":"121.464009,31.232839","tel":"[]","bigType":"科教文化服务","midType":"传媒机构","smallType":"传媒机构","gcj_lng":121.464009,"gcj_lat":31.232839,"wgs84_loc":"121.459455,31.234755","wgs84Lng":"121.459455","wgs84Lat":"31.234755","__source_file__":"13-常用公服设施点/SHP/上海市_传媒机构.shp"},"geometry":{"type":"Point","coordinates":[121.459455,31.234755]}},{"id":"181","type":"Feature","properties":{"id":"B001557RO7","name":"少年报小伙伴记者团记者站(山海关路)","address":"山海关路445号","type":"科教文化服务;传媒机构;传媒机构","typecode":"141100","pcode":310000,"pname":"上海市","citycode":21,"cityname":"上海市","adcode":310106,"adname":"静安区","business_a":"淮海路","location":"121.461494,31.234646","tel":"[]","bigType":"科教文化服务","midType":"传媒机构","smallType":"传媒机构","gcj_lng":121.461494,"gcj_lat":31.234646,"wgs84_loc":"121.456933,31.236555","wgs84Lng":"121.456933","wgs84Lat":"31.236555","__source_file__":"13-常用公服设施点/SHP/上海市_传媒机构.shp"},"geometry":{"type":"Point","coordinates":[121.456933,31.236555]}},{"id":"883","type":"Feature","properties":{"id":"B0G3L7J5L0","name":"上海衍淼文化传播有限公司","address":"新闸路888弄58号3楼","type":"科教文化服务;传媒机构;传媒机构","typecode":"141100","pcode":310000,"pname":"上海市","citycode":21,"cityname":"上海市","adcode":310106,"adname":"静安区","business_a":"淮海路","location":"121.459043,31.235461","tel":"[]","bigType":"科教文化服务","midType":"传媒机构","smallType":"传媒机构","gcj_lng":121.459043,"gcj_lat":31.235461,"wgs84_loc":"121.454475,31.237364","wgs84Lng":"121.454475","wgs84Lat":"31.237364","__source_file__":"13-常用公服设施点/SHP/上海市_传媒机构.shp"},"geometry":{"type":"Point","coordinates":[121.454475,31.237364]}},{"id":"895","type":"Feature","properties":{"id":"B0H1KH20II","name":"奕甯(上海)文化传播有限公司","address":"光复路581号7号楼101室","type":"科教文化服务;传媒机构;传媒机构","typecode":"141100","pcode":310000,"pname":"上海市","citycode":21,"cityname":"上海市","adcode":310106,"adname":"静安区","business_a":"[]","location":"121.462267,31.241560","tel":"[]","bigType":"科教文化服务","midType":"传媒机构","smallType":"传媒机构","gcj_lng":121.462267,"gcj_lat":31.24156,"wgs84_loc":"121.457708,31.243468","wgs84Lng":"121.457708","wgs84Lat":"31.243468","__source_file__":"13-常用公服设施点/SHP/上海市_传媒机构.shp"},"geometry":{"type":"Point","coordinates":[121.457708,31.243468]}},{"id":"838","type":"Feature","properties":{"id":"B0H0NZQCO8","name":"上海晨焦文化传播有限公司","address":"九江路与四川中路交叉口四川中路320号307室","type":"科教文化服务;传媒机构;传媒机构","typecode":"141100","pcode":310000,"pname":"上海市","citycode":21,"cityname":"上海市","adcode":310101,"adname":"黄浦区","business_a":"北京东路","location":"121.488433,31.237666","tel":"15141265691","bigType":"科教文化服务","midType":"传媒机构","smallType":"传媒机构","gcj_lng":121.488433,"gcj_lat":31.237666,"wgs84_loc":"121.48396,31.239647","wgs84Lng":"121.48396","wgs84Lat":"31.239647","__source_file__":"13-常用公服设施点/SHP/上海市_传媒机构.shp"},"geometry":{"type":"Point","coordinates":[121.48396,31.239647]}},{"id":"1377","type":"Feature","properties":{"id":"B0L6993GJJ","name":"上海永慈文化传媒有限公司","address":"山西南路与北无锡路交叉口东60米","type":"科教文化服务;传媒机构;传媒机构","typecode":"141100","pcode":310000,"pname":"上海市","citycode":21,"cityname":"上海市","adcode":310101,"adname":"黄浦区","business_a":"北京路","location":"121.481917,31.239254","tel":"[]","bigType":"科教文化服务","midType":"传媒机构","smallType":"传媒机构","gcj_lng":121.481917,"gcj_lat":31.239254,"wgs84_loc":"121.477421,31.241215","wgs84Lng":"121.477421","wgs84Lat":"31.241215","__source_file__":"13-常用公服设施点/SHP/上海市_传媒机构.shp"},"geometry":{"type":"Point","coordinates":[121.477421,31.241215]}},{"id":"739","type":"Feature","properties":{"id":"B0HK5CKQUC","name":"笙娱直播基地","address":"滨江大道2727号B2","type":"科教文化服务;传媒机构;传媒机构","typecode":"141100","pcode":310000,"pname":"上海市","citycode":21,"cityname":"上海市","adcode":310115,"adname":"浦东新区","business_a":"陆家嘴","location":"121.496717,31.239452","tel":"[]","bigType":"科教文化服务","midType":"传媒机构","smallType":"传媒机构","gcj_lng":121.496717,"gcj_lat":31.239452,"wgs84_loc":"121.492273,31.241457","wgs84Lng":"121.492273","wgs84Lat":"31.241457","__source_file__":"13-常用公服设施点/SHP/上海市_传媒机构.shp"},"geometry":{"type":"Point","coordinates":[121.492273,31.241457]}},{"id":"673","type":"Feature","properties":{"id":"B0I6K5F5ZH","name":"中国财富传媒集团","address":"东园路18号3M层","type":"科教文化服务;传媒机构;传媒机构","typecode":"141100","pcode":310000,"pname":"上海市","citycode":21,"cityname":"上海市","adcode":310115,"adname":"浦东新区","business_a":"陆家嘴","location":"121.501447,31.241766","tel":"[]","bigType":"科教文化服务","midType":"传媒机构","smallType":"传媒机构","gcj_lng":121.501447,"gcj_lat":31.241766,"wgs84_loc":"121.49702,31.243784","wgs84Lng":"121.49702","wgs84Lat":"31.243784","__source_file__":"13-常用公服设施点/SHP/上海市_传媒机构.shp"},"geometry":{"type":"Point","coordinates":[121.49702,31.243784]}},{"id":"1345","type":"Feature","properties":{"id":"B0I2R7X12S","name":"上海绣润文化传媒集团有限公司","address":"北苏州路298号","type":"科教文化服务;传媒机构;传媒机构","typecode":"141100","pcode":310000,"pname":"上海市","citycode":21,"cityname":"上海市","adcode":310109,"adname":"虹口区","business_a":"北外滩","location":"121.484347,31.243931","tel":"[]","bigType":"科教文化服务","midType":"传媒机构","smallType":"传媒机构","gcj_lng":121.484347,"gcj_lat":31.243931,"wgs84_loc":"121.479859,31.245897","wgs84Lng":"121.479859","wgs84Lat":"31.245897","__source_file__":"13-常用公服设施点/SHP/上海市_传媒机构.shp"},"geometry":{"type":"Point","coordinates":[121.479859,31.245897]}},{"id":"220","type":"Feature","properties":{"id":"B0H2MA1VQC","name":"播卡丘直播基地","address":"天潼路518号三楼","type":"科教文化服务;传媒机构;传媒机构","typecode":"141100","pcode":310000,"pname":"上海市","citycode":21,"cityname":"上海市","adcode":310109,"adname":"虹口区","business_a":"北外滩","location":"121.482952,31.244265","tel":"[]","bigType":"科教文化服务","midType":"传媒机构","smallType":"传媒机构","gcj_lng":121.482952,"gcj_lat":31.244265,"wgs84_loc":"121.478459,31.246227","wgs84Lng":"121.478459","wgs84Lat":"31.246227","__source_file__":"13-常用公服设施点/SHP/上海市_传媒机构.shp"},"geometry":{"type":"Point","coordinates":[121.478459,31.246227]}},{"id":"1492","type":"Feature","properties":{"id":"B0K0N9BOKG","name":"上海桃李新苗文化传媒有限公司","address":"上海星荟中心一座30楼","type":"科教文化服务;传媒机构;传媒机构","typecode":"141100","pcode":310000,"pname":"上海市","citycode":21,"cityname":"上海市","adcode":310109,"adname":"虹口区","business_a":"上海北外滩中心","location":"121.487072,31.246217","tel":"[]","bigType":"科教文化服务","midType":"传媒机构","smallType":"传媒机构","gcj_lng":121.487072,"gcj_lat":31.246217,"wgs84_loc":"121.482593,31.24819","wgs84Lng":"121.482593","wgs84Lat":"31.24819","__source_file__":"13-常用公服设施点/SHP/上海市_传媒机构.shp"},"geometry":{"type":"Point","coordinates":[121.482593,31.24819]}},{"id":"193","type":"Feature","properties":{"id":"B0H2A77SJU","name":"上海丰凡文化传媒有限公司","address":"北外滩街道杨树浦路168号国投大厦9楼","type":"科教文化服务;传媒机构;传媒机构","typecode":"141100","pcode":310000,"pname":"上海市","citycode":21,"cityname":"上海市","adcode":310109,"adname":"虹口区","business_a":"提篮桥","location":"121.501352,31.248680","tel":"[]","bigType":"科教文化服务","midType":"传媒机构","smallType":"传媒机构","gcj_lng":121.501352,"gcj_lat":31.24868,"wgs84_loc":"121.496924,31.250695","wgs84Lng":"121.496924","wgs84Lat":"31.250695","__source_file__":"13-常用公服设施点/SHP/上海市_传媒机构.shp"},"geometry":{"type":"Point","coordinates":[121.496924,31.250695]}},{"id":"219","type":"Feature","properties":{"id":"B0FFF00IAT","name":"中国城市建设网络电视上海台","address":"唐山路216号司麦脱商务中心","type":"科教文化服务;传媒机构;电视台","typecode":"141101","pcode":310000,"pname":"上海市","citycode":21,"cityname":"上海市","adcode":310109,"adname":"虹口区","business_a":"提篮桥","location":"121.500617,31.252803","tel":"[]","bigType":"科教文化服务","midType":"传媒机构","smallType":"电视台","gcj_lng":121.500617,"gcj_lat":31.252803,"wgs84_loc":"121.496186,31.254814","wgs84Lng":"121.496186","wgs84Lat":"31.254814","__source_file__":"13-常用公服设施点/SHP/上海市_传媒机构.shp"},"geometry":{"type":"Point","coordinates":[121.496186,31.254814]}},{"id":"812","type":"Feature","properties":{"id":"B0I655AESR","name":"恒顿传媒","address":"西藏中路525号上海雅居乐国际广场寰图办公8层","type":"科教文化服务;传媒机构;传媒机构","typecode":"141100","pcode":310000,"pname":"上海市","citycode":21,"cityname":"上海市","adcode":310101,"adname":"黄浦区","business_a":"北京东路","location":"121.473109,31.235820","tel":"[]","bigType":"科教文化服务","midType":"传媒机构","smallType":"传媒机构","gcj_lng":121.473109,"gcj_lat":31.23582,"wgs84_loc":"121.468584,31.237758","wgs84Lng":"121.468584","wgs84Lat":"31.237758","__source_file__":"13-常用公服设施点/SHP/上海市_传媒机构.shp"},"geometry":{"type":"Point","coordinates":[121.468584,31.237758]}},{"id":"1255","type":"Feature","properties":{"id":"B00155G4UQ","name":"I-Level Media","address":"六合路98港陆黄浦中心5层B","type":"科教文化服务;传媒机构;传媒机构","typecode":"141100","pcode":310000,"pname":"上海市","citycode":21,"cityname":"上海市","adcode":310101,"adname":"黄浦区","business_a":"北京东路","location":"121.475061,31.236612","tel":"[]","bigType":"科教文化服务","midType":"传媒机构","smallType":"传媒机构","gcj_lng":121.475061,"gcj_lat":31.236612,"wgs84_loc":"121.470542,31.238555","wgs84Lng":"121.470542","wgs84Lat":"31.238555","__source_file__":"13-常用公服设施点/SHP/上海市_传媒机构.shp"},"geometry":{"type":"Point","coordinates":[121.470542,31.238555]}},{"id":"1103","type":"Feature","properties":{"id":"B0FFHSJI4D","name":"上海上兰文化传媒有限公司","address":"福建中路373-1号附近","type":"科教文化服务;传媒机构;传媒机构","typecode":"141100","pcode":310000,"pname":"上海市","citycode":21,"cityname":"上海市","adcode":310101,"adname":"黄浦区","business_a":"北京东路","location":"121.480179,31.238171","tel":"[]","bigType":"科教文化服务","midType":"传媒机构","smallType":"传媒机构","gcj_lng":121.480179,"gcj_lat":31.238171,"wgs84_loc":"121.475677,31.240128","wgs84Lng":"121.475677","wgs84Lat":"31.240128","__source_file__":"13-常用公服设施点/SHP/上海市_传媒机构.shp"},"geometry":{"type":"Point","coordinates":[121.475677,31.240128]}},{"id":"824","type":"Feature","properties":{"id":"B0G0SU1XH6","name":"上海臻广文化传媒有限公司","address":"北京东路668号科技京城西楼15H","type":"科教文化服务;传媒机构;传媒机构","typecode":"141100","pcode":310000,"pname":"上海市","citycode":21,"cityname":"上海市","adcode":310101,"adname":"黄浦区","business_a":"北京东路","location":"121.477262,31.238872","tel":"[]","bigType":"科教文化服务","midType":"传媒机构","smallType":"传媒机构","gcj_lng":121.477262,"gcj_lat":31.238872,"wgs84_loc":"121.47275,31.24082","wgs84Lng":"121.47275","wgs84Lat":"31.24082","__source_file__":"13-常用公服设施点/SHP/上海市_传媒机构.shp"},"geometry":{"type":"Point","coordinates":[121.47275,31.24082]}},{"id":"825","type":"Feature","properties":{"id":"B0HGBDQWKW","name":"上海久齐文化传媒有限公司","address":"新桥路68号新桥大厦o层1820","type":"科教文化服务;传媒机构;传媒机构","typecode":"141100","pcode":310000,"pname":"上海市","citycode":21,"cityname":"上海市","adcode":310101,"adname":"黄浦区","business_a":"北京东路","location":"121.466040,31.240043","tel":"13136155999","bigType":"科教文化服务","midType":"传媒机构","smallType":"传媒机构","gcj_lng":121.46604,"gcj_lat":31.240043,"wgs84_loc":"121.461492,31.241961","wgs84Lng":"121.461492","wgs84Lat":"31.241961","__source_file__":"13-常用公服设施点/SHP/上海市_传媒机构.shp"},"geometry":{"type":"Point","coordinates":[121.461492,31.241961]}},{"id":"898","type":"Feature","properties":{"id":"B0FFF000YY","name":"上海浦英特文化传播有限公司(河南北路)","address":"河南北路485号银历大厦602室","type":"科教文化服务;传媒机构;传媒机构","typecode":"141100","pcode":310000,"pname":"上海市","citycode":21,"cityname":"上海市","adcode":310106,"adname":"静安区","business_a":"七浦路","location":"121.479358,31.249668","tel":"[]","bigType":"科教文化服务","midType":"传媒机构","smallType":"传媒机构","gcj_lng":121.479358,"gcj_lat":31.249668,"wgs84_loc":"121.474852,31.251617","wgs84Lng":"121.474852","wgs84Lat":"31.251617","__source_file__":"13-常用公服设施点/SHP/上海市_传媒机构.shp"},"geometry":{"type":"Point","coordinates":[121.474852,31.251617]}},{"id":"175","type":"Feature","properties":{"id":"B00155G4XX","name":"上海校办产业报编辑部","address":"宝山路251","type":"科教文化服务;传媒机构;报社","typecode":"141103","pcode":310000,"pname":"上海市","citycode":21,"cityname":"上海市","adcode":310106,"adname":"静安区","business_a":"宝山路","location":"121.476854,31.254012","tel":"[]","bigType":"科教文化服务","midType":"传媒机构","smallType":"报社","gcj_lng":121.476854,"gcj_lat":31.254012,"wgs84_loc":"121.472339,31.255952","wgs84Lng":"121.472339","wgs84Lat":"31.255952","__source_file__":"13-常用公服设施点/SHP/上海市_传媒机构.shp"},"geometry":{"type":"Point","coordinates":[121.472339,31.255952]}},{"id":"886","type":"Feature","properties":{"id":"B0IBTD4G4F","name":"上海承建文化传播有限公司","address":"永兴路100号","type":"科教文化服务;传媒机构;传媒机构","typecode":"141100","pcode":310000,"pname":"上海市","citycode":21,"cityname":"上海市","adcode":310106,"adname":"静安区","business_a":"宝山路","location":"121.474890,31.254264","tel":"[]","bigType":"科教文化服务","midType":"传媒机构","smallType":"传媒机构","gcj_lng":121.47489,"gcj_lat":31.254264,"wgs84_loc":"121.470369,31.256199","wgs84Lng":"121.470369","wgs84Lat":"31.256199","__source_file__":"13-常用公服设施点/SHP/上海市_传媒机构.shp"},"geometry":{"type":"Point","coordinates":[121.470369,31.256199]}},{"id":"1192","type":"Feature","properties":{"id":"B0FFHTZQ74","name":"上海优计发行站","address":"宝通路247号附近","type":"科教文化服务;传媒机构;出版社","typecode":"141105","pcode":310000,"pname":"上海市","citycode":21,"cityname":"上海市","adcode":310106,"adname":"静安区","business_a":"宝山路","location":"121.477933,31.256694","tel":"[]","bigType":"科教文化服务","midType":"传媒机构","smallType":"出版社","gcj_lng":121.477933,"gcj_lat":31.256694,"wgs84_loc":"121.473422,31.258636","wgs84Lng":"121.473422","wgs84Lat":"31.258636","__source_file__":"13-常用公服设施点/SHP/上海市_传媒机构.shp"},"geometry":{"type":"Point","coordinates":[121.473422,31.258636]}},{"id":"55","type":"Feature","properties":{"id":"B00155F160","name":"上海统计发行站","address":"宝通路247号","type":"科教文化服务;传媒机构;报社","typecode":"141103","pcode":310000,"pname":"上海市","citycode":21,"cityname":"上海市","adcode":310106,"adname":"静安区","business_a":"宝山路","location":"121.477898,31.256700","tel":"[]","bigType":"科教文化服务","midType":"传媒机构","smallType":"报社","gcj_lng":121.477898,"gcj_lat":31.2567,"wgs84_loc":"121.473387,31.258642","wgs84Lng":"121.473387","wgs84Lat":"31.258642","__source_file__":"13-常用公服设施点/SHP/上海市_传媒机构.shp"},"geometry":{"type":"Point","coordinates":[121.473387,31.258642]}},{"id":"224","type":"Feature","properties":{"id":"B0FFLOFIED","name":"牛津大学出版社","address":"四川北路街道四川北路1350号利通广场1201-1202牛津大学出版社","type":"科教文化服务;传媒机构;出版社","typecode":"141105","pcode":310000,"pname":"上海市","citycode":21,"cityname":"上海市","adcode":310109,"adname":"虹口区","business_a":"宝山路","location":"121.484953,31.252922","tel":"[]","bigType":"科教文化服务","midType":"传媒机构","smallType":"出版社","gcj_lng":121.484953,"gcj_lat":31.252922,"wgs84_loc":"121.480466,31.254886","wgs84Lng":"121.480466","wgs84Lat":"31.254886","__source_file__":"13-常用公服设施点/SHP/上海市_传媒机构.shp"},"geometry":{"type":"Point","coordinates":[121.480466,31.254886]}},{"id":"190","type":"Feature","properties":{"id":"B0I6AR5DU6","name":"优界传媒","address":"吴淞路575号虹口SOHO大厦2层","type":"科教文化服务;传媒机构;传媒机构","typecode":"141100","pcode":310000,"pname":"上海市","citycode":21,"cityname":"上海市","adcode":310109,"adname":"虹口区","business_a":"[]","location":"121.486508,31.253239","tel":"[]","bigType":"科教文化服务","midType":"传媒机构","smallType":"传媒机构","gcj_lng":121.486508,"gcj_lat":31.253239,"wgs84_loc":"121.482027,31.255207","wgs84Lng":"121.482027","wgs84Lat":"31.255207","__source_file__":"13-常用公服设施点/SHP/上海市_传媒机构.shp"},"geometry":{"type":"Point","coordinates":[121.482027,31.255207]}},{"id":"213","type":"Feature","properties":{"id":"B001574PGQ","name":"新华社图片采集中心","address":"虬江支路181号虹口商城2108室","type":"科教文化服务;传媒机构;传媒机构","typecode":"141100","pcode":310000,"pname":"上海市","citycode":21,"cityname":"上海市","adcode":310109,"adname":"虹口区","business_a":"宝山路","location":"121.483087,31.253993","tel":"021-56315305","bigType":"科教文化服务","midType":"传媒机构","smallType":"传媒机构","gcj_lng":121.483087,"gcj_lat":31.253993,"wgs84_loc":"121.478594,31.255951","wgs84Lng":"121.478594","wgs84Lat":"31.255951","__source_file__":"13-常用公服设施点/SHP/上海市_传媒机构.shp"},"geometry":{"type":"Point","coordinates":[121.478594,31.255951]}},{"id":"1217","type":"Feature","properties":{"id":"B0GK9MNJQE","name":"上海声像出版社","address":"嘉兴路街道辽宁路46号","type":"科教文化服务;传媒机构;出版社","typecode":"141105","pcode":310000,"pname":"上海市","citycode":21,"cityname":"上海市","adcode":310109,"adname":"虹口区","business_a":"四平路","location":"121.491810,31.256607","tel":"[]","bigType":"科教文化服务","midType":"传媒机构","smallType":"出版社","gcj_lng":121.49181,"gcj_lat":31.256607,"wgs84_loc":"121.487347,31.25859","wgs84Lng":"121.487347","wgs84Lat":"31.25859","__source_file__":"13-常用公服设施点/SHP/上海市_传媒机构.shp"},"geometry":{"type":"Point","coordinates":[121.487347,31.25859]}},{"id":"197","type":"Feature","properties":{"id":"B0FFF0EZF6","name":"上海懿斐文化传媒有限公司","address":"四川北路1688号福德大厦南楼909室","type":"科教文化服务;传媒机构;传媒机构","typecode":"141100","pcode":310000,"pname":"上海市","citycode":21,"cityname":"上海市","adcode":310109,"adname":"虹口区","business_a":"宝山路","location":"121.483261,31.258028","tel":"[]","bigType":"科教文化服务","midType":"传媒机构","smallType":"传媒机构","gcj_lng":121.483261,"gcj_lat":31.258028,"wgs84_loc":"121.478768,31.259985","wgs84Lng":"121.478768","wgs84Lat":"31.259985","__source_file__":"13-常用公服设施点/SHP/上海市_传媒机构.shp"},"geometry":{"type":"Point","coordinates":[121.478768,31.259985]}},{"id":"1238","type":"Feature","properties":{"id":"B0FFGQIA2A","name":"上海绘真文化传播有限公司","address":"四川北路1727弄11号","type":"科教文化服务;传媒机构;传媒机构","typecode":"141100","pcode":310000,"pname":"上海市","citycode":21,"cityname":"上海市","adcode":310109,"adname":"虹口区","business_a":"宝山路","location":"121.481015,31.259520","tel":"15800728416","bigType":"科教文化服务","midType":"传媒机构","smallType":"传媒机构","gcj_lng":121.481015,"gcj_lat":31.25952,"wgs84_loc":"121.476514,31.26147","wgs84Lng":"121.476514","wgs84Lat":"31.26147","__source_file__":"13-常用公服设施点/SHP/上海市_传媒机构.shp"},"geometry":{"type":"Point","coordinates":[121.476514,31.26147]}},{"id":"1224","type":"Feature","properties":{"id":"B00155GDJ4","name":"上海金谷影视制作有限公司","address":"四川北路1851号荣欣大厦904-905室","type":"科教文化服务;传媒机构;传媒机构","typecode":"141100","pcode":310000,"pname":"上海市","citycode":21,"cityname":"上海市","adcode":310109,"adname":"虹口区","business_a":"宝山路","location":"121.483496,31.261535","tel":"[]","bigType":"科教文化服务","midType":"传媒机构","smallType":"传媒机构","gcj_lng":121.483496,"gcj_lat":31.261535,"wgs84_loc":"121.479003,31.263491","wgs84Lng":"121.479003","wgs84Lat":"31.263491","__source_file__":"13-常用公服设施点/SHP/上海市_传媒机构.shp"},"geometry":{"type":"Point","coordinates":[121.479003,31.263491]}},{"id":"1249","type":"Feature","properties":{"id":"B00155MRXQ","name":"上海像素文化传播有限公司","address":"四川北路1851号荣欣大厦","type":"科教文化服务;传媒机构;传媒机构|公司企业;公司;公司","typecode":"141100|170200","pcode":310000,"pname":"上海市","citycode":21,"cityname":"上海市","adcode":310109,"adname":"虹口区","business_a":"宝山路","location":"121.483497,31.261535","tel":"[]","bigType":"科教文化服务","midType":"传媒机构","smallType":"传媒机构|公司企业","gcj_lng":121.483497,"gcj_lat":31.261535,"wgs84_loc":"121.479004,31.263491","wgs84Lng":"121.479004","wgs84Lat":"31.263491","__source_file__":"13-常用公服设施点/SHP/上海市_传媒机构.shp"},"geometry":{"type":"Point","coordinates":[121.479004,31.263491]}},{"id":"192","type":"Feature","properties":{"id":"B0GKUUIQ2M","name":"上海楚城文化传媒有限公司","address":"宝安路与物华路交叉口西北约20米","type":"科教文化服务;传媒机构;传媒机构","typecode":"141100","pcode":310000,"pname":"上海市","citycode":21,"cityname":"上海市","adcode":310109,"adname":"虹口区","business_a":"[]","location":"121.487946,31.262814","tel":"[]","bigType":"科教文化服务","midType":"传媒机构","smallType":"传媒机构","gcj_lng":121.487946,"gcj_lat":31.262814,"wgs84_loc":"121.483469,31.264782","wgs84Lng":"121.483469","wgs84Lat":"31.264782","__source_file__":"13-常用公服设施点/SHP/上海市_传媒机构.shp"},"geometry":{"type":"Point","coordinates":[121.483469,31.264782]}},{"id":"207","type":"Feature","properties":{"id":"B00155MRUB","name":"上海百谷王文化传播有限公司","address":"四川北路2115号方舟大厦19层B","type":"科教文化服务;传媒机构;传媒机构","typecode":"141100","pcode":310000,"pname":"上海市","citycode":21,"cityname":"上海市","adcode":310109,"adname":"虹口区","business_a":"宝山路","location":"121.481601,31.265040","tel":"021-66780602","bigType":"科教文化服务","midType":"传媒机构","smallType":"传媒机构","gcj_lng":121.481601,"gcj_lat":31.26504,"wgs84_loc":"121.477101,31.266989","wgs84Lng":"121.477101","wgs84Lat":"31.266989","__source_file__":"13-常用公服设施点/SHP/上海市_传媒机构.shp"},"geometry":{"type":"Point","coordinates":[121.477101,31.266989]}},{"id":"203","type":"Feature","properties":{"id":"B0GK75ZBZJ","name":"上海亦兴文化传播有限公司","address":"中兴路与华昌路交叉口西南约20米","type":"科教文化服务;传媒机构;传媒机构","typecode":"141100","pcode":310000,"pname":"上海市","citycode":21,"cityname":"上海市","adcode":310109,"adname":"虹口区","business_a":"和田","location":"121.478466,31.261329","tel":"[]","bigType":"科教文化服务","midType":"传媒机构","smallType":"传媒机构","gcj_lng":121.478466,"gcj_lat":31.261329,"wgs84_loc":"121.473956,31.263271","wgs84Lng":"121.473956","wgs84Lat":"31.263271","__source_file__":"13-常用公服设施点/SHP/上海市_传媒机构.shp"},"geometry":{"type":"Point","coordinates":[121.473956,31.263271]}},{"id":"208","type":"Feature","properties":{"id":"B0GKRZ9R27","name":"上海泓皇文化发展有限公司","address":"横浜路海伦国际北侧约40米","type":"科教文化服务;传媒机构;传媒机构","typecode":"141100","pcode":310000,"pname":"上海市","citycode":21,"cityname":"上海市","adcode":310109,"adname":"虹口区","business_a":"宝山路","location":"121.479096,31.263385","tel":"[]","bigType":"科教文化服务","midType":"传媒机构","smallType":"传媒机构","gcj_lng":121.479096,"gcj_lat":31.263385,"wgs84_loc":"121.474588,31.265328","wgs84Lng":"121.474588","wgs84Lat":"31.265328","__source_file__":"13-常用公服设施点/SHP/上海市_传媒机构.shp"},"geometry":{"type":"Point","coordinates":[121.474588,31.265328]}},{"id":"1318","type":"Feature","properties":{"id":"B0IAJAUODL","name":"上海海藻文化传媒有限公司","address":"宝昌路737号","type":"科教文化服务;传媒机构;传媒机构","typecode":"141100","pcode":310000,"pname":"上海市","citycode":21,"cityname":"上海市","adcode":310106,"adname":"静安区","business_a":"宝山路","location":"121.471138,31.263528","tel":"[]","bigType":"科教文化服务","midType":"传媒机构","smallType":"传媒机构","gcj_lng":121.471138,"gcj_lat":31.263528,"wgs84_loc":"121.466604,31.265449","wgs84Lng":"121.466604","wgs84Lat":"31.265449","__source_file__":"13-常用公服设施点/SHP/上海市_传媒机构.shp"},"geometry":{"type":"Point","coordinates":[121.466604,31.265449]}},{"id":"210","type":"Feature","properties":{"id":"B00155GF20","name":"上海蓝色畅想图书发行有限公司","address":"宝山路848号","type":"科教文化服务;传媒机构;出版社","typecode":"141105","pcode":310000,"pname":"上海市","citycode":21,"cityname":"上海市","adcode":310109,"adname":"虹口区","business_a":"宝山路","location":"121.479452,31.263933","tel":"[]","bigType":"科教文化服务","midType":"传媒机构","smallType":"出版社","gcj_lng":121.479452,"gcj_lat":31.263933,"wgs84_loc":"121.474945,31.265876","wgs84Lng":"121.474945","wgs84Lat":"31.265876","__source_file__":"13-常用公服设施点/SHP/上海市_传媒机构.shp"},"geometry":{"type":"Point","coordinates":[121.474945,31.265876]}},{"id":"15","type":"Feature","properties":{"id":"B00154G9A7","name":"高等教育出版社","address":"宝山路848号(东宝兴路地铁站1号口步行410米)","type":"科教文化服务;传媒机构;出版社","typecode":"141105","pcode":310000,"pname":"上海市","citycode":21,"cityname":"上海市","adcode":310109,"adname":"虹口区","business_a":"宝山路","location":"121.479474,31.264205","tel":"021-56668419","bigType":"科教文化服务","midType":"传媒机构","smallType":"出版社","gcj_lng":121.479474,"gcj_lat":31.264205,"wgs84_loc":"121.474967,31.266148","wgs84Lng":"121.474967","wgs84Lat":"31.266148","__source_file__":"13-常用公服设施点/SHP/上海市_传媒机构.shp"},"geometry":{"type":"Point","coordinates":[121.474967,31.266148]}},{"id":"1120","type":"Feature","properties":{"id":"B0FFF004J1","name":"上海思贝逊广告传媒有限公司","address":"中山北路198号申航大厦25层2509-2512室","type":"科教文化服务;传媒机构;传媒机构","typecode":"141100","pcode":310000,"pname":"上海市","citycode":21,"cityname":"上海市","adcode":310106,"adname":"静安区","business_a":"和田","location":"121.470622,31.264535","tel":"[]","bigType":"科教文化服务","midType":"传媒机构","smallType":"传媒机构","gcj_lng":121.470622,"gcj_lat":31.264535,"wgs84_loc":"121.466086,31.266454","wgs84Lng":"121.466086","wgs84Lat":"31.266454","__source_file__":"13-常用公服设施点/SHP/上海市_传媒机构.shp"},"geometry":{"type":"Point","coordinates":[121.466086,31.266454]}},{"id":"633","type":"Feature","properties":{"id":"B001557POT","name":"上海人众书报刊发行有限公司","address":"中山北路198号申航大厦19层1909","type":"科教文化服务;传媒机构;出版社","typecode":"141105","pcode":310000,"pname":"上海市","citycode":21,"cityname":"上海市","adcode":310106,"adname":"静安区","business_a":"和田","location":"121.470622,31.264535","tel":"[]","bigType":"科教文化服务","midType":"传媒机构","smallType":"出版社","gcj_lng":121.470622,"gcj_lat":31.264535,"wgs84_loc":"121.466086,31.266454","wgs84Lng":"121.466086","wgs84Lat":"31.266454","__source_file__":"13-常用公服设施点/SHP/上海市_传媒机构.shp"},"geometry":{"type":"Point","coordinates":[121.466086,31.266454]}},{"id":"206","type":"Feature","properties":{"id":"B0FFFPPMHP","name":"上海思迈爵文化传播有限公司","address":"花园路84号华博科技大楼4楼","type":"科教文化服务;传媒机构;传媒机构","typecode":"141100","pcode":310000,"pname":"上海市","citycode":21,"cityname":"上海市","adcode":310109,"adname":"虹口区","business_a":"江湾","location":"121.476448,31.270330","tel":"13817300630","bigType":"科教文化服务","midType":"传媒机构","smallType":"传媒机构","gcj_lng":121.476448,"gcj_lat":31.27033,"wgs84_loc":"121.471931,31.272262","wgs84Lng":"121.471931","wgs84Lat":"31.272262","__source_file__":"13-常用公服设施点/SHP/上海市_传媒机构.shp"},"geometry":{"type":"Point","coordinates":[121.471931,31.272262]}},{"id":"221","type":"Feature","properties":{"id":"B0G0ZSY7I0","name":"尚联上海短视频直播基地","address":"柳营路135号7楼","type":"科教文化服务;传媒机构;传媒机构","typecode":"141100","pcode":310000,"pname":"上海市","citycode":21,"cityname":"上海市","adcode":310109,"adname":"虹口区","business_a":"凉城","location":"121.467983,31.270810","tel":"15900737959","bigType":"科教文化服务","midType":"传媒机构","smallType":"传媒机构","gcj_lng":121.467983,"gcj_lat":31.27081,"wgs84_loc":"121.463438,31.272719","wgs84Lng":"121.463438","wgs84Lat":"31.272719","__source_file__":"13-常用公服设施点/SHP/上海市_传媒机构.shp"},"geometry":{"type":"Point","coordinates":[121.463438,31.272719]}},{"id":"199","type":"Feature","properties":{"id":"B00157I0T3","name":"报盟(上海)文化传媒股份有限公司","address":"西江湾路388凯德龙之梦A座22层-1","type":"科教文化服务;传媒机构;传媒机构","typecode":"141100","pcode":310000,"pname":"上海市","citycode":21,"cityname":"上海市","adcode":310109,"adname":"虹口区","business_a":"江湾","location":"121.478311,31.270786","tel":"[]","bigType":"科教文化服务","midType":"传媒机构","smallType":"传媒机构","gcj_lng":121.478311,"gcj_lat":31.270786,"wgs84_loc":"121.4738,31.272723","wgs84Lng":"121.4738","wgs84Lat":"31.272723","__source_file__":"13-常用公服设施点/SHP/上海市_传媒机构.shp"},"geometry":{"type":"Point","coordinates":[121.4738,31.272723]}},{"id":"1232","type":"Feature","properties":{"id":"B00155I770","name":"上海千千文化传播有限公司","address":"江宁路1165圣天地商务楼1012室","type":"科教文化服务;传媒机构;传媒机构","typecode":"141100","pcode":310000,"pname":"上海市","citycode":21,"cityname":"上海市","adcode":310107,"adname":"普陀区","business_a":"曹家渡","location":"121.443440,31.243597","tel":"[]","bigType":"科教文化服务","midType":"传媒机构","smallType":"传媒机构","gcj_lng":121.44344,"gcj_lat":31.243597,"wgs84_loc":"121.438833,31.245464","wgs84Lng":"121.438833","wgs84Lat":"31.245464","__source_file__":"13-常用公服设施点/SHP/上海市_传媒机构.shp"},"geometry":{"type":"Point","coordinates":[121.438833,31.245464]}},{"id":"518","type":"Feature","properties":{"id":"B00155KKFR","name":"消费报社","address":"西康路1369澳门大厦A座","type":"科教文化服务;传媒机构;报社","typecode":"141103","pcode":310000,"pname":"上海市","citycode":21,"cityname":"上海市","adcode":310107,"adname":"普陀区","business_a":"曹家渡","location":"121.436261,31.243850","tel":"[]","bigType":"科教文化服务","midType":"传媒机构","smallType":"报社","gcj_lng":121.436261,"gcj_lat":31.24385,"wgs84_loc":"121.431639,31.245705","wgs84Lng":"121.431639","wgs84Lat":"31.245705","__source_file__":"13-常用公服设施点/SHP/上海市_传媒机构.shp"},"geometry":{"type":"Point","coordinates":[121.431639,31.245705]}},{"id":"503","type":"Feature","properties":{"id":"B0GKZH7X7G","name":"上海研开吉文化传媒有限公司","address":"秋溢路601号","type":"科教文化服务;传媒机构;传媒机构","typecode":"141100","pcode":310000,"pname":"上海市","citycode":21,"cityname":"上海市","adcode":310107,"adname":"普陀区","business_a":"曹家渡","location":"121.434727,31.244368","tel":"[]","bigType":"科教文化服务","midType":"传媒机构","smallType":"传媒机构","gcj_lng":121.434727,"gcj_lat":31.244368,"wgs84_loc":"121.430103,31.24622","wgs84Lng":"121.430103","wgs84Lat":"31.24622","__source_file__":"13-常用公服设施点/SHP/上海市_传媒机构.shp"},"geometry":{"type":"Point","coordinates":[121.430103,31.24622]}},{"id":"794","type":"Feature","properties":{"id":"B00155E4XW","name":"大之商财税企登服务中心","address":"澳门路356三维大厦21层","type":"科教文化服务;传媒机构;传媒机构","typecode":"141100","pcode":310000,"pname":"上海市","citycode":21,"cityname":"上海市","adcode":310107,"adname":"普陀区","business_a":"光新","location":"121.441500,31.247072","tel":"[]","bigType":"科教文化服务","midType":"传媒机构","smallType":"传媒机构","gcj_lng":121.4415,"gcj_lat":31.247072,"wgs84_loc":"121.436888,31.248934","wgs84Lng":"121.436888","wgs84Lat":"31.248934","__source_file__":"13-常用公服设施点/SHP/上海市_传媒机构.shp"},"geometry":{"type":"Point","coordinates":[121.436888,31.248934]}},{"id":"1485","type":"Feature","properties":{"id":"B0JRA5R8TY","name":"稷嘉传媒","address":"延安中路801号A座3009室","type":"科教文化服务;传媒机构;传媒机构","typecode":"141100","pcode":310000,"pname":"上海市","citycode":21,"cityname":"上海市","adcode":310106,"adname":"静安区","business_a":"大宁路","location":"121.444870,31.266852","tel":"[]","bigType":"科教文化服务","midType":"传媒机构","smallType":"传媒机构","gcj_lng":121.44487,"gcj_lat":31.266852,"wgs84_loc":"121.440264,31.268711","wgs84Lng":"121.440264","wgs84Lat":"31.268711","__source_file__":"13-常用公服设施点/SHP/上海市_传媒机构.shp"},"geometry":{"type":"Point","coordinates":[121.440264,31.268711]}},{"id":"371","type":"Feature","properties":{"id":"B0FFJFLQPK","name":"上海霞顾文化传媒有限公司","address":"秣陵路355号上海铁路大厦1604-1606室","type":"科教文化服务;传媒机构;传媒机构","typecode":"141100","pcode":310000,"pname":"上海市","citycode":21,"cityname":"上海市","adcode":310106,"adname":"静安区","business_a":"[]","location":"121.452537,31.249762","tel":"15618201948","bigType":"科教文化服务","midType":"传媒机构","smallType":"传媒机构","gcj_lng":121.452537,"gcj_lat":31.249762,"wgs84_loc":"121.44795,31.251644","wgs84Lng":"121.44795","wgs84Lat":"31.251644","__source_file__":"13-常用公服设施点/SHP/上海市_传媒机构.shp"},"geometry":{"type":"Point","coordinates":[121.44795,31.251644]}},{"id":"1117","type":"Feature","properties":{"id":"B0FFGBQ2L1","name":"上海天格文化传播有限公司","address":"洛川中路1158号上坊物业·名仕街创意园区B1西区501西侧","type":"科教文化服务;传媒机构;传媒机构","typecode":"141100","pcode":310000,"pname":"上海市","citycode":21,"cityname":"上海市","adcode":310106,"adname":"静安区","business_a":"大宁路","location":"121.449111,31.262454","tel":"021-56525853","bigType":"科教文化服务","midType":"传媒机构","smallType":"传媒机构","gcj_lng":121.449111,"gcj_lat":31.262454,"wgs84_loc":"121.444515,31.264323","wgs84Lng":"121.444515","wgs84Lat":"31.264323","__source_file__":"13-常用公服设施点/SHP/上海市_传媒机构.shp"},"geometry":{"type":"Point","coordinates":[121.444515,31.264323]}},{"id":"870","type":"Feature","properties":{"id":"B0FFGBLLJ6","name":"上海时伦文化传播有限公司","address":"洛川中路1158号上坊物业·名仕街创意园区B1西区203-205","type":"科教文化服务;传媒机构;传媒机构","typecode":"141100","pcode":310000,"pname":"上海市","citycode":21,"cityname":"上海市","adcode":310106,"adname":"静安区","business_a":"大宁路","location":"121.449111,31.262454","tel":"021-52381969","bigType":"科教文化服务","midType":"传媒机构","smallType":"传媒机构","gcj_lng":121.449111,"gcj_lat":31.262454,"wgs84_loc":"121.444515,31.264323","wgs84Lng":"121.444515","wgs84Lat":"31.264323","__source_file__":"13-常用公服设施点/SHP/上海市_传媒机构.shp"},"geometry":{"type":"Point","coordinates":[121.444515,31.264323]}},{"id":"1488","type":"Feature","properties":{"id":"B0JGH6OP4J","name":"雷望传媒","address":"洛川中路与普善路交叉口东120米","type":"科教文化服务;传媒机构;传媒机构","typecode":"141100","pcode":310000,"pname":"上海市","citycode":21,"cityname":"上海市","adcode":310106,"adname":"静安区","business_a":"和田","location":"121.452326,31.265358","tel":"[]","bigType":"科教文化服务","midType":"传媒机构","smallType":"传媒机构","gcj_lng":121.452326,"gcj_lat":31.265358,"wgs84_loc":"121.447737,31.267232","wgs84Lng":"121.447737","wgs84Lat":"31.267232","__source_file__":"13-常用公服设施点/SHP/上海市_传媒机构.shp"},"geometry":{"type":"Point","coordinates":[121.447737,31.267232]}},{"id":"50","type":"Feature","properties":{"id":"B0FFLFF6RJ","name":"上海东方传媒技术有限公司","address":"老沪太路203号广视大厦","type":"科教文化服务;传媒机构;传媒机构|公司企业;公司;公司","typecode":"141100|170200","pcode":310000,"pname":"上海市","citycode":21,"cityname":"上海市","adcode":310106,"adname":"静安区","business_a":"和田","location":"121.453338,31.268250","tel":"[]","bigType":"科教文化服务","midType":"传媒机构","smallType":"传媒机构|公司企业","gcj_lng":121.453338,"gcj_lat":31.26825,"wgs84_loc":"121.448752,31.270125","wgs84Lng":"121.448752","wgs84Lat":"31.270125","__source_file__":"13-常用公服设施点/SHP/上海市_传媒机构.shp"},"geometry":{"type":"Point","coordinates":[121.448752,31.270125]}},{"id":"913","type":"Feature","properties":{"id":"B0FFFLIMIO","name":"上海广播电视台技术运营中心","address":"老沪太路203甲","type":"科教文化服务;传媒机构;传媒机构","typecode":"141100","pcode":310000,"pname":"上海市","citycode":21,"cityname":"上海市","adcode":310106,"adname":"静安区","business_a":"大宁路","location":"121.453211,31.268304","tel":"[]","bigType":"科教文化服务","midType":"传媒机构","smallType":"传媒机构","gcj_lng":121.453211,"gcj_lat":31.268304,"wgs84_loc":"121.448624,31.270179","wgs84Lng":"121.448624","wgs84Lat":"31.270179","__source_file__":"13-常用公服设施点/SHP/上海市_传媒机构.shp"},"geometry":{"type":"Point","coordinates":[121.448624,31.270179]}},{"id":"49","type":"Feature","properties":{"id":"B0FFHOMBM3","name":"东方传媒技术","address":"广延路246号","type":"科教文化服务;传媒机构;传媒机构","typecode":"141100","pcode":310000,"pname":"上海市","citycode":21,"cityname":"上海市","adcode":310106,"adname":"静安区","business_a":"大宁路","location":"121.455658,31.275038","tel":"[]","bigType":"科教文化服务","midType":"传媒机构","smallType":"传媒机构","gcj_lng":121.455658,"gcj_lat":31.275038,"wgs84_loc":"121.451077,31.276916","wgs84Lng":"121.451077","wgs84Lat":"31.276916","__source_file__":"13-常用公服设施点/SHP/上海市_传媒机构.shp"},"geometry":{"type":"Point","coordinates":[121.451077,31.276916]}},{"id":"1148","type":"Feature","properties":{"id":"B00157I44X","name":"上海若伊文化传播有限公司","address":"大统路988北区商务大厦A座R401-402","type":"科教文化服务;传媒机构;传媒机构","typecode":"141100","pcode":310000,"pname":"上海市","citycode":21,"cityname":"上海市","adcode":310106,"adname":"静安区","business_a":"宝山路","location":"121.458830,31.255414","tel":"[]","bigType":"科教文化服务","midType":"传媒机构","smallType":"传媒机构","gcj_lng":121.45883,"gcj_lat":31.255414,"wgs84_loc":"121.45426,31.257307","wgs84Lng":"121.45426","wgs84Lat":"31.257307","__source_file__":"13-常用公服设施点/SHP/上海市_传媒机构.shp"},"geometry":{"type":"Point","coordinates":[121.45426,31.257307]}},{"id":"10","type":"Feature","properties":{"id":"B0015341AD","name":"上海科学普及出版社(中山北路)","address":"中山北路830-832(中山北路地铁站4号口步行310米)","type":"科教文化服务;传媒机构;出版社","typecode":"141105","pcode":310000,"pname":"上海市","citycode":21,"cityname":"上海市","adcode":310106,"adname":"静安区","business_a":"和田","location":"121.457095,31.259396","tel":"021-56553579","bigType":"科教文化服务","midType":"传媒机构","smallType":"出版社","gcj_lng":121.457095,"gcj_lat":31.259396,"wgs84_loc":"121.452519,31.261283","wgs84Lng":"121.452519","wgs84Lat":"31.261283","__source_file__":"13-常用公服设施点/SHP/上海市_传媒机构.shp"},"geometry":{"type":"Point","coordinates":[121.452519,31.261283]}},{"id":"1207","type":"Feature","properties":{"id":"B0FFI0TQ59","name":"科普出版社","address":"中山北路832号208室","type":"科教文化服务;传媒机构;出版社","typecode":"141105","pcode":310000,"pname":"上海市","citycode":21,"cityname":"上海市","adcode":310106,"adname":"静安区","business_a":"和田","location":"121.456999,31.259466","tel":"[]","bigType":"科教文化服务","midType":"传媒机构","smallType":"出版社","gcj_lng":121.456999,"gcj_lat":31.259466,"wgs84_loc":"121.452423,31.261353","wgs84Lng":"121.452423","wgs84Lat":"31.261353","__source_file__":"13-常用公服设施点/SHP/上海市_传媒机构.shp"},"geometry":{"type":"Point","coordinates":[121.452423,31.261353]}},{"id":"890","type":"Feature","properties":{"id":"B0H2H1KD4R","name":"上海贝芮文化传播有限公司","address":"KYMS静安科技中心西藏北路525号2号楼402室","type":"科教文化服务;传媒机构;传媒机构","typecode":"141100","pcode":310000,"pname":"上海市","citycode":21,"cityname":"上海市","adcode":310106,"adname":"静安区","business_a":"和田","location":"121.458459,31.260195","tel":"[]","bigType":"科教文化服务","midType":"传媒机构","smallType":"传媒机构","gcj_lng":121.458459,"gcj_lat":31.260195,"wgs84_loc":"121.453887,31.262085","wgs84Lng":"121.453887","wgs84Lat":"31.262085","__source_file__":"13-常用公服设施点/SHP/上海市_传媒机构.shp"},"geometry":{"type":"Point","coordinates":[121.453887,31.262085]}},{"id":"1265","type":"Feature","properties":{"id":"B00155HYPD","name":"上海飞迈影视制作有限公司","address":"共和新路1301号蓝天绿地商务广场B5层502-504","type":"科教文化服务;传媒机构;传媒机构","typecode":"141100","pcode":310000,"pname":"上海市","citycode":21,"cityname":"上海市","adcode":310106,"adname":"静安区","business_a":"和田","location":"121.460320,31.263331","tel":"[]","bigType":"科教文化服务","midType":"传媒机构","smallType":"传媒机构","gcj_lng":121.46032,"gcj_lat":31.263331,"wgs84_loc":"121.455753,31.265224","wgs84Lng":"121.455753","wgs84Lat":"31.265224","__source_file__":"13-常用公服设施点/SHP/上海市_传媒机构.shp"},"geometry":{"type":"Point","coordinates":[121.455753,31.265224]}},{"id":"866","type":"Feature","properties":{"id":"B0FFFLJXDW","name":"上海卓豹文化传媒有限公司","address":"共和新路1500号2层","type":"科教文化服务;传媒机构;传媒机构","typecode":"141100","pcode":310000,"pname":"上海市","citycode":21,"cityname":"上海市","adcode":310106,"adname":"静安区","business_a":"大宁路","location":"121.457719,31.267441","tel":"[]","bigType":"科教文化服务","midType":"传媒机构","smallType":"传媒机构","gcj_lng":121.457719,"gcj_lat":31.267441,"wgs84_loc":"121.453144,31.269326","wgs84Lng":"121.453144","wgs84Lat":"31.269326","__source_file__":"13-常用公服设施点/SHP/上海市_传媒机构.shp"},"geometry":{"type":"Point","coordinates":[121.453144,31.269326]}},{"id":"54","type":"Feature","properties":{"id":"B00155EPFJ","name":"上海美狮文化传播有限公司","address":"洛川东路285号东方明珠涉外商务楼3层","type":"科教文化服务;传媒机构;传媒机构","typecode":"141100","pcode":310000,"pname":"上海市","citycode":21,"cityname":"上海市","adcode":310106,"adname":"静安区","business_a":"和田","location":"121.462436,31.270775","tel":"[]","bigType":"科教文化服务","midType":"传媒机构","smallType":"传媒机构","gcj_lng":121.462436,"gcj_lat":31.270775,"wgs84_loc":"121.457875,31.27267","wgs84Lng":"121.457875","wgs84Lat":"31.27267","__source_file__":"13-常用公服设施点/SHP/上海市_传媒机构.shp"},"geometry":{"type":"Point","coordinates":[121.457875,31.27267]}},{"id":"14","type":"Feature","properties":{"id":"B0FFG1O2CL","name":"上海大学延长校区出版社","address":"广延路140号","type":"科教文化服务;传媒机构;出版社","typecode":"141105","pcode":310000,"pname":"上海市","citycode":21,"cityname":"上海市","adcode":310106,"adname":"静安区","business_a":"大宁路","location":"121.457832,31.274652","tel":"[]","bigType":"科教文化服务","midType":"传媒机构","smallType":"出版社","gcj_lng":121.457832,"gcj_lat":31.274652,"wgs84_loc":"121.453257,31.276535","wgs84Lng":"121.453257","wgs84Lat":"31.276535","__source_file__":"13-常用公服设施点/SHP/上海市_传媒机构.shp"},"geometry":{"type":"Point","coordinates":[121.453257,31.276535]}},{"id":"205","type":"Feature","properties":{"id":"B0FFFPY7D1","name":"上海煜唐文化传播有限公司","address":"同心路723号德必运动Loft国际体育产业园3街区A座501","type":"科教文化服务;传媒机构;传媒机构","typecode":"141100","pcode":310000,"pname":"上海市","citycode":21,"cityname":"上海市","adcode":310109,"adname":"虹口区","business_a":"和田","location":"121.473141,31.270911","tel":"[]","bigType":"科教文化服务","midType":"传媒机构","smallType":"传媒机构","gcj_lng":121.473141,"gcj_lat":31.270911,"wgs84_loc":"121.468613,31.272834","wgs84Lng":"121.468613","wgs84Lat":"31.272834","__source_file__":"13-常用公服设施点/SHP/上海市_传媒机构.shp"},"geometry":{"type":"Point","coordinates":[121.468613,31.272834]}},{"id":"195","type":"Feature","properties":{"id":"B0G0KHSVPJ","name":"凤隐(上海)文化传媒有限公司","address":"柳营路125号明凯大厦1506室","type":"科教文化服务;传媒机构;传媒机构","typecode":"141100","pcode":310000,"pname":"上海市","citycode":21,"cityname":"上海市","adcode":310109,"adname":"虹口区","business_a":"凉城","location":"121.468222,31.271326","tel":"13817229937","bigType":"科教文化服务","midType":"传媒机构","smallType":"传媒机构","gcj_lng":121.468222,"gcj_lat":31.271326,"wgs84_loc":"121.463678,31.273236","wgs84Lng":"121.463678","wgs84Lat":"31.273236","__source_file__":"13-常用公服设施点/SHP/上海市_传媒机构.shp"},"geometry":{"type":"Point","coordinates":[121.463678,31.273236]}},{"id":"191","type":"Feature","properties":{"id":"B0H6ZUTKV2","name":"镜电传媒","address":"柳营路8号K座1楼","type":"科教文化服务;传媒机构;传媒机构","typecode":"141100","pcode":310000,"pname":"上海市","citycode":21,"cityname":"上海市","adcode":310109,"adname":"虹口区","business_a":"和田","location":"121.470335,31.271566","tel":"4006565888","bigType":"科教文化服务","midType":"传媒机构","smallType":"传媒机构","gcj_lng":121.470335,"gcj_lat":31.271566,"wgs84_loc":"121.465798,31.273481","wgs84Lng":"121.465798","wgs84Lat":"31.273481","__source_file__":"13-常用公服设施点/SHP/上海市_传媒机构.shp"},"geometry":{"type":"Point","coordinates":[121.465798,31.273481]}},{"id":"1490","type":"Feature","properties":{"id":"B00155DH04","name":"上海新文化传媒集团股份有限公司","address":"东江湾路444号(虹口足球场内)2区1层","type":"科教文化服务;传媒机构;传媒机构","typecode":"141100","pcode":310000,"pname":"上海市","citycode":21,"cityname":"上海市","adcode":310109,"adname":"虹口区","business_a":"曲阳","location":"121.480423,31.272110","tel":"[]","bigType":"科教文化服务","midType":"传媒机构","smallType":"传媒机构","gcj_lng":121.480423,"gcj_lat":31.27211,"wgs84_loc":"121.475919,31.274053","wgs84Lng":"121.475919","wgs84Lat":"31.274053","__source_file__":"13-常用公服设施点/SHP/上海市_传媒机构.shp"},"geometry":{"type":"Point","coordinates":[121.475919,31.274053]}},{"id":"217","type":"Feature","properties":{"id":"B0FFLQECGF","name":"上海科技报公告登报点","address":"同丰路718号604室","type":"科教文化服务;传媒机构;报社","typecode":"141103","pcode":310000,"pname":"上海市","citycode":21,"cityname":"上海市","adcode":310109,"adname":"虹口区","business_a":"凉城","location":"121.466318,31.272979","tel":"[]","bigType":"科教文化服务","midType":"传媒机构","smallType":"报社","gcj_lng":121.466318,"gcj_lat":31.272979,"wgs84_loc":"121.461768,31.274883","wgs84Lng":"121.461768","wgs84Lat":"31.274883","__source_file__":"13-常用公服设施点/SHP/上海市_传媒机构.shp"},"geometry":{"type":"Point","coordinates":[121.461768,31.274883]}},{"id":"216","type":"Feature","properties":{"id":"B0FFLAUF9G","name":"新民晚报","address":"同丰路718号604室","type":"科教文化服务;传媒机构;报社","typecode":"141103","pcode":310000,"pname":"上海市","citycode":21,"cityname":"上海市","adcode":310109,"adname":"虹口区","business_a":"凉城","location":"121.466245,31.273137","tel":"[]","bigType":"科教文化服务","midType":"传媒机构","smallType":"报社","gcj_lng":121.466245,"gcj_lat":31.273137,"wgs84_loc":"121.461695,31.275041","wgs84Lng":"121.461695","wgs84Lat":"31.275041","__source_file__":"13-常用公服设施点/SHP/上海市_传媒机构.shp"},"geometry":{"type":"Point","coordinates":[121.461695,31.275041]}},{"id":"214","type":"Feature","properties":{"id":"B0FFLA99GZ","name":"上海报业集团文汇报社","address":"同丰路718号铂金时代604室","type":"科教文化服务;传媒机构;报社","typecode":"141103","pcode":310000,"pname":"上海市","citycode":21,"cityname":"上海市","adcode":310109,"adname":"虹口区","business_a":"和田","location":"121.466120,31.273193","tel":"021-36333187","bigType":"科教文化服务","midType":"传媒机构","smallType":"报社","gcj_lng":121.46612,"gcj_lat":31.273193,"wgs84_loc":"121.461569,31.275096","wgs84Lng":"121.461569","wgs84Lat":"31.275096","__source_file__":"13-常用公服设施点/SHP/上海市_传媒机构.shp"},"geometry":{"type":"Point","coordinates":[121.461569,31.275096]}},{"id":"1213","type":"Feature","properties":{"id":"B0FFHC0VW4","name":"上海融赛体育文化传播有限公司","address":"广中路街道新同心路318号408室","type":"科教文化服务;传媒机构;传媒机构","typecode":"141100","pcode":310000,"pname":"上海市","citycode":21,"cityname":"上海市","adcode":310109,"adname":"虹口区","business_a":"和田","location":"121.468063,31.277078","tel":"[]","bigType":"科教文化服务","midType":"传媒机构","smallType":"传媒机构","gcj_lng":121.468063,"gcj_lat":31.277078,"wgs84_loc":"121.463518,31.278985","wgs84Lng":"121.463518","wgs84Lat":"31.278985","__source_file__":"13-常用公服设施点/SHP/上海市_传媒机构.shp"},"geometry":{"type":"Point","coordinates":[121.463518,31.278985]}}],"name":"上海市_传媒机构","crs":{"type":"name","properties":{"name":"urn:ogc:def:crs:OGC:1.3:CRS84"}}}