{"type":"FeatureCollection","features":[{"id":"1453","type":"Feature","properties":{"id":"B0FFGYOT1P","name":"上海瑞阁口腔门诊部","address":"延安中路1440号阿波罗大厦1层102","type":"医疗保健服务;专科医院;口腔医院","typecode":"090202","pcode":310000,"pname":"上海市","citycode":21,"cityname":"上海市","adcode":310106,"adname":"静安区","business_area":"湖南路","location":"121.447366,31.221546","tel":"021-32521519","bigType":"医疗保健服务","midType":"专科医院","smallType":"口腔医院","gcj_lng":121.447366,"gcj_lat":31.221546,"wgs84_loc":"121.442769,31.22343","wgs84Lng":121.442769,"wgs84Lat":31.22343,"__source_file__":"13-常用公服设施点/CSV/上海市_专科医院.csv"},"geometry":{"type":"Point","coordinates":[121.442769,31.22343]}},{"id":"2350","type":"Feature","properties":{"id":"B0G02A23VU","name":"维乐口腔-敏菲门诊(限时免费矫正检查)","address":"南京西路与常德路交叉口西40米","type":"医疗保健服务;专科医院;口腔医院","typecode":"090202","pcode":310000,"pname":"上海市","citycode":21,"cityname":"上海市","adcode":310106,"adname":"静安区","business_area":"曹家渡","location":"121.447601,31.224228","tel":"[]","bigType":"医疗保健服务","midType":"专科医院","smallType":"口腔医院","gcj_lng":121.447601,"gcj_lat":31.224228,"wgs84_loc":"121.443004,31.226111","wgs84Lng":121.443004,"wgs84Lat":31.226111,"__source_file__":"13-常用公服设施点/CSV/上海市_专科医院.csv"},"geometry":{"type":"Point","coordinates":[121.443004,31.226111]}},{"id":"1088","type":"Feature","properties":{"id":"B0FFL2KB35","name":"维乐口腔(南京西路门诊店)","address":"南京西路1576号5楼(静安寺地铁站6号口步行130米)","type":"医疗保健服务;专科医院;口腔医院","typecode":"090202","pcode":310000,"pname":"上海市","citycode":21,"cityname":"上海市","adcode":310106,"adname":"静安区","business_area":"曹家渡","location":"121.447703,31.224632","tel":"4008816680","bigType":"医疗保健服务","midType":"专科医院","smallType":"口腔医院","gcj_lng":121.447703,"gcj_lat":31.224632,"wgs84_loc":"121.443107,31.226515","wgs84Lng":121.443107,"wgs84Lat":31.226515,"__source_file__":"13-常用公服设施点/CSV/上海市_专科医院.csv"},"geometry":{"type":"Point","coordinates":[121.443107,31.226515]}},{"id":"2425","type":"Feature","properties":{"id":"B00156GXBN","name":"百汇齿科","address":"南京西路1376号上海商城2层204室","type":"医疗保健服务;专科医院;口腔医院","typecode":"090202","pcode":310000,"pname":"上海市","citycode":21,"cityname":"上海市","adcode":310106,"adname":"静安区","business_area":"淮海路","location":"121.451954,31.226735","tel":"[]","bigType":"医疗保健服务","midType":"专科医院","smallType":"口腔医院","gcj_lng":121.451954,"gcj_lat":31.226735,"wgs84_loc":"121.447368,31.228626","wgs84Lng":121.447368,"wgs84Lat":31.228626,"__source_file__":"13-常用公服设施点/CSV/上海市_专科医院.csv"},"geometry":{"type":"Point","coordinates":[121.447368,31.228626]}},{"id":"1090","type":"Feature","properties":{"id":"B001574FBW","name":"上海百年茂口腔门诊部","address":"南京西路1376号上海商城3层368室","type":"医疗保健服务;专科医院;口腔医院","typecode":"090202","pcode":310000,"pname":"上海市","citycode":21,"cityname":"上海市","adcode":310106,"adname":"静安区","business_area":"淮海路","location":"121.451876,31.226955","tel":"021-62898101","bigType":"医疗保健服务","midType":"专科医院","smallType":"口腔医院","gcj_lng":121.451876,"gcj_lat":31.226955,"wgs84_loc":"121.44729,31.228846","wgs84Lng":121.44729,"wgs84Lat":31.228846,"__source_file__":"13-常用公服设施点/CSV/上海市_专科医院.csv"},"geometry":{"type":"Point","coordinates":[121.44729,31.228846]}},{"id":"2679","type":"Feature","properties":{"id":"B0FFHUAGMS","name":"赛德阳光口腔","address":"南京西路1266号恒隆1号办公楼23层2307室","type":"医疗保健服务;专科医院;口腔医院","typecode":"090202","pcode":310000,"pname":"上海市","citycode":21,"cityname":"上海市","adcode":310106,"adname":"静安区","business_area":"淮海路","location":"121.454308,31.227948","tel":"021-52991318;4008007676;17301604955","bigType":"医疗保健服务","midType":"专科医院","smallType":"口腔医院","gcj_lng":121.454308,"gcj_lat":31.227948,"wgs84_loc":"121.449728,31.229843","wgs84Lng":121.449728,"wgs84Lat":31.229843,"__source_file__":"13-常用公服设施点/CSV/上海市_专科医院.csv"},"geometry":{"type":"Point","coordinates":[121.449728,31.229843]}},{"id":"2309","type":"Feature","properties":{"id":"B0FFFZMUAK","name":"恒正齿科美学正畸中心","address":"华山路2号静安高和大厦1703室","type":"医疗保健服务;专科医院;口腔医院","typecode":"090202","pcode":310000,"pname":"上海市","citycode":21,"cityname":"上海市","adcode":310106,"adname":"静安区","business_area":"曹家渡","location":"121.444237,31.223127","tel":"021-60957057","bigType":"医疗保健服务","midType":"专科医院","smallType":"口腔医院","gcj_lng":121.444237,"gcj_lat":31.223127,"wgs84_loc":"121.439633,31.225004","wgs84Lng":121.439633,"wgs84Lat":31.225004,"__source_file__":"13-常用公服设施点/CSV/上海市_专科医院.csv"},"geometry":{"type":"Point","coordinates":[121.439633,31.225004]}},{"id":"1200","type":"Feature","properties":{"id":"B0FFGCIFS0","name":"恒正口腔","address":"华山路2号静安高和大厦17层","type":"医疗保健服务;专科医院;口腔医院","typecode":"090202","pcode":310000,"pname":"上海市","citycode":21,"cityname":"上海市","adcode":310106,"adname":"静安区","business_area":"曹家渡","location":"121.444226,31.223140","tel":"021-60957057","bigType":"医疗保健服务","midType":"专科医院","smallType":"口腔医院","gcj_lng":121.444226,"gcj_lat":31.22314,"wgs84_loc":"121.439622,31.225017","wgs84Lng":121.439622,"wgs84Lat":31.225017,"__source_file__":"13-常用公服设施点/CSV/上海市_专科医院.csv"},"geometry":{"type":"Point","coordinates":[121.439622,31.225017]}},{"id":"3059","type":"Feature","properties":{"id":"B0FFGXNTA7","name":"上海爱丁妇科门诊部","address":"华山路2号高和大厦1003室","type":"医疗保健服务;专科医院;妇科医院","typecode":"090209","pcode":310000,"pname":"上海市","citycode":21,"cityname":"上海市","adcode":310106,"adname":"静安区","business_area":"曹家渡","location":"121.444161,31.223162","tel":"021-60825585","bigType":"医疗保健服务","midType":"专科医院","smallType":"妇科医院","gcj_lng":121.444161,"gcj_lat":31.223162,"wgs84_loc":"121.439557,31.225039","wgs84Lng":121.439557,"wgs84Lat":31.225039,"__source_file__":"13-常用公服设施点/CSV/上海市_专科医院.csv"},"geometry":{"type":"Point","coordinates":[121.439557,31.225039]}},{"id":"2654","type":"Feature","properties":{"id":"B0FFHLTEOL","name":"亿大口腔","address":"万航渡路83号金航大厦16层","type":"医疗保健服务;专科医院;口腔医院","typecode":"090202","pcode":310000,"pname":"上海市","citycode":21,"cityname":"上海市","adcode":310106,"adname":"静安区","business_area":"曹家渡","location":"121.443509,31.224510","tel":"021-32200089;13917441697","bigType":"医疗保健服务","midType":"专科医院","smallType":"口腔医院","gcj_lng":121.443509,"gcj_lat":31.22451,"wgs84_loc":"121.438903,31.226385","wgs84Lng":121.438903,"wgs84Lat":31.226385,"__source_file__":"13-常用公服设施点/CSV/上海市_专科医院.csv"},"geometry":{"type":"Point","coordinates":[121.438903,31.226385]}},{"id":"3349","type":"Feature","properties":{"id":"B0J24UQA25","name":"上海安合俪雅门诊部","address":"万航渡路179号","type":"医疗保健服务;专科医院;整形美容","typecode":"090201","pcode":310000,"pname":"上海市","citycode":21,"cityname":"上海市","adcode":310106,"adname":"静安区","business_area":"[]","location":"121.441384,31.225435","tel":"[]","bigType":"医疗保健服务","midType":"专科医院","smallType":"整形美容","gcj_lng":121.441384,"gcj_lat":31.225435,"wgs84_loc":"121.436774,31.227306","wgs84Lng":121.436774,"wgs84Lat":31.227306,"__source_file__":"13-常用公服设施点/CSV/上海市_专科医院.csv"},"geometry":{"type":"Point","coordinates":[121.436774,31.227306]}},{"id":"199","type":"Feature","properties":{"id":"B0FFFS59BH","name":"拜博口腔(静安寺店）","address":"愚园路68号晶品L5层L5-13","type":"医疗保健服务;专科医院;口腔医院","typecode":"090202","pcode":310000,"pname":"上海市","citycode":21,"cityname":"上海市","adcode":310106,"adname":"静安区","business_area":"曹家渡","location":"121.446810,31.225552","tel":"021-51098795;4000030101","bigType":"医疗保健服务","midType":"专科医院","smallType":"口腔医院","gcj_lng":121.44681,"gcj_lat":31.225552,"wgs84_loc":"121.442212,31.227433","wgs84Lng":121.442212,"wgs84Lat":31.227433,"__source_file__":"13-常用公服设施点/CSV/上海市_专科医院.csv"},"geometry":{"type":"Point","coordinates":[121.442212,31.227433]}},{"id":"1450","type":"Feature","properties":{"id":"B0H17D6Y8H","name":"上海曼朗医疗","address":"愚园路68号晶品中心写字楼18层","type":"医疗保健服务;专科医院;整形美容","typecode":"090201","pcode":310000,"pname":"上海市","citycode":21,"cityname":"上海市","adcode":310106,"adname":"静安区","business_area":"曹家渡","location":"121.446456,31.225647","tel":"[]","bigType":"医疗保健服务","midType":"专科医院","smallType":"整形美容","gcj_lng":121.446456,"gcj_lat":31.225647,"wgs84_loc":"121.441857,31.227527","wgs84Lng":121.441857,"wgs84Lat":31.227527,"__source_file__":"13-常用公服设施点/CSV/上海市_专科医院.csv"},"geometry":{"type":"Point","coordinates":[121.441857,31.227527]}},{"id":"1081","type":"Feature","properties":{"id":"B0H6FK1BTI","name":"上海泰康拜博静尔口腔门诊部","address":"愚园路68号晶品商场5-13号","type":"医疗保健服务;专科医院;口腔医院","typecode":"090202","pcode":310000,"pname":"上海市","citycode":21,"cityname":"上海市","adcode":310106,"adname":"静安区","business_area":"曹家渡","location":"121.446711,31.225692","tel":"[]","bigType":"医疗保健服务","midType":"专科医院","smallType":"口腔医院","gcj_lng":121.446711,"gcj_lat":31.225692,"wgs84_loc":"121.442112,31.227573","wgs84Lng":121.442112,"wgs84Lat":31.227573,"__source_file__":"13-常用公服设施点/CSV/上海市_专科医院.csv"},"geometry":{"type":"Point","coordinates":[121.442112,31.227573]}},{"id":"2630","type":"Feature","properties":{"id":"B00155QFFF","name":"上海厚诚厚盛口腔门诊部","address":"万航渡路255号(近新闸路)","type":"医疗保健服务;专科医院;口腔医院","typecode":"090202","pcode":310000,"pname":"上海市","citycode":21,"cityname":"上海市","adcode":310106,"adname":"静安区","business_area":"曹家渡","location":"121.439631,31.225748","tel":"021-62556200","bigType":"医疗保健服务","midType":"专科医院","smallType":"口腔医院","gcj_lng":121.439631,"gcj_lat":31.225748,"wgs84_loc":"121.435017,31.227616","wgs84Lng":121.435017,"wgs84Lat":31.227616,"__source_file__":"13-常用公服设施点/CSV/上海市_专科医院.csv"},"geometry":{"type":"Point","coordinates":[121.435017,31.227616]}},{"id":"196","type":"Feature","properties":{"id":"B0FFJY726U","name":"泰康拜博口腔（武定路店）","address":"武定路975号2层","type":"医疗保健服务;专科医院;口腔医院","typecode":"090202","pcode":310000,"pname":"上海市","citycode":21,"cityname":"上海市","adcode":310106,"adname":"静安区","business_area":"曹家渡","location":"121.443571,31.230174","tel":"[]","bigType":"医疗保健服务","midType":"专科医院","smallType":"口腔医院","gcj_lng":121.443571,"gcj_lat":31.230174,"wgs84_loc":"121.438965,31.232047","wgs84Lng":121.438965,"wgs84Lat":31.232047,"__source_file__":"13-常用公服设施点/CSV/上海市_专科医院.csv"},"geometry":{"type":"Point","coordinates":[121.438965,31.232047]}},{"id":"2191","type":"Feature","properties":{"id":"B0FFHBW08B","name":"爱丰口腔门诊部","address":"武定路969号附近","type":"医疗保健服务;专科医院;口腔医院","typecode":"090202","pcode":310000,"pname":"上海市","citycode":21,"cityname":"上海市","adcode":310106,"adname":"静安区","business_area":"曹家渡","location":"121.443803,31.230200","tel":"[]","bigType":"医疗保健服务","midType":"专科医院","smallType":"口腔医院","gcj_lng":121.443803,"gcj_lat":31.2302,"wgs84_loc":"121.439197,31.232073","wgs84Lng":121.439197,"wgs84Lat":31.232073,"__source_file__":"13-常用公服设施点/CSV/上海市_专科医院.csv"},"geometry":{"type":"Point","coordinates":[121.439197,31.232073]}},{"id":"157","type":"Feature","properties":{"id":"B00153074E","name":"上海市静安区老年医院","address":"康定路995号","type":"医疗保健服务;专科医院;专科医院","typecode":"090200","pcode":310000,"pname":"上海市","citycode":21,"cityname":"上海市","adcode":310106,"adname":"静安区","business_area":"曹家渡","location":"121.438089,31.230559","tel":"021-62722228;021-62319988","bigType":"医疗保健服务","midType":"专科医院","smallType":"专科医院","gcj_lng":121.438089,"gcj_lat":31.230559,"wgs84_loc":"121.433472,31.232423","wgs84Lng":121.433472,"wgs84Lat":31.232423,"__source_file__":"13-常用公服设施点/CSV/上海市_专科医院.csv"},"geometry":{"type":"Point","coordinates":[121.433472,31.232423]}},{"id":"2186","type":"Feature","properties":{"id":"B0FFG958AO","name":"静安区精神卫生中心心理咨询部","address":"胶州路422号","type":"医疗保健服务;专科医院;精神病医院","typecode":"090210","pcode":310000,"pname":"上海市","citycode":21,"cityname":"上海市","adcode":310106,"adname":"静安区","business_area":"曹家渡","location":"121.442286,31.231142","tel":"[]","bigType":"医疗保健服务","midType":"专科医院","smallType":"精神病医院","gcj_lng":121.442286,"gcj_lat":31.231142,"wgs84_loc":"121.437677,31.233012","wgs84Lng":121.437677,"wgs84Lat":31.233012,"__source_file__":"13-常用公服设施点/CSV/上海市_专科医院.csv"},"geometry":{"type":"Point","coordinates":[121.437677,31.233012]}},{"id":"3412","type":"Feature","properties":{"id":"B00155GE3S","name":"静安区疾病预防控制精神卫生分中心","address":"康定路834号(昌平路地铁站3号口步行400米)","type":"医疗保健服务;专科医院;精神病医院","typecode":"090210","pcode":310000,"pname":"上海市","citycode":21,"cityname":"上海市","adcode":310106,"adname":"静安区","business_area":"曹家渡","location":"121.441258,31.231422","tel":"021-62584019","bigType":"医疗保健服务","midType":"专科医院","smallType":"精神病医院","gcj_lng":121.441258,"gcj_lat":31.231422,"wgs84_loc":"121.436647,31.23329","wgs84Lng":121.436647,"wgs84Lat":31.23329,"__source_file__":"13-常用公服设施点/CSV/上海市_专科医院.csv"},"geometry":{"type":"Point","coordinates":[121.436647,31.23329]}},{"id":"149","type":"Feature","properties":{"id":"B00155GE3T","name":"上海市静安区精神卫生中心","address":"康定路834号","type":"医疗保健服务;专科医院;精神病医院","typecode":"090210","pcode":310000,"pname":"上海市","citycode":21,"cityname":"上海市","adcode":310106,"adname":"静安区","business_area":"曹家渡","location":"121.440996,31.231547","tel":"021-62584019","bigType":"医疗保健服务","midType":"专科医院","smallType":"精神病医院","gcj_lng":121.440996,"gcj_lat":31.231547,"wgs84_loc":"121.436384,31.233415","wgs84Lng":121.436384,"wgs84Lat":31.233415,"__source_file__":"13-常用公服设施点/CSV/上海市_专科医院.csv"},"geometry":{"type":"Point","coordinates":[121.436384,31.233415]}},{"id":"201","type":"Feature","properties":{"id":"B0FFJRS2UE","name":"静安区牙科防治所","address":"武宁南路428号附近","type":"医疗保健服务;专科医院;口腔医院","typecode":"090202","pcode":310000,"pname":"上海市","citycode":21,"cityname":"上海市","adcode":310106,"adname":"静安区","business_area":"曹家渡","location":"121.432745,31.232099","tel":"[]","bigType":"医疗保健服务","midType":"专科医院","smallType":"口腔医院","gcj_lng":121.432745,"gcj_lat":31.232099,"wgs84_loc":"121.428118,31.233954","wgs84Lng":121.428118,"wgs84Lat":31.233954,"__source_file__":"13-常用公服设施点/CSV/上海市_专科医院.csv"},"geometry":{"type":"Point","coordinates":[121.428118,31.233954]}},{"id":"156","type":"Feature","properties":{"id":"B0FFGJR0HZ","name":"上海康奥医疗美容医院","address":"西康路259号静安区中心医院2号楼2层","type":"医疗保健服务;专科医院;整形美容","typecode":"090201","pcode":310000,"pname":"上海市","citycode":21,"cityname":"上海市","adcode":310106,"adname":"静安区","business_area":"曹家渡","location":"121.449850,31.230960","tel":"[]","bigType":"医疗保健服务","midType":"专科医院","smallType":"整形美容","gcj_lng":121.44985,"gcj_lat":31.23096,"wgs84_loc":"121.445258,31.232845","wgs84Lng":121.445258,"wgs84Lat":31.232845,"__source_file__":"13-常用公服设施点/CSV/上海市_专科医院.csv"},"geometry":{"type":"Point","coordinates":[121.445258,31.232845]}},{"id":"2461","type":"Feature","properties":{"id":"B0HGD66SV6","name":"上海博宏口腔门诊部","address":"江宁路356弄5号静安紫苑内行政公馆6楼","type":"医疗保健服务;专科医院;口腔医院","typecode":"090202","pcode":310000,"pname":"上海市","citycode":21,"cityname":"上海市","adcode":310106,"adname":"静安区","business_area":"曹家渡","location":"121.453003,31.234107","tel":"021-62195877","bigType":"医疗保健服务","midType":"专科医院","smallType":"口腔医院","gcj_lng":121.453003,"gcj_lat":31.234107,"wgs84_loc":"121.448419,31.235997","wgs84Lng":121.448419,"wgs84Lat":31.235997,"__source_file__":"13-常用公服设施点/CSV/上海市_专科医院.csv"},"geometry":{"type":"Point","coordinates":[121.448419,31.235997]}},{"id":"654","type":"Feature","properties":{"id":"B0GUNHI38P","name":"上海新生植发","address":"江宁路396号3楼","type":"医疗保健服务;专科医院;整形美容","typecode":"090201","pcode":310000,"pname":"上海市","citycode":21,"cityname":"上海市","adcode":310106,"adname":"静安区","business_area":"曹家渡","location":"121.452954,31.234228","tel":"[]","bigType":"医疗保健服务","midType":"专科医院","smallType":"整形美容","gcj_lng":121.452954,"gcj_lat":31.234228,"wgs84_loc":"121.44837,31.236118","wgs84Lng":121.44837,"wgs84Lat":31.236118,"__source_file__":"13-常用公服设施点/CSV/上海市_专科医院.csv"},"geometry":{"type":"Point","coordinates":[121.44837,31.236118]}},{"id":"2598","type":"Feature","properties":{"id":"B0FFICUAOL","name":"得禄嘉口腔门诊","address":"江宁路356弄5号紫苑行政公馆楼12层","type":"医疗保健服务;专科医院;口腔医院","typecode":"090202","pcode":310000,"pname":"上海市","citycode":21,"cityname":"上海市","adcode":310106,"adname":"静安区","business_area":"曹家渡","location":"121.453211,31.234287","tel":"021-62712926","bigType":"医疗保健服务","midType":"专科医院","smallType":"口腔医院","gcj_lng":121.453211,"gcj_lat":31.234287,"wgs84_loc":"121.448627,31.236177","wgs84Lng":121.448627,"wgs84Lat":31.236177,"__source_file__":"13-常用公服设施点/CSV/上海市_专科医院.csv"},"geometry":{"type":"Point","coordinates":[121.448627,31.236177]}},{"id":"658","type":"Feature","properties":{"id":"B0G3KCNI8T","name":"韩啸医疗美容","address":"江宁路396号2层","type":"医疗保健服务;专科医院;整形美容","typecode":"090201","pcode":310000,"pname":"上海市","citycode":21,"cityname":"上海市","adcode":310106,"adname":"静安区","business_area":"曹家渡","location":"121.452945,31.234343","tel":"[]","bigType":"医疗保健服务","midType":"专科医院","smallType":"整形美容","gcj_lng":121.452945,"gcj_lat":31.234343,"wgs84_loc":"121.448361,31.236232","wgs84Lng":121.448361,"wgs84Lat":31.236232,"__source_file__":"13-常用公服设施点/CSV/上海市_专科医院.csv"},"geometry":{"type":"Point","coordinates":[121.448361,31.236232]}},{"id":"2158","type":"Feature","properties":{"id":"B0HAKYIQIX","name":"上海中佑肛肠医院-门诊","address":"陕西北路777号","type":"医疗保健服务;专科医院;专科医院","typecode":"090200","pcode":310000,"pname":"上海市","citycode":21,"cityname":"上海市","adcode":310106,"adname":"静安区","business_area":"曹家渡","location":"121.449759,31.234384","tel":"[]","bigType":"医疗保健服务","midType":"专科医院","smallType":"专科医院","gcj_lng":121.449759,"gcj_lat":31.234384,"wgs84_loc":"121.445167,31.236267","wgs84Lng":121.445167,"wgs84Lat":31.236267,"__source_file__":"13-常用公服设施点/CSV/上海市_专科医院.csv"},"geometry":{"type":"Point","coordinates":[121.445167,31.236267]}},{"id":"136","type":"Feature","properties":{"id":"B00155L1Y3","name":"上海中佑肛肠医院","address":"陕西北路777号","type":"医疗保健服务;专科医院;专科医院","typecode":"090200","pcode":310000,"pname":"上海市","citycode":21,"cityname":"上海市","adcode":310106,"adname":"静安区","business_area":"曹家渡","location":"121.449845,31.23439","tel":"021-65863999;021-52131616","bigType":"医疗保健服务","midType":"专科医院","smallType":"专科医院","gcj_lng":121.449845,"gcj_lat":31.23439,"wgs84_loc":"121.445253,31.236273","wgs84Lng":121.445253,"wgs84Lat":31.236273,"__source_file__":"13-常用公服设施点/CSV/上海市_专科医院.csv"},"geometry":{"type":"Point","coordinates":[121.445253,31.236273]}},{"id":"152","type":"Feature","properties":{"id":"B0FFHUM2RD","name":"专美医疗美容门诊部","address":"武定路355号501-502-503室","type":"医疗保健服务;专科医院;整形美容","typecode":"090201","pcode":310000,"pname":"上海市","citycode":21,"cityname":"上海市","adcode":310106,"adname":"静安区","business_area":"曹家渡","location":"121.453269,31.234425","tel":"[]","bigType":"医疗保健服务","midType":"专科医院","smallType":"整形美容","gcj_lng":121.453269,"gcj_lat":31.234425,"wgs84_loc":"121.448686,31.236315","wgs84Lng":121.448686,"wgs84Lat":31.236315,"__source_file__":"13-常用公服设施点/CSV/上海市_专科医院.csv"},"geometry":{"type":"Point","coordinates":[121.448686,31.236315]}},{"id":"3339","type":"Feature","properties":{"id":"B00156O1XO","name":"上海市第一人民医院眼科","address":"康定路380号","type":"医疗保健服务;专科医院;眼科医院|医疗保健服务;综合医院;综合医院","typecode":"090203|090100","pcode":310000,"pname":"上海市","citycode":21,"cityname":"上海市","adcode":310106,"adname":"静安区","business_area":"[]","location":"121.448658,31.234935","tel":"[]","bigType":"医疗保健服务","midType":"专科医院","smallType":"眼科医院|医疗保健服务","gcj_lng":121.448658,"gcj_lat":31.234935,"wgs84_loc":"121.444063,31.236815","wgs84Lng":121.444063,"wgs84Lat":31.236815,"__source_file__":"13-常用公服设施点/CSV/上海市_专科医院.csv"},"geometry":{"type":"Point","coordinates":[121.444063,31.236815]}},{"id":"137","type":"Feature","properties":{"id":"B0HUCYWE8E","name":"上海市眼科医院","address":"陕西北路与康定路交叉口西约80米","type":"医疗保健服务;专科医院;眼科医院","typecode":"090203","pcode":310000,"pname":"上海市","citycode":21,"cityname":"上海市","adcode":310106,"adname":"静安区","business_area":"曹家渡","location":"121.448853,31.235039","tel":"[]","bigType":"医疗保健服务","midType":"专科医院","smallType":"眼科医院","gcj_lng":121.448853,"gcj_lat":31.235039,"wgs84_loc":"121.444259,31.23692","wgs84Lng":121.444259,"wgs84Lat":31.23692,"__source_file__":"13-常用公服设施点/CSV/上海市_专科医院.csv"},"geometry":{"type":"Point","coordinates":[121.444259,31.23692]}},{"id":"168","type":"Feature","properties":{"id":"B0FFLGQT26","name":"上海市静安区牙病防治所","address":"武宁南路408","type":"医疗保健服务;专科医院;口腔医院","typecode":"090202","pcode":310000,"pname":"上海市","citycode":21,"cityname":"上海市","adcode":310106,"adname":"静安区","business_area":"曹家渡","location":"121.432710,31.232112","tel":"[]","bigType":"医疗保健服务","midType":"专科医院","smallType":"口腔医院","gcj_lng":121.43271,"gcj_lat":31.232112,"wgs84_loc":"121.428083,31.233967","wgs84Lng":121.428083,"wgs84Lat":31.233967,"__source_file__":"13-常用公服设施点/CSV/上海市_专科医院.csv"},"geometry":{"type":"Point","coordinates":[121.428083,31.233967]}},{"id":"204","type":"Feature","properties":{"id":"B0FFGFUZBC","name":"静安区牙病防治所武宁门诊部","address":"武宁南路408号3层","type":"医疗保健服务;专科医院;口腔医院","typecode":"090202","pcode":310000,"pname":"上海市","citycode":21,"cityname":"上海市","adcode":310106,"adname":"静安区","business_area":"曹家渡","location":"121.432546,31.232171","tel":"021-62537172","bigType":"医疗保健服务","midType":"专科医院","smallType":"口腔医院","gcj_lng":121.432546,"gcj_lat":31.232171,"wgs84_loc":"121.427919,31.234026","wgs84Lng":121.427919,"wgs84Lat":31.234026,"__source_file__":"13-常用公服设施点/CSV/上海市_专科医院.csv"},"geometry":{"type":"Point","coordinates":[121.427919,31.234026]}},{"id":"177","type":"Feature","properties":{"id":"B0FFHJ66CI","name":"上海胆结石康复医院","address":"武宁南路438号申达大厦1-3层","type":"医疗保健服务;专科医院;专科医院","typecode":"090200","pcode":310000,"pname":"上海市","citycode":21,"cityname":"上海市","adcode":310106,"adname":"静安区","business_area":"曹家渡","location":"121.432117,31.232608","tel":"13296055277","bigType":"医疗保健服务","midType":"专科医院","smallType":"专科医院","gcj_lng":121.432117,"gcj_lat":31.232608,"wgs84_loc":"121.427489,31.234462","wgs84Lng":121.427489,"wgs84Lat":31.234462,"__source_file__":"13-常用公服设施点/CSV/上海市_专科医院.csv"},"geometry":{"type":"Point","coordinates":[121.427489,31.234462]}},{"id":"1085","type":"Feature","properties":{"id":"B0IGMS585C","name":"上海思迈尔口腔门诊部(装修中)","address":"泰州路407号(武宁路地铁站5A口步行330米)","type":"医疗保健服务;专科医院;口腔医院","typecode":"090202","pcode":310000,"pname":"上海市","citycode":21,"cityname":"上海市","adcode":310106,"adname":"静安区","business_area":"曹家渡","location":"121.433923,31.233397","tel":"021-62130898;021-62138807","bigType":"医疗保健服务","midType":"专科医院","smallType":"口腔医院","gcj_lng":121.433923,"gcj_lat":31.233397,"wgs84_loc":"121.429298,31.235253","wgs84Lng":121.429298,"wgs84Lat":31.235253,"__source_file__":"13-常用公服设施点/CSV/上海市_专科医院.csv"},"geometry":{"type":"Point","coordinates":[121.429298,31.235253]}},{"id":"1092","type":"Feature","properties":{"id":"B00155F7HX","name":"杨岚私立口腔诊所","address":"余姚路456号新都城公寓203室","type":"医疗保健服务;专科医院;口腔医院","typecode":"090202","pcode":310000,"pname":"上海市","citycode":21,"cityname":"上海市","adcode":310106,"adname":"静安区","business_area":"曹家渡","location":"121.434699,31.233951","tel":"021-62320028","bigType":"医疗保健服务","midType":"专科医院","smallType":"口腔医院","gcj_lng":121.434699,"gcj_lat":31.233951,"wgs84_loc":"121.430075,31.235808","wgs84Lng":121.430075,"wgs84Lat":31.235808,"__source_file__":"13-常用公服设施点/CSV/上海市_专科医院.csv"},"geometry":{"type":"Point","coordinates":[121.430075,31.235808]}},{"id":"2464","type":"Feature","properties":{"id":"B0FFKS9ZN5","name":"上海嘉福口腔门诊部","address":"长寿路大众河滨大厦","type":"医疗保健服务;专科医院;口腔医院","typecode":"090202","pcode":310000,"pname":"上海市","citycode":21,"cityname":"上海市","adcode":310107,"adname":"普陀区","business_area":"曹家渡","location":"121.430173,31.234735","tel":"021-62117113","bigType":"医疗保健服务","midType":"专科医院","smallType":"口腔医院","gcj_lng":121.430173,"gcj_lat":31.234735,"wgs84_loc":"121.425542,31.236585","wgs84Lng":121.425542,"wgs84Lat":31.236585,"__source_file__":"13-常用公服设施点/CSV/上海市_专科医院.csv"},"geometry":{"type":"Point","coordinates":[121.425542,31.236585]}},{"id":"2887","type":"Feature","properties":{"id":"B00152AA6F","name":"沪静口腔","address":"安远路765号(近长寿路)","type":"医疗保健服务;专科医院;口腔医院","typecode":"090202","pcode":310000,"pname":"上海市","citycode":21,"cityname":"上海市","adcode":310106,"adname":"静安区","business_area":"曹家渡","location":"121.434346,31.235009","tel":"021-62302196","bigType":"医疗保健服务","midType":"专科医院","smallType":"口腔医院","gcj_lng":121.434346,"gcj_lat":31.235009,"wgs84_loc":"121.429722,31.236865","wgs84Lng":121.429722,"wgs84Lat":31.236865,"__source_file__":"13-常用公服设施点/CSV/上海市_专科医院.csv"},"geometry":{"type":"Point","coordinates":[121.429722,31.236865]}},{"id":"3250","type":"Feature","properties":{"id":"B0FFMHPQRX","name":"健丽医疗美容(上海分院)","address":"长寿路868号中港汇大厦3楼","type":"医疗保健服务;专科医院;整形美容","typecode":"090201","pcode":310000,"pname":"上海市","citycode":21,"cityname":"上海市","adcode":310107,"adname":"普陀区","business_area":"曹家渡","location":"121.430484,31.235472","tel":"4000600088","bigType":"医疗保健服务","midType":"专科医院","smallType":"整形美容","gcj_lng":121.430484,"gcj_lat":31.235472,"wgs84_loc":"121.425854,31.237322","wgs84Lng":121.425854,"wgs84Lat":31.237322,"__source_file__":"13-常用公服设施点/CSV/上海市_专科医院.csv"},"geometry":{"type":"Point","coordinates":[121.425854,31.237322]}},{"id":"3456","type":"Feature","properties":{"id":"B0JADPEFE7","name":"健丽·去眼袋医疗美容机构(长寿路店)","address":"长寿路868号中港汇大厦三楼","type":"医疗保健服务;专科医院;整形美容","typecode":"090201","pcode":310000,"pname":"上海市","citycode":21,"cityname":"上海市","adcode":310107,"adname":"普陀区","business_area":"长寿路","location":"121.430500,31.235598","tel":"18924040098","bigType":"医疗保健服务","midType":"专科医院","smallType":"整形美容","gcj_lng":121.4305,"gcj_lat":31.235598,"wgs84_loc":"121.42587,31.237448","wgs84Lng":121.42587,"wgs84Lat":31.237448,"__source_file__":"13-常用公服设施点/CSV/上海市_专科医院.csv"},"geometry":{"type":"Point","coordinates":[121.42587,31.237448]}},{"id":"850","type":"Feature","properties":{"id":"B0FFGXGNXQ","name":"上海市眼病防治中心康定路院区门诊","address":"陕西北路805号3号楼","type":"医疗保健服务;专科医院;眼科医院","typecode":"090203","pcode":310000,"pname":"上海市","citycode":21,"cityname":"上海市","adcode":310106,"adname":"静安区","business_area":"曹家渡","location":"121.448786,31.235045","tel":"[]","bigType":"医疗保健服务","midType":"专科医院","smallType":"眼科医院","gcj_lng":121.448786,"gcj_lat":31.235045,"wgs84_loc":"121.444191,31.236926","wgs84Lng":121.444191,"wgs84Lat":31.236926,"__source_file__":"13-常用公服设施点/CSV/上海市_专科医院.csv"},"geometry":{"type":"Point","coordinates":[121.444191,31.236926]}},{"id":"1452","type":"Feature","properties":{"id":"B0FFGZW8F3","name":"上海市眼科医院2号楼","address":"陕西北路805号附近","type":"医疗保健服务;专科医院;眼科医院","typecode":"090203","pcode":310000,"pname":"上海市","citycode":21,"cityname":"上海市","adcode":310106,"adname":"静安区","business_area":"曹家渡","location":"121.448594,31.235078","tel":"[]","bigType":"医疗保健服务","midType":"专科医院","smallType":"眼科医院","gcj_lng":121.448594,"gcj_lat":31.235078,"wgs84_loc":"121.443999,31.236958","wgs84Lng":121.443999,"wgs84Lat":31.236958,"__source_file__":"13-常用公服设施点/CSV/上海市_专科医院.csv"},"geometry":{"type":"Point","coordinates":[121.443999,31.236958]}},{"id":"1451","type":"Feature","properties":{"id":"B0FFGZW8FK","name":"上海市眼科医院3号楼","address":"西康路259号上海市静安区中心医院3号楼","type":"医疗保健服务;专科医院;眼科医院","typecode":"090203","pcode":310000,"pname":"上海市","citycode":21,"cityname":"上海市","adcode":310106,"adname":"静安区","business_area":"曹家渡","location":"121.449100,31.235083","tel":"[]","bigType":"医疗保健服务","midType":"专科医院","smallType":"眼科医院","gcj_lng":121.4491,"gcj_lat":31.235083,"wgs84_loc":"121.444506,31.236964","wgs84Lng":121.444506,"wgs84Lat":31.236964,"__source_file__":"13-常用公服设施点/CSV/上海市_专科医院.csv"},"geometry":{"type":"Point","coordinates":[121.444506,31.236964]}},{"id":"130","type":"Feature","properties":{"id":"B00155K8J9","name":"上海市眼病防治中心(康定路院区)","address":"陕西北路805号","type":"医疗保健服务;专科医院;眼科医院","typecode":"090203","pcode":310000,"pname":"上海市","citycode":21,"cityname":"上海市","adcode":310106,"adname":"静安区","business_area":"曹家渡","location":"121.448845,31.235101","tel":"021-62717733","bigType":"医疗保健服务","midType":"专科医院","smallType":"眼科医院","gcj_lng":121.448845,"gcj_lat":31.235101,"wgs84_loc":"121.44425,31.236982","wgs84Lng":121.44425,"wgs84Lat":31.236982,"__source_file__":"13-常用公服设施点/CSV/上海市_专科医院.csv"},"geometry":{"type":"Point","coordinates":[121.44425,31.236982]}},{"id":"3313","type":"Feature","properties":{"id":"B0FFF2MB11","name":"上海市眼病防治中心(康定路院区)准分子激光手术中心","address":"陕西北路805号4号楼1楼","type":"医疗保健服务;专科医院;眼科医院","typecode":"090203","pcode":310000,"pname":"上海市","citycode":21,"cityname":"上海市","adcode":310106,"adname":"静安区","business_area":"[]","location":"121.448908,31.235257","tel":"[]","bigType":"医疗保健服务","midType":"专科医院","smallType":"眼科医院","gcj_lng":121.448908,"gcj_lat":31.235257,"wgs84_loc":"121.444314,31.237138","wgs84Lng":121.444314,"wgs84Lat":31.237138,"__source_file__":"13-常用公服设施点/CSV/上海市_专科医院.csv"},"geometry":{"type":"Point","coordinates":[121.444314,31.237138]}},{"id":"132","type":"Feature","properties":{"id":"B00156TLVR","name":"瑞泰口腔(昌平路门诊)","address":"昌平路412号","type":"医疗保健服务;专科医院;口腔医院","typecode":"090202","pcode":310000,"pname":"上海市","citycode":21,"cityname":"上海市","adcode":310106,"adname":"静安区","business_area":"曹家渡","location":"121.447369,31.236467","tel":"4006980079","bigType":"医疗保健服务","midType":"专科医院","smallType":"口腔医院","gcj_lng":121.447369,"gcj_lat":31.236467,"wgs84_loc":"121.442771,31.238344","wgs84Lng":121.442771,"wgs84Lat":31.238344,"__source_file__":"13-常用公服设施点/CSV/上海市_专科医院.csv"},"geometry":{"type":"Point","coordinates":[121.442771,31.238344]}},{"id":"2660","type":"Feature","properties":{"id":"B0FFLON810","name":"永源口腔","address":"昌平路412号(近陕西北路)","type":"医疗保健服务;专科医院;口腔医院","typecode":"090202","pcode":310000,"pname":"上海市","citycode":21,"cityname":"上海市","adcode":310106,"adname":"静安区","business_area":"曹家渡","location":"121.447366,31.236488","tel":"021-32271023;021-62585852;4006980079","bigType":"医疗保健服务","midType":"专科医院","smallType":"口腔医院","gcj_lng":121.447366,"gcj_lat":31.236488,"wgs84_loc":"121.442768,31.238365","wgs84Lng":121.442768,"wgs84Lat":31.238365,"__source_file__":"13-常用公服设施点/CSV/上海市_专科医院.csv"},"geometry":{"type":"Point","coordinates":[121.442768,31.238365]}},{"id":"3314","type":"Feature","properties":{"id":"B0KDZ5MF0A","name":"上海薇琳伯曼口腔医院","address":"淮安路735号10幢","type":"医疗保健服务;专科医院;口腔医院","typecode":"090202","pcode":310000,"pname":"上海市","citycode":21,"cityname":"上海市","adcode":310106,"adname":"静安区","business_area":"[]","location":"121.450765,31.239454","tel":"17717938326","bigType":"医疗保健服务","midType":"专科医院","smallType":"口腔医院","gcj_lng":121.450765,"gcj_lat":31.239454,"wgs84_loc":"121.446175,31.241337","wgs84Lng":121.446175,"wgs84Lat":31.241337,"__source_file__":"13-常用公服设施点/CSV/上海市_专科医院.csv"},"geometry":{"type":"Point","coordinates":[121.446175,31.241337]}},{"id":"3348","type":"Feature","properties":{"id":"B0IR6SRD6C","name":"薇琳医美","address":"江宁路818号","type":"医疗保健服务;专科医院;整形美容","typecode":"090201","pcode":310000,"pname":"上海市","citycode":21,"cityname":"上海市","adcode":310106,"adname":"静安区","business_area":"[]","location":"121.448166,31.239464","tel":"021-62829999","bigType":"医疗保健服务","midType":"专科医院","smallType":"整形美容","gcj_lng":121.448166,"gcj_lat":31.239464,"wgs84_loc":"121.443569,31.241341","wgs84Lng":121.443569,"wgs84Lat":31.241341,"__source_file__":"13-常用公服设施点/CSV/上海市_专科医院.csv"},"geometry":{"type":"Point","coordinates":[121.443569,31.241341]}},{"id":"3139","type":"Feature","properties":{"id":"B0H0ODY6V4","name":"薇琳口腔种植中心","address":"海防路与江宁路交叉口北20米","type":"医疗保健服务;专科医院;口腔医院","typecode":"090202","pcode":310000,"pname":"上海市","citycode":21,"cityname":"上海市","adcode":310106,"adname":"静安区","business_area":"曹家渡","location":"121.448189,31.239487","tel":"[]","bigType":"医疗保健服务","midType":"专科医院","smallType":"口腔医院","gcj_lng":121.448189,"gcj_lat":31.239487,"wgs84_loc":"121.443593,31.241364","wgs84Lng":121.443593,"wgs84Lat":31.241364,"__source_file__":"13-常用公服设施点/CSV/上海市_专科医院.csv"},"geometry":{"type":"Point","coordinates":[121.443593,31.241364]}},{"id":"127","type":"Feature","properties":{"id":"B00150DD09","name":"上海市第一妇婴保健院","address":"长乐路536号","type":"医疗保健服务;专科医院;专科医院","typecode":"090200","pcode":310000,"pname":"上海市","citycode":21,"cityname":"上海市","adcode":310106,"adname":"静安区","business_area":"淮海路","location":"121.456264,31.220296","tel":"[]","bigType":"医疗保健服务","midType":"专科医院","smallType":"专科医院","gcj_lng":121.456264,"gcj_lat":31.220296,"wgs84_loc":"121.45169,31.222199","wgs84Lng":121.45169,"wgs84Lat":31.222199,"__source_file__":"13-常用公服设施点/CSV/上海市_专科医院.csv"},"geometry":{"type":"Point","coordinates":[121.45169,31.222199]}},{"id":"2808","type":"Feature","properties":{"id":"B00157HUOS","name":"恒佳口腔门诊部","address":"长乐路400号锦江迪生商厦306室","type":"医疗保健服务;专科医院;口腔医院","typecode":"090202","pcode":310000,"pname":"上海市","citycode":21,"cityname":"上海市","adcode":310101,"adname":"黄浦区","business_area":"淮海路","location":"121.460120,31.221148","tel":"021-64459927;021-64453928;4009201169","bigType":"医疗保健服务","midType":"专科医院","smallType":"口腔医院","gcj_lng":121.46012,"gcj_lat":31.221148,"wgs84_loc":"121.455556,31.22306","wgs84Lng":121.455556,"wgs84Lat":31.22306,"__source_file__":"13-常用公服设施点/CSV/上海市_专科医院.csv"},"geometry":{"type":"Point","coordinates":[121.455556,31.22306]}},{"id":"2708","type":"Feature","properties":{"id":"B0FFFF3IS2","name":"仁康口腔门诊部(巨鹿路)","address":"巨鹿路417号欣广大厦10层1002室(近陕西南路)","type":"医疗保健服务;专科医院;口腔医院","typecode":"090202","pcode":310000,"pname":"上海市","citycode":21,"cityname":"上海市","adcode":310101,"adname":"黄浦区","business_area":"淮海路","location":"121.457667,31.222024","tel":"021-63043365;021-63043356","bigType":"医疗保健服务","midType":"专科医院","smallType":"口腔医院","gcj_lng":121.457667,"gcj_lat":31.222024,"wgs84_loc":"121.453096,31.22393","wgs84Lng":121.453096,"wgs84Lat":31.22393,"__source_file__":"13-常用公服设施点/CSV/上海市_专科医院.csv"},"geometry":{"type":"Point","coordinates":[121.453096,31.22393]}},{"id":"731","type":"Feature","properties":{"id":"B0GKXOH1C1","name":"Dr.Z dental仁康种植矫正中心","address":"巨鹿路417号欣广大厦10层1002室(近陕西南路)","type":"医疗保健服务;专科医院;口腔医院","typecode":"090202","pcode":310000,"pname":"上海市","citycode":21,"cityname":"上海市","adcode":310101,"adname":"黄浦区","business_area":"淮海路","location":"121.457677,31.222039","tel":"[]","bigType":"医疗保健服务","midType":"专科医院","smallType":"口腔医院","gcj_lng":121.457677,"gcj_lat":31.222039,"wgs84_loc":"121.453106,31.223945","wgs84Lng":121.453106,"wgs84Lat":31.223945,"__source_file__":"13-常用公服设施点/CSV/上海市_专科医院.csv"},"geometry":{"type":"Point","coordinates":[121.453106,31.223945]}},{"id":"2278","type":"Feature","properties":{"id":"B0FFFZBGEP","name":"上海天美口腔门诊部","address":"延安中路809号","type":"医疗保健服务;专科医院;口腔医院","typecode":"090202","pcode":310000,"pname":"上海市","citycode":21,"cityname":"上海市","adcode":310106,"adname":"静安区","business_area":"淮海路","location":"121.455384,31.223589","tel":"[]","bigType":"医疗保健服务","midType":"专科医院","smallType":"口腔医院","gcj_lng":121.455384,"gcj_lat":31.223589,"wgs84_loc":"121.450807,31.225489","wgs84Lng":121.450807,"wgs84Lat":31.225489,"__source_file__":"13-常用公服设施点/CSV/上海市_专科医院.csv"},"geometry":{"type":"Point","coordinates":[121.450807,31.225489]}},{"id":"1197","type":"Feature","properties":{"id":"B0FFHOTN0X","name":"天美齿科(延安中路)","address":"延安中路809号2楼A室","type":"医疗保健服务;专科医院;口腔医院","typecode":"090202","pcode":310000,"pname":"上海市","citycode":21,"cityname":"上海市","adcode":310106,"adname":"静安区","business_area":"淮海路","location":"121.455410,31.223682","tel":"021-50471790","bigType":"医疗保健服务","midType":"专科医院","smallType":"口腔医院","gcj_lng":121.45541,"gcj_lat":31.223682,"wgs84_loc":"121.450833,31.225582","wgs84Lng":121.450833,"wgs84Lat":31.225582,"__source_file__":"13-常用公服设施点/CSV/上海市_专科医院.csv"},"geometry":{"type":"Point","coordinates":[121.450833,31.225582]}},{"id":"2460","type":"Feature","properties":{"id":"B0G3SHWVIZ","name":"foursmile口腔(百高门诊部)","address":"陕西北路66号科恩国际中心21层2105室","type":"医疗保健服务;专科医院;口腔医院","typecode":"090202","pcode":310000,"pname":"上海市","citycode":21,"cityname":"上海市","adcode":310106,"adname":"静安区","business_area":"淮海路","location":"121.456967,31.224607","tel":"4006844006","bigType":"医疗保健服务","midType":"专科医院","smallType":"口腔医院","gcj_lng":121.456967,"gcj_lat":31.224607,"wgs84_loc":"121.452394,31.22651","wgs84Lng":121.452394,"wgs84Lat":31.22651,"__source_file__":"13-常用公服设施点/CSV/上海市_专科医院.csv"},"geometry":{"type":"Point","coordinates":[121.452394,31.22651]}},{"id":"29","type":"Feature","properties":{"id":"B0H1U90WKY","name":"韩卓医疗美容门诊部","address":"雁荡路与兴安路交叉口南约80米","type":"医疗保健服务;专科医院;整形美容","typecode":"090201","pcode":310000,"pname":"上海市","citycode":21,"cityname":"上海市","adcode":310101,"adname":"黄浦区","business_area":"淮海路","location":"121.470011,31.220278","tel":"[]","bigType":"医疗保健服务","midType":"专科医院","smallType":"整形美容","gcj_lng":121.470011,"gcj_lat":31.220278,"wgs84_loc":"121.465477,31.222215","wgs84Lng":121.465477,"wgs84Lat":31.222215,"__source_file__":"13-常用公服设施点/CSV/上海市_专科医院.csv"},"geometry":{"type":"Point","coordinates":[121.465477,31.222215]}},{"id":"75","type":"Feature","properties":{"id":"B00156TI3E","name":"上海梦丽娜医疗美容门诊部","address":"淮海中路622弄7上海御花园商务中心","type":"医疗保健服务;专科医院;整形美容","typecode":"090201","pcode":310000,"pname":"上海市","citycode":21,"cityname":"上海市","adcode":310101,"adname":"黄浦区","business_area":"淮海路","location":"121.466853,31.221285","tel":"[]","bigType":"医疗保健服务","midType":"专科医院","smallType":"整形美容","gcj_lng":121.466853,"gcj_lat":31.221285,"wgs84_loc":"121.462309,31.223213","wgs84Lng":121.462309,"wgs84Lat":31.223213,"__source_file__":"13-常用公服设施点/CSV/上海市_专科医院.csv"},"geometry":{"type":"Point","coordinates":[121.462309,31.223213]}},{"id":"1549","type":"Feature","properties":{"id":"B0H05UHLGF","name":"维乐口腔","address":"老重庆中路康绥公寓东北侧约30米","type":"医疗保健服务;专科医院;口腔医院","typecode":"090202","pcode":310000,"pname":"上海市","citycode":21,"cityname":"上海市","adcode":310101,"adname":"黄浦区","business_area":"淮海路","location":"121.470608,31.222391","tel":"[]","bigType":"医疗保健服务","midType":"专科医院","smallType":"口腔医院","gcj_lng":121.470608,"gcj_lat":31.222391,"wgs84_loc":"121.466076,31.224329","wgs84Lng":121.466076,"wgs84Lat":31.224329,"__source_file__":"13-常用公服设施点/CSV/上海市_专科医院.csv"},"geometry":{"type":"Point","coordinates":[121.466076,31.224329]}},{"id":"1189","type":"Feature","properties":{"id":"B0FFF4M26K","name":"上海市中医医院门诊部-眼耳喉科","address":"石门一路67弄1乙上海市中医门诊部4号楼4楼","type":"医疗保健服务;专科医院;耳鼻喉医院","typecode":"090204","pcode":310000,"pname":"上海市","citycode":21,"cityname":"上海市","adcode":310106,"adname":"静安区","business_area":"淮海路","location":"121.462353,31.224695","tel":"[]","bigType":"医疗保健服务","midType":"专科医院","smallType":"耳鼻喉医院","gcj_lng":121.462353,"gcj_lat":31.224695,"wgs84_loc":"121.457795,31.226611","wgs84Lng":121.457795,"wgs84Lat":31.226611,"__source_file__":"13-常用公服设施点/CSV/上海市_专科医院.csv"},"geometry":{"type":"Point","coordinates":[121.457795,31.226611]}},{"id":"1456","type":"Feature","properties":{"id":"B00155FU7H","name":"第九人民医院大沽路门诊部","address":"大沽路388-1号","type":"医疗保健服务;专科医院;整形美容|医疗保健服务;诊所;诊所","typecode":"090201|090300","pcode":310000,"pname":"上海市","citycode":21,"cityname":"上海市","adcode":310106,"adname":"静安区","business_area":"淮海路","location":"121.466004,31.225657","tel":"021-63400490;021-63400491","bigType":"医疗保健服务","midType":"专科医院","smallType":"整形美容|医疗保健服务","gcj_lng":121.466004,"gcj_lat":31.225657,"wgs84_loc":"121.461457,31.227581","wgs84Lng":121.461457,"wgs84Lat":31.227581,"__source_file__":"13-常用公服设施点/CSV/上海市_专科医院.csv"},"geometry":{"type":"Point","coordinates":[121.461457,31.227581]}},{"id":"178","type":"Feature","properties":{"id":"B0FFIBLAA3","name":"整形美容口腔","address":"大沽路390-1号附近","type":"医疗保健服务;专科医院;口腔医院","typecode":"090202","pcode":310000,"pname":"上海市","citycode":21,"cityname":"上海市","adcode":310106,"adname":"静安区","business_area":"淮海路","location":"121.465909,31.225671","tel":"[]","bigType":"医疗保健服务","midType":"专科医院","smallType":"口腔医院","gcj_lng":121.465909,"gcj_lat":31.225671,"wgs84_loc":"121.461362,31.227595","wgs84Lng":121.461362,"wgs84Lat":31.227595,"__source_file__":"13-常用公服设施点/CSV/上海市_专科医院.csv"},"geometry":{"type":"Point","coordinates":[121.461362,31.227595]}},{"id":"3131","type":"Feature","properties":{"id":"B0IDPHSAQJ","name":"上海万丽医疗美容","address":"威海路233号505-506室","type":"医疗保健服务;专科医院;整形美容","typecode":"090201","pcode":310000,"pname":"上海市","citycode":21,"cityname":"上海市","adcode":310106,"adname":"静安区","business_area":"淮海路","location":"121.466670,31.227049","tel":"[]","bigType":"医疗保健服务","midType":"专科医院","smallType":"整形美容","gcj_lng":121.46667,"gcj_lat":31.227049,"wgs84_loc":"121.462125,31.228974","wgs84Lng":121.462125,"wgs84Lat":31.228974,"__source_file__":"13-常用公服设施点/CSV/上海市_专科医院.csv"},"geometry":{"type":"Point","coordinates":[121.462125,31.228974]}},{"id":"129","type":"Feature","properties":{"id":"B0FFHYKYJD","name":"上海万丽医疗美容门诊部(静安店)","address":"威海路233号恒利国际大厦裙楼5楼(上海电视台对面)","type":"医疗保健服务;专科医院;整形美容","typecode":"090201","pcode":310000,"pname":"上海市","citycode":21,"cityname":"上海市","adcode":310106,"adname":"静安区","business_area":"淮海路","location":"121.466661,31.227092","tel":"021-63720666","bigType":"医疗保健服务","midType":"专科医院","smallType":"整形美容","gcj_lng":121.466661,"gcj_lat":31.227092,"wgs84_loc":"121.462116,31.229017","wgs84Lng":121.462116,"wgs84Lat":31.229017,"__source_file__":"13-常用公服设施点/CSV/上海市_专科医院.csv"},"geometry":{"type":"Point","coordinates":[121.462116,31.229017]}},{"id":"1475","type":"Feature","properties":{"id":"B00156DWW3","name":"科瓦齿科","address":"成都北路199号恒利国际大厦11层","type":"医疗保健服务;专科医院;口腔医院","typecode":"090202","pcode":310000,"pname":"上海市","citycode":21,"cityname":"上海市","adcode":310106,"adname":"静安区","business_area":"淮海路","location":"121.466779,31.227145","tel":"021-51082222;4006060222","bigType":"医疗保健服务","midType":"专科医院","smallType":"口腔医院","gcj_lng":121.466779,"gcj_lat":31.227145,"wgs84_loc":"121.462234,31.22907","wgs84Lng":121.462234,"wgs84Lat":31.22907,"__source_file__":"13-常用公服设施点/CSV/上海市_专科医院.csv"},"geometry":{"type":"Point","coordinates":[121.462234,31.22907]}},{"id":"3245","type":"Feature","properties":{"id":"B0I1PALKWH","name":"星和医美(上海静安店)","address":"石门一路213号2楼","type":"医疗保健服务;专科医院;整形美容","typecode":"090201","pcode":310000,"pname":"上海市","citycode":21,"cityname":"上海市","adcode":310106,"adname":"静安区","business_area":"淮海路","location":"121.462483,31.227874","tel":"17031532067","bigType":"医疗保健服务","midType":"专科医院","smallType":"整形美容","gcj_lng":121.462483,"gcj_lat":31.227874,"wgs84_loc":"121.457925,31.229788","wgs84Lng":121.457925,"wgs84Lat":31.229788,"__source_file__":"13-常用公服设施点/CSV/上海市_专科医院.csv"},"geometry":{"type":"Point","coordinates":[121.457925,31.229788]}},{"id":"2671","type":"Feature","properties":{"id":"B0FFGXYTR5","name":"上海新闸口腔科","address":"陕西北路64附近","type":"医疗保健服务;专科医院;口腔医院","typecode":"090202","pcode":310000,"pname":"上海市","citycode":21,"cityname":"上海市","adcode":310106,"adname":"静安区","business_area":"淮海路","location":"121.456876,31.224836","tel":"[]","bigType":"医疗保健服务","midType":"专科医院","smallType":"口腔医院","gcj_lng":121.456876,"gcj_lat":31.224836,"wgs84_loc":"121.452303,31.226739","wgs84Lng":121.452303,"wgs84Lat":31.226739,"__source_file__":"13-常用公服设施点/CSV/上海市_专科医院.csv"},"geometry":{"type":"Point","coordinates":[121.452303,31.226739]}},{"id":"2386","type":"Feature","properties":{"id":"B0G0ASVBVO","name":"FourSmile福斯曼(上海百高口腔门诊部)","address":"陕西北路66号科恩国际中心21楼2105室","type":"医疗保健服务;专科医院;口腔医院","typecode":"090202","pcode":310000,"pname":"上海市","citycode":21,"cityname":"上海市","adcode":310106,"adname":"静安区","business_area":"淮海路","location":"121.456861,31.224845","tel":"4006844006","bigType":"医疗保健服务","midType":"专科医院","smallType":"口腔医院","gcj_lng":121.456861,"gcj_lat":31.224845,"wgs84_loc":"121.452288,31.226748","wgs84Lng":121.452288,"wgs84Lat":31.226748,"__source_file__":"13-常用公服设施点/CSV/上海市_专科医院.csv"},"geometry":{"type":"Point","coordinates":[121.452288,31.226748]}},{"id":"1194","type":"Feature","properties":{"id":"B0H6GCZPTK","name":"福斯曼牙齿隐形矫正","address":"陕西北路与威海路交叉口东南约60米","type":"医疗保健服务;专科医院;口腔医院","typecode":"090202","pcode":310000,"pname":"上海市","citycode":21,"cityname":"上海市","adcode":310106,"adname":"静安区","business_area":"淮海路","location":"121.456887,31.224846","tel":"[]","bigType":"医疗保健服务","midType":"专科医院","smallType":"口腔医院","gcj_lng":121.456887,"gcj_lat":31.224846,"wgs84_loc":"121.452314,31.226749","wgs84Lng":121.452314,"wgs84Lat":31.226749,"__source_file__":"13-常用公服设施点/CSV/上海市_专科医院.csv"},"geometry":{"type":"Point","coordinates":[121.452314,31.226749]}},{"id":"1198","type":"Feature","properties":{"id":"B00155I4SE","name":"上海立伟口腔门诊部","address":"南京西路993号锦江向阳大楼8层(南京西路地铁站14号口旁)","type":"医疗保健服务;专科医院;口腔医院","typecode":"090202","pcode":310000,"pname":"上海市","citycode":21,"cityname":"上海市","adcode":310106,"adname":"静安区","business_area":"淮海路","location":"121.458465,31.228905","tel":"021-62715707","bigType":"医疗保健服务","midType":"专科医院","smallType":"口腔医院","gcj_lng":121.458465,"gcj_lat":31.228905,"wgs84_loc":"121.453896,31.230809","wgs84Lng":121.453896,"wgs84Lat":31.230809,"__source_file__":"13-常用公服设施点/CSV/上海市_专科医院.csv"},"geometry":{"type":"Point","coordinates":[121.453896,31.230809]}},{"id":"2195","type":"Feature","properties":{"id":"B0FFKEI9E4","name":"上海君笑口腔门诊部","address":"南京西路1038号梅龙镇广场12楼1205(近南京西路地铁2,12,13号线)","type":"医疗保健服务;专科医院;口腔医院","typecode":"090202","pcode":310000,"pname":"上海市","citycode":21,"cityname":"上海市","adcode":310106,"adname":"静安区","business_area":"淮海路","location":"121.456818,31.229053","tel":"[]","bigType":"医疗保健服务","midType":"专科医院","smallType":"口腔医院","gcj_lng":121.456818,"gcj_lat":31.229053,"wgs84_loc":"121.452244,31.230953","wgs84Lng":121.452244,"wgs84Lat":31.230953,"__source_file__":"13-常用公服设施点/CSV/上海市_专科医院.csv"},"geometry":{"type":"Point","coordinates":[121.452244,31.230953]}},{"id":"1084","type":"Feature","properties":{"id":"B0FFF2RBJU","name":"EasySmile隐形矫正中心·君笑齿科","address":"南京西路1038号梅龙镇商厦12层","type":"医疗保健服务;专科医院;口腔医院","typecode":"090202","pcode":310000,"pname":"上海市","citycode":21,"cityname":"上海市","adcode":310106,"adname":"静安区","business_area":"淮海路","location":"121.456814,31.229054","tel":"[]","bigType":"医疗保健服务","midType":"专科医院","smallType":"口腔医院","gcj_lng":121.456814,"gcj_lat":31.229054,"wgs84_loc":"121.45224,31.230954","wgs84Lng":121.45224,"wgs84Lat":31.230954,"__source_file__":"13-常用公服设施点/CSV/上海市_专科医院.csv"},"geometry":{"type":"Point","coordinates":[121.45224,31.230954]}},{"id":"2353","type":"Feature","properties":{"id":"B0FFMCB8UD","name":"易美口腔","address":"南京西路1038号梅龙镇广场3楼320-323室","type":"医疗保健服务;专科医院;口腔医院","typecode":"090202","pcode":310000,"pname":"上海市","citycode":21,"cityname":"上海市","adcode":310106,"adname":"静安区","business_area":"淮海路","location":"121.457012,31.229132","tel":"[]","bigType":"医疗保健服务","midType":"专科医院","smallType":"口腔医院","gcj_lng":121.457012,"gcj_lat":31.229132,"wgs84_loc":"121.452439,31.231033","wgs84Lng":121.452439,"wgs84Lat":31.231033,"__source_file__":"13-常用公服设施点/CSV/上海市_专科医院.csv"},"geometry":{"type":"Point","coordinates":[121.452439,31.231033]}},{"id":"1449","type":"Feature","properties":{"id":"B0I67APQRZ","name":"易美齿科一站式私人定制服务","address":"南汇路与南京西路交叉口西约80米","type":"医疗保健服务;专科医院;口腔医院","typecode":"090202","pcode":310000,"pname":"上海市","citycode":21,"cityname":"上海市","adcode":310106,"adname":"静安区","business_area":"淮海路","location":"121.457012,31.229132","tel":"[]","bigType":"医疗保健服务","midType":"专科医院","smallType":"口腔医院","gcj_lng":121.457012,"gcj_lat":31.229132,"wgs84_loc":"121.452439,31.231033","wgs84Lng":121.452439,"wgs84Lat":31.231033,"__source_file__":"13-常用公服设施点/CSV/上海市_专科医院.csv"},"geometry":{"type":"Point","coordinates":[121.452439,31.231033]}},{"id":"3247","type":"Feature","properties":{"id":"B0IUKHN435","name":"易美齿科","address":"南汇路与南京西路交叉口西80米","type":"医疗保健服务;专科医院;口腔医院","typecode":"090202","pcode":310000,"pname":"上海市","citycode":21,"cityname":"上海市","adcode":310106,"adname":"静安区","business_area":"淮海路","location":"121.457012,31.229132","tel":"[]","bigType":"医疗保健服务","midType":"专科医院","smallType":"口腔医院","gcj_lng":121.457012,"gcj_lat":31.229132,"wgs84_loc":"121.452439,31.231033","wgs84Lng":121.452439,"wgs84Lat":31.231033,"__source_file__":"13-常用公服设施点/CSV/上海市_专科医院.csv"},"geometry":{"type":"Point","coordinates":[121.452439,31.231033]}},{"id":"851","type":"Feature","properties":{"id":"B0HU15B40Z","name":"优目佳眼科崇视门诊部","address":"亚盛大厦江宁路188号801室","type":"医疗保健服务;专科医院;眼科医院","typecode":"090203","pcode":310000,"pname":"上海市","citycode":21,"cityname":"上海市","adcode":310106,"adname":"静安区","business_area":"曹家渡","location":"121.454977,31.230990","tel":"[]","bigType":"医疗保健服务","midType":"专科医院","smallType":"眼科医院","gcj_lng":121.454977,"gcj_lat":31.23099,"wgs84_loc":"121.450398,31.232885","wgs84Lng":121.450398,"wgs84Lat":31.232885,"__source_file__":"13-常用公服设施点/CSV/上海市_专科医院.csv"},"geometry":{"type":"Point","coordinates":[121.450398,31.232885]}},{"id":"3350","type":"Feature","properties":{"id":"B0JDZH8HD8","name":"上海星和医疗美容","address":"石门一路217号2楼、219号2层(南京西路地铁站7号口旁)","type":"医疗保健服务;专科医院;整形美容","typecode":"090201","pcode":310000,"pname":"上海市","citycode":21,"cityname":"上海市","adcode":310106,"adname":"静安区","business_area":"淮海路","location":"121.462483,31.227874","tel":"021-62661789;17749777923","bigType":"医疗保健服务","midType":"专科医院","smallType":"整形美容","gcj_lng":121.462483,"gcj_lat":31.227874,"wgs84_loc":"121.457925,31.229788","wgs84Lng":121.457925,"wgs84Lat":31.229788,"__source_file__":"13-常用公服设施点/CSV/上海市_专科医院.csv"},"geometry":{"type":"Point","coordinates":[121.457925,31.229788]}},{"id":"655","type":"Feature","properties":{"id":"B0FFG7COIF","name":"星和医疗美容","address":"石门一路217号2楼、219号2层","type":"医疗保健服务;专科医院;整形美容","typecode":"090201","pcode":310000,"pname":"上海市","citycode":21,"cityname":"上海市","adcode":310106,"adname":"静安区","business_area":"淮海路","location":"121.462483,31.227874","tel":"021-62661789","bigType":"医疗保健服务","midType":"专科医院","smallType":"整形美容","gcj_lng":121.462483,"gcj_lat":31.227874,"wgs84_loc":"121.457925,31.229788","wgs84Lng":121.457925,"wgs84Lat":31.229788,"__source_file__":"13-常用公服设施点/CSV/上海市_专科医院.csv"},"geometry":{"type":"Point","coordinates":[121.457925,31.229788]}},{"id":"1540","type":"Feature","properties":{"id":"B0HDZKYNF6","name":"恒伦口腔","address":"威海路与重庆北路交叉口西80米","type":"医疗保健服务;专科医院;口腔医院","typecode":"090202","pcode":310000,"pname":"上海市","citycode":21,"cityname":"上海市","adcode":310101,"adname":"黄浦区","business_area":"北京东路","location":"121.468387,31.227889","tel":"[]","bigType":"医疗保健服务","midType":"专科医院","smallType":"口腔医院","gcj_lng":121.468387,"gcj_lat":31.227889,"wgs84_loc":"121.463847,31.229818","wgs84Lng":121.463847,"wgs84Lat":31.229818,"__source_file__":"13-常用公服设施点/CSV/上海市_专科医院.csv"},"geometry":{"type":"Point","coordinates":[121.463847,31.229818]}},{"id":"2510","type":"Feature","properties":{"id":"B00155A53D","name":"上海健皓口腔门诊部","address":"威海路128号长发大厦1层","type":"医疗保健服务;专科医院;口腔医院","typecode":"090202","pcode":310000,"pname":"上海市","citycode":21,"cityname":"上海市","adcode":310101,"adname":"黄浦区","business_area":"淮海路","location":"121.468460,31.227930","tel":"17717680319","bigType":"医疗保健服务","midType":"专科医院","smallType":"口腔医院","gcj_lng":121.46846,"gcj_lat":31.22793,"wgs84_loc":"121.46392,31.229859","wgs84Lng":121.46392,"wgs84Lat":31.229859,"__source_file__":"13-常用公服设施点/CSV/上海市_专科医院.csv"},"geometry":{"type":"Point","coordinates":[121.46392,31.229859]}},{"id":"2521","type":"Feature","properties":{"id":"B0HAHKHF45","name":"恒伦口腔上海健皓门诊","address":"威海路128号长发大厦","type":"医疗保健服务;专科医院;口腔医院","typecode":"090202","pcode":310000,"pname":"上海市","citycode":21,"cityname":"上海市","adcode":310101,"adname":"黄浦区","business_area":"淮海路","location":"121.468540,31.228036","tel":"[]","bigType":"医疗保健服务","midType":"专科医院","smallType":"口腔医院","gcj_lng":121.46854,"gcj_lat":31.228036,"wgs84_loc":"121.464001,31.229966","wgs84Lng":121.464001,"wgs84Lat":31.229966,"__source_file__":"13-常用公服设施点/CSV/上海市_专科医院.csv"},"geometry":{"type":"Point","coordinates":[121.464001,31.229966]}},{"id":"3303","type":"Feature","properties":{"id":"B0J04HYJGF","name":"静和医疗美容(人民广场店)","address":"黄陂北路227号中区广场5层01-12室","type":"医疗保健服务;专科医院;整形美容","typecode":"090201","pcode":310000,"pname":"上海市","citycode":21,"cityname":"上海市","adcode":310101,"adname":"黄浦区","business_area":"北京路","location":"121.470468,31.229238","tel":"4000212211","bigType":"医疗保健服务","midType":"专科医院","smallType":"整形美容","gcj_lng":121.470468,"gcj_lat":31.229238,"wgs84_loc":"121.465935,31.231172","wgs84Lng":121.465935,"wgs84Lat":31.231172,"__source_file__":"13-常用公服设施点/CSV/上海市_专科医院.csv"},"geometry":{"type":"Point","coordinates":[121.465935,31.231172]}},{"id":"125","type":"Feature","properties":{"id":"B001530D6D","name":"上海市化工职业病防治院","address":"成都北路369号","type":"医疗保健服务;专科医院;专科医院","typecode":"090200","pcode":310000,"pname":"上海市","citycode":21,"cityname":"上海市","adcode":310106,"adname":"静安区","business_area":"淮海路","location":"121.466717,31.230024","tel":"021-62672200","bigType":"医疗保健服务","midType":"专科医院","smallType":"专科医院","gcj_lng":121.466717,"gcj_lat":31.230024,"wgs84_loc":"121.462172,31.231948","wgs84Lng":121.462172,"wgs84Lat":31.231948,"__source_file__":"13-常用公服设施点/CSV/上海市_专科医院.csv"},"geometry":{"type":"Point","coordinates":[121.462172,31.231948]}},{"id":"123","type":"Feature","properties":{"id":"B0FFK6U6KS","name":"上海雅嘉口腔门诊部","address":"吴江路31号东方众鑫大厦801号","type":"医疗保健服务;专科医院;口腔医院","typecode":"090202","pcode":310000,"pname":"上海市","citycode":21,"cityname":"上海市","adcode":310106,"adname":"静安区","business_area":"淮海路","location":"121.463318,31.230424","tel":"021-52110521","bigType":"医疗保健服务","midType":"专科医院","smallType":"口腔医院","gcj_lng":121.463318,"gcj_lat":31.230424,"wgs84_loc":"121.458763,31.232339","wgs84Lng":121.458763,"wgs84Lat":31.232339,"__source_file__":"13-常用公服设施点/CSV/上海市_专科医院.csv"},"geometry":{"type":"Point","coordinates":[121.458763,31.232339]}},{"id":"2778","type":"Feature","properties":{"id":"B0FFF9ZIHF","name":"德真会齿科","address":"南京西路555号555商厦2层","type":"医疗保健服务;专科医院;口腔医院","typecode":"090202","pcode":310000,"pname":"上海市","citycode":21,"cityname":"上海市","adcode":310106,"adname":"静安区","business_area":"淮海路","location":"121.466484,31.230512","tel":"021-63400290;021-63400270","bigType":"医疗保健服务","midType":"专科医院","smallType":"口腔医院","gcj_lng":121.466484,"gcj_lat":31.230512,"wgs84_loc":"121.461938,31.232435","wgs84Lng":121.461938,"wgs84Lat":31.232435,"__source_file__":"13-常用公服设施点/CSV/上海市_专科医院.csv"},"geometry":{"type":"Point","coordinates":[121.461938,31.232435]}},{"id":"1503","type":"Feature","properties":{"id":"B00155QXIO","name":"德诚会口腔门诊部","address":"南京西路555号555商厦2层218","type":"医疗保健服务;专科医院;口腔医院","typecode":"090202","pcode":310000,"pname":"上海市","citycode":21,"cityname":"上海市","adcode":310106,"adname":"静安区","business_area":"淮海路","location":"121.466575,31.230710","tel":"021-63400290;021-63400270","bigType":"医疗保健服务","midType":"专科医院","smallType":"口腔医院","gcj_lng":121.466575,"gcj_lat":31.23071,"wgs84_loc":"121.462029,31.232633","wgs84Lng":121.462029,"wgs84Lat":31.232633,"__source_file__":"13-常用公服设施点/CSV/上海市_专科医院.csv"},"geometry":{"type":"Point","coordinates":[121.462029,31.232633]}},{"id":"3249","type":"Feature","properties":{"id":"B0I36L9Y2Q","name":"福斯曼牙齿隐形矫正(上海思维排列口腔门诊)","address":"陕西北路278号金鹰国际购物中心四楼","type":"医疗保健服务;专科医院;口腔医院","typecode":"090202","pcode":310000,"pname":"上海市","citycode":21,"cityname":"上海市","adcode":310106,"adname":"静安区","business_area":"淮海路","location":"121.454869,31.228551","tel":"021-62241239","bigType":"医疗保健服务","midType":"专科医院","smallType":"口腔医院","gcj_lng":121.454869,"gcj_lat":31.228551,"wgs84_loc":"121.45029,31.230447","wgs84Lng":121.45029,"wgs84Lat":31.230447,"__source_file__":"13-常用公服设施点/CSV/上海市_专科医院.csv"},"geometry":{"type":"Point","coordinates":[121.45029,31.230447]}},{"id":"3406","type":"Feature","properties":{"id":"B0KDFH7584","name":"上海摩尔口腔静安医院","address":"北京西路1277号国旅大厦2-4号","type":"医疗保健服务;专科医院;口腔医院","typecode":"090202","pcode":310000,"pname":"上海市","citycode":21,"cityname":"上海市","adcode":310106,"adname":"静安区","business_area":"[]","location":"121.451292,31.228785","tel":"021-58885816","bigType":"医疗保健服务","midType":"专科医院","smallType":"口腔医院","gcj_lng":121.451292,"gcj_lat":31.228785,"wgs84_loc":"121.446704,31.230674","wgs84Lng":121.446704,"wgs84Lat":31.230674,"__source_file__":"13-常用公服设施点/CSV/上海市_专科医院.csv"},"geometry":{"type":"Point","coordinates":[121.446704,31.230674]}},{"id":"131","type":"Feature","properties":{"id":"B0FFILAO04","name":"上海瑞慈水仙妇儿医院","address":"南京西路街道北京西路1314号13205号楼6","type":"医疗保健服务;专科医院;妇科医院","typecode":"090209","pcode":310000,"pname":"上海市","citycode":21,"cityname":"上海市","adcode":310106,"adname":"静安区","business_area":"曹家渡","location":"121.449504,31.229087","tel":"021-32113000;4009206066","bigType":"医疗保健服务","midType":"专科医院","smallType":"妇科医院","gcj_lng":121.449504,"gcj_lat":31.229087,"wgs84_loc":"121.444912,31.230972","wgs84Lng":121.444912,"wgs84Lat":31.230972,"__source_file__":"13-常用公服设施点/CSV/上海市_专科医院.csv"},"geometry":{"type":"Point","coordinates":[121.444912,31.230972]}},{"id":"3126","type":"Feature","properties":{"id":"B0FFIYYWZR","name":"上海市儿童医院","address":"新闸路与常德路交叉口东160米","type":"医疗保健服务;专科医院;专科医院","typecode":"090200","pcode":310000,"pname":"上海市","citycode":21,"cityname":"上海市","adcode":310106,"adname":"静安区","business_area":"曹家渡","location":"121.448301,31.229754","tel":"[]","bigType":"医疗保健服务","midType":"专科医院","smallType":"专科医院","gcj_lng":121.448301,"gcj_lat":31.229754,"wgs84_loc":"121.443706,31.231636","wgs84Lng":121.443706,"wgs84Lat":31.231636,"__source_file__":"13-常用公服设施点/CSV/上海市_专科医院.csv"},"geometry":{"type":"Point","coordinates":[121.443706,31.231636]}},{"id":"189","type":"Feature","properties":{"id":"B0H01APCZQ","name":"上海儿童医院","address":"新闸路与常德路交叉口东北约160米","type":"医疗保健服务;专科医院;专科医院","typecode":"090200","pcode":310000,"pname":"上海市","citycode":21,"cityname":"上海市","adcode":310106,"adname":"静安区","business_area":"曹家渡","location":"121.448093,31.230285","tel":"[]","bigType":"医疗保健服务","midType":"专科医院","smallType":"专科医院","gcj_lng":121.448093,"gcj_lat":31.230285,"wgs84_loc":"121.443497,31.232166","wgs84Lng":121.443497,"wgs84Lat":31.232166,"__source_file__":"13-常用公服设施点/CSV/上海市_专科医院.csv"},"geometry":{"type":"Point","coordinates":[121.443497,31.232166]}},{"id":"3132","type":"Feature","properties":{"id":"B0IAKUG68I","name":"上海璞拾医疗美容","address":"北京西路1080弄24.26号101-","type":"医疗保健服务;专科医院;整形美容","typecode":"090201","pcode":310000,"pname":"上海市","citycode":21,"cityname":"上海市","adcode":310106,"adname":"静安区","business_area":"淮海路","location":"121.453864,31.230367","tel":"[]","bigType":"医疗保健服务","midType":"专科医院","smallType":"整形美容","gcj_lng":121.453864,"gcj_lat":31.230367,"wgs84_loc":"121.449282,31.23226","wgs84Lng":121.449282,"wgs84Lat":31.23226,"__source_file__":"13-常用公服设施点/CSV/上海市_专科医院.csv"},"geometry":{"type":"Point","coordinates":[121.449282,31.23226]}},{"id":"187","type":"Feature","properties":{"id":"B0FFH18DTR","name":"上海市静安区近视眼治疗专科","address":"西康路259号2层","type":"医疗保健服务;专科医院;眼科医院","typecode":"090203","pcode":310000,"pname":"上海市","citycode":21,"cityname":"上海市","adcode":310106,"adname":"静安区","business_area":"曹家渡","location":"121.450021,31.230551","tel":"[]","bigType":"医疗保健服务","midType":"专科医院","smallType":"眼科医院","gcj_lng":121.450021,"gcj_lat":31.230551,"wgs84_loc":"121.44543,31.232436","wgs84Lng":121.44543,"wgs84Lat":31.232436,"__source_file__":"13-常用公服设施点/CSV/上海市_专科医院.csv"},"geometry":{"type":"Point","coordinates":[121.44543,31.232436]}},{"id":"155","type":"Feature","properties":{"id":"B00156NXZ9","name":"上海市静安区中心医院眼病防治所","address":"西康路259号上海市静安区中心医院门诊部2层","type":"医疗保健服务;专科医院;眼科医院","typecode":"090203","pcode":310000,"pname":"上海市","citycode":21,"cityname":"上海市","adcode":310106,"adname":"静安区","business_area":"曹家渡","location":"121.450021,31.230552","tel":"021-61578045","bigType":"医疗保健服务","midType":"专科医院","smallType":"眼科医院","gcj_lng":121.450021,"gcj_lat":31.230552,"wgs84_loc":"121.44543,31.232437","wgs84Lng":121.44543,"wgs84Lat":31.232437,"__source_file__":"13-常用公服设施点/CSV/上海市_专科医院.csv"},"geometry":{"type":"Point","coordinates":[121.44543,31.232437]}},{"id":"656","type":"Feature","properties":{"id":"B0FFJANZI4","name":"上海容妍医疗美容","address":"北京西路1080号","type":"医疗保健服务;专科医院;整形美容","typecode":"090201","pcode":310000,"pname":"上海市","citycode":21,"cityname":"上海市","adcode":310106,"adname":"静安区","business_area":"淮海路","location":"121.454047,31.230705","tel":"13166377703","bigType":"医疗保健服务","midType":"专科医院","smallType":"整形美容","gcj_lng":121.454047,"gcj_lat":31.230705,"wgs84_loc":"121.449466,31.232599","wgs84Lng":121.449466,"wgs84Lat":31.232599,"__source_file__":"13-常用公服设施点/CSV/上海市_专科医院.csv"},"geometry":{"type":"Point","coordinates":[121.449466,31.232599]}},{"id":"2109","type":"Feature","properties":{"id":"B001559XXL","name":"华山神经外科(集团)医院静安分院","address":"西康路281号","type":"医疗保健服务;专科医院;精神病医院","typecode":"090210","pcode":310000,"pname":"上海市","citycode":21,"cityname":"上海市","adcode":310106,"adname":"静安区","business_area":"曹家渡","location":"121.449830,31.230943","tel":"021-62474530","bigType":"医疗保健服务","midType":"专科医院","smallType":"精神病医院","gcj_lng":121.44983,"gcj_lat":31.230943,"wgs84_loc":"121.445238,31.232828","wgs84Lng":121.445238,"wgs84Lat":31.232828,"__source_file__":"13-常用公服设施点/CSV/上海市_专科医院.csv"},"geometry":{"type":"Point","coordinates":[121.445238,31.232828]}},{"id":"1202","type":"Feature","properties":{"id":"B0G0PBA1LC","name":"TSK齿科德诚会口腔门诊","address":"成都北路辅路与南京西路交叉口西南20米","type":"医疗保健服务;专科医院;口腔医院","typecode":"090202","pcode":310000,"pname":"上海市","citycode":21,"cityname":"上海市","adcode":310106,"adname":"静安区","business_area":"淮海路","location":"121.466584,31.230719","tel":"[]","bigType":"医疗保健服务","midType":"专科医院","smallType":"口腔医院","gcj_lng":121.466584,"gcj_lat":31.230719,"wgs84_loc":"121.462038,31.232642","wgs84Lng":121.462038,"wgs84Lat":31.232642,"__source_file__":"13-常用公服设施点/CSV/上海市_专科医院.csv"},"geometry":{"type":"Point","coordinates":[121.462038,31.232642]}},{"id":"76","type":"Feature","properties":{"id":"B0FFHW5MOQ","name":"长征医院整形美容部","address":"成都北路440号","type":"医疗保健服务;专科医院;整形美容","typecode":"090201","pcode":310000,"pname":"上海市","citycode":21,"cityname":"上海市","adcode":310101,"adname":"黄浦区","business_area":"北京东路","location":"121.467420,31.231060","tel":"021-81886777","bigType":"医疗保健服务","midType":"专科医院","smallType":"整形美容","gcj_lng":121.46742,"gcj_lat":31.23106,"wgs84_loc":"121.462877,31.232985","wgs84Lng":121.462877,"wgs84Lat":31.232985,"__source_file__":"13-常用公服设施点/CSV/上海市_专科医院.csv"},"geometry":{"type":"Point","coordinates":[121.462877,31.232985]}},{"id":"2834","type":"Feature","properties":{"id":"B0FFKQPDIK","name":"雅圣口腔","address":"南京西路758号汇银大厦4楼","type":"医疗保健服务;专科医院;口腔医院","typecode":"090202","pcode":310000,"pname":"上海市","citycode":21,"cityname":"上海市","adcode":310106,"adname":"静安区","business_area":"淮海路","location":"121.462502,31.231118","tel":"021-66108888","bigType":"医疗保健服务","midType":"专科医院","smallType":"口腔医院","gcj_lng":121.462502,"gcj_lat":31.231118,"wgs84_loc":"121.457944,31.233031","wgs84Lng":121.457944,"wgs84Lat":31.233031,"__source_file__":"13-常用公服设施点/CSV/上海市_专科医院.csv"},"geometry":{"type":"Point","coordinates":[121.457944,31.233031]}},{"id":"145","type":"Feature","properties":{"id":"B0H07539VX","name":"上海德伦口腔医院(汇银大厦店)","address":"南京西路758号汇银大厦4楼(王家沙往东100米)","type":"医疗保健服务;专科医院;口腔医院","typecode":"090202","pcode":310000,"pname":"上海市","citycode":21,"cityname":"上海市","adcode":310106,"adname":"静安区","business_area":"淮海路","location":"121.462487,31.231150","tel":"021-66108888;4009202399","bigType":"医疗保健服务","midType":"专科医院","smallType":"口腔医院","gcj_lng":121.462487,"gcj_lat":31.23115,"wgs84_loc":"121.457929,31.233063","wgs84Lng":121.457929,"wgs84Lat":31.233063,"__source_file__":"13-常用公服设施点/CSV/上海市_专科医院.csv"},"geometry":{"type":"Point","coordinates":[121.457929,31.233063]}},{"id":"128","type":"Feature","properties":{"id":"B0FFF3K7TO","name":"上海德琳医疗美容医院","address":"南京西路580号仲益大厦A幢3-4层","type":"医疗保健服务;专科医院;整形美容","typecode":"090201","pcode":310000,"pname":"上海市","citycode":21,"cityname":"上海市","adcode":310106,"adname":"静安区","business_area":"淮海路","location":"121.466051,31.231243","tel":"021-62181818;021-62182929","bigType":"医疗保健服务","midType":"专科医院","smallType":"整形美容","gcj_lng":121.466051,"gcj_lat":31.231243,"wgs84_loc":"121.461504,31.233165","wgs84Lng":121.461504,"wgs84Lat":31.233165,"__source_file__":"13-常用公服设施点/CSV/上海市_专科医院.csv"},"geometry":{"type":"Point","coordinates":[121.461504,31.233165]}},{"id":"27","type":"Feature","properties":{"id":"B0G2YSSB1H","name":"极橙儿童齿科(人民广场店)","address":"南京西路388号仙乐斯广场裙楼4层411单元","type":"医疗保健服务;专科医院;口腔医院","typecode":"090202","pcode":310000,"pname":"上海市","citycode":21,"cityname":"上海市","adcode":310101,"adname":"黄浦区","business_area":"北京东路","location":"121.469022,31.231392","tel":"13818701437","bigType":"医疗保健服务","midType":"专科医院","smallType":"口腔医院","gcj_lng":121.469022,"gcj_lat":31.231392,"wgs84_loc":"121.464484,31.233321","wgs84Lng":121.464484,"wgs84Lat":31.233321,"__source_file__":"13-常用公服设施点/CSV/上海市_专科医院.csv"},"geometry":{"type":"Point","coordinates":[121.464484,31.233321]}},{"id":"3354","type":"Feature","properties":{"id":"B0KA5N1SE8","name":"至臻视界眼科(仙乐斯广场)","address":"南京西路388号仙乐斯广场4L层","type":"医疗保健服务;专科医院;眼科医院","typecode":"090203","pcode":310000,"pname":"上海市","citycode":21,"cityname":"上海市","adcode":310101,"adname":"黄浦区","business_area":"北京路","location":"121.469421,31.231398","tel":"[]","bigType":"医疗保健服务","midType":"专科医院","smallType":"眼科医院","gcj_lng":121.469421,"gcj_lat":31.231398,"wgs84_loc":"121.464884,31.233328","wgs84Lng":121.464884,"wgs84Lat":31.233328,"__source_file__":"13-常用公服设施点/CSV/上海市_专科医院.csv"},"geometry":{"type":"Point","coordinates":[121.464884,31.233328]}},{"id":"1531","type":"Feature","properties":{"id":"B0I6BLZEMH","name":"仙乐斯广场-极橙齿科上海极橙橙乐口腔门诊部","address":"南京西路388号仙乐斯广场F4室","type":"医疗保健服务;专科医院;口腔医院","typecode":"090202","pcode":310000,"pname":"上海市","citycode":21,"cityname":"上海市","adcode":310101,"adname":"黄浦区","business_area":"北京东路","location":"121.468774,31.231429","tel":"[]","bigType":"医疗保健服务","midType":"专科医院","smallType":"口腔医院","gcj_lng":121.468774,"gcj_lat":31.231429,"wgs84_loc":"121.464235,31.233358","wgs84Lng":121.464235,"wgs84Lat":31.233358,"__source_file__":"13-常用公服设施点/CSV/上海市_专科医院.csv"},"geometry":{"type":"Point","coordinates":[121.464235,31.233358]}},{"id":"60","type":"Feature","properties":{"id":"B001574S2I","name":"长征医院整形外科激光美容中心","address":"成都北路440号2层","type":"医疗保健服务;专科医院;整形美容","typecode":"090201","pcode":310000,"pname":"上海市","citycode":21,"cityname":"上海市","adcode":310101,"adname":"黄浦区","business_area":"北京东路","location":"121.467368,31.231772","tel":"021-81886777","bigType":"医疗保健服务","midType":"专科医院","smallType":"整形美容","gcj_lng":121.467368,"gcj_lat":31.231772,"wgs84_loc":"121.462825,31.233697","wgs84Lng":121.462825,"wgs84Lat":31.233697,"__source_file__":"13-常用公服设施点/CSV/上海市_专科医院.csv"},"geometry":{"type":"Point","coordinates":[121.462825,31.233697]}},{"id":"34","type":"Feature","properties":{"id":"B0GRXZ805U","name":"赛德阳光口腔·卓丽(人民广场分院)","address":"南京西路338号天安中心26楼2601-2603室","type":"医疗保健服务;专科医院;口腔医院","typecode":"090202","pcode":310000,"pname":"上海市","citycode":21,"cityname":"上海市","adcode":310101,"adname":"黄浦区","business_area":"淮海路","location":"121.469677,31.231782","tel":"021-60901998","bigType":"医疗保健服务","midType":"专科医院","smallType":"口腔医院","gcj_lng":121.469677,"gcj_lat":31.231782,"wgs84_loc":"121.465141,31.233713","wgs84Lng":121.465141,"wgs84Lat":31.233713,"__source_file__":"13-常用公服设施点/CSV/上海市_专科医院.csv"},"geometry":{"type":"Point","coordinates":[121.465141,31.233713]}},{"id":"186","type":"Feature","properties":{"id":"B0G3H7759L","name":"上海市XR医疗整形","address":"江宁路188号","type":"医疗保健服务;专科医院;整形美容","typecode":"090201","pcode":310000,"pname":"上海市","citycode":21,"cityname":"上海市","adcode":310106,"adname":"静安区","business_area":"淮海路","location":"121.454893,31.230996","tel":"[]","bigType":"医疗保健服务","midType":"专科医院","smallType":"整形美容","gcj_lng":121.454893,"gcj_lat":31.230996,"wgs84_loc":"121.450314,31.232891","wgs84Lng":121.450314,"wgs84Lat":31.232891,"__source_file__":"13-常用公服设施点/CSV/上海市_专科医院.csv"},"geometry":{"type":"Point","coordinates":[121.450314,31.232891]}},{"id":"160","type":"Feature","properties":{"id":"B001572CXC","name":"至仁医美","address":"南京西路818号818广场F4","type":"医疗保健服务;专科医院;整形美容","typecode":"090201","pcode":310000,"pname":"上海市","citycode":21,"cityname":"上海市","adcode":310106,"adname":"静安区","business_area":"淮海路","location":"121.461215,31.230994","tel":"[]","bigType":"医疗保健服务","midType":"专科医院","smallType":"整形美容","gcj_lng":121.461215,"gcj_lat":31.230994,"wgs84_loc":"121.456653,31.232904","wgs84Lng":121.456653,"wgs84Lat":31.232904,"__source_file__":"13-常用公服设施点/CSV/上海市_专科医院.csv"},"geometry":{"type":"Point","coordinates":[121.456653,31.232904]}},{"id":"2404","type":"Feature","properties":{"id":"B0GD15MP16","name":"上海睦凡口腔门诊部","address":"江宁路188号亚盛大厦805室","type":"医疗保健服务;专科医院;口腔医院","typecode":"090202","pcode":310000,"pname":"上海市","citycode":21,"cityname":"上海市","adcode":310106,"adname":"静安区","business_area":"淮海路","location":"121.454945,31.231070","tel":"021-61810137","bigType":"医疗保健服务","midType":"专科医院","smallType":"口腔医院","gcj_lng":121.454945,"gcj_lat":31.23107,"wgs84_loc":"121.450366,31.232965","wgs84Lng":121.450366,"wgs84Lat":31.232965,"__source_file__":"13-常用公服设施点/CSV/上海市_专科医院.csv"},"geometry":{"type":"Point","coordinates":[121.450366,31.232965]}},{"id":"161","type":"Feature","properties":{"id":"B0GUO53MRX","name":"简自美医疗美容诊所","address":"江宁路188号亚盛大厦17层","type":"医疗保健服务;专科医院;整形美容","typecode":"090201","pcode":310000,"pname":"上海市","citycode":21,"cityname":"上海市","adcode":310106,"adname":"静安区","business_area":"淮海路","location":"121.454920,31.231079","tel":"021-61395678","bigType":"医疗保健服务","midType":"专科医院","smallType":"整形美容","gcj_lng":121.45492,"gcj_lat":31.231079,"wgs84_loc":"121.450341,31.232974","wgs84Lng":121.450341,"wgs84Lat":31.232974,"__source_file__":"13-常用公服设施点/CSV/上海市_专科医院.csv"},"geometry":{"type":"Point","coordinates":[121.450341,31.232974]}},{"id":"3137","type":"Feature","properties":{"id":"B0FFJDO6XD","name":"PureSmile普诗美尔口腔","address":"南京西路818号1201室(南京西路地铁站2号口步行90米)","type":"医疗保健服务;专科医院;口腔医院","typecode":"090202","pcode":310000,"pname":"上海市","citycode":21,"cityname":"上海市","adcode":310106,"adname":"静安区","business_area":"淮海路","location":"121.461136,31.231066","tel":"021-63636388","bigType":"医疗保健服务","midType":"专科医院","smallType":"口腔医院","gcj_lng":121.461136,"gcj_lat":31.231066,"wgs84_loc":"121.456574,31.232976","wgs84Lng":121.456574,"wgs84Lat":31.232976,"__source_file__":"13-常用公服设施点/CSV/上海市_专科医院.csv"},"geometry":{"type":"Point","coordinates":[121.456574,31.232976]}},{"id":"135","type":"Feature","properties":{"id":"B0HRFX499I","name":"优目佳眼科","address":"江宁路与北京西路交叉口北约100米","type":"医疗保健服务;专科医院;眼科医院","typecode":"090203","pcode":310000,"pname":"上海市","citycode":21,"cityname":"上海市","adcode":310106,"adname":"静安区","business_area":"淮海路","location":"121.454907,31.231089","tel":"[]","bigType":"医疗保健服务","midType":"专科医院","smallType":"眼科医院","gcj_lng":121.454907,"gcj_lat":31.231089,"wgs84_loc":"121.450328,31.232984","wgs84Lng":121.450328,"wgs84Lat":31.232984,"__source_file__":"13-常用公服设施点/CSV/上海市_专科医院.csv"},"geometry":{"type":"Point","coordinates":[121.450328,31.232984]}},{"id":"185","type":"Feature","properties":{"id":"B0FFHBCIG4","name":"瑞伯恩医疗美容医院","address":"嘉地中心6层","type":"医疗保健服务;专科医院;整形美容","typecode":"090201","pcode":310000,"pname":"上海市","citycode":21,"cityname":"上海市","adcode":310106,"adname":"静安区","business_area":"淮海路","location":"121.456191,31.231206","tel":"[]","bigType":"医疗保健服务","midType":"专科医院","smallType":"整形美容","gcj_lng":121.456191,"gcj_lat":31.231206,"wgs84_loc":"121.451615,31.233104","wgs84Lng":121.451615,"wgs84Lat":31.233104,"__source_file__":"13-常用公服设施点/CSV/上海市_专科医院.csv"},"geometry":{"type":"Point","coordinates":[121.451615,31.233104]}},{"id":"2437","type":"Feature","properties":{"id":"B0FFKDW38K","name":"芷妍医疗","address":"石门二路街道南京西路818号818广场19楼芷妍医疗","type":"医疗保健服务;专科医院;专科医院","typecode":"090200","pcode":310000,"pname":"上海市","citycode":21,"cityname":"上海市","adcode":310106,"adname":"静安区","business_area":"淮海路","location":"121.460931,31.231209","tel":"[]","bigType":"医疗保健服务","midType":"专科医院","smallType":"专科医院","gcj_lng":121.460931,"gcj_lat":31.231209,"wgs84_loc":"121.456369,31.233118","wgs84Lng":121.456369,"wgs84Lat":31.233118,"__source_file__":"13-常用公服设施点/CSV/上海市_专科医院.csv"},"geometry":{"type":"Point","coordinates":[121.456369,31.233118]}},{"id":"2416","type":"Feature","properties":{"id":"B0FFKG4A4D","name":"芷妍医美","address":"南京西路818大厦19楼","type":"医疗保健服务;专科医院;整形美容","typecode":"090201","pcode":310000,"pname":"上海市","citycode":21,"cityname":"上海市","adcode":310106,"adname":"静安区","business_area":"淮海路","location":"121.460963,31.231225","tel":"[]","bigType":"医疗保健服务","midType":"专科医院","smallType":"整形美容","gcj_lng":121.460963,"gcj_lat":31.231225,"wgs84_loc":"121.456401,31.233134","wgs84Lng":121.456401,"wgs84Lat":31.233134,"__source_file__":"13-常用公服设施点/CSV/上海市_专科医院.csv"},"geometry":{"type":"Point","coordinates":[121.456401,31.233134]}},{"id":"3315","type":"Feature","properties":{"id":"B0JA9XA2N7","name":"英博口腔(上海静安新菲店)","address":"石门二路165号1-2层","type":"医疗保健服务;专科医院;口腔医院","typecode":"090202","pcode":310000,"pname":"上海市","citycode":21,"cityname":"上海市","adcode":310106,"adname":"静安区","business_area":"淮海路","location":"121.460854,31.233414","tel":"13120972679","bigType":"医疗保健服务","midType":"专科医院","smallType":"口腔医院","gcj_lng":121.460854,"gcj_lat":31.233414,"wgs84_loc":"121.456291,31.235322","wgs84Lng":121.456291,"wgs84Lat":31.235322,"__source_file__":"13-常用公服设施点/CSV/上海市_专科医院.csv"},"geometry":{"type":"Point","coordinates":[121.456291,31.235322]}},{"id":"1552","type":"Feature","properties":{"id":"B0I6B1P7U7","name":"优牙口腔","address":"新昌路与南京西路交叉口北100米","type":"医疗保健服务;专科医院;口腔医院","typecode":"090202","pcode":310000,"pname":"上海市","citycode":21,"cityname":"上海市","adcode":310101,"adname":"黄浦区","business_area":"北京东路","location":"121.470300,31.232376","tel":"[]","bigType":"医疗保健服务","midType":"专科医院","smallType":"口腔医院","gcj_lng":121.4703,"gcj_lat":31.232376,"wgs84_loc":"121.465766,31.234308","wgs84Lng":121.465766,"wgs84Lat":31.234308,"__source_file__":"13-常用公服设施点/CSV/上海市_专科医院.csv"},"geometry":{"type":"Point","coordinates":[121.465766,31.234308]}},{"id":"2850","type":"Feature","properties":{"id":"B0FFGL4L0U","name":"上海长征医院-挂号","address":"凤阳路415号","type":"医疗保健服务;专科医院;专科医院","typecode":"090200","pcode":310000,"pname":"上海市","citycode":21,"cityname":"上海市","adcode":310101,"adname":"黄浦区","business_area":"北京东路","location":"121.467351,31.232676","tel":"[]","bigType":"医疗保健服务","midType":"专科医院","smallType":"专科医院","gcj_lng":121.467351,"gcj_lat":31.232676,"wgs84_loc":"121.462808,31.2346","wgs84Lng":121.462808,"wgs84Lat":31.2346,"__source_file__":"13-常用公服设施点/CSV/上海市_专科医院.csv"},"geometry":{"type":"Point","coordinates":[121.462808,31.2346]}},{"id":"2104","type":"Feature","properties":{"id":"B0FFGL4JE2","name":"上海长征医院-病毒性皮肤科室","address":"凤阳路415号","type":"医疗保健服务;专科医院;专科医院","typecode":"090200","pcode":310000,"pname":"上海市","citycode":21,"cityname":"上海市","adcode":310101,"adname":"黄浦区","business_area":"北京东路","location":"121.467359,31.232739","tel":"[]","bigType":"医疗保健服务","midType":"专科医院","smallType":"专科医院","gcj_lng":121.467359,"gcj_lat":31.232739,"wgs84_loc":"121.462816,31.234663","wgs84Lng":121.462816,"wgs84Lat":31.234663,"__source_file__":"13-常用公服设施点/CSV/上海市_专科医院.csv"},"geometry":{"type":"Point","coordinates":[121.462816,31.234663]}},{"id":"653","type":"Feature","properties":{"id":"B0HGBRPG6S","name":"上海悦美格皮肤门诊","address":"凤阳路570号","type":"医疗保健服务;专科医院;整形美容","typecode":"090201","pcode":310000,"pname":"上海市","citycode":21,"cityname":"上海市","adcode":310106,"adname":"静安区","business_area":"淮海路","location":"121.465444,31.232834","tel":"[]","bigType":"医疗保健服务","midType":"专科医院","smallType":"整形美容","gcj_lng":121.465444,"gcj_lat":31.232834,"wgs84_loc":"121.460895,31.234753","wgs84Lng":121.460895,"wgs84Lat":31.234753,"__source_file__":"13-常用公服设施点/CSV/上海市_专科医院.csv"},"geometry":{"type":"Point","coordinates":[121.460895,31.234753]}},{"id":"2310","type":"Feature","properties":{"id":"B00155I7BE","name":"秦鹏口腔诊所","address":"大田路129弄1-1号嘉发大厦A栋1层1E","type":"医疗保健服务;专科医院;口腔医院","typecode":"090202","pcode":310000,"pname":"上海市","citycode":21,"cityname":"上海市","adcode":310106,"adname":"静安区","business_area":"淮海路","location":"121.464009,31.232839","tel":"021-62717615","bigType":"医疗保健服务","midType":"专科医院","smallType":"口腔医院","gcj_lng":121.464009,"gcj_lat":31.232839,"wgs84_loc":"121.459455,31.234755","wgs84Lng":121.459455,"wgs84Lat":31.234755,"__source_file__":"13-常用公服设施点/CSV/上海市_专科医院.csv"},"geometry":{"type":"Point","coordinates":[121.459455,31.234755]}},{"id":"39","type":"Feature","properties":{"id":"B0FFHPYM1E","name":"长征医院骨科医院","address":"凤阳路415号","type":"医疗保健服务;专科医院;骨科医院","typecode":"090206","pcode":310000,"pname":"上海市","citycode":21,"cityname":"上海市","adcode":310101,"adname":"黄浦区","business_area":"北京东路","location":"121.468041,31.232847","tel":"[]","bigType":"医疗保健服务","midType":"专科医院","smallType":"骨科医院","gcj_lng":121.468041,"gcj_lat":31.232847,"wgs84_loc":"121.4635,31.234773","wgs84Lng":121.4635,"wgs84Lat":31.234773,"__source_file__":"13-常用公服设施点/CSV/上海市_专科医院.csv"},"geometry":{"type":"Point","coordinates":[121.4635,31.234773]}},{"id":"124","type":"Feature","properties":{"id":"B0FFI6H1Q5","name":"陈医师推拿整脊正骨工作室","address":"大田路129弄1号嘉发大厦A栋26楼C室","type":"医疗保健服务;专科医院;骨科医院","typecode":"090206","pcode":310000,"pname":"上海市","citycode":21,"cityname":"上海市","adcode":310106,"adname":"静安区","business_area":"淮海路","location":"121.463982,31.232992","tel":"18721269729","bigType":"医疗保健服务","midType":"专科医院","smallType":"骨科医院","gcj_lng":121.463982,"gcj_lat":31.232992,"wgs84_loc":"121.459428,31.234908","wgs84Lng":121.459428,"wgs84Lat":31.234908,"__source_file__":"13-常用公服设施点/CSV/上海市_专科医院.csv"},"geometry":{"type":"Point","coordinates":[121.459428,31.234908]}},{"id":"139","type":"Feature","properties":{"id":"B0015758G2","name":"王者齿科","address":"大田路129弄1号嘉发大厦A幢一楼E室","type":"医疗保健服务;专科医院;口腔医院","typecode":"090202","pcode":310000,"pname":"上海市","citycode":21,"cityname":"上海市","adcode":310106,"adname":"静安区","business_area":"淮海路","location":"121.464035,31.233011","tel":"021-62717615","bigType":"医疗保健服务","midType":"专科医院","smallType":"口腔医院","gcj_lng":121.464035,"gcj_lat":31.233011,"wgs84_loc":"121.459482,31.234927","wgs84Lng":121.459482,"wgs84Lat":31.234927,"__source_file__":"13-常用公服设施点/CSV/上海市_专科医院.csv"},"geometry":{"type":"Point","coordinates":[121.459482,31.234927]}},{"id":"2085","type":"Feature","properties":{"id":"B00155KJEO","name":"壹街坊口腔门诊部","address":"北京西路503号","type":"医疗保健服务;专科医院;口腔医院","typecode":"090202","pcode":310000,"pname":"上海市","citycode":21,"cityname":"上海市","adcode":310106,"adname":"静安区","business_area":"淮海路","location":"121.464950,31.233964","tel":"021-62172937;021-58617688","bigType":"医疗保健服务","midType":"专科医院","smallType":"口腔医院","gcj_lng":121.46495,"gcj_lat":31.233964,"wgs84_loc":"121.460399,31.235882","wgs84Lng":121.460399,"wgs84Lat":31.235882,"__source_file__":"13-常用公服设施点/CSV/上海市_专科医院.csv"},"geometry":{"type":"Point","coordinates":[121.460399,31.235882]}},{"id":"2508","type":"Feature","properties":{"id":"B0FFH15QGO","name":"楼经毅牙科","address":"北京西路343号附近","type":"医疗保健服务;专科医院;口腔医院","typecode":"090202","pcode":310000,"pname":"上海市","citycode":21,"cityname":"上海市","adcode":310101,"adname":"黄浦区","business_area":"北京东路","location":"121.466896,31.235002","tel":"[]","bigType":"医疗保健服务","midType":"专科医院","smallType":"口腔医院","gcj_lng":121.466896,"gcj_lat":31.235002,"wgs84_loc":"121.462351,31.236924","wgs84Lng":121.462351,"wgs84Lat":31.236924,"__source_file__":"13-常用公服设施点/CSV/上海市_专科医院.csv"},"geometry":{"type":"Point","coordinates":[121.462351,31.236924]}},{"id":"25","type":"Feature","properties":{"id":"B0FFF91UD2","name":"鹏爱医疗美容","address":"汉口路691号","type":"医疗保健服务;专科医院;整形美容","typecode":"090201","pcode":310000,"pname":"上海市","citycode":21,"cityname":"上海市","adcode":310101,"adname":"黄浦区","business_area":"北京东路","location":"121.477336,31.233287","tel":"[]","bigType":"医疗保健服务","midType":"专科医院","smallType":"整形美容","gcj_lng":121.477336,"gcj_lat":31.233287,"wgs84_loc":"121.472825,31.235238","wgs84Lng":121.472825,"wgs84Lat":31.235238,"__source_file__":"13-常用公服设施点/CSV/上海市_专科医院.csv"},"geometry":{"type":"Point","coordinates":[121.472825,31.235238]}},{"id":"48","type":"Feature","properties":{"id":"B0FFIA5OYT","name":"瑞妮丝医疗美容","address":"西藏中路336号华旭国际大厦5层","type":"医疗保健服务;专科医院;整形美容","typecode":"090201","pcode":310000,"pname":"上海市","citycode":21,"cityname":"上海市","adcode":310101,"adname":"黄浦区","business_area":"北京东路","location":"121.475835,31.233751","tel":"[]","bigType":"医疗保健服务","midType":"专科医院","smallType":"整形美容","gcj_lng":121.475835,"gcj_lat":31.233751,"wgs84_loc":"121.471319,31.235698","wgs84Lng":121.471319,"wgs84Lat":31.235698,"__source_file__":"13-常用公服设施点/CSV/上海市_专科医院.csv"},"geometry":{"type":"Point","coordinates":[121.471319,31.235698]}},{"id":"2375","type":"Feature","properties":{"id":"B0FFLA6R5K","name":"美冠塔口腔","address":"九江路675-685号长江新能源大厦2楼","type":"医疗保健服务;专科医院;口腔医院","typecode":"090202","pcode":310000,"pname":"上海市","citycode":21,"cityname":"上海市","adcode":310101,"adname":"黄浦区","business_area":"北京东路","location":"121.477519,31.234102","tel":"[]","bigType":"医疗保健服务","midType":"专科医院","smallType":"口腔医院","gcj_lng":121.477519,"gcj_lat":31.234102,"wgs84_loc":"121.473008,31.236053","wgs84Lng":121.473008,"wgs84Lat":31.236053,"__source_file__":"13-常用公服设施点/CSV/上海市_专科医院.csv"},"geometry":{"type":"Point","coordinates":[121.473008,31.236053]}},{"id":"69","type":"Feature","properties":{"id":"B00156EF00","name":"上海华安整形外科","address":"南京西路110号","type":"医疗保健服务;专科医院;整形美容","typecode":"090201","pcode":310000,"pname":"上海市","citycode":21,"cityname":"上海市","adcode":310101,"adname":"黄浦区","business_area":"北京东路","location":"121.472557,31.234164","tel":"021-63598077;021-63598021","bigType":"医疗保健服务","midType":"专科医院","smallType":"整形美容","gcj_lng":121.472557,"gcj_lat":31.234164,"wgs84_loc":"121.46803,31.236101","wgs84Lng":121.46803,"wgs84Lat":31.236101,"__source_file__":"13-常用公服设施点/CSV/上海市_专科医院.csv"},"geometry":{"type":"Point","coordinates":[121.46803,31.236101]}},{"id":"2491","type":"Feature","properties":{"id":"B0FFJIU18O","name":"上海美冠塔诺金口腔门诊部","address":"九江路675-685号长江新能源大厦2楼","type":"医疗保健服务;专科医院;口腔医院","typecode":"090202","pcode":310000,"pname":"上海市","citycode":21,"cityname":"上海市","adcode":310101,"adname":"黄浦区","business_area":"北京东路","location":"121.477552,31.234202","tel":"[]","bigType":"医疗保健服务","midType":"专科医院","smallType":"口腔医院","gcj_lng":121.477552,"gcj_lat":31.234202,"wgs84_loc":"121.473041,31.236153","wgs84Lng":121.473041,"wgs84Lat":31.236153,"__source_file__":"13-常用公服设施点/CSV/上海市_专科医院.csv"},"geometry":{"type":"Point","coordinates":[121.473041,31.236153]}},{"id":"2387","type":"Feature","properties":{"id":"B0FFJ003XD","name":"上海科特满口腔门诊部","address":"凤阳路190号","type":"医疗保健服务;专科医院;口腔医院","typecode":"090202","pcode":310000,"pname":"上海市","citycode":21,"cityname":"上海市","adcode":310101,"adname":"黄浦区","business_area":"北京东路","location":"121.472054,31.234558","tel":"[]","bigType":"医疗保健服务","midType":"专科医院","smallType":"口腔医院","gcj_lng":121.472054,"gcj_lat":31.234558,"wgs84_loc":"121.467525,31.236494","wgs84Lng":121.467525,"wgs84Lat":31.236494,"__source_file__":"13-常用公服设施点/CSV/上海市_专科医院.csv"},"geometry":{"type":"Point","coordinates":[121.467525,31.236494]}},{"id":"2282","type":"Feature","properties":{"id":"B0FFGDLG8E","name":"上海科特满口腔","address":"凤阳路190号","type":"医疗保健服务;专科医院;口腔医院","typecode":"090202","pcode":310000,"pname":"上海市","citycode":21,"cityname":"上海市","adcode":310101,"adname":"黄浦区","business_area":"北京东路","location":"121.471802,31.234643","tel":"[]","bigType":"医疗保健服务","midType":"专科医院","smallType":"口腔医院","gcj_lng":121.471802,"gcj_lat":31.234643,"wgs84_loc":"121.467272,31.236578","wgs84Lng":121.467272,"wgs84Lat":31.236578,"__source_file__":"13-常用公服设施点/CSV/上海市_专科医院.csv"},"geometry":{"type":"Point","coordinates":[121.467272,31.236578]}},{"id":"50","type":"Feature","properties":{"id":"B0FFJT32YR","name":"雅悦齿科(科特满口腔门诊)","address":"凤阳路190号","type":"医疗保健服务;专科医院;口腔医院","typecode":"090202","pcode":310000,"pname":"上海市","citycode":21,"cityname":"上海市","adcode":310101,"adname":"黄浦区","business_area":"北京东路","location":"121.471802,31.234735","tel":"4006702188","bigType":"医疗保健服务","midType":"专科医院","smallType":"口腔医院","gcj_lng":121.471802,"gcj_lat":31.234735,"wgs84_loc":"121.467272,31.23667","wgs84Lng":121.467272,"wgs84Lat":31.23667,"__source_file__":"13-常用公服设施点/CSV/上海市_专科医院.csv"},"geometry":{"type":"Point","coordinates":[121.467272,31.23667]}},{"id":"2331","type":"Feature","properties":{"id":"B0FFG69Y93","name":"现代齿科(广西北路)","address":"广西北路288号707室","type":"医疗保健服务;专科医院;口腔医院","typecode":"090202","pcode":310000,"pname":"上海市","citycode":21,"cityname":"上海市","adcode":310101,"adname":"黄浦区","business_area":"北京东路","location":"121.477266,31.235033","tel":"[]","bigType":"医疗保健服务","midType":"专科医院","smallType":"口腔医院","gcj_lng":121.477266,"gcj_lat":31.235033,"wgs84_loc":"121.472754,31.236983","wgs84Lng":121.472754,"wgs84Lat":31.236983,"__source_file__":"13-常用公服设施点/CSV/上海市_专科医院.csv"},"geometry":{"type":"Point","coordinates":[121.472754,31.236983]}},{"id":"2171","type":"Feature","properties":{"id":"B0FFKRVHK7","name":"鼎植口腔(永博店)","address":"六合路98号港陆黄浦中心17层","type":"医疗保健服务;专科医院;口腔医院","typecode":"090202","pcode":310000,"pname":"上海市","citycode":21,"cityname":"上海市","adcode":310101,"adname":"黄浦区","business_area":"北京东路","location":"121.475082,31.236450","tel":"021-63360366","bigType":"医疗保健服务","midType":"专科医院","smallType":"口腔医院","gcj_lng":121.475082,"gcj_lat":31.23645,"wgs84_loc":"121.470563,31.238393","wgs84Lng":121.470563,"wgs84Lat":31.238393,"__source_file__":"13-常用公服设施点/CSV/上海市_专科医院.csv"},"geometry":{"type":"Point","coordinates":[121.470563,31.238393]}},{"id":"2239","type":"Feature","properties":{"id":"B0FFM83RL9","name":"新菲口腔门诊部","address":"石门二路165号","type":"医疗保健服务;专科医院;口腔医院","typecode":"090202","pcode":310000,"pname":"上海市","citycode":21,"cityname":"上海市","adcode":310106,"adname":"静安区","business_area":"淮海路","location":"121.460812,31.233515","tel":"021-62036282","bigType":"医疗保健服务","midType":"专科医院","smallType":"口腔医院","gcj_lng":121.460812,"gcj_lat":31.233515,"wgs84_loc":"121.456249,31.235423","wgs84Lng":121.456249,"wgs84Lat":31.235423,"__source_file__":"13-常用公服设施点/CSV/上海市_专科医院.csv"},"geometry":{"type":"Point","coordinates":[121.456249,31.235423]}},{"id":"2215","type":"Feature","properties":{"id":"B0FFL1893I","name":"维乐口腔(昌化路门诊店)","address":"意尔门诊是昌化路28-32号","type":"医疗保健服务;专科医院;口腔医院","typecode":"090202","pcode":310000,"pname":"上海市","citycode":21,"cityname":"上海市","adcode":310106,"adname":"静安区","business_area":"曹家渡","location":"121.455162,31.234200","tel":"4008816680","bigType":"医疗保健服务","midType":"专科医院","smallType":"口腔医院","gcj_lng":121.455162,"gcj_lat":31.2342,"wgs84_loc":"121.450583,31.236094","wgs84Lng":121.450583,"wgs84Lat":31.236094,"__source_file__":"13-常用公服设施点/CSV/上海市_专科医院.csv"},"geometry":{"type":"Point","coordinates":[121.450583,31.236094]}},{"id":"2398","type":"Feature","properties":{"id":"B00156O2HG","name":"上海意尔口腔门诊部","address":"昌化路28-32号1-2层","type":"医疗保健服务;专科医院;口腔医院","typecode":"090202","pcode":310000,"pname":"上海市","citycode":21,"cityname":"上海市","adcode":310106,"adname":"静安区","business_area":"淮海路","location":"121.455145,31.234257","tel":"021-52897005;4008816680","bigType":"医疗保健服务","midType":"专科医院","smallType":"口腔医院","gcj_lng":121.455145,"gcj_lat":31.234257,"wgs84_loc":"121.450566,31.236151","wgs84Lng":121.450566,"wgs84Lat":31.236151,"__source_file__":"13-常用公服设施点/CSV/上海市_专科医院.csv"},"geometry":{"type":"Point","coordinates":[121.450566,31.236151]}},{"id":"2136","type":"Feature","properties":{"id":"B001557FWZ","name":"丽都口腔(静安店)","address":"石门二路229号(近新闸路)","type":"医疗保健服务;专科医院;口腔医院","typecode":"090202","pcode":310000,"pname":"上海市","citycode":21,"cityname":"上海市","adcode":310106,"adname":"静安区","business_area":"淮海路","location":"121.460275,31.234573","tel":"021-62714929","bigType":"医疗保健服务","midType":"专科医院","smallType":"口腔医院","gcj_lng":121.460275,"gcj_lat":31.234573,"wgs84_loc":"121.45571,31.236479","wgs84Lng":121.45571,"wgs84Lat":31.236479,"__source_file__":"13-常用公服设施点/CSV/上海市_专科医院.csv"},"geometry":{"type":"Point","coordinates":[121.45571,31.236479]}},{"id":"2429","type":"Feature","properties":{"id":"B0FFGOAMY9","name":"乔丽尔","address":"石门二路街道石门二路219号丽都大厦3层","type":"医疗保健服务;专科医院;整形美容","typecode":"090201","pcode":310000,"pname":"上海市","citycode":21,"cityname":"上海市","adcode":310106,"adname":"静安区","business_area":"淮海路","location":"121.459863,31.234594","tel":"021-52357025","bigType":"医疗保健服务","midType":"专科医院","smallType":"整形美容","gcj_lng":121.459863,"gcj_lat":31.234594,"wgs84_loc":"121.455297,31.236499","wgs84Lng":121.455297,"wgs84Lat":31.236499,"__source_file__":"13-常用公服设施点/CSV/上海市_专科医院.csv"},"geometry":{"type":"Point","coordinates":[121.455297,31.236499]}},{"id":"1507","type":"Feature","properties":{"id":"B001574PZ8","name":"陈跃口腔诊所","address":"新闸路831号丽都太平洋酒店公寓6层K座(石门二路)","type":"医疗保健服务;专科医院;口腔医院","typecode":"090202","pcode":310000,"pname":"上海市","citycode":21,"cityname":"上海市","adcode":310106,"adname":"静安区","business_area":"淮海路","location":"121.459826,31.234751","tel":"021-52287019","bigType":"医疗保健服务","midType":"专科医院","smallType":"口腔医院","gcj_lng":121.459826,"gcj_lat":31.234751,"wgs84_loc":"121.45526,31.236656","wgs84Lng":121.45526,"wgs84Lat":31.236656,"__source_file__":"13-常用公服设施点/CSV/上海市_专科医院.csv"},"geometry":{"type":"Point","coordinates":[121.45526,31.236656]}},{"id":"2818","type":"Feature","properties":{"id":"B0FFK8YDIC","name":"爱齐易口腔门诊部","address":"恒通路360号一天下大厦A101室","type":"医疗保健服务;专科医院;口腔医院","typecode":"090202","pcode":310000,"pname":"上海市","citycode":21,"cityname":"上海市","adcode":310106,"adname":"静安区","business_area":"[]","location":"121.457043,31.240397","tel":"021-62496669;15753963392","bigType":"医疗保健服务","midType":"专科医院","smallType":"口腔医院","gcj_lng":121.457043,"gcj_lat":31.240397,"wgs84_loc":"121.452469,31.242293","wgs84Lng":121.452469,"wgs84Lat":31.242293,"__source_file__":"13-常用公服设施点/CSV/上海市_专科医院.csv"},"geometry":{"type":"Point","coordinates":[121.452469,31.242293]}},{"id":"1192","type":"Feature","properties":{"id":"B0GKNZ6QDB","name":"佳瑞口腔门诊(上海店)","address":"恒通路与长安路交叉口东60米","type":"医疗保健服务;专科医院;口腔医院","typecode":"090202","pcode":310000,"pname":"上海市","citycode":21,"cityname":"上海市","adcode":310106,"adname":"静安区","business_area":"[]","location":"121.456967,31.240422","tel":"[]","bigType":"医疗保健服务","midType":"专科医院","smallType":"口腔医院","gcj_lng":121.456967,"gcj_lat":31.240422,"wgs84_loc":"121.452393,31.242318","wgs84Lng":121.452393,"wgs84Lat":31.242318,"__source_file__":"13-常用公服设施点/CSV/上海市_专科医院.csv"},"geometry":{"type":"Point","coordinates":[121.452393,31.242318]}},{"id":"3248","type":"Feature","properties":{"id":"B0H3TDHPV6","name":"福斯曼牙齿矫正中心(上海佳瑞口腔门诊部)","address":"恒通路268号凯德星贸F2(汉中路地铁站10号口旁)","type":"医疗保健服务;专科医院;口腔医院","typecode":"090202","pcode":310000,"pname":"上海市","citycode":21,"cityname":"上海市","adcode":310106,"adname":"静安区","business_area":"[]","location":"121.458160,31.241029","tel":"[]","bigType":"医疗保健服务","midType":"专科医院","smallType":"口腔医院","gcj_lng":121.45816,"gcj_lat":31.241029,"wgs84_loc":"121.453589,31.242927","wgs84Lng":121.453589,"wgs84Lat":31.242927,"__source_file__":"13-常用公服设施点/CSV/上海市_专科医院.csv"},"geometry":{"type":"Point","coordinates":[121.453589,31.242927]}},{"id":"2099","type":"Feature","properties":{"id":"B0GRX783C6","name":"佳瑞口腔","address":"恒通路268号凯德星贸2层202室内","type":"医疗保健服务;专科医院;口腔医院","typecode":"090202","pcode":310000,"pname":"上海市","citycode":21,"cityname":"上海市","adcode":310106,"adname":"静安区","business_area":"[]","location":"121.458130,31.241208","tel":"4006844006","bigType":"医疗保健服务","midType":"专科医院","smallType":"口腔医院","gcj_lng":121.45813,"gcj_lat":31.241208,"wgs84_loc":"121.453559,31.243106","wgs84Lng":121.453559,"wgs84Lat":31.243106,"__source_file__":"13-常用公服设施点/CSV/上海市_专科医院.csv"},"geometry":{"type":"Point","coordinates":[121.453559,31.243106]}},{"id":"1476","type":"Feature","properties":{"id":"B0FFITL11S","name":"上海美中嘉和肿瘤门诊部","address":"淡水路170号瑞金医院卢湾分院4号楼","type":"医疗保健服务;专科医院;肿瘤医院|医疗保健服务;诊所;诊所","typecode":"090207|090300","pcode":310000,"pname":"上海市","citycode":21,"cityname":"上海市","adcode":310101,"adname":"黄浦区","business_area":"淮海路","location":"121.472772,31.218629","tel":"021-33319991","bigType":"医疗保健服务","midType":"专科医院","smallType":"肿瘤医院|医疗保健服务","gcj_lng":121.472772,"gcj_lat":31.218629,"wgs84_loc":"121.468247,31.220574","wgs84Lng":121.468247,"wgs84Lat":31.220574,"__source_file__":"13-常用公服设施点/CSV/上海市_专科医院.csv"},"geometry":{"type":"Point","coordinates":[121.468247,31.220574]}},{"id":"81","type":"Feature","properties":{"id":"B0FFKHE7GW","name":"美中嘉和肿瘤中心","address":"淡水路与自忠路交叉口西北100米","type":"医疗保健服务;专科医院;肿瘤医院","typecode":"090207","pcode":310000,"pname":"上海市","citycode":21,"cityname":"上海市","adcode":310101,"adname":"黄浦区","business_area":"淮海路","location":"121.472790,31.218649","tel":"[]","bigType":"医疗保健服务","midType":"专科医院","smallType":"肿瘤医院","gcj_lng":121.47279,"gcj_lat":31.218649,"wgs84_loc":"121.468265,31.220594","wgs84Lng":121.468265,"wgs84Lat":31.220594,"__source_file__":"13-常用公服设施点/CSV/上海市_专科医院.csv"},"geometry":{"type":"Point","coordinates":[121.468265,31.220594]}},{"id":"3442","type":"Feature","properties":{"id":"B0IKSSXE18","name":"上海铂曼光环医疗美容诊所","address":"太仓路233号(一大会址·黄陂南路地铁站出入口步行320米)","type":"医疗保健服务;专科医院;整形美容","typecode":"090201","pcode":310000,"pname":"上海市","citycode":21,"cityname":"上海市","adcode":310101,"adname":"黄浦区","business_area":"淮海路","location":"121.473498,31.220670","tel":"13671873274","bigType":"医疗保健服务","midType":"专科医院","smallType":"整形美容","gcj_lng":121.473498,"gcj_lat":31.22067,"wgs84_loc":"121.468975,31.222616","wgs84Lng":121.468975,"wgs84Lat":31.222616,"__source_file__":"13-常用公服设施点/CSV/上海市_专科医院.csv"},"geometry":{"type":"Point","coordinates":[121.468975,31.222616]}},{"id":"531","type":"Feature","properties":{"id":"B0FFIAPQZ0","name":"上海永致口腔门诊部","address":"太仓路233号新茂大厦渣打银行楼上10楼1001室","type":"医疗保健服务;专科医院;口腔医院","typecode":"090202","pcode":310000,"pname":"上海市","citycode":21,"cityname":"上海市","adcode":310101,"adname":"黄浦区","business_area":"淮海路","location":"121.473636,31.220713","tel":"021-33300588","bigType":"医疗保健服务","midType":"专科医院","smallType":"口腔医院","gcj_lng":121.473636,"gcj_lat":31.220713,"wgs84_loc":"121.469114,31.22266","wgs84Lng":121.469114,"wgs84Lat":31.22266,"__source_file__":"13-常用公服设施点/CSV/上海市_专科医院.csv"},"geometry":{"type":"Point","coordinates":[121.469114,31.22266]}},{"id":"1535","type":"Feature","properties":{"id":"B0G31MX4XQ","name":"EasySmile牙齿隐形矫正·永致口腔门诊部","address":"太仓路233号10层03室","type":"医疗保健服务;专科医院;口腔医院","typecode":"090202","pcode":310000,"pname":"上海市","citycode":21,"cityname":"上海市","adcode":310101,"adname":"黄浦区","business_area":"淮海路","location":"121.473633,31.220713","tel":"[]","bigType":"医疗保健服务","midType":"专科医院","smallType":"口腔医院","gcj_lng":121.473633,"gcj_lat":31.220713,"wgs84_loc":"121.469111,31.22266","wgs84Lng":121.469111,"wgs84Lat":31.22266,"__source_file__":"13-常用公服设施点/CSV/上海市_专科医院.csv"},"geometry":{"type":"Point","coordinates":[121.469111,31.22266]}},{"id":"3443","type":"Feature","properties":{"id":"B0KBRHN1QI","name":"BR光电保养(新天地店)","address":"顺昌路与湖滨路交叉口东40米","type":"医疗保健服务;专科医院;整形美容","typecode":"090201","pcode":310000,"pname":"上海市","citycode":21,"cityname":"上海市","adcode":310101,"adname":"黄浦区","business_area":"淮海路","location":"121.477505,31.220717","tel":"[]","bigType":"医疗保健服务","midType":"专科医院","smallType":"整形美容","gcj_lng":121.477505,"gcj_lat":31.220717,"wgs84_loc":"121.472995,31.222674","wgs84Lng":121.472995,"wgs84Lat":31.222674,"__source_file__":"13-常用公服设施点/CSV/上海市_专科医院.csv"},"geometry":{"type":"Point","coordinates":[121.472995,31.222674]}},{"id":"1559","type":"Feature","properties":{"id":"B00156EVQ3","name":"瑞尔齿科(顺昌路)","address":"湖滨路202号企业天地商业中心2号楼2层","type":"医疗保健服务;专科医院;口腔医院","typecode":"090202","pcode":310000,"pname":"上海市","citycode":21,"cityname":"上海市","adcode":310101,"adname":"黄浦区","business_area":"淮海路","location":"121.476679,31.220790","tel":"021-53966539","bigType":"医疗保健服务","midType":"专科医院","smallType":"口腔医院","gcj_lng":121.476679,"gcj_lat":31.22079,"wgs84_loc":"121.472167,31.222745","wgs84Lng":121.472167,"wgs84Lat":31.222745,"__source_file__":"13-常用公服设施点/CSV/上海市_专科医院.csv"},"geometry":{"type":"Point","coordinates":[121.472167,31.222745]}},{"id":"3225","type":"Feature","properties":{"id":"B0IGN78N8E","name":"上海倾选医疗美容诊所","address":"济南路与崇德路交叉口南60米","type":"医疗保健服务;专科医院;整形美容","typecode":"090201","pcode":310000,"pname":"上海市","citycode":21,"cityname":"上海市","adcode":310101,"adname":"黄浦区","business_area":"淮海路","location":"121.478059,31.220845","tel":"[]","bigType":"医疗保健服务","midType":"专科医院","smallType":"整形美容","gcj_lng":121.478059,"gcj_lat":31.220845,"wgs84_loc":"121.473551,31.222804","wgs84Lng":121.473551,"wgs84Lat":31.222804,"__source_file__":"13-常用公服设施点/CSV/上海市_专科医院.csv"},"geometry":{"type":"Point","coordinates":[121.473551,31.222804]}},{"id":"38","type":"Feature","properties":{"id":"B0FFHJJA7H","name":"唯儿诺儿科眼科(新天地店)","address":"湖滨路202号2号楼","type":"医疗保健服务;专科医院;专科医院","typecode":"090200","pcode":310000,"pname":"上海市","citycode":21,"cityname":"上海市","adcode":310101,"adname":"黄浦区","business_area":"淮海路","location":"121.476713,31.220902","tel":"[]","bigType":"医疗保健服务","midType":"专科医院","smallType":"专科医院","gcj_lng":121.476713,"gcj_lat":31.220902,"wgs84_loc":"121.472201,31.222857","wgs84Lng":121.472201,"wgs84Lat":31.222857,"__source_file__":"13-常用公服设施点/CSV/上海市_专科医院.csv"},"geometry":{"type":"Point","coordinates":[121.472201,31.222857]}},{"id":"3074","type":"Feature","properties":{"id":"B0IGU5ZKZB","name":"智美颜和医疗美容(新天地店)","address":"淮海中路381号中环广场12楼","type":"医疗保健服务;专科医院;整形美容","typecode":"090201","pcode":310000,"pname":"上海市","citycode":21,"cityname":"上海市","adcode":310101,"adname":"黄浦区","business_area":"淮海路","location":"121.472824,31.221920","tel":"[]","bigType":"医疗保健服务","midType":"专科医院","smallType":"整形美容","gcj_lng":121.472824,"gcj_lat":31.22192,"wgs84_loc":"121.468299,31.223864","wgs84Lng":121.468299,"wgs84Lat":31.223864,"__source_file__":"13-常用公服设施点/CSV/上海市_专科医院.csv"},"geometry":{"type":"Point","coordinates":[121.468299,31.223864]}},{"id":"3226","type":"Feature","properties":{"id":"B0IGKONI1N","name":"phitab倾选医疗美容","address":"湖滨路150号企业天地5号楼湖滨道购物中心F2","type":"医疗保健服务;专科医院;整形美容","typecode":"090201","pcode":310000,"pname":"上海市","citycode":21,"cityname":"上海市","adcode":310101,"adname":"黄浦区","business_area":"淮海路","location":"121.478848,31.220670","tel":"[]","bigType":"医疗保健服务","midType":"专科医院","smallType":"整形美容","gcj_lng":121.478848,"gcj_lat":31.22067,"wgs84_loc":"121.474343,31.222631","wgs84Lng":121.474343,"wgs84Lat":31.222631,"__source_file__":"13-常用公服设施点/CSV/上海市_专科医院.csv"},"geometry":{"type":"Point","coordinates":[121.474343,31.222631]}},{"id":"23","type":"Feature","properties":{"id":"B00154MU6Q","name":"上海时光整形外科医院","address":"普安路187-189曙光大厦2-3层","type":"医疗保健服务;专科医院;整形美容","typecode":"090201","pcode":310000,"pname":"上海市","citycode":21,"cityname":"上海市","adcode":310101,"adname":"黄浦区","business_area":"淮海路","location":"121.478990,31.222415","tel":"021-63848888;15316589205","bigType":"医疗保健服务","midType":"专科医院","smallType":"整形美容","gcj_lng":121.47899,"gcj_lat":31.222415,"wgs84_loc":"121.474485,31.224376","wgs84Lng":121.474485,"wgs84Lat":31.224376,"__source_file__":"13-常用公服设施点/CSV/上海市_专科医院.csv"},"geometry":{"type":"Point","coordinates":[121.474485,31.224376]}},{"id":"80","type":"Feature","properties":{"id":"B0FFIVOFR4","name":"上海时代整形外科医院","address":"太仓路与普安路交叉口东北50米","type":"医疗保健服务;专科医院;整形美容","typecode":"090201","pcode":310000,"pname":"上海市","citycode":21,"cityname":"上海市","adcode":310101,"adname":"黄浦区","business_area":"淮海路","location":"121.478822,31.222420","tel":"[]","bigType":"医疗保健服务","midType":"专科医院","smallType":"整形美容","gcj_lng":121.478822,"gcj_lat":31.22242,"wgs84_loc":"121.474317,31.22438","wgs84Lng":121.474317,"wgs84Lat":31.22438,"__source_file__":"13-常用公服设施点/CSV/上海市_专科医院.csv"},"geometry":{"type":"Point","coordinates":[121.474317,31.22438]}},{"id":"32","type":"Feature","properties":{"id":"B001574OX5","name":"曙康口腔","address":"普安路189号曙光大厦5层","type":"医疗保健服务;专科医院;口腔医院","typecode":"090202","pcode":310000,"pname":"上海市","citycode":21,"cityname":"上海市","adcode":310101,"adname":"黄浦区","business_area":"淮海路","location":"121.479056,31.222459","tel":"021-63331577","bigType":"医疗保健服务","midType":"专科医院","smallType":"口腔医院","gcj_lng":121.479056,"gcj_lat":31.222459,"wgs84_loc":"121.474551,31.22442","wgs84Lng":121.474551,"wgs84Lat":31.22442,"__source_file__":"13-常用公服设施点/CSV/上海市_专科医院.csv"},"geometry":{"type":"Point","coordinates":[121.474551,31.22442]}},{"id":"79","type":"Feature","properties":{"id":"B0FFIB59R0","name":"上海市中医特色专科中医骨关节病专科","address":"普安路187号附近","type":"医疗保健服务;专科医院;专科医院","typecode":"090200","pcode":310000,"pname":"上海市","citycode":21,"cityname":"上海市","adcode":310101,"adname":"黄浦区","business_area":"淮海路","location":"121.478679,31.222527","tel":"[]","bigType":"医疗保健服务","midType":"专科医院","smallType":"专科医院","gcj_lng":121.478679,"gcj_lat":31.222527,"wgs84_loc":"121.474173,31.224487","wgs84Lng":121.474173,"wgs84Lat":31.224487,"__source_file__":"13-常用公服设施点/CSV/上海市_专科医院.csv"},"geometry":{"type":"Point","coordinates":[121.474173,31.224487]}},{"id":"623","type":"Feature","properties":{"id":"B0GU71LXWJ","name":"蔷薇阳光医疗美容","address":"西藏南路228号3层B1单元","type":"医疗保健服务;专科医院;整形美容","typecode":"090201","pcode":310000,"pname":"上海市","citycode":21,"cityname":"上海市","adcode":310101,"adname":"黄浦区","business_area":"淮海路","location":"121.480396,31.224331","tel":"[]","bigType":"医疗保健服务","midType":"专科医院","smallType":"整形美容","gcj_lng":121.480396,"gcj_lat":31.224331,"wgs84_loc":"121.475896,31.226295","wgs84Lng":121.475896,"wgs84Lat":31.226295,"__source_file__":"13-常用公服设施点/CSV/上海市_专科医院.csv"},"geometry":{"type":"Point","coordinates":[121.475896,31.226295]}},{"id":"3075","type":"Feature","properties":{"id":"B0FFK4K3UK","name":"简恩口腔门诊部","address":"西藏南路218号永银大厦801单元","type":"医疗保健服务;专科医院;口腔医院","typecode":"090202","pcode":310000,"pname":"上海市","citycode":21,"cityname":"上海市","adcode":310101,"adname":"黄浦区","business_area":"淮海路","location":"121.480524,31.224507","tel":"021-63866776","bigType":"医疗保健服务","midType":"专科医院","smallType":"口腔医院","gcj_lng":121.480524,"gcj_lat":31.224507,"wgs84_loc":"121.476024,31.226471","wgs84Lng":121.476024,"wgs84Lat":31.226471,"__source_file__":"13-常用公服设施点/CSV/上海市_专科医院.csv"},"geometry":{"type":"Point","coordinates":[121.476024,31.226471]}},{"id":"1555","type":"Feature","properties":{"id":"B0FFHOLGAE","name":"上海普而口腔门诊部","address":"淮海中路381号中环广场13层1305","type":"医疗保健服务;专科医院;口腔医院|医疗保健服务;诊所;诊所","typecode":"090202|090300","pcode":310000,"pname":"上海市","citycode":21,"cityname":"上海市","adcode":310101,"adname":"黄浦区","business_area":"淮海路","location":"121.472861,31.221967","tel":"021-63915013;021-63915668","bigType":"医疗保健服务","midType":"专科医院","smallType":"口腔医院|医疗保健服务","gcj_lng":121.472861,"gcj_lat":31.221967,"wgs84_loc":"121.468336,31.223911","wgs84Lng":121.468336,"wgs84Lat":31.223911,"__source_file__":"13-常用公服设施点/CSV/上海市_专科医院.csv"},"geometry":{"type":"Point","coordinates":[121.468336,31.223911]}},{"id":"3076","type":"Feature","properties":{"id":"B0H2HOL3YL","name":"道格医疗","address":"淮海中路333号瑞安广场12楼","type":"医疗保健服务;专科医院;整形美容","typecode":"090201","pcode":310000,"pname":"上海市","citycode":21,"cityname":"上海市","adcode":310101,"adname":"黄浦区","business_area":"淮海路","location":"121.473916,31.222034","tel":"[]","bigType":"医疗保健服务","midType":"专科医院","smallType":"整形美容","gcj_lng":121.473916,"gcj_lat":31.222034,"wgs84_loc":"121.469394,31.223981","wgs84Lng":121.469394,"wgs84Lat":31.223981,"__source_file__":"13-常用公服设施点/CSV/上海市_专科医院.csv"},"geometry":{"type":"Point","coordinates":[121.469394,31.223981]}},{"id":"619","type":"Feature","properties":{"id":"B0FFMA9CDG","name":"上海道格医疗美容诊所","address":"淮海中路333号瑞安广场12楼","type":"医疗保健服务;专科医院;整形美容","typecode":"090201","pcode":310000,"pname":"上海市","citycode":21,"cityname":"上海市","adcode":310101,"adname":"黄浦区","business_area":"淮海路","location":"121.474074,31.222329","tel":"13321973619","bigType":"医疗保健服务","midType":"专科医院","smallType":"整形美容","gcj_lng":121.474074,"gcj_lat":31.222329,"wgs84_loc":"121.469553,31.224276","wgs84Lng":121.469553,"wgs84Lat":31.224276,"__source_file__":"13-常用公服设施点/CSV/上海市_专科医院.csv"},"geometry":{"type":"Point","coordinates":[121.469553,31.224276]}},{"id":"63","type":"Feature","properties":{"id":"B0FFLGE4Y8","name":"DS美学矫正(德时口腔)","address":"淮海中路333号(瑞安广场)15楼1501室","type":"医疗保健服务;专科医院;口腔医院","typecode":"090202","pcode":310000,"pname":"上海市","citycode":21,"cityname":"上海市","adcode":310101,"adname":"黄浦区","business_area":"淮海路","location":"121.473664,31.222560","tel":"[]","bigType":"医疗保健服务","midType":"专科医院","smallType":"口腔医院","gcj_lng":121.473664,"gcj_lat":31.22256,"wgs84_loc":"121.469141,31.224506","wgs84Lng":121.469141,"wgs84Lat":31.224506,"__source_file__":"13-常用公服设施点/CSV/上海市_专科医院.csv"},"geometry":{"type":"Point","coordinates":[121.469141,31.224506]}},{"id":"2690","type":"Feature","properties":{"id":"B0G0AKOZMJ","name":"赛德阳光口腔·DS美学矫正","address":"淮海中路333号新天地广场15楼1501室","type":"医疗保健服务;专科医院;口腔医院","typecode":"090202","pcode":310000,"pname":"上海市","citycode":21,"cityname":"上海市","adcode":310101,"adname":"黄浦区","business_area":"淮海路","location":"121.473663,31.222561","tel":"021-60859525","bigType":"医疗保健服务","midType":"专科医院","smallType":"口腔医院","gcj_lng":121.473663,"gcj_lat":31.222561,"wgs84_loc":"121.46914,31.224507","wgs84Lng":121.46914,"wgs84Lat":31.224507,"__source_file__":"13-常用公服设施点/CSV/上海市_专科医院.csv"},"geometry":{"type":"Point","coordinates":[121.46914,31.224507]}},{"id":"1541","type":"Feature","properties":{"id":"B0I6BLOYU3","name":"DS上海德时口腔门诊部","address":"淮海中路333号瑞安广场15楼1501室","type":"医疗保健服务;专科医院;口腔医院","typecode":"090202","pcode":310000,"pname":"上海市","citycode":21,"cityname":"上海市","adcode":310101,"adname":"黄浦区","business_area":"淮海路","location":"121.473636,31.222624","tel":"021-60859525;4008007676","bigType":"医疗保健服务","midType":"专科医院","smallType":"口腔医院","gcj_lng":121.473636,"gcj_lat":31.222624,"wgs84_loc":"121.469113,31.22457","wgs84Lng":121.469113,"wgs84Lat":31.22457,"__source_file__":"13-常用公服设施点/CSV/上海市_专科医院.csv"},"geometry":{"type":"Point","coordinates":[121.469113,31.22457]}},{"id":"103","type":"Feature","properties":{"id":"B00155IKZP","name":"石氏伤科","address":"普安路185号7层","type":"医疗保健服务;专科医院;专科医院","typecode":"090200","pcode":310000,"pname":"上海市","citycode":21,"cityname":"上海市","adcode":310101,"adname":"黄浦区","business_area":"淮海路","location":"121.478433,31.222834","tel":"[]","bigType":"医疗保健服务","midType":"专科医院","smallType":"专科医院","gcj_lng":121.478433,"gcj_lat":31.222834,"wgs84_loc":"121.473926,31.224793","wgs84Lng":121.473926,"wgs84Lat":31.224793,"__source_file__":"13-常用公服设施点/CSV/上海市_专科医院.csv"},"geometry":{"type":"Point","coordinates":[121.473926,31.224793]}},{"id":"1613","type":"Feature","properties":{"id":"B0FFF5M68A","name":"丽洁口腔门诊部","address":"淮海中路283号香港广场南座9层903-908室","type":"医疗保健服务;专科医院;口腔医院","typecode":"090202","pcode":310000,"pname":"上海市","citycode":21,"cityname":"上海市","adcode":310101,"adname":"黄浦区","business_area":"淮海路","location":"121.475220,31.222960","tel":"021-33315001;021-33315660","bigType":"医疗保健服务","midType":"专科医院","smallType":"口腔医院","gcj_lng":121.47522,"gcj_lat":31.22296,"wgs84_loc":"121.470703,31.22491","wgs84Lng":121.470703,"wgs84Lat":31.22491,"__source_file__":"13-常用公服设施点/CSV/上海市_专科医院.csv"},"geometry":{"type":"Point","coordinates":[121.470703,31.22491]}},{"id":"1553","type":"Feature","properties":{"id":"B0FFMCBJO6","name":"D4口腔","address":"嵩山路与淮海中路交叉口南约40米","type":"医疗保健服务;专科医院;口腔医院","typecode":"090202","pcode":310000,"pname":"上海市","citycode":21,"cityname":"上海市","adcode":310101,"adname":"黄浦区","business_area":"淮海路","location":"121.475309,31.223170","tel":"[]","bigType":"医疗保健服务","midType":"专科医院","smallType":"口腔医院","gcj_lng":121.475309,"gcj_lat":31.22317,"wgs84_loc":"121.470792,31.22512","wgs84Lng":121.470792,"wgs84Lat":31.22512,"__source_file__":"13-常用公服设施点/CSV/上海市_专科医院.csv"},"geometry":{"type":"Point","coordinates":[121.470792,31.22512]}},{"id":"2068","type":"Feature","properties":{"id":"B0FFGZDRAT","name":"上海澄心口腔门诊部","address":"淮海中路300号K11大厦45楼","type":"医疗保健服务;专科医院;口腔医院","typecode":"090202","pcode":310000,"pname":"上海市","citycode":21,"cityname":"上海市","adcode":310101,"adname":"黄浦区","business_area":"淮海路","location":"121.473675,31.223309","tel":"021-60317295;021-60317293","bigType":"医疗保健服务","midType":"专科医院","smallType":"口腔医院","gcj_lng":121.473675,"gcj_lat":31.223309,"wgs84_loc":"121.469152,31.225254","wgs84Lng":121.469152,"wgs84Lat":31.225254,"__source_file__":"13-常用公服设施点/CSV/上海市_专科医院.csv"},"geometry":{"type":"Point","coordinates":[121.469152,31.225254]}},{"id":"1536","type":"Feature","properties":{"id":"B0H3SLMTO2","name":"外滩上海登士德口腔门诊部有限公司","address":"人民路与新开河路交叉口西北60米","type":"医疗保健服务;专科医院;口腔医院","typecode":"090202","pcode":310000,"pname":"上海市","citycode":21,"cityname":"上海市","adcode":310101,"adname":"黄浦区","business_area":"城隍庙","location":"121.493584,31.229736","tel":"[]","bigType":"医疗保健服务","midType":"专科医院","smallType":"口腔医院","gcj_lng":121.493584,"gcj_lat":31.229736,"wgs84_loc":"121.48913,31.231736","wgs84Lng":121.48913,"wgs84Lat":31.231736,"__source_file__":"13-常用公服设施点/CSV/上海市_专科医院.csv"},"geometry":{"type":"Point","coordinates":[121.48913,31.231736]}},{"id":"616","type":"Feature","properties":{"id":"B0H6L4BGNP","name":"上海礼仕医疗美容门诊部","address":"淮海中路93号1005室","type":"医疗保健服务;专科医院;整形美容","typecode":"090201","pcode":310000,"pname":"上海市","citycode":21,"cityname":"上海市","adcode":310101,"adname":"黄浦区","business_area":"淮海路","location":"121.479134,31.224573","tel":"021-63866086","bigType":"医疗保健服务","midType":"专科医院","smallType":"整形美容","gcj_lng":121.479134,"gcj_lat":31.224573,"wgs84_loc":"121.47463,31.226533","wgs84Lng":121.47463,"wgs84Lat":31.226533,"__source_file__":"13-常用公服设施点/CSV/上海市_专科医院.csv"},"geometry":{"type":"Point","coordinates":[121.47463,31.226533]}},{"id":"1550","type":"Feature","properties":{"id":"B0HKB7WGM4","name":"TXK dental","address":"淮海中路93号大上海时代广场","type":"医疗保健服务;专科医院;口腔医院","typecode":"090202","pcode":310000,"pname":"上海市","citycode":21,"cityname":"上海市","adcode":310101,"adname":"黄浦区","business_area":"淮海路","location":"121.479068,31.224600","tel":"021-33666129","bigType":"医疗保健服务","midType":"专科医院","smallType":"口腔医院","gcj_lng":121.479068,"gcj_lat":31.2246,"wgs84_loc":"121.474563,31.22656","wgs84Lng":121.474563,"wgs84Lat":31.22656,"__source_file__":"13-常用公服设施点/CSV/上海市_专科医院.csv"},"geometry":{"type":"Point","coordinates":[121.474563,31.22656]}},{"id":"1554","type":"Feature","properties":{"id":"B0H6P9T6O5","name":"TSK齿科格维口腔门诊","address":"淮海中路与龙门路交叉口东南约40米","type":"医疗保健服务;专科医院;口腔医院","typecode":"090202","pcode":310000,"pname":"上海市","citycode":21,"cityname":"上海市","adcode":310101,"adname":"黄浦区","business_area":"淮海路","location":"121.479092,31.224635","tel":"[]","bigType":"医疗保健服务","midType":"专科医院","smallType":"口腔医院","gcj_lng":121.479092,"gcj_lat":31.224635,"wgs84_loc":"121.474587,31.226595","wgs84Lng":121.474587,"wgs84Lat":31.226595,"__source_file__":"13-常用公服设施点/CSV/上海市_专科医院.csv"},"geometry":{"type":"Point","coordinates":[121.474587,31.226595]}},{"id":"3236","type":"Feature","properties":{"id":"B0IUJ5IBGU","name":"鼎植口腔(淮海中路店)","address":"桃源路88号7-8楼","type":"医疗保健服务;专科医院;口腔医院","typecode":"090202","pcode":310000,"pname":"上海市","citycode":21,"cityname":"上海市","adcode":310101,"adname":"黄浦区","business_area":"淮海路","location":"121.480224,31.225054","tel":"021-63360068","bigType":"医疗保健服务","midType":"专科医院","smallType":"口腔医院","gcj_lng":121.480224,"gcj_lat":31.225054,"wgs84_loc":"121.475723,31.227017","wgs84Lng":121.475723,"wgs84Lat":31.227017,"__source_file__":"13-常用公服设施点/CSV/上海市_专科医院.csv"},"geometry":{"type":"Point","coordinates":[121.475723,31.227017]}},{"id":"2169","type":"Feature","properties":{"id":"B0FFKNRIE7","name":"桐润口腔门诊部","address":"云南南路188号附近","type":"医疗保健服务;专科医院;口腔医院","typecode":"090202","pcode":310000,"pname":"上海市","citycode":21,"cityname":"上海市","adcode":310101,"adname":"黄浦区","business_area":"城隍庙","location":"121.481929,31.225663","tel":"[]","bigType":"医疗保健服务","midType":"专科医院","smallType":"口腔医院","gcj_lng":121.481929,"gcj_lat":31.225663,"wgs84_loc":"121.477434,31.227631","wgs84Lng":121.477434,"wgs84Lat":31.227631,"__source_file__":"13-常用公服设施点/CSV/上海市_专科医院.csv"},"geometry":{"type":"Point","coordinates":[121.477434,31.227631]}},{"id":"728","type":"Feature","properties":{"id":"B0FFJ8K8WC","name":"睿宝儿科(黄浦露香园店)","address":"露香园路106号","type":"医疗保健服务;专科医院;专科医院","typecode":"090200","pcode":310000,"pname":"上海市","citycode":21,"cityname":"上海市","adcode":310101,"adname":"黄浦区","business_area":"淮海路","location":"121.485185,31.225665","tel":"021-66280021","bigType":"医疗保健服务","midType":"专科医院","smallType":"专科医院","gcj_lng":121.485185,"gcj_lat":31.225665,"wgs84_loc":"121.480701,31.227642","wgs84Lng":121.480701,"wgs84Lat":31.227642,"__source_file__":"13-常用公服设施点/CSV/上海市_专科医院.csv"},"geometry":{"type":"Point","coordinates":[121.480701,31.227642]}},{"id":"58","type":"Feature","properties":{"id":"B00156R0VU","name":"德贝口腔医院(国际连锁)","address":"淮海东路45-47东淮海国际大厦4层","type":"医疗保健服务;专科医院;口腔医院","typecode":"090202","pcode":310000,"pname":"上海市","citycode":21,"cityname":"上海市","adcode":310101,"adname":"黄浦区","business_area":"淮海路","location":"121.482399,31.226212","tel":"021-63339011;021-63339022","bigType":"医疗保健服务","midType":"专科医院","smallType":"口腔医院","gcj_lng":121.482399,"gcj_lat":31.226212,"wgs84_loc":"121.477906,31.228181","wgs84Lng":121.477906,"wgs84Lat":31.228181,"__source_file__":"13-常用公服设施点/CSV/上海市_专科医院.csv"},"geometry":{"type":"Point","coordinates":[121.477906,31.228181]}},{"id":"1480","type":"Feature","properties":{"id":"B0FFHKT8HK","name":"上海德贝口腔门诊部","address":"淮海东路47号东淮海国际大厦4楼","type":"医疗保健服务;专科医院;口腔医院","typecode":"090202","pcode":310000,"pname":"上海市","citycode":21,"cityname":"上海市","adcode":310101,"adname":"黄浦区","business_area":"淮海路","location":"121.482498,31.226371","tel":"[]","bigType":"医疗保健服务","midType":"专科医院","smallType":"口腔医院","gcj_lng":121.482498,"gcj_lat":31.226371,"wgs84_loc":"121.478005,31.22834","wgs84Lng":121.478005,"wgs84Lat":31.22834,"__source_file__":"13-常用公服设施点/CSV/上海市_专科医院.csv"},"geometry":{"type":"Point","coordinates":[121.478005,31.22834]}},{"id":"2865","type":"Feature","properties":{"id":"B0015576PW","name":"上海季斌口腔诊所","address":"浙江南路78号东新大厦217室","type":"医疗保健服务;专科医院;口腔医院","typecode":"090202","pcode":310000,"pname":"上海市","citycode":21,"cityname":"上海市","adcode":310101,"adname":"黄浦区","business_area":"城隍庙","location":"121.481866,31.228674","tel":"[]","bigType":"医疗保健服务","midType":"专科医院","smallType":"口腔医院","gcj_lng":121.481866,"gcj_lat":31.228674,"wgs84_loc":"121.47737,31.23064","wgs84Lng":121.47737,"wgs84Lat":31.23064,"__source_file__":"13-常用公服设施点/CSV/上海市_专科医院.csv"},"geometry":{"type":"Point","coordinates":[121.47737,31.23064]}},{"id":"3237","type":"Feature","properties":{"id":"B0IUXRIHK7","name":"德目眼科(黄浦门诊)","address":"延安东路175号1楼101室(旺角广场)","type":"医疗保健服务;专科医院;眼科医院","typecode":"090203","pcode":310000,"pname":"上海市","citycode":21,"cityname":"上海市","adcode":310101,"adname":"黄浦区","business_area":"城隍庙","location":"121.484810,31.230731","tel":"021-63307511","bigType":"医疗保健服务","midType":"专科医院","smallType":"眼科医院","gcj_lng":121.48481,"gcj_lat":31.230731,"wgs84_loc":"121.480324,31.232705","wgs84Lng":121.480324,"wgs84Lat":31.232705,"__source_file__":"13-常用公服设施点/CSV/上海市_专科医院.csv"},"geometry":{"type":"Point","coordinates":[121.480324,31.232705]}},{"id":"1551","type":"Feature","properties":{"id":"B0I6PDDZEG","name":"马泷齿科·澄心门诊","address":"淮海中路300号k11购物艺术中心4501室","type":"医疗保健服务;专科医院;口腔医院","typecode":"090202","pcode":310000,"pname":"上海市","citycode":21,"cityname":"上海市","adcode":310101,"adname":"黄浦区","business_area":"北京东路","location":"121.473581,31.223536","tel":"[]","bigType":"医疗保健服务","midType":"专科医院","smallType":"口腔医院","gcj_lng":121.473581,"gcj_lat":31.223536,"wgs84_loc":"121.469058,31.225481","wgs84Lng":121.469058,"wgs84Lat":31.225481,"__source_file__":"13-常用公服设施点/CSV/上海市_专科医院.csv"},"geometry":{"type":"Point","coordinates":[121.469058,31.225481]}},{"id":"3401","type":"Feature","properties":{"id":"B0I09ZGO0I","name":"BR光电保养(K11店)","address":"淮海中路300号14层","type":"医疗保健服务;专科医院;整形美容","typecode":"090201","pcode":310000,"pname":"上海市","citycode":21,"cityname":"上海市","adcode":310101,"adname":"黄浦区","business_area":"北京路","location":"121.473404,31.223629","tel":"[]","bigType":"医疗保健服务","midType":"专科医院","smallType":"整形美容","gcj_lng":121.473404,"gcj_lat":31.223629,"wgs84_loc":"121.468881,31.225574","wgs84Lng":121.468881,"wgs84Lat":31.225574,"__source_file__":"13-常用公服设施点/CSV/上海市_专科医院.csv"},"geometry":{"type":"Point","coordinates":[121.468881,31.225574]}},{"id":"626","type":"Feature","properties":{"id":"B0FFL3F876","name":"上海艾歌医疗美容诊所(力宝广场店)","address":"淮海中路222号力宝广场3楼302B","type":"医疗保健服务;专科医院;整形美容","typecode":"090201","pcode":310000,"pname":"上海市","citycode":21,"cityname":"上海市","adcode":310101,"adname":"黄浦区","business_area":"北京东路","location":"121.475810,31.224316","tel":"15618257258","bigType":"医疗保健服务","midType":"专科医院","smallType":"整形美容","gcj_lng":121.47581,"gcj_lat":31.224316,"wgs84_loc":"121.471294,31.226267","wgs84Lng":121.471294,"wgs84Lat":31.226267,"__source_file__":"13-常用公服设施点/CSV/上海市_专科医院.csv"},"geometry":{"type":"Point","coordinates":[121.471294,31.226267]}},{"id":"615","type":"Feature","properties":{"id":"B0FFGSK6UE","name":"agge蛋白医疗美容(淮海中路店)","address":"淮海中路222号力宝广场3楼","type":"医疗保健服务;专科医院;整形美容","typecode":"090201","pcode":310000,"pname":"上海市","citycode":21,"cityname":"上海市","adcode":310101,"adname":"黄浦区","business_area":"北京东路","location":"121.475499,31.224335","tel":"4001888100;13166400451","bigType":"医疗保健服务","midType":"专科医院","smallType":"整形美容","gcj_lng":121.475499,"gcj_lat":31.224335,"wgs84_loc":"121.470982,31.226285","wgs84Lng":121.470982,"wgs84Lat":31.226285,"__source_file__":"13-常用公服设施点/CSV/上海市_专科医院.csv"},"geometry":{"type":"Point","coordinates":[121.470982,31.226285]}},{"id":"3441","type":"Feature","properties":{"id":"B0JGVCZSHC","name":"上海瑟芙医疗美容门诊部(上海广场店)","address":"淮海中路138号上海广场2F层","type":"医疗保健服务;专科医院;整形美容","typecode":"090201","pcode":310000,"pname":"上海市","citycode":21,"cityname":"上海市","adcode":310101,"adname":"黄浦区","business_area":"淮海路","location":"121.477449,31.224995","tel":"021-52300108","bigType":"医疗保健服务","midType":"专科医院","smallType":"整形美容","gcj_lng":121.477449,"gcj_lat":31.224995,"wgs84_loc":"121.472939,31.22695","wgs84Lng":121.472939,"wgs84Lat":31.22695,"__source_file__":"13-常用公服设施点/CSV/上海市_专科医院.csv"},"geometry":{"type":"Point","coordinates":[121.472939,31.22695]}},{"id":"35","type":"Feature","properties":{"id":"B0FFLMNQT9","name":"上海泰康拜博昌仁口腔医院","address":"西藏中路18号港陆广场5F-6F","type":"医疗保健服务;专科医院;口腔医院","typecode":"090202","pcode":310000,"pname":"上海市","citycode":21,"cityname":"上海市","adcode":310101,"adname":"黄浦区","business_area":"北京东路","location":"121.478572,31.229180","tel":"4000030101","bigType":"医疗保健服务","midType":"专科医院","smallType":"口腔医院","gcj_lng":121.478572,"gcj_lat":31.22918,"wgs84_loc":"121.474065,31.231136","wgs84Lng":121.474065,"wgs84Lat":31.231136,"__source_file__":"13-常用公服设施点/CSV/上海市_专科医院.csv"},"geometry":{"type":"Point","coordinates":[121.474065,31.231136]}},{"id":"2884","type":"Feature","properties":{"id":"B0G14UCLK1","name":"上海伊美尔瑞阳整形","address":"西藏中路18号港陆广场3F","type":"医疗保健服务;专科医院;整形美容","typecode":"090201","pcode":310000,"pname":"上海市","citycode":21,"cityname":"上海市","adcode":310101,"adname":"黄浦区","business_area":"淮海路","location":"121.478616,31.229183","tel":"021-63777801","bigType":"医疗保健服务","midType":"专科医院","smallType":"整形美容","gcj_lng":121.478616,"gcj_lat":31.229183,"wgs84_loc":"121.474109,31.231139","wgs84Lng":121.474109,"wgs84Lat":31.231139,"__source_file__":"13-常用公服设施点/CSV/上海市_专科医院.csv"},"geometry":{"type":"Point","coordinates":[121.474109,31.231139]}},{"id":"30","type":"Feature","properties":{"id":"B0FFHU0NCQ","name":"拜博口腔(港陆广场店)","address":"西藏中路18号港陆广场4F","type":"医疗保健服务;专科医院;口腔医院","typecode":"090202","pcode":310000,"pname":"上海市","citycode":21,"cityname":"上海市","adcode":310101,"adname":"黄浦区","business_area":"北京东路","location":"121.478488,31.229202","tel":"021-63353693;4000801811","bigType":"医疗保健服务","midType":"专科医院","smallType":"口腔医院","gcj_lng":121.478488,"gcj_lat":31.229202,"wgs84_loc":"121.473981,31.231158","wgs84Lng":121.473981,"wgs84Lat":31.231158,"__source_file__":"13-常用公服设施点/CSV/上海市_专科医院.csv"},"geometry":{"type":"Point","coordinates":[121.473981,31.231158]}},{"id":"1537","type":"Feature","properties":{"id":"B0HDZBZ2D7","name":"瑞尔齿科上海来福士诊所","address":"西藏中路268号201室(人民广场地铁站15号口旁)","type":"医疗保健服务;专科医院;口腔医院","typecode":"090202","pcode":310000,"pname":"上海市","citycode":21,"cityname":"上海市","adcode":310101,"adname":"黄浦区","business_area":"北京东路","location":"121.476607,31.232454","tel":"4008801900","bigType":"医疗保健服务","midType":"专科医院","smallType":"口腔医院","gcj_lng":121.476607,"gcj_lat":31.232454,"wgs84_loc":"121.472093,31.234403","wgs84Lng":121.472093,"wgs84Lat":31.234403,"__source_file__":"13-常用公服设施点/CSV/上海市_专科医院.csv"},"geometry":{"type":"Point","coordinates":[121.472093,31.234403]}},{"id":"2165","type":"Feature","properties":{"id":"B0FFK0K96X","name":"鹏爱整形","address":"汉口路691号","type":"医疗保健服务;专科医院;整形美容","typecode":"090201","pcode":310000,"pname":"上海市","citycode":21,"cityname":"上海市","adcode":310101,"adname":"黄浦区","business_area":"北京东路","location":"121.477180,31.233214","tel":"[]","bigType":"医疗保健服务","midType":"专科医院","smallType":"整形美容","gcj_lng":121.47718,"gcj_lat":31.233214,"wgs84_loc":"121.472668,31.235165","wgs84Lng":121.472668,"wgs84Lat":31.235165,"__source_file__":"13-常用公服设施点/CSV/上海市_专科医院.csv"},"geometry":{"type":"Point","coordinates":[121.472668,31.235165]}},{"id":"624","type":"Feature","properties":{"id":"B0FFJWLQ08","name":"上海优利沃斯医疗美容诊所","address":"延安东路550号海洋大厦","type":"医疗保健服务;专科医院;整形美容","typecode":"090201","pcode":310000,"pname":"上海市","citycode":21,"cityname":"上海市","adcode":310101,"adname":"黄浦区","business_area":"北京东路","location":"121.481520,31.230910","tel":"[]","bigType":"医疗保健服务","midType":"专科医院","smallType":"整形美容","gcj_lng":121.48152,"gcj_lat":31.23091,"wgs84_loc":"121.477023,31.232874","wgs84Lng":121.477023,"wgs84Lat":31.232874,"__source_file__":"13-常用公服设施点/CSV/上海市_专科医院.csv"},"geometry":{"type":"Point","coordinates":[121.477023,31.232874]}},{"id":"625","type":"Feature","properties":{"id":"B0GKK7XV0N","name":"上海诺迪新天地医疗美容门诊部(BIOYAYA)","address":"延安东路222号49楼","type":"医疗保健服务;专科医院;整形美容","typecode":"090201","pcode":310000,"pname":"上海市","citycode":21,"cityname":"上海市","adcode":310101,"adname":"黄浦区","business_area":"北京东路","location":"121.487575,31.232584","tel":"021-63295988","bigType":"医疗保健服务","midType":"专科医院","smallType":"整形美容","gcj_lng":121.487575,"gcj_lat":31.232584,"wgs84_loc":"121.483099,31.234565","wgs84Lng":121.483099,"wgs84Lat":31.234565,"__source_file__":"13-常用公服设施点/CSV/上海市_专科医院.csv"},"geometry":{"type":"Point","coordinates":[121.483099,31.234565]}},{"id":"3077","type":"Feature","properties":{"id":"B0IAKUHDAM","name":"BIOYAYA医疗美容门诊部(上海店)","address":"外滩街道延安东路222号49楼","type":"医疗保健服务;专科医院;整形美容","typecode":"090201","pcode":310000,"pname":"上海市","citycode":21,"cityname":"上海市","adcode":310101,"adname":"黄浦区","business_area":"北京东路","location":"121.487619,31.232608","tel":"17051031272","bigType":"医疗保健服务","midType":"专科医院","smallType":"整形美容","gcj_lng":121.487619,"gcj_lat":31.232608,"wgs84_loc":"121.483143,31.234589","wgs84Lng":121.483143,"wgs84Lat":31.234589,"__source_file__":"13-常用公服设施点/CSV/上海市_专科医院.csv"},"geometry":{"type":"Point","coordinates":[121.483143,31.234589]}},{"id":"70","type":"Feature","properties":{"id":"B0FFF5SHO9","name":"上海仁济医院肛肠科","address":"山东中路145号","type":"医疗保健服务;专科医院;专科医院","typecode":"090200","pcode":310000,"pname":"上海市","citycode":21,"cityname":"上海市","adcode":310101,"adname":"黄浦区","business_area":"北京东路","location":"121.484544,31.233309","tel":"021-58752345","bigType":"医疗保健服务","midType":"专科医院","smallType":"专科医院","gcj_lng":121.484544,"gcj_lat":31.233309,"wgs84_loc":"121.480057,31.235281","wgs84Lng":121.480057,"wgs84Lat":31.235281,"__source_file__":"13-常用公服设施点/CSV/上海市_专科医院.csv"},"geometry":{"type":"Point","coordinates":[121.480057,31.235281]}},{"id":"2760","type":"Feature","properties":{"id":"B0FFJEUY9R","name":"代梦口腔","address":"汉口路541号","type":"医疗保健服务;专科医院;口腔医院","typecode":"090202","pcode":310000,"pname":"上海市","citycode":21,"cityname":"上海市","adcode":310101,"adname":"黄浦区","business_area":"北京东路","location":"121.479755,31.234021","tel":"021-63391629","bigType":"医疗保健服务","midType":"专科医院","smallType":"口腔医院","gcj_lng":121.479755,"gcj_lat":31.234021,"wgs84_loc":"121.475252,31.235978","wgs84Lng":121.475252,"wgs84Lat":31.235978,"__source_file__":"13-常用公服设施点/CSV/上海市_专科医院.csv"},"geometry":{"type":"Point","coordinates":[121.475252,31.235978]}},{"id":"620","type":"Feature","properties":{"id":"B0H1M5XZB9","name":"上海悦目佳容医疗美容门诊部","address":"福州路318号(华设大厦)四楼","type":"医疗保健服务;专科医院;整形美容","typecode":"090201","pcode":310000,"pname":"上海市","citycode":21,"cityname":"上海市","adcode":310101,"adname":"黄浦区","business_area":"北京东路","location":"121.484201,31.234791","tel":"021-63307873;13918301847","bigType":"医疗保健服务","midType":"专科医院","smallType":"整形美容","gcj_lng":121.484201,"gcj_lat":31.234791,"wgs84_loc":"121.479713,31.236761","wgs84Lng":121.479713,"wgs84Lat":31.236761,"__source_file__":"13-常用公服设施点/CSV/上海市_专科医院.csv"},"geometry":{"type":"Point","coordinates":[121.479713,31.236761]}},{"id":"2625","type":"Feature","properties":{"id":"B0G21S83M6","name":"上海玺美医疗美容门诊部","address":"福州路318号(华设大厦)四楼","type":"医疗保健服务;专科医院;整形美容","typecode":"090201","pcode":310000,"pname":"上海市","citycode":21,"cityname":"上海市","adcode":310101,"adname":"黄浦区","business_area":"北京东路","location":"121.484201,31.234791","tel":"021-63307873","bigType":"医疗保健服务","midType":"专科医院","smallType":"整形美容","gcj_lng":121.484201,"gcj_lat":31.234791,"wgs84_loc":"121.479713,31.236761","wgs84Lng":121.479713,"wgs84Lat":31.236761,"__source_file__":"13-常用公服设施点/CSV/上海市_专科医院.csv"},"geometry":{"type":"Point","coordinates":[121.479713,31.236761]}},{"id":"2506","type":"Feature","properties":{"id":"B001572AOY","name":"程晓虹口腔诊所","address":"山西南路上海华盛大厦10层1006A室","type":"医疗保健服务;专科医院;口腔医院","typecode":"090202","pcode":310000,"pname":"上海市","citycode":21,"cityname":"上海市","adcode":310101,"adname":"黄浦区","business_area":"北京东路","location":"121.482730,31.235311","tel":"021-53017123;021-53017263","bigType":"医疗保健服务","midType":"专科医院","smallType":"口腔医院","gcj_lng":121.48273,"gcj_lat":31.235311,"wgs84_loc":"121.478237,31.237276","wgs84Lng":121.478237,"wgs84Lat":31.237276,"__source_file__":"13-常用公服设施点/CSV/上海市_专科医院.csv"},"geometry":{"type":"Point","coordinates":[121.478237,31.237276]}},{"id":"3444","type":"Feature","properties":{"id":"B0KRK59JYB","name":"华齿口腔(南京东路店)","address":"九江路399号1号幢3楼东侧A区","type":"医疗保健服务;专科医院;口腔医院","typecode":"090202","pcode":310000,"pname":"上海市","citycode":21,"cityname":"上海市","adcode":310101,"adname":"黄浦区","business_area":"北京路","location":"121.482631,31.235832","tel":"021-67895530","bigType":"医疗保健服务","midType":"专科医院","smallType":"口腔医院","gcj_lng":121.482631,"gcj_lat":31.235832,"wgs84_loc":"121.478137,31.237797","wgs84Lng":121.478137,"wgs84Lat":31.237797,"__source_file__":"13-常用公服设施点/CSV/上海市_专科医院.csv"},"geometry":{"type":"Point","coordinates":[121.478137,31.237797]}},{"id":"2459","type":"Feature","properties":{"id":"B0FFGJBNFH","name":"瑞尔齿科名人诊所","address":"南京东路300号恒基名人购物中心F4","type":"医疗保健服务;专科医院;口腔医院","typecode":"090202","pcode":310000,"pname":"上海市","citycode":21,"cityname":"上海市","adcode":310101,"adname":"黄浦区","business_area":"北京东路","location":"121.484033,31.237896","tel":"021-63222323;4008801900","bigType":"医疗保健服务","midType":"专科医院","smallType":"口腔医院","gcj_lng":121.484033,"gcj_lat":31.237896,"wgs84_loc":"121.479544,31.239864","wgs84Lng":121.479544,"wgs84Lat":31.239864,"__source_file__":"13-常用公服设施点/CSV/上海市_专科医院.csv"},"geometry":{"type":"Point","coordinates":[121.479544,31.239864]}},{"id":"627","type":"Feature","properties":{"id":"B0FFKWQJRR","name":"上海亚太医疗美容门诊部","address":"中山东二路88号外滩SOHO-C座30楼","type":"医疗保健服务;专科医院;整形美容","typecode":"090201","pcode":310000,"pname":"上海市","citycode":21,"cityname":"上海市","adcode":310101,"adname":"黄浦区","business_area":"北京东路","location":"121.494439,31.229779","tel":"18938932605","bigType":"医疗保健服务","midType":"专科医院","smallType":"整形美容","gcj_lng":121.494439,"gcj_lat":31.229779,"wgs84_loc":"121.489988,31.231781","wgs84Lng":121.489988,"wgs84Lat":31.231781,"__source_file__":"13-常用公服设施点/CSV/上海市_专科医院.csv"},"geometry":{"type":"Point","coordinates":[121.489988,31.231781]}},{"id":"727","type":"Feature","properties":{"id":"B0FFLMSLIB","name":"登士德齿科外滩门诊部","address":"人民路300号SOHO.D座11层02-03室","type":"医疗保健服务;专科医院;口腔医院","typecode":"090202","pcode":310000,"pname":"上海市","citycode":21,"cityname":"上海市","adcode":310101,"adname":"黄浦区","business_area":"城隍庙","location":"121.493468,31.229949","tel":"021-63206666","bigType":"医疗保健服务","midType":"专科医院","smallType":"口腔医院","gcj_lng":121.493468,"gcj_lat":31.229949,"wgs84_loc":"121.489013,31.231948","wgs84Lng":121.489013,"wgs84Lat":31.231948,"__source_file__":"13-常用公服设施点/CSV/上海市_专科医院.csv"},"geometry":{"type":"Point","coordinates":[121.489013,31.231948]}},{"id":"83","type":"Feature","properties":{"id":"B0I6AS30SV","name":"上实医美","address":"外滩SOHO-G座","type":"医疗保健服务;专科医院;整形美容","typecode":"090201","pcode":310000,"pname":"上海市","citycode":21,"cityname":"上海市","adcode":310101,"adname":"黄浦区","business_area":"北京东路","location":"121.492980,31.230243","tel":"[]","bigType":"医疗保健服务","midType":"专科医院","smallType":"整形美容","gcj_lng":121.49298,"gcj_lat":31.230243,"wgs84_loc":"121.488523,31.232241","wgs84Lng":121.488523,"wgs84Lat":31.232241,"__source_file__":"13-常用公服设施点/CSV/上海市_专科医院.csv"},"geometry":{"type":"Point","coordinates":[121.488523,31.232241]}},{"id":"73","type":"Feature","properties":{"id":"B0FFJ1PA0V","name":"上海魅傲医疗美容门诊部","address":"中山东二路与金陵东路交叉口东南约80米","type":"医疗保健服务;专科医院;整形美容","typecode":"090201","pcode":310000,"pname":"上海市","citycode":21,"cityname":"上海市","adcode":310101,"adname":"黄浦区","business_area":"城隍庙","location":"121.493314,31.231356","tel":"[]","bigType":"医疗保健服务","midType":"专科医院","smallType":"整形美容","gcj_lng":121.493314,"gcj_lat":31.231356,"wgs84_loc":"121.488859,31.233354","wgs84Lng":121.488859,"wgs84Lat":31.233354,"__source_file__":"13-常用公服设施点/CSV/上海市_专科医院.csv"},"geometry":{"type":"Point","coordinates":[121.488859,31.233354]}},{"id":"618","type":"Feature","properties":{"id":"B0GDF5XNGB","name":"CD卡多利亚医学中心","address":"延安东路134-136-142-150号","type":"医疗保健服务;专科医院;整形美容","typecode":"090201","pcode":310000,"pname":"上海市","citycode":21,"cityname":"上海市","adcode":310101,"adname":"黄浦区","business_area":"北京东路","location":"121.489186,31.232344","tel":"[]","bigType":"医疗保健服务","midType":"专科医院","smallType":"整形美容","gcj_lng":121.489186,"gcj_lat":31.232344,"wgs84_loc":"121.484716,31.23433","wgs84Lng":121.484716,"wgs84Lat":31.23433,"__source_file__":"13-常用公服设施点/CSV/上海市_专科医院.csv"},"geometry":{"type":"Point","coordinates":[121.484716,31.23433]}},{"id":"1979","type":"Feature","properties":{"id":"B0HUV168ZB","name":"瑞尔齿科(正大广场)","address":"陆家嘴西路168号正大广场地下B1层F16室","type":"医疗保健服务;专科医院;口腔医院","typecode":"090202","pcode":310000,"pname":"上海市","citycode":21,"cityname":"上海市","adcode":310115,"adname":"浦东新区","business_area":"陆家嘴","location":"121.498641,31.236473","tel":"021-50476878;4008567120","bigType":"医疗保健服务","midType":"专科医院","smallType":"口腔医院","gcj_lng":121.498641,"gcj_lat":31.236473,"wgs84_loc":"121.494204,31.238485","wgs84Lng":121.494204,"wgs84Lat":31.238485,"__source_file__":"13-常用公服设施点/CSV/上海市_专科医院.csv"},"geometry":{"type":"Point","coordinates":[121.494204,31.238485]}},{"id":"1767","type":"Feature","properties":{"id":"B0FFFXQVDG","name":"瑞尔滨江口腔门诊部","address":"陆家嘴西路168号正大广场","type":"医疗保健服务;专科医院;口腔医院","typecode":"090202","pcode":310000,"pname":"上海市","citycode":21,"cityname":"上海市","adcode":310115,"adname":"浦东新区","business_area":"陆家嘴","location":"121.499114,31.236751","tel":"021-50476878","bigType":"医疗保健服务","midType":"专科医院","smallType":"口腔医院","gcj_lng":121.499114,"gcj_lat":31.236751,"wgs84_loc":"121.494679,31.238764","wgs84Lng":121.494679,"wgs84Lat":31.238764,"__source_file__":"13-常用公服设施点/CSV/上海市_专科医院.csv"},"geometry":{"type":"Point","coordinates":[121.494679,31.238764]}},{"id":"1969","type":"Feature","properties":{"id":"B0FFGXNTCU","name":"上海瑞尔齿科正大诊所","address":"陆家嘴西路168号正大广场B1层F16室","type":"医疗保健服务;专科医院;口腔医院","typecode":"090202","pcode":310000,"pname":"上海市","citycode":21,"cityname":"上海市","adcode":310115,"adname":"浦东新区","business_area":"陆家嘴","location":"121.498937,31.236786","tel":"021-50476878","bigType":"医疗保健服务","midType":"专科医院","smallType":"口腔医院","gcj_lng":121.498937,"gcj_lat":31.236786,"wgs84_loc":"121.494501,31.238799","wgs84Lng":121.494501,"wgs84Lat":31.238799,"__source_file__":"13-常用公服设施点/CSV/上海市_专科医院.csv"},"geometry":{"type":"Point","coordinates":[121.494501,31.238799]}},{"id":"72","type":"Feature","properties":{"id":"B00156ZSN4","name":"上海比华利医疗美容机构","address":"南京东路61号1008室","type":"医疗保健服务;专科医院;整形美容","typecode":"090201","pcode":310000,"pname":"上海市","citycode":21,"cityname":"上海市","adcode":310101,"adname":"黄浦区","business_area":"北京东路","location":"121.488953,31.238621","tel":"[]","bigType":"医疗保健服务","midType":"专科医院","smallType":"整形美容","gcj_lng":121.488953,"gcj_lat":31.238621,"wgs84_loc":"121.484481,31.240603","wgs84Lng":121.484481,"wgs84Lat":31.240603,"__source_file__":"13-常用公服设施点/CSV/上海市_专科医院.csv"},"geometry":{"type":"Point","coordinates":[121.484481,31.240603]}},{"id":"3355","type":"Feature","properties":{"id":"B0J3ZZUGDD","name":"上海新瞳眼科医院","address":"滇池路81-85号二至六层","type":"医疗保健服务;专科医院;眼科医院","typecode":"090203","pcode":310000,"pname":"上海市","citycode":21,"cityname":"上海市","adcode":310101,"adname":"黄浦区","business_area":"北京路","location":"121.488108,31.239437","tel":"[]","bigType":"医疗保健服务","midType":"专科医院","smallType":"眼科医院","gcj_lng":121.488108,"gcj_lat":31.239437,"wgs84_loc":"121.483633,31.241416","wgs84Lng":121.483633,"wgs84Lat":31.241416,"__source_file__":"13-常用公服设施点/CSV/上海市_专科医院.csv"},"geometry":{"type":"Point","coordinates":[121.483633,31.241416]}},{"id":"1532","type":"Feature","properties":{"id":"B00155GFTH","name":"上海梁根立口腔诊所","address":"天津路159号3层","type":"医疗保健服务;专科医院;口腔医院","typecode":"090202","pcode":310000,"pname":"上海市","citycode":21,"cityname":"上海市","adcode":310101,"adname":"黄浦区","business_area":"北京东路","location":"121.483240,31.238077","tel":"[]","bigType":"医疗保健服务","midType":"专科医院","smallType":"口腔医院","gcj_lng":121.48324,"gcj_lat":31.238077,"wgs84_loc":"121.478748,31.240043","wgs84Lng":121.478748,"wgs84Lat":31.240043,"__source_file__":"13-常用公服设施点/CSV/上海市_专科医院.csv"},"geometry":{"type":"Point","coordinates":[121.478748,31.240043]}},{"id":"621","type":"Feature","properties":{"id":"B0FFGYW0HD","name":"智美颜和医疗美容","address":"圆明园路43号1-4楼","type":"医疗保健服务;专科医院;整形美容","typecode":"090201","pcode":310000,"pname":"上海市","citycode":21,"cityname":"上海市","adcode":310101,"adname":"黄浦区","business_area":"北京东路","location":"121.488055,31.240351","tel":"021-63350996","bigType":"医疗保健服务","midType":"专科医院","smallType":"整形美容","gcj_lng":121.488055,"gcj_lat":31.240351,"wgs84_loc":"121.48358,31.24233","wgs84Lng":121.48358,"wgs84Lat":31.24233,"__source_file__":"13-常用公服设施点/CSV/上海市_专科医院.csv"},"geometry":{"type":"Point","coordinates":[121.48358,31.24233]}},{"id":"26","type":"Feature","properties":{"id":"B0FFIB5FQH","name":"上海市口腔医院","address":"北京东路356号国华大楼","type":"医疗保健服务;专科医院;口腔医院","typecode":"090202","pcode":310000,"pname":"上海市","citycode":21,"cityname":"上海市","adcode":310101,"adname":"黄浦区","business_area":"北京东路","location":"121.483142,31.240461","tel":"[]","bigType":"医疗保健服务","midType":"专科医院","smallType":"口腔医院","gcj_lng":121.483142,"gcj_lat":31.240461,"wgs84_loc":"121.47865,31.242425","wgs84Lng":121.47865,"wgs84Lat":31.242425,"__source_file__":"13-常用公服设施点/CSV/上海市_专科医院.csv"},"geometry":{"type":"Point","coordinates":[121.47865,31.242425]}},{"id":"82","type":"Feature","properties":{"id":"B0HGZZ1S6T","name":"复旦大学附属口腔医院","address":"上海口腔防治院","type":"医疗保健服务;专科医院;口腔医院","typecode":"090202","pcode":310000,"pname":"上海市","citycode":21,"cityname":"上海市","adcode":310101,"adname":"黄浦区","business_area":"北京东路","location":"121.483184,31.240486","tel":"[]","bigType":"医疗保健服务","midType":"专科医院","smallType":"口腔医院","gcj_lng":121.483184,"gcj_lat":31.240486,"wgs84_loc":"121.478692,31.24245","wgs84Lng":121.478692,"wgs84Lat":31.24245,"__source_file__":"13-常用公服设施点/CSV/上海市_专科医院.csv"},"geometry":{"type":"Point","coordinates":[121.478692,31.24245]}},{"id":"24","type":"Feature","properties":{"id":"B0FFFFI7OT","name":"上海市口腔病防治院","address":"北京东路356号国华大楼2层","type":"医疗保健服务;专科医院;口腔医院|医疗保健服务;疾病预防机构;疾病预防","typecode":"090202|090500","pcode":310000,"pname":"上海市","citycode":21,"cityname":"上海市","adcode":310101,"adname":"黄浦区","business_area":"北京东路","location":"121.483264,31.240525","tel":"021-63509092","bigType":"医疗保健服务","midType":"专科医院","smallType":"口腔医院|医疗保健服务","gcj_lng":121.483264,"gcj_lat":31.240525,"wgs84_loc":"121.478772,31.24249","wgs84Lng":121.478772,"wgs84Lat":31.24249,"__source_file__":"13-常用公服设施点/CSV/上海市_专科医院.csv"},"geometry":{"type":"Point","coordinates":[121.478772,31.24249]}},{"id":"1479","type":"Feature","properties":{"id":"B0FFHIA5YR","name":"上海市口腔病防治院-儿童口腔科","address":"北京东路356号五楼","type":"医疗保健服务;专科医院;口腔医院","typecode":"090202","pcode":310000,"pname":"上海市","citycode":21,"cityname":"上海市","adcode":310101,"adname":"黄浦区","business_area":"北京东路","location":"121.483193,31.240536","tel":"[]","bigType":"医疗保健服务","midType":"专科医院","smallType":"口腔医院","gcj_lng":121.483193,"gcj_lat":31.240536,"wgs84_loc":"121.478701,31.2425","wgs84Lng":121.478701,"wgs84Lat":31.2425,"__source_file__":"13-常用公服设施点/CSV/上海市_专科医院.csv"},"geometry":{"type":"Point","coordinates":[121.478701,31.2425]}},{"id":"622","type":"Feature","properties":{"id":"B0FFF7KUC0","name":"上海鸥美药妆医疗美容门诊部","address":"北京东路300号","type":"医疗保健服务;专科医院;整形美容","typecode":"090201","pcode":310000,"pname":"上海市","citycode":21,"cityname":"上海市","adcode":310101,"adname":"黄浦区","business_area":"北京东路","location":"121.484282,31.240610","tel":"021-51088606","bigType":"医疗保健服务","midType":"专科医院","smallType":"整形美容","gcj_lng":121.484282,"gcj_lat":31.24061,"wgs84_loc":"121.479794,31.242577","wgs84Lng":121.479794,"wgs84Lat":31.242577,"__source_file__":"13-常用公服设施点/CSV/上海市_专科医院.csv"},"geometry":{"type":"Point","coordinates":[121.479794,31.242577]}},{"id":"37","type":"Feature","properties":{"id":"B0H3T9NMCS","name":"上海市口腔医院(北京东路院区)","address":"北京东路356号国华大楼2-5层","type":"医疗保健服务;专科医院;口腔医院","typecode":"090202","pcode":310000,"pname":"上海市","citycode":21,"cityname":"上海市","adcode":310101,"adname":"黄浦区","business_area":"北京东路","location":"121.483308,31.240635","tel":"021-63509092","bigType":"医疗保健服务","midType":"专科医院","smallType":"口腔医院","gcj_lng":121.483308,"gcj_lat":31.240635,"wgs84_loc":"121.478816,31.2426","wgs84Lng":121.478816,"wgs84Lat":31.2426,"__source_file__":"13-常用公服设施点/CSV/上海市_专科医院.csv"},"geometry":{"type":"Point","coordinates":[121.478816,31.2426]}},{"id":"2258","type":"Feature","properties":{"id":"B00155F1SC","name":"上海王艺口腔诊所","address":"南苏州路333号华隆大厦","type":"医疗保健服务;专科医院;口腔医院","typecode":"090202","pcode":310000,"pname":"上海市","citycode":21,"cityname":"上海市","adcode":310101,"adname":"黄浦区","business_area":"北京东路","location":"121.483943,31.241847","tel":"021-63230828","bigType":"医疗保健服务","midType":"专科医院","smallType":"口腔医院","gcj_lng":121.483943,"gcj_lat":31.241847,"wgs84_loc":"121.479454,31.243813","wgs84Lng":121.479454,"wgs84Lat":31.243813,"__source_file__":"13-常用公服设施点/CSV/上海市_专科医院.csv"},"geometry":{"type":"Point","coordinates":[121.479454,31.243813]}},{"id":"2819","type":"Feature","properties":{"id":"B0GK3CTQ6U","name":"上海晶彩口腔诊所","address":"海宁路737、739号","type":"医疗保健服务;专科医院;口腔医院","typecode":"090202","pcode":310000,"pname":"上海市","citycode":21,"cityname":"上海市","adcode":310106,"adname":"静安区","business_area":"七浦路","location":"121.479767,31.246693","tel":"[]","bigType":"医疗保健服务","midType":"专科医院","smallType":"口腔医院","gcj_lng":121.479767,"gcj_lat":31.246693,"wgs84_loc":"121.475263,31.248645","wgs84Lng":121.475263,"wgs84Lat":31.248645,"__source_file__":"13-常用公服设施点/CSV/上海市_专科医院.csv"},"geometry":{"type":"Point","coordinates":[121.475263,31.248645]}},{"id":"1534","type":"Feature","properties":{"id":"B0G1TUVD50","name":"福斯曼牙齿隐形矫正·鼎植口腔(人民广场店)","address":"六合路98号港陆黄浦中心17楼","type":"医疗保健服务;专科医院;口腔医院","typecode":"090202","pcode":310000,"pname":"上海市","citycode":21,"cityname":"上海市","adcode":310101,"adname":"黄浦区","business_area":"北京东路","location":"121.475005,31.236549","tel":"[]","bigType":"医疗保健服务","midType":"专科医院","smallType":"口腔医院","gcj_lng":121.475005,"gcj_lat":31.236549,"wgs84_loc":"121.470486,31.238492","wgs84Lng":121.470486,"wgs84Lat":31.238492,"__source_file__":"13-常用公服设施点/CSV/上海市_专科医院.csv"},"geometry":{"type":"Point","coordinates":[121.470486,31.238492]}},{"id":"2774","type":"Feature","properties":{"id":"B0FFKFX3G9","name":"上海赛德口腔门诊部","address":"曲阜路23-29号1层","type":"医疗保健服务;专科医院;口腔医院","typecode":"090202","pcode":310000,"pname":"上海市","citycode":21,"cityname":"上海市","adcode":310106,"adname":"静安区","business_area":"北京东路","location":"121.475618,31.242824","tel":"021-66271275","bigType":"医疗保健服务","midType":"专科医院","smallType":"口腔医院","gcj_lng":121.475618,"gcj_lat":31.242824,"wgs84_loc":"121.4711,31.244766","wgs84Lng":121.4711,"wgs84Lat":31.244766,"__source_file__":"13-常用公服设施点/CSV/上海市_专科医院.csv"},"geometry":{"type":"Point","coordinates":[121.4711,31.244766]}},{"id":"664","type":"Feature","properties":{"id":"B0IBKYHDID","name":"小动物全科诊疗中心","address":"[]","type":"医疗保健服务;专科医院;专科医院","typecode":"090200","pcode":310000,"pname":"上海市","citycode":21,"cityname":"上海市","adcode":310106,"adname":"静安区","business_area":"七浦路","location":"121.474005,31.242974","tel":"[]","bigType":"医疗保健服务","midType":"专科医院","smallType":"专科医院","gcj_lng":121.474005,"gcj_lat":31.242974,"wgs84_loc":"121.469482,31.244911","wgs84Lng":121.469482,"wgs84Lat":31.244911,"__source_file__":"13-常用公服设施点/CSV/上海市_专科医院.csv"},"geometry":{"type":"Point","coordinates":[121.469482,31.244911]}},{"id":"3246","type":"Feature","properties":{"id":"B0I1157MIH","name":"上海皮肤病医院","address":"福建北路174号","type":"医疗保健服务;专科医院;专科医院","typecode":"090200","pcode":310000,"pname":"上海市","citycode":21,"cityname":"上海市","adcode":310106,"adname":"静安区","business_area":"七浦路","location":"121.478630,31.243746","tel":"19921241745","bigType":"医疗保健服务","midType":"专科医院","smallType":"专科医院","gcj_lng":121.47863,"gcj_lat":31.243746,"wgs84_loc":"121.474122,31.245696","wgs84Lng":121.474122,"wgs84Lat":31.245696,"__source_file__":"13-常用公服设施点/CSV/上海市_专科医院.csv"},"geometry":{"type":"Point","coordinates":[121.474122,31.245696]}},{"id":"134","type":"Feature","properties":{"id":"B0FFJSC9X3","name":"齐美矫正(光明店)","address":"西藏北路199号光明地产大厦6层","type":"医疗保健服务;专科医院;口腔医院","typecode":"090202","pcode":310000,"pname":"上海市","citycode":21,"cityname":"上海市","adcode":310106,"adname":"静安区","business_area":"七浦路","location":"121.470966,31.243812","tel":"021-52560832","bigType":"医疗保健服务","midType":"专科医院","smallType":"口腔医院","gcj_lng":121.470966,"gcj_lat":31.243812,"wgs84_loc":"121.466433,31.245741","wgs84Lng":121.466433,"wgs84Lat":31.245741,"__source_file__":"13-常用公服设施点/CSV/上海市_专科医院.csv"},"geometry":{"type":"Point","coordinates":[121.466433,31.245741]}},{"id":"2627","type":"Feature","properties":{"id":"B0FFL1861S","name":"易美齿科","address":"西藏北路166号上海静安大悦城北座L2层","type":"医疗保健服务;专科医院;口腔医院","typecode":"090202","pcode":310000,"pname":"上海市","citycode":21,"cityname":"上海市","adcode":310106,"adname":"静安区","business_area":"七浦路","location":"121.471931,31.243878","tel":"[]","bigType":"医疗保健服务","midType":"专科医院","smallType":"口腔医院","gcj_lng":121.471931,"gcj_lat":31.243878,"wgs84_loc":"121.467401,31.245809","wgs84Lng":121.467401,"wgs84Lat":31.245809,"__source_file__":"13-常用公服设施点/CSV/上海市_专科医院.csv"},"geometry":{"type":"Point","coordinates":[121.467401,31.245809]}},{"id":"2764","type":"Feature","properties":{"id":"B0FFLFOOKZ","name":"易美口腔门诊部","address":"海宁路与西藏北路交叉口东南60米","type":"医疗保健服务;专科医院;口腔医院","typecode":"090202","pcode":310000,"pname":"上海市","citycode":21,"cityname":"上海市","adcode":310106,"adname":"静安区","business_area":"七浦路","location":"121.471824,31.244525","tel":"[]","bigType":"医疗保健服务","midType":"专科医院","smallType":"口腔医院","gcj_lng":121.471824,"gcj_lat":31.244525,"wgs84_loc":"121.467294,31.246456","wgs84Lng":121.467294,"wgs84Lat":31.246456,"__source_file__":"13-常用公服设施点/CSV/上海市_专科医院.csv"},"geometry":{"type":"Point","coordinates":[121.467294,31.246456]}},{"id":"138","type":"Feature","properties":{"id":"B0FFH3R65J","name":"上海市皮肤病医院分院","address":"虬江路1057号(近会文路)","type":"医疗保健服务;专科医院;传染病医院","typecode":"090211","pcode":310000,"pname":"上海市","citycode":21,"cityname":"上海市","adcode":310106,"adname":"静安区","business_area":"宝山路","location":"121.472340,31.251513","tel":"[]","bigType":"医疗保健服务","midType":"专科医院","smallType":"传染病医院","gcj_lng":121.47234,"gcj_lat":31.251513,"wgs84_loc":"121.467811,31.253442","wgs84Lng":121.467811,"wgs84Lat":31.253442,"__source_file__":"13-常用公服设施点/CSV/上海市_专科医院.csv"},"geometry":{"type":"Point","coordinates":[121.467811,31.253442]}},{"id":"154","type":"Feature","properties":{"id":"B00157HSM4","name":"上海市第十人民医院分院","address":"虬江路1057-1","type":"医疗保健服务;专科医院;专科医院","typecode":"090200","pcode":310000,"pname":"上海市","citycode":21,"cityname":"上海市","adcode":310106,"adname":"静安区","business_area":"宝山路","location":"121.47214,31.251955","tel":"021-62498110;021-62595551;021-52666907","bigType":"医疗保健服务","midType":"专科医院","smallType":"专科医院","gcj_lng":121.47214,"gcj_lat":31.251955,"wgs84_loc":"121.46761,31.253883","wgs84Lng":121.46761,"wgs84Lat":31.253883,"__source_file__":"13-常用公服设施点/CSV/上海市_专科医院.csv"},"geometry":{"type":"Point","coordinates":[121.46761,31.253883]}},{"id":"167","type":"Feature","properties":{"id":"B0H64UK67K","name":"目中明视力养护免费体验中心","address":"鸿兴路28号","type":"医疗保健服务;专科医院;眼科医院","typecode":"090203","pcode":310000,"pname":"上海市","citycode":21,"cityname":"上海市","adcode":310106,"adname":"静安区","business_area":"宝山路","location":"121.475794,31.254109","tel":"[]","bigType":"医疗保健服务","midType":"专科医院","smallType":"眼科医院","gcj_lng":121.475794,"gcj_lat":31.254109,"wgs84_loc":"121.471276,31.256046","wgs84Lng":121.471276,"wgs84Lat":31.256046,"__source_file__":"13-常用公服设施点/CSV/上海市_专科医院.csv"},"geometry":{"type":"Point","coordinates":[121.471276,31.256046]}},{"id":"2559","type":"Feature","properties":{"id":"B0FFH2FUFD","name":"瑞美医疗(昌平路店)","address":"昌平路858-862号","type":"医疗保健服务;专科医院;整形美容","typecode":"090201","pcode":310000,"pname":"上海市","citycode":21,"cityname":"上海市","adcode":310106,"adname":"静安区","business_area":"曹家渡","location":"121.440157,31.233988","tel":"[]","bigType":"医疗保健服务","midType":"专科医院","smallType":"整形美容","gcj_lng":121.440157,"gcj_lat":31.233988,"wgs84_loc":"121.435544,31.235853","wgs84Lng":121.435544,"wgs84Lat":31.235853,"__source_file__":"13-常用公服设施点/CSV/上海市_专科医院.csv"},"geometry":{"type":"Point","coordinates":[121.435544,31.235853]}},{"id":"153","type":"Feature","properties":{"id":"B0FFILLRAL","name":"维乐口腔(昌平路门店)","address":"昌平路535号(昌平路西康路路口)","type":"医疗保健服务;专科医院;口腔医院","typecode":"090202","pcode":310000,"pname":"上海市","citycode":21,"cityname":"上海市","adcode":310106,"adname":"静安区","business_area":"曹家渡","location":"121.445439,31.235141","tel":"4008816680;021-52923305","bigType":"医疗保健服务","midType":"专科医院","smallType":"口腔医院","gcj_lng":121.445439,"gcj_lat":31.235141,"wgs84_loc":"121.440837,31.237015","wgs84Lng":121.440837,"wgs84Lat":31.237015,"__source_file__":"13-常用公服设施点/CSV/上海市_专科医院.csv"},"geometry":{"type":"Point","coordinates":[121.440837,31.237015]}},{"id":"1083","type":"Feature","properties":{"id":"B0H25YMLEH","name":"名齿口腔","address":"余姚路177号(昌平路地铁站5号口步行400米)","type":"医疗保健服务;专科医院;口腔医院","typecode":"090202","pcode":310000,"pname":"上海市","citycode":21,"cityname":"上海市","adcode":310106,"adname":"静安区","business_area":"曹家渡","location":"121.440036,31.235867","tel":"021-62882881","bigType":"医疗保健服务","midType":"专科医院","smallType":"口腔医院","gcj_lng":121.440036,"gcj_lat":31.235867,"wgs84_loc":"121.435422,31.237731","wgs84Lng":121.435422,"wgs84Lat":31.237731,"__source_file__":"13-常用公服设施点/CSV/上海市_专科医院.csv"},"geometry":{"type":"Point","coordinates":[121.435422,31.237731]}},{"id":"2872","type":"Feature","properties":{"id":"B0FFHR7A25","name":"永信齿科","address":"安远路443号","type":"医疗保健服务;专科医院;口腔医院","typecode":"090202","pcode":310000,"pname":"上海市","citycode":21,"cityname":"上海市","adcode":310106,"adname":"静安区","business_area":"曹家渡","location":"121.441569,31.238620","tel":"[]","bigType":"医疗保健服务","midType":"专科医院","smallType":"口腔医院","gcj_lng":121.441569,"gcj_lat":31.23862,"wgs84_loc":"121.436958,31.240486","wgs84Lng":121.436958,"wgs84Lat":31.240486,"__source_file__":"13-常用公服设施点/CSV/上海市_专科医院.csv"},"geometry":{"type":"Point","coordinates":[121.436958,31.240486]}},{"id":"2576","type":"Feature","properties":{"id":"B0FFH3R4U2","name":"上海永诺口腔门诊部","address":"安远路443-445号1层及","type":"医疗保健服务;专科医院;口腔医院","typecode":"090202","pcode":310000,"pname":"上海市","citycode":21,"cityname":"上海市","adcode":310106,"adname":"静安区","business_area":"曹家渡","location":"121.441611,31.238691","tel":"021-62888590;17177762833","bigType":"医疗保健服务","midType":"专科医院","smallType":"口腔医院","gcj_lng":121.441611,"gcj_lat":31.238691,"wgs84_loc":"121.437,31.240557","wgs84Lng":121.437,"wgs84Lat":31.240557,"__source_file__":"13-常用公服设施点/CSV/上海市_专科医院.csv"},"geometry":{"type":"Point","coordinates":[121.437,31.240557]}},{"id":"1203","type":"Feature","properties":{"id":"B0G0YBLB7K","name":"永信齿科·永诺口腔门诊部(静安店)","address":"安远路与西康路交叉口西南140米","type":"医疗保健服务;专科医院;口腔医院","typecode":"090202","pcode":310000,"pname":"上海市","citycode":21,"cityname":"上海市","adcode":310106,"adname":"静安区","business_area":"曹家渡","location":"121.441650,31.238743","tel":"[]","bigType":"医疗保健服务","midType":"专科医院","smallType":"口腔医院","gcj_lng":121.44165,"gcj_lat":31.238743,"wgs84_loc":"121.437039,31.240609","wgs84Lng":121.437039,"wgs84Lat":31.240609,"__source_file__":"13-常用公服设施点/CSV/上海市_专科医院.csv"},"geometry":{"type":"Point","coordinates":[121.437039,31.240609]}},{"id":"2721","type":"Feature","properties":{"id":"B0FFH10BGQ","name":"上海永信口腔医院","address":"安远路443号","type":"医疗保健服务;专科医院;口腔医院","typecode":"090202","pcode":310000,"pname":"上海市","citycode":21,"cityname":"上海市","adcode":310106,"adname":"静安区","business_area":"曹家渡","location":"121.441682,31.238751","tel":"[]","bigType":"医疗保健服务","midType":"专科医院","smallType":"口腔医院","gcj_lng":121.441682,"gcj_lat":31.238751,"wgs84_loc":"121.437071,31.240617","wgs84Lng":121.437071,"wgs84Lat":31.240617,"__source_file__":"13-常用公服设施点/CSV/上海市_专科医院.csv"},"geometry":{"type":"Point","coordinates":[121.437071,31.240617]}},{"id":"2677","type":"Feature","properties":{"id":"B00155E3GS","name":"上海陈传铭口腔诊所","address":"新丰路322号","type":"医疗保健服务;专科医院;口腔医院","typecode":"090202","pcode":310000,"pname":"上海市","citycode":21,"cityname":"上海市","adcode":310106,"adname":"静安区","business_area":"曹家渡","location":"121.445194,31.239387","tel":"021-62773828","bigType":"医疗保健服务","midType":"专科医院","smallType":"口腔医院","gcj_lng":121.445194,"gcj_lat":31.239387,"wgs84_loc":"121.440591,31.241259","wgs84Lng":121.440591,"wgs84Lat":31.241259,"__source_file__":"13-常用公服设施点/CSV/上海市_专科医院.csv"},"geometry":{"type":"Point","coordinates":[121.440591,31.241259]}},{"id":"849","type":"Feature","properties":{"id":"B0HK6S62LK","name":"上海爱多多中医诊所·AiDuoDuo TCM Clinic","address":"安远路与西康路交叉口东约60米","type":"医疗保健服务;专科医院;专科医院","typecode":"090200","pcode":310000,"pname":"上海市","citycode":21,"cityname":"上海市","adcode":310106,"adname":"静安区","business_area":"曹家渡","location":"121.443393,31.239460","tel":"[]","bigType":"医疗保健服务","midType":"专科医院","smallType":"专科医院","gcj_lng":121.443393,"gcj_lat":31.23946,"wgs84_loc":"121.438786,31.241328","wgs84Lng":121.438786,"wgs84Lat":31.241328,"__source_file__":"13-常用公服设施点/CSV/上海市_专科医院.csv"},"geometry":{"type":"Point","coordinates":[121.438786,31.241328]}},{"id":"2469","type":"Feature","properties":{"id":"B0FFI7EWTJ","name":"纽赛美容牙科","address":"新会路与陕西北路交叉口南50米","type":"医疗保健服务;专科医院;口腔医院","typecode":"090202","pcode":310000,"pname":"上海市","citycode":21,"cityname":"上海市","adcode":310107,"adname":"普陀区","business_area":"曹家渡","location":"121.442707,31.241724","tel":"[]","bigType":"医疗保健服务","midType":"专科医院","smallType":"口腔医院","gcj_lng":121.442707,"gcj_lat":31.241724,"wgs84_loc":"121.438098,31.24359","wgs84Lng":121.438098,"wgs84Lat":31.24359,"__source_file__":"13-常用公服设施点/CSV/上海市_专科医院.csv"},"geometry":{"type":"Point","coordinates":[121.438098,31.24359]}},{"id":"1509","type":"Feature","properties":{"id":"B0G2T95XLW","name":"健丽医疗美容(上海分院)","address":"长寿路818弄58号1-2层","type":"医疗保健服务;专科医院;整形美容","typecode":"090201","pcode":310000,"pname":"上海市","citycode":21,"cityname":"上海市","adcode":310107,"adname":"普陀区","business_area":"曹家渡","location":"121.429446,31.235926","tel":"19879356856","bigType":"医疗保健服务","midType":"专科医院","smallType":"整形美容","gcj_lng":121.429446,"gcj_lat":31.235926,"wgs84_loc":"121.424814,31.237775","wgs84Lng":121.424814,"wgs84Lat":31.237775,"__source_file__":"13-常用公服设施点/CSV/上海市_专科医院.csv"},"geometry":{"type":"Point","coordinates":[121.424814,31.237775]}},{"id":"2766","type":"Feature","properties":{"id":"B0FFFTPU3A","name":"荣嘉口腔","address":"光复西路303号","type":"医疗保健服务;专科医院;口腔医院","typecode":"090202","pcode":310000,"pname":"上海市","citycode":21,"cityname":"上海市","adcode":310107,"adname":"普陀区","business_area":"曹家渡","location":"121.430106,31.239754","tel":"021-62165078","bigType":"医疗保健服务","midType":"专科医院","smallType":"口腔医院","gcj_lng":121.430106,"gcj_lat":31.239754,"wgs84_loc":"121.425475,31.241602","wgs84Lng":121.425475,"wgs84Lat":31.241602,"__source_file__":"13-常用公服设施点/CSV/上海市_专科医院.csv"},"geometry":{"type":"Point","coordinates":[121.425475,31.241602]}},{"id":"3341","type":"Feature","properties":{"id":"B0J1M5YK1J","name":"上海童医儿科门诊部","address":"常德路1239号中环商务大厦F2层(长寿路地铁站1号口旁)","type":"医疗保健服务;专科医院;专科医院","typecode":"090200","pcode":310000,"pname":"上海市","citycode":21,"cityname":"上海市","adcode":310107,"adname":"普陀区","business_area":"长寿路","location":"121.436715,31.240082","tel":"021-62185758","bigType":"医疗保健服务","midType":"专科医院","smallType":"专科医院","gcj_lng":121.436715,"gcj_lat":31.240082,"wgs84_loc":"121.432094,31.241939","wgs84Lng":121.432094,"wgs84Lat":31.241939,"__source_file__":"13-常用公服设施点/CSV/上海市_专科医院.csv"},"geometry":{"type":"Point","coordinates":[121.432094,31.241939]}},{"id":"3460","type":"Feature","properties":{"id":"B0JGTUVCO5","name":"映雪颜医疗美容(上海店)","address":"长寿路468号海底捞9楼(长寿路地铁站1号口旁)","type":"医疗保健服务;专科医院;整形美容","typecode":"090201","pcode":310000,"pname":"上海市","citycode":21,"cityname":"上海市","adcode":310107,"adname":"普陀区","business_area":"长寿路","location":"121.436748,31.240105","tel":"[]","bigType":"医疗保健服务","midType":"专科医院","smallType":"整形美容","gcj_lng":121.436748,"gcj_lat":31.240105,"wgs84_loc":"121.432128,31.241962","wgs84Lng":121.432128,"wgs84Lat":31.241962,"__source_file__":"13-常用公服设施点/CSV/上海市_专科医院.csv"},"geometry":{"type":"Point","coordinates":[121.432128,31.241962]}},{"id":"3458","type":"Feature","properties":{"id":"B0K3VALWWM","name":"上海美郴医疗美容门诊部","address":"商务大厦9层","type":"医疗保健服务;专科医院;整形美容","typecode":"090201","pcode":310000,"pname":"上海市","citycode":21,"cityname":"上海市","adcode":310107,"adname":"普陀区","business_area":"长寿路","location":"121.436639,31.240135","tel":"[]","bigType":"医疗保健服务","midType":"专科医院","smallType":"整形美容","gcj_lng":121.436639,"gcj_lat":31.240135,"wgs84_loc":"121.432018,31.241992","wgs84Lng":121.432018,"wgs84Lat":31.241992,"__source_file__":"13-常用公服设施点/CSV/上海市_专科医院.csv"},"geometry":{"type":"Point","coordinates":[121.432018,31.241992]}},{"id":"1204","type":"Feature","properties":{"id":"B0HAVG91X9","name":"猫头鹰口腔上海长寿口腔门诊部","address":"长寿路468号中环商务大厦2楼201室","type":"医疗保健服务;专科医院;口腔医院","typecode":"090202","pcode":310000,"pname":"上海市","citycode":21,"cityname":"上海市","adcode":310107,"adname":"普陀区","business_area":"曹家渡","location":"121.436800,31.240249","tel":"[]","bigType":"医疗保健服务","midType":"专科医院","smallType":"口腔医院","gcj_lng":121.4368,"gcj_lat":31.240249,"wgs84_loc":"121.43218,31.242106","wgs84Lng":121.43218,"wgs84Lat":31.242106,"__source_file__":"13-常用公服设施点/CSV/上海市_专科医院.csv"},"geometry":{"type":"Point","coordinates":[121.43218,31.242106]}},{"id":"2770","type":"Feature","properties":{"id":"B0FFFLJCXP","name":"上海和泓口腔门诊部","address":"镇坪路266-268号(镇坪路地铁站4口旁)","type":"医疗保健服务;专科医院;口腔医院","typecode":"090202","pcode":310000,"pname":"上海市","citycode":21,"cityname":"上海市","adcode":310107,"adname":"普陀区","business_area":"光新","location":"121.432087,31.246779","tel":"021-32030156","bigType":"医疗保健服务","midType":"专科医院","smallType":"口腔医院","gcj_lng":121.432087,"gcj_lat":31.246779,"wgs84_loc":"121.427458,31.248626","wgs84Lng":121.427458,"wgs84Lat":31.248626,"__source_file__":"13-常用公服设施点/CSV/上海市_专科医院.csv"},"geometry":{"type":"Point","coordinates":[121.427458,31.248626]}},{"id":"2151","type":"Feature","properties":{"id":"B0FFHJZQEV","name":"和泓齿科","address":"镇坪路266号1层","type":"医疗保健服务;专科医院;口腔医院","typecode":"090202","pcode":310000,"pname":"上海市","citycode":21,"cityname":"上海市","adcode":310107,"adname":"普陀区","business_area":"光新","location":"121.432112,31.246781","tel":"021-32030156","bigType":"医疗保健服务","midType":"专科医院","smallType":"口腔医院","gcj_lng":121.432112,"gcj_lat":31.246781,"wgs84_loc":"121.427483,31.248628","wgs84Lng":121.427483,"wgs84Lat":31.248628,"__source_file__":"13-常用公服设施点/CSV/上海市_专科医院.csv"},"geometry":{"type":"Point","coordinates":[121.427483,31.248628]}},{"id":"265","type":"Feature","properties":{"id":"B0FFKPEUYY","name":"和泓口腔","address":"镇坪路266号(镇坪路地铁站5号口步行60米)","type":"医疗保健服务;专科医院;口腔医院","typecode":"090202","pcode":310000,"pname":"上海市","citycode":21,"cityname":"上海市","adcode":310107,"adname":"普陀区","business_area":"光新","location":"121.432168,31.246785","tel":"[]","bigType":"医疗保健服务","midType":"专科医院","smallType":"口腔医院","gcj_lng":121.432168,"gcj_lat":31.246785,"wgs84_loc":"121.427539,31.248633","wgs84Lng":121.427539,"wgs84Lat":31.248633,"__source_file__":"13-常用公服设施点/CSV/上海市_专科医院.csv"},"geometry":{"type":"Point","coordinates":[121.427539,31.248633]}},{"id":"3463","type":"Feature","properties":{"id":"B0KAXDG2T1","name":"华尔康口腔医院(上海总院)","address":"中山北路2143号(镇坪路地铁站3号口步行170米)","type":"医疗保健服务;专科医院;口腔医院","typecode":"090202","pcode":310000,"pname":"上海市","citycode":21,"cityname":"上海市","adcode":310107,"adname":"普陀区","business_area":"光新","location":"121.428900,31.247049","tel":"[]","bigType":"医疗保健服务","midType":"专科医院","smallType":"口腔医院","gcj_lng":121.4289,"gcj_lat":31.247049,"wgs84_loc":"121.424266,31.248892","wgs84Lng":121.424266,"wgs84Lat":31.248892,"__source_file__":"13-常用公服设施点/CSV/上海市_专科医院.csv"},"geometry":{"type":"Point","coordinates":[121.424266,31.248892]}},{"id":"3135","type":"Feature","properties":{"id":"B0IAKUEZKQ","name":"上海薇琳植发","address":"江宁路818号(/海防路路口)","type":"医疗保健服务;专科医院;整形美容","typecode":"090201","pcode":310000,"pname":"上海市","citycode":21,"cityname":"上海市","adcode":310106,"adname":"静安区","business_area":"曹家渡","location":"121.448037,31.239594","tel":"17051030941","bigType":"医疗保健服务","midType":"专科医院","smallType":"整形美容","gcj_lng":121.448037,"gcj_lat":31.239594,"wgs84_loc":"121.44344,31.241471","wgs84Lng":121.44344,"wgs84Lat":31.241471,"__source_file__":"13-常用公服设施点/CSV/上海市_专科医院.csv"},"geometry":{"type":"Point","coordinates":[121.44344,31.241471]}},{"id":"652","type":"Feature","properties":{"id":"B0FFHO9UW0","name":"上海薇琳医疗美容医院","address":"江宁路818号","type":"医疗保健服务;专科医院;整形美容","typecode":"090201","pcode":310000,"pname":"上海市","citycode":21,"cityname":"上海市","adcode":310106,"adname":"静安区","business_area":"曹家渡","location":"121.448037,31.239594","tel":"021-62991633","bigType":"医疗保健服务","midType":"专科医院","smallType":"整形美容","gcj_lng":121.448037,"gcj_lat":31.239594,"wgs84_loc":"121.44344,31.241471","wgs84Lng":121.44344,"wgs84Lat":31.241471,"__source_file__":"13-常用公服设施点/CSV/上海市_专科医院.csv"},"geometry":{"type":"Point","coordinates":[121.44344,31.241471]}},{"id":"190","type":"Feature","properties":{"id":"B0I63AVE6E","name":"薇琳医美","address":"[]","type":"医疗保健服务;专科医院;整形美容","typecode":"090201","pcode":310000,"pname":"上海市","citycode":21,"cityname":"上海市","adcode":310106,"adname":"静安区","business_area":"曹家渡","location":"121.447977,31.239629","tel":"[]","bigType":"医疗保健服务","midType":"专科医院","smallType":"整形美容","gcj_lng":121.447977,"gcj_lat":31.239629,"wgs84_loc":"121.44338,31.241506","wgs84Lng":121.44338,"wgs84Lat":31.241506,"__source_file__":"13-常用公服设施点/CSV/上海市_专科医院.csv"},"geometry":{"type":"Point","coordinates":[121.44338,31.241506]}},{"id":"2405","type":"Feature","properties":{"id":"B00155EOWK","name":"茅秀兰口腔","address":"海防路194号","type":"医疗保健服务;专科医院;口腔医院","typecode":"090202","pcode":310000,"pname":"上海市","citycode":21,"cityname":"上海市","adcode":310106,"adname":"静安区","business_area":"曹家渡","location":"121.449156,31.239775","tel":"021-62995163;18939958377","bigType":"医疗保健服务","midType":"专科医院","smallType":"口腔医院","gcj_lng":121.449156,"gcj_lat":31.239775,"wgs84_loc":"121.444562,31.241654","wgs84Lng":121.444562,"wgs84Lat":31.241654,"__source_file__":"13-常用公服设施点/CSV/上海市_专科医院.csv"},"geometry":{"type":"Point","coordinates":[121.444562,31.241654]}},{"id":"1091","type":"Feature","properties":{"id":"B0HDC7L852","name":"圣康口腔辉歌口腔门诊部","address":"江宁路828号","type":"医疗保健服务;专科医院;口腔医院","typecode":"090202","pcode":310000,"pname":"上海市","citycode":21,"cityname":"上海市","adcode":310106,"adname":"静安区","business_area":"曹家渡","location":"121.447556,31.240019","tel":"19529900446","bigType":"医疗保健服务","midType":"专科医院","smallType":"口腔医院","gcj_lng":121.447556,"gcj_lat":31.240019,"wgs84_loc":"121.442958,31.241895","wgs84Lng":121.442958,"wgs84Lat":31.241895,"__source_file__":"13-常用公服设施点/CSV/上海市_专科医院.csv"},"geometry":{"type":"Point","coordinates":[121.442958,31.241895]}},{"id":"198","type":"Feature","properties":{"id":"B0HDG5OX13","name":"拜博口腔(恒丰路店)","address":"恒丰路406号202室","type":"医疗保健服务;专科医院;口腔医院","typecode":"090202","pcode":310000,"pname":"上海市","citycode":21,"cityname":"上海市","adcode":310106,"adname":"静安区","business_area":"[]","location":"121.454484,31.243933","tel":"021-51095173","bigType":"医疗保健服务","midType":"专科医院","smallType":"口腔医院","gcj_lng":121.454484,"gcj_lat":31.243933,"wgs84_loc":"121.449903,31.245821","wgs84Lng":121.449903,"wgs84Lat":31.245821,"__source_file__":"13-常用公服设施点/CSV/上海市_专科医院.csv"},"geometry":{"type":"Point","coordinates":[121.449903,31.245821]}},{"id":"3141","type":"Feature","properties":{"id":"B0IGSM4CYP","name":"拜博口腔(恒丰路店)","address":"恒丰路436号202室(汉中路地铁站1号口步行440米)","type":"医疗保健服务;专科医院;口腔医院","typecode":"090202","pcode":310000,"pname":"上海市","citycode":21,"cityname":"上海市","adcode":310106,"adname":"静安区","business_area":"[]","location":"121.454553,31.243949","tel":"021-51698778;021-51095173","bigType":"医疗保健服务","midType":"专科医院","smallType":"口腔医院","gcj_lng":121.454553,"gcj_lat":31.243949,"wgs84_loc":"121.449972,31.245838","wgs84Lng":121.449972,"wgs84Lat":31.245838,"__source_file__":"13-常用公服设施点/CSV/上海市_专科医院.csv"},"geometry":{"type":"Point","coordinates":[121.449972,31.245838]}},{"id":"2519","type":"Feature","properties":{"id":"B0FFH6ORGT","name":"上海玫瑰女子医院","address":"长安路1138号","type":"医疗保健服务;专科医院;整形美容","typecode":"090201","pcode":310000,"pname":"上海市","citycode":21,"cityname":"上海市","adcode":310106,"adname":"静安区","business_area":"[]","location":"121.451857,31.246982","tel":"[]","bigType":"医疗保健服务","midType":"专科医院","smallType":"整形美容","gcj_lng":121.451857,"gcj_lat":31.246982,"wgs84_loc":"121.447269,31.248863","wgs84Lng":121.447269,"wgs84Lat":31.248863,"__source_file__":"13-常用公服设施点/CSV/上海市_专科医院.csv"},"geometry":{"type":"Point","coordinates":[121.447269,31.248863]}},{"id":"657","type":"Feature","properties":{"id":"B0IB25SRW2","name":"玫瑰医疗美容医院","address":"长安路1138号","type":"医疗保健服务;专科医院;整形美容","typecode":"090201","pcode":310000,"pname":"上海市","citycode":21,"cityname":"上海市","adcode":310106,"adname":"静安区","business_area":"[]","location":"121.452245,31.247054","tel":"[]","bigType":"医疗保健服务","midType":"专科医院","smallType":"整形美容","gcj_lng":121.452245,"gcj_lat":31.247054,"wgs84_loc":"121.447658,31.248936","wgs84Lng":121.447658,"wgs84Lat":31.248936,"__source_file__":"13-常用公服设施点/CSV/上海市_专科医院.csv"},"geometry":{"type":"Point","coordinates":[121.447658,31.248936]}},{"id":"2562","type":"Feature","properties":{"id":"B0FFKJTVS3","name":"华齿口腔","address":"秣陵路228号101-102、201室","type":"医疗保健服务;专科医院;口腔医院","typecode":"090202","pcode":310000,"pname":"上海市","citycode":21,"cityname":"上海市","adcode":310106,"adname":"静安区","business_area":"[]","location":"121.454278,31.247437","tel":"021-52986598","bigType":"医疗保健服务","midType":"专科医院","smallType":"口腔医院","gcj_lng":121.454278,"gcj_lat":31.247437,"wgs84_loc":"121.449696,31.249323","wgs84Lng":121.449696,"wgs84Lat":31.249323,"__source_file__":"13-常用公服设施点/CSV/上海市_专科医院.csv"},"geometry":{"type":"Point","coordinates":[121.449696,31.249323]}},{"id":"3149","type":"Feature","properties":{"id":"B0IAKUFK34","name":"上海酥颜医疗美容","address":"西康路1255号11楼","type":"医疗保健服务;专科医院;整形美容","typecode":"090201","pcode":310000,"pname":"上海市","citycode":21,"cityname":"上海市","adcode":310107,"adname":"普陀区","business_area":"曹家渡","location":"121.437962,31.242691","tel":"[]","bigType":"医疗保健服务","midType":"专科医院","smallType":"整形美容","gcj_lng":121.437962,"gcj_lat":31.242691,"wgs84_loc":"121.433344,31.244549","wgs84Lng":121.433344,"wgs84Lat":31.244549,"__source_file__":"13-常用公服设施点/CSV/上海市_专科医院.csv"},"geometry":{"type":"Point","coordinates":[121.433344,31.244549]}},{"id":"2702","type":"Feature","properties":{"id":"B0FFFLIRKU","name":"上海爱亚仕口腔门诊部","address":"长寿路68号201-1","type":"医疗保健服务;专科医院;口腔医院","typecode":"090202","pcode":310000,"pname":"上海市","citycode":21,"cityname":"上海市","adcode":310107,"adname":"普陀区","business_area":"光新","location":"121.444709,31.244539","tel":"021-52789887","bigType":"医疗保健服务","midType":"专科医院","smallType":"口腔医院","gcj_lng":121.444709,"gcj_lat":31.244539,"wgs84_loc":"121.440104,31.246407","wgs84Lng":121.440104,"wgs84Lat":31.246407,"__source_file__":"13-常用公服设施点/CSV/上海市_专科医院.csv"},"geometry":{"type":"Point","coordinates":[121.440104,31.246407]}},{"id":"2820","type":"Feature","properties":{"id":"B0FFK8CRN4","name":"爱亚仕齿科","address":"长寿路68-1号2楼","type":"医疗保健服务;专科医院;口腔医院","typecode":"090202","pcode":310000,"pname":"上海市","citycode":21,"cityname":"上海市","adcode":310107,"adname":"普陀区","business_area":"光新","location":"121.444639,31.244652","tel":"021-52789887","bigType":"医疗保健服务","midType":"专科医院","smallType":"口腔医院","gcj_lng":121.444639,"gcj_lat":31.244652,"wgs84_loc":"121.440034,31.24652","wgs84Lng":121.440034,"wgs84Lat":31.24652,"__source_file__":"13-常用公服设施点/CSV/上海市_专科医院.csv"},"geometry":{"type":"Point","coordinates":[121.440034,31.24652]}},{"id":"1457","type":"Feature","properties":{"id":"B0FFIXRXFK","name":"上海市纺一医院急诊胸痛中心","address":"江宁路1311号附近","type":"医疗保健服务;专科医院;胸科医院","typecode":"090205","pcode":310000,"pname":"上海市","citycode":21,"cityname":"上海市","adcode":310107,"adname":"普陀区","business_area":"曹家渡","location":"121.441733,31.245601","tel":"[]","bigType":"医疗保健服务","midType":"专科医院","smallType":"胸科医院","gcj_lng":121.441733,"gcj_lat":31.245601,"wgs84_loc":"121.437122,31.247464","wgs84Lng":121.437122,"wgs84Lat":31.247464,"__source_file__":"13-常用公服设施点/CSV/上海市_专科医院.csv"},"geometry":{"type":"Point","coordinates":[121.437122,31.247464]}},{"id":"266","type":"Feature","properties":{"id":"B0FFG3YU8B","name":"品卓口腔","address":"澳门路128、150、158号纺博大厦701-702室","type":"医疗保健服务;专科医院;口腔医院","typecode":"090202","pcode":310000,"pname":"上海市","citycode":21,"cityname":"上海市","adcode":310107,"adname":"普陀区","business_area":"光新","location":"121.445852,31.246875","tel":"021-62523982","bigType":"医疗保健服务","midType":"专科医院","smallType":"口腔医院","gcj_lng":121.445852,"gcj_lat":31.246875,"wgs84_loc":"121.44125,31.248745","wgs84Lng":121.44125,"wgs84Lat":31.248745,"__source_file__":"13-常用公服设施点/CSV/上海市_专科医院.csv"},"geometry":{"type":"Point","coordinates":[121.44125,31.248745]}},{"id":"861","type":"Feature","properties":{"id":"B00155HBS9","name":"贺广明口腔诊所","address":"中潭路100弄266号","type":"医疗保健服务;专科医院;口腔医院","typecode":"090202","pcode":310000,"pname":"上海市","citycode":21,"cityname":"上海市","adcode":310107,"adname":"普陀区","business_area":"光新","location":"121.445336,31.251695","tel":"021-61075811","bigType":"医疗保健服务","midType":"专科医院","smallType":"口腔医院","gcj_lng":121.445336,"gcj_lat":31.251695,"wgs84_loc":"121.440732,31.253561","wgs84Lng":121.440732,"wgs84Lat":31.253561,"__source_file__":"13-常用公服设施点/CSV/上海市_专科医院.csv"},"geometry":{"type":"Point","coordinates":[121.440732,31.253561]}},{"id":"2100","type":"Feature","properties":{"id":"B00156O5GW","name":"上海栾学斌口腔诊所","address":"中谭路73号2楼","type":"医疗保健服务;专科医院;口腔医院","typecode":"090202","pcode":310000,"pname":"上海市","citycode":21,"cityname":"上海市","adcode":310107,"adname":"普陀区","business_area":"光新","location":"121.442583,31.252454","tel":"021-62507941","bigType":"医疗保健服务","midType":"专科医院","smallType":"口腔医院","gcj_lng":121.442583,"gcj_lat":31.252454,"wgs84_loc":"121.437973,31.254315","wgs84Lng":121.437973,"wgs84Lat":31.254315,"__source_file__":"13-常用公服设施点/CSV/上海市_专科医院.csv"},"geometry":{"type":"Point","coordinates":[121.437973,31.254315]}},{"id":"209","type":"Feature","properties":{"id":"B0HG6PBVLM","name":"美维口腔医疗集团旗下品牌","address":"内环高架路万业远景大厦-B座","type":"医疗保健服务;专科医院;口腔医院","typecode":"090202","pcode":310000,"pname":"上海市","citycode":21,"cityname":"上海市","adcode":310107,"adname":"普陀区","business_area":"光新","location":"121.440673,31.254829","tel":"[]","bigType":"医疗保健服务","midType":"专科医院","smallType":"口腔医院","gcj_lng":121.440673,"gcj_lat":31.254829,"wgs84_loc":"121.436059,31.256686","wgs84Lng":121.436059,"wgs84Lat":31.256686,"__source_file__":"13-常用公服设施点/CSV/上海市_专科医院.csv"},"geometry":{"type":"Point","coordinates":[121.436059,31.256686]}},{"id":"255","type":"Feature","properties":{"id":"B0FFJDP4FY","name":"维乐口腔(远景路门诊店)","address":"远景路662号远景大厦B座2楼202-206室","type":"医疗保健服务;专科医院;口腔医院","typecode":"090202","pcode":310000,"pname":"上海市","citycode":21,"cityname":"上海市","adcode":310107,"adname":"普陀区","business_area":"光新","location":"121.440899,31.254944","tel":"4008816680","bigType":"医疗保健服务","midType":"专科医院","smallType":"口腔医院","gcj_lng":121.440899,"gcj_lat":31.254944,"wgs84_loc":"121.436285,31.256801","wgs84Lng":121.436285,"wgs84Lat":31.256801,"__source_file__":"13-常用公服设施点/CSV/上海市_专科医院.csv"},"geometry":{"type":"Point","coordinates":[121.436285,31.256801]}},{"id":"2811","type":"Feature","properties":{"id":"B0GRU63FAV","name":"上海美维馨口腔门诊部","address":"远景路662号万业远景大厦B座2楼202-206","type":"医疗保健服务;专科医院;口腔医院","typecode":"090202","pcode":310000,"pname":"上海市","citycode":21,"cityname":"上海市","adcode":310107,"adname":"普陀区","business_area":"光新","location":"121.440915,31.255084","tel":"4008816680","bigType":"医疗保健服务","midType":"专科医院","smallType":"口腔医院","gcj_lng":121.440915,"gcj_lat":31.255084,"wgs84_loc":"121.436301,31.256941","wgs84Lng":121.436301,"wgs84Lat":31.256941,"__source_file__":"13-常用公服设施点/CSV/上海市_专科医院.csv"},"geometry":{"type":"Point","coordinates":[121.436301,31.256941]}},{"id":"2866","type":"Feature","properties":{"id":"B00155B5RX","name":"申都口腔门诊部","address":"中山北路1955号","type":"医疗保健服务;专科医院;口腔医院","typecode":"090202","pcode":310000,"pname":"上海市","citycode":21,"cityname":"上海市","adcode":310107,"adname":"普陀区","business_area":"光新","location":"121.430887,31.249050","tel":"021-52916505","bigType":"医疗保健服务","midType":"专科医院","smallType":"口腔医院","gcj_lng":121.430887,"gcj_lat":31.24905,"wgs84_loc":"121.426256,31.250895","wgs84Lng":121.426256,"wgs84Lat":31.250895,"__source_file__":"13-常用公服设施点/CSV/上海市_专科医院.csv"},"geometry":{"type":"Point","coordinates":[121.426256,31.250895]}},{"id":"3371","type":"Feature","properties":{"id":"B0JAL56ROF","name":"上海麦迪格眼科门诊","address":"中山北路1958号华源世界广场3层","type":"医疗保健服务;专科医院;眼科医院","typecode":"090203","pcode":310000,"pname":"上海市","citycode":21,"cityname":"上海市","adcode":310107,"adname":"普陀区","business_area":"光新","location":"121.432688,31.249664","tel":"021-62127231","bigType":"医疗保健服务","midType":"专科医院","smallType":"眼科医院","gcj_lng":121.432688,"gcj_lat":31.249664,"wgs84_loc":"121.42806,31.251511","wgs84Lng":121.42806,"wgs84Lat":31.251511,"__source_file__":"13-常用公服设施点/CSV/上海市_专科医院.csv"},"geometry":{"type":"Point","coordinates":[121.42806,31.251511]}},{"id":"1155","type":"Feature","properties":{"id":"B00156EM7C","name":"维乐口腔(延长西路门诊)","address":"延长西路586号","type":"医疗保健服务;专科医院;口腔医院","typecode":"090202","pcode":310000,"pname":"上海市","citycode":21,"cityname":"上海市","adcode":310107,"adname":"普陀区","business_area":"光新","location":"121.431422,31.259918","tel":"021-56615657","bigType":"医疗保健服务","midType":"专科医院","smallType":"口腔医院","gcj_lng":121.431422,"gcj_lat":31.259918,"wgs84_loc":"121.426791,31.261759","wgs84Lng":121.426791,"wgs84Lat":31.261759,"__source_file__":"13-常用公服设施点/CSV/上海市_专科医院.csv"},"geometry":{"type":"Point","coordinates":[121.426791,31.261759]}},{"id":"2833","type":"Feature","properties":{"id":"B0FFK4SUJ5","name":"上海雪峰口腔门诊部","address":"宜川路4号","type":"医疗保健服务;专科医院;口腔医院","typecode":"090202","pcode":310000,"pname":"上海市","citycode":21,"cityname":"上海市","adcode":310107,"adname":"普陀区","business_area":"光新","location":"121.440699,31.256589","tel":"021-56530978","bigType":"医疗保健服务","midType":"专科医院","smallType":"口腔医院","gcj_lng":121.440699,"gcj_lat":31.256589,"wgs84_loc":"121.436085,31.258445","wgs84Lng":121.436085,"wgs84Lat":31.258445,"__source_file__":"13-常用公服设施点/CSV/上海市_专科医院.csv"},"geometry":{"type":"Point","coordinates":[121.436085,31.258445]}},{"id":"2670","type":"Feature","properties":{"id":"B00156O5MD","name":"上海杨燕芬口腔诊所","address":"宜川路299号101室","type":"医疗保健服务;专科医院;口腔医院","typecode":"090202","pcode":310000,"pname":"上海市","citycode":21,"cityname":"上海市","adcode":310107,"adname":"普陀区","business_area":"光新","location":"121.437761,31.262887","tel":"021-36391318","bigType":"医疗保健服务","midType":"专科医院","smallType":"口腔医院","gcj_lng":121.437761,"gcj_lat":31.262887,"wgs84_loc":"121.43314,31.264736","wgs84Lng":121.43314,"wgs84Lat":31.264736,"__source_file__":"13-常用公服设施点/CSV/上海市_专科医院.csv"},"geometry":{"type":"Point","coordinates":[121.43314,31.264736]}},{"id":"260","type":"Feature","properties":{"id":"B0FFHEY5ZV","name":"上海信艺口腔门诊部","address":"延长西路与合阳路交叉口西60米","type":"医疗保健服务;专科医院;口腔医院","typecode":"090202","pcode":310000,"pname":"上海市","citycode":21,"cityname":"上海市","adcode":310107,"adname":"普陀区","business_area":"大宁路","location":"121.440886,31.263579","tel":"[]","bigType":"医疗保健服务","midType":"专科医院","smallType":"口腔医院","gcj_lng":121.440886,"gcj_lat":31.263579,"wgs84_loc":"121.436271,31.265432","wgs84Lng":121.436271,"wgs84Lat":31.265432,"__source_file__":"13-常用公服设施点/CSV/上海市_专科医院.csv"},"geometry":{"type":"Point","coordinates":[121.436271,31.265432]}},{"id":"264","type":"Feature","properties":{"id":"B0HAT11LAX","name":"信艺口腔","address":"延长西路与合阳路交叉口西约80米","type":"医疗保健服务;专科医院;口腔医院","typecode":"090202","pcode":310000,"pname":"上海市","citycode":21,"cityname":"上海市","adcode":310107,"adname":"普陀区","business_area":"光新","location":"121.440779,31.263588","tel":"[]","bigType":"医疗保健服务","midType":"专科医院","smallType":"口腔医院","gcj_lng":121.440779,"gcj_lat":31.263588,"wgs84_loc":"121.436164,31.265441","wgs84Lng":121.436164,"wgs84Lat":31.265441,"__source_file__":"13-常用公服设施点/CSV/上海市_专科医院.csv"},"geometry":{"type":"Point","coordinates":[121.436164,31.265441]}},{"id":"2813","type":"Feature","properties":{"id":"B0FFHC2J1M","name":"猫头鹰口腔(上海信艺口腔门诊部)","address":"延长西路112号-116号","type":"医疗保健服务;专科医院;口腔医院","typecode":"090202","pcode":310000,"pname":"上海市","citycode":21,"cityname":"上海市","adcode":310107,"adname":"普陀区","business_area":"大宁路","location":"121.440931,31.263626","tel":"021-66101970","bigType":"医疗保健服务","midType":"专科医院","smallType":"口腔医院","gcj_lng":121.440931,"gcj_lat":31.263626,"wgs84_loc":"121.436317,31.265479","wgs84Lng":121.436317,"wgs84Lat":31.265479,"__source_file__":"13-常用公服设施点/CSV/上海市_专科医院.csv"},"geometry":{"type":"Point","coordinates":[121.436317,31.265479]}},{"id":"3142","type":"Feature","properties":{"id":"B0H3M7AAW8","name":"赛齿口腔","address":"宜川路753号","type":"医疗保健服务;专科医院;口腔医院","typecode":"090202","pcode":310000,"pname":"上海市","citycode":21,"cityname":"上海市","adcode":310106,"adname":"静安区","business_area":"彭浦镇","location":"121.438298,31.270134","tel":"021-56725058;13524593882","bigType":"医疗保健服务","midType":"专科医院","smallType":"口腔医院","gcj_lng":121.438298,"gcj_lat":31.270134,"wgs84_loc":"121.433678,31.27198","wgs84Lng":121.433678,"wgs84Lat":31.27198,"__source_file__":"13-常用公服设施点/CSV/上海市_专科医院.csv"},"geometry":{"type":"Point","coordinates":[121.433678,31.27198]}},{"id":"162","type":"Feature","properties":{"id":"B0015523B5","name":"捷康齿科","address":"运城路205号","type":"医疗保健服务;专科医院;口腔医院","typecode":"090202","pcode":310000,"pname":"上海市","citycode":21,"cityname":"上海市","adcode":310106,"adname":"静安区","business_area":"大宁路","location":"121.440634,31.270187","tel":"021-56374558","bigType":"医疗保健服务","midType":"专科医院","smallType":"口腔医院","gcj_lng":121.440634,"gcj_lat":31.270187,"wgs84_loc":"121.436018,31.272037","wgs84Lng":121.436018,"wgs84Lat":31.272037,"__source_file__":"13-常用公服设施点/CSV/上海市_专科医院.csv"},"geometry":{"type":"Point","coordinates":[121.436018,31.272037]}},{"id":"2122","type":"Feature","properties":{"id":"B0FFI6407Q","name":"JK Dental","address":"运城路205号附近","type":"医疗保健服务;专科医院;口腔医院","typecode":"090202","pcode":310000,"pname":"上海市","citycode":21,"cityname":"上海市","adcode":310106,"adname":"静安区","business_area":"大宁路","location":"121.440550,31.270223","tel":"[]","bigType":"医疗保健服务","midType":"专科医院","smallType":"口腔医院","gcj_lng":121.44055,"gcj_lat":31.270223,"wgs84_loc":"121.435934,31.272073","wgs84Lng":121.435934,"wgs84Lat":31.272073,"__source_file__":"13-常用公服设施点/CSV/上海市_专科医院.csv"},"geometry":{"type":"Point","coordinates":[121.435934,31.272073]}},{"id":"1195","type":"Feature","properties":{"id":"B0HRGN9HH2","name":"捷康口腔","address":"运城路205","type":"医疗保健服务;专科医院;口腔医院","typecode":"090202","pcode":310000,"pname":"上海市","citycode":21,"cityname":"上海市","adcode":310106,"adname":"静安区","business_area":"大宁路","location":"121.440496,31.270229","tel":"[]","bigType":"医疗保健服务","midType":"专科医院","smallType":"口腔医院","gcj_lng":121.440496,"gcj_lat":31.270229,"wgs84_loc":"121.43588,31.272079","wgs84Lng":121.43588,"wgs84Lat":31.272079,"__source_file__":"13-常用公服设施点/CSV/上海市_专科医院.csv"},"geometry":{"type":"Point","coordinates":[121.43588,31.272079]}},{"id":"179","type":"Feature","properties":{"id":"B00157A91G","name":"灵之水医疗美容","address":"大宁路701号歌林商务大厦9层","type":"医疗保健服务;专科医院;整形美容","typecode":"090201","pcode":310000,"pname":"上海市","citycode":21,"cityname":"上海市","adcode":310106,"adname":"静安区","business_area":"大宁路","location":"121.445964,31.271681","tel":"[]","bigType":"医疗保健服务","midType":"专科医院","smallType":"整形美容","gcj_lng":121.445964,"gcj_lat":31.271681,"wgs84_loc":"121.44136,31.27354","wgs84Lng":121.44136,"wgs84Lat":31.27354,"__source_file__":"13-常用公服设施点/CSV/上海市_专科医院.csv"},"geometry":{"type":"Point","coordinates":[121.44136,31.27354]}},{"id":"148","type":"Feature","properties":{"id":"B0FFJ7XIFM","name":"上海博厚口腔医院","address":"沪太路565号","type":"医疗保健服务;专科医院;口腔医院","typecode":"090202","pcode":310000,"pname":"上海市","citycode":21,"cityname":"上海市","adcode":310106,"adname":"静安区","business_area":"和田","location":"121.450599,31.257513","tel":"021-56089688","bigType":"医疗保健服务","midType":"专科医院","smallType":"口腔医院","gcj_lng":121.450599,"gcj_lat":31.257513,"wgs84_loc":"121.446007,31.259387","wgs84Lng":121.446007,"wgs84Lat":31.259387,"__source_file__":"13-常用公服设施点/CSV/上海市_专科医院.csv"},"geometry":{"type":"Point","coordinates":[121.446007,31.259387]}},{"id":"3408","type":"Feature","properties":{"id":"B0J2DAYC8W","name":"上海博厚口腔医院","address":"沪太路565号567号","type":"医疗保健服务;专科医院;口腔医院","typecode":"090202","pcode":310000,"pname":"上海市","citycode":21,"cityname":"上海市","adcode":310106,"adname":"静安区","business_area":"和田","location":"121.450574,31.257520","tel":"13585512049","bigType":"医疗保健服务","midType":"专科医院","smallType":"口腔医院","gcj_lng":121.450574,"gcj_lat":31.25752,"wgs84_loc":"121.445982,31.259394","wgs84Lng":121.445982,"wgs84Lat":31.259394,"__source_file__":"13-常用公服设施点/CSV/上海市_专科医院.csv"},"geometry":{"type":"Point","coordinates":[121.445982,31.259394]}},{"id":"2525","type":"Feature","properties":{"id":"B0FFI72PWS","name":"上海帝瓦口腔门诊部","address":"洛川中路809号","type":"医疗保健服务;专科医院;口腔医院","typecode":"090202","pcode":310000,"pname":"上海市","citycode":21,"cityname":"上海市","adcode":310106,"adname":"静安区","business_area":"和田","location":"121.452488,31.266055","tel":"021-66775366","bigType":"医疗保健服务","midType":"专科医院","smallType":"口腔医院","gcj_lng":121.452488,"gcj_lat":31.266055,"wgs84_loc":"121.4479,31.267929","wgs84Lng":121.4479,"wgs84Lat":31.267929,"__source_file__":"13-常用公服设施点/CSV/上海市_专科医院.csv"},"geometry":{"type":"Point","coordinates":[121.4479,31.267929]}},{"id":"3144","type":"Feature","properties":{"id":"B0HK3DLD1U","name":"铭植口腔","address":"普善路老沪太路250弄小区","type":"医疗保健服务;专科医院;口腔医院","typecode":"090202","pcode":310000,"pname":"上海市","citycode":21,"cityname":"上海市","adcode":310106,"adname":"静安区","business_area":"和田","location":"121.451190,31.267605","tel":"[]","bigType":"医疗保健服务","midType":"专科医院","smallType":"口腔医院","gcj_lng":121.45119,"gcj_lat":31.267605,"wgs84_loc":"121.446598,31.269476","wgs84Lng":121.446598,"wgs84Lat":31.269476,"__source_file__":"13-常用公服设施点/CSV/上海市_专科医院.csv"},"geometry":{"type":"Point","coordinates":[121.446598,31.269476]}},{"id":"3140","type":"Feature","properties":{"id":"B0H14ZSZWF","name":"上海铭奥口腔门诊部","address":"老沪太路266号-278一层","type":"医疗保健服务;专科医院;口腔医院","typecode":"090202","pcode":310000,"pname":"上海市","citycode":21,"cityname":"上海市","adcode":310106,"adname":"静安区","business_area":"和田","location":"121.451162,31.267626","tel":"18019169416","bigType":"医疗保健服务","midType":"专科医院","smallType":"口腔医院","gcj_lng":121.451162,"gcj_lat":31.267626,"wgs84_loc":"121.44657,31.269497","wgs84Lng":121.44657,"wgs84Lat":31.269497,"__source_file__":"13-常用公服设施点/CSV/上海市_专科医院.csv"},"geometry":{"type":"Point","coordinates":[121.44657,31.269497]}},{"id":"3409","type":"Feature","properties":{"id":"B0J2K58E2Z","name":"瑞伢美口腔连锁·铭奥口腔","address":"老沪太路266-278号一层","type":"医疗保健服务;专科医院;口腔医院","typecode":"090202","pcode":310000,"pname":"上海市","citycode":21,"cityname":"上海市","adcode":310106,"adname":"静安区","business_area":"和田","location":"121.451122,31.267627","tel":"4007788190","bigType":"医疗保健服务","midType":"专科医院","smallType":"口腔医院","gcj_lng":121.451122,"gcj_lat":31.267627,"wgs84_loc":"121.44653,31.269498","wgs84Lng":121.44653,"wgs84Lat":31.269498,"__source_file__":"13-常用公服设施点/CSV/上海市_专科医院.csv"},"geometry":{"type":"Point","coordinates":[121.44653,31.269498]}},{"id":"3143","type":"Feature","properties":{"id":"B0H33BR4XS","name":"上海臻橙口腔门诊部","address":"延长中路631号","type":"医疗保健服务;专科医院;口腔医院","typecode":"090202","pcode":310000,"pname":"上海市","citycode":21,"cityname":"上海市","adcode":310106,"adname":"静安区","business_area":"大宁路","location":"121.448430,31.268423","tel":"[]","bigType":"医疗保健服务","midType":"专科医院","smallType":"口腔医院","gcj_lng":121.44843,"gcj_lat":31.268423,"wgs84_loc":"121.443832,31.270288","wgs84Lng":121.443832,"wgs84Lat":31.270288,"__source_file__":"13-常用公服设施点/CSV/上海市_专科医院.csv"},"geometry":{"type":"Point","coordinates":[121.443832,31.270288]}},{"id":"651","type":"Feature","properties":{"id":"B0IBORI5UA","name":"整形美容","address":"[]","type":"医疗保健服务;专科医院;整形美容","typecode":"090201","pcode":310000,"pname":"上海市","citycode":21,"cityname":"上海市","adcode":310106,"adname":"静安区","business_area":"大宁路","location":"121.453271,31.270860","tel":"[]","bigType":"医疗保健服务","midType":"专科医院","smallType":"整形美容","gcj_lng":121.453271,"gcj_lat":31.27086,"wgs84_loc":"121.448684,31.272734","wgs84Lng":121.448684,"wgs84Lat":31.272734,"__source_file__":"13-常用公服设施点/CSV/上海市_专科医院.csv"},"geometry":{"type":"Point","coordinates":[121.448684,31.272734]}},{"id":"181","type":"Feature","properties":{"id":"B0FFH9GXGR","name":"第十人民医院整形美容部","address":"延长中路301号","type":"医疗保健服务;专科医院;整形美容|医疗保健服务;综合医院;综合医院","typecode":"090201|090100","pcode":310000,"pname":"上海市","citycode":21,"cityname":"上海市","adcode":310106,"adname":"静安区","business_area":"大宁路","location":"121.453309,31.270890","tel":"[]","bigType":"医疗保健服务","midType":"专科医院","smallType":"整形美容|医疗保健服务","gcj_lng":121.453309,"gcj_lat":31.27089,"wgs84_loc":"121.448722,31.272764","wgs84Lng":121.448722,"wgs84Lat":31.272764,"__source_file__":"13-常用公服设施点/CSV/上海市_专科医院.csv"},"geometry":{"type":"Point","coordinates":[121.448722,31.272764]}},{"id":"1455","type":"Feature","properties":{"id":"B0FFF073OW","name":"同济大学附属口腔医院口腔专病门诊","address":"延长中路409","type":"医疗保健服务;专科医院;口腔医院","typecode":"090202","pcode":310000,"pname":"上海市","citycode":21,"cityname":"上海市","adcode":310106,"adname":"静安区","business_area":"大宁路","location":"121.452715,31.271019","tel":"[]","bigType":"医疗保健服务","midType":"专科医院","smallType":"口腔医院","gcj_lng":121.452715,"gcj_lat":31.271019,"wgs84_loc":"121.448127,31.272892","wgs84Lng":121.448127,"wgs84Lat":31.272892,"__source_file__":"13-常用公服设施点/CSV/上海市_专科医院.csv"},"geometry":{"type":"Point","coordinates":[121.448127,31.272892]}},{"id":"2588","type":"Feature","properties":{"id":"B00157GCMH","name":"上海灵之水医疗美容口腔科","address":"大宁路701号歌林商务大厦9层","type":"医疗保健服务;专科医院;口腔医院","typecode":"090202","pcode":310000,"pname":"上海市","citycode":21,"cityname":"上海市","adcode":310106,"adname":"静安区","business_area":"大宁路","location":"121.445763,31.271798","tel":"021-31608120;13311613365;15021392657","bigType":"医疗保健服务","midType":"专科医院","smallType":"口腔医院","gcj_lng":121.445763,"gcj_lat":31.271798,"wgs84_loc":"121.441158,31.273657","wgs84Lng":121.441158,"wgs84Lat":31.273657,"__source_file__":"13-常用公服设施点/CSV/上海市_专科医院.csv"},"geometry":{"type":"Point","coordinates":[121.441158,31.273657]}},{"id":"1087","type":"Feature","properties":{"id":"B0H0XU6877","name":"上海歌林口腔门诊部","address":"大宁路701","type":"医疗保健服务;专科医院;口腔医院","typecode":"090202","pcode":310000,"pname":"上海市","citycode":21,"cityname":"上海市","adcode":310106,"adname":"静安区","business_area":"大宁路","location":"121.445628,31.271883","tel":"[]","bigType":"医疗保健服务","midType":"专科医院","smallType":"口腔医院","gcj_lng":121.445628,"gcj_lat":31.271883,"wgs84_loc":"121.441023,31.273741","wgs84Lng":121.441023,"wgs84Lat":31.273741,"__source_file__":"13-常用公服设施点/CSV/上海市_专科医院.csv"},"geometry":{"type":"Point","coordinates":[121.441023,31.273741]}},{"id":"2179","type":"Feature","properties":{"id":"B00155EBHW","name":"上海顾永楠口腔诊所","address":"黄河路209-211号","type":"医疗保健服务;专科医院;口腔医院","typecode":"090202","pcode":310000,"pname":"上海市","citycode":21,"cityname":"上海市","adcode":310101,"adname":"黄浦区","business_area":"北京东路","location":"121.469716,31.236370","tel":"021-53750180","bigType":"医疗保健服务","midType":"专科医院","smallType":"口腔医院","gcj_lng":121.469716,"gcj_lat":31.23637,"wgs84_loc":"121.46518,31.238299","wgs84Lng":121.46518,"wgs84Lat":31.238299,"__source_file__":"13-常用公服设施点/CSV/上海市_专科医院.csv"},"geometry":{"type":"Point","coordinates":[121.46518,31.238299]}},{"id":"2769","type":"Feature","properties":{"id":"B00154HNPL","name":"上海市黄浦区精神卫生中心","address":"北京西路130号","type":"医疗保健服务;专科医院;精神病医院","typecode":"090210","pcode":310000,"pname":"上海市","citycode":21,"cityname":"上海市","adcode":310101,"adname":"黄浦区","business_area":"北京东路","location":"121.470946,31.236709","tel":"021-63277700","bigType":"医疗保健服务","midType":"专科医院","smallType":"精神病医院","gcj_lng":121.470946,"gcj_lat":31.236709,"wgs84_loc":"121.466414,31.238641","wgs84Lng":121.466414,"wgs84Lat":31.238641,"__source_file__":"13-常用公服设施点/CSV/上海市_专科医院.csv"},"geometry":{"type":"Point","coordinates":[121.466414,31.238641]}},{"id":"628","type":"Feature","properties":{"id":"B00157HY6A","name":"圣又康口腔门诊部","address":"新昌路455弄3号(新昌路与山海关路交界处)","type":"医疗保健服务;专科医院;口腔医院","typecode":"090202","pcode":310000,"pname":"上海市","citycode":21,"cityname":"上海市","adcode":310101,"adname":"黄浦区","business_area":"北京东路","location":"121.466861,31.237813","tel":"021-53862136","bigType":"医疗保健服务","midType":"专科医院","smallType":"口腔医院","gcj_lng":121.466861,"gcj_lat":31.237813,"wgs84_loc":"121.462316,31.239734","wgs84Lng":121.462316,"wgs84Lat":31.239734,"__source_file__":"13-常用公服设施点/CSV/上海市_专科医院.csv"},"geometry":{"type":"Point","coordinates":[121.462316,31.239734]}},{"id":"3447","type":"Feature","properties":{"id":"B0JGMM4QZH","name":"上海摩尔星康口腔医院","address":"新闸路158号1-2层(新闸路地铁站6号口步行130米)","type":"医疗保健服务;专科医院;口腔医院","typecode":"090202","pcode":310000,"pname":"上海市","citycode":21,"cityname":"上海市","adcode":310101,"adname":"黄浦区","business_area":"北京路","location":"121.470651,31.238426","tel":"021-50773733","bigType":"医疗保健服务","midType":"专科医院","smallType":"口腔医院","gcj_lng":121.470651,"gcj_lat":31.238426,"wgs84_loc":"121.466117,31.240356","wgs84Lng":121.466117,"wgs84Lat":31.240356,"__source_file__":"13-常用公服设施点/CSV/上海市_专科医院.csv"},"geometry":{"type":"Point","coordinates":[121.466117,31.240356]}},{"id":"1632","type":"Feature","properties":{"id":"B00157I5VE","name":"上海莱悦口腔门诊部","address":"光复路581号2层","type":"医疗保健服务;专科医院;口腔医院","typecode":"090202","pcode":310000,"pname":"上海市","citycode":21,"cityname":"上海市","adcode":310106,"adname":"静安区","business_area":"[]","location":"121.462075,31.241800","tel":"18501707152","bigType":"医疗保健服务","midType":"专科医院","smallType":"口腔医院","gcj_lng":121.462075,"gcj_lat":31.2418,"wgs84_loc":"121.457515,31.243707","wgs84Lng":121.457515,"wgs84Lat":31.243707,"__source_file__":"13-常用公服设施点/CSV/上海市_专科医院.csv"},"geometry":{"type":"Point","coordinates":[121.457515,31.243707]}},{"id":"3133","type":"Feature","properties":{"id":"B0FFLGB3Y6","name":"闫医师正骨","address":"天目中路与海宁路交叉口东南60米","type":"医疗保健服务;专科医院;骨科医院","typecode":"090206","pcode":310000,"pname":"上海市","citycode":21,"cityname":"上海市","adcode":310106,"adname":"静安区","business_area":"七浦路","location":"121.468158,31.244007","tel":"[]","bigType":"医疗保健服务","midType":"专科医院","smallType":"骨科医院","gcj_lng":121.468158,"gcj_lat":31.244007,"wgs84_loc":"121.463616,31.245928","wgs84Lng":121.463616,"wgs84Lat":31.245928,"__source_file__":"13-常用公服设施点/CSV/上海市_专科医院.csv"},"geometry":{"type":"Point","coordinates":[121.463616,31.245928]}},{"id":"1193","type":"Feature","properties":{"id":"B0HR978LHL","name":"致佳口腔","address":"天目中路380号101室","type":"医疗保健服务;专科医院;口腔医院","typecode":"090202","pcode":310000,"pname":"上海市","citycode":21,"cityname":"上海市","adcode":310106,"adname":"静安区","business_area":"七浦路","location":"121.467993,31.244725","tel":"[]","bigType":"医疗保健服务","midType":"专科医院","smallType":"口腔医院","gcj_lng":121.467993,"gcj_lat":31.244725,"wgs84_loc":"121.463451,31.246646","wgs84Lng":121.463451,"wgs84Lat":31.246646,"__source_file__":"13-常用公服设施点/CSV/上海市_专科医院.csv"},"geometry":{"type":"Point","coordinates":[121.463451,31.246646]}},{"id":"2655","type":"Feature","properties":{"id":"B0HGM5X7B1","name":"雅冠林口腔门诊部","address":"西藏北路558号","type":"医疗保健服务;专科医院;口腔医院","typecode":"090202","pcode":310000,"pname":"上海市","citycode":21,"cityname":"上海市","adcode":310106,"adname":"静安区","business_area":"宝山路","location":"121.469691,31.250995","tel":"[]","bigType":"医疗保健服务","midType":"专科医院","smallType":"口腔医院","gcj_lng":121.469691,"gcj_lat":31.250995,"wgs84_loc":"121.465153,31.252917","wgs84Lng":121.465153,"wgs84Lat":31.252917,"__source_file__":"13-常用公服设施点/CSV/上海市_专科医院.csv"},"geometry":{"type":"Point","coordinates":[121.465153,31.252917]}},{"id":"1634","type":"Feature","properties":{"id":"B0FFKW5OD3","name":"上海健桥医院皮肤科","address":"中兴路1122号","type":"医疗保健服务;专科医院;专科医院","typecode":"090200","pcode":310000,"pname":"上海市","citycode":21,"cityname":"上海市","adcode":310106,"adname":"静安区","business_area":"宝山路","location":"121.464805,31.252039","tel":"021-56508720","bigType":"医疗保健服务","midType":"专科医院","smallType":"专科医院","gcj_lng":121.464805,"gcj_lat":31.252039,"wgs84_loc":"121.460252,31.253948","wgs84Lng":121.460252,"wgs84Lat":31.253948,"__source_file__":"13-常用公服设施点/CSV/上海市_专科医院.csv"},"geometry":{"type":"Point","coordinates":[121.460252,31.253948]}},{"id":"3134","type":"Feature","properties":{"id":"B0IAKUFF0Z","name":"上海健桥医疗美容","address":"中兴路1122号1幢210","type":"医疗保健服务;专科医院;整形美容","typecode":"090201","pcode":310000,"pname":"上海市","citycode":21,"cityname":"上海市","adcode":310106,"adname":"静安区","business_area":"宝山路","location":"121.464707,31.252078","tel":"[]","bigType":"医疗保健服务","midType":"专科医院","smallType":"整形美容","gcj_lng":121.464707,"gcj_lat":31.252078,"wgs84_loc":"121.460154,31.253987","wgs84Lng":121.460154,"wgs84Lat":31.253987,"__source_file__":"13-常用公服设施点/CSV/上海市_专科医院.csv"},"geometry":{"type":"Point","coordinates":[121.460154,31.253987]}},{"id":"1151","type":"Feature","properties":{"id":"B0H3HR06Q4","name":"福斯曼牙齿矫正中心","address":"恒通路与恒丰路辅路交叉口东80米","type":"医疗保健服务;专科医院;口腔医院","typecode":"090202","pcode":310000,"pname":"上海市","citycode":21,"cityname":"上海市","adcode":310106,"adname":"静安区","business_area":"[]","location":"121.458406,31.241217","tel":"[]","bigType":"医疗保健服务","midType":"专科医院","smallType":"口腔医院","gcj_lng":121.458406,"gcj_lat":31.241217,"wgs84_loc":"121.453836,31.243116","wgs84Lng":121.453836,"wgs84Lat":31.243116,"__source_file__":"13-常用公服设施点/CSV/上海市_专科医院.csv"},"geometry":{"type":"Point","coordinates":[121.453836,31.243116]}},{"id":"151","type":"Feature","properties":{"id":"B0GRTRFIA1","name":"锦晖医疗美容","address":"汉中路265号","type":"医疗保健服务;专科医院;整形美容","typecode":"090201","pcode":310000,"pname":"上海市","citycode":21,"cityname":"上海市","adcode":310106,"adname":"静安区","business_area":"[]","location":"121.456054,31.241278","tel":"[]","bigType":"医疗保健服务","midType":"专科医院","smallType":"整形美容","gcj_lng":121.456054,"gcj_lat":31.241278,"wgs84_loc":"121.451477,31.243171","wgs84Lng":121.451477,"wgs84Lat":31.243171,"__source_file__":"13-常用公服设施点/CSV/上海市_专科医院.csv"},"geometry":{"type":"Point","coordinates":[121.451477,31.243171]}},{"id":"126","type":"Feature","properties":{"id":"B00156EFVA","name":"上海伊莱美医疗美容医院","address":"梅园路88号","type":"医疗保健服务;专科医院;整形美容","typecode":"090201","pcode":310000,"pname":"上海市","citycode":21,"cityname":"上海市","adcode":310106,"adname":"静安区","business_area":"[]","location":"121.459425,31.241895","tel":"18221760772","bigType":"医疗保健服务","midType":"专科医院","smallType":"整形美容","gcj_lng":121.459425,"gcj_lat":31.241895,"wgs84_loc":"121.454857,31.243796","wgs84Lng":121.454857,"wgs84Lat":31.243796,"__source_file__":"13-常用公服设施点/CSV/上海市_专科医院.csv"},"geometry":{"type":"Point","coordinates":[121.454857,31.243796]}},{"id":"1080","type":"Feature","properties":{"id":"B0HRV7X2R5","name":"爱芽口腔","address":"恒丰路329号205B、206室","type":"医疗保健服务;专科医院;口腔医院","typecode":"090202","pcode":310000,"pname":"上海市","citycode":21,"cityname":"上海市","adcode":310106,"adname":"静安区","business_area":"[]","location":"121.456028,31.243539","tel":"[]","bigType":"医疗保健服务","midType":"专科医院","smallType":"口腔医院","gcj_lng":121.456028,"gcj_lat":31.243539,"wgs84_loc":"121.451451,31.245431","wgs84Lng":121.451451,"wgs84Lat":31.245431,"__source_file__":"13-常用公服设施点/CSV/上海市_专科医院.csv"},"geometry":{"type":"Point","coordinates":[121.451451,31.245431]}},{"id":"150","type":"Feature","properties":{"id":"B0HAUCTM4R","name":"德邻齿科(爱芽口腔门诊部)","address":"民立路与共和路交叉口南约60米","type":"医疗保健服务;专科医院;口腔医院","typecode":"090202","pcode":310000,"pname":"上海市","citycode":21,"cityname":"上海市","adcode":310106,"adname":"静安区","business_area":"[]","location":"121.456179,31.243724","tel":"[]","bigType":"医疗保健服务","midType":"专科医院","smallType":"口腔医院","gcj_lng":121.456179,"gcj_lat":31.243724,"wgs84_loc":"121.451602,31.245616","wgs84Lng":121.451602,"wgs84Lat":31.245616,"__source_file__":"13-常用公服设施点/CSV/上海市_专科医院.csv"},"geometry":{"type":"Point","coordinates":[121.451602,31.245616]}},{"id":"2277","type":"Feature","properties":{"id":"B0G26UMSUK","name":"上海翊嘉口腔门诊部","address":"天目西路128号嘉里企业中心第一座2楼203-1","type":"医疗保健服务;专科医院;口腔医院","typecode":"090202","pcode":310000,"pname":"上海市","citycode":21,"cityname":"上海市","adcode":310106,"adname":"静安区","business_area":"宝山路","location":"121.458758,31.245502","tel":"[]","bigType":"医疗保健服务","midType":"专科医院","smallType":"口腔医院","gcj_lng":121.458758,"gcj_lat":31.245502,"wgs84_loc":"121.454188,31.247399","wgs84Lng":121.454188,"wgs84Lat":31.247399,"__source_file__":"13-常用公服设施点/CSV/上海市_专科医院.csv"},"geometry":{"type":"Point","coordinates":[121.454188,31.247399]}},{"id":"2422","type":"Feature","properties":{"id":"B00155FFWE","name":"上海鑫鑫口腔门诊部","address":"天目西路218号嘉里不夜城第1座32层3210室(近梅园路)","type":"医疗保健服务;专科医院;口腔医院","typecode":"090202","pcode":310000,"pname":"上海市","citycode":21,"cityname":"上海市","adcode":310106,"adname":"静安区","business_area":"[]","location":"121.456574,31.245521","tel":"021-63548338","bigType":"医疗保健服务","midType":"专科医院","smallType":"口腔医院","gcj_lng":121.456574,"gcj_lat":31.245521,"wgs84_loc":"121.451998,31.247413","wgs84Lng":121.451998,"wgs84Lat":31.247413,"__source_file__":"13-常用公服设施点/CSV/上海市_专科医院.csv"},"geometry":{"type":"Point","coordinates":[121.451998,31.247413]}},{"id":"133","type":"Feature","properties":{"id":"B0FFF00S8O","name":"新视界中兴眼科医院","address":"中兴路1618号","type":"医疗保健服务;专科医院;眼科医院","typecode":"090203","pcode":310000,"pname":"上海市","citycode":21,"cityname":"上海市","adcode":310106,"adname":"静安区","business_area":"和田","location":"121.455927,31.252068","tel":"021-55880596;4008215153","bigType":"医疗保健服务","midType":"专科医院","smallType":"眼科医院","gcj_lng":121.455927,"gcj_lat":31.252068,"wgs84_loc":"121.451349,31.253956","wgs84Lng":121.451349,"wgs84Lat":31.253956,"__source_file__":"13-常用公服设施点/CSV/上海市_专科医院.csv"},"geometry":{"type":"Point","coordinates":[121.451349,31.253956]}},{"id":"173","type":"Feature","properties":{"id":"B0FFFDDBDF","name":"同济大学医学院眼科教学医院","address":"中兴路1618号","type":"医疗保健服务;专科医院;眼科医院","typecode":"090203","pcode":310000,"pname":"上海市","citycode":21,"cityname":"上海市","adcode":310106,"adname":"静安区","business_area":"和田","location":"121.455783,31.252231","tel":"[]","bigType":"医疗保健服务","midType":"专科医院","smallType":"眼科医院","gcj_lng":121.455783,"gcj_lat":31.252231,"wgs84_loc":"121.451205,31.254119","wgs84Lng":121.451205,"wgs84Lat":31.254119,"__source_file__":"13-常用公服设施点/CSV/上海市_专科医院.csv"},"geometry":{"type":"Point","coordinates":[121.451205,31.254119]}},{"id":"848","type":"Feature","properties":{"id":"B0I6GDDW17","name":"全国眼科医院连锁品牌","address":"中兴路上海新视界中兴眼科医院","type":"医疗保健服务;专科医院;眼科医院","typecode":"090203","pcode":310000,"pname":"上海市","citycode":21,"cityname":"上海市","adcode":310106,"adname":"静安区","business_area":"和田","location":"121.455791,31.252374","tel":"[]","bigType":"医疗保健服务","midType":"专科医院","smallType":"眼科医院","gcj_lng":121.455791,"gcj_lat":31.252374,"wgs84_loc":"121.451213,31.254262","wgs84Lng":121.451213,"wgs84Lat":31.254262,"__source_file__":"13-常用公服设施点/CSV/上海市_专科医院.csv"},"geometry":{"type":"Point","coordinates":[121.451213,31.254262]}},{"id":"2466","type":"Feature","properties":{"id":"B0FFF5UNTQ","name":"健桥口腔","address":"中兴路1122号","type":"医疗保健服务;专科医院;口腔医院","typecode":"090202","pcode":310000,"pname":"上海市","citycode":21,"cityname":"上海市","adcode":310106,"adname":"静安区","business_area":"宝山路","location":"121.464971,31.252167","tel":"[]","bigType":"医疗保健服务","midType":"专科医院","smallType":"口腔医院","gcj_lng":121.464971,"gcj_lat":31.252167,"wgs84_loc":"121.460419,31.254077","wgs84Lng":121.460419,"wgs84Lat":31.254077,"__source_file__":"13-常用公服设施点/CSV/上海市_专科医院.csv"},"geometry":{"type":"Point","coordinates":[121.460419,31.254077]}},{"id":"205","type":"Feature","properties":{"id":"B0FFJYZX20","name":"上海市静安区闸北中心医院-耳鼻喉科","address":"中华新路619号上海市静安区闸北中心医院门诊楼2层","type":"医疗保健服务;专科医院;耳鼻喉医院","typecode":"090204","pcode":310000,"pname":"上海市","citycode":21,"cityname":"上海市","adcode":310106,"adname":"静安区","business_area":"宝山路","location":"121.461610,31.254198","tel":"[]","bigType":"医疗保健服务","midType":"专科医院","smallType":"耳鼻喉医院","gcj_lng":121.46161,"gcj_lat":31.254198,"wgs84_loc":"121.457048,31.256098","wgs84Lng":121.457048,"wgs84Lat":31.256098,"__source_file__":"13-常用公服设施点/CSV/上海市_专科医院.csv"},"geometry":{"type":"Point","coordinates":[121.457048,31.256098]}},{"id":"1150","type":"Feature","properties":{"id":"B0HUOZH5HB","name":"上海琦诺口腔门诊部","address":"共和新路762号,766号","type":"医疗保健服务;专科医院;口腔医院","typecode":"090202","pcode":310000,"pname":"上海市","citycode":21,"cityname":"上海市","adcode":310106,"adname":"静安区","business_area":"宝山路","location":"121.463285,31.256843","tel":"[]","bigType":"医疗保健服务","midType":"专科医院","smallType":"口腔医院","gcj_lng":121.463285,"gcj_lat":31.256843,"wgs84_loc":"121.458727,31.258746","wgs84Lng":121.458727,"wgs84Lat":31.258746,"__source_file__":"13-常用公服设施点/CSV/上海市_专科医院.csv"},"geometry":{"type":"Point","coordinates":[121.458727,31.258746]}},{"id":"2417","type":"Feature","properties":{"id":"B0FFHMT8SP","name":"上海市慢性肝病中心","address":"和田路与陈家宅路交叉口东南40米","type":"医疗保健服务;专科医院;专科医院","typecode":"090200","pcode":310000,"pname":"上海市","citycode":21,"cityname":"上海市","adcode":310106,"adname":"静安区","business_area":"和田","location":"121.464148,31.263783","tel":"[]","bigType":"医疗保健服务","midType":"专科医院","smallType":"专科医院","gcj_lng":121.464148,"gcj_lat":31.263783,"wgs84_loc":"121.459592,31.265685","wgs84Lng":121.459592,"wgs84Lat":31.265685,"__source_file__":"13-常用公服设施点/CSV/上海市_专科医院.csv"},"geometry":{"type":"Point","coordinates":[121.459592,31.265685]}},{"id":"159","type":"Feature","properties":{"id":"B00155L38I","name":"上海长征医院诊疗分部","address":"和田路64号","type":"医疗保健服务;专科医院;专科医院","typecode":"090200","pcode":310000,"pname":"上海市","citycode":21,"cityname":"上海市","adcode":310106,"adname":"静安区","business_area":"和田","location":"121.464181,31.263860","tel":"021-66540109","bigType":"医疗保健服务","midType":"专科医院","smallType":"专科医院","gcj_lng":121.464181,"gcj_lat":31.26386,"wgs84_loc":"121.459625,31.265762","wgs84Lng":121.459625,"wgs84Lat":31.265762,"__source_file__":"13-常用公服设施点/CSV/上海市_专科医院.csv"},"geometry":{"type":"Point","coordinates":[121.459625,31.265762]}},{"id":"1505","type":"Feature","properties":{"id":"B0FFG953RR","name":"上海长征医院肿瘤科","address":"共和新路街道和田路64号长征医院诊疗分部","type":"医疗保健服务;专科医院;肿瘤医院","typecode":"090207","pcode":310000,"pname":"上海市","citycode":21,"cityname":"上海市","adcode":310106,"adname":"静安区","business_area":"和田","location":"121.464040,31.263874","tel":"[]","bigType":"医疗保健服务","midType":"专科医院","smallType":"肿瘤医院","gcj_lng":121.46404,"gcj_lat":31.263874,"wgs84_loc":"121.459484,31.265776","wgs84Lng":121.459484,"wgs84Lat":31.265776,"__source_file__":"13-常用公服设施点/CSV/上海市_专科医院.csv"},"geometry":{"type":"Point","coordinates":[121.459484,31.265776]}},{"id":"202","type":"Feature","properties":{"id":"B00155MSN6","name":"上海市静安区牙病防治所","address":"平型关路11-15号","type":"医疗保健服务;专科医院;口腔医院|医疗保健服务;疾病预防机构;疾病预防","typecode":"090202|090500","pcode":310000,"pname":"上海市","citycode":21,"cityname":"上海市","adcode":310106,"adname":"静安区","business_area":"和田","location":"121.468672,31.264180","tel":"[]","bigType":"医疗保健服务","midType":"专科医院","smallType":"口腔医院|医疗保健服务","gcj_lng":121.468672,"gcj_lat":31.26418,"wgs84_loc":"121.46413,31.266094","wgs84Lng":121.46413,"wgs84Lat":31.266094,"__source_file__":"13-常用公服设施点/CSV/上海市_专科医院.csv"},"geometry":{"type":"Point","coordinates":[121.46413,31.266094]}},{"id":"2573","type":"Feature","properties":{"id":"B0FFKP33BU","name":"上海海纪钧口腔诊所","address":"陈家宅路61-63","type":"医疗保健服务;专科医院;口腔医院","typecode":"090202","pcode":310000,"pname":"上海市","citycode":21,"cityname":"上海市","adcode":310106,"adname":"静安区","business_area":"和田","location":"121.465272,31.264562","tel":"021-66532082","bigType":"医疗保健服务","midType":"专科医院","smallType":"口腔医院","gcj_lng":121.465272,"gcj_lat":31.264562,"wgs84_loc":"121.46072,31.266467","wgs84Lng":121.46072,"wgs84Lat":31.266467,"__source_file__":"13-常用公服设施点/CSV/上海市_专科医院.csv"},"geometry":{"type":"Point","coordinates":[121.46072,31.266467]}},{"id":"2723","type":"Feature","properties":{"id":"B0FFHXCOTB","name":"上海凯维口腔门诊部","address":"民和路182号附近","type":"医疗保健服务;专科医院;口腔医院","typecode":"090202","pcode":310000,"pname":"上海市","citycode":21,"cityname":"上海市","adcode":310106,"adname":"静安区","business_area":"和田","location":"121.466071,31.267232","tel":"[]","bigType":"医疗保健服务","midType":"专科医院","smallType":"口腔医院","gcj_lng":121.466071,"gcj_lat":31.267232,"wgs84_loc":"121.461521,31.269138","wgs84Lng":121.461521,"wgs84Lat":31.269138,"__source_file__":"13-常用公服设施点/CSV/上海市_专科医院.csv"},"geometry":{"type":"Point","coordinates":[121.461521,31.269138]}},{"id":"2748","type":"Feature","properties":{"id":"B001559FNE","name":"上海冯嬿口腔诊所","address":"柳营路315","type":"医疗保健服务;专科医院;口腔医院","typecode":"090202","pcode":310000,"pname":"上海市","citycode":21,"cityname":"上海市","adcode":310106,"adname":"静安区","business_area":"和田","location":"121.464015,31.268041","tel":"021-66299799","bigType":"医疗保健服务","midType":"专科医院","smallType":"口腔医院","gcj_lng":121.464015,"gcj_lat":31.268041,"wgs84_loc":"121.459458,31.269941","wgs84Lng":121.459458,"wgs84Lat":31.269941,"__source_file__":"13-常用公服设施点/CSV/上海市_专科医院.csv"},"geometry":{"type":"Point","coordinates":[121.459458,31.269941]}},{"id":"1504","type":"Feature","properties":{"id":"B0FFFDL3S6","name":"新视界中兴眼科医院医学验光配镜","address":"中兴路上海新视界中兴眼科医院","type":"医疗保健服务;专科医院;眼科医院","typecode":"090203","pcode":310000,"pname":"上海市","citycode":21,"cityname":"上海市","adcode":310106,"adname":"静安区","business_area":"和田","location":"121.455904,31.252444","tel":"[]","bigType":"医疗保健服务","midType":"专科医院","smallType":"眼科医院","gcj_lng":121.455904,"gcj_lat":31.252444,"wgs84_loc":"121.451326,31.254332","wgs84Lng":121.451326,"wgs84Lat":31.254332,"__source_file__":"13-常用公服设施点/CSV/上海市_专科医院.csv"},"geometry":{"type":"Point","coordinates":[121.451326,31.254332]}},{"id":"2160","type":"Feature","properties":{"id":"B0FFFDLC7H","name":"全国眼科疑难病专家会诊中心","address":"中兴路与孔家木桥路交叉口东20米","type":"医疗保健服务;专科医院;眼科医院","typecode":"090203","pcode":310000,"pname":"上海市","citycode":21,"cityname":"上海市","adcode":310106,"adname":"静安区","business_area":"和田","location":"121.455760,31.252467","tel":"[]","bigType":"医疗保健服务","midType":"专科医院","smallType":"眼科医院","gcj_lng":121.45576,"gcj_lat":31.252467,"wgs84_loc":"121.451181,31.254354","wgs84Lng":121.451181,"wgs84Lat":31.254354,"__source_file__":"13-常用公服设施点/CSV/上海市_专科医院.csv"},"geometry":{"type":"Point","coordinates":[121.451181,31.254354]}},{"id":"166","type":"Feature","properties":{"id":"B0G0B156OO","name":"胸痛中心","address":"中华新路上海市静安区闸北中心医院","type":"医疗保健服务;专科医院;胸科医院","typecode":"090205","pcode":310000,"pname":"上海市","citycode":21,"cityname":"上海市","adcode":310106,"adname":"静安区","business_area":"宝山路","location":"121.461204,31.253685","tel":"021-66291208","bigType":"医疗保健服务","midType":"专科医院","smallType":"胸科医院","gcj_lng":121.461204,"gcj_lat":31.253685,"wgs84_loc":"121.45664,31.255585","wgs84Lng":121.45664,"wgs84Lat":31.255585,"__source_file__":"13-常用公服设施点/CSV/上海市_专科医院.csv"},"geometry":{"type":"Point","coordinates":[121.45664,31.255585]}},{"id":"2217","type":"Feature","properties":{"id":"B0015106CE","name":"葛培岩口腔诊所","address":"芷江西路527","type":"医疗保健服务;专科医院;口腔医院","typecode":"090202","pcode":310000,"pname":"上海市","citycode":21,"cityname":"上海市","adcode":310106,"adname":"静安区","business_area":"和田","location":"121.456323,31.256885","tel":"021-56555837","bigType":"医疗保健服务","midType":"专科医院","smallType":"口腔医院","gcj_lng":121.456323,"gcj_lat":31.256885,"wgs84_loc":"121.451746,31.258772","wgs84Lng":121.451746,"wgs84Lat":31.258772,"__source_file__":"13-常用公服设施点/CSV/上海市_专科医院.csv"},"geometry":{"type":"Point","coordinates":[121.451746,31.258772]}},{"id":"170","type":"Feature","properties":{"id":"B0GKV55LAS","name":"米柏口腔(上海静安店)","address":"普善路215号","type":"医疗保健服务;专科医院;口腔医院","typecode":"090202","pcode":310000,"pname":"上海市","citycode":21,"cityname":"上海市","adcode":310106,"adname":"静安区","business_area":"和田","location":"121.455623,31.257013","tel":"021-56409022;13732672919","bigType":"医疗保健服务","midType":"专科医院","smallType":"口腔医院","gcj_lng":121.455623,"gcj_lat":31.257013,"wgs84_loc":"121.451044,31.258898","wgs84Lng":121.451044,"wgs84Lat":31.258898,"__source_file__":"13-常用公服设施点/CSV/上海市_专科医院.csv"},"geometry":{"type":"Point","coordinates":[121.451044,31.258898]}},{"id":"2276","type":"Feature","properties":{"id":"B0FFIKZU39","name":"昊昱口腔门诊部","address":"中山北路808-5号","type":"医疗保健服务;专科医院;口腔医院","typecode":"090202","pcode":310000,"pname":"上海市","citycode":21,"cityname":"上海市","adcode":310106,"adname":"静安区","business_area":"和田","location":"121.457897,31.259552","tel":"[]","bigType":"医疗保健服务","midType":"专科医院","smallType":"口腔医院","gcj_lng":121.457897,"gcj_lat":31.259552,"wgs84_loc":"121.453324,31.261441","wgs84Lng":121.453324,"wgs84Lat":31.261441,"__source_file__":"13-常用公服设施点/CSV/上海市_专科医院.csv"},"geometry":{"type":"Point","coordinates":[121.453324,31.261441]}},{"id":"2086","type":"Feature","properties":{"id":"B0FFLOOA9I","name":"昱昊口腔(中山北路店)","address":"中山北路与大统路交叉口西约100米","type":"医疗保健服务;专科医院;口腔医院","typecode":"090202","pcode":310000,"pname":"上海市","citycode":21,"cityname":"上海市","adcode":310106,"adname":"静安区","business_area":"和田","location":"121.457904,31.259573","tel":"[]","bigType":"医疗保健服务","midType":"专科医院","smallType":"口腔医院","gcj_lng":121.457904,"gcj_lat":31.259573,"wgs84_loc":"121.453331,31.261462","wgs84Lng":121.453331,"wgs84Lat":31.261462,"__source_file__":"13-常用公服设施点/CSV/上海市_专科医院.csv"},"geometry":{"type":"Point","coordinates":[121.453331,31.261462]}},{"id":"1190","type":"Feature","properties":{"id":"B0FFIDCGUX","name":"文博口腔","address":"柳营路777号盛源生活广场5层","type":"医疗保健服务;专科医院;口腔医院","typecode":"090202","pcode":310000,"pname":"上海市","citycode":21,"cityname":"上海市","adcode":310106,"adname":"静安区","business_area":"和田","location":"121.455358,31.263574","tel":"021-59593899;15300870076","bigType":"医疗保健服务","midType":"专科医院","smallType":"口腔医院","gcj_lng":121.455358,"gcj_lat":31.263574,"wgs84_loc":"121.450777,31.265456","wgs84Lng":121.450777,"wgs84Lat":31.265456,"__source_file__":"13-常用公服设施点/CSV/上海市_专科医院.csv"},"geometry":{"type":"Point","coordinates":[121.450777,31.265456]}},{"id":"2445","type":"Feature","properties":{"id":"B00155AE0O","name":"上海科尔口腔门诊部","address":"共和新路1443-1445","type":"医疗保健服务;专科医院;口腔医院","typecode":"090202","pcode":310000,"pname":"上海市","citycode":21,"cityname":"上海市","adcode":310106,"adname":"静安区","business_area":"和田","location":"121.459092,31.266379","tel":"021-56983878","bigType":"医疗保健服务","midType":"专科医院","smallType":"口腔医院","gcj_lng":121.459092,"gcj_lat":31.266379,"wgs84_loc":"121.454521,31.268268","wgs84Lng":121.454521,"wgs84Lat":31.268268,"__source_file__":"13-常用公服设施点/CSV/上海市_专科医院.csv"},"geometry":{"type":"Point","coordinates":[121.454521,31.268268]}},{"id":"1196","type":"Feature","properties":{"id":"B0FFGH70WV","name":"第十人民医院口腔医疗保健中心","address":"延长中路与共和新路交叉口西60米","type":"医疗保健服务;专科医院;口腔医院","typecode":"090202","pcode":310000,"pname":"上海市","citycode":21,"cityname":"上海市","adcode":310106,"adname":"静安区","business_area":"大宁路","location":"121.454947,31.271490","tel":"[]","bigType":"医疗保健服务","midType":"专科医院","smallType":"口腔医院","gcj_lng":121.454947,"gcj_lat":31.27149,"wgs84_loc":"121.450365,31.273367","wgs84Lng":121.450365,"wgs84Lat":31.273367,"__source_file__":"13-常用公服设施点/CSV/上海市_专科医院.csv"},"geometry":{"type":"Point","coordinates":[121.450365,31.273367]}},{"id":"344","type":"Feature","properties":{"id":"B0FFIOYW4P","name":"日本协会认证·BITORIA小颜矫正日式骨盆整骨(中国总店)","address":"永兴路与公兴路交叉口东北约40米","type":"医疗保健服务;专科医院;骨科医院","typecode":"090206","pcode":310000,"pname":"上海市","citycode":21,"cityname":"上海市","adcode":310106,"adname":"静安区","business_area":"宝山路","location":"121.474795,31.254552","tel":"021-66076978","bigType":"医疗保健服务","midType":"专科医院","smallType":"骨科医院","gcj_lng":121.474795,"gcj_lat":31.254552,"wgs84_loc":"121.470273,31.256486","wgs84Lng":121.470273,"wgs84Lat":31.256486,"__source_file__":"13-常用公服设施点/CSV/上海市_专科医院.csv"},"geometry":{"type":"Point","coordinates":[121.470273,31.256486]}},{"id":"2184","type":"Feature","properties":{"id":"B00156EPNZ","name":"上海清和口腔门诊部","address":"鸿兴路103-105","type":"医疗保健服务;专科医院;口腔医院","typecode":"090202","pcode":310000,"pname":"上海市","citycode":21,"cityname":"上海市","adcode":310106,"adname":"静安区","business_area":"宝山路","location":"121.475637,31.255181","tel":"021-36337526","bigType":"医疗保健服务","midType":"专科医院","smallType":"口腔医院","gcj_lng":121.475637,"gcj_lat":31.255181,"wgs84_loc":"121.471118,31.257117","wgs84Lng":121.471118,"wgs84Lat":31.257117,"__source_file__":"13-常用公服设施点/CSV/上海市_专科医院.csv"},"geometry":{"type":"Point","coordinates":[121.471118,31.257117]}},{"id":"140","type":"Feature","properties":{"id":"B0FFHRZMGF","name":"上海六一儿童医院","address":"宝山路455号","type":"医疗保健服务;专科医院;专科医院","typecode":"090200","pcode":310000,"pname":"上海市","citycode":21,"cityname":"上海市","adcode":310106,"adname":"静安区","business_area":"宝山路","location":"121.477236,31.257430","tel":"021-65861120;021-66053088","bigType":"医疗保健服务","midType":"专科医院","smallType":"专科医院","gcj_lng":121.477236,"gcj_lat":31.25743,"wgs84_loc":"121.472722,31.25937","wgs84Lng":121.472722,"wgs84Lat":31.25937,"__source_file__":"13-常用公服设施点/CSV/上海市_专科医院.csv"},"geometry":{"type":"Point","coordinates":[121.472722,31.25937]}},{"id":"3145","type":"Feature","properties":{"id":"B00155IFHJ","name":"上海市中医特色专科中医腰突症专科","address":"芷江中路274","type":"医疗保健服务;专科医院;专科医院","typecode":"090200","pcode":310000,"pname":"上海市","citycode":21,"cityname":"上海市","adcode":310106,"adname":"静安区","business_area":"宝山路","location":"121.471450,31.259402","tel":"[]","bigType":"医疗保健服务","midType":"专科医院","smallType":"专科医院","gcj_lng":121.47145,"gcj_lat":31.259402,"wgs84_loc":"121.466917,31.261325","wgs84Lng":121.466917,"wgs84Lat":31.261325,"__source_file__":"13-常用公服设施点/CSV/上海市_专科医院.csv"},"geometry":{"type":"Point","coordinates":[121.466917,31.261325]}},{"id":"2374","type":"Feature","properties":{"id":"B0H6KUBC94","name":"华尔康福鑫口腔(虹口店)","address":"东宝兴路915号(志业公寓对面)","type":"医疗保健服务;专科医院;口腔医院","typecode":"090202","pcode":310000,"pname":"上海市","citycode":21,"cityname":"上海市","adcode":310109,"adname":"虹口区","business_area":"宝山路","location":"121.472581,31.265185","tel":"18001926831","bigType":"医疗保健服务","midType":"专科医院","smallType":"口腔医院","gcj_lng":121.472581,"gcj_lat":31.265185,"wgs84_loc":"121.468051,31.267109","wgs84Lng":121.468051,"wgs84Lat":31.267109,"__source_file__":"13-常用公服设施点/CSV/上海市_专科医院.csv"},"geometry":{"type":"Point","coordinates":[121.468051,31.267109]}},{"id":"241","type":"Feature","properties":{"id":"B0I6VA4UOF","name":"康口腔","address":"恒业路与东宝兴路交叉口东40米","type":"医疗保健服务;专科医院;口腔医院","typecode":"090202","pcode":310000,"pname":"上海市","citycode":21,"cityname":"上海市","adcode":310109,"adname":"虹口区","business_area":"宝山路","location":"121.472714,31.265223","tel":"[]","bigType":"医疗保健服务","midType":"专科医院","smallType":"口腔医院","gcj_lng":121.472714,"gcj_lat":31.265223,"wgs84_loc":"121.468185,31.267147","wgs84Lng":121.468185,"wgs84Lat":31.267147,"__source_file__":"13-常用公服设施点/CSV/上海市_专科医院.csv"},"geometry":{"type":"Point","coordinates":[121.468185,31.267147]}},{"id":"886","type":"Feature","properties":{"id":"B0FFHGD12X","name":"虹口区精神卫生中心心理咨询与治疗中心","address":"同心路138号精神卫生中心","type":"医疗保健服务;专科医院;专科医院","typecode":"090200","pcode":310000,"pname":"上海市","citycode":21,"cityname":"上海市","adcode":310109,"adname":"虹口区","business_area":"宝山路","location":"121.476974,31.266901","tel":"[]","bigType":"医疗保健服务","midType":"专科医院","smallType":"专科医院","gcj_lng":121.476974,"gcj_lat":31.266901,"wgs84_loc":"121.472459,31.268836","wgs84Lng":121.472459,"wgs84Lat":31.268836,"__source_file__":"13-常用公服设施点/CSV/上海市_专科医院.csv"},"geometry":{"type":"Point","coordinates":[121.472459,31.268836]}},{"id":"873","type":"Feature","properties":{"id":"B001544A56","name":"上海市虹口区精神卫生中心","address":"同心路159号","type":"医疗保健服务;专科医院;精神病医院","typecode":"090210","pcode":310000,"pname":"上海市","citycode":21,"cityname":"上海市","adcode":310109,"adname":"虹口区","business_area":"江湾","location":"121.477141,31.267042","tel":"021-56662531","bigType":"医疗保健服务","midType":"专科医院","smallType":"精神病医院","gcj_lng":121.477141,"gcj_lat":31.267042,"wgs84_loc":"121.472626,31.268977","wgs84Lng":121.472626,"wgs84Lat":31.268977,"__source_file__":"13-常用公服设施点/CSV/上海市_专科医院.csv"},"geometry":{"type":"Point","coordinates":[121.472626,31.268977]}},{"id":"916","type":"Feature","properties":{"id":"B0FFL7SYIF","name":"爱轩宠物诊所内视镜诊疗中心","address":"[]","type":"医疗保健服务;专科医院;专科医院","typecode":"090200","pcode":310000,"pname":"上海市","citycode":21,"cityname":"上海市","adcode":310109,"adname":"虹口区","business_area":"宝山路","location":"121.474890,31.268800","tel":"[]","bigType":"医疗保健服务","midType":"专科医院","smallType":"专科医院","gcj_lng":121.47489,"gcj_lat":31.2688,"wgs84_loc":"121.470368,31.270728","wgs84Lng":121.470368,"wgs84Lat":31.270728,"__source_file__":"13-常用公服设施点/CSV/上海市_专科医院.csv"},"geometry":{"type":"Point","coordinates":[121.470368,31.270728]}},{"id":"2516","type":"Feature","properties":{"id":"B0FFH7T0OI","name":"拜博口腔(龙之梦购物中心虹口店)","address":"西江湾路388号凯德龙之梦B座4-12","type":"医疗保健服务;专科医院;口腔医院","typecode":"090202","pcode":310000,"pname":"上海市","citycode":21,"cityname":"上海市","adcode":310109,"adname":"虹口区","business_area":"宝山路","location":"121.477252,31.270620","tel":"021-50185758","bigType":"医疗保健服务","midType":"专科医院","smallType":"口腔医院","gcj_lng":121.477252,"gcj_lat":31.27062,"wgs84_loc":"121.472737,31.272554","wgs84Lng":121.472737,"wgs84Lat":31.272554,"__source_file__":"13-常用公服设施点/CSV/上海市_专科医院.csv"},"geometry":{"type":"Point","coordinates":[121.472737,31.272554]}},{"id":"1250","type":"Feature","properties":{"id":"B0FFF67SZX","name":"上海牙齿种植","address":"虹口足球场花园路102号","type":"医疗保健服务;专科医院;口腔医院","typecode":"090202","pcode":310000,"pname":"上海市","citycode":21,"cityname":"上海市","adcode":310109,"adname":"虹口区","business_area":"和田","location":"121.475760,31.270977","tel":"[]","bigType":"医疗保健服务","midType":"专科医院","smallType":"口腔医院","gcj_lng":121.47576,"gcj_lat":31.270977,"wgs84_loc":"121.47124,31.272907","wgs84Lng":121.47124,"wgs84Lat":31.272907,"__source_file__":"13-常用公服设施点/CSV/上海市_专科医院.csv"},"geometry":{"type":"Point","coordinates":[121.47124,31.272907]}},{"id":"269","type":"Feature","properties":{"id":"B0H1BKPI12","name":"守诺宠物医院骨科·眼科专科医院","address":"水电路与同心路交叉口东约80米","type":"医疗保健服务;专科医院;骨科医院","typecode":"090206","pcode":310000,"pname":"上海市","citycode":21,"cityname":"上海市","adcode":310109,"adname":"虹口区","business_area":"和田","location":"121.471327,31.272241","tel":"[]","bigType":"医疗保健服务","midType":"专科医院","smallType":"骨科医院","gcj_lng":121.471327,"gcj_lat":31.272241,"wgs84_loc":"121.466793,31.274158","wgs84Lng":121.466793,"wgs84Lat":31.274158,"__source_file__":"13-常用公服设施点/CSV/上海市_专科医院.csv"},"geometry":{"type":"Point","coordinates":[121.466793,31.274158]}},{"id":"2238","type":"Feature","properties":{"id":"B0GD0HA3H4","name":"上海宇佳口腔门诊部","address":"洛川东路370号","type":"医疗保健服务;专科医院;口腔医院","typecode":"090202","pcode":310000,"pname":"上海市","citycode":21,"cityname":"上海市","adcode":310106,"adname":"静安区","business_area":"和田","location":"121.461493,31.269814","tel":"021-56550958","bigType":"医疗保健服务","midType":"专科医院","smallType":"口腔医院","gcj_lng":121.461493,"gcj_lat":31.269814,"wgs84_loc":"121.456929,31.271707","wgs84Lng":121.456929,"wgs84Lat":31.271707,"__source_file__":"13-常用公服设施点/CSV/上海市_专科医院.csv"},"geometry":{"type":"Point","coordinates":[121.456929,31.271707]}},{"id":"2717","type":"Feature","properties":{"id":"B0FFGG8AYL","name":"昱昊口腔","address":"北宝兴路208","type":"医疗保健服务;专科医院;口腔医院","typecode":"090202","pcode":310000,"pname":"上海市","citycode":21,"cityname":"上海市","adcode":310106,"adname":"静安区","business_area":"凉城","location":"121.465202,31.273468","tel":"13701603346","bigType":"医疗保健服务","midType":"专科医院","smallType":"口腔医院","gcj_lng":121.465202,"gcj_lat":31.273468,"wgs84_loc":"121.460649,31.275369","wgs84Lng":121.460649,"wgs84Lat":31.275369,"__source_file__":"13-常用公服设施点/CSV/上海市_专科医院.csv"},"geometry":{"type":"Point","coordinates":[121.460649,31.275369]}},{"id":"1201","type":"Feature","properties":{"id":"B00155EW14","name":"十院口腔","address":"延长中路299号(近延长中路299号)","type":"医疗保健服务;专科医院;口腔医院|医疗保健服务;综合医院;综合医院","typecode":"090202|090100","pcode":310000,"pname":"上海市","citycode":21,"cityname":"上海市","adcode":310106,"adname":"静安区","business_area":"大宁路","location":"121.455013,31.271492","tel":"[]","bigType":"医疗保健服务","midType":"专科医院","smallType":"口腔医院|医疗保健服务","gcj_lng":121.455013,"gcj_lat":31.271492,"wgs84_loc":"121.450431,31.27337","wgs84Lng":121.450431,"wgs84Lat":31.27337,"__source_file__":"13-常用公服设施点/CSV/上海市_专科医院.csv"},"geometry":{"type":"Point","coordinates":[121.450431,31.27337]}},{"id":"144","type":"Feature","properties":{"id":"B00155IEIN","name":"上海市静安区妇幼保健所","address":"共和新路1873弄4号","type":"医疗保健服务;专科医院;专科医院","typecode":"090200","pcode":310000,"pname":"上海市","citycode":21,"cityname":"上海市","adcode":310106,"adname":"静安区","business_area":"大宁路","location":"121.45491,31.273787","tel":"021-56383486;021-56383449;021-56382867","bigType":"医疗保健服务","midType":"专科医院","smallType":"专科医院","gcj_lng":121.45491,"gcj_lat":31.273787,"wgs84_loc":"121.450327,31.275663","wgs84Lng":121.450327,"wgs84Lat":31.275663,"__source_file__":"13-常用公服设施点/CSV/上海市_专科医院.csv"},"geometry":{"type":"Point","coordinates":[121.450327,31.275663]}},{"id":"142","type":"Feature","properties":{"id":"B00154T0G0","name":"同济大学附属口腔医院","address":"延长中路399号","type":"医疗保健服务;专科医院;口腔医院","typecode":"090202","pcode":310000,"pname":"上海市","citycode":21,"cityname":"上海市","adcode":310106,"adname":"静安区","business_area":"大宁路","location":"121.452813,31.271222","tel":"021-66315500","bigType":"医疗保健服务","midType":"专科医院","smallType":"口腔医院","gcj_lng":121.452813,"gcj_lat":31.271222,"wgs84_loc":"121.448225,31.273095","wgs84Lng":121.448225,"wgs84Lat":31.273095,"__source_file__":"13-常用公服设施点/CSV/上海市_专科医院.csv"},"geometry":{"type":"Point","coordinates":[121.448225,31.273095]}},{"id":"2192","type":"Feature","properties":{"id":"B0FFKKY3GJ","name":"上海极橙橙和口腔门诊","address":"共和新路1988号303-306","type":"医疗保健服务;专科医院;口腔医院","typecode":"090202","pcode":310000,"pname":"上海市","citycode":21,"cityname":"上海市","adcode":310106,"adname":"静安区","business_area":"大宁路","location":"121.452169,31.275021","tel":"021-61070199","bigType":"医疗保健服务","midType":"专科医院","smallType":"口腔医院","gcj_lng":121.452169,"gcj_lat":31.275021,"wgs84_loc":"121.447579,31.276891","wgs84Lng":121.447579,"wgs84Lat":31.276891,"__source_file__":"13-常用公服设施点/CSV/上海市_专科医院.csv"},"geometry":{"type":"Point","coordinates":[121.447579,31.276891]}},{"id":"47","type":"Feature","properties":{"id":"B0HR6D90V1","name":"上海CellCare秀可儿医美","address":"圆明园路88号益丰外滩源3层","type":"医疗保健服务;专科医院;整形美容","typecode":"090201","pcode":310000,"pname":"上海市","citycode":21,"cityname":"上海市","adcode":310101,"adname":"黄浦区","business_area":"北京东路","location":"121.488845,31.240453","tel":"[]","bigType":"医疗保健服务","midType":"专科医院","smallType":"整形美容","gcj_lng":121.488845,"gcj_lat":31.240453,"wgs84_loc":"121.484373,31.242434","wgs84Lng":121.484373,"wgs84Lat":31.242434,"__source_file__":"13-常用公服设施点/CSV/上海市_专科医院.csv"},"geometry":{"type":"Point","coordinates":[121.484373,31.242434]}},{"id":"3351","type":"Feature","properties":{"id":"B0K1BHBX73","name":"上海青柠医疗美容门诊部","address":"天潼路229号中美信托金融大厦","type":"医疗保健服务;专科医院;整形美容","typecode":"090201","pcode":310000,"pname":"上海市","citycode":21,"cityname":"上海市","adcode":310109,"adname":"虹口区","business_area":"上海北外滩中心","location":"121.488547,31.245420","tel":"[]","bigType":"医疗保健服务","midType":"专科医院","smallType":"整形美容","gcj_lng":121.488547,"gcj_lat":31.24542,"wgs84_loc":"121.484073,31.247398","wgs84Lng":121.484073,"wgs84Lat":31.247398,"__source_file__":"13-常用公服设施点/CSV/上海市_专科医院.csv"},"geometry":{"type":"Point","coordinates":[121.484073,31.247398]}},{"id":"242","type":"Feature","properties":{"id":"B0IAGU9BG3","name":"太平洋口腔","address":"武昌路与吴淞路交叉口西南20米","type":"医疗保健服务;专科医院;口腔医院","typecode":"090202","pcode":310000,"pname":"上海市","citycode":21,"cityname":"上海市","adcode":310109,"adname":"虹口区","business_area":"北外滩","location":"121.489431,31.246819","tel":"[]","bigType":"医疗保健服务","midType":"专科医院","smallType":"口腔医院","gcj_lng":121.489431,"gcj_lat":31.246819,"wgs84_loc":"121.48496,31.248799","wgs84Lng":121.48496,"wgs84Lat":31.248799,"__source_file__":"13-常用公服设施点/CSV/上海市_专科医院.csv"},"geometry":{"type":"Point","coordinates":[121.48496,31.248799]}},{"id":"1251","type":"Feature","properties":{"id":"B0FFFSHIUC","name":"上海雅丰医疗美容门诊所","address":"吴淞路308号耀江国际广场10楼","type":"医疗保健服务;专科医院;整形美容","typecode":"090201","pcode":310000,"pname":"上海市","citycode":21,"cityname":"上海市","adcode":310109,"adname":"虹口区","business_area":"提篮桥","location":"121.489836,31.249535","tel":"[]","bigType":"医疗保健服务","midType":"专科医院","smallType":"整形美容","gcj_lng":121.489836,"gcj_lat":31.249535,"wgs84_loc":"121.485367,31.251515","wgs84Lng":121.485367,"wgs84Lat":31.251515,"__source_file__":"13-常用公服设施点/CSV/上海市_专科医院.csv"},"geometry":{"type":"Point","coordinates":[121.485367,31.251515]}},{"id":"236","type":"Feature","properties":{"id":"B00156NYRV","name":"叶志舫口腔诊所","address":"东汉阳路336号","type":"医疗保健服务;专科医院;口腔医院","typecode":"090202","pcode":310000,"pname":"上海市","citycode":21,"cityname":"上海市","adcode":310109,"adname":"虹口区","business_area":"提篮桥","location":"121.495636,31.251036","tel":"021-65454599","bigType":"医疗保健服务","midType":"专科医院","smallType":"口腔医院","gcj_lng":121.495636,"gcj_lat":31.251036,"wgs84_loc":"121.491187,31.253032","wgs84Lng":121.491187,"wgs84Lat":31.253032,"__source_file__":"13-常用公服设施点/CSV/上海市_专科医院.csv"},"geometry":{"type":"Point","coordinates":[121.491187,31.253032]}},{"id":"3319","type":"Feature","properties":{"id":"B0K0RHOQ09","name":"上海益博尔口腔诊所","address":"东汉阳路336号(地铁12号线国际客运中心站3号口步行200米)","type":"医疗保健服务;专科医院;口腔医院","typecode":"090202","pcode":310000,"pname":"上海市","citycode":21,"cityname":"上海市","adcode":310109,"adname":"虹口区","business_area":"上海北外滩中心","location":"121.495673,31.251042","tel":"021-55828589;18817758239","bigType":"医疗保健服务","midType":"专科医院","smallType":"口腔医院","gcj_lng":121.495673,"gcj_lat":31.251042,"wgs84_loc":"121.491224,31.253039","wgs84Lng":121.491224,"wgs84Lat":31.253039,"__source_file__":"13-常用公服设施点/CSV/上海市_专科医院.csv"},"geometry":{"type":"Point","coordinates":[121.491224,31.253039]}},{"id":"885","type":"Feature","properties":{"id":"B0FFIDJKEP","name":"上海市妊娠糖尿病治疗中心","address":"峨嵋路与海宁路交叉口西北50米","type":"医疗保健服务;专科医院;专科医院","typecode":"090200","pcode":310000,"pname":"上海市","citycode":21,"cityname":"上海市","adcode":310109,"adname":"虹口区","business_area":"提篮桥","location":"121.489341,31.252519","tel":"[]","bigType":"医疗保健服务","midType":"专科医院","smallType":"专科医院","gcj_lng":121.489341,"gcj_lat":31.252519,"wgs84_loc":"121.48487,31.254496","wgs84Lng":121.48487,"wgs84Lat":31.254496,"__source_file__":"13-常用公服设施点/CSV/上海市_专科医院.csv"},"geometry":{"type":"Point","coordinates":[121.48487,31.254496]}},{"id":"2575","type":"Feature","properties":{"id":"B00155GC78","name":"黄河口腔","address":"海拉尔路170号","type":"医疗保健服务;专科医院;口腔医院","typecode":"090202","pcode":310000,"pname":"上海市","citycode":21,"cityname":"上海市","adcode":310109,"adname":"虹口区","business_area":"四平路","location":"121.495396,31.257361","tel":"021-33778197","bigType":"医疗保健服务","midType":"专科医院","smallType":"口腔医院","gcj_lng":121.495396,"gcj_lat":31.257361,"wgs84_loc":"121.490946,31.259354","wgs84Lng":121.490946,"wgs84Lat":31.259354,"__source_file__":"13-常用公服设施点/CSV/上海市_专科医院.csv"},"geometry":{"type":"Point","coordinates":[121.490946,31.259354]}},{"id":"243","type":"Feature","properties":{"id":"B0H117ORO5","name":"上海珈璟口腔门诊部","address":"海拉尔路170号1-2层","type":"医疗保健服务;专科医院;口腔医院","typecode":"090202","pcode":310000,"pname":"上海市","citycode":21,"cityname":"上海市","adcode":310109,"adname":"虹口区","business_area":"提篮桥","location":"121.495474,31.257459","tel":"021-55959628;021-55087968","bigType":"医疗保健服务","midType":"专科医院","smallType":"口腔医院","gcj_lng":121.495474,"gcj_lat":31.257459,"wgs84_loc":"121.491024,31.259452","wgs84Lng":121.491024,"wgs84Lat":31.259452,"__source_file__":"13-常用公服设施点/CSV/上海市_专科医院.csv"},"geometry":{"type":"Point","coordinates":[121.491024,31.259452]}},{"id":"3253","type":"Feature","properties":{"id":"B0I2OZT6CU","name":"上海虹海口腔门诊部","address":"海伦路322号底层","type":"医疗保健服务;专科医院;口腔医院","typecode":"090202","pcode":310000,"pname":"上海市","citycode":21,"cityname":"上海市","adcode":310109,"adname":"虹口区","business_area":"四平路","location":"121.491800,31.257709","tel":"021-56710355","bigType":"医疗保健服务","midType":"专科医院","smallType":"口腔医院","gcj_lng":121.4918,"gcj_lat":31.257709,"wgs84_loc":"121.487337,31.259691","wgs84Lng":121.487337,"wgs84Lat":31.259691,"__source_file__":"13-常用公服设施点/CSV/上海市_专科医院.csv"},"geometry":{"type":"Point","coordinates":[121.487337,31.259691]}},{"id":"870","type":"Feature","properties":{"id":"B0H60HJBGN","name":"上海太平洋口腔医疗中心","address":"海宁路307号11层","type":"医疗保健服务;专科医院;口腔医院","typecode":"090202","pcode":310000,"pname":"上海市","citycode":21,"cityname":"上海市","adcode":310109,"adname":"虹口区","business_area":"北外滩","location":"121.487066,31.250601","tel":"[]","bigType":"医疗保健服务","midType":"专科医院","smallType":"口腔医院","gcj_lng":121.487066,"gcj_lat":31.250601,"wgs84_loc":"121.482587,31.252572","wgs84Lng":121.482587,"wgs84Lat":31.252572,"__source_file__":"13-常用公服设施点/CSV/上海市_专科医院.csv"},"geometry":{"type":"Point","coordinates":[121.482587,31.252572]}},{"id":"246","type":"Feature","properties":{"id":"B00156EJGH","name":"松丰齿科","address":"四川北路1500号上海投资组合中心大厦1-2层","type":"医疗保健服务;专科医院;口腔医院","typecode":"090202","pcode":310000,"pname":"上海市","citycode":21,"cityname":"上海市","adcode":310109,"adname":"虹口区","business_area":"宝山路","location":"121.483658,31.254871","tel":"021-55152500","bigType":"医疗保健服务","midType":"专科医院","smallType":"口腔医院","gcj_lng":121.483658,"gcj_lat":31.254871,"wgs84_loc":"121.479166,31.25683","wgs84Lng":121.479166,"wgs84Lat":31.25683,"__source_file__":"13-常用公服设施点/CSV/上海市_专科医院.csv"},"geometry":{"type":"Point","coordinates":[121.479166,31.25683]}},{"id":"1252","type":"Feature","properties":{"id":"B0FFHTP6ZI","name":"上海慕正医疗美容外科","address":"四川北路1661号A区3层","type":"医疗保健服务;专科医院;整形美容","typecode":"090201","pcode":310000,"pname":"上海市","citycode":21,"cityname":"上海市","adcode":310109,"adname":"虹口区","business_area":"宝山路","location":"121.481822,31.257919","tel":"18135782207","bigType":"医疗保健服务","midType":"专科医院","smallType":"整形美容","gcj_lng":121.481822,"gcj_lat":31.257919,"wgs84_loc":"121.477324,31.259872","wgs84Lng":121.477324,"wgs84Lat":31.259872,"__source_file__":"13-常用公服设施点/CSV/上海市_专科医院.csv"},"geometry":{"type":"Point","coordinates":[121.477324,31.259872]}},{"id":"233","type":"Feature","properties":{"id":"B0FFJB7V4U","name":"上海木秀林口腔门诊部","address":"四川北路1688号1703室","type":"医疗保健服务;专科医院;口腔医院","typecode":"090202","pcode":310000,"pname":"上海市","citycode":21,"cityname":"上海市","adcode":310109,"adname":"虹口区","business_area":"宝山路","location":"121.483069,31.257945","tel":"021-63244268","bigType":"医疗保健服务","midType":"专科医院","smallType":"口腔医院","gcj_lng":121.483069,"gcj_lat":31.257945,"wgs84_loc":"121.478575,31.259901","wgs84Lng":121.478575,"wgs84Lat":31.259901,"__source_file__":"13-常用公服设施点/CSV/上海市_专科医院.csv"},"geometry":{"type":"Point","coordinates":[121.478575,31.259901]}},{"id":"231","type":"Feature","properties":{"id":"B0FFHCZJL1","name":"齿倍秀口腔诊所","address":"四川北路1689号嘉杰国际广场商场2层209","type":"医疗保健服务;专科医院;口腔医院","typecode":"090202","pcode":310000,"pname":"上海市","citycode":21,"cityname":"上海市","adcode":310109,"adname":"虹口区","business_area":"宝山路","location":"121.482381,31.258788","tel":"021-60400288","bigType":"医疗保健服务","midType":"专科医院","smallType":"口腔医院","gcj_lng":121.482381,"gcj_lat":31.258788,"wgs84_loc":"121.477885,31.260742","wgs84Lng":121.477885,"wgs84Lat":31.260742,"__source_file__":"13-常用公服设施点/CSV/上海市_专科医院.csv"},"geometry":{"type":"Point","coordinates":[121.477885,31.260742]}},{"id":"2799","type":"Feature","properties":{"id":"B001520DA0","name":"陈殿科口腔","address":"东宝兴路433号-437","type":"医疗保健服务;专科医院;口腔医院","typecode":"090202","pcode":310000,"pname":"上海市","citycode":21,"cityname":"上海市","adcode":310109,"adname":"虹口区","business_area":"宝山路","location":"121.479580,31.259191","tel":"021-56701008","bigType":"医疗保健服务","midType":"专科医院","smallType":"口腔医院","gcj_lng":121.47958,"gcj_lat":31.259191,"wgs84_loc":"121.475074,31.261137","wgs84Lng":121.475074,"wgs84Lat":31.261137,"__source_file__":"13-常用公服设施点/CSV/上海市_专科医院.csv"},"geometry":{"type":"Point","coordinates":[121.475074,31.261137]}},{"id":"232","type":"Feature","properties":{"id":"B0H057GSGS","name":"瑞赢口腔种植矫正中心(雅鑫分店)","address":"长春支路与邢家桥北路交叉口东100米","type":"医疗保健服务;专科医院;口腔医院","typecode":"090202","pcode":310000,"pname":"上海市","citycode":21,"cityname":"上海市","adcode":310109,"adname":"虹口区","business_area":"宝山路","location":"121.487847,31.260587","tel":"[]","bigType":"医疗保健服务","midType":"专科医院","smallType":"口腔医院","gcj_lng":121.487847,"gcj_lat":31.260587,"wgs84_loc":"121.48337,31.262556","wgs84Lng":121.48337,"wgs84Lat":31.262556,"__source_file__":"13-常用公服设施点/CSV/上海市_专科医院.csv"},"geometry":{"type":"Point","coordinates":[121.48337,31.262556]}},{"id":"2824","type":"Feature","properties":{"id":"B0FFFFID29","name":"上海孟长民口腔诊所","address":"四川北路25号","type":"医疗保健服务;专科医院;口腔医院","typecode":"090202","pcode":310000,"pname":"上海市","citycode":21,"cityname":"上海市","adcode":310109,"adname":"虹口区","business_area":"宝山路","location":"121.485056,31.260769","tel":"021-56710875;13818220797","bigType":"医疗保健服务","midType":"专科医院","smallType":"口腔医院","gcj_lng":121.485056,"gcj_lat":31.260769,"wgs84_loc":"121.480569,31.26273","wgs84Lng":121.480569,"wgs84Lat":31.26273,"__source_file__":"13-常用公服设施点/CSV/上海市_专科医院.csv"},"geometry":{"type":"Point","coordinates":[121.480569,31.26273]}},{"id":"2614","type":"Feature","properties":{"id":"B00155G6W2","name":"陈华口腔","address":"宝山路800号","type":"医疗保健服务;专科医院;口腔医院","typecode":"090202","pcode":310000,"pname":"上海市","citycode":21,"cityname":"上海市","adcode":310109,"adname":"虹口区","business_area":"宝山路","location":"121.479466,31.262526","tel":"021-56608888;021-65879138","bigType":"医疗保健服务","midType":"专科医院","smallType":"口腔医院","gcj_lng":121.479466,"gcj_lat":31.262526,"wgs84_loc":"121.474959,31.26447","wgs84Lng":121.474959,"wgs84Lat":31.26447,"__source_file__":"13-常用公服设施点/CSV/上海市_专科医院.csv"},"geometry":{"type":"Point","coordinates":[121.474959,31.26447]}},{"id":"914","type":"Feature","properties":{"id":"B0FFHLS4XO","name":"全军口腔疾病诊治中心","address":"四川北路2115号附近","type":"医疗保健服务;专科医院;口腔医院","typecode":"090202","pcode":310000,"pname":"上海市","citycode":21,"cityname":"上海市","adcode":310109,"adname":"虹口区","business_area":"宝山路","location":"121.481635,31.264870","tel":"[]","bigType":"医疗保健服务","midType":"专科医院","smallType":"口腔医院","gcj_lng":121.481635,"gcj_lat":31.26487,"wgs84_loc":"121.477136,31.266819","wgs84Lng":121.477136,"wgs84Lat":31.266819,"__source_file__":"13-常用公服设施点/CSV/上海市_专科医院.csv"},"geometry":{"type":"Point","coordinates":[121.477136,31.266819]}},{"id":"878","type":"Feature","properties":{"id":"B0G1MNSPA3","name":"上海虹海口腔门诊部","address":"海伦路322号","type":"医疗保健服务;专科医院;口腔医院","typecode":"090202","pcode":310000,"pname":"上海市","citycode":21,"cityname":"上海市","adcode":310109,"adname":"虹口区","business_area":"四平路","location":"121.491626,31.257745","tel":"021-56710355","bigType":"医疗保健服务","midType":"专科医院","smallType":"口腔医院","gcj_lng":121.491626,"gcj_lat":31.257745,"wgs84_loc":"121.487162,31.259726","wgs84Lng":121.487162,"wgs84Lat":31.259726,"__source_file__":"13-常用公服设施点/CSV/上海市_专科医院.csv"},"geometry":{"type":"Point","coordinates":[121.487162,31.259726]}},{"id":"875","type":"Feature","properties":{"id":"B0G1FUNILP","name":"鼎植口腔(舒客店)","address":"海伦路440号1层地铁4号口出","type":"医疗保健服务;专科医院;口腔医院","typecode":"090202","pcode":310000,"pname":"上海市","citycode":21,"cityname":"上海市","adcode":310109,"adname":"虹口区","business_area":"四平路","location":"121.489987,31.259287","tel":"021-56660620","bigType":"医疗保健服务","midType":"专科医院","smallType":"口腔医院","gcj_lng":121.489987,"gcj_lat":31.259287,"wgs84_loc":"121.485517,31.261263","wgs84Lng":121.485517,"wgs84Lat":31.261263,"__source_file__":"13-常用公服设施点/CSV/上海市_专科医院.csv"},"geometry":{"type":"Point","coordinates":[121.485517,31.261263]}},{"id":"2788","type":"Feature","properties":{"id":"B0FFKCWQ20","name":"鼎植舒客口腔海伦中心门诊部","address":"同嘉路与天水路交叉口西100米","type":"医疗保健服务;专科医院;口腔医院","typecode":"090202","pcode":310000,"pname":"上海市","citycode":21,"cityname":"上海市","adcode":310109,"adname":"虹口区","business_area":"四平路","location":"121.489897,31.259346","tel":"[]","bigType":"医疗保健服务","midType":"专科医院","smallType":"口腔医院","gcj_lng":121.489897,"gcj_lat":31.259346,"wgs84_loc":"121.485427,31.261322","wgs84Lng":121.485427,"wgs84Lat":31.261322,"__source_file__":"13-常用公服设施点/CSV/上海市_专科医院.csv"},"geometry":{"type":"Point","coordinates":[121.485427,31.261322]}},{"id":"2881","type":"Feature","properties":{"id":"B0FFIXKNBQ","name":"鼎植舒客口腔","address":"同嘉路82号金融街海伦中心D栋","type":"医疗保健服务;专科医院;口腔医院","typecode":"090202","pcode":310000,"pname":"上海市","citycode":21,"cityname":"上海市","adcode":310109,"adname":"虹口区","business_area":"四平路","location":"121.490196,31.259426","tel":"[]","bigType":"医疗保健服务","midType":"专科医院","smallType":"口腔医院","gcj_lng":121.490196,"gcj_lat":31.259426,"wgs84_loc":"121.485727,31.261402","wgs84Lng":121.485727,"wgs84Lat":31.261402,"__source_file__":"13-常用公服设施点/CSV/上海市_专科医院.csv"},"geometry":{"type":"Point","coordinates":[121.485727,31.261402]}},{"id":"2073","type":"Feature","properties":{"id":"B0FFF00FLQ","name":"上海雅鑫口腔门诊部","address":"邢家桥北路65号一层","type":"医疗保健服务;专科医院;口腔医院","typecode":"090202","pcode":310000,"pname":"上海市","citycode":21,"cityname":"上海市","adcode":310109,"adname":"虹口区","business_area":"宝山路","location":"121.488093,31.260560","tel":"021-66286910;021-56521976;18017758976","bigType":"医疗保健服务","midType":"专科医院","smallType":"口腔医院","gcj_lng":121.488093,"gcj_lat":31.26056,"wgs84_loc":"121.483616,31.26253","wgs84Lng":121.483616,"wgs84Lat":31.26253,"__source_file__":"13-常用公服设施点/CSV/上海市_专科医院.csv"},"geometry":{"type":"Point","coordinates":[121.483616,31.26253]}},{"id":"2089","type":"Feature","properties":{"id":"B00156NZW5","name":"王珏娅口腔诊所","address":"胡家木桥路179号-2楼","type":"医疗保健服务;专科医院;口腔医院","typecode":"090202","pcode":310000,"pname":"上海市","citycode":21,"cityname":"上海市","adcode":310109,"adname":"虹口区","business_area":"提篮桥","location":"121.493944,31.260591","tel":"021-55965128","bigType":"医疗保健服务","midType":"专科医院","smallType":"口腔医院","gcj_lng":121.493944,"gcj_lat":31.260591,"wgs84_loc":"121.489488,31.262578","wgs84Lng":121.489488,"wgs84Lat":31.262578,"__source_file__":"13-常用公服设施点/CSV/上海市_专科医院.csv"},"geometry":{"type":"Point","coordinates":[121.489488,31.262578]}},{"id":"2124","type":"Feature","properties":{"id":"B00156NZVU","name":"吴钦口腔","address":"物华路198-200号","type":"医疗保健服务;专科医院;口腔医院","typecode":"090202","pcode":310000,"pname":"上海市","citycode":21,"cityname":"上海市","adcode":310109,"adname":"虹口区","business_area":"四平路","location":"121.493453,31.261435","tel":"021-63241920","bigType":"医疗保健服务","midType":"专科医院","smallType":"口腔医院","gcj_lng":121.493453,"gcj_lat":31.261435,"wgs84_loc":"121.488996,31.26342","wgs84Lng":121.488996,"wgs84Lat":31.26342,"__source_file__":"13-常用公服设施点/CSV/上海市_专科医院.csv"},"geometry":{"type":"Point","coordinates":[121.488996,31.26342]}},{"id":"2084","type":"Feature","properties":{"id":"B0FFHQSX90","name":"繁花口腔门诊部","address":"溧阳路1111号永融企业大厦30楼E座","type":"医疗保健服务;专科医院;口腔医院","typecode":"090202","pcode":310000,"pname":"上海市","citycode":21,"cityname":"上海市","adcode":310109,"adname":"虹口区","business_area":"[]","location":"121.489065,31.261777","tel":"[]","bigType":"医疗保健服务","midType":"专科医院","smallType":"口腔医院","gcj_lng":121.489065,"gcj_lat":31.261777,"wgs84_loc":"121.484592,31.263749","wgs84Lng":121.484592,"wgs84Lat":31.263749,"__source_file__":"13-常用公服设施点/CSV/上海市_专科医院.csv"},"geometry":{"type":"Point","coordinates":[121.484592,31.263749]}},{"id":"3502","type":"Feature","properties":{"id":"B0K3YH71XB","name":"泰康拜博口腔","address":"银欣花苑东南门旁","type":"医疗保健服务;专科医院;口腔医院","typecode":"090202","pcode":310000,"pname":"上海市","citycode":21,"cityname":"上海市","adcode":310109,"adname":"虹口区","business_area":"四平路","location":"121.492722,31.262740","tel":"[]","bigType":"医疗保健服务","midType":"专科医院","smallType":"口腔医院","gcj_lng":121.492722,"gcj_lat":31.26274,"wgs84_loc":"121.488262,31.264723","wgs84Lng":121.488262,"wgs84Lat":31.264723,"__source_file__":"13-常用公服设施点/CSV/上海市_专科医院.csv"},"geometry":{"type":"Point","coordinates":[121.488262,31.264723]}},{"id":"245","type":"Feature","properties":{"id":"B0FFHN5RVI","name":"赵雷口腔","address":"欧阳路196号法兰桥创意园1号楼B座2层","type":"医疗保健服务;专科医院;口腔医院","typecode":"090202","pcode":310000,"pname":"上海市","citycode":21,"cityname":"上海市","adcode":310109,"adname":"虹口区","business_area":"曲阳","location":"121.488512,31.266717","tel":"021-55600868","bigType":"医疗保健服务","midType":"专科医院","smallType":"口腔医院","gcj_lng":121.488512,"gcj_lat":31.266717,"wgs84_loc":"121.484036,31.268685","wgs84Lng":121.484036,"wgs84Lat":31.268685,"__source_file__":"13-常用公服设施点/CSV/上海市_专科医院.csv"},"geometry":{"type":"Point","coordinates":[121.484036,31.268685]}},{"id":"876","type":"Feature","properties":{"id":"B001574QM8","name":"海军411医院激光整形中心","address":"东江湾路15号","type":"医疗保健服务;专科医院;整形美容","typecode":"090201","pcode":310000,"pname":"上海市","citycode":21,"cityname":"上海市","adcode":310109,"adname":"虹口区","business_area":"宝山路","location":"121.480788,31.265456","tel":"[]","bigType":"医疗保健服务","midType":"专科医院","smallType":"整形美容","gcj_lng":121.480788,"gcj_lat":31.265456,"wgs84_loc":"121.476286,31.267402","wgs84Lng":121.476286,"wgs84Lat":31.267402,"__source_file__":"13-常用公服设施点/CSV/上海市_专科医院.csv"},"geometry":{"type":"Point","coordinates":[121.476286,31.267402]}},{"id":"272","type":"Feature","properties":{"id":"B00155G6W0","name":"口腔诊所","address":"西江湾路167号","type":"医疗保健服务;专科医院;口腔医院","typecode":"090202","pcode":310000,"pname":"上海市","citycode":21,"cityname":"上海市","adcode":310109,"adname":"虹口区","business_area":"宝山路","location":"121.478907,31.267737","tel":"13023144506","bigType":"医疗保健服务","midType":"专科医院","smallType":"口腔医院","gcj_lng":121.478907,"gcj_lat":31.267737,"wgs84_loc":"121.474398,31.269677","wgs84Lng":121.474398,"wgs84Lat":31.269677,"__source_file__":"13-常用公服设施点/CSV/上海市_专科医院.csv"},"geometry":{"type":"Point","coordinates":[121.474398,31.269677]}},{"id":"2133","type":"Feature","properties":{"id":"B0FFLFH542","name":"摩尔齿科(鲁迅公园旗舰店)","address":"甜爱路156-162号","type":"医疗保健服务;专科医院;口腔医院","typecode":"090202","pcode":310000,"pname":"上海市","citycode":21,"cityname":"上海市","adcode":310109,"adname":"虹口区","business_area":"曲阳","location":"121.483648,31.268309","tel":"[]","bigType":"医疗保健服务","midType":"专科医院","smallType":"口腔医院","gcj_lng":121.483648,"gcj_lat":31.268309,"wgs84_loc":"121.479155,31.270262","wgs84Lng":121.479155,"wgs84Lat":31.270262,"__source_file__":"13-常用公服设施点/CSV/上海市_专科医院.csv"},"geometry":{"type":"Point","coordinates":[121.479155,31.270262]}},{"id":"235","type":"Feature","properties":{"id":"B0HUVX5AQK","name":"上海摩尔星爱口腔门诊部","address":"甜爱支路与甜爱路交叉口西60米","type":"医疗保健服务;专科医院;口腔医院","typecode":"090202","pcode":310000,"pname":"上海市","citycode":21,"cityname":"上海市","adcode":310109,"adname":"虹口区","business_area":"江湾","location":"121.483453,31.268328","tel":"[]","bigType":"医疗保健服务","midType":"专科医院","smallType":"口腔医院","gcj_lng":121.483453,"gcj_lat":31.268328,"wgs84_loc":"121.47896,31.270281","wgs84Lng":121.47896,"wgs84Lat":31.270281,"__source_file__":"13-常用公服设施点/CSV/上海市_专科医院.csv"},"geometry":{"type":"Point","coordinates":[121.47896,31.270281]}},{"id":"2530","type":"Feature","properties":{"id":"B0FFMFR3PY","name":"上海都市医院阴道紧缩修复中心","address":"大连西路555号","type":"医疗保健服务;专科医院;妇科医院","typecode":"090209","pcode":310000,"pname":"上海市","citycode":21,"cityname":"上海市","adcode":310109,"adname":"虹口区","business_area":"曲阳","location":"121.482153,31.274593","tel":"021-65290748","bigType":"医疗保健服务","midType":"专科医院","smallType":"妇科医院","gcj_lng":121.482153,"gcj_lat":31.274593,"wgs84_loc":"121.477655,31.276539","wgs84Lng":121.477655,"wgs84Lat":31.276539,"__source_file__":"13-常用公服设施点/CSV/上海市_专科医院.csv"},"geometry":{"type":"Point","coordinates":[121.477655,31.276539]}},{"id":"2231","type":"Feature","properties":{"id":"B0FFMF96CJ","name":"上海都市医院月经不调诊疗中心","address":"大连西路555号","type":"医疗保健服务;专科医院;专科医院","typecode":"090200","pcode":310000,"pname":"上海市","citycode":21,"cityname":"上海市","adcode":310109,"adname":"虹口区","business_area":"曲阳","location":"121.481879,31.274617","tel":"021-63565721","bigType":"医疗保健服务","midType":"专科医院","smallType":"专科医院","gcj_lng":121.481879,"gcj_lat":31.274617,"wgs84_loc":"121.47738,31.276563","wgs84Lng":121.47738,"wgs84Lat":31.276563,"__source_file__":"13-常用公服设施点/CSV/上海市_专科医院.csv"},"geometry":{"type":"Point","coordinates":[121.47738,31.276563]}},{"id":"877","type":"Feature","properties":{"id":"B0FFMDN5BP","name":"都市医院","address":"大连西路555号3层","type":"医疗保健服务;专科医院;妇科医院|医疗保健服务;综合医院;综合医院","typecode":"090209|090100","pcode":310000,"pname":"上海市","citycode":21,"cityname":"上海市","adcode":310109,"adname":"虹口区","business_area":"江湾","location":"121.481827,31.274626","tel":"021-63256681;021-51025999","bigType":"医疗保健服务","midType":"专科医院","smallType":"妇科医院|医疗保健服务","gcj_lng":121.481827,"gcj_lat":31.274626,"wgs84_loc":"121.477327,31.276572","wgs84Lng":121.477327,"wgs84Lat":31.276572,"__source_file__":"13-常用公服设施点/CSV/上海市_专科医院.csv"},"geometry":{"type":"Point","coordinates":[121.477327,31.276572]}},{"id":"880","type":"Feature","properties":{"id":"B0G107G3I1","name":"上海都市妇科医院","address":"大连西路555号","type":"医疗保健服务;专科医院;妇科医院","typecode":"090209","pcode":310000,"pname":"上海市","citycode":21,"cityname":"上海市","adcode":310109,"adname":"虹口区","business_area":"江湾","location":"121.481725,31.274630","tel":"021-63256681","bigType":"医疗保健服务","midType":"专科医院","smallType":"妇科医院","gcj_lng":121.481725,"gcj_lat":31.27463,"wgs84_loc":"121.477225,31.276575","wgs84Lng":121.477225,"wgs84Lat":31.276575,"__source_file__":"13-常用公服设施点/CSV/上海市_专科医院.csv"},"geometry":{"type":"Point","coordinates":[121.477225,31.276575]}},{"id":"884","type":"Feature","properties":{"id":"B0FFMEW28X","name":"上海无痛人流妇科医院","address":"大连西路555号","type":"医疗保健服务;专科医院;妇科医院","typecode":"090209","pcode":310000,"pname":"上海市","citycode":21,"cityname":"上海市","adcode":310109,"adname":"虹口区","business_area":"江湾","location":"121.481917,31.274640","tel":"021-65290748","bigType":"医疗保健服务","midType":"专科医院","smallType":"妇科医院","gcj_lng":121.481917,"gcj_lat":31.27464,"wgs84_loc":"121.477418,31.276586","wgs84Lng":121.477418,"wgs84Lat":31.276586,"__source_file__":"13-常用公服设施点/CSV/上海市_专科医院.csv"},"geometry":{"type":"Point","coordinates":[121.477418,31.276586]}},{"id":"888","type":"Feature","properties":{"id":"B0FFMGF0J0","name":"上海都市医院多囊卵巢诊疗中心","address":"大连西路555号1层","type":"医疗保健服务;专科医院;妇科医院","typecode":"090209","pcode":310000,"pname":"上海市","citycode":21,"cityname":"上海市","adcode":310109,"adname":"虹口区","business_area":"曲阳","location":"121.481756,31.274720","tel":"[]","bigType":"医疗保健服务","midType":"专科医院","smallType":"妇科医院","gcj_lng":121.481756,"gcj_lat":31.27472,"wgs84_loc":"121.477256,31.276665","wgs84Lng":121.477256,"wgs84Lat":31.276665,"__source_file__":"13-常用公服设施点/CSV/上海市_专科医院.csv"},"geometry":{"type":"Point","coordinates":[121.477256,31.276665]}},{"id":"915","type":"Feature","properties":{"id":"B0FFMDNN9T","name":"上海都市医院阴唇整形修复中心","address":"大连西路555号都市医院3层","type":"医疗保健服务;专科医院;妇科医院","typecode":"090209","pcode":310000,"pname":"上海市","citycode":21,"cityname":"上海市","adcode":310109,"adname":"虹口区","business_area":"曲阳","location":"121.481911,31.274747","tel":"021-65290748","bigType":"医疗保健服务","midType":"专科医院","smallType":"妇科医院","gcj_lng":121.481911,"gcj_lat":31.274747,"wgs84_loc":"121.477412,31.276693","wgs84Lng":121.477412,"wgs84Lat":31.276693,"__source_file__":"13-常用公服设施点/CSV/上海市_专科医院.csv"},"geometry":{"type":"Point","coordinates":[121.477412,31.276693]}}],"name":"上海市_专科医院","crs":{"type":"name","properties":{"name":"urn:ogc:def:crs:OGC:1.3:CRS84"}}}