{"type":"FeatureCollection","features":[{"id":"1825","type":"Feature","properties":{"id":"B0FFFGQUHP","name":"小杨美术书法行","address":"福佑路338号福源商厦F1层29","type":"购物服务;文化用品店;文化用品店","typecode":"060800","pcode":310000,"pname":"上海市","citycode":21,"cityname":"上海市","adcode":310101,"adname":"黄浦区","business_area":"城隍庙","location":"121.489442,31.227135","tel":"[]","bigType":"购物服务","midType":"文化用品店","smallType":"文化用品店","gcj_lng":121.489442,"gcj_lat":31.227135,"wgs84_loc":"121.484973,31.229124","wgs84Lng":121.484973,"wgs84Lat":31.229124,"__source_file__":"13-常用公服设施点/CSV/上海市_文化用品店.csv"},"geometry":{"type":"Point","coordinates":[121.484973,31.229124]}},{"id":"812","type":"Feature","properties":{"id":"B0FFHVJ19F","name":"阿军文具(福佑门商厦店)","address":"福佑路427号福佑门商厦F2层","type":"购物服务;文化用品店;文化用品店","typecode":"060800","pcode":310000,"pname":"上海市","citycode":21,"cityname":"上海市","adcode":310101,"adname":"黄浦区","business_area":"城隍庙","location":"121.487879,31.227975","tel":"021-63735776;13472784736","bigType":"购物服务","midType":"文化用品店","smallType":"文化用品店","gcj_lng":121.487879,"gcj_lat":31.227975,"wgs84_loc":"121.483405,31.229959","wgs84Lng":121.483405,"wgs84Lat":31.229959,"__source_file__":"13-常用公服设施点/CSV/上海市_文化用品店.csv"},"geometry":{"type":"Point","coordinates":[121.483405,31.229959]}},{"id":"1650","type":"Feature","properties":{"id":"B0HG61FJNY","name":"轩阳文具店","address":"太仓路68号","type":"购物服务;文化用品店;文化用品店","typecode":"060800","pcode":310000,"pname":"上海市","citycode":21,"cityname":"上海市","adcode":310101,"adname":"黄浦区","business_area":"淮海路","location":"121.476964,31.221942","tel":"[]","bigType":"购物服务","midType":"文化用品店","smallType":"文化用品店","gcj_lng":121.476964,"gcj_lat":31.221942,"wgs84_loc":"121.472452,31.223897","wgs84Lng":121.472452,"wgs84Lat":31.223897,"__source_file__":"13-常用公服设施点/CSV/上海市_文化用品店.csv"},"geometry":{"type":"Point","coordinates":[121.472452,31.223897]}},{"id":"817","type":"Feature","properties":{"id":"B00155C2QC","name":"上海英大办公文具","address":"南京西路479弄28号边门","type":"购物服务;文化用品店;文化用品店","typecode":"060800","pcode":310000,"pname":"上海市","citycode":21,"cityname":"上海市","adcode":310101,"adname":"黄浦区","business_area":"北京东路","location":"121.467436,31.229807","tel":"021-63592057;021-63592826","bigType":"购物服务","midType":"文化用品店","smallType":"文化用品店","gcj_lng":121.467436,"gcj_lat":31.229807,"wgs84_loc":"121.462893,31.231733","wgs84Lng":121.462893,"wgs84Lat":31.231733,"__source_file__":"13-常用公服设施点/CSV/上海市_文化用品店.csv"},"geometry":{"type":"Point","coordinates":[121.462893,31.231733]}},{"id":"1953","type":"Feature","properties":{"id":"B0ID6D2MMF","name":"PARKER","address":"西藏中路268号上海来福士广场L5层","type":"购物服务;文化用品店;文化用品店","typecode":"060800","pcode":310000,"pname":"上海市","citycode":21,"cityname":"上海市","adcode":310101,"adname":"黄浦区","business_area":"北京路","location":"121.476488,31.232036","tel":"15900820369","bigType":"购物服务","midType":"文化用品店","smallType":"文化用品店","gcj_lng":121.476488,"gcj_lat":31.232036,"wgs84_loc":"121.471974,31.233985","wgs84Lng":121.471974,"wgs84Lat":31.233985,"__source_file__":"13-常用公服设施点/CSV/上海市_文化用品店.csv"},"geometry":{"type":"Point","coordinates":[121.471974,31.233985]}},{"id":"1856","type":"Feature","properties":{"id":"B0FFKSLESC","name":"丽空间共享社区办公","address":"成都北路辅路与凤阳路交叉口东南100米","type":"购物服务;文化用品店;文化用品店","typecode":"060800","pcode":310000,"pname":"上海市","citycode":21,"cityname":"上海市","adcode":310101,"adname":"黄浦区","business_area":"北京东路","location":"121.467198,31.232230","tel":"[]","bigType":"购物服务","midType":"文化用品店","smallType":"文化用品店","gcj_lng":121.467198,"gcj_lat":31.23223,"wgs84_loc":"121.462654,31.234154","wgs84Lng":121.462654,"wgs84Lat":31.234154,"__source_file__":"13-常用公服设施点/CSV/上海市_文化用品店.csv"},"geometry":{"type":"Point","coordinates":[121.462654,31.234154]}},{"id":"845","type":"Feature","properties":{"id":"B0GK6OUBEH","name":"申驰文具","address":"福州路与平望街交叉口东北约40米","type":"购物服务;文化用品店;文化用品店","typecode":"060800","pcode":310000,"pname":"上海市","citycode":21,"cityname":"上海市","adcode":310101,"adname":"黄浦区","business_area":"北京东路","location":"121.478996,31.232653","tel":"[]","bigType":"购物服务","midType":"文化用品店","smallType":"文化用品店","gcj_lng":121.478996,"gcj_lat":31.232653,"wgs84_loc":"121.47449,31.234609","wgs84Lng":121.47449,"wgs84Lat":31.234609,"__source_file__":"13-常用公服设施点/CSV/上海市_文化用品店.csv"},"geometry":{"type":"Point","coordinates":[121.47449,31.234609]}},{"id":"1862","type":"Feature","properties":{"id":"B0FFIECVQ1","name":"文房四宝(福州路店)","address":"福州路465号上海书城3楼","type":"购物服务;文化用品店;文化用品店","typecode":"060800","pcode":310000,"pname":"上海市","citycode":21,"cityname":"上海市","adcode":310101,"adname":"黄浦区","business_area":"北京东路","location":"121.478803,31.232664","tel":"[]","bigType":"购物服务","midType":"文化用品店","smallType":"文化用品店","gcj_lng":121.478803,"gcj_lat":31.232664,"wgs84_loc":"121.474297,31.234619","wgs84Lng":121.474297,"wgs84Lat":31.234619,"__source_file__":"13-常用公服设施点/CSV/上海市_文化用品店.csv"},"geometry":{"type":"Point","coordinates":[121.474297,31.234619]}},{"id":"835","type":"Feature","properties":{"id":"B0HG3NB3NV","name":"中驰文具","address":"福州路同兴大楼","type":"购物服务;文化用品店;文化用品店","typecode":"060800","pcode":310000,"pname":"上海市","citycode":21,"cityname":"上海市","adcode":310101,"adname":"黄浦区","business_area":"北京东路","location":"121.478938,31.232728","tel":"[]","bigType":"购物服务","midType":"文化用品店","smallType":"文化用品店","gcj_lng":121.478938,"gcj_lat":31.232728,"wgs84_loc":"121.474432,31.234684","wgs84Lng":121.474432,"wgs84Lat":31.234684,"__source_file__":"13-常用公服设施点/CSV/上海市_文化用品店.csv"},"geometry":{"type":"Point","coordinates":[121.474432,31.234684]}},{"id":"842","type":"Feature","properties":{"id":"B0FFK03S00","name":"晨光文具(新昌路店)","address":"新昌路金瓯万国大厦南侧约50米","type":"购物服务;文化用品店;文化用品店","typecode":"060800","pcode":310000,"pname":"上海市","citycode":21,"cityname":"上海市","adcode":310101,"adname":"黄浦区","business_area":"北京东路","location":"121.468985,31.233081","tel":"[]","bigType":"购物服务","midType":"文化用品店","smallType":"文化用品店","gcj_lng":121.468985,"gcj_lat":31.233081,"wgs84_loc":"121.464447,31.235009","wgs84Lng":121.464447,"wgs84Lat":31.235009,"__source_file__":"13-常用公服设施点/CSV/上海市_文化用品店.csv"},"geometry":{"type":"Point","coordinates":[121.464447,31.235009]}},{"id":"1863","type":"Feature","properties":{"id":"B0I61S7282","name":"阿兔兔小米","address":"福佑路与吴家弄交叉口西北20米(豫园地铁站1号口步行70米)","type":"购物服务;文化用品店;文化用品店","typecode":"060800","pcode":310000,"pname":"上海市","citycode":21,"cityname":"上海市","adcode":310101,"adname":"黄浦区","business_area":"城隍庙","location":"121.488101,31.228097","tel":"[]","bigType":"购物服务","midType":"文化用品店","smallType":"文化用品店","gcj_lng":121.488101,"gcj_lat":31.228097,"wgs84_loc":"121.483627,31.230081","wgs84Lng":121.483627,"wgs84Lat":31.230081,"__source_file__":"13-常用公服设施点/CSV/上海市_文化用品店.csv"},"geometry":{"type":"Point","coordinates":[121.483627,31.230081]}},{"id":"858","type":"Feature","properties":{"id":"B0FFH10P99","name":"九马时尚韩牌文具礼品商行(福佑门商厦)","address":"福佑路427号福佑门商厦B1","type":"购物服务;文化用品店;文化用品店","typecode":"060800","pcode":310000,"pname":"上海市","citycode":21,"cityname":"上海市","adcode":310101,"adname":"黄浦区","business_area":"城隍庙","location":"121.488200,31.228114","tel":"021-63112855","bigType":"购物服务","midType":"文化用品店","smallType":"文化用品店","gcj_lng":121.4882,"gcj_lat":31.228114,"wgs84_loc":"121.483727,31.230099","wgs84Lng":121.483727,"wgs84Lat":31.230099,"__source_file__":"13-常用公服设施点/CSV/上海市_文化用品店.csv"},"geometry":{"type":"Point","coordinates":[121.483727,31.230099]}},{"id":"112","type":"Feature","properties":{"id":"B0FFHNTW6J","name":"雷顺文具(福佑门商厦店)","address":"福佑路427号福佑门小商品市场地下室108号","type":"购物服务;文化用品店;文化用品店","typecode":"060800","pcode":310000,"pname":"上海市","citycode":21,"cityname":"上海市","adcode":310101,"adname":"黄浦区","business_area":"城隍庙","location":"121.488185,31.228172","tel":"13817416599","bigType":"购物服务","midType":"文化用品店","smallType":"文化用品店","gcj_lng":121.488185,"gcj_lat":31.228172,"wgs84_loc":"121.483712,31.230157","wgs84Lng":121.483712,"wgs84Lat":31.230157,"__source_file__":"13-常用公服设施点/CSV/上海市_文化用品店.csv"},"geometry":{"type":"Point","coordinates":[121.483712,31.230157]}},{"id":"802","type":"Feature","properties":{"id":"B0FFH0ZVO5","name":"福高文具批发(福佑门商厦店)","address":"福佑路427号福佑门商厦F1层","type":"购物服务;文化用品店;文化用品店","typecode":"060800","pcode":310000,"pname":"上海市","citycode":21,"cityname":"上海市","adcode":310101,"adname":"黄浦区","business_area":"城隍庙","location":"121.488484,31.228181","tel":"[]","bigType":"购物服务","midType":"文化用品店","smallType":"文化用品店","gcj_lng":121.488484,"gcj_lat":31.228181,"wgs84_loc":"121.484012,31.230166","wgs84Lng":121.484012,"wgs84Lat":31.230166,"__source_file__":"13-常用公服设施点/CSV/上海市_文化用品店.csv"},"geometry":{"type":"Point","coordinates":[121.484012,31.230166]}},{"id":"820","type":"Feature","properties":{"id":"B0FFHFRZHK","name":"雄鹰文具","address":"福佑路223号福民商厦11C-005号","type":"购物服务;文化用品店;文化用品店","typecode":"060800","pcode":310000,"pname":"上海市","citycode":21,"cityname":"上海市","adcode":310101,"adname":"黄浦区","business_area":"城隍庙","location":"121.492070,31.228174","tel":"021-63202178;13764276161;13564731164","bigType":"购物服务","midType":"文化用品店","smallType":"文化用品店","gcj_lng":121.49207,"gcj_lat":31.228174,"wgs84_loc":"121.48761,31.23017","wgs84Lng":121.48761,"wgs84Lat":31.23017,"__source_file__":"13-常用公服设施点/CSV/上海市_文化用品店.csv"},"geometry":{"type":"Point","coordinates":[121.48761,31.23017]}},{"id":"832","type":"Feature","properties":{"id":"B0FFFGQO9H","name":"恒峰文具批发","address":"城隍庙福佑路136号","type":"购物服务;文化用品店;文化用品店","typecode":"060800","pcode":310000,"pname":"上海市","citycode":21,"cityname":"上海市","adcode":310101,"adname":"黄浦区","business_area":"城隍庙","location":"121.492371,31.228192","tel":"[]","bigType":"购物服务","midType":"文化用品店","smallType":"文化用品店","gcj_lng":121.492371,"gcj_lat":31.228192,"wgs84_loc":"121.487912,31.230189","wgs84Lng":121.487912,"wgs84Lat":31.230189,"__source_file__":"13-常用公服设施点/CSV/上海市_文化用品店.csv"},"geometry":{"type":"Point","coordinates":[121.487912,31.230189]}},{"id":"836","type":"Feature","properties":{"id":"B0FFFGQAE5","name":"曙光文具","address":"福佑路223号福民商厦11C106室","type":"购物服务;文化用品店;文化用品店","typecode":"060800","pcode":310000,"pname":"上海市","citycode":21,"cityname":"上海市","adcode":310101,"adname":"黄浦区","business_area":"城隍庙","location":"121.491856,31.228203","tel":"021-63736993","bigType":"购物服务","midType":"文化用品店","smallType":"文化用品店","gcj_lng":121.491856,"gcj_lat":31.228203,"wgs84_loc":"121.487396,31.230198","wgs84Lng":121.487396,"wgs84Lat":31.230198,"__source_file__":"13-常用公服设施点/CSV/上海市_文化用品店.csv"},"geometry":{"type":"Point","coordinates":[121.487396,31.230198]}},{"id":"860","type":"Feature","properties":{"id":"B0I6F5IN9U","name":"顺顺杯子文具","address":"[]","type":"购物服务;文化用品店;文化用品店","typecode":"060800","pcode":310000,"pname":"上海市","citycode":21,"cityname":"上海市","adcode":310101,"adname":"黄浦区","business_area":"城隍庙","location":"121.491644,31.228236","tel":"[]","bigType":"购物服务","midType":"文化用品店","smallType":"文化用品店","gcj_lng":121.491644,"gcj_lat":31.228236,"wgs84_loc":"121.487183,31.230231","wgs84Lng":121.487183,"wgs84Lat":31.230231,"__source_file__":"13-常用公服设施点/CSV/上海市_文化用品店.csv"},"geometry":{"type":"Point","coordinates":[121.487183,31.230231]}},{"id":"1864","type":"Feature","properties":{"id":"B0I62UFZMI","name":"良清文化","address":"福民街与福佑路交叉口东北40米","type":"购物服务;文化用品店;文化用品店","typecode":"060800","pcode":310000,"pname":"上海市","citycode":21,"cityname":"上海市","adcode":310101,"adname":"黄浦区","business_area":"城隍庙","location":"121.491693,31.228236","tel":"[]","bigType":"购物服务","midType":"文化用品店","smallType":"文化用品店","gcj_lng":121.491693,"gcj_lat":31.228236,"wgs84_loc":"121.487232,31.230231","wgs84Lng":121.487232,"wgs84Lat":31.230231,"__source_file__":"13-常用公服设施点/CSV/上海市_文化用品店.csv"},"geometry":{"type":"Point","coordinates":[121.487232,31.230231]}},{"id":"861","type":"Feature","properties":{"id":"B0HRUCHUX1","name":"潮流时尚礼品文具店","address":"城隍庙福佑门地下室80号","type":"购物服务;文化用品店;文化用品店","typecode":"060800","pcode":310000,"pname":"上海市","citycode":21,"cityname":"上海市","adcode":310101,"adname":"黄浦区","business_area":"城隍庙","location":"121.488666,31.228278","tel":"[]","bigType":"购物服务","midType":"文化用品店","smallType":"文化用品店","gcj_lng":121.488666,"gcj_lat":31.228278,"wgs84_loc":"121.484194,31.230264","wgs84Lng":121.484194,"wgs84Lat":31.230264,"__source_file__":"13-常用公服设施点/CSV/上海市_文化用品店.csv"},"geometry":{"type":"Point","coordinates":[121.484194,31.230264]}},{"id":"1582","type":"Feature","properties":{"id":"B0FFHE2AI0","name":"冬青文具","address":"福佑路223号福民商厦2楼","type":"购物服务;文化用品店;文化用品店","typecode":"060800","pcode":310000,"pname":"上海市","citycode":21,"cityname":"上海市","adcode":310101,"adname":"黄浦区","business_area":"城隍庙","location":"121.492237,31.228289","tel":"[]","bigType":"购物服务","midType":"文化用品店","smallType":"文化用品店","gcj_lng":121.492237,"gcj_lat":31.228289,"wgs84_loc":"121.487778,31.230286","wgs84Lng":121.487778,"wgs84Lat":31.230286,"__source_file__":"13-常用公服设施点/CSV/上海市_文化用品店.csv"},"geometry":{"type":"Point","coordinates":[121.487778,31.230286]}},{"id":"857","type":"Feature","properties":{"id":"B0G1SLB85D","name":"得力文具(福民商厦店)","address":"福佑路223号福民商厦","type":"购物服务;文化用品店;文化用品店","typecode":"060800","pcode":310000,"pname":"上海市","citycode":21,"cityname":"上海市","adcode":310101,"adname":"黄浦区","business_area":"城隍庙","location":"121.492234,31.228322","tel":"[]","bigType":"购物服务","midType":"文化用品店","smallType":"文化用品店","gcj_lng":121.492234,"gcj_lat":31.228322,"wgs84_loc":"121.487775,31.230319","wgs84Lng":121.487775,"wgs84Lat":31.230319,"__source_file__":"13-常用公服设施点/CSV/上海市_文化用品店.csv"},"geometry":{"type":"Point","coordinates":[121.487775,31.230319]}},{"id":"1836","type":"Feature","properties":{"id":"B0FFH6ILI8","name":"上海卓阳文具有限公司(安仁街)","address":"人民路399号福都商厦M008","type":"购物服务;文化用品店;文化用品店","typecode":"060800","pcode":310000,"pname":"上海市","citycode":21,"cityname":"上海市","adcode":310101,"adname":"黄浦区","business_area":"城隍庙","location":"121.492395,31.228324","tel":"021-63280467;13916276892","bigType":"购物服务","midType":"文化用品店","smallType":"文化用品店","gcj_lng":121.492395,"gcj_lat":31.228324,"wgs84_loc":"121.487937,31.230321","wgs84Lng":121.487937,"wgs84Lat":31.230321,"__source_file__":"13-常用公服设施点/CSV/上海市_文化用品店.csv"},"geometry":{"type":"Point","coordinates":[121.487937,31.230321]}},{"id":"1858","type":"Feature","properties":{"id":"B0FFHRBZAU","name":"上海陆盛文具商行","address":"福民街8(豫园地铁站7号口步行360米)","type":"购物服务;文化用品店;文化用品店","typecode":"060800","pcode":310000,"pname":"上海市","citycode":21,"cityname":"上海市","adcode":310101,"adname":"黄浦区","business_area":"城隍庙","location":"121.491705,31.228495","tel":"[]","bigType":"购物服务","midType":"文化用品店","smallType":"文化用品店","gcj_lng":121.491705,"gcj_lat":31.228495,"wgs84_loc":"121.487244,31.23049","wgs84Lng":121.487244,"wgs84Lat":31.23049,"__source_file__":"13-常用公服设施点/CSV/上海市_文化用品店.csv"},"geometry":{"type":"Point","coordinates":[121.487244,31.23049]}},{"id":"28","type":"Feature","properties":{"id":"B0I63AUELV","name":"苏青文具小家电批发部","address":"安平街与福佑路交叉口北约80米","type":"购物服务;文化用品店;文化用品店","typecode":"060800","pcode":310000,"pname":"上海市","citycode":21,"cityname":"上海市","adcode":310101,"adname":"黄浦区","business_area":"城隍庙","location":"121.492009,31.228618","tel":"[]","bigType":"购物服务","midType":"文化用品店","smallType":"文化用品店","gcj_lng":121.492009,"gcj_lat":31.228618,"wgs84_loc":"121.487549,31.230614","wgs84Lng":121.487549,"wgs84Lat":31.230614,"__source_file__":"13-常用公服设施点/CSV/上海市_文化用品店.csv"},"geometry":{"type":"Point","coordinates":[121.487549,31.230614]}},{"id":"1678","type":"Feature","properties":{"id":"B0FFGUDNIC","name":"九马文具","address":"丽水路1号城隍庙福佑门小商品市场","type":"购物服务;文化用品店;文化用品店","typecode":"060800","pcode":310000,"pname":"上海市","citycode":21,"cityname":"上海市","adcode":310101,"adname":"黄浦区","business_area":"城隍庙","location":"121.491006,31.228865","tel":"021-63110097","bigType":"购物服务","midType":"文化用品店","smallType":"文化用品店","gcj_lng":121.491006,"gcj_lat":31.228865,"wgs84_loc":"121.486543,31.230858","wgs84Lng":121.486543,"wgs84Lat":31.230858,"__source_file__":"13-常用公服设施点/CSV/上海市_文化用品店.csv"},"geometry":{"type":"Point","coordinates":[121.486543,31.230858]}},{"id":"843","type":"Feature","properties":{"id":"B0FFFPIHHX","name":"上海金宝文具","address":"丽水路1号悦园商厦3层","type":"购物服务;文化用品店;文化用品店","typecode":"060800","pcode":310000,"pname":"上海市","citycode":21,"cityname":"上海市","adcode":310101,"adname":"黄浦区","business_area":"城隍庙","location":"121.491088,31.229047","tel":"021-63200968;13917333904","bigType":"购物服务","midType":"文化用品店","smallType":"文化用品店","gcj_lng":121.491088,"gcj_lat":31.229047,"wgs84_loc":"121.486625,31.23104","wgs84Lng":121.486625,"wgs84Lat":31.23104,"__source_file__":"13-常用公服设施点/CSV/上海市_文化用品店.csv"},"geometry":{"type":"Point","coordinates":[121.486625,31.23104]}},{"id":"855","type":"Feature","properties":{"id":"B0FFHOXF16","name":"万象文具","address":"丽水路一号悦园商厦二楼C15","type":"购物服务;文化用品店;文化用品店","typecode":"060800","pcode":310000,"pname":"上海市","citycode":21,"cityname":"上海市","adcode":310101,"adname":"黄浦区","business_area":"城隍庙","location":"121.491035,31.229061","tel":"[]","bigType":"购物服务","midType":"文化用品店","smallType":"文化用品店","gcj_lng":121.491035,"gcj_lat":31.229061,"wgs84_loc":"121.486572,31.231054","wgs84Lng":121.486572,"wgs84Lat":31.231054,"__source_file__":"13-常用公服设施点/CSV/上海市_文化用品店.csv"},"geometry":{"type":"Point","coordinates":[121.486572,31.231054]}},{"id":"1687","type":"Feature","properties":{"id":"B0FFK6UHW2","name":"本木生活","address":"丽水路与人民路交口悦园商厦3楼","type":"购物服务;文化用品店;文化用品店","typecode":"060800","pcode":310000,"pname":"上海市","citycode":21,"cityname":"上海市","adcode":310101,"adname":"黄浦区","business_area":"城隍庙","location":"121.491017,31.229075","tel":"[]","bigType":"购物服务","midType":"文化用品店","smallType":"文化用品店","gcj_lng":121.491017,"gcj_lat":31.229075,"wgs84_loc":"121.486554,31.231068","wgs84Lng":121.486554,"wgs84Lat":31.231068,"__source_file__":"13-常用公服设施点/CSV/上海市_文化用品店.csv"},"geometry":{"type":"Point","coordinates":[121.486554,31.231068]}},{"id":"859","type":"Feature","properties":{"id":"B0FFGBZNN0","name":"雨晴文具","address":"人民路388号上海滩商厦1楼A62号","type":"购物服务;文化用品店;文化用品店","typecode":"060800","pcode":310000,"pname":"上海市","citycode":21,"cityname":"上海市","adcode":310101,"adname":"黄浦区","business_area":"城隍庙","location":"121.491509,31.229829","tel":"[]","bigType":"购物服务","midType":"文化用品店","smallType":"文化用品店","gcj_lng":121.491509,"gcj_lat":31.229829,"wgs84_loc":"121.487047,31.231823","wgs84Lng":121.487047,"wgs84Lat":31.231823,"__source_file__":"13-常用公服设施点/CSV/上海市_文化用品店.csv"},"geometry":{"type":"Point","coordinates":[121.487047,31.231823]}},{"id":"838","type":"Feature","properties":{"id":"B0FFH10SB3","name":"晨光文具(福佑门商厦店)","address":"福佑路427号福佑门商厦F2","type":"购物服务;文化用品店;文化用品店","typecode":"060800","pcode":310000,"pname":"上海市","citycode":21,"cityname":"上海市","adcode":310101,"adname":"黄浦区","business_area":"城隍庙","location":"121.487791,31.227962","tel":"13472784736","bigType":"购物服务","midType":"文化用品店","smallType":"文化用品店","gcj_lng":121.487791,"gcj_lat":31.227962,"wgs84_loc":"121.483316,31.229946","wgs84Lng":121.483316,"wgs84Lat":31.229946,"__source_file__":"13-常用公服设施点/CSV/上海市_文化用品店.csv"},"geometry":{"type":"Point","coordinates":[121.483316,31.229946]}},{"id":"850","type":"Feature","properties":{"id":"B0FFH0ZWYC","name":"华鑫文具批发(福佑门商厦店)","address":"福佑路427号福佑门商厦B1","type":"购物服务;文化用品店;文化用品店","typecode":"060800","pcode":310000,"pname":"上海市","citycode":21,"cityname":"上海市","adcode":310101,"adname":"黄浦区","business_area":"城隍庙","location":"121.487817,31.228139","tel":"[]","bigType":"购物服务","midType":"文化用品店","smallType":"文化用品店","gcj_lng":121.487817,"gcj_lat":31.228139,"wgs84_loc":"121.483342,31.230123","wgs84Lng":121.483342,"wgs84Lat":31.230123,"__source_file__":"13-常用公服设施点/CSV/上海市_文化用品店.csv"},"geometry":{"type":"Point","coordinates":[121.483342,31.230123]}},{"id":"1753","type":"Feature","properties":{"id":"B00155F6OS","name":"上海学子办公用品有限公司","address":"福州路613号","type":"购物服务;文化用品店;文化用品店","typecode":"060800","pcode":310000,"pname":"上海市","citycode":21,"cityname":"上海市","adcode":310101,"adname":"黄浦区","business_area":"北京东路","location":"121.479015,31.232504","tel":"[]","bigType":"购物服务","midType":"文化用品店","smallType":"文化用品店","gcj_lng":121.479015,"gcj_lat":31.232504,"wgs84_loc":"121.474509,31.23446","wgs84Lng":121.474509,"wgs84Lat":31.23446,"__source_file__":"13-常用公服设施点/CSV/上海市_文化用品店.csv"},"geometry":{"type":"Point","coordinates":[121.474509,31.23446]}},{"id":"815","type":"Feature","properties":{"id":"B0FFF5VNX4","name":"上海飞腾文具用品经营部(福州路店)","address":"福州路609号","type":"购物服务;文化用品店;文化用品店","typecode":"060800","pcode":310000,"pname":"上海市","citycode":21,"cityname":"上海市","adcode":310101,"adname":"黄浦区","business_area":"北京东路","location":"121.479106,31.232537","tel":"13801770875","bigType":"购物服务","midType":"文化用品店","smallType":"文化用品店","gcj_lng":121.479106,"gcj_lat":31.232537,"wgs84_loc":"121.474601,31.234493","wgs84Lng":121.474601,"wgs84Lat":31.234493,"__source_file__":"13-常用公服设施点/CSV/上海市_文化用品店.csv"},"geometry":{"type":"Point","coordinates":[121.474601,31.234493]}},{"id":"43","type":"Feature","properties":{"id":"B00155E0JA","name":"百佳来文仪用品","address":"福州路607号","type":"购物服务;文化用品店;文化用品店","typecode":"060800","pcode":310000,"pname":"上海市","citycode":21,"cityname":"上海市","adcode":310101,"adname":"黄浦区","business_area":"北京东路","location":"121.479186,31.232566","tel":"[]","bigType":"购物服务","midType":"文化用品店","smallType":"文化用品店","gcj_lng":121.479186,"gcj_lat":31.232566,"wgs84_loc":"121.474681,31.234523","wgs84Lng":121.474681,"wgs84Lat":31.234523,"__source_file__":"13-常用公服设施点/CSV/上海市_文化用品店.csv"},"geometry":{"type":"Point","coordinates":[121.474681,31.234523]}},{"id":"863","type":"Feature","properties":{"id":"B0FFIUOO9O","name":"金泥美术用品","address":"河南中路170号","type":"购物服务;文化用品店;文化用品店","typecode":"060800","pcode":310000,"pname":"上海市","citycode":21,"cityname":"上海市","adcode":310101,"adname":"黄浦区","business_area":"北京东路","location":"121.486167,31.233775","tel":"021-63606185","bigType":"购物服务","midType":"文化用品店","smallType":"文化用品店","gcj_lng":121.486167,"gcj_lat":31.233775,"wgs84_loc":"121.481686,31.235751","wgs84Lng":121.481686,"wgs84Lat":31.235751,"__source_file__":"13-常用公服设施点/CSV/上海市_文化用品店.csv"},"geometry":{"type":"Point","coordinates":[121.481686,31.235751]}},{"id":"1655","type":"Feature","properties":{"id":"B0FFLEPELE","name":"竹庐文房(上海文化商厦店)","address":"福州路401号(古籍书店旁边)","type":"购物服务;文化用品店;文化用品店","typecode":"060800","pcode":310000,"pname":"上海市","citycode":21,"cityname":"上海市","adcode":310101,"adname":"黄浦区","business_area":"北京东路","location":"121.482790,31.233786","tel":"[]","bigType":"购物服务","midType":"文化用品店","smallType":"文化用品店","gcj_lng":121.48279,"gcj_lat":31.233786,"wgs84_loc":"121.478297,31.235752","wgs84Lng":121.478297,"wgs84Lat":31.235752,"__source_file__":"13-常用公服设施点/CSV/上海市_文化用品店.csv"},"geometry":{"type":"Point","coordinates":[121.478297,31.235752]}},{"id":"1668","type":"Feature","properties":{"id":"B0FFHOSIG8","name":"上海祥鹰文具用品经营部","address":"福州路355号上海文化商厦F2","type":"购物服务;文化用品店;文化用品店","typecode":"060800","pcode":310000,"pname":"上海市","citycode":21,"cityname":"上海市","adcode":310101,"adname":"黄浦区","business_area":"北京东路","location":"121.483072,31.233794","tel":"021-63266588","bigType":"购物服务","midType":"文化用品店","smallType":"文化用品店","gcj_lng":121.483072,"gcj_lat":31.233794,"wgs84_loc":"121.47858,31.235761","wgs84Lng":121.47858,"wgs84Lat":31.235761,"__source_file__":"13-常用公服设施点/CSV/上海市_文化用品店.csv"},"geometry":{"type":"Point","coordinates":[121.47858,31.235761]}},{"id":"1669","type":"Feature","properties":{"id":"B0FFLAXLSK","name":"中国毛笔","address":"河南中路与泗泾路交叉口北60米","type":"购物服务;文化用品店;文化用品店","typecode":"060800","pcode":310000,"pname":"上海市","citycode":21,"cityname":"上海市","adcode":310101,"adname":"黄浦区","business_area":"北京东路","location":"121.486162,31.233795","tel":"[]","bigType":"购物服务","midType":"文化用品店","smallType":"文化用品店","gcj_lng":121.486162,"gcj_lat":31.233795,"wgs84_loc":"121.481681,31.235771","wgs84Lng":121.481681,"wgs84Lat":31.235771,"__source_file__":"13-常用公服设施点/CSV/上海市_文化用品店.csv"},"geometry":{"type":"Point","coordinates":[121.481681,31.235771]}},{"id":"1564","type":"Feature","properties":{"id":"B0FFHOSIGE","name":"上海广利美术用品有限公司","address":"福州路355号文化商厦2楼","type":"购物服务;文化用品店;文化用品店","typecode":"060800","pcode":310000,"pname":"上海市","citycode":21,"cityname":"上海市","adcode":310101,"adname":"黄浦区","business_area":"北京东路","location":"121.483137,31.233809","tel":"[]","bigType":"购物服务","midType":"文化用品店","smallType":"文化用品店","gcj_lng":121.483137,"gcj_lat":31.233809,"wgs84_loc":"121.478645,31.235776","wgs84Lng":121.478645,"wgs84Lat":31.235776,"__source_file__":"13-常用公服设施点/CSV/上海市_文化用品店.csv"},"geometry":{"type":"Point","coordinates":[121.478645,31.235776]}},{"id":"1780","type":"Feature","properties":{"id":"B0FFH1YTRC","name":"上海艺翎贸易有限公司","address":"福州路355号上海文化商厦F3","type":"购物服务;文化用品店;文化用品店|公司企业;公司;公司","typecode":"060800|170200","pcode":310000,"pname":"上海市","citycode":21,"cityname":"上海市","adcode":310101,"adname":"黄浦区","business_area":"北京东路","location":"121.483438,31.233827","tel":"021-63266927","bigType":"购物服务","midType":"文化用品店","smallType":"文化用品店|公司企业","gcj_lng":121.483438,"gcj_lat":31.233827,"wgs84_loc":"121.478947,31.235795","wgs84Lng":121.478947,"wgs84Lat":31.235795,"__source_file__":"13-常用公服设施点/CSV/上海市_文化用品店.csv"},"geometry":{"type":"Point","coordinates":[121.478947,31.235795]}},{"id":"829","type":"Feature","properties":{"id":"B0GUBUO3W4","name":"世阳文具美术店","address":"福州路与山西南路交叉口西南约60米","type":"购物服务;文化用品店;文化用品店","typecode":"060800","pcode":310000,"pname":"上海市","citycode":21,"cityname":"上海市","adcode":310101,"adname":"黄浦区","business_area":"北京东路","location":"121.483063,31.233853","tel":"021-63743028","bigType":"购物服务","midType":"文化用品店","smallType":"文化用品店","gcj_lng":121.483063,"gcj_lat":31.233853,"wgs84_loc":"121.478571,31.23582","wgs84Lng":121.478571,"wgs84Lat":31.23582,"__source_file__":"13-常用公服设施点/CSV/上海市_文化用品店.csv"},"geometry":{"type":"Point","coordinates":[121.478571,31.23582]}},{"id":"811","type":"Feature","properties":{"id":"B0FFH1YT56","name":"USIGN远生文具厂家直销利和经营部","address":"福州路355号上海文化商厦F2层","type":"购物服务;文化用品店;文化用品店","typecode":"060800","pcode":310000,"pname":"上海市","citycode":21,"cityname":"上海市","adcode":310101,"adname":"黄浦区","business_area":"北京东路","location":"121.483282,31.233855","tel":"[]","bigType":"购物服务","midType":"文化用品店","smallType":"文化用品店","gcj_lng":121.483282,"gcj_lat":31.233855,"wgs84_loc":"121.478791,31.235823","wgs84Lng":121.478791,"wgs84Lat":31.235823,"__source_file__":"13-常用公服设施点/CSV/上海市_文化用品店.csv"},"geometry":{"type":"Point","coordinates":[121.478791,31.235823]}},{"id":"1677","type":"Feature","properties":{"id":"B0FFHOSIHC","name":"友文礼品文具有限公司(上海文化商厦)","address":"福州路355号上海文化商厦F3","type":"购物服务;文化用品店;文化用品店","typecode":"060800","pcode":310000,"pname":"上海市","citycode":21,"cityname":"上海市","adcode":310101,"adname":"黄浦区","business_area":"北京东路","location":"121.483298,31.233859","tel":"021-63265575;13761359556","bigType":"购物服务","midType":"文化用品店","smallType":"文化用品店","gcj_lng":121.483298,"gcj_lat":31.233859,"wgs84_loc":"121.478807,31.235827","wgs84Lng":121.478807,"wgs84Lat":31.235827,"__source_file__":"13-常用公服设施点/CSV/上海市_文化用品店.csv"},"geometry":{"type":"Point","coordinates":[121.478807,31.235827]}},{"id":"856","type":"Feature","properties":{"id":"B0FFHOSIGH","name":"上海华涵文具礼品经营部(上海文化商厦店)","address":"福州路355号上海文化商厦F2层","type":"购物服务;文化用品店;文化用品店","typecode":"060800","pcode":310000,"pname":"上海市","citycode":21,"cityname":"上海市","adcode":310101,"adname":"黄浦区","business_area":"北京东路","location":"121.483189,31.233886","tel":"15221485185","bigType":"购物服务","midType":"文化用品店","smallType":"文化用品店","gcj_lng":121.483189,"gcj_lat":31.233886,"wgs84_loc":"121.478698,31.235853","wgs84Lng":121.478698,"wgs84Lat":31.235853,"__source_file__":"13-常用公服设施点/CSV/上海市_文化用品店.csv"},"geometry":{"type":"Point","coordinates":[121.478698,31.235853]}},{"id":"1783","type":"Feature","properties":{"id":"B0FFKPDMNS","name":"艺翎美术(上海文化商厦店)","address":"福州路355号上海文化商厦2楼219室艺翎美术","type":"购物服务;文化用品店;文化用品店","typecode":"060800","pcode":310000,"pname":"上海市","citycode":21,"cityname":"上海市","adcode":310101,"adname":"黄浦区","business_area":"北京东路","location":"121.483563,31.233914","tel":"18616016009","bigType":"购物服务","midType":"文化用品店","smallType":"文化用品店","gcj_lng":121.483563,"gcj_lat":31.233914,"wgs84_loc":"121.479073,31.235882","wgs84Lng":121.479073,"wgs84Lat":31.235882,"__source_file__":"13-常用公服设施点/CSV/上海市_文化用品店.csv"},"geometry":{"type":"Point","coordinates":[121.479073,31.235882]}},{"id":"1830","type":"Feature","properties":{"id":"B0G3MU1AG8","name":"宝克文具","address":"福州路355号四楼A115室","type":"购物服务;文化用品店;文化用品店","typecode":"060800","pcode":310000,"pname":"上海市","citycode":21,"cityname":"上海市","adcode":310101,"adname":"黄浦区","business_area":"北京东路","location":"121.483599,31.233929","tel":"[]","bigType":"购物服务","midType":"文化用品店","smallType":"文化用品店","gcj_lng":121.483599,"gcj_lat":31.233929,"wgs84_loc":"121.479109,31.235898","wgs84Lng":121.479109,"wgs84Lat":31.235898,"__source_file__":"13-常用公服设施点/CSV/上海市_文化用品店.csv"},"geometry":{"type":"Point","coordinates":[121.479109,31.235898]}},{"id":"1840","type":"Feature","properties":{"id":"B00154NWFR","name":"上海文化商厦文具礼品批发展销中心","address":"福州路355号上海文化商厦商务楼3-4层","type":"购物服务;文化用品店;文化用品店","typecode":"060800","pcode":310000,"pname":"上海市","citycode":21,"cityname":"上海市","adcode":310101,"adname":"黄浦区","business_area":"北京东路","location":"121.483600,31.233932","tel":"13761111598","bigType":"购物服务","midType":"文化用品店","smallType":"文化用品店","gcj_lng":121.4836,"gcj_lat":31.233932,"wgs84_loc":"121.47911,31.235901","wgs84Lng":121.47911,"wgs84Lat":31.235901,"__source_file__":"13-常用公服设施点/CSV/上海市_文化用品店.csv"},"geometry":{"type":"Point","coordinates":[121.47911,31.235901]}},{"id":"801","type":"Feature","properties":{"id":"B0G2P9KOAA","name":"文化用品店(上海文化商厦店)","address":"福州路355号上海文化商厦F1","type":"购物服务;文化用品店;文化用品店","typecode":"060800","pcode":310000,"pname":"上海市","citycode":21,"cityname":"上海市","adcode":310101,"adname":"黄浦区","business_area":"北京东路","location":"121.483339,31.233933","tel":"[]","bigType":"购物服务","midType":"文化用品店","smallType":"文化用品店","gcj_lng":121.483339,"gcj_lat":31.233933,"wgs84_loc":"121.478848,31.235901","wgs84Lng":121.478848,"wgs84Lat":31.235901,"__source_file__":"13-常用公服设施点/CSV/上海市_文化用品店.csv"},"geometry":{"type":"Point","coordinates":[121.478848,31.235901]}},{"id":"808","type":"Feature","properties":{"id":"B00155EVHD","name":"申威文化用品","address":"福州路412号(近上海书城)","type":"购物服务;文化用品店;文化用品店","typecode":"060800","pcode":310000,"pname":"上海市","citycode":21,"cityname":"上海市","adcode":310101,"adname":"黄浦区","business_area":"北京东路","location":"121.482510,31.233951","tel":"021-33040849;021-63224966","bigType":"购物服务","midType":"文化用品店","smallType":"文化用品店","gcj_lng":121.48251,"gcj_lat":31.233951,"wgs84_loc":"121.478016,31.235916","wgs84Lng":121.478016,"wgs84Lat":31.235916,"__source_file__":"13-常用公服设施点/CSV/上海市_文化用品店.csv"},"geometry":{"type":"Point","coordinates":[121.478016,31.235916]}},{"id":"800","type":"Feature","properties":{"id":"B0FFI9997I","name":"上海派克笔专卖店","address":"福州路367号","type":"购物服务;文化用品店;文化用品店","typecode":"060800","pcode":310000,"pname":"上海市","citycode":21,"cityname":"上海市","adcode":310101,"adname":"黄浦区","business_area":"北京东路","location":"121.483313,31.233949","tel":"021-61536883","bigType":"购物服务","midType":"文化用品店","smallType":"文化用品店","gcj_lng":121.483313,"gcj_lat":31.233949,"wgs84_loc":"121.478822,31.235917","wgs84Lng":121.478822,"wgs84Lat":31.235917,"__source_file__":"13-常用公服设施点/CSV/上海市_文化用品店.csv"},"geometry":{"type":"Point","coordinates":[121.478822,31.235917]}},{"id":"1822","type":"Feature","properties":{"id":"B00155QK0J","name":"嘉骏美术用品","address":"福州路406号(近外文书店)","type":"购物服务;文化用品店;文化用品店","typecode":"060800","pcode":310000,"pname":"上海市","citycode":21,"cityname":"上海市","adcode":310101,"adname":"黄浦区","business_area":"北京东路","location":"121.482642,31.233999","tel":"021-63508671;13636610508","bigType":"购物服务","midType":"文化用品店","smallType":"文化用品店","gcj_lng":121.482642,"gcj_lat":31.233999,"wgs84_loc":"121.478149,31.235965","wgs84Lng":121.478149,"wgs84Lat":31.235965,"__source_file__":"13-常用公服设施点/CSV/上海市_文化用品店.csv"},"geometry":{"type":"Point","coordinates":[121.478149,31.235965]}},{"id":"754","type":"Feature","properties":{"id":"B0FFMCOPJN","name":"百新文具馆旗舰店","address":"福州路390号外文书店1层","type":"购物服务;文化用品店;文化用品店","typecode":"060800","pcode":310000,"pname":"上海市","citycode":21,"cityname":"上海市","adcode":310101,"adname":"黄浦区","business_area":"北京东路","location":"121.483066,31.234106","tel":"[]","bigType":"购物服务","midType":"文化用品店","smallType":"文化用品店","gcj_lng":121.483066,"gcj_lat":31.234106,"wgs84_loc":"121.478574,31.236073","wgs84Lng":121.478574,"wgs84Lat":31.236073,"__source_file__":"13-常用公服设施点/CSV/上海市_文化用品店.csv"},"geometry":{"type":"Point","coordinates":[121.478574,31.236073]}},{"id":"29","type":"Feature","properties":{"id":"B00155QH5E","name":"上海立信(山西南路店)","address":"山西南路7号","type":"购物服务;文化用品店;文化用品店","typecode":"060800","pcode":310000,"pname":"上海市","citycode":21,"cityname":"上海市","adcode":310101,"adname":"黄浦区","business_area":"北京东路","location":"121.483504,31.234285","tel":"021-63213378","bigType":"购物服务","midType":"文化用品店","smallType":"文化用品店","gcj_lng":121.483504,"gcj_lat":31.234285,"wgs84_loc":"121.479014,31.236253","wgs84Lng":121.479014,"wgs84Lat":31.236253,"__source_file__":"13-常用公服设施点/CSV/上海市_文化用品店.csv"},"geometry":{"type":"Point","coordinates":[121.479014,31.236253]}},{"id":"1837","type":"Feature","properties":{"id":"B0FFGILLLV","name":"满永四宝堂","address":"福州路与山西南路交叉口东北20米","type":"购物服务;文化用品店;文化用品店","typecode":"060800","pcode":310000,"pname":"上海市","citycode":21,"cityname":"上海市","adcode":310101,"adname":"黄浦区","business_area":"北京东路","location":"121.483713,31.234289","tel":"[]","bigType":"购物服务","midType":"文化用品店","smallType":"文化用品店","gcj_lng":121.483713,"gcj_lat":31.234289,"wgs84_loc":"121.479223,31.236258","wgs84Lng":121.479223,"wgs84Lat":31.236258,"__source_file__":"13-常用公服设施点/CSV/上海市_文化用品店.csv"},"geometry":{"type":"Point","coordinates":[121.479223,31.236258]}},{"id":"1638","type":"Feature","properties":{"id":"B0FFF3WDA9","name":"上海满永贸易有限公司","address":"福州路346号","type":"购物服务;文化用品店;文化用品店","typecode":"060800","pcode":310000,"pname":"上海市","citycode":21,"cityname":"上海市","adcode":310101,"adname":"黄浦区","business_area":"北京东路","location":"121.483734,31.234293","tel":"[]","bigType":"购物服务","midType":"文化用品店","smallType":"文化用品店","gcj_lng":121.483734,"gcj_lat":31.234293,"wgs84_loc":"121.479244,31.236262","wgs84Lng":121.479244,"wgs84Lat":31.236262,"__source_file__":"13-常用公服设施点/CSV/上海市_文化用品店.csv"},"geometry":{"type":"Point","coordinates":[121.479244,31.236262]}},{"id":"833","type":"Feature","properties":{"id":"B00155HPWV","name":"元信文化用品公司","address":"山西南路山西小区东侧","type":"购物服务;文化用品店;文化用品店","typecode":"060800","pcode":310000,"pname":"上海市","citycode":21,"cityname":"上海市","adcode":310101,"adname":"黄浦区","business_area":"北京东路","location":"121.483647,31.234318","tel":"[]","bigType":"购物服务","midType":"文化用品店","smallType":"文化用品店","gcj_lng":121.483647,"gcj_lat":31.234318,"wgs84_loc":"121.479157,31.236286","wgs84Lng":121.479157,"wgs84Lat":31.236286,"__source_file__":"13-常用公服设施点/CSV/上海市_文化用品店.csv"},"geometry":{"type":"Point","coordinates":[121.479157,31.236286]}},{"id":"1791","type":"Feature","properties":{"id":"B001570482","name":"上海硕峰文化用品","address":"福州路338号","type":"购物服务;文化用品店;文化用品店","typecode":"060800","pcode":310000,"pname":"上海市","citycode":21,"cityname":"上海市","adcode":310101,"adname":"黄浦区","business_area":"北京东路","location":"121.483964,31.234322","tel":"021-63606727","bigType":"购物服务","midType":"文化用品店","smallType":"文化用品店","gcj_lng":121.483964,"gcj_lat":31.234322,"wgs84_loc":"121.479475,31.236291","wgs84Lng":121.479475,"wgs84Lat":31.236291,"__source_file__":"13-常用公服设施点/CSV/上海市_文化用品店.csv"},"geometry":{"type":"Point","coordinates":[121.479475,31.236291]}},{"id":"1611","type":"Feature","properties":{"id":"B00156YP7P","name":"轩粹集(红星宣纸旗舰店)","address":"福州路与山西南路交叉口东北40米","type":"购物服务;文化用品店;文化用品店","typecode":"060800","pcode":310000,"pname":"上海市","citycode":21,"cityname":"上海市","adcode":310101,"adname":"黄浦区","business_area":"北京东路","location":"121.483876,31.234325","tel":"[]","bigType":"购物服务","midType":"文化用品店","smallType":"文化用品店","gcj_lng":121.483876,"gcj_lat":31.234325,"wgs84_loc":"121.479387,31.236294","wgs84Lng":121.479387,"wgs84Lat":31.236294,"__source_file__":"13-常用公服设施点/CSV/上海市_文化用品店.csv"},"geometry":{"type":"Point","coordinates":[121.479387,31.236294]}},{"id":"1610","type":"Feature","properties":{"id":"B0FFF65YCL","name":"湖州善琏崇学堂笔庄(福州路店)","address":"福州路289号","type":"购物服务;文化用品店;文化用品店","typecode":"060800","pcode":310000,"pname":"上海市","citycode":21,"cityname":"上海市","adcode":310101,"adname":"黄浦区","business_area":"北京东路","location":"121.484888,31.234425","tel":"[]","bigType":"购物服务","midType":"文化用品店","smallType":"文化用品店","gcj_lng":121.484888,"gcj_lat":31.234425,"wgs84_loc":"121.480402,31.236397","wgs84Lng":121.480402,"wgs84Lat":31.236397,"__source_file__":"13-常用公服设施点/CSV/上海市_文化用品店.csv"},"geometry":{"type":"Point","coordinates":[121.480402,31.236397]}},{"id":"1563","type":"Feature","properties":{"id":"B00152C7EB","name":"怡妮轩办公用品文具商行","address":"新昌路127号","type":"购物服务;文化用品店;文化用品店","typecode":"060800","pcode":310000,"pname":"上海市","citycode":21,"cityname":"上海市","adcode":310101,"adname":"黄浦区","business_area":"淮海路","location":"121.468950,31.233164","tel":"[]","bigType":"购物服务","midType":"文化用品店","smallType":"文化用品店","gcj_lng":121.46895,"gcj_lat":31.233164,"wgs84_loc":"121.464412,31.235092","wgs84Lng":121.464412,"wgs84Lat":31.235092,"__source_file__":"13-常用公服设施点/CSV/上海市_文化用品店.csv"},"geometry":{"type":"Point","coordinates":[121.464412,31.235092]}},{"id":"824","type":"Feature","properties":{"id":"B0FFKYNL9G","name":"monogram墨格(世茂广场店)","address":"南京东路829号世茂广场L3层西区L307商铺","type":"购物服务;文化用品店;文化用品店","typecode":"060800","pcode":310000,"pname":"上海市","citycode":21,"cityname":"上海市","adcode":310101,"adname":"黄浦区","business_area":"北京东路","location":"121.475445,31.234248","tel":"021-53095059","bigType":"购物服务","midType":"文化用品店","smallType":"文化用品店","gcj_lng":121.475445,"gcj_lat":31.234248,"wgs84_loc":"121.470927,31.236193","wgs84Lng":121.470927,"wgs84Lat":31.236193,"__source_file__":"13-常用公服设施点/CSV/上海市_文化用品店.csv"},"geometry":{"type":"Point","coordinates":[121.470927,31.236193]}},{"id":"1861","type":"Feature","properties":{"id":"B0I6RSSNYW","name":"墨格CONCEPTSTORE","address":"南京路步行街与六合路交叉口西南40米","type":"购物服务;文化用品店;文化用品店","typecode":"060800","pcode":310000,"pname":"上海市","citycode":21,"cityname":"上海市","adcode":310101,"adname":"黄浦区","business_area":"北京东路","location":"121.475031,31.234532","tel":"[]","bigType":"购物服务","midType":"文化用品店","smallType":"文化用品店","gcj_lng":121.475031,"gcj_lat":31.234532,"wgs84_loc":"121.470512,31.236476","wgs84Lng":121.470512,"wgs84Lat":31.236476,"__source_file__":"13-常用公服设施点/CSV/上海市_文化用品店.csv"},"geometry":{"type":"Point","coordinates":[121.470512,31.236476]}},{"id":"841","type":"Feature","properties":{"id":"B0G3UKWQ2I","name":"派克笔专柜(新世界城店)","address":"南京西路2-68号新世界城5层","type":"购物服务;文化用品店;文化用品店","typecode":"060800","pcode":310000,"pname":"上海市","citycode":21,"cityname":"上海市","adcode":310101,"adname":"黄浦区","business_area":"北京东路","location":"121.473778,31.234959","tel":"[]","bigType":"购物服务","midType":"文化用品店","smallType":"文化用品店","gcj_lng":121.473778,"gcj_lat":31.234959,"wgs84_loc":"121.469255,31.236899","wgs84Lng":121.469255,"wgs84Lat":31.236899,"__source_file__":"13-常用公服设施点/CSV/上海市_文化用品店.csv"},"geometry":{"type":"Point","coordinates":[121.469255,31.236899]}},{"id":"1844","type":"Feature","properties":{"id":"B0FFG95XTK","name":"马上办公服务式办公室(雅居乐广场)","address":"凤阳路与西藏中路交叉口西南80米","type":"购物服务;文化用品店;文化用品店","typecode":"060800","pcode":310000,"pname":"上海市","citycode":21,"cityname":"上海市","adcode":310101,"adname":"黄浦区","business_area":"北京东路","location":"121.473244,31.235811","tel":"[]","bigType":"购物服务","midType":"文化用品店","smallType":"文化用品店","gcj_lng":121.473244,"gcj_lat":31.235811,"wgs84_loc":"121.468719,31.23775","wgs84Lng":121.468719,"wgs84Lat":31.23775,"__source_file__":"13-常用公服设施点/CSV/上海市_文化用品店.csv"},"geometry":{"type":"Point","coordinates":[121.468719,31.23775]}},{"id":"853","type":"Feature","properties":{"id":"B0HUGMR20R","name":"办公文具","address":"北京西路与长沙路交叉口西约20米","type":"购物服务;文化用品店;文化用品店","typecode":"060800","pcode":310000,"pname":"上海市","citycode":21,"cityname":"上海市","adcode":310101,"adname":"黄浦区","business_area":"北京东路","location":"121.471687,31.237030","tel":"[]","bigType":"购物服务","midType":"文化用品店","smallType":"文化用品店","gcj_lng":121.471687,"gcj_lat":31.23703,"wgs84_loc":"121.467157,31.238964","wgs84Lng":121.467157,"wgs84Lat":31.238964,"__source_file__":"13-常用公服设施点/CSV/上海市_文化用品店.csv"},"geometry":{"type":"Point","coordinates":[121.467157,31.238964]}},{"id":"1865","type":"Feature","properties":{"id":"B0FFHS8BFU","name":"上海骏转商贸有限公司","address":"长沙路117号(新闸路地铁站6号口步行310米)","type":"购物服务;文化用品店;文化用品店|生活服务;生活服务场所;生活服务场所","typecode":"060800|070000","pcode":310000,"pname":"上海市","citycode":21,"cityname":"上海市","adcode":310101,"adname":"黄浦区","business_area":"北京东路","location":"121.471684,31.237106","tel":"021-63750001","bigType":"购物服务","midType":"文化用品店","smallType":"文化用品店|生活服务","gcj_lng":121.471684,"gcj_lat":31.237106,"wgs84_loc":"121.467154,31.23904","wgs84Lng":121.467154,"wgs84Lat":31.23904,"__source_file__":"13-常用公服设施点/CSV/上海市_文化用品店.csv"},"geometry":{"type":"Point","coordinates":[121.467154,31.23904]}},{"id":"1874","type":"Feature","properties":{"id":"B0FFF9ZNQD","name":"玉格本册","address":"国庆路与晋元路交叉口东40米","type":"购物服务;文化用品店;文化用品店","typecode":"060800","pcode":310000,"pname":"上海市","citycode":21,"cityname":"上海市","adcode":310106,"adname":"静安区","business_area":"北京东路","location":"121.470736,31.240676","tel":"[]","bigType":"购物服务","midType":"文化用品店","smallType":"文化用品店","gcj_lng":121.470736,"gcj_lat":31.240676,"wgs84_loc":"121.466203,31.242606","wgs84Lng":121.466203,"wgs84Lat":31.242606,"__source_file__":"13-常用公服设施点/CSV/上海市_文化用品店.csv"},"geometry":{"type":"Point","coordinates":[121.466203,31.242606]}},{"id":"1724","type":"Feature","properties":{"id":"B0G3MR1VBF","name":"宝克文具(西藏路文化礼品市场店)","address":"国庆路35号1-6幢底层(西藏路百货礼品市场东区76室)","type":"购物服务;文化用品店;文化用品店","typecode":"060800","pcode":310000,"pname":"上海市","citycode":21,"cityname":"上海市","adcode":310106,"adname":"静安区","business_area":"北京东路","location":"121.470750,31.240684","tel":"021-51066555","bigType":"购物服务","midType":"文化用品店","smallType":"文化用品店","gcj_lng":121.47075,"gcj_lat":31.240684,"wgs84_loc":"121.466217,31.242614","wgs84Lng":121.466217,"wgs84Lat":31.242614,"__source_file__":"13-常用公服设施点/CSV/上海市_文化用品店.csv"},"geometry":{"type":"Point","coordinates":[121.466217,31.242614]}},{"id":"905","type":"Feature","properties":{"id":"B0FFF9ZNSW","name":"文哲本册","address":"国庆路33号","type":"购物服务;文化用品店;文化用品店","typecode":"060800","pcode":310000,"pname":"上海市","citycode":21,"cityname":"上海市","adcode":310106,"adname":"静安区","business_area":"北京东路","location":"121.470995,31.240722","tel":"13801888355","bigType":"购物服务","midType":"文化用品店","smallType":"文化用品店","gcj_lng":121.470995,"gcj_lat":31.240722,"wgs84_loc":"121.466462,31.242652","wgs84Lng":121.466462,"wgs84Lat":31.242652,"__source_file__":"13-常用公服设施点/CSV/上海市_文化用品店.csv"},"geometry":{"type":"Point","coordinates":[121.466462,31.242652]}},{"id":"851","type":"Feature","properties":{"id":"B0HGUKCIHU","name":"艾利办公用品","address":"山西南路7号","type":"购物服务;文化用品店;文化用品店","typecode":"060800","pcode":310000,"pname":"上海市","citycode":21,"cityname":"上海市","adcode":310101,"adname":"黄浦区","business_area":"北京东路","location":"121.483362,31.234452","tel":"021-33010558;021-63520188","bigType":"购物服务","midType":"文化用品店","smallType":"文化用品店","gcj_lng":121.483362,"gcj_lat":31.234452,"wgs84_loc":"121.478871,31.23642","wgs84Lng":121.478871,"wgs84Lat":31.23642,"__source_file__":"13-常用公服设施点/CSV/上海市_文化用品店.csv"},"geometry":{"type":"Point","coordinates":[121.478871,31.23642]}},{"id":"1778","type":"Feature","properties":{"id":"B0FFI7TR5B","name":"上海致逸文化用品有限公司","address":"福州路271号","type":"购物服务;文化用品店;文化用品店|生活服务;生活服务场所;生活服务场所","typecode":"060800|070000","pcode":310000,"pname":"上海市","citycode":21,"cityname":"上海市","adcode":310101,"adname":"黄浦区","business_area":"北京东路","location":"121.485191,31.234477","tel":"021-63214978;13681990410","bigType":"购物服务","midType":"文化用品店","smallType":"文化用品店|生活服务","gcj_lng":121.485191,"gcj_lat":31.234477,"wgs84_loc":"121.480707,31.23645","wgs84Lng":121.480707,"wgs84Lat":31.23645,"__source_file__":"13-常用公服设施点/CSV/上海市_文化用品店.csv"},"geometry":{"type":"Point","coordinates":[121.480707,31.23645]}},{"id":"1621","type":"Feature","properties":{"id":"B001543C32","name":"上海潇雅文化用品","address":"福州路267号","type":"购物服务;文化用品店;文化用品店","typecode":"060800","pcode":310000,"pname":"上海市","citycode":21,"cityname":"上海市","adcode":310101,"adname":"黄浦区","business_area":"北京东路","location":"121.485267,31.234496","tel":"021-63299488","bigType":"购物服务","midType":"文化用品店","smallType":"文化用品店","gcj_lng":121.485267,"gcj_lat":31.234496,"wgs84_loc":"121.480783,31.236469","wgs84Lng":121.480783,"wgs84Lat":31.236469,"__source_file__":"13-常用公服设施点/CSV/上海市_文化用品店.csv"},"geometry":{"type":"Point","coordinates":[121.480783,31.236469]}},{"id":"807","type":"Feature","properties":{"id":"B00155FDXO","name":"周虎臣曹素功笔墨庄","address":"福州路290号(近河南中路)","type":"购物服务;文化用品店;文化用品店","typecode":"060800","pcode":310000,"pname":"上海市","citycode":21,"cityname":"上海市","adcode":310101,"adname":"黄浦区","business_area":"北京东路","location":"121.484825,31.234539","tel":"021-63223117","bigType":"购物服务","midType":"文化用品店","smallType":"文化用品店","gcj_lng":121.484825,"gcj_lat":31.234539,"wgs84_loc":"121.480339,31.236511","wgs84Lng":121.480339,"wgs84Lat":31.236511,"__source_file__":"13-常用公服设施点/CSV/上海市_文化用品店.csv"},"geometry":{"type":"Point","coordinates":[121.480339,31.236511]}},{"id":"1656","type":"Feature","properties":{"id":"B0FFIAPVZ4","name":"水佳文化用品","address":"山西南路与福州路交叉口西北60米","type":"购物服务;文化用品店;文化用品店","typecode":"060800","pcode":310000,"pname":"上海市","citycode":21,"cityname":"上海市","adcode":310101,"adname":"黄浦区","business_area":"北京东路","location":"121.483296,31.234683","tel":"[]","bigType":"购物服务","midType":"文化用品店","smallType":"文化用品店","gcj_lng":121.483296,"gcj_lat":31.234683,"wgs84_loc":"121.478805,31.23665","wgs84Lng":121.478805,"wgs84Lat":31.23665,"__source_file__":"13-常用公服设施点/CSV/上海市_文化用品店.csv"},"geometry":{"type":"Point","coordinates":[121.478805,31.23665]}},{"id":"849","type":"Feature","properties":{"id":"B0FFF90FQ6","name":"奕凡文化用品","address":"福州路与河南中路交叉口256号","type":"购物服务;文化用品店;文化用品店","typecode":"060800","pcode":310000,"pname":"上海市","citycode":21,"cityname":"上海市","adcode":310101,"adname":"黄浦区","business_area":"北京东路","location":"121.485476,31.234683","tel":"[]","bigType":"购物服务","midType":"文化用品店","smallType":"文化用品店","gcj_lng":121.485476,"gcj_lat":31.234683,"wgs84_loc":"121.480992,31.236657","wgs84Lng":121.480992,"wgs84Lat":31.236657,"__source_file__":"13-常用公服设施点/CSV/上海市_文化用品店.csv"},"geometry":{"type":"Point","coordinates":[121.480992,31.236657]}},{"id":"1645","type":"Feature","properties":{"id":"B0FFGSVIYL","name":"派克(上海置地广场)","address":"南京东路409号上海置地广场F5层","type":"购物服务;文化用品店;文化用品店","typecode":"060800","pcode":310000,"pname":"上海市","citycode":21,"cityname":"上海市","adcode":310101,"adname":"黄浦区","business_area":"北京东路","location":"121.482081,31.236256","tel":"[]","bigType":"购物服务","midType":"文化用品店","smallType":"文化用品店","gcj_lng":121.482081,"gcj_lat":31.236256,"wgs84_loc":"121.477586,31.238219","wgs84Lng":121.477586,"wgs84Lat":31.238219,"__source_file__":"13-常用公服设施点/CSV/上海市_文化用品店.csv"},"geometry":{"type":"Point","coordinates":[121.477586,31.238219]}},{"id":"752","type":"Feature","properties":{"id":"B0FFGIM3QK","name":"上海光川文体用品经营部","address":"天津路372-6号","type":"购物服务;文化用品店;文化用品店","typecode":"060800","pcode":310000,"pname":"上海市","citycode":21,"cityname":"上海市","adcode":310101,"adname":"黄浦区","business_area":"北京东路","location":"121.479433,31.237028","tel":"021-63509405;13901871866","bigType":"购物服务","midType":"文化用品店","smallType":"文化用品店","gcj_lng":121.479433,"gcj_lat":31.237028,"wgs84_loc":"121.474928,31.238983","wgs84Lng":121.474928,"wgs84Lat":31.238983,"__source_file__":"13-常用公服设施点/CSV/上海市_文化用品店.csv"},"geometry":{"type":"Point","coordinates":[121.474928,31.238983]}},{"id":"1567","type":"Feature","properties":{"id":"B0FFJP1VLC","name":"FABER-CASTELL since1761(新世界大丸百货)","address":"南京东路228号新世界大丸百货F2","type":"购物服务;文化用品店;文化用品店","typecode":"060800","pcode":310000,"pname":"上海市","citycode":21,"cityname":"上海市","adcode":310101,"adname":"黄浦区","business_area":"北京东路","location":"121.485218,31.238317","tel":"[]","bigType":"购物服务","midType":"文化用品店","smallType":"文化用品店","gcj_lng":121.485218,"gcj_lat":31.238317,"wgs84_loc":"121.480733,31.240288","wgs84Lng":121.480733,"wgs84Lat":31.240288,"__source_file__":"13-常用公服设施点/CSV/上海市_文化用品店.csv"},"geometry":{"type":"Point","coordinates":[121.480733,31.240288]}},{"id":"814","type":"Feature","properties":{"id":"B0FFIBJU09","name":"工批文具","address":"江西中路464号","type":"购物服务;文化用品店;文化用品店","typecode":"060800","pcode":310000,"pname":"上海市","citycode":21,"cityname":"上海市","adcode":310101,"adname":"黄浦区","business_area":"北京东路","location":"121.485181,31.242105","tel":"021-63290240","bigType":"购物服务","midType":"文化用品店","smallType":"文化用品店","gcj_lng":121.485181,"gcj_lat":31.242105,"wgs84_loc":"121.480696,31.244074","wgs84Lng":121.480696,"wgs84Lat":31.244074,"__source_file__":"13-常用公服设施点/CSV/上海市_文化用品店.csv"},"geometry":{"type":"Point","coordinates":[121.480696,31.244074]}},{"id":"854","type":"Feature","properties":{"id":"B0HKXUQGT8","name":"金万年文具","address":"延安东路58号高登金融大厦","type":"购物服务;文化用品店;文化用品店","typecode":"060800","pcode":310000,"pname":"上海市","citycode":21,"cityname":"上海市","adcode":310101,"adname":"黄浦区","business_area":"北京东路","location":"121.490457,31.233318","tel":"[]","bigType":"购物服务","midType":"文化用品店","smallType":"文化用品店","gcj_lng":121.490457,"gcj_lat":31.233318,"wgs84_loc":"121.485991,31.235307","wgs84Lng":121.485991,"wgs84Lat":31.235307,"__source_file__":"13-常用公服设施点/CSV/上海市_文化用品店.csv"},"geometry":{"type":"Point","coordinates":[121.485991,31.235307]}},{"id":"1962","type":"Feature","properties":{"id":"B0FFIIU6MC","name":"PARKER派克(正大广场店)","address":"陆家嘴西路168号正大广场3层","type":"购物服务;文化用品店;文化用品店","typecode":"060800","pcode":310000,"pname":"上海市","citycode":21,"cityname":"上海市","adcode":310115,"adname":"浦东新区","business_area":"陆家嘴","location":"121.499261,31.236823","tel":"13524226764;17721398362","bigType":"购物服务","midType":"文化用品店","smallType":"文化用品店","gcj_lng":121.499261,"gcj_lat":31.236823,"wgs84_loc":"121.494827,31.238837","wgs84Lng":121.494827,"wgs84Lat":31.238837,"__source_file__":"13-常用公服设施点/CSV/上海市_文化用品店.csv"},"geometry":{"type":"Point","coordinates":[121.494827,31.238837]}},{"id":"1292","type":"Feature","properties":{"id":"B0HGXX08PD","name":"联合办公","address":"吴淞路辅路与昆山路交叉口东南100米","type":"购物服务;文化用品店;文化用品店","typecode":"060800","pcode":310000,"pname":"上海市","citycode":21,"cityname":"上海市","adcode":310109,"adname":"虹口区","business_area":"提篮桥","location":"121.489912,31.249066","tel":"[]","bigType":"购物服务","midType":"文化用品店","smallType":"文化用品店","gcj_lng":121.489912,"gcj_lat":31.249066,"wgs84_loc":"121.485443,31.251046","wgs84Lng":121.485443,"wgs84Lat":31.251046,"__source_file__":"13-常用公服设施点/CSV/上海市_文化用品店.csv"},"geometry":{"type":"Point","coordinates":[121.485443,31.251046]}},{"id":"1287","type":"Feature","properties":{"id":"B0HU9C9HTD","name":"上海友虎办公用品有限公司","address":"吴淞路270号101B室","type":"购物服务;文化用品店;文化用品店","typecode":"060800","pcode":310000,"pname":"上海市","citycode":21,"cityname":"上海市","adcode":310109,"adname":"虹口区","business_area":"提篮桥","location":"121.489857,31.249096","tel":"[]","bigType":"购物服务","midType":"文化用品店","smallType":"文化用品店","gcj_lng":121.489857,"gcj_lat":31.249096,"wgs84_loc":"121.485388,31.251076","wgs84Lng":121.485388,"wgs84Lat":31.251076,"__source_file__":"13-常用公服设施点/CSV/上海市_文化用品店.csv"},"geometry":{"type":"Point","coordinates":[121.485388,31.251076]}},{"id":"1695","type":"Feature","properties":{"id":"B0G29CPKN9","name":"礼品文具玩具","address":"东汉阳路名江七星城","type":"购物服务;文化用品店;文化用品店","typecode":"060800","pcode":310000,"pname":"上海市","citycode":21,"cityname":"上海市","adcode":310109,"adname":"虹口区","business_area":"提篮桥","location":"121.496038,31.251679","tel":"[]","bigType":"购物服务","midType":"文化用品店","smallType":"文化用品店","gcj_lng":121.496038,"gcj_lat":31.251679,"wgs84_loc":"121.491591,31.253676","wgs84Lng":121.491591,"wgs84Lat":31.253676,"__source_file__":"13-常用公服设施点/CSV/上海市_文化用品店.csv"},"geometry":{"type":"Point","coordinates":[121.491591,31.253676]}},{"id":"1627","type":"Feature","properties":{"id":"B0FFLNFLZL","name":"百货文具","address":"商丘路名江七星城","type":"购物服务;文化用品店;文化用品店","typecode":"060800","pcode":310000,"pname":"上海市","citycode":21,"cityname":"上海市","adcode":310109,"adname":"虹口区","business_area":"提篮桥","location":"121.496733,31.251738","tel":"[]","bigType":"购物服务","midType":"文化用品店","smallType":"文化用品店","gcj_lng":121.496733,"gcj_lat":31.251738,"wgs84_loc":"121.492288,31.253737","wgs84Lng":121.492288,"wgs84Lat":31.253737,"__source_file__":"13-常用公服设施点/CSV/上海市_文化用品店.csv"},"geometry":{"type":"Point","coordinates":[121.492288,31.253737]}},{"id":"1280","type":"Feature","properties":{"id":"B001521C66","name":"俭佑文化","address":"海宁路151-3号","type":"购物服务;文化用品店;文化用品店","typecode":"060800","pcode":310000,"pname":"上海市","citycode":21,"cityname":"上海市","adcode":310109,"adname":"虹口区","business_area":"提篮桥","location":"121.489436,31.252109","tel":"021-63244354","bigType":"购物服务","midType":"文化用品店","smallType":"文化用品店","gcj_lng":121.489436,"gcj_lat":31.252109,"wgs84_loc":"121.484965,31.254086","wgs84Lng":121.484965,"wgs84Lat":31.254086,"__source_file__":"13-常用公服设施点/CSV/上海市_文化用品店.csv"},"geometry":{"type":"Point","coordinates":[121.484965,31.254086]}},{"id":"758","type":"Feature","properties":{"id":"B0FFLBX4G4","name":"街角文化专卖店","address":"宝安路4号门面","type":"购物服务;文化用品店;文化用品店","typecode":"060800","pcode":310000,"pname":"上海市","citycode":21,"cityname":"上海市","adcode":310109,"adname":"虹口区","business_area":"[]","location":"121.488471,31.262605","tel":"15921085675","bigType":"购物服务","midType":"文化用品店","smallType":"文化用品店","gcj_lng":121.488471,"gcj_lat":31.262605,"wgs84_loc":"121.483996,31.264575","wgs84Lng":121.483996,"wgs84Lat":31.264575,"__source_file__":"13-常用公服设施点/CSV/上海市_文化用品店.csv"},"geometry":{"type":"Point","coordinates":[121.483996,31.264575]}},{"id":"928","type":"Feature","properties":{"id":"B00155CJ7X","name":"琪泰文具(新闸路店)","address":"新闸路1938-13号","type":"购物服务;文化用品店;文化用品店","typecode":"060800","pcode":310000,"pname":"上海市","citycode":21,"cityname":"上海市","adcode":310106,"adname":"静安区","business_area":"曹家渡","location":"121.441406,31.226516","tel":"021-62183869","bigType":"购物服务","midType":"文化用品店","smallType":"文化用品店","gcj_lng":121.441406,"gcj_lat":31.226516,"wgs84_loc":"121.436796,31.228387","wgs84Lng":121.436796,"wgs84Lat":31.228387,"__source_file__":"13-常用公服设施点/CSV/上海市_文化用品店.csv"},"geometry":{"type":"Point","coordinates":[121.436796,31.228387]}},{"id":"1958","type":"Feature","properties":{"id":"B0JDKR5FR9","name":"微笑商店hello smile文创文具店(巨鹿路)","address":"巨鹿路546弄4号1楼","type":"购物服务;文化用品店;文化用品店","typecode":"060800","pcode":310000,"pname":"上海市","citycode":21,"cityname":"上海市","adcode":310106,"adname":"静安区","business_area":"淮海路","location":"121.455552,31.221628","tel":"13501686851","bigType":"购物服务","midType":"文化用品店","smallType":"文化用品店","gcj_lng":121.455552,"gcj_lat":31.221628,"wgs84_loc":"121.450976,31.223529","wgs84Lng":121.450976,"wgs84Lat":31.223529,"__source_file__":"13-常用公服设施点/CSV/上海市_文化用品店.csv"},"geometry":{"type":"Point","coordinates":[121.450976,31.223529]}},{"id":"946","type":"Feature","properties":{"id":"B0FFFOSBEL","name":"LAMY(静安嘉里中心店)","address":"南京西路1515号静安嘉里中心南区B1-06号","type":"购物服务;文化用品店;文化用品店","typecode":"060800","pcode":310000,"pname":"上海市","citycode":21,"cityname":"上海市","adcode":310106,"adname":"静安区","business_area":"湖南路","location":"121.449366,31.223241","tel":"4008212799;18201807712","bigType":"购物服务","midType":"文化用品店","smallType":"文化用品店","gcj_lng":121.449366,"gcj_lat":31.223241,"wgs84_loc":"121.444774,31.225128","wgs84Lng":121.444774,"wgs84Lat":31.225128,"__source_file__":"13-常用公服设施点/CSV/上海市_文化用品店.csv"},"geometry":{"type":"Point","coordinates":[121.444774,31.225128]}},{"id":"756","type":"Feature","properties":{"id":"B0FFIB86F1","name":"优你客(久光百货店)","address":"南京西路1618号久光百货6层","type":"购物服务;文化用品店;文化用品店","typecode":"060800","pcode":310000,"pname":"上海市","citycode":21,"cityname":"上海市","adcode":310106,"adname":"静安区","business_area":"曹家渡","location":"121.445827,31.224067","tel":"[]","bigType":"购物服务","midType":"文化用品店","smallType":"文化用品店","gcj_lng":121.445827,"gcj_lat":31.224067,"wgs84_loc":"121.441226,31.225947","wgs84Lng":121.441226,"wgs84Lat":31.225947,"__source_file__":"13-常用公服设施点/CSV/上海市_文化用品店.csv"},"geometry":{"type":"Point","coordinates":[121.441226,31.225947]}},{"id":"755","type":"Feature","properties":{"id":"B0FFJP1ULV","name":"派克(久光百货店)","address":"南京西路1618号久光百货5楼D503-3(近静安寺)","type":"购物服务;文化用品店;文化用品店|购物服务;专卖店;专营店","typecode":"060800|061200","pcode":310000,"pname":"上海市","citycode":21,"cityname":"上海市","adcode":310106,"adname":"静安区","business_area":"曹家渡","location":"121.446362,31.224074","tel":"13774316147","bigType":"购物服务","midType":"文化用品店","smallType":"文化用品店|购物服务","gcj_lng":121.446362,"gcj_lat":31.224074,"wgs84_loc":"121.441763,31.225955","wgs84Lng":121.441763,"wgs84Lat":31.225955,"__source_file__":"13-常用公服设施点/CSV/上海市_文化用品店.csv"},"geometry":{"type":"Point","coordinates":[121.441763,31.225955]}},{"id":"938","type":"Feature","properties":{"id":"B0H1K537X6","name":"欧菲斯文具","address":"威海路上海市民立中学(分部)西南侧约50米","type":"购物服务;文化用品店;文化用品店","typecode":"060800","pcode":310000,"pname":"上海市","citycode":21,"cityname":"上海市","adcode":310106,"adname":"静安区","business_area":"淮海路","location":"121.454910,31.224218","tel":"[]","bigType":"购物服务","midType":"文化用品店","smallType":"文化用品店","gcj_lng":121.45491,"gcj_lat":31.224218,"wgs84_loc":"121.450332,31.226116","wgs84Lng":121.450332,"wgs84Lat":31.226116,"__source_file__":"13-常用公服设施点/CSV/上海市_文化用品店.csv"},"geometry":{"type":"Point","coordinates":[121.450332,31.226116]}},{"id":"1712","type":"Feature","properties":{"id":"B0FFJIV1BV","name":"百新文具馆(快闪店)","address":"延安中路1000号上海展览中心","type":"购物服务;文化用品店;文化用品店","typecode":"060800","pcode":310000,"pname":"上海市","citycode":21,"cityname":"上海市","adcode":310106,"adname":"静安区","business_area":"曹家渡","location":"121.452661,31.224643","tel":"[]","bigType":"购物服务","midType":"文化用品店","smallType":"文化用品店","gcj_lng":121.452661,"gcj_lat":31.224643,"wgs84_loc":"121.448077,31.226536","wgs84Lng":121.448077,"wgs84Lat":31.226536,"__source_file__":"13-常用公服设施点/CSV/上海市_文化用品店.csv"},"geometry":{"type":"Point","coordinates":[121.448077,31.226536]}},{"id":"120","type":"Feature","properties":{"id":"B0FFH4JVC0","name":"晨光文具(石门一路店)","address":"石门一路30号","type":"购物服务;文化用品店;文化用品店","typecode":"060800","pcode":310000,"pname":"上海市","citycode":21,"cityname":"上海市","adcode":310106,"adname":"静安区","business_area":"淮海路","location":"121.463358,31.224648","tel":"021-53750063","bigType":"购物服务","midType":"文化用品店","smallType":"文化用品店","gcj_lng":121.463358,"gcj_lat":31.224648,"wgs84_loc":"121.458803,31.226566","wgs84Lng":121.458803,"wgs84Lat":31.226566,"__source_file__":"13-常用公服设施点/CSV/上海市_文化用品店.csv"},"geometry":{"type":"Point","coordinates":[121.458803,31.226566]}},{"id":"872","type":"Feature","properties":{"id":"B00155LVYA","name":"茂盛办公用品","address":"万航渡路128号","type":"购物服务;文化用品店;文化用品店","typecode":"060800","pcode":310000,"pname":"上海市","citycode":21,"cityname":"上海市","adcode":310106,"adname":"静安区","business_area":"曹家渡","location":"121.442277,31.224792","tel":"021-52371916","bigType":"购物服务","midType":"文化用品店","smallType":"文化用品店","gcj_lng":121.442277,"gcj_lat":31.224792,"wgs84_loc":"121.437669,31.226665","wgs84Lng":121.437669,"wgs84Lat":31.226665,"__source_file__":"13-常用公服设施点/CSV/上海市_文化用品店.csv"},"geometry":{"type":"Point","coordinates":[121.437669,31.226665]}},{"id":"945","type":"Feature","properties":{"id":"B0H31U0O35","name":"恒石广告晨光文具","address":"升平街7号","type":"购物服务;文化用品店;文化用品店","typecode":"060800","pcode":310000,"pname":"上海市","citycode":21,"cityname":"上海市","adcode":310106,"adname":"静安区","business_area":"淮海路","location":"121.460818,31.225077","tel":"[]","bigType":"购物服务","midType":"文化用品店","smallType":"文化用品店","gcj_lng":121.460818,"gcj_lat":31.225077,"wgs84_loc":"121.456256,31.226989","wgs84Lng":121.456256,"wgs84Lat":31.226989,"__source_file__":"13-常用公服设施点/CSV/上海市_文化用品店.csv"},"geometry":{"type":"Point","coordinates":[121.456256,31.226989]}},{"id":"1573","type":"Feature","properties":{"id":"B0GKYUJXOO","name":"超盈图文制作商店(鑫汇烟杂店)","address":"南汇路与北京西路交叉口南20米","type":"购物服务;文化用品店;文化用品店","typecode":"060800","pcode":310000,"pname":"上海市","citycode":21,"cityname":"上海市","adcode":310106,"adname":"静安区","business_area":"淮海路","location":"121.456499,31.230350","tel":"[]","bigType":"购物服务","midType":"文化用品店","smallType":"文化用品店","gcj_lng":121.456499,"gcj_lat":31.23035,"wgs84_loc":"121.451924,31.232249","wgs84Lng":121.451924,"wgs84Lat":31.232249,"__source_file__":"13-常用公服设施点/CSV/上海市_文化用品店.csv"},"geometry":{"type":"Point","coordinates":[121.451924,31.232249]}},{"id":"867","type":"Feature","properties":{"id":"B0FFIEDAHM","name":"晨光文具(康定路店)","address":"康定路842号(近延平路)","type":"购物服务;文化用品店;文化用品店","typecode":"060800","pcode":310000,"pname":"上海市","citycode":21,"cityname":"上海市","adcode":310106,"adname":"静安区","business_area":"曹家渡","location":"121.441086,31.231291","tel":"13917611161","bigType":"购物服务","midType":"文化用品店","smallType":"文化用品店","gcj_lng":121.441086,"gcj_lat":31.231291,"wgs84_loc":"121.436475,31.233159","wgs84Lng":121.436475,"wgs84Lat":31.233159,"__source_file__":"13-常用公服设施点/CSV/上海市_文化用品店.csv"},"geometry":{"type":"Point","coordinates":[121.436475,31.233159]}},{"id":"929","type":"Feature","properties":{"id":"B0FFH10CVW","name":"天莺文具","address":"康定路842号","type":"购物服务;文化用品店;文化用品店","typecode":"060800","pcode":310000,"pname":"上海市","citycode":21,"cityname":"上海市","adcode":310106,"adname":"静安区","business_area":"曹家渡","location":"121.441103,31.231291","tel":"[]","bigType":"购物服务","midType":"文化用品店","smallType":"文化用品店","gcj_lng":121.441103,"gcj_lat":31.231291,"wgs84_loc":"121.436492,31.233159","wgs84Lng":121.436492,"wgs84Lat":31.233159,"__source_file__":"13-常用公服设施点/CSV/上海市_文化用品店.csv"},"geometry":{"type":"Point","coordinates":[121.436492,31.233159]}},{"id":"1994","type":"Feature","properties":{"id":"B0FFIEDAHM","name":"晨光文具(南院区上海市静安区精神卫生中心店)","address":"康定路842号(昌平路地铁站3号口步行400米)","type":"购物服务;文化用品店;文化用品店","typecode":"060800","pcode":310000,"pname":"上海市","citycode":21,"cityname":"上海市","adcode":310106,"adname":"静安区","business_area":"曹家渡","location":"121.441120,31.231306","tel":"13916625063;13917611161","bigType":"购物服务","midType":"文化用品店","smallType":"文化用品店","gcj_lng":121.44112,"gcj_lat":31.231306,"wgs84_loc":"121.436509,31.233174","wgs84Lng":121.436509,"wgs84Lat":31.233174,"__source_file__":"13-常用公服设施点/CSV/上海市_文化用品店.csv"},"geometry":{"type":"Point","coordinates":[121.436509,31.233174]}},{"id":"181","type":"Feature","properties":{"id":"B0H2A79AHE","name":"挚信文化","address":"长寿路868号中港汇11楼111","type":"购物服务;文化用品店;文化用品店","typecode":"060800","pcode":310000,"pname":"上海市","citycode":21,"cityname":"上海市","adcode":310107,"adname":"普陀区","business_area":"曹家渡","location":"121.430499,31.235485","tel":"[]","bigType":"购物服务","midType":"文化用品店","smallType":"文化用品店","gcj_lng":121.430499,"gcj_lat":31.235485,"wgs84_loc":"121.425869,31.237336","wgs84Lng":121.425869,"wgs84Lat":31.237336,"__source_file__":"13-常用公服设施点/CSV/上海市_文化用品店.csv"},"geometry":{"type":"Point","coordinates":[121.425869,31.237336]}},{"id":"904","type":"Feature","properties":{"id":"B0FFGFBB7Z","name":"杨君文化(余姚路店)","address":"余姚路296号靠胶州路口晨光文具店","type":"购物服务;文化用品店;文化用品店","typecode":"060800","pcode":310000,"pname":"上海市","citycode":21,"cityname":"上海市","adcode":310106,"adname":"静安区","business_area":"曹家渡","location":"121.438050,31.235572","tel":"13681773127","bigType":"购物服务","midType":"文化用品店","smallType":"文化用品店","gcj_lng":121.43805,"gcj_lat":31.235572,"wgs84_loc":"121.433432,31.237433","wgs84Lng":121.433432,"wgs84Lat":31.237433,"__source_file__":"13-常用公服设施点/CSV/上海市_文化用品店.csv"},"geometry":{"type":"Point","coordinates":[121.433432,31.237433]}},{"id":"876","type":"Feature","properties":{"id":"B0HU5LPS05","name":"晨光文具(余姚路店)","address":"余姚路296号","type":"购物服务;文化用品店;文化用品店","typecode":"060800","pcode":310000,"pname":"上海市","citycode":21,"cityname":"上海市","adcode":310106,"adname":"静安区","business_area":"曹家渡","location":"121.438012,31.235598","tel":"13671733856","bigType":"购物服务","midType":"文化用品店","smallType":"文化用品店","gcj_lng":121.438012,"gcj_lat":31.235598,"wgs84_loc":"121.433394,31.237459","wgs84Lng":121.433394,"wgs84Lat":31.237459,"__source_file__":"13-常用公服设施点/CSV/上海市_文化用品店.csv"},"geometry":{"type":"Point","coordinates":[121.433394,31.237459]}},{"id":"923","type":"Feature","properties":{"id":"B00155LZAV","name":"晨光文具(胶州路店)","address":"胶州路757号-3","type":"购物服务;文化用品店;文化用品店","typecode":"060800","pcode":310000,"pname":"上海市","citycode":21,"cityname":"上海市","adcode":310106,"adname":"静安区","business_area":"曹家渡","location":"121.438454,31.236609","tel":"021-52562131;13681862814","bigType":"购物服务","midType":"文化用品店","smallType":"文化用品店","gcj_lng":121.438454,"gcj_lat":31.236609,"wgs84_loc":"121.433837,31.23847","wgs84Lng":121.433837,"wgs84Lat":31.23847,"__source_file__":"13-常用公服设施点/CSV/上海市_文化用品店.csv"},"geometry":{"type":"Point","coordinates":[121.433837,31.23847]}},{"id":"906","type":"Feature","properties":{"id":"B00156PZMC","name":"丰翼文具店","address":"胶州路757-3号","type":"购物服务;文化用品店;文化用品店","typecode":"060800","pcode":310000,"pname":"上海市","citycode":21,"cityname":"上海市","adcode":310106,"adname":"静安区","business_area":"曹家渡","location":"121.438279,31.236743","tel":"13681862814","bigType":"购物服务","midType":"文化用品店","smallType":"文化用品店","gcj_lng":121.438279,"gcj_lat":31.236743,"wgs84_loc":"121.433662,31.238604","wgs84Lng":121.433662,"wgs84Lat":31.238604,"__source_file__":"13-常用公服设施点/CSV/上海市_文化用品店.csv"},"geometry":{"type":"Point","coordinates":[121.433662,31.238604]}},{"id":"880","type":"Feature","properties":{"id":"B0FFJ6KUAH","name":"善盈文化用品商店","address":"北京西路981-2号","type":"购物服务;文化用品店;文化用品店","typecode":"060800","pcode":310000,"pname":"上海市","citycode":21,"cityname":"上海市","adcode":310106,"adname":"静安区","business_area":"淮海路","location":"121.456385,31.230486","tel":"021-52280918","bigType":"购物服务","midType":"文化用品店","smallType":"文化用品店","gcj_lng":121.456385,"gcj_lat":31.230486,"wgs84_loc":"121.45181,31.232385","wgs84Lng":121.45181,"wgs84Lat":31.232385,"__source_file__":"13-常用公服设施点/CSV/上海市_文化用品店.csv"},"geometry":{"type":"Point","coordinates":[121.45181,31.232385]}},{"id":"870","type":"Feature","properties":{"id":"B0FFFDDA31","name":"乐傲文具店","address":"康定路725号(近常德路)","type":"购物服务;文化用品店;文化用品店","typecode":"060800","pcode":310000,"pname":"上海市","citycode":21,"cityname":"上海市","adcode":310106,"adname":"静安区","business_area":"曹家渡","location":"121.443178,31.232036","tel":"021-52136118;13917651668","bigType":"购物服务","midType":"文化用品店","smallType":"文化用品店","gcj_lng":121.443178,"gcj_lat":31.232036,"wgs84_loc":"121.438571,31.233907","wgs84Lng":121.438571,"wgs84Lat":31.233907,"__source_file__":"13-常用公服设施点/CSV/上海市_文化用品店.csv"},"geometry":{"type":"Point","coordinates":[121.438571,31.233907]}},{"id":"931","type":"Feature","properties":{"id":"B0HGXUYSTS","name":"尚霖文化","address":"大田路129弄嘉发大厦A座32G","type":"购物服务;文化用品店;文化用品店","typecode":"060800","pcode":310000,"pname":"上海市","citycode":21,"cityname":"上海市","adcode":310106,"adname":"静安区","business_area":"淮海路","location":"121.463979,31.232920","tel":"[]","bigType":"购物服务","midType":"文化用品店","smallType":"文化用品店","gcj_lng":121.463979,"gcj_lat":31.23292,"wgs84_loc":"121.459425,31.234836","wgs84Lng":121.459425,"wgs84Lat":31.234836,"__source_file__":"13-常用公服设施点/CSV/上海市_文化用品店.csv"},"geometry":{"type":"Point","coordinates":[121.459425,31.234836]}},{"id":"49","type":"Feature","properties":{"id":"B0FFIB5GK1","name":"学生文具礼品饰品","address":"武定路与陕西北路交叉口东南100米","type":"购物服务;文化用品店;文化用品店","typecode":"060800","pcode":310000,"pname":"上海市","citycode":21,"cityname":"上海市","adcode":310106,"adname":"静安区","business_area":"曹家渡","location":"121.450975,31.233468","tel":"[]","bigType":"购物服务","midType":"文化用品店","smallType":"文化用品店","gcj_lng":121.450975,"gcj_lat":31.233468,"wgs84_loc":"121.446386,31.235354","wgs84Lng":121.446386,"wgs84Lat":31.235354,"__source_file__":"13-常用公服设施点/CSV/上海市_文化用品店.csv"},"geometry":{"type":"Point","coordinates":[121.446386,31.235354]}},{"id":"877","type":"Feature","properties":{"id":"B00154DTPN","name":"鹏鹏新文化用品商店","address":"陕西北路665-1号","type":"购物服务;文化用品店;文化用品店","typecode":"060800","pcode":310000,"pname":"上海市","citycode":21,"cityname":"上海市","adcode":310106,"adname":"静安区","business_area":"曹家渡","location":"121.450747,31.233607","tel":"021-62582515","bigType":"购物服务","midType":"文化用品店","smallType":"文化用品店","gcj_lng":121.450747,"gcj_lat":31.233607,"wgs84_loc":"121.446157,31.235492","wgs84Lng":121.446157,"wgs84Lat":31.235492,"__source_file__":"13-常用公服设施点/CSV/上海市_文化用品店.csv"},"geometry":{"type":"Point","coordinates":[121.446157,31.235492]}},{"id":"912","type":"Feature","properties":{"id":"B00155M02S","name":"晨光文具(武定路店)","address":"上海市静安区武安路515号","type":"购物服务;文化用品店;文化用品店","typecode":"060800","pcode":310000,"pname":"上海市","citycode":21,"cityname":"上海市","adcode":310106,"adname":"静安区","business_area":"曹家渡","location":"121.450587,31.233623","tel":"18101808088;021-52135808","bigType":"购物服务","midType":"文化用品店","smallType":"文化用品店","gcj_lng":121.450587,"gcj_lat":31.233623,"wgs84_loc":"121.445997,31.235508","wgs84Lng":121.445997,"wgs84Lat":31.235508,"__source_file__":"13-常用公服设施点/CSV/上海市_文化用品店.csv"},"geometry":{"type":"Point","coordinates":[121.445997,31.235508]}},{"id":"868","type":"Feature","properties":{"id":"B0FFJ007SO","name":"文童办公用品商店","address":"石门二路194号","type":"购物服务;文化用品店;文化用品店","typecode":"060800","pcode":310000,"pname":"上海市","citycode":21,"cityname":"上海市","adcode":310106,"adname":"静安区","business_area":"淮海路","location":"121.460853,31.234249","tel":"021-62724329;13816788071","bigType":"购物服务","midType":"文化用品店","smallType":"文化用品店","gcj_lng":121.460853,"gcj_lat":31.234249,"wgs84_loc":"121.45629,31.236156","wgs84Lng":121.45629,"wgs84Lat":31.236156,"__source_file__":"13-常用公服设施点/CSV/上海市_文化用品店.csv"},"geometry":{"type":"Point","coordinates":[121.45629,31.236156]}},{"id":"888","type":"Feature","properties":{"id":"B0FFL98DSW","name":"启迪文化用品商店","address":"康定路390号","type":"购物服务;文化用品店;文化用品店","typecode":"060800","pcode":310000,"pname":"上海市","citycode":21,"cityname":"上海市","adcode":310106,"adname":"静安区","business_area":"曹家渡","location":"121.448798,31.234537","tel":"021-62175789","bigType":"购物服务","midType":"文化用品店","smallType":"文化用品店","gcj_lng":121.448798,"gcj_lat":31.234537,"wgs84_loc":"121.444203,31.236418","wgs84Lng":121.444203,"wgs84Lat":31.236418,"__source_file__":"13-常用公服设施点/CSV/上海市_文化用品店.csv"},"geometry":{"type":"Point","coordinates":[121.444203,31.236418]}},{"id":"934","type":"Feature","properties":{"id":"B0FFJGIHVI","name":"晨光文具(海防路店)","address":"海防路424号","type":"购物服务;文化用品店;文化用品店","typecode":"060800","pcode":310000,"pname":"上海市","citycode":21,"cityname":"上海市","adcode":310106,"adname":"静安区","business_area":"曹家渡","location":"121.445224,31.238005","tel":"[]","bigType":"购物服务","midType":"文化用品店","smallType":"文化用品店","gcj_lng":121.445224,"gcj_lat":31.238005,"wgs84_loc":"121.440621,31.239877","wgs84Lng":121.440621,"wgs84Lat":31.239877,"__source_file__":"13-常用公服设施点/CSV/上海市_文化用品店.csv"},"geometry":{"type":"Point","coordinates":[121.440621,31.239877]}},{"id":"826","type":"Feature","properties":{"id":"B0FFMGKZGO","name":"派克笔毕加索品牌名笔批发代理商","address":"新昌路473号","type":"购物服务;文化用品店;文化用品店","typecode":"060800","pcode":310000,"pname":"上海市","citycode":21,"cityname":"上海市","adcode":310101,"adname":"黄浦区","business_area":"北京东路","location":"121.466737,31.238137","tel":"021-63830822","bigType":"购物服务","midType":"文化用品店","smallType":"文化用品店","gcj_lng":121.466737,"gcj_lat":31.238137,"wgs84_loc":"121.462191,31.240057","wgs84Lng":121.462191,"wgs84Lat":31.240057,"__source_file__":"13-常用公服设施点/CSV/上海市_文化用品店.csv"},"geometry":{"type":"Point","coordinates":[121.462191,31.240057]}},{"id":"933","type":"Feature","properties":{"id":"B0H3YC71SF","name":"晨光文具","address":"国庆路35号6号门D12室","type":"购物服务;文化用品店;文化用品店","typecode":"060800","pcode":310000,"pname":"上海市","citycode":21,"cityname":"上海市","adcode":310106,"adname":"静安区","business_area":"北京东路","location":"121.470705,31.240726","tel":"[]","bigType":"购物服务","midType":"文化用品店","smallType":"文化用品店","gcj_lng":121.470705,"gcj_lat":31.240726,"wgs84_loc":"121.466171,31.242655","wgs84Lng":121.466171,"wgs84Lat":31.242655,"__source_file__":"13-常用公服设施点/CSV/上海市_文化用品店.csv"},"geometry":{"type":"Point","coordinates":[121.466171,31.242655]}},{"id":"1671","type":"Feature","properties":{"id":"B0FFGE5Q0H","name":"青宁本册","address":"国庆路25号","type":"购物服务;文化用品店;文化用品店","typecode":"060800","pcode":310000,"pname":"上海市","citycode":21,"cityname":"上海市","adcode":310106,"adname":"静安区","business_area":"北京东路","location":"121.471120,31.240736","tel":"13761295688","bigType":"购物服务","midType":"文化用品店","smallType":"文化用品店","gcj_lng":121.47112,"gcj_lat":31.240736,"wgs84_loc":"121.466588,31.242667","wgs84Lng":121.466588,"wgs84Lat":31.242667,"__source_file__":"13-常用公服设施点/CSV/上海市_文化用品店.csv"},"geometry":{"type":"Point","coordinates":[121.466588,31.242667]}},{"id":"1649","type":"Feature","properties":{"id":"B0FFG8EO6N","name":"汇星办公","address":"国庆路17号","type":"购物服务;文化用品店;文化用品店","typecode":"060800","pcode":310000,"pname":"上海市","citycode":21,"cityname":"上海市","adcode":310106,"adname":"静安区","business_area":"北京东路","location":"121.471186,31.240743","tel":"[]","bigType":"购物服务","midType":"文化用品店","smallType":"文化用品店","gcj_lng":121.471186,"gcj_lat":31.240743,"wgs84_loc":"121.466654,31.242674","wgs84Lng":121.466654,"wgs84Lat":31.242674,"__source_file__":"13-常用公服设施点/CSV/上海市_文化用品店.csv"},"geometry":{"type":"Point","coordinates":[121.466654,31.242674]}},{"id":"939","type":"Feature","properties":{"id":"B0FFGE5Q0Q","name":"爱好中柏东丽文具","address":"国庆路35号1-6幢底层东区商铺沿街9馆号","type":"购物服务;文化用品店;文化用品店","typecode":"060800","pcode":310000,"pname":"上海市","citycode":21,"cityname":"上海市","adcode":310106,"adname":"静安区","business_area":"北京东路","location":"121.471248,31.240749","tel":"021-61810989","bigType":"购物服务","midType":"文化用品店","smallType":"文化用品店","gcj_lng":121.471248,"gcj_lat":31.240749,"wgs84_loc":"121.466716,31.24268","wgs84Lng":121.466716,"wgs84Lat":31.24268,"__source_file__":"13-常用公服设施点/CSV/上海市_文化用品店.csv"},"geometry":{"type":"Point","coordinates":[121.466716,31.24268]}},{"id":"1618","type":"Feature","properties":{"id":"B0FFF9ZNRQ","name":"册源贸易","address":"国庆路13号","type":"购物服务;文化用品店;文化用品店","typecode":"060800","pcode":310000,"pname":"上海市","citycode":21,"cityname":"上海市","adcode":310106,"adname":"静安区","business_area":"北京东路","location":"121.471304,31.240750","tel":"021-61810868;021-61811288","bigType":"购物服务","midType":"文化用品店","smallType":"文化用品店","gcj_lng":121.471304,"gcj_lat":31.24075,"wgs84_loc":"121.466772,31.242681","wgs84Lng":121.466772,"wgs84Lat":31.242681,"__source_file__":"13-常用公服设施点/CSV/上海市_文化用品店.csv"},"geometry":{"type":"Point","coordinates":[121.466772,31.242681]}},{"id":"1755","type":"Feature","properties":{"id":"B0FFF9ZNRE","name":"品文上贵","address":"国庆路7号","type":"购物服务;文化用品店;文化用品店","typecode":"060800","pcode":310000,"pname":"上海市","citycode":21,"cityname":"上海市","adcode":310106,"adname":"静安区","business_area":"北京东路","location":"121.471269,31.240752","tel":"021-61811290","bigType":"购物服务","midType":"文化用品店","smallType":"文化用品店","gcj_lng":121.471269,"gcj_lat":31.240752,"wgs84_loc":"121.466737,31.242683","wgs84Lng":121.466737,"wgs84Lat":31.242683,"__source_file__":"13-常用公服设施点/CSV/上海市_文化用品店.csv"},"geometry":{"type":"Point","coordinates":[121.466737,31.242683]}},{"id":"875","type":"Feature","properties":{"id":"B0FFF9ZNRD","name":"陈宁本册","address":"国庆路16号","type":"购物服务;文化用品店;文化用品店","typecode":"060800","pcode":310000,"pname":"上海市","citycode":21,"cityname":"上海市","adcode":310106,"adname":"静安区","business_area":"北京东路","location":"121.471290,31.240754","tel":"13661726845","bigType":"购物服务","midType":"文化用品店","smallType":"文化用品店","gcj_lng":121.47129,"gcj_lat":31.240754,"wgs84_loc":"121.466758,31.242685","wgs84Lng":121.466758,"wgs84Lat":31.242685,"__source_file__":"13-常用公服设施点/CSV/上海市_文化用品店.csv"},"geometry":{"type":"Point","coordinates":[121.466758,31.242685]}},{"id":"889","type":"Feature","properties":{"id":"B00156NTQ9","name":"忠德信办公用品","address":"西藏北路19号","type":"购物服务;文化用品店;文化用品店","typecode":"060800","pcode":310000,"pname":"上海市","citycode":21,"cityname":"上海市","adcode":310106,"adname":"静安区","business_area":"北京东路","location":"121.471565,31.240822","tel":"021-63812985","bigType":"购物服务","midType":"文化用品店","smallType":"文化用品店","gcj_lng":121.471565,"gcj_lat":31.240822,"wgs84_loc":"121.467034,31.242754","wgs84Lng":121.467034,"wgs84Lat":31.242754,"__source_file__":"13-常用公服设施点/CSV/上海市_文化用品店.csv"},"geometry":{"type":"Point","coordinates":[121.467034,31.242754]}},{"id":"903","type":"Feature","properties":{"id":"B0FFH0ZUCX","name":"装订配件文具礼品","address":"国庆路35号文具礼品市场1号门X53馆","type":"购物服务;文化用品店;文化用品店","typecode":"060800","pcode":310000,"pname":"上海市","citycode":21,"cityname":"上海市","adcode":310106,"adname":"静安区","business_area":"北京东路","location":"121.470633,31.240949","tel":"[]","bigType":"购物服务","midType":"文化用品店","smallType":"文化用品店","gcj_lng":121.470633,"gcj_lat":31.240949,"wgs84_loc":"121.466099,31.242878","wgs84Lng":121.466099,"wgs84Lat":31.242878,"__source_file__":"13-常用公服设施点/CSV/上海市_文化用品店.csv"},"geometry":{"type":"Point","coordinates":[121.466099,31.242878]}},{"id":"943","type":"Feature","properties":{"id":"B0FFGSAAU9","name":"都佳本册","address":"西藏北路27号","type":"购物服务;文化用品店;文化用品店","typecode":"060800","pcode":310000,"pname":"上海市","citycode":21,"cityname":"上海市","adcode":310106,"adname":"静安区","business_area":"北京东路","location":"121.471528,31.240991","tel":"[]","bigType":"购物服务","midType":"文化用品店","smallType":"文化用品店","gcj_lng":121.471528,"gcj_lat":31.240991,"wgs84_loc":"121.466997,31.242923","wgs84Lng":121.466997,"wgs84Lat":31.242923,"__source_file__":"13-常用公服设施点/CSV/上海市_文化用品店.csv"},"geometry":{"type":"Point","coordinates":[121.466997,31.242923]}},{"id":"937","type":"Feature","properties":{"id":"B0H6HSFPM0","name":"方然文具","address":"西藏北路与国庆路交叉路口西北侧(北市场小区)","type":"购物服务;文化用品店;文化用品店","typecode":"060800","pcode":310000,"pname":"上海市","citycode":21,"cityname":"上海市","adcode":310106,"adname":"静安区","business_area":"北京东路","location":"121.471521,31.241023","tel":"[]","bigType":"购物服务","midType":"文化用品店","smallType":"文化用品店","gcj_lng":121.471521,"gcj_lat":31.241023,"wgs84_loc":"121.46699,31.242955","wgs84Lng":121.46699,"wgs84Lat":31.242955,"__source_file__":"13-常用公服设施点/CSV/上海市_文化用品店.csv"},"geometry":{"type":"Point","coordinates":[121.46699,31.242955]}},{"id":"1703","type":"Feature","properties":{"id":"B0FFH0ZP9A","name":"礼品笔","address":"西藏北路辅路与国庆路交叉口西北40米","type":"购物服务;文化用品店;文化用品店","typecode":"060800","pcode":310000,"pname":"上海市","citycode":21,"cityname":"上海市","adcode":310106,"adname":"静安区","business_area":"北京东路","location":"121.471490,31.241068","tel":"[]","bigType":"购物服务","midType":"文化用品店","smallType":"文化用品店","gcj_lng":121.47149,"gcj_lat":31.241068,"wgs84_loc":"121.466959,31.242999","wgs84Lng":121.466959,"wgs84Lat":31.242999,"__source_file__":"13-常用公服设施点/CSV/上海市_文化用品店.csv"},"geometry":{"type":"Point","coordinates":[121.466959,31.242999]}},{"id":"864","type":"Feature","properties":{"id":"B0FFF9ZNPX","name":"华斌本册","address":"西藏北路37号","type":"购物服务;文化用品店;文化用品店","typecode":"060800","pcode":310000,"pname":"上海市","citycode":21,"cityname":"上海市","adcode":310106,"adname":"静安区","business_area":"北京东路","location":"121.471502,31.241109","tel":"13818457972","bigType":"购物服务","midType":"文化用品店","smallType":"文化用品店","gcj_lng":121.471502,"gcj_lat":31.241109,"wgs84_loc":"121.466971,31.24304","wgs84Lng":121.466971,"wgs84Lat":31.24304,"__source_file__":"13-常用公服设施点/CSV/上海市_文化用品店.csv"},"geometry":{"type":"Point","coordinates":[121.466971,31.24304]}},{"id":"1602","type":"Feature","properties":{"id":"B0HGKPGK8R","name":"上海都豪文化用品有限公司","address":"晋元路65号1号门x30馆","type":"购物服务;文化用品店;文化用品店","typecode":"060800","pcode":310000,"pname":"上海市","citycode":21,"cityname":"上海市","adcode":310106,"adname":"静安区","business_area":"北京东路","location":"121.470411,31.241155","tel":"13761196563","bigType":"购物服务","midType":"文化用品店","smallType":"文化用品店","gcj_lng":121.470411,"gcj_lat":31.241155,"wgs84_loc":"121.465876,31.243084","wgs84Lng":121.465876,"wgs84Lat":31.243084,"__source_file__":"13-常用公服设施点/CSV/上海市_文化用品店.csv"},"geometry":{"type":"Point","coordinates":[121.465876,31.243084]}},{"id":"898","type":"Feature","properties":{"id":"B0FFLKL0DG","name":"上海品字贸易办公批发","address":"国庆路35号X161馆(3号门进来直走)","type":"购物服务;文化用品店;文化用品店","typecode":"060800","pcode":310000,"pname":"上海市","citycode":21,"cityname":"上海市","adcode":310106,"adname":"静安区","business_area":"北京东路","location":"121.470811,31.241337","tel":"13761255506","bigType":"购物服务","midType":"文化用品店","smallType":"文化用品店","gcj_lng":121.470811,"gcj_lat":31.241337,"wgs84_loc":"121.466278,31.243266","wgs84Lng":121.466278,"wgs84Lat":31.243266,"__source_file__":"13-常用公服设施点/CSV/上海市_文化用品店.csv"},"geometry":{"type":"Point","coordinates":[121.466278,31.243266]}},{"id":"944","type":"Feature","properties":{"id":"B0FFF9ZN8C","name":"信丰本册","address":"西藏北路49-2号","type":"购物服务;文化用品店;文化用品店","typecode":"060800","pcode":310000,"pname":"上海市","citycode":21,"cityname":"上海市","adcode":310106,"adname":"静安区","business_area":"北京东路","location":"121.471446,31.241365","tel":"13801999079","bigType":"购物服务","midType":"文化用品店","smallType":"文化用品店","gcj_lng":121.471446,"gcj_lat":31.241365,"wgs84_loc":"121.466915,31.243296","wgs84Lng":121.466915,"wgs84Lat":31.243296,"__source_file__":"13-常用公服设施点/CSV/上海市_文化用品店.csv"},"geometry":{"type":"Point","coordinates":[121.466915,31.243296]}},{"id":"886","type":"Feature","properties":{"id":"B0FFF9ZN83","name":"申颂本册","address":"西藏北路49号106-1室","type":"购物服务;文化用品店;文化用品店","typecode":"060800","pcode":310000,"pname":"上海市","citycode":21,"cityname":"上海市","adcode":310106,"adname":"静安区","business_area":"北京东路","location":"121.471396,31.241524","tel":"13636522910","bigType":"购物服务","midType":"文化用品店","smallType":"文化用品店","gcj_lng":121.471396,"gcj_lat":31.241524,"wgs84_loc":"121.466865,31.243455","wgs84Lng":121.466865,"wgs84Lat":31.243455,"__source_file__":"13-常用公服设施点/CSV/上海市_文化用品店.csv"},"geometry":{"type":"Point","coordinates":[121.466865,31.243455]}},{"id":"1793","type":"Feature","properties":{"id":"B0FFGSAB6S","name":"洪立本册","address":"西藏北路49号106室","type":"购物服务;文化用品店;文化用品店","typecode":"060800","pcode":310000,"pname":"上海市","citycode":21,"cityname":"上海市","adcode":310106,"adname":"静安区","business_area":"北京东路","location":"121.471395,31.241537","tel":"[]","bigType":"购物服务","midType":"文化用品店","smallType":"文化用品店","gcj_lng":121.471395,"gcj_lat":31.241537,"wgs84_loc":"121.466864,31.243468","wgs84Lng":121.466864,"wgs84Lat":31.243468,"__source_file__":"13-常用公服设施点/CSV/上海市_文化用品店.csv"},"geometry":{"type":"Point","coordinates":[121.466864,31.243468]}},{"id":"941","type":"Feature","properties":{"id":"B0FFIB5BUS","name":"得力办公文具墨盒硒鼓耗材(国庆路店)","address":"晋元路83号2门西区X125","type":"购物服务;文化用品店;文化用品店","typecode":"060800","pcode":310000,"pname":"上海市","citycode":21,"cityname":"上海市","adcode":310106,"adname":"静安区","business_area":"北京东路","location":"121.470348,31.241703","tel":"13818000752;15821819519","bigType":"购物服务","midType":"文化用品店","smallType":"文化用品店","gcj_lng":121.470348,"gcj_lat":31.241703,"wgs84_loc":"121.465813,31.243631","wgs84Lng":121.465813,"wgs84Lat":31.243631,"__source_file__":"13-常用公服设施点/CSV/上海市_文化用品店.csv"},"geometry":{"type":"Point","coordinates":[121.465813,31.243631]}},{"id":"895","type":"Feature","properties":{"id":"B0FFKLVCT6","name":"上工批文具礼品市场(广电宝龙国庆路店)","address":"国庆路35号","type":"购物服务;文化用品店;文化用品店","typecode":"060800","pcode":310000,"pname":"上海市","citycode":21,"cityname":"上海市","adcode":310106,"adname":"静安区","business_area":"北京东路","location":"121.470860,31.241885","tel":"021-61816976","bigType":"购物服务","midType":"文化用品店","smallType":"文化用品店","gcj_lng":121.47086,"gcj_lat":31.241885,"wgs84_loc":"121.466327,31.243814","wgs84Lng":121.466327,"wgs84Lat":31.243814,"__source_file__":"13-常用公服设施点/CSV/上海市_文化用品店.csv"},"geometry":{"type":"Point","coordinates":[121.466327,31.243814]}},{"id":"156","type":"Feature","properties":{"id":"B0015594ML","name":"晨光文具(程铬店)","address":"长寿路565-2号","type":"购物服务;文化用品店;文化用品店","typecode":"060800","pcode":310000,"pname":"上海市","citycode":21,"cityname":"上海市","adcode":310107,"adname":"普陀区","business_area":"曹家渡","location":"121.434601,31.237649","tel":"13916899815","bigType":"购物服务","midType":"文化用品店","smallType":"文化用品店","gcj_lng":121.434601,"gcj_lat":31.237649,"wgs84_loc":"121.429977,31.239504","wgs84Lng":121.429977,"wgs84Lat":31.239504,"__source_file__":"13-常用公服设施点/CSV/上海市_文化用品店.csv"},"geometry":{"type":"Point","coordinates":[121.429977,31.239504]}},{"id":"133","type":"Feature","properties":{"id":"B0FFG4IDFH","name":"棒棒堂文具(宜昌路店)","address":"宜昌路397号","type":"购物服务;文化用品店;文化用品店","typecode":"060800","pcode":310000,"pname":"上海市","citycode":21,"cityname":"上海市","adcode":310107,"adname":"普陀区","business_area":"曹家渡","location":"121.436516,31.246162","tel":"13816558204","bigType":"购物服务","midType":"文化用品店","smallType":"文化用品店","gcj_lng":121.436516,"gcj_lat":31.246162,"wgs84_loc":"121.431895,31.248016","wgs84Lng":121.431895,"wgs84Lat":31.248016,"__source_file__":"13-常用公服设施点/CSV/上海市_文化用品店.csv"},"geometry":{"type":"Point","coordinates":[121.431895,31.248016]}},{"id":"146","type":"Feature","properties":{"id":"B0FFKVRBBS","name":"汶捷办公","address":"岚皋路12号","type":"购物服务;文化用品店;文化用品店","typecode":"060800","pcode":310000,"pname":"上海市","citycode":21,"cityname":"上海市","adcode":310107,"adname":"普陀区","business_area":"光新","location":"121.426478,31.246353","tel":"17701639500;13482618010","bigType":"购物服务","midType":"文化用品店","smallType":"文化用品店","gcj_lng":121.426478,"gcj_lat":31.246353,"wgs84_loc":"121.421841,31.248194","wgs84Lng":121.421841,"wgs84Lat":31.248194,"__source_file__":"13-常用公服设施点/CSV/上海市_文化用品店.csv"},"geometry":{"type":"Point","coordinates":[121.421841,31.248194]}},{"id":"164","type":"Feature","properties":{"id":"B0FFFO480Z","name":"红孩子文具(中山北路店)","address":"中山北路2139弄76号","type":"购物服务;文化用品店;文化用品店","typecode":"060800","pcode":310000,"pname":"上海市","citycode":21,"cityname":"上海市","adcode":310107,"adname":"普陀区","business_area":"光新","location":"121.428124,31.248585","tel":"18018605732","bigType":"购物服务","midType":"文化用品店","smallType":"文化用品店","gcj_lng":121.428124,"gcj_lat":31.248585,"wgs84_loc":"121.423489,31.250427","wgs84Lng":121.423489,"wgs84Lat":31.250427,"__source_file__":"13-常用公服设施点/CSV/上海市_文化用品店.csv"},"geometry":{"type":"Point","coordinates":[121.423489,31.250427]}},{"id":"137","type":"Feature","properties":{"id":"B0G1VHB72O","name":"晨光文具(光新店)","address":"中山北路1855号","type":"购物服务;文化用品店;文化用品店","typecode":"060800","pcode":310000,"pname":"上海市","citycode":21,"cityname":"上海市","adcode":310107,"adname":"普陀区","business_area":"光新","location":"121.432052,31.250424","tel":"13636524361","bigType":"购物服务","midType":"文化用品店","smallType":"文化用品店","gcj_lng":121.432052,"gcj_lat":31.250424,"wgs84_loc":"121.427423,31.25227","wgs84Lng":121.427423,"wgs84Lat":31.25227,"__source_file__":"13-常用公服设施点/CSV/上海市_文化用品店.csv"},"geometry":{"type":"Point","coordinates":[121.427423,31.25227]}},{"id":"180","type":"Feature","properties":{"id":"B0FFH10JVC","name":"文化产品展示厅","address":"镇坪路嘉富利大厦","type":"购物服务;文化用品店;文化用品店","typecode":"060800","pcode":310000,"pname":"上海市","citycode":21,"cityname":"上海市","adcode":310107,"adname":"普陀区","business_area":"光新","location":"121.428575,31.250560","tel":"[]","bigType":"购物服务","midType":"文化用品店","smallType":"文化用品店","gcj_lng":121.428575,"gcj_lat":31.25056,"wgs84_loc":"121.42394,31.252401","wgs84Lng":121.42394,"wgs84Lat":31.252401,"__source_file__":"13-常用公服设施点/CSV/上海市_文化用品店.csv"},"geometry":{"type":"Point","coordinates":[121.42394,31.252401]}},{"id":"1808","type":"Feature","properties":{"id":"B0HGFN33V8","name":"办公用品","address":"光新路上海理工大学附属实验学校南侧约210米","type":"购物服务;文化用品店;文化用品店","typecode":"060800","pcode":310000,"pname":"上海市","citycode":21,"cityname":"上海市","adcode":310107,"adname":"普陀区","business_area":"光新","location":"121.432806,31.251423","tel":"[]","bigType":"购物服务","midType":"文化用品店","smallType":"文化用品店","gcj_lng":121.432806,"gcj_lat":31.251423,"wgs84_loc":"121.428178,31.253269","wgs84Lng":121.428178,"wgs84Lat":31.253269,"__source_file__":"13-常用公服设施点/CSV/上海市_文化用品店.csv"},"geometry":{"type":"Point","coordinates":[121.428178,31.253269]}},{"id":"174","type":"Feature","properties":{"id":"B0GUJBNWVD","name":"小猫文具店","address":"中潭路99弄中远两湾城-西区","type":"购物服务;文化用品店;文化用品店","typecode":"060800","pcode":310000,"pname":"上海市","citycode":21,"cityname":"上海市","adcode":310107,"adname":"普陀区","business_area":"光新","location":"121.436887,31.251948","tel":"[]","bigType":"购物服务","midType":"文化用品店","smallType":"文化用品店","gcj_lng":121.436887,"gcj_lat":31.251948,"wgs84_loc":"121.432266,31.2538","wgs84Lng":121.432266,"wgs84Lat":31.2538,"__source_file__":"13-常用公服设施点/CSV/上海市_文化用品店.csv"},"geometry":{"type":"Point","coordinates":[121.432266,31.2538]}},{"id":"128","type":"Feature","properties":{"id":"B0FFIA6RDT","name":"晨光文具(中潭路店)","address":"中潭路99弄157号","type":"购物服务;文化用品店;文化用品店","typecode":"060800","pcode":310000,"pname":"上海市","citycode":21,"cityname":"上海市","adcode":310107,"adname":"普陀区","business_area":"光新","location":"121.436859,31.251984","tel":"13774284965;13917783521","bigType":"购物服务","midType":"文化用品店","smallType":"文化用品店","gcj_lng":121.436859,"gcj_lat":31.251984,"wgs84_loc":"121.432238,31.253836","wgs84Lng":121.432238,"wgs84Lat":31.253836,"__source_file__":"13-常用公服设施点/CSV/上海市_文化用品店.csv"},"geometry":{"type":"Point","coordinates":[121.432238,31.253836]}},{"id":"35","type":"Feature","properties":{"id":"B00155BIMA","name":"同达文化体育用品","address":"西康路978号","type":"购物服务;文化用品店;文化用品店","typecode":"060800","pcode":310000,"pname":"上海市","citycode":21,"cityname":"上海市","adcode":310107,"adname":"普陀区","business_area":"曹家渡","location":"121.442458,31.239914","tel":"021-62774707","bigType":"购物服务","midType":"文化用品店","smallType":"文化用品店","gcj_lng":121.442458,"gcj_lat":31.239914,"wgs84_loc":"121.437849,31.24178","wgs84Lng":121.437849,"wgs84Lat":31.24178,"__source_file__":"13-常用公服设施点/CSV/上海市_文化用品店.csv"},"geometry":{"type":"Point","coordinates":[121.437849,31.24178]}},{"id":"924","type":"Feature","properties":{"id":"B0FFKV3R3K","name":"晨光文具","address":"恒通路与恒丰路辅路交叉口东80米","type":"购物服务;文化用品店;文化用品店","typecode":"060800","pcode":310000,"pname":"上海市","citycode":21,"cityname":"上海市","adcode":310106,"adname":"静安区","business_area":"[]","location":"121.458490,31.241041","tel":"[]","bigType":"购物服务","midType":"文化用品店","smallType":"文化用品店","gcj_lng":121.45849,"gcj_lat":31.241041,"wgs84_loc":"121.45392,31.24294","wgs84Lng":121.45392,"wgs84Lat":31.24294,"__source_file__":"13-常用公服设施点/CSV/上海市_文化用品店.csv"},"geometry":{"type":"Point","coordinates":[121.45392,31.24294]}},{"id":"1816","type":"Feature","properties":{"id":"B0G1P6GU7R","name":"好家文化生活馆","address":"普济路辅路与长安路交叉口东北100米","type":"购物服务;文化用品店;文化用品店","typecode":"060800","pcode":310000,"pname":"上海市","citycode":21,"cityname":"上海市","adcode":310106,"adname":"静安区","business_area":"[]","location":"121.454415,31.242675","tel":"021-62276306;13611636999","bigType":"购物服务","midType":"文化用品店","smallType":"文化用品店","gcj_lng":121.454415,"gcj_lat":31.242675,"wgs84_loc":"121.449834,31.244564","wgs84Lng":121.449834,"wgs84Lat":31.244564,"__source_file__":"13-常用公服设施点/CSV/上海市_文化用品店.csv"},"geometry":{"type":"Point","coordinates":[121.449834,31.244564]}},{"id":"162","type":"Feature","properties":{"id":"B00155GBI5","name":"弘雅文具(江宁路店)","address":"长寿路132号","type":"购物服务;文化用品店;文化用品店","typecode":"060800","pcode":310000,"pname":"上海市","citycode":21,"cityname":"上海市","adcode":310107,"adname":"普陀区","business_area":"曹家渡","location":"121.443106,31.244105","tel":"021-62772794","bigType":"购物服务","midType":"文化用品店","smallType":"文化用品店","gcj_lng":121.443106,"gcj_lat":31.244105,"wgs84_loc":"121.438498,31.245971","wgs84Lng":121.438498,"wgs84Lat":31.245971,"__source_file__":"13-常用公服设施点/CSV/上海市_文化用品店.csv"},"geometry":{"type":"Point","coordinates":[121.438498,31.245971]}},{"id":"942","type":"Feature","properties":{"id":"B0FFM62C89","name":"文具百货","address":"华盛路不夜城公园赢春农家菜","type":"购物服务;文化用品店;文化用品店","typecode":"060800","pcode":310000,"pname":"上海市","citycode":21,"cityname":"上海市","adcode":310106,"adname":"静安区","business_area":"宝山路","location":"121.460778,31.245402","tel":"[]","bigType":"购物服务","midType":"文化用品店","smallType":"文化用品店","gcj_lng":121.460778,"gcj_lat":31.245402,"wgs84_loc":"121.456214,31.247304","wgs84Lng":121.456214,"wgs84Lat":31.247304,"__source_file__":"13-常用公服设施点/CSV/上海市_文化用品店.csv"},"geometry":{"type":"Point","coordinates":[121.456214,31.247304]}},{"id":"881","type":"Feature","properties":{"id":"B0FFF47TGB","name":"文具店","address":"天目中路辅路与大统路交叉口东南约60米","type":"购物服务;文化用品店;文化用品店","typecode":"060800","pcode":310000,"pname":"上海市","citycode":21,"cityname":"上海市","adcode":310106,"adname":"静安区","business_area":"宝山路","location":"121.460778,31.245402","tel":"[]","bigType":"购物服务","midType":"文化用品店","smallType":"文化用品店","gcj_lng":121.460778,"gcj_lat":31.245402,"wgs84_loc":"121.456214,31.247304","wgs84Lng":121.456214,"wgs84Lat":31.247304,"__source_file__":"13-常用公服设施点/CSV/上海市_文化用品店.csv"},"geometry":{"type":"Point","coordinates":[121.456214,31.247304]}},{"id":"1790","type":"Feature","properties":{"id":"B0FFM71K5B","name":"晨光文具(天目西路店)","address":"天目西路452号","type":"购物服务;文化用品店;文化用品店","typecode":"060800","pcode":310000,"pname":"上海市","citycode":21,"cityname":"上海市","adcode":310106,"adname":"静安区","business_area":"[]","location":"121.452584,31.245443","tel":"18939808611","bigType":"购物服务","midType":"文化用品店","smallType":"文化用品店","gcj_lng":121.452584,"gcj_lat":31.245443,"wgs84_loc":"121.447998,31.247327","wgs84Lng":121.447998,"wgs84Lat":31.247327,"__source_file__":"13-常用公服设施点/CSV/上海市_文化用品店.csv"},"geometry":{"type":"Point","coordinates":[121.447998,31.247327]}},{"id":"1556","type":"Feature","properties":{"id":"B0FFG6L5O1","name":"贝碧欧美术颜料(莫干山路店)","address":"莫干山路50号0号楼1层101室","type":"购物服务;文化用品店;文化用品店","typecode":"060800","pcode":310000,"pname":"上海市","citycode":21,"cityname":"上海市","adcode":310107,"adname":"普陀区","business_area":"光新","location":"121.448755,31.247583","tel":"13381923225","bigType":"购物服务","midType":"文化用品店","smallType":"文化用品店","gcj_lng":121.448755,"gcj_lat":31.247583,"wgs84_loc":"121.444159,31.249458","wgs84Lng":121.444159,"wgs84Lat":31.249458,"__source_file__":"13-常用公服设施点/CSV/上海市_文化用品店.csv"},"geometry":{"type":"Point","coordinates":[121.444159,31.249458]}},{"id":"36","type":"Feature","properties":{"id":"B0H2H1IEO7","name":"佳卿文化","address":"莫干山路50号M50创意园17号楼2043楼左手","type":"购物服务;文化用品店;文化用品店","typecode":"060800","pcode":310000,"pname":"上海市","citycode":21,"cityname":"上海市","adcode":310107,"adname":"普陀区","business_area":"光新","location":"121.449743,31.248115","tel":"[]","bigType":"购物服务","midType":"文化用品店","smallType":"文化用品店","gcj_lng":121.449743,"gcj_lat":31.248115,"wgs84_loc":"121.44515,31.249992","wgs84Lng":121.44515,"wgs84Lat":31.249992,"__source_file__":"13-常用公服设施点/CSV/上海市_文化用品店.csv"},"geometry":{"type":"Point","coordinates":[121.44515,31.249992]}},{"id":"893","type":"Feature","properties":{"id":"B0GUCC8IAL","name":"晨光文具(大统路店)","address":"大统路837号","type":"购物服务;文化用品店;文化用品店","typecode":"060800","pcode":310000,"pname":"上海市","citycode":21,"cityname":"上海市","adcode":310106,"adname":"静安区","business_area":"和田","location":"121.459383,31.252506","tel":"[]","bigType":"购物服务","midType":"文化用品店","smallType":"文化用品店","gcj_lng":121.459383,"gcj_lat":31.252506,"wgs84_loc":"121.454814,31.254402","wgs84Lng":121.454814,"wgs84Lat":31.254402,"__source_file__":"13-常用公服设施点/CSV/上海市_文化用品店.csv"},"geometry":{"type":"Point","coordinates":[121.454814,31.254402]}},{"id":"109","type":"Feature","properties":{"id":"B0HDRNRCMH","name":"晨光文具(光新路店)","address":"光新路182弄96号、112号112、113室(光新路182弄96号球道club旁)","type":"购物服务;文化用品店;文化用品店","typecode":"060800","pcode":310000,"pname":"上海市","citycode":21,"cityname":"上海市","adcode":310107,"adname":"普陀区","business_area":"光新","location":"121.434035,31.252961","tel":"18018668113","bigType":"购物服务","midType":"文化用品店","smallType":"文化用品店","gcj_lng":121.434035,"gcj_lat":31.252961,"wgs84_loc":"121.429409,31.254808","wgs84Lng":121.429409,"wgs84Lat":31.254808,"__source_file__":"13-常用公服设施点/CSV/上海市_文化用品店.csv"},"geometry":{"type":"Point","coordinates":[121.429409,31.254808]}},{"id":"148","type":"Feature","properties":{"id":"B0FFKLBLX4","name":"青成办公","address":"华池路58弄1号楼1512室","type":"购物服务;文化用品店;文化用品店","typecode":"060800","pcode":310000,"pname":"上海市","citycode":21,"cityname":"上海市","adcode":310107,"adname":"普陀区","business_area":"光新","location":"121.428466,31.256966","tel":"13524627703","bigType":"购物服务","midType":"文化用品店","smallType":"文化用品店","gcj_lng":121.428466,"gcj_lat":31.256966,"wgs84_loc":"121.423831,31.258804","wgs84Lng":121.423831,"wgs84Lat":31.258804,"__source_file__":"13-常用公服设施点/CSV/上海市_文化用品店.csv"},"geometry":{"type":"Point","coordinates":[121.423831,31.258804]}},{"id":"149","type":"Feature","properties":{"id":"B001571RSA","name":"晨光文具(翰江店)","address":"宜川路60号世纪联华1层内","type":"购物服务;文化用品店;文化用品店","typecode":"060800","pcode":310000,"pname":"上海市","citycode":21,"cityname":"上海市","adcode":310107,"adname":"普陀区","business_area":"大宁路","location":"121.440386,31.258409","tel":"18916033557","bigType":"购物服务","midType":"文化用品店","smallType":"文化用品店","gcj_lng":121.440386,"gcj_lat":31.258409,"wgs84_loc":"121.435771,31.260264","wgs84Lng":121.435771,"wgs84Lat":31.260264,"__source_file__":"13-常用公服设施点/CSV/上海市_文化用品店.csv"},"geometry":{"type":"Point","coordinates":[121.435771,31.260264]}},{"id":"123","type":"Feature","properties":{"id":"B0HUT5XYI3","name":"得力文具店(延长西路店)","address":"甘泉街道延长西路508号-1","type":"购物服务;文化用品店;文化用品店","typecode":"060800","pcode":310000,"pname":"上海市","citycode":21,"cityname":"上海市","adcode":310107,"adname":"普陀区","business_area":"光新","location":"121.434674,31.260106","tel":"13636334807","bigType":"购物服务","midType":"文化用品店","smallType":"文化用品店","gcj_lng":121.434674,"gcj_lat":31.260106,"wgs84_loc":"121.430048,31.261951","wgs84Lng":121.430048,"wgs84Lat":31.261951,"__source_file__":"13-常用公服设施点/CSV/上海市_文化用品店.csv"},"geometry":{"type":"Point","coordinates":[121.430048,31.261951]}},{"id":"1972","type":"Feature","properties":{"id":"B0J27SCW08","name":"你好文具(合阳小区150弄店)","address":"甘泉路街道延长西路164号","type":"购物服务;文化用品店;文化用品店","typecode":"060800","pcode":310000,"pname":"上海市","citycode":21,"cityname":"上海市","adcode":310107,"adname":"普陀区","business_area":"大宁路","location":"121.440430,31.263323","tel":"13774357624;15221247672","bigType":"购物服务","midType":"文化用品店","smallType":"文化用品店","gcj_lng":121.44043,"gcj_lat":31.263323,"wgs84_loc":"121.435815,31.265176","wgs84Lng":121.435815,"wgs84Lat":31.265176,"__source_file__":"13-常用公服设施点/CSV/上海市_文化用品店.csv"},"geometry":{"type":"Point","coordinates":[121.435815,31.265176]}},{"id":"900","type":"Feature","properties":{"id":"B0FFKOSARD","name":"自封袋","address":"天目中路428号凯旋门大厦418厅","type":"购物服务;文化用品店;文化用品店","typecode":"060800","pcode":310000,"pname":"上海市","citycode":21,"cityname":"上海市","adcode":310106,"adname":"静安区","business_area":"七浦路","location":"121.467203,31.243844","tel":"13651638499","bigType":"购物服务","midType":"文化用品店","smallType":"文化用品店","gcj_lng":121.467203,"gcj_lat":31.243844,"wgs84_loc":"121.462658,31.245763","wgs84Lng":121.462658,"wgs84Lat":31.245763,"__source_file__":"13-常用公服设施点/CSV/上海市_文化用品店.csv"},"geometry":{"type":"Point","coordinates":[121.462658,31.245763]}},{"id":"874","type":"Feature","properties":{"id":"B0FFHSYRZF","name":"百货文具用品店","address":"永兴路兴亚广场北侧","type":"购物服务;文化用品店;文化用品店","typecode":"060800","pcode":310000,"pname":"上海市","citycode":21,"cityname":"上海市","adcode":310106,"adname":"静安区","business_area":"宝山路","location":"121.473580,31.253583","tel":"021-56636785","bigType":"购物服务","midType":"文化用品店","smallType":"文化用品店","gcj_lng":121.47358,"gcj_lat":31.253583,"wgs84_loc":"121.469055,31.255514","wgs84Lng":121.469055,"wgs84Lat":31.255514,"__source_file__":"13-常用公服设施点/CSV/上海市_文化用品店.csv"},"geometry":{"type":"Point","coordinates":[121.469055,31.255514]}},{"id":"890","type":"Feature","properties":{"id":"B001557QNB","name":"三恒文化用品","address":"止园路336号","type":"购物服务;文化用品店;文化用品店","typecode":"060800","pcode":310000,"pname":"上海市","citycode":21,"cityname":"上海市","adcode":310106,"adname":"静安区","business_area":"宝山路","location":"121.469254,31.259051","tel":"021-56902413","bigType":"购物服务","midType":"文化用品店","smallType":"文化用品店","gcj_lng":121.469254,"gcj_lat":31.259051,"wgs84_loc":"121.464714,31.260969","wgs84Lng":121.464714,"wgs84Lat":31.260969,"__source_file__":"13-常用公服设施点/CSV/上海市_文化用品店.csv"},"geometry":{"type":"Point","coordinates":[121.464714,31.260969]}},{"id":"883","type":"Feature","properties":{"id":"B001557ZWB","name":"文美文化用品","address":"宝山路街道止园路410号","type":"购物服务;文化用品店;文化用品店","typecode":"060800","pcode":310000,"pname":"上海市","citycode":21,"cityname":"上海市","adcode":310106,"adname":"静安区","business_area":"宝山路","location":"121.468457,31.260463","tel":"[]","bigType":"购物服务","midType":"文化用品店","smallType":"文化用品店","gcj_lng":121.468457,"gcj_lat":31.260463,"wgs84_loc":"121.463915,31.262378","wgs84Lng":121.463915,"wgs84Lat":31.262378,"__source_file__":"13-常用公服设施点/CSV/上海市_文化用品店.csv"},"geometry":{"type":"Point","coordinates":[121.463915,31.262378]}},{"id":"884","type":"Feature","properties":{"id":"B0H1777F6X","name":"羽初文具","address":"青云路624-1号","type":"购物服务;文化用品店;文化用品店","typecode":"060800","pcode":310000,"pname":"上海市","citycode":21,"cityname":"上海市","adcode":310106,"adname":"静安区","business_area":"宝山路","location":"121.468222,31.261460","tel":"19101780270","bigType":"购物服务","midType":"文化用品店","smallType":"文化用品店","gcj_lng":121.468222,"gcj_lat":31.26146,"wgs84_loc":"121.463679,31.263374","wgs84Lng":121.463679,"wgs84Lat":31.263374,"__source_file__":"13-常用公服设施点/CSV/上海市_文化用品店.csv"},"geometry":{"type":"Point","coordinates":[121.463679,31.263374]}},{"id":"871","type":"Feature","properties":{"id":"B0015705O2","name":"兴晨文具","address":"青云路459号","type":"购物服务;文化用品店;文化用品店","typecode":"060800","pcode":310000,"pname":"上海市","citycode":21,"cityname":"上海市","adcode":310106,"adname":"静安区","business_area":"宝山路","location":"121.470530,31.262595","tel":"15991250548","bigType":"购物服务","midType":"文化用品店","smallType":"文化用品店","gcj_lng":121.47053,"gcj_lat":31.262595,"wgs84_loc":"121.465994,31.264514","wgs84Lng":121.465994,"wgs84Lat":31.264514,"__source_file__":"13-常用公服设施点/CSV/上海市_文化用品店.csv"},"geometry":{"type":"Point","coordinates":[121.465994,31.264514]}},{"id":"916","type":"Feature","properties":{"id":"B0FFF9ZXMZ","name":"晨光文具(青云路店)","address":"青云路441号","type":"购物服务;文化用品店;文化用品店","typecode":"060800","pcode":310000,"pname":"上海市","citycode":21,"cityname":"上海市","adcode":310106,"adname":"静安区","business_area":"宝山路","location":"121.470744,31.262708","tel":"13564245585","bigType":"购物服务","midType":"文化用品店","smallType":"文化用品店","gcj_lng":121.470744,"gcj_lat":31.262708,"wgs84_loc":"121.466209,31.264628","wgs84Lng":121.466209,"wgs84Lat":31.264628,"__source_file__":"13-常用公服设施点/CSV/上海市_文化用品店.csv"},"geometry":{"type":"Point","coordinates":[121.466209,31.264628]}},{"id":"1286","type":"Feature","properties":{"id":"B0G2T191TC","name":"晨光文具(花园路店)","address":"花园路187号","type":"购物服务;文化用品店;文化用品店","typecode":"060800","pcode":310000,"pname":"上海市","citycode":21,"cityname":"上海市","adcode":310109,"adname":"虹口区","business_area":"和田","location":"121.473317,31.273573","tel":"[]","bigType":"购物服务","midType":"文化用品店","smallType":"文化用品店","gcj_lng":121.473317,"gcj_lat":31.273573,"wgs84_loc":"121.468789,31.275495","wgs84Lng":121.468789,"wgs84Lat":31.275495,"__source_file__":"13-常用公服设施点/CSV/上海市_文化用品店.csv"},"geometry":{"type":"Point","coordinates":[121.468789,31.275495]}},{"id":"852","type":"Feature","properties":{"id":"B0HGNMJWT1","name":"新界文具","address":"江西中路与香港路交叉口东南20米","type":"购物服务;文化用品店;文化用品店","typecode":"060800","pcode":310000,"pname":"上海市","citycode":21,"cityname":"上海市","adcode":310101,"adname":"黄浦区","business_area":"北京东路","location":"121.485175,31.242119","tel":"[]","bigType":"购物服务","midType":"文化用品店","smallType":"文化用品店","gcj_lng":121.485175,"gcj_lat":31.242119,"wgs84_loc":"121.48069,31.244088","wgs84Lng":121.48069,"wgs84Lat":31.244088,"__source_file__":"13-常用公服设施点/CSV/上海市_文化用品店.csv"},"geometry":{"type":"Point","coordinates":[121.48069,31.244088]}},{"id":"1298","type":"Feature","properties":{"id":"B0FFK931ZQ","name":"中州路文具店","address":"中州路123号","type":"购物服务;文化用品店;文化用品店","typecode":"060800","pcode":310000,"pname":"上海市","citycode":21,"cityname":"上海市","adcode":310109,"adname":"虹口区","business_area":"宝山路","location":"121.482400,31.253191","tel":"13916282140","bigType":"购物服务","midType":"文化用品店","smallType":"文化用品店","gcj_lng":121.4824,"gcj_lat":31.253191,"wgs84_loc":"121.477904,31.255147","wgs84Lng":121.477904,"wgs84Lat":31.255147,"__source_file__":"13-常用公服设施点/CSV/上海市_文化用品店.csv"},"geometry":{"type":"Point","coordinates":[121.477904,31.255147]}},{"id":"1305","type":"Feature","properties":{"id":"B0IGOZJ3I7","name":"上海久星(源朗)办公(虹口店)","address":"虬江路与新广路交叉口西南40米","type":"购物服务;文化用品店;文化用品店","typecode":"060800","pcode":310000,"pname":"上海市","citycode":21,"cityname":"上海市","adcode":310109,"adname":"虹口区","business_area":"宝山路","location":"121.482096,31.254067","tel":"[]","bigType":"购物服务","midType":"文化用品店","smallType":"文化用品店","gcj_lng":121.482096,"gcj_lat":31.254067,"wgs84_loc":"121.477599,31.256022","wgs84Lng":121.477599,"wgs84Lat":31.256022,"__source_file__":"13-常用公服设施点/CSV/上海市_文化用品店.csv"},"geometry":{"type":"Point","coordinates":[121.477599,31.256022]}},{"id":"5","type":"Feature","properties":{"id":"B0FFH18BU8","name":"库频办公用品有限公司","address":"邢家桥南路北四川里","type":"购物服务;文化用品店;文化用品店|公司企业;公司;公司","typecode":"060800|170200","pcode":310000,"pname":"上海市","citycode":21,"cityname":"上海市","adcode":310109,"adname":"虹口区","business_area":"宝山路","location":"121.484240,31.256106","tel":"[]","bigType":"购物服务","midType":"文化用品店","smallType":"文化用品店|公司企业","gcj_lng":121.48424,"gcj_lat":31.256106,"wgs84_loc":"121.47975,31.258066","wgs84Lng":121.47975,"wgs84Lat":31.258066,"__source_file__":"13-常用公服设施点/CSV/上海市_文化用品店.csv"},"geometry":{"type":"Point","coordinates":[121.47975,31.258066]}},{"id":"1698","type":"Feature","properties":{"id":"B00152310B","name":"上海名仕文化礼品有限公司","address":"东宝兴路427号","type":"购物服务;文化用品店;文化用品店","typecode":"060800","pcode":310000,"pname":"上海市","citycode":21,"cityname":"上海市","adcode":310109,"adname":"虹口区","business_area":"宝山路","location":"121.479673,31.259148","tel":"[]","bigType":"购物服务","midType":"文化用品店","smallType":"文化用品店","gcj_lng":121.479673,"gcj_lat":31.259148,"wgs84_loc":"121.475167,31.261094","wgs84Lng":121.475167,"wgs84Lat":31.261094,"__source_file__":"13-常用公服设施点/CSV/上海市_文化用品店.csv"},"geometry":{"type":"Point","coordinates":[121.475167,31.261094]}},{"id":"1293","type":"Feature","properties":{"id":"B0FFLJTQ3Q","name":"金祥晨光文具店","address":"山阴路85弄16号后门吉祥路第三小学旁","type":"购物服务;文化用品店;文化用品店","typecode":"060800","pcode":310000,"pname":"上海市","citycode":21,"cityname":"上海市","adcode":310109,"adname":"虹口区","business_area":"宝山路","location":"121.486178,31.265373","tel":"[]","bigType":"购物服务","midType":"文化用品店","smallType":"文化用品店","gcj_lng":121.486178,"gcj_lat":31.265373,"wgs84_loc":"121.481694,31.267335","wgs84Lng":121.481694,"wgs84Lat":31.267335,"__source_file__":"13-常用公服设施点/CSV/上海市_文化用品店.csv"},"geometry":{"type":"Point","coordinates":[121.481694,31.267335]}},{"id":"1278","type":"Feature","properties":{"id":"B0FFF9ZIKN","name":"心怡文具礼品","address":"祥德路121号","type":"购物服务;文化用品店;文化用品店","typecode":"060800","pcode":310000,"pname":"上海市","citycode":21,"cityname":"上海市","adcode":310109,"adname":"虹口区","business_area":"曲阳","location":"121.486136,31.271200","tel":"021-65214247","bigType":"购物服务","midType":"文化用品店","smallType":"文化用品店","gcj_lng":121.486136,"gcj_lat":31.2712,"wgs84_loc":"121.481652,31.273159","wgs84Lng":121.481652,"wgs84Lat":31.273159,"__source_file__":"13-常用公服设施点/CSV/上海市_文化用品店.csv"},"geometry":{"type":"Point","coordinates":[121.481652,31.273159]}},{"id":"6","type":"Feature","properties":{"id":"B0FFHS1N2I","name":"晨光文具(广中支路店)","address":"东江湾路444号虹口足球场2层2号看台","type":"购物服务;文化用品店;文化用品店","typecode":"060800","pcode":310000,"pname":"上海市","citycode":21,"cityname":"上海市","adcode":310109,"adname":"虹口区","business_area":"江湾","location":"121.480209,31.271545","tel":"13901760659","bigType":"购物服务","midType":"文化用品店","smallType":"文化用品店","gcj_lng":121.480209,"gcj_lat":31.271545,"wgs84_loc":"121.475704,31.273487","wgs84Lng":121.475704,"wgs84Lat":31.273487,"__source_file__":"13-常用公服设施点/CSV/上海市_文化用品店.csv"},"geometry":{"type":"Point","coordinates":[121.475704,31.273487]}},{"id":"1296","type":"Feature","properties":{"id":"B00154DAKL","name":"弘雅文具(四平路店)","address":"四平路200号盛泰大厦108室","type":"购物服务;文化用品店;文化用品店","typecode":"060800","pcode":310000,"pname":"上海市","citycode":21,"cityname":"上海市","adcode":310109,"adname":"虹口区","business_area":"四平路","location":"121.491221,31.262773","tel":"021-65226162;021-65223342","bigType":"购物服务","midType":"文化用品店","smallType":"文化用品店","gcj_lng":121.491221,"gcj_lat":31.262773,"wgs84_loc":"121.486755,31.264751","wgs84Lng":121.486755,"wgs84Lat":31.264751,"__source_file__":"13-常用公服设施点/CSV/上海市_文化用品店.csv"},"geometry":{"type":"Point","coordinates":[121.486755,31.264751]}},{"id":"1749","type":"Feature","properties":{"id":"B0FFKRAU37","name":"莘腾注册公司","address":"四平路210号1305室","type":"购物服务;文化用品店;文化用品店","typecode":"060800","pcode":310000,"pname":"上海市","citycode":21,"cityname":"上海市","adcode":310109,"adname":"虹口区","business_area":"四平路","location":"121.490870,31.263670","tel":"13764027688","bigType":"购物服务","midType":"文化用品店","smallType":"文化用品店","gcj_lng":121.49087,"gcj_lat":31.26367,"wgs84_loc":"121.486403,31.265647","wgs84Lng":121.486403,"wgs84Lat":31.265647,"__source_file__":"13-常用公服设施点/CSV/上海市_文化用品店.csv"},"geometry":{"type":"Point","coordinates":[121.486403,31.265647]}},{"id":"1981","type":"Feature","properties":{"id":"B0KGFD0ZCF","name":"晨光文具(祥德路店)","address":"祥德路323号-2室","type":"购物服务;文化用品店;文化用品店","typecode":"060800","pcode":310000,"pname":"上海市","citycode":21,"cityname":"上海市","adcode":310109,"adname":"虹口区","business_area":"曲阳","location":"121.489349,31.270895","tel":"15800842833","bigType":"购物服务","midType":"文化用品店","smallType":"文化用品店","gcj_lng":121.489349,"gcj_lat":31.270895,"wgs84_loc":"121.484876,31.272864","wgs84Lng":121.484876,"wgs84Lat":31.272864,"__source_file__":"13-常用公服设施点/CSV/上海市_文化用品店.csv"},"geometry":{"type":"Point","coordinates":[121.484876,31.272864]}},{"id":"1744","type":"Feature","properties":{"id":"B0GURYNQMY","name":"上海迪睿实业有限公司","address":"恒丰北路100号林顿大厦1021室","type":"购物服务;文化用品店;文化用品店","typecode":"060800","pcode":310000,"pname":"上海市","citycode":21,"cityname":"上海市","adcode":310106,"adname":"静安区","business_area":"和田","location":"121.451414,31.255294","tel":"18616767487","bigType":"购物服务","midType":"文化用品店","smallType":"文化用品店","gcj_lng":121.451414,"gcj_lat":31.255294,"wgs84_loc":"121.446824,31.257171","wgs84Lng":121.446824,"wgs84Lat":31.257171,"__source_file__":"13-常用公服设施点/CSV/上海市_文化用品店.csv"},"geometry":{"type":"Point","coordinates":[121.446824,31.257171]}},{"id":"865","type":"Feature","properties":{"id":"B00155C02D","name":"一木文具","address":"芷江西路581号","type":"购物服务;文化用品店;文化用品店","typecode":"060800","pcode":310000,"pname":"上海市","citycode":21,"cityname":"上海市","adcode":310106,"adname":"静安区","business_area":"和田","location":"121.455061,31.256577","tel":"021-66583338","bigType":"购物服务","midType":"文化用品店","smallType":"文化用品店","gcj_lng":121.455061,"gcj_lat":31.256577,"wgs84_loc":"121.45048,31.258461","wgs84Lng":121.45048,"wgs84Lat":31.258461,"__source_file__":"13-常用公服设施点/CSV/上海市_文化用品店.csv"},"geometry":{"type":"Point","coordinates":[121.45048,31.258461]}},{"id":"1873","type":"Feature","properties":{"id":"B0I67AOA80","name":"墨舞精品店","address":"普善横路与大统路交叉口西140米","type":"购物服务;文化用品店;文化用品店","typecode":"060800","pcode":310000,"pname":"上海市","citycode":21,"cityname":"上海市","adcode":310106,"adname":"静安区","business_area":"和田","location":"121.457835,31.256604","tel":"[]","bigType":"购物服务","midType":"文化用品店","smallType":"文化用品店","gcj_lng":121.457835,"gcj_lat":31.256604,"wgs84_loc":"121.453262,31.258494","wgs84Lng":121.453262,"wgs84Lat":31.258494,"__source_file__":"13-常用公服设施点/CSV/上海市_文化用品店.csv"},"geometry":{"type":"Point","coordinates":[121.453262,31.258494]}},{"id":"1959","type":"Feature","properties":{"id":"B0FFKCFW95","name":"晨光文具(芷江西路店)","address":"芷江西路418号119室五月花生活广场","type":"购物服务;文化用品店;文化用品店","typecode":"060800","pcode":310000,"pname":"上海市","citycode":21,"cityname":"上海市","adcode":310106,"adname":"静安区","business_area":"不夜城","location":"121.458076,31.256650","tel":"15301791967","bigType":"购物服务","midType":"文化用品店","smallType":"文化用品店","gcj_lng":121.458076,"gcj_lat":31.25665,"wgs84_loc":"121.453503,31.258541","wgs84Lng":121.453503,"wgs84Lat":31.258541,"__source_file__":"13-常用公服设施点/CSV/上海市_文化用品店.csv"},"geometry":{"type":"Point","coordinates":[121.453503,31.258541]}},{"id":"1722","type":"Feature","properties":{"id":"B0FFLG5NDL","name":"晨光文具(共和新路店)","address":"共和新路824","type":"购物服务;文化用品店;文化用品店","typecode":"060800","pcode":310000,"pname":"上海市","citycode":21,"cityname":"上海市","adcode":310106,"adname":"静安区","business_area":"宝山路","location":"121.463260,31.257317","tel":"18217215274","bigType":"购物服务","midType":"文化用品店","smallType":"文化用品店","gcj_lng":121.46326,"gcj_lat":31.257317,"wgs84_loc":"121.458702,31.25922","wgs84Lng":121.458702,"wgs84Lat":31.25922,"__source_file__":"13-常用公服设施点/CSV/上海市_文化用品店.csv"},"geometry":{"type":"Point","coordinates":[121.458702,31.25922]}},{"id":"899","type":"Feature","properties":{"id":"B0FFLG61Z8","name":"办公用品","address":"共和新路842号","type":"购物服务;文化用品店;文化用品店","typecode":"060800","pcode":310000,"pname":"上海市","citycode":21,"cityname":"上海市","adcode":310106,"adname":"静安区","business_area":"和田","location":"121.463219,31.257533","tel":"13162688225","bigType":"购物服务","midType":"文化用品店","smallType":"文化用品店","gcj_lng":121.463219,"gcj_lat":31.257533,"wgs84_loc":"121.458661,31.259436","wgs84Lng":121.458661,"wgs84Lat":31.259436,"__source_file__":"13-常用公服设施点/CSV/上海市_文化用品店.csv"},"geometry":{"type":"Point","coordinates":[121.458661,31.259436]}},{"id":"879","type":"Feature","properties":{"id":"B0FFKI6N0X","name":"晨光文具(晨晓店)","address":"中山北路753号","type":"购物服务;文化用品店;文化用品店","typecode":"060800","pcode":310000,"pname":"上海市","citycode":21,"cityname":"上海市","adcode":310106,"adname":"静安区","business_area":"和田","location":"121.458225,31.260211","tel":"18017973618","bigType":"购物服务","midType":"文化用品店","smallType":"文化用品店","gcj_lng":121.458225,"gcj_lat":31.260211,"wgs84_loc":"121.453653,31.262101","wgs84Lng":121.453653,"wgs84Lat":31.262101,"__source_file__":"13-常用公服设施点/CSV/上海市_文化用品店.csv"},"geometry":{"type":"Point","coordinates":[121.453653,31.262101]}},{"id":"125","type":"Feature","properties":{"id":"B0FFLMN6T3","name":"晨光文具(魔胴咖啡授权店)","address":"骊山路224号(赵家花园东门北边)","type":"购物服务;文化用品店;文化用品店","typecode":"060800","pcode":310000,"pname":"上海市","citycode":21,"cityname":"上海市","adcode":310107,"adname":"普陀区","business_area":"大宁路","location":"121.443439,31.261062","tel":"13917507716;13621787832","bigType":"购物服务","midType":"文化用品店","smallType":"文化用品店","gcj_lng":121.443439,"gcj_lat":31.261062,"wgs84_loc":"121.43883,31.262921","wgs84Lng":121.43883,"wgs84Lat":31.262921,"__source_file__":"13-常用公服设施点/CSV/上海市_文化用品店.csv"},"geometry":{"type":"Point","coordinates":[121.43883,31.262921]}},{"id":"940","type":"Feature","properties":{"id":"B0FFGVX4XK","name":"晨光文具(H671园区店)","address":"彭浦镇沪太路671号h671商务楼402晨光文具","type":"购物服务;文化用品店;文化用品店","typecode":"060800","pcode":310000,"pname":"上海市","citycode":21,"cityname":"上海市","adcode":310106,"adname":"静安区","business_area":"和田","location":"121.447574,31.263013","tel":"[]","bigType":"购物服务","midType":"文化用品店","smallType":"文化用品店","gcj_lng":121.447574,"gcj_lat":31.263013,"wgs84_loc":"121.442974,31.264879","wgs84Lng":121.442974,"wgs84Lat":31.264879,"__source_file__":"13-常用公服设施点/CSV/上海市_文化用品店.csv"},"geometry":{"type":"Point","coordinates":[121.442974,31.264879]}},{"id":"920","type":"Feature","properties":{"id":"B0FFGCY0EQ","name":"晨光文具(陈家宅路店)","address":"陈家宅路25号","type":"购物服务;文化用品店;文化用品店","typecode":"060800","pcode":310000,"pname":"上海市","citycode":21,"cityname":"上海市","adcode":310106,"adname":"静安区","business_area":"和田","location":"121.466404,31.265062","tel":"15201767736;13918095679","bigType":"购物服务","midType":"文化用品店","smallType":"文化用品店","gcj_lng":121.466404,"gcj_lat":31.265062,"wgs84_loc":"121.461855,31.26697","wgs84Lng":121.461855,"wgs84Lat":31.26697,"__source_file__":"13-常用公服设施点/CSV/上海市_文化用品店.csv"},"geometry":{"type":"Point","coordinates":[121.461855,31.26697]}},{"id":"1877","type":"Feature","properties":{"id":"B0IASXQJMJ","name":"晨光文具(白水路店)","address":"白水路浦安公寓","type":"购物服务;文化用品店;文化用品店","typecode":"060800","pcode":310000,"pname":"上海市","citycode":21,"cityname":"上海市","adcode":310107,"adname":"普陀区","business_area":"大宁路","location":"121.437881,31.263696","tel":"[]","bigType":"购物服务","midType":"文化用品店","smallType":"文化用品店","gcj_lng":121.437881,"gcj_lat":31.263696,"wgs84_loc":"121.433261,31.265544","wgs84Lng":121.433261,"wgs84Lat":31.265544,"__source_file__":"13-常用公服设施点/CSV/上海市_文化用品店.csv"},"geometry":{"type":"Point","coordinates":[121.433261,31.265544]}},{"id":"1742","type":"Feature","properties":{"id":"B0FFG953B8","name":"练佳文具玩具店","address":"宜川路三五一弄24-4号","type":"购物服务;文化用品店;文化用品店","typecode":"060800","pcode":310000,"pname":"上海市","citycode":21,"cityname":"上海市","adcode":310107,"adname":"普陀区","business_area":"大宁路","location":"121.437551,31.263744","tel":"[]","bigType":"购物服务","midType":"文化用品店","smallType":"文化用品店","gcj_lng":121.437551,"gcj_lat":31.263744,"wgs84_loc":"121.43293,31.265592","wgs84Lng":121.43293,"wgs84Lat":31.265592,"__source_file__":"13-常用公服设施点/CSV/上海市_文化用品店.csv"},"geometry":{"type":"Point","coordinates":[121.43293,31.265592]}},{"id":"1787","type":"Feature","properties":{"id":"B0FFH7VZXP","name":"欣欣文具","address":"宜川路与甘泉路休闲街交叉口西40米","type":"购物服务;文化用品店;文化用品店","typecode":"060800","pcode":310000,"pname":"上海市","citycode":21,"cityname":"上海市","adcode":310107,"adname":"普陀区","business_area":"大宁路","location":"121.436398,31.264329","tel":"[]","bigType":"购物服务","midType":"文化用品店","smallType":"文化用品店","gcj_lng":121.436398,"gcj_lat":31.264329,"wgs84_loc":"121.431775,31.266175","wgs84Lng":121.431775,"wgs84Lat":31.266175,"__source_file__":"13-常用公服设施点/CSV/上海市_文化用品店.csv"},"geometry":{"type":"Point","coordinates":[121.431775,31.266175]}},{"id":"161","type":"Feature","properties":{"id":"B00155MVLL","name":"晨光文具(宜川路店)","address":"宜川路416号","type":"购物服务;文化用品店;文化用品店","typecode":"060800","pcode":310000,"pname":"上海市","citycode":21,"cityname":"上海市","adcode":310107,"adname":"普陀区","business_area":"大宁路","location":"121.436375,31.264332","tel":"[]","bigType":"购物服务","midType":"文化用品店","smallType":"文化用品店","gcj_lng":121.436375,"gcj_lat":31.264332,"wgs84_loc":"121.431752,31.266178","wgs84Lng":121.431752,"wgs84Lat":31.266178,"__source_file__":"13-常用公服设施点/CSV/上海市_文化用品店.csv"},"geometry":{"type":"Point","coordinates":[121.431752,31.266178]}},{"id":"135","type":"Feature","properties":{"id":"B0G2LMM2YM","name":"晨光文具(新村路店)","address":"新村路271号","type":"购物服务;文化用品店;文化用品店","typecode":"060800","pcode":310000,"pname":"上海市","citycode":21,"cityname":"上海市","adcode":310107,"adname":"普陀区","business_area":"大宁路","location":"121.434095,31.266457","tel":"15901819546","bigType":"购物服务","midType":"文化用品店","smallType":"文化用品店","gcj_lng":121.434095,"gcj_lat":31.266457,"wgs84_loc":"121.429468,31.268299","wgs84Lng":121.429468,"wgs84Lat":31.268299,"__source_file__":"13-常用公服设施点/CSV/上海市_文化用品店.csv"},"geometry":{"type":"Point","coordinates":[121.429468,31.268299]}},{"id":"1876","type":"Feature","properties":{"id":"B0H2N1KMFQ","name":"鑫鑫文具玩具店","address":"宜川路甘霖初级职业技术学校东侧约30米","type":"购物服务;文化用品店;文化用品店","typecode":"060800","pcode":310000,"pname":"上海市","citycode":21,"cityname":"上海市","adcode":310107,"adname":"普陀区","business_area":"大宁路","location":"121.435853,31.266975","tel":"[]","bigType":"购物服务","midType":"文化用品店","smallType":"文化用品店","gcj_lng":121.435853,"gcj_lat":31.266975,"wgs84_loc":"121.431229,31.268819","wgs84Lng":121.431229,"wgs84Lat":31.268819,"__source_file__":"13-常用公服设施点/CSV/上海市_文化用品店.csv"},"geometry":{"type":"Point","coordinates":[121.431229,31.268819]}},{"id":"1960","type":"Feature","properties":{"id":"B0J3GC32J1","name":"晨光文具(和田路店)","address":"和田路373号","type":"购物服务;文化用品店;文化用品店","typecode":"060800","pcode":310000,"pname":"上海市","citycode":21,"cityname":"上海市","adcode":310106,"adname":"静安区","business_area":"和田","location":"121.461205,31.266507","tel":"13564245585","bigType":"购物服务","midType":"文化用品店","smallType":"文化用品店","gcj_lng":121.461205,"gcj_lat":31.266507,"wgs84_loc":"121.45664,31.268401","wgs84Lng":121.45664,"wgs84Lat":31.268401,"__source_file__":"13-常用公服设施点/CSV/上海市_文化用品店.csv"},"geometry":{"type":"Point","coordinates":[121.45664,31.268401]}},{"id":"914","type":"Feature","properties":{"id":"B0FFHDB5L3","name":"晨光文具(浦欣二店)","address":"老沪太路216号(靠近普善路,大宁国际茶城附近)","type":"购物服务;文化用品店;文化用品店","typecode":"060800","pcode":310000,"pname":"上海市","citycode":21,"cityname":"上海市","adcode":310106,"adname":"静安区","business_area":"和田","location":"121.452410,31.267834","tel":"13636446381","bigType":"购物服务","midType":"文化用品店","smallType":"文化用品店","gcj_lng":121.45241,"gcj_lat":31.267834,"wgs84_loc":"121.447821,31.269708","wgs84Lng":121.447821,"wgs84Lat":31.269708,"__source_file__":"13-常用公服设施点/CSV/上海市_文化用品店.csv"},"geometry":{"type":"Point","coordinates":[121.447821,31.269708]}},{"id":"878","type":"Feature","properties":{"id":"B0FFKMC8EY","name":"晨光文具(延长中路店)","address":"延长中路559号","type":"购物服务;文化用品店;文化用品店","typecode":"060800","pcode":310000,"pname":"上海市","citycode":21,"cityname":"上海市","adcode":310106,"adname":"静安区","business_area":"大宁路","location":"121.450440,31.269577","tel":"13901747519","bigType":"购物服务","midType":"文化用品店","smallType":"文化用品店","gcj_lng":121.45044,"gcj_lat":31.269577,"wgs84_loc":"121.445846,31.271446","wgs84Lng":121.445846,"wgs84Lat":31.271446,"__source_file__":"13-常用公服设施点/CSV/上海市_文化用品店.csv"},"geometry":{"type":"Point","coordinates":[121.445846,31.271446]}},{"id":"866","type":"Feature","properties":{"id":"B0FFK1AQEA","name":"晨光文具(共和新路店)","address":"共和新路1687号","type":"购物服务;文化用品店;文化用品店","typecode":"060800","pcode":310000,"pname":"上海市","citycode":21,"cityname":"上海市","adcode":310106,"adname":"静安区","business_area":"和田","location":"121.456766,31.270341","tel":"13601868318;13524676400","bigType":"购物服务","midType":"文化用品店","smallType":"文化用品店","gcj_lng":121.456766,"gcj_lat":31.270341,"wgs84_loc":"121.452189,31.272223","wgs84Lng":121.452189,"wgs84Lat":31.272223,"__source_file__":"13-常用公服设施点/CSV/上海市_文化用品店.csv"},"geometry":{"type":"Point","coordinates":[121.452189,31.272223]}},{"id":"911","type":"Feature","properties":{"id":"B00156D9N1","name":"晨光文具(光华店)","address":"大宁路731号","type":"购物服务;文化用品店;文化用品店","typecode":"060800","pcode":310000,"pname":"上海市","citycode":21,"cityname":"上海市","adcode":310106,"adname":"静安区","business_area":"大宁路","location":"121.444471,31.270804","tel":"18201885373","bigType":"购物服务","midType":"文化用品店","smallType":"文化用品店","gcj_lng":121.444471,"gcj_lat":31.270804,"wgs84_loc":"121.439863,31.272661","wgs84Lng":121.439863,"wgs84Lat":31.272661,"__source_file__":"13-常用公服设施点/CSV/上海市_文化用品店.csv"},"geometry":{"type":"Point","coordinates":[121.439863,31.272661]}},{"id":"925","type":"Feature","properties":{"id":"B0FFI0N90N","name":"晨光文具(万荣路店)","address":"万荣路213号(近延长中路)","type":"购物服务;文化用品店;文化用品店","typecode":"060800","pcode":310000,"pname":"上海市","citycode":21,"cityname":"上海市","adcode":310106,"adname":"静安区","business_area":"大宁路","location":"121.447984,31.271229","tel":"13917779802","bigType":"购物服务","midType":"文化用品店","smallType":"文化用品店","gcj_lng":121.447984,"gcj_lat":31.271229,"wgs84_loc":"121.443384,31.273092","wgs84Lng":121.443384,"wgs84Lat":31.273092,"__source_file__":"13-常用公服设施点/CSV/上海市_文化用品店.csv"},"geometry":{"type":"Point","coordinates":[121.443384,31.273092]}},{"id":"908","type":"Feature","properties":{"id":"B0FFHN3D0N","name":"晨光文具(延长路店)","address":"延长路168号(广延路延长路路口)","type":"购物服务;文化用品店;文化用品店","typecode":"060800","pcode":310000,"pname":"上海市","citycode":21,"cityname":"上海市","adcode":310106,"adname":"静安区","business_area":"和田","location":"121.457622,31.272052","tel":"13818038704;021-56336352","bigType":"购物服务","midType":"文化用品店","smallType":"文化用品店","gcj_lng":121.457622,"gcj_lat":31.272052,"wgs84_loc":"121.453047,31.273935","wgs84Lng":121.453047,"wgs84Lat":31.273935,"__source_file__":"13-常用公服设施点/CSV/上海市_文化用品店.csv"},"geometry":{"type":"Point","coordinates":[121.453047,31.273935]}},{"id":"1766","type":"Feature","properties":{"id":"B00156SCOG","name":"晨光文具(广延路)","address":"上海大学附近","type":"购物服务;文化用品店;文化用品店","typecode":"060800","pcode":310000,"pname":"上海市","citycode":21,"cityname":"上海市","adcode":310106,"adname":"静安区","business_area":"大宁路","location":"121.456561,31.274613","tel":"[]","bigType":"购物服务","midType":"文化用品店","smallType":"文化用品店","gcj_lng":121.456561,"gcj_lat":31.274613,"wgs84_loc":"121.451983,31.276493","wgs84Lng":121.451983,"wgs84Lat":31.276493,"__source_file__":"13-常用公服设施点/CSV/上海市_文化用品店.csv"},"geometry":{"type":"Point","coordinates":[121.451983,31.276493]}}],"name":"上海市_文化用品店","crs":{"type":"name","properties":{"name":"urn:ogc:def:crs:OGC:1.3:CRS84"}}}