{"type":"FeatureCollection","features":[{"id":"109","type":"Feature","properties":{"id":"B0HA5PMSWL","name":"洗爱洗衣上门取送(黄埔淮海店)","address":"淮海中路街道滨湖路222号","type":"生活服务;洗衣店;洗衣店","typecode":"071500","pcode":310000,"pname":"上海市","citycode":21,"cityname":"上海市","adcode":310101,"adname":"黄浦区","business_area":"淮海路","location":"121.477906,31.220278","tel":"4001808755","bigType":"生活服务","midType":"洗衣店","smallType":"洗衣店","gcj_lng":121.477906,"gcj_lat":31.220278,"wgs84_loc":"121.473398,31.222237","wgs84Lng":121.473398,"wgs84Lat":31.222237,"__source_file__":"13-常用公服设施点/CSV/上海市_洗衣店.csv"},"geometry":{"type":"Point","coordinates":[121.473398,31.222237]}},{"id":"2792","type":"Feature","properties":{"id":"B0HKUDXPYX","name":"初·色(无限极荟购物中心店)","address":"湖滨路168号无限极荟购物中心F1","type":"生活服务;洗衣店;洗衣店","typecode":"071500","pcode":310000,"pname":"上海市","citycode":21,"cityname":"上海市","adcode":310101,"adname":"黄浦区","business_area":"淮海路","location":"121.477770,31.220433","tel":"[]","bigType":"生活服务","midType":"洗衣店","smallType":"洗衣店","gcj_lng":121.47777,"gcj_lat":31.220433,"wgs84_loc":"121.473261,31.222391","wgs84Lng":121.473261,"wgs84Lat":31.222391,"__source_file__":"13-常用公服设施点/CSV/上海市_洗衣店.csv"},"geometry":{"type":"Point","coordinates":[121.473261,31.222391]}},{"id":"52","type":"Feature","properties":{"id":"B0HBGADCBQ","name":"WASHME大洗屋(新天地湖滨道店)","address":"湖滨路150号企业天地5号楼湖滨道购物中心B1","type":"生活服务;洗衣店;洗衣店","typecode":"071500","pcode":310000,"pname":"上海市","citycode":21,"cityname":"上海市","adcode":310101,"adname":"黄浦区","business_area":"淮海路","location":"121.478864,31.220729","tel":"021-63057982","bigType":"生活服务","midType":"洗衣店","smallType":"洗衣店","gcj_lng":121.478864,"gcj_lat":31.220729,"wgs84_loc":"121.474359,31.22269","wgs84Lng":121.474359,"wgs84Lat":31.22269,"__source_file__":"13-常用公服设施点/CSV/上海市_洗衣店.csv"},"geometry":{"type":"Point","coordinates":[121.474359,31.22269]}},{"id":"2569","type":"Feature","properties":{"id":"B0FFKTS95R","name":"洗鹊·奢侈品护理(大上海时代店)","address":"淮海中路93号大上海时代广场26楼2635单元近连卡佛","type":"生活服务;洗衣店;洗衣店","typecode":"071500","pcode":310000,"pname":"上海市","citycode":21,"cityname":"上海市","adcode":310101,"adname":"黄浦区","business_area":"淮海路","location":"121.478660,31.224449","tel":"[]","bigType":"生活服务","midType":"洗衣店","smallType":"洗衣店","gcj_lng":121.47866,"gcj_lat":31.224449,"wgs84_loc":"121.474154,31.226408","wgs84Lng":121.474154,"wgs84Lat":31.226408,"__source_file__":"13-常用公服设施点/CSV/上海市_洗衣店.csv"},"geometry":{"type":"Point","coordinates":[121.474154,31.226408]}},{"id":"2557","type":"Feature","properties":{"id":"B0HB3B7AR5","name":"万丽洗衣店","address":"吴家弄上海豫园万丽酒店东南侧","type":"生活服务;洗衣店;洗衣店","typecode":"071500","pcode":310000,"pname":"上海市","citycode":21,"cityname":"上海市","adcode":310101,"adname":"黄浦区","business_area":"城隍庙","location":"121.488542,31.227120","tel":"[]","bigType":"生活服务","midType":"洗衣店","smallType":"洗衣店","gcj_lng":121.488542,"gcj_lat":31.22712,"wgs84_loc":"121.48407,31.229106","wgs84Lng":121.48407,"wgs84Lat":31.229106,"__source_file__":"13-常用公服设施点/CSV/上海市_洗衣店.csv"},"geometry":{"type":"Point","coordinates":[121.48407,31.229106]}},{"id":"84","type":"Feature","properties":{"id":"B0FFK6NHBM","name":"金全干洗店","address":"浙江南路50号","type":"生活服务;洗衣店;洗衣店","typecode":"071500","pcode":310000,"pname":"上海市","citycode":21,"cityname":"上海市","adcode":310101,"adname":"黄浦区","business_area":"北京东路","location":"121.481914,31.229553","tel":"[]","bigType":"生活服务","midType":"洗衣店","smallType":"洗衣店","gcj_lng":121.481914,"gcj_lat":31.229553,"wgs84_loc":"121.477419,31.231519","wgs84Lng":121.477419,"wgs84Lat":31.231519,"__source_file__":"13-常用公服设施点/CSV/上海市_洗衣店.csv"},"geometry":{"type":"Point","coordinates":[121.477419,31.231519]}},{"id":"2482","type":"Feature","properties":{"id":"B0FFHR8CVB","name":"洗衣店","address":"宁海东路黄浦区政府东南侧约130米","type":"生活服务;洗衣店;洗衣店","typecode":"071500","pcode":310000,"pname":"上海市","citycode":21,"cityname":"上海市","adcode":310101,"adname":"黄浦区","business_area":"城隍庙","location":"121.485039,31.230360","tel":"[]","bigType":"生活服务","midType":"洗衣店","smallType":"洗衣店","gcj_lng":121.485039,"gcj_lat":31.23036,"wgs84_loc":"121.480554,31.232334","wgs84Lng":121.480554,"wgs84Lat":31.232334,"__source_file__":"13-常用公服设施点/CSV/上海市_洗衣店.csv"},"geometry":{"type":"Point","coordinates":[121.480554,31.232334]}},{"id":"53","type":"Feature","properties":{"id":"B0GRAC5DM8","name":"福奈特(浙江中路店)","address":"浙江中路172号","type":"生活服务;洗衣店;洗衣店","typecode":"071500","pcode":310000,"pname":"上海市","citycode":21,"cityname":"上海市","adcode":310101,"adname":"黄浦区","business_area":"北京东路","location":"121.479455,31.233283","tel":"021-53028595","bigType":"生活服务","midType":"洗衣店","smallType":"洗衣店","gcj_lng":121.479455,"gcj_lat":31.233283,"wgs84_loc":"121.474951,31.23524","wgs84Lng":121.474951,"wgs84Lat":31.23524,"__source_file__":"13-常用公服设施点/CSV/上海市_洗衣店.csv"},"geometry":{"type":"Point","coordinates":[121.474951,31.23524]}},{"id":"67","type":"Feature","properties":{"id":"B001574MHS","name":"洗衣世界","address":"南昌路71号","type":"生活服务;洗衣店;洗衣店","typecode":"071500","pcode":310000,"pname":"上海市","citycode":21,"cityname":"上海市","adcode":310101,"adname":"黄浦区","business_area":"淮海路","location":"121.465594,31.217840","tel":"021-53825737","bigType":"生活服务","midType":"洗衣店","smallType":"洗衣店","gcj_lng":121.465594,"gcj_lat":31.21784,"wgs84_loc":"121.461047,31.219767","wgs84Lng":121.461047,"wgs84Lat":31.219767,"__source_file__":"13-常用公服设施点/CSV/上海市_洗衣店.csv"},"geometry":{"type":"Point","coordinates":[121.461047,31.219767]}},{"id":"92","type":"Feature","properties":{"id":"B0FFFZSCDZ","name":"正章干洗(淮海中路店)","address":"淮海中路600号","type":"生活服务;洗衣店;洗衣店","typecode":"071500","pcode":310000,"pname":"上海市","citycode":21,"cityname":"上海市","adcode":310101,"adname":"黄浦区","business_area":"淮海路","location":"121.467340,31.220431","tel":"021-53063315;021-63011611","bigType":"生活服务","midType":"洗衣店","smallType":"洗衣店","gcj_lng":121.46734,"gcj_lat":31.220431,"wgs84_loc":"121.462798,31.222361","wgs84Lng":121.462798,"wgs84Lat":31.222361,"__source_file__":"13-常用公服设施点/CSV/上海市_洗衣店.csv"},"geometry":{"type":"Point","coordinates":[121.462798,31.222361]}},{"id":"100","type":"Feature","properties":{"id":"B0HAH5GOKC","name":"桃子洗衣(长乐路店)","address":"长乐路230号","type":"生活服务;洗衣店;洗衣店","typecode":"071500","pcode":310000,"pname":"上海市","citycode":21,"cityname":"上海市","adcode":310101,"adname":"黄浦区","business_area":"淮海路","location":"121.465754,31.221648","tel":"17510496188","bigType":"生活服务","midType":"洗衣店","smallType":"洗衣店","gcj_lng":121.465754,"gcj_lat":31.221648,"wgs84_loc":"121.461207,31.223573","wgs84Lng":121.461207,"wgs84Lat":31.223573,"__source_file__":"13-常用公服设施点/CSV/上海市_洗衣店.csv"},"geometry":{"type":"Point","coordinates":[121.461207,31.223573]}},{"id":"2899","type":"Feature","properties":{"id":"B0KR1CR1HC","name":"福奈特洗衣(中凯城市之光店)","address":"大沽路502(南京西路地铁站8号口步行320米)","type":"生活服务;洗衣店;洗衣店","typecode":"071500","pcode":310000,"pname":"上海市","citycode":21,"cityname":"上海市","adcode":310106,"adname":"静安区","business_area":"淮海路","location":"121.463731,31.225362","tel":"021-52665088;13381873721","bigType":"生活服务","midType":"洗衣店","smallType":"洗衣店","gcj_lng":121.463731,"gcj_lat":31.225362,"wgs84_loc":"121.459177,31.227281","wgs84Lng":121.459177,"wgs84Lat":31.227281,"__source_file__":"13-常用公服设施点/CSV/上海市_洗衣店.csv"},"geometry":{"type":"Point","coordinates":[121.459177,31.227281]}},{"id":"243","type":"Feature","properties":{"id":"B0FFGM1Y85","name":"象王洗衣(大沽店)","address":"大沽路378-2号","type":"生活服务;洗衣店;洗衣店","typecode":"071500","pcode":310000,"pname":"上海市","citycode":21,"cityname":"上海市","adcode":310106,"adname":"静安区","business_area":"淮海路","location":"121.466496,31.225725","tel":"021-63153608","bigType":"生活服务","midType":"洗衣店","smallType":"洗衣店","gcj_lng":121.466496,"gcj_lat":31.225725,"wgs84_loc":"121.461951,31.22765","wgs84Lng":121.461951,"wgs84Lat":31.22765,"__source_file__":"13-常用公服设施点/CSV/上海市_洗衣店.csv"},"geometry":{"type":"Point","coordinates":[121.461951,31.22765]}},{"id":"64","type":"Feature","properties":{"id":"B001523115","name":"缨音洗衣","address":"重庆北路173号","type":"生活服务;洗衣店;洗衣店","typecode":"071500","pcode":310000,"pname":"上海市","citycode":21,"cityname":"上海市","adcode":310101,"adname":"黄浦区","business_area":"北京东路","location":"121.469870,31.226459","tel":"18806766717","bigType":"生活服务","midType":"洗衣店","smallType":"洗衣店","gcj_lng":121.46987,"gcj_lat":31.226459,"wgs84_loc":"121.465335,31.228393","wgs84Lng":121.465335,"wgs84Lat":31.228393,"__source_file__":"13-常用公服设施点/CSV/上海市_洗衣店.csv"},"geometry":{"type":"Point","coordinates":[121.465335,31.228393]}},{"id":"132","type":"Feature","properties":{"id":"B0HKYR14BK","name":"福奈特洗衣（兴业太古汇店）","address":"上海轨道交通地铁13号线南京西路站地下一层M28号商铺","type":"生活服务;洗衣店;洗衣店","typecode":"071500","pcode":310000,"pname":"上海市","citycode":21,"cityname":"上海市","adcode":310106,"adname":"静安区","business_area":"淮海路","location":"121.462691,31.228184","tel":"021-52665088;13381873721","bigType":"生活服务","midType":"洗衣店","smallType":"洗衣店","gcj_lng":121.462691,"gcj_lat":31.228184,"wgs84_loc":"121.458134,31.230099","wgs84Lng":121.458134,"wgs84Lat":31.230099,"__source_file__":"13-常用公服设施点/CSV/上海市_洗衣店.csv"},"geometry":{"type":"Point","coordinates":[121.458134,31.230099]}},{"id":"211","type":"Feature","properties":{"id":"B00156NWDD","name":"象王洗得好(北京西路店)","address":"北京西路477号","type":"生活服务;洗衣店;洗衣店","typecode":"071500","pcode":310000,"pname":"上海市","citycode":21,"cityname":"上海市","adcode":310106,"adname":"静安区","business_area":"淮海路","location":"121.465587,31.234217","tel":"021-60347800;021-68347800","bigType":"生活服务","midType":"洗衣店","smallType":"洗衣店","gcj_lng":121.465587,"gcj_lat":31.234217,"wgs84_loc":"121.461038,31.236136","wgs84Lng":121.461038,"wgs84Lat":31.236136,"__source_file__":"13-常用公服设施点/CSV/上海市_洗衣店.csv"},"geometry":{"type":"Point","coordinates":[121.461038,31.236136]}},{"id":"63","type":"Feature","properties":{"id":"B00155CA2E","name":"正桦干洗店","address":"新昌路310弄3-5号","type":"生活服务;洗衣店;洗衣店","typecode":"071500","pcode":310000,"pname":"上海市","citycode":21,"cityname":"上海市","adcode":310101,"adname":"黄浦区","business_area":"北京东路","location":"121.468153,31.236196","tel":"021-63583917","bigType":"生活服务","midType":"洗衣店","smallType":"洗衣店","gcj_lng":121.468153,"gcj_lat":31.236196,"wgs84_loc":"121.463612,31.238121","wgs84Lng":121.463612,"wgs84Lat":31.238121,"__source_file__":"13-常用公服设施点/CSV/上海市_洗衣店.csv"},"geometry":{"type":"Point","coordinates":[121.463612,31.238121]}},{"id":"2518","type":"Feature","properties":{"id":"B00154HM9C","name":"爱勤洗衣店","address":"温州路92号","type":"生活服务;洗衣店;洗衣店","typecode":"071500","pcode":310000,"pname":"上海市","citycode":21,"cityname":"上海市","adcode":310101,"adname":"黄浦区","business_area":"北京东路","location":"121.469916,31.237716","tel":"[]","bigType":"生活服务","midType":"洗衣店","smallType":"洗衣店","gcj_lng":121.469916,"gcj_lat":31.237716,"wgs84_loc":"121.46538,31.239645","wgs84Lng":121.46538,"wgs84Lat":31.239645,"__source_file__":"13-常用公服设施点/CSV/上海市_洗衣店.csv"},"geometry":{"type":"Point","coordinates":[121.46538,31.239645]}},{"id":"2302","type":"Feature","properties":{"id":"B0IGBCO3TL","name":"大洗屋-魔都潮流洗衣店","address":"[]","type":"生活服务;洗衣店;洗衣店","typecode":"071500","pcode":310000,"pname":"上海市","citycode":21,"cityname":"上海市","adcode":310115,"adname":"浦东新区","business_area":"陆家嘴","location":"121.499117,31.236732","tel":"[]","bigType":"生活服务","midType":"洗衣店","smallType":"洗衣店","gcj_lng":121.499117,"gcj_lat":31.236732,"wgs84_loc":"121.494682,31.238745","wgs84Lng":121.494682,"wgs84Lat":31.238745,"__source_file__":"13-常用公服设施点/CSV/上海市_洗衣店.csv"},"geometry":{"type":"Point","coordinates":[121.494682,31.238745]}},{"id":"36","type":"Feature","properties":{"id":"B0HA2PNJ47","name":"WASHME大洗屋(正大广场店)","address":"陆家嘴西路168号正大广场B1层B1F10号商铺","type":"生活服务;洗衣店;洗衣店","typecode":"071500","pcode":310000,"pname":"上海市","citycode":21,"cityname":"上海市","adcode":310115,"adname":"浦东新区","business_area":"陆家嘴","location":"121.499117,31.236732","tel":"021-58957720","bigType":"生活服务","midType":"洗衣店","smallType":"洗衣店","gcj_lng":121.499117,"gcj_lat":31.236732,"wgs84_loc":"121.494682,31.238745","wgs84Lng":121.494682,"wgs84Lat":31.238745,"__source_file__":"13-常用公服设施点/CSV/上海市_洗衣店.csv"},"geometry":{"type":"Point","coordinates":[121.494682,31.238745]}},{"id":"2193","type":"Feature","properties":{"id":"B0FFGJOAXQ","name":"福奈特(正大广场店)","address":"陆家嘴西路168号正大广场西区B1层","type":"生活服务;洗衣店;洗衣店","typecode":"071500","pcode":310000,"pname":"上海市","citycode":21,"cityname":"上海市","adcode":310115,"adname":"浦东新区","business_area":"陆家嘴","location":"121.499342,31.237081","tel":"021-50932832","bigType":"生活服务","midType":"洗衣店","smallType":"洗衣店","gcj_lng":121.499342,"gcj_lat":31.237081,"wgs84_loc":"121.494908,31.239095","wgs84Lng":121.494908,"wgs84Lat":31.239095,"__source_file__":"13-常用公服设施点/CSV/上海市_洗衣店.csv"},"geometry":{"type":"Point","coordinates":[121.494908,31.239095]}},{"id":"2729","type":"Feature","properties":{"id":"B0HAAB1HRQ","name":"邦泥洗衣(人民广场店)","address":"浙江中路与汉口路交叉口南60米","type":"生活服务;洗衣店;洗衣店","typecode":"071500","pcode":310000,"pname":"上海市","citycode":21,"cityname":"上海市","adcode":310101,"adname":"黄浦区","business_area":"北京东路","location":"121.478840,31.233330","tel":"[]","bigType":"生活服务","midType":"洗衣店","smallType":"洗衣店","gcj_lng":121.47884,"gcj_lat":31.23333,"wgs84_loc":"121.474334,31.235285","wgs84Lng":121.474334,"wgs84Lat":31.235285,"__source_file__":"13-常用公服设施点/CSV/上海市_洗衣店.csv"},"geometry":{"type":"Point","coordinates":[121.474334,31.235285]}},{"id":"112","type":"Feature","properties":{"id":"B00155IH0E","name":"卡柏洗衣(浙江中路店)","address":"浙江中路215弄1-7号","type":"生活服务;洗衣店;洗衣店","typecode":"071500","pcode":310000,"pname":"上海市","citycode":21,"cityname":"上海市","adcode":310101,"adname":"黄浦区","business_area":"北京东路","location":"121.479116,31.233426","tel":"021-63603760","bigType":"生活服务","midType":"洗衣店","smallType":"洗衣店","gcj_lng":121.479116,"gcj_lat":31.233426,"wgs84_loc":"121.474611,31.235382","wgs84Lng":121.474611,"wgs84Lat":31.235382,"__source_file__":"13-常用公服设施点/CSV/上海市_洗衣店.csv"},"geometry":{"type":"Point","coordinates":[121.474611,31.235382]}},{"id":"94","type":"Feature","properties":{"id":"B00155GNBW","name":"象王洗得好(0831汉口路店)","address":"汉口路577号(浙江中路汉口路对面星巴克咖啡)","type":"生活服务;洗衣店;洗衣店","typecode":"071500","pcode":310000,"pname":"上海市","citycode":21,"cityname":"上海市","adcode":310101,"adname":"黄浦区","business_area":"北京东路","location":"121.479445,31.233936","tel":"021-53863335","bigType":"生活服务","midType":"洗衣店","smallType":"洗衣店","gcj_lng":121.479445,"gcj_lat":31.233936,"wgs84_loc":"121.474941,31.235893","wgs84Lng":121.474941,"wgs84Lat":31.235893,"__source_file__":"13-常用公服设施点/CSV/上海市_洗衣店.csv"},"geometry":{"type":"Point","coordinates":[121.474941,31.235893]}},{"id":"2901","type":"Feature","properties":{"id":"B0I1CY5WUQ","name":"净悦自助洗衣(南京东路步行街店)","address":"天津路与浙江中路交叉口锦江之星酒店内","type":"生活服务;洗衣店;洗衣店","typecode":"071500","pcode":310000,"pname":"上海市","citycode":21,"cityname":"上海市","adcode":310101,"adname":"黄浦区","business_area":"北京路","location":"121.477393,31.236070","tel":"4000515141","bigType":"生活服务","midType":"洗衣店","smallType":"洗衣店","gcj_lng":121.477393,"gcj_lat":31.23607,"wgs84_loc":"121.472882,31.23802","wgs84Lng":121.472882,"wgs84Lat":31.23802,"__source_file__":"13-常用公服设施点/CSV/上海市_洗衣店.csv"},"geometry":{"type":"Point","coordinates":[121.472882,31.23802]}},{"id":"2753","type":"Feature","properties":{"id":"B0FFFWGQD5","name":"逸富干洗店","address":"五福弄34号","type":"生活服务;洗衣店;洗衣店","typecode":"071500","pcode":310000,"pname":"上海市","citycode":21,"cityname":"上海市","adcode":310101,"adname":"黄浦区","business_area":"北京东路","location":"121.481251,31.236889","tel":"021-63504290","bigType":"生活服务","midType":"洗衣店","smallType":"洗衣店","gcj_lng":121.481251,"gcj_lat":31.236889,"wgs84_loc":"121.476753,31.238849","wgs84Lng":121.476753,"wgs84Lat":31.238849,"__source_file__":"13-常用公服设施点/CSV/上海市_洗衣店.csv"},"geometry":{"type":"Point","coordinates":[121.476753,31.238849]}},{"id":"1","type":"Feature","properties":{"id":"B0H0KXRCIS","name":"衣卫士干洗洗衣洗鞋(黄浦区三店)","address":"宁波路与五福弄交叉口西约40米","type":"生活服务;洗衣店;洗衣店","typecode":"071500","pcode":310000,"pname":"上海市","citycode":21,"cityname":"上海市","adcode":310101,"adname":"黄浦区","business_area":"北京东路","location":"121.480423,31.238430","tel":"[]","bigType":"生活服务","midType":"洗衣店","smallType":"洗衣店","gcj_lng":121.480423,"gcj_lat":31.23843,"wgs84_loc":"121.475922,31.240387","wgs84Lng":121.475922,"wgs84Lat":31.240387,"__source_file__":"13-常用公服设施点/CSV/上海市_洗衣店.csv"},"geometry":{"type":"Point","coordinates":[121.475922,31.240387]}},{"id":"80","type":"Feature","properties":{"id":"B0015577FG","name":"佳乐干洗店(山西南路)","address":"山西南路304号","type":"生活服务;洗衣店;洗衣店","typecode":"071500","pcode":310000,"pname":"上海市","citycode":21,"cityname":"上海市","adcode":310101,"adname":"黄浦区","business_area":"北京东路","location":"121.481552,31.238944","tel":"[]","bigType":"生活服务","midType":"洗衣店","smallType":"洗衣店","gcj_lng":121.481552,"gcj_lat":31.238944,"wgs84_loc":"121.477055,31.240904","wgs84Lng":121.477055,"wgs84Lat":31.240904,"__source_file__":"13-常用公服设施点/CSV/上海市_洗衣店.csv"},"geometry":{"type":"Point","coordinates":[121.477055,31.240904]}},{"id":"73","type":"Feature","properties":{"id":"B0HDMYUHS2","name":"迪赛尔国际洗衣干洗(顺丰上门取送包邮南京东路店)","address":"宁波路193号","type":"生活服务;洗衣店;洗衣店","typecode":"071500","pcode":310000,"pname":"上海市","citycode":21,"cityname":"上海市","adcode":310101,"adname":"黄浦区","business_area":"北京东路","location":"121.483596,31.239036","tel":"13205815379","bigType":"生活服务","midType":"洗衣店","smallType":"洗衣店","gcj_lng":121.483596,"gcj_lat":31.239036,"wgs84_loc":"121.479106,31.241002","wgs84Lng":121.479106,"wgs84Lat":31.241002,"__source_file__":"13-常用公服设施点/CSV/上海市_洗衣店.csv"},"geometry":{"type":"Point","coordinates":[121.479106,31.241002]}},{"id":"98","type":"Feature","properties":{"id":"B0FFMAMJUC","name":"布瑞琳洗衣(上海)","address":"河南中路660号","type":"生活服务;洗衣店;洗衣店","typecode":"071500","pcode":310000,"pname":"上海市","citycode":21,"cityname":"上海市","adcode":310101,"adname":"黄浦区","business_area":"北京东路","location":"121.483525,31.241485","tel":"4008887090","bigType":"生活服务","midType":"洗衣店","smallType":"洗衣店","gcj_lng":121.483525,"gcj_lat":31.241485,"wgs84_loc":"121.479034,31.24345","wgs84Lng":121.479034,"wgs84Lat":31.24345,"__source_file__":"13-常用公服设施点/CSV/上海市_洗衣店.csv"},"geometry":{"type":"Point","coordinates":[121.479034,31.24345]}},{"id":"2410","type":"Feature","properties":{"id":"B0FFKZMX7F","name":"景·涛缝纫店(白马高级服装市场店)","address":"七浦路488号白马高级服装市场F1","type":"生活服务;洗衣店;洗衣店","typecode":"071500","pcode":310000,"pname":"上海市","citycode":21,"cityname":"上海市","adcode":310106,"adname":"静安区","business_area":"七浦路","location":"121.477011,31.245323","tel":"[]","bigType":"生活服务","midType":"洗衣店","smallType":"洗衣店","gcj_lng":121.477011,"gcj_lat":31.245323,"wgs84_loc":"121.472498,31.247268","wgs84Lng":121.472498,"wgs84Lat":31.247268,"__source_file__":"13-常用公服设施点/CSV/上海市_洗衣店.csv"},"geometry":{"type":"Point","coordinates":[121.472498,31.247268]}},{"id":"105","type":"Feature","properties":{"id":"B0FFFA087Z","name":"洁挺洗衣店(贵州路店)","address":"贵州路318号","type":"生活服务;洗衣店;洗衣店","typecode":"071500","pcode":310000,"pname":"上海市","citycode":21,"cityname":"上海市","adcode":310101,"adname":"黄浦区","business_area":"北京东路","location":"121.475116,31.239203","tel":"021-63606073;021-57641420;13818514098","bigType":"生活服务","midType":"洗衣店","smallType":"洗衣店","gcj_lng":121.475116,"gcj_lat":31.239203,"wgs84_loc":"121.470597,31.241145","wgs84Lng":121.470597,"wgs84Lat":31.241145,"__source_file__":"13-常用公服设施点/CSV/上海市_洗衣店.csv"},"geometry":{"type":"Point","coordinates":[121.470597,31.241145]}},{"id":"178","type":"Feature","properties":{"id":"B0HR36BSQM","name":"茉莉洗衣(静安大悦城店)","address":"西藏北路166号大悦城南区1楼","type":"生活服务;洗衣店;洗衣店","typecode":"071500","pcode":310000,"pname":"上海市","citycode":21,"cityname":"上海市","adcode":310106,"adname":"静安区","business_area":"七浦路","location":"121.471933,31.242764","tel":"4000505901","bigType":"生活服务","midType":"洗衣店","smallType":"洗衣店","gcj_lng":121.471933,"gcj_lat":31.242764,"wgs84_loc":"121.467403,31.244696","wgs84Lng":121.467403,"wgs84Lat":31.244696,"__source_file__":"13-常用公服设施点/CSV/上海市_洗衣店.csv"},"geometry":{"type":"Point","coordinates":[121.467403,31.244696]}},{"id":"159","type":"Feature","properties":{"id":"B0015596EK","name":"春光服装干洗店","address":"大统路113号","type":"生活服务;洗衣店;洗衣店","typecode":"071500","pcode":310000,"pname":"上海市","citycode":21,"cityname":"上海市","adcode":310106,"adname":"静安区","business_area":"七浦路","location":"121.465168,31.242937","tel":"13262846061","bigType":"生活服务","midType":"洗衣店","smallType":"洗衣店","gcj_lng":121.465168,"gcj_lat":31.242937,"wgs84_loc":"121.460617,31.244851","wgs84Lng":121.460617,"wgs84Lat":31.244851,"__source_file__":"13-常用公服设施点/CSV/上海市_洗衣店.csv"},"geometry":{"type":"Point","coordinates":[121.460617,31.244851]}},{"id":"187","type":"Feature","properties":{"id":"B00155FY8N","name":"星航干洗(南星路店)","address":"南星路75","type":"生活服务;洗衣店;洗衣店","typecode":"071500","pcode":310000,"pname":"上海市","citycode":21,"cityname":"上海市","adcode":310106,"adname":"静安区","business_area":"七浦路","location":"121.465000,31.243201","tel":"[]","bigType":"生活服务","midType":"洗衣店","smallType":"洗衣店","gcj_lng":121.465,"gcj_lat":31.243201,"wgs84_loc":"121.460449,31.245115","wgs84Lng":121.460449,"wgs84Lat":31.245115,"__source_file__":"13-常用公服设施点/CSV/上海市_洗衣店.csv"},"geometry":{"type":"Point","coordinates":[121.460449,31.245115]}},{"id":"223","type":"Feature","properties":{"id":"B00155K8FA","name":"象王洗得好(晋元店)","address":"晋元路238号","type":"生活服务;洗衣店;洗衣店","typecode":"071500","pcode":310000,"pname":"上海市","citycode":21,"cityname":"上海市","adcode":310106,"adname":"静安区","business_area":"七浦路","location":"121.469594,31.244006","tel":"021-63809211;13381603781","bigType":"生活服务","midType":"洗衣店","smallType":"洗衣店","gcj_lng":121.469594,"gcj_lat":31.244006,"wgs84_loc":"121.465057,31.245931","wgs84Lng":121.465057,"wgs84Lat":31.245931,"__source_file__":"13-常用公服设施点/CSV/上海市_洗衣店.csv"},"geometry":{"type":"Point","coordinates":[121.465057,31.245931]}},{"id":"2703","type":"Feature","properties":{"id":"B0FFL8DE04","name":"奥斯汀奢侈品精洗养护(海宁店)","address":"海宁路与晋元路交叉口西南60米","type":"生活服务;洗衣店;洗衣店","typecode":"071500","pcode":310000,"pname":"上海市","citycode":21,"cityname":"上海市","adcode":310106,"adname":"静安区","business_area":"七浦路","location":"121.469044,31.244125","tel":"[]","bigType":"生活服务","midType":"洗衣店","smallType":"洗衣店","gcj_lng":121.469044,"gcj_lat":31.244125,"wgs84_loc":"121.464505,31.246049","wgs84Lng":121.464505,"wgs84Lat":31.246049,"__source_file__":"13-常用公服设施点/CSV/上海市_洗衣店.csv"},"geometry":{"type":"Point","coordinates":[121.464505,31.246049]}},{"id":"2575","type":"Feature","properties":{"id":"B0FFIXLAVS","name":"修改衣服","address":"新马路与育婴堂路交叉口西100米","type":"生活服务;洗衣店;洗衣店","typecode":"071500","pcode":310000,"pname":"上海市","citycode":21,"cityname":"上海市","adcode":310106,"adname":"静安区","business_area":"宝山路","location":"121.466975,31.248472","tel":"13918347008","bigType":"生活服务","midType":"洗衣店","smallType":"洗衣店","gcj_lng":121.466975,"gcj_lat":31.248472,"wgs84_loc":"121.462429,31.250388","wgs84Lng":121.462429,"wgs84Lat":31.250388,"__source_file__":"13-常用公服设施点/CSV/上海市_洗衣店.csv"},"geometry":{"type":"Point","coordinates":[121.462429,31.250388]}},{"id":"249","type":"Feature","properties":{"id":"B0FFGC0F4U","name":"福奈特(虬江路店)","address":"虬江路1502号","type":"生活服务;洗衣店;洗衣店","typecode":"071500","pcode":310000,"pname":"上海市","citycode":21,"cityname":"上海市","adcode":310106,"adname":"静安区","business_area":"宝山路","location":"121.464619,31.249731","tel":"021-66531933","bigType":"生活服务","midType":"洗衣店","smallType":"洗衣店","gcj_lng":121.464619,"gcj_lat":31.249731,"wgs84_loc":"121.460066,31.251641","wgs84Lng":121.460066,"wgs84Lat":31.251641,"__source_file__":"13-常用公服设施点/CSV/上海市_洗衣店.csv"},"geometry":{"type":"Point","coordinates":[121.460066,31.251641]}},{"id":"2900","type":"Feature","properties":{"id":"B0K0PAWT8Z","name":"UCC国际洗衣(太阳山路店)","address":"太阳山路89号","type":"生活服务;洗衣店;洗衣店","typecode":"071500","pcode":310000,"pname":"上海市","citycode":21,"cityname":"上海市","adcode":310106,"adname":"静安区","business_area":"宝山路","location":"121.461948,31.249805","tel":"15618588531","bigType":"生活服务","midType":"洗衣店","smallType":"洗衣店","gcj_lng":121.461948,"gcj_lat":31.249805,"wgs84_loc":"121.457387,31.251708","wgs84Lng":121.457387,"wgs84Lat":31.251708,"__source_file__":"13-常用公服设施点/CSV/上海市_洗衣店.csv"},"geometry":{"type":"Point","coordinates":[121.457387,31.251708]}},{"id":"148","type":"Feature","properties":{"id":"B001511B5C","name":"富丽洗衣店(虬江路)","address":"虬江路1439号","type":"生活服务;洗衣店;洗衣店","typecode":"071500","pcode":310000,"pname":"上海市","citycode":21,"cityname":"上海市","adcode":310106,"adname":"静安区","business_area":"宝山路","location":"121.465503,31.249848","tel":"15257658243","bigType":"生活服务","midType":"洗衣店","smallType":"洗衣店","gcj_lng":121.465503,"gcj_lat":31.249848,"wgs84_loc":"121.460952,31.25176","wgs84Lng":121.460952,"wgs84Lat":31.25176,"__source_file__":"13-常用公服设施点/CSV/上海市_洗衣店.csv"},"geometry":{"type":"Point","coordinates":[121.460952,31.25176]}},{"id":"2450","type":"Feature","properties":{"id":"B00156CW5O","name":"象王洗得好(0246北外滩店)","address":"东汉阳路334号乙室","type":"生活服务;洗衣店;洗衣店","typecode":"071500","pcode":310000,"pname":"上海市","citycode":21,"cityname":"上海市","adcode":310109,"adname":"虹口区","business_area":"提篮桥","location":"121.495516,31.250974","tel":"021-65125949;18019081752;4008890038","bigType":"生活服务","midType":"洗衣店","smallType":"洗衣店","gcj_lng":121.495516,"gcj_lat":31.250974,"wgs84_loc":"121.491067,31.25297","wgs84Lng":121.491067,"wgs84Lat":31.25297,"__source_file__":"13-常用公服设施点/CSV/上海市_洗衣店.csv"},"geometry":{"type":"Point","coordinates":[121.491067,31.25297]}},{"id":"1003","type":"Feature","properties":{"id":"B0FFGSGDQV","name":"南极星","address":"东汉阳路332号","type":"生活服务;洗衣店;洗衣店","typecode":"071500","pcode":310000,"pname":"上海市","citycode":21,"cityname":"上海市","adcode":310109,"adname":"虹口区","business_area":"提篮桥","location":"121.495409,31.251103","tel":"021-65352996","bigType":"生活服务","midType":"洗衣店","smallType":"洗衣店","gcj_lng":121.495409,"gcj_lat":31.251103,"wgs84_loc":"121.490959,31.253099","wgs84Lng":121.490959,"wgs84Lat":31.253099,"__source_file__":"13-常用公服设施点/CSV/上海市_洗衣店.csv"},"geometry":{"type":"Point","coordinates":[121.490959,31.253099]}},{"id":"1016","type":"Feature","properties":{"id":"B0GU7HFRIG","name":"丽森洗衣(奢侈品护理)","address":"东长治路633-1号","type":"生活服务;洗衣店;洗衣店","typecode":"071500","pcode":310000,"pname":"上海市","citycode":21,"cityname":"上海市","adcode":310109,"adname":"虹口区","business_area":"提篮桥","location":"121.500249,31.251182","tel":"13788937370","bigType":"生活服务","midType":"洗衣店","smallType":"洗衣店","gcj_lng":121.500249,"gcj_lat":31.251182,"wgs84_loc":"121.495817,31.253192","wgs84Lng":121.495817,"wgs84Lat":31.253192,"__source_file__":"13-常用公服设施点/CSV/上海市_洗衣店.csv"},"geometry":{"type":"Point","coordinates":[121.495817,31.253192]}},{"id":"969","type":"Feature","properties":{"id":"B00155BUZF","name":"星航干洗店","address":"海伦路216号(海伦都市佳苑沿街商铺)","type":"生活服务;洗衣店;洗衣店","typecode":"071500","pcode":310000,"pname":"上海市","citycode":21,"cityname":"上海市","adcode":310109,"adname":"虹口区","business_area":"提篮桥","location":"121.493372,31.257360","tel":"17317250849;15800957662","bigType":"生活服务","midType":"洗衣店","smallType":"洗衣店","gcj_lng":121.493372,"gcj_lat":31.25736,"wgs84_loc":"121.488915,31.259347","wgs84Lng":121.488915,"wgs84Lat":31.259347,"__source_file__":"13-常用公服设施点/CSV/上海市_洗衣店.csv"},"geometry":{"type":"Point","coordinates":[121.488915,31.259347]}},{"id":"1002","type":"Feature","properties":{"id":"B00155IBFF","name":"象王洗得好(海伦路店)","address":"沙泾港路12号-海伦路282号","type":"生活服务;洗衣店;洗衣店","typecode":"071500","pcode":310000,"pname":"上海市","citycode":21,"cityname":"上海市","adcode":310109,"adname":"虹口区","business_area":"四平路","location":"121.492464,31.257847","tel":"021-56661498","bigType":"生活服务","midType":"洗衣店","smallType":"洗衣店","gcj_lng":121.492464,"gcj_lat":31.257847,"wgs84_loc":"121.488003,31.259831","wgs84Lng":121.488003,"wgs84Lat":31.259831,"__source_file__":"13-常用公服设施点/CSV/上海市_洗衣店.csv"},"geometry":{"type":"Point","coordinates":[121.488003,31.259831]}},{"id":"990","type":"Feature","properties":{"id":"B0FFGCEIOP","name":"加荣干洗店","address":"物华路115号","type":"生活服务;洗衣店;洗衣店","typecode":"071500","pcode":310000,"pname":"上海市","citycode":21,"cityname":"上海市","adcode":310109,"adname":"虹口区","business_area":"四平路","location":"121.495949,31.260256","tel":"021-55964811;021-65217623","bigType":"生活服务","midType":"洗衣店","smallType":"洗衣店","gcj_lng":121.495949,"gcj_lat":31.260256,"wgs84_loc":"121.491501,31.262249","wgs84Lng":121.491501,"wgs84Lat":31.262249,"__source_file__":"13-常用公服设施点/CSV/上海市_洗衣店.csv"},"geometry":{"type":"Point","coordinates":[121.491501,31.262249]}},{"id":"138","type":"Feature","properties":{"id":"B0FFLN4SE4","name":"UCC国际洗衣(七浦路店)","address":"海宁路751号","type":"生活服务;洗衣店;洗衣店","typecode":"071500","pcode":310000,"pname":"上海市","citycode":21,"cityname":"上海市","adcode":310106,"adname":"静安区","business_area":"七浦路","location":"121.479358,31.246589","tel":"13917696945","bigType":"生活服务","midType":"洗衣店","smallType":"洗衣店","gcj_lng":121.479358,"gcj_lat":31.246589,"wgs84_loc":"121.474852,31.24854","wgs84Lng":121.474852,"wgs84Lat":31.24854,"__source_file__":"13-常用公服设施点/CSV/上海市_洗衣店.csv"},"geometry":{"type":"Point","coordinates":[121.474852,31.24854]}},{"id":"2711","type":"Feature","properties":{"id":"B0G1S7A90Z","name":"轻氧洗衣(虹口soho店)","address":"吴淞路575号","type":"生活服务;洗衣店;洗衣店","typecode":"071500","pcode":310000,"pname":"上海市","citycode":21,"cityname":"上海市","adcode":310109,"adname":"虹口区","business_area":"[]","location":"121.486753,31.253161","tel":"[]","bigType":"生活服务","midType":"洗衣店","smallType":"洗衣店","gcj_lng":121.486753,"gcj_lat":31.253161,"wgs84_loc":"121.482272,31.25513","wgs84Lng":121.482272,"wgs84Lat":31.25513,"__source_file__":"13-常用公服设施点/CSV/上海市_洗衣店.csv"},"geometry":{"type":"Point","coordinates":[121.482272,31.25513]}},{"id":"250","type":"Feature","properties":{"id":"B00156EPM1","name":"象王洗得好(0685永兴店)","address":"永兴路25号(近宝山路)","type":"生活服务;洗衣店;洗衣店","typecode":"071500","pcode":310000,"pname":"上海市","citycode":21,"cityname":"上海市","adcode":310106,"adname":"静安区","business_area":"宝山路","location":"121.476556,31.255445","tel":"021-55159550;13816174381","bigType":"生活服务","midType":"洗衣店","smallType":"洗衣店","gcj_lng":121.476556,"gcj_lat":31.255445,"wgs84_loc":"121.47204,31.257384","wgs84Lng":121.47204,"wgs84Lat":31.257384,"__source_file__":"13-常用公服设施点/CSV/上海市_洗衣店.csv"},"geometry":{"type":"Point","coordinates":[121.47204,31.257384]}},{"id":"242","type":"Feature","properties":{"id":"B0FFLFT19P","name":"小华洗衣店","address":"宝源路和馨苑","type":"生活服务;洗衣店;洗衣店","typecode":"071500","pcode":310000,"pname":"上海市","citycode":21,"cityname":"上海市","adcode":310106,"adname":"静安区","business_area":"宝山路","location":"121.479273,31.256016","tel":"[]","bigType":"生活服务","midType":"洗衣店","smallType":"洗衣店","gcj_lng":121.479273,"gcj_lat":31.256016,"wgs84_loc":"121.474766,31.257962","wgs84Lng":121.474766,"wgs84Lat":31.257962,"__source_file__":"13-常用公服设施点/CSV/上海市_洗衣店.csv"},"geometry":{"type":"Point","coordinates":[121.474766,31.257962]}},{"id":"220","type":"Feature","properties":{"id":"B0G304H66E","name":"捌挂生活洗护(虹口区1店)","address":"宝通路与宝源路交叉口北约100米","type":"生活服务;洗衣店;洗衣店","typecode":"071500","pcode":310000,"pname":"上海市","citycode":21,"cityname":"上海市","adcode":310106,"adname":"静安区","business_area":"宝山路","location":"121.478348,31.256334","tel":"[]","bigType":"生活服务","midType":"洗衣店","smallType":"洗衣店","gcj_lng":121.478348,"gcj_lat":31.256334,"wgs84_loc":"121.473838,31.258277","wgs84Lng":121.473838,"wgs84Lat":31.258277,"__source_file__":"13-常用公服设施点/CSV/上海市_洗衣店.csv"},"geometry":{"type":"Point","coordinates":[121.473838,31.258277]}},{"id":"184","type":"Feature","properties":{"id":"B0FFLGDYY1","name":"伊尚洗衣","address":"宝昌路217号","type":"生活服务;洗衣店;洗衣店","typecode":"071500","pcode":310000,"pname":"上海市","citycode":21,"cityname":"上海市","adcode":310106,"adname":"静安区","business_area":"宝山路","location":"121.476590,31.256650","tel":"13671855048","bigType":"生活服务","midType":"洗衣店","smallType":"洗衣店","gcj_lng":121.47659,"gcj_lat":31.25665,"wgs84_loc":"121.472074,31.258588","wgs84Lng":121.472074,"wgs84Lat":31.258588,"__source_file__":"13-常用公服设施点/CSV/上海市_洗衣店.csv"},"geometry":{"type":"Point","coordinates":[121.472074,31.258588]}},{"id":"967","type":"Feature","properties":{"id":"B0FFGBHPZS","name":"冰泓洗衣直营店","address":"邢家桥北路303号104室前门","type":"生活服务;洗衣店;洗衣店","typecode":"071500","pcode":310000,"pname":"上海市","citycode":21,"cityname":"上海市","adcode":310109,"adname":"虹口区","business_area":"宝山路","location":"121.485219,31.257672","tel":"021-65401174","bigType":"生活服务","midType":"洗衣店","smallType":"洗衣店","gcj_lng":121.485219,"gcj_lat":31.257672,"wgs84_loc":"121.480733,31.259635","wgs84Lng":121.480733,"wgs84Lat":31.259635,"__source_file__":"13-常用公服设施点/CSV/上海市_洗衣店.csv"},"geometry":{"type":"Point","coordinates":[121.480733,31.259635]}},{"id":"2699","type":"Feature","properties":{"id":"B0FFLNMHPC","name":"芬尚洗衣联盟(四川北路店)","address":"四川北路1727弄11号-22","type":"生活服务;洗衣店;洗衣店","typecode":"071500","pcode":310000,"pname":"上海市","citycode":21,"cityname":"上海市","adcode":310109,"adname":"虹口区","business_area":"宝山路","location":"121.481782,31.259136","tel":"[]","bigType":"生活服务","midType":"洗衣店","smallType":"洗衣店","gcj_lng":121.481782,"gcj_lat":31.259136,"wgs84_loc":"121.477284,31.261088","wgs84Lng":121.477284,"wgs84Lat":31.261088,"__source_file__":"13-常用公服设施点/CSV/上海市_洗衣店.csv"},"geometry":{"type":"Point","coordinates":[121.477284,31.261088]}},{"id":"1001","type":"Feature","properties":{"id":"B00156O4WS","name":"象王洗得好(东宝兴路店)","address":"四川北路1727弄11号嘉杰国际广场正大门旁","type":"生活服务;洗衣店;洗衣店","typecode":"071500","pcode":310000,"pname":"上海市","citycode":21,"cityname":"上海市","adcode":310109,"adname":"虹口区","business_area":"宝山路","location":"121.480855,31.259378","tel":"021-56511757","bigType":"生活服务","midType":"洗衣店","smallType":"洗衣店","gcj_lng":121.480855,"gcj_lat":31.259378,"wgs84_loc":"121.476353,31.261327","wgs84Lng":121.476353,"wgs84Lat":31.261327,"__source_file__":"13-常用公服设施点/CSV/上海市_洗衣店.csv"},"geometry":{"type":"Point","coordinates":[121.476353,31.261327]}},{"id":"989","type":"Feature","properties":{"id":"B0FFHG82C2","name":"长春干洗店","address":"长春路225号沈陈眼镜斜对面","type":"生活服务;洗衣店;洗衣店","typecode":"071500","pcode":310000,"pname":"上海市","citycode":21,"cityname":"上海市","adcode":310109,"adname":"虹口区","business_area":"宝山路","location":"121.485372,31.262537","tel":"[]","bigType":"生活服务","midType":"洗衣店","smallType":"洗衣店","gcj_lng":121.485372,"gcj_lat":31.262537,"wgs84_loc":"121.480886,31.264498","wgs84Lng":121.480886,"wgs84Lat":31.264498,"__source_file__":"13-常用公服设施点/CSV/上海市_洗衣店.csv"},"geometry":{"type":"Point","coordinates":[121.480886,31.264498]}},{"id":"144","type":"Feature","properties":{"id":"B00155DB5Z","name":"如意干洗店(会文路店)","address":"会文路101号","type":"生活服务;洗衣店;洗衣店","typecode":"071500","pcode":310000,"pname":"上海市","citycode":21,"cityname":"上海市","adcode":310106,"adname":"静安区","business_area":"宝山路","location":"121.472296,31.252397","tel":"[]","bigType":"生活服务","midType":"洗衣店","smallType":"洗衣店","gcj_lng":121.472296,"gcj_lat":31.252397,"wgs84_loc":"121.467766,31.254326","wgs84Lng":121.467766,"wgs84Lat":31.254326,"__source_file__":"13-常用公服设施点/CSV/上海市_洗衣店.csv"},"geometry":{"type":"Point","coordinates":[121.467766,31.254326]}},{"id":"213","type":"Feature","properties":{"id":"B00156NT9A","name":"洁丰干洗(中华新路店)","address":"中华新路596号","type":"生活服务;洗衣店;洗衣店","typecode":"071500","pcode":310000,"pname":"上海市","citycode":21,"cityname":"上海市","adcode":310106,"adname":"静安区","business_area":"宝山路","location":"121.462531,31.253492","tel":"021-56626097","bigType":"生活服务","midType":"洗衣店","smallType":"洗衣店","gcj_lng":121.462531,"gcj_lat":31.253492,"wgs84_loc":"121.457971,31.255395","wgs84Lng":121.457971,"wgs84Lat":31.255395,"__source_file__":"13-常用公服设施点/CSV/上海市_洗衣店.csv"},"geometry":{"type":"Point","coordinates":[121.457971,31.255395]}},{"id":"156","type":"Feature","properties":{"id":"B0FFLFMA9N","name":"UCC国际洗衣(西藏北路店)","address":"西藏北路699号","type":"生活服务;洗衣店;洗衣店","typecode":"071500","pcode":310000,"pname":"上海市","citycode":21,"cityname":"上海市","adcode":310106,"adname":"静安区","business_area":"宝山路","location":"121.468405,31.254430","tel":"18221405794","bigType":"生活服务","midType":"洗衣店","smallType":"洗衣店","gcj_lng":121.468405,"gcj_lat":31.25443,"wgs84_loc":"121.463863,31.256347","wgs84Lng":121.463863,"wgs84Lat":31.256347,"__source_file__":"13-常用公服设施点/CSV/上海市_洗衣店.csv"},"geometry":{"type":"Point","coordinates":[121.463863,31.256347]}},{"id":"135","type":"Feature","properties":{"id":"B0GDOCO7UW","name":"UCC国际洗衣永兴路店","address":"永兴路91号","type":"生活服务;洗衣店;洗衣店","typecode":"071500","pcode":310000,"pname":"上海市","citycode":21,"cityname":"上海市","adcode":310106,"adname":"静安区","business_area":"宝山路","location":"121.475335,31.254806","tel":"19921335207;13341672131","bigType":"生活服务","midType":"洗衣店","smallType":"洗衣店","gcj_lng":121.475335,"gcj_lat":31.254806,"wgs84_loc":"121.470815,31.256742","wgs84Lng":121.470815,"wgs84Lat":31.256742,"__source_file__":"13-常用公服设施点/CSV/上海市_洗衣店.csv"},"geometry":{"type":"Point","coordinates":[121.470815,31.256742]}},{"id":"147","type":"Feature","properties":{"id":"B001525538","name":"公兴洗衣店","address":"公兴路226号","type":"生活服务;洗衣店;洗衣店","typecode":"071500","pcode":310000,"pname":"上海市","citycode":21,"cityname":"上海市","adcode":310106,"adname":"静安区","business_area":"宝山路","location":"121.473418,31.255482","tel":"021-56631602;15801987433","bigType":"生活服务","midType":"洗衣店","smallType":"洗衣店","gcj_lng":121.473418,"gcj_lat":31.255482,"wgs84_loc":"121.468892,31.257412","wgs84Lng":121.468892,"wgs84Lat":31.257412,"__source_file__":"13-常用公服设施点/CSV/上海市_洗衣店.csv"},"geometry":{"type":"Point","coordinates":[121.468892,31.257412]}},{"id":"189","type":"Feature","properties":{"id":"B0FFHW5MYY","name":"洁美干洗(芷江西路店)","address":"芷江西路街道芷江西路207号洁美干洗","type":"生活服务;洗衣店;洗衣店","typecode":"071500","pcode":310000,"pname":"上海市","citycode":21,"cityname":"上海市","adcode":310106,"adname":"静安区","business_area":"宝山路","location":"121.462737,31.257943","tel":"18916721250","bigType":"生活服务","midType":"洗衣店","smallType":"洗衣店","gcj_lng":121.462737,"gcj_lat":31.257943,"wgs84_loc":"121.458178,31.259844","wgs84Lng":121.458178,"wgs84Lat":31.259844,"__source_file__":"13-常用公服设施点/CSV/上海市_洗衣店.csv"},"geometry":{"type":"Point","coordinates":[121.458178,31.259844]}},{"id":"244","type":"Feature","properties":{"id":"B0FFK6VKEH","name":"净舍洗衣生活馆","address":"天通庵路168号万科雅宾利会所B1层","type":"生活服务;洗衣店;洗衣店","typecode":"071500","pcode":310000,"pname":"上海市","citycode":21,"cityname":"上海市","adcode":310106,"adname":"静安区","business_area":"宝山路","location":"121.471614,31.258014","tel":"[]","bigType":"生活服务","midType":"洗衣店","smallType":"洗衣店","gcj_lng":121.471614,"gcj_lat":31.258014,"wgs84_loc":"121.467082,31.259938","wgs84Lng":121.467082,"wgs84Lat":31.259938,"__source_file__":"13-常用公服设施点/CSV/上海市_洗衣店.csv"},"geometry":{"type":"Point","coordinates":[121.467082,31.259938]}},{"id":"173","type":"Feature","properties":{"id":"B0FFGSGFAB","name":"炫洁洗衣","address":"宝通路528号","type":"生活服务;洗衣店;洗衣店","typecode":"071500","pcode":310000,"pname":"上海市","citycode":21,"cityname":"上海市","adcode":310106,"adname":"静安区","business_area":"宝山路","location":"121.473633,31.260384","tel":"18964028957","bigType":"生活服务","midType":"洗衣店","smallType":"洗衣店","gcj_lng":121.473633,"gcj_lat":31.260384,"wgs84_loc":"121.469107,31.262313","wgs84Lng":121.469107,"wgs84Lat":31.262313,"__source_file__":"13-常用公服设施点/CSV/上海市_洗衣店.csv"},"geometry":{"type":"Point","coordinates":[121.469107,31.262313]}},{"id":"2420","type":"Feature","properties":{"id":"B0FFK9HLPC","name":"娜斯皇后环保洗衣连盟(中山北路8090店)","address":"中山北路585号五楼","type":"生活服务;洗衣店;洗衣店","typecode":"071500","pcode":310000,"pname":"上海市","citycode":21,"cityname":"上海市","adcode":310106,"adname":"静安区","business_area":"和田","location":"121.462852,31.261631","tel":"[]","bigType":"生活服务","midType":"洗衣店","smallType":"洗衣店","gcj_lng":121.462852,"gcj_lat":31.261631,"wgs84_loc":"121.458293,31.263531","wgs84Lng":121.458293,"wgs84Lat":31.263531,"__source_file__":"13-常用公服设施点/CSV/上海市_洗衣店.csv"},"geometry":{"type":"Point","coordinates":[121.458293,31.263531]}},{"id":"210","type":"Feature","properties":{"id":"B0FFJ1YPB5","name":"电脑洗衣店","address":"青云路472-2号","type":"生活服务;洗衣店;洗衣店","typecode":"071500","pcode":310000,"pname":"上海市","citycode":21,"cityname":"上海市","adcode":310106,"adname":"静安区","business_area":"和田","location":"121.470577,31.262347","tel":"15021563253","bigType":"生活服务","midType":"洗衣店","smallType":"洗衣店","gcj_lng":121.470577,"gcj_lat":31.262347,"wgs84_loc":"121.466041,31.264267","wgs84Lng":121.466041,"wgs84Lat":31.264267,"__source_file__":"13-常用公服设施点/CSV/上海市_洗衣店.csv"},"geometry":{"type":"Point","coordinates":[121.466041,31.264267]}},{"id":"1011","type":"Feature","properties":{"id":"B0FFFP0BEB","name":"欧柏洗衣洗鞋修鞋","address":"天宝路75号","type":"生活服务;洗衣店;洗衣店","typecode":"071500","pcode":310000,"pname":"上海市","citycode":21,"cityname":"上海市","adcode":310109,"adname":"虹口区","business_area":"四平路","location":"121.496181,31.261591","tel":"021-65012230","bigType":"生活服务","midType":"洗衣店","smallType":"洗衣店","gcj_lng":121.496181,"gcj_lat":31.261591,"wgs84_loc":"121.491733,31.263584","wgs84Lng":121.491733,"wgs84Lat":31.263584,"__source_file__":"13-常用公服设施点/CSV/上海市_洗衣店.csv"},"geometry":{"type":"Point","coordinates":[121.491733,31.263584]}},{"id":"987","type":"Feature","properties":{"id":"B0HK27XPQ0","name":"一间汏衣店","address":"临平路258号底层之-1室","type":"生活服务;洗衣店;洗衣店","typecode":"071500","pcode":310000,"pname":"上海市","citycode":21,"cityname":"上海市","adcode":310109,"adname":"虹口区","business_area":"提篮桥","location":"121.495559,31.262495","tel":"19102179178","bigType":"生活服务","midType":"洗衣店","smallType":"洗衣店","gcj_lng":121.495559,"gcj_lat":31.262495,"wgs84_loc":"121.491109,31.264486","wgs84Lng":121.491109,"wgs84Lat":31.264486,"__source_file__":"13-常用公服设施点/CSV/上海市_洗衣店.csv"},"geometry":{"type":"Point","coordinates":[121.491109,31.264486]}},{"id":"999","type":"Feature","properties":{"id":"B0FFGLJC7X","name":"卡柏洗衣(宝安支路店)","address":"宝安支路42号1层","type":"生活服务;洗衣店;洗衣店","typecode":"071500","pcode":310000,"pname":"上海市","citycode":21,"cityname":"上海市","adcode":310109,"adname":"虹口区","business_area":"[]","location":"121.488950,31.264195","tel":"021-56778208;18301787242","bigType":"生活服务","midType":"洗衣店","smallType":"洗衣店","gcj_lng":121.48895,"gcj_lat":31.264195,"wgs84_loc":"121.484476,31.266166","wgs84Lng":121.484476,"wgs84Lat":31.266166,"__source_file__":"13-常用公服设施点/CSV/上海市_洗衣店.csv"},"geometry":{"type":"Point","coordinates":[121.484476,31.266166]}},{"id":"1000","type":"Feature","properties":{"id":"B0FFGCELUZ","name":"福奈特(东泰广场店)","address":"溧阳路1374号","type":"生活服务;洗衣店;洗衣店","typecode":"071500","pcode":310000,"pname":"上海市","citycode":21,"cityname":"上海市","adcode":310109,"adname":"虹口区","business_area":"宝山路","location":"121.485176,31.263546","tel":"021-65404656","bigType":"生活服务","midType":"洗衣店","smallType":"洗衣店","gcj_lng":121.485176,"gcj_lat":31.263546,"wgs84_loc":"121.480689,31.265506","wgs84Lng":121.480689,"wgs84Lat":31.265506,"__source_file__":"13-常用公服设施点/CSV/上海市_洗衣店.csv"},"geometry":{"type":"Point","coordinates":[121.480689,31.265506]}},{"id":"2669","type":"Feature","properties":{"id":"B0FFGCETZX","name":"泰洁洗衣(横浜路店)","address":"横浜路141号","type":"生活服务;洗衣店;洗衣店","typecode":"071500","pcode":310000,"pname":"上海市","citycode":21,"cityname":"上海市","adcode":310109,"adname":"虹口区","business_area":"宝山路","location":"121.478470,31.264188","tel":"18156817226","bigType":"生活服务","midType":"洗衣店","smallType":"洗衣店","gcj_lng":121.47847,"gcj_lat":31.264188,"wgs84_loc":"121.47396,31.266128","wgs84Lng":121.47396,"wgs84Lat":31.266128,"__source_file__":"13-常用公服设施点/CSV/上海市_洗衣店.csv"},"geometry":{"type":"Point","coordinates":[121.47396,31.266128]}},{"id":"2924","type":"Feature","properties":{"id":"B0KAML984I","name":"卡柏洗衣(宝安支路店)","address":"宝安支路42号","type":"生活服务;洗衣店;洗衣店","typecode":"071500","pcode":310000,"pname":"上海市","citycode":21,"cityname":"上海市","adcode":310109,"adname":"虹口区","business_area":"[]","location":"121.488802,31.264283","tel":"15300674235","bigType":"生活服务","midType":"洗衣店","smallType":"洗衣店","gcj_lng":121.488802,"gcj_lat":31.264283,"wgs84_loc":"121.484328,31.266253","wgs84Lng":121.484328,"wgs84Lat":31.266253,"__source_file__":"13-常用公服设施点/CSV/上海市_洗衣店.csv"},"geometry":{"type":"Point","coordinates":[121.484328,31.266253]}},{"id":"976","type":"Feature","properties":{"id":"B0HDZU0RE6","name":"伊尚洗衣店横浜路","address":"上海市上海市虹口区","type":"生活服务;洗衣店;洗衣店","typecode":"071500","pcode":310000,"pname":"上海市","citycode":21,"cityname":"上海市","adcode":310109,"adname":"虹口区","business_area":"宝山路","location":"121.478702,31.264365","tel":"[]","bigType":"生活服务","midType":"洗衣店","smallType":"洗衣店","gcj_lng":121.478702,"gcj_lat":31.264365,"wgs84_loc":"121.474193,31.266306","wgs84Lng":121.474193,"wgs84Lat":31.266306,"__source_file__":"13-常用公服设施点/CSV/上海市_洗衣店.csv"},"geometry":{"type":"Point","coordinates":[121.474193,31.266306]}},{"id":"980","type":"Feature","properties":{"id":"B0GR36HBDS","name":"好涤轻奢洗护(虹口足球场店)","address":"吉祥路38弄3号","type":"生活服务;洗衣店;洗衣店","typecode":"071500","pcode":310000,"pname":"上海市","citycode":21,"cityname":"上海市","adcode":310109,"adname":"虹口区","business_area":"曲阳","location":"121.488838,31.265450","tel":"4008589955","bigType":"生活服务","midType":"洗衣店","smallType":"洗衣店","gcj_lng":121.488838,"gcj_lat":31.26545,"wgs84_loc":"121.484364,31.26742","wgs84Lng":121.484364,"wgs84Lat":31.26742,"__source_file__":"13-常用公服设施点/CSV/上海市_洗衣店.csv"},"geometry":{"type":"Point","coordinates":[121.484364,31.26742]}},{"id":"810","type":"Feature","properties":{"id":"B0H60BHART","name":"洗爱洗衣上门取送(虹口区2店)","address":"吉祥路与宝安路交叉口东北约60米","type":"生活服务;洗衣店;洗衣店","typecode":"071500","pcode":310000,"pname":"上海市","citycode":21,"cityname":"上海市","adcode":310109,"adname":"虹口区","business_area":"曲阳","location":"121.488182,31.265739","tel":"4001808755","bigType":"生活服务","midType":"洗衣店","smallType":"洗衣店","gcj_lng":121.488182,"gcj_lat":31.265739,"wgs84_loc":"121.483705,31.267707","wgs84Lng":121.483705,"wgs84Lat":31.267707,"__source_file__":"13-常用公服设施点/CSV/上海市_洗衣店.csv"},"geometry":{"type":"Point","coordinates":[121.483705,31.267707]}},{"id":"994","type":"Feature","properties":{"id":"B00154DCN0","name":"福奈特(同心路店)","address":"同心路36号(中山北一路附近)","type":"生活服务;洗衣店;洗衣店","typecode":"071500","pcode":310000,"pname":"上海市","citycode":21,"cityname":"上海市","adcode":310109,"adname":"虹口区","business_area":"和田","location":"121.478645,31.266036","tel":"021-56666696","bigType":"生活服务","midType":"洗衣店","smallType":"洗衣店","gcj_lng":121.478645,"gcj_lat":31.266036,"wgs84_loc":"121.474135,31.267976","wgs84Lng":121.474135,"wgs84Lat":31.267976,"__source_file__":"13-常用公服设施点/CSV/上海市_洗衣店.csv"},"geometry":{"type":"Point","coordinates":[121.474135,31.267976]}},{"id":"2786","type":"Feature","properties":{"id":"B001514031","name":"象王洗得好(同心路店)","address":"同心路46号","type":"生活服务;洗衣店;洗衣店","typecode":"071500","pcode":310000,"pname":"上海市","citycode":21,"cityname":"上海市","adcode":310109,"adname":"虹口区","business_area":"宝山路","location":"121.478613,31.266082","tel":"021-56965468","bigType":"生活服务","midType":"洗衣店","smallType":"洗衣店","gcj_lng":121.478613,"gcj_lat":31.266082,"wgs84_loc":"121.474103,31.268022","wgs84Lng":121.474103,"wgs84Lat":31.268022,"__source_file__":"13-常用公服设施点/CSV/上海市_洗衣店.csv"},"geometry":{"type":"Point","coordinates":[121.474103,31.268022]}},{"id":"19","type":"Feature","properties":{"id":"B00152A141","name":"金苹果洗衣洗鞋","address":"西江湾路同心路93弄小区西北侧","type":"生活服务;洗衣店;洗衣店","typecode":"071500","pcode":310000,"pname":"上海市","citycode":21,"cityname":"上海市","adcode":310109,"adname":"虹口区","business_area":"江湾","location":"121.478447,31.266691","tel":"021-65407570","bigType":"生活服务","midType":"洗衣店","smallType":"洗衣店","gcj_lng":121.478447,"gcj_lat":31.266691,"wgs84_loc":"121.473937,31.26863","wgs84Lng":121.473937,"wgs84Lat":31.26863,"__source_file__":"13-常用公服设施点/CSV/上海市_洗衣店.csv"},"geometry":{"type":"Point","coordinates":[121.473937,31.26863]}},{"id":"966","type":"Feature","properties":{"id":"B0FFHN77Y3","name":"洁安洗衣(虹口店)","address":"欧阳路262号","type":"生活服务;洗衣店;洗衣店","typecode":"071500","pcode":310000,"pname":"上海市","citycode":21,"cityname":"上海市","adcode":310109,"adname":"虹口区","business_area":"曲阳","location":"121.487839,31.268257","tel":"021-65408136","bigType":"生活服务","midType":"洗衣店","smallType":"洗衣店","gcj_lng":121.487839,"gcj_lat":31.268257,"wgs84_loc":"121.483361,31.270223","wgs84Lng":121.483361,"wgs84Lat":31.270223,"__source_file__":"13-常用公服设施点/CSV/上海市_洗衣店.csv"},"geometry":{"type":"Point","coordinates":[121.483361,31.270223]}},{"id":"2686","type":"Feature","properties":{"id":"B00156NU3W","name":"卡柏洗衣(泰州路店)","address":"余姚路510","type":"生活服务;洗衣店;洗衣店","typecode":"071500","pcode":310000,"pname":"上海市","citycode":21,"cityname":"上海市","adcode":310106,"adname":"静安区","business_area":"曹家渡","location":"121.434202,31.233529","tel":"021-52300970;13472722590","bigType":"生活服务","midType":"洗衣店","smallType":"洗衣店","gcj_lng":121.434202,"gcj_lat":31.233529,"wgs84_loc":"121.429578,31.235385","wgs84Lng":121.429578,"wgs84Lat":31.235385,"__source_file__":"13-常用公服设施点/CSV/上海市_洗衣店.csv"},"geometry":{"type":"Point","coordinates":[121.429578,31.235385]}},{"id":"149","type":"Feature","properties":{"id":"B00155GPFD","name":"易喜洗衣店","address":"新闸路1938号","type":"生活服务;洗衣店;洗衣店","typecode":"071500","pcode":310000,"pname":"上海市","citycode":21,"cityname":"上海市","adcode":310106,"adname":"静安区","business_area":"曹家渡","location":"121.441335,31.226444","tel":"15821323681","bigType":"生活服务","midType":"洗衣店","smallType":"洗衣店","gcj_lng":121.441335,"gcj_lat":31.226444,"wgs84_loc":"121.436725,31.228315","wgs84Lng":121.436725,"wgs84Lat":31.228315,"__source_file__":"13-常用公服设施点/CSV/上海市_洗衣店.csv"},"geometry":{"type":"Point","coordinates":[121.436725,31.228315]}},{"id":"194","type":"Feature","properties":{"id":"B0HUZGIX0U","name":"苏鲤洗衣上门取送(上海45店)","address":"常德路333号","type":"生活服务;洗衣店;洗衣店","typecode":"071500","pcode":310000,"pname":"上海市","citycode":21,"cityname":"上海市","adcode":310106,"adname":"静安区","business_area":"曹家渡","location":"121.446859,31.226918","tel":"13382171176","bigType":"生活服务","midType":"洗衣店","smallType":"洗衣店","gcj_lng":121.446859,"gcj_lat":31.226918,"wgs84_loc":"121.442261,31.228799","wgs84Lng":121.442261,"wgs84Lat":31.228799,"__source_file__":"13-常用公服设施点/CSV/上海市_洗衣店.csv"},"geometry":{"type":"Point","coordinates":[121.442261,31.228799]}},{"id":"951","type":"Feature","properties":{"id":"B00155QF26","name":"福奈特(延平路店)","address":"延平路98号之8-9号","type":"生活服务;洗衣店;洗衣店","typecode":"071500","pcode":310000,"pname":"上海市","citycode":21,"cityname":"上海市","adcode":310106,"adname":"静安区","business_area":"曹家渡","location":"121.441462,31.228652","tel":"021-62533785","bigType":"生活服务","midType":"洗衣店","smallType":"洗衣店","gcj_lng":121.441462,"gcj_lat":31.228652,"wgs84_loc":"121.436852,31.230522","wgs84Lng":121.436852,"wgs84Lat":31.230522,"__source_file__":"13-常用公服设施点/CSV/上海市_洗衣店.csv"},"geometry":{"type":"Point","coordinates":[121.436852,31.230522]}},{"id":"157","type":"Feature","properties":{"id":"B0FFG69PY7","name":"象王洗得好(延平店)","address":"武定路1140-4号附近","type":"生活服务;洗衣店;洗衣店","typecode":"071500","pcode":310000,"pname":"上海市","citycode":21,"cityname":"上海市","adcode":310106,"adname":"静安区","business_area":"曹家渡","location":"121.438714,31.228748","tel":"021-52281075","bigType":"生活服务","midType":"洗衣店","smallType":"洗衣店","gcj_lng":121.438714,"gcj_lat":31.228748,"wgs84_loc":"121.434098,31.230613","wgs84Lng":121.434098,"wgs84Lat":31.230613,"__source_file__":"13-常用公服设施点/CSV/上海市_洗衣店.csv"},"geometry":{"type":"Point","coordinates":[121.434098,31.230613]}},{"id":"145","type":"Feature","properties":{"id":"B00155CXOK","name":"昌平干洗店","address":"延平路356号","type":"生活服务;洗衣店;洗衣店","typecode":"071500","pcode":310000,"pname":"上海市","citycode":21,"cityname":"上海市","adcode":310106,"adname":"静安区","business_area":"曹家渡","location":"121.438579,31.232413","tel":"13020270261","bigType":"生活服务","midType":"洗衣店","smallType":"洗衣店","gcj_lng":121.438579,"gcj_lat":31.232413,"wgs84_loc":"121.433963,31.234276","wgs84Lng":121.433963,"wgs84Lat":31.234276,"__source_file__":"13-常用公服设施点/CSV/上海市_洗衣店.csv"},"geometry":{"type":"Point","coordinates":[121.433963,31.234276]}},{"id":"241","type":"Feature","properties":{"id":"B0FFLNE5Q4","name":"好运洗衣静安店","address":"武定路650号静安豪景会所","type":"生活服务;洗衣店;洗衣店","typecode":"071500","pcode":310000,"pname":"上海市","citycode":21,"cityname":"上海市","adcode":310106,"adname":"静安区","business_area":"曹家渡","location":"121.447102,31.233131","tel":"13585884138","bigType":"生活服务","midType":"洗衣店","smallType":"洗衣店","gcj_lng":121.447102,"gcj_lat":31.233131,"wgs84_loc":"121.442504,31.235009","wgs84Lng":121.442504,"wgs84Lat":31.235009,"__source_file__":"13-常用公服设施点/CSV/上海市_洗衣店.csv"},"geometry":{"type":"Point","coordinates":[121.442504,31.235009]}},{"id":"248","type":"Feature","properties":{"id":"B00155GQC0","name":"羽记洗衣(康定店)","address":"康定路459号","type":"生活服务;洗衣店;洗衣店","typecode":"071500","pcode":310000,"pname":"上海市","citycode":21,"cityname":"上海市","adcode":310106,"adname":"静安区","business_area":"曹家渡","location":"121.447784,31.233834","tel":"021-62538179","bigType":"生活服务","midType":"洗衣店","smallType":"洗衣店","gcj_lng":121.447784,"gcj_lat":31.233834,"wgs84_loc":"121.443187,31.235713","wgs84Lng":121.443187,"wgs84Lat":31.235713,"__source_file__":"13-常用公服设施点/CSV/上海市_洗衣店.csv"},"geometry":{"type":"Point","coordinates":[121.443187,31.235713]}},{"id":"2397","type":"Feature","properties":{"id":"B0FFK77JXJ","name":"上海花园饭店-洗衣服务台","address":"茂名南路58号花园饭店1层","type":"生活服务;洗衣店;洗衣店","typecode":"071500","pcode":310000,"pname":"上海市","citycode":21,"cityname":"上海市","adcode":310101,"adname":"黄浦区","business_area":"淮海路","location":"121.459910,31.219811","tel":"021-64151111","bigType":"生活服务","midType":"洗衣店","smallType":"洗衣店","gcj_lng":121.45991,"gcj_lat":31.219811,"wgs84_loc":"121.455346,31.221723","wgs84Lng":121.455346,"wgs84Lat":31.221723,"__source_file__":"13-常用公服设施点/CSV/上海市_洗衣店.csv"},"geometry":{"type":"Point","coordinates":[121.455346,31.221723]}},{"id":"130","type":"Feature","properties":{"id":"B001530569","name":"玉婷干洗店","address":"巨鹿路789号","type":"生活服务;洗衣店;洗衣店","typecode":"071500","pcode":310000,"pname":"上海市","citycode":21,"cityname":"上海市","adcode":310106,"adname":"静安区","business_area":"淮海路","location":"121.451376,31.220141","tel":"13127674540;021-54042720","bigType":"生活服务","midType":"洗衣店","smallType":"洗衣店","gcj_lng":121.451376,"gcj_lat":31.220141,"wgs84_loc":"121.446789,31.222034","wgs84Lng":121.446789,"wgs84Lat":31.222034,"__source_file__":"13-常用公服设施点/CSV/上海市_洗衣店.csv"},"geometry":{"type":"Point","coordinates":[121.446789,31.222034]}},{"id":"2902","type":"Feature","properties":{"id":"B0I255HMH0","name":"洁西洗衣(巨鹿路店)","address":"巨鹿路367-2号","type":"生活服务;洗衣店;洗衣店","typecode":"071500","pcode":310000,"pname":"上海市","citycode":21,"cityname":"上海市","adcode":310101,"adname":"黄浦区","business_area":"淮海路","location":"121.459748,31.222719","tel":"17717392386","bigType":"生活服务","midType":"洗衣店","smallType":"洗衣店","gcj_lng":121.459748,"gcj_lat":31.222719,"wgs84_loc":"121.455183,31.224629","wgs84Lng":121.455183,"wgs84Lat":31.224629,"__source_file__":"13-常用公服设施点/CSV/上海市_洗衣店.csv"},"geometry":{"type":"Point","coordinates":[121.455183,31.224629]}},{"id":"221","type":"Feature","properties":{"id":"B0G3ZNLH5L","name":"好涤轻奢洗护(静安区1店)","address":"南京西路街道南京西路1515号","type":"生活服务;洗衣店;洗衣店","typecode":"071500","pcode":310000,"pname":"上海市","citycode":21,"cityname":"上海市","adcode":310106,"adname":"静安区","business_area":"淮海路","location":"121.450791,31.224506","tel":"4008589955","bigType":"生活服务","midType":"洗衣店","smallType":"洗衣店","gcj_lng":121.450791,"gcj_lat":31.224506,"wgs84_loc":"121.446202,31.226396","wgs84Lng":121.446202,"wgs84Lat":31.226396,"__source_file__":"13-常用公服设施点/CSV/上海市_洗衣店.csv"},"geometry":{"type":"Point","coordinates":[121.446202,31.226396]}},{"id":"2804","type":"Feature","properties":{"id":"B0IGX7Q8ME","name":"奢上海SPAwash高端护理","address":"南京西路1376号西办公楼3楼319室","type":"生活服务;洗衣店;洗衣店","typecode":"071500","pcode":310000,"pname":"上海市","citycode":21,"cityname":"上海市","adcode":310106,"adname":"静安区","business_area":"淮海路","location":"121.451619,31.226984","tel":"[]","bigType":"生活服务","midType":"洗衣店","smallType":"洗衣店","gcj_lng":121.451619,"gcj_lat":31.226984,"wgs84_loc":"121.447032,31.228874","wgs84Lng":121.447032,"wgs84Lat":31.228874,"__source_file__":"13-常用公服设施点/CSV/上海市_洗衣店.csv"},"geometry":{"type":"Point","coordinates":[121.447032,31.228874]}},{"id":"158","type":"Feature","properties":{"id":"B00155C2XK","name":"樱花洗衣(陕西店)","address":"陕西北路204号","type":"生活服务;洗衣店;洗衣店","typecode":"071500","pcode":310000,"pname":"上海市","citycode":21,"cityname":"上海市","adcode":310106,"adname":"静安区","business_area":"淮海路","location":"121.455592,31.227156","tel":"021-62536942","bigType":"生活服务","midType":"洗衣店","smallType":"洗衣店","gcj_lng":121.455592,"gcj_lat":31.227156,"wgs84_loc":"121.451015,31.229055","wgs84Lng":121.451015,"wgs84Lat":31.229055,"__source_file__":"13-常用公服设施点/CSV/上海市_洗衣店.csv"},"geometry":{"type":"Point","coordinates":[121.451015,31.229055]}},{"id":"2763","type":"Feature","properties":{"id":"B0G1SRAZND","name":"轻氧洗衣","address":"南京西路恒隆广场","type":"生活服务;洗衣店;洗衣店","typecode":"071500","pcode":310000,"pname":"上海市","citycode":21,"cityname":"上海市","adcode":310106,"adname":"静安区","business_area":"淮海路","location":"121.454067,31.227531","tel":"[]","bigType":"生活服务","midType":"洗衣店","smallType":"洗衣店","gcj_lng":121.454067,"gcj_lat":31.227531,"wgs84_loc":"121.449486,31.229426","wgs84Lng":121.449486,"wgs84Lat":31.229426,"__source_file__":"13-常用公服设施点/CSV/上海市_洗衣店.csv"},"geometry":{"type":"Point","coordinates":[121.449486,31.229426]}},{"id":"183","type":"Feature","properties":{"id":"B0G064KC3A","name":"洗衣酱洗衣上门取送(恒隆广场上门取送)","address":"南京西路1266号恒隆广场B1层","type":"生活服务;洗衣店;洗衣店","typecode":"071500","pcode":310000,"pname":"上海市","citycode":21,"cityname":"上海市","adcode":310106,"adname":"静安区","business_area":"淮海路","location":"121.453499,31.227823","tel":"18912942673","bigType":"生活服务","midType":"洗衣店","smallType":"洗衣店","gcj_lng":121.453499,"gcj_lat":31.227823,"wgs84_loc":"121.448917,31.229717","wgs84Lng":121.448917,"wgs84Lat":31.229717,"__source_file__":"13-常用公服设施点/CSV/上海市_洗衣店.csv"},"geometry":{"type":"Point","coordinates":[121.448917,31.229717]}},{"id":"163","type":"Feature","properties":{"id":"B0FFHC2WFD","name":"地球皮具专洗店","address":"北京西路1108号","type":"生活服务;洗衣店;洗衣店","typecode":"071500","pcode":310000,"pname":"上海市","citycode":21,"cityname":"上海市","adcode":310106,"adname":"静安区","business_area":"淮海路","location":"121.453967,31.229948","tel":"021-62533393","bigType":"生活服务","midType":"洗衣店","smallType":"洗衣店","gcj_lng":121.453967,"gcj_lat":31.229948,"wgs84_loc":"121.449386,31.231842","wgs84Lng":121.449386,"wgs84Lat":31.231842,"__source_file__":"13-常用公服设施点/CSV/上海市_洗衣店.csv"},"geometry":{"type":"Point","coordinates":[121.449386,31.231842]}},{"id":"239","type":"Feature","properties":{"id":"B0GK4MNSYF","name":"洗衣酱洗衣上门取送(武定路上门取送)","address":"武定路579号","type":"生活服务;洗衣店;洗衣店","typecode":"071500","pcode":310000,"pname":"上海市","citycode":21,"cityname":"上海市","adcode":310106,"adname":"静安区","business_area":"曹家渡","location":"121.449782,31.232876","tel":"18912942673","bigType":"生活服务","midType":"洗衣店","smallType":"洗衣店","gcj_lng":121.449782,"gcj_lat":31.232876,"wgs84_loc":"121.44519,31.23476","wgs84Lng":121.44519,"wgs84Lat":31.23476,"__source_file__":"13-常用公服设施点/CSV/上海市_洗衣店.csv"},"geometry":{"type":"Point","coordinates":[121.44519,31.23476]}},{"id":"230","type":"Feature","properties":{"id":"B0G07S2TEI","name":"卡福洗衣","address":"余姚路510号","type":"生活服务;洗衣店;洗衣店","typecode":"071500","pcode":310000,"pname":"上海市","citycode":21,"cityname":"上海市","adcode":310106,"adname":"静安区","business_area":"曹家渡","location":"121.434196,31.233554","tel":"021-52300970","bigType":"生活服务","midType":"洗衣店","smallType":"洗衣店","gcj_lng":121.434196,"gcj_lat":31.233554,"wgs84_loc":"121.429572,31.23541","wgs84Lng":121.429572,"wgs84Lat":31.23541,"__source_file__":"13-常用公服设施点/CSV/上海市_洗衣店.csv"},"geometry":{"type":"Point","coordinates":[121.429572,31.23541]}},{"id":"191","type":"Feature","properties":{"id":"B001544239","name":"萍飞干洗店","address":"安远路883号","type":"生活服务;洗衣店;洗衣店","typecode":"071500","pcode":310000,"pname":"上海市","citycode":21,"cityname":"上海市","adcode":310106,"adname":"静安区","business_area":"曹家渡","location":"121.431861,31.235015","tel":"13736504748","bigType":"生活服务","midType":"洗衣店","smallType":"洗衣店","gcj_lng":121.431861,"gcj_lat":31.235015,"wgs84_loc":"121.427233,31.236867","wgs84Lng":121.427233,"wgs84Lat":31.236867,"__source_file__":"13-常用公服设施点/CSV/上海市_洗衣店.csv"},"geometry":{"type":"Point","coordinates":[121.427233,31.236867]}},{"id":"2468","type":"Feature","properties":{"id":"B0FFF5VP1A","name":"福奈特(安远路店)","address":"安远路747号","type":"生活服务;洗衣店;洗衣店","typecode":"071500","pcode":310000,"pname":"上海市","citycode":21,"cityname":"上海市","adcode":310106,"adname":"静安区","business_area":"曹家渡","location":"121.434536,31.235018","tel":"021-62317394","bigType":"生活服务","midType":"洗衣店","smallType":"洗衣店","gcj_lng":121.434536,"gcj_lat":31.235018,"wgs84_loc":"121.429912,31.236874","wgs84Lng":121.429912,"wgs84Lat":31.236874,"__source_file__":"13-常用公服设施点/CSV/上海市_洗衣店.csv"},"geometry":{"type":"Point","coordinates":[121.429912,31.236874]}},{"id":"245","type":"Feature","properties":{"id":"B00155LWY7","name":"象王洗得好(0888静安店)","address":"余姚路348号(延平路口)","type":"生活服务;洗衣店;洗衣店","typecode":"071500","pcode":310000,"pname":"上海市","citycode":21,"cityname":"上海市","adcode":310106,"adname":"静安区","business_area":"曹家渡","location":"121.437025,31.235186","tel":"021-62321625","bigType":"生活服务","midType":"洗衣店","smallType":"洗衣店","gcj_lng":121.437025,"gcj_lat":31.235186,"wgs84_loc":"121.432405,31.237046","wgs84Lng":121.432405,"wgs84Lat":31.237046,"__source_file__":"13-常用公服设施点/CSV/上海市_洗衣店.csv"},"geometry":{"type":"Point","coordinates":[121.432405,31.237046]}},{"id":"205","type":"Feature","properties":{"id":"B00155EIHI","name":"洁丰干洗(安远店)","address":"安远路723-1号","type":"生活服务;洗衣店;洗衣店","typecode":"071500","pcode":310000,"pname":"上海市","citycode":21,"cityname":"上海市","adcode":310106,"adname":"静安区","business_area":"曹家渡","location":"121.435534,31.235219","tel":"021-62304770;13917985617","bigType":"生活服务","midType":"洗衣店","smallType":"洗衣店","gcj_lng":121.435534,"gcj_lat":31.235219,"wgs84_loc":"121.430912,31.237076","wgs84Lng":121.430912,"wgs84Lat":31.237076,"__source_file__":"13-常用公服设施点/CSV/上海市_洗衣店.csv"},"geometry":{"type":"Point","coordinates":[121.430912,31.237076]}},{"id":"1486","type":"Feature","properties":{"id":"B0G191BDXQ","name":"奢侈品洗护","address":"长寿路事久馨苑","type":"生活服务;洗衣店;洗衣店","typecode":"071500","pcode":310000,"pname":"上海市","citycode":21,"cityname":"上海市","adcode":310107,"adname":"普陀区","business_area":"曹家渡","location":"121.432541,31.237515","tel":"[]","bigType":"生活服务","midType":"洗衣店","smallType":"洗衣店","gcj_lng":121.432541,"gcj_lat":31.237515,"wgs84_loc":"121.427914,31.239367","wgs84Lng":121.427914,"wgs84Lat":31.239367,"__source_file__":"13-常用公服设施点/CSV/上海市_洗衣店.csv"},"geometry":{"type":"Point","coordinates":[121.427914,31.239367]}},{"id":"2696","type":"Feature","properties":{"id":"B00155LZCD","name":"天使干洗中心","address":"胶州路1090号","type":"生活服务;洗衣店;洗衣店","typecode":"071500","pcode":310000,"pname":"上海市","citycode":21,"cityname":"上海市","adcode":310107,"adname":"普陀区","business_area":"曹家渡","location":"121.434342,31.239896","tel":"[]","bigType":"生活服务","midType":"洗衣店","smallType":"洗衣店","gcj_lng":121.434342,"gcj_lat":31.239896,"wgs84_loc":"121.429717,31.24175","wgs84Lng":121.429717,"wgs84Lat":31.24175,"__source_file__":"13-常用公服设施点/CSV/上海市_洗衣店.csv"},"geometry":{"type":"Point","coordinates":[121.429717,31.24175]}},{"id":"2807","type":"Feature","properties":{"id":"B0HA6OFA0T","name":"绿源干洗中心","address":"胶州路绿洲城市花园(长寿路地铁站1号口步行390米)","type":"生活服务;洗衣店;洗衣店","typecode":"071500","pcode":310000,"pname":"上海市","citycode":21,"cityname":"上海市","adcode":310107,"adname":"普陀区","business_area":"曹家渡","location":"121.434276,31.239903","tel":"[]","bigType":"生活服务","midType":"洗衣店","smallType":"洗衣店","gcj_lng":121.434276,"gcj_lat":31.239903,"wgs84_loc":"121.429651,31.241757","wgs84Lng":121.429651,"wgs84Lat":31.241757,"__source_file__":"13-常用公服设施点/CSV/上海市_洗衣店.csv"},"geometry":{"type":"Point","coordinates":[121.429651,31.241757]}},{"id":"1529","type":"Feature","properties":{"id":"B0FFGFB162","name":"洗衣店","address":"胶州路与澳门路交叉口西北40米","type":"生活服务;洗衣店;洗衣店","typecode":"071500","pcode":310000,"pname":"上海市","citycode":21,"cityname":"上海市","adcode":310107,"adname":"普陀区","business_area":"曹家渡","location":"121.433899,31.240053","tel":"[]","bigType":"生活服务","midType":"洗衣店","smallType":"洗衣店","gcj_lng":121.433899,"gcj_lat":31.240053,"wgs84_loc":"121.429274,31.241906","wgs84Lng":121.429274,"wgs84Lat":31.241906,"__source_file__":"13-常用公服设施点/CSV/上海市_洗衣店.csv"},"geometry":{"type":"Point","coordinates":[121.429274,31.241906]}},{"id":"143","type":"Feature","properties":{"id":"B00155GP5R","name":"依洁洗衣店(武定路店)","address":"武定路584号","type":"生活服务;洗衣店;洗衣店","typecode":"071500","pcode":310000,"pname":"上海市","citycode":21,"cityname":"上海市","adcode":310106,"adname":"静安区","business_area":"曹家渡","location":"121.449357,31.233050","tel":"[]","bigType":"生活服务","midType":"洗衣店","smallType":"洗衣店","gcj_lng":121.449357,"gcj_lat":31.23305,"wgs84_loc":"121.444764,31.234933","wgs84Lng":121.444764,"wgs84Lat":31.234933,"__source_file__":"13-常用公服设施点/CSV/上海市_洗衣店.csv"},"geometry":{"type":"Point","coordinates":[121.444764,31.234933]}},{"id":"227","type":"Feature","properties":{"id":"B00156O1RU","name":"邦洁快速干洗(新闸路店)","address":"新闸路1134号1层","type":"生活服务;洗衣店;洗衣店","typecode":"071500","pcode":310000,"pname":"上海市","citycode":21,"cityname":"上海市","adcode":310106,"adname":"静安区","business_area":"淮海路","location":"121.454537,31.233050","tel":"021-62712964","bigType":"生活服务","midType":"洗衣店","smallType":"洗衣店","gcj_lng":121.454537,"gcj_lat":31.23305,"wgs84_loc":"121.449957,31.234944","wgs84Lng":121.449957,"wgs84Lat":31.234944,"__source_file__":"13-常用公服设施点/CSV/上海市_洗衣店.csv"},"geometry":{"type":"Point","coordinates":[121.449957,31.234944]}},{"id":"215","type":"Feature","properties":{"id":"B00155BPSB","name":"象王洗得好(0256江宁店)","address":"江宁路345号(新闸路江宁路向西北390米靠近新江大楼)","type":"生活服务;洗衣店;洗衣店","typecode":"071500","pcode":310000,"pname":"上海市","citycode":21,"cityname":"上海市","adcode":310106,"adname":"静安区","business_area":"曹家渡","location":"121.453104,31.233315","tel":"021-62552210","bigType":"生活服务","midType":"洗衣店","smallType":"洗衣店","gcj_lng":121.453104,"gcj_lat":31.233315,"wgs84_loc":"121.44852,31.235205","wgs84Lng":121.44852,"wgs84Lat":31.235205,"__source_file__":"13-常用公服设施点/CSV/上海市_洗衣店.csv"},"geometry":{"type":"Point","coordinates":[121.44852,31.235205]}},{"id":"146","type":"Feature","properties":{"id":"B001526A17","name":"海威洗衣中心","address":"陕西北路665号","type":"生活服务;洗衣店;洗衣店","typecode":"071500","pcode":310000,"pname":"上海市","citycode":21,"cityname":"上海市","adcode":310106,"adname":"静安区","business_area":"曹家渡","location":"121.450745,31.233613","tel":"021-62536151","bigType":"生活服务","midType":"洗衣店","smallType":"洗衣店","gcj_lng":121.450745,"gcj_lat":31.233613,"wgs84_loc":"121.446155,31.235498","wgs84Lng":121.446155,"wgs84Lat":31.235498,"__source_file__":"13-常用公服设施点/CSV/上海市_洗衣店.csv"},"geometry":{"type":"Point","coordinates":[121.446155,31.235498]}},{"id":"193","type":"Feature","properties":{"id":"B0FFG77EHT","name":"衣喜净洗衣店","address":"新闸路904号","type":"生活服务;洗衣店;洗衣店","typecode":"071500","pcode":310000,"pname":"上海市","citycode":21,"cityname":"上海市","adcode":310106,"adname":"静安区","business_area":"淮海路","location":"121.458083,31.234116","tel":"021-62562354","bigType":"生活服务","midType":"洗衣店","smallType":"洗衣店","gcj_lng":121.458083,"gcj_lat":31.234116,"wgs84_loc":"121.453512,31.236017","wgs84Lng":121.453512,"wgs84Lat":31.236017,"__source_file__":"13-常用公服设施点/CSV/上海市_洗衣店.csv"},"geometry":{"type":"Point","coordinates":[121.453512,31.236017]}},{"id":"200","type":"Feature","properties":{"id":"B00155KJNU","name":"洗衣店(武定路)","address":"武定路144号","type":"生活服务;洗衣店;洗衣店","typecode":"071500","pcode":310000,"pname":"上海市","citycode":21,"cityname":"上海市","adcode":310106,"adname":"静安区","business_area":"淮海路","location":"121.456984,31.235949","tel":"[]","bigType":"生活服务","midType":"洗衣店","smallType":"洗衣店","gcj_lng":121.456984,"gcj_lat":31.235949,"wgs84_loc":"121.45241,31.237847","wgs84Lng":121.45241,"wgs84Lat":31.237847,"__source_file__":"13-常用公服设施点/CSV/上海市_洗衣店.csv"},"geometry":{"type":"Point","coordinates":[121.45241,31.237847]}},{"id":"233","type":"Feature","properties":{"id":"B00156NV1Z","name":"泰洁洗衣(泰兴路店)","address":"泰兴路630万皇酒家附近","type":"生活服务;洗衣店;洗衣店","typecode":"071500","pcode":310000,"pname":"上海市","citycode":21,"cityname":"上海市","adcode":310106,"adname":"静安区","business_area":"[]","location":"121.455939,31.237010","tel":"[]","bigType":"生活服务","midType":"洗衣店","smallType":"洗衣店","gcj_lng":121.455939,"gcj_lat":31.23701,"wgs84_loc":"121.451362,31.238905","wgs84Lng":121.451362,"wgs84Lat":31.238905,"__source_file__":"13-常用公服设施点/CSV/上海市_洗衣店.csv"},"geometry":{"type":"Point","coordinates":[121.451362,31.238905]}},{"id":"176","type":"Feature","properties":{"id":"B0015185BE","name":"荣新洗衣(淮安店)","address":"淮安路806号-1号","type":"生活服务;洗衣店;洗衣店","typecode":"071500","pcode":310000,"pname":"上海市","citycode":21,"cityname":"上海市","adcode":310106,"adname":"静安区","business_area":"曹家渡","location":"121.449866,31.238982","tel":"15921533379","bigType":"生活服务","midType":"洗衣店","smallType":"洗衣店","gcj_lng":121.449866,"gcj_lat":31.238982,"wgs84_loc":"121.445274,31.240863","wgs84Lng":121.445274,"wgs84Lat":31.240863,"__source_file__":"13-常用公服设施点/CSV/上海市_洗衣店.csv"},"geometry":{"type":"Point","coordinates":[121.445274,31.240863]}},{"id":"216","type":"Feature","properties":{"id":"B0FFM99QI8","name":"优依派干洗洗衣(上门取送静安2号)","address":"西苏州路71号","type":"生活服务;洗衣店;洗衣店","typecode":"071500","pcode":310000,"pname":"上海市","citycode":21,"cityname":"上海市","adcode":310106,"adname":"静安区","business_area":"曹家渡","location":"121.452328,31.241125","tel":"4008558893","bigType":"生活服务","midType":"洗衣店","smallType":"洗衣店","gcj_lng":121.452328,"gcj_lat":31.241125,"wgs84_loc":"121.447742,31.24301","wgs84Lng":121.447742,"wgs84Lat":31.24301,"__source_file__":"13-常用公服设施点/CSV/上海市_洗衣店.csv"},"geometry":{"type":"Point","coordinates":[121.447742,31.24301]}},{"id":"13","type":"Feature","properties":{"id":"B0G3FRMN0O","name":"捌挂生活洗护(静安区店)","address":"海防路与西苏州路交叉口西约40米","type":"生活服务;洗衣店;洗衣店","typecode":"071500","pcode":310000,"pname":"上海市","citycode":21,"cityname":"上海市","adcode":310106,"adname":"静安区","business_area":"曹家渡","location":"121.452187,31.241159","tel":"[]","bigType":"生活服务","midType":"洗衣店","smallType":"洗衣店","gcj_lng":121.452187,"gcj_lat":31.241159,"wgs84_loc":"121.4476,31.243044","wgs84Lng":121.4476,"wgs84Lat":31.243044,"__source_file__":"13-常用公服设施点/CSV/上海市_洗衣店.csv"},"geometry":{"type":"Point","coordinates":[121.4476,31.243044]}},{"id":"247","type":"Feature","properties":{"id":"B0FFJ0STMW","name":"象王洗得好(西康路店)","address":"西康路705号","type":"生活服务;洗衣店;洗衣店","typecode":"071500","pcode":310000,"pname":"上海市","citycode":21,"cityname":"上海市","adcode":310106,"adname":"静安区","business_area":"曹家渡","location":"121.444597,31.235819","tel":"021-52181033","bigType":"生活服务","midType":"洗衣店","smallType":"洗衣店","gcj_lng":121.444597,"gcj_lat":31.235819,"wgs84_loc":"121.439993,31.237691","wgs84Lng":121.439993,"wgs84Lat":31.237691,"__source_file__":"13-常用公服设施点/CSV/上海市_洗衣店.csv"},"geometry":{"type":"Point","coordinates":[121.439993,31.237691]}},{"id":"131","type":"Feature","properties":{"id":"B0HRP60TPL","name":"卡柏洗衣(余姚路店)","address":"余姚路175号丙","type":"生活服务;洗衣店;洗衣店","typecode":"071500","pcode":310000,"pname":"上海市","citycode":21,"cityname":"上海市","adcode":310106,"adname":"静安区","business_area":"曹家渡","location":"121.440071,31.235896","tel":"021-62883232","bigType":"生活服务","midType":"洗衣店","smallType":"洗衣店","gcj_lng":121.440071,"gcj_lat":31.235896,"wgs84_loc":"121.435457,31.23776","wgs84Lng":121.435457,"wgs84Lat":31.23776,"__source_file__":"13-常用公服设施点/CSV/上海市_洗衣店.csv"},"geometry":{"type":"Point","coordinates":[121.435457,31.23776]}},{"id":"2627","type":"Feature","properties":{"id":"B0FFGFBBFE","name":"福奈特(昌平路店)","address":"昌平路433号","type":"生活服务;洗衣店;洗衣店","typecode":"071500","pcode":310000,"pname":"上海市","citycode":21,"cityname":"上海市","adcode":310106,"adname":"静安区","business_area":"曹家渡","location":"121.447032,31.235919","tel":"021-62586117","bigType":"生活服务","midType":"洗衣店","smallType":"洗衣店","gcj_lng":121.447032,"gcj_lat":31.235919,"wgs84_loc":"121.442433,31.237796","wgs84Lng":121.442433,"wgs84Lat":31.237796,"__source_file__":"13-常用公服设施点/CSV/上海市_洗衣店.csv"},"geometry":{"type":"Point","coordinates":[121.442433,31.237796]}},{"id":"255","type":"Feature","properties":{"id":"B0FFMDV5OX","name":"UCC国际洗衣生活馆(新会路店)","address":"新会路437号(近胶州路)","type":"生活服务;洗衣店;洗衣店","typecode":"071500","pcode":310000,"pname":"上海市","citycode":21,"cityname":"上海市","adcode":310107,"adname":"普陀区","business_area":"曹家渡","location":"121.437581,31.237753","tel":"13621999941","bigType":"生活服务","midType":"洗衣店","smallType":"洗衣店","gcj_lng":121.437581,"gcj_lat":31.237753,"wgs84_loc":"121.432962,31.239612","wgs84Lng":121.432962,"wgs84Lat":31.239612,"__source_file__":"13-常用公服设施点/CSV/上海市_洗衣店.csv"},"geometry":{"type":"Point","coordinates":[121.432962,31.239612]}},{"id":"258","type":"Feature","properties":{"id":"B0FFMHTAQJ","name":"UCC国际洗衣生活馆(奢侈品护理)","address":"新会路437号","type":"生活服务;洗衣店;洗衣店","typecode":"071500","pcode":310000,"pname":"上海市","citycode":21,"cityname":"上海市","adcode":310107,"adname":"普陀区","business_area":"曹家渡","location":"121.437276,31.237759","tel":"13621999941","bigType":"生活服务","midType":"洗衣店","smallType":"洗衣店","gcj_lng":121.437276,"gcj_lat":31.237759,"wgs84_loc":"121.432657,31.239618","wgs84Lng":121.432657,"wgs84Lat":31.239618,"__source_file__":"13-常用公服设施点/CSV/上海市_洗衣店.csv"},"geometry":{"type":"Point","coordinates":[121.432657,31.239618]}},{"id":"164","type":"Feature","properties":{"id":"B0HUNCAF6N","name":"碧格沃自助洗衣","address":"西康路达安锦园-南区","type":"生活服务;洗衣店;洗衣店","typecode":"071500","pcode":310000,"pname":"上海市","citycode":21,"cityname":"上海市","adcode":310106,"adname":"静安区","business_area":"曹家渡","location":"121.443623,31.237811","tel":"[]","bigType":"生活服务","midType":"洗衣店","smallType":"洗衣店","gcj_lng":121.443623,"gcj_lat":31.237811,"wgs84_loc":"121.439016,31.239681","wgs84Lng":121.439016,"wgs84Lat":31.239681,"__source_file__":"13-常用公服设施点/CSV/上海市_洗衣店.csv"},"geometry":{"type":"Point","coordinates":[121.439016,31.239681]}},{"id":"1521","type":"Feature","properties":{"id":"B0FFGMYWLH","name":"象王洗得好(安远路店)","address":"安远路456号,常德名园底商(常德路口西侧)","type":"生活服务;洗衣店;洗衣店","typecode":"071500","pcode":310000,"pname":"上海市","citycode":21,"cityname":"上海市","adcode":310107,"adname":"普陀区","business_area":"曹家渡","location":"121.439324,31.237901","tel":"021-62520338;17301713362","bigType":"生活服务","midType":"洗衣店","smallType":"洗衣店","gcj_lng":121.439324,"gcj_lat":31.237901,"wgs84_loc":"121.434709,31.239763","wgs84Lng":121.434709,"wgs84Lat":31.239763,"__source_file__":"13-常用公服设施点/CSV/上海市_洗衣店.csv"},"geometry":{"type":"Point","coordinates":[121.434709,31.239763]}},{"id":"1449","type":"Feature","properties":{"id":"B0FFKMLGSY","name":"福奈特(常德路店)","address":"长寿路(地铁站)5号口步行28米","type":"生活服务;洗衣店;洗衣店","typecode":"071500","pcode":310000,"pname":"上海市","citycode":21,"cityname":"上海市","adcode":310107,"adname":"普陀区","business_area":"曹家渡","location":"121.439344,31.239168","tel":"021-52669271","bigType":"生活服务","midType":"洗衣店","smallType":"洗衣店","gcj_lng":121.439344,"gcj_lat":31.239168,"wgs84_loc":"121.434729,31.24103","wgs84Lng":121.434729,"wgs84Lat":31.24103,"__source_file__":"13-常用公服设施点/CSV/上海市_洗衣店.csv"},"geometry":{"type":"Point","coordinates":[121.434729,31.24103]}},{"id":"212","type":"Feature","properties":{"id":"B00155FV37","name":"恒协干洗连锁(西康路店)","address":"梅园路360号环龙三楼福源花园","type":"生活服务;洗衣店;洗衣店","typecode":"071500","pcode":310000,"pname":"上海市","citycode":21,"cityname":"上海市","adcode":310106,"adname":"静安区","business_area":"曹家渡","location":"121.442751,31.239215","tel":"13916713289;18964646502","bigType":"生活服务","midType":"洗衣店","smallType":"洗衣店","gcj_lng":121.442751,"gcj_lat":31.239215,"wgs84_loc":"121.438142,31.241082","wgs84Lng":121.438142,"wgs84Lat":31.241082,"__source_file__":"13-常用公服设施点/CSV/上海市_洗衣店.csv"},"geometry":{"type":"Point","coordinates":[121.438142,31.241082]}},{"id":"208","type":"Feature","properties":{"id":"B0FFL7RDJV","name":"WASHME大洗屋(陕西北路直营店)","address":"陕西北路1159号","type":"生活服务;洗衣店;洗衣店","typecode":"071500","pcode":310000,"pname":"上海市","citycode":21,"cityname":"上海市","adcode":310106,"adname":"静安区","business_area":"曹家渡","location":"121.444695,31.239967","tel":"021-62108010","bigType":"生活服务","midType":"洗衣店","smallType":"洗衣店","gcj_lng":121.444695,"gcj_lat":31.239967,"wgs84_loc":"121.440091,31.241837","wgs84Lng":121.440091,"wgs84Lat":31.241837,"__source_file__":"13-常用公服设施点/CSV/上海市_洗衣店.csv"},"geometry":{"type":"Point","coordinates":[121.440091,31.241837]}},{"id":"1518","type":"Feature","properties":{"id":"B0IGZ5YTYB","name":"上曜家洗衣奢侈品护理(胶州路店)","address":"胶州路1139号","type":"生活服务;洗衣店;洗衣店","typecode":"071500","pcode":310000,"pname":"上海市","citycode":21,"cityname":"上海市","adcode":310107,"adname":"普陀区","business_area":"曹家渡","location":"121.433149,31.240058","tel":"13301708056","bigType":"生活服务","midType":"洗衣店","smallType":"洗衣店","gcj_lng":121.433149,"gcj_lat":31.240058,"wgs84_loc":"121.428522,31.24191","wgs84Lng":121.428522,"wgs84Lat":31.24191,"__source_file__":"13-常用公服设施点/CSV/上海市_洗衣店.csv"},"geometry":{"type":"Point","coordinates":[121.428522,31.24191]}},{"id":"1517","type":"Feature","properties":{"id":"B00151BB17","name":"小白兔干洗中心","address":"常德路1313号","type":"生活服务;洗衣店;洗衣店","typecode":"071500","pcode":310000,"pname":"上海市","citycode":21,"cityname":"上海市","adcode":310107,"adname":"普陀区","business_area":"曹家渡","location":"121.435385,31.241500","tel":"021-62665571","bigType":"生活服务","midType":"洗衣店","smallType":"洗衣店","gcj_lng":121.435385,"gcj_lat":31.2415,"wgs84_loc":"121.430762,31.243354","wgs84Lng":121.430762,"wgs84Lat":31.243354,"__source_file__":"13-常用公服设施点/CSV/上海市_洗衣店.csv"},"geometry":{"type":"Point","coordinates":[121.430762,31.243354]}},{"id":"2806","type":"Feature","properties":{"id":"B00155LVPE","name":"象王洗得好(东新路店)","address":"东新路80号","type":"生活服务;洗衣店;洗衣店","typecode":"071500","pcode":310000,"pname":"上海市","citycode":21,"cityname":"上海市","adcode":310107,"adname":"普陀区","business_area":"光新","location":"121.427901,31.242304","tel":"021-61429449","bigType":"生活服务","midType":"洗衣店","smallType":"洗衣店","gcj_lng":121.427901,"gcj_lat":31.242304,"wgs84_loc":"121.423266,31.244148","wgs84Lng":121.423266,"wgs84Lat":31.244148,"__source_file__":"13-常用公服设施点/CSV/上海市_洗衣店.csv"},"geometry":{"type":"Point","coordinates":[121.423266,31.244148]}},{"id":"1468","type":"Feature","properties":{"id":"B0HGN6KU96","name":"浣洗洗衣上门取送(上海21店)","address":"西康路1369号上门取衣,不支持到店","type":"生活服务;洗衣店;洗衣店","typecode":"071500","pcode":310000,"pname":"上海市","citycode":21,"cityname":"上海市","adcode":310107,"adname":"普陀区","business_area":"曹家渡","location":"121.436112,31.243904","tel":"4006886117","bigType":"生活服务","midType":"洗衣店","smallType":"洗衣店","gcj_lng":121.436112,"gcj_lat":31.243904,"wgs84_loc":"121.43149,31.245758","wgs84Lng":121.43149,"wgs84Lat":31.245758,"__source_file__":"13-常用公服设施点/CSV/上海市_洗衣店.csv"},"geometry":{"type":"Point","coordinates":[121.43149,31.245758]}},{"id":"262","type":"Feature","properties":{"id":"B0FFMDKFMP","name":"大鲸洗干洗到家(普陀区长寿路店)","address":"西康路1369号(顺丰快递站点内)","type":"生活服务;洗衣店;洗衣店","typecode":"071500","pcode":310000,"pname":"上海市","citycode":21,"cityname":"上海市","adcode":310107,"adname":"普陀区","business_area":"曹家渡","location":"121.436175,31.243913","tel":"4006781160","bigType":"生活服务","midType":"洗衣店","smallType":"洗衣店","gcj_lng":121.436175,"gcj_lat":31.243913,"wgs84_loc":"121.431553,31.245767","wgs84Lng":121.431553,"wgs84Lat":31.245767,"__source_file__":"13-常用公服设施点/CSV/上海市_洗衣店.csv"},"geometry":{"type":"Point","coordinates":[121.431553,31.245767]}},{"id":"1520","type":"Feature","properties":{"id":"B0FFH8JUS3","name":"象王洗得好(澳门店)","address":"长寿路街道西康路1417号象王洗衣店","type":"生活服务;洗衣店;洗衣店","typecode":"071500","pcode":310000,"pname":"上海市","citycode":21,"cityname":"上海市","adcode":310107,"adname":"普陀区","business_area":"曹家渡","location":"121.435492,31.244327","tel":"021-62667730","bigType":"生活服务","midType":"洗衣店","smallType":"洗衣店","gcj_lng":121.435492,"gcj_lat":31.244327,"wgs84_loc":"121.430869,31.24618","wgs84Lng":121.430869,"wgs84Lat":31.24618,"__source_file__":"13-常用公服设施点/CSV/上海市_洗衣店.csv"},"geometry":{"type":"Point","coordinates":[121.430869,31.24618]}},{"id":"2701","type":"Feature","properties":{"id":"B001519A3F","name":"博宏高质干洗(博宏店)","address":"澳门路660弄451-1号","type":"生活服务;洗衣店;洗衣店","typecode":"071500","pcode":310000,"pname":"上海市","citycode":21,"cityname":"上海市","adcode":310107,"adname":"普陀区","business_area":"曹家渡","location":"121.436015,31.245774","tel":"[]","bigType":"生活服务","midType":"洗衣店","smallType":"洗衣店","gcj_lng":121.436015,"gcj_lat":31.245774,"wgs84_loc":"121.431393,31.247627","wgs84Lng":121.431393,"wgs84Lat":31.247627,"__source_file__":"13-常用公服设施点/CSV/上海市_洗衣店.csv"},"geometry":{"type":"Point","coordinates":[121.431393,31.247627]}},{"id":"2664","type":"Feature","properties":{"id":"B0FFFLJCY3","name":"威特斯洗衣(镇坪路店)","address":"镇坪路264号","type":"生活服务;洗衣店;洗衣店","typecode":"071500","pcode":310000,"pname":"上海市","citycode":21,"cityname":"上海市","adcode":310107,"adname":"普陀区","business_area":"光新","location":"121.432054,31.246797","tel":"021-62226096","bigType":"生活服务","midType":"洗衣店","smallType":"洗衣店","gcj_lng":121.432054,"gcj_lat":31.246797,"wgs84_loc":"121.427425,31.248644","wgs84Lng":121.427425,"wgs84Lat":31.248644,"__source_file__":"13-常用公服设施点/CSV/上海市_洗衣店.csv"},"geometry":{"type":"Point","coordinates":[121.427425,31.248644]}},{"id":"1479","type":"Feature","properties":{"id":"B00155QSBP","name":"民众洗衣店","address":"中山北路2139弄76号","type":"生活服务;洗衣店;洗衣店","typecode":"071500","pcode":310000,"pname":"上海市","citycode":21,"cityname":"上海市","adcode":310107,"adname":"普陀区","business_area":"光新","location":"121.428133,31.248552","tel":"13661728571","bigType":"生活服务","midType":"洗衣店","smallType":"洗衣店","gcj_lng":121.428133,"gcj_lat":31.248552,"wgs84_loc":"121.423498,31.250394","wgs84Lng":121.423498,"wgs84Lat":31.250394,"__source_file__":"13-常用公服设施点/CSV/上海市_洗衣店.csv"},"geometry":{"type":"Point","coordinates":[121.423498,31.250394]}},{"id":"260","type":"Feature","properties":{"id":"B00154DQOP","name":"福奈特(海阳路店)","address":"中山北路1941号(镇坪路口)","type":"生活服务;洗衣店;洗衣店","typecode":"071500","pcode":310000,"pname":"上海市","citycode":21,"cityname":"上海市","adcode":310107,"adname":"普陀区","business_area":"光新","location":"121.431096,31.249275","tel":"021-62057525","bigType":"生活服务","midType":"洗衣店","smallType":"洗衣店","gcj_lng":121.431096,"gcj_lat":31.249275,"wgs84_loc":"121.426465,31.25112","wgs84Lng":121.426465,"wgs84Lat":31.25112,"__source_file__":"13-常用公服设施点/CSV/上海市_洗衣店.csv"},"geometry":{"type":"Point","coordinates":[121.426465,31.25112]}},{"id":"1485","type":"Feature","properties":{"id":"B0G1BM9P94","name":"尽净洗衣(盒马189广场店)","address":"长寿路(地铁站)3号口步行264米","type":"生活服务;洗衣店;洗衣店","typecode":"071500","pcode":310000,"pname":"上海市","citycode":21,"cityname":"上海市","adcode":310107,"adname":"普陀区","business_area":"曹家渡","location":"121.440264,31.242031","tel":"[]","bigType":"生活服务","midType":"洗衣店","smallType":"洗衣店","gcj_lng":121.440264,"gcj_lat":31.242031,"wgs84_loc":"121.43565,31.243893","wgs84Lng":121.43565,"wgs84Lat":31.243893,"__source_file__":"13-常用公服设施点/CSV/上海市_洗衣店.csv"},"geometry":{"type":"Point","coordinates":[121.43565,31.243893]}},{"id":"1493","type":"Feature","properties":{"id":"B0H01RSYO6","name":"洗衣","address":"新会路44号","type":"生活服务;洗衣店;洗衣店","typecode":"071500","pcode":310000,"pname":"上海市","citycode":21,"cityname":"上海市","adcode":310107,"adname":"普陀区","business_area":"曹家渡","location":"121.443551,31.242676","tel":"17269734888","bigType":"生活服务","midType":"洗衣店","smallType":"洗衣店","gcj_lng":121.443551,"gcj_lat":31.242676,"wgs84_loc":"121.438944,31.244543","wgs84Lng":121.438944,"wgs84Lat":31.244543,"__source_file__":"13-常用公服设施点/CSV/上海市_洗衣店.csv"},"geometry":{"type":"Point","coordinates":[121.438944,31.244543]}},{"id":"1465","type":"Feature","properties":{"id":"B0FFHDFROD","name":"UCC国际洗衣(澳门路店)","address":"澳门路536号陕西北路交叉口","type":"生活服务;洗衣店;洗衣店","typecode":"071500","pcode":310000,"pname":"上海市","citycode":21,"cityname":"上海市","adcode":310107,"adname":"普陀区","business_area":"曹家渡","location":"121.439122,31.245732","tel":"13661820871;17770884995","bigType":"生活服务","midType":"洗衣店","smallType":"洗衣店","gcj_lng":121.439122,"gcj_lat":31.245732,"wgs84_loc":"121.434506,31.24759","wgs84Lng":121.434506,"wgs84Lat":31.24759,"__source_file__":"13-常用公服设施点/CSV/上海市_洗衣店.csv"},"geometry":{"type":"Point","coordinates":[121.434506,31.24759]}},{"id":"805","type":"Feature","properties":{"id":"B001557A0X","name":"荷兰金风车洗涤(中远店)","address":"中潭路249号","type":"生活服务;洗衣店;洗衣店","typecode":"071500","pcode":310000,"pname":"上海市","citycode":21,"cityname":"上海市","adcode":310107,"adname":"普陀区","business_area":"光新","location":"121.437934,31.249613","tel":"021-52955951","bigType":"生活服务","midType":"洗衣店","smallType":"洗衣店","gcj_lng":121.437934,"gcj_lat":31.249613,"wgs84_loc":"121.433315,31.251468","wgs84Lng":121.433315,"wgs84Lat":31.251468,"__source_file__":"13-常用公服设施点/CSV/上海市_洗衣店.csv"},"geometry":{"type":"Point","coordinates":[121.433315,31.251468]}},{"id":"804","type":"Feature","properties":{"id":"B0G0AKPFFQ","name":"洗鞋洗包洗衣一站式奢饰品护理","address":"中潭路与潘家湾路交叉口东约140米","type":"生活服务;洗衣店;洗衣店","typecode":"071500","pcode":310000,"pname":"上海市","citycode":21,"cityname":"上海市","adcode":310107,"adname":"普陀区","business_area":"光新","location":"121.445167,31.250630","tel":"[]","bigType":"生活服务","midType":"洗衣店","smallType":"洗衣店","gcj_lng":121.445167,"gcj_lat":31.25063,"wgs84_loc":"121.440563,31.252497","wgs84Lng":121.440563,"wgs84Lat":31.252497,"__source_file__":"13-常用公服设施点/CSV/上海市_洗衣店.csv"},"geometry":{"type":"Point","coordinates":[121.440563,31.252497]}},{"id":"802","type":"Feature","properties":{"id":"B0FFHOVF3P","name":"极至阳光自助洗衣店","address":"远景路97弄35号(中远第四居委会)","type":"生活服务;洗衣店;洗衣店","typecode":"071500","pcode":310000,"pname":"上海市","citycode":21,"cityname":"上海市","adcode":310107,"adname":"普陀区","business_area":"光新","location":"121.447249,31.251545","tel":"18930974643","bigType":"生活服务","midType":"洗衣店","smallType":"洗衣店","gcj_lng":121.447249,"gcj_lat":31.251545,"wgs84_loc":"121.442649,31.253415","wgs84Lng":121.442649,"wgs84Lat":31.253415,"__source_file__":"13-常用公服设施点/CSV/上海市_洗衣店.csv"},"geometry":{"type":"Point","coordinates":[121.442649,31.253415]}},{"id":"2912","type":"Feature","properties":{"id":"B00157HYC9","name":"温斯顿干洗店","address":"宜川街道中远两湾城97弄31号温斯顿干洗店","type":"生活服务;洗衣店;洗衣店","typecode":"071500","pcode":310000,"pname":"上海市","citycode":21,"cityname":"上海市","adcode":310107,"adname":"普陀区","business_area":"光新","location":"121.447772,31.251593","tel":"021-61178297;13666467096","bigType":"生活服务","midType":"洗衣店","smallType":"洗衣店","gcj_lng":121.447772,"gcj_lat":31.251593,"wgs84_loc":"121.443174,31.253464","wgs84Lng":121.443174,"wgs84Lat":31.253464,"__source_file__":"13-常用公服设施点/CSV/上海市_洗衣店.csv"},"geometry":{"type":"Point","coordinates":[121.443174,31.253464]}},{"id":"15","type":"Feature","properties":{"id":"B0FFHIY7W8","name":"象王洗得好(中潭直营店)","address":"中潭路100弄158号","type":"生活服务;洗衣店;洗衣店","typecode":"071500","pcode":310000,"pname":"上海市","citycode":21,"cityname":"上海市","adcode":310107,"adname":"普陀区","business_area":"光新","location":"121.443699,31.251739","tel":"[]","bigType":"生活服务","midType":"洗衣店","smallType":"洗衣店","gcj_lng":121.443699,"gcj_lat":31.251739,"wgs84_loc":"121.439091,31.253602","wgs84Lng":121.439091,"wgs84Lat":31.253602,"__source_file__":"13-常用公服设施点/CSV/上海市_洗衣店.csv"},"geometry":{"type":"Point","coordinates":[121.439091,31.253602]}},{"id":"801","type":"Feature","properties":{"id":"B0FFH7FRFZ","name":"福洁特洗衣","address":"中潭路99弄106号","type":"生活服务;洗衣店;洗衣店","typecode":"071500","pcode":310000,"pname":"上海市","citycode":21,"cityname":"上海市","adcode":310107,"adname":"普陀区","business_area":"光新","location":"121.438795,31.251766","tel":"021-52908160","bigType":"生活服务","midType":"洗衣店","smallType":"洗衣店","gcj_lng":121.438795,"gcj_lat":31.251766,"wgs84_loc":"121.434177,31.253621","wgs84Lng":121.434177,"wgs84Lat":31.253621,"__source_file__":"13-常用公服设施点/CSV/上海市_洗衣店.csv"},"geometry":{"type":"Point","coordinates":[121.434177,31.253621]}},{"id":"803","type":"Feature","properties":{"id":"B0FFHFURGA","name":"easywash美式自助洗衣店","address":"[]","type":"生活服务;洗衣店;洗衣店","typecode":"071500","pcode":310000,"pname":"上海市","citycode":21,"cityname":"上海市","adcode":310107,"adname":"普陀区","business_area":"光新","location":"121.445924,31.251813","tel":"[]","bigType":"生活服务","midType":"洗衣店","smallType":"洗衣店","gcj_lng":121.445924,"gcj_lat":31.251813,"wgs84_loc":"121.441321,31.25368","wgs84Lng":121.441321,"wgs84Lat":31.25368,"__source_file__":"13-常用公服设施点/CSV/上海市_洗衣店.csv"},"geometry":{"type":"Point","coordinates":[121.441321,31.25368]}},{"id":"2526","type":"Feature","properties":{"id":"B00156NW1R","name":"汉中洗衣店","address":"汉中路汉中小区28弄1号","type":"生活服务;洗衣店;洗衣店","typecode":"071500","pcode":310000,"pname":"上海市","citycode":21,"cityname":"上海市","adcode":310106,"adname":"静安区","business_area":"[]","location":"121.459243,31.243032","tel":"13918461617","bigType":"生活服务","midType":"洗衣店","smallType":"洗衣店","gcj_lng":121.459243,"gcj_lat":31.243032,"wgs84_loc":"121.454675,31.244932","wgs84Lng":121.454675,"wgs84Lat":31.244932,"__source_file__":"13-常用公服设施点/CSV/上海市_洗衣店.csv"},"geometry":{"type":"Point","coordinates":[121.454675,31.244932]}},{"id":"166","type":"Feature","properties":{"id":"B0GK4YMDBQ","name":"洗衣酱洗衣上门取送(大统路上门取送)","address":"大统路615号","type":"生活服务;洗衣店;洗衣店","typecode":"071500","pcode":310000,"pname":"上海市","citycode":21,"cityname":"上海市","adcode":310106,"adname":"静安区","business_area":"宝山路","location":"121.460127,31.249248","tel":"18912942673","bigType":"生活服务","midType":"洗衣店","smallType":"洗衣店","gcj_lng":121.460127,"gcj_lat":31.249248,"wgs84_loc":"121.455561,31.251147","wgs84Lng":121.455561,"wgs84Lat":31.251147,"__source_file__":"13-常用公服设施点/CSV/上海市_洗衣店.csv"},"geometry":{"type":"Point","coordinates":[121.455561,31.251147]}},{"id":"179","type":"Feature","properties":{"id":"B0HDXB7GTW","name":"百微洁洗衣","address":"太阳山路89号","type":"生活服务;洗衣店;洗衣店","typecode":"071500","pcode":310000,"pname":"上海市","citycode":21,"cityname":"上海市","adcode":310106,"adname":"静安区","business_area":"宝山路","location":"121.461933,31.249752","tel":"13788901773","bigType":"生活服务","midType":"洗衣店","smallType":"洗衣店","gcj_lng":121.461933,"gcj_lat":31.249752,"wgs84_loc":"121.457372,31.251655","wgs84Lng":121.457372,"wgs84Lat":31.251655,"__source_file__":"13-常用公服设施点/CSV/上海市_洗衣店.csv"},"geometry":{"type":"Point","coordinates":[121.457372,31.251655]}},{"id":"219","type":"Feature","properties":{"id":"B0H095K4NL","name":"洗衣通洗护生活馆(长兴路店)","address":"太阳山路190号","type":"生活服务;洗衣店;洗衣店","typecode":"071500","pcode":310000,"pname":"上海市","citycode":21,"cityname":"上海市","adcode":310106,"adname":"静安区","business_area":"和田","location":"121.461070,31.250023","tel":"18101854998","bigType":"生活服务","midType":"洗衣店","smallType":"洗衣店","gcj_lng":121.46107,"gcj_lat":31.250023,"wgs84_loc":"121.456506,31.251924","wgs84Lng":121.456506,"wgs84Lat":31.251924,"__source_file__":"13-常用公服设施点/CSV/上海市_洗衣店.csv"},"geometry":{"type":"Point","coordinates":[121.456506,31.251924]}},{"id":"129","type":"Feature","properties":{"id":"B0FFG74Y9C","name":"玛丽阿姨健康洗衣(太阳山路)","address":"永兴路928弄中海万锦城8号101","type":"生活服务;洗衣店;洗衣店","typecode":"071500","pcode":310000,"pname":"上海市","citycode":21,"cityname":"上海市","adcode":310106,"adname":"静安区","business_area":"宝山路","location":"121.460100,31.250406","tel":"021-56522238;13501752567","bigType":"生活服务","midType":"洗衣店","smallType":"洗衣店","gcj_lng":121.4601,"gcj_lat":31.250406,"wgs84_loc":"121.455534,31.252304","wgs84Lng":121.455534,"wgs84Lat":31.252304,"__source_file__":"13-常用公服设施点/CSV/上海市_洗衣店.csv"},"geometry":{"type":"Point","coordinates":[121.455534,31.252304]}},{"id":"188","type":"Feature","properties":{"id":"B0G3OZA7D9","name":"UCC国际洗衣长兴路店","address":"长兴路178号一层","type":"生活服务;洗衣店;洗衣店","typecode":"071500","pcode":310000,"pname":"上海市","citycode":21,"cityname":"上海市","adcode":310106,"adname":"静安区","business_area":"和田","location":"121.461607,31.250866","tel":"18817333668;19851798743","bigType":"生活服务","midType":"洗衣店","smallType":"洗衣店","gcj_lng":121.461607,"gcj_lat":31.250866,"wgs84_loc":"121.457045,31.252768","wgs84Lng":121.457045,"wgs84Lat":31.252768,"__source_file__":"13-常用公服设施点/CSV/上海市_洗衣店.csv"},"geometry":{"type":"Point","coordinates":[121.457045,31.252768]}},{"id":"1457","type":"Feature","properties":{"id":"B0GKK7X7V9","name":"UCC国际洗衣(中华新路旗舰店)","address":"中华新路1141号底层","type":"生活服务;洗衣店;洗衣店","typecode":"071500","pcode":310000,"pname":"上海市","citycode":21,"cityname":"上海市","adcode":310107,"adname":"普陀区","business_area":"和田","location":"121.449337,31.255054","tel":"13621933717","bigType":"生活服务","midType":"洗衣店","smallType":"洗衣店","gcj_lng":121.449337,"gcj_lat":31.255054,"wgs84_loc":"121.444742,31.256927","wgs84Lng":121.444742,"wgs84Lat":31.256927,"__source_file__":"13-常用公服设施点/CSV/上海市_洗衣店.csv"},"geometry":{"type":"Point","coordinates":[121.444742,31.256927]}},{"id":"206","type":"Feature","properties":{"id":"B00155DNX1","name":"象王洗得好(芷江店)","address":"大统路1028号","type":"生活服务;洗衣店;洗衣店","typecode":"071500","pcode":310000,"pname":"上海市","citycode":21,"cityname":"上海市","adcode":310106,"adname":"静安区","business_area":"宝山路","location":"121.459264,31.256027","tel":"021-66580612","bigType":"生活服务","midType":"洗衣店","smallType":"洗衣店","gcj_lng":121.459264,"gcj_lat":31.256027,"wgs84_loc":"121.454695,31.257921","wgs84Lng":121.454695,"wgs84Lat":31.257921,"__source_file__":"13-常用公服设施点/CSV/上海市_洗衣店.csv"},"geometry":{"type":"Point","coordinates":[121.454695,31.257921]}},{"id":"165","type":"Feature","properties":{"id":"B0HRGN8MJN","name":"福洁特洗衣(芷江西路店)","address":"芷江西路573号","type":"生活服务;洗衣店;洗衣店","typecode":"071500","pcode":310000,"pname":"上海市","citycode":21,"cityname":"上海市","adcode":310106,"adname":"静安区","business_area":"和田","location":"121.455396,31.256652","tel":"021-56555476","bigType":"生活服务","midType":"洗衣店","smallType":"洗衣店","gcj_lng":121.455396,"gcj_lat":31.256652,"wgs84_loc":"121.450816,31.258537","wgs84Lng":121.450816,"wgs84Lat":31.258537,"__source_file__":"13-常用公服设施点/CSV/上海市_洗衣店.csv"},"geometry":{"type":"Point","coordinates":[121.450816,31.258537]}},{"id":"253","type":"Feature","properties":{"id":"B00157HZ46","name":"依丽洁干洗店(谈家桥路店)","address":"谈家桥路8号","type":"生活服务;洗衣店;洗衣店","typecode":"071500","pcode":310000,"pname":"上海市","citycode":21,"cityname":"上海市","adcode":310106,"adname":"静安区","business_area":"和田","location":"121.453832,31.260961","tel":"[]","bigType":"生活服务","midType":"洗衣店","smallType":"洗衣店","gcj_lng":121.453832,"gcj_lat":31.260961,"wgs84_loc":"121.449248,31.262841","wgs84Lng":121.449248,"wgs84Lat":31.262841,"__source_file__":"13-常用公服设施点/CSV/上海市_洗衣店.csv"},"geometry":{"type":"Point","coordinates":[121.449248,31.262841]}},{"id":"1506","type":"Feature","properties":{"id":"B00151C723","name":"正章洗染(镇坪路店)","address":"镇坪路70号","type":"生活服务;洗衣店;洗衣店","typecode":"071500","pcode":310000,"pname":"上海市","citycode":21,"cityname":"上海市","adcode":310107,"adname":"普陀区","business_area":"光新","location":"121.428733,31.250349","tel":"021-52913023","bigType":"生活服务","midType":"洗衣店","smallType":"洗衣店","gcj_lng":121.428733,"gcj_lat":31.250349,"wgs84_loc":"121.424099,31.252191","wgs84Lng":121.424099,"wgs84Lat":31.252191,"__source_file__":"13-常用公服设施点/CSV/上海市_洗衣店.csv"},"geometry":{"type":"Point","coordinates":[121.424099,31.252191]}},{"id":"1505","type":"Feature","properties":{"id":"B00152BFD3","name":"蕾蕾洗衣店(镇坪路)","address":"镇坪路63号","type":"生活服务;洗衣店;洗衣店","typecode":"071500","pcode":310000,"pname":"上海市","citycode":21,"cityname":"上海市","adcode":310107,"adname":"普陀区","business_area":"光新","location":"121.428182,31.250681","tel":"[]","bigType":"生活服务","midType":"洗衣店","smallType":"洗衣店","gcj_lng":121.428182,"gcj_lat":31.250681,"wgs84_loc":"121.423547,31.252522","wgs84Lng":121.423547,"wgs84Lat":31.252522,"__source_file__":"13-常用公服设施点/CSV/上海市_洗衣店.csv"},"geometry":{"type":"Point","coordinates":[121.423547,31.252522]}},{"id":"254","type":"Feature","properties":{"id":"B0GK9ZPC1R","name":"洗衣通洗护生活馆(中远两湾城店)","address":"中潭路99弄149号","type":"生活服务;洗衣店;洗衣店","typecode":"071500","pcode":310000,"pname":"上海市","citycode":21,"cityname":"上海市","adcode":310107,"adname":"普陀区","business_area":"光新","location":"121.437013,31.251770","tel":"19921985379","bigType":"生活服务","midType":"洗衣店","smallType":"洗衣店","gcj_lng":121.437013,"gcj_lat":31.25177,"wgs84_loc":"121.432392,31.253622","wgs84Lng":121.432392,"wgs84Lat":31.253622,"__source_file__":"13-常用公服设施点/CSV/上海市_洗衣店.csv"},"geometry":{"type":"Point","coordinates":[121.432392,31.253622]}},{"id":"1456","type":"Feature","properties":{"id":"B00156O54H","name":"卡丽斯贵族洗衣(石泉东路)","address":"光新路268号-6号","type":"生活服务;洗衣店;洗衣店","typecode":"071500","pcode":310000,"pname":"上海市","citycode":21,"cityname":"上海市","adcode":310107,"adname":"普陀区","business_area":"光新","location":"121.431783,31.253762","tel":"15802137492","bigType":"生活服务","midType":"洗衣店","smallType":"洗衣店","gcj_lng":121.431783,"gcj_lat":31.253762,"wgs84_loc":"121.427153,31.255606","wgs84Lng":121.427153,"wgs84Lat":31.255606,"__source_file__":"13-常用公服设施点/CSV/上海市_洗衣店.csv"},"geometry":{"type":"Point","coordinates":[121.427153,31.255606]}},{"id":"1524","type":"Feature","properties":{"id":"B0FFG69SKP","name":"象王洗得好(石泉东路店)","address":"石泉东路222号","type":"生活服务;洗衣店;洗衣店","typecode":"071500","pcode":310000,"pname":"上海市","citycode":21,"cityname":"上海市","adcode":310107,"adname":"普陀区","business_area":"大宁路","location":"121.433358,31.255659","tel":"021-32551593","bigType":"生活服务","midType":"洗衣店","smallType":"洗衣店","gcj_lng":121.433358,"gcj_lat":31.255659,"wgs84_loc":"121.42873,31.257504","wgs84Lng":121.42873,"wgs84Lat":31.257504,"__source_file__":"13-常用公服设施点/CSV/上海市_洗衣店.csv"},"geometry":{"type":"Point","coordinates":[121.42873,31.257504]}},{"id":"1458","type":"Feature","properties":{"id":"B0G1S9DYS3","name":"UCC国际洗衣(志丹路精选店)","address":"志丹路71号一5一6","type":"生活服务;洗衣店;洗衣店","typecode":"071500","pcode":310000,"pname":"上海市","citycode":21,"cityname":"上海市","adcode":310107,"adname":"普陀区","business_area":"光新","location":"121.430625,31.260345","tel":"19512231815","bigType":"生活服务","midType":"洗衣店","smallType":"洗衣店","gcj_lng":121.430625,"gcj_lat":31.260345,"wgs84_loc":"121.425993,31.262185","wgs84Lng":121.425993,"wgs84Lat":31.262185,"__source_file__":"13-常用公服设施点/CSV/上海市_洗衣店.csv"},"geometry":{"type":"Point","coordinates":[121.425993,31.262185]}},{"id":"800","type":"Feature","properties":{"id":"B0FFF2LPMP","name":"卡柏洗衣(中远两湾城店)","address":"中潭路100弄18号","type":"生活服务;洗衣店;洗衣店","typecode":"071500","pcode":310000,"pname":"上海市","citycode":21,"cityname":"上海市","adcode":310107,"adname":"普陀区","business_area":"光新","location":"121.442453,31.254133","tel":"021-52955797","bigType":"生活服务","midType":"洗衣店","smallType":"洗衣店","gcj_lng":121.442453,"gcj_lat":31.254133,"wgs84_loc":"121.437843,31.255993","wgs84Lng":121.437843,"wgs84Lat":31.255993,"__source_file__":"13-常用公服设施点/CSV/上海市_洗衣店.csv"},"geometry":{"type":"Point","coordinates":[121.437843,31.255993]}},{"id":"1467","type":"Feature","properties":{"id":"B00154DASJ","name":"洁尔美洗衣店(中华新路店)","address":"中华新路1160号","type":"生活服务;洗衣店;洗衣店","typecode":"071500","pcode":310000,"pname":"上海市","citycode":21,"cityname":"上海市","adcode":310107,"adname":"普陀区","business_area":"和田","location":"121.449156,31.255230","tel":"021-56539058","bigType":"生活服务","midType":"洗衣店","smallType":"洗衣店","gcj_lng":121.449156,"gcj_lat":31.25523,"wgs84_loc":"121.44456,31.257102","wgs84Lng":121.44456,"wgs84Lat":31.257102,"__source_file__":"13-常用公服设施点/CSV/上海市_洗衣店.csv"},"geometry":{"type":"Point","coordinates":[121.44456,31.257102]}},{"id":"1463","type":"Feature","properties":{"id":"B0GRXXAKH2","name":"便民洗衣店","address":"中潭路(地铁站)4号口步行766米","type":"生活服务;洗衣店;洗衣店","typecode":"071500","pcode":310000,"pname":"上海市","citycode":21,"cityname":"上海市","adcode":310107,"adname":"普陀区","business_area":"光新","location":"121.444295,31.257306","tel":"18221387916","bigType":"生活服务","midType":"洗衣店","smallType":"洗衣店","gcj_lng":121.444295,"gcj_lat":31.257306,"wgs84_loc":"121.439688,31.259168","wgs84Lng":121.439688,"wgs84Lat":31.259168,"__source_file__":"13-常用公服设施点/CSV/上海市_洗衣店.csv"},"geometry":{"type":"Point","coordinates":[121.439688,31.259168]}},{"id":"2691","type":"Feature","properties":{"id":"B001538989","name":"宜川干洗中心","address":"骊山路52号","type":"生活服务;洗衣店;洗衣店","typecode":"071500","pcode":310000,"pname":"上海市","citycode":21,"cityname":"上海市","adcode":310107,"adname":"普陀区","business_area":"大宁路","location":"121.444750,31.258506","tel":"[]","bigType":"生活服务","midType":"洗衣店","smallType":"洗衣店","gcj_lng":121.44475,"gcj_lat":31.258506,"wgs84_loc":"121.440144,31.260368","wgs84Lng":121.440144,"wgs84Lat":31.260368,"__source_file__":"13-常用公服设施点/CSV/上海市_洗衣店.csv"},"geometry":{"type":"Point","coordinates":[121.440144,31.260368]}},{"id":"1461","type":"Feature","properties":{"id":"B0015145AE","name":"曙光洗衣店(洛川路店)","address":"洛川路131号","type":"生活服务;洗衣店;洗衣店","typecode":"071500","pcode":310000,"pname":"上海市","citycode":21,"cityname":"上海市","adcode":310107,"adname":"普陀区","business_area":"大宁路","location":"121.442760,31.262375","tel":"021-56088538","bigType":"生活服务","midType":"洗衣店","smallType":"洗衣店","gcj_lng":121.44276,"gcj_lat":31.262375,"wgs84_loc":"121.438149,31.264232","wgs84Lng":121.438149,"wgs84Lat":31.264232,"__source_file__":"13-常用公服设施点/CSV/上海市_洗衣店.csv"},"geometry":{"type":"Point","coordinates":[121.438149,31.264232]}},{"id":"1476","type":"Feature","properties":{"id":"B00155G7ZW","name":"第一西伦利亚洗衣","address":"延长西路170号","type":"生活服务;洗衣店;洗衣店","typecode":"071500","pcode":310000,"pname":"上海市","citycode":21,"cityname":"上海市","adcode":310107,"adname":"普陀区","business_area":"光新","location":"121.440151,31.263156","tel":"021-56062174","bigType":"生活服务","midType":"洗衣店","smallType":"洗衣店","gcj_lng":121.440151,"gcj_lat":31.263156,"wgs84_loc":"121.435535,31.265008","wgs84Lng":121.435535,"wgs84Lat":31.265008,"__source_file__":"13-常用公服设施点/CSV/上海市_洗衣店.csv"},"geometry":{"type":"Point","coordinates":[121.435535,31.265008]}},{"id":"198","type":"Feature","properties":{"id":"B0G1TDW5NL","name":"台湾正章洗衣(延长中路店)","address":"延长中路737号","type":"生活服务;洗衣店;洗衣店","typecode":"071500","pcode":310000,"pname":"上海市","citycode":21,"cityname":"上海市","adcode":310106,"adname":"静安区","business_area":"大宁路","location":"121.446458,31.267266","tel":"021-56551636","bigType":"生活服务","midType":"洗衣店","smallType":"洗衣店","gcj_lng":121.446458,"gcj_lat":31.267266,"wgs84_loc":"121.441855,31.269128","wgs84Lng":121.441855,"wgs84Lat":31.269128,"__source_file__":"13-常用公服设施点/CSV/上海市_洗衣店.csv"},"geometry":{"type":"Point","coordinates":[121.441855,31.269128]}},{"id":"238","type":"Feature","properties":{"id":"B0I6HSXS6V","name":"一间汏衣店(万荣路)","address":"万荣路88号-9","type":"生活服务;洗衣店;洗衣店","typecode":"071500","pcode":310000,"pname":"上海市","citycode":21,"cityname":"上海市","adcode":310106,"adname":"静安区","business_area":"大宁路","location":"121.448523,31.270535","tel":"13301680308","bigType":"生活服务","midType":"洗衣店","smallType":"洗衣店","gcj_lng":121.448523,"gcj_lat":31.270535,"wgs84_loc":"121.443925,31.272399","wgs84Lng":121.443925,"wgs84Lat":31.272399,"__source_file__":"13-常用公服设施点/CSV/上海市_洗衣店.csv"},"geometry":{"type":"Point","coordinates":[121.443925,31.272399]}},{"id":"175","type":"Feature","properties":{"id":"B00156D9NK","name":"永洁干洗(闸北店)","address":"大宁路660弄21-3号","type":"生活服务;洗衣店;洗衣店","typecode":"071500","pcode":310000,"pname":"上海市","citycode":21,"cityname":"上海市","adcode":310106,"adname":"静安区","business_area":"大宁路","location":"121.449332,31.271136","tel":"021-66521765;18930043053","bigType":"生活服务","midType":"洗衣店","smallType":"洗衣店","gcj_lng":121.449332,"gcj_lat":31.271136,"wgs84_loc":"121.444736,31.273002","wgs84Lng":121.444736,"wgs84Lat":31.273002,"__source_file__":"13-常用公服设施点/CSV/上海市_洗衣店.csv"},"geometry":{"type":"Point","coordinates":[121.444736,31.273002]}},{"id":"222","type":"Feature","properties":{"id":"B0FFK0W2JB","name":"UCC国际洗衣(万荣路店)","address":"万荣路213号","type":"生活服务;洗衣店;洗衣店","typecode":"071500","pcode":310000,"pname":"上海市","citycode":21,"cityname":"上海市","adcode":310106,"adname":"静安区","business_area":"大宁路","location":"121.447895,31.271280","tel":"4007188866;15902171981","bigType":"生活服务","midType":"洗衣店","smallType":"洗衣店","gcj_lng":121.447895,"gcj_lat":31.27128,"wgs84_loc":"121.443295,31.273143","wgs84Lng":121.443295,"wgs84Lat":31.273143,"__source_file__":"13-常用公服设施点/CSV/上海市_洗衣店.csv"},"geometry":{"type":"Point","coordinates":[121.443295,31.273143]}},{"id":"181","type":"Feature","properties":{"id":"B0GKGG58IC","name":"大鲸洗干洗到家(静安区盛源广场店)","address":"柳营路771号","type":"生活服务;洗衣店;洗衣店","typecode":"071500","pcode":310000,"pname":"上海市","citycode":21,"cityname":"上海市","adcode":310106,"adname":"静安区","business_area":"和田","location":"121.455725,31.263571","tel":"4006781160","bigType":"生活服务","midType":"洗衣店","smallType":"洗衣店","gcj_lng":121.455725,"gcj_lat":31.263571,"wgs84_loc":"121.451145,31.265454","wgs84Lng":121.451145,"wgs84Lat":31.265454,"__source_file__":"13-常用公服设施点/CSV/上海市_洗衣店.csv"},"geometry":{"type":"Point","coordinates":[121.451145,31.265454]}},{"id":"2537","type":"Feature","properties":{"id":"B00154DA3L","name":"大众干洗店(普善路店)","address":"普善路850号","type":"生活服务;洗衣店;洗衣店","typecode":"071500","pcode":310000,"pname":"上海市","citycode":21,"cityname":"上海市","adcode":310106,"adname":"静安区","business_area":"和田","location":"121.450457,31.265794","tel":"[]","bigType":"生活服务","midType":"洗衣店","smallType":"洗衣店","gcj_lng":121.450457,"gcj_lat":31.265794,"wgs84_loc":"121.445864,31.267664","wgs84Lng":121.445864,"wgs84Lat":31.267664,"__source_file__":"13-常用公服设施点/CSV/上海市_洗衣店.csv"},"geometry":{"type":"Point","coordinates":[121.445864,31.267664]}},{"id":"229","type":"Feature","properties":{"id":"B00157HZ3I","name":"泰洁洗衣(闸北旗舰店)","address":"普善路849号","type":"生活服务;洗衣店;洗衣店","typecode":"071500","pcode":310000,"pname":"上海市","citycode":21,"cityname":"上海市","adcode":310106,"adname":"静安区","business_area":"和田","location":"121.451051,31.265810","tel":"13856025541","bigType":"生活服务","midType":"洗衣店","smallType":"洗衣店","gcj_lng":121.451051,"gcj_lat":31.26581,"wgs84_loc":"121.446459,31.267682","wgs84Lng":121.446459,"wgs84Lat":31.267682,"__source_file__":"13-常用公服设施点/CSV/上海市_洗衣店.csv"},"geometry":{"type":"Point","coordinates":[121.446459,31.267682]}},{"id":"162","type":"Feature","properties":{"id":"B00153FEBE","name":"新新洗衣店","address":"和田路461号","type":"生活服务;洗衣店;洗衣店","typecode":"071500","pcode":310000,"pname":"上海市","citycode":21,"cityname":"上海市","adcode":310106,"adname":"静安区","business_area":"和田","location":"121.460500,31.267396","tel":"13817145837","bigType":"生活服务","midType":"洗衣店","smallType":"洗衣店","gcj_lng":121.4605,"gcj_lat":31.267396,"wgs84_loc":"121.455933,31.269288","wgs84Lng":121.455933,"wgs84Lat":31.269288,"__source_file__":"13-常用公服设施点/CSV/上海市_洗衣店.csv"},"geometry":{"type":"Point","coordinates":[121.455933,31.269288]}},{"id":"9","type":"Feature","properties":{"id":"B0HDKUCYQE","name":"东方瑞丽","address":"上海市上海市静安区","type":"生活服务;洗衣店;洗衣店","typecode":"071500","pcode":310000,"pname":"上海市","citycode":21,"cityname":"上海市","adcode":310106,"adname":"静安区","business_area":"和田","location":"121.456801,31.267477","tel":"13023209886","bigType":"生活服务","midType":"洗衣店","smallType":"洗衣店","gcj_lng":121.456801,"gcj_lat":31.267477,"wgs84_loc":"121.452224,31.26936","wgs84Lng":121.452224,"wgs84Lat":31.26936,"__source_file__":"13-常用公服设施点/CSV/上海市_洗衣店.csv"},"geometry":{"type":"Point","coordinates":[121.452224,31.26936]}},{"id":"182","type":"Feature","properties":{"id":"B0GK4GLE57","name":"洗衣酱洗衣上门取送(老沪太路上门取送)","address":"老沪太路与共和新路交叉口西约80米","type":"生活服务;洗衣店;洗衣店","typecode":"071500","pcode":310000,"pname":"上海市","citycode":21,"cityname":"上海市","adcode":310106,"adname":"静安区","business_area":"和田","location":"121.456867,31.268294","tel":"18912942673","bigType":"生活服务","midType":"洗衣店","smallType":"洗衣店","gcj_lng":121.456867,"gcj_lat":31.268294,"wgs84_loc":"121.45229,31.270177","wgs84Lng":121.45229,"wgs84Lat":31.270177,"__source_file__":"13-常用公服设施点/CSV/上海市_洗衣店.csv"},"geometry":{"type":"Point","coordinates":[121.45229,31.270177]}},{"id":"142","type":"Feature","properties":{"id":"B00155MPY7","name":"康达洗衣","address":"普善路1018号","type":"生活服务;洗衣店;洗衣店","typecode":"071500","pcode":310000,"pname":"上海市","citycode":21,"cityname":"上海市","adcode":310106,"adname":"静安区","business_area":"和田","location":"121.450176,31.268552","tel":"18767676919","bigType":"生活服务","midType":"洗衣店","smallType":"洗衣店","gcj_lng":121.450176,"gcj_lat":31.268552,"wgs84_loc":"121.445582,31.270421","wgs84Lng":121.445582,"wgs84Lat":31.270421,"__source_file__":"13-常用公服设施点/CSV/上海市_洗衣店.csv"},"geometry":{"type":"Point","coordinates":[121.445582,31.270421]}},{"id":"202","type":"Feature","properties":{"id":"B0FFGDZRLX","name":"福奈特(洛川东路店)","address":"洛川东路375号","type":"生活服务;洗衣店;洗衣店","typecode":"071500","pcode":310000,"pname":"上海市","citycode":21,"cityname":"上海市","adcode":310106,"adname":"静安区","business_area":"和田","location":"121.460528,31.269544","tel":"021-66285009","bigType":"生活服务","midType":"洗衣店","smallType":"洗衣店","gcj_lng":121.460528,"gcj_lat":31.269544,"wgs84_loc":"121.455961,31.271435","wgs84Lng":121.455961,"wgs84Lat":31.271435,"__source_file__":"13-常用公服设施点/CSV/上海市_洗衣店.csv"},"geometry":{"type":"Point","coordinates":[121.455961,31.271435]}},{"id":"252","type":"Feature","properties":{"id":"B0HRU5F6D5","name":"澄衣干洗","address":"广延路与延长路交叉口北约120米","type":"生活服务;洗衣店;洗衣店","typecode":"071500","pcode":310000,"pname":"上海市","citycode":21,"cityname":"上海市","adcode":310106,"adname":"静安区","business_area":"大宁路","location":"121.456978,31.273064","tel":"[]","bigType":"生活服务","midType":"洗衣店","smallType":"洗衣店","gcj_lng":121.456978,"gcj_lat":31.273064,"wgs84_loc":"121.452401,31.274945","wgs84Lng":121.452401,"wgs84Lat":31.274945,"__source_file__":"13-常用公服设施点/CSV/上海市_洗衣店.csv"},"geometry":{"type":"Point","coordinates":[121.452401,31.274945]}},{"id":"168","type":"Feature","properties":{"id":"B0G3D52SXC","name":"上曜家(延长路店)","address":"延长路106号","type":"生活服务;洗衣店;洗衣店","typecode":"071500","pcode":310000,"pname":"上海市","citycode":21,"cityname":"上海市","adcode":310106,"adname":"静安区","business_area":"和田","location":"121.461088,31.273425","tel":"15317531076","bigType":"生活服务","midType":"洗衣店","smallType":"洗衣店","gcj_lng":121.461088,"gcj_lat":31.273425,"wgs84_loc":"121.456522,31.275316","wgs84Lng":121.456522,"wgs84Lat":31.275316,"__source_file__":"13-常用公服设施点/CSV/上海市_洗衣店.csv"},"geometry":{"type":"Point","coordinates":[121.456522,31.275316]}},{"id":"128","type":"Feature","properties":{"id":"B0FFJBTYXT","name":"约瑟芬精品洗护(万荣路)","address":"万荣路235-1号","type":"生活服务;洗衣店;洗衣店","typecode":"071500","pcode":310000,"pname":"上海市","citycode":21,"cityname":"上海市","adcode":310106,"adname":"静安区","business_area":"大宁路","location":"121.447307,31.271586","tel":"18621270936","bigType":"生活服务","midType":"洗衣店","smallType":"洗衣店","gcj_lng":121.447307,"gcj_lat":31.271586,"wgs84_loc":"121.442706,31.273448","wgs84Lng":121.442706,"wgs84Lat":31.273448,"__source_file__":"13-常用公服设施点/CSV/上海市_洗衣店.csv"},"geometry":{"type":"Point","coordinates":[121.442706,31.273448]}},{"id":"2679","type":"Feature","properties":{"id":"B00155IAIE","name":"威特斯洗衣(大宁店)","address":"彭浦镇万荣路388弄26号","type":"生活服务;洗衣店;洗衣店","typecode":"071500","pcode":310000,"pname":"上海市","citycode":21,"cityname":"上海市","adcode":310106,"adname":"静安区","business_area":"大宁路","location":"121.443889,31.272706","tel":"021-29421872","bigType":"生活服务","midType":"洗衣店","smallType":"洗衣店","gcj_lng":121.443889,"gcj_lat":31.272706,"wgs84_loc":"121.43928,31.274561","wgs84Lng":121.43928,"wgs84Lat":31.274561,"__source_file__":"13-常用公服设施点/CSV/上海市_洗衣店.csv"},"geometry":{"type":"Point","coordinates":[121.43928,31.274561]}},{"id":"180","type":"Feature","properties":{"id":"B0H17S7C5X","name":"佧帕洗衣","address":"延长路115号-甲","type":"生活服务;洗衣店;洗衣店","typecode":"071500","pcode":310000,"pname":"上海市","citycode":21,"cityname":"上海市","adcode":310106,"adname":"静安区","business_area":"和田","location":"121.461800,31.274167","tel":"021-56386428;021-62883232","bigType":"生活服务","midType":"洗衣店","smallType":"洗衣店","gcj_lng":121.4618,"gcj_lat":31.274167,"wgs84_loc":"121.457236,31.276059","wgs84Lng":121.457236,"wgs84Lat":31.276059,"__source_file__":"13-常用公服设施点/CSV/上海市_洗衣店.csv"},"geometry":{"type":"Point","coordinates":[121.457236,31.276059]}},{"id":"134","type":"Feature","properties":{"id":"B0GKN7A3F7","name":"象王洗衣(青蓝国际店)","address":"东宝兴路790号","type":"生活服务;洗衣店;洗衣店","typecode":"071500","pcode":310000,"pname":"上海市","citycode":21,"cityname":"上海市","adcode":310106,"adname":"静安区","business_area":"宝山路","location":"121.474489,31.262849","tel":"19512356220","bigType":"生活服务","midType":"洗衣店","smallType":"洗衣店","gcj_lng":121.474489,"gcj_lat":31.262849,"wgs84_loc":"121.469966,31.264779","wgs84Lng":121.469966,"wgs84Lat":31.264779,"__source_file__":"13-常用公服设施点/CSV/上海市_洗衣店.csv"},"geometry":{"type":"Point","coordinates":[121.469966,31.264779]}},{"id":"997","type":"Feature","properties":{"id":"B0FFHMXARH","name":"德胜洗衣店","address":"天通庵路天通庵路474弄小区北侧约220米","type":"生活服务;洗衣店;洗衣店","typecode":"071500","pcode":310000,"pname":"上海市","citycode":21,"cityname":"上海市","adcode":310109,"adname":"虹口区","business_area":"和田","location":"121.476255,31.263098","tel":"[]","bigType":"生活服务","midType":"洗衣店","smallType":"洗衣店","gcj_lng":121.476255,"gcj_lat":31.263098,"wgs84_loc":"121.471738,31.265033","wgs84Lng":121.471738,"wgs84Lat":31.265033,"__source_file__":"13-常用公服设施点/CSV/上海市_洗衣店.csv"},"geometry":{"type":"Point","coordinates":[121.471738,31.265033]}},{"id":"2923","type":"Feature","properties":{"id":"B00156CWYQ","name":"家洁洗衣(虹口花苑一期店)","address":"华昌路138号","type":"生活服务;洗衣店;洗衣店","typecode":"071500","pcode":310000,"pname":"上海市","citycode":21,"cityname":"上海市","adcode":310109,"adname":"虹口区","business_area":"宝山路","location":"121.476001,31.263719","tel":"021-66532064","bigType":"生活服务","midType":"洗衣店","smallType":"洗衣店","gcj_lng":121.476001,"gcj_lat":31.263719,"wgs84_loc":"121.471483,31.265653","wgs84Lng":121.471483,"wgs84Lat":31.265653,"__source_file__":"13-常用公服设施点/CSV/上海市_洗衣店.csv"},"geometry":{"type":"Point","coordinates":[121.471483,31.265653]}},{"id":"2898","type":"Feature","properties":{"id":"B0JKKCDZHK","name":"YI MU一沐洗护(东宝兴路店)","address":"东宝兴路910号","type":"生活服务;洗衣店;洗衣店","typecode":"071500","pcode":310000,"pname":"上海市","citycode":21,"cityname":"上海市","adcode":310106,"adname":"静安区","business_area":"宝山路","location":"121.472985,31.264233","tel":"19602166633","bigType":"生活服务","midType":"洗衣店","smallType":"洗衣店","gcj_lng":121.472985,"gcj_lat":31.264233,"wgs84_loc":"121.468457,31.266158","wgs84Lng":121.468457,"wgs84Lat":31.266158,"__source_file__":"13-常用公服设施点/CSV/上海市_洗衣店.csv"},"geometry":{"type":"Point","coordinates":[121.468457,31.266158]}},{"id":"972","type":"Feature","properties":{"id":"B001548CF4","name":"白云洗衣中心","address":"青云路266号-4楼-424室","type":"生活服务;洗衣店;洗衣店","typecode":"071500","pcode":310000,"pname":"上海市","citycode":21,"cityname":"上海市","adcode":310109,"adname":"虹口区","business_area":"宝山路","location":"121.473934,31.264309","tel":"13761168066;18221604558","bigType":"生活服务","midType":"洗衣店","smallType":"洗衣店","gcj_lng":121.473934,"gcj_lat":31.264309,"wgs84_loc":"121.469409,31.266237","wgs84Lng":121.469409,"wgs84Lat":31.266237,"__source_file__":"13-常用公服设施点/CSV/上海市_洗衣店.csv"},"geometry":{"type":"Point","coordinates":[121.469409,31.266237]}},{"id":"170","type":"Feature","properties":{"id":"B00155MQ56","name":"超象洗衣","address":"和田路265号","type":"生活服务;洗衣店;洗衣店","typecode":"071500","pcode":310000,"pname":"上海市","citycode":21,"cityname":"上海市","adcode":310106,"adname":"静安区","business_area":"和田","location":"121.462311,31.265612","tel":"021-66283195","bigType":"生活服务","midType":"洗衣店","smallType":"洗衣店","gcj_lng":121.462311,"gcj_lat":31.265612,"wgs84_loc":"121.45775,31.267509","wgs84Lng":121.45775,"wgs84Lat":31.267509,"__source_file__":"13-常用公服设施点/CSV/上海市_洗衣店.csv"},"geometry":{"type":"Point","coordinates":[121.45775,31.267509]}},{"id":"185","type":"Feature","properties":{"id":"B0FFK92SLX","name":"佳佳洗衣","address":"俞泾港路13号","type":"生活服务;洗衣店;洗衣店","typecode":"071500","pcode":310000,"pname":"上海市","citycode":21,"cityname":"上海市","adcode":310106,"adname":"静安区","business_area":"和田","location":"121.465379,31.265957","tel":"13162122515","bigType":"生活服务","midType":"洗衣店","smallType":"洗衣店","gcj_lng":121.465379,"gcj_lat":31.265957,"wgs84_loc":"121.460827,31.267862","wgs84Lng":121.460827,"wgs84Lat":31.267862,"__source_file__":"13-常用公服设施点/CSV/上海市_洗衣店.csv"},"geometry":{"type":"Point","coordinates":[121.460827,31.267862]}},{"id":"160","type":"Feature","properties":{"id":"B0015593EH","name":"超莲洗衣店","address":"洛川东路354号","type":"生活服务;洗衣店;洗衣店","typecode":"071500","pcode":310000,"pname":"上海市","citycode":21,"cityname":"上海市","adcode":310106,"adname":"静安区","business_area":"和田","location":"121.462057,31.270110","tel":"13681972295","bigType":"生活服务","midType":"洗衣店","smallType":"洗衣店","gcj_lng":121.462057,"gcj_lat":31.27011,"wgs84_loc":"121.457495,31.272005","wgs84Lng":121.457495,"wgs84Lat":31.272005,"__source_file__":"13-常用公服设施点/CSV/上海市_洗衣店.csv"},"geometry":{"type":"Point","coordinates":[121.457495,31.272005]}},{"id":"977","type":"Feature","properties":{"id":"B0GK4YLTM3","name":"洗衣酱洗衣上门取送(柳营路上门取送)","address":"柳营路125号A116室","type":"生活服务;洗衣店;洗衣店","typecode":"071500","pcode":310000,"pname":"上海市","citycode":21,"cityname":"上海市","adcode":310109,"adname":"虹口区","business_area":"和田","location":"121.468389,31.271394","tel":"18912942673","bigType":"生活服务","midType":"洗衣店","smallType":"洗衣店","gcj_lng":121.468389,"gcj_lat":31.271394,"wgs84_loc":"121.463845,31.273304","wgs84Lng":121.463845,"wgs84Lat":31.273304,"__source_file__":"13-常用公服设施点/CSV/上海市_洗衣店.csv"},"geometry":{"type":"Point","coordinates":[121.463845,31.273304]}},{"id":"161","type":"Feature","properties":{"id":"B0FFLBXS5J","name":"UCC国际洗衣(北宝兴路精选店)","address":"北宝兴路236号","type":"生活服务;洗衣店;洗衣店","typecode":"071500","pcode":310000,"pname":"上海市","citycode":21,"cityname":"上海市","adcode":310106,"adname":"静安区","business_area":"和田","location":"121.464897,31.273866","tel":"17891999188","bigType":"生活服务","midType":"洗衣店","smallType":"洗衣店","gcj_lng":121.464897,"gcj_lat":31.273866,"wgs84_loc":"121.460343,31.275766","wgs84Lng":121.460343,"wgs84Lat":31.275766,"__source_file__":"13-常用公服设施点/CSV/上海市_洗衣店.csv"},"geometry":{"type":"Point","coordinates":[121.460343,31.275766]}},{"id":"2667","type":"Feature","properties":{"id":"B0FFIDKNEM","name":"佰邻居","address":"欧阳路绿洲紫荆花园","type":"生活服务;洗衣店;洗衣店","typecode":"071500","pcode":310000,"pname":"上海市","citycode":21,"cityname":"上海市","adcode":310109,"adname":"虹口区","business_area":"曲阳","location":"121.488675,31.268312","tel":"[]","bigType":"生活服务","midType":"洗衣店","smallType":"洗衣店","gcj_lng":121.488675,"gcj_lat":31.268312,"wgs84_loc":"121.4842,31.27028","wgs84Lng":121.4842,"wgs84Lat":31.27028,"__source_file__":"13-常用公服设施点/CSV/上海市_洗衣店.csv"},"geometry":{"type":"Point","coordinates":[121.4842,31.27028]}},{"id":"984","type":"Feature","properties":{"id":"B00155C9UW","name":"正章洗染店","address":"欧阳路359号","type":"生活服务;洗衣店;洗衣店","typecode":"071500","pcode":310000,"pname":"上海市","citycode":21,"cityname":"上海市","adcode":310109,"adname":"虹口区","business_area":"曲阳","location":"121.487867,31.270232","tel":"021-65214544","bigType":"生活服务","midType":"洗衣店","smallType":"洗衣店","gcj_lng":121.487867,"gcj_lat":31.270232,"wgs84_loc":"121.483389,31.272197","wgs84Lng":121.483389,"wgs84Lat":31.272197,"__source_file__":"13-常用公服设施点/CSV/上海市_洗衣店.csv"},"geometry":{"type":"Point","coordinates":[121.483389,31.272197]}},{"id":"1014","type":"Feature","properties":{"id":"B0HUOPFPD6","name":"浣纱微泡洗衣·精洗衣(虹口路店)","address":"西江湾路388号","type":"生活服务;洗衣店;洗衣店","typecode":"071500","pcode":310000,"pname":"上海市","citycode":21,"cityname":"上海市","adcode":310109,"adname":"虹口区","business_area":"和田","location":"121.477215,31.271143","tel":"13621819590","bigType":"生活服务","midType":"洗衣店","smallType":"洗衣店","gcj_lng":121.477215,"gcj_lat":31.271143,"wgs84_loc":"121.4727,31.273077","wgs84Lng":121.4727,"wgs84Lat":31.273077,"__source_file__":"13-常用公服设施点/CSV/上海市_洗衣店.csv"},"geometry":{"type":"Point","coordinates":[121.4727,31.273077]}},{"id":"218","type":"Feature","properties":{"id":"B0H0VS1PYX","name":"洗衣通洗护生活馆(延长路店)","address":"延长路111号乙","type":"生活服务;洗衣店;洗衣店","typecode":"071500","pcode":310000,"pname":"上海市","citycode":21,"cityname":"上海市","adcode":310106,"adname":"静安区","business_area":"和田","location":"121.461956,31.274236","tel":"13472799357","bigType":"生活服务","midType":"洗衣店","smallType":"洗衣店","gcj_lng":121.461956,"gcj_lat":31.274236,"wgs84_loc":"121.457393,31.276129","wgs84Lng":121.457393,"wgs84Lat":31.276129,"__source_file__":"13-常用公服设施点/CSV/上海市_洗衣店.csv"},"geometry":{"type":"Point","coordinates":[121.457393,31.276129]}},{"id":"224","type":"Feature","properties":{"id":"B00155BPS6","name":"象王洗得好(延长店)","address":"延长路77号101室","type":"生活服务;洗衣店;洗衣店","typecode":"071500","pcode":310000,"pname":"上海市","citycode":21,"cityname":"上海市","adcode":310106,"adname":"静安区","business_area":"和田","location":"121.462996,31.274766","tel":"021-56388511","bigType":"生活服务","midType":"洗衣店","smallType":"洗衣店","gcj_lng":121.462996,"gcj_lat":31.274766,"wgs84_loc":"121.458436,31.276661","wgs84Lng":121.458436,"wgs84Lat":31.276661,"__source_file__":"13-常用公服设施点/CSV/上海市_洗衣店.csv"},"geometry":{"type":"Point","coordinates":[121.458436,31.276661]}},{"id":"1013","type":"Feature","properties":{"id":"B00154DCTV","name":"恒协干洗(株洲路店)","address":"株洲路276-1号","type":"生活服务;洗衣店;洗衣店","typecode":"071500","pcode":310000,"pname":"上海市","citycode":21,"cityname":"上海市","adcode":310109,"adname":"虹口区","business_area":"凉城","location":"121.465281,31.277081","tel":"021-66528951","bigType":"生活服务","midType":"洗衣店","smallType":"洗衣店","gcj_lng":121.465281,"gcj_lat":31.277081,"wgs84_loc":"121.460727,31.278981","wgs84Lng":121.460727,"wgs84Lat":31.278981,"__source_file__":"13-常用公服设施点/CSV/上海市_洗衣店.csv"},"geometry":{"type":"Point","coordinates":[121.460727,31.278981]}}],"name":"上海市_洗衣店","crs":{"type":"name","properties":{"name":"urn:ogc:def:crs:OGC:1.3:CRS84"}}}