date,temperature_2m,apparent_temperature,rain,wind_speed_10m
20170501 00:00:00,16.793499,15.912954,0.0,12.313893
20170501 01:00:00,16.4935,15.711,0.0,11.874544
20170501 02:00:00,16.2435,15.501007,0.0,12.0694
20170501 03:00:00,15.893499,15.241692,0.0,12.522619
20170501 04:00:00,15.7435,15.35165,0.0,11.966953
20170501 05:00:00,15.7435,15.578281,0.0,11.165805
20170501 06:00:00,16.6435,16.894855,0.0,9.983106
20170501 07:00:00,19.0935,19.637087,0.0,9.983106
20170501 08:00:00,21.3435,21.92295,0.0,8.913181
20170501 09:00:00,23.3935,23.899225,0.0,10.086427
20170501 10:00:00,24.4435,24.84193,0.0,11.090103
20170501 11:00:00,26.1935,27.923904,0.0,11.885453
20170501 12:00:00,27.1435,28.280354,0.0,15.277749
20170501 13:00:00,27.1435,27.114147,0.0,17.49615
20170501 14:00:00,26.793499,26.609837,0.0,18.11841
20170501 15:00:00,25.4435,24.505264,0.0,17.581125
20170501 16:00:00,23.6435,23.39721,0.0,15.7908325
20170501 17:00:00,22.1435,22.721186,0.0,15.072783
20170501 18:00:00,20.8435,21.750881,0.0,13.276144
20170501 19:00:00,19.9435,20.530933,0.0,14.113652
20170501 20:00:00,19.793499,20.141886,0.0,15.30741
20170501 21:00:00,19.793499,20.379303,0.0,13.237038
20170501 22:00:00,19.3435,19.732683,0.4,14.003028
20170501 23:00:00,19.043499,19.394707,0.1,13.830749
20170502 00:00:00,18.4935,19.112446,0.5,11.709688
20170502 01:00:00,18.1435,19.129244,0.7,9.339208
20170502 02:00:00,17.8935,18.047195,0.4,14.33234
20170502 03:00:00,17.7435,17.750265,0.1,14.081477
20170502 04:00:00,17.543499,17.25022,1.0,14.77755
20170502 05:00:00,17.3935,17.2295,0.7,13.891522
20170502 06:00:00,17.3935,17.24545,0.6,14.458382
20170502 07:00:00,17.6435,17.336605,0.0,15.546833
20170502 08:00:00,17.8435,18.235289,0.0,11.440978
20170502 09:00:00,18.6935,18.4997,0.1,14.904173
20170502 10:00:00,20.3435,18.03442,0.0,21.868332
20170502 11:00:00,19.3435,16.720327,1.0,24.40046
20170502 12:00:00,18.7435,16.178982,1.6,25.630886
20170502 13:00:00,17.793499,16.026463,2.1,21.26744
20170502 14:00:00,17.9935,16.173973,1.1,24.57511
20170502 15:00:00,17.793499,16.593628,1.1,19.8
20170502 16:00:00,17.9935,16.163149,0.1,24.122683
20170502 17:00:00,17.5935,16.403902,0.0,20.12461
20170502 18:00:00,17.293499,15.808353,0.0,19.211996
20170502 19:00:00,16.7435,14.431997,0.0,18.692286
20170502 20:00:00,16.9435,16.050554,0.0,16.279802
20170502 21:00:00,17.043499,16.086042,0.0,16.595179
20170502 22:00:00,17.0935,15.7047615,0.0,16.73516
20170502 23:00:00,17.043499,15.8564,0.0,16.311613
20170503 00:00:00,17.0935,16.22173,0.0,15.379206
20170503 01:00:00,16.9435,16.108232,0.0,16.394829
20170503 02:00:00,16.6935,15.555172,0.0,16.343367
20170503 03:00:00,16.4435,15.6229515,0.0,16.039202
20170503 04:00:00,16.6435,15.373211,0.0,16.520823
20170503 05:00:00,16.5935,15.271343,0.0,16.279802
20170503 06:00:00,16.9935,15.925018,0.0,15.256526
20170503 07:00:00,17.6435,16.890331,0.0,15.192682
20170503 08:00:00,18.3435,16.713043,0.0,22.881958
20170503 09:00:00,18.5935,17.08046,0.0,22.73707
20170503 10:00:00,18.9435,17.652412,0.0,21.749481
20170503 11:00:00,19.1935,17.902721,0.0,21.611996
20170503 12:00:00,20.3935,19.401737,0.0,19.826164
20170503 13:00:00,20.9935,19.360046,0.0,24.766848
20170503 14:00:00,20.1935,18.832087,0.0,22.226902
20170503 15:00:00,20.6435,18.761942,0.0,24.20314
20170503 16:00:00,19.793499,18.244394,0.0,22.057161
20170503 17:00:00,19.293499,18.185541,0.0,19.164717
20170503 18:00:00,18.6935,18.219812,0.0,15.876775
20170503 19:00:00,18.043499,17.63791,0.0,15.815435
20170503 20:00:00,18.3935,18.294376,0.0,14.529915
20170503 21:00:00,18.043499,17.85194,0.0,16.135872
20170503 22:00:00,17.793499,17.568323,0.0,17.072504
20170503 23:00:00,17.3935,17.01599,0.0,18.11841
20170504 00:00:00,17.2435,16.849545,0.0,18.089775
20170504 01:00:00,17.293499,16.771841,0.0,19.107151
20170504 02:00:00,17.5935,17.222721,0.0,18.35647
20170504 03:00:00,18.2435,17.807905,0.0,19.373219
20170504 04:00:00,18.293499,17.82883,0.0,19.862083
20170504 05:00:00,17.9435,17.320625,0.0,20.65848
20170504 06:00:00,18.793499,18.649624,0.0,18.391737
20170504 07:00:00,19.8935,19.201618,0.0,23.185787
20170504 08:00:00,21.3935,20.659248,0.0,25.925
20170504 09:00:00,20.8435,20.718592,1.1,22.539564
20170504 10:00:00,20.6935,21.390894,1.8,18.514643
20170504 11:00:00,20.6435,21.759195,2.3,15.646544
20170504 12:00:00,20.543499,21.470272,1.3,16.454008
20170504 13:00:00,20.3935,21.326332,0.1,16.575644
20170504 14:00:00,20.543499,21.263046,0.0,18.36353
20170504 15:00:00,20.6435,22.507704,0.0,11.503113
20170504 16:00:00,21.8435,23.841429,0.0,11.753877
20170504 17:00:00,22.4935,23.305677,0.0,16.263872
20170504 18:00:00,21.4435,22.487656,0.0,14.044615
20170504 19:00:00,20.7435,21.603388,0.0,13.75558
20170504 20:00:00,19.8935,20.461956,0.0,13.797912
20170504 21:00:00,19.6435,20.205818,0.0,12.959999
20170504 22:00:00,19.1935,19.686087,0.0,13.004921
20170504 23:00:00,18.9435,19.382633,0.0,13.084402
20170505 00:00:00,18.4935,18.81091,0.0,13.207634
20170505 01:00:00,18.293499,18.789576,0.0,11.841756
20170505 02:00:00,18.1435,18.83441,0.0,10.365251
20170505 03:00:00,17.8935,18.731133,0.0,9.360001
20170505 04:00:00,17.5935,18.390306,0.0,9.360001
20170505 05:00:00,17.4935,18.407442,0.0,8.557102
20170505 06:00:00,17.6435,18.750021,0.0,7.5170207
20170505 07:00:00,18.3435,18.719938,0.0,12.24
20170505 08:00:00,19.0935,19.792662,0.0,10.446206
20170505 09:00:00,19.4435,19.646152,0.0,13.849476
20170505 10:00:00,20.1935,20.041996,0.0,16.700275
20170505 11:00:00,20.9935,20.570469,0.0,18.416384
20170505 12:00:00,22.1935,21.482964,0.0,20.240196
20170505 13:00:00,22.043499,21.176607,0.3,21.313093
20170505 14:00:00,21.7435,21.15038,0.1,19.721298
20170505 15:00:00,21.8935,21.486841,0.0,18.58451
20170505 16:00:00,21.8935,21.893026,0.3,16.80857
20170505 17:00:00,21.1435,21.327637,0.0,16.575644
20170505 18:00:00,20.4435,21.003086,0.0,13.70839
20170505 19:00:00,20.1435,20.794619,0.0,13.37825
20170505 20:00:00,19.2435,20.067938,0.0,12.641076
20170505 21:00:00,18.8935,20.876175,0.0,4.1046314
20170505 22:00:00,17.0935,18.338823,0.0,6.849467
20170505 23:00:00,16.7435,17.908184,0.0,6.8399997
20170506 00:00:00,16.8935,18.24529,0.0,6.12
20170506 01:00:00,16.1435,17.207815,0.0,6.696387
20170506 02:00:00,15.8435,16.7551,0.0,6.9247384
20170506 03:00:00,15.893499,16.272179,0.0,10.308831
20170506 04:00:00,15.643499,16.019352,0.0,9.793058
20170506 05:00:00,15.1935,15.3262615,0.0,10.931203
20170506 06:00:00,15.7435,15.861105,0.0,11.165805
20170506 07:00:00,17.1435,16.233524,0.0,14.654254
20170506 08:00:00,18.4435,17.957453,0.0,14.512064
20170506 09:00:00,20.1435,19.895285,0.0,15.192682
20170506 10:00:00,20.6935,21.785233,0.0,13.661038
20170506 11:00:00,21.5935,23.680025,0.0,12.015589
20170506 12:00:00,22.0935,24.00901,0.0,10.390226
20170506 13:00:00,22.6435,24.798677,0.0,9.9571085
20170506 14:00:00,22.4435,24.047274,0.0,11.435313
20170506 15:00:00,21.6935,21.524538,0.0,13.527572
20170506 16:00:00,20.8435,19.735783,0.0,15.034041
20170506 17:00:00,19.543499,18.554827,0.0,12.245294
20170506 18:00:00,18.543499,18.090305,0.0,8.350138
20170506 19:00:00,16.9435,16.759499,0.0,7.42159
20170506 20:00:00,16.793499,16.637297,0.0,7.69592
20170506 21:00:00,16.543499,16.378817,0.0,7.754637
20170506 22:00:00,15.9435,15.834496,0.0,7.491114
20170506 23:00:00,15.5435,15.348806,0.0,7.729527
20170507 00:00:00,15.143499,14.976904,0.0,7.42159
20170507 01:00:00,15.3435,15.159727,0.0,7.771331
20170507 02:00:00,15.5935,15.845812,0.0,5.0142193
20170507 03:00:00,15.4435,15.914549,0.0,4.1046314
20170507 04:00:00,14.9935,15.113613,0.0,5.8048253
20170507 05:00:00,14.9935,14.963268,0.0,6.9527545
20170507 06:00:00,15.893499,16.213856,0.0,5.495161
20170507 07:00:00,17.293499,17.680574,0.0,5.154415
20170507 08:00:00,18.7435,19.271425,0.0,3.7064266
20170507 09:00:00,19.7435,20.25143,0.0,4.198285
20170507 10:00:00,21.1435,21.553217,0.0,5.95906
20170507 11:00:00,23.1935,24.494593,0.0,5.00128
20170507 12:00:00,24.3935,27.128904,0.0,5.3517847
20170507 13:00:00,25.1935,27.904282,0.0,7.9036193
20170507 14:00:00,25.4935,27.303974,0.0,9.360001
20170507 15:00:00,25.3435,25.872484,0.0,11.681987
20170507 16:00:00,24.4435,23.204962,0.0,14.973577
20170507 17:00:00,22.9435,21.610796,0.0,13.363711
20170507 18:00:00,20.6435,19.662182,0.0,11.183201
20170507 19:00:00,17.9435,16.764559,0.0,10.086427
20170507 20:00:00,17.1435,15.736567,0.0,10.233123
20170507 21:00:00,16.293499,14.713999,0.0,10.44
20170507 22:00:00,16.0935,14.725983,0.0,10.464797
20170507 23:00:00,15.893499,14.744085,0.0,10.514218
20170508 00:00:00,15.9435,14.829704,0.0,10.799999
20170508 01:00:00,15.7935,14.321365,0.0,11.792404
20170508 02:00:00,15.9435,14.282141,0.0,12.682018
20170508 03:00:00,15.8435,14.194187,0.0,12.904882
20170508 04:00:00,16.043499,14.310219,0.2,13.37825
20170508 05:00:00,15.9935,14.288271,0.0,12.181625
20170508 06:00:00,16.1435,14.506496,0.0,12.413477
20170508 07:00:00,16.4435,15.346853,0.0,9.422101
20170508 08:00:00,17.4435,14.737209,0.2,19.64228
20170508 09:00:00,16.2435,14.145084,1.6,16.29174
20170508 10:00:00,16.793499,14.877291,1.3,16.08761
20170508 11:00:00,17.3435,14.665731,0.2,20.991426
20170508 12:00:00,15.5435,13.144512,2.0,21.028437
20170508 13:00:00,16.2435,14.056229,2.5,19.134262
20170508 14:00:00,16.1935,15.092613,4.8,14.05845
20170508 15:00:00,16.9935,16.30622,4.7,16.418526
20170508 16:00:00,18.3435,18.243372,0.5,17.072504
20170508 17:00:00,18.9435,18.910278,0.4,16.179987
20170508 18:00:00,18.4935,18.90688,1.1,14.277983
20170508 19:00:00,18.3435,18.980003,2.4,13.783817
20170508 20:00:00,17.6935,18.726576,1.0,9.885262
20170508 21:00:00,17.8435,18.913649,0.2,10.514218
20170508 22:00:00,18.043499,19.20336,0.1,10.495713
20170508 23:00:00,17.9935,19.26554,0.2,9.726665
20170509 00:00:00,17.8435,19.198856,0.1,8.707237
20170509 01:00:00,17.9935,19.210855,0.4,9.504272
20170509 02:00:00,18.0935,18.88328,1.3,12.287555
20170509 03:00:00,18.1435,18.65343,0.1,14.05845
20170509 04:00:00,17.8435,18.02878,0.0,14.4
20170509 05:00:00,17.2435,17.178028,0.0,14.440443
20170509 06:00:00,17.6435,17.519115,0.0,14.84318
20170509 07:00:00,18.4435,17.231028,0.0,21.077686
20170509 08:00:00,18.793499,17.937832,0.0,18.899143
20170509 09:00:00,20.1435,17.658054,0.0,28.47643
20170509 10:00:00,20.5935,17.609198,0.0,30.608469
20170509 11:00:00,21.793499,18.21366,0.0,33.510952
20170509 12:00:00,20.543499,16.747257,0.0,32.761974
20170509 13:00:00,20.0935,16.590633,0.0,30.05515
20170509 14:00:00,20.9935,17.576754,0.0,32.55363
20170509 15:00:00,20.043499,16.823349,0.0,26.758923
20170509 16:00:00,20.793499,17.244007,0.0,27.811018
20170509 17:00:00,20.8435,18.53692,0.0,19.721298
20170509 18:00:00,19.4435,18.795204,0.0,10.829959
20170509 19:00:00,16.543499,16.25401,0.0,8.14587
20170509 20:00:00,15.893499,15.529963,0.0,8.654986
20170509 21:00:00,15.5435,15.504005,0.0,5.8603754
20170509 22:00:00,16.6435,16.698917,0.0,3.319036
20170509 23:00:00,14.143499,13.872328,0.0,6.439876
20170510 00:00:00,13.9435,13.396048,0.0,8.557102
20170510 01:00:00,13.6935,13.2380085,0.0,7.7043357
20170510 02:00:00,13.643499,13.31255,0.0,7.072878
20170510 03:00:00,13.8435,13.771278,0.0,5.8603754
20170510 04:00:00,14.143499,14.418539,0.0,4.510787
20170510 05:00:00,13.2435,12.813545,0.0,9.114471
20170510 06:00:00,14.9435,15.182186,0.0,5.937272
20170510 07:00:00,18.293499,18.870712,0.0,5.315336
20170510 08:00:00,22.1935,22.521904,0.0,10.630672
20170510 09:00:00,24.543499,25.200897,0.0,13.479583
20170510 10:00:00,26.3935,27.771969,0.0,15.03835
20170510 11:00:00,27.793499,29.385712,0.0,16.489416
20170510 12:00:00,28.8435,30.103367,0.0,17.287498
20170510 13:00:00,29.4935,30.545013,0.0,16.135872
20170510 14:00:00,29.793499,30.466179,0.0,16.563911
20170510 15:00:00,29.793499,29.496433,0.0,17.782686
20170510 16:00:00,29.1935,28.357616,0.0,15.716793
20170510 17:00:00,27.1435,27.236853,0.0,15.124284
20170510 18:00:00,23.4935,23.350933,0.0,16.62249
20170510 19:00:00,21.3935,21.306904,0.0,15.542662
20170510 20:00:00,20.3435,19.83373,0.0,14.408997
20170510 21:00:00,20.9935,20.574038,0.0,15.629972
20170510 22:00:00,20.6935,20.32343,0.0,15.158522
20170510 23:00:00,19.7435,19.675114,0.0,12.959999
20170511 00:00:00,19.1435,19.08836,0.0,12.605142
20170511 01:00:00,18.5935,18.572693,0.0,12.371645
20170511 02:00:00,19.1935,19.319899,0.0,12.43434
20170511 03:00:00,19.3435,19.60636,0.0,11.770403
20170511 04:00:00,18.6935,19.014416,0.0,10.966713
20170511 05:00:00,17.8435,17.831472,0.0,12.313893
20170511 06:00:00,19.0935,19.478878,0.0,10.931203
20170511 07:00:00,21.3435,22.089523,0.0,9.693296
20170511 08:00:00,24.3935,25.224459,0.0,10.514218
20170511 09:00:00,26.543499,28.198586,0.0,10.685391
20170511 10:00:00,28.3935,31.017628,0.0,10.587918
20170511 11:00:00,29.6935,33.023045,0.0,9.085988
20170511 12:00:00,30.793499,34.378338,0.0,9.227524
20170511 13:00:00,31.4435,34.77433,0.0,10.587917
20170511 14:00:00,31.4435,34.51418,0.0,11.874544
20170511 15:00:00,30.8935,33.262108,0.0,12.7279215
20170511 16:00:00,30.2435,31.26691,0.0,12.605142
20170511 17:00:00,28.7435,30.338017,0.0,10.853866
20170511 18:00:00,26.543499,29.078259,0.0,8.891343
20170511 19:00:00,24.4435,26.593826,0.0,10.691453
20170511 20:00:00,23.293499,25.873917,0.0,8.089993
20170511 21:00:00,23.6935,27.331818,0.0,2.0364676
20170511 22:00:00,22.5935,25.7069,1.9,5.991594
20170511 23:00:00,22.1935,25.093414,0.0,6.763786
20170512 00:00:00,21.4435,24.238163,0.0,7.145796
20170512 01:00:00,20.6435,23.092184,2.2,8.669949
20170512 02:00:00,20.293499,21.95557,0.5,11.901798
20170512 03:00:00,19.9935,20.191833,0.7,15.893093
20170512 04:00:00,19.6435,19.449709,0.7,17.709658
20170512 05:00:00,19.3935,19.924278,1.4,14.05845
20170512 06:00:00,18.9935,19.243189,1.9,16.135872
20170512 07:00:00,18.4935,18.19857,2.1,19.576189
20170512 08:00:00,18.6935,18.819946,6.0,15.807239
20170512 09:00:00,18.4935,17.6739,1.5,19.469976
20170512 10:00:00,18.4935,17.819004,2.0,19.586119
20170512 11:00:00,18.043499,17.693943,5.4,17.782688
20170512 12:00:00,18.5935,17.015806,2.7,22.782625
20170512 13:00:00,18.1935,17.163237,1.1,19.694992
20170512 14:00:00,18.4435,17.6733,0.2,17.114204
20170512 15:00:00,18.543499,18.16893,0.1,14.007655
20170512 16:00:00,18.4935,18.316515,0.0,12.522619
20170512 17:00:00,18.8435,19.276415,0.0,8.209263
20170512 18:00:00,18.3935,19.303013,0.0,5.8603754
20170512 19:00:00,16.543499,17.4947,0.0,5.4477882
20170512 20:00:00,17.3935,18.734842,0.0,2.9024127
20170512 21:00:00,15.9935,16.73291,0.0,6.638072
20170512 22:00:00,15.5435,16.146614,0.0,6.792466
20170512 23:00:00,15.4435,15.888515,0.0,7.491114
20170513 00:00:00,14.8435,15.1539135,0.0,7.653705
20170513 01:00:00,14.4935,14.659571,0.0,7.8954163
20170513 02:00:00,14.393499,14.576071,0.0,7.4128532
20170513 03:00:00,14.2435,14.334284,0.0,7.92
20170513 04:00:00,14.143499,14.204851,0.0,8.12197
20170513 05:00:00,13.9435,13.874882,0.0,8.891343
20170513 06:00:00,15.5935,15.906179,0.0,8.654987
20170513 07:00:00,18.1435,18.518166,0.0,10.464797
20170513 08:00:00,20.6935,20.889404,0.0,13.608762
20170513 09:00:00,22.9435,23.740036,0.0,14.336861
20170513 10:00:00,24.9435,26.826982,0.0,13.324863
20170513 11:00:00,26.543499,28.919746,0.0,13.392774
20170513 12:00:00,27.5935,30.052147,0.0,14.003028
20170513 13:00:00,28.3435,30.403137,0.0,15.696165
20170513 14:00:00,28.793499,30.227612,0.0,16.485485
20170513 15:00:00,28.793499,29.585007,0.0,15.683774
20170513 16:00:00,28.1435,28.272934,0.0,15.596767
20170513 17:00:00,26.6935,27.207455,0.0,13.397612
20170513 18:00:00,23.1935,23.852503,0.0,13.75558
20170513 19:00:00,20.1935,21.072393,0.0,11.5199995
20170513 20:00:00,19.4435,20.120287,0.0,11.885453
20170513 21:00:00,19.043499,20.079762,0.0,9.422101
20170513 22:00:00,18.8435,19.336168,0.0,12.57426
20170513 23:00:00,18.293499,19.281721,0.0,9.178235
20170514 00:00:00,18.1935,18.978174,0.0,11.440978
20170514 01:00:00,17.9935,19.906235,0.0,3.7064266
20170514 02:00:00,18.0935,20.15964,0.0,3.2399998
20170514 03:00:00,17.6935,19.643177,0.0,3.6
20170514 04:00:00,16.4935,17.709328,0.0,6.489992
20170514 05:00:00,16.2435,17.562044,0.0,5.506941
20170514 06:00:00,17.8435,20.006384,0.0,3.319036
20170514 07:00:00,20.293499,21.91557,0.0,10.24578
20170514 08:00:00,22.0935,23.249195,0.0,13.276144
20170514 09:00:00,23.4435,24.702602,0.0,14.84318
20170514 10:00:00,23.5935,24.967098,0.0,16.981165
20170514 11:00:00,23.293499,24.438524,0.0,16.923828
20170514 12:00:00,23.3435,24.750412,0.0,17.873556
20170514 13:00:00,23.543499,25.006845,0.0,17.25373
20170514 14:00:00,23.3435,24.170647,0.0,17.418196
20170514 15:00:00,22.8435,23.074333,0.0,19.164717
20170514 16:00:00,21.9435,21.468918,0.0,19.33639
20170514 17:00:00,20.9435,20.710318,0.0,17.399586
20170514 18:00:00,19.7435,19.890654,0.0,14.512064
20170514 19:00:00,18.1935,18.417896,0.0,12.864649
20170514 20:00:00,17.6435,17.757689,0.0,11.983188
20170514 21:00:00,17.3435,17.645613,0.0,10.829958
20170514 22:00:00,16.9435,17.253775,0.0,10.239453
20170514 23:00:00,17.1435,17.558521,0.0,9.3876505
20170515 00:00:00,16.8435,17.198912,0.0,9.007196
20170515 01:00:00,16.7435,17.072401,0.0,8.669949
20170515 02:00:00,16.3435,16.65143,0.0,7.92
20170515 03:00:00,15.9435,15.996214,0.0,8.669949
20170515 04:00:00,15.9435,15.784227,0.0,9.3876505
20170515 05:00:00,15.9935,15.636757,0.0,9.779817
20170515 06:00:00,17.1435,17.039188,0.0,8.4042845
20170515 07:00:00,18.293499,17.82697,0.0,11.367109
20170515 08:00:00,19.6435,17.775373,0.0,15.328561
20170515 09:00:00,20.0935,18.162533,0.0,14.118243
20170515 10:00:00,20.9435,18.973862,0.0,13.1041975
20170515 11:00:00,21.293499,18.995653,0.0,14.404499
20170515 12:00:00,21.2435,19.005438,0.0,15.137133
20170515 13:00:00,21.2435,19.41948,0.0,15.986595
20170515 14:00:00,21.0935,19.148502,0.0,15.124284
20170515 15:00:00,20.793499,18.886845,0.0,13.849476
20170515 16:00:00,19.8435,17.994799,0.0,14.77755
20170515 17:00:00,19.043499,17.77092,0.0,12.964998
20170515 18:00:00,18.2435,17.338753,0.0,12.015589
20170515 19:00:00,17.543499,16.747818,0.0,11.384199
20170515 20:00:00,16.9435,16.538921,0.0,10.105681
20170515 21:00:00,17.293499,16.9273,0.0,10.08
20170515 22:00:00,17.2435,17.115374,0.0,8.209263
20170515 23:00:00,16.8435,16.849339,0.0,7.172949
20170516 00:00:00,16.6935,17.073175,0.0,5.4477882
20170516 01:00:00,16.4935,17.025267,0.0,5.0142193
20170516 02:00:00,16.4935,16.809036,0.0,6.130579
20170516 03:00:00,16.293499,16.700716,0.0,5.991594
20170516 04:00:00,16.3435,16.706097,0.0,6.297428
20170516 05:00:00,16.6435,16.620361,0.0,7.968939
20170516 06:00:00,17.1435,16.816345,0.0,9.6932955
20170516 07:00:00,17.793499,17.580587,0.0,9.387651
20170516 08:00:00,19.0935,18.037027,0.0,13.979872
20170516 09:00:00,19.5935,17.964191,0.7,15.629971
20170516 10:00:00,20.3935,17.717842,0.1,17.072504
20170516 11:00:00,20.043499,17.357094,0.0,15.629971
20170516 12:00:00,21.1935,19.377058,0.0,12.0694
20170516 13:00:00,21.9435,21.309322,0.0,12.10157
20170516 14:00:00,21.8435,20.818668,0.0,14.336861
20170516 15:00:00,21.1935,19.867456,0.0,15.141414
20170516 16:00:00,20.543499,18.499866,0.0,14.003029
20170516 17:00:00,19.7435,18.041752,0.0,11.367109
20170516 18:00:00,18.3935,17.80601,0.0,8.049845
20170516 19:00:00,16.1935,16.035315,0.0,7.5942073
20170516 20:00:00,15.2435,14.52187,0.0,9.085988
20170516 21:00:00,14.6935,14.066256,0.0,7.8954163
20170516 22:00:00,13.7935,13.2051735,0.0,7.2
20170516 23:00:00,13.0435,12.546219,0.0,6.151683
20170517 00:00:00,12.393499,11.848768,0.0,6.162207
20170517 01:00:00,12.1935,11.878208,0.0,4.6938252
20170517 02:00:00,12.643499,12.669943,0.0,3.4152596
20170517 03:00:00,12.393499,12.677248,0.0,2.3051248
20170517 04:00:00,11.893499,12.029854,0.0,3.096837
20170517 05:00:00,11.3435,11.233902,0.0,3.6
20170517 06:00:00,12.393499,12.576004,0.0,3.219938
20170517 07:00:00,16.4435,17.12274,0.0,3.7585104
20170517 08:00:00,18.9935,19.273409,0.0,3.096837
20170517 09:00:00,21.2435,21.772518,0.0,1.609969
20170517 10:00:00,22.7435,24.066566,0.0,2.4149535
20170517 11:00:00,23.8435,25.027273,0.0,6.379216
20170517 12:00:00,24.4435,25.24395,0.0,9.531505
20170517 13:00:00,24.7435,24.94609,0.0,11.609651
20170517 14:00:00,24.6435,24.104643,0.0,13.039754
20170517 15:00:00,24.293499,22.966976,0.0,13.679999
20170517 16:00:00,23.5935,21.53091,0.0,13.708391
20170517 17:00:00,22.543499,20.6766,0.0,12.879752
20170517 18:00:00,20.293499,19.400574,0.0,10.799999
20170517 19:00:00,17.293499,16.486858,0.0,10.44
20170517 20:00:00,16.293499,15.716656,0.0,10.464797
20170517 21:00:00,15.9435,15.627892,0.0,10.703569
20170517 22:00:00,15.5935,15.408266,0.0,10.799999
20170517 23:00:00,15.4935,15.470856,0.0,10.1887
20170518 00:00:00,15.2435,15.308004,0.0,9.339208
20170518 01:00:00,14.8435,14.837389,0.0,9.19939
20170518 02:00:00,14.5435,14.434349,0.0,9.290511
20170518 03:00:00,14.393499,14.154699,0.0,9.693296
20170518 04:00:00,14.143499,13.827114,0.0,9.387651
20170518 05:00:00,13.8435,13.441368,0.0,9.387651
20170518 06:00:00,15.7935,15.938438,0.0,8.161764
20170518 07:00:00,18.5935,18.858273,0.0,9.885262
20170518 08:00:00,21.0935,20.767824,0.0,13.53236
20170518 09:00:00,22.8935,22.911728,0.0,14.986553
20170518 10:00:00,24.0935,24.56937,0.0,15.978484
20170518 11:00:00,25.0935,25.851028,0.0,16.1198
20170518 12:00:00,25.7435,26.4649,0.0,16.62249
20170518 13:00:00,26.0935,26.565672,0.0,16.45007
20170518 14:00:00,26.1435,26.036585,0.0,17.072504
20170518 15:00:00,25.6435,24.823038,0.0,17.399586
20170518 16:00:00,24.793499,23.050156,0.0,17.782686
20170518 17:00:00,23.4935,21.920988,0.0,16.575644
20170518 18:00:00,21.3435,20.74455,0.0,13.493999
20170518 19:00:00,18.6435,18.138447,0.0,12.984975
20170518 20:00:00,17.8435,17.228186,0.0,13.493999
20170518 21:00:00,17.543499,16.915588,0.0,13.830749
20170518 22:00:00,17.3435,16.650993,0.0,14.77755
20170518 23:00:00,16.9935,16.411236,0.0,13.896187
20170519 00:00:00,16.6435,16.061584,0.0,13.392774
20170519 01:00:00,16.1935,15.539373,0.0,13.392774
20170519 02:00:00,16.4435,15.800909,0.0,13.684735
20170519 03:00:00,16.543499,16.095455,0.0,12.599998
20170519 04:00:00,16.3935,15.980345,0.0,12.738099
20170519 05:00:00,16.4435,16.081327,0.0,12.768586
20170519 06:00:00,17.5935,17.326048,0.0,13.276144
20170519 07:00:00,19.543499,19.358194,0.0,13.896187
20170519 08:00:00,21.5935,20.580294,0.0,19.164717
20170519 09:00:00,22.5935,21.129128,0.0,20.945072
20170519 10:00:00,23.1435,21.717688,0.0,20.037485
20170519 11:00:00,24.2435,23.621601,0.0,20.140705
20170519 12:00:00,24.793499,23.767345,0.0,20.61766
20170519 13:00:00,25.1935,24.29512,0.0,19.486609
20170519 14:00:00,25.2435,24.18655,0.0,17.873556
20170519 15:00:00,24.543499,23.286186,0.0,18.11841
20170519 16:00:00,23.3935,22.420639,0.0,18.089775
20170519 17:00:00,22.5935,21.752726,0.0,17.581125
20170519 18:00:00,20.9435,20.645449,0.0,14.529915
20170519 19:00:00,19.6435,19.222094,0.0,14.982228
20170519 20:00:00,19.0935,18.48421,0.0,17.208603
20170519 21:00:00,19.3435,18.590517,0.0,18.328207
20170519 22:00:00,19.293499,18.732468,0.0,17.283749
20170519 23:00:00,19.0935,18.685066,0.0,16.92383
20170520 00:00:00,19.1435,19.123236,0.0,15.379206
20170520 01:00:00,18.8435,18.99639,0.0,14.904173
20170520 02:00:00,19.0935,19.204918,0.0,16.199999
20170520 03:00:00,18.6935,18.920547,0.0,15.408671
20170520 04:00:00,18.7435,19.066185,0.0,15.192682
20170520 05:00:00,18.6435,18.829012,0.0,15.986593
20170520 06:00:00,19.6435,20.031805,0.0,15.629971
20170520 07:00:00,21.1435,21.521496,0.0,16.904673
20170520 08:00:00,23.1435,22.980232,0.0,21.53089
20170520 09:00:00,24.3435,24.405043,0.0,21.868332
20170520 10:00:00,25.3435,26.252184,0.0,21.194187
20170520 11:00:00,26.293499,28.05936,0.0,20.268991
20170520 12:00:00,26.8935,28.929974,0.0,19.809813
20170520 13:00:00,26.8935,28.746536,0.0,20.945072
20170520 14:00:00,26.3935,27.218178,0.0,21.868332
20170520 15:00:00,25.793499,25.723299,0.0,23.664352
20170520 16:00:00,25.043499,24.525799,0.0,22.870626
20170520 17:00:00,24.043499,23.743954,0.0,20.774214
20170520 18:00:00,22.6935,23.16009,0.0,16.135872
20170520 19:00:00,20.9935,21.332504,0.0,16.563911
20170520 20:00:00,20.6935,21.265182,0.0,15.273505
20170520 21:00:00,20.3935,20.942907,0.0,15.580141
20170520 22:00:00,19.9435,20.473824,0.0,15.408671
20170520 23:00:00,19.6935,19.943455,0.0,16.279802
20170521 00:00:00,19.4935,19.815739,0.0,15.192682
20170521 01:00:00,19.0935,19.720547,0.0,13.104198
20170521 02:00:00,18.7435,19.472252,0.0,12.261157
20170521 03:00:00,18.4435,19.215372,0.0,12.261157
20170521 04:00:00,18.2435,19.135155,0.0,11.885453
20170521 05:00:00,18.1435,19.008343,0.0,12.218805
20170521 06:00:00,19.293499,20.556885,0.0,11.457958
20170521 07:00:00,21.293499,21.891178,0.0,16.323528
20170521 08:00:00,22.9935,22.643456,0.0,20.3774
20170521 09:00:00,24.293499,24.156746,0.0,19.826164
20170521 10:00:00,25.0935,25.266436,0.0,19.694992
20170521 11:00:00,25.793499,26.63273,0.0,19.586119
20170521 12:00:00,26.0935,26.776487,0.0,19.681828
20170521 13:00:00,25.8435,25.886486,0.0,19.373219
20170521 14:00:00,25.793499,25.769186,0.0,19.734436
20170521 15:00:00,25.6935,25.247551,0.0,19.469976
20170521 16:00:00,25.293499,24.340776,0.0,18.581022
20170521 17:00:00,24.1435,23.621172,0.0,17.81909
20170521 18:00:00,22.543499,22.922726,0.0,15.379206
20170521 19:00:00,20.4435,21.247055,0.0,13.684735
20170521 20:00:00,19.793499,21.057394,0.0,12.074766
20170521 21:00:00,19.4435,20.589588,0.0,12.7279215
20170521 22:00:00,19.1935,20.380352,0.0,11.983188
20170521 23:00:00,18.793499,19.998196,0.0,11.246759
20170522 00:00:00,18.4435,19.751457,0.0,9.931042
20170522 01:00:00,18.1935,19.485983,0.0,9.585739
20170522 02:00:00,17.8935,19.269495,0.0,8.714677
20170522 03:00:00,17.793499,19.07847,0.0,9.339208
20170522 04:00:00,17.8935,19.101927,0.0,10.163227
20170522 05:00:00,17.9435,19.247246,0.0,9.659814
20170522 06:00:00,19.1935,21.017649,0.0,8.707237
20170522 07:00:00,21.1435,22.836964,0.0,11.681987
20170522 08:00:00,23.5935,24.254925,0.0,17.610588
20170522 09:00:00,24.6935,25.272423,0.0,17.057314
20170522 10:00:00,25.9935,26.865435,0.0,17.309975
20170522 11:00:00,27.1435,28.77475,0.0,17.072504
20170522 12:00:00,27.793499,29.662884,0.0,17.654688
20170522 13:00:00,28.1435,30.136528,0.0,17.713316
20170522 14:00:00,27.8435,29.086613,0.0,17.610588
20170522 15:00:00,27.3435,28.003899,0.0,18.335276
20170522 16:00:00,26.6435,26.701912,0.0,18.440998
20170522 17:00:00,25.2435,25.460743,0.0,19.376562
20170522 18:00:00,23.2435,24.485481,0.0,16.42247
20170522 19:00:00,21.1935,22.927053,0.0,13.570615
20170522 20:00:00,20.5935,22.469147,0.0,13.281023
20170522 21:00:00,20.543499,22.33902,0.0,13.830749
20170522 22:00:00,20.7435,22.624012,0.0,13.246826
20170522 23:00:00,21.0935,22.82764,0.0,14.76439
20170523 00:00:00,20.9435,22.84599,0.0,13.783817
20170523 01:00:00,21.043499,22.92308,0.0,14.113652
20170523 02:00:00,21.043499,22.63254,0.0,16.279802
20170523 03:00:00,21.0935,22.384676,0.0,17.974781
20170523 04:00:00,20.9435,22.711058,0.0,14.88242
20170523 05:00:00,21.0935,22.7345,0.0,15.575981
20170523 06:00:00,21.6435,22.919828,0.0,17.727943
20170523 07:00:00,22.3435,23.738897,0.0,16.73516
20170523 08:00:00,23.1935,25.063734,0.0,14.512064
20170523 09:00:00,23.293499,24.985624,2.0,16.965895
20170523 10:00:00,23.6935,25.967579,1.1,15.141414
20170523 11:00:00,23.3935,26.543882,1.4,10.24578
20170523 12:00:00,23.4435,27.085028,1.2,7.628263
20170523 13:00:00,23.9435,27.609787,0.3,8.404285
20170523 14:00:00,23.8935,27.542282,0.4,7.386582
20170523 15:00:00,23.543499,26.955517,0.9,6.6087217
20170523 16:00:00,23.3435,26.776535,1.5,6.830519
20170523 17:00:00,22.8935,26.449358,0.5,5.991594
20170523 18:00:00,22.0935,25.930674,0.7,4.802999
20170523 19:00:00,21.6935,25.312105,0.7,6.12
20170523 20:00:00,21.6935,24.906427,0.3,8.534353
20170523 21:00:00,21.4935,23.929161,2.4,12.594856
20170523 22:00:00,21.4435,23.978508,0.2,10.315115
20170523 23:00:00,21.3935,23.691097,0.2,13.004922
20170524 00:00:00,21.1435,22.894035,0.6,15.696165
20170524 01:00:00,21.043499,22.610111,0.2,15.9134655
20170524 02:00:00,20.8935,22.40586,0.1,15.941944
20170524 03:00:00,20.6435,22.006866,0.0,16.62249
20170524 04:00:00,20.1435,20.955221,0.0,19.559633
20170524 05:00:00,19.6935,20.349104,0.0,19.134262
20170524 06:00:00,19.6935,20.434486,0.0,18.057508
20170524 07:00:00,19.7435,20.413397,0.0,18.057508
20170524 08:00:00,20.2435,21.190546,0.0,17.462784
20170524 09:00:00,20.4435,21.00821,0.0,18.775301
20170524 10:00:00,21.043499,21.062105,0.0,22.033648
20170524 11:00:00,21.043499,20.70641,0.0,22.42427
20170524 12:00:00,21.293499,20.122103,0.0,25.721743
20170524 13:00:00,21.543499,20.104134,0.0,25.241108
20170524 14:00:00,21.543499,19.89293,0.0,24.881702
20170524 15:00:00,21.543499,19.83243,0.0,24.216522
20170524 16:00:00,21.2435,19.674522,0.0,23.110207
20170524 17:00:00,20.7435,19.354383,0.0,21.349546
20170524 18:00:00,19.5935,18.575775,0.0,16.62249
20170524 19:00:00,18.2435,17.739359,0.0,12.979984
20170524 20:00:00,17.6435,17.370804,0.0,11.5199995
20170524 21:00:00,17.1435,16.94098,0.0,11.165805
20170524 22:00:00,17.1435,17.366825,0.0,9.007196
20170524 23:00:00,17.043499,17.233099,0.0,9.3669195
20170525 00:00:00,16.6935,17.042362,0.0,8.4042845
20170525 01:00:00,15.9435,16.273245,0.0,7.771331
20170525 02:00:00,15.8435,16.287073,0.0,7.24486
20170525 03:00:00,15.1935,15.527529,0.0,7.491114
20170525 04:00:00,14.643499,14.860617,0.0,7.42159
20170525 05:00:00,13.9935,13.88863,0.0,8.534353
20170525 06:00:00,15.5435,16.004463,0.0,6.3690495
20170525 07:00:00,17.8935,18.110039,0.0,9.826088
20170525 08:00:00,19.8435,19.160648,0.0,11.298495
20170525 09:00:00,21.5935,20.809027,0.0,12.72283
20170525 10:00:00,23.0935,22.827293,0.0,12.43434
20170525 11:00:00,24.4935,24.42325,0.0,12.641076
20170525 12:00:00,25.2435,24.895218,0.0,14.618837
20170525 13:00:00,25.6435,25.260704,0.0,14.205182
20170525 14:00:00,25.6935,24.633112,0.0,12.074766
20170525 15:00:00,26.1435,25.066948,0.0,10.182337
20170525 16:00:00,26.293499,24.665764,0.0,9.885262
20170525 17:00:00,25.8935,25.031008,0.0,7.172949
20170525 18:00:00,24.3935,26.625626,0.0,2.8116899
20170525 19:00:00,22.9435,23.268425,0.0,4.6102495
20170525 20:00:00,20.293499,19.909863,0.0,11.525623
20170525 21:00:00,19.8435,20.102901,0.0,11.384199
20170525 22:00:00,19.1935,19.56492,0.0,10.483357
20170525 23:00:00,18.8435,18.913322,0.0,11.090103
20170526 00:00:00,18.3935,18.280312,0.0,11.183201
20170526 01:00:00,17.9435,17.605389,0.0,11.592894
20170526 02:00:00,17.3935,17.354496,0.0,10.296251
20170526 03:00:00,16.6435,17.287928,0.0,8.350138
20170526 04:00:00,16.9435,17.753838,0.0,9.83268
20170526 05:00:00,17.2435,17.90636,0.0,11.269782
20170526 06:00:00,18.543499,19.363985,0.0,11.4862
20170526 07:00:00,19.6935,19.885012,0.0,13.783817
20170526 08:00:00,20.9935,20.788328,0.0,13.493999
20170526 09:00:00,21.8935,22.050133,0.0,13.246826
20170526 10:00:00,22.6935,23.614511,0.0,13.246826
20170526 11:00:00,23.2435,24.705244,0.0,13.513193
20170526 12:00:00,23.4935,25.106295,0.0,14.05845
20170526 13:00:00,23.5935,25.188421,0.0,13.684735
20170526 14:00:00,23.4435,24.74568,0.0,12.979984
20170526 15:00:00,23.2435,23.873852,0.0,12.287555
20170526 16:00:00,22.8435,22.534542,0.0,11.440979
20170526 17:00:00,21.9435,21.224724,0.0,11.304229
20170526 18:00:00,20.543499,19.98712,0.0,10.08
20170526 19:00:00,18.293499,17.955297,0.0,9.885262
20170526 20:00:00,17.6935,17.548494,0.0,9.1641035
20170526 21:00:00,17.1435,17.234856,0.0,7.7879906
20170526 22:00:00,16.543499,16.632555,0.0,8.049845
20170526 23:00:00,16.043499,16.17196,0.0,7.9036193
20170527 00:00:00,15.5935,15.740063,0.0,7.9036193
20170527 01:00:00,15.3435,15.372942,0.0,8.707237
20170527 02:00:00,15.2435,15.321657,0.0,8.373386
20170527 03:00:00,15.0935,15.142113,0.0,8.699793
20170527 04:00:00,14.8435,14.86241,0.0,8.534353
20170527 05:00:00,14.5935,14.573515,0.0,8.435069
20170527 06:00:00,16.6435,17.196247,0.0,6.8777895
20170527 07:00:00,19.543499,20.165232,0.0,8.4963045
20170527 08:00:00,22.1435,22.773054,0.0,9.107359
20170527 09:00:00,24.4935,25.757113,0.0,9.47012
20170527 10:00:00,26.3435,28.07909,0.0,10.105681
20170527 11:00:00,27.7435,29.503155,0.0,11.525623
20170527 12:00:00,28.3935,30.192776,0.0,13.339445
20170527 13:00:00,28.6435,30.001743,0.0,15.124284
20170527 14:00:00,28.4935,29.208054,0.0,15.84
20170527 15:00:00,28.293499,28.19165,0.0,14.799459
20170527 16:00:00,27.6435,26.49183,0.0,15.226764
20170527 17:00:00,26.2435,25.038435,0.0,14.618837
20170527 18:00:00,24.1435,24.032883,0.0,11.525623
20170527 19:00:00,21.2435,21.730055,0.0,10.365251
20170527 20:00:00,20.5935,20.9511,0.0,12.641076
20170527 21:00:00,20.1435,20.448662,0.0,12.303366
20170527 22:00:00,19.4935,19.53124,0.0,11.966954
20170527 23:00:00,18.9935,18.658579,0.0,12.57426
20170528 00:00:00,18.543499,18.162348,0.0,13.276144
20170528 01:00:00,18.2435,17.89483,0.0,13.441071
20170528 02:00:00,17.9935,17.923103,0.0,12.979984
20170528 03:00:00,17.6935,17.898314,0.0,11.901798
20170528 04:00:00,17.293499,17.611814,0.0,10.853866
20170528 05:00:00,17.1435,17.285572,0.0,11.525623
20170528 06:00:00,19.0935,19.537954,0.0,10.799999
20170528 07:00:00,21.9435,22.05627,0.0,12.245294
20170528 08:00:00,24.8935,24.675388,0.0,12.6462
20170528 09:00:00,26.9935,26.683313,0.0,14.471821
20170528 10:00:00,28.5935,28.67186,0.0,14.404499
20170528 11:00:00,29.5935,29.810146,0.0,15.517629
20170528 12:00:00,30.0935,30.48846,0.0,14.869351
20170528 13:00:00,30.1435,30.051098,0.0,15.986595
20170528 14:00:00,29.6435,29.057533,0.0,15.941944
20170528 15:00:00,29.2435,28.08179,0.0,14.685176
20170528 16:00:00,28.6935,26.845814,0.0,14.118243
20170528 17:00:00,27.1935,25.979366,0.0,13.53236
20170528 18:00:00,24.8935,24.686628,0.0,12.181624
20170528 19:00:00,21.8435,22.20104,0.0,11.384198
20170528 20:00:00,20.6935,20.908031,0.0,12.783802
20170528 21:00:00,20.2435,20.697075,0.0,12.979984
20170528 22:00:00,19.6435,20.36283,0.0,11.592894
20170528 23:00:00,19.1435,19.842035,0.0,11.592894
20170529 00:00:00,18.7435,19.394901,0.0,11.4862
20170529 01:00:00,18.2435,19.024292,0.0,10.315115
20170529 02:00:00,17.6935,18.598934,0.0,9.178235
20170529 03:00:00,17.3935,18.320877,0.0,9.028754
20170529 04:00:00,17.043499,18.025408,0.0,8.373386
20170529 05:00:00,17.0935,17.868797,0.0,9.931042
20170529 06:00:00,18.793499,19.986067,0.0,8.4963045
20170529 07:00:00,21.2435,22.195475,0.0,11.013882
20170529 08:00:00,23.8935,23.874805,0.0,12.599999
20170529 09:00:00,26.0935,25.92833,0.0,11.659777
20170529 10:00:00,27.8435,27.875443,0.0,11.726277
20170529 11:00:00,29.0935,29.534492,0.0,11.753877
20170529 12:00:00,29.8935,30.71053,0.0,12.475961
20170529 13:00:00,30.1435,30.8969,0.0,14.799459
20170529 14:00:00,29.6935,29.641247,0.0,17.595861
20170529 15:00:00,28.8435,28.162582,0.0,18.875126
20170529 16:00:00,27.543499,26.369453,0.0,19.576189
20170529 17:00:00,26.1935,25.200958,0.0,18.079027
20170529 18:00:00,24.3435,24.096111,0.0,16.489416
20170529 19:00:00,21.9435,22.5923,0.0,13.237038
20170529 20:00:00,20.8435,21.842997,0.0,14.512064
20170529 21:00:00,20.4935,21.183065,0.0,16.323528
20170529 22:00:00,20.0935,20.632627,0.0,16.575644
20170529 23:00:00,19.8435,20.44077,0.0,16.489416
20170530 00:00:00,19.5935,20.343496,0.0,15.9134655
20170530 01:00:00,19.3935,20.29082,0.0,14.904173
20170530 02:00:00,19.3435,20.293425,0.0,14.386494
20170530 03:00:00,19.3935,20.249367,0.0,15.1884165
20170530 04:00:00,19.543499,20.447159,0.0,15.175612
20170530 05:00:00,19.8435,20.760843,0.0,15.716793
20170530 06:00:00,21.2435,22.572277,0.0,14.345898
20170530 07:00:00,23.0935,22.90002,0.0,24.609364
20170530 08:00:00,24.0935,24.283386,0.0,21.647945
20170530 09:00:00,25.543499,25.918264,0.0,20.532627
20170530 10:00:00,27.1935,28.861286,0.0,17.643673
20170530 11:00:00,28.3935,30.634037,0.0,16.595179
20170530 12:00:00,29.2435,31.738094,0.0,16.343367
20170530 13:00:00,30.4935,33.80543,0.0,15.629972
20170530 14:00:00,30.2435,32.15835,0.0,18.0
20170530 15:00:00,29.1435,30.04229,0.0,19.110542
20170530 16:00:00,28.043499,29.269527,0.0,17.339897
20170530 17:00:00,26.7435,28.179497,0.0,17.114204
20170530 18:00:00,25.7435,27.470081,0.1,15.827721
20170530 19:00:00,24.3435,26.286757,0.0,14.003029
20170530 20:00:00,23.793499,26.04695,0.0,12.758432
20170530 21:00:00,23.543499,26.257477,0.0,9.9571085
20170530 22:00:00,23.6935,26.824936,0.0,8.350138
20170530 23:00:00,23.4935,26.737116,0.0,8.311245
20170531 00:00:00,22.8935,26.283325,0.0,8.049845
20170531 01:00:00,22.6435,25.919458,0.0,8.647496
20170531 02:00:00,22.2435,25.75105,0.0,6.87779
20170531 03:00:00,21.793499,25.287153,0.0,6.6087217
20170531 04:00:00,21.5935,25.249279,0.0,5.315336
20170531 05:00:00,21.4435,25.450184,0.0,2.5455842
20170531 06:00:00,21.9435,26.054535,0.0,2.7416782
20170531 07:00:00,22.6935,26.530062,0.1,4.802999
20170531 08:00:00,25.7435,28.398113,0.2,10.703569
20170531 09:00:00,26.8935,29.091038,0.0,12.413476
20170531 10:00:00,27.6435,29.921974,0.0,9.449572
20170531 11:00:00,29.043499,31.14729,0.0,7.2
20170531 12:00:00,29.6435,31.791767,0.0,5.0142193
20170531 13:00:00,31.1935,33.792385,0.0,8.557102
20170531 14:00:00,30.9935,32.35642,0.0,9.021574
20170531 15:00:00,31.793499,33.008717,0.0,10.495713
20170531 16:00:00,31.7435,32.701378,0.0,11.792404
20170531 17:00:00,31.1435,32.19011,0.3,12.096214
20170531 18:00:00,29.7435,31.270504,0.0,10.990322
20170531 19:00:00,26.6935,28.920067,0.0,10.661107
20170531 20:00:00,26.9435,28.98323,0.0,8.942214
20170531 21:00:00,26.4435,29.108925,0.0,6.638072
20170531 22:00:00,25.4435,28.395359,0.0,8.311245
20170531 23:00:00,24.3435,27.188562,0.0,10.308831
20170601 00:00:00,24.1935,26.906775,0.0,9.9571085
20170601 01:00:00,24.3935,27.40313,0.0,8.28
20170601 02:00:00,24.1935,27.224909,0.0,8.311245
20170601 03:00:00,24.1935,27.082624,0.0,8.39657
20170601 04:00:00,23.4935,26.635662,0.0,6.489992
20170601 05:00:00,23.3435,27.181145,0.0,2.968636
20170601 06:00:00,23.9435,27.560331,0.0,2.8799999
20170601 07:00:00,25.043499,28.586727,0.0,2.16
20170601 08:00:00,26.9435,30.110786,0.0,5.5887027
20170601 09:00:00,27.9935,30.68312,0.0,8.854829
20170601 10:00:00,28.9935,31.49797,0.0,10.464797
20170601 11:00:00,30.3935,33.809673,0.0,5.991594
20170601 12:00:00,30.3935,33.695976,0.0,5.1544156
20170601 13:00:00,31.1435,34.341904,0.0,5.8603754
20170601 14:00:00,31.6435,35.086052,0.0,6.193674
20170601 15:00:00,30.4435,33.314106,0.5,9.0
20170601 16:00:00,30.3435,33.737785,1.1,4.3498964
20170601 17:00:00,30.293499,34.06679,0.0,2.8116899
20170601 18:00:00,29.5935,33.287476,0.0,5.3517847
20170601 19:00:00,27.9435,32.414608,0.0,4.39436
20170601 20:00:00,26.8935,31.192066,0.0,7.968939
20170601 21:00:00,25.4435,29.879177,0.0,7.24486
20170601 22:00:00,24.6435,29.446266,0.0,4.73506
20170601 23:00:00,23.4935,26.94254,0.0,12.229406
20170602 00:00:00,22.5935,25.261131,0.0,12.819235
20170602 01:00:00,22.293499,24.82407,0.0,13.392774
20170602 02:00:00,21.9935,24.45159,0.0,13.708391
20170602 03:00:00,21.8935,24.258791,0.0,13.797913
20170602 04:00:00,21.8435,23.960327,0.0,14.241629
20170602 05:00:00,21.6435,23.517872,0.0,14.145756
20170602 06:00:00,22.043499,23.533531,0.0,15.745627
20170602 07:00:00,23.3935,24.280096,0.0,18.35647
20170602 08:00:00,24.793499,25.482346,0.0,17.414476
20170602 09:00:00,25.793499,26.613811,0.0,17.81909
20170602 10:00:00,26.7435,27.679731,0.0,18.486622
20170602 11:00:00,27.6935,28.085144,0.0,19.559633
20170602 12:00:00,28.2435,27.065067,0.0,20.957443
20170602 13:00:00,28.043499,26.824905,0.0,20.929596
20170602 14:00:00,27.4935,26.313313,0.0,20.633371
20170602 15:00:00,26.8435,25.160252,0.0,20.172853
20170602 16:00:00,26.1935,23.781448,0.0,18.844202
20170602 17:00:00,25.1935,22.74894,0.0,17.026896
20170602 18:00:00,23.5935,21.826447,0.0,15.256526
20170602 19:00:00,21.7435,21.150196,0.0,11.503113
20170602 20:00:00,21.043499,21.104137,0.0,11.013882
20170602 21:00:00,20.6435,20.900175,0.0,10.594036
20170602 22:00:00,20.1935,20.464424,0.0,10.365251
20170602 23:00:00,19.543499,19.826435,0.0,10.685391
20170603 00:00:00,18.9935,19.495932,0.0,9.585739
20170603 01:00:00,18.4435,19.099392,0.0,8.942214
20170603 02:00:00,17.8435,18.712708,0.0,7.754637
20170603 03:00:00,17.4935,18.634953,0.0,6.439876
20170603 04:00:00,16.793499,17.974173,0.0,6.0347
20170603 05:00:00,16.6935,17.650526,0.0,7.5685663
20170603 06:00:00,19.1435,20.56082,0.0,6.519877
20170603 07:00:00,22.3935,23.05519,0.0,11.542478
20170603 08:00:00,24.4935,23.957653,0.0,15.876775
20170603 09:00:00,25.7435,25.142641,0.0,17.414476
20170603 10:00:00,27.1435,27.16934,0.0,16.171976
20170603 11:00:00,28.4935,28.745815,0.0,16.179985
20170603 12:00:00,28.5935,28.924007,0.0,17.283749
20170603 13:00:00,28.043499,28.111149,0.0,20.674158
20170603 14:00:00,27.8935,26.759867,0.0,20.240196
20170603 15:00:00,26.7435,25.09654,0.0,21.349546
20170603 16:00:00,25.543499,23.45675,0.0,20.907913
20170603 17:00:00,24.4435,22.400864,0.0,19.45333
20170603 18:00:00,22.8935,21.18045,0.0,17.313717
20170603 19:00:00,21.4435,20.832071,0.0,12.959999
20170603 20:00:00,21.1435,20.871632,0.0,11.879999
20170603 21:00:00,20.793499,20.685152,0.0,11.013882
20170603 22:00:00,20.1435,20.296745,0.0,9.605998
20170603 23:00:00,19.543499,19.84242,0.0,9.255571
20170604 00:00:00,18.8935,19.565596,0.0,8.287822
20170604 01:00:00,18.6435,19.294058,0.0,9.114471
20170604 02:00:00,18.543499,18.941303,0.0,10.440001
20170604 03:00:00,18.1435,18.63778,0.0,9.779817
20170604 04:00:00,17.8935,18.53236,0.0,9.746631
20170604 05:00:00,18.2435,18.939642,0.0,10.8955765
20170604 06:00:00,20.5935,21.274532,0.0,12.287555
20170604 07:00:00,22.1435,21.611496,0.0,18.733839
20170604 08:00:00,23.3935,22.594648,0.0,19.443333
20170604 09:00:00,24.3935,23.814362,0.0,18.374111
20170604 10:00:00,25.3935,25.14022,0.0,19.134262
20170604 11:00:00,26.1435,26.054014,0.0,18.733839
20170604 12:00:00,26.4935,26.576206,0.0,20.598795
20170604 13:00:00,26.1935,26.067856,0.0,22.065973
20170604 14:00:00,25.8935,25.307081,0.0,22.751316
20170604 15:00:00,25.3935,24.065247,0.0,22.461807
20170604 16:00:00,24.543499,22.530457,0.0,21.38897
20170604 17:00:00,23.6935,21.393866,0.0,20.211363
20170604 18:00:00,22.6435,20.914156,0.0,17.654688
20170604 19:00:00,21.293499,20.574596,0.0,12.605142
20170604 20:00:00,21.293499,20.685837,0.0,12.324414
20170604 21:00:00,21.043499,20.59508,0.0,11.966953
20170604 22:00:00,20.543499,20.163599,0.0,12.245294
20170604 23:00:00,20.4935,20.292992,0.0,11.5199995
20170605 00:00:00,19.793499,20.093906,0.0,9.114471
20170605 01:00:00,19.4935,19.596813,0.0,11.252519
20170605 02:00:00,19.0935,19.398222,0.0,10.1376915
20170605 03:00:00,19.9935,20.225096,0.0,11.304229
20170605 04:00:00,20.2435,20.779047,0.1,10.446206
20170605 05:00:00,19.9935,20.425909,0.0,11.570515
20170605 06:00:00,20.6435,21.11424,0.0,11.165805
20170605 07:00:00,21.0935,21.274235,0.1,14.417988
20170605 08:00:00,21.8935,21.502892,0.0,20.364674
20170605 09:00:00,22.043499,21.434044,0.0,21.42227
20170605 10:00:00,22.043499,21.176865,0.0,23.18579
20170605 11:00:00,22.3935,21.572962,0.0,20.570463
20170605 12:00:00,23.1435,21.993555,0.0,22.545315
20170605 13:00:00,22.6935,22.27139,0.5,18.11841
20170605 14:00:00,21.4435,21.1717,1.4,17.377226
20170605 15:00:00,20.7435,20.937168,1.4,13.905509
20170605 16:00:00,20.4435,21.234955,2.0,10.805999
20170605 17:00:00,19.7435,19.442133,1.7,17.163355
20170605 18:00:00,19.2435,18.105513,1.4,20.833395
20170605 19:00:00,19.2435,18.594137,2.3,19.130875
20170605 20:00:00,19.3935,19.124962,0.5,18.079027
20170605 21:00:00,19.1935,18.684084,0.4,20.456745
20170605 22:00:00,19.2435,18.715195,1.2,20.00512
20170605 23:00:00,19.793499,18.65417,0.1,23.333443
20170606 00:00:00,19.7435,19.207504,0.5,20.929594
20170606 01:00:00,19.9435,19.382023,0.0,23.199759
20170606 02:00:00,20.3435,20.540752,0.0,20.972897
20170606 03:00:00,20.9935,21.409252,0.1,21.26744
20170606 04:00:00,21.5935,22.091057,0.0,22.553934
20170606 05:00:00,21.9935,22.431248,0.0,23.132626
20170606 06:00:00,22.7435,23.484581,0.0,23.491207
20170606 07:00:00,24.3435,25.647734,0.0,24.216522
20170606 08:00:00,23.6935,26.16694,0.1,16.394829
20170606 09:00:00,24.7435,27.346611,0.0,16.263872
20170606 10:00:00,26.3435,28.45282,0.0,18.678415
20170606 11:00:00,27.5935,29.805614,0.0,17.771753
20170606 12:00:00,28.543499,30.613918,0.0,18.733839
20170606 13:00:00,27.9935,30.093147,0.0,19.493261
20170606 14:00:00,28.1435,29.905956,0.0,21.611998
20170606 15:00:00,26.5935,28.37542,0.1,19.602652
20170606 16:00:00,24.8935,26.768461,0.2,16.595179
20170606 17:00:00,24.3935,26.656893,0.0,13.75558
20170606 18:00:00,23.9935,26.381474,0.0,13.084402
20170606 19:00:00,23.6435,25.629978,0.0,13.363711
20170606 20:00:00,22.6435,24.625013,0.0,12.371645
20170606 21:00:00,22.3435,23.904757,0.0,13.570615
20170606 22:00:00,21.8435,23.032589,0.0,14.003029
20170606 23:00:00,21.3935,22.577892,0.0,12.768586
20170607 00:00:00,20.6435,21.792963,0.0,11.770403
20170607 01:00:00,19.9435,20.891254,0.2,11.792404
20170607 02:00:00,19.293499,19.720503,0.0,12.879752
20170607 03:00:00,18.7435,18.91831,0.0,13.202726
20170607 04:00:00,18.293499,18.371578,0.0,12.904882
20170607 05:00:00,17.9435,17.990965,0.0,12.57426
20170607 06:00:00,18.9435,19.396976,0.0,10.464797
20170607 07:00:00,20.543499,20.271801,0.0,15.2947035
20170607 08:00:00,21.9935,21.982363,0.0,14.186923
20170607 09:00:00,22.8935,22.354422,0.0,16.575644
20170607 10:00:00,22.543499,22.310246,0.0,14.345898
20170607 11:00:00,22.9935,23.024467,0.0,12.397806
20170607 12:00:00,24.6935,25.27439,0.0,12.031756
20170607 13:00:00,27.0935,28.526855,0.0,17.786331
20170607 14:00:00,26.793499,27.355694,0.0,19.0392
20170607 15:00:00,26.2435,25.73742,0.0,18.391735
20170607 16:00:00,26.5935,26.278545,0.0,16.24394
20170607 17:00:00,26.4935,26.312647,0.0,15.463246
20170607 18:00:00,25.3935,26.901941,0.0,8.217153
20170607 19:00:00,23.8435,27.19308,0.0,1.2979984
20170607 20:00:00,22.1935,24.622553,0.0,7.289445
20170607 21:00:00,21.4935,23.942005,0.0,6.830519
20170607 22:00:00,20.6935,23.334358,0.0,5.3517847
20170607 23:00:00,19.8935,22.8314,0.0,3.319036
20170608 00:00:00,19.4935,21.902916,0.0,6.130579
20170608 01:00:00,18.9935,21.282188,0.0,6.638072
20170608 02:00:00,18.6935,20.880516,0.0,6.379216
20170608 03:00:00,18.4435,20.533981,0.0,6.5693827
20170608 04:00:00,18.3435,20.418404,0.0,6.519877
20170608 05:00:00,18.3935,20.379002,0.0,7.289444
20170608 06:00:00,19.8935,22.48023,0.0,5.3999996
20170608 07:00:00,22.3435,25.30892,0.0,5.1165614
20170608 08:00:00,24.8935,27.55992,0.0,2.7416782
20170608 09:00:00,26.3435,29.164486,0.0,4.1046314
20170608 10:00:00,27.3935,30.135181,0.0,8.161764
20170608 11:00:00,27.9935,30.790745,0.0,9.107359
20170608 12:00:00,28.3935,31.389668,0.0,9.107359
20170608 13:00:00,28.9435,31.801506,0.0,10.315115
20170608 14:00:00,28.4435,28.94001,0.0,15.111424
20170608 15:00:00,27.3435,26.31195,0.0,17.057314
20170608 16:00:00,27.7435,26.958412,0.0,15.745627
20170608 17:00:00,26.3935,26.145763,0.0,15.646544
20170608 18:00:00,24.8435,25.411846,0.0,13.18308
20170608 19:00:00,23.1435,24.274189,0.0,11.885453
20170608 20:00:00,22.293499,23.640028,0.0,11.808878
20170608 21:00:00,21.5935,22.764135,0.0,14.291592
20170608 22:00:00,21.293499,22.655655,0.0,12.979984
20170608 23:00:00,20.9935,22.25314,0.0,13.0447235
20170609 00:00:00,20.9435,22.226076,0.0,13.527572
20170609 01:00:00,20.793499,22.328781,0.0,12.768586
20170609 02:00:00,20.6435,22.440563,0.0,11.631956
20170609 03:00:00,20.793499,22.711601,0.0,10.966713
20170609 04:00:00,20.6435,22.723661,0.0,10.1887
20170609 05:00:00,20.8435,22.931238,0.0,10.805998
20170609 06:00:00,21.9435,24.37109,0.0,9.659814
20170609 07:00:00,23.293499,25.512697,0.0,11.770403
20170609 08:00:00,24.6435,27.164177,0.0,9.6932955
20170609 09:00:00,25.4435,27.955242,0.0,10.446206
20170609 10:00:00,27.043499,29.862347,0.0,9.3876505
20170609 11:00:00,28.5935,33.5394,0.0,3.6
20170609 12:00:00,29.4935,34.732563,0.0,3.096837
20170609 13:00:00,30.1435,33.88661,0.0,8.669949
20170609 14:00:00,30.793499,34.99605,0.0,7.92
20170609 15:00:00,31.043499,34.401726,0.1,11.928989
20170609 16:00:00,30.0935,32.171234,0.1,14.440443
20170609 17:00:00,29.1435,31.545849,0.0,15.137133
20170609 18:00:00,27.6435,30.15487,0.0,14.404499
20170609 19:00:00,26.043499,28.890938,0.0,11.928989
20170609 20:00:00,25.8935,30.238182,0.0,8.473393
20170609 21:00:00,25.5935,29.923512,0.0,8.373386
20170609 22:00:00,25.1935,29.503975,0.0,8.714677
20170609 23:00:00,24.7435,28.803692,0.0,9.826088
20170610 00:00:00,24.3435,28.3264,0.0,8.759178
20170610 01:00:00,23.9935,27.146055,0.0,11.165805
20170610 02:00:00,23.793499,27.04401,0.0,10.495713
20170610 03:00:00,23.5935,27.246584,0.9,10.239453
20170610 04:00:00,23.4935,27.200085,2.9,10.661107
20170610 05:00:00,23.3435,26.321531,2.4,13.32
20170610 06:00:00,23.543499,26.751316,1.4,8.373386
20170610 07:00:00,23.4435,26.490501,1.8,9.659814
20170610 08:00:00,23.543499,27.193153,1.2,9.290511
20170610 09:00:00,23.9435,27.344236,3.0,11.966954
20170610 10:00:00,23.8435,26.736103,4.0,15.256526
20170610 11:00:00,24.2435,29.054554,6.0,3.8773184
20170610 12:00:00,24.4935,28.263485,1.6,11.013882
20170610 13:00:00,26.1435,29.72993,0.4,14.48972
20170610 14:00:00,28.0935,31.674484,0.1,15.542662
20170610 15:00:00,28.4935,32.393578,0.1,15.893093
20170610 16:00:00,27.7435,32.37543,0.5,11.966953
20170610 17:00:00,26.4935,31.434525,0.4,10.08
20170610 18:00:00,25.5935,30.631058,1.0,8.557102
20170610 19:00:00,24.9435,29.811836,2.8,8.435069
20170610 20:00:00,23.9435,28.396435,8.4,7.342588
20170610 21:00:00,22.543499,25.17489,5.7,16.08761
20170610 22:00:00,21.9935,24.90033,16.6,11.183201
20170610 23:00:00,21.8935,24.94831,3.5,8.707237
20170611 00:00:00,21.6935,24.715515,0.5,9.114471
20170611 01:00:00,21.7435,24.437853,0.9,11.542478
20170611 02:00:00,21.5935,24.487751,0.2,9.449572
20170611 03:00:00,21.3935,23.903738,0.0,11.013882
20170611 04:00:00,21.1435,22.903278,0.0,14.934577
20170611 05:00:00,21.4435,23.051107,0.0,15.629971
20170611 06:00:00,21.7435,23.279549,0.0,16.29174
20170611 07:00:00,22.2435,23.532732,0.0,18.328207
20170611 08:00:00,23.543499,25.159283,0.0,17.309975
20170611 09:00:00,24.3935,26.118872,0.0,16.375053
20170611 10:00:00,24.793499,26.611597,0.0,15.683774
20170611 11:00:00,25.6435,28.759518,0.0,17.429354
20170611 12:00:00,25.5935,28.096748,0.0,17.174677
20170611 13:00:00,25.4435,27.33815,0.0,15.484185
20170611 14:00:00,24.9935,26.171093,0.0,17.992796
20170611 15:00:00,24.6935,25.353638,0.0,15.827721
20170611 16:00:00,24.2435,25.469212,0.0,14.05845
20170611 17:00:00,23.6935,25.004208,0.0,14.618837
20170611 18:00:00,22.793499,25.085476,0.0,8.557102
20170611 19:00:00,22.2435,24.675789,0.0,8.435069
20170611 20:00:00,22.0935,24.792208,0.2,7.628263
20170611 21:00:00,21.8435,24.8924,0.0,5.3999996
20170611 22:00:00,21.4435,24.450161,0.0,5.6920996
20170611 23:00:00,20.9935,23.755453,0.0,6.519877
20170612 00:00:00,20.6935,23.435547,0.0,5.4833565
20170612 01:00:00,20.5935,22.97541,0.0,6.638072
20170612 02:00:00,20.4935,22.927254,1.6,5.315336
20170612 03:00:00,20.4435,22.429663,0.8,8.225035
20170612 04:00:00,20.3935,22.310188,3.7,8.225035
20170612 05:00:00,20.1435,22.17795,3.3,7.8954163
20170612 06:00:00,20.4435,22.481112,2.5,10.315115
20170612 07:00:00,20.4435,22.280369,3.5,11.525623
20170612 08:00:00,21.0935,23.231411,1.3,9.9571085
20170612 09:00:00,21.3935,23.497213,2.9,9.36
20170612 10:00:00,21.9435,23.684114,1.3,11.681987
20170612 11:00:00,21.8935,23.37762,0.8,11.183201
20170612 12:00:00,21.6935,23.067738,1.0,13.217443
20170612 13:00:00,21.7435,23.465887,0.1,12.303366
20170612 14:00:00,21.543499,23.500488,0.0,10.365251
20170612 15:00:00,21.6935,23.122755,0.0,10.931203
20170612 16:00:00,21.8435,22.86857,0.0,12.9249525
20170612 17:00:00,21.2435,22.493732,0.0,11.384199
20170612 18:00:00,21.043499,22.333366,0.0,11.113451
20170612 19:00:00,20.1435,22.207376,0.0,6.12
20170612 20:00:00,21.0935,23.406052,0.0,5.506941
20170612 21:00:00,20.6435,22.942593,1.1,5.7599998
20170612 22:00:00,20.5935,22.991386,0.0,5.2416787
20170612 23:00:00,20.5935,23.04968,0.0,5.00128
20170613 00:00:00,20.0935,22.565323,0.0,4.8965297
20170613 01:00:00,20.0935,22.693878,0.0,4.3349743
20170613 02:00:00,20.0935,23.090408,0.0,2.0991426
20170613 03:00:00,20.1435,22.905874,0.4,3.5455887
20170613 04:00:00,20.0935,22.782038,0.5,4.2136917
20170613 05:00:00,20.3435,22.509098,0.6,7.6367526
20170613 06:00:00,20.8935,23.117046,0.6,7.5599995
20170613 07:00:00,21.293499,23.5407,0.6,8.707238
20170613 08:00:00,21.6935,24.024609,0.1,9.47012
20170613 09:00:00,22.3935,23.627827,0.1,15.978486
20170613 10:00:00,22.3435,23.929985,0.1,13.397612
20170613 11:00:00,22.1935,23.529085,0.0,13.479583
20170613 12:00:00,22.1435,24.1549,0.3,9.659814
20170613 13:00:00,21.8935,23.822922,0.6,11.885453
20170613 14:00:00,22.043499,24.08688,0.5,11.440979
20170613 15:00:00,22.043499,24.342417,0.4,10.028439
20170613 16:00:00,21.7435,24.189981,0.4,9.360001
20170613 17:00:00,21.6435,23.81535,0.1,8.891344
20170613 18:00:00,21.1935,23.366516,0.0,8.557102
20170613 19:00:00,20.4435,22.695023,0.0,6.725354
20170613 20:00:00,19.8935,22.820143,0.0,3.396233
20170613 21:00:00,19.5935,22.282421,0.0,5.1919937
20170613 22:00:00,18.7435,21.050346,0.0,5.2416787
20170613 23:00:00,18.9435,21.09921,0.0,6.12
20170614 00:00:00,19.8435,22.205622,0.0,6.1305785
20170614 01:00:00,20.293499,22.635199,0.0,6.9153743
20170614 02:00:00,20.1435,22.329609,0.0,8.14587
20170614 03:00:00,19.7435,21.64917,0.0,9.422101
20170614 04:00:00,19.6935,21.397537,0.0,9.686609
20170614 05:00:00,19.3935,21.080074,0.0,9.178235
20170614 06:00:00,20.6935,22.489624,0.0,9.686609
20170614 07:00:00,21.6435,22.5701,0.0,15.484185
20170614 08:00:00,22.4935,23.503967,0.0,14.904173
20170614 09:00:00,22.8435,23.34089,0.0,15.379206
20170614 10:00:00,23.4935,24.718206,0.0,15.778516
20170614 11:00:00,23.9435,25.837492,0.0,15.1884165
20170614 12:00:00,24.3435,26.86797,0.0,14.693999
20170614 13:00:00,24.2435,26.014936,0.0,15.277749
20170614 14:00:00,24.0935,24.817944,0.0,14.84318
20170614 15:00:00,23.4435,23.473671,0.0,13.896187
20170614 16:00:00,23.6435,23.67539,0.0,14.021525
20170614 17:00:00,23.1435,23.144548,0.0,13.276144
20170614 18:00:00,21.8935,22.573397,0.0,10.144082
20170614 19:00:00,20.293499,21.235811,0.0,9.19939
20170614 20:00:00,19.7435,20.814623,0.0,8.891343
20170614 21:00:00,19.4935,20.853699,0.0,7.928177
20170614 22:00:00,19.043499,20.415222,0.0,7.7043357
20170614 23:00:00,18.3935,19.9525,0.0,6.1305785
20170615 00:00:00,17.9435,19.423859,0.0,5.8048253
20170615 01:00:00,17.793499,19.272964,0.0,5.2416787
20170615 02:00:00,17.3935,18.70076,0.0,5.8603754
20170615 03:00:00,17.3935,18.808344,0.0,4.8433046
20170615 04:00:00,16.6435,17.697659,0.0,6.489992
20170615 05:00:00,16.043499,17.22474,0.0,5.4833565
20170615 06:00:00,16.6935,18.605839,0.0,2.2768397
20170615 07:00:00,19.4935,21.714262,0.0,1.2979984
20170615 08:00:00,20.9435,23.016933,0.0,1.2979984
20170615 09:00:00,22.6435,24.769243,0.0,1.8
20170615 10:00:00,23.8435,26.330772,0.0,1.2979984
20170615 11:00:00,24.8935,27.338879,0.0,3.9763298
20170615 12:00:00,25.9435,29.081478,0.0,5.7599998
20170615 13:00:00,26.293499,29.218506,0.0,6.162207
20170615 14:00:00,26.4935,29.416203,0.0,5.6920996
20170615 15:00:00,26.543499,28.556274,0.0,6.87779
20170615 16:00:00,25.8935,26.375233,0.0,10.948973
20170615 17:00:00,24.5935,24.622297,0.0,12.538134
20170615 18:00:00,23.043499,23.707062,0.0,9.693296
20170615 19:00:00,21.1435,21.986572,0.0,9.028754
20170615 20:00:00,19.8935,20.790527,0.0,7.968939
20170615 21:00:00,19.2435,20.26112,0.0,7.42159
20170615 22:00:00,18.543499,19.423626,0.0,8.0899935
20170615 23:00:00,18.3935,19.088493,0.0,9.360001
20170616 00:00:00,18.1935,19.032476,0.0,8.373386
20170616 01:00:00,18.293499,19.33191,0.0,7.42159
20170616 02:00:00,18.3935,19.718699,0.0,6.297428
20170616 03:00:00,18.1935,19.377102,0.0,7.127636
20170616 04:00:00,18.1935,19.48981,0.0,6.638072
20170616 05:00:00,17.543499,18.833284,0.0,6.12
20170616 06:00:00,18.6935,20.175064,0.0,5.937272
20170616 07:00:00,20.8935,22.33773,0.0,7.7879906
20170616 08:00:00,22.9935,23.927908,0.0,9.957108
20170616 09:00:00,24.4935,24.580812,0.0,11.090103
20170616 10:00:00,25.4435,25.811111,0.0,12.261157
20170616 11:00:00,26.1935,27.146935,0.0,13.004922
20170616 12:00:00,26.5935,27.824524,0.0,13.18308
20170616 13:00:00,26.8435,27.992912,0.0,12.904882
20170616 14:00:00,26.7435,27.082775,0.0,11.808878
20170616 15:00:00,26.293499,25.665346,0.0,12.599998
20170616 16:00:00,25.3935,24.474527,0.0,13.363711
20170616 17:00:00,24.2435,23.902178,0.0,12.72283
20170616 18:00:00,22.7435,23.47809,0.0,9.904906
20170616 19:00:00,20.6935,21.8371,0.0,8.534353
20170616 20:00:00,20.2435,21.564093,0.0,7.9036193
20170616 21:00:00,19.4935,20.84363,0.0,7.7043357
20170616 22:00:00,18.8935,20.306543,0.0,7.42159
20170616 23:00:00,18.2435,19.699774,0.0,7.127636
20170617 00:00:00,17.6935,19.10153,0.0,6.8777895
20170617 01:00:00,17.0935,18.448833,0.0,6.379216
20170617 02:00:00,16.6435,17.949577,0.0,6.151683
20170617 03:00:00,16.4435,17.625023,0.0,6.725354
20170617 04:00:00,16.293499,17.475971,0.0,6.439876
20170617 05:00:00,16.1935,17.464775,0.0,5.692099
20170617 06:00:00,18.5935,20.854364,0.0,3.396233
20170617 07:00:00,21.293499,23.621727,0.0,6.0347
20170617 08:00:00,23.1935,24.554071,0.0,10.308831
20170617 09:00:00,24.4435,25.835041,0.0,10.739833
20170617 10:00:00,25.3935,27.465145,0.0,10.538843
20170617 11:00:00,26.1935,28.929077,0.0,10.086427
20170617 12:00:00,26.793499,29.600716,0.0,11.165805
20170617 13:00:00,27.043499,29.687233,0.0,11.901798
20170617 14:00:00,26.8935,28.925812,0.0,14.05845
20170617 15:00:00,26.3935,27.695532,0.0,14.77755
20170617 16:00:00,25.7435,26.193125,0.0,14.404499
20170617 17:00:00,24.793499,24.926636,0.0,14.440443
20170617 18:00:00,23.4435,24.329424,0.0,11.013882
20170617 19:00:00,21.1435,22.54201,0.0,9.449572
20170617 20:00:00,20.6435,22.042812,0.0,10.829958
20170617 21:00:00,20.3435,22.16749,0.0,9.178235
20170617 22:00:00,19.8935,21.91385,0.0,7.9932966
20170617 23:00:00,19.043499,20.870457,0.0,8.217153
20170618 00:00:00,18.543499,20.354752,0.0,7.7043357
20170618 01:00:00,18.5935,20.385187,0.0,7.9932966
20170618 02:00:00,18.5935,20.311832,0.0,8.4963045
20170618 03:00:00,18.543499,20.335636,0.0,8.14587
20170618 04:00:00,18.6435,20.404673,0.0,8.669949
20170618 05:00:00,18.6935,20.694653,0.0,7.653705
20170618 06:00:00,20.1435,22.741028,0.0,7.145796
20170618 07:00:00,21.9435,24.441736,0.0,10.739832
20170618 08:00:00,23.9435,25.65482,0.0,14.386494
20170618 09:00:00,25.2435,26.784554,0.0,14.986553
20170618 10:00:00,26.4435,28.937656,0.0,14.81259
20170618 11:00:00,27.3935,30.07331,0.0,16.1198
20170618 12:00:00,27.8935,30.310452,0.0,18.58451
20170618 13:00:00,27.6435,29.150517,0.0,19.164717
20170618 14:00:00,26.5935,26.864471,0.0,18.998316
20170618 15:00:00,25.7435,26.29833,0.0,16.434305
20170618 16:00:00,25.5935,26.29456,0.0,15.277749
20170618 17:00:00,24.9935,25.736084,0.0,15.30741
20170618 18:00:00,23.8935,25.526468,0.0,11.753876
20170618 19:00:00,22.293499,24.22244,0.0,10.883676
20170618 20:00:00,21.543499,23.348885,0.0,12.738099
20170618 21:00:00,21.7435,23.386902,0.0,15.03835
20170618 22:00:00,21.4935,23.11211,0.0,15.03835
20170618 23:00:00,21.3935,23.302933,0.0,13.044722
20170619 00:00:00,21.1935,23.257126,0.0,11.988594
20170619 01:00:00,21.1435,23.296316,0.0,11.720751
20170619 02:00:00,21.1435,23.533455,0.0,10.44
20170619 03:00:00,21.3435,23.618855,0.0,12.096214
20170619 04:00:00,21.3435,23.727692,0.0,11.525623
20170619 05:00:00,21.3435,23.94743,0.0,10.195057
20170619 06:00:00,22.4935,25.45192,0.0,9.726664
20170619 07:00:00,23.9935,25.445778,0.0,19.862083
20170619 08:00:00,24.9935,26.136192,0.0,20.898613
20170619 09:00:00,24.8935,26.432467,0.2,18.899143
20170619 10:00:00,24.9935,26.740147,0.2,17.654688
20170619 11:00:00,24.8435,26.762611,0.2,17.566378
20170619 12:00:00,24.4435,27.077374,0.9,14.529915
20170619 13:00:00,24.043499,27.04292,1.4,12.594856
20170619 14:00:00,23.8935,26.503681,1.0,15.646544
20170619 15:00:00,23.8435,26.71975,0.5,13.441071
20170619 16:00:00,23.3435,26.699192,0.4,10.538843
20170619 17:00:00,23.0935,27.162252,0.7,6.0347
20170619 18:00:00,22.9435,26.9162,1.3,6.12
20170619 19:00:00,22.8435,26.862894,0.6,5.991594
20170619 20:00:00,22.8935,27.105236,0.3,5.634891
20170619 21:00:00,22.8435,27.149069,0.6,5.771239
20170619 22:00:00,22.6435,26.81015,0.9,6.725354
20170619 23:00:00,22.4935,26.792492,0.3,5.6233797
20170620 00:00:00,22.3935,26.862097,0.7,3.8773184
20170620 01:00:00,22.3935,26.863882,1.0,2.9024127
20170620 02:00:00,22.1935,26.575483,0.9,3.319036
20170620 03:00:00,21.9935,26.512592,0.5,2.1897945
20170620 04:00:00,21.8435,26.299885,0.9,2.6208394
20170620 05:00:00,21.6435,26.039865,0.6,2.2768397
20170620 06:00:00,21.7435,25.850428,0.2,4.072935
20170620 07:00:00,22.543499,26.573185,0.0,5.3517847
20170620 08:00:00,23.4435,27.526163,0.0,7.491114
20170620 09:00:00,24.7435,29.098564,0.1,7.2
20170620 10:00:00,25.8935,30.711132,0.0,6.8777895
20170620 11:00:00,26.793499,31.72081,0.1,8.225035
20170620 12:00:00,27.043499,30.423412,1.0,13.441071
20170620 13:00:00,27.1435,30.976845,0.3,7.42159
20170620 14:00:00,27.3935,31.252285,0.2,8.209263
20170620 15:00:00,28.2435,33.496628,0.0,7.2359104
20170620 16:00:00,25.2435,28.56511,2.4,11.525623
20170620 17:00:00,25.1935,29.701752,0.3,2.8116899
20170620 18:00:00,25.3935,30.234524,0.0,0.71999997
20170620 19:00:00,24.793499,29.841118,0.0,3.0547013
20170620 20:00:00,23.7435,27.90432,0.0,6.9527545
20170620 21:00:00,23.3435,27.615068,0.0,5.8048253
20170620 22:00:00,22.8935,26.987843,0.0,6.439876
20170620 23:00:00,22.543499,26.471792,0.0,6.618519
20170621 00:00:00,22.3435,26.235115,0.0,6.489992
20170621 01:00:00,21.9435,25.707832,0.0,6.6087217
20170621 02:00:00,21.8435,25.5705,0.0,6.489992
20170621 03:00:00,22.043499,25.6243,0.0,7.491114
20170621 04:00:00,21.9935,25.704805,0.0,6.4096174
20170621 05:00:00,21.793499,25.466095,0.0,6.489992
20170621 06:00:00,22.4435,26.217794,0.0,6.725354
20170621 07:00:00,23.543499,27.001942,0.1,9.83268
20170621 08:00:00,24.9935,29.404018,0.1,7.42159
20170621 09:00:00,25.8435,30.22562,0.0,8.217153
20170621 10:00:00,26.4935,30.072342,0.3,10.137692
20170621 11:00:00,25.3435,28.904198,1.0,9.885262
20170621 12:00:00,24.5935,28.718075,1.4,5.4477882
20170621 13:00:00,24.5935,28.533306,1.8,8.854829
20170621 14:00:00,24.4935,27.473043,1.4,13.684735
20170621 15:00:00,23.8935,27.432974,0.9,11.212135
20170621 16:00:00,23.8435,27.107113,0.3,13.104198
20170621 17:00:00,23.5935,27.189531,0.0,10.630672
20170621 18:00:00,23.293499,26.763966,0.0,11.298495
20170621 19:00:00,22.8435,25.928288,0.0,12.783802
20170621 20:00:00,23.1935,26.864853,0.0,9.726664
20170621 21:00:00,22.8935,26.892248,0.0,7.289445
20170621 22:00:00,22.6935,26.565079,0.0,7.968939
20170621 23:00:00,22.4935,25.894827,0.0,10.041354
20170622 00:00:00,22.3435,25.276829,0.0,10.630672
20170622 01:00:00,21.9935,24.630493,0.4,10.495713
20170622 02:00:00,21.6435,24.066628,0.0,11.609651
20170622 03:00:00,21.543499,24.02543,0.0,11.384198
20170622 04:00:00,21.3935,24.028349,0.0,10.514218
20170622 05:00:00,21.3935,24.180725,0.9,9.826088
20170622 06:00:00,21.6935,24.594877,2.0,9.220499
20170622 07:00:00,22.3935,25.17595,0.0,11.298495
20170622 08:00:00,23.793499,25.369047,0.0,18.837322
20170622 09:00:00,24.043499,25.532347,0.0,20.523157
20170622 10:00:00,23.6435,25.029219,0.1,16.279802
20170622 11:00:00,23.793499,25.552143,0.0,13.5515
20170622 12:00:00,24.9435,26.623003,0.0,15.459054
20170622 13:00:00,25.7435,27.647469,0.0,16.75064
20170622 14:00:00,25.4935,27.41454,0.1,17.731598
20170622 15:00:00,25.1435,27.110584,0.0,18.72
20170622 16:00:00,24.9935,27.545807,0.2,15.273505
20170622 17:00:00,24.6435,27.602848,0.0,12.864649
20170622 18:00:00,24.4935,28.46542,0.0,7.072878
20170622 19:00:00,23.4935,28.007774,0.0,4.3349743
20170622 20:00:00,23.0935,26.670662,0.0,7.69592
20170622 21:00:00,22.9935,26.772528,0.0,6.87779
20170622 22:00:00,22.9435,26.894945,0.0,5.506941
20170622 23:00:00,22.7435,26.485332,0.0,6.5693827
20170623 00:00:00,22.5935,26.236982,0.0,7.24486
20170623 01:00:00,22.4435,26.371435,0.0,5.4833565
20170623 02:00:00,22.1935,26.066948,0.0,5.4833565
20170623 03:00:00,22.0935,26.136219,0.0,4.510787
20170623 04:00:00,21.793499,25.931612,0.0,3.671294
20170623 05:00:00,21.543499,25.762968,0.0,2.7416782
20170623 06:00:00,22.4935,27.023027,0.0,2.3051248
20170623 07:00:00,24.3935,28.85735,0.0,3.8939953
20170623 08:00:00,25.6435,30.221699,0.0,2.52
20170623 09:00:00,25.9435,30.763222,0.3,1.4399999
20170623 10:00:00,26.793499,31.375614,0.3,2.0991426
20170623 11:00:00,27.4935,31.985416,0.0,2.52
20170623 12:00:00,27.293499,31.491745,0.1,5.495161
20170623 13:00:00,26.6435,30.99479,0.0,8.217153
20170623 14:00:00,26.1935,30.579391,0.1,9.007196
20170623 15:00:00,25.7435,30.171635,0.8,8.311245
20170623 16:00:00,25.293499,29.949318,0.7,7.9932966
20170623 17:00:00,24.9435,29.92995,0.2,7.2
20170623 18:00:00,24.4935,29.037216,0.1,10.028439
20170623 19:00:00,23.7435,28.299995,0.3,7.24486
20170623 20:00:00,23.5935,28.200401,0.4,6.696387
20170623 21:00:00,23.3935,27.924606,0.8,6.6087217
20170623 22:00:00,23.3435,27.887115,0.3,6.12
20170623 23:00:00,23.1935,27.918003,1.6,4.6800003
20170624 00:00:00,23.043499,27.453407,4.9,6.638072
20170624 01:00:00,22.9435,27.316914,2.9,6.489992
20170624 02:00:00,22.9435,27.286812,0.7,5.904439
20170624 03:00:00,22.6935,26.849083,0.8,5.634891
20170624 04:00:00,22.5935,26.30236,0.2,7.172949
20170624 05:00:00,22.543499,26.47988,0.1,5.991594
20170624 06:00:00,22.9435,27.209978,0.0,4.6800003
20170624 07:00:00,24.293499,28.396519,0.0,6.9527545
20170624 08:00:00,23.9435,28.490204,0.3,4.8965297
20170624 09:00:00,24.793499,28.930695,0.0,7.8954163
20170624 10:00:00,24.9935,29.506779,0.3,5.1165614
20170624 11:00:00,25.043499,29.583519,0.6,4.73506
20170624 12:00:00,25.4435,29.58107,0.8,7.491114
20170624 13:00:00,26.2435,30.35048,0.4,8.287822
20170624 14:00:00,26.8435,30.86155,0.0,7.9036193
20170624 15:00:00,28.043499,32.465622,0.0,8.669949
20170624 16:00:00,28.3935,31.973808,0.0,11.480557
20170624 17:00:00,27.5935,31.149513,0.0,11.457958
20170624 18:00:00,26.4435,30.546124,0.0,8.714677
20170624 19:00:00,25.3435,29.311352,0.0,9.449572
20170624 20:00:00,25.1935,30.569324,0.0,4.1046314
20170624 21:00:00,24.8435,29.363441,0.0,7.8954163
20170624 22:00:00,24.543499,28.533646,0.0,9.904906
20170624 23:00:00,24.0935,27.924294,0.0,10.00256
20170625 00:00:00,24.043499,28.21376,0.0,8.473393
20170625 01:00:00,23.9435,28.141045,0.0,8.891344
20170625 02:00:00,23.9435,27.958355,0.0,10.144082
20170625 03:00:00,23.8435,27.92384,0.1,8.891344
20170625 04:00:00,23.6935,27.728962,0.2,8.404285
20170625 05:00:00,23.4935,27.58975,0.1,7.5942082
20170625 06:00:00,23.5935,27.40643,0.1,9.931042
20170625 07:00:00,23.3935,27.327549,0.8,8.707237
20170625 08:00:00,24.543499,29.00621,1.5,8.4963045
20170625 09:00:00,24.9435,29.45029,1.0,8.39657
20170625 10:00:00,24.543499,28.720978,0.6,10.041354
20170625 11:00:00,24.5935,28.358372,0.8,13.281023
20170625 12:00:00,24.2435,27.713104,0.9,13.276144
20170625 13:00:00,24.0935,27.49201,0.5,12.768586
20170625 14:00:00,24.043499,27.211874,0.3,13.755579
20170625 15:00:00,25.1435,28.112152,0.0,15.509274
20170625 16:00:00,25.043499,28.095379,0.0,15.137133
20170625 17:00:00,24.8935,28.460861,0.0,12.599998
20170625 18:00:00,24.2435,27.926697,0.0,11.212135
20170625 19:00:00,23.6935,27.168766,0.0,11.457958
20170625 20:00:00,23.2435,26.342682,0.0,12.682018
20170625 21:00:00,22.793499,25.812489,0.0,11.525623
20170625 22:00:00,22.4935,25.407084,0.0,10.948973
20170625 23:00:00,22.3935,25.12196,0.0,11.304229
20170626 00:00:00,22.043499,24.719015,0.0,10.587918
20170626 01:00:00,21.6435,24.16417,0.0,10.587918
20170626 02:00:00,21.4935,23.88498,0.0,10.948973
20170626 03:00:00,21.7435,24.879892,0.0,7.072878
20170626 04:00:00,21.543499,24.708632,0.0,7.4128532
20170626 05:00:00,21.4435,24.580206,0.0,7.7879906
20170626 06:00:00,21.793499,25.369602,0.0,5.8603754
20170626 07:00:00,22.7435,26.601742,0.0,5.95906
20170626 08:00:00,25.543499,29.374237,0.0,10.787993
20170626 09:00:00,25.9935,30.443073,0.0,8.161764
20170626 10:00:00,26.8435,31.798359,0.0,6.763786
20170626 11:00:00,27.6435,32.885612,0.0,6.924738
20170626 12:00:00,26.1935,29.484516,4.3,11.480557
20170626 13:00:00,26.8435,30.88887,0.2,4.829907
20170626 14:00:00,26.1435,29.66013,0.8,9.220499
20170626 15:00:00,25.1435,29.107437,1.7,6.162207
20170626 16:00:00,25.2435,29.16779,0.3,7.2
20170626 17:00:00,25.793499,30.034172,0.0,5.4119864
20170626 18:00:00,25.4935,29.613182,0.1,5.0911684
20170626 19:00:00,24.3435,28.960354,0.0,4.6102495
20170626 20:00:00,23.793499,28.223217,0.0,6.696387
20170626 21:00:00,23.3435,28.019413,0.0,4.2136917
20170626 22:00:00,22.793499,27.095524,0.0,5.6002855
20170626 23:00:00,22.293499,26.449512,0.0,5.634891
20170627 00:00:00,22.1435,26.298876,0.0,5.4477882
20170627 01:00:00,22.2435,26.475159,0.0,5.1165614
20170627 02:00:00,22.1435,26.24817,0.0,5.4119864
20170627 03:00:00,21.9935,25.957144,0.0,5.2416787
20170627 04:00:00,21.7435,25.713213,0.0,4.452954
20170627 05:00:00,21.543499,25.43226,0.0,4.452954
20170627 06:00:00,22.3435,26.697104,0.0,2.1897945
20170627 07:00:00,23.7435,28.265026,0.0,2.16
20170627 08:00:00,25.8435,30.467327,0.0,6.763786
20170627 09:00:00,26.8435,31.546555,0.1,7.653705
20170627 10:00:00,27.6435,32.3121,0.2,5.4833565
20170627 11:00:00,27.5935,31.300877,0.8,11.570515
20170627 12:00:00,26.4935,29.945477,1.4,7.5942082
20170627 13:00:00,26.4935,30.789894,0.4,4.829907
20170627 14:00:00,26.8935,31.417599,0.5,2.3051248
20170627 15:00:00,27.2435,31.291355,1.1,2.0364676
20170627 16:00:00,24.6935,27.113092,1.0,16.946787
20170627 17:00:00,24.9435,28.665852,0.1,8.587338
20170627 18:00:00,24.9935,28.897247,0.0,7.729527
20170627 19:00:00,24.2435,28.535515,0.0,7.6367526
20170627 20:00:00,23.9435,27.69287,0.0,11.159999
20170627 21:00:00,23.543499,26.831068,0.0,11.966953
20170627 22:00:00,23.293499,26.541704,0.0,11.659777
20170627 23:00:00,23.0935,26.352343,0.0,11.013882
20170628 00:00:00,22.6935,25.903347,0.0,10.594036
20170628 01:00:00,22.293499,25.595352,0.0,9.028754
20170628 02:00:00,21.9435,25.272621,0.0,8.287822
20170628 03:00:00,21.793499,25.070183,0.0,8.28
20170628 04:00:00,21.6935,25.075275,0.0,7.5599995
20170628 05:00:00,21.3435,24.815218,0.0,6.2145634
20170628 06:00:00,22.543499,26.373865,0.0,6.151683
20170628 07:00:00,23.8435,27.465721,0.0,8.707238
20170628 08:00:00,24.7435,28.661095,0.0,7.6367526
20170628 09:00:00,25.3435,29.021252,0.0,9.47012
20170628 10:00:00,25.6935,28.950153,0.0,11.966953
20170628 11:00:00,25.1435,28.38076,0.1,9.449572
20170628 12:00:00,24.8435,27.833263,0.2,10.041354
20170628 13:00:00,25.1935,27.729149,0.0,12.605142
20170628 14:00:00,25.6935,28.070862,0.0,12.605142
20170628 15:00:00,25.1935,27.545132,0.0,12.429127
20170628 16:00:00,24.543499,27.09369,0.0,10.365251
20170628 17:00:00,24.0935,26.542444,0.0,11.770403
20170628 18:00:00,23.3935,26.256336,0.0,9.83268
20170628 19:00:00,22.793499,25.880884,0.0,9.387651
20170628 20:00:00,22.3435,25.281862,0.0,7.8954163
20170628 21:00:00,21.9935,25.30648,1.9,5.8603754
20170628 22:00:00,21.7435,25.40109,0.0,4.39436
20170628 23:00:00,21.7435,25.414816,0.0,4.8433046
20170629 00:00:00,21.5935,25.32007,0.0,4.829907
20170629 01:00:00,21.5935,25.393293,0.0,4.510787
20170629 02:00:00,21.293499,24.856535,0.0,5.5887027
20170629 03:00:00,21.293499,24.981026,0.0,4.73506
20170629 04:00:00,21.1935,25.282673,0.0,1.8
20170629 05:00:00,20.9435,24.9804,0.0,2.16
20170629 06:00:00,21.543499,25.274042,0.0,4.802999
20170629 07:00:00,22.793499,26.884867,0.0,3.2399998
20170629 08:00:00,24.1935,27.935833,0.0,3.9763298
20170629 09:00:00,25.4935,29.246605,0.1,4.072935
20170629 10:00:00,26.3935,30.200466,0.1,3.8773184
20170629 11:00:00,26.6935,30.55568,0.3,2.4149535
20170629 12:00:00,27.0935,30.87576,0.4,4.072935
20170629 13:00:00,27.3435,31.134209,0.3,3.6179552
20170629 14:00:00,27.793499,31.833755,0.3,2.9024127
20170629 15:00:00,28.3935,32.724865,0.0,2.2768397
20170629 16:00:00,28.1435,32.017384,0.0,5.8048253
20170629 17:00:00,27.4435,30.834682,0.1,11.609651
20170629 18:00:00,26.543499,30.334366,0.0,11.252519
20170629 19:00:00,25.3435,29.329288,0.0,9.726665
20170629 20:00:00,23.9935,28.220509,0.0,8.891343
20170629 21:00:00,23.8435,28.098782,0.0,8.4963045
20170629 22:00:00,23.6935,27.966576,0.1,7.771331
20170629 23:00:00,23.6435,27.98859,0.1,6.87779
20170630 00:00:00,23.5935,28.046745,0.0,5.937272
20170630 01:00:00,23.4435,27.79599,0.0,6.0347
20170630 02:00:00,23.2435,27.376736,0.0,7.342588
20170630 03:00:00,23.043499,27.064085,0.0,7.92
20170630 04:00:00,23.2435,27.235252,0.0,8.905908
20170630 05:00:00,23.0935,27.29175,0.0,7.491114
20170630 06:00:00,23.9435,28.568012,0.0,6.3690495
20170630 07:00:00,25.293499,29.888771,0.0,7.9932966
20170630 08:00:00,25.5935,30.377079,0.0,8.161764
20170630 09:00:00,27.9935,32.963436,0.0,8.891344
20170630 10:00:00,29.543499,34.932587,0.1,9.983106
20170630 11:00:00,30.293499,35.007202,0.0,12.682018
20170630 12:00:00,31.0935,36.406063,0.0,13.18308
20170630 13:00:00,31.793499,36.93217,0.0,13.281023
20170630 14:00:00,32.1435,36.807465,0.0,13.397612
20170630 15:00:00,32.3935,36.96391,0.0,10.514218
20170630 16:00:00,29.8435,33.844105,0.2,9.178235
20170630 17:00:00,28.8935,34.328285,0.1,3.2399998
20170630 18:00:00,28.6935,34.488396,0.0,7.0911775
20170630 19:00:00,27.1435,32.26796,0.0,10.137692
20170630 20:00:00,26.8435,32.55557,0.0,5.4477882
20170630 21:00:00,26.2435,31.46466,0.0,8.161764
20170630 22:00:00,25.5935,30.473377,0.0,9.422101
20170630 23:00:00,25.2435,30.77153,0.0,6.28713
20170701 00:00:00,24.9935,30.889763,0.0,3.5455887
20170701 01:00:00,24.8435,30.43768,0.0,5.3999996
20170701 02:00:00,24.9935,30.643723,0.0,5.0142193
20170701 03:00:00,25.293499,30.947838,0.0,5.8603754
20170701 04:00:00,25.293499,30.812912,0.0,7.8954163
20170701 05:00:00,24.9935,30.637115,0.0,6.379216
20170701 06:00:00,25.4435,30.984589,0.0,7.968939
20170701 07:00:00,26.9435,32.070747,0.0,12.144331
20170701 08:00:00,28.1935,34.159916,0.0,7.289445
20170701 09:00:00,28.543499,34.476048,1.1,6.830519
20170701 10:00:00,28.6935,34.9429,0.4,6.0347
20170701 11:00:00,27.3935,31.977196,1.0,14.512064
20170701 12:00:00,27.5935,33.17827,0.0,7.42159
20170701 13:00:00,28.043499,33.480217,0.0,10.009036
20170701 14:00:00,28.8435,34.080975,0.0,11.592895
20170701 15:00:00,29.4435,34.95547,0.1,9.021574
20170701 16:00:00,29.0935,34.444733,0.0,7.8954163
20170701 17:00:00,28.8435,34.591484,0.0,6.28713
20170701 18:00:00,28.3435,33.702827,0.0,10.308831
20170701 19:00:00,27.0935,32.151493,0.0,10.594036
20170701 20:00:00,26.4935,32.09943,0.0,8.64
20170701 21:00:00,25.8435,31.712952,0.0,5.937272
20170701 22:00:00,25.5935,31.422222,0.0,5.771239
20170701 23:00:00,25.3935,31.425148,0.0,4.829907
20170702 00:00:00,25.4935,31.039032,0.0,7.491114
20170702 01:00:00,25.4935,30.73854,0.0,8.225035
20170702 02:00:00,25.5935,30.545906,0.0,9.793058
20170702 03:00:00,25.6435,30.415546,0.0,10.594036
20170702 04:00:00,25.5935,30.233002,0.0,11.720751
20170702 05:00:00,25.4435,30.103107,0.0,11.367109
20170702 06:00:00,26.1435,30.80875,0.0,12.413476
20170702 07:00:00,27.4935,31.263248,0.0,19.64558
20170702 08:00:00,28.3935,32.21984,0.0,19.917469
20170702 09:00:00,29.3435,33.058693,0.0,20.892412
20170702 10:00:00,30.293499,33.726757,0.0,22.751316
20170702 11:00:00,31.0935,34.862103,0.0,23.157824
20170702 12:00:00,31.0935,34.30787,0.0,22.963936
20170702 13:00:00,31.3435,35.00997,0.1,22.104116
20170702 14:00:00,30.543499,34.747692,1.3,17.298738
20170702 15:00:00,30.1935,35.350132,0.0,11.901798
20170702 16:00:00,30.1935,34.86286,0.0,14.113653
20170702 17:00:00,29.8935,34.76203,0.0,16.418526
20170702 18:00:00,28.293499,32.865013,0.0,16.394829
20170702 19:00:00,27.793499,32.31814,0.0,16.039202
20170702 20:00:00,27.4435,32.878452,0.0,10.028439
20170702 21:00:00,27.3935,32.097466,0.0,14.587776
20170702 22:00:00,27.5935,31.81778,0.0,16.75064
20170702 23:00:00,27.1435,31.610256,0.4,13.324863
20170703 00:00:00,25.4935,29.970955,5.4,11.966953
20170703 01:00:00,25.043499,31.006908,1.5,1.1384199
20170703 02:00:00,24.543499,29.422405,1.1,7.729527
20170703 03:00:00,24.5935,29.29496,0.0,7.8954163
20170703 04:00:00,24.5935,29.46083,0.0,7.386582
20170703 05:00:00,24.7435,30.035542,0.0,5.95906
20170703 06:00:00,25.9435,31.709015,0.0,5.0911684
20170703 07:00:00,27.3435,33.030243,0.0,8.759178
20170703 08:00:00,28.6935,33.610264,0.0,10.00256
20170703 09:00:00,29.9435,34.68905,0.0,14.044615
20170703 10:00:00,30.5935,35.889,0.2,14.05845
20170703 11:00:00,31.293499,36.988266,0.3,14.561099
20170703 12:00:00,30.5935,36.390778,5.2,9.605998
20170703 13:00:00,30.0935,34.04134,0.7,14.689589
20170703 14:00:00,30.6935,36.217545,0.0,13.32
20170703 15:00:00,28.9435,33.17598,5.5,14.04
20170703 16:00:00,28.793499,33.77049,0.1,12.9249525
20170703 17:00:00,28.7435,34.053364,0.0,12.245294
20170703 18:00:00,28.293499,33.73064,0.0,11.609651
20170703 19:00:00,27.2435,32.811253,0.0,10.495713
20170703 20:00:00,27.0935,32.97217,0.0,6.9899354
20170703 21:00:00,26.793499,32.664955,0.0,9.114471
20170703 22:00:00,26.2435,31.724499,0.0,9.726665
20170703 23:00:00,26.0935,31.59742,0.0,8.891344
20170704 00:00:00,25.9935,31.499569,0.0,8.427383
20170704 01:00:00,25.9935,31.41864,0.0,8.534353
20170704 02:00:00,25.9435,31.182758,0.0,8.699793
20170704 03:00:00,25.543499,30.662323,0.0,8.217153
20170704 04:00:00,25.543499,30.51582,0.0,8.78872
20170704 05:00:00,25.3935,30.407642,0.0,8.287822
20170704 06:00:00,25.9935,30.999393,0.0,9.422101
20170704 07:00:00,26.9935,32.523495,0.0,6.9153743
20170704 08:00:00,28.5935,33.645454,0.0,7.9932966
20170704 09:00:00,30.293499,35.07913,0.0,8.942214
20170704 10:00:00,31.0935,35.270935,0.0,12.88981
20170704 11:00:00,30.8435,34.148575,0.0,15.141414
20170704 12:00:00,30.1435,34.155746,0.0,11.525623
20170704 13:00:00,30.793499,34.799526,0.0,8.534353
20170704 14:00:00,31.0935,34.96078,0.0,8.891343
20170704 15:00:00,31.5935,35.9543,0.0,11.298495
20170704 16:00:00,31.6435,35.132286,0.0,14.869351
20170704 17:00:00,30.0935,34.18814,0.0,13.896187
20170704 18:00:00,29.1935,33.407455,0.0,15.034041
20170704 19:00:00,27.4935,32.042667,0.0,11.885453
20170704 20:00:00,27.0935,32.02375,0.0,10.805999
20170704 21:00:00,27.3935,32.413094,0.0,10.853866
20170704 22:00:00,27.1935,32.400463,0.0,10.464798
20170704 23:00:00,27.3935,32.81821,0.2,11.013882
20170705 00:00:00,27.3435,32.65902,0.0,12.224107
20170705 01:00:00,26.9935,32.610565,0.2,9.47012
20170705 02:00:00,25.9935,31.908485,1.7,5.6233797
20170705 03:00:00,26.1435,31.707146,0.0,8.707238
20170705 04:00:00,25.8435,31.54824,0.0,7.5170207
20170705 05:00:00,25.7435,31.266907,0.0,8.311245
20170705 06:00:00,26.9935,32.770504,0.0,8.373386
20170705 07:00:00,28.1435,33.777184,0.0,10.495713
20170705 08:00:00,28.8935,35.290962,0.0,1.609969
20170705 09:00:00,29.6435,35.806343,0.0,4.1046314
20170705 10:00:00,30.793499,36.873497,0.0,3.096837
20170705 11:00:00,32.3935,40.044273,0.0,3.096837
20170705 12:00:00,32.8435,40.454426,0.1,5.506941
20170705 13:00:00,32.9935,38.98276,0.0,3.2599385
20170705 14:00:00,33.4435,40.467148,0.0,5.4477882
20170705 15:00:00,32.0935,37.416317,0.1,11.165805
20170705 16:00:00,31.5935,36.931,0.0,10.1887
20170705 17:00:00,30.4935,36.278408,0.0,9.659814
20170705 18:00:00,29.7435,36.12673,0.1,8.4042845
20170705 19:00:00,28.9435,35.661976,0.0,7.5685663
20170705 20:00:00,27.793499,34.26374,0.0,7.5942073
20170705 21:00:00,26.9935,32.64506,0.0,9.6932955
20170705 22:00:00,26.8935,32.265766,0.0,10.464798
20170705 23:00:00,26.6935,32.285435,0.0,10.105681
20170706 00:00:00,26.543499,32.687096,0.0,7.9526596
20170706 01:00:00,26.6435,32.936066,0.0,7.6367526
20170706 02:00:00,26.4935,32.54889,0.0,9.028754
20170706 03:00:00,26.293499,32.38865,0.0,8.287822
20170706 04:00:00,26.1435,32.31086,0.0,7.5599995
20170706 05:00:00,26.0935,32.169586,0.0,7.9526596
20170706 06:00:00,26.9435,33.351727,0.0,6.8399997
20170706 07:00:00,28.1435,33.923847,0.0,11.367109
20170706 08:00:00,29.3435,34.733418,0.0,13.32
20170706 09:00:00,30.4435,35.86936,0.0,14.24163
20170706 10:00:00,30.9435,36.401066,0.1,13.779114
20170706 11:00:00,31.5935,37.518795,0.0,10.799999
20170706 12:00:00,32.0935,38.839466,0.4,9.826088
20170706 13:00:00,31.0935,37.22258,2.0,12.7279215
20170706 14:00:00,31.0935,36.59914,1.1,14.241629
20170706 15:00:00,31.1935,36.96751,0.0,10.8955765
20170706 16:00:00,31.043499,36.582787,0.0,12.979984
20170706 17:00:00,30.1935,36.096863,0.0,10.495713
20170706 18:00:00,29.6435,35.756542,0.0,10.739833
20170706 19:00:00,28.6435,34.854786,0.0,10.08
20170706 20:00:00,29.3935,35.67292,0.0,10.086427
20170706 21:00:00,28.6435,34.31073,0.0,13.089354
20170706 22:00:00,28.1935,33.659412,0.0,13.049689
20170706 23:00:00,27.9435,33.22602,0.0,13.138765
20170707 00:00:00,27.9935,33.049145,0.0,15.629972
20170707 01:00:00,27.5935,32.36594,0.0,15.484185
20170707 02:00:00,27.2435,32.02492,0.0,14.05845
20170707 03:00:00,27.0935,31.85833,0.0,13.722565
20170707 04:00:00,26.9435,31.701801,0.0,13.32
20170707 05:00:00,26.6435,31.039886,0.0,14.471821
20170707 06:00:00,27.1435,31.197304,0.0,16.595179
20170707 07:00:00,28.2435,32.725037,0.0,15.876775
20170707 08:00:00,30.3935,34.66509,0.0,16.167967
20170707 09:00:00,31.5935,35.936436,0.0,18.58451
20170707 10:00:00,32.4935,37.50373,0.0,18.58451
20170707 11:00:00,33.4435,39.178482,0.0,18.0
20170707 12:00:00,33.8435,40.0091,0.0,16.80857
20170707 13:00:00,33.1435,39.15319,0.1,11.681987
20170707 14:00:00,32.4435,38.071754,0.0,9.779817
20170707 15:00:00,32.1935,38.301216,0.0,7.42159
20170707 16:00:00,32.4935,38.83424,0.0,6.989936
20170707 17:00:00,32.0935,38.52131,0.0,9.028754
20170707 18:00:00,31.293499,38.253098,0.0,8.350138
20170707 19:00:00,29.9435,36.463623,0.0,10.636766
20170707 20:00:00,29.4435,36.26797,0.0,8.557102
20170707 21:00:00,28.8435,34.743465,0.0,9.360001
20170707 22:00:00,28.7435,34.42553,0.0,9.6932955
20170707 23:00:00,28.3435,33.92783,0.0,10.137692
20170708 00:00:00,27.8935,33.560528,0.0,9.346143
20170708 01:00:00,27.3935,33.076324,0.0,8.557102
20170708 02:00:00,27.293499,32.795826,0.0,9.114471
20170708 03:00:00,27.1435,32.58754,0.0,9.0645685
20170708 04:00:00,26.9435,32.525337,0.0,8.12197
20170708 05:00:00,26.7435,32.6959,0.0,6.0347
20170708 06:00:00,27.293499,33.604225,0.0,4.0249224
20170708 07:00:00,28.3935,34.50572,0.0,6.28713
20170708 08:00:00,30.5935,35.9921,0.0,10.464797
20170708 09:00:00,31.6435,37.301773,0.0,9.585739
20170708 10:00:00,32.9435,39.4575,0.0,9.673221
20170708 11:00:00,32.9935,40.539223,0.5,10.464797
20170708 12:00:00,30.4435,35.644688,8.8,10.239453
20170708 13:00:00,30.1935,36.82331,0.0,1.8
20170708 14:00:00,31.293499,37.733253,0.0,4.6938257
20170708 15:00:00,32.1435,37.95645,0.0,8.287822
20170708 16:00:00,32.3935,38.179367,0.0,8.699793
20170708 17:00:00,31.6935,36.985897,0.0,12.324414
20170708 18:00:00,30.8435,36.9966,0.0,9.726665
20170708 19:00:00,29.6935,35.953243,0.0,10.703569
20170708 20:00:00,29.9435,36.40233,0.0,10.315115
20170708 21:00:00,29.0935,35.98069,0.2,7.6367526
20170708 22:00:00,28.3435,35.510273,0.1,5.4833565
20170708 23:00:00,28.293499,35.39388,0.0,5.4477882
20170709 00:00:00,28.1935,35.047607,0.1,6.162207
20170709 01:00:00,27.9935,34.997234,0.2,4.8965297
20170709 02:00:00,27.6935,34.391354,0.1,6.0347
20170709 03:00:00,27.3435,33.95926,0.0,5.4119864
20170709 04:00:00,27.0935,33.280884,0.0,6.4799995
20170709 05:00:00,26.6935,32.488472,0.0,7.5685663
20170709 06:00:00,27.3935,33.300995,0.0,7.24486
20170709 07:00:00,28.4435,34.157738,0.0,8.557102
20170709 08:00:00,30.6935,35.575363,0.0,13.779114
20170709 09:00:00,31.1935,35.784103,0.0,15.315873
20170709 10:00:00,31.9935,36.61671,0.0,16.263872
20170709 11:00:00,32.3435,37.472565,1.9,18.58451
20170709 12:00:00,30.3435,35.158367,6.3,12.88981
20170709 13:00:00,30.1935,34.703514,0.0,14.982228
20170709 14:00:00,29.6935,34.695763,0.0,12.287555
20170709 15:00:00,30.4935,35.31849,0.0,12.594856
20170709 16:00:00,29.9935,35.07673,0.0,11.503113
20170709 17:00:00,30.1435,35.541462,0.0,10.703569
20170709 18:00:00,29.2435,34.540874,0.1,10.495713
20170709 19:00:00,28.3435,33.28097,0.0,12.074766
20170709 20:00:00,27.8435,32.81288,0.0,10.308831
20170709 21:00:00,27.793499,31.277702,1.5,16.418526
20170709 22:00:00,27.293499,31.522594,0.3,11.525623
20170709 23:00:00,27.293499,31.225746,0.0,14.404499
20170710 00:00:00,27.5935,31.996162,0.0,14.417988
20170710 01:00:00,27.6935,31.935623,0.0,15.517629
20170710 02:00:00,27.793499,31.90614,0.0,15.745627
20170710 03:00:00,27.7435,31.993507,0.0,15.683776
20170710 04:00:00,27.8435,32.00486,0.0,15.629972
20170710 05:00:00,27.7435,31.58073,0.4,16.981165
20170710 06:00:00,27.6935,31.69717,0.0,17.373497
20170710 07:00:00,29.293499,33.818645,0.0,16.24394
20170710 08:00:00,30.6435,35.661392,0.0,14.917212
20170710 09:00:00,32.0435,35.994293,0.0,21.518847
20170710 10:00:00,31.8435,35.988235,0.0,19.881649
20170710 11:00:00,30.8935,34.255867,0.0,20.633371
20170710 12:00:00,30.6935,33.448875,0.1,24.798223
20170710 13:00:00,29.1935,32.598015,0.1,21.24305
20170710 14:00:00,28.7435,32.373234,0.8,18.175545
20170710 15:00:00,28.543499,32.22016,0.5,17.64
20170710 16:00:00,28.3435,32.18646,0.2,16.071491
20170710 17:00:00,27.6935,31.485146,1.1,16.645864
20170710 18:00:00,26.4435,30.571697,0.4,13.708391
20170710 19:00:00,25.7435,29.12679,0.5,14.458382
20170710 20:00:00,25.6935,30.313316,0.8,4.379589
20170710 21:00:00,25.293499,29.60387,0.8,7.9036193
20170710 22:00:00,25.1935,29.335922,1.2,8.854829
20170710 23:00:00,24.9435,28.986374,0.3,11.165805
20170711 00:00:00,24.6935,28.605782,0.3,11.043261
20170711 01:00:00,24.4935,28.500023,0.1,9.793059
20170711 02:00:00,24.0935,27.986767,0.0,9.178235
20170711 03:00:00,23.8435,27.93982,0.0,7.7879906
20170711 04:00:00,23.6435,27.738955,0.0,7.9932966
20170711 05:00:00,23.5935,27.877136,0.0,7.10031
20170711 06:00:00,24.543499,29.179184,0.0,6.28713
20170711 07:00:00,25.9435,30.726974,0.0,6.696387
20170711 08:00:00,28.3435,32.80586,0.0,6.830519
20170711 09:00:00,29.6435,33.86408,0.0,7.5170207
20170711 10:00:00,30.5935,35.64606,0.0,9.255571
20170711 11:00:00,31.3935,37.145905,0.0,9.983106
20170711 12:00:00,32.0435,38.664333,0.0,8.404285
20170711 13:00:00,32.5935,39.20141,0.0,9.585739
20170711 14:00:00,32.9435,39.012432,0.0,12.181624
20170711 15:00:00,32.7435,37.548992,0.0,12.819235
20170711 16:00:00,31.7435,35.90983,0.1,14.24163
20170711 17:00:00,30.3935,34.990654,0.0,15.281989
20170711 18:00:00,29.4435,34.980145,0.0,11.609651
20170711 19:00:00,28.293499,34.246895,0.0,9.47012
20170711 20:00:00,28.3435,35.121483,0.0,6.439876
20170711 21:00:00,28.043499,34.511013,0.0,8.089993
20170711 22:00:00,27.543499,33.747856,0.0,7.289444
20170711 23:00:00,27.293499,33.04319,0.0,8.557102
20170712 00:00:00,26.9935,32.816463,0.0,8.287822
20170712 01:00:00,26.8435,32.82025,0.0,7.69592
20170712 02:00:00,26.7435,32.980015,0.0,6.379216
20170712 03:00:00,26.4935,32.811905,0.0,5.5887027
20170712 04:00:00,25.9935,32.129818,0.0,5.6920996
20170712 05:00:00,26.1435,32.38031,0.0,5.00128
20170712 06:00:00,26.7435,32.99084,0.0,4.6938257
20170712 07:00:00,28.3935,34.36207,0.0,6.1305785
20170712 08:00:00,30.3435,36.353565,0.0,7.653705
20170712 09:00:00,31.793499,38.20845,0.0,7.42159
20170712 10:00:00,33.2435,40.962223,0.0,5.1919937
20170712 11:00:00,33.9435,42.080296,0.1,4.3349743
20170712 12:00:00,34.1435,41.88016,0.1,5.771239
20170712 13:00:00,34.4435,41.93303,0.0,5.4119864
20170712 14:00:00,34.5435,42.09509,0.0,4.73506
20170712 15:00:00,34.7935,41.82768,0.0,2.5455842
20170712 16:00:00,34.0435,39.68763,0.0,8.049845
20170712 17:00:00,31.793499,37.80947,0.8,9.227524
20170712 18:00:00,31.3435,38.47344,0.0,5.6920996
20170712 19:00:00,30.3435,37.934414,0.0,7.342588
20170712 20:00:00,30.3435,37.00551,0.0,8.669949
20170712 21:00:00,29.4935,36.735348,0.0,8.209263
20170712 22:00:00,28.9435,35.57879,0.0,7.8954163
20170712 23:00:00,28.4435,34.674305,0.0,9.227524
20170713 00:00:00,28.043499,34.212574,0.0,9.178235
20170713 01:00:00,27.8435,33.98241,0.0,9.3876505
20170713 02:00:00,27.5935,34.050396,0.0,7.928178
20170713 03:00:00,27.293499,34.00278,0.0,6.924738
20170713 04:00:00,27.1435,33.813717,0.0,6.9527545
20170713 05:00:00,26.7435,32.99974,0.0,7.4128532
20170713 06:00:00,27.543499,33.594044,0.0,7.4128532
20170713 07:00:00,28.6935,34.391773,0.0,8.435069
20170713 08:00:00,30.8935,36.552975,0.0,10.514218
20170713 09:00:00,32.3435,38.365566,0.0,8.707237
20170713 10:00:00,33.5935,40.246635,0.0,6.4799995
20170713 11:00:00,34.2435,41.410545,0.0,5.904439
20170713 12:00:00,34.2935,42.122242,0.0,5.0528407
20170713 13:00:00,33.2435,40.604588,1.9,8.854829
20170713 14:00:00,33.1435,40.776173,2.3,1.2979984
20170713 15:00:00,33.8935,40.401714,0.0,7.172949
20170713 16:00:00,32.9435,38.757812,1.2,9.422101
20170713 17:00:00,32.3935,38.843525,0.0,9.114471
20170713 18:00:00,31.293499,38.286854,0.0,9.885262
20170713 19:00:00,29.9935,37.214096,0.0,9.114471
20170713 20:00:00,29.7435,36.38747,0.0,8.557102
20170713 21:00:00,29.6935,36.070595,0.0,7.729527
20170713 22:00:00,29.1435,35.4322,0.0,6.924738
20170713 23:00:00,28.793499,35.15991,0.0,6.162207
20170714 00:00:00,28.4435,34.249454,0.0,7.928178
20170714 01:00:00,28.2435,33.73,0.0,8.311245
20170714 02:00:00,28.043499,33.460373,0.0,8.12197
20170714 03:00:00,27.7435,33.231174,0.1,7.8625183
20170714 04:00:00,27.4435,33.00709,0.0,7.5685663
20170714 05:00:00,27.1435,32.65635,0.0,7.92
20170714 06:00:00,27.6435,33.16375,0.0,8.311245
20170714 07:00:00,28.3935,34.09992,0.0,7.928178
20170714 08:00:00,29.9935,35.972122,0.0,6.9527545
20170714 09:00:00,31.9435,37.780354,0.0,8.587338
20170714 10:00:00,33.6435,40.31504,0.0,9.726664
20170714 11:00:00,34.5435,42.14613,0.0,8.587338
20170714 12:00:00,34.4935,42.64814,0.1,7.342588
20170714 13:00:00,31.793499,38.718872,1.7,9.085988
20170714 14:00:00,31.5935,37.494205,0.0,7.2359104
20170714 15:00:00,32.0435,38.322094,0.0,6.9527545
20170714 16:00:00,31.8935,38.23337,0.0,7.9526596
20170714 17:00:00,31.793499,38.568054,0.0,8.12197
20170714 18:00:00,31.2435,38.851795,0.0,7.208994
20170714 19:00:00,29.9435,36.86584,0.0,9.885262
20170714 20:00:00,30.2435,37.524677,0.0,7.928178
20170714 21:00:00,29.6935,36.782234,0.0,6.989936
20170714 22:00:00,28.9935,35.54749,0.0,8.209263
20170714 23:00:00,28.4935,34.825237,0.0,9.983106
20170715 00:00:00,28.4435,34.592865,0.0,11.966954
20170715 01:00:00,28.1935,34.080063,0.0,13.039754
20170715 02:00:00,27.8935,33.97816,0.0,11.928989
20170715 03:00:00,27.6435,33.85634,0.0,11.542478
20170715 04:00:00,27.3935,33.57023,0.0,11.304229
20170715 05:00:00,27.1935,33.16634,0.0,11.252519
20170715 06:00:00,27.6435,33.64971,0.0,10.538843
20170715 07:00:00,28.793499,34.37492,0.0,12.959999
20170715 08:00:00,30.4435,35.51206,0.0,15.273505
20170715 09:00:00,31.6935,36.333836,0.0,17.026896
20170715 10:00:00,32.7435,37.93628,0.0,16.071491
20170715 11:00:00,33.4935,38.944855,0.0,16.595179
20170715 12:00:00,34.1435,39.98195,0.0,16.808569
20170715 13:00:00,34.2935,39.919033,0.0,16.62249
20170715 14:00:00,34.1935,39.809082,0.0,16.203999
20170715 15:00:00,34.0935,39.45776,0.0,15.137133
20170715 16:00:00,33.2935,37.93936,0.0,15.815435
20170715 17:00:00,32.1935,37.027718,0.0,16.854767
20170715 18:00:00,30.543499,35.639416,0.0,15.7908325
20170715 19:00:00,29.043499,33.861008,0.0,15.617529
20170715 20:00:00,28.8435,33.733982,0.0,14.20062
20170715 21:00:00,28.5935,33.156193,0.0,15.315873
20170715 22:00:00,28.1435,32.150867,0.0,18.455048
20170715 23:00:00,27.6435,31.288208,0.0,20.724247
20170716 00:00:00,27.3435,31.178753,0.0,20.545246
20170716 01:00:00,27.1935,30.9108,0.0,21.129885
20170716 02:00:00,26.9935,30.607243,0.0,20.721119
20170716 03:00:00,26.7435,30.426697,0.0,19.803272
20170716 04:00:00,26.4935,30.597023,0.0,16.923828
20170716 05:00:00,26.2435,30.566395,0.0,14.759999
20170716 06:00:00,26.8935,31.349762,0.0,14.05845
20170716 07:00:00,28.3435,32.347885,0.0,16.919998
20170716 08:00:00,29.8935,33.670517,0.0,16.93531
20170716 09:00:00,31.043499,34.904682,0.0,16.343367
20170716 10:00:00,32.0435,36.492912,0.0,16.946787
20170716 11:00:00,33.1435,38.72721,0.0,15.463244
20170716 12:00:00,33.7935,39.572575,0.0,15.5843
20170716 13:00:00,34.1435,39.92787,0.0,15.986595
20170716 14:00:00,34.3435,40.077023,0.0,15.226764
20170716 15:00:00,34.3435,39.787407,0.0,14.830076
20170716 16:00:00,33.8935,38.559998,0.0,15.905319
20170716 17:00:00,33.0435,37.660027,0.0,15.111424
20170716 18:00:00,31.6935,36.93969,0.0,13.1041975
20170716 19:00:00,29.8435,34.904472,0.0,14.168641
20170716 20:00:00,29.6435,34.960827,0.0,12.413477
20170716 21:00:00,29.6935,34.553734,0.0,15.315873
20170716 22:00:00,29.3935,33.924877,0.0,17.114204
20170716 23:00:00,28.8935,33.269485,0.0,17.727943
20170717 00:00:00,28.4935,32.938652,0.0,16.575644
20170717 01:00:00,28.1935,32.537064,0.0,15.4800005
20170717 02:00:00,27.6935,32.13015,0.0,14.404499
20170717 03:00:00,27.3435,31.854206,0.0,13.679999
20170717 04:00:00,26.9935,31.71402,0.0,12.245294
20170717 05:00:00,26.5935,31.198055,0.0,12.605142
20170717 06:00:00,27.2435,32.04589,0.0,11.901798
20170717 07:00:00,28.793499,33.34852,0.0,13.138765
20170717 08:00:00,30.4935,34.368176,0.0,14.973576
20170717 09:00:00,31.7435,35.282368,0.0,18.36353
20170717 10:00:00,32.3435,35.869476,0.0,21.349546
20170717 11:00:00,32.9435,36.58761,0.0,23.110207
20170717 12:00:00,33.0935,37.497486,0.0,23.828083
20170717 13:00:00,33.5435,38.113415,0.0,23.084955
20170717 14:00:00,33.7435,38.151943,0.0,21.349546
20170717 15:00:00,33.5935,37.361385,0.0,20.316889
20170717 16:00:00,33.2935,36.564396,0.0,18.161278
20170717 17:00:00,32.2935,36.305363,0.0,15.509274
20170717 18:00:00,31.1435,36.00506,0.0,12.55879
20170717 19:00:00,29.5935,34.481094,0.0,13.527572
20170717 20:00:00,29.0935,34.50568,0.0,11.770403
20170717 21:00:00,28.8935,34.132774,0.0,12.496719
20170717 22:00:00,28.6935,34.06206,0.0,12.074766
20170717 23:00:00,28.3935,33.784748,0.0,12.620554
20170718 00:00:00,28.043499,33.62916,0.0,11.525623
20170718 01:00:00,27.793499,33.572124,0.0,10.440001
20170718 02:00:00,27.6435,33.327866,0.0,10.853866
20170718 03:00:00,27.543499,33.092228,0.0,10.853866
20170718 04:00:00,27.543499,33.047405,0.0,10.239453
20170718 05:00:00,27.543499,32.962345,0.0,10.137692
20170718 06:00:00,28.0935,33.461132,0.0,10.028439
20170718 07:00:00,29.6435,34.737286,0.0,11.435313
20170718 08:00:00,31.543499,36.43493,0.0,11.457958
20170718 09:00:00,33.2435,38.184288,0.0,11.885453
20170718 10:00:00,34.4935,39.80692,0.0,11.91812
20170718 11:00:00,34.8935,39.332794,0.0,14.973576
20170718 12:00:00,35.1935,40.890034,0.0,10.966713
20170718 13:00:00,35.8435,41.545357,0.0,10.239453
20170718 14:00:00,34.0435,39.094097,1.5,14.471821
20170718 15:00:00,33.1435,38.227715,0.0,7.928178
20170718 16:00:00,34.3435,39.778576,0.0,5.937272
20170718 17:00:00,34.0435,39.27429,0.0,6.4799995
20170718 18:00:00,33.3935,38.865807,0.0,6.1305785
20170718 19:00:00,31.543499,37.918392,0.0,8.435069
20170718 20:00:00,30.4435,37.427242,0.0,5.2416787
20170718 21:00:00,30.7435,38.49488,0.0,1.4399999
20170718 22:00:00,30.1435,37.758224,0.0,2.8799999
20170718 23:00:00,29.4435,36.335136,0.0,6.130579
20170719 00:00:00,28.8435,35.66704,0.0,6.849467
20170719 01:00:00,28.543499,35.2318,0.0,6.5693827
20170719 02:00:00,28.2435,34.474297,0.0,7.5685663
20170719 03:00:00,27.9435,33.91099,0.0,8.209263
20170719 04:00:00,27.8435,33.302612,0.0,9.178235
20170719 05:00:00,27.5935,32.734818,0.0,8.913181
20170719 06:00:00,28.1935,33.14202,0.0,8.707237
20170719 07:00:00,29.6435,34.34861,0.0,8.654986
20170719 08:00:00,32.0935,37.2808,0.0,7.2359104
20170719 09:00:00,33.9935,38.981888,0.0,7.289444
20170719 10:00:00,35.1435,40.3778,0.0,6.9153743
20170719 11:00:00,35.7935,41.92356,0.0,4.829907
20170719 12:00:00,35.8935,42.466496,0.0,5.04
20170719 13:00:00,33.0935,39.349915,4.0,7.342588
20170719 14:00:00,33.0935,38.43996,0.0,6.130579
20170719 15:00:00,33.8935,39.812504,0.0,5.8048253
20170719 16:00:00,34.2935,39.601425,0.0,6.162207
20170719 17:00:00,33.9435,39.048027,0.0,7.9932966
20170719 18:00:00,33.0435,38.917233,0.0,7.628263
20170719 19:00:00,31.543499,39.27161,0.0,4.3349743
20170719 20:00:00,30.4935,37.156223,0.0,7.2
20170719 21:00:00,30.543499,36.72444,0.0,8.587338
20170719 22:00:00,30.0935,36.087276,0.0,8.699793
20170719 23:00:00,29.8435,35.07853,0.0,10.239453
20170720 00:00:00,29.543499,34.80142,0.0,10.086427
20170720 01:00:00,29.293499,34.83267,0.0,9.746631
20170720 02:00:00,29.2435,34.859768,0.0,10.1376915
20170720 03:00:00,28.8935,34.95684,0.0,8.473393
20170720 04:00:00,28.543499,35.09853,0.0,6.28713
20170720 05:00:00,28.1935,34.73701,0.0,6.6087217
20170720 06:00:00,28.793499,35.214886,0.0,6.489992
20170720 07:00:00,30.8435,36.692417,0.0,7.145796
20170720 08:00:00,33.1435,38.21167,0.0,6.12
20170720 09:00:00,34.8435,39.553116,0.0,4.452954
20170720 10:00:00,35.8935,40.85482,0.0,3.219938
20170720 11:00:00,36.3935,41.650623,0.0,2.8116899
20170720 12:00:00,36.5435,41.092003,0.0,7.7879906
20170720 13:00:00,36.4935,40.660995,0.4,8.825508
20170720 14:00:00,36.5935,40.647633,0.0,10.799999
20170720 15:00:00,35.4435,39.338066,0.3,9.565437
20170720 16:00:00,35.7435,39.857697,0.0,10.137692
20170720 17:00:00,34.9435,39.682728,0.0,10.483357
20170720 18:00:00,34.5435,39.870735,0.0,8.647496
20170720 19:00:00,32.5935,38.649963,0.0,9.885262
20170720 20:00:00,31.4435,37.490562,0.0,9.255571
20170720 21:00:00,31.2435,36.543724,0.0,8.217153
20170720 22:00:00,30.8435,35.56052,0.0,9.83268
20170720 23:00:00,30.4435,35.109863,0.0,10.829959
20170721 00:00:00,29.793499,34.932938,0.0,10.8955765
20170721 01:00:00,29.5935,35.064922,0.0,10.8955765
20170721 02:00:00,29.0935,34.631428,0.0,10.446206
20170721 03:00:00,28.7435,34.267536,0.0,10.086427
20170721 04:00:00,28.3435,34.002728,0.0,8.707238
20170721 05:00:00,27.9935,33.75664,0.0,7.771331
20170721 06:00:00,28.8435,34.806404,0.0,6.6185193
20170721 07:00:00,30.9435,36.577175,0.0,7.491114
20170721 08:00:00,33.5935,38.611935,0.0,6.0347
20170721 09:00:00,36.0935,40.258884,0.0,6.5693827
20170721 10:00:00,37.5435,42.266865,0.0,4.510787
20170721 11:00:00,38.4935,43.796944,0.0,2.7416782
20170721 12:00:00,39.0435,44.157673,0.0,4.39436
20170721 13:00:00,39.0935,42.909718,0.0,8.942214
20170721 14:00:00,38.7435,41.746517,0.0,8.049845
20170721 15:00:00,38.4935,41.207912,0.0,10.661107
20170721 16:00:00,37.6935,39.85506,0.3,15.034041
20170721 17:00:00,36.7935,40.11312,0.0,10.829958
20170721 18:00:00,35.9435,40.03321,0.0,9.6932955
20170721 19:00:00,33.7435,39.534023,0.0,11.928989
20170721 20:00:00,32.2935,38.206367,0.0,10.636766
20170721 21:00:00,31.5935,36.22971,0.0,10.163227
20170721 22:00:00,31.043499,35.34692,0.0,10.137692
20170721 23:00:00,30.4935,35.38183,0.0,9.9571085
20170722 00:00:00,30.1435,35.434914,0.0,9.178235
20170722 01:00:00,29.793499,35.370193,0.0,8.12197
20170722 02:00:00,29.3935,34.9708,0.0,9.255571
20170722 03:00:00,29.1435,34.857315,0.0,9.47012
20170722 04:00:00,28.9435,34.761375,0.0,8.759178
20170722 05:00:00,28.6435,34.734917,0.0,8.049845
20170722 06:00:00,29.1935,35.602383,0.0,7.2805495
20170722 07:00:00,31.1435,37.489666,0.0,7.208994
20170722 08:00:00,33.9935,39.54194,0.0,6.696387
20170722 09:00:00,36.1935,40.988026,0.0,6.9153743
20170722 10:00:00,37.8935,43.440105,0.0,5.1919937
20170722 11:00:00,39.1935,44.876827,0.0,5.7599998
20170722 12:00:00,39.9935,45.88002,0.0,6.297428
20170722 13:00:00,38.5435,43.12206,0.2,8.891344
20170722 14:00:00,37.8935,42.17407,0.0,3.0758414
20170722 15:00:00,37.4935,41.398327,0.0,7.072878
20170722 16:00:00,37.3435,41.60054,0.0,8.12197
20170722 17:00:00,37.0935,41.804123,0.0,9.36
20170722 18:00:00,35.2935,40.31489,0.2,12.074766
20170722 19:00:00,33.5935,39.13682,0.0,11.503113
20170722 20:00:00,33.6935,39.27452,0.0,10.315115
20170722 21:00:00,32.3935,38.10669,0.0,9.659814
20170722 22:00:00,31.3935,36.958958,0.0,8.854829
20170722 23:00:00,30.4935,36.254425,0.0,9.360001
20170723 00:00:00,29.9935,36.071903,0.0,8.825508
20170723 01:00:00,29.8435,36.157818,0.0,7.92
20170723 02:00:00,29.4935,35.92553,0.0,7.5942073
20170723 03:00:00,28.9935,35.641445,0.0,6.8399997
20170723 04:00:00,28.543499,35.353943,0.0,6.2145634
20170723 05:00:00,28.293499,35.152023,0.0,6.130579
20170723 06:00:00,28.9935,35.950207,0.0,5.4477882
20170723 07:00:00,31.293499,38.041737,0.0,4.2136917
20170723 08:00:00,34.1935,39.667995,0.0,3.319036
20170723 09:00:00,36.7935,41.487427,0.0,2.2768397
20170723 10:00:00,38.3935,43.525093,0.0,2.7416782
20170723 11:00:00,39.2435,44.369244,0.0,5.3999996
20170723 12:00:00,39.5435,44.098675,0.0,7.42159
20170723 13:00:00,39.1935,43.570026,0.1,9.826088
20170723 14:00:00,37.9435,42.21704,0.4,8.557102
20170723 15:00:00,38.2435,42.20525,0.0,7.9526596
20170723 16:00:00,37.0435,41.532993,1.0,11.090103
20170723 17:00:00,36.2435,41.11976,0.0,12.605142
20170723 18:00:00,35.0435,39.084835,0.0,13.556282
20170723 19:00:00,33.0435,37.50931,0.0,11.525623
20170723 20:00:00,32.2935,36.945454,0.0,9.83268
20170723 21:00:00,31.793499,36.001217,0.0,9.346143
20170723 22:00:00,30.9435,35.417274,0.0,8.557102
20170723 23:00:00,30.3435,34.956932,0.0,9.0645685
20170724 00:00:00,29.793499,34.897175,0.0,8.707238
20170724 01:00:00,29.3435,34.79556,0.0,7.42159
20170724 02:00:00,28.793499,34.543335,0.0,7.172949
20170724 03:00:00,28.293499,34.65958,0.0,5.937272
20170724 04:00:00,27.8935,34.55319,0.0,5.815978
20170724 05:00:00,27.5935,34.461193,0.0,5.3517847
20170724 06:00:00,28.3435,35.311306,0.0,4.896529
20170724 07:00:00,30.7435,37.652588,0.0,5.506941
20170724 08:00:00,34.1435,39.951077,0.0,5.8048253
20170724 09:00:00,36.7435,40.975307,0.0,6.6185193
20170724 10:00:00,38.2435,43.0724,0.0,5.95906
20170724 11:00:00,39.2935,44.49215,0.0,5.00128
20170724 12:00:00,39.6435,44.37137,0.0,4.5820518
20170724 13:00:00,39.9435,44.996304,0.0,2.5455842
20170724 14:00:00,39.9935,44.921413,0.0,0.8049845
20170724 15:00:00,39.8935,43.684357,0.0,2.3051248
20170724 16:00:00,39.3935,42.25825,0.0,6.489992
20170724 17:00:00,37.6935,41.25811,0.0,14.081478
20170724 18:00:00,35.7935,38.653435,0.0,16.923828
20170724 19:00:00,33.8935,37.911415,0.0,12.682018
20170724 20:00:00,33.1435,37.392677,0.0,11.525623
20170724 21:00:00,32.7935,36.411495,0.0,9.605998
20170724 22:00:00,32.0435,36.083275,0.0,8.287822
20170724 23:00:00,31.2435,35.87841,0.0,8.905908
20170725 00:00:00,30.6435,35.829487,0.0,8.350138
20170725 01:00:00,30.1435,35.92842,0.0,7.5942073
20170725 02:00:00,29.6935,35.8968,0.0,6.5693827
20170725 03:00:00,29.3935,35.63803,0.0,6.9899354
20170725 04:00:00,29.1435,35.511757,0.0,6.379216
20170725 05:00:00,28.8935,35.3967,0.0,5.6920996
20170725 06:00:00,29.4935,36.14495,0.0,4.198285
20170725 07:00:00,31.9935,38.020737,0.0,4.5536795
20170725 08:00:00,35.2435,39.96704,0.0,7.2
20170725 09:00:00,37.6935,41.36824,0.0,10.365251
20170725 10:00:00,39.0435,42.06191,0.0,16.215992
20170725 11:00:00,39.5935,42.31064,0.0,18.36353
20170725 12:00:00,39.8435,42.723022,0.2,14.799459
20170725 13:00:00,40.0435,42.638878,0.0,15.141414
20170725 14:00:00,37.9435,42.514435,0.7,10.44
20170725 15:00:00,37.7435,41.490196,0.0,11.923557
20170725 16:00:00,36.5935,40.64734,0.0,14.512064
20170725 17:00:00,35.7435,40.169254,0.0,13.708391
20170725 18:00:00,34.4435,39.344673,0.0,12.015589
20170725 19:00:00,32.7935,38.335266,0.0,10.1376915
20170725 20:00:00,32.7935,37.933556,0.0,9.9571085
20170725 21:00:00,32.0935,38.124077,0.0,9.83268
20170725 22:00:00,31.1435,37.68102,0.0,11.246759
20170725 23:00:00,30.4935,37.07097,0.0,11.988594
20170726 00:00:00,29.9935,36.566074,0.0,11.525623
20170726 01:00:00,29.5935,36.428967,0.0,10.233123
20170726 02:00:00,29.293499,36.346924,0.0,9.504272
20170726 03:00:00,29.1435,36.265617,0.0,9.290511
20170726 04:00:00,29.0935,36.183792,0.0,9.0
20170726 05:00:00,29.043499,36.212616,0.0,8.714677
20170726 06:00:00,29.543499,36.48567,0.0,10.009036
20170726 07:00:00,30.6435,37.24897,0.0,9.793059
20170726 08:00:00,32.2435,38.67066,0.0,8.78872
20170726 09:00:00,33.6435,39.89625,0.0,9.0
20170726 10:00:00,35.0935,42.15115,0.1,9.220499
20170726 11:00:00,35.6435,42.43874,0.1,11.212135
20170726 12:00:00,35.6935,42.39814,0.0,13.392774
20170726 13:00:00,35.8935,42.4956,0.0,13.479583
20170726 14:00:00,34.9435,41.607967,0.1,13.708391
20170726 15:00:00,34.2935,40.145775,2.0,12.783802
20170726 16:00:00,33.8435,39.616013,0.0,13.493999
20170726 17:00:00,32.9435,38.612503,0.0,13.493999
20170726 18:00:00,31.793499,36.8609,0.0,14.561099
20170726 19:00:00,30.543499,35.520927,0.0,14.04
20170726 20:00:00,29.9935,35.824318,0.0,12.429127
20170726 21:00:00,29.6935,35.520744,0.0,10.787993
20170726 22:00:00,29.2435,35.080685,0.0,9.085988
20170726 23:00:00,28.9435,34.812263,0.0,7.491114
20170727 00:00:00,28.543499,34.46163,0.0,7.386582
20170727 01:00:00,28.1935,34.41713,0.0,6.9153743
20170727 02:00:00,28.043499,34.281116,0.0,7.289445
20170727 03:00:00,27.8435,34.232334,0.0,6.489992
20170727 04:00:00,27.5935,34.181347,0.0,5.6002855
20170727 05:00:00,27.2435,33.75774,0.0,6.1094027
20170727 06:00:00,27.9935,34.388817,0.0,6.9153743
20170727 07:00:00,30.043499,36.176178,0.0,8.217153
20170727 08:00:00,32.1435,37.802258,0.0,6.4096174
20170727 09:00:00,33.9935,39.042236,0.0,8.0899935
20170727 10:00:00,35.1935,40.85965,0.0,9.504273
20170727 11:00:00,36.0935,41.964573,0.0,10.464797
20170727 12:00:00,36.5935,42.181255,0.0,11.298495
20170727 13:00:00,37.0435,42.05071,0.0,13.527572
20170727 14:00:00,37.2435,41.436546,0.0,16.746773
20170727 15:00:00,36.7435,40.120342,0.0,17.87718
20170727 16:00:00,35.9935,38.635254,0.0,18.218275
20170727 17:00:00,34.6435,37.454742,0.0,17.873556
20170727 18:00:00,32.9935,36.423176,0.0,15.484185
20170727 19:00:00,31.293499,35.746487,0.0,14.689588
20170727 20:00:00,31.043499,36.008083,0.0,12.979984
20170727 21:00:00,30.2435,35.66894,0.0,12.594856
20170727 22:00:00,29.6935,35.30206,0.0,12.287555
20170727 23:00:00,29.293499,34.912815,0.0,11.983188
20170728 00:00:00,28.8935,34.57117,0.0,10.883676
20170728 01:00:00,28.543499,34.304756,0.0,10.315115
20170728 02:00:00,28.2435,34.32107,0.0,8.854829
20170728 03:00:00,27.9935,34.418854,0.0,7.42159
20170728 04:00:00,27.6935,34.0413,0.0,8.435069
20170728 05:00:00,27.4935,33.83778,0.0,8.942214
20170728 06:00:00,28.1435,34.487274,0.0,9.178235
20170728 07:00:00,29.7435,35.43742,0.0,12.413477
20170728 08:00:00,31.6435,37.012535,0.0,12.7279215
20170728 09:00:00,33.3435,38.105972,0.0,12.7279215
20170728 10:00:00,34.6435,39.607323,0.1,12.904882
20170728 11:00:00,35.5435,40.56967,0.1,13.397612
20170728 12:00:00,36.0435,41.046574,0.0,13.70839
20170728 13:00:00,36.5935,41.6145,0.0,13.891522
20170728 14:00:00,36.5935,41.179024,0.0,14.264361
20170728 15:00:00,36.0435,39.410988,0.9,16.87398
20170728 16:00:00,35.0435,38.34703,0.0,18.193361
20170728 17:00:00,33.5435,37.083023,0.0,18.514643
20170728 18:00:00,32.0435,36.06613,0.0,16.746773
20170728 19:00:00,30.4935,35.414352,0.0,14.658676
20170728 20:00:00,30.043499,35.595512,0.0,12.43434
20170728 21:00:00,29.5935,35.474617,0.0,11.609651
20170728 22:00:00,29.1935,35.324207,0.0,10.383987
20170728 23:00:00,28.8935,35.211624,0.0,9.585739
20170729 00:00:00,28.543499,34.99892,0.0,8.891343
20170729 01:00:00,28.2435,34.924107,0.0,7.5942082
20170729 02:00:00,27.9935,34.863712,0.0,6.297428
20170729 03:00:00,27.6935,34.75142,0.0,5.0142193
20170729 04:00:00,27.4935,34.633656,0.0,4.452954
20170729 05:00:00,27.293499,34.486767,0.0,4.3349743
20170729 06:00:00,27.8935,35.21163,0.0,3.96
20170729 07:00:00,29.5935,36.082542,0.0,6.725354
20170729 08:00:00,30.9435,36.42774,0.0,6.519877
20170729 09:00:00,32.2935,37.602406,0.0,9.028754
20170729 10:00:00,33.2435,38.66002,0.0,10.799999
20170729 11:00:00,33.6935,39.462215,0.0,13.324863
20170729 12:00:00,33.2935,38.764584,0.0,15.328561
20170729 13:00:00,32.1935,36.268826,0.3,18.416384
20170729 14:00:00,31.9435,35.88033,0.3,16.563911
20170729 15:00:00,31.9435,36.076614,0.0,16.87398
20170729 16:00:00,32.1935,36.147995,0.1,17.873556
20170729 17:00:00,31.3935,35.558876,0.3,18.228943
20170729 18:00:00,30.4435,34.963764,0.0,16.946787
20170729 19:00:00,29.3435,34.328773,0.0,15.39184
20170729 20:00:00,29.1435,34.944405,0.0,12.6462
20170729 21:00:00,29.043499,34.971718,0.0,12.015589
20170729 22:00:00,28.8935,34.765743,0.0,11.440978
20170729 23:00:00,28.3935,33.775978,0.9,11.983188
20170730 00:00:00,28.0935,33.757137,0.0,10.990322
20170730 01:00:00,27.5935,33.65187,0.0,8.759178
20170730 02:00:00,27.4935,33.77777,0.0,7.92
20170730 03:00:00,27.4435,33.489708,0.0,10.028439
20170730 04:00:00,27.293499,33.388863,0.0,9.6932955
20170730 05:00:00,27.3935,33.350815,0.0,10.163227
20170730 06:00:00,27.8435,33.982395,0.0,7.968939
20170730 07:00:00,29.043499,34.24422,0.0,14.386494
20170730 08:00:00,30.6435,36.274403,0.0,12.594856
20170730 09:00:00,29.3435,33.67814,1.1,16.870138
20170730 10:00:00,31.4935,36.089054,0.6,15.277749
20170730 11:00:00,32.3435,37.79606,0.3,15.9134655
20170730 12:00:00,30.8435,35.113644,0.6,19.453327
20170730 13:00:00,30.3435,34.044975,1.6,21.650938
20170730 14:00:00,30.3935,35.04545,0.3,18.837324
20170730 15:00:00,30.1435,35.239445,4.4,16.746773
20170730 16:00:00,29.7435,34.90315,1.0,14.658676
20170730 17:00:00,29.8435,34.610214,0.0,18.532133
20170730 18:00:00,29.4935,34.759155,0.0,16.311613
20170730 19:00:00,29.1435,34.75665,0.0,14.658676
20170730 20:00:00,27.8935,34.209347,0.2,10.587918
20170730 21:00:00,27.5935,34.054405,0.0,7.42159
20170730 22:00:00,27.6935,34.142075,0.0,8.707238
20170730 23:00:00,28.1935,34.49343,0.0,11.923557
20170731 00:00:00,28.1935,33.837234,0.0,15.192682
20170731 01:00:00,27.793499,33.502243,0.0,13.779114
20170731 02:00:00,27.8435,33.65845,0.0,13.779114
20170731 03:00:00,27.8935,33.945404,0.0,12.397806
20170731 04:00:00,28.0935,33.96289,0.0,13.891522
20170731 05:00:00,28.043499,33.84804,0.0,14.336861
20170731 06:00:00,28.4935,34.335445,0.0,14.81259
20170731 07:00:00,29.793499,34.81506,0.0,20.172853
20170731 08:00:00,30.9435,35.23633,0.0,23.686249
20170731 09:00:00,32.1935,36.093193,0.0,24.442913
20170731 10:00:00,33.1435,36.62442,0.1,29.237675
20170731 11:00:00,33.3435,36.52808,0.1,30.10685
20170731 12:00:00,33.7935,37.295383,0.1,30.928587
20170731 13:00:00,33.9435,36.937656,0.0,33.985218
20170731 14:00:00,33.3435,36.280422,0.1,32.978832
20170731 15:00:00,33.0935,35.802685,0.0,31.667723
20170731 16:00:00,32.4935,35.2797,0.0,29.03752
20170731 17:00:00,31.4935,34.313023,0.1,29.28418
20170731 18:00:00,30.3935,34.014168,0.1,25.20257
20170731 19:00:00,29.2435,33.3063,0.0,22.657131
20170731 20:00:00,28.6935,33.062202,0.0,19.862083
20170731 21:00:00,28.7435,32.58857,0.0,21.142147
20170731 22:00:00,28.543499,32.353607,0.0,20.929594
20170731 23:00:00,28.0935,31.801815,0.0,22.545315
20170801 00:00:00,27.8435,31.680145,0.0,21.897945
20170801 01:00:00,27.6435,31.708256,0.0,21.028437
20170801 02:00:00,27.8435,31.890018,0.0,21.382906
20170801 03:00:00,28.043499,32.307068,0.0,20.12461
20170801 04:00:00,28.2435,32.41606,0.0,20.746122
20170801 05:00:00,28.3935,32.207954,0.0,23.199759
20170801 06:00:00,28.8935,32.587605,0.0,24.485292
20170801 07:00:00,29.9435,33.256004,0.1,27.792374
20170801 08:00:00,30.3435,33.490105,0.1,27.288855
20170801 09:00:00,31.793499,33.745235,0.0,33.40249
20170801 10:00:00,32.4435,34.47448,0.0,33.50128
20170801 11:00:00,33.0935,35.75426,0.0,28.820242
20170801 12:00:00,33.3435,36.459435,0.0,29.548521
20170801 13:00:00,33.6935,36.69837,0.3,27.86921
20170801 14:00:00,33.6935,36.531414,0.0,30.141266
20170801 15:00:00,33.3435,35.81425,0.0,30.500309
20170801 16:00:00,32.8435,34.909805,0.0,31.255795
20170801 17:00:00,31.793499,34.29486,0.0,29.407835
20170801 18:00:00,30.4935,33.800987,0.0,25.72174
20170801 19:00:00,29.4435,33.148937,0.0,23.469128
20170801 20:00:00,29.043499,32.893963,0.0,23.1774
20170801 21:00:00,29.043499,32.574337,0.0,23.0653
20170801 22:00:00,28.793499,32.548626,0.0,21.986542
20170801 23:00:00,28.5935,32.92253,0.0,21.313093
20170802 00:00:00,28.5935,32.96345,0.0,20.08916
20170802 01:00:00,28.4435,32.747837,0.0,20.073025
20170802 02:00:00,28.1435,32.356594,0.0,20.46941
20170802 03:00:00,27.9935,32.169384,0.0,19.8
20170802 04:00:00,27.8935,32.401436,0.0,18.218275
20170802 05:00:00,27.8935,32.234585,0.0,18.899143
20170802 06:00:00,28.293499,32.34743,0.0,20.172853
20170802 07:00:00,29.293499,33.29949,0.0,21.178896
20170802 08:00:00,30.9435,34.435513,0.0,23.990698
20170802 09:00:00,31.8435,34.880814,0.0,25.282152
20170802 10:00:00,32.6435,35.34283,0.0,26.459389
20170802 11:00:00,33.3435,36.71527,0.0,27.766712
20170802 12:00:00,33.7435,36.668236,0.0,28.137632
20170802 13:00:00,34.0435,36.947315,0.0,29.275326
20170802 14:00:00,34.1435,37.03172,0.0,28.696312
20170802 15:00:00,33.8935,36.53749,0.0,28.03612
20170802 16:00:00,33.2435,35.459183,0.0,27.381306
20170802 17:00:00,32.1935,35.011436,0.0,24.567198
20170802 18:00:00,30.8435,34.43457,0.0,22.401142
20170802 19:00:00,29.543499,33.936077,0.0,19.453327
20170802 20:00:00,29.2435,33.655575,0.0,18.626305
20170802 21:00:00,28.8935,33.661472,0.0,17.826363
20170802 22:00:00,28.6935,33.565437,0.0,17.826363
20170802 23:00:00,28.543499,33.253777,0.0,19.174856
20170803 00:00:00,28.3935,32.624752,0.0,20.808498
20170803 01:00:00,28.0935,32.49597,0.0,19.171478
20170803 02:00:00,27.8435,32.342724,0.0,18.278645
20170803 03:00:00,27.6935,32.16406,0.0,18.709612
20170803 04:00:00,27.6435,32.212914,0.0,18.03237
20170803 05:00:00,27.5935,32.462532,0.0,15.978484
20170803 06:00:00,28.0935,33.339497,0.0,13.854155
20170803 07:00:00,29.5935,33.321266,0.0,23.313995
20170803 08:00:00,30.543499,34.34984,0.0,22.530937
20170803 09:00:00,31.9935,35.786446,0.0,20.774214
20170803 10:00:00,33.2935,37.666073,0.0,20.008356
20170803 11:00:00,34.1435,38.94586,0.0,21.129885
20170803 12:00:00,34.8935,40.391235,0.0,19.803272
20170803 13:00:00,35.5935,41.317562,0.1,17.414476
20170803 14:00:00,35.8935,40.9886,0.0,17.339897
20170803 15:00:00,35.8935,40.56753,0.0,16.575644
20170803 16:00:00,35.7435,39.652847,0.0,16.595179
20170803 17:00:00,35.0435,38.915348,0.0,17.298738
20170803 18:00:00,33.4435,38.054657,0.0,16.279802
20170803 19:00:00,31.4935,36.7922,0.0,14.386494
20170803 20:00:00,30.6935,36.149055,0.0,14.512064
20170803 21:00:00,30.1435,35.396873,0.0,14.480773
20170803 22:00:00,29.6435,34.85898,0.0,14.512064
20170803 23:00:00,29.1435,34.50231,0.0,14.007655
20170804 00:00:00,28.7435,34.264122,0.0,13.854155
20170804 01:00:00,28.4435,34.02377,0.0,14.168641
20170804 02:00:00,28.2435,33.798744,0.0,14.8257065
20170804 03:00:00,28.1935,33.91178,0.0,13.708391
20170804 04:00:00,28.3435,34.200027,0.0,12.758432
20170804 05:00:00,28.3435,34.238194,0.0,12.496719
20170804 06:00:00,28.7435,34.898453,0.0,10.948973
20170804 07:00:00,30.1935,36.06742,0.0,12.371645
20170804 08:00:00,31.9935,38.074104,0.0,10.446206
20170804 09:00:00,33.8935,39.73411,0.0,9.693296
20170804 10:00:00,35.6435,42.089165,0.0,9.19939
20170804 11:00:00,36.5435,43.42982,0.1,7.127636
20170804 12:00:00,36.9935,43.84773,0.1,4.8433046
20170804 13:00:00,37.5435,44.397266,0.1,3.563818
20170804 14:00:00,32.8935,38.36924,1.9,14.773164
20170804 15:00:00,34.3935,40.78964,0.3,7.289444
20170804 16:00:00,34.7935,41.05871,0.1,7.2359104
20170804 17:00:00,32.0935,37.41329,0.2,11.212135
20170804 18:00:00,31.543499,37.637638,0.3,8.225035
20170804 19:00:00,30.9935,37.823368,0.0,5.8048253
20170804 20:00:00,30.793499,37.842773,0.0,8.4963045
20170804 21:00:00,29.9935,36.87098,0.0,9.686609
20170804 22:00:00,29.2435,36.006878,0.0,9.726664
20170804 23:00:00,28.8435,35.76412,0.0,8.404285
20170805 00:00:00,28.5935,35.428604,0.0,8.4963045
20170805 01:00:00,28.4435,35.544353,0.0,6.9247384
20170805 02:00:00,28.3935,35.74462,0.0,5.95906
20170805 03:00:00,28.3435,36.039577,0.0,4.3498964
20170805 04:00:00,28.2435,36.58019,0.0,0.71999997
20170805 05:00:00,28.1435,36.264362,0.0,2.968636
20170805 06:00:00,28.3935,36.568184,0.0,2.5959969
20170805 07:00:00,29.5935,37.792,0.0,2.4149535
20170805 08:00:00,31.293499,39.09627,0.0,4.3349743
20170805 09:00:00,32.7935,40.170006,0.1,6.725354
20170805 10:00:00,33.3435,41.13393,0.2,6.130579
20170805 11:00:00,33.1435,40.401016,0.7,7.928178
20170805 12:00:00,32.4935,38.48968,2.3,8.891344
20170805 13:00:00,32.8435,39.797256,0.6,2.5455842
20170805 14:00:00,32.6935,39.820107,0.0,2.5455842
20170805 15:00:00,31.793499,37.5739,0.9,9.904906
20170805 16:00:00,32.0935,38.56051,0.1,6.8399997
20170805 17:00:00,32.3435,38.877148,0.0,6.379216
20170805 18:00:00,32.0435,38.476658,0.0,7.072878
20170805 19:00:00,31.1435,38.511528,0.0,5.0528407
20170805 20:00:00,30.1935,38.384834,0.0,6.379216
20170805 21:00:00,29.6935,38.0313,0.0,5.1165614
20170805 22:00:00,29.4435,37.92332,0.0,4.68
20170805 23:00:00,29.3935,37.273544,0.0,7.729527
20170806 00:00:00,29.043499,35.577103,0.0,10.805998
20170806 01:00:00,28.3935,34.650192,0.0,9.290511
20170806 02:00:00,28.0935,34.589622,0.0,7.4128532
20170806 03:00:00,28.043499,34.616764,0.0,8.089993
20170806 04:00:00,28.043499,34.517746,0.0,9.255571
20170806 05:00:00,28.043499,34.446133,0.0,9.746631
20170806 06:00:00,28.543499,35.19637,0.0,9.746631
20170806 07:00:00,30.293499,37.043766,0.0,12.849528
20170806 08:00:00,32.0935,38.599644,0.0,13.979872
20170806 09:00:00,33.1935,39.48087,0.1,14.186923
20170806 10:00:00,33.8935,39.479088,0.1,15.281989
20170806 11:00:00,34.0935,38.5061,0.1,17.10284
20170806 12:00:00,33.9935,38.816628,0.5,16.24394
20170806 13:00:00,33.5935,38.665493,3.3,14.494192
20170806 14:00:00,34.6435,39.821697,0.0,12.24
20170806 15:00:00,33.8435,38.1925,0.0,12.10157
20170806 16:00:00,31.5935,37.19058,0.0,15.463246
20170806 17:00:00,31.793499,37.80843,0.0,10.182337
20170806 18:00:00,31.0935,37.525883,0.0,9.255571
20170806 19:00:00,30.1435,37.52363,0.0,6.489992
20170806 20:00:00,29.9435,37.527195,0.0,6.3690495
20170806 21:00:00,29.9435,37.62969,0.0,4.39436
20170806 22:00:00,29.5935,37.620945,0.0,3.0758414
20170806 23:00:00,29.3435,37.461803,0.0,2.968636
20170807 00:00:00,28.8935,36.884594,0.0,4.1046314
20170807 01:00:00,28.3935,36.057056,0.0,5.5887027
20170807 02:00:00,28.043499,35.757957,0.0,4.73506
20170807 03:00:00,27.6935,35.514065,0.0,3.7585104
20170807 04:00:00,27.3435,35.243305,0.0,3.219938
20170807 05:00:00,27.293499,34.808754,0.0,5.3517847
20170807 06:00:00,27.6935,35.65214,0.0,2.8116899
20170807 07:00:00,29.8935,37.60659,0.0,3.7064266
20170807 08:00:00,32.2435,39.344204,0.0,2.968636
20170807 09:00:00,34.1935,40.318764,0.0,4.072935
20170807 10:00:00,35.2435,41.45278,0.0,5.4833565
20170807 11:00:00,35.8435,41.953365,0.0,7.9036193
20170807 12:00:00,36.4435,42.327824,0.0,8.913181
20170807 13:00:00,35.9935,41.419537,0.0,10.829958
20170807 14:00:00,34.3935,39.551945,0.1,12.0694
20170807 15:00:00,35.2935,41.08643,0.0,10.137692
20170807 16:00:00,33.7435,39.39189,1.3,10.315115
20170807 17:00:00,33.2435,38.234863,0.0,12.538134
20170807 18:00:00,32.6435,38.863747,0.0,8.049845
20170807 19:00:00,32.0435,39.327374,0.0,4.379589
20170807 20:00:00,32.1435,38.995594,0.0,5.634891
20170807 21:00:00,31.9435,38.335533,0.1,7.5942082
20170807 22:00:00,31.043499,37.163788,0.0,8.287822
20170807 23:00:00,30.4435,36.388863,0.0,6.489992
20170808 00:00:00,30.0935,36.206436,0.1,3.5455887
20170808 01:00:00,29.5935,35.854206,0.0,5.4833565
20170808 02:00:00,29.293499,35.853233,0.0,4.829907
20170808 03:00:00,29.0935,35.57177,0.0,5.8603754
20170808 04:00:00,28.6435,34.832676,0.0,7.145796
20170808 05:00:00,28.4435,34.307724,0.0,8.217153
20170808 06:00:00,28.6435,34.427532,0.0,8.534353
20170808 07:00:00,29.4435,35.066853,0.0,10.086427
20170808 08:00:00,30.7435,36.85325,0.0,7.8954163
20170808 09:00:00,31.4935,37.4406,0.0,11.609651
20170808 10:00:00,32.6435,38.689503,0.0,13.104198
20170808 11:00:00,33.4935,39.27882,0.0,15.124284
20170808 12:00:00,33.7435,39.65744,0.0,12.768586
20170808 13:00:00,30.9435,37.61875,0.7,5.1919937
20170808 14:00:00,32.3435,38.994884,0.0,6.28713
20170808 15:00:00,32.2435,37.576054,0.8,13.202726
20170808 16:00:00,32.7435,38.725338,0.0,11.592894
20170808 17:00:00,32.8935,38.944633,0.0,11.841756
20170808 18:00:00,31.9935,38.520504,0.0,8.350138
20170808 19:00:00,30.793499,37.86946,0.0,7.5599995
20170808 20:00:00,28.5935,34.216877,0.0,9.178235
20170808 21:00:00,28.1435,34.429012,0.2,6.725354
20170808 22:00:00,27.9435,34.4774,0.1,6.439876
20170808 23:00:00,27.6435,34.51962,0.4,5.0528407
20170809 00:00:00,27.5935,34.41097,0.0,5.937272
20170809 01:00:00,27.1935,33.57549,0.2,7.491114
20170809 02:00:00,26.9435,33.340736,0.2,6.9153743
20170809 03:00:00,26.9435,33.213478,0.0,7.7879906
20170809 04:00:00,26.9435,33.093887,0.0,7.2
20170809 05:00:00,26.6935,32.362106,0.0,8.435069
20170809 06:00:00,26.6435,32.292812,0.0,6.989936
20170809 07:00:00,27.1935,32.27957,0.1,9.957108
20170809 08:00:00,28.3435,33.135456,0.9,12.181625
20170809 09:00:00,27.5935,32.93139,1.5,9.114471
20170809 10:00:00,27.2435,32.743378,1.1,8.905908
20170809 11:00:00,27.4435,33.01268,0.2,9.793059
20170809 12:00:00,27.3935,32.417454,0.7,10.823973
20170809 13:00:00,28.1935,32.879944,0.9,13.797913
20170809 14:00:00,28.4935,33.016174,0.3,15.141414
20170809 15:00:00,29.0935,33.387882,0.2,15.5843
20170809 16:00:00,28.7435,33.123013,0.2,15.226764
20170809 17:00:00,28.3435,33.45726,0.0,11.090103
20170809 18:00:00,27.9935,33.594803,0.0,8.427383
20170809 19:00:00,27.3435,33.473316,0.0,6.4096174
20170809 20:00:00,26.8935,33.356735,0.1,5.991594
20170809 21:00:00,26.7435,33.23186,0.0,5.3517847
20170809 22:00:00,26.6435,33.017345,0.0,5.904439
20170809 23:00:00,26.4935,32.67867,0.0,7.2
20170810 00:00:00,26.3435,32.556477,0.0,7.24486
20170810 01:00:00,26.3935,32.650345,0.0,7.4128532
20170810 02:00:00,26.1935,32.19698,0.4,7.289445
20170810 03:00:00,26.0935,31.848545,0.3,8.534353
20170810 04:00:00,25.8935,31.90104,0.1,6.12
20170810 05:00:00,25.7435,31.76258,0.2,5.5887027
20170810 06:00:00,25.793499,31.914402,0.1,5.1165614
20170810 07:00:00,25.8435,32.17575,0.0,3.8939953
20170810 08:00:00,26.8935,33.171783,0.0,4.0249224
20170810 09:00:00,27.8935,33.89826,0.4,7.491114
20170810 10:00:00,28.9935,34.96824,0.1,6.763786
20170810 11:00:00,30.5935,37.10076,0.2,6.489992
20170810 12:00:00,31.6935,38.231354,0.1,6.9527545
20170810 13:00:00,32.2935,38.628223,0.0,7.0911775
20170810 14:00:00,32.4435,39.030186,0.0,5.937272
20170810 15:00:00,30.8935,36.42949,1.8,7.491114
20170810 16:00:00,29.293499,34.270596,1.2,12.24
20170810 17:00:00,29.5935,35.25363,0.0,5.991594
20170810 18:00:00,29.6935,35.66742,0.0,3.6179552
20170810 19:00:00,28.8435,35.441807,0.0,4.1046314
20170810 20:00:00,29.1935,36.453835,0.0,4.829907
20170810 21:00:00,28.5935,35.75087,0.0,5.0528407
20170810 22:00:00,27.8435,34.60947,0.0,6.28713
20170810 23:00:00,27.293499,33.58184,0.0,7.42159
20170811 00:00:00,26.8435,33.18185,0.0,6.379216
20170811 01:00:00,26.3935,32.96476,0.0,4.5536795
20170811 02:00:00,26.0935,32.82805,0.0,3.671294
20170811 03:00:00,25.8435,32.67848,0.0,3.219938
20170811 04:00:00,25.6435,32.3889,0.0,2.9024127
20170811 05:00:00,25.3935,32.02304,0.0,2.5455842
20170811 06:00:00,25.3435,31.928558,0.0,1.9386592
20170811 07:00:00,27.1935,34.061405,0.0,2.2768397
20170811 08:00:00,30.793499,36.82465,0.0,4.32
20170811 09:00:00,32.3435,37.986942,0.0,4.1046314
20170811 10:00:00,33.1935,39.81169,0.0,4.1046314
20170811 11:00:00,33.9435,41.65524,0.0,2.52
20170811 12:00:00,34.1435,42.733425,0.1,0.71999997
20170811 13:00:00,33.9935,41.725418,0.1,4.510787
20170811 14:00:00,31.1935,37.436787,0.8,10.383987
20170811 15:00:00,32.2435,37.683353,0.3,6.151683
20170811 16:00:00,31.1435,36.39125,0.5,7.92
20170811 17:00:00,31.4935,37.221085,0.0,7.289444
20170811 18:00:00,30.8435,37.162056,0.0,6.696387
20170811 19:00:00,29.8435,36.89981,0.0,5.4833565
20170811 20:00:00,29.543499,35.80182,0.0,7.127636
20170811 21:00:00,29.2435,35.41328,0.0,8.209263
20170811 22:00:00,28.793499,34.99284,0.0,9.19939
20170811 23:00:00,28.293499,33.756065,0.0,11.435313
20170812 00:00:00,27.8935,33.375916,0.0,11.304229
20170812 01:00:00,27.7435,33.58759,0.0,9.290511
20170812 02:00:00,27.6935,33.808014,0.0,7.9036193
20170812 03:00:00,27.543499,33.67466,0.0,8.4963045
20170812 04:00:00,27.543499,33.75256,0.0,8.435069
20170812 05:00:00,27.4935,33.553577,0.0,9.220499
20170812 06:00:00,27.4935,33.30332,0.0,10.464797
20170812 07:00:00,27.9435,33.860622,0.0,10.195057
20170812 08:00:00,28.9435,34.584583,0.0,12.074766
20170812 09:00:00,29.1935,34.89291,0.0,11.435313
20170812 10:00:00,29.4435,34.897976,0.0,12.641076
20170812 11:00:00,29.8935,34.973133,0.0,14.039999
20170812 12:00:00,29.793499,34.55752,0.0,14.145756
20170812 13:00:00,30.3435,34.507,0.0,13.207634
20170812 14:00:00,29.4935,34.299805,0.4,10.315115
20170812 15:00:00,28.9935,34.460583,0.1,8.435069
20170812 16:00:00,28.6935,33.862675,0.0,12.979984
20170812 17:00:00,28.6935,33.83388,0.0,14.336861
20170812 18:00:00,28.2435,34.143463,0.0,10.30883
20170812 19:00:00,27.6935,33.33426,0.2,10.685391
20170812 20:00:00,27.8435,32.696163,0.4,16.08761
20170812 21:00:00,27.5935,32.552216,0.1,16.299694
20170812 22:00:00,27.5935,32.89224,0.0,15.629971
20170812 23:00:00,27.6935,33.274536,0.0,15.141414
20170813 00:00:00,27.6935,33.288483,0.0,15.778518
20170813 01:00:00,27.6435,33.399986,0.0,14.917212
20170813 02:00:00,27.6935,34.00635,0.0,11.841756
20170813 03:00:00,27.7435,34.135887,0.0,11.792404
20170813 04:00:00,27.9435,34.09381,0.0,13.698934
20170813 05:00:00,27.8935,34.5697,0.1,10.594036
20170813 06:00:00,28.1435,34.906902,0.0,10.495713
20170813 07:00:00,28.9435,35.84504,0.0,10.805999
20170813 08:00:00,30.0935,36.033638,0.0,13.37825
20170813 09:00:00,30.8935,36.551807,0.0,14.081477
20170813 10:00:00,31.8435,37.331505,0.0,14.512064
20170813 11:00:00,32.3935,37.560238,0.1,15.277749
20170813 12:00:00,32.8435,38.07827,0.1,13.397612
20170813 13:00:00,31.293499,35.70966,0.4,16.981165
20170813 14:00:00,30.793499,36.56853,0.3,11.367109
20170813 15:00:00,30.3935,36.706192,0.0,9.36
20170813 16:00:00,30.793499,37.118572,0.0,10.239453
20170813 17:00:00,30.6935,37.09941,0.0,9.686609
20170813 18:00:00,29.1935,35.61404,0.1,8.39657
20170813 19:00:00,28.5935,35.057602,0.0,7.386582
20170813 20:00:00,29.4935,37.762535,0.0,2.1897945
20170813 21:00:00,28.9935,36.834145,0.1,3.096837
20170813 22:00:00,28.1435,35.79098,1.6,2.1897945
20170813 23:00:00,27.293499,34.133396,3.1,4.3498964
20170814 00:00:00,26.6435,33.05988,0.8,4.452954
20170814 01:00:00,26.5935,32.598347,0.0,6.1305785
20170814 02:00:00,26.3935,31.88496,0.0,9.19939
20170814 03:00:00,25.9435,31.151764,0.0,10.24578
20170814 04:00:00,25.7435,31.044289,0.0,8.28
20170814 05:00:00,25.8935,31.12101,0.0,8.12197
20170814 06:00:00,26.043499,31.437626,0.0,7.6367526
20170814 07:00:00,27.1435,32.613132,0.0,9.114471
20170814 08:00:00,27.9435,33.548256,0.0,8.4042845
20170814 09:00:00,28.4435,33.609997,0.0,11.177405
20170814 10:00:00,28.793499,33.561504,0.2,13.905509
20170814 11:00:00,29.3935,33.945145,0.1,16.516901
20170814 12:00:00,29.9935,34.671986,0.0,16.327497
20170814 13:00:00,31.1935,36.86914,0.1,17.015474
20170814 14:00:00,31.293499,37.121376,0.1,16.923828
20170814 15:00:00,30.6435,35.51721,0.9,14.291592
20170814 16:00:00,31.293499,35.743916,0.1,14.707222
20170814 17:00:00,30.6435,34.973423,0.0,14.658676
20170814 18:00:00,29.5935,34.38071,0.0,13.089354
20170814 19:00:00,28.3935,33.001698,0.0,13.441071
20170814 20:00:00,27.6935,33.392353,0.0,6.638072
20170814 21:00:00,27.3435,33.253845,0.0,5.1919937
20170814 22:00:00,27.0935,32.972298,0.0,5.634891
20170814 23:00:00,26.8935,32.389297,0.0,7.5942073
20170815 00:00:00,26.8435,32.65043,0.0,6.130579
20170815 01:00:00,26.6935,32.490074,0.0,6.87779
20170815 02:00:00,26.5935,32.297123,0.0,7.968939
20170815 03:00:00,26.3435,32.19675,0.1,7.172949
20170815 04:00:00,26.0935,31.930172,0.0,7.289444
20170815 05:00:00,25.8935,31.711227,0.0,7.42159
20170815 06:00:00,26.0935,31.922691,0.0,7.5685663
20170815 07:00:00,26.9935,32.597492,0.0,8.647496
20170815 08:00:00,27.2435,32.90755,0.0,6.2145634
20170815 09:00:00,28.043499,32.980515,0.0,10.308831
20170815 10:00:00,28.793499,33.46496,0.3,11.901798
20170815 11:00:00,29.043499,33.33303,0.1,14.081478
20170815 12:00:00,29.6435,33.594578,0.1,16.394829
20170815 13:00:00,29.5935,32.845207,0.2,15.725037
20170815 14:00:00,29.543499,33.29404,0.0,14.154915
20170815 15:00:00,29.6435,33.556496,0.0,13.039754
20170815 16:00:00,29.793499,34.365078,0.0,9.779817
20170815 17:00:00,29.793499,34.51392,0.0,8.759178
20170815 18:00:00,29.0935,34.307255,0.0,6.87779
20170815 19:00:00,27.6435,32.94921,0.0,8.225035
20170815 20:00:00,27.8435,34.30862,0.0,4.3349743
20170815 21:00:00,27.6935,34.417137,0.0,3.2599385
20170815 22:00:00,27.3435,33.929382,0.0,3.9763298
20170815 23:00:00,26.9935,33.4403,0.0,5.3999996
20170816 00:00:00,26.4435,33.3613,0.0,2.8799999
20170816 01:00:00,26.1935,33.281,0.0,1.484318
20170816 02:00:00,25.6935,32.255165,0.1,4.39436
20170816 03:00:00,25.793499,31.664005,0.0,7.5170207
20170816 04:00:00,25.6935,31.268127,0.0,7.289444
20170816 05:00:00,25.3935,31.048363,0.0,6.519877
20170816 06:00:00,25.4435,31.25946,0.0,5.8603754
20170816 07:00:00,26.2435,31.889736,0.0,6.792466
20170816 08:00:00,26.8435,31.918331,0.0,6.151683
20170816 09:00:00,28.5935,33.447617,0.0,9.565437
20170816 10:00:00,29.8935,34.809216,0.9,13.1041975
20170816 11:00:00,29.1935,33.569588,0.7,13.556282
20170816 12:00:00,28.4435,33.121883,1.0,9.504272
20170816 13:00:00,29.043499,35.09503,0.4,12.287555
20170816 14:00:00,26.7435,31.323078,6.5,10.823973
20170816 15:00:00,27.293499,31.831772,0.1,9.826088
20170816 16:00:00,28.1435,32.422466,0.0,11.384199
20170816 17:00:00,28.0935,32.53861,0.0,9.826088
20170816 18:00:00,27.5935,32.64845,0.0,7.127636
20170816 19:00:00,26.4435,32.017513,0.0,5.95906
20170816 20:00:00,26.5935,32.713253,0.0,3.319036
20170816 21:00:00,26.4435,32.88263,0.0,1.8
20170816 22:00:00,26.2435,32.59221,0.0,3.096837
20170816 23:00:00,25.9435,32.372517,0.0,2.0991426
20170817 00:00:00,25.6435,31.656528,0.0,3.6179552
20170817 01:00:00,25.0935,31.188454,0.0,2.6208394
20170817 02:00:00,24.543499,30.374928,0.0,4.2136917
20170817 03:00:00,24.293499,29.866772,0.0,4.8965297
20170817 04:00:00,24.1435,29.673218,0.0,4.3349743
20170817 05:00:00,23.9435,29.464256,0.0,3.5455887
20170817 06:00:00,24.1435,29.809822,0.0,2.5455842
20170817 07:00:00,26.043499,32.41338,0.0,1.609969
20170817 08:00:00,27.9435,34.005276,0.0,2.16
20170817 09:00:00,29.293499,35.01377,0.0,2.5455842
20170817 10:00:00,30.2435,36.477135,0.1,2.8799999
20170817 11:00:00,30.8435,37.00885,0.3,4.6938252
20170817 12:00:00,31.293499,38.06341,0.3,3.5455887
20170817 13:00:00,30.3935,35.441086,5.1,7.42159
20170817 14:00:00,28.4935,33.32421,2.9,8.654986
20170817 15:00:00,28.8435,33.984974,0.2,6.519877
20170817 16:00:00,29.0935,34.30231,0.1,7.5599995
20170817 17:00:00,29.043499,34.595417,0.0,6.519877
20170817 18:00:00,28.2435,33.8419,0.5,5.771239
20170817 19:00:00,27.4435,33.74976,0.0,3.6
20170817 20:00:00,27.9935,34.91431,0.0,3.0758414
20170817 21:00:00,27.5935,34.046562,0.0,5.1165614
20170817 22:00:00,27.1935,33.262455,0.0,6.3690495
20170817 23:00:00,26.9435,32.859024,0.0,7.653705
20170818 00:00:00,26.7435,32.95785,0.0,6.763786
20170818 01:00:00,26.8435,33.18113,0.0,6.6185193
20170818 02:00:00,26.9435,33.527473,0.0,5.634891
20170818 03:00:00,26.8435,33.51817,0.0,5.0142193
20170818 04:00:00,26.543499,33.19825,0.0,5.154415
20170818 05:00:00,26.3435,33.065765,0.0,4.6938257
20170818 06:00:00,26.4935,33.239838,0.0,5.00128
20170818 07:00:00,28.3435,35.33668,0.0,5.937272
20170818 08:00:00,29.7435,35.930023,0.0,5.7599998
20170818 09:00:00,30.9435,36.913143,0.0,5.4119864
20170818 10:00:00,31.4935,37.84658,0.3,6.130579
20170818 11:00:00,31.9435,38.661182,0.2,7.2359104
20170818 12:00:00,32.5435,39.621784,0.1,7.9526596
20170818 13:00:00,32.8435,40.335987,0.1,8.287822
20170818 14:00:00,31.9935,38.38458,0.1,9.47012
20170818 15:00:00,30.4435,35.912754,3.6,7.289445
20170818 16:00:00,30.8935,36.5388,0.0,7.6367526
20170818 17:00:00,30.6435,36.00829,0.0,8.891343
20170818 18:00:00,29.8435,36.091988,0.0,6.489992
20170818 19:00:00,28.6435,35.067596,0.0,7.42159
20170818 20:00:00,28.3935,34.79406,0.0,6.638072
20170818 21:00:00,27.9435,34.122704,0.0,8.161764
20170818 22:00:00,27.7435,33.53485,0.0,9.885262
20170818 23:00:00,27.6935,33.224895,0.0,11.435313
20170819 00:00:00,27.293499,32.9049,0.0,11.592895
20170819 01:00:00,27.1935,33.234085,0.0,10.30883
20170819 02:00:00,27.2435,33.186333,0.0,10.739833
20170819 03:00:00,27.1435,32.99413,0.0,10.661107
20170819 04:00:00,27.043499,32.8255,0.0,10.661107
20170819 05:00:00,27.043499,32.860107,0.0,10.8955765
20170819 06:00:00,27.3435,33.591045,0.0,9.3669195
20170819 07:00:00,28.793499,35.186214,0.0,10.538843
20170819 08:00:00,30.7435,36.96682,0.0,11.91812
20170819 09:00:00,32.2435,38.090054,0.0,12.287555
20170819 10:00:00,33.1935,39.195297,0.0,11.019764
20170819 11:00:00,33.3435,38.934307,0.0,9.793059
20170819 12:00:00,32.7435,39.619396,0.8,9.3669195
20170819 13:00:00,33.4435,40.162724,0.1,10.685391
20170819 14:00:00,33.4935,39.963554,0.0,9.693296
20170819 15:00:00,33.0935,39.190563,0.0,6.792466
20170819 16:00:00,32.1935,38.105072,1.1,8.766573
20170819 17:00:00,31.1935,37.6177,0.1,7.8625183
20170819 18:00:00,30.793499,38.267315,0.0,4.5820518
20170819 19:00:00,29.3935,36.410458,2.0,6.9899354
20170819 20:00:00,28.9935,34.933002,0.0,10.739832
20170819 21:00:00,28.4935,34.421436,0.0,10.587918
20170819 22:00:00,28.293499,33.778492,0.0,12.682018
20170819 23:00:00,28.2435,33.79053,0.0,13.441071
20170820 00:00:00,28.3435,33.911648,0.0,14.494192
20170820 01:00:00,28.2435,34.007008,0.0,13.397612
20170820 02:00:00,28.043499,34.339832,0.0,9.746631
20170820 03:00:00,27.543499,34.442875,0.0,5.8603754
20170820 04:00:00,27.4435,35.115746,0.1,0.8049845
20170820 05:00:00,27.1935,34.461056,0.4,3.8268526
20170820 06:00:00,27.1435,33.744736,0.1,8.39657
20170820 07:00:00,27.6935,34.74525,0.0,6.0347
20170820 08:00:00,27.2435,33.671707,0.0,3.219938
20170820 09:00:00,28.2435,34.6032,3.3,5.0528407
20170820 10:00:00,28.6435,35.31026,0.9,4.1046314
20170820 11:00:00,28.6435,35.01762,2.1,5.4119864
20170820 12:00:00,28.6935,34.396263,0.9,8.404285
20170820 13:00:00,28.1435,33.653805,0.1,8.373386
20170820 14:00:00,29.7435,35.824795,0.2,12.0694
20170820 15:00:00,28.4435,34.020206,4.9,10.1887
20170820 16:00:00,29.043499,34.831486,0.4,10.829959
20170820 17:00:00,28.9435,33.751682,2.7,11.841756
20170820 18:00:00,25.9435,31.251991,5.0,8.225035
20170820 19:00:00,25.8935,31.423943,0.1,7.145796
20170820 20:00:00,26.4435,32.525684,0.0,6.28713
20170820 21:00:00,25.8435,32.211567,0.0,4.1046314
20170820 22:00:00,25.8935,32.45004,0.0,2.8116899
20170820 23:00:00,25.6935,31.98085,0.0,3.9763298
20170821 00:00:00,25.4935,31.562286,0.0,4.3498964
20170821 01:00:00,25.2435,31.21505,0.0,4.3498964
20170821 02:00:00,24.8435,30.849957,0.0,3.671294
20170821 03:00:00,24.543499,30.318783,0.0,4.379589
20170821 04:00:00,24.3435,29.929096,0.0,4.379589
20170821 05:00:00,24.1435,29.823067,0.2,2.8799999
20170821 06:00:00,24.1435,29.539692,0.4,4.6102495
20170821 07:00:00,25.293499,31.313091,0.4,1.609969
20170821 08:00:00,28.043499,34.452797,0.0,4.0249224
20170821 09:00:00,29.1935,35.8446,0.0,2.8116899
20170821 10:00:00,30.0935,37.197716,0.1,4.6800003
20170821 11:00:00,30.3935,37.31375,0.2,7.491114
20170821 12:00:00,28.7435,35.21042,5.2,8.209263
20170821 13:00:00,29.6935,36.10562,0.2,4.2136917
20170821 14:00:00,30.293499,36.4258,0.0,7.92
20170821 15:00:00,29.543499,35.063713,0.6,8.287822
20170821 16:00:00,29.3935,35.131283,0.1,10.464797
20170821 17:00:00,27.9435,33.352947,0.6,8.39657
20170821 18:00:00,27.6435,33.869434,0.0,4.829907
20170821 19:00:00,27.4435,33.82839,0.0,6.28713
20170821 20:00:00,27.793499,33.920483,0.0,9.47012
20170821 21:00:00,27.6435,34.027203,0.0,8.669949
20170821 22:00:00,27.3935,33.773956,0.0,9.178235
20170821 23:00:00,27.293499,33.62553,0.0,9.028754
20170822 00:00:00,26.9935,33.148148,0.0,9.290511
20170822 01:00:00,26.6435,33.048836,0.0,7.10031
20170822 02:00:00,26.3935,32.620407,0.0,8.089993
20170822 03:00:00,26.3435,32.45365,0.0,8.654986
20170822 04:00:00,26.4935,32.142628,0.0,12.287555
20170822 05:00:00,26.043499,31.107529,0.0,11.457958
20170822 06:00:00,25.8935,31.481724,0.0,8.0899935
20170822 07:00:00,27.543499,33.399372,0.0,10.383987
20170822 08:00:00,29.3935,34.972412,0.1,13.684735
20170822 09:00:00,30.2435,34.964886,0.1,18.837324
20170822 10:00:00,31.1935,36.019207,0.1,18.584509
20170822 11:00:00,31.9435,37.200916,0.2,19.602652
20170822 12:00:00,31.9435,37.59113,0.9,20.633371
20170822 13:00:00,31.8435,36.765354,1.1,21.479664
20170822 14:00:00,31.543499,35.957348,0.3,24.29133
20170822 15:00:00,31.293499,35.180973,0.0,25.076267
20170822 16:00:00,30.7435,34.633854,0.0,24.29133
20170822 17:00:00,29.9935,34.405712,0.1,21.437386
20170822 18:00:00,29.1435,34.36874,0.0,17.0763
20170822 19:00:00,28.3435,33.449272,0.0,16.704155
20170822 20:00:00,28.2435,34.053673,0.0,12.594856
20170822 21:00:00,28.1935,33.675884,0.0,14.84318
20170822 22:00:00,28.0935,33.399307,0.0,16.055355
20170822 23:00:00,27.9935,33.25014,0.0,15.9134655
20170823 00:00:00,27.8435,32.977306,0.0,16.279802
20170823 01:00:00,27.7435,32.832413,0.0,15.876775
20170823 02:00:00,27.6935,32.669487,0.0,16.179987
20170823 03:00:00,27.5935,32.831223,0.0,14.386494
20170823 04:00:00,27.4935,32.70745,0.0,14.081477
20170823 05:00:00,27.4435,32.534763,0.0,14.689588
20170823 06:00:00,27.543499,32.62948,0.0,15.192682
20170823 07:00:00,28.7435,33.89096,0.0,17.373497
20170823 08:00:00,29.9935,34.64247,0.0,20.774214
20170823 09:00:00,30.793499,35.133385,0.0,22.881958
20170823 10:00:00,31.6435,36.119473,0.0,22.59699
20170823 11:00:00,32.2935,37.355797,0.1,22.884789
20170823 12:00:00,32.4935,37.271088,0.1,24.826952
20170823 13:00:00,32.5435,37.115936,0.0,24.826952
20170823 14:00:00,32.5935,36.989388,0.0,24.821732
20170823 15:00:00,32.3435,36.284668,0.0,25.620771
20170823 16:00:00,31.793499,35.479774,0.0,25.20257
20170823 17:00:00,30.9935,35.30165,0.0,21.897945
20170823 18:00:00,29.8435,34.458103,0.0,19.813087
20170823 19:00:00,29.0935,33.44199,0.0,19.995398
20170823 20:00:00,28.8435,33.807114,0.0,16.485485
20170823 21:00:00,28.6935,33.349686,0.0,18.359999
20170823 22:00:00,28.4935,33.132088,0.0,19.191748
20170823 23:00:00,28.293499,32.85936,0.0,19.930477
20170824 00:00:00,28.0935,32.524086,0.0,20.150354
20170824 01:00:00,27.8935,32.22501,0.0,21.068459
20170824 02:00:00,27.7435,32.219044,0.0,20.082708
20170824 03:00:00,27.6435,32.216415,0.0,18.709612
20170824 04:00:00,27.543499,32.323376,0.0,17.057314
20170824 05:00:00,27.4435,32.278164,0.0,16.215992
20170824 06:00:00,27.6435,32.582695,0.0,15.496736
20170824 07:00:00,28.793499,34.079437,0.0,14.512064
20170824 08:00:00,29.9435,34.933308,0.0,16.055353
20170824 09:00:00,31.043499,35.69747,0.0,17.873556
20170824 10:00:00,32.0935,37.460915,0.0,17.974781
20170824 11:00:00,33.0935,39.188663,0.0,18.335276
20170824 12:00:00,33.9435,40.314484,0.1,17.709658
20170824 13:00:00,34.0435,39.816406,0.1,16.055353
20170824 14:00:00,33.9435,39.457924,0.1,13.684735
20170824 15:00:00,33.7935,39.338676,0.1,11.720751
20170824 16:00:00,32.5435,38.684414,0.1,7.42159
20170824 17:00:00,32.4935,38.912876,0.0,7.6367526
20170824 18:00:00,31.7435,39.16251,0.0,4.6938252
20170824 19:00:00,30.4435,38.2032,0.0,5.1544156
20170824 20:00:00,29.0935,35.192223,0.0,9.885262
20170824 21:00:00,29.0935,36.59925,0.6,2.9024127
20170824 22:00:00,28.793499,36.116238,0.0,3.671294
20170824 23:00:00,28.043499,34.28226,0.0,9.178235
20170825 00:00:00,27.9435,33.781124,0.0,9.565437
20170825 01:00:00,27.4935,33.49686,2.3,7.968939
20170825 02:00:00,27.543499,34.13001,0.0,7.2805495
20170825 03:00:00,27.293499,34.12274,0.0,5.8603754
20170825 04:00:00,27.1435,33.940716,0.0,5.6002855
20170825 05:00:00,26.9935,33.46441,0.0,6.4096174
20170825 06:00:00,27.3435,33.79625,0.0,5.5887027
20170825 07:00:00,28.793499,35.58162,0.0,6.849467
20170825 08:00:00,30.3435,37.718895,0.1,7.2805495
20170825 09:00:00,31.8935,38.788033,0.0,8.287822
20170825 10:00:00,31.8435,37.214565,2.8,12.979984
20170825 11:00:00,32.1935,38.826763,0.1,9.957108
20170825 12:00:00,32.7935,40.723434,0.2,7.4128532
20170825 13:00:00,32.1435,40.089264,0.9,7.9932976
20170825 14:00:00,30.9935,38.855507,1.3,1.8
20170825 15:00:00,31.1435,38.47964,0.3,1.609969
20170825 16:00:00,28.793499,34.55777,2.1,9.360001
20170825 17:00:00,28.6435,34.612587,0.0,8.654986
20170825 18:00:00,28.543499,35.089973,0.0,5.3999996
20170825 19:00:00,27.8935,34.60948,0.0,5.1919937
20170825 20:00:00,27.8435,34.449093,0.1,7.145796
20170825 21:00:00,27.5935,34.029575,0.0,6.8777895
20170825 22:00:00,27.3935,34.002853,0.0,5.692099
20170825 23:00:00,26.4435,32.238716,0.0,8.714677
20170826 00:00:00,26.293499,32.235542,0.5,6.792466
20170826 01:00:00,26.1435,32.15798,0.6,6.297428
20170826 02:00:00,25.6935,31.45708,2.5,5.771239
20170826 03:00:00,25.793499,31.484558,0.2,6.489992
20170826 04:00:00,25.2435,29.182064,0.3,15.021105
20170826 05:00:00,24.6435,28.504822,0.0,12.413477
20170826 06:00:00,25.1435,29.39664,0.0,11.592894
20170826 07:00:00,25.4935,29.287193,0.0,14.529915
20170826 08:00:00,26.4435,28.593632,0.0,22.90743
20170826 09:00:00,26.3935,28.571892,0.7,19.161337
20170826 10:00:00,25.8935,27.050768,0.6,20.969805
20170826 11:00:00,26.2435,26.503826,0.5,22.79684
20170826 12:00:00,26.6935,26.655458,0.4,22.545315
20170826 13:00:00,27.5935,27.901466,0.2,20.326454
20170826 14:00:00,27.6435,28.162247,0.0,19.855558
20170826 15:00:00,27.8435,28.120274,0.0,20.056877
20170826 16:00:00,27.8435,28.92575,0.0,17.81909
20170826 17:00:00,27.4435,30.426945,0.0,11.542478
20170826 18:00:00,26.3935,29.6344,0.1,13.237039
20170826 19:00:00,26.1435,29.196686,0.0,13.5515
20170826 20:00:00,23.9935,26.264969,0.0,14.973576
20170826 21:00:00,24.543499,27.207306,0.1,12.6462
20170826 22:00:00,25.3435,28.26215,0.1,12.758432
20170826 23:00:00,25.9935,29.158539,0.0,11.252519
20170827 00:00:00,25.7435,28.998837,0.0,10.446206
20170827 01:00:00,25.4435,28.807003,0.0,10.086427
20170827 02:00:00,25.293499,28.814713,0.0,9.3876505
20170827 03:00:00,25.2435,28.908138,0.0,9.3669195
20170827 04:00:00,25.3935,29.254555,0.0,9.3876505
20170827 05:00:00,25.543499,29.499802,0.0,9.726665
20170827 06:00:00,26.043499,30.294693,0.0,9.726665
20170827 07:00:00,27.0935,31.826046,0.0,8.707238
20170827 08:00:00,27.9935,32.657196,0.0,7.289444
20170827 09:00:00,28.8435,33.28607,0.0,10.464797
20170827 10:00:00,29.8935,34.4466,0.1,11.183201
20170827 11:00:00,30.8935,36.202507,0.2,9.957108
20170827 12:00:00,31.2435,36.523693,0.1,10.464797
20170827 13:00:00,31.3435,36.230446,0.1,10.739832
20170827 14:00:00,31.543499,35.9599,0.0,11.457958
20170827 15:00:00,31.4935,36.046597,0.0,11.808878
20170827 16:00:00,31.4435,35.82928,0.0,12.096214
20170827 17:00:00,30.2435,35.07195,0.0,13.246826
20170827 18:00:00,28.7435,34.33948,0.0,11.212135
20170827 19:00:00,27.3435,32.95585,0.0,10.1887
20170827 20:00:00,26.9935,32.595436,0.0,10.495713
20170827 21:00:00,26.8435,32.342697,0.0,10.739832
20170827 22:00:00,26.8435,32.220444,0.0,11.808878
20170827 23:00:00,26.9435,32.21849,0.0,13.202726
20170828 00:00:00,26.9935,32.13569,0.0,14.345898
20170828 01:00:00,27.043499,32.29011,0.0,14.332341
20170828 02:00:00,27.043499,32.23151,0.0,13.797912
20170828 03:00:00,26.793499,31.994656,0.0,12.324414
20170828 04:00:00,26.4435,31.62777,0.0,10.853866
20170828 05:00:00,26.1435,31.244705,0.0,10.086427
20170828 06:00:00,26.3935,31.791672,0.0,9.3876505
20170828 07:00:00,27.9435,33.67209,0.0,10.08
20170828 08:00:00,29.543499,34.900272,0.0,12.144331
20170828 09:00:00,30.8435,36.023952,0.0,13.1041975
20170828 10:00:00,31.9435,38.05365,0.0,12.43434
20170828 11:00:00,32.8935,39.919453,0.0,11.592895
20170828 12:00:00,33.4935,41.09384,0.0,10.1887
20170828 13:00:00,33.9435,41.297127,0.0,7.653705
20170828 14:00:00,34.1435,40.797207,0.0,5.6002855
20170828 15:00:00,34.1935,40.167343,0.0,5.1919937
20170828 16:00:00,33.6935,39.0079,0.2,7.208994
20170828 17:00:00,32.4935,38.97454,0.0,9.3876505
20170828 18:00:00,30.7435,37.608833,0.0,9.255571
20170828 19:00:00,29.3435,35.87197,0.0,7.8954163
20170828 20:00:00,29.3435,35.87197,0.0,7.8954163
20170828 21:00:00,28.793499,35.067997,0.0,6.792466
20170828 22:00:00,28.1935,34.152767,0.1,7.5685663
20170828 23:00:00,27.9935,34.103886,0.0,7.928178
20170829 00:00:00,27.3435,32.738075,0.3,11.681987
20170829 01:00:00,27.293499,33.590023,0.1,6.193674
20170829 02:00:00,27.043499,33.29793,0.0,7.42159
20170829 03:00:00,27.043499,33.109524,0.0,9.422101
20170829 04:00:00,26.8935,33.063942,0.0,9.422101
20170829 05:00:00,26.793499,32.94026,0.0,9.585739
20170829 06:00:00,26.8435,32.792454,0.0,10.464797
20170829 07:00:00,27.7435,32.4355,0.0,18.59845
20170829 08:00:00,28.7435,33.907063,0.2,16.78156
20170829 09:00:00,28.5935,32.665768,0.4,19.586119
20170829 10:00:00,27.8935,31.345882,0.4,23.617756
20170829 11:00:00,28.4935,31.64288,0.2,25.460934
20170829 12:00:00,27.9935,31.117401,0.6,24.29133
20170829 13:00:00,27.7435,30.676662,0.5,24.27265
20170829 14:00:00,27.293499,30.03798,0.3,25.133053
20170829 15:00:00,26.6935,29.26794,0.1,23.933908
20170829 16:00:00,26.3935,28.76957,0.0,23.199759
20170829 17:00:00,26.2435,28.498886,0.1,23.000591
20170829 18:00:00,25.6435,27.404467,0.0,23.000591
20170829 19:00:00,25.1435,26.619171,0.0,20.972897
20170829 20:00:00,25.3935,26.680738,0.0,18.668005
20170829 21:00:00,25.3935,26.582499,0.0,17.786331
20170829 22:00:00,25.0935,26.844398,0.0,14.277983
20170829 23:00:00,24.8935,26.995743,0.0,12.387348
20170830 00:00:00,24.7435,26.952126,0.0,11.4862
20170830 01:00:00,24.543499,26.956476,0.0,10.086427
20170830 02:00:00,24.3435,26.914345,0.0,9.178235
20170830 03:00:00,24.293499,26.642555,0.0,10.182337
20170830 04:00:00,24.1935,26.455154,0.0,10.44
20170830 05:00:00,24.1435,26.430138,0.0,10.44
20170830 06:00:00,24.2435,26.344873,0.0,11.709688
20170830 07:00:00,25.2435,27.230085,0.0,13.004922
20170830 08:00:00,25.543499,26.84979,0.0,15.629971
20170830 09:00:00,26.043499,27.186928,0.0,15.9134655
20170830 10:00:00,26.1935,27.16593,0.0,17.581125
20170830 11:00:00,25.8935,26.900303,0.0,17.84816
20170830 12:00:00,26.4435,27.381721,0.0,17.31746
20170830 13:00:00,26.4935,27.170671,0.0,19.107151
20170830 14:00:00,26.5935,27.12405,0.0,20.111729
20170830 15:00:00,26.293499,26.659857,0.0,20.421871
20170830 16:00:00,25.9935,26.393139,0.0,19.228851
20170830 17:00:00,25.543499,26.901325,0.0,14.77755
20170830 18:00:00,24.9435,26.503922,0.0,13.392774
20170830 19:00:00,24.543499,26.178776,0.0,12.387348
20170830 20:00:00,23.9435,25.442427,0.0,10.44
20170830 21:00:00,23.6435,25.412306,0.0,9.220499
20170830 22:00:00,23.543499,25.520864,0.0,8.587338
20170830 23:00:00,23.4435,25.352037,0.0,9.220499
20170831 00:00:00,23.6935,25.139067,0.0,11.753876
20170831 01:00:00,23.5935,24.895628,0.0,12.738099
20170831 02:00:00,23.4935,24.652239,0.0,13.246826
20170831 03:00:00,23.4435,24.59801,0.0,13.276144
20170831 04:00:00,23.4935,24.576488,0.0,13.608762
20170831 05:00:00,23.4435,24.472412,0.0,13.979872
20170831 06:00:00,23.3435,24.507015,0.0,13.849477
20170831 07:00:00,23.9435,25.223928,0.0,13.363711
20170831 08:00:00,24.4435,25.688557,0.0,11.246759
20170831 09:00:00,25.1935,26.510458,0.0,11.212135
20170831 10:00:00,25.543499,26.245481,0.0,13.746156
20170831 11:00:00,25.5935,25.92304,0.0,16.299694
20170831 12:00:00,25.7435,25.56559,0.0,18.440998
20170831 13:00:00,25.6935,26.000313,0.0,15.856354
20170831 14:00:00,25.7435,26.362217,0.0,15.379206
20170831 15:00:00,25.8935,26.49896,0.0,15.315873
20170831 16:00:00,25.1935,26.894215,0.0,12.594856
20170831 17:00:00,24.9435,26.65642,0.0,12.181624
20170831 18:00:00,23.8935,25.405863,0.0,15.580141
20170831 19:00:00,23.793499,26.130484,0.0,9.585739
20170831 20:00:00,22.9935,26.38254,0.0,5.1544156
20170831 21:00:00,23.1935,26.288685,0.0,6.638072
20170831 22:00:00,23.2435,25.867935,0.0,8.473393
20170831 23:00:00,23.3435,25.677982,0.0,9.605998
