{"type":"FeatureCollection","features":[{"id":"1508","type":"Feature","properties":{"Direction":"2","Kind":"0102|010c","PathName":"南北高架路","一级分类":"01","__source_file__":"19-其它/13-历史版本数据/2017.10/都市高速路.shp"},"geometry":{"type":"LineString","coordinates":[[121.46678416400005,31.219599875000014],[121.46677414700001,31.219569870000015],[121.46675162215965,31.219479906330335]]}},{"id":"1510","type":"Feature","properties":{"Direction":"3","Kind":"0102|010c","PathName":"南北高架路","一级分类":"01","__source_file__":"19-其它/13-历史版本数据/2017.10/都市高速路.shp"},"geometry":{"type":"LineString","coordinates":[[121.4669044520001,31.219540119000012],[121.46689204710228,31.219492342794222]]}},{"id":"1511","type":"Feature","properties":{"Direction":"3","Kind":"0102|010c","PathName":"南北高架路","一级分类":"01","__source_file__":"19-其它/13-历史版本数据/2017.10/都市高速路.shp"},"geometry":{"type":"LineString","coordinates":[[121.46704466800009,31.220070145000008],[121.46700460800004,31.21991014100001],[121.46698457700006,31.219840135000013],[121.46691446500006,31.21959011600002],[121.4669044520001,31.219540119000012]]}},{"id":"1513","type":"Feature","properties":{"Direction":"3","Kind":"0105|010b","PathName":null,"一级分类":"01","__source_file__":"19-其它/13-历史版本数据/2017.10/都市高速路.shp"},"geometry":{"type":"LineString","coordinates":[[121.46668341104254,31.21947386534446],[121.4667039850001,31.219569742000015],[121.46674404700002,31.21971975000001],[121.46679411600007,31.21994974200001],[121.46690427400006,31.22042973400002],[121.46695434900005,31.22062973900002],[121.46696436600007,31.220659744000017],[121.46698438800003,31.220779729000014],[121.46700441000007,31.22089971300001]]}},{"id":"1515","type":"Feature","properties":{"Direction":"2","Kind":"0102|010c","PathName":"南北高架路","一级分类":"01","__source_file__":"19-其它/13-历史版本数据/2017.10/都市高速路.shp"},"geometry":{"type":"LineString","coordinates":[[121.46715473700012,31.22098994700002],[121.46703455600004,31.220519932000013],[121.46699448900006,31.22038991600002],[121.46692438200012,31.220119905000022],[121.46687430500003,31.21992989600001],[121.46686429000009,31.21988989500001],[121.46678416400005,31.219599875000014]]}},{"id":"1517","type":"Feature","properties":{"Direction":"3","Kind":"0102|010c","PathName":"南北高架路","一级分类":"01","__source_file__":"19-其它/13-历史版本数据/2017.10/都市高速路.shp"},"geometry":{"type":"LineString","coordinates":[[121.46719490600003,31.220610185000016],[121.4671147780001,31.220330160000017],[121.46704466800009,31.220070145000008]]}},{"id":"1518","type":"Feature","properties":{"Direction":"3","Kind":"0102|010c","PathName":"南北高架路","一级分类":"01","__source_file__":"19-其它/13-历史版本数据/2017.10/都市高速路.shp"},"geometry":{"type":"LineString","coordinates":[[121.46728503600002,31.22099018400002],[121.46720492000009,31.220650186000015],[121.46719490600003,31.220610185000016]]}},{"id":"1519","type":"Feature","properties":{"Direction":"2","Kind":"0102|010c","PathName":"南北高架路","一级分类":"01","__source_file__":"19-其它/13-历史版本数据/2017.10/都市高速路.shp"},"geometry":{"type":"LineString","coordinates":[[121.46718478000003,31.221119946000012],[121.46716475000004,31.22103994400001],[121.46715473700012,31.22098994700002]]}},{"id":"1520","type":"Feature","properties":{"Direction":"3","Kind":"0105|010b","PathName":null,"一级分类":"01","__source_file__":"19-其它/13-历史版本数据/2017.10/都市高速路.shp"},"geometry":{"type":"LineString","coordinates":[[121.46700441000007,31.22089971300001],[121.46701441300002,31.220999688000024],[121.4671045250001,31.221479644000016]]}},{"id":"1521","type":"Feature","properties":{"Direction":"2","Kind":"0102|010c","PathName":"南北高架路","一级分类":"01","__source_file__":"19-其它/13-历史版本数据/2017.10/都市高速路.shp"},"geometry":{"type":"LineString","coordinates":[[121.46727490600007,31.221529932000013],[121.46726490100002,31.221439953000015],[121.46720481100012,31.22119994800002],[121.46718478000003,31.221119946000012]]}},{"id":"1522","type":"Feature","properties":{"Direction":"2","Kind":"0105|010b","PathName":null,"一级分类":"01","__source_file__":"19-其它/13-历史版本数据/2017.10/都市高速路.shp"},"geometry":{"type":"LineString","coordinates":[[121.46728503600002,31.22099018400002],[121.46732510800007,31.221090214000018],[121.46737520600006,31.22118026600002],[121.46742530600012,31.22126032300001],[121.46745536200001,31.22132035200002],[121.46748539900011,31.22148033700002],[121.46750541500013,31.221630308000016],[121.46753539100007,31.22210016000001]]}},{"id":"1524","type":"Feature","properties":{"Direction":"3","Kind":"0102|010c","PathName":"南北高架路","一级分类":"01","__source_file__":"19-其它/13-历史版本数据/2017.10/都市高速路.shp"},"geometry":{"type":"LineString","coordinates":[[121.46743515200002,31.22213996000002],[121.46743519200005,31.22194004700002],[121.46738516100005,31.221520138000017],[121.46735513600004,31.22130017800002],[121.46728502100007,31.221070149000017],[121.46728503600002,31.22099018400002]]}},{"id":"1526","type":"Feature","properties":{"Direction":"2","Kind":"0102|010c","PathName":"南北高架路","一级分类":"01","__source_file__":"19-其它/13-历史版本数据/2017.10/都市高速路.shp"},"geometry":{"type":"LineString","coordinates":[[121.46718439400003,31.22304911100001],[121.46721448900009,31.222919222000016],[121.46725461000007,31.22277935600002],[121.46728474200007,31.222459549000025],[121.4673048420001,31.22218970200001],[121.46730484900002,31.22215971500002],[121.46731491400011,31.221949824000024],[121.46727490600007,31.221529932000013]]}},{"id":"1527","type":"Feature","properties":{"Direction":"3","Kind":"0105|010b","PathName":null,"一级分类":"01","__source_file__":"19-其它/13-历史版本数据/2017.10/都市高速路.shp"},"geometry":{"type":"LineString","coordinates":[[121.4671045250001,31.221479644000016],[121.467124548,31.221589633000008],[121.46716454600005,31.22205950300001],[121.46714444200006,31.222349341000015],[121.46713438700012,31.222509254000016],[121.46708421400001,31.222799037000012],[121.46701398300002,31.22314875800001]]}},{"id":"1528","type":"Feature","properties":{"Direction":"3","Kind":"0102|010c","PathName":"南北高架路","一级分类":"01","__source_file__":"19-其它/13-历史版本数据/2017.10/都市高速路.shp"},"geometry":{"type":"LineString","coordinates":[[121.46737490400005,31.22268961400002],[121.46738493900011,31.222629658000017],[121.46741506600006,31.222339838000014],[121.46743514800005,31.222159952000013],[121.46743515200002,31.22213996000002]]}},{"id":"1529","type":"Feature","properties":{"Direction":"2","Kind":"0105|010b","PathName":null,"一级分类":"01","__source_file__":"19-其它/13-历史版本数据/2017.10/都市高速路.shp"},"geometry":{"type":"LineString","coordinates":[[121.46753539100007,31.22210016000001],[121.46754537800005,31.22228010100001],[121.46753534000005,31.22235005200001],[121.46752528500008,31.222509965000018],[121.46751524900003,31.222579916000015],[121.46750520900004,31.22265986400001],[121.46748513700003,31.222789771000013],[121.46744500900003,31.222969620000015],[121.46741491600005,31.223089513000023],[121.46730458900002,31.223459153000007]]}},{"id":"1532","type":"Feature","properties":{"Direction":"3","Kind":"0102|010c","PathName":"南北高架路","一级分类":"01","__source_file__":"19-其它/13-历史版本数据/2017.10/都市高速路.shp"},"geometry":{"type":"LineString","coordinates":[[121.46724449600003,31.223229143000015],[121.46733476700001,31.222909446000017],[121.46736486000009,31.222789552000012],[121.46737490400005,31.22268961400002]]}},{"id":"1534","type":"Feature","properties":{"Direction":"2","Kind":"0102|010c","PathName":"南北高架路","一级分类":"01","__source_file__":"19-其它/13-历史版本数据/2017.10/都市高速路.shp"},"geometry":{"type":"LineString","coordinates":[[121.46714427200006,31.223198973000013],[121.46718439400003,31.22304911100001]]}},{"id":"1536","type":"Feature","properties":{"Direction":"3","Kind":"0105|010b","PathName":null,"一级分类":"01","__source_file__":"19-其它/13-历史版本数据/2017.10/都市高速路.shp"},"geometry":{"type":"LineString","coordinates":[[121.46701398300002,31.22314875800001],[121.46697388100004,31.223198663000016],[121.46692375200007,31.22326854100001]]}},{"id":"1537","type":"Feature","properties":{"Direction":"2","Kind":"0105|010b","PathName":null,"一级分类":"01","__source_file__":"19-其它/13-历史版本数据/2017.10/都市高速路.shp"},"geometry":{"type":"LineString","coordinates":[[121.46691367200005,31.22354840200002],[121.46701398300002,31.22314875800001]]}},{"id":"1538","type":"Feature","properties":{"Direction":"2","Kind":"0102|010c","PathName":"南北高架路","一级分类":"01","__source_file__":"19-其它/13-历史版本数据/2017.10/都市高速路.shp"},"geometry":{"type":"LineString","coordinates":[[121.46702393200009,31.223518616000018],[121.46714427200006,31.223198973000013]]}},{"id":"1539","type":"Feature","properties":{"Direction":"3","Kind":"0102|010c","PathName":"南北高架路","一级分类":"01","__source_file__":"19-其它/13-历史版本数据/2017.10/都市高速路.shp"},"geometry":{"type":"LineString","coordinates":[[121.46713417900003,31.223548803000018],[121.46724449600003,31.223229143000015]]}},{"id":"1542","type":"Feature","properties":{"Direction":"2","Kind":"0102|010c","PathName":"南北高架路","一级分类":"01","__source_file__":"19-其它/13-历史版本数据/2017.10/都市高速路.shp"},"geometry":{"type":"LineString","coordinates":[[121.46692364900002,31.22377832100001],[121.4670139010001,31.22355858000002],[121.46702393200009,31.223518616000018]]}},{"id":"1544","type":"Feature","properties":{"Direction":"3","Kind":"0102|010c","PathName":"南北高架路","一级分类":"01","__source_file__":"19-其它/13-历史版本数据/2017.10/都市高速路.shp"},"geometry":{"type":"LineString","coordinates":[[121.467023873,31.223808491000018],[121.46713417900003,31.223548803000018]]}},{"id":"1545","type":"Feature","properties":{"Direction":"2","Kind":"0103|010b|010c","PathName":"延安东路立交桥","一级分类":"01","__source_file__":"19-其它/13-历史版本数据/2017.10/都市高速路.shp"},"geometry":{"type":"LineString","coordinates":[[121.46713417900003,31.223548803000018],[121.4671241320001,31.223668733000014],[121.4670639630001,31.22381855900001]]}},{"id":"1549","type":"Feature","properties":{"Direction":"2","Kind":"0103|010b|010c","PathName":"延安东路立交桥","一级分类":"01","__source_file__":"19-其它/13-历史版本数据/2017.10/都市高速路.shp"},"geometry":{"type":"LineString","coordinates":[[121.46629204300008,31.224556833000012],[121.46639229900006,31.224427071000008],[121.46646248000003,31.224327243000022],[121.46658278500003,31.224187523000012],[121.46669307600007,31.22399780600001],[121.4667331820001,31.223927909000015],[121.46676326300006,31.223867990000016],[121.4667933400001,31.22382806200001],[121.46689360800008,31.223638326000017],[121.4670239530001,31.22340866400002],[121.46714427200006,31.223198973000013]]}},{"id":"1551","type":"Feature","properties":{"Direction":"2","Kind":"0102|010c","PathName":"南北高架路","一级分类":"01","__source_file__":"19-其它/13-历史版本数据/2017.10/都市高速路.shp"},"geometry":{"type":"LineString","coordinates":[[121.46669304600003,31.22414774100001],[121.46681336000006,31.22395804200002],[121.46685346400011,31.223898141000024],[121.46687351700005,31.22386819000002],[121.46692364900002,31.22377832100001]]}},{"id":"1554","type":"Feature","properties":{"Direction":"2","Kind":"0103|010b|010c","PathName":"延安东路立交桥","一级分类":"01","__source_file__":"19-其它/13-历史版本数据/2017.10/都市高速路.shp"},"geometry":{"type":"LineString","coordinates":[[121.4670639630001,31.22381855900001],[121.46701382900005,31.22391842500001],[121.4669937750001,31.223958371000013],[121.46695367000007,31.22401827200001],[121.46680327900005,31.22424789900002]]}},{"id":"1557","type":"Feature","properties":{"Direction":"3","Kind":"0102|010c","PathName":"南北高架路","一级分类":"01","__source_file__":"19-其它/13-历史版本数据/2017.10/都市高速路.shp"},"geometry":{"type":"LineString","coordinates":[[121.46648246800011,31.22461715400001],[121.46692360300005,31.224008221000023],[121.4669536870001,31.22393830600001],[121.4669737390001,31.223908356000013],[121.467023873,31.223808491000018]]}},{"id":"1560","type":"Feature","properties":{"Direction":"2","Kind":"0103|010b|010c","PathName":"延安东路立交桥","一级分类":"01","__source_file__":"19-其它/13-历史版本数据/2017.10/都市高速路.shp"},"geometry":{"type":"LineString","coordinates":[[121.46680327900005,31.22424789900002],[121.46659273600005,31.224547384000022]]}},{"id":"1563","type":"Feature","properties":{"Direction":"2","Kind":"0103|010b|010c","PathName":"延安东路立交桥","一级分类":"01","__source_file__":"19-其它/13-历史版本数据/2017.10/都市高速路.shp"},"geometry":{"type":"LineString","coordinates":[[121.46659273600005,31.224547384000022],[121.46640225200008,31.224776938000016],[121.4662919660001,31.22493666800001],[121.46621175400003,31.225076461000015],[121.46617165200007,31.225126366000016],[121.46611150200012,31.22518623000002]]}},{"id":"1564","type":"Feature","properties":{"Direction":"2","Kind":"0103|010b|010c","PathName":"延安东路立交桥","一级分类":"01","__source_file__":"19-其它/13-历史版本数据/2017.10/都市高速路.shp"},"geometry":{"type":"LineString","coordinates":[[121.46522939100011,31.225604440000016],[121.46564041200008,31.225225355000017],[121.46572061200004,31.225145536000014],[121.46588101400003,31.22497590200001],[121.46591108900007,31.224945969000018],[121.46594116400001,31.224916037000014],[121.46617174100004,31.22468655700001],[121.46629204300008,31.224556833000012]]}},{"id":"1566","type":"Feature","properties":{"Direction":"2","Kind":"0102|010c","PathName":"南北高架路","一级分类":"01","__source_file__":"19-其它/13-历史版本数据/2017.10/都市高速路.shp"},"geometry":{"type":"LineString","coordinates":[[121.46469805700008,31.226173225000014],[121.46479830300007,31.226093442000025],[121.46501884200006,31.22593391300002],[121.46544991200005,31.225534873000015],[121.46591105900006,31.225095904000018],[121.46595116200002,31.225045999000017],[121.46599126000001,31.22501608500002],[121.46602133400006,31.224986153000017],[121.46607146000008,31.22493626700002],[121.46628199100009,31.224696754000018],[121.46647247500003,31.224467200000024],[121.4666429140001,31.224227615000018],[121.46669304600003,31.22414774100001]]}},{"id":"1568","type":"Feature","properties":{"Direction":"2","Kind":"0103|010b|010c","PathName":"延安东路立交桥","一级分类":"01","__source_file__":"19-其它/13-历史版本数据/2017.10/都市高速路.shp"},"geometry":{"type":"LineString","coordinates":[[121.46611150200012,31.22518623000002],[121.46594107400007,31.22536584200002]]}},{"id":"1569","type":"Feature","properties":{"Direction":"2","Kind":"0103|010b|010c","PathName":"延安东路立交桥","一级分类":"01","__source_file__":"19-其它/13-历史版本数据/2017.10/都市高速路.shp"},"geometry":{"type":"LineString","coordinates":[[121.46594107400007,31.22536584200002],[121.46590097400009,31.22540575100001]]}},{"id":"1570","type":"Feature","properties":{"Direction":"3","Kind":"0103|010b|010c","PathName":"延安东路立交桥","一级分类":"01","__source_file__":"19-其它/13-历史版本数据/2017.10/都市高速路.shp"},"geometry":{"type":"LineString","coordinates":[[121.46592101200008,31.22544577100001],[121.46594107400007,31.22536584200002]]}},{"id":"1571","type":"Feature","properties":{"Direction":"3","Kind":"0102|010c","PathName":"南北高架路","一级分类":"01","__source_file__":"19-其它/13-历史版本数据/2017.10/都市高速路.shp"},"geometry":{"type":"LineString","coordinates":[[121.46486843200013,31.226253500000013],[121.4649085330001,31.226213591000022],[121.46496868100007,31.226163722000013],[121.4656102780001,31.225545162000017],[121.46599122600004,31.225186012000012],[121.46604135300004,31.225126129000014],[121.46610150300012,31.22506626400002],[121.4661215530001,31.225046309000025],[121.46631203700008,31.22481675700001],[121.46648246800011,31.22461715400001]]}},{"id":"1572","type":"Feature","properties":{"Direction":"2","Kind":"0103|010b|010c","PathName":"延安东路立交桥","一级分类":"01","__source_file__":"19-其它/13-历史版本数据/2017.10/都市高速路.shp"},"geometry":{"type":"LineString","coordinates":[[121.46590097400009,31.22540575100001],[121.46582077200001,31.22549556700001],[121.46579069500002,31.22553549500002]]}},{"id":"1573","type":"Feature","properties":{"Direction":"3","Kind":"0103|010b|010c","PathName":"延安东路立交桥","一级分类":"01","__source_file__":"19-其它/13-历史版本数据/2017.10/都市高速路.shp"},"geometry":{"type":"LineString","coordinates":[[121.46586085800004,31.225525627000007],[121.46592101200008,31.22544577100001]]}},{"id":"1373","type":"Feature","properties":{"Direction":"2","Kind":"0103|010b|010c","PathName":"延安东路立交桥","一级分类":"01","__source_file__":"19-其它/13-历史版本数据/2017.10/都市高速路.shp"},"geometry":{"type":"LineString","coordinates":[[121.4648083830001,31.225813582000015],[121.46483845300008,31.225803641000013],[121.46495874200001,31.22574388700002],[121.46505898400007,31.22568409500002],[121.46513917700007,31.225644259000024],[121.46522939100011,31.225604440000016]]}},{"id":"1377","type":"Feature","properties":{"Direction":"2","Kind":"0103|010b|010c","PathName":"延安东路立交桥","一级分类":"01","__source_file__":"19-其它/13-历史版本数据/2017.10/都市高速路.shp"},"geometry":{"type":"LineString","coordinates":[[121.46494869000004,31.225883808000024],[121.46522939100011,31.225604440000016]]}},{"id":"1387","type":"Feature","properties":{"Direction":"2","Kind":"0103|010b|010c","PathName":"延安东路立交桥","一级分类":"01","__source_file__":"19-其它/13-历史版本数据/2017.10/都市高速路.shp"},"geometry":{"type":"LineString","coordinates":[[121.46579069500002,31.22553549500002],[121.46574057000011,31.225585381000016],[121.46571049300009,31.22562530900001],[121.46555009400004,31.225774952000005],[121.46535962300005,31.225944531000014],[121.46525937800006,31.226014317000008],[121.46520925700008,31.22604421300001],[121.46509899200011,31.226103986000012]]}},{"id":"1395","type":"Feature","properties":{"Direction":"3","Kind":"0103|010b|010c","PathName":"延安东路立交桥","一级分类":"01","__source_file__":"19-其它/13-历史版本数据/2017.10/都市高速路.shp"},"geometry":{"type":"LineString","coordinates":[[121.46564021300003,31.226214925000008],[121.4656201790001,31.22615491500001],[121.4656101800001,31.22603494900001],[121.4656302510001,31.225915037000025],[121.46565031500008,31.22582511200001],[121.4657204990001,31.22570529300002],[121.46577062900008,31.22563541500001],[121.46586085800004,31.225525627000007]]}},{"id":"1427","type":"Feature","properties":{"Direction":"2","Kind":"0103|010b|010c","PathName":"延安东路立交桥","一级分类":"01","__source_file__":"19-其它/13-历史版本数据/2017.10/都市高速路.shp"},"geometry":{"type":"LineString","coordinates":[[121.46509899200011,31.226103986000012],[121.46496868100007,31.226163722000013],[121.464808306,31.22619341700002],[121.46476821300007,31.22620333900001]]}},{"id":"1228","type":"Feature","properties":{"Direction":"3","Kind":"0103|010b|010c","PathName":"延安东路立交桥","一级分类":"01","__source_file__":"19-其它/13-历史版本数据/2017.10/都市高速路.shp"},"geometry":{"type":"LineString","coordinates":[[121.46547980100001,31.226434537000017],[121.46535953000013,31.22640433100001],[121.46525930500002,31.226384157000016],[121.46512900900005,31.226363928000012],[121.46497867200003,31.226323671000017],[121.46492855500001,31.22633357600002],[121.46484837000001,31.22633342900001]]}},{"id":"1230","type":"Feature","properties":{"Direction":"3","Kind":"0103|010b|010c","PathName":"延安东路立交桥","一级分类":"01","__source_file__":"19-其它/13-历史版本数据/2017.10/都市高速路.shp"},"geometry":{"type":"LineString","coordinates":[[121.46606108900006,31.226675493000013],[121.46594082800004,31.226595309000015],[121.46588070000008,31.226545220000023],[121.46584061600005,31.226505164000017],[121.46580053200012,31.22646511000002],[121.46574040600002,31.22640502600001],[121.46568028800003,31.226304959000014],[121.46564021300003,31.226214925000008]]}},{"id":"1232","type":"Feature","properties":{"Direction":"3","Kind":"0103|010b|010c","PathName":"延安东路立交桥","一级分类":"01","__source_file__":"19-其它/13-历史版本数据/2017.10/都市高速路.shp"},"geometry":{"type":"LineString","coordinates":[[121.4656602020001,31.226504836000018],[121.46553993500005,31.226454638000025],[121.46547980100001,31.226434537000017]]}},{"id":"1235","type":"Feature","properties":{"Direction":"3","Kind":"0103|010b|010c","PathName":"延安东路立交桥","一级分类":"01","__source_file__":"19-其它/13-历史版本数据/2017.10/都市高速路.shp"},"geometry":{"type":"LineString","coordinates":[[121.46606108900006,31.226675493000013],[121.46581053500006,31.22656508400002],[121.4656602020001,31.226504836000018]]}},{"id":"1237","type":"Feature","properties":{"Direction":"2","Kind":"0103|010b|010c","PathName":"延安东路立交桥","一级分类":"01","__source_file__":"19-其它/13-历史版本数据/2017.10/都市高速路.shp"},"geometry":{"type":"LineString","coordinates":[[121.4659708150001,31.227005186000014],[121.46589063700003,31.226975052000018],[121.46584052600008,31.226954969000015],[121.46555990300011,31.226844506000024],[121.46513897300008,31.226663816000013],[121.46504877300003,31.226623668000013],[121.46499866200008,31.226603586000014],[121.46489845300005,31.226493451000014]]}},{"id":"1433","type":"Feature","properties":{"Direction":"2","Kind":"0102|010c","PathName":"南北高架路","一级分类":"01","__source_file__":"19-其它/13-历史版本数据/2017.10/都市高速路.shp"},"geometry":{"type":"LineString","coordinates":[[121.46454767400009,31.226362867000024],[121.46458777400007,31.22632295800001],[121.46460782600002,31.226293008000013],[121.46462788000007,31.226253062000012],[121.464657955,31.226223130000008],[121.46467800500011,31.226203175000013],[121.46469805700008,31.226173225000014]]}},{"id":"1434","type":"Feature","properties":{"Direction":"2","Kind":"0102|010c","PathName":"延安高架路","一级分类":"01","__source_file__":"19-其它/13-历史版本数据/2017.10/都市高速路.shp"},"geometry":{"type":"LineString","coordinates":[[121.464778195,31.22640327000002],[121.46472808600004,31.226373193000015],[121.46461784100006,31.22633300900002],[121.46458777400007,31.22632295800001],[121.46445748400004,31.22627274200002],[121.46439735000003,31.226252641000013],[121.46408665600006,31.22615211900002]]}},{"id":"1435","type":"Feature","properties":{"Direction":"2","Kind":"0103|010b|010c","PathName":"延安东路立交桥","一级分类":"01","__source_file__":"19-其它/13-历史版本数据/2017.10/都市高速路.shp"},"geometry":{"type":"LineString","coordinates":[[121.46480827000003,31.226373338000016],[121.46479825400003,31.22634333300002],[121.46477821500001,31.226303314000024],[121.46478824400005,31.226273345000006],[121.46480830000007,31.22622340400001]]}},{"id":"1436","type":"Feature","properties":{"Direction":"3","Kind":"0102|010c","PathName":"南北高架路","一级分类":"01","__source_file__":"19-其它/13-历史版本数据/2017.10/都市高速路.shp"},"geometry":{"type":"LineString","coordinates":[[121.46468798600006,31.226413102000006],[121.46472808600004,31.226373193000015],[121.46477821500001,31.226303314000024],[121.46481831100004,31.226283396000014],[121.46486843200013,31.226253500000013]]}},{"id":"1227","type":"Feature","properties":{"Direction":"3","Kind":"0103|010b|010c","PathName":"延安东路立交桥","一级分类":"01","__source_file__":"19-其它/13-历史版本数据/2017.10/都市高速路.shp"},"geometry":{"type":"LineString","coordinates":[[121.46484837000001,31.22633342900001],[121.46479825400003,31.22634333300002],[121.46472808600004,31.226373193000015],[121.4646378750001,31.226393019000014]]}},{"id":"1229","type":"Feature","properties":{"Direction":"2","Kind":"0103|010b|010c","PathName":"延安东路立交桥","一级分类":"01","__source_file__":"19-其它/13-历史版本数据/2017.10/都市高速路.shp"},"geometry":{"type":"LineString","coordinates":[[121.46489845300005,31.226493451000014],[121.46485837000012,31.226453395000025],[121.46482830800007,31.226413358000016],[121.46480827000003,31.226373338000016]]}},{"id":"1231","type":"Feature","properties":{"Direction":"3","Kind":"0103|010b|010c","PathName":"延安东路立交桥","一级分类":"01","__source_file__":"19-其它/13-历史版本数据/2017.10/都市高速路.shp"},"geometry":{"type":"LineString","coordinates":[[121.46462782400009,31.226532940000016],[121.4646278360001,31.226472966000017],[121.46459777900009,31.226412937000017],[121.46459778500001,31.226382950000016]]}},{"id":"1234","type":"Feature","properties":{"Direction":"3","Kind":"0103|010b|010c","PathName":"延安东路立交桥","一级分类":"01","__source_file__":"19-其它/13-历史版本数据/2017.10/都市高速路.shp"},"geometry":{"type":"LineString","coordinates":[[121.4646378750001,31.226393019000014],[121.46459777900009,31.226412937000017],[121.46445744800008,31.226452664000018],[121.46437725900013,31.22648250400002],[121.46435721000012,31.22649246300001],[121.46423692200007,31.22655221800001],[121.46410660700009,31.226631946000015],[121.4640865560001,31.22665190100001],[121.46400635700003,31.22673171900001]]}},{"id":"1236","type":"Feature","properties":{"Direction":"3","Kind":"0103|010b|010c","PathName":"延安东路立交桥","一级分类":"01","__source_file__":"19-其它/13-历史版本数据/2017.10/都市高速路.shp"},"geometry":{"type":"LineString","coordinates":[[121.4643671560001,31.226882312000015],[121.46441727800003,31.226842421000015],[121.4644974810001,31.226752607000012],[121.4645476070001,31.22669272400002],[121.46462781100003,31.22659291400001],[121.46462782400009,31.226532940000016]]}},{"id":"1238","type":"Feature","properties":{"Direction":"3","Kind":"0103|010b|010c","PathName":"延安东路立交桥","一级分类":"01","__source_file__":"19-其它/13-历史版本数据/2017.10/都市高速路.shp"},"geometry":{"type":"LineString","coordinates":[[121.46400635700003,31.22673171900001],[121.46390610200001,31.226851484000008],[121.46388605000004,31.22688143500001]]}},{"id":"1239","type":"Feature","properties":{"Direction":"2","Kind":"0102|010c","PathName":"延安高架路","一级分类":"01","__source_file__":"19-其它/13-历史版本数据/2017.10/都市高速路.shp"},"geometry":{"type":"LineString","coordinates":[[121.46486842200011,31.226303479000013],[121.46492855500001,31.22633357600002],[121.46536953400005,31.226504306000013],[121.46666239800004,31.227036434000013],[121.466772643,31.227076618000012],[121.46694302100003,31.22714689900002],[121.4674140630001,31.227347672000008]]}},{"id":"1241","type":"Feature","properties":{"Direction":"2","Kind":"0103|010b|010c","PathName":"延安东路立交桥","一级分类":"01","__source_file__":"19-其它/13-历史版本数据/2017.10/都市高速路.shp"},"geometry":{"type":"LineString","coordinates":[[121.4659708150001,31.227005186000014],[121.46589063300009,31.22699504400002],[121.46579040900009,31.226964874000018],[121.4654797190001,31.226844359000015],[121.46536947200002,31.22681417100002],[121.46533940400003,31.22680412100002]]}},{"id":"1242","type":"Feature","properties":{"Direction":"3","Kind":"0103|010b|010c","PathName":"延安东路立交桥","一级分类":"01","__source_file__":"19-其它/13-历史版本数据/2017.10/都市高速路.shp"},"geometry":{"type":"LineString","coordinates":[[121.46745417700004,31.227237793000015],[121.46690295500004,31.22701688200002],[121.46683280000003,31.22698676700001],[121.46680273300002,31.22697671700001],[121.46606108900006,31.226675493000013]]}},{"id":"1244","type":"Feature","properties":{"Direction":"2","Kind":"0102|010c","PathName":"延安高架路","一级分类":"01","__source_file__":"19-其它/13-历史版本数据/2017.10/都市高速路.shp"},"geometry":{"type":"LineString","coordinates":[[121.46772472300006,31.22761812200001],[121.46745412300005,31.227507676000016],[121.46707328000004,31.22734705000002],[121.46672250400002,31.227196475000014],[121.46571026100001,31.226784806000015],[121.46504879700002,31.226503721000018],[121.46482830800007,31.226413358000016],[121.464778195,31.22640327000002]]}},{"id":"1247","type":"Feature","properties":{"Direction":"3","Kind":"0103|010b|010c","PathName":"延安东路立交桥","一级分类":"01","__source_file__":"19-其它/13-历史版本数据/2017.10/都市高速路.shp"},"geometry":{"type":"LineString","coordinates":[[121.46804548500006,31.227488764000018],[121.46767466300003,31.22733815200002],[121.46761453200008,31.227308055000012],[121.46745417700004,31.227237793000015]]}},{"id":"1248","type":"Feature","properties":{"Direction":"2","Kind":"0103|010b|010c","PathName":"延安东路立交桥","一级分类":"01","__source_file__":"19-其它/13-历史版本数据/2017.10/都市高速路.shp"},"geometry":{"type":"LineString","coordinates":[[121.46784496700002,31.227778273000013],[121.4675142330001,31.22764772500001],[121.4672336110001,31.22753726100001],[121.4666423000001,31.22729628500001],[121.46630154500009,31.227155724000013],[121.4659708150001,31.227005186000014]]}},{"id":"1249","type":"Feature","properties":{"Direction":"2","Kind":"0102|010c","PathName":"延安高架路","一级分类":"01","__source_file__":"19-其它/13-历史版本数据/2017.10/都市高速路.shp"},"geometry":{"type":"LineString","coordinates":[[121.4674140630001,31.227347672000008],[121.46777486200007,31.22749826500001]]}},{"id":"1251","type":"Feature","properties":{"Direction":"2","Kind":"0103|010b|010c","PathName":"延安东路立交桥","一级分类":"01","__source_file__":"19-其它/13-历史版本数据/2017.10/都市高速路.shp"},"geometry":{"type":"LineString","coordinates":[[121.46777486200007,31.22749826500001],[121.46791518400005,31.22749852100002],[121.46797532300002,31.227498631000017],[121.46804548500006,31.227488764000018]]}},{"id":"1254","type":"Feature","properties":{"Direction":"3","Kind":"0102|010c","PathName":"延安高架路","一级分类":"01","__source_file__":"19-其它/13-历史版本数据/2017.10/都市高速路.shp"},"geometry":{"type":"LineString","coordinates":[[121.46903765700007,31.228030342000014],[121.4687369930001,31.227899849000014],[121.4687069250001,31.22788979800002],[121.46862674900001,31.227849669000005],[121.46828599500009,31.227709108000013],[121.46777486200007,31.22749826500001]]}},{"id":"1257","type":"Feature","properties":{"Direction":"2","Kind":"0103|010b|010c","PathName":"延安东路立交桥","一级分类":"01","__source_file__":"19-其它/13-历史版本数据/2017.10/都市高速路.shp"},"geometry":{"type":"LineString","coordinates":[[121.46823583100003,31.22794891300002],[121.46814563200007,31.22790876500001],[121.46807547700007,31.227878650000008],[121.46784496700002,31.227778273000013]]}},{"id":"1256","type":"Feature","properties":{"Direction":"3","Kind":"0103|010b|010c","PathName":"延安东路立交桥","一级分类":"01","__source_file__":"19-其它/13-历史版本数据/2017.10/都市高速路.shp"},"geometry":{"type":"LineString","coordinates":[[121.46952877100011,31.228101208000016],[121.46898757200006,31.22788031500002],[121.468757062,31.227779937000008],[121.46867688400005,31.22774980400001],[121.46846641600008,31.22766945500001],[121.46812566200003,31.22752889200001],[121.46810561700012,31.227518861000025],[121.46804548500006,31.227488764000018]]}},{"id":"1263","type":"Feature","properties":{"Direction":"3","Kind":"0102|010c","PathName":"延安高架路","一级分类":"01","__source_file__":"19-其它/13-历史版本数据/2017.10/都市高速路.shp"},"geometry":{"type":"LineString","coordinates":[[121.46981938700002,31.228361627000012],[121.46974923200004,31.228331512000015],[121.46946861300012,31.228201056000017],[121.46903765700007,31.228030342000014]]}},{"id":"1264","type":"Feature","properties":{"Direction":"3","Kind":"0103|010b|010c","PathName":"延安东路立交桥","一级分类":"01","__source_file__":"19-其它/13-历史版本数据/2017.10/都市高速路.shp"},"geometry":{"type":"LineString","coordinates":[[121.46981938700002,31.228361627000012],[121.46976928400011,31.22830156100001],[121.4696790910001,31.22823142700001],[121.46952877100011,31.228101208000016]]}},{"id":"1265","type":"Feature","properties":{"Direction":"3","Kind":"0102|010c","PathName":"延安高架路","一级分类":"01","__source_file__":"19-其它/13-历史版本数据/2017.10/都市高速路.shp"},"geometry":{"type":"LineString","coordinates":[[121.46906769800013,31.22817033700001],[121.46938840900009,31.22830086600001],[121.46940845300001,31.228310898000018]]}},{"id":"1266","type":"Feature","properties":{"Direction":"2","Kind":"0105|010b","PathName":null,"一级分类":"01","__source_file__":"19-其它/13-历史版本数据/2017.10/都市高速路.shp"},"geometry":{"type":"LineString","coordinates":[[121.46952877100011,31.228101208000016],[121.46985950300007,31.22824175200002],[121.46989959100007,31.22826181700002],[121.47013010300009,31.228352198000014],[121.4705209670001,31.22852283900002]]}},{"id":"1268","type":"Feature","properties":{"Direction":"3","Kind":"0102|010c","PathName":"延安高架路","一级分类":"01","__source_file__":"19-其它/13-历史版本数据/2017.10/都市高速路.shp"},"geometry":{"type":"LineString","coordinates":[[121.46940845300001,31.228310898000018],[121.46968907400003,31.22843135900001],[121.46974920800005,31.228451460000016]]}},{"id":"1269","type":"Feature","properties":{"Direction":"2","Kind":"0102|010c","PathName":"延安高架路","一级分类":"01","__source_file__":"19-其它/13-历史版本数据/2017.10/都市高速路.shp"},"geometry":{"type":"LineString","coordinates":[[121.46981938700002,31.228361627000012],[121.47055100800003,31.228662834000023],[121.47092183000008,31.228813447000007],[121.47113229400009,31.22891378900002],[121.47121246900008,31.228953918000016]]}},{"id":"1270","type":"Feature","properties":{"Direction":"3","Kind":"0102|010c","PathName":"延安高架路","一级分类":"01","__source_file__":"19-其它/13-历史版本数据/2017.10/都市高速路.shp"},"geometry":{"type":"LineString","coordinates":[[121.46974920800005,31.228451460000016],[121.46980934200006,31.228471562000014],[121.47074140400001,31.22887309200001],[121.47100198000011,31.228983521000018],[121.47117235600003,31.229063798000013]]}},{"id":"1273","type":"Feature","properties":{"Direction":"2","Kind":"0105|010b","PathName":null,"一级分类":"01","__source_file__":"19-其它/13-历史版本数据/2017.10/都市高速路.shp"},"geometry":{"type":"LineString","coordinates":[[121.4705209670001,31.22852283900002],[121.47082163200002,31.22865333300001],[121.47108220800008,31.228763761000014],[121.47138287100006,31.22890425100002],[121.47151315700012,31.228974458000014],[121.4715933320001,31.229014588000013],[121.47177372700003,31.229114875000008],[121.4719140310001,31.229205092000015],[121.47213449000003,31.22944539300002]]}},{"id":"1274","type":"Feature","properties":{"Direction":"2","Kind":"0102|010c","PathName":"延安高架路","一级分类":"01","__source_file__":"19-其它/13-历史版本数据/2017.10/都市高速路.shp"},"geometry":{"type":"LineString","coordinates":[[121.47121246900008,31.228953918000016],[121.4712425360001,31.228963969000024],[121.471422931,31.229064256000015],[121.47149308500002,31.22910436600002]]}},{"id":"1277","type":"Feature","properties":{"Direction":"3","Kind":"0102|010c","PathName":"延安高架路","一级分类":"01","__source_file__":"19-其它/13-历史版本数据/2017.10/都市高速路.shp"},"geometry":{"type":"LineString","coordinates":[[121.47117235600003,31.229063798000013],[121.47122246700008,31.229083881000005]]}},{"id":"1278","type":"Feature","properties":{"Direction":"2","Kind":"0105|010b","PathName":null,"一级分类":"01","__source_file__":"19-其它/13-历史版本数据/2017.10/都市高速路.shp"},"geometry":{"type":"LineString","coordinates":[[121.47145294800009,31.22932419900002],[121.47132267100005,31.22921400800001],[121.47122246700008,31.229083881000005]]}},{"id":"1281","type":"Feature","properties":{"Direction":"3","Kind":"0102|010c","PathName":"延安高架路","一级分类":"01","__source_file__":"19-其它/13-历史版本数据/2017.10/都市高速路.shp"},"geometry":{"type":"LineString","coordinates":[[121.47122246700008,31.229083881000005],[121.47155318700004,31.229284399000008],[121.47172355800002,31.22938466800001],[121.47193401300001,31.22952499200001]]}},{"id":"1285","type":"Feature","properties":{"Direction":"2","Kind":"0105|010b","PathName":null,"一级分类":"01","__source_file__":"19-其它/13-历史版本数据/2017.10/都市高速路.shp"},"geometry":{"type":"LineString","coordinates":[[121.47241502300005,31.23000566600001],[121.47238495800003,31.22998562000001],[121.47203420200003,31.22973508500002],[121.4717135090001,31.22951459400001],[121.47145294800009,31.22932419900002]]}},{"id":"1287","type":"Feature","properties":{"Direction":"2","Kind":"0105|010b","PathName":null,"一级分类":"01","__source_file__":"19-其它/13-历史版本数据/2017.10/都市高速路.shp"},"geometry":{"type":"LineString","coordinates":[[121.47149308500002,31.22910436600002],[121.47157326700005,31.22911450900001],[121.47191400700001,31.22932504100001],[121.47311661300012,31.230116901000017],[121.47348742200006,31.23032748900002],[121.47356759900003,31.23036761900002],[121.47363775200004,31.23040773000001],[121.47376803700001,31.230477939000014],[121.47388830100009,31.23053813300001],[121.47393841300004,31.23055821600002],[121.47398852200001,31.230588294000018]]}},{"id":"1288","type":"Feature","properties":{"Direction":"2","Kind":"0102|010c","PathName":"延安高架路","一级分类":"01","__source_file__":"19-其它/13-历史版本数据/2017.10/都市高速路.shp"},"geometry":{"type":"LineString","coordinates":[[121.47149308500002,31.22910436600002],[121.47181378300002,31.22929487000002],[121.47218458300006,31.229555437000013],[121.47252532000005,31.229785961000015],[121.47262553800012,31.229846119000015],[121.47297630000003,31.230066666000013],[121.47355757100001,31.230387592000014],[121.47362772500003,31.230427703000018],[121.47365779000008,31.230447750000014],[121.47380812000006,31.23052799000001],[121.47386825100011,31.23055808800001],[121.47391836000008,31.230588167000004],[121.47396847000005,31.230618245000016]]}},{"id":"1291","type":"Feature","properties":{"Direction":"3","Kind":"0102|010c","PathName":"延安高架路","一级分类":"01","__source_file__":"19-其它/13-历史版本数据/2017.10/都市高速路.shp"},"geometry":{"type":"LineString","coordinates":[[121.47193401300001,31.22952499200001],[121.4720642960001,31.22960519600001],[121.47216451300004,31.22967534900002],[121.47240503200008,31.229845716000014],[121.47282594500007,31.23011637000002],[121.47299631600004,31.23021663900002],[121.47352747800005,31.230507486000008],[121.4735575430001,31.230527533000014],[121.47380809400012,31.230657935000014],[121.4738582020001,31.23068801400001],[121.47391833400002,31.230718111000016]]}},{"id":"1293","type":"Feature","properties":{"Direction":"2","Kind":"0105|010b","PathName":null,"一级分类":"01","__source_file__":"19-其它/13-历史版本数据/2017.10/都市高速路.shp"},"geometry":{"type":"LineString","coordinates":[[121.47348737800007,31.23054739600002],[121.47320674900006,31.23046691600001],[121.47301633000008,31.230376607000007],[121.47274574100005,31.230216181000017],[121.47241502300005,31.23000566600001]]}},{"id":"1295","type":"Feature","properties":{"Direction":"2","Kind":"0102|010c","PathName":"延安高架路","一级分类":"01","__source_file__":"19-其它/13-历史版本数据/2017.10/都市高速路.shp"},"geometry":{"type":"LineString","coordinates":[[121.47396847000005,31.230618245000016],[121.47401858100011,31.230638328000015]]}},{"id":"1087","type":"Feature","properties":{"Direction":"3","Kind":"0102|010c","PathName":"延安高架路","一级分类":"01","__source_file__":"19-其它/13-历史版本数据/2017.10/都市高速路.shp"},"geometry":{"type":"LineString","coordinates":[[121.47391833400002,31.230718111000016],[121.47395842200002,31.23073817500001]]}},{"id":"1089","type":"Feature","properties":{"Direction":"2","Kind":"0105|010b","PathName":null,"一级分类":"01","__source_file__":"19-其它/13-历史版本数据/2017.10/都市高速路.shp"},"geometry":{"type":"LineString","coordinates":[[121.47398852200001,31.230588294000018],[121.4743994270001,31.23077896500001],[121.47500075300002,31.231059946000016]]}},{"id":"1090","type":"Feature","properties":{"Direction":"2","Kind":"0102|010c","PathName":"延安高架路","一级分类":"01","__source_file__":"19-其它/13-历史版本数据/2017.10/都市高速路.shp"},"geometry":{"type":"LineString","coordinates":[[121.47401858100011,31.230638328000015],[121.47413884400011,31.23070851800001],[121.47430921800004,31.230788795000006],[121.47496064500002,31.231139839000004]]}},{"id":"1094","type":"Feature","properties":{"Direction":"3","Kind":"0102|010c","PathName":"延安高架路","一级分类":"01","__source_file__":"19-其它/13-历史版本数据/2017.10/都市高速路.shp"},"geometry":{"type":"LineString","coordinates":[[121.47395842200002,31.23073817500001],[121.4741588620001,31.230848495000014],[121.47438936700009,31.230968866000012],[121.47493055500003,31.231249737000013],[121.4750909060001,31.231329996000017],[121.47545169700004,31.231520575000022]]}},{"id":"1095","type":"Feature","properties":{"Direction":"2","Kind":"0102|010c","PathName":"延安高架路","一级分类":"01","__source_file__":"19-其它/13-历史版本数据/2017.10/都市高速路.shp"},"geometry":{"type":"LineString","coordinates":[[121.47496064500002,31.231139839000004],[121.4750809090001,31.231200033000007],[121.4754817900001,31.23140068100001],[121.47567220600001,31.231510983000025],[121.47574236100002,31.23154109800001]]}},{"id":"1096","type":"Feature","properties":{"Direction":"2","Kind":"0105|010b","PathName":null,"一级分类":"01","__source_file__":"19-其它/13-历史版本数据/2017.10/都市高速路.shp"},"geometry":{"type":"LineString","coordinates":[[121.47500075300002,31.231059946000016],[121.47506088500006,31.23109004200002],[121.47515108400012,31.23113019100002],[121.47541165500002,31.231270608000017],[121.47554194200008,31.23133082000001],[121.47573236000005,31.23143112600002],[121.4757924930001,31.231461224000014],[121.47630361100006,31.231742040000015],[121.47635372000003,31.231772119000016]]}},{"id":"1097","type":"Feature","properties":{"Direction":"2","Kind":"0102|010c","PathName":"延安高架路","一级分类":"01","__source_file__":"19-其它/13-历史版本数据/2017.10/都市高速路.shp"},"geometry":{"type":"LineString","coordinates":[[121.47574236100002,31.23154109800001],[121.47580249300006,31.231571196000015]]}},{"id":"1098","type":"Feature","properties":{"Direction":"3","Kind":"0102|0105|010c","PathName":"延安高架路","一级分类":"01","__source_file__":"19-其它/13-历史版本数据/2017.10/都市高速路.shp"},"geometry":{"type":"LineString","coordinates":[[121.47545169700004,31.231520575000022],[121.47561205000011,31.23160083500001],[121.47580247000008,31.231691145000017]]}},{"id":"1099","type":"Feature","properties":{"Direction":"2","Kind":"0102|010c","PathName":"延安高架路","一级分类":"01","__source_file__":"19-其它/13-历史版本数据/2017.10/都市高速路.shp"},"geometry":{"type":"LineString","coordinates":[[121.47580249300006,31.231571196000015],[121.47599291100005,31.23167150200001],[121.4763136140001,31.23184201600002]]}},{"id":"1101","type":"Feature","properties":{"Direction":"2","Kind":"0105|010b","PathName":null,"一级分类":"01","__source_file__":"19-其它/13-历史版本数据/2017.10/都市高速路.shp"},"geometry":{"type":"LineString","coordinates":[[121.4763235910001,31.232071937000015],[121.47616324000012,31.231981681000008],[121.47602293200009,31.231911454000013],[121.47593274100008,31.231831324000012],[121.47580247000008,31.231691145000017]]}},{"id":"1102","type":"Feature","properties":{"Direction":"3","Kind":"0102|0105|010c","PathName":"延安高架路","一级分类":"01","__source_file__":"19-其它/13-历史版本数据/2017.10/都市高速路.shp"},"geometry":{"type":"LineString","coordinates":[[121.47580247000008,31.231691145000017],[121.47601292900004,31.23181147800001],[121.4762233900001,31.231921817000014],[121.47651402800011,31.23207228500002],[121.47676457800004,31.23220268900002]]}},{"id":"1575","type":"Feature","properties":{"Direction":"2","Kind":"0105|010b","PathName":null,"一级分类":"01","__source_file__":"19-其它/13-历史版本数据/2017.10/都市高速路.shp"},"geometry":{"type":"LineString","coordinates":[[121.46040831000005,31.225625639000015],[121.46054863100005,31.22563589100001],[121.46110992300011,31.225616922000015],[121.4614106160001,31.22560747500002],[121.46147075500006,31.225607584000016],[121.46180151500005,31.22560818800001],[121.46191176800004,31.225608388000012]]}},{"id":"1368","type":"Feature","properties":{"Direction":"2","Kind":"0105|010b","PathName":null,"一级分类":"01","__source_file__":"19-其它/13-历史版本数据/2017.10/都市高速路.shp"},"geometry":{"type":"LineString","coordinates":[[121.4601076130001,31.225655078000017],[121.46034817000009,31.225635525000015],[121.46040831000005,31.225625639000015]]}},{"id":"1369","type":"Feature","properties":{"Direction":"2","Kind":"0105|010b","PathName":null,"一级分类":"01","__source_file__":"19-其它/13-历史版本数据/2017.10/都市高速路.shp"},"geometry":{"type":"LineString","coordinates":[[121.46191176800004,31.225608388000012],[121.46203204000005,31.22562859900002],[121.46239285300011,31.22570922200002]]}},{"id":"1372","type":"Feature","properties":{"Direction":"2","Kind":"0102|010c","PathName":"延安高架路","一级分类":"01","__source_file__":"19-其它/13-历史版本数据/2017.10/都市高速路.shp"},"geometry":{"type":"LineString","coordinates":[[121.46144066400007,31.225717482000004],[121.4617012660001,31.22569796500001],[121.46215230200004,31.225698787000017],[121.46239285300011,31.22570922200002]]}},{"id":"1374","type":"Feature","properties":{"Direction":"2","Kind":"0103|010b|010c","PathName":"延安东路立交桥","一级分类":"01","__source_file__":"19-其它/13-历史版本数据/2017.10/都市高速路.shp"},"geometry":{"type":"LineString","coordinates":[[121.45995726000002,31.22569478600002],[121.46011763,31.22568508300002],[121.460328118,31.22566547600002],[121.46054863100005,31.22563589100001],[121.46063884200011,31.225616063000018],[121.4608192600001,31.225596401000015],[121.46117006800013,31.22558704500001],[121.46126027800007,31.225577214000012],[121.46142064700008,31.22556751100001],[121.46147076500006,31.225557606000006],[121.46163113500006,31.22554790400001],[121.46186166500003,31.225548324000016],[121.46223251300012,31.225568991000017],[121.46242294800004,31.225579333000013],[121.46254322100003,31.22559954400002],[121.46286395100002,31.225630115000016],[121.46301429300001,31.225650381000012],[121.46313456500002,31.225670592000014],[121.4636056280001,31.22577140700001],[121.46399650500008,31.225872076000012]]}},{"id":"1375","type":"Feature","properties":{"Direction":"2","Kind":"0105|010b","PathName":null,"一级分类":"01","__source_file__":"19-其它/13-历史版本数据/2017.10/都市高速路.shp"},"geometry":{"type":"LineString","coordinates":[[121.45916542500005,31.225773307000015],[121.45948617300007,31.22571391800001],[121.4601076130001,31.225655078000017]]}},{"id":"1378","type":"Feature","properties":{"Direction":"2","Kind":"0102|010c","PathName":"延安高架路","一级分类":"01","__source_file__":"19-其它/13-历史版本数据/2017.10/都市高速路.shp"},"geometry":{"type":"LineString","coordinates":[[121.46008753700006,31.22580497500002],[121.46027797700005,31.225795327000014],[121.4610096670001,31.22574668300001],[121.46144066400007,31.225717482000004]]}},{"id":"1379","type":"Feature","properties":{"Direction":"2","Kind":"0103|010b|010c","PathName":"延安东路立交桥","一级分类":"01","__source_file__":"19-其它/13-历史版本数据/2017.10/都市高速路.shp"},"geometry":{"type":"LineString","coordinates":[[121.45889478900006,31.22584278300002],[121.45931577000012,31.225773581000016],[121.45967661100006,31.225714266000015],[121.45995726000002,31.22569478600002]]}},{"id":"1389","type":"Feature","properties":{"Direction":"2","Kind":"0102|010c","PathName":"延安高架路","一级分类":"01","__source_file__":"19-其它/13-历史版本数据/2017.10/都市高速路.shp"},"geometry":{"type":"LineString","coordinates":[[121.45889478900006,31.22584278300002],[121.4591654100001,31.22584327600002],[121.4596264720001,31.225834121000016],[121.4599472120001,31.22581471400001],[121.46008753700006,31.22580497500002]]}},{"id":"1396","type":"Feature","properties":{"Direction":"2","Kind":"0102|010c","PathName":"延安高架路","一级分类":"01","__source_file__":"19-其它/13-历史版本数据/2017.10/都市高速路.shp"},"geometry":{"type":"LineString","coordinates":[[121.46219236800005,31.225828804000017],[121.46199191000007,31.22581844300001],[121.46156091800002,31.22582765300001],[121.46091943600005,31.225866465000006],[121.46038820800004,31.225905479000023],[121.46022783700005,31.225915182000012],[121.45978682000009,31.22593436900002]]}},{"id":"1386","type":"Feature","properties":{"Direction":"2","Kind":"0102|010c","PathName":"延安高架路","一级分类":"01","__source_file__":"19-其它/13-历史版本数据/2017.10/都市高速路.shp"},"geometry":{"type":"LineString","coordinates":[[121.46239285300011,31.22570922200002],[121.46324479000009,31.225810731000013],[121.46365571600006,31.22590144100002]]}},{"id":"1390","type":"Feature","properties":{"Direction":"2","Kind":"0102|010c","PathName":"延安高架路","一级分类":"01","__source_file__":"19-其它/13-历史版本数据/2017.10/都市高速路.shp"},"geometry":{"type":"LineString","coordinates":[[121.46239282700003,31.22583916500001],[121.46219236800005,31.225828804000017]]}},{"id":"1393","type":"Feature","properties":{"Direction":"2","Kind":"0103|010b|010c","PathName":"延安东路立交桥","一级分类":"01","__source_file__":"19-其它/13-历史版本数据/2017.10/都市高速路.shp"},"geometry":{"type":"LineString","coordinates":[[121.4641167850001,31.22585230300001],[121.4643873990001,31.225892780000006],[121.46450767500005,31.225892999000013],[121.46463798100002,31.22586325000002],[121.46477831100005,31.22582352300002],[121.4648083830001,31.225813582000015]]}},{"id":"1394","type":"Feature","properties":{"Direction":"2","Kind":"0103|010b|010c","PathName":"延安东路立交桥","一级分类":"01","__source_file__":"19-其它/13-历史版本数据/2017.10/都市高速路.shp"},"geometry":{"type":"LineString","coordinates":[[121.46399650500008,31.225872076000012],[121.4641167850001,31.22585230300001]]}},{"id":"1400","type":"Feature","properties":{"Direction":"3","Kind":"0103|010b|010c","PathName":"延安东路立交桥","一级分类":"01","__source_file__":"19-其它/13-历史版本数据/2017.10/都市高速路.shp"},"geometry":{"type":"LineString","coordinates":[[121.46430720300009,31.225952608000014],[121.46399650500008,31.225872076000012]]}},{"id":"1401","type":"Feature","properties":{"Direction":"2","Kind":"0102|010c","PathName":"延安高架路","一级分类":"01","__source_file__":"19-其它/13-历史版本数据/2017.10/都市高速路.shp"},"geometry":{"type":"LineString","coordinates":[[121.46357551200003,31.226001252000017],[121.4632748340001,31.225940729000015],[121.46239282700003,31.22583916500001]]}},{"id":"1410","type":"Feature","properties":{"Direction":"2","Kind":"0105|010b","PathName":null,"一级分类":"01","__source_file__":"19-其它/13-历史版本数据/2017.10/都市高速路.shp"},"geometry":{"type":"LineString","coordinates":[[121.4626734400001,31.225999607000023],[121.46218231700004,31.225968724000015]]}},{"id":"1412","type":"Feature","properties":{"Direction":"2","Kind":"0105|010b","PathName":null,"一级分类":"01","__source_file__":"19-其它/13-历史版本数据/2017.10/都市高速路.shp"},"geometry":{"type":"LineString","coordinates":[[121.46357551200003,31.226001252000017],[121.46339509800008,31.22600092300002],[121.46325477500011,31.226000666000015],[121.46299417700004,31.22600019200002],[121.46290396800009,31.22601002300001],[121.4626734400001,31.225999607000023]]}},{"id":"1413","type":"Feature","properties":{"Direction":"3","Kind":"0103|010b|010c","PathName":"延安东路立交桥","一级分类":"01","__source_file__":"19-其它/13-历史版本数据/2017.10/都市高速路.shp"},"geometry":{"type":"LineString","coordinates":[[121.46449761500004,31.22608289800002],[121.46444751400008,31.226012837000017],[121.46439740200003,31.225992754000018],[121.46430720300009,31.225952608000014]]}},{"id":"1416","type":"Feature","properties":{"Direction":"3","Kind":"0103|010b|010c","PathName":"延安东路立交桥","一级分类":"01","__source_file__":"19-其它/13-历史版本数据/2017.10/都市高速路.shp"},"geometry":{"type":"LineString","coordinates":[[121.46284383500004,31.22597992600001],[121.46290396800009,31.22601002300001],[121.46332491700004,31.226100751000015]]}},{"id":"1418","type":"Feature","properties":{"Direction":"2","Kind":"0103|010b|010c","PathName":"延安东路立交桥","一级分类":"01","__source_file__":"19-其它/13-历史版本数据/2017.10/都市高速路.shp"},"geometry":{"type":"LineString","coordinates":[[121.46480830000007,31.22622340400001],[121.464808306,31.22619341700002],[121.46479830300007,31.226093442000025],[121.46479831600003,31.226033468000015],[121.46481836700002,31.226003518000017],[121.46488854000006,31.225943672000014],[121.46494869000004,31.225883808000024]]}},{"id":"1419","type":"Feature","properties":{"Direction":"2","Kind":"0103|010b|010c","PathName":"延安东路立交桥","一级分类":"01","__source_file__":"19-其它/13-历史版本数据/2017.10/都市高速路.shp"},"geometry":{"type":"LineString","coordinates":[[121.46362560200008,31.226131287000015],[121.46299417700004,31.22600019200002],[121.46284383500004,31.22597992600001]]}},{"id":"1422","type":"Feature","properties":{"Direction":"2","Kind":"0102|010c","PathName":"延安高架路","一级分类":"01","__source_file__":"19-其它/13-历史版本数据/2017.10/都市高速路.shp"},"geometry":{"type":"LineString","coordinates":[[121.46408665600006,31.22615211900002],[121.46357551200003,31.226001252000017]]}},{"id":"1424","type":"Feature","properties":{"Direction":"2","Kind":"0102|010c","PathName":"延安高架路","一级分类":"01","__source_file__":"19-其它/13-历史版本数据/2017.10/都市高速路.shp"},"geometry":{"type":"LineString","coordinates":[[121.46365571600006,31.22590144100002],[121.46452766400012,31.226182910000023],[121.4645677540001,31.226192978000014],[121.464657955,31.226223130000008],[121.46469804500009,31.226233199000024],[121.46478824400005,31.226273345000006],[121.46481831100004,31.226283396000014],[121.46486842200011,31.226303479000013]]}},{"id":"1426","type":"Feature","properties":{"Direction":"2","Kind":"0103|010b|010c","PathName":"延安东路立交桥","一级分类":"01","__source_file__":"19-其它/13-历史版本数据/2017.10/都市高速路.shp"},"geometry":{"type":"LineString","coordinates":[[121.46374587100001,31.226161492000017],[121.46362560200008,31.226131287000015]]}},{"id":"1428","type":"Feature","properties":{"Direction":"2","Kind":"0103|010b|010c","PathName":"延安东路立交桥","一级分类":"01","__source_file__":"19-其它/13-历史版本数据/2017.10/都市高速路.shp"},"geometry":{"type":"LineString","coordinates":[[121.46422695800004,31.226252331000012],[121.46374587100001,31.226161492000017]]}},{"id":"1429","type":"Feature","properties":{"Direction":"2","Kind":"0103|010b|010c","PathName":"延安东路立交桥","一级分类":"01","__source_file__":"19-其它/13-历史版本数据/2017.10/都市高速路.shp"},"geometry":{"type":"LineString","coordinates":[[121.46476821300007,31.22620333900001],[121.46469804500009,31.226233199000024],[121.46462788000007,31.226253062000012],[121.46459781100008,31.22625300700001],[121.46446751200006,31.226252769000013],[121.46439735000003,31.226252641000013],[121.46429712000008,31.226252459000012]]}},{"id":"1430","type":"Feature","properties":{"Direction":"3","Kind":"0103|010b|010c","PathName":"延安东路立交桥","一级分类":"01","__source_file__":"19-其它/13-历史版本数据/2017.10/都市高速路.shp"},"geometry":{"type":"LineString","coordinates":[[121.46459778500001,31.226382950000016],[121.46461784100006,31.22633300900002],[121.46460782600002,31.226293008000013],[121.46459781100008,31.22625300700001],[121.4645677540001,31.226192978000014],[121.46454771300013,31.226162954000017],[121.46451765300004,31.22612291800002],[121.46449761500004,31.22608289800002]]}},{"id":"1431","type":"Feature","properties":{"Direction":"3","Kind":"0103|010b|010c","PathName":"延安东路立交桥","一级分类":"01","__source_file__":"19-其它/13-历史版本数据/2017.10/都市高速路.shp"},"geometry":{"type":"LineString","coordinates":[[121.46332491700004,31.226100751000015],[121.46348526900012,31.226181008000008],[121.46357546000003,31.226261138000016],[121.46361554000009,31.226321185000014],[121.46365562300004,31.22637123700001]]}},{"id":"1432","type":"Feature","properties":{"Direction":"2","Kind":"0103|010b|010c","PathName":"延安东路立交桥","一级分类":"01","__source_file__":"19-其它/13-历史版本数据/2017.10/都市高速路.shp"},"geometry":{"type":"LineString","coordinates":[[121.46429712000008,31.226252459000012],[121.46422695800004,31.226252331000012]]}},{"id":"1240","type":"Feature","properties":{"Direction":"3","Kind":"0103|010b|010c","PathName":"延安东路立交桥","一级分类":"01","__source_file__":"19-其它/13-历史版本数据/2017.10/都市高速路.shp"},"geometry":{"type":"LineString","coordinates":[[121.46365562300004,31.22637123700001],[121.46367566200001,31.226401260000017],[121.4636957030001,31.22643128300001],[121.46372576400007,31.22647132100002],[121.46372575700002,31.226501307000024],[121.4637457980001,31.226531331000015],[121.46375581100006,31.22658132800001],[121.46377583900006,31.226671325000016],[121.4637758030001,31.22685124600001],[121.46372566900003,31.22694111600002],[121.4636554860001,31.22705094000001],[121.46357528200008,31.22715075000002],[121.46345497300001,31.22731046100002],[121.46344494000004,31.227360421000014],[121.4634349060001,31.227420376000016]]}},{"id":"1243","type":"Feature","properties":{"Direction":"2","Kind":"0103|010b|010c","PathName":"延安东路立交桥","一级分类":"01","__source_file__":"19-其它/13-历史版本数据/2017.10/都市高速路.shp"},"geometry":{"type":"LineString","coordinates":[[121.46533940400003,31.22680412100002],[121.465309337,31.22679407000001],[121.46523917900005,31.226783946000012],[121.46517904000008,31.22678383700001],[121.465048743,31.226773603000012],[121.46496855600004,31.226783452000017],[121.46486832400001,31.22679326600002],[121.46475806700005,31.226813055000008],[121.46463778500005,31.226842823000016],[121.46454757100004,31.226872645000014],[121.46443730600004,31.22693241800002],[121.46434708700006,31.22699222700001],[121.46419672000003,31.227101905000012],[121.46412655000007,31.227141760000006]]}},{"id":"1245","type":"Feature","properties":{"Direction":"3","Kind":"0103|010b|010c","PathName":"延安东路立交桥","一级分类":"01","__source_file__":"19-其它/13-历史版本数据/2017.10/都市高速路.shp"},"geometry":{"type":"LineString","coordinates":[[121.46412655000007,31.227141760000006],[121.46420675200011,31.227051946000017],[121.4643671560001,31.226882312000015]]}},{"id":"1246","type":"Feature","properties":{"Direction":"3","Kind":"0103|010b|010c","PathName":"延安东路立交桥","一级分类":"01","__source_file__":"19-其它/13-历史版本数据/2017.10/都市高速路.shp"},"geometry":{"type":"LineString","coordinates":[[121.46388605000004,31.22688143500001],[121.4638058500001,31.226961253000013],[121.46353516400008,31.227280620000013],[121.4634349060001,31.227420376000016]]}},{"id":"1250","type":"Feature","properties":{"Direction":"3","Kind":"0103|010b|010c","PathName":"延安东路立交桥","一级分类":"01","__source_file__":"19-其它/13-历史版本数据/2017.10/都市高速路.shp"},"geometry":{"type":"LineString","coordinates":[[121.46359521600003,31.22771054200001],[121.4636152700001,31.22767059600001],[121.4636854490001,31.227580764000013],[121.4638057520001,31.22745104000002],[121.46387592900011,31.22737120300002],[121.46395612900007,31.22729138400001],[121.46412655000007,31.227141760000006]]}},{"id":"1252","type":"Feature","properties":{"Direction":"2","Kind":"0102|010c","PathName":"南北高架路","一级分类":"01","__source_file__":"19-其它/13-历史版本数据/2017.10/都市高速路.shp"},"geometry":{"type":"LineString","coordinates":[[121.46280317100002,31.22883860400002],[121.46286335300009,31.228618810000015],[121.46290346700006,31.228508930000018],[121.46301376800012,31.22826923700002],[121.46310401400002,31.228079484000023],[121.46325441300009,31.227809877000013],[121.46336470000006,31.227640152000024],[121.46343488000004,31.22755032000002],[121.46353513800011,31.22741056300002],[121.46361534200003,31.22731075400002],[121.4637256210001,31.227181011000013],[121.46391609900002,31.226981445000018],[121.46440732600001,31.226492555000025],[121.46445744800008,31.226452664000018],[121.46454767400009,31.226362867000024]]}},{"id":"1253","type":"Feature","properties":{"Direction":"3","Kind":"0102|010c","PathName":"南北高架路","一级分类":"01","__source_file__":"19-其它/13-历史版本数据/2017.10/都市高速路.shp"},"geometry":{"type":"LineString","coordinates":[[121.462913404,31.228938761000013],[121.46293345800008,31.22889881500001],[121.462973582,31.22873895800001],[121.46304378300009,31.22853917400002],[121.46314406100011,31.228299461000024],[121.46334460000003,31.227909998000012],[121.4635050190001,31.227660399000012],[121.46354512300002,31.227600499000022],[121.46380578300011,31.22729111000001],[121.46399626100003,31.22709154400002],[121.46403636300009,31.22704163900002],[121.46415666100008,31.226931906000022],[121.46420678800007,31.226872024000016],[121.46444738800007,31.226642563000013],[121.46452758900011,31.22655274900002],[121.4646278360001,31.226472966000017],[121.46468798600006,31.226413102000006]]}},{"id":"1255","type":"Feature","properties":{"Direction":"3","Kind":"0103|010b|010c","PathName":"延安东路立交桥","一级分类":"01","__source_file__":"19-其它/13-历史版本数据/2017.10/都市高速路.shp"},"geometry":{"type":"LineString","coordinates":[[121.46350498100003,31.227850316000016],[121.46359521600003,31.22771054200001]]}},{"id":"1260","type":"Feature","properties":{"Direction":"3","Kind":"0103|010b|010c","PathName":"延安东路立交桥","一级分类":"01","__source_file__":"19-其它/13-历史版本数据/2017.10/都市高速路.shp"},"geometry":{"type":"LineString","coordinates":[[121.46337464500003,31.228030000000018],[121.46342477200007,31.227970118000016],[121.46347490400002,31.22789024500001],[121.46350498100003,31.227850316000016]]}},{"id":"1262","type":"Feature","properties":{"Direction":"2","Kind":"0103|010b|010c","PathName":"延安东路立交桥","一级分类":"01","__source_file__":"19-其它/13-历史版本数据/2017.10/都市高速路.shp"},"geometry":{"type":"LineString","coordinates":[[121.46269292400008,31.22880841500002],[121.46270295500007,31.228768451000008],[121.46273304500006,31.22865855400002],[121.4627932180001,31.22848873800001],[121.46282330600002,31.228388837000008],[121.4628934980001,31.228239030000008],[121.46295366200002,31.22810919700001],[121.46298374700008,31.228029287000012],[121.46302385500006,31.22794939500001],[121.46312411800012,31.227789647000012],[121.46315419300004,31.227759716000012],[121.4634349060001,31.227420376000016]]}},{"id":"1271","type":"Feature","properties":{"Direction":"3","Kind":"0103|010b|010c","PathName":"延安东路立交桥","一级分类":"01","__source_file__":"19-其它/13-历史版本数据/2017.10/都市高速路.shp"},"geometry":{"type":"LineString","coordinates":[[121.46278296000004,31.22965820800002],[121.46284312300008,31.22953837100002],[121.46295347800005,31.22902879500002],[121.46304374700003,31.228719095000017],[121.46311395300005,31.228499319000008],[121.46323427500012,31.228269640000008],[121.46332451800004,31.228089882000017],[121.46337464500003,31.228030000000018]]}},{"id":"1272","type":"Feature","properties":{"Direction":"2","Kind":"0102|010c","PathName":"南北高架路","一级分类":"01","__source_file__":"19-其它/13-历史版本数据/2017.10/都市高速路.shp"},"geometry":{"type":"LineString","coordinates":[[121.46277308600008,31.22891851300001],[121.46280317100002,31.22883860400002]]}},{"id":"1279","type":"Feature","properties":{"Direction":"2","Kind":"0103|010b|010c","PathName":"延安东路立交桥","一级分类":"01","__source_file__":"19-其它/13-历史版本数据/2017.10/都市高速路.shp"},"geometry":{"type":"LineString","coordinates":[[121.46264262800003,31.229707930000018],[121.46264266600008,31.229518014000018],[121.46265274300005,31.229248150000018],[121.46264274600003,31.22911818800001],[121.4626327430001,31.22901821400002],[121.46266283200009,31.22891831300001],[121.46269292400008,31.22880841500002]]}},{"id":"1280","type":"Feature","properties":{"Direction":"3","Kind":"0102|010c","PathName":"南北高架路","一级分类":"01","__source_file__":"19-其它/13-历史版本数据/2017.10/都市高速路.shp"},"geometry":{"type":"LineString","coordinates":[[121.46278296000004,31.22965820800002],[121.46279300900005,31.22952828400001],[121.46282311200002,31.229358413000018],[121.46287326700008,31.229158592000022],[121.462913404,31.228938761000013]]}},{"id":"1282","type":"Feature","properties":{"Direction":"2","Kind":"0102|010c","PathName":"南北高架路","一级分类":"01","__source_file__":"19-其它/13-历史版本数据/2017.10/都市高速路.shp"},"geometry":{"type":"LineString","coordinates":[[121.46264262800003,31.229707930000018],[121.46267273500007,31.229518069000008],[121.46269279700005,31.229438140000017],[121.46271285900002,31.229358212000008],[121.46274299100003,31.229048402000018],[121.46277308600008,31.22891851300001]]}},{"id":"1289","type":"Feature","properties":{"Direction":"3","Kind":"0102|010c","PathName":"南北高架路","一级分类":"01","__source_file__":"19-其它/13-历史版本数据/2017.10/都市高速路.shp"},"geometry":{"type":"LineString","coordinates":[[121.46275280800012,31.23007797000001],[121.46277290100012,31.22983811100002],[121.46278296000004,31.22965820800002]]}},{"id":"1088","type":"Feature","properties":{"Direction":"2","Kind":"0105|010b","PathName":null,"一级分类":"01","__source_file__":"19-其它/13-历史版本数据/2017.10/都市高速路.shp"},"geometry":{"type":"LineString","coordinates":[[121.462812944,31.23008807600002],[121.46283293900002,31.23033800300001],[121.46280266300005,31.23137749300001]]}},{"id":"1091","type":"Feature","properties":{"Direction":"3","Kind":"0102|010c","PathName":"南北高架路","一级分类":"01","__source_file__":"19-其它/13-历史版本数据/2017.10/都市高速路.shp"},"geometry":{"type":"LineString","coordinates":[[121.46264262800003,31.229707930000018],[121.46263258300007,31.22981786400001],[121.46259244100008,31.23006768100001],[121.46258236800008,31.23031755300002],[121.46256225600008,31.230647373000014],[121.46254213500005,31.23101717500002],[121.46253205500012,31.23130703000001],[121.46252199300011,31.231496928000016],[121.46250187500004,31.231856734000022],[121.46248176700009,31.232166562000018]]}},{"id":"1093","type":"Feature","properties":{"Direction":"3","Kind":"0102|010c","PathName":"南北高架路","一级分类":"01","__source_file__":"19-其它/13-历史版本数据/2017.10/都市高速路.shp"},"geometry":{"type":"LineString","coordinates":[[121.462632127,31.23209686700001],[121.4626421710001,31.231986933000016],[121.46265224900003,31.23171707000002],[121.46266233000004,31.23142721500001],[121.46269248300007,31.231007454000025],[121.4627126150001,31.230577679000024],[121.46274275100005,31.230247878000014],[121.46275280800012,31.23007797000001]]}},{"id":"1100","type":"Feature","properties":{"Direction":"2","Kind":"0105|010b","PathName":null,"一级分类":"01","__source_file__":"19-其它/13-历史版本数据/2017.10/都市高速路.shp"},"geometry":{"type":"LineString","coordinates":[[121.46280266300005,31.23137749300001],[121.46272240000008,31.231767177000012],[121.46262206500012,31.23228676700002]]}},{"id":"1404","type":"Feature","properties":{"Direction":"2","Kind":"0105|010b","PathName":null,"一级分类":"01","__source_file__":"19-其它/13-历史版本数据/2017.10/都市高速路.shp"},"geometry":{"type":"LineString","coordinates":[[121.46218231700004,31.225968724000015],[121.4621021360001,31.225958583000008],[121.46156089400007,31.225947600000016],[121.46101964700004,31.22596660500001],[121.4608191860001,31.225966239000016],[121.46072898500006,31.225936088000008],[121.46061873500004,31.225915895000018]]}},{"id":"1405","type":"Feature","properties":{"Direction":"2","Kind":"0102|010c","PathName":"延安高架路","一级分类":"01","__source_file__":"19-其它/13-历史版本数据/2017.10/都市高速路.shp"},"geometry":{"type":"LineString","coordinates":[[121.45978682000009,31.22593436900002],[121.45959637900012,31.22595401400001]]}},{"id":"1407","type":"Feature","properties":{"Direction":"2","Kind":"0103|010b|010c","PathName":"延安东路立交桥","一级分类":"01","__source_file__":"19-其它/13-历史版本数据/2017.10/都市高速路.shp"},"geometry":{"type":"LineString","coordinates":[[121.46284383500004,31.22597992600001],[121.46208209300005,31.225938555000017],[121.46185156600005,31.22592813900002],[121.46105974700005,31.225926695000016],[121.46072898500006,31.225936088000008],[121.46049845300003,31.22594566300002],[121.46020778100002,31.225965124000016],[121.46000731700009,31.225984750000013],[121.45984695100003,31.225974462000014],[121.45959637900012,31.22595401400001]]}},{"id":"1408","type":"Feature","properties":{"Direction":"3","Kind":"0102|010c","PathName":"延安高架路","一级分类":"01","__source_file__":"19-其它/13-历史版本数据/2017.10/都市高速路.shp"},"geometry":{"type":"LineString","coordinates":[[121.45838359100003,31.22596179800001],[121.45877448800003,31.225962511000017],[121.45884465000007,31.225962639000016],[121.45959637900012,31.22595401400001]]}},{"id":"1124","type":"Feature","properties":{"Direction":"3","Kind":"0105|010b","PathName":null,"一级分类":"01","__source_file__":"19-其它/13-历史版本数据/2017.10/都市高速路.shp"},"geometry":{"type":"LineString","coordinates":[[121.46235123800011,31.23331582000002],[121.46229106800001,31.233475641000013],[121.46217071700006,31.233845258000017],[121.46206039200001,31.23420489900002]]}},{"id":"1125","type":"Feature","properties":{"Direction":"3","Kind":"0102|010c","PathName":"南北高架路","一级分类":"01","__source_file__":"19-其它/13-历史版本数据/2017.10/都市高速路.shp"},"geometry":{"type":"LineString","coordinates":[[121.46221076300004,31.23407523100002],[121.46214053200005,31.234424950000022],[121.46210040200003,31.23461479300002]]}},{"id":"1128","type":"Feature","properties":{"Direction":"2","Kind":"0105|010b","PathName":null,"一级分类":"01","__source_file__":"19-其它/13-历史版本数据/2017.10/都市高速路.shp"},"geometry":{"type":"LineString","coordinates":[[121.46228074800001,31.23495497500001],[121.46226068800001,31.23502490700001]]}},{"id":"1129","type":"Feature","properties":{"Direction":"3","Kind":"0102|010c","PathName":"南北高架路","一级分类":"01","__source_file__":"19-其它/13-历史版本数据/2017.10/都市高速路.shp"},"geometry":{"type":"LineString","coordinates":[[121.46174918300005,31.236673248000013],[121.46177927100007,31.236583342000017],[121.46183944300004,31.23641352700001],[121.46194977400012,31.23602390000002],[121.46200996900006,31.235744133000015],[121.46210025600011,31.235344473000016],[121.46218052400002,31.23492480500002],[121.46223067900007,31.23472498300002],[121.46229088400003,31.23439523800002],[121.46234104700012,31.23415543500002]]}},{"id":"1131","type":"Feature","properties":{"Direction":"2","Kind":"0105|010b","PathName":null,"一级分类":"01","__source_file__":"19-其它/13-历史版本数据/2017.10/都市高速路.shp"},"geometry":{"type":"LineString","coordinates":[[121.46226068800001,31.23502490700001],[121.46221051500004,31.235314689000024],[121.46215032000009,31.235594456000015],[121.46211019300006,31.23577430300001],[121.46201995100012,31.23594406400001]]}},{"id":"1132","type":"Feature","properties":{"Direction":"3","Kind":"0102|010c","PathName":"南北高架路","一级分类":"01","__source_file__":"19-其它/13-历史版本数据/2017.10/都市高速路.shp"},"geometry":{"type":"LineString","coordinates":[[121.46210040200003,31.23461479300002],[121.46204020900008,31.234884564000012],[121.46176932500009,31.236193495000013],[121.46165900200003,31.23654313900002],[121.461628915,31.23663304500002]]}},{"id":"1106","type":"Feature","properties":{"Direction":"3","Kind":"0102|010c","PathName":"南北高架路","一级分类":"01","__source_file__":"19-其它/13-历史版本数据/2017.10/都市高速路.shp"},"geometry":{"type":"LineString","coordinates":[[121.46262206500012,31.23228676700002],[121.462632127,31.23209686700001]]}},{"id":"1109","type":"Feature","properties":{"Direction":"3","Kind":"0102|010c","PathName":"南北高架路","一级分类":"01","__source_file__":"19-其它/13-历史版本数据/2017.10/都市高速路.shp"},"geometry":{"type":"LineString","coordinates":[[121.46255177100011,31.23295634500002],[121.46256180500006,31.232896389000015],[121.46256182000002,31.23282642000001],[121.46257184800004,31.232796451000013],[121.46259192600007,31.232636558000014],[121.46261200600007,31.23246666900002],[121.46262206500012,31.23228676700002]]}},{"id":"1110","type":"Feature","properties":{"Direction":"3","Kind":"0102|010c","PathName":"南北高架路","一级分类":"01","__source_file__":"19-其它/13-历史版本数据/2017.10/都市高速路.shp"},"geometry":{"type":"LineString","coordinates":[[121.46248176700009,31.232166562000018],[121.46245160800005,31.23261631000001],[121.46243153000012,31.23277620400002],[121.46243152400007,31.232806191000012],[121.46242148700003,31.232876142000006],[121.46241144400005,31.232976079000014],[121.4623913700001,31.23311598100001]]}},{"id":"1112","type":"Feature","properties":{"Direction":"2","Kind":"0105|010b","PathName":null,"一级分类":"01","__source_file__":"19-其它/13-历史版本数据/2017.10/都市高速路.shp"},"geometry":{"type":"LineString","coordinates":[[121.4623913700001,31.23311598100001],[121.46238139800006,31.232856077000008],[121.46238140700007,31.232816094000015],[121.4623814150001,31.23277611200001],[121.46238143900008,31.23265616400002],[121.46238148100007,31.232446256000017]]}},{"id":"1117","type":"Feature","properties":{"Direction":"3","Kind":"0102|010c","PathName":"南北高架路","一级分类":"01","__source_file__":"19-其它/13-历史版本数据/2017.10/都市高速路.shp"},"geometry":{"type":"LineString","coordinates":[[121.46248153300007,31.233336051000013],[121.46255177100011,31.23295634500002]]}},{"id":"1119","type":"Feature","properties":{"Direction":"3","Kind":"0102|010c","PathName":"南北高架路","一级分类":"01","__source_file__":"19-其它/13-历史版本数据/2017.10/都市高速路.shp"},"geometry":{"type":"LineString","coordinates":[[121.4623913700001,31.23311598100001],[121.46235123800011,31.23331582000002]]}},{"id":"1120","type":"Feature","properties":{"Direction":"2","Kind":"0105|010b","PathName":null,"一级分类":"01","__source_file__":"19-其它/13-历史版本数据/2017.10/都市高速路.shp"},"geometry":{"type":"LineString","coordinates":[[121.46255177100011,31.23295634500002],[121.46255168100005,31.233406148000018],[121.46254159700004,31.23370599800002],[121.46246134100011,31.234065695000016]]}},{"id":"1122","type":"Feature","properties":{"Direction":"3","Kind":"0102|010c","PathName":"南北高架路","一级分类":"01","__source_file__":"19-其它/13-历史版本数据/2017.10/都市高速路.shp"},"geometry":{"type":"LineString","coordinates":[[121.46235123800011,31.23331582000002],[121.46228099500003,31.23372551300001],[121.46221076300004,31.23407523100002]]}},{"id":"1123","type":"Feature","properties":{"Direction":"3","Kind":"0102|010c","PathName":"南北高架路","一级分类":"01","__source_file__":"19-其它/13-历史版本数据/2017.10/都市高速路.shp"},"geometry":{"type":"LineString","coordinates":[[121.46234104700012,31.23415543500002],[121.46238118600002,31.233915613000008],[121.46241129400006,31.23372575100001],[121.46248153300007,31.233336051000013]]}},{"id":"1126","type":"Feature","properties":{"Direction":"2","Kind":"0105|010b","PathName":null,"一级分类":"01","__source_file__":"19-其它/13-历史版本数据/2017.10/都市高速路.shp"},"geometry":{"type":"LineString","coordinates":[[121.46246134100011,31.234065695000016],[121.46243124200011,31.234215574000018],[121.46236101600005,31.23453530500001],[121.46228074800001,31.23495497500001]]}},{"id":"1140","type":"Feature","properties":{"Direction":"3","Kind":"0102|010c","PathName":"南北高架路","一级分类":"01","__source_file__":"19-其它/13-历史版本数据/2017.10/都市高速路.shp"},"geometry":{"type":"LineString","coordinates":[[121.461628915,31.23663304500002],[121.46157877000009,31.23678288800001],[121.46150857300006,31.236962680000023],[121.46142835100011,31.23715245000001],[121.4613180550001,31.23736215500001],[121.46123784100006,31.237511942000015],[121.46110749500008,31.237741603000014],[121.4607164690001,31.238380604000014],[121.46055604700005,31.23865019100002],[121.46038559800003,31.238939750000014],[121.46007477600007,31.239478943000012],[121.45975390900003,31.24012806800002]]}},{"id":"1141","type":"Feature","properties":{"Direction":"3","Kind":"0102|010c","PathName":"南北高架路","一级分类":"01","__source_file__":"19-其它/13-历史版本数据/2017.10/都市高速路.shp"},"geometry":{"type":"LineString","coordinates":[[121.45988419800007,31.240178285000017],[121.4600245800001,31.239878675000014],[121.46023514800002,31.239459247000013],[121.46041562900007,31.239129722000015],[121.46065626800011,31.238700353000016],[121.46081669000012,31.23843076600001],[121.46112750300004,31.237931556000017],[121.46136813600003,31.237532172000016],[121.46154861900006,31.237192653000008],[121.46164889300007,31.23697293300002],[121.46174918300005,31.236673248000013]]}},{"id":"1147","type":"Feature","properties":{"Direction":"3","Kind":"0102|010c","PathName":"南北高架路","一级分类":"01","__source_file__":"19-其它/13-历史版本数据/2017.10/都市高速路.shp"},"geometry":{"type":"LineString","coordinates":[[121.45975390900003,31.24012806800002],[121.45970377600007,31.240217936000008],[121.45966366500011,31.240307823000006],[121.4595834370001,31.240527578000016],[121.45954332900008,31.24060746900001],[121.45953330200007,31.24062744300001],[121.45935280100004,31.24105692200001],[121.45920238000008,31.24143647800001],[121.4589516860001,31.24202575700001],[121.45887146400003,31.24221552600001]]}},{"id":"1150","type":"Feature","properties":{"Direction":"3","Kind":"0102|010c","PathName":"南北高架路","一级分类":"01","__source_file__":"19-其它/13-历史版本数据/2017.10/都市高速路.shp"},"geometry":{"type":"LineString","coordinates":[[121.45874104300005,31.242825017000015],[121.45887140200011,31.24252538900001],[121.45889145800004,31.242475448000008],[121.4589616510001,31.242315647000012],[121.45909200800008,31.24202601500001],[121.45927250500004,31.24161652800001],[121.45949312000005,31.241077171000015],[121.45968364700003,31.240627719000017],[121.45981401100005,31.240308099000018],[121.45983406500011,31.240268153000017],[121.45988419800007,31.240178285000017]]}},{"id":"1152","type":"Feature","properties":{"Direction":"3","Kind":"0105|010b","PathName":null,"一级分类":"01","__source_file__":"19-其它/13-历史版本数据/2017.10/都市高速路.shp"},"geometry":{"type":"LineString","coordinates":[[121.45892151700001,31.24252548100002],[121.45893154400007,31.24250550800001],[121.45899171100008,31.24236568100001],[121.45918223400007,31.241936220000017],[121.45938278800008,31.241466796000015],[121.4596134300001,31.240907466000007],[121.45970366200004,31.240787686000022]]}},{"id":"878","type":"Feature","properties":{"Direction":"3","Kind":"0102|010c","PathName":"南北高架路","一级分类":"01","__source_file__":"19-其它/13-历史版本数据/2017.10/都市高速路.shp"},"geometry":{"type":"LineString","coordinates":[[121.45887146400003,31.24221552600001],[121.45881129600004,31.24236534900001],[121.45872104600006,31.242575090000017],[121.4586909630001,31.24264500400001],[121.4585305290001,31.242974563000015],[121.45847036300007,31.24311439100002]]}},{"id":"879","type":"Feature","properties":{"Direction":"3","Kind":"0105|010b","PathName":null,"一级分类":"01","__source_file__":"19-其它/13-历史版本数据/2017.10/都市高速路.shp"},"geometry":{"type":"LineString","coordinates":[[121.45861067700002,31.243154632000014],[121.45868085200004,31.243084791000015],[121.45870090200005,31.24306483700002],[121.45874101000003,31.24298494600002],[121.45887137800004,31.24264533600001],[121.45892151700001,31.24252548100002]]}},{"id":"880","type":"Feature","properties":{"Direction":"2","Kind":"0105|010b","PathName":null,"一级分类":"01","__source_file__":"19-其它/13-历史版本数据/2017.10/都市高速路.shp"},"geometry":{"type":"LineString","coordinates":[[121.45847036300007,31.24311439100002],[121.45848041600003,31.24296447600001],[121.4585405800001,31.242834643000013],[121.45856066800002,31.242624773000017]]}},{"id":"882","type":"Feature","properties":{"Direction":"3","Kind":"0102|010c","PathName":"南北高架路","一级分类":"01","__source_file__":"19-其它/13-历史版本数据/2017.10/都市高速路.shp"},"geometry":{"type":"LineString","coordinates":[[121.45861067700002,31.243154632000014],[121.45868087300005,31.242984835000016],[121.45874104300005,31.242825017000015]]}},{"id":"884","type":"Feature","properties":{"Direction":"3","Kind":"0102|010c","PathName":"南北高架路","一级分类":"01","__source_file__":"19-其它/13-历史版本数据/2017.10/都市高速路.shp"},"geometry":{"type":"LineString","coordinates":[[121.45847036300007,31.24311439100002],[121.45838011800004,31.243304141000007]]}},{"id":"885","type":"Feature","properties":{"Direction":"2","Kind":"0102|010c","PathName":"南北高架路","一级分类":"01","__source_file__":"19-其它/13-历史版本数据/2017.10/都市高速路.shp"},"geometry":{"type":"LineString","coordinates":[[121.45861067700002,31.243154632000014],[121.45853045500007,31.243344401000016]]}},{"id":"887","type":"Feature","properties":{"Direction":"2","Kind":"0102|010c","PathName":"南北高架路","一级分类":"01","__source_file__":"19-其它/13-历史版本数据/2017.10/都市高速路.shp"},"geometry":{"type":"LineString","coordinates":[[121.45853045500007,31.243344401000016],[121.45848031900005,31.243444264000022],[121.45846026400011,31.243494205000022]]}},{"id":"891","type":"Feature","properties":{"Direction":"3","Kind":"0102|010c","PathName":"南北高架路","一级分类":"01","__source_file__":"19-其它/13-历史版本数据/2017.10/都市高速路.shp"},"geometry":{"type":"LineString","coordinates":[[121.45831986800012,31.243863783000013],[121.45840009500013,31.243644028000023],[121.45846026400011,31.243494205000022]]}},{"id":"916","type":"Feature","properties":{"Direction":"3","Kind":"0102|010c","PathName":"南北高架路","一级分类":"01","__source_file__":"19-其它/13-历史版本数据/2017.10/都市高速路.shp"},"geometry":{"type":"LineString","coordinates":[[121.4583990860001,31.248681804000018],[121.45835903500007,31.248481818000016]]}},{"id":"917","type":"Feature","properties":{"Direction":"2","Kind":"0105|010b","PathName":"天目中路立交桥","一级分类":"01","__source_file__":"19-其它/13-历史版本数据/2017.10/都市高速路.shp"},"geometry":{"type":"LineString","coordinates":[[121.4583990860001,31.248681804000018],[121.45850926600008,31.249051844000007],[121.45854932400005,31.249221843000015]]}},{"id":"918","type":"Feature","properties":{"Direction":"2","Kind":"0105|010b","PathName":"天目中路立交桥","一级分类":"01","__source_file__":"19-其它/13-历史版本数据/2017.10/都市高速路.shp"},"geometry":{"type":"LineString","coordinates":[[121.45855941300009,31.248892007000013],[121.45854932400005,31.249221843000015]]}},{"id":"919","type":"Feature","properties":{"Direction":"3","Kind":"0102|010c","PathName":"南北高架路","一级分类":"01","__source_file__":"19-其它/13-历史版本数据/2017.10/都市高速路.shp"},"geometry":{"type":"LineString","coordinates":[[121.45856930800005,31.24953174300002],[121.45854927400002,31.249471733000025],[121.4584691660001,31.24909175300002],[121.4583990860001,31.248681804000018]]}},{"id":"923","type":"Feature","properties":{"Direction":"2","Kind":"0105|010b","PathName":"天目中路立交桥","一级分类":"01","__source_file__":"19-其它/13-历史版本数据/2017.10/都市高速路.shp"},"geometry":{"type":"LineString","coordinates":[[121.45854932400005,31.249221843000015],[121.45857934700007,31.24945179700002],[121.45856930800005,31.24953174300002]]}},{"id":"924","type":"Feature","properties":{"Direction":"2","Kind":"0105|010b","PathName":null,"一级分类":"01","__source_file__":"19-其它/13-历史版本数据/2017.10/都市高速路.shp"},"geometry":{"type":"LineString","coordinates":[[121.45854932400005,31.249221843000015],[121.45867956100004,31.24953194700001]]}},{"id":"926","type":"Feature","properties":{"Direction":"3","Kind":"0102|010c","PathName":"南北高架路","一级分类":"01","__source_file__":"19-其它/13-历史版本数据/2017.10/都市高速路.shp"},"geometry":{"type":"LineString","coordinates":[[121.45862938000005,31.24986170900001],[121.45859934100008,31.249711719000018],[121.4585793130001,31.249621722000015],[121.45857931700004,31.249601731000013],[121.45856930800005,31.24953174300002]]}},{"id":"895","type":"Feature","properties":{"Direction":"3","Kind":"0102|010c","PathName":"南北高架路","一级分类":"01","__source_file__":"19-其它/13-历史版本数据/2017.10/都市高速路.shp"},"geometry":{"type":"LineString","coordinates":[[121.45822961400008,31.24409351600002],[121.45831986800012,31.243863783000013]]}},{"id":"897","type":"Feature","properties":{"Direction":"2","Kind":"0105|010b","PathName":"天目中路立交桥","一级分类":"01","__source_file__":"19-其它/13-历史版本数据/2017.10/都市高速路.shp"},"geometry":{"type":"LineString","coordinates":[[121.45789882800013,31.244222849000007],[121.45800911100002,31.244073118000017]]}},{"id":"898","type":"Feature","properties":{"Direction":"3","Kind":"0102|010c","PathName":"南北高架路","一级分类":"01","__source_file__":"19-其它/13-历史版本数据/2017.10/都市高速路.shp"},"geometry":{"type":"LineString","coordinates":[[121.45803906600008,31.24464292200001],[121.45812932600008,31.244383203000016],[121.45815941700006,31.244273307000018],[121.45822961400008,31.24409351600002]]}},{"id":"904","type":"Feature","properties":{"Direction":"2","Kind":"0102|010c","PathName":"南北高架路","一级分类":"01","__source_file__":"19-其它/13-历史版本数据/2017.10/都市高速路.shp"},"geometry":{"type":"LineString","coordinates":[[121.45821863000003,31.248891378000014],[121.45813852600007,31.24849140700002],[121.45796828200002,31.24775141900001],[121.45795827000005,31.247701422000016],[121.45787814900007,31.24738141600001],[121.45784811700003,31.247201440000012],[121.45782809000002,31.247101447000016],[121.45774797400009,31.24676144900002],[121.45772795200004,31.24664146500001],[121.45771793900008,31.24659146900001],[121.4577079280001,31.24653147700002],[121.45766789000005,31.246261522000015],[121.4576579070001,31.24606159200002],[121.4576579510001,31.245841690000024],[121.45765800700008,31.245561814000016],[121.45766803600009,31.245531846000016],[121.4576780850001,31.245401922000017],[121.4577081870001,31.245242047000023],[121.45773829600012,31.24504219100001],[121.4577784170001,31.24489233200002],[121.45781854100007,31.244732476000014],[121.4578787140001,31.244562662000025],[121.45797900000002,31.244282970000015],[121.4581695280001,31.24383351900002]]}},{"id":"905","type":"Feature","properties":{"Direction":"3","Kind":"0102|010c","PathName":"南北高架路","一级分类":"01","__source_file__":"19-其它/13-历史版本数据/2017.10/都市高速路.shp"},"geometry":{"type":"LineString","coordinates":[[121.45831897600009,31.24831181900001],[121.45816876100002,31.24766182900001],[121.4580485890001,31.247141836000015],[121.45801854000003,31.247041825000007],[121.45794845000012,31.24668185500002],[121.45791840900006,31.246541861000015],[121.45790840300005,31.24646187800002],[121.45786848900002,31.245572197000016],[121.45786850900004,31.245472241000016],[121.45789862600009,31.245232403000017],[121.45799894800007,31.244772791000017],[121.45803906600008,31.24464292200001]]}},{"id":"915","type":"Feature","properties":{"Direction":"3","Kind":"0102|010c","PathName":"南北高架路","一级分类":"01","__source_file__":"19-其它/13-历史版本数据/2017.10/都市高速路.shp"},"geometry":{"type":"LineString","coordinates":[[121.45835903500007,31.248481818000016],[121.45831897600009,31.24831181900001]]}},{"id":"920","type":"Feature","properties":{"Direction":"3","Kind":"0105|010b","PathName":"天目中路立交桥","一级分类":"01","__source_file__":"19-其它/13-历史版本数据/2017.10/都市高速路.shp"},"geometry":{"type":"LineString","coordinates":[[121.45821863000003,31.248891378000014],[121.45824864700013,31.249151318000017],[121.45826864300012,31.249401245000016]]}},{"id":"921","type":"Feature","properties":{"Direction":"2","Kind":"0102|010c","PathName":"南北高架路","一级分类":"01","__source_file__":"19-其它/13-历史版本数据/2017.10/都市高速路.shp"},"geometry":{"type":"LineString","coordinates":[[121.45836883900006,31.24957135600002],[121.4583688460001,31.249541369000017],[121.45827871800007,31.249141378000022],[121.45821863000003,31.248891378000014]]}},{"id":"922","type":"Feature","properties":{"Direction":"2","Kind":"0105|010b","PathName":"天目中路立交桥","一级分类":"01","__source_file__":"19-其它/13-历史版本数据/2017.10/都市高速路.shp"},"geometry":{"type":"LineString","coordinates":[[121.45826864300012,31.249401245000016],[121.4581684530001,31.249201149000015]]}},{"id":"925","type":"Feature","properties":{"Direction":"2","Kind":"0105|010b","PathName":"天目中路立交桥","一级分类":"01","__source_file__":"19-其它/13-历史版本数据/2017.10/都市高速路.shp"},"geometry":{"type":"LineString","coordinates":[[121.45844895500011,31.249911354000016],[121.4583888410001,31.24979129600001],[121.45835879000003,31.249701280000014],[121.4583587940001,31.249681288000023],[121.45832875100005,31.249551290000014],[121.45826864300012,31.249401245000016]]}},{"id":"1523","type":"Feature","properties":{"Direction":"2","Kind":"0102|010c","PathName":"延安高架路","一级分类":"01","__source_file__":"19-其它/13-历史版本数据/2017.10/都市高速路.shp"},"geometry":{"type":"LineString","coordinates":[[121.4428724826016,31.22307981034133],[121.44332955800009,31.22317560800002],[121.44395095500012,31.22332667200001],[121.44438192100006,31.223447401000016],[121.44459238800006,31.223527748000006],[121.44485296500011,31.223638173000012],[121.44500329700008,31.22370841500002],[121.44504338500008,31.223728479000016],[121.4451135400001,31.223758593000017]]}},{"id":"1525","type":"Feature","properties":{"Direction":"3","Kind":"0102|010c","PathName":"延安高架路","一级分类":"01","__source_file__":"19-其它/13-历史版本数据/2017.10/都市高速路.shp"},"geometry":{"type":"LineString","coordinates":[[121.44263530794866,31.223164702646265],[121.44329946600011,31.223285503000014],[121.443920864,31.22343656600002],[121.44434181100006,31.223537288000017],[121.44442198900005,31.223567420000013]]}},{"id":"1533","type":"Feature","properties":{"Direction":"2","Kind":"0105|010b","PathName":null,"一级分类":"01","__source_file__":"19-其它/13-历史版本数据/2017.10/都市高速路.shp"},"geometry":{"type":"LineString","coordinates":[[121.44367037200006,31.22301630200002],[121.44395098500003,31.22317673900001]]}},{"id":"1535","type":"Feature","properties":{"Direction":"2","Kind":"0105|010b","PathName":null,"一级分类":"01","__source_file__":"19-其它/13-历史版本数据/2017.10/都市高速路.shp"},"geometry":{"type":"LineString","coordinates":[[121.44363025400001,31.22314617000002],[121.44395098500003,31.22317673900001]]}},{"id":"1540","type":"Feature","properties":{"Direction":"2","Kind":"0105|010b","PathName":null,"一级分类":"01","__source_file__":"19-其它/13-历史版本数据/2017.10/都市高速路.shp"},"geometry":{"type":"LineString","coordinates":[[121.44395098500003,31.22317673900001],[121.44412137000008,31.223207037000012],[121.44435188800003,31.223267429000018],[121.4446625810001,31.223367949000025],[121.44486302700011,31.223448277000017],[121.44507349200002,31.22353861900001],[121.44519375800007,31.223588816000017],[121.445324044,31.223659022000025]]}},{"id":"1541","type":"Feature","properties":{"Direction":"2","Kind":"0105|010b","PathName":null,"一级分类":"01","__source_file__":"19-其它/13-历史版本数据/2017.10/都市高速路.shp"},"geometry":{"type":"LineString","coordinates":[[121.4446524650001,31.22383771700001],[121.44456226100012,31.223817561000022],[121.44448208300003,31.223787429000012],[121.44414132100006,31.223686854000007],[121.44382060200006,31.223596311000012],[121.44372037700008,31.223566142000013],[121.4436402020001,31.22352601500002],[121.44345981100004,31.223405741000008]]}},{"id":"1543","type":"Feature","properties":{"Direction":"3","Kind":"0102|010c","PathName":"延安高架路","一级分类":"01","__source_file__":"19-其它/13-历史版本数据/2017.10/都市高速路.shp"},"geometry":{"type":"LineString","coordinates":[[121.44442198900005,31.223567420000013],[121.44445205600005,31.223577470000013],[121.44455227900005,31.223617635000014],[121.44480283000007,31.223738036000015]]}},{"id":"1546","type":"Feature","properties":{"Direction":"2","Kind":"0105|010b","PathName":null,"一级分类":"01","__source_file__":"19-其它/13-历史版本数据/2017.10/都市高速路.shp"},"geometry":{"type":"LineString","coordinates":[[121.445324044,31.223659022000025],[121.44538417600006,31.223689117000024],[121.44550443200002,31.223789291000017],[121.44574494200003,31.22399963300002]]}},{"id":"1547","type":"Feature","properties":{"Direction":"2","Kind":"0102|010c","PathName":"延安高架路","一级分类":"01","__source_file__":"19-其它/13-历史版本数据/2017.10/都市高速路.shp"},"geometry":{"type":"LineString","coordinates":[[121.4451135400001,31.223758593000017],[121.4451836950001,31.223788706000008],[121.44552445000011,31.22392926400002]]}},{"id":"1548","type":"Feature","properties":{"Direction":"3","Kind":"0102|010c","PathName":"延安高架路","一级分类":"01","__source_file__":"19-其它/13-历史版本数据/2017.10/都市高速路.shp"},"geometry":{"type":"LineString","coordinates":[[121.44480283000007,31.223738036000015],[121.44488300800003,31.223768169000014],[121.44495316600012,31.22378828700002],[121.44530393900006,31.223948853000014],[121.4453239830001,31.223958885000012]]}},{"id":"1550","type":"Feature","properties":{"Direction":"2","Kind":"0105|010b","PathName":null,"一级分类":"01","__source_file__":"19-其它/13-历史版本数据/2017.10/都市高速路.shp"},"geometry":{"type":"LineString","coordinates":[[121.4453039230001,31.224028816000015],[121.44500325300008,31.223928315000006],[121.44482284800006,31.223878009000018],[121.44476271200007,31.223867903000016],[121.44470257600005,31.22385779900002],[121.4446524650001,31.22383771700001]]}},{"id":"1552","type":"Feature","properties":{"Direction":"2","Kind":"0102|010c","PathName":"延安高架路","一级分类":"01","__source_file__":"19-其它/13-历史版本数据/2017.10/都市高速路.shp"},"geometry":{"type":"LineString","coordinates":[[121.44552445000011,31.22392926400002],[121.44574494200003,31.22399963300002]]}},{"id":"1553","type":"Feature","properties":{"Direction":"3","Kind":"0102|010c","PathName":"延安高架路","一级分类":"01","__source_file__":"19-其它/13-历史版本数据/2017.10/都市高速路.shp"},"geometry":{"type":"LineString","coordinates":[[121.4453239830001,31.223958885000012],[121.44571485400003,31.224099534000022]]}},{"id":"1555","type":"Feature","properties":{"Direction":"2","Kind":"0102|010c","PathName":"延安高架路","一级分类":"01","__source_file__":"19-其它/13-历史版本数据/2017.10/都市高速路.shp"},"geometry":{"type":"LineString","coordinates":[[121.44574494200003,31.22399963300002],[121.44649661400001,31.224280876000012]]}},{"id":"1556","type":"Feature","properties":{"Direction":"2","Kind":"0105|010b","PathName":null,"一级分类":"01","__source_file__":"19-其它/13-历史版本数据/2017.10/都市高速路.shp"},"geometry":{"type":"LineString","coordinates":[[121.44646652400002,31.22438077600002],[121.44628611600002,31.224350461000014],[121.4453039230001,31.224028816000015]]}},{"id":"1565","type":"Feature","properties":{"Direction":"2","Kind":"0102|010c","PathName":"延安高架路","一级分类":"01","__source_file__":"19-其它/13-历史版本数据/2017.10/都市高速路.shp"},"geometry":{"type":"LineString","coordinates":[[121.44705786100009,31.22449180400001],[121.44736855100005,31.22461231600002],[121.44769928400001,31.224742859000017],[121.4479398190001,31.224833256000007],[121.4483507320001,31.22499393400001],[121.44906231200004,31.225265108000016],[121.44973381300007,31.225476238000013],[121.45004450700003,31.225576759000024],[121.45037524400006,31.225687313000005]]}},{"id":"1567","type":"Feature","properties":{"Direction":"3","Kind":"0102|010c","PathName":"延安高架路","一级分类":"01","__source_file__":"19-其它/13-历史版本数据/2017.10/都市高速路.shp"},"geometry":{"type":"LineString","coordinates":[[121.44682732500007,31.22452137000002],[121.44688745900011,31.224541471000013],[121.44696763700006,31.224571603000012],[121.44731841500005,31.224712179000004],[121.44765917300005,31.224842741000014],[121.44788968400006,31.22493312000002],[121.4490121770001,31.225364973000016],[121.4498039460001,31.22561630300001],[121.45014470700004,31.22572687500002],[121.45030506600006,31.22577714400002],[121.45044538000003,31.22581738300002],[121.4506157630001,31.225857675000015],[121.45083626400003,31.225888064000017]]}},{"id":"1574","type":"Feature","properties":{"Direction":"2","Kind":"0105|010b","PathName":null,"一级分类":"01","__source_file__":"19-其它/13-历史版本数据/2017.10/都市高速路.shp"},"geometry":{"type":"LineString","coordinates":[[121.45306142900006,31.225622242000018],[121.45331200700001,31.22561270200002]]}},{"id":"1576","type":"Feature","properties":{"Direction":"2","Kind":"0105|010b","PathName":null,"一级分类":"01","__source_file__":"19-其它/13-历史版本数据/2017.10/都市高速路.shp"},"geometry":{"type":"LineString","coordinates":[[121.45274069300001,31.22562165600002],[121.45296120000013,31.225622058000013]]}},{"id":"1367","type":"Feature","properties":{"Direction":"2","Kind":"0105|010b","PathName":null,"一级分类":"01","__source_file__":"19-其它/13-历史版本数据/2017.10/都市高速路.shp"},"geometry":{"type":"LineString","coordinates":[[121.45296120000013,31.225622058000013],[121.45306142900006,31.225622242000018]]}},{"id":"1370","type":"Feature","properties":{"Direction":"2","Kind":"0105|010b","PathName":null,"一级分类":"01","__source_file__":"19-其它/13-历史版本数据/2017.10/都市高速路.shp"},"geometry":{"type":"LineString","coordinates":[[121.45331200700001,31.22561270200002],[121.45348239900011,31.225613013000014],[121.45366281300007,31.225613342000017],[121.45390336500009,31.22561378100002],[121.45438446900005,31.225624654000015],[121.45448469700011,31.225634831000008],[121.45454483100002,31.225654932000012],[121.45463502900007,31.22570507500001]]}},{"id":"1371","type":"Feature","properties":{"Direction":"2","Kind":"0105|010b","PathName":null,"一级分类":"01","__source_file__":"19-其它/13-历史版本数据/2017.10/都市高速路.shp"},"geometry":{"type":"LineString","coordinates":[[121.45212925400006,31.225790466000024],[121.45229965600005,31.225740799000008],[121.45256026800007,31.22567130500002],[121.45274069300001,31.22562165600002]]}},{"id":"1376","type":"Feature","properties":{"Direction":"2","Kind":"0102|010c","PathName":"延安高架路","一级分类":"01","__source_file__":"19-其它/13-历史版本数据/2017.10/都市高速路.shp"},"geometry":{"type":"LineString","coordinates":[[121.45037524400006,31.225687313000005],[121.45046544600005,31.225717464000013],[121.45071601200004,31.22576789800002],[121.45083628600003,31.225778113000022]]}},{"id":"1380","type":"Feature","properties":{"Direction":"2","Kind":"0102|010c","PathName":"延安高架路","一级分类":"01","__source_file__":"19-其它/13-历史版本数据/2017.10/都市高速路.shp"},"geometry":{"type":"LineString","coordinates":[[121.45083628600003,31.225778113000022],[121.45107683900005,31.225778552000012]]}},{"id":"1381","type":"Feature","properties":{"Direction":"2","Kind":"0102|010c","PathName":"延安高架路","一级分类":"01","__source_file__":"19-其它/13-历史版本数据/2017.10/都市高速路.shp"},"geometry":{"type":"LineString","coordinates":[[121.45107683900005,31.225778552000012],[121.45165817200007,31.225789607000014]]}},{"id":"1382","type":"Feature","properties":{"Direction":"2","Kind":"0102|010c","PathName":"延安高架路","一级分类":"01","__source_file__":"19-其它/13-历史版本数据/2017.10/都市高速路.shp"},"geometry":{"type":"LineString","coordinates":[[121.45165817200007,31.225789607000014],[121.45212925400006,31.225790466000024]]}},{"id":"1383","type":"Feature","properties":{"Direction":"3","Kind":"0102|010c","PathName":"延安高架路","一级分类":"01","__source_file__":"19-其它/13-历史版本数据/2017.10/都市高速路.shp"},"geometry":{"type":"LineString","coordinates":[[121.45229964600003,31.22579077600001],[121.45212925400006,31.225790466000024]]}},{"id":"1384","type":"Feature","properties":{"Direction":"3","Kind":"0102|010c","PathName":"延安高架路","一级分类":"01","__source_file__":"19-其它/13-历史版本数据/2017.10/都市高速路.shp"},"geometry":{"type":"LineString","coordinates":[[121.45263040600004,31.225791380000018],[121.45252015200002,31.225791178000012],[121.45234976100005,31.22579086800002],[121.45229964600003,31.22579077600001]]}},{"id":"1385","type":"Feature","properties":{"Direction":"3","Kind":"0102|010c","PathName":"延安高架路","一级分类":"01","__source_file__":"19-其它/13-历史版本数据/2017.10/都市高速路.shp"},"geometry":{"type":"LineString","coordinates":[[121.45349238300003,31.22580294700002],[121.45263040600004,31.225791380000018]]}},{"id":"1397","type":"Feature","properties":{"Direction":"3","Kind":"0102|010c","PathName":"延安高架路","一级分类":"01","__source_file__":"19-其它/13-历史版本数据/2017.10/都市高速路.shp"},"geometry":{"type":"LineString","coordinates":[[121.45083626400003,31.225888064000017],[121.45210918800001,31.225890384000014]]}},{"id":"1398","type":"Feature","properties":{"Direction":"3","Kind":"0102|010c","PathName":"延安高架路","一级分类":"01","__source_file__":"19-其它/13-历史版本数据/2017.10/都市高速路.shp"},"geometry":{"type":"LineString","coordinates":[[121.45210918800001,31.225890384000014],[121.45228960200006,31.225890713000013]]}},{"id":"1399","type":"Feature","properties":{"Direction":"3","Kind":"0102|010c","PathName":"延安高架路","一级分类":"01","__source_file__":"19-其它/13-历史版本数据/2017.10/都市高速路.shp"},"geometry":{"type":"LineString","coordinates":[[121.45228960200006,31.225890713000013],[121.45231967200004,31.225890768000014],[121.45242992300007,31.22590096500001],[121.45296114100005,31.225911929000024],[121.45310146300007,31.225912185000013]]}},{"id":"1402","type":"Feature","properties":{"Direction":"3","Kind":"0102|010c","PathName":"延安高架路","一级分类":"01","__source_file__":"19-其它/13-历史版本数据/2017.10/都市高速路.shp"},"geometry":{"type":"LineString","coordinates":[[121.45310146300007,31.225912185000013],[121.45364270700009,31.225913171000016],[121.45388325800002,31.22592360600001],[121.45474523600002,31.22593517300001],[121.45504592700001,31.225935721000017],[121.45544684800007,31.225936452000017],[121.45576758500012,31.225937037000012],[121.45630882800005,31.22593802400002],[121.45642910400012,31.225938244000023]]}},{"id":"1403","type":"Feature","properties":{"Direction":"2","Kind":"0105|010b","PathName":null,"一级分类":"01","__source_file__":"19-其它/13-历史版本数据/2017.10/都市高速路.shp"},"geometry":{"type":"LineString","coordinates":[[121.4515378550001,31.22598929800002],[121.45145767500003,31.225969160000023],[121.45083626400003,31.225888064000017]]}},{"id":"1411","type":"Feature","properties":{"Direction":"2","Kind":"0105|010b","PathName":null,"一级分类":"01","__source_file__":"19-其它/13-历史版本数据/2017.10/都市高速路.shp"},"geometry":{"type":"LineString","coordinates":[[121.45207909200006,31.226020272000017],[121.45176838300004,31.225999714000015],[121.4515378550001,31.22598929800002]]}},{"id":"1388","type":"Feature","properties":{"Direction":"3","Kind":"0102|010c","PathName":"延安高架路","一级分类":"01","__source_file__":"19-其它/13-历史版本数据/2017.10/都市高速路.shp"},"geometry":{"type":"LineString","coordinates":[[121.45642912400001,31.22583828800002],[121.45628880400011,31.225828036000014],[121.4557375370001,31.225827031000005],[121.45544687000006,31.225826501000014],[121.45504594900001,31.225825770000014],[121.45474525800012,31.22582522200001],[121.45416392400011,31.22581416700001],[121.45349238300003,31.22580294700002]]}},{"id":"1391","type":"Feature","properties":{"Direction":"3","Kind":"0102|010c","PathName":"延安高架路","一级分类":"01","__source_file__":"19-其它/13-历史版本数据/2017.10/都市高速路.shp"},"geometry":{"type":"LineString","coordinates":[[121.45771207200006,31.225840627000014],[121.45747151900001,31.22584018800002],[121.45713073600008,31.22583956600002],[121.45642912400001,31.22583828800002]]}},{"id":"1392","type":"Feature","properties":{"Direction":"3","Kind":"0102|010c","PathName":"延安高架路","一级分类":"01","__source_file__":"19-其它/13-历史版本数据/2017.10/都市高速路.shp"},"geometry":{"type":"LineString","coordinates":[[121.45889478900006,31.22584278300002],[121.45884467300004,31.225842691000015],[121.4587745130001,31.225842564000022],[121.45871437400001,31.225842454000016],[121.4582533130001,31.22585160900002],[121.45771207200006,31.225840627000014]]}},{"id":"1406","type":"Feature","properties":{"Direction":"3","Kind":"0102|010c","PathName":"延安高架路","一级分类":"01","__source_file__":"19-其它/13-历史版本数据/2017.10/都市高速路.shp"},"geometry":{"type":"LineString","coordinates":[[121.45642910400012,31.225938244000023],[121.45741135900003,31.225950030000025],[121.45759177100001,31.22596035400001],[121.45780225500005,31.225960738000015]]}},{"id":"1409","type":"Feature","properties":{"Direction":"3","Kind":"0102|010c","PathName":"延安高架路","一级分类":"01","__source_file__":"19-其它/13-历史版本数据/2017.10/都市高速路.shp"},"geometry":{"type":"LineString","coordinates":[[121.45780225500005,31.225960738000015],[121.45817310500001,31.225971410000014],[121.45838359100003,31.22596179800001]]}},{"id":"886","type":"Feature","properties":{"Direction":"3","Kind":"0102|010c","PathName":"南北高架路","一级分类":"01","__source_file__":"19-其它/13-历史版本数据/2017.10/都市高速路.shp"},"geometry":{"type":"LineString","coordinates":[[121.45838011800004,31.243304141000007],[121.45832997600009,31.24343399200002],[121.4582998930001,31.243503905000008]]}},{"id":"890","type":"Feature","properties":{"Direction":"2","Kind":"0102|010c","PathName":"南北高架路","一级分类":"01","__source_file__":"19-其它/13-历史版本数据/2017.10/都市高速路.shp"},"geometry":{"type":"LineString","coordinates":[[121.45818958200005,31.24379357400001],[121.45825977900006,31.243613783000015],[121.4582998930001,31.243503905000008]]}},{"id":"892","type":"Feature","properties":{"Direction":"2","Kind":"0102|010c","PathName":"南北高架路","一级分类":"01","__source_file__":"19-其它/13-历史版本数据/2017.10/都市高速路.shp"},"geometry":{"type":"LineString","coordinates":[[121.4581695280001,31.24383351900002],[121.45818958200005,31.24379357400001]]}},{"id":"893","type":"Feature","properties":{"Direction":"2","Kind":"0105|010b","PathName":"天目中路立交桥","一级分类":"01","__source_file__":"19-其它/13-历史版本数据/2017.10/都市高速路.shp"},"geometry":{"type":"LineString","coordinates":[[121.45800911100002,31.244073118000017],[121.45810937600004,31.243903378000017],[121.4581695280001,31.24383351900002]]}},{"id":"894","type":"Feature","properties":{"Direction":"3","Kind":"0105|010b","PathName":"天目中路立交桥","一级分类":"01","__source_file__":"19-其它/13-历史版本数据/2017.10/都市高速路.shp"},"geometry":{"type":"LineString","coordinates":[[121.45824958800006,31.244453393000015],[121.45826966800007,31.244283506000016],[121.45831983500013,31.244023712000015],[121.45835996100004,31.243853861000023],[121.45844018800005,31.24364410100002],[121.45846024700006,31.243574169000013],[121.45846026400011,31.243494205000022]]}},{"id":"1558","type":"Feature","properties":{"Direction":"3","Kind":"0102|010c","PathName":"延安高架路","一级分类":"01","__source_file__":"19-其它/13-历史版本数据/2017.10/都市高速路.shp"},"geometry":{"type":"LineString","coordinates":[[121.44571485400003,31.224099534000022],[121.44646652400002,31.22438077600002]]}},{"id":"1559","type":"Feature","properties":{"Direction":"2","Kind":"0102|010c","PathName":"延安高架路","一级分类":"01","__source_file__":"19-其它/13-历史版本数据/2017.10/都市高速路.shp"},"geometry":{"type":"LineString","coordinates":[[121.44649661400001,31.224280876000012],[121.4469476160001,31.224451621000014],[121.44698770400011,31.22447168500001],[121.44705786100009,31.22449180400001]]}},{"id":"1561","type":"Feature","properties":{"Direction":"3","Kind":"0102|010c","PathName":"延安高架路","一级分类":"01","__source_file__":"19-其它/13-历史版本数据/2017.10/都市高速路.shp"},"geometry":{"type":"LineString","coordinates":[[121.44646652400002,31.22438077600002],[121.44663690200002,31.224451054000014]]}},{"id":"1562","type":"Feature","properties":{"Direction":"3","Kind":"0102|010c","PathName":"延安高架路","一级分类":"01","__source_file__":"19-其它/13-历史版本数据/2017.10/都市高速路.shp"},"geometry":{"type":"LineString","coordinates":[[121.44663690200002,31.224451054000014],[121.44682732500007,31.22452137000002]]}},{"id":"909","type":"Feature","properties":{"Direction":"2","Kind":"0102|010c","PathName":"内环高架路","一级分类":"01","__source_file__":"19-其它/13-历史版本数据/2017.10/都市高速路.shp"},"geometry":{"type":"LineString","coordinates":[[121.42160130906603,31.247242388845713],[121.42165494200002,31.24726462100001]]}},{"id":"911","type":"Feature","properties":{"Direction":"2","Kind":"0105|010b","PathName":null,"一级分类":"01","__source_file__":"19-其它/13-历史版本数据/2017.10/都市高速路.shp"},"geometry":{"type":"LineString","coordinates":[[121.42165494200002,31.24726462100001],[121.42190550800001,31.247315059000016],[121.4220358030001,31.24733529000001],[121.42211598100005,31.247365423000016],[121.42217611600006,31.247385525000013],[121.4224166480001,31.24748592100002],[121.42245673800005,31.24749599000002],[121.42258702700009,31.247546207000013],[121.42266720600004,31.24757634000001]]}},{"id":"912","type":"Feature","properties":{"Direction":"2","Kind":"0102|010c","PathName":"内环高架路","一级分类":"01","__source_file__":"19-其它/13-历史版本数据/2017.10/都市高速路.shp"},"geometry":{"type":"LineString","coordinates":[[121.42165494200002,31.24726462100001],[121.42211596200003,31.247465376000008],[121.42213600600009,31.247475408000014],[121.42237654000007,31.24756580800002],[121.42241662800005,31.24758587300002],[121.42249680700003,31.247616007000023],[121.42260705200012,31.247656191000022]]}},{"id":"913","type":"Feature","properties":{"Direction":"3","Kind":"0102|010c","PathName":"内环高架路","一级分类":"01","__source_file__":"19-其它/13-历史版本数据/2017.10/都市高速路.shp"},"geometry":{"type":"LineString","coordinates":[[121.42158477793912,31.24735445489529],[121.42203576100009,31.24754519000001],[121.42211593900004,31.24757532300002],[121.42222618300003,31.24762550300001],[121.422366495,31.247675738000012],[121.4224466710001,31.247715866000025],[121.4225468950001,31.247746037000013]]}},{"id":"914","type":"Feature","properties":{"Direction":"2","Kind":"0105|010b","PathName":null,"一级分类":"01","__source_file__":"19-其它/13-历史版本数据/2017.10/都市高速路.shp"},"geometry":{"type":"LineString","coordinates":[[121.42266720600004,31.24757634000001],[121.4227473840001,31.247606474000005],[121.42280751600005,31.247636571000015],[121.42335873800006,31.247857483000015],[121.42353913700003,31.24793777800001],[121.42362933600009,31.24797792500002],[121.42414045700002,31.24824874000001],[121.42424067500009,31.248308897000015],[121.42448118900008,31.24849925000001]]}},{"id":"1414","type":"Feature","properties":{"Direction":"2","Kind":"0105|010b","PathName":null,"一级分类":"01","__source_file__":"19-其它/13-历史版本数据/2017.10/都市高速路.shp"},"geometry":{"type":"LineString","coordinates":[[121.45227955100006,31.22603063300001],[121.45223946000011,31.226030560000012],[121.45207909200006,31.226020272000017]]}},{"id":"1415","type":"Feature","properties":{"Direction":"2","Kind":"0105|010b","PathName":null,"一级分类":"01","__source_file__":"19-其它/13-历史版本数据/2017.10/都市高速路.shp"},"geometry":{"type":"LineString","coordinates":[[121.45267044700006,31.226041341000013],[121.45227955100006,31.22603063300001]]}},{"id":"1417","type":"Feature","properties":{"Direction":"2","Kind":"0105|010b","PathName":null,"一级分类":"01","__source_file__":"19-其它/13-历史版本数据/2017.10/都市高速路.shp"},"geometry":{"type":"LineString","coordinates":[[121.454013529,31.226063781000008],[121.45335201100012,31.226052579000008],[121.4529911840001,31.22604192500002],[121.45267044700006,31.226041341000013]]}},{"id":"1420","type":"Feature","properties":{"Direction":"2","Kind":"0105|010b","PathName":null,"一级分类":"01","__source_file__":"19-其它/13-历史版本数据/2017.10/都市高速路.shp"},"geometry":{"type":"LineString","coordinates":[[121.4548654900001,31.226045343000013],[121.4548153720001,31.22606524300001],[121.45477527700005,31.226075165000015]]}},{"id":"1421","type":"Feature","properties":{"Direction":"2","Kind":"0105|010b","PathName":null,"一级分类":"01","__source_file__":"19-其它/13-历史版本数据/2017.10/都市高速路.shp"},"geometry":{"type":"LineString","coordinates":[[121.45477527700005,31.226075165000015],[121.45472516100007,31.22607507500001],[121.45464497800002,31.226074928000013],[121.45444451900005,31.22606456700001],[121.454013529,31.226063781000008]]}},{"id":"1423","type":"Feature","properties":{"Direction":"3","Kind":"0105|010b","PathName":null,"一级分类":"01","__source_file__":"19-其它/13-历史版本数据/2017.10/都市高速路.shp"},"geometry":{"type":"LineString","coordinates":[[121.45477527700005,31.226075165000015],[121.45485545500004,31.226105298000018]]}},{"id":"705","type":"Feature","properties":{"Direction":"2","Kind":"0105|010b","PathName":null,"一级分类":"01","__source_file__":"19-其它/13-历史版本数据/2017.10/都市高速路.shp"},"geometry":{"type":"LineString","coordinates":[[121.44901511400009,31.26074903700001],[121.4492556570001,31.26079946200001]]}},{"id":"706","type":"Feature","properties":{"Direction":"3","Kind":"0102|010c","PathName":"内环高架路","一级分类":"01","__source_file__":"19-其它/13-历史版本数据/2017.10/都市高速路.shp"},"geometry":{"type":"LineString","coordinates":[[121.44953626900006,31.260959911000015],[121.44887477700001,31.260818745000012]]}},{"id":"707","type":"Feature","properties":{"Direction":"2","Kind":"0105|010b","PathName":null,"一级分类":"01","__source_file__":"19-其它/13-历史版本数据/2017.10/都市高速路.shp"},"geometry":{"type":"LineString","coordinates":[[121.4492556570001,31.26079946200001],[121.44947614500005,31.26088983000001],[121.44960643400009,31.260940050000016],[121.44973672200001,31.261000265000025]]}},{"id":"708","type":"Feature","properties":{"Direction":"2","Kind":"0105|010b","PathName":null,"一级分类":"01","__source_file__":"19-其它/13-历史版本数据/2017.10/都市高速路.shp"},"geometry":{"type":"LineString","coordinates":[[121.45004737900003,31.261280717000016],[121.44718091400011,31.260675660000018],[121.44710073400005,31.260655521000018],[121.44705062700007,31.260615445000017],[121.44701054000005,31.260585384000006]]}},{"id":"928","type":"Feature","properties":{"Direction":"2","Kind":"0102|010c","PathName":"内环高架路","一级分类":"01","__source_file__":"19-其它/13-历史版本数据/2017.10/都市高速路.shp"},"geometry":{"type":"LineString","coordinates":[[121.42260705200012,31.247656191000022],[121.42359925100006,31.248057831000015],[121.42392997700006,31.248228360000013],[121.42412039500005,31.248328665000017],[121.42424065700003,31.248398854000015],[121.42459141500001,31.24863938700001],[121.42472169400003,31.24873958000002],[121.4250624230001,31.24901008100001],[121.42518268000003,31.24911025500002],[121.4254131670001,31.24932058200001],[121.42548331400009,31.249390678000015],[121.42572381100001,31.249670990000013],[121.42593425000008,31.24989127400002],[121.42602443800001,31.249991393000016],[121.42608456400002,31.250051476000007],[121.42610460300011,31.25008149900002],[121.42614468800004,31.250121554000017],[121.42624489600007,31.25023168700001],[121.4264753760001,31.250481995000015],[121.42672589700008,31.250752330000015],[121.426816087,31.250842454000008],[121.42708666000009,31.25108284100001],[121.42732716700006,31.251313177000014],[121.42778815100007,31.251683854000024],[121.4279484960001,31.25180409500001],[121.42805873300006,31.25188426000001]]}},{"id":"929","type":"Feature","properties":{"Direction":"3","Kind":"0102|010c","PathName":"内环高架路","一级分类":"01","__source_file__":"19-其它/13-历史版本数据/2017.10/都市高速路.shp"},"geometry":{"type":"LineString","coordinates":[[121.4225468950001,31.247746037000013],[121.42263709500004,31.24778618400002],[121.4233186040001,31.24806730900002],[121.42358920400011,31.24817775600002],[121.42392995100012,31.24835829900002],[121.42427069400003,31.24855883300002],[121.42448115,31.24869915500001],[121.42464149400007,31.248819394000012],[121.42495216000009,31.24905985400001],[121.42513254400001,31.24921011500001],[121.42534298400007,31.249430400000012],[121.4258039450001,31.249921019000013],[121.42591417400001,31.250041166000017],[121.42595425600005,31.25009121600002],[121.42598431700003,31.25013125300002],[121.42601437800012,31.25017128900001],[121.4260243970001,31.250191299000008],[121.42613462500002,31.25032144100001],[121.42637512500005,31.25058176200001],[121.42661562600006,31.25084208300001],[121.42670581700007,31.25092221200002],[121.42703651700005,31.251222682000016],[121.42720687600003,31.251382921000015],[121.4276979240001,31.251783640000014],[121.42783822600006,31.251883853000006]]}},{"id":"937","type":"Feature","properties":{"Direction":"3","Kind":"0102|010c","PathName":"内环高架路","一级分类":"01","__source_file__":"19-其它/13-历史版本数据/2017.10/都市高速路.shp"},"geometry":{"type":"LineString","coordinates":[[121.42783822600006,31.251883853000006],[121.42784824600004,31.25190386200002],[121.42802863500002,31.252034134000013],[121.42819899900006,31.25216438800001],[121.42825912800004,31.252214476000024],[121.42835934400013,31.252284628000012],[121.42844953699999,31.25235476200001],[121.42849964300001,31.25240483100002],[121.42860988000007,31.25248499700001],[121.4290508150001,31.25287563000002],[121.42939154200006,31.25315612800002],[121.42952181300008,31.25329630400002],[121.4296721280001,31.25344651100002],[121.42996273200004,31.253766899000016],[121.43097481000007,31.25500819200002]]}},{"id":"938","type":"Feature","properties":{"Direction":"3","Kind":"0102|010c","PathName":"内环高架路","一级分类":"01","__source_file__":"19-其它/13-历史版本数据/2017.10/都市高速路.shp"},"geometry":{"type":"LineString","coordinates":[[121.43137568300007,31.255248822000016],[121.43125543300006,31.25511866000001],[121.43008302600005,31.25367716400001],[121.42977237900006,31.253346744000016],[121.4296320840001,31.253206550000016],[121.4294617270001,31.253036315000013],[121.42916108800011,31.25277588000002],[121.42872015100009,31.25239524300001],[121.428609918,31.252295087000007],[121.42851972300002,31.25223494800001],[121.42843955300008,31.25216483300001],[121.42833933600004,31.25209468100002],[121.42827920800005,31.252044593000004],[121.42811886200003,31.25193434800002],[121.42805873300006,31.25188426000001]]}},{"id":"939","type":"Feature","properties":{"Direction":"3","Kind":"0105|010b","PathName":null,"一级分类":"01","__source_file__":"19-其它/13-历史版本数据/2017.10/都市高速路.shp"},"geometry":{"type":"LineString","coordinates":[[121.42983244100004,31.253726677000017],[121.42988252600003,31.253876699000017],[121.43009296200012,31.25411697600002],[121.43040360300006,31.25447738200002],[121.43058397400011,31.254697613000022],[121.4307342830001,31.254877807000014],[121.43089461600003,31.255058020000025],[121.43094472000007,31.255108090000018]]}},{"id":"941","type":"Feature","properties":{"Direction":"3","Kind":"0102|010c","PathName":"内环高架路","一级分类":"01","__source_file__":"19-其它/13-历史版本数据/2017.10/都市高速路.shp"},"geometry":{"type":"LineString","coordinates":[[121.43097481000007,31.25500819200002],[121.43113514200003,31.255188404000013],[121.43125539200004,31.255318566000017]]}},{"id":"942","type":"Feature","properties":{"Direction":"3","Kind":"0105|010b","PathName":null,"一级分类":"01","__source_file__":"19-其它/13-历史版本数据/2017.10/都市高速路.shp"},"geometry":{"type":"LineString","coordinates":[[121.43094472000007,31.255108090000018],[121.43117520200008,31.25534840400002]]}},{"id":"943","type":"Feature","properties":{"Direction":"3","Kind":"0102|010c","PathName":"内环高架路","一级分类":"01","__source_file__":"19-其它/13-历史版本数据/2017.10/都市高速路.shp"},"geometry":{"type":"LineString","coordinates":[[121.43206716500003,31.255779855000014],[121.43198698900007,31.25573972600002],[121.43185670800005,31.25564952600001],[121.4318065980001,31.25561944800002],[121.431786557,31.25559942000001],[121.4316562780001,31.255499225000012],[121.43156608400011,31.255429091000007],[121.43144583000003,31.25531891900002],[121.43137568300007,31.255248822000016]]}},{"id":"944","type":"Feature","properties":{"Direction":"3","Kind":"0102|010c","PathName":"内环高架路","一级分类":"01","__source_file__":"19-其它/13-历史版本数据/2017.10/都市高速路.shp"},"geometry":{"type":"LineString","coordinates":[[121.43125539200004,31.255318566000017],[121.43130549500006,31.255378631000017],[121.4313355590001,31.25540867300002],[121.43152596600011,31.255558956000016],[121.43166626400011,31.25567915900001],[121.4317564590001,31.255739299000012],[121.43194687300002,31.255859595000018]]}},{"id":"945","type":"Feature","properties":{"Direction":"3","Kind":"0105|010b","PathName":null,"一级分类":"01","__source_file__":"19-其它/13-历史版本数据/2017.10/都市高速路.shp"},"geometry":{"type":"LineString","coordinates":[[121.43117520200008,31.25534840400002],[121.43140568600006,31.25557872300001],[121.4314758370001,31.255628829000017],[121.43161614100008,31.255719048000017],[121.4316462060001,31.25573909400002],[121.43172638100008,31.25578921900001],[121.43178651500011,31.25580932200002],[121.43186669300007,31.255839456000018],[121.43194687300002,31.255859595000018]]}},{"id":"667","type":"Feature","properties":{"Direction":"3","Kind":"0102|010c","PathName":"内环高架路","一级分类":"01","__source_file__":"19-其它/13-历史版本数据/2017.10/都市高速路.shp"},"geometry":{"type":"LineString","coordinates":[[121.43245802000001,31.25600047700002],[121.43241793100003,31.25598041200001],[121.432117274,31.255809934000016],[121.43206716500003,31.255779855000014]]}},{"id":"668","type":"Feature","properties":{"Direction":"3","Kind":"0102|010c","PathName":"内环高架路","一级分类":"01","__source_file__":"19-其它/13-历史版本数据/2017.10/都市高速路.shp"},"geometry":{"type":"LineString","coordinates":[[121.43194687300002,31.255859595000018],[121.43202704600003,31.25591971600001],[121.43229763700005,31.256070147000017],[121.43239785700007,31.256120310000018]]}},{"id":"670","type":"Feature","properties":{"Direction":"3","Kind":"0102|010c","PathName":"内环高架路","一级分类":"01","__source_file__":"19-其它/13-历史版本数据/2017.10/都市高速路.shp"},"geometry":{"type":"LineString","coordinates":[[121.43981434999999,31.25886280000002],[121.43952370400008,31.258752312000013],[121.43931323900007,31.25866196300001],[121.4377998760001,31.258089417000008],[121.43766958600007,31.258039199000013],[121.43736892000005,31.25791869600002],[121.43716847500002,31.257838361000015],[121.43708829500008,31.257818222000015],[121.43706825100003,31.257808189000013],[121.436797651,31.25769773800002],[121.43665733900002,31.25764750100001],[121.43637671600003,31.25753703100001],[121.43619631600006,31.257466729000015],[121.4360860710001,31.257426543000008],[121.43598584900008,31.257386375000006],[121.434602777,31.25685405700001],[121.43328986300004,31.25634186000002],[121.43292905900012,31.256211252000018],[121.43282883500002,31.25618108100001],[121.43271859200001,31.256130899000013],[121.43260835100013,31.25607072300001],[121.43245802000001,31.25600047700002]]}},{"id":"672","type":"Feature","properties":{"Direction":"3","Kind":"0102|010c","PathName":"内环高架路","一级分类":"01","__source_file__":"19-其它/13-历史版本数据/2017.10/都市高速路.shp"},"geometry":{"type":"LineString","coordinates":[[121.43239785700007,31.256120310000018],[121.43252814200004,31.256190518000015],[121.43263838600001,31.25624069900002],[121.4327486310001,31.256280885000006],[121.43286889500007,31.256341080000013],[121.4332296980001,31.25647168800002],[121.43454261500007,31.25697389000001],[121.43587557500007,31.257486125000014],[121.43602590800003,31.257546376000008],[121.4363165540001,31.25765686400001],[121.43642680000005,31.257697050000015],[121.43657713300001,31.257757301000012],[121.43693793400006,31.257897905000025],[121.43702813300001,31.257938055000015],[121.43727869100009,31.258028478000014],[121.43773971500003,31.25819925500001],[121.43946354200013,31.258872145000012],[121.43987445400012,31.25903283400001],[121.44008492300007,31.259103193000012],[121.44017512500011,31.259133346000016],[121.44025530500005,31.259153487000017],[121.44038559800003,31.259183715000017]]}},{"id":"678","type":"Feature","properties":{"Direction":"3","Kind":"0102|010c","PathName":"内环高架路","一级分类":"01","__source_file__":"19-其它/13-历史版本数据/2017.10/都市高速路.shp"},"geometry":{"type":"LineString","coordinates":[[121.44009497500008,31.25896327500001],[121.43994463900003,31.258913020000005],[121.43981434999999,31.25886280000002]]}},{"id":"679","type":"Feature","properties":{"Direction":"3","Kind":"0102|010c","PathName":"内环高架路","一级分类":"01","__source_file__":"19-其它/13-历史版本数据/2017.10/都市高速路.shp"},"geometry":{"type":"LineString","coordinates":[[121.4404056730001,31.259043816000013],[121.44019519900007,31.258993448000016],[121.44009497500008,31.25896327500001]]}},{"id":"680","type":"Feature","properties":{"Direction":"2","Kind":"0105|010b","PathName":null,"一级分类":"01","__source_file__":"19-其它/13-历史版本数据/2017.10/都市高速路.shp"},"geometry":{"type":"LineString","coordinates":[[121.4404056730001,31.259043816000013],[121.44061615200008,31.25906419700002],[121.44090681400007,31.259094723000022],[121.44100704400012,31.25909490900001],[121.44105715700005,31.25910499800001],[121.44110727100008,31.259115086000012]]}},{"id":"681","type":"Feature","properties":{"Direction":"3","Kind":"0102|010c","PathName":"内环高架路","一级分类":"01","__source_file__":"19-其它/13-历史版本数据/2017.10/都市高速路.shp"},"geometry":{"type":"LineString","coordinates":[[121.44093686700012,31.259174742000017],[121.4404056730001,31.259043816000013]]}},{"id":"682","type":"Feature","properties":{"Direction":"2","Kind":"0105|010b","PathName":null,"一级分类":"01","__source_file__":"19-其它/13-历史版本数据/2017.10/都市高速路.shp"},"geometry":{"type":"LineString","coordinates":[[121.44110727100008,31.259115086000012],[121.44116740500012,31.25913518900002],[121.4412976980001,31.25916541700002],[121.441748716,31.259256213000015]]}},{"id":"684","type":"Feature","properties":{"Direction":"3","Kind":"0102|010c","PathName":"内环高架路","一级分类":"01","__source_file__":"19-其它/13-历史版本数据/2017.10/都市高速路.shp"},"geometry":{"type":"LineString","coordinates":[[121.44038559800003,31.259183715000017],[121.44091679700013,31.259294650000015]]}},{"id":"685","type":"Feature","properties":{"Direction":"3","Kind":"0102|010c","PathName":"内环高架路","一级分类":"01","__source_file__":"19-其它/13-历史版本数据/2017.10/都市高速路.shp"},"geometry":{"type":"LineString","coordinates":[[121.4415081520001,31.259315739000012],[121.44093686700012,31.259174742000017]]}},{"id":"686","type":"Feature","properties":{"Direction":"3","Kind":"0105|010b","PathName":null,"一级分类":"01","__source_file__":"19-其它/13-历史版本数据/2017.10/都市高速路.shp"},"geometry":{"type":"LineString","coordinates":[[121.44091679700013,31.259294650000015],[121.44103706400007,31.25934485100001],[121.4411673510001,31.259405065000013]]}},{"id":"687","type":"Feature","properties":{"Direction":"2","Kind":"0102|010c","PathName":"内环高架路","一级分类":"01","__source_file__":"19-其它/13-历史版本数据/2017.10/都市高速路.shp"},"geometry":{"type":"LineString","coordinates":[[121.44176871600008,31.25948614500001],[121.44154821900008,31.259435759000013],[121.44136781300007,31.259395442000013],[121.44107716000008,31.259324934000023],[121.44091679700013,31.259294650000015]]}},{"id":"688","type":"Feature","properties":{"Direction":"3","Kind":"0105|010b","PathName":null,"一级分类":"01","__source_file__":"19-其它/13-历史版本数据/2017.10/都市高速路.shp"},"geometry":{"type":"LineString","coordinates":[[121.4411673510001,31.259405065000013],[121.44131768800003,31.25944532600002]]}},{"id":"689","type":"Feature","properties":{"Direction":"2","Kind":"0105|010b","PathName":null,"一级分类":"01","__source_file__":"19-其它/13-历史版本数据/2017.10/都市高速路.shp"},"geometry":{"type":"LineString","coordinates":[[121.441748716,31.259256213000015],[121.44192912300004,31.25929652900001],[121.44249038800001,31.259417517000017],[121.44301156600011,31.259518439000022],[121.4431719250001,31.259558718000008],[121.44326212900012,31.25957887700001],[121.4433322880001,31.259589002000016],[121.4435126950001,31.259629319000016],[121.44366303400011,31.25965958500001],[121.44388353300009,31.25969997600001],[121.44418421000013,31.259770502000006],[121.44427440900006,31.259810652000017]]}},{"id":"691","type":"Feature","properties":{"Direction":"3","Kind":"0105|010b","PathName":null,"一级分类":"01","__source_file__":"19-其它/13-历史版本数据/2017.10/都市高速路.shp"},"geometry":{"type":"LineString","coordinates":[[121.44131768800003,31.25944532600002],[121.44170856800008,31.25953601000002],[121.44252039900005,31.259707440000017],[121.4430315530001,31.259808343000017]]}},{"id":"692","type":"Feature","properties":{"Direction":"3","Kind":"0102|010c","PathName":"内环高架路","一级分类":"01","__source_file__":"19-其它/13-历史版本数据/2017.10/都市高速路.shp"},"geometry":{"type":"LineString","coordinates":[[121.44479557400008,31.25997154700002],[121.44466528000011,31.25994131900002],[121.44409399200005,31.25982031200002],[121.44310175200008,31.25961856000002],[121.44285118700009,31.259568118000022],[121.44176874200002,31.259356205000017],[121.4415081520001,31.259315739000012]]}},{"id":"694","type":"Feature","properties":{"Direction":"2","Kind":"0102|010c","PathName":"内环高架路","一级分类":"01","__source_file__":"19-其它/13-历史版本数据/2017.10/都市高速路.shp"},"geometry":{"type":"LineString","coordinates":[[121.44473541200011,31.260091381000013],[121.44463518500005,31.260071203000013],[121.44404385100006,31.25995016000002],[121.44307165900013,31.25973845000001],[121.44176871600008,31.25948614500001]]}},{"id":"695","type":"Feature","properties":{"Direction":"3","Kind":"0105|010b","PathName":null,"一级分类":"01","__source_file__":"19-其它/13-历史版本数据/2017.10/都市高速路.shp"},"geometry":{"type":"LineString","coordinates":[[121.4430315530001,31.259808343000017],[121.44322198300006,31.259848679000015],[121.44348256700006,31.259919131000018]]}},{"id":"696","type":"Feature","properties":{"Direction":"3","Kind":"0105|010b","PathName":null,"一级分类":"01","__source_file__":"19-其它/13-历史版本数据/2017.10/都市高速路.shp"},"geometry":{"type":"LineString","coordinates":[[121.44348256700006,31.259919131000018],[121.4441139920001,31.26005024500002],[121.44419417400003,31.260060389000014],[121.44424428800005,31.260070478000014],[121.44440465800007,31.260060780000018]]}},{"id":"1103","type":"Feature","properties":{"Direction":"2","Kind":"0105|010b","PathName":null,"一级分类":"01","__source_file__":"19-其它/13-历史版本数据/2017.10/都市高速路.shp"},"geometry":{"type":"LineString","coordinates":[[121.47635372000003,31.231772119000016],[121.4770452370001,31.23213323200001],[121.47714545700002,31.232183394000018],[121.47762651600009,31.232414177000013],[121.47776682600009,31.23247440800002]]}},{"id":"1104","type":"Feature","properties":{"Direction":"2","Kind":"0105|010b","PathName":null,"一级分类":"01","__source_file__":"19-其它/13-历史版本数据/2017.10/都市高速路.shp"},"geometry":{"type":"LineString","coordinates":[[121.47654407300001,31.232192289000015],[121.4763235910001,31.232071937000015]]}},{"id":"1107","type":"Feature","properties":{"Direction":"2","Kind":"0102|010c","PathName":"延安高架路","一级分类":"01","__source_file__":"19-其它/13-历史版本数据/2017.10/都市高速路.shp"},"geometry":{"type":"LineString","coordinates":[[121.4763136140001,31.23184201600002],[121.47670447000007,31.232052642000014],[121.47709532500006,31.232263268000015],[121.47714543600011,31.232283352000014],[121.47770667400006,31.232544269000016],[121.47784698500003,31.232604501000015],[121.47810756300011,31.232704935000015],[121.4787389820001,31.232866023000017],[121.47968110400008,31.23307766000002],[121.4799717620001,31.23312817000002],[121.48005194400002,31.23313831300001],[121.48016219600004,31.23314851100001],[121.48025240100004,31.233158672000013],[121.4804628820001,31.233169053000015],[121.48071346000006,31.23315951600001],[121.4810141570001,31.233130079000016],[121.48106427300002,31.23312017500001],[121.48201648900012,31.232981977000012],[121.48220693100005,31.23296233400002],[121.48225704600007,31.232962425000007],[121.4823071610001,31.232962517000022],[121.48233723100007,31.232962572000016],[121.48246753000001,31.23296281000002],[121.48257778100002,31.232973008000016],[121.48263791500005,31.23299310900002]]}},{"id":"1108","type":"Feature","properties":{"Direction":"2","Kind":"0105|010b","PathName":null,"一级分类":"01","__source_file__":"19-其它/13-历史版本数据/2017.10/都市高速路.shp"},"geometry":{"type":"LineString","coordinates":[[121.47831798900006,31.232995198000015],[121.47814760500013,31.232954903000017],[121.47783691000006,31.23286437200001],[121.47767655700011,31.232784113000008],[121.47742601000004,31.232643713000016],[121.47697501900008,31.23241298500001],[121.4767745780001,31.23231266100001],[121.47654407300001,31.232192289000015]]}},{"id":"1111","type":"Feature","properties":{"Direction":"2","Kind":"0105|010b","PathName":null,"一级分类":"01","__source_file__":"19-其它/13-历史版本数据/2017.10/都市高速路.shp"},"geometry":{"type":"LineString","coordinates":[[121.47776682600009,31.23247440800002],[121.478077514,31.232604922000018],[121.47831805100009,31.23268532900002],[121.47884924500012,31.232816246000013]]}},{"id":"1113","type":"Feature","properties":{"Direction":"3","Kind":"0102|0105|010c","PathName":"延安高架路","一级分类":"01","__source_file__":"19-其它/13-历史版本数据/2017.10/都市高速路.shp"},"geometry":{"type":"LineString","coordinates":[[121.47676457800004,31.23220268900002],[121.47703517100001,31.23234312400001],[121.47715543400012,31.23241331600002],[121.47754629200006,31.23261394600002],[121.4776465120001,31.23266410900001],[121.47775675800006,31.232704293000015],[121.47823783500009,31.232845115000014],[121.47999179200009,31.233208174000016],[121.48020226800008,31.233248543000016],[121.480302498,31.23324872600001],[121.48056309700009,31.233249203000018],[121.48070341900008,31.23324946000001],[121.48094397400008,31.23323990400002],[121.48142509700006,31.233150823000017],[121.48215680400006,31.233022217000016],[121.48218687300005,31.233022272000014],[121.48222696500011,31.23302234500001],[121.4822570340001,31.23302240000001],[121.48228710300009,31.233022455000015],[121.48238733200003,31.233032635000015],[121.48241739900004,31.233042685000015],[121.48274814600006,31.23310326600001],[121.48286841200002,31.23315346500002],[121.48299869800007,31.23322367400002],[121.48313900200003,31.233313894000023],[121.48321917700004,31.23336401900002]]}},{"id":"1114","type":"Feature","properties":{"Direction":"3","Kind":"0105|010b","PathName":null,"一级分类":"01","__source_file__":"19-其它/13-历史版本数据/2017.10/都市高速路.shp"},"geometry":{"type":"LineString","coordinates":[[121.47831798900006,31.232995198000015],[121.47844828600013,31.233005433000017],[121.4785084250001,31.23300554200002],[121.478638724,31.23300578100002]]}},{"id":"1115","type":"Feature","properties":{"Direction":"2","Kind":"0105|010b","PathName":null,"一级分类":"01","__source_file__":"19-其它/13-历史版本数据/2017.10/都市高速路.shp"},"geometry":{"type":"LineString","coordinates":[[121.47858858000006,31.233145631000017],[121.47848836000004,31.23309546800002],[121.47831798900006,31.232995198000015]]}},{"id":"1118","type":"Feature","properties":{"Direction":"2","Kind":"0102|010c","PathName":"延安高架路","一级分类":"01","__source_file__":"19-其它/13-历史版本数据/2017.10/都市高速路.shp"},"geometry":{"type":"LineString","coordinates":[[121.48263791500005,31.23299310900002],[121.48277823100011,31.233023354000007],[121.4828383680001,31.233033460000016],[121.48304883100003,31.23313380400002],[121.48311898200006,31.233183911000012],[121.48315906800008,31.233213972000016],[121.4832392420001,31.233264098000024],[121.48333946100003,31.233324257000017]]}},{"id":"952","type":"Feature","properties":{"Direction":"3","Kind":"0102|0105|010c","PathName":"延安高架路","一级分类":"01","__source_file__":"19-其它/13-历史版本数据/2017.10/都市高速路.shp"},"geometry":{"type":"LineString","coordinates":[[121.48347976500008,31.233414476000025],[121.48333946100003,31.233324257000017]]}},{"id":"953","type":"Feature","properties":{"Direction":"3","Kind":"0102|0105|010c","PathName":"延安高架路","一级分类":"01","__source_file__":"19-其它/13-历史版本数据/2017.10/都市高速路.shp"},"geometry":{"type":"LineString","coordinates":[[121.48321917700004,31.23336401900002],[121.48341960900008,31.23350432800001]]}},{"id":"956","type":"Feature","properties":{"Direction":"3","Kind":"0105|010b","PathName":null,"一级分类":"01","__source_file__":"19-其它/13-历史版本数据/2017.10/都市高速路.shp"},"geometry":{"type":"LineString","coordinates":[[121.48421139400013,31.233675707000017],[121.48407107900006,31.23363546700001],[121.48390069400011,31.233605167000007],[121.4837904510001,31.23355498700002],[121.48347976500008,31.233414476000025]]}},{"id":"957","type":"Feature","properties":{"Direction":"3","Kind":"0105|010b","PathName":null,"一级分类":"01","__source_file__":"19-其它/13-历史版本数据/2017.10/都市高速路.shp"},"geometry":{"type":"LineString","coordinates":[[121.48341960900008,31.23350432800001],[121.48343965300012,31.233514361000015],[121.48367015300006,31.233664720000018],[121.48385054500011,31.233775005000012],[121.48409107900011,31.23386540900002]]}},{"id":"958","type":"Feature","properties":{"Direction":"2","Kind":"0105|010b","PathName":null,"一级分类":"01","__source_file__":"19-其它/13-历史版本数据/2017.10/都市高速路.shp"},"geometry":{"type":"LineString","coordinates":[[121.48347976500008,31.233414476000025],[121.48356995600012,31.233494607000008],[121.48377039600007,31.23359493300002],[121.48385057700011,31.233615071000017],[121.4838906670001,31.23362514100002],[121.48451205800006,31.233806204000018],[121.48503322600004,31.23395709600001]]}},{"id":"960","type":"Feature","properties":{"Direction":"3","Kind":"0105|010b","PathName":null,"一级分类":"01","__source_file__":"19-其它/13-历史版本数据/2017.10/都市高速路.shp"},"geometry":{"type":"LineString","coordinates":[[121.4857648530001,31.234228325000018],[121.48570471700009,31.23421821800001],[121.48558445200003,31.234158023000024],[121.48547421500007,31.23407785500001],[121.48535395300009,31.23400766200001],[121.48522366600002,31.233947449000013],[121.48506330700003,31.233897176000013],[121.48451207100004,31.23374622900002],[121.48421139400013,31.233675707000017]]}},{"id":"961","type":"Feature","properties":{"Direction":"3","Kind":"0105|010b","PathName":null,"一级分类":"01","__source_file__":"19-其它/13-历史版本数据/2017.10/都市高速路.shp"},"geometry":{"type":"LineString","coordinates":[[121.48409107900011,31.23386540900002],[121.48429152400001,31.233945742000017],[121.48459219300001,31.234056247000012]]}},{"id":"962","type":"Feature","properties":{"Direction":"2","Kind":"0105|010b","PathName":null,"一级分类":"01","__source_file__":"19-其它/13-历史版本数据/2017.10/都市高速路.shp"},"geometry":{"type":"LineString","coordinates":[[121.48528375400008,31.234197455000015],[121.48520357100006,31.23418731300002],[121.48514343700002,31.234167211000013],[121.48498308100011,31.23410694200001],[121.48470245400006,31.23401646600001],[121.48441180500004,31.23392597100002],[121.48422137700005,31.23387564300002],[121.4842013330001,31.23386561000001],[121.48417126400011,31.233865555000012],[121.48409107900011,31.23386540900002]]}},{"id":"963","type":"Feature","properties":{"Direction":"2","Kind":"0105|010b","PathName":null,"一级分类":"01","__source_file__":"19-其它/13-历史版本数据/2017.10/都市高速路.shp"},"geometry":{"type":"LineString","coordinates":[[121.48503322600004,31.23395709600001],[121.48512342700008,31.23398724900001],[121.48527375700006,31.234067491000022],[121.48539401900008,31.234137683000018]]}},{"id":"966","type":"Feature","properties":{"Direction":"2","Kind":"0105|010b|010f","PathName":null,"一级分类":"01","__source_file__":"19-其它/13-历史版本数据/2017.10/都市高速路.shp"},"geometry":{"type":"LineString","coordinates":[[121.48539401900008,31.234137683000018],[121.48560446800002,31.234307997000016]]}},{"id":"968","type":"Feature","properties":{"Direction":"3","Kind":"0105|010b","PathName":null,"一级分类":"01","__source_file__":"19-其它/13-历史版本数据/2017.10/都市高速路.shp"},"geometry":{"type":"LineString","coordinates":[[121.48459219300001,31.234056247000012],[121.48468239400006,31.234086400000013],[121.48490288300002,31.234176766000022],[121.48507326200001,31.234237053000015],[121.48520354800007,31.23430726300002],[121.485343854,31.234387487000024],[121.48544407000009,31.234457642000006],[121.4855442820001,31.234547788000018]]}},{"id":"1258","type":"Feature","properties":{"Direction":"2","Kind":"0102|010c","PathName":"延安高架路","一级分类":"01","__source_file__":"19-其它/13-历史版本数据/2017.10/都市高速路.shp"},"geometry":{"type":"LineString","coordinates":[[121.46906769800013,31.22817033700001],[121.46868685600008,31.228009710000013],[121.46866681200004,31.227999678000018],[121.46857661000003,31.227969526000006],[121.46772472300006,31.22761812200001]]}},{"id":"1261","type":"Feature","properties":{"Direction":"2","Kind":"0103|010b|010c","PathName":"延安东路立交桥","一级分类":"01","__source_file__":"19-其它/13-历史版本数据/2017.10/都市高速路.shp"},"geometry":{"type":"LineString","coordinates":[[121.46906769800013,31.22817033700001],[121.46892737600001,31.228170080000016],[121.46885721500006,31.228169953000023],[121.46865676800007,31.228099617000012],[121.46862670100006,31.22808956600001],[121.46853650000003,31.22805941400002],[121.46832603100005,31.227989060000017],[121.46823583100003,31.22794891300002]]}},{"id":"502","type":"Feature","properties":{"Direction":"2","Kind":"0102|010c","PathName":"内环高架路","一级分类":"01","__source_file__":"19-其它/13-历史版本数据/2017.10/都市高速路.shp"},"geometry":{"type":"LineString","coordinates":[[121.46542164500012,31.26658700000002],[121.46556194400011,31.266707210000025],[121.46558198800005,31.266717243000016]]}},{"id":"505","type":"Feature","properties":{"Direction":"3","Kind":"0102|010c","PathName":"内环高架路","一级分类":"01","__source_file__":"19-其它/13-历史版本数据/2017.10/都市高速路.shp"},"geometry":{"type":"LineString","coordinates":[[121.46531137800002,31.266656764000018],[121.46550178100006,31.266827045000014]]}},{"id":"509","type":"Feature","properties":{"Direction":"3","Kind":"0102|010c","PathName":"内环高架路","一级分类":"01","__source_file__":"19-其它/13-历史版本数据/2017.10/都市高速路.shp"},"geometry":{"type":"LineString","coordinates":[[121.46550178100006,31.266827045000014],[121.46554186500009,31.26686710300001],[121.4658425020001,31.26713754600002],[121.46611307100011,31.26739793900002]]}},{"id":"510","type":"Feature","properties":{"Direction":"2","Kind":"0102|010c","PathName":"内环高架路","一级分类":"01","__source_file__":"19-其它/13-历史版本数据/2017.10/都市高速路.shp"},"geometry":{"type":"LineString","coordinates":[[121.46558198800005,31.266717243000016],[121.46563209400006,31.266757319000018],[121.46594275200006,31.26703777600001],[121.46618325900009,31.267268125000015],[121.46637366300001,31.267438407000014],[121.46684464500004,31.26793906900001],[121.46690477100005,31.267999155000016]]}},{"id":"514","type":"Feature","properties":{"Direction":"3","Kind":"0102|010c","PathName":"内环高架路","一级分类":"01","__source_file__":"19-其它/13-历史版本数据/2017.10/都市高速路.shp"},"geometry":{"type":"LineString","coordinates":[[121.46611307100011,31.26739793900002],[121.46675441900003,31.26802886200001],[121.46681454500003,31.268088948000013]]}},{"id":"525","type":"Feature","properties":{"Direction":"2","Kind":"0102|010c","PathName":"内环高架路","一级分类":"01","__source_file__":"19-其它/13-历史版本数据/2017.10/都市高速路.shp"},"geometry":{"type":"LineString","coordinates":[[121.46690477100005,31.267999155000016],[121.46707512000013,31.26820938200001],[121.46728554900005,31.26847965800002],[121.46758617300009,31.268820072000008],[121.46768638200002,31.268920216000012],[121.46771644400006,31.268960254000024],[121.46780663500012,31.269040389000015],[121.46786676300006,31.269090479000013],[121.46791687200003,31.26912055900002],[121.46800706500007,31.269190698000017],[121.46805717300005,31.269230774000008],[121.46831773300006,31.269421179000023],[121.46853820900002,31.269571525000018],[121.46865846800006,31.269661711000012],[121.46869855200009,31.269701769000008],[121.4688689200001,31.26982203500002],[121.46901924200004,31.269932269000012],[121.46908939400011,31.269982378000012],[121.46930986600012,31.270152717000016],[121.4694902550001,31.27028299800001],[121.46954036400007,31.27031307800002],[121.46966062300008,31.270403264000013],[121.46989111200003,31.270603609000023],[121.47013162300004,31.270813968000013],[121.47040219200005,31.27107436200002],[121.47051242500004,31.27117452500002],[121.47079301400005,31.271454930000022],[121.47085314300013,31.27150502000002],[121.47095334900008,31.271625156000013],[121.47104353800012,31.27171528600002],[121.47118382600003,31.271885476000005],[121.47122390800007,31.271935529000018],[121.47134415100004,31.272105681000017],[121.47147441800007,31.272265856000015]]}},{"id":"526","type":"Feature","properties":{"Direction":"3","Kind":"0102|010c","PathName":"内环高架路","一级分类":"01","__source_file__":"19-其它/13-历史版本数据/2017.10/都市高速路.shp"},"geometry":{"type":"LineString","coordinates":[[121.46681454500003,31.268088948000013],[121.46695483600001,31.268249141000013],[121.46702497900004,31.26833923200002],[121.46717528400008,31.268539427000007],[121.46743582300009,31.26883978300002],[121.46753602900002,31.268959918000018],[121.46761619600012,31.269050029000017],[121.46768634500008,31.26911013400002],[121.46775649500012,31.269160243000016],[121.4678166240001,31.269210333000018],[121.46788677500003,31.269260444000007],[121.46797696900002,31.269330582000013],[121.46821748500008,31.26951095200002],[121.46844798200004,31.269671314000025],[121.46856824200007,31.26975150400001],[121.46861835200004,31.269781585000022],[121.46877869600007,31.269901833000024],[121.4689390410001,31.27002208000002],[121.46899917000007,31.27006217500002],[121.46922966400008,31.27024252800001],[121.46940003100008,31.27036279500001],[121.46956037600013,31.270483043000013],[121.46979086600004,31.27068338700002],[121.47003137600005,31.270893746000013],[121.47031196700006,31.27116415500001],[121.47041218200002,31.27124430800002],[121.47069277000004,31.27152471200002],[121.47073285400008,31.271564770000015],[121.47092324700009,31.271785031000007],[121.47107356100003,31.27194524400001],[121.47110361800003,31.272005274000012],[121.47123388500007,31.27216544900001],[121.47141425200005,31.27240568400002],[121.47144430800007,31.272465715000013]]}},{"id":"251","type":"Feature","properties":{"Direction":"2","Kind":"0102|010c","PathName":"内环高架路","一级分类":"01","__source_file__":"19-其它/13-历史版本数据/2017.10/都市高速路.shp"},"geometry":{"type":"LineString","coordinates":[[121.47147441800007,31.272265856000015],[121.4715345400001,31.272345934000015],[121.47166480100009,31.27253609600001],[121.47176500400008,31.27267622400001],[121.47179506300007,31.27272625900001],[121.47182512200004,31.27277629400001]]}},{"id":"252","type":"Feature","properties":{"Direction":"3","Kind":"0102|010c","PathName":"内环高架路","一级分类":"01","__source_file__":"19-其它/13-历史版本数据/2017.10/都市高速路.shp"},"geometry":{"type":"LineString","coordinates":[[121.47144430800007,31.272465715000013],[121.471554534,31.272605860000013],[121.4716647570001,31.272756002000012],[121.47168479700008,31.27278602700001],[121.47183509700005,31.273016209000016],[121.47189521800009,31.27309628800002]]}},{"id":"253","type":"Feature","properties":{"Direction":"2","Kind":"0102|010c","PathName":"内环高架路","一级分类":"01","__source_file__":"19-其它/13-历史版本数据/2017.10/都市高速路.shp"},"geometry":{"type":"LineString","coordinates":[[121.47182512200004,31.27277629400001],[121.47201550600005,31.27304653500002]]}},{"id":"254","type":"Feature","properties":{"Direction":"2","Kind":"0105|010b","PathName":null,"一级分类":"01","__source_file__":"19-其它/13-历史版本数据/2017.10/都市高速路.shp"},"geometry":{"type":"LineString","coordinates":[[121.47201550600005,31.27304653500002],[121.47223596200001,31.27329684000001],[121.47240630900002,31.27351706400002],[121.4725566090001,31.27374724800002]]}},{"id":"255","type":"Feature","properties":{"Direction":"2","Kind":"0102|010c","PathName":"内环高架路","一级分类":"01","__source_file__":"19-其它/13-历史版本数据/2017.10/都市高速路.shp"},"geometry":{"type":"LineString","coordinates":[[121.47201550600005,31.27304653500002],[121.47254655300003,31.273907161000015]]}},{"id":"256","type":"Feature","properties":{"Direction":"3","Kind":"0102|010c","PathName":"内环高架路","一级分类":"01","__source_file__":"19-其它/13-历史版本数据/2017.10/都市高速路.shp"},"geometry":{"type":"LineString","coordinates":[[121.47189521800009,31.27309628800002],[121.47239619200002,31.27398684500001]]}},{"id":"257","type":"Feature","properties":{"Direction":"2","Kind":"0105|010b","PathName":null,"一级分类":"01","__source_file__":"19-其它/13-历史版本数据/2017.10/都市高速路.shp"},"geometry":{"type":"LineString","coordinates":[[121.4725566090001,31.27374724800002],[121.47267684600001,31.27393739100002],[121.47272694200001,31.27403744300001],[121.47273696100002,31.27405745300001]]}},{"id":"258","type":"Feature","properties":{"Direction":"2","Kind":"0102|010c","PathName":"内环高架路","一级分类":"01","__source_file__":"19-其它/13-历史版本数据/2017.10/都市高速路.shp"},"geometry":{"type":"LineString","coordinates":[[121.47254655300003,31.273907161000015],[121.47261668900002,31.274037237000016],[121.47263672700001,31.274077257000016]]}},{"id":"259","type":"Feature","properties":{"Direction":"3","Kind":"0102|010c","PathName":"内环高架路","一级分类":"01","__source_file__":"19-其它/13-历史版本数据/2017.10/都市高速路.shp"},"geometry":{"type":"LineString","coordinates":[[121.47239619200002,31.27398684500001],[121.47262664000004,31.274397101000016],[121.47276689500006,31.27472722400002],[121.47284703600008,31.274947280000017]]}},{"id":"260","type":"Feature","properties":{"Direction":"2","Kind":"0105|010b","PathName":null,"一级分类":"01","__source_file__":"19-其它/13-历史版本数据/2017.10/都市高速路.shp"},"geometry":{"type":"LineString","coordinates":[[121.47309740000003,31.27600729600002],[121.47308738000005,31.275987286000017],[121.47289706300013,31.27538718600002],[121.47280689800004,31.275177106000015],[121.47268668600009,31.274857017000016],[121.47256647200004,31.274546925000013],[121.47245627400002,31.274266838000017],[121.47243623400004,31.27423681300002],[121.47241620600006,31.27414681500001],[121.47240619700007,31.274076826000012],[121.47239619200002,31.27398684500001]]}},{"id":"261","type":"Feature","properties":{"Direction":"2","Kind":"0105|010b","PathName":null,"一级分类":"01","__source_file__":"19-其它/13-历史版本数据/2017.10/都市高速路.shp"},"geometry":{"type":"LineString","coordinates":[[121.47273696100002,31.27405745300001],[121.4728070980001,31.274177533000017],[121.47303751600009,31.274737726000012],[121.47329794800011,31.27556785900002],[121.4733480330001,31.27571789000001],[121.47337808500005,31.27580790700002],[121.47341813600009,31.276007897000014]]}},{"id":"262","type":"Feature","properties":{"Direction":"2","Kind":"0105|010b","PathName":null,"一级分类":"01","__source_file__":"19-其它/13-历史版本数据/2017.10/都市高速路.shp"},"geometry":{"type":"LineString","coordinates":[[121.47350812600007,31.277097602000012],[121.47333780000008,31.27676742300001],[121.47309740000003,31.27600729600002]]}},{"id":"265","type":"Feature","properties":{"Direction":"2","Kind":"0102|010c","PathName":"内环高架路","一级分类":"01","__source_file__":"19-其它/13-历史版本数据/2017.10/都市高速路.shp"},"geometry":{"type":"LineString","coordinates":[[121.47263672700001,31.274077257000016],[121.47265676400002,31.274117277000016],[121.47267680500012,31.274147302000014],[121.47275694700011,31.274357362000018],[121.47290721600007,31.274737481000017],[121.4729973740001,31.274987544000012],[121.47315765500001,31.27541766100002],[121.47320774000002,31.27556769000002],[121.47328787100004,31.27583772500002],[121.4736284490001,31.276857929000013],[121.47365849900007,31.276957943000014],[121.473778701,31.27732801100001],[121.47385883700008,31.277568059000018],[121.47387886900002,31.27763806600001],[121.47388888800003,31.27765807700001],[121.47392895400003,31.27778809700001],[121.473938974,31.277808107000016],[121.47394899200003,31.277828117000013],[121.47407586749708,31.27816594730677]]}},{"id":"266","type":"Feature","properties":{"Direction":"3","Kind":"0102|010c","PathName":"内环高架路","一级分类":"01","__source_file__":"19-其它/13-历史版本数据/2017.10/都市高速路.shp"},"geometry":{"type":"LineString","coordinates":[[121.47284703600008,31.274947280000017],[121.47286706800001,31.275017287000008],[121.47302734800007,31.27545739900002],[121.47306741300008,31.275597415000025],[121.47348812100006,31.27688765300002],[121.47351816800004,31.276997663000017],[121.47364839600004,31.27735775400001],[121.47373854900002,31.27762780800002],[121.47375858300008,31.27768782000001],[121.47376860000008,31.277717826000014],[121.47379865100004,31.277807844000012],[121.47380866600008,31.277847846000014],[121.47382870200012,31.277897862000017],[121.47394050195199,31.278200868041587]]}},{"id":"927","type":"Feature","properties":{"Direction":"2","Kind":"0102|010c","PathName":"南北高架路","一级分类":"01","__source_file__":"19-其它/13-历史版本数据/2017.10/都市高速路.shp"},"geometry":{"type":"LineString","coordinates":[[121.45844895500011,31.249911354000016],[121.45841891300006,31.249781356000014],[121.45839888500005,31.249691358000018],[121.45839888800003,31.24967136700002],[121.45836883900006,31.24957135600002]]}},{"id":"930","type":"Feature","properties":{"Direction":"2","Kind":"0102|010c","PathName":"南北高架路","一级分类":"01","__source_file__":"19-其它/13-历史版本数据/2017.10/都市高速路.shp"},"geometry":{"type":"LineString","coordinates":[[121.45862938000005,31.24986170900001],[121.45867944700001,31.25010169600002]]}},{"id":"931","type":"Feature","properties":{"Direction":"2","Kind":"0102|010c","PathName":"南北高架路","一级分类":"01","__source_file__":"19-其它/13-历史版本数据/2017.10/都市高速路.shp"},"geometry":{"type":"LineString","coordinates":[[121.45847898700005,31.25010132500002],[121.45844895500011,31.249911354000016]]}},{"id":"932","type":"Feature","properties":{"Direction":"2","Kind":"0102|010c","PathName":"南北高架路","一级分类":"01","__source_file__":"19-其它/13-历史版本数据/2017.10/都市高速路.shp"},"geometry":{"type":"LineString","coordinates":[[121.45852906000006,31.25031132500001],[121.45847898700005,31.25010132500002]]}},{"id":"933","type":"Feature","properties":{"Direction":"3","Kind":"0105|010b","PathName":"天目中路立交桥","一级分类":"01","__source_file__":"19-其它/13-历史版本数据/2017.10/都市高速路.shp"},"geometry":{"type":"LineString","coordinates":[[121.45826864300012,31.249401245000016],[121.458298678,31.24957122600002],[121.45832872300004,31.249691228000017],[121.45832872000005,31.249711219000016],[121.45835877100001,31.24980123500002],[121.45853903900002,31.250531246000012],[121.45869924700001,31.251331191000023],[121.45876935400008,31.251601201000017],[121.45873925900003,31.251731088000014]]}},{"id":"934","type":"Feature","properties":{"Direction":"2","Kind":"0102|010c","PathName":"南北高架路","一级分类":"01","__source_file__":"19-其它/13-历史版本数据/2017.10/都市高速路.shp"},"geometry":{"type":"LineString","coordinates":[[121.45867944700001,31.25010169600002],[121.45875954400005,31.250541650000017],[121.45902988500006,31.251941533000025]]}},{"id":"935","type":"Feature","properties":{"Direction":"2","Kind":"0102|010c","PathName":"南北高架路","一级分类":"01","__source_file__":"19-其它/13-历史版本数据/2017.10/都市高速路.shp"},"geometry":{"type":"LineString","coordinates":[[121.45889958500003,31.251941292000012],[121.45866925000007,31.25097129400001],[121.45858914200005,31.25059131300001],[121.45857913100008,31.25053132100001],[121.45852906000006,31.25031132500001]]}},{"id":"936","type":"Feature","properties":{"Direction":"2","Kind":"0102|010c","PathName":"南北高架路","一级分类":"01","__source_file__":"19-其它/13-历史版本数据/2017.10/都市高速路.shp"},"geometry":{"type":"LineString","coordinates":[[121.45915969800001,31.254370703000024],[121.45915972400007,31.25424076100002],[121.45915974400009,31.254140805000024],[121.45900970400011,31.25261120000002],[121.4589896780001,31.25251120700001],[121.45892961900005,31.25212126800001],[121.45889958500003,31.251941292000012]]}},{"id":"940","type":"Feature","properties":{"Direction":"3","Kind":"0102|010c","PathName":"南北高架路","一级分类":"01","__source_file__":"19-其它/13-历史版本数据/2017.10/都市高速路.shp"},"geometry":{"type":"LineString","coordinates":[[121.45925940600011,31.256979740000016],[121.45927956900003,31.256390036000013],[121.45928968300007,31.25594025300002],[121.45929978800005,31.255530453000024],[121.45929982400001,31.25535053200001],[121.45929997000007,31.254620853000024],[121.45925995600011,31.25423095000002],[121.459259974,31.254140990000007],[121.45914000200003,31.252621437000016],[121.45914000600008,31.252601446000018],[121.45914001200003,31.25257145900001],[121.45911998200005,31.252491457000023],[121.45910997900012,31.25239148300001],[121.45902988500006,31.251941533000025]]}},{"id":"946","type":"Feature","properties":{"Direction":"2","Kind":"0102|010c","PathName":"南北高架路","一级分类":"01","__source_file__":"19-其它/13-历史版本数据/2017.10/都市高速路.shp"},"geometry":{"type":"LineString","coordinates":[[121.45913912800006,31.25698951200002],[121.4591694090001,31.255930035000024],[121.45916944300006,31.25576011000001],[121.4591795120001,31.255530230000016],[121.45917954800007,31.25535030800002],[121.45916966900006,31.25463060700001],[121.45915969800001,31.254370703000024]]}},{"id":"669","type":"Feature","properties":{"Direction":"3","Kind":"0102|010c","PathName":"南北高架路","一级分类":"01","__source_file__":"19-其它/13-历史版本数据/2017.10/都市高速路.shp"},"geometry":{"type":"LineString","coordinates":[[121.45923918200003,31.257869310000018],[121.45925940600011,31.256979740000016]]}},{"id":"671","type":"Feature","properties":{"Direction":"2","Kind":"0102|010c","PathName":"南北高架路","一级分类":"01","__source_file__":"19-其它/13-历史版本数据/2017.10/都市高速路.shp"},"geometry":{"type":"LineString","coordinates":[[121.45910882400005,31.258158941000016],[121.4591089060001,31.257749121000018],[121.45913906900013,31.257279384000014],[121.45913909700006,31.25713944600001],[121.45913912800006,31.25698951200002]]}},{"id":"673","type":"Feature","properties":{"Direction":"3","Kind":"0102|010c","PathName":"南北高架路","一级分类":"01","__source_file__":"19-其它/13-历史版本数据/2017.10/都市高速路.shp"},"geometry":{"type":"LineString","coordinates":[[121.45922909800005,31.258169160000012],[121.45923918200003,31.257869310000018]]}},{"id":"674","type":"Feature","properties":{"Direction":"2","Kind":"0102|010c","PathName":"南北高架路","一级分类":"01","__source_file__":"19-其它/13-历史版本数据/2017.10/都市高速路.shp"},"geometry":{"type":"LineString","coordinates":[[121.45909875500001,31.25838882100001],[121.45910882400005,31.258158941000016]]}},{"id":"675","type":"Feature","properties":{"Direction":"3","Kind":"0102|010c","PathName":"南北高架路","一级分类":"01","__source_file__":"19-其它/13-历史版本数据/2017.10/都市高速路.shp"},"geometry":{"type":"LineString","coordinates":[[121.45917880500008,31.259058675000023],[121.45919890900007,31.258768839000012],[121.45921901700001,31.258459013000024],[121.45922909800005,31.258169160000012]]}},{"id":"676","type":"Feature","properties":{"Direction":"3","Kind":"0103|010b|010c","PathName":"内环共和新路立交桥","一级分类":"01","__source_file__":"19-其它/13-历史版本数据/2017.10/都市高速路.shp"},"geometry":{"type":"LineString","coordinates":[[121.45927903500002,31.25905886100001],[121.45928908200005,31.25893893200002],[121.45928911800002,31.258759012000016],[121.45928913000013,31.258699038000017],[121.45929920000002,31.258469157000007],[121.45929921800008,31.25837919700001],[121.45926917400004,31.25824919800002],[121.45922909800005,31.258169160000012]]}},{"id":"677","type":"Feature","properties":{"Direction":"2","Kind":"0102|010c","PathName":"南北高架路","一级分类":"01","__source_file__":"19-其它/13-历史版本数据/2017.10/都市高速路.shp"},"geometry":{"type":"LineString","coordinates":[[121.45905853000012,31.259048456000016],[121.45906856900002,31.258968509000017],[121.45907863300009,31.25876861600001],[121.45909875500001,31.25838882100001]]}},{"id":"683","type":"Feature","properties":{"Direction":"3","Kind":"0102|010c","PathName":"南北高架路","一级分类":"01","__source_file__":"19-其它/13-历史版本数据/2017.10/都市高速路.shp"},"geometry":{"type":"LineString","coordinates":[[121.4591286320001,31.259348453000015],[121.45914870000003,31.259238539000012],[121.45917880500008,31.259058675000023]]}},{"id":"690","type":"Feature","properties":{"Direction":"2","Kind":"0102|010c","PathName":"南北高架路","一级分类":"01","__source_file__":"19-其它/13-历史版本数据/2017.10/都市高速路.shp"},"geometry":{"type":"LineString","coordinates":[[121.45871752200003,31.26017732400001],[121.45882782700006,31.259917644000016],[121.45886794300009,31.259797772000017],[121.45889803000011,31.25970786600001],[121.45898829500003,31.259418162000017],[121.45902842700002,31.25921832500002],[121.45905853000012,31.259048456000016]]}},{"id":"693","type":"Feature","properties":{"Direction":"3","Kind":"0102|010c","PathName":"南北高架路","一级分类":"01","__source_file__":"19-其它/13-历史版本数据/2017.10/都市高速路.shp"},"geometry":{"type":"LineString","coordinates":[[121.45883779600003,31.26018754300002],[121.45892805100006,31.25994781700001],[121.45898821700008,31.259807991000017],[121.45901830300011,31.25972808100002],[121.4591186010001,31.25938841700001],[121.4591286320001,31.259348453000015]]}},{"id":"710","type":"Feature","properties":{"Direction":"3","Kind":"0103|010b|010c","PathName":"内环共和新路立交桥","一级分类":"01","__source_file__":"19-其它/13-历史版本数据/2017.10/都市高速路.shp"},"geometry":{"type":"LineString","coordinates":[[121.45871752200003,31.26017732400001],[121.45857715500006,31.260396967000023],[121.45827635200011,31.260956161000014],[121.45824627100001,31.261016079000015],[121.45810591300007,31.261195738000012],[121.457955533,31.26136538400002],[121.45787533300005,31.261445199000008],[121.45768486700003,31.261584784000025],[121.45752447500003,31.26170443200002],[121.45730394200007,31.261833965000008]]}},{"id":"711","type":"Feature","properties":{"Direction":"2","Kind":"0102|010c","PathName":"南北高架路","一级分类":"01","__source_file__":"19-其它/13-历史版本数据/2017.10/都市高速路.shp"},"geometry":{"type":"LineString","coordinates":[[121.45764471300004,31.261894572000017],[121.45800563500006,31.261435446000025],[121.45807581100007,31.261355611000017],[121.4582763310001,31.261066113000012],[121.45838661700009,31.26089639200002],[121.4584668340001,31.260736612000017],[121.45861724600003,31.260407037000025],[121.45871752200003,31.26017732400001]]}},{"id":"712","type":"Feature","properties":{"Direction":"3","Kind":"0102|010c","PathName":"南北高架路","一级分类":"01","__source_file__":"19-其它/13-历史版本数据/2017.10/都市高速路.shp"},"geometry":{"type":"LineString","coordinates":[[121.45776497800013,31.261954769000013],[121.45812589600008,31.261505639000024],[121.45823618400004,31.261335919000018],[121.45836652200002,31.26114624500002],[121.45849686200008,31.260936580000024],[121.45864727200001,31.26061700000001],[121.45883779600003,31.26018754300002]]}},{"id":"723","type":"Feature","properties":{"Direction":"3","Kind":"0103|010b|010c","PathName":"内环共和新路立交桥","一级分类":"01","__source_file__":"19-其它/13-历史版本数据/2017.10/都市高速路.shp"},"geometry":{"type":"LineString","coordinates":[[121.45730394200007,31.261833965000008],[121.45668246700006,31.262072703000012],[121.45661230300003,31.262082569000015],[121.45646195000006,31.26212227100001],[121.45635169300009,31.26214205800001]]}},{"id":"724","type":"Feature","properties":{"Direction":"3","Kind":"0103|010b|010c","PathName":"内环共和新路立交桥","一级分类":"01","__source_file__":"19-其它/13-历史版本数据/2017.10/都市高速路.shp"},"geometry":{"type":"LineString","coordinates":[[121.45764471300004,31.261894572000017],[121.45753444600007,31.26196433600002],[121.45740413500006,31.26202406800002],[121.457213679,31.26211367300002],[121.45705330100009,31.262163353000016]]}},{"id":"725","type":"Feature","properties":{"Direction":"3","Kind":"0102|010c","PathName":"南北高架路","一级分类":"01","__source_file__":"19-其它/13-历史版本数据/2017.10/都市高速路.shp"},"geometry":{"type":"LineString","coordinates":[[121.45764471300004,31.261894572000017],[121.45754445900003,31.26201433200002],[121.45727377700008,31.26231369700001]]}},{"id":"726","type":"Feature","properties":{"Direction":"3","Kind":"0103|010b|010c","PathName":"内环共和新路立交桥","一级分类":"01","__source_file__":"19-其它/13-历史版本数据/2017.10/都市高速路.shp"},"geometry":{"type":"LineString","coordinates":[[121.45797527500008,31.262884749000012],[121.45802540200008,31.26282487000002],[121.45809557900009,31.26274503500001],[121.45814570900006,31.26267516000002],[121.45820586900004,31.262565320000018],[121.45826604700007,31.26236552000002],[121.45828611700006,31.262245610000004],[121.45829616800006,31.26210569100002],[121.45830620300002,31.26204573600002],[121.4583162460001,31.261945799000017],[121.45834635400001,31.261755938000007],[121.45840653500012,31.26153614800002],[121.45842659400013,31.26147621100002],[121.458446653,31.261406279000013],[121.45848675900004,31.261336385000025]]}},{"id":"727","type":"Feature","properties":{"Direction":"3","Kind":"0103|010b|010c","PathName":"内环共和新路立交桥","一级分类":"01","__source_file__":"19-其它/13-历史版本数据/2017.10/都市高速路.shp"},"geometry":{"type":"LineString","coordinates":[[121.45509881600003,31.262129733000013],[121.45497854000006,31.262129509000022]]}},{"id":"728","type":"Feature","properties":{"Direction":"3","Kind":"0103|010b|010c","PathName":"内环共和新路立交桥","一级分类":"01","__source_file__":"19-其它/13-历史版本数据/2017.10/都市高速路.shp"},"geometry":{"type":"LineString","coordinates":[[121.45635169300009,31.26214205800001],[121.4562514600001,31.262151867000018],[121.45611113500001,31.262171597000023],[121.4559307180001,31.26218125700001],[121.45589062600004,31.26218118200002],[121.45570018800004,31.262180828000012],[121.45545964000007,31.262160390000023],[121.45509881600003,31.262129733000013]]}},{"id":"729","type":"Feature","properties":{"Direction":"3","Kind":"0102|010c","PathName":"南北高架路","一级分类":"01","__source_file__":"19-其它/13-历史版本数据/2017.10/都市高速路.shp"},"geometry":{"type":"LineString","coordinates":[[121.4573739980001,31.262363861000015],[121.45758452500003,31.26214435000001],[121.45765470000005,31.262074512000016],[121.45776497800013,31.261954769000013]]}},{"id":"699","type":"Feature","properties":{"Direction":"3","Kind":"0103|010b|010c","PathName":"内环共和新路立交桥","一级分类":"01","__source_file__":"19-其它/13-历史版本数据/2017.10/都市高速路.shp"},"geometry":{"type":"LineString","coordinates":[[121.45848675900004,31.261336385000025],[121.45855696300009,31.26112660700001],[121.45865724100008,31.26088690000002],[121.45882771500011,31.260477397000013],[121.45894805000012,31.26018774800002],[121.45901824600004,31.26000795800002],[121.45908844700013,31.25980817700001],[121.45920880000006,31.25942856800002],[121.45927903500002,31.25905886100001]]}},{"id":"460","type":"Feature","properties":{"Direction":"2","Kind":"0103|010b|010c","PathName":"内环共和新路立交桥","一级分类":"01","__source_file__":"19-其它/13-历史版本数据/2017.10/都市高速路.shp"},"geometry":{"type":"LineString","coordinates":[[121.45848675900004,31.261336385000025],[121.4584767250001,31.26139633900001],[121.45844662000002,31.261576204000008],[121.45842651100008,31.261886030000014],[121.45843650300004,31.26204597800002],[121.45848656000011,31.262335944000014],[121.45851660900007,31.262435955000015],[121.45857671500006,31.262595996000012],[121.45862680800009,31.26270604100002],[121.45868692200008,31.26282610000001],[121.45873701900007,31.262916154000006],[121.45878712,31.262986216000012],[121.4588672870001,31.263076326000018],[121.45897751400003,31.263206473000015],[121.45906770500005,31.26328660600001],[121.4591478750001,31.26335672400002],[121.459228047,31.263416847000016],[121.45933828700002,31.263487021000017],[121.45943850300011,31.263557177000006],[121.45949863100009,31.263607267000012],[121.4595587550001,31.263677348000016],[121.45959883500007,31.263737396000014]]}},{"id":"469","type":"Feature","properties":{"Direction":"3","Kind":"0102|010c","PathName":"内环高架路","一级分类":"01","__source_file__":"19-其它/13-历史版本数据/2017.10/都市高速路.shp"},"geometry":{"type":"LineString","coordinates":[[121.45959883500007,31.263737396000014],[121.45851643100004,31.26332556200002],[121.45784494200007,31.263054433000008]]}},{"id":"470","type":"Feature","properties":{"Direction":"3","Kind":"0102|010c","PathName":"内环高架路","一级分类":"01","__source_file__":"19-其它/13-历史版本数据/2017.10/都市高速路.shp"},"geometry":{"type":"LineString","coordinates":[[121.45799525300004,31.263224637000004],[121.45850639000003,31.263415504000008],[121.45889725500002,31.263576161000017]]}},{"id":"472","type":"Feature","properties":{"Direction":"3","Kind":"0102|010c","PathName":"内环高架路","一级分类":"01","__source_file__":"19-其它/13-历史版本数据/2017.10/都市高速路.shp"},"geometry":{"type":"LineString","coordinates":[[121.45889725500002,31.263576161000017],[121.45956874500007,31.263847292000012]]}},{"id":"476","type":"Feature","properties":{"Direction":"2","Kind":"0102|010c","PathName":"内环高架路","一级分类":"01","__source_file__":"19-其它/13-历史版本数据/2017.10/都市高速路.shp"},"geometry":{"type":"LineString","coordinates":[[121.45959883500007,31.263737396000014],[121.4603404830001,31.26401865300001],[121.46139282100013,31.264420437000012],[121.46153313100001,31.264480672000015],[121.46168346400009,31.264540926000013],[121.46258546300011,31.264912444000018],[121.46295628300004,31.265073064000024]]}},{"id":"477","type":"Feature","properties":{"Direction":"3","Kind":"0102|010c","PathName":"内环高架路","一级分类":"01","__source_file__":"19-其它/13-历史版本数据/2017.10/都市高速路.shp"},"geometry":{"type":"LineString","coordinates":[[121.45956874500007,31.263847292000012],[121.46027030200003,31.26411847900002],[121.46133266000004,31.264530277000024],[121.46148299400011,31.26459053000002],[121.46163332700007,31.26465078400001],[121.46250525900005,31.265012250000012],[121.46291616700012,31.265192937000005]]}},{"id":"730","type":"Feature","properties":{"Direction":"3","Kind":"0103|010b|010c","PathName":"内环共和新路立交桥","一级分类":"01","__source_file__":"19-其它/13-历史版本数据/2017.10/都市高速路.shp"},"geometry":{"type":"LineString","coordinates":[[121.45705330100009,31.262163353000016],[121.45695306500012,31.26219315400002],[121.45684280800003,31.262212940000012],[121.45656215400004,31.262252400000012],[121.45647194300011,31.262272223000007]]}},{"id":"731","type":"Feature","properties":{"Direction":"2","Kind":"0102|010c","PathName":"内环高架路","一级分类":"01","__source_file__":"19-其它/13-历史版本数据/2017.10/都市高速路.shp"},"geometry":{"type":"LineString","coordinates":[[121.45497854000006,31.262129509000022],[121.45527921500002,31.262210032000013],[121.45588056500004,31.26237107900002]]}},{"id":"732","type":"Feature","properties":{"Direction":"3","Kind":"0103|010b|010c","PathName":"内环共和新路立交桥","一级分类":"01","__source_file__":"19-其它/13-历史版本数据/2017.10/都市高速路.shp"},"geometry":{"type":"LineString","coordinates":[[121.45647194300011,31.262272223000007],[121.45629151900006,31.26232186600001],[121.45622135200004,31.26235172200002],[121.45618125600004,31.26237163900001]]}},{"id":"733","type":"Feature","properties":{"Direction":"2","Kind":"0103|010b|010c","PathName":"内环共和新路立交桥","一级分类":"01","__source_file__":"19-其它/13-历史版本数据/2017.10/都市高速路.shp"},"geometry":{"type":"LineString","coordinates":[[121.4575043110001,31.262294134000015],[121.4573739980001,31.262363861000015]]}},{"id":"734","type":"Feature","properties":{"Direction":"2","Kind":"0102|010c","PathName":"内环高架路","一级分类":"01","__source_file__":"19-其它/13-历史版本数据/2017.10/都市高速路.shp"},"geometry":{"type":"LineString","coordinates":[[121.45588056500004,31.26237107900002],[121.45600083500007,31.262401290000017]]}},{"id":"735","type":"Feature","properties":{"Direction":"2","Kind":"0102|010c","PathName":"内环高架路","一级分类":"01","__source_file__":"19-其它/13-历史版本数据/2017.10/都市高速路.shp"},"geometry":{"type":"LineString","coordinates":[[121.45600083500007,31.262401290000017],[121.4560910360001,31.262431444000015],[121.4562814630001,31.262481776000016]]}},{"id":"736","type":"Feature","properties":{"Direction":"3","Kind":"0102|010c","PathName":"南北高架路","一级分类":"01","__source_file__":"19-其它/13-历史版本数据/2017.10/都市高速路.shp"},"geometry":{"type":"LineString","coordinates":[[121.45727377700008,31.26231369700001],[121.45699307900009,31.262583056000015]]}},{"id":"457","type":"Feature","properties":{"Direction":"3","Kind":"0102|010c","PathName":"南北高架路","一级分类":"01","__source_file__":"19-其它/13-历史版本数据/2017.10/都市高速路.shp"},"geometry":{"type":"LineString","coordinates":[[121.45713339500001,31.26261330300001],[121.4573739980001,31.262363861000015]]}},{"id":"458","type":"Feature","properties":{"Direction":"3","Kind":"0103|010b|010c","PathName":"内环共和新路立交桥","一级分类":"01","__source_file__":"19-其它/13-历史版本数据/2017.10/都市高速路.shp"},"geometry":{"type":"LineString","coordinates":[[121.45503864600005,31.262289549000016],[121.45512884200002,31.26234969100001],[121.45530923600006,31.262449981000017],[121.45537938900009,31.262490094000015],[121.45543951700006,31.26254018400002],[121.4555196870001,31.262610302000013],[121.45561989800001,31.262710444000017]]}},{"id":"459","type":"Feature","properties":{"Direction":"2","Kind":"0103|010b|010c","PathName":"内环共和新路立交桥","一级分类":"01","__source_file__":"19-其它/13-历史版本数据/2017.10/都市高速路.shp"},"geometry":{"type":"LineString","coordinates":[[121.45741398600002,31.26288370500002],[121.45779485400011,31.262914401000018],[121.45786501400005,31.26292452700001],[121.4579351750001,31.262924658000014],[121.4580153610001,31.26291481100002],[121.45807549900007,31.262914923000015],[121.45815568700004,31.26289508100001],[121.45823588000009,31.26285524800001],[121.45829602800006,31.26280538200001],[121.45833612600005,31.262775469000022],[121.45836620100009,31.262745539000004],[121.45838625500006,31.26270559400001],[121.4584063100001,31.262665649000013],[121.45841634400007,31.262605693000015],[121.45842638200007,31.262535743000015],[121.45841637700005,31.262445764000024],[121.45840635900004,31.26241575900002],[121.45837630200005,31.262355730000007],[121.45832620100009,31.262285667000018],[121.45828611700006,31.262245610000004],[121.4581959200001,31.26219546500002],[121.45809569700009,31.262155296000017],[121.45802553800002,31.262145169000025],[121.45797542300012,31.26214507700001],[121.45783509700004,31.26216480700002],[121.4577549080001,31.26218464900002],[121.45763462700006,31.262214412000016],[121.4575043110001,31.262294134000015]]}},{"id":"461","type":"Feature","properties":{"Direction":"3","Kind":"0102|010c","PathName":"内环高架路","一级分类":"01","__source_file__":"19-其它/13-历史版本数据/2017.10/都市高速路.shp"},"geometry":{"type":"LineString","coordinates":[[121.45503864600005,31.262289549000016],[121.45543954800006,31.262390250000013],[121.45603087800009,31.26253128800002],[121.45668233900004,31.262712420000014],[121.45683267400011,31.262762677000016],[121.45696296300002,31.262812897000018],[121.4571132970001,31.262873151000008],[121.45733378500007,31.262963521000014]]}},{"id":"462","type":"Feature","properties":{"Direction":"2","Kind":"0102|010c","PathName":"内环高架路","一级分类":"01","__source_file__":"19-其它/13-历史版本数据/2017.10/都市高速路.shp"},"geometry":{"type":"LineString","coordinates":[[121.4562814630001,31.262481776000016],[121.45649193500005,31.262542141000008],[121.45676254100012,31.262622609000015],[121.45690285400006,31.262672848000005],[121.4570331430001,31.262723068000017],[121.45720352000002,31.262793354000014],[121.45741398600002,31.26288370500002]]}},{"id":"463","type":"Feature","properties":{"Direction":"3","Kind":"0103|010b|010c","PathName":"内环共和新路立交桥","一级分类":"01","__source_file__":"19-其它/13-历史版本数据/2017.10/都市高速路.shp"},"geometry":{"type":"LineString","coordinates":[[121.45618125600004,31.26237163900001],[121.4560910360001,31.262431444000015],[121.45606095700009,31.262481366000017],[121.45603087800009,31.26253128800002],[121.45601082200005,31.26258122800002],[121.455990766,31.262631169000016],[121.45598073100007,31.26269112400001],[121.45598072100005,31.26274110200002],[121.4559907360001,31.262781103000012],[121.45601076700008,31.262851108000017],[121.45603080600006,31.26289112800002],[121.45608090500001,31.262971186000016],[121.45615105200011,31.26304128500001],[121.45625127200003,31.26309145000002],[121.45635149600002,31.263121623000018],[121.45640161000006,31.263131711000014],[121.45649181500006,31.263141875000017],[121.45670230300003,31.26312227600002],[121.45686267500002,31.26310258300002],[121.45713330300009,31.263073100000014],[121.45731372000012,31.263063439000025],[121.45736383400005,31.263063533000008],[121.45742397300012,31.26306364400001],[121.45750415500004,31.26307379000002]]}},{"id":"464","type":"Feature","properties":{"Direction":"3","Kind":"0102|010c","PathName":"内环高架路","一级分类":"01","__source_file__":"19-其它/13-历史版本数据/2017.10/都市高速路.shp"},"geometry":{"type":"LineString","coordinates":[[121.45784494200007,31.263054433000008],[121.45780485400007,31.26303436700002],[121.45770463200006,31.262994198000015],[121.45741398600002,31.26288370500002]]}},{"id":"465","type":"Feature","properties":{"Direction":"3","Kind":"0103|010b|010c","PathName":"内环共和新路立交桥","一级分类":"01","__source_file__":"19-其它/13-历史版本数据/2017.10/都市高速路.shp"},"geometry":{"type":"LineString","coordinates":[[121.45561989800001,31.262710444000017],[121.45585038800004,31.262910784000013],[121.45596062500009,31.26299095300001],[121.456090904,31.263091151000012],[121.45614101100013,31.263131227000013],[121.4561911180001,31.263171302000018],[121.45628131800002,31.26321145200002],[121.45631138500006,31.26322150400002],[121.45636149600011,31.263241589000017],[121.4564015860001,31.263251658000016],[121.4564617200001,31.263271762000016],[121.45654190000005,31.26329190200002],[121.45657197000003,31.26329195800001],[121.4566521500001,31.263312098000014],[121.45675238000001,31.26331228400001],[121.45682254100007,31.263312415000016],[121.45693279400007,31.263312620000008],[121.45705307300013,31.263302849000013],[121.45724351800004,31.263263220000013],[121.45729363700002,31.26324332300001],[121.4574239440001,31.263203582000013],[121.45763444400008,31.263124010000016],[121.45769458400004,31.26311412600002],[121.45780485400007,31.26303436700002],[121.4579351750001,31.262924658000014],[121.45797527500008,31.262884749000012]]}},{"id":"466","type":"Feature","properties":{"Direction":"3","Kind":"0102|010c","PathName":"内环高架路","一级分类":"01","__source_file__":"19-其它/13-历史版本数据/2017.10/都市高速路.shp"},"geometry":{"type":"LineString","coordinates":[[121.45733378500007,31.262963521000014],[121.45740394100007,31.26299363800001],[121.45769458400004,31.26311412600002]]}},{"id":"467","type":"Feature","properties":{"Direction":"3","Kind":"0103|010b|010c","PathName":"内环共和新路立交桥","一级分类":"01","__source_file__":"19-其它/13-历史版本数据/2017.10/都市高速路.shp"},"geometry":{"type":"LineString","coordinates":[[121.45750415500004,31.26307379000002],[121.45769458400004,31.26311412600002]]}},{"id":"468","type":"Feature","properties":{"Direction":"3","Kind":"0102|010c","PathName":"内环高架路","一级分类":"01","__source_file__":"19-其它/13-历史版本数据/2017.10/都市高速路.shp"},"geometry":{"type":"LineString","coordinates":[[121.45769458400004,31.26311412600002],[121.45799525300004,31.263224637000004]]}},{"id":"471","type":"Feature","properties":{"Direction":"3","Kind":"0102|010c","PathName":"南北高架路","一级分类":"01","__source_file__":"19-其它/13-历史版本数据/2017.10/都市高速路.shp"},"geometry":{"type":"LineString","coordinates":[[121.45582001600009,31.264420058000013],[121.45585010100002,31.264340149000017],[121.45592028800002,31.264210338000016],[121.45597042400004,31.26411047500001],[121.45599047800012,31.264070530000012],[121.4560506360001,31.26397068600001],[121.45620102400005,31.26376106000002],[121.45636143400009,31.263551451000012],[121.45642158400007,31.263491589000015],[121.45646168600003,31.263441686000025],[121.45657197000003,31.26329195800001],[121.45661207100012,31.263242055000017],[121.45670230300003,31.26312227600002],[121.45691283800011,31.262862783000017],[121.45696296300002,31.262812897000018],[121.4570331430001,31.262723068000017],[121.45713339500001,31.26261330300001]]}},{"id":"473","type":"Feature","properties":{"Direction":"3","Kind":"0102|010c","PathName":"南北高架路","一级分类":"01","__source_file__":"19-其它/13-历史版本数据/2017.10/都市高速路.shp"},"geometry":{"type":"LineString","coordinates":[[121.45699307900009,31.262583056000015],[121.45690285400006,31.262672848000005],[121.45683267400011,31.262762677000016],[121.45678254900007,31.262812562000008],[121.45661211700008,31.263012156000016],[121.45649181500006,31.263141875000017],[121.45644168800003,31.263201755000015],[121.4564015860001,31.263251658000016],[121.45637150900008,31.26329158500002],[121.45618102500009,31.263521129000008],[121.45606071500004,31.263690829000012],[121.45599053200011,31.263800650000007],[121.45587020300003,31.264060311000012],[121.45568971000012,31.264449802000016],[121.45561951100001,31.264639587000023],[121.45546908600011,31.26503912900002]]}},{"id":"484","type":"Feature","properties":{"Direction":"2","Kind":"0105|010b","PathName":null,"一级分类":"01","__source_file__":"19-其它/13-历史版本数据/2017.10/都市高速路.shp"},"geometry":{"type":"LineString","coordinates":[[121.46420898300003,31.265965010000013],[121.46406867900009,31.265874787000016],[121.46376802200007,31.265704301000017],[121.46341725600007,31.26550373500001],[121.46331703600002,31.26545357000002],[121.4626655930001,31.265182475000017],[121.46264555100004,31.265162446000023],[121.46259544800012,31.265102379000016]]}},{"id":"485","type":"Feature","properties":{"Direction":"3","Kind":"0102|010c","PathName":"内环高架路","一级分类":"01","__source_file__":"19-其它/13-历史版本数据/2017.10/都市高速路.shp"},"geometry":{"type":"LineString","coordinates":[[121.46291616700012,31.265192937000005],[121.46336716200005,31.265393690000014],[121.46379810900011,31.26561439700002],[121.46409876500002,31.26578488300001],[121.46412883100005,31.265804930000016],[121.46419898400006,31.265845043000017],[121.46423907200007,31.265865110000025],[121.46425911400001,31.265885138000016]]}},{"id":"489","type":"Feature","properties":{"Direction":"2","Kind":"0102|010c","PathName":"内环高架路","一级分类":"01","__source_file__":"19-其它/13-历史版本数据/2017.10/都市高速路.shp"},"geometry":{"type":"LineString","coordinates":[[121.46295628300004,31.265073064000024],[121.46344736900006,31.265283887000013],[121.46417897000003,31.26568507600001],[121.46421905600005,31.26571513700002],[121.46426916500002,31.265745218000024],[121.46448964300008,31.265885568000016],[121.46487046500009,31.26615616000001],[121.46507089500004,31.26630646800001],[121.46542164500012,31.26658700000002]]}},{"id":"491","type":"Feature","properties":{"Direction":"3","Kind":"0102|010c","PathName":"内环高架路","一级分类":"01","__source_file__":"19-其它/13-历史版本数据/2017.10/都市高速路.shp"},"geometry":{"type":"LineString","coordinates":[[121.46425911400001,31.265885138000016],[121.46440944200003,31.26597537900001],[121.46454974400001,31.266075597000015]]}},{"id":"493","type":"Feature","properties":{"Direction":"2","Kind":"0105|010b","PathName":null,"一级分类":"01","__source_file__":"19-其它/13-历史版本数据/2017.10/都市高速路.shp"},"geometry":{"type":"LineString","coordinates":[[121.4644695500001,31.26612542600002],[121.46431922300007,31.26603518500002],[121.46420898300003,31.265965010000013]]}},{"id":"496","type":"Feature","properties":{"Direction":"3","Kind":"0102|010c","PathName":"内环高架路","一级分类":"01","__source_file__":"19-其它/13-历史版本数据/2017.10/都市高速路.shp"},"geometry":{"type":"LineString","coordinates":[[121.46454974400001,31.266075597000015],[121.4647802390001,31.266245953000006],[121.46498067200004,31.266386265000012],[121.46531137800002,31.266656764000018]]}},{"id":"499","type":"Feature","properties":{"Direction":"2","Kind":"0105|010b","PathName":null,"一级分类":"01","__source_file__":"19-其它/13-历史版本数据/2017.10/都市高速路.shp"},"geometry":{"type":"LineString","coordinates":[[121.46531137800002,31.266656764000018],[121.46498065800007,31.266456235000025],[121.46491050100009,31.26643611300001],[121.4644695500001,31.26612542600002]]}},{"id":"697","type":"Feature","properties":{"Direction":"3","Kind":"0102|010c","PathName":"内环高架路","一级分类":"01","__source_file__":"19-其它/13-历史版本数据/2017.10/都市高速路.shp"},"geometry":{"type":"LineString","coordinates":[[121.44527665900011,31.26007239500001],[121.445146366,31.26004216700001],[121.44491584700006,31.259991761000006],[121.44479557400008,31.25997154700002]]}},{"id":"698","type":"Feature","properties":{"Direction":"2","Kind":"0102|010c","PathName":"内环高架路","一级分类":"01","__source_file__":"19-其它/13-历史版本数据/2017.10/都市高速路.shp"},"geometry":{"type":"LineString","coordinates":[[121.44520647600007,31.260182215000015],[121.4450761810001,31.260161982000014],[121.44487573000004,31.260111632000022],[121.44473541200011,31.260091381000013]]}},{"id":"700","type":"Feature","properties":{"Direction":"2","Kind":"0105|010b","PathName":null,"一级分类":"01","__source_file__":"19-其它/13-历史版本数据/2017.10/都市高速路.shp"},"geometry":{"type":"LineString","coordinates":[[121.44576777500004,31.260133280000016],[121.44584796300002,31.260113438000023],[121.44596824000007,31.26011366100002],[121.44677004800008,31.26028507400001],[121.44712084000003,31.260355694000015]]}},{"id":"701","type":"Feature","properties":{"Direction":"2","Kind":"0105|010b","PathName":null,"一级分类":"01","__source_file__":"19-其它/13-历史版本数据/2017.10/都市高速路.shp"},"geometry":{"type":"LineString","coordinates":[[121.44712084000003,31.260355694000015],[121.4475919030001,31.260456523000016]]}},{"id":"702","type":"Feature","properties":{"Direction":"3","Kind":"0102|010c","PathName":"内环高架路","一级分类":"01","__source_file__":"19-其它/13-历史版本数据/2017.10/都市高速路.shp"},"geometry":{"type":"LineString","coordinates":[[121.44887477700001,31.260818745000012],[121.44871441500005,31.26078846000002],[121.44698050400008,31.260425401000017],[121.44573770000011,31.260163210000012],[121.44552722500009,31.26012283800002],[121.44527665900011,31.26007239500001]]}},{"id":"703","type":"Feature","properties":{"Direction":"2","Kind":"0105|010b","PathName":null,"一级分类":"01","__source_file__":"19-其它/13-历史版本数据/2017.10/都市高速路.shp"},"geometry":{"type":"LineString","coordinates":[[121.4475919030001,31.260456523000016],[121.44837366600007,31.260617904000018],[121.44901511400009,31.26074903700001]]}},{"id":"704","type":"Feature","properties":{"Direction":"2","Kind":"0102|010c","PathName":"内环高架路","一级分类":"01","__source_file__":"19-其它/13-历史版本数据/2017.10/都市高速路.shp"},"geometry":{"type":"LineString","coordinates":[[121.45008748400006,31.261220818000012],[121.44868432200009,31.26090835000001],[121.44737135900003,31.26063603200001],[121.4469504110001,31.260545291000017],[121.44569758400007,31.26028308200001],[121.4454770860001,31.260242690000013],[121.44520647600007,31.260182215000015]]}},{"id":"709","type":"Feature","properties":{"Direction":"3","Kind":"0102|010c","PathName":"内环高架路","一级分类":"01","__source_file__":"19-其它/13-历史版本数据/2017.10/都市高速路.shp"},"geometry":{"type":"LineString","coordinates":[[121.44973672200001,31.261000265000025],[121.44953626900006,31.260959911000015]]}},{"id":"713","type":"Feature","properties":{"Direction":"3","Kind":"0102|010c","PathName":"内环高架路","一级分类":"01","__source_file__":"19-其它/13-历史版本数据/2017.10/都市高速路.shp"},"geometry":{"type":"LineString","coordinates":[[121.45185149200007,31.261443999000008],[121.45032805700009,31.26112131000002],[121.44973672200001,31.261000265000025]]}},{"id":"714","type":"Feature","properties":{"Direction":"2","Kind":"0102|010c","PathName":"内环高架路","一级分类":"01","__source_file__":"19-其它/13-历史版本数据/2017.10/都市高速路.shp"},"geometry":{"type":"LineString","coordinates":[[121.45043827600011,31.261291439000022],[121.45029795900007,31.261261192000024],[121.45008748400006,31.261220818000012]]}},{"id":"715","type":"Feature","properties":{"Direction":"2","Kind":"0105|010b","PathName":null,"一级分类":"01","__source_file__":"19-其它/13-历史版本数据/2017.10/都市高速路.shp"},"geometry":{"type":"LineString","coordinates":[[121.45042823800009,31.26136138900001],[121.45029794600009,31.261331160000015],[121.45025785300004,31.26133108500001],[121.45018769600004,31.261310964000014],[121.45004737900003,31.261280717000016]]}},{"id":"716","type":"Feature","properties":{"Direction":"2","Kind":"0102|010c","PathName":"内环高架路","一级分类":"01","__source_file__":"19-其它/13-历史版本数据/2017.10/都市高速路.shp"},"geometry":{"type":"LineString","coordinates":[[121.45115990700003,31.261422722000024],[121.45043827600011,31.261291439000022]]}},{"id":"717","type":"Feature","properties":{"Direction":"2","Kind":"0105|010b","PathName":null,"一级分类":"01","__source_file__":"19-其它/13-历史版本数据/2017.10/都市高速路.shp"},"geometry":{"type":"LineString","coordinates":[[121.4514204960001,31.26147318300002],[121.45121001300005,31.261472792000017],[121.4510295980001,31.26147245700001],[121.45042823800009,31.26136138900001]]}},{"id":"718","type":"Feature","properties":{"Direction":"2","Kind":"0102|010c","PathName":"内环高架路","一级分类":"01","__source_file__":"19-其它/13-历史版本数据/2017.10/都市高速路.shp"},"geometry":{"type":"LineString","coordinates":[[121.4514204960001,31.26147318300002],[121.45115990700003,31.261422722000024]]}},{"id":"719","type":"Feature","properties":{"Direction":"3","Kind":"0102|010c","PathName":"内环高架路","一级分类":"01","__source_file__":"19-其它/13-历史版本数据/2017.10/都市高速路.shp"},"geometry":{"type":"LineString","coordinates":[[121.45256310000003,31.261585259000015],[121.45185149200007,31.261443999000008]]}},{"id":"720","type":"Feature","properties":{"Direction":"3","Kind":"0102|010c","PathName":"内环高架路","一级分类":"01","__source_file__":"19-其它/13-历史版本数据/2017.10/都市高速路.shp"},"geometry":{"type":"LineString","coordinates":[[121.4514204960001,31.26147318300002],[121.45183142200005,31.26156390700001]]}},{"id":"721","type":"Feature","properties":{"Direction":"3","Kind":"0102|010c","PathName":"内环高架路","一级分类":"01","__source_file__":"19-其它/13-历史版本数据/2017.10/都市高速路.shp"},"geometry":{"type":"LineString","coordinates":[[121.45497854000006,31.262129509000022],[121.45460770500007,31.26204885500002],[121.45432707400005,31.26197836400002],[121.45429700500006,31.26197830800001],[121.45426693700006,31.261968257000024],[121.45322459000009,31.261726425000024],[121.45256310000003,31.261585259000015]]}},{"id":"474","type":"Feature","properties":{"Direction":"3","Kind":"0103|010b|010c","PathName":"内环共和新路立交桥","一级分类":"01","__source_file__":"19-其它/13-历史版本数据/2017.10/都市高速路.shp"},"geometry":{"type":"LineString","coordinates":[[121.45561989800001,31.262710444000017],[121.45573011700003,31.26288057300002],[121.45582028700007,31.26307065600001],[121.4558803770001,31.26331066200001],[121.45586029000005,31.263510536000013],[121.45586028700006,31.263530527000015],[121.45585022800003,31.26371042900001],[121.45578002200011,31.263930201000008],[121.45550926200008,31.26461939100001],[121.45547917600005,31.264709294000014],[121.45533878700007,31.265038887000017]]}},{"id":"475","type":"Feature","properties":{"Direction":"3","Kind":"0103|010b|010c","PathName":"内环共和新路立交桥","一级分类":"01","__source_file__":"19-其它/13-历史版本数据/2017.10/都市高速路.shp"},"geometry":{"type":"LineString","coordinates":[[121.45533867100006,31.265618629000013],[121.45539882100002,31.265558768000023],[121.45552915000007,31.26540907600001],[121.45556926400002,31.265299200000015],[121.45558932000004,31.265249260000022],[121.45578987900002,31.264759850000015],[121.45582999500004,31.26463997900001],[121.45587010500005,31.264550093000015],[121.45600045900005,31.26428045600001],[121.45613080200009,31.26406079600001],[121.45617090800012,31.263990901000014],[121.45621101200004,31.263931003000014],[121.45630124800005,31.263791233000024],[121.45640150400006,31.26366147700001],[121.456511781,31.263541735000018],[121.4566521270001,31.263422049000017],[121.45670225100002,31.26338216000002],[121.45682254100007,31.263312415000016],[121.45695285400006,31.26324268900001],[121.45713328100008,31.263183051000016],[121.45718340000008,31.263163153000008],[121.4572736110001,31.263143330000023],[121.45750415500004,31.26307379000002]]}},{"id":"478","type":"Feature","properties":{"Direction":"3","Kind":"0102|010c","PathName":"南北高架路","一级分类":"01","__source_file__":"19-其它/13-历史版本数据/2017.10/都市高速路.shp"},"geometry":{"type":"LineString","coordinates":[[121.45543895100002,31.26536892600001],[121.45545901300011,31.265289000000013],[121.45550914800005,31.265189137000025],[121.45577990600009,31.264509943000025],[121.45582001600009,31.264420058000013]]}},{"id":"479","type":"Feature","properties":{"Direction":"3","Kind":"0103|010b|010c","PathName":"内环共和新路立交桥","一级分类":"01","__source_file__":"19-其它/13-历史版本数据/2017.10/都市高速路.shp"},"geometry":{"type":"LineString","coordinates":[[121.45533878700007,31.265038887000017],[121.45529867400013,31.26513876700001],[121.45523850600011,31.265288589000008]]}},{"id":"480","type":"Feature","properties":{"Direction":"3","Kind":"0102|010c","PathName":"南北高架路","一级分类":"01","__source_file__":"19-其它/13-历史版本数据/2017.10/都市高速路.shp"},"geometry":{"type":"LineString","coordinates":[[121.45546908600011,31.26503912900002],[121.4554089180001,31.265188950000013],[121.45537883300007,31.26526885800001],[121.455348748,31.265348768000013]]}},{"id":"481","type":"Feature","properties":{"Direction":"3","Kind":"0102|010c","PathName":"南北高架路","一级分类":"01","__source_file__":"19-其它/13-历史版本数据/2017.10/都市高速路.shp"},"geometry":{"type":"LineString","coordinates":[[121.455348748,31.265348768000013],[121.45531866100009,31.265438671000016]]}},{"id":"482","type":"Feature","properties":{"Direction":"3","Kind":"0102|010c","PathName":"南北高架路","一级分类":"01","__source_file__":"19-其它/13-历史版本数据/2017.10/都市高速路.shp"},"geometry":{"type":"LineString","coordinates":[[121.45539883900004,31.265468807000023],[121.45543895100002,31.26536892600001]]}},{"id":"483","type":"Feature","properties":{"Direction":"3","Kind":"0102|010c","PathName":"南北高架路","一级分类":"01","__source_file__":"19-其它/13-历史版本数据/2017.10/都市高速路.shp"},"geometry":{"type":"LineString","coordinates":[[121.45537878100004,31.26552874400001],[121.45539883900004,31.265468807000023]]}},{"id":"486","type":"Feature","properties":{"Direction":"3","Kind":"0102|010c","PathName":"南北高架路","一级分类":"01","__source_file__":"19-其它/13-历史版本数据/2017.10/都市高速路.shp"},"geometry":{"type":"LineString","coordinates":[[121.45533867100006,31.265618629000013],[121.45537878100004,31.26552874400001]]}},{"id":"487","type":"Feature","properties":{"Direction":"3","Kind":"0103|010b|010c","PathName":"内环共和新路立交桥","一级分类":"01","__source_file__":"19-其它/13-历史版本数据/2017.10/都市高速路.shp"},"geometry":{"type":"LineString","coordinates":[[121.45523850600011,31.265288589000008],[121.4550880810001,31.26568813100002],[121.45505799600006,31.26576803900001],[121.45503793600007,31.26583797100001],[121.4550178720001,31.265927893000008]]}},{"id":"722","type":"Feature","properties":{"Direction":"3","Kind":"0102|010c","PathName":"内环高架路","一级分类":"01","__source_file__":"19-其它/13-历史版本数据/2017.10/都市高速路.shp"},"geometry":{"type":"LineString","coordinates":[[121.45183142200005,31.26156390700001],[121.45378583200011,31.26196736200002],[121.4542568940001,31.262068194000012],[121.45429698400005,31.262078264000007],[121.45432705100005,31.262088315000014],[121.45461770300005,31.262168820000017],[121.4547981080001,31.26221913300002],[121.45503864600005,31.262289549000016]]}},{"id":"498","type":"Feature","properties":{"Direction":"3","Kind":"0103|010b|010c","PathName":"内环共和新路立交桥","一级分类":"01","__source_file__":"19-其它/13-历史版本数据/2017.10/都市高速路.shp"},"geometry":{"type":"LineString","coordinates":[[121.45490755700007,31.266237550000014],[121.45479724300004,31.266537211000013]]}},{"id":"500","type":"Feature","properties":{"Direction":"2","Kind":"0103|010b|010c","PathName":"内环共和新路立交桥","一级分类":"01","__source_file__":"19-其它/13-历史版本数据/2017.10/都市高速路.shp"},"geometry":{"type":"LineString","coordinates":[[121.45481726100002,31.266677186000013],[121.45480725200004,31.266607199000024],[121.45479724300004,31.266537211000013]]}},{"id":"501","type":"Feature","properties":{"Direction":"2","Kind":"0102|010c","PathName":"南北高架路","一级分类":"01","__source_file__":"19-其它/13-历史版本数据/2017.10/都市高速路.shp"},"geometry":{"type":"LineString","coordinates":[[121.45481726100002,31.266677186000013],[121.45484734600007,31.26659727800002]]}},{"id":"504","type":"Feature","properties":{"Direction":"2","Kind":"0102|010c","PathName":"南北高架路","一级分类":"01","__source_file__":"19-其它/13-历史版本数据/2017.10/都市高速路.shp"},"geometry":{"type":"LineString","coordinates":[[121.45477714900004,31.266777067000024],[121.45481726100002,31.266677186000013]]}},{"id":"506","type":"Feature","properties":{"Direction":"3","Kind":"0102|010c","PathName":"南北高架路","一级分类":"01","__source_file__":"19-其它/13-历史版本数据/2017.10/都市高速路.shp"},"geometry":{"type":"LineString","coordinates":[[121.45487737200007,31.266817236000012],[121.45490745900008,31.266727332000016]]}},{"id":"507","type":"Feature","properties":{"Direction":"2","Kind":"0102|010c","PathName":"南北高架路","一级分类":"01","__source_file__":"19-其它/13-历史版本数据/2017.10/都市高速路.shp"},"geometry":{"type":"LineString","coordinates":[[121.45457658800001,31.267276471000017],[121.45460667100009,31.267206558000016],[121.45463676100009,31.267106658000017],[121.45477714900004,31.266777067000024]]}},{"id":"508","type":"Feature","properties":{"Direction":"3","Kind":"0102|010c","PathName":"南北高架路","一级分类":"01","__source_file__":"19-其它/13-历史版本数据/2017.10/都市高速路.shp"},"geometry":{"type":"LineString","coordinates":[[121.4546868330001,31.26731665900002],[121.45470689500009,31.26723673200002],[121.45473698100011,31.267156823000008],[121.45487737200007,31.266817236000012]]}},{"id":"511","type":"Feature","properties":{"Direction":"2","Kind":"0102|010c","PathName":"南北高架路","一级分类":"01","__source_file__":"19-其它/13-历史版本数据/2017.10/都市高速路.shp"},"geometry":{"type":"LineString","coordinates":[[121.45441614000003,31.267675994000015],[121.45457658800001,31.267276471000017]]}},{"id":"512","type":"Feature","properties":{"Direction":"3","Kind":"0102|010c","PathName":"南北高架路","一级分类":"01","__source_file__":"19-其它/13-历史版本数据/2017.10/都市高速路.shp"},"geometry":{"type":"LineString","coordinates":[[121.45452638300004,31.267726177000018],[121.4546868330001,31.26731665900002]]}},{"id":"488","type":"Feature","properties":{"Direction":"3","Kind":"0102|010c","PathName":"南北高架路","一级分类":"01","__source_file__":"19-其它/13-历史版本数据/2017.10/都市高速路.shp"},"geometry":{"type":"LineString","coordinates":[[121.45531866100009,31.265438671000016],[121.45516824100002,31.265808227000008]]}},{"id":"490","type":"Feature","properties":{"Direction":"2","Kind":"0103|010b|010c","PathName":"内环共和新路立交桥","一级分类":"01","__source_file__":"19-其它/13-历史版本数据/2017.10/都市高速路.shp"},"geometry":{"type":"LineString","coordinates":[[121.4550178720001,31.265927893000008],[121.45509806800008,31.265868070000014],[121.45516824100002,31.265808227000008]]}},{"id":"492","type":"Feature","properties":{"Direction":"3","Kind":"0102|010c","PathName":"南北高架路","一级分类":"01","__source_file__":"19-其它/13-历史版本数据/2017.10/都市高速路.shp"},"geometry":{"type":"LineString","coordinates":[[121.45516824100002,31.265808227000008],[121.45501782600002,31.266157791000015]]}},{"id":"494","type":"Feature","properties":{"Direction":"3","Kind":"0103|010b|010c","PathName":"内环共和新路立交桥","一级分类":"01","__source_file__":"19-其它/13-历史版本数据/2017.10/都市高速路.shp"},"geometry":{"type":"LineString","coordinates":[[121.4550178720001,31.265927893000008],[121.4549978120001,31.265997825000014],[121.45490755700007,31.266237550000014]]}},{"id":"495","type":"Feature","properties":{"Direction":"3","Kind":"0102|010c","PathName":"南北高架路","一级分类":"01","__source_file__":"19-其它/13-历史版本数据/2017.10/都市高速路.shp"},"geometry":{"type":"LineString","coordinates":[[121.45494757000004,31.26662745100002],[121.45533867100006,31.265618629000013]]}},{"id":"497","type":"Feature","properties":{"Direction":"2","Kind":"0102|010c","PathName":"南北高架路","一级分类":"01","__source_file__":"19-其它/13-历史版本数据/2017.10/都市高速路.shp"},"geometry":{"type":"LineString","coordinates":[[121.45484734600007,31.26659727800002],[121.45498774300007,31.266227704000016],[121.45501782600002,31.266157791000015]]}},{"id":"503","type":"Feature","properties":{"Direction":"3","Kind":"0102|010c","PathName":"南北高架路","一级分类":"01","__source_file__":"19-其它/13-历史版本数据/2017.10/都市高速路.shp"},"geometry":{"type":"LineString","coordinates":[[121.45490745900008,31.266727332000016],[121.45492751200004,31.26668738700002],[121.45494757000004,31.26662745100002]]}},{"id":"513","type":"Feature","properties":{"Direction":"2","Kind":"0105|010b","PathName":null,"一级分类":"01","__source_file__":"19-其它/13-历史版本数据/2017.10/都市高速路.shp"},"geometry":{"type":"LineString","coordinates":[[121.45389477200001,31.268524643000024],[121.45408529000007,31.268125176000012],[121.45423569700007,31.267815595000016],[121.45451646800007,31.26718639800002],[121.45456660700007,31.26706654600001],[121.45467690700002,31.26683685300002],[121.45479724300004,31.266537211000013]]}},{"id":"515","type":"Feature","properties":{"Direction":"2","Kind":"0102|010c","PathName":"南北高架路","一级分类":"01","__source_file__":"19-其它/13-历史版本数据/2017.10/都市高速路.shp"},"geometry":{"type":"LineString","coordinates":[[121.45434594300002,31.26785578300002],[121.45441614000003,31.267675994000015]]}},{"id":"516","type":"Feature","properties":{"Direction":"3","Kind":"0102|010c","PathName":"南北高架路","一级分类":"01","__source_file__":"19-其它/13-历史版本数据/2017.10/都市高速路.shp"},"geometry":{"type":"LineString","coordinates":[[121.45379439600003,31.269254130000025],[121.45390468900007,31.269054425000025],[121.4541252780001,31.268645020000008],[121.45422554800007,31.26844529500002],[121.45441607600003,31.267995851000013],[121.45452638300004,31.267726177000018]]}},{"id":"517","type":"Feature","properties":{"Direction":"2","Kind":"0105|010b","PathName":null,"一级分类":"01","__source_file__":"19-其它/13-历史版本数据/2017.10/都市高速路.shp"},"geometry":{"type":"LineString","coordinates":[[121.45375439600004,31.268794260000025],[121.45386469400013,31.26857456400002],[121.45389477200001,31.268524643000024]]}},{"id":"518","type":"Feature","properties":{"Direction":"2","Kind":"0102|010c","PathName":"南北高架路","一级分类":"01","__source_file__":"19-其它/13-历史版本数据/2017.10/都市高速路.shp"},"geometry":{"type":"LineString","coordinates":[[121.4534936450001,31.26955343500002],[121.45368414700012,31.269233933000013],[121.45402505800007,31.268594854000014],[121.45416544200009,31.268285255000013],[121.4543359160001,31.26787575500002],[121.45434594300002,31.26785578300002]]}},{"id":"519","type":"Feature","properties":{"Direction":"2","Kind":"0105|010b","PathName":null,"一级分类":"01","__source_file__":"19-其它/13-历史版本数据/2017.10/都市高速路.shp"},"geometry":{"type":"LineString","coordinates":[[121.4536039850001,31.269123833000005],[121.45375439600004,31.268794260000025]]}},{"id":"520","type":"Feature","properties":{"Direction":"3","Kind":"0102|010c","PathName":"南北高架路","一级分类":"01","__source_file__":"19-其它/13-历史版本数据/2017.10/都市高速路.shp"},"geometry":{"type":"LineString","coordinates":[[121.45359386700011,31.26959360500001],[121.45370415700006,31.269413890000006],[121.45377434400008,31.269284080000023],[121.45379439600003,31.269254130000025]]}},{"id":"521","type":"Feature","properties":{"Direction":"2","Kind":"0105|010b","PathName":null,"一级分类":"01","__source_file__":"19-其它/13-历史版本数据/2017.10/都市高速路.shp"},"geometry":{"type":"LineString","coordinates":[[121.45318284800008,31.26997266700002],[121.45322296400002,31.26985279600001],[121.45345357500003,31.26944340900002],[121.4536039850001,31.269123833000005]]}},{"id":"522","type":"Feature","properties":{"Direction":"2","Kind":"0102|010c","PathName":"南北高架路","一级分类":"01","__source_file__":"19-其它/13-历史版本数据/2017.10/都市高速路.shp"},"geometry":{"type":"LineString","coordinates":[[121.45298231700006,31.27032213600002],[121.45320289200004,31.269982700000018],[121.45329312400008,31.269852927000017],[121.45342346000007,31.269673250000015],[121.4534936450001,31.26955343500002]]}},{"id":"523","type":"Feature","properties":{"Direction":"3","Kind":"0105|010b","PathName":null,"一级分类":"01","__source_file__":"19-其它/13-历史版本数据/2017.10/都市高速路.shp"},"geometry":{"type":"LineString","coordinates":[[121.45331307800008,31.27031275900002],[121.45339329500007,31.27015298000002],[121.45344342400006,31.270083105000012],[121.45354370200003,31.26984339900001],[121.45357380300004,31.269683527000012],[121.45359386700011,31.26959360500001]]}},{"id":"524","type":"Feature","properties":{"Direction":"3","Kind":"0102|010c","PathName":"南北高架路","一级分类":"01","__source_file__":"19-其它/13-历史版本数据/2017.10/都市高速路.shp"},"geometry":{"type":"LineString","coordinates":[[121.45310258100004,31.27038233400002],[121.45323292300009,31.27017267200002],[121.45332316000008,31.270022907000012],[121.45346352800004,31.269793272000015],[121.45359386700011,31.26959360500001]]}},{"id":"247","type":"Feature","properties":{"Direction":"3","Kind":"0105|010b","PathName":null,"一级分类":"01","__source_file__":"19-其它/13-历史版本数据/2017.10/都市高速路.shp"},"geometry":{"type":"LineString","coordinates":[[121.45324289300004,31.270432574000015],[121.45331307800008,31.27031275900002]]}},{"id":"248","type":"Feature","properties":{"Direction":"3","Kind":"0102|010c","PathName":"南北高架路","一级分类":"01","__source_file__":"19-其它/13-历史版本数据/2017.10/都市高速路.shp"},"geometry":{"type":"LineString","coordinates":[[121.45292210900006,31.270671868000008],[121.45310258100004,31.27038233400002]]}},{"id":"249","type":"Feature","properties":{"Direction":"3","Kind":"0105|010b","PathName":null,"一级分类":"01","__source_file__":"19-其它/13-历史版本数据/2017.10/都市高速路.shp"},"geometry":{"type":"LineString","coordinates":[[121.45309249800005,31.270682182000016],[121.4531326020001,31.270622283000012],[121.45324289300004,31.270432574000015]]}},{"id":"250","type":"Feature","properties":{"Direction":"3","Kind":"0105|010b","PathName":null,"一级分类":"01","__source_file__":"19-其它/13-历史版本数据/2017.10/都市高速路.shp"},"geometry":{"type":"LineString","coordinates":[[121.45203977400001,31.27220953100002],[121.45211996400008,31.27217969400002],[121.45217008900009,31.27212981100001],[121.45247087400004,31.271660583000013],[121.45282179000003,31.271111484000016],[121.45309249800005,31.270682182000016]]}},{"id":"263","type":"Feature","properties":{"Direction":"3","Kind":"0102|010c","PathName":"南北高架路","一级分类":"01","__source_file__":"19-其它/13-历史版本数据/2017.10/都市高速路.shp"},"geometry":{"type":"LineString","coordinates":[[121.44830229710914,31.278044562538867],[121.44837021100011,31.277870114000013],[121.4484003010001,31.277770216000004],[121.4484103300001,31.277740247000015],[121.44854068900008,31.27744062700002],[121.44875126000012,31.27700122100002],[121.44900193400008,31.276511911000014],[121.44931274600005,31.27602271400002],[121.4494230360001,31.275843002000016],[121.44963358300002,31.27552354000001],[121.44980402400004,31.27527397100002],[121.45044568800006,31.274325599000004],[121.451087346,31.273407212000013],[121.45109737400004,31.273387240000023],[121.45132796900009,31.273057819000016],[121.45183929100007,31.272319107000015],[121.45210999500011,31.27190979700002],[121.45251103900013,31.271300818000014],[121.45292210900006,31.270671868000008]]}},{"id":"264","type":"Feature","properties":{"Direction":"2","Kind":"0102|010c","PathName":"南北高架路","一级分类":"01","__source_file__":"19-其它/13-历史版本数据/2017.10/都市高速路.shp"},"geometry":{"type":"LineString","coordinates":[[121.4481513563254,31.278014887256514],[121.44820984700006,31.27784982300001],[121.44825998600002,31.277729971000014],[121.44829006900011,31.277660058000006],[121.4484304560001,31.277340465000012],[121.44861094400005,31.27697097100001],[121.4488415620001,31.27653160200002],[121.44919248400004,31.275952520000015],[121.44934287500008,31.27572290500001],[121.44951331900005,31.27546334100002],[121.44971384000007,31.27516385200002],[121.45093701100005,31.273356954000008],[121.45095706500003,31.27331700900001],[121.45148843900006,31.272548348000015],[121.45165887900009,31.27230877400001],[121.45234065000011,31.27128050900001],[121.45269156300004,31.270751402000013],[121.45298231700006,31.27032213600002]]}}],"name":"都市高速路","crs":{"type":"name","properties":{"name":"urn:ogc:def:crs:OGC:1.3:CRS84"}}}