{"type":"FeatureCollection","features":[{"id":"517","type":"Feature","properties":{"gml_id":"layer_pedestrian_road_pl.119174","Name":null,"pyname":null,"kind":"0b01","width":"30","length":"0.026","speedclass":"8","__source_file__":"04-交通数据/1-交通路网/2-分类图层/上海市_行人道路.shp"},"geometry":{"type":"LineString","coordinates":[[121.47272964,31.22090357],[121.47272028,31.22104374],[121.47271056,31.22110382],[121.47270066,31.22113383]]}},{"id":"515","type":"Feature","properties":{"gml_id":"layer_pedestrian_road_pl.119172","Name":null,"pyname":null,"kind":"0b01","width":"30","length":"0.036","speedclass":"8","__source_file__":"04-交通数据/1-交通路网/2-分类图层/上海市_行人道路.shp"},"geometry":{"type":"LineString","coordinates":[[121.47351408,31.22105607],[121.47349554,31.22137652]]}},{"id":"518","type":"Feature","properties":{"gml_id":"layer_pedestrian_road_pl.119175","Name":null,"pyname":null,"kind":"0b01","width":"30","length":"0.057","speedclass":"8","__source_file__":"04-交通数据/1-交通路网/2-分类图层/上海市_行人道路.shp"},"geometry":{"type":"LineString","coordinates":[[121.47270066,31.22113383],[121.47265062,31.22118378],[121.47258042,31.22120358],[121.47236946,31.22124305],[121.47228936,31.22128287],[121.47223932,31.22133282],[121.47220944,31.22138282]]}},{"id":"521","type":"Feature","properties":{"gml_id":"layer_pedestrian_road_pl.119178","Name":null,"pyname":null,"kind":"0b01","width":"30","length":"0.050","speedclass":"8","__source_file__":"04-交通数据/1-交通路网/2-分类图层/上海市_行人道路.shp"},"geometry":{"type":"LineString","coordinates":[[121.47270066,31.22113383],[121.47277104,31.22114405],[121.47283152,31.22118432],[121.47288192,31.22124453],[121.47291252,31.22134479],[121.47292332,31.22149505]]}},{"id":"528","type":"Feature","properties":{"gml_id":"layer_pedestrian_road_pl.119185","Name":null,"pyname":null,"kind":"0b01","width":"30","length":"0.010","speedclass":"8","__source_file__":"04-交通数据/1-交通路网/2-分类图层/上海市_行人道路.shp"},"geometry":{"type":"LineString","coordinates":[[121.47220944,31.22138282],[121.47219972,31.22147291]]}},{"id":"519","type":"Feature","properties":{"gml_id":"layer_pedestrian_road_pl.119176","Name":null,"pyname":null,"kind":"0b01","width":"30","length":"0.057","speedclass":"8","__source_file__":"04-交通数据/1-交通路网/2-分类图层/上海市_行人道路.shp"},"geometry":{"type":"LineString","coordinates":[[121.47349554,31.22137652],[121.47337512,31.22142624],[121.47323472,31.22146593],[121.47307398,31.2214955],[121.47292332,31.22149505]]}},{"id":"81","type":"Feature","properties":{"gml_id":"layer_pedestrian_road_pl.118738","Name":null,"pyname":null,"kind":"0b01","width":"30","length":"0.033","speedclass":"8","__source_file__":"04-交通数据/1-交通路网/2-分类图层/上海市_行人道路.shp"},"geometry":{"type":"LineString","coordinates":[[121.47333588,31.22162645],[121.47344586,31.22152664],[121.47349554,31.22137652]]}},{"id":"526","type":"Feature","properties":{"gml_id":"layer_pedestrian_road_pl.119183","Name":null,"pyname":null,"kind":"0b01","width":"30","length":"0.024","speedclass":"8","__source_file__":"04-交通数据/1-交通路网/2-分类图层/上海市_行人道路.shp"},"geometry":{"type":"LineString","coordinates":[[121.4720901,31.22165286],[121.47208974,31.22159279],[121.47211962,31.22152277],[121.47215958,31.22149284],[121.47219972,31.22147291]]}},{"id":"527","type":"Feature","properties":{"gml_id":"layer_pedestrian_road_pl.119184","Name":null,"pyname":null,"kind":"0b01","width":"30","length":"0.041","speedclass":"8","__source_file__":"04-交通数据/1-交通路网/2-分类图层/上海市_行人道路.shp"},"geometry":{"type":"LineString","coordinates":[[121.47219972,31.22147291],[121.47232032,31.22147327],[121.4724411,31.22152371],[121.4724717,31.22159391],[121.47248196,31.22167406]]}},{"id":"529","type":"Feature","properties":{"gml_id":"layer_pedestrian_road_pl.119186","Name":null,"pyname":null,"kind":"0b01","width":"30","length":"0.053","speedclass":"8","__source_file__":"04-交通数据/1-交通路网/2-分类图层/上海市_行人道路.shp"},"geometry":{"type":"LineString","coordinates":[[121.47178626,31.2211512],[121.47179598,31.22106111],[121.4718057,31.22098101],[121.47185556,31.22091104],[121.47203574,31.22075133]]}},{"id":"516","type":"Feature","properties":{"gml_id":"layer_pedestrian_road_pl.119173","Name":null,"pyname":null,"kind":"0b01","width":"30","length":"0.054","speedclass":"8","__source_file__":"04-交通数据/1-交通路网/2-分类图层/上海市_行人道路.shp"},"geometry":{"type":"LineString","coordinates":[[121.47178626,31.2211512],[121.47189678,31.22114153],[121.4719974,31.22116187],[121.47208794,31.22120219],[121.47215868,31.22126249],[121.47220944,31.22138282]]}},{"id":"80","type":"Feature","properties":{"gml_id":"layer_pedestrian_road_pl.118737","Name":null,"pyname":null,"kind":"0b01","width":"30","length":"0.053","speedclass":"8","__source_file__":"04-交通数据/1-交通路网/2-分类图层/上海市_行人道路.shp"},"geometry":{"type":"LineString","coordinates":[[121.47163776,31.22160147],[121.47165684,31.22140122],[121.47169662,31.22129115],[121.47178626,31.2211512]]}},{"id":"79","type":"Feature","properties":{"gml_id":"layer_pedestrian_road_pl.118736","Name":null,"pyname":null,"kind":"0b01","width":"30","length":"0.038","speedclass":"8","__source_file__":"04-交通数据/1-交通路网/2-分类图层/上海市_行人道路.shp"},"geometry":{"type":"LineString","coordinates":[[121.47127524,31.22145018],[121.47163776,31.22160147]]}},{"id":"525","type":"Feature","properties":{"gml_id":"layer_pedestrian_road_pl.119182","Name":null,"pyname":null,"kind":"0b01","width":"30","length":"0.049","speedclass":"8","__source_file__":"04-交通数据/1-交通路网/2-分类图层/上海市_行人道路.shp"},"geometry":{"type":"LineString","coordinates":[[121.47163776,31.22160147],[121.471758,31.22154176],[121.47186852,31.22153204],[121.47197922,31.22156241],[121.4720901,31.22165286]]}},{"id":"1571","type":"Feature","properties":{"gml_id":"layer_pedestrian_road_pl.120228","Name":null,"pyname":null,"kind":"0b01","width":"30","length":"0.068","speedclass":"8","__source_file__":"04-交通数据/1-交通路网/2-分类图层/上海市_行人道路.shp"},"geometry":{"type":"LineString","coordinates":[[121.47050214,31.2215481],[121.47119604,31.22170034]]}},{"id":"6184","type":"Feature","properties":{"gml_id":"layer_pedestrian_road_pl.125085","Name":null,"pyname":null,"kind":"0b01","width":"30","length":"0.046","speedclass":"8","__source_file__":"04-交通数据/1-交通路网/2-分类图层/上海市_行人道路.shp"},"geometry":{"type":"LineString","coordinates":[[121.47115662,31.22185046],[121.47108624,31.22184024],[121.47091524,31.2217997],[121.47068376,31.22173895]]}},{"id":"512","type":"Feature","properties":{"gml_id":"layer_pedestrian_road_pl.119169","Name":null,"pyname":null,"kind":"0b01","width":"30","length":"0.061","speedclass":"8","__source_file__":"04-交通数据/1-交通路网/2-分类图层/上海市_行人道路.shp"},"geometry":{"type":"LineString","coordinates":[[121.47163776,31.22160147],[121.47172866,31.22173197],[121.47173928,31.22183214],[121.47165954,31.22197214],[121.47157962,31.22209206]]}},{"id":"5985","type":"Feature","properties":{"gml_id":"layer_pedestrian_road_pl.124886","Name":null,"pyname":null,"kind":"0b01","width":"30","length":"0.021","speedclass":"8","__source_file__":"04-交通数据/1-交通路网/2-分类图层/上海市_行人道路.shp"},"geometry":{"type":"LineString","coordinates":[[121.47079518,31.22192957],[121.47073578,31.22210966]]}},{"id":"514","type":"Feature","properties":{"gml_id":"layer_pedestrian_road_pl.119171","Name":null,"pyname":null,"kind":"0b01","width":"30","length":"0.046","speedclass":"8","__source_file__":"04-交通数据/1-交通路网/2-分类图层/上海市_行人道路.shp"},"geometry":{"type":"LineString","coordinates":[[121.47110694,31.22200058],[121.47157962,31.22209206]]}},{"id":"520","type":"Feature","properties":{"gml_id":"layer_pedestrian_road_pl.119177","Name":null,"pyname":null,"kind":"0b01","width":"30","length":"0.042","speedclass":"8","__source_file__":"04-交通数据/1-交通路网/2-分类图层/上海市_行人道路.shp"},"geometry":{"type":"LineString","coordinates":[[121.47292332,31.22149505],[121.47278256,31.22149464],[121.47269238,31.22152443],[121.47264234,31.22157438],[121.47262272,31.2216845]]}},{"id":"522","type":"Feature","properties":{"gml_id":"layer_pedestrian_road_pl.119179","Name":null,"pyname":null,"kind":"0b01","width":"30","length":"0.068","speedclass":"8","__source_file__":"04-交通数据/1-交通路网/2-分类图层/上海市_行人道路.shp"},"geometry":{"type":"LineString","coordinates":[[121.47333588,31.22162645],[121.4731251,31.2216759],[121.47280362,31.22169503],[121.47262272,31.2216845]]}},{"id":"1300","type":"Feature","properties":{"gml_id":"layer_pedestrian_road_pl.119957","Name":null,"pyname":null,"kind":"0b01","width":"30","length":"0.098","speedclass":"8","__source_file__":"04-交通数据/1-交通路网/2-分类图层/上海市_行人道路.shp"},"geometry":{"type":"LineString","coordinates":[[121.47349554,31.22137652],[121.47359598,31.22139686],[121.47371694,31.2214473],[121.47383772,31.2214977],[121.47393834,31.22155809],[121.47405948,31.22164859],[121.4740998,31.2217088],[121.47411006,31.22175893],[121.47415128,31.22195936]]}},{"id":"523","type":"Feature","properties":{"gml_id":"layer_pedestrian_road_pl.119180","Name":null,"pyname":null,"kind":"0b01","width":"30","length":"0.013","speedclass":"8","__source_file__":"04-交通数据/1-交通路网/2-分类图层/上海市_行人道路.shp"},"geometry":{"type":"LineString","coordinates":[[121.47262272,31.2216845],[121.47248196,31.22167406]]}},{"id":"524","type":"Feature","properties":{"gml_id":"layer_pedestrian_road_pl.119181","Name":null,"pyname":null,"kind":"0b01","width":"30","length":"0.055","speedclass":"8","__source_file__":"04-交通数据/1-交通路网/2-分类图层/上海市_行人道路.shp"},"geometry":{"type":"LineString","coordinates":[[121.47248196,31.22167406],[121.47243228,31.22176406],[121.47236208,31.22180388],[121.47226164,31.22181365],[121.47216102,31.22178327],[121.47210036,31.22172302],[121.4720901,31.22165286]]}},{"id":"86","type":"Feature","properties":{"gml_id":"layer_pedestrian_road_pl.118743","Name":null,"pyname":null,"kind":"0b14","width":"30","length":"0.022","speedclass":"8","__source_file__":"04-交通数据/1-交通路网/2-分类图层/上海市_行人道路.shp"},"geometry":{"type":"LineString","coordinates":[[121.4747235,31.22184083],[121.4747829,31.2216507]]}},{"id":"84","type":"Feature","properties":{"gml_id":"layer_pedestrian_road_pl.118741","Name":null,"pyname":null,"kind":"0b14","width":"30","length":"0.050","speedclass":"8","__source_file__":"04-交通数据/1-交通路网/2-分类图层/上海市_行人道路.shp"},"geometry":{"type":"LineString","coordinates":[[121.47424164,31.22194959],[121.47437232,31.22197002],[121.4744427,31.22196021],[121.47458292,31.22186045],[121.47465312,31.2218406],[121.4747235,31.22184083]]}},{"id":"85","type":"Feature","properties":{"gml_id":"layer_pedestrian_road_pl.118742","Name":null,"pyname":null,"kind":"0b14","width":"30","length":"0.076","speedclass":"8","__source_file__":"04-交通数据/1-交通路网/2-分类图层/上海市_行人道路.shp"},"geometry":{"type":"LineString","coordinates":[[121.4747235,31.22184083],[121.47481404,31.22186112],[121.4748846,31.22191139],[121.47495534,31.22202177],[121.4749962,31.22215209],[121.47505668,31.22221235],[121.47512706,31.22222261],[121.4752275,31.22222288],[121.47525756,31.22219291]]}},{"id":"1301","type":"Feature","properties":{"gml_id":"layer_pedestrian_road_pl.119958","Name":null,"pyname":null,"kind":"0b01","width":"30","length":"0.019","speedclass":"8","__source_file__":"04-交通数据/1-交通路网/2-分类图层/上海市_行人道路.shp"},"geometry":{"type":"LineString","coordinates":[[121.47415128,31.22195936],[121.47418224,31.22212968]]}},{"id":"82","type":"Feature","properties":{"gml_id":"layer_pedestrian_road_pl.118739","Name":null,"pyname":null,"kind":"0b14","width":"30","length":"0.038","speedclass":"8","__source_file__":"04-交通数据/1-交通路网/2-分类图层/上海市_行人道路.shp"},"geometry":{"type":"LineString","coordinates":[[121.47525756,31.22219291],[121.4753076,31.22215299],[121.47550758,31.22192322]]}},{"id":"6812","type":"Feature","properties":{"gml_id":"layer_pedestrian_road_pl.125770","Name":null,"pyname":null,"kind":"0b01","width":"30","length":"0.006","speedclass":"8","__source_file__":"04-交通数据/1-交通路网/2-分类图层/上海市_行人道路.shp"},"geometry":{"type":"LineString","coordinates":[[121.47073578,31.22210966],[121.47079608,31.22212986]]}},{"id":"6813","type":"Feature","properties":{"gml_id":"layer_pedestrian_road_pl.125771","Name":null,"pyname":null,"kind":"0b01","width":"30","length":"0.017","speedclass":"8","__source_file__":"04-交通数据/1-交通路网/2-分类图层/上海市_行人道路.shp"},"geometry":{"type":"LineString","coordinates":[[121.47079608,31.22212986],[121.47096708,31.22217041]]}},{"id":"6814","type":"Feature","properties":{"gml_id":"layer_pedestrian_road_pl.125772","Name":null,"pyname":null,"kind":"0b01","width":"30","length":"0.009","speedclass":"8","__source_file__":"04-交通数据/1-交通路网/2-分类图层/上海市_行人道路.shp"},"geometry":{"type":"LineString","coordinates":[[121.47096708,31.22217041],[121.47105762,31.2221907]]}},{"id":"6335","type":"Feature","properties":{"gml_id":"layer_pedestrian_road_pl.125236","Name":null,"pyname":null,"kind":"0b01","width":"30","length":"0.020","speedclass":"8","__source_file__":"04-交通数据/1-交通路网/2-分类图层/上海市_行人道路.shp"},"geometry":{"type":"LineString","coordinates":[[121.47073578,31.22210966],[121.4706762,31.22227976]]}},{"id":"6337","type":"Feature","properties":{"gml_id":"layer_pedestrian_road_pl.125238","Name":null,"pyname":null,"kind":"0b01","width":"30","length":"0.032","speedclass":"8","__source_file__":"04-交通数据/1-交通路网/2-分类图层/上海市_行人道路.shp"},"geometry":{"type":"LineString","coordinates":[[121.47035418,31.22217864],[121.4706762,31.22227976]]}},{"id":"6338","type":"Feature","properties":{"gml_id":"layer_pedestrian_road_pl.125239","Name":null,"pyname":null,"kind":"0b01","width":"30","length":"0.034","speedclass":"8","__source_file__":"04-交通数据/1-交通路网/2-分类图层/上海市_行人道路.shp"},"geometry":{"type":"LineString","coordinates":[[121.4710182,31.22237088],[121.4706762,31.22227976]]}},{"id":"6336","type":"Feature","properties":{"gml_id":"layer_pedestrian_road_pl.125237","Name":null,"pyname":null,"kind":"0b01","width":"30","length":"0.015","speedclass":"8","__source_file__":"04-交通数据/1-交通路网/2-分类图层/上海市_行人道路.shp"},"geometry":{"type":"LineString","coordinates":[[121.4706762,31.22227976],[121.47064668,31.22240985]]}},{"id":"513","type":"Feature","properties":{"gml_id":"layer_pedestrian_road_pl.119170","Name":null,"pyname":null,"kind":"0b01","width":"30","length":"0.065","speedclass":"8","__source_file__":"04-交通数据/1-交通路网/2-分类图层/上海市_行人道路.shp"},"geometry":{"type":"LineString","coordinates":[[121.47157962,31.22209206],[121.47153966,31.22214206],[121.47152994,31.22222216],[121.47156036,31.22228232],[121.4717121,31.22248307],[121.47178302,31.22261348]]}},{"id":"6334","type":"Feature","properties":{"gml_id":"layer_pedestrian_road_pl.125235","Name":null,"pyname":null,"kind":"0b01","width":"30","length":"0.033","speedclass":"8","__source_file__":"04-交通数据/1-交通路网/2-分类图层/上海市_行人道路.shp"},"geometry":{"type":"LineString","coordinates":[[121.47031476,31.22231877],[121.47064668,31.22240985]]}},{"id":"6333","type":"Feature","properties":{"gml_id":"layer_pedestrian_road_pl.125234","Name":null,"pyname":null,"kind":"0b01","width":"30","length":"0.011","speedclass":"8","__source_file__":"04-交通数据/1-交通路网/2-分类图层/上海市_行人道路.shp"},"geometry":{"type":"LineString","coordinates":[[121.47064668,31.22240985],[121.47061698,31.22250993]]}},{"id":"83","type":"Feature","properties":{"gml_id":"layer_pedestrian_road_pl.118740","Name":null,"pyname":null,"kind":"0b14","width":"30","length":"0.037","speedclass":"8","__source_file__":"04-交通数据/1-交通路网/2-分类图层/上海市_行人道路.shp"},"geometry":{"type":"LineString","coordinates":[[121.47525756,31.22219291],[121.47535836,31.2222533],[121.475439,31.22230361],[121.4755299,31.22242407]]}},{"id":"1297","type":"Feature","properties":{"gml_id":"layer_pedestrian_road_pl.119954","Name":null,"pyname":null,"kind":"0b14","width":"30","length":"0.007","speedclass":"8","__source_file__":"04-交通数据/1-交通路网/2-分类图层/上海市_行人道路.shp"},"geometry":{"type":"LineString","coordinates":[[121.47339708,31.22403039],[121.47338736,31.22409047]]}},{"id":"1298","type":"Feature","properties":{"gml_id":"layer_pedestrian_road_pl.119955","Name":null,"pyname":null,"kind":"0b14","width":"30","length":"0.006","speedclass":"8","__source_file__":"04-交通数据/1-交通路网/2-分类图层/上海市_行人道路.shp"},"geometry":{"type":"LineString","coordinates":[[121.47338736,31.22409047],[121.47337746,31.22414051]]}},{"id":"78","type":"Feature","properties":{"gml_id":"layer_pedestrian_road_pl.118735","Name":null,"pyname":null,"kind":"0b14","width":"30","length":"0.018","speedclass":"8","__source_file__":"04-交通数据/1-交通路网/2-分类图层/上海市_行人道路.shp"},"geometry":{"type":"LineString","coordinates":[[121.47337746,31.22414051],[121.47332796,31.22430062]]}},{"id":"77","type":"Feature","properties":{"gml_id":"layer_pedestrian_road_pl.118734","Name":null,"pyname":null,"kind":"0b14","width":"30","length":"0.014","speedclass":"8","__source_file__":"04-交通数据/1-交通路网/2-分类图层/上海市_行人道路.shp"},"geometry":{"type":"LineString","coordinates":[[121.47332796,31.22430062],[121.47344892,31.22437104]]}},{"id":"502","type":"Feature","properties":{"gml_id":"layer_pedestrian_road_pl.119159","Name":null,"pyname":null,"kind":"0b14","width":"30","length":"0.066","speedclass":"8","__source_file__":"04-交通数据/1-交通路网/2-分类图层/上海市_行人道路.shp"},"geometry":{"type":"LineString","coordinates":[[121.47273612,31.2244992],[121.47277608,31.22442918],[121.47288606,31.22433936],[121.47303672,31.22429976],[121.47315714,31.22428005],[121.47332796,31.22430062]]}},{"id":"76","type":"Feature","properties":{"gml_id":"layer_pedestrian_road_pl.118733","Name":null,"pyname":null,"kind":"0b14","width":"30","length":"0.109","speedclass":"8","__source_file__":"04-交通数据/1-交通路网/2-分类图层/上海市_行人道路.shp"},"geometry":{"type":"LineString","coordinates":[[121.47369192,31.22478239],[121.47381216,31.22468262],[121.47384204,31.22462259],[121.47386166,31.22455253],[121.47386112,31.22443233],[121.47385068,31.2243422],[121.47383034,31.22428203],[121.47382008,31.22425197],[121.47373962,31.22422169],[121.47337746,31.22414051]]}},{"id":"505","type":"Feature","properties":{"gml_id":"layer_pedestrian_road_pl.119162","Name":null,"pyname":null,"kind":"0b14","width":"30","length":"0.059","speedclass":"8","__source_file__":"04-交通数据/1-交通路网/2-分类图层/上海市_行人道路.shp"},"geometry":{"type":"LineString","coordinates":[[121.47293772,31.22464001],[121.4730882,31.22458034],[121.4732286,31.22453066],[121.4733591,31.22448098],[121.47338898,31.22446104],[121.47341904,31.22441105],[121.47344892,31.22437104]]}},{"id":"503","type":"Feature","properties":{"gml_id":"layer_pedestrian_road_pl.119160","Name":null,"pyname":null,"kind":"0b14","width":"30","length":"0.025","speedclass":"8","__source_file__":"04-交通数据/1-交通路网/2-分类图层/上海市_行人道路.shp"},"geometry":{"type":"LineString","coordinates":[[121.47273612,31.2244992],[121.47293772,31.22464001]]}},{"id":"74","type":"Feature","properties":{"gml_id":"layer_pedestrian_road_pl.118731","Name":null,"pyname":null,"kind":"0b14","width":"30","length":"0.052","speedclass":"8","__source_file__":"04-交通数据/1-交通路网/2-分类图层/上海市_行人道路.shp"},"geometry":{"type":"LineString","coordinates":[[121.47344892,31.22437104],[121.4735499,31.22449155],[121.47366114,31.22464212],[121.47369192,31.22478239]]}},{"id":"501","type":"Feature","properties":{"gml_id":"layer_pedestrian_road_pl.119158","Name":null,"pyname":null,"kind":"0b14","width":"30","length":"0.019","speedclass":"8","__source_file__":"04-交通数据/1-交通路网/2-分类图层/上海市_行人道路.shp"},"geometry":{"type":"LineString","coordinates":[[121.47271686,31.22466939],[121.47271632,31.22456922],[121.47273612,31.2244992]]}},{"id":"504","type":"Feature","properties":{"gml_id":"layer_pedestrian_road_pl.119161","Name":null,"pyname":null,"kind":"0b14","width":"30","length":"0.021","speedclass":"8","__source_file__":"04-交通数据/1-交通路网/2-分类图层/上海市_行人道路.shp"},"geometry":{"type":"LineString","coordinates":[[121.47271686,31.22466939],[121.4728173,31.22465967],[121.47287742,31.22464982],[121.47293772,31.22464001]]}},{"id":"73","type":"Feature","properties":{"gml_id":"layer_pedestrian_road_pl.118730","Name":null,"pyname":null,"kind":"0b14","width":"30","length":"0.039","speedclass":"8","__source_file__":"04-交通数据/1-交通路网/2-分类图层/上海市_行人道路.shp"},"geometry":{"type":"LineString","coordinates":[[121.47273846,31.22502003],[121.47275826,31.22492994],[121.47274746,31.22478968],[121.47271686,31.22466939]]}},{"id":"506","type":"Feature","properties":{"gml_id":"layer_pedestrian_road_pl.119163","Name":null,"pyname":null,"kind":"0b14","width":"30","length":"0.054","speedclass":"8","__source_file__":"04-交通数据/1-交通路网/2-分类图层/上海市_行人道路.shp"},"geometry":{"type":"LineString","coordinates":[[121.47293772,31.22464001],[121.47302862,31.22473041],[121.4731197,31.2248709],[121.47321096,31.22506143]]}},{"id":"75","type":"Feature","properties":{"gml_id":"layer_pedestrian_road_pl.118732","Name":null,"pyname":null,"kind":"0b14","width":"30","length":"0.071","speedclass":"8","__source_file__":"04-交通数据/1-交通路网/2-分类图层/上海市_行人道路.shp"},"geometry":{"type":"LineString","coordinates":[[121.47369192,31.22478239],[121.47369264,31.22492261],[121.47365286,31.22500262],[121.47353262,31.22509244],[121.47337206,31.22515206],[121.47322158,31.22517164]]}},{"id":"507","type":"Feature","properties":{"gml_id":"layer_pedestrian_road_pl.119164","Name":null,"pyname":null,"kind":"0b14","width":"30","length":"0.051","speedclass":"8","__source_file__":"04-交通数据/1-交通路网/2-分类图层/上海市_行人道路.shp"},"geometry":{"type":"LineString","coordinates":[[121.47273846,31.22502003],[121.47284934,31.22510045],[121.4729199,31.22514072],[121.4729802,31.2251409],[121.47305058,31.22513109],[121.47321096,31.22506143]]}},{"id":"508","type":"Feature","properties":{"gml_id":"layer_pedestrian_road_pl.119165","Name":null,"pyname":null,"kind":"0b14","width":"30","length":"0.012","speedclass":"8","__source_file__":"04-交通数据/1-交通路网/2-分类图层/上海市_行人道路.shp"},"geometry":{"type":"LineString","coordinates":[[121.47321096,31.22506143],[121.47322158,31.22517164]]}},{"id":"509","type":"Feature","properties":{"gml_id":"layer_pedestrian_road_pl.119166","Name":null,"pyname":null,"kind":"0b14","width":"30","length":"0.017","speedclass":"8","__source_file__":"04-交通数据/1-交通路网/2-分类图层/上海市_行人道路.shp"},"geometry":{"type":"LineString","coordinates":[[121.47322158,31.22517164],[121.47321222,31.22532185]]}},{"id":"72","type":"Feature","properties":{"gml_id":"layer_pedestrian_road_pl.118729","Name":null,"pyname":null,"kind":"0b14","width":"30","length":"0.089","speedclass":"8","__source_file__":"04-交通数据/1-交通路网/2-分类图层/上海市_行人道路.shp"},"geometry":{"type":"LineString","coordinates":[[121.4730828,31.22560193],[121.47279102,31.2255009],[121.47271038,31.2254406],[121.47266988,31.22538039],[121.47265926,31.22526015],[121.47273846,31.22502003]]}},{"id":"510","type":"Feature","properties":{"gml_id":"layer_pedestrian_road_pl.119167","Name":null,"pyname":null,"kind":"0b14","width":"30","length":"0.021","speedclass":"8","__source_file__":"04-交通数据/1-交通路网/2-分类图层/上海市_行人道路.shp"},"geometry":{"type":"LineString","coordinates":[[121.47321222,31.22532185],[121.47343344,31.22536257]]}},{"id":"511","type":"Feature","properties":{"gml_id":"layer_pedestrian_road_pl.119168","Name":"肇方弄","pyname":"zfl","kind":"0b01","width":"30","length":"0.083","speedclass":"8","__source_file__":"04-交通数据/1-交通路网/2-分类图层/上海市_行人道路.shp"},"geometry":{"type":"LineString","coordinates":[[121.47961554,31.22376804],[121.4796724597186,31.223651960105776]]}},{"id":"27","type":"Feature","properties":{"gml_id":"layer_pedestrian_road_pl.118684","Name":"寿宁路","pyname":"snl","kind":"0b01","width":"30","length":"0.168","speedclass":"8","__source_file__":"04-交通数据/1-交通路网/2-分类图层/上海市_行人道路.shp"},"geometry":{"type":"LineString","coordinates":[[121.47853122,31.22614859],[121.47686082,31.22562294]]}},{"id":"6890","type":"Feature","properties":{"gml_id":"layer_pedestrian_road_pl.125850","Name":null,"pyname":null,"kind":"0b01","width":"30","length":"0.028","speedclass":"8","__source_file__":"04-交通数据/1-交通路网/2-分类图层/上海市_行人道路.shp"},"geometry":{"type":"LineString","coordinates":[[121.4790471,31.22690126],[121.47907734,31.22691138],[121.4790975,31.22694149],[121.47911784,31.22699162],[121.47910794,31.22703162],[121.47906798,31.22706159],[121.47900768,31.2270714]]}},{"id":"6891","type":"Feature","properties":{"gml_id":"layer_pedestrian_road_pl.125851","Name":null,"pyname":null,"kind":"0b01","width":"30","length":"0.042","speedclass":"8","__source_file__":"04-交通数据/1-交通路网/2-分类图层/上海市_行人道路.shp"},"geometry":{"type":"LineString","coordinates":[[121.47900768,31.2270714],[121.47896736,31.22703122],[121.47891696,31.22701106],[121.47882642,31.2270008],[121.47877638,31.22702064],[121.4787564,31.22704062],[121.47876648,31.22708072],[121.47878682,31.22712086],[121.47879708,31.22716095]]}},{"id":"6893","type":"Feature","properties":{"gml_id":"layer_pedestrian_road_pl.125853","Name":null,"pyname":null,"kind":"0b01","width":"30","length":"0.006","speedclass":"8","__source_file__":"04-交通数据/1-交通路网/2-分类图层/上海市_行人道路.shp"},"geometry":{"type":"LineString","coordinates":[[121.47900786,31.22712149],[121.47900768,31.2270714]]}},{"id":"6899","type":"Feature","properties":{"gml_id":"layer_pedestrian_road_pl.125859","Name":null,"pyname":null,"kind":"0b01","width":"30","length":"0.012","speedclass":"8","__source_file__":"04-交通数据/1-交通路网/2-分类图层/上海市_行人道路.shp"},"geometry":{"type":"LineString","coordinates":[[121.47912846,31.22712185],[121.47907806,31.22710164],[121.47900786,31.22712149]]}},{"id":"6892","type":"Feature","properties":{"gml_id":"layer_pedestrian_road_pl.125852","Name":null,"pyname":null,"kind":"0b01","width":"30","length":"0.034","speedclass":"8","__source_file__":"04-交通数据/1-交通路网/2-分类图层/上海市_行人道路.shp"},"geometry":{"type":"LineString","coordinates":[[121.47843528,31.22714988],[121.47847542,31.22713998],[121.47853572,31.22714016],[121.47879708,31.22716095]]}},{"id":"6894","type":"Feature","properties":{"gml_id":"layer_pedestrian_road_pl.125854","Name":null,"pyname":null,"kind":"0b01","width":"30","length":"0.007","speedclass":"8","__source_file__":"04-交通数据/1-交通路网/2-分类图层/上海市_行人道路.shp"},"geometry":{"type":"LineString","coordinates":[[121.47900822,31.22718161],[121.47900786,31.22712149]]}},{"id":"6898","type":"Feature","properties":{"gml_id":"layer_pedestrian_road_pl.125858","Name":null,"pyname":null,"kind":"0b01","width":"30","length":"0.015","speedclass":"8","__source_file__":"04-交通数据/1-交通路网/2-分类图层/上海市_行人道路.shp"},"geometry":{"type":"LineString","coordinates":[[121.47900822,31.22718161],[121.47905844,31.22718174],[121.4790885,31.2271718],[121.47912846,31.22712185]]}},{"id":"6895","type":"Feature","properties":{"gml_id":"layer_pedestrian_road_pl.125855","Name":null,"pyname":null,"kind":"0b01","width":"30","length":"0.011","speedclass":"8","__source_file__":"04-交通数据/1-交通路网/2-分类图层/上海市_行人道路.shp"},"geometry":{"type":"LineString","coordinates":[[121.47879708,31.22716095],[121.4789076,31.22717126]]}},{"id":"500","type":"Feature","properties":{"gml_id":"layer_pedestrian_road_pl.119157","Name":null,"pyname":null,"kind":"0b14","width":"30","length":"0.033","speedclass":"8","__source_file__":"04-交通数据/1-交通路网/2-分类图层/上海市_行人道路.shp"},"geometry":{"type":"LineString","coordinates":[[121.4730828,31.22560193],[121.47321222,31.22532185]]}},{"id":"1296","type":"Feature","properties":{"gml_id":"layer_pedestrian_road_pl.119953","Name":null,"pyname":null,"kind":"0b14","width":"30","length":"0.008","speedclass":"8","__source_file__":"04-交通数据/1-交通路网/2-分类图层/上海市_行人道路.shp"},"geometry":{"type":"LineString","coordinates":[[121.47305292,31.22567195],[121.4730828,31.22560193]]}},{"id":"1295","type":"Feature","properties":{"gml_id":"layer_pedestrian_road_pl.119952","Name":null,"pyname":null,"kind":"0b14","width":"30","length":"0.022","speedclass":"8","__source_file__":"04-交通数据/1-交通路网/2-分类图层/上海市_行人道路.shp"},"geometry":{"type":"LineString","coordinates":[[121.47297354,31.22586198],[121.47305292,31.22567195]]}},{"id":"1294","type":"Feature","properties":{"gml_id":"layer_pedestrian_road_pl.119951","Name":null,"pyname":null,"kind":"0b14","width":"30","length":"0.033","speedclass":"8","__source_file__":"04-交通数据/1-交通路网/2-分类图层/上海市_行人道路.shp"},"geometry":{"type":"LineString","coordinates":[[121.47329556,31.22597313],[121.47297354,31.22586198]]}},{"id":"774","type":"Feature","properties":{"gml_id":"layer_pedestrian_road_pl.119431","Name":null,"pyname":null,"kind":"0b01","width":"30","length":"0.093","speedclass":"8","__source_file__":"04-交通数据/1-交通路网/2-分类图层/上海市_行人道路.shp"},"geometry":{"type":"LineString","coordinates":[[121.47362028,31.22666514],[121.47377076,31.22661551],[121.47402168,31.22657618],[121.47410214,31.22658639],[121.47416262,31.2266066],[121.4742231,31.22665686],[121.47424344,31.22670699],[121.4742636,31.22674713],[121.47427404,31.22682728],[121.47428466,31.22693748]]}},{"id":"462","type":"Feature","properties":{"gml_id":"layer_pedestrian_road_pl.119119","Name":null,"pyname":null,"kind":"0b01","width":"30","length":"0.068","speedclass":"8","__source_file__":"04-交通数据/1-交通路网/2-分类图层/上海市_行人道路.shp"},"geometry":{"type":"LineString","coordinates":[[121.47177546,31.22752113],[121.47183558,31.22749125],[121.47190578,31.22748144],[121.47198624,31.22750169],[121.47203664,31.22752185],[121.47211692,31.22750205],[121.47217686,31.22744216],[121.47226722,31.22741237],[121.47242778,31.22737277]]}},{"id":"479","type":"Feature","properties":{"gml_id":"layer_pedestrian_road_pl.119136","Name":null,"pyname":null,"kind":"0b01","width":"30","length":"0.071","speedclass":"8","__source_file__":"04-交通数据/1-交通路网/2-分类图层/上海市_行人道路.shp"},"geometry":{"type":"LineString","coordinates":[[121.47252858,31.22742317],[121.47256152,31.22806424]]}},{"id":"480","type":"Feature","properties":{"gml_id":"layer_pedestrian_road_pl.119137","Name":null,"pyname":null,"kind":"0b01","width":"30","length":"0.035","speedclass":"8","__source_file__":"04-交通数据/1-交通路网/2-分类图层/上海市_行人道路.shp"},"geometry":{"type":"LineString","coordinates":[[121.4722593,31.22788307],[121.47256152,31.22806424]]}},{"id":"1290","type":"Feature","properties":{"gml_id":"layer_pedestrian_road_pl.119947","Name":null,"pyname":null,"kind":"0b01","width":"30","length":"0.008","speedclass":"8","__source_file__":"04-交通数据/1-交通路网/2-分类图层/上海市_行人道路.shp"},"geometry":{"type":"LineString","coordinates":[[121.4740089,31.22816859],[121.47405894,31.22810865]]}},{"id":"481","type":"Feature","properties":{"gml_id":"layer_pedestrian_road_pl.119138","Name":null,"pyname":null,"kind":"0b01","width":"30","length":"0.069","speedclass":"8","__source_file__":"04-交通数据/1-交通路网/2-分类图层/上海市_行人道路.shp"},"geometry":{"type":"LineString","coordinates":[[121.47256152,31.22806424],[121.47316614,31.22841654]]}},{"id":"1284","type":"Feature","properties":{"gml_id":"layer_pedestrian_road_pl.119941","Name":null,"pyname":null,"kind":"0b01","width":"30","length":"0.022","speedclass":"8","__source_file__":"04-交通数据/1-交通路网/2-分类图层/上海市_行人道路.shp"},"geometry":{"type":"LineString","coordinates":[[121.4707797,31.22729789],[121.47100038,31.22723844]]}},{"id":"290","type":"Feature","properties":{"gml_id":"layer_pedestrian_road_pl.118947","Name":null,"pyname":null,"kind":"0b01","width":"30","length":"0.038","speedclass":"8","__source_file__":"04-交通数据/1-交通路网/2-分类图层/上海市_行人道路.shp"},"geometry":{"type":"LineString","coordinates":[[121.47109074,31.22721864],[121.47116166,31.22734905],[121.47118236,31.22746929],[121.47118272,31.22754944]]}},{"id":"293","type":"Feature","properties":{"gml_id":"layer_pedestrian_road_pl.118950","Name":null,"pyname":null,"kind":"0b01","width":"30","length":"0.027","speedclass":"8","__source_file__":"04-交通数据/1-交通路网/2-分类图层/上海市_行人道路.shp"},"geometry":{"type":"LineString","coordinates":[[121.47074046,31.22753814],[121.4707797,31.22729789]]}},{"id":"461","type":"Feature","properties":{"gml_id":"layer_pedestrian_road_pl.119118","Name":null,"pyname":null,"kind":"0b01","width":"30","length":"0.011","speedclass":"8","__source_file__":"04-交通数据/1-交通路网/2-分类图层/上海市_行人道路.shp"},"geometry":{"type":"LineString","coordinates":[[121.47166494,31.22753081],[121.47177546,31.22752113]]}},{"id":"71","type":"Feature","properties":{"gml_id":"layer_pedestrian_road_pl.118728","Name":null,"pyname":null,"kind":"0b01","width":"30","length":"0.031","speedclass":"8","__source_file__":"04-交通数据/1-交通路网/2-分类图层/上海市_行人道路.shp"},"geometry":{"type":"LineString","coordinates":[[121.47133338,31.22753985],[121.47166494,31.22753081]]}},{"id":"286","type":"Feature","properties":{"gml_id":"layer_pedestrian_road_pl.118943","Name":null,"pyname":null,"kind":"0b01","width":"30","length":"0.042","speedclass":"8","__source_file__":"04-交通数据/1-交通路网/2-分类图层/上海市_行人道路.shp"},"geometry":{"type":"LineString","coordinates":[[121.47074046,31.22753814],[121.47118272,31.22754944]]}},{"id":"287","type":"Feature","properties":{"gml_id":"layer_pedestrian_road_pl.118944","Name":null,"pyname":null,"kind":"0b01","width":"30","length":"0.014","speedclass":"8","__source_file__":"04-交通数据/1-交通路网/2-分类图层/上海市_行人道路.shp"},"geometry":{"type":"LineString","coordinates":[[121.47118272,31.22754944],[121.47133338,31.22753985]]}},{"id":"475","type":"Feature","properties":{"gml_id":"layer_pedestrian_road_pl.119132","Name":null,"pyname":null,"kind":"0b01","width":"30","length":"0.036","speedclass":"8","__source_file__":"04-交通数据/1-交通路网/2-分类图层/上海市_行人道路.shp"},"geometry":{"type":"LineString","coordinates":[[121.47118272,31.22754944],[121.4711433,31.22772962],[121.47107364,31.22785962]]}},{"id":"464","type":"Feature","properties":{"gml_id":"layer_pedestrian_road_pl.119121","Name":null,"pyname":null,"kind":"0b01","width":"30","length":"0.043","speedclass":"8","__source_file__":"04-交通数据/1-交通路网/2-分类图层/上海市_行人道路.shp"},"geometry":{"type":"LineString","coordinates":[[121.4712045,31.22791007],[121.4712243,31.22786003],[121.47133338,31.22753985]]}},{"id":"294","type":"Feature","properties":{"gml_id":"layer_pedestrian_road_pl.118951","Name":null,"pyname":null,"kind":"0b01","width":"30","length":"0.047","speedclass":"8","__source_file__":"04-交通数据/1-交通路网/2-分类图层/上海市_行人道路.shp"},"geometry":{"type":"LineString","coordinates":[[121.47055146,31.2279282],[121.47065118,31.22777826],[121.47072084,31.22763822],[121.47074046,31.22753814]]}},{"id":"465","type":"Feature","properties":{"gml_id":"layer_pedestrian_road_pl.119122","Name":null,"pyname":null,"kind":"0b01","width":"30","length":"0.053","speedclass":"8","__source_file__":"04-交通数据/1-交通路网/2-分类图层/上海市_行人道路.shp"},"geometry":{"type":"LineString","coordinates":[[121.47146604,31.22798094],[121.47166494,31.22753081]]}},{"id":"467","type":"Feature","properties":{"gml_id":"layer_pedestrian_road_pl.119124","Name":null,"pyname":null,"kind":"0b01","width":"30","length":"0.071","speedclass":"8","__source_file__":"04-交通数据/1-交通路网/2-分类图层/上海市_行人道路.shp"},"geometry":{"type":"LineString","coordinates":[[121.47153642,31.22800115],[121.47157656,31.22797122],[121.47164676,31.22796141],[121.47171696,31.22794161],[121.47177708,31.22789171],[121.47179688,31.22784167],[121.47177654,31.22779154],[121.47171588,31.22769119],[121.47171552,31.22762108],[121.4717454,31.22757108],[121.47177546,31.22752113]]}},{"id":"477","type":"Feature","properties":{"gml_id":"layer_pedestrian_road_pl.119134","Name":null,"pyname":null,"kind":"0b01","width":"30","length":"0.014","speedclass":"8","__source_file__":"04-交通数据/1-交通路网/2-分类图层/上海市_行人道路.shp"},"geometry":{"type":"LineString","coordinates":[[121.4712045,31.22791007],[121.47107364,31.22785962]]}},{"id":"476","type":"Feature","properties":{"gml_id":"layer_pedestrian_road_pl.119133","Name":null,"pyname":null,"kind":"0b01","width":"30","length":"0.022","speedclass":"8","__source_file__":"04-交通数据/1-交通路网/2-分类图层/上海市_行人道路.shp"},"geometry":{"type":"LineString","coordinates":[[121.47107364,31.22785962],[121.47100362,31.22794953],[121.47092352,31.22800938]]}},{"id":"466","type":"Feature","properties":{"gml_id":"layer_pedestrian_road_pl.119123","Name":null,"pyname":null,"kind":"0b01","width":"30","length":"0.026","speedclass":"8","__source_file__":"04-交通数据/1-交通路网/2-分类图层/上海市_行人道路.shp"},"geometry":{"type":"LineString","coordinates":[[121.4712045,31.22791007],[121.47146604,31.22798094]]}},{"id":"468","type":"Feature","properties":{"gml_id":"layer_pedestrian_road_pl.119125","Name":null,"pyname":null,"kind":"0b01","width":"30","length":"0.007","speedclass":"8","__source_file__":"04-交通数据/1-交通路网/2-分类图层/上海市_行人道路.shp"},"geometry":{"type":"LineString","coordinates":[[121.47146604,31.22798094],[121.47153642,31.22800115]]}},{"id":"275","type":"Feature","properties":{"gml_id":"layer_pedestrian_road_pl.118932","Name":null,"pyname":null,"kind":"0b01","width":"30","length":"0.023","speedclass":"8","__source_file__":"04-交通数据/1-交通路网/2-分类图层/上海市_行人道路.shp"},"geometry":{"type":"LineString","coordinates":[[121.47060258,31.22812863],[121.47055146,31.2279282]]}},{"id":"463","type":"Feature","properties":{"gml_id":"layer_pedestrian_road_pl.119120","Name":null,"pyname":null,"kind":"0b01","width":"30","length":"0.028","speedclass":"8","__source_file__":"04-交通数据/1-交通路网/2-分类图层/上海市_行人道路.shp"},"geometry":{"type":"LineString","coordinates":[[121.47112512,31.22815019],[121.4712045,31.22791007]]}},{"id":"292","type":"Feature","properties":{"gml_id":"layer_pedestrian_road_pl.118949","Name":null,"pyname":null,"kind":"0b01","width":"30","length":"0.034","speedclass":"8","__source_file__":"04-交通数据/1-交通路网/2-分类图层/上海市_行人道路.shp"},"geometry":{"type":"LineString","coordinates":[[121.47092352,31.22800938],[121.4707932,31.22807913],[121.47060258,31.22812863]]}},{"id":"2714","type":"Feature","properties":{"gml_id":"layer_pedestrian_road_pl.121371","Name":null,"pyname":null,"kind":"0b01","width":"30","length":"0.025","speedclass":"8","__source_file__":"04-交通数据/1-交通路网/2-分类图层/上海市_行人道路.shp"},"geometry":{"type":"LineString","coordinates":[[121.47092352,31.22800938],[121.47112512,31.22815019]]}},{"id":"795","type":"Feature","properties":{"gml_id":"layer_pedestrian_road_pl.119452","Name":null,"pyname":null,"kind":"0b01","width":"30","length":"0.026","speedclass":"8","__source_file__":"04-交通数据/1-交通路网/2-分类图层/上海市_行人道路.shp"},"geometry":{"type":"LineString","coordinates":[[121.48459057638865,31.226690312692877],[121.48458264,31.2267371]]}},{"id":"778","type":"Feature","properties":{"gml_id":"layer_pedestrian_road_pl.119435","Name":null,"pyname":null,"kind":"0b14","width":"30","length":"0.023","speedclass":"8","__source_file__":"04-交通数据/1-交通路网/2-分类图层/上海市_行人道路.shp"},"geometry":{"type":"LineString","coordinates":[[121.48075404,31.22885925],[121.48073388,31.22881916],[121.48069356,31.22878896],[121.48065324,31.22877884],[121.48060302,31.2287787],[121.48057296,31.22880867]]}},{"id":"779","type":"Feature","properties":{"gml_id":"layer_pedestrian_road_pl.119436","Name":null,"pyname":null,"kind":"0b14","width":"30","length":"0.034","speedclass":"8","__source_file__":"04-交通数据/1-交通路网/2-分类图层/上海市_行人道路.shp"},"geometry":{"type":"LineString","coordinates":[[121.48075404,31.22885925],[121.4811054,31.22878019]]}},{"id":"776","type":"Feature","properties":{"gml_id":"layer_pedestrian_road_pl.119433","Name":null,"pyname":null,"kind":"0b14","width":"30","length":"0.013","speedclass":"8","__source_file__":"04-交通数据/1-交通路网/2-分类图层/上海市_行人道路.shp"},"geometry":{"type":"LineString","coordinates":[[121.48057296,31.22880867],[121.48055316,31.22883864],[121.48056324,31.22887874],[121.48059366,31.22890889]]}},{"id":"777","type":"Feature","properties":{"gml_id":"layer_pedestrian_road_pl.119434","Name":null,"pyname":null,"kind":"0b14","width":"30","length":"0.020","speedclass":"8","__source_file__":"04-交通数据/1-交通路网/2-分类图层/上海市_行人道路.shp"},"geometry":{"type":"LineString","coordinates":[[121.48059366,31.22890889],[121.48064388,31.22892905],[121.48068402,31.22892918],[121.48072434,31.22891928],[121.48074414,31.22888927],[121.48075404,31.22885925]]}},{"id":"794","type":"Feature","properties":{"gml_id":"layer_pedestrian_road_pl.119451","Name":null,"pyname":null,"kind":"0b01","width":"30","length":"0.107","speedclass":"8","__source_file__":"04-交通数据/1-交通路网/2-分类图层/上海市_行人道路.shp"},"geometry":{"type":"LineString","coordinates":[[121.48531056,31.22992418],[121.48534008,31.22979404],[121.48537932,31.22957381],[121.48539876,31.22944367],[121.48541874,31.22938364],[121.48543854,31.22935362],[121.4854686,31.22933369],[121.48547868,31.22931371],[121.48548858,31.22928369],[121.48554744,31.2289934]]}},{"id":"793","type":"Feature","properties":{"gml_id":"layer_pedestrian_road_pl.119450","Name":null,"pyname":null,"kind":"0b01","width":"30","length":"0.096","speedclass":"8","__source_file__":"04-交通数据/1-交通路网/2-分类图层/上海市_行人道路.shp"},"geometry":{"type":"LineString","coordinates":[[121.48580286,31.22990555],[121.48595964,31.22905469]]}},{"id":"781","type":"Feature","properties":{"gml_id":"layer_pedestrian_road_pl.119438","Name":null,"pyname":null,"kind":"0b14","width":"30","length":"0.034","speedclass":"8","__source_file__":"04-交通数据/1-交通路网/2-分类图层/上海市_行人道路.shp"},"geometry":{"type":"LineString","coordinates":[[121.48053732,31.22979008],[121.4807472,31.22954033]]}},{"id":"6291","type":"Feature","properties":{"gml_id":"layer_pedestrian_road_pl.125192","Name":"旧校场路六十九弄","pyname":"jjcllsjl","kind":"0b01","width":"30","length":"0.006","speedclass":"8","__source_file__":"04-交通数据/1-交通路网/2-分类图层/上海市_行人道路.shp"},"geometry":{"type":"LineString","coordinates":[[121.48635114,31.22894565],[121.48641144,31.22895587]]}},{"id":"6292","type":"Feature","properties":{"gml_id":"layer_pedestrian_road_pl.125193","Name":"旧校场路六十九弄","pyname":"jjcllsjl","kind":"0b01","width":"30","length":"0.035","speedclass":"8","__source_file__":"04-交通数据/1-交通路网/2-分类图层/上海市_行人道路.shp"},"geometry":{"type":"LineString","coordinates":[[121.48641144,31.22895587],[121.48677342,31.22900699]]}},{"id":"712","type":"Feature","properties":{"gml_id":"layer_pedestrian_road_pl.119369","Name":"安仁街","pyname":"arj","kind":"0b01","width":"30","length":"0.187","speedclass":"8","__source_file__":"04-交通数据/1-交通路网/2-分类图层/上海市_行人道路.shp"},"geometry":{"type":"LineString","coordinates":[[121.4882442,31.22985258],[121.48834416180537,31.229484508716606]]}},{"id":"8468","type":"Feature","properties":{"gml_id":"layer_pedestrian_road_pl.127471","Name":null,"pyname":null,"kind":"0b01","width":"30","length":"0.007","speedclass":"8","__source_file__":"04-交通数据/1-交通路网/2-分类图层/上海市_行人道路.shp"},"geometry":{"type":"LineString","coordinates":[[121.48754706,31.22901923],[121.48761762,31.22903948]]}},{"id":"8467","type":"Feature","properties":{"gml_id":"layer_pedestrian_road_pl.127470","Name":null,"pyname":null,"kind":"0b01","width":"30","length":"0.010","speedclass":"8","__source_file__":"04-交通数据/1-交通路网/2-分类图层/上海市_行人道路.shp"},"geometry":{"type":"LineString","coordinates":[[121.48746678,31.22904906],[121.48748676,31.22901905],[121.487517,31.22901914],[121.48754706,31.22901923]]}},{"id":"2147","type":"Feature","properties":{"gml_id":"layer_pedestrian_road_pl.120804","Name":null,"pyname":null,"kind":"0b01","width":"30","length":"0.017","speedclass":"8","__source_file__":"04-交通数据/1-交通路网/2-分类图层/上海市_行人道路.shp"},"geometry":{"type":"LineString","coordinates":[[121.48759782,31.22910954],[121.48753734,31.22909933],[121.4874972,31.22909924],[121.48746696,31.22907912],[121.48746678,31.22904906]]}},{"id":"816","type":"Feature","properties":{"gml_id":"layer_pedestrian_road_pl.119473","Name":null,"pyname":null,"kind":"0b01","width":"30","length":"0.013","speedclass":"8","__source_file__":"04-交通数据/1-交通路网/2-分类图层/上海市_行人道路.shp"},"geometry":{"type":"LineString","coordinates":[[121.48759782,31.22910954],[121.48764804,31.22910968],[121.48769808,31.22908979],[121.48772832,31.22909991]]}},{"id":"819","type":"Feature","properties":{"gml_id":"layer_pedestrian_road_pl.119476","Name":null,"pyname":null,"kind":"0b01","width":"30","length":"0.018","speedclass":"8","__source_file__":"04-交通数据/1-交通路网/2-分类图层/上海市_行人道路.shp"},"geometry":{"type":"LineString","coordinates":[[121.48772832,31.22909991],[121.48790990834453,31.229109969716646]]}},{"id":"817","type":"Feature","properties":{"gml_id":"layer_pedestrian_road_pl.119474","Name":null,"pyname":null,"kind":"0b01","width":"30","length":"0.068","speedclass":"8","__source_file__":"04-交通数据/1-交通路网/2-分类图层/上海市_行人道路.shp"},"geometry":{"type":"LineString","coordinates":[[121.48772832,31.22909991],[121.48770852,31.22916993],[121.48765902,31.22932005],[121.48767936,31.22936015],[121.48769952,31.22939025],[121.48774974,31.22940042],[121.48782012,31.22941064],[121.48797096,31.22941109],[121.48805142,31.22943134]]}},{"id":"6293","type":"Feature","properties":{"gml_id":"layer_pedestrian_road_pl.125194","Name":"旧校场路十五弄","pyname":"jjclswl","kind":"0b01","width":"30","length":"0.015","speedclass":"8","__source_file__":"04-交通数据/1-交通路网/2-分类图层/上海市_行人道路.shp"},"geometry":{"type":"LineString","coordinates":[[121.48629228,31.22925597],[121.48645302,31.22927645]]}},{"id":"818","type":"Feature","properties":{"gml_id":"layer_pedestrian_road_pl.119475","Name":null,"pyname":null,"kind":"0b01","width":"30","length":"0.047","speedclass":"8","__source_file__":"04-交通数据/1-交通路网/2-分类图层/上海市_行人道路.shp"},"geometry":{"type":"LineString","coordinates":[[121.48805142,31.22943134],[121.48806096,31.22934125],[121.48806096,31.22931119],[121.48804062,31.22929112],[121.48800048,31.22929098],[121.48795026,31.22929085],[121.48792002,31.22928072],[121.48790994,31.22925066],[121.48791882140677,31.229117657138207]]}},{"id":"821","type":"Feature","properties":{"gml_id":"layer_pedestrian_road_pl.119478","Name":null,"pyname":null,"kind":"0b01","width":"30","length":"0.053","speedclass":"8","__source_file__":"04-交通数据/1-交通路网/2-分类图层/上海市_行人道路.shp"},"geometry":{"type":"LineString","coordinates":[[121.48809156,31.22944146],[121.48810164,31.22942148],[121.48812162,31.2294015],[121.48812126,31.22933139],[121.48812108344268,31.229292105996976]]}},{"id":"6294","type":"Feature","properties":{"gml_id":"layer_pedestrian_road_pl.125195","Name":"旧校场路十五弄","pyname":"jjclswl","kind":"0b01","width":"30","length":"0.029","speedclass":"8","__source_file__":"04-交通数据/1-交通路网/2-分类图层/上海市_行人道路.shp"},"geometry":{"type":"LineString","coordinates":[[121.48645302,31.22927645],[121.4867547,31.22930741]]}},{"id":"815","type":"Feature","properties":{"gml_id":"layer_pedestrian_road_pl.119472","Name":null,"pyname":null,"kind":"0b01","width":"30","length":"0.108","speedclass":"8","__source_file__":"04-交通数据/1-交通路网/2-分类图层/上海市_行人道路.shp"},"geometry":{"type":"LineString","coordinates":[[121.48784154,31.22970116],[121.48749,31.22970012],[121.48744968,31.22966997],[121.48742934,31.22962983],[121.48741908,31.22956971],[121.48743888,31.22952971],[121.4874891,31.22951985],[121.48753914,31.22948997],[121.48755858,31.22933976],[121.48757838,31.22927973],[121.48756812,31.22920962],[121.48759782,31.22910954]]}},{"id":"820","type":"Feature","properties":{"gml_id":"layer_pedestrian_road_pl.119477","Name":null,"pyname":null,"kind":"0b01","width":"30","length":"0.004","speedclass":"8","__source_file__":"04-交通数据/1-交通路网/2-分类图层/上海市_行人道路.shp"},"geometry":{"type":"LineString","coordinates":[[121.48805142,31.22943134],[121.48809156,31.22944146]]}},{"id":"1916","type":"Feature","properties":{"gml_id":"layer_pedestrian_road_pl.120573","Name":null,"pyname":null,"kind":"0b01","width":"30","length":"0.046","speedclass":"8","__source_file__":"04-交通数据/1-交通路网/2-分类图层/上海市_行人道路.shp"},"geometry":{"type":"LineString","coordinates":[[121.48809156,31.22944146],[121.48808202,31.22955162],[121.48806258,31.22970179],[121.48804332,31.229852]]}},{"id":"2374","type":"Feature","properties":{"gml_id":"layer_pedestrian_road_pl.121031","Name":null,"pyname":null,"kind":"0b14","width":"30","length":"0.005","speedclass":"8","__source_file__":"04-交通数据/1-交通路网/2-分类图层/上海市_行人道路.shp"},"geometry":{"type":"LineString","coordinates":[[121.48828452,31.22988273],[121.4882442,31.22985258]]}},{"id":"791","type":"Feature","properties":{"gml_id":"layer_pedestrian_road_pl.119448","Name":null,"pyname":null,"kind":"0b01","width":"30","length":"0.028","speedclass":"8","__source_file__":"04-交通数据/1-交通路网/2-分类图层/上海市_行人道路.shp"},"geometry":{"type":"LineString","coordinates":[[121.48647714,31.23012785],[121.48651692,31.23005787],[121.4865468,31.22997782],[121.48658658,31.22989781]]}},{"id":"2379","type":"Feature","properties":{"gml_id":"layer_pedestrian_road_pl.121036","Name":null,"pyname":null,"kind":"0b14","width":"30","length":"0.082","speedclass":"8","__source_file__":"04-交通数据/1-交通路网/2-分类图层/上海市_行人道路.shp"},"geometry":{"type":"LineString","coordinates":[[121.48888986,31.23041531],[121.48828452,31.22988273]]}},{"id":"2375","type":"Feature","properties":{"gml_id":"layer_pedestrian_road_pl.121032","Name":null,"pyname":null,"kind":"0b14","width":"30","length":"0.136","speedclass":"8","__source_file__":"04-交通数据/1-交通路网/2-分类图层/上海市_行人道路.shp"},"geometry":{"type":"LineString","coordinates":[[121.48911054,31.23034587],[121.4892432702893,31.230259980239072]]}},{"id":"724","type":"Feature","properties":{"gml_id":"layer_pedestrian_road_pl.119381","Name":null,"pyname":null,"kind":"0b01","width":"30","length":"0.100","speedclass":"8","__source_file__":"04-交通数据/1-交通路网/2-分类图层/上海市_行人道路.shp"},"geometry":{"type":"LineString","coordinates":[[121.48760124,31.22986073],[121.487535,31.23076194]]}},{"id":"719","type":"Feature","properties":{"gml_id":"layer_pedestrian_road_pl.119376","Name":"福民街","pyname":"fmj","kind":"0b01","width":"30","length":"0.098","speedclass":"8","__source_file__":"04-交通数据/1-交通路网/2-分类图层/上海市_行人道路.shp"},"geometry":{"type":"LineString","coordinates":[[121.48704864,31.22987913],[121.487103,31.23076068]]}},{"id":"2274","type":"Feature","properties":{"gml_id":"layer_pedestrian_road_pl.120931","Name":null,"pyname":null,"kind":"0b14","width":"30","length":"0.020","speedclass":"8","__source_file__":"04-交通数据/1-交通路网/2-分类图层/上海市_行人道路.shp"},"geometry":{"type":"LineString","coordinates":[[121.48911054,31.23034587],[121.48902054,31.2304257],[121.48899048,31.23045567],[121.48896042,31.23047561]]}},{"id":"2378","type":"Feature","properties":{"gml_id":"layer_pedestrian_road_pl.121035","Name":null,"pyname":null,"kind":"0b14","width":"30","length":"0.009","speedclass":"8","__source_file__":"04-交通数据/1-交通路网/2-分类图层/上海市_行人道路.shp"},"geometry":{"type":"LineString","coordinates":[[121.48896042,31.23047561],[121.48888986,31.23041531]]}},{"id":"276","type":"Feature","properties":{"gml_id":"layer_pedestrian_road_pl.118933","Name":null,"pyname":null,"kind":"0b01","width":"30","length":"0.025","speedclass":"8","__source_file__":"04-交通数据/1-交通路网/2-分类图层/上海市_行人道路.shp"},"geometry":{"type":"LineString","coordinates":[[121.47034104,31.22807783],[121.47060258,31.22812863]]}},{"id":"470","type":"Feature","properties":{"gml_id":"layer_pedestrian_road_pl.119127","Name":null,"pyname":null,"kind":"0b01","width":"30","length":"0.030","speedclass":"8","__source_file__":"04-交通数据/1-交通路网/2-分类图层/上海市_行人道路.shp"},"geometry":{"type":"LineString","coordinates":[[121.47134652,31.22823096],[121.47146604,31.22798094]]}},{"id":"473","type":"Feature","properties":{"gml_id":"layer_pedestrian_road_pl.119130","Name":null,"pyname":null,"kind":"0b01","width":"30","length":"0.044","speedclass":"8","__source_file__":"04-交通数据/1-交通路网/2-分类图层/上海市_行人道路.shp"},"geometry":{"type":"LineString","coordinates":[[121.47141708,31.2282612],[121.4714772,31.22823137],[121.4715375,31.22823155],[121.47157764,31.22822165],[121.47160752,31.22817165],[121.47160734,31.22814159],[121.47155694,31.22810136],[121.4715366,31.22805123],[121.47153642,31.22800115]]}},{"id":"471","type":"Feature","properties":{"gml_id":"layer_pedestrian_road_pl.119128","Name":null,"pyname":null,"kind":"0b01","width":"30","length":"0.023","speedclass":"8","__source_file__":"04-交通数据/1-交通路网/2-分类图层/上海市_行人道路.shp"},"geometry":{"type":"LineString","coordinates":[[121.47112512,31.22815019],[121.47134652,31.22823096]]}},{"id":"474","type":"Feature","properties":{"gml_id":"layer_pedestrian_road_pl.119131","Name":null,"pyname":null,"kind":"0b01","width":"30","length":"0.007","speedclass":"8","__source_file__":"04-交通数据/1-交通路网/2-分类图层/上海市_行人道路.shp"},"geometry":{"type":"LineString","coordinates":[[121.47134652,31.22823096],[121.47141708,31.2282612]]}},{"id":"2259","type":"Feature","properties":{"gml_id":"layer_pedestrian_road_pl.120916","Name":null,"pyname":null,"kind":"0b01","width":"30","length":"0.043","speedclass":"8","__source_file__":"04-交通数据/1-交通路网/2-分类图层/上海市_行人道路.shp"},"geometry":{"type":"LineString","coordinates":[[121.4707149,31.22850956],[121.47060258,31.22812863]]}},{"id":"70","type":"Feature","properties":{"gml_id":"layer_pedestrian_road_pl.118727","Name":null,"pyname":null,"kind":"0b01","width":"30","length":"0.050","speedclass":"8","__source_file__":"04-交通数据/1-交通路网/2-分类图层/上海市_行人道路.shp"},"geometry":{"type":"LineString","coordinates":[[121.47112512,31.22815019],[121.471056,31.2283904],[121.47108624,31.22844053],[121.47123726,31.22851109]]}},{"id":"469","type":"Feature","properties":{"gml_id":"layer_pedestrian_road_pl.119126","Name":null,"pyname":null,"kind":"0b01","width":"30","length":"0.033","speedclass":"8","__source_file__":"04-交通数据/1-交通路网/2-分类图层/上海市_行人道路.shp"},"geometry":{"type":"LineString","coordinates":[[121.47123726,31.22851109],[121.47134652,31.22823096]]}},{"id":"472","type":"Feature","properties":{"gml_id":"layer_pedestrian_road_pl.119129","Name":null,"pyname":null,"kind":"0b01","width":"30","length":"0.041","speedclass":"8","__source_file__":"04-交通数据/1-交通路网/2-分类图层/上海市_行人道路.shp"},"geometry":{"type":"LineString","coordinates":[[121.47139854,31.22860172],[121.4714583,31.22850173],[121.47145812,31.22844161],[121.4714277,31.22839148],[121.47139728,31.22832128],[121.47141708,31.2282612]]}},{"id":"295","type":"Feature","properties":{"gml_id":"layer_pedestrian_road_pl.118952","Name":null,"pyname":null,"kind":"0b01","width":"30","length":"0.018","speedclass":"8","__source_file__":"04-交通数据/1-交通路网/2-分类图层/上海市_行人道路.shp"},"geometry":{"type":"LineString","coordinates":[[121.47123726,31.22851109],[121.47139854,31.22860172]]}},{"id":"271","type":"Feature","properties":{"gml_id":"layer_pedestrian_road_pl.118928","Name":null,"pyname":null,"kind":"0b01","width":"30","length":"0.011","speedclass":"8","__source_file__":"04-交通数据/1-交通路网/2-分类图层/上海市_行人道路.shp"},"geometry":{"type":"LineString","coordinates":[[121.46980716,31.22778582],[121.46990742,31.22773601]]}},{"id":"281","type":"Feature","properties":{"gml_id":"layer_pedestrian_road_pl.118938","Name":null,"pyname":null,"kind":"0b01","width":"30","length":"0.014","speedclass":"8","__source_file__":"04-交通数据/1-交通路网/2-分类图层/上海市_行人道路.shp"},"geometry":{"type":"LineString","coordinates":[[121.46990742,31.22773601],[121.4699679,31.22777628],[121.47003846,31.22779649]]}},{"id":"277","type":"Feature","properties":{"gml_id":"layer_pedestrian_road_pl.118934","Name":null,"pyname":null,"kind":"0b01","width":"30","length":"0.010","speedclass":"8","__source_file__":"04-交通数据/1-交通路网/2-分类图层/上海市_行人道路.shp"},"geometry":{"type":"LineString","coordinates":[[121.46980716,31.22778582],[121.46988798,31.22784612]]}},{"id":"283","type":"Feature","properties":{"gml_id":"layer_pedestrian_road_pl.118940","Name":null,"pyname":null,"kind":"0b01","width":"30","length":"0.013","speedclass":"8","__source_file__":"04-交通数据/1-交通路网/2-分类图层/上海市_行人道路.shp"},"geometry":{"type":"LineString","coordinates":[[121.46995836,31.2278864],[121.47003846,31.22779649]]}},{"id":"282","type":"Feature","properties":{"gml_id":"layer_pedestrian_road_pl.118939","Name":null,"pyname":null,"kind":"0b01","width":"30","length":"0.053","speedclass":"8","__source_file__":"04-交通数据/1-交通路网/2-分类图层/上海市_行人道路.shp"},"geometry":{"type":"LineString","coordinates":[[121.47003846,31.22779649],[121.47011892,31.22781678],[121.47020928,31.22780702],[121.47027966,31.2278072],[121.47033996,31.22781741],[121.4704305,31.2278477],[121.47055146,31.2279282]]}},{"id":"279","type":"Feature","properties":{"gml_id":"layer_pedestrian_road_pl.118936","Name":null,"pyname":null,"kind":"0b01","width":"30","length":"0.008","speedclass":"8","__source_file__":"04-交通数据/1-交通路网/2-分类图层/上海市_行人道路.shp"},"geometry":{"type":"LineString","coordinates":[[121.46988798,31.22784612],[121.46995836,31.2278864]]}},{"id":"280","type":"Feature","properties":{"gml_id":"layer_pedestrian_road_pl.118937","Name":null,"pyname":null,"kind":"0b01","width":"30","length":"0.042","speedclass":"8","__source_file__":"04-交通数据/1-交通路网/2-分类图层/上海市_行人道路.shp"},"geometry":{"type":"LineString","coordinates":[[121.46995836,31.2278864],[121.46998878,31.22791655],[121.47026058,31.22804754],[121.47034104,31.22807783]]}},{"id":"278","type":"Feature","properties":{"gml_id":"layer_pedestrian_road_pl.118935","Name":null,"pyname":null,"kind":"0b01","width":"30","length":"0.034","speedclass":"8","__source_file__":"04-交通数据/1-交通路网/2-分类图层/上海市_行人道路.shp"},"geometry":{"type":"LineString","coordinates":[[121.46986926,31.22815658],[121.46988798,31.22784612]]}},{"id":"2260","type":"Feature","properties":{"gml_id":"layer_pedestrian_road_pl.120917","Name":null,"pyname":null,"kind":"0b01","width":"30","length":"0.046","speedclass":"8","__source_file__":"04-交通数据/1-交通路网/2-分类图层/上海市_行人道路.shp"},"geometry":{"type":"LineString","coordinates":[[121.47034104,31.22807783],[121.46986926,31.22815658]]}},{"id":"2491","type":"Feature","properties":{"gml_id":"layer_pedestrian_road_pl.121148","Name":null,"pyname":null,"kind":"0b01","width":"30","length":"0.008","speedclass":"8","__source_file__":"04-交通数据/1-交通路网/2-分类图层/上海市_行人道路.shp"},"geometry":{"type":"LineString","coordinates":[[121.47012594,31.22936919],[121.47012558,31.22929908]]}},{"id":"2489","type":"Feature","properties":{"gml_id":"layer_pedestrian_road_pl.121146","Name":null,"pyname":null,"kind":"0b01","width":"30","length":"0.010","speedclass":"8","__source_file__":"04-交通数据/1-交通路网/2-分类图层/上海市_行人道路.shp"},"geometry":{"type":"LineString","coordinates":[[121.46937264,31.22941707],[121.4693622,31.22932694]]}},{"id":"2492","type":"Feature","properties":{"gml_id":"layer_pedestrian_road_pl.121149","Name":null,"pyname":null,"kind":"0b01","width":"30","length":"0.072","speedclass":"8","__source_file__":"04-交通数据/1-交通路网/2-分类图层/上海市_行人道路.shp"},"geometry":{"type":"LineString","coordinates":[[121.46937264,31.22941707],[121.46961384,31.22943782],[121.46978466,31.22941829],[121.4700156,31.2293889],[121.47012594,31.22936919]]}},{"id":"6301","type":"Feature","properties":{"gml_id":"layer_pedestrian_road_pl.125202","Name":null,"pyname":null,"kind":"0b01","width":"30","length":"0.084","speedclass":"8","__source_file__":"04-交通数据/1-交通路网/2-分类图层/上海市_行人道路.shp"},"geometry":{"type":"LineString","coordinates":[[121.46850936,31.22958483],[121.46884038,31.22948565],[121.4693325,31.22941698],[121.46937264,31.22941707]]}},{"id":"2335","type":"Feature","properties":{"gml_id":"layer_pedestrian_road_pl.120992","Name":null,"pyname":null,"kind":"0b01","width":"30","length":"0.063","speedclass":"8","__source_file__":"04-交通数据/1-交通路网/2-分类图层/上海市_行人道路.shp"},"geometry":{"type":"LineString","coordinates":[[121.47038964,31.22989079],[121.47042888,31.22970062],[121.47050754,31.22933027]]}},{"id":"6305","type":"Feature","properties":{"gml_id":"layer_pedestrian_road_pl.125206","Name":null,"pyname":null,"kind":"0b01","width":"30","length":"0.008","speedclass":"8","__source_file__":"04-交通数据/1-交通路网/2-分类图层/上海市_行人道路.shp"},"geometry":{"type":"LineString","coordinates":[[121.46851962,31.22965499],[121.46850936,31.22958483]]}},{"id":"2488","type":"Feature","properties":{"gml_id":"layer_pedestrian_road_pl.121145","Name":null,"pyname":null,"kind":"0b01","width":"30","length":"0.051","speedclass":"8","__source_file__":"04-交通数据/1-交通路网/2-分类图层/上海市_行人道路.shp"},"geometry":{"type":"LineString","coordinates":[[121.46939478,31.22987787],[121.4693937,31.22961746],[121.4693829,31.22945717],[121.46937264,31.22941707]]}},{"id":"2490","type":"Feature","properties":{"gml_id":"layer_pedestrian_road_pl.121147","Name":null,"pyname":null,"kind":"0b01","width":"30","length":"0.071","speedclass":"8","__source_file__":"04-交通数据/1-交通路网/2-分类图层/上海市_行人道路.shp"},"geometry":{"type":"LineString","coordinates":[[121.46987754,31.22994938],[121.4698572,31.22990928],[121.46985684,31.22984916],[121.46996682,31.22970926],[121.47005664,31.22958933],[121.47008652,31.22951931],[121.47012594,31.22936919]]}},{"id":"6304","type":"Feature","properties":{"gml_id":"layer_pedestrian_road_pl.125205","Name":null,"pyname":null,"kind":"0b01","width":"30","length":"0.048","speedclass":"8","__source_file__":"04-交通数据/1-交通路网/2-分类图层/上海市_行人道路.shp"},"geometry":{"type":"LineString","coordinates":[[121.4687421,31.22997611],[121.46876208,31.22993615],[121.46876208,31.22991608],[121.46875182,31.22989605],[121.4685909,31.22983548],[121.46857074,31.2298254],[121.46856048,31.22980533],[121.4685504,31.22978526],[121.46851962,31.22965499]]}},{"id":"2478","type":"Feature","properties":{"gml_id":"layer_pedestrian_road_pl.121135","Name":null,"pyname":null,"kind":"0b01","width":"30","length":"0.015","speedclass":"8","__source_file__":"04-交通数据/1-交通路网/2-分类图层/上海市_行人道路.shp"},"geometry":{"type":"LineString","coordinates":[[121.4692947,31.22996774],[121.46933466,31.22989772],[121.46939478,31.22987787]]}},{"id":"2481","type":"Feature","properties":{"gml_id":"layer_pedestrian_road_pl.121138","Name":null,"pyname":null,"kind":"0b01","width":"30","length":"0.017","speedclass":"8","__source_file__":"04-交通数据/1-交通路网/2-分类图层/上海市_行人道路.shp"},"geometry":{"type":"LineString","coordinates":[[121.46939478,31.22987787],[121.46944518,31.22989803],[121.4694756,31.22994821],[121.46948586,31.22999834]]}},{"id":"2482","type":"Feature","properties":{"gml_id":"layer_pedestrian_road_pl.121139","Name":null,"pyname":null,"kind":"0b01","width":"30","length":"0.038","speedclass":"8","__source_file__":"04-交通数据/1-交通路网/2-分类图层/上海市_行人道路.shp"},"geometry":{"type":"LineString","coordinates":[[121.4695764,31.23003866],[121.46961618,31.22995865],[121.46971644,31.22989884],[121.46977674,31.22990901],[121.46982714,31.22991918],[121.46987754,31.22994938]]}},{"id":"2477","type":"Feature","properties":{"gml_id":"layer_pedestrian_road_pl.121134","Name":null,"pyname":null,"kind":"0b01","width":"30","length":"0.019","speedclass":"8","__source_file__":"04-交通数据/1-交通路网/2-分类图层/上海市_行人道路.shp"},"geometry":{"type":"LineString","coordinates":[[121.4692947,31.22996774],[121.46918418,31.22996738],[121.46909382,31.22997714]]}},{"id":"2480","type":"Feature","properties":{"gml_id":"layer_pedestrian_road_pl.121137","Name":null,"pyname":null,"kind":"0b01","width":"30","length":"0.019","speedclass":"8","__source_file__":"04-交通数据/1-交通路网/2-分类图层/上海市_行人道路.shp"},"geometry":{"type":"LineString","coordinates":[[121.46948586,31.22999834],[121.46944554,31.22997818],[121.4692947,31.22996774]]}},{"id":"6299","type":"Feature","properties":{"gml_id":"layer_pedestrian_road_pl.125200","Name":null,"pyname":null,"kind":"0b01","width":"30","length":"0.006","speedclass":"8","__source_file__":"04-交通数据/1-交通路网/2-分类图层/上海市_行人道路.shp"},"geometry":{"type":"LineString","coordinates":[[121.46868198,31.229996],[121.46871204,31.22997606],[121.4687421,31.22997611]]}},{"id":"6300","type":"Feature","properties":{"gml_id":"layer_pedestrian_road_pl.125201","Name":null,"pyname":null,"kind":"0b01","width":"30","length":"0.005","speedclass":"8","__source_file__":"04-交通数据/1-交通路网/2-分类图层/上海市_行人道路.shp"},"geometry":{"type":"LineString","coordinates":[[121.4687421,31.22997611],[121.4687925,31.22999631]]}},{"id":"6297","type":"Feature","properties":{"gml_id":"layer_pedestrian_road_pl.125198","Name":null,"pyname":null,"kind":"0b01","width":"30","length":"0.029","speedclass":"8","__source_file__":"04-交通数据/1-交通路网/2-分类图层/上海市_行人道路.shp"},"geometry":{"type":"LineString","coordinates":[[121.46909382,31.22997714],[121.4687925,31.22999631]]}},{"id":"6295","type":"Feature","properties":{"gml_id":"layer_pedestrian_road_pl.125196","Name":null,"pyname":null,"kind":"0b01","width":"30","length":"0.005","speedclass":"8","__source_file__":"04-交通数据/1-交通路网/2-分类图层/上海市_行人道路.shp"},"geometry":{"type":"LineString","coordinates":[[121.4687322,31.22999613],[121.46868198,31.229996]]}},{"id":"6298","type":"Feature","properties":{"gml_id":"layer_pedestrian_road_pl.125199","Name":null,"pyname":null,"kind":"0b01","width":"30","length":"0.006","speedclass":"8","__source_file__":"04-交通数据/1-交通路网/2-分类图层/上海市_行人道路.shp"},"geometry":{"type":"LineString","coordinates":[[121.4687925,31.22999631],[121.4687322,31.22999613]]}},{"id":"2484","type":"Feature","properties":{"gml_id":"layer_pedestrian_road_pl.121141","Name":null,"pyname":null,"kind":"0b01","width":"30","length":"0.014","speedclass":"8","__source_file__":"04-交通数据/1-交通路网/2-分类图层/上海市_行人道路.shp"},"geometry":{"type":"LineString","coordinates":[[121.46991822,31.23006971],[121.46991804,31.23004964],[121.4698977,31.22997948],[121.46987754,31.22994938]]}},{"id":"2479","type":"Feature","properties":{"gml_id":"layer_pedestrian_road_pl.121136","Name":null,"pyname":null,"kind":"0b01","width":"30","length":"0.010","speedclass":"8","__source_file__":"04-交通数据/1-交通路网/2-分类图层/上海市_行人道路.shp"},"geometry":{"type":"LineString","coordinates":[[121.4695764,31.23003866],[121.46948586,31.22999834]]}},{"id":"2486","type":"Feature","properties":{"gml_id":"layer_pedestrian_road_pl.121143","Name":null,"pyname":null,"kind":"0b01","width":"30","length":"0.031","speedclass":"8","__source_file__":"04-交通数据/1-交通路网/2-分类图层/上海市_行人道路.shp"},"geometry":{"type":"LineString","coordinates":[[121.47031044,31.23016097],[121.47038964,31.22989079]]}},{"id":"2339","type":"Feature","properties":{"gml_id":"layer_pedestrian_road_pl.120996","Name":null,"pyname":null,"kind":"0b01","width":"30","length":"0.028","speedclass":"8","__source_file__":"04-交通数据/1-交通路网/2-分类图层/上海市_行人道路.shp"},"geometry":{"type":"LineString","coordinates":[[121.46982822,31.2301796],[121.4695764,31.23003866]]}},{"id":"2487","type":"Feature","properties":{"gml_id":"layer_pedestrian_road_pl.121144","Name":null,"pyname":null,"kind":"0b01","width":"30","length":"0.040","speedclass":"8","__source_file__":"04-交通数据/1-交通路网/2-分类图层/上海市_行人道路.shp"},"geometry":{"type":"LineString","coordinates":[[121.46991822,31.23006971],[121.46998842,31.2300599],[121.47014934,31.23008037],[121.47031044,31.23016097]]}},{"id":"2346","type":"Feature","properties":{"gml_id":"layer_pedestrian_road_pl.121003","Name":null,"pyname":null,"kind":"0b01","width":"30","length":"0.027","speedclass":"8","__source_file__":"04-交通数据/1-交通路网/2-分类图层/上海市_行人道路.shp"},"geometry":{"type":"LineString","coordinates":[[121.4687322,31.22999613],[121.46879358,31.2302367]]}},{"id":"2476","type":"Feature","properties":{"gml_id":"layer_pedestrian_road_pl.121133","Name":null,"pyname":null,"kind":"0b01","width":"30","length":"0.031","speedclass":"8","__source_file__":"04-交通数据/1-交通路网/2-分类图层/上海市_行人道路.shp"},"geometry":{"type":"LineString","coordinates":[[121.46904486,31.23025745],[121.46905458,31.23017735],[121.46909382,31.22997714]]}},{"id":"2483","type":"Feature","properties":{"gml_id":"layer_pedestrian_road_pl.121140","Name":null,"pyname":null,"kind":"0b01","width":"30","length":"0.015","speedclass":"8","__source_file__":"04-交通数据/1-交通路网/2-分类图层/上海市_行人道路.shp"},"geometry":{"type":"LineString","coordinates":[[121.46982822,31.2301796],[121.46988834,31.23012969],[121.46991822,31.23006971]]}},{"id":"2474","type":"Feature","properties":{"gml_id":"layer_pedestrian_road_pl.121131","Name":null,"pyname":null,"kind":"0b01","width":"30","length":"0.024","speedclass":"8","__source_file__":"04-交通数据/1-交通路网/2-分类图层/上海市_行人道路.shp"},"geometry":{"type":"LineString","coordinates":[[121.46879358,31.2302367],[121.4688339,31.23023679],[121.46899464,31.23023729],[121.46904486,31.23025745]]}},{"id":"2485","type":"Feature","properties":{"gml_id":"layer_pedestrian_road_pl.121142","Name":null,"pyname":null,"kind":"0b01","width":"30","length":"0.029","speedclass":"8","__source_file__":"04-交通数据/1-交通路网/2-分类图层/上海市_行人道路.shp"},"geometry":{"type":"LineString","coordinates":[[121.47015078,31.23038084],[121.47030054,31.23020102],[121.47031044,31.23016097]]}},{"id":"2338","type":"Feature","properties":{"gml_id":"layer_pedestrian_road_pl.120995","Name":null,"pyname":null,"kind":"0b01","width":"30","length":"0.038","speedclass":"8","__source_file__":"04-交通数据/1-交通路网/2-分类图层/上海市_行人道路.shp"},"geometry":{"type":"LineString","coordinates":[[121.47015078,31.23038084],[121.46982822,31.2301796]]}},{"id":"2345","type":"Feature","properties":{"gml_id":"layer_pedestrian_road_pl.121002","Name":null,"pyname":null,"kind":"0b01","width":"30","length":"0.037","speedclass":"8","__source_file__":"04-交通数据/1-交通路网/2-分类图层/上海市_行人道路.shp"},"geometry":{"type":"LineString","coordinates":[[121.46843232,31.23034583],[121.46847246,31.23031586],[121.4687133,31.23024647],[121.46879358,31.2302367]]}},{"id":"1164","type":"Feature","properties":{"gml_id":"layer_pedestrian_road_pl.119821","Name":null,"pyname":null,"kind":"0b01","width":"30","length":"0.061","speedclass":"8","__source_file__":"04-交通数据/1-交通路网/2-分类图层/上海市_行人道路.shp"},"geometry":{"type":"LineString","coordinates":[[121.4647515,31.22740053],[121.46480172,31.22742069],[121.46484222,31.22747091],[121.46490306,31.22759124],[121.46497362,31.22763152],[121.46507406,31.22764182],[121.46516442,31.22761208],[121.46523462,31.22757221]]}},{"id":"1165","type":"Feature","properties":{"gml_id":"layer_pedestrian_road_pl.119822","Name":null,"pyname":null,"kind":"0b01","width":"30","length":"0.007","speedclass":"8","__source_file__":"04-交通数据/1-交通路网/2-分类图层/上海市_行人道路.shp"},"geometry":{"type":"LineString","coordinates":[[121.46523462,31.22757221],[121.46530482,31.22754237]]}},{"id":"1160","type":"Feature","properties":{"gml_id":"layer_pedestrian_road_pl.119817","Name":null,"pyname":null,"kind":"0b01","width":"30","length":"0.007","speedclass":"8","__source_file__":"04-交通数据/1-交通路网/2-分类图层/上海市_行人道路.shp"},"geometry":{"type":"LineString","coordinates":[[121.46530482,31.22754237],[121.46535522,31.22759259]]}},{"id":"1161","type":"Feature","properties":{"gml_id":"layer_pedestrian_road_pl.119818","Name":null,"pyname":null,"kind":"0b01","width":"30","length":"0.031","speedclass":"8","__source_file__":"04-交通数据/1-交通路网/2-分类图层/上海市_行人道路.shp"},"geometry":{"type":"LineString","coordinates":[[121.46535522,31.22759259],[121.46559732,31.22778357]]}},{"id":"1159","type":"Feature","properties":{"gml_id":"layer_pedestrian_road_pl.119816","Name":null,"pyname":null,"kind":"0b01","width":"30","length":"0.009","speedclass":"8","__source_file__":"04-交通数据/1-交通路网/2-分类图层/上海市_行人道路.shp"},"geometry":{"type":"LineString","coordinates":[[121.46559732,31.22778357],[121.46566788,31.22784387]]}},{"id":"1158","type":"Feature","properties":{"gml_id":"layer_pedestrian_road_pl.119815","Name":null,"pyname":null,"kind":"0b01","width":"30","length":"0.008","speedclass":"8","__source_file__":"04-交通数据/1-交通路网/2-分类图层/上海市_行人道路.shp"},"geometry":{"type":"LineString","coordinates":[[121.46566788,31.22784387],[121.46572836,31.22789414]]}},{"id":"2507","type":"Feature","properties":{"gml_id":"layer_pedestrian_road_pl.121164","Name":null,"pyname":null,"kind":"0b01","width":"30","length":"0.004","speedclass":"8","__source_file__":"04-交通数据/1-交通路网/2-分类图层/上海市_行人道路.shp"},"geometry":{"type":"LineString","coordinates":[[121.46507658,31.23256955],[121.46503644,31.23255938]]}},{"id":"2506","type":"Feature","properties":{"gml_id":"layer_pedestrian_road_pl.121163","Name":null,"pyname":null,"kind":"0b01","width":"30","length":"0.064","speedclass":"8","__source_file__":"04-交通数据/1-交通路网/2-分类图层/上海市_行人道路.shp"},"geometry":{"type":"LineString","coordinates":[[121.46507658,31.23256955],[121.46552946,31.23270104],[121.46559966,31.2326712],[121.46571018,31.23270158]]}},{"id":"2505","type":"Feature","properties":{"gml_id":"layer_pedestrian_road_pl.121162","Name":null,"pyname":null,"kind":"0b01","width":"30","length":"0.042","speedclass":"8","__source_file__":"04-交通数据/1-交通路网/2-分类图层/上海市_行人道路.shp"},"geometry":{"type":"LineString","coordinates":[[121.46492754,31.23292964],[121.46507658,31.23256955]]}},{"id":"2508","type":"Feature","properties":{"gml_id":"layer_pedestrian_road_pl.121165","Name":null,"pyname":null,"kind":"0b01","width":"30","length":"0.015","speedclass":"8","__source_file__":"04-交通数据/1-交通路网/2-分类图层/上海市_行人道路.shp"},"geometry":{"type":"LineString","coordinates":[[121.46492754,31.23292964],[121.46485662,31.23280926]]}},{"id":"2347","type":"Feature","properties":{"gml_id":"layer_pedestrian_road_pl.121004","Name":null,"pyname":null,"kind":"0b01","width":"30","length":"0.016","speedclass":"8","__source_file__":"04-交通数据/1-交通路网/2-分类图层/上海市_行人道路.shp"},"geometry":{"type":"LineString","coordinates":[[121.46879358,31.2302367],[121.46882436,31.23037701]]}},{"id":"2475","type":"Feature","properties":{"gml_id":"layer_pedestrian_road_pl.121132","Name":null,"pyname":null,"kind":"0b01","width":"30","length":"0.044","speedclass":"8","__source_file__":"04-交通数据/1-交通路网/2-分类图层/上海市_行人道路.shp"},"geometry":{"type":"LineString","coordinates":[[121.46904486,31.23025745],[121.4691354,31.23027774],[121.46939712,31.23038867],[121.46946768,31.23042894]]}},{"id":"2337","type":"Feature","properties":{"gml_id":"layer_pedestrian_road_pl.120994","Name":null,"pyname":null,"kind":"0b01","width":"30","length":"0.044","speedclass":"8","__source_file__":"04-交通数据/1-交通路网/2-分类图层/上海市_行人道路.shp"},"geometry":{"type":"LineString","coordinates":[[121.46987088,31.23069053],[121.47015078,31.23038084]]}},{"id":"2471","type":"Feature","properties":{"gml_id":"layer_pedestrian_road_pl.121128","Name":null,"pyname":null,"kind":"0b01","width":"30","length":"0.033","speedclass":"8","__source_file__":"04-交通数据/1-交通路网/2-分类图层/上海市_行人道路.shp"},"geometry":{"type":"LineString","coordinates":[[121.46924772,31.23065867],[121.46946768,31.23042894]]}},{"id":"2350","type":"Feature","properties":{"gml_id":"layer_pedestrian_road_pl.121007","Name":null,"pyname":null,"kind":"0b01","width":"30","length":"0.048","speedclass":"8","__source_file__":"04-交通数据/1-交通路网/2-分类图层/上海市_行人道路.shp"},"geometry":{"type":"LineString","coordinates":[[121.46946768,31.23042894],[121.46987088,31.23069053]]}},{"id":"2349","type":"Feature","properties":{"gml_id":"layer_pedestrian_road_pl.121006","Name":null,"pyname":null,"kind":"0b01","width":"30","length":"0.098","speedclass":"8","__source_file__":"04-交通数据/1-交通路网/2-分类图层/上海市_行人道路.shp"},"geometry":{"type":"LineString","coordinates":[[121.46854482,31.23075677],[121.46873436,31.23047687],[121.4687844,31.23040694],[121.46881446,31.23039699],[121.4688447,31.23040712],[121.46887494,31.23042723],[121.46924772,31.23065867]]}},{"id":"2473","type":"Feature","properties":{"gml_id":"layer_pedestrian_road_pl.121130","Name":null,"pyname":null,"kind":"0b01","width":"30","length":"0.051","speedclass":"8","__source_file__":"04-交通数据/1-交通路网/2-分类图层/上海市_行人道路.shp"},"geometry":{"type":"LineString","coordinates":[[121.46894784,31.23100832],[121.46916798,31.23081869],[121.46925798,31.23071879],[121.46926806,31.23069876],[121.46926788,31.23067874],[121.46924772,31.23065867]]}},{"id":"2472","type":"Feature","properties":{"gml_id":"layer_pedestrian_road_pl.121129","Name":null,"pyname":null,"kind":"0b01","width":"30","length":"0.047","speedclass":"8","__source_file__":"04-交通数据/1-交通路网/2-分类图层/上海市_行人道路.shp"},"geometry":{"type":"LineString","coordinates":[[121.46854482,31.23075677],[121.46894784,31.23100832]]}},{"id":"2502","type":"Feature","properties":{"gml_id":"layer_pedestrian_road_pl.121159","Name":null,"pyname":null,"kind":"0b01","width":"30","length":"0.082","speedclass":"8","__source_file__":"04-交通数据/1-交通路网/2-分类图层/上海市_行人道路.shp"},"geometry":{"type":"LineString","coordinates":[[121.46935104,31.23127994],[121.46987088,31.23069053]]}},{"id":"2334","type":"Feature","properties":{"gml_id":"layer_pedestrian_road_pl.120991","Name":null,"pyname":null,"kind":"0b01","width":"30","length":"0.122","speedclass":"8","__source_file__":"04-交通数据/1-交通路网/2-分类图层/上海市_行人道路.shp"},"geometry":{"type":"LineString","coordinates":[[121.46987088,31.23069053],[121.46989086,31.23070061],[121.47046542,31.23108284],[121.47088878,31.23136454]]}},{"id":"6306","type":"Feature","properties":{"gml_id":"layer_pedestrian_road_pl.125207","Name":null,"pyname":null,"kind":"0b01","width":"30","length":"0.104","speedclass":"8","__source_file__":"04-交通数据/1-交通路网/2-分类图层/上海市_行人道路.shp"},"geometry":{"type":"LineString","coordinates":[[121.46742504,31.22977199],[121.46851962,31.22965499]]}},{"id":"6296","type":"Feature","properties":{"gml_id":"layer_pedestrian_road_pl.125197","Name":null,"pyname":null,"kind":"0b01","width":"30","length":"0.042","speedclass":"8","__source_file__":"04-交通数据/1-交通路网/2-分类图层/上海市_行人道路.shp"},"geometry":{"type":"LineString","coordinates":[[121.46868198,31.229996],[121.46851134,31.23002552],[121.46827068,31.230135]]}},{"id":"2340","type":"Feature","properties":{"gml_id":"layer_pedestrian_road_pl.120997","Name":null,"pyname":null,"kind":"0b01","width":"30","length":"0.077","speedclass":"8","__source_file__":"04-交通数据/1-交通路网/2-分类图层/上海市_行人道路.shp"},"geometry":{"type":"LineString","coordinates":[[121.46736492,31.22983193],[121.46741586,31.22998227],[121.46751684,31.23007272],[121.4678898,31.23033422]]}},{"id":"2342","type":"Feature","properties":{"gml_id":"layer_pedestrian_road_pl.120999","Name":null,"pyname":null,"kind":"0b01","width":"30","length":"0.042","speedclass":"8","__source_file__":"04-交通数据/1-交通路网/2-分类图层/上海市_行人道路.shp"},"geometry":{"type":"LineString","coordinates":[[121.46827068,31.230135],[121.4678898,31.23033422]]}},{"id":"2344","type":"Feature","properties":{"gml_id":"layer_pedestrian_road_pl.121001","Name":null,"pyname":null,"kind":"0b01","width":"30","length":"0.028","speedclass":"8","__source_file__":"04-交通数据/1-交通路网/2-分类图层/上海市_行人道路.shp"},"geometry":{"type":"LineString","coordinates":[[121.46827068,31.230135],[121.46843232,31.23034583]]}},{"id":"2341","type":"Feature","properties":{"gml_id":"layer_pedestrian_road_pl.120998","Name":null,"pyname":null,"kind":"0b01","width":"30","length":"0.037","speedclass":"8","__source_file__":"04-交通数据/1-交通路网/2-分类图层/上海市_行人道路.shp"},"geometry":{"type":"LineString","coordinates":[[121.4678898,31.23033422],[121.4679906,31.2304046],[121.4682021,31.23053541]]}},{"id":"2343","type":"Feature","properties":{"gml_id":"layer_pedestrian_road_pl.121000","Name":null,"pyname":null,"kind":"0b01","width":"30","length":"0.031","speedclass":"8","__source_file__":"04-交通数据/1-交通路网/2-分类图层/上海市_行人道路.shp"},"geometry":{"type":"LineString","coordinates":[[121.4682021,31.23053541],[121.46835222,31.23039564],[121.46843232,31.23034583]]}},{"id":"2348","type":"Feature","properties":{"gml_id":"layer_pedestrian_road_pl.121005","Name":null,"pyname":null,"kind":"0b01","width":"30","length":"0.041","speedclass":"8","__source_file__":"04-交通数据/1-交通路网/2-分类图层/上海市_行人道路.shp"},"geometry":{"type":"LineString","coordinates":[[121.4682021,31.23053541],[121.46854482,31.23075677]]}},{"id":"6593","type":"Feature","properties":{"gml_id":"layer_pedestrian_road_pl.125494","Name":null,"pyname":null,"kind":"0b14","width":"30","length":"0.012","speedclass":"8","__source_file__":"04-交通数据/1-交通路网/2-分类图层/上海市_行人道路.shp"},"geometry":{"type":"LineString","coordinates":[[121.46753844,31.23259673],[121.46754816,31.23253665],[121.46754798,31.23248657]]}},{"id":"6585","type":"Feature","properties":{"gml_id":"layer_pedestrian_road_pl.125486","Name":null,"pyname":null,"kind":"0b14","width":"30","length":"0.042","speedclass":"8","__source_file__":"04-交通数据/1-交通路网/2-分类图层/上海市_行人道路.shp"},"geometry":{"type":"LineString","coordinates":[[121.46754798,31.23248657],[121.46743746,31.23250628],[121.4673975,31.2325362],[121.46734746,31.23259614],[121.46729742,31.23261603],[121.4672472,31.23264596],[121.4672274,31.23267593],[121.4672274,31.23270599]]}},{"id":"2503","type":"Feature","properties":{"gml_id":"layer_pedestrian_road_pl.121160","Name":null,"pyname":null,"kind":"0b01","width":"30","length":"0.048","speedclass":"8","__source_file__":"04-交通数据/1-交通路网/2-分类图层/上海市_行人道路.shp"},"geometry":{"type":"LineString","coordinates":[[121.46894784,31.23100832],[121.4690688,31.23108882],[121.46935104,31.23127994]]}},{"id":"2504","type":"Feature","properties":{"gml_id":"layer_pedestrian_road_pl.121161","Name":null,"pyname":null,"kind":"0b01","width":"30","length":"0.121","speedclass":"8","__source_file__":"04-交通数据/1-交通路网/2-分类图层/上海市_行人道路.shp"},"geometry":{"type":"LineString","coordinates":[[121.46935104,31.23127994],[121.46964336,31.23148109],[121.47024816,31.23189351],[121.47035886,31.23196394]]}},{"id":"6560","type":"Feature","properties":{"gml_id":"layer_pedestrian_road_pl.125461","Name":null,"pyname":null,"kind":"0b14","width":"30","length":"0.081","speedclass":"8","__source_file__":"04-交通数据/1-交通路网/2-分类图层/上海市_行人道路.shp"},"geometry":{"type":"LineString","coordinates":[[121.46851818,31.23372132],[121.46863824,31.23359145],[121.46875848,31.2335217],[121.46884866,31.23349191],[121.46894946,31.23353228],[121.46906034,31.2336027],[121.4691813,31.23370323]]}},{"id":"6559","type":"Feature","properties":{"gml_id":"layer_pedestrian_road_pl.125460","Name":null,"pyname":null,"kind":"0b14","width":"30","length":"0.026","speedclass":"8","__source_file__":"04-交通数据/1-交通路网/2-分类图层/上海市_行人道路.shp"},"geometry":{"type":"LineString","coordinates":[[121.4691813,31.23370323],[121.46925132,31.23362331],[121.46929128,31.23359334],[121.46932152,31.23359343],[121.469382,31.23363371]]}},{"id":"2437","type":"Feature","properties":{"gml_id":"layer_pedestrian_road_pl.121094","Name":null,"pyname":null,"kind":"0b14","width":"30","length":"0.012","speedclass":"8","__source_file__":"04-交通数据/1-交通路网/2-分类图层/上海市_行人道路.shp"},"geometry":{"type":"LineString","coordinates":[[121.469382,31.23363371],[121.46948262,31.23369405]]}},{"id":"6558","type":"Feature","properties":{"gml_id":"layer_pedestrian_road_pl.125459","Name":null,"pyname":null,"kind":"0b14","width":"30","length":"0.003","speedclass":"8","__source_file__":"04-交通数据/1-交通路网/2-分类图层/上海市_行人道路.shp"},"geometry":{"type":"LineString","coordinates":[[121.46916132,31.23372317],[121.4691813,31.23370323]]}},{"id":"2441","type":"Feature","properties":{"gml_id":"layer_pedestrian_road_pl.121098","Name":null,"pyname":null,"kind":"0b14","width":"30","length":"0.015","speedclass":"8","__source_file__":"04-交通数据/1-交通路网/2-分类图层/上海市_行人道路.shp"},"geometry":{"type":"LineString","coordinates":[[121.46948262,31.23369405],[121.46961366,31.2337746]]}},{"id":"2430","type":"Feature","properties":{"gml_id":"layer_pedestrian_road_pl.121087","Name":null,"pyname":null,"kind":"0b14","width":"30","length":"0.015","speedclass":"8","__source_file__":"04-交通数据/1-交通路网/2-分类图层/上海市_行人道路.shp"},"geometry":{"type":"LineString","coordinates":[[121.46906124,31.23382307],[121.46916132,31.23372317]]}},{"id":"6557","type":"Feature","properties":{"gml_id":"layer_pedestrian_road_pl.125458","Name":null,"pyname":null,"kind":"0b14","width":"30","length":"0.034","speedclass":"8","__source_file__":"04-交通数据/1-交通路网/2-分类图层/上海市_行人道路.shp"},"geometry":{"type":"LineString","coordinates":[[121.46851818,31.23372132],[121.46874984,31.23384219],[121.46867982,31.23389205]]}},{"id":"2442","type":"Feature","properties":{"gml_id":"layer_pedestrian_road_pl.121099","Name":null,"pyname":null,"kind":"0b14","width":"30","length":"0.033","speedclass":"8","__source_file__":"04-交通数据/1-交通路网/2-分类图层/上海市_行人道路.shp"},"geometry":{"type":"LineString","coordinates":[[121.46961366,31.2337746],[121.4699058,31.23394569]]}},{"id":"6591","type":"Feature","properties":{"gml_id":"layer_pedestrian_road_pl.125492","Name":null,"pyname":null,"kind":"0b14","width":"30","length":"0.084","speedclass":"8","__source_file__":"04-交通数据/1-交通路网/2-分类图层/上海市_行人道路.shp"},"geometry":{"type":"LineString","coordinates":[[121.46808186,31.23277857],[121.46809176,31.23275859],[121.46813154,31.23264852],[121.46814144,31.23260847],[121.468131,31.23255839],[121.46811084,31.23253827],[121.46804046,31.23249804],[121.46791968,31.23246762],[121.46783922,31.23244737],[121.4677287,31.23244706],[121.46761836,31.23247676],[121.46754798,31.23248657]]}},{"id":"6592","type":"Feature","properties":{"gml_id":"layer_pedestrian_road_pl.125493","Name":null,"pyname":null,"kind":"0b14","width":"30","length":"0.006","speedclass":"8","__source_file__":"04-交通数据/1-交通路网/2-分类图层/上海市_行人道路.shp"},"geometry":{"type":"LineString","coordinates":[[121.46757876,31.23263691],[121.46753844,31.23259673]]}},{"id":"6582","type":"Feature","properties":{"gml_id":"layer_pedestrian_road_pl.125483","Name":null,"pyname":null,"kind":"0b14","width":"30","length":"0.020","speedclass":"8","__source_file__":"04-交通数据/1-交通路网/2-分类图层/上海市_行人道路.shp"},"geometry":{"type":"LineString","coordinates":[[121.4671572,31.2327158],[121.46716638,31.23253553]]}},{"id":"6596","type":"Feature","properties":{"gml_id":"layer_pedestrian_road_pl.125497","Name":null,"pyname":null,"kind":"0b14","width":"30","length":"0.063","speedclass":"8","__source_file__":"04-交通数据/1-交通路网/2-分类图层/上海市_行人道路.shp"},"geometry":{"type":"LineString","coordinates":[[121.46806152,31.23272844],[121.46805126,31.23269838],[121.468041,31.23262823],[121.46800068,31.23259808],[121.46792004,31.23256779],[121.46783976,31.23255753],[121.46774922,31.23254727],[121.46765886,31.232547],[121.46758848,31.23255681],[121.46753844,31.23259673]]}},{"id":"6590","type":"Feature","properties":{"gml_id":"layer_pedestrian_road_pl.125491","Name":null,"pyname":null,"kind":"0b14","width":"30","length":"0.016","speedclass":"8","__source_file__":"04-交通数据/1-交通路网/2-分类图层/上海市_行人道路.shp"},"geometry":{"type":"LineString","coordinates":[[121.46748876,31.23272678],[121.46749884,31.23270675],[121.46755896,31.23268691],[121.46757894,31.23267696],[121.46758902,31.23265694],[121.46757876,31.23263691]]}},{"id":"6594","type":"Feature","properties":{"gml_id":"layer_pedestrian_road_pl.125495","Name":null,"pyname":null,"kind":"0b14","width":"30","length":"0.037","speedclass":"8","__source_file__":"04-交通数据/1-交通路网/2-分类图层/上海市_行人道路.shp"},"geometry":{"type":"LineString","coordinates":[[121.46793102,31.23274811],[121.46791086,31.23272799],[121.46787036,31.23268781],[121.46774976,31.2326474],[121.46767938,31.23263718],[121.46757876,31.23263691]]}},{"id":"6586","type":"Feature","properties":{"gml_id":"layer_pedestrian_road_pl.125487","Name":null,"pyname":null,"kind":"0b14","width":"30","length":"0.007","speedclass":"8","__source_file__":"04-交通数据/1-交通路网/2-分类图层/上海市_行人道路.shp"},"geometry":{"type":"LineString","coordinates":[[121.4672274,31.23270599],[121.4671572,31.2327158]]}},{"id":"6587","type":"Feature","properties":{"gml_id":"layer_pedestrian_road_pl.125488","Name":null,"pyname":null,"kind":"0b14","width":"30","length":"0.025","speedclass":"8","__source_file__":"04-交通数据/1-交通路网/2-分类图层/上海市_行人道路.shp"},"geometry":{"type":"LineString","coordinates":[[121.4672274,31.23270599],[121.46748876,31.23272678]]}},{"id":"6597","type":"Feature","properties":{"gml_id":"layer_pedestrian_road_pl.125498","Name":null,"pyname":null,"kind":"0b14","width":"30","length":"0.013","speedclass":"8","__source_file__":"04-交通数据/1-交通路网/2-分类图层/上海市_行人道路.shp"},"geometry":{"type":"LineString","coordinates":[[121.46793102,31.23274811],[121.46806152,31.23272844]]}},{"id":"6595","type":"Feature","properties":{"gml_id":"layer_pedestrian_road_pl.125496","Name":null,"pyname":null,"kind":"0b14","width":"30","length":"0.006","speedclass":"8","__source_file__":"04-交通数据/1-交通路网/2-分类图层/上海市_行人道路.shp"},"geometry":{"type":"LineString","coordinates":[[121.46808186,31.23277857],[121.4680617,31.23274847],[121.46806152,31.23272844]]}},{"id":"482","type":"Feature","properties":{"gml_id":"layer_pedestrian_road_pl.119139","Name":null,"pyname":null,"kind":"0b01","width":"30","length":"0.043","speedclass":"8","__source_file__":"04-交通数据/1-交通路网/2-分类图层/上海市_行人道路.shp"},"geometry":{"type":"LineString","coordinates":[[121.47256152,31.22806424],[121.47258348,31.22845493]]}},{"id":"483","type":"Feature","properties":{"gml_id":"layer_pedestrian_road_pl.119140","Name":null,"pyname":null,"kind":"0b01","width":"30","length":"0.056","speedclass":"8","__source_file__":"04-交通数据/1-交通路网/2-分类图层/上海市_行人道路.shp"},"geometry":{"type":"LineString","coordinates":[[121.47207984,31.22818304],[121.47258348,31.22845493]]}},{"id":"1289","type":"Feature","properties":{"gml_id":"layer_pedestrian_road_pl.119946","Name":null,"pyname":null,"kind":"0b01","width":"30","length":"0.067","speedclass":"8","__source_file__":"04-交通数据/1-交通路网/2-分类图层/上海市_行人道路.shp"},"geometry":{"type":"LineString","coordinates":[[121.4735589,31.22863803],[121.4740089,31.22816859]]}},{"id":"478","type":"Feature","properties":{"gml_id":"layer_pedestrian_road_pl.119135","Name":null,"pyname":null,"kind":"0b01","width":"30","length":"0.044","speedclass":"8","__source_file__":"04-交通数据/1-交通路网/2-分类图层/上海市_行人道路.shp"},"geometry":{"type":"LineString","coordinates":[[121.47316614,31.22841654],[121.4735589,31.22863803]]}},{"id":"484","type":"Feature","properties":{"gml_id":"layer_pedestrian_road_pl.119141","Name":null,"pyname":null,"kind":"0b01","width":"30","length":"0.077","speedclass":"8","__source_file__":"04-交通数据/1-交通路网/2-分类图层/上海市_行人道路.shp"},"geometry":{"type":"LineString","coordinates":[[121.47258348,31.22845493],[121.47298632,31.22866643],[121.47316614,31.22841654]]}},{"id":"491","type":"Feature","properties":{"gml_id":"layer_pedestrian_road_pl.119148","Name":null,"pyname":null,"kind":"0b01","width":"30","length":"0.052","speedclass":"8","__source_file__":"04-交通数据/1-交通路网/2-分类图层/上海市_行人道路.shp"},"geometry":{"type":"LineString","coordinates":[[121.47258348,31.22845493],[121.472676,31.22891591]]}},{"id":"488","type":"Feature","properties":{"gml_id":"layer_pedestrian_road_pl.119145","Name":null,"pyname":null,"kind":"0b01","width":"30","length":"0.086","speedclass":"8","__source_file__":"04-交通数据/1-交通路网/2-分类图层/上海市_行人道路.shp"},"geometry":{"type":"LineString","coordinates":[[121.47258348,31.22845493],[121.4721936,31.22887442],[121.47242526,31.22900532]]}},{"id":"495","type":"Feature","properties":{"gml_id":"layer_pedestrian_road_pl.119152","Name":null,"pyname":null,"kind":"0b01","width":"30","length":"0.035","speedclass":"8","__source_file__":"04-交通数据/1-交通路网/2-分类图层/上海市_行人道路.shp"},"geometry":{"type":"LineString","coordinates":[[121.47332904,31.22888774],[121.4735589,31.22863803]]}},{"id":"496","type":"Feature","properties":{"gml_id":"layer_pedestrian_road_pl.119153","Name":null,"pyname":null,"kind":"0b01","width":"30","length":"0.062","speedclass":"8","__source_file__":"04-交通数据/1-交通路网/2-分类图层/上海市_行人道路.shp"},"geometry":{"type":"LineString","coordinates":[[121.472676,31.22891591],[121.47332904,31.22888774]]}},{"id":"493","type":"Feature","properties":{"gml_id":"layer_pedestrian_road_pl.119150","Name":null,"pyname":null,"kind":"0b01","width":"30","length":"0.026","speedclass":"8","__source_file__":"04-交通数据/1-交通路网/2-分类图层/上海市_行人道路.shp"},"geometry":{"type":"LineString","coordinates":[[121.47242526,31.22900532],[121.472676,31.22891591]]}},{"id":"492","type":"Feature","properties":{"gml_id":"layer_pedestrian_road_pl.119149","Name":null,"pyname":null,"kind":"0b01","width":"30","length":"0.030","speedclass":"8","__source_file__":"04-交通数据/1-交通路网/2-分类图层/上海市_行人道路.shp"},"geometry":{"type":"LineString","coordinates":[[121.472676,31.22891591],[121.47272748,31.22918649]]}},{"id":"489","type":"Feature","properties":{"gml_id":"layer_pedestrian_road_pl.119146","Name":null,"pyname":null,"kind":"0b01","width":"30","length":"0.035","speedclass":"8","__source_file__":"04-交通数据/1-交通路网/2-分类图层/上海市_行人道路.shp"},"geometry":{"type":"LineString","coordinates":[[121.47242526,31.22900532],[121.47272748,31.22918649]]}},{"id":"494","type":"Feature","properties":{"gml_id":"layer_pedestrian_road_pl.119151","Name":null,"pyname":null,"kind":"0b01","width":"30","length":"0.061","speedclass":"8","__source_file__":"04-交通数据/1-交通路网/2-分类图层/上海市_行人道路.shp"},"geometry":{"type":"LineString","coordinates":[[121.472919,31.22930723],[121.47332904,31.22888774]]}},{"id":"490","type":"Feature","properties":{"gml_id":"layer_pedestrian_road_pl.119147","Name":null,"pyname":null,"kind":"0b01","width":"30","length":"0.041","speedclass":"8","__source_file__":"04-交通数据/1-交通路网/2-分类图层/上海市_行人道路.shp"},"geometry":{"type":"LineString","coordinates":[[121.47205428,31.22919455],[121.47242526,31.22900532]]}},{"id":"497","type":"Feature","properties":{"gml_id":"layer_pedestrian_road_pl.119154","Name":null,"pyname":null,"kind":"0b01","width":"30","length":"0.142","speedclass":"8","__source_file__":"04-交通数据/1-交通路网/2-分类图层/上海市_行人道路.shp"},"geometry":{"type":"LineString","coordinates":[[121.4735589,31.22863803],[121.47394194,31.22888954],[121.47334218,31.22958888]]}},{"id":"487","type":"Feature","properties":{"gml_id":"layer_pedestrian_road_pl.119144","Name":null,"pyname":null,"kind":"0b01","width":"30","length":"0.022","speedclass":"8","__source_file__":"04-交通数据/1-交通路网/2-分类图层/上海市_行人道路.shp"},"geometry":{"type":"LineString","coordinates":[[121.47272748,31.22918649],[121.472919,31.22930723]]}},{"id":"485","type":"Feature","properties":{"gml_id":"layer_pedestrian_road_pl.119142","Name":null,"pyname":null,"kind":"0b01","width":"30","length":"0.030","speedclass":"8","__source_file__":"04-交通数据/1-交通路网/2-分类图层/上海市_行人道路.shp"},"geometry":{"type":"LineString","coordinates":[[121.47272748,31.22918649],[121.47277896,31.22945703]]}},{"id":"486","type":"Feature","properties":{"gml_id":"layer_pedestrian_road_pl.119143","Name":null,"pyname":null,"kind":"0b01","width":"30","length":"0.021","speedclass":"8","__source_file__":"04-交通数据/1-交通路网/2-分类图层/上海市_行人道路.shp"},"geometry":{"type":"LineString","coordinates":[[121.47277896,31.22945703],[121.472919,31.22930723]]}},{"id":"498","type":"Feature","properties":{"gml_id":"layer_pedestrian_road_pl.119155","Name":null,"pyname":null,"kind":"0b01","width":"30","length":"0.051","speedclass":"8","__source_file__":"04-交通数据/1-交通路网/2-分类图层/上海市_行人道路.shp"},"geometry":{"type":"LineString","coordinates":[[121.47334218,31.22958888],[121.472919,31.22930723]]}},{"id":"1292","type":"Feature","properties":{"gml_id":"layer_pedestrian_road_pl.119949","Name":null,"pyname":null,"kind":"0b01","width":"30","length":"0.024","speedclass":"8","__source_file__":"04-交通数据/1-交通路网/2-分类图层/上海市_行人道路.shp"},"geometry":{"type":"LineString","coordinates":[[121.47262902,31.22962686],[121.47277896,31.22945703]]}},{"id":"1287","type":"Feature","properties":{"gml_id":"layer_pedestrian_road_pl.119944","Name":null,"pyname":null,"kind":"0b01","width":"30","length":"0.014","speedclass":"8","__source_file__":"04-交通数据/1-交通路网/2-分类图层/上海市_行人道路.shp"},"geometry":{"type":"LineString","coordinates":[[121.47139854,31.22860172],[121.4715195,31.22867214]]}},{"id":"1288","type":"Feature","properties":{"gml_id":"layer_pedestrian_road_pl.119945","Name":null,"pyname":null,"kind":"0b01","width":"30","length":"0.007","speedclass":"8","__source_file__":"04-交通数据/1-交通路网/2-分类图层/上海市_行人道路.shp"},"geometry":{"type":"LineString","coordinates":[[121.4715195,31.22867214],[121.4715798,31.22870238]]}},{"id":"1286","type":"Feature","properties":{"gml_id":"layer_pedestrian_road_pl.119943","Name":null,"pyname":null,"kind":"0b01","width":"30","length":"0.008","speedclass":"8","__source_file__":"04-交通数据/1-交通路网/2-分类图层/上海市_行人道路.shp"},"geometry":{"type":"LineString","coordinates":[[121.4715798,31.22870238],[121.47165036,31.22874266]]}},{"id":"2495","type":"Feature","properties":{"gml_id":"layer_pedestrian_road_pl.121152","Name":null,"pyname":null,"kind":"0b01","width":"30","length":"0.041","speedclass":"8","__source_file__":"04-交通数据/1-交通路网/2-分类图层/上海市_行人道路.shp"},"geometry":{"type":"LineString","coordinates":[[121.47110154,31.22957237],[121.47121044,31.2292121]]}},{"id":"1183","type":"Feature","properties":{"gml_id":"layer_pedestrian_road_pl.119840","Name":"武胜路","pyname":"wsl","kind":"0b01","width":"30","length":"0.054","speedclass":"8","__source_file__":"04-交通数据/1-交通路网/2-分类图层/上海市_行人道路.shp"},"geometry":{"type":"LineString","coordinates":[[121.47060798,31.22932055],[121.47068862,31.22936082],[121.47095052,31.22949177],[121.47110154,31.22957237]]}},{"id":"2498","type":"Feature","properties":{"gml_id":"layer_pedestrian_road_pl.121155","Name":null,"pyname":null,"kind":"0b01","width":"30","length":"0.034","speedclass":"8","__source_file__":"04-交通数据/1-交通路网/2-分类图层/上海市_行人道路.shp"},"geometry":{"type":"LineString","coordinates":[[121.47144426,31.22979368],[121.47165396,31.22954393]]}},{"id":"2496","type":"Feature","properties":{"gml_id":"layer_pedestrian_road_pl.121153","Name":"武胜路","pyname":"wsl","kind":"0b01","width":"30","length":"0.041","speedclass":"8","__source_file__":"04-交通数据/1-交通路网/2-分类图层/上海市_行人道路.shp"},"geometry":{"type":"LineString","coordinates":[[121.47110154,31.22957237],[121.47114186,31.22959248],[121.47141384,31.22976357],[121.47144426,31.22979368]]}},{"id":"2497","type":"Feature","properties":{"gml_id":"layer_pedestrian_road_pl.121154","Name":null,"pyname":null,"kind":"0b01","width":"30","length":"0.023","speedclass":"8","__source_file__":"04-交通数据/1-交通路网/2-分类图层/上海市_行人道路.shp"},"geometry":{"type":"LineString","coordinates":[[121.47128424,31.22995347],[121.47144426,31.22979368]]}},{"id":"2499","type":"Feature","properties":{"gml_id":"layer_pedestrian_road_pl.121156","Name":"武胜路","pyname":"wsl","kind":"0b01","width":"30","length":"0.041","speedclass":"8","__source_file__":"04-交通数据/1-交通路网/2-分类图层/上海市_行人道路.shp"},"geometry":{"type":"LineString","coordinates":[[121.47144426,31.22979368],[121.47154506,31.2298641],[121.47175674,31.23002498],[121.4717769,31.23003501]]}},{"id":"2501","type":"Feature","properties":{"gml_id":"layer_pedestrian_road_pl.121158","Name":null,"pyname":null,"kind":"0b01","width":"30","length":"0.031","speedclass":"8","__source_file__":"04-交通数据/1-交通路网/2-分类图层/上海市_行人道路.shp"},"geometry":{"type":"LineString","coordinates":[[121.4717769,31.23003501],[121.47202728,31.22985546]]}},{"id":"1291","type":"Feature","properties":{"gml_id":"layer_pedestrian_road_pl.119948","Name":null,"pyname":null,"kind":"0b01","width":"30","length":"0.011","speedclass":"8","__source_file__":"04-交通数据/1-交通路网/2-分类图层/上海市_行人道路.shp"},"geometry":{"type":"LineString","coordinates":[[121.47254892,31.22969675],[121.47262902,31.22962686]]}},{"id":"499","type":"Feature","properties":{"gml_id":"layer_pedestrian_road_pl.119156","Name":null,"pyname":null,"kind":"0b01","width":"30","length":"0.100","speedclass":"8","__source_file__":"04-交通数据/1-交通路网/2-分类图层/上海市_行人道路.shp"},"geometry":{"type":"LineString","coordinates":[[121.47334218,31.22958888],[121.4739972,31.22997138],[121.4742087,31.2301022]]}},{"id":"392","type":"Feature","properties":{"gml_id":"layer_pedestrian_road_pl.119049","Name":"武胜路","pyname":"wsl","kind":"0b01","width":"30","length":"0.005","speedclass":"8","__source_file__":"04-交通数据/1-交通路网/2-分类图层/上海市_行人道路.shp"},"geometry":{"type":"LineString","coordinates":[[121.47211008,31.23039654],[121.4721504,31.23042674]]}},{"id":"6317","type":"Feature","properties":{"gml_id":"layer_pedestrian_road_pl.125218","Name":null,"pyname":null,"kind":"0b01","width":"30","length":"0.033","speedclass":"8","__source_file__":"04-交通数据/1-交通路网/2-分类图层/上海市_行人道路.shp"},"geometry":{"type":"LineString","coordinates":[[121.47188004,31.23060624],[121.47201018,31.23053649],[121.4721504,31.23042674]]}},{"id":"1293","type":"Feature","properties":{"gml_id":"layer_pedestrian_road_pl.119950","Name":null,"pyname":null,"kind":"0b01","width":"30","length":"0.118","speedclass":"8","__source_file__":"04-交通数据/1-交通路网/2-分类图层/上海市_行人道路.shp"},"geometry":{"type":"LineString","coordinates":[[121.47381972,31.23072203],[121.47344802,31.23074097],[121.47306642,31.23077994],[121.47298614,31.23078971],[121.47292584,31.23081959],[121.4726958,31.23102924]]}},{"id":"6320","type":"Feature","properties":{"gml_id":"layer_pedestrian_road_pl.125221","Name":null,"pyname":null,"kind":"0b01","width":"30","length":"0.111","speedclass":"8","__source_file__":"04-交通数据/1-交通路网/2-分类图层/上海市_行人道路.shp"},"geometry":{"type":"LineString","coordinates":[[121.47188004,31.23060624],[121.47248682,31.23146934]]}},{"id":"6319","type":"Feature","properties":{"gml_id":"layer_pedestrian_road_pl.125220","Name":null,"pyname":null,"kind":"0b01","width":"30","length":"0.022","speedclass":"8","__source_file__":"04-交通数据/1-交通路网/2-分类图层/上海市_行人道路.shp"},"geometry":{"type":"LineString","coordinates":[[121.47248682,31.23146934],[121.4727075,31.23139986]]}},{"id":"6309","type":"Feature","properties":{"gml_id":"layer_pedestrian_road_pl.125210","Name":null,"pyname":null,"kind":"0b01","width":"30","length":"0.012","speedclass":"8","__source_file__":"04-交通数据/1-交通路网/2-分类图层/上海市_行人道路.shp"},"geometry":{"type":"LineString","coordinates":[[121.47194412,31.23146777],[121.47198426,31.23145787],[121.47203466,31.23146804],[121.4720649,31.23148815]]}},{"id":"6318","type":"Feature","properties":{"gml_id":"layer_pedestrian_road_pl.125219","Name":null,"pyname":null,"kind":"0b01","width":"30","length":"0.008","speedclass":"8","__source_file__":"04-交通数据/1-交通路网/2-分类图层/上海市_行人道路.shp"},"geometry":{"type":"LineString","coordinates":[[121.47244686,31.23152933],[121.47248682,31.23146934]]}},{"id":"6313","type":"Feature","properties":{"gml_id":"layer_pedestrian_road_pl.125214","Name":null,"pyname":null,"kind":"0b01","width":"30","length":"0.007","speedclass":"8","__source_file__":"04-交通数据/1-交通路网/2-分类图层/上海市_行人道路.shp"},"geometry":{"type":"LineString","coordinates":[[121.47209532,31.23153828],[121.47209514,31.23151826],[121.4720649,31.23148815]]}},{"id":"2336","type":"Feature","properties":{"gml_id":"layer_pedestrian_road_pl.120993","Name":null,"pyname":null,"kind":"0b01","width":"30","length":"0.030","speedclass":"8","__source_file__":"04-交通数据/1-交通路网/2-分类图层/上海市_行人道路.shp"},"geometry":{"type":"LineString","coordinates":[[121.47038964,31.22989079],[121.47064164,31.23005175]]}},{"id":"2500","type":"Feature","properties":{"gml_id":"layer_pedestrian_road_pl.121157","Name":"武胜路","pyname":"wsl","kind":"0b01","width":"30","length":"0.051","speedclass":"8","__source_file__":"04-交通数据/1-交通路网/2-分类图层/上海市_行人道路.shp"},"geometry":{"type":"LineString","coordinates":[[121.4717769,31.23003501],[121.47211008,31.23039654]]}},{"id":"2494","type":"Feature","properties":{"gml_id":"layer_pedestrian_road_pl.121151","Name":null,"pyname":null,"kind":"0b01","width":"30","length":"0.033","speedclass":"8","__source_file__":"04-交通数据/1-交通路网/2-分类图层/上海市_行人道路.shp"},"geometry":{"type":"LineString","coordinates":[[121.47135714,31.2305346],[121.47163938,31.23071568]]}},{"id":"6316","type":"Feature","properties":{"gml_id":"layer_pedestrian_road_pl.125217","Name":null,"pyname":null,"kind":"0b01","width":"30","length":"0.026","speedclass":"8","__source_file__":"04-交通数据/1-交通路网/2-分类图层/上海市_行人道路.shp"},"geometry":{"type":"LineString","coordinates":[[121.47163938,31.23071568],[121.47177978,31.23065601],[121.47188004,31.23060624]]}},{"id":"2493","type":"Feature","properties":{"gml_id":"layer_pedestrian_road_pl.121150","Name":null,"pyname":null,"kind":"0b01","width":"30","length":"0.019","speedclass":"8","__source_file__":"04-交通数据/1-交通路网/2-分类图层/上海市_行人道路.shp"},"geometry":{"type":"LineString","coordinates":[[121.47145884,31.23079529],[121.47163938,31.23071568]]}},{"id":"2333","type":"Feature","properties":{"gml_id":"layer_pedestrian_road_pl.120990","Name":null,"pyname":null,"kind":"0b01","width":"30","length":"0.036","speedclass":"8","__source_file__":"04-交通数据/1-交通路网/2-分类图层/上海市_行人道路.shp"},"geometry":{"type":"LineString","coordinates":[[121.47118848,31.23101484],[121.47122862,31.23097493],[121.47135858,31.2308451],[121.47145884,31.23079529]]}},{"id":"6308","type":"Feature","properties":{"gml_id":"layer_pedestrian_road_pl.125209","Name":null,"pyname":null,"kind":"0b01","width":"30","length":"0.063","speedclass":"8","__source_file__":"04-交通数据/1-交通路网/2-分类图层/上海市_行人道路.shp"},"geometry":{"type":"LineString","coordinates":[[121.47174234,31.23127688],[121.47177222,31.23120686],[121.4717112,31.23105642],[121.47159996,31.23091589],[121.47145884,31.23079529]]}},{"id":"2331","type":"Feature","properties":{"gml_id":"layer_pedestrian_road_pl.120988","Name":null,"pyname":null,"kind":"0b01","width":"30","length":"0.036","speedclass":"8","__source_file__":"04-交通数据/1-交通路网/2-分类图层/上海市_行人道路.shp"},"geometry":{"type":"LineString","coordinates":[[121.47118848,31.23101484],[121.47148098,31.23122603]]}},{"id":"2330","type":"Feature","properties":{"gml_id":"layer_pedestrian_road_pl.120987","Name":null,"pyname":null,"kind":"0b01","width":"30","length":"0.048","speedclass":"8","__source_file__":"04-交通数据/1-交通路网/2-分类图层/上海市_行人道路.shp"},"geometry":{"type":"LineString","coordinates":[[121.47088878,31.23136454],[121.47118848,31.23101484]]}},{"id":"2332","type":"Feature","properties":{"gml_id":"layer_pedestrian_road_pl.120989","Name":null,"pyname":null,"kind":"0b01","width":"30","length":"0.011","speedclass":"8","__source_file__":"04-交通数据/1-交通路网/2-分类图层/上海市_行人道路.shp"},"geometry":{"type":"LineString","coordinates":[[121.47148098,31.23122603],[121.4715816,31.23127638]]}},{"id":"6307","type":"Feature","properties":{"gml_id":"layer_pedestrian_road_pl.125208","Name":null,"pyname":null,"kind":"0b01","width":"30","length":"0.016","speedclass":"8","__source_file__":"04-交通数据/1-交通路网/2-分类图层/上海市_行人道路.shp"},"geometry":{"type":"LineString","coordinates":[[121.4715816,31.23127638],[121.471632,31.23129659],[121.4717022,31.23129677],[121.47174234,31.23127688]]}},{"id":"6310","type":"Feature","properties":{"gml_id":"layer_pedestrian_road_pl.125211","Name":null,"pyname":null,"kind":"0b01","width":"30","length":"0.028","speedclass":"8","__source_file__":"04-交通数据/1-交通路网/2-分类图层/上海市_行人道路.shp"},"geometry":{"type":"LineString","coordinates":[[121.47174234,31.23127688],[121.47194412,31.23146777]]}},{"id":"2326","type":"Feature","properties":{"gml_id":"layer_pedestrian_road_pl.120983","Name":null,"pyname":null,"kind":"0b01","width":"30","length":"0.048","speedclass":"8","__source_file__":"04-交通数据/1-交通路网/2-分类图层/上海市_行人道路.shp"},"geometry":{"type":"LineString","coordinates":[[121.47115086,31.23155561],[121.47148098,31.23122603]]}},{"id":"2328","type":"Feature","properties":{"gml_id":"layer_pedestrian_road_pl.120985","Name":null,"pyname":null,"kind":"0b01","width":"30","length":"0.033","speedclass":"8","__source_file__":"04-交通数据/1-交通路网/2-分类图层/上海市_行人道路.shp"},"geometry":{"type":"LineString","coordinates":[[121.47088878,31.23136454],[121.4710803,31.2315053],[121.47115086,31.23155561]]}},{"id":"6311","type":"Feature","properties":{"gml_id":"layer_pedestrian_road_pl.125212","Name":null,"pyname":null,"kind":"0b01","width":"30","length":"0.022","speedclass":"8","__source_file__":"04-交通数据/1-交通路网/2-分类图层/上海市_行人道路.shp"},"geometry":{"type":"LineString","coordinates":[[121.47194412,31.23146777],[121.4720154,31.23165825]]}},{"id":"2325","type":"Feature","properties":{"gml_id":"layer_pedestrian_road_pl.120982","Name":null,"pyname":null,"kind":"0b01","width":"30","length":"0.018","speedclass":"8","__source_file__":"04-交通数据/1-交通路网/2-分类图层/上海市_行人道路.shp"},"geometry":{"type":"LineString","coordinates":[[121.47115086,31.23155561],[121.47129198,31.23166617]]}},{"id":"2329","type":"Feature","properties":{"gml_id":"layer_pedestrian_road_pl.120986","Name":null,"pyname":null,"kind":"0b01","width":"30","length":"0.084","speedclass":"8","__source_file__":"04-交通数据/1-交通路网/2-分类图层/上海市_行人道路.shp"},"geometry":{"type":"LineString","coordinates":[[121.47035886,31.23196394],[121.47088878,31.23136454]]}},{"id":"2318","type":"Feature","properties":{"gml_id":"layer_pedestrian_road_pl.120975","Name":null,"pyname":null,"kind":"0b01","width":"30","length":"0.020","speedclass":"8","__source_file__":"04-交通数据/1-交通路网/2-分类图层/上海市_行人道路.shp"},"geometry":{"type":"LineString","coordinates":[[121.47198606,31.23183843],[121.4720154,31.23165825]]}},{"id":"2324","type":"Feature","properties":{"gml_id":"layer_pedestrian_road_pl.120981","Name":null,"pyname":null,"kind":"0b01","width":"30","length":"0.029","speedclass":"8","__source_file__":"04-交通数据/1-交通路网/2-分类图层/上海市_行人道路.shp"},"geometry":{"type":"LineString","coordinates":[[121.47129198,31.23166617],[121.47135246,31.23171644],[121.47151392,31.23184707]]}},{"id":"2317","type":"Feature","properties":{"gml_id":"layer_pedestrian_road_pl.120974","Name":null,"pyname":null,"kind":"0b01","width":"30","length":"0.045","speedclass":"8","__source_file__":"04-交通数据/1-交通路网/2-分类图层/上海市_行人道路.shp"},"geometry":{"type":"LineString","coordinates":[[121.47151392,31.23184707],[121.4718453,31.231818],[121.47198606,31.23183843]]}},{"id":"2316","type":"Feature","properties":{"gml_id":"layer_pedestrian_road_pl.120973","Name":null,"pyname":null,"kind":"0b01","width":"30","length":"0.037","speedclass":"8","__source_file__":"04-交通数据/1-交通路网/2-分类图层/上海市_行人道路.shp"},"geometry":{"type":"LineString","coordinates":[[121.47151392,31.23184707],[121.4716149,31.23194756],[121.471686,31.23211802],[121.471686,31.23213804]]}},{"id":"2312","type":"Feature","properties":{"gml_id":"layer_pedestrian_road_pl.120969","Name":null,"pyname":null,"kind":"0b01","width":"30","length":"0.011","speedclass":"8","__source_file__":"04-交通数据/1-交通路网/2-分类图层/上海市_行人道路.shp"},"geometry":{"type":"LineString","coordinates":[[121.47194718,31.23212877],[121.47196716,31.2320988],[121.47199722,31.23208886],[121.47203736,31.23207896]]}},{"id":"2315","type":"Feature","properties":{"gml_id":"layer_pedestrian_road_pl.120972","Name":null,"pyname":null,"kind":"0b01","width":"30","length":"0.025","speedclass":"8","__source_file__":"04-交通数据/1-交通路网/2-分类图层/上海市_行人道路.shp"},"geometry":{"type":"LineString","coordinates":[[121.471686,31.23213804],[121.47194718,31.23212877]]}},{"id":"2311","type":"Feature","properties":{"gml_id":"layer_pedestrian_road_pl.120968","Name":null,"pyname":null,"kind":"0b01","width":"30","length":"0.014","speedclass":"8","__source_file__":"04-交通数据/1-交通路网/2-分类图层/上海市_行人道路.shp"},"geometry":{"type":"LineString","coordinates":[[121.47194718,31.23212877],[121.47194736,31.23215883],[121.4719677,31.23219897],[121.47199776,31.23220905],[121.472028,31.23220914]]}},{"id":"2327","type":"Feature","properties":{"gml_id":"layer_pedestrian_road_pl.120984","Name":null,"pyname":null,"kind":"0b01","width":"30","length":"0.137","speedclass":"8","__source_file__":"04-交通数据/1-交通路网/2-分类图层/上海市_行人道路.shp"},"geometry":{"type":"LineString","coordinates":[[121.47035886,31.23196394],[121.4707923,31.23225563],[121.47144732,31.23267818],[121.4715078,31.23271845]]}},{"id":"2314","type":"Feature","properties":{"gml_id":"layer_pedestrian_road_pl.120971","Name":null,"pyname":null,"kind":"0b01","width":"30","length":"0.069","speedclass":"8","__source_file__":"04-交通数据/1-交通路网/2-分类图层/上海市_行人道路.shp"},"geometry":{"type":"LineString","coordinates":[[121.471686,31.23213804],[121.47168654,31.23225824],[121.47168726,31.23241848],[121.47162768,31.23256856],[121.4715078,31.23271845]]}},{"id":"2322","type":"Feature","properties":{"gml_id":"layer_pedestrian_road_pl.120979","Name":null,"pyname":null,"kind":"0b01","width":"30","length":"0.052","speedclass":"8","__source_file__":"04-交通数据/1-交通路网/2-分类图层/上海市_行人道路.shp"},"geometry":{"type":"LineString","coordinates":[[121.47192954,31.23265955],[121.47194952,31.23262958],[121.47201936,31.2325196],[121.47203916,31.23243954],[121.47203862,31.23233937],[121.472028,31.23220914]]}},{"id":"2321","type":"Feature","properties":{"gml_id":"layer_pedestrian_road_pl.120978","Name":null,"pyname":null,"kind":"0b01","width":"30","length":"0.030","speedclass":"8","__source_file__":"04-交通数据/1-交通路网/2-分类图层/上海市_行人道路.shp"},"geometry":{"type":"LineString","coordinates":[[121.47176988,31.23288945],[121.47192954,31.23265955]]}},{"id":"2309","type":"Feature","properties":{"gml_id":"layer_pedestrian_road_pl.120966","Name":null,"pyname":null,"kind":"0b01","width":"30","length":"0.031","speedclass":"8","__source_file__":"04-交通数据/1-交通路网/2-分类图层/上海市_行人道路.shp"},"geometry":{"type":"LineString","coordinates":[[121.4715078,31.23271845],[121.47176988,31.23288945]]}},{"id":"2310","type":"Feature","properties":{"gml_id":"layer_pedestrian_road_pl.120967","Name":null,"pyname":null,"kind":"0b01","width":"30","length":"0.048","speedclass":"8","__source_file__":"04-交通数据/1-交通路网/2-分类图层/上海市_行人道路.shp"},"geometry":{"type":"LineString","coordinates":[[121.47176988,31.23288945],[121.47193116,31.23300011],[121.47203196,31.2330605],[121.47217308,31.23316107]]}},{"id":"6896","type":"Feature","properties":{"gml_id":"layer_pedestrian_road_pl.125856","Name":null,"pyname":null,"kind":"0b01","width":"30","length":"0.010","speedclass":"8","__source_file__":"04-交通数据/1-交通路网/2-分类图层/上海市_行人道路.shp"},"geometry":{"type":"LineString","coordinates":[[121.4789076,31.22717126],[121.47900822,31.22718161]]}},{"id":"6897","type":"Feature","properties":{"gml_id":"layer_pedestrian_road_pl.125857","Name":null,"pyname":null,"kind":"0b01","width":"30","length":"0.009","speedclass":"8","__source_file__":"04-交通数据/1-交通路网/2-分类图层/上海市_行人道路.shp"},"geometry":{"type":"LineString","coordinates":[[121.4789076,31.22717126],[121.47889788,31.22725136]]}},{"id":"775","type":"Feature","properties":{"gml_id":"layer_pedestrian_road_pl.119432","Name":null,"pyname":null,"kind":"0b14","width":"30","length":"0.048","speedclass":"8","__source_file__":"04-交通数据/1-交通路网/2-分类图层/上海市_行人道路.shp"},"geometry":{"type":"LineString","coordinates":[[121.48032402,31.22926866],[121.48042374,31.22913875],[121.4805537,31.22895884],[121.48059366,31.22890889]]}},{"id":"1754","type":"Feature","properties":{"gml_id":"layer_pedestrian_road_pl.120411","Name":null,"pyname":null,"kind":"0b01","width":"30","length":"0.098","speedclass":"8","__source_file__":"04-交通数据/1-交通路网/2-分类图层/上海市_行人道路.shp"},"geometry":{"type":"LineString","coordinates":[[121.47934554,31.23284139],[121.47980418,31.23205151]]}},{"id":"2241","type":"Feature","properties":{"gml_id":"layer_pedestrian_road_pl.120898","Name":null,"pyname":null,"kind":"0b01","width":"30","length":"0.033","speedclass":"8","__source_file__":"04-交通数据/1-交通路网/2-分类图层/上海市_行人道路.shp"},"geometry":{"type":"LineString","coordinates":[[121.47903396,31.2349838],[121.47937596,31.23505494]]}},{"id":"2243","type":"Feature","properties":{"gml_id":"layer_pedestrian_road_pl.120900","Name":null,"pyname":null,"kind":"0b01","width":"30","length":"0.022","speedclass":"8","__source_file__":"04-交通数据/1-交通路网/2-分类图层/上海市_行人道路.shp"},"geometry":{"type":"LineString","coordinates":[[121.47931638,31.23524507],[121.47937596,31.23505494]]}},{"id":"2242","type":"Feature","properties":{"gml_id":"layer_pedestrian_road_pl.120899","Name":null,"pyname":null,"kind":"0b01","width":"30","length":"0.095","speedclass":"8","__source_file__":"04-交通数据/1-交通路网/2-分类图层/上海市_行人道路.shp"},"geometry":{"type":"LineString","coordinates":[[121.47937596,31.23505494],[121.47989886,31.23516663],[121.48035138,31.23525807]]}},{"id":"5693","type":"Feature","properties":{"gml_id":"layer_pedestrian_road_pl.124378","Name":"山西南路","pyname":"sxnl","kind":"0b01","width":"30","length":"0.068","speedclass":"8","__source_file__":"04-交通数据/1-交通路网/2-分类图层/上海市_行人道路.shp"},"geometry":{"type":"LineString","coordinates":[[121.47841494,31.23804681],[121.47815628,31.23861692]]}},{"id":"1863","type":"Feature","properties":{"gml_id":"layer_pedestrian_road_pl.120520","Name":null,"pyname":null,"kind":"0b01","width":"30","length":"0.038","speedclass":"8","__source_file__":"04-交通数据/1-交通路网/2-分类图层/上海市_行人道路.shp"},"geometry":{"type":"LineString","coordinates":[[121.47872022,31.23888899],[121.47868044,31.238969],[121.47854076,31.23919895]]}},{"id":"1865","type":"Feature","properties":{"gml_id":"layer_pedestrian_road_pl.120522","Name":null,"pyname":null,"kind":"0b01","width":"30","length":"0.055","speedclass":"8","__source_file__":"04-交通数据/1-交通路网/2-分类图层/上海市_行人道路.shp"},"geometry":{"type":"LineString","coordinates":[[121.47854076,31.23919895],[121.47823872,31.23906786],[121.47801732,31.23898709]]}},{"id":"6314","type":"Feature","properties":{"gml_id":"layer_pedestrian_road_pl.125215","Name":null,"pyname":null,"kind":"0b01","width":"30","length":"0.033","speedclass":"8","__source_file__":"04-交通数据/1-交通路网/2-分类图层/上海市_行人道路.shp"},"geometry":{"type":"LineString","coordinates":[[121.47209532,31.23153828],[121.47244686,31.23152933]]}},{"id":"6312","type":"Feature","properties":{"gml_id":"layer_pedestrian_road_pl.125213","Name":null,"pyname":null,"kind":"0b01","width":"30","length":"0.017","speedclass":"8","__source_file__":"04-交通数据/1-交通路网/2-分类图层/上海市_行人道路.shp"},"geometry":{"type":"LineString","coordinates":[[121.4720154,31.23165825],[121.47205554,31.23163836],[121.4720856,31.23160839],[121.47209532,31.23156834],[121.47209532,31.23153828]]}},{"id":"6315","type":"Feature","properties":{"gml_id":"layer_pedestrian_road_pl.125216","Name":null,"pyname":null,"kind":"0b01","width":"30","length":"0.016","speedclass":"8","__source_file__":"04-交通数据/1-交通路网/2-分类图层/上海市_行人道路.shp"},"geometry":{"type":"LineString","coordinates":[[121.47244758,31.23166955],[121.47243714,31.23160938],[121.47244686,31.23152933]]}},{"id":"2313","type":"Feature","properties":{"gml_id":"layer_pedestrian_road_pl.120970","Name":null,"pyname":null,"kind":"0b01","width":"30","length":"0.028","speedclass":"8","__source_file__":"04-交通数据/1-交通路网/2-分类图层/上海市_行人道路.shp"},"geometry":{"type":"LineString","coordinates":[[121.47203736,31.23207896],[121.472037,31.2319688],[121.47202656,31.23190868],[121.47198606,31.23183843]]}},{"id":"1067","type":"Feature","properties":{"gml_id":"layer_pedestrian_road_pl.119724","Name":null,"pyname":null,"kind":"0b01","width":"30","length":"0.011","speedclass":"8","__source_file__":"04-交通数据/1-交通路网/2-分类图层/上海市_行人道路.shp"},"geometry":{"type":"LineString","coordinates":[[121.47208812,31.23215924],[121.47208794,31.23212922],[121.47207768,31.23209912],[121.47203736,31.23207896]]}},{"id":"2319","type":"Feature","properties":{"gml_id":"layer_pedestrian_road_pl.120976","Name":null,"pyname":null,"kind":"0b01","width":"30","length":"0.009","speedclass":"8","__source_file__":"04-交通数据/1-交通路网/2-分类图层/上海市_行人道路.shp"},"geometry":{"type":"LineString","coordinates":[[121.472028,31.23220914],[121.47206814,31.23219924],[121.47208812,31.23217926],[121.47208812,31.23215924]]}},{"id":"2320","type":"Feature","properties":{"gml_id":"layer_pedestrian_road_pl.120977","Name":null,"pyname":null,"kind":"0b01","width":"30","length":"0.067","speedclass":"8","__source_file__":"04-交通数据/1-交通路网/2-分类图层/上海市_行人道路.shp"},"geometry":{"type":"LineString","coordinates":[[121.47208812,31.23215924],[121.47243012,31.23225036],[121.47276204,31.23235152]]}},{"id":"2323","type":"Feature","properties":{"gml_id":"layer_pedestrian_road_pl.120980","Name":null,"pyname":null,"kind":"0b01","width":"30","length":"0.049","speedclass":"8","__source_file__":"04-交通数据/1-交通路网/2-分类图层/上海市_行人道路.shp"},"geometry":{"type":"LineString","coordinates":[[121.47192954,31.23265955],[121.47210072,31.23274019],[121.47239268,31.23286124]]}},{"id":"2244","type":"Feature","properties":{"gml_id":"layer_pedestrian_road_pl.120901","Name":null,"pyname":null,"kind":"0b01","width":"30","length":"0.069","speedclass":"8","__source_file__":"04-交通数据/1-交通路网/2-分类图层/上海市_行人道路.shp"},"geometry":{"type":"LineString","coordinates":[[121.4753832,31.23423203],[121.47601752,31.23454437]]}},{"id":"1638","type":"Feature","properties":{"gml_id":"layer_pedestrian_road_pl.120295","Name":"百米香榭商业街","pyname":"bmxxsyj","kind":"0b01","width":"30","length":"0.129","speedclass":"8","__source_file__":"04-交通数据/1-交通路网/2-分类图层/上海市_行人道路.shp"},"geometry":{"type":"LineString","coordinates":[[121.47339852,31.23526788],[121.47470622,31.23560223]]}},{"id":"1987","type":"Feature","properties":{"gml_id":"layer_pedestrian_road_pl.120644","Name":null,"pyname":null,"kind":"0b01","width":"30","length":"0.060","speedclass":"8","__source_file__":"04-交通数据/1-交通路网/2-分类图层/上海市_行人道路.shp"},"geometry":{"type":"LineString","coordinates":[[121.47285294,31.23679869],[121.47346656,31.2369507]]}},{"id":"1641","type":"Feature","properties":{"gml_id":"layer_pedestrian_road_pl.120298","Name":"广西北路","pyname":"gxbl","kind":"0b01","width":"30","length":"0.002","speedclass":"8","__source_file__":"04-交通数据/1-交通路网/2-分类图层/上海市_行人道路.shp"},"geometry":{"type":"LineString","coordinates":[[121.47271434,31.23726903],[121.47270444,31.23728901]]}},{"id":"1982","type":"Feature","properties":{"gml_id":"layer_pedestrian_road_pl.120639","Name":"广西北路","pyname":"gxbl","kind":"0b01","width":"30","length":"0.050","speedclass":"8","__source_file__":"04-交通数据/1-交通路网/2-分类图层/上海市_行人道路.shp"},"geometry":{"type":"LineString","coordinates":[[121.47270444,31.23728901],[121.47267456,31.23735903],[121.47256566,31.2377193]]}},{"id":"1983","type":"Feature","properties":{"gml_id":"layer_pedestrian_road_pl.120640","Name":"广西北路","pyname":"gxbl","kind":"0b01","width":"30","length":"0.037","speedclass":"8","__source_file__":"04-交通数据/1-交通路网/2-分类图层/上海市_行人道路.shp"},"geometry":{"type":"LineString","coordinates":[[121.47256566,31.2377193],[121.47245658,31.23803948]]}},{"id":"1984","type":"Feature","properties":{"gml_id":"layer_pedestrian_road_pl.120641","Name":null,"pyname":null,"kind":"0b01","width":"30","length":"0.086","speedclass":"8","__source_file__":"04-交通数据/1-交通路网/2-分类图层/上海市_行人道路.shp"},"geometry":{"type":"LineString","coordinates":[[121.47256566,31.2377193],[121.47301836,31.23782078],[121.4730585,31.2378309],[121.47306876,31.237871],[121.47306894,31.23791105],[121.47298974,31.2381612]]}},{"id":"1871","type":"Feature","properties":{"gml_id":"layer_pedestrian_road_pl.120528","Name":null,"pyname":null,"kind":"0b01","width":"30","length":"0.039","speedclass":"8","__source_file__":"04-交通数据/1-交通路网/2-分类图层/上海市_行人道路.shp"},"geometry":{"type":"LineString","coordinates":[[121.47582294,31.2381194],[121.47542082,31.23804812]]}},{"id":"1870","type":"Feature","properties":{"gml_id":"layer_pedestrian_road_pl.120527","Name":null,"pyname":null,"kind":"0b01","width":"30","length":"0.043","speedclass":"8","__source_file__":"04-交通数据/1-交通路网/2-分类图层/上海市_行人道路.shp"},"geometry":{"type":"LineString","coordinates":[[121.47582294,31.2381194],[121.47623568,31.23828081]]}},{"id":"1981","type":"Feature","properties":{"gml_id":"layer_pedestrian_road_pl.120638","Name":"香粉弄","pyname":"xfl","kind":"0b01","width":"30","length":"0.126","speedclass":"8","__source_file__":"04-交通数据/1-交通路网/2-分类图层/上海市_行人道路.shp"},"geometry":{"type":"LineString","coordinates":[[121.4744166,31.23817538],[121.4747586,31.23824648],[121.47572376,31.23839952]]}},{"id":"1114","type":"Feature","properties":{"gml_id":"layer_pedestrian_road_pl.119771","Name":"五福弄","pyname":"wfl","kind":"0b01","width":"30","length":"0.006","speedclass":"8","__source_file__":"04-交通数据/1-交通路网/2-分类图层/上海市_行人道路.shp"},"geometry":{"type":"LineString","coordinates":[[121.4770698,31.2383133],[121.4770896,31.23826326]]}},{"id":"1869","type":"Feature","properties":{"gml_id":"layer_pedestrian_road_pl.120526","Name":"盆汤弄","pyname":"ptl","kind":"0b01","width":"30","length":"0.040","speedclass":"8","__source_file__":"04-交通数据/1-交通路网/2-分类图层/上海市_行人道路.shp"},"geometry":{"type":"LineString","coordinates":[[121.47568416,31.23851958],[121.47608646,31.23862092]]}},{"id":"6599","type":"Feature","properties":{"gml_id":"layer_pedestrian_road_pl.125500","Name":null,"pyname":null,"kind":"0b14","width":"30","length":"0.009","speedclass":"8","__source_file__":"04-交通数据/1-交通路网/2-分类图层/上海市_行人道路.shp"},"geometry":{"type":"LineString","coordinates":[[121.46746914,31.23280683],[121.46748876,31.23272678]]}},{"id":"6581","type":"Feature","properties":{"gml_id":"layer_pedestrian_road_pl.125482","Name":null,"pyname":null,"kind":"0b14","width":"30","length":"0.019","speedclass":"8","__source_file__":"04-交通数据/1-交通路网/2-分类图层/上海市_行人道路.shp"},"geometry":{"type":"LineString","coordinates":[[121.46715792,31.23288608],[121.4671572,31.2327158]]}},{"id":"6601","type":"Feature","properties":{"gml_id":"layer_pedestrian_road_pl.125502","Name":null,"pyname":null,"kind":"0b14","width":"30","length":"0.016","speedclass":"8","__source_file__":"04-交通数据/1-交通路网/2-分类图层/上海市_行人道路.shp"},"geometry":{"type":"LineString","coordinates":[[121.4679015,31.2328782],[121.46794128,31.23281822],[121.4679411,31.23276813],[121.46793102,31.23274811]]}},{"id":"6604","type":"Feature","properties":{"gml_id":"layer_pedestrian_road_pl.125505","Name":null,"pyname":null,"kind":"0b14","width":"30","length":"0.014","speedclass":"8","__source_file__":"04-交通数据/1-交通路网/2-分类图层/上海市_行人道路.shp"},"geometry":{"type":"LineString","coordinates":[[121.46803218,31.23289863],[121.46804208,31.23287861],[121.46807214,31.23283865],[121.46808186,31.23277857]]}},{"id":"6602","type":"Feature","properties":{"gml_id":"layer_pedestrian_road_pl.125503","Name":null,"pyname":null,"kind":"0b14","width":"30","length":"0.044","speedclass":"8","__source_file__":"04-交通数据/1-交通路网/2-分类图层/上海市_行人道路.shp"},"geometry":{"type":"LineString","coordinates":[[121.46746914,31.23280683],[121.46751936,31.232817],[121.46754942,31.23281709],[121.46757966,31.23280715],[121.46767002,31.23280742],[121.46776074,31.23286781],[121.46780106,31.23287793],[121.4679015,31.2328782]]}},{"id":"6598","type":"Feature","properties":{"gml_id":"layer_pedestrian_road_pl.125499","Name":null,"pyname":null,"kind":"0b14","width":"30","length":"0.012","speedclass":"8","__source_file__":"04-交通数据/1-交通路网/2-分类图层/上海市_行人道路.shp"},"geometry":{"type":"LineString","coordinates":[[121.46744952,31.23291695],[121.46746914,31.23280683]]}},{"id":"6605","type":"Feature","properties":{"gml_id":"layer_pedestrian_road_pl.125506","Name":null,"pyname":null,"kind":"0b14","width":"30","length":"0.013","speedclass":"8","__source_file__":"04-交通数据/1-交通路网/2-分类图层/上海市_行人道路.shp"},"geometry":{"type":"LineString","coordinates":[[121.4679015,31.2328782],[121.46794164,31.23288833],[121.46797188,31.23289845],[121.46803218,31.23289863]]}},{"id":"6579","type":"Feature","properties":{"gml_id":"layer_pedestrian_road_pl.125480","Name":null,"pyname":null,"kind":"0b14","width":"30","length":"0.022","speedclass":"8","__source_file__":"04-交通数据/1-交通路网/2-分类图层/上海市_行人道路.shp"},"geometry":{"type":"LineString","coordinates":[[121.46715792,31.23288608],[121.46730876,31.23289652],[121.46738922,31.23290678]]}},{"id":"6583","type":"Feature","properties":{"gml_id":"layer_pedestrian_road_pl.125484","Name":null,"pyname":null,"kind":"0b14","width":"30","length":"0.006","speedclass":"8","__source_file__":"04-交通数据/1-交通路网/2-分类图层/上海市_行人道路.shp"},"geometry":{"type":"LineString","coordinates":[[121.46738922,31.23290678],[121.46744952,31.23291695]]}},{"id":"6584","type":"Feature","properties":{"gml_id":"layer_pedestrian_road_pl.125485","Name":null,"pyname":null,"kind":"0b14","width":"30","length":"0.013","speedclass":"8","__source_file__":"04-交通数据/1-交通路网/2-分类图层/上海市_行人道路.shp"},"geometry":{"type":"LineString","coordinates":[[121.46744952,31.23291695],[121.4675802,31.23293738]]}},{"id":"6600","type":"Feature","properties":{"gml_id":"layer_pedestrian_road_pl.125501","Name":null,"pyname":null,"kind":"0b14","width":"30","length":"0.013","speedclass":"8","__source_file__":"04-交通数据/1-交通路网/2-分类图层/上海市_行人道路.shp"},"geometry":{"type":"LineString","coordinates":[[121.46785164,31.23298823],[121.4679015,31.2328782]]}},{"id":"6578","type":"Feature","properties":{"gml_id":"layer_pedestrian_road_pl.125479","Name":null,"pyname":null,"kind":"0b14","width":"30","length":"0.031","speedclass":"8","__source_file__":"04-交通数据/1-交通路网/2-分类图层/上海市_行人道路.shp"},"geometry":{"type":"LineString","coordinates":[[121.46687712,31.23299543],[121.46691708,31.23294548],[121.46696712,31.23290556],[121.46709762,31.2328859],[121.46715792,31.23288608]]}},{"id":"6588","type":"Feature","properties":{"gml_id":"layer_pedestrian_road_pl.125489","Name":null,"pyname":null,"kind":"0b14","width":"30","length":"0.026","speedclass":"8","__source_file__":"04-交通数据/1-交通路网/2-分类图层/上海市_行人道路.shp"},"geometry":{"type":"LineString","coordinates":[[121.4675802,31.23293738],[121.46773104,31.23295785],[121.46785164,31.23298823]]}},{"id":"6603","type":"Feature","properties":{"gml_id":"layer_pedestrian_road_pl.125504","Name":null,"pyname":null,"kind":"0b14","width":"30","length":"0.017","speedclass":"8","__source_file__":"04-交通数据/1-交通路网/2-分类图层/上海市_行人道路.shp"},"geometry":{"type":"LineString","coordinates":[[121.4679726,31.23303867],[121.4680122,31.2329286],[121.46803218,31.23289863]]}},{"id":"6572","type":"Feature","properties":{"gml_id":"layer_pedestrian_road_pl.125473","Name":null,"pyname":null,"kind":"0b14","width":"30","length":"0.035","speedclass":"8","__source_file__":"04-交通数据/1-交通路网/2-分类图层/上海市_行人道路.shp"},"geometry":{"type":"LineString","coordinates":[[121.46709852,31.23305618],[121.46716872,31.2330263],[121.46727906,31.23301662],[121.46733936,31.23298674],[121.46736924,31.23294678],[121.46738922,31.23290678]]}},{"id":"6589","type":"Feature","properties":{"gml_id":"layer_pedestrian_road_pl.125490","Name":null,"pyname":null,"kind":"0b14","width":"30","length":"0.013","speedclass":"8","__source_file__":"04-交通数据/1-交通路网/2-分类图层/上海市_行人道路.shp"},"geometry":{"type":"LineString","coordinates":[[121.46785164,31.23298823],[121.46791212,31.23300843],[121.4679726,31.23303867]]}},{"id":"6574","type":"Feature","properties":{"gml_id":"layer_pedestrian_road_pl.125475","Name":null,"pyname":null,"kind":"0b14","width":"30","length":"0.023","speedclass":"8","__source_file__":"04-交通数据/1-交通路网/2-分类图层/上海市_行人道路.shp"},"geometry":{"type":"LineString","coordinates":[[121.46709852,31.23305618],[121.4670582,31.23302598],[121.46703786,31.23300591],[121.46698764,31.23299574],[121.46687712,31.23299543]]}},{"id":"6577","type":"Feature","properties":{"gml_id":"layer_pedestrian_road_pl.125478","Name":null,"pyname":null,"kind":"0b14","width":"30","length":"0.061","speedclass":"8","__source_file__":"04-交通数据/1-交通路网/2-分类图层/上海市_行人道路.shp"},"geometry":{"type":"LineString","coordinates":[[121.46770296,31.23342851],[121.46771286,31.23337842],[121.46772276,31.23333842],[121.46772258,31.23331839],[121.46770242,31.23328829],[121.46765202,31.23327812],[121.46763186,31.23326804],[121.4676117,31.23324797],[121.46759136,31.23316778],[121.46757084,31.23309758],[121.4675703,31.23297738],[121.4675802,31.23293738]]}},{"id":"6571","type":"Feature","properties":{"gml_id":"layer_pedestrian_road_pl.125472","Name":null,"pyname":null,"kind":"0b14","width":"30","length":"0.043","speedclass":"8","__source_file__":"04-交通数据/1-交通路网/2-分类图层/上海市_行人道路.shp"},"geometry":{"type":"LineString","coordinates":[[121.46707998,31.23340664],[121.46705946,31.23332645],[121.4670393,31.23329634],[121.46701914,31.23327627],[121.4670186,31.23318614],[121.4670285,31.23312606],[121.46706846,31.2330861],[121.46709852,31.23305618]]}},{"id":"6580","type":"Feature","properties":{"gml_id":"layer_pedestrian_road_pl.125481","Name":null,"pyname":null,"kind":"0b14","width":"30","length":"0.052","speedclass":"8","__source_file__":"04-交通数据/1-交通路网/2-分类图层/上海市_行人道路.shp"},"geometry":{"type":"LineString","coordinates":[[121.4679726,31.23303867],[121.4680329,31.23305888],[121.46812362,31.23312926],[121.46818536,31.2334299]]}},{"id":"2308","type":"Feature","properties":{"gml_id":"layer_pedestrian_road_pl.120965","Name":null,"pyname":null,"kind":"0b01","width":"30","length":"0.030","speedclass":"8","__source_file__":"04-交通数据/1-交通路网/2-分类图层/上海市_行人道路.shp"},"geometry":{"type":"LineString","coordinates":[[121.47116832,31.23315815],[121.47137838,31.23295844]]}},{"id":"2307","type":"Feature","properties":{"gml_id":"layer_pedestrian_road_pl.120964","Name":null,"pyname":null,"kind":"0b01","width":"30","length":"0.140","speedclass":"8","__source_file__":"04-交通数据/1-交通路网/2-分类图层/上海市_行人道路.shp"},"geometry":{"type":"LineString","coordinates":[[121.47061698,31.23343697],[121.47096942,31.2336383],[121.47109038,31.23369873],[121.4711307,31.23371889],[121.47119082,31.23369905],[121.47124086,31.23363911],[121.47166044,31.23313952]]}},{"id":"2306","type":"Feature","properties":{"gml_id":"layer_pedestrian_road_pl.120963","Name":null,"pyname":null,"kind":"0b01","width":"30","length":"0.131","speedclass":"8","__source_file__":"04-交通数据/1-交通路网/2-分类图层/上海市_行人道路.shp"},"geometry":{"type":"LineString","coordinates":[[121.47093252,31.2343493],[121.47106248,31.23418941],[121.47121224,31.23399956],[121.47120216,31.2339695],[121.471182,31.23394943],[121.4711316,31.23391923],[121.47069798,31.23359744],[121.47055686,31.23349691]]}},{"id":"956","type":"Feature","properties":{"gml_id":"layer_pedestrian_road_pl.119613","Name":null,"pyname":null,"kind":"0b14","width":"30","length":"0.022","speedclass":"8","__source_file__":"04-交通数据/1-交通路网/2-分类图层/上海市_行人道路.shp"},"geometry":{"type":"LineString","coordinates":[[121.47084108,31.23411867],[121.47082128,31.23418874],[121.47083172,31.23427892],[121.47084198,31.23430898]]}},{"id":"6533","type":"Feature","properties":{"gml_id":"layer_pedestrian_road_pl.125434","Name":null,"pyname":null,"kind":"0b01","width":"30","length":"0.046","speedclass":"8","__source_file__":"04-交通数据/1-交通路网/2-分类图层/上海市_行人道路.shp"},"geometry":{"type":"LineString","coordinates":[[121.47108354,31.23439983],[121.47131304,31.23403992]]}},{"id":"955","type":"Feature","properties":{"gml_id":"layer_pedestrian_road_pl.119612","Name":null,"pyname":null,"kind":"0b14","width":"30","length":"0.069","speedclass":"8","__source_file__":"04-交通数据/1-交通路网/2-分类图层/上海市_行人道路.shp"},"geometry":{"type":"LineString","coordinates":[[121.47010848,31.23430686],[121.47084198,31.23430898]]}},{"id":"1122","type":"Feature","properties":{"gml_id":"layer_pedestrian_road_pl.119779","Name":null,"pyname":null,"kind":"0b14","width":"30","length":"0.007","speedclass":"8","__source_file__":"04-交通数据/1-交通路网/2-分类图层/上海市_行人道路.shp"},"geometry":{"type":"LineString","coordinates":[[121.47084198,31.23430898],[121.47090228,31.23433922]]}},{"id":"2304","type":"Feature","properties":{"gml_id":"layer_pedestrian_road_pl.120961","Name":null,"pyname":null,"kind":"0b01","width":"30","length":"0.003","speedclass":"8","__source_file__":"04-交通数据/1-交通路网/2-分类图层/上海市_行人道路.shp"},"geometry":{"type":"LineString","coordinates":[[121.47090228,31.23433922],[121.47093252,31.2343493]]}},{"id":"2305","type":"Feature","properties":{"gml_id":"layer_pedestrian_road_pl.120962","Name":null,"pyname":null,"kind":"0b01","width":"30","length":"0.012","speedclass":"8","__source_file__":"04-交通数据/1-交通路网/2-分类图层/上海市_行人道路.shp"},"geometry":{"type":"LineString","coordinates":[[121.47093252,31.2343493],[121.47098292,31.23435947],[121.4710533,31.23438971]]}},{"id":"6531","type":"Feature","properties":{"gml_id":"layer_pedestrian_road_pl.125432","Name":null,"pyname":null,"kind":"0b01","width":"30","length":"0.003","speedclass":"8","__source_file__":"04-交通数据/1-交通路网/2-分类图层/上海市_行人道路.shp"},"geometry":{"type":"LineString","coordinates":[[121.4710533,31.23438971],[121.47108354,31.23439983]]}},{"id":"6569","type":"Feature","properties":{"gml_id":"layer_pedestrian_road_pl.125470","Name":null,"pyname":null,"kind":"0b14","width":"30","length":"0.037","speedclass":"8","__source_file__":"04-交通数据/1-交通路网/2-分类图层/上海市_行人道路.shp"},"geometry":{"type":"LineString","coordinates":[[121.46672772,31.23328545],[121.46689872,31.23331596],[121.4669691,31.23333621],[121.4670195,31.23335642],[121.46707998,31.23340664]]}},{"id":"6567","type":"Feature","properties":{"gml_id":"layer_pedestrian_road_pl.125468","Name":null,"pyname":null,"kind":"0b14","width":"30","length":"0.017","speedclass":"8","__source_file__":"04-交通数据/1-交通路网/2-分类图层/上海市_行人道路.shp"},"geometry":{"type":"LineString","coordinates":[[121.46800464,31.23345942],[121.46812506,31.23343976],[121.46818536,31.2334299]]}},{"id":"6576","type":"Feature","properties":{"gml_id":"layer_pedestrian_road_pl.125477","Name":null,"pyname":null,"kind":"0b14","width":"30","length":"0.029","speedclass":"8","__source_file__":"04-交通数据/1-交通路网/2-分类图层/上海市_行人道路.shp"},"geometry":{"type":"LineString","coordinates":[[121.46770296,31.23342851],[121.46775336,31.23343863],[121.4677935,31.23345879],[121.46785398,31.23346901],[121.46794434,31.23345924],[121.46800464,31.23345942]]}},{"id":"6563","type":"Feature","properties":{"gml_id":"layer_pedestrian_road_pl.125464","Name":null,"pyname":null,"kind":"0b14","width":"30","length":"0.018","speedclass":"8","__source_file__":"04-交通数据/1-交通路网/2-分类图层/上海市_行人道路.shp"},"geometry":{"type":"LineString","coordinates":[[121.4674524,31.23355797],[121.46743206,31.23350784],[121.46736132,31.23341748]]}},{"id":"6575","type":"Feature","properties":{"gml_id":"layer_pedestrian_road_pl.125476","Name":null,"pyname":null,"kind":"0b14","width":"30","length":"0.030","speedclass":"8","__source_file__":"04-交通数据/1-交通路网/2-分类图层/上海市_行人道路.shp"},"geometry":{"type":"LineString","coordinates":[[121.4674524,31.23355797],[121.46749254,31.23354807],[121.46755284,31.23354825],[121.46760306,31.23352836],[121.46763312,31.23350843],[121.4676531,31.23347841],[121.467663,31.23345843],[121.46770296,31.23342851]]}},{"id":"6564","type":"Feature","properties":{"gml_id":"layer_pedestrian_road_pl.125465","Name":null,"pyname":null,"kind":"0b14","width":"30","length":"0.035","speedclass":"8","__source_file__":"04-交通数据/1-交通路网/2-分类图层/上海市_行人道路.shp"},"geometry":{"type":"LineString","coordinates":[[121.46818536,31.2334299],[121.46826636,31.23356031],[121.46841756,31.23367097]]}},{"id":"6570","type":"Feature","properties":{"gml_id":"layer_pedestrian_road_pl.125471","Name":null,"pyname":null,"kind":"0b14","width":"30","length":"0.047","speedclass":"8","__source_file__":"04-交通数据/1-交通路网/2-分类图层/上海市_行人道路.shp"},"geometry":{"type":"LineString","coordinates":[[121.46707998,31.23340664],[121.46709006,31.23342671],[121.46729274,31.23378788]]}},{"id":"6568","type":"Feature","properties":{"gml_id":"layer_pedestrian_road_pl.125469","Name":null,"pyname":null,"kind":"0b14","width":"30","length":"0.094","speedclass":"8","__source_file__":"04-交通数据/1-交通路网/2-分类图层/上海市_行人道路.shp"},"geometry":{"type":"LineString","coordinates":[[121.46745294,31.23365814],[121.46750334,31.23368834],[121.46754366,31.23371849],[121.46759388,31.23373865],[121.46765418,31.23372884],[121.46769432,31.23371894],[121.46773446,31.233699],[121.46776452,31.23370913],[121.46780484,31.23371925],[121.46784516,31.23373937],[121.4678853,31.2337395],[121.46793552,31.23371961],[121.46796558,31.23369968],[121.46800554,31.23367974],[121.46805576,31.23366989],[121.4680959,31.23363996],[121.4681157,31.23358992],[121.46811552,31.23352985],[121.46800464,31.23345942]]}},{"id":"6566","type":"Feature","properties":{"gml_id":"layer_pedestrian_road_pl.125467","Name":null,"pyname":null,"kind":"0b14","width":"30","length":"0.011","speedclass":"8","__source_file__":"04-交通数据/1-交通路网/2-分类图层/上海市_行人道路.shp"},"geometry":{"type":"LineString","coordinates":[[121.46745294,31.23365814],[121.46746284,31.23362813],[121.4674524,31.23355797]]}},{"id":"2404","type":"Feature","properties":{"gml_id":"layer_pedestrian_road_pl.121061","Name":null,"pyname":null,"kind":"0b14","width":"30","length":"0.093","speedclass":"8","__source_file__":"04-交通数据/1-交通路网/2-分类图层/上海市_行人道路.shp"},"geometry":{"type":"LineString","coordinates":[[121.46672772,31.23328545],[121.46677992,31.23372627],[121.46683104,31.23390672],[121.46697252,31.23407736]]}},{"id":"6565","type":"Feature","properties":{"gml_id":"layer_pedestrian_road_pl.125466","Name":null,"pyname":null,"kind":"0b14","width":"30","length":"0.008","speedclass":"8","__source_file__":"04-交通数据/1-交通路网/2-分类图层/上海市_行人道路.shp"},"geometry":{"type":"LineString","coordinates":[[121.46739282,31.23370805],[121.46745294,31.23365814]]}},{"id":"6556","type":"Feature","properties":{"gml_id":"layer_pedestrian_road_pl.125457","Name":null,"pyname":null,"kind":"0b14","width":"30","length":"0.011","speedclass":"8","__source_file__":"04-交通数据/1-交通路网/2-分类图层/上海市_行人道路.shp"},"geometry":{"type":"LineString","coordinates":[[121.46841756,31.23367097],[121.46851818,31.23372132]]}},{"id":"6561","type":"Feature","properties":{"gml_id":"layer_pedestrian_road_pl.125462","Name":null,"pyname":null,"kind":"0b14","width":"30","length":"0.013","speedclass":"8","__source_file__":"04-交通数据/1-交通路网/2-分类图层/上海市_行人道路.shp"},"geometry":{"type":"LineString","coordinates":[[121.46729274,31.23378788],[121.46739282,31.23370805]]}},{"id":"6562","type":"Feature","properties":{"gml_id":"layer_pedestrian_road_pl.125463","Name":null,"pyname":null,"kind":"0b14","width":"30","length":"0.025","speedclass":"8","__source_file__":"04-交通数据/1-交通路网/2-分类图层/上海市_行人道路.shp"},"geometry":{"type":"LineString","coordinates":[[121.46739282,31.23370805],[121.46762448,31.23381888]]}},{"id":"2409","type":"Feature","properties":{"gml_id":"layer_pedestrian_road_pl.121066","Name":null,"pyname":null,"kind":"0b14","width":"30","length":"0.034","speedclass":"8","__source_file__":"04-交通数据/1-交通路网/2-分类图层/上海市_行人道路.shp"},"geometry":{"type":"LineString","coordinates":[[121.46817744,31.2339006],[121.46841756,31.23367097]]}},{"id":"2408","type":"Feature","properties":{"gml_id":"layer_pedestrian_road_pl.121065","Name":null,"pyname":null,"kind":"0b14","width":"30","length":"0.055","speedclass":"8","__source_file__":"04-交通数据/1-交通路网/2-分类图层/上海市_行人道路.shp"},"geometry":{"type":"LineString","coordinates":[[121.46762448,31.23381888],[121.46781564,31.23388953],[121.467906,31.23386978],[121.46794614,31.23386987],[121.46804694,31.23391023],[121.46810706,31.23391041],[121.46817744,31.2339006]]}},{"id":"773","type":"Feature","properties":{"gml_id":"layer_pedestrian_road_pl.119430","Name":null,"pyname":null,"kind":"0b14","width":"30","length":"0.044","speedclass":"8","__source_file__":"04-交通数据/1-交通路网/2-分类图层/上海市_行人道路.shp"},"geometry":{"type":"LineString","coordinates":[[121.46697252,31.23407736],[121.46729274,31.23378788]]}},{"id":"2413","type":"Feature","properties":{"gml_id":"layer_pedestrian_road_pl.121070","Name":null,"pyname":null,"kind":"0b14","width":"30","length":"0.013","speedclass":"8","__source_file__":"04-交通数据/1-交通路网/2-分类图层/上海市_行人道路.shp"},"geometry":{"type":"LineString","coordinates":[[121.46819814,31.23402084],[121.46817744,31.2339006]]}},{"id":"2448","type":"Feature","properties":{"gml_id":"layer_pedestrian_road_pl.121105","Name":null,"pyname":null,"kind":"0b14","width":"30","length":"0.047","speedclass":"8","__source_file__":"04-交通数据/1-交通路网/2-分类图层/上海市_行人道路.shp"},"geometry":{"type":"LineString","coordinates":[[121.46767632,31.2341796],[121.4675451,31.23404901],[121.46754456,31.23392882],[121.46762448,31.23381888]]}},{"id":"2414","type":"Feature","properties":{"gml_id":"layer_pedestrian_road_pl.121071","Name":null,"pyname":null,"kind":"0b14","width":"30","length":"0.026","speedclass":"8","__source_file__":"04-交通数据/1-交通路网/2-分类图层/上海市_行人道路.shp"},"geometry":{"type":"LineString","coordinates":[[121.46819814,31.23402084],[121.46844978,31.23412173]]}},{"id":"2436","type":"Feature","properties":{"gml_id":"layer_pedestrian_road_pl.121093","Name":null,"pyname":null,"kind":"0b14","width":"30","length":"0.055","speedclass":"8","__source_file__":"04-交通数据/1-交通路网/2-分类图层/上海市_行人道路.shp"},"geometry":{"type":"LineString","coordinates":[[121.46926356,31.23410409],[121.46929326,31.23400401],[121.46930298,31.23393395],[121.46929254,31.23384377],[121.46931216,31.23374364],[121.46933196,31.23369365],[121.469382,31.23363371]]}},{"id":"2425","type":"Feature","properties":{"gml_id":"layer_pedestrian_road_pl.121082","Name":null,"pyname":null,"kind":"0b14","width":"30","length":"0.022","speedclass":"8","__source_file__":"04-交通数据/1-交通路网/2-分类图层/上海市_行人道路.shp"},"geometry":{"type":"LineString","coordinates":[[121.46890122,31.23396279],[121.46906124,31.23382307]]}},{"id":"2431","type":"Feature","properties":{"gml_id":"layer_pedestrian_road_pl.121088","Name":null,"pyname":null,"kind":"0b14","width":"30","length":"0.040","speedclass":"8","__source_file__":"04-交通数据/1-交通路网/2-分类图层/上海市_行人道路.shp"},"geometry":{"type":"LineString","coordinates":[[121.46915286,31.23407372],[121.46917266,31.23402368],[121.4691921,31.23388355],[121.46919192,31.23381344],[121.46916132,31.23372317]]}},{"id":"2426","type":"Feature","properties":{"gml_id":"layer_pedestrian_road_pl.121083","Name":null,"pyname":null,"kind":"0b14","width":"30","length":"0.025","speedclass":"8","__source_file__":"04-交通数据/1-交通路网/2-分类图层/上海市_行人道路.shp"},"geometry":{"type":"LineString","coordinates":[[121.46900184,31.23402318],[121.46905188,31.23397328],[121.46908176,31.23391325],[121.46908158,31.2338732],[121.46906124,31.23382307]]}},{"id":"2420","type":"Feature","properties":{"gml_id":"layer_pedestrian_road_pl.121077","Name":null,"pyname":null,"kind":"0b14","width":"30","length":"0.022","speedclass":"8","__source_file__":"04-交通数据/1-交通路网/2-分类图层/上海市_行人道路.shp"},"geometry":{"type":"LineString","coordinates":[[121.46890122,31.23396279],[121.46867982,31.23389205]]}},{"id":"2438","type":"Feature","properties":{"gml_id":"layer_pedestrian_road_pl.121095","Name":null,"pyname":null,"kind":"0b14","width":"30","length":"0.054","speedclass":"8","__source_file__":"04-交通数据/1-交通路网/2-分类图层/上海市_行人道路.shp"},"geometry":{"type":"LineString","coordinates":[[121.4694045,31.23416457],[121.4694342,31.23408456],[121.46945382,31.23395438],[121.46944284,31.2337841],[121.46948262,31.23369405]]}},{"id":"954","type":"Feature","properties":{"gml_id":"layer_pedestrian_road_pl.119611","Name":null,"pyname":null,"kind":"0b14","width":"30","length":"0.104","speedclass":"8","__source_file__":"04-交通数据/1-交通路网/2-分类图层/上海市_行人道路.shp"},"geometry":{"type":"LineString","coordinates":[[121.4699058,31.23394569],[121.4700057,31.23382581],[121.47024762,31.23396671],[121.470318,31.23397692],[121.47039828,31.23397719],[121.47047874,31.23397742],[121.47054912,31.23398763],[121.4706195,31.23400788],[121.47084108,31.23411867]]}},{"id":"2424","type":"Feature","properties":{"gml_id":"layer_pedestrian_road_pl.121081","Name":null,"pyname":null,"kind":"0b14","width":"30","length":"0.012","speedclass":"8","__source_file__":"04-交通数据/1-交通路网/2-分类图层/上海市_行人道路.shp"},"geometry":{"type":"LineString","coordinates":[[121.46890122,31.23396279],[121.46900184,31.23402318]]}},{"id":"2419","type":"Feature","properties":{"gml_id":"layer_pedestrian_road_pl.121076","Name":null,"pyname":null,"kind":"0b14","width":"30","length":"0.034","speedclass":"8","__source_file__":"04-交通数据/1-交通路网/2-分类图层/上海市_行人道路.shp"},"geometry":{"type":"LineString","coordinates":[[121.46867982,31.23389205],[121.46844978,31.23412173]]}},{"id":"2443","type":"Feature","properties":{"gml_id":"layer_pedestrian_road_pl.121100","Name":null,"pyname":null,"kind":"0b14","width":"30","length":"0.054","speedclass":"8","__source_file__":"04-交通数据/1-交通路网/2-分类图层/上海市_行人道路.shp"},"geometry":{"type":"LineString","coordinates":[[121.46951538,31.23424503],[121.46959512,31.23409505],[121.46961456,31.2339749],[121.46961366,31.2337746]]}},{"id":"2428","type":"Feature","properties":{"gml_id":"layer_pedestrian_road_pl.121085","Name":null,"pyname":null,"kind":"0b14","width":"30","length":"0.015","speedclass":"8","__source_file__":"04-交通数据/1-交通路网/2-分类图层/上海市_行人道路.shp"},"geometry":{"type":"LineString","coordinates":[[121.46900184,31.23402318],[121.46915286,31.23407372]]}},{"id":"2433","type":"Feature","properties":{"gml_id":"layer_pedestrian_road_pl.121090","Name":null,"pyname":null,"kind":"0b14","width":"30","length":"0.011","speedclass":"8","__source_file__":"04-交通数据/1-交通路网/2-分类图层/上海市_行人道路.shp"},"geometry":{"type":"LineString","coordinates":[[121.46915286,31.23407372],[121.46926356,31.23410409]]}},{"id":"2418","type":"Feature","properties":{"gml_id":"layer_pedestrian_road_pl.121075","Name":null,"pyname":null,"kind":"0b14","width":"30","length":"0.044","speedclass":"8","__source_file__":"04-交通数据/1-交通路网/2-分类图层/上海市_行人道路.shp"},"geometry":{"type":"LineString","coordinates":[[121.46859108,31.23425237],[121.46890122,31.23396279]]}},{"id":"2427","type":"Feature","properties":{"gml_id":"layer_pedestrian_road_pl.121084","Name":null,"pyname":null,"kind":"0b14","width":"30","length":"0.023","speedclass":"8","__source_file__":"04-交通数据/1-交通路网/2-分类图层/上海市_行人道路.shp"},"geometry":{"type":"LineString","coordinates":[[121.46900184,31.23402318],[121.46897196,31.23407318],[121.46896224,31.23412322],[121.46899248,31.23417339],[121.4690229,31.23420354]]}},{"id":"2423","type":"Feature","properties":{"gml_id":"layer_pedestrian_road_pl.121080","Name":null,"pyname":null,"kind":"0b14","width":"30","length":"0.046","speedclass":"8","__source_file__":"04-交通数据/1-交通路网/2-分类图层/上海市_行人道路.shp"},"geometry":{"type":"LineString","coordinates":[[121.4699058,31.23394569],[121.46964624,31.23429548]]}},{"id":"2434","type":"Feature","properties":{"gml_id":"layer_pedestrian_road_pl.121091","Name":null,"pyname":null,"kind":"0b14","width":"30","length":"0.015","speedclass":"8","__source_file__":"04-交通数据/1-交通路网/2-分类图层/上海市_行人道路.shp"},"geometry":{"type":"LineString","coordinates":[[121.46926356,31.23410409],[121.4694045,31.23416457]]}},{"id":"2429","type":"Feature","properties":{"gml_id":"layer_pedestrian_road_pl.121086","Name":null,"pyname":null,"kind":"0b14","width":"30","length":"0.019","speedclass":"8","__source_file__":"04-交通数据/1-交通路网/2-分类图层/上海市_行人道路.shp"},"geometry":{"type":"LineString","coordinates":[[121.4690229,31.23420354],[121.46915286,31.23407372]]}},{"id":"2435","type":"Feature","properties":{"gml_id":"layer_pedestrian_road_pl.121092","Name":null,"pyname":null,"kind":"0b14","width":"30","length":"0.019","speedclass":"8","__source_file__":"04-交通数据/1-交通路网/2-分类图层/上海市_行人道路.shp"},"geometry":{"type":"LineString","coordinates":[[121.4691435,31.23424395],[121.46926356,31.23410409]]}},{"id":"6552","type":"Feature","properties":{"gml_id":"layer_pedestrian_road_pl.125453","Name":null,"pyname":null,"kind":"0b14","width":"30","length":"0.014","speedclass":"8","__source_file__":"04-交通数据/1-交通路网/2-分类图层/上海市_行人道路.shp"},"geometry":{"type":"LineString","coordinates":[[121.46927418,31.23422429],[121.46932422,31.23421443],[121.46936436,31.2341945],[121.4694045,31.23416457]]}},{"id":"2439","type":"Feature","properties":{"gml_id":"layer_pedestrian_road_pl.121096","Name":null,"pyname":null,"kind":"0b14","width":"30","length":"0.014","speedclass":"8","__source_file__":"04-交通数据/1-交通路网/2-分类图层/上海市_行人道路.shp"},"geometry":{"type":"LineString","coordinates":[[121.4694045,31.23416457],[121.46951538,31.23424503]]}},{"id":"2412","type":"Feature","properties":{"gml_id":"layer_pedestrian_road_pl.121069","Name":null,"pyname":null,"kind":"0b14","width":"30","length":"0.016","speedclass":"8","__source_file__":"04-交通数据/1-交通路网/2-分类图层/上海市_行人道路.shp"},"geometry":{"type":"LineString","coordinates":[[121.46809806,31.23414077],[121.46819814,31.23402084]]}},{"id":"2415","type":"Feature","properties":{"gml_id":"layer_pedestrian_road_pl.121072","Name":null,"pyname":null,"kind":"0b14","width":"30","length":"0.008","speedclass":"8","__source_file__":"04-交通数据/1-交通路网/2-分类图层/上海市_行人道路.shp"},"geometry":{"type":"LineString","coordinates":[[121.46844978,31.23412173],[121.46839974,31.23418167]]}},{"id":"1831","type":"Feature","properties":{"gml_id":"layer_pedestrian_road_pl.120488","Name":null,"pyname":null,"kind":"0b14","width":"30","length":"0.044","speedclass":"8","__source_file__":"04-交通数据/1-交通路网/2-分类图层/上海市_行人道路.shp"},"geometry":{"type":"LineString","coordinates":[[121.46767632,31.2341796],[121.46776686,31.23420989],[121.46786748,31.23423023],[121.46798808,31.23422055],[121.46806818,31.23417069],[121.46809806,31.23414077]]}},{"id":"2411","type":"Feature","properties":{"gml_id":"layer_pedestrian_road_pl.121068","Name":null,"pyname":null,"kind":"0b14","width":"30","length":"0.026","speedclass":"8","__source_file__":"04-交通数据/1-交通路网/2-分类图层/上海市_行人道路.shp"},"geometry":{"type":"LineString","coordinates":[[121.46809806,31.23414077],[121.46831982,31.23428162]]}},{"id":"2417","type":"Feature","properties":{"gml_id":"layer_pedestrian_road_pl.121074","Name":null,"pyname":null,"kind":"0b14","width":"30","length":"0.020","speedclass":"8","__source_file__":"04-交通数据/1-交通路网/2-分类图层/上海市_行人道路.shp"},"geometry":{"type":"LineString","coordinates":[[121.46839974,31.23418167],[121.46859108,31.23425237]]}},{"id":"2416","type":"Feature","properties":{"gml_id":"layer_pedestrian_road_pl.121073","Name":null,"pyname":null,"kind":"0b14","width":"30","length":"0.013","speedclass":"8","__source_file__":"04-交通数据/1-交通路网/2-分类图层/上海市_行人道路.shp"},"geometry":{"type":"LineString","coordinates":[[121.46839974,31.23418167],[121.46831982,31.23428162]]}},{"id":"2405","type":"Feature","properties":{"gml_id":"layer_pedestrian_road_pl.121062","Name":null,"pyname":null,"kind":"0b14","width":"30","length":"0.063","speedclass":"8","__source_file__":"04-交通数据/1-交通路网/2-分类图层/上海市_行人道路.shp"},"geometry":{"type":"LineString","coordinates":[[121.46697252,31.23407736],[121.46750658,31.23441945]]}},{"id":"2406","type":"Feature","properties":{"gml_id":"layer_pedestrian_road_pl.121063","Name":null,"pyname":null,"kind":"0b14","width":"30","length":"0.031","speedclass":"8","__source_file__":"04-交通数据/1-交通路网/2-分类图层/上海市_行人道路.shp"},"geometry":{"type":"LineString","coordinates":[[121.46767632,31.2341796],[121.46750658,31.23441945]]}},{"id":"6550","type":"Feature","properties":{"gml_id":"layer_pedestrian_road_pl.125451","Name":null,"pyname":null,"kind":"0b14","width":"30","length":"0.041","speedclass":"8","__source_file__":"04-交通数据/1-交通路网/2-分类图层/上海市_行人道路.shp"},"geometry":{"type":"LineString","coordinates":[[121.46838138,31.23457223],[121.46859108,31.23425237]]}},{"id":"2410","type":"Feature","properties":{"gml_id":"layer_pedestrian_road_pl.121067","Name":null,"pyname":null,"kind":"0b14","width":"30","length":"0.057","speedclass":"8","__source_file__":"04-交通数据/1-交通路网/2-分类图层/上海市_行人道路.shp"},"geometry":{"type":"LineString","coordinates":[[121.46831982,31.23428162],[121.46798016,31.23470129]]}},{"id":"2432","type":"Feature","properties":{"gml_id":"layer_pedestrian_road_pl.121089","Name":null,"pyname":null,"kind":"0b14","width":"30","length":"0.012","speedclass":"8","__source_file__":"04-交通数据/1-交通路网/2-分类图层/上海市_行人道路.shp"},"geometry":{"type":"LineString","coordinates":[[121.4690229,31.23420354],[121.4691435,31.23424395]]}},{"id":"6551","type":"Feature","properties":{"gml_id":"layer_pedestrian_road_pl.125452","Name":null,"pyname":null,"kind":"0b14","width":"30","length":"0.013","speedclass":"8","__source_file__":"04-交通数据/1-交通路网/2-分类图层/上海市_行人道路.shp"},"geometry":{"type":"LineString","coordinates":[[121.4691435,31.23424395],[121.46924394,31.23423423],[121.46927418,31.23422429]]}},{"id":"2440","type":"Feature","properties":{"gml_id":"layer_pedestrian_road_pl.121097","Name":null,"pyname":null,"kind":"0b14","width":"30","length":"0.014","speedclass":"8","__source_file__":"04-交通数据/1-交通路网/2-分类图层/上海市_行人道路.shp"},"geometry":{"type":"LineString","coordinates":[[121.46951538,31.23424503],[121.46964624,31.23429548]]}},{"id":"2447","type":"Feature","properties":{"gml_id":"layer_pedestrian_road_pl.121104","Name":null,"pyname":null,"kind":"0b14","width":"30","length":"0.044","speedclass":"8","__source_file__":"04-交通数据/1-交通路网/2-分类图层/上海市_行人道路.shp"},"geometry":{"type":"LineString","coordinates":[[121.46964624,31.23429548],[121.47010848,31.23430686]]}},{"id":"6555","type":"Feature","properties":{"gml_id":"layer_pedestrian_road_pl.125456","Name":null,"pyname":null,"kind":"0b14","width":"30","length":"0.042","speedclass":"8","__source_file__":"04-交通数据/1-交通路网/2-分类图层/上海市_行人道路.shp"},"geometry":{"type":"LineString","coordinates":[[121.46927418,31.23422429],[121.46926428,31.23427433],[121.46925438,31.23430434],[121.46921424,31.23431424],[121.46916402,31.23432414],[121.46913396,31.23435411],[121.46909418,31.23442409],[121.46909436,31.23447417],[121.46909472,31.23452426]]}},{"id":"2444","type":"Feature","properties":{"gml_id":"layer_pedestrian_road_pl.121101","Name":null,"pyname":null,"kind":"0b14","width":"30","length":"0.032","speedclass":"8","__source_file__":"04-交通数据/1-交通路网/2-分类图层/上海市_行人道路.shp"},"geometry":{"type":"LineString","coordinates":[[121.46964624,31.23429548],[121.4694261,31.23451517]]}},{"id":"952","type":"Feature","properties":{"gml_id":"layer_pedestrian_road_pl.119609","Name":null,"pyname":null,"kind":"0b14","width":"30","length":"0.037","speedclass":"8","__source_file__":"04-交通数据/1-交通路网/2-分类图层/上海市_行人道路.shp"},"geometry":{"type":"LineString","coordinates":[[121.47027066,31.23460778],[121.47010848,31.23430686]]}},{"id":"6554","type":"Feature","properties":{"gml_id":"layer_pedestrian_road_pl.125455","Name":null,"pyname":null,"kind":"0b14","width":"30","length":"0.032","speedclass":"8","__source_file__":"04-交通数据/1-交通路网/2-分类图层/上海市_行人道路.shp"},"geometry":{"type":"LineString","coordinates":[[121.46909472,31.23452426],[121.46913486,31.23453438],[121.4692254,31.23455468],[121.4693559,31.23453501],[121.4694261,31.23451517]]}},{"id":"6553","type":"Feature","properties":{"gml_id":"layer_pedestrian_road_pl.125454","Name":null,"pyname":null,"kind":"0b14","width":"30","length":"0.069","speedclass":"8","__source_file__":"04-交通数据/1-交通路网/2-分类图层/上海市_行人道路.shp"},"geometry":{"type":"LineString","coordinates":[[121.46838138,31.23457223],[121.46852214,31.2345927],[121.46864274,31.234563],[121.46877306,31.2345333],[121.46888358,31.2345036],[121.46900418,31.23450396],[121.46909472,31.23452426]]}},{"id":"2446","type":"Feature","properties":{"gml_id":"layer_pedestrian_road_pl.121103","Name":null,"pyname":null,"kind":"0b14","width":"30","length":"0.085","speedclass":"8","__source_file__":"04-交通数据/1-交通路网/2-分类图层/上海市_行人道路.shp"},"geometry":{"type":"LineString","coordinates":[[121.4694261,31.23451517],[121.4695872,31.23455571],[121.4696574,31.23455594],[121.46972778,31.23454613],[121.46976792,31.23452619],[121.46983812,31.23451638],[121.46991858,31.23451661],[121.4699688,31.23453681],[121.47004944,31.23457709],[121.47010992,31.23461732],[121.47015006,31.23462749],[121.47020028,31.23462762],[121.47027066,31.23460778]]}},{"id":"904","type":"Feature","properties":{"gml_id":"layer_pedestrian_road_pl.119561","Name":null,"pyname":null,"kind":"0b14","width":"30","length":"0.023","speedclass":"8","__source_file__":"04-交通数据/1-交通路网/2-分类图层/上海市_行人道路.shp"},"geometry":{"type":"LineString","coordinates":[[121.46750658,31.23441945],[121.46738652,31.23453929],[121.46734656,31.23457925]]}},{"id":"951","type":"Feature","properties":{"gml_id":"layer_pedestrian_road_pl.119608","Name":null,"pyname":null,"kind":"0b14","width":"30","length":"0.054","speedclass":"8","__source_file__":"04-交通数据/1-交通路网/2-分类图层/上海市_行人道路.shp"},"geometry":{"type":"LineString","coordinates":[[121.46750658,31.23441945],[121.46798016,31.23470129]]}},{"id":"6549","type":"Feature","properties":{"gml_id":"layer_pedestrian_road_pl.125450","Name":null,"pyname":null,"kind":"0b14","width":"30","length":"0.030","speedclass":"8","__source_file__":"04-交通数据/1-交通路网/2-分类图层/上海市_行人道路.shp"},"geometry":{"type":"LineString","coordinates":[[121.46822172,31.23480213],[121.46838138,31.23457223]]}},{"id":"905","type":"Feature","properties":{"gml_id":"layer_pedestrian_road_pl.119562","Name":null,"pyname":null,"kind":"0b01","width":"30","length":"0.045","speedclass":"8","__source_file__":"04-交通数据/1-交通路网/2-分类图层/上海市_行人道路.shp"},"geometry":{"type":"LineString","coordinates":[[121.46734656,31.23457925],[121.4670366,31.23488885]]}},{"id":"2407","type":"Feature","properties":{"gml_id":"layer_pedestrian_road_pl.121064","Name":null,"pyname":null,"kind":"0b14","width":"30","length":"0.025","speedclass":"8","__source_file__":"04-交通数据/1-交通路网/2-分类图层/上海市_行人道路.shp"},"geometry":{"type":"LineString","coordinates":[[121.46798016,31.23470129],[121.46822172,31.23480213]]}},{"id":"6538","type":"Feature","properties":{"gml_id":"layer_pedestrian_road_pl.125439","Name":null,"pyname":null,"kind":"0b14","width":"30","length":"0.002","speedclass":"8","__source_file__":"04-交通数据/1-交通路网/2-分类图层/上海市_行人道路.shp"},"geometry":{"type":"LineString","coordinates":[[121.46822172,31.23480213],[121.46824188,31.23481221]]}},{"id":"6539","type":"Feature","properties":{"gml_id":"layer_pedestrian_road_pl.125440","Name":null,"pyname":null,"kind":"0b01","width":"30","length":"0.002","speedclass":"8","__source_file__":"04-交通数据/1-交通路网/2-分类图层/上海市_行人道路.shp"},"geometry":{"type":"LineString","coordinates":[[121.46824188,31.23481221],[121.46826204,31.23482229]]}},{"id":"1118","type":"Feature","properties":{"gml_id":"layer_pedestrian_road_pl.119775","Name":null,"pyname":null,"kind":"0b14","width":"30","length":"0.005","speedclass":"8","__source_file__":"04-交通数据/1-交通路网/2-分类图层/上海市_行人道路.shp"},"geometry":{"type":"LineString","coordinates":[[121.46824206,31.2348623],[121.46826204,31.23482229]]}},{"id":"1117","type":"Feature","properties":{"gml_id":"layer_pedestrian_road_pl.119774","Name":null,"pyname":null,"kind":"0b01","width":"30","length":"0.005","speedclass":"8","__source_file__":"04-交通数据/1-交通路网/2-分类图层/上海市_行人道路.shp"},"geometry":{"type":"LineString","coordinates":[[121.46822226,31.2349023],[121.46824206,31.2348623]]}},{"id":"6540","type":"Feature","properties":{"gml_id":"layer_pedestrian_road_pl.125441","Name":null,"pyname":null,"kind":"0b01","width":"30","length":"0.027","speedclass":"8","__source_file__":"04-交通数据/1-交通路网/2-分类图层/上海市_行人道路.shp"},"geometry":{"type":"LineString","coordinates":[[121.46824206,31.2348623],[121.46844384,31.23503316]]}},{"id":"780","type":"Feature","properties":{"gml_id":"layer_pedestrian_road_pl.119437","Name":null,"pyname":null,"kind":"0b14","width":"30","length":"0.008","speedclass":"8","__source_file__":"04-交通数据/1-交通路网/2-分类图层/上海市_行人道路.shp"},"geometry":{"type":"LineString","coordinates":[[121.48048746,31.22985002],[121.48053732,31.22979008]]}},{"id":"792","type":"Feature","properties":{"gml_id":"layer_pedestrian_road_pl.119449","Name":null,"pyname":null,"kind":"0b01","width":"30","length":"0.031","speedclass":"8","__source_file__":"04-交通数据/1-交通路网/2-分类图层/上海市_行人道路.shp"},"geometry":{"type":"LineString","coordinates":[[121.48614558,31.2301269],[121.48647714,31.23012785]]}},{"id":"790","type":"Feature","properties":{"gml_id":"layer_pedestrian_road_pl.119447","Name":null,"pyname":null,"kind":"0b01","width":"30","length":"0.042","speedclass":"8","__source_file__":"04-交通数据/1-交通路网/2-分类图层/上海市_行人道路.shp"},"geometry":{"type":"LineString","coordinates":[[121.48615674,31.23038732],[121.48628706,31.23030758],[121.48638714,31.23022775],[121.48643718,31.23018783],[121.48647714,31.23012785]]}},{"id":"782","type":"Feature","properties":{"gml_id":"layer_pedestrian_road_pl.119439","Name":null,"pyname":null,"kind":"0b01","width":"30","length":"0.086","speedclass":"8","__source_file__":"04-交通数据/1-交通路网/2-分类图层/上海市_行人道路.shp"},"geometry":{"type":"LineString","coordinates":[[121.48521012,31.22992386],[121.48522344,31.23061497],[121.4852238,31.23069512]]}},{"id":"6960","type":"Feature","properties":{"gml_id":"layer_pedestrian_road_pl.125920","Name":null,"pyname":null,"kind":"0b01","width":"30","length":"0.036","speedclass":"8","__source_file__":"04-交通数据/1-交通路网/2-分类图层/上海市_行人道路.shp"},"geometry":{"type":"LineString","coordinates":[[121.48290324,31.23080856],[121.48302366,31.23075884],[121.48314408,31.23075915],[121.48326486,31.23077954]]}},{"id":"6959","type":"Feature","properties":{"gml_id":"layer_pedestrian_road_pl.125919","Name":null,"pyname":null,"kind":"0b01","width":"30","length":"0.020","speedclass":"8","__source_file__":"04-交通数据/1-交通路网/2-分类图层/上海市_行人道路.shp"},"geometry":{"type":"LineString","coordinates":[[121.48436052,31.2308829],[121.48435962,31.23070263]]}},{"id":"783","type":"Feature","properties":{"gml_id":"layer_pedestrian_road_pl.119440","Name":null,"pyname":null,"kind":"0b01","width":"30","length":"0.027","speedclass":"8","__source_file__":"04-交通数据/1-交通路网/2-分类图层/上海市_行人道路.shp"},"geometry":{"type":"LineString","coordinates":[[121.4852238,31.23069512],[121.48522488,31.23093551]]}},{"id":"6962","type":"Feature","properties":{"gml_id":"layer_pedestrian_road_pl.125922","Name":null,"pyname":null,"kind":"0b01","width":"30","length":"0.105","speedclass":"8","__source_file__":"04-交通数据/1-交通路网/2-分类图层/上海市_行人道路.shp"},"geometry":{"type":"LineString","coordinates":[[121.48436052,31.2308829],[121.48360632,31.23077054],[121.48326486,31.23077954]]}},{"id":"6958","type":"Feature","properties":{"gml_id":"layer_pedestrian_road_pl.125918","Name":null,"pyname":null,"kind":"0b01","width":"30","length":"0.041","speedclass":"8","__source_file__":"04-交通数据/1-交通路网/2-分类图层/上海市_行人道路.shp"},"geometry":{"type":"LineString","coordinates":[[121.4847927,31.23092421],[121.48436052,31.2308829]]}},{"id":"784","type":"Feature","properties":{"gml_id":"layer_pedestrian_road_pl.119441","Name":null,"pyname":null,"kind":"0b01","width":"30","length":"0.041","speedclass":"8","__source_file__":"04-交通数据/1-交通路网/2-分类图层/上海市_行人道路.shp"},"geometry":{"type":"LineString","coordinates":[[121.48522488,31.23093551],[121.4847927,31.23092421]]}},{"id":"2273","type":"Feature","properties":{"gml_id":"layer_pedestrian_road_pl.120930","Name":null,"pyname":null,"kind":"0b14","width":"30","length":"0.042","speedclass":"8","__source_file__":"04-交通数据/1-交通路网/2-分类图层/上海市_行人道路.shp"},"geometry":{"type":"LineString","coordinates":[[121.48923258,31.23065669],[121.48926246,31.23060669],[121.48928244,31.2305567],[121.489272,31.23049658],[121.48924158,31.2304464],[121.48915086,31.23036599],[121.48911054,31.23034587]]}},{"id":"2275","type":"Feature","properties":{"gml_id":"layer_pedestrian_road_pl.120932","Name":null,"pyname":null,"kind":"0b14","width":"30","length":"0.018","speedclass":"8","__source_file__":"04-交通数据/1-交通路网/2-分类图层/上海市_行人道路.shp"},"geometry":{"type":"LineString","coordinates":[[121.48896042,31.23047561],[121.48889058,31.23056556],[121.48885062,31.23060552]]}},{"id":"2272","type":"Feature","properties":{"gml_id":"layer_pedestrian_road_pl.120929","Name":null,"pyname":null,"kind":"0b14","width":"30","length":"0.039","speedclass":"8","__source_file__":"04-交通数据/1-交通路网/2-分类图层/上海市_行人道路.shp"},"geometry":{"type":"LineString","coordinates":[[121.48885062,31.23060552],[121.48889076,31.23062564],[121.48895124,31.23064584],[121.48898148,31.23066596],[121.48907202,31.23068625],[121.48917246,31.23068657],[121.48923258,31.23065669]]}},{"id":"723","type":"Feature","properties":{"gml_id":"layer_pedestrian_road_pl.119380","Name":"安平街","pyname":"apj","kind":"0b01","width":"30","length":"0.058","speedclass":"8","__source_file__":"04-交通数据/1-交通路网/2-分类图层/上海市_行人道路.shp"},"geometry":{"type":"LineString","coordinates":[[121.487535,31.23076194],[121.4881479,31.23075371]]}},{"id":"722","type":"Feature","properties":{"gml_id":"layer_pedestrian_road_pl.119379","Name":"安平街","pyname":"apj","kind":"0b01","width":"30","length":"0.041","speedclass":"8","__source_file__":"04-交通数据/1-交通路网/2-分类图层/上海市_行人道路.shp"},"geometry":{"type":"LineString","coordinates":[[121.487103,31.23076068],[121.487535,31.23076194]]}},{"id":"720","type":"Feature","properties":{"gml_id":"layer_pedestrian_road_pl.119377","Name":"安平街","pyname":"apj","kind":"0b01","width":"30","length":"0.012","speedclass":"8","__source_file__":"04-交通数据/1-交通路网/2-分类图层/上海市_行人道路.shp"},"geometry":{"type":"LineString","coordinates":[[121.48697232,31.23077031],[121.487103,31.23076068]]}},{"id":"5676","type":"Feature","properties":{"gml_id":"layer_pedestrian_road_pl.124357","Name":"安平街","pyname":"apj","kind":"0b01","width":"30","length":"0.046","speedclass":"8","__source_file__":"04-交通数据/1-交通路网/2-分类图层/上海市_行人道路.shp"},"geometry":{"type":"LineString","coordinates":[[121.4864901,31.23077891],[121.48697232,31.23077031]]}},{"id":"1307","type":"Feature","properties":{"gml_id":"layer_pedestrian_road_pl.119964","Name":null,"pyname":null,"kind":"0b14","width":"30","length":"0.075","speedclass":"8","__source_file__":"04-交通数据/1-交通路网/2-分类图层/上海市_行人道路.shp"},"geometry":{"type":"LineString","coordinates":[[121.48961706,31.23124875],[121.48923258,31.23065669]]}},{"id":"1126","type":"Feature","properties":{"gml_id":"layer_pedestrian_road_pl.119783","Name":null,"pyname":null,"kind":"0b14","width":"30","length":"0.093","speedclass":"8","__source_file__":"04-交通数据/1-交通路网/2-分类图层/上海市_行人道路.shp"},"geometry":{"type":"LineString","coordinates":[[121.48843176,31.23132539],[121.48850124,31.23111528],[121.48857036,31.23086508],[121.48860024,31.23079506],[121.48865028,31.23074516],[121.48885062,31.23060552]]}},{"id":"725","type":"Feature","properties":{"gml_id":"layer_pedestrian_road_pl.119382","Name":null,"pyname":null,"kind":"0b01","width":"30","length":"0.078","speedclass":"8","__source_file__":"04-交通数据/1-交通路网/2-分类图层/上海市_行人道路.shp"},"geometry":{"type":"LineString","coordinates":[[121.487535,31.23076194],[121.48755804,31.23140301],[121.4875584,31.23146309]]}},{"id":"721","type":"Feature","properties":{"gml_id":"layer_pedestrian_road_pl.119378","Name":"福民街","pyname":"fmj","kind":"0b01","width":"30","length":"0.078","speedclass":"8","__source_file__":"04-交通数据/1-交通路网/2-分类图层/上海市_行人道路.shp"},"geometry":{"type":"LineString","coordinates":[[121.48697232,31.23077031],[121.48697538,31.23143136],[121.48697556,31.23147141]]}},{"id":"1306","type":"Feature","properties":{"gml_id":"layer_pedestrian_road_pl.119963","Name":null,"pyname":null,"kind":"0b14","width":"30","length":"0.011","speedclass":"8","__source_file__":"04-交通数据/1-交通路网/2-分类图层/上海市_行人道路.shp"},"geometry":{"type":"LineString","coordinates":[[121.48966782,31.23133902],[121.4896374,31.23128885],[121.48961706,31.23124875]]}},{"id":"1125","type":"Feature","properties":{"gml_id":"layer_pedestrian_road_pl.119782","Name":null,"pyname":null,"kind":"0b14","width":"30","length":"0.009","speedclass":"8","__source_file__":"04-交通数据/1-交通路网/2-分类图层/上海市_行人道路.shp"},"geometry":{"type":"LineString","coordinates":[[121.48840206,31.23140544],[121.48842186,31.23135545],[121.48843176,31.23132539]]}},{"id":"6961","type":"Feature","properties":{"gml_id":"layer_pedestrian_road_pl.125921","Name":null,"pyname":null,"kind":"0b01","width":"30","length":"0.148","speedclass":"8","__source_file__":"04-交通数据/1-交通路网/2-分类图层/上海市_行人道路.shp"},"geometry":{"type":"LineString","coordinates":[[121.48326486,31.23077954],[121.48479342,31.23108446]]}},{"id":"787","type":"Feature","properties":{"gml_id":"layer_pedestrian_road_pl.119444","Name":null,"pyname":null,"kind":"0b01","width":"30","length":"0.070","speedclass":"8","__source_file__":"04-交通数据/1-交通路网/2-分类图层/上海市_行人道路.shp"},"geometry":{"type":"LineString","coordinates":[[121.48522488,31.23093551],[121.48595838,31.23096768]]}},{"id":"788","type":"Feature","properties":{"gml_id":"layer_pedestrian_road_pl.119445","Name":null,"pyname":null,"kind":"0b01","width":"30","length":"0.009","speedclass":"8","__source_file__":"04-交通数据/1-交通路网/2-分类图层/上海市_行人道路.shp"},"geometry":{"type":"LineString","coordinates":[[121.48595838,31.23096768],[121.48604892,31.23096795]]}},{"id":"726","type":"Feature","properties":{"gml_id":"layer_pedestrian_road_pl.119383","Name":null,"pyname":null,"kind":"0b01","width":"30","length":"0.018","speedclass":"8","__source_file__":"04-交通数据/1-交通路网/2-分类图层/上海市_行人道路.shp"},"geometry":{"type":"LineString","coordinates":[[121.4847927,31.23092421],[121.48479342,31.23108446]]}},{"id":"789","type":"Feature","properties":{"gml_id":"layer_pedestrian_road_pl.119446","Name":null,"pyname":null,"kind":"0b01","width":"30","length":"0.039","speedclass":"8","__source_file__":"04-交通数据/1-交通路网/2-分类图层/上海市_行人道路.shp"},"geometry":{"type":"LineString","coordinates":[[121.48599024,31.23131832],[121.48595838,31.23096768]]}},{"id":"785","type":"Feature","properties":{"gml_id":"layer_pedestrian_road_pl.119442","Name":null,"pyname":null,"kind":"0b01","width":"30","length":"0.119","speedclass":"8","__source_file__":"04-交通数据/1-交通路网/2-分类图层/上海市_行人道路.shp"},"geometry":{"type":"LineString","coordinates":[[121.48479342,31.23108446],[121.48540686,31.23118643],[121.4855073,31.23116667],[121.48559766,31.23116694],[121.48570836,31.23119732],[121.485789,31.23125762],[121.4858394,31.23128781],[121.48592994,31.23130811],[121.48599024,31.23131832]]}},{"id":"786","type":"Feature","properties":{"gml_id":"layer_pedestrian_road_pl.119443","Name":null,"pyname":null,"kind":"0b01","width":"30","length":"0.028","speedclass":"8","__source_file__":"04-交通数据/1-交通路网/2-分类图层/上海市_行人道路.shp"},"geometry":{"type":"LineString","coordinates":[[121.48599024,31.23131832],[121.48602048,31.2313284],[121.4861211,31.23138879],[121.48624206,31.23144923]]}},{"id":"1639","type":"Feature","properties":{"gml_id":"layer_pedestrian_road_pl.120296","Name":"松下路","pyname":"sxl","kind":"0b01","width":"30","length":"0.112","speedclass":"8","__source_file__":"04-交通数据/1-交通路网/2-分类图层/上海市_行人道路.shp"},"geometry":{"type":"LineString","coordinates":[[121.48110342,31.23272633],[121.4811234,31.23268632],[121.48117344,31.23263637],[121.48124346,31.23257648],[121.48129368,31.23256662],[121.48134372,31.23252671],[121.4813637,31.23249669],[121.481622,31.23185648]]}},{"id":"1774","type":"Feature","properties":{"gml_id":"layer_pedestrian_road_pl.120431","Name":"永胜路","pyname":"ysl","kind":"0b01","width":"30","length":"0.156","speedclass":"8","__source_file__":"04-交通数据/1-交通路网/2-分类图层/上海市_行人道路.shp"},"geometry":{"type":"LineString","coordinates":[[121.48508358,31.23298827],[121.48512318,31.23285818],[121.48546158,31.23217809],[121.48555068,31.23186791],[121.48558992,31.23165767]]}},{"id":"1775","type":"Feature","properties":{"gml_id":"layer_pedestrian_road_pl.120432","Name":null,"pyname":null,"kind":"0b01","width":"30","length":"0.119","speedclass":"8","__source_file__":"04-交通数据/1-交通路网/2-分类图层/上海市_行人道路.shp"},"geometry":{"type":"LineString","coordinates":[[121.4832456,31.23317322],[121.48330536,31.23306324],[121.48336548,31.23299331],[121.48342542,31.23293337],[121.48356582,31.23286367],[121.48362594,31.23283379],[121.48369614,31.23281399],[121.48388694,31.2327945],[121.48397748,31.23280476],[121.48405794,31.23282506],[121.48410816,31.23283523],[121.4841483,31.23282533],[121.48421814,31.23270531]]}},{"id":"1952","type":"Feature","properties":{"gml_id":"layer_pedestrian_road_pl.120609","Name":null,"pyname":null,"kind":"0b01","width":"30","length":"0.061","speedclass":"8","__source_file__":"04-交通数据/1-交通路网/2-分类图层/上海市_行人道路.shp"},"geometry":{"type":"LineString","coordinates":[[121.4937054,31.23613827],[121.4938458,31.23599846],[121.49391952630677,31.235965823945016]]}},{"id":"1951","type":"Feature","properties":{"gml_id":"layer_pedestrian_road_pl.120608","Name":null,"pyname":null,"kind":"0b01","width":"30","length":"0.006","speedclass":"8","__source_file__":"04-交通数据/1-交通路网/2-分类图层/上海市_行人道路.shp"},"geometry":{"type":"LineString","coordinates":[[121.49366526,31.23617819],[121.4937054,31.23613827]]}},{"id":"2139","type":"Feature","properties":{"gml_id":"layer_pedestrian_road_pl.120796","Name":null,"pyname":null,"kind":"0b01","width":"30","length":"0.022","speedclass":"8","__source_file__":"04-交通数据/1-交通路网/2-分类图层/上海市_行人道路.shp"},"geometry":{"type":"LineString","coordinates":[[121.49351496,31.23632799],[121.49366526,31.23617819]]}},{"id":"1124","type":"Feature","properties":{"gml_id":"layer_pedestrian_road_pl.119781","Name":null,"pyname":null,"kind":"0b01","width":"30","length":"0.257","speedclass":"8","__source_file__":"04-交通数据/1-交通路网/2-分类图层/上海市_行人道路.shp"},"geometry":{"type":"LineString","coordinates":[[121.48980822,31.23348278],[121.48986834,31.23343287],[121.49121078,31.2323751],[121.49126380079042,31.23233846482408]]}},{"id":"1950","type":"Feature","properties":{"gml_id":"layer_pedestrian_road_pl.120607","Name":null,"pyname":null,"kind":"0b01","width":"30","length":"0.081","speedclass":"8","__source_file__":"04-交通数据/1-交通路网/2-分类图层/上海市_行人道路.shp"},"geometry":{"type":"LineString","coordinates":[[121.48926822,31.23404208],[121.48961814,31.23364248],[121.48980822,31.23348278]]}},{"id":"1949","type":"Feature","properties":{"gml_id":"layer_pedestrian_road_pl.120606","Name":null,"pyname":null,"kind":"0b01","width":"30","length":"0.128","speedclass":"8","__source_file__":"04-交通数据/1-交通路网/2-分类图层/上海市_行人道路.shp"},"geometry":{"type":"LineString","coordinates":[[121.48841826,31.23493097],[121.48859808,31.23470115],[121.48872804,31.23456129],[121.4888481,31.23444146],[121.48923834,31.23409208],[121.48926822,31.23404208]]}},{"id":"6815","type":"Feature","properties":{"gml_id":"layer_pedestrian_road_pl.125773","Name":null,"pyname":null,"kind":"0b01","width":"30","length":"0.056","speedclass":"8","__source_file__":"04-交通数据/1-交通路网/2-分类图层/上海市_行人道路.shp"},"geometry":{"type":"LineString","coordinates":[[121.48743258,31.23470777],[121.48739226,31.23467762],[121.48723098,31.234577],[121.48721082,31.23455688],[121.48721064,31.23453686],[121.48722054,31.23450684],[121.48724052,31.23447687],[121.48736058,31.23433701]]}},{"id":"1769","type":"Feature","properties":{"gml_id":"layer_pedestrian_road_pl.120426","Name":null,"pyname":null,"kind":"0b01","width":"30","length":"0.046","speedclass":"8","__source_file__":"04-交通数据/1-交通路网/2-分类图层/上海市_行人道路.shp"},"geometry":{"type":"LineString","coordinates":[[121.48836624,31.23455022],[121.48859808,31.23470115],[121.48874928,31.23480173]]}},{"id":"6817","type":"Feature","properties":{"gml_id":"layer_pedestrian_road_pl.125775","Name":null,"pyname":null,"kind":"0b01","width":"30","length":"0.022","speedclass":"8","__source_file__":"04-交通数据/1-交通路网/2-分类图层/上海市_行人道路.shp"},"geometry":{"type":"LineString","coordinates":[[121.48761402,31.2348285],[121.48743258,31.23470777]]}},{"id":"6816","type":"Feature","properties":{"gml_id":"layer_pedestrian_road_pl.125774","Name":null,"pyname":null,"kind":"0b01","width":"30","length":"0.014","speedclass":"8","__source_file__":"04-交通数据/1-交通路网/2-分类图层/上海市_行人道路.shp"},"geometry":{"type":"LineString","coordinates":[[121.4877348,31.23489897],[121.48761402,31.2348285]]}},{"id":"1948","type":"Feature","properties":{"gml_id":"layer_pedestrian_road_pl.120605","Name":null,"pyname":null,"kind":"0b01","width":"30","length":"0.048","speedclass":"8","__source_file__":"04-交通数据/1-交通路网/2-分类图层/上海市_行人道路.shp"},"geometry":{"type":"LineString","coordinates":[[121.48814862,31.23529079],[121.48815852,31.23527076],[121.48821846,31.23520083],[121.48824852,31.23515084],[121.48834824,31.23502092],[121.48841826,31.23493097]]}},{"id":"1833","type":"Feature","properties":{"gml_id":"layer_pedestrian_road_pl.120490","Name":null,"pyname":null,"kind":"0b01","width":"30","length":"0.166","speedclass":"8","__source_file__":"04-交通数据/1-交通路网/2-分类图层/上海市_行人道路.shp"},"geometry":{"type":"LineString","coordinates":[[121.48735086,31.23662054],[121.48747056,31.23642056],[121.4877195,31.23593051],[121.48779924,31.23580055],[121.48799886,31.23551066],[121.48810866,31.23535073],[121.48814862,31.23529079]]}},{"id":"2386","type":"Feature","properties":{"gml_id":"layer_pedestrian_road_pl.121043","Name":null,"pyname":null,"kind":"0b01","width":"30","length":"0.093","speedclass":"8","__source_file__":"04-交通数据/1-交通路网/2-分类图层/上海市_行人道路.shp"},"geometry":{"type":"LineString","coordinates":[[121.48730676,31.23577908],[121.48731774,31.2359594],[121.48735086,31.23662054]]}},{"id":"2236","type":"Feature","properties":{"gml_id":"layer_pedestrian_road_pl.120893","Name":null,"pyname":null,"kind":"0b01","width":"30","length":"0.038","speedclass":"8","__source_file__":"04-交通数据/1-交通路网/2-分类图层/上海市_行人道路.shp"},"geometry":{"type":"LineString","coordinates":[[121.49351496,31.23632799],[121.493808,31.2365592]]}},{"id":"1138","type":"Feature","properties":{"gml_id":"layer_pedestrian_road_pl.119795","Name":null,"pyname":null,"kind":"0b01","width":"30","length":"0.074","speedclass":"8","__source_file__":"04-交通数据/1-交通路网/2-分类图层/上海市_行人道路.shp"},"geometry":{"type":"LineString","coordinates":[[121.49425438870878,31.23651128183738],[121.49404038,31.23672017]]}},{"id":"1190","type":"Feature","properties":{"gml_id":"layer_pedestrian_road_pl.119847","Name":null,"pyname":null,"kind":"0b01","width":"30","length":"0.016","speedclass":"8","__source_file__":"04-交通数据/1-交通路网/2-分类图层/上海市_行人道路.shp"},"geometry":{"type":"LineString","coordinates":[[121.493808,31.2365592],[121.49385822,31.23652932],[121.49390862,31.23653949],[121.49394912,31.23656964]]}},{"id":"1835","type":"Feature","properties":{"gml_id":"layer_pedestrian_road_pl.120492","Name":null,"pyname":null,"kind":"0b01","width":"30","length":"0.100","speedclass":"8","__source_file__":"04-交通数据/1-交通路网/2-分类图层/上海市_行人道路.shp"},"geometry":{"type":"LineString","coordinates":[[121.49435358,31.23690134],[121.4943633,31.23683127],[121.49434278,31.23677111],[121.49432262,31.23673097],[121.49432244,31.23671094],[121.49432244,31.23669092],[121.49434242,31.23667094],[121.49435008276235,31.236667158031477]]}},{"id":"1191","type":"Feature","properties":{"gml_id":"layer_pedestrian_road_pl.119848","Name":null,"pyname":null,"kind":"0b01","width":"30","length":"0.012","speedclass":"8","__source_file__":"04-交通数据/1-交通路网/2-分类图层/上海市_行人道路.shp"},"geometry":{"type":"LineString","coordinates":[[121.49394912,31.23656964],[121.49395938,31.2365997],[121.49395956,31.2366398],[121.49392932,31.23665973]]}},{"id":"2240","type":"Feature","properties":{"gml_id":"layer_pedestrian_road_pl.120897","Name":null,"pyname":null,"kind":"0b01","width":"30","length":"0.025","speedclass":"8","__source_file__":"04-交通数据/1-交通路网/2-分类图层/上海市_行人道路.shp"},"geometry":{"type":"LineString","coordinates":[[121.493808,31.2365592],[121.49378802,31.23659921],[121.49379846,31.23664934],[121.49384886,31.23667953],[121.4938791,31.23667962],[121.49390934,31.23667971],[121.49392932,31.23665973]]}},{"id":"2138","type":"Feature","properties":{"gml_id":"layer_pedestrian_road_pl.120795","Name":null,"pyname":null,"kind":"0b01","width":"30","length":"0.099","speedclass":"8","__source_file__":"04-交通数据/1-交通路网/2-分类图层/上海市_行人道路.shp"},"geometry":{"type":"LineString","coordinates":[[121.49281278,31.23698697],[121.4933445,31.23649778],[121.49344476,31.23639792],[121.49351496,31.23632799]]}},{"id":"2239","type":"Feature","properties":{"gml_id":"layer_pedestrian_road_pl.120896","Name":null,"pyname":null,"kind":"0b01","width":"30","length":"0.012","speedclass":"8","__source_file__":"04-交通数据/1-交通路网/2-分类图层/上海市_行人道路.shp"},"geometry":{"type":"LineString","coordinates":[[121.49392932,31.23665973],[121.4940204,31.2367401]]}},{"id":"2237","type":"Feature","properties":{"gml_id":"layer_pedestrian_road_pl.120894","Name":null,"pyname":null,"kind":"0b01","width":"30","length":"0.003","speedclass":"8","__source_file__":"04-交通数据/1-交通路网/2-分类图层/上海市_行人道路.shp"},"geometry":{"type":"LineString","coordinates":[[121.49404038,31.23672017],[121.4940204,31.2367401]]}},{"id":"971","type":"Feature","properties":{"gml_id":"layer_pedestrian_road_pl.119628","Name":null,"pyname":null,"kind":"0b01","width":"30","length":"0.011","speedclass":"8","__source_file__":"04-交通数据/1-交通路网/2-分类图层/上海市_行人道路.shp"},"geometry":{"type":"LineString","coordinates":[[121.49435358,31.23690134],[121.49447436,31.23691173]]}},{"id":"1136","type":"Feature","properties":{"gml_id":"layer_pedestrian_road_pl.119793","Name":null,"pyname":null,"kind":"0b01","width":"30","length":"0.010","speedclass":"8","__source_file__":"04-交通数据/1-交通路网/2-分类图层/上海市_行人道路.shp"},"geometry":{"type":"LineString","coordinates":[[121.49281278,31.23698697],[121.49282322,31.23707715]]}},{"id":"2238","type":"Feature","properties":{"gml_id":"layer_pedestrian_road_pl.120895","Name":null,"pyname":null,"kind":"0b01","width":"30","length":"0.109","speedclass":"8","__source_file__":"04-交通数据/1-交通路网/2-分类图层/上海市_行人道路.shp"},"geometry":{"type":"LineString","coordinates":[[121.4940204,31.2367401],[121.49324802,31.23746901]]}},{"id":"970","type":"Feature","properties":{"gml_id":"layer_pedestrian_road_pl.119627","Name":null,"pyname":null,"kind":"0b01","width":"30","length":"0.109","speedclass":"8","__source_file__":"04-交通数据/1-交通路网/2-分类图层/上海市_行人道路.shp"},"geometry":{"type":"LineString","coordinates":[[121.49203914,31.23743544],[121.49217972,31.23731565],[121.49249022,31.23693594],[121.49253054,31.23692604],[121.4926821,31.23704669],[121.49271234,31.23705681],[121.49274258,31.23704687],[121.49281278,31.23698697]]}},{"id":"893","type":"Feature","properties":{"gml_id":"layer_pedestrian_road_pl.119550","Name":null,"pyname":null,"kind":"0b01","width":"30","length":"0.121","speedclass":"8","__source_file__":"04-交通数据/1-交通路网/2-分类图层/上海市_行人道路.shp"},"geometry":{"type":"LineString","coordinates":[[121.4933589,31.23748935],[121.49358966,31.23726971],[121.49374014,31.2371199],[121.49381034,31.23706001],[121.49390088,31.23703022],[121.49399142,31.23702045],[121.49412228,31.23702086],[121.49417268,31.237011],[121.49423316,31.23700115],[121.49435358,31.23690134]]}},{"id":"1137","type":"Feature","properties":{"gml_id":"layer_pedestrian_road_pl.119794","Name":null,"pyname":null,"kind":"0b01","width":"30","length":"0.059","speedclass":"8","__source_file__":"04-交通数据/1-交通路网/2-分类图层/上海市_行人道路.shp"},"geometry":{"type":"LineString","coordinates":[[121.49282322,31.23707715],[121.49302554,31.23726804],[121.49324802,31.23746901]]}},{"id":"2574","type":"Feature","properties":{"gml_id":"layer_pedestrian_road_pl.121231","Name":null,"pyname":null,"kind":"0b01","width":"30","length":"0.036","speedclass":"8","__source_file__":"04-交通数据/1-交通路网/2-分类图层/上海市_行人道路.shp"},"geometry":{"type":"LineString","coordinates":[[121.49180874,31.23769514],[121.49203914,31.23743544]]}},{"id":"963","type":"Feature","properties":{"gml_id":"layer_pedestrian_road_pl.119620","Name":null,"pyname":null,"kind":"0b01","width":"30","length":"0.059","speedclass":"8","__source_file__":"04-交通数据/1-交通路网/2-分类图层/上海市_行人道路.shp"},"geometry":{"type":"LineString","coordinates":[[121.49203914,31.23743544],[121.492494,31.23779733]]}},{"id":"1957","type":"Feature","properties":{"gml_id":"layer_pedestrian_road_pl.120614","Name":null,"pyname":null,"kind":"0b01","width":"30","length":"0.074","speedclass":"8","__source_file__":"04-交通数据/1-交通路网/2-分类图层/上海市_行人道路.shp"},"geometry":{"type":"LineString","coordinates":[[121.49324802,31.23746901],[121.4927568,31.23798836]]}},{"id":"967","type":"Feature","properties":{"gml_id":"layer_pedestrian_road_pl.119624","Name":null,"pyname":null,"kind":"0b01","width":"30","length":"0.011","speedclass":"8","__source_file__":"04-交通数据/1-交通路网/2-分类图层/上海市_行人道路.shp"},"geometry":{"type":"LineString","coordinates":[[121.49178894,31.23779526],[121.49180874,31.23769514]]}},{"id":"1960","type":"Feature","properties":{"gml_id":"layer_pedestrian_road_pl.120617","Name":null,"pyname":null,"kind":"0b01","width":"30","length":"0.125","speedclass":"8","__source_file__":"04-交通数据/1-交通路网/2-分类图层/上海市_行人道路.shp"},"geometry":{"type":"LineString","coordinates":[[121.48067772,31.23410724],[121.4819946,31.23423126]]}},{"id":"1768","type":"Feature","properties":{"gml_id":"layer_pedestrian_road_pl.120425","Name":null,"pyname":null,"kind":"0b01","width":"30","length":"0.051","speedclass":"8","__source_file__":"04-交通数据/1-交通路网/2-分类图层/上海市_行人道路.shp"},"geometry":{"type":"LineString","coordinates":[[121.486023,31.23844952],[121.48607322,31.23845969],[121.48616376,31.23847998],[121.4865459,31.23855117]]}},{"id":"1859","type":"Feature","properties":{"gml_id":"layer_pedestrian_road_pl.120516","Name":null,"pyname":null,"kind":"0b01","width":"30","length":"0.049","speedclass":"8","__source_file__":"04-交通数据/1-交通路网/2-分类图层/上海市_行人道路.shp"},"geometry":{"type":"LineString","coordinates":[[121.48151346,31.23885704],[121.48138476,31.23928737]]}},{"id":"1861","type":"Feature","properties":{"gml_id":"layer_pedestrian_road_pl.120518","Name":null,"pyname":null,"kind":"0b01","width":"30","length":"0.065","speedclass":"8","__source_file__":"04-交通数据/1-交通路网/2-分类图层/上海市_行人道路.shp"},"geometry":{"type":"LineString","coordinates":[[121.48138476,31.23928737],[121.48103286,31.23924629],[121.48071102,31.23917523]]}},{"id":"1860","type":"Feature","properties":{"gml_id":"layer_pedestrian_road_pl.120517","Name":null,"pyname":null,"kind":"0b01","width":"30","length":"0.011","speedclass":"8","__source_file__":"04-交通数据/1-交通路网/2-分类图层/上海市_行人道路.shp"},"geometry":{"type":"LineString","coordinates":[[121.48138476,31.23928737],[121.48135506,31.23938741]]}},{"id":"1858","type":"Feature","properties":{"gml_id":"layer_pedestrian_road_pl.120515","Name":null,"pyname":null,"kind":"0b01","width":"30","length":"0.051","speedclass":"8","__source_file__":"04-交通数据/1-交通路网/2-分类图层/上海市_行人道路.shp"},"geometry":{"type":"LineString","coordinates":[[121.48135506,31.23938741],[121.48187796,31.2394991]]}},{"id":"1766","type":"Feature","properties":{"gml_id":"layer_pedestrian_road_pl.120423","Name":null,"pyname":null,"kind":"0b01","width":"30","length":"0.114","speedclass":"8","__source_file__":"04-交通数据/1-交通路网/2-分类图层/上海市_行人道路.shp"},"geometry":{"type":"LineString","coordinates":[[121.48582896,31.2399513],[121.485879,31.23991139],[121.48591896,31.23986139],[121.48646796,31.23908181]]}},{"id":"1857","type":"Feature","properties":{"gml_id":"layer_pedestrian_road_pl.120514","Name":null,"pyname":null,"kind":"0b01","width":"30","length":"0.051","speedclass":"8","__source_file__":"04-交通数据/1-交通路网/2-分类图层/上海市_行人道路.shp"},"geometry":{"type":"LineString","coordinates":[[121.48135506,31.23938741],[121.48122654,31.23983777]]}},{"id":"1764","type":"Feature","properties":{"gml_id":"layer_pedestrian_road_pl.120421","Name":null,"pyname":null,"kind":"0b01","width":"30","length":"0.048","speedclass":"8","__source_file__":"04-交通数据/1-交通路网/2-分类图层/上海市_行人道路.shp"},"geometry":{"type":"LineString","coordinates":[[121.48582896,31.2399513],[121.4858691,31.23996143],[121.48589934,31.23997151],[121.48630182,31.2401129]]}},{"id":"1763","type":"Feature","properties":{"gml_id":"layer_pedestrian_road_pl.120420","Name":null,"pyname":null,"kind":"0b01","width":"30","length":"0.072","speedclass":"8","__source_file__":"04-交通数据/1-交通路网/2-分类图层/上海市_行人道路.shp"},"geometry":{"type":"LineString","coordinates":[[121.48632486,31.240764],[121.48629354,31.24048347],[121.48630182,31.2401129]]}},{"id":"965","type":"Feature","properties":{"gml_id":"layer_pedestrian_road_pl.119622","Name":null,"pyname":null,"kind":"0b01","width":"30","length":"0.030","speedclass":"8","__source_file__":"04-交通数据/1-交通路网/2-分类图层/上海市_行人道路.shp"},"geometry":{"type":"LineString","coordinates":[[121.492494,31.23779733],[121.49243406,31.23787725],[121.49237376,31.23793719],[121.49233362,31.23796712],[121.4922834,31.23798701]]}},{"id":"964","type":"Feature","properties":{"gml_id":"layer_pedestrian_road_pl.119621","Name":null,"pyname":null,"kind":"0b01","width":"30","length":"0.033","speedclass":"8","__source_file__":"04-交通数据/1-交通路网/2-分类图层/上海市_行人道路.shp"},"geometry":{"type":"LineString","coordinates":[[121.492494,31.23779733],[121.4927568,31.23798836]]}},{"id":"966","type":"Feature","properties":{"gml_id":"layer_pedestrian_road_pl.119623","Name":null,"pyname":null,"kind":"0b08","width":"30","length":"0.030","speedclass":"8","__source_file__":"04-交通数据/1-交通路网/2-分类图层/上海市_行人道路.shp"},"geometry":{"type":"LineString","coordinates":[[121.49181036,31.23806571],[121.49178894,31.23779526]]}},{"id":"969","type":"Feature","properties":{"gml_id":"layer_pedestrian_road_pl.119626","Name":null,"pyname":null,"kind":"0b01","width":"30","length":"0.036","speedclass":"8","__source_file__":"04-交通数据/1-交通路网/2-分类图层/上海市_行人道路.shp"},"geometry":{"type":"LineString","coordinates":[[121.49195148,31.2381162],[121.49199162,31.23807629],[121.49204184,31.23804636],[121.49213238,31.23801662],[121.4922834,31.23798701]]}},{"id":"1134","type":"Feature","properties":{"gml_id":"layer_pedestrian_road_pl.119791","Name":null,"pyname":null,"kind":"0b01","width":"30","length":"0.015","speedclass":"8","__source_file__":"04-交通数据/1-交通路网/2-分类图层/上海市_行人道路.shp"},"geometry":{"type":"LineString","coordinates":[[121.4922834,31.23798701],[121.49226378,31.23811715]]}},{"id":"1956","type":"Feature","properties":{"gml_id":"layer_pedestrian_road_pl.120613","Name":null,"pyname":null,"kind":"0b01","width":"30","length":"0.006","speedclass":"8","__source_file__":"04-交通数据/1-交通路网/2-分类图层/上海市_行人道路.shp"},"geometry":{"type":"LineString","coordinates":[[121.49181054,31.2381158],[121.49181036,31.23806571]]}},{"id":"968","type":"Feature","properties":{"gml_id":"layer_pedestrian_road_pl.119625","Name":null,"pyname":null,"kind":"0b01","width":"30","length":"0.014","speedclass":"8","__source_file__":"04-交通数据/1-交通路网/2-分类图层/上海市_行人道路.shp"},"geometry":{"type":"LineString","coordinates":[[121.49181054,31.2381158],[121.4918811,31.23812601],[121.49195148,31.2381162]]}},{"id":"2128","type":"Feature","properties":{"gml_id":"layer_pedestrian_road_pl.120785","Name":null,"pyname":null,"kind":"0b01","width":"30","length":"0.009","speedclass":"8","__source_file__":"04-交通数据/1-交通路网/2-分类图层/上海市_行人道路.shp"},"geometry":{"type":"LineString","coordinates":[[121.49195148,31.2381162],[121.49199216,31.23818645]]}},{"id":"1135","type":"Feature","properties":{"gml_id":"layer_pedestrian_road_pl.119792","Name":null,"pyname":null,"kind":"0b01","width":"30","length":"0.031","speedclass":"8","__source_file__":"04-交通数据/1-交通路网/2-分类图层/上海市_行人道路.shp"},"geometry":{"type":"LineString","coordinates":[[121.49226378,31.23811715],[121.49224398,31.23817718],[121.49220384,31.23822713],[121.49209368,31.23834701]]}},{"id":"2132","type":"Feature","properties":{"gml_id":"layer_pedestrian_road_pl.120789","Name":null,"pyname":null,"kind":"0b01","width":"30","length":"0.031","speedclass":"8","__source_file__":"04-交通数据/1-交通路网/2-分类图层/上海市_行人道路.shp"},"geometry":{"type":"LineString","coordinates":[[121.49165052,31.23835574],[121.49171064,31.23828581],[121.49180064,31.23814581],[121.49181054,31.2381158]]}},{"id":"962","type":"Feature","properties":{"gml_id":"layer_pedestrian_road_pl.119619","Name":null,"pyname":null,"kind":"0b01","width":"30","length":"0.043","speedclass":"8","__source_file__":"04-交通数据/1-交通路网/2-分类图层/上海市_行人道路.shp"},"geometry":{"type":"LineString","coordinates":[[121.4871516,31.2369705],[121.48717158,31.23695052],[121.48735086,31.23662054]]}},{"id":"961","type":"Feature","properties":{"gml_id":"layer_pedestrian_road_pl.119618","Name":null,"pyname":null,"kind":"0b01","width":"30","length":"0.053","speedclass":"8","__source_file__":"04-交通数据/1-交通路网/2-分类图层/上海市_行人道路.shp"},"geometry":{"type":"LineString","coordinates":[[121.4871516,31.2369705],[121.48673958,31.23697932],[121.48661898,31.23697896],[121.48658892,31.23697887]]}},{"id":"960","type":"Feature","properties":{"gml_id":"layer_pedestrian_road_pl.119617","Name":null,"pyname":null,"kind":"0b01","width":"30","length":"0.091","speedclass":"8","__source_file__":"04-交通数据/1-交通路网/2-分类图层/上海市_行人道路.shp"},"geometry":{"type":"LineString","coordinates":[[121.48676316,31.23772052],[121.48688232,31.23741038],[121.4871516,31.2369705]]}},{"id":"1834","type":"Feature","properties":{"gml_id":"layer_pedestrian_road_pl.120491","Name":null,"pyname":null,"kind":"0b01","width":"30","length":"0.095","speedclass":"8","__source_file__":"04-交通数据/1-交通路网/2-分类图层/上海市_行人道路.shp"},"geometry":{"type":"LineString","coordinates":[[121.4865459,31.23855117],[121.48656498,31.23834093],[121.486644,31.23803066],[121.48669368,31.23792063],[121.48676316,31.23772052]]}},{"id":"1767","type":"Feature","properties":{"gml_id":"layer_pedestrian_road_pl.120424","Name":null,"pyname":null,"kind":"0b01","width":"30","length":"0.059","speedclass":"8","__source_file__":"04-交通数据/1-交通路网/2-分类图层/上海市_行人道路.shp"},"geometry":{"type":"LineString","coordinates":[[121.48646796,31.23908181],[121.48652646,31.23869135],[121.4865459,31.23855117]]}},{"id":"2567","type":"Feature","properties":{"gml_id":"layer_pedestrian_road_pl.121224","Name":null,"pyname":null,"kind":"0b01","width":"30","length":"0.006","speedclass":"8","__source_file__":"04-交通数据/1-交通路网/2-分类图层/上海市_行人道路.shp"},"geometry":{"type":"LineString","coordinates":[[121.491,31.23918513],[121.49100972,31.23913505]]}},{"id":"1953","type":"Feature","properties":{"gml_id":"layer_pedestrian_road_pl.120610","Name":null,"pyname":null,"kind":"0b01","width":"30","length":"0.006","speedclass":"8","__source_file__":"04-交通数据/1-交通路网/2-分类图层/上海市_行人道路.shp"},"geometry":{"type":"LineString","coordinates":[[121.4909901,31.23923517],[121.491,31.23918513]]}},{"id":"1238","type":"Feature","properties":{"gml_id":"layer_pedestrian_road_pl.119895","Name":null,"pyname":null,"kind":"0b01","width":"30","length":"0.039","speedclass":"8","__source_file__":"04-交通数据/1-交通路网/2-分类图层/上海市_行人道路.shp"},"geometry":{"type":"LineString","coordinates":[[121.4909415,31.23958559],[121.49096094,31.23944541],[121.4909901,31.23923517]]}},{"id":"1130","type":"Feature","properties":{"gml_id":"layer_pedestrian_road_pl.119787","Name":null,"pyname":null,"kind":"0b01","width":"30","length":"0.015","speedclass":"8","__source_file__":"04-交通数据/1-交通路网/2-分类图层/上海市_行人道路.shp"},"geometry":{"type":"LineString","coordinates":[[121.49109198,31.23955598],[121.4909415,31.23958559]]}},{"id":"1765","type":"Feature","properties":{"gml_id":"layer_pedestrian_road_pl.120422","Name":null,"pyname":null,"kind":"0b01","width":"30","length":"0.115","speedclass":"8","__source_file__":"04-交通数据/1-交通路网/2-分类图层/上海市_行人道路.shp"},"geometry":{"type":"LineString","coordinates":[[121.48630182,31.2401129],[121.48646796,31.23908181]]}},{"id":"2129","type":"Feature","properties":{"gml_id":"layer_pedestrian_road_pl.120786","Name":null,"pyname":null,"kind":"0b01","width":"30","length":"0.013","speedclass":"8","__source_file__":"04-交通数据/1-交通路网/2-分类图层/上海市_行人道路.shp"},"geometry":{"type":"LineString","coordinates":[[121.49199216,31.23818645],[121.49206308,31.2382868]]}},{"id":"1133","type":"Feature","properties":{"gml_id":"layer_pedestrian_road_pl.119790","Name":null,"pyname":null,"kind":"0b01","width":"30","length":"0.007","speedclass":"8","__source_file__":"04-交通数据/1-交通路网/2-分类图层/上海市_行人道路.shp"},"geometry":{"type":"LineString","coordinates":[[121.49206308,31.2382868],[121.49209368,31.23834701]]}},{"id":"2130","type":"Feature","properties":{"gml_id":"layer_pedestrian_road_pl.120787","Name":null,"pyname":null,"kind":"0b01","width":"30","length":"0.042","speedclass":"8","__source_file__":"04-交通数据/1-交通路网/2-分类图层/上海市_行人道路.shp"},"geometry":{"type":"LineString","coordinates":[[121.49181234,31.23852647],[121.49191206,31.23828639],[121.49192196,31.23825638],[121.49195202,31.23822641],[121.49199216,31.23818645]]}},{"id":"2131","type":"Feature","properties":{"gml_id":"layer_pedestrian_road_pl.120788","Name":null,"pyname":null,"kind":"0b01","width":"30","length":"0.004","speedclass":"8","__source_file__":"04-交通数据/1-交通路网/2-分类图层/上海市_行人道路.shp"},"geometry":{"type":"LineString","coordinates":[[121.49162028,31.23838566],[121.49165052,31.23835574]]}},{"id":"1068","type":"Feature","properties":{"gml_id":"layer_pedestrian_road_pl.119725","Name":null,"pyname":null,"kind":"0b01","width":"30","length":"0.011","speedclass":"8","__source_file__":"04-交通数据/1-交通路网/2-分类图层/上海市_行人道路.shp"},"geometry":{"type":"LineString","coordinates":[[121.49165052,31.23835574],[121.49167104,31.23845595]]}},{"id":"1959","type":"Feature","properties":{"gml_id":"layer_pedestrian_road_pl.120616","Name":null,"pyname":null,"kind":"0b01","width":"30","length":"0.010","speedclass":"8","__source_file__":"04-交通数据/1-交通路网/2-分类图层/上海市_行人道路.shp"},"geometry":{"type":"LineString","coordinates":[[121.49160066,31.23847575],[121.49162028,31.23838566]]}},{"id":"2134","type":"Feature","properties":{"gml_id":"layer_pedestrian_road_pl.120791","Name":null,"pyname":null,"kind":"0b01","width":"30","length":"0.015","speedclass":"8","__source_file__":"04-交通数据/1-交通路网/2-分类图层/上海市_行人道路.shp"},"geometry":{"type":"LineString","coordinates":[[121.49167104,31.23845595],[121.49181234,31.23852647]]}},{"id":"1958","type":"Feature","properties":{"gml_id":"layer_pedestrian_road_pl.120615","Name":null,"pyname":null,"kind":"0b01","width":"30","length":"0.016","speedclass":"8","__source_file__":"04-交通数据/1-交通路网/2-分类图层/上海市_行人道路.shp"},"geometry":{"type":"LineString","coordinates":[[121.49154072,31.2386058],[121.49160066,31.23847575]]}},{"id":"2127","type":"Feature","properties":{"gml_id":"layer_pedestrian_road_pl.120784","Name":null,"pyname":null,"kind":"0b01","width":"30","length":"0.016","speedclass":"8","__source_file__":"04-交通数据/1-交通路网/2-分类图层/上海市_行人道路.shp"},"geometry":{"type":"LineString","coordinates":[[121.49181234,31.23852647],[121.49196372,31.23858699]]}},{"id":"1955","type":"Feature","properties":{"gml_id":"layer_pedestrian_road_pl.120612","Name":null,"pyname":null,"kind":"0b01","width":"30","length":"0.007","speedclass":"8","__source_file__":"04-交通数据/1-交通路网/2-分类图层/上海市_行人道路.shp"},"geometry":{"type":"LineString","coordinates":[[121.49152092,31.23866583],[121.49154072,31.2386058]]}},{"id":"2133","type":"Feature","properties":{"gml_id":"layer_pedestrian_road_pl.120790","Name":null,"pyname":null,"kind":"0b01","width":"30","length":"0.042","speedclass":"8","__source_file__":"04-交通数据/1-交通路网/2-分类图层/上海市_行人道路.shp"},"geometry":{"type":"LineString","coordinates":[[121.49157186,31.23881622],[121.4916219,31.23873621],[121.49163162,31.23863609],[121.49163108,31.23854595],[121.49167104,31.23845595]]}},{"id":"2573","type":"Feature","properties":{"gml_id":"layer_pedestrian_road_pl.121230","Name":null,"pyname":null,"kind":"0b01","width":"30","length":"0.026","speedclass":"8","__source_file__":"04-交通数据/1-交通路网/2-分类图层/上海市_行人道路.shp"},"geometry":{"type":"LineString","coordinates":[[121.4914212,31.23888588],[121.49147088,31.23876582],[121.49152092,31.23866583]]}},{"id":"2126","type":"Feature","properties":{"gml_id":"layer_pedestrian_road_pl.120783","Name":null,"pyname":null,"kind":"0b01","width":"30","length":"0.024","speedclass":"8","__source_file__":"04-交通数据/1-交通路网/2-分类图层/上海市_行人道路.shp"},"geometry":{"type":"LineString","coordinates":[[121.49157186,31.23881622],[121.49180406,31.23890703]]}},{"id":"2125","type":"Feature","properties":{"gml_id":"layer_pedestrian_road_pl.120782","Name":null,"pyname":null,"kind":"0b01","width":"30","length":"0.033","speedclass":"8","__source_file__":"04-交通数据/1-交通路网/2-分类图层/上海市_行人道路.shp"},"geometry":{"type":"LineString","coordinates":[[121.4913915,31.23902601],[121.49141166,31.23900603],[121.49151138,31.23880601],[121.49157186,31.23881622]]}},{"id":"2572","type":"Feature","properties":{"gml_id":"layer_pedestrian_road_pl.121229","Name":null,"pyname":null,"kind":"0b01","width":"30","length":"0.008","speedclass":"8","__source_file__":"04-交通数据/1-交通路网/2-分类图层/上海市_行人道路.shp"},"geometry":{"type":"LineString","coordinates":[[121.49139132,31.2389559],[121.4914212,31.23888588]]}},{"id":"2571","type":"Feature","properties":{"gml_id":"layer_pedestrian_road_pl.121228","Name":null,"pyname":null,"kind":"0b01","width":"30","length":"0.009","speedclass":"8","__source_file__":"04-交通数据/1-交通路网/2-分类图层/上海市_行人道路.shp"},"geometry":{"type":"LineString","coordinates":[[121.4913411,31.23902588],[121.49139132,31.2389559]]}},{"id":"1954","type":"Feature","properties":{"gml_id":"layer_pedestrian_road_pl.120611","Name":null,"pyname":null,"kind":"0b01","width":"30","length":"0.017","speedclass":"8","__source_file__":"04-交通数据/1-交通路网/2-分类图层/上海市_行人道路.shp"},"geometry":{"type":"LineString","coordinates":[[121.49111952,31.23897512],[121.4912808,31.23904572]]}},{"id":"2124","type":"Feature","properties":{"gml_id":"layer_pedestrian_road_pl.120781","Name":null,"pyname":null,"kind":"0b01","width":"30","length":"0.005","speedclass":"8","__source_file__":"04-交通数据/1-交通路网/2-分类图层/上海市_行人道路.shp"},"geometry":{"type":"LineString","coordinates":[[121.4913411,31.23902588],[121.4913915,31.23902601]]}},{"id":"2570","type":"Feature","properties":{"gml_id":"layer_pedestrian_road_pl.121227","Name":null,"pyname":null,"kind":"0b01","width":"30","length":"0.006","speedclass":"8","__source_file__":"04-交通数据/1-交通路网/2-分类图层/上海市_行人道路.shp"},"geometry":{"type":"LineString","coordinates":[[121.4912808,31.23904572],[121.49131104,31.23904581],[121.4913411,31.23902588]]}},{"id":"2568","type":"Feature","properties":{"gml_id":"layer_pedestrian_road_pl.121225","Name":null,"pyname":null,"kind":"0b01","width":"30","length":"0.022","speedclass":"8","__source_file__":"04-交通数据/1-交通路网/2-分类图层/上海市_行人道路.shp"},"geometry":{"type":"LineString","coordinates":[[121.49100972,31.23913505],[121.49102934,31.239045],[121.49106948,31.23901503],[121.49111952,31.23897512]]}},{"id":"1132","type":"Feature","properties":{"gml_id":"layer_pedestrian_road_pl.119789","Name":null,"pyname":null,"kind":"0b01","width":"30","length":"0.027","speedclass":"8","__source_file__":"04-交通数据/1-交通路网/2-分类图层/上海市_行人道路.shp"},"geometry":{"type":"LineString","coordinates":[[121.49117136,31.23933584],[121.4911512,31.23929574],[121.49112078,31.23926559],[121.49100972,31.23913505]]}},{"id":"1131","type":"Feature","properties":{"gml_id":"layer_pedestrian_road_pl.119788","Name":null,"pyname":null,"kind":"0b01","width":"30","length":"0.008","speedclass":"8","__source_file__":"04-交通数据/1-交通路网/2-分类图层/上海市_行人道路.shp"},"geometry":{"type":"LineString","coordinates":[[121.49120196,31.23940604],[121.49117136,31.23933584]]}},{"id":"2565","type":"Feature","properties":{"gml_id":"layer_pedestrian_road_pl.121222","Name":null,"pyname":null,"kind":"0b01","width":"30","length":"0.029","speedclass":"8","__source_file__":"04-交通数据/1-交通路网/2-分类图层/上海市_行人道路.shp"},"geometry":{"type":"LineString","coordinates":[[121.49138376,31.23952677],[121.49139366,31.23948672],[121.4913834,31.23944663],[121.49135298,31.23941652],[121.49130258,31.23939632],[121.49126226,31.23938619],[121.49120196,31.23940604]]}},{"id":"2566","type":"Feature","properties":{"gml_id":"layer_pedestrian_road_pl.121223","Name":null,"pyname":null,"kind":"0b01","width":"30","length":"0.018","speedclass":"8","__source_file__":"04-交通数据/1-交通路网/2-分类图层/上海市_行人道路.shp"},"geometry":{"type":"LineString","coordinates":[[121.49120196,31.23940604],[121.4911719,31.23942597],[121.49114184,31.23945594],[121.49114202,31.23949599],[121.49115228,31.23954612]]}},{"id":"2564","type":"Feature","properties":{"gml_id":"layer_pedestrian_road_pl.121221","Name":null,"pyname":null,"kind":"0b01","width":"30","length":"0.015","speedclass":"8","__source_file__":"04-交通数据/1-交通路网/2-分类图层/上海市_行人道路.shp"},"geometry":{"type":"LineString","coordinates":[[121.49154486,31.23953726],[121.49145414,31.23952695],[121.49138376,31.23952677]]}},{"id":"1129","type":"Feature","properties":{"gml_id":"layer_pedestrian_road_pl.119786","Name":null,"pyname":null,"kind":"0b01","width":"30","length":"0.006","speedclass":"8","__source_file__":"04-交通数据/1-交通路网/2-分类图层/上海市_行人道路.shp"},"geometry":{"type":"LineString","coordinates":[[121.49115228,31.23954612],[121.49109198,31.23955598]]}},{"id":"2569","type":"Feature","properties":{"gml_id":"layer_pedestrian_road_pl.121226","Name":null,"pyname":null,"kind":"0b01","width":"30","length":"0.028","speedclass":"8","__source_file__":"04-交通数据/1-交通路网/2-分类图层/上海市_行人道路.shp"},"geometry":{"type":"LineString","coordinates":[[121.49115228,31.23954612],[121.49118252,31.23957627],[121.49122284,31.23959639],[121.49127324,31.23959657],[121.49133372,31.23959675],[121.49136378,31.23956678],[121.49138376,31.23952677]]}},{"id":"6888","type":"Feature","properties":{"gml_id":"layer_pedestrian_road_pl.125848","Name":null,"pyname":null,"kind":"0b08","width":"30","length":"0.039","speedclass":"8","__source_file__":"04-交通数据/1-交通路网/2-分类图层/上海市_行人道路.shp"},"geometry":{"type":"LineString","coordinates":[[121.4958967207408,31.239818594422434],[121.49583732,31.2398703]]}},{"id":"6889","type":"Feature","properties":{"gml_id":"layer_pedestrian_road_pl.125849","Name":null,"pyname":null,"kind":"0b08","width":"30","length":"0.018","speedclass":"8","__source_file__":"04-交通数据/1-交通路网/2-分类图层/上海市_行人道路.shp"},"geometry":{"type":"LineString","coordinates":[[121.49583732,31.2398703],[121.49579718,31.23991026],[121.49574714,31.2399702],[121.49572716,31.24000017]]}},{"id":"6885","type":"Feature","properties":{"gml_id":"layer_pedestrian_road_pl.125845","Name":null,"pyname":null,"kind":"0b08","width":"30","length":"0.031","speedclass":"8","__source_file__":"04-交通数据/1-交通路网/2-分类图层/上海市_行人道路.shp"},"geometry":{"type":"LineString","coordinates":[[121.49572716,31.24000017],[121.49570736,31.24007024],[121.49568738,31.2401403],[121.49565786,31.2402704]]}},{"id":"2563","type":"Feature","properties":{"gml_id":"layer_pedestrian_road_pl.121220","Name":null,"pyname":null,"kind":"0b01","width":"30","length":"0.019","speedclass":"8","__source_file__":"04-交通数据/1-交通路网/2-分类图层/上海市_行人道路.shp"},"geometry":{"type":"LineString","coordinates":[[121.49291718,31.24007208],[121.4930286,31.24021262]]}},{"id":"2120","type":"Feature","properties":{"gml_id":"layer_pedestrian_road_pl.120777","Name":null,"pyname":null,"kind":"0b01","width":"30","length":"0.187","speedclass":"8","__source_file__":"04-交通数据/1-交通路网/2-分类图层/上海市_行人道路.shp"},"geometry":{"type":"LineString","coordinates":[[121.4920638,31.24071059],[121.49199306,31.24063026],[121.4919423,31.24056002],[121.49190162,31.24045971],[121.49179038,31.24035923],[121.49172954,31.24026891],[121.49174916,31.24017887],[121.49187948,31.24003901],[121.49193978,31.23999914],[121.49203032,31.23997934],[121.49217144,31.2400098],[121.49235288,31.24003037],[121.49245368,31.24004067],[121.49251434,31.24007091],[121.492575,31.24013117],[121.49260542,31.24018134],[121.49264592,31.24025159],[121.49265654,31.24035176]]}},{"id":"2123","type":"Feature","properties":{"gml_id":"layer_pedestrian_road_pl.120780","Name":null,"pyname":null,"kind":"0b01","width":"30","length":"0.010","speedclass":"8","__source_file__":"04-交通数据/1-交通路网/2-分类图层/上海市_行人道路.shp"},"geometry":{"type":"LineString","coordinates":[[121.49265654,31.24035176],[121.4927172,31.24039199],[121.49274744,31.24040211]]}},{"id":"6884","type":"Feature","properties":{"gml_id":"layer_pedestrian_road_pl.125844","Name":null,"pyname":null,"kind":"0b08","width":"30","length":"0.029","speedclass":"8","__source_file__":"04-交通数据/1-交通路网/2-分类图层/上海市_行人道路.shp"},"geometry":{"type":"LineString","coordinates":[[121.49565786,31.2402704],[121.49567838,31.24038065],[121.49568864,31.24042074],[121.4956989,31.24046084],[121.4957295,31.240521]]}},{"id":"2122","type":"Feature","properties":{"gml_id":"layer_pedestrian_road_pl.120779","Name":null,"pyname":null,"kind":"0b01","width":"30","length":"0.039","speedclass":"8","__source_file__":"04-交通数据/1-交通路网/2-分类图层/上海市_行人道路.shp"},"geometry":{"type":"LineString","coordinates":[[121.49252658,31.24057172],[121.492476,31.2405215],[121.49246574,31.24050143],[121.49245566,31.24047137],[121.49246556,31.24044135],[121.49248554,31.24040135],[121.49252568,31.24037142],[121.49259606,31.24035158],[121.49265654,31.24035176]]}},{"id":"6886","type":"Feature","properties":{"gml_id":"layer_pedestrian_road_pl.125846","Name":null,"pyname":null,"kind":"0b08","width":"30","length":"0.014","speedclass":"8","__source_file__":"04-交通数据/1-交通路网/2-分类图层/上海市_行人道路.shp"},"geometry":{"type":"LineString","coordinates":[[121.4957295,31.240521],[121.49574966,31.24054107],[121.49577,31.24059125],[121.49580042,31.24063139]]}},{"id":"2121","type":"Feature","properties":{"gml_id":"layer_pedestrian_road_pl.120778","Name":null,"pyname":null,"kind":"0b01","width":"30","length":"0.008","speedclass":"8","__source_file__":"04-交通数据/1-交通路网/2-分类图层/上海市_行人道路.shp"},"geometry":{"type":"LineString","coordinates":[[121.49260722,31.240602],[121.49252658,31.24057172]]}},{"id":"2119","type":"Feature","properties":{"gml_id":"layer_pedestrian_road_pl.120776","Name":null,"pyname":null,"kind":"0b01","width":"30","length":"0.052","speedclass":"8","__source_file__":"04-交通数据/1-交通路网/2-分类图层/上海市_行人道路.shp"},"geometry":{"type":"LineString","coordinates":[[121.4920638,31.24071059],[121.49213436,31.24073084],[121.49222526,31.24075113],[121.49234586,31.2407114],[121.4924463,31.24066163],[121.49249652,31.24061172],[121.49252658,31.24057172]]}},{"id":"2653","type":"Feature","properties":{"gml_id":"layer_pedestrian_road_pl.121310","Name":"外滩观光隧道","pyname":"wtggsd","kind":"0b0f","width":"30","length":"0.181","speedclass":"8","__source_file__":"04-交通数据/1-交通路网/2-分类图层/上海市_行人道路.shp"},"geometry":{"type":"LineString","coordinates":[[121.49145126,31.24112945],[121.49176266,31.24095008],[121.4919738,31.24083051],[121.49203392,31.24079064],[121.49213436,31.24073084],[121.492476,31.2405215],[121.4927172,31.24039199],[121.4927775,31.24036215],[121.4930286,31.24021262]]}},{"id":"6887","type":"Feature","properties":{"gml_id":"layer_pedestrian_road_pl.125847","Name":null,"pyname":null,"kind":"0b08","width":"30","length":"0.107","speedclass":"8","__source_file__":"04-交通数据/1-交通路网/2-分类图层/上海市_行人道路.shp"},"geometry":{"type":"LineString","coordinates":[[121.49580042,31.24063139],[121.49582076,31.24066149],[121.49595216,31.24076202],[121.49611344,31.24080257],[121.49623720309152,31.240811115546794]]}},{"id":"2118","type":"Feature","properties":{"gml_id":"layer_pedestrian_road_pl.120775","Name":null,"pyname":null,"kind":"0b01","width":"30","length":"0.015","speedclass":"8","__source_file__":"04-交通数据/1-交通路网/2-分类图层/上海市_行人道路.shp"},"geometry":{"type":"LineString","coordinates":[[121.49201412,31.24084064],[121.49203392,31.24079064],[121.4920638,31.24071059]]}},{"id":"6690","type":"Feature","properties":{"gml_id":"layer_pedestrian_road_pl.125594","Name":null,"pyname":null,"kind":"0b14","width":"30","length":"0.005","speedclass":"8","__source_file__":"04-交通数据/1-交通路网/2-分类图层/上海市_行人道路.shp"},"geometry":{"type":"LineString","coordinates":[[121.49517708,31.24088996],[121.49522748,31.24090013]]}},{"id":"6691","type":"Feature","properties":{"gml_id":"layer_pedestrian_road_pl.125595","Name":null,"pyname":null,"kind":"0b14","width":"30","length":"0.049","speedclass":"8","__source_file__":"04-交通数据/1-交通路网/2-分类图层/上海市_行人道路.shp"},"geometry":{"type":"LineString","coordinates":[[121.49522748,31.24090013],[121.49529804,31.24092038],[121.4953686,31.24092056],[121.49549946,31.24091093],[121.49573148,31.24098171]]}},{"id":"6684","type":"Feature","properties":{"gml_id":"layer_pedestrian_road_pl.125588","Name":null,"pyname":null,"kind":"0b14","width":"30","length":"0.047","speedclass":"8","__source_file__":"04-交通数据/1-交通路网/2-分类图层/上海市_行人道路.shp"},"geometry":{"type":"LineString","coordinates":[[121.49607474,31.24114299],[121.49620506,31.24102316],[121.49628172686403,31.240940904314545]]}},{"id":"1188","type":"Feature","properties":{"gml_id":"layer_pedestrian_road_pl.119845","Name":null,"pyname":null,"kind":"0b01","width":"30","length":"0.080","speedclass":"8","__source_file__":"04-交通数据/1-交通路网/2-分类图层/上海市_行人道路.shp"},"geometry":{"type":"LineString","coordinates":[[121.49275104,31.24120338],[121.49283078,31.2410133],[121.49295102,31.2409035],[121.49308188,31.24085378],[121.49325306,31.24085427],[121.49336412,31.24089468]]}},{"id":"6683","type":"Feature","properties":{"gml_id":"layer_pedestrian_road_pl.125587","Name":null,"pyname":null,"kind":"0b14","width":"30","length":"0.037","speedclass":"8","__source_file__":"04-交通数据/1-交通路网/2-分类图层/上海市_行人道路.shp"},"geometry":{"type":"LineString","coordinates":[[121.49573148,31.24098171],[121.4958222,31.24101204],[121.49594334,31.24106249],[121.49607474,31.24114299]]}},{"id":"1189","type":"Feature","properties":{"gml_id":"layer_pedestrian_road_pl.119846","Name":null,"pyname":null,"kind":"0b01","width":"30","length":"0.077","speedclass":"8","__source_file__":"04-交通数据/1-交通路网/2-分类图层/上海市_行人道路.shp"},"geometry":{"type":"LineString","coordinates":[[121.49336412,31.24089468],[121.49345502,31.24098509],[121.49350578,31.24105533],[121.49351622,31.24114551],[121.49350668,31.24124564],[121.4934768,31.24132569],[121.49337654,31.24142555],[121.49329608,31.2414854]]}},{"id":"6682","type":"Feature","properties":{"gml_id":"layer_pedestrian_road_pl.125586","Name":null,"pyname":null,"kind":"0b14","width":"30","length":"0.038","speedclass":"8","__source_file__":"04-交通数据/1-交通路网/2-分类图层/上海市_行人道路.shp"},"geometry":{"type":"LineString","coordinates":[[121.49580384,31.24139256],[121.49607474,31.24114299]]}},{"id":"6679","type":"Feature","properties":{"gml_id":"layer_pedestrian_road_pl.125583","Name":null,"pyname":null,"kind":"0b14","width":"30","length":"0.049","speedclass":"8","__source_file__":"04-交通数据/1-交通路网/2-分类图层/上海市_行人道路.shp"},"geometry":{"type":"LineString","coordinates":[[121.4940924,31.24161792],[121.49417358,31.24171832],[121.49420418,31.24182857],[121.49419464,31.24195875],[121.49418492,31.24203885]]}},{"id":"6680","type":"Feature","properties":{"gml_id":"layer_pedestrian_road_pl.125584","Name":null,"pyname":null,"kind":"0b14","width":"30","length":"0.015","speedclass":"8","__source_file__":"04-交通数据/1-交通路网/2-分类图层/上海市_行人道路.shp"},"geometry":{"type":"LineString","coordinates":[[121.49418492,31.24203885],[121.4941752,31.2420789],[121.49416512,31.24209888],[121.49414496,31.24210883],[121.49408466,31.24210869]]}},{"id":"6681","type":"Feature","properties":{"gml_id":"layer_pedestrian_road_pl.125585","Name":null,"pyname":null,"kind":"0b14","width":"30","length":"0.012","speedclass":"8","__source_file__":"04-交通数据/1-交通路网/2-分类图层/上海市_行人道路.shp"},"geometry":{"type":"LineString","coordinates":[[121.49398386,31.24210838],[121.4939844,31.24221854]]}},{"id":"1128","type":"Feature","properties":{"gml_id":"layer_pedestrian_road_pl.119785","Name":null,"pyname":null,"kind":"0b01","width":"30","length":"0.080","speedclass":"8","__source_file__":"04-交通数据/1-交通路网/2-分类图层/上海市_行人道路.shp"},"geometry":{"type":"LineString","coordinates":[[121.49092476,31.24030662],[121.4909028,31.23989595],[121.4909415,31.23958559]]}},{"id":"1127","type":"Feature","properties":{"gml_id":"layer_pedestrian_road_pl.119784","Name":null,"pyname":null,"kind":"0b01","width":"30","length":"0.066","speedclass":"8","__source_file__":"04-交通数据/1-交通路网/2-分类图层/上海市_行人道路.shp"},"geometry":{"type":"LineString","coordinates":[[121.49099766,31.24089779],[121.49093574,31.24053702],[121.49092476,31.24030662]]}},{"id":"590","type":"Feature","properties":{"gml_id":"layer_pedestrian_road_pl.119247","Name":"外滩观光隧道","pyname":"wtggsd","kind":"0b0f","width":"30","length":"0.119","speedclass":"8","__source_file__":"04-交通数据/1-交通路网/2-分类图层/上海市_行人道路.shp"},"geometry":{"type":"LineString","coordinates":[[121.49027712,31.2414966],[121.4905581,31.24143734],[121.4910396,31.2412685],[121.49136072,31.24115924],[121.49145126,31.24112945]]}},{"id":"589","type":"Feature","properties":{"gml_id":"layer_pedestrian_road_pl.119246","Name":"外滩观光隧道","pyname":"wtggsd","kind":"0b0f","width":"30","length":"0.098","speedclass":"8","__source_file__":"04-交通数据/1-交通路网/2-分类图层/上海市_行人道路.shp"},"geometry":{"type":"LineString","coordinates":[[121.48927326,31.24169402],[121.48987554,31.24157558],[121.49027712,31.2414966]]}},{"id":"823","type":"Feature","properties":{"gml_id":"layer_pedestrian_road_pl.119480","Name":"外滩观光隧道","pyname":"wtggsd","kind":"0b0f","width":"30","length":"0.205","speedclass":"8","__source_file__":"04-交通数据/1-交通路网/2-分类图层/上海市_行人道路.shp"},"geometry":{"type":"LineString","coordinates":[[121.4871237,31.24186803],[121.48743528,31.24185894],[121.48791732,31.24182029],[121.48927326,31.24169402]]}},{"id":"822","type":"Feature","properties":{"gml_id":"layer_pedestrian_road_pl.119479","Name":"外滩观光隧道","pyname":"wtggsd","kind":"0b0f","width":"30","length":"0.090","speedclass":"8","__source_file__":"04-交通数据/1-交通路网/2-分类图层/上海市_行人道路.shp"},"geometry":{"type":"LineString","coordinates":[[121.48616934,31.2418953],[121.48622964,31.24189548],[121.48643052,31.24188603],[121.48654104,31.24188639],[121.48657128,31.24188648],[121.48660134,31.24188657],[121.4871237,31.24186803]]}},{"id":"1123","type":"Feature","properties":{"gml_id":"layer_pedestrian_road_pl.119780","Name":null,"pyname":null,"kind":"0b01","width":"30","length":"0.121","speedclass":"8","__source_file__":"04-交通数据/1-交通路网/2-分类图层/上海市_行人道路.shp"},"geometry":{"type":"LineString","coordinates":[[121.48671618,31.24280831],[121.4866755,31.24271808],[121.48666542,31.24269801],[121.48664508,31.24263785],[121.48656354,31.24239723],[121.48652268,31.24223685],[121.48648164,31.24206648],[121.48648146,31.24204646],[121.48643052,31.24188603],[121.48639974,31.24175576]]}},{"id":"6854","type":"Feature","properties":{"gml_id":"layer_pedestrian_road_pl.125814","Name":null,"pyname":null,"kind":"0b01","width":"30","length":"0.039","speedclass":"8","__source_file__":"04-交通数据/1-交通路网/2-分类图层/上海市_行人道路.shp"},"geometry":{"type":"LineString","coordinates":[[121.48657596,31.2429281],[121.48649532,31.24285776],[121.4863947,31.2428174],[121.4862435,31.24272681]]}},{"id":"1772","type":"Feature","properties":{"gml_id":"layer_pedestrian_road_pl.120429","Name":null,"pyname":null,"kind":"0b01","width":"30","length":"0.019","speedclass":"8","__source_file__":"04-交通数据/1-交通路网/2-分类图层/上海市_行人道路.shp"},"geometry":{"type":"LineString","coordinates":[[121.48657596,31.2429281],[121.48671618,31.24280831]]}},{"id":"1770","type":"Feature","properties":{"gml_id":"layer_pedestrian_road_pl.120427","Name":null,"pyname":null,"kind":"0b01","width":"30","length":"0.161","speedclass":"8","__source_file__":"04-交通数据/1-交通路网/2-分类图层/上海市_行人道路.shp"},"geometry":{"type":"LineString","coordinates":[[121.48609842,31.24394829],[121.48619886,31.2439586],[121.4862894,31.24395887],[121.48643016,31.24396931],[121.48652016,31.24390946],[121.48668,31.24369962],[121.48673958,31.24352952],[121.48673778,31.24314891],[121.48665678,31.24299843],[121.48657596,31.2429281]]}},{"id":"1762","type":"Feature","properties":{"gml_id":"layer_pedestrian_road_pl.120419","Name":null,"pyname":null,"kind":"0b01","width":"30","length":"0.056","speedclass":"8","__source_file__":"04-交通数据/1-交通路网/2-分类图层/上海市_行人道路.shp"},"geometry":{"type":"LineString","coordinates":[[121.48573194,31.2407222],[121.48577226,31.24073237],[121.48583238,31.2407325],[121.48632486,31.240764]]}},{"id":"2540","type":"Feature","properties":{"gml_id":"layer_pedestrian_road_pl.121197","Name":"四川中路","pyname":"sczl","kind":"0b01","width":"30","length":"0.115","speedclass":"8","__source_file__":"04-交通数据/1-交通路网/2-分类图层/上海市_行人道路.shp"},"geometry":{"type":"LineString","coordinates":[[121.4833599,31.24053504],[121.48331994,31.24059503],[121.48329006,31.24064502],[121.48295166,31.24137515],[121.48290198,31.24149521]]}},{"id":"958","type":"Feature","properties":{"gml_id":"layer_pedestrian_road_pl.119615","Name":null,"pyname":null,"kind":"0b01","width":"30","length":"0.110","speedclass":"8","__source_file__":"04-交通数据/1-交通路网/2-分类图层/上海市_行人道路.shp"},"geometry":{"type":"LineString","coordinates":[[121.48639974,31.24175576],[121.4863794,31.24167557],[121.48634808,31.24141506],[121.48634772,31.24134495],[121.48635618,31.24100448],[121.48632486,31.240764]]}},{"id":"2539","type":"Feature","properties":{"gml_id":"layer_pedestrian_road_pl.121196","Name":"四川中路","pyname":"sczl","kind":"0b01","width":"30","length":"0.062","speedclass":"8","__source_file__":"04-交通数据/1-交通路网/2-分类图层/上海市_行人道路.shp"},"geometry":{"type":"LineString","coordinates":[[121.48290198,31.24149521],[121.48269354,31.24202544]]}},{"id":"959","type":"Feature","properties":{"gml_id":"layer_pedestrian_road_pl.119616","Name":null,"pyname":null,"kind":"0b01","width":"30","length":"0.054","speedclass":"8","__source_file__":"04-交通数据/1-交通路网/2-分类图层/上海市_行人道路.shp"},"geometry":{"type":"LineString","coordinates":[[121.48582716,31.24177412],[121.48587738,31.24177425],[121.48593768,31.24177443],[121.48639974,31.24175576]]}},{"id":"1947","type":"Feature","properties":{"gml_id":"layer_pedestrian_road_pl.120604","Name":"外滩观光隧道","pyname":"wtggsd","kind":"0b0f","width":"30","length":"0.030","speedclass":"8","__source_file__":"04-交通数据/1-交通路网/2-分类图层/上海市_行人道路.shp"},"geometry":{"type":"LineString","coordinates":[[121.48585794,31.24190444],[121.48589808,31.24190453],[121.48595838,31.24190471],[121.48616934,31.2418953]]}},{"id":"2538","type":"Feature","properties":{"gml_id":"layer_pedestrian_road_pl.121195","Name":"四川中路","pyname":"sczl","kind":"0b01","width":"30","length":"0.021","speedclass":"8","__source_file__":"04-交通数据/1-交通路网/2-分类图层/上海市_行人道路.shp"},"geometry":{"type":"LineString","coordinates":[[121.48269354,31.24202544],[121.48265376,31.24211544],[121.48263396,31.24220553]]}},{"id":"2537","type":"Feature","properties":{"gml_id":"layer_pedestrian_road_pl.121194","Name":"四川中路","pyname":"sczl","kind":"0b01","width":"30","length":"0.065","speedclass":"8","__source_file__":"04-交通数据/1-交通路网/2-分类图层/上海市_行人道路.shp"},"geometry":{"type":"LineString","coordinates":[[121.48263396,31.24220553],[121.48255458,31.24241564],[121.4824851,31.24261575],[121.4824356,31.24276583]]}},{"id":"2536","type":"Feature","properties":{"gml_id":"layer_pedestrian_road_pl.121193","Name":"虎丘路","pyname":"hql","kind":"0b01","width":"30","length":"0.086","speedclass":"8","__source_file__":"04-交通数据/1-交通路网/2-分类图层/上海市_行人道路.shp"},"geometry":{"type":"LineString","coordinates":[[121.48307874,31.24277771],[121.48308774,31.24255739],[121.48307748,31.24249727],[121.4830773,31.24246721],[121.48304706,31.24242707],[121.48299666,31.24239687],[121.48263396,31.24220553]]}},{"id":"1855","type":"Feature","properties":{"gml_id":"layer_pedestrian_road_pl.120512","Name":null,"pyname":null,"kind":"0b01","width":"30","length":"0.011","speedclass":"8","__source_file__":"04-交通数据/1-交通路网/2-分类图层/上海市_行人道路.shp"},"geometry":{"type":"LineString","coordinates":[[121.48128468,31.24374399],[121.4813043,31.24364391]]}},{"id":"1856","type":"Feature","properties":{"gml_id":"layer_pedestrian_road_pl.120513","Name":null,"pyname":null,"kind":"0b01","width":"30","length":"0.075","speedclass":"8","__source_file__":"04-交通数据/1-交通路网/2-分类图层/上海市_行人道路.shp"},"geometry":{"type":"LineString","coordinates":[[121.48128468,31.24374399],[121.48206876,31.24382643]]}},{"id":"2562","type":"Feature","properties":{"gml_id":"layer_pedestrian_road_pl.121219","Name":null,"pyname":null,"kind":"0b01","width":"30","length":"0.176","speedclass":"8","__source_file__":"04-交通数据/1-交通路网/2-分类图层/上海市_行人道路.shp"},"geometry":{"type":"LineString","coordinates":[[121.4857665,31.24387724],[121.483917,31.24372163]]}},{"id":"1854","type":"Feature","properties":{"gml_id":"layer_pedestrian_road_pl.120511","Name":null,"pyname":null,"kind":"0b01","width":"30","length":"0.029","speedclass":"8","__source_file__":"04-交通数据/1-交通路网/2-分类图层/上海市_行人道路.shp"},"geometry":{"type":"LineString","coordinates":[[121.48124562,31.24400432],[121.48128468,31.24374399]]}},{"id":"1945","type":"Feature","properties":{"gml_id":"layer_pedestrian_road_pl.120602","Name":null,"pyname":null,"kind":"0b01","width":"30","length":"0.004","speedclass":"8","__source_file__":"04-交通数据/1-交通路网/2-分类图层/上海市_行人道路.shp"},"geometry":{"type":"LineString","coordinates":[[121.48591734,31.24389771],[121.48595748,31.24390784]]}},{"id":"1946","type":"Feature","properties":{"gml_id":"layer_pedestrian_road_pl.120603","Name":null,"pyname":null,"kind":"0b01","width":"30","length":"0.014","speedclass":"8","__source_file__":"04-交通数据/1-交通路网/2-分类图层/上海市_行人道路.shp"},"geometry":{"type":"LineString","coordinates":[[121.48595748,31.24390784],[121.48600788,31.243928],[121.48609842,31.24394829]]}},{"id":"1852","type":"Feature","properties":{"gml_id":"layer_pedestrian_road_pl.120509","Name":null,"pyname":null,"kind":"0b01","width":"30","length":"0.049","speedclass":"8","__source_file__":"04-交通数据/1-交通路网/2-分类图层/上海市_行人道路.shp"},"geometry":{"type":"LineString","coordinates":[[121.4807427,31.24388264],[121.48124562,31.24400432]]}},{"id":"1853","type":"Feature","properties":{"gml_id":"layer_pedestrian_road_pl.120510","Name":null,"pyname":null,"kind":"0b01","width":"30","length":"0.041","speedclass":"8","__source_file__":"04-交通数据/1-交通路网/2-分类图层/上海市_行人道路.shp"},"geometry":{"type":"LineString","coordinates":[[121.48124562,31.24400432],[121.48166808,31.2441057]]}},{"id":"1850","type":"Feature","properties":{"gml_id":"layer_pedestrian_road_pl.120507","Name":null,"pyname":null,"kind":"0b01","width":"30","length":"0.028","speedclass":"8","__source_file__":"04-交通数据/1-交通路网/2-分类图层/上海市_行人道路.shp"},"geometry":{"type":"LineString","coordinates":[[121.48166808,31.2441057],[121.48194978,31.24417662]]}},{"id":"1851","type":"Feature","properties":{"gml_id":"layer_pedestrian_road_pl.120508","Name":null,"pyname":null,"kind":"0b01","width":"30","length":"0.047","speedclass":"8","__source_file__":"04-交通数据/1-交通路网/2-分类图层/上海市_行人道路.shp"},"geometry":{"type":"LineString","coordinates":[[121.48166808,31.2441057],[121.4815293,31.24451592]]}},{"id":"957","type":"Feature","properties":{"gml_id":"layer_pedestrian_road_pl.119614","Name":null,"pyname":null,"kind":"0b01","width":"30","length":"0.139","speedclass":"8","__source_file__":"04-交通数据/1-交通路网/2-分类图层/上海市_行人道路.shp"},"geometry":{"type":"LineString","coordinates":[[121.48673238,31.24416047],[121.48666326,31.24441067],[121.48663356,31.24452074],[121.48660386,31.24460079],[121.48654374,31.2446507],[121.48645356,31.24470051],[121.48631316,31.24475019],[121.48601202,31.2448194],[121.48585128,31.24484901],[121.48574094,31.24487871]]}},{"id":"1864","type":"Feature","properties":{"gml_id":"layer_pedestrian_road_pl.120521","Name":null,"pyname":null,"kind":"0b01","width":"30","length":"0.005","speedclass":"8","__source_file__":"04-交通数据/1-交通路网/2-分类图层/上海市_行人道路.shp"},"geometry":{"type":"LineString","coordinates":[[121.47854076,31.23919895],[121.47852096,31.23923895]]}},{"id":"1868","type":"Feature","properties":{"gml_id":"layer_pedestrian_road_pl.120525","Name":null,"pyname":null,"kind":"0b01","width":"30","length":"0.045","speedclass":"8","__source_file__":"04-交通数据/1-交通路网/2-分类图层/上海市_行人道路.shp"},"geometry":{"type":"LineString","coordinates":[[121.47906456,31.23948092],[121.47923412,31.23919094],[121.47928398,31.23912101]]}},{"id":"1866","type":"Feature","properties":{"gml_id":"layer_pedestrian_road_pl.120523","Name":null,"pyname":null,"kind":"0b01","width":"30","length":"0.058","speedclass":"8","__source_file__":"04-交通数据/1-交通路网/2-分类图层/上海市_行人道路.shp"},"geometry":{"type":"LineString","coordinates":[[121.47852096,31.23923895],[121.47867198,31.23931955],[121.47885324,31.23940019],[121.47906456,31.23948092]]}},{"id":"1867","type":"Feature","properties":{"gml_id":"layer_pedestrian_road_pl.120524","Name":null,"pyname":null,"kind":"0b01","width":"30","length":"0.027","speedclass":"8","__source_file__":"04-交通数据/1-交通路网/2-分类图层/上海市_行人道路.shp"},"geometry":{"type":"LineString","coordinates":[[121.47906456,31.23948092],[121.47931638,31.23959184]]}},{"id":"1862","type":"Feature","properties":{"gml_id":"layer_pedestrian_road_pl.120519","Name":null,"pyname":null,"kind":"0b01","width":"30","length":"0.090","speedclass":"8","__source_file__":"04-交通数据/1-交通路网/2-分类图层/上海市_行人道路.shp"},"geometry":{"type":"LineString","coordinates":[[121.47852096,31.23923895],[121.47840144,31.23945896],[121.47816258,31.2399891]]}},{"id":"2823","type":"Feature","properties":{"gml_id":"layer_pedestrian_road_pl.121480","Name":null,"pyname":null,"kind":"0b01","width":"30","length":"0.040","speedclass":"8","__source_file__":"04-交通数据/1-交通路网/2-分类图层/上海市_行人道路.shp"},"geometry":{"type":"LineString","coordinates":[[121.47824358,31.24230291],[121.4781939,31.24242297],[121.47807438,31.24263294]]}},{"id":"358","type":"Feature","properties":{"gml_id":"layer_pedestrian_road_pl.119015","Name":null,"pyname":null,"kind":"0b01","width":"30","length":"0.023","speedclass":"8","__source_file__":"04-交通数据/1-交通路网/2-分类图层/上海市_行人道路.shp"},"geometry":{"type":"LineString","coordinates":[[121.4786871,31.24262471],[121.47876666,31.24242464]]}},{"id":"359","type":"Feature","properties":{"gml_id":"layer_pedestrian_road_pl.119016","Name":null,"pyname":null,"kind":"0b01","width":"30","length":"0.014","speedclass":"8","__source_file__":"04-交通数据/1-交通路网/2-分类图层/上海市_行人道路.shp"},"geometry":{"type":"LineString","coordinates":[[121.4786871,31.24262471],[121.47854634,31.24258425]]}},{"id":"357","type":"Feature","properties":{"gml_id":"layer_pedestrian_road_pl.119014","Name":null,"pyname":null,"kind":"0b01","width":"30","length":"0.007","speedclass":"8","__source_file__":"04-交通数据/1-交通路网/2-分类图层/上海市_行人道路.shp"},"geometry":{"type":"LineString","coordinates":[[121.4786673,31.24268474],[121.4786871,31.24262471]]}},{"id":"350","type":"Feature","properties":{"gml_id":"layer_pedestrian_road_pl.119007","Name":null,"pyname":null,"kind":"0b01","width":"30","length":"0.056","speedclass":"8","__source_file__":"04-交通数据/1-交通路网/2-分类图层/上海市_行人道路.shp"},"geometry":{"type":"LineString","coordinates":[[121.47807438,31.24263294],[121.47863778,31.24279485]]}},{"id":"1113","type":"Feature","properties":{"gml_id":"layer_pedestrian_road_pl.119770","Name":"五福弄","pyname":"wfl","kind":"0b14","width":"30","length":"0.128","speedclass":"8","__source_file__":"04-交通数据/1-交通路网/2-分类图层/上海市_行人道路.shp"},"geometry":{"type":"LineString","coordinates":[[121.4767233,31.23942404],[121.4768025,31.23916385],[121.4769114,31.23882365],[121.47705,31.23838337],[121.4770698,31.2383133]]}},{"id":"1112","type":"Feature","properties":{"gml_id":"layer_pedestrian_road_pl.119769","Name":"五福弄","pyname":"wfl","kind":"0b14","width":"30","length":"0.007","speedclass":"8","__source_file__":"04-交通数据/1-交通路网/2-分类图层/上海市_行人道路.shp"},"geometry":{"type":"LineString","coordinates":[[121.4767035,31.23948407],[121.4767233,31.23942404]]}},{"id":"2449","type":"Feature","properties":{"gml_id":"layer_pedestrian_road_pl.121106","Name":"五福弄","pyname":"wfl","kind":"0b01","width":"30","length":"0.009","speedclass":"8","__source_file__":"04-交通数据/1-交通路网/2-分类图层/上海市_行人道路.shp"},"geometry":{"type":"LineString","coordinates":[[121.4767035,31.23948407],[121.4766837,31.23956412]]}},{"id":"2561","type":"Feature","properties":{"gml_id":"layer_pedestrian_road_pl.121218","Name":"五福弄","pyname":"wfl","kind":"0b01","width":"30","length":"0.097","speedclass":"8","__source_file__":"04-交通数据/1-交通路网/2-分类图层/上海市_行人道路.shp"},"geometry":{"type":"LineString","coordinates":[[121.4766837,31.23956412],[121.4764263,31.24041471]]}},{"id":"1636","type":"Feature","properties":{"gml_id":"layer_pedestrian_road_pl.120293","Name":"顾家弄","pyname":"gjl","kind":"0b01","width":"30","length":"0.109","speedclass":"8","__source_file__":"04-交通数据/1-交通路网/2-分类图层/上海市_行人道路.shp"},"geometry":{"type":"LineString","coordinates":[[121.47360012,31.23979556],[121.4732025,31.24071581]]}},{"id":"1758","type":"Feature","properties":{"gml_id":"layer_pedestrian_road_pl.120415","Name":null,"pyname":null,"kind":"0b01","width":"30","length":"0.003","speedclass":"8","__source_file__":"04-交通数据/1-交通路网/2-分类图层/上海市_行人道路.shp"},"geometry":{"type":"LineString","coordinates":[[121.47660486,31.24207782],[121.47661476,31.24204781]]}},{"id":"2557","type":"Feature","properties":{"gml_id":"layer_pedestrian_road_pl.121214","Name":"山西路桥","pyname":"sxlq","kind":"0b08","width":"30","length":"0.031","speedclass":"8","__source_file__":"04-交通数据/1-交通路网/2-分类图层/上海市_行人道路.shp"},"geometry":{"type":"LineString","coordinates":[[121.47651558,31.242348],[121.47660486,31.24207782]]}},{"id":"2556","type":"Feature","properties":{"gml_id":"layer_pedestrian_road_pl.121213","Name":"山西路桥","pyname":"sxlq","kind":"0b08","width":"30","length":"0.024","speedclass":"8","__source_file__":"04-交通数据/1-交通路网/2-分类图层/上海市_行人道路.shp"},"geometry":{"type":"LineString","coordinates":[[121.47644628,31.24255811],[121.47651558,31.242348]]}},{"id":"1757","type":"Feature","properties":{"gml_id":"layer_pedestrian_road_pl.120414","Name":null,"pyname":null,"kind":"0b01","width":"30","length":"0.003","speedclass":"8","__source_file__":"04-交通数据/1-交通路网/2-分类图层/上海市_行人道路.shp"},"geometry":{"type":"LineString","coordinates":[[121.47643638,31.24258812],[121.47644628,31.24255811]]}},{"id":"1634","type":"Feature","properties":{"gml_id":"layer_pedestrian_road_pl.120291","Name":null,"pyname":null,"kind":"0b01","width":"30","length":"0.100","speedclass":"8","__source_file__":"04-交通数据/1-交通路网/2-分类图层/上海市_行人道路.shp"},"geometry":{"type":"LineString","coordinates":[[121.47668586,31.24661513],[121.47671232,31.24581395],[121.47671196,31.24571378]]}},{"id":"356","type":"Feature","properties":{"gml_id":"layer_pedestrian_road_pl.119013","Name":null,"pyname":null,"kind":"0b01","width":"30","length":"0.013","speedclass":"8","__source_file__":"04-交通数据/1-交通路网/2-分类图层/上海市_行人道路.shp"},"geometry":{"type":"LineString","coordinates":[[121.47863778,31.24279485],[121.4786673,31.24268474]]}},{"id":"360","type":"Feature","properties":{"gml_id":"layer_pedestrian_road_pl.119017","Name":null,"pyname":null,"kind":"0b01","width":"30","length":"0.036","speedclass":"8","__source_file__":"04-交通数据/1-交通路网/2-分类图层/上海市_行人道路.shp"},"geometry":{"type":"LineString","coordinates":[[121.4786673,31.24268474],[121.47902964,31.24279598]]}},{"id":"349","type":"Feature","properties":{"gml_id":"layer_pedestrian_road_pl.119006","Name":null,"pyname":null,"kind":"0b01","width":"30","length":"0.028","speedclass":"8","__source_file__":"04-交通数据/1-交通路网/2-分类图层/上海市_行人道路.shp"},"geometry":{"type":"LineString","coordinates":[[121.47807438,31.24263294],[121.47792462,31.24285286]]}},{"id":"355","type":"Feature","properties":{"gml_id":"layer_pedestrian_road_pl.119012","Name":null,"pyname":null,"kind":"0b01","width":"30","length":"0.008","speedclass":"8","__source_file__":"04-交通数据/1-交通路网/2-分类图层/上海市_行人道路.shp"},"geometry":{"type":"LineString","coordinates":[[121.4786079,31.24286487],[121.47863778,31.24279485]]}},{"id":"351","type":"Feature","properties":{"gml_id":"layer_pedestrian_road_pl.119008","Name":null,"pyname":null,"kind":"0b01","width":"30","length":"0.037","speedclass":"8","__source_file__":"04-交通数据/1-交通路网/2-分类图层/上海市_行人道路.shp"},"geometry":{"type":"LineString","coordinates":[[121.47821586,31.24283369],[121.4785881,31.24294493]]}},{"id":"354","type":"Feature","properties":{"gml_id":"layer_pedestrian_road_pl.119011","Name":null,"pyname":null,"kind":"0b01","width":"30","length":"0.009","speedclass":"8","__source_file__":"04-交通数据/1-交通路网/2-分类图层/上海市_行人道路.shp"},"geometry":{"type":"LineString","coordinates":[[121.4785881,31.24294493],[121.4786079,31.24286487]]}},{"id":"361","type":"Feature","properties":{"gml_id":"layer_pedestrian_road_pl.119018","Name":null,"pyname":null,"kind":"0b01","width":"30","length":"0.036","speedclass":"8","__source_file__":"04-交通数据/1-交通路网/2-分类图层/上海市_行人道路.shp"},"geometry":{"type":"LineString","coordinates":[[121.4786079,31.24286487],[121.47897006,31.24296608]]}},{"id":"353","type":"Feature","properties":{"gml_id":"layer_pedestrian_road_pl.119010","Name":null,"pyname":null,"kind":"0b01","width":"30","length":"0.011","speedclass":"8","__source_file__":"04-交通数据/1-交通路网/2-分类图层/上海市_行人道路.shp"},"geometry":{"type":"LineString","coordinates":[[121.47854832,31.24303497],[121.4785881,31.24294493]]}},{"id":"362","type":"Feature","properties":{"gml_id":"layer_pedestrian_road_pl.119019","Name":null,"pyname":null,"kind":"0b01","width":"30","length":"0.035","speedclass":"8","__source_file__":"04-交通数据/1-交通路网/2-分类图层/上海市_行人道路.shp"},"geometry":{"type":"LineString","coordinates":[[121.47854832,31.24303497],[121.47890058,31.24314617]]}},{"id":"352","type":"Feature","properties":{"gml_id":"layer_pedestrian_road_pl.119009","Name":null,"pyname":null,"kind":"0b01","width":"30","length":"0.031","speedclass":"8","__source_file__":"04-交通数据/1-交通路网/2-分类图层/上海市_行人道路.shp"},"geometry":{"type":"LineString","coordinates":[[121.47845922,31.24330511],[121.47854832,31.24303497]]}},{"id":"6819","type":"Feature","properties":{"gml_id":"layer_pedestrian_road_pl.125777","Name":null,"pyname":null,"kind":"0b01","width":"30","length":"0.011","speedclass":"8","__source_file__":"04-交通数据/1-交通路网/2-分类图层/上海市_行人道路.shp"},"geometry":{"type":"LineString","coordinates":[[121.4718363,31.24299542],[121.47183684,31.24309554]]}},{"id":"6820","type":"Feature","properties":{"gml_id":"layer_pedestrian_road_pl.125778","Name":null,"pyname":null,"kind":"0b01","width":"30","length":"0.006","speedclass":"8","__source_file__":"04-交通数据/1-交通路网/2-分类图层/上海市_行人道路.shp"},"geometry":{"type":"LineString","coordinates":[[121.47183684,31.24309554],[121.47183702,31.24314563]]}},{"id":"1631","type":"Feature","properties":{"gml_id":"layer_pedestrian_road_pl.120288","Name":"彭泽路","pyname":"pzl","kind":"0b01","width":"30","length":"0.079","speedclass":"8","__source_file__":"04-交通数据/1-交通路网/2-分类图层/上海市_行人道路.shp"},"geometry":{"type":"LineString","coordinates":[[121.47755778,31.24833035],[121.4778222,31.24901214]]}},{"id":"3676","type":"Feature","properties":{"gml_id":"layer_pedestrian_road_pl.122333","Name":null,"pyname":null,"kind":"0b14","width":"30","length":"0.067","speedclass":"8","__source_file__":"04-交通数据/1-交通路网/2-分类图层/上海市_行人道路.shp"},"geometry":{"type":"LineString","coordinates":[[121.47992082,31.255268],[121.47991128,31.25537816],[121.47992154,31.25543828],[121.47999246,31.25555865],[121.48003296,31.25563893],[121.48012386,31.2557193],[121.48021458,31.25578968]]}},{"id":"3675","type":"Feature","properties":{"gml_id":"layer_pedestrian_road_pl.122332","Name":null,"pyname":null,"kind":"0b14","width":"30","length":"0.042","speedclass":"8","__source_file__":"04-交通数据/1-交通路网/2-分类图层/上海市_行人道路.shp"},"geometry":{"type":"LineString","coordinates":[[121.48021458,31.25578968],[121.48028496,31.25580989],[121.48034544,31.25586015],[121.48044642,31.2559506],[121.48048674,31.25598075],[121.48052688,31.25599088],[121.48056702,31.25598098]]}},{"id":"3674","type":"Feature","properties":{"gml_id":"layer_pedestrian_road_pl.122331","Name":null,"pyname":null,"kind":"0b14","width":"30","length":"0.094","speedclass":"8","__source_file__":"04-交通数据/1-交通路网/2-分类图层/上海市_行人道路.shp"},"geometry":{"type":"LineString","coordinates":[[121.47976512,31.2563993],[121.47984558,31.25638953],[121.479966,31.25635983],[121.48000614,31.25633994],[121.48002612,31.25630993],[121.48004592,31.25625993],[121.48001514,31.25610959],[121.4800245,31.25598944],[121.48005438,31.25590938],[121.48016436,31.25580957],[121.48021458,31.25578968]]}},{"id":"3930","type":"Feature","properties":{"gml_id":"layer_pedestrian_road_pl.122587","Name":null,"pyname":null,"kind":"0b14","width":"30","length":"0.036","speedclass":"8","__source_file__":"04-交通数据/1-交通路网/2-分类图层/上海市_行人道路.shp"},"geometry":{"type":"LineString","coordinates":[[121.47943302,31.2562481],[121.47976512,31.2563993]]}},{"id":"3694","type":"Feature","properties":{"gml_id":"layer_pedestrian_road_pl.122351","Name":null,"pyname":null,"kind":"0b14","width":"30","length":"0.037","speedclass":"8","__source_file__":"04-交通数据/1-交通路网/2-分类图层/上海市_行人道路.shp"},"geometry":{"type":"LineString","coordinates":[[121.48023852,31.25663105],[121.48042932,31.25661156],[121.4806302,31.25661215]]}},{"id":"3693","type":"Feature","properties":{"gml_id":"layer_pedestrian_road_pl.122350","Name":null,"pyname":null,"kind":"0b14","width":"30","length":"0.026","speedclass":"8","__source_file__":"04-交通数据/1-交通路网/2-分类图层/上海市_行人道路.shp"},"geometry":{"type":"LineString","coordinates":[[121.47997752,31.25670039],[121.48023852,31.25663105]]}},{"id":"3819","type":"Feature","properties":{"gml_id":"layer_pedestrian_road_pl.122476","Name":null,"pyname":null,"kind":"0b14","width":"30","length":"0.012","speedclass":"8","__source_file__":"04-交通数据/1-交通路网/2-分类图层/上海市_行人道路.shp"},"geometry":{"type":"LineString","coordinates":[[121.4802792,31.25673131],[121.48023852,31.25663105]]}},{"id":"3931","type":"Feature","properties":{"gml_id":"layer_pedestrian_road_pl.122588","Name":null,"pyname":null,"kind":"0b14","width":"30","length":"0.069","speedclass":"8","__source_file__":"04-交通数据/1-交通路网/2-分类图层/上海市_行人道路.shp"},"geometry":{"type":"LineString","coordinates":[[121.47976512,31.2563993],[121.4797653,31.25643939],[121.4797554,31.25646941],[121.47971562,31.25654942],[121.47965604,31.25668946],[121.47965622,31.25674953],[121.47974784,31.25699019]]}},{"id":"3687","type":"Feature","properties":{"gml_id":"layer_pedestrian_road_pl.122344","Name":null,"pyname":null,"kind":"0b14","width":"30","length":"0.041","speedclass":"8","__source_file__":"04-交通数据/1-交通路网/2-分类图层/上海市_行人道路.shp"},"geometry":{"type":"LineString","coordinates":[[121.47974784,31.25699019],[121.47983748,31.25681015],[121.47987726,31.25675021],[121.47990732,31.25672024],[121.47997752,31.25670039]]}},{"id":"1632","type":"Feature","properties":{"gml_id":"layer_pedestrian_road_pl.120289","Name":null,"pyname":null,"kind":"0b01","width":"30","length":"0.085","speedclass":"8","__source_file__":"04-交通数据/1-交通路网/2-分类图层/上海市_行人道路.shp"},"geometry":{"type":"LineString","coordinates":[[121.47579126,31.24654241],[121.47668586,31.24661513]]}},{"id":"1633","type":"Feature","properties":{"gml_id":"layer_pedestrian_road_pl.120290","Name":null,"pyname":null,"kind":"0b01","width":"30","length":"0.136","speedclass":"8","__source_file__":"04-交通数据/1-交通路网/2-分类图层/上海市_行人道路.shp"},"geometry":{"type":"LineString","coordinates":[[121.47668586,31.24661513],[121.476726,31.24661526],[121.47684678,31.24662561],[121.47693714,31.24663587],[121.4769573,31.24664595],[121.47697764,31.24669608],[121.47697872,31.24693647],[121.47701904,31.24697666],[121.47705936,31.24698678],[121.47777306,31.24705896]]}},{"id":"2398","type":"Feature","properties":{"gml_id":"layer_pedestrian_road_pl.121055","Name":null,"pyname":null,"kind":"0b01","width":"30","length":"0.074","speedclass":"8","__source_file__":"04-交通数据/1-交通路网/2-分类图层/上海市_行人道路.shp"},"geometry":{"type":"LineString","coordinates":[[121.4768448,31.24839839],[121.47696288,31.24783782],[121.4769825,31.24773774]]}},{"id":"1630","type":"Feature","properties":{"gml_id":"layer_pedestrian_road_pl.120287","Name":null,"pyname":null,"kind":"0b01","width":"30","length":"0.109","speedclass":"8","__source_file__":"04-交通数据/1-交通路网/2-分类图层/上海市_行人道路.shp"},"geometry":{"type":"LineString","coordinates":[[121.47550218,31.24920573],[121.4757288,31.24824489]]}},{"id":"1199","type":"Feature","properties":{"gml_id":"layer_pedestrian_road_pl.119856","Name":"塘沽路","pyname":"tgl","kind":"0b01","width":"30","length":"0.049","speedclass":"8","__source_file__":"04-交通数据/1-交通路网/2-分类图层/上海市_行人道路.shp"},"geometry":{"type":"LineString","coordinates":[[121.47735924,31.24882053],[121.4778222,31.24901214]]}},{"id":"3886","type":"Feature","properties":{"gml_id":"layer_pedestrian_road_pl.122543","Name":null,"pyname":null,"kind":"0b01","width":"30","length":"0.036","speedclass":"8","__source_file__":"04-交通数据/1-交通路网/2-分类图层/上海市_行人道路.shp"},"geometry":{"type":"LineString","coordinates":[[121.47722154,31.25606139],[121.4771616,31.25613132],[121.47713172,31.25618132],[121.47702192,31.25633126]]}},{"id":"3878","type":"Feature","properties":{"gml_id":"layer_pedestrian_road_pl.122535","Name":null,"pyname":null,"kind":"0b08","width":"30","length":"0.011","speedclass":"8","__source_file__":"04-交通数据/1-交通路网/2-分类图层/上海市_行人道路.shp"},"geometry":{"type":"LineString","coordinates":[[121.47730092,31.26149726],[121.47737094,31.26157727]]}},{"id":"3879","type":"Feature","properties":{"gml_id":"layer_pedestrian_road_pl.122536","Name":null,"pyname":null,"kind":"0b08","width":"30","length":"0.015","speedclass":"8","__source_file__":"04-交通数据/1-交通路网/2-分类图层/上海市_行人道路.shp"},"geometry":{"type":"LineString","coordinates":[[121.47737094,31.26157727],[121.4774109,31.26165719],[121.47744078,31.26169719]]}},{"id":"3876","type":"Feature","properties":{"gml_id":"layer_pedestrian_road_pl.122533","Name":null,"pyname":null,"kind":"0b01","width":"30","length":"0.089","speedclass":"8","__source_file__":"04-交通数据/1-交通路网/2-分类图层/上海市_行人道路.shp"},"geometry":{"type":"LineString","coordinates":[[121.47644538,31.26178391],[121.47659622,31.26178436],[121.4767773,31.26172505],[121.47722046,31.26150698],[121.4772606,31.26150711],[121.47730092,31.26149726]]}},{"id":"3924","type":"Feature","properties":{"gml_id":"layer_pedestrian_road_pl.122581","Name":null,"pyname":null,"kind":"0b01","width":"30","length":"0.023","speedclass":"8","__source_file__":"04-交通数据/1-交通路网/2-分类图层/上海市_行人道路.shp"},"geometry":{"type":"LineString","coordinates":[[121.47751098,31.26175722],[121.4775513,31.26171749],[121.47758172,31.26167766],[121.47761178,31.26165782],[121.47769242,31.26163811]]}},{"id":"3971","type":"Feature","properties":{"gml_id":"layer_pedestrian_road_pl.122628","Name":null,"pyname":null,"kind":"0b14","width":"30","length":"0.019","speedclass":"8","__source_file__":"04-交通数据/1-交通路网/2-分类图层/上海市_行人道路.shp"},"geometry":{"type":"LineString","coordinates":[[121.47992892,31.25704077],[121.47990876,31.25701067],[121.47986844,31.25700054],[121.47981822,31.25699037],[121.47974784,31.25699019]]}},{"id":"3690","type":"Feature","properties":{"gml_id":"layer_pedestrian_road_pl.122347","Name":null,"pyname":null,"kind":"0b14","width":"30","length":"0.101","speedclass":"8","__source_file__":"04-交通数据/1-交通路网/2-分类图层/上海市_行人道路.shp"},"geometry":{"type":"LineString","coordinates":[[121.47997752,31.25670039],[121.48008876,31.256861],[121.48012944,31.25696126],[121.48014996,31.25705144],[121.48014078,31.25723171],[121.4801613,31.2573119],[121.48024212,31.25741229],[121.48037316,31.25750279]]}},{"id":"3818","type":"Feature","properties":{"gml_id":"layer_pedestrian_road_pl.122475","Name":null,"pyname":null,"kind":"0b14","width":"30","length":"0.108","speedclass":"8","__source_file__":"04-交通数据/1-交通路网/2-分类图层/上海市_行人道路.shp"},"geometry":{"type":"LineString","coordinates":[[121.48037316,31.25750279],[121.48058376,31.25741328],[121.48060374,31.25738327],[121.48060356,31.25735325],[121.48058322,31.25730312],[121.4805024,31.25720273],[121.48050222,31.25717267],[121.48049196,31.25714261],[121.48048188,31.2571125],[121.48046154,31.25707241],[121.48041114,31.25704221],[121.48039098,31.25701211],[121.48038036,31.2569019],[121.4803701,31.25686181],[121.48036992,31.25681172],[121.48035984,31.25679165],[121.4803296,31.2567615],[121.4802792,31.25673131]]}},{"id":"3972","type":"Feature","properties":{"gml_id":"layer_pedestrian_road_pl.122629","Name":null,"pyname":null,"kind":"0b14","width":"30","length":"0.036","speedclass":"8","__source_file__":"04-交通数据/1-交通路网/2-分类图层/上海市_行人道路.shp"},"geometry":{"type":"LineString","coordinates":[[121.48002072,31.25735154],[121.48000056,31.2573114],[121.47998022,31.25727131],[121.47994908,31.25707088],[121.47992892,31.25704077]]}},{"id":"3689","type":"Feature","properties":{"gml_id":"layer_pedestrian_road_pl.122346","Name":null,"pyname":null,"kind":"0b14","width":"30","length":"0.033","speedclass":"8","__source_file__":"04-交通数据/1-交通路网/2-分类图层/上海市_行人道路.shp"},"geometry":{"type":"LineString","coordinates":[[121.48021278,31.25760251],[121.4801523,31.25753222],[121.48005114,31.25739168],[121.48002072,31.25735154]]}},{"id":"3692","type":"Feature","properties":{"gml_id":"layer_pedestrian_road_pl.122349","Name":null,"pyname":null,"kind":"0b14","width":"30","length":"0.025","speedclass":"8","__source_file__":"04-交通数据/1-交通路网/2-分类图层/上海市_行人道路.shp"},"geometry":{"type":"LineString","coordinates":[[121.48021278,31.25760251],[121.48022268,31.25756246],[121.48026282,31.25755256],[121.48029306,31.25756268],[121.48032312,31.25757276],[121.48035336,31.25756282],[121.48037334,31.25754288],[121.48037316,31.25750279]]}},{"id":"3688","type":"Feature","properties":{"gml_id":"layer_pedestrian_road_pl.122345","Name":null,"pyname":null,"kind":"0b14","width":"30","length":"0.031","speedclass":"8","__source_file__":"04-交通数据/1-交通路网/2-分类图层/上海市_行人道路.shp"},"geometry":{"type":"LineString","coordinates":[[121.48038468,31.25784335],[121.48026336,31.25768279],[121.48021278,31.25760251]]}},{"id":"3816","type":"Feature","properties":{"gml_id":"layer_pedestrian_road_pl.122473","Name":null,"pyname":null,"kind":"0b14","width":"30","length":"0.019","speedclass":"8","__source_file__":"04-交通数据/1-交通路网/2-分类图层/上海市_行人道路.shp"},"geometry":{"type":"LineString","coordinates":[[121.48038468,31.25784335],[121.48050492,31.2577736],[121.48055514,31.25775371]]}},{"id":"3682","type":"Feature","properties":{"gml_id":"layer_pedestrian_road_pl.122339","Name":null,"pyname":null,"kind":"0b14","width":"30","length":"0.016","speedclass":"8","__source_file__":"04-交通数据/1-交通路网/2-分类图层/上海市_行人道路.shp"},"geometry":{"type":"LineString","coordinates":[[121.4805456,31.2578739],[121.48038468,31.25784335]]}},{"id":"3677","type":"Feature","properties":{"gml_id":"layer_pedestrian_road_pl.122334","Name":null,"pyname":null,"kind":"0b14","width":"30","length":"0.027","speedclass":"8","__source_file__":"04-交通数据/1-交通路网/2-分类图层/上海市_行人道路.shp"},"geometry":{"type":"LineString","coordinates":[[121.48038468,31.25784335],[121.48023456,31.25794307],[121.48016436,31.25800296]]}},{"id":"3882","type":"Feature","properties":{"gml_id":"layer_pedestrian_road_pl.122539","Name":null,"pyname":null,"kind":"0b01","width":"30","length":"0.142","speedclass":"8","__source_file__":"04-交通数据/1-交通路网/2-分类图层/上海市_行人道路.shp"},"geometry":{"type":"LineString","coordinates":[[121.47992856,31.26032834],[121.47999912,31.26028865],[121.4800596,31.26024896],[121.48013016,31.26019928],[121.48023114,31.26007989],[121.48026138,31.26004007],[121.48039278,31.25983104],[121.48077672,31.25929356]]}},{"id":"3883","type":"Feature","properties":{"gml_id":"layer_pedestrian_road_pl.122540","Name":"粤东桥","pyname":"ydq","kind":"0b08","width":"30","length":"0.004","speedclass":"8","__source_file__":"04-交通数据/1-交通路网/2-分类图层/上海市_行人道路.shp"},"geometry":{"type":"LineString","coordinates":[[121.47994854,31.26035831],[121.47992856,31.26032834]]}},{"id":"3885","type":"Feature","properties":{"gml_id":"layer_pedestrian_road_pl.122542","Name":"粤东桥","pyname":"ydq","kind":"0b08","width":"30","length":"0.022","speedclass":"8","__source_file__":"04-交通数据/1-交通路网/2-分类图层/上海市_行人道路.shp"},"geometry":{"type":"LineString","coordinates":[[121.4800083,31.26054803],[121.47994854,31.26035831]]}},{"id":"3884","type":"Feature","properties":{"gml_id":"layer_pedestrian_road_pl.122541","Name":"粤东桥","pyname":"ydq","kind":"0b08","width":"30","length":"0.003","speedclass":"8","__source_file__":"04-交通数据/1-交通路网/2-分类图层/上海市_行人道路.shp"},"geometry":{"type":"LineString","coordinates":[[121.4800182,31.26057795],[121.4800083,31.26054803]]}},{"id":"3881","type":"Feature","properties":{"gml_id":"layer_pedestrian_road_pl.122538","Name":null,"pyname":null,"kind":"0b01","width":"30","length":"0.054","speedclass":"8","__source_file__":"04-交通数据/1-交通路网/2-分类图层/上海市_行人道路.shp"},"geometry":{"type":"LineString","coordinates":[[121.4800182,31.26057795],[121.48005834,31.26057809],[121.48008858,31.26056823],[121.48011864,31.26056832],[121.48015896,31.26056841],[121.48017894,31.26057845],[121.480209,31.26060846],[121.4802792,31.26066854],[121.48041924,31.26085848]]}},{"id":"3880","type":"Feature","properties":{"gml_id":"layer_pedestrian_road_pl.122537","Name":null,"pyname":null,"kind":"0b01","width":"30","length":"0.125","speedclass":"8","__source_file__":"04-交通数据/1-交通路网/2-分类图层/上海市_行人道路.shp"},"geometry":{"type":"LineString","coordinates":[[121.47879042,31.26099312],[121.47928362,31.26080511],[121.4797968,31.26063713],[121.47987726,31.26060747],[121.47994764,31.26059771],[121.4800182,31.26057795]]}},{"id":"3925","type":"Feature","properties":{"gml_id":"layer_pedestrian_road_pl.122582","Name":null,"pyname":null,"kind":"0b01","width":"30","length":"0.004","speedclass":"8","__source_file__":"04-交通数据/1-交通路网/2-分类图层/上海市_行人道路.shp"},"geometry":{"type":"LineString","coordinates":[[121.47769242,31.26163811],[121.47773256,31.26162825]]}},{"id":"3926","type":"Feature","properties":{"gml_id":"layer_pedestrian_road_pl.122583","Name":null,"pyname":null,"kind":"0b01","width":"30","length":"0.043","speedclass":"8","__source_file__":"04-交通数据/1-交通路网/2-分类图层/上海市_行人道路.shp"},"geometry":{"type":"LineString","coordinates":[[121.47773256,31.26162825],[121.47781302,31.26161853],[121.47818472,31.26165957]]}},{"id":"6952","type":"Feature","properties":{"gml_id":"layer_pedestrian_road_pl.125912","Name":null,"pyname":null,"kind":"0b14","width":"30","length":"0.012","speedclass":"8","__source_file__":"04-交通数据/1-交通路网/2-分类图层/上海市_行人道路.shp"},"geometry":{"type":"LineString","coordinates":[[121.4803926,31.26806717],[121.48052328,31.26806757]]}},{"id":"3869","type":"Feature","properties":{"gml_id":"layer_pedestrian_road_pl.122526","Name":null,"pyname":null,"kind":"0b14","width":"30","length":"0.008","speedclass":"8","__source_file__":"04-交通数据/1-交通路网/2-分类图层/上海市_行人道路.shp"},"geometry":{"type":"LineString","coordinates":[[121.47823044,31.27035384],[121.47825006,31.27042368]]}},{"id":"3877","type":"Feature","properties":{"gml_id":"layer_pedestrian_road_pl.122534","Name":null,"pyname":null,"kind":"0b08","width":"30","length":"0.004","speedclass":"8","__source_file__":"04-交通数据/1-交通路网/2-分类图层/上海市_行人道路.shp"},"geometry":{"type":"LineString","coordinates":[[121.47744078,31.26169719],[121.47746076,31.26172716]]}},{"id":"3921","type":"Feature","properties":{"gml_id":"layer_pedestrian_road_pl.122578","Name":null,"pyname":null,"kind":"0b01","width":"30","length":"0.006","speedclass":"8","__source_file__":"04-交通数据/1-交通路网/2-分类图层/上海市_行人道路.shp"},"geometry":{"type":"LineString","coordinates":[[121.47746076,31.26172716],[121.47751098,31.26175722]]}},{"id":"3922","type":"Feature","properties":{"gml_id":"layer_pedestrian_road_pl.122579","Name":null,"pyname":null,"kind":"0b01","width":"30","length":"0.017","speedclass":"8","__source_file__":"04-交通数据/1-交通路网/2-分类图层/上海市_行人道路.shp"},"geometry":{"type":"LineString","coordinates":[[121.47751098,31.26175722],[121.4775612,31.26178733],[121.47759126,31.26180735],[121.47766146,31.26184749]]}},{"id":"3872","type":"Feature","properties":{"gml_id":"layer_pedestrian_road_pl.122529","Name":null,"pyname":null,"kind":"0b01","width":"30","length":"0.046","speedclass":"8","__source_file__":"04-交通数据/1-交通路网/2-分类图层/上海市_行人道路.shp"},"geometry":{"type":"LineString","coordinates":[[121.47578154,31.26193146],[121.47567948,31.26234011]]}},{"id":"3923","type":"Feature","properties":{"gml_id":"layer_pedestrian_road_pl.122580","Name":null,"pyname":null,"kind":"0b01","width":"30","length":"0.129","speedclass":"8","__source_file__":"04-交通数据/1-交通路网/2-分类图层/上海市_行人道路.shp"},"geometry":{"type":"LineString","coordinates":[[121.47671412,31.26252285],[121.47667398,31.26247286],[121.47665418,31.2624329],[121.4766342,31.26239294],[121.47664428,31.26236301],[121.4766747,31.26232323],[121.47670476,31.26230339],[121.47677532,31.26229362],[121.47680538,31.26227373],[121.47686586,31.26225398],[121.47697674,31.26214463],[121.47702732,31.26207492],[121.47706764,31.2620252],[121.4771886,31.26193578],[121.47732954,31.26187638],[121.47741018,31.26183674],[121.47747066,31.261797],[121.47751098,31.26175722]]}},{"id":"3873","type":"Feature","properties":{"gml_id":"layer_pedestrian_road_pl.122530","Name":null,"pyname":null,"kind":"0b08","width":"30","length":"0.004","speedclass":"8","__source_file__":"04-交通数据/1-交通路网/2-分类图层/上海市_行人道路.shp"},"geometry":{"type":"LineString","coordinates":[[121.47567948,31.26234011],[121.4756793,31.26238002]]}},{"id":"3874","type":"Feature","properties":{"gml_id":"layer_pedestrian_road_pl.122531","Name":null,"pyname":null,"kind":"0b08","width":"30","length":"0.034","speedclass":"8","__source_file__":"04-交通数据/1-交通路网/2-分类图层/上海市_行人道路.shp"},"geometry":{"type":"LineString","coordinates":[[121.4756793,31.26238002],[121.4756883,31.26268926]]}},{"id":"3875","type":"Feature","properties":{"gml_id":"layer_pedestrian_road_pl.122532","Name":null,"pyname":null,"kind":"0b08","width":"30","length":"0.004","speedclass":"8","__source_file__":"04-交通数据/1-交通路网/2-分类图层/上海市_行人道路.shp"},"geometry":{"type":"LineString","coordinates":[[121.4756883,31.26268926],[121.47568812,31.26272913]]}},{"id":"3871","type":"Feature","properties":{"gml_id":"layer_pedestrian_road_pl.122528","Name":null,"pyname":null,"kind":"0b01","width":"30","length":"0.066","speedclass":"8","__source_file__":"04-交通数据/1-交通路网/2-分类图层/上海市_行人道路.shp"},"geometry":{"type":"LineString","coordinates":[[121.47568812,31.26272913],[121.4757585,31.26272936],[121.47577848,31.26273939],[121.47572628,31.26324794]]}},{"id":"4153","type":"Feature","properties":{"gml_id":"layer_pedestrian_road_pl.122811","Name":null,"pyname":null,"kind":"0b14","width":"30","length":"0.006","speedclass":"8","__source_file__":"04-交通数据/1-交通路网/2-分类图层/上海市_行人道路.shp"},"geometry":{"type":"LineString","coordinates":[[121.47716304,31.27077941],[121.47710292,31.27075929]]}},{"id":"3870","type":"Feature","properties":{"gml_id":"layer_pedestrian_road_pl.122527","Name":null,"pyname":null,"kind":"0b14","width":"30","length":"0.030","speedclass":"8","__source_file__":"04-交通数据/1-交通路网/2-分类图层/上海市_行人道路.shp"},"geometry":{"type":"LineString","coordinates":[[121.47825006,31.27042368],[121.47829884,31.27069301]]}},{"id":"4024","type":"Feature","properties":{"gml_id":"layer_pedestrian_road_pl.122682","Name":null,"pyname":null,"kind":"0b14","width":"30","length":"0.082","speedclass":"8","__source_file__":"04-交通数据/1-交通路网/2-分类图层/上海市_行人道路.shp"},"geometry":{"type":"LineString","coordinates":[[121.47774408,31.2711201],[121.47774426,31.2710603],[121.4777547,31.2709905],[121.47776514,31.27093074],[121.47778548,31.27089092],[121.47781572,31.27085114],[121.4779266,31.27078166],[121.477977,31.27075191],[121.47805764,31.27072221],[121.47814818,31.27070255],[121.47829884,31.27069301]]}},{"id":"4147","type":"Feature","properties":{"gml_id":"layer_pedestrian_road_pl.122805","Name":null,"pyname":null,"kind":"0b14","width":"30","length":"0.132","speedclass":"8","__source_file__":"04-交通数据/1-交通路网/2-分类图层/上海市_行人道路.shp"},"geometry":{"type":"LineString","coordinates":[[121.47829884,31.27069301],[121.47847956,31.27071348],[121.47853986,31.2707336],[121.47858,31.27074372],[121.47863994,31.27078377],[121.47870006,31.27083377],[121.47872004,31.27086374],[121.47874992,31.27091369],[121.47879924,31.27108334],[121.47878862,31.27116303],[121.47905034,31.27134407],[121.47922224,31.27143537]]}},{"id":"4242","type":"Feature","properties":{"gml_id":"layer_pedestrian_road_pl.122900","Name":null,"pyname":null,"kind":"0b14","width":"30","length":"0.101","speedclass":"8","__source_file__":"04-交通数据/1-交通路网/2-分类图层/上海市_行人道路.shp"},"geometry":{"type":"LineString","coordinates":[[121.47829884,31.27069301],[121.47837624,31.27126154],[121.47838614,31.27129146],[121.4784162,31.27131149],[121.47867648,31.27147178]]}},{"id":"3868","type":"Feature","properties":{"gml_id":"layer_pedestrian_road_pl.122525","Name":null,"pyname":null,"kind":"0b01","width":"30","length":"0.015","speedclass":"8","__source_file__":"04-交通数据/1-交通路网/2-分类图层/上海市_行人道路.shp"},"geometry":{"type":"LineString","coordinates":[[121.47982902,31.27138952],[121.47991992,31.27140014],[121.47999084,31.27139064]]}},{"id":"3867","type":"Feature","properties":{"gml_id":"layer_pedestrian_road_pl.122524","Name":null,"pyname":null,"kind":"0b14","width":"30","length":"0.058","speedclass":"8","__source_file__":"04-交通数据/1-交通路网/2-分类图层/上海市_行人道路.shp"},"geometry":{"type":"LineString","coordinates":[[121.47922224,31.27143537],[121.47929316,31.2714459],[121.47931332,31.271436],[121.47940422,31.27140662],[121.47950538,31.27138727],[121.47959646,31.27137791],[121.47964686,31.27137822],[121.47982902,31.27138952]]}},{"id":"4023","type":"Feature","properties":{"gml_id":"layer_pedestrian_road_pl.122681","Name":null,"pyname":null,"kind":"0b14","width":"30","length":"0.075","speedclass":"8","__source_file__":"04-交通数据/1-交通路网/2-分类图层/上海市_行人道路.shp"},"geometry":{"type":"LineString","coordinates":[[121.478022,31.27174902],[121.47787296,31.27144946],[121.47780312,31.27132962],[121.47775362,31.27119989],[121.47774408,31.2711201]]}},{"id":"4149","type":"Feature","properties":{"gml_id":"layer_pedestrian_road_pl.122807","Name":null,"pyname":null,"kind":"0b14","width":"30","length":"0.052","speedclass":"8","__source_file__":"04-交通数据/1-交通路网/2-分类图层/上海市_行人道路.shp"},"geometry":{"type":"LineString","coordinates":[[121.47867648,31.27147178],[121.47885828,31.27143285],[121.4789391,31.2714234],[121.47922224,31.27143537]]}},{"id":"4148","type":"Feature","properties":{"gml_id":"layer_pedestrian_road_pl.122806","Name":null,"pyname":null,"kind":"0b14","width":"30","length":"0.043","speedclass":"8","__source_file__":"04-交通数据/1-交通路网/2-分类图层/上海市_行人道路.shp"},"geometry":{"type":"LineString","coordinates":[[121.47853536,31.27184118],[121.47860574,31.27161137],[121.47867648,31.27147178]]}},{"id":"4022","type":"Feature","properties":{"gml_id":"layer_pedestrian_road_pl.122680","Name":null,"pyname":null,"kind":"0b14","width":"30","length":"0.052","speedclass":"8","__source_file__":"04-交通数据/1-交通路网/2-分类图层/上海市_行人道路.shp"},"geometry":{"type":"LineString","coordinates":[[121.47853536,31.27184118],[121.4781822,31.2718392],[121.47813216,31.27182908],[121.47809202,31.27180905],[121.47805206,31.27177899],[121.478022,31.27174902]]}},{"id":"1771","type":"Feature","properties":{"gml_id":"layer_pedestrian_road_pl.120428","Name":null,"pyname":null,"kind":"0b01","width":"30","length":"0.162","speedclass":"8","__source_file__":"04-交通数据/1-交通路网/2-分类图层/上海市_行人道路.shp"},"geometry":{"type":"LineString","coordinates":[[121.48673238,31.24416047],[121.48690212,31.24394064],[121.48702164,31.24369058],[121.48701156,31.24367051],[121.4868996,31.24336973],[121.48684794,31.24307912],[121.4867871,31.24294875],[121.48671618,31.24280831]]}},{"id":"1761","type":"Feature","properties":{"gml_id":"layer_pedestrian_road_pl.120418","Name":null,"pyname":null,"kind":"0b01","width":"30","length":"0.065","speedclass":"8","__source_file__":"04-交通数据/1-交通路网/2-分类图层/上海市_行人道路.shp"},"geometry":{"type":"LineString","coordinates":[[121.48609842,31.24394829],[121.48619904,31.24397862],[121.48663158,31.24410008],[121.48673238,31.24416047]]}},{"id":"6832","type":"Feature","properties":{"gml_id":"layer_pedestrian_road_pl.125790","Name":null,"pyname":null,"kind":"0b01","width":"30","length":"0.006","speedclass":"8","__source_file__":"04-交通数据/1-交通路网/2-分类图层/上海市_行人道路.shp"},"geometry":{"type":"LineString","coordinates":[[121.48673238,31.24416047],[121.48679268,31.24418067]]}},{"id":"6829","type":"Feature","properties":{"gml_id":"layer_pedestrian_road_pl.125787","Name":null,"pyname":null,"kind":"0b01","width":"30","length":"0.051","speedclass":"8","__source_file__":"04-交通数据/1-交通路网/2-分类图层/上海市_行人道路.shp"},"geometry":{"type":"LineString","coordinates":[[121.4873154,31.24422225],[121.4872749,31.24416204],[121.48722468,31.24413185],[121.48714404,31.2441116],[121.48705386,31.24413135],[121.48699356,31.24414121],[121.48693344,31.24418108],[121.48689348,31.24424106]]}},{"id":"6833","type":"Feature","properties":{"gml_id":"layer_pedestrian_road_pl.125791","Name":null,"pyname":null,"kind":"0b01","width":"30","length":"0.012","speedclass":"8","__source_file__":"04-交通数据/1-交通路网/2-分类图层/上海市_行人道路.shp"},"geometry":{"type":"LineString","coordinates":[[121.48679268,31.24418067],[121.48689348,31.24424106]]}},{"id":"6828","type":"Feature","properties":{"gml_id":"layer_pedestrian_road_pl.125786","Name":null,"pyname":null,"kind":"0b01","width":"30","length":"0.009","speedclass":"8","__source_file__":"04-交通数据/1-交通路网/2-分类图层/上海市_行人道路.shp"},"geometry":{"type":"LineString","coordinates":[[121.4873559,31.2442925],[121.4873154,31.24422225]]}},{"id":"1941","type":"Feature","properties":{"gml_id":"layer_pedestrian_road_pl.120598","Name":null,"pyname":null,"kind":"0b01","width":"30","length":"0.033","speedclass":"8","__source_file__":"04-交通数据/1-交通路网/2-分类图层/上海市_行人道路.shp"},"geometry":{"type":"LineString","coordinates":[[121.48689348,31.24424106],[121.48689384,31.24431117],[121.48692444,31.24441143],[121.48695486,31.24445157],[121.48702524,31.24449185]]}},{"id":"6831","type":"Feature","properties":{"gml_id":"layer_pedestrian_road_pl.125789","Name":null,"pyname":null,"kind":"0b01","width":"30","length":"0.036","speedclass":"8","__source_file__":"04-交通数据/1-交通路网/2-分类图层/上海市_行人道路.shp"},"geometry":{"type":"LineString","coordinates":[[121.487166,31.24451228],[121.48725636,31.24449252],[121.48734654,31.24443267],[121.48737642,31.24438268],[121.4873559,31.2442925]]}},{"id":"6830","type":"Feature","properties":{"gml_id":"layer_pedestrian_road_pl.125788","Name":null,"pyname":null,"kind":"0b01","width":"30","length":"0.014","speedclass":"8","__source_file__":"04-交通数据/1-交通路网/2-分类图层/上海市_行人道路.shp"},"geometry":{"type":"LineString","coordinates":[[121.48702524,31.24449185],[121.48706556,31.24450197],[121.48711578,31.24451214],[121.487166,31.24451228]]}},{"id":"1942","type":"Feature","properties":{"gml_id":"layer_pedestrian_road_pl.120599","Name":null,"pyname":null,"kind":"0b01","width":"30","length":"0.011","speedclass":"8","__source_file__":"04-交通数据/1-交通路网/2-分类图层/上海市_行人道路.shp"},"geometry":{"type":"LineString","coordinates":[[121.4893719,31.24789394],[121.4894727,31.24794434]]}},{"id":"1943","type":"Feature","properties":{"gml_id":"layer_pedestrian_road_pl.120600","Name":null,"pyname":null,"kind":"0b01","width":"30","length":"0.059","speedclass":"8","__source_file__":"04-交通数据/1-交通路网/2-分类图层/上海市_行人道路.shp"},"geometry":{"type":"LineString","coordinates":[[121.4894727,31.24794434],[121.48955334,31.24799465],[121.4895834,31.24800473],[121.4900757,31.24799618]]}},{"id":"1944","type":"Feature","properties":{"gml_id":"layer_pedestrian_road_pl.120601","Name":null,"pyname":null,"kind":"0b01","width":"30","length":"0.010","speedclass":"8","__source_file__":"04-交通数据/1-交通路网/2-分类图层/上海市_行人道路.shp"},"geometry":{"type":"LineString","coordinates":[[121.4900757,31.24799618],[121.49017614,31.24798646]]}},{"id":"1773","type":"Feature","properties":{"gml_id":"layer_pedestrian_road_pl.120430","Name":null,"pyname":null,"kind":"0b01","width":"30","length":"0.071","speedclass":"8","__source_file__":"04-交通数据/1-交通路网/2-分类图层/上海市_行人道路.shp"},"geometry":{"type":"LineString","coordinates":[[121.48208226,31.25113785],[121.4828253,31.25104988]]}},{"id":"3970","type":"Feature","properties":{"gml_id":"layer_pedestrian_road_pl.122627","Name":null,"pyname":null,"kind":"0b14","width":"30","length":"0.028","speedclass":"8","__source_file__":"04-交通数据/1-交通路网/2-分类图层/上海市_行人道路.shp"},"geometry":{"type":"LineString","coordinates":[[121.48056702,31.25598098],[121.48062732,31.25596113],[121.48073766,31.2559214],[121.4807877,31.25588148],[121.48081776,31.25586155]]}},{"id":"3933","type":"Feature","properties":{"gml_id":"layer_pedestrian_road_pl.122590","Name":null,"pyname":null,"kind":"0b14","width":"30","length":"0.093","speedclass":"8","__source_file__":"04-交通数据/1-交通路网/2-分类图层/上海市_行人道路.shp"},"geometry":{"type":"LineString","coordinates":[[121.48056702,31.25598098],[121.48060806,31.25613137],[121.48063848,31.25622159],[121.48067898,31.25627177],[121.48076952,31.25629206],[121.48082982,31.25631227],[121.48087014,31.25633243],[121.48095078,31.25639277],[121.48102134,31.25645303],[121.48115274,31.25659365]]}},{"id":"3932","type":"Feature","properties":{"gml_id":"layer_pedestrian_road_pl.122589","Name":null,"pyname":null,"kind":"0b14","width":"30","length":"0.028","speedclass":"8","__source_file__":"04-交通数据/1-交通路网/2-分类图层/上海市_行人道路.shp"},"geometry":{"type":"LineString","coordinates":[[121.48115274,31.25659365],[121.48122294,31.25658384],[121.48129314,31.25655401],[121.4814033,31.25647418]]}},{"id":"3684","type":"Feature","properties":{"gml_id":"layer_pedestrian_road_pl.122341","Name":null,"pyname":null,"kind":"0b14","width":"30","length":"0.050","speedclass":"8","__source_file__":"04-交通数据/1-交通路网/2-分类图层/上海市_行人道路.shp"},"geometry":{"type":"LineString","coordinates":[[121.4806302,31.25661215],[121.4808714,31.25662286],[121.48104222,31.25661336],[121.48115274,31.25659365]]}},{"id":"3820","type":"Feature","properties":{"gml_id":"layer_pedestrian_road_pl.122477","Name":null,"pyname":null,"kind":"0b14","width":"30","length":"0.020","speedclass":"8","__source_file__":"04-交通数据/1-交通路网/2-分类图层/上海市_行人道路.shp"},"geometry":{"type":"LineString","coordinates":[[121.4806302,31.25661215],[121.48063092,31.25674238],[121.48064118,31.25679246]]}},{"id":"3969","type":"Feature","properties":{"gml_id":"layer_pedestrian_road_pl.122626","Name":null,"pyname":null,"kind":"0b14","width":"30","length":"0.037","speedclass":"8","__source_file__":"04-交通数据/1-交通路网/2-分类图层/上海市_行人道路.shp"},"geometry":{"type":"LineString","coordinates":[[121.48115274,31.25659365],[121.48117398,31.25684412],[121.48117434,31.25692422]]}},{"id":"3891","type":"Feature","properties":{"gml_id":"layer_pedestrian_road_pl.122548","Name":null,"pyname":null,"kind":"0b01","width":"30","length":"0.147","speedclass":"8","__source_file__":"04-交通数据/1-交通路网/2-分类图层/上海市_行人道路.shp"},"geometry":{"type":"LineString","coordinates":[[121.48273908,31.2563579],[121.48278948,31.25637806],[121.48281972,31.25638818],[121.48284996,31.25641829],[121.48287012,31.2564384],[121.48318422,31.25702021],[121.48342776,31.25753172]]}},{"id":"3968","type":"Feature","properties":{"gml_id":"layer_pedestrian_road_pl.122625","Name":null,"pyname":null,"kind":"0b14","width":"30","length":"0.115","speedclass":"8","__source_file__":"04-交通数据/1-交通路网/2-分类图层/上海市_行人道路.shp"},"geometry":{"type":"LineString","coordinates":[[121.48115274,31.25659365],[121.48140456,31.25674463],[121.48155576,31.2568452],[121.48159608,31.25688539],[121.48159626,31.25692544],[121.48158672,31.25701557],[121.4815374,31.25722577],[121.48150824,31.25743601]]}},{"id":"3889","type":"Feature","properties":{"gml_id":"layer_pedestrian_road_pl.122546","Name":null,"pyname":null,"kind":"0b01","width":"30","length":"0.212","speedclass":"8","__source_file__":"04-交通数据/1-交通路网/2-分类图层/上海市_行人道路.shp"},"geometry":{"type":"LineString","coordinates":[[121.48327908,31.25799198],[121.4831169,31.25767104],[121.48237692,31.25623667]]}},{"id":"6678","type":"Feature","properties":{"gml_id":"layer_pedestrian_road_pl.125582","Name":null,"pyname":null,"kind":"0b14","width":"30","length":"0.050","speedclass":"8","__source_file__":"04-交通数据/1-交通路网/2-分类图层/上海市_行人道路.shp"},"geometry":{"type":"LineString","coordinates":[[121.49396622,31.24266921],[121.4939844,31.24221854]]}},{"id":"6689","type":"Feature","properties":{"gml_id":"layer_pedestrian_road_pl.125593","Name":null,"pyname":null,"kind":"0b14","width":"30","length":"0.030","speedclass":"8","__source_file__":"04-交通数据/1-交通路网/2-分类图层/上海市_行人道路.shp"},"geometry":{"type":"LineString","coordinates":[[121.49663724,31.24308767],[121.49664696,31.24300757],[121.49669718,31.24294763],[121.49676756,31.24292778],[121.49682804,31.24291793]]}},{"id":"6688","type":"Feature","properties":{"gml_id":"layer_pedestrian_road_pl.125592","Name":null,"pyname":null,"kind":"0b14","width":"30","length":"0.014","speedclass":"8","__source_file__":"04-交通数据/1-交通路网/2-分类图层/上海市_行人道路.shp"},"geometry":{"type":"LineString","coordinates":[[121.49663724,31.24308767],[121.49674848,31.24317812]]}},{"id":"6687","type":"Feature","properties":{"gml_id":"layer_pedestrian_road_pl.125591","Name":null,"pyname":null,"kind":"0b14","width":"30","length":"0.034","speedclass":"8","__source_file__":"04-交通数据/1-交通路网/2-分类图层/上海市_行人道路.shp"},"geometry":{"type":"LineString","coordinates":[[121.49632566,31.24320692],[121.49647614,31.24309721],[121.49655678,31.2430874],[121.49663724,31.24308767]]}},{"id":"6686","type":"Feature","properties":{"gml_id":"layer_pedestrian_road_pl.125590","Name":null,"pyname":null,"kind":"0b14","width":"30","length":"0.041","speedclass":"8","__source_file__":"04-交通数据/1-交通路网/2-分类图层/上海市_行人道路.shp"},"geometry":{"type":"LineString","coordinates":[[121.49670888,31.24330821],[121.49651772,31.24338777],[121.49644716,31.24335753],[121.49631594,31.24330704]]}},{"id":"8488","type":"Feature","properties":{"gml_id":"layer_pedestrian_road_pl.127491","Name":"东余杭路","pyname":"dyhl","kind":"0b01","width":"30","length":"0.127","speedclass":"8","__source_file__":"04-交通数据/1-交通路网/2-分类图层/上海市_行人道路.shp"},"geometry":{"type":"LineString","coordinates":[[121.49170254,31.25437083],[121.49196462,31.25453184],[121.4922168,31.25469281],[121.4926209,31.25496443],[121.49277246,31.25507504]]}},{"id":"3821","type":"Feature","properties":{"gml_id":"layer_pedestrian_road_pl.122478","Name":null,"pyname":null,"kind":"0b14","width":"30","length":"0.104","speedclass":"8","__source_file__":"04-交通数据/1-交通路网/2-分类图层/上海市_行人道路.shp"},"geometry":{"type":"LineString","coordinates":[[121.48064118,31.25679246],[121.48074198,31.25686289],[121.48077222,31.256883],[121.48081254,31.25692319],[121.48084296,31.25699339],[121.48076394,31.25729363],[121.4807643,31.25734371],[121.48080462,31.25737386],[121.480875,31.2574041],[121.4810964,31.25746485]]}},{"id":"3685","type":"Feature","properties":{"gml_id":"layer_pedestrian_road_pl.122342","Name":null,"pyname":null,"kind":"0b14","width":"30","length":"0.061","speedclass":"8","__source_file__":"04-交通数据/1-交通路网/2-分类图层/上海市_行人道路.shp"},"geometry":{"type":"LineString","coordinates":[[121.48117434,31.25692422],[121.4811153,31.25719449],[121.4811162,31.2573848],[121.4810964,31.25746485]]}},{"id":"3967","type":"Feature","properties":{"gml_id":"layer_pedestrian_road_pl.122624","Name":null,"pyname":null,"kind":"0b14","width":"30","length":"0.021","speedclass":"8","__source_file__":"04-交通数据/1-交通路网/2-分类图层/上海市_行人道路.shp"},"geometry":{"type":"LineString","coordinates":[[121.48170876,31.25735645],[121.48150824,31.25743601]]}},{"id":"3892","type":"Feature","properties":{"gml_id":"layer_pedestrian_road_pl.122549","Name":null,"pyname":null,"kind":"0b01","width":"30","length":"0.012","speedclass":"8","__source_file__":"04-交通数据/1-交通路网/2-分类图层/上海市_行人道路.shp"},"geometry":{"type":"LineString","coordinates":[[121.48342776,31.25753172],[121.48352784,31.25746188]]}},{"id":"3900","type":"Feature","properties":{"gml_id":"layer_pedestrian_road_pl.122557","Name":"嘉兴路桥","pyname":"jxlq","kind":"0b08","width":"30","length":"0.003","speedclass":"8","__source_file__":"04-交通数据/1-交通路网/2-分类图层/上海市_行人道路.shp"},"geometry":{"type":"LineString","coordinates":[[121.48342776,31.25753172],[121.48343802,31.25756178]]}},{"id":"3691","type":"Feature","properties":{"gml_id":"layer_pedestrian_road_pl.122348","Name":null,"pyname":null,"kind":"0b14","width":"30","length":"0.035","speedclass":"8","__source_file__":"04-交通数据/1-交通路网/2-分类图层/上海市_行人道路.shp"},"geometry":{"type":"LineString","coordinates":[[121.48037316,31.25750279],[121.48062534,31.25773391]]}},{"id":"3686","type":"Feature","properties":{"gml_id":"layer_pedestrian_road_pl.122343","Name":null,"pyname":null,"kind":"0b14","width":"30","length":"0.038","speedclass":"8","__source_file__":"04-交通数据/1-交通路网/2-分类图层/上海市_行人道路.shp"},"geometry":{"type":"LineString","coordinates":[[121.4810964,31.25746485],[121.4810667,31.25757492],[121.48095726,31.25778494]]}},{"id":"3679","type":"Feature","properties":{"gml_id":"layer_pedestrian_road_pl.122336","Name":null,"pyname":null,"kind":"0b14","width":"30","length":"0.062","speedclass":"8","__source_file__":"04-交通数据/1-交通路网/2-分类图层/上海市_行人道路.shp"},"geometry":{"type":"LineString","coordinates":[[121.48150824,31.25743601],[121.48140798,31.25747579],[121.48134786,31.25751566],[121.48116804,31.25774547],[121.48107804,31.25784537]]}},{"id":"3817","type":"Feature","properties":{"gml_id":"layer_pedestrian_road_pl.122474","Name":null,"pyname":null,"kind":"0b14","width":"30","length":"0.007","speedclass":"8","__source_file__":"04-交通数据/1-交通路网/2-分类图层/上海市_行人道路.shp"},"geometry":{"type":"LineString","coordinates":[[121.48055514,31.25775371],[121.48062534,31.25773391]]}},{"id":"3678","type":"Feature","properties":{"gml_id":"layer_pedestrian_road_pl.122335","Name":null,"pyname":null,"kind":"0b14","width":"30","length":"0.032","speedclass":"8","__source_file__":"04-交通数据/1-交通路网/2-分类图层/上海市_行人道路.shp"},"geometry":{"type":"LineString","coordinates":[[121.48062534,31.25773391],[121.48073604,31.25774421],[121.48095726,31.25778494]]}},{"id":"3901","type":"Feature","properties":{"gml_id":"layer_pedestrian_road_pl.122558","Name":"嘉兴路桥","pyname":"jxlq","kind":"0b08","width":"30","length":"0.053","speedclass":"8","__source_file__":"04-交通数据/1-交通路网/2-分类图层/上海市_行人道路.shp"},"geometry":{"type":"LineString","coordinates":[[121.48343802,31.25756178],[121.48365096,31.2580031]]}},{"id":"3680","type":"Feature","properties":{"gml_id":"layer_pedestrian_road_pl.122337","Name":null,"pyname":null,"kind":"0b14","width":"30","length":"0.013","speedclass":"8","__source_file__":"04-交通数据/1-交通路网/2-分类图层/上海市_行人道路.shp"},"geometry":{"type":"LineString","coordinates":[[121.48095726,31.25778494],[121.48107804,31.25784537]]}},{"id":"3683","type":"Feature","properties":{"gml_id":"layer_pedestrian_road_pl.122340","Name":null,"pyname":null,"kind":"0b14","width":"30","length":"0.054","speedclass":"8","__source_file__":"04-交通数据/1-交通路网/2-分类图层/上海市_行人道路.shp"},"geometry":{"type":"LineString","coordinates":[[121.4805456,31.2578739],[121.4806158,31.25785406],[121.4806662,31.25785419],[121.48070634,31.25786432],[121.48076682,31.25790459],[121.48078698,31.2579347],[121.48081722,31.25794478],[121.48084746,31.25794487],[121.48086744,31.25793492],[121.48088742,31.25790491],[121.48095726,31.25778494]]}},{"id":"3894","type":"Feature","properties":{"gml_id":"layer_pedestrian_road_pl.122551","Name":null,"pyname":null,"kind":"0b01","width":"30","length":"0.035","speedclass":"8","__source_file__":"04-交通数据/1-交通路网/2-分类图层/上海市_行人道路.shp"},"geometry":{"type":"LineString","coordinates":[[121.48374024,31.25773292],[121.4836911,31.25797317],[121.4836713,31.25804324]]}},{"id":"3681","type":"Feature","properties":{"gml_id":"layer_pedestrian_road_pl.122338","Name":null,"pyname":null,"kind":"0b14","width":"30","length":"0.066","speedclass":"8","__source_file__":"04-交通数据/1-交通路网/2-分类图层/上海市_行人道路.shp"},"geometry":{"type":"LineString","coordinates":[[121.48107804,31.25784537],[121.48099812,31.25793528],[121.48090812,31.25802519],[121.48087806,31.25804513],[121.48082766,31.25803496],[121.4807067,31.25794446],[121.4805456,31.2578739]]}},{"id":"3896","type":"Feature","properties":{"gml_id":"layer_pedestrian_road_pl.122553","Name":"嘉兴路桥","pyname":"jxlq","kind":"0b08","width":"30","length":"0.005","speedclass":"8","__source_file__":"04-交通数据/1-交通路网/2-分类图层/上海市_行人道路.shp"},"geometry":{"type":"LineString","coordinates":[[121.48329942,31.25803212],[121.48327908,31.25799198]]}},{"id":"3899","type":"Feature","properties":{"gml_id":"layer_pedestrian_road_pl.122556","Name":"嘉兴路桥","pyname":"jxlq","kind":"0b08","width":"30","length":"0.005","speedclass":"8","__source_file__":"04-交通数据/1-交通路网/2-分类图层/上海市_行人道路.shp"},"geometry":{"type":"LineString","coordinates":[[121.48365096,31.2580031],[121.4836713,31.25804324]]}},{"id":"3890","type":"Feature","properties":{"gml_id":"layer_pedestrian_road_pl.122547","Name":null,"pyname":null,"kind":"0b01","width":"30","length":"0.043","speedclass":"8","__source_file__":"04-交通数据/1-交通路网/2-分类图层/上海市_行人道路.shp"},"geometry":{"type":"LineString","coordinates":[[121.48327908,31.25799198],[121.48319052,31.25837232]]}},{"id":"3898","type":"Feature","properties":{"gml_id":"layer_pedestrian_road_pl.122555","Name":"嘉兴路桥","pyname":"jxlq","kind":"0b08","width":"30","length":"0.062","speedclass":"8","__source_file__":"04-交通数据/1-交通路网/2-分类图层/上海市_行人道路.shp"},"geometry":{"type":"LineString","coordinates":[[121.48356294,31.25854368],[121.48329942,31.25803212]]}},{"id":"3897","type":"Feature","properties":{"gml_id":"layer_pedestrian_road_pl.122554","Name":"嘉兴路桥","pyname":"jxlq","kind":"0b08","width":"30","length":"0.005","speedclass":"8","__source_file__":"04-交通数据/1-交通路网/2-分类图层/上海市_行人道路.shp"},"geometry":{"type":"LineString","coordinates":[[121.4835732,31.25858378],[121.48356294,31.25854368]]}},{"id":"3893","type":"Feature","properties":{"gml_id":"layer_pedestrian_road_pl.122550","Name":null,"pyname":null,"kind":"0b01","width":"30","length":"0.148","speedclass":"8","__source_file__":"04-交通数据/1-交通路网/2-分类图层/上海市_行人道路.shp"},"geometry":{"type":"LineString","coordinates":[[121.4836713,31.25804324],[121.48380324,31.25832404],[121.48417494,31.25905466],[121.4841951,31.25908463],[121.48421508,31.25909466],[121.48428528,31.25914475],[121.48438554,31.25920491]]}},{"id":"3895","type":"Feature","properties":{"gml_id":"layer_pedestrian_road_pl.122552","Name":null,"pyname":null,"kind":"0b01","width":"30","length":"0.084","speedclass":"8","__source_file__":"04-交通数据/1-交通路网/2-分类图层/上海市_行人道路.shp"},"geometry":{"type":"LineString","coordinates":[[121.4840034,31.25923367],[121.48393338,31.25918358],[121.48389324,31.25916351],[121.4838531,31.25912351],[121.4835732,31.25858378]]}},{"id":"3929","type":"Feature","properties":{"gml_id":"layer_pedestrian_road_pl.122586","Name":null,"pyname":null,"kind":"0b01","width":"30","length":"0.019","speedclass":"8","__source_file__":"04-交通数据/1-交通路网/2-分类图层/上海市_行人道路.shp"},"geometry":{"type":"LineString","coordinates":[[121.48095672,31.25956343],[121.4811279,31.25947419]]}},{"id":"3974","type":"Feature","properties":{"gml_id":"layer_pedestrian_road_pl.122631","Name":null,"pyname":null,"kind":"0b14","width":"30","length":"0.253","speedclass":"8","__source_file__":"04-交通数据/1-交通路网/2-分类图层/上海市_行人道路.shp"},"geometry":{"type":"LineString","coordinates":[[121.4811279,31.25947419],[121.48136964,31.2593652],[121.4814501,31.25932556],[121.4815104,31.25932574],[121.48159068,31.25936592],[121.48163082,31.25940593],[121.48168068,31.25950583],[121.48175052,31.25960577],[121.4818308,31.25967584],[121.48187076,31.25973582],[121.48189056,31.25979572],[121.48190028,31.25991546],[121.4819199,31.26002522],[121.48196994,31.26008525],[121.48205022,31.26012539],[121.48218072,31.26014573],[121.48238178,31.26014636],[121.48264332,31.26009726],[121.48278408,31.26009771],[121.48292466,31.26014802],[121.48309512,31.26025827]]}},{"id":"3928","type":"Feature","properties":{"gml_id":"layer_pedestrian_road_pl.122585","Name":null,"pyname":null,"kind":"0b14","width":"30","length":"0.004","speedclass":"8","__source_file__":"04-交通数据/1-交通路网/2-分类图层/上海市_行人道路.shp"},"geometry":{"type":"LineString","coordinates":[[121.48309512,31.26025827],[121.483125,31.26028829]]}},{"id":"3927","type":"Feature","properties":{"gml_id":"layer_pedestrian_road_pl.122584","Name":null,"pyname":null,"kind":"0b01","width":"30","length":"0.024","speedclass":"8","__source_file__":"04-交通数据/1-交通路网/2-分类图层/上海市_行人道路.shp"},"geometry":{"type":"LineString","coordinates":[[121.483125,31.26028829],[121.48318512,31.26035826],[121.48326504,31.26046824]]}},{"id":"6956","type":"Feature","properties":{"gml_id":"layer_pedestrian_road_pl.125916","Name":null,"pyname":null,"kind":"0b14","width":"30","length":"0.017","speedclass":"8","__source_file__":"04-交通数据/1-交通路网/2-分类图层/上海市_行人道路.shp"},"geometry":{"type":"LineString","coordinates":[[121.4828163,31.26800574],[121.48299828,31.26799697]]}},{"id":"6955","type":"Feature","properties":{"gml_id":"layer_pedestrian_road_pl.125915","Name":null,"pyname":null,"kind":"0b14","width":"30","length":"0.217","speedclass":"8","__source_file__":"04-交通数据/1-交通路网/2-分类图层/上海市_行人道路.shp"},"geometry":{"type":"LineString","coordinates":[[121.48052328,31.26806757],[121.4828163,31.26800574]]}},{"id":"6954","type":"Feature","properties":{"gml_id":"layer_pedestrian_road_pl.125914","Name":null,"pyname":null,"kind":"0b14","width":"30","length":"0.012","speedclass":"8","__source_file__":"04-交通数据/1-交通路网/2-分类图层/上海市_行人道路.shp"},"geometry":{"type":"LineString","coordinates":[[121.48276608,31.26821567],[121.48289766,31.26821657]]}},{"id":"6953","type":"Feature","properties":{"gml_id":"layer_pedestrian_road_pl.125913","Name":null,"pyname":null,"kind":"0b14","width":"30","length":"0.210","speedclass":"8","__source_file__":"04-交通数据/1-交通路网/2-分类图层/上海市_行人道路.shp"},"geometry":{"type":"LineString","coordinates":[[121.48054218,31.26827696],[121.48276608,31.26821567]]}},{"id":"4152","type":"Feature","properties":{"gml_id":"layer_pedestrian_road_pl.122810","Name":null,"pyname":null,"kind":"0b14","width":"30","length":"0.069","speedclass":"8","__source_file__":"04-交通数据/1-交通路网/2-分类图层/上海市_行人道路.shp"},"geometry":{"type":"LineString","coordinates":[[121.47774408,31.2711201],[121.47765426,31.27100018],[121.47758424,31.27094015],[121.47750414,31.27089006],[121.47716304,31.27077941]]}},{"id":"3669","type":"Feature","properties":{"gml_id":"layer_pedestrian_road_pl.122326","Name":null,"pyname":null,"kind":"0b01","width":"30","length":"0.184","speedclass":"8","__source_file__":"04-交通数据/1-交通路网/2-分类图层/上海市_行人道路.shp"},"geometry":{"type":"LineString","coordinates":[[121.47651882,31.27100684],[121.47684714,31.27163589],[121.47698718,31.27172603],[121.47702732,31.27176603],[121.477077,31.2718559],[121.4771067,31.27193573],[121.47711588,31.2720953],[121.47710544,31.27217499],[121.4770338,31.27241408],[121.4770032,31.27250372]]}},{"id":"4182","type":"Feature","properties":{"gml_id":"layer_pedestrian_road_pl.122840","Name":null,"pyname":null,"kind":"0b08|0b14","width":"30","length":"0.027","speedclass":"8","__source_file__":"04-交通数据/1-交通路网/2-分类图层/上海市_行人道路.shp"},"geometry":{"type":"LineString","coordinates":[[121.47852564,31.27208144],[121.47853536,31.27184118]]}},{"id":"4020","type":"Feature","properties":{"gml_id":"layer_pedestrian_road_pl.122678","Name":null,"pyname":null,"kind":"0b14","width":"30","length":"0.063","speedclass":"8","__source_file__":"04-交通数据/1-交通路网/2-分类图层/上海市_行人道路.shp"},"geometry":{"type":"LineString","coordinates":[[121.47908184,31.27210529],[121.47894,31.2719441],[121.47877818,31.27186287],[121.47853536,31.27184118]]}},{"id":"4177","type":"Feature","properties":{"gml_id":"layer_pedestrian_road_pl.122835","Name":null,"pyname":null,"kind":"0b14","width":"30","length":"0.069","speedclass":"8","__source_file__":"04-交通数据/1-交通路网/2-分类图层/上海市_行人道路.shp"},"geometry":{"type":"LineString","coordinates":[[121.478022,31.27174902],[121.47795126,31.27181859],[121.477941,31.2718784],[121.47795072,31.27192826],[121.47796962,31.27213769],[121.47794964,31.27224767],[121.47792948,31.27230761],[121.47789924,31.27232741]]}},{"id":"4021","type":"Feature","properties":{"gml_id":"layer_pedestrian_road_pl.122679","Name":null,"pyname":null,"kind":"0b14","width":"30","length":"0.057","speedclass":"8","__source_file__":"04-交通数据/1-交通路网/2-分类图层/上海市_行人道路.shp"},"geometry":{"type":"LineString","coordinates":[[121.47946668,31.27235828],[121.47942582,31.27217774],[121.47940548,31.27212756],[121.4793549,31.27210718],[121.47908184,31.27210529]]}},{"id":"4181","type":"Feature","properties":{"gml_id":"layer_pedestrian_road_pl.122839","Name":null,"pyname":null,"kind":"0b14","width":"30","length":"0.048","speedclass":"8","__source_file__":"04-交通数据/1-交通路网/2-分类图层/上海市_行人道路.shp"},"geometry":{"type":"LineString","coordinates":[[121.47851628,31.27251191],[121.47852564,31.27208144]]}},{"id":"4178","type":"Feature","properties":{"gml_id":"layer_pedestrian_road_pl.122836","Name":null,"pyname":null,"kind":"0b08|0b14","width":"30","length":"0.020","speedclass":"8","__source_file__":"04-交通数据/1-交通路网/2-分类图层/上海市_行人道路.shp"},"geometry":{"type":"LineString","coordinates":[[121.47789924,31.27232741],[121.47768738,31.27231629]]}},{"id":"4019","type":"Feature","properties":{"gml_id":"layer_pedestrian_road_pl.122677","Name":null,"pyname":null,"kind":"0b14","width":"30","length":"0.057","speedclass":"8","__source_file__":"04-交通数据/1-交通路网/2-分类图层/上海市_行人道路.shp"},"geometry":{"type":"LineString","coordinates":[[121.47924456,31.27259705],[121.47916302,31.27224605],[121.47912252,31.27217567],[121.47908184,31.27210529]]}},{"id":"4018","type":"Feature","properties":{"gml_id":"layer_pedestrian_road_pl.122676","Name":null,"pyname":null,"kind":"0b14","width":"30","length":"0.036","speedclass":"8","__source_file__":"04-交通数据/1-交通路网/2-分类图层/上海市_行人道路.shp"},"geometry":{"type":"LineString","coordinates":[[121.47924456,31.27259705],[121.47944652,31.27245827],[121.47946668,31.27241835],[121.47946668,31.27235828]]}},{"id":"4179","type":"Feature","properties":{"gml_id":"layer_pedestrian_road_pl.122837","Name":null,"pyname":null,"kind":"0b14","width":"30","length":"0.031","speedclass":"8","__source_file__":"04-交通数据/1-交通路网/2-分类图层/上海市_行人道路.shp"},"geometry":{"type":"LineString","coordinates":[[121.47851628,31.27251191],[121.47883992,31.2725642]]}},{"id":"4180","type":"Feature","properties":{"gml_id":"layer_pedestrian_road_pl.122838","Name":null,"pyname":null,"kind":"0b08|0b14","width":"30","length":"0.038","speedclass":"8","__source_file__":"04-交通数据/1-交通路网/2-分类图层/上海市_行人道路.shp"},"geometry":{"type":"LineString","coordinates":[[121.47883992,31.2725642],[121.47899166,31.27259529],[121.47913332,31.27259628],[121.47924456,31.27259705]]}},{"id":"6951","type":"Feature","properties":{"gml_id":"layer_pedestrian_road_pl.125911","Name":null,"pyname":null,"kind":"0b14","width":"30","length":"0.011","speedclass":"8","__source_file__":"04-交通数据/1-交通路网/2-分类图层/上海市_行人道路.shp"},"geometry":{"type":"LineString","coordinates":[[121.48043166,31.26828663],[121.48054218,31.26827696]]}},{"id":"3733","type":"Feature","properties":{"gml_id":"layer_pedestrian_road_pl.122390","Name":null,"pyname":null,"kind":"0b14","width":"30","length":"0.209","speedclass":"8","__source_file__":"04-交通数据/1-交通路网/2-分类图层/上海市_行人道路.shp"},"geometry":{"type":"LineString","coordinates":[[121.4809587,31.27558275],[121.4809281,31.27546238],[121.48071426,31.27462983],[121.48068366,31.2744794],[121.4806329,31.27437891],[121.48050132,31.27424787],[121.48016724,31.27401527],[121.48009632,31.27391465]]}},{"id":"3756","type":"Feature","properties":{"gml_id":"layer_pedestrian_road_pl.122413","Name":null,"pyname":null,"kind":"0b14","width":"30","length":"0.006","speedclass":"8","__source_file__":"04-交通数据/1-交通路网/2-分类图层/上海市_行人道路.shp"},"geometry":{"type":"LineString","coordinates":[[121.4809587,31.27558275],[121.48101328295725,31.27558311892536]]}},{"id":"3732","type":"Feature","properties":{"gml_id":"layer_pedestrian_road_pl.122389","Name":null,"pyname":null,"kind":"0b14","width":"30","length":"0.044","speedclass":"8","__source_file__":"04-交通数据/1-交通路网/2-分类图层/上海市_行人道路.shp"},"geometry":{"type":"LineString","coordinates":[[121.48096208921433,31.275606340007716],[121.4809587,31.27558275]]}},{"id":"3670","type":"Feature","properties":{"gml_id":"layer_pedestrian_road_pl.122327","Name":null,"pyname":null,"kind":"0b14","width":"30","length":"0.012","speedclass":"8","__source_file__":"04-交通数据/1-交通路网/2-分类图层/上海市_行人道路.shp"},"geometry":{"type":"LineString","coordinates":[[121.47924456,31.27259705],[121.47936588,31.27257788]]}},{"id":"4016","type":"Feature","properties":{"gml_id":"layer_pedestrian_road_pl.122674","Name":null,"pyname":null,"kind":"0b14","width":"30","length":"0.050","speedclass":"8","__source_file__":"04-交通数据/1-交通路网/2-分类图层/上海市_行人道路.shp"},"geometry":{"type":"LineString","coordinates":[[121.47847668,31.27296222],[121.47851664,31.27271216],[121.47851646,31.27263206],[121.47851628,31.27251191]]}},{"id":"3671","type":"Feature","properties":{"gml_id":"layer_pedestrian_road_pl.122328","Name":null,"pyname":null,"kind":"0b14","width":"30","length":"0.110","speedclass":"8","__source_file__":"04-交通数据/1-交通路网/2-分类图层/上海市_行人道路.shp"},"geometry":{"type":"LineString","coordinates":[[121.47936588,31.27257788],[121.47950736,31.27252878],[121.47955794,31.27250907],[121.47967926,31.27250993],[121.47981066,31.27252086],[121.47990174,31.27256154],[121.47996258,31.272602],[121.48018578,31.27301406]]}},{"id":"3673","type":"Feature","properties":{"gml_id":"layer_pedestrian_road_pl.122330","Name":null,"pyname":null,"kind":"0b14","width":"30","length":"0.053","speedclass":"8","__source_file__":"04-交通数据/1-交通路网/2-分类图层/上海市_行人道路.shp"},"geometry":{"type":"LineString","coordinates":[[121.47936588,31.27257788],[121.47940656,31.27267827],[121.47942672,31.27270847],[121.47947748,31.27274883],[121.47957864,31.27279959],[121.4795988,31.27282979],[121.47960906,31.27285989],[121.47963948,31.27297023]]}},{"id":"4017","type":"Feature","properties":{"gml_id":"layer_pedestrian_road_pl.122675","Name":null,"pyname":null,"kind":"0b14","width":"30","length":"0.041","speedclass":"8","__source_file__":"04-交通数据/1-交通路网/2-分类图层/上海市_行人道路.shp"},"geometry":{"type":"LineString","coordinates":[[121.47933618,31.27295813],[121.4792955,31.27281768],[121.47924456,31.27259705]]}},{"id":"3727","type":"Feature","properties":{"gml_id":"layer_pedestrian_road_pl.122384","Name":null,"pyname":null,"kind":"0b14","width":"30","length":"0.021","speedclass":"8","__source_file__":"04-交通数据/1-交通路网/2-分类图层/上海市_行人道路.shp"},"geometry":{"type":"LineString","coordinates":[[121.47963948,31.27297023],[121.47984162,31.27289153]]}},{"id":"3728","type":"Feature","properties":{"gml_id":"layer_pedestrian_road_pl.122385","Name":null,"pyname":null,"kind":"0b14","width":"30","length":"0.036","speedclass":"8","__source_file__":"04-交通数据/1-交通路网/2-分类图层/上海市_行人道路.shp"},"geometry":{"type":"LineString","coordinates":[[121.47984162,31.27289153],[121.47990228,31.27288194],[121.47995286,31.27289229],[121.48018578,31.27301406]]}},{"id":"3672","type":"Feature","properties":{"gml_id":"layer_pedestrian_road_pl.122329","Name":null,"pyname":null,"kind":"0b14","width":"30","length":"0.030","speedclass":"8","__source_file__":"04-交通数据/1-交通路网/2-分类图层/上海市_行人道路.shp"},"geometry":{"type":"LineString","coordinates":[[121.47933618,31.27295813],[121.47944742,31.27296893],[121.47947784,31.27297914],[121.47951834,31.27298945],[121.47955866,31.27299975],[121.47958908,31.27298994],[121.47963948,31.27297023]]}},{"id":"4155","type":"Feature","properties":{"gml_id":"layer_pedestrian_road_pl.122813","Name":null,"pyname":null,"kind":"0b01","width":"30","length":"0.004","speedclass":"8","__source_file__":"04-交通数据/1-交通路网/2-分类图层/上海市_行人道路.shp"},"geometry":{"type":"LineString","coordinates":[[121.48030692,31.27298486],[121.48034742,31.27297514]]}},{"id":"4154","type":"Feature","properties":{"gml_id":"layer_pedestrian_road_pl.122812","Name":null,"pyname":null,"kind":"0b14","width":"30","length":"0.012","speedclass":"8","__source_file__":"04-交通数据/1-交通路网/2-分类图层/上海市_行人道路.shp"},"geometry":{"type":"LineString","coordinates":[[121.48018578,31.27301406],[121.48030692,31.27298486]]}},{"id":"3729","type":"Feature","properties":{"gml_id":"layer_pedestrian_road_pl.122386","Name":null,"pyname":null,"kind":"0b14","width":"30","length":"0.045","speedclass":"8","__source_file__":"04-交通数据/1-交通路网/2-分类图层/上海市_行人道路.shp"},"geometry":{"type":"LineString","coordinates":[[121.47984162,31.27289153],[121.47989292,31.27329243]]}},{"id":"4015","type":"Feature","properties":{"gml_id":"layer_pedestrian_road_pl.122673","Name":null,"pyname":null,"kind":"0b14","width":"30","length":"0.042","speedclass":"8","__source_file__":"04-交通数据/1-交通路网/2-分类图层/上海市_行人道路.shp"},"geometry":{"type":"LineString","coordinates":[[121.47989292,31.27329243],[121.48000398,31.27318304],[121.48012512,31.27305371],[121.48018578,31.27301406]]}},{"id":"4014","type":"Feature","properties":{"gml_id":"layer_pedestrian_road_pl.122672","Name":null,"pyname":null,"kind":"0b14","width":"30","length":"0.057","speedclass":"8","__source_file__":"04-交通数据/1-交通路网/2-分类图层/上海市_行人道路.shp"},"geometry":{"type":"LineString","coordinates":[[121.47947856,31.27345979],[121.47933618,31.27295813]]}},{"id":"3995","type":"Feature","properties":{"gml_id":"layer_pedestrian_road_pl.122653","Name":null,"pyname":null,"kind":"0b14","width":"30","length":"0.096","speedclass":"8","__source_file__":"04-交通数据/1-交通路网/2-分类图层/上海市_行人道路.shp"},"geometry":{"type":"LineString","coordinates":[[121.47847668,31.27296222],[121.47864894,31.27320374],[121.47867936,31.27326399],[121.47867954,31.27332407],[121.47865956,31.27347414],[121.47862932,31.27357409],[121.47845778,31.27371305]]}},{"id":"4013","type":"Feature","properties":{"gml_id":"layer_pedestrian_road_pl.122671","Name":null,"pyname":null,"kind":"0b14","width":"30","length":"0.043","speedclass":"8","__source_file__":"04-交通数据/1-交通路网/2-分类图层/上海市_行人道路.shp"},"geometry":{"type":"LineString","coordinates":[[121.47947856,31.27345979],[121.47970086,31.27338122],[121.47989292,31.27329243]]}},{"id":"4004","type":"Feature","properties":{"gml_id":"layer_pedestrian_road_pl.122662","Name":null,"pyname":null,"kind":"0b14","width":"30","length":"0.072","speedclass":"8","__source_file__":"04-交通数据/1-交通路网/2-分类图层/上海市_行人道路.shp"},"geometry":{"type":"LineString","coordinates":[[121.48009632,31.27391465],[121.48005564,31.27386429],[121.48001514,31.27377389],[121.47993378,31.27350299],[121.47989292,31.27329243]]}},{"id":"4012","type":"Feature","properties":{"gml_id":"layer_pedestrian_road_pl.122670","Name":null,"pyname":null,"kind":"0b14","width":"30","length":"0.039","speedclass":"8","__source_file__":"04-交通数据/1-交通路网/2-分类图层/上海市_行人道路.shp"},"geometry":{"type":"LineString","coordinates":[[121.4795601,31.2738008],[121.47953976,31.2736905],[121.47947856,31.27345979]]}},{"id":"3999","type":"Feature","properties":{"gml_id":"layer_pedestrian_road_pl.122657","Name":null,"pyname":null,"kind":"0b14","width":"30","length":"0.061","speedclass":"8","__source_file__":"04-交通数据/1-交通路网/2-分类图层/上海市_行人道路.shp"},"geometry":{"type":"LineString","coordinates":[[121.47782076,31.27371867],[121.4778915,31.27372916],[121.4779824,31.27372979],[121.47809364,31.2737306],[121.47829596,31.27373199],[121.4783667,31.27373244],[121.47841728,31.2737328],[121.47845778,31.27371305]]}},{"id":"4064","type":"Feature","properties":{"gml_id":"layer_pedestrian_road_pl.122722","Name":null,"pyname":null,"kind":"0b14","width":"30","length":"0.021","speedclass":"8","__source_file__":"04-交通数据/1-交通路网/2-分类图层/上海市_行人道路.shp"},"geometry":{"type":"LineString","coordinates":[[121.47936822,31.27389957],[121.4795601,31.2738008]]}},{"id":"4011","type":"Feature","properties":{"gml_id":"layer_pedestrian_road_pl.122669","Name":null,"pyname":null,"kind":"0b14","width":"30","length":"0.061","speedclass":"8","__source_file__":"04-交通数据/1-交通路网/2-分类图层/上海市_行人道路.shp"},"geometry":{"type":"LineString","coordinates":[[121.48009632,31.27391465],[121.47977268,31.27396244],[121.47968178,31.27396185],[121.47963102,31.27393143],[121.4795601,31.2738008]]}},{"id":"4009","type":"Feature","properties":{"gml_id":"layer_pedestrian_road_pl.122667","Name":null,"pyname":null,"kind":"0b14","width":"30","length":"0.061","speedclass":"8","__source_file__":"04-交通数据/1-交通路网/2-分类图层/上海市_行人道路.shp"},"geometry":{"type":"LineString","coordinates":[[121.47845778,31.27371305],[121.47872112,31.2739452],[121.47883254,31.27405608],[121.4788527,31.27409627],[121.47887304,31.2741365]]}},{"id":"4157","type":"Feature","properties":{"gml_id":"layer_pedestrian_road_pl.122815","Name":null,"pyname":null,"kind":"0b14","width":"30","length":"0.051","speedclass":"8","__source_file__":"04-交通数据/1-交通路网/2-分类图层/上海市_行人道路.shp"},"geometry":{"type":"LineString","coordinates":[[121.47783156,31.27417934],[121.47784164,31.27410932],[121.47782076,31.27371867]]}},{"id":"4063","type":"Feature","properties":{"gml_id":"layer_pedestrian_road_pl.122721","Name":"越虹桥","pyname":"yhq","kind":"0b08|0b14","width":"30","length":"0.043","speedclass":"8","__source_file__":"04-交通数据/1-交通路网/2-分类图层/上海市_行人道路.shp"},"geometry":{"type":"LineString","coordinates":[[121.47897402,31.27408713],[121.47922674,31.2739587],[121.47936822,31.27389957]]}},{"id":"3998","type":"Feature","properties":{"gml_id":"layer_pedestrian_road_pl.122656","Name":null,"pyname":null,"kind":"0b14","width":"30","length":"0.090","speedclass":"8","__source_file__":"04-交通数据/1-交通路网/2-分类图层/上海市_行人道路.shp"},"geometry":{"type":"LineString","coordinates":[[121.47738714,31.27442661],[121.47738696,31.27439655],[121.47743736,31.27431681],[121.47768972,31.27398813],[121.47774012,31.27392837],[121.47776028,31.27387847],[121.47778026,31.27377848],[121.47782076,31.27371867]]}},{"id":"4062","type":"Feature","properties":{"gml_id":"layer_pedestrian_road_pl.122720","Name":null,"pyname":null,"kind":"0b14","width":"30","length":"0.011","speedclass":"8","__source_file__":"04-交通数据/1-交通路网/2-分类图层/上海市_行人道路.shp"},"geometry":{"type":"LineString","coordinates":[[121.47887304,31.2741365],[121.47897402,31.27408713]]}},{"id":"4156","type":"Feature","properties":{"gml_id":"layer_pedestrian_road_pl.122814","Name":null,"pyname":null,"kind":"0b14","width":"30","length":"0.051","speedclass":"8","__source_file__":"04-交通数据/1-交通路网/2-分类图层/上海市_行人道路.shp"},"geometry":{"type":"LineString","coordinates":[[121.47738714,31.27442661],[121.477761,31.27424895],[121.47780132,31.27421921],[121.47783156,31.27417934]]}},{"id":"3997","type":"Feature","properties":{"gml_id":"layer_pedestrian_road_pl.122655","Name":null,"pyname":null,"kind":"0b14","width":"30","length":"0.066","speedclass":"8","__source_file__":"04-交通数据/1-交通路网/2-分类图层/上海市_行人道路.shp"},"geometry":{"type":"LineString","coordinates":[[121.47801426,31.27460117],[121.47797376,31.2745608],[121.4779131,31.27450032],[121.47786234,31.27447994],[121.47780168,31.27447953],[121.47768036,31.27448871],[121.4775792,31.274478],[121.47741738,31.27444682],[121.47738714,31.27442661]]}},{"id":"4010","type":"Feature","properties":{"gml_id":"layer_pedestrian_road_pl.122668","Name":null,"pyname":null,"kind":"0b14","width":"30","length":"0.114","speedclass":"8","__source_file__":"04-交通数据/1-交通路网/2-分类图层/上海市_行人道路.shp"},"geometry":{"type":"LineString","coordinates":[[121.47887304,31.2741365],[121.47887304,31.27417655],[121.47887322,31.27425665],[121.4788734,31.27432671],[121.47884316,31.27437657],[121.4787321,31.27451598],[121.47870186,31.27456584],[121.4786817,31.27463582],[121.4786718,31.27472586],[121.47867198,31.27476591],[121.47884442,31.27508753]]}},{"id":"3996","type":"Feature","properties":{"gml_id":"layer_pedestrian_road_pl.122654","Name":null,"pyname":null,"kind":"0b14","width":"30","length":"0.098","speedclass":"8","__source_file__":"04-交通数据/1-交通路网/2-分类图层/上海市_行人道路.shp"},"geometry":{"type":"LineString","coordinates":[[121.47884442,31.27508753],[121.4786214,31.27482563],[121.47859116,31.27481541],[121.4784495,31.27477437],[121.47830784,31.27474337],[121.47822684,31.27470273],[121.4780751,31.27463163],[121.47801426,31.27460117]]}},{"id":"4160","type":"Feature","properties":{"gml_id":"layer_pedestrian_road_pl.122818","Name":null,"pyname":null,"kind":"0b14","width":"30","length":"0.090","speedclass":"8","__source_file__":"04-交通数据/1-交通路网/2-分类图层/上海市_行人道路.shp"},"geometry":{"type":"LineString","coordinates":[[121.47837948,31.27530461],[121.47833916,31.27528427],[121.4782074,31.27519328],[121.4781669,31.2751229],[121.47810588,31.27497228],[121.47808554,31.27490204],[121.47803496,31.27486163],[121.47801462,31.27480142],[121.47801444,31.27470129],[121.47801426,31.27460117]]}},{"id":"4159","type":"Feature","properties":{"gml_id":"layer_pedestrian_road_pl.122817","Name":null,"pyname":null,"kind":"0b14","width":"30","length":"0.050","speedclass":"8","__source_file__":"04-交通数据/1-交通路网/2-分类图层/上海市_行人道路.shp"},"geometry":{"type":"LineString","coordinates":[[121.47884442,31.27508753],[121.47843006,31.27529493],[121.47837948,31.27530461]]}},{"id":"4000","type":"Feature","properties":{"gml_id":"layer_pedestrian_road_pl.122658","Name":null,"pyname":null,"kind":"0b14","width":"30","length":"0.207","speedclass":"8","__source_file__":"04-交通数据/1-交通路网/2-分类图层/上海市_行人道路.shp"},"geometry":{"type":"LineString","coordinates":[[121.47884442,31.27508753],[121.47886458,31.27510769],[121.47901668,31.27530897],[121.47902676,31.27533908],[121.47902694,31.27536914],[121.47902694,31.27544924],[121.47902712,31.27556939],[121.47902748,31.27569957],[121.47902748,31.27576968],[121.47905808,31.27586999],[121.47916986,31.27625127],[121.47919412280334,31.276408275777428]]}},{"id":"4008","type":"Feature","properties":{"gml_id":"layer_pedestrian_road_pl.122666","Name":null,"pyname":null,"kind":"0b14","width":"30","length":"0.117","speedclass":"8","__source_file__":"04-交通数据/1-交通路网/2-分类图层/上海市_行人道路.shp"},"geometry":{"type":"LineString","coordinates":[[121.47999804,31.2755661],[121.48002828,31.27560633],[121.48011972,31.27583727],[121.48013131341656,31.275983173427566]]}},{"id":"4006","type":"Feature","properties":{"gml_id":"layer_pedestrian_road_pl.122664","Name":null,"pyname":null,"kind":"0b14","width":"30","length":"0.145","speedclass":"8","__source_file__":"04-交通数据/1-交通路网/2-分类图层/上海市_行人道路.shp"},"geometry":{"type":"LineString","coordinates":[[121.47975846445676,31.276152294806632],[121.47974568,31.27588475],[121.4797554,31.2756345],[121.47976548,31.27559454],[121.47979572,31.2755747],[121.47986646,31.2755652],[121.47995754,31.27556583],[121.47999804,31.2755661]]}},{"id":"2684","type":"Feature","properties":{"gml_id":"layer_pedestrian_road_pl.121341","Name":null,"pyname":null,"kind":"0b14","width":"30","length":"0.127","speedclass":"8","__source_file__":"04-交通数据/1-交通路网/2-分类图层/上海市_行人道路.shp"},"geometry":{"type":"LineString","coordinates":[[121.463451829427,31.219246239227388],[121.46346612,31.21931745]]}},{"id":"540","type":"Feature","properties":{"gml_id":"layer_pedestrian_road_pl.119197","Name":null,"pyname":null,"kind":"0b14","width":"30","length":"0.025","speedclass":"8","__source_file__":"04-交通数据/1-交通路网/2-分类图层/上海市_行人道路.shp"},"geometry":{"type":"LineString","coordinates":[[121.46416776,31.21935872],[121.46421234476368,31.219255020131026]]}},{"id":"550","type":"Feature","properties":{"gml_id":"layer_pedestrian_road_pl.119207","Name":null,"pyname":null,"kind":"0b14","width":"30","length":"0.021","speedclass":"8","__source_file__":"04-交通数据/1-交通路网/2-分类图层/上海市_行人道路.shp"},"geometry":{"type":"LineString","coordinates":[[121.46471640843414,31.21929966155667],[121.46470884,31.21930971]]}},{"id":"537","type":"Feature","properties":{"gml_id":"layer_pedestrian_road_pl.119194","Name":null,"pyname":null,"kind":"0b14","width":"30","length":"0.013","speedclass":"8","__source_file__":"04-交通数据/1-交通路网/2-分类图层/上海市_行人道路.shp"},"geometry":{"type":"LineString","coordinates":[[121.46457246134429,31.219286913160616],[121.46456862,31.21928946],[121.46452848,31.21928942],[121.4645080600624,31.21928120958544]]}},{"id":"536","type":"Feature","properties":{"gml_id":"layer_pedestrian_road_pl.119193","Name":null,"pyname":null,"kind":"0b14","width":"30","length":"0.011","speedclass":"8","__source_file__":"04-交通数据/1-交通路网/2-分类图层/上海市_行人道路.shp"},"geometry":{"type":"LineString","coordinates":[[121.46470884,31.21930971],[121.46467002922051,31.21929555407117]]}},{"id":"549","type":"Feature","properties":{"gml_id":"layer_pedestrian_road_pl.119206","Name":null,"pyname":null,"kind":"0b14","width":"30","length":"0.023","speedclass":"8","__source_file__":"04-交通数据/1-交通路网/2-分类图层/上海市_行人道路.shp"},"geometry":{"type":"LineString","coordinates":[[121.46496948,31.21940016],[121.46498946,31.21937019],[121.46497956,31.21933019],[121.46497769874694,31.219322802228678]]}},{"id":"552","type":"Feature","properties":{"gml_id":"layer_pedestrian_road_pl.119209","Name":null,"pyname":null,"kind":"0b14","width":"30","length":"0.015","speedclass":"8","__source_file__":"04-交通数据/1-交通路网/2-分类图层/上海市_行人道路.shp"},"geometry":{"type":"LineString","coordinates":[[121.46550300589186,31.21936932504162],[121.46553072,31.21938122]]}},{"id":"557","type":"Feature","properties":{"gml_id":"layer_pedestrian_road_pl.119214","Name":null,"pyname":null,"kind":"0b14","width":"30","length":"0.040","speedclass":"8","__source_file__":"04-交通数据/1-交通路网/2-分类图层/上海市_行人道路.shp"},"geometry":{"type":"LineString","coordinates":[[121.46374674,31.21937793],[121.46416776,31.21935872]]}},{"id":"556","type":"Feature","properties":{"gml_id":"layer_pedestrian_road_pl.119213","Name":null,"pyname":null,"kind":"0b14","width":"30","length":"0.008","speedclass":"8","__source_file__":"04-交通数据/1-交通路网/2-分类图层/上海市_行人道路.shp"},"geometry":{"type":"LineString","coordinates":[[121.46366664,31.21936781],[121.46371668,31.21937789],[121.46374674,31.21937793]]}},{"id":"1753","type":"Feature","properties":{"gml_id":"layer_pedestrian_road_pl.120410","Name":null,"pyname":null,"kind":"0b14","width":"30","length":"0.012","speedclass":"8","__source_file__":"04-交通数据/1-交通路网/2-分类图层/上海市_行人道路.shp"},"geometry":{"type":"LineString","coordinates":[[121.46416776,31.21935872],[121.46427792,31.21940889]]}},{"id":"535","type":"Feature","properties":{"gml_id":"layer_pedestrian_road_pl.119192","Name":null,"pyname":null,"kind":"0b14","width":"30","length":"0.020","speedclass":"8","__source_file__":"04-交通数据/1-交通路网/2-分类图层/上海市_行人道路.shp"},"geometry":{"type":"LineString","coordinates":[[121.46470884,31.21930971],[121.46469894,31.21934967],[121.46470884,31.21938968],[121.4647389,31.21942973],[121.46478912,31.21945983]]}},{"id":"2111","type":"Feature","properties":{"gml_id":"layer_pedestrian_road_pl.120768","Name":null,"pyname":null,"kind":"0b14","width":"30","length":"0.008","speedclass":"8","__source_file__":"04-交通数据/1-交通路网/2-分类图层/上海市_行人道路.shp"},"geometry":{"type":"LineString","coordinates":[[121.46553072,31.21938122],[121.46561082,31.21941132]]}},{"id":"544","type":"Feature","properties":{"gml_id":"layer_pedestrian_road_pl.119201","Name":null,"pyname":null,"kind":"0b14","width":"30","length":"0.011","speedclass":"8","__source_file__":"04-交通数据/1-交通路网/2-分类图层/上海市_行人道路.shp"},"geometry":{"type":"LineString","coordinates":[[121.46496948,31.21940016],[121.46506974,31.21944035]]}},{"id":"543","type":"Feature","properties":{"gml_id":"layer_pedestrian_road_pl.119200","Name":null,"pyname":null,"kind":"0b14","width":"30","length":"0.020","speedclass":"8","__source_file__":"04-交通数据/1-交通路网/2-分类图层/上海市_行人道路.shp"},"geometry":{"type":"LineString","coordinates":[[121.46478912,31.21945983],[121.46483916,31.21946991],[121.4648892,31.21946001],[121.46493942,31.21944008],[121.46496948,31.21940016]]}},{"id":"547","type":"Feature","properties":{"gml_id":"layer_pedestrian_road_pl.119204","Name":null,"pyname":null,"kind":"0b14","width":"30","length":"0.029","speedclass":"8","__source_file__":"04-交通数据/1-交通路网/2-分类图层/上海市_行人道路.shp"},"geometry":{"type":"LineString","coordinates":[[121.46529024,31.21951073],[121.46529024,31.2194907],[121.46529024,31.21947072],[121.4652501,31.21945065],[121.46520996,31.21943058],[121.46515992,31.21941051],[121.46511978,31.21941042],[121.46508972,31.21941038],[121.46506974,31.21944035]]}},{"id":"545","type":"Feature","properties":{"gml_id":"layer_pedestrian_road_pl.119202","Name":null,"pyname":null,"kind":"0b14","width":"30","length":"0.013","speedclass":"8","__source_file__":"04-交通数据/1-交通路网/2-分类图层/上海市_行人道路.shp"},"geometry":{"type":"LineString","coordinates":[[121.46506974,31.21944035],[121.46506974,31.21946033],[121.46507964,31.21948035],[121.46511978,31.21949039],[121.46515992,31.21951046]]}},{"id":"2700","type":"Feature","properties":{"gml_id":"layer_pedestrian_road_pl.121357","Name":null,"pyname":null,"kind":"0b14","width":"30","length":"0.030","speedclass":"8","__source_file__":"04-交通数据/1-交通路网/2-分类图层/上海市_行人道路.shp"},"geometry":{"type":"LineString","coordinates":[[121.4635563,31.21961751],[121.46366664,31.21936781]]}},{"id":"317","type":"Feature","properties":{"gml_id":"layer_pedestrian_road_pl.118974","Name":null,"pyname":null,"kind":"0b14","width":"30","length":"0.047","speedclass":"8","__source_file__":"04-交通数据/1-交通路网/2-分类图层/上海市_行人道路.shp"},"geometry":{"type":"LineString","coordinates":[[121.46427792,31.21940889],[121.464729,31.21958966]]}},{"id":"546","type":"Feature","properties":{"gml_id":"layer_pedestrian_road_pl.119203","Name":null,"pyname":null,"kind":"0b14","width":"30","length":"0.013","speedclass":"8","__source_file__":"04-交通数据/1-交通路网/2-分类图层/上海市_行人道路.shp"},"geometry":{"type":"LineString","coordinates":[[121.46515992,31.21951046],[121.46522004,31.21952058],[121.46526018,31.21952067],[121.46529024,31.21951073]]}},{"id":"319","type":"Feature","properties":{"gml_id":"layer_pedestrian_road_pl.118976","Name":null,"pyname":null,"kind":"0b14","width":"30","length":"0.016","speedclass":"8","__source_file__":"04-交通数据/1-交通路网/2-分类图层/上海市_行人道路.shp"},"geometry":{"type":"LineString","coordinates":[[121.464729,31.21958966],[121.46478912,31.21945983]]}},{"id":"548","type":"Feature","properties":{"gml_id":"layer_pedestrian_road_pl.119205","Name":null,"pyname":null,"kind":"0b14","width":"30","length":"0.008","speedclass":"8","__source_file__":"04-交通数据/1-交通路网/2-分类图层/上海市_行人道路.shp"},"geometry":{"type":"LineString","coordinates":[[121.46529024,31.21951073],[121.46537034,31.21954083]]}},{"id":"560","type":"Feature","properties":{"gml_id":"layer_pedestrian_road_pl.119217","Name":null,"pyname":null,"kind":"0b14","width":"30","length":"0.045","speedclass":"8","__source_file__":"04-交通数据/1-交通路网/2-分类图层/上海市_行人道路.shp"},"geometry":{"type":"LineString","coordinates":[[121.46374674,31.21937793],[121.46375682,31.2194979],[121.46375682,31.21959789],[121.46372676,31.21970778],[121.4636967,31.21977771]]}},{"id":"318","type":"Feature","properties":{"gml_id":"layer_pedestrian_road_pl.118975","Name":null,"pyname":null,"kind":"0b14","width":"30","length":"0.005","speedclass":"8","__source_file__":"04-交通数据/1-交通路网/2-分类图层/上海市_行人道路.shp"},"geometry":{"type":"LineString","coordinates":[[121.464729,31.21958966],[121.46477904,31.21959974]]}},{"id":"2702","type":"Feature","properties":{"gml_id":"layer_pedestrian_road_pl.121359","Name":null,"pyname":null,"kind":"0b14","width":"30","length":"0.064","speedclass":"8","__source_file__":"04-交通数据/1-交通路网/2-分类图层/上海市_行人道路.shp"},"geometry":{"type":"LineString","coordinates":[[121.46427792,31.21940889],[121.46408748,31.21983842],[121.46408748,31.2198584],[121.46409756,31.21990839],[121.46411754,31.21994844]]}},{"id":"559","type":"Feature","properties":{"gml_id":"layer_pedestrian_road_pl.119216","Name":null,"pyname":null,"kind":"0b14","width":"30","length":"0.024","speedclass":"8","__source_file__":"04-交通数据/1-交通路网/2-分类图层/上海市_行人道路.shp"},"geometry":{"type":"LineString","coordinates":[[121.4636967,31.21977771],[121.46368662,31.21971773],[121.46366664,31.21967768],[121.4636265,31.21964762],[121.4635563,31.21961751]]}},{"id":"2225","type":"Feature","properties":{"gml_id":"layer_pedestrian_road_pl.120882","Name":null,"pyname":null,"kind":"0b14","width":"30","length":"0.034","speedclass":"8","__source_file__":"04-交通数据/1-交通路网/2-分类图层/上海市_行人道路.shp"},"geometry":{"type":"LineString","coordinates":[[121.4631153,31.21935678],[121.46346612,31.21931745]]}},{"id":"2699","type":"Feature","properties":{"gml_id":"layer_pedestrian_road_pl.121356","Name":null,"pyname":null,"kind":"0b14","width":"30","length":"0.020","speedclass":"8","__source_file__":"04-交通数据/1-交通路网/2-分类图层/上海市_行人道路.shp"},"geometry":{"type":"LineString","coordinates":[[121.46346612,31.21931745],[121.46359644,31.21935768],[121.46366664,31.21936781]]}},{"id":"2695","type":"Feature","properties":{"gml_id":"layer_pedestrian_road_pl.121352","Name":null,"pyname":null,"kind":"0b14","width":"30","length":"0.052","speedclass":"8","__source_file__":"04-交通数据/1-交通路网/2-分类图层/上海市_行人道路.shp"},"geometry":{"type":"LineString","coordinates":[[121.46346612,31.21931745],[121.46336586,31.21937726],[121.46331582,31.21940714],[121.46326578,31.21945704],[121.46321556,31.21953692],[121.46316552,31.2196068],[121.46314554,31.21967673]]}},{"id":"2698","type":"Feature","properties":{"gml_id":"layer_pedestrian_road_pl.121355","Name":null,"pyname":null,"kind":"0b14","width":"30","length":"0.026","speedclass":"8","__source_file__":"04-交通数据/1-交通路网/2-分类图层/上海市_行人道路.shp"},"geometry":{"type":"LineString","coordinates":[[121.4635563,31.21961751],[121.46349618,31.21961738],[121.46343606,31.21962728],[121.46341608,31.21964726],[121.46337594,31.21969716],[121.46335596,31.21973712]]}},{"id":"2697","type":"Feature","properties":{"gml_id":"layer_pedestrian_road_pl.121354","Name":null,"pyname":null,"kind":"0b14","width":"30","length":"0.021","speedclass":"8","__source_file__":"04-交通数据/1-交通路网/2-分类图层/上海市_行人道路.shp"},"geometry":{"type":"LineString","coordinates":[[121.46335596,31.21973712],[121.46314554,31.21967673]]}},{"id":"2694","type":"Feature","properties":{"gml_id":"layer_pedestrian_road_pl.121351","Name":null,"pyname":null,"kind":"0b14","width":"30","length":"0.034","speedclass":"8","__source_file__":"04-交通数据/1-交通路网/2-分类图层/上海市_行人道路.shp"},"geometry":{"type":"LineString","coordinates":[[121.46335596,31.21973712],[121.46334588,31.21975706],[121.46333598,31.21980705],[121.46334588,31.21986704],[121.46337594,31.21991708],[121.46342616,31.21994714],[121.46349618,31.21997729]]}},{"id":"2696","type":"Feature","properties":{"gml_id":"layer_pedestrian_road_pl.121353","Name":null,"pyname":null,"kind":"0b14","width":"30","length":"0.054","speedclass":"8","__source_file__":"04-交通数据/1-交通路网/2-分类图层/上海市_行人道路.shp"},"geometry":{"type":"LineString","coordinates":[[121.46314554,31.21967673],[121.46313546,31.21973672],[121.46313546,31.21982667],[121.46316552,31.22004663],[121.46319558,31.22009667],[121.4632557,31.22012678]]}},{"id":"2693","type":"Feature","properties":{"gml_id":"layer_pedestrian_road_pl.121350","Name":null,"pyname":null,"kind":"0b14","width":"30","length":"0.028","speedclass":"8","__source_file__":"04-交通数据/1-交通路网/2-分类图层/上海市_行人道路.shp"},"geometry":{"type":"LineString","coordinates":[[121.4632557,31.22012678],[121.46335596,31.22006697],[121.463406,31.22004708],[121.46345622,31.22000721],[121.46349618,31.21997729]]}},{"id":"2692","type":"Feature","properties":{"gml_id":"layer_pedestrian_road_pl.121349","Name":null,"pyname":null,"kind":"0b14","width":"30","length":"0.054","speedclass":"8","__source_file__":"04-交通数据/1-交通路网/2-分类图层/上海市_行人道路.shp"},"geometry":{"type":"LineString","coordinates":[[121.4632557,31.22012678],[121.46378688,31.22030768]]}},{"id":"1152","type":"Feature","properties":{"gml_id":"layer_pedestrian_road_pl.119809","Name":null,"pyname":null,"kind":"0b01","width":"30","length":"0.025","speedclass":"8","__source_file__":"04-交通数据/1-交通路网/2-分类图层/上海市_行人道路.shp"},"geometry":{"type":"LineString","coordinates":[[121.46294772,31.22406009],[121.4630874,31.22387019]]}},{"id":"2704","type":"Feature","properties":{"gml_id":"layer_pedestrian_road_pl.121361","Name":null,"pyname":null,"kind":"0b14","width":"30","length":"0.060","speedclass":"8","__source_file__":"04-交通数据/1-交通路网/2-分类图层/上海市_行人道路.shp"},"geometry":{"type":"LineString","coordinates":[[121.46477904,31.21959974],[121.46535036,31.21983072]]}},{"id":"2706","type":"Feature","properties":{"gml_id":"layer_pedestrian_road_pl.121363","Name":null,"pyname":null,"kind":"0b14","width":"30","length":"0.029","speedclass":"8","__source_file__":"04-交通数据/1-交通路网/2-分类图层/上海市_行人道路.shp"},"geometry":{"type":"LineString","coordinates":[[121.46464872,31.21983941],[121.46477904,31.21959974]]}},{"id":"558","type":"Feature","properties":{"gml_id":"layer_pedestrian_road_pl.119215","Name":null,"pyname":null,"kind":"0b14","width":"30","length":"0.010","speedclass":"8","__source_file__":"04-交通数据/1-交通路网/2-分类图层/上海市_行人道路.shp"},"geometry":{"type":"LineString","coordinates":[[121.46368662,31.21986767],[121.4636967,31.21984769],[121.4636967,31.21977771]]}},{"id":"2112","type":"Feature","properties":{"gml_id":"layer_pedestrian_road_pl.120769","Name":null,"pyname":null,"kind":"0b14","width":"30","length":"0.007","speedclass":"8","__source_file__":"04-交通数据/1-交通路网/2-分类图层/上海市_行人道路.shp"},"geometry":{"type":"LineString","coordinates":[[121.46535036,31.21983072],[121.46541048,31.21986083]]}},{"id":"2705","type":"Feature","properties":{"gml_id":"layer_pedestrian_road_pl.121362","Name":null,"pyname":null,"kind":"0b14","width":"30","length":"0.053","speedclass":"8","__source_file__":"04-交通数据/1-交通路网/2-分类图层/上海市_行人道路.shp"},"geometry":{"type":"LineString","coordinates":[[121.46411754,31.21994844],[121.46426802,31.21994871],[121.4643681,31.21992887],[121.46454864,31.21987923],[121.46464872,31.21983941]]}},{"id":"2703","type":"Feature","properties":{"gml_id":"layer_pedestrian_road_pl.121360","Name":null,"pyname":null,"kind":"0b14","width":"30","length":"0.042","speedclass":"8","__source_file__":"04-交通数据/1-交通路网/2-分类图层/上海市_行人道路.shp"},"geometry":{"type":"LineString","coordinates":[[121.46368662,31.21986767],[121.46411754,31.21994844]]}},{"id":"2701","type":"Feature","properties":{"gml_id":"layer_pedestrian_road_pl.121358","Name":null,"pyname":null,"kind":"0b14","width":"30","length":"0.023","speedclass":"8","__source_file__":"04-交通数据/1-交通路网/2-分类图层/上海市_行人道路.shp"},"geometry":{"type":"LineString","coordinates":[[121.46349618,31.21997729],[121.46356638,31.21996739],[121.4636265,31.21993751],[121.46366664,31.21989759],[121.46368662,31.21986767]]}},{"id":"8480","type":"Feature","properties":{"gml_id":"layer_pedestrian_road_pl.127483","Name":null,"pyname":null,"kind":"0b14","width":"30","length":"0.105","speedclass":"8","__source_file__":"04-交通数据/1-交通路网/2-分类图层/上海市_行人道路.shp"},"geometry":{"type":"LineString","coordinates":[[121.46411754,31.21994844],[121.46414778,31.21997846],[121.46512104,31.22035061]]}},{"id":"8481","type":"Feature","properties":{"gml_id":"layer_pedestrian_road_pl.127484","Name":null,"pyname":null,"kind":"0b14","width":"30","length":"0.005","speedclass":"8","__source_file__":"04-交通数据/1-交通路网/2-分类图层/上海市_行人道路.shp"},"geometry":{"type":"LineString","coordinates":[[121.46512104,31.22035061],[121.46517144,31.22037081]]}},{"id":"2268","type":"Feature","properties":{"gml_id":"layer_pedestrian_road_pl.120925","Name":null,"pyname":null,"kind":"0b01","width":"30","length":"0.036","speedclass":"8","__source_file__":"04-交通数据/1-交通路网/2-分类图层/上海市_行人道路.shp"},"geometry":{"type":"LineString","coordinates":[[121.46386338,31.22436321],[121.46392224,31.2240429]]}},{"id":"2224","type":"Feature","properties":{"gml_id":"layer_pedestrian_road_pl.120881","Name":null,"pyname":null,"kind":"0b01","width":"30","length":"0.129","speedclass":"8","__source_file__":"04-交通数据/1-交通路网/2-分类图层/上海市_行人道路.shp"},"geometry":{"type":"LineString","coordinates":[[121.46336226,31.2246522],[121.46333202,31.22460203],[121.4633115,31.22454191],[121.46331132,31.22450181],[121.46335128,31.22443184],[121.46344128,31.22433194],[121.46355144,31.22426214],[121.46358132,31.22422218],[121.46360148,31.2242022],[121.4636013,31.22417214],[121.46359122,31.22415212],[121.46356098,31.22415203],[121.46348052,31.22414177],[121.4634303,31.22415162],[121.46338008,31.22414145],[121.46328954,31.22410113],[121.4630874,31.22387019]]}},{"id":"1151","type":"Feature","properties":{"gml_id":"layer_pedestrian_road_pl.119808","Name":null,"pyname":null,"kind":"0b01","width":"30","length":"0.124","speedclass":"8","__source_file__":"04-交通数据/1-交通路网/2-分类图层/上海市_行人道路.shp"},"geometry":{"type":"LineString","coordinates":[[121.46262966,31.22483036],[121.46271984,31.22476052],[121.46277978,31.22468055],[121.46281938,31.22458052],[121.46280894,31.22448035],[121.46274828,31.22440002],[121.46268762,31.22432973],[121.4626572,31.22425953],[121.46270652,31.22405937],[121.46273658,31.2240294],[121.4627868,31.22402958],[121.46281704,31.22405969],[121.46284728,31.2240798],[121.46287752,31.22408993],[121.46291766,31.22408003],[121.46294772,31.22406009]]}},{"id":"1149","type":"Feature","properties":{"gml_id":"layer_pedestrian_road_pl.119806","Name":null,"pyname":null,"kind":"0b01","width":"30","length":"0.044","speedclass":"8","__source_file__":"04-交通数据/1-交通路网/2-分类图层/上海市_行人道路.shp"},"geometry":{"type":"LineString","coordinates":[[121.46336226,31.2246522],[121.4634222,31.22457224],[121.46353218,31.22446239],[121.46368266,31.22437271]]}},{"id":"2223","type":"Feature","properties":{"gml_id":"layer_pedestrian_road_pl.120880","Name":null,"pyname":null,"kind":"0b01","width":"30","length":"0.025","speedclass":"8","__source_file__":"04-交通数据/1-交通路网/2-分类图层/上海市_行人道路.shp"},"geometry":{"type":"LineString","coordinates":[[121.4632728,31.22485227],[121.46327244,31.22477213],[121.46333238,31.22468217],[121.46336226,31.2246522]]}},{"id":"2269","type":"Feature","properties":{"gml_id":"layer_pedestrian_road_pl.120926","Name":null,"pyname":null,"kind":"0b01","width":"30","length":"0.029","speedclass":"8","__source_file__":"04-交通数据/1-交通路网/2-分类图层/上海市_行人道路.shp"},"geometry":{"type":"LineString","coordinates":[[121.4632728,31.22485227],[121.46357448,31.22488319]]}},{"id":"2271","type":"Feature","properties":{"gml_id":"layer_pedestrian_road_pl.120928","Name":null,"pyname":null,"kind":"0b01","width":"30","length":"0.011","speedclass":"8","__source_file__":"04-交通数据/1-交通路网/2-分类图层/上海市_行人道路.shp"},"geometry":{"type":"LineString","coordinates":[[121.46329332,31.22495249],[121.46327298,31.22488229],[121.4632728,31.22485227]]}},{"id":"740","type":"Feature","properties":{"gml_id":"layer_pedestrian_road_pl.119397","Name":null,"pyname":null,"kind":"0b01","width":"30","length":"0.010","speedclass":"8","__source_file__":"04-交通数据/1-交通路网/2-分类图层/上海市_行人道路.shp"},"geometry":{"type":"LineString","coordinates":[[121.46038956,31.22496405],[121.46039928,31.22487396]]}},{"id":"2221","type":"Feature","properties":{"gml_id":"layer_pedestrian_road_pl.120878","Name":null,"pyname":null,"kind":"0b01","width":"30","length":"0.041","speedclass":"8","__source_file__":"04-交通数据/1-交通路网/2-分类图层/上海市_行人道路.shp"},"geometry":{"type":"LineString","coordinates":[[121.46230926,31.2250698],[121.46241942,31.22501004],[121.46256954,31.22488026],[121.46262966,31.22483036]]}},{"id":"2222","type":"Feature","properties":{"gml_id":"layer_pedestrian_road_pl.120879","Name":null,"pyname":null,"kind":"0b01","width":"30","length":"0.038","speedclass":"8","__source_file__":"04-交通数据/1-交通路网/2-分类图层/上海市_行人道路.shp"},"geometry":{"type":"LineString","coordinates":[[121.46262966,31.22483036],[121.46265018,31.22492058],[121.46265054,31.22499069],[121.46266098,31.22507084],[121.46265126,31.22517096]]}},{"id":"2270","type":"Feature","properties":{"gml_id":"layer_pedestrian_road_pl.120927","Name":null,"pyname":null,"kind":"0b01","width":"30","length":"0.014","speedclass":"8","__source_file__":"04-交通数据/1-交通路网/2-分类图层/上海市_行人道路.shp"},"geometry":{"type":"LineString","coordinates":[[121.46328396,31.22508267],[121.46329332,31.22495249]]}},{"id":"1150","type":"Feature","properties":{"gml_id":"layer_pedestrian_road_pl.119807","Name":null,"pyname":null,"kind":"0b01","width":"30","length":"0.017","speedclass":"8","__source_file__":"04-交通数据/1-交通路网/2-分类图层/上海市_行人道路.shp"},"geometry":{"type":"LineString","coordinates":[[121.46368266,31.22437271],[121.46386338,31.22436321]]}},{"id":"243","type":"Feature","properties":{"gml_id":"layer_pedestrian_road_pl.118900","Name":null,"pyname":null,"kind":"0b01","width":"30","length":"0.036","speedclass":"8","__source_file__":"04-交通数据/1-交通路网/2-分类图层/上海市_行人道路.shp"},"geometry":{"type":"LineString","coordinates":[[121.46473692,31.22421552],[121.4647182,31.22453597]]}},{"id":"2267","type":"Feature","properties":{"gml_id":"layer_pedestrian_road_pl.120924","Name":null,"pyname":null,"kind":"0b01","width":"30","length":"0.016","speedclass":"8","__source_file__":"04-交通数据/1-交通路网/2-分类图层/上海市_行人道路.shp"},"geometry":{"type":"LineString","coordinates":[[121.463874,31.22450348],[121.46386338,31.22436321]]}},{"id":"245","type":"Feature","properties":{"gml_id":"layer_pedestrian_road_pl.118902","Name":null,"pyname":null,"kind":"0b01","width":"30","length":"0.084","speedclass":"8","__source_file__":"04-交通数据/1-交通路网/2-分类图层/上海市_行人道路.shp"},"geometry":{"type":"LineString","coordinates":[[121.4647182,31.22453597],[121.46435604,31.22442473],[121.46410458,31.22437392],[121.46386338,31.22436321]]}},{"id":"765","type":"Feature","properties":{"gml_id":"layer_pedestrian_road_pl.119422","Name":null,"pyname":null,"kind":"0b01","width":"30","length":"0.026","speedclass":"8","__source_file__":"04-交通数据/1-交通路网/2-分类图层/上海市_行人道路.shp"},"geometry":{"type":"LineString","coordinates":[[121.46389524,31.22473388],[121.463874,31.22450348]]}},{"id":"2262","type":"Feature","properties":{"gml_id":"layer_pedestrian_road_pl.120919","Name":null,"pyname":null,"kind":"0b01","width":"30","length":"0.069","speedclass":"8","__source_file__":"04-交通数据/1-交通路网/2-分类图层/上海市_行人道路.shp"},"geometry":{"type":"LineString","coordinates":[[121.46549418,31.22501895],[121.46556168,31.22439822]]}},{"id":"244","type":"Feature","properties":{"gml_id":"layer_pedestrian_road_pl.118901","Name":null,"pyname":null,"kind":"0b01","width":"30","length":"0.049","speedclass":"8","__source_file__":"04-交通数据/1-交通路网/2-分类图层/上海市_行人道路.shp"},"geometry":{"type":"LineString","coordinates":[[121.4647182,31.22453597],[121.46469012,31.22497656]]}},{"id":"769","type":"Feature","properties":{"gml_id":"layer_pedestrian_road_pl.119426","Name":null,"pyname":null,"kind":"0b01","width":"30","length":"0.026","speedclass":"8","__source_file__":"04-交通数据/1-交通路网/2-分类图层/上海市_行人道路.shp"},"geometry":{"type":"LineString","coordinates":[[121.46389524,31.22473388],[121.46381496,31.22476371],[121.4637651,31.22482365],[121.46373522,31.22490371]]}},{"id":"768","type":"Feature","properties":{"gml_id":"layer_pedestrian_road_pl.119425","Name":null,"pyname":null,"kind":"0b01","width":"30","length":"0.035","speedclass":"8","__source_file__":"04-交通数据/1-交通路网/2-分类图层/上海市_行人道路.shp"},"geometry":{"type":"LineString","coordinates":[[121.46414724,31.22491491],[121.46411664,31.22481465],[121.46401584,31.22475426],[121.46389524,31.22473388]]}},{"id":"1148","type":"Feature","properties":{"gml_id":"layer_pedestrian_road_pl.119805","Name":null,"pyname":null,"kind":"0b01","width":"30","length":"0.015","speedclass":"8","__source_file__":"04-交通数据/1-交通路网/2-分类图层/上海市_行人道路.shp"},"geometry":{"type":"LineString","coordinates":[[121.46357448,31.22488319],[121.46366484,31.22489345],[121.46373522,31.22490371]]}},{"id":"744","type":"Feature","properties":{"gml_id":"layer_pedestrian_road_pl.119401","Name":null,"pyname":null,"kind":"0b01","width":"30","length":"0.027","speedclass":"8","__source_file__":"04-交通数据/1-交通路网/2-分类图层/上海市_行人道路.shp"},"geometry":{"type":"LineString","coordinates":[[121.4602596,31.22510391],[121.46026914,31.22496369],[121.46038956,31.22496405]]}},{"id":"2663","type":"Feature","properties":{"gml_id":"layer_pedestrian_road_pl.121320","Name":null,"pyname":null,"kind":"0b01","width":"30","length":"0.020","speedclass":"8","__source_file__":"04-交通数据/1-交通路网/2-分类图层/上海市_行人道路.shp"},"geometry":{"type":"LineString","coordinates":[[121.46193792,31.22515886],[121.46197716,31.22497868]]}},{"id":"739","type":"Feature","properties":{"gml_id":"layer_pedestrian_road_pl.119396","Name":null,"pyname":null,"kind":"0b01","width":"30","length":"0.027","speedclass":"8","__source_file__":"04-交通数据/1-交通路网/2-分类图层/上海市_行人道路.shp"},"geometry":{"type":"LineString","coordinates":[[121.46037066,31.2252044],[121.46038956,31.22496405]]}},{"id":"2661","type":"Feature","properties":{"gml_id":"layer_pedestrian_road_pl.121318","Name":null,"pyname":null,"kind":"0b01","width":"30","length":"0.038","speedclass":"8","__source_file__":"04-交通数据/1-交通路网/2-分类图层/上海市_行人道路.shp"},"geometry":{"type":"LineString","coordinates":[[121.46156658,31.22524791],[121.46160636,31.22518793],[121.46162634,31.2251279],[121.46166612,31.22505792],[121.46167566,31.22492774]]}},{"id":"761","type":"Feature","properties":{"gml_id":"layer_pedestrian_road_pl.119418","Name":null,"pyname":null,"kind":"0b01","width":"30","length":"0.012","speedclass":"8","__source_file__":"04-交通数据/1-交通路网/2-分类图层/上海市_行人道路.shp"},"geometry":{"type":"LineString","coordinates":[[121.46326434,31.22519279],[121.46328396,31.22508267]]}},{"id":"743","type":"Feature","properties":{"gml_id":"layer_pedestrian_road_pl.119400","Name":null,"pyname":null,"kind":"0b01","width":"30","length":"0.010","speedclass":"8","__source_file__":"04-交通数据/1-交通路网/2-分类图层/上海市_行人道路.shp"},"geometry":{"type":"LineString","coordinates":[[121.46026014,31.22519405],[121.4602596,31.22510391]]}},{"id":"762","type":"Feature","properties":{"gml_id":"layer_pedestrian_road_pl.119419","Name":null,"pyname":null,"kind":"0b01","width":"30","length":"0.029","speedclass":"8","__source_file__":"04-交通数据/1-交通路网/2-分类图层/上海市_行人道路.shp"},"geometry":{"type":"LineString","coordinates":[[121.46297256,31.22512182],[121.46326434,31.22519279]]}},{"id":"752","type":"Feature","properties":{"gml_id":"layer_pedestrian_road_pl.119409","Name":null,"pyname":null,"kind":"0b01","width":"30","length":"0.004","speedclass":"8","__source_file__":"04-交通数据/1-交通路网/2-分类图层/上海市_行人道路.shp"},"geometry":{"type":"LineString","coordinates":[[121.46193792,31.22515886],[121.46196816,31.22517897]]}},{"id":"1844","type":"Feature","properties":{"gml_id":"layer_pedestrian_road_pl.120501","Name":null,"pyname":null,"kind":"0b01","width":"30","length":"0.093","speedclass":"8","__source_file__":"04-交通数据/1-交通路网/2-分类图层/上海市_行人道路.shp"},"geometry":{"type":"LineString","coordinates":[[121.46156658,31.22524791],[121.46141538,31.22515733],[121.46130468,31.22511696],[121.46119398,31.22509662],[121.46108364,31.2251063],[121.46096304,31.22512596],[121.46077242,31.22517551],[121.460652,31.22522523]]}},{"id":"751","type":"Feature","properties":{"gml_id":"layer_pedestrian_road_pl.119408","Name":null,"pyname":null,"kind":"0b01","width":"30","length":"0.044","speedclass":"8","__source_file__":"04-交通数据/1-交通路网/2-分类图层/上海市_行人道路.shp"},"geometry":{"type":"LineString","coordinates":[[121.4616672,31.22527824],[121.46167692,31.22521821],[121.46172696,31.22518829],[121.46173668,31.22508816],[121.46193792,31.22515886]]}},{"id":"2657","type":"Feature","properties":{"gml_id":"layer_pedestrian_road_pl.121314","Name":null,"pyname":null,"kind":"0b01","width":"30","length":"0.022","speedclass":"8","__source_file__":"04-交通数据/1-交通路网/2-分类图层/上海市_行人道路.shp"},"geometry":{"type":"LineString","coordinates":[[121.45895298,31.22498993],[121.45896288,31.22495991],[121.45897278,31.22493993],[121.45899276,31.22491995],[121.4590428,31.22488004],[121.45903272,31.22484993],[121.45902246,31.22481987]]}},{"id":"2660","type":"Feature","properties":{"gml_id":"layer_pedestrian_road_pl.121317","Name":null,"pyname":null,"kind":"0b01","width":"30","length":"0.021","speedclass":"8","__source_file__":"04-交通数据/1-交通路网/2-分类图层/上海市_行人道路.shp"},"geometry":{"type":"LineString","coordinates":[[121.4591841,31.22502066],[121.45920336,31.2248304]]}},{"id":"2658","type":"Feature","properties":{"gml_id":"layer_pedestrian_road_pl.121315","Name":null,"pyname":null,"kind":"0b01","width":"30","length":"0.025","speedclass":"8","__source_file__":"04-交通数据/1-交通路网/2-分类图层/上海市_行人道路.shp"},"geometry":{"type":"LineString","coordinates":[[121.45869144,31.22494911],[121.45895298,31.22498993]]}},{"id":"2659","type":"Feature","properties":{"gml_id":"layer_pedestrian_road_pl.121316","Name":null,"pyname":null,"kind":"0b01","width":"30","length":"0.022","speedclass":"8","__source_file__":"04-交通数据/1-交通路网/2-分类图层/上海市_行人道路.shp"},"geometry":{"type":"LineString","coordinates":[[121.45895298,31.22498993],[121.4591841,31.22502066]]}},{"id":"735","type":"Feature","properties":{"gml_id":"layer_pedestrian_road_pl.119392","Name":null,"pyname":null,"kind":"0b01","width":"30","length":"0.030","speedclass":"8","__source_file__":"04-交通数据/1-交通路网/2-分类图层/上海市_行人道路.shp"},"geometry":{"type":"LineString","coordinates":[[121.4591841,31.22502066],[121.4594361,31.22519166]]}},{"id":"745","type":"Feature","properties":{"gml_id":"layer_pedestrian_road_pl.119402","Name":null,"pyname":null,"kind":"0b01","width":"30","length":"0.075","speedclass":"8","__source_file__":"04-交通数据/1-交通路网/2-分类图层/上海市_行人道路.shp"},"geometry":{"type":"LineString","coordinates":[[121.45952682,31.22525201],[121.45986774,31.22508272],[121.4602596,31.22510391]]}},{"id":"741","type":"Feature","properties":{"gml_id":"layer_pedestrian_road_pl.119398","Name":null,"pyname":null,"kind":"0b01","width":"30","length":"0.011","speedclass":"8","__source_file__":"04-交通数据/1-交通路网/2-分类图层/上海市_行人道路.shp"},"geometry":{"type":"LineString","coordinates":[[121.4594361,31.22519166],[121.45952682,31.22525201]]}},{"id":"2656","type":"Feature","properties":{"gml_id":"layer_pedestrian_road_pl.121313","Name":null,"pyname":null,"kind":"0b01","width":"30","length":"0.077","speedclass":"8","__source_file__":"04-交通数据/1-交通路网/2-分类图层/上海市_行人道路.shp"},"geometry":{"type":"LineString","coordinates":[[121.45907592,31.22553114],[121.4589753,31.22548074],[121.45894488,31.2254406],[121.45892454,31.22539047],[121.45891446,31.2253704],[121.45891428,31.22532032],[121.45892418,31.22530034],[121.45894416,31.22528036],[121.45900428,31.22525048],[121.45904442,31.22522055],[121.4590743,31.22517056],[121.45907412,31.2251405],[121.45906404,31.22512047],[121.45901346,31.22506022],[121.45897314,31.22502003],[121.45895298,31.22498993]]}},{"id":"742","type":"Feature","properties":{"gml_id":"layer_pedestrian_road_pl.119399","Name":null,"pyname":null,"kind":"0b01","width":"30","length":"0.014","speedclass":"8","__source_file__":"04-交通数据/1-交通路网/2-分类图层/上海市_行人道路.shp"},"geometry":{"type":"LineString","coordinates":[[121.45952682,31.22525201],[121.45964778,31.22533247]]}},{"id":"736","type":"Feature","properties":{"gml_id":"layer_pedestrian_road_pl.119393","Name":null,"pyname":null,"kind":"0b01","width":"30","length":"0.059","speedclass":"8","__source_file__":"04-交通数据/1-交通路网/2-分类图层/上海市_行人道路.shp"},"geometry":{"type":"LineString","coordinates":[[121.45924692,31.22557169],[121.45929714,31.22557182],[121.45931712,31.22554185],[121.45932702,31.22551184],[121.45931676,31.22546171],[121.45927644,31.22543156],[121.45926618,31.22539146],[121.45926618,31.2253614],[121.45928562,31.22525129],[121.45934592,31.22522145],[121.4594361,31.22519166]]}},{"id":"738","type":"Feature","properties":{"gml_id":"layer_pedestrian_road_pl.119395","Name":null,"pyname":null,"kind":"0b01","width":"30","length":"0.011","speedclass":"8","__source_file__":"04-交通数据/1-交通路网/2-分类图层/上海市_行人道路.shp"},"geometry":{"type":"LineString","coordinates":[[121.46026014,31.22519405],[121.46037066,31.2252044]]}},{"id":"737","type":"Feature","properties":{"gml_id":"layer_pedestrian_road_pl.119394","Name":null,"pyname":null,"kind":"0b01","width":"30","length":"0.027","speedclass":"8","__source_file__":"04-交通数据/1-交通路网/2-分类图层/上海市_行人道路.shp"},"geometry":{"type":"LineString","coordinates":[[121.46037066,31.2252044],[121.46045094,31.22520462],[121.46048118,31.22520471],[121.460652,31.22522523]]}},{"id":"759","type":"Feature","properties":{"gml_id":"layer_pedestrian_road_pl.119416","Name":null,"pyname":null,"kind":"0b01","width":"30","length":"0.025","speedclass":"8","__source_file__":"04-交通数据/1-交通路网/2-分类图层/上海市_行人道路.shp"},"geometry":{"type":"LineString","coordinates":[[121.46251122,31.22529075],[121.4627418,31.22519126]]}},{"id":"749","type":"Feature","properties":{"gml_id":"layer_pedestrian_road_pl.119406","Name":null,"pyname":null,"kind":"0b01","width":"30","length":"0.025","speedclass":"8","__source_file__":"04-交通数据/1-交通路网/2-分类图层/上海市_行人道路.shp"},"geometry":{"type":"LineString","coordinates":[[121.46215968,31.22532977],[121.46211936,31.22527959],[121.46203854,31.22520921],[121.46196816,31.22517897]]}},{"id":"2672","type":"Feature","properties":{"gml_id":"layer_pedestrian_road_pl.121329","Name":null,"pyname":null,"kind":"0b01","width":"30","length":"0.014","speedclass":"8","__source_file__":"04-交通数据/1-交通路网/2-分类图层/上海市_行人道路.shp"},"geometry":{"type":"LineString","coordinates":[[121.46273244,31.22532144],[121.4627418,31.22519126]]}},{"id":"760","type":"Feature","properties":{"gml_id":"layer_pedestrian_road_pl.119417","Name":null,"pyname":null,"kind":"0b01","width":"30","length":"0.016","speedclass":"8","__source_file__":"04-交通数据/1-交通路网/2-分类图层/上海市_行人道路.shp"},"geometry":{"type":"LineString","coordinates":[[121.46323482,31.22533292],[121.46326434,31.22519279]]}},{"id":"748","type":"Feature","properties":{"gml_id":"layer_pedestrian_road_pl.119405","Name":null,"pyname":null,"kind":"0b01","width":"30","length":"0.010","speedclass":"8","__source_file__":"04-交通数据/1-交通路网/2-分类图层/上海市_行人道路.shp"},"geometry":{"type":"LineString","coordinates":[[121.46156658,31.22524791],[121.4616672,31.22527824]]}},{"id":"746","type":"Feature","properties":{"gml_id":"layer_pedestrian_road_pl.119403","Name":null,"pyname":null,"kind":"0b01","width":"30","length":"0.060","speedclass":"8","__source_file__":"04-交通数据/1-交通路网/2-分类图层/上海市_行人道路.shp"},"geometry":{"type":"LineString","coordinates":[[121.45964778,31.22533247],[121.45980834,31.22527284],[121.4599689,31.22523324],[121.46010948,31.22521362],[121.46026014,31.22519405]]}},{"id":"2665","type":"Feature","properties":{"gml_id":"layer_pedestrian_road_pl.121322","Name":null,"pyname":null,"kind":"0b01","width":"30","length":"0.031","speedclass":"8","__source_file__":"04-交通数据/1-交通路网/2-分类图层/上海市_行人道路.shp"},"geometry":{"type":"LineString","coordinates":[[121.46196816,31.22517897],[121.46188788,31.22519877],[121.46183784,31.22524872],[121.46182812,31.2253088],[121.4618382,31.22533886],[121.46186862,31.225379]]}},{"id":"2667","type":"Feature","properties":{"gml_id":"layer_pedestrian_road_pl.121324","Name":null,"pyname":null,"kind":"0b01","width":"30","length":"0.019","speedclass":"8","__source_file__":"04-交通数据/1-交通路网/2-分类图层/上海市_行人道路.shp"},"geometry":{"type":"LineString","coordinates":[[121.46231034,31.22531019],[121.46233032,31.2253002],[121.46251122,31.22529075]]}},{"id":"2799","type":"Feature","properties":{"gml_id":"layer_pedestrian_road_pl.121456","Name":null,"pyname":null,"kind":"0b14","width":"30","length":"0.030","speedclass":"8","__source_file__":"04-交通数据/1-交通路网/2-分类图层/上海市_行人道路.shp"},"geometry":{"type":"LineString","coordinates":[[121.45521816,31.22154162],[121.4552583,31.2212718]]}},{"id":"2607","type":"Feature","properties":{"gml_id":"layer_pedestrian_road_pl.121264","Name":null,"pyname":null,"kind":"0b01","width":"30","length":"0.018","speedclass":"8","__source_file__":"04-交通数据/1-交通路网/2-分类图层/上海市_行人道路.shp"},"geometry":{"type":"LineString","coordinates":[[121.44440448,31.22280144],[121.4442342,31.2228711]]}},{"id":"2611","type":"Feature","properties":{"gml_id":"layer_pedestrian_road_pl.121268","Name":null,"pyname":null,"kind":"0b01","width":"30","length":"0.013","speedclass":"8","__source_file__":"04-交通数据/1-交通路网/2-分类图层/上海市_行人道路.shp"},"geometry":{"type":"LineString","coordinates":[[121.44451482,31.2228716],[121.44449466,31.22284158],[121.44440448,31.22280144]]}},{"id":"2621","type":"Feature","properties":{"gml_id":"layer_pedestrian_road_pl.121278","Name":null,"pyname":null,"kind":"0b01","width":"30","length":"0.006","speedclass":"8","__source_file__":"04-交通数据/1-交通路网/2-分类图层/上海市_行人道路.shp"},"geometry":{"type":"LineString","coordinates":[[121.4442441,31.2229211],[121.4442342,31.2228711]]}},{"id":"2614","type":"Feature","properties":{"gml_id":"layer_pedestrian_road_pl.121271","Name":null,"pyname":null,"kind":"0b01","width":"30","length":"0.023","speedclass":"8","__source_file__":"04-交通数据/1-交通路网/2-分类图层/上海市_行人道路.shp"},"geometry":{"type":"LineString","coordinates":[[121.44451482,31.2228716],[121.44455478,31.22288168],[121.44457494,31.2229017],[121.44458484,31.22292173],[121.444605,31.22294175],[121.44470508,31.22298194]]}},{"id":"2610","type":"Feature","properties":{"gml_id":"layer_pedestrian_road_pl.121267","Name":null,"pyname":null,"kind":"0b01","width":"30","length":"0.019","speedclass":"8","__source_file__":"04-交通数据/1-交通路网/2-分类图层/上海市_行人道路.shp"},"geometry":{"type":"LineString","coordinates":[[121.4444646,31.22301146],[121.44444462,31.22298144],[121.44444462,31.22295147],[121.44445452,31.2229215],[121.44447468,31.22290152],[121.44451482,31.2228716]]}},{"id":"2618","type":"Feature","properties":{"gml_id":"layer_pedestrian_road_pl.121275","Name":null,"pyname":null,"kind":"0b01","width":"30","length":"0.081","speedclass":"8","__source_file__":"04-交通数据/1-交通路网/2-分类图层/上海市_行人道路.shp"},"geometry":{"type":"LineString","coordinates":[[121.44507606,31.22311257],[121.44503592,31.2230925],[121.44501576,31.22306244],[121.4449857,31.22296245],[121.44492558,31.22290233],[121.44487554,31.22287227],[121.44477528,31.22281211],[121.44456486,31.22279172],[121.44440448,31.22280144]]}},{"id":"2620","type":"Feature","properties":{"gml_id":"layer_pedestrian_road_pl.121277","Name":null,"pyname":null,"kind":"0b01","width":"30","length":"0.024","speedclass":"8","__source_file__":"04-交通数据/1-交通路网/2-分类图层/上海市_行人道路.shp"},"geometry":{"type":"LineString","coordinates":[[121.4444646,31.22301146],[121.44434436,31.22299125],[121.44432438,31.22298122],[121.44427416,31.22295116],[121.44425418,31.22294112],[121.4442441,31.2229211]]}},{"id":"2608","type":"Feature","properties":{"gml_id":"layer_pedestrian_road_pl.121265","Name":null,"pyname":null,"kind":"0b01","width":"30","length":"0.030","speedclass":"8","__source_file__":"04-交通数据/1-交通路网/2-分类图层/上海市_行人道路.shp"},"geometry":{"type":"LineString","coordinates":[[121.4442342,31.2228711],[121.44418398,31.22291102],[121.44415392,31.22295093],[121.44407382,31.22310074]]}},{"id":"2613","type":"Feature","properties":{"gml_id":"layer_pedestrian_road_pl.121270","Name":null,"pyname":null,"kind":"0b01","width":"30","length":"0.027","speedclass":"8","__source_file__":"04-交通数据/1-交通路网/2-分类图层/上海市_行人道路.shp"},"geometry":{"type":"LineString","coordinates":[[121.44470508,31.22298194],[121.44463506,31.22300178],[121.444605,31.22304174],[121.44459492,31.2230817],[121.444605,31.2231317],[121.44462498,31.2231717]]}},{"id":"2606","type":"Feature","properties":{"gml_id":"layer_pedestrian_road_pl.121263","Name":null,"pyname":null,"kind":"0b01","width":"30","length":"0.024","speedclass":"8","__source_file__":"04-交通数据/1-交通路网/2-分类图层/上海市_行人道路.shp"},"geometry":{"type":"LineString","coordinates":[[121.44462498,31.2231717],[121.44456486,31.2231416],[121.4445348,31.22312157],[121.44448476,31.22307149],[121.4444646,31.22301146]]}},{"id":"2612","type":"Feature","properties":{"gml_id":"layer_pedestrian_road_pl.121269","Name":null,"pyname":null,"kind":"0b01","width":"30","length":"0.038","speedclass":"8","__source_file__":"04-交通数据/1-交通路网/2-分类图层/上海市_行人道路.shp"},"geometry":{"type":"LineString","coordinates":[[121.44476538,31.22321193],[121.44481542,31.22317206],[121.44484548,31.22314214],[121.44485556,31.22310218],[121.44485556,31.22305218],[121.4448255,31.22301213],[121.44480534,31.2230021],[121.44478536,31.22299206],[121.44473514,31.22298198],[121.44470508,31.22298194]]}},{"id":"2609","type":"Feature","properties":{"gml_id":"layer_pedestrian_road_pl.121266","Name":null,"pyname":null,"kind":"0b01","width":"30","length":"0.026","speedclass":"8","__source_file__":"04-交通数据/1-交通路网/2-分类图层/上海市_行人道路.shp"},"geometry":{"type":"LineString","coordinates":[[121.4444646,31.22301146],[121.4443944,31.22304134],[121.44436434,31.22306127],[121.44434436,31.22310123],[121.44433428,31.22314119],[121.44433428,31.22319119]]}},{"id":"2619","type":"Feature","properties":{"gml_id":"layer_pedestrian_road_pl.121276","Name":null,"pyname":null,"kind":"0b01","width":"30","length":"0.010","speedclass":"8","__source_file__":"04-交通数据/1-交通路网/2-分类图层/上海市_行人道路.shp"},"geometry":{"type":"LineString","coordinates":[[121.44503592,31.22319245],[121.4450559,31.22316252],[121.44506598,31.22314254],[121.44507606,31.22311257]]}},{"id":"1142","type":"Feature","properties":{"gml_id":"layer_pedestrian_road_pl.119799","Name":null,"pyname":null,"kind":"0b14","width":"30","length":"0.148","speedclass":"8","__source_file__":"04-交通数据/1-交通路网/2-分类图层/上海市_行人道路.shp"},"geometry":{"type":"LineString","coordinates":[[121.44238002,31.2238274],[121.44241008,31.22356752],[121.4423901,31.22350754],[121.44232998,31.22345741],[121.44227994,31.22345732],[121.44218958,31.22351717],[121.4420994,31.22351699],[121.44206934,31.22349692],[121.44203928,31.22343689],[121.44199932,31.22339684],[121.44199565179544,31.223395616048496]]}},{"id":"2598","type":"Feature","properties":{"gml_id":"layer_pedestrian_road_pl.121255","Name":null,"pyname":null,"kind":"0b14","width":"30","length":"0.048","speedclass":"8","__source_file__":"04-交通数据/1-交通路网/2-分类图层/上海市_行人道路.shp"},"geometry":{"type":"LineString","coordinates":[[121.44153834,31.22381583],[121.44148812,31.22376579],[121.44146814,31.22369577],[121.44144925796735,31.223646872979973]]}},{"id":"2593","type":"Feature","properties":{"gml_id":"layer_pedestrian_road_pl.121250","Name":null,"pyname":null,"kind":"0b14","width":"30","length":"0.050","speedclass":"8","__source_file__":"04-交通数据/1-交通路网/2-分类图层/上海市_行人道路.shp"},"geometry":{"type":"LineString","coordinates":[[121.44287124,31.22386826],[121.44279096,31.22386812],[121.44265074,31.22386785],[121.44262068,31.22384783],[121.44260052,31.2238278],[121.44257046,31.22380773],[121.44252042,31.22379765],[121.44238002,31.2238274]]}},{"id":"1143","type":"Feature","properties":{"gml_id":"layer_pedestrian_road_pl.119800","Name":null,"pyname":null,"kind":"0b14","width":"30","length":"0.135","speedclass":"8","__source_file__":"04-交通数据/1-交通路网/2-分类图层/上海市_行人道路.shp"},"geometry":{"type":"LineString","coordinates":[[121.4412364838286,31.223744716283562],[121.44121758,31.22384526],[121.44122766,31.22388527],[121.44128778,31.22398535],[121.44132774,31.22401541],[121.44137796,31.22408547],[121.44137796,31.22413547],[121.4413578,31.22417538],[121.4413578,31.22422538],[121.44137796,31.2242454],[121.4414181,31.22426547],[121.44169872,31.22425598]]}},{"id":"2597","type":"Feature","properties":{"gml_id":"layer_pedestrian_road_pl.121254","Name":null,"pyname":null,"kind":"0b14","width":"30","length":"0.080","speedclass":"8","__source_file__":"04-交通数据/1-交通路网/2-分类图层/上海市_行人道路.shp"},"geometry":{"type":"LineString","coordinates":[[121.44222972,31.22415698],[121.44210948,31.22413677],[121.44202938,31.22411666],[121.44196926,31.22407656],[121.44191904,31.22401649],[121.44185892,31.22393639],[121.44183894,31.22391636],[121.4417889,31.2238863],[121.4417286,31.22388617],[121.44153834,31.22381583]]}},{"id":"2206","type":"Feature","properties":{"gml_id":"layer_pedestrian_road_pl.120863","Name":null,"pyname":null,"kind":"0b14","width":"30","length":"0.040","speedclass":"8","__source_file__":"04-交通数据/1-交通路网/2-分类图层/上海市_行人道路.shp"},"geometry":{"type":"LineString","coordinates":[[121.44222972,31.22415698],[121.44227994,31.22406711],[121.44234996,31.2239673],[121.44238002,31.22386736],[121.44238002,31.2238274]]}},{"id":"2600","type":"Feature","properties":{"gml_id":"layer_pedestrian_road_pl.121257","Name":null,"pyname":null,"kind":"0b14","width":"30","length":"0.054","speedclass":"8","__source_file__":"04-交通数据/1-交通路网/2-分类图层/上海市_行人道路.shp"},"geometry":{"type":"LineString","coordinates":[[121.44153834,31.22381583],[121.44163842,31.22393598],[121.4416485,31.22398598],[121.44163842,31.22402598],[121.44161844,31.22409591],[121.44162852,31.22413592],[121.44165858,31.22417597],[121.44169872,31.22425598]]}},{"id":"2596","type":"Feature","properties":{"gml_id":"layer_pedestrian_road_pl.121253","Name":null,"pyname":null,"kind":"0b14","width":"30","length":"0.070","speedclass":"8","__source_file__":"04-交通数据/1-交通路网/2-分类图层/上海市_行人道路.shp"},"geometry":{"type":"LineString","coordinates":[[121.44287124,31.22386826],[121.44288114,31.22392829],[121.4429112,31.2239583],[121.44296142,31.2239984],[121.4429715,31.22401842],[121.4429814,31.2240384],[121.4429715,31.2240884],[121.44296142,31.22411837],[121.44296142,31.22414834],[121.44296142,31.22417831],[121.4429715,31.22419833],[121.44300156,31.22422839],[121.4430516,31.22424846],[121.44308166,31.22427852],[121.44313188,31.22440857]]}},{"id":"2207","type":"Feature","properties":{"gml_id":"layer_pedestrian_road_pl.120864","Name":null,"pyname":null,"kind":"0b14","width":"30","length":"0.022","speedclass":"8","__source_file__":"04-交通数据/1-交通路网/2-分类图层/上海市_行人道路.shp"},"geometry":{"type":"LineString","coordinates":[[121.4420094,31.22420657],[121.44222972,31.22415698]]}},{"id":"2599","type":"Feature","properties":{"gml_id":"layer_pedestrian_road_pl.121256","Name":null,"pyname":null,"kind":"0b14","width":"30","length":"0.030","speedclass":"8","__source_file__":"04-交通数据/1-交通路网/2-分类图层/上海市_行人道路.shp"},"geometry":{"type":"LineString","coordinates":[[121.44169872,31.22425598],[121.4420094,31.22420657]]}},{"id":"2205","type":"Feature","properties":{"gml_id":"layer_pedestrian_road_pl.120862","Name":null,"pyname":null,"kind":"0b14","width":"30","length":"0.024","speedclass":"8","__source_file__":"04-交通数据/1-交通路网/2-分类图层/上海市_行人道路.shp"},"geometry":{"type":"LineString","coordinates":[[121.44211956,31.22434674],[121.44222972,31.22415698]]}},{"id":"2617","type":"Feature","properties":{"gml_id":"layer_pedestrian_road_pl.121274","Name":null,"pyname":null,"kind":"0b01","width":"30","length":"0.032","speedclass":"8","__source_file__":"04-交通数据/1-交通路网/2-分类图层/上海市_行人道路.shp"},"geometry":{"type":"LineString","coordinates":[[121.44525642,31.22323286],[121.4452764,31.2231929],[121.44528648,31.22316293],[121.4452764,31.22312292],[121.44524634,31.22311289],[121.4452062,31.2231128],[121.44513618,31.22311266],[121.44507606,31.22311257]]}},{"id":"2616","type":"Feature","properties":{"gml_id":"layer_pedestrian_road_pl.121273","Name":null,"pyname":null,"kind":"0b01","width":"30","length":"0.028","speedclass":"8","__source_file__":"04-交通数据/1-交通路网/2-分类图层/上海市_行人道路.shp"},"geometry":{"type":"LineString","coordinates":[[121.44503592,31.22319245],[121.44500586,31.22317242],[121.4449857,31.22316239],[121.44495564,31.2231623],[121.44484548,31.22321211],[121.44476538,31.22321193]]}},{"id":"2605","type":"Feature","properties":{"gml_id":"layer_pedestrian_road_pl.121262","Name":null,"pyname":null,"kind":"0b01","width":"30","length":"0.014","speedclass":"8","__source_file__":"04-交通数据/1-交通路网/2-分类图层/上海市_行人道路.shp"},"geometry":{"type":"LineString","coordinates":[[121.44462498,31.2231717],[121.44466512,31.22319177],[121.44470526,31.22320185],[121.44476538,31.22321193]]}},{"id":"2615","type":"Feature","properties":{"gml_id":"layer_pedestrian_road_pl.121272","Name":null,"pyname":null,"kind":"0b01","width":"30","length":"0.038","speedclass":"8","__source_file__":"04-交通数据/1-交通路网/2-分类图层/上海市_行人道路.shp"},"geometry":{"type":"LineString","coordinates":[[121.44525642,31.22323286],[121.44521628,31.22330274],[121.4451963,31.22332272],[121.44516624,31.22333267],[121.44513618,31.22333258],[121.44510612,31.22332254],[121.44507606,31.22331251],[121.44506598,31.22328249],[121.4450559,31.22320248],[121.44503592,31.22319245]]}},{"id":"2604","type":"Feature","properties":{"gml_id":"layer_pedestrian_road_pl.121261","Name":null,"pyname":null,"kind":"0b01","width":"30","length":"0.010","speedclass":"8","__source_file__":"04-交通数据/1-交通路网/2-分类图层/上海市_行人道路.shp"},"geometry":{"type":"LineString","coordinates":[[121.44531654,31.22330292],[121.44525642,31.22323286]]}},{"id":"2381","type":"Feature","properties":{"gml_id":"layer_pedestrian_road_pl.121038","Name":null,"pyname":null,"kind":"0b14","width":"30","length":"0.008","speedclass":"8","__source_file__":"04-交通数据/1-交通路网/2-分类图层/上海市_行人道路.shp"},"geometry":{"type":"LineString","coordinates":[[121.44355272,31.22368956],[121.4435727,31.22361963]]}},{"id":"2209","type":"Feature","properties":{"gml_id":"layer_pedestrian_road_pl.120866","Name":null,"pyname":null,"kind":"0b14","width":"30","length":"0.003","speedclass":"8","__source_file__":"04-交通数据/1-交通路网/2-分类图层/上海市_行人道路.shp"},"geometry":{"type":"LineString","coordinates":[[121.44354264,31.22371953],[121.44355272,31.22368956]]}},{"id":"2592","type":"Feature","properties":{"gml_id":"layer_pedestrian_road_pl.121249","Name":null,"pyname":null,"kind":"0b14","width":"30","length":"0.078","speedclass":"8","__source_file__":"04-交通数据/1-交通路网/2-分类图层/上海市_行人道路.shp"},"geometry":{"type":"LineString","coordinates":[[121.44354264,31.22371953],[121.44329208,31.2236591],[121.44319182,31.22364893],[121.4431317,31.22365883],[121.44308166,31.2236987],[121.4430516,31.22375864],[121.44304152,31.2237986],[121.44300156,31.2238485],[121.44293136,31.22386839],[121.44287124,31.22386826]]}},{"id":"2595","type":"Feature","properties":{"gml_id":"layer_pedestrian_road_pl.121252","Name":null,"pyname":null,"kind":"0b14","width":"30","length":"0.099","speedclass":"8","__source_file__":"04-交通数据/1-交通路网/2-分类图层/上海市_行人道路.shp"},"geometry":{"type":"LineString","coordinates":[[121.44313188,31.22440857],[121.4432019,31.22440871],[121.44330216,31.22441888],[121.44333222,31.22440893],[121.4433522,31.22438895],[121.44354264,31.22371953]]}},{"id":"2204","type":"Feature","properties":{"gml_id":"layer_pedestrian_road_pl.120861","Name":null,"pyname":null,"kind":"0b01","width":"30","length":"0.125","speedclass":"8","__source_file__":"04-交通数据/1-交通路网/2-分类图层/上海市_行人道路.shp"},"geometry":{"type":"LineString","coordinates":[[121.4445051,31.22793986],[121.44487572,31.22686089]]}},{"id":"2603","type":"Feature","properties":{"gml_id":"layer_pedestrian_road_pl.121260","Name":null,"pyname":null,"kind":"0b14","width":"30","length":"0.044","speedclass":"8","__source_file__":"04-交通数据/1-交通路网/2-分类图层/上海市_行人道路.shp"},"geometry":{"type":"LineString","coordinates":[[121.44169872,31.22425598],[121.44182886,31.22428622],[121.44184902,31.22429625],[121.44188898,31.22432631],[121.44191904,31.22435637],[121.44197934,31.22436645],[121.44199932,31.22437649],[121.44199932,31.22439651],[121.4420193,31.22440655],[121.4420895,31.22440664]]}},{"id":"2602","type":"Feature","properties":{"gml_id":"layer_pedestrian_road_pl.121259","Name":null,"pyname":null,"kind":"0b14","width":"30","length":"0.007","speedclass":"8","__source_file__":"04-交通数据/1-交通路网/2-分类图层/上海市_行人道路.shp"},"geometry":{"type":"LineString","coordinates":[[121.4420895,31.22440664],[121.44211956,31.22434674]]}},{"id":"2594","type":"Feature","properties":{"gml_id":"layer_pedestrian_road_pl.121251","Name":null,"pyname":null,"kind":"0b14","width":"30","length":"0.103","speedclass":"8","__source_file__":"04-交通数据/1-交通路网/2-分类图层/上海市_行人道路.shp"},"geometry":{"type":"LineString","coordinates":[[121.44211956,31.22434674],[121.44218976,31.22438684],[121.4423802,31.22443719],[121.4424603,31.22445731],[121.44250044,31.22444741],[121.4425305,31.22444745],[121.44264066,31.22442765],[121.4426808,31.22441775],[121.442751,31.22441784],[121.4428212,31.224438],[121.44291138,31.22447814],[121.44293136,31.22448818],[121.44302154,31.22446833],[121.44308166,31.22442846],[121.44313188,31.22440857]]}},{"id":"2601","type":"Feature","properties":{"gml_id":"layer_pedestrian_road_pl.121258","Name":null,"pyname":null,"kind":"0b14","width":"30","length":"0.025","speedclass":"8","__source_file__":"04-交通数据/1-交通路网/2-分类图层/上海市_行人道路.shp"},"geometry":{"type":"LineString","coordinates":[[121.44196926,31.22460639],[121.4420895,31.22440664]]}},{"id":"1177","type":"Feature","properties":{"gml_id":"layer_pedestrian_road_pl.119834","Name":null,"pyname":null,"kind":"0b01","width":"30","length":"0.201","speedclass":"8","__source_file__":"04-交通数据/1-交通路网/2-分类图层/上海市_行人道路.shp"},"geometry":{"type":"LineString","coordinates":[[121.44175884,31.2248759],[121.44146814,31.22473541],[121.44125772,31.22463506],[121.44114738,31.22457489],[121.44108726,31.2245348],[121.44101724,31.22448467],[121.4409771,31.22445461],[121.44093696,31.22440457],[121.44091698,31.22437451],[121.4409069,31.22432451],[121.4409069,31.22427456],[121.44091698,31.22423456],[121.44093696,31.22420463],[121.44095694,31.22416467],[121.4409771,31.22415473],[121.44101706,31.22415477],[121.4410572,31.22417484],[121.44123756,31.22426516],[121.44128778,31.22428523],[121.44132774,31.22429531],[121.44139794,31.22430543],[121.4414181,31.22431547],[121.441428,31.22433549],[121.44143808,31.22436546],[121.441428,31.22441546],[121.441428,31.22445542],[121.441428,31.22449542],[121.44144816,31.22457543]]}},{"id":"1176","type":"Feature","properties":{"gml_id":"layer_pedestrian_road_pl.119833","Name":null,"pyname":null,"kind":"0b14","width":"30","length":"0.037","speedclass":"8","__source_file__":"04-交通数据/1-交通路网/2-分类图层/上海市_行人道路.shp"},"geometry":{"type":"LineString","coordinates":[[121.44175884,31.2248759],[121.441869,31.2248061],[121.44196926,31.22460639]]}},{"id":"1175","type":"Feature","properties":{"gml_id":"layer_pedestrian_road_pl.119832","Name":null,"pyname":null,"kind":"0b01","width":"30","length":"0.015","speedclass":"8","__source_file__":"04-交通数据/1-交通路网/2-分类图层/上海市_行人道路.shp"},"geometry":{"type":"LineString","coordinates":[[121.4416386,31.22496563],[121.44175884,31.2248759]]}},{"id":"6881","type":"Feature","properties":{"gml_id":"layer_pedestrian_road_pl.125841","Name":null,"pyname":null,"kind":"0b01","width":"30","length":"0.019","speedclass":"8","__source_file__":"04-交通数据/1-交通路网/2-分类图层/上海市_行人道路.shp"},"geometry":{"type":"LineString","coordinates":[[121.43879452631687,31.22492828670318],[121.43873214,31.2250703]]}},{"id":"2107","type":"Feature","properties":{"gml_id":"layer_pedestrian_road_pl.120764","Name":null,"pyname":null,"kind":"0b01","width":"30","length":"0.046","speedclass":"8","__source_file__":"04-交通数据/1-交通路网/2-分类图层/上海市_行人道路.shp"},"geometry":{"type":"LineString","coordinates":[[121.44106746,31.22839341],[121.44126798,31.22801393]]}},{"id":"2108","type":"Feature","properties":{"gml_id":"layer_pedestrian_road_pl.120765","Name":null,"pyname":null,"kind":"0b01","width":"30","length":"0.052","speedclass":"8","__source_file__":"04-交通数据/1-交通路网/2-分类图层/上海市_行人道路.shp"},"geometry":{"type":"LineString","coordinates":[[121.44142836,31.22855402],[121.44163878,31.22812458]]}},{"id":"1192","type":"Feature","properties":{"gml_id":"layer_pedestrian_road_pl.119849","Name":null,"pyname":null,"kind":"0b01","width":"30","length":"0.111","speedclass":"8","__source_file__":"04-交通数据/1-交通路网/2-分类图层/上海市_行人道路.shp"},"geometry":{"type":"LineString","coordinates":[[121.44652956,31.22764367],[121.44646944,31.22772354],[121.44630906,31.22795313],[121.446279,31.22802306],[121.44629898,31.22815307],[121.44626892,31.22821301],[121.44615876,31.22831277],[121.4461287,31.22838266],[121.44616866,31.22845272],[121.44624894,31.22848287]]}},{"id":"1193","type":"Feature","properties":{"gml_id":"layer_pedestrian_road_pl.119850","Name":null,"pyname":null,"kind":"0b01","width":"30","length":"0.109","speedclass":"8","__source_file__":"04-交通数据/1-交通路网/2-分类图层/上海市_行人道路.shp"},"geometry":{"type":"LineString","coordinates":[[121.44624894,31.22848287],[121.44628908,31.22850294],[121.44633912,31.22852301],[121.44641922,31.22850317],[121.44652956,31.2283634],[121.44659976,31.2282536],[121.4465796,31.22805362],[121.44673998,31.22786399],[121.44681018,31.2277941]]}},{"id":"1408","type":"Feature","properties":{"gml_id":"layer_pedestrian_road_pl.120065","Name":null,"pyname":null,"kind":"0b01","width":"30","length":"0.103","speedclass":"8","__source_file__":"04-交通数据/1-交通路网/2-分类图层/上海市_行人道路.shp"},"geometry":{"type":"LineString","coordinates":[[121.45033926,31.23096422],[121.45038966,31.23100445],[121.45050054,31.23107487],[121.4505108,31.23109494],[121.4505009,31.23115502],[121.45050108,31.23117504],[121.45052124,31.23119511],[121.45076298,31.23130599],[121.45082346,31.23138627],[121.45085424,31.23149657],[121.4508744,31.23152667],[121.45089456,31.23154674],[121.45100544,31.23161717]]}},{"id":"195","type":"Feature","properties":{"gml_id":"layer_pedestrian_road_pl.118852","Name":null,"pyname":null,"kind":"0b14","width":"30","length":"0.069","speedclass":"8","__source_file__":"04-交通数据/1-交通路网/2-分类图层/上海市_行人道路.shp"},"geometry":{"type":"LineString","coordinates":[[121.44509874,31.23190049],[121.44511854,31.23185045],[121.44516858,31.23181053],[121.4452287,31.23177066],[121.44527892,31.23176076],[121.4453493,31.23176099],[121.4454096,31.23177116],[121.44546,31.23179136],[121.44548016,31.23181143],[121.44549042,31.23185153],[121.4454906,31.23189158],[121.44548106,31.23202176]]}},{"id":"207","type":"Feature","properties":{"gml_id":"layer_pedestrian_road_pl.118864","Name":null,"pyname":null,"kind":"0b14","width":"30","length":"0.010","speedclass":"8","__source_file__":"04-交通数据/1-交通路网/2-分类图层/上海市_行人道路.shp"},"geometry":{"type":"LineString","coordinates":[[121.44509874,31.23190049],[121.44519936,31.23193082]]}},{"id":"208","type":"Feature","properties":{"gml_id":"layer_pedestrian_road_pl.118865","Name":null,"pyname":null,"kind":"0b14","width":"30","length":"0.011","speedclass":"8","__source_file__":"04-交通数据/1-交通路网/2-分类图层/上海市_行人道路.shp"},"geometry":{"type":"LineString","coordinates":[[121.44519936,31.23193082],[121.44531006,31.23197118]]}},{"id":"202","type":"Feature","properties":{"gml_id":"layer_pedestrian_road_pl.118859","Name":null,"pyname":null,"kind":"0b14","width":"30","length":"0.014","speedclass":"8","__source_file__":"04-交通数据/1-交通路网/2-分类图层/上海市_行人道路.shp"},"geometry":{"type":"LineString","coordinates":[[121.44504906,31.2320205],[121.44505896,31.2319805],[121.44509874,31.23190049]]}},{"id":"212","type":"Feature","properties":{"gml_id":"layer_pedestrian_road_pl.118869","Name":null,"pyname":null,"kind":"0b14","width":"30","length":"0.015","speedclass":"8","__source_file__":"04-交通数据/1-交通路网/2-分类图层/上海市_行人道路.shp"},"geometry":{"type":"LineString","coordinates":[[121.44515976,31.23206091],[121.44519936,31.23193082]]}},{"id":"200","type":"Feature","properties":{"gml_id":"layer_pedestrian_road_pl.118857","Name":null,"pyname":null,"kind":"0b14","width":"30","length":"0.017","speedclass":"8","__source_file__":"04-交通数据/1-交通路网/2-分类图层/上海市_行人道路.shp"},"geometry":{"type":"LineString","coordinates":[[121.44531006,31.23197118],[121.44548106,31.23202176]]}},{"id":"204","type":"Feature","properties":{"gml_id":"layer_pedestrian_road_pl.118861","Name":null,"pyname":null,"kind":"0b14","width":"30","length":"0.015","speedclass":"8","__source_file__":"04-交通数据/1-交通路网/2-分类图层/上海市_行人道路.shp"},"geometry":{"type":"LineString","coordinates":[[121.44526038,31.23210123],[121.44531006,31.23197118]]}},{"id":"6339","type":"Feature","properties":{"gml_id":"layer_pedestrian_road_pl.125240","Name":null,"pyname":null,"kind":"0b01","width":"30","length":"0.034","speedclass":"8","__source_file__":"04-交通数据/1-交通路网/2-分类图层/上海市_行人道路.shp"},"geometry":{"type":"LineString","coordinates":[[121.47098868,31.22251101],[121.47064668,31.22240985]]}},{"id":"6840","type":"Feature","properties":{"gml_id":"layer_pedestrian_road_pl.125798","Name":null,"pyname":null,"kind":"0b01","width":"30","length":"0.017","speedclass":"8","__source_file__":"04-交通数据/1-交通路网/2-分类图层/上海市_行人道路.shp"},"geometry":{"type":"LineString","coordinates":[[121.47059682,31.22249985],[121.47042582,31.22243928]]}},{"id":"6839","type":"Feature","properties":{"gml_id":"layer_pedestrian_road_pl.125797","Name":null,"pyname":null,"kind":"0b01","width":"30","length":"0.002","speedclass":"8","__source_file__":"04-交通数据/1-交通路网/2-分类图层/上海市_行人道路.shp"},"geometry":{"type":"LineString","coordinates":[[121.47061698,31.22250993],[121.47059682,31.22249985]]}},{"id":"6826","type":"Feature","properties":{"gml_id":"layer_pedestrian_road_pl.125784","Name":null,"pyname":null,"kind":"0b01","width":"30","length":"0.006","speedclass":"8","__source_file__":"04-交通数据/1-交通路网/2-分类图层/上海市_行人道路.shp"},"geometry":{"type":"LineString","coordinates":[[121.47067728,31.22253014],[121.47061698,31.22250993]]}},{"id":"6825","type":"Feature","properties":{"gml_id":"layer_pedestrian_road_pl.125783","Name":null,"pyname":null,"kind":"0b01","width":"30","length":"0.020","speedclass":"8","__source_file__":"04-交通数据/1-交通路网/2-分类图层/上海市_行人道路.shp"},"geometry":{"type":"LineString","coordinates":[[121.47086862,31.22260083],[121.47067728,31.22253014]]}},{"id":"6325","type":"Feature","properties":{"gml_id":"layer_pedestrian_road_pl.125226","Name":null,"pyname":null,"kind":"0b01","width":"30","length":"0.017","speedclass":"8","__source_file__":"04-交通数据/1-交通路网/2-分类图层/上海市_行人道路.shp"},"geometry":{"type":"LineString","coordinates":[[121.47061698,31.22250993],[121.47056748,31.22266001]]}},{"id":"6824","type":"Feature","properties":{"gml_id":"layer_pedestrian_road_pl.125782","Name":null,"pyname":null,"kind":"0b01","width":"30","length":"0.003","speedclass":"8","__source_file__":"04-交通数据/1-交通路网/2-分类图层/上海市_行人道路.shp"},"geometry":{"type":"LineString","coordinates":[[121.47089886,31.22261091],[121.47086862,31.22260083]]}},{"id":"1299","type":"Feature","properties":{"gml_id":"layer_pedestrian_road_pl.119956","Name":null,"pyname":null,"kind":"0b01","width":"30","length":"0.006","speedclass":"8","__source_file__":"04-交通数据/1-交通路网/2-分类图层/上海市_行人道路.shp"},"geometry":{"type":"LineString","coordinates":[[121.47095916,31.22263112],[121.47089886,31.22261091]]}},{"id":"6326","type":"Feature","properties":{"gml_id":"layer_pedestrian_road_pl.125227","Name":null,"pyname":null,"kind":"0b01","width":"30","length":"0.010","speedclass":"8","__source_file__":"04-交通数据/1-交通路网/2-分类图层/上海市_行人道路.shp"},"geometry":{"type":"LineString","coordinates":[[121.47056748,31.22266001],[121.47053778,31.2227501]]}},{"id":"6330","type":"Feature","properties":{"gml_id":"layer_pedestrian_road_pl.125231","Name":null,"pyname":null,"kind":"0b01","width":"30","length":"0.030","speedclass":"8","__source_file__":"04-交通数据/1-交通路网/2-分类图层/上海市_行人道路.shp"},"geometry":{"type":"LineString","coordinates":[[121.47053778,31.2227501],[121.47083964,31.22284109]]}},{"id":"6332","type":"Feature","properties":{"gml_id":"layer_pedestrian_road_pl.125233","Name":null,"pyname":null,"kind":"0b01","width":"30","length":"0.064","speedclass":"8","__source_file__":"04-交通数据/1-交通路网/2-分类图层/上海市_行人道路.shp"},"geometry":{"type":"LineString","coordinates":[[121.4698104,31.22189663],[121.47013206,31.22194766],[121.47035418,31.22217864]]}},{"id":"6838","type":"Feature","properties":{"gml_id":"layer_pedestrian_road_pl.125796","Name":null,"pyname":null,"kind":"0b01","width":"30","length":"0.013","speedclass":"8","__source_file__":"04-交通数据/1-交通路网/2-分类图层/上海市_行人道路.shp"},"geometry":{"type":"LineString","coordinates":[[121.47042582,31.22243928],[121.47029496,31.22239883]]}},{"id":"7010","type":"Feature","properties":{"gml_id":"layer_pedestrian_road_pl.126011","Name":null,"pyname":null,"kind":"0b01","width":"30","length":"0.055","speedclass":"8","__source_file__":"04-交通数据/1-交通路网/2-分类图层/上海市_行人道路.shp"},"geometry":{"type":"LineString","coordinates":[[121.46971248,31.22247726],[121.4699337,31.22248793],[121.47001416,31.22249819],[121.47009444,31.2225084],[121.47013476,31.22250854],[121.47016464,31.22247857],[121.47020478,31.22246867],[121.47027534,31.22248892]]}},{"id":"6327","type":"Feature","properties":{"gml_id":"layer_pedestrian_road_pl.125228","Name":null,"pyname":null,"kind":"0b01","width":"30","length":"0.031","speedclass":"8","__source_file__":"04-交通数据/1-交通路网/2-分类图层/上海市_行人道路.shp"},"geometry":{"type":"LineString","coordinates":[[121.47056748,31.22266001],[121.47025554,31.22255898]]}},{"id":"6321","type":"Feature","properties":{"gml_id":"layer_pedestrian_road_pl.125222","Name":null,"pyname":null,"kind":"0b01","width":"30","length":"0.031","speedclass":"8","__source_file__":"04-交通数据/1-交通路网/2-分类图层/上海市_行人道路.shp"},"geometry":{"type":"LineString","coordinates":[[121.47019614,31.2227591],[121.47050808,31.22286017]]}},{"id":"266","type":"Feature","properties":{"gml_id":"layer_pedestrian_road_pl.118923","Name":null,"pyname":null,"kind":"0b01","width":"30","length":"0.072","speedclass":"8","__source_file__":"04-交通数据/1-交通路网/2-分类图层/上海市_行人道路.shp"},"geometry":{"type":"LineString","coordinates":[[121.46945868,31.22628246],[121.469751,31.22648361],[121.47004332,31.2266948]]}},{"id":"284","type":"Feature","properties":{"gml_id":"layer_pedestrian_road_pl.118941","Name":null,"pyname":null,"kind":"0b01","width":"30","length":"0.020","speedclass":"8","__source_file__":"04-交通数据/1-交通路网/2-分类图层/上海市_行人道路.shp"},"geometry":{"type":"LineString","coordinates":[[121.4704152,31.2267159],[121.47049476,31.22654589]]}},{"id":"285","type":"Feature","properties":{"gml_id":"layer_pedestrian_road_pl.118942","Name":null,"pyname":null,"kind":"0b01","width":"30","length":"0.035","speedclass":"8","__source_file__":"04-交通数据/1-交通路网/2-分类图层/上海市_行人道路.shp"},"geometry":{"type":"LineString","coordinates":[[121.47004332,31.2266948],[121.47022422,31.22669534],[121.4704152,31.2267159]]}},{"id":"1838","type":"Feature","properties":{"gml_id":"layer_pedestrian_road_pl.120495","Name":null,"pyname":null,"kind":"0b01","width":"30","length":"0.066","speedclass":"8","__source_file__":"04-交通数据/1-交通路网/2-分类图层/上海市_行人道路.shp"},"geometry":{"type":"LineString","coordinates":[[121.47004332,31.2266948],[121.46990292,31.22672445],[121.46980266,31.22677422],[121.46971248,31.22684406],[121.46963274,31.22696403],[121.46958306,31.22708405]]}},{"id":"1839","type":"Feature","properties":{"gml_id":"layer_pedestrian_road_pl.120496","Name":null,"pyname":null,"kind":"0b01","width":"30","length":"0.043","speedclass":"8","__source_file__":"04-交通数据/1-交通路网/2-分类图层/上海市_行人道路.shp"},"geometry":{"type":"LineString","coordinates":[[121.46915034,31.22696264],[121.46958306,31.22708405]]}},{"id":"2642","type":"Feature","properties":{"gml_id":"layer_pedestrian_road_pl.121299","Name":null,"pyname":null,"kind":"0b01","width":"30","length":"0.012","speedclass":"8","__source_file__":"04-交通数据/1-交通路网/2-分类图层/上海市_行人道路.shp"},"geometry":{"type":"LineString","coordinates":[[121.46768838,31.22367323],[121.46771862,31.22368335],[121.46773878,31.22370342],[121.46773896,31.22375351]]}},{"id":"2641","type":"Feature","properties":{"gml_id":"layer_pedestrian_road_pl.121298","Name":null,"pyname":null,"kind":"0b01","width":"30","length":"0.017","speedclass":"8","__source_file__":"04-交通数据/1-交通路网/2-分类图层/上海市_行人道路.shp"},"geometry":{"type":"LineString","coordinates":[[121.4675883,31.22376309],[121.46757822,31.22373303],[121.46759802,31.22369303],[121.46763816,31.22367309],[121.46768838,31.22367323]]}},{"id":"2643","type":"Feature","properties":{"gml_id":"layer_pedestrian_road_pl.121300","Name":null,"pyname":null,"kind":"0b01","width":"30","length":"0.019","speedclass":"8","__source_file__":"04-交通数据/1-交通路网/2-分类图层/上海市_行人道路.shp"},"geometry":{"type":"LineString","coordinates":[[121.46773896,31.22375351],[121.46771898,31.22378352],[121.46768892,31.22380346],[121.4676387,31.22380332],[121.46760846,31.22378321],[121.4675883,31.22376309]]}},{"id":"2638","type":"Feature","properties":{"gml_id":"layer_pedestrian_road_pl.121295","Name":null,"pyname":null,"kind":"0b01","width":"30","length":"0.027","speedclass":"8","__source_file__":"04-交通数据/1-交通路网/2-分类图层/上海市_行人道路.shp"},"geometry":{"type":"LineString","coordinates":[[121.46718618,31.22370185],[121.46726682,31.22375216],[121.46733756,31.22385251],[121.4673678,31.22388266]]}},{"id":"2640","type":"Feature","properties":{"gml_id":"layer_pedestrian_road_pl.121297","Name":null,"pyname":null,"kind":"0b01","width":"30","length":"0.025","speedclass":"8","__source_file__":"04-交通数据/1-交通路网/2-分类图层/上海市_行人道路.shp"},"geometry":{"type":"LineString","coordinates":[[121.4673678,31.22388266],[121.46755824,31.22377304],[121.4675883,31.22376309]]}},{"id":"2639","type":"Feature","properties":{"gml_id":"layer_pedestrian_road_pl.121296","Name":null,"pyname":null,"kind":"0b01","width":"30","length":"0.005","speedclass":"8","__source_file__":"04-交通数据/1-交通路网/2-分类图层/上海市_行人道路.shp"},"geometry":{"type":"LineString","coordinates":[[121.4673678,31.22388266],[121.46739822,31.2239228]]}},{"id":"2637","type":"Feature","properties":{"gml_id":"layer_pedestrian_road_pl.121294","Name":null,"pyname":null,"kind":"0b01","width":"30","length":"0.017","speedclass":"8","__source_file__":"04-交通数据/1-交通路网/2-分类图层/上海市_行人道路.shp"},"geometry":{"type":"LineString","coordinates":[[121.46725782,31.22401253],[121.46739822,31.2239228]]}},{"id":"2636","type":"Feature","properties":{"gml_id":"layer_pedestrian_road_pl.121293","Name":null,"pyname":null,"kind":"0b01","width":"30","length":"0.048","speedclass":"8","__source_file__":"04-交通数据/1-交通路网/2-分类图层/上海市_行人道路.shp"},"geometry":{"type":"LineString","coordinates":[[121.46739822,31.2239228],[121.46747904,31.22401316],[121.46761998,31.22407368],[121.46782122,31.22414438]]}},{"id":"255","type":"Feature","properties":{"gml_id":"layer_pedestrian_road_pl.118912","Name":null,"pyname":null,"kind":"0b01","width":"30","length":"0.014","speedclass":"8","__source_file__":"04-交通数据/1-交通路网/2-分类图层/上海市_行人道路.shp"},"geometry":{"type":"LineString","coordinates":[[121.46735664,31.2258056],[121.46738616,31.22568549]]}},{"id":"1281","type":"Feature","properties":{"gml_id":"layer_pedestrian_road_pl.119938","Name":null,"pyname":null,"kind":"0b01","width":"30","length":"0.026","speedclass":"8","__source_file__":"04-交通数据/1-交通路网/2-分类图层/上海市_行人道路.shp"},"geometry":{"type":"LineString","coordinates":[[121.46708538,31.22582486],[121.46735664,31.2258056]]}},{"id":"6324","type":"Feature","properties":{"gml_id":"layer_pedestrian_road_pl.125225","Name":null,"pyname":null,"kind":"0b01","width":"30","length":"0.013","speedclass":"8","__source_file__":"04-交通数据/1-交通路网/2-分类图层/上海市_行人道路.shp"},"geometry":{"type":"LineString","coordinates":[[121.47053778,31.2227501],[121.47050808,31.22286017]]}},{"id":"6331","type":"Feature","properties":{"gml_id":"layer_pedestrian_road_pl.125232","Name":null,"pyname":null,"kind":"0b01","width":"30","length":"0.007","speedclass":"8","__source_file__":"04-交通数据/1-交通路网/2-分类图层/上海市_行人道路.shp"},"geometry":{"type":"LineString","coordinates":[[121.47083964,31.22284109],[121.47091002,31.22286134]]}},{"id":"6322","type":"Feature","properties":{"gml_id":"layer_pedestrian_road_pl.125223","Name":null,"pyname":null,"kind":"0b01","width":"30","length":"0.009","speedclass":"8","__source_file__":"04-交通数据/1-交通路网/2-分类图层/上海市_行人道路.shp"},"geometry":{"type":"LineString","coordinates":[[121.47050808,31.22286017],[121.47047838,31.22294022]]}},{"id":"6323","type":"Feature","properties":{"gml_id":"layer_pedestrian_road_pl.125224","Name":null,"pyname":null,"kind":"0b01","width":"30","length":"0.007","speedclass":"8","__source_file__":"04-交通数据/1-交通路网/2-分类图层/上海市_行人道路.shp"},"geometry":{"type":"LineString","coordinates":[[121.47047838,31.22294022],[121.4704584,31.22300025]]}},{"id":"6328","type":"Feature","properties":{"gml_id":"layer_pedestrian_road_pl.125229","Name":null,"pyname":null,"kind":"0b01","width":"30","length":"0.035","speedclass":"8","__source_file__":"04-交通数据/1-交通路网/2-分类图层/上海市_行人道路.shp"},"geometry":{"type":"LineString","coordinates":[[121.47047838,31.22294022],[121.47082038,31.22305137]]}},{"id":"6329","type":"Feature","properties":{"gml_id":"layer_pedestrian_road_pl.125230","Name":null,"pyname":null,"kind":"0b01","width":"30","length":"0.004","speedclass":"8","__source_file__":"04-交通数据/1-交通路网/2-分类图层/上海市_行人道路.shp"},"geometry":{"type":"LineString","coordinates":[[121.47082038,31.22305137],[121.4708607,31.2230615]]}},{"id":"289","type":"Feature","properties":{"gml_id":"layer_pedestrian_road_pl.118946","Name":null,"pyname":null,"kind":"0b01","width":"30","length":"0.087","speedclass":"8","__source_file__":"04-交通数据/1-交通路网/2-分类图层/上海市_行人道路.shp"},"geometry":{"type":"LineString","coordinates":[[121.4704152,31.2267159],[121.47060654,31.22678655],[121.47070716,31.22682692],[121.47080796,31.22688731],[121.47089886,31.22698775],[121.47109074,31.22721864]]}},{"id":"288","type":"Feature","properties":{"gml_id":"layer_pedestrian_road_pl.118945","Name":null,"pyname":null,"kind":"0b01","width":"30","length":"0.078","speedclass":"8","__source_file__":"04-交通数据/1-交通路网/2-分类图层/上海市_行人道路.shp"},"geometry":{"type":"LineString","coordinates":[[121.4707797,31.22729789],[121.47069798,31.22703725],[121.47058692,31.22691674],[121.47049638,31.22687637],[121.4704359,31.22682615],[121.4703954,31.22678597],[121.4704053,31.22673593],[121.4704152,31.2267159]]}},{"id":"291","type":"Feature","properties":{"gml_id":"layer_pedestrian_road_pl.118948","Name":null,"pyname":null,"kind":"0b01","width":"30","length":"0.044","speedclass":"8","__source_file__":"04-交通数据/1-交通路网/2-分类图层/上海市_行人道路.shp"},"geometry":{"type":"LineString","coordinates":[[121.47109074,31.22721864],[121.47131016,31.22686872]]}},{"id":"1285","type":"Feature","properties":{"gml_id":"layer_pedestrian_road_pl.119942","Name":null,"pyname":null,"kind":"0b01","width":"30","length":"0.009","speedclass":"8","__source_file__":"04-交通数据/1-交通路网/2-分类图层/上海市_行人道路.shp"},"geometry":{"type":"LineString","coordinates":[[121.47100038,31.22723844],[121.47109074,31.22721864]]}},{"id":"764","type":"Feature","properties":{"gml_id":"layer_pedestrian_road_pl.119421","Name":null,"pyname":null,"kind":"0b01","width":"30","length":"0.052","speedclass":"8","__source_file__":"04-交通数据/1-交通路网/2-分类图层/上海市_行人道路.shp"},"geometry":{"type":"LineString","coordinates":[[121.46414724,31.22491491],[121.46469012,31.22497656]]}},{"id":"766","type":"Feature","properties":{"gml_id":"layer_pedestrian_road_pl.119423","Name":null,"pyname":null,"kind":"0b01","width":"30","length":"0.026","speedclass":"8","__source_file__":"04-交通数据/1-交通路网/2-分类图层/上海市_行人道路.shp"},"geometry":{"type":"LineString","coordinates":[[121.46373522,31.22490371],[121.46376582,31.2249839],[121.46383638,31.2250442],[121.46390676,31.22507444]]}},{"id":"767","type":"Feature","properties":{"gml_id":"layer_pedestrian_road_pl.119424","Name":null,"pyname":null,"kind":"0b01","width":"30","length":"0.031","speedclass":"8","__source_file__":"04-交通数据/1-交通路网/2-分类图层/上海市_行人道路.shp"},"geometry":{"type":"LineString","coordinates":[[121.46390676,31.22507444],[121.4640072,31.22505473],[121.46409738,31.22500491],[121.46414724,31.22491491]]}},{"id":"242","type":"Feature","properties":{"gml_id":"layer_pedestrian_road_pl.118899","Name":null,"pyname":null,"kind":"0b01","width":"30","length":"0.076","speedclass":"8","__source_file__":"04-交通数据/1-交通路网/2-分类图层/上海市_行人道路.shp"},"geometry":{"type":"LineString","coordinates":[[121.46469012,31.22497656],[121.46549418,31.22501895]]}},{"id":"2261","type":"Feature","properties":{"gml_id":"layer_pedestrian_road_pl.120918","Name":null,"pyname":null,"kind":"0b01","width":"30","length":"0.054","speedclass":"8","__source_file__":"04-交通数据/1-交通路网/2-分类图层/上海市_行人道路.shp"},"geometry":{"type":"LineString","coordinates":[[121.46533506,31.22539911],[121.46536422,31.22517884],[121.46547474,31.22518919],[121.46549418,31.22501895]]}},{"id":"763","type":"Feature","properties":{"gml_id":"layer_pedestrian_road_pl.119420","Name":null,"pyname":null,"kind":"0b01","width":"30","length":"0.047","speedclass":"8","__source_file__":"04-交通数据/1-交通路网/2-分类图层/上海市_行人道路.shp"},"geometry":{"type":"LineString","coordinates":[[121.46382846,31.22549487],[121.46390676,31.22507444]]}},{"id":"247","type":"Feature","properties":{"gml_id":"layer_pedestrian_road_pl.118904","Name":null,"pyname":null,"kind":"0b01","width":"30","length":"0.053","speedclass":"8","__source_file__":"04-交通数据/1-交通路网/2-分类图层/上海市_行人道路.shp"},"geometry":{"type":"LineString","coordinates":[[121.46597082,31.22597183],[121.4658693,31.22578125],[121.46576814,31.22563073],[121.4657379,31.22558055],[121.46570748,31.2255504]]}},{"id":"1282","type":"Feature","properties":{"gml_id":"layer_pedestrian_road_pl.119939","Name":null,"pyname":null,"kind":"0b01","width":"30","length":"0.037","speedclass":"8","__source_file__":"04-交通数据/1-交通路网/2-分类图层/上海市_行人道路.shp"},"geometry":{"type":"LineString","coordinates":[[121.46661324,31.22585352],[121.46687442,31.22583426],[121.46700492,31.22582463]]}},{"id":"252","type":"Feature","properties":{"gml_id":"layer_pedestrian_road_pl.118909","Name":null,"pyname":null,"kind":"0b01","width":"30","length":"0.064","speedclass":"8","__source_file__":"04-交通数据/1-交通路网/2-分类图层/上海市_行人道路.shp"},"geometry":{"type":"LineString","coordinates":[[121.46597082,31.22597183],[121.46610096,31.22589209],[121.46629176,31.22586261],[121.46642226,31.22585298],[121.46661324,31.22585352]]}},{"id":"246","type":"Feature","properties":{"gml_id":"layer_pedestrian_road_pl.118903","Name":null,"pyname":null,"kind":"0b01","width":"30","length":"0.059","speedclass":"8","__source_file__":"04-交通数据/1-交通路网/2-分类图层/上海市_行人道路.shp"},"geometry":{"type":"LineString","coordinates":[[121.46598288,31.22642259],[121.46591232,31.22637228],[121.46586156,31.22627198],[121.46584104,31.22616177],[121.46588064,31.22603168],[121.46597082,31.22597183]]}},{"id":"1283","type":"Feature","properties":{"gml_id":"layer_pedestrian_road_pl.119940","Name":null,"pyname":null,"kind":"0b01","width":"30","length":"0.008","speedclass":"8","__source_file__":"04-交通数据/1-交通路网/2-分类图层/上海市_行人道路.shp"},"geometry":{"type":"LineString","coordinates":[[121.46700492,31.22582463],[121.46708538,31.22582486]]}},{"id":"254","type":"Feature","properties":{"gml_id":"layer_pedestrian_road_pl.118911","Name":null,"pyname":null,"kind":"0b01","width":"30","length":"0.024","speedclass":"8","__source_file__":"04-交通数据/1-交通路网/2-分类图层/上海市_行人道路.shp"},"geometry":{"type":"LineString","coordinates":[[121.46729724,31.22601575],[121.46732712,31.22594573],[121.46735664,31.2258056]]}},{"id":"253","type":"Feature","properties":{"gml_id":"layer_pedestrian_road_pl.118910","Name":null,"pyname":null,"kind":"0b01","width":"30","length":"0.057","speedclass":"8","__source_file__":"04-交通数据/1-交通路网/2-分类图层/上海市_行人道路.shp"},"geometry":{"type":"LineString","coordinates":[[121.46661324,31.22585352],[121.466925,31.22590451],[121.46719662,31.22598542]]}},{"id":"2258","type":"Feature","properties":{"gml_id":"layer_pedestrian_road_pl.120915","Name":null,"pyname":null,"kind":"0b01","width":"30","length":"0.047","speedclass":"8","__source_file__":"04-交通数据/1-交通路网/2-分类图层/上海市_行人道路.shp"},"geometry":{"type":"LineString","coordinates":[[121.4676999,31.22616717],[121.46791914,31.22578719]]}},{"id":"2708","type":"Feature","properties":{"gml_id":"layer_pedestrian_road_pl.121365","Name":null,"pyname":null,"kind":"0b01","width":"30","length":"0.010","speedclass":"8","__source_file__":"04-交通数据/1-交通路网/2-分类图层/上海市_行人道路.shp"},"geometry":{"type":"LineString","coordinates":[[121.46719662,31.22598542],[121.46729724,31.22601575]]}},{"id":"2368","type":"Feature","properties":{"gml_id":"layer_pedestrian_road_pl.121025","Name":null,"pyname":null,"kind":"0b01","width":"30","length":"0.006","speedclass":"8","__source_file__":"04-交通数据/1-交通路网/2-分类图层/上海市_行人道路.shp"},"geometry":{"type":"LineString","coordinates":[[121.46727744,31.22606579],[121.46729724,31.22601575]]}},{"id":"2257","type":"Feature","properties":{"gml_id":"layer_pedestrian_road_pl.120914","Name":null,"pyname":null,"kind":"0b01","width":"30","length":"0.043","speedclass":"8","__source_file__":"04-交通数据/1-交通路网/2-分类图层/上海市_行人道路.shp"},"geometry":{"type":"LineString","coordinates":[[121.4676999,31.22616717],[121.46757894,31.22607668],[121.46744808,31.22605625],[121.46729724,31.22601575]]}},{"id":"2367","type":"Feature","properties":{"gml_id":"layer_pedestrian_road_pl.121024","Name":null,"pyname":null,"kind":"0b01","width":"30","length":"0.007","speedclass":"8","__source_file__":"04-交通数据/1-交通路网/2-分类图层/上海市_行人道路.shp"},"geometry":{"type":"LineString","coordinates":[[121.46725764,31.22612582],[121.46727744,31.22606579]]}},{"id":"2366","type":"Feature","properties":{"gml_id":"layer_pedestrian_road_pl.121023","Name":null,"pyname":null,"kind":"0b01","width":"30","length":"0.005","speedclass":"8","__source_file__":"04-交通数据/1-交通路网/2-分类图层/上海市_行人道路.shp"},"geometry":{"type":"LineString","coordinates":[[121.46723766,31.22616582],[121.46725764,31.22612582]]}},{"id":"251","type":"Feature","properties":{"gml_id":"layer_pedestrian_road_pl.118908","Name":null,"pyname":null,"kind":"0b01","width":"30","length":"0.010","speedclass":"8","__source_file__":"04-交通数据/1-交通路网/2-分类图层/上海市_行人道路.shp"},"geometry":{"type":"LineString","coordinates":[[121.46719788,31.22624583],[121.46723766,31.22616582]]}},{"id":"257","type":"Feature","properties":{"gml_id":"layer_pedestrian_road_pl.118914","Name":null,"pyname":null,"kind":"0b01","width":"30","length":"0.043","speedclass":"8","__source_file__":"04-交通数据/1-交通路网/2-分类图层/上海市_行人道路.shp"},"geometry":{"type":"LineString","coordinates":[[121.4668872,31.22643524],[121.466907,31.22637521],[121.46694678,31.2262952],[121.46698692,31.22625524],[121.46708718,31.22623548],[121.46719788,31.22624583]]}},{"id":"262","type":"Feature","properties":{"gml_id":"layer_pedestrian_road_pl.118919","Name":null,"pyname":null,"kind":"0b01","width":"30","length":"0.049","speedclass":"8","__source_file__":"04-交通数据/1-交通路网/2-分类图层/上海市_行人道路.shp"},"geometry":{"type":"LineString","coordinates":[[121.46792274,31.22656844],[121.46786172,31.22640801],[121.46776056,31.22625749],[121.46772006,31.22618724],[121.4676999,31.22616717]]}},{"id":"250","type":"Feature","properties":{"gml_id":"layer_pedestrian_road_pl.118907","Name":null,"pyname":null,"kind":"0b01","width":"30","length":"0.040","speedclass":"8","__source_file__":"04-交通数据/1-交通路网/2-分类图层/上海市_行人道路.shp"},"geometry":{"type":"LineString","coordinates":[[121.46706882,31.22658599],[121.46719788,31.22624583]]}},{"id":"249","type":"Feature","properties":{"gml_id":"layer_pedestrian_road_pl.118906","Name":null,"pyname":null,"kind":"0b01","width":"30","length":"0.026","speedclass":"8","__source_file__":"04-交通数据/1-交通路网/2-分类图层/上海市_行人道路.shp"},"geometry":{"type":"LineString","coordinates":[[121.4668872,31.22643524],[121.46695758,31.22644545],[121.46700798,31.22647565],[121.46703822,31.22650575],[121.46706882,31.22658599]]}},{"id":"265","type":"Feature","properties":{"gml_id":"layer_pedestrian_road_pl.118922","Name":null,"pyname":null,"kind":"0b01","width":"30","length":"0.052","speedclass":"8","__source_file__":"04-交通数据/1-交通路网/2-分类图层/上海市_行人道路.shp"},"geometry":{"type":"LineString","coordinates":[[121.46792274,31.22656844],[121.46840604,31.2267902]]}},{"id":"264","type":"Feature","properties":{"gml_id":"layer_pedestrian_road_pl.118921","Name":null,"pyname":null,"kind":"0b01","width":"30","length":"0.015","speedclass":"8","__source_file__":"04-交通数据/1-交通路网/2-分类图层/上海市_行人道路.shp"},"geometry":{"type":"LineString","coordinates":[[121.46840604,31.2267902],[121.46847588,31.22667018]]}},{"id":"248","type":"Feature","properties":{"gml_id":"layer_pedestrian_road_pl.118905","Name":null,"pyname":null,"kind":"0b01","width":"30","length":"0.045","speedclass":"8","__source_file__":"04-交通数据/1-交通路网/2-分类图层/上海市_行人道路.shp"},"geometry":{"type":"LineString","coordinates":[[121.46685948,31.22694594],[121.46704884,31.22662599],[121.46706882,31.22658599]]}},{"id":"261","type":"Feature","properties":{"gml_id":"layer_pedestrian_road_pl.118918","Name":null,"pyname":null,"kind":"0b01","width":"30","length":"0.071","speedclass":"8","__source_file__":"04-交通数据/1-交通路网/2-分类图层/上海市_行人道路.shp"},"geometry":{"type":"LineString","coordinates":[[121.46834646,31.2269603],[121.46827626,31.22697011],[121.4681958,31.22696984],[121.46793372,31.2267888],[121.46792364,31.22675874],[121.46792274,31.22656844]]}},{"id":"258","type":"Feature","properties":{"gml_id":"layer_pedestrian_road_pl.118915","Name":null,"pyname":null,"kind":"0b01","width":"30","length":"0.090","speedclass":"8","__source_file__":"04-交通数据/1-交通路网/2-分类图层/上海市_行人道路.shp"},"geometry":{"type":"LineString","coordinates":[[121.46706882,31.22658599],[121.46715936,31.22662631],[121.46722974,31.22662653],[121.46729004,31.22662671],[121.46734026,31.22664687],[121.46737068,31.22668701],[121.46738112,31.22677719],[121.46742162,31.22684744],[121.46749218,31.2268977],[121.46778396,31.22699873]]}},{"id":"263","type":"Feature","properties":{"gml_id":"layer_pedestrian_road_pl.118920","Name":null,"pyname":null,"kind":"0b01","width":"30","length":"0.020","speedclass":"8","__source_file__":"04-交通数据/1-交通路网/2-分类图层/上海市_行人道路.shp"},"geometry":{"type":"LineString","coordinates":[[121.46834646,31.2269603],[121.4683461,31.22688015],[121.46840604,31.2267902]]}},{"id":"2627","type":"Feature","properties":{"gml_id":"layer_pedestrian_road_pl.121284","Name":null,"pyname":null,"kind":"0b01","width":"30","length":"0.070","speedclass":"8","__source_file__":"04-交通数据/1-交通路网/2-分类图层/上海市_行人道路.shp"},"geometry":{"type":"LineString","coordinates":[[121.46324994,31.22643465],[121.46369202,31.22642592],[121.4638929,31.22642651],[121.46398344,31.2264468]]}},{"id":"256","type":"Feature","properties":{"gml_id":"layer_pedestrian_road_pl.118913","Name":null,"pyname":null,"kind":"0b01","width":"30","length":"0.096","speedclass":"8","__source_file__":"04-交通数据/1-交通路网/2-分类图层/上海市_行人道路.shp"},"geometry":{"type":"LineString","coordinates":[[121.46598288,31.22642259],[121.46604336,31.22645279],[121.46612364,31.22646305],[121.46624406,31.22642336],[121.46631426,31.22640351],[121.46642496,31.22641386],[121.4665155,31.22644415],[121.46659614,31.22650449],[121.46666652,31.22652474],[121.46677704,31.22652506],[121.46686722,31.22647524],[121.4668872,31.22643524]]}},{"id":"2707","type":"Feature","properties":{"gml_id":"layer_pedestrian_road_pl.121364","Name":null,"pyname":null,"kind":"0b01","width":"30","length":"0.020","speedclass":"8","__source_file__":"04-交通数据/1-交通路网/2-分类图层/上海市_行人道路.shp"},"geometry":{"type":"LineString","coordinates":[[121.46580234,31.22651219],[121.46584248,31.22650229],[121.46589252,31.22646237],[121.46594274,31.22643249],[121.46598288,31.22642259]]}},{"id":"2628","type":"Feature","properties":{"gml_id":"layer_pedestrian_road_pl.121285","Name":null,"pyname":null,"kind":"0b01","width":"30","length":"0.021","speedclass":"8","__source_file__":"04-交通数据/1-交通路网/2-分类图层/上海市_行人道路.shp"},"geometry":{"type":"LineString","coordinates":[[121.46398344,31.2264468],[121.46402394,31.22650701],[121.4640747,31.22661735]]}},{"id":"1247","type":"Feature","properties":{"gml_id":"layer_pedestrian_road_pl.119904","Name":null,"pyname":null,"kind":"0b01","width":"30","length":"0.137","speedclass":"8","__source_file__":"04-交通数据/1-交通路网/2-分类图层/上海市_行人道路.shp"},"geometry":{"type":"LineString","coordinates":[[121.4634231,31.22693595],[121.46347242,31.22675582],[121.4634924,31.22673584],[121.46353254,31.22672594],[121.46356278,31.22674605],[121.46359338,31.22684631],[121.4636337,31.22687646],[121.463694,31.22685662],[121.4637039,31.2268266],[121.46372388,31.2267866],[121.46372352,31.22672648],[121.46365278,31.22662613],[121.46364252,31.22657604],[121.46364234,31.22654598],[121.4636724,31.22651601],[121.46372244,31.22649612],[121.46378274,31.22650634],[121.46382306,31.22651646],[121.46389362,31.22656673],[121.46393376,31.22656686],[121.46395374,31.22653685],[121.46398344,31.2264468]]}},{"id":"897","type":"Feature","properties":{"gml_id":"layer_pedestrian_road_pl.119554","Name":null,"pyname":null,"kind":"0b01","width":"30","length":"0.020","speedclass":"8","__source_file__":"04-交通数据/1-交通路网/2-分类图层/上海市_行人道路.shp"},"geometry":{"type":"LineString","coordinates":[[121.4644968,31.22664863],[121.4645472,31.22668881],[121.46460786,31.22673908],[121.4646381,31.22677922]]}},{"id":"1166","type":"Feature","properties":{"gml_id":"layer_pedestrian_road_pl.119823","Name":null,"pyname":null,"kind":"0b01","width":"30","length":"0.035","speedclass":"8","__source_file__":"04-交通数据/1-交通路网/2-分类图层/上海市_行人道路.shp"},"geometry":{"type":"LineString","coordinates":[[121.4646381,31.22677922],[121.46468832,31.22675933],[121.46474844,31.22671946],[121.46477832,31.22669952],[121.46483862,31.2266997],[121.4648991,31.22670987],[121.46496948,31.22673012]]}},{"id":"1167","type":"Feature","properties":{"gml_id":"layer_pedestrian_road_pl.119824","Name":null,"pyname":null,"kind":"0b01","width":"30","length":"0.021","speedclass":"8","__source_file__":"04-交通数据/1-交通路网/2-分类图层/上海市_行人道路.shp"},"geometry":{"type":"LineString","coordinates":[[121.46496948,31.22673012],[121.46504994,31.2267704],[121.46514084,31.22685081]]}},{"id":"898","type":"Feature","properties":{"gml_id":"layer_pedestrian_road_pl.119555","Name":null,"pyname":null,"kind":"0b01","width":"30","length":"0.011","speedclass":"8","__source_file__":"04-交通数据/1-交通路网/2-分类图层/上海市_行人道路.shp"},"geometry":{"type":"LineString","coordinates":[[121.4646381,31.22677922],[121.46463846,31.22683934],[121.46464854,31.22687943]]}},{"id":"900","type":"Feature","properties":{"gml_id":"layer_pedestrian_road_pl.119557","Name":null,"pyname":null,"kind":"0b01","width":"30","length":"0.045","speedclass":"8","__source_file__":"04-交通数据/1-交通路网/2-分类图层/上海市_行人道路.shp"},"geometry":{"type":"LineString","coordinates":[[121.46514084,31.22685081],[121.46520114,31.22684096],[121.46527134,31.22684118],[121.4653419,31.22688141],[121.46539248,31.22696169],[121.46542272,31.22699184],[121.46546304,31.227012],[121.46552334,31.22701218]]}},{"id":"1840","type":"Feature","properties":{"gml_id":"layer_pedestrian_road_pl.120497","Name":null,"pyname":null,"kind":"0b01","width":"30","length":"0.050","speedclass":"8","__source_file__":"04-交通数据/1-交通路网/2-分类图层/上海市_行人道路.shp"},"geometry":{"type":"LineString","coordinates":[[121.46958306,31.22708405],[121.46956344,31.22722422],[121.46958432,31.22738456],[121.46964534,31.22752491]]}},{"id":"2713","type":"Feature","properties":{"gml_id":"layer_pedestrian_road_pl.121370","Name":null,"pyname":null,"kind":"0b08","width":"30","length":"0.045","speedclass":"8","__source_file__":"04-交通数据/1-交通路网/2-分类图层/上海市_行人道路.shp"},"geometry":{"type":"LineString","coordinates":[[121.46831766,31.22723061],[121.46875056,31.22740215]]}},{"id":"273","type":"Feature","properties":{"gml_id":"layer_pedestrian_road_pl.118930","Name":null,"pyname":null,"kind":"0b01","width":"30","length":"0.130","speedclass":"8","__source_file__":"04-交通数据/1-交通路网/2-分类图层/上海市_行人道路.shp"},"geometry":{"type":"LineString","coordinates":[[121.46981598,31.22751542],[121.46986566,31.22738537],[121.46991534,31.22725532],[121.46996538,31.22720537],[121.47004566,31.22718557],[121.47011604,31.22719578],[121.47013638,31.22725595],[121.47018678,31.22729613],[121.47027714,31.22728641],[121.47034752,31.22728659],[121.47041808,31.22732687],[121.47046866,31.22739711],[121.47048882,31.22743725],[121.47051924,31.22746736],[121.47057954,31.2274976],[121.47074046,31.22753814]]}},{"id":"2711","type":"Feature","properties":{"gml_id":"layer_pedestrian_road_pl.121368","Name":null,"pyname":null,"kind":"0b08","width":"30","length":"0.008","speedclass":"8","__source_file__":"04-交通数据/1-交通路网/2-分类图层/上海市_行人道路.shp"},"geometry":{"type":"LineString","coordinates":[[121.46875056,31.22740215],[121.46883102,31.22743244]]}},{"id":"268","type":"Feature","properties":{"gml_id":"layer_pedestrian_road_pl.118925","Name":null,"pyname":null,"kind":"0b01","width":"30","length":"0.078","speedclass":"8","__source_file__":"04-交通数据/1-交通路网/2-分类图层/上海市_行人道路.shp"},"geometry":{"type":"LineString","coordinates":[[121.46894226,31.22758296],[121.46901192,31.22744297],[121.4690922,31.22742317],[121.46936364,31.22747402],[121.46964534,31.22752491]]}},{"id":"272","type":"Feature","properties":{"gml_id":"layer_pedestrian_road_pl.118929","Name":null,"pyname":null,"kind":"0b01","width":"30","length":"0.016","speedclass":"8","__source_file__":"04-交通数据/1-交通路网/2-分类图层/上海市_行人道路.shp"},"geometry":{"type":"LineString","coordinates":[[121.46964534,31.22752491],[121.46981598,31.22751542]]}},{"id":"274","type":"Feature","properties":{"gml_id":"layer_pedestrian_road_pl.118931","Name":null,"pyname":null,"kind":"0b01","width":"30","length":"0.026","speedclass":"8","__source_file__":"04-交通数据/1-交通路网/2-分类图层/上海市_行人道路.shp"},"geometry":{"type":"LineString","coordinates":[[121.46981598,31.22751542],[121.46983668,31.22763566],[121.46990742,31.22773601]]}},{"id":"269","type":"Feature","properties":{"gml_id":"layer_pedestrian_road_pl.118926","Name":null,"pyname":null,"kind":"0b01","width":"30","length":"0.033","speedclass":"8","__source_file__":"04-交通数据/1-交通路网/2-分类图层/上海市_行人道路.shp"},"geometry":{"type":"LineString","coordinates":[[121.46964534,31.22752491],[121.4696961,31.22764529],[121.46980716,31.22778582]]}},{"id":"267","type":"Feature","properties":{"gml_id":"layer_pedestrian_road_pl.118924","Name":null,"pyname":null,"kind":"0b01","width":"30","length":"0.022","speedclass":"8","__source_file__":"04-交通数据/1-交通路网/2-分类图层/上海市_行人道路.shp"},"geometry":{"type":"LineString","coordinates":[[121.46880222,31.22773281],[121.4688924,31.22767296],[121.46894226,31.22758296]]}},{"id":"270","type":"Feature","properties":{"gml_id":"layer_pedestrian_road_pl.118927","Name":null,"pyname":null,"kind":"0b01","width":"30","length":"0.090","speedclass":"8","__source_file__":"04-交通数据/1-交通路网/2-分类图层/上海市_行人道路.shp"},"geometry":{"type":"LineString","coordinates":[[121.46894226,31.22758296],[121.46912352,31.22769366],[121.46924448,31.22775414],[121.46936526,31.22781458],[121.46952618,31.22783505],[121.46967684,31.22782551],[121.46980716,31.22778582]]}},{"id":"2371","type":"Feature","properties":{"gml_id":"layer_pedestrian_road_pl.121028","Name":null,"pyname":null,"kind":"0b01","width":"30","length":"0.005","speedclass":"8","__source_file__":"04-交通数据/1-交通路网/2-分类图层/上海市_行人道路.shp"},"geometry":{"type":"LineString","coordinates":[[121.46833674,31.2270003],[121.46834646,31.2269603]]}},{"id":"2370","type":"Feature","properties":{"gml_id":"layer_pedestrian_road_pl.121027","Name":null,"pyname":null,"kind":"0b01","width":"30","length":"0.010","speedclass":"8","__source_file__":"04-交通数据/1-交通路网/2-分类图层/上海市_行人道路.shp"},"geometry":{"type":"LineString","coordinates":[[121.46831694,31.22709039],[121.46833692,31.2270404],[121.46833674,31.2270003]]}},{"id":"259","type":"Feature","properties":{"gml_id":"layer_pedestrian_road_pl.118916","Name":null,"pyname":null,"kind":"0b01","width":"30","length":"0.050","speedclass":"8","__source_file__":"04-交通数据/1-交通路网/2-分类图层/上海市_行人道路.shp"},"geometry":{"type":"LineString","coordinates":[[121.46778396,31.22699873],[121.46787468,31.22703905],[121.46789502,31.22708918],[121.46794542,31.22711937],[121.46805594,31.22714975],[121.4682372,31.22720033]]}},{"id":"2369","type":"Feature","properties":{"gml_id":"layer_pedestrian_road_pl.121026","Name":null,"pyname":null,"kind":"0b01","width":"30","length":"0.005","speedclass":"8","__source_file__":"04-交通数据/1-交通路网/2-分类图层/上海市_行人道路.shp"},"geometry":{"type":"LineString","coordinates":[[121.46829714,31.2271304],[121.46830704,31.22711042],[121.46831694,31.22709039]]}},{"id":"260","type":"Feature","properties":{"gml_id":"layer_pedestrian_road_pl.118917","Name":null,"pyname":null,"kind":"0b01","width":"30","length":"0.032","speedclass":"8","__source_file__":"04-交通数据/1-交通路网/2-分类图层/上海市_行人道路.shp"},"geometry":{"type":"LineString","coordinates":[[121.46778396,31.22699873],[121.46765472,31.22726877]]}},{"id":"2710","type":"Feature","properties":{"gml_id":"layer_pedestrian_road_pl.121367","Name":null,"pyname":null,"kind":"0b01","width":"30","length":"0.010","speedclass":"8","__source_file__":"04-交通数据/1-交通路网/2-分类图层/上海市_行人道路.shp"},"geometry":{"type":"LineString","coordinates":[[121.4682372,31.22720033],[121.46825718,31.22718035],[121.46829714,31.2271304]]}},{"id":"2712","type":"Feature","properties":{"gml_id":"layer_pedestrian_road_pl.121369","Name":null,"pyname":null,"kind":"0b08","width":"30","length":"0.008","speedclass":"8","__source_file__":"04-交通数据/1-交通路网/2-分类图层/上海市_行人道路.shp"},"geometry":{"type":"LineString","coordinates":[[121.4682372,31.22720033],[121.46831766,31.22723061]]}},{"id":"2709","type":"Feature","properties":{"gml_id":"layer_pedestrian_road_pl.121366","Name":null,"pyname":null,"kind":"0b01","width":"30","length":"0.031","speedclass":"8","__source_file__":"04-交通数据/1-交通路网/2-分类图层/上海市_行人道路.shp"},"geometry":{"type":"LineString","coordinates":[[121.46808762,31.2274503],[121.4682372,31.22720033]]}},{"id":"6303","type":"Feature","properties":{"gml_id":"layer_pedestrian_road_pl.125204","Name":null,"pyname":null,"kind":"0b01","width":"30","length":"0.006","speedclass":"8","__source_file__":"04-交通数据/1-交通路网/2-分类图层/上海市_行人道路.shp"},"geometry":{"type":"LineString","coordinates":[[121.46849892,31.22950469],[121.46848866,31.2294546]]}},{"id":"6302","type":"Feature","properties":{"gml_id":"layer_pedestrian_road_pl.125203","Name":null,"pyname":null,"kind":"0b01","width":"30","length":"0.009","speedclass":"8","__source_file__":"04-交通数据/1-交通路网/2-分类图层/上海市_行人道路.shp"},"geometry":{"type":"LineString","coordinates":[[121.46850936,31.22958483],[121.46849892,31.22950469]]}},{"id":"747","type":"Feature","properties":{"gml_id":"layer_pedestrian_road_pl.119404","Name":null,"pyname":null,"kind":"0b01","width":"30","length":"0.006","speedclass":"8","__source_file__":"04-交通数据/1-交通路网/2-分类图层/上海市_行人道路.shp"},"geometry":{"type":"LineString","coordinates":[[121.46167746,31.22532837],[121.4616672,31.22527824]]}},{"id":"754","type":"Feature","properties":{"gml_id":"layer_pedestrian_road_pl.119411","Name":null,"pyname":null,"kind":"0b01","width":"30","length":"0.021","speedclass":"8","__source_file__":"04-交通数据/1-交通路网/2-分类图层/上海市_行人道路.shp"},"geometry":{"type":"LineString","coordinates":[[121.46273244,31.22532144],[121.46266206,31.22531118],[121.46251122,31.22529075]]}},{"id":"2666","type":"Feature","properties":{"gml_id":"layer_pedestrian_road_pl.121323","Name":null,"pyname":null,"kind":"0b01","width":"30","length":"0.017","speedclass":"8","__source_file__":"04-交通数据/1-交通路网/2-分类图层/上海市_行人道路.shp"},"geometry":{"type":"LineString","coordinates":[[121.46215968,31.22532977],[121.46217966,31.2252998],[121.46220972,31.22528985],[121.46223996,31.22528994],[121.4622801,31.22529008],[121.46231034,31.22531019]]}},{"id":"1842","type":"Feature","properties":{"gml_id":"layer_pedestrian_road_pl.120499","Name":null,"pyname":null,"kind":"0b01","width":"30","length":"0.053","speedclass":"8","__source_file__":"04-交通数据/1-交通路网/2-分类图层/上海市_行人道路.shp"},"geometry":{"type":"LineString","coordinates":[[121.460652,31.22522523],[121.46076306,31.22533571],[121.46080338,31.2253659],[121.46083362,31.22537598],[121.4608941,31.22540622],[121.46096448,31.22542647],[121.46104494,31.22543669],[121.46112522,31.22543696]]}},{"id":"1841","type":"Feature","properties":{"gml_id":"layer_pedestrian_road_pl.120498","Name":null,"pyname":null,"kind":"0b01","width":"30","length":"0.053","speedclass":"8","__source_file__":"04-交通数据/1-交通路网/2-分类图层/上海市_行人道路.shp"},"geometry":{"type":"LineString","coordinates":[[121.46112522,31.22543696],[121.46128614,31.22543741],[121.46143662,31.2254078],[121.4615169,31.22536797],[121.46154678,31.225338],[121.46156658,31.22524791]]}},{"id":"755","type":"Feature","properties":{"gml_id":"layer_pedestrian_road_pl.119412","Name":null,"pyname":null,"kind":"0b01","width":"30","length":"0.008","speedclass":"8","__source_file__":"04-交通数据/1-交通路网/2-分类图层/上海市_行人道路.shp"},"geometry":{"type":"LineString","coordinates":[[121.46231034,31.22531019],[121.4623206,31.22534025],[121.4623107,31.2253803]]}},{"id":"750","type":"Feature","properties":{"gml_id":"layer_pedestrian_road_pl.119407","Name":null,"pyname":null,"kind":"0b01","width":"30","length":"0.028","speedclass":"8","__source_file__":"04-交通数据/1-交通路网/2-分类图层/上海市_行人道路.shp"},"geometry":{"type":"LineString","coordinates":[[121.46186862,31.225379],[121.46194872,31.22534921],[121.46205924,31.22533949],[121.46215968,31.22532977]]}},{"id":"2664","type":"Feature","properties":{"gml_id":"layer_pedestrian_road_pl.121321","Name":null,"pyname":null,"kind":"0b01","width":"30","length":"0.021","speedclass":"8","__source_file__":"04-交通数据/1-交通路网/2-分类图层/上海市_行人道路.shp"},"geometry":{"type":"LineString","coordinates":[[121.46167746,31.22532837],[121.4617077,31.22536851],[121.4617581,31.22538872],[121.46180832,31.22538885],[121.46186862,31.225379]]}},{"id":"2668","type":"Feature","properties":{"gml_id":"layer_pedestrian_road_pl.121325","Name":null,"pyname":null,"kind":"0b01","width":"30","length":"0.018","speedclass":"8","__source_file__":"04-交通数据/1-交通路网/2-分类图层/上海市_行人道路.shp"},"geometry":{"type":"LineString","coordinates":[[121.46251122,31.22529075],[121.46248116,31.22532068],[121.46246118,31.22535069],[121.46245146,31.2253907],[121.46247162,31.22543084]]}},{"id":"756","type":"Feature","properties":{"gml_id":"layer_pedestrian_road_pl.119413","Name":null,"pyname":null,"kind":"0b01","width":"30","length":"0.023","speedclass":"8","__source_file__":"04-交通数据/1-交通路网/2-分类图层/上海市_行人道路.shp"},"geometry":{"type":"LineString","coordinates":[[121.4623107,31.2253803],[121.46229072,31.22540028],[121.46227074,31.22542022],[121.46223042,31.22542013],[121.46220036,31.22541],[121.46217012,31.22538989],[121.46215986,31.22535983],[121.46215968,31.22532977]]}},{"id":"2671","type":"Feature","properties":{"gml_id":"layer_pedestrian_road_pl.121328","Name":null,"pyname":null,"kind":"0b01","width":"30","length":"0.030","speedclass":"8","__source_file__":"04-交通数据/1-交通路网/2-分类图层/上海市_行人道路.shp"},"geometry":{"type":"LineString","coordinates":[[121.4627229,31.22545158],[121.46276322,31.22545172],[121.46280336,31.22545185],[121.46282334,31.22543187],[121.46284332,31.22540186],[121.46284314,31.22537184],[121.4628129,31.22535173],[121.46278266,31.22533157],[121.46273244,31.22532144]]}},{"id":"757","type":"Feature","properties":{"gml_id":"layer_pedestrian_road_pl.119414","Name":null,"pyname":null,"kind":"0b01","width":"30","length":"0.016","speedclass":"8","__source_file__":"04-交通数据/1-交通路网/2-分类图层/上海市_行人道路.shp"},"geometry":{"type":"LineString","coordinates":[[121.4623107,31.2253803],[121.46247162,31.22543084]]}},{"id":"2662","type":"Feature","properties":{"gml_id":"layer_pedestrian_road_pl.121319","Name":null,"pyname":null,"kind":"0b01","width":"30","length":"0.020","speedclass":"8","__source_file__":"04-交通数据/1-交通路网/2-分类图层/上海市_行人道路.shp"},"geometry":{"type":"LineString","coordinates":[[121.46164812,31.22550855],[121.46167746,31.22532837]]}},{"id":"758","type":"Feature","properties":{"gml_id":"layer_pedestrian_road_pl.119415","Name":null,"pyname":null,"kind":"0b01","width":"30","length":"0.005","speedclass":"8","__source_file__":"04-交通数据/1-交通路网/2-分类图层/上海市_行人道路.shp"},"geometry":{"type":"LineString","coordinates":[[121.46247162,31.22543084],[121.46252202,31.225451]]}},{"id":"753","type":"Feature","properties":{"gml_id":"layer_pedestrian_road_pl.119410","Name":null,"pyname":null,"kind":"0b01","width":"30","length":"0.020","speedclass":"8","__source_file__":"04-交通数据/1-交通路网/2-分类图层/上海市_行人道路.shp"},"geometry":{"type":"LineString","coordinates":[[121.46252202,31.225451],[121.46258232,31.22545118],[121.46263236,31.22543129],[121.4626626,31.2254514],[121.46269284,31.22545149],[121.4627229,31.22545158]]}},{"id":"1843","type":"Feature","properties":{"gml_id":"layer_pedestrian_road_pl.120500","Name":null,"pyname":null,"kind":"0b01","width":"30","length":"0.011","speedclass":"8","__source_file__":"04-交通数据/1-交通路网/2-分类图层/上海市_行人道路.shp"},"geometry":{"type":"LineString","coordinates":[[121.46112576,31.22553708],[121.46112522,31.22543696]]}},{"id":"2669","type":"Feature","properties":{"gml_id":"layer_pedestrian_road_pl.121326","Name":null,"pyname":null,"kind":"0b01","width":"30","length":"0.009","speedclass":"8","__source_file__":"04-交通数据/1-交通路网/2-分类图层/上海市_行人道路.shp"},"geometry":{"type":"LineString","coordinates":[[121.46252202,31.225451],[121.46252238,31.22553114]]}},{"id":"2670","type":"Feature","properties":{"gml_id":"layer_pedestrian_road_pl.121327","Name":null,"pyname":null,"kind":"0b01","width":"30","length":"0.010","speedclass":"8","__source_file__":"04-交通数据/1-交通路网/2-分类图层/上海市_行人道路.shp"},"geometry":{"type":"LineString","coordinates":[[121.46271336,31.22554172],[121.4627229,31.22545158]]}},{"id":"2265","type":"Feature","properties":{"gml_id":"layer_pedestrian_road_pl.120922","Name":null,"pyname":null,"kind":"0b01","width":"30","length":"0.019","speedclass":"8","__source_file__":"04-交通数据/1-交通路网/2-分类图层/上海市_行人道路.shp"},"geometry":{"type":"LineString","coordinates":[[121.46098734,31.22601746],[121.4610183,31.22618778]]}},{"id":"1146","type":"Feature","properties":{"gml_id":"layer_pedestrian_road_pl.119803","Name":null,"pyname":null,"kind":"0b01","width":"30","length":"0.027","speedclass":"8","__source_file__":"04-交通数据/1-交通路网/2-分类图层/上海市_行人道路.shp"},"geometry":{"type":"LineString","coordinates":[[121.46181102,31.22598978],[121.4618121,31.22623017]]}},{"id":"2215","type":"Feature","properties":{"gml_id":"layer_pedestrian_road_pl.120872","Name":null,"pyname":null,"kind":"0b01","width":"30","length":"0.053","speedclass":"8","__source_file__":"04-交通数据/1-交通路网/2-分类图层/上海市_行人道路.shp"},"geometry":{"type":"LineString","coordinates":[[121.46236596,31.22648217],[121.46238378,31.22600148]]}},{"id":"2266","type":"Feature","properties":{"gml_id":"layer_pedestrian_road_pl.120923","Name":null,"pyname":null,"kind":"0b01","width":"30","length":"0.014","speedclass":"8","__source_file__":"04-交通数据/1-交通路网/2-分类图层/上海市_行人道路.shp"},"geometry":{"type":"LineString","coordinates":[[121.4610183,31.22618778],[121.4610489,31.22630807]]}},{"id":"1147","type":"Feature","properties":{"gml_id":"layer_pedestrian_road_pl.119804","Name":null,"pyname":null,"kind":"0b01","width":"30","length":"0.029","speedclass":"8","__source_file__":"04-交通数据/1-交通路网/2-分类图层/上海市_行人道路.shp"},"geometry":{"type":"LineString","coordinates":[[121.4618121,31.22623017],[121.46180328,31.22649054]]}},{"id":"733","type":"Feature","properties":{"gml_id":"layer_pedestrian_road_pl.119390","Name":null,"pyname":null,"kind":"0b01","width":"30","length":"0.091","speedclass":"8","__source_file__":"04-交通数据/1-交通路网/2-分类图层/上海市_行人道路.shp"},"geometry":{"type":"LineString","coordinates":[[121.4610489,31.22630807],[121.46157126,31.22628957],[121.46162148,31.22628971],[121.46164164,31.22630978],[121.4616321,31.22639991],[121.46165244,31.22647007],[121.46167278,31.22649018],[121.46180328,31.22649054]]}},{"id":"2626","type":"Feature","properties":{"gml_id":"layer_pedestrian_road_pl.121283","Name":null,"pyname":null,"kind":"0b01","width":"30","length":"0.023","speedclass":"8","__source_file__":"04-交通数据/1-交通路网/2-分类图层/上海市_行人道路.shp"},"geometry":{"type":"LineString","coordinates":[[121.46300892,31.22644397],[121.46324994,31.22643465]]}},{"id":"2216","type":"Feature","properties":{"gml_id":"layer_pedestrian_road_pl.120873","Name":null,"pyname":null,"kind":"0b01","width":"30","length":"0.061","speedclass":"8","__source_file__":"04-交通数据/1-交通路网/2-分类图层/上海市_行人道路.shp"},"geometry":{"type":"LineString","coordinates":[[121.46236596,31.22648217],[121.46300892,31.22644397]]}},{"id":"734","type":"Feature","properties":{"gml_id":"layer_pedestrian_road_pl.119391","Name":null,"pyname":null,"kind":"0b01","width":"30","length":"0.053","speedclass":"8","__source_file__":"04-交通数据/1-交通路网/2-分类图层/上海市_行人道路.shp"},"geometry":{"type":"LineString","coordinates":[[121.46180328,31.22649054],[121.46236596,31.22648217]]}},{"id":"2219","type":"Feature","properties":{"gml_id":"layer_pedestrian_road_pl.120876","Name":null,"pyname":null,"kind":"0b01","width":"30","length":"0.072","speedclass":"8","__source_file__":"04-交通数据/1-交通路网/2-分类图层/上海市_行人道路.shp"},"geometry":{"type":"LineString","coordinates":[[121.4610489,31.22630807],[121.46116068,31.22657883],[121.46123142,31.22667918],[121.46129208,31.22674947],[121.46141286,31.22680991],[121.46145318,31.22683007]]}},{"id":"2218","type":"Feature","properties":{"gml_id":"layer_pedestrian_road_pl.120875","Name":null,"pyname":null,"kind":"0b01","width":"30","length":"0.029","speedclass":"8","__source_file__":"04-交通数据/1-交通路网/2-分类图层/上海市_行人道路.shp"},"geometry":{"type":"LineString","coordinates":[[121.46223636,31.22672216],[121.46236596,31.22648217]]}},{"id":"2217","type":"Feature","properties":{"gml_id":"layer_pedestrian_road_pl.120874","Name":null,"pyname":null,"kind":"0b01","width":"30","length":"0.149","speedclass":"8","__source_file__":"04-交通数据/1-交通路网/2-分类图层/上海市_行人道路.shp"},"geometry":{"type":"LineString","coordinates":[[121.46079258,31.22737898],[121.46081886,31.22652776],[121.46079654,31.2260369]]}},{"id":"894","type":"Feature","properties":{"gml_id":"layer_pedestrian_road_pl.119551","Name":null,"pyname":null,"kind":"0b01","width":"30","length":"0.032","speedclass":"8","__source_file__":"04-交通数据/1-交通路网/2-分类图层/上海市_行人道路.shp"},"geometry":{"type":"LineString","coordinates":[[121.46464854,31.22687943],[121.46471892,31.22688965],[121.46476932,31.22691984],[121.46481972,31.22696003],[121.46484024,31.22703023],[121.46487048,31.22707037]]}},{"id":"899","type":"Feature","properties":{"gml_id":"layer_pedestrian_road_pl.119556","Name":null,"pyname":null,"kind":"0b01","width":"30","length":"0.044","speedclass":"8","__source_file__":"04-交通数据/1-交通路网/2-分类图层/上海市_行人道路.shp"},"geometry":{"type":"LineString","coordinates":[[121.46487048,31.22707037],[121.46494104,31.22710061],[121.46500116,31.22709075],[121.46503122,31.22706083],[121.46505102,31.22699076],[121.46507082,31.2269207],[121.4651007,31.22688074],[121.46514084,31.22685081]]}},{"id":"896","type":"Feature","properties":{"gml_id":"layer_pedestrian_road_pl.119553","Name":null,"pyname":null,"kind":"0b01","width":"30","length":"0.037","speedclass":"8","__source_file__":"04-交通数据/1-交通路网/2-分类图层/上海市_行人道路.shp"},"geometry":{"type":"LineString","coordinates":[[121.46552334,31.22701218],[121.46579442,31.22696286],[121.46584464,31.22695301],[121.46590494,31.22694315]]}},{"id":"2622","type":"Feature","properties":{"gml_id":"layer_pedestrian_road_pl.121279","Name":null,"pyname":null,"kind":"0b01","width":"30","length":"0.095","speedclass":"8","__source_file__":"04-交通数据/1-交通路网/2-分类图层/上海市_行人道路.shp"},"geometry":{"type":"LineString","coordinates":[[121.46411898,31.22751888],[121.4641485,31.22737875],[121.46418846,31.2273288],[121.4642286,31.22729883],[121.46431878,31.22725905],[121.46436882,31.22722913],[121.46438898,31.22721918],[121.46439888,31.2271992],[121.46445828,31.22698905],[121.46448816,31.22694905],[121.46451822,31.22691908],[121.46457834,31.22688924],[121.46464854,31.22687943]]}},{"id":"895","type":"Feature","properties":{"gml_id":"layer_pedestrian_road_pl.119552","Name":null,"pyname":null,"kind":"0b01","width":"30","length":"0.047","speedclass":"8","__source_file__":"04-交通数据/1-交通路网/2-分类图层/上海市_行人道路.shp"},"geometry":{"type":"LineString","coordinates":[[121.46487048,31.22707037],[121.46476032,31.22712014],[121.4646804,31.22722004],[121.46469066,31.22730018],[121.4647515,31.22740053]]}},{"id":"1163","type":"Feature","properties":{"gml_id":"layer_pedestrian_road_pl.119820","Name":null,"pyname":null,"kind":"0b01","width":"30","length":"0.058","speedclass":"8","__source_file__":"04-交通数据/1-交通路网/2-分类图层/上海市_行人道路.shp"},"geometry":{"type":"LineString","coordinates":[[121.46536476,31.22749247],[121.46542488,31.22744256],[121.46548464,31.22734257],[121.46552424,31.22720244],[121.46552334,31.22701218]]}},{"id":"2624","type":"Feature","properties":{"gml_id":"layer_pedestrian_road_pl.121281","Name":null,"pyname":null,"kind":"0b01","width":"30","length":"0.009","speedclass":"8","__source_file__":"04-交通数据/1-交通路网/2-分类图层/上海市_行人道路.shp"},"geometry":{"type":"LineString","coordinates":[[121.46389776,31.22745813],[121.4639883,31.22748846]]}},{"id":"2625","type":"Feature","properties":{"gml_id":"layer_pedestrian_road_pl.121282","Name":null,"pyname":null,"kind":"0b01","width":"30","length":"0.013","speedclass":"8","__source_file__":"04-交通数据/1-交通路网/2-分类图层/上海市_行人道路.shp"},"geometry":{"type":"LineString","coordinates":[[121.4639883,31.22748846],[121.46411898,31.22751888]]}},{"id":"2623","type":"Feature","properties":{"gml_id":"layer_pedestrian_road_pl.121280","Name":null,"pyname":null,"kind":"0b01","width":"30","length":"0.072","speedclass":"8","__source_file__":"04-交通数据/1-交通路网/2-分类图层/上海市_行人道路.shp"},"geometry":{"type":"LineString","coordinates":[[121.46411898,31.22751888],[121.46414922,31.22754903],[121.46418954,31.22757918],[121.46425002,31.22759939],[121.4643204,31.2276096],[121.46437062,31.22759975],[121.46441058,31.22756982],[121.4644707,31.22750988],[121.46455062,31.22744],[121.46465106,31.22741025],[121.4647515,31.22740053]]}},{"id":"1162","type":"Feature","properties":{"gml_id":"layer_pedestrian_road_pl.119819","Name":null,"pyname":null,"kind":"0b01","width":"30","length":"0.008","speedclass":"8","__source_file__":"04-交通数据/1-交通路网/2-分类图层/上海市_行人道路.shp"},"geometry":{"type":"LineString","coordinates":[[121.46530482,31.22754237],[121.46536476,31.22749247]]}},{"id":"731","type":"Feature","properties":{"gml_id":"layer_pedestrian_road_pl.119388","Name":null,"pyname":null,"kind":"0b01","width":"30","length":"0.017","speedclass":"8","__source_file__":"04-交通数据/1-交通路网/2-分类图层/上海市_行人道路.shp"},"geometry":{"type":"LineString","coordinates":[[121.45907592,31.22553114],[121.4591364,31.22555135],[121.45917654,31.22556147],[121.45924692,31.22557169]]}},{"id":"2629","type":"Feature","properties":{"gml_id":"layer_pedestrian_road_pl.121286","Name":null,"pyname":null,"kind":"0b01","width":"30","length":"0.033","speedclass":"8","__source_file__":"04-交通数据/1-交通路网/2-分类图层/上海市_行人道路.shp"},"geometry":{"type":"LineString","coordinates":[[121.45873464,31.22559023],[121.45907592,31.22553114]]}},{"id":"732","type":"Feature","properties":{"gml_id":"layer_pedestrian_road_pl.119389","Name":null,"pyname":null,"kind":"0b01","width":"30","length":"0.011","speedclass":"8","__source_file__":"04-交通数据/1-交通路网/2-分类图层/上海市_行人道路.shp"},"geometry":{"type":"LineString","coordinates":[[121.45924692,31.22557169],[121.45924746,31.22567186]]}},{"id":"5984","type":"Feature","properties":{"gml_id":"layer_pedestrian_road_pl.124885","Name":null,"pyname":null,"kind":"0b01","width":"30","length":"0.083","speedclass":"8","__source_file__":"04-交通数据/1-交通路网/2-分类图层/上海市_行人道路.shp"},"geometry":{"type":"LineString","coordinates":[[121.45565124,31.22804511],[121.45583232,31.22810573],[121.45585266,31.22815586],[121.45582296,31.22826593],[121.45565394,31.22865608]]}},{"id":"1409","type":"Feature","properties":{"gml_id":"layer_pedestrian_road_pl.120066","Name":null,"pyname":null,"kind":"0b01","width":"30","length":"0.095","speedclass":"8","__source_file__":"04-交通数据/1-交通路网/2-分类图层/上海市_行人道路.shp"},"geometry":{"type":"LineString","coordinates":[[121.45692888,31.23277619],[121.4565102,31.23351612],[121.4564904,31.23354614]]}},{"id":"887","type":"Feature","properties":{"gml_id":"layer_pedestrian_road_pl.119544","Name":null,"pyname":null,"kind":"0b14","width":"30","length":"0.009","speedclass":"8","__source_file__":"04-交通数据/1-交通路网/2-分类图层/上海市_行人道路.shp"},"geometry":{"type":"LineString","coordinates":[[121.45684878,31.23503946],[121.45692942,31.23507978]]}},{"id":"888","type":"Feature","properties":{"gml_id":"layer_pedestrian_road_pl.119545","Name":null,"pyname":null,"kind":"0b14","width":"30","length":"0.023","speedclass":"8","__source_file__":"04-交通数据/1-交通路网/2-分类图层/上海市_行人道路.shp"},"geometry":{"type":"LineString","coordinates":[[121.45692942,31.23507978],[121.45713084,31.23520056]]}},{"id":"1885","type":"Feature","properties":{"gml_id":"layer_pedestrian_road_pl.120542","Name":null,"pyname":null,"kind":"0b14","width":"30","length":"0.017","speedclass":"8","__source_file__":"04-交通数据/1-交通路网/2-分类图层/上海市_行人道路.shp"},"geometry":{"type":"LineString","coordinates":[[121.45733226,31.23530132],[121.45745232,31.23519147]]}},{"id":"581","type":"Feature","properties":{"gml_id":"layer_pedestrian_road_pl.119238","Name":null,"pyname":null,"kind":"0b14","width":"30","length":"0.019","speedclass":"8","__source_file__":"04-交通数据/1-交通路网/2-分类图层/上海市_行人道路.shp"},"geometry":{"type":"LineString","coordinates":[[121.45713084,31.23520056],[121.45729212,31.23530118]]}},{"id":"1882","type":"Feature","properties":{"gml_id":"layer_pedestrian_road_pl.120539","Name":null,"pyname":null,"kind":"0b14","width":"30","length":"0.021","speedclass":"8","__source_file__":"04-交通数据/1-交通路网/2-分类图层/上海市_行人道路.shp"},"geometry":{"type":"LineString","coordinates":[[121.45713084,31.23520056],[121.45697082,31.2353303]]}},{"id":"1246","type":"Feature","properties":{"gml_id":"layer_pedestrian_road_pl.119903","Name":null,"pyname":null,"kind":"0b01","width":"30","length":"0.080","speedclass":"8","__source_file__":"04-交通数据/1-交通路网/2-分类图层/上海市_行人道路.shp"},"geometry":{"type":"LineString","coordinates":[[121.46324994,31.22643465],[121.46330268,31.22699567],[121.46333292,31.22701583],[121.46336316,31.22701592],[121.46339322,31.22699594],[121.4634231,31.22693595]]}},{"id":"2220","type":"Feature","properties":{"gml_id":"layer_pedestrian_road_pl.120877","Name":null,"pyname":null,"kind":"0b01","width":"30","length":"0.082","speedclass":"8","__source_file__":"04-交通数据/1-交通路网/2-分类图层/上海市_行人道路.shp"},"geometry":{"type":"LineString","coordinates":[[121.46145318,31.22683007],[121.46158404,31.22687052],[121.4617347,31.22688096],[121.46194584,31.22689158],[121.46208624,31.2268419],[121.46215644,31.22680208],[121.46223636,31.22672216]]}},{"id":"1145","type":"Feature","properties":{"gml_id":"layer_pedestrian_road_pl.119802","Name":null,"pyname":null,"kind":"0b01","width":"30","length":"0.027","speedclass":"8","__source_file__":"04-交通数据/1-交通路网/2-分类图层/上海市_行人道路.shp"},"geometry":{"type":"LineString","coordinates":[[121.46240808,31.22692299],[121.46223636,31.22672216]]}},{"id":"2214","type":"Feature","properties":{"gml_id":"layer_pedestrian_road_pl.120871","Name":null,"pyname":null,"kind":"0b01","width":"30","length":"0.079","speedclass":"8","__source_file__":"04-交通数据/1-交通路网/2-分类图层/上海市_行人道路.shp"},"geometry":{"type":"LineString","coordinates":[[121.4610138,31.22739968],[121.46104314,31.22723952],[121.46107302,31.2271695],[121.46118282,31.22703959],[121.46145318,31.22683007]]}},{"id":"1144","type":"Feature","properties":{"gml_id":"layer_pedestrian_road_pl.119801","Name":null,"pyname":null,"kind":"0b01","width":"30","length":"0.058","speedclass":"8","__source_file__":"04-交通数据/1-交通路网/2-分类图层/上海市_行人道路.shp"},"geometry":{"type":"LineString","coordinates":[[121.46279184,31.22732471],[121.46273136,31.22729451],[121.46240808,31.22692299]]}},{"id":"2264","type":"Feature","properties":{"gml_id":"layer_pedestrian_road_pl.120921","Name":null,"pyname":null,"kind":"0b01","width":"30","length":"0.032","speedclass":"8","__source_file__":"04-交通数据/1-交通路网/2-分类图层/上海市_行人道路.shp"},"geometry":{"type":"LineString","coordinates":[[121.4630937,31.22740571],[121.46298318,31.22741543],[121.46293278,31.22740526],[121.46288256,31.22739509],[121.46279184,31.22732471]]}},{"id":"990","type":"Feature","properties":{"gml_id":"layer_pedestrian_road_pl.119647","Name":null,"pyname":null,"kind":"0b14","width":"30","length":"0.038","speedclass":"8","__source_file__":"04-交通数据/1-交通路网/2-分类图层/上海市_行人道路.shp"},"geometry":{"type":"LineString","coordinates":[[121.46021136,31.23649152],[121.45990086,31.23670095]]}},{"id":"989","type":"Feature","properties":{"gml_id":"layer_pedestrian_road_pl.119646","Name":null,"pyname":null,"kind":"0b14","width":"30","length":"0.114","speedclass":"8","__source_file__":"04-交通数据/1-交通路网/2-分类图层/上海市_行人道路.shp"},"geometry":{"type":"LineString","coordinates":[[121.46021136,31.23649152],[121.46039208,31.236462],[121.46050242,31.23642227],[121.4605827,31.23639243],[121.46066316,31.23640269],[121.46071356,31.23644288],[121.460724,31.236503],[121.46074416,31.2365331],[121.46080446,31.23653328],[121.46087484,31.23653351],[121.46092506,31.23653364],[121.46094522,31.23655376],[121.46093532,31.23658377],[121.46092542,31.23661379],[121.46078556,31.23680369]]}},{"id":"991","type":"Feature","properties":{"gml_id":"layer_pedestrian_road_pl.119648","Name":null,"pyname":null,"kind":"0b14","width":"30","length":"0.034","speedclass":"8","__source_file__":"04-交通数据/1-交通路网/2-分类图层/上海市_行人道路.shp"},"geometry":{"type":"LineString","coordinates":[[121.46089608,31.236804],[121.46105664,31.23674438],[121.4610867,31.2367244],[121.46118678,31.23663458]]}},{"id":"993","type":"Feature","properties":{"gml_id":"layer_pedestrian_road_pl.119650","Name":null,"pyname":null,"kind":"0b14","width":"30","length":"0.085","speedclass":"8","__source_file__":"04-交通数据/1-交通路网/2-分类图层/上海市_行人道路.shp"},"geometry":{"type":"LineString","coordinates":[[121.46078556,31.23680369],[121.46071518,31.23680346],[121.45990086,31.23670095]]}},{"id":"584","type":"Feature","properties":{"gml_id":"layer_pedestrian_road_pl.119241","Name":null,"pyname":null,"kind":"0b14","width":"30","length":"0.004","speedclass":"8","__source_file__":"04-交通数据/1-交通路网/2-分类图层/上海市_行人道路.shp"},"geometry":{"type":"LineString","coordinates":[[121.45729212,31.23530118],[121.45733226,31.23530132]]}},{"id":"582","type":"Feature","properties":{"gml_id":"layer_pedestrian_road_pl.119239","Name":null,"pyname":null,"kind":"0b14","width":"30","length":"0.003","speedclass":"8","__source_file__":"04-交通数据/1-交通路网/2-分类图层/上海市_行人道路.shp"},"geometry":{"type":"LineString","coordinates":[[121.45729212,31.23530118],[121.45731228,31.23532125]]}},{"id":"1884","type":"Feature","properties":{"gml_id":"layer_pedestrian_road_pl.120541","Name":null,"pyname":null,"kind":"0b14","width":"30","length":"0.003","speedclass":"8","__source_file__":"04-交通数据/1-交通路网/2-分类图层/上海市_行人道路.shp"},"geometry":{"type":"LineString","coordinates":[[121.45731228,31.23532125],[121.45733226,31.23530132]]}},{"id":"583","type":"Feature","properties":{"gml_id":"layer_pedestrian_road_pl.119240","Name":null,"pyname":null,"kind":"0b14","width":"30","length":"0.031","speedclass":"8","__source_file__":"04-交通数据/1-交通路网/2-分类图层/上海市_行人道路.shp"},"geometry":{"type":"LineString","coordinates":[[121.45697082,31.2353303],[121.45707108,31.23531054],[121.45721184,31.23530096],[121.45729212,31.23530118]]}},{"id":"1886","type":"Feature","properties":{"gml_id":"layer_pedestrian_road_pl.120543","Name":null,"pyname":null,"kind":"0b14","width":"30","length":"0.038","speedclass":"8","__source_file__":"04-交通数据/1-交通路网/2-分类图层/上海市_行人道路.shp"},"geometry":{"type":"LineString","coordinates":[[121.45733226,31.23530132],[121.45743288,31.23531162],[121.4575335,31.23534195],[121.45761414,31.23539226],[121.4576847,31.23544253]]}},{"id":"1894","type":"Feature","properties":{"gml_id":"layer_pedestrian_road_pl.120551","Name":null,"pyname":null,"kind":"0b14","width":"30","length":"0.016","speedclass":"8","__source_file__":"04-交通数据/1-交通路网/2-分类图层/上海市_行人道路.shp"},"geometry":{"type":"LineString","coordinates":[[121.4576847,31.23544253],[121.45780476,31.23534272]]}},{"id":"1890","type":"Feature","properties":{"gml_id":"layer_pedestrian_road_pl.120547","Name":null,"pyname":null,"kind":"0b14","width":"30","length":"0.035","speedclass":"8","__source_file__":"04-交通数据/1-交通路网/2-分类图层/上海市_行人道路.shp"},"geometry":{"type":"LineString","coordinates":[[121.45731228,31.23532125],[121.4576046,31.23551241]]}},{"id":"1881","type":"Feature","properties":{"gml_id":"layer_pedestrian_road_pl.120538","Name":null,"pyname":null,"kind":"0b14","width":"30","length":"0.047","speedclass":"8","__source_file__":"04-交通数据/1-交通路网/2-分类图层/上海市_行人道路.shp"},"geometry":{"type":"LineString","coordinates":[[121.45697208,31.23563076],[121.45724226,31.23538115],[121.45731228,31.23532125]]}},{"id":"1893","type":"Feature","properties":{"gml_id":"layer_pedestrian_road_pl.120550","Name":null,"pyname":null,"kind":"0b14","width":"30","length":"0.011","speedclass":"8","__source_file__":"04-交通数据/1-交通路网/2-分类图层/上海市_行人道路.shp"},"geometry":{"type":"LineString","coordinates":[[121.4576046,31.23551241],[121.4576847,31.23544253]]}},{"id":"1883","type":"Feature","properties":{"gml_id":"layer_pedestrian_road_pl.120540","Name":null,"pyname":null,"kind":"0b14","width":"30","length":"0.060","speedclass":"8","__source_file__":"04-交通数据/1-交通路网/2-分类图层/上海市_行人道路.shp"},"geometry":{"type":"LineString","coordinates":[[121.45697208,31.23563076],[121.45692186,31.2356106],[121.45681116,31.23557019],[121.45675068,31.23552996],[121.45673034,31.23550989],[121.45673034,31.23547983],[121.45676022,31.23543987],[121.45681026,31.23537989],[121.45690044,31.2353501],[121.45697082,31.2353303]]}},{"id":"1887","type":"Feature","properties":{"gml_id":"layer_pedestrian_road_pl.120544","Name":null,"pyname":null,"kind":"0b14","width":"30","length":"0.028","speedclass":"8","__source_file__":"04-交通数据/1-交通路网/2-分类图层/上海市_行人道路.shp"},"geometry":{"type":"LineString","coordinates":[[121.4576847,31.23544253],[121.45774518,31.23550283],[121.45778568,31.23557303],[121.45780602,31.23562316],[121.45781628,31.23566325]]}},{"id":"1891","type":"Feature","properties":{"gml_id":"layer_pedestrian_road_pl.120548","Name":null,"pyname":null,"kind":"0b14","width":"30","length":"0.026","speedclass":"8","__source_file__":"04-交通数据/1-交通路网/2-分类图层/上海市_行人道路.shp"},"geometry":{"type":"LineString","coordinates":[[121.4576046,31.23551241],[121.45781628,31.23566325]]}},{"id":"1896","type":"Feature","properties":{"gml_id":"layer_pedestrian_road_pl.120553","Name":null,"pyname":null,"kind":"0b14","width":"30","length":"0.034","speedclass":"8","__source_file__":"04-交通数据/1-交通路网/2-分类图层/上海市_行人道路.shp"},"geometry":{"type":"LineString","coordinates":[[121.4579574,31.23575384],[121.45805658,31.23546363]]}},{"id":"1892","type":"Feature","properties":{"gml_id":"layer_pedestrian_road_pl.120549","Name":null,"pyname":null,"kind":"0b14","width":"30","length":"0.046","speedclass":"8","__source_file__":"04-交通数据/1-交通路网/2-分类图层/上海市_行人道路.shp"},"geometry":{"type":"LineString","coordinates":[[121.45724424,31.23579182],[121.4576046,31.23551241]]}},{"id":"1897","type":"Feature","properties":{"gml_id":"layer_pedestrian_road_pl.120554","Name":null,"pyname":null,"kind":"0b14","width":"30","length":"0.035","speedclass":"8","__source_file__":"04-交通数据/1-交通路网/2-分类图层/上海市_行人道路.shp"},"geometry":{"type":"LineString","coordinates":[[121.45807818,31.23581427],[121.4582175,31.2355242]]}},{"id":"1895","type":"Feature","properties":{"gml_id":"layer_pedestrian_road_pl.120552","Name":null,"pyname":null,"kind":"0b14","width":"30","length":"0.017","speedclass":"8","__source_file__":"04-交通数据/1-交通路网/2-分类图层/上海市_行人道路.shp"},"geometry":{"type":"LineString","coordinates":[[121.45781628,31.23566325],[121.4579574,31.23575384]]}},{"id":"1178","type":"Feature","properties":{"gml_id":"layer_pedestrian_road_pl.119835","Name":null,"pyname":null,"kind":"0b14","width":"30","length":"0.032","speedclass":"8","__source_file__":"04-交通数据/1-交通路网/2-分类图层/上海市_行人道路.shp"},"geometry":{"type":"LineString","coordinates":[[121.45697208,31.23563076],[121.4570025,31.2356709],[121.4570529,31.2357011],[121.45712328,31.23573134],[121.45724424,31.23579182]]}},{"id":"1899","type":"Feature","properties":{"gml_id":"layer_pedestrian_road_pl.120556","Name":null,"pyname":null,"kind":"0b14","width":"30","length":"0.037","speedclass":"8","__source_file__":"04-交通数据/1-交通路网/2-分类图层/上海市_行人道路.shp"},"geometry":{"type":"LineString","coordinates":[[121.45829976,31.23590504],[121.45842882,31.23559494]]}},{"id":"1888","type":"Feature","properties":{"gml_id":"layer_pedestrian_road_pl.120545","Name":null,"pyname":null,"kind":"0b14","width":"30","length":"0.028","speedclass":"8","__source_file__":"04-交通数据/1-交通路网/2-分类图层/上海市_行人道路.shp"},"geometry":{"type":"LineString","coordinates":[[121.45768668,31.23587322],[121.4577666,31.23580334],[121.45779666,31.23576338],[121.45781664,31.23573336],[121.45781628,31.23566325]]}},{"id":"1907","type":"Feature","properties":{"gml_id":"layer_pedestrian_road_pl.120564","Name":null,"pyname":null,"kind":"0b14","width":"30","length":"0.013","speedclass":"8","__source_file__":"04-交通数据/1-交通路网/2-分类图层/上海市_行人道路.shp"},"geometry":{"type":"LineString","coordinates":[[121.4579574,31.23575384],[121.45807818,31.23581427]]}},{"id":"1901","type":"Feature","properties":{"gml_id":"layer_pedestrian_road_pl.120558","Name":null,"pyname":null,"kind":"0b14","width":"30","length":"0.038","speedclass":"8","__source_file__":"04-交通数据/1-交通路网/2-分类图层/上海市_行人道路.shp"},"geometry":{"type":"LineString","coordinates":[[121.45851108,31.2359958],[121.45865022,31.23567572]]}},{"id":"1889","type":"Feature","properties":{"gml_id":"layer_pedestrian_road_pl.120546","Name":null,"pyname":null,"kind":"0b14","width":"30","length":"0.044","speedclass":"8","__source_file__":"04-交通数据/1-交通路网/2-分类图层/上海市_行人道路.shp"},"geometry":{"type":"LineString","coordinates":[[121.45724424,31.23579182],[121.45730454,31.23582201],[121.45740516,31.23585239],[121.45747554,31.23587259],[121.457556,31.23588285],[121.4576163,31.23586301],[121.45768668,31.23587322]]}},{"id":"1898","type":"Feature","properties":{"gml_id":"layer_pedestrian_road_pl.120555","Name":null,"pyname":null,"kind":"0b14","width":"30","length":"0.023","speedclass":"8","__source_file__":"04-交通数据/1-交通路网/2-分类图层/上海市_行人道路.shp"},"geometry":{"type":"LineString","coordinates":[[121.45807818,31.23581427],[121.45829976,31.23590504]]}},{"id":"890","type":"Feature","properties":{"gml_id":"layer_pedestrian_road_pl.119547","Name":null,"pyname":null,"kind":"0b01","width":"30","length":"0.008","speedclass":"8","__source_file__":"04-交通数据/1-交通路网/2-分类图层/上海市_行人道路.shp"},"geometry":{"type":"LineString","coordinates":[[121.4593749,31.23591818],[121.45941468,31.23585819]]}},{"id":"1903","type":"Feature","properties":{"gml_id":"layer_pedestrian_road_pl.120560","Name":null,"pyname":null,"kind":"0b14","width":"30","length":"0.037","speedclass":"8","__source_file__":"04-交通数据/1-交通路网/2-分类图层/上海市_行人道路.shp"},"geometry":{"type":"LineString","coordinates":[[121.45872258,31.23608657],[121.45886172,31.23577647]]}},{"id":"889","type":"Feature","properties":{"gml_id":"layer_pedestrian_road_pl.119546","Name":null,"pyname":null,"kind":"0b14","width":"30","length":"0.005","speedclass":"8","__source_file__":"04-交通数据/1-交通路网/2-分类图层/上海市_行人道路.shp"},"geometry":{"type":"LineString","coordinates":[[121.45935492,31.23595818],[121.4593749,31.23591818]]}},{"id":"1900","type":"Feature","properties":{"gml_id":"layer_pedestrian_road_pl.120557","Name":null,"pyname":null,"kind":"0b14","width":"30","length":"0.022","speedclass":"8","__source_file__":"04-交通数据/1-交通路网/2-分类图层/上海市_行人道路.shp"},"geometry":{"type":"LineString","coordinates":[[121.45829976,31.23590504],[121.45851108,31.2359958]]}},{"id":"1906","type":"Feature","properties":{"gml_id":"layer_pedestrian_road_pl.120563","Name":null,"pyname":null,"kind":"0b14","width":"30","length":"0.041","speedclass":"8","__source_file__":"04-交通数据/1-交通路网/2-分类图层/上海市_行人道路.shp"},"geometry":{"type":"LineString","coordinates":[[121.45895406,31.23618737],[121.45908312,31.23583722]]}},{"id":"1902","type":"Feature","properties":{"gml_id":"layer_pedestrian_road_pl.120559","Name":null,"pyname":null,"kind":"0b14","width":"30","length":"0.022","speedclass":"8","__source_file__":"04-交通数据/1-交通路网/2-分类图层/上海市_行人道路.shp"},"geometry":{"type":"LineString","coordinates":[[121.45851108,31.2359958],[121.45872258,31.23608657]]}},{"id":"44","type":"Feature","properties":{"gml_id":"layer_pedestrian_road_pl.118701","Name":null,"pyname":null,"kind":"0b14","width":"30","length":"0.040","speedclass":"8","__source_file__":"04-交通数据/1-交通路网/2-分类图层/上海市_行人道路.shp"},"geometry":{"type":"LineString","coordinates":[[121.45935492,31.23595818],[121.45919508,31.23616806],[121.45912524,31.23625797]]}},{"id":"1904","type":"Feature","properties":{"gml_id":"layer_pedestrian_road_pl.120561","Name":null,"pyname":null,"kind":"0b14","width":"30","length":"0.025","speedclass":"8","__source_file__":"04-交通数据/1-交通路网/2-分类图层/上海市_行人道路.shp"},"geometry":{"type":"LineString","coordinates":[[121.45872258,31.23608657],[121.45895406,31.23618737]]}},{"id":"1905","type":"Feature","properties":{"gml_id":"layer_pedestrian_road_pl.120562","Name":null,"pyname":null,"kind":"0b14","width":"30","length":"0.018","speedclass":"8","__source_file__":"04-交通数据/1-交通路网/2-分类图层/上海市_行人道路.shp"},"geometry":{"type":"LineString","coordinates":[[121.45895406,31.23618737],[121.45912524,31.23625797]]}},{"id":"988","type":"Feature","properties":{"gml_id":"layer_pedestrian_road_pl.119645","Name":null,"pyname":null,"kind":"0b14","width":"30","length":"0.103","speedclass":"8","__source_file__":"04-交通数据/1-交通路网/2-分类图层/上海市_行人道路.shp"},"geometry":{"type":"LineString","coordinates":[[121.45935492,31.23595818],[121.4596872,31.23608936],[121.4597376,31.23612959],[121.45978818,31.23620982],[121.45984884,31.23629015],[121.46001012,31.23642083],[121.46010084,31.23646115],[121.46021136,31.23649152]]}},{"id":"986","type":"Feature","properties":{"gml_id":"layer_pedestrian_road_pl.119643","Name":null,"pyname":null,"kind":"0b14","width":"30","length":"0.057","speedclass":"8","__source_file__":"04-交通数据/1-交通路网/2-分类图层/上海市_行人道路.shp"},"geometry":{"type":"LineString","coordinates":[[121.45912524,31.23625797],[121.45890492,31.23642762],[121.45888512,31.23649769],[121.4589357,31.2365579],[121.45905648,31.23660834]]}},{"id":"1111","type":"Feature","properties":{"gml_id":"layer_pedestrian_road_pl.119768","Name":null,"pyname":null,"kind":"0b14","width":"30","length":"0.032","speedclass":"8","__source_file__":"04-交通数据/1-交通路网/2-分类图层/上海市_行人道路.shp"},"geometry":{"type":"LineString","coordinates":[[121.45938822,31.23663935],[121.45905648,31.23660834]]}},{"id":"1110","type":"Feature","properties":{"gml_id":"layer_pedestrian_road_pl.119767","Name":null,"pyname":null,"kind":"0b14","width":"30","length":"0.013","speedclass":"8","__source_file__":"04-交通数据/1-交通路网/2-分类图层/上海市_行人道路.shp"},"geometry":{"type":"LineString","coordinates":[[121.45952898,31.23664979],[121.45938822,31.23663935]]}},{"id":"1848","type":"Feature","properties":{"gml_id":"layer_pedestrian_road_pl.120505","Name":null,"pyname":null,"kind":"0b14","width":"30","length":"0.036","speedclass":"8","__source_file__":"04-交通数据/1-交通路网/2-分类图层/上海市_行人道路.shp"},"geometry":{"type":"LineString","coordinates":[[121.45990086,31.23670095],[121.45952898,31.23664979]]}},{"id":"43","type":"Feature","properties":{"gml_id":"layer_pedestrian_road_pl.118700","Name":null,"pyname":null,"kind":"0b01","width":"30","length":"0.050","speedclass":"8","__source_file__":"04-交通数据/1-交通路网/2-分类图层/上海市_行人道路.shp"},"geometry":{"type":"LineString","coordinates":[[121.45538088,31.23701829],[121.45560192,31.23700893],[121.4556822,31.2369791],[121.45587264,31.23688955]]}},{"id":"987","type":"Feature","properties":{"gml_id":"layer_pedestrian_road_pl.119644","Name":null,"pyname":null,"kind":"0b14","width":"30","length":"0.084","speedclass":"8","__source_file__":"04-交通数据/1-交通路网/2-分类图层/上海市_行人道路.shp"},"geometry":{"type":"LineString","coordinates":[[121.45905648,31.23660834],[121.45906692,31.23669852],[121.45912866,31.23700916],[121.4591796,31.23717957],[121.4592102,31.2372698],[121.45926078,31.23734009]]}},{"id":"45","type":"Feature","properties":{"gml_id":"layer_pedestrian_road_pl.118702","Name":null,"pyname":null,"kind":"0b14","width":"30","length":"0.092","speedclass":"8","__source_file__":"04-交通数据/1-交通路网/2-分类图层/上海市_行人道路.shp"},"geometry":{"type":"LineString","coordinates":[[121.45952898,31.23664979],[121.45957956,31.23673007],[121.45961016,31.23682029],[121.45962078,31.23696051],[121.45959108,31.23707063],[121.45950126,31.23718052],[121.45926078,31.23734009]]}},{"id":"209","type":"Feature","properties":{"gml_id":"layer_pedestrian_road_pl.118866","Name":null,"pyname":null,"kind":"0b14","width":"30","length":"0.011","speedclass":"8","__source_file__":"04-交通数据/1-交通路网/2-分类图层/上海市_行人道路.shp"},"geometry":{"type":"LineString","coordinates":[[121.44504906,31.2320205],[121.44515976,31.23206091]]}},{"id":"196","type":"Feature","properties":{"gml_id":"layer_pedestrian_road_pl.118853","Name":null,"pyname":null,"kind":"0b14","width":"30","length":"0.011","speedclass":"8","__source_file__":"04-交通数据/1-交通路网/2-分类图层/上海市_行人道路.shp"},"geometry":{"type":"LineString","coordinates":[[121.44548106,31.23202176],[121.44545136,31.23212184]]}},{"id":"201","type":"Feature","properties":{"gml_id":"layer_pedestrian_road_pl.118858","Name":null,"pyname":null,"kind":"0b14","width":"30","length":"0.012","speedclass":"8","__source_file__":"04-交通数据/1-交通路网/2-分类图层/上海市_行人道路.shp"},"geometry":{"type":"LineString","coordinates":[[121.44502944,31.23213062],[121.44504906,31.2320205]]}},{"id":"210","type":"Feature","properties":{"gml_id":"layer_pedestrian_road_pl.118867","Name":null,"pyname":null,"kind":"0b14","width":"30","length":"0.011","speedclass":"8","__source_file__":"04-交通数据/1-交通路网/2-分类图层/上海市_行人道路.shp"},"geometry":{"type":"LineString","coordinates":[[121.44515976,31.23206091],[121.44526038,31.23210123]]}},{"id":"211","type":"Feature","properties":{"gml_id":"layer_pedestrian_road_pl.118868","Name":null,"pyname":null,"kind":"0b14","width":"30","length":"0.012","speedclass":"8","__source_file__":"04-交通数据/1-交通路网/2-分类图层/上海市_行人道路.shp"},"geometry":{"type":"LineString","coordinates":[[121.44511998,31.23216095],[121.44515976,31.23206091]]}},{"id":"205","type":"Feature","properties":{"gml_id":"layer_pedestrian_road_pl.118862","Name":null,"pyname":null,"kind":"0b14","width":"30","length":"0.009","speedclass":"8","__source_file__":"04-交通数据/1-交通路网/2-分类图层/上海市_行人道路.shp"},"geometry":{"type":"LineString","coordinates":[[121.44502944,31.23213062],[121.44511998,31.23216095]]}},{"id":"203","type":"Feature","properties":{"gml_id":"layer_pedestrian_road_pl.118860","Name":null,"pyname":null,"kind":"0b14","width":"30","length":"0.012","speedclass":"8","__source_file__":"04-交通数据/1-交通路网/2-分类图层/上海市_行人道路.shp"},"geometry":{"type":"LineString","coordinates":[[121.4452206,31.23220131],[121.44526038,31.23210123]]}},{"id":"206","type":"Feature","properties":{"gml_id":"layer_pedestrian_road_pl.118863","Name":null,"pyname":null,"kind":"0b14","width":"30","length":"0.011","speedclass":"8","__source_file__":"04-交通数据/1-交通路网/2-分类图层/上海市_行人道路.shp"},"geometry":{"type":"LineString","coordinates":[[121.44511998,31.23216095],[121.4452206,31.23220131]]}},{"id":"198","type":"Feature","properties":{"gml_id":"layer_pedestrian_road_pl.118855","Name":null,"pyname":null,"kind":"0b14","width":"30","length":"0.017","speedclass":"8","__source_file__":"04-交通数据/1-交通路网/2-分类图层/上海市_行人道路.shp"},"geometry":{"type":"LineString","coordinates":[[121.44545136,31.23212184],[121.44540168,31.23222183],[121.44537162,31.23226184]]}},{"id":"197","type":"Feature","properties":{"gml_id":"layer_pedestrian_road_pl.118854","Name":null,"pyname":null,"kind":"0b14","width":"30","length":"0.046","speedclass":"8","__source_file__":"04-交通数据/1-交通路网/2-分类图层/上海市_行人道路.shp"},"geometry":{"type":"LineString","coordinates":[[121.44590424,31.23226337],[121.44545136,31.23212184]]}},{"id":"6943","type":"Feature","properties":{"gml_id":"layer_pedestrian_road_pl.125903","Name":null,"pyname":null,"kind":"0b01","width":"30","length":"0.048","speedclass":"8","__source_file__":"04-交通数据/1-交通路网/2-分类图层/上海市_行人道路.shp"},"geometry":{"type":"LineString","coordinates":[[121.4336817,31.23375809],[121.4339022,31.23383846],[121.4341227,31.23396882]]}},{"id":"194","type":"Feature","properties":{"gml_id":"layer_pedestrian_road_pl.118851","Name":null,"pyname":null,"kind":"0b14","width":"30","length":"0.049","speedclass":"8","__source_file__":"04-交通数据/1-交通路网/2-分类图层/上海市_行人道路.shp"},"geometry":{"type":"LineString","coordinates":[[121.44537162,31.23226184],[121.44535164,31.23228182],[121.4453016,31.2323117],[121.44526146,31.2323216],[121.44522132,31.2323315],[121.44516084,31.23231129],[121.44511062,31.23229113],[121.4450703,31.23227097],[121.44504006,31.23224082],[121.44502962,31.2321807],[121.44502944,31.23213062]]}},{"id":"199","type":"Feature","properties":{"gml_id":"layer_pedestrian_road_pl.118856","Name":null,"pyname":null,"kind":"0b14","width":"30","length":"0.016","speedclass":"8","__source_file__":"04-交通数据/1-交通路网/2-分类图层/上海市_行人道路.shp"},"geometry":{"type":"LineString","coordinates":[[121.4452206,31.23220131],[121.44537162,31.23226184]]}},{"id":"1679","type":"Feature","properties":{"gml_id":"layer_pedestrian_road_pl.120336","Name":null,"pyname":null,"kind":"0b01","width":"30","length":"0.053","speedclass":"8","__source_file__":"04-交通数据/1-交通路网/2-分类图层/上海市_行人道路.shp"},"geometry":{"type":"LineString","coordinates":[[121.45107312,31.23539325],[121.4507196,31.23502164]]}},{"id":"1580","type":"Feature","properties":{"gml_id":"layer_pedestrian_road_pl.120237","Name":null,"pyname":null,"kind":"0b14","width":"30","length":"0.004","speedclass":"8","__source_file__":"04-交通数据/1-交通路网/2-分类图层/上海市_行人道路.shp"},"geometry":{"type":"LineString","coordinates":[[121.44388284,31.23625374],[121.44386286,31.23628371]]}},{"id":"1579","type":"Feature","properties":{"gml_id":"layer_pedestrian_road_pl.120236","Name":null,"pyname":null,"kind":"0b14","width":"30","length":"0.042","speedclass":"8","__source_file__":"04-交通数据/1-交通路网/2-分类图层/上海市_行人道路.shp"},"geometry":{"type":"LineString","coordinates":[[121.44341016,31.23616221],[121.44377286,31.23638361]]}},{"id":"1581","type":"Feature","properties":{"gml_id":"layer_pedestrian_road_pl.120238","Name":null,"pyname":null,"kind":"0b14","width":"30","length":"0.011","speedclass":"8","__source_file__":"04-交通数据/1-交通路网/2-分类图层/上海市_行人道路.shp"},"geometry":{"type":"LineString","coordinates":[[121.44386286,31.23628371],[121.44380292,31.23636368]]}},{"id":"1577","type":"Feature","properties":{"gml_id":"layer_pedestrian_road_pl.120234","Name":null,"pyname":null,"kind":"0b14","width":"30","length":"0.004","speedclass":"8","__source_file__":"04-交通数据/1-交通路网/2-分类图层/上海市_行人道路.shp"},"geometry":{"type":"LineString","coordinates":[[121.44380292,31.23636368],[121.44377286,31.23638361]]}},{"id":"1573","type":"Feature","properties":{"gml_id":"layer_pedestrian_road_pl.120230","Name":null,"pyname":null,"kind":"0b14","width":"30","length":"0.039","speedclass":"8","__source_file__":"04-交通数据/1-交通路网/2-分类图层/上海市_行人道路.shp"},"geometry":{"type":"LineString","coordinates":[[121.44332052,31.23632219],[121.44366306,31.23652352]]}},{"id":"1578","type":"Feature","properties":{"gml_id":"layer_pedestrian_road_pl.120235","Name":null,"pyname":null,"kind":"0b14","width":"30","length":"0.013","speedclass":"8","__source_file__":"04-交通数据/1-交通路网/2-分类图层/上海市_行人道路.shp"},"geometry":{"type":"LineString","coordinates":[[121.44377286,31.23638361],[121.44369294,31.23648351]]}},{"id":"1574","type":"Feature","properties":{"gml_id":"layer_pedestrian_road_pl.120231","Name":null,"pyname":null,"kind":"0b14","width":"30","length":"0.005","speedclass":"8","__source_file__":"04-交通数据/1-交通路网/2-分类图层/上海市_行人道路.shp"},"geometry":{"type":"LineString","coordinates":[[121.44369294,31.23648351],[121.44366306,31.23652352]]}},{"id":"1576","type":"Feature","properties":{"gml_id":"layer_pedestrian_road_pl.120233","Name":null,"pyname":null,"kind":"0b14","width":"30","length":"0.057","speedclass":"8","__source_file__":"04-交通数据/1-交通路网/2-分类图层/上海市_行人道路.shp"},"geometry":{"type":"LineString","coordinates":[[121.44380292,31.23636368],[121.44429666,31.23665555]]}},{"id":"1582","type":"Feature","properties":{"gml_id":"layer_pedestrian_road_pl.120239","Name":null,"pyname":null,"kind":"0b01","width":"30","length":"0.043","speedclass":"8","__source_file__":"04-交通数据/1-交通路网/2-分类图层/上海市_行人道路.shp"},"geometry":{"type":"LineString","coordinates":[[121.44799296,31.2363959],[121.44805344,31.23643613],[121.44814434,31.23653652],[121.44823524,31.23663696],[121.44827574,31.23669717]]}},{"id":"1584","type":"Feature","properties":{"gml_id":"layer_pedestrian_road_pl.120241","Name":null,"pyname":null,"kind":"0b01","width":"30","length":"0.032","speedclass":"8","__source_file__":"04-交通数据/1-交通路网/2-分类图层/上海市_行人道路.shp"},"geometry":{"type":"LineString","coordinates":[[121.44827574,31.23669717],[121.44829446,31.23640679]]}},{"id":"1572","type":"Feature","properties":{"gml_id":"layer_pedestrian_road_pl.120229","Name":null,"pyname":null,"kind":"0b14","width":"30","length":"0.027","speedclass":"8","__source_file__":"04-交通数据/1-交通路网/2-分类图层/上海市_行人道路.shp"},"geometry":{"type":"LineString","coordinates":[[121.44366306,31.23652352],[121.44349314,31.23672332]]}},{"id":"1575","type":"Feature","properties":{"gml_id":"layer_pedestrian_road_pl.120232","Name":null,"pyname":null,"kind":"0b14","width":"30","length":"0.054","speedclass":"8","__source_file__":"04-交通数据/1-交通路网/2-分类图层/上海市_行人道路.shp"},"geometry":{"type":"LineString","coordinates":[[121.44369294,31.23648351],[121.44416652,31.23676535]]}},{"id":"1585","type":"Feature","properties":{"gml_id":"layer_pedestrian_road_pl.120242","Name":null,"pyname":null,"kind":"0b01","width":"30","length":"0.014","speedclass":"8","__source_file__":"04-交通数据/1-交通路网/2-分类图层/上海市_行人道路.shp"},"geometry":{"type":"LineString","coordinates":[[121.44781314,31.23662571],[121.44792402,31.23670617]]}},{"id":"1583","type":"Feature","properties":{"gml_id":"layer_pedestrian_road_pl.120240","Name":null,"pyname":null,"kind":"0b14","width":"30","length":"0.032","speedclass":"8","__source_file__":"04-交通数据/1-交通路网/2-分类图层/上海市_行人道路.shp"},"geometry":{"type":"LineString","coordinates":[[121.44827574,31.23669717],[121.44831624,31.23675738],[121.44834666,31.23682758],[121.4483976,31.23696794]]}},{"id":"6946","type":"Feature","properties":{"gml_id":"layer_pedestrian_road_pl.125906","Name":null,"pyname":null,"kind":"0b01","width":"30","length":"0.043","speedclass":"8","__source_file__":"04-交通数据/1-交通路网/2-分类图层/上海市_行人道路.shp"},"geometry":{"type":"LineString","coordinates":[[121.45101246,31.23753642],[121.45105242,31.23746645],[121.45114206,31.23729644],[121.45119174,31.23718641]]}},{"id":"6945","type":"Feature","properties":{"gml_id":"layer_pedestrian_road_pl.125905","Name":null,"pyname":null,"kind":"0b01","width":"30","length":"0.007","speedclass":"8","__source_file__":"04-交通数据/1-交通路网/2-分类图层/上海市_行人道路.shp"},"geometry":{"type":"LineString","coordinates":[[121.45098258,31.23759645],[121.45101246,31.23753642]]}},{"id":"1877","type":"Feature","properties":{"gml_id":"layer_pedestrian_road_pl.120534","Name":null,"pyname":null,"kind":"0b01","width":"30","length":"0.040","speedclass":"8","__source_file__":"04-交通数据/1-交通路网/2-分类图层/上海市_行人道路.shp"},"geometry":{"type":"LineString","coordinates":[[121.45260852,31.23939398],[121.45260816,31.23931383],[121.45258782,31.23924368],[121.45257774,31.23922361],[121.45257756,31.23919355],[121.45257738,31.23917352],[121.45256676,31.23903326]]}},{"id":"1229","type":"Feature","properties":{"gml_id":"layer_pedestrian_road_pl.119886","Name":null,"pyname":null,"kind":"0b01","width":"30","length":"0.173","speedclass":"8","__source_file__":"04-交通数据/1-交通路网/2-分类图层/上海市_行人道路.shp"},"geometry":{"type":"LineString","coordinates":[[121.4365077,31.23078426],[121.43659788,31.23082445],[121.43667798,31.23085455],[121.43676816,31.2308847],[121.4368083,31.23090477],[121.43686842,31.23090491],[121.4369586,31.23090504],[121.43708892,31.23090531],[121.43719926,31.23093551],[121.43823156,31.23125726]]}},{"id":"1101","type":"Feature","properties":{"gml_id":"layer_pedestrian_road_pl.119758","Name":null,"pyname":null,"kind":"0b01","width":"30","length":"0.007","speedclass":"8","__source_file__":"04-交通数据/1-交通路网/2-分类图层/上海市_行人道路.shp"},"geometry":{"type":"LineString","coordinates":[[121.43589354,31.24470371],[121.43596374,31.24467387]]}},{"id":"1100","type":"Feature","properties":{"gml_id":"layer_pedestrian_road_pl.119757","Name":null,"pyname":null,"kind":"0b14","width":"30","length":"0.045","speedclass":"8","__source_file__":"04-交通数据/1-交通路网/2-分类图层/上海市_行人道路.shp"},"geometry":{"type":"LineString","coordinates":[[121.43547234,31.24488276],[121.43589354,31.24470371]]}},{"id":"190","type":"Feature","properties":{"gml_id":"layer_pedestrian_road_pl.118847","Name":null,"pyname":null,"kind":"0b14","width":"30","length":"0.102","speedclass":"8","__source_file__":"04-交通数据/1-交通路网/2-分类图层/上海市_行人道路.shp"},"geometry":{"type":"LineString","coordinates":[[121.43551626,31.24570415],[121.43562606,31.24554422],[121.43570526,31.2453041],[121.43569482,31.24519389],[121.43565396,31.24506357],[121.4355933,31.24497326],[121.43551266,31.24490288],[121.43547234,31.24488276]]}},{"id":"1098","type":"Feature","properties":{"gml_id":"layer_pedestrian_road_pl.119755","Name":null,"pyname":null,"kind":"0b14","width":"30","length":"0.041","speedclass":"8","__source_file__":"04-交通数据/1-交通路网/2-分类图层/上海市_行人道路.shp"},"geometry":{"type":"LineString","coordinates":[[121.43551626,31.24570415],[121.43586888,31.24592555]]}},{"id":"1099","type":"Feature","properties":{"gml_id":"layer_pedestrian_road_pl.119756","Name":null,"pyname":null,"kind":"0b01","width":"30","length":"0.005","speedclass":"8","__source_file__":"04-交通数据/1-交通路网/2-分类图层/上海市_行人道路.shp"},"geometry":{"type":"LineString","coordinates":[[121.43586888,31.24592555],[121.4359092,31.2459557]]}},{"id":"1219","type":"Feature","properties":{"gml_id":"layer_pedestrian_road_pl.119876","Name":null,"pyname":null,"kind":"0b01","width":"30","length":"0.074","speedclass":"8","__source_file__":"04-交通数据/1-交通路网/2-分类图层/上海市_行人道路.shp"},"geometry":{"type":"LineString","coordinates":[[121.4421012,31.24650452],[121.44216132,31.24648467],[121.44225186,31.24649493],[121.44243276,31.24652553],[121.44260376,31.24656608],[121.44277476,31.24660662],[121.44279492,31.2466167],[121.44283542,31.24665689]]}},{"id":"1220","type":"Feature","properties":{"gml_id":"layer_pedestrian_road_pl.119877","Name":null,"pyname":null,"kind":"0b01","width":"30","length":"0.042","speedclass":"8","__source_file__":"04-交通数据/1-交通路网/2-分类图层/上海市_行人道路.shp"},"geometry":{"type":"LineString","coordinates":[[121.44283542,31.24665689],[121.44288546,31.246637],[121.44295584,31.24664721],[121.44304638,31.24666751],[121.4432577,31.24671822]]}},{"id":"1223","type":"Feature","properties":{"gml_id":"layer_pedestrian_road_pl.119880","Name":null,"pyname":null,"kind":"0b01","width":"30","length":"0.067","speedclass":"8","__source_file__":"04-交通数据/1-交通路网/2-分类图层/上海市_行人道路.shp"},"geometry":{"type":"LineString","coordinates":[[121.44270654,31.24705716],[121.44251538,31.24698647],[121.44235428,31.24693593],[121.44229398,31.24691573],[121.4422335,31.24688549],[121.44218328,31.24686533],[121.44216312,31.24685525],[121.4421228,31.2468251],[121.44210246,31.24677497]]}},{"id":"1224","type":"Feature","properties":{"gml_id":"layer_pedestrian_road_pl.119881","Name":null,"pyname":null,"kind":"0b01","width":"30","length":"0.036","speedclass":"8","__source_file__":"04-交通数据/1-交通路网/2-分类图层/上海市_行人道路.shp"},"geometry":{"type":"LineString","coordinates":[[121.44270654,31.24705716],[121.44283704,31.2470375],[121.44290742,31.24701765],[121.4430678,31.24696806]]}},{"id":"1875","type":"Feature","properties":{"gml_id":"layer_pedestrian_road_pl.120532","Name":null,"pyname":null,"kind":"0b01","width":"30","length":"0.033","speedclass":"8","__source_file__":"04-交通数据/1-交通路网/2-分类图层/上海市_行人道路.shp"},"geometry":{"type":"LineString","coordinates":[[121.45224582,31.23917258],[121.45255794,31.23930366]]}},{"id":"1878","type":"Feature","properties":{"gml_id":"layer_pedestrian_road_pl.120535","Name":null,"pyname":null,"kind":"0b01","width":"30","length":"0.061","speedclass":"8","__source_file__":"04-交通数据/1-交通路网/2-分类图层/上海市_行人道路.shp"},"geometry":{"type":"LineString","coordinates":[[121.45260852,31.23939398],[121.45276908,31.23932432],[121.45285944,31.23931455],[121.4529399,31.23933485],[121.45298022,31.239365],[121.45301064,31.23940514],[121.4530209,31.23946526],[121.45302126,31.23955539]]}},{"id":"1876","type":"Feature","properties":{"gml_id":"layer_pedestrian_road_pl.120533","Name":null,"pyname":null,"kind":"0b01","width":"30","length":"0.020","speedclass":"8","__source_file__":"04-交通数据/1-交通路网/2-分类图层/上海市_行人道路.shp"},"geometry":{"type":"LineString","coordinates":[[121.4525088,31.23955391],[121.45255884,31.23948393],[121.45260852,31.23939398]]}},{"id":"1879","type":"Feature","properties":{"gml_id":"layer_pedestrian_road_pl.120536","Name":null,"pyname":null,"kind":"0b01","width":"30","length":"0.008","speedclass":"8","__source_file__":"04-交通数据/1-交通路网/2-分类图层/上海市_行人道路.shp"},"geometry":{"type":"LineString","coordinates":[[121.45294098,31.23955517],[121.45302126,31.23955539]]}},{"id":"1880","type":"Feature","properties":{"gml_id":"layer_pedestrian_road_pl.120537","Name":null,"pyname":null,"kind":"0b01","width":"30","length":"0.008","speedclass":"8","__source_file__":"04-交通数据/1-交通路网/2-分类图层/上海市_行人道路.shp"},"geometry":{"type":"LineString","coordinates":[[121.45302126,31.23955539],[121.45310172,31.23955566]]}},{"id":"1872","type":"Feature","properties":{"gml_id":"layer_pedestrian_road_pl.120529","Name":null,"pyname":null,"kind":"0b01","width":"30","length":"0.054","speedclass":"8","__source_file__":"04-交通数据/1-交通路网/2-分类图层/上海市_行人道路.shp"},"geometry":{"type":"LineString","coordinates":[[121.45168422,31.2394113],[121.45163472,31.23956138],[121.4516151,31.23967149],[121.45162536,31.2397016],[121.45166568,31.23974178],[121.45176666,31.23984222]]}},{"id":"1874","type":"Feature","properties":{"gml_id":"layer_pedestrian_road_pl.120531","Name":null,"pyname":null,"kind":"0b01","width":"30","length":"0.049","speedclass":"8","__source_file__":"04-交通数据/1-交通路网/2-分类图层/上海市_行人道路.shp"},"geometry":{"type":"LineString","coordinates":[[121.45176666,31.23984222],[121.45210776,31.23971298],[121.45223808,31.23967334]]}},{"id":"1873","type":"Feature","properties":{"gml_id":"layer_pedestrian_road_pl.120530","Name":null,"pyname":null,"kind":"0b01","width":"30","length":"0.043","speedclass":"8","__source_file__":"04-交通数据/1-交通路网/2-分类图层/上海市_行人道路.shp"},"geometry":{"type":"LineString","coordinates":[[121.45138578,31.24005143],[121.45176666,31.23984222]]}},{"id":"1225","type":"Feature","properties":{"gml_id":"layer_pedestrian_road_pl.119882","Name":null,"pyname":null,"kind":"0b01","width":"30","length":"0.049","speedclass":"8","__source_file__":"04-交通数据/1-交通路网/2-分类图层/上海市_行人道路.shp"},"geometry":{"type":"LineString","coordinates":[[121.44755034,31.24286469],[121.44790296,31.24306602],[121.44796362,31.24312628]]}},{"id":"1226","type":"Feature","properties":{"gml_id":"layer_pedestrian_road_pl.119883","Name":null,"pyname":null,"kind":"0b01","width":"30","length":"0.015","speedclass":"8","__source_file__":"04-交通数据/1-交通路网/2-分类图层/上海市_行人道路.shp"},"geometry":{"type":"LineString","coordinates":[[121.44794292,31.242996],[121.44796362,31.24312628]]}},{"id":"6845","type":"Feature","properties":{"gml_id":"layer_pedestrian_road_pl.125803","Name":null,"pyname":null,"kind":"0b01","width":"30","length":"0.013","speedclass":"8","__source_file__":"04-交通数据/1-交通路网/2-分类图层/上海市_行人道路.shp"},"geometry":{"type":"LineString","coordinates":[[121.42569456,31.24012131],[121.42562436,31.24022117]]}},{"id":"840","type":"Feature","properties":{"gml_id":"layer_pedestrian_road_pl.119497","Name":null,"pyname":null,"kind":"0b01","width":"30","length":"0.004","speedclass":"8","__source_file__":"04-交通数据/1-交通路网/2-分类图层/上海市_行人道路.shp"},"geometry":{"type":"LineString","coordinates":[[121.42562436,31.24022117],[121.42560438,31.24025114]]}},{"id":"841","type":"Feature","properties":{"gml_id":"layer_pedestrian_road_pl.119498","Name":"宝成桥","pyname":"bcq","kind":"0b08","width":"30","length":"0.047","speedclass":"8","__source_file__":"04-交通数据/1-交通路网/2-分类图层/上海市_行人道路.shp"},"geometry":{"type":"LineString","coordinates":[[121.42560438,31.24025114],[121.42542402,31.24049072],[121.42530378,31.24058045]]}},{"id":"842","type":"Feature","properties":{"gml_id":"layer_pedestrian_road_pl.119499","Name":null,"pyname":null,"kind":"0b01","width":"30","length":"0.026","speedclass":"8","__source_file__":"04-交通数据/1-交通路网/2-分类图层/上海市_行人道路.shp"},"geometry":{"type":"LineString","coordinates":[[121.42530378,31.24058045],[121.42511334,31.24075005]]}},{"id":"193","type":"Feature","properties":{"gml_id":"layer_pedestrian_road_pl.118850","Name":null,"pyname":null,"kind":"0b01","width":"30","length":"0.162","speedclass":"8","__source_file__":"04-交通数据/1-交通路网/2-分类图层/上海市_行人道路.shp"},"geometry":{"type":"LineString","coordinates":[[121.43440926,31.24314698],[121.43505042,31.2427382],[121.4356104,31.24212885]]}},{"id":"2256","type":"Feature","properties":{"gml_id":"layer_pedestrian_road_pl.120913","Name":"规划二路","pyname":"ghel","kind":"0b01","width":"30","length":"0.118","speedclass":"8","__source_file__":"04-交通数据/1-交通路网/2-分类图层/上海市_行人道路.shp"},"geometry":{"type":"LineString","coordinates":[[121.42634724,31.24232226],[121.42600938,31.24315256],[121.42596006,31.24333269]]}},{"id":"1103","type":"Feature","properties":{"gml_id":"layer_pedestrian_road_pl.119760","Name":null,"pyname":null,"kind":"0b01","width":"30","length":"0.007","speedclass":"8","__source_file__":"04-交通数据/1-交通路网/2-分类图层/上海市_行人道路.shp"},"geometry":{"type":"LineString","coordinates":[[121.43540934,31.24430168],[121.4354493,31.24425168]]}},{"id":"1102","type":"Feature","properties":{"gml_id":"layer_pedestrian_road_pl.119759","Name":null,"pyname":null,"kind":"0b14","width":"30","length":"0.025","speedclass":"8","__source_file__":"04-交通数据/1-交通路网/2-分类图层/上海市_行人道路.shp"},"geometry":{"type":"LineString","coordinates":[[121.43527956,31.24450161],[121.43540934,31.24430168]]}},{"id":"1097","type":"Feature","properties":{"gml_id":"layer_pedestrian_road_pl.119754","Name":null,"pyname":null,"kind":"0b14","width":"30","length":"0.097","speedclass":"8","__source_file__":"04-交通数据/1-交通路网/2-分类图层/上海市_行人道路.shp"},"geometry":{"type":"LineString","coordinates":[[121.43429586,31.244679],[121.4346168,31.24456979],[121.43488788,31.24451048],[121.43514906,31.24449122],[121.43527956,31.24450161]]}},{"id":"1678","type":"Feature","properties":{"gml_id":"layer_pedestrian_road_pl.120335","Name":null,"pyname":null,"kind":"0b01","width":"30","length":"0.009","speedclass":"8","__source_file__":"04-交通数据/1-交通路网/2-分类图层/上海市_行人道路.shp"},"geometry":{"type":"LineString","coordinates":[[121.4341848,31.24458855],[121.43425536,31.24463882]]}},{"id":"1096","type":"Feature","properties":{"gml_id":"layer_pedestrian_road_pl.119753","Name":null,"pyname":null,"kind":"0b14","width":"30","length":"0.030","speedclass":"8","__source_file__":"04-交通数据/1-交通路网/2-分类图层/上海市_行人道路.shp"},"geometry":{"type":"LineString","coordinates":[[121.43514006,31.24474155],[121.43527956,31.24450161]]}},{"id":"1094","type":"Feature","properties":{"gml_id":"layer_pedestrian_road_pl.119751","Name":null,"pyname":null,"kind":"0b14","width":"30","length":"0.006","speedclass":"8","__source_file__":"04-交通数据/1-交通路网/2-分类图层/上海市_行人道路.shp"},"geometry":{"type":"LineString","coordinates":[[121.43425536,31.24463882],[121.43429586,31.244679]]}},{"id":"1095","type":"Feature","properties":{"gml_id":"layer_pedestrian_road_pl.119752","Name":null,"pyname":null,"kind":"0b14","width":"30","length":"0.023","speedclass":"8","__source_file__":"04-交通数据/1-交通路网/2-分类图层/上海市_行人道路.shp"},"geometry":{"type":"LineString","coordinates":[[121.43429586,31.244679],[121.43445732,31.24483974]]}},{"id":"192","type":"Feature","properties":{"gml_id":"layer_pedestrian_road_pl.118849","Name":null,"pyname":null,"kind":"0b14","width":"30","length":"0.068","speedclass":"8","__source_file__":"04-交通数据/1-交通路网/2-分类图层/上海市_行人道路.shp"},"geometry":{"type":"LineString","coordinates":[[121.43514006,31.24474155],[121.43500938,31.24472117],[121.43482848,31.24471059],[121.43460762,31.24477008],[121.43445732,31.24483974]]}},{"id":"191","type":"Feature","properties":{"gml_id":"layer_pedestrian_road_pl.118848","Name":null,"pyname":null,"kind":"0b14","width":"30","length":"0.035","speedclass":"8","__source_file__":"04-交通数据/1-交通路网/2-分类图层/上海市_行人道路.shp"},"geometry":{"type":"LineString","coordinates":[[121.43547234,31.24488276],[121.43543202,31.24485257],[121.43536146,31.24483236],[121.43514006,31.24474155]]}},{"id":"973","type":"Feature","properties":{"gml_id":"layer_pedestrian_road_pl.119630","Name":null,"pyname":null,"kind":"0b14","width":"30","length":"0.011","speedclass":"8","__source_file__":"04-交通数据/1-交通路网/2-分类图层/上海市_行人道路.shp"},"geometry":{"type":"LineString","coordinates":[[121.43445732,31.24483974],[121.43453796,31.24491008]]}},{"id":"976","type":"Feature","properties":{"gml_id":"layer_pedestrian_road_pl.119633","Name":null,"pyname":null,"kind":"0b14","width":"30","length":"0.125","speedclass":"8","__source_file__":"04-交通数据/1-交通路网/2-分类图层/上海市_行人道路.shp"},"geometry":{"type":"LineString","coordinates":[[121.43453796,31.24491008],[121.43459844,31.24496034],[121.43469942,31.24505075],[121.4347095,31.24508085],[121.43468988,31.24515092],[121.4346699,31.24521095],[121.43468052,31.24530108],[121.4346906,31.24533119],[121.43470104,31.2454013],[121.43476152,31.24545156],[121.43480184,31.24548176],[121.43483208,31.24549184],[121.43490246,31.24551209],[121.43499282,31.24551236],[121.43509326,31.2454926],[121.43514348,31.24548275],[121.43521386,31.24549296],[121.4352945,31.24555326]]}},{"id":"974","type":"Feature","properties":{"gml_id":"layer_pedestrian_road_pl.119631","Name":null,"pyname":null,"kind":"0b14","width":"30","length":"0.076","speedclass":"8","__source_file__":"04-交通数据/1-交通路网/2-分类图层/上海市_行人道路.shp"},"geometry":{"type":"LineString","coordinates":[[121.43453796,31.24491008],[121.43447874,31.24512023],[121.4344593,31.24529046],[121.43448036,31.24547078],[121.43452104,31.24558107]]}},{"id":"1810","type":"Feature","properties":{"gml_id":"layer_pedestrian_road_pl.120467","Name":null,"pyname":null,"kind":"0b14","width":"30","length":"0.109","speedclass":"8","__source_file__":"04-交通数据/1-交通路网/2-分类图层/上海市_行人道路.shp"},"geometry":{"type":"LineString","coordinates":[[121.43445732,31.24483974],[121.4344071,31.24486962],[121.43437704,31.2448896],[121.434327,31.24492952],[121.4343072,31.24496952],[121.43428722,31.24499949],[121.43423772,31.24517963],[121.43420838,31.24534982],[121.43419866,31.24541988],[121.4342091,31.24549004],[121.43425986,31.24560033],[121.43437092,31.24571085]]}},{"id":"977","type":"Feature","properties":{"gml_id":"layer_pedestrian_road_pl.119634","Name":null,"pyname":null,"kind":"0b14","width":"30","length":"0.027","speedclass":"8","__source_file__":"04-交通数据/1-交通路网/2-分类图层/上海市_行人道路.shp"},"geometry":{"type":"LineString","coordinates":[[121.4352945,31.24555326],[121.43551626,31.24570415]]}},{"id":"2558","type":"Feature","properties":{"gml_id":"layer_pedestrian_road_pl.121215","Name":"普济路桥","pyname":"pjlq","kind":"0b08","width":"30","length":"0.048","speedclass":"8","__source_file__":"04-交通数据/1-交通路网/2-分类图层/上海市_行人道路.shp"},"geometry":{"type":"LineString","coordinates":[[121.44796362,31.24312628],[121.44801402,31.2431765],[121.44828672,31.24346774]]}},{"id":"2559","type":"Feature","properties":{"gml_id":"layer_pedestrian_road_pl.121216","Name":"普济路桥","pyname":"pjlq","kind":"0b08","width":"30","length":"0.030","speedclass":"8","__source_file__":"04-交通数据/1-交通路网/2-分类图层/上海市_行人道路.shp"},"geometry":{"type":"LineString","coordinates":[[121.44828672,31.24346774],[121.44848868,31.24367865]]}},{"id":"1228","type":"Feature","properties":{"gml_id":"layer_pedestrian_road_pl.119885","Name":null,"pyname":null,"kind":"0b01","width":"30","length":"0.023","speedclass":"8","__source_file__":"04-交通数据/1-交通路网/2-分类图层/上海市_行人道路.shp"},"geometry":{"type":"LineString","coordinates":[[121.44867894,31.24356903],[121.44856914,31.24370894],[121.44854916,31.24373895]]}},{"id":"2560","type":"Feature","properties":{"gml_id":"layer_pedestrian_road_pl.121217","Name":"普济路桥","pyname":"pjlq","kind":"0b08","width":"30","length":"0.009","speedclass":"8","__source_file__":"04-交通数据/1-交通路网/2-分类图层/上海市_行人道路.shp"},"geometry":{"type":"LineString","coordinates":[[121.44848868,31.24367865],[121.44854916,31.24373895]]}},{"id":"1227","type":"Feature","properties":{"gml_id":"layer_pedestrian_road_pl.119884","Name":null,"pyname":null,"kind":"0b01","width":"30","length":"0.011","speedclass":"8","__source_file__":"04-交通数据/1-交通路网/2-分类图层/上海市_行人道路.shp"},"geometry":{"type":"LineString","coordinates":[[121.44854916,31.24373895],[121.44858984,31.24382922]]}},{"id":"1407","type":"Feature","properties":{"gml_id":"layer_pedestrian_road_pl.120064","Name":null,"pyname":null,"kind":"0b01","width":"30","length":"0.222","speedclass":"8","__source_file__":"04-交通数据/1-交通路网/2-分类图层/上海市_行人道路.shp"},"geometry":{"type":"LineString","coordinates":[[121.45072806,31.24560816],[121.44939696,31.2445827],[121.4489736,31.24427099]]}},{"id":"1387","type":"Feature","properties":{"gml_id":"layer_pedestrian_road_pl.120044","Name":null,"pyname":null,"kind":"0b01","width":"30","length":"0.115","speedclass":"8","__source_file__":"04-交通数据/1-交通路网/2-分类图层/上海市_行人道路.shp"},"geometry":{"type":"LineString","coordinates":[[121.45525704,31.24723388],[121.45532688,31.24715396],[121.45535694,31.24711395],[121.45538664,31.24704393],[121.4554734,31.24623294]]}},{"id":"1221","type":"Feature","properties":{"gml_id":"layer_pedestrian_road_pl.119878","Name":null,"pyname":null,"kind":"0b01","width":"30","length":"0.020","speedclass":"8","__source_file__":"04-交通数据/1-交通路网/2-分类图层/上海市_行人道路.shp"},"geometry":{"type":"LineString","coordinates":[[121.44446442,31.24694205],[121.44466512,31.2468926]]}},{"id":"1382","type":"Feature","properties":{"gml_id":"layer_pedestrian_road_pl.120039","Name":null,"pyname":null,"kind":"0b01","width":"30","length":"0.051","speedclass":"8","__source_file__":"04-交通数据/1-交通路网/2-分类图层/上海市_行人道路.shp"},"geometry":{"type":"LineString","coordinates":[[121.45448268,31.24711143],[121.45456314,31.24710167],[121.4546535,31.24710189],[121.45473396,31.24711215],[121.45500558,31.24719306]]}},{"id":"1388","type":"Feature","properties":{"gml_id":"layer_pedestrian_road_pl.120045","Name":null,"pyname":null,"kind":"0b01","width":"30","length":"0.024","speedclass":"8","__source_file__":"04-交通数据/1-交通路网/2-分类图层/上海市_行人道路.shp"},"geometry":{"type":"LineString","coordinates":[[121.45500558,31.24719306],[121.45525704,31.24723388]]}},{"id":"978","type":"Feature","properties":{"gml_id":"layer_pedestrian_road_pl.119635","Name":null,"pyname":null,"kind":"0b14","width":"30","length":"0.082","speedclass":"8","__source_file__":"04-交通数据/1-交通路网/2-分类图层/上海市_行人道路.shp"},"geometry":{"type":"LineString","coordinates":[[121.43452104,31.24558107],[121.43466198,31.24566162],[121.43482308,31.24571216],[121.43498382,31.24571261],[121.43516436,31.24565307],[121.4352945,31.24555326]]}},{"id":"975","type":"Feature","properties":{"gml_id":"layer_pedestrian_road_pl.119632","Name":null,"pyname":null,"kind":"0b14","width":"30","length":"0.020","speedclass":"8","__source_file__":"04-交通数据/1-交通路网/2-分类图层/上海市_行人道路.shp"},"geometry":{"type":"LineString","coordinates":[[121.43452104,31.24558107],[121.43437092,31.24571085]]}},{"id":"1811","type":"Feature","properties":{"gml_id":"layer_pedestrian_road_pl.120468","Name":null,"pyname":null,"kind":"0b14","width":"30","length":"0.114","speedclass":"8","__source_file__":"04-交通数据/1-交通路网/2-分类图层/上海市_行人道路.shp"},"geometry":{"type":"LineString","coordinates":[[121.43437092,31.24571085],[121.4344917,31.24577129],[121.43464272,31.24582182],[121.4347734,31.24584221],[121.43488392,31.24585256],[121.43497428,31.24584279],[121.43513502,31.24582322],[121.43532564,31.24577372],[121.43551626,31.24570415]]}},{"id":"1280","type":"Feature","properties":{"gml_id":"layer_pedestrian_road_pl.119937","Name":null,"pyname":null,"kind":"0b14","width":"30","length":"0.020","speedclass":"8","__source_file__":"04-交通数据/1-交通路网/2-分类图层/上海市_行人道路.shp"},"geometry":{"type":"LineString","coordinates":[[121.42208412,31.24605569],[121.42212426,31.24606581],[121.42218474,31.24607603],[121.42228536,31.24611639]]}},{"id":"1279","type":"Feature","properties":{"gml_id":"layer_pedestrian_road_pl.119936","Name":null,"pyname":null,"kind":"0b14","width":"30","length":"0.053","speedclass":"8","__source_file__":"04-交通数据/1-交通路网/2-分类图层/上海市_行人道路.shp"},"geometry":{"type":"LineString","coordinates":[[121.42215558,31.24631633],[121.42194408,31.2461955],[121.42191384,31.24617539],[121.42190358,31.24614533],[121.42190358,31.2461253],[121.42191348,31.24610528],[121.42193346,31.2460853],[121.4219736,31.2460754],[121.42202382,31.24606554],[121.42208412,31.24605569]]}},{"id":"1276","type":"Feature","properties":{"gml_id":"layer_pedestrian_road_pl.119933","Name":null,"pyname":null,"kind":"0b14","width":"30","length":"0.036","speedclass":"8","__source_file__":"04-交通数据/1-交通路网/2-分类图层/上海市_行人道路.shp"},"geometry":{"type":"LineString","coordinates":[[121.42228536,31.24611639],[121.42262754,31.2462576]]}},{"id":"1273","type":"Feature","properties":{"gml_id":"layer_pedestrian_road_pl.119930","Name":null,"pyname":null,"kind":"0b14","width":"30","length":"0.026","speedclass":"8","__source_file__":"04-交通数据/1-交通路网/2-分类图层/上海市_行人道路.shp"},"geometry":{"type":"LineString","coordinates":[[121.42215558,31.24631633],[121.4221653,31.24625625],[121.42218528,31.24620621],[121.42228536,31.24611639]]}},{"id":"1277","type":"Feature","properties":{"gml_id":"layer_pedestrian_road_pl.119934","Name":null,"pyname":null,"kind":"0b14","width":"30","length":"0.059","speedclass":"8","__source_file__":"04-交通数据/1-交通路网/2-分类图层/上海市_行人道路.shp"},"geometry":{"type":"LineString","coordinates":[[121.42262754,31.2462576],[121.42320138,31.24647959]]}},{"id":"1278","type":"Feature","properties":{"gml_id":"layer_pedestrian_road_pl.119935","Name":null,"pyname":null,"kind":"0b14","width":"30","length":"0.036","speedclass":"8","__source_file__":"04-交通数据/1-交通路网/2-分类图层/上海市_行人道路.shp"},"geometry":{"type":"LineString","coordinates":[[121.42264914,31.24657814],[121.42261854,31.24647792],[121.42261818,31.24639778],[121.42261782,31.24632767],[121.42262754,31.2462576]]}},{"id":"1275","type":"Feature","properties":{"gml_id":"layer_pedestrian_road_pl.119932","Name":null,"pyname":null,"kind":"0b14","width":"30","length":"0.055","speedclass":"8","__source_file__":"04-交通数据/1-交通路网/2-分类图层/上海市_行人道路.shp"},"geometry":{"type":"LineString","coordinates":[[121.42264914,31.24657814],[121.42215558,31.24631633]]}},{"id":"992","type":"Feature","properties":{"gml_id":"layer_pedestrian_road_pl.119649","Name":null,"pyname":null,"kind":"0b14","width":"30","length":"0.010","speedclass":"8","__source_file__":"04-交通数据/1-交通路网/2-分类图层/上海市_行人道路.shp"},"geometry":{"type":"LineString","coordinates":[[121.46089608,31.236804],[121.46078556,31.23680369]]}},{"id":"48","type":"Feature","properties":{"gml_id":"layer_pedestrian_road_pl.118705","Name":null,"pyname":null,"kind":"0b14","width":"30","length":"0.083","speedclass":"8","__source_file__":"04-交通数据/1-交通路网/2-分类图层/上海市_行人道路.shp"},"geometry":{"type":"LineString","coordinates":[[121.46101866,31.23724505],[121.46119848,31.23699516],[121.4613279,31.23675518],[121.4613279,31.23673515],[121.46130756,31.23669501],[121.46129748,31.23667494],[121.46125716,31.23665478],[121.46118678,31.23663458]]}},{"id":"1830","type":"Feature","properties":{"gml_id":"layer_pedestrian_road_pl.120487","Name":null,"pyname":null,"kind":"0b14","width":"30","length":"0.060","speedclass":"8","__source_file__":"04-交通数据/1-交通路网/2-分类图层/上海市_行人道路.shp"},"geometry":{"type":"LineString","coordinates":[[121.46096826,31.23720482],[121.4608473,31.23712436],[121.46082696,31.23706419],[121.46074614,31.23698382],[121.46073606,31.23696375],[121.46074596,31.23694377],[121.46075604,31.23691376],[121.4608059,31.23686381],[121.46089608,31.236804]]}},{"id":"1109","type":"Feature","properties":{"gml_id":"layer_pedestrian_road_pl.119766","Name":null,"pyname":null,"kind":"0b14","width":"30","length":"0.007","speedclass":"8","__source_file__":"04-交通数据/1-交通路网/2-分类图层/上海市_行人道路.shp"},"geometry":{"type":"LineString","coordinates":[[121.46101866,31.23724505],[121.46096826,31.23720482]]}},{"id":"1108","type":"Feature","properties":{"gml_id":"layer_pedestrian_road_pl.119765","Name":null,"pyname":null,"kind":"0b01","width":"30","length":"0.026","speedclass":"8","__source_file__":"04-交通数据/1-交通路网/2-分类图层/上海市_行人道路.shp"},"geometry":{"type":"LineString","coordinates":[[121.46101866,31.23724505],[121.46124042,31.2373859]]}},{"id":"50","type":"Feature","properties":{"gml_id":"layer_pedestrian_road_pl.118707","Name":null,"pyname":null,"kind":"0b14","width":"30","length":"0.096","speedclass":"8","__source_file__":"04-交通数据/1-交通路网/2-分类图层/上海市_行人道路.shp"},"geometry":{"type":"LineString","coordinates":[[121.46049954,31.23798467],[121.46101866,31.23724505]]}},{"id":"49","type":"Feature","properties":{"gml_id":"layer_pedestrian_road_pl.118706","Name":null,"pyname":null,"kind":"0b14","width":"30","length":"0.058","speedclass":"8","__source_file__":"04-交通数据/1-交通路网/2-分类图层/上海市_行人道路.shp"},"geometry":{"type":"LineString","coordinates":[[121.45993614,31.2378228],[121.46037912,31.23798431],[121.46041926,31.23800447],[121.46045958,31.2380046],[121.46049954,31.23798467]]}},{"id":"891","type":"Feature","properties":{"gml_id":"layer_pedestrian_road_pl.119548","Name":null,"pyname":null,"kind":"0b14","width":"30","length":"0.023","speedclass":"8","__source_file__":"04-交通数据/1-交通路网/2-分类图层/上海市_行人道路.shp"},"geometry":{"type":"LineString","coordinates":[[121.46049954,31.23798467],[121.46072112,31.23806544]]}},{"id":"892","type":"Feature","properties":{"gml_id":"layer_pedestrian_road_pl.119549","Name":null,"pyname":null,"kind":"0b01","width":"30","length":"0.010","speedclass":"8","__source_file__":"04-交通数据/1-交通路网/2-分类图层/上海市_行人道路.shp"},"geometry":{"type":"LineString","coordinates":[[121.46072112,31.23806544],[121.46081166,31.23810576]]}},{"id":"65","type":"Feature","properties":{"gml_id":"layer_pedestrian_road_pl.118722","Name":null,"pyname":null,"kind":"0b01","width":"30","length":"0.040","speedclass":"8","__source_file__":"04-交通数据/1-交通路网/2-分类图层/上海市_行人道路.shp"},"geometry":{"type":"LineString","coordinates":[[121.46277564,31.24130648],[121.4628561,31.24134675],[121.46297706,31.24142726],[121.46313816,31.24149782]]}},{"id":"46","type":"Feature","properties":{"gml_id":"layer_pedestrian_road_pl.118703","Name":null,"pyname":null,"kind":"0b14","width":"30","length":"0.034","speedclass":"8","__source_file__":"04-交通数据/1-交通路网/2-分类图层/上海市_行人道路.shp"},"geometry":{"type":"LineString","coordinates":[[121.45926078,31.23734009],[121.45936212,31.23753066],[121.45944294,31.237601]]}},{"id":"47","type":"Feature","properties":{"gml_id":"layer_pedestrian_road_pl.118704","Name":null,"pyname":null,"kind":"0b14","width":"30","length":"0.053","speedclass":"8","__source_file__":"04-交通数据/1-交通路网/2-分类图层/上海市_行人道路.shp"},"geometry":{"type":"LineString","coordinates":[[121.45944294,31.237601],[121.45970466,31.23773199],[121.45993614,31.2378228]]}},{"id":"1239","type":"Feature","properties":{"gml_id":"layer_pedestrian_road_pl.119896","Name":null,"pyname":null,"kind":"0b14","width":"30","length":"0.051","speedclass":"8","__source_file__":"04-交通数据/1-交通路网/2-分类图层/上海市_行人道路.shp"},"geometry":{"type":"LineString","coordinates":[[121.45944294,31.237601],[121.45939308,31.23771102],[121.45938336,31.23778113],[121.45939362,31.23783122],[121.45939398,31.23790133],[121.45943448,31.23796154],[121.45949496,31.23802184]]}},{"id":"1240","type":"Feature","properties":{"gml_id":"layer_pedestrian_road_pl.119897","Name":null,"pyname":null,"kind":"0b14","width":"30","length":"0.053","speedclass":"8","__source_file__":"04-交通数据/1-交通路网/2-分类图层/上海市_行人道路.shp"},"geometry":{"type":"LineString","coordinates":[[121.45949496,31.23802184],[121.45960566,31.23804218],[121.45973616,31.23802251],[121.45980636,31.23798264],[121.45993614,31.2378228]]}},{"id":"6944","type":"Feature","properties":{"gml_id":"layer_pedestrian_road_pl.125904","Name":null,"pyname":null,"kind":"0b01","width":"30","length":"0.105","speedclass":"8","__source_file__":"04-交通数据/1-交通路网/2-分类图层/上海市_行人道路.shp"},"geometry":{"type":"LineString","coordinates":[[121.45692438,31.24055831],[121.45688406,31.24053815],[121.4568036,31.24049787],[121.45597758,31.24005476]]}},{"id":"885","type":"Feature","properties":{"gml_id":"layer_pedestrian_road_pl.119542","Name":null,"pyname":null,"kind":"0b14","width":"30","length":"0.033","speedclass":"8","__source_file__":"04-交通数据/1-交通路网/2-分类图层/上海市_行人道路.shp"},"geometry":{"type":"LineString","coordinates":[[121.45970466,31.24211882],[121.45935312,31.24212782]]}},{"id":"886","type":"Feature","properties":{"gml_id":"layer_pedestrian_road_pl.119543","Name":null,"pyname":null,"kind":"0b01","width":"30","length":"0.005","speedclass":"8","__source_file__":"04-交通数据/1-交通路网/2-分类图层/上海市_行人道路.shp"},"geometry":{"type":"LineString","coordinates":[[121.45935312,31.24212782],[121.4593029,31.24212764]]}},{"id":"53","type":"Feature","properties":{"gml_id":"layer_pedestrian_road_pl.118710","Name":null,"pyname":null,"kind":"0b14","width":"30","length":"0.023","speedclass":"8","__source_file__":"04-交通数据/1-交通路网/2-分类图层/上海市_行人道路.shp"},"geometry":{"type":"LineString","coordinates":[[121.45970574,31.24232915],[121.45970556,31.24229909],[121.45970466,31.24211882]]}},{"id":"54","type":"Feature","properties":{"gml_id":"layer_pedestrian_road_pl.118711","Name":null,"pyname":null,"kind":"0b14","width":"30","length":"0.103","speedclass":"8","__source_file__":"04-交通数据/1-交通路网/2-分类图层/上海市_行人道路.shp"},"geometry":{"type":"LineString","coordinates":[[121.45968756,31.24273973],[121.45991832,31.24267029],[121.45994838,31.24266035],[121.46001858,31.24262052],[121.46004846,31.24256049],[121.4600382,31.2425204],[121.46001786,31.2424803],[121.45998762,31.24246014],[121.45986684,31.24240974],[121.45981626,31.2423395],[121.45977576,31.24226925],[121.45970466,31.24211882]]}},{"id":"1242","type":"Feature","properties":{"gml_id":"layer_pedestrian_road_pl.119899","Name":null,"pyname":null,"kind":"0b14","width":"30","length":"0.066","speedclass":"8","__source_file__":"04-交通数据/1-交通路网/2-分类图层/上海市_行人道路.shp"},"geometry":{"type":"LineString","coordinates":[[121.45923522,31.2427184],[121.4592651,31.24264838],[121.45928508,31.24261836],[121.45931496,31.24258839],[121.45940532,31.24254861],[121.4594253,31.24252863],[121.45945536,31.2425087],[121.45946526,31.24246865],[121.45949514,31.24241865],[121.4595252,31.24239872],[121.45959522,31.24235885],[121.45970574,31.24232915]]}},{"id":"2387","type":"Feature","properties":{"gml_id":"layer_pedestrian_road_pl.121044","Name":null,"pyname":null,"kind":"0b01","width":"30","length":"0.004","speedclass":"8","__source_file__":"04-交通数据/1-交通路网/2-分类图层/上海市_行人道路.shp"},"geometry":{"type":"LineString","coordinates":[[121.4631783,31.24149791],[121.46321862,31.24148805]]}},{"id":"69","type":"Feature","properties":{"gml_id":"layer_pedestrian_road_pl.118726","Name":null,"pyname":null,"kind":"0b01","width":"30","length":"0.004","speedclass":"8","__source_file__":"04-交通数据/1-交通路网/2-分类图层/上海市_行人道路.shp"},"geometry":{"type":"LineString","coordinates":[[121.46313816,31.24149782],[121.4631783,31.24149791]]}},{"id":"67","type":"Feature","properties":{"gml_id":"layer_pedestrian_road_pl.118724","Name":null,"pyname":null,"kind":"0b01","width":"30","length":"0.027","speedclass":"8","__source_file__":"04-交通数据/1-交通路网/2-分类图层/上海市_行人道路.shp"},"geometry":{"type":"LineString","coordinates":[[121.46293782,31.24163745],[121.46294772,31.24160744],[121.46295762,31.24156739],[121.46300784,31.24153751],[121.46313816,31.24149782]]}},{"id":"66","type":"Feature","properties":{"gml_id":"layer_pedestrian_road_pl.118723","Name":null,"pyname":null,"kind":"0b01","width":"30","length":"0.011","speedclass":"8","__source_file__":"04-交通数据/1-交通路网/2-分类图层/上海市_行人道路.shp"},"geometry":{"type":"LineString","coordinates":[[121.46293836,31.24173762],[121.462938,31.2416775],[121.46293782,31.24163745]]}},{"id":"1404","type":"Feature","properties":{"gml_id":"layer_pedestrian_road_pl.120061","Name":null,"pyname":null,"kind":"0b01","width":"30","length":"0.174","speedclass":"8","__source_file__":"04-交通数据/1-交通路网/2-分类图层/上海市_行人道路.shp"},"geometry":{"type":"LineString","coordinates":[[121.46181588,31.24237536],[121.46226732,31.24220639],[121.46244786,31.24212678],[121.46267808,31.24196721],[121.46279814,31.24183734],[121.46284782,31.24171733],[121.46285754,31.24164722],[121.46275566,31.24135647],[121.46277564,31.24130648]]}},{"id":"62","type":"Feature","properties":{"gml_id":"layer_pedestrian_road_pl.118719","Name":null,"pyname":null,"kind":"0b01","width":"30","length":"0.067","speedclass":"8","__source_file__":"04-交通数据/1-交通路网/2-分类图层/上海市_行人道路.shp"},"geometry":{"type":"LineString","coordinates":[[121.463262,31.2422193],[121.46327208,31.24219928],[121.4634321,31.24205955],[121.46375268,31.24185017],[121.46379282,31.24183023]]}},{"id":"1403","type":"Feature","properties":{"gml_id":"layer_pedestrian_road_pl.120060","Name":null,"pyname":null,"kind":"0b01","width":"30","length":"0.083","speedclass":"8","__source_file__":"04-交通数据/1-交通路网/2-分类图层/上海市_行人道路.shp"},"geometry":{"type":"LineString","coordinates":[[121.46130072,31.2417729],[121.46137128,31.24182317],[121.46138154,31.24186326],[121.46138172,31.24189332],[121.461453,31.2421239],[121.46156514,31.24247477]]}},{"id":"1402","type":"Feature","properties":{"gml_id":"layer_pedestrian_road_pl.120059","Name":null,"pyname":null,"kind":"0b01","width":"30","length":"0.093","speedclass":"8","__source_file__":"04-交通数据/1-交通路网/2-分类图层/上海市_行人道路.shp"},"geometry":{"type":"LineString","coordinates":[[121.46128434,31.24259415],[121.4612424,31.24221341],[121.46123106,31.24191294],[121.46124078,31.24184283],[121.46130072,31.2417729]]}},{"id":"61","type":"Feature","properties":{"gml_id":"layer_pedestrian_road_pl.118718","Name":null,"pyname":null,"kind":"0b01","width":"30","length":"0.019","speedclass":"8","__source_file__":"04-交通数据/1-交通路网/2-分类图层/上海市_行人道路.shp"},"geometry":{"type":"LineString","coordinates":[[121.46319252,31.24237932],[121.463262,31.2422193]]}},{"id":"58","type":"Feature","properties":{"gml_id":"layer_pedestrian_road_pl.118715","Name":null,"pyname":null,"kind":"0b01","width":"30","length":"0.072","speedclass":"8","__source_file__":"04-交通数据/1-交通路网/2-分类图层/上海市_行人道路.shp"},"geometry":{"type":"LineString","coordinates":[[121.46335434,31.24260014],[121.46336406,31.24256013],[121.46341338,31.24232991],[121.46343318,31.24228991],[121.46347314,31.24224995],[121.46353326,31.24220004],[121.46362326,31.24210014],[121.46364324,31.24207017],[121.46366304,31.24203017]]}},{"id":"60","type":"Feature","properties":{"gml_id":"layer_pedestrian_road_pl.118717","Name":null,"pyname":null,"kind":"0b01","width":"30","length":"0.021","speedclass":"8","__source_file__":"04-交通数据/1-交通路网/2-分类图层/上海市_行人道路.shp"},"geometry":{"type":"LineString","coordinates":[[121.46297148,31.24238873],[121.46319252,31.24237932]]}},{"id":"59","type":"Feature","properties":{"gml_id":"layer_pedestrian_road_pl.118716","Name":null,"pyname":null,"kind":"0b01","width":"30","length":"0.107","speedclass":"8","__source_file__":"04-交通数据/1-交通路网/2-分类图层/上海市_行人道路.shp"},"geometry":{"type":"LineString","coordinates":[[121.46202936,31.2429168],[121.46234022,31.24275746],[121.46269086,31.24254816],[121.46297148,31.24238873]]}},{"id":"57","type":"Feature","properties":{"gml_id":"layer_pedestrian_road_pl.118714","Name":null,"pyname":null,"kind":"0b01","width":"30","length":"0.017","speedclass":"8","__source_file__":"04-交通数据/1-交通路网/2-分类图层/上海市_行人道路.shp"},"geometry":{"type":"LineString","coordinates":[[121.46326434,31.2427301],[121.46331456,31.24269018],[121.46334444,31.24264019],[121.46335434,31.24260014]]}},{"id":"56","type":"Feature","properties":{"gml_id":"layer_pedestrian_road_pl.118713","Name":null,"pyname":null,"kind":"0b01","width":"30","length":"0.014","speedclass":"8","__source_file__":"04-交通数据/1-交通路网/2-分类图层/上海市_行人道路.shp"},"geometry":{"type":"LineString","coordinates":[[121.46315346,31.24264964],[121.46320386,31.24266984],[121.46326434,31.2427301]]}},{"id":"51","type":"Feature","properties":{"gml_id":"layer_pedestrian_road_pl.118708","Name":"南苏州路","pyname":"nszl","kind":"0b01","width":"30","length":"0.159","speedclass":"8","__source_file__":"04-交通数据/1-交通路网/2-分类图层/上海市_行人道路.shp"},"geometry":{"type":"LineString","coordinates":[[121.45967838,31.24295001],[121.46012028,31.24291127],[121.46037138,31.2428619],[121.46065236,31.24281263],[121.46094342,31.24273338],[121.46113404,31.24266381],[121.46128434,31.24259415]]}},{"id":"55","type":"Feature","properties":{"gml_id":"layer_pedestrian_road_pl.118712","Name":null,"pyname":null,"kind":"0b01","width":"30","length":"0.148","speedclass":"8","__source_file__":"04-交通数据/1-交通路网/2-分类图层/上海市_行人道路.shp"},"geometry":{"type":"LineString","coordinates":[[121.46182002,31.24325673],[121.46183982,31.24321673],[121.46187996,31.24319679],[121.46252166,31.24288818],[121.46290236,31.24265895],[121.46297256,31.24263911],[121.4630631,31.24263938],[121.46315346,31.24264964]]}},{"id":"1259","type":"Feature","properties":{"gml_id":"layer_pedestrian_road_pl.119916","Name":null,"pyname":null,"kind":"0b01","width":"30","length":"0.038","speedclass":"8","__source_file__":"04-交通数据/1-交通路网/2-分类图层/上海市_行人道路.shp"},"geometry":{"type":"LineString","coordinates":[[121.46167854,31.24308605],[121.46202936,31.2429168]]}},{"id":"2383","type":"Feature","properties":{"gml_id":"layer_pedestrian_road_pl.121040","Name":null,"pyname":null,"kind":"0b01","width":"30","length":"0.004","speedclass":"8","__source_file__":"04-交通数据/1-交通路网/2-分类图层/上海市_行人道路.shp"},"geometry":{"type":"LineString","coordinates":[[121.4616789,31.24316619],[121.46171904,31.24317632]]}},{"id":"2278","type":"Feature","properties":{"gml_id":"layer_pedestrian_road_pl.120935","Name":null,"pyname":null,"kind":"0b01","width":"30","length":"0.013","speedclass":"8","__source_file__":"04-交通数据/1-交通路网/2-分类图层/上海市_行人道路.shp"},"geometry":{"type":"LineString","coordinates":[[121.46171904,31.24317632],[121.46182002,31.24325673]]}},{"id":"2277","type":"Feature","properties":{"gml_id":"layer_pedestrian_road_pl.120934","Name":null,"pyname":null,"kind":"0b01","width":"30","length":"0.026","speedclass":"8","__source_file__":"04-交通数据/1-交通路网/2-分类图层/上海市_行人道路.shp"},"geometry":{"type":"LineString","coordinates":[[121.46154912,31.24335609],[121.46171904,31.24317632]]}},{"id":"52","type":"Feature","properties":{"gml_id":"layer_pedestrian_road_pl.118709","Name":null,"pyname":null,"kind":"0b14","width":"30","length":"0.046","speedclass":"8","__source_file__":"04-交通数据/1-交通路网/2-分类图层/上海市_行人道路.shp"},"geometry":{"type":"LineString","coordinates":[[121.45968756,31.24273973],[121.45970574,31.24232915]]}},{"id":"1241","type":"Feature","properties":{"gml_id":"layer_pedestrian_road_pl.119898","Name":null,"pyname":null,"kind":"0b14","width":"30","length":"0.056","speedclass":"8","__source_file__":"04-交通数据/1-交通路网/2-分类图层/上海市_行人道路.shp"},"geometry":{"type":"LineString","coordinates":[[121.45968756,31.24273973],[121.45954698,31.24278941],[121.45931622,31.24285884],[121.4592759,31.24283868],[121.45925574,31.24279859],[121.45923522,31.2427184]]}},{"id":"884","type":"Feature","properties":{"gml_id":"layer_pedestrian_road_pl.119541","Name":null,"pyname":null,"kind":"0b14","width":"30","length":"0.020","speedclass":"8","__source_file__":"04-交通数据/1-交通路网/2-分类图层/上海市_行人道路.shp"},"geometry":{"type":"LineString","coordinates":[[121.4596782,31.24292],[121.45968756,31.24273973]]}},{"id":"883","type":"Feature","properties":{"gml_id":"layer_pedestrian_road_pl.119540","Name":null,"pyname":null,"kind":"0b01","width":"30","length":"0.003","speedclass":"8","__source_file__":"04-交通数据/1-交通路网/2-分类图层/上海市_行人道路.shp"},"geometry":{"type":"LineString","coordinates":[[121.45967838,31.24295001],[121.4596782,31.24292]]}},{"id":"2230","type":"Feature","properties":{"gml_id":"layer_pedestrian_road_pl.120887","Name":"南苏州路","pyname":"nszl","kind":"0b01","width":"30","length":"0.071","speedclass":"8","__source_file__":"04-交通数据/1-交通路网/2-分类图层/上海市_行人道路.shp"},"geometry":{"type":"LineString","coordinates":[[121.45893516,31.24300797],[121.45937724,31.24298921],[121.45967838,31.24295001]]}},{"id":"982","type":"Feature","properties":{"gml_id":"layer_pedestrian_road_pl.119639","Name":null,"pyname":null,"kind":"0b01","width":"30","length":"0.069","speedclass":"8","__source_file__":"04-交通数据/1-交通路网/2-分类图层/上海市_行人道路.shp"},"geometry":{"type":"LineString","coordinates":[[121.45728762,31.24524668],[121.45710744,31.24542641],[121.45703778,31.24556645],[121.4569881,31.24567647],[121.45696848,31.24578659]]}},{"id":"985","type":"Feature","properties":{"gml_id":"layer_pedestrian_road_pl.119642","Name":null,"pyname":null,"kind":"0b01","width":"30","length":"0.081","speedclass":"8","__source_file__":"04-交通数据/1-交通路网/2-分类图层/上海市_行人道路.shp"},"geometry":{"type":"LineString","coordinates":[[121.45723056,31.24597766],[121.4572302,31.24590755],[121.45724892,31.24560713],[121.457259,31.24557711],[121.45728762,31.24524668]]}},{"id":"1106","type":"Feature","properties":{"gml_id":"layer_pedestrian_road_pl.119763","Name":null,"pyname":null,"kind":"0b01","width":"30","length":"0.013","speedclass":"8","__source_file__":"04-交通数据/1-交通路网/2-分类图层/上海市_行人道路.shp"},"geometry":{"type":"LineString","coordinates":[[121.45696848,31.24578659],[121.45706928,31.245867]]}},{"id":"1107","type":"Feature","properties":{"gml_id":"layer_pedestrian_road_pl.119764","Name":null,"pyname":null,"kind":"0b01","width":"30","length":"0.020","speedclass":"8","__source_file__":"04-交通数据/1-交通路网/2-分类图层/上海市_行人道路.shp"},"geometry":{"type":"LineString","coordinates":[[121.45706928,31.245867],[121.45723056,31.24597766]]}},{"id":"981","type":"Feature","properties":{"gml_id":"layer_pedestrian_road_pl.119638","Name":null,"pyname":null,"kind":"0b01","width":"30","length":"0.121","speedclass":"8","__source_file__":"04-交通数据/1-交通路网/2-分类图层/上海市_行人道路.shp"},"geometry":{"type":"LineString","coordinates":[[121.45669614,31.24554543],[121.4567262,31.24555551],[121.4567667,31.24561572],[121.45675716,31.24570586],[121.45623822,31.24649556]]}},{"id":"2382","type":"Feature","properties":{"gml_id":"layer_pedestrian_road_pl.121039","Name":null,"pyname":null,"kind":"0b01","width":"30","length":"0.104","speedclass":"8","__source_file__":"04-交通数据/1-交通路网/2-分类图层/上海市_行人道路.shp"},"geometry":{"type":"LineString","coordinates":[[121.4606655,31.24347372],[121.46075568,31.24340388],[121.46094612,31.24332428],[121.4613576,31.2432053],[121.4616789,31.24316619]]}},{"id":"579","type":"Feature","properties":{"gml_id":"layer_pedestrian_road_pl.119236","Name":null,"pyname":null,"kind":"0b01","width":"30","length":"0.085","speedclass":"8","__source_file__":"04-交通数据/1-交通路网/2-分类图层/上海市_行人道路.shp"},"geometry":{"type":"LineString","coordinates":[[121.46207598,31.2443091],[121.46229684,31.24425969],[121.4625879,31.24419039],[121.46262804,31.24419053],[121.46269842,31.24420074],[121.46279904,31.24423107],[121.46294988,31.24425155]]}},{"id":"1174","type":"Feature","properties":{"gml_id":"layer_pedestrian_road_pl.119831","Name":null,"pyname":null,"kind":"0b01","width":"30","length":"0.016","speedclass":"8","__source_file__":"04-交通数据/1-交通路网/2-分类图层/上海市_行人道路.shp"},"geometry":{"type":"LineString","coordinates":[[121.46207598,31.2443091],[121.46212692,31.24444946]]}},{"id":"578","type":"Feature","properties":{"gml_id":"layer_pedestrian_road_pl.119235","Name":null,"pyname":null,"kind":"0b01","width":"30","length":"0.074","speedclass":"8","__source_file__":"04-交通数据/1-交通路网/2-分类图层/上海市_行人道路.shp"},"geometry":{"type":"LineString","coordinates":[[121.46143446,31.24462775],[121.46148432,31.24456781],[121.46155434,31.24447785],[121.46165442,31.24441805],[121.46207598,31.2443091]]}},{"id":"1406","type":"Feature","properties":{"gml_id":"layer_pedestrian_road_pl.120063","Name":null,"pyname":null,"kind":"0b01","width":"30","length":"0.065","speedclass":"8","__source_file__":"04-交通数据/1-交通路网/2-分类图层/上海市_行人道路.shp"},"geometry":{"type":"LineString","coordinates":[[121.4630892,31.24613489],[121.46331888,31.24582506],[121.46344848,31.24563516]]}},{"id":"1819","type":"Feature","properties":{"gml_id":"layer_pedestrian_road_pl.120476","Name":null,"pyname":null,"kind":"0b14","width":"30","length":"0.095","speedclass":"8","__source_file__":"04-交通数据/1-交通路网/2-分类图层/上海市_行人道路.shp"},"geometry":{"type":"LineString","coordinates":[[121.46230926,31.24915736],[121.4622891,31.24913724],[121.46225868,31.2490971],[121.46223852,31.24905696],[121.46222826,31.2490269],[121.462218,31.24898681],[121.46221782,31.24894676],[121.46222772,31.24892673],[121.46224788,31.24890675],[121.46227794,31.24890684],[121.46231808,31.24890698],[121.46236848,31.24891715],[121.46269086,31.24909836],[121.46284188,31.24916892]]}},{"id":"1440","type":"Feature","properties":{"gml_id":"layer_pedestrian_road_pl.120097","Name":null,"pyname":null,"kind":"0b14","width":"30","length":"0.031","speedclass":"8","__source_file__":"04-交通数据/1-交通路网/2-分类图层/上海市_行人道路.shp"},"geometry":{"type":"LineString","coordinates":[[121.46284188,31.24916892],[121.46311386,31.24931994]]}},{"id":"1818","type":"Feature","properties":{"gml_id":"layer_pedestrian_road_pl.120475","Name":null,"pyname":null,"kind":"0b14","width":"30","length":"0.045","speedclass":"8","__source_file__":"04-交通数据/1-交通路网/2-分类图层/上海市_行人道路.shp"},"geometry":{"type":"LineString","coordinates":[[121.46264208,31.24944878],[121.46241024,31.2492578],[121.46236974,31.24921761],[121.46234958,31.24920753],[121.46230926,31.24915736]]}},{"id":"1439","type":"Feature","properties":{"gml_id":"layer_pedestrian_road_pl.120096","Name":null,"pyname":null,"kind":"0b14","width":"30","length":"0.036","speedclass":"8","__source_file__":"04-交通数据/1-交通路网/2-分类图层/上海市_行人道路.shp"},"geometry":{"type":"LineString","coordinates":[[121.46284188,31.24916892],[121.46264208,31.24944878]]}},{"id":"1446","type":"Feature","properties":{"gml_id":"layer_pedestrian_road_pl.120103","Name":null,"pyname":null,"kind":"0b14","width":"30","length":"0.033","speedclass":"8","__source_file__":"04-交通数据/1-交通路网/2-分类图层/上海市_行人道路.shp"},"geometry":{"type":"LineString","coordinates":[[121.46311386,31.24931994],[121.46320458,31.24939032],[121.46334552,31.24947083],[121.46337576,31.24949094],[121.46339592,31.24950102]]}},{"id":"983","type":"Feature","properties":{"gml_id":"layer_pedestrian_road_pl.119640","Name":null,"pyname":null,"kind":"0b01","width":"30","length":"0.117","speedclass":"8","__source_file__":"04-交通数据/1-交通路网/2-分类图层/上海市_行人道路.shp"},"geometry":{"type":"LineString","coordinates":[[121.45696848,31.24578659],[121.45692906,31.24595673],[121.4568594,31.2461168],[121.45672962,31.24628667],[121.45654944,31.24643639],[121.45647942,31.24649628],[121.4563086,31.24651581],[121.45623822,31.24649556]]}},{"id":"984","type":"Feature","properties":{"gml_id":"layer_pedestrian_road_pl.119641","Name":null,"pyname":null,"kind":"0b01","width":"30","length":"0.064","speedclass":"8","__source_file__":"04-交通数据/1-交通路网/2-分类图层/上海市_行人道路.shp"},"geometry":{"type":"LineString","coordinates":[[121.45699188,31.24650776],[121.45717152,31.24624788],[121.45722102,31.24608777],[121.45723056,31.24597766]]}},{"id":"1393","type":"Feature","properties":{"gml_id":"layer_pedestrian_road_pl.120050","Name":"华盛路","pyname":"hsl","kind":"0b01","width":"30","length":"0.020","speedclass":"8","__source_file__":"04-交通数据/1-交通路网/2-分类图层/上海市_行人道路.shp"},"geometry":{"type":"LineString","coordinates":[[121.45602618,31.24624455],[121.45603662,31.24634472],[121.4560269,31.24642482]]}},{"id":"1395","type":"Feature","properties":{"gml_id":"layer_pedestrian_road_pl.120052","Name":null,"pyname":null,"kind":"0b01","width":"30","length":"0.022","speedclass":"8","__source_file__":"04-交通数据/1-交通路网/2-分类图层/上海市_行人道路.shp"},"geometry":{"type":"LineString","coordinates":[[121.45623822,31.24649556],[121.456188,31.24649543],[121.4560269,31.24642482]]}},{"id":"1398","type":"Feature","properties":{"gml_id":"layer_pedestrian_road_pl.120055","Name":null,"pyname":null,"kind":"0b01","width":"30","length":"0.016","speedclass":"8","__source_file__":"04-交通数据/1-交通路网/2-分类图层/上海市_行人道路.shp"},"geometry":{"type":"LineString","coordinates":[[121.45712292,31.2465983],[121.45705236,31.24655802],[121.45699188,31.24650776]]}},{"id":"980","type":"Feature","properties":{"gml_id":"layer_pedestrian_road_pl.119637","Name":null,"pyname":null,"kind":"0b01","width":"30","length":"0.023","speedclass":"8","__source_file__":"04-交通数据/1-交通路网/2-分类图层/上海市_行人道路.shp"},"geometry":{"type":"LineString","coordinates":[[121.45625928,31.24669595],[121.4562789,31.24660586],[121.45623822,31.24649556]]}},{"id":"1397","type":"Feature","properties":{"gml_id":"layer_pedestrian_road_pl.120054","Name":null,"pyname":null,"kind":"0b01","width":"30","length":"0.042","speedclass":"8","__source_file__":"04-交通数据/1-交通路网/2-分类图层/上海市_行人道路.shp"},"geometry":{"type":"LineString","coordinates":[[121.45673196,31.2468075],[121.45675212,31.24679751],[121.45697208,31.24656779],[121.45699188,31.24650776]]}},{"id":"2649","type":"Feature","properties":{"gml_id":"layer_pedestrian_road_pl.121306","Name":null,"pyname":null,"kind":"0b01","width":"30","length":"0.048","speedclass":"8","__source_file__":"04-交通数据/1-交通路网/2-分类图层/上海市_行人道路.shp"},"geometry":{"type":"LineString","coordinates":[[121.45712292,31.2465983],[121.45717332,31.24662849],[121.45719348,31.24663857],[121.45722354,31.24663866],[121.45726368,31.24662876],[121.4573139,31.24660887],[121.45734396,31.24660896],[121.4573742,31.24660905],[121.45745484,31.24666935],[121.45748508,31.2466995],[121.45754556,31.24674977]]}},{"id":"1104","type":"Feature","properties":{"gml_id":"layer_pedestrian_road_pl.119761","Name":null,"pyname":null,"kind":"0b01","width":"30","length":"0.020","speedclass":"8","__source_file__":"04-交通数据/1-交通路网/2-分类图层/上海市_行人道路.shp"},"geometry":{"type":"LineString","coordinates":[[121.45625928,31.24669595],[121.4564301,31.24668641],[121.45647024,31.24668654]]}},{"id":"1391","type":"Feature","properties":{"gml_id":"layer_pedestrian_road_pl.120048","Name":"华盛路","pyname":"hsl","kind":"0b01","width":"30","length":"0.106","speedclass":"8","__source_file__":"04-交通数据/1-交通路网/2-分类图层/上海市_行人道路.shp"},"geometry":{"type":"LineString","coordinates":[[121.45582944,31.24717542],[121.45586724,31.24667475],[121.45593636,31.24640453],[121.45602618,31.24624455]]}},{"id":"1401","type":"Feature","properties":{"gml_id":"layer_pedestrian_road_pl.120058","Name":"曲阜西路","pyname":"qfxl","kind":"0b01","width":"30","length":"0.138","speedclass":"8","__source_file__":"04-交通数据/1-交通路网/2-分类图层/上海市_行人道路.shp"},"geometry":{"type":"LineString","coordinates":[[121.46320656,31.24326074],[121.46351814,31.2432917],[121.46360868,31.24329197],[121.46365872,31.24327208],[121.46370876,31.24323216],[121.46372874,31.24319216],[121.4637786,31.24312218],[121.46382864,31.24305225],[121.46385852,31.24301225],[121.46390856,31.24298237],[121.464009,31.24297265],[121.46413986,31.24302309],[121.46440194,31.24319414]]}},{"id":"5972","type":"Feature","properties":{"gml_id":"layer_pedestrian_road_pl.124868","Name":null,"pyname":null,"kind":"0b01","width":"30","length":"0.166","speedclass":"8","__source_file__":"04-交通数据/1-交通路网/2-分类图层/上海市_行人道路.shp"},"geometry":{"type":"LineString","coordinates":[[121.4667972,31.24623582],[121.46604336,31.24617354],[121.46594274,31.24616324],[121.46588226,31.24611297],[121.46581116,31.2459525],[121.46580108,31.24592244],[121.4657397,31.24569191],[121.46573862,31.24544153]]}},{"id":"1755","type":"Feature","properties":{"gml_id":"layer_pedestrian_road_pl.120412","Name":null,"pyname":null,"kind":"0b01","width":"30","length":"0.005","speedclass":"8","__source_file__":"04-交通数据/1-交通路网/2-分类图层/上海市_行人道路.shp"},"geometry":{"type":"LineString","coordinates":[[121.4660853,31.24875767],[121.46610528,31.24871766]]}},{"id":"1756","type":"Feature","properties":{"gml_id":"layer_pedestrian_road_pl.120413","Name":"西藏北路","pyname":"xzbl","kind":"0b01","width":"30","length":"0.006","speedclass":"8","__source_file__":"04-交通数据/1-交通路网/2-分类图层/上海市_行人道路.shp"},"geometry":{"type":"LineString","coordinates":[[121.46630706,31.24890855],[121.46631696,31.24885851]]}},{"id":"1410","type":"Feature","properties":{"gml_id":"layer_pedestrian_road_pl.120067","Name":null,"pyname":null,"kind":"0b01","width":"30","length":"0.152","speedclass":"8","__source_file__":"04-交通数据/1-交通路网/2-分类图层/上海市_行人道路.shp"},"geometry":{"type":"LineString","coordinates":[[121.46563926,31.25006843],[121.46582754,31.24951812],[121.46584752,31.24946808],[121.46589702,31.24932804],[121.46590692,31.24929803],[121.4660853,31.24875767]]}},{"id":"1411","type":"Feature","properties":{"gml_id":"layer_pedestrian_road_pl.120068","Name":null,"pyname":null,"kind":"0b01","width":"30","length":"0.137","speedclass":"8","__source_file__":"04-交通数据/1-交通路网/2-分类图层/上海市_行人道路.shp"},"geometry":{"type":"LineString","coordinates":[[121.46589054,31.25008917],[121.46604912,31.24962896],[121.466079,31.24955894],[121.4661186,31.24943883],[121.4661285,31.24940882],[121.46630706,31.24890855]]}},{"id":"1648","type":"Feature","properties":{"gml_id":"layer_pedestrian_road_pl.120305","Name":null,"pyname":null,"kind":"0b14","width":"30","length":"0.035","speedclass":"8","__source_file__":"04-交通数据/1-交通路网/2-分类图层/上海市_行人道路.shp"},"geometry":{"type":"LineString","coordinates":[[121.4636778,31.24959201],[121.46383872,31.24963251],[121.46388894,31.24964268],[121.46391918,31.24967283],[121.46398992,31.24973313]]}},{"id":"1645","type":"Feature","properties":{"gml_id":"layer_pedestrian_road_pl.120302","Name":null,"pyname":null,"kind":"0b14","width":"30","length":"0.022","speedclass":"8","__source_file__":"04-交通数据/1-交通路网/2-分类图层/上海市_行人道路.shp"},"geometry":{"type":"LineString","coordinates":[[121.46360832,31.24978209],[121.4636778,31.24959201]]}},{"id":"1649","type":"Feature","properties":{"gml_id":"layer_pedestrian_road_pl.120306","Name":null,"pyname":null,"kind":"0b14","width":"30","length":"0.019","speedclass":"8","__source_file__":"04-交通数据/1-交通路网/2-分类图层/上海市_行人道路.shp"},"geometry":{"type":"LineString","coordinates":[[121.46394042,31.24990323],[121.46398992,31.24973313]]}},{"id":"1646","type":"Feature","properties":{"gml_id":"layer_pedestrian_road_pl.120303","Name":null,"pyname":null,"kind":"0b14","width":"30","length":"0.027","speedclass":"8","__source_file__":"04-交通数据/1-交通路网/2-分类图层/上海市_行人道路.shp"},"geometry":{"type":"LineString","coordinates":[[121.46360832,31.24978209],[121.46363856,31.24982223],[121.46364882,31.2498423],[121.46367888,31.24984239],[121.4637291,31.24983254],[121.46375934,31.24984262],[121.4637894,31.24985274],[121.4638299,31.24989288]]}},{"id":"1400","type":"Feature","properties":{"gml_id":"layer_pedestrian_road_pl.120057","Name":null,"pyname":null,"kind":"0b01","width":"30","length":"0.030","speedclass":"8","__source_file__":"04-交通数据/1-交通路网/2-分类图层/上海市_行人道路.shp"},"geometry":{"type":"LineString","coordinates":[[121.45710402,31.2468386],[121.45715406,31.24679868],[121.45717368,31.24671863],[121.4571735,31.24668857],[121.45712292,31.2465983]]}},{"id":"1394","type":"Feature","properties":{"gml_id":"layer_pedestrian_road_pl.120051","Name":"华盛路","pyname":"hsl","kind":"0b01","width":"30","length":"0.068","speedclass":"8","__source_file__":"04-交通数据/1-交通路网/2-分类图层/上海市_行人道路.shp"},"geometry":{"type":"LineString","coordinates":[[121.4560269,31.24642482],[121.45598748,31.24659501],[121.45595886,31.2469254],[121.45594932,31.24703556]]}},{"id":"1105","type":"Feature","properties":{"gml_id":"layer_pedestrian_road_pl.119762","Name":null,"pyname":null,"kind":"0b01","width":"30","length":"0.032","speedclass":"8","__source_file__":"04-交通数据/1-交通路网/2-分类图层/上海市_行人道路.shp"},"geometry":{"type":"LineString","coordinates":[[121.45647024,31.24668654],[121.45657068,31.24667682],[121.45666122,31.24669712],[121.45669146,31.24672722],[121.45673196,31.2468075]]}},{"id":"2650","type":"Feature","properties":{"gml_id":"layer_pedestrian_road_pl.121307","Name":null,"pyname":null,"kind":"0b01","width":"30","length":"0.033","speedclass":"8","__source_file__":"04-交通数据/1-交通路网/2-分类图层/上海市_行人道路.shp"},"geometry":{"type":"LineString","coordinates":[[121.45754556,31.24674977],[121.45758624,31.24685003],[121.45760658,31.24689017],[121.4576469,31.24691028],[121.45767696,31.24692041],[121.45776732,31.24690065]]}},{"id":"1399","type":"Feature","properties":{"gml_id":"layer_pedestrian_road_pl.120056","Name":null,"pyname":null,"kind":"0b01","width":"30","length":"0.041","speedclass":"8","__source_file__":"04-交通数据/1-交通路网/2-分类图层/上海市_行人道路.shp"},"geometry":{"type":"LineString","coordinates":[[121.45673196,31.2468075],[121.45678254,31.24686771],[121.45682286,31.24688787],[121.45696344,31.24688828],[121.45703382,31.24686848],[121.45708386,31.24685858],[121.45710402,31.2468386]]}},{"id":"979","type":"Feature","properties":{"gml_id":"layer_pedestrian_road_pl.119636","Name":null,"pyname":null,"kind":"0b01","width":"30","length":"0.052","speedclass":"8","__source_file__":"04-交通数据/1-交通路网/2-分类图层/上海市_行人道路.shp"},"geometry":{"type":"LineString","coordinates":[[121.45594932,31.24703556],[121.45604976,31.24701581],[121.45610988,31.24696595],[121.4561799,31.24690605],[121.45622976,31.24681605],[121.45625928,31.24669595]]}},{"id":"2651","type":"Feature","properties":{"gml_id":"layer_pedestrian_road_pl.121308","Name":null,"pyname":null,"kind":"0b01","width":"30","length":"0.030","speedclass":"8","__source_file__":"04-交通数据/1-交通路网/2-分类图层/上海市_行人道路.shp"},"geometry":{"type":"LineString","coordinates":[[121.45710402,31.2468386],[121.45715424,31.24684877],[121.45718448,31.24685889],[121.4572248,31.24689908],[121.45736574,31.24697958]]}},{"id":"1396","type":"Feature","properties":{"gml_id":"layer_pedestrian_road_pl.120053","Name":null,"pyname":null,"kind":"0b01","width":"30","length":"0.081","speedclass":"8","__source_file__":"04-交通数据/1-交通路网/2-分类图层/上海市_行人道路.shp"},"geometry":{"type":"LineString","coordinates":[[121.45594932,31.24703556],[121.45610016,31.24703601],[121.45629078,31.24700649],[121.45651164,31.24694705],[121.45673196,31.2468075]]}},{"id":"2652","type":"Feature","properties":{"gml_id":"layer_pedestrian_road_pl.121309","Name":null,"pyname":null,"kind":"0b01","width":"30","length":"0.036","speedclass":"8","__source_file__":"04-交通数据/1-交通路网/2-分类图层/上海市_行人道路.shp"},"geometry":{"type":"LineString","coordinates":[[121.45736574,31.24697958],[121.45744638,31.24702989],[121.4575371,31.24708025],[121.4575776,31.24715049],[121.45759794,31.24722065]]}},{"id":"1386","type":"Feature","properties":{"gml_id":"layer_pedestrian_road_pl.120043","Name":null,"pyname":null,"kind":"0b01","width":"30","length":"0.055","speedclass":"8","__source_file__":"04-交通数据/1-交通路网/2-分类图层/上海市_行人道路.shp"},"geometry":{"type":"LineString","coordinates":[[121.45525704,31.24723388],[121.45582944,31.24717542]]}},{"id":"1390","type":"Feature","properties":{"gml_id":"layer_pedestrian_road_pl.120047","Name":"华盛路","pyname":"hsl","kind":"0b01","width":"30","length":"0.020","speedclass":"8","__source_file__":"04-交通数据/1-交通路网/2-分类图层/上海市_行人道路.shp"},"geometry":{"type":"LineString","coordinates":[[121.45581018,31.24735565],[121.45582944,31.24717542]]}},{"id":"1392","type":"Feature","properties":{"gml_id":"layer_pedestrian_road_pl.120049","Name":"华盛路","pyname":"hsl","kind":"0b01","width":"30","length":"0.080","speedclass":"8","__source_file__":"04-交通数据/1-交通路网/2-分类图层/上海市_行人道路.shp"},"geometry":{"type":"LineString","coordinates":[[121.45594932,31.24703556],[121.45592124,31.24748619],[121.45591152,31.24756629],[121.4558919,31.24763636],[121.45587192,31.24766633],[121.45587192,31.24768635],[121.45585212,31.24774638]]}},{"id":"1389","type":"Feature","properties":{"gml_id":"layer_pedestrian_road_pl.120046","Name":"华盛路","pyname":"hsl","kind":"0b01","width":"30","length":"0.044","speedclass":"8","__source_file__":"04-交通数据/1-交通路网/2-分类图层/上海市_行人道路.shp"},"geometry":{"type":"LineString","coordinates":[[121.45585212,31.24774638],[121.45583178,31.24769625],[121.45583178,31.24767623],[121.45582152,31.2476261],[121.45582116,31.247546],[121.45581018,31.24735565]]}},{"id":"31","type":"Feature","properties":{"gml_id":"layer_pedestrian_road_pl.118688","Name":null,"pyname":null,"kind":"0b01","width":"30","length":"0.037","speedclass":"8","__source_file__":"04-交通数据/1-交通路网/2-分类图层/上海市_行人道路.shp"},"geometry":{"type":"LineString","coordinates":[[121.4584983,31.24854531],[121.45859928,31.24862573],[121.4586396,31.24866591],[121.4587206,31.24881639]]}},{"id":"1236","type":"Feature","properties":{"gml_id":"layer_pedestrian_road_pl.119893","Name":null,"pyname":null,"kind":"0b01","width":"30","length":"0.014","speedclass":"8","__source_file__":"04-交通数据/1-交通路网/2-分类图层/上海市_行人道路.shp"},"geometry":{"type":"LineString","coordinates":[[121.45822974,31.24914548],[121.45825944,31.24902537]]}},{"id":"1235","type":"Feature","properties":{"gml_id":"layer_pedestrian_road_pl.119892","Name":null,"pyname":null,"kind":"0b01","width":"30","length":"0.009","speedclass":"8","__source_file__":"04-交通数据/1-交通路网/2-分类图层/上海市_行人道路.shp"},"geometry":{"type":"LineString","coordinates":[[121.45818996,31.24921545],[121.45822974,31.24914548]]}},{"id":"32","type":"Feature","properties":{"gml_id":"layer_pedestrian_road_pl.118689","Name":null,"pyname":null,"kind":"0b01","width":"30","length":"0.113","speedclass":"8","__source_file__":"04-交通数据/1-交通路网/2-分类图层/上海市_行人道路.shp"},"geometry":{"type":"LineString","coordinates":[[121.4587206,31.24881639],[121.45879386,31.24944761],[121.45880448,31.24958783],[121.45881474,31.24961793],[121.45882518,31.24970807],[121.45883544,31.24973817],[121.45887576,31.24975829],[121.45890582,31.24976841],[121.45892598,31.24977849]]}},{"id":"30","type":"Feature","properties":{"gml_id":"layer_pedestrian_road_pl.118687","Name":null,"pyname":null,"kind":"0b01","width":"30","length":"0.070","speedclass":"8","__source_file__":"04-交通数据/1-交通路网/2-分类图层/上海市_行人道路.shp"},"geometry":{"type":"LineString","coordinates":[[121.45835358,31.24982691],[121.45833324,31.24977678],[121.45832298,31.24975671],[121.45831272,31.24969659],[121.45831254,31.24963647],[121.45818996,31.24921545]]}},{"id":"1234","type":"Feature","properties":{"gml_id":"layer_pedestrian_road_pl.119891","Name":null,"pyname":null,"kind":"0b01","width":"30","length":"0.015","speedclass":"8","__source_file__":"04-交通数据/1-交通路网/2-分类图层/上海市_行人道路.shp"},"geometry":{"type":"LineString","coordinates":[[121.4583642,31.24994711],[121.458384,31.24991714],[121.458384,31.24988708],[121.45838382,31.24986705],[121.45835358,31.24982691]]}},{"id":"29","type":"Feature","properties":{"gml_id":"layer_pedestrian_road_pl.118686","Name":null,"pyname":null,"kind":"0b01","width":"30","length":"0.029","speedclass":"8","__source_file__":"04-交通数据/1-交通路网/2-分类图层/上海市_行人道路.shp"},"geometry":{"type":"LineString","coordinates":[[121.45892598,31.24977849],[121.45893624,31.24979856],[121.45894686,31.24995881],[121.45894704,31.24997888],[121.45892724,31.25003891]]}},{"id":"1121","type":"Feature","properties":{"gml_id":"layer_pedestrian_road_pl.119778","Name":null,"pyname":null,"kind":"0b14","width":"30","length":"0.005","speedclass":"8","__source_file__":"04-交通数据/1-交通路网/2-分类图层/上海市_行人道路.shp"},"geometry":{"type":"LineString","coordinates":[[121.47029082,31.23464792],[121.47027066,31.23460778]]}},{"id":"1119","type":"Feature","properties":{"gml_id":"layer_pedestrian_road_pl.119776","Name":null,"pyname":null,"kind":"0b14","width":"30","length":"0.049","speedclass":"8","__source_file__":"04-交通数据/1-交通路网/2-分类图层/上海市_行人道路.shp"},"geometry":{"type":"LineString","coordinates":[[121.4694261,31.23451517],[121.46911632,31.23486482]]}},{"id":"2445","type":"Feature","properties":{"gml_id":"layer_pedestrian_road_pl.121102","Name":null,"pyname":null,"kind":"0b01","width":"30","length":"0.008","speedclass":"8","__source_file__":"04-交通数据/1-交通路网/2-分类图层/上海市_行人道路.shp"},"geometry":{"type":"LineString","coordinates":[[121.4701506,31.23473765],[121.47023088,31.23470781]]}},{"id":"6534","type":"Feature","properties":{"gml_id":"layer_pedestrian_road_pl.125435","Name":null,"pyname":null,"kind":"0b01","width":"30","length":"0.017","speedclass":"8","__source_file__":"04-交通数据/1-交通路网/2-分类图层/上海市_行人道路.shp"},"geometry":{"type":"LineString","coordinates":[[121.47031188,31.2348483],[121.47023088,31.23470781]]}},{"id":"2422","type":"Feature","properties":{"gml_id":"layer_pedestrian_road_pl.121079","Name":null,"pyname":null,"kind":"0b01","width":"30","length":"0.109","speedclass":"8","__source_file__":"04-交通数据/1-交通路网/2-分类图层/上海市_行人道路.shp"},"geometry":{"type":"LineString","coordinates":[[121.4690463,31.23495477],[121.46931756,31.23494555],[121.46968908,31.23489654],[121.4700003,31.23480731],[121.4701506,31.23473765]]}},{"id":"6537","type":"Feature","properties":{"gml_id":"layer_pedestrian_road_pl.125438","Name":null,"pyname":null,"kind":"0b01","width":"30","length":"0.059","speedclass":"8","__source_file__":"04-交通数据/1-交通路网/2-分类图层/上海市_行人道路.shp"},"geometry":{"type":"LineString","coordinates":[[121.46826204,31.23482229],[121.46860404,31.23491342],[121.4688654,31.23494424]]}},{"id":"1120","type":"Feature","properties":{"gml_id":"layer_pedestrian_road_pl.119777","Name":null,"pyname":null,"kind":"0b01","width":"30","length":"0.012","speedclass":"8","__source_file__":"04-交通数据/1-交通路网/2-分类图层/上海市_行人道路.shp"},"geometry":{"type":"LineString","coordinates":[[121.46911632,31.23486482],[121.4690463,31.23495477]]}},{"id":"6547","type":"Feature","properties":{"gml_id":"layer_pedestrian_road_pl.125448","Name":null,"pyname":null,"kind":"0b01","width":"30","length":"0.040","speedclass":"8","__source_file__":"04-交通数据/1-交通路网/2-分类图层/上海市_行人道路.shp"},"geometry":{"type":"LineString","coordinates":[[121.46996088,31.23500751],[121.47000102,31.23499761],[121.47019164,31.23492804],[121.470282,31.23489825],[121.47031206,31.23487832],[121.47031188,31.2348483]]}},{"id":"2421","type":"Feature","properties":{"gml_id":"layer_pedestrian_road_pl.121078","Name":null,"pyname":null,"kind":"0b01","width":"30","length":"0.017","speedclass":"8","__source_file__":"04-交通数据/1-交通路网/2-分类图层/上海市_行人道路.shp"},"geometry":{"type":"LineString","coordinates":[[121.4688654,31.23494424],[121.4690463,31.23495477]]}},{"id":"7006","type":"Feature","properties":{"gml_id":"layer_pedestrian_road_pl.126007","Name":null,"pyname":null,"kind":"0b01","width":"30","length":"0.020","speedclass":"8","__source_file__":"04-交通数据/1-交通路网/2-分类图层/上海市_行人道路.shp"},"geometry":{"type":"LineString","coordinates":[[121.4690463,31.23495477],[121.4690472,31.23513504]]}},{"id":"7007","type":"Feature","properties":{"gml_id":"layer_pedestrian_road_pl.126008","Name":null,"pyname":null,"kind":"0b01","width":"30","length":"0.088","speedclass":"8","__source_file__":"04-交通数据/1-交通路网/2-分类图层/上海市_行人道路.shp"},"geometry":{"type":"LineString","coordinates":[[121.4690472,31.23513504],[121.46926824,31.23512568],[121.46937876,31.23511601],[121.46953932,31.23509643],[121.46975028,31.235067],[121.46996088,31.23500751]]}},{"id":"7004","type":"Feature","properties":{"gml_id":"layer_pedestrian_road_pl.126005","Name":null,"pyname":null,"kind":"0b01","width":"30","length":"0.049","speedclass":"8","__source_file__":"04-交通数据/1-交通路网/2-分类图层/上海市_行人道路.shp"},"geometry":{"type":"LineString","coordinates":[[121.46844384,31.23503316],[121.46866524,31.23509387],[121.46893686,31.23518481]]}},{"id":"7008","type":"Feature","properties":{"gml_id":"layer_pedestrian_road_pl.126009","Name":null,"pyname":null,"kind":"0b01","width":"30","length":"0.012","speedclass":"8","__source_file__":"04-交通数据/1-交通路网/2-分类图层/上海市_行人道路.shp"},"geometry":{"type":"LineString","coordinates":[[121.46893686,31.23518481],[121.46899716,31.23516497],[121.4690472,31.23513504]]}},{"id":"6548","type":"Feature","properties":{"gml_id":"layer_pedestrian_road_pl.125449","Name":null,"pyname":null,"kind":"0b01","width":"30","length":"0.041","speedclass":"8","__source_file__":"04-交通数据/1-交通路网/2-分类图层/上海市_行人道路.shp"},"geometry":{"type":"LineString","coordinates":[[121.46991246,31.23537795],[121.46996088,31.23500751]]}},{"id":"6542","type":"Feature","properties":{"gml_id":"layer_pedestrian_road_pl.125443","Name":null,"pyname":null,"kind":"0b01","width":"30","length":"0.048","speedclass":"8","__source_file__":"04-交通数据/1-交通路网/2-分类图层/上海市_行人道路.shp"},"geometry":{"type":"LineString","coordinates":[[121.46863662,31.23543434],[121.46844384,31.23503316]]}},{"id":"6541","type":"Feature","properties":{"gml_id":"layer_pedestrian_road_pl.125442","Name":null,"pyname":null,"kind":"0b01","width":"30","length":"0.066","speedclass":"8","__source_file__":"04-交通数据/1-交通路网/2-分类图层/上海市_行人道路.shp"},"geometry":{"type":"LineString","coordinates":[[121.46844384,31.23503316],[121.46871618,31.23525429],[121.46892822,31.23546521]]}},{"id":"7005","type":"Feature","properties":{"gml_id":"layer_pedestrian_road_pl.126006","Name":null,"pyname":null,"kind":"0b01","width":"30","length":"0.095","speedclass":"8","__source_file__":"04-交通数据/1-交通路网/2-分类图层/上海市_行人道路.shp"},"geometry":{"type":"LineString","coordinates":[[121.46893686,31.23518481],[121.46920866,31.23527576],[121.46978178,31.23535752],[121.46991246,31.23537795]]}},{"id":"6545","type":"Feature","properties":{"gml_id":"layer_pedestrian_road_pl.125446","Name":null,"pyname":null,"kind":"0b01","width":"30","length":"0.046","speedclass":"8","__source_file__":"04-交通数据/1-交通路网/2-分类图层/上海市_行人道路.shp"},"geometry":{"type":"LineString","coordinates":[[121.46991246,31.23537795],[121.47026436,31.23541904],[121.47039504,31.23543942]]}},{"id":"6546","type":"Feature","properties":{"gml_id":"layer_pedestrian_road_pl.125447","Name":null,"pyname":null,"kind":"0b01","width":"30","length":"0.026","speedclass":"8","__source_file__":"04-交通数据/1-交通路网/2-分类图层/上海市_行人道路.shp"},"geometry":{"type":"LineString","coordinates":[[121.4698833,31.23560822],[121.46991246,31.23537795]]}},{"id":"6543","type":"Feature","properties":{"gml_id":"layer_pedestrian_road_pl.125444","Name":null,"pyname":null,"kind":"0b01","width":"30","length":"0.028","speedclass":"8","__source_file__":"04-交通数据/1-交通路网/2-分类图层/上海市_行人道路.shp"},"geometry":{"type":"LineString","coordinates":[[121.47025536,31.23565938],[121.47039504,31.23543942]]}},{"id":"6573","type":"Feature","properties":{"gml_id":"layer_pedestrian_road_pl.125474","Name":null,"pyname":null,"kind":"0b14","width":"30","length":"0.035","speedclass":"8","__source_file__":"04-交通数据/1-交通路网/2-分类图层/上海市_行人道路.shp"},"geometry":{"type":"LineString","coordinates":[[121.46672772,31.23328545],[121.46682726,31.2330654],[121.46687712,31.23299543]]}},{"id":"1116","type":"Feature","properties":{"gml_id":"layer_pedestrian_road_pl.119773","Name":null,"pyname":null,"kind":"0b14","width":"30","length":"0.035","speedclass":"8","__source_file__":"04-交通数据/1-交通路网/2-分类图层/上海市_行人道路.shp"},"geometry":{"type":"LineString","coordinates":[[121.46636628,31.23332447],[121.46672772,31.23328545]]}},{"id":"1115","type":"Feature","properties":{"gml_id":"layer_pedestrian_road_pl.119772","Name":null,"pyname":null,"kind":"0b01","width":"30","length":"0.011","speedclass":"8","__source_file__":"04-交通数据/1-交通路网/2-分类图层/上海市_行人道路.shp"},"geometry":{"type":"LineString","coordinates":[[121.46625594,31.2333642],[121.46636628,31.23332447]]}},{"id":"2402","type":"Feature","properties":{"gml_id":"layer_pedestrian_road_pl.121059","Name":null,"pyname":null,"kind":"0b01","width":"30","length":"0.048","speedclass":"8","__source_file__":"04-交通数据/1-交通路网/2-分类图层/上海市_行人道路.shp"},"geometry":{"type":"LineString","coordinates":[[121.46616792,31.23828158],[121.46632686,31.2378714]]}},{"id":"772","type":"Feature","properties":{"gml_id":"layer_pedestrian_road_pl.119429","Name":null,"pyname":null,"kind":"0b01","width":"30","length":"0.055","speedclass":"8","__source_file__":"04-交通数据/1-交通路网/2-分类图层/上海市_行人道路.shp"},"geometry":{"type":"LineString","coordinates":[[121.46471838,31.23988988],[121.4652618,31.24006173]]}},{"id":"1760","type":"Feature","properties":{"gml_id":"layer_pedestrian_road_pl.120417","Name":null,"pyname":null,"kind":"0b01","width":"30","length":"0.042","speedclass":"8","__source_file__":"04-交通数据/1-交通路网/2-分类图层/上海市_行人道路.shp"},"geometry":{"type":"LineString","coordinates":[[121.46509278,31.24045184],[121.46499396,31.24082214]]}},{"id":"1405","type":"Feature","properties":{"gml_id":"layer_pedestrian_road_pl.120062","Name":null,"pyname":null,"kind":"0b01","width":"30","length":"0.030","speedclass":"8","__source_file__":"04-交通数据/1-交通路网/2-分类图层/上海市_行人道路.shp"},"geometry":{"type":"LineString","coordinates":[[121.46425002,31.24073988],[121.46422104,31.2410102]]}},{"id":"1759","type":"Feature","properties":{"gml_id":"layer_pedestrian_road_pl.120416","Name":null,"pyname":null,"kind":"0b01","width":"30","length":"0.076","speedclass":"8","__source_file__":"04-交通数据/1-交通路网/2-分类图层/上海市_行人道路.shp"},"geometry":{"type":"LineString","coordinates":[[121.46422104,31.2410102],[121.46459238,31.24090112],[121.46499396,31.24082214]]}},{"id":"770","type":"Feature","properties":{"gml_id":"layer_pedestrian_road_pl.119427","Name":null,"pyname":null,"kind":"0b01","width":"30","length":"0.191","speedclass":"8","__source_file__":"04-交通数据/1-交通路网/2-分类图层/上海市_行人道路.shp"},"geometry":{"type":"LineString","coordinates":[[121.46499396,31.24082214],[121.4653356,31.24082313],[121.46576796,31.24090454],[121.46610996,31.24099566],[121.46656284,31.24113719],[121.46692518,31.24127849]]}},{"id":"68","type":"Feature","properties":{"gml_id":"layer_pedestrian_road_pl.118725","Name":null,"pyname":null,"kind":"0b01","width":"30","length":"0.109","speedclass":"8","__source_file__":"04-交通数据/1-交通路网/2-分类图层/上海市_行人道路.shp"},"geometry":{"type":"LineString","coordinates":[[121.46321862,31.24148805],[121.46422104,31.2410102]]}},{"id":"6532","type":"Feature","properties":{"gml_id":"layer_pedestrian_road_pl.125433","Name":null,"pyname":null,"kind":"0b01","width":"30","length":"0.024","speedclass":"8","__source_file__":"04-交通数据/1-交通路网/2-分类图层/上海市_行人道路.shp"},"geometry":{"type":"LineString","coordinates":[[121.47108354,31.23439983],[121.47130512,31.23451062]]}},{"id":"953","type":"Feature","properties":{"gml_id":"layer_pedestrian_road_pl.119610","Name":null,"pyname":null,"kind":"0b01","width":"30","length":"0.086","speedclass":"8","__source_file__":"04-交通数据/1-交通路网/2-分类图层/上海市_行人道路.shp"},"geometry":{"type":"LineString","coordinates":[[121.47023088,31.23470781],[121.4709228,31.2344294],[121.4710533,31.23438971]]}},{"id":"6535","type":"Feature","properties":{"gml_id":"layer_pedestrian_road_pl.125436","Name":null,"pyname":null,"kind":"0b01","width":"30","length":"0.079","speedclass":"8","__source_file__":"04-交通数据/1-交通路网/2-分类图层/上海市_行人道路.shp"},"geometry":{"type":"LineString","coordinates":[[121.4706744,31.23501962],[121.47073434,31.23493965],[121.47108354,31.23439983]]}},{"id":"6536","type":"Feature","properties":{"gml_id":"layer_pedestrian_road_pl.125437","Name":null,"pyname":null,"kind":"0b01","width":"30","length":"0.039","speedclass":"8","__source_file__":"04-交通数据/1-交通路网/2-分类图层/上海市_行人道路.shp"},"geometry":{"type":"LineString","coordinates":[[121.47031188,31.2348483],[121.4705736,31.23496922],[121.4706744,31.23501962]]}},{"id":"6544","type":"Feature","properties":{"gml_id":"layer_pedestrian_road_pl.125445","Name":null,"pyname":null,"kind":"0b01","width":"30","length":"0.054","speedclass":"8","__source_file__":"04-交通数据/1-交通路网/2-分类图层/上海市_行人道路.shp"},"geometry":{"type":"LineString","coordinates":[[121.47039504,31.23543942],[121.47046488,31.23532949],[121.4706744,31.23501962]]}},{"id":"2303","type":"Feature","properties":{"gml_id":"layer_pedestrian_road_pl.120960","Name":null,"pyname":null,"kind":"0b01","width":"30","length":"0.027","speedclass":"8","__source_file__":"04-交通数据/1-交通路网/2-分类图层/上海市_行人道路.shp"},"geometry":{"type":"LineString","coordinates":[[121.47130998,31.23557231],[121.4714295,31.2353523]]}},{"id":"1986","type":"Feature","properties":{"gml_id":"layer_pedestrian_road_pl.120643","Name":null,"pyname":null,"kind":"0b01","width":"30","length":"0.118","speedclass":"8","__source_file__":"04-交通数据/1-交通路网/2-分类图层/上海市_行人道路.shp"},"geometry":{"type":"LineString","coordinates":[[121.47107994,31.23800541],[121.4714169,31.23698481]]}},{"id":"1985","type":"Feature","properties":{"gml_id":"layer_pedestrian_road_pl.120642","Name":null,"pyname":null,"kind":"0b01","width":"30","length":"0.048","speedclass":"8","__source_file__":"04-交通数据/1-交通路网/2-分类图层/上海市_行人道路.shp"},"geometry":{"type":"LineString","coordinates":[[121.47095124,31.23842571],[121.47107994,31.23800541]]}},{"id":"6818","type":"Feature","properties":{"gml_id":"layer_pedestrian_road_pl.125776","Name":null,"pyname":null,"kind":"0b01","width":"30","length":"0.146","speedclass":"8","__source_file__":"04-交通数据/1-交通路网/2-分类图层/上海市_行人道路.shp"},"geometry":{"type":"LineString","coordinates":[[121.47160986,31.2418229],[121.47167016,31.24183311],[121.4717607,31.24184337],[121.47180102,31.24186353],[121.47183126,31.24189368],[121.47184152,31.24194377],[121.4718363,31.24299542]]}},{"id":"6013","type":"Feature","properties":{"gml_id":"layer_pedestrian_road_pl.124914","Name":null,"pyname":null,"kind":"0b01","width":"30","length":"0.173","speedclass":"8","__source_file__":"04-交通数据/1-交通路网/2-分类图层/上海市_行人道路.shp"},"geometry":{"type":"LineString","coordinates":[[121.47112386,31.24318361],[121.4713395,31.2420024],[121.47134904,31.2419223],[121.47136902,31.24187231],[121.4713989,31.2418323],[121.4714592,31.24181246],[121.47160986,31.2418229]]}},{"id":"2403","type":"Feature","properties":{"gml_id":"layer_pedestrian_road_pl.121060","Name":null,"pyname":null,"kind":"0b01","width":"30","length":"0.071","speedclass":"8","__source_file__":"04-交通数据/1-交通路网/2-分类图层/上海市_行人道路.shp"},"geometry":{"type":"LineString","coordinates":[[121.46965416,31.23823163],[121.4703981,31.23829391]]}},{"id":"1635","type":"Feature","properties":{"gml_id":"layer_pedestrian_road_pl.120292","Name":null,"pyname":null,"kind":"0b01","width":"30","length":"0.086","speedclass":"8","__source_file__":"04-交通数据/1-交通路网/2-分类图层/上海市_行人道路.shp"},"geometry":{"type":"LineString","coordinates":[[121.46849352,31.24148333],[121.46853384,31.24151352],[121.46855418,31.24155362],[121.46855454,31.24162373],[121.4684748,31.24176372],[121.46844492,31.24182375],[121.46845518,31.24188387],[121.4685765,31.24203444],[121.46859666,31.24206455],[121.46858712,31.2421847]]}},{"id":"2394","type":"Feature","properties":{"gml_id":"layer_pedestrian_road_pl.121051","Name":null,"pyname":null,"kind":"0b01","width":"30","length":"0.017","speedclass":"8","__source_file__":"04-交通数据/1-交通路网/2-分类图层/上海市_行人道路.shp"},"geometry":{"type":"LineString","coordinates":[[121.46561982,31.24146497],[121.46574042,31.24148535],[121.46579082,31.24149552]]}},{"id":"2393","type":"Feature","properties":{"gml_id":"layer_pedestrian_road_pl.121050","Name":null,"pyname":null,"kind":"0b01","width":"30","length":"0.091","speedclass":"8","__source_file__":"04-交通数据/1-交通路网/2-分类图层/上海市_行人道路.shp"},"geometry":{"type":"LineString","coordinates":[[121.46466564,31.2415223],[121.46493654,31.24147298],[121.4652078,31.24144373],[121.46561982,31.24146497]]}},{"id":"2392","type":"Feature","properties":{"gml_id":"layer_pedestrian_road_pl.121049","Name":null,"pyname":null,"kind":"0b01","width":"30","length":"0.011","speedclass":"8","__source_file__":"04-交通数据/1-交通路网/2-分类图层/上海市_行人道路.shp"},"geometry":{"type":"LineString","coordinates":[[121.46579082,31.24149552],[121.46590152,31.24153589]]}},{"id":"2390","type":"Feature","properties":{"gml_id":"layer_pedestrian_road_pl.121047","Name":null,"pyname":null,"kind":"0b01","width":"30","length":"0.017","speedclass":"8","__source_file__":"04-交通数据/1-交通路网/2-分类图层/上海市_行人道路.shp"},"geometry":{"type":"LineString","coordinates":[[121.46449482,31.24155182],[121.46466564,31.2415223]]}},{"id":"2391","type":"Feature","properties":{"gml_id":"layer_pedestrian_road_pl.121048","Name":null,"pyname":null,"kind":"0b01","width":"30","length":"0.012","speedclass":"8","__source_file__":"04-交通数据/1-交通路网/2-分类图层/上海市_行人道路.shp"},"geometry":{"type":"LineString","coordinates":[[121.46590206,31.24164605],[121.46590152,31.24153589]]}},{"id":"2388","type":"Feature","properties":{"gml_id":"layer_pedestrian_road_pl.121045","Name":null,"pyname":null,"kind":"0b01","width":"30","length":"0.031","speedclass":"8","__source_file__":"04-交通数据/1-交通路网/2-分类图层/上海市_行人道路.shp"},"geometry":{"type":"LineString","coordinates":[[121.46418378,31.24164105],[121.46449482,31.24155182]]}},{"id":"2389","type":"Feature","properties":{"gml_id":"layer_pedestrian_road_pl.121046","Name":null,"pyname":null,"kind":"0b01","width":"30","length":"0.015","speedclass":"8","__source_file__":"04-交通数据/1-交通路网/2-分类图层/上海市_行人道路.shp"},"geometry":{"type":"LineString","coordinates":[[121.4645256,31.24168214],[121.46449482,31.24155182]]}},{"id":"64","type":"Feature","properties":{"gml_id":"layer_pedestrian_road_pl.118721","Name":null,"pyname":null,"kind":"0b01","width":"30","length":"0.022","speedclass":"8","__source_file__":"04-交通数据/1-交通路网/2-分类图层/上海市_行人道路.shp"},"geometry":{"type":"LineString","coordinates":[[121.46398326,31.24174064],[121.46415372,31.241651],[121.46418378,31.24164105]]}},{"id":"63","type":"Feature","properties":{"gml_id":"layer_pedestrian_road_pl.118720","Name":null,"pyname":null,"kind":"0b01","width":"30","length":"0.021","speedclass":"8","__source_file__":"04-交通数据/1-交通路网/2-分类图层/上海市_行人道路.shp"},"geometry":{"type":"LineString","coordinates":[[121.46379282,31.24183023],[121.46398326,31.24174064]]}},{"id":"2395","type":"Feature","properties":{"gml_id":"layer_pedestrian_road_pl.121052","Name":null,"pyname":null,"kind":"0b01","width":"30","length":"0.139","speedclass":"8","__source_file__":"04-交通数据/1-交通路网/2-分类图层/上海市_行人道路.shp"},"geometry":{"type":"LineString","coordinates":[[121.46590152,31.24153589],[121.46605236,31.24157639],[121.46632416,31.24167732],[121.46672682,31.24185881],[121.4672004,31.24212057]]}},{"id":"1338","type":"Feature","properties":{"gml_id":"layer_pedestrian_road_pl.119995","Name":null,"pyname":null,"kind":"0b01","width":"30","length":"0.058","speedclass":"8","__source_file__":"04-交通数据/1-交通路网/2-分类图层/上海市_行人道路.shp"},"geometry":{"type":"LineString","coordinates":[[121.46836518,31.23540351],[121.4683344,31.23525317],[121.46829372,31.2351629],[121.46821236,31.23496238],[121.46822226,31.2349023]]}},{"id":"1637","type":"Feature","properties":{"gml_id":"layer_pedestrian_road_pl.120294","Name":"定兴路","pyname":"dxl","kind":"0b01","width":"30","length":"0.080","speedclass":"8","__source_file__":"04-交通数据/1-交通路网/2-分类图层/上海市_行人道路.shp"},"geometry":{"type":"LineString","coordinates":[[121.46661468,31.23713111],[121.46736978,31.23746379]]}},{"id":"2400","type":"Feature","properties":{"gml_id":"layer_pedestrian_road_pl.121057","Name":null,"pyname":null,"kind":"0b01","width":"30","length":"0.036","speedclass":"8","__source_file__":"04-交通数据/1-交通路网/2-分类图层/上海市_行人道路.shp"},"geometry":{"type":"LineString","coordinates":[[121.46773086,31.23949802],[121.46790042,31.23920808]]}},{"id":"2401","type":"Feature","properties":{"gml_id":"layer_pedestrian_road_pl.121058","Name":null,"pyname":null,"kind":"0b01","width":"30","length":"0.066","speedclass":"8","__source_file__":"04-交通数据/1-交通路网/2-分类图层/上海市_行人道路.shp"},"geometry":{"type":"LineString","coordinates":[[121.46773086,31.23949802],[121.4670483,31.23962627]]}},{"id":"2399","type":"Feature","properties":{"gml_id":"layer_pedestrian_road_pl.121056","Name":null,"pyname":null,"kind":"0b01","width":"30","length":"0.058","speedclass":"8","__source_file__":"04-交通数据/1-交通路网/2-分类图层/上海市_行人道路.shp"},"geometry":{"type":"LineString","coordinates":[[121.4677935,31.24001903],[121.46773086,31.23949802]]}},{"id":"771","type":"Feature","properties":{"gml_id":"layer_pedestrian_road_pl.119428","Name":null,"pyname":null,"kind":"0b01","width":"30","length":"0.020","speedclass":"8","__source_file__":"04-交通数据/1-交通路网/2-分类图层/上海市_行人道路.shp"},"geometry":{"type":"LineString","coordinates":[[121.46700474,31.24110843],[121.46692518,31.24127849]]}},{"id":"2397","type":"Feature","properties":{"gml_id":"layer_pedestrian_road_pl.121054","Name":null,"pyname":null,"kind":"0b01","width":"30","length":"0.015","speedclass":"8","__source_file__":"04-交通数据/1-交通路网/2-分类图层/上海市_行人道路.shp"},"geometry":{"type":"LineString","coordinates":[[121.46712048,31.24224054],[121.4672004,31.24212057]]}},{"id":"2396","type":"Feature","properties":{"gml_id":"layer_pedestrian_road_pl.121053","Name":null,"pyname":null,"kind":"0b01","width":"30","length":"0.057","speedclass":"8","__source_file__":"04-交通数据/1-交通路网/2-分类图层/上海市_行人道路.shp"},"geometry":{"type":"LineString","coordinates":[[121.4672004,31.24212057],[121.46737158,31.24222124],[121.46748246,31.24228163],[121.46753286,31.24232186],[121.46754294,31.24235192],[121.46757372,31.24248224]]}},{"id":"3810","type":"Feature","properties":{"gml_id":"layer_pedestrian_road_pl.122467","Name":null,"pyname":null,"kind":"0b01","width":"30","length":"0.124","speedclass":"8","__source_file__":"04-交通数据/1-交通路网/2-分类图层/上海市_行人道路.shp"},"geometry":{"type":"LineString","coordinates":[[121.46770332,31.27179839],[121.46766354,31.27171847],[121.46839128,31.27090311]]}},{"id":"3811","type":"Feature","properties":{"gml_id":"layer_pedestrian_road_pl.122468","Name":"四明公所桥","pyname":"smgsq","kind":"0b08","width":"30","length":"0.003","speedclass":"8","__source_file__":"04-交通数据/1-交通路网/2-分类图层/上海市_行人道路.shp"},"geometry":{"type":"LineString","coordinates":[[121.4677233,31.27181837],[121.46770332,31.27179839]]}},{"id":"3859","type":"Feature","properties":{"gml_id":"layer_pedestrian_road_pl.122516","Name":null,"pyname":null,"kind":"0b01","width":"30","length":"0.054","speedclass":"8","__source_file__":"04-交通数据/1-交通路网/2-分类图层/上海市_行人道路.shp"},"geometry":{"type":"LineString","coordinates":[[121.46579928,31.2564789],[121.46607864,31.25605905]]}},{"id":"3858","type":"Feature","properties":{"gml_id":"layer_pedestrian_road_pl.122515","Name":null,"pyname":null,"kind":"0b01","width":"30","length":"0.012","speedclass":"8","__source_file__":"04-交通数据/1-交通路网/2-分类图层/上海市_行人道路.shp"},"geometry":{"type":"LineString","coordinates":[[121.46573934,31.25656886],[121.46579928,31.2564789]]}},{"id":"3813","type":"Feature","properties":{"gml_id":"layer_pedestrian_road_pl.122470","Name":"四明公所桥","pyname":"smgsq","kind":"0b08","width":"30","length":"0.018","speedclass":"8","__source_file__":"04-交通数据/1-交通路网/2-分类图层/上海市_行人道路.shp"},"geometry":{"type":"LineString","coordinates":[[121.46785326,31.27193838],[121.4677233,31.27181837]]}},{"id":"3812","type":"Feature","properties":{"gml_id":"layer_pedestrian_road_pl.122469","Name":"四明公所桥","pyname":"smgsq","kind":"0b08","width":"30","length":"0.003","speedclass":"8","__source_file__":"04-交通数据/1-交通路网/2-分类图层/上海市_行人道路.shp"},"geometry":{"type":"LineString","coordinates":[[121.46787324,31.27195836],[121.46785326,31.27193838]]}},{"id":"1268","type":"Feature","properties":{"gml_id":"layer_pedestrian_road_pl.119925","Name":null,"pyname":null,"kind":"0b14","width":"30","length":"0.051","speedclass":"8","__source_file__":"04-交通数据/1-交通路网/2-分类图层/上海市_行人道路.shp"},"geometry":{"type":"LineString","coordinates":[[121.42320138,31.24647959],[121.42334178,31.24643994],[121.42346238,31.2464403],[121.42352268,31.24645047],[121.42357308,31.24647068],[121.42370394,31.24653116]]}},{"id":"1272","type":"Feature","properties":{"gml_id":"layer_pedestrian_road_pl.119929","Name":null,"pyname":null,"kind":"0b14","width":"30","length":"0.048","speedclass":"8","__source_file__":"04-交通数据/1-交通路网/2-分类图层/上海市_行人道路.shp"},"geometry":{"type":"LineString","coordinates":[[121.42370394,31.24653116],[121.42380456,31.24654146],[121.42387494,31.24655168],[121.42397556,31.24659204],[121.4240661,31.24664235],[121.4241669,31.24669275]]}},{"id":"1270","type":"Feature","properties":{"gml_id":"layer_pedestrian_road_pl.119927","Name":null,"pyname":null,"kind":"0b14","width":"30","length":"0.023","speedclass":"8","__source_file__":"04-交通数据/1-交通路网/2-分类图层/上海市_行人道路.shp"},"geometry":{"type":"LineString","coordinates":[[121.424337,31.24654299],[121.4241669,31.24669275]]}},{"id":"1266","type":"Feature","properties":{"gml_id":"layer_pedestrian_road_pl.119923","Name":null,"pyname":null,"kind":"0b14","width":"30","length":"0.034","speedclass":"8","__source_file__":"04-交通数据/1-交通路网/2-分类图层/上海市_行人道路.shp"},"geometry":{"type":"LineString","coordinates":[[121.42313226,31.24676984],[121.423122,31.24669973],[121.42313154,31.2465996],[121.42320138,31.24647959]]}},{"id":"1274","type":"Feature","properties":{"gml_id":"layer_pedestrian_road_pl.119931","Name":null,"pyname":null,"kind":"0b14","width":"30","length":"0.050","speedclass":"8","__source_file__":"04-交通数据/1-交通路网/2-分类图层/上海市_行人道路.shp"},"geometry":{"type":"LineString","coordinates":[[121.42313226,31.24676984],[121.42298142,31.24672934],[121.42282032,31.24665878],[121.42264914,31.24657814]]}},{"id":"2451","type":"Feature","properties":{"gml_id":"layer_pedestrian_road_pl.121108","Name":"凯旋北路","pyname":"kxbl","kind":"0b01","width":"30","length":"0.457","speedclass":"8","__source_file__":"04-交通数据/1-交通路网/2-分类图层/上海市_行人道路.shp"},"geometry":{"type":"LineString","coordinates":[[121.42173942432181,31.246306092658457],[121.42444338,31.24782531]]}},{"id":"1269","type":"Feature","properties":{"gml_id":"layer_pedestrian_road_pl.119926","Name":null,"pyname":null,"kind":"0b14","width":"30","length":"0.036","speedclass":"8","__source_file__":"04-交通数据/1-交通路网/2-分类图层/上海市_行人道路.shp"},"geometry":{"type":"LineString","coordinates":[[121.42370394,31.24653116],[121.42374462,31.24663142],[121.42374516,31.24675161],[121.42371546,31.24685169]]}},{"id":"1271","type":"Feature","properties":{"gml_id":"layer_pedestrian_road_pl.119928","Name":null,"pyname":null,"kind":"0b14","width":"30","length":"0.046","speedclass":"8","__source_file__":"04-交通数据/1-交通路网/2-分类图层/上海市_行人道路.shp"},"geometry":{"type":"LineString","coordinates":[[121.4241669,31.24669275],[121.42371546,31.24685169]]}},{"id":"1267","type":"Feature","properties":{"gml_id":"layer_pedestrian_road_pl.119924","Name":null,"pyname":null,"kind":"0b14","width":"30","length":"0.058","speedclass":"8","__source_file__":"04-交通数据/1-交通路网/2-分类图层/上海市_行人道路.shp"},"geometry":{"type":"LineString","coordinates":[[121.42371546,31.24685169],[121.42360512,31.24688139],[121.42344438,31.24688094],[121.42325322,31.24683032],[121.42313226,31.24676984]]}},{"id":"839","type":"Feature","properties":{"gml_id":"layer_pedestrian_road_pl.119496","Name":null,"pyname":null,"kind":"0b01","width":"30","length":"0.004","speedclass":"8","__source_file__":"04-交通数据/1-交通路网/2-分类图层/上海市_行人道路.shp"},"geometry":{"type":"LineString","coordinates":[[121.42979496,31.24699956],[121.4298351,31.24698966]]}},{"id":"1383","type":"Feature","properties":{"gml_id":"layer_pedestrian_road_pl.120040","Name":null,"pyname":null,"kind":"0b01","width":"30","length":"0.018","speedclass":"8","__source_file__":"04-交通数据/1-交通路网/2-分类图层/上海市_行人道路.shp"},"geometry":{"type":"LineString","coordinates":[[121.45500558,31.24719306],[121.45506624,31.24725336],[121.45510674,31.2473336]]}},{"id":"1384","type":"Feature","properties":{"gml_id":"layer_pedestrian_road_pl.120041","Name":null,"pyname":null,"kind":"0b01","width":"30","length":"0.018","speedclass":"8","__source_file__":"04-交通数据/1-交通路网/2-分类图层/上海市_行人道路.shp"},"geometry":{"type":"LineString","coordinates":[[121.45510674,31.2473336],[121.45525704,31.24723388]]}},{"id":"1385","type":"Feature","properties":{"gml_id":"layer_pedestrian_road_pl.120042","Name":null,"pyname":null,"kind":"0b01","width":"30","length":"0.054","speedclass":"8","__source_file__":"04-交通数据/1-交通路网/2-分类图层/上海市_行人道路.shp"},"geometry":{"type":"LineString","coordinates":[[121.45525704,31.24723388],[121.45581018,31.24735565]]}},{"id":"1717","type":"Feature","properties":{"gml_id":"layer_pedestrian_road_pl.120374","Name":null,"pyname":null,"kind":"0b01","width":"30","length":"0.036","speedclass":"8","__source_file__":"04-交通数据/1-交通路网/2-分类图层/上海市_行人道路.shp"},"geometry":{"type":"LineString","coordinates":[[121.44470688,31.24723325],[121.4447373,31.24730345],[121.4447877,31.24734363],[121.44486834,31.24737392],[121.44499902,31.24739435]]}},{"id":"1381","type":"Feature","properties":{"gml_id":"layer_pedestrian_road_pl.120038","Name":null,"pyname":null,"kind":"0b01","width":"30","length":"0.057","speedclass":"8","__source_file__":"04-交通数据/1-交通路网/2-分类图层/上海市_行人道路.shp"},"geometry":{"type":"LineString","coordinates":[[121.45451418,31.24739196],[121.45510674,31.2473336]]}},{"id":"1718","type":"Feature","properties":{"gml_id":"layer_pedestrian_road_pl.120375","Name":null,"pyname":null,"kind":"0b01","width":"30","length":"0.040","speedclass":"8","__source_file__":"04-交通数据/1-交通路网/2-分类图层/上海市_行人道路.shp"},"geometry":{"type":"LineString","coordinates":[[121.44499902,31.24739435],[121.44520008,31.24743498],[121.44526038,31.24742513],[121.4453205,31.24739525],[121.44538062,31.24734534]]}},{"id":"1380","type":"Feature","properties":{"gml_id":"layer_pedestrian_road_pl.120037","Name":null,"pyname":null,"kind":"0b01","width":"30","length":"0.064","speedclass":"8","__source_file__":"04-交通数据/1-交通路网/2-分类图层/上海市_行人道路.shp"},"geometry":{"type":"LineString","coordinates":[[121.45510944,31.2479145],[121.45510908,31.24783436],[121.4551089,31.24780434],[121.45510674,31.2473336]]}},{"id":"1627","type":"Feature","properties":{"gml_id":"layer_pedestrian_road_pl.120284","Name":"普雄路","pyname":"pxl","kind":"0b01","width":"30","length":"0.180","speedclass":"8","__source_file__":"04-交通数据/1-交通路网/2-分类图层/上海市_行人道路.shp"},"geometry":{"type":"LineString","coordinates":[[121.44924126,31.24786739],[121.4499213,31.24933164],[121.44995154,31.24938182]]}},{"id":"1172","type":"Feature","properties":{"gml_id":"layer_pedestrian_road_pl.119829","Name":null,"pyname":null,"kind":"0b01","width":"30","length":"0.008","speedclass":"8","__source_file__":"04-交通数据/1-交通路网/2-分类图层/上海市_行人道路.shp"},"geometry":{"type":"LineString","coordinates":[[121.452705,31.24943991],[121.45270464,31.2493698]]}},{"id":"40","type":"Feature","properties":{"gml_id":"layer_pedestrian_road_pl.118697","Name":null,"pyname":null,"kind":"0b01","width":"30","length":"0.052","speedclass":"8","__source_file__":"04-交通数据/1-交通路网/2-分类图层/上海市_行人道路.shp"},"geometry":{"type":"LineString","coordinates":[[121.45071654,31.24965447],[121.45068468,31.24931382],[121.45067406,31.24918359]]}},{"id":"838","type":"Feature","properties":{"gml_id":"layer_pedestrian_road_pl.119495","Name":"西康路桥","pyname":"xklq","kind":"0b08","width":"30","length":"0.089","speedclass":"8","__source_file__":"04-交通数据/1-交通路网/2-分类图层/上海市_行人道路.shp"},"geometry":{"type":"LineString","coordinates":[[121.4291547,31.24757862],[121.42979496,31.24699956]]}},{"id":"837","type":"Feature","properties":{"gml_id":"layer_pedestrian_road_pl.119494","Name":null,"pyname":null,"kind":"0b01","width":"30","length":"0.004","speedclass":"8","__source_file__":"04-交通数据/1-交通路网/2-分类图层/上海市_行人道路.shp"},"geometry":{"type":"LineString","coordinates":[[121.42912464,31.24760855],[121.4291547,31.24757862]]}},{"id":"836","type":"Feature","properties":{"gml_id":"layer_pedestrian_road_pl.119493","Name":null,"pyname":null,"kind":"0b01","width":"30","length":"0.007","speedclass":"8","__source_file__":"04-交通数据/1-交通路网/2-分类图层/上海市_行人道路.shp"},"geometry":{"type":"LineString","coordinates":[[121.42923822,31.24829997],[121.42923822,31.24826991],[121.42920798,31.2482498]]}},{"id":"1173","type":"Feature","properties":{"gml_id":"layer_pedestrian_road_pl.119830","Name":null,"pyname":null,"kind":"0b01","width":"30","length":"0.037","speedclass":"8","__source_file__":"04-交通数据/1-交通路网/2-分类图层/上海市_行人道路.shp"},"geometry":{"type":"LineString","coordinates":[[121.42543356,31.24903005],[121.42560348,31.24883025],[121.42566342,31.24876032]]}},{"id":"835","type":"Feature","properties":{"gml_id":"layer_pedestrian_road_pl.119492","Name":null,"pyname":null,"kind":"0b01","width":"30","length":"0.288","speedclass":"8","__source_file__":"04-交通数据/1-交通路网/2-分类图层/上海市_行人道路.shp"},"geometry":{"type":"LineString","coordinates":[[121.42897884,31.25088324],[121.42899738,31.25054277],[121.42911384,31.2496317],[121.42914228,31.24928124],[121.42917126,31.24903091],[121.42923822,31.24829997]]}},{"id":"1979","type":"Feature","properties":{"gml_id":"layer_pedestrian_road_pl.120636","Name":"凯旋北路","pyname":"kxbl","kind":"0b01","width":"30","length":"0.125","speedclass":"8","__source_file__":"04-交通数据/1-交通路网/2-分类图层/上海市_行人道路.shp"},"geometry":{"type":"LineString","coordinates":[[121.42657116,31.24952415],[121.42713636,31.2500466],[121.42745928,31.25036804]]}},{"id":"1980","type":"Feature","properties":{"gml_id":"layer_pedestrian_road_pl.120637","Name":"凯旋北路","pyname":"kxbl","kind":"0b01","width":"30","length":"0.139","speedclass":"8","__source_file__":"04-交通数据/1-交通路网/2-分类图层/上海市_行人道路.shp"},"geometry":{"type":"LineString","coordinates":[[121.42745928,31.25036804],[121.42842822,31.25132235]]}},{"id":"834","type":"Feature","properties":{"gml_id":"layer_pedestrian_road_pl.119491","Name":null,"pyname":null,"kind":"0b01","width":"30","length":"0.004","speedclass":"8","__source_file__":"04-交通数据/1-交通路网/2-分类图层/上海市_行人道路.shp"},"geometry":{"type":"LineString","coordinates":[[121.42894878,31.25090318],[121.42897884,31.25088324]]}},{"id":"1263","type":"Feature","properties":{"gml_id":"layer_pedestrian_road_pl.119920","Name":null,"pyname":null,"kind":"0b01","width":"30","length":"0.004","speedclass":"8","__source_file__":"04-交通数据/1-交通路网/2-分类图层/上海市_行人道路.shp"},"geometry":{"type":"LineString","coordinates":[[121.43553192,31.25129292],[121.43553174,31.25125287]]}},{"id":"1849","type":"Feature","properties":{"gml_id":"layer_pedestrian_road_pl.120506","Name":"凯旋北路","pyname":"kxbl","kind":"0b01","width":"30","length":"0.039","speedclass":"8","__source_file__":"04-交通数据/1-交通路网/2-分类图层/上海市_行人道路.shp"},"geometry":{"type":"LineString","coordinates":[[121.42842822,31.25132235],[121.42870074,31.25159357]]}},{"id":"1222","type":"Feature","properties":{"gml_id":"layer_pedestrian_road_pl.119879","Name":null,"pyname":null,"kind":"0b01","width":"30","length":"0.071","speedclass":"8","__source_file__":"04-交通数据/1-交通路网/2-分类图层/上海市_行人道路.shp"},"geometry":{"type":"LineString","coordinates":[[121.443381,31.24733954],[121.44315942,31.24721871],[121.44296808,31.24712804],[121.44270654,31.24705716]]}},{"id":"1264","type":"Feature","properties":{"gml_id":"layer_pedestrian_road_pl.119921","Name":null,"pyname":null,"kind":"0b01","width":"30","length":"0.005","speedclass":"8","__source_file__":"04-交通数据/1-交通路网/2-分类图层/上海市_行人道路.shp"},"geometry":{"type":"LineString","coordinates":[[121.4371908,31.25153813],[121.4371809,31.25157813]]}},{"id":"1265","type":"Feature","properties":{"gml_id":"layer_pedestrian_road_pl.119922","Name":null,"pyname":null,"kind":"0b14","width":"30","length":"0.039","speedclass":"8","__source_file__":"04-交通数据/1-交通路网/2-分类图层/上海市_行人道路.shp"},"geometry":{"type":"LineString","coordinates":[[121.4371809,31.25157813],[121.43706192,31.25191833]]}},{"id":"4174","type":"Feature","properties":{"gml_id":"layer_pedestrian_road_pl.122832","Name":null,"pyname":null,"kind":"0b14","width":"30","length":"0.013","speedclass":"8","__source_file__":"04-交通数据/1-交通路网/2-分类图层/上海市_行人道路.shp"},"geometry":{"type":"LineString","coordinates":[[121.43706192,31.25191833],[121.43702232,31.2520284]]}},{"id":"3702","type":"Feature","properties":{"gml_id":"layer_pedestrian_road_pl.122359","Name":null,"pyname":null,"kind":"0b14","width":"30","length":"0.143","speedclass":"8","__source_file__":"04-交通数据/1-交通路网/2-分类图层/上海市_行人道路.shp"},"geometry":{"type":"LineString","coordinates":[[121.4355357,31.25213424],[121.43581668,31.25205491],[121.4363088,31.25200626],[121.4364996,31.25199681],[121.43670066,31.2519974],[121.43702232,31.2520284]]}},{"id":"4172","type":"Feature","properties":{"gml_id":"layer_pedestrian_road_pl.122830","Name":null,"pyname":null,"kind":"0b14","width":"30","length":"0.033","speedclass":"8","__source_file__":"04-交通数据/1-交通路网/2-分类图层/上海市_行人道路.shp"},"geometry":{"type":"LineString","coordinates":[[121.4355357,31.25213424],[121.43569698,31.2522449],[121.43580786,31.25232531]]}},{"id":"4164","type":"Feature","properties":{"gml_id":"layer_pedestrian_road_pl.122822","Name":null,"pyname":null,"kind":"0b14","width":"30","length":"0.018","speedclass":"8","__source_file__":"04-交通数据/1-交通路网/2-分类图层/上海市_行人道路.shp"},"geometry":{"type":"LineString","coordinates":[[121.43562732,31.25238489],[121.43573766,31.25235515],[121.43580786,31.25232531]]}},{"id":"3701","type":"Feature","properties":{"gml_id":"layer_pedestrian_road_pl.122358","Name":null,"pyname":null,"kind":"0b14","width":"30","length":"0.109","speedclass":"8","__source_file__":"04-交通数据/1-交通路网/2-分类图层/上海市_行人道路.shp"},"geometry":{"type":"LineString","coordinates":[[121.4364132,31.2528479],[121.43654316,31.25270804],[121.43672316,31.25251827],[121.43688282,31.2522984],[121.43702232,31.2520284]]}},{"id":"3699","type":"Feature","properties":{"gml_id":"layer_pedestrian_road_pl.122356","Name":null,"pyname":null,"kind":"0b14","width":"30","length":"0.128","speedclass":"8","__source_file__":"04-交通数据/1-交通路网/2-分类图层/上海市_行人道路.shp"},"geometry":{"type":"LineString","coordinates":[[121.43702232,31.2520284],[121.4372142,31.25223927],[121.43721438,31.25227932],[121.43720466,31.2523394],[121.43714526,31.25254955],[121.43706534,31.25263946],[121.43691504,31.2527592],[121.43686536,31.25285924],[121.43687616,31.25302952]]}},{"id":"4166","type":"Feature","properties":{"gml_id":"layer_pedestrian_road_pl.122824","Name":null,"pyname":null,"kind":"0b14","width":"30","length":"0.090","speedclass":"8","__source_file__":"04-交通数据/1-交通路网/2-分类图层/上海市_行人道路.shp"},"geometry":{"type":"LineString","coordinates":[[121.43562732,31.25238489],[121.4364132,31.2528479]]}},{"id":"972","type":"Feature","properties":{"gml_id":"layer_pedestrian_road_pl.119629","Name":null,"pyname":null,"kind":"0b01","width":"30","length":"0.106","speedclass":"8","__source_file__":"04-交通数据/1-交通路网/2-分类图层/上海市_行人道路.shp"},"geometry":{"type":"LineString","coordinates":[[121.43351124,31.25106671],[121.43362194,31.25109708],[121.4339472,31.25190929]]}},{"id":"1262","type":"Feature","properties":{"gml_id":"layer_pedestrian_road_pl.119919","Name":null,"pyname":null,"kind":"0b14","width":"30","length":"0.069","speedclass":"8","__source_file__":"04-交通数据/1-交通路网/2-分类图层/上海市_行人道路.shp"},"geometry":{"type":"LineString","coordinates":[[121.43556486,31.25191397],[121.43553192,31.25129292]]}},{"id":"1261","type":"Feature","properties":{"gml_id":"layer_pedestrian_road_pl.119918","Name":null,"pyname":null,"kind":"0b01","width":"30","length":"0.055","speedclass":"8","__source_file__":"04-交通数据/1-交通路网/2-分类图层/上海市_行人道路.shp"},"geometry":{"type":"LineString","coordinates":[[121.42886148,31.25156396],[121.42929492,31.25189574]]}},{"id":"1260","type":"Feature","properties":{"gml_id":"layer_pedestrian_road_pl.119917","Name":"远景路","pyname":"yjl","kind":"0b01","width":"30","length":"0.037","speedclass":"8","__source_file__":"04-交通数据/1-交通路网/2-分类图层/上海市_行人道路.shp"},"geometry":{"type":"LineString","coordinates":[[121.42879146,31.25165391],[121.42906398,31.25189507]]}},{"id":"3978","type":"Feature","properties":{"gml_id":"layer_pedestrian_road_pl.122635","Name":"远景路","pyname":"yjl","kind":"0b01","width":"30","length":"0.004","speedclass":"8","__source_file__":"04-交通数据/1-交通路网/2-分类图层/上海市_行人道路.shp"},"geometry":{"type":"LineString","coordinates":[[121.42906398,31.25189507],[121.42909422,31.25192522]]}},{"id":"3984","type":"Feature","properties":{"gml_id":"layer_pedestrian_road_pl.122641","Name":null,"pyname":null,"kind":"0b01","width":"30","length":"0.012","speedclass":"8","__source_file__":"04-交通数据/1-交通路网/2-分类图层/上海市_行人道路.shp"},"geometry":{"type":"LineString","coordinates":[[121.42873278,31.25199425],[121.4286219,31.25193386]]}},{"id":"3979","type":"Feature","properties":{"gml_id":"layer_pedestrian_road_pl.122636","Name":null,"pyname":null,"kind":"0b01","width":"30","length":"0.021","speedclass":"8","__source_file__":"04-交通数据/1-交通路网/2-分类图层/上海市_行人道路.shp"},"geometry":{"type":"LineString","coordinates":[[121.4289441,31.25206499],[121.42897398,31.25202503],[121.42909422,31.25192522]]}},{"id":"3980","type":"Feature","properties":{"gml_id":"layer_pedestrian_road_pl.122637","Name":"远景路","pyname":"yjl","kind":"0b01","width":"30","length":"0.022","speedclass":"8","__source_file__":"04-交通数据/1-交通路网/2-分类图层/上海市_行人道路.shp"},"geometry":{"type":"LineString","coordinates":[[121.42909422,31.25192522],[121.42923552,31.25208587]]}},{"id":"3977","type":"Feature","properties":{"gml_id":"layer_pedestrian_road_pl.122634","Name":null,"pyname":null,"kind":"0b01","width":"30","length":"0.029","speedclass":"8","__source_file__":"04-交通数据/1-交通路网/2-分类图层/上海市_行人道路.shp"},"geometry":{"type":"LineString","coordinates":[[121.4289441,31.25206499],[121.42893384,31.25201486],[121.42891368,31.25198475],[121.42887336,31.25196464],[121.42883304,31.25195451],[121.42877274,31.25196432],[121.42873278,31.25199425]]}},{"id":"3724","type":"Feature","properties":{"gml_id":"layer_pedestrian_road_pl.122381","Name":null,"pyname":null,"kind":"0b01","width":"30","length":"0.026","speedclass":"8","__source_file__":"04-交通数据/1-交通路网/2-分类图层/上海市_行人道路.shp"},"geometry":{"type":"LineString","coordinates":[[121.4339472,31.25190929],[121.43403864,31.25212988]]}},{"id":"4173","type":"Feature","properties":{"gml_id":"layer_pedestrian_road_pl.122831","Name":null,"pyname":null,"kind":"0b14","width":"30","length":"0.025","speedclass":"8","__source_file__":"04-交通数据/1-交通路网/2-分类图层/上海市_行人道路.shp"},"geometry":{"type":"LineString","coordinates":[[121.4355357,31.25213424],[121.43556486,31.25191397]]}},{"id":"3975","type":"Feature","properties":{"gml_id":"layer_pedestrian_road_pl.122632","Name":null,"pyname":null,"kind":"0b01","width":"30","length":"0.020","speedclass":"8","__source_file__":"04-交通数据/1-交通路网/2-分类图层/上海市_行人道路.shp"},"geometry":{"type":"LineString","coordinates":[[121.42873278,31.25199425],[121.4287029,31.25203425],[121.42871316,31.25208434],[121.42873332,31.25212448],[121.42877364,31.25214464]]}},{"id":"3976","type":"Feature","properties":{"gml_id":"layer_pedestrian_road_pl.122633","Name":null,"pyname":null,"kind":"0b01","width":"30","length":"0.021","speedclass":"8","__source_file__":"04-交通数据/1-交通路网/2-分类图层/上海市_行人道路.shp"},"geometry":{"type":"LineString","coordinates":[[121.42877364,31.25214464],[121.42882386,31.25215476],[121.42888416,31.25214495],[121.42891422,31.25211498],[121.4289441,31.25206499]]}},{"id":"3981","type":"Feature","properties":{"gml_id":"layer_pedestrian_road_pl.122638","Name":null,"pyname":null,"kind":"0b01","width":"30","length":"0.019","speedclass":"8","__source_file__":"04-交通数据/1-交通路网/2-分类图层/上海市_行人道路.shp"},"geometry":{"type":"LineString","coordinates":[[121.4289441,31.25206499],[121.42894446,31.25212506],[121.42896462,31.25215517],[121.42899486,31.25218532],[121.42903518,31.25220548]]}},{"id":"3982","type":"Feature","properties":{"gml_id":"layer_pedestrian_road_pl.122639","Name":null,"pyname":null,"kind":"0b01","width":"30","length":"0.024","speedclass":"8","__source_file__":"04-交通数据/1-交通路网/2-分类图层/上海市_行人道路.shp"},"geometry":{"type":"LineString","coordinates":[[121.42903518,31.25220548],[121.42907532,31.25220557],[121.42911546,31.25219567],[121.4291556,31.25215575],[121.42923552,31.25208587]]}},{"id":"3726","type":"Feature","properties":{"gml_id":"layer_pedestrian_road_pl.122383","Name":null,"pyname":null,"kind":"0b01","width":"30","length":"0.009","speedclass":"8","__source_file__":"04-交通数据/1-交通路网/2-分类图层/上海市_行人道路.shp"},"geometry":{"type":"LineString","coordinates":[[121.43403864,31.25212988],[121.43395836,31.25217974]]}},{"id":"3992","type":"Feature","properties":{"gml_id":"layer_pedestrian_road_pl.122650","Name":null,"pyname":null,"kind":"0b01","width":"30","length":"0.017","speedclass":"8","__source_file__":"04-交通数据/1-交通路网/2-分类图层/上海市_行人道路.shp"},"geometry":{"type":"LineString","coordinates":[[121.42877364,31.25214464],[121.42868382,31.25227455]]}},{"id":"4171","type":"Feature","properties":{"gml_id":"layer_pedestrian_road_pl.122829","Name":null,"pyname":null,"kind":"0b14","width":"30","length":"0.029","speedclass":"8","__source_file__":"04-交通数据/1-交通路网/2-分类图层/上海市_行人道路.shp"},"geometry":{"type":"LineString","coordinates":[[121.43537604,31.25235411],[121.43540592,31.25230412],[121.4355357,31.25213424]]}},{"id":"3993","type":"Feature","properties":{"gml_id":"layer_pedestrian_road_pl.122651","Name":"远景路","pyname":"yjl","kind":"0b01","width":"30","length":"0.062","speedclass":"8","__source_file__":"04-交通数据/1-交通路网/2-分类图层/上海市_行人道路.shp"},"geometry":{"type":"LineString","coordinates":[[121.42923552,31.25208587],[121.4296695,31.25250779]]}},{"id":"4163","type":"Feature","properties":{"gml_id":"layer_pedestrian_road_pl.122821","Name":null,"pyname":null,"kind":"0b14","width":"30","length":"0.025","speedclass":"8","__source_file__":"04-交通数据/1-交通路网/2-分类图层/上海市_行人道路.shp"},"geometry":{"type":"LineString","coordinates":[[121.43537604,31.25235411],[121.43541636,31.25238426],[121.43546658,31.25239443],[121.43552688,31.25239461],[121.43562732,31.25238489]]}},{"id":"3983","type":"Feature","properties":{"gml_id":"layer_pedestrian_road_pl.122640","Name":null,"pyname":null,"kind":"0b01","width":"30","length":"0.038","speedclass":"8","__source_file__":"04-交通数据/1-交通路网/2-分类图层/上海市_行人道路.shp"},"geometry":{"type":"LineString","coordinates":[[121.42903518,31.25220548],[121.42900656,31.2525459]]}},{"id":"3985","type":"Feature","properties":{"gml_id":"layer_pedestrian_road_pl.122642","Name":null,"pyname":null,"kind":"0b01","width":"30","length":"0.220","speedclass":"8","__source_file__":"04-交通数据/1-交通路网/2-分类图层/上海市_行人道路.shp"},"geometry":{"type":"LineString","coordinates":[[121.42929492,31.25189574],[121.43031444,31.2529203],[121.43080908,31.25341251]]}},{"id":"4162","type":"Feature","properties":{"gml_id":"layer_pedestrian_road_pl.122820","Name":null,"pyname":null,"kind":"0b14","width":"30","length":"0.115","speedclass":"8","__source_file__":"04-交通数据/1-交通路网/2-分类图层/上海市_行人道路.shp"},"geometry":{"type":"LineString","coordinates":[[121.4356014,31.25331626],[121.43552058,31.25320587],[121.43533878,31.252995],[121.43530836,31.25293484],[121.435308,31.25288475],[121.43535732,31.25268459],[121.43535696,31.25259441],[121.43536632,31.25242418],[121.43537604,31.25235411]]}},{"id":"3994","type":"Feature","properties":{"gml_id":"layer_pedestrian_road_pl.122652","Name":"远景路","pyname":"yjl","kind":"0b01","width":"30","length":"0.109","speedclass":"8","__source_file__":"04-交通数据/1-交通路网/2-分类图层/上海市_行人道路.shp"},"geometry":{"type":"LineString","coordinates":[[121.4296695,31.25250779],[121.4304165,31.25326113]]}},{"id":"3725","type":"Feature","properties":{"gml_id":"layer_pedestrian_road_pl.122382","Name":null,"pyname":null,"kind":"0b01","width":"30","length":"0.264","speedclass":"8","__source_file__":"04-交通数据/1-交通路网/2-分类图层/上海市_行人道路.shp"},"geometry":{"type":"LineString","coordinates":[[121.43403864,31.25212988],[121.43443464,31.25304243],[121.43480274,31.25442569]]}},{"id":"4244","type":"Feature","properties":{"gml_id":"layer_pedestrian_road_pl.122902","Name":null,"pyname":null,"kind":"0b14","width":"30","length":"0.017","speedclass":"8","__source_file__":"04-交通数据/1-交通路网/2-分类图层/上海市_行人道路.shp"},"geometry":{"type":"LineString","coordinates":[[121.4356014,31.25331626],[121.43543094,31.25337588]]}},{"id":"4169","type":"Feature","properties":{"gml_id":"layer_pedestrian_road_pl.122827","Name":null,"pyname":null,"kind":"0b14","width":"30","length":"0.027","speedclass":"8","__source_file__":"04-交通数据/1-交通路网/2-分类图层/上海市_行人道路.shp"},"geometry":{"type":"LineString","coordinates":[[121.43512008,31.25350517],[121.43501838,31.2532745]]}},{"id":"4175","type":"Feature","properties":{"gml_id":"layer_pedestrian_road_pl.122833","Name":null,"pyname":null,"kind":"0b08|0b14","width":"30","length":"0.033","speedclass":"8","__source_file__":"04-交通数据/1-交通路网/2-分类图层/上海市_行人道路.shp"},"geometry":{"type":"LineString","coordinates":[[121.43543094,31.25337588],[121.43512008,31.25350517]]}},{"id":"4170","type":"Feature","properties":{"gml_id":"layer_pedestrian_road_pl.122828","Name":null,"pyname":null,"kind":"0b14","width":"30","length":"0.032","speedclass":"8","__source_file__":"04-交通数据/1-交通路网/2-分类图层/上海市_行人道路.shp"},"geometry":{"type":"LineString","coordinates":[[121.43512008,31.25350517],[121.43524176,31.25377593]]}},{"id":"3703","type":"Feature","properties":{"gml_id":"layer_pedestrian_road_pl.122360","Name":null,"pyname":null,"kind":"0b01","width":"30","length":"0.008","speedclass":"8","__source_file__":"04-交通数据/1-交通路网/2-分类图层/上海市_行人道路.shp"},"geometry":{"type":"LineString","coordinates":[[121.43480274,31.25442569],[121.43472228,31.25443545]]}},{"id":"3700","type":"Feature","properties":{"gml_id":"layer_pedestrian_road_pl.122357","Name":null,"pyname":null,"kind":"0b14","width":"30","length":"0.032","speedclass":"8","__source_file__":"04-交通数据/1-交通路网/2-分类图层/上海市_行人道路.shp"},"geometry":{"type":"LineString","coordinates":[[121.43621322,31.25307767],[121.4364132,31.2528479]]}},{"id":"3814","type":"Feature","properties":{"gml_id":"layer_pedestrian_road_pl.122471","Name":null,"pyname":null,"kind":"0b14","width":"30","length":"0.014","speedclass":"8","__source_file__":"04-交通数据/1-交通路网/2-分类图层/上海市_行人道路.shp"},"geometry":{"type":"LineString","coordinates":[[121.43687616,31.25302952],[121.4367255,31.2530391]]}},{"id":"3815","type":"Feature","properties":{"gml_id":"layer_pedestrian_road_pl.122472","Name":null,"pyname":null,"kind":"0b14","width":"30","length":"0.049","speedclass":"8","__source_file__":"04-交通数据/1-交通路网/2-分类图层/上海市_行人道路.shp"},"geometry":{"type":"LineString","coordinates":[[121.4367255,31.2530391],[121.43621322,31.25307767]]}},{"id":"4165","type":"Feature","properties":{"gml_id":"layer_pedestrian_road_pl.122823","Name":null,"pyname":null,"kind":"0b14","width":"30","length":"0.064","speedclass":"8","__source_file__":"04-交通数据/1-交通路网/2-分类图层/上海市_行人道路.shp"},"geometry":{"type":"LineString","coordinates":[[121.43621322,31.25307767],[121.4356014,31.25331626]]}},{"id":"3698","type":"Feature","properties":{"gml_id":"layer_pedestrian_road_pl.122355","Name":null,"pyname":null,"kind":"0b14","width":"30","length":"0.057","speedclass":"8","__source_file__":"04-交通数据/1-交通路网/2-分类图层/上海市_行人道路.shp"},"geometry":{"type":"LineString","coordinates":[[121.43687616,31.25302952],[121.4368866,31.25309967],[121.43692692,31.25313986],[121.43700756,31.25321019],[121.4370279,31.25326032],[121.43702826,31.2533204],[121.4370387,31.2534306],[121.43703906,31.25350071]]}},{"id":"4167","type":"Feature","properties":{"gml_id":"layer_pedestrian_road_pl.122825","Name":null,"pyname":null,"kind":"0b14","width":"30","length":"0.092","speedclass":"8","__source_file__":"04-交通数据/1-交通路网/2-分类图层/上海市_行人道路.shp"},"geometry":{"type":"LineString","coordinates":[[121.43621322,31.25307767],[121.43684916,31.2537105]]}},{"id":"3705","type":"Feature","properties":{"gml_id":"layer_pedestrian_road_pl.122362","Name":null,"pyname":null,"kind":"0b01","width":"30","length":"0.574","speedclass":"8","__source_file__":"04-交通数据/1-交通路网/2-分类图层/上海市_行人道路.shp"},"geometry":{"type":"LineString","coordinates":[[121.43701602,31.25503305],[121.43705616,31.25501312],[121.43765556,31.25429375],[121.43783502,31.2539738],[121.43798388,31.2535836],[121.43809008,31.25261241],[121.43811996,31.25255238],[121.4381799,31.25250248],[121.43826018,31.25248268],[121.43830032,31.25246279],[121.43833038,31.25243282],[121.43836026,31.25239286],[121.43838024,31.25234282],[121.43839986,31.25226276],[121.43839968,31.25222271],[121.43842956,31.25214266],[121.43845944,31.25209266],[121.43847924,31.25205266],[121.43855952,31.25202282],[121.43863998,31.25201306],[121.43873034,31.25201333],[121.4388108,31.25203358],[121.43885094,31.25203371],[121.43891124,31.25203389],[121.4390016,31.25201409],[121.43907198,31.25202435],[121.4391123,31.25204447],[121.43915262,31.25208465],[121.43915298,31.25214477],[121.43909466,31.25256525],[121.43907486,31.25263527],[121.4390448,31.25267528],[121.4389548,31.25275515],[121.43889468,31.25279502],[121.4388648,31.25284502],[121.43886498,31.2528951],[121.4389053,31.25293529],[121.4389557,31.25294541],[121.43921688,31.25292615]]}},{"id":"4176","type":"Feature","properties":{"gml_id":"layer_pedestrian_road_pl.122834","Name":null,"pyname":null,"kind":"0b08|0b14","width":"30","length":"0.030","speedclass":"8","__source_file__":"04-交通数据/1-交通路网/2-分类图层/上海市_行人道路.shp"},"geometry":{"type":"LineString","coordinates":[[121.43703906,31.25350071],[121.43700918,31.25355071],[121.43684916,31.2537105]]}},{"id":"4168","type":"Feature","properties":{"gml_id":"layer_pedestrian_road_pl.122826","Name":null,"pyname":null,"kind":"0b14","width":"30","length":"0.091","speedclass":"8","__source_file__":"04-交通数据/1-交通路网/2-分类图层/上海市_行人道路.shp"},"geometry":{"type":"LineString","coordinates":[[121.4358156,31.25401799],[121.43573514,31.25400773],[121.43567466,31.25395746],[121.43564424,31.2538973],[121.43563398,31.25383718],[121.4356338,31.25378709],[121.43569356,31.25370713],[121.43572344,31.25363711],[121.43571318,31.25357699],[121.43569284,31.25351687],[121.4356014,31.25331626]]}},{"id":"3695","type":"Feature","properties":{"gml_id":"layer_pedestrian_road_pl.122352","Name":null,"pyname":null,"kind":"0b14","width":"30","length":"0.051","speedclass":"8","__source_file__":"04-交通数据/1-交通路网/2-分类图层/上海市_行人道路.shp"},"geometry":{"type":"LineString","coordinates":[[121.43684916,31.2537105],[121.43666916,31.2539103],[121.4365491,31.25401011],[121.4364789,31.25403995]]}},{"id":"3696","type":"Feature","properties":{"gml_id":"layer_pedestrian_road_pl.122353","Name":null,"pyname":null,"kind":"0b14","width":"30","length":"0.063","speedclass":"8","__source_file__":"04-交通数据/1-交通路网/2-分类图层/上海市_行人道路.shp"},"geometry":{"type":"LineString","coordinates":[[121.4364789,31.25403995],[121.43635848,31.25405961],[121.4361675,31.25405907],[121.4358156,31.25401799]]}},{"id":"3697","type":"Feature","properties":{"gml_id":"layer_pedestrian_road_pl.122354","Name":null,"pyname":null,"kind":"0b14","width":"30","length":"0.058","speedclass":"8","__source_file__":"04-交通数据/1-交通路网/2-分类图层/上海市_行人道路.shp"},"geometry":{"type":"LineString","coordinates":[[121.4364789,31.25403995],[121.4364897,31.25420024],[121.43649042,31.25436048],[121.43649096,31.25448068],[121.43646126,31.25456069]]}},{"id":"3826","type":"Feature","properties":{"gml_id":"layer_pedestrian_road_pl.122483","Name":null,"pyname":null,"kind":"0b14","width":"30","length":"0.109","speedclass":"8","__source_file__":"04-交通数据/1-交通路网/2-分类图层/上海市_行人道路.shp"},"geometry":{"type":"LineString","coordinates":[[121.43646126,31.25456069],[121.43636082,31.25460047],[121.43627064,31.25462022],[121.43610954,31.25457972],[121.43593836,31.25447906],[121.43584728,31.2543486],[121.4358066,31.25423831],[121.4358156,31.25401799]]}},{"id":"3758","type":"Feature","properties":{"gml_id":"layer_pedestrian_road_pl.122415","Name":null,"pyname":null,"kind":"0b01","width":"30","length":"0.008","speedclass":"8","__source_file__":"04-交通数据/1-交通路网/2-分类图层/上海市_行人道路.shp"},"geometry":{"type":"LineString","coordinates":[[121.43701602,31.25503305],[121.43702628,31.25510321]]}},{"id":"3721","type":"Feature","properties":{"gml_id":"layer_pedestrian_road_pl.122378","Name":null,"pyname":null,"kind":"0b01","width":"30","length":"0.169","speedclass":"8","__source_file__":"04-交通数据/1-交通路网/2-分类图层/上海市_行人道路.shp"},"geometry":{"type":"LineString","coordinates":[[121.43501532,31.25479689],[121.43523744,31.25501784],[121.4354592,31.25517876],[121.43567052,31.25523947],[121.43587158,31.25527011],[121.43612268,31.25523078],[121.43622312,31.25523105],[121.43627334,31.25523119],[121.43633382,31.25526143],[121.43640438,31.25533176],[121.43646486,31.25536196],[121.43653524,31.25538221]]}},{"id":"3759","type":"Feature","properties":{"gml_id":"layer_pedestrian_road_pl.122416","Name":null,"pyname":null,"kind":"0b01","width":"30","length":"0.021","speedclass":"8","__source_file__":"04-交通数据/1-交通路网/2-分类图层/上海市_行人道路.shp"},"geometry":{"type":"LineString","coordinates":[[121.43702628,31.25510321],[121.4370675,31.2552936]]}},{"id":"3722","type":"Feature","properties":{"gml_id":"layer_pedestrian_road_pl.122379","Name":null,"pyname":null,"kind":"0b01","width":"30","length":"0.067","speedclass":"8","__source_file__":"04-交通数据/1-交通路网/2-分类图层/上海市_行人道路.shp"},"geometry":{"type":"LineString","coordinates":[[121.43653524,31.25538221],[121.43659554,31.25538239],[121.43666592,31.25537258],[121.43670588,31.25533262],[121.43673576,31.25527263],[121.43676546,31.25518254],[121.43679534,31.25512256],[121.43685546,31.25508264],[121.43691558,31.25505281],[121.43701602,31.25503305]]}},{"id":"3707","type":"Feature","properties":{"gml_id":"layer_pedestrian_road_pl.122364","Name":null,"pyname":null,"kind":"0b01","width":"30","length":"0.039","speedclass":"8","__source_file__":"04-交通数据/1-交通路网/2-分类图层/上海市_行人道路.shp"},"geometry":{"type":"LineString","coordinates":[[121.4370675,31.2552936],[121.43710764,31.2552837],[121.43720808,31.25527398],[121.43728836,31.25528424],[121.43733876,31.25531444],[121.43743956,31.25537483]]}},{"id":"3706","type":"Feature","properties":{"gml_id":"layer_pedestrian_road_pl.122363","Name":null,"pyname":null,"kind":"0b01","width":"30","length":"0.038","speedclass":"8","__source_file__":"04-交通数据/1-交通路网/2-分类图层/上海市_行人道路.shp"},"geometry":{"type":"LineString","coordinates":[[121.4368074,31.25554326],[121.43690712,31.25540331],[121.4369973,31.25532344],[121.4370675,31.2552936]]}},{"id":"3723","type":"Feature","properties":{"gml_id":"layer_pedestrian_road_pl.122380","Name":null,"pyname":null,"kind":"0b01","width":"30","length":"0.011","speedclass":"8","__source_file__":"04-交通数据/1-交通路网/2-分类图层/上海市_行人道路.shp"},"geometry":{"type":"LineString","coordinates":[[121.43653524,31.25538221],[121.43650554,31.25548229]]}},{"id":"3704","type":"Feature","properties":{"gml_id":"layer_pedestrian_road_pl.122361","Name":null,"pyname":null,"kind":"0b01","width":"30","length":"0.050","speedclass":"8","__source_file__":"04-交通数据/1-交通路网/2-分类图层/上海市_行人道路.shp"},"geometry":{"type":"LineString","coordinates":[[121.43480274,31.25442569],[121.43482308,31.25449584],[121.43484342,31.25452595],[121.43487366,31.25454606],[121.43492388,31.25455623],[121.43494404,31.25458634],[121.4349543,31.2546164],[121.43495448,31.25464646],[121.43494458,31.2546965],[121.43501532,31.25479689]]}},{"id":"3760","type":"Feature","properties":{"gml_id":"layer_pedestrian_road_pl.122417","Name":null,"pyname":null,"kind":"0b01","width":"30","length":"0.007","speedclass":"8","__source_file__":"04-交通数据/1-交通路网/2-分类图层/上海市_行人道路.shp"},"geometry":{"type":"LineString","coordinates":[[121.43501532,31.25479689],[121.4350056,31.25485692]]}},{"id":"3761","type":"Feature","properties":{"gml_id":"layer_pedestrian_road_pl.122418","Name":null,"pyname":null,"kind":"0b01","width":"30","length":"0.008","speedclass":"8","__source_file__":"04-交通数据/1-交通路网/2-分类图层/上海市_行人道路.shp"},"geometry":{"type":"LineString","coordinates":[[121.4350056,31.25485692],[121.43500596,31.25492703]]}},{"id":"6949","type":"Feature","properties":{"gml_id":"layer_pedestrian_road_pl.125909","Name":null,"pyname":null,"kind":"0b01","width":"30","length":"0.058","speedclass":"8","__source_file__":"04-交通数据/1-交通路网/2-分类图层/上海市_行人道路.shp"},"geometry":{"type":"LineString","coordinates":[[121.43537388,31.25695973],[121.4356563,31.2565014]]}},{"id":"4245","type":"Feature","properties":{"gml_id":"layer_pedestrian_road_pl.122903","Name":null,"pyname":null,"kind":"0b01","width":"30","length":"0.007","speedclass":"8","__source_file__":"04-交通数据/1-交通路网/2-分类图层/上海市_行人道路.shp"},"geometry":{"type":"LineString","coordinates":[[121.43417112,31.26948408],[121.43423124,31.26952418]]}},{"id":"4226","type":"Feature","properties":{"gml_id":"layer_pedestrian_road_pl.122884","Name":null,"pyname":null,"kind":"0b01","width":"30","length":"0.056","speedclass":"8","__source_file__":"04-交通数据/1-交通路网/2-分类图层/上海市_行人道路.shp"},"geometry":{"type":"LineString","coordinates":[[121.43523564,31.26973671],[121.43535642,31.2696972],[121.43549718,31.26966773],[121.43561796,31.26964811],[121.43575872,31.26964856],[121.43580894,31.26964874]]}},{"id":"1442","type":"Feature","properties":{"gml_id":"layer_pedestrian_road_pl.120099","Name":null,"pyname":null,"kind":"0b14","width":"30","length":"0.041","speedclass":"8","__source_file__":"04-交通数据/1-交通路网/2-分类图层/上海市_行人道路.shp"},"geometry":{"type":"LineString","coordinates":[[121.46311386,31.24931994],[121.46289426,31.2496398]]}},{"id":"1444","type":"Feature","properties":{"gml_id":"layer_pedestrian_road_pl.120101","Name":null,"pyname":null,"kind":"0b14","width":"30","length":"0.049","speedclass":"8","__source_file__":"04-交通数据/1-交通路网/2-分类图层/上海市_行人道路.shp"},"geometry":{"type":"LineString","coordinates":[[121.46306562,31.24976049],[121.46311386,31.24931994]]}},{"id":"1441","type":"Feature","properties":{"gml_id":"layer_pedestrian_road_pl.120098","Name":null,"pyname":null,"kind":"0b14","width":"30","length":"0.032","speedclass":"8","__source_file__":"04-交通数据/1-交通路网/2-分类图层/上海市_行人道路.shp"},"geometry":{"type":"LineString","coordinates":[[121.46289426,31.2496398],[121.46284386,31.24959957],[121.46264208,31.24944878]]}},{"id":"1643","type":"Feature","properties":{"gml_id":"layer_pedestrian_road_pl.120300","Name":null,"pyname":null,"kind":"0b14","width":"30","length":"0.028","speedclass":"8","__source_file__":"04-交通数据/1-交通路网/2-分类图层/上海市_行人道路.shp"},"geometry":{"type":"LineString","coordinates":[[121.46339592,31.24950102],[121.46357718,31.24956164],[121.4636778,31.24959201]]}},{"id":"1448","type":"Feature","properties":{"gml_id":"layer_pedestrian_road_pl.120105","Name":null,"pyname":null,"kind":"0b14","width":"30","length":"0.043","speedclass":"8","__source_file__":"04-交通数据/1-交通路网/2-分类图层/上海市_行人道路.shp"},"geometry":{"type":"LineString","coordinates":[[121.46339592,31.24950102],[121.46338602,31.24952105],[121.46337612,31.24955106],[121.46336622,31.24959107],[121.46337756,31.24988159]]}},{"id":"1443","type":"Feature","properties":{"gml_id":"layer_pedestrian_road_pl.120100","Name":null,"pyname":null,"kind":"0b14","width":"30","length":"0.021","speedclass":"8","__source_file__":"04-交通数据/1-交通路网/2-分类图层/上海市_行人道路.shp"},"geometry":{"type":"LineString","coordinates":[[121.46306562,31.24976049],[121.46289426,31.2496398]]}},{"id":"1445","type":"Feature","properties":{"gml_id":"layer_pedestrian_road_pl.120102","Name":null,"pyname":null,"kind":"0b14","width":"30","length":"0.015","speedclass":"8","__source_file__":"04-交通数据/1-交通路网/2-分类图层/上海市_行人道路.shp"},"geometry":{"type":"LineString","coordinates":[[121.46320656,31.24983101],[121.46306562,31.24976049]]}},{"id":"1447","type":"Feature","properties":{"gml_id":"layer_pedestrian_road_pl.120104","Name":null,"pyname":null,"kind":"0b14","width":"30","length":"0.017","speedclass":"8","__source_file__":"04-交通数据/1-交通路网/2-分类图层/上海市_行人道路.shp"},"geometry":{"type":"LineString","coordinates":[[121.46337756,31.24988159],[121.46320656,31.24983101]]}},{"id":"1642","type":"Feature","properties":{"gml_id":"layer_pedestrian_road_pl.120299","Name":null,"pyname":null,"kind":"0b14","width":"30","length":"0.020","speedclass":"8","__source_file__":"04-交通数据/1-交通路网/2-分类图层/上海市_行人道路.shp"},"geometry":{"type":"LineString","coordinates":[[121.4635689,31.24996227],[121.46348826,31.24991196],[121.46343804,31.24990179],[121.46337756,31.24988159]]}},{"id":"1681","type":"Feature","properties":{"gml_id":"layer_pedestrian_road_pl.120338","Name":null,"pyname":null,"kind":"0b14","width":"30","length":"0.023","speedclass":"8","__source_file__":"04-交通数据/1-交通路网/2-分类图层/上海市_行人道路.shp"},"geometry":{"type":"LineString","coordinates":[[121.46319756,31.25004129],[121.46320656,31.24983101]]}},{"id":"1170","type":"Feature","properties":{"gml_id":"layer_pedestrian_road_pl.119827","Name":null,"pyname":null,"kind":"0b01","width":"30","length":"0.050","speedclass":"8","__source_file__":"04-交通数据/1-交通路网/2-分类图层/上海市_行人道路.shp"},"geometry":{"type":"LineString","coordinates":[[121.45111794,31.24955547],[121.45157946,31.24942659],[121.4516196,31.24941669]]}},{"id":"1169","type":"Feature","properties":{"gml_id":"layer_pedestrian_road_pl.119826","Name":null,"pyname":null,"kind":"0b01","width":"30","length":"0.040","speedclass":"8","__source_file__":"04-交通数据/1-交通路网/2-分类图层/上海市_行人道路.shp"},"geometry":{"type":"LineString","coordinates":[[121.45071654,31.24965447],[121.45111794,31.24955547]]}},{"id":"38","type":"Feature","properties":{"gml_id":"layer_pedestrian_road_pl.118695","Name":null,"pyname":null,"kind":"0b01","width":"30","length":"0.039","speedclass":"8","__source_file__":"04-交通数据/1-交通路网/2-分类图层/上海市_行人道路.shp"},"geometry":{"type":"LineString","coordinates":[[121.45007412,31.24981283],[121.44992184,31.2494819]]}},{"id":"39","type":"Feature","properties":{"gml_id":"layer_pedestrian_road_pl.118696","Name":null,"pyname":null,"kind":"0b01","width":"30","length":"0.063","speedclass":"8","__source_file__":"04-交通数据/1-交通路网/2-分类图层/上海市_行人道路.shp"},"geometry":{"type":"LineString","coordinates":[[121.45007412,31.24981283],[121.45045554,31.24971378],[121.45071654,31.24965447]]}},{"id":"1171","type":"Feature","properties":{"gml_id":"layer_pedestrian_road_pl.119828","Name":null,"pyname":null,"kind":"0b01","width":"30","length":"0.185","speedclass":"8","__source_file__":"04-交通数据/1-交通路网/2-分类图层/上海市_行人道路.shp"},"geometry":{"type":"LineString","coordinates":[[121.45102038,31.25018615],[121.45134132,31.2500669],[121.45181274,31.24986795],[121.45248486,31.24963958],[121.45261518,31.24957986],[121.4526753,31.24953995],[121.45271526,31.24949],[121.452705,31.24943991]]}},{"id":"37","type":"Feature","properties":{"gml_id":"layer_pedestrian_road_pl.118694","Name":null,"pyname":null,"kind":"0b01","width":"30","length":"0.035","speedclass":"8","__source_file__":"04-交通数据/1-交通路网/2-分类图层/上海市_行人道路.shp"},"geometry":{"type":"LineString","coordinates":[[121.4497332,31.24994207],[121.4499537,31.24985256],[121.45007412,31.24981283]]}},{"id":"42","type":"Feature","properties":{"gml_id":"layer_pedestrian_road_pl.118699","Name":null,"pyname":null,"kind":"0b01","width":"30","length":"0.066","speedclass":"8","__source_file__":"04-交通数据/1-交通路网/2-分类图层/上海市_行人道路.shp"},"geometry":{"type":"LineString","coordinates":[[121.45071654,31.24965447],[121.45100994,31.25012603],[121.4510202,31.25015613],[121.45102038,31.25018615]]}},{"id":"36","type":"Feature","properties":{"gml_id":"layer_pedestrian_road_pl.118693","Name":null,"pyname":null,"kind":"0b01","width":"30","length":"0.060","speedclass":"8","__source_file__":"04-交通数据/1-交通路网/2-分类图层/上海市_行人道路.shp"},"geometry":{"type":"LineString","coordinates":[[121.44909996,31.24992015],[121.4497332,31.24994207]]}},{"id":"41","type":"Feature","properties":{"gml_id":"layer_pedestrian_road_pl.118698","Name":null,"pyname":null,"kind":"0b01","width":"30","length":"0.193","speedclass":"8","__source_file__":"04-交通数据/1-交通路网/2-分类图层/上海市_行人道路.shp"},"geometry":{"type":"LineString","coordinates":[[121.4497332,31.24994207],[121.4497233,31.24999211],[121.44972348,31.25004219],[121.44993714,31.25059367],[121.44998754,31.25063385],[121.45006782,31.25063408],[121.45102038,31.25018615]]}},{"id":"2819","type":"Feature","properties":{"gml_id":"layer_pedestrian_road_pl.121476","Name":null,"pyname":null,"kind":"0b01","width":"30","length":"0.073","speedclass":"8","__source_file__":"04-交通数据/1-交通路网/2-分类图层/上海市_行人道路.shp"},"geometry":{"type":"LineString","coordinates":[[121.45338936,31.25187567],[121.45345956,31.25184584],[121.45408128,31.25158722]]}},{"id":"1644","type":"Feature","properties":{"gml_id":"layer_pedestrian_road_pl.120301","Name":null,"pyname":null,"kind":"0b14","width":"30","length":"0.020","speedclass":"8","__source_file__":"04-交通数据/1-交通路网/2-分类图层/上海市_行人道路.shp"},"geometry":{"type":"LineString","coordinates":[[121.4635689,31.24996227],[121.46359842,31.24984217],[121.46360832,31.24978209]]}},{"id":"1647","type":"Feature","properties":{"gml_id":"layer_pedestrian_road_pl.120304","Name":null,"pyname":null,"kind":"0b14","width":"30","length":"0.011","speedclass":"8","__source_file__":"04-交通数据/1-交通路网/2-分类图层/上海市_行人道路.shp"},"geometry":{"type":"LineString","coordinates":[[121.46394042,31.24990323],[121.46388012,31.24989306],[121.4638299,31.24989288]]}},{"id":"1650","type":"Feature","properties":{"gml_id":"layer_pedestrian_road_pl.120307","Name":null,"pyname":null,"kind":"0b14","width":"30","length":"0.032","speedclass":"8","__source_file__":"04-交通数据/1-交通路网/2-分类图层/上海市_行人道路.shp"},"geometry":{"type":"LineString","coordinates":[[121.4638299,31.24989288],[121.4637696,31.24992276],[121.46373972,31.24996277],[121.46372982,31.25001281],[121.46374008,31.2500529],[121.4637705,31.25009304],[121.46381082,31.25012319]]}},{"id":"1651","type":"Feature","properties":{"gml_id":"layer_pedestrian_road_pl.120308","Name":null,"pyname":null,"kind":"0b14","width":"30","length":"0.042","speedclass":"8","__source_file__":"04-交通数据/1-交通路网/2-分类图层/上海市_行人道路.shp"},"geometry":{"type":"LineString","coordinates":[[121.46381082,31.25012319],[121.46387112,31.25013341],[121.46393142,31.25012355],[121.46397138,31.25010366],[121.46400144,31.25006366],[121.46402124,31.25001366],[121.46401098,31.24997357],[121.46398074,31.24993343],[121.46394042,31.24990323]]}},{"id":"1652","type":"Feature","properties":{"gml_id":"layer_pedestrian_road_pl.120309","Name":null,"pyname":null,"kind":"0b14","width":"30","length":"0.095","speedclass":"8","__source_file__":"04-交通数据/1-交通路网/2-分类图层/上海市_行人道路.shp"},"geometry":{"type":"LineString","coordinates":[[121.46398992,31.24973313],[121.46408064,31.2498135],[121.46411106,31.24987371],[121.46414166,31.2499539],[121.46415192,31.25000403],[121.4641521,31.25004408],[121.46415246,31.25012418],[121.46413248,31.25017422],[121.46412258,31.25020424],[121.46408262,31.25025419],[121.46403258,31.25030414],[121.46397246,31.25031399],[121.46390208,31.25031377],[121.46381154,31.25029347],[121.46378148,31.25029338]]}},{"id":"1628","type":"Feature","properties":{"gml_id":"layer_pedestrian_road_pl.120285","Name":null,"pyname":null,"kind":"0b01","width":"30","length":"0.006","speedclass":"8","__source_file__":"04-交通数据/1-交通路网/2-分类图层/上海市_行人道路.shp"},"geometry":{"type":"LineString","coordinates":[[121.46562936,31.25011847],[121.46563926,31.25006843]]}},{"id":"1629","type":"Feature","properties":{"gml_id":"layer_pedestrian_road_pl.120286","Name":null,"pyname":null,"kind":"0b01","width":"30","length":"0.006","speedclass":"8","__source_file__":"04-交通数据/1-交通路网/2-分类图层/上海市_行人道路.shp"},"geometry":{"type":"LineString","coordinates":[[121.46587056,31.25013921],[121.46589054,31.25008917]]}},{"id":"1653","type":"Feature","properties":{"gml_id":"layer_pedestrian_road_pl.120310","Name":null,"pyname":null,"kind":"0b14","width":"30","length":"0.045","speedclass":"8","__source_file__":"04-交通数据/1-交通路网/2-分类图层/上海市_行人道路.shp"},"geometry":{"type":"LineString","coordinates":[[121.46378148,31.25029338],[121.46374116,31.25028326],[121.46369076,31.25025306],[121.46364036,31.25020284],[121.46359986,31.25015262],[121.4635797,31.25011253],[121.46356944,31.25008242],[121.46356926,31.25005241],[121.46356926,31.25003238],[121.46356908,31.25000232],[121.4635689,31.24996227]]}},{"id":"1654","type":"Feature","properties":{"gml_id":"layer_pedestrian_road_pl.120311","Name":null,"pyname":null,"kind":"0b14","width":"30","length":"0.019","speedclass":"8","__source_file__":"04-交通数据/1-交通路网/2-分类图层/上海市_行人道路.shp"},"geometry":{"type":"LineString","coordinates":[[121.46381082,31.25012319],[121.46378148,31.25029338]]}},{"id":"3860","type":"Feature","properties":{"gml_id":"layer_pedestrian_road_pl.122517","Name":null,"pyname":null,"kind":"0b01","width":"30","length":"0.017","speedclass":"8","__source_file__":"04-交通数据/1-交通路网/2-分类图层/上海市_行人道路.shp"},"geometry":{"type":"LineString","coordinates":[[121.46607864,31.25605905],[121.46616846,31.25592909]]}},{"id":"1233","type":"Feature","properties":{"gml_id":"layer_pedestrian_road_pl.119890","Name":null,"pyname":null,"kind":"0b01","width":"30","length":"0.005","speedclass":"8","__source_file__":"04-交通数据/1-交通路网/2-分类图层/上海市_行人道路.shp"},"geometry":{"type":"LineString","coordinates":[[121.45831398,31.24995701],[121.4583642,31.24994711]]}},{"id":"28","type":"Feature","properties":{"gml_id":"layer_pedestrian_road_pl.118685","Name":null,"pyname":null,"kind":"0b01","width":"30","length":"0.020","speedclass":"8","__source_file__":"04-交通数据/1-交通路网/2-分类图层/上海市_行人道路.shp"},"geometry":{"type":"LineString","coordinates":[[121.45840506,31.25010749],[121.45835466,31.25008733],[121.45831398,31.24995701]]}},{"id":"3920","type":"Feature","properties":{"gml_id":"layer_pedestrian_road_pl.122577","Name":null,"pyname":null,"kind":"0b01","width":"30","length":"0.022","speedclass":"8","__source_file__":"04-交通数据/1-交通路网/2-分类图层/上海市_行人道路.shp"},"geometry":{"type":"LineString","coordinates":[[121.45892166,31.25760057],[121.4589114,31.25754054],[121.45892076,31.25740037]]}},{"id":"3918","type":"Feature","properties":{"gml_id":"layer_pedestrian_road_pl.122575","Name":null,"pyname":null,"kind":"0b01","width":"30","length":"0.033","speedclass":"8","__source_file__":"04-交通数据/1-交通路网/2-分类图层/上海市_行人道路.shp"},"geometry":{"type":"LineString","coordinates":[[121.4586801,31.25768963],[121.45867002,31.25765966],[121.4586702,31.25762973],[121.45869036,31.2575999],[121.4587809,31.25759018],[121.45892166,31.25760057]]}},{"id":"3919","type":"Feature","properties":{"gml_id":"layer_pedestrian_road_pl.122576","Name":null,"pyname":null,"kind":"0b01","width":"30","length":"0.009","speedclass":"8","__source_file__":"04-交通数据/1-交通路网/2-分类图层/上海市_行人道路.shp"},"geometry":{"type":"LineString","coordinates":[[121.45892166,31.25760057],[121.45893156,31.25763054],[121.45895136,31.25768049]]}},{"id":"3913","type":"Feature","properties":{"gml_id":"layer_pedestrian_road_pl.122570","Name":null,"pyname":null,"kind":"0b01","width":"30","length":"0.026","speedclass":"8","__source_file__":"04-交通数据/1-交通路网/2-分类图层/上海市_行人道路.shp"},"geometry":{"type":"LineString","coordinates":[[121.4586801,31.25768963],[121.45895136,31.25768049]]}},{"id":"3914","type":"Feature","properties":{"gml_id":"layer_pedestrian_road_pl.122571","Name":null,"pyname":null,"kind":"0b01","width":"30","length":"0.014","speedclass":"8","__source_file__":"04-交通数据/1-交通路网/2-分类图层/上海市_行人道路.shp"},"geometry":{"type":"LineString","coordinates":[[121.45895136,31.25768049],[121.45900158,31.25769062],[121.4591022,31.25768094]]}},{"id":"3917","type":"Feature","properties":{"gml_id":"layer_pedestrian_road_pl.122574","Name":null,"pyname":null,"kind":"0b01","width":"30","length":"0.011","speedclass":"8","__source_file__":"04-交通数据/1-交通路网/2-分类图层/上海市_行人道路.shp"},"geometry":{"type":"LineString","coordinates":[[121.45866966,31.25777936],[121.45868982,31.25774952],[121.45869,31.2577196],[121.4586801,31.25768963]]}},{"id":"3915","type":"Feature","properties":{"gml_id":"layer_pedestrian_road_pl.122572","Name":null,"pyname":null,"kind":"0b01","width":"30","length":"0.033","speedclass":"8","__source_file__":"04-交通数据/1-交通路网/2-分类图层/上海市_行人道路.shp"},"geometry":{"type":"LineString","coordinates":[[121.45890006,31.25795963],[121.45889034,31.25786981],[121.4589006,31.25782994],[121.45893084,31.2578001],[121.458951,31.25778021],[121.45896126,31.25775033],[121.45895136,31.25768049]]}},{"id":"3911","type":"Feature","properties":{"gml_id":"layer_pedestrian_road_pl.122568","Name":null,"pyname":null,"kind":"0b01","width":"30","length":"0.027","speedclass":"8","__source_file__":"04-交通数据/1-交通路网/2-分类图层/上海市_行人道路.shp"},"geometry":{"type":"LineString","coordinates":[[121.45881978,31.25794941],[121.45881996,31.25789951],[121.45881006,31.25786958],[121.4587899,31.25784956],[121.45873986,31.25779952],[121.45869972,31.25777945],[121.45866966,31.25777936]]}},{"id":"1626","type":"Feature","properties":{"gml_id":"layer_pedestrian_road_pl.120283","Name":null,"pyname":null,"kind":"0b01","width":"30","length":"0.024","speedclass":"8","__source_file__":"04-交通数据/1-交通路网/2-分类图层/上海市_行人道路.shp"},"geometry":{"type":"LineString","coordinates":[[121.4531586,31.25196513],[121.45338936,31.25187567]]}},{"id":"4143","type":"Feature","properties":{"gml_id":"layer_pedestrian_road_pl.122801","Name":null,"pyname":null,"kind":"0b01","width":"30","length":"0.107","speedclass":"8","__source_file__":"04-交通数据/1-交通路网/2-分类图层/上海市_行人道路.shp"},"geometry":{"type":"LineString","coordinates":[[121.45269924,31.25258478],[121.45261806,31.25240424],[121.45256748,31.25232401],[121.45254714,31.25226384],[121.45257702,31.25220381],[121.45262706,31.25217393],[121.45302828,31.25201486],[121.4531586,31.25196513]]}},{"id":"4260","type":"Feature","properties":{"gml_id":"layer_pedestrian_road_pl.122918","Name":"沈家宅路","pyname":"sjzl","kind":"0b01","width":"30","length":"0.165","speedclass":"8","__source_file__":"04-交通数据/1-交通路网/2-分类图层/上海市_行人道路.shp"},"geometry":{"type":"LineString","coordinates":[[121.45269924,31.25258478],[121.45270932,31.25260485],[121.45271958,31.25264495],[121.45271976,31.252685],[121.45271004,31.25273504],[121.45265028,31.25284506],[121.45259016,31.25290496],[121.45231944,31.25301435],[121.4519985,31.2531336],[121.45169754,31.2532529],[121.4515773,31.25330262],[121.45139676,31.25339226]]}},{"id":"4144","type":"Feature","properties":{"gml_id":"layer_pedestrian_road_pl.122802","Name":"孔家木桥路","pyname":"kjmql","kind":"0b01","width":"30","length":"0.035","speedclass":"8","__source_file__":"04-交通数据/1-交通路网/2-分类图层/上海市_行人道路.shp"},"geometry":{"type":"LineString","coordinates":[[121.45111632,31.25360178],[121.45115646,31.25356182],[121.45127652,31.25347205],[121.45139676,31.25339226]]}},{"id":"4061","type":"Feature","properties":{"gml_id":"layer_pedestrian_road_pl.122719","Name":null,"pyname":null,"kind":"0b01","width":"30","length":"0.273","speedclass":"8","__source_file__":"04-交通数据/1-交通路网/2-分类图层/上海市_行人道路.shp"},"geometry":{"type":"LineString","coordinates":[[121.45559706,31.25563794],[121.45566942,31.25610891],[121.4558721,31.25646005],[121.45595346,31.2566706],[121.45597398,31.25678081],[121.45597452,31.25691104],[121.45597524,31.25704122],[121.45595526,31.25707124],[121.45593528,31.25709122],[121.4558352,31.25719107],[121.45577526,31.257261],[121.45573512,31.25728089],[121.4554338,31.2573101],[121.4551728,31.25733939],[121.45494186,31.25737877]]}},{"id":"6947","type":"Feature","properties":{"gml_id":"layer_pedestrian_road_pl.125907","Name":null,"pyname":null,"kind":"0b01","width":"30","length":"0.033","speedclass":"8","__source_file__":"04-交通数据/1-交通路网/2-分类图层/上海市_行人道路.shp"},"geometry":{"type":"LineString","coordinates":[[121.4471097,31.25802317],[121.44702924,31.25803289],[121.44697902,31.25805269],[121.44683772,31.25819187]]}},{"id":"6948","type":"Feature","properties":{"gml_id":"layer_pedestrian_road_pl.125908","Name":null,"pyname":null,"kind":"0b01","width":"30","length":"0.016","speedclass":"8","__source_file__":"04-交通数据/1-交通路网/2-分类图层/上海市_行人道路.shp"},"geometry":{"type":"LineString","coordinates":[[121.44683772,31.25819187],[121.44677724,31.25823161],[121.44674718,31.25823152],[121.44669696,31.25820141]]}},{"id":"4058","type":"Feature","properties":{"gml_id":"layer_pedestrian_road_pl.122716","Name":null,"pyname":null,"kind":"0b14","width":"30","length":"0.024","speedclass":"8","__source_file__":"04-交通数据/1-交通路网/2-分类图层/上海市_行人道路.shp"},"geometry":{"type":"LineString","coordinates":[[121.45463964,31.26302357],[121.45470066,31.26281432]]}},{"id":"4056","type":"Feature","properties":{"gml_id":"layer_pedestrian_road_pl.122714","Name":null,"pyname":null,"kind":"0b14","width":"30","length":"0.023","speedclass":"8","__source_file__":"04-交通数据/1-交通路网/2-分类图层/上海市_行人道路.shp"},"geometry":{"type":"LineString","coordinates":[[121.4545284,31.26321275],[121.4546094,31.26301353]]}},{"id":"4057","type":"Feature","properties":{"gml_id":"layer_pedestrian_road_pl.122715","Name":null,"pyname":null,"kind":"0b14","width":"30","length":"0.018","speedclass":"8","__source_file__":"04-交通数据/1-交通路网/2-分类图层/上海市_行人道路.shp"},"geometry":{"type":"LineString","coordinates":[[121.45434768,31.26315236],[121.4545284,31.26321275]]}},{"id":"1680","type":"Feature","properties":{"gml_id":"layer_pedestrian_road_pl.120337","Name":null,"pyname":null,"kind":"0b01","width":"30","length":"0.008","speedclass":"8","__source_file__":"04-交通数据/1-交通路网/2-分类图层/上海市_行人道路.shp"},"geometry":{"type":"LineString","coordinates":[[121.46319774,31.2501114],[121.46319756,31.25004129]]}},{"id":"3916","type":"Feature","properties":{"gml_id":"layer_pedestrian_road_pl.122573","Name":null,"pyname":null,"kind":"0b01","width":"30","length":"0.026","speedclass":"8","__source_file__":"04-交通数据/1-交通路网/2-分类图层/上海市_行人道路.shp"},"geometry":{"type":"LineString","coordinates":[[121.458699,31.25799891],[121.45870926,31.25793906],[121.45870944,31.2578892],[121.45868946,31.25786918],[121.45866948,31.25783921],[121.4586594,31.25780924],[121.45866966,31.25777936]]}},{"id":"3912","type":"Feature","properties":{"gml_id":"layer_pedestrian_road_pl.122569","Name":null,"pyname":null,"kind":"0b01","width":"30","length":"0.008","speedclass":"8","__source_file__":"04-交通数据/1-交通路网/2-分类图层/上海市_行人道路.shp"},"geometry":{"type":"LineString","coordinates":[[121.45881978,31.25794941],[121.45887,31.25794955],[121.45890006,31.25795963]]}},{"id":"3910","type":"Feature","properties":{"gml_id":"layer_pedestrian_road_pl.122567","Name":null,"pyname":null,"kind":"0b01","width":"30","length":"0.013","speedclass":"8","__source_file__":"04-交通数据/1-交通路网/2-分类图层/上海市_行人道路.shp"},"geometry":{"type":"LineString","coordinates":[[121.458699,31.25799891],[121.4587494,31.25795913],[121.45881978,31.25794941]]}},{"id":"3973","type":"Feature","properties":{"gml_id":"layer_pedestrian_road_pl.122630","Name":null,"pyname":null,"kind":"0b01","width":"30","length":"0.029","speedclass":"8","__source_file__":"04-交通数据/1-交通路网/2-分类图层/上海市_行人道路.shp"},"geometry":{"type":"LineString","coordinates":[[121.45890006,31.25795963],[121.45893012,31.25798964],[121.45896018,31.2580296],[121.45898016,31.25807955],[121.45897962,31.25819925]]}},{"id":"3909","type":"Feature","properties":{"gml_id":"layer_pedestrian_road_pl.122566","Name":null,"pyname":null,"kind":"0b01","width":"30","length":"0.044","speedclass":"8","__source_file__":"04-交通数据/1-交通路网/2-分类图层/上海市_行人道路.shp"},"geometry":{"type":"LineString","coordinates":[[121.45897962,31.25819925],[121.45889952,31.25813913],[121.45882914,31.25811897],[121.45875894,31.25809881],[121.45869864,31.25809863],[121.4586684,31.25808855],[121.4586585,31.25805863],[121.45866876,31.2580287],[121.458699,31.25799891]]}},{"id":"3908","type":"Feature","properties":{"gml_id":"layer_pedestrian_road_pl.122565","Name":null,"pyname":null,"kind":"0b01","width":"30","length":"0.011","speedclass":"8","__source_file__":"04-交通数据/1-交通路网/2-分类图层/上海市_行人道路.shp"},"geometry":{"type":"LineString","coordinates":[[121.45909014,31.25821955],[121.45897962,31.25819925]]}},{"id":"5987","type":"Feature","properties":{"gml_id":"layer_pedestrian_road_pl.124888","Name":null,"pyname":null,"kind":"0b01","width":"30","length":"0.151","speedclass":"8","__source_file__":"04-交通数据/1-交通路网/2-分类图层/上海市_行人道路.shp"},"geometry":{"type":"LineString","coordinates":[[121.4597565,31.26797645],[121.45907484,31.26767535],[121.45901472,31.2676353],[121.45900482,31.26760533],[121.45902516,31.26752564],[121.45934862,31.26707775]]}},{"id":"4254","type":"Feature","properties":{"gml_id":"layer_pedestrian_road_pl.122912","Name":null,"pyname":null,"kind":"0b01","width":"30","length":"0.314","speedclass":"8","__source_file__":"04-交通数据/1-交通路网/2-分类图层/上海市_行人道路.shp"},"geometry":{"type":"LineString","coordinates":[[121.45482432,31.27154108],[121.45492458,31.27158126],[121.45515534,31.27164174],[121.45528548,31.27173188],[121.4554653,31.27191183],[121.45575564,31.27210214],[121.45600602,31.27225244],[121.45601574,31.27233222],[121.45592484,31.27242168],[121.45588434,31.27246142],[121.45589352,31.27262099],[121.45597326,31.27274082],[121.45603338,31.27277093],[121.45619394,31.27281129],[121.45631436,31.27285152],[121.45652514,31.27289202],[121.4569269,31.27292312],[121.45706748,31.27292352],[121.4571276,31.27295363]]}},{"id":"3956","type":"Feature","properties":{"gml_id":"layer_pedestrian_road_pl.122613","Name":null,"pyname":null,"kind":"0b01","width":"30","length":"0.107","speedclass":"8","__source_file__":"04-交通数据/1-交通路网/2-分类图层/上海市_行人道路.shp"},"geometry":{"type":"LineString","coordinates":[[121.45805172,31.27298625],[121.45796154,31.27293612],[121.45788162,31.27287609],[121.45772124,31.27279586],[121.45764096,31.27276571],[121.45751064,31.27272543],[121.45745034,31.27271526],[121.45737996,31.27272503],[121.45731948,31.27276476],[121.4571276,31.27295363]]}},{"id":"4255","type":"Feature","properties":{"gml_id":"layer_pedestrian_road_pl.122913","Name":null,"pyname":null,"kind":"0b01","width":"30","length":"0.078","speedclass":"8","__source_file__":"04-交通数据/1-交通路网/2-分类图层/上海市_行人道路.shp"},"geometry":{"type":"LineString","coordinates":[[121.4571276,31.27295363],[121.45718772,31.27299368],[121.4572176,31.27303364],[121.4572374,31.27310348],[121.45723668,31.27321314],[121.45724658,31.27324307],[121.45726656,31.27326309],[121.4574867,31.27343324],[121.45755672,31.2735132]]}},{"id":"4252","type":"Feature","properties":{"gml_id":"layer_pedestrian_road_pl.122910","Name":null,"pyname":null,"kind":"0b01","width":"30","length":"0.025","speedclass":"8","__source_file__":"04-交通数据/1-交通路网/2-分类图层/上海市_行人道路.shp"},"geometry":{"type":"LineString","coordinates":[[121.45491882,31.27264799],[121.45510062,31.27247906]]}},{"id":"4251","type":"Feature","properties":{"gml_id":"layer_pedestrian_road_pl.122909","Name":null,"pyname":null,"kind":"0b01","width":"30","length":"0.160","speedclass":"8","__source_file__":"04-交通数据/1-交通路网/2-分类图层/上海市_行人道路.shp"},"geometry":{"type":"LineString","coordinates":[[121.45368402,31.27248486],[121.45370346,31.27260456],[121.45373316,31.27266446],[121.45384296,31.27281431],[121.45398318,31.27290444],[121.45413366,31.27295475],[121.4543043,31.27296524],[121.45446504,31.27295574],[121.45458582,31.27291619],[121.45470696,31.27283681],[121.45483818,31.27271756],[121.45491882,31.27264799]]}},{"id":"4253","type":"Feature","properties":{"gml_id":"layer_pedestrian_road_pl.122911","Name":null,"pyname":null,"kind":"0b01","width":"30","length":"0.314","speedclass":"8","__source_file__":"04-交通数据/1-交通路网/2-分类图层/上海市_行人道路.shp"},"geometry":{"type":"LineString","coordinates":[[121.45491882,31.27264799],[121.45517928,31.27278834],[121.45532976,31.27285859],[121.45536972,31.27287866],[121.45549014,31.27292883],[121.45567068,31.27297923],[121.45584114,31.27303953],[121.4559513,31.27308971],[121.45608162,31.27315991],[121.45626198,31.27324019],[121.4563122,31.27326026],[121.4563923,31.27332033],[121.45644216,31.27338027],[121.45647186,31.27345016],[121.4565219,31.27351014],[121.45663188,31.27361013],[121.45679208,31.2737103],[121.45688226,31.27375049],[121.45703256,31.27381074],[121.457133,31.27383095],[121.4571933,31.27383113],[121.45726368,31.27382136],[121.4573139,31.27380161],[121.45739454,31.27376196],[121.45748544,31.27369244],[121.457556,31.27362287],[121.45757634,31.27357305],[121.45757652,31.27354313],[121.45755672,31.2735132]]}},{"id":"3955","type":"Feature","properties":{"gml_id":"layer_pedestrian_road_pl.122612","Name":null,"pyname":null,"kind":"0b01","width":"30","length":"0.198","speedclass":"8","__source_file__":"04-交通数据/1-交通路网/2-分类图层/上海市_行人道路.shp"},"geometry":{"type":"LineString","coordinates":[[121.45755672,31.2735132],[121.45766706,31.27353345],[121.45774734,31.2735636],[121.45779738,31.27360361],[121.45788648,31.27382321],[121.45790646,31.27385318],[121.45793652,31.2738732],[121.45797684,31.27386335],[121.45802724,31.2738336],[121.4581482,31.27374423],[121.45830966,31.27362507],[121.45834998,31.27359528],[121.45843098,31.27348584],[121.4584515,31.27337622],[121.45844178,31.27331637],[121.45844196,31.27329644],[121.45839228,31.27318664],[121.4583624,31.27314668],[121.45827222,31.2730866],[121.4581419,31.27303634],[121.45805172,31.27298625]]}},{"id":"3720","type":"Feature","properties":{"gml_id":"layer_pedestrian_road_pl.122377","Name":null,"pyname":null,"kind":"0b01","width":"30","length":"0.032","speedclass":"8","__source_file__":"04-交通数据/1-交通路网/2-分类图层/上海市_行人道路.shp"},"geometry":{"type":"LineString","coordinates":[[121.43731446,31.25677617],[121.43734488,31.25668649],[121.43737494,31.25661656],[121.43738484,31.25658654],[121.43742462,31.25650653]]}},{"id":"4227","type":"Feature","properties":{"gml_id":"layer_pedestrian_road_pl.122885","Name":null,"pyname":null,"kind":"0b01","width":"30","length":"0.091","speedclass":"8","__source_file__":"04-交通数据/1-交通路网/2-分类图层/上海市_行人道路.shp"},"geometry":{"type":"LineString","coordinates":[[121.43523564,31.26973671],[121.43524518,31.26989633],[121.43530512,31.2699564],[121.43542572,31.2699767],[121.4357274,31.26992774],[121.435848,31.26992814],[121.43589822,31.26996819],[121.43593818,31.2700082]]}},{"id":"4055","type":"Feature","properties":{"gml_id":"layer_pedestrian_road_pl.122713","Name":null,"pyname":null,"kind":"0b14","width":"30","length":"0.022","speedclass":"8","__source_file__":"04-交通数据/1-交通路网/2-分类图层/上海市_行人道路.shp"},"geometry":{"type":"LineString","coordinates":[[121.4544573,31.26340206],[121.4545284,31.26321275]]}},{"id":"4261","type":"Feature","properties":{"gml_id":"layer_pedestrian_road_pl.122919","Name":null,"pyname":null,"kind":"0b01","width":"30","length":"0.094","speedclass":"8","__source_file__":"04-交通数据/1-交通路网/2-分类图层/上海市_行人道路.shp"},"geometry":{"type":"LineString","coordinates":[[121.44358332,31.26570273],[121.44406842,31.26496608]]}},{"id":"4256","type":"Feature","properties":{"gml_id":"layer_pedestrian_road_pl.122914","Name":null,"pyname":null,"kind":"0b01","width":"30","length":"0.012","speedclass":"8","__source_file__":"04-交通数据/1-交通路网/2-分类图层/上海市_行人道路.shp"},"geometry":{"type":"LineString","coordinates":[[121.45343418,31.27035056],[121.4535141,31.27043057]]}},{"id":"4257","type":"Feature","properties":{"gml_id":"layer_pedestrian_road_pl.122915","Name":null,"pyname":null,"kind":"0b01","width":"30","length":"0.088","speedclass":"8","__source_file__":"04-交通数据/1-交通路网/2-分类图层/上海市_行人道路.shp"},"geometry":{"type":"LineString","coordinates":[[121.4535141,31.27043057],[121.45354416,31.27046058],[121.45363398,31.27056053],[121.45371354,31.27070034],[121.4537733,31.27081019],[121.45382262,31.27096985],[121.45380156,31.27114926]]}},{"id":"4247","type":"Feature","properties":{"gml_id":"layer_pedestrian_road_pl.122905","Name":null,"pyname":null,"kind":"0b01","width":"30","length":"0.111","speedclass":"8","__source_file__":"04-交通数据/1-交通路网/2-分类图层/上海市_行人道路.shp"},"geometry":{"type":"LineString","coordinates":[[121.45380156,31.27114926],[121.45382136,31.27120911],[121.45386132,31.27125911],[121.45404168,31.27135932],[121.45432248,31.27143992],[121.45471398,31.27151084],[121.45482432,31.27154108]]}},{"id":"4249","type":"Feature","properties":{"gml_id":"layer_pedestrian_road_pl.122907","Name":null,"pyname":null,"kind":"0b01","width":"30","length":"0.184","speedclass":"8","__source_file__":"04-交通数据/1-交通路网/2-分类图层/上海市_行人道路.shp"},"geometry":{"type":"LineString","coordinates":[[121.45380156,31.27114926],[121.45365126,31.27109895],[121.45359096,31.27109877],[121.45354056,31.27111857],[121.45350024,31.27114836],[121.45340934,31.27122783],[121.453308,31.27138704],[121.45333734,31.27153671],[121.45335696,31.27162649],[121.45329576,31.27180577],[121.45328514,31.27190544],[121.453425,31.27205538],[121.45345506,31.2720854],[121.45355514,31.27215546],[121.4537454,31.27228565]]}},{"id":"4258","type":"Feature","properties":{"gml_id":"layer_pedestrian_road_pl.122916","Name":null,"pyname":null,"kind":"0b01","width":"30","length":"0.010","speedclass":"8","__source_file__":"04-交通数据/1-交通路网/2-分类图层/上海市_行人道路.shp"},"geometry":{"type":"LineString","coordinates":[[121.45249188,31.27183331],[121.45257198,31.27189334]]}},{"id":"4248","type":"Feature","properties":{"gml_id":"layer_pedestrian_road_pl.122906","Name":null,"pyname":null,"kind":"0b01","width":"30","length":"0.134","speedclass":"8","__source_file__":"04-交通数据/1-交通路网/2-分类图层/上海市_行人道路.shp"},"geometry":{"type":"LineString","coordinates":[[121.4537454,31.27228565],[121.45385646,31.27215636],[121.45400766,31.27207703],[121.45415868,31.27200768],[121.45436046,31.27184879],[121.45448178,31.27172949],[121.45460256,31.27168998],[121.45465278,31.27167018],[121.45482432,31.27154108]]}},{"id":"4259","type":"Feature","properties":{"gml_id":"layer_pedestrian_road_pl.122917","Name":null,"pyname":null,"kind":"0b01","width":"30","length":"0.131","speedclass":"8","__source_file__":"04-交通数据/1-交通路网/2-分类图层/上海市_行人道路.shp"},"geometry":{"type":"LineString","coordinates":[[121.45257198,31.27189334],[121.4526519,31.27195341],[121.452732,31.27201344],[121.452822,31.27210344],[121.45291164,31.27223331],[121.45308174,31.27236345],[121.45326228,31.27243374],[121.45349304,31.27247433],[121.45368402,31.27248486]]}},{"id":"4250","type":"Feature","properties":{"gml_id":"layer_pedestrian_road_pl.122908","Name":null,"pyname":null,"kind":"0b01","width":"30","length":"0.023","speedclass":"8","__source_file__":"04-交通数据/1-交通路网/2-分类图层/上海市_行人道路.shp"},"geometry":{"type":"LineString","coordinates":[[121.45368402,31.27248486],[121.45368438,31.27240508],[121.45370472,31.27236525],[121.4537454,31.27228565]]}},{"id":"4246","type":"Feature","properties":{"gml_id":"layer_pedestrian_road_pl.122904","Name":null,"pyname":null,"kind":"0b01","width":"30","length":"0.155","speedclass":"8","__source_file__":"04-交通数据/1-交通路网/2-分类图层/上海市_行人道路.shp"},"geometry":{"type":"LineString","coordinates":[[121.43423124,31.26952418],[121.43430162,31.26956427],[121.43438172,31.26962439],[121.4344017,31.2696743],[121.43440134,31.26973415],[121.43439126,31.26976407],[121.43438082,31.2698538],[121.43437056,31.2699236],[121.43438046,31.26996351],[121.43442042,31.2700235],[121.43445048,31.27004352],[121.43453076,31.27007372],[121.43461122,31.27008393],[121.43465136,31.27007408],[121.43472192,31.27005432],[121.43482254,31.26999479],[121.43500398,31.26987567],[121.43513502,31.2697863],[121.43523564,31.26973671]]}},{"id":"4095","type":"Feature","properties":{"gml_id":"layer_pedestrian_road_pl.122753","Name":null,"pyname":null,"kind":"0b14","width":"30","length":"0.020","speedclass":"8","__source_file__":"04-交通数据/1-交通路网/2-分类图层/上海市_行人道路.shp"},"geometry":{"type":"LineString","coordinates":[[121.44205044,31.27605962],[121.44208158,31.27588029]]}},{"id":"4094","type":"Feature","properties":{"gml_id":"layer_pedestrian_road_pl.122752","Name":null,"pyname":null,"kind":"0b14","width":"30","length":"0.266","speedclass":"8","__source_file__":"04-交通数据/1-交通路网/2-分类图层/上海市_行人道路.shp"},"geometry":{"type":"LineString","coordinates":[[121.44099126014949,31.276064535428073],[121.44140802,31.27592813],[121.44154878,31.27591859],[121.44170952,31.27591904],[121.44189024,31.27595945],[121.44194028,31.27597956],[121.44202056,31.27601966],[121.44205044,31.27605962]]}},{"id":"4096","type":"Feature","properties":{"gml_id":"layer_pedestrian_road_pl.122754","Name":null,"pyname":null,"kind":"0b14","width":"30","length":"0.111","speedclass":"8","__source_file__":"04-交通数据/1-交通路网/2-分类图层/上海市_行人道路.shp"},"geometry":{"type":"LineString","coordinates":[[121.44205044,31.27605962],[121.44211002,31.27616946],[121.4421498,31.27626932],[121.4421291,31.27637889],[121.44206714736062,31.276478502415593]]}}],"name":"上海市_行人道路","crs":{"type":"name","properties":{"name":"urn:ogc:def:crs:OGC:1.3:CRS84"}}}