{"type":"FeatureCollection","features":[{"id":"2454","type":"Feature","properties":{"id":"255b7d5e-328f-33dc-b2c6-8670494fe23f","name":"静安公园-绿云洞","type":"风景名胜;风景名胜相关;旅游景点","typecode":"110000","address":"南京西路1649号静安公园内(西南角)","location":"121.446555,31.221640","tel":"021-62483238","pcode":310000,"pname":"上海市","citycode":21,"cityname":"上海市","adcode":310106,"adname":"静安区","gridcode":4621636512,"distance":1617,"business_area":"曹家渡","timestamp":"2023-01-28 11:55:45","biz_ext":"{\"rating\": \"3.6\", \"cost\": [], \"ticket_ordering\": \"0\"}","行业大类":"风景名胜","行业中类":"风景名胜相关","行业小类":"旅游景点","wgs84_loc":"121.441956,31.223522","wgs84Lng":121.441956,"wgs84Lat":31.223522,"__source_file__":"02-POI&AOI/1-POI/其它/23/Excel/分类/上海市-POI-2023.csv-风景名胜.csv"},"geometry":{"type":"Point","coordinates":[121.441956,31.223522]}},{"id":"1174","type":"Feature","properties":{"id":"58cd921d-03bd-3e21-a7d6-f1455f9339df","name":"淮茂绿地","type":"风景名胜;公园广场;城市广场","typecode":"110105","address":"茂名南路59-14号(陕西南路地铁站3号口步行250米)","location":"121.460269,31.218460","tel":"[]","pcode":310000,"pname":"上海市","citycode":21,"cityname":"上海市","adcode":310101,"adname":"黄浦区","gridcode":4621636602,"distance":1390,"business_area":"淮海路","timestamp":"2023-04-26 19:49:21","biz_ext":"{\"rating\": \"4.1\", \"cost\": [], \"ticket_ordering\": \"0\"}","行业大类":"风景名胜","行业中类":"公园广场","行业小类":"城市广场","wgs84_loc":"121.455706,31.220373","wgs84Lng":121.455706,"wgs84Lat":31.220373,"__source_file__":"02-POI&AOI/1-POI/其它/23/Excel/分类/上海市-POI-2023.csv-风景名胜.csv"},"geometry":{"type":"Point","coordinates":[121.455706,31.220373]}},{"id":"1554","type":"Feature","properties":{"id":"aa8206e5-5e30-3a08-a844-e2ce6eee8292","name":"法国总会旧址","type":"风景名胜;风景名胜相关;旅游景点","typecode":"110000","address":"茂名南路58号(陕西南路地铁站3号口步行240米)","location":"121.460072,31.219886","tel":"[]","pcode":310000,"pname":"上海市","citycode":21,"cityname":"上海市","adcode":310101,"adname":"黄浦区","gridcode":4621636612,"distance":1521,"business_area":"淮海路","timestamp":"2023-01-16 12:57:31","biz_ext":"{\"rating\": \"3.9\", \"cost\": [], \"ticket_ordering\": \"0\"}","行业大类":"风景名胜","行业中类":"风景名胜相关","行业小类":"旅游景点","wgs84_loc":"121.455508,31.221798","wgs84Lng":121.455508,"wgs84Lat":31.221798,"__source_file__":"02-POI&AOI/1-POI/其它/23/Excel/分类/上海市-POI-2023.csv-风景名胜.csv"},"geometry":{"type":"Point","coordinates":[121.455508,31.221798]}},{"id":"5079","type":"Feature","properties":{"id":"7e2e0574-dae9-3f22-9d81-43ea392296bf","name":"一百零八上苑","type":"风景名胜;风景名胜;风景名胜","typecode":"110200","address":"长乐路672弄33号","location":"121.452411,31.219927","tel":"[]","pcode":310000,"pname":"上海市","citycode":21,"cityname":"上海市","adcode":310106,"adname":"静安区","gridcode":4621636610,"distance":936,"business_area":"淮海路","timestamp":"2023-04-20 22:10:44","biz_ext":"{\"rating\": \"4.5\", \"cost\": [], \"ticket_ordering\": \"0\"}","行业大类":"风景名胜","行业中类":"风景名胜","行业小类":"风景名胜","wgs84_loc":"121.447827,31.221822","wgs84Lng":121.447827,"wgs84Lat":31.221822,"__source_file__":"02-POI&AOI/1-POI/其它/23/Excel/分类/上海市-POI-2023.csv-风景名胜.csv"},"geometry":{"type":"Point","coordinates":[121.447827,31.221822]}},{"id":"1068","type":"Feature","properties":{"id":"7a8957ce-173f-317b-928b-1ae1ec37a041","name":"韩非旧居","type":"风景名胜;风景名胜;纪念馆","typecode":"110204","address":"巨鹿路741号(静安寺地铁站8号口步行450米)","location":"121.452258,31.220389","tel":"[]","pcode":310000,"pname":"上海市","citycode":21,"cityname":"上海市","adcode":310106,"adname":"静安区","gridcode":4621636610,"distance":911,"business_area":"淮海路","timestamp":"2023-03-25 03:33:44","biz_ext":"{\"rating\": \"3.9\", \"cost\": [], \"ticket_ordering\": \"0\"}","行业大类":"风景名胜","行业中类":"风景名胜","行业小类":"纪念馆","wgs84_loc":"121.447673,31.222284","wgs84Lng":121.447673,"wgs84Lat":31.222284,"__source_file__":"02-POI&AOI/1-POI/其它/23/Excel/分类/上海市-POI-2023.csv-风景名胜.csv"},"geometry":{"type":"Point","coordinates":[121.447673,31.222284]}},{"id":"4871","type":"Feature","properties":{"id":"13bb3dc1-ea56-3fe6-ba85-9d01109aff67","name":"天主教君王堂","type":"风景名胜;风景名胜;教堂","typecode":"110206","address":"巨鹿路361号","location":"121.460071,31.222778","tel":"021-62174608","pcode":310000,"pname":"上海市","citycode":21,"cityname":"上海市","adcode":310101,"adname":"黄浦区","gridcode":4621636622,"distance":1489,"business_area":"淮海路","timestamp":"2023-04-20 11:22:34","biz_ext":"{\"rating\": \"4.4\", \"cost\": [], \"ticket_ordering\": \"0\"}","行业大类":"风景名胜","行业中类":"风景名胜","行业小类":"教堂","wgs84_loc":"121.455507,31.224689","wgs84Lng":121.455507,"wgs84Lat":31.224689,"__source_file__":"02-POI&AOI/1-POI/其它/23/Excel/分类/上海市-POI-2023.csv-风景名胜.csv"},"geometry":{"type":"Point","coordinates":[121.455507,31.224689]}},{"id":"985","type":"Feature","properties":{"id":"ba935cee-ee94-3e0d-9a82-19b00e8e32ce","name":"冒广生旧居","type":"风景名胜;风景名胜;纪念馆","typecode":"110204","address":"延安中路877弄22号(静安寺地铁站8号口步行460米)","location":"121.453749,31.223171","tel":"[]","pcode":310000,"pname":"上海市","citycode":21,"cityname":"上海市","adcode":310106,"adname":"静安区","gridcode":4621636620,"distance":1621,"business_area":"淮海路","timestamp":"2023-04-21 15:20:13","biz_ext":"{\"rating\": \"3.1\", \"cost\": [], \"ticket_ordering\": \"0\"}","行业大类":"风景名胜","行业中类":"风景名胜","行业小类":"纪念馆","wgs84_loc":"121.449168,31.225067","wgs84Lng":121.449168,"wgs84Lat":31.225067,"__source_file__":"02-POI&AOI/1-POI/其它/23/Excel/分类/上海市-POI-2023.csv-风景名胜.csv"},"geometry":{"type":"Point","coordinates":[121.449168,31.225067]}},{"id":"2455","type":"Feature","properties":{"id":"62ba54b0-a8a6-3cb8-ae27-174d0faa0afd","name":"静安公园-沪渎垒","type":"风景名胜;风景名胜相关;旅游景点","typecode":"110000","address":"南京西路1649号静安公园内(东侧)","location":"121.447816,31.221738","tel":"021-62483238","pcode":310000,"pname":"上海市","citycode":21,"cityname":"上海市","adcode":310106,"adname":"静安区","gridcode":4621636512,"distance":1251,"business_area":"曹家渡","timestamp":"2023-01-28 11:55:45","biz_ext":"{\"rating\": \"3.5\", \"cost\": [], \"ticket_ordering\": \"0\"}","行业大类":"风景名胜","行业中类":"风景名胜相关","行业小类":"旅游景点","wgs84_loc":"121.44322,31.223623","wgs84Lng":121.44322,"wgs84Lat":31.223623,"__source_file__":"02-POI&AOI/1-POI/其它/23/Excel/分类/上海市-POI-2023.csv-风景名胜.csv"},"geometry":{"type":"Point","coordinates":[121.44322,31.223623]}},{"id":"2850","type":"Feature","properties":{"id":"839b95fe-4dd6-3cf9-a5e7-ebd4b50e8b56","name":"静安公园-中心湖","type":"风景名胜;风景名胜相关;旅游景点","typecode":"110000","address":"南京西路1649号静安公园内(西侧)","location":"121.446344,31.221827","tel":"021-62483238","pcode":310000,"pname":"上海市","citycode":21,"cityname":"上海市","adcode":310106,"adname":"静安区","gridcode":4621636512,"distance":1624,"business_area":"曹家渡","timestamp":"2023-01-28 11:55:49","biz_ext":"{\"rating\": \"4.2\", \"cost\": [], \"ticket_ordering\": \"0\"}","行业大类":"风景名胜","行业中类":"风景名胜相关","行业小类":"旅游景点","wgs84_loc":"121.441745,31.223709","wgs84Lng":121.441745,"wgs84Lat":31.223709,"__source_file__":"02-POI&AOI/1-POI/其它/23/Excel/分类/上海市-POI-2023.csv-风景名胜.csv"},"geometry":{"type":"Point","coordinates":[121.441745,31.223709]}},{"id":"420","type":"Feature","properties":{"id":"9ca2b177-4859-3a08-a990-ec36b53c56b5","name":"静安公园","type":"风景名胜;公园广场;公园","typecode":"110101","address":"华山路189号(静安寺地铁站2号口步行110米)","location":"121.446884,31.222011","tel":"021-62483238","pcode":310000,"pname":"上海市","citycode":21,"cityname":"上海市","adcode":310106,"adname":"静安区","gridcode":4621636512,"distance":922,"business_area":"湖南路","timestamp":"2023-05-12 02:54:18","biz_ext":"{\"rating\": \"4.6\", \"cost\": [], \"ticket_ordering\": \"0\"}","行业大类":"风景名胜","行业中类":"公园广场","行业小类":"公园","wgs84_loc":"121.442286,31.223894","wgs84Lng":121.442286,"wgs84Lat":31.223894,"__source_file__":"02-POI&AOI/1-POI/其它/23/Excel/分类/上海市-POI-2023.csv-风景名胜.csv"},"geometry":{"type":"Point","coordinates":[121.442286,31.223894]}},{"id":"4927","type":"Feature","properties":{"id":"88bd3efe-41e6-3ddf-8a9b-f5f62844aa9d","name":"鉴亭","type":"风景名胜;风景名胜相关;旅游景点","typecode":"110000","address":"南京西路1649号静安公园(东北角)","location":"121.447095,31.222167","tel":"021-62483238","pcode":310000,"pname":"上海市","citycode":21,"cityname":"上海市","adcode":310106,"adname":"静安区","gridcode":4621636512,"distance":1238,"business_area":"曹家渡","timestamp":"2023-02-01 10:30:07","biz_ext":"{\"rating\": \"2.5\", \"cost\": [], \"ticket_ordering\": \"0\"}","行业大类":"风景名胜","行业中类":"风景名胜相关","行业小类":"旅游景点","wgs84_loc":"121.442497,31.22405","wgs84Lng":121.442497,"wgs84Lat":31.22405,"__source_file__":"02-POI&AOI/1-POI/其它/23/Excel/分类/上海市-POI-2023.csv-风景名胜.csv"},"geometry":{"type":"Point","coordinates":[121.442497,31.22405]}},{"id":"3233","type":"Feature","properties":{"id":"3f81931f-5073-360a-aec3-c046e6db0852","name":"静安寺(9号出口)","type":"风景名胜;风景名胜;寺庙道观","typecode":"110205","address":"常德路越洋国际广场(静安寺地铁站9号口旁)","location":"121.448648,31.222233","tel":"[]","pcode":310000,"pname":"上海市","citycode":21,"cityname":"上海市","adcode":310106,"adname":"静安区","gridcode":4621636522,"distance":1097,"business_area":"曹家渡","timestamp":"2022-11-26 10:38:29","biz_ext":"{\"rating\": \"4.1\", \"cost\": [], \"ticket_ordering\": \"0\"}","行业大类":"风景名胜","行业中类":"风景名胜","行业小类":"寺庙道观","wgs84_loc":"121.444054,31.224119","wgs84Lng":121.444054,"wgs84Lat":31.224119,"__source_file__":"02-POI&AOI/1-POI/其它/23/Excel/分类/上海市-POI-2023.csv-风景名胜.csv"},"geometry":{"type":"Point","coordinates":[121.444054,31.224119]}},{"id":"821","type":"Feature","properties":{"id":"13307675-df82-3917-8e04-3a550d688642","name":"静安公园-八景园","type":"风景名胜;公园广场;公园","typecode":"110101","address":"南京西路1649号静安公园内(东北角)","location":"121.447084,31.222267","tel":"021-62483238","pcode":310000,"pname":"上海市","citycode":21,"cityname":"上海市","adcode":310106,"adname":"静安区","gridcode":4621636522,"distance":1235,"business_area":"曹家渡","timestamp":"2023-04-26 19:28:15","biz_ext":"{\"rating\": \"4.4\", \"cost\": [], \"ticket_ordering\": \"0\"}","行业大类":"风景名胜","行业中类":"公园广场","行业小类":"公园","wgs84_loc":"121.442486,31.22415","wgs84Lng":121.442486,"wgs84Lat":31.22415,"__source_file__":"02-POI&AOI/1-POI/其它/23/Excel/分类/上海市-POI-2023.csv-风景名胜.csv"},"geometry":{"type":"Point","coordinates":[121.442486,31.22415]}},{"id":"4846","type":"Feature","properties":{"id":"c8d8c94d-b941-34a2-ba14-244111e7e7ba","name":"桧下村居","type":"风景名胜;风景名胜相关;旅游景点","typecode":"110000","address":"南京西路1649号静安公园八景园","location":"121.447193,31.222303","tel":"021-62483238","pcode":310000,"pname":"上海市","citycode":21,"cityname":"上海市","adcode":310106,"adname":"静安区","gridcode":4621636522,"distance":1245,"business_area":"曹家渡","timestamp":"2023-02-07 16:13:05","biz_ext":"{\"rating\": \"2.5\", \"cost\": [], \"ticket_ordering\": \"0\"}","行业大类":"风景名胜","行业中类":"风景名胜相关","行业小类":"旅游景点","wgs84_loc":"121.442596,31.224186","wgs84Lng":121.442596,"wgs84Lat":31.224186,"__source_file__":"02-POI&AOI/1-POI/其它/23/Excel/分类/上海市-POI-2023.csv-风景名胜.csv"},"geometry":{"type":"Point","coordinates":[121.442596,31.224186]}},{"id":"908","type":"Feature","properties":{"id":"77780c92-1290-3daa-9ee9-c37604b9e218","name":"上海市尊师重教纪念碑","type":"风景名胜;风景名胜;纪念馆","typecode":"110204","address":"华山路189号静安公园(静安寺地铁站8号口步行260米)","location":"121.447447,31.222321","tel":"021-62483238","pcode":310000,"pname":"上海市","citycode":21,"cityname":"上海市","adcode":310106,"adname":"静安区","gridcode":4621636522,"distance":1265,"business_area":"曹家渡","timestamp":"2023-05-08 17:33:44","biz_ext":"{\"rating\": \"3.7\", \"cost\": [], \"ticket_ordering\": \"0\"}","行业大类":"风景名胜","行业中类":"风景名胜","行业小类":"纪念馆","wgs84_loc":"121.44285,31.224205","wgs84Lng":121.44285,"wgs84Lat":31.224205,"__source_file__":"02-POI&AOI/1-POI/其它/23/Excel/分类/上海市-POI-2023.csv-风景名胜.csv"},"geometry":{"type":"Point","coordinates":[121.44285,31.224205]}},{"id":"4953","type":"Feature","properties":{"id":"4f6d2919-8982-397c-9b22-88cb66c15279","name":"赤乌碑","type":"风景名胜;风景名胜相关;旅游景点","typecode":"110000","address":"南京西路1649号静安公园八景园","location":"121.447107,31.222401","tel":"021-62483238","pcode":310000,"pname":"上海市","citycode":21,"cityname":"上海市","adcode":310106,"adname":"静安区","gridcode":4621636522,"distance":1246,"business_area":"曹家渡","timestamp":"2023-02-01 10:30:08","biz_ext":"{\"rating\": \"2.8\", \"cost\": [], \"ticket_ordering\": \"0\"}","行业大类":"风景名胜","行业中类":"风景名胜相关","行业小类":"旅游景点","wgs84_loc":"121.44251,31.224284","wgs84Lng":121.44251,"wgs84Lat":31.224284,"__source_file__":"02-POI&AOI/1-POI/其它/23/Excel/分类/上海市-POI-2023.csv-风景名胜.csv"},"geometry":{"type":"Point","coordinates":[121.44251,31.224284]}},{"id":"4928","type":"Feature","properties":{"id":"07ae137d-7c5b-39c5-89f6-9c5833cbea48","name":"讲经台","type":"风景名胜;风景名胜相关;旅游景点","typecode":"110000","address":"南京西路1649号静安公园内(北侧)","location":"121.446859,31.222417","tel":"021-62483238","pcode":310000,"pname":"上海市","citycode":21,"cityname":"上海市","adcode":310106,"adname":"静安区","gridcode":4621636522,"distance":1250,"business_area":"曹家渡","timestamp":"2023-05-02 14:10:05","biz_ext":"{\"rating\": \"3.3\", \"cost\": [], \"ticket_ordering\": \"0\"}","行业大类":"风景名胜","行业中类":"风景名胜相关","行业小类":"旅游景点","wgs84_loc":"121.442261,31.2243","wgs84Lng":121.442261,"wgs84Lat":31.2243,"__source_file__":"02-POI&AOI/1-POI/其它/23/Excel/分类/上海市-POI-2023.csv-风景名胜.csv"},"geometry":{"type":"Point","coordinates":[121.442261,31.2243]}},{"id":"2926","type":"Feature","properties":{"id":"aed61152-5566-3337-8557-bcb7662f5467","name":"静安公园-静安寺广场","type":"风景名胜;公园广场;城市广场","typecode":"110105","address":"南京西路1661号(静安寺地铁站15号口步行210米)","location":"121.445917,31.222457","tel":"021-62483238","pcode":310000,"pname":"上海市","citycode":21,"cityname":"上海市","adcode":310106,"adname":"静安区","gridcode":4621636522,"distance":1664,"business_area":"曹家渡","timestamp":"2022-11-22 00:42:09","biz_ext":"{\"rating\": \"4.6\", \"cost\": [], \"ticket_ordering\": \"0\"}","行业大类":"风景名胜","行业中类":"公园广场","行业小类":"城市广场","wgs84_loc":"121.441317,31.224338","wgs84Lng":121.441317,"wgs84Lat":31.224338,"__source_file__":"02-POI&AOI/1-POI/其它/23/Excel/分类/上海市-POI-2023.csv-风景名胜.csv"},"geometry":{"type":"Point","coordinates":[121.441317,31.224338]}},{"id":"5657","type":"Feature","properties":{"id":"807244fe-7d4e-3c30-9b23-be720a37cad8","name":"潜龙古水","type":"风景名胜;风景名胜相关;旅游景点","typecode":"110000","address":"南京西路1649号静安公园八景园","location":"121.446964,31.222475","tel":"[]","pcode":310000,"pname":"上海市","citycode":21,"cityname":"上海市","adcode":310106,"adname":"静安区","gridcode":4621636522,"distance":1238,"business_area":"曹家渡","timestamp":"2022-12-30 20:54:52","biz_ext":"{\"rating\": \"3.5\", \"cost\": [], \"ticket_ordering\": \"0\"}","行业大类":"风景名胜","行业中类":"风景名胜相关","行业小类":"旅游景点","wgs84_loc":"121.442366,31.224358","wgs84Lng":121.442366,"wgs84Lat":31.224358,"__source_file__":"02-POI&AOI/1-POI/其它/23/Excel/分类/上海市-POI-2023.csv-风景名胜.csv"},"geometry":{"type":"Point","coordinates":[121.442366,31.224358]}},{"id":"1726","type":"Feature","properties":{"id":"76dbe4a0-f155-3251-838a-e641d549ea10","name":"静安公园-石亭","type":"风景名胜;风景名胜相关;旅游景点","typecode":"110000","address":"南京西路1649号静安公园内","location":"121.447778,31.222581","tel":"021-62483238","pcode":310000,"pname":"上海市","citycode":21,"cityname":"上海市","adcode":310106,"adname":"静安区","gridcode":4621636522,"distance":1161,"business_area":"曹家渡","timestamp":"2023-01-28 11:55:32","biz_ext":"{\"rating\": \"3.5\", \"cost\": [], \"ticket_ordering\": \"0\"}","行业大类":"风景名胜","行业中类":"风景名胜相关","行业小类":"旅游景点","wgs84_loc":"121.443182,31.224465","wgs84Lng":121.443182,"wgs84Lat":31.224465,"__source_file__":"02-POI&AOI/1-POI/其它/23/Excel/分类/上海市-POI-2023.csv-风景名胜.csv"},"geometry":{"type":"Point","coordinates":[121.443182,31.224465]}},{"id":"2453","type":"Feature","properties":{"id":"b443dd2d-10cf-3016-86e7-0af4a898047f","name":"静安公园-陈朝桧","type":"风景名胜;风景名胜相关;旅游景点","typecode":"110000","address":"南京西路1649号静安公园内(北侧)","location":"121.446708,31.222633","tel":"021-62483238","pcode":310000,"pname":"上海市","citycode":21,"cityname":"上海市","adcode":310106,"adname":"静安区","gridcode":4621636522,"distance":1257,"business_area":"曹家渡","timestamp":"2023-01-28 11:55:45","biz_ext":"{\"rating\": \"4.0\", \"cost\": [], \"ticket_ordering\": \"0\"}","行业大类":"风景名胜","行业中类":"风景名胜相关","行业小类":"旅游景点","wgs84_loc":"121.44211,31.224515","wgs84Lng":121.44211,"wgs84Lat":31.224515,"__source_file__":"02-POI&AOI/1-POI/其它/23/Excel/分类/上海市-POI-2023.csv-风景名胜.csv"},"geometry":{"type":"Point","coordinates":[121.44211,31.224515]}},{"id":"1521","type":"Feature","properties":{"id":"80a7e975-50e4-3b4a-ba4e-02a9f04c3e1e","name":"儿童乐园","type":"风景名胜;风景名胜相关;旅游景点","typecode":"110000","address":"南京西路1649号静安公园内(北侧)","location":"121.446896,31.222672","tel":"[]","pcode":310000,"pname":"上海市","citycode":21,"cityname":"上海市","adcode":310106,"adname":"静安区","gridcode":4621636522,"distance":1238,"business_area":"湖南路","timestamp":"2023-05-12 12:33:20","biz_ext":"{\"rating\": \"3.9\", \"cost\": [], \"ticket_ordering\": \"0\"}","行业大类":"风景名胜","行业中类":"风景名胜相关","行业小类":"旅游景点","wgs84_loc":"121.442298,31.224555","wgs84Lng":121.442298,"wgs84Lat":31.224555,"__source_file__":"02-POI&AOI/1-POI/其它/23/Excel/分类/上海市-POI-2023.csv-风景名胜.csv"},"geometry":{"type":"Point","coordinates":[121.442298,31.224555]}},{"id":"5814","type":"Feature","properties":{"id":"d973454d-c24c-3e3a-9ead-631dc5a81197","name":"冲向胜利","type":"风景名胜;风景名胜相关;旅游景点","typecode":"110000","address":"南京西路1649号静安公园(静安寺地铁站2号口步行90米)","location":"121.446490,31.222988","tel":"[]","pcode":310000,"pname":"上海市","citycode":21,"cityname":"上海市","adcode":310106,"adname":"静安区","gridcode":4621636522,"distance":914,"business_area":"曹家渡","timestamp":"2023-05-03 12:41:47","biz_ext":"{\"rating\": [], \"cost\": [], \"ticket_ordering\": \"0\"}","行业大类":"风景名胜","行业中类":"风景名胜相关","行业小类":"旅游景点","wgs84_loc":"121.441891,31.22487","wgs84Lng":121.441891,"wgs84Lat":31.22487,"__source_file__":"02-POI&AOI/1-POI/其它/23/Excel/分类/上海市-POI-2023.csv-风景名胜.csv"},"geometry":{"type":"Point","coordinates":[121.441891,31.22487]}},{"id":"5952","type":"Feature","properties":{"id":"b2405748-783a-3e38-b7c5-1b0cad03bc0f","name":"银杏广场","type":"风景名胜;公园广场;城市广场","typecode":"110105","address":"南京西路1699号(静安寺地铁站2号口步行90米)","location":"121.446489,31.222996","tel":"[]","pcode":310000,"pname":"上海市","citycode":21,"cityname":"上海市","adcode":310106,"adname":"静安区","gridcode":4621636522,"distance":914,"business_area":"湖南路","timestamp":"2023-03-09 16:25:52","biz_ext":"{\"rating\": \"3.5\", \"cost\": [], \"ticket_ordering\": \"0\"}","行业大类":"风景名胜","行业中类":"公园广场","行业小类":"城市广场","wgs84_loc":"121.44189,31.224878","wgs84Lng":121.44189,"wgs84Lat":31.224878,"__source_file__":"02-POI&AOI/1-POI/其它/23/Excel/分类/上海市-POI-2023.csv-风景名胜.csv"},"geometry":{"type":"Point","coordinates":[121.44189,31.224878]}},{"id":"1774","type":"Feature","properties":{"id":"8ab5ecca-00b6-3d5c-a7e1-24c874bb53d9","name":"犀牛像","type":"风景名胜;风景名胜相关;旅游景点","typecode":"110000","address":"南京西路1649号静安公园内(西北角)","location":"121.446469,31.223009","tel":"021-62483238","pcode":310000,"pname":"上海市","citycode":21,"cityname":"上海市","adcode":310106,"adname":"静安区","gridcode":4621636522,"distance":1267,"business_area":"曹家渡","timestamp":"2023-02-01 10:29:27","biz_ext":"{\"rating\": \"4.0\", \"cost\": [], \"ticket_ordering\": \"0\"}","行业大类":"风景名胜","行业中类":"风景名胜相关","行业小类":"旅游景点","wgs84_loc":"121.44187,31.224891","wgs84Lng":121.44187,"wgs84Lat":31.224891,"__source_file__":"02-POI&AOI/1-POI/其它/23/Excel/分类/上海市-POI-2023.csv-风景名胜.csv"},"geometry":{"type":"Point","coordinates":[121.44187,31.224891]}},{"id":"6090","type":"Feature","properties":{"id":"968bf142-916a-37c9-9699-553c0b2ea870","name":"弥勒殿","type":"风景名胜;风景名胜;寺庙道观","typecode":"110205","address":"静安寺二楼(静安寺地铁站1号口旁)","location":"121.445643,31.223027","tel":"021-62566366","pcode":310000,"pname":"上海市","citycode":21,"cityname":"上海市","adcode":310106,"adname":"静安区","gridcode":4621636521,"distance":1198,"business_area":"曹家渡","timestamp":"2023-02-01 10:30:19","biz_ext":"{\"rating\": \"3.1\", \"cost\": [], \"ticket_ordering\": \"0\"}","行业大类":"风景名胜","行业中类":"风景名胜","行业小类":"寺庙道观","wgs84_loc":"121.441042,31.224907","wgs84Lng":121.441042,"wgs84Lat":31.224907,"__source_file__":"02-POI&AOI/1-POI/其它/23/Excel/分类/上海市-POI-2023.csv-风景名胜.csv"},"geometry":{"type":"Point","coordinates":[121.441042,31.224907]}},{"id":"2451","type":"Feature","properties":{"id":"1f3464b2-fc79-35dd-a622-b970c2a36df2","name":"静安寺-山门","type":"风景名胜;风景名胜;寺庙道观","typecode":"110205","address":"南京西路1686号静安寺内(静安寺地铁站1号口旁)","location":"121.445565,31.223043","tel":"021-62566366","pcode":310000,"pname":"上海市","citycode":21,"cityname":"上海市","adcode":310106,"adname":"静安区","gridcode":4621636521,"distance":1852,"business_area":"曹家渡","timestamp":"2023-02-18 13:03:07","biz_ext":"{\"rating\": \"4.3\", \"cost\": [], \"ticket_ordering\": \"0\"}","行业大类":"风景名胜","行业中类":"风景名胜","行业小类":"寺庙道观","wgs84_loc":"121.440964,31.224923","wgs84Lng":121.440964,"wgs84Lat":31.224923,"__source_file__":"02-POI&AOI/1-POI/其它/23/Excel/分类/上海市-POI-2023.csv-风景名胜.csv"},"geometry":{"type":"Point","coordinates":[121.440964,31.224923]}},{"id":"2450","type":"Feature","properties":{"id":"fd2cb7fe-d3d2-3be9-9f71-301dbdfe5124","name":"静安寺-客堂","type":"风景名胜;风景名胜;寺庙道观","typecode":"110205","address":"南京西路1686号静安寺内(静安寺地铁站1号口步行120米)","location":"121.445260,31.223046","tel":"021-62566366","pcode":310000,"pname":"上海市","citycode":21,"cityname":"上海市","adcode":310106,"adname":"静安区","gridcode":4621636521,"distance":1820,"business_area":"曹家渡","timestamp":"2023-02-06 13:59:56","biz_ext":"{\"rating\": [], \"cost\": [], \"ticket_ordering\": \"0\"}","行业大类":"风景名胜","行业中类":"风景名胜","行业小类":"寺庙道观","wgs84_loc":"121.440658,31.224925","wgs84Lng":121.440658,"wgs84Lat":31.224925,"__source_file__":"02-POI&AOI/1-POI/其它/23/Excel/分类/上海市-POI-2023.csv-风景名胜.csv"},"geometry":{"type":"Point","coordinates":[121.440658,31.224925]}},{"id":"1734","type":"Feature","properties":{"id":"a595a3fe-52fc-3a43-b2cd-f897a601c95a","name":"静安寺-鼓楼","type":"风景名胜;风景名胜;寺庙道观","typecode":"110205","address":"南京西路1686号静安寺内(静安寺地铁站1号口旁)","location":"121.445221,31.223091","tel":"021-62566366","pcode":310000,"pname":"上海市","citycode":21,"cityname":"上海市","adcode":310106,"adname":"静安区","gridcode":4621636521,"distance":1817,"business_area":"曹家渡","timestamp":"2023-01-28 11:55:33","biz_ext":"{\"rating\": \"3.6\", \"cost\": [], \"ticket_ordering\": \"0\"}","行业大类":"风景名胜","行业中类":"风景名胜","行业小类":"寺庙道观","wgs84_loc":"121.440619,31.22497","wgs84Lng":121.440619,"wgs84Lat":31.22497,"__source_file__":"02-POI&AOI/1-POI/其它/23/Excel/分类/上海市-POI-2023.csv-风景名胜.csv"},"geometry":{"type":"Point","coordinates":[121.440619,31.22497]}},{"id":"4415","type":"Feature","properties":{"id":"8b85bf96-6d73-3ad7-83c7-d835dd2f09db","name":"静安寺-般若","type":"风景名胜;风景名胜;寺庙道观","typecode":"110205","address":"南京西路静安寺(静安寺地铁站1号口步行70米)","location":"121.445701,31.223114","tel":"021-62566366","pcode":310000,"pname":"上海市","citycode":21,"cityname":"上海市","adcode":310106,"adname":"静安区","gridcode":4621636521,"distance":1209,"business_area":"曹家渡","timestamp":"2023-03-29 09:42:14","biz_ext":"{\"rating\": [], \"cost\": [], \"ticket_ordering\": \"0\"}","行业大类":"风景名胜","行业中类":"风景名胜","行业小类":"寺庙道观","wgs84_loc":"121.4411,31.224994","wgs84Lng":121.4411,"wgs84Lat":31.224994,"__source_file__":"02-POI&AOI/1-POI/其它/23/Excel/分类/上海市-POI-2023.csv-风景名胜.csv"},"geometry":{"type":"Point","coordinates":[121.4411,31.224994]}},{"id":"2449","type":"Feature","properties":{"id":"2762a376-f66d-35ba-90dd-70d627bc810b","name":"静安寺-牟尼殿","type":"风景名胜;风景名胜;寺庙道观","typecode":"110205","address":"南京西路1686号静安寺内(静安寺地铁站1号口步行130米)","location":"121.445191,31.223142","tel":"021-62566366","pcode":310000,"pname":"上海市","citycode":21,"cityname":"上海市","adcode":310106,"adname":"静安区","gridcode":4621636521,"distance":1815,"business_area":"曹家渡","timestamp":"2023-02-06 13:59:56","biz_ext":"{\"rating\": \"3.9\", \"cost\": [], \"ticket_ordering\": \"0\"}","行业大类":"风景名胜","行业中类":"风景名胜","行业小类":"寺庙道观","wgs84_loc":"121.440589,31.225021","wgs84Lng":121.440589,"wgs84Lat":31.225021,"__source_file__":"02-POI&AOI/1-POI/其它/23/Excel/分类/上海市-POI-2023.csv-风景名胜.csv"},"geometry":{"type":"Point","coordinates":[121.440589,31.225021]}},{"id":"911","type":"Feature","properties":{"id":"97477e75-748b-3fce-8f0d-895f808648e8","name":"静安寺-正法久住","type":"风景名胜;风景名胜相关;旅游景点","typecode":"110000","address":"南京西路1686号静安寺(静安寺地铁站2号口步行70米)","location":"121.445947,31.223156","tel":"021-62566366","pcode":310000,"pname":"上海市","citycode":21,"cityname":"上海市","adcode":310106,"adname":"静安区","gridcode":4621636522,"distance":1228,"business_area":"曹家渡","timestamp":"2023-01-28 11:55:23","biz_ext":"{\"rating\": \"3.4\", \"cost\": [], \"ticket_ordering\": \"0\"}","行业大类":"风景名胜","行业中类":"风景名胜相关","行业小类":"旅游景点","wgs84_loc":"121.441347,31.225037","wgs84Lng":121.441347,"wgs84Lat":31.225037,"__source_file__":"02-POI&AOI/1-POI/其它/23/Excel/分类/上海市-POI-2023.csv-风景名胜.csv"},"geometry":{"type":"Point","coordinates":[121.441347,31.225037]}},{"id":"1781","type":"Feature","properties":{"id":"1d0fc85c-8db3-3569-94a7-ff0bd59374e2","name":"静安寺-钟楼","type":"风景名胜;风景名胜;寺庙道观","typecode":"110205","address":"南京西路1686号静安寺内(静安寺地铁站1号口步行70米)","location":"121.445785,31.223190","tel":"021-62534419","pcode":310000,"pname":"上海市","citycode":21,"cityname":"上海市","adcode":310106,"adname":"静安区","gridcode":4621636521,"distance":1221,"business_area":"曹家渡","timestamp":"2023-03-29 09:42:15","biz_ext":"{\"rating\": \"3.6\", \"cost\": [], \"ticket_ordering\": \"0\"}","行业大类":"风景名胜","行业中类":"风景名胜","行业小类":"寺庙道观","wgs84_loc":"121.441184,31.22507","wgs84Lng":121.441184,"wgs84Lat":31.22507,"__source_file__":"02-POI&AOI/1-POI/其它/23/Excel/分类/上海市-POI-2023.csv-风景名胜.csv"},"geometry":{"type":"Point","coordinates":[121.441184,31.22507]}},{"id":"2452","type":"Feature","properties":{"id":"09b423e1-687c-3c72-9eb8-2588c76dcf59","name":"静安寺-幡幢","type":"风景名胜;风景名胜相关;旅游景点","typecode":"110000","address":"南京西路1686号静安寺内(静安寺地铁站2号口步行60米)","location":"121.445869,31.223202","tel":"021-62566366","pcode":310000,"pname":"上海市","citycode":21,"cityname":"上海市","adcode":310106,"adname":"静安区","gridcode":4621636522,"distance":1227,"business_area":"曹家渡","timestamp":"2023-04-19 10:43:37","biz_ext":"{\"rating\": \"3.6\", \"cost\": [], \"ticket_ordering\": \"0\"}","行业大类":"风景名胜","行业中类":"风景名胜相关","行业小类":"旅游景点","wgs84_loc":"121.441269,31.225082","wgs84Lng":121.441269,"wgs84Lat":31.225082,"__source_file__":"02-POI&AOI/1-POI/其它/23/Excel/分类/上海市-POI-2023.csv-风景名胜.csv"},"geometry":{"type":"Point","coordinates":[121.441269,31.225082]}},{"id":"1770","type":"Feature","properties":{"id":"6c92cddb-ba0b-37d0-8a6b-b00a3b60e1b4","name":"释迦牟尼佛","type":"风景名胜;风景名胜相关;旅游景点","typecode":"110000","address":"南京西路1686号静安寺内(静安寺地铁站1号口步行110米)","location":"121.445321,31.223206","tel":"021-62566366","pcode":310000,"pname":"上海市","citycode":21,"cityname":"上海市","adcode":310106,"adname":"静安区","gridcode":4621636521,"distance":1828,"business_area":"曹家渡","timestamp":"2023-02-07 16:12:31","biz_ext":"{\"rating\": \"3.6\", \"cost\": [], \"ticket_ordering\": \"0\"}","行业大类":"风景名胜","行业中类":"风景名胜相关","行业小类":"旅游景点","wgs84_loc":"121.440719,31.225085","wgs84Lng":121.440719,"wgs84Lat":31.225085,"__source_file__":"02-POI&AOI/1-POI/其它/23/Excel/分类/上海市-POI-2023.csv-风景名胜.csv"},"geometry":{"type":"Point","coordinates":[121.440719,31.225085]}},{"id":"1784","type":"Feature","properties":{"id":"ee51b3db-3140-36a8-87ef-b420ebc605c0","name":"正觉堂","type":"风景名胜;风景名胜相关;旅游景点","typecode":"110000","address":"南京西路1686号静安寺内(静安寺地铁站1号口步行120米)","location":"121.445258,31.223298","tel":"021-62566366","pcode":310000,"pname":"上海市","citycode":21,"cityname":"上海市","adcode":310106,"adname":"静安区","gridcode":4621636521,"distance":1824,"business_area":"曹家渡","timestamp":"2023-02-01 10:29:27","biz_ext":"{\"rating\": \"3.9\", \"cost\": [], \"ticket_ordering\": \"0\"}","行业大类":"风景名胜","行业中类":"风景名胜相关","行业小类":"旅游景点","wgs84_loc":"121.440656,31.225177","wgs84Lng":121.440656,"wgs84Lat":31.225177,"__source_file__":"02-POI&AOI/1-POI/其它/23/Excel/分类/上海市-POI-2023.csv-风景名胜.csv"},"geometry":{"type":"Point","coordinates":[121.440656,31.225177]}},{"id":"6089","type":"Feature","properties":{"id":"e7f7e4db-95b7-3ced-acc1-e5070fb2330a","name":"牌位堂","type":"风景名胜;风景名胜;风景名胜","typecode":"110200","address":"静安寺二楼(静安寺地铁站1号口步行140米)","location":"121.445230,31.223317","tel":"021-62566366","pcode":310000,"pname":"上海市","citycode":21,"cityname":"上海市","adcode":310106,"adname":"静安区","gridcode":4621636521,"distance":1822,"business_area":"曹家渡","timestamp":"2023-02-01 10:30:19","biz_ext":"{\"rating\": \"2.8\", \"cost\": [], \"ticket_ordering\": \"0\"}","行业大类":"风景名胜","行业中类":"风景名胜","行业小类":"风景名胜","wgs84_loc":"121.440628,31.225196","wgs84Lng":121.440628,"wgs84Lat":31.225196,"__source_file__":"02-POI&AOI/1-POI/其它/23/Excel/分类/上海市-POI-2023.csv-风景名胜.csv"},"geometry":{"type":"Point","coordinates":[121.440628,31.225196]}},{"id":"3387","type":"Feature","properties":{"id":"d280b2d6-2748-3ae1-9f84-6084199a6194","name":"滕博殿","type":"风景名胜;风景名胜;寺庙道观","typecode":"110205","address":"安义路与铜仁路交叉口西南100米","location":"121.450068,31.223311","tel":"[]","pcode":310000,"pname":"上海市","citycode":21,"cityname":"上海市","adcode":310106,"adname":"静安区","gridcode":4621636620,"distance":1287,"business_area":"淮海路","timestamp":"2022-12-28 12:51:59","biz_ext":"{\"rating\": \"3.0\", \"cost\": [], \"ticket_ordering\": \"0\"}","行业大类":"风景名胜","行业中类":"风景名胜","行业小类":"寺庙道观","wgs84_loc":"121.445477,31.2252","wgs84Lng":121.445477,"wgs84Lat":31.2252,"__source_file__":"02-POI&AOI/1-POI/其它/23/Excel/分类/上海市-POI-2023.csv-风景名胜.csv"},"geometry":{"type":"Point","coordinates":[121.445477,31.2252]}},{"id":"1779","type":"Feature","properties":{"id":"edc3d89c-5891-3e0a-9c9f-ff8120c17a90","name":"静安寺-观音殿","type":"风景名胜;风景名胜;寺庙道观","typecode":"110205","address":"南京西路1686号静安寺内(静安寺地铁站1号口步行100米)","location":"121.445537,31.223350","tel":"021-62566366","pcode":310000,"pname":"上海市","citycode":21,"cityname":"上海市","adcode":310106,"adname":"静安区","gridcode":4621636521,"distance":1219,"business_area":"曹家渡","timestamp":"2023-03-29 09:42:14","biz_ext":"{\"rating\": \"4.3\", \"cost\": [], \"ticket_ordering\": \"0\"}","行业大类":"风景名胜","行业中类":"风景名胜","行业小类":"寺庙道观","wgs84_loc":"121.440936,31.22523","wgs84Lng":121.440936,"wgs84Lat":31.22523,"__source_file__":"02-POI&AOI/1-POI/其它/23/Excel/分类/上海市-POI-2023.csv-风景名胜.csv"},"geometry":{"type":"Point","coordinates":[121.440936,31.22523]}},{"id":"5309","type":"Feature","properties":{"id":"d481bcc7-6657-3501-b7df-5a9c82c39b7b","name":"静安寺-福慧宝鼎","type":"风景名胜;风景名胜相关;旅游景点","typecode":"110000","address":"南京西路1686号静安寺内(静安寺地铁站1号口步行120米)","location":"121.445373,31.223358","tel":"021-62566366","pcode":310000,"pname":"上海市","citycode":21,"cityname":"上海市","adcode":310106,"adname":"静安区","gridcode":4621636521,"distance":1210,"business_area":"曹家渡","timestamp":"2023-01-28 11:56:15","biz_ext":"{\"rating\": \"3.2\", \"cost\": [], \"ticket_ordering\": \"0\"}","行业大类":"风景名胜","行业中类":"风景名胜相关","行业小类":"旅游景点","wgs84_loc":"121.440771,31.225237","wgs84Lng":121.440771,"wgs84Lat":31.225237,"__source_file__":"02-POI&AOI/1-POI/其它/23/Excel/分类/上海市-POI-2023.csv-风景名胜.csv"},"geometry":{"type":"Point","coordinates":[121.440771,31.225237]}},{"id":"1747","type":"Feature","properties":{"id":"05d87d66-e793-390e-9758-0651195bb31e","name":"圆觉堂","type":"风景名胜;风景名胜相关;旅游景点","typecode":"110000","address":"南京西路1686号静安寺内(静安寺地铁站1号口步行140米)","location":"121.445106,31.223359","tel":"021-62566366","pcode":310000,"pname":"上海市","citycode":21,"cityname":"上海市","adcode":310106,"adname":"静安区","gridcode":4621636521,"distance":1811,"business_area":"曹家渡","timestamp":"2023-02-01 10:29:26","biz_ext":"{\"rating\": \"1.5\", \"cost\": [], \"ticket_ordering\": \"0\"}","行业大类":"风景名胜","行业中类":"风景名胜相关","行业小类":"旅游景点","wgs84_loc":"121.440504,31.225238","wgs84Lng":121.440504,"wgs84Lat":31.225238,"__source_file__":"02-POI&AOI/1-POI/其它/23/Excel/分类/上海市-POI-2023.csv-风景名胜.csv"},"geometry":{"type":"Point","coordinates":[121.440504,31.225238]}},{"id":"2448","type":"Feature","properties":{"id":"0c558221-b202-39af-8601-223bc723a8ed","name":"静安寺-西厢房","type":"风景名胜;风景名胜;寺庙道观","typecode":"110205","address":"南京西路1686号静安寺内(静安寺地铁站1号口步行60米)","location":"121.445030,31.223367","tel":"021-62566366","pcode":310000,"pname":"上海市","citycode":21,"cityname":"上海市","adcode":310106,"adname":"静安区","gridcode":4621636521,"distance":1804,"business_area":"曹家渡","timestamp":"2023-01-28 11:55:45","biz_ext":"{\"rating\": \"3.6\", \"cost\": [], \"ticket_ordering\": \"0\"}","行业大类":"风景名胜","行业中类":"风景名胜","行业小类":"寺庙道观","wgs84_loc":"121.440428,31.225246","wgs84Lng":121.440428,"wgs84Lat":31.225246,"__source_file__":"02-POI&AOI/1-POI/其它/23/Excel/分类/上海市-POI-2023.csv-风景名胜.csv"},"geometry":{"type":"Point","coordinates":[121.440428,31.225246]}},{"id":"1555","type":"Feature","properties":{"id":"d5aa5d03-cf7f-3c57-82b6-ddc9899ae24c","name":"上海展览中心-西南广场","type":"风景名胜;公园广场;城市广场","typecode":"110105","address":"延安中路1000号(静安寺地铁站8号口步行410米)","location":"121.451660,31.223409","tel":"[]","pcode":310000,"pname":"上海市","citycode":21,"cityname":"上海市","adcode":310106,"adname":"静安区","gridcode":4621636620,"distance":941,"business_area":"淮海路","timestamp":"2023-04-04 16:41:15","biz_ext":"{\"rating\": \"3.2\", \"cost\": [], \"ticket_ordering\": \"0\"}","行业大类":"风景名胜","行业中类":"公园广场","行业小类":"城市广场","wgs84_loc":"121.447073,31.225301","wgs84Lng":121.447073,"wgs84Lat":31.225301,"__source_file__":"02-POI&AOI/1-POI/其它/23/Excel/分类/上海市-POI-2023.csv-风景名胜.csv"},"geometry":{"type":"Point","coordinates":[121.447073,31.225301]}},{"id":"3794","type":"Feature","properties":{"id":"1b78bec1-5a21-32be-b6d4-25e9b90a4dbd","name":"1920年毛泽东寓所旧址","type":"风景名胜;风景名胜;红色景区","typecode":"110210","address":"安义路63号(近常德路)(静安寺地铁站6号口步行200米)","location":"121.449797,31.223426","tel":"[]","pcode":310000,"pname":"上海市","citycode":21,"cityname":"上海市","adcode":310106,"adname":"静安区","gridcode":4621636522,"distance":969,"business_area":"曹家渡","timestamp":"2023-05-08 17:13:09","biz_ext":"{\"rating\": \"4.3\", \"cost\": [], \"ticket_ordering\": \"0\"}","行业大类":"风景名胜","行业中类":"风景名胜","行业小类":"红色景区","wgs84_loc":"121.445206,31.225314","wgs84Lng":121.445206,"wgs84Lat":31.225314,"__source_file__":"02-POI&AOI/1-POI/其它/23/Excel/分类/上海市-POI-2023.csv-风景名胜.csv"},"geometry":{"type":"Point","coordinates":[121.445206,31.225314]}},{"id":"5732","type":"Feature","properties":{"id":"f5c1c93d-7f1d-3333-9ea0-fc944d749a80","name":"青爱亭","type":"风景名胜;风景名胜相关;旅游景点","typecode":"110000","address":"南京西路1601号芮欧百货B2号(静安寺地铁站4号口旁)","location":"121.447530,31.223473","tel":"13292896007","pcode":310000,"pname":"上海市","citycode":21,"cityname":"上海市","adcode":310106,"adname":"静安区","gridcode":4621636522,"distance":1157,"business_area":"曹家渡","timestamp":"2023-03-19 09:09:08","biz_ext":"{\"rating\": \"3.8\", \"cost\": \"28.00\", \"ticket_ordering\": \"0\"}","行业大类":"风景名胜","行业中类":"风景名胜相关","行业小类":"旅游景点","wgs84_loc":"121.442933,31.225356","wgs84Lng":121.442933,"wgs84Lat":31.225356,"__source_file__":"02-POI&AOI/1-POI/其它/23/Excel/分类/上海市-POI-2023.csv-风景名胜.csv"},"geometry":{"type":"Point","coordinates":[121.442933,31.225356]}},{"id":"140","type":"Feature","properties":{"id":"91dfab85-b7e9-33bd-92d6-1cead1c38ec2","name":"静安寺","type":"风景名胜;风景名胜;寺庙道观","typecode":"110205","address":"南京西路1686号(静安寺地铁站1号口步行60米)","location":"121.445320,31.223505","tel":"021-62566366","pcode":310000,"pname":"上海市","citycode":21,"cityname":"上海市","adcode":310106,"adname":"静安区","gridcode":4621636521,"distance":831,"business_area":"曹家渡","timestamp":"2023-04-27 14:31:20","biz_ext":"{\"rating\": \"5.0\", \"cost\": \"50.00\", \"ticket_ordering\": \"0\"}","行业大类":"风景名胜","行业中类":"风景名胜","行业小类":"寺庙道观","wgs84_loc":"121.440718,31.225384","wgs84Lng":121.440718,"wgs84Lat":31.225384,"__source_file__":"02-POI&AOI/1-POI/其它/23/Excel/分类/上海市-POI-2023.csv-风景名胜.csv"},"geometry":{"type":"Point","coordinates":[121.440718,31.225384]}},{"id":"1758","type":"Feature","properties":{"id":"0f3049e1-57e4-3935-b677-0e00aa040ed2","name":"等觉堂","type":"风景名胜;风景名胜相关;旅游景点","typecode":"110000","address":"南京西路1686号静安寺内(静安寺地铁站1号口步行170米)","location":"121.445106,31.223513","tel":"021-62566366","pcode":310000,"pname":"上海市","citycode":21,"cityname":"上海市","adcode":310106,"adname":"静安区","gridcode":4621636521,"distance":1815,"business_area":"曹家渡","timestamp":"2023-02-01 10:29:26","biz_ext":"{\"rating\": [], \"cost\": [], \"ticket_ordering\": \"0\"}","行业大类":"风景名胜","行业中类":"风景名胜相关","行业小类":"旅游景点","wgs84_loc":"121.440504,31.225392","wgs84Lng":121.440504,"wgs84Lat":31.225392,"__source_file__":"02-POI&AOI/1-POI/其它/23/Excel/分类/上海市-POI-2023.csv-风景名胜.csv"},"geometry":{"type":"Point","coordinates":[121.440504,31.225392]}},{"id":"1711","type":"Feature","properties":{"id":"826c0381-edde-3651-b8b6-e5899be55d5e","name":"大雄宝殿","type":"风景名胜;风景名胜;寺庙道观","typecode":"110205","address":"南京西路1686号静安寺内(静安寺地铁站1号口步行130米)","location":"121.445289,31.223523","tel":"021-62566366","pcode":310000,"pname":"上海市","citycode":21,"cityname":"上海市","adcode":310106,"adname":"静安区","gridcode":4621636521,"distance":1832,"business_area":"曹家渡","timestamp":"2023-03-29 09:42:15","biz_ext":"{\"rating\": \"3.6\", \"cost\": [], \"ticket_ordering\": \"0\"}","行业大类":"风景名胜","行业中类":"风景名胜","行业小类":"寺庙道观","wgs84_loc":"121.440687,31.225402","wgs84Lng":121.440687,"wgs84Lat":31.225402,"__source_file__":"02-POI&AOI/1-POI/其它/23/Excel/分类/上海市-POI-2023.csv-风景名胜.csv"},"geometry":{"type":"Point","coordinates":[121.440687,31.225402]}},{"id":"2446","type":"Feature","properties":{"id":"0b1cf401-cbd6-3d9d-b9b9-a4d3a8c1a888","name":"静安寺-知思阁","type":"风景名胜;风景名胜;寺庙道观","typecode":"110205","address":"南京西路1686号(静安寺地铁站1号口步行90米)","location":"121.444923,31.223555","tel":"021-62566366","pcode":310000,"pname":"上海市","citycode":21,"cityname":"上海市","adcode":310106,"adname":"静安区","gridcode":4621636521,"distance":1798,"business_area":"曹家渡","timestamp":"2023-01-28 11:55:45","biz_ext":"{\"rating\": \"3.5\", \"cost\": [], \"ticket_ordering\": \"0\"}","行业大类":"风景名胜","行业中类":"风景名胜","行业小类":"寺庙道观","wgs84_loc":"121.44032,31.225433","wgs84Lng":121.44032,"wgs84Lat":31.225433,"__source_file__":"02-POI&AOI/1-POI/其它/23/Excel/分类/上海市-POI-2023.csv-风景名胜.csv"},"geometry":{"type":"Point","coordinates":[121.44032,31.225433]}},{"id":"1719","type":"Feature","properties":{"id":"d57d8ec1-513e-31e2-9e77-7dcd3fa5b621","name":"静安寺-遍觉堂","type":"风景名胜;风景名胜相关;旅游景点","typecode":"110000","address":"南京西路1686号静安寺内(静安寺地铁站1号口步行180米)","location":"121.444962,31.223567","tel":"021-62566366","pcode":310000,"pname":"上海市","citycode":21,"cityname":"上海市","adcode":310106,"adname":"静安区","gridcode":4621636521,"distance":1802,"business_area":"曹家渡","timestamp":"2023-01-28 11:55:32","biz_ext":"{\"rating\": \"2.5\", \"cost\": [], \"ticket_ordering\": \"0\"}","行业大类":"风景名胜","行业中类":"风景名胜相关","行业小类":"旅游景点","wgs84_loc":"121.44036,31.225446","wgs84Lng":121.44036,"wgs84Lat":31.225446,"__source_file__":"02-POI&AOI/1-POI/其它/23/Excel/分类/上海市-POI-2023.csv-风景名胜.csv"},"geometry":{"type":"Point","coordinates":[121.44036,31.225446]}},{"id":"3198","type":"Feature","properties":{"id":"b4793bfd-b61f-3da7-800e-cdd754d581c5","name":"源吉兆庵(久光百货店)","type":"风景名胜;风景名胜;纪念馆","typecode":"110204","address":"南京西路1618号久光百货B1楼近华山路","location":"121.446215,31.223586","tel":"[]","pcode":310000,"pname":"上海市","citycode":21,"cityname":"上海市","adcode":310106,"adname":"静安区","gridcode":4621636522,"distance":913,"business_area":"曹家渡","timestamp":"2023-01-13 19:05:13","biz_ext":"{\"rating\": \"2.2\", \"cost\": [], \"ticket_ordering\": \"0\"}","行业大类":"风景名胜","行业中类":"风景名胜","行业小类":"纪念馆","wgs84_loc":"121.441615,31.225467","wgs84Lng":121.441615,"wgs84Lat":31.225467,"__source_file__":"02-POI&AOI/1-POI/其它/23/Excel/分类/上海市-POI-2023.csv-风景名胜.csv"},"geometry":{"type":"Point","coordinates":[121.441615,31.225467]}},{"id":"2447","type":"Feature","properties":{"id":"230f86c4-1102-3e92-b3c6-defbd2fa78d5","name":"静安寺-东厢房","type":"风景名胜;风景名胜相关;旅游景点","typecode":"110000","address":"南京西路1686号静安寺内(静安寺地铁站2号口步行100米)","location":"121.445577,31.223592","tel":"021-62566366","pcode":310000,"pname":"上海市","citycode":21,"cityname":"上海市","adcode":310106,"adname":"静安区","gridcode":4621636521,"distance":1242,"business_area":"曹家渡","timestamp":"2023-01-28 11:55:45","biz_ext":"{\"rating\": \"2.6\", \"cost\": [], \"ticket_ordering\": \"0\"}","行业大类":"风景名胜","行业中类":"风景名胜相关","行业小类":"旅游景点","wgs84_loc":"121.440976,31.225472","wgs84Lng":121.440976,"wgs84Lat":31.225472,"__source_file__":"02-POI&AOI/1-POI/其它/23/Excel/分类/上海市-POI-2023.csv-风景名胜.csv"},"geometry":{"type":"Point","coordinates":[121.440976,31.225472]}},{"id":"2444","type":"Feature","properties":{"id":"092b7fb5-cdbe-3122-a760-52bdcb582069","name":"法堂","type":"风景名胜;风景名胜相关;旅游景点","typecode":"110000","address":"南京西路1686号(静安寺地铁站1号口步行150米)","location":"121.445142,31.223761","tel":"021-62566366","pcode":310000,"pname":"上海市","citycode":21,"cityname":"上海市","adcode":310106,"adname":"静安区","gridcode":4621636521,"distance":1823,"business_area":"曹家渡","timestamp":"2023-04-30 12:08:40","biz_ext":"{\"rating\": \"3.3\", \"cost\": [], \"ticket_ordering\": \"0\"}","行业大类":"风景名胜","行业中类":"风景名胜相关","行业小类":"旅游景点","wgs84_loc":"121.44054,31.22564","wgs84Lng":121.44054,"wgs84Lat":31.22564,"__source_file__":"02-POI&AOI/1-POI/其它/23/Excel/分类/上海市-POI-2023.csv-风景名胜.csv"},"geometry":{"type":"Point","coordinates":[121.44054,31.22564]}},{"id":"2445","type":"Feature","properties":{"id":"7434b36b-fdec-3b24-a417-451e2d054138","name":"静安寺-报思阁","type":"风景名胜;风景名胜;寺庙道观","typecode":"110205","address":"南京西路1686号(静安寺地铁站2号口步行140米)","location":"121.445427,31.223807","tel":"021-62566366","pcode":310000,"pname":"上海市","citycode":21,"cityname":"上海市","adcode":310106,"adname":"静安区","gridcode":4621636521,"distance":1252,"business_area":"曹家渡","timestamp":"2023-01-28 11:55:44","biz_ext":"{\"rating\": \"3.1\", \"cost\": [], \"ticket_ordering\": \"0\"}","行业大类":"风景名胜","行业中类":"风景名胜","行业小类":"寺庙道观","wgs84_loc":"121.440826,31.225686","wgs84Lng":121.440826,"wgs84Lat":31.225686,"__source_file__":"02-POI&AOI/1-POI/其它/23/Excel/分类/上海市-POI-2023.csv-风景名胜.csv"},"geometry":{"type":"Point","coordinates":[121.440826,31.225686]}},{"id":"812","type":"Feature","properties":{"id":"2047849f-dea6-39cc-af7d-b9bcd510acc3","name":"时间的贵族气息","type":"风景名胜;风景名胜;风景名胜","typecode":"110200","address":"南京西路与常德路交叉口南50米(静安寺地铁站10号口旁)","location":"121.447998,31.223822","tel":"[]","pcode":310000,"pname":"上海市","citycode":21,"cityname":"上海市","adcode":310106,"adname":"静安区","gridcode":4621636522,"distance":1105,"business_area":"湖南路","timestamp":"2023-05-12 13:02:21","biz_ext":"{\"rating\": \"3.3\", \"cost\": [], \"ticket_ordering\": \"0\"}","行业大类":"风景名胜","行业中类":"风景名胜","行业小类":"风景名胜","wgs84_loc":"121.443402,31.225706","wgs84Lng":121.443402,"wgs84Lat":31.225706,"__source_file__":"02-POI&AOI/1-POI/其它/23/Excel/分类/上海市-POI-2023.csv-风景名胜.csv"},"geometry":{"type":"Point","coordinates":[121.443402,31.225706]}},{"id":"2442","type":"Feature","properties":{"id":"73436795-5321-3717-aee3-a697757441ef","name":"静安佛塔","type":"风景名胜;风景名胜相关;旅游景点","typecode":"110000","address":"南京西路1686号(静安寺地铁站1号口步行150米)","location":"121.444874,31.223835","tel":"021-62566366","pcode":310000,"pname":"上海市","citycode":21,"cityname":"上海市","adcode":310106,"adname":"静安区","gridcode":4621636521,"distance":1800,"business_area":"曹家渡","timestamp":"2023-05-01 15:58:20","biz_ext":"{\"rating\": \"4.1\", \"cost\": [], \"ticket_ordering\": \"0\"}","行业大类":"风景名胜","行业中类":"风景名胜相关","行业小类":"旅游景点","wgs84_loc":"121.440271,31.225713","wgs84Lng":121.440271,"wgs84Lat":31.225713,"__source_file__":"02-POI&AOI/1-POI/其它/23/Excel/分类/上海市-POI-2023.csv-风景名胜.csv"},"geometry":{"type":"Point","coordinates":[121.440271,31.225713]}},{"id":"4324","type":"Feature","properties":{"id":"757ee088-55d0-3ac4-b239-cc27d77cfea8","name":"静安寺-药师殿","type":"风景名胜;风景名胜;寺庙道观","typecode":"110205","address":"南京西路1686号静安寺内(静安寺地铁站1号口步行170米)","location":"121.444998,31.223844","tel":"021-62566366","pcode":310000,"pname":"上海市","citycode":21,"cityname":"上海市","adcode":310106,"adname":"静安区","gridcode":4621636521,"distance":1812,"business_area":"曹家渡","timestamp":"2023-01-28 11:56:09","biz_ext":"{\"rating\": \"3.2\", \"cost\": [], \"ticket_ordering\": \"0\"}","行业大类":"风景名胜","行业中类":"风景名胜","行业小类":"寺庙道观","wgs84_loc":"121.440396,31.225722","wgs84Lng":121.440396,"wgs84Lat":31.225722,"__source_file__":"02-POI&AOI/1-POI/其它/23/Excel/分类/上海市-POI-2023.csv-风景名胜.csv"},"geometry":{"type":"Point","coordinates":[121.440396,31.225722]}},{"id":"116","type":"Feature","properties":{"id":"aa2b5ebd-3253-30a9-992b-565d789eacb3","name":"新恩堂","type":"风景名胜;风景名胜;教堂","typecode":"110206","address":"乌鲁木齐北路25号(武定路地铁站2号口步行480米)","location":"121.440830,31.224723","tel":"021-62580451","pcode":310000,"pname":"上海市","citycode":21,"cityname":"上海市","adcode":310106,"adname":"静安区","gridcode":4621636520,"distance":1307,"business_area":"曹家渡","timestamp":"2023-05-08 19:48:23","biz_ext":"{\"rating\": \"4.4\", \"cost\": [], \"ticket_ordering\": \"0\"}","行业大类":"风景名胜","行业中类":"风景名胜","行业小类":"教堂","wgs84_loc":"121.436219,31.226594","wgs84Lng":121.436219,"wgs84Lat":31.226594,"__source_file__":"02-POI&AOI/1-POI/其它/23/Excel/分类/上海市-POI-2023.csv-风景名胜.csv"},"geometry":{"type":"Point","coordinates":[121.436219,31.226594]}},{"id":"1052","type":"Feature","properties":{"id":"9ed71f35-267f-39a6-a97d-18eb32add157","name":"虞哲光旧居","type":"风景名胜;风景名胜;纪念馆","typecode":"110204","address":"胶州路125弄1-15号(静安寺地铁站2号口步行470米)","location":"121.443975,31.226122","tel":"[]","pcode":310000,"pname":"上海市","citycode":21,"cityname":"上海市","adcode":310106,"adname":"静安区","gridcode":4621637501,"distance":1316,"business_area":"曹家渡","timestamp":"2023-01-16 20:45:45","biz_ext":"{\"rating\": \"4.0\", \"cost\": [], \"ticket_ordering\": \"0\"}","行业大类":"风景名胜","行业中类":"风景名胜","行业小类":"纪念馆","wgs84_loc":"121.43937,31.227998","wgs84Lng":121.43937,"wgs84Lat":31.227998,"__source_file__":"02-POI&AOI/1-POI/其它/23/Excel/分类/上海市-POI-2023.csv-风景名胜.csv"},"geometry":{"type":"Point","coordinates":[121.43937,31.227998]}},{"id":"3025","type":"Feature","properties":{"id":"800dc91c-d084-34ec-81e4-2281c230c0a4","name":"张学良公馆","type":"风景名胜;风景名胜相关;旅游景点","typecode":"110000","address":"皋兰路1号(近复兴公园)(淮海中路地铁站1号口步行470米)","location":"121.467460,31.217320","tel":"[]","pcode":310000,"pname":"上海市","citycode":21,"cityname":"上海市","adcode":310101,"adname":"黄浦区","gridcode":4621636701,"distance":1227,"business_area":"淮海路","timestamp":"2023-04-29 13:39:16","biz_ext":"{\"rating\": \"4.0\", \"cost\": [], \"ticket_ordering\": \"0\"}","行业大类":"风景名胜","行业中类":"风景名胜相关","行业小类":"旅游景点","wgs84_loc":"121.462918,31.219252","wgs84Lng":121.462918,"wgs84Lat":31.219252,"__source_file__":"02-POI&AOI/1-POI/其它/23/Excel/分类/上海市-POI-2023.csv-风景名胜.csv"},"geometry":{"type":"Point","coordinates":[121.462918,31.219252]}},{"id":"6282","type":"Feature","properties":{"id":"c9e2121c-1b71-3ad0-8bc2-9e483fec9bbc","name":"复兴公园音乐喷泉(建设中)","type":"风景名胜;风景名胜;风景名胜","typecode":"110200","address":"复兴中路516号复兴公园","location":"121.469375,31.217406","tel":"021-53860187","pcode":310000,"pname":"上海市","citycode":21,"cityname":"上海市","adcode":310101,"adname":"黄浦区","gridcode":4621636701,"distance":1010,"business_area":"淮海路","timestamp":"2023-01-28 11:56:19","biz_ext":"{\"rating\": [], \"cost\": [], \"ticket_ordering\": \"0\"}","行业大类":"风景名胜","行业中类":"风景名胜","行业小类":"风景名胜","wgs84_loc":"121.464839,31.219343","wgs84Lng":121.464839,"wgs84Lat":31.219343,"__source_file__":"02-POI&AOI/1-POI/其它/23/Excel/分类/上海市-POI-2023.csv-风景名胜.csv"},"geometry":{"type":"Point","coordinates":[121.464839,31.219343]}},{"id":"1807","type":"Feature","properties":{"id":"6dbd4b23-e9cc-378f-b7eb-40b478b02bc5","name":"沉床花坛","type":"风景名胜;风景名胜相关;旅游景点","typecode":"110000","address":"复兴中路516号复兴公园内(东北角)","location":"121.469795,31.217601","tel":"021-53860187","pcode":310000,"pname":"上海市","citycode":21,"cityname":"上海市","adcode":310101,"adname":"黄浦区","gridcode":4621636701,"distance":1137,"business_area":"淮海路","timestamp":"2023-04-20 03:25:33","biz_ext":"{\"rating\": \"3.4\", \"cost\": [], \"ticket_ordering\": \"0\"}","行业大类":"风景名胜","行业中类":"风景名胜相关","行业小类":"旅游景点","wgs84_loc":"121.465261,31.219539","wgs84Lng":121.465261,"wgs84Lat":31.219539,"__source_file__":"02-POI&AOI/1-POI/其它/23/Excel/分类/上海市-POI-2023.csv-风景名胜.csv"},"geometry":{"type":"Point","coordinates":[121.465261,31.219539]}},{"id":"3812","type":"Feature","properties":{"id":"922d9d95-2b5d-332c-8adb-a85fb5f913bb","name":"杨森故居","type":"风景名胜;风景名胜;纪念馆","typecode":"110204","address":"思南路与南昌路交叉口南60米","location":"121.466476,31.217695","tel":"[]","pcode":310000,"pname":"上海市","citycode":21,"cityname":"上海市","adcode":310101,"adname":"黄浦区","gridcode":4621636700,"distance":1447,"business_area":"淮海路","timestamp":"2023-05-04 01:37:52","biz_ext":"{\"rating\": \"3.6\", \"cost\": [], \"ticket_ordering\": \"0\"}","行业大类":"风景名胜","行业中类":"风景名胜","行业小类":"纪念馆","wgs84_loc":"121.461931,31.219624","wgs84Lng":121.461931,"wgs84Lat":31.219624,"__source_file__":"02-POI&AOI/1-POI/其它/23/Excel/分类/上海市-POI-2023.csv-风景名胜.csv"},"geometry":{"type":"Point","coordinates":[121.461931,31.219624]}},{"id":"1434","type":"Feature","properties":{"id":"758d4ce5-e958-3575-890b-b8ec43e9aade","name":"春广场","type":"风景名胜;公园广场;城市广场","typecode":"110105","address":"复兴中路516号复兴公园(西北角)","location":"121.468328,31.217795","tel":"021-53860187","pcode":310000,"pname":"上海市","citycode":21,"cityname":"上海市","adcode":310101,"adname":"黄浦区","gridcode":4621636701,"distance":1270,"business_area":"淮海路","timestamp":"2023-04-30 10:13:55","biz_ext":"{\"rating\": \"3.7\", \"cost\": [], \"ticket_ordering\": \"0\"}","行业大类":"风景名胜","行业中类":"公园广场","行业小类":"城市广场","wgs84_loc":"121.463789,31.219729","wgs84Lng":121.463789,"wgs84Lat":31.219729,"__source_file__":"02-POI&AOI/1-POI/其它/23/Excel/分类/上海市-POI-2023.csv-风景名胜.csv"},"geometry":{"type":"Point","coordinates":[121.463789,31.219729]}},{"id":"5554","type":"Feature","properties":{"id":"25d9c2d9-8ac6-3261-be20-a686f03cd9d2","name":"卷卷动物园","type":"风景名胜;公园广场;动物园","typecode":"110102","address":"自忠路448号2层(近卢湾三中心小学,近新天地地铁站6号口)","location":"121.471968,31.217847","tel":"15000879067","pcode":310000,"pname":"上海市","citycode":21,"cityname":"上海市","adcode":310101,"adname":"黄浦区","gridcode":4621636702,"distance":1524,"business_area":"淮海路","timestamp":"2023-04-24 05:16:26","biz_ext":"{\"rating\": \"4.3\", \"cost\": [], \"ticket_ordering\": \"0\"}","行业大类":"风景名胜","行业中类":"公园广场","行业小类":"动物园","wgs84_loc":"121.46744,31.21979","wgs84Lng":121.46744,"wgs84Lat":31.21979,"__source_file__":"02-POI&AOI/1-POI/其它/23/Excel/分类/上海市-POI-2023.csv-风景名胜.csv"},"geometry":{"type":"Point","coordinates":[121.46744,31.21979]}},{"id":"5738","type":"Feature","properties":{"id":"0038beee-c7a0-35b5-9433-620d010e81ac","name":"陈伯吹旧居","type":"风景名胜;风景名胜;纪念馆","typecode":"110204","address":"瑞金二路南昌路272弄小区","location":"121.464037,31.217902","tel":"[]","pcode":310000,"pname":"上海市","citycode":21,"cityname":"上海市","adcode":310101,"adname":"黄浦区","gridcode":4621636700,"distance":994,"business_area":"淮海路","timestamp":"2023-05-04 01:06:44","biz_ext":"{\"rating\": \"2.9\", \"cost\": [], \"ticket_ordering\": \"0\"}","行业大类":"风景名胜","行业中类":"风景名胜","行业小类":"纪念馆","wgs84_loc":"121.459485,31.219825","wgs84Lng":121.459485,"wgs84Lat":31.219825,"__source_file__":"02-POI&AOI/1-POI/其它/23/Excel/分类/上海市-POI-2023.csv-风景名胜.csv"},"geometry":{"type":"Point","coordinates":[121.459485,31.219825]}},{"id":"6277","type":"Feature","properties":{"id":"358995aa-71bb-39f0-aa13-c7052bc223f0","name":"唐宅","type":"风景名胜;风景名胜;风景名胜","typecode":"110200","address":"南昌路63号","location":"121.466226,31.217981","tel":"[]","pcode":310000,"pname":"上海市","citycode":21,"cityname":"上海市","adcode":310101,"adname":"黄浦区","gridcode":4621636700,"distance":1477,"business_area":"淮海路","timestamp":"2022-11-23 04:57:51","biz_ext":"{\"rating\": \"3.7\", \"cost\": [], \"ticket_ordering\": \"0\"}","行业大类":"风景名胜","行业中类":"风景名胜","行业小类":"风景名胜","wgs84_loc":"121.46168,31.219909","wgs84Lng":121.46168,"wgs84Lat":31.219909,"__source_file__":"02-POI&AOI/1-POI/其它/23/Excel/分类/上海市-POI-2023.csv-风景名胜.csv"},"geometry":{"type":"Point","coordinates":[121.46168,31.219909]}},{"id":"1421","type":"Feature","properties":{"id":"e23188cb-c2ca-3708-8fb9-4c0ca8776d3e","name":"复兴公园-马恩雕像","type":"风景名胜;风景名胜;风景名胜","typecode":"110200","address":"复兴中路516号复兴公园内(北侧)","location":"121.469328,31.218038","tel":"021-53860187","pcode":310000,"pname":"上海市","citycode":21,"cityname":"上海市","adcode":310101,"adname":"黄浦区","gridcode":4621636701,"distance":1290,"business_area":"淮海路","timestamp":"2023-04-20 16:13:23","biz_ext":"{\"rating\": \"4.3\", \"cost\": [], \"ticket_ordering\": \"0\"}","行业大类":"风景名胜","行业中类":"风景名胜","行业小类":"风景名胜","wgs84_loc":"121.464792,31.219974","wgs84Lng":121.464792,"wgs84Lat":31.219974,"__source_file__":"02-POI&AOI/1-POI/其它/23/Excel/分类/上海市-POI-2023.csv-风景名胜.csv"},"geometry":{"type":"Point","coordinates":[121.464792,31.219974]}},{"id":"319","type":"Feature","properties":{"id":"8b5be097-5968-37d8-9a90-f521ef06e210","name":"第一次国共合作时期国民党上海执行部旧址","type":"风景名胜;风景名胜相关;旅游景点","typecode":"110000","address":"南昌路180号(淮海中路地铁站1号口步行290米)","location":"121.466624,31.218395","tel":"[]","pcode":310000,"pname":"上海市","citycode":21,"cityname":"上海市","adcode":310101,"adname":"黄浦区","gridcode":4621636700,"distance":1452,"business_area":"淮海路","timestamp":"2023-03-25 08:20:04","biz_ext":"{\"rating\": \"4.0\", \"cost\": [], \"ticket_ordering\": \"0\"}","行业大类":"风景名胜","行业中类":"风景名胜相关","行业小类":"旅游景点","wgs84_loc":"121.46208,31.220324","wgs84Lng":121.46208,"wgs84Lat":31.220324,"__source_file__":"02-POI&AOI/1-POI/其它/23/Excel/分类/上海市-POI-2023.csv-风景名胜.csv"},"geometry":{"type":"Point","coordinates":[121.46208,31.220324]}},{"id":"519","type":"Feature","properties":{"id":"7e27b705-bf7e-3d9e-9c14-687acf64bc5a","name":"黄宾虹旧居","type":"风景名胜;风景名胜;纪念馆","typecode":"110204","address":"自忠路420号(一大会址·新天地地铁站6号口步行400米)","location":"121.472425,31.217954","tel":"[]","pcode":310000,"pname":"上海市","citycode":21,"cityname":"上海市","adcode":310101,"adname":"黄浦区","gridcode":4621636702,"distance":1273,"business_area":"淮海路","timestamp":"2023-04-21 15:05:12","biz_ext":"{\"rating\": \"3.9\", \"cost\": [], \"ticket_ordering\": \"0\"}","行业大类":"风景名胜","行业中类":"风景名胜","行业小类":"纪念馆","wgs84_loc":"121.467899,31.219899","wgs84Lng":121.467899,"wgs84Lat":31.219899,"__source_file__":"02-POI&AOI/1-POI/其它/23/Excel/分类/上海市-POI-2023.csv-风景名胜.csv"},"geometry":{"type":"Point","coordinates":[121.467899,31.219899]}},{"id":"520","type":"Feature","properties":{"id":"acbedb7a-2eb8-392c-9193-0376645d710d","name":"上海工人第三次武装起义发布命令地点","type":"风景名胜;风景名胜;风景名胜|科教文化服务;展览馆;展览馆","typecode":"110200|140200","address":"自忠路361号(一大会址·新天地地铁站6号口步行300米)","location":"121.473885,31.218108","tel":"[]","pcode":310000,"pname":"上海市","citycode":21,"cityname":"上海市","adcode":310101,"adname":"黄浦区","gridcode":4621636702,"distance":1199,"business_area":"淮海路","timestamp":"2022-11-08 13:18:54","biz_ext":"{\"rating\": \"3.9\", \"cost\": [], \"ticket_ordering\": \"0\"}","行业大类":"风景名胜","行业中类":"风景名胜","行业小类":"风景名胜|科教文化服务","wgs84_loc":"121.469364,31.220057","wgs84Lng":121.469364,"wgs84Lat":31.220057,"__source_file__":"02-POI&AOI/1-POI/其它/23/Excel/分类/上海市-POI-2023.csv-风景名胜.csv"},"geometry":{"type":"Point","coordinates":[121.469364,31.220057]}},{"id":"3994","type":"Feature","properties":{"id":"753f0d57-199c-3c71-af41-86f03d7c1708","name":"八仙花主题园中园","type":"风景名胜;风景名胜相关;旅游景点","typecode":"110000","address":"黄陂南路太平桥公园(西南角)","location":"121.476114,31.218939","tel":"[]","pcode":310000,"pname":"上海市","citycode":21,"cityname":"上海市","adcode":310101,"adname":"黄浦区","gridcode":4621636800,"distance":1744,"business_area":"淮海路","timestamp":"2023-05-13 09:53:36","biz_ext":"{\"rating\": \"3.2\", \"cost\": [], \"ticket_ordering\": \"0\"}","行业大类":"风景名胜","行业中类":"风景名胜相关","行业小类":"旅游景点","wgs84_loc":"121.4716,31.220893","wgs84Lng":121.4716,"wgs84Lat":31.220893,"__source_file__":"02-POI&AOI/1-POI/其它/23/Excel/分类/上海市-POI-2023.csv-风景名胜.csv"},"geometry":{"type":"Point","coordinates":[121.4716,31.220893]}},{"id":"42","type":"Feature","properties":{"id":"7ca082be-e8da-3ed8-adcd-a159b73ae29b","name":"太平桥公园","type":"风景名胜;公园广场;公园","typecode":"110101","address":"自忠路170号(一大会址·新天地地铁站1号口步行490米)","location":"121.476886,31.219671","tel":"[]","pcode":310000,"pname":"上海市","citycode":21,"cityname":"上海市","adcode":310101,"adname":"黄浦区","gridcode":4621636810,"distance":1217,"business_area":"淮海路","timestamp":"2023-04-26 19:45:02","biz_ext":"{\"rating\": \"4.7\", \"cost\": [], \"ticket_ordering\": \"0\"}","行业大类":"风景名胜","行业中类":"公园广场","行业小类":"公园","wgs84_loc":"121.472374,31.221627","wgs84Lng":121.472374,"wgs84Lat":31.221627,"__source_file__":"02-POI&AOI/1-POI/其它/23/Excel/分类/上海市-POI-2023.csv-风景名胜.csv"},"geometry":{"type":"Point","coordinates":[121.472374,31.221627]}},{"id":"2959","type":"Feature","properties":{"id":"61a86bf7-de6e-3b6e-90fb-888efedeeb24","name":"新天地太平湖","type":"风景名胜;公园广场;公园","typecode":"110101","address":"湖滨路168号","location":"121.477885,31.219851","tel":"[]","pcode":310000,"pname":"上海市","citycode":21,"cityname":"上海市","adcode":310101,"adname":"黄浦区","gridcode":4621636810,"distance":1366,"business_area":"淮海路","timestamp":"2023-04-26 19:30:57","biz_ext":"{\"rating\": \"4.6\", \"cost\": [], \"ticket_ordering\": \"0\"}","行业大类":"风景名胜","行业中类":"公园广场","行业小类":"公园","wgs84_loc":"121.473377,31.22181","wgs84Lng":121.473377,"wgs84Lat":31.22181,"__source_file__":"02-POI&AOI/1-POI/其它/23/Excel/分类/上海市-POI-2023.csv-风景名胜.csv"},"geometry":{"type":"Point","coordinates":[121.473377,31.22181]}},{"id":"5339","type":"Feature","properties":{"id":"bba37408-eeb4-34ef-ad60-7db1aa1841d2","name":"中共中央秘书处机关旧址文馀里","type":"风景名胜;风景名胜相关;旅游景点","typecode":"110000","address":"黄陂南路374号中国共产党第一次全国代表大会会址纪念馆","location":"121.475917,31.219870","tel":"[]","pcode":310000,"pname":"上海市","citycode":21,"cityname":"上海市","adcode":310101,"adname":"黄浦区","gridcode":4621636810,"distance":1272,"business_area":"淮海路","timestamp":"2022-12-30 20:50:23","biz_ext":"{\"rating\": \"3.4\", \"cost\": [], \"ticket_ordering\": \"0\"}","行业大类":"风景名胜","行业中类":"风景名胜相关","行业小类":"旅游景点","wgs84_loc":"121.471402,31.221823","wgs84Lng":121.471402,"wgs84Lat":31.221823,"__source_file__":"02-POI&AOI/1-POI/其它/23/Excel/分类/上海市-POI-2023.csv-风景名胜.csv"},"geometry":{"type":"Point","coordinates":[121.471402,31.221823]}},{"id":"4823","type":"Feature","properties":{"id":"5c7bda59-1031-3876-bdfa-9aa330cd3669","name":"石库门景区","type":"风景名胜;风景名胜相关;旅游景点","typecode":"110000","address":"兴业路与马当路交叉口东北40米","location":"121.474684,31.219891","tel":"[]","pcode":310000,"pname":"上海市","citycode":21,"cityname":"上海市","adcode":310101,"adname":"黄浦区","gridcode":4621636712,"distance":841,"business_area":"新天地(自忠路)","timestamp":"2023-05-12 03:06:49","biz_ext":"{\"rating\": \"4.5\", \"cost\": [], \"ticket_ordering\": \"0\"}","行业大类":"风景名胜","行业中类":"风景名胜相关","行业小类":"旅游景点","wgs84_loc":"121.470165,31.221841","wgs84Lng":121.470165,"wgs84Lat":31.221841,"__source_file__":"02-POI&AOI/1-POI/其它/23/Excel/分类/上海市-POI-2023.csv-风景名胜.csv"},"geometry":{"type":"Point","coordinates":[121.470165,31.221841]}},{"id":"5356","type":"Feature","properties":{"id":"1e5690a0-00e4-3ce7-9002-c3b196db1d30","name":"中共中央联络处旧址永安里","type":"风景名胜;风景名胜相关;旅游景点","typecode":"110000","address":"黄陂南路374号中国共产党第一次全国代表大会会址纪念馆","location":"121.475899,31.219907","tel":"[]","pcode":310000,"pname":"上海市","citycode":21,"cityname":"上海市","adcode":310101,"adname":"黄浦区","gridcode":4621636810,"distance":759,"business_area":"淮海路","timestamp":"2022-12-30 20:48:43","biz_ext":"{\"rating\": \"4.1\", \"cost\": [], \"ticket_ordering\": \"0\"}","行业大类":"风景名胜","行业中类":"风景名胜相关","行业小类":"旅游景点","wgs84_loc":"121.471384,31.22186","wgs84Lng":121.471384,"wgs84Lat":31.22186,"__source_file__":"02-POI&AOI/1-POI/其它/23/Excel/分类/上海市-POI-2023.csv-风景名胜.csv"},"geometry":{"type":"Point","coordinates":[121.471384,31.22186]}},{"id":"674","type":"Feature","properties":{"id":"ed5623e7-c62c-37d1-8c9a-5b969c68ecfb","name":"林风眠旧居","type":"风景名胜;风景名胜;纪念馆","typecode":"110204","address":"南昌路53号(淮海中路地铁站1号口步行390米)","location":"121.467716,31.218538","tel":"[]","pcode":310000,"pname":"上海市","citycode":21,"cityname":"上海市","adcode":310101,"adname":"黄浦区","gridcode":4621636701,"distance":1357,"business_area":"淮海路","timestamp":"2023-05-10 07:11:55","biz_ext":"{\"rating\": \"4.1\", \"cost\": [], \"ticket_ordering\": \"0\"}","行业大类":"风景名胜","行业中类":"风景名胜","行业小类":"纪念馆","wgs84_loc":"121.463175,31.22047","wgs84Lng":121.463175,"wgs84Lat":31.22047,"__source_file__":"02-POI&AOI/1-POI/其它/23/Excel/分类/上海市-POI-2023.csv-风景名胜.csv"},"geometry":{"type":"Point","coordinates":[121.463175,31.22047]}},{"id":"161","type":"Feature","properties":{"id":"975065c0-3820-3595-9e68-f125e274aca5","name":"玉兰园","type":"风景名胜;公园广场;公园","typecode":"110101","address":"重庆南路100号","location":"121.471009,31.218565","tel":"[]","pcode":310000,"pname":"上海市","citycode":21,"cityname":"上海市","adcode":310101,"adname":"黄浦区","gridcode":4621636702,"distance":1506,"business_area":"淮海路","timestamp":"2023-04-26 19:43:24","biz_ext":"{\"rating\": \"4.0\", \"cost\": [], \"ticket_ordering\": \"0\"}","行业大类":"风景名胜","行业中类":"公园广场","行业小类":"公园","wgs84_loc":"121.466478,31.220506","wgs84Lng":121.466478,"wgs84Lat":31.220506,"__source_file__":"02-POI&AOI/1-POI/其它/23/Excel/分类/上海市-POI-2023.csv-风景名胜.csv"},"geometry":{"type":"Point","coordinates":[121.466478,31.220506]}},{"id":"3401","type":"Feature","properties":{"id":"913832e1-cbdf-31ab-b6f9-6be78e6e9903","name":"吴稚晖故居","type":"风景名胜;风景名胜;纪念馆","typecode":"110204","address":"南昌路与思南路交叉口东北140米","location":"121.467476,31.218884","tel":"[]","pcode":310000,"pname":"上海市","citycode":21,"cityname":"上海市","adcode":310101,"adname":"黄浦区","gridcode":4621636701,"distance":1390,"business_area":"淮海路","timestamp":"2023-04-21 23:59:13","biz_ext":"{\"rating\": \"1.9\", \"cost\": [], \"ticket_ordering\": \"0\"}","行业大类":"风景名胜","行业中类":"风景名胜","行业小类":"纪念馆","wgs84_loc":"121.462934,31.220815","wgs84Lng":121.462934,"wgs84Lat":31.220815,"__source_file__":"02-POI&AOI/1-POI/其它/23/Excel/分类/上海市-POI-2023.csv-风景名胜.csv"},"geometry":{"type":"Point","coordinates":[121.462934,31.220815]}},{"id":"4061","type":"Feature","properties":{"id":"fb9b0e29-5876-3036-b33a-2267c42af69a","name":"不可思议减压馆","type":"风景名胜;风景名胜相关;旅游景点","typecode":"110000","address":"淮海中路755号4层(淮海中路地铁站1号口步行110米)","location":"121.464500,31.218904","tel":"15921577745;4000515298","pcode":310000,"pname":"上海市","citycode":21,"cityname":"上海市","adcode":310101,"adname":"黄浦区","gridcode":4621636700,"distance":919,"business_area":"淮海路","timestamp":"2023-05-12 22:28:20","biz_ext":"{\"rating\": \"4.5\", \"cost\": \"1.00\", \"ticket_ordering\": \"0\"}","行业大类":"风景名胜","行业中类":"风景名胜相关","行业小类":"旅游景点","wgs84_loc":"121.459949,31.220828","wgs84Lng":121.459949,"wgs84Lat":31.220828,"__source_file__":"02-POI&AOI/1-POI/其它/23/Excel/分类/上海市-POI-2023.csv-风景名胜.csv"},"geometry":{"type":"Point","coordinates":[121.459949,31.220828]}},{"id":"1198","type":"Feature","properties":{"id":"f295d8aa-cb19-3011-b5c0-54fd1e10cbfc","name":"爱司公寓旧址","type":"风景名胜;风景名胜相关;旅游景点","typecode":"110000","address":"瑞金一路150号(近淮海中路)","location":"121.463688,31.219023","tel":"[]","pcode":310000,"pname":"上海市","citycode":21,"cityname":"上海市","adcode":310101,"adname":"黄浦区","gridcode":4621636700,"distance":868,"business_area":"淮海路","timestamp":"2023-01-16 20:31:03","biz_ext":"{\"rating\": \"3.4\", \"cost\": [], \"ticket_ordering\": \"0\"}","行业大类":"风景名胜","行业中类":"风景名胜相关","行业小类":"旅游景点","wgs84_loc":"121.459135,31.220944","wgs84Lng":121.459135,"wgs84Lat":31.220944,"__source_file__":"02-POI&AOI/1-POI/其它/23/Excel/分类/上海市-POI-2023.csv-风景名胜.csv"},"geometry":{"type":"Point","coordinates":[121.459135,31.220944]}},{"id":"3646","type":"Feature","properties":{"id":"e5cce9e2-1108-35ef-8b6e-51f1868359ea","name":"市中心淮海中路海派名人故居一居(南昌路店)","type":"风景名胜;风景名胜;风景名胜","typecode":"110200","address":"淮海中路与成都南路交叉口南160米","location":"121.467768,31.219192","tel":"[]","pcode":310000,"pname":"上海市","citycode":21,"cityname":"上海市","adcode":310101,"adname":"黄浦区","gridcode":4621636701,"distance":1375,"business_area":"淮海路","timestamp":"2023-01-16 11:51:29","biz_ext":"{\"rating\": \"3.4\", \"cost\": [], \"ticket_ordering\": \"0\"}","行业大类":"风景名胜","行业中类":"风景名胜","行业小类":"风景名胜","wgs84_loc":"121.463227,31.221124","wgs84Lng":121.463227,"wgs84Lat":31.221124,"__source_file__":"02-POI&AOI/1-POI/其它/23/Excel/分类/上海市-POI-2023.csv-风景名胜.csv"},"geometry":{"type":"Point","coordinates":[121.463227,31.221124]}},{"id":"583","type":"Feature","properties":{"id":"4a4977d2-0893-36cb-8d4f-3509ac93ba50","name":"中国共产党发起组成立地(《新青年》编辑部)旧址","type":"风景名胜;风景名胜;红色景区","typecode":"110210","address":"南昌路100弄2号","location":"121.468797,31.219482","tel":"[]","pcode":310000,"pname":"上海市","citycode":21,"cityname":"上海市","adcode":310101,"adname":"黄浦区","gridcode":4621636711,"distance":1147,"business_area":"淮海路","timestamp":"2023-04-18 15:57:37","biz_ext":"{\"rating\": \"4.6\", \"cost\": [], \"ticket_ordering\": \"0\"}","行业大类":"风景名胜","行业中类":"风景名胜","行业小类":"红色景区","wgs84_loc":"121.464259,31.221416","wgs84Lng":121.464259,"wgs84Lat":31.221416,"__source_file__":"02-POI&AOI/1-POI/其它/23/Excel/分类/上海市-POI-2023.csv-风景名胜.csv"},"geometry":{"type":"Point","coordinates":[121.464259,31.221416]}},{"id":"326","type":"Feature","properties":{"id":"da1f9e8b-f5a2-38d8-b417-caa32d6a90b0","name":"中华职业教育社旧址","type":"风景名胜;风景名胜相关;旅游景点","typecode":"110000","address":"雁荡路80号","location":"121.469651,31.219490","tel":"[]","pcode":310000,"pname":"上海市","citycode":21,"cityname":"上海市","adcode":310101,"adname":"黄浦区","gridcode":4621636711,"distance":1490,"business_area":"淮海路","timestamp":"2023-04-17 13:18:19","biz_ext":"{\"rating\": \"4.2\", \"cost\": [], \"ticket_ordering\": \"0\"}","行业大类":"风景名胜","行业中类":"风景名胜相关","行业小类":"旅游景点","wgs84_loc":"121.465116,31.221427","wgs84Lng":121.465116,"wgs84Lat":31.221427,"__source_file__":"02-POI&AOI/1-POI/其它/23/Excel/分类/上海市-POI-2023.csv-风景名胜.csv"},"geometry":{"type":"Point","coordinates":[121.465116,31.221427]}},{"id":"595","type":"Feature","properties":{"id":"0284c604-58e0-34d4-9f8e-131a1e0f0db7","name":"大同幼稚园旧址","type":"风景名胜;风景名胜;红色景区","typecode":"110210","address":"南昌路48号","location":"121.470468,31.219496","tel":"[]","pcode":310000,"pname":"上海市","citycode":21,"cityname":"上海市","adcode":310101,"adname":"黄浦区","gridcode":4621636711,"distance":1542,"business_area":"淮海路","timestamp":"2023-04-19 19:17:50","biz_ext":"{\"rating\": \"3.8\", \"cost\": [], \"ticket_ordering\": \"0\"}","行业大类":"风景名胜","行业中类":"风景名胜","行业小类":"红色景区","wgs84_loc":"121.465935,31.221435","wgs84Lng":121.465935,"wgs84Lat":31.221435,"__source_file__":"02-POI&AOI/1-POI/其它/23/Excel/分类/上海市-POI-2023.csv-风景名胜.csv"},"geometry":{"type":"Point","coordinates":[121.465935,31.221435]}},{"id":"169","type":"Feature","properties":{"id":"34d365c3-df51-3e63-9c12-69f5d2a67b74","name":"青年团中央机关旧址陈列室","type":"风景名胜;风景名胜;纪念馆","typecode":"110204","address":"淮海中路567弄1-3号(淮海中路地铁站1号口步行360米)","location":"121.468195,31.220489","tel":"021-53065872;021-53823370","pcode":310000,"pname":"上海市","citycode":21,"cityname":"上海市","adcode":310101,"adname":"黄浦区","gridcode":4621636711,"distance":1493,"business_area":"淮海路","timestamp":"2023-01-16 20:24:03","biz_ext":"{\"rating\": \"4.3\", \"cost\": [], \"ticket_ordering\": \"0\"}","行业大类":"风景名胜","行业中类":"风景名胜","行业小类":"纪念馆","wgs84_loc":"121.463655,31.222421","wgs84Lng":121.463655,"wgs84Lat":31.222421,"__source_file__":"02-POI&AOI/1-POI/其它/23/Excel/分类/上海市-POI-2023.csv-风景名胜.csv"},"geometry":{"type":"Point","coordinates":[121.463655,31.222421]}},{"id":"5352","type":"Feature","properties":{"id":"2efcc3cf-0981-3b1c-b6c8-1644ee7be5bf","name":"中共中央联络点遗址望德里","type":"风景名胜;风景名胜相关;旅游景点","typecode":"110000","address":"黄陂南路374号中国共产党第一次全国代表大会会址纪念馆","location":"121.475944,31.219908","tel":"[]","pcode":310000,"pname":"上海市","citycode":21,"cityname":"上海市","adcode":310101,"adname":"黄浦区","gridcode":4621636810,"distance":1275,"business_area":"淮海路","timestamp":"2022-12-30 20:49:37","biz_ext":"{\"rating\": \"3.6\", \"cost\": [], \"ticket_ordering\": \"0\"}","行业大类":"风景名胜","行业中类":"风景名胜相关","行业小类":"旅游景点","wgs84_loc":"121.471429,31.221861","wgs84Lng":121.471429,"wgs84Lat":31.221861,"__source_file__":"02-POI&AOI/1-POI/其它/23/Excel/分类/上海市-POI-2023.csv-风景名胜.csv"},"geometry":{"type":"Point","coordinates":[121.471429,31.221861]}},{"id":"5793","type":"Feature","properties":{"id":"07ce9f84-fae6-3c57-a6b6-9dcc73b68977","name":"中共一大纪念馆一大广场","type":"风景名胜;公园广场;城市广场","typecode":"110105","address":"黄陂南路与湖滨路交叉口","location":"121.476246,31.220104","tel":"[]","pcode":310000,"pname":"上海市","citycode":21,"cityname":"上海市","adcode":310101,"adname":"黄浦区","gridcode":4621636810,"distance":754,"business_area":"淮海路","timestamp":"2023-03-07 15:46:31","biz_ext":"{\"rating\": \"4.9\", \"cost\": [], \"ticket_ordering\": \"0\"}","行业大类":"风景名胜","行业中类":"公园广场","行业小类":"城市广场","wgs84_loc":"121.471732,31.222058","wgs84Lng":121.471732,"wgs84Lat":31.222058,"__source_file__":"02-POI&AOI/1-POI/其它/23/Excel/分类/上海市-POI-2023.csv-风景名胜.csv"},"geometry":{"type":"Point","coordinates":[121.471732,31.222058]}},{"id":"6323","type":"Feature","properties":{"id":"18fa8fde-877d-3b5a-8fb9-f338c567554f","name":"中国共产党第一次全国代表大会会址","type":"风景名胜;风景名胜相关;旅游景点","typecode":"110000","address":"兴业路76号(一大会址·黄陂南路地铁站2号口步行410米)","location":"121.475336,31.220129","tel":"021-53832171","pcode":310000,"pname":"上海市","citycode":21,"cityname":"上海市","adcode":310101,"adname":"黄浦区","gridcode":4621636810,"distance":814,"business_area":"淮海路","timestamp":"2023-05-08 19:42:34","biz_ext":"{\"rating\": \"4.8\", \"cost\": [], \"ticket_ordering\": \"0\"}","行业大类":"风景名胜","行业中类":"风景名胜相关","行业小类":"旅游景点","wgs84_loc":"121.470819,31.222081","wgs84Lng":121.470819,"wgs84Lat":31.222081,"__source_file__":"02-POI&AOI/1-POI/其它/23/Excel/分类/上海市-POI-2023.csv-风景名胜.csv"},"geometry":{"type":"Point","coordinates":[121.470819,31.222081]}},{"id":"176","type":"Feature","properties":{"id":"c02201d4-8f6c-37ec-840b-b82759f0b7f7","name":"中国共产党第一次全国代表大会会址纪念馆","type":"风景名胜;风景名胜;纪念馆","typecode":"110204","address":"黄陂南路374号","location":"121.475249,31.220151","tel":"021-53832171","pcode":310000,"pname":"上海市","citycode":21,"cityname":"上海市","adcode":310101,"adname":"黄浦区","gridcode":4621636810,"distance":821,"business_area":"新天地(自忠路)","timestamp":"2023-05-13 08:19:44","biz_ext":"{\"rating\": \"4.4\", \"cost\": [], \"ticket_ordering\": \"0\"}","行业大类":"风景名胜","行业中类":"风景名胜","行业小类":"纪念馆","wgs84_loc":"121.470732,31.222102","wgs84Lng":121.470732,"wgs84Lat":31.222102,"__source_file__":"02-POI&AOI/1-POI/其它/23/Excel/分类/上海市-POI-2023.csv-风景名胜.csv"},"geometry":{"type":"Point","coordinates":[121.470732,31.222102]}},{"id":"3633","type":"Feature","properties":{"id":"5605ec8e-ef54-35f2-89b5-ea34c141a73c","name":"太平湖公园·湖心岛","type":"风景名胜;风景名胜相关;旅游景点","typecode":"110000","address":"黄陂南路与太仓路交叉口东南40米","location":"121.475563,31.221411","tel":"[]","pcode":310000,"pname":"上海市","citycode":21,"cityname":"上海市","adcode":310101,"adname":"黄浦区","gridcode":4621636810,"distance":1425,"business_area":"淮海路","timestamp":"2023-04-19 21:03:42","biz_ext":"{\"rating\": \"4.0\", \"cost\": [], \"ticket_ordering\": \"0\"}","行业大类":"风景名胜","行业中类":"风景名胜相关","行业小类":"旅游景点","wgs84_loc":"121.471047,31.223363","wgs84Lng":121.471047,"wgs84Lat":31.223363,"__source_file__":"02-POI&AOI/1-POI/其它/23/Excel/分类/上海市-POI-2023.csv-风景名胜.csv"},"geometry":{"type":"Point","coordinates":[121.471047,31.223363]}},{"id":"5722","type":"Feature","properties":{"id":"8d001231-faea-3a33-b6c5-913ab6daa027","name":"沙千里旧居","type":"风景名胜;风景名胜;红色景区","typecode":"110210","address":"淡水路91弄15号","location":"121.473278,31.221454","tel":"[]","pcode":310000,"pname":"上海市","citycode":21,"cityname":"上海市","adcode":310101,"adname":"黄浦区","gridcode":4621636712,"distance":1369,"business_area":"淮海路","timestamp":"2022-07-28 16:53:03","biz_ext":"{\"rating\": \"3.3\", \"cost\": [], \"ticket_ordering\": \"0\"}","行业大类":"风景名胜","行业中类":"风景名胜","行业小类":"红色景区","wgs84_loc":"121.468754,31.223399","wgs84Lng":121.468754,"wgs84Lat":31.223399,"__source_file__":"02-POI&AOI/1-POI/其它/23/Excel/分类/上海市-POI-2023.csv-风景名胜.csv"},"geometry":{"type":"Point","coordinates":[121.468754,31.223399]}},{"id":"4958","type":"Feature","properties":{"id":"3d688e27-86df-32d4-8ce3-ba51fbfc5b34","name":"中国共产党第一次全国代表大会代表宿舍旧址","type":"风景名胜;风景名胜;红色景区|风景名胜;风景名胜;风景名胜","typecode":"110210|110200","address":"太仓路127号(一大会址·黄陂南路地铁站2号口步行370米)","location":"121.475811,31.221655","tel":"[]","pcode":310000,"pname":"上海市","citycode":21,"cityname":"上海市","adcode":310101,"adname":"黄浦区","gridcode":4621636810,"distance":1459,"business_area":"淮海路","timestamp":"2023-04-26 19:28:41","biz_ext":"{\"rating\": \"4.4\", \"cost\": [], \"ticket_ordering\": \"0\"}","行业大类":"风景名胜","行业中类":"风景名胜","行业小类":"红色景区|风景名胜","wgs84_loc":"121.471296,31.223607","wgs84Lng":121.471296,"wgs84Lat":31.223607,"__source_file__":"02-POI&AOI/1-POI/其它/23/Excel/分类/上海市-POI-2023.csv-风景名胜.csv"},"geometry":{"type":"Point","coordinates":[121.471296,31.223607]}},{"id":"571","type":"Feature","properties":{"id":"7815bcee-04bb-3819-8039-1287af7ddd85","name":"四明里休闲广场","type":"风景名胜;公园广场;公园广场","typecode":"110100","address":"淮海中路(一大会址·黄陂南路地铁站1号口旁)","location":"121.472081,31.221773","tel":"[]","pcode":310000,"pname":"上海市","citycode":21,"cityname":"上海市","adcode":310101,"adname":"黄浦区","gridcode":4621636712,"distance":1386,"business_area":"淮海路","timestamp":"2023-05-12 11:02:15","biz_ext":"{\"rating\": \"3.5\", \"cost\": [], \"ticket_ordering\": \"0\"}","行业大类":"风景名胜","行业中类":"公园广场","行业小类":"公园广场","wgs84_loc":"121.467553,31.223715","wgs84Lng":121.467553,"wgs84Lat":31.223715,"__source_file__":"02-POI&AOI/1-POI/其它/23/Excel/分类/上海市-POI-2023.csv-风景名胜.csv"},"geometry":{"type":"Point","coordinates":[121.467553,31.223715]}},{"id":"3370","type":"Feature","properties":{"id":"6353dcb2-2bc1-3b91-b6a2-b2896f0aeefa","name":"宝馔(衡山路店)","type":"风景名胜;风景名胜相关;旅游景点","typecode":"110000","address":"衡山路932号太平洋百货(近黄陂南路)","location":"121.474099,31.222534","tel":"[]","pcode":310000,"pname":"上海市","citycode":21,"cityname":"上海市","adcode":310101,"adname":"黄浦区","gridcode":4621636722,"distance":1504,"business_area":"淮海路","timestamp":"2023-04-23 23:55:08","biz_ext":"{\"rating\": \"3.7\", \"cost\": [], \"ticket_ordering\": \"0\"}","行业大类":"风景名胜","行业中类":"风景名胜相关","行业小类":"旅游景点","wgs84_loc":"121.469578,31.224481","wgs84Lng":121.469578,"wgs84Lat":31.224481,"__source_file__":"02-POI&AOI/1-POI/其它/23/Excel/分类/上海市-POI-2023.csv-风景名胜.csv"},"geometry":{"type":"Point","coordinates":[121.469578,31.224481]}},{"id":"4442","type":"Feature","properties":{"id":"c11a202e-6c2d-3670-a900-c920450a5eba","name":"新天地-下沉式广场","type":"风景名胜;公园广场;城市广场","typecode":"110105","address":"淮海中路瑞安广场(一大会址·黄陂南路地铁站2号口旁)","location":"121.473805,31.222733","tel":"[]","pcode":310000,"pname":"上海市","citycode":21,"cityname":"上海市","adcode":310101,"adname":"黄浦区","gridcode":4621636722,"distance":1519,"business_area":"淮海路","timestamp":"2023-04-24 11:23:32","biz_ext":"{\"rating\": \"3.8\", \"cost\": [], \"ticket_ordering\": \"0\"}","行业大类":"风景名胜","行业中类":"公园广场","行业小类":"城市广场","wgs84_loc":"121.469283,31.224679","wgs84Lng":121.469283,"wgs84Lat":31.224679,"__source_file__":"02-POI&AOI/1-POI/其它/23/Excel/分类/上海市-POI-2023.csv-风景名胜.csv"},"geometry":{"type":"Point","coordinates":[121.469283,31.224679]}},{"id":"2102","type":"Feature","properties":{"id":"3173dc8f-4e34-35a0-933f-64b65642b030","name":"中国社会主义青年团中央机关旧址纪念馆","type":"风景名胜;风景名胜;红色景区","typecode":"110210","address":"淮海中路567弄之1-5(淮海中路地铁站1号口步行340米)","location":"121.468210,31.220501","tel":"021-53823370","pcode":310000,"pname":"上海市","citycode":21,"cityname":"上海市","adcode":310101,"adname":"黄浦区","gridcode":4621636711,"distance":1495,"business_area":"淮海路","timestamp":"2023-05-13 09:21:22","biz_ext":"{\"rating\": \"4.0\", \"cost\": [], \"ticket_ordering\": \"0\"}","行业大类":"风景名胜","行业中类":"风景名胜","行业小类":"红色景区","wgs84_loc":"121.46367,31.222433","wgs84Lng":121.46367,"wgs84Lat":31.222433,"__source_file__":"02-POI&AOI/1-POI/其它/23/Excel/分类/上海市-POI-2023.csv-风景名胜.csv"},"geometry":{"type":"Point","coordinates":[121.46367,31.222433]}},{"id":"4788","type":"Feature","properties":{"id":"3e641f8f-9395-3105-8369-bdfb2daf32c9","name":"锦江·渔阳里广场","type":"风景名胜;公园广场;城市广场","typecode":"110105","address":"淮海中路527号(淮海中路地铁站1号口步行360米)","location":"121.468422,31.220523","tel":"021-63330266","pcode":310000,"pname":"上海市","citycode":21,"cityname":"上海市","adcode":310101,"adname":"黄浦区","gridcode":4621636711,"distance":1508,"business_area":"淮海路","timestamp":"2023-04-19 18:51:00","biz_ext":"{\"rating\": \"4.1\", \"cost\": [], \"ticket_ordering\": \"0\"}","行业大类":"风景名胜","行业中类":"公园广场","行业小类":"城市广场","wgs84_loc":"121.463883,31.222456","wgs84Lng":121.463883,"wgs84Lat":31.222456,"__source_file__":"02-POI&AOI/1-POI/其它/23/Excel/分类/上海市-POI-2023.csv-风景名胜.csv"},"geometry":{"type":"Point","coordinates":[121.463883,31.222456]}},{"id":"1510","type":"Feature","properties":{"id":"cfd18638-f04e-390e-b973-6d5895613dd1","name":"杨氏公寓","type":"风景名胜;风景名胜相关;旅游景点","typecode":"110000","address":"淮海中路481号","location":"121.469920,31.221153","tel":"[]","pcode":310000,"pname":"上海市","citycode":21,"cityname":"上海市","adcode":310101,"adname":"黄浦区","gridcode":4621636711,"distance":1649,"business_area":"淮海路","timestamp":"2022-07-14 03:17:36","biz_ext":"{\"rating\": \"3.5\", \"cost\": [], \"ticket_ordering\": \"0\"}","行业大类":"风景名胜","行业中类":"风景名胜相关","行业小类":"旅游景点","wgs84_loc":"121.465386,31.223089","wgs84Lng":121.465386,"wgs84Lat":31.223089,"__source_file__":"02-POI&AOI/1-POI/其它/23/Excel/分类/上海市-POI-2023.csv-风景名胜.csv"},"geometry":{"type":"Point","coordinates":[121.465386,31.223089]}},{"id":"4182","type":"Feature","properties":{"id":"baecf2f7-ab28-35a9-bed1-ae1440702719","name":"杨氏公寓旧址","type":"风景名胜;风景名胜相关;旅游景点","typecode":"110000","address":"淮海中路481号","location":"121.469918,31.221154","tel":"[]","pcode":310000,"pname":"上海市","citycode":21,"cityname":"上海市","adcode":310101,"adname":"黄浦区","gridcode":4621636711,"distance":1649,"business_area":"淮海路","timestamp":"2022-11-14 18:24:59","biz_ext":"{\"rating\": [], \"cost\": [], \"ticket_ordering\": \"0\"}","行业大类":"风景名胜","行业中类":"风景名胜相关","行业小类":"旅游景点","wgs84_loc":"121.465384,31.22309","wgs84Lng":121.465384,"wgs84Lat":31.22309,"__source_file__":"02-POI&AOI/1-POI/其它/23/Excel/分类/上海市-POI-2023.csv-风景名胜.csv"},"geometry":{"type":"Point","coordinates":[121.465384,31.22309]}},{"id":"1814","type":"Feature","properties":{"id":"09303ad0-70d3-3262-89b8-acb1ae7a1b6f","name":"东园-听觉园","type":"风景名胜;风景名胜相关;旅游景点","typecode":"110000","address":"成都南路长乐路路口广场公园内","location":"121.468070,31.222408","tel":"[]","pcode":310000,"pname":"上海市","citycode":21,"cityname":"上海市","adcode":310101,"adname":"黄浦区","gridcode":4621636721,"distance":1462,"business_area":"淮海路","timestamp":"2022-11-22 01:51:04","biz_ext":"{\"rating\": \"3.5\", \"cost\": [], \"ticket_ordering\": \"0\"}","行业大类":"风景名胜","行业中类":"风景名胜相关","行业小类":"旅游景点","wgs84_loc":"121.46353,31.224339","wgs84Lng":121.46353,"wgs84Lat":31.224339,"__source_file__":"02-POI&AOI/1-POI/其它/23/Excel/分类/上海市-POI-2023.csv-风景名胜.csv"},"geometry":{"type":"Point","coordinates":[121.46353,31.224339]}},{"id":"366","type":"Feature","properties":{"id":"bb404985-bcb7-3016-b472-7b4aa49023b1","name":"延中公园","type":"风景名胜;公园广场;公园","typecode":"110101","address":"巨鹿路成都南路口","location":"121.467051,31.222443","tel":"[]","pcode":310000,"pname":"上海市","citycode":21,"cityname":"上海市","adcode":310101,"adname":"黄浦区","gridcode":4621636721,"distance":1484,"business_area":"淮海路","timestamp":"2023-04-21 12:52:21","biz_ext":"{\"rating\": \"4.2\", \"cost\": [], \"ticket_ordering\": \"0\"}","行业大类":"风景名胜","行业中类":"公园广场","行业小类":"公园","wgs84_loc":"121.462508,31.224371","wgs84Lng":121.462508,"wgs84Lat":31.224371,"__source_file__":"02-POI&AOI/1-POI/其它/23/Excel/分类/上海市-POI-2023.csv-风景名胜.csv"},"geometry":{"type":"Point","coordinates":[121.462508,31.224371]}},{"id":"2196","type":"Feature","properties":{"id":"4ac7fc0c-8214-39e6-b5f9-c08b09839f43","name":"延中公园-南区","type":"风景名胜;风景名胜相关;旅游景点","typecode":"110000","address":"成都南路与长乐路交叉口西北80米","location":"121.466991,31.222501","tel":"[]","pcode":310000,"pname":"上海市","citycode":21,"cityname":"上海市","adcode":310101,"adname":"黄浦区","gridcode":4621636721,"distance":1491,"business_area":"淮海路","timestamp":"2023-05-08 17:45:56","biz_ext":"{\"rating\": \"3.5\", \"cost\": [], \"ticket_ordering\": \"0\"}","行业大类":"风景名胜","行业中类":"风景名胜相关","行业小类":"旅游景点","wgs84_loc":"121.462447,31.224429","wgs84Lng":121.462447,"wgs84Lat":31.224429,"__source_file__":"02-POI&AOI/1-POI/其它/23/Excel/分类/上海市-POI-2023.csv-风景名胜.csv"},"geometry":{"type":"Point","coordinates":[121.462447,31.224429]}},{"id":"3076","type":"Feature","properties":{"id":"38dd4d56-36f3-36a1-b30a-686b59c57fb9","name":"东园-博爱园(长乐路)","type":"风景名胜;风景名胜相关;旅游景点","typecode":"110000","address":"长乐路延安中路504弄29号","location":"121.468529,31.222549","tel":"[]","pcode":310000,"pname":"上海市","citycode":21,"cityname":"上海市","adcode":310101,"adname":"黄浦区","gridcode":4621636721,"distance":1472,"business_area":"淮海路","timestamp":"2022-09-13 21:32:18","biz_ext":"{\"rating\": \"3.8\", \"cost\": [], \"ticket_ordering\": \"0\"}","行业大类":"风景名胜","行业中类":"风景名胜相关","行业小类":"旅游景点","wgs84_loc":"121.46399,31.224481","wgs84Lng":121.46399,"wgs84Lat":31.224481,"__source_file__":"02-POI&AOI/1-POI/其它/23/Excel/分类/上海市-POI-2023.csv-风景名胜.csv"},"geometry":{"type":"Point","coordinates":[121.46399,31.224481]}},{"id":"1803","type":"Feature","properties":{"id":"ef53607d-f611-3a07-9419-951ae47c70ac","name":"东园-触觉园","type":"风景名胜;风景名胜相关;旅游景点","typecode":"110000","address":"成都南路长乐路路口感觉园内","location":"121.468982,31.222663","tel":"[]","pcode":310000,"pname":"上海市","citycode":21,"cityname":"上海市","adcode":310101,"adname":"黄浦区","gridcode":4621636721,"distance":1480,"business_area":"淮海路","timestamp":"2022-11-22 00:29:17","biz_ext":"{\"rating\": \"3.2\", \"cost\": [], \"ticket_ordering\": \"0\"}","行业大类":"风景名胜","行业中类":"风景名胜相关","行业小类":"旅游景点","wgs84_loc":"121.464445,31.224596","wgs84Lng":121.464445,"wgs84Lat":31.224596,"__source_file__":"02-POI&AOI/1-POI/其它/23/Excel/分类/上海市-POI-2023.csv-风景名胜.csv"},"geometry":{"type":"Point","coordinates":[121.464445,31.224596]}},{"id":"2177","type":"Feature","properties":{"id":"b7e79b76-29dc-3473-9de0-61dc3d719466","name":"冬园","type":"风景名胜;公园广场;城市广场|风景名胜;风景名胜;风景名胜","typecode":"110105|110200","address":"雁荡路99号(一大会址·黄陂南路地铁站1号口步行480米)","location":"121.468762,31.222707","tel":"[]","pcode":310000,"pname":"上海市","citycode":21,"cityname":"上海市","adcode":310101,"adname":"黄浦区","gridcode":4621636721,"distance":1487,"business_area":"淮海路","timestamp":"2022-10-20 13:41:07","biz_ext":"{\"rating\": \"4.5\", \"cost\": [], \"ticket_ordering\": \"0\"}","行业大类":"风景名胜","行业中类":"公园广场","行业小类":"城市广场|风景名胜","wgs84_loc":"121.464224,31.22464","wgs84Lng":121.464224,"wgs84Lat":31.22464,"__source_file__":"02-POI&AOI/1-POI/其它/23/Excel/分类/上海市-POI-2023.csv-风景名胜.csv"},"geometry":{"type":"Point","coordinates":[121.464224,31.22464]}},{"id":"2091","type":"Feature","properties":{"id":"e3350324-4205-36de-b437-422f8d24720b","name":"东园-感觉亭","type":"风景名胜;风景名胜相关;旅游景点","typecode":"110000","address":"成都南路长乐路路口感觉园内","location":"121.468033,31.222748","tel":"[]","pcode":310000,"pname":"上海市","citycode":21,"cityname":"上海市","adcode":310101,"adname":"黄浦区","gridcode":4621636721,"distance":1500,"business_area":"淮海路","timestamp":"2022-11-22 00:47:00","biz_ext":"{\"rating\": \"3.6\", \"cost\": [], \"ticket_ordering\": \"0\"}","行业大类":"风景名胜","行业中类":"风景名胜相关","行业小类":"旅游景点","wgs84_loc":"121.463493,31.224679","wgs84Lng":121.463493,"wgs84Lat":31.224679,"__source_file__":"02-POI&AOI/1-POI/其它/23/Excel/分类/上海市-POI-2023.csv-风景名胜.csv"},"geometry":{"type":"Point","coordinates":[121.463493,31.224679]}},{"id":"5030","type":"Feature","properties":{"id":"77c4f580-4abd-3bdc-b536-432a43d3d14d","name":"东园-感觉园","type":"风景名胜;风景名胜相关;旅游景点","typecode":"110000","address":"巨鹿路与重庆中路交叉口西南约140米","location":"121.468809,31.222780","tel":"[]","pcode":310000,"pname":"上海市","citycode":21,"cityname":"上海市","adcode":310101,"adname":"黄浦区","gridcode":4621636721,"distance":1495,"business_area":"淮海路","timestamp":"2023-05-11 12:12:08","biz_ext":"{\"rating\": \"4.0\", \"cost\": [], \"ticket_ordering\": \"0\"}","行业大类":"风景名胜","行业中类":"风景名胜相关","行业小类":"旅游景点","wgs84_loc":"121.464271,31.224713","wgs84Lng":121.464271,"wgs84Lat":31.224713,"__source_file__":"02-POI&AOI/1-POI/其它/23/Excel/分类/上海市-POI-2023.csv-风景名胜.csv"},"geometry":{"type":"Point","coordinates":[121.464271,31.224713]}},{"id":"1821","type":"Feature","properties":{"id":"5d2640c7-8d36-3af6-ac98-617dea2e3a86","name":"东园-味觉园","type":"风景名胜;风景名胜相关;旅游景点","typecode":"110000","address":"巨鹿路与成都南路交叉口东南60米","location":"121.467971,31.223029","tel":"[]","pcode":310000,"pname":"上海市","citycode":21,"cityname":"上海市","adcode":310101,"adname":"黄浦区","gridcode":4621636721,"distance":1532,"business_area":"淮海路","timestamp":"2022-09-13 21:31:20","biz_ext":"{\"rating\": \"3.7\", \"cost\": [], \"ticket_ordering\": \"0\"}","行业大类":"风景名胜","行业中类":"风景名胜相关","行业小类":"旅游景点","wgs84_loc":"121.46343,31.224959","wgs84Lng":121.46343,"wgs84Lat":31.224959,"__source_file__":"02-POI&AOI/1-POI/其它/23/Excel/分类/上海市-POI-2023.csv-风景名胜.csv"},"geometry":{"type":"Point","coordinates":[121.46343,31.224959]}},{"id":"2178","type":"Feature","properties":{"id":"905d8af9-2762-3108-a897-32247ba9e31f","name":"东园-亨利·杜南","type":"风景名胜;风景名胜相关;旅游景点","typecode":"110000","address":"巨鹿路与成都南路交叉口东60米","location":"121.468009,31.223159","tel":"[]","pcode":310000,"pname":"上海市","citycode":21,"cityname":"上海市","adcode":310101,"adname":"黄浦区","gridcode":4621636721,"distance":1546,"business_area":"淮海路","timestamp":"2022-09-13 21:31:06","biz_ext":"{\"rating\": \"1.0\", \"cost\": [], \"ticket_ordering\": \"0\"}","行业大类":"风景名胜","行业中类":"风景名胜相关","行业小类":"旅游景点","wgs84_loc":"121.463468,31.225089","wgs84Lng":121.463468,"wgs84Lat":31.225089,"__source_file__":"02-POI&AOI/1-POI/其它/23/Excel/分类/上海市-POI-2023.csv-风景名胜.csv"},"geometry":{"type":"Point","coordinates":[121.463468,31.225089]}},{"id":"1817","type":"Feature","properties":{"id":"f8481362-6c57-3641-8b0f-2c3f61f15d6e","name":"东园-夏园","type":"风景名胜;公园广场;水族馆","typecode":"110104","address":"成都南路长乐路路口感觉园内","location":"121.469330,31.223173","tel":"[]","pcode":310000,"pname":"上海市","citycode":21,"cityname":"上海市","adcode":310101,"adname":"黄浦区","gridcode":4621636721,"distance":1534,"business_area":"淮海路","timestamp":"2022-11-22 01:10:11","biz_ext":"{\"rating\": \"3.3\", \"cost\": [], \"ticket_ordering\": \"0\"}","行业大类":"风景名胜","行业中类":"公园广场","行业小类":"水族馆","wgs84_loc":"121.464794,31.225107","wgs84Lng":121.464794,"wgs84Lat":31.225107,"__source_file__":"02-POI&AOI/1-POI/其它/23/Excel/分类/上海市-POI-2023.csv-风景名胜.csv"},"geometry":{"type":"Point","coordinates":[121.464794,31.225107]}},{"id":"1064","type":"Feature","properties":{"id":"3e1fb426-d71b-3bde-80a1-378ddef1a9aa","name":"延中广场公园春之园","type":"风景名胜;公园广场;公园","typecode":"110101","address":"巨鹿路与瑞金一路交叉口东北角","location":"121.465133,31.223220","tel":"[]","pcode":310000,"pname":"上海市","citycode":21,"cityname":"上海市","adcode":310101,"adname":"黄浦区","gridcode":4621636720,"distance":1615,"business_area":"淮海路","timestamp":"2023-04-04 12:04:16","biz_ext":"{\"rating\": \"4.7\", \"cost\": [], \"ticket_ordering\": \"0\"}","行业大类":"风景名胜","行业中类":"公园广场","行业小类":"公园","wgs84_loc":"121.460584,31.225143","wgs84Lng":121.460584,"wgs84Lat":31.225143,"__source_file__":"02-POI&AOI/1-POI/其它/23/Excel/分类/上海市-POI-2023.csv-风景名胜.csv"},"geometry":{"type":"Point","coordinates":[121.460584,31.225143]}},{"id":"3036","type":"Feature","properties":{"id":"3b9634a1-ec39-3375-adde-4f23c23b1175","name":"东园-秋园","type":"风景名胜;风景名胜相关;旅游景点","typecode":"110000","address":"巨鹿路与重庆中路交叉口西南80米","location":"121.469200,31.223263","tel":"[]","pcode":310000,"pname":"上海市","citycode":21,"cityname":"上海市","adcode":310101,"adname":"黄浦区","gridcode":4621636721,"distance":1545,"business_area":"淮海路","timestamp":"2022-09-15 20:04:53","biz_ext":"{\"rating\": \"3.3\", \"cost\": [], \"ticket_ordering\": \"0\"}","行业大类":"风景名胜","行业中类":"风景名胜相关","行业小类":"旅游景点","wgs84_loc":"121.464663,31.225197","wgs84Lng":121.464663,"wgs84Lat":31.225197,"__source_file__":"02-POI&AOI/1-POI/其它/23/Excel/分类/上海市-POI-2023.csv-风景名胜.csv"},"geometry":{"type":"Point","coordinates":[121.464663,31.225197]}},{"id":"1420","type":"Feature","properties":{"id":"596aa57c-1837-3a30-a88b-1202a1517af5","name":"药草园","type":"风景名胜;风景名胜相关;旅游景点","typecode":"110000","address":"延中广场公园春之园内(东侧)","location":"121.467179,31.223318","tel":"[]","pcode":310000,"pname":"上海市","citycode":21,"cityname":"上海市","adcode":310101,"adname":"黄浦区","gridcode":4621636721,"distance":1577,"business_area":"淮海路","timestamp":"2023-05-10 14:34:13","biz_ext":"{\"rating\": \"3.9\", \"cost\": [], \"ticket_ordering\": \"0\"}","行业大类":"风景名胜","行业中类":"风景名胜相关","行业小类":"旅游景点","wgs84_loc":"121.462636,31.225246","wgs84Lng":121.462636,"wgs84Lat":31.225246,"__source_file__":"02-POI&AOI/1-POI/其它/23/Excel/分类/上海市-POI-2023.csv-风景名胜.csv"},"geometry":{"type":"Point","coordinates":[121.462636,31.225246]}},{"id":"354","type":"Feature","properties":{"id":"30e39268-02a6-321d-a23e-49525762b91c","name":"《中国青年》编辑部旧址","type":"风景名胜;风景名胜;红色景区","typecode":"110210","address":"淡水路66弄4号","location":"121.471582,31.224037","tel":"021-62494866","pcode":310000,"pname":"上海市","citycode":21,"cityname":"上海市","adcode":310101,"adname":"黄浦区","gridcode":4621636722,"distance":1632,"business_area":"淮海路","timestamp":"2023-05-11 03:35:43","biz_ext":"{\"rating\": \"4.2\", \"cost\": [], \"ticket_ordering\": \"0\"}","行业大类":"风景名胜","行业中类":"风景名胜","行业小类":"红色景区","wgs84_loc":"121.467053,31.225976","wgs84Lng":121.467053,"wgs84Lat":31.225976,"__source_file__":"02-POI&AOI/1-POI/其它/23/Excel/分类/上海市-POI-2023.csv-风景名胜.csv"},"geometry":{"type":"Point","coordinates":[121.467053,31.225976]}},{"id":"6250","type":"Feature","properties":{"id":"a06944d3-d462-3f82-8d14-20cdf6b586e9","name":"中国共产党第二次全国代表大会会址","type":"风景名胜;风景名胜相关;旅游景点","typecode":"110000","address":"延安中路625号","location":"121.466555,31.224155","tel":"021-63590984","pcode":310000,"pname":"上海市","citycode":21,"cityname":"上海市","adcode":310106,"adname":"静安区","gridcode":4621636720,"distance":1680,"business_area":"淮海路","timestamp":"2022-11-22 22:20:57","biz_ext":"{\"rating\": \"4.1\", \"cost\": [], \"ticket_ordering\": \"0\"}","行业大类":"风景名胜","行业中类":"风景名胜相关","行业小类":"旅游景点","wgs84_loc":"121.46201,31.226081","wgs84Lng":121.46201,"wgs84Lat":31.226081,"__source_file__":"02-POI&AOI/1-POI/其它/23/Excel/分类/上海市-POI-2023.csv-风景名胜.csv"},"geometry":{"type":"Point","coordinates":[121.46201,31.226081]}},{"id":"418","type":"Feature","properties":{"id":"00dee59d-a1a7-368a-9f91-d266f9e82eba","name":"淮海公园","type":"风景名胜;公园广场;公园","typecode":"110101","address":"太仓路56号","location":"121.477564,31.223054","tel":"021-63866377","pcode":310000,"pname":"上海市","citycode":21,"cityname":"上海市","adcode":310101,"adname":"黄浦区","gridcode":4621636810,"distance":1667,"business_area":"淮海路","timestamp":"2023-05-08 20:05:26","biz_ext":"{\"rating\": \"4.7\", \"cost\": [], \"ticket_ordering\": \"0\"}","行业大类":"风景名胜","行业中类":"公园广场","行业小类":"公园","wgs84_loc":"121.473054,31.22501","wgs84Lng":121.473054,"wgs84Lat":31.22501,"__source_file__":"02-POI&AOI/1-POI/其它/23/Excel/分类/上海市-POI-2023.csv-风景名胜.csv"},"geometry":{"type":"Point","coordinates":[121.473054,31.22501]}},{"id":"3197","type":"Feature","properties":{"id":"47a83f92-46d1-3869-82ed-b225d1f35d46","name":"淮海公园导览图","type":"风景名胜;风景名胜相关;旅游景点","typecode":"110000","address":"普安路淮海公园(一大会址·黄陂南路地铁站2号口步行470米)","location":"121.477634,31.223653","tel":"021-63866377","pcode":310000,"pname":"上海市","citycode":21,"cityname":"上海市","adcode":310101,"adname":"黄浦区","gridcode":4621636820,"distance":1730,"business_area":"淮海路","timestamp":"2023-01-28 11:55:54","biz_ext":"{\"rating\": \"3.6\", \"cost\": [], \"ticket_ordering\": \"0\"}","行业大类":"风景名胜","行业中类":"风景名胜相关","行业小类":"旅游景点","wgs84_loc":"121.473125,31.225609","wgs84Lng":121.473125,"wgs84Lat":31.225609,"__source_file__":"02-POI&AOI/1-POI/其它/23/Excel/分类/上海市-POI-2023.csv-风景名胜.csv"},"geometry":{"type":"Point","coordinates":[121.473125,31.225609]}},{"id":"4821","type":"Feature","properties":{"id":"afeaa637-ac2e-39fb-8202-3c6fb72e91dd","name":"八宝广场","type":"风景名胜;公园广场;城市广场","typecode":"110105","address":"淮海中路222号力宝广场","location":"121.475908,31.224217","tel":"[]","pcode":310000,"pname":"上海市","citycode":21,"cityname":"上海市","adcode":310101,"adname":"黄浦区","gridcode":4621636820,"distance":1731,"business_area":"淮海路","timestamp":"2023-05-11 17:44:09","biz_ext":"{\"rating\": \"3.5\", \"cost\": [], \"ticket_ordering\": \"0\"}","行业大类":"风景名胜","行业中类":"公园广场","行业小类":"城市广场","wgs84_loc":"121.471393,31.226168","wgs84Lng":121.471393,"wgs84Lat":31.226168,"__source_file__":"02-POI&AOI/1-POI/其它/23/Excel/分类/上海市-POI-2023.csv-风景名胜.csv"},"geometry":{"type":"Point","coordinates":[121.471393,31.226168]}},{"id":"1499","type":"Feature","properties":{"id":"3ac93799-9fcd-3b72-adcb-4aff5b3a041f","name":"花岛鱼跃","type":"风景名胜;风景名胜相关;旅游景点","typecode":"110000","address":"重庆中路延中广场公园(东侧)","location":"121.472143,31.224538","tel":"[]","pcode":310000,"pname":"上海市","citycode":21,"cityname":"上海市","adcode":310101,"adname":"黄浦区","gridcode":4621636722,"distance":1383,"business_area":"北京东路","timestamp":"2023-03-29 10:19:00","biz_ext":"{\"rating\": \"3.5\", \"cost\": [], \"ticket_ordering\": \"0\"}","行业大类":"风景名胜","行业中类":"风景名胜相关","行业小类":"旅游景点","wgs84_loc":"121.467615,31.226479","wgs84Lng":121.467615,"wgs84Lat":31.226479,"__source_file__":"02-POI&AOI/1-POI/其它/23/Excel/分类/上海市-POI-2023.csv-风景名胜.csv"},"geometry":{"type":"Point","coordinates":[121.467615,31.226479]}},{"id":"1474","type":"Feature","properties":{"id":"945a400a-bd70-39f1-ad24-41986b2ddc87","name":"延中广场公园-悦目亭","type":"风景名胜;风景名胜相关;旅游景点","typecode":"110000","address":"金陵中路延中广场公园赏心湖","location":"121.474550,31.224801","tel":"[]","pcode":310000,"pname":"上海市","citycode":21,"cityname":"上海市","adcode":310101,"adname":"黄浦区","gridcode":4621636722,"distance":1759,"business_area":"淮海路","timestamp":"2023-03-18 11:25:11","biz_ext":"{\"rating\": \"3.6\", \"cost\": [], \"ticket_ordering\": \"0\"}","行业大类":"风景名胜","行业中类":"风景名胜相关","行业小类":"旅游景点","wgs84_loc":"121.47003,31.226748","wgs84Lng":121.47003,"wgs84Lat":31.226748,"__source_file__":"02-POI&AOI/1-POI/其它/23/Excel/分类/上海市-POI-2023.csv-风景名胜.csv"},"geometry":{"type":"Point","coordinates":[121.47003,31.226748]}},{"id":"1487","type":"Feature","properties":{"id":"241748d5-c69b-390b-8947-adee8baafe6a","name":"蛟龙戏珠","type":"风景名胜;风景名胜相关;旅游景点","typecode":"110000","address":"延中广场公园赏心湖","location":"121.474860,31.225070","tel":"[]","pcode":310000,"pname":"上海市","citycode":21,"cityname":"上海市","adcode":310101,"adname":"黄浦区","gridcode":4621637702,"distance":1288,"business_area":"淮海路","timestamp":"2023-03-18 11:25:12","biz_ext":"{\"rating\": \"3.7\", \"cost\": [], \"ticket_ordering\": \"0\"}","行业大类":"风景名胜","行业中类":"风景名胜相关","行业小类":"旅游景点","wgs84_loc":"121.470341,31.227018","wgs84Lng":121.470341,"wgs84Lat":31.227018,"__source_file__":"02-POI&AOI/1-POI/其它/23/Excel/分类/上海市-POI-2023.csv-风景名胜.csv"},"geometry":{"type":"Point","coordinates":[121.470341,31.227018]}},{"id":"1481","type":"Feature","properties":{"id":"3e8bc049-bdaa-395f-89be-85620cd38afc","name":"广场公园-长桥碧水","type":"风景名胜;风景名胜相关;旅游景点","typecode":"110000","address":"延安东路延中广场公园(东北角)","location":"121.472823,31.225308","tel":"[]","pcode":310000,"pname":"上海市","citycode":21,"cityname":"上海市","adcode":310101,"adname":"黄浦区","gridcode":4621637702,"distance":1412,"business_area":"北京东路","timestamp":"2023-03-29 10:19:00","biz_ext":"{\"rating\": \"3.6\", \"cost\": [], \"ticket_ordering\": \"0\"}","行业大类":"风景名胜","行业中类":"风景名胜相关","行业小类":"旅游景点","wgs84_loc":"121.468298,31.22725","wgs84Lng":121.468298,"wgs84Lat":31.22725,"__source_file__":"02-POI&AOI/1-POI/其它/23/Excel/分类/上海市-POI-2023.csv-风景名胜.csv"},"geometry":{"type":"Point","coordinates":[121.468298,31.22725]}},{"id":"1479","type":"Feature","properties":{"id":"2b49dfc9-644f-3eb2-97b4-3c003e93dd1f","name":"延中广场公园市民林","type":"风景名胜;风景名胜相关;旅游景点","typecode":"110000","address":"黄陂南路延中广场公园(西侧)","location":"121.473618,31.225333","tel":"[]","pcode":310000,"pname":"上海市","citycode":21,"cityname":"上海市","adcode":310101,"adname":"黄浦区","gridcode":4621637702,"distance":1373,"business_area":"淮海路","timestamp":"2023-03-18 11:25:13","biz_ext":"{\"rating\": \"3.6\", \"cost\": [], \"ticket_ordering\": \"0\"}","行业大类":"风景名胜","行业中类":"风景名胜相关","行业小类":"旅游景点","wgs84_loc":"121.469095,31.227277","wgs84Lng":121.469095,"wgs84Lat":31.227277,"__source_file__":"02-POI&AOI/1-POI/其它/23/Excel/分类/上海市-POI-2023.csv-风景名胜.csv"},"geometry":{"type":"Point","coordinates":[121.469095,31.227277]}},{"id":"2206","type":"Feature","properties":{"id":"d0189dfc-bec3-39c3-8989-e58d0ed3e86a","name":"延中广场公园","type":"风景名胜;公园广场;公园","typecode":"110101","address":"一大会址·黄陂南路地铁站5号口步行150米","location":"121.475090,31.225549","tel":"[]","pcode":310000,"pname":"上海市","citycode":21,"cityname":"上海市","adcode":310101,"adname":"黄浦区","gridcode":4621637800,"distance":1325,"business_area":"北京东路","timestamp":"2023-03-22 17:27:39","biz_ext":"{\"rating\": \"4.6\", \"cost\": [], \"ticket_ordering\": \"0\"}","行业大类":"风景名胜","行业中类":"公园广场","行业小类":"公园","wgs84_loc":"121.470572,31.227497","wgs84Lng":121.470572,"wgs84Lat":31.227497,"__source_file__":"02-POI&AOI/1-POI/其它/23/Excel/分类/上海市-POI-2023.csv-风景名胜.csv"},"geometry":{"type":"Point","coordinates":[121.470572,31.227497]}},{"id":"3511","type":"Feature","properties":{"id":"a4950fbc-2aea-3a49-9978-a5f39aabd65c","name":"金钟广场-收银处","type":"风景名胜;风景名胜相关;旅游景点","typecode":"110000","address":"淮海中路98号金钟广场F2(大世界地铁站3号口步行80米)","location":"121.478804,31.225789","tel":"[]","pcode":310000,"pname":"上海市","citycode":21,"cityname":"上海市","adcode":310101,"adname":"黄浦区","gridcode":4621637800,"distance":667,"business_area":"淮海路","timestamp":"2022-12-30 18:06:15","biz_ext":"{\"rating\": \"3.4\", \"cost\": [], \"ticket_ordering\": \"0\"}","行业大类":"风景名胜","行业中类":"风景名胜相关","行业小类":"旅游景点","wgs84_loc":"121.474298,31.227748","wgs84Lng":121.474298,"wgs84Lat":31.227748,"__source_file__":"02-POI&AOI/1-POI/其它/23/Excel/分类/上海市-POI-2023.csv-风景名胜.csv"},"geometry":{"type":"Point","coordinates":[121.474298,31.227748]}},{"id":"265","type":"Feature","properties":{"id":"397e9e4d-1f06-3c1e-a5be-c8e1757a2a5e","name":"中共二大会址纪念馆","type":"风景名胜;风景名胜;红色景区","typecode":"110210","address":"老成都北路7弄30号(近延安中路)","location":"121.466693,31.224193","tel":"021-51311515","pcode":310000,"pname":"上海市","citycode":21,"cityname":"上海市","adcode":310106,"adname":"静安区","gridcode":4621636721,"distance":1681,"business_area":"淮海路","timestamp":"2023-05-13 09:24:32","biz_ext":"{\"rating\": \"4.0\", \"cost\": [], \"ticket_ordering\": \"0\"}","行业大类":"风景名胜","行业中类":"风景名胜","行业小类":"红色景区","wgs84_loc":"121.462148,31.22612","wgs84Lng":121.462148,"wgs84Lat":31.22612,"__source_file__":"02-POI&AOI/1-POI/其它/23/Excel/分类/上海市-POI-2023.csv-风景名胜.csv"},"geometry":{"type":"Point","coordinates":[121.462148,31.22612]}},{"id":"1373","type":"Feature","properties":{"id":"1c993aa6-ac0f-345f-95b2-35c25ff6ae91","name":"九龙柱","type":"风景名胜;风景名胜相关;旅游景点","typecode":"110000","address":"南北高架与延安高架交叉点","location":"121.469625,31.224207","tel":"[]","pcode":310000,"pname":"上海市","citycode":21,"cityname":"上海市","adcode":310101,"adname":"黄浦区","gridcode":4621636721,"distance":1648,"business_area":"淮海路","timestamp":"2023-03-29 12:55:06","biz_ext":"{\"rating\": \"4.5\", \"cost\": [], \"ticket_ordering\": \"0\"}","行业大类":"风景名胜","行业中类":"风景名胜相关","行业小类":"旅游景点","wgs84_loc":"121.465089,31.226141","wgs84Lng":121.465089,"wgs84Lat":31.226141,"__source_file__":"02-POI&AOI/1-POI/其它/23/Excel/分类/上海市-POI-2023.csv-风景名胜.csv"},"geometry":{"type":"Point","coordinates":[121.465089,31.226141]}},{"id":"796","type":"Feature","properties":{"id":"88589d2e-798f-35d0-a368-d87350fb8e84","name":"辅德里","type":"风景名胜;风景名胜相关;旅游景点","typecode":"110000","address":"老成都北路7弄之20-44号","location":"121.466674,31.224236","tel":"[]","pcode":310000,"pname":"上海市","citycode":21,"cityname":"上海市","adcode":310106,"adname":"静安区","gridcode":4621636721,"distance":1686,"business_area":"淮海路","timestamp":"2023-03-27 08:52:21","biz_ext":"{\"rating\": \"3.9\", \"cost\": [], \"ticket_ordering\": \"0\"}","行业大类":"风景名胜","行业中类":"风景名胜相关","行业小类":"旅游景点","wgs84_loc":"121.462129,31.226163","wgs84Lng":121.462129,"wgs84Lat":31.226163,"__source_file__":"02-POI&AOI/1-POI/其它/23/Excel/分类/上海市-POI-2023.csv-风景名胜.csv"},"geometry":{"type":"Point","coordinates":[121.462129,31.226163]}},{"id":"730","type":"Feature","properties":{"id":"4a55b709-be3e-3c96-8294-ceeb9647d56e","name":"平民女校旧址","type":"风景名胜;风景名胜;红色景区","typecode":"110210","address":"老成都北路7弄20-44号延安中路大型公共绿地静安段","location":"121.466674,31.224236","tel":"021-51311515","pcode":310000,"pname":"上海市","citycode":21,"cityname":"上海市","adcode":310106,"adname":"静安区","gridcode":4621636721,"distance":1686,"business_area":"淮海路","timestamp":"2023-04-26 19:30:33","biz_ext":"{\"rating\": \"3.9\", \"cost\": [], \"ticket_ordering\": \"0\"}","行业大类":"风景名胜","行业中类":"风景名胜","行业小类":"红色景区","wgs84_loc":"121.462129,31.226163","wgs84Lng":121.462129,"wgs84Lat":31.226163,"__source_file__":"02-POI&AOI/1-POI/其它/23/Excel/分类/上海市-POI-2023.csv-风景名胜.csv"},"geometry":{"type":"Point","coordinates":[121.462129,31.226163]}},{"id":"3616","type":"Feature","properties":{"id":"a402fdbd-4933-3f35-a247-e9a91a15f411","name":"八路军新四军驻沪办事处旧址(不对外开放)","type":"风景名胜;风景名胜;红色景区|风景名胜;风景名胜相关;旅游景点","typecode":"110210|110000","address":"延安中路504弄21号","location":"121.464160,31.224497","tel":"[]","pcode":310000,"pname":"上海市","citycode":21,"cityname":"上海市","adcode":310106,"adname":"静安区","gridcode":4621636720,"distance":1779,"business_area":"淮海路","timestamp":"2023-01-16 18:38:36","biz_ext":"{\"rating\": [], \"cost\": [], \"ticket_ordering\": \"0\"}","行业大类":"风景名胜","行业中类":"风景名胜","行业小类":"红色景区|风景名胜","wgs84_loc":"121.459608,31.226417","wgs84Lng":121.459608,"wgs84Lat":31.226417,"__source_file__":"02-POI&AOI/1-POI/其它/23/Excel/分类/上海市-POI-2023.csv-风景名胜.csv"},"geometry":{"type":"Point","coordinates":[121.459608,31.226417]}},{"id":"425","type":"Feature","properties":{"id":"8af7a0ce-dfad-39c6-8e2c-f81e52ed7476","name":"广场公园","type":"风景名胜;公园广场;公园","typecode":"110101","address":"金陵中路与黄陂南路交叉口","location":"121.471724,31.224492","tel":"[]","pcode":310000,"pname":"上海市","citycode":21,"cityname":"上海市","adcode":310101,"adname":"黄浦区","gridcode":4621636722,"distance":1405,"business_area":"北京东路","timestamp":"2023-04-26 19:39:55","biz_ext":"{\"rating\": \"4.4\", \"cost\": [], \"ticket_ordering\": \"0\"}","行业大类":"风景名胜","行业中类":"公园广场","行业小类":"公园","wgs84_loc":"121.467195,31.226432","wgs84Lng":121.467195,"wgs84Lat":31.226432,"__source_file__":"02-POI&AOI/1-POI/其它/23/Excel/分类/上海市-POI-2023.csv-风景名胜.csv"},"geometry":{"type":"Point","coordinates":[121.467195,31.226432]}},{"id":"1418","type":"Feature","properties":{"id":"bac227a4-2b08-300a-93a8-c06368a1ac89","name":"幽径颐福","type":"风景名胜;风景名胜相关;旅游景点","typecode":"110000","address":"老成都北路与延安中路辅路交叉口东北80米","location":"121.467955,31.224604","tel":"[]","pcode":310000,"pname":"上海市","citycode":21,"cityname":"上海市","adcode":310101,"adname":"黄浦区","gridcode":4621636721,"distance":1706,"business_area":"淮海路","timestamp":"2022-09-13 21:29:25","biz_ext":"{\"rating\": \"2.7\", \"cost\": [], \"ticket_ordering\": \"0\"}","行业大类":"风景名胜","行业中类":"风景名胜相关","行业小类":"旅游景点","wgs84_loc":"121.463414,31.226534","wgs84Lng":121.463414,"wgs84Lat":31.226534,"__source_file__":"02-POI&AOI/1-POI/其它/23/Excel/分类/上海市-POI-2023.csv-风景名胜.csv"},"geometry":{"type":"Point","coordinates":[121.463414,31.226534]}},{"id":"819","type":"Feature","properties":{"id":"6e40abe7-758b-3b1d-b2cd-d91b9eb0033e","name":"广场公园黄浦段","type":"风景名胜;风景名胜相关;旅游景点","typecode":"110000","address":"延安东路与延安东路立交桥交叉口北100米","location":"121.467955,31.224604","tel":"[]","pcode":310000,"pname":"上海市","citycode":21,"cityname":"上海市","adcode":310101,"adname":"黄浦区","gridcode":4621636721,"distance":1706,"business_area":"淮海路","timestamp":"2023-03-29 10:19:00","biz_ext":"{\"rating\": \"3.6\", \"cost\": [], \"ticket_ordering\": \"0\"}","行业大类":"风景名胜","行业中类":"风景名胜相关","行业小类":"旅游景点","wgs84_loc":"121.463414,31.226534","wgs84Lng":121.463414,"wgs84Lat":31.226534,"__source_file__":"02-POI&AOI/1-POI/其它/23/Excel/分类/上海市-POI-2023.csv-风景名胜.csv"},"geometry":{"type":"Point","coordinates":[121.463414,31.226534]}},{"id":"2036","type":"Feature","properties":{"id":"5955a8de-ea03-3290-9e5b-1b613972072c","name":"延安中路大型公共绿地","type":"风景名胜;风景名胜相关;旅游景点","typecode":"110000","address":"延安中路470弄2号","location":"121.466458,31.224788","tel":"[]","pcode":310000,"pname":"上海市","citycode":21,"cityname":"上海市","adcode":310106,"adname":"静安区","gridcode":4621636720,"distance":1751,"business_area":"淮海路","timestamp":"2023-04-21 20:47:50","biz_ext":"{\"rating\": \"3.9\", \"cost\": [], \"ticket_ordering\": \"0\"}","行业大类":"风景名胜","行业中类":"风景名胜相关","行业小类":"旅游景点","wgs84_loc":"121.461913,31.226714","wgs84Lng":121.461913,"wgs84Lat":31.226714,"__source_file__":"02-POI&AOI/1-POI/其它/23/Excel/分类/上海市-POI-2023.csv-风景名胜.csv"},"geometry":{"type":"Point","coordinates":[121.461913,31.226714]}},{"id":"337","type":"Feature","properties":{"id":"08135e1d-3ab0-3ce0-adb5-d425ba36decc","name":"延安中路大型公共绿地静安段","type":"风景名胜;公园广场;公园","typecode":"110101","address":"大沽路411号(南京西路地铁站8号口步行490米)","location":"121.466640,31.224791","tel":"[]","pcode":310000,"pname":"上海市","citycode":21,"cityname":"上海市","adcode":310106,"adname":"静安区","gridcode":4621636720,"distance":1747,"business_area":"淮海路","timestamp":"2023-03-11 13:20:31","biz_ext":"{\"rating\": \"4.6\", \"cost\": [], \"ticket_ordering\": \"0\"}","行业大类":"风景名胜","行业中类":"公园广场","行业小类":"公园","wgs84_loc":"121.462095,31.226717","wgs84Lng":121.462095,"wgs84Lat":31.226717,"__source_file__":"02-POI&AOI/1-POI/其它/23/Excel/分类/上海市-POI-2023.csv-风景名胜.csv"},"geometry":{"type":"Point","coordinates":[121.462095,31.226717]}},{"id":"417","type":"Feature","properties":{"id":"2ef6dd72-843f-3fa5-ab08-c5ff14317b0a","name":"音乐广场","type":"风景名胜;公园广场;城市广场","typecode":"110105","address":"延安东路523号(近西藏中路)上海城","location":"121.478367,31.226511","tel":"[]","pcode":310000,"pname":"上海市","citycode":21,"cityname":"上海市","adcode":310101,"adname":"黄浦区","gridcode":4621637800,"distance":611,"business_area":"淮海路","timestamp":"2023-05-11 14:03:11","biz_ext":"{\"rating\": \"4.4\", \"cost\": \"71.00\", \"ticket_ordering\": \"0\"}","行业大类":"风景名胜","行业中类":"公园广场","行业小类":"城市广场","wgs84_loc":"121.47386,31.228468","wgs84Lng":121.47386,"wgs84Lat":31.228468,"__source_file__":"02-POI&AOI/1-POI/其它/23/Excel/分类/上海市-POI-2023.csv-风景名胜.csv"},"geometry":{"type":"Point","coordinates":[121.47386,31.228468]}},{"id":"1377","type":"Feature","properties":{"id":"a32c9138-44bc-35d4-a24b-11cefeb6e375","name":"黄浦银杏广场","type":"风景名胜;公园广场;城市广场","typecode":"110105","address":"龙门路与金陵中路交叉口北40米","location":"121.478582,31.226513","tel":"[]","pcode":310000,"pname":"上海市","citycode":21,"cityname":"上海市","adcode":310101,"adname":"黄浦区","gridcode":4621637800,"distance":601,"business_area":"淮海路","timestamp":"2023-05-12 02:23:35","biz_ext":"{\"rating\": \"3.1\", \"cost\": [], \"ticket_ordering\": \"0\"}","行业大类":"风景名胜","行业中类":"公园广场","行业小类":"城市广场","wgs84_loc":"121.474075,31.228471","wgs84Lng":121.474075,"wgs84Lat":31.228471,"__source_file__":"02-POI&AOI/1-POI/其它/23/Excel/分类/上海市-POI-2023.csv-风景名胜.csv"},"geometry":{"type":"Point","coordinates":[121.474075,31.228471]}},{"id":"3983","type":"Feature","properties":{"id":"4809bb98-8ed8-3d0a-87c2-1fcc691eead7","name":"广场公园(音乐广场地块)","type":"风景名胜;公园广场;公园","typecode":"110101","address":"延安东路523号","location":"121.477811,31.227005","tel":"[]","pcode":310000,"pname":"上海市","citycode":21,"cityname":"上海市","adcode":310101,"adname":"黄浦区","gridcode":4621637800,"distance":591,"business_area":"北京东路","timestamp":"2022-11-22 22:47:42","biz_ext":"{\"rating\": \"3.9\", \"cost\": [], \"ticket_ordering\": \"0\"}","行业大类":"风景名胜","行业中类":"公园广场","行业小类":"公园","wgs84_loc":"121.473302,31.22896","wgs84Lng":121.473302,"wgs84Lat":31.22896,"__source_file__":"02-POI&AOI/1-POI/其它/23/Excel/分类/上海市-POI-2023.csv-风景名胜.csv"},"geometry":{"type":"Point","coordinates":[121.473302,31.22896]}},{"id":"1532","type":"Feature","properties":{"id":"dd7d746d-ddec-3280-8fbb-a0dd8f39e083","name":"八仙桥基督教青年会","type":"风景名胜;风景名胜;风景名胜","typecode":"110200","address":"西藏南路123号锦江都城","location":"121.479481,31.227305","tel":"[]","pcode":310000,"pname":"上海市","citycode":21,"cityname":"上海市","adcode":310101,"adname":"黄浦区","gridcode":4621637801,"distance":486,"business_area":"淮海路","timestamp":"2023-05-11 19:55:06","biz_ext":"{\"rating\": \"3.7\", \"cost\": [], \"ticket_ordering\": \"0\"}","行业大类":"风景名胜","行业中类":"风景名胜","行业小类":"风景名胜","wgs84_loc":"121.474977,31.229265","wgs84Lng":121.474977,"wgs84Lat":31.229265,"__source_file__":"02-POI&AOI/1-POI/其它/23/Excel/分类/上海市-POI-2023.csv-风景名胜.csv"},"geometry":{"type":"Point","coordinates":[121.474977,31.229265]}},{"id":"2592","type":"Feature","properties":{"id":"0ebdb2c8-8679-3ced-8278-0fd0f416d84c","name":"八仙桥基督教青年会旧址","type":"风景名胜;风景名胜;教堂","typecode":"110206","address":"宁海东路与西藏南路交叉口东40米","location":"121.479571,31.227460","tel":"[]","pcode":310000,"pname":"上海市","citycode":21,"cityname":"上海市","adcode":310101,"adname":"黄浦区","gridcode":4621637801,"distance":467,"business_area":"北京东路","timestamp":"2022-07-19 15:30:23","biz_ext":"{\"rating\": \"3.4\", \"cost\": [], \"ticket_ordering\": \"0\"}","行业大类":"风景名胜","行业中类":"风景名胜","行业小类":"教堂","wgs84_loc":"121.475068,31.22942","wgs84Lng":121.475068,"wgs84Lat":31.22942,"__source_file__":"02-POI&AOI/1-POI/其它/23/Excel/分类/上海市-POI-2023.csv-风景名胜.csv"},"geometry":{"type":"Point","coordinates":[121.475068,31.22942]}},{"id":"5434","type":"Feature","properties":{"id":"f7aab677-3c54-3690-9bb0-5a0ac218fd3b","name":"仿唐狮子","type":"风景名胜;风景名胜相关;旅游景点","typecode":"110000","address":"人民大道201号上海博物馆南门","location":"121.475512,31.227836","tel":"[]","pcode":310000,"pname":"上海市","citycode":21,"cityname":"上海市","adcode":310101,"adname":"黄浦区","gridcode":4621637810,"distance":679,"business_area":"淮海路","timestamp":"2023-05-11 08:42:54","biz_ext":"{\"rating\": \"4.3\", \"cost\": [], \"ticket_ordering\": \"0\"}","行业大类":"风景名胜","行业中类":"风景名胜相关","行业小类":"旅游景点","wgs84_loc":"121.470995,31.229784","wgs84Lng":121.470995,"wgs84Lat":31.229784,"__source_file__":"02-POI&AOI/1-POI/其它/23/Excel/分类/上海市-POI-2023.csv-风景名胜.csv"},"geometry":{"type":"Point","coordinates":[121.470995,31.229784]}},{"id":"3716","type":"Feature","properties":{"id":"1a0d204c-63ae-32e1-8fe5-32cfa9492962","name":"仿汉辟邪","type":"风景名胜;风景名胜相关;旅游景点","typecode":"110000","address":"人民大道201号(近武胜路)上海博物馆内","location":"121.475646,31.227907","tel":"[]","pcode":310000,"pname":"上海市","citycode":21,"cityname":"上海市","adcode":310101,"adname":"黄浦区","gridcode":4621637810,"distance":664,"business_area":"北京东路","timestamp":"2022-11-22 00:31:23","biz_ext":"{\"rating\": \"3.5\", \"cost\": [], \"ticket_ordering\": \"0\"}","行业大类":"风景名胜","行业中类":"风景名胜相关","行业小类":"旅游景点","wgs84_loc":"121.47113,31.229856","wgs84Lng":121.47113,"wgs84Lat":31.229856,"__source_file__":"02-POI&AOI/1-POI/其它/23/Excel/分类/上海市-POI-2023.csv-风景名胜.csv"},"geometry":{"type":"Point","coordinates":[121.47113,31.229856]}},{"id":"3141","type":"Feature","properties":{"id":"4b7ecfd3-6bad-3ec3-825d-388ba4abff4d","name":"仿汉天禄","type":"风景名胜;风景名胜相关;旅游景点","typecode":"110000","address":"人民大道201号(近武胜路)上海博物馆内","location":"121.475914,31.228051","tel":"[]","pcode":310000,"pname":"上海市","citycode":21,"cityname":"上海市","adcode":310101,"adname":"黄浦区","gridcode":4621637810,"distance":634,"business_area":"北京东路","timestamp":"2022-11-22 02:22:24","biz_ext":"{\"rating\": \"3.9\", \"cost\": [], \"ticket_ordering\": \"0\"}","行业大类":"风景名胜","行业中类":"风景名胜相关","行业小类":"旅游景点","wgs84_loc":"121.471398,31.23","wgs84Lng":121.471398,"wgs84Lat":31.23,"__source_file__":"02-POI&AOI/1-POI/其它/23/Excel/分类/上海市-POI-2023.csv-风景名胜.csv"},"geometry":{"type":"Point","coordinates":[121.471398,31.23]}},{"id":"3195","type":"Feature","properties":{"id":"631ebda7-586f-3f03-b73b-4b2e2f567ab3","name":"大世界","type":"风景名胜;风景名胜相关;旅游景点|体育休闲服务;体育休闲服务场所;体育休闲服务场所","typecode":"110000|080000","address":"西藏南路1号(大世界地铁站1号口步行50米)","location":"121.479242,31.228258","tel":"021-63013680","pcode":310000,"pname":"上海市","citycode":21,"cityname":"上海市","adcode":310101,"adname":"黄浦区","gridcode":4621637811,"distance":400,"business_area":"北京东路","timestamp":"2023-05-13 04:22:03","biz_ext":"{\"rating\": \"4.7\", \"cost\": \"23.00\", \"ticket_ordering\": \"0\"}","行业大类":"风景名胜","行业中类":"风景名胜相关","行业小类":"旅游景点|体育休闲服务","wgs84_loc":"121.474738,31.230217","wgs84Lng":121.474738,"wgs84Lat":31.230217,"__source_file__":"02-POI&AOI/1-POI/其它/23/Excel/分类/上海市-POI-2023.csv-风景名胜.csv"},"geometry":{"type":"Point","coordinates":[121.474738,31.230217]}},{"id":"3706","type":"Feature","properties":{"id":"d401decf-ed92-3e30-b03b-07c8ffb4556d","name":"中国历代印章馆","type":"风景名胜;风景名胜相关;旅游景点","typecode":"110000","address":"上海博物馆3楼(人民广场地铁站1号口步行290米)","location":"121.475584,31.228269","tel":"[]","pcode":310000,"pname":"上海市","citycode":21,"cityname":"上海市","adcode":310101,"adname":"黄浦区","gridcode":4621637810,"distance":647,"business_area":"淮海路","timestamp":"2023-04-24 11:50:46","biz_ext":"{\"rating\": \"3.7\", \"cost\": [], \"ticket_ordering\": \"0\"}","行业大类":"风景名胜","行业中类":"风景名胜相关","行业小类":"旅游景点","wgs84_loc":"121.471067,31.230217","wgs84Lng":121.471067,"wgs84Lat":31.230217,"__source_file__":"02-POI&AOI/1-POI/其它/23/Excel/分类/上海市-POI-2023.csv-风景名胜.csv"},"geometry":{"type":"Point","coordinates":[121.471067,31.230217]}},{"id":"2130","type":"Feature","properties":{"id":"aaec152e-987a-3438-96fb-fc0bbfc0a463","name":"延安公园","type":"风景名胜;公园广场;公园","typecode":"110101","address":"大沽路(成都北路大沽路)","location":"121.466678,31.225096","tel":"[]","pcode":310000,"pname":"上海市","citycode":21,"cityname":"上海市","adcode":310106,"adname":"静安区","gridcode":4621637701,"distance":1780,"business_area":"淮海路","timestamp":"2023-02-20 17:10:23","biz_ext":"{\"rating\": \"3.9\", \"cost\": [], \"ticket_ordering\": \"0\"}","行业大类":"风景名胜","行业中类":"公园广场","行业小类":"公园","wgs84_loc":"121.462133,31.227022","wgs84Lng":121.462133,"wgs84Lat":31.227022,"__source_file__":"02-POI&AOI/1-POI/其它/23/Excel/分类/上海市-POI-2023.csv-风景名胜.csv"},"geometry":{"type":"Point","coordinates":[121.462133,31.227022]}},{"id":"3489","type":"Feature","properties":{"id":"9b0598e8-297f-382e-9e8b-bdbada991e24","name":"查公馆","type":"风景名胜;风景名胜;风景名胜","typecode":"110200","address":"南京西路789号兴业太古汇F2-Q201","location":"121.463838,31.227325","tel":"[]","pcode":310000,"pname":"上海市","citycode":21,"cityname":"上海市","adcode":310106,"adname":"静安区","gridcode":4621637700,"distance":1146,"business_area":"淮海路","timestamp":"2023-04-25 08:45:24","biz_ext":"{\"rating\": \"4.4\", \"cost\": [], \"ticket_ordering\": \"0\"}","行业大类":"风景名胜","行业中类":"风景名胜","行业小类":"风景名胜","wgs84_loc":"121.459284,31.229243","wgs84Lng":121.459284,"wgs84Lat":31.229243,"__source_file__":"02-POI&AOI/1-POI/其它/23/Excel/分类/上海市-POI-2023.csv-风景名胜.csv"},"geometry":{"type":"Point","coordinates":[121.459284,31.229243]}},{"id":"1578","type":"Feature","properties":{"id":"e6a08804-032c-316c-b03c-605cbe90c79c","name":"周湘云住宅旧址","type":"风景名胜;风景名胜相关;旅游景点","typecode":"110000","address":"青海路44号(南京西路地铁站5号口步行280米)","location":"121.463917,31.230312","tel":"[]","pcode":310000,"pname":"上海市","citycode":21,"cityname":"上海市","adcode":310106,"adname":"静安区","gridcode":4621637710,"distance":952,"business_area":"淮海路","timestamp":"2023-04-22 11:15:48","biz_ext":"{\"rating\": \"2.9\", \"cost\": [], \"ticket_ordering\": \"0\"}","行业大类":"风景名胜","行业中类":"风景名胜相关","行业小类":"旅游景点","wgs84_loc":"121.459363,31.232229","wgs84Lng":121.459363,"wgs84Lat":31.232229,"__source_file__":"02-POI&AOI/1-POI/其它/23/Excel/分类/上海市-POI-2023.csv-风景名胜.csv"},"geometry":{"type":"Point","coordinates":[121.459363,31.232229]}},{"id":"5306","type":"Feature","properties":{"id":"f205c8ed-5829-3853-ac71-018d91d7180e","name":"上海市历史博物馆-西楼","type":"风景名胜;风景名胜相关;旅游景点","typecode":"110000","address":"南京西路325号上海市历史博物馆","location":"121.470675,31.230424","tel":"[]","pcode":310000,"pname":"上海市","citycode":21,"cityname":"上海市","adcode":310101,"adname":"黄浦区","gridcode":4621637711,"distance":1295,"business_area":"北京东路","timestamp":"2023-02-08 17:03:17","biz_ext":"{\"rating\": \"4.0\", \"cost\": [], \"ticket_ordering\": \"0\"}","行业大类":"风景名胜","行业中类":"风景名胜相关","行业小类":"旅游景点","wgs84_loc":"121.466142,31.232358","wgs84Lng":121.466142,"wgs84Lat":31.232358,"__source_file__":"02-POI&AOI/1-POI/其它/23/Excel/分类/上海市-POI-2023.csv-风景名胜.csv"},"geometry":{"type":"Point","coordinates":[121.466142,31.232358]}},{"id":"6580","type":"Feature","properties":{"id":"c1dd9543-2347-3cbc-9e6a-5b8044f3f7e4","name":"拾影花园","type":"风景名胜;公园广场;公园","typecode":"110101","address":"南京西路与青海路交叉口","location":"121.464323,31.230723","tel":"[]","pcode":310000,"pname":"上海市","citycode":21,"cityname":"上海市","adcode":310106,"adname":"静安区","gridcode":4621637720,"distance":892,"business_area":"淮海路","timestamp":"2023-01-05 11:31:01","biz_ext":"{\"rating\": \"3.7\", \"cost\": [], \"ticket_ordering\": \"0\"}","行业大类":"风景名胜","行业中类":"公园广场","行业小类":"公园","wgs84_loc":"121.459771,31.232641","wgs84Lng":121.459771,"wgs84Lat":31.232641,"__source_file__":"02-POI&AOI/1-POI/其它/23/Excel/分类/上海市-POI-2023.csv-风景名胜.csv"},"geometry":{"type":"Point","coordinates":[121.459771,31.232641]}},{"id":"5508","type":"Feature","properties":{"id":"ec7e3a38-07c2-3bc5-a048-08a8c93078f5","name":"上海市历史博物馆-东楼","type":"风景名胜;风景名胜相关;旅游景点","typecode":"110000","address":"南京西路325号上海市历史博物馆","location":"121.471078,31.230733","tel":"[]","pcode":310000,"pname":"上海市","citycode":21,"cityname":"上海市","adcode":310101,"adname":"黄浦区","gridcode":4621637722,"distance":1309,"business_area":"北京东路","timestamp":"2023-03-09 12:21:45","biz_ext":"{\"rating\": \"4.2\", \"cost\": [], \"ticket_ordering\": \"0\"}","行业大类":"风景名胜","行业中类":"风景名胜相关","行业小类":"旅游景点","wgs84_loc":"121.466546,31.232668","wgs84Lng":121.466546,"wgs84Lat":31.232668,"__source_file__":"02-POI&AOI/1-POI/其它/23/Excel/分类/上海市-POI-2023.csv-风景名胜.csv"},"geometry":{"type":"Point","coordinates":[121.466546,31.232668]}},{"id":"1680","type":"Feature","properties":{"id":"5933d0b8-4f9d-36c0-afc7-e377e89aa539","name":"人民公园-西山瀑布溪流","type":"风景名胜;风景名胜相关;旅游景点","typecode":"110000","address":"南京西路231号人民公园(西南角)","location":"121.471986,31.230787","tel":"021-63271333","pcode":310000,"pname":"上海市","citycode":21,"cityname":"上海市","adcode":310101,"adname":"黄浦区","gridcode":4621637722,"distance":1167,"business_area":"北京东路","timestamp":"2023-02-18 12:35:29","biz_ext":"{\"rating\": \"3.8\", \"cost\": [], \"ticket_ordering\": \"0\"}","行业大类":"风景名胜","行业中类":"风景名胜相关","行业小类":"旅游景点","wgs84_loc":"121.467457,31.232724","wgs84Lng":121.467457,"wgs84Lat":31.232724,"__source_file__":"02-POI&AOI/1-POI/其它/23/Excel/分类/上海市-POI-2023.csv-风景名胜.csv"},"geometry":{"type":"Point","coordinates":[121.467457,31.232724]}},{"id":"2810","type":"Feature","properties":{"id":"cf64cc15-1ce0-3b26-bb3c-c60d5d7c04ee","name":"人民公园-西山景点","type":"风景名胜;风景名胜相关;旅游景点","typecode":"110000","address":"南京西路231号(近黄陂北路)人民公园内(西南角)","location":"121.471972,31.230919","tel":"021-63271333","pcode":310000,"pname":"上海市","citycode":21,"cityname":"上海市","adcode":310101,"adname":"黄浦区","gridcode":4621637722,"distance":1181,"business_area":"北京东路","timestamp":"2023-02-07 14:26:10","biz_ext":"{\"rating\": \"4.2\", \"cost\": [], \"ticket_ordering\": \"0\"}","行业大类":"风景名胜","行业中类":"风景名胜相关","行业小类":"旅游景点","wgs84_loc":"121.467443,31.232856","wgs84Lng":121.467443,"wgs84Lat":31.232856,"__source_file__":"02-POI&AOI/1-POI/其它/23/Excel/分类/上海市-POI-2023.csv-风景名胜.csv"},"geometry":{"type":"Point","coordinates":[121.467443,31.232856]}},{"id":"1829","type":"Feature","properties":{"id":"a803279e-424f-3359-a633-b9abe64da243","name":"人民公园-湖心亭","type":"风景名胜;风景名胜相关;旅游景点","typecode":"110000","address":"南京西路231号(近黄陂北路)人民公园内(西南角)","location":"121.471672,31.231128","tel":"021-63271333","pcode":310000,"pname":"上海市","citycode":21,"cityname":"上海市","adcode":310101,"adname":"黄浦区","gridcode":4621637722,"distance":1309,"business_area":"北京东路","timestamp":"2023-03-29 15:25:10","biz_ext":"{\"rating\": \"3.7\", \"cost\": [], \"ticket_ordering\": \"0\"}","行业大类":"风景名胜","行业中类":"风景名胜相关","行业小类":"旅游景点","wgs84_loc":"121.467142,31.233064","wgs84Lng":121.467142,"wgs84Lat":31.233064,"__source_file__":"02-POI&AOI/1-POI/其它/23/Excel/分类/上海市-POI-2023.csv-风景名胜.csv"},"geometry":{"type":"Point","coordinates":[121.467142,31.233064]}},{"id":"1025","type":"Feature","properties":{"id":"33dbd349-3a34-3d3a-8dd0-99203a885aae","name":"人民公园-张思德像","type":"风景名胜;风景名胜相关;旅游景点","typecode":"110000","address":"南京西路231号(近黄陂北路)人民公园内(西南角)","location":"121.471436,31.231225","tel":"021-63271333","pcode":310000,"pname":"上海市","citycode":21,"cityname":"上海市","adcode":310101,"adname":"黄浦区","gridcode":4621637722,"distance":1311,"business_area":"北京东路","timestamp":"2022-11-21 22:39:19","biz_ext":"{\"rating\": \"3.7\", \"cost\": [], \"ticket_ordering\": \"0\"}","行业大类":"风景名胜","行业中类":"风景名胜相关","行业小类":"旅游景点","wgs84_loc":"121.466906,31.233161","wgs84Lng":121.466906,"wgs84Lat":31.233161,"__source_file__":"02-POI&AOI/1-POI/其它/23/Excel/分类/上海市-POI-2023.csv-风景名胜.csv"},"geometry":{"type":"Point","coordinates":[121.466906,31.233161]}},{"id":"5702","type":"Feature","properties":{"id":"f0389ab2-2bb0-37f0-a251-65ce84456483","name":"中共临时中央政治局机关旧址","type":"风景名胜;风景名胜;红色景区","typecode":"110210","address":"奉贤路290弄1号","location":"121.454636,31.229413","tel":"[]","pcode":310000,"pname":"上海市","citycode":21,"cityname":"上海市","adcode":310106,"adname":"静安区","gridcode":4621637611,"distance":944,"business_area":"淮海路","timestamp":"2023-05-12 18:04:27","biz_ext":"{\"rating\": \"3.8\", \"cost\": [], \"ticket_ordering\": \"0\"}","行业大类":"风景名胜","行业中类":"风景名胜","行业小类":"红色景区","wgs84_loc":"121.450056,31.231308","wgs84Lng":121.450056,"wgs84Lat":31.231308,"__source_file__":"02-POI&AOI/1-POI/其它/23/Excel/分类/上海市-POI-2023.csv-风景名胜.csv"},"geometry":{"type":"Point","coordinates":[121.450056,31.231308]}},{"id":"906","type":"Feature","properties":{"id":"df97ca30-056d-33bb-8338-cb31714bf799","name":"许崇智住宅","type":"风景名胜;风景名胜;纪念馆","typecode":"110204","address":"陕西北路380号","location":"121.453556,31.229464","tel":"[]","pcode":310000,"pname":"上海市","citycode":21,"cityname":"上海市","adcode":310106,"adname":"静安区","gridcode":4621637610,"distance":992,"business_area":"淮海路","timestamp":"2023-04-21 05:03:41","biz_ext":"{\"rating\": \"4.1\", \"cost\": [], \"ticket_ordering\": \"0\"}","行业大类":"风景名胜","行业中类":"风景名胜","行业小类":"纪念馆","wgs84_loc":"121.448974,31.231357","wgs84Lng":121.448974,"wgs84Lat":31.231357,"__source_file__":"02-POI&AOI/1-POI/其它/23/Excel/分类/上海市-POI-2023.csv-风景名胜.csv"},"geometry":{"type":"Point","coordinates":[121.448974,31.231357]}},{"id":"3910","type":"Feature","properties":{"id":"adf4cf27-d3f4-3179-9feb-8bee9bd07f32","name":"许崇智旧居","type":"风景名胜;风景名胜;纪念馆","typecode":"110204","address":"陕西北路380号许崇智住宅","location":"121.453566,31.229478","tel":"[]","pcode":310000,"pname":"上海市","citycode":21,"cityname":"上海市","adcode":310106,"adname":"静安区","gridcode":4621637610,"distance":1151,"business_area":"淮海路","timestamp":"2023-04-12 22:46:17","biz_ext":"{\"rating\": \"3.4\", \"cost\": [], \"ticket_ordering\": \"0\"}","行业大类":"风景名胜","行业中类":"风景名胜","行业小类":"纪念馆","wgs84_loc":"121.448984,31.231371","wgs84Lng":121.448984,"wgs84Lat":31.231371,"__source_file__":"02-POI&AOI/1-POI/其它/23/Excel/分类/上海市-POI-2023.csv-风景名胜.csv"},"geometry":{"type":"Point","coordinates":[121.448984,31.231371]}},{"id":"3605","type":"Feature","properties":{"id":"3f3718f4-0ce7-3776-a5b7-617d3ad97ab9","name":"谭抒真旧居","type":"风景名胜;风景名胜;纪念馆","typecode":"110204","address":"南汇路与奉贤路交叉口东南40米","location":"121.457316,31.229571","tel":"[]","pcode":310000,"pname":"上海市","citycode":21,"cityname":"上海市","adcode":310106,"adname":"静安区","gridcode":4621637611,"distance":1039,"business_area":"淮海路","timestamp":"2023-04-21 04:42:26","biz_ext":"{\"rating\": \"3.3\", \"cost\": [], \"ticket_ordering\": \"0\"}","行业大类":"风景名胜","行业中类":"风景名胜","行业小类":"纪念馆","wgs84_loc":"121.452744,31.231472","wgs84Lng":121.452744,"wgs84Lat":31.231472,"__source_file__":"02-POI&AOI/1-POI/其它/23/Excel/分类/上海市-POI-2023.csv-风景名胜.csv"},"geometry":{"type":"Point","coordinates":[121.452744,31.231472]}},{"id":"3669","type":"Feature","properties":{"id":"60a07c60-ec4f-348a-acea-220d26701956","name":"北广场","type":"风景名胜;公园广场;城市广场","typecode":"110105","address":"南京西路789号(南京西路地铁站5号口旁)","location":"121.462549,31.229968","tel":"[]","pcode":310000,"pname":"上海市","citycode":21,"cityname":"上海市","adcode":310106,"adname":"静安区","gridcode":4621637710,"distance":1068,"business_area":"淮海路","timestamp":"2023-04-20 18:12:08","biz_ext":"{\"rating\": \"4.2\", \"cost\": [], \"ticket_ordering\": \"0\"}","行业大类":"风景名胜","行业中类":"公园广场","行业小类":"城市广场","wgs84_loc":"121.457991,31.231882","wgs84Lng":121.457991,"wgs84Lat":31.231882,"__source_file__":"02-POI&AOI/1-POI/其它/23/Excel/分类/上海市-POI-2023.csv-风景名胜.csv"},"geometry":{"type":"Point","coordinates":[121.457991,31.231882]}},{"id":"1557","type":"Feature","properties":{"id":"bf034a63-6a04-3fe4-8f8e-86b71ea8a6ce","name":"麦德赫斯脱大楼旧址","type":"风景名胜;风景名胜相关;旅游景点","typecode":"110000","address":"南京西路934号泰兴大楼(南京西路地铁站1号口步行80米)","location":"121.458945,31.230212","tel":"[]","pcode":310000,"pname":"上海市","citycode":21,"cityname":"上海市","adcode":310106,"adname":"静安区","gridcode":4621637612,"distance":1093,"business_area":"淮海路","timestamp":"2023-01-16 20:38:31","biz_ext":"{\"rating\": \"3.0\", \"cost\": [], \"ticket_ordering\": \"0\"}","行业大类":"风景名胜","行业中类":"风景名胜相关","行业小类":"旅游景点","wgs84_loc":"121.454377,31.232117","wgs84Lng":121.454377,"wgs84Lat":31.232117,"__source_file__":"02-POI&AOI/1-POI/其它/23/Excel/分类/上海市-POI-2023.csv-风景名胜.csv"},"geometry":{"type":"Point","coordinates":[121.454377,31.232117]}},{"id":"907","type":"Feature","properties":{"id":"2be60216-061a-35d9-9e25-b3de13e13f50","name":"温可铮旧居","type":"风景名胜;风景名胜;纪念馆","typecode":"110204","address":"南汇路85弄10-16号(南京西路地铁站1号口步行400米)","location":"121.456285,31.230245","tel":"[]","pcode":310000,"pname":"上海市","citycode":21,"cityname":"上海市","adcode":310106,"adname":"静安区","gridcode":4621637611,"distance":1134,"business_area":"淮海路","timestamp":"2023-01-16 20:41:00","biz_ext":"{\"rating\": \"4.0\", \"cost\": [], \"ticket_ordering\": \"0\"}","行业大类":"风景名胜","行业中类":"风景名胜","行业小类":"纪念馆","wgs84_loc":"121.45171,31.232144","wgs84Lng":121.45171,"wgs84Lat":31.232144,"__source_file__":"02-POI&AOI/1-POI/其它/23/Excel/分类/上海市-POI-2023.csv-风景名胜.csv"},"geometry":{"type":"Point","coordinates":[121.45171,31.232144]}},{"id":"898","type":"Feature","properties":{"id":"ce3c8e83-f3ed-3b43-a107-2d170288835c","name":"何东旧居(不对外开放)","type":"风景名胜;风景名胜;纪念馆","typecode":"110204","address":"陕西北路457号","location":"121.452839,31.230399","tel":"[]","pcode":310000,"pname":"上海市","citycode":21,"cityname":"上海市","adcode":310106,"adname":"静安区","gridcode":4621637610,"distance":950,"business_area":"曹家渡","timestamp":"2023-05-11 11:31:54","biz_ext":"{\"rating\": \"4.5\", \"cost\": [], \"ticket_ordering\": \"0\"}","行业大类":"风景名胜","行业中类":"风景名胜","行业小类":"纪念馆","wgs84_loc":"121.448255,31.23229","wgs84Lng":121.448255,"wgs84Lat":31.23229,"__source_file__":"02-POI&AOI/1-POI/其它/23/Excel/分类/上海市-POI-2023.csv-风景名胜.csv"},"geometry":{"type":"Point","coordinates":[121.448255,31.23229]}},{"id":"6503","type":"Feature","properties":{"id":"f6005d1a-4466-3bb9-9db0-66bbeb8f515b","name":"观渡庐","type":"风景名胜;风景名胜;风景名胜","typecode":"110200","address":"北京西路1094弄","location":"121.453793,31.230405","tel":"[]","pcode":310000,"pname":"上海市","citycode":21,"cityname":"上海市","adcode":310106,"adname":"静安区","gridcode":4621637610,"distance":893,"business_area":"淮海路","timestamp":"2023-05-12 19:44:56","biz_ext":"{\"rating\": \"3.8\", \"cost\": [], \"ticket_ordering\": \"0\"}","行业大类":"风景名胜","行业中类":"风景名胜","行业小类":"风景名胜","wgs84_loc":"121.449211,31.232298","wgs84Lng":121.449211,"wgs84Lat":31.232298,"__source_file__":"02-POI&AOI/1-POI/其它/23/Excel/分类/上海市-POI-2023.csv-风景名胜.csv"},"geometry":{"type":"Point","coordinates":[121.449211,31.232298]}},{"id":"3174","type":"Feature","properties":{"id":"9e47c493-3de2-33a3-a2b3-70840b5895c4","name":"伍廷芳故居","type":"风景名胜;风景名胜;纪念馆","typecode":"110204","address":"北京西路与陕西北路交叉口东北约120米","location":"121.453817,31.230593","tel":"[]","pcode":310000,"pname":"上海市","citycode":21,"cityname":"上海市","adcode":310106,"adname":"静安区","gridcode":4621637620,"distance":1412,"business_area":"淮海路","timestamp":"2023-04-21 05:27:08","biz_ext":"{\"rating\": \"3.6\", \"cost\": [], \"ticket_ordering\": \"0\"}","行业大类":"风景名胜","行业中类":"风景名胜","行业小类":"纪念馆","wgs84_loc":"121.449235,31.232486","wgs84Lng":121.449235,"wgs84Lat":31.232486,"__source_file__":"02-POI&AOI/1-POI/其它/23/Excel/分类/上海市-POI-2023.csv-风景名胜.csv"},"geometry":{"type":"Point","coordinates":[121.449235,31.232486]}},{"id":"3652","type":"Feature","properties":{"id":"edb32bb8-90ee-31ce-ad6f-3cb29bf0ca00","name":"上海博物馆-山西壁画展","type":"风景名胜;风景名胜相关;旅游景点","typecode":"110000","address":"人民大道201号(人民广场地铁站1号口步行320米)","location":"121.475226,31.228750","tel":"[]","pcode":310000,"pname":"上海市","citycode":21,"cityname":"上海市","adcode":310101,"adname":"黄浦区","gridcode":4621637810,"distance":650,"business_area":"北京东路","timestamp":"2023-03-09 11:09:16","biz_ext":"{\"rating\": \"3.3\", \"cost\": [], \"ticket_ordering\": \"0\"}","行业大类":"风景名胜","行业中类":"风景名胜相关","行业小类":"旅游景点","wgs84_loc":"121.470708,31.230697","wgs84Lng":121.470708,"wgs84Lat":31.230697,"__source_file__":"02-POI&AOI/1-POI/其它/23/Excel/分类/上海市-POI-2023.csv-风景名胜.csv"},"geometry":{"type":"Point","coordinates":[121.470708,31.230697]}},{"id":"1368","type":"Feature","properties":{"id":"daf55ee0-a97d-3dba-9714-26af767c20b8","name":"上海人民广场","type":"风景名胜;公园广场;城市广场","typecode":"110105","address":"人民大道185号","location":"121.475164,31.228816","tel":"021-61199357","pcode":310000,"pname":"上海市","citycode":21,"cityname":"上海市","adcode":310101,"adname":"黄浦区","gridcode":4621637810,"distance":652,"business_area":"北京东路","timestamp":"2023-05-13 03:50:20","biz_ext":"{\"rating\": \"4.9\", \"cost\": [], \"ticket_ordering\": \"0\"}","行业大类":"风景名胜","行业中类":"公园广场","行业小类":"城市广场","wgs84_loc":"121.470646,31.230763","wgs84Lng":121.470646,"wgs84Lat":31.230763,"__source_file__":"02-POI&AOI/1-POI/其它/23/Excel/分类/上海市-POI-2023.csv-风景名胜.csv"},"geometry":{"type":"Point","coordinates":[121.470646,31.230763]}},{"id":"6115","type":"Feature","properties":{"id":"c20e8d47-eec7-3df6-8314-73980750d2c1","name":"联圩广场","type":"风景名胜;公园广场;城市广场","typecode":"110105","address":"人民大道185号(人民广场地铁站1号口步行300米)","location":"121.474538,31.229377","tel":"[]","pcode":310000,"pname":"上海市","citycode":21,"cityname":"上海市","adcode":310101,"adname":"黄浦区","gridcode":4621637712,"distance":683,"business_area":"淮海路","timestamp":"2022-12-30 19:16:19","biz_ext":"{\"rating\": \"2.6\", \"cost\": [], \"ticket_ordering\": \"0\"}","行业大类":"风景名胜","行业中类":"公园广场","行业小类":"城市广场","wgs84_loc":"121.470018,31.231322","wgs84Lng":121.470018,"wgs84Lat":31.231322,"__source_file__":"02-POI&AOI/1-POI/其它/23/Excel/分类/上海市-POI-2023.csv-风景名胜.csv"},"geometry":{"type":"Point","coordinates":[121.470018,31.231322]}},{"id":"2840","type":"Feature","properties":{"id":"1e858663-0b73-3047-9521-c3d87ba55a6d","name":"上海人民广场音乐喷泉","type":"风景名胜;公园广场;城市广场","typecode":"110105","address":"人民大道185号上海人民广场(西北角)","location":"121.474539,31.229381","tel":"[]","pcode":310000,"pname":"上海市","citycode":21,"cityname":"上海市","adcode":310101,"adname":"黄浦区","gridcode":4621637712,"distance":925,"business_area":"淮海路","timestamp":"2023-05-12 03:06:05","biz_ext":"{\"rating\": \"4.7\", \"cost\": [], \"ticket_ordering\": \"0\"}","行业大类":"风景名胜","行业中类":"公园广场","行业小类":"城市广场","wgs84_loc":"121.470019,31.231326","wgs84Lng":121.470019,"wgs84Lat":31.231326,"__source_file__":"02-POI&AOI/1-POI/其它/23/Excel/分类/上海市-POI-2023.csv-风景名胜.csv"},"geometry":{"type":"Point","coordinates":[121.470019,31.231326]}},{"id":"1580","type":"Feature","properties":{"id":"6eafe8be-9d30-3763-a40f-d79f7ca13cfd","name":"东方饭店旧址","type":"风景名胜;风景名胜相关;旅游景点","typecode":"110000","address":"西藏中路120号(人民广场地铁站1号口步行220米)","location":"121.477649,31.230514","tel":"[]","pcode":310000,"pname":"上海市","citycode":21,"cityname":"上海市","adcode":310101,"adname":"黄浦区","gridcode":4621637810,"distance":362,"business_area":"北京东路","timestamp":"2023-05-01 14:02:46","biz_ext":"{\"rating\": \"3.6\", \"cost\": [], \"ticket_ordering\": \"0\"}","行业大类":"风景名胜","行业中类":"风景名胜相关","行业小类":"旅游景点","wgs84_loc":"121.473139,31.232467","wgs84Lng":121.473139,"wgs84Lat":31.232467,"__source_file__":"02-POI&AOI/1-POI/其它/23/Excel/分类/上海市-POI-2023.csv-风景名胜.csv"},"geometry":{"type":"Point","coordinates":[121.473139,31.232467]}},{"id":"863","type":"Feature","properties":{"id":"2b3e2406-fbe4-3796-b205-58cf60b08c9b","name":"人民公园-西山亭","type":"风景名胜;风景名胜相关;旅游景点","typecode":"110000","address":"南京西路231号(近黄陂北路)人民公园内(西南角)","location":"121.472340,31.230637","tel":"021-63271333","pcode":310000,"pname":"上海市","citycode":21,"cityname":"上海市","adcode":310101,"adname":"黄浦区","gridcode":4621637722,"distance":1155,"business_area":"淮海路","timestamp":"2023-01-28 11:55:23","biz_ext":"{\"rating\": \"3.3\", \"cost\": [], \"ticket_ordering\": \"0\"}","行业大类":"风景名胜","行业中类":"风景名胜相关","行业小类":"旅游景点","wgs84_loc":"121.467813,31.232575","wgs84Lng":121.467813,"wgs84Lat":31.232575,"__source_file__":"02-POI&AOI/1-POI/其它/23/Excel/分类/上海市-POI-2023.csv-风景名胜.csv"},"geometry":{"type":"Point","coordinates":[121.467813,31.232575]}},{"id":"1047","type":"Feature","properties":{"id":"31dce0a0-1af0-390c-a2d0-de928bd272de","name":"人民公园-西山瀑布","type":"风景名胜;风景名胜相关;旅游景点","typecode":"110000","address":"南京西路75号人民公园内(西南角)","location":"121.472064,31.230729","tel":"021-63271333","pcode":310000,"pname":"上海市","citycode":21,"cityname":"上海市","adcode":310101,"adname":"黄浦区","gridcode":4621637722,"distance":1161,"business_area":"北京东路","timestamp":"2023-04-26 19:58:25","biz_ext":"{\"rating\": \"4.1\", \"cost\": [], \"ticket_ordering\": \"0\"}","行业大类":"风景名胜","行业中类":"风景名胜相关","行业小类":"旅游景点","wgs84_loc":"121.467536,31.232667","wgs84Lng":121.467536,"wgs84Lat":31.232667,"__source_file__":"02-POI&AOI/1-POI/其它/23/Excel/分类/上海市-POI-2023.csv-风景名胜.csv"},"geometry":{"type":"Point","coordinates":[121.467536,31.232667]}},{"id":"1764","type":"Feature","properties":{"id":"d4a6c5cb-8c7f-367d-bb93-0859e320550d","name":"人民公园-紫藤架","type":"风景名胜;风景名胜相关;旅游景点","typecode":"110000","address":"南京西路231号(近黄陂北路)人民公园内(西南角)","location":"121.472508,31.231293","tel":"021-63271333","pcode":310000,"pname":"上海市","citycode":21,"cityname":"上海市","adcode":310101,"adname":"黄浦区","gridcode":4621637722,"distance":1856,"business_area":"淮海路","timestamp":"2023-01-28 11:55:33","biz_ext":"{\"rating\": \"4.0\", \"cost\": [], \"ticket_ordering\": \"0\"}","行业大类":"风景名胜","行业中类":"风景名胜相关","行业小类":"旅游景点","wgs84_loc":"121.467981,31.233232","wgs84Lng":121.467981,"wgs84Lat":31.233232,"__source_file__":"02-POI&AOI/1-POI/其它/23/Excel/分类/上海市-POI-2023.csv-风景名胜.csv"},"geometry":{"type":"Point","coordinates":[121.467981,31.233232]}},{"id":"1754","type":"Feature","properties":{"id":"3200a91d-7c74-31e9-bccc-a8703d7af22b","name":"人民公园-睡莲池","type":"风景名胜;风景名胜相关;旅游景点","typecode":"110000","address":"南京西路231号(近黄陂北路)人民公园内(西南角)","location":"121.472303,31.231389","tel":"021-63271333","pcode":310000,"pname":"上海市","citycode":21,"cityname":"上海市","adcode":310101,"adname":"黄浦区","gridcode":4621637722,"distance":1843,"business_area":"北京东路","timestamp":"2023-05-13 06:26:30","biz_ext":"{\"rating\": \"3.9\", \"cost\": [], \"ticket_ordering\": \"0\"}","行业大类":"风景名胜","行业中类":"风景名胜相关","行业小类":"旅游景点","wgs84_loc":"121.467775,31.233327","wgs84Lng":121.467775,"wgs84Lat":31.233327,"__source_file__":"02-POI&AOI/1-POI/其它/23/Excel/分类/上海市-POI-2023.csv-风景名胜.csv"},"geometry":{"type":"Point","coordinates":[121.467775,31.233327]}},{"id":"129","type":"Feature","properties":{"id":"df9fea6d-ad2f-3a7f-bcb2-845557c26287","name":"上海城市规划展示馆","type":"风景名胜;风景名胜相关;旅游景点","typecode":"110000","address":"人民大道100号","location":"121.475551,31.231444","tel":"021-63184477","pcode":310000,"pname":"上海市","citycode":21,"cityname":"上海市","adcode":310101,"adname":"黄浦区","gridcode":4621637820,"distance":817,"business_area":"淮海路","timestamp":"2023-05-12 17:24:13","biz_ext":"{\"rating\": \"4.7\", \"cost\": \"30.00\", \"ticket_ordering\": \"0\"}","行业大类":"风景名胜","行业中类":"风景名胜相关","行业小类":"旅游景点","wgs84_loc":"121.471034,31.233391","wgs84Lng":121.471034,"wgs84Lat":31.233391,"__source_file__":"02-POI&AOI/1-POI/其它/23/Excel/分类/上海市-POI-2023.csv-风景名胜.csv"},"geometry":{"type":"Point","coordinates":[121.471034,31.233391]}},{"id":"1565","type":"Feature","properties":{"id":"a1623d35-6868-3c63-af36-1f11c44c0b3d","name":"中共中央政治局机关旧址(1928-1931年)","type":"风景名胜;风景名胜;红色景区","typecode":"110210","address":"云南中路171-173号","location":"121.477622,31.231818","tel":"[]","pcode":310000,"pname":"上海市","citycode":21,"cityname":"上海市","adcode":310101,"adname":"黄浦区","gridcode":4621637820,"distance":893,"business_area":"北京东路","timestamp":"2023-04-15 14:28:37","biz_ext":"{\"rating\": \"4.3\", \"cost\": [], \"ticket_ordering\": \"0\"}","行业大类":"风景名胜","行业中类":"风景名胜","行业小类":"红色景区","wgs84_loc":"121.473112,31.23377","wgs84Lng":121.473112,"wgs84Lat":31.23377,"__source_file__":"02-POI&AOI/1-POI/其它/23/Excel/分类/上海市-POI-2023.csv-风景名胜.csv"},"geometry":{"type":"Point","coordinates":[121.473112,31.23377]}},{"id":"426","type":"Feature","properties":{"id":"5dc51f9a-10db-3267-b036-36a1b16dc02c","name":"人民公园","type":"风景名胜;公园广场;公园","typecode":"110101","address":"南京西路231号","location":"121.473108,31.232135","tel":"021-63271333","pcode":310000,"pname":"上海市","citycode":21,"cityname":"上海市","adcode":310101,"adname":"黄浦区","gridcode":4621637722,"distance":943,"business_area":"北京东路","timestamp":"2023-05-13 03:50:45","biz_ext":"{\"rating\": \"4.9\", \"cost\": [], \"ticket_ordering\": \"0\"}","行业大类":"风景名胜","行业中类":"公园广场","行业小类":"公园","wgs84_loc":"121.468583,31.234075","wgs84Lng":121.468583,"wgs84Lat":31.234075,"__source_file__":"02-POI&AOI/1-POI/其它/23/Excel/分类/上海市-POI-2023.csv-风景名胜.csv"},"geometry":{"type":"Point","coordinates":[121.468583,31.234075]}},{"id":"2553","type":"Feature","properties":{"id":"6582cc33-9253-3277-8e71-1e28a414a824","name":"人民公园-售卖亭","type":"风景名胜;风景名胜相关;旅游景点","typecode":"110000","address":"南京西路75号人民公园内(人民广场地铁站9号口步行150米)","location":"121.472711,31.232170","tel":"021-63271333","pcode":310000,"pname":"上海市","citycode":21,"cityname":"上海市","adcode":310101,"adname":"黄浦区","gridcode":4621637722,"distance":972,"business_area":"淮海路","timestamp":"2023-01-28 11:55:45","biz_ext":"{\"rating\": \"3.4\", \"cost\": [], \"ticket_ordering\": \"0\"}","行业大类":"风景名胜","行业中类":"风景名胜相关","行业小类":"旅游景点","wgs84_loc":"121.468185,31.234109","wgs84Lng":121.468185,"wgs84Lat":31.234109,"__source_file__":"02-POI&AOI/1-POI/其它/23/Excel/分类/上海市-POI-2023.csv-风景名胜.csv"},"geometry":{"type":"Point","coordinates":[121.468185,31.234109]}},{"id":"602","type":"Feature","properties":{"id":"dd917e43-545b-3814-949f-a2c4b052e7cd","name":"人民公园-相亲角","type":"风景名胜;风景名胜相关;旅游景点","typecode":"110000","address":"南京西路75号人民公园内(近黄陂北路)","location":"121.472643,31.232249","tel":"021-63271333","pcode":310000,"pname":"上海市","citycode":21,"cityname":"上海市","adcode":310101,"adname":"黄浦区","gridcode":4621637722,"distance":973,"business_area":"北京东路","timestamp":"2023-05-11 00:37:31","biz_ext":"{\"rating\": \"4.6\", \"cost\": \"4.00\", \"ticket_ordering\": \"0\"}","行业大类":"风景名胜","行业中类":"风景名胜相关","行业小类":"旅游景点","wgs84_loc":"121.468116,31.234188","wgs84Lng":121.468116,"wgs84Lat":31.234188,"__source_file__":"02-POI&AOI/1-POI/其它/23/Excel/分类/上海市-POI-2023.csv-风景名胜.csv"},"geometry":{"type":"Point","coordinates":[121.468116,31.234188]}},{"id":"3234","type":"Feature","properties":{"id":"a4aa295e-229b-3244-9fec-940b2109d224","name":"人民广场(15号口)","type":"风景名胜;风景名胜相关;旅游景点","typecode":"110000","address":"西藏中路与福州路交叉口北80米(人民广场地铁站15号口旁)","location":"121.476310,31.232282","tel":"[]","pcode":310000,"pname":"上海市","citycode":21,"cityname":"上海市","adcode":310101,"adname":"黄浦区","gridcode":4621637820,"distance":487,"business_area":"北京东路","timestamp":"2023-05-13 01:12:03","biz_ext":"{\"rating\": \"4.4\", \"cost\": [], \"ticket_ordering\": \"0\"}","行业大类":"风景名胜","行业中类":"风景名胜相关","行业小类":"旅游景点","wgs84_loc":"121.471795,31.234231","wgs84Lng":121.471795,"wgs84Lat":31.234231,"__source_file__":"02-POI&AOI/1-POI/其它/23/Excel/分类/上海市-POI-2023.csv-风景名胜.csv"},"geometry":{"type":"Point","coordinates":[121.471795,31.234231]}},{"id":"1731","type":"Feature","properties":{"id":"e62d296f-87ad-32e9-a55b-9da6b298f618","name":"人民公园-南极石","type":"风景名胜;风景名胜相关;旅游景点","typecode":"110000","address":"南京西路231号(近黄陂北路)人民公园内(东侧)","location":"121.474145,31.232396","tel":"021-63271333","pcode":310000,"pname":"上海市","citycode":21,"cityname":"上海市","adcode":310101,"adname":"黄浦区","gridcode":4621637722,"distance":845,"business_area":"北京东路","timestamp":"2023-02-07 14:26:10","biz_ext":"{\"rating\": \"4.0\", \"cost\": [], \"ticket_ordering\": \"0\"}","行业大类":"风景名胜","行业中类":"风景名胜相关","行业小类":"旅游景点","wgs84_loc":"121.469623,31.234339","wgs84Lng":121.469623,"wgs84Lat":31.234339,"__source_file__":"02-POI&AOI/1-POI/其它/23/Excel/分类/上海市-POI-2023.csv-风景名胜.csv"},"geometry":{"type":"Point","coordinates":[121.469623,31.234339]}},{"id":"862","type":"Feature","properties":{"id":"55d94c1e-a4fc-3440-8008-bd14a85b2ced","name":"人民公园游乐园-碰碰车(装修中)","type":"风景名胜;风景名胜相关;旅游景点","typecode":"110000","address":"人民公园游乐园(南京西路)","location":"121.473241,31.232457","tel":"021-63271333","pcode":310000,"pname":"上海市","citycode":21,"cityname":"上海市","adcode":310101,"adname":"黄浦区","gridcode":4621637722,"distance":913,"business_area":"北京东路","timestamp":"2022-11-26 10:43:19","biz_ext":"{\"rating\": \"4.3\", \"cost\": [], \"ticket_ordering\": \"0\"}","行业大类":"风景名胜","行业中类":"风景名胜相关","行业小类":"旅游景点","wgs84_loc":"121.468716,31.234397","wgs84Lng":121.468716,"wgs84Lat":31.234397,"__source_file__":"02-POI&AOI/1-POI/其它/23/Excel/分类/上海市-POI-2023.csv-风景名胜.csv"},"geometry":{"type":"Point","coordinates":[121.468716,31.234397]}},{"id":"1501","type":"Feature","properties":{"id":"0ba5f920-0e6a-353c-8f2f-6dff0af4a42b","name":"爱国主义教育苑","type":"风景名胜;风景名胜;纪念馆","typecode":"110204","address":"福州路614弄2号(人民广场地铁站15号口步行410米)","location":"121.478936,31.233037","tel":"[]","pcode":310000,"pname":"上海市","citycode":21,"cityname":"上海市","adcode":310101,"adname":"黄浦区","gridcode":4621637820,"distance":292,"business_area":"北京东路","timestamp":"2023-01-16 20:30:25","biz_ext":"{\"rating\": \"3.2\", \"cost\": [], \"ticket_ordering\": \"0\"}","行业大类":"风景名胜","行业中类":"风景名胜","行业小类":"纪念馆","wgs84_loc":"121.47443,31.234993","wgs84Lng":121.47443,"wgs84Lat":31.234993,"__source_file__":"02-POI&AOI/1-POI/其它/23/Excel/分类/上海市-POI-2023.csv-风景名胜.csv"},"geometry":{"type":"Point","coordinates":[121.47443,31.234993]}},{"id":"5100","type":"Feature","properties":{"id":"053cd78f-fcef-30f8-b05b-b5adf8fca260","name":"双拥广场","type":"风景名胜;公园广场;城市广场","typecode":"110105","address":"九江路与西藏中路交叉口西南120米","location":"121.473656,31.233267","tel":"021-63271333","pcode":310000,"pname":"上海市","citycode":21,"cityname":"上海市","adcode":310101,"adname":"黄浦区","gridcode":4621637722,"distance":1655,"business_area":"北京东路","timestamp":"2023-04-24 11:58:37","biz_ext":"{\"rating\": \"4.0\", \"cost\": [], \"ticket_ordering\": \"0\"}","行业大类":"风景名胜","行业中类":"公园广场","行业小类":"城市广场","wgs84_loc":"121.469133,31.235208","wgs84Lng":121.469133,"wgs84Lat":31.235208,"__source_file__":"02-POI&AOI/1-POI/其它/23/Excel/分类/上海市-POI-2023.csv-风景名胜.csv"},"geometry":{"type":"Point","coordinates":[121.469133,31.235208]}},{"id":"562","type":"Feature","properties":{"id":"db31ef47-a126-3c82-ba5c-b3d51ad03960","name":"上海基督教沐恩堂","type":"风景名胜;风景名胜;教堂","typecode":"110206","address":"西藏中路316号(人民广场地铁站14号口步行50米)","location":"121.475855,31.233273","tel":"021-63225069","pcode":310000,"pname":"上海市","citycode":21,"cityname":"上海市","adcode":310101,"adname":"黄浦区","gridcode":4621637820,"distance":1621,"business_area":"北京东路","timestamp":"2023-05-11 18:23:21","biz_ext":"{\"rating\": \"4.6\", \"cost\": [], \"ticket_ordering\": \"0\"}","行业大类":"风景名胜","行业中类":"风景名胜","行业小类":"教堂","wgs84_loc":"121.471339,31.23522","wgs84Lng":121.471339,"wgs84Lat":31.23522,"__source_file__":"02-POI&AOI/1-POI/其它/23/Excel/分类/上海市-POI-2023.csv-风景名胜.csv"},"geometry":{"type":"Point","coordinates":[121.471339,31.23522]}},{"id":"5739","type":"Feature","properties":{"id":"37acfc17-eda4-35b2-b675-4c4c46400245","name":"112人民广场","type":"风景名胜;公园广场;城市广场","typecode":"110105","address":"石门一路与南京西路交叉口西南40米","location":"121.461914,31.230724","tel":"[]","pcode":310000,"pname":"上海市","citycode":21,"cityname":"上海市","adcode":310106,"adname":"静安区","gridcode":4621637622,"distance":1054,"business_area":"淮海路","timestamp":"2022-08-16 12:36:53","biz_ext":"{\"rating\": \"4.3\", \"cost\": [], \"ticket_ordering\": \"0\"}","行业大类":"风景名胜","行业中类":"公园广场","行业小类":"城市广场","wgs84_loc":"121.457355,31.232636","wgs84Lng":121.457355,"wgs84Lat":31.232636,"__source_file__":"02-POI&AOI/1-POI/其它/23/Excel/分类/上海市-POI-2023.csv-风景名胜.csv"},"geometry":{"type":"Point","coordinates":[121.457355,31.232636]}},{"id":"6437","type":"Feature","properties":{"id":"273aedff-689e-3d47-83c9-cf02a0f4ad30","name":"同福花园","type":"风景名胜;公园广场;公园","typecode":"110101","address":"石门一路和南京西路交叉路口西南角","location":"121.461412,31.230761","tel":"[]","pcode":310000,"pname":"上海市","citycode":21,"cityname":"上海市","adcode":310106,"adname":"静安区","gridcode":4621637622,"distance":1088,"business_area":"淮海路","timestamp":"2022-08-07 13:02:38","biz_ext":"{\"rating\": \"3.7\", \"cost\": [], \"ticket_ordering\": \"0\"}","行业大类":"风景名胜","行业中类":"公园广场","行业小类":"公园","wgs84_loc":"121.456851,31.232671","wgs84Lng":121.456851,"wgs84Lat":31.232671,"__source_file__":"02-POI&AOI/1-POI/其它/23/Excel/分类/上海市-POI-2023.csv-风景名胜.csv"},"geometry":{"type":"Point","coordinates":[121.456851,31.232671]}},{"id":"880","type":"Feature","properties":{"id":"823cca79-095c-38b3-8bd7-ed4f39174e75","name":"上海电话公司泰兴路分局旧址","type":"风景名胜;风景名胜相关;旅游景点","typecode":"110000","address":"泰兴路230号(南京西路地铁站1号口步行130米)","location":"121.458837,31.230913","tel":"[]","pcode":310000,"pname":"上海市","citycode":21,"cityname":"上海市","adcode":310106,"adname":"静安区","gridcode":4621637622,"distance":1171,"business_area":"淮海路","timestamp":"2023-04-18 20:40:31","biz_ext":"{\"rating\": \"4.0\", \"cost\": [], \"ticket_ordering\": \"0\"}","行业大类":"风景名胜","行业中类":"风景名胜相关","行业小类":"旅游景点","wgs84_loc":"121.454269,31.232817","wgs84Lng":121.454269,"wgs84Lat":31.232817,"__source_file__":"02-POI&AOI/1-POI/其它/23/Excel/分类/上海市-POI-2023.csv-风景名胜.csv"},"geometry":{"type":"Point","coordinates":[121.454269,31.232817]}},{"id":"814","type":"Feature","properties":{"id":"3f46d88c-e037-3136-8227-2e4ae39ab9cc","name":"郭绍虞旧居","type":"风景名胜;风景名胜;纪念馆","typecode":"110204","address":"奉贤路148弄-1-8号(南京西路地铁站1号口步行160米)","location":"121.459620,31.231116","tel":"[]","pcode":310000,"pname":"上海市","citycode":21,"cityname":"上海市","adcode":310106,"adname":"静安区","gridcode":4621637622,"distance":1205,"business_area":"淮海路","timestamp":"2023-02-21 00:34:04","biz_ext":"{\"rating\": \"4.1\", \"cost\": [], \"ticket_ordering\": \"0\"}","行业大类":"风景名胜","行业中类":"风景名胜","行业小类":"纪念馆","wgs84_loc":"121.455054,31.233022","wgs84Lng":121.455054,"wgs84Lat":31.233022,"__source_file__":"02-POI&AOI/1-POI/其它/23/Excel/分类/上海市-POI-2023.csv-风景名胜.csv"},"geometry":{"type":"Point","coordinates":[121.455054,31.233022]}},{"id":"593","type":"Feature","properties":{"id":"ea945cce-0d7b-34de-b99e-1a1ec28a3595","name":"西摩会堂","type":"风景名胜;风景名胜;教堂","typecode":"110206","address":"陕西北路500号","location":"121.452418,31.231624","tel":"[]","pcode":310000,"pname":"上海市","citycode":21,"cityname":"上海市","adcode":310106,"adname":"静安区","gridcode":4621637620,"distance":881,"business_area":"曹家渡","timestamp":"2023-04-11 17:55:49","biz_ext":"{\"rating\": \"3.9\", \"cost\": [], \"ticket_ordering\": \"0\"}","行业大类":"风景名胜","行业中类":"风景名胜","行业小类":"教堂","wgs84_loc":"121.447833,31.233514","wgs84Lng":121.447833,"wgs84Lat":31.233514,"__source_file__":"02-POI&AOI/1-POI/其它/23/Excel/分类/上海市-POI-2023.csv-风景名胜.csv"},"geometry":{"type":"Point","coordinates":[121.447833,31.233514]}},{"id":"6386","type":"Feature","properties":{"id":"4201d08b-6464-32ef-af0f-55db08198dbc","name":"昌新花园","type":"风景名胜;公园广场;公园","typecode":"110101","address":"新闸路与昌化路交叉口西北角","location":"121.455342,31.233276","tel":"[]","pcode":310000,"pname":"上海市","citycode":21,"cityname":"上海市","adcode":310106,"adname":"静安区","gridcode":4621637621,"distance":1987,"business_area":"淮海路","timestamp":"2022-08-07 16:27:34","biz_ext":"{\"rating\": \"3.7\", \"cost\": [], \"ticket_ordering\": \"0\"}","行业大类":"风景名胜","行业中类":"公园广场","行业小类":"公园","wgs84_loc":"121.450764,31.235171","wgs84Lng":121.450764,"wgs84Lat":31.235171,"__source_file__":"02-POI&AOI/1-POI/其它/23/Excel/分类/上海市-POI-2023.csv-风景名胜.csv"},"geometry":{"type":"Point","coordinates":[121.450764,31.235171]}},{"id":"79","type":"Feature","properties":{"id":"74256850-0ab5-3222-9db3-bb14f601ac67","name":"阮玲玉故居","type":"风景名胜;风景名胜;纪念馆","typecode":"110204","address":"新闸路1124弄9号","location":"121.454105,31.233701","tel":"[]","pcode":310000,"pname":"上海市","citycode":21,"cityname":"上海市","adcode":310106,"adname":"静安区","gridcode":4621638600,"distance":1861,"business_area":"曹家渡","timestamp":"2023-01-16 12:59:03","biz_ext":"{\"rating\": \"4.0\", \"cost\": [], \"ticket_ordering\": \"0\"}","行业大类":"风景名胜","行业中类":"风景名胜","行业小类":"纪念馆","wgs84_loc":"121.449524,31.235593","wgs84Lng":121.449524,"wgs84Lat":31.235593,"__source_file__":"02-POI&AOI/1-POI/其它/23/Excel/分类/上海市-POI-2023.csv-风景名胜.csv"},"geometry":{"type":"Point","coordinates":[121.449524,31.235593]}},{"id":"1016","type":"Feature","properties":{"id":"8362e9e9-7492-3ebc-8afd-7cb044e2ae7f","name":"海上大风堂旧址","type":"风景名胜;风景名胜相关;旅游景点","typecode":"110000","address":"石门二路158号(自然博物馆地铁站2号口步行300米)","location":"121.461451,31.233907","tel":"[]","pcode":310000,"pname":"上海市","citycode":21,"cityname":"上海市","adcode":310106,"adname":"静安区","gridcode":4621638602,"distance":908,"business_area":"淮海路","timestamp":"2023-03-30 14:10:06","biz_ext":"{\"rating\": \"4.0\", \"cost\": [], \"ticket_ordering\": \"0\"}","行业大类":"风景名胜","行业中类":"风景名胜相关","行业小类":"旅游景点","wgs84_loc":"121.45689,31.235816","wgs84Lng":121.45689,"wgs84Lat":31.235816,"__source_file__":"02-POI&AOI/1-POI/其它/23/Excel/分类/上海市-POI-2023.csv-风景名胜.csv"},"geometry":{"type":"Point","coordinates":[121.45689,31.235816]}},{"id":"877","type":"Feature","properties":{"id":"ca58710e-b5b2-3d5a-ad03-56ceb3358f10","name":"康有为海上归隐处","type":"风景名胜;风景名胜相关;旅游景点","typecode":"110000","address":"石门二路街道泰兴路445弄2-48号","location":"121.456454,31.234006","tel":"[]","pcode":310000,"pname":"上海市","citycode":21,"cityname":"上海市","adcode":310106,"adname":"静安区","gridcode":4621638601,"distance":823,"business_area":"淮海路","timestamp":"2023-04-19 14:34:15","biz_ext":"{\"rating\": \"3.5\", \"cost\": [], \"ticket_ordering\": \"0\"}","行业大类":"风景名胜","行业中类":"风景名胜相关","行业小类":"旅游景点","wgs84_loc":"121.451879,31.235903","wgs84Lng":121.451879,"wgs84Lat":31.235903,"__source_file__":"02-POI&AOI/1-POI/其它/23/Excel/分类/上海市-POI-2023.csv-风景名胜.csv"},"geometry":{"type":"Point","coordinates":[121.451879,31.235903]}},{"id":"5370","type":"Feature","properties":{"id":"174bf979-cc86-368a-a2ce-330ad6956283","name":"犄角争锋","type":"风景名胜;风景名胜相关;旅游景点","typecode":"110000","address":"上海自然博物馆内地下二层楼(自然博物馆地铁站1号口旁)","location":"121.463033,31.234542","tel":"[]","pcode":310000,"pname":"上海市","citycode":21,"cityname":"上海市","adcode":310106,"adname":"静安区","gridcode":4621638700,"distance":1637,"business_area":"淮海路","timestamp":"2023-04-17 11:10:46","biz_ext":"{\"rating\": \"3.2\", \"cost\": [], \"ticket_ordering\": \"0\"}","行业大类":"风景名胜","行业中类":"风景名胜相关","行业小类":"旅游景点","wgs84_loc":"121.458476,31.236455","wgs84Lng":121.458476,"wgs84Lat":31.236455,"__source_file__":"02-POI&AOI/1-POI/其它/23/Excel/分类/上海市-POI-2023.csv-风景名胜.csv"},"geometry":{"type":"Point","coordinates":[121.458476,31.236455]}},{"id":"1099","type":"Feature","properties":{"id":"a8c01115-b07d-36cc-ba0f-5f80635dbd8b","name":"人民公园-碧翠湖","type":"风景名胜;风景名胜相关;旅游景点","typecode":"110000","address":"南京西路231号(近黄陂北路)人民公园内(西南角)","location":"121.471544,31.231369","tel":"021-63271333","pcode":310000,"pname":"上海市","citycode":21,"cityname":"上海市","adcode":310101,"adname":"黄浦区","gridcode":4621637722,"distance":1312,"business_area":"北京东路","timestamp":"2023-03-29 15:24:26","biz_ext":"{\"rating\": \"4.0\", \"cost\": [], \"ticket_ordering\": \"0\"}","行业大类":"风景名胜","行业中类":"风景名胜相关","行业小类":"旅游景点","wgs84_loc":"121.467014,31.233305","wgs84Lng":121.467014,"wgs84Lat":31.233305,"__source_file__":"02-POI&AOI/1-POI/其它/23/Excel/分类/上海市-POI-2023.csv-风景名胜.csv"},"geometry":{"type":"Point","coordinates":[121.467014,31.233305]}},{"id":"3534","type":"Feature","properties":{"id":"71d90a36-2e8c-3d14-823a-b69363c6eb03","name":"人民公园英语角","type":"风景名胜;风景名胜相关;旅游景点","typecode":"110000","address":"南京西路231号人民公园(西南角)","location":"121.471616,31.231380","tel":"021-63271333","pcode":310000,"pname":"上海市","citycode":21,"cityname":"上海市","adcode":310101,"adname":"黄浦区","gridcode":4621637722,"distance":1318,"business_area":"淮海路","timestamp":"2023-01-28 11:55:59","biz_ext":"{\"rating\": \"3.9\", \"cost\": [], \"ticket_ordering\": \"0\"}","行业大类":"风景名胜","行业中类":"风景名胜相关","行业小类":"旅游景点","wgs84_loc":"121.467086,31.233316","wgs84Lng":121.467086,"wgs84Lat":31.233316,"__source_file__":"02-POI&AOI/1-POI/其它/23/Excel/分类/上海市-POI-2023.csv-风景名胜.csv"},"geometry":{"type":"Point","coordinates":[121.467086,31.233316]}},{"id":"1080","type":"Feature","properties":{"id":"529a0563-c859-364e-bfe6-6b64be8b91c1","name":"人民公园-百花池","type":"风景名胜;风景名胜相关;旅游景点","typecode":"110000","address":"南京西路人民公园(人民广场地铁站10号口步行220米)","location":"121.472005,31.231524","tel":"021-63271333","pcode":310000,"pname":"上海市","citycode":21,"cityname":"上海市","adcode":310101,"adname":"黄浦区","gridcode":4621637722,"distance":1825,"business_area":"淮海路","timestamp":"2023-01-28 11:55:24","biz_ext":"{\"rating\": \"3.8\", \"cost\": [], \"ticket_ordering\": \"0\"}","行业大类":"风景名胜","行业中类":"风景名胜相关","行业小类":"旅游景点","wgs84_loc":"121.467476,31.233461","wgs84Lng":121.467476,"wgs84Lat":31.233461,"__source_file__":"02-POI&AOI/1-POI/其它/23/Excel/分类/上海市-POI-2023.csv-风景名胜.csv"},"geometry":{"type":"Point","coordinates":[121.467476,31.233461]}},{"id":"1702","type":"Feature","properties":{"id":"ddb0fa5e-cc18-389e-880e-5d3e883b3168","name":"人民公园-奎星峰","type":"风景名胜;风景名胜相关;旅游景点","typecode":"110000","address":"南京西路231号(近黄陂北路)人民公园内(西侧)","location":"121.471491,31.231600","tel":"021-63271333","pcode":310000,"pname":"上海市","citycode":21,"cityname":"上海市","adcode":310101,"adname":"黄浦区","gridcode":4621637722,"distance":1296,"business_area":"淮海路","timestamp":"2023-01-28 11:55:32","biz_ext":"{\"rating\": \"3.4\", \"cost\": [], \"ticket_ordering\": \"0\"}","行业大类":"风景名胜","行业中类":"风景名胜相关","行业小类":"旅游景点","wgs84_loc":"121.466961,31.233536","wgs84Lng":121.466961,"wgs84Lat":31.233536,"__source_file__":"02-POI&AOI/1-POI/其它/23/Excel/分类/上海市-POI-2023.csv-风景名胜.csv"},"geometry":{"type":"Point","coordinates":[121.466961,31.233536]}},{"id":"1091","type":"Feature","properties":{"id":"b72b2def-f628-327a-8c81-688971967b13","name":"人民公园-曲桥(南京西路)","type":"风景名胜;风景名胜相关;旅游景点","typecode":"110000","address":"南京西路231号人民公园内(西侧)","location":"121.471895,31.231657","tel":"021-63271333","pcode":310000,"pname":"上海市","citycode":21,"cityname":"上海市","adcode":310101,"adname":"黄浦区","gridcode":4621637722,"distance":1810,"business_area":"北京东路","timestamp":"2023-03-29 15:25:10","biz_ext":"{\"rating\": \"3.8\", \"cost\": [], \"ticket_ordering\": \"0\"}","行业大类":"风景名胜","行业中类":"风景名胜相关","行业小类":"旅游景点","wgs84_loc":"121.467366,31.233594","wgs84Lng":121.467366,"wgs84Lat":31.233594,"__source_file__":"02-POI&AOI/1-POI/其它/23/Excel/分类/上海市-POI-2023.csv-风景名胜.csv"},"geometry":{"type":"Point","coordinates":[121.467366,31.233594]}},{"id":"4817","type":"Feature","properties":{"id":"7e6e0082-0946-3f61-85e6-11cd1faf8b09","name":"天安中心广场","type":"风景名胜;公园广场;城市广场","typecode":"110105","address":"南京西路338号天安中心","location":"121.469681,31.231783","tel":"[]","pcode":310000,"pname":"上海市","citycode":21,"cityname":"上海市","adcode":310101,"adname":"黄浦区","gridcode":4621637721,"distance":1135,"business_area":"淮海路","timestamp":"2023-05-11 11:38:32","biz_ext":"{\"rating\": \"4.2\", \"cost\": [], \"ticket_ordering\": \"0\"}","行业大类":"风景名胜","行业中类":"公园广场","行业小类":"城市广场","wgs84_loc":"121.465145,31.233714","wgs84Lng":121.465145,"wgs84Lat":31.233714,"__source_file__":"02-POI&AOI/1-POI/其它/23/Excel/分类/上海市-POI-2023.csv-风景名胜.csv"},"geometry":{"type":"Point","coordinates":[121.465145,31.233714]}},{"id":"3614","type":"Feature","properties":{"id":"a34d1f22-3bb2-3927-bbed-af2cad9eb276","name":"中共中央秘密印刷厂旧址(不对外开放)","type":"风景名胜;风景名胜;红色景区","typecode":"110210","address":"新昌路99号(人民广场地铁站11号口步行300米)","location":"121.469250,31.232684","tel":"[]","pcode":310000,"pname":"上海市","citycode":21,"cityname":"上海市","adcode":310101,"adname":"黄浦区","gridcode":4621637721,"distance":1083,"business_area":"淮海路","timestamp":"2023-01-16 20:33:53","biz_ext":"{\"rating\": \"3.6\", \"cost\": [], \"ticket_ordering\": \"0\"}","行业大类":"风景名胜","行业中类":"风景名胜","行业小类":"红色景区","wgs84_loc":"121.464713,31.234613","wgs84Lng":121.464713,"wgs84Lat":31.234613,"__source_file__":"02-POI&AOI/1-POI/其它/23/Excel/分类/上海市-POI-2023.csv-风景名胜.csv"},"geometry":{"type":"Point","coordinates":[121.464713,31.234613]}},{"id":"1641","type":"Feature","properties":{"id":"71126402-bf06-3ead-a6be-0ada935437d0","name":"上海城市坐标原点","type":"风景名胜;风景名胜相关;旅游景点","typecode":"110000","address":"南京西路170号国际饭店G层","location":"121.471710,31.233530","tel":"021-63580522","pcode":310000,"pname":"上海市","citycode":21,"cityname":"上海市","adcode":310101,"adname":"黄浦区","gridcode":4621638702,"distance":992,"business_area":"北京东路","timestamp":"2022-11-22 21:43:11","biz_ext":"{\"rating\": \"4.0\", \"cost\": [], \"ticket_ordering\": \"0\"}","行业大类":"风景名胜","行业中类":"风景名胜相关","行业小类":"旅游景点","wgs84_loc":"121.46718,31.235465","wgs84Lng":121.46718,"wgs84Lat":31.235465,"__source_file__":"02-POI&AOI/1-POI/其它/23/Excel/分类/上海市-POI-2023.csv-风景名胜.csv"},"geometry":{"type":"Point","coordinates":[121.46718,31.235465]}},{"id":"4719","type":"Feature","properties":{"id":"748ad21b-81ba-3d92-aa83-5d7cf9228e30","name":"应公馆","type":"风景名胜;风景名胜相关;旅游景点","typecode":"110000","address":"凤阳路288弄338号黄浦大楼大院内","location":"121.469539,31.234105","tel":"[]","pcode":310000,"pname":"上海市","citycode":21,"cityname":"上海市","adcode":310101,"adname":"黄浦区","gridcode":4621638701,"distance":923,"business_area":"北京东路","timestamp":"2022-07-20 16:13:22","biz_ext":"{\"rating\": \"4.0\", \"cost\": [], \"ticket_ordering\": \"0\"}","行业大类":"风景名胜","行业中类":"风景名胜相关","行业小类":"旅游景点","wgs84_loc":"121.465002,31.236034","wgs84Lng":121.465002,"wgs84Lat":31.236034,"__source_file__":"02-POI&AOI/1-POI/其它/23/Excel/分类/上海市-POI-2023.csv-风景名胜.csv"},"geometry":{"type":"Point","coordinates":[121.465002,31.236034]}},{"id":"5377","type":"Feature","properties":{"id":"d00cca0d-7159-35c4-975a-93fced807715","name":"极地探索","type":"风景名胜;风景名胜相关;旅游景点","typecode":"110000","address":"上海自然博物馆内地下二层楼(自然博物馆地铁站1号口旁)","location":"121.463086,31.234712","tel":"[]","pcode":310000,"pname":"上海市","citycode":21,"cityname":"上海市","adcode":310106,"adname":"静安区","gridcode":4621638700,"distance":1618,"business_area":"淮海路","timestamp":"2022-12-30 22:45:40","biz_ext":"{\"rating\": \"3.3\", \"cost\": [], \"ticket_ordering\": \"0\"}","行业大类":"风景名胜","行业中类":"风景名胜相关","行业小类":"旅游景点","wgs84_loc":"121.45853,31.236625","wgs84Lng":121.45853,"wgs84Lat":31.236625,"__source_file__":"02-POI&AOI/1-POI/其它/23/Excel/分类/上海市-POI-2023.csv-风景名胜.csv"},"geometry":{"type":"Point","coordinates":[121.45853,31.236625]}},{"id":"5089","type":"Feature","properties":{"id":"85c5451b-2e3d-325e-be69-bbd4a90ee1eb","name":"扬子饭店旧址","type":"风景名胜;风景名胜相关;旅游景点","typecode":"110000","address":"汉口路740号(人民广场地铁站14号口旁)","location":"121.476505,31.233419","tel":"021-60800722","pcode":310000,"pname":"上海市","citycode":21,"cityname":"上海市","adcode":310101,"adname":"黄浦区","gridcode":4621638800,"distance":511,"business_area":"北京东路","timestamp":"2023-03-09 14:46:51","biz_ext":"{\"rating\": \"3.8\", \"cost\": [], \"ticket_ordering\": \"0\"}","行业大类":"风景名胜","行业中类":"风景名胜相关","行业小类":"旅游景点","wgs84_loc":"121.471991,31.235368","wgs84Lng":121.471991,"wgs84Lat":31.235368,"__source_file__":"02-POI&AOI/1-POI/其它/23/Excel/分类/上海市-POI-2023.csv-风景名胜.csv"},"geometry":{"type":"Point","coordinates":[121.471991,31.235368]}},{"id":"59","type":"Feature","properties":{"id":"b22919e7-b35f-3d49-b252-6f63ec6b98c8","name":"五卅运动纪念碑","type":"风景名胜;风景名胜;纪念馆","typecode":"110204","address":"人民广场下沉式广场内(人民广场地铁站7号口步行90米)","location":"121.472937,31.233698","tel":"021-63221279","pcode":310000,"pname":"上海市","citycode":21,"cityname":"上海市","adcode":310101,"adname":"黄浦区","gridcode":4621638702,"distance":873,"business_area":"北京东路","timestamp":"2023-04-21 18:22:21","biz_ext":"{\"rating\": \"4.6\", \"cost\": [], \"ticket_ordering\": \"0\"}","行业大类":"风景名胜","行业中类":"风景名胜","行业小类":"纪念馆","wgs84_loc":"121.468411,31.235637","wgs84Lng":121.468411,"wgs84Lat":31.235637,"__source_file__":"02-POI&AOI/1-POI/其它/23/Excel/分类/上海市-POI-2023.csv-风景名胜.csv"},"geometry":{"type":"Point","coordinates":[121.468411,31.235637]}},{"id":"2153","type":"Feature","properties":{"id":"ce7a1288-85a9-3db3-8934-e14d1547b220","name":"五卅广场","type":"风景名胜;公园广场;城市广场","typecode":"110105","address":"西藏中路与九江路口西五卅广场","location":"121.473120,31.233809","tel":"[]","pcode":310000,"pname":"上海市","citycode":21,"cityname":"上海市","adcode":310101,"adname":"黄浦区","gridcode":4621638702,"distance":852,"business_area":"北京东路","timestamp":"2023-03-25 10:40:03","biz_ext":"{\"rating\": \"4.6\", \"cost\": [], \"ticket_ordering\": \"0\"}","行业大类":"风景名胜","行业中类":"公园广场","行业小类":"城市广场","wgs84_loc":"121.468595,31.235748","wgs84Lng":121.468595,"wgs84Lat":31.235748,"__source_file__":"02-POI&AOI/1-POI/其它/23/Excel/分类/上海市-POI-2023.csv-风景名胜.csv"},"geometry":{"type":"Point","coordinates":[121.468595,31.235748]}},{"id":"1178","type":"Feature","properties":{"id":"5953b510-4410-3dfd-9ab5-217d969fca3c","name":"上海人民广场下沉式广场","type":"风景名胜;公园广场;城市广场","typecode":"110105","address":"南京西路19号(人民广场地铁站7号口旁)","location":"121.473561,31.233944","tel":"[]","pcode":310000,"pname":"上海市","citycode":21,"cityname":"上海市","adcode":310101,"adname":"黄浦区","gridcode":4621638702,"distance":807,"business_area":"北京东路","timestamp":"2022-11-22 22:23:33","biz_ext":"{\"rating\": \"4.7\", \"cost\": [], \"ticket_ordering\": \"0\"}","行业大类":"风景名胜","行业中类":"公园广场","行业小类":"城市广场","wgs84_loc":"121.469037,31.235884","wgs84Lng":121.469037,"wgs84Lat":31.235884,"__source_file__":"02-POI&AOI/1-POI/其它/23/Excel/分类/上海市-POI-2023.csv-风景名胜.csv"},"geometry":{"type":"Point","coordinates":[121.469037,31.235884]}},{"id":"1163","type":"Feature","properties":{"id":"dac126cf-f457-3fd6-ad25-d9ea0ae84ba4","name":"华安人寿保险公司旧址","type":"风景名胜;风景名胜相关;旅游景点","typecode":"110000","address":"南京西路108号(人民广场地铁站8号口步行110米)","location":"121.472686,31.234247","tel":"[]","pcode":310000,"pname":"上海市","citycode":21,"cityname":"上海市","adcode":310101,"adname":"黄浦区","gridcode":4621638702,"distance":872,"business_area":"北京东路","timestamp":"2023-01-16 20:46:00","biz_ext":"{\"rating\": \"3.3\", \"cost\": [], \"ticket_ordering\": \"0\"}","行业大类":"风景名胜","行业中类":"风景名胜相关","行业小类":"旅游景点","wgs84_loc":"121.468159,31.236185","wgs84Lng":121.468159,"wgs84Lat":31.236185,"__source_file__":"02-POI&AOI/1-POI/其它/23/Excel/分类/上海市-POI-2023.csv-风景名胜.csv"},"geometry":{"type":"Point","coordinates":[121.468159,31.236185]}},{"id":"1721","type":"Feature","properties":{"id":"e5ca353b-cdc0-36aa-a51d-2f599f206204","name":"八连颂","type":"风景名胜;风景名胜相关;旅游景点","typecode":"110000","address":"人民广场内(人民广场地铁站19号口步行60米)","location":"121.474048,31.234370","tel":"[]","pcode":310000,"pname":"上海市","citycode":21,"cityname":"上海市","adcode":310101,"adname":"黄浦区","gridcode":4621638702,"distance":1437,"business_area":"北京东路","timestamp":"2022-11-22 21:42:17","biz_ext":"{\"rating\": \"4.0\", \"cost\": [], \"ticket_ordering\": \"0\"}","行业大类":"风景名胜","行业中类":"风景名胜相关","行业小类":"旅游景点","wgs84_loc":"121.469526,31.236311","wgs84Lng":121.469526,"wgs84Lat":31.236311,"__source_file__":"02-POI&AOI/1-POI/其它/23/Excel/分类/上海市-POI-2023.csv-风景名胜.csv"},"geometry":{"type":"Point","coordinates":[121.469526,31.236311]}},{"id":"3087","type":"Feature","properties":{"id":"6b353a74-483b-3909-b989-2f0dc21a55f3","name":"云峰杂技","type":"风景名胜;风景名胜相关;旅游景点","typecode":"110000","address":"南京西路与西藏中路交叉口西40米","location":"121.474100,31.234750","tel":"[]","pcode":310000,"pname":"上海市","citycode":21,"cityname":"上海市","adcode":310101,"adname":"黄浦区","gridcode":4621638702,"distance":783,"business_area":"北京东路","timestamp":"2022-07-21 10:34:28","biz_ext":"{\"rating\": \"1.1\", \"cost\": [], \"ticket_ordering\": \"0\"}","行业大类":"风景名胜","行业中类":"风景名胜相关","行业小类":"旅游景点","wgs84_loc":"121.469578,31.236691","wgs84Lng":121.469578,"wgs84Lat":31.236691,"__source_file__":"02-POI&AOI/1-POI/其它/23/Excel/分类/上海市-POI-2023.csv-风景名胜.csv"},"geometry":{"type":"Point","coordinates":[121.469578,31.236691]}},{"id":"2861","type":"Feature","properties":{"id":"03e16092-9acd-3179-a8eb-dab67b4ce503","name":"南京东路观光车","type":"风景名胜;风景名胜相关;旅游景点","typecode":"110000","address":"南京东路步行街南京东路825号百联世茂门口","location":"121.475710,31.234789","tel":"[]","pcode":310000,"pname":"上海市","citycode":21,"cityname":"上海市","adcode":310101,"adname":"黄浦区","gridcode":4621638800,"distance":1550,"business_area":"北京东路","timestamp":"2023-02-24 11:27:09","biz_ext":"{\"rating\": \"4.7\", \"cost\": [], \"ticket_ordering\": \"0\"}","行业大类":"风景名胜","行业中类":"风景名胜相关","行业小类":"旅游景点","wgs84_loc":"121.471193,31.236735","wgs84Lng":121.471193,"wgs84Lat":31.236735,"__source_file__":"02-POI&AOI/1-POI/其它/23/Excel/分类/上海市-POI-2023.csv-风景名胜.csv"},"geometry":{"type":"Point","coordinates":[121.471193,31.236735]}},{"id":"1531","type":"Feature","properties":{"id":"cd6eded0-6aff-33d3-8fd7-133417277362","name":"大新公司旧址","type":"风景名胜;风景名胜相关;旅游景点","typecode":"110000","address":"南京东路830号(人民广场地铁站19号口步行190米)","location":"121.474753,31.234869","tel":"[]","pcode":310000,"pname":"上海市","citycode":21,"cityname":"上海市","adcode":310101,"adname":"黄浦区","gridcode":4621638702,"distance":1506,"business_area":"北京东路","timestamp":"2023-04-17 13:24:50","biz_ext":"{\"rating\": \"3.3\", \"cost\": [], \"ticket_ordering\": \"0\"}","行业大类":"风景名胜","行业中类":"风景名胜相关","行业小类":"旅游景点","wgs84_loc":"121.470233,31.236812","wgs84Lng":121.470233,"wgs84Lat":31.236812,"__source_file__":"02-POI&AOI/1-POI/其它/23/Excel/分类/上海市-POI-2023.csv-风景名胜.csv"},"geometry":{"type":"Point","coordinates":[121.470233,31.236812]}},{"id":"2176","type":"Feature","properties":{"id":"5125be54-ec72-34a8-826c-64acf8371ff7","name":"老永安公司","type":"风景名胜;风景名胜;风景名胜","typecode":"110200","address":"九江路600号(人民广场地铁站14号口步行340米)","location":"121.478269,31.234991","tel":"[]","pcode":310000,"pname":"上海市","citycode":21,"cityname":"上海市","adcode":310101,"adname":"黄浦区","gridcode":4621638800,"distance":495,"business_area":"北京东路","timestamp":"2023-04-30 12:18:13","biz_ext":"{\"rating\": \"4.4\", \"cost\": [], \"ticket_ordering\": \"0\"}","行业大类":"风景名胜","行业中类":"风景名胜","行业小类":"风景名胜","wgs84_loc":"121.473761,31.236944","wgs84Lng":121.473761,"wgs84Lat":31.236944,"__source_file__":"02-POI&AOI/1-POI/其它/23/Excel/分类/上海市-POI-2023.csv-风景名胜.csv"},"geometry":{"type":"Point","coordinates":[121.473761,31.236944]}},{"id":"6069","type":"Feature","properties":{"id":"87caa897-7fe9-32be-b442-787d868566d4","name":"俯瞰非洲大草原","type":"风景名胜;风景名胜相关;旅游景点","typecode":"110000","address":"上海自然博物馆内地下一层楼(自然博物馆地铁站2号口旁)","location":"121.462433,31.234609","tel":"[]","pcode":310000,"pname":"上海市","citycode":21,"cityname":"上海市","adcode":310106,"adname":"静安区","gridcode":4621638602,"distance":793,"business_area":"淮海路","timestamp":"2023-01-04 17:26:25","biz_ext":"{\"rating\": \"3.9\", \"cost\": [], \"ticket_ordering\": \"0\"}","行业大类":"风景名胜","行业中类":"风景名胜相关","行业小类":"旅游景点","wgs84_loc":"121.457875,31.23652","wgs84Lng":121.457875,"wgs84Lat":31.23652,"__source_file__":"02-POI&AOI/1-POI/其它/23/Excel/分类/上海市-POI-2023.csv-风景名胜.csv"},"geometry":{"type":"Point","coordinates":[121.457875,31.23652]}},{"id":"5253","type":"Feature","properties":{"id":"1f553f73-6041-322c-bfc2-4b2b3a4eab55","name":"生态万象","type":"风景名胜;风景名胜相关;旅游景点","typecode":"110000","address":"上海自然博物馆内地下二层楼(自然博物馆地铁站1号口旁)","location":"121.462559,31.234618","tel":"[]","pcode":310000,"pname":"上海市","citycode":21,"cityname":"上海市","adcode":310106,"adname":"静安区","gridcode":4621638700,"distance":1649,"business_area":"淮海路","timestamp":"2023-03-19 11:07:37","biz_ext":"{\"rating\": \"2.9\", \"cost\": [], \"ticket_ordering\": \"0\"}","行业大类":"风景名胜","行业中类":"风景名胜相关","行业小类":"旅游景点","wgs84_loc":"121.458001,31.236529","wgs84Lng":121.458001,"wgs84Lat":31.236529,"__source_file__":"02-POI&AOI/1-POI/其它/23/Excel/分类/上海市-POI-2023.csv-风景名胜.csv"},"geometry":{"type":"Point","coordinates":[121.458001,31.236529]}},{"id":"5410","type":"Feature","properties":{"id":"29574682-3a9a-3bdb-9da5-3251bfe17210","name":"缤纷生命","type":"风景名胜;风景名胜相关;旅游景点","typecode":"110000","address":"上海自然博物馆内地下二层楼(自然博物馆地铁站1号口旁)","location":"121.463006,31.234657","tel":"[]","pcode":310000,"pname":"上海市","citycode":21,"cityname":"上海市","adcode":310106,"adname":"静安区","gridcode":4621638700,"distance":1627,"business_area":"淮海路","timestamp":"2023-04-17 11:12:17","biz_ext":"{\"rating\": \"3.6\", \"cost\": [], \"ticket_ordering\": \"0\"}","行业大类":"风景名胜","行业中类":"风景名胜相关","行业小类":"旅游景点","wgs84_loc":"121.458449,31.23657","wgs84Lng":121.458449,"wgs84Lat":31.23657,"__source_file__":"02-POI&AOI/1-POI/其它/23/Excel/分类/上海市-POI-2023.csv-风景名胜.csv"},"geometry":{"type":"Point","coordinates":[121.458449,31.23657]}},{"id":"5246","type":"Feature","properties":{"id":"e6e50e1b-996c-30dc-82fb-33626a96842d","name":"蝴蝶房","type":"风景名胜;风景名胜相关;旅游景点","typecode":"110000","address":"北京西路510号上海自然博物馆上海科技馆分馆","location":"121.462424,31.234754","tel":"[]","pcode":310000,"pname":"上海市","citycode":21,"cityname":"上海市","adcode":310106,"adname":"静安区","gridcode":4621638602,"distance":789,"business_area":"淮海路","timestamp":"2023-02-24 12:50:19","biz_ext":"{\"rating\": \"3.4\", \"cost\": [], \"ticket_ordering\": \"0\"}","行业大类":"风景名胜","行业中类":"风景名胜相关","行业小类":"旅游景点","wgs84_loc":"121.457866,31.236665","wgs84Lng":121.457866,"wgs84Lat":31.236665,"__source_file__":"02-POI&AOI/1-POI/其它/23/Excel/分类/上海市-POI-2023.csv-风景名胜.csv"},"geometry":{"type":"Point","coordinates":[121.457866,31.236665]}},{"id":"5333","type":"Feature","properties":{"id":"d9dffdc0-0af4-3a7d-8872-6e4c17b146c6","name":"恐龙盛世","type":"风景名胜;风景名胜相关;旅游景点","typecode":"110000","address":"上海自然博物馆内地下一层楼(自然博物馆地铁站2号口旁)","location":"121.462254,31.234890","tel":"[]","pcode":310000,"pname":"上海市","citycode":21,"cityname":"上海市","adcode":310106,"adname":"静安区","gridcode":4621638602,"distance":800,"business_area":"淮海路","timestamp":"2023-03-19 11:06:20","biz_ext":"{\"rating\": \"3.7\", \"cost\": [], \"ticket_ordering\": \"0\"}","行业大类":"风景名胜","行业中类":"风景名胜相关","行业小类":"旅游景点","wgs84_loc":"121.457695,31.236801","wgs84Lng":121.457695,"wgs84Lat":31.236801,"__source_file__":"02-POI&AOI/1-POI/其它/23/Excel/分类/上海市-POI-2023.csv-风景名胜.csv"},"geometry":{"type":"Point","coordinates":[121.457695,31.236801]}},{"id":"5571","type":"Feature","properties":{"id":"3dad146f-de3d-3cba-a089-e68e56e015ce","name":"泥畔天堂","type":"风景名胜;风景名胜相关;旅游景点","typecode":"110000","address":"上海自然博物馆内地下二夹层楼(自然博物馆地铁站2号口旁)","location":"121.462326,31.235085","tel":"[]","pcode":310000,"pname":"上海市","citycode":21,"cityname":"上海市","adcode":310106,"adname":"静安区","gridcode":4621638602,"distance":788,"business_area":"淮海路","timestamp":"2023-03-19 11:06:48","biz_ext":"{\"rating\": \"2.7\", \"cost\": [], \"ticket_ordering\": \"0\"}","行业大类":"风景名胜","行业中类":"风景名胜相关","行业小类":"旅游景点","wgs84_loc":"121.457767,31.236996","wgs84Lng":121.457767,"wgs84Lat":31.236996,"__source_file__":"02-POI&AOI/1-POI/其它/23/Excel/分类/上海市-POI-2023.csv-风景名胜.csv"},"geometry":{"type":"Point","coordinates":[121.457767,31.236996]}},{"id":"6073","type":"Feature","properties":{"id":"7f89db11-fbf2-3b96-a7ee-06dcbf0b4e9c","name":"马门溪龙","type":"风景名胜;风景名胜相关;旅游景点","typecode":"110000","address":"上海自然博物馆内一楼(自然博物馆地铁站2号口旁)","location":"121.462272,31.235130","tel":"[]","pcode":310000,"pname":"上海市","citycode":21,"cityname":"上海市","adcode":310106,"adname":"静安区","gridcode":4621638602,"distance":791,"business_area":"淮海路","timestamp":"2023-03-19 11:02:47","biz_ext":"{\"rating\": \"2.9\", \"cost\": [], \"ticket_ordering\": \"0\"}","行业大类":"风景名胜","行业中类":"风景名胜相关","行业小类":"旅游景点","wgs84_loc":"121.457713,31.237041","wgs84Lng":121.457713,"wgs84Lat":31.237041,"__source_file__":"02-POI&AOI/1-POI/其它/23/Excel/分类/上海市-POI-2023.csv-风景名胜.csv"},"geometry":{"type":"Point","coordinates":[121.457713,31.237041]}},{"id":"3199","type":"Feature","properties":{"id":"651cdcce-f849-334b-83d0-9a431c7ec568","name":"元利当铺旧址","type":"风景名胜;风景名胜相关;旅游景点","typecode":"110000","address":"武定路203号","location":"121.456101,31.235184","tel":"021-63820116","pcode":310000,"pname":"上海市","citycode":21,"cityname":"上海市","adcode":310106,"adname":"静安区","gridcode":4621638601,"distance":849,"business_area":"淮海路","timestamp":"2023-05-11 13:18:24","biz_ext":"{\"rating\": \"4.3\", \"cost\": [], \"ticket_ordering\": \"0\"}","行业大类":"风景名胜","行业中类":"风景名胜相关","行业小类":"旅游景点","wgs84_loc":"121.451525,31.23708","wgs84Lng":121.451525,"wgs84Lat":31.23708,"__source_file__":"02-POI&AOI/1-POI/其它/23/Excel/分类/上海市-POI-2023.csv-风景名胜.csv"},"geometry":{"type":"Point","coordinates":[121.451525,31.23708]}},{"id":"5249","type":"Feature","properties":{"id":"53398627-af3f-3653-a8bf-ea768e996c66","name":"演化之道","type":"风景名胜;风景名胜相关;旅游景点","typecode":"110000","address":"上海自然博物馆内地下一层楼(自然博物馆地铁站2号口旁)","location":"121.462541,31.235235","tel":"[]","pcode":310000,"pname":"上海市","citycode":21,"cityname":"上海市","adcode":310106,"adname":"静安区","gridcode":4621638700,"distance":1589,"business_area":"淮海路","timestamp":"2023-03-19 11:06:18","biz_ext":"{\"rating\": \"2.8\", \"cost\": [], \"ticket_ordering\": \"0\"}","行业大类":"风景名胜","行业中类":"风景名胜相关","行业小类":"旅游景点","wgs84_loc":"121.457983,31.237146","wgs84Lng":121.457983,"wgs84Lat":31.237146,"__source_file__":"02-POI&AOI/1-POI/其它/23/Excel/分类/上海市-POI-2023.csv-风景名胜.csv"},"geometry":{"type":"Point","coordinates":[121.457983,31.237146]}},{"id":"5374","type":"Feature","properties":{"id":"66b2dbf7-532d-377a-8c44-f8df2f2124db","name":"大地探珍","type":"风景名胜;风景名胜相关;旅游景点","typecode":"110000","address":"上海自然博物馆内地下二层楼(自然博物馆地铁站1号口旁)","location":"121.462649,31.235283","tel":"[]","pcode":310000,"pname":"上海市","citycode":21,"cityname":"上海市","adcode":310106,"adname":"静安区","gridcode":4621638700,"distance":1076,"business_area":"淮海路","timestamp":"2023-03-19 11:06:32","biz_ext":"{\"rating\": \"3.3\", \"cost\": [], \"ticket_ordering\": \"0\"}","行业大类":"风景名胜","行业中类":"风景名胜相关","行业小类":"旅游景点","wgs84_loc":"121.458091,31.237194","wgs84Lng":121.458091,"wgs84Lat":31.237194,"__source_file__":"02-POI&AOI/1-POI/其它/23/Excel/分类/上海市-POI-2023.csv-风景名胜.csv"},"geometry":{"type":"Point","coordinates":[121.458091,31.237194]}},{"id":"1221","type":"Feature","properties":{"id":"6a1f6703-719e-3263-8305-ef58b30df610","name":"五卅惨案纪念地","type":"风景名胜;风景名胜相关;旅游景点","typecode":"110000","address":"南京东路766号泰康食品商店门前","location":"121.475989,31.235018","tel":"021-63221279","pcode":310000,"pname":"上海市","citycode":21,"cityname":"上海市","adcode":310101,"adname":"黄浦区","gridcode":4621638800,"distance":1517,"business_area":"北京东路","timestamp":"2023-04-18 20:53:39","biz_ext":"{\"rating\": \"4.5\", \"cost\": [], \"ticket_ordering\": \"0\"}","行业大类":"风景名胜","行业中类":"风景名胜相关","行业小类":"旅游景点","wgs84_loc":"121.471473,31.236964","wgs84Lng":121.471473,"wgs84Lat":31.236964,"__source_file__":"02-POI&AOI/1-POI/其它/23/Excel/分类/上海市-POI-2023.csv-风景名胜.csv"},"geometry":{"type":"Point","coordinates":[121.471473,31.236964]}},{"id":"6296","type":"Feature","properties":{"id":"4f62ef6e-814f-34f4-984d-04003eed39d0","name":"孤独的泡面2.0-全球奇葩泡面品鉴","type":"风景名胜;风景名胜相关;旅游景点","typecode":"110000","address":"永安百货1F上海黄浦区南京东路635号,近浙江中路(星巴克旁)","location":"121.478249,31.235032","tel":"[]","pcode":310000,"pname":"上海市","citycode":21,"cityname":"上海市","adcode":310101,"adname":"黄浦区","gridcode":4621638800,"distance":500,"business_area":"北京东路","timestamp":"2023-05-09 12:35:15","biz_ext":"{\"rating\": \"3.4\", \"cost\": [], \"ticket_ordering\": \"0\"}","行业大类":"风景名胜","行业中类":"风景名胜相关","行业小类":"旅游景点","wgs84_loc":"121.473741,31.236985","wgs84Lng":121.473741,"wgs84Lat":31.236985,"__source_file__":"02-POI&AOI/1-POI/其它/23/Excel/分类/上海市-POI-2023.csv-风景名胜.csv"},"geometry":{"type":"Point","coordinates":[121.473741,31.236985]}},{"id":"4799","type":"Feature","properties":{"id":"31160f77-b15e-322c-9d1c-91d240277602","name":"老永安公司旧址","type":"风景名胜;风景名胜相关;旅游景点","typecode":"110000","address":"浙江中路317号(人民广场地铁站14号口步行410米)","location":"121.477889,31.235320","tel":"[]","pcode":310000,"pname":"上海市","citycode":21,"cityname":"上海市","adcode":310101,"adname":"黄浦区","gridcode":4621638800,"distance":1434,"business_area":"北京东路","timestamp":"2023-02-24 11:21:03","biz_ext":"{\"rating\": \"3.7\", \"cost\": [], \"ticket_ordering\": \"0\"}","行业大类":"风景名胜","行业中类":"风景名胜相关","行业小类":"旅游景点","wgs84_loc":"121.473379,31.237272","wgs84Lng":121.473379,"wgs84Lat":31.237272,"__source_file__":"02-POI&AOI/1-POI/其它/23/Excel/分类/上海市-POI-2023.csv-风景名胜.csv"},"geometry":{"type":"Point","coordinates":[121.473379,31.237272]}},{"id":"5022","type":"Feature","properties":{"id":"826f05a8-bd5b-3b39-aad0-ddf604f2426e","name":"咸恒广场","type":"风景名胜;公园广场;城市广场","typecode":"110105","address":"贵州路67号(人民广场地铁站19号口步行310米)","location":"121.476304,31.235436","tel":"[]","pcode":310000,"pname":"上海市","citycode":21,"cityname":"上海市","adcode":310101,"adname":"黄浦区","gridcode":4621638800,"distance":1463,"business_area":"北京东路","timestamp":"2023-04-18 11:47:50","biz_ext":"{\"rating\": \"3.5\", \"cost\": [], \"ticket_ordering\": \"0\"}","行业大类":"风景名胜","行业中类":"公园广场","行业小类":"城市广场","wgs84_loc":"121.471789,31.237383","wgs84Lng":121.471789,"wgs84Lat":31.237383,"__source_file__":"02-POI&AOI/1-POI/其它/23/Excel/分类/上海市-POI-2023.csv-风景名胜.csv"},"geometry":{"type":"Point","coordinates":[121.471789,31.237383]}},{"id":"4961","type":"Feature","properties":{"id":"4c9eabdc-7a5e-361a-91f7-1457da659995","name":"上海解放时南京路上第一面红旗升起处","type":"风景名胜;风景名胜;红色景区","typecode":"110210","address":"黄浦区南京东路635号永安百货","location":"121.478408,31.235451","tel":"[]","pcode":310000,"pname":"上海市","citycode":21,"cityname":"上海市","adcode":310101,"adname":"黄浦区","gridcode":4621638800,"distance":1409,"business_area":"北京东路","timestamp":"2023-02-24 11:18:00","biz_ext":"{\"rating\": \"3.5\", \"cost\": [], \"ticket_ordering\": \"0\"}","行业大类":"风景名胜","行业中类":"风景名胜","行业小类":"红色景区","wgs84_loc":"121.4739,31.237404","wgs84Lng":121.4739,"wgs84Lat":31.237404,"__source_file__":"02-POI&AOI/1-POI/其它/23/Excel/分类/上海市-POI-2023.csv-风景名胜.csv"},"geometry":{"type":"Point","coordinates":[121.4739,31.237404]}},{"id":"5003","type":"Feature","properties":{"id":"e09a256e-02c2-3e39-81d9-b262c8103e13","name":"凯旋电台旧址","type":"风景名胜;风景名胜;红色景区","typecode":"110210","address":"南京东路720号上海市第一食品商店5层","location":"121.476679,31.235536","tel":"[]","pcode":310000,"pname":"上海市","citycode":21,"cityname":"上海市","adcode":310101,"adname":"黄浦区","gridcode":4621638800,"distance":639,"business_area":"北京东路","timestamp":"2023-03-27 01:02:35","biz_ext":"{\"rating\": \"3.5\", \"cost\": [], \"ticket_ordering\": \"0\"}","行业大类":"风景名胜","行业中类":"风景名胜","行业小类":"红色景区","wgs84_loc":"121.472165,31.237484","wgs84Lng":121.472165,"wgs84Lat":31.237484,"__source_file__":"02-POI&AOI/1-POI/其它/23/Excel/分类/上海市-POI-2023.csv-风景名胜.csv"},"geometry":{"type":"Point","coordinates":[121.472165,31.237484]}},{"id":"3213","type":"Feature","properties":{"id":"f27325f3-30ed-32f1-9976-ae6df0cf3d0c","name":"新新公司大楼旧址","type":"风景名胜;风景名胜相关;旅游景点","typecode":"110000","address":"南京东路720号(人民广场地铁站19号口步行370米)","location":"121.476846,31.235641","tel":"[]","pcode":310000,"pname":"上海市","citycode":21,"cityname":"上海市","adcode":310101,"adname":"黄浦区","gridcode":4621638800,"distance":637,"business_area":"北京东路","timestamp":"2023-01-16 13:04:29","biz_ext":"{\"rating\": \"3.6\", \"cost\": [], \"ticket_ordering\": \"0\"}","行业大类":"风景名胜","行业中类":"风景名胜相关","行业小类":"旅游景点","wgs84_loc":"121.472333,31.23759","wgs84Lng":121.472333,"wgs84Lat":31.23759,"__source_file__":"02-POI&AOI/1-POI/其它/23/Excel/分类/上海市-POI-2023.csv-风景名胜.csv"},"geometry":{"type":"Point","coordinates":[121.472333,31.23759]}},{"id":"4910","type":"Feature","properties":{"id":"4b8559eb-b26d-3de7-b3a5-24a5c891d1fc","name":"大上海大戏院旧址","type":"风景名胜;风景名胜相关;旅游景点","typecode":"110000","address":"西藏中路500号(人民广场地铁站19号口步行240米)","location":"121.474288,31.235926","tel":"[]","pcode":310000,"pname":"上海市","citycode":21,"cityname":"上海市","adcode":310101,"adname":"黄浦区","gridcode":4621638702,"distance":1488,"business_area":"北京东路","timestamp":"2023-04-29 13:39:12","biz_ext":"{\"rating\": \"3.4\", \"cost\": [], \"ticket_ordering\": \"0\"}","行业大类":"风景名胜","行业中类":"风景名胜相关","行业小类":"旅游景点","wgs84_loc":"121.469766,31.237867","wgs84Lng":121.469766,"wgs84Lat":31.237867,"__source_file__":"02-POI&AOI/1-POI/其它/23/Excel/分类/上海市-POI-2023.csv-风景名胜.csv"},"geometry":{"type":"Point","coordinates":[121.469766,31.237867]}},{"id":"356","type":"Feature","properties":{"id":"fa7efbeb-ebb1-380c-995e-92746700fab2","name":"老闸捕房旧址","type":"风景名胜;风景名胜相关;旅游景点","typecode":"110000","address":"南京东路558号南京路步行街","location":"121.476198,31.235954","tel":"021-63221743","pcode":310000,"pname":"上海市","citycode":21,"cityname":"上海市","adcode":310101,"adname":"黄浦区","gridcode":4621638800,"distance":1412,"business_area":"北京东路","timestamp":"2023-04-18 20:44:56","biz_ext":"{\"rating\": \"3.4\", \"cost\": [], \"ticket_ordering\": \"0\"}","行业大类":"风景名胜","行业中类":"风景名胜相关","行业小类":"旅游景点","wgs84_loc":"121.471683,31.237901","wgs84Lng":121.471683,"wgs84Lat":31.237901,"__source_file__":"02-POI&AOI/1-POI/其它/23/Excel/分类/上海市-POI-2023.csv-风景名胜.csv"},"geometry":{"type":"Point","coordinates":[121.471683,31.237901]}},{"id":"1609","type":"Feature","properties":{"id":"0856633e-d797-33c0-905f-89251c0a431a","name":"南京路步行街","type":"风景名胜;风景名胜相关;旅游景点","typecode":"110000","address":"南京东路558号","location":"121.479503,31.235986","tel":"021-51099782","pcode":310000,"pname":"上海市","citycode":21,"cityname":"上海市","adcode":310101,"adname":"黄浦区","gridcode":4621638801,"distance":540,"business_area":"北京东路","timestamp":"2023-05-12 10:49:04","biz_ext":"{\"rating\": \"4.9\", \"cost\": \"88.00\", \"ticket_ordering\": \"0\"}","行业大类":"风景名胜","行业中类":"风景名胜相关","行业小类":"旅游景点","wgs84_loc":"121.474999,31.237942","wgs84Lng":121.474999,"wgs84Lat":31.237942,"__source_file__":"02-POI&AOI/1-POI/其它/23/Excel/分类/上海市-POI-2023.csv-风景名胜.csv"},"geometry":{"type":"Point","coordinates":[121.474999,31.237942]}},{"id":"5786","type":"Feature","properties":{"id":"d9644604-7af2-3a0e-957d-f44865574571","name":"起源之谜","type":"风景名胜;风景名胜相关;旅游景点","typecode":"110000","address":"北京西路510号上海自然博物馆(自然博物馆地铁站2号口旁)","location":"121.462604,31.235306","tel":"[]","pcode":310000,"pname":"上海市","citycode":21,"cityname":"上海市","adcode":310106,"adname":"静安区","gridcode":4621638700,"distance":1077,"business_area":"淮海路","timestamp":"2023-04-22 20:28:57","biz_ext":"{\"rating\": \"3.8\", \"cost\": [], \"ticket_ordering\": \"0\"}","行业大类":"风景名胜","行业中类":"风景名胜相关","行业小类":"旅游景点","wgs84_loc":"121.458046,31.237217","wgs84Lng":121.458046,"wgs84Lat":31.237217,"__source_file__":"02-POI&AOI/1-POI/其它/23/Excel/分类/上海市-POI-2023.csv-风景名胜.csv"},"geometry":{"type":"Point","coordinates":[121.458046,31.237217]}},{"id":"5442","type":"Feature","properties":{"id":"0be53a34-fba0-3f21-be81-ea8231e3615e","name":"未来之路","type":"风景名胜;风景名胜相关;旅游景点","typecode":"110000","address":"上海自然博物馆内地下一层楼(自然博物馆地铁站1号口旁)","location":"121.462701,31.235323","tel":"[]","pcode":310000,"pname":"上海市","citycode":21,"cityname":"上海市","adcode":310106,"adname":"静安区","gridcode":4621638700,"distance":1069,"business_area":"淮海路","timestamp":"2023-03-19 11:04:39","biz_ext":"{\"rating\": \"1.0\", \"cost\": [], \"ticket_ordering\": \"0\"}","行业大类":"风景名胜","行业中类":"风景名胜相关","行业小类":"旅游景点","wgs84_loc":"121.458143,31.237234","wgs84Lng":121.458143,"wgs84Lat":31.237234,"__source_file__":"02-POI&AOI/1-POI/其它/23/Excel/分类/上海市-POI-2023.csv-风景名胜.csv"},"geometry":{"type":"Point","coordinates":[121.458143,31.237234]}},{"id":"5376","type":"Feature","properties":{"id":"a29ee52f-fd5f-31d2-ba33-747b57b666bf","name":"人地之缘","type":"风景名胜;风景名胜相关;旅游景点","typecode":"110000","address":"上海自然博物馆内地下二层楼(自然博物馆地铁站1号口旁)","location":"121.462863,31.235333","tel":"[]","pcode":310000,"pname":"上海市","citycode":21,"cityname":"上海市","adcode":310106,"adname":"静安区","gridcode":4621638700,"distance":1058,"business_area":"淮海路","timestamp":"2023-03-19 11:05:22","biz_ext":"{\"rating\": \"3.4\", \"cost\": [], \"ticket_ordering\": \"0\"}","行业大类":"风景名胜","行业中类":"风景名胜相关","行业小类":"旅游景点","wgs84_loc":"121.458306,31.237245","wgs84Lng":121.458306,"wgs84Lat":31.237245,"__source_file__":"02-POI&AOI/1-POI/其它/23/Excel/分类/上海市-POI-2023.csv-风景名胜.csv"},"geometry":{"type":"Point","coordinates":[121.458306,31.237245]}},{"id":"182","type":"Feature","properties":{"id":"7c73b34e-db8c-32ea-b99f-637e272dd27e","name":"大田路天主堂","type":"风景名胜;风景名胜;教堂","typecode":"110206","address":"大田路370号","location":"121.462659,31.236651","tel":"[]","pcode":310000,"pname":"上海市","citycode":21,"cityname":"上海市","adcode":310106,"adname":"静安区","gridcode":4621638710,"distance":969,"business_area":"[]","timestamp":"2023-03-22 03:52:12","biz_ext":"{\"rating\": \"4.4\", \"cost\": [], \"ticket_ordering\": \"0\"}","行业大类":"风景名胜","行业中类":"风景名胜","行业小类":"教堂","wgs84_loc":"121.458101,31.238562","wgs84Lng":121.458101,"wgs84Lat":31.238562,"__source_file__":"02-POI&AOI/1-POI/其它/23/Excel/分类/上海市-POI-2023.csv-风景名胜.csv"},"geometry":{"type":"Point","coordinates":[121.458101,31.238562]}},{"id":"1401","type":"Feature","properties":{"id":"044f2828-0b5e-3dc9-9961-221e5df33e7a","name":"来楚生故居","type":"风景名胜;风景名胜;纪念馆","typecode":"110204","address":"康定东路3弄8号","location":"121.457876,31.236754","tel":"[]","pcode":310000,"pname":"上海市","citycode":21,"cityname":"上海市","adcode":310106,"adname":"静安区","gridcode":4621638611,"distance":1186,"business_area":"淮海路","timestamp":"2023-01-16 20:31:05","biz_ext":"{\"rating\": \"3.0\", \"cost\": [], \"ticket_ordering\": \"0\"}","行业大类":"风景名胜","行业中类":"风景名胜","行业小类":"纪念馆","wgs84_loc":"121.453305,31.238653","wgs84Lng":121.453305,"wgs84Lat":31.238653,"__source_file__":"02-POI&AOI/1-POI/其它/23/Excel/分类/上海市-POI-2023.csv-风景名胜.csv"},"geometry":{"type":"Point","coordinates":[121.453305,31.238653]}},{"id":"5038","type":"Feature","properties":{"id":"4b9ff642-a548-3c85-85ce-67c4989ce232","name":"彭湃烈士在沪活动地点","type":"风景名胜;风景名胜相关;旅游景点","typecode":"110000","address":"新闸路613弄-12(自然博物馆地铁站3号口步行140米)","location":"121.462642,31.237229","tel":"[]","pcode":310000,"pname":"上海市","citycode":21,"cityname":"上海市","adcode":310106,"adname":"静安区","gridcode":4621638710,"distance":929,"business_area":"北京东路","timestamp":"2023-01-16 23:59:20","biz_ext":"{\"rating\": \"3.6\", \"cost\": [], \"ticket_ordering\": \"0\"}","行业大类":"风景名胜","行业中类":"风景名胜相关","行业小类":"旅游景点","wgs84_loc":"121.458084,31.239139","wgs84Lng":121.458084,"wgs84Lat":31.239139,"__source_file__":"02-POI&AOI/1-POI/其它/23/Excel/分类/上海市-POI-2023.csv-风景名胜.csv"},"geometry":{"type":"Point","coordinates":[121.458084,31.239139]}},{"id":"5718","type":"Feature","properties":{"id":"28a73c25-9c36-3519-b755-8b22df3df763","name":"中共中央军委机关旧址纪念馆","type":"风景名胜;风景名胜;红色景区","typecode":"110210","address":"新闸路613弄12号(自然博物馆地铁站3号口步行50米)","location":"121.462466,31.237338","tel":"021-31783930","pcode":310000,"pname":"上海市","citycode":21,"cityname":"上海市","adcode":310106,"adname":"静安区","gridcode":4621638612,"distance":935,"business_area":"北京东路","timestamp":"2023-04-22 13:16:06","biz_ext":"{\"rating\": [], \"cost\": [], \"ticket_ordering\": \"0\"}","行业大类":"风景名胜","行业中类":"风景名胜","行业小类":"红色景区","wgs84_loc":"121.457908,31.239248","wgs84Lng":121.457908,"wgs84Lat":31.239248,"__source_file__":"02-POI&AOI/1-POI/其它/23/Excel/分类/上海市-POI-2023.csv-风景名胜.csv"},"geometry":{"type":"Point","coordinates":[121.457908,31.239248]}},{"id":"591","type":"Feature","properties":{"id":"42885386-6691-3842-ac8a-9b3d0b1887b6","name":"蝴蝶湾花园2期","type":"风景名胜;风景名胜相关;旅游景点","typecode":"110000","address":"康定东路石门二路路口","location":"121.457305,31.237520","tel":"[]","pcode":310000,"pname":"上海市","citycode":21,"cityname":"上海市","adcode":310106,"adname":"静安区","gridcode":4621638611,"distance":1309,"business_area":"[]","timestamp":"2022-09-13 21:29:25","biz_ext":"{\"rating\": \"3.7\", \"cost\": [], \"ticket_ordering\": \"0\"}","行业大类":"风景名胜","行业中类":"风景名胜相关","行业小类":"旅游景点","wgs84_loc":"121.452732,31.239418","wgs84Lng":121.452732,"wgs84Lat":31.239418,"__source_file__":"02-POI&AOI/1-POI/其它/23/Excel/分类/上海市-POI-2023.csv-风景名胜.csv"},"geometry":{"type":"Point","coordinates":[121.452732,31.239418]}},{"id":"421","type":"Feature","properties":{"id":"234be76e-e80c-32f4-9759-42dafbc2c88c","name":"蝴蝶湾花园","type":"风景名胜;公园广场;公园","typecode":"110101","address":"康定东路50号","location":"121.456649,31.237714","tel":"[]","pcode":310000,"pname":"上海市","citycode":21,"cityname":"上海市","adcode":310106,"adname":"静安区","gridcode":4621638611,"distance":750,"business_area":"[]","timestamp":"2022-08-05 20:25:38","biz_ext":"{\"rating\": \"4.5\", \"cost\": [], \"ticket_ordering\": \"0\"}","行业大类":"风景名胜","行业中类":"公园广场","行业小类":"公园","wgs84_loc":"121.452074,31.23961","wgs84Lng":121.452074,"wgs84Lat":31.23961,"__source_file__":"02-POI&AOI/1-POI/其它/23/Excel/分类/上海市-POI-2023.csv-风景名胜.csv"},"geometry":{"type":"Point","coordinates":[121.452074,31.23961]}},{"id":"4366","type":"Feature","properties":{"id":"30112298-d062-3d98-b3bb-aebd2200b676","name":"世纪盛荟广场(新闸路西斯文项目)","type":"风景名胜;公园广场;城市广场","typecode":"110105","address":"新闸路532号(大田路交叉口)中国建筑西斯文里项目部","location":"121.461173,31.237851","tel":"[]","pcode":310000,"pname":"上海市","citycode":21,"cityname":"上海市","adcode":310106,"adname":"静安区","gridcode":4621638612,"distance":1006,"business_area":"[]","timestamp":"2023-04-06 09:01:06","biz_ext":"{\"rating\": \"3.7\", \"cost\": [], \"ticket_ordering\": \"0\"}","行业大类":"风景名胜","行业中类":"公园广场","行业小类":"城市广场","wgs84_loc":"121.456611,31.239758","wgs84Lng":121.456611,"wgs84Lat":31.239758,"__source_file__":"02-POI&AOI/1-POI/其它/23/Excel/分类/上海市-POI-2023.csv-风景名胜.csv"},"geometry":{"type":"Point","coordinates":[121.456611,31.239758]}},{"id":"5378","type":"Feature","properties":{"id":"d45a61bb-81fb-3c3d-af03-4dd3470aa3aa","name":"大小有序","type":"风景名胜;风景名胜相关;旅游景点","typecode":"110000","address":"上海自然博物馆内地下二层楼(自然博物馆地铁站1号口旁)","location":"121.463042,31.234781","tel":"[]","pcode":310000,"pname":"上海市","citycode":21,"cityname":"上海市","adcode":310106,"adname":"静安区","gridcode":4621638700,"distance":1613,"business_area":"淮海路","timestamp":"2023-04-17 11:12:17","biz_ext":"{\"rating\": \"2.6\", \"cost\": [], \"ticket_ordering\": \"0\"}","行业大类":"风景名胜","行业中类":"风景名胜相关","行业小类":"旅游景点","wgs84_loc":"121.458485,31.236694","wgs84Lng":121.458485,"wgs84Lat":31.236694,"__source_file__":"02-POI&AOI/1-POI/其它/23/Excel/分类/上海市-POI-2023.csv-风景名胜.csv"},"geometry":{"type":"Point","coordinates":[121.458485,31.236694]}},{"id":"424","type":"Feature","properties":{"id":"280bb69e-9c63-3d86-91ab-7f385f9870a9","name":"静安雕塑公园","type":"风景名胜;公园广场;公园","typecode":"110101","address":"石门二路128号(近北京西路)(自然博物馆地铁站1号口旁)","location":"121.463871,31.234819","tel":"021-52289562","pcode":310000,"pname":"上海市","citycode":21,"cityname":"上海市","adcode":310106,"adname":"静安区","gridcode":4621638700,"distance":1041,"business_area":"淮海路","timestamp":"2023-05-11 07:04:50","biz_ext":"{\"rating\": \"4.9\", \"cost\": [], \"ticket_ordering\": \"0\"}","行业大类":"风景名胜","行业中类":"公园广场","行业小类":"公园","wgs84_loc":"121.459317,31.236734","wgs84Lng":121.459317,"wgs84Lat":31.236734,"__source_file__":"02-POI&AOI/1-POI/其它/23/Excel/分类/上海市-POI-2023.csv-风景名胜.csv"},"geometry":{"type":"Point","coordinates":[121.459317,31.236734]}},{"id":"4583","type":"Feature","properties":{"id":"cb6b9cb2-08b7-38d5-8a50-c0064cebef1d","name":"中共中央组织部遗址","type":"风景名胜;风景名胜相关;旅游景点","typecode":"110000","address":"静安雕塑公园(自然博物馆地铁站1号口步行350米)","location":"121.464526,31.235410","tel":"021-52289562","pcode":310000,"pname":"上海市","citycode":21,"cityname":"上海市","adcode":310106,"adname":"静安区","gridcode":4621638700,"distance":1168,"business_area":"淮海路","timestamp":"2023-05-11 03:32:08","biz_ext":"{\"rating\": \"4.2\", \"cost\": [], \"ticket_ordering\": \"0\"}","行业大类":"风景名胜","行业中类":"风景名胜相关","行业小类":"旅游景点","wgs84_loc":"121.459974,31.237326","wgs84Lng":121.459974,"wgs84Lat":31.237326,"__source_file__":"02-POI&AOI/1-POI/其它/23/Excel/分类/上海市-POI-2023.csv-风景名胜.csv"},"geometry":{"type":"Point","coordinates":[121.459974,31.237326]}},{"id":"882","type":"Feature","properties":{"id":"6a8cb30f-c6aa-3347-9d2a-849a75455c0b","name":"中共淞浦特委办公地点旧址","type":"风景名胜;风景名胜;红色景区","typecode":"110210","address":"静安雕塑公园(自然博物馆地铁站1号口步行90米)","location":"121.463593,31.235919","tel":"021-52289562","pcode":310000,"pname":"上海市","citycode":21,"cityname":"上海市","adcode":310106,"adname":"静安区","gridcode":4621638700,"distance":1982,"business_area":"淮海路","timestamp":"2023-05-11 03:32:08","biz_ext":"{\"rating\": \"3.7\", \"cost\": [], \"ticket_ordering\": \"0\"}","行业大类":"风景名胜","行业中类":"风景名胜","行业小类":"红色景区","wgs84_loc":"121.459038,31.237832","wgs84Lng":121.459038,"wgs84Lat":31.237832,"__source_file__":"02-POI&AOI/1-POI/其它/23/Excel/分类/上海市-POI-2023.csv-风景名胜.csv"},"geometry":{"type":"Point","coordinates":[121.459038,31.237832]}},{"id":"4810","type":"Feature","properties":{"id":"9b1c8afc-4354-37f8-84fd-1b6e2d5fa0bf","name":"上海怀旧堂","type":"风景名胜;风景名胜;风景名胜","typecode":"110200","address":"温州路8号上海怀旧堂(新闸路地铁站6号口步行210米)","location":"121.470482,31.236612","tel":"[]","pcode":310000,"pname":"上海市","citycode":21,"cityname":"上海市","adcode":310101,"adname":"黄浦区","gridcode":4621638711,"distance":641,"business_area":"北京东路","timestamp":"2022-11-22 12:40:30","biz_ext":"{\"rating\": \"3.4\", \"cost\": [], \"ticket_ordering\": \"0\"}","行业大类":"风景名胜","行业中类":"风景名胜","行业小类":"风景名胜","wgs84_loc":"121.465948,31.238543","wgs84Lng":121.465948,"wgs84Lat":31.238543,"__source_file__":"02-POI&AOI/1-POI/其它/23/Excel/分类/上海市-POI-2023.csv-风景名胜.csv"},"geometry":{"type":"Point","coordinates":[121.465948,31.238543]}},{"id":"177","type":"Feature","properties":{"id":"8c77ca64-4ce6-3d5b-ac85-8918cec0982f","name":"中国劳动组合书记部旧址陈列馆","type":"风景名胜;风景名胜;红色景区","typecode":"110210","address":"成都北路893弄1-11号","location":"121.464112,31.237878","tel":"021-62157732","pcode":310000,"pname":"上海市","citycode":21,"cityname":"上海市","adcode":310106,"adname":"静安区","gridcode":4621638710,"distance":775,"business_area":"北京东路","timestamp":"2023-03-17 00:00:12","biz_ext":"{\"rating\": \"4.6\", \"cost\": [], \"ticket_ordering\": \"0\"}","行业大类":"风景名胜","行业中类":"风景名胜","行业小类":"红色景区","wgs84_loc":"121.459558,31.239792","wgs84Lng":121.459558,"wgs84Lat":31.239792,"__source_file__":"02-POI&AOI/1-POI/其它/23/Excel/分类/上海市-POI-2023.csv-风景名胜.csv"},"geometry":{"type":"Point","coordinates":[121.459558,31.239792]}},{"id":"3007","type":"Feature","properties":{"id":"12368a35-c8e6-3ad4-8323-bc977c2fc44a","name":"乌镇路桥","type":"风景名胜;风景名胜;风景名胜","typecode":"110200","address":"乌镇路(新闸路地铁站1号口步行90米)","location":"121.467391,31.239747","tel":"[]","pcode":310000,"pname":"上海市","citycode":21,"cityname":"上海市","adcode":310101,"adname":"黄浦区","gridcode":4621638721,"distance":404,"business_area":"北京东路","timestamp":"2023-04-26 19:49:19","biz_ext":"{\"rating\": \"4.4\", \"cost\": [], \"ticket_ordering\": \"0\"}","行业大类":"风景名胜","行业中类":"风景名胜","行业小类":"风景名胜","wgs84_loc":"121.462847,31.241668","wgs84Lng":121.462847,"wgs84Lat":31.241668,"__source_file__":"02-POI&AOI/1-POI/其它/23/Excel/分类/上海市-POI-2023.csv-风景名胜.csv"},"geometry":{"type":"Point","coordinates":[121.462847,31.241668]}},{"id":"5449","type":"Feature","properties":{"id":"b6d74252-2bdc-30ca-a6b6-68003e873920","name":"静安区双拥公园","type":"风景名胜;公园广场;公园","typecode":"110101","address":"国庆路与晋元路交叉口西南120米","location":"121.469194,31.239910","tel":"[]","pcode":310000,"pname":"上海市","citycode":21,"cityname":"上海市","adcode":310106,"adname":"静安区","gridcode":4621638721,"distance":294,"business_area":"北京东路","timestamp":"2023-04-21 11:28:01","biz_ext":"{\"rating\": \"4.0\", \"cost\": [], \"ticket_ordering\": \"0\"}","行业大类":"风景名胜","行业中类":"公园广场","行业小类":"公园","wgs84_loc":"121.464656,31.241836","wgs84Lng":121.464656,"wgs84Lat":31.241836,"__source_file__":"02-POI&AOI/1-POI/其它/23/Excel/分类/上海市-POI-2023.csv-风景名胜.csv"},"geometry":{"type":"Point","coordinates":[121.464656,31.241836]}},{"id":"2575","type":"Feature","properties":{"id":"0d8e3800-b56a-3449-9c6c-f26962da8239","name":"上海四行仓库抗战纪念地晋元纪念广场","type":"风景名胜;公园广场;城市广场","typecode":"110105","address":"国庆路与晋元路交叉口东南50米","location":"121.470476,31.240141","tel":"[]","pcode":310000,"pname":"上海市","citycode":21,"cityname":"上海市","adcode":310106,"adname":"静安区","gridcode":4621638721,"distance":248,"business_area":"北京东路","timestamp":"2023-05-09 13:29:43","biz_ext":"{\"rating\": \"4.7\", \"cost\": [], \"ticket_ordering\": \"0\"}","行业大类":"风景名胜","行业中类":"公园广场","行业小类":"城市广场","wgs84_loc":"121.465942,31.24207","wgs84Lng":121.465942,"wgs84Lat":31.24207,"__source_file__":"02-POI&AOI/1-POI/其它/23/Excel/分类/上海市-POI-2023.csv-风景名胜.csv"},"geometry":{"type":"Point","coordinates":[121.465942,31.24207]}},{"id":"5414","type":"Feature","properties":{"id":"6c1e2ab4-d6f6-3c20-bab5-1edbe479e988","name":"套圈子","type":"风景名胜;风景名胜相关;旅游景点","typecode":"110000","address":"成都北路1018号九子公园(东南角)","location":"121.464251,31.240284","tel":"[]","pcode":310000,"pname":"上海市","citycode":21,"cityname":"上海市","adcode":310101,"adname":"黄浦区","gridcode":4621638720,"distance":1095,"business_area":"北京东路","timestamp":"2022-11-26 10:35:40","biz_ext":"{\"rating\": \"3.5\", \"cost\": [], \"ticket_ordering\": \"0\"}","行业大类":"风景名胜","行业中类":"风景名胜相关","行业小类":"旅游景点","wgs84_loc":"121.459698,31.242197","wgs84Lng":121.459698,"wgs84Lat":31.242197,"__source_file__":"02-POI&AOI/1-POI/其它/23/Excel/分类/上海市-POI-2023.csv-风景名胜.csv"},"geometry":{"type":"Point","coordinates":[121.459698,31.242197]}},{"id":"4483","type":"Feature","properties":{"id":"8b367425-0fc7-348c-afa0-93fe7413ffb6","name":"熙园旧址","type":"风景名胜;风景名胜相关;旅游景点","typecode":"110000","address":"延安中路549号","location":"121.457925,31.223433","tel":"[]","pcode":310000,"pname":"上海市","citycode":21,"cityname":"上海市","adcode":310101,"adname":"黄浦区","gridcode":4621636621,"distance":1566,"business_area":"淮海路","timestamp":"2023-01-16 20:34:30","biz_ext":"{\"rating\": \"3.8\", \"cost\": [], \"ticket_ordering\": \"0\"}","行业大类":"风景名胜","行业中类":"风景名胜相关","行业小类":"旅游景点","wgs84_loc":"121.453355,31.225339","wgs84Lng":121.453355,"wgs84Lat":31.225339,"__source_file__":"02-POI&AOI/1-POI/其它/23/Excel/分类/上海市-POI-2023.csv-风景名胜.csv"},"geometry":{"type":"Point","coordinates":[121.453355,31.225339]}},{"id":"3520","type":"Feature","properties":{"id":"528f728b-a808-387b-9440-a636ec96d46b","name":"煦园旧址","type":"风景名胜;风景名胜相关;旅游景点","typecode":"110000","address":"延安中路551号","location":"121.457841,31.223563","tel":"[]","pcode":310000,"pname":"上海市","citycode":21,"cityname":"上海市","adcode":310101,"adname":"黄浦区","gridcode":4621636621,"distance":1581,"business_area":"淮海路","timestamp":"2023-04-24 05:04:44","biz_ext":"{\"rating\": \"3.8\", \"cost\": [], \"ticket_ordering\": \"0\"}","行业大类":"风景名胜","行业中类":"风景名胜相关","行业小类":"旅游景点","wgs84_loc":"121.453271,31.225468","wgs84Lng":121.453271,"wgs84Lat":31.225468,"__source_file__":"02-POI&AOI/1-POI/其它/23/Excel/分类/上海市-POI-2023.csv-风景名胜.csv"},"geometry":{"type":"Point","coordinates":[121.453271,31.225468]}},{"id":"1838","type":"Feature","properties":{"id":"9d055e50-895f-3686-aa57-98f9213668b3","name":"上海展览中心-喷水池广场","type":"风景名胜;公园广场;城市广场","typecode":"110105","address":"延安中路1000号(静安寺地铁站8号口步行450米)","location":"121.453190,31.223937","tel":"[]","pcode":310000,"pname":"上海市","citycode":21,"cityname":"上海市","adcode":310106,"adname":"静安区","gridcode":4621636620,"distance":1555,"business_area":"曹家渡","timestamp":"2022-11-22 22:24:29","biz_ext":"{\"rating\": \"3.9\", \"cost\": [], \"ticket_ordering\": \"0\"}","行业大类":"风景名胜","行业中类":"公园广场","行业小类":"城市广场","wgs84_loc":"121.448607,31.225832","wgs84Lng":121.448607,"wgs84Lat":31.225832,"__source_file__":"02-POI&AOI/1-POI/其它/23/Excel/分类/上海市-POI-2023.csv-风景名胜.csv"},"geometry":{"type":"Point","coordinates":[121.448607,31.225832]}},{"id":"1989","type":"Feature","properties":{"id":"7145b0a0-7dd9-386f-8c44-c2328e06aee0","name":"上海展览中心-西花园","type":"风景名胜;风景名胜相关;旅游景点","typecode":"110000","address":"延安中路1000号(静安寺地铁站8号口步行420米)","location":"121.452383,31.223943","tel":"021-62790279","pcode":310000,"pname":"上海市","citycode":21,"cityname":"上海市","adcode":310106,"adname":"静安区","gridcode":4621636620,"distance":1585,"business_area":"淮海路","timestamp":"2023-05-10 16:22:06","biz_ext":"{\"rating\": \"4.0\", \"cost\": [], \"ticket_ordering\": \"0\"}","行业大类":"风景名胜","行业中类":"风景名胜相关","行业小类":"旅游景点","wgs84_loc":"121.447798,31.225836","wgs84Lng":121.447798,"wgs84Lat":31.225836,"__source_file__":"02-POI&AOI/1-POI/其它/23/Excel/分类/上海市-POI-2023.csv-风景名胜.csv"},"geometry":{"type":"Point","coordinates":[121.447798,31.225836]}},{"id":"879","type":"Feature","properties":{"id":"90a3d99f-0650-3d67-bddb-948cce6062e3","name":"静安职工世纪园","type":"风景名胜;公园广场;公园","typecode":"110101","address":"延安中路866号","location":"121.457312,31.224244","tel":"[]","pcode":310000,"pname":"上海市","citycode":21,"cityname":"上海市","adcode":310106,"adname":"静安区","gridcode":4621636621,"distance":1662,"business_area":"淮海路","timestamp":"2023-05-09 15:31:21","biz_ext":"{\"rating\": \"3.9\", \"cost\": [], \"ticket_ordering\": \"0\"}","行业大类":"风景名胜","行业中类":"公园广场","行业小类":"公园","wgs84_loc":"121.45274,31.226148","wgs84Lng":121.45274,"wgs84Lat":31.226148,"__source_file__":"02-POI&AOI/1-POI/其它/23/Excel/分类/上海市-POI-2023.csv-风景名胜.csv"},"geometry":{"type":"Point","coordinates":[121.45274,31.226148]}},{"id":"886","type":"Feature","properties":{"id":"9603d76a-1c29-3646-bb38-ecd4d5133a19","name":"章士钊旧居(不对外开放)","type":"风景名胜;风景名胜;纪念馆","typecode":"110204","address":"延安中路720弄7号(南京西路地铁站12号口步行390米)","location":"121.460246,31.224299","tel":"[]","pcode":310000,"pname":"上海市","citycode":21,"cityname":"上海市","adcode":310106,"adname":"静安区","gridcode":4621636622,"distance":1659,"business_area":"淮海路","timestamp":"2023-05-12 17:01:05","biz_ext":"{\"rating\": \"4.3\", \"cost\": [], \"ticket_ordering\": \"0\"}","行业大类":"风景名胜","行业中类":"风景名胜","行业小类":"纪念馆","wgs84_loc":"121.455682,31.22621","wgs84Lng":121.455682,"wgs84Lat":31.22621,"__source_file__":"02-POI&AOI/1-POI/其它/23/Excel/分类/上海市-POI-2023.csv-风景名胜.csv"},"geometry":{"type":"Point","coordinates":[121.455682,31.22621]}},{"id":"3634","type":"Feature","properties":{"id":"a6f7b737-3d31-313e-9628-cf90f31b6c6d","name":"中苏友好大厦旧址","type":"风景名胜;风景名胜相关;旅游景点","typecode":"110000","address":"延安中路1000号","location":"121.453000,31.224400","tel":"[]","pcode":310000,"pname":"上海市","citycode":21,"cityname":"上海市","adcode":310106,"adname":"静安区","gridcode":4621636620,"distance":1514,"business_area":"淮海路","timestamp":"2023-01-16 20:25:27","biz_ext":"{\"rating\": \"4.1\", \"cost\": [], \"ticket_ordering\": \"0\"}","行业大类":"风景名胜","行业中类":"风景名胜相关","行业小类":"旅游景点","wgs84_loc":"121.448417,31.226294","wgs84Lng":121.448417,"wgs84Lat":31.226294,"__source_file__":"02-POI&AOI/1-POI/其它/23/Excel/分类/上海市-POI-2023.csv-风景名胜.csv"},"geometry":{"type":"Point","coordinates":[121.448417,31.226294]}},{"id":"6464","type":"Feature","properties":{"id":"4f1a2e10-cd52-32a2-a0a9-205737833bef","name":"上海展览中心东花园","type":"风景名胜;风景名胜相关;旅游景点","typecode":"110000","address":"延安中路1000号","location":"121.453720,31.224410","tel":"[]","pcode":310000,"pname":"上海市","citycode":21,"cityname":"上海市","adcode":310106,"adname":"静安区","gridcode":4621636620,"distance":1487,"business_area":"淮海路","timestamp":"2022-07-20 19:41:53","biz_ext":"{\"rating\": \"3.1\", \"cost\": [], \"ticket_ordering\": \"0\"}","行业大类":"风景名胜","行业中类":"风景名胜相关","行业小类":"旅游景点","wgs84_loc":"121.449139,31.226306","wgs84Lng":121.449139,"wgs84Lat":31.226306,"__source_file__":"02-POI&AOI/1-POI/其它/23/Excel/分类/上海市-POI-2023.csv-风景名胜.csv"},"geometry":{"type":"Point","coordinates":[121.449139,31.226306]}},{"id":"4711","type":"Feature","properties":{"id":"99d5210e-712b-3629-9465-ddbbc0b880bc","name":"图书馆","type":"风景名胜;风景名胜;风景名胜","typecode":"110200","address":"威海路727弄30号(南京西路地铁站12号口步行320米)","location":"121.458122,31.225073","tel":"[]","pcode":310000,"pname":"上海市","citycode":21,"cityname":"上海市","adcode":310106,"adname":"静安区","gridcode":4621637601,"distance":712,"business_area":"淮海路","timestamp":"2022-11-26 09:59:57","biz_ext":"{\"rating\": \"3.3\", \"cost\": [], \"ticket_ordering\": \"0\"}","行业大类":"风景名胜","行业中类":"风景名胜","行业小类":"风景名胜","wgs84_loc":"121.453552,31.226978","wgs84Lng":121.453552,"wgs84Lat":31.226978,"__source_file__":"02-POI&AOI/1-POI/其它/23/Excel/分类/上海市-POI-2023.csv-风景名胜.csv"},"geometry":{"type":"Point","coordinates":[121.453552,31.226978]}},{"id":"1572","type":"Feature","properties":{"id":"0ca0c17a-06a5-3e87-b572-99bffe062238","name":"上海展览中心东广场","type":"风景名胜;公园广场;城市广场","typecode":"110105","address":"南京西路1333号","location":"121.453006,31.225187","tel":"[]","pcode":310000,"pname":"上海市","citycode":21,"cityname":"上海市","adcode":310106,"adname":"静安区","gridcode":4621637600,"distance":1227,"business_area":"淮海路","timestamp":"2023-04-25 18:19:27","biz_ext":"{\"rating\": \"4.3\", \"cost\": [], \"ticket_ordering\": \"0\"}","行业大类":"风景名胜","行业中类":"公园广场","行业小类":"城市广场","wgs84_loc":"121.448423,31.227081","wgs84Lng":121.448423,"wgs84Lat":31.227081,"__source_file__":"02-POI&AOI/1-POI/其它/23/Excel/分类/上海市-POI-2023.csv-风景名胜.csv"},"geometry":{"type":"Point","coordinates":[121.448423,31.227081]}},{"id":"2443","type":"Feature","properties":{"id":"83f807de-ac98-3860-9ac7-dfb409e420dd","name":"静安寺-香积楼","type":"风景名胜;风景名胜;寺庙道观","typecode":"110205","address":"南京西路1686号(静安寺地铁站2号口步行160米)","location":"121.445250,31.224060","tel":"021-62566366","pcode":310000,"pname":"上海市","citycode":21,"cityname":"上海市","adcode":310106,"adname":"静安区","gridcode":4621636521,"distance":1265,"business_area":"曹家渡","timestamp":"2023-01-28 11:55:44","biz_ext":"{\"rating\": \"3.9\", \"cost\": [], \"ticket_ordering\": \"0\"}","行业大类":"风景名胜","行业中类":"风景名胜","行业小类":"寺庙道观","wgs84_loc":"121.440648,31.225939","wgs84Lng":121.440648,"wgs84Lat":31.225939,"__source_file__":"02-POI&AOI/1-POI/其它/23/Excel/分类/上海市-POI-2023.csv-风景名胜.csv"},"geometry":{"type":"Point","coordinates":[121.440648,31.225939]}},{"id":"427","type":"Feature","properties":{"id":"ee5b871e-a2f1-3295-98ed-641854ec02bd","name":"刘长胜故居","type":"风景名胜;风景名胜;红色景区","typecode":"110210","address":"愚园路81号(近久光百货)(静安寺地铁站3号口步行230米)","location":"121.446568,31.224725","tel":"021-62155939","pcode":310000,"pname":"上海市","citycode":21,"cityname":"上海市","adcode":310106,"adname":"静安区","gridcode":4621636522,"distance":1223,"business_area":"曹家渡","timestamp":"2023-04-22 16:43:08","biz_ext":"{\"rating\": \"4.5\", \"cost\": [], \"ticket_ordering\": \"0\"}","行业大类":"风景名胜","行业中类":"风景名胜","行业小类":"红色景区","wgs84_loc":"121.441969,31.226606","wgs84Lng":121.441969,"wgs84Lat":31.226606,"__source_file__":"02-POI&AOI/1-POI/其它/23/Excel/分类/上海市-POI-2023.csv-风景名胜.csv"},"geometry":{"type":"Point","coordinates":[121.441969,31.226606]}},{"id":"1513","type":"Feature","properties":{"id":"bff2a7db-ad3e-3711-bcd5-568cefa9ec24","name":"张爱玲故居-爱林登公寓旧址","type":"风景名胜;风景名胜相关;旅游景点","typecode":"110000","address":"常德路195号(静安寺地铁站6号口步行150米)","location":"121.447650,31.224749","tel":"[]","pcode":310000,"pname":"上海市","citycode":21,"cityname":"上海市","adcode":310106,"adname":"静安区","gridcode":4621636522,"distance":1121,"business_area":"曹家渡","timestamp":"2023-03-17 14:23:49","biz_ext":"{\"rating\": \"4.6\", \"cost\": [], \"ticket_ordering\": \"0\"}","行业大类":"风景名胜","行业中类":"风景名胜相关","行业小类":"旅游景点","wgs84_loc":"121.443054,31.226632","wgs84Lng":121.443054,"wgs84Lat":31.226632,"__source_file__":"02-POI&AOI/1-POI/其它/23/Excel/分类/上海市-POI-2023.csv-风景名胜.csv"},"geometry":{"type":"Point","coordinates":[121.443054,31.226632]}},{"id":"4907","type":"Feature","properties":{"id":"85e06d1a-1c25-3798-ac01-3ad18cad8217","name":"大鸭烘焙&大鸭软陶","type":"风景名胜;风景名胜相关;旅游景点","typecode":"110000","address":"胶州路58号胶州大楼F27层","location":"121.445177,31.225428","tel":"18918258551","pcode":310000,"pname":"上海市","citycode":21,"cityname":"上海市","adcode":310106,"adname":"静安区","gridcode":4621637501,"distance":1210,"business_area":"曹家渡","timestamp":"2023-05-13 10:25:35","biz_ext":"{\"rating\": \"4.2\", \"cost\": [], \"ticket_ordering\": \"0\"}","行业大类":"风景名胜","行业中类":"风景名胜相关","行业小类":"旅游景点","wgs84_loc":"121.440575,31.227306","wgs84Lng":121.440575,"wgs84Lat":31.227306,"__source_file__":"02-POI&AOI/1-POI/其它/23/Excel/分类/上海市-POI-2023.csv-风景名胜.csv"},"geometry":{"type":"Point","coordinates":[121.440575,31.227306]}},{"id":"1567","type":"Feature","properties":{"id":"ffbb92eb-f231-37cd-bb23-8532728dce42","name":"旅沪德侨住宅旧址","type":"风景名胜;风景名胜相关;旅游景点","typecode":"110000","address":"南京西路1418号(静安寺地铁站6号口步行370米)","location":"121.450650,31.225729","tel":"[]","pcode":310000,"pname":"上海市","citycode":21,"cityname":"上海市","adcode":310106,"adname":"静安区","gridcode":4621637600,"distance":1224,"business_area":"淮海路","timestamp":"2023-05-02 13:41:05","biz_ext":"{\"rating\": \"3.6\", \"cost\": [], \"ticket_ordering\": \"0\"}","行业大类":"风景名胜","行业中类":"风景名胜相关","行业小类":"旅游景点","wgs84_loc":"121.446061,31.227618","wgs84Lng":121.446061,"wgs84Lat":31.227618,"__source_file__":"02-POI&AOI/1-POI/其它/23/Excel/分类/上海市-POI-2023.csv-风景名胜.csv"},"geometry":{"type":"Point","coordinates":[121.446061,31.227618]}},{"id":"429","type":"Feature","properties":{"id":"f12c0be6-a840-31ef-86c4-b25acf4bca35","name":"上海玫瑰花园","type":"风景名胜;公园广场;公园","typecode":"110101","address":"南京西路1398号(静安寺地铁站6号口步行490米)","location":"121.451057,31.226198","tel":"[]","pcode":310000,"pname":"上海市","citycode":21,"cityname":"上海市","adcode":310106,"adname":"静安区","gridcode":4621637600,"distance":1283,"business_area":"淮海路","timestamp":"2023-04-25 03:30:29","biz_ext":"{\"rating\": \"4.5\", \"cost\": [], \"ticket_ordering\": \"0\"}","行业大类":"风景名胜","行业中类":"公园广场","行业小类":"公园","wgs84_loc":"121.446469,31.228087","wgs84Lng":121.446469,"wgs84Lat":31.228087,"__source_file__":"02-POI&AOI/1-POI/其它/23/Excel/分类/上海市-POI-2023.csv-风景名胜.csv"},"geometry":{"type":"Point","coordinates":[121.446469,31.228087]}},{"id":"449","type":"Feature","properties":{"id":"ac1ac594-9252-32b0-a183-a7a6cd06c598","name":"史量才旧居","type":"风景名胜;风景名胜;纪念馆","typecode":"110204","address":"铜仁路257号(静安寺地铁站6号口步行490米)","location":"121.449543,31.226560","tel":"[]","pcode":310000,"pname":"上海市","citycode":21,"cityname":"上海市","adcode":310106,"adname":"静安区","gridcode":4621637502,"distance":1302,"business_area":"曹家渡","timestamp":"2023-05-08 17:39:38","biz_ext":"{\"rating\": \"4.4\", \"cost\": [], \"ticket_ordering\": \"0\"}","行业大类":"风景名胜","行业中类":"风景名胜","行业小类":"纪念馆","wgs84_loc":"121.444951,31.228446","wgs84Lng":121.444951,"wgs84Lat":31.228446,"__source_file__":"02-POI&AOI/1-POI/其它/23/Excel/分类/上海市-POI-2023.csv-风景名胜.csv"},"geometry":{"type":"Point","coordinates":[121.444951,31.228446]}},{"id":"891","type":"Feature","properties":{"id":"ef1754aa-4fa2-3588-bc1a-70c3a3376776","name":"宣景琳故居","type":"风景名胜;风景名胜;纪念馆","typecode":"110204","address":"胶州路148弄3-25号","location":"121.444907,31.227126","tel":"[]","pcode":310000,"pname":"上海市","citycode":21,"cityname":"上海市","adcode":310106,"adname":"静安区","gridcode":4621637501,"distance":818,"business_area":"曹家渡","timestamp":"2023-03-25 01:04:21","biz_ext":"{\"rating\": \"3.6\", \"cost\": [], \"ticket_ordering\": \"0\"}","行业大类":"风景名胜","行业中类":"风景名胜","行业小类":"纪念馆","wgs84_loc":"121.440304,31.229003","wgs84Lng":121.440304,"wgs84Lat":31.229003,"__source_file__":"02-POI&AOI/1-POI/其它/23/Excel/分类/上海市-POI-2023.csv-风景名胜.csv"},"geometry":{"type":"Point","coordinates":[121.440304,31.229003]}},{"id":"2207","type":"Feature","properties":{"id":"3a676c66-97b4-3c22-9f0f-a28fdf5fca15","name":"北京西路与常德路口公园","type":"风景名胜;公园广场;公园","typecode":"110101","address":"常德路371号(静安寺地铁站6号口步行460米)","location":"121.446796,31.227518","tel":"[]","pcode":310000,"pname":"上海市","citycode":21,"cityname":"上海市","adcode":310106,"adname":"静安区","gridcode":4621637502,"distance":1585,"business_area":"曹家渡","timestamp":"2022-11-22 00:13:09","biz_ext":"{\"rating\": \"3.7\", \"cost\": [], \"ticket_ordering\": \"0\"}","行业大类":"风景名胜","行业中类":"公园广场","行业小类":"公园","wgs84_loc":"121.442197,31.229398","wgs84Lng":121.442197,"wgs84Lat":31.229398,"__source_file__":"02-POI&AOI/1-POI/其它/23/Excel/分类/上海市-POI-2023.csv-风景名胜.csv"},"geometry":{"type":"Point","coordinates":[121.442197,31.229398]}},{"id":"1505","type":"Feature","properties":{"id":"19a3d025-6947-3efa-bcb2-347a3a6092a6","name":"爱文公寓旧址","type":"风景名胜;风景名胜相关;旅游景点","typecode":"110000","address":"铜仁路304-330号","location":"121.449541,31.227772","tel":"[]","pcode":310000,"pname":"上海市","citycode":21,"cityname":"上海市","adcode":310106,"adname":"静安区","gridcode":4621637502,"distance":828,"business_area":"曹家渡","timestamp":"2023-05-02 14:48:54","biz_ext":"{\"rating\": \"3.7\", \"cost\": [], \"ticket_ordering\": \"0\"}","行业大类":"风景名胜","行业中类":"风景名胜相关","行业小类":"旅游景点","wgs84_loc":"121.444949,31.229657","wgs84Lng":121.444949,"wgs84Lat":31.229657,"__source_file__":"02-POI&AOI/1-POI/其它/23/Excel/分类/上海市-POI-2023.csv-风景名胜.csv"},"geometry":{"type":"Point","coordinates":[121.444949,31.229657]}},{"id":"6436","type":"Feature","properties":{"id":"26270a74-f5a6-3e86-b39f-c103adc88a64","name":"威海路街心花园","type":"风景名胜;公园广场;公园","typecode":"110101","address":"威海路陕西北路路口(南京西路地铁站12号口步行320米)","location":"121.456634,31.225708","tel":"[]","pcode":310000,"pname":"上海市","citycode":21,"cityname":"上海市","adcode":310106,"adname":"静安区","gridcode":4621637601,"distance":682,"business_area":"淮海路","timestamp":"2022-08-07 08:49:05","biz_ext":"{\"rating\": \"3.7\", \"cost\": [], \"ticket_ordering\": \"0\"}","行业大类":"风景名胜","行业中类":"公园广场","行业小类":"公园","wgs84_loc":"121.45206,31.22761","wgs84Lng":121.45206,"wgs84Lat":31.22761,"__source_file__":"02-POI&AOI/1-POI/其它/23/Excel/分类/上海市-POI-2023.csv-风景名胜.csv"},"geometry":{"type":"Point","coordinates":[121.45206,31.22761]}},{"id":"2857","type":"Feature","properties":{"id":"cdbf4699-1d3b-33da-ba52-b88109325a91","name":"神农遗泽","type":"风景名胜;风景名胜相关;旅游景点","typecode":"110000","address":"陕西北路与威海路交叉口西北40米","location":"121.456222,31.225716","tel":"[]","pcode":310000,"pname":"上海市","citycode":21,"cityname":"上海市","adcode":310106,"adname":"静安区","gridcode":4621637601,"distance":1277,"business_area":"淮海路","timestamp":"2022-07-21 00:04:36","biz_ext":"{\"rating\": \"3.1\", \"cost\": [], \"ticket_ordering\": \"0\"}","行业大类":"风景名胜","行业中类":"风景名胜相关","行业小类":"旅游景点","wgs84_loc":"121.451647,31.227617","wgs84Lng":121.451647,"wgs84Lat":31.227617,"__source_file__":"02-POI&AOI/1-POI/其它/23/Excel/分类/上海市-POI-2023.csv-风景名胜.csv"},"geometry":{"type":"Point","coordinates":[121.451647,31.227617]}},{"id":"3898","type":"Feature","properties":{"id":"b9f9ae38-c545-302a-b85b-7bb77bafe3dd","name":"上海展览中心-东角亭","type":"风景名胜;风景名胜相关;旅游景点","typecode":"110000","address":"延安中路1000号(静安寺地铁站6号口步行440米)","location":"121.451740,31.225789","tel":"[]","pcode":310000,"pname":"上海市","citycode":21,"cityname":"上海市","adcode":310106,"adname":"静安区","gridcode":4621637600,"distance":1253,"business_area":"淮海路","timestamp":"2022-12-30 20:08:39","biz_ext":"{\"rating\": \"3.2\", \"cost\": [], \"ticket_ordering\": \"0\"}","行业大类":"风景名胜","行业中类":"风景名胜相关","行业小类":"旅游景点","wgs84_loc":"121.447153,31.22768","wgs84Lng":121.447153,"wgs84Lat":31.22768,"__source_file__":"02-POI&AOI/1-POI/其它/23/Excel/分类/上海市-POI-2023.csv-风景名胜.csv"},"geometry":{"type":"Point","coordinates":[121.447153,31.22768]}},{"id":"579","type":"Feature","properties":{"id":"378a643c-f2e4-34b2-977b-05082e64ca33","name":"飞跃的马","type":"风景名胜;风景名胜;风景名胜","typecode":"110200","address":"南京西路上海展览中心","location":"121.452177,31.225990","tel":"[]","pcode":310000,"pname":"上海市","citycode":21,"cityname":"上海市","adcode":310106,"adname":"静安区","gridcode":4621637600,"distance":1286,"business_area":"曹家渡","timestamp":"2022-11-22 01:20:11","biz_ext":"{\"rating\": \"3.9\", \"cost\": [], \"ticket_ordering\": \"0\"}","行业大类":"风景名胜","行业中类":"风景名胜","行业小类":"风景名胜","wgs84_loc":"121.447591,31.227882","wgs84Lng":121.447591,"wgs84Lat":31.227882,"__source_file__":"02-POI&AOI/1-POI/其它/23/Excel/分类/上海市-POI-2023.csv-风景名胜.csv"},"geometry":{"type":"Point","coordinates":[121.447591,31.227882]}},{"id":"180","type":"Feature","properties":{"id":"15e2138f-fdb7-3c7e-b5b7-e94bd0aa528e","name":"上海茂名路毛泽东旧居","type":"风景名胜;风景名胜;红色景区","typecode":"110210","address":"茂名北路120弄5-9号","location":"121.460555,31.226303","tel":"021-62723656","pcode":310000,"pname":"上海市","citycode":21,"cityname":"上海市","adcode":310106,"adname":"静安区","gridcode":4621637602,"distance":1182,"business_area":"淮海路","timestamp":"2023-05-12 16:21:57","biz_ext":"{\"rating\": \"4.6\", \"cost\": [], \"ticket_ordering\": \"0\"}","行业大类":"风景名胜","行业中类":"风景名胜","行业小类":"红色景区","wgs84_loc":"121.455992,31.228213","wgs84Lng":121.455992,"wgs84Lat":31.228213,"__source_file__":"02-POI&AOI/1-POI/其它/23/Excel/分类/上海市-POI-2023.csv-风景名胜.csv"},"geometry":{"type":"Point","coordinates":[121.455992,31.228213]}},{"id":"2991","type":"Feature","properties":{"id":"a0376c87-c6ac-3b5d-82e8-729fa91ed4e5","name":"上海毛泽东旧居-陈列馆","type":"风景名胜;风景名胜;红色景区","typecode":"110210","address":"茂名北路120弄(南京西路地铁站12号口步行290米)","location":"121.460216,31.226305","tel":"[]","pcode":310000,"pname":"上海市","citycode":21,"cityname":"上海市","adcode":310106,"adname":"静安区","gridcode":4621637602,"distance":1179,"business_area":"淮海路","timestamp":"2023-03-11 16:12:12","biz_ext":"{\"rating\": \"4.5\", \"cost\": [], \"ticket_ordering\": \"0\"}","行业大类":"风景名胜","行业中类":"风景名胜","行业小类":"红色景区","wgs84_loc":"121.455652,31.228215","wgs84Lng":121.455652,"wgs84Lat":31.228215,"__source_file__":"02-POI&AOI/1-POI/其它/23/Excel/分类/上海市-POI-2023.csv-风景名胜.csv"},"geometry":{"type":"Point","coordinates":[121.455652,31.228215]}},{"id":"1833","type":"Feature","properties":{"id":"87fcb18e-a275-321b-bdd5-8725b9218bab","name":"上海展览中心-东北广场","type":"风景名胜;公园广场;城市广场","typecode":"110105","address":"延安中路1000号上海展览中心","location":"121.453210,31.226440","tel":"[]","pcode":310000,"pname":"上海市","citycode":21,"cityname":"上海市","adcode":310106,"adname":"静安区","gridcode":4621637600,"distance":1300,"business_area":"淮海路","timestamp":"2022-11-19 01:06:40","biz_ext":"{\"rating\": \"3.6\", \"cost\": [], \"ticket_ordering\": \"0\"}","行业大类":"风景名胜","行业中类":"公园广场","行业小类":"城市广场","wgs84_loc":"121.448627,31.228334","wgs84Lng":121.448627,"wgs84Lat":31.228334,"__source_file__":"02-POI&AOI/1-POI/其它/23/Excel/分类/上海市-POI-2023.csv-风景名胜.csv"},"geometry":{"type":"Point","coordinates":[121.448627,31.228334]}},{"id":"5118","type":"Feature","properties":{"id":"2cbcb3e0-2583-3c24-8f15-c62cfbb2f438","name":"荣宗敬故居","type":"风景名胜;风景名胜;纪念馆","typecode":"110204","address":"陕西北路186号(近南京西路)","location":"121.455852,31.226690","tel":"[]","pcode":310000,"pname":"上海市","citycode":21,"cityname":"上海市","adcode":310106,"adname":"静安区","gridcode":4621637601,"distance":1182,"business_area":"淮海路","timestamp":"2023-04-18 10:04:04","biz_ext":"{\"rating\": \"3.0\", \"cost\": [], \"ticket_ordering\": \"0\"}","行业大类":"风景名胜","行业中类":"风景名胜","行业小类":"纪念馆","wgs84_loc":"121.451276,31.228589","wgs84Lng":121.451276,"wgs84Lat":31.228589,"__source_file__":"02-POI&AOI/1-POI/其它/23/Excel/分类/上海市-POI-2023.csv-风景名胜.csv"},"geometry":{"type":"Point","coordinates":[121.451276,31.228589]}},{"id":"5006","type":"Feature","properties":{"id":"0b678213-51d5-33d2-88a6-25e153799bd5","name":"1924年毛泽东寓所旧址","type":"风景名胜;风景名胜;红色景区","typecode":"110210","address":"威海路583弄(原公共租界慕尔鸣路甲秀里)","location":"121.460404,31.226689","tel":"[]","pcode":310000,"pname":"上海市","citycode":21,"cityname":"上海市","adcode":310106,"adname":"静安区","gridcode":4621637602,"distance":1138,"business_area":"淮海路","timestamp":"2023-01-16 20:42:57","biz_ext":"{\"rating\": \"3.8\", \"cost\": [], \"ticket_ordering\": \"0\"}","行业大类":"风景名胜","行业中类":"风景名胜","行业小类":"红色景区","wgs84_loc":"121.455841,31.228599","wgs84Lng":121.455841,"wgs84Lat":31.228599,"__source_file__":"02-POI&AOI/1-POI/其它/23/Excel/分类/上海市-POI-2023.csv-风景名胜.csv"},"geometry":{"type":"Point","coordinates":[121.455841,31.228599]}},{"id":"4222","type":"Feature","properties":{"id":"3c93af81-76bf-3632-b50d-fc3b93d76203","name":"东峰大堂","type":"风景名胜;风景名胜相关;旅游景点","typecode":"110000","address":"南京西路1376号上海商城","location":"121.451837,31.226886","tel":"[]","pcode":310000,"pname":"上海市","citycode":21,"cityname":"上海市","adcode":310106,"adname":"静安区","gridcode":4621637600,"distance":873,"business_area":"淮海路","timestamp":"2023-04-24 05:44:55","biz_ext":"{\"rating\": \"3.8\", \"cost\": [], \"ticket_ordering\": \"0\"}","行业大类":"风景名胜","行业中类":"风景名胜相关","行业小类":"旅游景点","wgs84_loc":"121.447251,31.228777","wgs84Lng":121.447251,"wgs84Lat":31.228777,"__source_file__":"02-POI&AOI/1-POI/其它/23/Excel/分类/上海市-POI-2023.csv-风景名胜.csv"},"geometry":{"type":"Point","coordinates":[121.447251,31.228777]}},{"id":"884","type":"Feature","properties":{"id":"3cf2f879-ef08-3581-8130-138c17aa2ec5","name":"盛丕华旧居","type":"风景名胜;风景名胜;纪念馆","typecode":"110204","address":"威海路602弄88号(南京西路地铁站12号口步行120米)","location":"121.458970,31.227079","tel":"[]","pcode":310000,"pname":"上海市","citycode":21,"cityname":"上海市","adcode":310106,"adname":"静安区","gridcode":4621637602,"distance":1091,"business_area":"淮海路","timestamp":"2023-04-24 02:13:01","biz_ext":"{\"rating\": \"2.5\", \"cost\": [], \"ticket_ordering\": \"0\"}","行业大类":"风景名胜","行业中类":"风景名胜","行业小类":"纪念馆","wgs84_loc":"121.454402,31.228985","wgs84Lng":121.454402,"wgs84Lat":31.228985,"__source_file__":"02-POI&AOI/1-POI/其它/23/Excel/分类/上海市-POI-2023.csv-风景名胜.csv"},"geometry":{"type":"Point","coordinates":[121.454402,31.228985]}},{"id":"885","type":"Feature","properties":{"id":"aaca9240-4ae2-30fe-84ce-67a871ef878f","name":"郑小秋旧居","type":"风景名胜;风景名胜;纪念馆","typecode":"110204","address":"南京西路1025弄182号","location":"121.458971,31.227080","tel":"[]","pcode":310000,"pname":"上海市","citycode":21,"cityname":"上海市","adcode":310106,"adname":"静安区","gridcode":4621637602,"distance":1091,"business_area":"淮海路","timestamp":"2023-01-16 20:23:18","biz_ext":"{\"rating\": \"3.4\", \"cost\": [], \"ticket_ordering\": \"0\"}","行业大类":"风景名胜","行业中类":"风景名胜","行业小类":"纪念馆","wgs84_loc":"121.454403,31.228986","wgs84Lng":121.454403,"wgs84Lat":31.228986,"__source_file__":"02-POI&AOI/1-POI/其它/23/Excel/分类/上海市-POI-2023.csv-风景名胜.csv"},"geometry":{"type":"Point","coordinates":[121.454403,31.228986]}},{"id":"1419","type":"Feature","properties":{"id":"8e067ad0-0690-3033-8bed-b9469768cc0b","name":"吴旭丹旧居","type":"风景名胜;风景名胜;纪念馆","typecode":"110204","address":"南京西路1173弄3号(南京西路地铁站1号口步行490米)","location":"121.456041,31.227275","tel":"[]","pcode":310000,"pname":"上海市","citycode":21,"cityname":"上海市","adcode":310106,"adname":"静安区","gridcode":4621637601,"distance":1114,"business_area":"淮海路","timestamp":"2023-01-16 20:31:05","biz_ext":"{\"rating\": \"3.3\", \"cost\": [], \"ticket_ordering\": \"0\"}","行业大类":"风景名胜","行业中类":"风景名胜","行业小类":"纪念馆","wgs84_loc":"121.451465,31.229175","wgs84Lng":121.451465,"wgs84Lat":31.229175,"__source_file__":"02-POI&AOI/1-POI/其它/23/Excel/分类/上海市-POI-2023.csv-风景名胜.csv"},"geometry":{"type":"Point","coordinates":[121.451465,31.229175]}},{"id":"887","type":"Feature","properties":{"id":"040835d8-10a8-34ff-a1b2-8caf767f1fcf","name":"刘湛恩旧居","type":"风景名胜;风景名胜;纪念馆","typecode":"110204","address":"南京西路1129弄81号","location":"121.456620,31.227338","tel":"[]","pcode":310000,"pname":"上海市","citycode":21,"cityname":"上海市","adcode":310106,"adname":"静安区","gridcode":4621637601,"distance":1093,"business_area":"淮海路","timestamp":"2023-03-24 15:38:53","biz_ext":"{\"rating\": \"3.1\", \"cost\": [], \"ticket_ordering\": \"0\"}","行业大类":"风景名胜","行业中类":"风景名胜","行业小类":"纪念馆","wgs84_loc":"121.452046,31.229239","wgs84Lng":121.452046,"wgs84Lat":31.229239,"__source_file__":"02-POI&AOI/1-POI/其它/23/Excel/分类/上海市-POI-2023.csv-风景名胜.csv"},"geometry":{"type":"Point","coordinates":[121.452046,31.229239]}},{"id":"881","type":"Feature","properties":{"id":"37d0046e-c6b0-3acf-8671-f3a685e2083f","name":"邓秋枚旧居","type":"风景名胜;风景名胜;纪念馆","typecode":"110204","address":"威海路590弄61支弄2-8号","location":"121.460161,31.227922","tel":"[]","pcode":310000,"pname":"上海市","citycode":21,"cityname":"上海市","adcode":310106,"adname":"静安区","gridcode":4621637612,"distance":999,"business_area":"淮海路","timestamp":"2023-01-16 12:20:13","biz_ext":"{\"rating\": [], \"cost\": [], \"ticket_ordering\": \"0\"}","行业大类":"风景名胜","行业中类":"风景名胜","行业小类":"纪念馆","wgs84_loc":"121.455597,31.229831","wgs84Lng":121.455597,"wgs84Lat":31.229831,"__source_file__":"02-POI&AOI/1-POI/其它/23/Excel/分类/上海市-POI-2023.csv-风景名胜.csv"},"geometry":{"type":"Point","coordinates":[121.455597,31.229831]}},{"id":"883","type":"Feature","properties":{"id":"070e12e3-3408-3a69-b6e4-44c85930f63d","name":"吴眉孙旧居","type":"风景名胜;风景名胜;纪念馆","typecode":"110204","address":"威海路590弄61支弄2-8号","location":"121.460161,31.227922","tel":"[]","pcode":310000,"pname":"上海市","citycode":21,"cityname":"上海市","adcode":310106,"adname":"静安区","gridcode":4621637612,"distance":999,"business_area":"淮海路","timestamp":"2023-05-08 17:28:13","biz_ext":"{\"rating\": \"3.0\", \"cost\": [], \"ticket_ordering\": \"0\"}","行业大类":"风景名胜","行业中类":"风景名胜","行业小类":"纪念馆","wgs84_loc":"121.455597,31.229831","wgs84Lng":121.455597,"wgs84Lat":31.229831,"__source_file__":"02-POI&AOI/1-POI/其它/23/Excel/分类/上海市-POI-2023.csv-风景名胜.csv"},"geometry":{"type":"Point","coordinates":[121.455597,31.229831]}},{"id":"684","type":"Feature","properties":{"id":"3829b431-0c42-3b2e-a4ed-7fea88232d04","name":"张园","type":"风景名胜;风景名胜;风景名胜","typecode":"110200","address":"威海路588号(南京西路地铁站13号口步行50米)","location":"121.460645,31.228484","tel":"021-52386088","pcode":310000,"pname":"上海市","citycode":21,"cityname":"上海市","adcode":310106,"adname":"静安区","gridcode":4621637612,"distance":942,"business_area":"淮海路","timestamp":"2023-05-11 18:25:47","biz_ext":"{\"rating\": \"4.8\", \"cost\": [], \"ticket_ordering\": \"0\"}","行业大类":"风景名胜","行业中类":"风景名胜","行业小类":"风景名胜","wgs84_loc":"121.456082,31.230394","wgs84Lng":121.456082,"wgs84Lat":31.230394,"__source_file__":"02-POI&AOI/1-POI/其它/23/Excel/分类/上海市-POI-2023.csv-风景名胜.csv"},"geometry":{"type":"Point","coordinates":[121.456082,31.230394]}},{"id":"3903","type":"Feature","properties":{"id":"ddbb9f7a-603a-3d38-bf16-4be128563960","name":"上海大学遗址","type":"风景名胜;风景名胜相关;旅游景点","typecode":"110000","address":"陕西北路299弄4-12号","location":"121.453924,31.228649","tel":"[]","pcode":310000,"pname":"上海市","citycode":21,"cityname":"上海市","adcode":310106,"adname":"静安区","gridcode":4621637610,"distance":1051,"business_area":"淮海路","timestamp":"2022-12-30 20:07:39","biz_ext":"{\"rating\": \"3.8\", \"cost\": [], \"ticket_ordering\": \"0\"}","行业大类":"风景名胜","行业中类":"风景名胜相关","行业小类":"旅游景点","wgs84_loc":"121.449343,31.230543","wgs84Lng":121.449343,"wgs84Lat":31.230543,"__source_file__":"02-POI&AOI/1-POI/其它/23/Excel/分类/上海市-POI-2023.csv-风景名胜.csv"},"geometry":{"type":"Point","coordinates":[121.449343,31.230543]}},{"id":"430","type":"Feature","properties":{"id":"a40420f3-017a-33c0-b75c-7058a92a3e2d","name":"宋家老宅","type":"风景名胜;风景名胜;风景名胜","typecode":"110200","address":"陕西北路369号","location":"121.453524,31.229100","tel":"[]","pcode":310000,"pname":"上海市","citycode":21,"cityname":"上海市","adcode":310106,"adname":"静安区","gridcode":4621637610,"distance":1028,"business_area":"曹家渡","timestamp":"2023-05-08 17:17:49","biz_ext":"{\"rating\": \"3.9\", \"cost\": [], \"ticket_ordering\": \"0\"}","行业大类":"风景名胜","行业中类":"风景名胜","行业小类":"风景名胜","wgs84_loc":"121.448942,31.230993","wgs84Lng":121.448942,"wgs84Lat":31.230993,"__source_file__":"02-POI&AOI/1-POI/其它/23/Excel/分类/上海市-POI-2023.csv-风景名胜.csv"},"geometry":{"type":"Point","coordinates":[121.448942,31.230993]}},{"id":"457","type":"Feature","properties":{"id":"9a74dba0-d487-3676-a285-5094289ea235","name":"上海市基督教怀恩堂","type":"风景名胜;风景名胜;教堂","typecode":"110206","address":"陕西北路375号","location":"121.453235,31.229195","tel":"021-62539394","pcode":310000,"pname":"上海市","citycode":21,"cityname":"上海市","adcode":310106,"adname":"静安区","gridcode":4621637610,"distance":1034,"business_area":"淮海路","timestamp":"2023-05-09 13:09:31","biz_ext":"{\"rating\": \"4.5\", \"cost\": [], \"ticket_ordering\": \"0\"}","行业大类":"风景名胜","行业中类":"风景名胜","行业小类":"教堂","wgs84_loc":"121.448652,31.231087","wgs84Lng":121.448652,"wgs84Lat":31.231087,"__source_file__":"02-POI&AOI/1-POI/其它/23/Excel/分类/上海市-POI-2023.csv-风景名胜.csv"},"geometry":{"type":"Point","coordinates":[121.448652,31.231087]}},{"id":"2201","type":"Feature","properties":{"id":"3834ccd6-3225-35f8-a915-9827bc693bfe","name":"富文寿旧居","type":"风景名胜;风景名胜;纪念馆","typecode":"110204","address":"胶州路149弄7号","location":"121.443750,31.226564","tel":"[]","pcode":310000,"pname":"上海市","citycode":21,"cityname":"上海市","adcode":310106,"adname":"静安区","gridcode":4621637501,"distance":916,"business_area":"曹家渡","timestamp":"2023-05-12 16:29:18","biz_ext":"{\"rating\": \"4.0\", \"cost\": [], \"ticket_ordering\": \"0\"}","行业大类":"风景名胜","行业中类":"风景名胜","行业小类":"纪念馆","wgs84_loc":"121.439145,31.228439","wgs84Lng":121.439145,"wgs84Lat":31.228439,"__source_file__":"02-POI&AOI/1-POI/其它/23/Excel/分类/上海市-POI-2023.csv-风景名胜.csv"},"geometry":{"type":"Point","coordinates":[121.439145,31.228439]}},{"id":"4145","type":"Feature","properties":{"id":"453ffdcc-9800-3fda-96d9-80dbcfd4b183","name":"闽南堂旧址","type":"风景名胜;风景名胜相关;旅游景点","typecode":"110000","address":"胶州路上海市华伦小区","location":"121.443284,31.228401","tel":"[]","pcode":310000,"pname":"上海市","citycode":21,"cityname":"上海市","adcode":310106,"adname":"静安区","gridcode":4621637511,"distance":1013,"business_area":"曹家渡","timestamp":"2023-01-16 20:35:36","biz_ext":"{\"rating\": \"3.5\", \"cost\": [], \"ticket_ordering\": \"0\"}","行业大类":"风景名胜","行业中类":"风景名胜相关","行业小类":"旅游景点","wgs84_loc":"121.438677,31.230274","wgs84Lng":121.438677,"wgs84Lat":31.230274,"__source_file__":"02-POI&AOI/1-POI/其它/23/Excel/分类/上海市-POI-2023.csv-风景名胜.csv"},"geometry":{"type":"Point","coordinates":[121.438677,31.230274]}},{"id":"892","type":"Feature","properties":{"id":"487aad03-900e-3d9a-8e89-174ceda44b76","name":"中共中央特科机关旧址","type":"风景名胜;风景名胜;红色景区","typecode":"110210","address":"武定路930弄14号(昌平路地铁站3号口步行490米)","location":"121.443625,31.230796","tel":"[]","pcode":310000,"pname":"上海市","citycode":21,"cityname":"上海市","adcode":310106,"adname":"静安区","gridcode":4621637521,"distance":901,"business_area":"曹家渡","timestamp":"2023-04-03 17:45:03","biz_ext":"{\"rating\": \"4.3\", \"cost\": [], \"ticket_ordering\": \"0\"}","行业大类":"风景名胜","行业中类":"风景名胜","行业小类":"红色景区","wgs84_loc":"121.439019,31.232669","wgs84Lng":121.439019,"wgs84Lat":31.232669,"__source_file__":"02-POI&AOI/1-POI/其它/23/Excel/分类/上海市-POI-2023.csv-风景名胜.csv"},"geometry":{"type":"Point","coordinates":[121.439019,31.232669]}},{"id":"1404","type":"Feature","properties":{"id":"eb4da778-a20f-34b4-ae34-773b888a2bb8","name":"胡朴安旧居","type":"风景名胜;风景名胜;纪念馆","typecode":"110204","address":"康定路947号","location":"121.438957,31.230850","tel":"[]","pcode":310000,"pname":"上海市","citycode":21,"cityname":"上海市","adcode":310106,"adname":"静安区","gridcode":4621637520,"distance":1668,"business_area":"曹家渡","timestamp":"2023-01-16 19:00:53","biz_ext":"{\"rating\": \"3.9\", \"cost\": [], \"ticket_ordering\": \"0\"}","行业大类":"风景名胜","行业中类":"风景名胜","行业小类":"纪念馆","wgs84_loc":"121.434341,31.232715","wgs84Lng":121.434341,"wgs84Lat":31.232715,"__source_file__":"02-POI&AOI/1-POI/其它/23/Excel/分类/上海市-POI-2023.csv-风景名胜.csv"},"geometry":{"type":"Point","coordinates":[121.434341,31.232715]}},{"id":"1405","type":"Feature","properties":{"id":"32bd608f-c28d-3095-91e7-c5aa7d50eb81","name":"周诚浒旧居","type":"风景名胜;风景名胜;纪念馆","typecode":"110204","address":"胶州路410弄3号(昌平路地铁站3号口步行380米)","location":"121.442316,31.231034","tel":"[]","pcode":310000,"pname":"上海市","citycode":21,"cityname":"上海市","adcode":310106,"adname":"静安区","gridcode":4621637521,"distance":802,"business_area":"曹家渡","timestamp":"2023-03-22 05:27:33","biz_ext":"{\"rating\": \"3.8\", \"cost\": [], \"ticket_ordering\": \"0\"}","行业大类":"风景名胜","行业中类":"风景名胜","行业小类":"纪念馆","wgs84_loc":"121.437707,31.232904","wgs84Lng":121.437707,"wgs84Lat":31.232904,"__source_file__":"02-POI&AOI/1-POI/其它/23/Excel/分类/上海市-POI-2023.csv-风景名胜.csv"},"geometry":{"type":"Point","coordinates":[121.437707,31.232904]}},{"id":"1480","type":"Feature","properties":{"id":"89a9439a-c5a8-3a22-9d73-a0dee92f5ae3","name":"龚氏住宅旧址","type":"风景名胜;风景名胜相关;旅游景点","typecode":"110000","address":"胶州路522号(昌平路地铁站5号口步行270米)","location":"121.441622,31.232487","tel":"[]","pcode":310000,"pname":"上海市","citycode":21,"cityname":"上海市","adcode":310106,"adname":"静安区","gridcode":4621637520,"distance":1758,"business_area":"曹家渡","timestamp":"2023-01-16 20:28:18","biz_ext":"{\"rating\": \"3.3\", \"cost\": [], \"ticket_ordering\": \"0\"}","行业大类":"风景名胜","行业中类":"风景名胜相关","行业小类":"旅游景点","wgs84_loc":"121.437012,31.234355","wgs84Lng":121.437012,"wgs84Lat":31.234355,"__source_file__":"02-POI&AOI/1-POI/其它/23/Excel/分类/上海市-POI-2023.csv-风景名胜.csv"},"geometry":{"type":"Point","coordinates":[121.437012,31.234355]}},{"id":"173","type":"Feature","properties":{"id":"65281603-bbdb-3032-84b8-698c06c74f22","name":"上海佛教居士林","type":"风景名胜;风景名胜;寺庙道观","typecode":"110205","address":"常德路418号","location":"121.447061,31.228105","tel":"021-62794445;021-62179900","pcode":310000,"pname":"上海市","citycode":21,"cityname":"上海市","adcode":310106,"adname":"静安区","gridcode":4621637512,"distance":1523,"business_area":"曹家渡","timestamp":"2023-05-13 03:35:11","biz_ext":"{\"rating\": \"4.6\", \"cost\": [], \"ticket_ordering\": \"0\"}","行业大类":"风景名胜","行业中类":"风景名胜","行业小类":"寺庙道观","wgs84_loc":"121.442463,31.229985","wgs84Lng":121.442463,"wgs84Lat":31.229985,"__source_file__":"02-POI&AOI/1-POI/其它/23/Excel/分类/上海市-POI-2023.csv-风景名胜.csv"},"geometry":{"type":"Point","coordinates":[121.442463,31.229985]}},{"id":"910","type":"Feature","properties":{"id":"431693e9-8810-31ef-a688-3e03cd395c78","name":"贝公馆旧址","type":"风景名胜;风景名胜相关;旅游景点","typecode":"110000","address":"南阳路170号","location":"121.450470,31.228332","tel":"[]","pcode":310000,"pname":"上海市","citycode":21,"cityname":"上海市","adcode":310106,"adname":"静安区","gridcode":4621637610,"distance":911,"business_area":"曹家渡","timestamp":"2023-04-21 15:01:28","biz_ext":"{\"rating\": \"3.7\", \"cost\": [], \"ticket_ordering\": \"0\"}","行业大类":"风景名胜","行业中类":"风景名胜相关","行业小类":"旅游景点","wgs84_loc":"121.44588,31.230219","wgs84Lng":121.44588,"wgs84Lat":31.230219,"__source_file__":"02-POI&AOI/1-POI/其它/23/Excel/分类/上海市-POI-2023.csv-风景名胜.csv"},"geometry":{"type":"Point","coordinates":[121.44588,31.230219]}},{"id":"3094","type":"Feature","properties":{"id":"af3dfde6-e61f-371e-92e2-59d338f2893a","name":"军史陈列馆","type":"风景名胜;风景名胜;纪念馆|科教文化服务;展览馆;展览馆","typecode":"110204|140200","address":"常德路与新闸路交叉口南100米","location":"121.446240,31.228563","tel":"[]","pcode":310000,"pname":"上海市","citycode":21,"cityname":"上海市","adcode":310106,"adname":"静安区","gridcode":4621637512,"distance":1283,"business_area":"曹家渡","timestamp":"2023-01-16 20:37:03","biz_ext":"{\"rating\": \"4.3\", \"cost\": [], \"ticket_ordering\": \"0\"}","行业大类":"风景名胜","行业中类":"风景名胜","行业小类":"纪念馆|科教文化服务","wgs84_loc":"121.44164,31.230442","wgs84Lng":121.44164,"wgs84Lat":31.230442,"__source_file__":"02-POI&AOI/1-POI/其它/23/Excel/分类/上海市-POI-2023.csv-风景名胜.csv"},"geometry":{"type":"Point","coordinates":[121.44164,31.230442]}},{"id":"1568","type":"Feature","properties":{"id":"71dd94d1-641f-3e92-879d-808a06b73192","name":"雷士德医学院旧址","type":"风景名胜;风景名胜相关;旅游景点","typecode":"110000","address":"北京西路1320号","location":"121.450118,31.228611","tel":"[]","pcode":310000,"pname":"上海市","citycode":21,"cityname":"上海市","adcode":310106,"adname":"静安区","gridcode":4621637610,"distance":931,"business_area":"曹家渡","timestamp":"2023-01-16 13:02:54","biz_ext":"{\"rating\": \"3.9\", \"cost\": [], \"ticket_ordering\": \"0\"}","行业大类":"风景名胜","行业中类":"风景名胜相关","行业小类":"旅游景点","wgs84_loc":"121.445527,31.230497","wgs84Lng":121.445527,"wgs84Lat":31.230497,"__source_file__":"02-POI&AOI/1-POI/其它/23/Excel/分类/上海市-POI-2023.csv-风景名胜.csv"},"geometry":{"type":"Point","coordinates":[121.445527,31.230497]}},{"id":"3242","type":"Feature","properties":{"id":"d1592362-8a02-3a4c-bc91-1e0b40af9869","name":"觉园","type":"风景名胜;风景名胜相关;旅游景点","typecode":"110000","address":"北京西路1400弄","location":"121.448422,31.228623","tel":"[]","pcode":310000,"pname":"上海市","citycode":21,"cityname":"上海市","adcode":310106,"adname":"静安区","gridcode":4621637512,"distance":1083,"business_area":"曹家渡","timestamp":"2023-04-21 20:13:25","biz_ext":"{\"rating\": \"3.6\", \"cost\": [], \"ticket_ordering\": \"0\"}","行业大类":"风景名胜","行业中类":"风景名胜相关","行业小类":"旅游景点","wgs84_loc":"121.443827,31.230506","wgs84Lng":121.443827,"wgs84Lat":31.230506,"__source_file__":"02-POI&AOI/1-POI/其它/23/Excel/分类/上海市-POI-2023.csv-风景名胜.csv"},"geometry":{"type":"Point","coordinates":[121.443827,31.230506]}},{"id":"895","type":"Feature","properties":{"id":"f47d13c5-d4f5-32cc-81bd-8f23ec598bba","name":"海关图书馆旧址","type":"风景名胜;风景名胜;纪念馆","typecode":"110204","address":"新闸路1708号","location":"121.444880,31.228814","tel":"[]","pcode":310000,"pname":"上海市","citycode":21,"cityname":"上海市","adcode":310106,"adname":"静安区","gridcode":4621637511,"distance":993,"business_area":"曹家渡","timestamp":"2023-01-16 20:35:01","biz_ext":"{\"rating\": \"3.7\", \"cost\": [], \"ticket_ordering\": \"0\"}","行业大类":"风景名胜","行业中类":"风景名胜","行业小类":"纪念馆","wgs84_loc":"121.440277,31.23069","wgs84Lng":121.440277,"wgs84Lat":31.23069,"__source_file__":"02-POI&AOI/1-POI/其它/23/Excel/分类/上海市-POI-2023.csv-风景名胜.csv"},"geometry":{"type":"Point","coordinates":[121.440277,31.23069]}},{"id":"6300","type":"Feature","properties":{"id":"1278a694-e48e-3d36-9d2c-c9b4dcdb83a6","name":"乌达克老洋房","type":"风景名胜;风景名胜;风景名胜","typecode":"110200","address":"常德路545弄39号","location":"121.445611,31.230037","tel":"15300427947","pcode":310000,"pname":"上海市","citycode":21,"cityname":"上海市","adcode":310106,"adname":"静安区","gridcode":4621637511,"distance":1513,"business_area":"曹家渡","timestamp":"2022-11-21 16:21:31","biz_ext":"{\"rating\": \"4.3\", \"cost\": [], \"ticket_ordering\": \"0\"}","行业大类":"风景名胜","行业中类":"风景名胜","行业小类":"风景名胜","wgs84_loc":"121.441009,31.231914","wgs84Lng":121.441009,"wgs84Lat":31.231914,"__source_file__":"02-POI&AOI/1-POI/其它/23/Excel/分类/上海市-POI-2023.csv-风景名胜.csv"},"geometry":{"type":"Point","coordinates":[121.441009,31.231914]}},{"id":"499","type":"Feature","properties":{"id":"51141751-49ae-319e-83b8-42461c26ba22","name":"西康公园","type":"风景名胜;公园广场;公园","typecode":"110101","address":"西康路255-1号","location":"121.449832,31.230134","tel":"[]","pcode":310000,"pname":"上海市","citycode":21,"cityname":"上海市","adcode":310106,"adname":"静安区","gridcode":4621637512,"distance":1176,"business_area":"曹家渡","timestamp":"2023-05-08 17:10:52","biz_ext":"{\"rating\": \"4.3\", \"cost\": [], \"ticket_ordering\": \"0\"}","行业大类":"风景名胜","行业中类":"公园广场","行业小类":"公园","wgs84_loc":"121.44524,31.232019","wgs84Lng":121.44524,"wgs84Lat":31.232019,"__source_file__":"02-POI&AOI/1-POI/其它/23/Excel/分类/上海市-POI-2023.csv-风景名胜.csv"},"geometry":{"type":"Point","coordinates":[121.44524,31.232019]}},{"id":"901","type":"Feature","properties":{"id":"f3f40061-cff7-3698-a886-e0ea921ef32b","name":"聂耳旧居(常德路)","type":"风景名胜;风景名胜;红色景区","typecode":"110210","address":"常德路633弄65号(昌平路地铁站2号口步行250米)","location":"121.444294,31.231241","tel":"[]","pcode":310000,"pname":"上海市","citycode":21,"cityname":"上海市","adcode":310106,"adname":"静安区","gridcode":4621637521,"distance":1564,"business_area":"曹家渡","timestamp":"2023-04-23 14:22:16","biz_ext":"{\"rating\": \"3.8\", \"cost\": \"10.00\", \"ticket_ordering\": \"0\"}","行业大类":"风景名胜","行业中类":"风景名胜","行业小类":"红色景区","wgs84_loc":"121.439689,31.233115","wgs84Lng":121.439689,"wgs84Lat":31.233115,"__source_file__":"02-POI&AOI/1-POI/其它/23/Excel/分类/上海市-POI-2023.csv-风景名胜.csv"},"geometry":{"type":"Point","coordinates":[121.439689,31.233115]}},{"id":"890","type":"Feature","properties":{"id":"88b10897-d7b3-3dba-aa4d-9f7e64da681c","name":"刘晦之情系藏书楼","type":"风景名胜;风景名胜;风景名胜","typecode":"110200","address":"新闸路1321号","location":"121.451452,31.231483","tel":"[]","pcode":310000,"pname":"上海市","citycode":21,"cityname":"上海市","adcode":310106,"adname":"静安区","gridcode":4621637620,"distance":962,"business_area":"曹家渡","timestamp":"2023-05-12 10:57:36","biz_ext":"{\"rating\": \"3.1\", \"cost\": [], \"ticket_ordering\": \"0\"}","行业大类":"风景名胜","行业中类":"风景名胜","行业小类":"风景名胜","wgs84_loc":"121.446864,31.233371","wgs84Lng":121.446864,"wgs84Lat":31.233371,"__source_file__":"02-POI&AOI/1-POI/其它/23/Excel/分类/上海市-POI-2023.csv-风景名胜.csv"},"geometry":{"type":"Point","coordinates":[121.446864,31.233371]}},{"id":"878","type":"Feature","properties":{"id":"3510591d-9e8b-3bbd-a3b9-3eada4df949b","name":"小校经阁旧址","type":"风景名胜;风景名胜相关;旅游景点","typecode":"110000","address":"新闸路1321号","location":"121.451321,31.231830","tel":"[]","pcode":310000,"pname":"上海市","citycode":21,"cityname":"上海市","adcode":310106,"adname":"静安区","gridcode":4621637620,"distance":948,"business_area":"曹家渡","timestamp":"2023-04-19 23:56:01","biz_ext":"{\"rating\": \"4.1\", \"cost\": [], \"ticket_ordering\": \"0\"}","行业大类":"风景名胜","行业中类":"风景名胜相关","行业小类":"旅游景点","wgs84_loc":"121.446733,31.233717","wgs84Lng":121.446733,"wgs84Lat":31.233717,"__source_file__":"02-POI&AOI/1-POI/其它/23/Excel/分类/上海市-POI-2023.csv-风景名胜.csv"},"geometry":{"type":"Point","coordinates":[121.446733,31.233717]}},{"id":"4102","type":"Feature","properties":{"id":"4d8d1d55-898b-35da-a15d-772b66fd820c","name":"唐十三宫(装修中)","type":"风景名胜;风景名胜相关;旅游景点","typecode":"110000","address":"武定路595号华庆商务楼一号楼202室","location":"121.449338,31.232796","tel":"[]","pcode":310000,"pname":"上海市","citycode":21,"cityname":"上海市","adcode":310106,"adname":"静安区","gridcode":4621637522,"distance":1055,"business_area":"曹家渡","timestamp":"2023-05-03 12:48:17","biz_ext":"{\"rating\": \"2.8\", \"cost\": [], \"ticket_ordering\": \"0\"}","行业大类":"风景名胜","行业中类":"风景名胜相关","行业小类":"旅游景点","wgs84_loc":"121.444745,31.234679","wgs84Lng":121.444745,"wgs84Lat":31.234679,"__source_file__":"02-POI&AOI/1-POI/其它/23/Excel/分类/上海市-POI-2023.csv-风景名胜.csv"},"geometry":{"type":"Point","coordinates":[121.444745,31.234679]}},{"id":"5145","type":"Feature","properties":{"id":"24d4974d-0750-346a-af07-8079b4b8dfed","name":"恒龙广场","type":"风景名胜;公园广场;城市广场","typecode":"110105","address":"江宁路街道江宁路495号博鸿大厦","location":"121.451560,31.235132","tel":"[]","pcode":310000,"pname":"上海市","citycode":21,"cityname":"上海市","adcode":310106,"adname":"静安区","gridcode":4621638600,"distance":1268,"business_area":"曹家渡","timestamp":"2023-03-23 00:36:01","biz_ext":"{\"rating\": \"3.8\", \"cost\": [], \"ticket_ordering\": \"0\"}","行业大类":"风景名胜","行业中类":"公园广场","行业小类":"城市广场","wgs84_loc":"121.446972,31.237018","wgs84Lng":121.446972,"wgs84Lat":31.237018,"__source_file__":"02-POI&AOI/1-POI/其它/23/Excel/分类/上海市-POI-2023.csv-风景名胜.csv"},"geometry":{"type":"Point","coordinates":[121.446972,31.237018]}},{"id":"4916","type":"Feature","properties":{"id":"9dccba2e-87a5-3fe1-b408-f560772a9a0b","name":"戈登路巡捕房旧址","type":"风景名胜;风景名胜相关;旅游景点","typecode":"110000","address":"江宁路511号","location":"121.450834,31.235584","tel":"[]","pcode":310000,"pname":"上海市","citycode":21,"cityname":"上海市","adcode":310106,"adname":"静安区","gridcode":4621638600,"distance":935,"business_area":"曹家渡","timestamp":"2022-12-30 18:39:12","biz_ext":"{\"rating\": \"3.7\", \"cost\": [], \"ticket_ordering\": \"0\"}","行业大类":"风景名胜","行业中类":"风景名胜相关","行业小类":"旅游景点","wgs84_loc":"121.446244,31.237468","wgs84Lng":121.446244,"wgs84Lat":31.237468,"__source_file__":"02-POI&AOI/1-POI/其它/23/Excel/分类/上海市-POI-2023.csv-风景名胜.csv"},"geometry":{"type":"Point","coordinates":[121.446244,31.237468]}},{"id":"1798","type":"Feature","properties":{"id":"f7fd2aef-f8a8-33b6-86ae-6faa8fd460a8","name":"上海益民食品厂旧址","type":"风景名胜;风景名胜相关;旅游景点","typecode":"110000","address":"余姚路16号","location":"121.444065,31.236276","tel":"[]","pcode":310000,"pname":"上海市","citycode":21,"cityname":"上海市","adcode":310106,"adname":"静安区","gridcode":4621638511,"distance":1438,"business_area":"曹家渡","timestamp":"2023-01-16 22:52:23","biz_ext":"{\"rating\": \"3.7\", \"cost\": [], \"ticket_ordering\": \"0\"}","行业大类":"风景名胜","行业中类":"风景名胜相关","行业小类":"旅游景点","wgs84_loc":"121.439459,31.238147","wgs84Lng":121.439459,"wgs84Lat":31.238147,"__source_file__":"02-POI&AOI/1-POI/其它/23/Excel/分类/上海市-POI-2023.csv-风景名胜.csv"},"geometry":{"type":"Point","coordinates":[121.439459,31.238147]}},{"id":"1790","type":"Feature","properties":{"id":"9731773b-c190-3184-93dc-a45a3509859d","name":"马宝山饼干厂旧址","type":"风景名胜;风景名胜相关;旅游景点","typecode":"110000","address":"余姚路16号","location":"121.444119,31.236314","tel":"[]","pcode":310000,"pname":"上海市","citycode":21,"cityname":"上海市","adcode":310106,"adname":"静安区","gridcode":4621638511,"distance":1436,"business_area":"曹家渡","timestamp":"2023-03-09 09:03:57","biz_ext":"{\"rating\": \"2.8\", \"cost\": [], \"ticket_ordering\": \"0\"}","行业大类":"风景名胜","行业中类":"风景名胜相关","行业小类":"旅游景点","wgs84_loc":"121.439514,31.238185","wgs84Lng":121.439514,"wgs84Lat":31.238185,"__source_file__":"02-POI&AOI/1-POI/其它/23/Excel/分类/上海市-POI-2023.csv-风景名胜.csv"},"geometry":{"type":"Point","coordinates":[121.439514,31.238185]}},{"id":"5005","type":"Feature","properties":{"id":"bc388e64-93ec-3ebd-a0b4-4cd8e1f59bb3","name":"中共中央秘书处机关旧址(江宁路)","type":"风景名胜;风景名胜;红色景区","typecode":"110210","address":"江宁路673弄10号","location":"121.449229,31.237540","tel":"[]","pcode":310000,"pname":"上海市","citycode":21,"cityname":"上海市","adcode":310106,"adname":"静安区","gridcode":4621638512,"distance":1610,"business_area":"曹家渡","timestamp":"2023-05-13 04:19:34","biz_ext":"{\"rating\": \"4.1\", \"cost\": [], \"ticket_ordering\": \"0\"}","行业大类":"风景名胜","行业中类":"风景名胜","行业小类":"红色景区","wgs84_loc":"121.444635,31.23942","wgs84Lng":121.444635,"wgs84Lat":31.23942,"__source_file__":"02-POI&AOI/1-POI/其它/23/Excel/分类/上海市-POI-2023.csv-风景名胜.csv"},"geometry":{"type":"Point","coordinates":[121.444635,31.23942]}},{"id":"2958","type":"Feature","properties":{"id":"12d7b55e-a03f-30ed-9a56-014d7567b2ab","name":"玉佛禅寺-解脱","type":"风景名胜;风景名胜;寺庙道观","typecode":"110205","address":"安远路170号玉佛禅寺(江宁路地铁站4号口步行490米)","location":"121.445234,31.241137","tel":"021-62663668","pcode":310000,"pname":"上海市","citycode":21,"cityname":"上海市","adcode":310107,"adname":"普陀区","gridcode":4621638521,"distance":1125,"business_area":"曹家渡","timestamp":"2023-01-28 11:55:50","biz_ext":"{\"rating\": [], \"cost\": [], \"ticket_ordering\": \"0\"}","行业大类":"风景名胜","行业中类":"风景名胜","行业小类":"寺庙道观","wgs84_loc":"121.440631,31.243008","wgs84Lng":121.440631,"wgs84Lat":31.243008,"__source_file__":"02-POI&AOI/1-POI/其它/23/Excel/分类/上海市-POI-2023.csv-风景名胜.csv"},"geometry":{"type":"Point","coordinates":[121.440631,31.243008]}},{"id":"3791","type":"Feature","properties":{"id":"f9ea00fd-c14b-3be7-bcec-0bd918e76a7b","name":"玉佛禅寺-指月阁","type":"风景名胜;风景名胜;寺庙道观","typecode":"110205","address":"江宁路1017号玉佛禅寺(江宁路地铁站3号口步行450米)","location":"121.445664,31.241432","tel":"021-62663668","pcode":310000,"pname":"上海市","citycode":21,"cityname":"上海市","adcode":310107,"adname":"普陀区","gridcode":4621638521,"distance":1368,"business_area":"曹家渡","timestamp":"2023-01-28 11:56:03","biz_ext":"{\"rating\": \"4.1\", \"cost\": [], \"ticket_ordering\": \"0\"}","行业大类":"风景名胜","行业中类":"风景名胜","行业小类":"寺庙道观","wgs84_loc":"121.441062,31.243304","wgs84Lng":121.441062,"wgs84Lat":31.243304,"__source_file__":"02-POI&AOI/1-POI/其它/23/Excel/分类/上海市-POI-2023.csv-风景名胜.csv"},"geometry":{"type":"Point","coordinates":[121.441062,31.243304]}},{"id":"714","type":"Feature","properties":{"id":"49fd3954-74c4-3271-97a9-99857b4b9029","name":"玉佛禅寺","type":"风景名胜;风景名胜;寺庙道观","typecode":"110205","address":"安远路170号","location":"121.445125,31.241445","tel":"021-62663668","pcode":310000,"pname":"上海市","citycode":21,"cityname":"上海市","adcode":310107,"adname":"普陀区","gridcode":4621638521,"distance":1026,"business_area":"曹家渡","timestamp":"2023-05-15 17:26:22","biz_ext":"{\"rating\": \"4.9\", \"cost\": \"20.00\", \"ticket_ordering\": \"0\"}","行业大类":"风景名胜","行业中类":"风景名胜","行业小类":"寺庙道观","wgs84_loc":"121.440521,31.243316","wgs84Lng":121.440521,"wgs84Lat":31.243316,"__source_file__":"02-POI&AOI/1-POI/其它/23/Excel/分类/上海市-POI-2023.csv-风景名胜.csv"},"geometry":{"type":"Point","coordinates":[121.440521,31.243316]}},{"id":"1453","type":"Feature","properties":{"id":"08663e5d-965b-3007-8cbe-3d192b8eb361","name":"上海市政委员会电力部住宅旧址","type":"风景名胜;风景名胜相关;旅游景点","typecode":"110000","address":"胶州路561号","location":"121.441029,31.232995","tel":"[]","pcode":310000,"pname":"上海市","citycode":21,"cityname":"上海市","adcode":310106,"adname":"静安区","gridcode":4621637520,"distance":1691,"business_area":"曹家渡","timestamp":"2023-03-09 11:52:07","biz_ext":"{\"rating\": \"3.3\", \"cost\": [], \"ticket_ordering\": \"0\"}","行业大类":"风景名胜","行业中类":"风景名胜相关","行业小类":"旅游景点","wgs84_loc":"121.436417,31.234862","wgs84Lng":121.436417,"wgs84Lat":31.234862,"__source_file__":"02-POI&AOI/1-POI/其它/23/Excel/分类/上海市-POI-2023.csv-风景名胜.csv"},"geometry":{"type":"Point","coordinates":[121.436417,31.234862]}},{"id":"3360","type":"Feature","properties":{"id":"df97864f-cc8f-3766-b052-effc68f21022","name":"静安学习广场","type":"风景名胜;公园广场;城市广场","typecode":"110105","address":"胶州路601-2号附近(昌平路地铁站5号口步行160米)","location":"121.440797,31.233412","tel":"[]","pcode":310000,"pname":"上海市","citycode":21,"cityname":"上海市","adcode":310106,"adname":"静安区","gridcode":4621638500,"distance":1641,"business_area":"曹家渡","timestamp":"2022-12-30 22:00:26","biz_ext":"{\"rating\": \"3.3\", \"cost\": [], \"ticket_ordering\": \"0\"}","行业大类":"风景名胜","行业中类":"公园广场","行业小类":"城市广场","wgs84_loc":"121.436185,31.235279","wgs84Lng":121.436185,"wgs84Lat":31.235279,"__source_file__":"02-POI&AOI/1-POI/其它/23/Excel/分类/上海市-POI-2023.csv-风景名胜.csv"},"geometry":{"type":"Point","coordinates":[121.436185,31.235279]}},{"id":"6260","type":"Feature","properties":{"id":"ec00dc15-dfae-31f8-a49c-05085aba1789","name":"新会花园","type":"风景名胜;公园广场;公园","typecode":"110101","address":"新会路延平路西北角(长寿路地铁站5号口步行460米)","location":"121.436015,31.236734","tel":"[]","pcode":310000,"pname":"上海市","citycode":21,"cityname":"上海市","adcode":310107,"adname":"普陀区","gridcode":4621638412,"distance":1245,"business_area":"曹家渡","timestamp":"2022-09-05 02:00:29","biz_ext":"{\"rating\": \"4.1\", \"cost\": [], \"ticket_ordering\": \"0\"}","行业大类":"风景名胜","行业中类":"公园广场","行业小类":"公园","wgs84_loc":"121.431394,31.238591","wgs84Lng":121.431394,"wgs84Lat":31.238591,"__source_file__":"02-POI&AOI/1-POI/其它/23/Excel/分类/上海市-POI-2023.csv-风景名胜.csv"},"geometry":{"type":"Point","coordinates":[121.431394,31.238591]}},{"id":"6385","type":"Feature","properties":{"id":"e86610ea-6850-30bd-a12f-cf4c1f70ef95","name":"音花园","type":"风景名胜;公园广场;公园","typecode":"110101","address":"胶州路安远路路口(长寿路地铁站5号口步行410米)","location":"121.438332,31.237016","tel":"[]","pcode":310000,"pname":"上海市","citycode":21,"cityname":"上海市","adcode":310106,"adname":"静安区","gridcode":4621638510,"distance":1211,"business_area":"曹家渡","timestamp":"2022-08-07 08:45:36","biz_ext":"{\"rating\": \"3.6\", \"cost\": [], \"ticket_ordering\": \"0\"}","行业大类":"风景名胜","行业中类":"公园广场","行业小类":"公园","wgs84_loc":"121.433715,31.238877","wgs84Lng":121.433715,"wgs84Lat":31.238877,"__source_file__":"02-POI&AOI/1-POI/其它/23/Excel/分类/上海市-POI-2023.csv-风景名胜.csv"},"geometry":{"type":"Point","coordinates":[121.433715,31.238877]}},{"id":"2439","type":"Feature","properties":{"id":"c344d0fb-688c-35e2-8f65-fe4c881564f1","name":"宝成桥","type":"风景名胜;风景名胜;风景名胜","typecode":"110200","address":"规划二路与胶州路交叉口南240米","location":"121.430104,31.238325","tel":"[]","pcode":310000,"pname":"上海市","citycode":21,"cityname":"上海市","adcode":310107,"adname":"普陀区","gridcode":4621638411,"distance":1267,"business_area":"曹家渡","timestamp":"2023-03-07 10:31:51","biz_ext":"{\"rating\": \"4.3\", \"cost\": [], \"ticket_ordering\": \"0\"}","行业大类":"风景名胜","行业中类":"风景名胜","行业小类":"风景名胜","wgs84_loc":"121.425473,31.240174","wgs84Lng":121.425473,"wgs84Lat":31.240174,"__source_file__":"02-POI&AOI/1-POI/其它/23/Excel/分类/上海市-POI-2023.csv-风景名胜.csv"},"geometry":{"type":"Point","coordinates":[121.425473,31.240174]}},{"id":"1820","type":"Feature","properties":{"id":"a08478fa-8ce8-3f8b-a752-e8084347bc5f","name":"日商内外棉株式会社第十三十四工场的仓库旧址","type":"风景名胜;风景名胜相关;旅游景点","typecode":"110000","address":"长寿路652号","location":"121.431969,31.238446","tel":"[]","pcode":310000,"pname":"上海市","citycode":21,"cityname":"上海市","adcode":310107,"adname":"普陀区","gridcode":4621638411,"distance":1168,"business_area":"曹家渡","timestamp":"2023-01-16 13:00:52","biz_ext":"{\"rating\": \"3.1\", \"cost\": [], \"ticket_ordering\": \"0\"}","行业大类":"风景名胜","行业中类":"风景名胜相关","行业小类":"旅游景点","wgs84_loc":"121.427341,31.240297","wgs84Lng":121.427341,"wgs84Lat":31.240297,"__source_file__":"02-POI&AOI/1-POI/其它/23/Excel/分类/上海市-POI-2023.csv-风景名胜.csv"},"geometry":{"type":"Point","coordinates":[121.427341,31.240297]}},{"id":"2928","type":"Feature","properties":{"id":"a17ac59c-49fc-315c-b101-492d0fc22f17","name":"石库门房子","type":"风景名胜;风景名胜相关;旅游景点","typecode":"110000","address":"安远路294弄1-4号","location":"121.442209,31.239355","tel":"[]","pcode":310000,"pname":"上海市","citycode":21,"cityname":"上海市","adcode":310107,"adname":"普陀区","gridcode":4621638521,"distance":1052,"business_area":"曹家渡","timestamp":"2023-04-24 14:11:42","biz_ext":"{\"rating\": \"4.3\", \"cost\": [], \"ticket_ordering\": \"0\"}","行业大类":"风景名胜","行业中类":"风景名胜相关","行业小类":"旅游景点","wgs84_loc":"121.437599,31.241221","wgs84Lng":121.437599,"wgs84Lat":31.241221,"__source_file__":"02-POI&AOI/1-POI/其它/23/Excel/分类/上海市-POI-2023.csv-风景名胜.csv"},"geometry":{"type":"Point","coordinates":[121.437599,31.241221]}},{"id":"1438","type":"Feature","properties":{"id":"bfa6208b-8632-320a-8619-9e007841ded6","name":"沪西工友俱乐部遗址","type":"风景名胜;风景名胜相关;旅游景点","typecode":"110000","address":"西康路972弄1号(长寿路地铁站出入口步行470米)","location":"121.442644,31.239958","tel":"[]","pcode":310000,"pname":"上海市","citycode":21,"cityname":"上海市","adcode":310107,"adname":"普陀区","gridcode":4621638521,"distance":1012,"business_area":"曹家渡","timestamp":"2023-04-13 11:46:13","biz_ext":"{\"rating\": \"3.8\", \"cost\": [], \"ticket_ordering\": \"0\"}","行业大类":"风景名胜","行业中类":"风景名胜相关","行业小类":"旅游景点","wgs84_loc":"121.438035,31.241825","wgs84Lng":121.438035,"wgs84Lat":31.241825,"__source_file__":"02-POI&AOI/1-POI/其它/23/Excel/分类/上海市-POI-2023.csv-风景名胜.csv"},"geometry":{"type":"Point","coordinates":[121.438035,31.241825]}},{"id":"4850","type":"Feature","properties":{"id":"424de889-84c7-33f3-ac23-c6eee958d559","name":"普陀长寿长鸿","type":"风景名胜;风景名胜相关;旅游景点","typecode":"110000","address":"新会路恒达广场(长寿路地铁站出入口步行170米)","location":"121.439910,31.240220","tel":"[]","pcode":310000,"pname":"上海市","citycode":21,"cityname":"上海市","adcode":310107,"adname":"普陀区","gridcode":4621638520,"distance":884,"business_area":"曹家渡","timestamp":"2023-05-11 08:08:22","biz_ext":"{\"rating\": \"3.0\", \"cost\": [], \"ticket_ordering\": \"0\"}","行业大类":"风景名胜","行业中类":"风景名胜相关","行业小类":"旅游景点","wgs84_loc":"121.435296,31.242082","wgs84Lng":121.435296,"wgs84Lat":31.242082,"__source_file__":"02-POI&AOI/1-POI/其它/23/Excel/分类/上海市-POI-2023.csv-风景名胜.csv"},"geometry":{"type":"Point","coordinates":[121.435296,31.242082]}},{"id":"3946","type":"Feature","properties":{"id":"aa7fe942-8d85-325e-b556-16762df8b16d","name":"天官赐福陆地仙人","type":"风景名胜;风景名胜相关;旅游景点","typecode":"110000","address":"陕西北路与安远路交叉口西北80米","location":"121.443861,31.241100","tel":"[]","pcode":310000,"pname":"上海市","citycode":21,"cityname":"上海市","adcode":310107,"adname":"普陀区","gridcode":4621638521,"distance":973,"business_area":"曹家渡","timestamp":"2022-11-22 21:54:06","biz_ext":"{\"rating\": \"3.4\", \"cost\": [], \"ticket_ordering\": \"0\"}","行业大类":"风景名胜","行业中类":"风景名胜相关","行业小类":"旅游景点","wgs84_loc":"121.439255,31.242968","wgs84Lng":121.439255,"wgs84Lat":31.242968,"__source_file__":"02-POI&AOI/1-POI/其它/23/Excel/分类/上海市-POI-2023.csv-风景名胜.csv"},"geometry":{"type":"Point","coordinates":[121.439255,31.242968]}},{"id":"2609","type":"Feature","properties":{"id":"b180afc1-a5d8-34b2-a0e5-767b73e3af4e","name":"大王庙","type":"风景名胜;风景名胜;寺庙道观","typecode":"110205","address":"大田路500-6号(自然博物馆地铁站3号口步行180米)","location":"121.461502,31.238506","tel":"[]","pcode":310000,"pname":"上海市","citycode":21,"cityname":"上海市","adcode":310106,"adname":"静安区","gridcode":4621638612,"distance":944,"business_area":"[]","timestamp":"2023-03-25 11:41:35","biz_ext":"{\"rating\": \"3.8\", \"cost\": [], \"ticket_ordering\": \"0\"}","行业大类":"风景名胜","行业中类":"风景名胜","行业小类":"寺庙道观","wgs84_loc":"121.456941,31.240413","wgs84Lng":121.456941,"wgs84Lat":31.240413,"__source_file__":"02-POI&AOI/1-POI/其它/23/Excel/分类/上海市-POI-2023.csv-风景名胜.csv"},"geometry":{"type":"Point","coordinates":[121.456941,31.240413]}},{"id":"6540","type":"Feature","properties":{"id":"1187aa07-a8ac-3b76-bcab-0a75312673c0","name":"知秋园","type":"风景名胜;公园广场;公园","typecode":"110101","address":"光复路与梅园路交叉口西北角","location":"121.460633,31.240857","tel":"[]","pcode":310000,"pname":"上海市","citycode":21,"cityname":"上海市","adcode":310106,"adname":"静安区","gridcode":4621638622,"distance":938,"business_area":"[]","timestamp":"2023-01-07 16:24:04","biz_ext":"{\"rating\": \"4.0\", \"cost\": [], \"ticket_ordering\": \"0\"}","行业大类":"风景名胜","行业中类":"公园广场","行业小类":"公园","wgs84_loc":"121.456069,31.242761","wgs84Lng":121.456069,"wgs84Lat":31.242761,"__source_file__":"02-POI&AOI/1-POI/其它/23/Excel/分类/上海市-POI-2023.csv-风景名胜.csv"},"geometry":{"type":"Point","coordinates":[121.456069,31.242761]}},{"id":"896","type":"Feature","properties":{"id":"ce6be90d-3d94-3b8d-833f-a8382094121f","name":"河神","type":"风景名胜;风景名胜;风景名胜","typecode":"110200","address":"西苏州路与海防路交叉口东20米","location":"121.452881,31.240983","tel":"[]","pcode":310000,"pname":"上海市","citycode":21,"cityname":"上海市","adcode":310106,"adname":"静安区","gridcode":4621638620,"distance":1662,"business_area":"[]","timestamp":"2022-07-20 10:44:15","biz_ext":"{\"rating\": \"4.1\", \"cost\": [], \"ticket_ordering\": \"0\"}","行业大类":"风景名胜","行业中类":"风景名胜","行业小类":"风景名胜","wgs84_loc":"121.448296,31.242869","wgs84Lng":121.448296,"wgs84Lat":31.242869,"__source_file__":"02-POI&AOI/1-POI/其它/23/Excel/分类/上海市-POI-2023.csv-风景名胜.csv"},"geometry":{"type":"Point","coordinates":[121.448296,31.242869]}},{"id":"6251","type":"Feature","properties":{"id":"fca1c8b2-f958-3c83-a5a9-a6ccbbb8af61","name":"法治文化广场","type":"风景名胜;公园广场;城市广场","typecode":"110105","address":"恒丰路299号(汉中路地铁站1号口步行110米)","location":"121.457125,31.242216","tel":"[]","pcode":310000,"pname":"上海市","citycode":21,"cityname":"上海市","adcode":310106,"adname":"静安区","gridcode":4621639601,"distance":1879,"business_area":"[]","timestamp":"2023-04-20 21:24:09","biz_ext":"{\"rating\": \"3.7\", \"cost\": [], \"ticket_ordering\": \"0\"}","行业大类":"风景名胜","行业中类":"公园广场","行业小类":"城市广场","wgs84_loc":"121.452551,31.244111","wgs84Lng":121.452551,"wgs84Lat":31.244111,"__source_file__":"02-POI&AOI/1-POI/其它/23/Excel/分类/上海市-POI-2023.csv-风景名胜.csv"},"geometry":{"type":"Point","coordinates":[121.452551,31.244111]}},{"id":"2719","type":"Feature","properties":{"id":"7a784fe1-bd7a-3aa0-aa6f-5c63dbf27757","name":"上海青年国际交流广场","type":"风景名胜;公园广场;城市广场","typecode":"110105","address":"汉中路188号上海市青少年活动中心","location":"121.457380,31.242307","tel":"[]","pcode":310000,"pname":"上海市","citycode":21,"cityname":"上海市","adcode":310106,"adname":"静安区","gridcode":4621639601,"distance":1903,"business_area":"[]","timestamp":"2023-04-22 11:39:40","biz_ext":"{\"rating\": \"3.5\", \"cost\": [], \"ticket_ordering\": \"0\"}","行业大类":"风景名胜","行业中类":"公园广场","行业小类":"城市广场","wgs84_loc":"121.452807,31.244203","wgs84Lng":121.452807,"wgs84Lat":31.244203,"__source_file__":"02-POI&AOI/1-POI/其它/23/Excel/分类/上海市-POI-2023.csv-风景名胜.csv"},"geometry":{"type":"Point","coordinates":[121.452807,31.244203]}},{"id":"2401","type":"Feature","properties":{"id":"fde90596-af5a-3d44-ac1d-e6f70a41e8f1","name":"不夜城公园","type":"风景名胜;公园广场;公园","typecode":"110101","address":"华盛路213号(汉中路地铁站2号口步行350米)","location":"121.461040,31.244630","tel":"021-63818861","pcode":310000,"pname":"上海市","citycode":21,"cityname":"上海市","adcode":310106,"adname":"静安区","gridcode":4621639612,"distance":919,"business_area":"[]","timestamp":"2023-05-12 11:01:29","biz_ext":"{\"rating\": \"4.0\", \"cost\": [], \"ticket_ordering\": \"0\"}","行业大类":"风景名胜","行业中类":"公园广场","行业小类":"公园","wgs84_loc":"121.456477,31.246533","wgs84Lng":121.456477,"wgs84Lat":31.246533,"__source_file__":"02-POI&AOI/1-POI/其它/23/Excel/分类/上海市-POI-2023.csv-风景名胜.csv"},"geometry":{"type":"Point","coordinates":[121.456477,31.246533]}},{"id":"317","type":"Feature","properties":{"id":"bd0f9ed3-9db3-3939-b15f-33e26152b84a","name":"不夜城绿地","type":"风景名胜;公园广场;公园","typecode":"110101","address":"华盛路213号(汉中路地铁站1号口步行400米)","location":"121.460644,31.244666","tel":"021-63818861","pcode":310000,"pname":"上海市","citycode":21,"cityname":"上海市","adcode":310106,"adname":"静安区","gridcode":4621639612,"distance":957,"business_area":"[]","timestamp":"2023-04-18 20:32:44","biz_ext":"{\"rating\": \"4.5\", \"cost\": [], \"ticket_ordering\": \"0\"}","行业大类":"风景名胜","行业中类":"公园广场","行业小类":"公园","wgs84_loc":"121.45608,31.246568","wgs84Lng":121.45608,"wgs84Lat":31.246568,"__source_file__":"02-POI&AOI/1-POI/其它/23/Excel/分类/上海市-POI-2023.csv-风景名胜.csv"},"geometry":{"type":"Point","coordinates":[121.45608,31.246568]}},{"id":"1152","type":"Feature","properties":{"id":"4bd44a83-6f30-3062-ae08-07d9408991df","name":"天目花园","type":"风景名胜;风景名胜相关;旅游景点","typecode":"110000","address":"恒丰路与天目西路辅路交叉口东南100米","location":"121.454624,31.245179","tel":"[]","pcode":310000,"pname":"上海市","citycode":21,"cityname":"上海市","adcode":310106,"adname":"静安区","gridcode":4621639611,"distance":1668,"business_area":"[]","timestamp":"2023-05-15 03:46:17","biz_ext":"{\"rating\": \"3.9\", \"cost\": [], \"ticket_ordering\": \"0\"}","行业大类":"风景名胜","行业中类":"风景名胜相关","行业小类":"旅游景点","wgs84_loc":"121.450043,31.247067","wgs84Lng":121.450043,"wgs84Lat":31.247067,"__source_file__":"02-POI&AOI/1-POI/其它/23/Excel/分类/上海市-POI-2023.csv-风景名胜.csv"},"geometry":{"type":"Point","coordinates":[121.450043,31.247067]}},{"id":"336","type":"Feature","properties":{"id":"6303f9ef-3c47-34ba-a92c-fbfc9ed937b6","name":"上海白玉兰人口文化广场","type":"风景名胜;公园广场;城市广场","typecode":"110105","address":"天目西路307号(上海火车站地铁站3号口步行170米)","location":"121.454181,31.246761","tel":"[]","pcode":310000,"pname":"上海市","citycode":21,"cityname":"上海市","adcode":310106,"adname":"静安区","gridcode":4621639611,"distance":1603,"business_area":"[]","timestamp":"2023-05-14 22:29:22","biz_ext":"{\"rating\": \"4.1\", \"cost\": [], \"ticket_ordering\": \"0\"}","行业大类":"风景名胜","行业中类":"公园广场","行业小类":"城市广场","wgs84_loc":"121.449599,31.248648","wgs84Lng":121.449599,"wgs84Lat":31.248648,"__source_file__":"02-POI&AOI/1-POI/其它/23/Excel/分类/上海市-POI-2023.csv-风景名胜.csv"},"geometry":{"type":"Point","coordinates":[121.449599,31.248648]}},{"id":"4939","type":"Feature","properties":{"id":"78f15278-d15f-30d4-9335-6b6cd65e1344","name":"索德宫","type":"风景名胜;风景名胜;寺庙道观","typecode":"110205","address":"环龙商场(上海火车站地铁站4号口旁)","location":"121.456009,31.247147","tel":"18601629336","pcode":310000,"pname":"上海市","citycode":21,"cityname":"上海市","adcode":310106,"adname":"静安区","gridcode":4621639611,"distance":1774,"business_area":"[]","timestamp":"2023-01-15 11:16:31","biz_ext":"{\"rating\": \"3.6\", \"cost\": \"36.00\", \"ticket_ordering\": \"0\"}","行业大类":"风景名胜","行业中类":"风景名胜","行业小类":"寺庙道观","wgs84_loc":"121.451432,31.249037","wgs84Lng":121.451432,"wgs84Lat":31.249037,"__source_file__":"02-POI&AOI/1-POI/其它/23/Excel/分类/上海市-POI-2023.csv-风景名胜.csv"},"geometry":{"type":"Point","coordinates":[121.451432,31.249037]}},{"id":"98","type":"Feature","properties":{"id":"d7c3efd6-bcff-3491-b1d3-d5985d26a0da","name":"沪西清真寺","type":"风景名胜;风景名胜;回教寺","typecode":"110207","address":"常德路1328弄3号(近长寿路)","location":"121.434643,31.242703","tel":"021-62772076;021-62775966","pcode":310000,"pname":"上海市","citycode":21,"cityname":"上海市","adcode":310107,"adname":"普陀区","gridcode":4621639402,"distance":630,"business_area":"曹家渡","timestamp":"2023-05-15 11:42:38","biz_ext":"{\"rating\": \"4.6\", \"cost\": \"32.00\", \"ticket_ordering\": \"0\"}","行业大类":"风景名胜","行业中类":"风景名胜","行业小类":"回教寺","wgs84_loc":"121.430019,31.244556","wgs84Lng":121.430019,"wgs84Lat":31.244556,"__source_file__":"02-POI&AOI/1-POI/其它/23/Excel/分类/上海市-POI-2023.csv-风景名胜.csv"},"geometry":{"type":"Point","coordinates":[121.430019,31.244556]}},{"id":"493","type":"Feature","properties":{"id":"60baf20a-3c7f-3e63-a149-7d99b010d7d7","name":"长寿健康主题公园","type":"风景名胜;公园广场;公园","typecode":"110101","address":"长寿路260号(长寿路地铁站3号口步行290米)","location":"121.439499,31.243418","tel":"021-52521386","pcode":310000,"pname":"上海市","citycode":21,"cityname":"上海市","adcode":310107,"adname":"普陀区","gridcode":4621639500,"distance":534,"business_area":"光新","timestamp":"2023-05-01 08:41:45","biz_ext":"{\"rating\": \"4.4\", \"cost\": [], \"ticket_ordering\": \"0\"}","行业大类":"风景名胜","行业中类":"公园广场","行业小类":"公园","wgs84_loc":"121.434883,31.245278","wgs84Lng":121.434883,"wgs84Lat":31.245278,"__source_file__":"02-POI&AOI/1-POI/其它/23/Excel/分类/上海市-POI-2023.csv-风景名胜.csv"},"geometry":{"type":"Point","coordinates":[121.434883,31.245278]}},{"id":"492","type":"Feature","properties":{"id":"0b079b4f-adf8-37f1-b7ce-b01e1cc76c86","name":"普陀公园","type":"风景名胜;公园广场;公园","typecode":"110101","address":"光复西路255号门卫(镇坪路地铁站2号口步行310米)","location":"121.427630,31.244708","tel":"[]","pcode":310000,"pname":"上海市","citycode":21,"cityname":"上海市","adcode":310107,"adname":"普陀区","gridcode":4621639410,"distance":992,"business_area":"光新","timestamp":"2023-05-15 08:04:26","biz_ext":"{\"rating\": \"4.6\", \"cost\": [], \"ticket_ordering\": \"0\"}","行业大类":"风景名胜","行业中类":"公园广场","行业小类":"公园","wgs84_loc":"121.422995,31.246551","wgs84Lng":121.422995,"wgs84Lat":31.246551,"__source_file__":"02-POI&AOI/1-POI/其它/23/Excel/分类/上海市-POI-2023.csv-风景名胜.csv"},"geometry":{"type":"Point","coordinates":[121.422995,31.246551]}},{"id":"1595","type":"Feature","properties":{"id":"ee66e660-4e88-35ea-8413-c182d6cfe6f7","name":"城市广场","type":"风景名胜;公园广场;城市广场","typecode":"110105","address":"陕西北路1789弄","location":"121.438721,31.245110","tel":"[]","pcode":310000,"pname":"上海市","citycode":21,"cityname":"上海市","adcode":310107,"adname":"普陀区","gridcode":4621639510,"distance":332,"business_area":"光新","timestamp":"2023-05-11 01:30:12","biz_ext":"{\"rating\": \"3.6\", \"cost\": [], \"ticket_ordering\": \"0\"}","行业大类":"风景名胜","行业中类":"公园广场","行业小类":"城市广场","wgs84_loc":"121.434104,31.246968","wgs84Lng":121.434104,"wgs84Lat":31.246968,"__source_file__":"02-POI&AOI/1-POI/其它/23/Excel/分类/上海市-POI-2023.csv-风景名胜.csv"},"geometry":{"type":"Point","coordinates":[121.434104,31.246968]}},{"id":"2967","type":"Feature","properties":{"id":"3ad1cf8c-0a3b-3db0-b0d4-a750ae7abbf4","name":"长寿苏河图","type":"风景名胜;风景名胜;风景名胜","typecode":"110200","address":"宜昌路与陕西北路交叉口西南140米","location":"121.435985,31.245786","tel":"[]","pcode":310000,"pname":"上海市","citycode":21,"cityname":"上海市","adcode":310107,"adname":"普陀区","gridcode":4621639412,"distance":266,"business_area":"光新","timestamp":"2023-05-14 22:20:00","biz_ext":"{\"rating\": \"3.9\", \"cost\": [], \"ticket_ordering\": \"0\"}","行业大类":"风景名胜","行业中类":"风景名胜","行业小类":"风景名胜","wgs84_loc":"121.431363,31.247639","wgs84Lng":121.431363,"wgs84Lat":31.247639,"__source_file__":"02-POI&AOI/1-POI/其它/23/Excel/分类/上海市-POI-2023.csv-风景名胜.csv"},"geometry":{"type":"Point","coordinates":[121.431363,31.247639]}},{"id":"2893","type":"Feature","properties":{"id":"34fc5a84-421a-3689-b0c4-e04e331aca2e","name":"小普陀区","type":"风景名胜;风景名胜相关;旅游景点","typecode":"110000","address":"澳门路472-7号","location":"121.440039,31.245801","tel":"[]","pcode":310000,"pname":"上海市","citycode":21,"cityname":"上海市","adcode":310107,"adname":"普陀区","gridcode":4621639510,"distance":341,"business_area":"曹家渡","timestamp":"2022-12-30 20:00:54","biz_ext":"{\"rating\": \"3.4\", \"cost\": [], \"ticket_ordering\": \"0\"}","行业大类":"风景名胜","行业中类":"风景名胜相关","行业小类":"旅游景点","wgs84_loc":"121.435424,31.247661","wgs84Lng":121.435424,"wgs84Lat":31.247661,"__source_file__":"02-POI&AOI/1-POI/其它/23/Excel/分类/上海市-POI-2023.csv-风景名胜.csv"},"geometry":{"type":"Point","coordinates":[121.435424,31.247661]}},{"id":"338","type":"Feature","properties":{"id":"9c3ddb80-a584-35bb-be5c-c9938820edda","name":"顾正红纪念馆","type":"风景名胜;风景名胜;红色景区","typecode":"110210","address":"澳门路300号(陕西北路宜昌路)","location":"121.442528,31.247088","tel":"021-62091651;021-62661500","pcode":310000,"pname":"上海市","citycode":21,"cityname":"上海市","adcode":310107,"adname":"普陀区","gridcode":4621639511,"distance":497,"business_area":"光新","timestamp":"2023-05-13 01:44:14","biz_ext":"{\"rating\": [], \"cost\": [], \"ticket_ordering\": \"0\"}","行业大类":"风景名胜","行业中类":"风景名胜","行业小类":"红色景区","wgs84_loc":"121.437918,31.248951","wgs84Lng":121.437918,"wgs84Lat":31.248951,"__source_file__":"02-POI&AOI/1-POI/其它/23/Excel/分类/上海市-POI-2023.csv-风景名胜.csv"},"geometry":{"type":"Point","coordinates":[121.437918,31.248951]}},{"id":"1562","type":"Feature","properties":{"id":"af0068ea-b461-38bc-9ee1-bf5e51aca183","name":"上海啤酒有限公司旧址","type":"风景名胜;风景名胜相关;旅游景点","typecode":"110000","address":"宜昌路130号","location":"121.439951,31.249480","tel":"021-62778770","pcode":310000,"pname":"上海市","citycode":21,"cityname":"上海市","adcode":310107,"adname":"普陀区","gridcode":4621639520,"distance":1615,"business_area":"光新","timestamp":"2023-03-18 11:58:58","biz_ext":"{\"rating\": \"4.0\", \"cost\": [], \"ticket_ordering\": \"0\"}","行业大类":"风景名胜","行业中类":"风景名胜相关","行业小类":"旅游景点","wgs84_loc":"121.435336,31.251338","wgs84Lng":121.435336,"wgs84Lat":31.251338,"__source_file__":"02-POI&AOI/1-POI/其它/23/Excel/分类/上海市-POI-2023.csv-风景名胜.csv"},"geometry":{"type":"Point","coordinates":[121.435336,31.251338]}},{"id":"628","type":"Feature","properties":{"id":"cff28a07-f010-3216-b7bc-e52c22b185fe","name":"龙柏园","type":"风景名胜;公园广场;公园广场","typecode":"110100","address":"石泉路","location":"121.427013,31.249699","tel":"[]","pcode":310000,"pname":"上海市","citycode":21,"cityname":"上海市","adcode":310107,"adname":"普陀区","gridcode":4621639420,"distance":1007,"business_area":"光新","timestamp":"2022-07-20 10:44:15","biz_ext":"{\"rating\": \"3.3\", \"cost\": [], \"ticket_ordering\": \"0\"}","行业大类":"风景名胜","行业中类":"公园广场","行业小类":"公园广场","wgs84_loc":"121.422376,31.251539","wgs84Lng":121.422376,"wgs84Lat":31.251539,"__source_file__":"02-POI&AOI/1-POI/其它/23/Excel/分类/上海市-POI-2023.csv-风景名胜.csv"},"geometry":{"type":"Point","coordinates":[121.422376,31.251539]}},{"id":"62","type":"Feature","properties":{"id":"421da59f-44d6-330d-95e9-184846225552","name":"上海市基督教普安堂","type":"风景名胜;风景名胜;教堂","typecode":"110206","address":"镇坪路152号","location":"121.429576,31.249743","tel":"021-52946562","pcode":310000,"pname":"上海市","citycode":21,"cityname":"上海市","adcode":310107,"adname":"普陀区","gridcode":4621639421,"distance":771,"business_area":"光新","timestamp":"2023-04-23 13:39:51","biz_ext":"{\"rating\": \"4.3\", \"cost\": [], \"ticket_ordering\": \"0\"}","行业大类":"风景名胜","行业中类":"风景名胜","行业小类":"教堂","wgs84_loc":"121.424943,31.251586","wgs84Lng":121.424943,"wgs84Lat":31.251586,"__source_file__":"02-POI&AOI/1-POI/其它/23/Excel/分类/上海市-POI-2023.csv-风景名胜.csv"},"geometry":{"type":"Point","coordinates":[121.424943,31.251586]}},{"id":"5007","type":"Feature","properties":{"id":"375ebf2a-4420-39fd-babc-1a71f464d971","name":"周恩来同志发布《七月指示》所在地","type":"风景名胜;风景名胜;红色景区","typecode":"110210","address":"贵州路160号中国饭店(现上海铁道宾馆)","location":"121.476088,31.236786","tel":"[]","pcode":310000,"pname":"上海市","citycode":21,"cityname":"上海市","adcode":310101,"adname":"黄浦区","gridcode":4621638810,"distance":780,"business_area":"北京东路","timestamp":"2023-01-14 17:52:16","biz_ext":"{\"rating\": \"4.1\", \"cost\": [], \"ticket_ordering\": \"0\"}","行业大类":"风景名胜","行业中类":"风景名胜","行业小类":"红色景区","wgs84_loc":"121.471572,31.238732","wgs84Lng":121.471572,"wgs84Lat":31.238732,"__source_file__":"02-POI&AOI/1-POI/其它/23/Excel/分类/上海市-POI-2023.csv-风景名胜.csv"},"geometry":{"type":"Point","coordinates":[121.471572,31.238732]}},{"id":"6295","type":"Feature","properties":{"id":"cdcd8473-cc3e-393c-a7eb-238330689ec7","name":"星空间16号·HAHALAND小剧场","type":"风景名胜;风景名胜相关;旅游景点","typecode":"110000","address":"广西北路与宁波路交叉口西北20米","location":"121.476551,31.236793","tel":"[]","pcode":310000,"pname":"上海市","citycode":21,"cityname":"上海市","adcode":310101,"adname":"黄浦区","gridcode":4621638810,"distance":754,"business_area":"北京东路","timestamp":"2023-04-30 02:00:21","biz_ext":"{\"rating\": \"3.8\", \"cost\": [], \"ticket_ordering\": \"0\"}","行业大类":"风景名胜","行业中类":"风景名胜相关","行业小类":"旅游景点","wgs84_loc":"121.472037,31.23874","wgs84Lng":121.472037,"wgs84Lat":31.23874,"__source_file__":"02-POI&AOI/1-POI/其它/23/Excel/分类/上海市-POI-2023.csv-风景名胜.csv"},"geometry":{"type":"Point","coordinates":[121.472037,31.23874]}},{"id":"568","type":"Feature","properties":{"id":"2dc3a414-27ef-3f80-8950-ee648e5c3c5a","name":"大观园绿地","type":"风景名胜;公园广场;公园","typecode":"110101","address":"共和新路街道5000号(新闸路地铁站6号口步行310米)","location":"121.472120,31.237649","tel":"[]","pcode":310000,"pname":"上海市","citycode":21,"cityname":"上海市","adcode":310101,"adname":"黄浦区","gridcode":4621638712,"distance":880,"business_area":"北京东路","timestamp":"2023-01-10 14:31:43","biz_ext":"{\"rating\": \"4.0\", \"cost\": [], \"ticket_ordering\": \"0\"}","行业大类":"风景名胜","行业中类":"公园广场","行业小类":"公园","wgs84_loc":"121.467591,31.239584","wgs84Lng":121.467591,"wgs84Lat":31.239584,"__source_file__":"02-POI&AOI/1-POI/其它/23/Excel/分类/上海市-POI-2023.csv-风景名胜.csv"},"geometry":{"type":"Point","coordinates":[121.467591,31.239584]}},{"id":"4959","type":"Feature","properties":{"id":"061d2731-19a2-34b8-9899-a07144fdec1b","name":"《义勇军进行曲》首次播放处","type":"风景名胜;风景名胜;红色景区","typecode":"110210","address":"北京东路780号黄浦剧场","location":"121.475625,31.238451","tel":"[]","pcode":310000,"pname":"上海市","citycode":21,"cityname":"上海市","adcode":310101,"adname":"黄浦区","gridcode":4621638810,"distance":666,"business_area":"北京东路","timestamp":"2023-01-14 15:38:27","biz_ext":"{\"rating\": \"3.6\", \"cost\": [], \"ticket_ordering\": \"0\"}","行业大类":"风景名胜","行业中类":"风景名胜","行业小类":"红色景区","wgs84_loc":"121.471108,31.240395","wgs84Lng":121.471108,"wgs84Lat":31.240395,"__source_file__":"02-POI&AOI/1-POI/其它/23/Excel/分类/上海市-POI-2023.csv-风景名胜.csv"},"geometry":{"type":"Point","coordinates":[121.471108,31.240395]}},{"id":"1563","type":"Feature","properties":{"id":"c3cf85c1-8750-3da9-9737-8c67b6abe6e1","name":"中国银行仓库旧址","type":"风景名胜;风景名胜相关;旅游景点","typecode":"110000","address":"北苏州路1040(曲阜路地铁站3号口步行290米)","location":"121.472890,31.241164","tel":"[]","pcode":310000,"pname":"上海市","citycode":21,"cityname":"上海市","adcode":310106,"adname":"静安区","gridcode":4621638722,"distance":933,"business_area":"北京东路","timestamp":"2023-05-02 12:39:21","biz_ext":"{\"rating\": \"3.4\", \"cost\": [], \"ticket_ordering\": \"0\"}","行业大类":"风景名胜","行业中类":"风景名胜相关","行业小类":"旅游景点","wgs84_loc":"121.468363,31.243099","wgs84Lng":121.468363,"wgs84Lat":31.243099,"__source_file__":"02-POI&AOI/1-POI/其它/23/Excel/分类/上海市-POI-2023.csv-风景名胜.csv"},"geometry":{"type":"Point","coordinates":[121.468363,31.243099]}},{"id":"2993","type":"Feature","properties":{"id":"3ab5e21a-d824-3881-a77b-ec9c274c6c2d","name":"苏河湾中心绿地(建设中)","type":"风景名胜;公园广场;公园","typecode":"110101","address":"福建北路与北苏州路交叉口西北80米","location":"121.478454,31.241382","tel":"[]","pcode":310000,"pname":"上海市","citycode":21,"cityname":"上海市","adcode":310106,"adname":"静安区","gridcode":4621638820,"distance":780,"business_area":"北京东路","timestamp":"2023-04-09 12:59:07","biz_ext":"{\"rating\": [], \"cost\": [], \"ticket_ordering\": \"0\"}","行业大类":"风景名胜","行业中类":"公园广场","行业小类":"公园","wgs84_loc":"121.473946,31.243332","wgs84Lng":121.473946,"wgs84Lat":31.243332,"__source_file__":"02-POI&AOI/1-POI/其它/23/Excel/分类/上海市-POI-2023.csv-风景名胜.csv"},"geometry":{"type":"Point","coordinates":[121.473946,31.243332]}},{"id":"6275","type":"Feature","properties":{"id":"45ecbad6-a506-3437-a433-9436012ff3ff","name":"天后宫","type":"风景名胜;风景名胜;寺庙道观","typecode":"110205","address":"三泰路","location":"121.479346,31.241741","tel":"[]","pcode":310000,"pname":"上海市","citycode":21,"cityname":"上海市","adcode":310106,"adname":"静安区","gridcode":4621639801,"distance":860,"business_area":"北京东路","timestamp":"2023-05-06 09:54:34","biz_ext":"{\"rating\": \"4.5\", \"cost\": [], \"ticket_ordering\": \"0\"}","行业大类":"风景名胜","行业中类":"风景名胜","行业小类":"寺庙道观","wgs84_loc":"121.474841,31.243694","wgs84Lng":121.474841,"wgs84Lat":31.243694,"__source_file__":"02-POI&AOI/1-POI/其它/23/Excel/分类/上海市-POI-2023.csv-风景名胜.csv"},"geometry":{"type":"Point","coordinates":[121.474841,31.243694]}},{"id":"5445","type":"Feature","properties":{"id":"b9ecfbd5-bb27-3ed3-8f3c-e5c55748ba98","name":"锦鲤祠","type":"风景名胜;风景名胜相关;旅游景点","typecode":"110000","address":"文安路与七浦路交叉口西南约40米","location":"121.472355,31.243434","tel":"[]","pcode":310000,"pname":"上海市","citycode":21,"cityname":"上海市","adcode":310106,"adname":"静安区","gridcode":4621639702,"distance":225,"business_area":"七浦路","timestamp":"2023-03-15 19:46:21","biz_ext":"{\"rating\": \"2.7\", \"cost\": [], \"ticket_ordering\": \"0\"}","行业大类":"风景名胜","行业中类":"风景名胜相关","行业小类":"旅游景点","wgs84_loc":"121.467826,31.245367","wgs84Lng":121.467826,"wgs84Lat":31.245367,"__source_file__":"02-POI&AOI/1-POI/其它/23/Excel/分类/上海市-POI-2023.csv-风景名胜.csv"},"geometry":{"type":"Point","coordinates":[121.467826,31.245367]}},{"id":"239","type":"Feature","properties":{"id":"40b88e0b-9ff4-35cc-8e88-a08392b93f3f","name":"中共三大后中央局机关历史纪念馆","type":"风景名胜;风景名胜;红色景区","typecode":"110210","address":"浙江北路118(曲阜路地铁站5号口步行400米)","location":"121.476278,31.243668","tel":"021-33010988","pcode":310000,"pname":"上海市","citycode":21,"cityname":"上海市","adcode":310106,"adname":"静安区","gridcode":4621639800,"distance":895,"business_area":"七浦路","timestamp":"2023-05-12 17:10:22","biz_ext":"{\"rating\": [], \"cost\": [], \"ticket_ordering\": \"0\"}","行业大类":"风景名胜","行业中类":"风景名胜","行业小类":"红色景区","wgs84_loc":"121.471762,31.245611","wgs84Lng":121.471762,"wgs84Lat":31.245611,"__source_file__":"02-POI&AOI/1-POI/其它/23/Excel/分类/上海市-POI-2023.csv-风景名胜.csv"},"geometry":{"type":"Point","coordinates":[121.471762,31.245611]}},{"id":"1788","type":"Feature","properties":{"id":"c8bb2eef-2670-3abf-a2ca-22f31a41e532","name":"捉妖记大悦城鬼屋第四季","type":"风景名胜;风景名胜相关;旅游景点","typecode":"110000","address":"文安路与七浦路交叉口西60米(曲阜路地铁站5号口步行50米)","location":"121.472076,31.243711","tel":"[]","pcode":310000,"pname":"上海市","citycode":21,"cityname":"上海市","adcode":310106,"adname":"静安区","gridcode":4621639702,"distance":222,"business_area":"七浦路","timestamp":"2023-05-05 12:50:57","biz_ext":"{\"rating\": \"4.0\", \"cost\": [], \"ticket_ordering\": \"0\"}","行业大类":"风景名胜","行业中类":"风景名胜相关","行业小类":"旅游景点","wgs84_loc":"121.467547,31.245643","wgs84Lng":121.467547,"wgs84Lat":31.245643,"__source_file__":"02-POI&AOI/1-POI/其它/23/Excel/分类/上海市-POI-2023.csv-风景名胜.csv"},"geometry":{"type":"Point","coordinates":[121.467547,31.245643]}},{"id":"5128","type":"Feature","properties":{"id":"41e63c67-4d3f-301c-9ea9-d4e34301b5df","name":"四行仓库抗战纪念馆","type":"风景名胜;风景名胜;纪念馆","typecode":"110204","address":"光复路21号","location":"121.471150,31.240346","tel":"[]","pcode":310000,"pname":"上海市","citycode":21,"cityname":"上海市","adcode":310106,"adname":"静安区","gridcode":4621638722,"distance":238,"business_area":"北京东路","timestamp":"2023-05-12 20:27:32","biz_ext":"{\"rating\": \"4.8\", \"cost\": [], \"ticket_ordering\": \"0\"}","行业大类":"风景名胜","行业中类":"风景名胜","行业小类":"纪念馆","wgs84_loc":"121.466618,31.242277","wgs84Lng":121.466618,"wgs84Lat":31.242277,"__source_file__":"02-POI&AOI/1-POI/其它/23/Excel/分类/上海市-POI-2023.csv-风景名胜.csv"},"geometry":{"type":"Point","coordinates":[121.466618,31.242277]}},{"id":"5799","type":"Feature","properties":{"id":"fc9127a1-a77d-30c4-90c6-19fd4742ee18","name":"上海大陆银行仓库旧址","type":"风景名胜;风景名胜相关;旅游景点","typecode":"110000","address":"光复路1号515室(曲阜路地铁站2号口步行230米)","location":"121.471546,31.240351","tel":"021-63808222","pcode":310000,"pname":"上海市","citycode":21,"cityname":"上海市","adcode":310106,"adname":"静安区","gridcode":4621638722,"distance":1251,"business_area":"北京东路","timestamp":"2023-04-20 13:49:51","biz_ext":"{\"rating\": \"3.7\", \"cost\": [], \"ticket_ordering\": \"0\"}","行业大类":"风景名胜","行业中类":"风景名胜相关","行业小类":"旅游景点","wgs84_loc":"121.467015,31.242283","wgs84Lng":121.467015,"wgs84Lat":31.242283,"__source_file__":"02-POI&AOI/1-POI/其它/23/Excel/分类/上海市-POI-2023.csv-风景名胜.csv"},"geometry":{"type":"Point","coordinates":[121.467015,31.242283]}},{"id":"2874","type":"Feature","properties":{"id":"67732326-fa92-3904-9961-14051b726ae1","name":"上海大陆银行仓库","type":"风景名胜;风景名胜;风景名胜|公司企业;公司;公司","typecode":"110200|170200","address":"光复路1(曲阜路地铁站3号口步行290米)","location":"121.471611,31.240398","tel":"[]","pcode":310000,"pname":"上海市","citycode":21,"cityname":"上海市","adcode":310106,"adname":"静安区","gridcode":4621638722,"distance":250,"business_area":"北京东路","timestamp":"2023-05-03 13:06:05","biz_ext":"{\"rating\": \"4.3\", \"cost\": [], \"ticket_ordering\": \"0\"}","行业大类":"风景名胜","行业中类":"风景名胜","行业小类":"风景名胜|公司企业","wgs84_loc":"121.46708,31.24233","wgs84Lng":121.46708,"wgs84Lat":31.24233,"__source_file__":"02-POI&AOI/1-POI/其它/23/Excel/分类/上海市-POI-2023.csv-风景名胜.csv"},"geometry":{"type":"Point","coordinates":[121.46708,31.24233]}},{"id":"500","type":"Feature","properties":{"id":"e4684717-25ba-30fd-aa2b-b60d96d57f8c","name":"九子公园","type":"风景名胜;公园广场;公园","typecode":"110101","address":"成都北路1018号","location":"121.464043,31.240519","tel":"[]","pcode":310000,"pname":"上海市","citycode":21,"cityname":"上海市","adcode":310101,"adname":"黄浦区","gridcode":4621638720,"distance":633,"business_area":"北京东路","timestamp":"2023-04-19 03:53:34","biz_ext":"{\"rating\": \"4.4\", \"cost\": [], \"ticket_ordering\": \"0\"}","行业大类":"风景名胜","行业中类":"公园广场","行业小类":"公园","wgs84_loc":"121.459489,31.242431","wgs84Lng":121.459489,"wgs84Lat":31.242431,"__source_file__":"02-POI&AOI/1-POI/其它/23/Excel/分类/上海市-POI-2023.csv-风景名胜.csv"},"geometry":{"type":"Point","coordinates":[121.459489,31.242431]}},{"id":"4879","type":"Feature","properties":{"id":"5c0282aa-4b34-389a-a8d6-9341d5128cce","name":"杜月笙粮仓旧址","type":"风景名胜;风景名胜相关;旅游景点","typecode":"110000","address":"南苏州路1305-2号(新闸路地铁站1号口步行370米)","location":"121.464752,31.240671","tel":"[]","pcode":310000,"pname":"上海市","citycode":21,"cityname":"上海市","adcode":310101,"adname":"黄浦区","gridcode":4621638720,"distance":564,"business_area":"北京东路","timestamp":"2023-01-16 20:29:30","biz_ext":"{\"rating\": \"4.4\", \"cost\": [], \"ticket_ordering\": \"0\"}","行业大类":"风景名胜","行业中类":"风景名胜相关","行业小类":"旅游景点","wgs84_loc":"121.4602,31.242585","wgs84Lng":121.4602,"wgs84Lat":31.242585,"__source_file__":"02-POI&AOI/1-POI/其它/23/Excel/分类/上海市-POI-2023.csv-风景名胜.csv"},"geometry":{"type":"Point","coordinates":[121.4602,31.242585]}},{"id":"1600","type":"Feature","properties":{"id":"9bb76171-cd5c-37cc-949a-66a879c14051","name":"福新面粉一厂旧址","type":"风景名胜;风景名胜相关;旅游景点","typecode":"110000","address":"光复路423号苏河文化中心","location":"121.464500,31.241749","tel":"[]","pcode":310000,"pname":"上海市","citycode":21,"cityname":"上海市","adcode":310106,"adname":"静安区","gridcode":4621639700,"distance":559,"business_area":"北京东路","timestamp":"2023-04-04 15:24:52","biz_ext":"{\"rating\": \"4.4\", \"cost\": [], \"ticket_ordering\": \"0\"}","行业大类":"风景名胜","行业中类":"风景名胜相关","行业小类":"旅游景点","wgs84_loc":"121.459947,31.243662","wgs84Lng":121.459947,"wgs84Lat":31.243662,"__source_file__":"02-POI&AOI/1-POI/其它/23/Excel/分类/上海市-POI-2023.csv-风景名胜.csv"},"geometry":{"type":"Point","coordinates":[121.459947,31.243662]}},{"id":"2461","type":"Feature","properties":{"id":"ff1ccd43-924a-322b-9e53-e6c8a64de3c6","name":"新梅太古城","type":"风景名胜;风景名胜;风景名胜","typecode":"110200","address":"西藏北路上海大悦城(曲阜路地铁站1号口步行140米)","location":"121.471847,31.243942","tel":"[]","pcode":310000,"pname":"上海市","citycode":21,"cityname":"上海市","adcode":310106,"adname":"静安区","gridcode":4621639702,"distance":226,"business_area":"七浦路","timestamp":"2023-03-27 01:27:28","biz_ext":"{\"rating\": \"3.9\", \"cost\": [], \"ticket_ordering\": \"0\"}","行业大类":"风景名胜","行业中类":"风景名胜","行业小类":"风景名胜","wgs84_loc":"121.467317,31.245873","wgs84Lng":121.467317,"wgs84Lat":31.245873,"__source_file__":"02-POI&AOI/1-POI/其它/23/Excel/分类/上海市-POI-2023.csv-风景名胜.csv"},"geometry":{"type":"Point","coordinates":[121.467317,31.245873]}},{"id":"2456","type":"Feature","properties":{"id":"af627df2-486b-31c5-8d57-386340ee066e","name":"缤阁庄园","type":"风景名胜;风景名胜相关;旅游景点","typecode":"110000","address":"西藏北路205号(曲阜路地铁站1号口步行170米)","location":"121.471019,31.244130","tel":"[]","pcode":310000,"pname":"上海市","citycode":21,"cityname":"上海市","adcode":310106,"adname":"静安区","gridcode":4621639702,"distance":206,"business_area":"七浦路","timestamp":"2023-04-22 20:52:34","biz_ext":"{\"rating\": \"3.8\", \"cost\": [], \"ticket_ordering\": \"0\"}","行业大类":"风景名胜","行业中类":"风景名胜相关","行业小类":"旅游景点","wgs84_loc":"121.466486,31.246059","wgs84Lng":121.466486,"wgs84Lat":31.246059,"__source_file__":"02-POI&AOI/1-POI/其它/23/Excel/分类/上海市-POI-2023.csv-风景名胜.csv"},"geometry":{"type":"Point","coordinates":[121.466486,31.246059]}},{"id":"2904","type":"Feature","properties":{"id":"82e235ab-2cb3-37b5-a534-40ff3f160959","name":"军民共建促和谐保家卫国固长城","type":"风景名胜;风景名胜相关;旅游景点","typecode":"110000","address":"西藏北路与海宁路交叉口西北40米","location":"121.470767,31.245178","tel":"[]","pcode":310000,"pname":"上海市","citycode":21,"cityname":"上海市","adcode":310106,"adname":"静安区","gridcode":4621639711,"distance":315,"business_area":"七浦路","timestamp":"2023-01-08 11:23:07","biz_ext":"{\"rating\": \"2.9\", \"cost\": [], \"ticket_ordering\": \"0\"}","行业大类":"风景名胜","行业中类":"风景名胜相关","行业小类":"旅游景点","wgs84_loc":"121.466233,31.247106","wgs84Lng":121.466233,"wgs84Lat":31.247106,"__source_file__":"02-POI&AOI/1-POI/其它/23/Excel/分类/上海市-POI-2023.csv-风景名胜.csv"},"geometry":{"type":"Point","coordinates":[121.466233,31.247106]}},{"id":"2540","type":"Feature","properties":{"id":"2d4c4d63-44ae-3274-ae0e-04f5a3b9935e","name":"交通公园-中轴广场","type":"风景名胜;公园广场;城市广场","typecode":"110105","address":"新马路262交通公园附近","location":"121.467280,31.247410","tel":"[]","pcode":310000,"pname":"上海市","citycode":21,"cityname":"上海市","adcode":310106,"adname":"静安区","gridcode":4621639721,"distance":1491,"business_area":"宝山路","timestamp":"2023-04-01 11:44:08","biz_ext":"{\"rating\": \"3.0\", \"cost\": [], \"ticket_ordering\": \"0\"}","行业大类":"风景名胜","行业中类":"公园广场","行业小类":"城市广场","wgs84_loc":"121.462735,31.249328","wgs84Lng":121.462735,"wgs84Lat":31.249328,"__source_file__":"02-POI&AOI/1-POI/其它/23/Excel/分类/上海市-POI-2023.csv-风景名胜.csv"},"geometry":{"type":"Point","coordinates":[121.462735,31.249328]}},{"id":"3403","type":"Feature","properties":{"id":"23d07544-5ad3-3cdc-9650-74e5a047fab6","name":"霓虹街","type":"风景名胜;风景名胜相关;旅游景点","typecode":"110000","address":"西藏北路198号大悦城2期北座F8","location":"121.472038,31.244106","tel":"[]","pcode":310000,"pname":"上海市","citycode":21,"cityname":"上海市","adcode":310106,"adname":"静安区","gridcode":4621639702,"distance":252,"business_area":"七浦路","timestamp":"2023-03-25 07:32:58","biz_ext":"{\"rating\": \"4.1\", \"cost\": [], \"ticket_ordering\": \"0\"}","行业大类":"风景名胜","行业中类":"风景名胜相关","行业小类":"旅游景点","wgs84_loc":"121.467508,31.246038","wgs84Lng":121.467508,"wgs84Lat":31.246038,"__source_file__":"02-POI&AOI/1-POI/其它/23/Excel/分类/上海市-POI-2023.csv-风景名胜.csv"},"geometry":{"type":"Point","coordinates":[121.467508,31.246038]}},{"id":"6079","type":"Feature","properties":{"id":"96bf11c4-2607-3211-bfef-4579f5b79869","name":"公共租界会审公廨旧址","type":"风景名胜;风景名胜相关;旅游景点","typecode":"110000","address":"浙江北路与塘沽路交叉口西南40米","location":"121.475391,31.244983","tel":"[]","pcode":310000,"pname":"上海市","citycode":21,"cityname":"上海市","adcode":310106,"adname":"静安区","gridcode":4621639810,"distance":562,"business_area":"七浦路","timestamp":"2023-05-03 13:44:24","biz_ext":"{\"rating\": \"4.0\", \"cost\": [], \"ticket_ordering\": \"0\"}","行业大类":"风景名胜","行业中类":"风景名胜相关","行业小类":"旅游景点","wgs84_loc":"121.470872,31.246923","wgs84Lng":121.470872,"wgs84Lat":31.246923,"__source_file__":"02-POI&AOI/1-POI/其它/23/Excel/分类/上海市-POI-2023.csv-风景名胜.csv"},"geometry":{"type":"Point","coordinates":[121.470872,31.246923]}},{"id":"454","type":"Feature","properties":{"id":"f0aae577-1d6d-33a9-a1ff-3f2c98ff13a4","name":"吴昌硕故居","type":"风景名胜;风景名胜;纪念馆","typecode":"110204","address":"山西北路457弄12号(近海宁路)","location":"121.479340,31.247741","tel":"[]","pcode":310000,"pname":"上海市","citycode":21,"cityname":"上海市","adcode":310106,"adname":"静安区","gridcode":4621639821,"distance":1044,"business_area":"宝山路","timestamp":"2023-01-16 20:29:38","biz_ext":"{\"rating\": \"3.9\", \"cost\": [], \"ticket_ordering\": \"0\"}","行业大类":"风景名胜","行业中类":"风景名胜","行业小类":"纪念馆","wgs84_loc":"121.474834,31.249691","wgs84Lng":121.474834,"wgs84Lat":31.249691,"__source_file__":"02-POI&AOI/1-POI/其它/23/Excel/分类/上海市-POI-2023.csv-风景名胜.csv"},"geometry":{"type":"Point","coordinates":[121.474834,31.249691]}},{"id":"4569","type":"Feature","properties":{"id":"f8a1f78a-7b8b-3ae4-b51b-90bc7cc7ea48","name":"五四运动初期上海总工会遗址","type":"风景名胜;风景名胜相关;旅游景点","typecode":"110000","address":"宝山路413号","location":"121.477334,31.256507","tel":"[]","pcode":310000,"pname":"上海市","citycode":21,"cityname":"上海市","adcode":310106,"adname":"静安区","gridcode":4621730820,"distance":1097,"business_area":"宝山路","timestamp":"2023-04-02 12:41:58","biz_ext":"{\"rating\": \"3.5\", \"cost\": [], \"ticket_ordering\": \"0\"}","行业大类":"风景名胜","行业中类":"风景名胜相关","行业小类":"旅游景点","wgs84_loc":"121.472821,31.258448","wgs84Lng":121.472821,"wgs84Lat":31.258448,"__source_file__":"02-POI&AOI/1-POI/其它/23/Excel/分类/上海市-POI-2023.csv-风景名胜.csv"},"geometry":{"type":"Point","coordinates":[121.472821,31.258448]}},{"id":"163","type":"Feature","properties":{"id":"73d2ea7e-1c0f-359e-b046-3af502a9c88c","name":"上海市基督教闸北堂","type":"风景名胜;风景名胜;教堂","typecode":"110206","address":"宝通路340号(近中兴路)","location":"121.476705,31.258294","tel":"021-56629409","pcode":310000,"pname":"上海市","citycode":21,"cityname":"上海市","adcode":310106,"adname":"静安区","gridcode":4621730820,"distance":1420,"business_area":"宝山路","timestamp":"2023-05-12 12:10:06","biz_ext":"{\"rating\": \"4.3\", \"cost\": [], \"ticket_ordering\": \"0\"}","行业大类":"风景名胜","行业中类":"风景名胜","行业小类":"教堂","wgs84_loc":"121.472189,31.260232","wgs84Lng":121.472189,"wgs84Lat":31.260232,"__source_file__":"02-POI&AOI/1-POI/其它/23/Excel/分类/上海市-POI-2023.csv-风景名胜.csv"},"geometry":{"type":"Point","coordinates":[121.472189,31.260232]}},{"id":"3182","type":"Feature","properties":{"id":"d9b36910-da67-3d88-9328-b824f373a721","name":"商务印书馆第五印刷所旧址","type":"风景名胜;风景名胜相关;旅游景点","typecode":"110000","address":"天通庵路190号","location":"121.472336,31.258607","tel":"[]","pcode":310000,"pname":"上海市","citycode":21,"cityname":"上海市","adcode":310106,"adname":"静安区","gridcode":4621731702,"distance":1264,"business_area":"宝山路","timestamp":"2023-05-08 17:07:21","biz_ext":"{\"rating\": \"3.8\", \"cost\": [], \"ticket_ordering\": \"0\"}","行业大类":"风景名胜","行业中类":"风景名胜相关","行业小类":"旅游景点","wgs84_loc":"121.467806,31.260533","wgs84Lng":121.467806,"wgs84Lat":31.260533,"__source_file__":"02-POI&AOI/1-POI/其它/23/Excel/分类/上海市-POI-2023.csv-风景名胜.csv"},"geometry":{"type":"Point","coordinates":[121.467806,31.260533]}},{"id":"5775","type":"Feature","properties":{"id":"69a7083d-e8d4-3302-83c8-9e5d6b3cf6c4","name":"松为事故之源","type":"风景名胜;风景名胜;风景名胜","typecode":"110200","address":"青云路与华昌路交叉口西北40米","location":"121.474517,31.264993","tel":"[]","pcode":310000,"pname":"上海市","citycode":21,"cityname":"上海市","adcode":310109,"adname":"虹口区","gridcode":4621731722,"distance":670,"business_area":"和田","timestamp":"2022-11-17 17:20:50","biz_ext":"{\"rating\": [], \"cost\": [], \"ticket_ordering\": \"0\"}","行业大类":"风景名胜","行业中类":"风景名胜","行业小类":"风景名胜","wgs84_loc":"121.469994,31.266922","wgs84Lng":121.469994,"wgs84Lat":31.266922,"__source_file__":"02-POI&AOI/1-POI/其它/23/Excel/分类/上海市-POI-2023.csv-风景名胜.csv"},"geometry":{"type":"Point","coordinates":[121.469994,31.266922]}},{"id":"915","type":"Feature","properties":{"id":"cd023c9e-78ce-387b-84da-0a02bf823d48","name":"淞沪铁路天通庵站遗址","type":"风景名胜;风景名胜相关;旅游景点","typecode":"110000","address":"同心路、宝山路交汇处","location":"121.479592,31.265479","tel":"[]","pcode":310000,"pname":"上海市","citycode":21,"cityname":"上海市","adcode":310109,"adname":"虹口区","gridcode":4621731821,"distance":207,"business_area":"宝山路","timestamp":"2023-05-10 20:29:21","biz_ext":"{\"rating\": \"3.8\", \"cost\": [], \"ticket_ordering\": \"0\"}","行业大类":"风景名胜","行业中类":"风景名胜相关","行业小类":"旅游景点","wgs84_loc":"121.475086,31.267422","wgs84Lng":121.475086,"wgs84Lat":31.267422,"__source_file__":"02-POI&AOI/1-POI/其它/23/Excel/分类/上海市-POI-2023.csv-风景名胜.csv"},"geometry":{"type":"Point","coordinates":[121.475086,31.267422]}},{"id":"3219","type":"Feature","properties":{"id":"46b99cb0-3b0c-354f-b7b1-31d1baa7da88","name":"五行通津屋园","type":"风景名胜;风景名胜相关;旅游景点","typecode":"110000","address":"西宝兴路五行通津屋园(同心城旁)","location":"121.473341,31.270104","tel":"[]","pcode":310000,"pname":"上海市","citycode":21,"cityname":"上海市","adcode":310109,"adname":"虹口区","gridcode":4621732712,"distance":287,"business_area":"和田","timestamp":"2023-05-12 01:41:49","biz_ext":"{\"rating\": \"3.4\", \"cost\": [], \"ticket_ordering\": \"0\"}","行业大类":"风景名胜","行业中类":"风景名胜相关","行业小类":"旅游景点","wgs84_loc":"121.468813,31.272028","wgs84Lng":121.468813,"wgs84Lat":31.272028,"__source_file__":"02-POI&AOI/1-POI/其它/23/Excel/分类/上海市-POI-2023.csv-风景名胜.csv"},"geometry":{"type":"Point","coordinates":[121.468813,31.272028]}},{"id":"5537","type":"Feature","properties":{"id":"74b2e582-fa5b-38ea-b6f1-398bb7fd46e5","name":"小小动物园","type":"风景名胜;公园广场;水族馆","typecode":"110104","address":"西江湾路与同煌路交叉口西南约120米","location":"121.478311,31.270790","tel":"[]","pcode":310000,"pname":"上海市","citycode":21,"cityname":"上海市","adcode":310109,"adname":"虹口区","gridcode":4621732810,"distance":766,"business_area":"江湾","timestamp":"2023-05-09 03:53:42","biz_ext":"{\"rating\": \"3.7\", \"cost\": [], \"ticket_ordering\": \"0\"}","行业大类":"风景名胜","行业中类":"公园广场","行业小类":"水族馆","wgs84_loc":"121.4738,31.272727","wgs84Lng":121.4738,"wgs84Lat":31.272727,"__source_file__":"02-POI&AOI/1-POI/其它/23/Excel/分类/上海市-POI-2023.csv-风景名胜.csv"},"geometry":{"type":"Point","coordinates":[121.4738,31.272727]}},{"id":"304","type":"Feature","properties":{"id":"af85bf35-721d-31bb-8f10-474f50c1cac3","name":"世博钟楼","type":"风景名胜;风景名胜相关;旅游景点","typecode":"110000","address":"秣陵路303号(上海站南广场)","location":"121.454746,31.247920","tel":"[]","pcode":310000,"pname":"上海市","citycode":21,"cityname":"上海市","adcode":310106,"adname":"静安区","gridcode":4621639621,"distance":1305,"business_area":"[]","timestamp":"2023-05-01 10:38:34","biz_ext":"{\"rating\": \"4.1\", \"cost\": [], \"ticket_ordering\": \"0\"}","行业大类":"风景名胜","行业中类":"风景名胜相关","行业小类":"旅游景点","wgs84_loc":"121.450165,31.249807","wgs84Lng":121.450165,"wgs84Lat":31.249807,"__source_file__":"02-POI&AOI/1-POI/其它/23/Excel/分类/上海市-POI-2023.csv-风景名胜.csv"},"geometry":{"type":"Point","coordinates":[121.450165,31.249807]}},{"id":"716","type":"Feature","properties":{"id":"cb21dd83-cf30-376a-8819-6be33b121fd4","name":"上海站南广场","type":"风景名胜;公园广场;城市广场","typecode":"110105","address":"秣陵路303号(上海火车站地铁站2号口步行110米)","location":"121.454556,31.247982","tel":"[]","pcode":310000,"pname":"上海市","citycode":21,"cityname":"上海市","adcode":310106,"adname":"静安区","gridcode":4621639621,"distance":1634,"business_area":"[]","timestamp":"2023-05-15 16:51:39","biz_ext":"{\"rating\": [], \"cost\": [], \"ticket_ordering\": \"0\"}","行业大类":"风景名胜","行业中类":"公园广场","行业小类":"城市广场","wgs84_loc":"121.449975,31.249869","wgs84Lng":121.449975,"wgs84Lat":31.249869,"__source_file__":"02-POI&AOI/1-POI/其它/23/Excel/分类/上海市-POI-2023.csv-风景名胜.csv"},"geometry":{"type":"Point","coordinates":[121.449975,31.249869]}},{"id":"303","type":"Feature","properties":{"id":"55c86cec-1a7b-39c5-9183-38a5c217a3ff","name":"上海站北广场","type":"风景名胜;公园广场;城市广场","typecode":"110105","address":"中兴路1688号(上海火车站地铁站6号口步行80米)","location":"121.456759,31.251491","tel":"[]","pcode":310000,"pname":"上海市","citycode":21,"cityname":"上海市","adcode":310106,"adname":"静安区","gridcode":4621730601,"distance":1638,"business_area":"和田","timestamp":"2023-05-11 08:32:45","biz_ext":"{\"rating\": [], \"cost\": [], \"ticket_ordering\": \"0\"}","行业大类":"风景名胜","行业中类":"公园广场","行业小类":"城市广场","wgs84_loc":"121.452183,31.253381","wgs84Lng":121.452183,"wgs84Lat":31.253381,"__source_file__":"02-POI&AOI/1-POI/其它/23/Excel/分类/上海市-POI-2023.csv-风景名胜.csv"},"geometry":{"type":"Point","coordinates":[121.452183,31.253381]}},{"id":"3543","type":"Feature","properties":{"id":"262dc953-373b-3442-a38c-871e8979f036","name":"中华新路817弄18号","type":"风景名胜;风景名胜相关;旅游景点","typecode":"110000","address":"紫兰苑一期(上海火车地铁站北)","location":"121.456989,31.254412","tel":"[]","pcode":310000,"pname":"上海市","citycode":21,"cityname":"上海市","adcode":310106,"adname":"静安区","gridcode":4621730611,"distance":1376,"business_area":"和田","timestamp":"2023-04-30 12:19:08","biz_ext":"{\"rating\": [], \"cost\": [], \"ticket_ordering\": \"0\"}","行业大类":"风景名胜","行业中类":"风景名胜相关","行业小类":"旅游景点","wgs84_loc":"121.452414,31.256301","wgs84Lng":121.452414,"wgs84Lat":31.256301,"__source_file__":"02-POI&AOI/1-POI/其它/23/Excel/分类/上海市-POI-2023.csv-风景名胜.csv"},"geometry":{"type":"Point","coordinates":[121.452414,31.256301]}},{"id":"3626","type":"Feature","properties":{"id":"5c23c97c-0eb3-360b-ab47-0b34e5f2088f","name":"中华新路817弄13号","type":"风景名胜;风景名胜相关;旅游景点","typecode":"110000","address":"紫兰苑一期(上海火车地铁站北)","location":"121.456426,31.254512","tel":"[]","pcode":310000,"pname":"上海市","citycode":21,"cityname":"上海市","adcode":310106,"adname":"静安区","gridcode":4621730611,"distance":1336,"business_area":"和田","timestamp":"2023-04-05 15:00:46","biz_ext":"{\"rating\": [], \"cost\": [], \"ticket_ordering\": \"0\"}","行业大类":"风景名胜","行业中类":"风景名胜相关","行业小类":"旅游景点","wgs84_loc":"121.451849,31.2564","wgs84Lng":121.451849,"wgs84Lat":31.2564,"__source_file__":"02-POI&AOI/1-POI/其它/23/Excel/分类/上海市-POI-2023.csv-风景名胜.csv"},"geometry":{"type":"Point","coordinates":[121.451849,31.2564]}},{"id":"3561","type":"Feature","properties":{"id":"489d5516-ac54-3fd0-a4ed-19bcb494ea86","name":"中华新路939弄18号","type":"风景名胜;风景名胜相关;旅游景点","typecode":"110000","address":"紫兰苑一期(五月花生活广场西南)","location":"121.454744,31.255307","tel":"[]","pcode":310000,"pname":"上海市","citycode":21,"cityname":"上海市","adcode":310106,"adname":"静安区","gridcode":4621730611,"distance":1174,"business_area":"和田","timestamp":"2023-05-08 13:43:41","biz_ext":"{\"rating\": \"3.8\", \"cost\": [], \"ticket_ordering\": \"0\"}","行业大类":"风景名胜","行业中类":"风景名胜相关","行业小类":"旅游景点","wgs84_loc":"121.450163,31.257191","wgs84Lng":121.450163,"wgs84Lat":31.257191,"__source_file__":"02-POI&AOI/1-POI/其它/23/Excel/分类/上海市-POI-2023.csv-风景名胜.csv"},"geometry":{"type":"Point","coordinates":[121.450163,31.257191]}},{"id":"3037","type":"Feature","properties":{"id":"c6f26441-464c-3679-be4f-9edae7e8b6f5","name":"闸北公园-宋教仁先生之墓","type":"风景名胜;风景名胜;风景名胜","typecode":"110200","address":"共和新路1555号闸北公园(西南角)","location":"121.457800,31.269278","tel":"[]","pcode":310000,"pname":"上海市","citycode":21,"cityname":"上海市","adcode":310106,"adname":"静安区","gridcode":4621732601,"distance":1944,"business_area":"和田","timestamp":"2023-04-11 19:55:54","biz_ext":"{'rating': '4.0', 'cost': [], 'ticket_ordering': '0'}","行业大类":"风景名胜","行业中类":"风景名胜","行业小类":"风景名胜","wgs84_loc":"121.453226,31.271163","wgs84Lng":121.453226,"wgs84Lat":31.271163,"__source_file__":"02-POI&AOI/1-POI/其它/23/Excel/分类/上海市-POI-2023.csv-风景名胜.csv"},"geometry":{"type":"Point","coordinates":[121.453226,31.271163]}},{"id":"1428","type":"Feature","properties":{"id":"aaf5c571-3c78-38d3-856d-76189f9479a6","name":"休闲街","type":"风景名胜;公园广场;公园广场","typecode":"110100","address":"洛川东路与平型关路交叉口南200米","location":"121.462971,31.269322","tel":"[]","pcode":310000,"pname":"上海市","citycode":21,"cityname":"上海市","adcode":310106,"adname":"静安区","gridcode":4621732700,"distance":1496,"business_area":"和田","timestamp":"2023-05-06 11:19:28","biz_ext":"{\"rating\": \"3.0\", \"cost\": [], \"ticket_ordering\": \"0\"}","行业大类":"风景名胜","行业中类":"公园广场","行业小类":"公园广场","wgs84_loc":"121.458411,31.271219","wgs84Lng":121.458411,"wgs84Lat":31.271219,"__source_file__":"02-POI&AOI/1-POI/其它/23/Excel/分类/上海市-POI-2023.csv-风景名胜.csv"},"geometry":{"type":"Point","coordinates":[121.458411,31.271219]}},{"id":"167","type":"Feature","properties":{"id":"8eecf236-6fd7-35b6-8fe4-4b4c5def5709","name":"闸北公园","type":"风景名胜;公园广场;公园","typecode":"110101","address":"共和新路1555号(近洛川东路)","location":"121.459973,31.270552","tel":"[]","pcode":310000,"pname":"上海市","citycode":21,"cityname":"上海市","adcode":310106,"adname":"静安区","gridcode":4621732612,"distance":1303,"business_area":"大宁路","timestamp":"2023-05-13 03:50:58","biz_ext":"{\"rating\": \"4.9\", \"cost\": [], \"ticket_ordering\": \"0\"}","行业大类":"风景名胜","行业中类":"公园广场","行业小类":"公园","wgs84_loc":"121.455405,31.272441","wgs84Lng":121.455405,"wgs84Lat":31.272441,"__source_file__":"02-POI&AOI/1-POI/其它/23/Excel/分类/上海市-POI-2023.csv-风景名胜.csv"},"geometry":{"type":"Point","coordinates":[121.455405,31.272441]}},{"id":"3346","type":"Feature","properties":{"id":"0c473e4b-372a-3789-b1a5-9ea5a9ef14d6","name":"钱氏宗祠","type":"风景名胜;风景名胜相关;旅游景点","typecode":"110000","address":"共和新路1555号闸北公园内","location":"121.460217,31.270698","tel":"[]","pcode":310000,"pname":"上海市","citycode":21,"cityname":"上海市","adcode":310106,"adname":"静安区","gridcode":4621732612,"distance":1987,"business_area":"和田","timestamp":"2023-05-12 12:46:18","biz_ext":"{'rating': '3.7', 'cost': [], 'ticket_ordering': '0'}","行业大类":"风景名胜","行业中类":"风景名胜相关","行业小类":"旅游景点","wgs84_loc":"121.455649,31.272588","wgs84Lng":121.455649,"wgs84Lat":31.272588,"__source_file__":"02-POI&AOI/1-POI/其它/23/Excel/分类/上海市-POI-2023.csv-风景名胜.csv"},"geometry":{"type":"Point","coordinates":[121.455649,31.272588]}},{"id":"495","type":"Feature","properties":{"id":"5f56a3b5-2287-3895-a94c-7f7b1c5e5647","name":"交通公园","type":"风景名胜;公园广场;公园","typecode":"110101","address":"新马路262号","location":"121.467432,31.247475","tel":"[]","pcode":310000,"pname":"上海市","citycode":21,"cityname":"上海市","adcode":310106,"adname":"静安区","gridcode":4621639721,"distance":631,"business_area":"宝山路","timestamp":"2023-04-23 05:18:57","biz_ext":"{\"rating\": \"4.5\", \"cost\": [], \"ticket_ordering\": \"0\"}","行业大类":"风景名胜","行业中类":"公园广场","行业小类":"公园","wgs84_loc":"121.462888,31.249393","wgs84Lng":121.462888,"wgs84Lat":31.249393,"__source_file__":"02-POI&AOI/1-POI/其它/23/Excel/分类/上海市-POI-2023.csv-风景名胜.csv"},"geometry":{"type":"Point","coordinates":[121.462888,31.249393]}},{"id":"2909","type":"Feature","properties":{"id":"b5bb88c5-64c9-3400-8c03-69ae57115623","name":"湖州会馆","type":"风景名胜;风景名胜相关;旅游景点","typecode":"110000","address":"中兴路828(中兴路地铁站2号口步行80米)","location":"121.470255,31.253535","tel":"[]","pcode":310000,"pname":"上海市","citycode":21,"cityname":"上海市","adcode":310106,"adname":"静安区","gridcode":4621730711,"distance":1053,"business_area":"宝山路","timestamp":"2023-04-12 14:42:19","biz_ext":"{\"rating\": \"4.2\", \"cost\": [], \"ticket_ordering\": \"0\"}","行业大类":"风景名胜","行业中类":"风景名胜相关","行业小类":"旅游景点","wgs84_loc":"121.465719,31.255458","wgs84Lng":121.465719,"wgs84Lat":31.255458,"__source_file__":"02-POI&AOI/1-POI/其它/23/Excel/分类/上海市-POI-2023.csv-风景名胜.csv"},"geometry":{"type":"Point","coordinates":[121.465719,31.255458]}},{"id":"3774","type":"Feature","properties":{"id":"77f4ee8f-fbda-3666-9670-2a7a6fae46dc","name":"上海市总工会旧址","type":"风景名胜;风景名胜相关;旅游景点","typecode":"110000","address":"会文路201弄(会文路中兴路)","location":"121.470275,31.253557","tel":"[]","pcode":310000,"pname":"上海市","citycode":21,"cityname":"上海市","adcode":310106,"adname":"静安区","gridcode":4621730711,"distance":1051,"business_area":"宝山路","timestamp":"2023-04-22 16:09:08","biz_ext":"{\"rating\": \"3.9\", \"cost\": [], \"ticket_ordering\": \"0\"}","行业大类":"风景名胜","行业中类":"风景名胜相关","行业小类":"旅游景点","wgs84_loc":"121.465739,31.25548","wgs84Lng":121.465739,"wgs84Lat":31.25548,"__source_file__":"02-POI&AOI/1-POI/其它/23/Excel/分类/上海市-POI-2023.csv-风景名胜.csv"},"geometry":{"type":"Point","coordinates":[121.465739,31.25548]}},{"id":"6249","type":"Feature","properties":{"id":"ab2c178d-053d-35cd-94bb-b37f6444f0c0","name":"上海工人第三次武装起义指挥部遗址","type":"风景名胜;风景名胜相关;旅游景点","typecode":"110000","address":"湖州会馆(中兴路地铁站2号口步行80米)","location":"121.470257,31.253562","tel":"[]","pcode":310000,"pname":"上海市","citycode":21,"cityname":"上海市","adcode":310106,"adname":"静安区","gridcode":4621730711,"distance":1053,"business_area":"宝山路","timestamp":"2023-05-08 12:03:11","biz_ext":"{\"rating\": \"3.7\", \"cost\": [], \"ticket_ordering\": \"0\"}","行业大类":"风景名胜","行业中类":"风景名胜相关","行业小类":"旅游景点","wgs84_loc":"121.465721,31.255485","wgs84Lng":121.465721,"wgs84Lat":31.255485,"__source_file__":"02-POI&AOI/1-POI/其它/23/Excel/分类/上海市-POI-2023.csv-风景名胜.csv"},"geometry":{"type":"Point","coordinates":[121.465721,31.255485]}},{"id":"400","type":"Feature","properties":{"id":"38d1d32e-87ec-3ad8-9dae-b26a033880d9","name":"闸北天主堂","type":"风景名胜;风景名胜;教堂","typecode":"110206","address":"育婴堂路289(中兴路地铁站4号口步行230米)","location":"121.467182,31.253602","tel":"021-56624172","pcode":310000,"pname":"上海市","citycode":21,"cityname":"上海市","adcode":310106,"adname":"静安区","gridcode":4621730711,"distance":1489,"business_area":"宝山路","timestamp":"2023-05-11 16:41:20","biz_ext":"{\"rating\": \"4.1\", \"cost\": [], \"ticket_ordering\": \"0\"}","行业大类":"风景名胜","行业中类":"风景名胜","行业小类":"教堂","wgs84_loc":"121.462636,31.255517","wgs84Lng":121.462636,"wgs84Lat":31.255517,"__source_file__":"02-POI&AOI/1-POI/其它/23/Excel/分类/上海市-POI-2023.csv-风景名胜.csv"},"geometry":{"type":"Point","coordinates":[121.462636,31.255517]}},{"id":"2108","type":"Feature","properties":{"id":"65c7bc57-889f-319e-a454-a0c6b387c234","name":"中兴公园","type":"风景名胜;公园广场;公园","typecode":"110101","address":"中华新路396号(中兴路地铁站1号口步行290米)","location":"121.469926,31.254712","tel":"[]","pcode":310000,"pname":"上海市","citycode":21,"cityname":"上海市","adcode":310106,"adname":"静安区","gridcode":4621730711,"distance":1325,"business_area":"宝山路","timestamp":"2023-05-11 03:53:49","biz_ext":"{\"rating\": \"4.6\", \"cost\": [], \"ticket_ordering\": \"0\"}","行业大类":"风景名胜","行业中类":"公园广场","行业小类":"公园","wgs84_loc":"121.465389,31.256633","wgs84Lng":121.465389,"wgs84Lat":31.256633,"__source_file__":"02-POI&AOI/1-POI/其它/23/Excel/分类/上海市-POI-2023.csv-风景名胜.csv"},"geometry":{"type":"Point","coordinates":[121.465389,31.256633]}},{"id":"328","type":"Feature","properties":{"id":"61f1f6cb-cdee-3490-84fc-e9b2e502af0c","name":"芷江绿地","type":"风景名胜;公园广场;公园","typecode":"110101","address":"共和新路736号近芷江西路","location":"121.463181,31.255865","tel":"[]","pcode":310000,"pname":"上海市","citycode":21,"cityname":"上海市","adcode":310106,"adname":"静安区","gridcode":4621730720,"distance":1696,"business_area":"宝山路","timestamp":"2023-04-26 19:35:37","biz_ext":"{\"rating\": \"4.1\", \"cost\": [], \"ticket_ordering\": \"0\"}","行业大类":"风景名胜","行业中类":"公园广场","行业小类":"公园","wgs84_loc":"121.458623,31.257768","wgs84Lng":121.458623,"wgs84Lat":31.257768,"__source_file__":"02-POI&AOI/1-POI/其它/23/Excel/分类/上海市-POI-2023.csv-风景名胜.csv"},"geometry":{"type":"Point","coordinates":[121.458623,31.257768]}},{"id":"3253","type":"Feature","properties":{"id":"a20cc393-9b51-3766-9f65-0ed8f2b9c3d8","name":"谷禅坊","type":"风景名胜;风景名胜相关;旅游景点","typecode":"110000","address":"平型关路与洛川东路交叉口北80米","location":"121.463608,31.271737","tel":"[]","pcode":310000,"pname":"上海市","citycode":21,"cityname":"上海市","adcode":310106,"adname":"静安区","gridcode":4621732710,"distance":1667,"business_area":"和田","timestamp":"2022-11-19 23:41:28","biz_ext":"{\"rating\": \"3.1\", \"cost\": [], \"ticket_ordering\": \"0\"}","行业大类":"风景名胜","行业中类":"风景名胜相关","行业小类":"旅游景点","wgs84_loc":"121.45905,31.273635","wgs84Lng":121.45905,"wgs84Lat":31.273635,"__source_file__":"02-POI&AOI/1-POI/其它/23/Excel/分类/上海市-POI-2023.csv-风景名胜.csv"},"geometry":{"type":"Point","coordinates":[121.45905,31.273635]}},{"id":"3220","type":"Feature","properties":{"id":"86701518-c000-324c-9f73-2088bad4fcc7","name":"平型关路377异","type":"风景名胜;风景名胜相关;旅游景点","typecode":"110000","address":"平型关路嘉利明珠城西门","location":"121.463510,31.272319","tel":"[]","pcode":310000,"pname":"上海市","citycode":21,"cityname":"上海市","adcode":310106,"adname":"静安区","gridcode":4621732720,"distance":1692,"business_area":"凉城","timestamp":"2022-11-22 01:08:50","biz_ext":"{\"rating\": \"4.0\", \"cost\": [], \"ticket_ordering\": \"0\"}","行业大类":"风景名胜","行业中类":"风景名胜相关","行业小类":"旅游景点","wgs84_loc":"121.458952,31.274216","wgs84Lng":121.458952,"wgs84Lat":31.274216,"__source_file__":"02-POI&AOI/1-POI/其它/23/Excel/分类/上海市-POI-2023.csv-风景名胜.csv"},"geometry":{"type":"Point","coordinates":[121.458952,31.274216]}},{"id":"3348","type":"Feature","properties":{"id":"c59aae4d-823f-3e6f-9c3b-86a0f43add27","name":"济世湖","type":"风景名胜;风景名胜相关;旅游景点","typecode":"110000","address":"同心路921号","location":"121.470768,31.274437","tel":"[]","pcode":310000,"pname":"上海市","citycode":21,"cityname":"上海市","adcode":310109,"adname":"虹口区","gridcode":4621732721,"distance":513,"business_area":"凉城","timestamp":"2022-08-05 21:35:27","biz_ext":"{\"rating\": \"4.0\", \"cost\": [], \"ticket_ordering\": \"0\"}","行业大类":"风景名胜","行业中类":"风景名胜相关","行业小类":"旅游景点","wgs84_loc":"121.466232,31.276352","wgs84Lng":121.466232,"wgs84Lat":31.276352,"__source_file__":"02-POI&AOI/1-POI/其它/23/Excel/分类/上海市-POI-2023.csv-风景名胜.csv"},"geometry":{"type":"Point","coordinates":[121.466232,31.276352]}},{"id":"3896","type":"Feature","properties":{"id":"3925522b-539e-3f18-8d32-10d60e216f44","name":"梦清园人工湿地","type":"风景名胜;公园广场;公园","typecode":"110101","address":"宜昌路与江宁路辅路交叉口东北140米","location":"121.439830,31.250030","tel":"021-62778770","pcode":310000,"pname":"上海市","citycode":21,"cityname":"上海市","adcode":310107,"adname":"普陀区","gridcode":4621730500,"distance":1873,"business_area":"光新","timestamp":"2023-02-07 16:12:53","biz_ext":"{\"rating\": \"4.2\", \"cost\": [], \"ticket_ordering\": \"0\"}","行业大类":"风景名胜","行业中类":"公园广场","行业小类":"公园","wgs84_loc":"121.435215,31.251887","wgs84Lng":121.435215,"wgs84Lat":31.251887,"__source_file__":"02-POI&AOI/1-POI/其它/23/Excel/分类/上海市-POI-2023.csv-风景名胜.csv"},"geometry":{"type":"Point","coordinates":[121.435215,31.251887]}},{"id":"6334","type":"Feature","properties":{"id":"23f7d9cb-12d1-3da5-abce-8f22a74137d2","name":"明珠园","type":"风景名胜;公园广场;公园","typecode":"110101","address":"中山北路与光新路交叉口东南角","location":"121.433473,31.250205","tel":"[]","pcode":310000,"pname":"上海市","citycode":21,"cityname":"上海市","adcode":310107,"adname":"普陀区","gridcode":4621730401,"distance":453,"business_area":"光新","timestamp":"2023-04-13 14:20:51","biz_ext":"{\"rating\": \"3.9\", \"cost\": [], \"ticket_ordering\": \"0\"}","行业大类":"风景名胜","行业中类":"公园广场","行业小类":"公园","wgs84_loc":"121.428846,31.252053","wgs84Lng":121.428846,"wgs84Lat":31.252053,"__source_file__":"02-POI&AOI/1-POI/其它/23/Excel/分类/上海市-POI-2023.csv-风景名胜.csv"},"geometry":{"type":"Point","coordinates":[121.428846,31.252053]}},{"id":"474","type":"Feature","properties":{"id":"675ddef6-a34a-34ab-b092-9ef8cd053cbe","name":"苏州河梦清园环保主题公园","type":"风景名胜;公园广场;公园","typecode":"110101","address":"宜昌路88号","location":"121.440449,31.250655","tel":"021-62778770","pcode":310000,"pname":"上海市","citycode":21,"cityname":"上海市","adcode":310107,"adname":"普陀区","gridcode":4621639520,"distance":426,"business_area":"光新","timestamp":"2023-04-21 15:26:05","biz_ext":"{\"rating\": \"4.7\", \"cost\": [], \"ticket_ordering\": \"0\"}","行业大类":"风景名胜","行业中类":"公园广场","行业小类":"公园","wgs84_loc":"121.435835,31.252513","wgs84Lng":121.435835,"wgs84Lat":31.252513,"__source_file__":"02-POI&AOI/1-POI/其它/23/Excel/分类/上海市-POI-2023.csv-风景名胜.csv"},"geometry":{"type":"Point","coordinates":[121.435835,31.252513]}},{"id":"3041","type":"Feature","properties":{"id":"1d60e45d-2c33-3886-87df-67cff4154f82","name":"大鱼岛","type":"风景名胜;风景名胜相关;旅游景点","typecode":"110000","address":"苏州河梦清园环保主题公园(宜昌路)","location":"121.440169,31.251444","tel":"021-62778770","pcode":310000,"pname":"上海市","citycode":21,"cityname":"上海市","adcode":310107,"adname":"普陀区","gridcode":4621730500,"distance":1868,"business_area":"光新","timestamp":"2023-05-13 03:40:05","biz_ext":"{\"rating\": \"3.9\", \"cost\": [], \"ticket_ordering\": \"0\"}","行业大类":"风景名胜","行业中类":"风景名胜相关","行业小类":"旅游景点","wgs84_loc":"121.435554,31.253301","wgs84Lng":121.435554,"wgs84Lat":31.253301,"__source_file__":"02-POI&AOI/1-POI/其它/23/Excel/分类/上海市-POI-2023.csv-风景名胜.csv"},"geometry":{"type":"Point","coordinates":[121.435554,31.253301]}},{"id":"5016","type":"Feature","properties":{"id":"32acb3d2-8f1e-3fac-9ad4-d51a9ca3c918","name":"新上海滩","type":"风景名胜;风景名胜;海滩","typecode":"110208","address":"光新路辅路与华池路交叉口南120米","location":"121.431114,31.255241","tel":"[]","pcode":310000,"pname":"上海市","citycode":21,"cityname":"上海市","adcode":310107,"adname":"普陀区","gridcode":4621730411,"distance":1014,"business_area":"光新","timestamp":"2022-07-19 21:54:10","biz_ext":"{\"rating\": \"4.3\", \"cost\": [], \"ticket_ordering\": \"0\"}","行业大类":"风景名胜","行业中类":"风景名胜","行业小类":"海滩","wgs84_loc":"121.426483,31.257083","wgs84Lng":121.426483,"wgs84Lat":31.257083,"__source_file__":"02-POI&AOI/1-POI/其它/23/Excel/分类/上海市-POI-2023.csv-风景名胜.csv"},"geometry":{"type":"Point","coordinates":[121.426483,31.257083]}},{"id":"4060","type":"Feature","properties":{"id":"c488e776-34a6-3949-b405-87dc5beef830","name":"建民绿地公园-入口广场","type":"风景名胜;公园广场;城市广场","typecode":"110105","address":"交通路与宜川路交叉口西240米","location":"121.438412,31.255428","tel":"[]","pcode":310000,"pname":"上海市","citycode":21,"cityname":"上海市","adcode":310107,"adname":"普陀区","gridcode":4621730510,"distance":1734,"business_area":"大宁路","timestamp":"2023-03-17 10:12:53","biz_ext":"{\"rating\": \"3.8\", \"cost\": [], \"ticket_ordering\": \"0\"}","行业大类":"风景名胜","行业中类":"公园广场","行业小类":"城市广场","wgs84_loc":"121.433793,31.257281","wgs84Lng":121.433793,"wgs84Lat":31.257281,"__source_file__":"02-POI&AOI/1-POI/其它/23/Excel/分类/上海市-POI-2023.csv-风景名胜.csv"},"geometry":{"type":"Point","coordinates":[121.433793,31.257281]}},{"id":"3695","type":"Feature","properties":{"id":"85773660-359a-3538-8046-467fb1a1b640","name":"建民绿地公园","type":"风景名胜;公园广场;公园广场","typecode":"110100","address":"交通路79号靠近中潭路地铁站","location":"121.437949,31.255848","tel":"[]","pcode":310000,"pname":"上海市","citycode":21,"cityname":"上海市","adcode":310107,"adname":"普陀区","gridcode":4621730520,"distance":890,"business_area":"大宁路","timestamp":"2023-05-11 15:29:50","biz_ext":"{\"rating\": \"4.5\", \"cost\": [], \"ticket_ordering\": \"0\"}","行业大类":"风景名胜","行业中类":"公园广场","行业小类":"公园广场","wgs84_loc":"121.433329,31.2577","wgs84Lng":121.433329,"wgs84Lat":31.2577,"__source_file__":"02-POI&AOI/1-POI/其它/23/Excel/分类/上海市-POI-2023.csv-风景名胜.csv"},"geometry":{"type":"Point","coordinates":[121.433329,31.2577]}},{"id":"4077","type":"Feature","properties":{"id":"567ee568-078d-3261-a705-4d8aafebd2bf","name":"建民绿地公园-休息广场","type":"风景名胜;公园广场;城市广场","typecode":"110105","address":"交通路与泾惠路交叉口东南100米","location":"121.436760,31.256243","tel":"[]","pcode":310000,"pname":"上海市","citycode":21,"cityname":"上海市","adcode":310107,"adname":"普陀区","gridcode":4621730422,"distance":1898,"business_area":"大宁路","timestamp":"2022-09-23 16:34:33","biz_ext":"{\"rating\": \"3.4\", \"cost\": [], \"ticket_ordering\": \"0\"}","行业大类":"风景名胜","行业中类":"公园广场","行业小类":"城市广场","wgs84_loc":"121.432138,31.258093","wgs84Lng":121.432138,"wgs84Lat":31.258093,"__source_file__":"02-POI&AOI/1-POI/其它/23/Excel/分类/上海市-POI-2023.csv-风景名胜.csv"},"geometry":{"type":"Point","coordinates":[121.432138,31.258093]}},{"id":"4519","type":"Feature","properties":{"id":"da36b567-5985-3f82-9972-d46e209c4d76","name":"志丹苑元代水闸遗址","type":"风景名胜;风景名胜相关;旅游景点","typecode":"110000","address":"延长西路与志丹路辅路交叉口西80米","location":"121.430321,31.259617","tel":"[]","pcode":310000,"pname":"上海市","citycode":21,"cityname":"上海市","adcode":310107,"adname":"普陀区","gridcode":4621731401,"distance":1470,"business_area":"光新","timestamp":"2022-07-18 23:50:33","biz_ext":"{\"rating\": \"3.8\", \"cost\": [], \"ticket_ordering\": \"0\"}","行业大类":"风景名胜","行业中类":"风景名胜相关","行业小类":"旅游景点","wgs84_loc":"121.425688,31.261457","wgs84Lng":121.425688,"wgs84Lat":31.261457,"__source_file__":"02-POI&AOI/1-POI/其它/23/Excel/分类/上海市-POI-2023.csv-风景名胜.csv"},"geometry":{"type":"Point","coordinates":[121.425688,31.261457]}},{"id":"2912","type":"Feature","properties":{"id":"dd649ea5-fde0-3ae9-9be3-ecd560feaa5a","name":"海上禅林","type":"风景名胜;风景名胜相关;旅游景点","typecode":"110000","address":"安远路170号玉佛禅寺(江宁路地铁站3号口步行450米)","location":"121.445698,31.241456","tel":"021-62663668","pcode":310000,"pname":"上海市","citycode":21,"cityname":"上海市","adcode":310107,"adname":"普陀区","gridcode":4621638521,"distance":1372,"business_area":"曹家渡","timestamp":"2023-03-29 09:42:14","biz_ext":"{\"rating\": \"3.0\", \"cost\": [], \"ticket_ordering\": \"0\"}","行业大类":"风景名胜","行业中类":"风景名胜相关","行业小类":"旅游景点","wgs84_loc":"121.441096,31.243328","wgs84Lng":121.441096,"wgs84Lat":31.243328,"__source_file__":"02-POI&AOI/1-POI/其它/23/Excel/分类/上海市-POI-2023.csv-风景名胜.csv"},"geometry":{"type":"Point","coordinates":[121.441096,31.243328]}},{"id":"6036","type":"Feature","properties":{"id":"38d06de7-9dca-3ad3-be82-86e9a0d6956f","name":"指月间","type":"风景名胜;风景名胜相关;旅游景点","typecode":"110000","address":"安远路170号玉佛禅寺(江宁路地铁站3号口步行450米)","location":"121.445736,31.241463","tel":"021-62663668","pcode":310000,"pname":"上海市","citycode":21,"cityname":"上海市","adcode":310107,"adname":"普陀区","gridcode":4621638521,"distance":1375,"business_area":"曹家渡","timestamp":"2023-04-18 21:56:10","biz_ext":"{\"rating\": \"3.3\", \"cost\": [], \"ticket_ordering\": \"0\"}","行业大类":"风景名胜","行业中类":"风景名胜相关","行业小类":"旅游景点","wgs84_loc":"121.441134,31.243335","wgs84Lng":121.441134,"wgs84Lat":31.243335,"__source_file__":"02-POI&AOI/1-POI/其它/23/Excel/分类/上海市-POI-2023.csv-风景名胜.csv"},"geometry":{"type":"Point","coordinates":[121.441134,31.243335]}},{"id":"3215","type":"Feature","properties":{"id":"126d8503-f087-34cc-8816-2c97c3bd799b","name":"觉群楼","type":"风景名胜;风景名胜相关;旅游景点","typecode":"110000","address":"安远路170号","location":"121.444001,31.241899","tel":"[]","pcode":310000,"pname":"上海市","citycode":21,"cityname":"上海市","adcode":310107,"adname":"普陀区","gridcode":4621639501,"distance":915,"business_area":"曹家渡","timestamp":"2022-11-19 23:57:08","biz_ext":"{\"rating\": [], \"cost\": [], \"ticket_ordering\": \"0\"}","行业大类":"风景名胜","行业中类":"风景名胜相关","行业小类":"旅游景点","wgs84_loc":"121.439395,31.243767","wgs84Lng":121.439395,"wgs84Lat":31.243767,"__source_file__":"02-POI&AOI/1-POI/其它/23/Excel/分类/上海市-POI-2023.csv-风景名胜.csv"},"geometry":{"type":"Point","coordinates":[121.439395,31.243767]}},{"id":"292","type":"Feature","properties":{"id":"7b01ef13-1c78-3eae-ab30-971ff799e2cb","name":"玉佛禅寺-真觉之门","type":"风景名胜;风景名胜;寺庙道观","typecode":"110205","address":"安远路170号玉佛禅寺(江宁路地铁站3号口步行370米)","location":"121.445217,31.241963","tel":"021-62663668","pcode":310000,"pname":"上海市","citycode":21,"cityname":"上海市","adcode":310107,"adname":"普陀区","gridcode":4621639501,"distance":1394,"business_area":"曹家渡","timestamp":"2023-01-28 11:55:22","biz_ext":"{\"rating\": [], \"cost\": [], \"ticket_ordering\": \"0\"}","行业大类":"风景名胜","行业中类":"风景名胜","行业小类":"寺庙道观","wgs84_loc":"121.440614,31.243834","wgs84Lng":121.440614,"wgs84Lat":31.243834,"__source_file__":"02-POI&AOI/1-POI/其它/23/Excel/分类/上海市-POI-2023.csv-风景名胜.csv"},"geometry":{"type":"Point","coordinates":[121.440614,31.243834]}},{"id":"6447","type":"Feature","properties":{"id":"74d94c3f-b2c9-3d95-a511-fb99fbe684bb","name":"奥运缶钻石鼓节目表演演出","type":"风景名胜;风景名胜相关;旅游景点","typecode":"110000","address":"澳门路101号","location":"121.448780,31.247552","tel":"[]","pcode":310000,"pname":"上海市","citycode":21,"cityname":"上海市","adcode":310107,"adname":"普陀区","gridcode":4621639522,"distance":1085,"business_area":"光新","timestamp":"2022-12-30 21:31:13","biz_ext":"{\"rating\": \"3.0\", \"cost\": [], \"ticket_ordering\": \"0\"}","行业大类":"风景名胜","行业中类":"风景名胜相关","行业小类":"旅游景点","wgs84_loc":"121.444184,31.249427","wgs84Lng":121.444184,"wgs84Lat":31.249427,"__source_file__":"02-POI&AOI/1-POI/其它/23/Excel/分类/上海市-POI-2023.csv-风景名胜.csv"},"geometry":{"type":"Point","coordinates":[121.444184,31.249427]}},{"id":"2002","type":"Feature","properties":{"id":"55d7f05d-e9aa-347a-8d59-fca5d4d16444","name":"M50创意园","type":"风景名胜;风景名胜相关;旅游景点","typecode":"110000","address":"莫干山路50号","location":"121.449361,31.248101","tel":"021-62660963","pcode":310000,"pname":"上海市","citycode":21,"cityname":"上海市","adcode":310107,"adname":"普陀区","gridcode":4621639522,"distance":1140,"business_area":"光新","timestamp":"2023-05-14 08:57:44","biz_ext":"{\"rating\": \"4.8\", \"cost\": [], \"ticket_ordering\": \"0\"}","行业大类":"风景名胜","行业中类":"风景名胜相关","行业小类":"旅游景点","wgs84_loc":"121.444767,31.249977","wgs84Lng":121.444767,"wgs84Lat":31.249977,"__source_file__":"02-POI&AOI/1-POI/其它/23/Excel/分类/上海市-POI-2023.csv-风景名胜.csv"},"geometry":{"type":"Point","coordinates":[121.444767,31.249977]}},{"id":"5324","type":"Feature","properties":{"id":"9a1f2113-1646-311b-b6c5-c518491cac89","name":"泰山二村家风家训主题文化广场","type":"风景名胜;公园广场;城市广场","typecode":"110105","address":"华阴路与骊山路交叉口东140米","location":"121.445336,31.259552","tel":"[]","pcode":310000,"pname":"上海市","citycode":21,"cityname":"上海市","adcode":310107,"adname":"普陀区","gridcode":4621731501,"distance":1505,"business_area":"大宁路","timestamp":"2022-12-30 18:54:45","biz_ext":"{\"rating\": \"3.1\", \"cost\": [], \"ticket_ordering\": \"0\"}","行业大类":"风景名胜","行业中类":"公园广场","行业小类":"城市广场","wgs84_loc":"121.440731,31.261415","wgs84Lng":121.440731,"wgs84Lat":31.261415,"__source_file__":"02-POI&AOI/1-POI/其它/23/Excel/分类/上海市-POI-2023.csv-风景名胜.csv"},"geometry":{"type":"Point","coordinates":[121.440731,31.261415]}},{"id":"1484","type":"Feature","properties":{"id":"c82f5582-a596-371b-b65a-5c713426dc72","name":"泰山园","type":"风景名胜;公园广场;公园","typecode":"110101","address":"泰山支路60号","location":"121.446423,31.260416","tel":"[]","pcode":310000,"pname":"上海市","citycode":21,"cityname":"上海市","adcode":310107,"adname":"普陀区","gridcode":4621731502,"distance":1641,"business_area":"大宁路","timestamp":"2023-03-13 14:20:18","biz_ext":"{\"rating\": [], \"cost\": [], \"ticket_ordering\": \"0\"}","行业大类":"风景名胜","行业中类":"公园广场","行业小类":"公园","wgs84_loc":"121.441821,31.262281","wgs84Lng":121.441821,"wgs84Lat":31.262281,"__source_file__":"02-POI&AOI/1-POI/其它/23/Excel/分类/上海市-POI-2023.csv-风景名胜.csv"},"geometry":{"type":"Point","coordinates":[121.441821,31.262281]}},{"id":"614","type":"Feature","properties":{"id":"e03b3892-af57-3365-9d08-048d3df98c49","name":"萨克斯广场","type":"风景名胜;公园广场;城市广场","typecode":"110105","address":"洛川中路1158号","location":"121.448222,31.263320","tel":"[]","pcode":310000,"pname":"上海市","citycode":21,"cityname":"上海市","adcode":310106,"adname":"静安区","gridcode":4621731512,"distance":114,"business_area":"和田","timestamp":"2023-04-25 01:23:08","biz_ext":"{\"rating\": \"4.5\", \"cost\": [], \"ticket_ordering\": \"0\"}","行业大类":"风景名胜","行业中类":"公园广场","行业小类":"城市广场","wgs84_loc":"121.443624,31.265187","wgs84Lng":121.443624,"wgs84Lat":31.265187,"__source_file__":"02-POI&AOI/1-POI/其它/23/Excel/分类/上海市-POI-2023.csv-风景名胜.csv"},"geometry":{"type":"Point","coordinates":[121.443624,31.265187]}},{"id":"3784","type":"Feature","properties":{"id":"dff236a4-4597-3e09-adfc-631137a82306","name":"宜川科普人文广场","type":"风景名胜;公园广场;城市广场","typecode":"110105","address":"宜川路99号","location":"121.440161,31.259764","tel":"[]","pcode":310000,"pname":"上海市","citycode":21,"cityname":"上海市","adcode":310107,"adname":"普陀区","gridcode":4621731500,"distance":1350,"business_area":"大宁路","timestamp":"2022-07-27 14:38:32","biz_ext":"{\"rating\": \"3.9\", \"cost\": [], \"ticket_ordering\": \"0\"}","行业大类":"风景名胜","行业中类":"公园广场","行业小类":"城市广场","wgs84_loc":"121.435545,31.261618","wgs84Lng":121.435545,"wgs84Lat":31.261618,"__source_file__":"02-POI&AOI/1-POI/其它/23/Excel/分类/上海市-POI-2023.csv-风景名胜.csv"},"geometry":{"type":"Point","coordinates":[121.435545,31.261618]}},{"id":"469","type":"Feature","properties":{"id":"6c5994aa-73dd-3694-9ba6-ecdcaef7de3d","name":"宜川公园","type":"风景名胜;公园广场;公园","typecode":"110101","address":"宜川路99号(近洛川路)","location":"121.440873,31.260321","tel":"[]","pcode":310000,"pname":"上海市","citycode":21,"cityname":"上海市","adcode":310107,"adname":"普陀区","gridcode":4621731500,"distance":1426,"business_area":"大宁路","timestamp":"2023-05-09 01:25:35","biz_ext":"{\"rating\": \"4.7\", \"cost\": [], \"ticket_ordering\": \"0\"}","行业大类":"风景名胜","行业中类":"公园广场","行业小类":"公园","wgs84_loc":"121.436259,31.262176","wgs84Lng":121.436259,"wgs84Lat":31.262176,"__source_file__":"02-POI&AOI/1-POI/其它/23/Excel/分类/上海市-POI-2023.csv-风景名胜.csv"},"geometry":{"type":"Point","coordinates":[121.436259,31.262176]}},{"id":"1395","type":"Feature","properties":{"id":"2a342590-d51f-3d8f-b976-dd997a9e4ead","name":"希望园","type":"风景名胜;风景名胜;风景名胜","typecode":"110200","address":"子长路与延长西路交叉口北40米","location":"121.435132,31.260363","tel":"[]","pcode":310000,"pname":"上海市","citycode":21,"cityname":"上海市","adcode":310107,"adname":"普陀区","gridcode":4621731402,"distance":1407,"business_area":"光新","timestamp":"2022-08-20 14:30:22","biz_ext":"{\"rating\": \"3.4\", \"cost\": [], \"ticket_ordering\": \"0\"}","行业大类":"风景名胜","行业中类":"风景名胜","行业小类":"风景名胜","wgs84_loc":"121.430507,31.262209","wgs84Lng":121.430507,"wgs84Lat":31.262209,"__source_file__":"02-POI&AOI/1-POI/其它/23/Excel/分类/上海市-POI-2023.csv-风景名胜.csv"},"geometry":{"type":"Point","coordinates":[121.430507,31.262209]}},{"id":"1437","type":"Feature","properties":{"id":"e70c89a5-af59-3452-9551-612d24cdc4cd","name":"百姓广场","type":"风景名胜;公园广场;城市广场","typecode":"110105","address":"延长西路章家巷小区","location":"121.433305,31.260862","tel":"[]","pcode":310000,"pname":"上海市","citycode":21,"cityname":"上海市","adcode":310107,"adname":"普陀区","gridcode":4621731401,"distance":1498,"business_area":"大宁路","timestamp":"2022-11-21 22:39:32","biz_ext":"{\"rating\": \"3.3\", \"cost\": [], \"ticket_ordering\": \"0\"}","行业大类":"风景名胜","行业中类":"公园广场","行业小类":"城市广场","wgs84_loc":"121.428677,31.262705","wgs84Lng":121.428677,"wgs84Lat":31.262705,"__source_file__":"02-POI&AOI/1-POI/其它/23/Excel/分类/上海市-POI-2023.csv-风景名胜.csv"},"geometry":{"type":"Point","coordinates":[121.428677,31.262705]}},{"id":"3551","type":"Feature","properties":{"id":"776f778b-ff9a-3a5e-a01e-7dd19ae9d4e6","name":"洛川路168弄52号","type":"风景名胜;风景名胜相关;旅游景点","typecode":"110000","address":"骊山路与洛川路交叉口南40米","location":"121.442973,31.262054","tel":"[]","pcode":310000,"pname":"上海市","citycode":21,"cityname":"上海市","adcode":310107,"adname":"普陀区","gridcode":4621731511,"distance":1667,"business_area":"大宁路","timestamp":"2022-12-30 17:57:05","biz_ext":"{\"rating\": \"3.3\", \"cost\": [], \"ticket_ordering\": \"0\"}","行业大类":"风景名胜","行业中类":"风景名胜相关","行业小类":"旅游景点","wgs84_loc":"121.438363,31.263912","wgs84Lng":121.438363,"wgs84Lat":31.263912,"__source_file__":"02-POI&AOI/1-POI/其它/23/Excel/分类/上海市-POI-2023.csv-风景名胜.csv"},"geometry":{"type":"Point","coordinates":[121.438363,31.263912]}},{"id":"466","type":"Feature","properties":{"id":"f3358ff7-27b8-3f2d-8eba-305d7c3aed0a","name":"沪太公园","type":"风景名胜;公园广场;公园","typecode":"110101","address":"新村路37号(近沪太路)","location":"121.439357,31.268068","tel":"[]","pcode":310000,"pname":"上海市","citycode":21,"cityname":"上海市","adcode":310107,"adname":"普陀区","gridcode":4621732500,"distance":952,"business_area":"大宁路","timestamp":"2023-04-18 03:27:37","biz_ext":"{\"rating\": \"4.4\", \"cost\": [], \"ticket_ordering\": \"0\"}","行业大类":"风景名胜","行业中类":"公园广场","行业小类":"公园","wgs84_loc":"121.434739,31.269917","wgs84Lng":121.434739,"wgs84Lat":31.269917,"__source_file__":"02-POI&AOI/1-POI/其它/23/Excel/分类/上海市-POI-2023.csv-风景名胜.csv"},"geometry":{"type":"Point","coordinates":[121.434739,31.269917]}},{"id":"6671","type":"Feature","properties":{"id":"b30423fc-4942-39b2-94c9-7fa5ad205f0e","name":"馨和亭","type":"风景名胜;风景名胜;风景名胜","typecode":"110200","address":"宜川路与沪太路交叉口南80米","location":"121.437143,31.268577","tel":"[]","pcode":310000,"pname":"上海市","citycode":21,"cityname":"上海市","adcode":310107,"adname":"普陀区","gridcode":4621732402,"distance":1167,"business_area":"大宁路","timestamp":"2023-05-11 19:48:06","biz_ext":"{\"rating\": \"2.8\", \"cost\": [], \"ticket_ordering\": \"0\"}","行业大类":"风景名胜","行业中类":"风景名胜","行业小类":"风景名胜","wgs84_loc":"121.432521,31.270422","wgs84Lng":121.432521,"wgs84Lat":31.270422,"__source_file__":"02-POI&AOI/1-POI/其它/23/Excel/分类/上海市-POI-2023.csv-风景名胜.csv"},"geometry":{"type":"Point","coordinates":[121.432521,31.270422]}},{"id":"374","type":"Feature","properties":{"id":"bc1480f1-89b3-3ccb-8f53-ac5f4c47e999","name":"豫园-挹秀楼","type":"风景名胜;风景名胜相关;旅游景点","typecode":"110000","address":"豫园老街84号(豫园地铁站7号口步行470米)","location":"121.491438,31.226469","tel":"021-63260830","pcode":310000,"pname":"上海市","citycode":21,"cityname":"上海市","adcode":310101,"adname":"黄浦区","gridcode":4621637900,"distance":680,"business_area":"城隍庙","timestamp":"2023-05-13 11:13:03","biz_ext":"{\"rating\": \"3.9\", \"cost\": [], \"ticket_ordering\": \"0\"}","行业大类":"风景名胜","行业中类":"风景名胜相关","行业小类":"旅游景点","wgs84_loc":"121.486976,31.228464","wgs84Lng":121.486976,"wgs84Lat":31.228464,"__source_file__":"02-POI&AOI/1-POI/其它/23/Excel/分类/上海市-POI-2023.csv-风景名胜.csv"},"geometry":{"type":"Point","coordinates":[121.486976,31.228464]}},{"id":"5746","type":"Feature","properties":{"id":"f68a009c-c3ce-3dd1-b2e6-ff1d4c68d758","name":"景容楼","type":"风景名胜;风景名胜相关;旅游景点","typecode":"110000","address":"九狮路18号豫园商城(豫园地铁站7号口步行390米)","location":"121.491252,31.226922","tel":"[]","pcode":310000,"pname":"上海市","citycode":21,"cityname":"上海市","adcode":310101,"adname":"黄浦区","gridcode":4621637900,"distance":733,"business_area":"城隍庙","timestamp":"2023-04-26 19:57:37","biz_ext":"{\"rating\": \"4.2\", \"cost\": [], \"ticket_ordering\": \"0\"}","行业大类":"风景名胜","行业中类":"风景名胜相关","行业小类":"旅游景点","wgs84_loc":"121.48679,31.228916","wgs84Lng":121.48679,"wgs84Lat":31.228916,"__source_file__":"02-POI&AOI/1-POI/其它/23/Excel/分类/上海市-POI-2023.csv-风景名胜.csv"},"geometry":{"type":"Point","coordinates":[121.48679,31.228916]}},{"id":"3073","type":"Feature","properties":{"id":"0bbd7019-a261-3393-8356-62429a02e202","name":"福满堂喜庆文化广场","type":"风景名胜;公园广场;城市广场","typecode":"110105","address":"侯家路59号(豫园地铁站3号口步行380米)","location":"121.489500,31.227030","tel":"[]","pcode":310000,"pname":"上海市","citycode":21,"cityname":"上海市","adcode":310101,"adname":"黄浦区","gridcode":4621637900,"distance":1376,"business_area":"城隍庙","timestamp":"2023-03-08 11:04:26","biz_ext":"{\"rating\": \"3.1\", \"cost\": [], \"ticket_ordering\": \"0\"}","行业大类":"风景名胜","行业中类":"公园广场","行业小类":"城市广场","wgs84_loc":"121.485031,31.229019","wgs84Lng":121.485031,"wgs84Lat":31.229019,"__source_file__":"02-POI&AOI/1-POI/其它/23/Excel/分类/上海市-POI-2023.csv-风景名胜.csv"},"geometry":{"type":"Point","coordinates":[121.485031,31.229019]}},{"id":"2668","type":"Feature","properties":{"id":"8ca1ad84-a27c-3e01-880d-b0dd69d3ec44","name":"沉香阁-静脩堂","type":"风景名胜;风景名胜相关;旅游景点","typecode":"110000","address":"沉香阁路20号对面(豫园地铁站7号口步行380米)","location":"121.490190,31.227093","tel":"021-63203431","pcode":310000,"pname":"上海市","citycode":21,"cityname":"上海市","adcode":310101,"adname":"黄浦区","gridcode":4621637900,"distance":1126,"business_area":"城隍庙","timestamp":"2023-01-28 11:55:47","biz_ext":"{\"rating\": \"3.6\", \"cost\": [], \"ticket_ordering\": \"0\"}","行业大类":"风景名胜","行业中类":"风景名胜相关","行业小类":"旅游景点","wgs84_loc":"121.485724,31.229084","wgs84Lng":121.485724,"wgs84Lat":31.229084,"__source_file__":"02-POI&AOI/1-POI/其它/23/Excel/分类/上海市-POI-2023.csv-风景名胜.csv"},"geometry":{"type":"Point","coordinates":[121.485724,31.229084]}},{"id":"4541","type":"Feature","properties":{"id":"97a4dace-caa4-3341-8236-eb3fefacd906","name":"上海童涵春堂中药博物馆","type":"风景名胜;风景名胜相关;旅游景点","typecode":"110000","address":"旧校场路33号3楼(豫园地铁站7号口步行350米)","location":"121.490957,31.227122","tel":"021-63556607","pcode":310000,"pname":"上海市","citycode":21,"cityname":"上海市","adcode":310101,"adname":"黄浦区","gridcode":4621637900,"distance":1183,"business_area":"城隍庙","timestamp":"2023-05-12 20:24:44","biz_ext":"{\"rating\": \"4.2\", \"cost\": [], \"ticket_ordering\": \"0\"}","行业大类":"风景名胜","行业中类":"风景名胜相关","行业小类":"旅游景点","wgs84_loc":"121.486494,31.229115","wgs84Lng":121.486494,"wgs84Lat":31.229115,"__source_file__":"02-POI&AOI/1-POI/其它/23/Excel/分类/上海市-POI-2023.csv-风景名胜.csv"},"geometry":{"type":"Point","coordinates":[121.486494,31.229115]}},{"id":"2715","type":"Feature","properties":{"id":"8cda6608-8cff-333b-9627-8fa7cd86ee28","name":"黄金广场","type":"风景名胜;公园广场;城市广场","typecode":"110105","address":"方浜中路249号(豫园地铁站7号口步行360米)","location":"121.491230,31.227153","tel":"[]","pcode":310000,"pname":"上海市","citycode":21,"cityname":"上海市","adcode":310101,"adname":"黄浦区","gridcode":4621637900,"distance":758,"business_area":"城隍庙","timestamp":"2023-04-11 10:01:33","biz_ext":"{\"rating\": \"4.2\", \"cost\": [], \"ticket_ordering\": \"0\"}","行业大类":"风景名胜","行业中类":"公园广场","行业小类":"城市广场","wgs84_loc":"121.486767,31.229147","wgs84Lng":121.486767,"wgs84Lat":31.229147,"__source_file__":"02-POI&AOI/1-POI/其它/23/Excel/分类/上海市-POI-2023.csv-风景名胜.csv"},"geometry":{"type":"Point","coordinates":[121.486767,31.229147]}},{"id":"3811","type":"Feature","properties":{"id":"d76aeda7-6b4a-33ea-b88a-6d01f9b56b87","name":"沉香阁-佛教寺院","type":"风景名胜;风景名胜;寺庙道观","typecode":"110205","address":"沉香阁路与旧校场路交叉口西60米","location":"121.490121,31.227253","tel":"021-63203431","pcode":310000,"pname":"上海市","citycode":21,"cityname":"上海市","adcode":310101,"adname":"黄浦区","gridcode":4621637900,"distance":1390,"business_area":"城隍庙","timestamp":"2023-01-28 11:56:03","biz_ext":"{\"rating\": \"3.9\", \"cost\": [], \"ticket_ordering\": \"0\"}","行业大类":"风景名胜","行业中类":"风景名胜","行业小类":"寺庙道观","wgs84_loc":"121.485655,31.229244","wgs84Lng":121.485655,"wgs84Lat":31.229244,"__source_file__":"02-POI&AOI/1-POI/其它/23/Excel/分类/上海市-POI-2023.csv-风景名胜.csv"},"geometry":{"type":"Point","coordinates":[121.485655,31.229244]}},{"id":"69","type":"Feature","properties":{"id":"acd4eac2-49d5-3314-951f-2633bbf77458","name":"沉香阁","type":"风景名胜;风景名胜;寺庙道观","typecode":"110205","address":"豫园街道沉香阁路29号(豫园地铁站7号口步行400米)","location":"121.490021,31.227389","tel":"021-63203431","pcode":310000,"pname":"上海市","citycode":21,"cityname":"上海市","adcode":310101,"adname":"黄浦区","gridcode":4621637900,"distance":1406,"business_area":"城隍庙","timestamp":"2023-04-26 19:57:11","biz_ext":"{\"rating\": \"4.5\", \"cost\": \"5.00\", \"ticket_ordering\": \"0\"}","行业大类":"风景名胜","行业中类":"风景名胜","行业小类":"寺庙道观","wgs84_loc":"121.485554,31.229379","wgs84Lng":121.485554,"wgs84Lat":31.229379,"__source_file__":"02-POI&AOI/1-POI/其它/23/Excel/分类/上海市-POI-2023.csv-风景名胜.csv"},"geometry":{"type":"Point","coordinates":[121.485554,31.229379]}},{"id":"3863","type":"Feature","properties":{"id":"3190b97d-7aa6-30de-8726-359808978c11","name":"豫园新春民俗艺术灯会","type":"风景名胜;风景名胜相关;旅游景点","typecode":"110000","address":"方浜中路265号豫园商城(豫园地铁站7号口步行330米)","location":"121.491395,31.227393","tel":"[]","pcode":310000,"pname":"上海市","citycode":21,"cityname":"上海市","adcode":310101,"adname":"黄浦区","gridcode":4621637900,"distance":1392,"business_area":"城隍庙","timestamp":"2023-03-25 01:27:12","biz_ext":"{\"rating\": \"4.6\", \"cost\": \"70.00\", \"ticket_ordering\": \"0\"}","行业大类":"风景名胜","行业中类":"风景名胜相关","行业小类":"旅游景点","wgs84_loc":"121.486933,31.229387","wgs84Lng":121.486933,"wgs84Lat":31.229387,"__source_file__":"02-POI&AOI/1-POI/其它/23/Excel/分类/上海市-POI-2023.csv-风景名胜.csv"},"geometry":{"type":"Point","coordinates":[121.486933,31.229387]}},{"id":"372","type":"Feature","properties":{"id":"1be34d2a-bc2d-3b6b-84ab-03b84788cc17","name":"豫园-九曲桥","type":"风景名胜;风景名胜;寺庙道观","typecode":"110205","address":"城隍庙内豫园路115号绿波廊酒楼两楼","location":"121.491811,31.226662","tel":"021-63260830","pcode":310000,"pname":"上海市","citycode":21,"cityname":"上海市","adcode":310101,"adname":"黄浦区","gridcode":4621637901,"distance":698,"business_area":"城隍庙","timestamp":"2023-05-04 03:08:40","biz_ext":"{\"rating\": \"4.6\", \"cost\": [], \"ticket_ordering\": \"0\"}","行业大类":"风景名胜","行业中类":"风景名胜","行业小类":"寺庙道观","wgs84_loc":"121.487351,31.228658","wgs84Lng":121.487351,"wgs84Lat":31.228658,"__source_file__":"02-POI&AOI/1-POI/其它/23/Excel/分类/上海市-POI-2023.csv-风景名胜.csv"},"geometry":{"type":"Point","coordinates":[121.487351,31.228658]}},{"id":"1129","type":"Feature","properties":{"id":"545dd06b-872e-3cf9-b20d-e10df2200883","name":"豫园-湖心亭","type":"风景名胜;风景名胜相关;旅游景点","typecode":"110000","address":"福佑路168号豫园(豫园地铁站7号口步行480米)","location":"121.491870,31.226769","tel":"021-63260830","pcode":310000,"pname":"上海市","citycode":21,"cityname":"上海市","adcode":310101,"adname":"黄浦区","gridcode":4621637901,"distance":710,"business_area":"城隍庙","timestamp":"2023-05-13 11:14:07","biz_ext":"{\"rating\": \"4.3\", \"cost\": \"92.00\", \"ticket_ordering\": \"0\"}","行业大类":"风景名胜","行业中类":"风景名胜相关","行业小类":"旅游景点","wgs84_loc":"121.48741,31.228765","wgs84Lng":121.48741,"wgs84Lat":31.228765,"__source_file__":"02-POI&AOI/1-POI/其它/23/Excel/分类/上海市-POI-2023.csv-风景名胜.csv"},"geometry":{"type":"Point","coordinates":[121.48741,31.228765]}},{"id":"1717","type":"Feature","properties":{"id":"0f6f23d9-5520-337c-bc8e-fe29afd7d206","name":"豫园-海上名园","type":"风景名胜;风景名胜相关;旅游景点","typecode":"110000","address":"放浜中路与三牌楼路交汇处豫园内(西南角)","location":"121.491785,31.227029","tel":"021-63260830","pcode":310000,"pname":"上海市","citycode":21,"cityname":"上海市","adcode":310101,"adname":"黄浦区","gridcode":4621637901,"distance":1198,"business_area":"城隍庙","timestamp":"2023-01-31 17:19:30","biz_ext":"{\"rating\": \"4.6\", \"cost\": [], \"ticket_ordering\": \"0\"}","行业大类":"风景名胜","行业中类":"风景名胜相关","行业小类":"旅游景点","wgs84_loc":"121.487324,31.229025","wgs84Lng":121.487324,"wgs84Lat":31.229025,"__source_file__":"02-POI&AOI/1-POI/其它/23/Excel/分类/上海市-POI-2023.csv-风景名胜.csv"},"geometry":{"type":"Point","coordinates":[121.487324,31.229025]}},{"id":"950","type":"Feature","properties":{"id":"6d74bbac-8a18-35f6-9dba-231d309f0e98","name":"豫园-三穗堂","type":"风景名胜;风景名胜相关;旅游景点","typecode":"110000","address":"安仁街132号豫园内(豫园地铁站7号口步行440米)","location":"121.491855,31.227142","tel":"021-63260830","pcode":310000,"pname":"上海市","citycode":21,"cityname":"上海市","adcode":310101,"adname":"黄浦区","gridcode":4621637901,"distance":1187,"business_area":"城隍庙","timestamp":"2023-04-20 00:24:01","biz_ext":"{\"rating\": \"4.5\", \"cost\": [], \"ticket_ordering\": \"0\"}","行业大类":"风景名胜","行业中类":"风景名胜相关","行业小类":"旅游景点","wgs84_loc":"121.487395,31.229138","wgs84Lng":121.487395,"wgs84Lat":31.229138,"__source_file__":"02-POI&AOI/1-POI/其它/23/Excel/分类/上海市-POI-2023.csv-风景名胜.csv"},"geometry":{"type":"Point","coordinates":[121.487395,31.229138]}},{"id":"1130","type":"Feature","properties":{"id":"aa9d10f1-6d6f-3fa4-b300-b9371e7c44af","name":"九狮轩","type":"风景名胜;风景名胜相关;旅游景点","typecode":"110000","address":"安仁街132号豫园内(西南角)","location":"121.492257,31.227225","tel":"021-63282465","pcode":310000,"pname":"上海市","citycode":21,"cityname":"上海市","adcode":310101,"adname":"黄浦区","gridcode":4621637901,"distance":1982,"business_area":"城隍庙","timestamp":"2022-11-22 00:14:41","biz_ext":"{\"rating\": \"3.5\", \"cost\": [], \"ticket_ordering\": \"0\"}","行业大类":"风景名胜","行业中类":"风景名胜相关","行业小类":"旅游景点","wgs84_loc":"121.487798,31.229222","wgs84Lng":121.487798,"wgs84Lat":31.229222,"__source_file__":"02-POI&AOI/1-POI/其它/23/Excel/分类/上海市-POI-2023.csv-风景名胜.csv"},"geometry":{"type":"Point","coordinates":[121.487798,31.229222]}},{"id":"1113","type":"Feature","properties":{"id":"17221728-77af-3ab6-a73a-910d7631c340","name":"会景楼","type":"风景名胜;风景名胜;风景名胜","typecode":"110200","address":"安仁路132号","location":"121.492278,31.227241","tel":"021-63260830","pcode":310000,"pname":"上海市","citycode":21,"cityname":"上海市","adcode":310101,"adname":"黄浦区","gridcode":4621637901,"distance":1984,"business_area":"城隍庙","timestamp":"2023-02-18 12:25:13","biz_ext":"{\"rating\": \"4.3\", \"cost\": [], \"ticket_ordering\": \"0\"}","行业大类":"风景名胜","行业中类":"风景名胜","行业小类":"风景名胜","wgs84_loc":"121.487819,31.229238","wgs84Lng":121.487819,"wgs84Lat":31.229238,"__source_file__":"02-POI&AOI/1-POI/其它/23/Excel/分类/上海市-POI-2023.csv-风景名胜.csv"},"geometry":{"type":"Point","coordinates":[121.487819,31.229238]}},{"id":"1147","type":"Feature","properties":{"id":"b40007c3-d3d0-35e4-b370-e0af6c211e22","name":"和煦堂","type":"风景名胜;风景名胜相关;旅游景点","typecode":"110000","address":"放浜中路与三牌楼路交汇处豫园内(南侧)","location":"121.492340,31.227250","tel":"021-63260830","pcode":310000,"pname":"上海市","citycode":21,"cityname":"上海市","adcode":310101,"adname":"黄浦区","gridcode":4621637901,"distance":1374,"business_area":"城隍庙","timestamp":"2023-04-21 10:27:38","biz_ext":"{\"rating\": \"3.1\", \"cost\": [], \"ticket_ordering\": \"0\"}","行业大类":"风景名胜","行业中类":"风景名胜相关","行业小类":"旅游景点","wgs84_loc":"121.487881,31.229247","wgs84Lng":121.487881,"wgs84Lat":31.229247,"__source_file__":"02-POI&AOI/1-POI/其它/23/Excel/分类/上海市-POI-2023.csv-风景名胜.csv"},"geometry":{"type":"Point","coordinates":[121.487881,31.229247]}},{"id":"3075","type":"Feature","properties":{"id":"32cd0a1a-ee21-352a-a1fe-6d4e78a09023","name":"藏书楼(旧校场路)","type":"风景名胜;风景名胜;风景名胜","typecode":"110200","address":"安仁路132号","location":"121.492260,31.227337","tel":"021-63260830","pcode":310000,"pname":"上海市","citycode":21,"cityname":"上海市","adcode":310101,"adname":"黄浦区","gridcode":4621637901,"distance":1384,"business_area":"城隍庙","timestamp":"2023-02-07 16:12:44","biz_ext":"{\"rating\": \"2.8\", \"cost\": [], \"ticket_ordering\": \"0\"}","行业大类":"风景名胜","行业中类":"风景名胜","行业小类":"风景名胜","wgs84_loc":"121.487801,31.229334","wgs84Lng":121.487801,"wgs84Lat":31.229334,"__source_file__":"02-POI&AOI/1-POI/其它/23/Excel/分类/上海市-POI-2023.csv-风景名胜.csv"},"geometry":{"type":"Point","coordinates":[121.487801,31.229334]}},{"id":"2789","type":"Feature","properties":{"id":"1ca47d08-8bce-3306-bebb-ebadd63e4353","name":"仰山堂","type":"风景名胜;风景名胜相关;旅游景点","typecode":"110000","address":"安仁路132号","location":"121.492259,31.227337","tel":"021-63260830","pcode":310000,"pname":"上海市","citycode":21,"cityname":"上海市","adcode":310101,"adname":"黄浦区","gridcode":4621637901,"distance":1384,"business_area":"城隍庙","timestamp":"2022-11-22 00:41:02","biz_ext":"{\"rating\": \"3.3\", \"cost\": [], \"ticket_ordering\": \"0\"}","行业大类":"风景名胜","行业中类":"风景名胜相关","行业小类":"旅游景点","wgs84_loc":"121.4878,31.229334","wgs84Lng":121.4878,"wgs84Lat":31.229334,"__source_file__":"02-POI&AOI/1-POI/其它/23/Excel/分类/上海市-POI-2023.csv-风景名胜.csv"},"geometry":{"type":"Point","coordinates":[121.4878,31.229334]}},{"id":"2790","type":"Feature","properties":{"id":"ccd1eeb6-1aa4-32c0-b10f-9543ec2104af","name":"两宜轩","type":"风景名胜;风景名胜;风景名胜","typecode":"110200","address":"安仁路132号","location":"121.492260,31.227337","tel":"021-63260830","pcode":310000,"pname":"上海市","citycode":21,"cityname":"上海市","adcode":310101,"adname":"黄浦区","gridcode":4621637901,"distance":1384,"business_area":"城隍庙","timestamp":"2023-02-01 10:29:39","biz_ext":"{\"rating\": [], \"cost\": [], \"ticket_ordering\": \"0\"}","行业大类":"风景名胜","行业中类":"风景名胜","行业小类":"风景名胜","wgs84_loc":"121.487801,31.229334","wgs84Lng":121.487801,"wgs84Lat":31.229334,"__source_file__":"02-POI&AOI/1-POI/其它/23/Excel/分类/上海市-POI-2023.csv-风景名胜.csv"},"geometry":{"type":"Point","coordinates":[121.487801,31.229334]}},{"id":"3074","type":"Feature","properties":{"id":"ca6cb6a1-b9ed-3702-8005-409422e2bdfe","name":"挹秀亭","type":"风景名胜;风景名胜相关;旅游景点","typecode":"110000","address":"安仁街132号豫园内(西南角)","location":"121.492260,31.227337","tel":"021-63260830","pcode":310000,"pname":"上海市","citycode":21,"cityname":"上海市","adcode":310101,"adname":"黄浦区","gridcode":4621637901,"distance":1384,"business_area":"城隍庙","timestamp":"2023-02-01 10:29:40","biz_ext":"{\"rating\": \"2.8\", \"cost\": [], \"ticket_ordering\": \"0\"}","行业大类":"风景名胜","行业中类":"风景名胜相关","行业小类":"旅游景点","wgs84_loc":"121.487801,31.229334","wgs84Lng":121.487801,"wgs84Lat":31.229334,"__source_file__":"02-POI&AOI/1-POI/其它/23/Excel/分类/上海市-POI-2023.csv-风景名胜.csv"},"geometry":{"type":"Point","coordinates":[121.487801,31.229334]}},{"id":"1114","type":"Feature","properties":{"id":"2068112d-fa74-364e-ae34-62a4a9ae2d53","name":"静宜轩","type":"风景名胜;风景名胜相关;旅游景点","typecode":"110000","address":"安仁街132号豫园内(西南角)","location":"121.492260,31.227337","tel":"021-63260830","pcode":310000,"pname":"上海市","citycode":21,"cityname":"上海市","adcode":310101,"adname":"黄浦区","gridcode":4621637901,"distance":1384,"business_area":"城隍庙","timestamp":"2023-03-29 15:35:38","biz_ext":"{\"rating\": \"3.7\", \"cost\": [], \"ticket_ordering\": \"0\"}","行业大类":"风景名胜","行业中类":"风景名胜相关","行业小类":"旅游景点","wgs84_loc":"121.487801,31.229334","wgs84Lng":121.487801,"wgs84Lat":31.229334,"__source_file__":"02-POI&AOI/1-POI/其它/23/Excel/分类/上海市-POI-2023.csv-风景名胜.csv"},"geometry":{"type":"Point","coordinates":[121.487801,31.229334]}},{"id":"1126","type":"Feature","properties":{"id":"cba2b992-b26f-368e-abdf-20bc3c0bcf01","name":"豫园-望江亭","type":"风景名胜;风景名胜相关;旅游景点","typecode":"110000","address":"安仁路132号","location":"121.492260,31.227337","tel":"021-63260830","pcode":310000,"pname":"上海市","citycode":21,"cityname":"上海市","adcode":310101,"adname":"黄浦区","gridcode":4621637901,"distance":1384,"business_area":"城隍庙","timestamp":"2023-01-28 11:55:24","biz_ext":"{\"rating\": \"3.5\", \"cost\": [], \"ticket_ordering\": \"0\"}","行业大类":"风景名胜","行业中类":"风景名胜相关","行业小类":"旅游景点","wgs84_loc":"121.487801,31.229334","wgs84Lng":121.487801,"wgs84Lat":31.229334,"__source_file__":"02-POI&AOI/1-POI/其它/23/Excel/分类/上海市-POI-2023.csv-风景名胜.csv"},"geometry":{"type":"Point","coordinates":[121.487801,31.229334]}},{"id":"1150","type":"Feature","properties":{"id":"6fb358a1-4c23-3e55-9a11-d3ead66307a9","name":"鱼乐树","type":"风景名胜;风景名胜相关;旅游景点","typecode":"110000","address":"安仁路132号","location":"121.492259,31.227337","tel":"021-63260830","pcode":310000,"pname":"上海市","citycode":21,"cityname":"上海市","adcode":310101,"adname":"黄浦区","gridcode":4621637901,"distance":1384,"business_area":"城隍庙","timestamp":"2023-02-01 10:29:21","biz_ext":"{\"rating\": \"2.9\", \"cost\": [], \"ticket_ordering\": \"0\"}","行业大类":"风景名胜","行业中类":"风景名胜相关","行业小类":"旅游景点","wgs84_loc":"121.4878,31.229334","wgs84Lng":121.4878,"wgs84Lat":31.229334,"__source_file__":"02-POI&AOI/1-POI/其它/23/Excel/分类/上海市-POI-2023.csv-风景名胜.csv"},"geometry":{"type":"Point","coordinates":[121.4878,31.229334]}},{"id":"2105","type":"Feature","properties":{"id":"d27c08e1-3278-3b65-95b6-7b926ed17228","name":"豫园-凤舞鸾吟","type":"风景名胜;风景名胜相关;旅游景点","typecode":"110000","address":"新河镇文昌路10号(豫园地铁站7号口步行450米)","location":"121.492491,31.227480","tel":"021-63260830","pcode":310000,"pname":"上海市","citycode":21,"cityname":"上海市","adcode":310101,"adname":"黄浦区","gridcode":4621637901,"distance":1400,"business_area":"城隍庙","timestamp":"2023-01-28 11:55:37","biz_ext":"{\"rating\": \"3.5\", \"cost\": [], \"ticket_ordering\": \"0\"}","行业大类":"风景名胜","行业中类":"风景名胜相关","行业小类":"旅游景点","wgs84_loc":"121.488033,31.229478","wgs84Lng":121.488033,"wgs84Lat":31.229478,"__source_file__":"02-POI&AOI/1-POI/其它/23/Excel/分类/上海市-POI-2023.csv-风景名胜.csv"},"geometry":{"type":"Point","coordinates":[121.488033,31.229478]}},{"id":"1040","type":"Feature","properties":{"id":"88fb4acd-a0f8-3c4e-84b9-49fe2e708176","name":"豫园-快楼","type":"风景名胜;风景名胜相关;旅游景点","typecode":"110000","address":"福佑路168号豫园(豫园地铁站7号口步行450米)","location":"121.492533,31.227511","tel":"021-63260830","pcode":310000,"pname":"上海市","citycode":21,"cityname":"上海市","adcode":310101,"adname":"黄浦区","gridcode":4621637901,"distance":1403,"business_area":"城隍庙","timestamp":"2023-01-28 11:55:23","biz_ext":"{\"rating\": \"2.7\", \"cost\": [], \"ticket_ordering\": \"0\"}","行业大类":"风景名胜","行业中类":"风景名胜相关","行业小类":"旅游景点","wgs84_loc":"121.488075,31.229509","wgs84Lng":121.488075,"wgs84Lat":31.229509,"__source_file__":"02-POI&AOI/1-POI/其它/23/Excel/分类/上海市-POI-2023.csv-风景名胜.csv"},"geometry":{"type":"Point","coordinates":[121.488075,31.229509]}},{"id":"560","type":"Feature","properties":{"id":"42b168df-1ad2-34bd-8e13-7533a00912f9","name":"点春堂","type":"风景名胜;风景名胜相关;旅游景点","typecode":"110000","address":"安仁路132号豫园湖心亭九曲桥北首","location":"121.492464,31.227594","tel":"021-63260830","pcode":310000,"pname":"上海市","citycode":21,"cityname":"上海市","adcode":310101,"adname":"黄浦区","gridcode":4621637901,"distance":1412,"business_area":"城隍庙","timestamp":"2023-04-22 08:43:09","biz_ext":"{\"rating\": \"4.0\", \"cost\": \"30.00\", \"ticket_ordering\": \"0\"}","行业大类":"风景名胜","行业中类":"风景名胜相关","行业小类":"旅游景点","wgs84_loc":"121.488006,31.229592","wgs84Lng":121.488006,"wgs84Lat":31.229592,"__source_file__":"02-POI&AOI/1-POI/其它/23/Excel/分类/上海市-POI-2023.csv-风景名胜.csv"},"geometry":{"type":"Point","coordinates":[121.488006,31.229592]}},{"id":"2618","type":"Feature","properties":{"id":"c12d8d79-6a11-3866-baa4-bb2962cbd048","name":"广玉兰","type":"风景名胜;风景名胜相关;旅游景点","typecode":"110000","address":"放浜中路与三牌楼路交汇处豫园内(西南角)","location":"121.492251,31.227604","tel":"021-63260830","pcode":310000,"pname":"上海市","citycode":21,"cityname":"上海市","adcode":310101,"adname":"黄浦区","gridcode":4621637901,"distance":1413,"business_area":"城隍庙","timestamp":"2023-02-01 10:29:38","biz_ext":"{\"rating\": \"3.5\", \"cost\": [], \"ticket_ordering\": \"0\"}","行业大类":"风景名胜","行业中类":"风景名胜相关","行业小类":"旅游景点","wgs84_loc":"121.487792,31.229601","wgs84Lng":121.487792,"wgs84Lat":31.229601,"__source_file__":"02-POI&AOI/1-POI/其它/23/Excel/分类/上海市-POI-2023.csv-风景名胜.csv"},"geometry":{"type":"Point","coordinates":[121.487792,31.229601]}},{"id":"1143","type":"Feature","properties":{"id":"34dbd591-2338-338d-9fb4-dbddbf3415f8","name":"古井亭","type":"风景名胜;风景名胜相关;旅游景点","typecode":"110000","address":"安仁街132号豫园内(西侧)","location":"121.492048,31.227652","tel":"021-63260830","pcode":310000,"pname":"上海市","citycode":21,"cityname":"上海市","adcode":310101,"adname":"黄浦区","gridcode":4621637901,"distance":1419,"business_area":"城隍庙","timestamp":"2023-02-01 10:29:20","biz_ext":"{\"rating\": \"3.4\", \"cost\": [], \"ticket_ordering\": \"0\"}","行业大类":"风景名胜","行业中类":"风景名胜相关","行业小类":"旅游景点","wgs84_loc":"121.487588,31.229648","wgs84Lng":121.487588,"wgs84Lat":31.229648,"__source_file__":"02-POI&AOI/1-POI/其它/23/Excel/分类/上海市-POI-2023.csv-风景名胜.csv"},"geometry":{"type":"Point","coordinates":[121.487588,31.229648]}},{"id":"1005","type":"Feature","properties":{"id":"45489234-48e5-371f-9aa1-e93a7584883f","name":"豫园-学圃","type":"风景名胜;风景名胜相关;旅游景点","typecode":"110000","address":"安仁街132号豫园内(豫园地铁站7号口步行430米)","location":"121.492565,31.227652","tel":"021-63260830","pcode":310000,"pname":"上海市","citycode":21,"cityname":"上海市","adcode":310101,"adname":"黄浦区","gridcode":4621637901,"distance":1419,"business_area":"城隍庙","timestamp":"2023-01-28 11:55:23","biz_ext":"{\"rating\": \"2.2\", \"cost\": [], \"ticket_ordering\": \"0\"}","行业大类":"风景名胜","行业中类":"风景名胜相关","行业小类":"旅游景点","wgs84_loc":"121.488107,31.22965","wgs84Lng":121.488107,"wgs84Lat":31.22965,"__source_file__":"02-POI&AOI/1-POI/其它/23/Excel/分类/上海市-POI-2023.csv-风景名胜.csv"},"geometry":{"type":"Point","coordinates":[121.488107,31.22965]}},{"id":"1117","type":"Feature","properties":{"id":"08c96672-e029-3f33-8cfd-70f2db129126","name":"豫园-万花楼","type":"风景名胜;风景名胜相关;旅游景点","typecode":"110000","address":"安仁街132号豫园内(豫园地铁站7号口步行400米)","location":"121.492200,31.227694","tel":"021-63260830","pcode":310000,"pname":"上海市","citycode":21,"cityname":"上海市","adcode":310101,"adname":"黄浦区","gridcode":4621637901,"distance":1423,"business_area":"城隍庙","timestamp":"2023-03-25 16:26:51","biz_ext":"{\"rating\": \"4.2\", \"cost\": [], \"ticket_ordering\": \"0\"}","行业大类":"风景名胜","行业中类":"风景名胜相关","行业小类":"旅游景点","wgs84_loc":"121.487741,31.229691","wgs84Lng":121.487741,"wgs84Lat":31.229691,"__source_file__":"02-POI&AOI/1-POI/其它/23/Excel/分类/上海市-POI-2023.csv-风景名胜.csv"},"geometry":{"type":"Point","coordinates":[121.487741,31.229691]}},{"id":"2578","type":"Feature","properties":{"id":"f57af367-88d5-3748-8e61-75f52635a1ee","name":"银杏树","type":"风景名胜;风景名胜相关;旅游景点","typecode":"110000","address":"安仁街132号豫园内(豫园地铁站7号口步行400米)","location":"121.492190,31.227695","tel":"021-63260830","pcode":310000,"pname":"上海市","citycode":21,"cityname":"上海市","adcode":310101,"adname":"黄浦区","gridcode":4621637901,"distance":1423,"business_area":"城隍庙","timestamp":"2023-02-01 10:29:37","biz_ext":"{\"rating\": \"4.3\", \"cost\": [], \"ticket_ordering\": \"0\"}","行业大类":"风景名胜","行业中类":"风景名胜相关","行业小类":"旅游景点","wgs84_loc":"121.487731,31.229692","wgs84Lng":121.487731,"wgs84Lat":31.229692,"__source_file__":"02-POI&AOI/1-POI/其它/23/Excel/分类/上海市-POI-2023.csv-风景名胜.csv"},"geometry":{"type":"Point","coordinates":[121.487731,31.229692]}},{"id":"604","type":"Feature","properties":{"id":"7a69f0c2-8c1e-3027-be44-2d62390e1afe","name":"豫园","type":"风景名胜;风景名胜;国家级景点","typecode":"110202","address":"福佑路168号","location":"121.492497,31.227714","tel":"021-63260830;021-63282465;4000411155","pcode":310000,"pname":"上海市","citycode":21,"cityname":"上海市","adcode":310101,"adname":"黄浦区","gridcode":4621637901,"distance":1426,"business_area":"城隍庙","timestamp":"2023-05-12 17:23:18","biz_ext":"{\"rating\": \"4.8\", \"cost\": \"15.00\", \"ticket_ordering\": \"0\"}","行业大类":"风景名胜","行业中类":"风景名胜","行业小类":"国家级景点","wgs84_loc":"121.488039,31.229712","wgs84Lng":121.488039,"wgs84Lat":31.229712,"__source_file__":"02-POI&AOI/1-POI/其它/23/Excel/分类/上海市-POI-2023.csv-风景名胜.csv"},"geometry":{"type":"Point","coordinates":[121.488039,31.229712]}},{"id":"946","type":"Feature","properties":{"id":"70ca8903-b6f5-3260-9851-ba840019cfbd","name":"豫园-亦舫","type":"风景名胜;风景名胜相关;旅游景点","typecode":"110000","address":"安仁街132号(城隍庙内)(豫园地铁站7号口步行370米)","location":"121.491874,31.227722","tel":"021-63260830","pcode":310000,"pname":"上海市","citycode":21,"cityname":"上海市","adcode":310101,"adname":"黄浦区","gridcode":4621637901,"distance":1427,"business_area":"城隍庙","timestamp":"2023-01-28 11:55:23","biz_ext":"{\"rating\": \"3.8\", \"cost\": [], \"ticket_ordering\": \"0\"}","行业大类":"风景名胜","行业中类":"风景名胜相关","行业小类":"旅游景点","wgs84_loc":"121.487414,31.229718","wgs84Lng":121.487414,"wgs84Lat":31.229718,"__source_file__":"02-POI&AOI/1-POI/其它/23/Excel/分类/上海市-POI-2023.csv-风景名胜.csv"},"geometry":{"type":"Point","coordinates":[121.487414,31.229718]}},{"id":"2704","type":"Feature","properties":{"id":"5edb275e-d588-324d-a054-7d4f6be4d90c","name":"豫园-萃秀堂","type":"风景名胜;风景名胜相关;旅游景点","typecode":"110000","address":"方浜中路249号(豫园地铁站7号口步行370米)","location":"121.491815,31.227736","tel":"021-63260830","pcode":310000,"pname":"上海市","citycode":21,"cityname":"上海市","adcode":310101,"adname":"黄浦区","gridcode":4621637901,"distance":1429,"business_area":"城隍庙","timestamp":"2023-03-22 08:31:14","biz_ext":"{\"rating\": \"3.5\", \"cost\": [], \"ticket_ordering\": \"0\"}","行业大类":"风景名胜","行业中类":"风景名胜相关","行业小类":"旅游景点","wgs84_loc":"121.487355,31.229732","wgs84Lng":121.487355,"wgs84Lat":31.229732,"__source_file__":"02-POI&AOI/1-POI/其它/23/Excel/分类/上海市-POI-2023.csv-风景名胜.csv"},"geometry":{"type":"Point","coordinates":[121.487355,31.229732]}},{"id":"6301","type":"Feature","properties":{"id":"c1096af3-b13b-3838-8988-8cc8e6e7129d","name":"上海一建勇攀第一","type":"风景名胜;风景名胜相关;旅游景点","typecode":"110000","address":"浏河口路与西藏南路交叉口西南20米","location":"121.481210,31.221675","tel":"[]","pcode":310000,"pname":"上海市","citycode":21,"cityname":"上海市","adcode":310101,"adname":"黄浦区","gridcode":4621636811,"distance":1713,"business_area":"淮海路","timestamp":"2023-03-08 21:35:27","biz_ext":"{\"rating\": \"3.4\", \"cost\": [], \"ticket_ordering\": \"0\"}","行业大类":"风景名胜","行业中类":"风景名胜相关","行业小类":"旅游景点","wgs84_loc":"121.476713,31.223642","wgs84Lng":121.476713,"wgs84Lat":31.223642,"__source_file__":"02-POI&AOI/1-POI/其它/23/Excel/分类/上海市-POI-2023.csv-风景名胜.csv"},"geometry":{"type":"Point","coordinates":[121.476713,31.223642]}},{"id":"3424","type":"Feature","properties":{"id":"2bd90f85-41f0-3c92-8010-9e8a5585c5d2","name":"上海书店遗址","type":"风景名胜;风景名胜相关;旅游景点","typecode":"110000","address":"人民路与同庆街交叉口东北40米","location":"121.483501,31.223152","tel":"[]","pcode":310000,"pname":"上海市","citycode":21,"cityname":"上海市","adcode":310101,"adname":"黄浦区","gridcode":4621636822,"distance":1553,"business_area":"城隍庙","timestamp":"2023-02-02 22:49:05","biz_ext":"{\"rating\": \"4.0\", \"cost\": [], \"ticket_ordering\": \"0\"}","行业大类":"风景名胜","行业中类":"风景名胜相关","行业小类":"旅游景点","wgs84_loc":"121.479012,31.225125","wgs84Lng":121.479012,"wgs84Lat":31.225125,"__source_file__":"02-POI&AOI/1-POI/其它/23/Excel/分类/上海市-POI-2023.csv-风景名胜.csv"},"geometry":{"type":"Point","coordinates":[121.479012,31.225125]}},{"id":"575","type":"Feature","properties":{"id":"c971829f-0ed9-30a9-abff-d510e8882e6d","name":"平声曲社旧址","type":"风景名胜;风景名胜相关;旅游景点","typecode":"110000","address":"大境路259-269(大世界地铁站5号口步行470米)","location":"121.483273,31.224394","tel":"021-63266171","pcode":310000,"pname":"上海市","citycode":21,"cityname":"上海市","adcode":310101,"adname":"黄浦区","gridcode":4621636821,"distance":1309,"business_area":"城隍庙","timestamp":"2023-05-13 09:23:56","biz_ext":"{\"rating\": \"2.8\", \"cost\": [], \"ticket_ordering\": \"0\"}","行业大类":"风景名胜","行业中类":"风景名胜相关","行业小类":"旅游景点","wgs84_loc":"121.478783,31.226366","wgs84Lng":121.478783,"wgs84Lat":31.226366,"__source_file__":"02-POI&AOI/1-POI/其它/23/Excel/分类/上海市-POI-2023.csv-风景名胜.csv"},"geometry":{"type":"Point","coordinates":[121.478783,31.226366]}},{"id":"1538","type":"Feature","properties":{"id":"13d2f133-c7a8-38dc-8071-1e6d084d40cd","name":"上海古城墙和大境道观","type":"风景名胜;风景名胜;寺庙道观","typecode":"110205","address":"小北门大境路269号(大世界地铁站5号口步行470米)","location":"121.483309,31.224425","tel":"021-63266171","pcode":310000,"pname":"上海市","citycode":21,"cityname":"上海市","adcode":310101,"adname":"黄浦区","gridcode":4621636821,"distance":1313,"business_area":"城隍庙","timestamp":"2023-02-07 16:12:29","biz_ext":"{\"rating\": \"4.2\", \"cost\": [], \"ticket_ordering\": \"0\"}","行业大类":"风景名胜","行业中类":"风景名胜","行业小类":"寺庙道观","wgs84_loc":"121.478819,31.226397","wgs84Lng":121.478819,"wgs84Lat":31.226397,"__source_file__":"02-POI&AOI/1-POI/其它/23/Excel/分类/上海市-POI-2023.csv-风景名胜.csv"},"geometry":{"type":"Point","coordinates":[121.478819,31.226397]}},{"id":"102","type":"Feature","properties":{"id":"97d748f3-a1ba-3e5a-bc5e-74fbd3315693","name":"大境阁","type":"风景名胜;风景名胜;寺庙道观","typecode":"110205","address":"大境路259-269(大世界地铁站5号口步行390米)","location":"121.483338,31.224569","tel":"021-63266171","pcode":310000,"pname":"上海市","citycode":21,"cityname":"上海市","adcode":310101,"adname":"黄浦区","gridcode":4621636822,"distance":782,"business_area":"淮海路","timestamp":"2023-05-11 08:36:05","biz_ext":"{\"rating\": \"4.5\", \"cost\": \"5.00\", \"ticket_ordering\": \"0\"}","行业大类":"风景名胜","行业中类":"风景名胜","行业小类":"寺庙道观","wgs84_loc":"121.478848,31.226541","wgs84Lng":121.478848,"wgs84Lat":31.226541,"__source_file__":"02-POI&AOI/1-POI/其它/23/Excel/分类/上海市-POI-2023.csv-风景名胜.csv"},"geometry":{"type":"Point","coordinates":[121.478848,31.226541]}},{"id":"1048","type":"Feature","properties":{"id":"3ab3de99-a1b1-346d-80fa-32d277c3fef0","name":"大境关帝庙","type":"风景名胜;风景名胜;寺庙道观","typecode":"110205","address":"大境路259-269(大世界地铁站5号口步行480米)","location":"121.483337,31.224588","tel":"021-63266171","pcode":310000,"pname":"上海市","citycode":21,"cityname":"上海市","adcode":310101,"adname":"黄浦区","gridcode":4621636822,"distance":1322,"business_area":"城隍庙","timestamp":"2023-05-13 04:29:17","biz_ext":"{\"rating\": \"3.9\", \"cost\": [], \"ticket_ordering\": \"0\"}","行业大类":"风景名胜","行业中类":"风景名胜","行业小类":"寺庙道观","wgs84_loc":"121.478847,31.22656","wgs84Lng":121.478847,"wgs84Lat":31.22656,"__source_file__":"02-POI&AOI/1-POI/其它/23/Excel/分类/上海市-POI-2023.csv-风景名胜.csv"},"geometry":{"type":"Point","coordinates":[121.478847,31.22656]}},{"id":"63","type":"Feature","properties":{"id":"301d0ee1-e7bd-3235-b910-2d1c25f05deb","name":"白云观","type":"风景名胜;风景名胜;寺庙道观","typecode":"110205","address":"大境路239号","location":"121.483763,31.224904","tel":"021-63286728;021-63287236","pcode":310000,"pname":"上海市","citycode":21,"cityname":"上海市","adcode":310101,"adname":"黄浦区","gridcode":4621636822,"distance":757,"business_area":"淮海路","timestamp":"2023-05-08 20:14:45","biz_ext":"{\"rating\": \"4.7\", \"cost\": [], \"ticket_ordering\": \"0\"}","行业大类":"风景名胜","行业中类":"风景名胜","行业小类":"寺庙道观","wgs84_loc":"121.479274,31.226877","wgs84Lng":121.479274,"wgs84Lat":31.226877,"__source_file__":"02-POI&AOI/1-POI/其它/23/Excel/分类/上海市-POI-2023.csv-风景名胜.csv"},"geometry":{"type":"Point","coordinates":[121.479274,31.226877]}},{"id":"369","type":"Feature","properties":{"id":"9fd4d119-8b5f-34cb-9b46-23e9089773dc","name":"四明公所","type":"风景名胜;风景名胜;风景名胜","typecode":"110200","address":"人民路582号(大世界地铁站5号口步行380米)","location":"121.482668,31.225387","tel":"[]","pcode":310000,"pname":"上海市","citycode":21,"cityname":"上海市","adcode":310101,"adname":"黄浦区","gridcode":4621637801,"distance":679,"business_area":"淮海路","timestamp":"2023-05-08 17:07:00","biz_ext":"{\"rating\": \"4.1\", \"cost\": [], \"ticket_ordering\": \"0\"}","行业大类":"风景名胜","行业中类":"风景名胜","行业小类":"风景名胜","wgs84_loc":"121.478176,31.227357","wgs84Lng":121.478176,"wgs84Lat":31.227357,"__source_file__":"02-POI&AOI/1-POI/其它/23/Excel/分类/上海市-POI-2023.csv-风景名胜.csv"},"geometry":{"type":"Point","coordinates":[121.478176,31.227357]}},{"id":"2117","type":"Feature","properties":{"id":"83c59588-8cb7-3b8f-8b59-0dae67fe0bd7","name":"梨园公所旧址","type":"风景名胜;风景名胜相关;旅游景点","typecode":"110000","address":"方浜中路593号","location":"121.486560,31.223742","tel":"[]","pcode":310000,"pname":"上海市","citycode":21,"cityname":"上海市","adcode":310101,"adname":"黄浦区","gridcode":4621636822,"distance":661,"business_area":"城隍庙","timestamp":"2023-04-22 19:44:35","biz_ext":"{\"rating\": \"3.6\", \"cost\": [], \"ticket_ordering\": \"0\"}","行业大类":"风景名胜","行业中类":"风景名胜相关","行业小类":"旅游景点","wgs84_loc":"121.482081,31.225724","wgs84Lng":121.482081,"wgs84Lat":31.225724,"__source_file__":"02-POI&AOI/1-POI/其它/23/Excel/分类/上海市-POI-2023.csv-风景名胜.csv"},"geometry":{"type":"Point","coordinates":[121.482081,31.225724]}},{"id":"567","type":"Feature","properties":{"id":"9fc855a4-b523-3b83-ac27-814b63e1cad3","name":"梨园公所","type":"风景名胜;风景名胜相关;旅游景点","typecode":"110000","address":"方浜中路567-593号附近","location":"121.486613,31.223794","tel":"021-63282892","pcode":310000,"pname":"上海市","citycode":21,"cityname":"上海市","adcode":310101,"adname":"黄浦区","gridcode":4621636822,"distance":661,"business_area":"城隍庙","timestamp":"2022-11-22 17:10:29","biz_ext":"{\"rating\": \"3.6\", \"cost\": [], \"ticket_ordering\": \"0\"}","行业大类":"风景名胜","行业中类":"风景名胜相关","行业小类":"旅游景点","wgs84_loc":"121.482134,31.225776","wgs84Lng":121.482134,"wgs84Lat":31.225776,"__source_file__":"02-POI&AOI/1-POI/其它/23/Excel/分类/上海市-POI-2023.csv-风景名胜.csv"},"geometry":{"type":"Point","coordinates":[121.482134,31.225776]}},{"id":"370","type":"Feature","properties":{"id":"8fbc8945-c313-3e2f-81f8-38eef3ff9416","name":"慈修庵","type":"风景名胜;风景名胜;寺庙道观","typecode":"110205","address":"方浜中路593号","location":"121.486446,31.224121","tel":"[]","pcode":310000,"pname":"上海市","citycode":21,"cityname":"上海市","adcode":310101,"adname":"黄浦区","gridcode":4621636822,"distance":695,"business_area":"城隍庙","timestamp":"2023-03-21 03:56:45","biz_ext":"{\"rating\": \"4.3\", \"cost\": [], \"ticket_ordering\": \"0\"}","行业大类":"风景名胜","行业中类":"风景名胜","行业小类":"寺庙道观","wgs84_loc":"121.481967,31.226102","wgs84Lng":121.481967,"wgs84Lat":31.226102,"__source_file__":"02-POI&AOI/1-POI/其它/23/Excel/分类/上海市-POI-2023.csv-风景名胜.csv"},"geometry":{"type":"Point","coordinates":[121.481967,31.226102]}},{"id":"3003","type":"Feature","properties":{"id":"5c6d3431-e31d-3f16-b4a8-19b9ef6e8a2a","name":"福佑门(出入口)","type":"风景名胜;风景名胜相关;旅游景点","typecode":"110000","address":"河南南路与人民路交叉口东南60米(豫园地铁站1号口旁)","location":"121.487457,31.228395","tel":"[]","pcode":310000,"pname":"上海市","citycode":21,"cityname":"上海市","adcode":310101,"adname":"黄浦区","gridcode":4621637812,"distance":672,"business_area":"城隍庙","timestamp":"2022-07-20 13:50:28","biz_ext":"{\"rating\": [], \"cost\": [], \"ticket_ordering\": \"0\"}","行业大类":"风景名胜","行业中类":"风景名胜相关","行业小类":"旅游景点","wgs84_loc":"121.482981,31.230377","wgs84Lng":121.482981,"wgs84Lat":31.230377,"__source_file__":"02-POI&AOI/1-POI/其它/23/Excel/分类/上海市-POI-2023.csv-风景名胜.csv"},"geometry":{"type":"Point","coordinates":[121.482981,31.230377]}},{"id":"4986","type":"Feature","properties":{"id":"518fd666-795b-3bc7-89d6-5dd8e5bb08f0","name":"华商纱布交易所旧址","type":"风景名胜;风景名胜相关;旅游景点","typecode":"110000","address":"延安东路260号(豫园地铁站6号口步行300米)","location":"121.487350,31.231346","tel":"[]","pcode":310000,"pname":"上海市","citycode":21,"cityname":"上海市","adcode":310101,"adname":"黄浦区","gridcode":4621637822,"distance":841,"business_area":"北京东路","timestamp":"2023-03-27 12:03:18","biz_ext":"{\"rating\": \"3.4\", \"cost\": [], \"ticket_ordering\": \"0\"}","行业大类":"风景名胜","行业中类":"风景名胜相关","行业小类":"旅游景点","wgs84_loc":"121.482873,31.233327","wgs84Lng":121.482873,"wgs84Lat":31.233327,"__source_file__":"02-POI&AOI/1-POI/其它/23/Excel/分类/上海市-POI-2023.csv-风景名胜.csv"},"geometry":{"type":"Point","coordinates":[121.482873,31.233327]}},{"id":"2612","type":"Feature","properties":{"id":"d075fd5a-e3c7-352d-a94c-2a7674217b51","name":"华商纱布交易所","type":"风景名胜;风景名胜;风景名胜","typecode":"110200","address":"延安东路260号(豫园地铁站6号口步行310米)","location":"121.487227,31.231419","tel":"[]","pcode":310000,"pname":"上海市","citycode":21,"cityname":"上海市","adcode":310101,"adname":"黄浦区","gridcode":4621637822,"distance":561,"business_area":"北京东路","timestamp":"2022-07-18 17:34:23","biz_ext":"{\"rating\": \"3.6\", \"cost\": [], \"ticket_ordering\": \"0\"}","行业大类":"风景名胜","行业中类":"风景名胜","行业小类":"风景名胜","wgs84_loc":"121.48275,31.233399","wgs84Lng":121.48275,"wgs84Lat":31.233399,"__source_file__":"02-POI&AOI/1-POI/其它/23/Excel/分类/上海市-POI-2023.csv-风景名胜.csv"},"geometry":{"type":"Point","coordinates":[121.48275,31.233399]}},{"id":"1533","type":"Feature","properties":{"id":"d16cd792-1beb-387e-8edd-fd339d709ddb","name":"恒业里旧址","type":"风景名胜;风景名胜相关;旅游景点","typecode":"110000","address":"江西中路135弄1-13号(豫园地铁站6号口步行460米)","location":"121.487440,31.234188","tel":"[]","pcode":310000,"pname":"上海市","citycode":21,"cityname":"上海市","adcode":310101,"adname":"黄浦区","gridcode":4621638802,"distance":660,"business_area":"北京东路","timestamp":"2023-03-09 07:55:33","biz_ext":"{\"rating\": \"1.0\", \"cost\": [], \"ticket_ordering\": \"0\"}","行业大类":"风景名胜","行业中类":"风景名胜相关","行业小类":"旅游景点","wgs84_loc":"121.482963,31.236168","wgs84Lng":121.482963,"wgs84Lat":31.236168,"__source_file__":"02-POI&AOI/1-POI/其它/23/Excel/分类/上海市-POI-2023.csv-风景名胜.csv"},"geometry":{"type":"Point","coordinates":[121.482963,31.236168]}},{"id":"1596","type":"Feature","properties":{"id":"88cb3322-8c09-3b9e-94d2-796aa9201d84","name":"徽思立","type":"风景名胜;风景名胜相关;旅游景点","typecode":"110000","address":"人民路885号1209室淮海东华大厦","location":"121.483617,31.225508","tel":"[]","pcode":310000,"pname":"上海市","citycode":21,"cityname":"上海市","adcode":310101,"adname":"黄浦区","gridcode":4621637802,"distance":689,"business_area":"城隍庙","timestamp":"2023-01-14 08:48:33","biz_ext":"{\"rating\": \"1.0\", \"cost\": [], \"ticket_ordering\": \"0\"}","行业大类":"风景名胜","行业中类":"风景名胜相关","行业小类":"旅游景点","wgs84_loc":"121.479128,31.22748","wgs84Lng":121.479128,"wgs84Lat":31.22748,"__source_file__":"02-POI&AOI/1-POI/其它/23/Excel/分类/上海市-POI-2023.csv-风景名胜.csv"},"geometry":{"type":"Point","coordinates":[121.479128,31.22748]}},{"id":"4841","type":"Feature","properties":{"id":"8d0b0f9f-f785-3816-89c2-aa9b5efdca2c","name":"仙女谷","type":"风景名胜;风景名胜相关;旅游景点","typecode":"110000","address":"淮海东路与云南南路交叉口东北40米","location":"121.481998,31.226464","tel":"[]","pcode":310000,"pname":"上海市","citycode":21,"cityname":"上海市","adcode":310101,"adname":"黄浦区","gridcode":4621637801,"distance":551,"business_area":"北京东路","timestamp":"2022-07-20 16:18:33","biz_ext":"{\"rating\": \"3.3\", \"cost\": [], \"ticket_ordering\": \"0\"}","行业大类":"风景名胜","行业中类":"风景名胜相关","行业小类":"旅游景点","wgs84_loc":"121.477503,31.228431","wgs84Lng":121.477503,"wgs84Lat":31.228431,"__source_file__":"02-POI&AOI/1-POI/其它/23/Excel/分类/上海市-POI-2023.csv-风景名胜.csv"},"geometry":{"type":"Point","coordinates":[121.477503,31.228431]}},{"id":"569","type":"Feature","properties":{"id":"7e2958b9-7b84-3052-8286-307560fa1d22","name":"延福绿地","type":"风景名胜;公园广场;公园","typecode":"110101","address":"延安东路293号(大世界地铁站1号口步行450米)","location":"121.482778,31.229991","tel":"[]","pcode":310000,"pname":"上海市","citycode":21,"cityname":"上海市","adcode":310101,"adname":"黄浦区","gridcode":4621637811,"distance":207,"business_area":"北京东路","timestamp":"2023-05-10 23:32:44","biz_ext":"{\"rating\": \"4.4\", \"cost\": \"7.00\", \"ticket_ordering\": \"0\"}","行业大类":"风景名胜","行业中类":"公园广场","行业小类":"公园","wgs84_loc":"121.478286,31.231959","wgs84Lng":121.478286,"wgs84Lat":31.231959,"__source_file__":"02-POI&AOI/1-POI/其它/23/Excel/分类/上海市-POI-2023.csv-风景名胜.csv"},"geometry":{"type":"Point","coordinates":[121.478286,31.231959]}},{"id":"5008","type":"Feature","properties":{"id":"099786e6-c23c-3164-b7c6-35bc8fef6788","name":"中共中央与中央军委联络点旧址","type":"风景名胜;风景名胜;红色景区","typecode":"110210","address":"浙江中路112号(原浙江路清和坊)","location":"121.480212,31.231842","tel":"[]","pcode":310000,"pname":"上海市","citycode":21,"cityname":"上海市","adcode":310101,"adname":"黄浦区","gridcode":4621637821,"distance":117,"business_area":"北京东路","timestamp":"2023-03-20 11:26:50","biz_ext":"{\"rating\": \"3.8\", \"cost\": [], \"ticket_ordering\": \"0\"}","行业大类":"风景名胜","行业中类":"风景名胜","行业小类":"红色景区","wgs84_loc":"121.475711,31.233802","wgs84Lng":121.475711,"wgs84Lat":31.233802,"__source_file__":"02-POI&AOI/1-POI/其它/23/Excel/分类/上海市-POI-2023.csv-风景名胜.csv"},"geometry":{"type":"Point","coordinates":[121.475711,31.233802]}},{"id":"600","type":"Feature","properties":{"id":"6210b032-4749-3fa7-9d64-9ddb55b9fa0f","name":"福州路文化街","type":"风景名胜;风景名胜相关;旅游景点","typecode":"110000","address":"福州路","location":"121.482638,31.233826","tel":"[]","pcode":310000,"pname":"上海市","citycode":21,"cityname":"上海市","adcode":310101,"adname":"黄浦区","gridcode":4621638801,"distance":299,"business_area":"北京东路","timestamp":"2023-03-09 16:36:05","biz_ext":"{\"rating\": \"4.7\", \"cost\": [], \"ticket_ordering\": \"0\"}","行业大类":"风景名胜","行业中类":"风景名胜相关","行业小类":"旅游景点","wgs84_loc":"121.478145,31.235792","wgs84Lng":121.478145,"wgs84Lat":31.235792,"__source_file__":"02-POI&AOI/1-POI/其它/23/Excel/分类/上海市-POI-2023.csv-风景名胜.csv"},"geometry":{"type":"Point","coordinates":[121.478145,31.235792]}},{"id":"4518","type":"Feature","properties":{"id":"f552f80f-14aa-3a67-af0f-3dab1cdad499","name":"文汇报社旧址","type":"风景名胜;风景名胜相关;旅游景点","typecode":"110000","address":"福州路与福建中路交叉口东北60米","location":"121.482256,31.233840","tel":"[]","pcode":310000,"pname":"上海市","citycode":21,"cityname":"上海市","adcode":310101,"adname":"黄浦区","gridcode":4621638801,"distance":995,"business_area":"北京东路","timestamp":"2023-04-20 19:46:42","biz_ext":"{\"rating\": \"3.2\", \"cost\": [], \"ticket_ordering\": \"0\"}","行业大类":"风景名胜","行业中类":"风景名胜相关","行业小类":"旅游景点","wgs84_loc":"121.477761,31.235805","wgs84Lng":121.477761,"wgs84Lat":31.235805,"__source_file__":"02-POI&AOI/1-POI/其它/23/Excel/分类/上海市-POI-2023.csv-风景名胜.csv"},"geometry":{"type":"Point","coordinates":[121.477761,31.235805]}},{"id":"1617","type":"Feature","properties":{"id":"2c3333fc-9da5-343c-a58a-f3c496d9aeaa","name":"世纪广场(南京路步行街)(装修中)","type":"风景名胜;公园广场;城市广场","typecode":"110105","address":"南京东路587号(南京东路地铁站4号口步行330米)","location":"121.479688,31.235308","tel":"[]","pcode":310000,"pname":"上海市","citycode":21,"cityname":"上海市","adcode":310101,"adname":"黄浦区","gridcode":4621638801,"distance":1406,"business_area":"北京东路","timestamp":"2023-05-08 20:01:14","biz_ext":"{\"rating\": \"4.6\", \"cost\": [], \"ticket_ordering\": \"0\"}","行业大类":"风景名胜","行业中类":"公园广场","行业小类":"城市广场","wgs84_loc":"121.475184,31.237265","wgs84Lng":121.475184,"wgs84Lat":31.237265,"__source_file__":"02-POI&AOI/1-POI/其它/23/Excel/分类/上海市-POI-2023.csv-风景名胜.csv"},"geometry":{"type":"Point","coordinates":[121.475184,31.237265]}},{"id":"1915","type":"Feature","properties":{"id":"83ef2966-9259-3707-978e-77956b043eb2","name":"世纪元钟","type":"风景名胜;风景名胜相关;旅游景点","typecode":"110000","address":"南京东路558号南京路步行街(东南角)","location":"121.480432,31.235348","tel":"[]","pcode":310000,"pname":"上海市","citycode":21,"cityname":"上海市","adcode":310101,"adname":"黄浦区","gridcode":4621638801,"distance":975,"business_area":"北京东路","timestamp":"2023-02-24 11:22:33","biz_ext":"{\"rating\": \"3.8\", \"cost\": [], \"ticket_ordering\": \"0\"}","行业大类":"风景名胜","行业中类":"风景名胜相关","行业小类":"旅游景点","wgs84_loc":"121.475931,31.237307","wgs84Lng":121.475931,"wgs84Lat":31.237307,"__source_file__":"02-POI&AOI/1-POI/其它/23/Excel/分类/上海市-POI-2023.csv-风景名胜.csv"},"geometry":{"type":"Point","coordinates":[121.475931,31.237307]}},{"id":"2184","type":"Feature","properties":{"id":"885ec466-346a-3995-b71e-d09bca65c52e","name":"申报馆旧址","type":"风景名胜;风景名胜相关;旅游景点","typecode":"110000","address":"汉口路309号(南京东路地铁站3号口步行180米)","location":"121.484102,31.235450","tel":"[]","pcode":310000,"pname":"上海市","citycode":21,"cityname":"上海市","adcode":310101,"adname":"黄浦区","gridcode":4621638802,"distance":524,"business_area":"北京东路","timestamp":"2023-04-12 01:45:28","biz_ext":"{\"rating\": \"4.4\", \"cost\": [], \"ticket_ordering\": \"0\"}","行业大类":"风景名胜","行业中类":"风景名胜相关","行业小类":"旅游景点","wgs84_loc":"121.479614,31.237419","wgs84Lng":121.479614,"wgs84Lat":31.237419,"__source_file__":"02-POI&AOI/1-POI/其它/23/Excel/分类/上海市-POI-2023.csv-风景名胜.csv"},"geometry":{"type":"Point","coordinates":[121.479614,31.237419]}},{"id":"4983","type":"Feature","properties":{"id":"ca3574ea-ad38-3188-a832-1d810aa7e401","name":"上海脱单便利店","type":"风景名胜;风景名胜相关;旅游景点","typecode":"110000","address":"南京东路353号悦荟广场3楼","location":"121.483609,31.236593","tel":"19536997643","pcode":310000,"pname":"上海市","citycode":21,"cityname":"上海市","adcode":310101,"adname":"黄浦区","gridcode":4621638812,"distance":1273,"business_area":"北京东路","timestamp":"2023-05-12 22:29:18","biz_ext":"{\"rating\": \"4.0\", \"cost\": [], \"ticket_ordering\": \"0\"}","行业大类":"风景名胜","行业中类":"风景名胜相关","行业小类":"旅游景点","wgs84_loc":"121.479119,31.23856","wgs84Lng":121.479119,"wgs84Lat":31.23856,"__source_file__":"02-POI&AOI/1-POI/其它/23/Excel/分类/上海市-POI-2023.csv-风景名胜.csv"},"geometry":{"type":"Point","coordinates":[121.479119,31.23856]}},{"id":"71","type":"Feature","properties":{"id":"12cd4558-b8d2-38d6-863d-ab4765bac4ff","name":"上海总会","type":"风景名胜;风景名胜;风景名胜","typecode":"110200","address":"中山东一路2号华尔道夫酒店","location":"121.490944,31.233762","tel":"[]","pcode":310000,"pname":"上海市","citycode":21,"cityname":"上海市","adcode":310101,"adname":"黄浦区","gridcode":4621638900,"distance":1466,"business_area":"北京东路","timestamp":"2023-02-16 18:11:57","biz_ext":"{\"rating\": \"4.4\", \"cost\": [], \"ticket_ordering\": \"0\"}","行业大类":"风景名胜","行业中类":"风景名胜","行业小类":"风景名胜","wgs84_loc":"121.48648,31.235752","wgs84Lng":121.48648,"wgs84Lat":31.235752,"__source_file__":"02-POI&AOI/1-POI/其它/23/Excel/分类/上海市-POI-2023.csv-风景名胜.csv"},"geometry":{"type":"Point","coordinates":[121.48648,31.235752]}},{"id":"1494","type":"Feature","properties":{"id":"8cd43e3c-34af-3220-99d9-1ad48e9c1c4a","name":"三菱大楼旧址","type":"风景名胜;风景名胜相关;旅游景点","typecode":"110000","address":"广东路与四川中路交叉口西20米","location":"121.489201,31.233941","tel":"[]","pcode":310000,"pname":"上海市","citycode":21,"cityname":"上海市","adcode":310101,"adname":"黄浦区","gridcode":4621638900,"distance":817,"business_area":"北京东路","timestamp":"2023-01-16 20:45:00","biz_ext":"{\"rating\": \"3.8\", \"cost\": [], \"ticket_ordering\": \"0\"}","行业大类":"风景名胜","行业中类":"风景名胜相关","行业小类":"旅游景点","wgs84_loc":"121.484731,31.235926","wgs84Lng":121.484731,"wgs84Lat":31.235926,"__source_file__":"02-POI&AOI/1-POI/其它/23/Excel/分类/上海市-POI-2023.csv-风景名胜.csv"},"geometry":{"type":"Point","coordinates":[121.484731,31.235926]}},{"id":"1498","type":"Feature","properties":{"id":"aaf2432d-8251-3f01-aeef-7db42e29252e","name":"美孚洋行旧址","type":"风景名胜;风景名胜相关;旅游景点","typecode":"110000","address":"广东路94号","location":"121.489186,31.233976","tel":"[]","pcode":310000,"pname":"上海市","citycode":21,"cityname":"上海市","adcode":310101,"adname":"黄浦区","gridcode":4621638900,"distance":815,"business_area":"北京东路","timestamp":"2023-01-16 20:33:12","biz_ext":"{\"rating\": \"3.9\", \"cost\": [], \"ticket_ordering\": \"0\"}","行业大类":"风景名胜","行业中类":"风景名胜相关","行业小类":"旅游景点","wgs84_loc":"121.484716,31.235961","wgs84Lng":121.484716,"wgs84Lat":31.235961,"__source_file__":"02-POI&AOI/1-POI/其它/23/Excel/分类/上海市-POI-2023.csv-风景名胜.csv"},"geometry":{"type":"Point","coordinates":[121.484716,31.235961]}},{"id":"1463","type":"Feature","properties":{"id":"f7a0804e-a423-3680-ac91-e09e9aa9d783","name":"上海总会-有利银行旧址","type":"风景名胜;风景名胜相关;旅游景点","typecode":"110000","address":"滇池路63号万国建筑博览群(东南角)","location":"121.491049,31.234282","tel":"[]","pcode":310000,"pname":"上海市","citycode":21,"cityname":"上海市","adcode":310101,"adname":"黄浦区","gridcode":4621638900,"distance":969,"business_area":"北京东路","timestamp":"2023-04-26 19:40:53","biz_ext":"{\"rating\": \"3.4\", \"cost\": [], \"ticket_ordering\": \"0\"}","行业大类":"风景名胜","行业中类":"风景名胜相关","行业小类":"旅游景点","wgs84_loc":"121.486585,31.236272","wgs84Lng":121.486585,"wgs84Lat":31.236272,"__source_file__":"02-POI&AOI/1-POI/其它/23/Excel/分类/上海市-POI-2023.csv-风景名胜.csv"},"geometry":{"type":"Point","coordinates":[121.486585,31.236272]}},{"id":"637","type":"Feature","properties":{"id":"5b062145-f626-3df6-b176-f0910bae755c","name":"日清大楼","type":"风景名胜;风景名胜相关;旅游景点","typecode":"110000","address":"广东路20号外滩5号","location":"121.490816,31.234472","tel":"[]","pcode":310000,"pname":"上海市","citycode":21,"cityname":"上海市","adcode":310101,"adname":"黄浦区","gridcode":4621638900,"distance":942,"business_area":"北京东路","timestamp":"2023-05-08 17:23:33","biz_ext":"{\"rating\": \"3.8\", \"cost\": [], \"ticket_ordering\": \"0\"}","行业大类":"风景名胜","行业中类":"风景名胜相关","行业小类":"旅游景点","wgs84_loc":"121.486351,31.236461","wgs84Lng":121.486351,"wgs84Lat":31.236461,"__source_file__":"02-POI&AOI/1-POI/其它/23/Excel/分类/上海市-POI-2023.csv-风景名胜.csv"},"geometry":{"type":"Point","coordinates":[121.486351,31.236461]}},{"id":"1446","type":"Feature","properties":{"id":"639e0617-be79-36e2-93be-871da6cbcad8","name":"中国通商银行","type":"风景名胜;风景名胜;风景名胜","typecode":"110200","address":"中山东一路6号外滩6号","location":"121.490538,31.234735","tel":"[]","pcode":310000,"pname":"上海市","citycode":21,"cityname":"上海市","adcode":310101,"adname":"黄浦区","gridcode":4621638900,"distance":908,"business_area":"北京东路","timestamp":"2023-02-16 18:12:02","biz_ext":"{\"rating\": \"3.5\", \"cost\": [], \"ticket_ordering\": \"0\"}","行业大类":"风景名胜","行业中类":"风景名胜","行业小类":"风景名胜","wgs84_loc":"121.486072,31.236724","wgs84Lng":121.486072,"wgs84Lat":31.236724,"__source_file__":"02-POI&AOI/1-POI/其它/23/Excel/分类/上海市-POI-2023.csv-风景名胜.csv"},"geometry":{"type":"Point","coordinates":[121.486072,31.236724]}},{"id":"1154","type":"Feature","properties":{"id":"d5f21d34-9737-38b4-80f1-ec96b12ba1c8","name":"外滩-观景大道","type":"风景名胜;风景名胜;风景名胜","typecode":"110200","address":"中山东一路(外滩)411号","location":"121.491348,31.234814","tel":"[]","pcode":310000,"pname":"上海市","citycode":21,"cityname":"上海市","adcode":310101,"adname":"黄浦区","gridcode":4621638900,"distance":1199,"business_area":"北京东路","timestamp":"2023-05-03 07:24:51","biz_ext":"{\"rating\": \"4.9\", \"cost\": [], \"ticket_ordering\": \"0\"}","行业大类":"风景名胜","行业中类":"风景名胜","行业小类":"风景名胜","wgs84_loc":"121.486885,31.236805","wgs84Lng":121.486885,"wgs84Lat":31.236805,"__source_file__":"02-POI&AOI/1-POI/其它/23/Excel/分类/上海市-POI-2023.csv-风景名胜.csv"},"geometry":{"type":"Point","coordinates":[121.486885,31.236805]}},{"id":"2059","type":"Feature","properties":{"id":"5658bf2d-be46-30d9-888c-ddf018b57538","name":"大北电报公司旧址","type":"风景名胜;风景名胜相关;旅游景点","typecode":"110000","address":"滇池路63号万国建筑博览群(东南角)","location":"121.490480,31.235080","tel":"[]","pcode":310000,"pname":"上海市","citycode":21,"cityname":"上海市","adcode":310101,"adname":"黄浦区","gridcode":4621638900,"distance":894,"business_area":"北京东路","timestamp":"2023-02-16 18:12:06","biz_ext":"{\"rating\": \"3.8\", \"cost\": [], \"ticket_ordering\": \"0\"}","行业大类":"风景名胜","行业中类":"风景名胜相关","行业小类":"旅游景点","wgs84_loc":"121.486014,31.237068","wgs84Lng":121.486014,"wgs84Lat":31.237068,"__source_file__":"02-POI&AOI/1-POI/其它/23/Excel/分类/上海市-POI-2023.csv-风景名胜.csv"},"geometry":{"type":"Point","coordinates":[121.486014,31.237068]}},{"id":"6507","type":"Feature","properties":{"id":"2ac62471-9696-3d75-aab8-315c7487026e","name":"文萃社旧址","type":"风景名胜;风景名胜相关;旅游景点","typecode":"110000","address":"福州路与四川中路交叉口西40米","location":"121.488601,31.235183","tel":"[]","pcode":310000,"pname":"上海市","citycode":21,"cityname":"上海市","adcode":310101,"adname":"黄浦区","gridcode":4621638900,"distance":874,"business_area":"北京东路","timestamp":"2022-09-05 18:30:05","biz_ext":"{\"rating\": \"3.2\", \"cost\": [], \"ticket_ordering\": \"0\"}","行业大类":"风景名胜","行业中类":"风景名胜相关","行业小类":"旅游景点","wgs84_loc":"121.484128,31.237166","wgs84Lng":121.484128,"wgs84Lat":31.237166,"__source_file__":"02-POI&AOI/1-POI/其它/23/Excel/分类/上海市-POI-2023.csv-风景名胜.csv"},"geometry":{"type":"Point","coordinates":[121.484128,31.237166]}},{"id":"2463","type":"Feature","properties":{"id":"0e254b7e-63be-3149-bbd6-0dbe862ea257","name":"旗昌洋行","type":"风景名胜;风景名胜相关;旅游景点","typecode":"110000","address":"滇池路63号万国建筑博览群内(南侧)","location":"121.489843,31.235385","tel":"[]","pcode":310000,"pname":"上海市","citycode":21,"cityname":"上海市","adcode":310101,"adname":"黄浦区","gridcode":4621638900,"distance":1123,"business_area":"北京东路","timestamp":"2023-04-19 11:26:52","biz_ext":"{'rating': '3.7', 'cost': [], 'ticket_ordering': '0'}","行业大类":"风景名胜","行业中类":"风景名胜相关","行业小类":"旅游景点","wgs84_loc":"121.485375,31.237371","wgs84Lng":121.485375,"wgs84Lat":31.237371,"__source_file__":"02-POI&AOI/1-POI/其它/23/Excel/分类/上海市-POI-2023.csv-风景名胜.csv"},"geometry":{"type":"Point","coordinates":[121.485375,31.237371]}},{"id":"1591","type":"Feature","properties":{"id":"fbfb34e6-7877-34a0-8308-6c1398771d16","name":"谦信大楼旧址","type":"风景名胜;风景名胜相关;旅游景点","typecode":"110000","address":"江西中路138号(豫园地铁站6号口步行460米)","location":"121.487672,31.234244","tel":"[]","pcode":310000,"pname":"上海市","citycode":21,"cityname":"上海市","adcode":310101,"adname":"黄浦区","gridcode":4621638900,"distance":683,"business_area":"北京东路","timestamp":"2023-04-22 12:26:26","biz_ext":"{\"rating\": \"3.8\", \"cost\": [], \"ticket_ordering\": \"0\"}","行业大类":"风景名胜","行业中类":"风景名胜相关","行业小类":"旅游景点","wgs84_loc":"121.483196,31.236224","wgs84Lng":121.483196,"wgs84Lat":31.236224,"__source_file__":"02-POI&AOI/1-POI/其它/23/Excel/分类/上海市-POI-2023.csv-风景名胜.csv"},"geometry":{"type":"Point","coordinates":[121.483196,31.236224]}},{"id":"1447","type":"Feature","properties":{"id":"e2299b8f-23ce-3648-b19b-e1f01696b35a","name":"美国花旗总会","type":"风景名胜;风景名胜;风景名胜","typecode":"110200","address":"福州路209号(南京东路地铁站2号口步行430米)","location":"121.486436,31.234632","tel":"[]","pcode":310000,"pname":"上海市","citycode":21,"cityname":"上海市","adcode":310101,"adname":"黄浦区","gridcode":4621638802,"distance":1551,"business_area":"北京东路","timestamp":"2023-02-06 11:56:55","biz_ext":"{\"rating\": \"3.7\", \"cost\": [], \"ticket_ordering\": \"0\"}","行业大类":"风景名胜","行业中类":"风景名胜","行业小类":"风景名胜","wgs84_loc":"121.481956,31.236608","wgs84Lng":121.481956,"wgs84Lat":31.236608,"__source_file__":"02-POI&AOI/1-POI/其它/23/Excel/分类/上海市-POI-2023.csv-风景名胜.csv"},"geometry":{"type":"Point","coordinates":[121.481956,31.236608]}},{"id":"1415","type":"Feature","properties":{"id":"aef558e1-138a-3949-945a-2d715728e020","name":"汉弥尔登大楼","type":"风景名胜;风景名胜;风景名胜","typecode":"110200","address":"江西中路170-1号","location":"121.487675,31.234826","tel":"[]","pcode":310000,"pname":"上海市","citycode":21,"cityname":"上海市","adcode":310101,"adname":"黄浦区","gridcode":4621638900,"distance":715,"business_area":"北京东路","timestamp":"2022-08-18 21:52:33","biz_ext":"{\"rating\": \"3.1\", \"cost\": [], \"ticket_ordering\": \"0\"}","行业大类":"风景名胜","行业中类":"风景名胜","行业小类":"风景名胜","wgs84_loc":"121.483199,31.236806","wgs84Lng":121.483199,"wgs84Lat":31.236806,"__source_file__":"02-POI&AOI/1-POI/其它/23/Excel/分类/上海市-POI-2023.csv-风景名胜.csv"},"geometry":{"type":"Point","coordinates":[121.483199,31.236806]}},{"id":"5450","type":"Feature","properties":{"id":"9b081514-44d1-3be3-9105-b0c21a51b016","name":"汉弥尔登大楼旧址(历史建筑)","type":"风景名胜;风景名胜相关;旅游景点","typecode":"110000","address":"江西中路170-1号","location":"121.487654,31.234839","tel":"[]","pcode":310000,"pname":"上海市","citycode":21,"cityname":"上海市","adcode":310101,"adname":"黄浦区","gridcode":4621638900,"distance":714,"business_area":"北京东路","timestamp":"2023-05-08 20:03:40","biz_ext":"{\"rating\": \"2.9\", \"cost\": [], \"ticket_ordering\": \"0\"}","行业大类":"风景名胜","行业中类":"风景名胜相关","行业小类":"旅游景点","wgs84_loc":"121.483178,31.236819","wgs84Lng":121.483178,"wgs84Lat":31.236819,"__source_file__":"02-POI&AOI/1-POI/其它/23/Excel/分类/上海市-POI-2023.csv-风景名胜.csv"},"geometry":{"type":"Point","coordinates":[121.483178,31.236819]}},{"id":"2816","type":"Feature","properties":{"id":"8b9b71ee-761f-3236-8794-1f3ec7ef8e8e","name":"都城饭店旧址","type":"风景名胜;风景名胜相关;旅游景点","typecode":"110000","address":"江西中路180号","location":"121.487449,31.235238","tel":"[]","pcode":310000,"pname":"上海市","citycode":21,"cityname":"上海市","adcode":310101,"adname":"黄浦区","gridcode":4621638802,"distance":1521,"business_area":"北京东路","timestamp":"2023-03-09 15:33:44","biz_ext":"{\"rating\": \"3.5\", \"cost\": [], \"ticket_ordering\": \"0\"}","行业大类":"风景名胜","行业中类":"风景名胜相关","行业小类":"旅游景点","wgs84_loc":"121.482972,31.237217","wgs84Lng":121.482972,"wgs84Lat":31.237217,"__source_file__":"02-POI&AOI/1-POI/其它/23/Excel/分类/上海市-POI-2023.csv-风景名胜.csv"},"geometry":{"type":"Point","coordinates":[121.482972,31.237217]}},{"id":"1406","type":"Feature","properties":{"id":"cdc313b9-9e3f-3c8f-900d-20782fe5c7b7","name":"浙江第一商业银行","type":"风景名胜;风景名胜;风景名胜","typecode":"110200","address":"汉口路151号(南京东路地铁站3号口步行430米)","location":"121.487322,31.236006","tel":"[]","pcode":310000,"pname":"上海市","citycode":21,"cityname":"上海市","adcode":310101,"adname":"黄浦区","gridcode":4621638812,"distance":768,"business_area":"北京东路","timestamp":"2023-04-21 07:35:59","biz_ext":"{\"rating\": \"3.9\", \"cost\": [], \"ticket_ordering\": \"0\"}","行业大类":"风景名胜","行业中类":"风景名胜","行业小类":"风景名胜","wgs84_loc":"121.482845,31.237984","wgs84Lng":121.482845,"wgs84Lat":31.237984,"__source_file__":"02-POI&AOI/1-POI/其它/23/Excel/分类/上海市-POI-2023.csv-风景名胜.csv"},"geometry":{"type":"Point","coordinates":[121.482845,31.237984]}},{"id":"1547","type":"Feature","properties":{"id":"644739ae-bdc4-32e7-8ca2-f614b8132650","name":"中南大楼","type":"风景名胜;风景名胜;风景名胜","typecode":"110200","address":"汉口路110号(南京东路地铁站2号口步行490米)","location":"121.487951,31.236676","tel":"[]","pcode":310000,"pname":"上海市","citycode":21,"cityname":"上海市","adcode":310101,"adname":"黄浦区","gridcode":4621638910,"distance":1396,"business_area":"北京东路","timestamp":"2023-01-17 23:23:57","biz_ext":"{\"rating\": \"4.4\", \"cost\": [], \"ticket_ordering\": \"0\"}","行业大类":"风景名胜","行业中类":"风景名胜","行业小类":"风景名胜","wgs84_loc":"121.483476,31.238656","wgs84Lng":121.483476,"wgs84Lat":31.238656,"__source_file__":"02-POI&AOI/1-POI/其它/23/Excel/分类/上海市-POI-2023.csv-风景名胜.csv"},"geometry":{"type":"Point","coordinates":[121.483476,31.238656]}},{"id":"1503","type":"Feature","properties":{"id":"a4f2bc84-c839-3090-adbc-8fd798fee5dd","name":"同仁医院旧址","type":"风景名胜;风景名胜相关;旅游景点","typecode":"110000","address":"九江路219号(南京东路地铁站3号口步行240米)","location":"121.485880,31.236692","tel":"[]","pcode":310000,"pname":"上海市","citycode":21,"cityname":"上海市","adcode":310101,"adname":"黄浦区","gridcode":4621638812,"distance":732,"business_area":"北京东路","timestamp":"2023-03-09 16:43:35","biz_ext":"{\"rating\": \"3.7\", \"cost\": [], \"ticket_ordering\": \"0\"}","行业大类":"风景名胜","行业中类":"风景名胜相关","行业小类":"旅游景点","wgs84_loc":"121.481398,31.238666","wgs84Lng":121.481398,"wgs84Lat":31.238666,"__source_file__":"02-POI&AOI/1-POI/其它/23/Excel/分类/上海市-POI-2023.csv-风景名胜.csv"},"geometry":{"type":"Point","coordinates":[121.481398,31.238666]}},{"id":"1520","type":"Feature","properties":{"id":"2dc979b6-fd16-3d6d-a0b6-110489652131","name":"百乐饭店旧址","type":"风景名胜;风景名胜相关;旅游景点","typecode":"110000","address":"九江路219号(南京东路地铁站3号口步行240米)","location":"121.485874,31.236701","tel":"[]","pcode":310000,"pname":"上海市","citycode":21,"cityname":"上海市","adcode":310101,"adname":"黄浦区","gridcode":4621638812,"distance":733,"business_area":"北京东路","timestamp":"2023-01-16 20:32:38","biz_ext":"{\"rating\": \"3.1\", \"cost\": [], \"ticket_ordering\": \"0\"}","行业大类":"风景名胜","行业中类":"风景名胜相关","行业小类":"旅游景点","wgs84_loc":"121.481392,31.238675","wgs84Lng":121.481392,"wgs84Lat":31.238675,"__source_file__":"02-POI&AOI/1-POI/其它/23/Excel/分类/上海市-POI-2023.csv-风景名胜.csv"},"geometry":{"type":"Point","coordinates":[121.481392,31.238675]}},{"id":"428","type":"Feature","properties":{"id":"469833fc-5832-3a0a-8739-2afb1454b8ce","name":"圣三一堂","type":"风景名胜;风景名胜;教堂","typecode":"110206","address":"九江路219号(近江西中路)","location":"121.486003,31.236744","tel":"[]","pcode":310000,"pname":"上海市","citycode":21,"cityname":"上海市","adcode":310101,"adname":"黄浦区","gridcode":4621638812,"distance":744,"business_area":"北京东路","timestamp":"2023-05-09 08:53:29","biz_ext":"{\"rating\": \"4.7\", \"cost\": [], \"ticket_ordering\": \"0\"}","行业大类":"风景名胜","行业中类":"风景名胜","行业小类":"教堂","wgs84_loc":"121.481521,31.238718","wgs84Lng":121.481521,"wgs84Lat":31.238718,"__source_file__":"02-POI&AOI/1-POI/其它/23/Excel/分类/上海市-POI-2023.csv-风景名胜.csv"},"geometry":{"type":"Point","coordinates":[121.481521,31.238718]}},{"id":"1445","type":"Feature","properties":{"id":"eab6473d-42f5-3083-8ff4-a0d6c7da7d3e","name":"外滩牛","type":"风景名胜;风景名胜相关;旅游景点","typecode":"110000","address":"外滩金融广场","location":"121.490886,31.235447","tel":"[]","pcode":310000,"pname":"上海市","citycode":21,"cityname":"上海市","adcode":310101,"adname":"黄浦区","gridcode":4621638900,"distance":924,"business_area":"北京东路","timestamp":"2023-05-11 08:47:21","biz_ext":"{\"rating\": \"4.3\", \"cost\": [], \"ticket_ordering\": \"0\"}","行业大类":"风景名胜","行业中类":"风景名胜相关","行业小类":"旅游景点","wgs84_loc":"121.486422,31.237436","wgs84Lng":121.486422,"wgs84Lat":31.237436,"__source_file__":"02-POI&AOI/1-POI/其它/23/Excel/分类/上海市-POI-2023.csv-风景名胜.csv"},"geometry":{"type":"Point","coordinates":[121.486422,31.237436]}},{"id":"2574","type":"Feature","properties":{"id":"3900fff7-2ae6-3626-87e2-7e45eeeacc57","name":"外滩金牛广场","type":"风景名胜;公园广场;城市广场","typecode":"110105","address":"福州路与中山东一路交汇处路东","location":"121.490869,31.235581","tel":"[]","pcode":310000,"pname":"上海市","citycode":21,"cityname":"上海市","adcode":310101,"adname":"黄浦区","gridcode":4621638900,"distance":919,"business_area":"北京东路","timestamp":"2023-04-23 03:27:34","biz_ext":"{\"rating\": \"4.7\", \"cost\": [], \"ticket_ordering\": \"0\"}","行业大类":"风景名胜","行业中类":"公园广场","行业小类":"城市广场","wgs84_loc":"121.486404,31.23757","wgs84Lng":121.486404,"wgs84Lat":31.23757,"__source_file__":"02-POI&AOI/1-POI/其它/23/Excel/分类/上海市-POI-2023.csv-风景名胜.csv"},"geometry":{"type":"Point","coordinates":[121.486404,31.23757]}},{"id":"3427","type":"Feature","properties":{"id":"fe031524-6722-3a6d-ae6f-8ea3ae66d42c","name":"外滩-金融广场","type":"风景名胜;公园广场;城市广场","typecode":"110105","address":"中山东一路(北至外白渡桥,南至十六铺码头)(外滩)","location":"121.490680,31.236628","tel":"[]","pcode":310000,"pname":"上海市","citycode":21,"cityname":"上海市","adcode":310101,"adname":"黄浦区","gridcode":4621638910,"distance":657,"business_area":"北京东路","timestamp":"2023-05-13 11:31:48","biz_ext":"{\"rating\": \"4.4\", \"cost\": [], \"ticket_ordering\": \"0\"}","行业大类":"风景名胜","行业中类":"公园广场","行业小类":"城市广场","wgs84_loc":"121.486215,31.238616","wgs84Lng":121.486215,"wgs84Lat":31.238616,"__source_file__":"02-POI&AOI/1-POI/其它/23/Excel/分类/上海市-POI-2023.csv-风景名胜.csv"},"geometry":{"type":"Point","coordinates":[121.486215,31.238616]}},{"id":"1336","type":"Feature","properties":{"id":"d29640c8-f098-3e79-986d-41ce33bcb015","name":"瀑布钟","type":"风景名胜;风景名胜相关;旅游景点","typecode":"110000","address":"滇池路63号万国建筑博览群(东南角)","location":"121.490039,31.236670","tel":"[]","pcode":310000,"pname":"上海市","citycode":21,"cityname":"上海市","adcode":310101,"adname":"黄浦区","gridcode":4621638910,"distance":1497,"business_area":"北京东路","timestamp":"2023-04-23 19:00:28","biz_ext":"{\"rating\": \"3.3\", \"cost\": [], \"ticket_ordering\": \"0\"}","行业大类":"风景名胜","行业中类":"风景名胜相关","行业小类":"旅游景点","wgs84_loc":"121.485571,31.238656","wgs84Lng":121.485571,"wgs84Lat":31.238656,"__source_file__":"02-POI&AOI/1-POI/其它/23/Excel/分类/上海市-POI-2023.csv-风景名胜.csv"},"geometry":{"type":"Point","coordinates":[121.485571,31.238656]}},{"id":"2950","type":"Feature","properties":{"id":"2e22b927-c839-3a98-a14f-e5439dd70e48","name":"上海人民保安队总指挥部旧址","type":"风景名胜;风景名胜;红色景区","typecode":"110210","address":"中山东一路13号海关大楼410、412、413室","location":"121.490032,31.236744","tel":"[]","pcode":310000,"pname":"上海市","citycode":21,"cityname":"上海市","adcode":310101,"adname":"黄浦区","gridcode":4621638910,"distance":1489,"business_area":"北京东路","timestamp":"2023-02-16 18:11:59","biz_ext":"{\"rating\": \"3.2\", \"cost\": [], \"ticket_ordering\": \"0\"}","行业大类":"风景名胜","行业中类":"风景名胜","行业小类":"红色景区","wgs84_loc":"121.485564,31.23873","wgs84Lng":121.485564,"wgs84Lat":31.23873,"__source_file__":"02-POI&AOI/1-POI/其它/23/Excel/分类/上海市-POI-2023.csv-风景名胜.csv"},"geometry":{"type":"Point","coordinates":[121.485564,31.23873]}},{"id":"1607","type":"Feature","properties":{"id":"308effb3-6f3a-3997-9053-d303056b896c","name":"中国人寿保险公司","type":"风景名胜;风景名胜相关;旅游景点","typecode":"110000","address":"四川中路268-270号","location":"121.488565,31.236822","tel":"[]","pcode":310000,"pname":"上海市","citycode":21,"cityname":"上海市","adcode":310101,"adname":"黄浦区","gridcode":4621638910,"distance":1409,"business_area":"北京东路","timestamp":"2023-03-13 19:56:23","biz_ext":"{\"rating\": [], \"cost\": [], \"ticket_ordering\": \"0\"}","行业大类":"风景名胜","行业中类":"风景名胜相关","行业小类":"旅游景点","wgs84_loc":"121.484092,31.238804","wgs84Lng":121.484092,"wgs84Lat":31.238804,"__source_file__":"02-POI&AOI/1-POI/其它/23/Excel/分类/上海市-POI-2023.csv-风景名胜.csv"},"geometry":{"type":"Point","coordinates":[121.484092,31.238804]}},{"id":"4944","type":"Feature","properties":{"id":"76cb6ca1-4ab2-36d5-bac6-1a55dd21943a","name":"交通银行旧址","type":"风景名胜;风景名胜相关;旅游景点","typecode":"110000","address":"中山东一路14号","location":"121.489949,31.237141","tel":"021-63217109","pcode":310000,"pname":"上海市","citycode":21,"cityname":"上海市","adcode":310101,"adname":"黄浦区","gridcode":4621638910,"distance":1448,"business_area":"北京东路","timestamp":"2023-02-16 18:12:09","biz_ext":"{\"rating\": \"4.3\", \"cost\": [], \"ticket_ordering\": \"0\"}","行业大类":"风景名胜","行业中类":"风景名胜相关","行业小类":"旅游景点","wgs84_loc":"121.485481,31.239127","wgs84Lng":121.485481,"wgs84Lat":31.239127,"__source_file__":"02-POI&AOI/1-POI/其它/23/Excel/分类/上海市-POI-2023.csv-风景名胜.csv"},"geometry":{"type":"Point","coordinates":[121.485481,31.239127]}},{"id":"2464","type":"Feature","properties":{"id":"adae4352-2613-379f-9792-1cd1ffe9cbce","name":"万国建筑博览群","type":"风景名胜;风景名胜;风景名胜","typecode":"110200","address":"滇池路63号","location":"121.489270,31.237204","tel":"[]","pcode":310000,"pname":"上海市","citycode":21,"cityname":"上海市","adcode":310101,"adname":"黄浦区","gridcode":4621638910,"distance":643,"business_area":"北京东路","timestamp":"2023-05-13 11:28:41","biz_ext":"{\"rating\": \"5.0\", \"cost\": [], \"ticket_ordering\": \"0\"}","行业大类":"风景名胜","行业中类":"风景名胜","行业小类":"风景名胜","wgs84_loc":"121.4848,31.239188","wgs84Lng":121.4848,"wgs84Lat":31.239188,"__source_file__":"02-POI&AOI/1-POI/其它/23/Excel/分类/上海市-POI-2023.csv-风景名胜.csv"},"geometry":{"type":"Point","coordinates":[121.4848,31.239188]}},{"id":"4523","type":"Feature","properties":{"id":"0a71aa18-a0d9-367c-a6bb-c0c57cfcda5e","name":"外滩观景台","type":"风景名胜;风景名胜;观景点","typecode":"110209","address":"外滩(西北角)","location":"121.490482,31.237247","tel":"[]","pcode":310000,"pname":"上海市","citycode":21,"cityname":"上海市","adcode":310101,"adname":"黄浦区","gridcode":4621638910,"distance":596,"business_area":"北京东路","timestamp":"2023-05-15 07:08:30","biz_ext":"{\"rating\": \"4.7\", \"cost\": [], \"ticket_ordering\": \"0\"}","行业大类":"风景名胜","行业中类":"风景名胜","行业小类":"观景点","wgs84_loc":"121.486016,31.239234","wgs84Lng":121.486016,"wgs84Lat":31.239234,"__source_file__":"02-POI&AOI/1-POI/其它/23/Excel/分类/上海市-POI-2023.csv-风景名胜.csv"},"geometry":{"type":"Point","coordinates":[121.486016,31.239234]}},{"id":"1460","type":"Feature","properties":{"id":"309dbb67-02f8-320a-8afc-7b078cf005f0","name":"江川大楼旧址","type":"风景名胜;风景名胜相关;旅游景点","typecode":"110000","address":"滇池路63号万国建筑博览群内(西侧)","location":"121.488399,31.237348","tel":"[]","pcode":310000,"pname":"上海市","citycode":21,"cityname":"上海市","adcode":310101,"adname":"黄浦区","gridcode":4621638910,"distance":761,"business_area":"北京东路","timestamp":"2023-02-16 18:12:02","biz_ext":"{\"rating\": \"3.6\", \"cost\": [], \"ticket_ordering\": \"0\"}","行业大类":"风景名胜","行业中类":"风景名胜相关","行业小类":"旅游景点","wgs84_loc":"121.483926,31.239329","wgs84Lng":121.483926,"wgs84Lat":31.239329,"__source_file__":"02-POI&AOI/1-POI/其它/23/Excel/分类/上海市-POI-2023.csv-风景名胜.csv"},"geometry":{"type":"Point","coordinates":[121.483926,31.239329]}},{"id":"1614","type":"Feature","properties":{"id":"38c58964-10ed-3c8e-af21-6ddf8cbd24f3","name":"四行储蓄会大楼","type":"风景名胜;风景名胜;风景名胜","typecode":"110200","address":"四川中路261号","location":"121.488262,31.236773","tel":"[]","pcode":310000,"pname":"上海市","citycode":21,"cityname":"上海市","adcode":310101,"adname":"黄浦区","gridcode":4621638910,"distance":1400,"business_area":"北京东路","timestamp":"2022-07-20 12:26:29","biz_ext":"{\"rating\": \"3.6\", \"cost\": [], \"ticket_ordering\": \"0\"}","行业大类":"风景名胜","行业中类":"风景名胜","行业小类":"风景名胜","wgs84_loc":"121.483788,31.238754","wgs84Lng":121.483788,"wgs84Lat":31.238754,"__source_file__":"02-POI&AOI/1-POI/其它/23/Excel/分类/上海市-POI-2023.csv-风景名胜.csv"},"geometry":{"type":"Point","coordinates":[121.483788,31.238754]}},{"id":"6672","type":"Feature","properties":{"id":"1ac11ecd-a0e8-3044-a733-c19eefb2f976","name":"向儒阁","type":"风景名胜;风景名胜;风景名胜","typecode":"110200","address":"九江路230号大生大楼读者书店二楼","location":"121.485633,31.236899","tel":"13816783703","pcode":310000,"pname":"上海市","citycode":21,"cityname":"上海市","adcode":310101,"adname":"黄浦区","gridcode":4621638812,"distance":738,"business_area":"北京东路","timestamp":"2023-03-18 16:03:29","biz_ext":"{\"rating\": \"3.1\", \"cost\": [], \"ticket_ordering\": \"0\"}","行业大类":"风景名胜","行业中类":"风景名胜","行业小类":"风景名胜","wgs84_loc":"121.48115,31.238872","wgs84Lng":121.48115,"wgs84Lat":31.238872,"__source_file__":"02-POI&AOI/1-POI/其它/23/Excel/分类/上海市-POI-2023.csv-风景名胜.csv"},"geometry":{"type":"Point","coordinates":[121.48115,31.238872]}},{"id":"1407","type":"Feature","properties":{"id":"28952333-1c4f-3240-b224-7539ee395f3c","name":"大陆大楼(大陆银行)","type":"风景名胜;风景名胜;风景名胜","typecode":"110200","address":"九江路111号(南京东路地铁站2号口步行410米)","location":"121.487881,31.237136","tel":"[]","pcode":310000,"pname":"上海市","citycode":21,"cityname":"上海市","adcode":310101,"adname":"黄浦区","gridcode":4621638910,"distance":719,"business_area":"北京东路","timestamp":"2022-08-27 04:56:10","biz_ext":"{\"rating\": \"3.7\", \"cost\": [], \"ticket_ordering\": \"0\"}","行业大类":"风景名胜","行业中类":"风景名胜","行业小类":"风景名胜","wgs84_loc":"121.483406,31.239116","wgs84Lng":121.483406,"wgs84Lat":31.239116,"__source_file__":"02-POI&AOI/1-POI/其它/23/Excel/分类/上海市-POI-2023.csv-风景名胜.csv"},"geometry":{"type":"Point","coordinates":[121.483406,31.239116]}},{"id":"1462","type":"Feature","properties":{"id":"23ba4489-969d-3063-bf19-b6e714cc0cc5","name":"迦陵大楼旧址","type":"风景名胜;风景名胜相关;旅游景点","typecode":"110000","address":"滇池路63号万国建筑博览群(西北角)","location":"121.487988,31.238409","tel":"[]","pcode":310000,"pname":"上海市","citycode":21,"cityname":"上海市","adcode":310101,"adname":"黄浦区","gridcode":4621638910,"distance":883,"business_area":"北京东路","timestamp":"2023-03-23 07:06:59","biz_ext":"{\"rating\": \"3.5\", \"cost\": [], \"ticket_ordering\": \"0\"}","行业大类":"风景名胜","行业中类":"风景名胜相关","行业小类":"旅游景点","wgs84_loc":"121.483513,31.240388","wgs84Lng":121.483513,"wgs84Lat":31.240388,"__source_file__":"02-POI&AOI/1-POI/其它/23/Excel/分类/上海市-POI-2023.csv-风景名胜.csv"},"geometry":{"type":"Point","coordinates":[121.483513,31.240388]}},{"id":"2183","type":"Feature","properties":{"id":"4c348fa1-e01c-3ff7-b31b-6310e3ef3024","name":"慈安里大楼","type":"风景名胜;风景名胜;风景名胜","typecode":"110200","address":"南京东路120号(南京东路地铁站7号口步行320米)","location":"121.487357,31.238516","tel":"[]","pcode":310000,"pname":"上海市","citycode":21,"cityname":"上海市","adcode":310101,"adname":"黄浦区","gridcode":4621638812,"distance":637,"business_area":"北京东路","timestamp":"2022-08-05 20:05:20","biz_ext":"{\"rating\": \"3.5\", \"cost\": [], \"ticket_ordering\": \"0\"}","行业大类":"风景名胜","行业中类":"风景名胜","行业小类":"风景名胜","wgs84_loc":"121.48288,31.240493","wgs84Lng":121.48288,"wgs84Lat":31.240493,"__source_file__":"02-POI&AOI/1-POI/其它/23/Excel/分类/上海市-POI-2023.csv-风景名胜.csv"},"geometry":{"type":"Point","coordinates":[121.48288,31.240493]}},{"id":"3044","type":"Feature","properties":{"id":"dafa66c2-ffef-3368-be84-a2b587b04209","name":"茅丽瑛烈士遇害处","type":"风景名胜;风景名胜相关;旅游景点","typecode":"110000","address":"南京路步行街与四川中路交叉口西40米","location":"121.487302,31.238516","tel":"[]","pcode":310000,"pname":"上海市","citycode":21,"cityname":"上海市","adcode":310101,"adname":"黄浦区","gridcode":4621638812,"distance":641,"business_area":"北京东路","timestamp":"2023-03-29 11:31:52","biz_ext":"{\"rating\": \"3.9\", \"cost\": [], \"ticket_ordering\": \"0\"}","行业大类":"风景名胜","行业中类":"风景名胜相关","行业小类":"旅游景点","wgs84_loc":"121.482825,31.240493","wgs84Lng":121.482825,"wgs84Lat":31.240493,"__source_file__":"02-POI&AOI/1-POI/其它/23/Excel/分类/上海市-POI-2023.csv-风景名胜.csv"},"geometry":{"type":"Point","coordinates":[121.482825,31.240493]}},{"id":"1441","type":"Feature","properties":{"id":"55a65bc3-0b82-3d16-8c87-2145465d8c85","name":"中央储蓄会","type":"风景名胜;风景名胜;风景名胜","typecode":"110200","address":"天津路2号(南京东路地铁站6号口步行200米)","location":"121.485873,31.239270","tel":"[]","pcode":310000,"pname":"上海市","citycode":21,"cityname":"上海市","adcode":310101,"adname":"黄浦区","gridcode":4621638822,"distance":703,"business_area":"北京东路","timestamp":"2022-07-20 23:13:09","biz_ext":"{\"rating\": \"3.7\", \"cost\": [], \"ticket_ordering\": \"0\"}","行业大类":"风景名胜","行业中类":"风景名胜","行业小类":"风景名胜","wgs84_loc":"121.48139,31.241243","wgs84Lng":121.48139,"wgs84Lat":31.241243,"__source_file__":"02-POI&AOI/1-POI/其它/23/Excel/分类/上海市-POI-2023.csv-风景名胜.csv"},"geometry":{"type":"Point","coordinates":[121.48139,31.241243]}},{"id":"3684","type":"Feature","properties":{"id":"8b7ac6d9-03ba-39fa-af6f-c6becc986356","name":"滇池路历史老建筑","type":"风景名胜;风景名胜相关;旅游景点","typecode":"110000","address":"滇池路120号(南京东路地铁站6号口步行350米)","location":"121.487451,31.239615","tel":"[]","pcode":310000,"pname":"上海市","citycode":21,"cityname":"上海市","adcode":310101,"adname":"黄浦区","gridcode":4621638822,"distance":1869,"business_area":"北京东路","timestamp":"2023-02-16 18:12:03","biz_ext":"{\"rating\": \"3.9\", \"cost\": [], \"ticket_ordering\": \"0\"}","行业大类":"风景名胜","行业中类":"风景名胜相关","行业小类":"旅游景点","wgs84_loc":"121.482974,31.241592","wgs84Lng":121.482974,"wgs84Lat":31.241592,"__source_file__":"02-POI&AOI/1-POI/其它/23/Excel/分类/上海市-POI-2023.csv-风景名胜.csv"},"geometry":{"type":"Point","coordinates":[121.482974,31.241592]}},{"id":"1439","type":"Feature","properties":{"id":"4b4694c1-a894-38b4-afc2-064cb61b2cf4","name":"业广地产有限公司","type":"风景名胜;风景名胜;风景名胜","typecode":"110200","address":"滇池路63号万国建筑博览群(西北角)","location":"121.487446,31.239618","tel":"[]","pcode":310000,"pname":"上海市","citycode":21,"cityname":"上海市","adcode":310101,"adname":"黄浦区","gridcode":4621638822,"distance":1869,"business_area":"北京东路","timestamp":"2023-04-20 17:04:02","biz_ext":"{\"rating\": \"3.3\", \"cost\": [], \"ticket_ordering\": \"0\"}","行业大类":"风景名胜","行业中类":"风景名胜","行业小类":"风景名胜","wgs84_loc":"121.482969,31.241595","wgs84Lng":121.482969,"wgs84Lat":31.241595,"__source_file__":"02-POI&AOI/1-POI/其它/23/Excel/分类/上海市-POI-2023.csv-风景名胜.csv"},"geometry":{"type":"Point","coordinates":[121.482969,31.241595]}},{"id":"1410","type":"Feature","properties":{"id":"ed086148-2326-397b-9204-04fbad5bb307","name":"仁记洋行","type":"风景名胜;风景名胜;风景名胜","typecode":"110200","address":"滇池路63号万国建筑博览群(西北角)","location":"121.487897,31.239636","tel":"[]","pcode":310000,"pname":"上海市","citycode":21,"cityname":"上海市","adcode":310101,"adname":"黄浦区","gridcode":4621638920,"distance":1109,"business_area":"北京东路","timestamp":"2023-03-09 12:20:12","biz_ext":"{\"rating\": \"3.9\", \"cost\": [], \"ticket_ordering\": \"0\"}","行业大类":"风景名胜","行业中类":"风景名胜","行业小类":"风景名胜","wgs84_loc":"121.483422,31.241614","wgs84Lng":121.483422,"wgs84Lat":31.241614,"__source_file__":"02-POI&AOI/1-POI/其它/23/Excel/分类/上海市-POI-2023.csv-风景名胜.csv"},"geometry":{"type":"Point","coordinates":[121.483422,31.241614]}},{"id":"2709","type":"Feature","properties":{"id":"0bcbfb16-05bc-3aed-bc9e-67b8629066ec","name":"豫园-大假山","type":"风景名胜;风景名胜相关;旅游景点","typecode":"110000","address":"放浜中路与三牌楼路交汇处豫园内(西侧)","location":"121.491697,31.227576","tel":"021-63260830","pcode":310000,"pname":"上海市","citycode":21,"cityname":"上海市","adcode":310101,"adname":"黄浦区","gridcode":4621637901,"distance":1270,"business_area":"城隍庙","timestamp":"2023-04-26 19:48:17","biz_ext":"{\"rating\": \"4.3\", \"cost\": [], \"ticket_ordering\": \"0\"}","行业大类":"风景名胜","行业中类":"风景名胜相关","行业小类":"旅游景点","wgs84_loc":"121.487236,31.229571","wgs84Lng":121.487236,"wgs84Lat":31.229571,"__source_file__":"02-POI&AOI/1-POI/其它/23/Excel/分类/上海市-POI-2023.csv-风景名胜.csv"},"geometry":{"type":"Point","coordinates":[121.487236,31.229571]}},{"id":"373","type":"Feature","properties":{"id":"3db8adb5-78e2-3ffd-8280-20f91b85d3b1","name":"福佑路清真寺","type":"风景名胜;风景名胜;回教寺","typecode":"110207","address":"福佑路378号(近丽水路)","location":"121.488635,31.227828","tel":"021-63282135","pcode":310000,"pname":"上海市","citycode":21,"cityname":"上海市","adcode":310101,"adname":"黄浦区","gridcode":4621637910,"distance":1480,"business_area":"城隍庙","timestamp":"2023-04-27 11:25:50","biz_ext":"{\"rating\": \"4.4\", \"cost\": [], \"ticket_ordering\": \"0\"}","行业大类":"风景名胜","行业中类":"风景名胜","行业小类":"回教寺","wgs84_loc":"121.484163,31.229814","wgs84Lng":121.484163,"wgs84Lat":31.229814,"__source_file__":"02-POI&AOI/1-POI/其它/23/Excel/分类/上海市-POI-2023.csv-风景名胜.csv"},"geometry":{"type":"Point","coordinates":[121.484163,31.229814]}},{"id":"3786","type":"Feature","properties":{"id":"bac63772-5e7b-34c7-add0-861da2f21ea1","name":"金皇城庙(城隍庙第一购物中心)","type":"风景名胜;风景名胜;寺庙道观","typecode":"110205","address":"丽水路88号F3层(豫园地铁站7号口步行270米)","location":"121.490005,31.228362","tel":"[]","pcode":310000,"pname":"上海市","citycode":21,"cityname":"上海市","adcode":310101,"adname":"黄浦区","gridcode":4621637910,"distance":1514,"business_area":"城隍庙","timestamp":"2022-11-22 21:53:32","biz_ext":"{\"rating\": \"4.1\", \"cost\": [], \"ticket_ordering\": \"0\"}","行业大类":"风景名胜","行业中类":"风景名胜","行业小类":"寺庙道观","wgs84_loc":"121.485538,31.230352","wgs84Lng":121.485538,"wgs84Lat":31.230352,"__source_file__":"02-POI&AOI/1-POI/其它/23/Excel/分类/上海市-POI-2023.csv-风景名胜.csv"},"geometry":{"type":"Point","coordinates":[121.485538,31.230352]}},{"id":"816","type":"Feature","properties":{"id":"331044d4-ab35-30bd-8ef6-827f948e0f70","name":"天主教上海教区洋泾浜圣若瑟堂(不对外开放)","type":"风景名胜;风景名胜;教堂","typecode":"110206","address":"四川南路上海市黄浦区四川南路小学(金陵东路)","location":"121.490509,31.230864","tel":"021-63280293","pcode":310000,"pname":"上海市","citycode":21,"cityname":"上海市","adcode":310101,"adname":"黄浦区","gridcode":4621637920,"distance":1389,"business_area":"北京东路","timestamp":"2023-05-12 15:27:16","biz_ext":"{\"rating\": \"4.3\", \"cost\": [], \"ticket_ordering\": \"0\"}","行业大类":"风景名胜","行业中类":"风景名胜","行业小类":"教堂","wgs84_loc":"121.486044,31.232854","wgs84Lng":121.486044,"wgs84Lat":31.232854,"__source_file__":"02-POI&AOI/1-POI/其它/23/Excel/分类/上海市-POI-2023.csv-风景名胜.csv"},"geometry":{"type":"Point","coordinates":[121.486044,31.232854]}},{"id":"3283","type":"Feature","properties":{"id":"c3e0e6f9-f109-3ac4-85bb-59077cc1a76d","name":"天主堂(四川南路)","type":"风景名胜;风景名胜;教堂","typecode":"110206","address":"四川南路与金陵东路交叉口南60米","location":"121.490678,31.230870","tel":"[]","pcode":310000,"pname":"上海市","citycode":21,"cityname":"上海市","adcode":310101,"adname":"黄浦区","gridcode":4621637920,"distance":1374,"business_area":"北京东路","timestamp":"2023-05-12 15:06:08","biz_ext":"{\"rating\": \"3.5\", \"cost\": [], \"ticket_ordering\": \"0\"}","行业大类":"风景名胜","行业中类":"风景名胜","行业小类":"教堂","wgs84_loc":"121.486213,31.232861","wgs84Lng":121.486213,"wgs84Lat":31.232861,"__source_file__":"02-POI&AOI/1-POI/其它/23/Excel/分类/上海市-POI-2023.csv-风景名胜.csv"},"geometry":{"type":"Point","coordinates":[121.486213,31.232861]}},{"id":"1502","type":"Feature","properties":{"id":"96758529-77b3-3555-86be-69dce8371d01","name":"约克大楼旧址","type":"风景名胜;风景名胜相关;旅游景点","typecode":"110000","address":"四川南路29号(豫园地铁站7号口步行260米)","location":"121.490673,31.231520","tel":"[]","pcode":310000,"pname":"上海市","citycode":21,"cityname":"上海市","adcode":310101,"adname":"黄浦区","gridcode":4621637920,"distance":1341,"business_area":"北京东路","timestamp":"2023-04-15 13:14:46","biz_ext":"{\"rating\": \"3.3\", \"cost\": [], \"ticket_ordering\": \"0\"}","行业大类":"风景名胜","行业中类":"风景名胜相关","行业小类":"旅游景点","wgs84_loc":"121.486208,31.23351","wgs84Lng":121.486208,"wgs84Lat":31.23351,"__source_file__":"02-POI&AOI/1-POI/其它/23/Excel/分类/上海市-POI-2023.csv-风景名胜.csv"},"geometry":{"type":"Point","coordinates":[121.486208,31.23351]}},{"id":"2611","type":"Feature","properties":{"id":"9b40c99b-0b86-3573-a686-b95a5d0788f6","name":"会德丰大楼","type":"风景名胜;风景名胜;风景名胜","typecode":"110200","address":"延安东路110号(豫园地铁站6号口步行400米)","location":"121.489583,31.232549","tel":"[]","pcode":310000,"pname":"上海市","citycode":21,"cityname":"上海市","adcode":310101,"adname":"黄浦区","gridcode":4621637920,"distance":922,"business_area":"北京东路","timestamp":"2022-08-05 21:08:13","biz_ext":"{\"rating\": \"4.1\", \"cost\": [], \"ticket_ordering\": \"0\"}","行业大类":"风景名胜","行业中类":"风景名胜","行业小类":"风景名胜","wgs84_loc":"121.485114,31.234536","wgs84Lng":121.485114,"wgs84Lat":31.234536,"__source_file__":"02-POI&AOI/1-POI/其它/23/Excel/分类/上海市-POI-2023.csv-风景名胜.csv"},"geometry":{"type":"Point","coordinates":[121.485114,31.234536]}},{"id":"237","type":"Feature","properties":{"id":"7cfa9467-3d42-3d49-b5ad-5730392b2030","name":"亚细亚大楼(延安东路)","type":"风景名胜;风景名胜;风景名胜","typecode":"110200","address":"中山东一路1号","location":"121.491240,31.233442","tel":"[]","pcode":310000,"pname":"上海市","citycode":21,"cityname":"上海市","adcode":310101,"adname":"黄浦区","gridcode":4621638900,"distance":1422,"business_area":"北京东路","timestamp":"2023-05-09 01:24:56","biz_ext":"{\"rating\": \"4.8\", \"cost\": \"57.00\", \"ticket_ordering\": \"0\"}","行业大类":"风景名胜","行业中类":"风景名胜","行业小类":"风景名胜","wgs84_loc":"121.486777,31.235433","wgs84Lng":121.486777,"wgs84Lat":31.235433,"__source_file__":"02-POI&AOI/1-POI/其它/23/Excel/分类/上海市-POI-2023.csv-风景名胜.csv"},"geometry":{"type":"Point","coordinates":[121.486777,31.235433]}},{"id":"4440","type":"Feature","properties":{"id":"fb4a078d-763b-3bb5-b771-8131eda95603","name":"上海久事国际艺术中心","type":"风景名胜;风景名胜相关;旅游景点","typecode":"110000","address":"中山东一路1号亚细亚大楼(延安东路)(东北角)","location":"121.491415,31.233539","tel":"[]","pcode":310000,"pname":"上海市","citycode":21,"cityname":"上海市","adcode":310101,"adname":"黄浦区","gridcode":4621638900,"distance":990,"business_area":"北京东路","timestamp":"2023-04-23 01:22:33","biz_ext":"{\"rating\": \"4.2\", \"cost\": \"176.00\", \"ticket_ordering\": \"0\"}","行业大类":"风景名胜","行业中类":"风景名胜相关","行业小类":"旅游景点","wgs84_loc":"121.486953,31.235531","wgs84Lng":121.486953,"wgs84Lat":31.235531,"__source_file__":"02-POI&AOI/1-POI/其它/23/Excel/分类/上海市-POI-2023.csv-风景名胜.csv"},"geometry":{"type":"Point","coordinates":[121.486953,31.235531]}},{"id":"2414","type":"Feature","properties":{"id":"8f6e66dc-3e2f-3081-a33c-f52324c42f07","name":"永年人寿保险公司","type":"风景名胜;风景名胜;风景名胜","typecode":"110200","address":"广东路93号","location":"121.489250,31.233641","tel":"[]","pcode":310000,"pname":"上海市","citycode":21,"cityname":"上海市","adcode":310101,"adname":"黄浦区","gridcode":4621638900,"distance":836,"business_area":"北京东路","timestamp":"2022-08-06 13:49:12","biz_ext":"{\"rating\": [], \"cost\": [], \"ticket_ordering\": \"0\"}","行业大类":"风景名胜","行业中类":"风景名胜","行业小类":"风景名胜","wgs84_loc":"121.48478,31.235626","wgs84Lng":121.48478,"wgs84Lat":31.235626,"__source_file__":"02-POI&AOI/1-POI/其它/23/Excel/分类/上海市-POI-2023.csv-风景名胜.csv"},"geometry":{"type":"Point","coordinates":[121.48478,31.235626]}},{"id":"849","type":"Feature","properties":{"id":"371833e3-9cbc-3f99-91a4-bb25521abe9c","name":"滨江大道-曲涧通江","type":"风景名胜;风景名胜;风景名胜","typecode":"110200","address":"陆家嘴西路2967号滨江大道(东南角)","location":"121.498136,31.234327","tel":"021-58871096","pcode":310000,"pname":"上海市","citycode":21,"cityname":"上海市","adcode":310115,"adname":"浦东新区","gridcode":4621638902,"distance":1778,"business_area":"陆家嘴","timestamp":"2023-01-28 11:55:23","biz_ext":"{\"rating\": \"4.3\", \"cost\": [], \"ticket_ordering\": \"0\"}","行业大类":"风景名胜","行业中类":"风景名胜","行业小类":"风景名胜","wgs84_loc":"121.493698,31.236338","wgs84Lng":121.493698,"wgs84Lat":31.236338,"__source_file__":"02-POI&AOI/1-POI/其它/23/Excel/分类/上海市-POI-2023.csv-风景名胜.csv"},"geometry":{"type":"Point","coordinates":[121.493698,31.236338]}},{"id":"2394","type":"Feature","properties":{"id":"2a5411f1-8137-3dca-9287-6282ddd608db","name":"滨江大道-抚今思昔","type":"风景名胜;风景名胜相关;旅游景点","typecode":"110000","address":"陆家嘴西路2967号滨江大道(东南角)","location":"121.496843,31.234995","tel":"021-58871096","pcode":310000,"pname":"上海市","citycode":21,"cityname":"上海市","adcode":310115,"adname":"浦东新区","gridcode":4621638902,"distance":1944,"business_area":"[]","timestamp":"2023-04-20 10:54:42","biz_ext":"{\"rating\": \"3.8\", \"cost\": [], \"ticket_ordering\": \"0\"}","行业大类":"风景名胜","行业中类":"风景名胜相关","行业小类":"旅游景点","wgs84_loc":"121.4924,31.237002","wgs84Lng":121.4924,"wgs84Lat":31.237002,"__source_file__":"02-POI&AOI/1-POI/其它/23/Excel/分类/上海市-POI-2023.csv-风景名胜.csv"},"geometry":{"type":"Point","coordinates":[121.4924,31.237002]}},{"id":"158","type":"Feature","properties":{"id":"e936bd37-dc0b-3199-ad8c-b76f312099db","name":"滨江大道-欢乐广场","type":"风景名胜;公园广场;城市广场","typecode":"110105","address":"富城路滨江公园","location":"121.496713,31.235202","tel":"021-58871096","pcode":310000,"pname":"上海市","citycode":21,"cityname":"上海市","adcode":310115,"adname":"浦东新区","gridcode":4621638902,"distance":1967,"business_area":"[]","timestamp":"2023-04-15 10:51:56","biz_ext":"{\"rating\": \"4.4\", \"cost\": [], \"ticket_ordering\": \"0\"}","行业大类":"风景名胜","行业中类":"公园广场","行业小类":"城市广场","wgs84_loc":"121.492269,31.237209","wgs84Lng":121.492269,"wgs84Lat":31.237209,"__source_file__":"02-POI&AOI/1-POI/其它/23/Excel/分类/上海市-POI-2023.csv-风景名胜.csv"},"geometry":{"type":"Point","coordinates":[121.492269,31.237209]}},{"id":"1587","type":"Feature","properties":{"id":"c32482d9-be55-3c28-ba0b-574b71b39d2d","name":"南滨江","type":"风景名胜;风景名胜相关;旅游景点","typecode":"110000","address":"陆家嘴西路2967号滨江大道(东南角)","location":"121.496460,31.235769","tel":"021-61600122","pcode":310000,"pname":"上海市","citycode":21,"cityname":"上海市","adcode":310115,"adname":"浦东新区","gridcode":4621638902,"distance":1848,"business_area":"陆家嘴","timestamp":"2023-04-16 10:11:39","biz_ext":"{\"rating\": \"4.3\", \"cost\": [], \"ticket_ordering\": \"0\"}","行业大类":"风景名胜","行业中类":"风景名胜相关","行业小类":"旅游景点","wgs84_loc":"121.492016,31.237775","wgs84Lng":121.492016,"wgs84Lat":31.237775,"__source_file__":"02-POI&AOI/1-POI/其它/23/Excel/分类/上海市-POI-2023.csv-风景名胜.csv"},"geometry":{"type":"Point","coordinates":[121.492016,31.237775]}},{"id":"204","type":"Feature","properties":{"id":"b5a67304-6930-3ace-8793-bf3affa18b32","name":"古城公园","type":"风景名胜;公园广场;公园","typecode":"110101","address":"人民路333号(豫园地铁站7号口步行280米)","location":"121.493836,31.228427","tel":"[]","pcode":310000,"pname":"上海市","citycode":21,"cityname":"上海市","adcode":310101,"adname":"黄浦区","gridcode":4621637911,"distance":1966,"business_area":"城隍庙","timestamp":"2023-05-09 04:16:59","biz_ext":"{\"rating\": \"4.7\", \"cost\": [], \"ticket_ordering\": \"0\"}","行业大类":"风景名胜","行业中类":"公园广场","行业小类":"公园","wgs84_loc":"121.489383,31.230428","wgs84Lng":121.489383,"wgs84Lat":31.230428,"__source_file__":"02-POI&AOI/1-POI/其它/23/Excel/分类/上海市-POI-2023.csv-风景名胜.csv"},"geometry":{"type":"Point","coordinates":[121.489383,31.230428]}},{"id":"2614","type":"Feature","properties":{"id":"f083db9d-7c9f-367b-b6b7-a4d3fa062145","name":"太古洋行","type":"风景名胜;风景名胜;风景名胜","typecode":"110200","address":"中山东二路22号","location":"121.493666,31.230617","tel":"[]","pcode":310000,"pname":"上海市","citycode":21,"cityname":"上海市","adcode":310101,"adname":"黄浦区","gridcode":4621637921,"distance":1056,"business_area":"城隍庙","timestamp":"2023-04-26 04:19:51","biz_ext":"{\"rating\": \"4.0\", \"cost\": [], \"ticket_ordering\": \"0\"}","行业大类":"风景名胜","行业中类":"风景名胜","行业小类":"风景名胜","wgs84_loc":"121.489212,31.232617","wgs84Lng":121.489212,"wgs84Lat":31.232617,"__source_file__":"02-POI&AOI/1-POI/其它/23/Excel/分类/上海市-POI-2023.csv-风景名胜.csv"},"geometry":{"type":"Point","coordinates":[121.489212,31.232617]}},{"id":"4100","type":"Feature","properties":{"id":"6c5f906b-f43a-377d-9f8c-100b6d9f58e7","name":"黄浦江游览快线游(金陵东路码头)","type":"风景名胜;风景名胜相关;旅游景点","typecode":"110000","address":"中山东二路141号金陵东路渡口","location":"121.493209,31.232321","tel":"[]","pcode":310000,"pname":"上海市","citycode":21,"cityname":"上海市","adcode":310101,"adname":"黄浦区","gridcode":4621637921,"distance":1638,"business_area":"北京东路","timestamp":"2023-05-12 21:29:23","biz_ext":"{\"rating\": \"4.7\", \"cost\": \"55.00\", \"ticket_ordering\": \"0\"}","行业大类":"风景名胜","行业中类":"风景名胜相关","行业小类":"旅游景点","wgs84_loc":"121.488753,31.234319","wgs84Lng":121.488753,"wgs84Lat":31.234319,"__source_file__":"02-POI&AOI/1-POI/其它/23/Excel/分类/上海市-POI-2023.csv-风景名胜.csv"},"geometry":{"type":"Point","coordinates":[121.488753,31.234319]}},{"id":"4554","type":"Feature","properties":{"id":"2f8b2b5e-ebd3-3ded-a4e3-b71a24cbced9","name":"法国邮船公司旧址","type":"风景名胜;风景名胜相关;旅游景点","typecode":"110000","address":"中山东二路9号(豫园地铁站7号口步行450米)","location":"121.492310,31.232391","tel":"[]","pcode":310000,"pname":"上海市","citycode":21,"cityname":"上海市","adcode":310101,"adname":"黄浦区","gridcode":4621637921,"distance":1051,"business_area":"北京东路","timestamp":"2023-05-01 14:48:36","biz_ext":"{\"rating\": \"3.5\", \"cost\": [], \"ticket_ordering\": \"0\"}","行业大类":"风景名胜","行业中类":"风景名胜相关","行业小类":"旅游景点","wgs84_loc":"121.487851,31.234386","wgs84Lng":121.487851,"wgs84Lat":31.234386,"__source_file__":"02-POI&AOI/1-POI/其它/23/Excel/分类/上海市-POI-2023.csv-风景名胜.csv"},"geometry":{"type":"Point","coordinates":[121.487851,31.234386]}},{"id":"5694","type":"Feature","properties":{"id":"d07c417e-78c5-3b33-8df5-8afb1338ff9e","name":"外滩轮渡口","type":"风景名胜;风景名胜;风景名胜","typecode":"110200","address":"中山东二路1号","location":"121.493058,31.232589","tel":"[]","pcode":310000,"pname":"上海市","citycode":21,"cityname":"上海市","adcode":310101,"adname":"黄浦区","gridcode":4621637921,"distance":1461,"business_area":"北京东路","timestamp":"2023-04-22 07:40:58","biz_ext":"{\"rating\": \"4.8\", \"cost\": \"1.00\", \"ticket_ordering\": \"0\"}","行业大类":"风景名胜","行业中类":"风景名胜","行业小类":"风景名胜","wgs84_loc":"121.488602,31.234586","wgs84Lng":121.488602,"wgs84Lat":31.234586,"__source_file__":"02-POI&AOI/1-POI/其它/23/Excel/分类/上海市-POI-2023.csv-风景名胜.csv"},"geometry":{"type":"Point","coordinates":[121.488602,31.234586]}},{"id":"4679","type":"Feature","properties":{"id":"22316e54-90d7-35eb-9571-101e581e5a86","name":"外滩天文台旧址","type":"风景名胜;风景名胜相关;旅游景点","typecode":"110000","address":"中山东二路1号甲外滩-信号台","location":"121.492234,31.233138","tel":"[]","pcode":310000,"pname":"上海市","citycode":21,"cityname":"上海市","adcode":310101,"adname":"黄浦区","gridcode":4621637921,"distance":1056,"business_area":"北京东路","timestamp":"2023-01-16 20:40:13","biz_ext":"{\"rating\": \"3.9\", \"cost\": [], \"ticket_ordering\": \"0\"}","行业大类":"风景名胜","行业中类":"风景名胜相关","行业小类":"旅游景点","wgs84_loc":"121.487775,31.235132","wgs84Lng":121.487775,"wgs84Lat":31.235132,"__source_file__":"02-POI&AOI/1-POI/其它/23/Excel/分类/上海市-POI-2023.csv-风景名胜.csv"},"geometry":{"type":"Point","coordinates":[121.487775,31.235132]}},{"id":"2613","type":"Feature","properties":{"id":"2f52038b-18cf-33fe-90e6-12b60c290a9c","name":"外滩-信号台","type":"风景名胜;风景名胜;风景名胜","typecode":"110200","address":"中山东二路1号甲","location":"121.492219,31.233204","tel":"[]","pcode":310000,"pname":"上海市","citycode":21,"cityname":"上海市","adcode":310101,"adname":"黄浦区","gridcode":4621637921,"distance":1056,"business_area":"北京东路","timestamp":"2023-04-19 16:12:46","biz_ext":"{\"rating\": \"4.6\", \"cost\": [], \"ticket_ordering\": \"0\"}","行业大类":"风景名胜","行业中类":"风景名胜","行业小类":"风景名胜","wgs84_loc":"121.487759,31.235198","wgs84Lng":121.487759,"wgs84Lat":31.235198,"__source_file__":"02-POI&AOI/1-POI/其它/23/Excel/分类/上海市-POI-2023.csv-风景名胜.csv"},"geometry":{"type":"Point","coordinates":[121.487759,31.235198]}},{"id":"306","type":"Feature","properties":{"id":"5a659c61-bacb-3fc7-9101-67af73e0cee0","name":"外滩","type":"风景名胜;风景名胜;风景名胜","typecode":"110200","address":"中山东一路","location":"121.492156,31.233462","tel":"[]","pcode":310000,"pname":"上海市","citycode":21,"cityname":"上海市","adcode":310101,"adname":"黄浦区","gridcode":4621638901,"distance":1451,"business_area":"北京东路","timestamp":"2023-05-12 15:02:27","biz_ext":"{\"rating\": \"5.0\", \"cost\": [], \"ticket_ordering\": \"0\"}","行业大类":"风景名胜","行业中类":"风景名胜","行业小类":"风景名胜","wgs84_loc":"121.487696,31.235456","wgs84Lng":121.487696,"wgs84Lat":31.235456,"__source_file__":"02-POI&AOI/1-POI/其它/23/Excel/分类/上海市-POI-2023.csv-风景名胜.csv"},"geometry":{"type":"Point","coordinates":[121.487696,31.235456]}},{"id":"1791","type":"Feature","properties":{"id":"df783966-094e-39c8-852b-7b0b9f89749c","name":"气象广场","type":"风景名胜;公园广场;城市广场","typecode":"110105","address":"中山东一路与延安东路交叉口东北40米","location":"121.492120,31.233482","tel":"[]","pcode":310000,"pname":"上海市","citycode":21,"cityname":"上海市","adcode":310101,"adname":"黄浦区","gridcode":4621638901,"distance":1452,"business_area":"北京东路","timestamp":"2023-04-30 10:00:54","biz_ext":"{\"rating\": \"3.6\", \"cost\": [], \"ticket_ordering\": \"0\"}","行业大类":"风景名胜","行业中类":"公园广场","行业小类":"城市广场","wgs84_loc":"121.48766,31.235476","wgs84Lng":121.48766,"wgs84Lat":31.235476,"__source_file__":"02-POI&AOI/1-POI/其它/23/Excel/分类/上海市-POI-2023.csv-风景名胜.csv"},"geometry":{"type":"Point","coordinates":[121.48766,31.235476]}},{"id":"6375","type":"Feature","properties":{"id":"a6b62712-ece0-370c-aa65-a0b2d6d20492","name":"外滩观光通道","type":"风景名胜;风景名胜;风景名胜","typecode":"110200","address":"滨江大道2777号","location":"121.495264,31.237913","tel":"[]","pcode":310000,"pname":"上海市","citycode":21,"cityname":"上海市","adcode":310115,"adname":"浦东新区","gridcode":4621638911,"distance":570,"business_area":"陆家嘴","timestamp":"2022-11-09 20:00:59","biz_ext":"{\"rating\": \"4.6\", \"cost\": [], \"ticket_ordering\": \"0\"}","行业大类":"风景名胜","行业中类":"风景名胜","行业小类":"风景名胜","wgs84_loc":"121.490815,31.239914","wgs84Lng":121.490815,"wgs84Lat":31.239914,"__source_file__":"02-POI&AOI/1-POI/其它/23/Excel/分类/上海市-POI-2023.csv-风景名胜.csv"},"geometry":{"type":"Point","coordinates":[121.490815,31.239914]}},{"id":"448","type":"Feature","properties":{"id":"2d3ed15f-5232-35e7-8ca3-bb6dc36ba20f","name":"滨江公园","type":"风景名胜;公园广场;公园","typecode":"110101","address":"滨江大道2967号","location":"121.496573,31.236204","tel":"021-50917356","pcode":310000,"pname":"上海市","citycode":21,"cityname":"上海市","adcode":310115,"adname":"浦东新区","gridcode":4621638912,"distance":1820,"business_area":"陆家嘴","timestamp":"2023-04-23 23:34:21","biz_ext":"{\"rating\": \"4.8\", \"cost\": [], \"ticket_ordering\": \"0\"}","行业大类":"风景名胜","行业中类":"公园广场","行业小类":"公园","wgs84_loc":"121.492129,31.23821","wgs84Lng":121.492129,"wgs84Lat":31.23821,"__source_file__":"02-POI&AOI/1-POI/其它/23/Excel/分类/上海市-POI-2023.csv-风景名胜.csv"},"geometry":{"type":"Point","coordinates":[121.492129,31.23821]}},{"id":"106","type":"Feature","properties":{"id":"ca4f04c8-6c92-3569-9fa4-6195242c716a","name":"滨江大道","type":"风景名胜;风景名胜;风景名胜","typecode":"110200","address":"陆家嘴西路2967号","location":"121.495983,31.236700","tel":"021-58871096","pcode":310000,"pname":"上海市","citycode":21,"cityname":"上海市","adcode":310115,"adname":"浦东新区","gridcode":4621638912,"distance":1852,"business_area":"陆家嘴","timestamp":"2023-04-17 03:54:35","biz_ext":"{\"rating\": \"4.9\", \"cost\": [], \"ticket_ordering\": \"0\"}","行业大类":"风景名胜","行业中类":"风景名胜","行业小类":"风景名胜","wgs84_loc":"121.491537,31.238704","wgs84Lng":121.491537,"wgs84Lat":31.238704,"__source_file__":"02-POI&AOI/1-POI/其它/23/Excel/分类/上海市-POI-2023.csv-风景名胜.csv"},"geometry":{"type":"Point","coordinates":[121.491537,31.238704]}},{"id":"5870","type":"Feature","properties":{"id":"d10528f5-a587-380e-8da7-7de1114aecf7","name":"颠倒艺术馆(上海店)","type":"风景名胜;风景名胜相关;旅游景点","typecode":"110000","address":"陆家嘴西路168号正大广场5F-51","location":"121.499170,31.236699","tel":"15021202836","pcode":310000,"pname":"上海市","citycode":21,"cityname":"上海市","adcode":310115,"adname":"浦东新区","gridcode":4621638912,"distance":881,"business_area":"陆家嘴","timestamp":"2023-05-13 10:28:56","biz_ext":"{\"rating\": \"4.3\", \"cost\": [], \"ticket_ordering\": \"0\"}","行业大类":"风景名胜","行业中类":"风景名胜相关","行业小类":"旅游景点","wgs84_loc":"121.494735,31.238712","wgs84Lng":121.494735,"wgs84Lat":31.238712,"__source_file__":"02-POI&AOI/1-POI/其它/23/Excel/分类/上海市-POI-2023.csv-风景名胜.csv"},"geometry":{"type":"Point","coordinates":[121.494735,31.238712]}},{"id":"6330","type":"Feature","properties":{"id":"c2b6e4c8-27d5-30a2-8963-40c592f3fbb2","name":"独角兽星空艺术馆","type":"风景名胜;风景名胜相关;旅游景点","typecode":"110000","address":"陆家嘴西路168号正大广场西区6楼47-48","location":"121.498625,31.236770","tel":"[]","pcode":310000,"pname":"上海市","citycode":21,"cityname":"上海市","adcode":310115,"adname":"浦东新区","gridcode":4621638912,"distance":849,"business_area":"陆家嘴","timestamp":"2023-05-13 10:30:50","biz_ext":"{\"rating\": \"3.4\", \"cost\": [], \"ticket_ordering\": \"0\"}","行业大类":"风景名胜","行业中类":"风景名胜相关","行业小类":"旅游景点","wgs84_loc":"121.494188,31.238782","wgs84Lng":121.494188,"wgs84Lat":31.238782,"__source_file__":"02-POI&AOI/1-POI/其它/23/Excel/分类/上海市-POI-2023.csv-风景名胜.csv"},"geometry":{"type":"Point","coordinates":[121.494188,31.238782]}},{"id":"1598","type":"Feature","properties":{"id":"c036aac9-f358-383d-b741-148fc6185502","name":"外滩观光隧道","type":"风景名胜;风景名胜;风景名胜","typecode":"110200","address":"上海浦东新区东方明珠广播电视塔和浦西南京东路外滩之间","location":"121.497253,31.238235","tel":"[]","pcode":310000,"pname":"上海市","citycode":21,"cityname":"上海市","adcode":310115,"adname":"浦东新区","gridcode":4621638912,"distance":658,"business_area":"陆家嘴","timestamp":"2023-04-22 03:20:36","biz_ext":"{\"rating\": \"4.2\", \"cost\": [], \"ticket_ordering\": \"0\"}","行业大类":"风景名胜","行业中类":"风景名胜","行业小类":"风景名胜","wgs84_loc":"121.492811,31.240242","wgs84Lng":121.492811,"wgs84Lat":31.240242,"__source_file__":"02-POI&AOI/1-POI/其它/23/Excel/分类/上海市-POI-2023.csv-风景名胜.csv"},"geometry":{"type":"Point","coordinates":[121.492811,31.240242]}},{"id":"4684","type":"Feature","properties":{"id":"e5209899-21a2-3929-a5ea-5e4c7eb4d00d","name":"太空秘境体验馆","type":"风景名胜;风景名胜相关;旅游景点","typecode":"110000","address":"滨江大道2789号B1层","location":"121.497002,31.238836","tel":"[]","pcode":310000,"pname":"上海市","citycode":21,"cityname":"上海市","adcode":310115,"adname":"浦东新区","gridcode":4621638912,"distance":595,"business_area":"陆家嘴","timestamp":"2023-05-13 08:20:48","biz_ext":"{\"rating\": \"4.4\", \"cost\": \"107.00\", \"ticket_ordering\": \"0\"}","行业大类":"风景名胜","行业中类":"风景名胜相关","行业小类":"旅游景点","wgs84_loc":"121.492559,31.240842","wgs84Lng":121.492559,"wgs84Lat":31.240842,"__source_file__":"02-POI&AOI/1-POI/其它/23/Excel/分类/上海市-POI-2023.csv-风景名胜.csv"},"geometry":{"type":"Point","coordinates":[121.492559,31.240842]}},{"id":"2422","type":"Feature","properties":{"id":"03a7cd8a-873b-3c02-96da-0bf6454291de","name":"东方明珠广播电视塔-城市广场","type":"风景名胜;公园广场;城市广场","typecode":"110105","address":"世纪大道1号(陆家嘴地铁站1号入口步行260米)","location":"121.500271,31.239193","tel":"021-58791888","pcode":310000,"pname":"上海市","citycode":21,"cityname":"上海市","adcode":310115,"adname":"浦东新区","gridcode":4621648020,"distance":1992,"business_area":"陆家嘴","timestamp":"2023-04-30 10:30:35","biz_ext":"{\"rating\": \"4.7\", \"cost\": [], \"ticket_ordering\": \"0\"}","行业大类":"风景名胜","行业中类":"公园广场","行业小类":"城市广场","wgs84_loc":"121.49584,31.241209","wgs84Lng":121.49584,"wgs84Lat":31.241209,"__source_file__":"02-POI&AOI/1-POI/其它/23/Excel/分类/上海市-POI-2023.csv-风景名胜.csv"},"geometry":{"type":"Point","coordinates":[121.49584,31.241209]}},{"id":"3050","type":"Feature","properties":{"id":"a7d07961-ecd4-300a-a025-f943e55ca0da","name":"东方明珠广播电视塔-城市长廊","type":"风景名胜;风景名胜相关;旅游景点","typecode":"110000","address":"世纪大道1号(陆家嘴地铁站1号入口步行320米)","location":"121.499971,31.239436","tel":"021-58796876","pcode":310000,"pname":"上海市","citycode":21,"cityname":"上海市","adcode":310115,"adname":"浦东新区","gridcode":4621638922,"distance":1400,"business_area":"陆家嘴","timestamp":"2023-05-10 10:05:55","biz_ext":"{\"rating\": \"4.1\", \"cost\": [], \"ticket_ordering\": \"0\"}","行业大类":"风景名胜","行业中类":"风景名胜相关","行业小类":"旅游景点","wgs84_loc":"121.495539,31.241451","wgs84Lng":121.495539,"wgs84Lat":31.241451,"__source_file__":"02-POI&AOI/1-POI/其它/23/Excel/分类/上海市-POI-2023.csv-风景名胜.csv"},"geometry":{"type":"Point","coordinates":[121.495539,31.241451]}},{"id":"5171","type":"Feature","properties":{"id":"844df3da-ee7a-3170-af52-3c057f2151f1","name":"351米太空舱","type":"风景名胜;风景名胜相关;旅游景点","typecode":"110000","address":"陆家嘴世纪大道1号东方明珠电视塔内","location":"121.499980,31.239513","tel":"021-58791888","pcode":310000,"pname":"上海市","citycode":21,"cityname":"上海市","adcode":310115,"adname":"浦东新区","gridcode":4621638922,"distance":1397,"business_area":"陆家嘴","timestamp":"2023-05-12 17:26:04","biz_ext":"{\"rating\": \"3.9\", \"cost\": [], \"ticket_ordering\": \"0\"}","行业大类":"风景名胜","行业中类":"风景名胜相关","行业小类":"旅游景点","wgs84_loc":"121.495548,31.241528","wgs84Lng":121.495548,"wgs84Lat":31.241528,"__source_file__":"02-POI&AOI/1-POI/其它/23/Excel/分类/上海市-POI-2023.csv-风景名胜.csv"},"geometry":{"type":"Point","coordinates":[121.495548,31.241528]}},{"id":"300","type":"Feature","properties":{"id":"11306665-ea5f-3fd5-a184-fbd879e3ecec","name":"外滩-情人墙","type":"风景名胜;风景名胜相关;旅游景点","typecode":"110000","address":"中山东一路500号","location":"121.490598,31.239095","tel":"[]","pcode":310000,"pname":"上海市","citycode":21,"cityname":"上海市","adcode":310101,"adname":"黄浦区","gridcode":4621638920,"distance":399,"business_area":"北京东路","timestamp":"2023-05-10 17:59:23","biz_ext":"{\"rating\": \"4.4\", \"cost\": [], \"ticket_ordering\": \"0\"}","行业大类":"风景名胜","行业中类":"风景名胜相关","行业小类":"旅游景点","wgs84_loc":"121.486132,31.241082","wgs84Lng":121.486132,"wgs84Lat":31.241082,"__source_file__":"02-POI&AOI/1-POI/其它/23/Excel/分类/上海市-POI-2023.csv-风景名胜.csv"},"geometry":{"type":"Point","coordinates":[121.486132,31.241082]}},{"id":"990","type":"Feature","properties":{"id":"d346d1a9-5393-3893-944e-682eafaba19f","name":"沙逊大厦旧址","type":"风景名胜;风景名胜相关;旅游景点","typecode":"110000","address":"中山东一路20号(南京东路口)","location":"121.489760,31.239138","tel":"[]","pcode":310000,"pname":"上海市","citycode":21,"cityname":"上海市","adcode":310101,"adname":"黄浦区","gridcode":4621638920,"distance":841,"business_area":"北京东路","timestamp":"2023-04-23 17:36:56","biz_ext":"{\"rating\": \"3.9\", \"cost\": [], \"ticket_ordering\": \"0\"}","行业大类":"风景名胜","行业中类":"风景名胜相关","行业小类":"旅游景点","wgs84_loc":"121.485291,31.241122","wgs84Lng":121.485291,"wgs84Lat":31.241122,"__source_file__":"02-POI&AOI/1-POI/其它/23/Excel/分类/上海市-POI-2023.csv-风景名胜.csv"},"geometry":{"type":"Point","coordinates":[121.485291,31.241122]}},{"id":"2181","type":"Feature","properties":{"id":"e1868185-f359-3d42-8b79-9202f6bb17b8","name":"外滩-陈毅塑像","type":"风景名胜;风景名胜;风景名胜","typecode":"110200","address":"中山东一路外滩金融广场(临黄浦江)","location":"121.490405,31.239137","tel":"[]","pcode":310000,"pname":"上海市","citycode":21,"cityname":"上海市","adcode":310101,"adname":"黄浦区","gridcode":4621638920,"distance":403,"business_area":"北京东路","timestamp":"2023-04-04 09:30:14","biz_ext":"{\"rating\": \"4.5\", \"cost\": [], \"ticket_ordering\": \"0\"}","行业大类":"风景名胜","行业中类":"风景名胜","行业小类":"风景名胜","wgs84_loc":"121.485939,31.241123","wgs84Lng":121.485939,"wgs84Lat":31.241123,"__source_file__":"02-POI&AOI/1-POI/其它/23/Excel/分类/上海市-POI-2023.csv-风景名胜.csv"},"geometry":{"type":"Point","coordinates":[121.485939,31.241123]}},{"id":"435","type":"Feature","properties":{"id":"63b184f7-0882-30fb-9f27-32f481ef75c6","name":"沙逊大厦","type":"风景名胜;风景名胜相关;旅游景点","typecode":"110000","address":"滇池路63号万国建筑博览群内(北侧)","location":"121.489561,31.239155","tel":"[]","pcode":310000,"pname":"上海市","citycode":21,"cityname":"上海市","adcode":310101,"adname":"黄浦区","gridcode":4621638920,"distance":903,"business_area":"北京东路","timestamp":"2023-03-31 13:04:18","biz_ext":"{\"rating\": \"3.9\", \"cost\": [], \"ticket_ordering\": \"0\"}","行业大类":"风景名胜","行业中类":"风景名胜相关","行业小类":"旅游景点","wgs84_loc":"121.485092,31.241139","wgs84Lng":121.485092,"wgs84Lat":31.241139,"__source_file__":"02-POI&AOI/1-POI/其它/23/Excel/分类/上海市-POI-2023.csv-风景名胜.csv"},"geometry":{"type":"Point","coordinates":[121.485092,31.241139]}},{"id":"1443","type":"Feature","properties":{"id":"a7b153e8-2ccb-38ad-be7d-ce0eef8e178f","name":"德国总会大楼旧址","type":"风景名胜;风景名胜相关;旅游景点","typecode":"110000","address":"滇池路63号万国建筑博览群内(北侧)","location":"121.489781,31.239521","tel":"[]","pcode":310000,"pname":"上海市","citycode":21,"cityname":"上海市","adcode":310101,"adname":"黄浦区","gridcode":4621638920,"distance":857,"business_area":"北京东路","timestamp":"2023-02-16 18:12:04","biz_ext":"{\"rating\": \"3.5\", \"cost\": [], \"ticket_ordering\": \"0\"}","行业大类":"风景名胜","行业中类":"风景名胜相关","行业小类":"旅游景点","wgs84_loc":"121.485312,31.241505","wgs84Lng":121.485312,"wgs84Lat":31.241505,"__source_file__":"02-POI&AOI/1-POI/其它/23/Excel/分类/上海市-POI-2023.csv-风景名胜.csv"},"geometry":{"type":"Point","coordinates":[121.485312,31.241505]}},{"id":"322","type":"Feature","properties":{"id":"6ae15eb6-4738-341d-ba0b-3637940bc04c","name":"外滩观光隧道","type":"风景名胜;风景名胜;国家级景点","typecode":"110202","address":"中山东一路351号","location":"121.490422,31.239833","tel":"021-58886000;021-58772831","pcode":310000,"pname":"上海市","citycode":21,"cityname":"上海市","adcode":310101,"adname":"黄浦区","gridcode":4621638920,"distance":334,"business_area":"北京东路","timestamp":"2023-05-15 17:27:08","biz_ext":"{\"rating\": \"3.2\", \"cost\": \"7.00\", \"ticket_ordering\": \"0\"}","行业大类":"风景名胜","行业中类":"风景名胜","行业小类":"国家级景点","wgs84_loc":"121.485956,31.241819","wgs84Lng":121.485956,"wgs84Lat":31.241819,"__source_file__":"02-POI&AOI/1-POI/其它/23/Excel/分类/上海市-POI-2023.csv-风景名胜.csv"},"geometry":{"type":"Point","coordinates":[121.485956,31.241819]}},{"id":"1413","type":"Feature","properties":{"id":"762ff355-b6c3-3197-9b3d-bd0cc5df6d40","name":"横滨正金银行","type":"风景名胜;风景名胜相关;旅游景点","typecode":"110000","address":"滇池路63号万国建筑博览群内(北侧)","location":"121.489866,31.239849","tel":"[]","pcode":310000,"pname":"上海市","citycode":21,"cityname":"上海市","adcode":310101,"adname":"黄浦区","gridcode":4621638920,"distance":877,"business_area":"北京东路","timestamp":"2023-02-16 18:11:46","biz_ext":"{\"rating\": \"3.8\", \"cost\": [], \"ticket_ordering\": \"0\"}","行业大类":"风景名胜","行业中类":"风景名胜相关","行业小类":"旅游景点","wgs84_loc":"121.485398,31.241833","wgs84Lng":121.485398,"wgs84Lat":31.241833,"__source_file__":"02-POI&AOI/1-POI/其它/23/Excel/分类/上海市-POI-2023.csv-风景名胜.csv"},"geometry":{"type":"Point","coordinates":[121.485398,31.241833]}},{"id":"608","type":"Feature","properties":{"id":"461e5bb0-70d0-3c96-9002-ea5548fdda24","name":"扬子大楼","type":"风景名胜;风景名胜相关;旅游景点","typecode":"110000","address":"滇池路63号万国建筑博览群内(北侧)","location":"121.489799,31.240037","tel":"[]","pcode":310000,"pname":"上海市","citycode":21,"cityname":"上海市","adcode":310101,"adname":"黄浦区","gridcode":4621638920,"distance":880,"business_area":"北京东路","timestamp":"2023-03-07 10:40:46","biz_ext":"{\"rating\": \"4.1\", \"cost\": [], \"ticket_ordering\": \"0\"}","行业大类":"风景名胜","行业中类":"风景名胜相关","行业小类":"旅游景点","wgs84_loc":"121.48533,31.242021","wgs84Lng":121.48533,"wgs84Lat":31.242021,"__source_file__":"02-POI&AOI/1-POI/其它/23/Excel/分类/上海市-POI-2023.csv-风景名胜.csv"},"geometry":{"type":"Point","coordinates":[121.48533,31.242021]}},{"id":"432","type":"Feature","properties":{"id":"5fc1be3c-ee32-380b-8e65-aef291436ac0","name":"怡和洋行","type":"风景名胜;风景名胜;风景名胜","typecode":"110200","address":"滇池路63号万国建筑博览群内(北侧)","location":"121.489782,31.240397","tel":"[]","pcode":310000,"pname":"上海市","citycode":21,"cityname":"上海市","adcode":310101,"adname":"黄浦区","gridcode":4621638920,"distance":895,"business_area":"北京东路","timestamp":"2023-03-08 11:23:07","biz_ext":"{\"rating\": \"3.9\", \"cost\": [], \"ticket_ordering\": \"0\"}","行业大类":"风景名胜","行业中类":"风景名胜","行业小类":"风景名胜","wgs84_loc":"121.485313,31.242381","wgs84Lng":121.485313,"wgs84Lat":31.242381,"__source_file__":"02-POI&AOI/1-POI/其它/23/Excel/分类/上海市-POI-2023.csv-风景名胜.csv"},"geometry":{"type":"Point","coordinates":[121.485313,31.242381]}},{"id":"3528","type":"Feature","properties":{"id":"63101d81-1b12-31b2-b032-bae82fb7e7ec","name":"罗斯福","type":"风景名胜;风景名胜相关;旅游景点","typecode":"110000","address":"中山东一路27号","location":"121.489969,31.240406","tel":"021-23220755","pcode":310000,"pname":"上海市","citycode":21,"cityname":"上海市","adcode":310101,"adname":"黄浦区","gridcode":4621638920,"distance":911,"business_area":"北京东路","timestamp":"2023-05-02 19:51:08","biz_ext":"{\"rating\": \"4.7\", \"cost\": [], \"ticket_ordering\": \"0\"}","行业大类":"风景名胜","行业中类":"风景名胜相关","行业小类":"旅游景点","wgs84_loc":"121.485501,31.24239","wgs84Lng":121.485501,"wgs84Lat":31.24239,"__source_file__":"02-POI&AOI/1-POI/其它/23/Excel/分类/上海市-POI-2023.csv-风景名胜.csv"},"geometry":{"type":"Point","coordinates":[121.485501,31.24239]}},{"id":"5135","type":"Feature","properties":{"id":"f9b8e7c7-daf7-39c8-ae5e-42c1bd1ad4e2","name":"东方明珠广播电视塔-空中基地","type":"风景名胜;风景名胜相关;旅游景点","typecode":"110000","address":"世纪大道1号东方明珠内(陆家嘴地铁站1号入口步行320米)","location":"121.499980,31.239513","tel":"021-58791888","pcode":310000,"pname":"上海市","citycode":21,"cityname":"上海市","adcode":310115,"adname":"浦东新区","gridcode":4621638922,"distance":1397,"business_area":"陆家嘴","timestamp":"2023-01-28 11:56:15","biz_ext":"{\"rating\": [], \"cost\": [], \"ticket_ordering\": \"0\"}","行业大类":"风景名胜","行业中类":"风景名胜相关","行业小类":"旅游景点","wgs84_loc":"121.495548,31.241528","wgs84Lng":121.495548,"wgs84Lat":31.241528,"__source_file__":"02-POI&AOI/1-POI/其它/23/Excel/分类/上海市-POI-2023.csv-风景名胜.csv"},"geometry":{"type":"Point","coordinates":[121.495548,31.241528]}},{"id":"48","type":"Feature","properties":{"id":"69d8e879-e8ec-3d22-8bf0-41c6cc7e0983","name":"东方明珠广播电视塔","type":"风景名胜;风景名胜;国家级景点","typecode":"110202","address":"世纪大道1号(近二号线陆家嘴站)","location":"121.499718,31.239703","tel":"021-58791888","pcode":310000,"pname":"上海市","citycode":21,"cityname":"上海市","adcode":310115,"adname":"浦东新区","gridcode":4621638922,"distance":451,"business_area":"陆家嘴","timestamp":"2023-05-11 23:20:23","biz_ext":"{\"rating\": \"4.8\", \"cost\": \"80.00\", \"ticket_ordering\": \"0\"}","行业大类":"风景名胜","行业中类":"风景名胜","行业小类":"国家级景点","wgs84_loc":"121.495285,31.241717","wgs84Lng":121.495285,"wgs84Lat":31.241717,"__source_file__":"02-POI&AOI/1-POI/其它/23/Excel/分类/上海市-POI-2023.csv-风景名胜.csv"},"geometry":{"type":"Point","coordinates":[121.495285,31.241717]}},{"id":"3457","type":"Feature","properties":{"id":"d11699ea-533e-3a3a-824a-eff564d3331d","name":"259米悬空观光厅","type":"风景名胜;风景名胜相关;旅游景点","typecode":"110000","address":"世纪大道1号东方明珠电视塔","location":"121.499701,31.239837","tel":"021-58791888","pcode":310000,"pname":"上海市","citycode":21,"cityname":"上海市","adcode":310115,"adname":"浦东新区","gridcode":4621638922,"distance":1416,"business_area":"陆家嘴","timestamp":"2023-05-10 18:15:07","biz_ext":"{\"rating\": \"3.6\", \"cost\": [], \"ticket_ordering\": \"0\"}","行业大类":"风景名胜","行业中类":"风景名胜相关","行业小类":"旅游景点","wgs84_loc":"121.495268,31.241851","wgs84Lng":121.495268,"wgs84Lat":31.241851,"__source_file__":"02-POI&AOI/1-POI/其它/23/Excel/分类/上海市-POI-2023.csv-风景名胜.csv"},"geometry":{"type":"Point","coordinates":[121.495268,31.241851]}},{"id":"1584","type":"Feature","properties":{"id":"09f99ff3-2d32-381b-873c-1fd00834d59f","name":"东方明珠号浦江游览","type":"风景名胜;风景名胜;风景名胜","typecode":"110200","address":"滨江大道2852号东方明珠游船码头","location":"121.496826,31.240596","tel":"[]","pcode":310000,"pname":"上海市","citycode":21,"cityname":"上海市","adcode":310115,"adname":"浦东新区","gridcode":4621638922,"distance":1196,"business_area":"陆家嘴","timestamp":"2023-05-13 10:26:20","biz_ext":"{\"rating\": \"4.3\", \"cost\": [], \"ticket_ordering\": \"0\"}","行业大类":"风景名胜","行业中类":"风景名胜","行业小类":"风景名胜","wgs84_loc":"121.492382,31.242601","wgs84Lng":121.492382,"wgs84Lat":31.242601,"__source_file__":"02-POI&AOI/1-POI/其它/23/Excel/分类/上海市-POI-2023.csv-风景名胜.csv"},"geometry":{"type":"Point","coordinates":[121.492382,31.242601]}},{"id":"76","type":"Feature","properties":{"id":"26e10b12-1913-3e52-b90b-09ddf7cc760e","name":"东方明珠游船码头","type":"风景名胜;风景名胜;风景名胜","typecode":"110200","address":"滨江大道2852号","location":"121.496971,31.240659","tel":"[]","pcode":310000,"pname":"上海市","citycode":21,"cityname":"上海市","adcode":310115,"adname":"浦东新区","gridcode":4621638922,"distance":482,"business_area":"陆家嘴","timestamp":"2023-05-11 18:27:34","biz_ext":"{\"rating\": [], \"cost\": \"117.00\", \"ticket_ordering\": \"0\"}","行业大类":"风景名胜","行业中类":"风景名胜","行业小类":"风景名胜","wgs84_loc":"121.492528,31.242664","wgs84Lng":121.492528,"wgs84Lat":31.242664,"__source_file__":"02-POI&AOI/1-POI/其它/23/Excel/分类/上海市-POI-2023.csv-风景名胜.csv"},"geometry":{"type":"Point","coordinates":[121.492528,31.242664]}},{"id":"1414","type":"Feature","properties":{"id":"d240f1af-6f3a-3289-a8f8-15b6848af26a","name":"华俄道胜银行","type":"风景名胜;风景名胜;风景名胜","typecode":"110200","address":"九江路31-89号","location":"121.489896,31.237664","tel":"[]","pcode":310000,"pname":"上海市","citycode":21,"cityname":"上海市","adcode":310101,"adname":"黄浦区","gridcode":4621638910,"distance":1398,"business_area":"北京东路","timestamp":"2023-04-20 13:27:15","biz_ext":"{\"rating\": \"4.3\", \"cost\": [], \"ticket_ordering\": \"0\"}","行业大类":"风景名胜","行业中类":"风景名胜","行业小类":"风景名胜","wgs84_loc":"121.485428,31.239649","wgs84Lng":121.485428,"wgs84Lat":31.239649,"__source_file__":"02-POI&AOI/1-POI/其它/23/Excel/分类/上海市-POI-2023.csv-风景名胜.csv"},"geometry":{"type":"Point","coordinates":[121.485428,31.239649]}},{"id":"1408","type":"Feature","properties":{"id":"942f013c-152e-3c67-a916-9b56df046048","name":"三井银行","type":"风景名胜;风景名胜;风景名胜","typecode":"110200","address":"滇池路63号万国建筑博览群(西北角)","location":"121.488831,31.237725","tel":"[]","pcode":310000,"pname":"上海市","citycode":21,"cityname":"上海市","adcode":310101,"adname":"黄浦区","gridcode":4621638910,"distance":779,"business_area":"北京东路","timestamp":"2023-02-16 18:11:51","biz_ext":"{\"rating\": \"3.1\", \"cost\": [], \"ticket_ordering\": \"0\"}","行业大类":"风景名胜","行业中类":"风景名胜","行业小类":"风景名胜","wgs84_loc":"121.484359,31.239707","wgs84Lng":121.484359,"wgs84Lat":31.239707,"__source_file__":"02-POI&AOI/1-POI/其它/23/Excel/分类/上海市-POI-2023.csv-风景名胜.csv"},"geometry":{"type":"Point","coordinates":[121.484359,31.239707]}},{"id":"1409","type":"Feature","properties":{"id":"728019d1-79d8-3bdb-8de2-f440d8ca3675","name":"上海公库","type":"风景名胜;风景名胜;风景名胜","typecode":"110200","address":"滇池路63号万国建筑博览群(西北角)","location":"121.488832,31.237726","tel":"[]","pcode":310000,"pname":"上海市","citycode":21,"cityname":"上海市","adcode":310101,"adname":"黄浦区","gridcode":4621638910,"distance":779,"business_area":"北京东路","timestamp":"2023-02-16 18:11:41","biz_ext":"{\"rating\": \"3.9\", \"cost\": [], \"ticket_ordering\": \"0\"}","行业大类":"风景名胜","行业中类":"风景名胜","行业小类":"风景名胜","wgs84_loc":"121.48436,31.239708","wgs84Lng":121.48436,"wgs84Lat":31.239708,"__source_file__":"02-POI&AOI/1-POI/其它/23/Excel/分类/上海市-POI-2023.csv-风景名胜.csv"},"geometry":{"type":"Point","coordinates":[121.48436,31.239708]}},{"id":"1485","type":"Feature","properties":{"id":"330dd0b0-537a-3340-b23f-33e67b0f8fa4","name":"上海公库旧址","type":"风景名胜;风景名胜相关;旅游景点","typecode":"110000","address":"九江路50号","location":"121.488839,31.237740","tel":"[]","pcode":310000,"pname":"上海市","citycode":21,"cityname":"上海市","adcode":310101,"adname":"黄浦区","gridcode":4621638910,"distance":780,"business_area":"北京东路","timestamp":"2023-01-16 20:41:02","biz_ext":"{\"rating\": \"4.0\", \"cost\": [], \"ticket_ordering\": \"0\"}","行业大类":"风景名胜","行业中类":"风景名胜相关","行业小类":"旅游景点","wgs84_loc":"121.484367,31.239722","wgs84Lng":121.484367,"wgs84Lat":31.239722,"__source_file__":"02-POI&AOI/1-POI/其它/23/Excel/分类/上海市-POI-2023.csv-风景名胜.csv"},"geometry":{"type":"Point","coordinates":[121.484367,31.239722]}},{"id":"1511","type":"Feature","properties":{"id":"f151390b-6da6-397b-b07b-cbf51c7a57ec","name":"字林西报大楼旧址","type":"风景名胜;风景名胜相关;旅游景点","typecode":"110000","address":"滇池路63号万国建筑博览群(东北角)","location":"121.489810,31.238141","tel":"[]","pcode":310000,"pname":"上海市","citycode":21,"cityname":"上海市","adcode":310101,"adname":"黄浦区","gridcode":4621638910,"distance":788,"business_area":"北京东路","timestamp":"2023-02-16 18:12:01","biz_ext":"{\"rating\": \"3.7\", \"cost\": [], \"ticket_ordering\": \"0\"}","行业大类":"风景名胜","行业中类":"风景名胜相关","行业小类":"旅游景点","wgs84_loc":"121.485341,31.240126","wgs84Lng":121.485341,"wgs84Lat":31.240126,"__source_file__":"02-POI&AOI/1-POI/其它/23/Excel/分类/上海市-POI-2023.csv-风景名胜.csv"},"geometry":{"type":"Point","coordinates":[121.485341,31.240126]}},{"id":"1444","type":"Feature","properties":{"id":"a4e6d339-92f4-3bfc-a6c3-0bd9670caeee","name":"麦加利银行(香港渣打银行)","type":"风景名胜;风景名胜相关;旅游景点","typecode":"110000","address":"中山东一路18号外滩18号","location":"121.489669,31.238424","tel":"[]","pcode":310000,"pname":"上海市","citycode":21,"cityname":"上海市","adcode":310101,"adname":"黄浦区","gridcode":4621638910,"distance":822,"business_area":"北京东路","timestamp":"2023-02-16 18:12:05","biz_ext":"{\"rating\": \"3.0\", \"cost\": [], \"ticket_ordering\": \"0\"}","行业大类":"风景名胜","行业中类":"风景名胜相关","行业小类":"旅游景点","wgs84_loc":"121.4852,31.240408","wgs84Lng":121.4852,"wgs84Lat":31.240408,"__source_file__":"02-POI&AOI/1-POI/其它/23/Excel/分类/上海市-POI-2023.csv-风景名胜.csv"},"geometry":{"type":"Point","coordinates":[121.4852,31.240408]}},{"id":"2159","type":"Feature","properties":{"id":"7fbb9bcb-990c-3fe9-80d9-a6d56c30b5b8","name":"汇中饭店旧址","type":"风景名胜;风景名胜相关;旅游景点","typecode":"110000","address":"南京东路23号(近中山东一路)","location":"121.489334,31.238697","tel":"[]","pcode":310000,"pname":"上海市","citycode":21,"cityname":"上海市","adcode":310101,"adname":"黄浦区","gridcode":4621638910,"distance":861,"business_area":"北京东路","timestamp":"2023-04-21 01:14:39","biz_ext":"{\"rating\": \"3.5\", \"cost\": [], \"ticket_ordering\": \"0\"}","行业大类":"风景名胜","行业中类":"风景名胜相关","行业小类":"旅游景点","wgs84_loc":"121.484864,31.24068","wgs84Lng":121.484864,"wgs84Lat":31.24068,"__source_file__":"02-POI&AOI/1-POI/其它/23/Excel/分类/上海市-POI-2023.csv-风景名胜.csv"},"geometry":{"type":"Point","coordinates":[121.484864,31.24068]}},{"id":"680","type":"Feature","properties":{"id":"f3fdeba5-e902-359a-bce1-b7e979d9f190","name":"万国博览建筑群-万国禁烟会会址","type":"风景名胜;风景名胜;风景名胜","typecode":"110200","address":"南京东路23号(近中山东一路)","location":"121.489399,31.238727","tel":"[]","pcode":310000,"pname":"上海市","citycode":21,"cityname":"上海市","adcode":310101,"adname":"黄浦区","gridcode":4621638910,"distance":863,"business_area":"北京东路","timestamp":"2023-04-26 19:55:32","biz_ext":"{\"rating\": \"4.3\", \"cost\": [], \"ticket_ordering\": \"0\"}","行业大类":"风景名胜","行业中类":"风景名胜","行业小类":"风景名胜","wgs84_loc":"121.484929,31.24071","wgs84Lng":121.484929,"wgs84Lat":31.24071,"__source_file__":"02-POI&AOI/1-POI/其它/23/Excel/分类/上海市-POI-2023.csv-风景名胜.csv"},"geometry":{"type":"Point","coordinates":[121.484929,31.24071]}},{"id":"2440","type":"Feature","properties":{"id":"961ae6f7-6be0-30fa-94f8-d8b64ad31f43","name":"上海外滩建筑群汇中饭店大楼","type":"风景名胜;风景名胜相关;旅游景点","typecode":"110000","address":"滇池路63号万国建筑博览群内(北侧)","location":"121.489493,31.238744","tel":"[]","pcode":310000,"pname":"上海市","citycode":21,"cityname":"上海市","adcode":310101,"adname":"黄浦区","gridcode":4621638910,"distance":862,"business_area":"北京东路","timestamp":"2023-04-26 19:37:33","biz_ext":"{\"rating\": \"3.8\", \"cost\": [], \"ticket_ordering\": \"0\"}","行业大类":"风景名胜","行业中类":"风景名胜相关","行业小类":"旅游景点","wgs84_loc":"121.485023,31.240728","wgs84Lng":121.485023,"wgs84Lat":31.240728,"__source_file__":"02-POI&AOI/1-POI/其它/23/Excel/分类/上海市-POI-2023.csv-风景名胜.csv"},"geometry":{"type":"Point","coordinates":[121.485023,31.240728]}},{"id":"318","type":"Feature","properties":{"id":"4c5e9e71-afbc-3e42-a377-47a5dd89ef93","name":"外滩-陈毅广场","type":"风景名胜;公园广场;城市广场","typecode":"110105","address":"中山东一路外滩内(北侧)","location":"121.490359,31.238999","tel":"[]","pcode":310000,"pname":"上海市","citycode":21,"cityname":"上海市","adcode":310101,"adname":"黄浦区","gridcode":4621638920,"distance":418,"business_area":"北京东路","timestamp":"2023-05-15 07:08:31","biz_ext":"{\"rating\": \"4.6\", \"cost\": [], \"ticket_ordering\": \"0\"}","行业大类":"风景名胜","行业中类":"公园广场","行业小类":"城市广场","wgs84_loc":"121.485892,31.240985","wgs84Lng":121.485892,"wgs84Lat":31.240985,"__source_file__":"02-POI&AOI/1-POI/其它/23/Excel/分类/上海市-POI-2023.csv-风景名胜.csv"},"geometry":{"type":"Point","coordinates":[121.485892,31.240985]}},{"id":"5251","type":"Feature","properties":{"id":"fe817f78-a6aa-3eac-8e3d-a705a51409dc","name":"溪雨观悦荟广场(九江路)","type":"风景名胜;公园广场;城市广场","typecode":"110105","address":"九江路悦荟mosaic(南京东路地铁站3号口旁)","location":"121.483725,31.236687","tel":"[]","pcode":310000,"pname":"上海市","citycode":21,"cityname":"上海市","adcode":310101,"adname":"黄浦区","gridcode":4621638812,"distance":1265,"business_area":"北京东路","timestamp":"2023-01-13 17:39:17","biz_ext":"{\"rating\": \"3.7\", \"cost\": [], \"ticket_ordering\": \"0\"}","行业大类":"风景名胜","行业中类":"公园广场","行业小类":"城市广场","wgs84_loc":"121.479235,31.238655","wgs84Lng":121.479235,"wgs84Lat":31.238655,"__source_file__":"02-POI&AOI/1-POI/其它/23/Excel/分类/上海市-POI-2023.csv-风景名胜.csv"},"geometry":{"type":"Point","coordinates":[121.479235,31.238655]}},{"id":"1964","type":"Feature","properties":{"id":"da1547c5-0e6a-390a-8281-786bf9a3bf5e","name":"南京路步行街-雕像","type":"风景名胜;风景名胜相关;旅游景点","typecode":"110000","address":"南京东路558号南京路步行街内(东侧)","location":"121.482536,31.236715","tel":"[]","pcode":310000,"pname":"上海市","citycode":21,"cityname":"上海市","adcode":310101,"adname":"黄浦区","gridcode":4621638811,"distance":1161,"business_area":"北京东路","timestamp":"2023-04-15 11:38:03","biz_ext":"{\"rating\": \"4.1\", \"cost\": \"268.00\", \"ticket_ordering\": \"0\"}","行业大类":"风景名胜","行业中类":"风景名胜相关","行业小类":"旅游景点","wgs84_loc":"121.478042,31.238679","wgs84Lng":121.478042,"wgs84Lat":31.238679,"__source_file__":"02-POI&AOI/1-POI/其它/23/Excel/分类/上海市-POI-2023.csv-风景名胜.csv"},"geometry":{"type":"Point","coordinates":[121.478042,31.238679]}},{"id":"2880","type":"Feature","properties":{"id":"b9cfde70-c62e-3f16-b25a-fd5d640f6dbc","name":"瞿晏亭","type":"风景名胜;风景名胜相关;旅游景点","typecode":"110000","address":"南京东路353号悦荟mosaicF3","location":"121.483375,31.236797","tel":"[]","pcode":310000,"pname":"上海市","citycode":21,"cityname":"上海市","adcode":310101,"adname":"黄浦区","gridcode":4621638812,"distance":1247,"business_area":"北京东路","timestamp":"2023-03-09 15:41:28","biz_ext":"{\"rating\": \"4.0\", \"cost\": [], \"ticket_ordering\": \"0\"}","行业大类":"风景名胜","行业中类":"风景名胜相关","行业小类":"旅游景点","wgs84_loc":"121.478884,31.238764","wgs84Lng":121.478884,"wgs84Lat":31.238764,"__source_file__":"02-POI&AOI/1-POI/其它/23/Excel/分类/上海市-POI-2023.csv-风景名胜.csv"},"geometry":{"type":"Point","coordinates":[121.478884,31.238764]}},{"id":"4212","type":"Feature","properties":{"id":"708a3b3c-2ead-39ef-8c13-6249e0b6e392","name":"上海星空艺术馆","type":"风景名胜;风景名胜相关;旅游景点","typecode":"110000","address":"南京东路353号悦荟广场3F","location":"121.483849,31.236799","tel":"[]","pcode":310000,"pname":"上海市","citycode":21,"cityname":"上海市","adcode":310101,"adname":"黄浦区","gridcode":4621638812,"distance":648,"business_area":"北京东路","timestamp":"2023-05-13 04:04:47","biz_ext":"{\"rating\": \"4.4\", \"cost\": \"63.00\", \"ticket_ordering\": \"0\"}","行业大类":"风景名胜","行业中类":"风景名胜相关","行业小类":"旅游景点","wgs84_loc":"121.47936,31.238767","wgs84Lng":121.47936,"wgs84Lat":31.238767,"__source_file__":"02-POI&AOI/1-POI/其它/23/Excel/分类/上海市-POI-2023.csv-风景名胜.csv"},"geometry":{"type":"Point","coordinates":[121.47936,31.238767]}},{"id":"3205","type":"Feature","properties":{"id":"654f55d5-e1e8-3c63-a3ed-ec92da3c3952","name":"謒浪亭","type":"风景名胜;风景名胜相关;旅游景点","typecode":"110000","address":"南京东路558号南京路步行街内(东侧)","location":"121.482202,31.237039","tel":"[]","pcode":310000,"pname":"上海市","citycode":21,"cityname":"上海市","adcode":310101,"adname":"黄浦区","gridcode":4621638811,"distance":1129,"business_area":"北京东路","timestamp":"2023-02-24 11:27:54","biz_ext":"{\"rating\": \"3.8\", \"cost\": [], \"ticket_ordering\": \"0\"}","行业大类":"风景名胜","行业中类":"风景名胜相关","行业小类":"旅游景点","wgs84_loc":"121.477707,31.239002","wgs84Lng":121.477707,"wgs84Lat":31.239002,"__source_file__":"02-POI&AOI/1-POI/其它/23/Excel/分类/上海市-POI-2023.csv-风景名胜.csv"},"geometry":{"type":"Point","coordinates":[121.477707,31.239002]}},{"id":"3799","type":"Feature","properties":{"id":"2c8e92ac-ab2f-3822-bf4c-6c5c8643c043","name":"申活馆","type":"风景名胜;风景名胜相关;旅游景点","typecode":"110000","address":"山东中路与南京路步行街交叉口东南约20米","location":"121.484233,31.237098","tel":"[]","pcode":310000,"pname":"上海市","citycode":21,"cityname":"上海市","adcode":310101,"adname":"黄浦区","gridcode":4621638812,"distance":997,"business_area":"北京东路","timestamp":"2023-05-11 17:39:51","biz_ext":"{\"rating\": \"3.2\", \"cost\": [], \"ticket_ordering\": \"0\"}","行业大类":"风景名胜","行业中类":"风景名胜相关","行业小类":"旅游景点","wgs84_loc":"121.479745,31.239067","wgs84Lng":121.479745,"wgs84Lat":31.239067,"__source_file__":"02-POI&AOI/1-POI/其它/23/Excel/分类/上海市-POI-2023.csv-风景名胜.csv"},"geometry":{"type":"Point","coordinates":[121.479745,31.239067]}},{"id":"3471","type":"Feature","properties":{"id":"be5af3d0-ecf3-3312-9397-cffc48cc5154","name":"中国青年新闻记者协会成立会址纪念馆","type":"风景名胜;风景名胜;红色景区|风景名胜;风景名胜;纪念馆","typecode":"110210|110204","address":"山西南路200号(南京东路地铁站1号口步行170米)","location":"121.482168,31.237644","tel":"021-63335997","pcode":310000,"pname":"上海市","citycode":21,"cityname":"上海市","adcode":310101,"adname":"黄浦区","gridcode":4621638811,"distance":1129,"business_area":"北京东路","timestamp":"2023-02-24 11:19:42","biz_ext":"{\"rating\": \"3.7\", \"cost\": [], \"ticket_ordering\": \"0\"}","行业大类":"风景名胜","行业中类":"风景名胜","行业小类":"红色景区|风景名胜","wgs84_loc":"121.477673,31.239607","wgs84Lng":121.477673,"wgs84Lat":31.239607,"__source_file__":"02-POI&AOI/1-POI/其它/23/Excel/分类/上海市-POI-2023.csv-风景名胜.csv"},"geometry":{"type":"Point","coordinates":[121.477673,31.239607]}},{"id":"2696","type":"Feature","properties":{"id":"cb3dad3a-b78f-3a40-8b2d-fe5a69745c02","name":"上海钱业公会旧址","type":"风景名胜;风景名胜相关;旅游景点","typecode":"110000","address":"宁波路276号(南京东路地铁站6号口步行270米)","location":"121.481824,31.238858","tel":"[]","pcode":310000,"pname":"上海市","citycode":21,"cityname":"上海市","adcode":310101,"adname":"黄浦区","gridcode":4621638811,"distance":1614,"business_area":"北京东路","timestamp":"2023-04-25 20:02:18","biz_ext":"{\"rating\": \"4.2\", \"cost\": [], \"ticket_ordering\": \"0\"}","行业大类":"风景名胜","行业中类":"风景名胜相关","行业小类":"旅游景点","wgs84_loc":"121.477327,31.240819","wgs84Lng":121.477327,"wgs84Lat":31.240819,"__source_file__":"02-POI&AOI/1-POI/其它/23/Excel/分类/上海市-POI-2023.csv-风景名胜.csv"},"geometry":{"type":"Point","coordinates":[121.477327,31.240819]}},{"id":"3196","type":"Feature","properties":{"id":"a27066fc-0c1e-3453-a6d1-f8658b43cd90","name":"钱业大楼","type":"风景名胜;风景名胜相关;旅游景点","typecode":"110000","address":"宁波路276号(南京东路地铁站5号口步行300米)","location":"121.481859,31.238876","tel":"[]","pcode":310000,"pname":"上海市","citycode":21,"cityname":"上海市","adcode":310101,"adname":"黄浦区","gridcode":4621638811,"distance":1612,"business_area":"北京东路","timestamp":"2022-11-07 17:46:11","biz_ext":"{\"rating\": [], \"cost\": [], \"ticket_ordering\": \"0\"}","行业大类":"风景名胜","行业中类":"风景名胜相关","行业小类":"旅游景点","wgs84_loc":"121.477363,31.240837","wgs84Lng":121.477363,"wgs84Lat":31.240837,"__source_file__":"02-POI&AOI/1-POI/其它/23/Excel/分类/上海市-POI-2023.csv-风景名胜.csv"},"geometry":{"type":"Point","coordinates":[121.477363,31.240837]}},{"id":"638","type":"Feature","properties":{"id":"4417480a-941b-3c02-9df1-52ab729a875d","name":"盐业大楼","type":"风景名胜;风景名胜;风景名胜","typecode":"110200","address":"北京东路280号(南京东路地铁站6号口步行240米)","location":"121.484556,31.240828","tel":"[]","pcode":310000,"pname":"上海市","citycode":21,"cityname":"上海市","adcode":310101,"adname":"黄浦区","gridcode":4621638822,"distance":1428,"business_area":"北京东路","timestamp":"2023-04-22 08:11:37","biz_ext":"{\"rating\": \"4.1\", \"cost\": [], \"ticket_ordering\": \"0\"}","行业大类":"风景名胜","行业中类":"风景名胜","行业小类":"风景名胜","wgs84_loc":"121.480069,31.242796","wgs84Lng":121.480069,"wgs84Lat":31.242796,"__source_file__":"02-POI&AOI/1-POI/其它/23/Excel/分类/上海市-POI-2023.csv-风景名胜.csv"},"geometry":{"type":"Point","coordinates":[121.480069,31.242796]}},{"id":"1440","type":"Feature","properties":{"id":"5f88b27c-7325-37c9-bb06-32bff3aa1934","name":"上海洋行","type":"风景名胜;风景名胜;风景名胜","typecode":"110200","address":"宁波路50-1附近(南京东路地铁站6号口步行210米)","location":"121.486345,31.239802","tel":"[]","pcode":310000,"pname":"上海市","citycode":21,"cityname":"上海市","adcode":310101,"adname":"黄浦区","gridcode":4621638822,"distance":635,"business_area":"北京东路","timestamp":"2022-07-18 14:48:14","biz_ext":"{\"rating\": \"3.7\", \"cost\": [], \"ticket_ordering\": \"0\"}","行业大类":"风景名胜","行业中类":"风景名胜","行业小类":"风景名胜","wgs84_loc":"121.481864,31.241776","wgs84Lng":121.481864,"wgs84Lat":31.241776,"__source_file__":"02-POI&AOI/1-POI/其它/23/Excel/分类/上海市-POI-2023.csv-风景名胜.csv"},"geometry":{"type":"Point","coordinates":[121.481864,31.241776]}},{"id":"1917","type":"Feature","properties":{"id":"fb482907-9de6-33f5-90f5-885524a47107","name":"优秀历史建筑","type":"风景名胜;风景名胜相关;旅游景点","typecode":"110000","address":"江西中路368号(南京东路地铁站6号口步行190米)","location":"121.485930,31.239843","tel":"[]","pcode":310000,"pname":"上海市","citycode":21,"cityname":"上海市","adcode":310101,"adname":"黄浦区","gridcode":4621638822,"distance":669,"business_area":"北京东路","timestamp":"2023-05-15 05:29:26","biz_ext":"{\"rating\": \"3.6\", \"cost\": [], \"ticket_ordering\": \"0\"}","行业大类":"风景名胜","行业中类":"风景名胜相关","行业小类":"旅游景点","wgs84_loc":"121.481448,31.241816","wgs84Lng":121.481448,"wgs84Lat":31.241816,"__source_file__":"02-POI&AOI/1-POI/其它/23/Excel/分类/上海市-POI-2023.csv-风景名胜.csv"},"geometry":{"type":"Point","coordinates":[121.481448,31.241816]}},{"id":"1504","type":"Feature","properties":{"id":"7dfb00a3-9f04-3dcd-a147-b2b1d71f11d7","name":"中国垦业银行旧址","type":"风景名胜;风景名胜相关;旅游景点","typecode":"110000","address":"北京东路239、255号(南京东路地铁站6号口步行220米)","location":"121.485266,31.240421","tel":"[]","pcode":310000,"pname":"上海市","citycode":21,"cityname":"上海市","adcode":310101,"adname":"黄浦区","gridcode":4621638822,"distance":704,"business_area":"北京东路","timestamp":"2023-03-09 15:36:28","biz_ext":"{\"rating\": \"3.4\", \"cost\": [], \"ticket_ordering\": \"0\"}","行业大类":"风景名胜","行业中类":"风景名胜相关","行业小类":"旅游景点","wgs84_loc":"121.480781,31.242391","wgs84Lng":121.480781,"wgs84Lat":31.242391,"__source_file__":"02-POI&AOI/1-POI/其它/23/Excel/分类/上海市-POI-2023.csv-风景名胜.csv"},"geometry":{"type":"Point","coordinates":[121.480781,31.242391]}},{"id":"2658","type":"Feature","properties":{"id":"3d8ef06d-5fee-341d-9a21-1f063af0f30d","name":"浙江兴业银行","type":"风景名胜;风景名胜;风景名胜","typecode":"110200","address":"北京东路230号(南京东路地铁站6号口步行320米)","location":"121.485960,31.240830","tel":"[]","pcode":310000,"pname":"上海市","citycode":21,"cityname":"上海市","adcode":310101,"adname":"黄浦区","gridcode":4621638822,"distance":628,"business_area":"北京东路","timestamp":"2022-08-09 05:26:59","biz_ext":"{\"rating\": [], \"cost\": [], \"ticket_ordering\": \"0\"}","行业大类":"风景名胜","行业中类":"风景名胜","行业小类":"风景名胜","wgs84_loc":"121.481478,31.242802","wgs84Lng":121.481478,"wgs84Lat":31.242802,"__source_file__":"02-POI&AOI/1-POI/其它/23/Excel/分类/上海市-POI-2023.csv-风景名胜.csv"},"geometry":{"type":"Point","coordinates":[121.481478,31.242802]}},{"id":"434","type":"Feature","properties":{"id":"165a31a0-d239-316d-a7c7-566c7266c540","name":"中一大楼","type":"风景名胜;风景名胜相关;旅游景点","typecode":"110000","address":"北京东路270号(南京东路地铁站6号口步行280米)","location":"121.484842,31.240956","tel":"[]","pcode":310000,"pname":"上海市","citycode":21,"cityname":"上海市","adcode":310101,"adname":"黄浦区","gridcode":4621638822,"distance":1420,"business_area":"北京东路","timestamp":"2023-04-25 03:30:29","biz_ext":"{\"rating\": [], \"cost\": [], \"ticket_ordering\": \"0\"}","行业大类":"风景名胜","行业中类":"风景名胜相关","行业小类":"旅游景点","wgs84_loc":"121.480356,31.242925","wgs84Lng":121.480356,"wgs84Lat":31.242925,"__source_file__":"02-POI&AOI/1-POI/其它/23/Excel/分类/上海市-POI-2023.csv-风景名胜.csv"},"geometry":{"type":"Point","coordinates":[121.480356,31.242925]}},{"id":"689","type":"Feature","properties":{"id":"e4925366-f43d-3f9e-bed1-cfdc636a4a29","name":"安培洋行","type":"风景名胜;风景名胜;风景名胜","typecode":"110200","address":"外滩北京东路圆明园路97号","location":"121.488085,31.241070","tel":"[]","pcode":310000,"pname":"上海市","citycode":21,"cityname":"上海市","adcode":310101,"adname":"黄浦区","gridcode":4621638920,"distance":427,"business_area":"北京东路","timestamp":"2023-04-29 02:15:54","biz_ext":"{\"rating\": \"4.4\", \"cost\": [], \"ticket_ordering\": \"0\"}","行业大类":"风景名胜","行业中类":"风景名胜","行业小类":"风景名胜","wgs84_loc":"121.48361,31.243048","wgs84Lng":121.48361,"wgs84Lat":31.243048,"__source_file__":"02-POI&AOI/1-POI/其它/23/Excel/分类/上海市-POI-2023.csv-风景名胜.csv"},"geometry":{"type":"Point","coordinates":[121.48361,31.243048]}},{"id":"698","type":"Feature","properties":{"id":"b78253ca-4fb7-314d-8b7f-97163eb261aa","name":"女青年会大楼","type":"风景名胜;风景名胜;风景名胜","typecode":"110200","address":"圆明园路133号","location":"121.488019,31.241731","tel":"[]","pcode":310000,"pname":"上海市","citycode":21,"cityname":"上海市","adcode":310101,"adname":"黄浦区","gridcode":4621639900,"distance":414,"business_area":"北京东路","timestamp":"2023-03-23 00:23:04","biz_ext":"{\"rating\": \"4.5\", \"cost\": [], \"ticket_ordering\": \"0\"}","行业大类":"风景名胜","行业中类":"风景名胜","行业小类":"风景名胜","wgs84_loc":"121.483544,31.243709","wgs84Lng":121.483544,"wgs84Lat":31.243709,"__source_file__":"02-POI&AOI/1-POI/其它/23/Excel/分类/上海市-POI-2023.csv-风景名胜.csv"},"geometry":{"type":"Point","coordinates":[121.483544,31.243709]}},{"id":"1412","type":"Feature","properties":{"id":"04f1e92a-0256-338f-af5b-f8c45782fbde","name":"上海基督教青年会","type":"风景名胜;风景名胜;风景名胜","typecode":"110200","address":"四川中路595-607号","location":"121.486208,31.241954","tel":"[]","pcode":310000,"pname":"上海市","citycode":21,"cityname":"上海市","adcode":310101,"adname":"黄浦区","gridcode":4621639802,"distance":582,"business_area":"北京东路","timestamp":"2023-05-03 12:26:33","biz_ext":"{\"rating\": \"3.5\", \"cost\": [], \"ticket_ordering\": \"0\"}","行业大类":"风景名胜","行业中类":"风景名胜","行业小类":"风景名胜","wgs84_loc":"121.481726,31.243926","wgs84Lng":121.481726,"wgs84Lat":31.243926,"__source_file__":"02-POI&AOI/1-POI/其它/23/Excel/分类/上海市-POI-2023.csv-风景名胜.csv"},"geometry":{"type":"Point","coordinates":[121.481726,31.243926]}},{"id":"4642","type":"Feature","properties":{"id":"7c3407f8-6cd9-3136-90e6-ec304afbff4b","name":"永兴大楼","type":"风景名胜;风景名胜;风景名胜","typecode":"110200","address":"虎丘路95号","location":"121.487286,31.242507","tel":"[]","pcode":310000,"pname":"上海市","citycode":21,"cityname":"上海市","adcode":310101,"adname":"黄浦区","gridcode":4621639802,"distance":478,"business_area":"北京东路","timestamp":"2023-04-20 11:51:06","biz_ext":"{\"rating\": \"3.9\", \"cost\": [], \"ticket_ordering\": \"0\"}","行业大类":"风景名胜","行业中类":"风景名胜","行业小类":"风景名胜","wgs84_loc":"121.482808,31.244482","wgs84Lng":121.482808,"wgs84Lat":31.244482,"__source_file__":"02-POI&AOI/1-POI/其它/23/Excel/分类/上海市-POI-2023.csv-风景名胜.csv"},"geometry":{"type":"Point","coordinates":[121.482808,31.244482]}},{"id":"756","type":"Feature","properties":{"id":"ce279978-b1cc-37a7-806a-f57d798e439c","name":"英商自来水公司大楼","type":"风景名胜;风景名胜;风景名胜","typecode":"110200","address":"江西中路484号","location":"121.484961,31.242546","tel":"[]","pcode":310000,"pname":"上海市","citycode":21,"cityname":"上海市","adcode":310101,"adname":"黄浦区","gridcode":4621639802,"distance":699,"business_area":"北京东路","timestamp":"2022-07-21 02:37:50","biz_ext":"{\"rating\": \"3.7\", \"cost\": [], \"ticket_ordering\": \"0\"}","行业大类":"风景名胜","行业中类":"风景名胜","行业小类":"风景名胜","wgs84_loc":"121.480475,31.244515","wgs84Lng":121.480475,"wgs84Lat":31.244515,"__source_file__":"02-POI&AOI/1-POI/其它/23/Excel/分类/上海市-POI-2023.csv-风景名胜.csv"},"geometry":{"type":"Point","coordinates":[121.480475,31.244515]}},{"id":"1442","type":"Feature","properties":{"id":"8f0e197b-9ab4-3f17-b15e-2e8c7f3048ad","name":"上海银行公会","type":"风景名胜;风景名胜;纪念馆","typecode":"110204","address":"香港路59号","location":"121.486832,31.242604","tel":"[]","pcode":310000,"pname":"上海市","citycode":21,"cityname":"上海市","adcode":310101,"adname":"黄浦区","gridcode":4621639802,"distance":521,"business_area":"北京东路","timestamp":"2023-05-14 09:50:46","biz_ext":"{\"rating\": \"4.4\", \"cost\": [], \"ticket_ordering\": \"0\"}","行业大类":"风景名胜","行业中类":"风景名胜","行业小类":"纪念馆","wgs84_loc":"121.482353,31.244578","wgs84Lng":121.482353,"wgs84Lat":31.244578,"__source_file__":"02-POI&AOI/1-POI/其它/23/Excel/分类/上海市-POI-2023.csv-风景名胜.csv"},"geometry":{"type":"Point","coordinates":[121.482353,31.244578]}},{"id":"52","type":"Feature","properties":{"id":"5d09776c-f5ff-3a30-9367-6f5f1b2ac86a","name":"兰心戏院旧址","type":"风景名胜;风景名胜相关;旅游景点","typecode":"110000","address":"圆明园路185号兰心大楼","location":"121.487904,31.242645","tel":"[]","pcode":310000,"pname":"上海市","citycode":21,"cityname":"上海市","adcode":310101,"adname":"黄浦区","gridcode":4621639900,"distance":420,"business_area":"北京东路","timestamp":"2023-01-16 20:23:43","biz_ext":"{\"rating\": \"3.5\", \"cost\": [], \"ticket_ordering\": \"0\"}","行业大类":"风景名胜","行业中类":"风景名胜相关","行业小类":"旅游景点","wgs84_loc":"121.483428,31.244622","wgs84Lng":121.483428,"wgs84Lat":31.244622,"__source_file__":"02-POI&AOI/1-POI/其它/23/Excel/分类/上海市-POI-2023.csv-风景名胜.csv"},"geometry":{"type":"Point","coordinates":[121.483428,31.244622]}},{"id":"669","type":"Feature","properties":{"id":"98fafffa-299f-3b70-80c2-6b23e6483e56","name":"广学大楼","type":"风景名胜;风景名胜;风景名胜","typecode":"110200","address":"虎丘路128号","location":"121.487512,31.242978","tel":"[]","pcode":310000,"pname":"上海市","citycode":21,"cityname":"上海市","adcode":310101,"adname":"黄浦区","gridcode":4621639900,"distance":461,"business_area":"北京东路","timestamp":"2023-04-22 03:38:42","biz_ext":"{\"rating\": \"4.2\", \"cost\": [], \"ticket_ordering\": \"0\"}","行业大类":"风景名胜","行业中类":"风景名胜","行业小类":"风景名胜","wgs84_loc":"121.483035,31.244954","wgs84Lng":121.483035,"wgs84Lat":31.244954,"__source_file__":"02-POI&AOI/1-POI/其它/23/Excel/分类/上海市-POI-2023.csv-风景名胜.csv"},"geometry":{"type":"Point","coordinates":[121.483035,31.244954]}},{"id":"1483","type":"Feature","properties":{"id":"2952a04c-818a-3eec-a015-2862ed3abc3d","name":"青年协会大楼","type":"风景名胜;风景名胜;风景名胜","typecode":"110200","address":"虎丘路131号","location":"121.487212,31.243016","tel":"[]","pcode":310000,"pname":"上海市","citycode":21,"cityname":"上海市","adcode":310101,"adname":"黄浦区","gridcode":4621639802,"distance":490,"business_area":"北京东路","timestamp":"2023-03-12 12:01:33","biz_ext":"{\"rating\": \"2.9\", \"cost\": [], \"ticket_ordering\": \"0\"}","行业大类":"风景名胜","行业中类":"风景名胜","行业小类":"风景名胜","wgs84_loc":"121.482734,31.244991","wgs84Lng":121.482734,"wgs84Lat":31.244991,"__source_file__":"02-POI&AOI/1-POI/其它/23/Excel/分类/上海市-POI-2023.csv-风景名胜.csv"},"geometry":{"type":"Point","coordinates":[121.482734,31.244991]}},{"id":"6252","type":"Feature","properties":{"id":"176fb54b-2182-39f2-8a3b-c9e7657bfc08","name":"原新天安堂","type":"风景名胜;风景名胜;风景名胜","typecode":"110200","address":"外滩源33(西北角)","location":"121.488322,31.243194","tel":"[]","pcode":310000,"pname":"上海市","citycode":21,"cityname":"上海市","adcode":310101,"adname":"黄浦区","gridcode":4621639900,"distance":968,"business_area":"北京东路","timestamp":"2023-04-26 19:36:06","biz_ext":"{\"rating\": \"4.5\", \"cost\": [], \"ticket_ordering\": \"0\"}","行业大类":"风景名胜","行业中类":"风景名胜","行业小类":"风景名胜","wgs84_loc":"121.483848,31.245172","wgs84Lng":121.483848,"wgs84Lat":31.245172,"__source_file__":"02-POI&AOI/1-POI/其它/23/Excel/分类/上海市-POI-2023.csv-风景名胜.csv"},"geometry":{"type":"Point","coordinates":[121.483848,31.245172]}},{"id":"1621","type":"Feature","properties":{"id":"8732c2d2-723d-33f5-b953-837ec44076df","name":"乍浦路桥","type":"风景名胜;风景名胜相关;旅游景点","typecode":"110000","address":"乍浦路与南苏州路交叉口北40米","location":"121.487653,31.243871","tel":"[]","pcode":310000,"pname":"上海市","citycode":21,"cityname":"上海市","adcode":310101,"adname":"黄浦区","gridcode":4621639900,"distance":473,"business_area":"北京东路","timestamp":"2023-05-11 03:02:28","biz_ext":"{\"rating\": \"4.9\", \"cost\": [], \"ticket_ordering\": \"0\"}","行业大类":"风景名胜","行业中类":"风景名胜相关","行业小类":"旅游景点","wgs84_loc":"121.483176,31.245847","wgs84Lng":121.483176,"wgs84Lat":31.245847,"__source_file__":"02-POI&AOI/1-POI/其它/23/Excel/分类/上海市-POI-2023.csv-风景名胜.csv"},"geometry":{"type":"Point","coordinates":[121.483176,31.245847]}},{"id":"1579","type":"Feature","properties":{"id":"5d1e40aa-4856-34e2-99d8-394b337d82b1","name":"新亚酒楼旧址","type":"风景名胜;风景名胜相关;旅游景点","typecode":"110000","address":"天潼路422号(天潼路地铁站3号口步行250米)","location":"121.484970,31.245041","tel":"[]","pcode":310000,"pname":"上海市","citycode":21,"cityname":"上海市","adcode":310109,"adname":"虹口区","gridcode":4621639812,"distance":765,"business_area":"七浦路","timestamp":"2023-05-11 19:44:05","biz_ext":"{\"rating\": \"3.5\", \"cost\": [], \"ticket_ordering\": \"0\"}","行业大类":"风景名胜","行业中类":"风景名胜相关","行业小类":"旅游景点","wgs84_loc":"121.480484,31.247008","wgs84Lng":121.480484,"wgs84Lat":31.247008,"__source_file__":"02-POI&AOI/1-POI/其它/23/Excel/分类/上海市-POI-2023.csv-风景名胜.csv"},"geometry":{"type":"Point","coordinates":[121.480484,31.247008]}},{"id":"3472","type":"Feature","properties":{"id":"5461326e-7c31-3df6-b5a7-22489f59b87f","name":"航天长城","type":"风景名胜;风景名胜相关;旅游景点","typecode":"110000","address":"武昌路523弄1-7号宇航大厦","location":"121.484952,31.246979","tel":"[]","pcode":310000,"pname":"上海市","citycode":21,"cityname":"上海市","adcode":310109,"adname":"虹口区","gridcode":4621639812,"distance":707,"business_area":"七浦路","timestamp":"2023-05-11 18:12:27","biz_ext":"{\"rating\": \"3.2\", \"cost\": [], \"ticket_ordering\": \"0\"}","行业大类":"风景名胜","行业中类":"风景名胜相关","行业小类":"旅游景点","wgs84_loc":"121.480466,31.248946","wgs84Lng":121.480466,"wgs84Lat":31.248946,"__source_file__":"02-POI&AOI/1-POI/其它/23/Excel/分类/上海市-POI-2023.csv-风景名胜.csv"},"geometry":{"type":"Point","coordinates":[121.480466,31.248946]}},{"id":"1564","type":"Feature","properties":{"id":"87fc8737-a2d8-31d2-8aff-187e75cc4353","name":"披亚斯公寓旧址","type":"风景名胜;风景名胜相关;旅游景点","typecode":"110000","address":"蟠龙街26号","location":"121.487026,31.247816","tel":"[]","pcode":310000,"pname":"上海市","citycode":21,"cityname":"上海市","adcode":310109,"adname":"虹口区","gridcode":4621639822,"distance":502,"business_area":"七浦路","timestamp":"2023-05-11 19:55:55","biz_ext":"{\"rating\": \"3.4\", \"cost\": [], \"ticket_ordering\": \"0\"}","行业大类":"风景名胜","行业中类":"风景名胜相关","行业小类":"旅游景点","wgs84_loc":"121.482547,31.249788","wgs84Lng":121.482547,"wgs84Lat":31.249788,"__source_file__":"02-POI&AOI/1-POI/其它/23/Excel/分类/上海市-POI-2023.csv-风景名胜.csv"},"geometry":{"type":"Point","coordinates":[121.482547,31.249788]}},{"id":"2154","type":"Feature","properties":{"id":"667c6163-c5a0-331a-a961-31ca2fbaa555","name":"西童女校旧址","type":"风景名胜;风景名胜相关;旅游景点","typecode":"110000","address":"塘沽路与乍浦路交叉口东北60米","location":"121.487737,31.248594","tel":"[]","pcode":310000,"pname":"上海市","citycode":21,"cityname":"上海市","adcode":310109,"adname":"虹口区","gridcode":4621639920,"distance":442,"business_area":"七浦路","timestamp":"2023-05-11 19:27:47","biz_ext":"{\"rating\": \"3.2\", \"cost\": [], \"ticket_ordering\": \"0\"}","行业大类":"风景名胜","行业中类":"风景名胜相关","行业小类":"旅游景点","wgs84_loc":"121.48326,31.250568","wgs84Lng":121.48326,"wgs84Lat":31.250568,"__source_file__":"02-POI&AOI/1-POI/其它/23/Excel/分类/上海市-POI-2023.csv-风景名胜.csv"},"geometry":{"type":"Point","coordinates":[121.48326,31.250568]}},{"id":"3961","type":"Feature","properties":{"id":"47bea279-9418-3956-af1d-f599bf73d599","name":"上海总商会旧址","type":"风景名胜;风景名胜相关;旅游景点","typecode":"110000","address":"北苏州路470号(天潼路地铁站5号口步行170米)","location":"121.482055,31.242917","tel":"[]","pcode":310000,"pname":"上海市","citycode":21,"cityname":"上海市","adcode":310106,"adname":"静安区","gridcode":4621639801,"distance":1164,"business_area":"北京东路","timestamp":"2023-04-23 03:55:26","biz_ext":"{\"rating\": \"4.6\", \"cost\": [], \"ticket_ordering\": \"0\"}","行业大类":"风景名胜","行业中类":"风景名胜相关","行业小类":"旅游景点","wgs84_loc":"121.477559,31.244877","wgs84Lng":121.477559,"wgs84Lat":31.244877,"__source_file__":"02-POI&AOI/1-POI/其它/23/Excel/分类/上海市-POI-2023.csv-风景名胜.csv"},"geometry":{"type":"Point","coordinates":[121.477559,31.244877]}},{"id":"4671","type":"Feature","properties":{"id":"961d2323-1e2d-3fd7-b536-7e28eff6ad20","name":"德邻公寓旧址","type":"风景名胜;风景名胜相关;旅游景点","typecode":"110000","address":"四川北路71号(天潼路地铁站3号口步行290米)","location":"121.483860,31.245553","tel":"[]","pcode":310000,"pname":"上海市","citycode":21,"cityname":"上海市","adcode":310109,"adname":"虹口区","gridcode":4621639812,"distance":844,"business_area":"七浦路","timestamp":"2023-03-22 13:40:15","biz_ext":"{\"rating\": \"4.3\", \"cost\": [], \"ticket_ordering\": \"0\"}","行业大类":"风景名胜","行业中类":"风景名胜相关","行业小类":"旅游景点","wgs84_loc":"121.47937,31.247517","wgs84Lng":121.47937,"wgs84Lat":31.247517,"__source_file__":"02-POI&AOI/1-POI/其它/23/Excel/分类/上海市-POI-2023.csv-风景名胜.csv"},"geometry":{"type":"Point","coordinates":[121.47937,31.247517]}},{"id":"5967","type":"Feature","properties":{"id":"7c9a4028-b2ba-3a25-9bf3-7f1b824b033e","name":"泰州会馆","type":"风景名胜;风景名胜;风景名胜","typecode":"110200","address":"四川北路859号中信广场F1","location":"121.484785,31.249433","tel":"[]","pcode":310000,"pname":"上海市","citycode":21,"cityname":"上海市","adcode":310109,"adname":"虹口区","gridcode":4621639822,"distance":737,"business_area":"上海北外滩中心","timestamp":"2023-05-13 04:09:17","biz_ext":"{\"rating\": \"4.3\", \"cost\": [], \"ticket_ordering\": \"0\"}","行业大类":"风景名胜","行业中类":"风景名胜","行业小类":"风景名胜","wgs84_loc":"121.480298,31.251398","wgs84Lng":121.480298,"wgs84Lat":31.251398,"__source_file__":"02-POI&AOI/1-POI/其它/23/Excel/分类/上海市-POI-2023.csv-风景名胜.csv"},"geometry":{"type":"Point","coordinates":[121.480298,31.251398]}},{"id":"4254","type":"Feature","properties":{"id":"d4db0f44-d259-3a4a-b1c0-ed344ff4c5b8","name":"欢乐广场","type":"风景名胜;公园广场;城市广场","typecode":"110105","address":"四川北路1428号四川北路公园内(南侧)","location":"121.484461,31.253410","tel":"021-63562282","pcode":310000,"pname":"上海市","citycode":21,"cityname":"上海市","adcode":310109,"adname":"虹口区","gridcode":4621730812,"distance":1428,"business_area":"宝山路","timestamp":"2023-02-07 16:12:59","biz_ext":"{\"rating\": \"3.2\", \"cost\": [], \"ticket_ordering\": \"0\"}","行业大类":"风景名胜","行业中类":"公园广场","行业小类":"城市广场","wgs84_loc":"121.479972,31.255372","wgs84Lng":121.479972,"wgs84Lat":31.255372,"__source_file__":"02-POI&AOI/1-POI/其它/23/Excel/分类/上海市-POI-2023.csv-风景名胜.csv"},"geometry":{"type":"Point","coordinates":[121.479972,31.255372]}},{"id":"5285","type":"Feature","properties":{"id":"98bb7d3d-6591-3c66-b00c-74ff9b98c957","name":"游戏房","type":"风景名胜;风景名胜;风景名胜","typecode":"110200","address":"虬江支路玫瑰广场(四川北路地铁站1号口步行160米)","location":"121.483746,31.253709","tel":"[]","pcode":310000,"pname":"上海市","citycode":21,"cityname":"上海市","adcode":310109,"adname":"虹口区","gridcode":4621730812,"distance":995,"business_area":"宝山路","timestamp":"2022-11-12 12:18:58","biz_ext":"{\"rating\": \"3.7\", \"cost\": [], \"ticket_ordering\": \"0\"}","行业大类":"风景名胜","行业中类":"风景名胜","行业小类":"风景名胜","wgs84_loc":"121.479255,31.255669","wgs84Lng":121.479255,"wgs84Lat":31.255669,"__source_file__":"02-POI&AOI/1-POI/其它/23/Excel/分类/上海市-POI-2023.csv-风景名胜.csv"},"geometry":{"type":"Point","coordinates":[121.479255,31.255669]}},{"id":"5303","type":"Feature","properties":{"id":"70935fb1-8cb8-305c-b893-211c236eabdc","name":"上海革命旧址遗址纪念墙","type":"风景名胜;风景名胜相关;旅游景点","typecode":"110000","address":"四川北路1468号四川北路公园","location":"121.484758,31.254672","tel":"021-63562282","pcode":310000,"pname":"上海市","citycode":21,"cityname":"上海市","adcode":310109,"adname":"虹口区","gridcode":4621730812,"distance":1294,"business_area":"宝山路","timestamp":"2023-02-07 16:13:08","biz_ext":"{\"rating\": \"4.0\", \"cost\": [], \"ticket_ordering\": \"0\"}","行业大类":"风景名胜","行业中类":"风景名胜相关","行业小类":"旅游景点","wgs84_loc":"121.48027,31.256635","wgs84Lng":121.48027,"wgs84Lat":31.256635,"__source_file__":"02-POI&AOI/1-POI/其它/23/Excel/分类/上海市-POI-2023.csv-风景名胜.csv"},"geometry":{"type":"Point","coordinates":[121.48027,31.256635]}},{"id":"4197","type":"Feature","properties":{"id":"eaed5210-ee2f-3008-b347-2816e64e89db","name":"市民林","type":"风景名胜;风景名胜相关;旅游景点","typecode":"110000","address":"四川北路1468号四川北路公园(西侧)","location":"121.484230,31.254734","tel":"021-63562282","pcode":310000,"pname":"上海市","citycode":21,"cityname":"上海市","adcode":310109,"adname":"虹口区","gridcode":4621730812,"distance":1317,"business_area":"宝山路","timestamp":"2023-02-01 10:29:58","biz_ext":"{\"rating\": \"3.3\", \"cost\": [], \"ticket_ordering\": \"0\"}","行业大类":"风景名胜","行业中类":"风景名胜相关","行业小类":"旅游景点","wgs84_loc":"121.47974,31.256695","wgs84Lng":121.47974,"wgs84Lat":31.256695,"__source_file__":"02-POI&AOI/1-POI/其它/23/Excel/分类/上海市-POI-2023.csv-风景名胜.csv"},"geometry":{"type":"Point","coordinates":[121.47974,31.256695]}},{"id":"5390","type":"Feature","properties":{"id":"7c02c91c-4b4a-3d2b-aa8d-2ee8d680aec7","name":"三新里","type":"风景名胜;风景名胜相关;旅游景点","typecode":"110000","address":"四川北路1468号四川北路公园(西侧)","location":"121.483988,31.254777","tel":"021-63562282","pcode":310000,"pname":"上海市","citycode":21,"cityname":"上海市","adcode":310109,"adname":"虹口区","gridcode":4621730812,"distance":1327,"business_area":"宝山路","timestamp":"2023-02-01 10:30:13","biz_ext":"{\"rating\": \"1.0\", \"cost\": [], \"ticket_ordering\": \"0\"}","行业大类":"风景名胜","行业中类":"风景名胜相关","行业小类":"旅游景点","wgs84_loc":"121.479498,31.256737","wgs84Lng":121.479498,"wgs84Lat":31.256737,"__source_file__":"02-POI&AOI/1-POI/其它/23/Excel/分类/上海市-POI-2023.csv-风景名胜.csv"},"geometry":{"type":"Point","coordinates":[121.479498,31.256737]}},{"id":"1582","type":"Feature","properties":{"id":"a0bfd0f0-bca3-3001-86c6-d4c92750a0ca","name":"广东大戏院旧址","type":"风景名胜;风景名胜相关;旅游景点","typecode":"110000","address":"四川北路1552号(四川北路地铁站1号口步行420米)","location":"121.483425,31.255997","tel":"[]","pcode":310000,"pname":"上海市","citycode":21,"cityname":"上海市","adcode":310109,"adname":"虹口区","gridcode":4621730822,"distance":903,"business_area":"宝山路","timestamp":"2023-01-16 20:26:50","biz_ext":"{\"rating\": \"4.4\", \"cost\": [], \"ticket_ordering\": \"0\"}","行业大类":"风景名胜","行业中类":"风景名胜相关","行业小类":"旅游景点","wgs84_loc":"121.478933,31.257955","wgs84Lng":121.478933,"wgs84Lat":31.257955,"__source_file__":"02-POI&AOI/1-POI/其它/23/Excel/分类/上海市-POI-2023.csv-风景名胜.csv"},"geometry":{"type":"Point","coordinates":[121.478933,31.257955]}},{"id":"3192","type":"Feature","properties":{"id":"65594912-b6e7-3790-a255-1e6933efaa12","name":"精武体育会旧址","type":"风景名胜;风景名胜;纪念馆","typecode":"110204","address":"东宝兴路与邢家桥北路交叉口西北100米","location":"121.484295,31.257685","tel":"[]","pcode":310000,"pname":"上海市","citycode":21,"cityname":"上海市","adcode":310109,"adname":"虹口区","gridcode":4621730822,"distance":773,"business_area":"宝山路","timestamp":"2023-01-16 13:06:30","biz_ext":"{\"rating\": \"3.9\", \"cost\": [], \"ticket_ordering\": \"0\"}","行业大类":"风景名胜","行业中类":"风景名胜","行业小类":"纪念馆","wgs84_loc":"121.479805,31.259645","wgs84Lng":121.479805,"wgs84Lat":31.259645,"__source_file__":"02-POI&AOI/1-POI/其它/23/Excel/分类/上海市-POI-2023.csv-风景名胜.csv"},"geometry":{"type":"Point","coordinates":[121.479805,31.259645]}},{"id":"4674","type":"Feature","properties":{"id":"3b42208c-6bc9-39e1-8de2-d4cf5fc764a0","name":"商务印书馆(虹口分店)旧址","type":"风景名胜;风景名胜相关;旅游景点","typecode":"110000","address":"四川北路856号1925书局三楼","location":"121.485093,31.248886","tel":"[]","pcode":310000,"pname":"上海市","citycode":21,"cityname":"上海市","adcode":310109,"adname":"虹口区","gridcode":4621639822,"distance":696,"business_area":"七浦路","timestamp":"2023-05-11 17:55:34","biz_ext":"{\"rating\": \"3.9\", \"cost\": [], \"ticket_ordering\": \"0\"}","行业大类":"风景名胜","行业中类":"风景名胜相关","行业小类":"旅游景点","wgs84_loc":"121.480607,31.250852","wgs84Lng":121.480607,"wgs84Lat":31.250852,"__source_file__":"02-POI&AOI/1-POI/其它/23/Excel/分类/上海市-POI-2023.csv-风景名胜.csv"},"geometry":{"type":"Point","coordinates":[121.480607,31.250852]}},{"id":"473","type":"Feature","properties":{"id":"d2ae2b0d-0f20-3572-8b9a-a8847ad1b26d","name":"昆山公园","type":"风景名胜;公园广场;公园","typecode":"110101","address":"昆山花园路13号(百官街口)","location":"121.486648,31.248987","tel":"[]","pcode":310000,"pname":"上海市","citycode":21,"cityname":"上海市","adcode":310109,"adname":"虹口区","gridcode":4621639822,"distance":553,"business_area":"上海北外滩中心","timestamp":"2023-05-13 02:08:17","biz_ext":"{\"rating\": \"4.4\", \"cost\": [], \"ticket_ordering\": \"0\"}","行业大类":"风景名胜","行业中类":"公园广场","行业小类":"公园","wgs84_loc":"121.482167,31.250958","wgs84Lng":121.482167,"wgs84Lat":31.250958,"__source_file__":"02-POI&AOI/1-POI/其它/23/Excel/分类/上海市-POI-2023.csv-风景名胜.csv"},"geometry":{"type":"Point","coordinates":[121.482167,31.250958]}},{"id":"4956","type":"Feature","properties":{"id":"e47cbe24-b43b-3165-a1c4-c7ff41336bf4","name":"丁玲旧居","type":"风景名胜;风景名胜;红色景区","typecode":"110210","address":"昆山花园路7号(四川北路地铁站2号口步行470米)","location":"121.486067,31.249027","tel":"[]","pcode":310000,"pname":"上海市","citycode":21,"cityname":"上海市","adcode":310109,"adname":"虹口区","gridcode":4621639822,"distance":608,"business_area":"七浦路","timestamp":"2023-05-11 18:00:46","biz_ext":"{\"rating\": \"3.7\", \"cost\": [], \"ticket_ordering\": \"0\"}","行业大类":"风景名胜","行业中类":"风景名胜","行业小类":"红色景区","wgs84_loc":"121.481584,31.250996","wgs84Lng":121.481584,"wgs84Lat":31.250996,"__source_file__":"02-POI&AOI/1-POI/其它/23/Excel/分类/上海市-POI-2023.csv-风景名胜.csv"},"geometry":{"type":"Point","coordinates":[121.481584,31.250996]}},{"id":"137","type":"Feature","properties":{"id":"a68170f1-e26a-3c2c-bc4b-1eebafaf89dd","name":"景灵堂","type":"风景名胜;风景名胜;教堂","typecode":"110206","address":"昆山路135号(近乍浦路)","location":"121.487949,31.249320","tel":"021-63243021","pcode":310000,"pname":"上海市","citycode":21,"cityname":"上海市","adcode":310109,"adname":"虹口区","gridcode":4621639920,"distance":445,"business_area":"七浦路","timestamp":"2023-05-11 10:28:24","biz_ext":"{\"rating\": \"4.4\", \"cost\": [], \"ticket_ordering\": \"0\"}","行业大类":"风景名胜","行业中类":"风景名胜","行业小类":"教堂","wgs84_loc":"121.483473,31.251294","wgs84Lng":121.483473,"wgs84Lat":31.251294,"__source_file__":"02-POI&AOI/1-POI/其它/23/Excel/分类/上海市-POI-2023.csv-风景名胜.csv"},"geometry":{"type":"Point","coordinates":[121.483473,31.251294]}},{"id":"2192","type":"Feature","properties":{"id":"db354a52-17db-3354-ba40-0ebeae8f6f02","name":"景林庐旧址","type":"风景名胜;风景名胜相关;旅游景点","typecode":"110000","address":"乍浦路260号","location":"121.487171,31.249342","tel":"[]","pcode":310000,"pname":"上海市","citycode":21,"cityname":"上海市","adcode":310109,"adname":"虹口区","gridcode":4621639822,"distance":515,"business_area":"上海北外滩中心","timestamp":"2023-05-15 02:10:06","biz_ext":"{\"rating\": \"3.8\", \"cost\": [], \"ticket_ordering\": \"0\"}","行业大类":"风景名胜","行业中类":"风景名胜相关","行业小类":"旅游景点","wgs84_loc":"121.482692,31.251314","wgs84Lng":121.482692,"wgs84Lat":31.251314,"__source_file__":"02-POI&AOI/1-POI/其它/23/Excel/分类/上海市-POI-2023.csv-风景名胜.csv"},"geometry":{"type":"Point","coordinates":[121.482692,31.251314]}},{"id":"631","type":"Feature","properties":{"id":"36c22bf9-28ae-34d7-9ec5-aa3f00637d55","name":"海宁绿地","type":"风景名胜;公园广场;公园","typecode":"110101","address":"无米粥(海宁路)海宁路(四川北路地铁站2号口步行320米)","location":"121.485149,31.250443","tel":"[]","pcode":310000,"pname":"上海市","citycode":21,"cityname":"上海市","adcode":310109,"adname":"虹口区","gridcode":4621730802,"distance":739,"business_area":"七浦路","timestamp":"2023-05-07 13:57:17","biz_ext":"{\"rating\": \"3.9\", \"cost\": [], \"ticket_ordering\": \"0\"}","行业大类":"风景名胜","行业中类":"公园广场","行业小类":"公园","wgs84_loc":"121.480663,31.252409","wgs84Lng":121.480663,"wgs84Lat":31.252409,"__source_file__":"02-POI&AOI/1-POI/其它/23/Excel/分类/上海市-POI-2023.csv-风景名胜.csv"},"geometry":{"type":"Point","coordinates":[121.480663,31.252409]}},{"id":"913","type":"Feature","properties":{"id":"76a822eb-a8dd-3bc9-80d1-35c389258048","name":"虹口大戏院遗址","type":"风景名胜;风景名胜相关;旅游景点","typecode":"110000","address":"乍浦路388号(四川北路地铁站2号口步行420米)","location":"121.486890,31.250690","tel":"[]","pcode":310000,"pname":"上海市","citycode":21,"cityname":"上海市","adcode":310109,"adname":"虹口区","gridcode":4621730802,"distance":604,"business_area":"上海北外滩中心","timestamp":"2023-05-13 13:11:40","biz_ext":"{\"rating\": \"3.8\", \"cost\": [], \"ticket_ordering\": \"0\"}","行业大类":"风景名胜","行业中类":"风景名胜相关","行业小类":"旅游景点","wgs84_loc":"121.48241,31.252661","wgs84Lng":121.48241,"wgs84Lat":31.252661,"__source_file__":"02-POI&AOI/1-POI/其它/23/Excel/分类/上海市-POI-2023.csv-风景名胜.csv"},"geometry":{"type":"Point","coordinates":[121.48241,31.252661]}},{"id":"3287","type":"Feature","properties":{"id":"52c771c6-e9b4-39ef-bd8c-9a0cc02af32b","name":"西本愿寺旧址","type":"风景名胜;风景名胜相关;旅游景点","typecode":"110000","address":"乍浦路455号(四川北路地铁站2号口步行250米)","location":"121.486224,31.251997","tel":"[]","pcode":310000,"pname":"上海市","citycode":21,"cityname":"上海市","adcode":310109,"adname":"虹口区","gridcode":4621730802,"distance":739,"business_area":"七浦路","timestamp":"2023-02-15 20:38:09","biz_ext":"{\"rating\": \"4.1\", \"cost\": [], \"ticket_ordering\": \"0\"}","行业大类":"风景名胜","行业中类":"风景名胜相关","行业小类":"旅游景点","wgs84_loc":"121.481742,31.253965","wgs84Lng":121.481742,"wgs84Lat":31.253965,"__source_file__":"02-POI&AOI/1-POI/其它/23/Excel/分类/上海市-POI-2023.csv-风景名胜.csv"},"geometry":{"type":"Point","coordinates":[121.481742,31.253965]}},{"id":"1818","type":"Feature","properties":{"id":"08fe08c5-b9cb-3083-9e04-15fbb36e9d31","name":"西本愿寺","type":"风景名胜;风景名胜;寺庙道观","typecode":"110205","address":"乍浦路455弄(四川北路地铁站2号口步行250米)","location":"121.486230,31.252005","tel":"[]","pcode":310000,"pname":"上海市","citycode":21,"cityname":"上海市","adcode":310109,"adname":"虹口区","gridcode":4621730802,"distance":739,"business_area":"七浦路","timestamp":"2023-03-20 09:49:34","biz_ext":"{\"rating\": \"4.3\", \"cost\": [], \"ticket_ordering\": \"0\"}","行业大类":"风景名胜","行业中类":"风景名胜","行业小类":"寺庙道观","wgs84_loc":"121.481748,31.253973","wgs84Lng":121.481748,"wgs84Lat":31.253973,"__source_file__":"02-POI&AOI/1-POI/其它/23/Excel/分类/上海市-POI-2023.csv-风景名胜.csv"},"geometry":{"type":"Point","coordinates":[121.481748,31.253973]}},{"id":"6224","type":"Feature","properties":{"id":"f34ecb67-db81-355e-b470-c894f1e5ea7a","name":"一村通广场","type":"风景名胜;公园广场;城市广场","typecode":"110105","address":"四川北路利通广场(四川北路地铁站1号口旁)","location":"121.484846,31.252581","tel":"[]","pcode":310000,"pname":"上海市","citycode":21,"cityname":"上海市","adcode":310109,"adname":"虹口区","gridcode":4621730802,"distance":995,"business_area":"宝山路","timestamp":"2022-12-30 23:12:53","biz_ext":"{\"rating\": \"2.7\", \"cost\": [], \"ticket_ordering\": \"0\"}","行业大类":"风景名胜","行业中类":"公园广场","行业小类":"城市广场","wgs84_loc":"121.480359,31.254545","wgs84Lng":121.480359,"wgs84Lat":31.254545,"__source_file__":"02-POI&AOI/1-POI/其它/23/Excel/分类/上海市-POI-2023.csv-风景名胜.csv"},"geometry":{"type":"Point","coordinates":[121.480359,31.254545]}},{"id":"6028","type":"Feature","properties":{"id":"f34aef60-9f07-3147-88f6-33e89dad8553","name":"鱼林岛","type":"风景名胜;风景名胜相关;旅游景点","typecode":"110000","address":"武进路与吴淞路交叉口西南80米","location":"121.487044,31.252712","tel":"[]","pcode":310000,"pname":"上海市","citycode":21,"cityname":"上海市","adcode":310109,"adname":"虹口区","gridcode":4621730802,"distance":736,"business_area":"七浦路","timestamp":"2023-02-15 16:54:39","biz_ext":"{\"rating\": \"3.1\", \"cost\": [], \"ticket_ordering\": \"0\"}","行业大类":"风景名胜","行业中类":"风景名胜相关","行业小类":"旅游景点","wgs84_loc":"121.482564,31.254682","wgs84Lng":121.482564,"wgs84Lat":31.254682,"__source_file__":"02-POI&AOI/1-POI/其它/23/Excel/分类/上海市-POI-2023.csv-风景名胜.csv"},"geometry":{"type":"Point","coordinates":[121.482564,31.254682]}},{"id":"4261","type":"Feature","properties":{"id":"b8e6550a-4d8c-3f0d-b438-59447f11c41f","name":"虹口救火会旧址","type":"风景名胜;风景名胜相关;旅游景点","typecode":"110000","address":"武进路与吴淞路交叉口东北20米","location":"121.488035,31.253355","tel":"[]","pcode":310000,"pname":"上海市","citycode":21,"cityname":"上海市","adcode":310109,"adname":"虹口区","gridcode":4621730910,"distance":734,"business_area":"四平路","timestamp":"2023-01-16 12:57:37","biz_ext":"{\"rating\": \"3.9\", \"cost\": [], \"ticket_ordering\": \"0\"}","行业大类":"风景名胜","行业中类":"风景名胜相关","行业小类":"旅游景点","wgs84_loc":"121.483559,31.255328","wgs84Lng":121.483559,"wgs84Lat":31.255328,"__source_file__":"02-POI&AOI/1-POI/其它/23/Excel/分类/上海市-POI-2023.csv-风景名胜.csv"},"geometry":{"type":"Point","coordinates":[121.483559,31.255328]}},{"id":"6139","type":"Feature","properties":{"id":"2a75e598-6b8a-3ebb-9188-60cd39b2ed53","name":"四川北路公园-饮水处","type":"风景名胜;风景名胜相关;旅游景点","typecode":"110000","address":"四川北路1468号四川北路公园(东南角)","location":"121.485143,31.254105","tel":"021-63562282","pcode":310000,"pname":"上海市","citycode":21,"cityname":"上海市","adcode":310109,"adname":"虹口区","gridcode":4621730812,"distance":1328,"business_area":"宝山路","timestamp":"2023-01-28 11:56:18","biz_ext":"{\"rating\": [], \"cost\": [], \"ticket_ordering\": \"0\"}","行业大类":"风景名胜","行业中类":"风景名胜相关","行业小类":"旅游景点","wgs84_loc":"121.480657,31.256069","wgs84Lng":121.480657,"wgs84Lat":31.256069,"__source_file__":"02-POI&AOI/1-POI/其它/23/Excel/分类/上海市-POI-2023.csv-风景名胜.csv"},"geometry":{"type":"Point","coordinates":[121.480657,31.256069]}},{"id":"2992","type":"Feature","properties":{"id":"df2890e3-bc8e-388f-a176-5c7292d52f6b","name":"四川北路公园-夕阳幽篁","type":"风景名胜;风景名胜相关;旅游景点","typecode":"110000","address":"四川北路1428号四川北路公园内(东侧)","location":"121.485832,31.254768","tel":"021-63562282","pcode":310000,"pname":"上海市","citycode":21,"cityname":"上海市","adcode":310109,"adname":"虹口区","gridcode":4621730812,"distance":1231,"business_area":"宝山路","timestamp":"2023-03-29 10:19:40","biz_ext":"{\"rating\": \"3.5\", \"cost\": [], \"ticket_ordering\": \"0\"}","行业大类":"风景名胜","行业中类":"风景名胜相关","行业小类":"旅游景点","wgs84_loc":"121.481348,31.256734","wgs84Lng":121.481348,"wgs84Lat":31.256734,"__source_file__":"02-POI&AOI/1-POI/其它/23/Excel/分类/上海市-POI-2023.csv-风景名胜.csv"},"geometry":{"type":"Point","coordinates":[121.481348,31.256734]}},{"id":"100","type":"Feature","properties":{"id":"1126e142-e976-3262-8aa9-d7561ac8d7c7","name":"四川北路公园","type":"风景名胜;公园广场;公园","typecode":"110101","address":"四川北路1428号(四川北路地铁站1号口步行220米)","location":"121.484802,31.254871","tel":"021-63562282","pcode":310000,"pname":"上海市","citycode":21,"cityname":"上海市","adcode":310109,"adname":"虹口区","gridcode":4621730812,"distance":840,"business_area":"宝山路","timestamp":"2023-04-15 03:50:40","biz_ext":"{\"rating\": \"4.7\", \"cost\": \"80.00\", \"ticket_ordering\": \"0\"}","行业大类":"风景名胜","行业中类":"公园广场","行业小类":"公园","wgs84_loc":"121.480314,31.256834","wgs84Lng":121.480314,"wgs84Lat":31.256834,"__source_file__":"02-POI&AOI/1-POI/其它/23/Excel/分类/上海市-POI-2023.csv-风景名胜.csv"},"geometry":{"type":"Point","coordinates":[121.480314,31.256834]}},{"id":"853","type":"Feature","properties":{"id":"278c18d2-1e7c-3071-ac73-8ef28c3666f0","name":"中共四大纪念馆","type":"风景名胜;风景名胜;红色景区","typecode":"110210","address":"四川北路1468号四川北路公园内","location":"121.484916,31.254995","tel":"021-60821097;021-60761026","pcode":310000,"pname":"上海市","citycode":21,"cityname":"上海市","adcode":310109,"adname":"虹口区","gridcode":4621730812,"distance":1256,"business_area":"宝山路","timestamp":"2023-05-12 17:27:44","biz_ext":"{\"rating\": \"4.5\", \"cost\": [], \"ticket_ordering\": \"0\"}","行业大类":"风景名胜","行业中类":"风景名胜","行业小类":"红色景区","wgs84_loc":"121.480429,31.256958","wgs84Lng":121.480429,"wgs84Lat":31.256958,"__source_file__":"02-POI&AOI/1-POI/其它/23/Excel/分类/上海市-POI-2023.csv-风景名胜.csv"},"geometry":{"type":"Point","coordinates":[121.480429,31.256958]}},{"id":"5307","type":"Feature","properties":{"id":"79fc1af0-c4bc-38af-906e-4918ddaa5cbd","name":"紫霞双阁","type":"风景名胜;风景名胜相关;旅游景点","typecode":"110000","address":"四川北路1468号四川北路公园(东北角)","location":"121.485131,31.255642","tel":"021-63562282","pcode":310000,"pname":"上海市","citycode":21,"cityname":"上海市","adcode":310109,"adname":"虹口区","gridcode":4621730822,"distance":1185,"business_area":"宝山路","timestamp":"2023-04-30 10:55:29","biz_ext":"{\"rating\": \"3.5\", \"cost\": [], \"ticket_ordering\": \"0\"}","行业大类":"风景名胜","行业中类":"风景名胜相关","行业小类":"旅游景点","wgs84_loc":"121.480644,31.257605","wgs84Lng":121.480644,"wgs84Lat":31.257605,"__source_file__":"02-POI&AOI/1-POI/其它/23/Excel/分类/上海市-POI-2023.csv-风景名胜.csv"},"geometry":{"type":"Point","coordinates":[121.480644,31.257605]}},{"id":"484","type":"Feature","properties":{"id":"fc42f78d-4147-345f-89ee-864ba918fa56","name":"沈尹默故居","type":"风景名胜;风景名胜;纪念馆","typecode":"110204","address":"海伦路504号(近四平路)(海伦路地铁站5号口步行210米)","location":"121.487422,31.258552","tel":"[]","pcode":310000,"pname":"上海市","citycode":21,"cityname":"上海市","adcode":310109,"adname":"虹口区","gridcode":4621731802,"distance":466,"business_area":"宝山路","timestamp":"2023-05-08 17:38:24","biz_ext":"{\"rating\": \"3.9\", \"cost\": [], \"ticket_ordering\": \"0\"}","行业大类":"风景名胜","行业中类":"风景名胜","行业小类":"纪念馆","wgs84_loc":"121.482943,31.260521","wgs84Lng":121.482943,"wgs84Lat":31.260521,"__source_file__":"02-POI&AOI/1-POI/其它/23/Excel/分类/上海市-POI-2023.csv-风景名胜.csv"},"geometry":{"type":"Point","coordinates":[121.482943,31.260521]}},{"id":"3345","type":"Feature","properties":{"id":"91a88342-83d2-3622-ba5d-d6b0f2aad8ec","name":"溧阳路文化名人街","type":"风景名胜;风景名胜相关;旅游景点","typecode":"110000","address":"溧阳路溧阳小区","location":"121.486476,31.263093","tel":"[]","pcode":310000,"pname":"上海市","citycode":21,"cityname":"上海市","adcode":310109,"adname":"虹口区","gridcode":4621731812,"distance":509,"business_area":"宝山路","timestamp":"2023-05-14 17:03:37","biz_ext":"{\"rating\": \"3.6\", \"cost\": [], \"ticket_ordering\": \"0\"}","行业大类":"风景名胜","行业中类":"风景名胜相关","行业小类":"旅游景点","wgs84_loc":"121.481994,31.265057","wgs84Lng":121.481994,"wgs84Lat":31.265057,"__source_file__":"02-POI&AOI/1-POI/其它/23/Excel/分类/上海市-POI-2023.csv-风景名胜.csv"},"geometry":{"type":"Point","coordinates":[121.481994,31.265057]}},{"id":"482","type":"Feature","properties":{"id":"7cad4c97-1bcf-3990-a8a1-5808429a226c","name":"郭沫若故居(建设中)","type":"风景名胜;风景名胜;纪念馆","typecode":"110204","address":"溧阳路1267-1269(海伦路地铁站7号口步行490米)","location":"121.486965,31.263334","tel":"[]","pcode":310000,"pname":"上海市","citycode":21,"cityname":"上海市","adcode":310109,"adname":"虹口区","gridcode":4621731812,"distance":548,"business_area":"宝山路","timestamp":"2023-05-15 03:41:05","biz_ext":"{\"rating\": [], \"cost\": [], \"ticket_ordering\": \"0\"}","行业大类":"风景名胜","行业中类":"风景名胜","行业小类":"纪念馆","wgs84_loc":"121.482484,31.265299","wgs84Lng":121.482484,"wgs84Lat":31.265299,"__source_file__":"02-POI&AOI/1-POI/其它/23/Excel/分类/上海市-POI-2023.csv-风景名胜.csv"},"geometry":{"type":"Point","coordinates":[121.482484,31.265299]}},{"id":"3193","type":"Feature","properties":{"id":"ef2a5247-e49f-3caf-b0de-d288fc848816","name":"上海市粤东中学旧址","type":"风景名胜;风景名胜相关;旅游景点","typecode":"110000","address":"四川北路1702弄32号","location":"121.484127,31.258010","tel":"[]","pcode":310000,"pname":"上海市","citycode":21,"cityname":"上海市","adcode":310109,"adname":"虹口区","gridcode":4621730822,"distance":784,"business_area":"宝山路","timestamp":"2023-05-11 04:41:05","biz_ext":"{\"rating\": \"3.1\", \"cost\": [], \"ticket_ordering\": \"0\"}","行业大类":"风景名胜","行业中类":"风景名胜相关","行业小类":"旅游景点","wgs84_loc":"121.479637,31.259969","wgs84Lng":121.479637,"wgs84Lat":31.259969,"__source_file__":"02-POI&AOI/1-POI/其它/23/Excel/分类/上海市-POI-2023.csv-风景名胜.csv"},"geometry":{"type":"Point","coordinates":[121.479637,31.259969]}},{"id":"3315","type":"Feature","properties":{"id":"bc15f0f4-7525-360f-bfee-810a60191b9f","name":"文院","type":"风景名胜;风景名胜;风景名胜","typecode":"110200","address":"四川北路39号附近","location":"121.484090,31.258044","tel":"[]","pcode":310000,"pname":"上海市","citycode":21,"cityname":"上海市","adcode":310109,"adname":"虹口区","gridcode":4621730822,"distance":787,"business_area":"宝山路","timestamp":"2023-03-09 07:05:03","biz_ext":"{\"rating\": \"3.2\", \"cost\": [], \"ticket_ordering\": \"0\"}","行业大类":"风景名胜","行业中类":"风景名胜","行业小类":"风景名胜","wgs84_loc":"121.4796,31.260003","wgs84Lng":121.4796,"wgs84Lat":31.260003,"__source_file__":"02-POI&AOI/1-POI/其它/23/Excel/分类/上海市-POI-2023.csv-风景名胜.csv"},"geometry":{"type":"Point","coordinates":[121.4796,31.260003]}},{"id":"5790","type":"Feature","properties":{"id":"c83da42c-de66-3ae4-9414-f3d42703c7e9","name":"中共四大遗址","type":"风景名胜;风景名胜相关;旅游景点","typecode":"110000","address":"宝源路东宝西路交叉口(东宝兴路地铁站2号口步行50米)","location":"121.480374,31.258631","tel":"[]","pcode":310000,"pname":"上海市","citycode":21,"cityname":"上海市","adcode":310109,"adname":"虹口区","gridcode":4621731801,"distance":642,"business_area":"宝山路","timestamp":"2023-05-11 02:34:21","biz_ext":"{\"rating\": \"4.2\", \"cost\": [], \"ticket_ordering\": \"0\"}","行业大类":"风景名胜","行业中类":"风景名胜相关","行业小类":"旅游景点","wgs84_loc":"121.475871,31.260579","wgs84Lng":121.475871,"wgs84Lat":31.260579,"__source_file__":"02-POI&AOI/1-POI/其它/23/Excel/分类/上海市-POI-2023.csv-风景名胜.csv"},"geometry":{"type":"Point","coordinates":[121.475871,31.260579]}},{"id":"6492","type":"Feature","properties":{"id":"72e353f5-c51d-37f2-8d0e-0dabe6aa3bfa","name":"福德广场","type":"风景名胜;公园广场;城市广场","typecode":"110105","address":"四川北路与海伦西路交叉口南60米","location":"121.483152,31.258679","tel":"[]","pcode":310000,"pname":"上海市","citycode":21,"cityname":"上海市","adcode":310109,"adname":"虹口区","gridcode":4621731801,"distance":871,"business_area":"宝山路","timestamp":"2023-04-29 08:00:39","biz_ext":"{\"rating\": \"4.1\", \"cost\": [], \"ticket_ordering\": \"0\"}","行业大类":"风景名胜","行业中类":"公园广场","行业小类":"城市广场","wgs84_loc":"121.478658,31.260635","wgs84Lng":121.478658,"wgs84Lat":31.260635,"__source_file__":"02-POI&AOI/1-POI/其它/23/Excel/分类/上海市-POI-2023.csv-风景名胜.csv"},"geometry":{"type":"Point","coordinates":[121.478658,31.260635]}},{"id":"408","type":"Feature","properties":{"id":"bfcfdbf9-0ec5-3cdb-bb0b-8d50e59d73e0","name":"上海戏剧专科学校旧址","type":"风景名胜;风景名胜相关;旅游景点","typecode":"110000","address":"四川北路1840号","location":"121.483832,31.260683","tel":"[]","pcode":310000,"pname":"上海市","citycode":21,"cityname":"上海市","adcode":310109,"adname":"虹口区","gridcode":4621731802,"distance":472,"business_area":"宝山路","timestamp":"2023-05-14 20:11:35","biz_ext":"{\"rating\": \"2.6\", \"cost\": [], \"ticket_ordering\": \"0\"}","行业大类":"风景名胜","行业中类":"风景名胜相关","行业小类":"旅游景点","wgs84_loc":"121.479341,31.26264","wgs84Lng":121.479341,"wgs84Lat":31.26264,"__source_file__":"02-POI&AOI/1-POI/其它/23/Excel/分类/上海市-POI-2023.csv-风景名胜.csv"},"geometry":{"type":"Point","coordinates":[121.479341,31.26264]}},{"id":"4282","type":"Feature","properties":{"id":"78450922-7705-381c-986d-1f442823458f","name":"王造时旧居","type":"风景名胜;风景名胜相关;旅游景点","typecode":"110000","address":"多伦路93号(东宝兴路地铁站1号口步行430米)","location":"121.481801,31.261986","tel":"[]","pcode":310000,"pname":"上海市","citycode":21,"cityname":"上海市","adcode":310109,"adname":"虹口区","gridcode":4621731811,"distance":266,"business_area":"宝山路","timestamp":"2023-01-16 20:43:45","biz_ext":"{\"rating\": \"4.1\", \"cost\": [], \"ticket_ordering\": \"0\"}","行业大类":"风景名胜","行业中类":"风景名胜相关","行业小类":"旅游景点","wgs84_loc":"121.477302,31.263937","wgs84Lng":121.477302,"wgs84Lat":31.263937,"__source_file__":"02-POI&AOI/1-POI/其它/23/Excel/分类/上海市-POI-2023.csv-风景名胜.csv"},"geometry":{"type":"Point","coordinates":[121.477302,31.263937]}},{"id":"5020","type":"Feature","properties":{"id":"cea3fbc5-a92c-3aca-81d9-07086730c21e","name":"茅盾雕像","type":"风景名胜;风景名胜相关;旅游景点","typecode":"110000","address":"多伦路文化名人街","location":"121.482876,31.262016","tel":"[]","pcode":310000,"pname":"上海市","citycode":21,"cityname":"上海市","adcode":310109,"adname":"虹口区","gridcode":4621731811,"distance":298,"business_area":"宝山路","timestamp":"2022-12-30 22:33:44","biz_ext":"{\"rating\": \"3.4\", \"cost\": [], \"ticket_ordering\": \"0\"}","行业大类":"风景名胜","行业中类":"风景名胜相关","行业小类":"旅游景点","wgs84_loc":"121.478381,31.26397","wgs84Lng":121.478381,"wgs84Lat":31.26397,"__source_file__":"02-POI&AOI/1-POI/其它/23/Excel/分类/上海市-POI-2023.csv-风景名胜.csv"},"geometry":{"type":"Point","coordinates":[121.478381,31.26397]}},{"id":"3682","type":"Feature","properties":{"id":"8c082a12-83f8-3525-916c-c1432460ec57","name":"汪寿华旧居","type":"风景名胜;风景名胜;红色景区|风景名胜;风景名胜;纪念馆","typecode":"110210|110204","address":"四川北路1906弄94号","location":"121.484299,31.262015","tel":"[]","pcode":310000,"pname":"上海市","citycode":21,"cityname":"上海市","adcode":310109,"adname":"虹口区","gridcode":4621731812,"distance":383,"business_area":"宝山路","timestamp":"2023-01-16 20:25:46","biz_ext":"{\"rating\": \"3.1\", \"cost\": [], \"ticket_ordering\": \"0\"}","行业大类":"风景名胜","行业中类":"风景名胜","行业小类":"红色景区|风景名胜","wgs84_loc":"121.479809,31.263973","wgs84Lng":121.479809,"wgs84Lat":31.263973,"__source_file__":"02-POI&AOI/1-POI/其它/23/Excel/分类/上海市-POI-2023.csv-风景名胜.csv"},"geometry":{"type":"Point","coordinates":[121.479809,31.263973]}},{"id":"108","type":"Feature","properties":{"id":"5cf0c2d3-6d2d-3325-b2df-e84233052ee0","name":"上海基督教鸿德堂","type":"风景名胜;风景名胜;教堂","typecode":"110206","address":"多伦路59号(东宝兴路地铁站1号口步行490米)","location":"121.482441,31.262039","tel":"021-56961196","pcode":310000,"pname":"上海市","citycode":21,"cityname":"上海市","adcode":310109,"adname":"虹口区","gridcode":4621731811,"distance":277,"business_area":"宝山路","timestamp":"2023-05-14 03:33:58","biz_ext":"{\"rating\": \"4.4\", \"cost\": [], \"ticket_ordering\": \"0\"}","行业大类":"风景名胜","行业中类":"风景名胜","行业小类":"教堂","wgs84_loc":"121.477945,31.263992","wgs84Lng":121.477945,"wgs84Lat":31.263992,"__source_file__":"02-POI&AOI/1-POI/其它/23/Excel/分类/上海市-POI-2023.csv-风景名胜.csv"},"geometry":{"type":"Point","coordinates":[121.477945,31.263992]}},{"id":"4941","type":"Feature","properties":{"id":"413426ef-2162-392e-a777-61b96f877d79","name":"多伦路文化名人街牌坊","type":"风景名胜;风景名胜相关;旅游景点","typecode":"110000","address":"多伦路文化名人街","location":"121.483703,31.262091","tel":"[]","pcode":310000,"pname":"上海市","citycode":21,"cityname":"上海市","adcode":310109,"adname":"虹口区","gridcode":4621731812,"distance":337,"business_area":"宝山路","timestamp":"2022-11-23 23:56:21","biz_ext":"{\"rating\": \"3.7\", \"cost\": [], \"ticket_ordering\": \"0\"}","行业大类":"风景名胜","行业中类":"风景名胜相关","行业小类":"旅游景点","wgs84_loc":"121.479211,31.264047","wgs84Lng":121.479211,"wgs84Lat":31.264047,"__source_file__":"02-POI&AOI/1-POI/其它/23/Excel/分类/上海市-POI-2023.csv-风景名胜.csv"},"geometry":{"type":"Point","coordinates":[121.479211,31.264047]}},{"id":"5772","type":"Feature","properties":{"id":"4718f83a-73af-3066-a20c-ba196e05903b","name":"郭沫若雕像","type":"风景名胜;风景名胜相关;旅游景点","typecode":"110000","address":"多伦路文化名人街(东宝兴路地铁站1号口步行410米)","location":"121.481794,31.262155","tel":"[]","pcode":310000,"pname":"上海市","citycode":21,"cityname":"上海市","adcode":310109,"adname":"虹口区","gridcode":4621731811,"distance":247,"business_area":"宝山路","timestamp":"2023-04-23 13:26:56","biz_ext":"{\"rating\": \"3.3\", \"cost\": [], \"ticket_ordering\": \"0\"}","行业大类":"风景名胜","行业中类":"风景名胜相关","行业小类":"旅游景点","wgs84_loc":"121.477295,31.264106","wgs84Lng":121.477295,"wgs84Lat":31.264106,"__source_file__":"02-POI&AOI/1-POI/其它/23/Excel/分类/上海市-POI-2023.csv-风景名胜.csv"},"geometry":{"type":"Point","coordinates":[121.477295,31.264106]}},{"id":"270","type":"Feature","properties":{"id":"1096f4b7-29e0-345b-83f6-f55cb457e1f8","name":"公啡咖啡馆遗址","type":"风景名胜;风景名胜相关;旅游景点","typecode":"110000","address":"多伦路8号","location":"121.483531,31.262166","tel":"[]","pcode":310000,"pname":"上海市","citycode":21,"cityname":"上海市","adcode":310109,"adname":"虹口区","gridcode":4621731812,"distance":320,"business_area":"宝山路","timestamp":"2023-05-08 20:08:26","biz_ext":"{\"rating\": \"3.8\", \"cost\": [], \"ticket_ordering\": \"0\"}","行业大类":"风景名胜","行业中类":"风景名胜相关","行业小类":"旅游景点","wgs84_loc":"121.479038,31.264122","wgs84Lng":121.479038,"wgs84Lat":31.264122,"__source_file__":"02-POI&AOI/1-POI/其它/23/Excel/分类/上海市-POI-2023.csv-风景名胜.csv"},"geometry":{"type":"Point","coordinates":[121.479038,31.264122]}},{"id":"4096","type":"Feature","properties":{"id":"52fa189a-7234-30e4-80c7-127daab534de","name":"沈尹默雕像","type":"风景名胜;风景名胜;风景名胜","typecode":"110200","address":"多伦路文化名人街与多伦路交叉口东20米","location":"121.481955,31.262257","tel":"[]","pcode":310000,"pname":"上海市","citycode":21,"cityname":"上海市","adcode":310109,"adname":"虹口区","gridcode":4621731811,"distance":239,"business_area":"宝山路","timestamp":"2022-12-30 21:45:20","biz_ext":"{\"rating\": \"3.4\", \"cost\": [], \"ticket_ordering\": \"0\"}","行业大类":"风景名胜","行业中类":"风景名胜","行业小类":"风景名胜","wgs84_loc":"121.477457,31.264208","wgs84Lng":121.477457,"wgs84Lat":31.264208,"__source_file__":"02-POI&AOI/1-POI/其它/23/Excel/分类/上海市-POI-2023.csv-风景名胜.csv"},"geometry":{"type":"Point","coordinates":[121.477457,31.264208]}},{"id":"324","type":"Feature","properties":{"id":"ec9edadc-d730-3e72-890a-a05506a72c55","name":"夕拾钟楼","type":"风景名胜;风景名胜相关;旅游景点","typecode":"110000","address":"多伦路119号(东宝兴路地铁站1号口步行420米)","location":"121.481528,31.262288","tel":"[]","pcode":310000,"pname":"上海市","citycode":21,"cityname":"上海市","adcode":310109,"adname":"虹口区","gridcode":4621731811,"distance":229,"business_area":"宝山路","timestamp":"2023-04-21 10:31:25","biz_ext":"{\"rating\": \"4.3\", \"cost\": [], \"ticket_ordering\": \"0\"}","行业大类":"风景名胜","行业中类":"风景名胜相关","行业小类":"旅游景点","wgs84_loc":"121.477028,31.264238","wgs84Lng":121.477028,"wgs84Lat":31.264238,"__source_file__":"02-POI&AOI/1-POI/其它/23/Excel/分类/上海市-POI-2023.csv-风景名胜.csv"},"geometry":{"type":"Point","coordinates":[121.477028,31.264238]}},{"id":"4075","type":"Feature","properties":{"id":"ca5b325c-ec88-37f5-ad38-84954f6b7555","name":"丁玲雕像","type":"风景名胜;风景名胜相关;旅游景点","typecode":"110000","address":"多伦路文化名人街","location":"121.481767,31.262300","tel":"[]","pcode":310000,"pname":"上海市","citycode":21,"cityname":"上海市","adcode":310109,"adname":"虹口区","gridcode":4621731811,"distance":231,"business_area":"宝山路","timestamp":"2023-03-09 11:15:23","biz_ext":"{\"rating\": \"3.6\", \"cost\": [], \"ticket_ordering\": \"0\"}","行业大类":"风景名胜","行业中类":"风景名胜相关","行业小类":"旅游景点","wgs84_loc":"121.477268,31.264251","wgs84Lng":121.477268,"wgs84Lat":31.264251,"__source_file__":"02-POI&AOI/1-POI/其它/23/Excel/分类/上海市-POI-2023.csv-风景名胜.csv"},"geometry":{"type":"Point","coordinates":[121.477268,31.264251]}},{"id":"4995","type":"Feature","properties":{"id":"83a025f9-c668-3e3a-98d4-4887f5376d3f","name":"窦乐安雕像","type":"风景名胜;风景名胜相关;旅游景点","typecode":"110000","address":"多伦路东横浜路122弄1-14号院","location":"121.481589,31.262332","tel":"[]","pcode":310000,"pname":"上海市","citycode":21,"cityname":"上海市","adcode":310109,"adname":"虹口区","gridcode":4621731811,"distance":1770,"business_area":"宝山路","timestamp":"2023-03-09 07:39:48","biz_ext":"{\"rating\": \"3.1\", \"cost\": [], \"ticket_ordering\": \"0\"}","行业大类":"风景名胜","行业中类":"风景名胜相关","行业小类":"旅游景点","wgs84_loc":"121.47709,31.264282","wgs84Lng":121.47709,"wgs84Lat":31.264282,"__source_file__":"02-POI&AOI/1-POI/其它/23/Excel/分类/上海市-POI-2023.csv-风景名胜.csv"},"geometry":{"type":"Point","coordinates":[121.47709,31.264282]}},{"id":"5017","type":"Feature","properties":{"id":"23363241-9da1-358a-82a5-6c9e7d646f80","name":"冯雪峰雕像","type":"风景名胜;风景名胜相关;旅游景点","typecode":"110000","address":"多伦路文化名人街(东宝兴路地铁站1号口步行480米)","location":"121.482474,31.262358","tel":"[]","pcode":310000,"pname":"上海市","citycode":21,"cityname":"上海市","adcode":310109,"adname":"虹口区","gridcode":4621731811,"distance":246,"business_area":"宝山路","timestamp":"2023-04-18 12:05:51","biz_ext":"{\"rating\": \"3.0\", \"cost\": [], \"ticket_ordering\": \"0\"}","行业大类":"风景名胜","行业中类":"风景名胜相关","行业小类":"旅游景点","wgs84_loc":"121.477978,31.264311","wgs84Lng":121.477978,"wgs84Lat":31.264311,"__source_file__":"02-POI&AOI/1-POI/其它/23/Excel/分类/上海市-POI-2023.csv-风景名胜.csv"},"geometry":{"type":"Point","coordinates":[121.477978,31.264311]}},{"id":"407","type":"Feature","properties":{"id":"dc655a30-1599-3760-9b1f-d9061c591a64","name":"薛公馆","type":"风景名胜;风景名胜;纪念馆","typecode":"110204","address":"多伦路66号","location":"121.482323,31.262442","tel":"[]","pcode":310000,"pname":"上海市","citycode":21,"cityname":"上海市","adcode":310109,"adname":"虹口区","gridcode":4621731811,"distance":232,"business_area":"宝山路","timestamp":"2023-02-13 00:28:42","biz_ext":"{\"rating\": \"4.0\", \"cost\": [], \"ticket_ordering\": \"0\"}","行业大类":"风景名胜","行业中类":"风景名胜","行业小类":"纪念馆","wgs84_loc":"121.477826,31.264394","wgs84Lng":121.477826,"wgs84Lat":31.264394,"__source_file__":"02-POI&AOI/1-POI/其它/23/Excel/分类/上海市-POI-2023.csv-风景名胜.csv"},"geometry":{"type":"Point","coordinates":[121.477826,31.264394]}},{"id":"5215","type":"Feature","properties":{"id":"91170d81-b4a3-3660-8a57-5f02503079b5","name":"叶圣陶雕像","type":"风景名胜;风景名胜相关;旅游景点","typecode":"110000","address":"多伦路文化名人街(东宝兴路地铁站1号口步行450米)","location":"121.481633,31.262533","tel":"[]","pcode":310000,"pname":"上海市","citycode":21,"cityname":"上海市","adcode":310109,"adname":"虹口区","gridcode":4621731811,"distance":203,"business_area":"宝山路","timestamp":"2023-05-08 11:25:32","biz_ext":"{\"rating\": \"3.3\", \"cost\": [], \"ticket_ordering\": \"0\"}","行业大类":"风景名胜","行业中类":"风景名胜相关","行业小类":"旅游景点","wgs84_loc":"121.477134,31.264483","wgs84Lng":121.477134,"wgs84Lat":31.264483,"__source_file__":"02-POI&AOI/1-POI/其它/23/Excel/分类/上海市-POI-2023.csv-风景名胜.csv"},"geometry":{"type":"Point","coordinates":[121.477134,31.264483]}},{"id":"1575","type":"Feature","properties":{"id":"38f99ee2-8455-373d-8493-2aa89335081a","name":"狄思威公寓旧址","type":"风景名胜;风景名胜相关;旅游景点","typecode":"110000","address":"四川北路1914号-1932号","location":"121.484095,31.262598","tel":"[]","pcode":310000,"pname":"上海市","citycode":21,"cityname":"上海市","adcode":310109,"adname":"虹口区","gridcode":4621731812,"distance":327,"business_area":"宝山路","timestamp":"2023-04-25 09:18:06","biz_ext":"{\"rating\": \"4.0\", \"cost\": [], \"ticket_ordering\": \"0\"}","行业大类":"风景名胜","行业中类":"风景名胜相关","行业小类":"旅游景点","wgs84_loc":"121.479604,31.264555","wgs84Lng":121.479604,"wgs84Lat":31.264555,"__source_file__":"02-POI&AOI/1-POI/其它/23/Excel/分类/上海市-POI-2023.csv-风景名胜.csv"},"geometry":{"type":"Point","coordinates":[121.479604,31.264555]}},{"id":"1666","type":"Feature","properties":{"id":"b54f030a-c714-39d4-bd82-b1346dfa0651","name":"中华艺术大学宿舍旧址","type":"风景名胜;风景名胜相关;旅游景点","typecode":"110000","address":"多伦路145号(东宝兴路地铁站1号口步行480米)","location":"121.481620,31.262813","tel":"[]","pcode":310000,"pname":"上海市","citycode":21,"cityname":"上海市","adcode":310109,"adname":"虹口区","gridcode":4621731811,"distance":172,"business_area":"宝山路","timestamp":"2023-01-16 12:59:50","biz_ext":"{\"rating\": \"3.5\", \"cost\": [], \"ticket_ordering\": \"0\"}","行业大类":"风景名胜","行业中类":"风景名胜相关","行业小类":"旅游景点","wgs84_loc":"121.477121,31.264763","wgs84Lng":121.477121,"wgs84Lat":31.264763,"__source_file__":"02-POI&AOI/1-POI/其它/23/Excel/分类/上海市-POI-2023.csv-风景名胜.csv"},"geometry":{"type":"Point","coordinates":[121.477121,31.264763]}},{"id":"1523","type":"Feature","properties":{"id":"f7253da6-275a-3f96-bed7-e10022bca8af","name":"郭沫若多伦路旧居","type":"风景名胜;风景名胜;红色景区","typecode":"110210","address":"多伦路201弄89号(东宝兴路地铁站1号口步行460米)","location":"121.480748,31.263465","tel":"[]","pcode":310000,"pname":"上海市","citycode":21,"cityname":"上海市","adcode":310109,"adname":"虹口区","gridcode":4621731811,"distance":112,"business_area":"宝山路","timestamp":"2023-04-21 08:31:01","biz_ext":"{\"rating\": \"3.7\", \"cost\": [], \"ticket_ordering\": \"0\"}","行业大类":"风景名胜","行业中类":"风景名胜","行业小类":"红色景区","wgs84_loc":"121.476246,31.265412","wgs84Lng":121.476246,"wgs84Lat":31.265412,"__source_file__":"02-POI&AOI/1-POI/其它/23/Excel/分类/上海市-POI-2023.csv-风景名胜.csv"},"geometry":{"type":"Point","coordinates":[121.476246,31.265412]}},{"id":"4561","type":"Feature","properties":{"id":"1ccf1d79-1fdc-383d-94c2-0d97c52e9807","name":"赵世炎寓所","type":"风景名胜;风景名胜;红色景区|风景名胜;风景名胜;纪念馆","typecode":"110210|110204","address":"多伦路189号","location":"121.481614,31.263467","tel":"[]","pcode":310000,"pname":"上海市","citycode":21,"cityname":"上海市","adcode":310109,"adname":"虹口区","gridcode":4621731811,"distance":101,"business_area":"宝山路","timestamp":"2023-04-21 14:00:44","biz_ext":"{\"rating\": \"3.9\", \"cost\": [], \"ticket_ordering\": \"0\"}","行业大类":"风景名胜","行业中类":"风景名胜","行业小类":"红色景区|风景名胜","wgs84_loc":"121.477115,31.265417","wgs84Lng":121.477115,"wgs84Lat":31.265417,"__source_file__":"02-POI&AOI/1-POI/其它/23/Excel/分类/上海市-POI-2023.csv-风景名胜.csv"},"geometry":{"type":"Point","coordinates":[121.477115,31.265417]}},{"id":"361","type":"Feature","properties":{"id":"efed1dbf-6bbf-38c7-a7a5-dbcfc1ba3466","name":"中国左翼作家联盟成立大会会址纪念馆","type":"风景名胜;风景名胜;红色景区","typecode":"110210","address":"多伦路201弄2号","location":"121.481035,31.263586","tel":"021-56960558","pcode":310000,"pname":"上海市","citycode":21,"cityname":"上海市","adcode":310109,"adname":"虹口区","gridcode":4621731811,"distance":88,"business_area":"宝山路","timestamp":"2023-05-15 17:28:21","biz_ext":"{\"rating\": \"4.5\", \"cost\": [], \"ticket_ordering\": \"0\"}","行业大类":"风景名胜","行业中类":"风景名胜","行业小类":"红色景区","wgs84_loc":"121.476534,31.265534","wgs84Lng":121.476534,"wgs84Lat":31.265534,"__source_file__":"02-POI&AOI/1-POI/其它/23/Excel/分类/上海市-POI-2023.csv-风景名胜.csv"},"geometry":{"type":"Point","coordinates":[121.476534,31.265534]}},{"id":"289","type":"Feature","properties":{"id":"7d89dd22-7820-3b1c-9178-19667457d970","name":"新中国剧社旧址","type":"风景名胜;风景名胜相关;旅游景点","typecode":"110000","address":"多伦路201弄4号","location":"121.480828,31.263610","tel":"[]","pcode":310000,"pname":"上海市","citycode":21,"cityname":"上海市","adcode":310109,"adname":"虹口区","gridcode":4621731811,"distance":94,"business_area":"宝山路","timestamp":"2023-05-10 18:26:36","biz_ext":"{\"rating\": \"3.5\", \"cost\": [], \"ticket_ordering\": \"0\"}","行业大类":"风景名胜","行业中类":"风景名胜相关","行业小类":"旅游景点","wgs84_loc":"121.476326,31.265557","wgs84Lng":121.476326,"wgs84Lat":31.265557,"__source_file__":"02-POI&AOI/1-POI/其它/23/Excel/分类/上海市-POI-2023.csv-风景名胜.csv"},"geometry":{"type":"Point","coordinates":[121.476326,31.265557]}},{"id":"5009","type":"Feature","properties":{"id":"86ea09ba-cd68-3a17-a407-79a14895b0bd","name":"中国左翼作家联盟会址纪念馆","type":"风景名胜;风景名胜;纪念馆","typecode":"110204","address":"多伦路201弄2号","location":"121.480987,31.263651","tel":"[]","pcode":310000,"pname":"上海市","citycode":21,"cityname":"上海市","adcode":310109,"adname":"虹口区","gridcode":4621731811,"distance":83,"business_area":"宝山路","timestamp":"2022-11-22 21:37:48","biz_ext":"{\"rating\": [], \"cost\": [], \"ticket_ordering\": \"0\"}","行业大类":"风景名胜","行业中类":"风景名胜","行业小类":"纪念馆","wgs84_loc":"121.476485,31.265599","wgs84Lng":121.476485,"wgs84Lat":31.265599,"__source_file__":"02-POI&AOI/1-POI/其它/23/Excel/分类/上海市-POI-2023.csv-风景名胜.csv"},"geometry":{"type":"Point","coordinates":[121.476485,31.265599]}},{"id":"4086","type":"Feature","properties":{"id":"c1d2d7f9-fd57-3f91-bb87-69ffe95fe42a","name":"陈仲篪旧居","type":"风景名胜;风景名胜;纪念馆","typecode":"110204","address":"多伦路208号","location":"121.481742,31.263790","tel":"[]","pcode":310000,"pname":"上海市","citycode":21,"cityname":"上海市","adcode":310109,"adname":"虹口区","gridcode":4621731811,"distance":73,"business_area":"宝山路","timestamp":"2023-01-16 20:31:05","biz_ext":"{\"rating\": \"3.6\", \"cost\": [], \"ticket_ordering\": \"0\"}","行业大类":"风景名胜","行业中类":"风景名胜","行业小类":"纪念馆","wgs84_loc":"121.477243,31.26574","wgs84Lng":121.477243,"wgs84Lat":31.26574,"__source_file__":"02-POI&AOI/1-POI/其它/23/Excel/分类/上海市-POI-2023.csv-风景名胜.csv"},"geometry":{"type":"Point","coordinates":[121.477243,31.26574]}},{"id":"3051","type":"Feature","properties":{"id":"18d8615e-4375-350f-b713-045d7064db37","name":"梁鸿志旧居","type":"风景名胜;风景名胜;纪念馆","typecode":"110204","address":"多伦路215号","location":"121.481492,31.263808","tel":"[]","pcode":310000,"pname":"上海市","citycode":21,"cityname":"上海市","adcode":310109,"adname":"虹口区","gridcode":4621731811,"distance":61,"business_area":"宝山路","timestamp":"2023-03-09 10:35:36","biz_ext":"{\"rating\": \"2.9\", \"cost\": [], \"ticket_ordering\": \"0\"}","行业大类":"风景名胜","行业中类":"风景名胜","行业小类":"纪念馆","wgs84_loc":"121.476992,31.265757","wgs84Lng":121.476992,"wgs84Lat":31.265757,"__source_file__":"02-POI&AOI/1-POI/其它/23/Excel/分类/上海市-POI-2023.csv-风景名胜.csv"},"geometry":{"type":"Point","coordinates":[121.476992,31.265757]}},{"id":"406","type":"Feature","properties":{"id":"e094938b-ce0f-3bfd-8207-8b41f2998474","name":"太阳社旧址","type":"风景名胜;风景名胜相关;旅游景点","typecode":"110000","address":"四川北路1999弄32号","location":"121.483464,31.263944","tel":"[]","pcode":310000,"pname":"上海市","citycode":21,"cityname":"上海市","adcode":310109,"adname":"虹口区","gridcode":4621731822,"distance":208,"business_area":"宝山路","timestamp":"2023-03-21 03:24:53","biz_ext":"{\"rating\": \"3.6\", \"cost\": [], \"ticket_ordering\": \"0\"}","行业大类":"风景名胜","行业中类":"风景名胜相关","行业小类":"旅游景点","wgs84_loc":"121.478971,31.265899","wgs84Lng":121.478971,"wgs84Lat":31.265899,"__source_file__":"02-POI&AOI/1-POI/其它/23/Excel/分类/上海市-POI-2023.csv-风景名胜.csv"},"geometry":{"type":"Point","coordinates":[121.478971,31.265899]}},{"id":"5018","type":"Feature","properties":{"id":"192224c3-0ef6-3d93-b8a3-681bdc92f9af","name":"柔石雕像","type":"风景名胜;风景名胜;风景名胜","typecode":"110200","address":"多伦路文化名人街","location":"121.481582,31.263957","tel":"[]","pcode":310000,"pname":"上海市","citycode":21,"cityname":"上海市","adcode":310109,"adname":"虹口区","gridcode":4621731821,"distance":49,"business_area":"宝山路","timestamp":"2022-12-30 22:34:56","biz_ext":"{\"rating\": \"3.2\", \"cost\": [], \"ticket_ordering\": \"0\"}","行业大类":"风景名胜","行业中类":"风景名胜","行业小类":"风景名胜","wgs84_loc":"121.477082,31.265906","wgs84Lng":121.477082,"wgs84Lat":31.265906,"__source_file__":"02-POI&AOI/1-POI/其它/23/Excel/分类/上海市-POI-2023.csv-风景名胜.csv"},"geometry":{"type":"Point","coordinates":[121.477082,31.265906]}},{"id":"607","type":"Feature","properties":{"id":"c05d26d2-4567-39d2-b1c3-c7a600d59557","name":"格林邮船公司(英)、怡泰大楼","type":"风景名胜;风景名胜;风景名胜","typecode":"110200","address":"北京东路2号","location":"121.489799,31.240821","tel":"[]","pcode":310000,"pname":"上海市","citycode":21,"cityname":"上海市","adcode":310101,"adname":"黄浦区","gridcode":4621638920,"distance":294,"business_area":"北京东路","timestamp":"2022-08-03 17:01:08","biz_ext":"{\"rating\": [], \"cost\": [], \"ticket_ordering\": \"0\"}","行业大类":"风景名胜","行业中类":"风景名胜","行业小类":"风景名胜","wgs84_loc":"121.48533,31.242805","wgs84Lng":121.48533,"wgs84Lat":31.242805,"__source_file__":"02-POI&AOI/1-POI/其它/23/Excel/分类/上海市-POI-2023.csv-风景名胜.csv"},"geometry":{"type":"Point","coordinates":[121.48533,31.242805]}},{"id":"1975","type":"Feature","properties":{"id":"e4208049-25d8-33d7-aa23-c5edd5700cb3","name":"外滩-观景平台","type":"风景名胜;风景名胜相关;旅游景点","typecode":"110000","address":"中山东一路(临黄浦江)外滩内(北侧)","location":"121.490926,31.240821","tel":"[]","pcode":310000,"pname":"上海市","citycode":21,"cityname":"上海市","adcode":310101,"adname":"黄浦区","gridcode":4621638920,"distance":217,"business_area":"北京东路","timestamp":"2022-11-22 22:21:55","biz_ext":"{\"rating\": \"4.7\", \"cost\": [], \"ticket_ordering\": \"0\"}","行业大类":"风景名胜","行业中类":"风景名胜相关","行业小类":"旅游景点","wgs84_loc":"121.486461,31.242808","wgs84Lng":121.486461,"wgs84Lat":31.242808,"__source_file__":"02-POI&AOI/1-POI/其它/23/Excel/分类/上海市-POI-2023.csv-风景名胜.csv"},"geometry":{"type":"Point","coordinates":[121.486461,31.242808]}},{"id":"139","type":"Feature","properties":{"id":"4e683494-3c7c-318d-bb00-3f8c839da070","name":"东方汇理银行旧址","type":"风景名胜;风景名胜相关;旅游景点","typecode":"110000","address":"中山东一路29号","location":"121.489733,31.241069","tel":"[]","pcode":310000,"pname":"上海市","citycode":21,"cityname":"上海市","adcode":310101,"adname":"黄浦区","gridcode":4621638920,"distance":284,"business_area":"北京东路","timestamp":"2023-01-16 20:24:02","biz_ext":"{\"rating\": \"4.0\", \"cost\": [], \"ticket_ordering\": \"0\"}","行业大类":"风景名胜","行业中类":"风景名胜相关","行业小类":"旅游景点","wgs84_loc":"121.485264,31.243052","wgs84Lng":121.485264,"wgs84Lat":31.243052,"__source_file__":"02-POI&AOI/1-POI/其它/23/Excel/分类/上海市-POI-2023.csv-风景名胜.csv"},"geometry":{"type":"Point","coordinates":[121.485264,31.243052]}},{"id":"6642","type":"Feature","properties":{"id":"0d6b7dea-cebc-3484-979a-d072e722da24","name":"黄浦公园","type":"风景名胜;公园广场;公园","typecode":"110101","address":"外滩中山东一路479号","location":"121.490990,31.241760","tel":"[]","pcode":310000,"pname":"上海市","citycode":21,"cityname":"上海市","adcode":310101,"adname":"黄浦区","gridcode":4621639900,"distance":142,"business_area":"北京东路","timestamp":"2023-05-10 22:29:51","biz_ext":"{\"rating\": \"4.6\", \"cost\": [], \"ticket_ordering\": \"0\"}","行业大类":"风景名胜","行业中类":"公园广场","行业小类":"公园","wgs84_loc":"121.486525,31.243747","wgs84Lng":121.486525,"wgs84Lat":31.243747,"__source_file__":"02-POI&AOI/1-POI/其它/23/Excel/分类/上海市-POI-2023.csv-风景名胜.csv"},"geometry":{"type":"Point","coordinates":[121.486525,31.243747]}},{"id":"2257","type":"Feature","properties":{"id":"876b9979-9151-34b8-96c2-2b53191532a1","name":"圆形英雄雕像","type":"风景名胜;风景名胜;风景名胜","typecode":"110200","address":"中山东一路(外滩风景区内)","location":"121.491627,31.242251","tel":"[]","pcode":310000,"pname":"上海市","citycode":21,"cityname":"上海市","adcode":310101,"adname":"黄浦区","gridcode":4621639900,"distance":66,"business_area":"[]","timestamp":"2022-11-22 22:29:56","biz_ext":"{\"rating\": \"4.5\", \"cost\": [], \"ticket_ordering\": \"0\"}","行业大类":"风景名胜","行业中类":"风景名胜","行业小类":"风景名胜","wgs84_loc":"121.487165,31.244239","wgs84Lng":121.487165,"wgs84Lat":31.244239,"__source_file__":"02-POI&AOI/1-POI/其它/23/Excel/分类/上海市-POI-2023.csv-风景名胜.csv"},"geometry":{"type":"Point","coordinates":[121.487165,31.244239]}},{"id":"225","type":"Feature","properties":{"id":"2920b233-debf-31d8-b71f-9a8a9619d669","name":"上海市人民英雄纪念塔","type":"风景名胜;风景名胜;红色景区","typecode":"110210","address":"中山东一路475号黄浦公园(近黄浦公园)","location":"121.491409,31.242287","tel":"021-53082636","pcode":310000,"pname":"上海市","citycode":21,"cityname":"上海市","adcode":310101,"adname":"黄浦区","gridcode":4621639900,"distance":86,"business_area":"[]","timestamp":"2023-04-11 18:02:17","biz_ext":"{\"rating\": \"4.6\", \"cost\": [], \"ticket_ordering\": \"0\"}","行业大类":"风景名胜","行业中类":"风景名胜","行业小类":"红色景区","wgs84_loc":"121.486946,31.244275","wgs84Lng":121.486946,"wgs84Lat":31.244275,"__source_file__":"02-POI&AOI/1-POI/其它/23/Excel/分类/上海市-POI-2023.csv-风景名胜.csv"},"geometry":{"type":"Point","coordinates":[121.486946,31.244275]}},{"id":"2756","type":"Feature","properties":{"id":"5f9918b8-8bef-323a-ae07-50b4efec34c1","name":"黄浦公园-外滩历史纪念馆","type":"风景名胜;风景名胜;红色景区|风景名胜;风景名胜;纪念馆","typecode":"110210|110204","address":"中山东一路475号","location":"121.491470,31.242302","tel":"021-53082636;021-53089124","pcode":310000,"pname":"上海市","citycode":21,"cityname":"上海市","adcode":310101,"adname":"黄浦区","gridcode":4621639900,"distance":1564,"business_area":"[]","timestamp":"2023-04-18 20:49:14","biz_ext":"{\"rating\": \"4.3\", \"cost\": [], \"ticket_ordering\": \"0\"}","行业大类":"风景名胜","行业中类":"风景名胜","行业小类":"红色景区|风景名胜","wgs84_loc":"121.487007,31.24429","wgs84Lng":121.487007,"wgs84Lat":31.24429,"__source_file__":"02-POI&AOI/1-POI/其它/23/Excel/分类/上海市-POI-2023.csv-风景名胜.csv"},"geometry":{"type":"Point","coordinates":[121.487007,31.24429]}},{"id":"6210","type":"Feature","properties":{"id":"c7990008-75b6-38c3-893a-30be40395d6d","name":"外滩源壹号","type":"风景名胜;风景名胜;风景名胜","typecode":"110200","address":"中山东一路33号英国领事馆及领事官邸旧址内","location":"121.488725,31.242322","tel":"021-53089803","pcode":310000,"pname":"上海市","citycode":21,"cityname":"上海市","adcode":310101,"adname":"黄浦区","gridcode":4621639900,"distance":929,"business_area":"北京东路","timestamp":"2023-05-11 05:59:01","biz_ext":"{\"rating\": \"4.5\", \"cost\": [], \"ticket_ordering\": \"0\"}","行业大类":"风景名胜","行业中类":"风景名胜","行业小类":"风景名胜","wgs84_loc":"121.484252,31.244302","wgs84Lng":121.484252,"wgs84Lat":31.244302,"__source_file__":"02-POI&AOI/1-POI/其它/23/Excel/分类/上海市-POI-2023.csv-风景名胜.csv"},"geometry":{"type":"Point","coordinates":[121.484252,31.244302]}},{"id":"1683","type":"Feature","properties":{"id":"8a3ad664-b3a4-316e-954b-9d6743f4c08d","name":"英国驻沪总领事馆旧址","type":"风景名胜;风景名胜;纪念馆","typecode":"110204","address":"南苏州路与大名路交叉口西约120米","location":"121.488756,31.242351","tel":"[]","pcode":310000,"pname":"上海市","citycode":21,"cityname":"上海市","adcode":310101,"adname":"黄浦区","gridcode":4621639900,"distance":933,"business_area":"北京东路","timestamp":"2023-05-09 11:11:19","biz_ext":"{\"rating\": \"4.1\", \"cost\": [], \"ticket_ordering\": \"0\"}","行业大类":"风景名胜","行业中类":"风景名胜","行业小类":"纪念馆","wgs84_loc":"121.484283,31.244331","wgs84Lng":121.484283,"wgs84Lat":31.244331,"__source_file__":"02-POI&AOI/1-POI/其它/23/Excel/分类/上海市-POI-2023.csv-风景名胜.csv"},"geometry":{"type":"Point","coordinates":[121.484283,31.244331]}},{"id":"969","type":"Feature","properties":{"id":"25bdc402-afcb-3a76-bc6d-d97908c9a7ad","name":"外滩源33","type":"风景名胜;风景名胜;风景名胜","typecode":"110200","address":"中山东一路33号英国领事馆及领事官邸旧址内","location":"121.488837,31.242365","tel":"[]","pcode":310000,"pname":"上海市","citycode":21,"cityname":"上海市","adcode":310101,"adname":"黄浦区","gridcode":4621639900,"distance":330,"business_area":"北京东路","timestamp":"2023-04-15 03:52:04","biz_ext":"{\"rating\": \"4.7\", \"cost\": [], \"ticket_ordering\": \"0\"}","行业大类":"风景名胜","行业中类":"风景名胜","行业小类":"风景名胜","wgs84_loc":"121.484365,31.244345","wgs84Lng":121.484365,"wgs84Lat":31.244345,"__source_file__":"02-POI&AOI/1-POI/其它/23/Excel/分类/上海市-POI-2023.csv-风景名胜.csv"},"geometry":{"type":"Point","coordinates":[121.484365,31.244345]}},{"id":"2001","type":"Feature","properties":{"id":"cac563a0-4938-36ee-8ce9-11170c692d9c","name":"东方明珠公园","type":"风景名胜;公园广场;公园","typecode":"110101","address":"滨江大道2525弄5-25号","location":"121.500127,31.241103","tel":"[]","pcode":310000,"pname":"上海市","citycode":21,"cityname":"上海市","adcode":310115,"adname":"浦东新区","gridcode":4621648020,"distance":332,"business_area":"陆家嘴","timestamp":"2023-05-08 17:15:40","biz_ext":"{\"rating\": \"4.7\", \"cost\": [], \"ticket_ordering\": \"0\"}","行业大类":"风景名胜","行业中类":"公园广场","行业小类":"公园","wgs84_loc":"121.495695,31.243117","wgs84Lng":121.495695,"wgs84Lat":31.243117,"__source_file__":"02-POI&AOI/1-POI/其它/23/Excel/分类/上海市-POI-2023.csv-风景名胜.csv"},"geometry":{"type":"Point","coordinates":[121.495695,31.243117]}},{"id":"1809","type":"Feature","properties":{"id":"25bb0c27-5a36-3b61-bb3c-073d1e0877e7","name":"耶松船厂旧址","type":"风景名胜;风景名胜相关;旅游景点","typecode":"110000","address":"东大名路388号(国际客运中心地铁站3号口步行390米)","location":"121.497012,31.247299","tel":"[]","pcode":310000,"pname":"上海市","citycode":21,"cityname":"上海市","adcode":310109,"adname":"虹口区","gridcode":4621639922,"distance":708,"business_area":"提篮桥","timestamp":"2023-05-14 16:29:42","biz_ext":"{\"rating\": \"4.3\", \"cost\": [], \"ticket_ordering\": \"0\"}","行业大类":"风景名胜","行业中类":"风景名胜相关","行业小类":"旅游景点","wgs84_loc":"121.492569,31.249301","wgs84Lng":121.492569,"wgs84Lat":31.249301,"__source_file__":"02-POI&AOI/1-POI/其它/23/Excel/分类/上海市-POI-2023.csv-风景名胜.csv"},"geometry":{"type":"Point","coordinates":[121.492569,31.249301]}},{"id":"5375","type":"Feature","properties":{"id":"1634bb9b-7aab-398f-a65d-8063dd16600c","name":"北外滩滨江绿地-饮水处","type":"风景名胜;风景名胜相关;旅游景点","typecode":"110000","address":"东大名路558-678北外滩滨江绿地","location":"121.498898,31.247429","tel":"[]","pcode":310000,"pname":"上海市","citycode":21,"cityname":"上海市","adcode":310109,"adname":"虹口区","gridcode":4621639922,"distance":1568,"business_area":"提篮桥","timestamp":"2022-11-23 00:58:25","biz_ext":"{\"rating\": [], \"cost\": [], \"ticket_ordering\": \"0\"}","行业大类":"风景名胜","行业中类":"风景名胜相关","行业小类":"旅游景点","wgs84_loc":"121.494461,31.249437","wgs84Lng":121.494461,"wgs84Lat":31.249437,"__source_file__":"02-POI&AOI/1-POI/其它/23/Excel/分类/上海市-POI-2023.csv-风景名胜.csv"},"geometry":{"type":"Point","coordinates":[121.494461,31.249437]}},{"id":"894","type":"Feature","properties":{"id":"8d2327e7-d8ec-3adf-b004-d35c8218bfde","name":"北外滩滨江绿地","type":"风景名胜;公园广场;公园","typecode":"110101","address":"东大名路558-678","location":"121.499368,31.247459","tel":"[]","pcode":310000,"pname":"上海市","citycode":21,"cityname":"上海市","adcode":310109,"adname":"虹口区","gridcode":4621639922,"distance":1528,"business_area":"上海北外滩中心","timestamp":"2023-05-12 07:15:41","biz_ext":"{\"rating\": \"4.7\", \"cost\": [], \"ticket_ordering\": \"0\"}","行业大类":"风景名胜","行业中类":"公园广场","行业小类":"公园","wgs84_loc":"121.494933,31.249468","wgs84Lng":121.494933,"wgs84Lat":31.249468,"__source_file__":"02-POI&AOI/1-POI/其它/23/Excel/分类/上海市-POI-2023.csv-风景名胜.csv"},"geometry":{"type":"Point","coordinates":[121.494933,31.249468]}},{"id":"4863","type":"Feature","properties":{"id":"809ffbbe-40ff-3cd5-a44f-20e2f1a43a6e","name":"最美花园","type":"风景名胜;公园广场;公园","typecode":"110101","address":"南苏州路76号","location":"121.489653,31.242705","tel":"[]","pcode":310000,"pname":"上海市","citycode":21,"cityname":"上海市","adcode":310101,"adname":"黄浦区","gridcode":4621639900,"distance":255,"business_area":"北京东路","timestamp":"2023-04-18 19:00:08","biz_ext":"{\"rating\": \"4.4\", \"cost\": [], \"ticket_ordering\": \"0\"}","行业大类":"风景名胜","行业中类":"公园广场","行业小类":"公园","wgs84_loc":"121.485184,31.244687","wgs84Lng":121.485184,"wgs84Lat":31.244687,"__source_file__":"02-POI&AOI/1-POI/其它/23/Excel/分类/上海市-POI-2023.csv-风景名胜.csv"},"geometry":{"type":"Point","coordinates":[121.485184,31.244687]}},{"id":"362","type":"Feature","properties":{"id":"9709bd14-426e-35e3-8309-0ba4cee2c573","name":"外白渡桥","type":"风景名胜;风景名胜;省级景点|地名地址信息;交通地名;桥","typecode":"110203|190307","address":"北苏州路111号","location":"121.490060,31.242896","tel":"13818054032","pcode":310000,"pname":"上海市","citycode":21,"cityname":"上海市","adcode":310101,"adname":"黄浦区","gridcode":4621639900,"distance":221,"business_area":"北京东路","timestamp":"2023-05-11 03:09:49","biz_ext":"{\"rating\": \"4.8\", \"cost\": [], \"ticket_ordering\": \"0\"}","行业大类":"风景名胜","行业中类":"风景名胜","行业小类":"省级景点|地名地址信息","wgs84_loc":"121.485592,31.244879","wgs84Lng":121.485592,"wgs84Lat":31.244879,"__source_file__":"02-POI&AOI/1-POI/其它/23/Excel/分类/上海市-POI-2023.csv-风景名胜.csv"},"geometry":{"type":"Point","coordinates":[121.485592,31.244879]}},{"id":"6444","type":"Feature","properties":{"id":"8335497b-5afb-3d7c-afc3-911e991ed8b0","name":"原教会公寓","type":"风景名胜;风景名胜;风景名胜","typecode":"110200","address":"南苏州路79号","location":"121.488570,31.243167","tel":"[]","pcode":310000,"pname":"上海市","citycode":21,"cityname":"上海市","adcode":310101,"adname":"黄浦区","gridcode":4621639900,"distance":366,"business_area":"北京东路","timestamp":"2023-05-11 03:43:20","biz_ext":"{\"rating\": [], \"cost\": [], \"ticket_ordering\": \"0\"}","行业大类":"风景名胜","行业中类":"风景名胜","行业小类":"风景名胜","wgs84_loc":"121.484097,31.245146","wgs84Lng":121.484097,"wgs84Lat":31.245146,"__source_file__":"02-POI&AOI/1-POI/其它/23/Excel/分类/上海市-POI-2023.csv-风景名胜.csv"},"geometry":{"type":"Point","coordinates":[121.484097,31.245146]}},{"id":"690","type":"Feature","properties":{"id":"8bcaafba-b1e5-3488-a85a-011da7e72ce4","name":"外滩源33-原教会公寓","type":"风景名胜;风景名胜相关;旅游景点","typecode":"110000","address":"南苏州路与圆明园路交叉口东南60米","location":"121.488570,31.243167","tel":"[]","pcode":310000,"pname":"上海市","citycode":21,"cityname":"上海市","adcode":310101,"adname":"黄浦区","gridcode":4621639900,"distance":1404,"business_area":"北京东路","timestamp":"2023-05-10 15:35:24","biz_ext":"{\"rating\": \"3.9\", \"cost\": [], \"ticket_ordering\": \"0\"}","行业大类":"风景名胜","行业中类":"风景名胜相关","行业小类":"旅游景点","wgs84_loc":"121.484097,31.245146","wgs84Lng":121.484097,"wgs84Lat":31.245146,"__source_file__":"02-POI&AOI/1-POI/其它/23/Excel/分类/上海市-POI-2023.csv-风景名胜.csv"},"geometry":{"type":"Point","coordinates":[121.484097,31.245146]}},{"id":"2735","type":"Feature","properties":{"id":"50373d7b-07d2-3294-99c3-91cb7beb8075","name":"外滩源33-联合教堂","type":"风景名胜;风景名胜;教堂","typecode":"110206","address":"南苏州路107号","location":"121.488380,31.243251","tel":"[]","pcode":310000,"pname":"上海市","citycode":21,"cityname":"上海市","adcode":310101,"adname":"黄浦区","gridcode":4621639900,"distance":1423,"business_area":"北京东路","timestamp":"2023-03-13 16:44:37","biz_ext":"{\"rating\": \"4.2\", \"cost\": [], \"ticket_ordering\": \"0\"}","行业大类":"风景名胜","行业中类":"风景名胜","行业小类":"教堂","wgs84_loc":"121.483906,31.245229","wgs84Lng":121.483906,"wgs84Lat":31.245229,"__source_file__":"02-POI&AOI/1-POI/其它/23/Excel/分类/上海市-POI-2023.csv-风景名胜.csv"},"geometry":{"type":"Point","coordinates":[121.483906,31.245229]}},{"id":"682","type":"Feature","properties":{"id":"f8722825-9248-3c54-9397-4c7a85f51ff0","name":"原划船俱乐部","type":"风景名胜;风景名胜;风景名胜","typecode":"110200","address":"南苏州路76号","location":"121.488735,31.243340","tel":"[]","pcode":310000,"pname":"上海市","citycode":21,"cityname":"上海市","adcode":310101,"adname":"黄浦区","gridcode":4621639900,"distance":356,"business_area":"北京东路","timestamp":"2022-09-09 11:09:47","biz_ext":"{\"rating\": \"4.5\", \"cost\": [], \"ticket_ordering\": \"0\"}","行业大类":"风景名胜","行业中类":"风景名胜","行业小类":"风景名胜","wgs84_loc":"121.484262,31.245319","wgs84Lng":121.484262,"wgs84Lat":31.245319,"__source_file__":"02-POI&AOI/1-POI/其它/23/Excel/分类/上海市-POI-2023.csv-风景名胜.csv"},"geometry":{"type":"Point","coordinates":[121.484262,31.245319]}},{"id":"3687","type":"Feature","properties":{"id":"155e3b0a-4704-3160-8927-517663a53e90","name":"滨江亲水平台","type":"风景名胜;风景名胜相关;旅游景点","typecode":"110000","address":"黄浦路与金山路交叉口东南80米","location":"121.491695,31.243516","tel":"[]","pcode":310000,"pname":"上海市","citycode":21,"cityname":"上海市","adcode":310109,"adname":"虹口区","gridcode":4621639901,"distance":140,"business_area":"提篮桥","timestamp":"2023-04-22 02:34:37","biz_ext":"{\"rating\": \"4.6\", \"cost\": [], \"ticket_ordering\": \"0\"}","行业大类":"风景名胜","行业中类":"风景名胜相关","行业小类":"旅游景点","wgs84_loc":"121.487233,31.245504","wgs84Lng":121.487233,"wgs84Lat":31.245504,"__source_file__":"02-POI&AOI/1-POI/其它/23/Excel/分类/上海市-POI-2023.csv-风景名胜.csv"},"geometry":{"type":"Point","coordinates":[121.487233,31.245504]}},{"id":"5768","type":"Feature","properties":{"id":"2c448c98-4796-3ff8-b797-1e3e00257646","name":"世纪同框广场","type":"风景名胜;公园广场;城市广场","typecode":"110105","address":"北苏州路29号","location":"121.489368,31.244110","tel":"18017713232","pcode":310000,"pname":"上海市","citycode":21,"cityname":"上海市","adcode":310109,"adname":"虹口区","gridcode":4621639900,"distance":340,"business_area":"上海北外滩中心","timestamp":"2023-05-11 17:27:45","biz_ext":"{\"rating\": \"4.5\", \"cost\": [], \"ticket_ordering\": \"0\"}","行业大类":"风景名胜","行业中类":"公园广场","行业小类":"城市广场","wgs84_loc":"121.484897,31.246091","wgs84Lng":121.484897,"wgs84Lat":31.246091,"__source_file__":"02-POI&AOI/1-POI/其它/23/Excel/分类/上海市-POI-2023.csv-风景名胜.csv"},"geometry":{"type":"Point","coordinates":[121.484897,31.246091]}},{"id":"6298","type":"Feature","properties":{"id":"a9308de9-b25c-3c80-a4b1-fa59122fe658","name":"寻彩园","type":"风景名胜;公园广场;公园","typecode":"110101","address":"长治路大名路东南角","location":"121.491138,31.245581","tel":"[]","pcode":310000,"pname":"上海市","citycode":21,"cityname":"上海市","adcode":310109,"adname":"虹口区","gridcode":4621639910,"distance":374,"business_area":"提篮桥","timestamp":"2023-03-11 13:15:25","biz_ext":"{\"rating\": \"3.8\", \"cost\": [], \"ticket_ordering\": \"0\"}","行业大类":"风景名胜","行业中类":"公园广场","行业小类":"公园","wgs84_loc":"121.486674,31.247566","wgs84Lng":121.486674,"wgs84Lat":31.247566,"__source_file__":"02-POI&AOI/1-POI/其它/23/Excel/分类/上海市-POI-2023.csv-风景名胜.csv"},"geometry":{"type":"Point","coordinates":[121.486674,31.247566]}},{"id":"6469","type":"Feature","properties":{"id":"c5480412-4be4-362a-914b-7c2e55414dc6","name":"北外滩城市花甸","type":"风景名胜;公园广场;公园","typecode":"110101","address":"大名路与武昌路交界处","location":"121.491379,31.245683","tel":"[]","pcode":310000,"pname":"上海市","citycode":21,"cityname":"上海市","adcode":310109,"adname":"虹口区","gridcode":4621639910,"distance":379,"business_area":"提篮桥","timestamp":"2022-09-09 16:31:07","biz_ext":"{\"rating\": \"3.7\", \"cost\": [], \"ticket_ordering\": \"0\"}","行业大类":"风景名胜","行业中类":"公园广场","行业小类":"公园","wgs84_loc":"121.486915,31.247669","wgs84Lng":121.486915,"wgs84Lat":31.247669,"__source_file__":"02-POI&AOI/1-POI/其它/23/Excel/分类/上海市-POI-2023.csv-风景名胜.csv"},"geometry":{"type":"Point","coordinates":[121.486915,31.247669]}},{"id":"2499","type":"Feature","properties":{"id":"c2e643fd-9005-3ab3-9d20-5c8279845936","name":"上海北外滩国客中心","type":"风景名胜;风景名胜相关;旅游景点","typecode":"110000","address":"东大名路500号","location":"121.500628,31.247685","tel":"021-61818064","pcode":310000,"pname":"上海市","citycode":21,"cityname":"上海市","adcode":310109,"adname":"虹口区","gridcode":4621649020,"distance":791,"business_area":"提篮桥","timestamp":"2023-05-15 01:26:04","biz_ext":"{\"rating\": \"4.8\", \"cost\": [], \"ticket_ordering\": \"0\"}","行业大类":"风景名胜","行业中类":"风景名胜相关","行业小类":"旅游景点","wgs84_loc":"121.496198,31.249698","wgs84Lng":121.496198,"wgs84Lat":31.249698,"__source_file__":"02-POI&AOI/1-POI/其它/23/Excel/分类/上海市-POI-2023.csv-风景名胜.csv"},"geometry":{"type":"Point","coordinates":[121.496198,31.249698]}},{"id":"1435","type":"Feature","properties":{"id":"01f63297-ad6c-3718-aedd-b94d10891900","name":"音乐之门","type":"风景名胜;风景名胜相关;旅游景点","typecode":"110000","address":"东大名路638号国投大厦","location":"121.501408,31.248726","tel":"[]","pcode":310000,"pname":"上海市","citycode":21,"cityname":"上海市","adcode":310109,"adname":"虹口区","gridcode":4621649020,"distance":1664,"business_area":"提篮桥","timestamp":"2023-04-20 23:27:44","biz_ext":"{\"rating\": \"3.9\", \"cost\": [], \"ticket_ordering\": \"0\"}","行业大类":"风景名胜","行业中类":"风景名胜相关","行业小类":"旅游景点","wgs84_loc":"121.49698,31.250741","wgs84Lng":121.49698,"wgs84Lat":31.250741,"__source_file__":"02-POI&AOI/1-POI/其它/23/Excel/分类/上海市-POI-2023.csv-风景名胜.csv"},"geometry":{"type":"Point","coordinates":[121.49698,31.250741]}},{"id":"6271","type":"Feature","properties":{"id":"63c22891-3363-367c-bb2c-f7e01c17b31f","name":"雷士德花园","type":"风景名胜;公园广场;公园","typecode":"110101","address":"东长治路505号","location":"121.497613,31.250392","tel":"[]","pcode":310000,"pname":"上海市","citycode":21,"cityname":"上海市","adcode":310109,"adname":"虹口区","gridcode":4621730902,"distance":577,"business_area":"北外滩","timestamp":"2022-12-14 11:34:36","biz_ext":"{\"rating\": \"4.0\", \"cost\": [], \"ticket_ordering\": \"0\"}","行业大类":"风景名胜","行业中类":"公园广场","行业小类":"公园","wgs84_loc":"121.493171,31.252395","wgs84Lng":121.493171,"wgs84Lat":31.252395,"__source_file__":"02-POI&AOI/1-POI/其它/23/Excel/分类/上海市-POI-2023.csv-风景名胜.csv"},"geometry":{"type":"Point","coordinates":[121.493171,31.252395]}},{"id":"1802","type":"Feature","properties":{"id":"4de17e04-9c89-3a31-b9fa-11b2491369e1","name":"雷士德工学院旧址","type":"风景名胜;风景名胜;纪念馆","typecode":"110204","address":"东长治路505号(国际客运中心地铁站1号口步行90米)","location":"121.497655,31.250816","tel":"[]","pcode":310000,"pname":"上海市","citycode":21,"cityname":"上海市","adcode":310109,"adname":"虹口区","gridcode":4621730902,"distance":605,"business_area":"提篮桥","timestamp":"2023-05-15 06:59:12","biz_ext":"{\"rating\": \"4.5\", \"cost\": [], \"ticket_ordering\": \"0\"}","行业大类":"风景名胜","行业中类":"风景名胜","行业小类":"纪念馆","wgs84_loc":"121.493214,31.252819","wgs84Lng":121.493214,"wgs84Lat":31.252819,"__source_file__":"02-POI&AOI/1-POI/其它/23/Excel/分类/上海市-POI-2023.csv-风景名胜.csv"},"geometry":{"type":"Point","coordinates":[121.493214,31.252819]}},{"id":"1589","type":"Feature","properties":{"id":"76d8a650-b103-31a2-a8bc-e28135e846bf","name":"联合国亚太经社会旧址","type":"风景名胜;风景名胜相关;旅游景点","typecode":"110000","address":"黄浦路106号","location":"121.492684,31.244072","tel":"[]","pcode":310000,"pname":"上海市","citycode":21,"cityname":"上海市","adcode":310109,"adname":"虹口区","gridcode":4621639901,"distance":192,"business_area":"提篮桥","timestamp":"2023-04-18 20:30:24","biz_ext":"{\"rating\": \"4.4\", \"cost\": [], \"ticket_ordering\": \"0\"}","行业大类":"风景名胜","行业中类":"风景名胜相关","行业小类":"旅游景点","wgs84_loc":"121.488225,31.246063","wgs84Lng":121.488225,"wgs84Lat":31.246063,"__source_file__":"02-POI&AOI/1-POI/其它/23/Excel/分类/上海市-POI-2023.csv-风景名胜.csv"},"geometry":{"type":"Point","coordinates":[121.488225,31.246063]}},{"id":"1588","type":"Feature","properties":{"id":"2a0a1061-57e5-3ec8-ae68-37fdfd9f9e31","name":"联合国救济总署旧址","type":"风景名胜;风景名胜相关;旅游景点","typecode":"110000","address":"黄浦路106号","location":"121.492570,31.244301","tel":"[]","pcode":310000,"pname":"上海市","citycode":21,"cityname":"上海市","adcode":310109,"adname":"虹口区","gridcode":4621639901,"distance":216,"business_area":"提篮桥","timestamp":"2023-04-11 18:23:37","biz_ext":"{\"rating\": \"4.0\", \"cost\": [], \"ticket_ordering\": \"0\"}","行业大类":"风景名胜","行业中类":"风景名胜相关","行业小类":"旅游景点","wgs84_loc":"121.488111,31.246291","wgs84Lng":121.488111,"wgs84Lat":31.246291,"__source_file__":"02-POI&AOI/1-POI/其它/23/Excel/分类/上海市-POI-2023.csv-风景名胜.csv"},"geometry":{"type":"Point","coordinates":[121.488111,31.246291]}},{"id":"3190","type":"Feature","properties":{"id":"d0c6256c-72b7-3978-bcdc-72039f0c48e2","name":"天主教上海教区耶稣圣心堂","type":"风景名胜;风景名胜;教堂","typecode":"110206","address":"南浔路246号","location":"121.492291,31.248429","tel":"021-63831790","pcode":310000,"pname":"上海市","citycode":21,"cityname":"上海市","adcode":310109,"adname":"虹口区","gridcode":4621639921,"distance":674,"business_area":"提篮桥","timestamp":"2023-05-14 23:27:08","biz_ext":"{\"rating\": \"4.3\", \"cost\": [], \"ticket_ordering\": \"0\"}","行业大类":"风景名胜","行业中类":"风景名胜","行业小类":"教堂","wgs84_loc":"121.48783,31.250417","wgs84Lng":121.48783,"wgs84Lat":31.250417,"__source_file__":"02-POI&AOI/1-POI/其它/23/Excel/分类/上海市-POI-2023.csv-风景名胜.csv"},"geometry":{"type":"Point","coordinates":[121.48783,31.250417]}},{"id":"286","type":"Feature","properties":{"id":"71040e5e-cb9c-3451-abfe-03721b7ce558","name":"圣芳济学院旧址","type":"风景名胜;风景名胜相关;旅游景点","typecode":"110000","address":"南浔路281号","location":"121.491820,31.248716","tel":"[]","pcode":310000,"pname":"上海市","citycode":21,"cityname":"上海市","adcode":310109,"adname":"虹口区","gridcode":4621639921,"distance":707,"business_area":"提篮桥","timestamp":"2023-03-16 15:23:48","biz_ext":"{\"rating\": \"2.9\", \"cost\": [], \"ticket_ordering\": \"0\"}","行业大类":"风景名胜","行业中类":"风景名胜相关","行业小类":"旅游景点","wgs84_loc":"121.487358,31.250702","wgs84Lng":121.487358,"wgs84Lat":31.250702,"__source_file__":"02-POI&AOI/1-POI/其它/23/Excel/分类/上海市-POI-2023.csv-风景名胜.csv"},"geometry":{"type":"Point","coordinates":[121.487358,31.250702]}},{"id":"565","type":"Feature","properties":{"id":"642ad162-1a29-3d83-9e53-29242f538b25","name":"1933老场坊","type":"风景名胜;风景名胜;省级景点","typecode":"110203","address":"溧阳路611号(近沙泾路)","location":"121.491884,31.254559","tel":"021-68881933","pcode":310000,"pname":"上海市","citycode":21,"cityname":"上海市","adcode":310109,"adname":"虹口区","gridcode":4621730911,"distance":746,"business_area":"四平路","timestamp":"2023-05-13 03:24:50","biz_ext":"{\"rating\": \"4.7\", \"cost\": [], \"ticket_ordering\": \"0\"}","行业大类":"风景名胜","行业中类":"风景名胜","行业小类":"省级景点","wgs84_loc":"121.487421,31.256543","wgs84Lng":121.487421,"wgs84Lat":31.256543,"__source_file__":"02-POI&AOI/1-POI/其它/23/Excel/分类/上海市-POI-2023.csv-风景名胜.csv"},"geometry":{"type":"Point","coordinates":[121.487421,31.256543]}},{"id":"5633","type":"Feature","properties":{"id":"9701c8fe-85f6-34e7-9802-9b0e98cfd95b","name":"WONDER问道景观","type":"风景名胜;风景名胜相关;旅游景点","typecode":"110000","address":"嘉兴路街道沙泾路10号1933老场坊1号楼1-234号","location":"121.492579,31.254739","tel":"[]","pcode":310000,"pname":"上海市","citycode":21,"cityname":"上海市","adcode":310109,"adname":"虹口区","gridcode":4621730911,"distance":765,"business_area":"提篮桥","timestamp":"2022-12-14 06:53:34","biz_ext":"{\"rating\": \"3.5\", \"cost\": [], \"ticket_ordering\": \"0\"}","行业大类":"风景名胜","行业中类":"风景名胜相关","行业小类":"旅游景点","wgs84_loc":"121.488119,31.256725","wgs84Lng":121.488119,"wgs84Lat":31.256725,"__source_file__":"02-POI&AOI/1-POI/其它/23/Excel/分类/上海市-POI-2023.csv-风景名胜.csv"},"geometry":{"type":"Point","coordinates":[121.488119,31.256725]}},{"id":"4230","type":"Feature","properties":{"id":"e89ac595-1bc5-33e1-b139-40bcca76986a","name":"牛道","type":"风景名胜;风景名胜相关;旅游景点","typecode":"110000","address":"溧阳路611号1933老场坊内(东北角)","location":"121.492435,31.254792","tel":"021-68881933","pcode":310000,"pname":"上海市","citycode":21,"cityname":"上海市","adcode":310109,"adname":"虹口区","gridcode":4621730911,"distance":1308,"business_area":"提篮桥","timestamp":"2023-05-12 12:03:42","biz_ext":"{\"rating\": \"2.8\", \"cost\": [], \"ticket_ordering\": \"0\"}","行业大类":"风景名胜","行业中类":"风景名胜相关","行业小类":"旅游景点","wgs84_loc":"121.487974,31.256777","wgs84Lng":121.487974,"wgs84Lat":31.256777,"__source_file__":"02-POI&AOI/1-POI/其它/23/Excel/分类/上海市-POI-2023.csv-风景名胜.csv"},"geometry":{"type":"Point","coordinates":[121.487974,31.256777]}},{"id":"2532","type":"Feature","properties":{"id":"b620d0a8-9829-3230-9d5d-19ae2f7ded53","name":"1933老场坊-伞形柱","type":"风景名胜;风景名胜相关;旅游景点","typecode":"110000","address":"沙泾路10号1933老场坊1-2层","location":"121.492265,31.254822","tel":"021-68881933","pcode":310000,"pname":"上海市","citycode":21,"cityname":"上海市","adcode":310109,"adname":"虹口区","gridcode":4621730911,"distance":1297,"business_area":"提篮桥","timestamp":"2023-05-12 12:39:38","biz_ext":"{\"rating\": \"3.9\", \"cost\": [], \"ticket_ordering\": \"0\"}","行业大类":"风景名胜","行业中类":"风景名胜相关","行业小类":"旅游景点","wgs84_loc":"121.487804,31.256807","wgs84Lng":121.487804,"wgs84Lat":31.256807,"__source_file__":"02-POI&AOI/1-POI/其它/23/Excel/分类/上海市-POI-2023.csv-风景名胜.csv"},"geometry":{"type":"Point","coordinates":[121.487804,31.256807]}},{"id":"5237","type":"Feature","properties":{"id":"6d9661cf-098f-38a5-bacc-e768451166ff","name":"童梦园","type":"风景名胜;公园广场;公园","typecode":"110101","address":"通州路355号(海伦路地铁站1号口步行490米)","location":"121.494756,31.258248","tel":"[]","pcode":310000,"pname":"上海市","citycode":21,"cityname":"上海市","adcode":310109,"adname":"虹口区","gridcode":4621730921,"distance":242,"business_area":"提篮桥","timestamp":"2023-04-24 14:54:13","biz_ext":"{\"rating\": \"3.6\", \"cost\": [], \"ticket_ordering\": \"0\"}","行业大类":"风景名胜","行业中类":"公园广场","行业小类":"公园","wgs84_loc":"121.490303,31.260239","wgs84Lng":121.490303,"wgs84Lat":31.260239,"__source_file__":"02-POI&AOI/1-POI/其它/23/Excel/分类/上海市-POI-2023.csv-风景名胜.csv"},"geometry":{"type":"Point","coordinates":[121.490303,31.260239]}},{"id":"404","type":"Feature","properties":{"id":"803f3f2b-5ea4-3216-befb-f11d8040807d","name":"汤公馆","type":"风景名胜;风景名胜;纪念馆","typecode":"110204","address":"四川北路2023弄35号","location":"121.482284,31.263999","tel":"[]","pcode":310000,"pname":"上海市","citycode":21,"cityname":"上海市","adcode":310109,"adname":"虹口区","gridcode":4621731821,"distance":99,"business_area":"宝山路","timestamp":"2023-04-22 17:13:50","biz_ext":"{\"rating\": \"3.7\", \"cost\": [], \"ticket_ordering\": \"0\"}","行业大类":"风景名胜","行业中类":"风景名胜","行业小类":"纪念馆","wgs84_loc":"121.477787,31.26595","wgs84Lng":121.477787,"wgs84Lat":31.26595,"__source_file__":"02-POI&AOI/1-POI/其它/23/Excel/分类/上海市-POI-2023.csv-风景名胜.csv"},"geometry":{"type":"Point","coordinates":[121.477787,31.26595]}},{"id":"2131","type":"Feature","properties":{"id":"d6ffccbc-0291-313d-9fb1-a0eed560ea3a","name":"白公馆(不对外开放)","type":"风景名胜;风景名胜;风景名胜","typecode":"110200","address":"多伦路210号","location":"121.481871,31.264023","tel":"[]","pcode":310000,"pname":"上海市","citycode":21,"cityname":"上海市","adcode":310109,"adname":"虹口区","gridcode":4621731821,"distance":63,"business_area":"宝山路","timestamp":"2022-09-09 13:52:23","biz_ext":"{\"rating\": \"4.7\", \"cost\": [], \"ticket_ordering\": \"0\"}","行业大类":"风景名胜","行业中类":"风景名胜","行业小类":"风景名胜","wgs84_loc":"121.477372,31.265973","wgs84Lng":121.477372,"wgs84Lat":31.265973,"__source_file__":"02-POI&AOI/1-POI/其它/23/Excel/分类/上海市-POI-2023.csv-风景名胜.csv"},"geometry":{"type":"Point","coordinates":[121.477372,31.265973]}},{"id":"5946","type":"Feature","properties":{"id":"6095d249-0d4f-33ad-b3ce-a27d4f45ef6c","name":"瞿秋白雕像","type":"风景名胜;风景名胜相关;旅游景点","typecode":"110000","address":"多伦路文化名人街","location":"121.481573,31.264027","tel":"[]","pcode":310000,"pname":"上海市","citycode":21,"cityname":"上海市","adcode":310109,"adname":"虹口区","gridcode":4621731821,"distance":42,"business_area":"宝山路","timestamp":"2022-12-30 22:58:56","biz_ext":"{\"rating\": \"3.5\", \"cost\": [], \"ticket_ordering\": \"0\"}","行业大类":"风景名胜","行业中类":"风景名胜相关","行业小类":"旅游景点","wgs84_loc":"121.477073,31.265976","wgs84Lng":121.477073,"wgs84Lat":31.265976,"__source_file__":"02-POI&AOI/1-POI/其它/23/Excel/分类/上海市-POI-2023.csv-风景名胜.csv"},"geometry":{"type":"Point","coordinates":[121.477073,31.265976]}},{"id":"403","type":"Feature","properties":{"id":"f2a1cde6-050b-31cb-844f-4f3234bc33e2","name":"多伦路250号住宅孔公馆","type":"风景名胜;风景名胜;风景名胜","typecode":"110200","address":"四川北路2099-2101号附近","location":"121.481856,31.264536","tel":"[]","pcode":310000,"pname":"上海市","citycode":21,"cityname":"上海市","adcode":310109,"adname":"虹口区","gridcode":4621731821,"distance":55,"business_area":"宝山路","timestamp":"2023-05-08 17:21:27","biz_ext":"{\"rating\": \"4.1\", \"cost\": [], \"ticket_ordering\": \"0\"}","行业大类":"风景名胜","行业中类":"风景名胜","行业小类":"风景名胜","wgs84_loc":"121.477357,31.266486","wgs84Lng":121.477357,"wgs84Lat":31.266486,"__source_file__":"02-POI&AOI/1-POI/其它/23/Excel/分类/上海市-POI-2023.csv-风景名胜.csv"},"geometry":{"type":"Point","coordinates":[121.477357,31.266486]}},{"id":"4960","type":"Feature","properties":{"id":"e412435c-d6cb-390a-8399-3e298017f15c","name":"冯雪峰拉摩斯公寓旧居","type":"风景名胜;风景名胜;红色景区","typecode":"110210","address":"四川北路2099号","location":"121.482176,31.264588","tel":"[]","pcode":310000,"pname":"上海市","citycode":21,"cityname":"上海市","adcode":310109,"adname":"虹口区","gridcode":4621731821,"distance":85,"business_area":"宝山路","timestamp":"2023-01-16 20:44:37","biz_ext":"{\"rating\": \"3.6\", \"cost\": [], \"ticket_ordering\": \"0\"}","行业大类":"风景名胜","行业中类":"风景名胜","行业小类":"红色景区","wgs84_loc":"121.477678,31.266539","wgs84Lng":121.477678,"wgs84Lat":31.266539,"__source_file__":"02-POI&AOI/1-POI/其它/23/Excel/分类/上海市-POI-2023.csv-风景名胜.csv"},"geometry":{"type":"Point","coordinates":[121.477678,31.266539]}},{"id":"320","type":"Feature","properties":{"id":"5fd4d3e1-c068-36ff-a258-0772267e8890","name":"内山书店旧址","type":"风景名胜;风景名胜相关;旅游景点","typecode":"110000","address":"四川北路2050号(四川北路甜爱路)","location":"121.483686,31.264765","tel":"[]","pcode":310000,"pname":"上海市","citycode":21,"cityname":"上海市","adcode":310109,"adname":"虹口区","gridcode":4621731822,"distance":229,"business_area":"宝山路","timestamp":"2023-05-01 18:47:31","biz_ext":"{\"rating\": \"4.7\", \"cost\": [], \"ticket_ordering\": \"0\"}","行业大类":"风景名胜","行业中类":"风景名胜相关","行业小类":"旅游景点","wgs84_loc":"121.479194,31.26672","wgs84Lng":121.479194,"wgs84Lat":31.26672,"__source_file__":"02-POI&AOI/1-POI/其它/23/Excel/分类/上海市-POI-2023.csv-风景名胜.csv"},"geometry":{"type":"Point","coordinates":[121.479194,31.26672]}},{"id":"1560","type":"Feature","properties":{"id":"b8cfac2c-a667-3062-b513-82e82e9104fd","name":"西童公学旧址","type":"风景名胜;风景名胜相关;旅游景点","typecode":"110000","address":"四川北路2066号","location":"121.483133,31.264771","tel":"[]","pcode":310000,"pname":"上海市","citycode":21,"cityname":"上海市","adcode":310109,"adname":"虹口区","gridcode":4621731821,"distance":178,"business_area":"宝山路","timestamp":"2023-01-16 20:32:32","biz_ext":"{\"rating\": \"3.6\", \"cost\": [], \"ticket_ordering\": \"0\"}","行业大类":"风景名胜","行业中类":"风景名胜相关","行业小类":"旅游景点","wgs84_loc":"121.478639,31.266724","wgs84Lng":121.478639,"wgs84Lat":31.266724,"__source_file__":"02-POI&AOI/1-POI/其它/23/Excel/分类/上海市-POI-2023.csv-风景名胜.csv"},"geometry":{"type":"Point","coordinates":[121.478639,31.266724]}},{"id":"617","type":"Feature","properties":{"id":"a781dd4e-de2d-3257-8d25-f79063c78d3c","name":"日本海军特别陆战队司令部旧址","type":"风景名胜;风景名胜;风景名胜","typecode":"110200","address":"黄渡路8-6号","location":"121.481607,31.265870","tel":"[]","pcode":310000,"pname":"上海市","citycode":21,"cityname":"上海市","adcode":310109,"adname":"虹口区","gridcode":4621731821,"distance":172,"business_area":"江湾","timestamp":"2023-03-27 21:57:08","biz_ext":"{\"rating\": \"4.4\", \"cost\": [], \"ticket_ordering\": \"0\"}","行业大类":"风景名胜","行业中类":"风景名胜","行业小类":"风景名胜","wgs84_loc":"121.477107,31.267819","wgs84Lng":121.477107,"wgs84Lat":31.267819,"__source_file__":"02-POI&AOI/1-POI/其它/23/Excel/分类/上海市-POI-2023.csv-风景名胜.csv"},"geometry":{"type":"Point","coordinates":[121.477107,31.267819]}},{"id":"132","type":"Feature","properties":{"id":"2d46c12a-0f18-3ad5-95eb-17856a7ca57e","name":"鲁迅故居","type":"风景名胜;风景名胜;红色景区","typecode":"110210","address":"山阴路132弄大陆新邨9号","location":"121.484647,31.266045","tel":"021-56662608","pcode":310000,"pname":"上海市","citycode":21,"cityname":"上海市","adcode":310109,"adname":"虹口区","gridcode":4621731822,"distance":368,"business_area":"江湾","timestamp":"2023-05-13 09:32:07","biz_ext":"{\"rating\": \"3.9\", \"cost\": \"8.00\", \"ticket_ordering\": \"0\"}","行业大类":"风景名胜","行业中类":"风景名胜","行业小类":"红色景区","wgs84_loc":"121.480158,31.268002","wgs84Lng":121.480158,"wgs84Lat":31.268002,"__source_file__":"02-POI&AOI/1-POI/其它/23/Excel/分类/上海市-POI-2023.csv-风景名胜.csv"},"geometry":{"type":"Point","coordinates":[121.480158,31.268002]}},{"id":"4805","type":"Feature","properties":{"id":"3eaf0180-a11f-361e-99aa-7b9137869ef7","name":"茅盾大陆新村旧居","type":"风景名胜;风景名胜相关;旅游景点","typecode":"110000","address":"山阴路132弄6号","location":"121.484429,31.266106","tel":"[]","pcode":310000,"pname":"上海市","citycode":21,"cityname":"上海市","adcode":310109,"adname":"虹口区","gridcode":4621731822,"distance":354,"business_area":"江湾","timestamp":"2023-05-10 17:50:17","biz_ext":"{\"rating\": \"3.7\", \"cost\": [], \"ticket_ordering\": \"0\"}","行业大类":"风景名胜","行业中类":"风景名胜相关","行业小类":"旅游景点","wgs84_loc":"121.479939,31.268063","wgs84Lng":121.479939,"wgs84Lat":31.268063,"__source_file__":"02-POI&AOI/1-POI/其它/23/Excel/分类/上海市-POI-2023.csv-风景名胜.csv"},"geometry":{"type":"Point","coordinates":[121.479939,31.268063]}},{"id":"443","type":"Feature","properties":{"id":"7c0dae3c-116e-328f-bec0-49be9b59a5a4","name":"上海工部局宰牲场旧址","type":"风景名胜;风景名胜相关;旅游景点","typecode":"110000","address":"沙泾路29号","location":"121.491282,31.254696","tel":"[]","pcode":310000,"pname":"上海市","citycode":21,"cityname":"上海市","adcode":310109,"adname":"虹口区","gridcode":4621730910,"distance":1215,"business_area":"提篮桥","timestamp":"2023-04-22 11:27:46","biz_ext":"{\"rating\": \"3.9\", \"cost\": [], \"ticket_ordering\": \"0\"}","行业大类":"风景名胜","行业中类":"风景名胜相关","行业小类":"旅游景点","wgs84_loc":"121.486817,31.256678","wgs84Lng":121.486817,"wgs84Lat":31.256678,"__source_file__":"02-POI&AOI/1-POI/其它/23/Excel/分类/上海市-POI-2023.csv-风景名胜.csv"},"geometry":{"type":"Point","coordinates":[121.486817,31.256678]}},{"id":"6012","type":"Feature","properties":{"id":"267bc900-3f2a-31c2-8057-a66a15bfa67a","name":"鲤鱼戏水","type":"风景名胜;风景名胜相关;旅游景点","typecode":"110000","address":"哈尔滨路155号半岛湾时尚文化创意产业园","location":"121.488797,31.255145","tel":"[]","pcode":310000,"pname":"上海市","citycode":21,"cityname":"上海市","adcode":310109,"adname":"虹口区","gridcode":4621730910,"distance":530,"business_area":"四平路","timestamp":"2022-12-30 19:09:32","biz_ext":"{\"rating\": \"2.7\", \"cost\": [], \"ticket_ordering\": \"0\"}","行业大类":"风景名胜","行业中类":"风景名胜相关","行业小类":"旅游景点","wgs84_loc":"121.484323,31.257119","wgs84Lng":121.484323,"wgs84Lat":31.257119,"__source_file__":"02-POI&AOI/1-POI/其它/23/Excel/分类/上海市-POI-2023.csv-风景名胜.csv"},"geometry":{"type":"Point","coordinates":[121.484323,31.257119]}},{"id":"5920","type":"Feature","properties":{"id":"0ce93f67-c84b-34cd-ab4e-3c70566699a9","name":"音乐装置墙","type":"风景名胜;风景名胜相关;旅游景点","typecode":"110000","address":"哈尔滨路155号半岛湾时尚文化创意产业园","location":"121.488662,31.255167","tel":"[]","pcode":310000,"pname":"上海市","citycode":21,"cityname":"上海市","adcode":310109,"adname":"虹口区","gridcode":4621730910,"distance":1071,"business_area":"四平路","timestamp":"2022-11-21 22:54:59","biz_ext":"{\"rating\": \"2.5\", \"cost\": [], \"ticket_ordering\": \"0\"}","行业大类":"风景名胜","行业中类":"风景名胜相关","行业小类":"旅游景点","wgs84_loc":"121.484188,31.257141","wgs84Lng":121.484188,"wgs84Lat":31.257141,"__source_file__":"02-POI&AOI/1-POI/其它/23/Excel/分类/上海市-POI-2023.csv-风景名胜.csv"},"geometry":{"type":"Point","coordinates":[121.484188,31.257141]}},{"id":"6407","type":"Feature","properties":{"id":"0fb866d0-fb4c-327c-ac56-d79ce3d39333","name":"百年石阶","type":"风景名胜;风景名胜相关;旅游景点","typecode":"110000","address":"哈尔滨路160号老洋行1913(近海伦路)","location":"121.490177,31.255638","tel":"[]","pcode":310000,"pname":"上海市","citycode":21,"cityname":"上海市","adcode":310109,"adname":"虹口区","gridcode":4621730920,"distance":411,"business_area":"四平路","timestamp":"2023-03-09 13:31:18","biz_ext":"{\"rating\": \"3.5\", \"cost\": [], \"ticket_ordering\": \"0\"}","行业大类":"风景名胜","行业中类":"风景名胜相关","行业小类":"旅游景点","wgs84_loc":"121.485708,31.257616","wgs84Lng":121.485708,"wgs84Lat":31.257616,"__source_file__":"02-POI&AOI/1-POI/其它/23/Excel/分类/上海市-POI-2023.csv-风景名胜.csv"},"geometry":{"type":"Point","coordinates":[121.485708,31.257616]}},{"id":"5530","type":"Feature","properties":{"id":"f8dc2571-921a-3c40-8a39-da5f6d41b465","name":"希腊里拉琴雕塑","type":"风景名胜;风景名胜相关;旅游景点","typecode":"110000","address":"溧阳路735号半岛湾时尚文化创意产业园3号楼","location":"121.489389,31.255700","tel":"[]","pcode":310000,"pname":"上海市","citycode":21,"cityname":"上海市","adcode":310109,"adname":"虹口区","gridcode":4621730920,"distance":1750,"business_area":"四平路","timestamp":"2022-11-21 21:52:49","biz_ext":"{\"rating\": \"3.4\", \"cost\": [], \"ticket_ordering\": \"0\"}","行业大类":"风景名胜","行业中类":"风景名胜相关","行业小类":"旅游景点","wgs84_loc":"121.484917,31.257676","wgs84Lng":121.484917,"wgs84Lat":31.257676,"__source_file__":"02-POI&AOI/1-POI/其它/23/Excel/分类/上海市-POI-2023.csv-风景名胜.csv"},"geometry":{"type":"Point","coordinates":[121.484917,31.257676]}},{"id":"2415","type":"Feature","properties":{"id":"d239bab5-ea46-3e87-8a51-cf281d669ea8","name":"上海音乐谷","type":"风景名胜;风景名胜;省级景点|公司企业;公司;公司","typecode":"110203|170200","address":"溧阳路611号1933老场坊2号楼","location":"121.490313,31.256044","tel":"[]","pcode":310000,"pname":"上海市","citycode":21,"cityname":"上海市","adcode":310109,"adname":"虹口区","gridcode":4621730910,"distance":354,"business_area":"四平路","timestamp":"2023-05-12 01:53:20","biz_ext":"{\"rating\": \"4.7\", \"cost\": \"64.00\", \"ticket_ordering\": \"0\"}","行业大类":"风景名胜","行业中类":"风景名胜","行业小类":"省级景点|公司企业","wgs84_loc":"121.485845,31.258022","wgs84Lng":121.485845,"wgs84Lat":31.258022,"__source_file__":"02-POI&AOI/1-POI/其它/23/Excel/分类/上海市-POI-2023.csv-风景名胜.csv"},"geometry":{"type":"Point","coordinates":[121.485845,31.258022]}},{"id":"5031","type":"Feature","properties":{"id":"e7e7c7e3-d8da-36f8-873a-a734c7773d2a","name":"公共租界虹口巡捕房附属公寓楼旧址","type":"风景名胜;风景名胜相关;旅游景点","typecode":"110000","address":"哈尔滨路与海伦路交叉口南20米","location":"121.490774,31.257405","tel":"[]","pcode":310000,"pname":"上海市","citycode":21,"cityname":"上海市","adcode":310109,"adname":"虹口区","gridcode":4621730920,"distance":1391,"business_area":"四平路","timestamp":"2023-01-16 20:42:49","biz_ext":"{\"rating\": \"3.7\", \"cost\": [], \"ticket_ordering\": \"0\"}","行业大类":"风景名胜","行业中类":"风景名胜相关","行业小类":"旅游景点","wgs84_loc":"121.486307,31.259384","wgs84Lng":121.486307,"wgs84Lat":31.259384,"__source_file__":"02-POI&AOI/1-POI/其它/23/Excel/分类/上海市-POI-2023.csv-风景名胜.csv"},"geometry":{"type":"Point","coordinates":[121.486307,31.259384]}},{"id":"5628","type":"Feature","properties":{"id":"636208de-321e-3cb3-b1c9-2aa8d94c3d1a","name":"上海总工会秘密办公机关旧址","type":"风景名胜;风景名胜相关;旅游景点","typecode":"110000","address":"金融街(海伦)中心A座(海伦路地铁站3号口旁)","location":"121.489077,31.258465","tel":"[]","pcode":310000,"pname":"上海市","citycode":21,"cityname":"上海市","adcode":310109,"adname":"虹口区","gridcode":4621731900,"distance":310,"business_area":"四平路","timestamp":"2022-09-08 11:16:17","biz_ext":"{\"rating\": \"3.2\", \"cost\": [], \"ticket_ordering\": \"0\"}","行业大类":"风景名胜","行业中类":"风景名胜相关","行业小类":"旅游景点","wgs84_loc":"121.484604,31.260439","wgs84Lng":121.484604,"wgs84Lat":31.260439,"__source_file__":"02-POI&AOI/1-POI/其它/23/Excel/分类/上海市-POI-2023.csv-风景名胜.csv"},"geometry":{"type":"Point","coordinates":[121.484604,31.260439]}},{"id":"6254","type":"Feature","properties":{"id":"2b8a6c1e-d698-3056-93a0-bf97c7758f85","name":"百草园","type":"风景名胜;公园广场;公园","typecode":"110101","address":"四平路西侧从海伦路到邢家桥北路","location":"121.488691,31.260081","tel":"[]","pcode":310000,"pname":"上海市","citycode":21,"cityname":"上海市","adcode":310109,"adname":"虹口区","gridcode":4621731900,"distance":370,"business_area":"[]","timestamp":"2023-05-12 11:53:01","biz_ext":"{\"rating\": \"4.1\", \"cost\": [], \"ticket_ordering\": \"0\"}","行业大类":"风景名胜","行业中类":"公园广场","行业小类":"公园","wgs84_loc":"121.484217,31.262053","wgs84Lng":121.484217,"wgs84Lat":31.262053,"__source_file__":"02-POI&AOI/1-POI/其它/23/Excel/分类/上海市-POI-2023.csv-风景名胜.csv"},"geometry":{"type":"Point","coordinates":[121.484217,31.262053]}},{"id":"4435","type":"Feature","properties":{"id":"9272292f-3aeb-30c1-821a-c0b52929dbbb","name":"鲁迅存书室旧址","type":"风景名胜;风景名胜相关;旅游景点","typecode":"110000","address":"溧阳路1359号二楼","location":"121.485373,31.263710","tel":"[]","pcode":310000,"pname":"上海市","citycode":21,"cityname":"上海市","adcode":310109,"adname":"虹口区","gridcode":4621731812,"distance":391,"business_area":"宝山路","timestamp":"2023-04-19 15:10:13","biz_ext":"{\"rating\": \"3.8\", \"cost\": [], \"ticket_ordering\": \"0\"}","行业大类":"风景名胜","行业中类":"风景名胜相关","行业小类":"旅游景点","wgs84_loc":"121.480887,31.26567","wgs84Lng":121.480887,"wgs84Lat":31.26567,"__source_file__":"02-POI&AOI/1-POI/其它/23/Excel/分类/上海市-POI-2023.csv-风景名胜.csv"},"geometry":{"type":"Point","coordinates":[121.480887,31.26567]}},{"id":"6207","type":"Feature","properties":{"id":"e92008e1-b2a8-3be0-a578-99d9ff905934","name":"翦伯赞故居","type":"风景名胜;风景名胜;纪念馆","typecode":"110204","address":"溧阳路1377弄","location":"121.485091,31.263759","tel":"[]","pcode":310000,"pname":"上海市","citycode":21,"cityname":"上海市","adcode":310109,"adname":"虹口区","gridcode":4621731812,"distance":364,"business_area":"宝山路","timestamp":"2023-03-29 14:08:47","biz_ext":"{\"rating\": \"3.5\", \"cost\": [], \"ticket_ordering\": \"0\"}","行业大类":"风景名胜","行业中类":"风景名胜","行业小类":"纪念馆","wgs84_loc":"121.480604,31.265719","wgs84Lng":121.480604,"wgs84Lat":31.265719,"__source_file__":"02-POI&AOI/1-POI/其它/23/Excel/分类/上海市-POI-2023.csv-风景名胜.csv"},"geometry":{"type":"Point","coordinates":[121.480604,31.265719]}},{"id":"405","type":"Feature","properties":{"id":"fcbcdd9b-b8b9-37c3-9eb4-256c8cf03c66","name":"关紫兰旧居","type":"风景名胜;风景名胜;纪念馆","typecode":"110204","address":"溧阳路1333弄1-3号","location":"121.485975,31.263768","tel":"[]","pcode":310000,"pname":"上海市","citycode":21,"cityname":"上海市","adcode":310109,"adname":"虹口区","gridcode":4621731812,"distance":447,"business_area":"宝山路","timestamp":"2023-05-15 09:03:30","biz_ext":"{\"rating\": \"3.7\", \"cost\": [], \"ticket_ordering\": \"0\"}","行业大类":"风景名胜","行业中类":"风景名胜","行业小类":"纪念馆","wgs84_loc":"121.481491,31.26573","wgs84Lng":121.481491,"wgs84Lat":31.26573,"__source_file__":"02-POI&AOI/1-POI/其它/23/Excel/分类/上海市-POI-2023.csv-风景名胜.csv"},"geometry":{"type":"Point","coordinates":[121.481491,31.26573]}},{"id":"3086","type":"Feature","properties":{"id":"3a7326c0-d802-3f71-b05d-5fcc2b10a80c","name":"曹聚仁旧居","type":"风景名胜;风景名胜;纪念馆","typecode":"110204","address":"溧阳路与长春路交叉口东北80米","location":"121.485740,31.264145","tel":"[]","pcode":310000,"pname":"上海市","citycode":21,"cityname":"上海市","adcode":310109,"adname":"虹口区","gridcode":4621731822,"distance":420,"business_area":"宝山路","timestamp":"2023-04-26 19:34:35","biz_ext":"{\"rating\": \"3.5\", \"cost\": [], \"ticket_ordering\": \"0\"}","行业大类":"风景名胜","行业中类":"风景名胜","行业小类":"纪念馆","wgs84_loc":"121.481255,31.266106","wgs84Lng":121.481255,"wgs84Lat":31.266106,"__source_file__":"02-POI&AOI/1-POI/其它/23/Excel/分类/上海市-POI-2023.csv-风景名胜.csv"},"geometry":{"type":"Point","coordinates":[121.481255,31.266106]}},{"id":"4873","type":"Feature","properties":{"id":"0a511d9a-01d9-374f-b631-2f1b77cb4720","name":"中共上海区委(江浙区委)机关旧址","type":"风景名胜;风景名胜;红色景区|风景名胜;风景名胜相关;旅游景点","typecode":"110210|110000","address":"山阴路69弄69、70号","location":"121.485335,31.265072","tel":"[]","pcode":310000,"pname":"上海市","citycode":21,"cityname":"上海市","adcode":310109,"adname":"虹口区","gridcode":4621731822,"distance":390,"business_area":"宝山路","timestamp":"2023-01-16 20:30:53","biz_ext":"{\"rating\": \"3.6\", \"cost\": [], \"ticket_ordering\": \"0\"}","行业大类":"风景名胜","行业中类":"风景名胜","行业小类":"红色景区|风景名胜","wgs84_loc":"121.480848,31.267032","wgs84Lng":121.480848,"wgs84Lat":31.267032,"__source_file__":"02-POI&AOI/1-POI/其它/23/Excel/分类/上海市-POI-2023.csv-风景名胜.csv"},"geometry":{"type":"Point","coordinates":[121.480848,31.267032]}},{"id":"483","type":"Feature","properties":{"id":"6c65d6e0-228b-369d-b433-47922801397b","name":"1927年中共江苏省委旧址","type":"风景名胜;风景名胜;红色景区|风景名胜;风景名胜;风景名胜","typecode":"110210|110200","address":"山阴路69弄90号","location":"121.485298,31.265187","tel":"[]","pcode":310000,"pname":"上海市","citycode":21,"cityname":"上海市","adcode":310109,"adname":"虹口区","gridcode":4621731822,"distance":389,"business_area":"宝山路","timestamp":"2023-04-26 19:38:00","biz_ext":"{\"rating\": \"3.7\", \"cost\": [], \"ticket_ordering\": \"0\"}","行业大类":"风景名胜","行业中类":"风景名胜","行业小类":"红色景区|风景名胜","wgs84_loc":"121.480811,31.267147","wgs84Lng":121.480811,"wgs84Lat":31.267147,"__source_file__":"02-POI&AOI/1-POI/其它/23/Excel/分类/上海市-POI-2023.csv-风景名胜.csv"},"geometry":{"type":"Point","coordinates":[121.480811,31.267147]}},{"id":"5491","type":"Feature","properties":{"id":"291adc57-5f5d-356c-b398-7b4d4a81067d","name":"瞿秋白寓所旧址","type":"风景名胜;风景名胜相关;旅游景点","typecode":"110000","address":"山阴路133弄12(吉祥路山阴路)","location":"121.485290,31.265928","tel":"[]","pcode":310000,"pname":"上海市","citycode":21,"cityname":"上海市","adcode":310109,"adname":"虹口区","gridcode":4621731822,"distance":416,"business_area":"宝山路","timestamp":"2023-04-26 19:45:56","biz_ext":"{\"rating\": \"3.4\", \"cost\": [], \"ticket_ordering\": \"0\"}","行业大类":"风景名胜","行业中类":"风景名胜相关","行业小类":"旅游景点","wgs84_loc":"121.480803,31.267887","wgs84Lng":121.480803,"wgs84Lat":31.267887,"__source_file__":"02-POI&AOI/1-POI/其它/23/Excel/分类/上海市-POI-2023.csv-风景名胜.csv"},"geometry":{"type":"Point","coordinates":[121.480803,31.267887]}},{"id":"1327","type":"Feature","properties":{"id":"abf9289f-2170-3d1d-ac46-3fa5068d88c9","name":"瞿秋白旧居","type":"风景名胜;风景名胜;红色景区","typecode":"110210","address":"山阴路133弄12号","location":"121.484836,31.266085","tel":"[]","pcode":310000,"pname":"上海市","citycode":21,"cityname":"上海市","adcode":310109,"adname":"虹口区","gridcode":4621731822,"distance":386,"business_area":"宝山路","timestamp":"2023-01-28 17:07:49","biz_ext":"{\"rating\": [], \"cost\": [], \"ticket_ordering\": \"0\"}","行业大类":"风景名胜","行业中类":"风景名胜","行业小类":"红色景区","wgs84_loc":"121.480348,31.268043","wgs84Lng":121.480348,"wgs84Lat":31.268043,"__source_file__":"02-POI&AOI/1-POI/其它/23/Excel/分类/上海市-POI-2023.csv-风景名胜.csv"},"geometry":{"type":"Point","coordinates":[121.480348,31.268043]}},{"id":"3865","type":"Feature","properties":{"id":"6cdfceff-1f9a-3f7a-a56f-c02b94728e2d","name":"曾联松旧居","type":"风景名胜;风景名胜;纪念馆","typecode":"110204","address":"山阴路大陆新邨","location":"121.484935,31.266271","tel":"[]","pcode":310000,"pname":"上海市","citycode":21,"cityname":"上海市","adcode":310109,"adname":"虹口区","gridcode":4621731822,"distance":405,"business_area":"宝山路","timestamp":"2023-05-12 19:16:34","biz_ext":"{\"rating\": \"3.5\", \"cost\": [], \"ticket_ordering\": \"0\"}","行业大类":"风景名胜","行业中类":"风景名胜","行业小类":"纪念馆","wgs84_loc":"121.480447,31.268229","wgs84Lng":121.480447,"wgs84Lat":31.268229,"__source_file__":"02-POI&AOI/1-POI/其它/23/Excel/分类/上海市-POI-2023.csv-风景名胜.csv"},"geometry":{"type":"Point","coordinates":[121.480447,31.268229]}},{"id":"651","type":"Feature","properties":{"id":"baf50b89-7cae-3fe1-a792-b4914363c452","name":"甜爱路","type":"风景名胜;风景名胜;风景名胜","typecode":"110200","address":"甜爱路与甜爱支路交叉口南60米","location":"121.483923,31.267649","tel":"[]","pcode":310000,"pname":"上海市","citycode":21,"cityname":"上海市","adcode":310109,"adname":"虹口区","gridcode":4621732802,"distance":443,"business_area":"江湾","timestamp":"2023-05-13 21:24:03","biz_ext":"{\"rating\": \"4.6\", \"cost\": [], \"ticket_ordering\": \"0\"}","行业大类":"风景名胜","行业中类":"风景名胜","行业小类":"风景名胜","wgs84_loc":"121.479431,31.269604","wgs84Lng":121.479431,"wgs84Lat":31.269604,"__source_file__":"02-POI&AOI/1-POI/其它/23/Excel/分类/上海市-POI-2023.csv-风景名胜.csv"},"geometry":{"type":"Point","coordinates":[121.479431,31.269604]}},{"id":"485","type":"Feature","properties":{"id":"31091552-40af-3526-a520-f017b437a327","name":"李白烈士故居","type":"风景名胜;风景名胜;风景名胜","typecode":"110200","address":"黄渡路107弄15号(虹口足球场地铁站1号口步行290米)","location":"121.481397,31.268021","tel":"021-56960680","pcode":310000,"pname":"上海市","citycode":21,"cityname":"上海市","adcode":310109,"adname":"虹口区","gridcode":4621732801,"distance":409,"business_area":"江湾","timestamp":"2023-05-15 10:31:38","biz_ext":"{\"rating\": \"4.5\", \"cost\": [], \"ticket_ordering\": \"0\"}","行业大类":"风景名胜","行业中类":"风景名胜","行业小类":"风景名胜","wgs84_loc":"121.476896,31.269968","wgs84Lng":121.476896,"wgs84Lat":31.269968,"__source_file__":"02-POI&AOI/1-POI/其它/23/Excel/分类/上海市-POI-2023.csv-风景名胜.csv"},"geometry":{"type":"Point","coordinates":[121.476896,31.269968]}},{"id":"3171","type":"Feature","properties":{"id":"20fb52a1-6a7d-360d-9051-f5071f11e4f9","name":"世界文豪广场","type":"风景名胜;公园广场;城市广场","typecode":"110105","address":"四川北路2288号鲁迅公园内(南侧)","location":"121.483354,31.269109","tel":"021-65401561","pcode":310000,"pname":"上海市","citycode":21,"cityname":"上海市","adcode":310109,"adname":"虹口区","gridcode":4621732802,"distance":1158,"business_area":"曲阳","timestamp":"2023-02-25 15:29:15","biz_ext":"{\"rating\": \"3.9\", \"cost\": [], \"ticket_ordering\": \"0\"}","行业大类":"风景名胜","行业中类":"公园广场","行业小类":"城市广场","wgs84_loc":"121.47886,31.271061","wgs84Lng":121.47886,"wgs84Lat":31.271061,"__source_file__":"02-POI&AOI/1-POI/其它/23/Excel/分类/上海市-POI-2023.csv-风景名胜.csv"},"geometry":{"type":"Point","coordinates":[121.47886,31.271061]}},{"id":"218","type":"Feature","properties":{"id":"cf57ace5-4b3e-3645-95dc-9b5e319bec96","name":"鲁迅纪念馆办公室","type":"风景名胜;风景名胜;纪念馆","typecode":"110204","address":"甜爱路100、200","location":"121.484202,31.269276","tel":"021-65401561","pcode":310000,"pname":"上海市","citycode":21,"cityname":"上海市","adcode":310109,"adname":"虹口区","gridcode":4621732802,"distance":1393,"business_area":"江湾","timestamp":"2023-03-24 16:58:14","biz_ext":"{\"rating\": [], \"cost\": [], \"ticket_ordering\": \"0\"}","行业大类":"风景名胜","行业中类":"风景名胜","行业小类":"纪念馆","wgs84_loc":"121.479711,31.271231","wgs84Lng":121.479711,"wgs84Lat":31.271231,"__source_file__":"02-POI&AOI/1-POI/其它/23/Excel/分类/上海市-POI-2023.csv-风景名胜.csv"},"geometry":{"type":"Point","coordinates":[121.479711,31.271231]}},{"id":"110","type":"Feature","properties":{"id":"12ee0368-bf7d-3bd3-926d-f3e990a4cfb8","name":"鲁迅纪念馆","type":"风景名胜;风景名胜;风景名胜","typecode":"110200","address":"甜爱路200号","location":"121.483843,31.269682","tel":"021-65402288","pcode":310000,"pname":"上海市","citycode":21,"cityname":"上海市","adcode":310109,"adname":"虹口区","gridcode":4621732812,"distance":1229,"business_area":"曲阳","timestamp":"2023-05-13 03:50:10","biz_ext":"{\"rating\": [], \"cost\": [], \"ticket_ordering\": \"0\"}","行业大类":"风景名胜","行业中类":"风景名胜","行业小类":"风景名胜","wgs84_loc":"121.479351,31.271635","wgs84Lng":121.479351,"wgs84Lat":31.271635,"__source_file__":"02-POI&AOI/1-POI/其它/23/Excel/分类/上海市-POI-2023.csv-风景名胜.csv"},"geometry":{"type":"Point","coordinates":[121.479351,31.271635]}},{"id":"3116","type":"Feature","properties":{"id":"8974877c-ab68-351a-b00a-34d25e427f20","name":"鲁迅纪念亭","type":"风景名胜;风景名胜相关;旅游景点","typecode":"110000","address":"四川北路2288号鲁迅公园内(西南角)","location":"121.482686,31.270305","tel":"021-65401561","pcode":310000,"pname":"上海市","citycode":21,"cityname":"上海市","adcode":310109,"adname":"虹口区","gridcode":4621732811,"distance":1281,"business_area":"曲阳","timestamp":"2023-04-16 18:54:10","biz_ext":"{\"rating\": \"4.1\", \"cost\": [], \"ticket_ordering\": \"0\"}","行业大类":"风景名胜","行业中类":"风景名胜相关","行业小类":"旅游景点","wgs84_loc":"121.47819,31.272255","wgs84Lng":121.47819,"wgs84Lat":31.272255,"__source_file__":"02-POI&AOI/1-POI/其它/23/Excel/分类/上海市-POI-2023.csv-风景名胜.csv"},"geometry":{"type":"Point","coordinates":[121.47819,31.272255]}},{"id":"918","type":"Feature","properties":{"id":"e5cc40de-1547-38e1-a94a-3a065f6c09d3","name":"鲁迅公园-垂钓中心","type":"风景名胜;公园广场;公园","typecode":"110101","address":"四川北路2288号鲁迅公园(东南角)","location":"121.484570,31.271028","tel":"[]","pcode":310000,"pname":"上海市","citycode":21,"cityname":"上海市","adcode":310109,"adname":"虹口区","gridcode":4621732812,"distance":1390,"business_area":"曲阳","timestamp":"2023-05-09 05:27:58","biz_ext":"{\"rating\": \"4.3\", \"cost\": \"49.00\", \"ticket_ordering\": \"0\"}","行业大类":"风景名胜","行业中类":"公园广场","行业小类":"公园","wgs84_loc":"121.48008,31.272983","wgs84Lng":121.48008,"wgs84Lat":31.272983,"__source_file__":"02-POI&AOI/1-POI/其它/23/Excel/分类/上海市-POI-2023.csv-风景名胜.csv"},"geometry":{"type":"Point","coordinates":[121.48008,31.272983]}},{"id":"6622","type":"Feature","properties":{"id":"d72965a3-ae85-379d-8ef9-10a9be0e7b52","name":"中日友好钟座","type":"风景名胜;风景名胜;风景名胜","typecode":"110200","address":"祥德路与欧阳路交叉口西280米","location":"121.484034,31.271635","tel":"[]","pcode":310000,"pname":"上海市","citycode":21,"cityname":"上海市","adcode":310109,"adname":"虹口区","gridcode":4621732812,"distance":1318,"business_area":"江湾","timestamp":"2023-04-18 03:37:59","biz_ext":"{\"rating\": [], \"cost\": [], \"ticket_ordering\": \"0\"}","行业大类":"风景名胜","行业中类":"风景名胜","行业小类":"风景名胜","wgs84_loc":"121.479542,31.273588","wgs84Lng":121.479542,"wgs84Lat":31.273588,"__source_file__":"02-POI&AOI/1-POI/其它/23/Excel/分类/上海市-POI-2023.csv-风景名胜.csv"},"geometry":{"type":"Point","coordinates":[121.479542,31.273588]}},{"id":"4052","type":"Feature","properties":{"id":"754f1b0c-b920-3893-8942-af023d804b78","name":"树怡景观","type":"风景名胜;风景名胜相关;旅游景点","typecode":"110000","address":"东江湾路444号虹口足球场12号看台A","location":"121.481794,31.271694","tel":"[]","pcode":310000,"pname":"上海市","citycode":21,"cityname":"上海市","adcode":310109,"adname":"虹口区","gridcode":4621732811,"distance":1109,"business_area":"江湾","timestamp":"2023-05-10 06:37:27","biz_ext":"{\"rating\": \"3.5\", \"cost\": [], \"ticket_ordering\": \"0\"}","行业大类":"风景名胜","行业中类":"风景名胜相关","行业小类":"旅游景点","wgs84_loc":"121.477295,31.273641","wgs84Lng":121.477295,"wgs84Lat":31.273641,"__source_file__":"02-POI&AOI/1-POI/其它/23/Excel/分类/上海市-POI-2023.csv-风景名胜.csv"},"geometry":{"type":"Point","coordinates":[121.477295,31.273641]}},{"id":"455","type":"Feature","properties":{"id":"27337d7b-1225-37b7-82d9-19e9b3a501c8","name":"鲁迅公园","type":"风景名胜;公园广场;公园","typecode":"110101","address":"四川北路2288号(虹口足球场地铁站6号口步行130米)","location":"121.483531,31.271758","tel":"021-65401561","pcode":310000,"pname":"上海市","citycode":21,"cityname":"上海市","adcode":310109,"adname":"虹口区","gridcode":4621732812,"distance":1273,"business_area":"曲阳","timestamp":"2023-05-13 03:50:11","biz_ext":"{\"rating\": \"4.9\", \"cost\": [], \"ticket_ordering\": \"0\"}","行业大类":"风景名胜","行业中类":"公园广场","行业小类":"公园","wgs84_loc":"121.479038,31.27371","wgs84Lng":121.479038,"wgs84Lat":31.27371,"__source_file__":"02-POI&AOI/1-POI/其它/23/Excel/分类/上海市-POI-2023.csv-风景名胜.csv"},"geometry":{"type":"Point","coordinates":[121.479038,31.27371]}},{"id":"2471","type":"Feature","properties":{"id":"93321de5-9041-3222-a5c1-8c1c0c41c611","name":"纪念钟","type":"风景名胜;风景名胜相关;旅游景点","typecode":"110000","address":"四川北路2288号鲁迅公园附近","location":"121.484058,31.271789","tel":"021-65401561","pcode":310000,"pname":"上海市","citycode":21,"cityname":"上海市","adcode":310109,"adname":"虹口区","gridcode":4621732812,"distance":1463,"business_area":"江湾","timestamp":"2023-05-12 10:58:55","biz_ext":"{\"rating\": \"3.5\", \"cost\": [], \"ticket_ordering\": \"0\"}","行业大类":"风景名胜","行业中类":"风景名胜相关","行业小类":"旅游景点","wgs84_loc":"121.479566,31.273742","wgs84Lng":121.479566,"wgs84Lat":31.273742,"__source_file__":"02-POI&AOI/1-POI/其它/23/Excel/分类/上海市-POI-2023.csv-风景名胜.csv"},"geometry":{"type":"Point","coordinates":[121.479566,31.273742]}},{"id":"5159","type":"Feature","properties":{"id":"10f56e83-a012-373e-885b-83608a336636","name":"越虹桥","type":"风景名胜;风景名胜相关;旅游景点","typecode":"110000","address":"四川北路2288号鲁迅公园内","location":"121.483476,31.271889","tel":"021-65401561","pcode":310000,"pname":"上海市","citycode":21,"cityname":"上海市","adcode":310109,"adname":"虹口区","gridcode":4621732812,"distance":1465,"business_area":"江湾","timestamp":"2023-05-12 10:29:59","biz_ext":"{\"rating\": \"3.5\", \"cost\": [], \"ticket_ordering\": \"0\"}","行业大类":"风景名胜","行业中类":"风景名胜相关","行业小类":"旅游景点","wgs84_loc":"121.478982,31.27384","wgs84Lng":121.478982,"wgs84Lat":31.27384,"__source_file__":"02-POI&AOI/1-POI/其它/23/Excel/分类/上海市-POI-2023.csv-风景名胜.csv"},"geometry":{"type":"Point","coordinates":[121.478982,31.27384]}},{"id":"2470","type":"Feature","properties":{"id":"c92debbd-67b8-3215-9fe9-b850e0236eb7","name":"鲁迅铜像","type":"风景名胜;风景名胜相关;旅游景点","typecode":"110000","address":"鲁迅公园内(西侧)","location":"121.482632,31.271899","tel":"021-65401561","pcode":310000,"pname":"上海市","citycode":21,"cityname":"上海市","adcode":310109,"adname":"虹口区","gridcode":4621732811,"distance":1457,"business_area":"江湾","timestamp":"2023-05-12 12:08:59","biz_ext":"{\"rating\": \"4.0\", \"cost\": [], \"ticket_ordering\": \"0\"}","行业大类":"风景名胜","行业中类":"风景名胜相关","行业小类":"旅游景点","wgs84_loc":"121.478135,31.273848","wgs84Lng":121.478135,"wgs84Lat":31.273848,"__source_file__":"02-POI&AOI/1-POI/其它/23/Excel/分类/上海市-POI-2023.csv-风景名胜.csv"},"geometry":{"type":"Point","coordinates":[121.478135,31.273848]}},{"id":"3913","type":"Feature","properties":{"id":"10ed7394-97c9-38a6-9dd1-f9dd54a88d8a","name":"尹奉吉纪念园(梅园)","type":"风景名胜;风景名胜;纪念馆","typecode":"110204","address":"四川北路2288号鲁迅公园","location":"121.483369,31.272042","tel":"021-65401561","pcode":310000,"pname":"上海市","citycode":21,"cityname":"上海市","adcode":310109,"adname":"虹口区","gridcode":4621732812,"distance":1481,"business_area":"江湾","timestamp":"2023-05-12 11:45:29","biz_ext":"{'rating': '3.8', 'cost': [], 'ticket_ordering': '0'}","行业大类":"风景名胜","行业中类":"风景名胜","行业小类":"纪念馆","wgs84_loc":"121.478875,31.273993","wgs84Lng":121.478875,"wgs84Lat":31.273993,"__source_file__":"02-POI&AOI/1-POI/其它/23/Excel/分类/上海市-POI-2023.csv-风景名胜.csv"},"geometry":{"type":"Point","coordinates":[121.478875,31.273993]}},{"id":"451","type":"Feature","properties":{"id":"a81fb03e-50ac-3da5-a3a5-8cc768adb970","name":"鲁迅墓","type":"风景名胜;风景名胜;风景名胜","typecode":"110200","address":"四川北路2288号","location":"121.482707,31.272138","tel":"021-65401561","pcode":310000,"pname":"上海市","citycode":21,"cityname":"上海市","adcode":310109,"adname":"虹口区","gridcode":4621732811,"distance":1975,"business_area":"江湾","timestamp":"2023-05-08 17:22:27","biz_ext":"{\"rating\": \"4.5\", \"cost\": [], \"ticket_ordering\": \"0\"}","行业大类":"风景名胜","行业中类":"风景名胜","行业小类":"风景名胜","wgs84_loc":"121.478211,31.274087","wgs84Lng":121.478211,"wgs84Lat":31.274087,"__source_file__":"02-POI&AOI/1-POI/其它/23/Excel/分类/上海市-POI-2023.csv-风景名胜.csv"},"geometry":{"type":"Point","coordinates":[121.478211,31.274087]}},{"id":"5459","type":"Feature","properties":{"id":"f7ced151-29d3-3de5-a3f7-6c0b928a9056","name":"凌云争峰","type":"风景名胜;风景名胜相关;旅游景点","typecode":"110000","address":"东体育会路虹口足球场(虹口足球场地铁站1号口旁)","location":"121.480578,31.272284","tel":"[]","pcode":310000,"pname":"上海市","citycode":21,"cityname":"上海市","adcode":310109,"adname":"虹口区","gridcode":4621732821,"distance":1011,"business_area":"曲阳","timestamp":"2022-11-12 13:55:51","biz_ext":"{\"rating\": \"3.5\", \"cost\": [], \"ticket_ordering\": \"0\"}","行业大类":"风景名胜","行业中类":"风景名胜相关","行业小类":"旅游景点","wgs84_loc":"121.476074,31.274227","wgs84Lng":121.476074,"wgs84Lat":31.274227,"__source_file__":"02-POI&AOI/1-POI/其它/23/Excel/分类/上海市-POI-2023.csv-风景名胜.csv"},"geometry":{"type":"Point","coordinates":[121.476074,31.274227]}},{"id":"3444","type":"Feature","properties":{"id":"242c5aeb-36e2-36a1-ba76-176856b5b23b","name":"鲁迅公园梅园","type":"风景名胜;风景名胜相关;旅游景点","typecode":"110000","address":"四川北路2288号鲁迅公园内(西北角)","location":"121.483119,31.272524","tel":"021-65401561","pcode":310000,"pname":"上海市","citycode":21,"cityname":"上海市","adcode":310109,"adname":"虹口区","gridcode":4621732821,"distance":1942,"business_area":"曲阳","timestamp":"2023-02-25 15:29:14","biz_ext":"{\"rating\": \"4.2\", \"cost\": [], \"ticket_ordering\": \"0\"}","行业大类":"风景名胜","行业中类":"风景名胜相关","行业小类":"旅游景点","wgs84_loc":"121.478624,31.274474","wgs84Lng":121.478624,"wgs84Lat":31.274474,"__source_file__":"02-POI&AOI/1-POI/其它/23/Excel/分类/上海市-POI-2023.csv-风景名胜.csv"},"geometry":{"type":"Point","coordinates":[121.478624,31.274474]}},{"id":"1604","type":"Feature","properties":{"id":"78fa42be-4661-3567-a5c7-9865c92fa6d4","name":"鲁迅公园-百鹤亭","type":"风景名胜;风景名胜相关;旅游景点","typecode":"110000","address":"甜爱路351号","location":"121.483984,31.273386","tel":"021-65401561","pcode":310000,"pname":"上海市","citycode":21,"cityname":"上海市","adcode":310109,"adname":"虹口区","gridcode":4621732822,"distance":1637,"business_area":"曲阳","timestamp":"2023-04-25 03:49:55","biz_ext":"{'rating': '3.8', 'cost': [], 'ticket_ordering': '0'}","行业大类":"风景名胜","行业中类":"风景名胜相关","行业小类":"旅游景点","wgs84_loc":"121.479492,31.275338","wgs84Lng":121.479492,"wgs84Lat":31.275338,"__source_file__":"02-POI&AOI/1-POI/其它/23/Excel/分类/上海市-POI-2023.csv-风景名胜.csv"},"geometry":{"type":"Point","coordinates":[121.479492,31.275338]}}],"name":"上海市-POI-2023.csv-风景名胜","crs":{"type":"name","properties":{"name":"urn:ogc:def:crs:OGC:1.3:CRS84"}}}