unit_id,step,tv_from_baseline_anchor,argmax_component,p_G1,p_G2,p_G3,p_G4,p_G5,p_G6,p_G7
plot_100,4,0.09187681257694956,1,0.0009562200974914583,0.9081231874228999,0.0010939988488067951,0.0,0.08980000529249481,7.419444240658635e-17,2.6588338307095706e-05
plot_10006,4,0.5177761676214505,1,0.01097758699811494,0.4822238323781512,0.1719700719656418,0.0008725307548303492,0.07522682109294163,0.0036674651660779656,0.2550616916442421
plot_10007,4,0.7302868221518486,1,0.0039963677923760986,0.39466443350677194,0.2697131778481515,5.916281594396363e-05,0.046860452426454764,0.00029058180002580937,0.28441582381027597
plot_10008,4,0.6124732392806986,6,0.07185298267493576,0.10485424369840199,0.19338044217742845,0.0006397268439437687,0.22542920903399583,0.016316634851992837,0.3875267607193015
plot_10009,4,0.767960341727046,6,0.020399837359940422,0.14762413008823538,0.23203965827295406,5.352267819411358e-05,0.2553336419915099,0.02212910560046452,0.3224201040087017
plot_10010,4,0.4848186367114409,6,0.000343703844019995,0.0077990801396013824,0.41842924676436477,0.0,0.05823584911568494,1.0756847769797427e-05,0.5151813632885591
plot_10011,4,0.6184296216753686,4,8.889264450045249e-06,0.15682120875787345,0.29063279716600365,0.0,0.3815703783246314,0.0005882048880413982,0.17037852159900013
plot_10012,4,0.5524894608611164,2,1.782222733566446e-05,0.07871196550249465,0.44751053913888367,0.0,0.29682928673412634,8.311111441951562e-06,0.17692207528571774
plot_10031,4,0.6720176306835796,1,0.00030151941417168944,0.3827282874562865,0.21123658097447484,0.02011815794449207,0.32798236931642044,0.000526532267824851,0.057106552626329556
plot_10032,4,0.6855414995415336,4,0.02778886387069851,0.31445850044222967,0.16086058454559793,0.0,0.4378139101650006,2.9336544595023512e-21,0.0590781409764733
plot_10046,4,0.7844812052001187,1,0.00664873943117829,0.44957446930137207,0.025888727362008118,0.004261723528840197,0.253123374866441,0.21551879479988129,0.04498417071027898
plot_10047,4,0.41564661876113945,1,0.0040740474312877875,0.5843224274965417,0.02662667335252846,0.0033204451170568096,0.2416056109555781,0.10596266072057522,0.034088134926432
plot_10048,4,0.6598414639436362,1,0.0004737288380998005,0.4639858090464667,0.00935964811024745,0.0704216128522502,0.34015853605636387,0.02980050847522174,0.08580015662135011
plot_10063,4,0.33645429462188414,1,0.006028278807553528,0.66354570537803,0.013963982496095765,0.15125568993527638,0.10601903805873678,0.0010326531307894942,0.05815465219351798
plot_10064,4,0.3401488186780591,1,0.018102584377917882,0.6598511813213734,0.018254870663562454,0.15834128974629252,0.04245156894182724,7.444447342730984e-05,0.1029240604755993
plot_10065,4,0.610323244739428,4,0.008742361679117192,0.29102972802090765,0.10472812315291025,0.0001309117588698641,0.3896767552605718,0.03274657572918546,0.17294554439843768
plot_10066,4,0.5799828649937312,4,0.009310637173303988,0.3166029797848261,0.07182785627409324,0.0004327382119570783,0.4200171350062688,0.09273192650008341,0.08907672704946751
plot_10067,4,0.7010065769296647,1,0.012397868619070822,0.4726226161219619,0.19312144512362764,0.001039666504875582,0.02154408431055116,0.00028089624957749175,0.2989934230703353
plot_10068,4,0.5140019700513729,1,0.004017233853572286,0.4859980299486271,0.22132866951469324,6.56692069078819e-05,0.05008860482061589,0.00014776638236510602,0.2383540262732186
plot_10074,4,0.6303617518920165,1,0.015424313773580405,0.407665288520901,0.18627528375411168,0.0077578008188165124,0.3696382481079835,9.910944662204003e-14,0.013239065024507758
plot_10080,4,0.03613857649118698,5,0.030214521556001926,0.0,0.00043860377766125774,4.286235771891421e-05,0.0016224524374087784,0.963861423508813,0.0038201363623960737
plot_10081,4,0.753702292794268,1,0.16590811420774293,0.29948908040000577,0.08149159782537137,0.0028839996301967116,0.2039264448544097,3.0558765415846926e-06,0.2462977072057319
plot_10082,4,0.7166086362521034,4,0.08841347962335841,0.26208013343801106,0.18785013808378892,0.0004967713548573841,0.28339136374789675,5.685486519012113e-13,0.1777681137515189
plot_10083,4,0.5948296580036183,1,0.12593668601575606,0.4051703419954081,0.14099409736424465,0.0002822592495854716,0.17607394628043732,8.098575045288794e-13,0.15154266909375863
plot_10086,4,0.4718558353612847,0,0.5281441646387153,0.003095889899549589,0.10739674888195237,0.0003221219800699349,0.0983491611436498,0.11999827863248923,0.14269363482357383
plot_10087,4,0.49540095516846916,0,0.5045990448315308,8.21125565122164e-06,0.24904191050468988,0.0,0.014899867719752744,0.00022192682383200064,0.2312290388645434
plot_10088,4,0.05923242913448918,0,0.9407675708655108,0.0,0.03143057145052926,0.0,0.00024428898374115993,0.027498737935321718,5.883076489699763e-05
plot_10094,4,0.24082718156436037,0,0.7591728184356397,0.0006366022245552928,0.00010167842000660176,0.0,0.18164436772766238,0.05842185399280169,2.26791993343931e-05
plot_10095,4,0.681178255410275,4,0.00062582937251115,0.17199764408370566,0.31882174458972523,0.11005138769193233,0.35715700814312124,1.3412063623600593e-05,0.04133297405538085
plot_10096,4,0.3999933067882359,4,0.02241745246955711,0.14369787846368495,0.1776818073968753,0.04732304355744346,0.6000066932117641,0.0014155252726125351,0.00745759962806258
plot_10097,4,0.7606522324645217,4,0.001803528056829633,0.23934776753514525,0.24442862953546066,0.07604729039476135,0.42484799439813065,4.5652556586971535e-05,0.013479137523085494
plot_10098,4,0.7964758949016714,4,0.0006074024644950164,0.1495292476561691,0.19537821655114063,0.2035241050983287,0.4058106587134802,1.3367301916948916e-05,0.045137002214469556
plot_10099,4,0.5075512646815217,4,0.00026499866295537784,0.19881436414509196,0.1615132063074868,0.11106869416539747,0.4924487353184783,1.0870570098352692e-15,0.03589000140058885
plot_101,4,0.1257989282563111,1,0.0007656143060713493,0.8742010717435197,5.818891476288432e-05,0.0,0.12497381249270878,1.840017853659826e-18,1.312542937333897e-06
plot_10100,4,0.5208908136557641,4,0.0009759469710063012,0.3189433788752683,0.13496491912486105,0.0458492777109837,0.4791091863442361,5.732784078541693e-15,0.020157290973638883
plot_10109,4,0.4068146093944448,1,0.01399403752663322,0.5931853906055212,0.13332432704583816,0.0044201553447550295,0.24616708352221928,8.959628890811201e-14,0.008909005954943488
plot_10110,4,0.41865707373413086,1,0.002907273934555131,0.5813429262653305,0.07267661965502463,0.009940820477653886,0.32985641016928396,4.282720601610551e-05,0.0032331222921358625
plot_10111,4,0.41821143518519643,4,0.02752894391453898,0.24151751343495287,0.13181677492355695,0.01251501946978121,0.5817885648148036,0.0017617430809824938,0.003071440361383947
plot_10112,4,0.7689144112044735,4,0.19032811077030387,0.0678519824633005,0.23108558879552638,0.008101790310799972,0.45687938511805576,0.025098140208811348,0.02065500233320201
plot_10113,4,0.7585983931902086,1,0.0870019933966072,0.40986162533776516,0.24140160680979159,0.008440585179904666,0.21514480276622916,5.594855378517096e-13,0.03814938650914285
plot_10114,4,0.7671953217735314,1,0.23280467822497158,0.3293927022797393,0.10489321101697043,0.001051222461422338,0.16714329598886976,1.4970935131005053e-12,0.16471489002652964
plot_10115,4,0.7035595896814983,2,0.02733015314025649,0.0009774373554370776,0.49222479678026,0.0,0.2964404103185017,0.0001254308455677128,0.1829017715599771
plot_10116,4,0.6699703253353948,6,0.16707227895312057,5.528996956957414e-05,0.30700563966037386,0.0,0.19309866638473538,0.002738450367595455,0.33002967466460514
plot_10117,4,0.5677461766999645,6,0.2011280255066794,5.379704850978475e-05,0.3564025489332754,0.0,0.009593786983541727,0.0005680182279581711,0.43225382330003553
plot_10118,4,0.41663671247542944,2,0.07797011922973048,0.0014274287541637869,0.5833632875245706,0.0,0.04027376443888047,3.499973749937961e-05,0.2969304003151552
plot_10119,4,0.7662784614617042,0,0.3669082759376468,0.0022835215728079384,0.15250073047710916,0.08926005210806223,0.15371460629444883,0.2337215385382958,0.001611275071629264
plot_10120,4,0.5952373180516133,2,0.4047626819483867,0.022351130909791357,0.40815945078078675,0.0,0.038996030165480214,5.653830358815178e-10,0.12573070563017197
plot_10123,4,0.5790353025594377,0,0.4769198040059216,0.0,0.016711868419488136,0.0,0.0778225835024472,0.4209646974405623,0.00758104663158077
plot_10125,4,0.7875181681289922,1,5.309397677644114e-05,0.4177353776719178,0.20644298388101784,0.2124818318710078,0.1450538717768586,2.5744137680446145e-22,0.018232840822421544
plot_1013,4,0.6543692583880177,6,0.0017168063093952943,0.04454485923939171,0.24401725464472498,0.0,0.3456307416119823,6.721172455034803e-21,0.3640903381945058
plot_10131,4,0.35246113487963493,4,0.13507884481167381,0.17854004461849227,0.007724142679703205,1.7822084205318777e-05,0.6475388651203651,0.002140890449518496,0.02895939023604177
plot_10132,4,0.3460161472499266,4,0.23064815462946858,0.10172649854606527,0.010880974127667664,4.287602086901826e-05,0.6539838527500734,0.0002564261491373844,0.0024612177767186915
plot_10133,4,0.32322793204556466,4,0.2330253143402364,0.052236260077589705,0.036332165754297645,0.000297922022471963,0.6767720679535134,0.0006355020147795059,0.0007007678371114772
plot_10134,4,0.649659739825004,4,0.35034026017499614,0.03837294796847265,0.03378229689268796,0.0001633121425931393,0.5748127526009809,0.0007047666937677797,0.0018236635265016763
plot_10135,4,0.23924268408651522,1,0.015869854021524347,0.760757315913436,0.001701687564201258,0.0022816956926286834,0.2140219267028207,0.0003658336521342009,0.005001686453254833
plot_1014,4,0.4237028524249893,1,9.199732224866416e-05,0.5762971475750108,0.20463299996902587,0.00868004306506646,0.1884015309201292,3.798799652365546e-05,0.02185829315199551
plot_10144,4,0.6922673433645823,3,0.17471027252254592,0.2972507183291314,0.08669724612789584,0.30773265663541777,0.07160083373066356,1.8800373166007676e-19,0.06200827265434557
plot_10145,4,0.19344597252017545,1,0.020142013194187024,0.806554027479421,0.029157384349187784,0.036891438576831755,0.0873505483341895,4.6231491629623585e-18,0.019904588066182793
plot_10146,4,0.5893853369454484,3,0.03652200319093657,0.21409442799093859,0.22729378682951973,0.4106146630545516,0.09712245161717749,3.793335604899034e-18,0.014352667316875983
plot_10147,4,0.7556030780402798,1,0.16555638807292417,0.31423325287585746,0.1684475011416463,0.07517085106370516,0.24439692195972015,4.3823445243590114e-17,0.03219508488614673
plot_10148,4,0.17689282338353074,6,0.001046186163328981,0.03364669932919534,0.09359828151523286,0.0,0.04854147713390379,6.0179241869806885e-05,0.8231071766164693
plot_10149,4,0.7995935139006419,1,0.20040648609935816,0.3948736969874574,0.05050781547033745,0.051135955736882635,0.1472778701350063,1.106756893677033e-05,0.15578710800202136
plot_1015,4,0.6887994678736084,4,0.0005165163348507403,0.1165520125745863,0.31120053212639165,0.0428001895003946,0.40969320870682746,0.0012614818359612677,0.11797605892098803
plot_10150,4,0.45237277346759464,1,0.010128274485041059,0.5476272265323329,0.0002607341882875033,0.29499586901613833,0.13394538788442092,0.005406991656195836,0.007635516237583413
plot_10151,4,0.4834508247569587,1,0.010295106131720768,0.516549175242311,0.00039988597837220096,0.30975582472735214,0.14343280291753535,0.005234513960167984,0.014332691042540625
plot_10152,4,0.18305963874478112,1,0.08229140133045983,0.816940361241085,0.001813393443321666,0.05623235076161086,0.027912428121974607,0.0006443623502404171,0.01416570275130764
plot_10153,4,0.2813357871138721,1,0.11284688865711336,0.7186642128851188,0.0017397043834582937,0.1362012911915276,0.02014492016983814,0.0018374078024072195,0.008565574910536514
plot_10154,4,0.20282678711583738,1,0.0792882500002382,0.7971732128833244,0.0028202801234037457,0.10284242810593565,0.015108607429599508,5.5560020158373624e-05,0.00271166143734009
plot_10155,4,0.7696128213873114,1,0.08573456437973663,0.6697537482245356,0.007965707252931647,0.2303871786126885,0.0056131112119555985,5.3617128983522585e-05,0.0004920731891685385
plot_10156,4,0.3534767307671012,1,0.054487345859744525,0.6465232692257518,0.06714110928190108,0.19592826064299662,0.03582184012200582,7.182531859785361e-05,2.63495490023331e-05
plot_10157,4,0.6827227414661905,1,0.008206516619787323,0.5962320177938943,0.00781701723681621,0.31727725853380956,0.05352040724828019,0.015578164055764536,0.001368618511647942
plot_10158,4,0.09181180874393297,1,0.0026587362764147254,0.908188191254936,0.01811599702357439,0.06654951763998986,0.0038271356172481625,0.00010818191990745311,0.0005522402679294887
plot_10159,4,0.3155431615082098,6,0.009985970526545093,0.0280961766141255,0.25852089077128826,0.0,0.0189401235962509,4.647904029643725e-25,0.6844568384917902
plot_1016,4,0.4182338117612474,1,3.053270304911558e-05,0.5817661882387526,0.2599429107011759,0.0026042723114723613,0.13485327299055597,4.568079023229918e-05,0.02075714226476192
plot_10160,4,0.3750342090178378,6,0.0013928050176443376,0.02235515888549115,0.3304887837816078,0.0,0.02079746133309452,2.3470925225756704e-25,0.6249657909821622
plot_1017,4,0.6318421831154954,1,0.0002506912943258535,0.4422077838171879,0.3681578168845045,0.0032364969600301987,0.1342654391950482,0.0005983843926953706,0.05128338745620807
plot_10170,4,0.7180329056191898,0,0.2819670943808102,0.08061718764510316,0.24540356652275847,0.1047699695469271,0.1923502004912278,1.2673420681420919e-05,0.09487930799249185
plot_10171,4,0.6773486660882558,0,0.3226513339117443,0.02126183659327793,0.12949949175055536,0.0807637161123031,0.17432482733803706,2.036596500654347e-17,0.2714987942940823
plot_10172,4,0.34898006458954517,1,0.013360672808623606,0.6510199354103621,0.00020697840668366677,0.10569532026089275,0.16419131953470634,6.313474252992602e-26,0.06552577357873154
plot_10173,4,0.2827814023905786,1,0.01856877021503127,0.7172185976091737,0.0005673253701495277,0.06533695624359938,0.17383480220869035,4.541809559514368e-26,0.024473548353355853
plot_10174,4,0.5638375631812994,6,5.625020896350024e-05,0.16130262320230215,0.2620966092163462,0.07317854861968022,0.06720353193400731,3.2025947475478896e-17,0.4361624368187006
plot_10175,4,0.617866169611361,6,0.2369890302781804,0.042123759941908194,0.08758472352832998,0.03232319199426777,0.21884546386867437,8.697756458236915e-17,0.3821338303886391
plot_10176,4,0.4519243459322232,6,0.02308799833940467,0.0,0.06570068491415791,0.020938432130559584,0.13636090929415118,0.20583632125394982,0.5480756540677768
plot_10177,4,0.2902408723311504,1,0.12085295446630705,0.7097591276683095,0.002589430981624414,0.14894582628777134,0.013958984894469801,0.0016796271976956183,0.0022140485038223317
plot_10178,4,0.675927077049884,1,0.09002350251310579,0.5438314246234445,0.021580228716633322,0.3240729229501161,0.018688597223536448,0.0011834516487502348,0.0006198723244136811
plot_10179,4,0.6539156381881922,4,0.06047140089601606,0.3460843618116808,0.0096151232793089,0.0002471603050756528,0.4926114211388061,0.011541034331975052,0.07942949823713746
plot_10180,4,0.39821612342964974,4,0.1058081563517932,0.19610842660192485,0.01098157018050009,2.6519581672003083e-05,0.6017838765703503,0.00824569128167077,0.07704575943208893
plot_10181,4,0.1697503244111517,2,0.011474776251853348,0.07997515748592442,0.8302496755888483,0.0069321648092954685,0.047267901038871324,6.228353724400621e-15,0.02410032482520091
plot_10182,4,0.5982606273028241,6,0.0007389506593920448,0.03601189907721513,0.4017393726971759,0.0,0.0415868950824708,8.068806892595136e-19,0.5199228824837462
plot_10183,4,0.6081493384699463,6,0.000128249782586305,0.05927772124236852,0.3918506615300536,0.0,0.05629228250982466,2.9178905411667746e-18,0.49245108493516687
plot_102,4,0.28710230303412,4,0.0,0.15091252934471688,0.13569783069473135,5.5641629481394376e-05,0.71289769696588,7.709095400266031e-22,0.00043630136519032535
plot_1020,4,0.7309473402610787,2,0.008660834595841174,0.11719560232555927,0.3181941249872936,0.02107734993633188,0.24360611898691065,0.02221330942914211,0.26905265973892134
plot_10204,4,0.7051383166194771,4,0.09870976592694429,0.15986592641303132,0.1342299193719894,0.19240408268195416,0.2948616833805228,1.3607550351768517e-17,0.11992862222555806
plot_10205,4,0.7122091507711502,3,0.0381367477054761,0.28779084922841713,0.21985240588089472,0.2971183426304571,0.13545800272596475,3.407386384465471e-18,0.0216436518287903
plot_10208,4,0.5838926409625201,6,0.004648032339391442,0.0,0.020941280302843406,0.036719583022288234,0.19070170333166475,0.33088204196633236,0.4161073590374799
plot_10209,4,0.31761419055472523,5,0.011359162220619584,0.0,0.006810447675405771,0.004986413037396825,0.05424810054791403,0.6823858094452747,0.24021006707338916
plot_1021,4,0.6159152680625511,2,0.0003156542564021754,0.3446077779805805,0.38408473193744896,0.014187234838057774,0.1873285469541743,0.0007496192860156381,0.0687264347473208
plot_10216,4,0.6079898039954064,6,0.011177386114081091,0.024591342294401533,0.39201019600459364,0.0,0.020293109986338754,4.760006165841965e-25,0.551927965600585
plot_10217,4,0.3522039237995929,6,0.0010368795346849546,0.03787118410469307,0.2802072367020467,0.0,0.0330886234581682,1.4135512247349427e-18,0.6477960762004071
plot_10218,4,0.31593547909580366,6,0.0025918670566899833,0.05950650851382838,0.22159109981871833,0.0,0.03224600370656692,3.2718808289204935e-25,0.6840645209041963
plot_1022,4,0.5550566068750905,4,0.00428347072237555,0.18312885158519165,0.166127737894802,0.0,0.4449433931249095,3.1770122773062172e-21,0.20151654667272134
plot_10223,4,0.6459406642900414,4,2.1523057727616883e-05,0.35405933570961107,0.21533915782951946,0.0,0.38930658432918586,4.22656234363715e-17,0.041273399073956045
plot_10224,4,0.547687045491673,4,2.2778293486078977e-05,0.13928423185157063,0.3261160120570347,0.0,0.4523129545083269,4.564880543661616e-06,0.08225945840903798
plot_10225,4,0.5275018502115871,4,1.8449618301738166e-16,0.25469607136148575,0.21959729513337084,0.0,0.472498149788413,4.5752562422446294e-05,0.053162731154307835
plot_10226,4,0.5478185383928523,2,2.8743463807506316e-05,0.051085413079672626,0.4521814616071477,0.0,0.25208552064256806,4.5464711438590335e-05,0.24457339649536558
plot_10227,4,0.5298462812507776,2,3.7143319664353723e-05,0.0943993591505088,0.4701537187492224,0.0,0.30994773956589733,3.5101736877414846e-17,0.1254620392147071
plot_10228,4,0.5263619322782164,4,3.4550361695086634e-06,0.22968511541625475,0.23369338369639725,0.0,0.47363806772178363,4.9703038888614005e-06,0.06297500782550597
plot_1023,4,0.5314603189331815,4,0.015686255536252622,0.28238490173961966,0.1208507118672192,8.726491805884863e-06,0.4685396810668186,4.013282791815822e-21,0.11252972329828409
plot_1024,4,0.570215294985847,1,0.018572972210770394,0.42978470500852506,0.07612590462199449,2.5820437207111325e-05,0.3546521662416691,2.3718132696513574e-21,0.12083843147983375
plot_10244,4,0.2117046975718096,0,0.7882953024281905,0.003882721665466466,0.002199620838532386,0.03440282405487271,0.026593365837833224,2.7338941781243752e-17,0.14462616517510485
plot_1028,4,0.2909606118702927,1,0.10205052805621598,0.7090393881248968,0.0016203380137520937,0.08450374315150065,0.016780473177942835,0.04216470646637096,0.04384082300932071
plot_10298,4,0.7755348251747902,1,0.2244651748249952,0.6287254222787659,0.02335940648822918,0.00015385067054304692,0.12014453758109966,8.348958860099172e-06,0.0031432591975068098
plot_103,4,0.642163498306608,1,0.0,0.6388885405378169,5.765126928052627e-05,3.636416431474018e-05,0.357836501693392,1.2143981476422708e-19,0.0031809423351959673
plot_1032,4,0.4286774052194629,1,0.18461798266395096,0.5713225947805372,0.001534326765029312,0.02998717295080452,5.898779890183593e-05,0.024838954333466556,0.18763998070730983
plot_1033,4,0.7103888097574786,2,0.08234687009864324,0.11535956074383716,0.28961119024252135,0.011680003393290313,0.2303909512878713,3.617516733981873e-05,0.2705752490664969
plot_10339,4,0.33852798654940364,0,0.6614720134505964,0.1593957394551761,0.0003465258261542011,0.15235358740955252,0.015429589508672771,2.4149324072870114e-15,0.011002544349845603
plot_1034,4,0.5998152940679478,6,0.24998816583262803,0.05733262201876222,0.06737481183776484,3.429655362783136e-05,0.22490566143883287,0.00017973638633209834,0.4001847059320522
plot_10343,4,0.7909782489513872,1,0.0017782094812260351,0.4260113212153871,0.039215588801016374,0.20902175104861273,0.2975197459840078,0.02269175759276734,0.0037616258769825107
plot_10344,4,0.44576217099386767,1,0.0045258474489487275,0.5542378290061323,0.07823156886885667,0.0955449956608309,0.2431174109385073,0.01991188487043002,0.004430463206293991
plot_10345,4,0.5095951241925691,1,0.006733323060434429,0.4904048758073876,0.14060812690643737,0.06559693736812967,0.28404812745086494,0.011858464530413032,0.0007501448763327508
plot_10346,4,0.16195478611570635,1,0.00032616848762746445,0.8380452138842936,0.07346041144589037,0.0017049024580455387,0.0856505266680582,0.00014947985280231363,0.0006632972032824736
plot_10347,4,0.6329492445114738,1,0.05581207478632768,0.45682715445818184,0.3670507554885262,0.011101603370947696,0.10433609149619909,0.0036689974753132044,0.0012033229245043224
plot_10348,4,0.10094410101025204,1,0.01158962685254352,0.8990558989897399,0.05898568684461335,0.005176639270856118,0.021776505348277818,0.0003227887451681831,0.003092853948801191
plot_1035,4,0.7164600685005174,6,0.2754578188411003,0.03822463343333678,0.035062648903143714,0.00018267390116461093,0.2832978406951239,0.00021831043094188213,0.3675560737951888
plot_10352,4,0.7025329184270841,4,0.09720485596992055,1.286791184108759e-05,0.16160462070171758,0.0009402036157737207,0.3304843770702307,0.1122859931576004,0.2974670815729159
plot_10353,4,0.6126360893151157,4,0.05378013437721379,0.0,0.1674852707273416,0.0018880744769878548,0.3873639106848843,0.12419815247891725,0.2652844572546552
plot_10354,4,0.4452277280140643,2,0.26713971861629887,0.0017109283669398275,0.5547722719859357,0.0004041574509110257,0.17021963690762784,0.004576012209223686,0.0011772744630630051
plot_10355,4,0.747063985954034,4,0.02942032311758975,0.0001966682043795542,0.12618889021257207,0.0,0.5899374909573256,0.0013206134621670442,0.25293601404596594
plot_10356,4,0.568990170371847,4,0.11277129246963191,0.00010734503373888306,0.26717641067588827,2.57582991102233e-06,0.43100982962815293,0.002023803173123284,0.1869087431895536
plot_10357,4,0.5982458962257882,2,0.23580127385101374,5.1560014657852475e-05,0.4017541037742119,7.440175673068263e-06,0.2501837238348598,0.009811091347031536,0.10239080700255215
plot_10358,4,0.0007888160378048027,5,0.0007570864548387834,0.0,0.0,0.0,3.172958296603724e-05,0.9992111839621952,5.05227038288703e-249
plot_10359,4,0.44985501759786256,4,1.024995345496803e-06,0.016375384759372315,0.00016404522552470498,0.32094847825379386,0.5501449824021375,0.09224516442082047,0.02012091994300576
plot_1036,4,0.5831912963358283,0,0.4168087036641718,0.04623493450723705,0.019653488493616048,0.0006541797890659111,0.20782648228428424,0.00011307235299373597,0.3087091389086314
plot_10360,4,0.4381532459109805,4,2.2685392329011295e-06,0.01711564400427008,0.001750642327242144,0.34312486105501666,0.5618467540890195,0.05824679712781344,0.017913032857405208
plot_10363,4,0.7807343682359342,1,0.05193328130118133,0.574546778109959,0.0034311176406683517,0.010642516120529818,0.21926563176406577,0.14018067506359555,8.494688254695091e-109
plot_10364,4,0.7217651437146357,1,0.07936601752674483,0.5273608359983191,0.0040711527628668545,0.004112430386001509,0.10685470704070352,0.2782348562853642,1.3271254516473882e-107
plot_10365,4,0.056029816413258986,1,0.0,0.9439701835865779,0.0,0.055647139253791084,0.0003826771596310767,1.10412825758074e-21,0.0
plot_10366,4,0.10622274253071284,1,0.0,0.8937772574692872,0.0,0.10468564909153057,0.0015370934391823027,4.434843664645405e-21,0.0
plot_1037,4,0.6324962957044502,6,0.24383124436485895,6.981612272479011e-05,0.15676609661913823,0.05610821163812903,0.001966383068540215,0.17375454465000725,0.36750370353660156
plot_10371,4,0.06839724775160719,1,0.0,0.9316027522483927,0.0,0.0665079095076974,0.0018504257881603657,3.891245574932317e-05,0.0
plot_10372,4,0.00029882668329938585,1,0.0,0.9997011733158552,0.0,0.00029882668329838345,8.465119593084499e-13,1.6457572695692464e-27,0.0
plot_10373,4,0.03844097879486278,1,1.3199406042031338e-19,0.9615590212050884,1.0725455445169632e-05,0.03687338899380724,0.0001293760421782435,5.98237356327808e-24,0.0014274883034810432
plot_10374,4,0.015887110002469694,1,5.620626542081257e-20,0.9841128899972729,3.8049936779346244e-06,0.015191918870594224,4.949495589955406e-05,2.4824772774143355e-24,0.0006418911825553726
plot_10375,4,0.012129488800777594,1,0.0,0.9878705111992224,0.0,0.012079066638276426,2.7770198132303756e-13,1.5150964295884798e-24,5.04221622234843e-05
plot_10376,4,0.0035497141657199194,1,1.0771781236755517e-20,0.9964502858342801,7.292169155713499e-07,0.003374194292717917,2.007451577088199e-05,5.292488714484982e-25,0.00015471614031554917
plot_10377,4,0.0005524553386850675,1,0.0,0.99944754466115,0.0,0.0005249890129306544,1.3105120838637904e-05,4.266032745741511e-26,1.4361205080748025e-05
plot_10379,4,0.06996246318468444,1,2.988011733299983e-18,0.9300375368153156,0.00025092785470809284,0.05656526484518381,0.0023699306644094803,3.743644375183938e-23,0.010776339820383105
plot_10383,4,0.4750355773977393,2,0.11579181480034634,0.05399950236392018,0.5249644226022607,0.05008012501543585,0.09818556095016015,2.3316443214721376e-25,0.15697857426787673
plot_10384,4,0.452459951850791,2,0.07382464450959081,0.12489171256081641,0.547540048149209,0.028208758410175568,0.12771632634346342,1.6976111616854386e-25,0.09781851002674477
plot_10386,4,0.28204532850952035,2,0.0031217085125957505,0.054886705337918146,0.7179546714904796,0.025340943795629487,0.1433274787630895,3.077872052513482e-05,0.05533771337976239
plot_10387,4,0.7292007698861473,2,0.001240390419616019,0.29994589316157316,0.3494924469440874,0.05464068616137992,0.27079923011385265,0.0009758963687919942,0.022905456830698848
plot_10388,4,0.2815424709317753,0,0.7184575290682248,0.04286962030302637,0.00014979451980027546,0.13201119609000664,0.012400530440590885,4.884526571367239e-16,0.09411132957835071
plot_10391,4,0.5294093204802472,2,0.08535472915919708,0.10316556398927217,0.47059067951975275,0.10158080108175135,0.17661564970125163,2.5738859681602777e-05,0.06266683768909331
plot_10392,4,0.7887975781628643,1,0.00018290559610286645,0.6913048171954478,0.09566961508112133,0.0009289771710096474,0.21120242183713572,0.00029475469901076707,0.0004165084201719227
plot_10393,4,0.11871971501566218,1,0.001033493616293927,0.8812802849843379,0.033166046903374734,0.0003949695308067315,0.07151382786383682,1.547638382304448e-05,0.01259590071752696
plot_10394,4,0.21400545865138135,1,0.0,0.7859945413486187,0.0002440392443592322,0.0,0.21374602436473314,3.254816476733718e-21,1.5395042289053167e-05
plot_10395,4,0.5445995415588217,1,0.0,0.5445018562866532,9.768527216856162e-05,0.0,0.45540045844117827,1.0677434078345525e-20,8.985443779639485e-108
plot_1040,4,0.548958314907102,0,0.451041685092898,0.002289144390501262,0.10985824040984445,0.005335716154056986,0.018546045108066442,0.2099174154606525,0.2030117533839803
plot_10400,4,0.14650433383292563,1,0.0005775404745935722,0.8534956661670744,0.0950978038232171,0.0005258408961758389,0.028898831709723828,5.5973898111186926e-06,0.021398719539404254
plot_10401,4,0.21167927984374418,1,2.800089523377639e-05,0.7883207201562558,0.07220030248070847,0.0010368469486867356,0.04086534148454046,6.32380092854614e-20,0.09754878803457476
plot_10402,4,0.2145624853624865,1,1.6363231676776324e-05,0.7854375146375051,0.052109115663292065,0.005677494919095264,0.01510664665602678,3.695518259106439e-20,0.14165286489240408
plot_10403,4,0.7230835721988407,4,0.10019443582570398,0.04834505007574921,0.19864450675043646,0.0006529036625360972,0.29656165852230754,0.07868770649977852,0.27691373866348823
plot_10404,4,0.8023157985335371,4,0.10432405113606884,0.028086683088210135,0.07097459744201196,3.330841151440424e-05,0.3141702285081089,0.19768420146646296,0.2847269299476228
plot_10405,4,0.48098922356146,4,0.0,0.24343128249614016,0.13953484735924337,0.0,0.5190107764385399,0.06870922505315417,0.029313868652922306
plot_10406,4,0.5652709702481058,4,0.0008383230733052227,0.4006590115499251,0.050694707146195825,0.018003022829939812,0.43472902975189426,0.08544412459118722,0.00963178105755259
plot_10407,4,0.0027682824258635046,5,0.0027332234096511853,0.0,5.614509152448947e-06,7.668217003123185e-06,2.1776290056785898e-05,0.9972317175741365,9.108453953737599e-248
plot_1041,4,0.5793326282532025,0,0.42066737174679747,0.0004477223660371027,0.20993456675118188,0.0019854508729809546,0.005808164744669987,0.13371992202089147,0.22743680149744117
plot_10421,4,0.7524296517532321,1,0.0,0.3843978412353473,0.24757034824676802,0.0,0.15378991970553343,3.515309742640135e-24,0.21424189081235126
plot_10425,4,0.5207529686957186,1,0.09519809320819783,0.47924703130074203,0.11213507953751899,0.11272866273189673,0.16884861746314567,0.013383264337231042,0.018459251421267676
plot_10426,4,0.43872293439116455,1,0.07451931895065564,0.5612770656086994,0.06686806326679384,0.10032642124933036,0.1697143010807503,0.012206636706973702,0.01508819313679686
plot_10427,4,0.7959387769563551,1,0.05674774166847991,0.29105134674450833,0.21620500731782002,0.2040612230436451,0.15433177022587632,0.0017291396652689194,0.07587377133440153
plot_10428,4,0.5951660090040318,6,0.33343677818809603,0.004481721628075346,0.22337609197740368,0.013498782795724851,0.020372634414731968,3.2256134209503383e-25,0.4048339909959681
plot_10430,4,0.02479919216257203,1,0.00028686999808335607,0.9752008078373857,0.007838213754951966,0.00030963578588381885,0.014146594881170841,7.730590200675365e-29,0.0022178777425242643
plot_10431,4,0.08179486466516679,1,2.6604558540390603e-05,0.9182051353348333,0.017612553128880753,0.000504515787712511,0.04822829092135454,5.067642157271499e-29,0.015422900268678649
plot_10433,4,0.3470440211922377,1,0.0012484836088283127,0.6529559788077622,0.09757852626522756,0.0741716567386481,0.16538562532315312,0.002076307007273869,0.006583422249106734
plot_10434,4,0.31406028110170814,1,0.006083473705713695,0.6859397188971107,0.07227736186879251,0.05970043735260696,0.15928612491784452,0.0075926375778575025,0.00912024568007397
plot_10435,4,0.28194082869960924,2,0.027584027845740378,0.04255472162030106,0.7180591713003908,0.019700525628600057,0.13152571436074317,9.777319132519652e-06,0.06056606192509205
plot_10436,4,0.3600715684659068,2,0.03606307031930826,0.04821041246400484,0.6399284315340932,0.04537724901584156,0.12691623021408407,1.7744733981646493e-05,0.10348686171868643
plot_10437,4,0.3783244493790525,2,0.006047209229518191,0.06678304037654555,0.6216755506209475,0.046976824931531665,0.16649829774067598,3.804447851538654e-05,0.09198103262226574
plot_10438,4,0.7199413173751854,1,0.00921386023650376,0.29559221749098585,0.2591736741510827,0.08195169810793515,0.2800586826248146,0.0008011710849401374,0.07320869630373786
plot_10439,4,0.3478453913632788,1,0.0210547105498165,0.6521546086365377,0.05983191505716853,0.08957944773217814,0.15179291116393592,0.008514679554809532,0.017071727305553404
plot_10445,4,0.062053474884818965,0,0.9379465251151811,0.009759784193876842,0.0,0.0,2.9716440731951466e-14,0.03070354375242041,0.02159014693849203
plot_1045,4,0.18465748936548307,1,0.058927527611906415,0.8153425106344018,0.05061235126995981,0.0010231013920028826,0.055486857511046,3.450811143449683e-06,0.018604200769539593
plot_10466,4,0.26754179569615316,2,0.0033967744902946343,0.05336152872550497,0.7324582043038469,0.024034416245609543,0.13302212886796966,3.243642355953462e-05,0.05369451094321482
plot_10470,4,0.7958318985165664,2,0.028136012678713306,0.06726586031634504,0.48520515284154236,0.08466935722207068,0.13050105781978472,5.4457638110333396e-05,0.20416810148343362
plot_10473,4,0.09948041974060097,4,0.013113004771016734,1.9199613283870936e-05,0.06532333481737468,0.0038905880925273863,0.900519580259399,0.01713429244639833,3.232719113086191e-103
plot_10474,4,0.03383340789782807,4,0.0010708905424169077,0.0,0.013032220394045075,0.0010009976795189385,0.9661665921021719,0.01872929928184714,8.975433631875871e-105
plot_10475,4,0.006074730330055463,5,0.00592575405743612,0.0,4.794982814359677e-06,1.0681312713581092e-05,0.00013349997709140996,0.9939252696699445,2.701614773881041e-247
plot_10476,4,0.5850900036808456,0,0.44536819264678357,0.1283195169953111,0.0,0.0,1.833360968041965e-12,0.41490999631915443,0.01140229403691763
plot_10477,4,0.3677966875460992,5,0.04659479105803509,0.20507970991613267,0.027579236636725422,0.021736240527364135,0.0249060287464569,0.6322033124539008,0.041900680661384956
plot_10478,4,0.6545669837358599,1,0.019704636434403705,0.42939418604920776,0.07583255637235284,0.0686178887326152,0.0040574104831372915,0.34543301626414014,0.05696030566414299
plot_10479,4,0.2991464944925267,1,0.004433394456074912,0.7008535055074733,0.02884585616403075,0.06454833344041283,0.009800800803296776,0.17043732198727524,0.02108078764143624
plot_10494,4,0.07039497510760262,1,4.263290412838612e-65,0.9296050248921497,0.00012220876003254597,0.06473532329781656,0.004851097455768369,0.0006863455942328851,1.5622255742704616e-92
plot_10495,4,0.7557972398174435,1,0.0023015564313091305,0.480163239854387,0.21930385119192827,0.01990704935988859,0.24420276018255654,0.03409449097088669,2.705200904367416e-05
plot_10496,4,0.38154733447234257,1,0.0011633716803412662,0.6184526655276371,0.16293275672825475,0.08848878896777239,0.11120393253660349,0.016371270205564684,0.0013872143538263514
plot_10497,4,0.3494264310142234,1,0.01661703181220652,0.6505735689857767,0.024283945844889562,0.009993276872412525,0.17655750044669025,0.12197467603802462,2.2254978173966976e-88
plot_10499,4,0.7078107970589395,1,0.030583335090389577,0.30342582494448467,0.29616381112236856,0.026064241839151146,0.2921892029410606,1.0278726420615936e-25,0.05157358406254553
plot_10500,4,0.28951338033240276,1,0.0035813042724007716,0.710486619667583,0.08478579272310044,0.007450345257492092,0.18661518136537586,1.5573766191620723e-26,0.007080756714047867
plot_10501,4,0.5465542147342896,2,0.09113268082474604,0.016981640672894458,0.45344578526571055,0.032898200920605185,0.210124300561629,2.415093076284164e-15,0.19541739175441247
plot_10502,4,0.7032749144955636,2,0.12169331638033337,0.038595435878587506,0.3543323716285786,0.07249398217326952,0.11615980843479137,3.2223374925959246e-15,0.29672508550443644
plot_10503,4,0.2168186156093457,4,0.010997899891023505,0.007620412379990919,0.027451378915374948,0.00026408219983840435,0.7831813843906542,1.1797807287070992e-05,0.17047304441583078
plot_1052,4,0.4329191857310582,2,2.3274016335849704e-05,0.029188380909914362,0.5670808142689419,1.5310696808765806e-05,0.0007572071940238056,1.1801005465224135e-14,0.40293501291396366
plot_10521,4,0.12192604797724438,4,0.002413669464407725,0.0,0.017311516546319478,0.008108459301835406,0.878073950318814,0.09409240436862346,4.198929419743173e-105
plot_10522,4,0.0386081543475002,4,0.0014331801328121409,0.0,0.010689578627631514,0.0026060585885507035,0.9613918456524998,0.02387106936082959,8.267637676247334e-06
plot_10527,4,0.016713364327424866,5,0.01497132045046188,0.0,4.297622196451615e-05,2.51603297504695e-05,0.0016470905108977253,0.9832866356725751,2.6816814350267696e-05
plot_10528,4,0.008518161869397347,5,0.007100609253014404,0.0,3.1276321058575786e-05,2.7596927066457104e-05,0.0013373264999912734,0.9914818381306026,2.1352868266629315e-05
plot_10529,4,0.07783930048704872,5,0.02226945888861606,0.03682405087467431,0.003218650354362653,0.002226097370050648,0.004137891783715937,0.9221606995129513,0.009163151215629158
plot_1053,4,0.19544300047823096,1,0.0718915913636762,0.8045569995217691,0.06454796792579069,0.002242072712323455,0.0484416936167402,4.996087070542345e-11,0.008319674809739577
plot_10530,4,0.49554054540736164,4,0.0173014337491795,0.008828178913684436,0.38077013160383966,0.00013770979075778512,0.5044594545926384,0.01287706657271356,0.07562602477718668
plot_10531,4,0.5551448462958273,3,4.490150660327946e-06,0.12976340050555213,5.346671013557128e-05,0.4448551537041727,0.22088517469531274,0.07123020606816886,0.13320810816599765
plot_10532,4,0.000314576082767552,5,0.0003045208971775736,0.0,0.0,0.0,1.0055185590004439e-05,0.9996854239172325,3.763754095466762e-249
plot_10533,4,0.0007342989664464866,5,0.0007068798305051967,0.0,0.0,0.0,2.7419135941276034e-05,0.9992657010335535,4.481948629200448e-249
plot_10534,4,0.7345030176880456,3,0.00013024759244568138,0.1928202018532734,5.2389309870075145e-05,0.41247663859291217,0.11393117151986747,0.015092368819676873,0.26549698231195434
plot_10535,4,0.36474681224244687,4,1.611635283559903e-06,0.10308773541309516,0.03547682738370127,0.0,0.6352531877575531,0.19704044250750047,0.029140195302866483
plot_1054,4,0.0178935953330005,1,0.005947135986877243,0.9821064046665937,0.0002987089893467352,0.001212997537426381,0.0017997005191924523,0.0012990714099843908,0.007335980890579028
plot_10540,4,0.4488634454731184,4,0.009553034616621032,0.23081392927781644,0.07960637196825082,0.07827917488499855,0.5511365545268816,0.05026050440417372,0.00035043032125781786
plot_10541,4,0.33559660309884415,4,0.008495328069231723,0.1071007768667363,0.1730587543645995,0.026751272354531386,0.6644033969011559,0.018543828391768682,0.0016466430519764816
plot_10542,4,0.37594026150424953,1,0.0015837759231277144,0.6240597384957505,0.048097294862992995,0.11993421766481006,0.1793055150993239,0.020716101435405546,0.006303356518589308
plot_10543,4,0.06079437527583124,1,0.0003459031453447829,0.9392056247241688,0.010649380562084719,4.239924761589674e-05,0.02867171081111675,0.021084981509669132,1.1397372841942499e-102
plot_10549,4,0.23270348409524602,1,0.00406306663034121,0.767296515904754,0.08810194183923628,0.011422657335206508,0.1272094304122242,3.1642737624496625e-06,0.0019032236044753785
plot_1055,4,0.01792114516803207,1,0.008280088820991561,0.9820788548318831,0.00015488052793077948,0.006121960483554104,0.000763406609442276,0.0007804067486224648,0.001820401977575794
plot_10550,4,0.39424392991913804,1,0.014643713574682542,0.605756070080862,0.22406492621447313,0.060638843571820186,0.08937532476437132,0.00022116338095266448,0.005299958412838202
plot_10551,4,0.28313414867782033,1,0.007201313556476326,0.7168658513221796,0.1411192741026263,0.02280634377948251,0.10996339052674557,1.3773649185823715e-05,0.0020300530633037108
plot_10552,4,0.1286044041764827,1,7.722483298448138e-06,0.8713955958235173,0.11715234602086455,0.0011271695660416,0.005580997968014644,1.01157448633613e-06,0.00473515656377715
plot_10567,4,0.7136390036092732,5,3.6916698325906634e-17,0.12488520131963682,0.0005356247130422652,0.2863609963907268,0.034191422344894945,0.5539917951479697,3.496008372941172e-05
plot_10568,4,0.31153453963910194,5,3.5028054327747273e-17,0.1282682532261298,0.0005248201860021624,0.14006167905930964,0.04317815653218904,0.6879200263473888,4.706464898046879e-05
plot_10584,4,0.7284108744685904,4,0.020938791866265828,0.05006720888546075,0.08141875647528285,0.02232370223773849,0.4216958846346194,0.27158912553091263,0.13196653036972
plot_10589,4,0.46226931832074053,4,4.966810214565481e-06,0.02378847474217491,0.015320624783332439,0.0,0.5377306816792595,0.3955339482325767,0.027621303752441973
plot_10590,4,0.41382520562344827,4,0.041915677435683245,0.0,0.22035465211041774,0.01129564318982402,0.5861747943765517,0.11163932039737129,0.028619912490152107
plot_10591,4,0.3276937129457992,1,0.10179934794123219,0.6723062870541782,0.030700403620833077,0.003827636600869417,0.18531782482799627,0.0006883201990214786,0.0053601797558696
plot_10592,4,0.20789871701141588,1,0.13286220851906907,0.7921012829885842,0.0018389885127456371,0.030792114706956347,0.04222203776827192,2.1123255905281047e-05,0.00016224424846766636
plot_10593,4,0.1916748445758454,1,0.02844625186245469,0.8083251554240467,6.182897204253737e-05,0.12462967895790977,0.03853477238948172,5.357419757748183e-13,2.3123935288822114e-06
plot_10594,4,0.23164100717730174,1,0.06580570817850123,0.7683589928226983,0.0004061966897452916,0.08981118469843231,0.07559121370097215,4.734042433019139e-06,2.196986721778035e-05
plot_10598,4,0.0005725625962271415,1,6.925415867636488e-67,0.999427437403597,0.0,0.0003994569192725173,0.0001475523807757176,1.108433969586907e-05,1.4468956658920773e-05
plot_10599,4,0.004030689377078857,1,1.2846774711532926e-20,0.9959693106219563,5.584626084460868e-05,0.0012838139567558967,0.0023256015646607475,0.0001996752404497265,0.0001657523553325903
plot_10600,4,0.004894444500063609,1,1.6260271814658675e-20,0.9951055554999363,6.809096283587688e-05,0.0015618608145996173,0.0028154853403108146,0.00024136208535758286,0.00020764529695961657
plot_10601,4,0.006365322289937523,1,5.845695043015536e-20,0.9936346777099117,3.47649050642504e-05,0.004173686747738619,0.0014851207846489978,2.236378439841203e-05,0.0006493860682378781
plot_10602,4,0.019349774689687297,1,1.7985885655318325e-18,0.9806502253083382,0.00013853954568702795,0.010898382622335851,0.0013880864063323553,3.399497734995356e-06,0.006921366619571581
plot_10603,4,0.049652615899549904,1,2.254320458545667e-18,0.9503473840975567,0.00017551089701013265,0.038907444630356114,0.0016763737157656422,2.8807963312282425e-23,0.008893286659311217
plot_10604,4,0.05957326398064828,1,0.00023074814808885636,0.9404267360193517,0.03186652980003222,0.0004937430271929384,0.026292220648665224,1.0572808781212423e-27,0.000690022356669004
plot_10605,4,0.22675852072844685,1,0.006198667193077644,0.7732414792715531,0.11076736860735051,0.0026873924818166684,0.09691945524528822,2.111175298637068e-26,0.010185637200913719
plot_10606,4,0.11049557560268133,1,2.4057871683292652e-05,0.8895044243973187,5.6688795022671724e-06,0.10917588699669141,0.0004957756990237031,0.0007941861557806843,6.779672596019555e-241
plot_10607,4,0.09224607637720195,1,0.00035791776777339203,0.907753923622798,7.897056949443156e-05,0.08408860156236042,0.0035012671896732547,0.0042193192879004604,3.4882424775220133e-240
plot_10608,4,0.03147517574999837,1,0.0,0.9685248242500016,0.0,0.03136309342972824,0.00011208232027014808,3.234635501582463e-22,0.0
plot_10609,4,0.06995334198510841,1,4.456588962147448e-06,0.9300466580131235,0.0027358996960966117,0.018462905725631404,0.04105485114319777,0.007692084397191526,3.1444357970590107e-06
plot_10610,4,0.5690310251081022,5,0.0,0.013247767076202545,7.93145931853871e-06,0.26602011498428363,0.27915465707973064,0.43096897489189767,0.010600554508566815
plot_10611,4,0.15422174790831625,5,0.006309354840825274,0.014600185739657847,3.4738613732479573e-06,4.978864083577715e-06,0.13328905851472994,0.8457782520916838,1.4696087646418877e-05
plot_10612,4,0.07473587181816353,5,0.0016137143778601048,0.005243367423396712,1.0707695909245027e-05,4.3975106208606314e-05,0.06780357003607806,0.9252641281818365,2.0537178710789907e-05
plot_10613,4,0.01616579787733207,5,0.0053441731090699135,0.0003113074122545415,0.0,0.0015109437613188867,0.008940781526755811,0.9838342021226679,5.8592067932912046e-05
plot_10614,4,0.014658391822749639,5,0.0015200541736437002,0.0004070965293211208,4.361235538019993e-06,0.00011370367707389372,0.012607229350759641,0.9853416081772504,5.946856413263778e-06
plot_10616,4,0.1624066377198251,4,0.07263299314726988,0.0385145161462978,0.005564164126853588,0.020176768032628783,0.8375933622801749,0.0002011629991031374,0.02531703326767201
plot_10617,4,0.13533247004430932,1,0.09054555278078447,0.8646675299415921,0.0011483184304446749,0.01942567852725563,0.02308295700973366,1.2687638609085562e-17,0.0011299633101894478
plot_10618,4,0.6036671116343137,3,0.017640768418952006,0.37696930007478197,0.09510898148833843,0.3963328883656862,0.11094844536703866,0.0027796679718588356,0.0002199483133437328
plot_10620,4,0.16323025309029734,5,0.0014361607467583224,0.031550333041205976,0.0003233101391204212,0.0011665001360920515,0.12861505345105767,0.8367697469097026,0.0001388955760629063
plot_10621,4,0.6701643351201293,4,7.627833971270682e-05,0.3298356648798707,0.007994978353572485,0.010410924342393286,0.40412670226494274,0.24404004541002478,0.003515406409483405
plot_10622,4,0.46133825242875803,2,0.015431483302123454,0.010970099155973485,0.538661747571242,0.00859297659054336,0.05548736307061261,0.0004026671071455241,0.3704536632023596
plot_10623,4,0.530831664003414,6,0.007482211069598102,0.01981426425857291,0.454205667747669,0.013320777843400099,0.034541550384067296,0.0014671927001065547,0.46916833599658603
plot_10624,4,0.3966175094193338,6,0.0011726121891382424,0.006189063215639112,0.1747121663194645,0.025589303545885046,0.18894174865000202,1.2615499204850423e-05,0.6033824905806662
plot_10625,4,0.5181218271989183,2,0.009586358131862477,0.004561987891869826,0.4818781728010818,0.008726053836927358,0.07126316632697305,0.00033418770888647654,0.4236500733023991
plot_10626,4,0.7006559901025837,6,0.004846635241576868,0.0011857280848943626,0.19052346897082578,0.00800523372920837,0.2993440098974162,9.175551317311692e-05,0.4960031685629053
plot_10627,4,0.42464923649126174,6,0.001063863151290948,0.0027023066887213176,0.22224860632161914,0.018429625675961472,0.17998465222845458,0.00022018242521423776,0.5753507635087383
plot_10630,4,0.5230419405783483,4,0.0020742979091694356,0.15723849458563124,0.019443418881882186,0.003901325452012169,0.47695805941994285,0.30874219557193805,0.03164220817942413
plot_10631,4,0.43983889301259244,5,0.12511270354908463,0.0,0.002113098751536933,0.026153755047145594,0.28547744505517775,0.5601611069874075,0.0009818906096475176
plot_10632,4,0.6518203359343551,4,0.031490986959602715,0.0,0.34817966401302225,0.0013888532333317806,0.377997619601672,0.14383537156486564,0.09710750462750559
plot_10633,4,0.7722881204692542,4,0.23133317954397825,1.4398454676421423e-05,0.10820958358836599,0.0020405158283512436,0.3026521268395667,0.22771187953074573,0.12803831621431574
plot_10634,4,0.7016009069894684,4,0.2983990930105275,0.0,0.10544036867168011,0.009161030922477402,0.3371286646663728,0.16267040078894154,0.08720044194000065
plot_10638,4,0.16773148000950017,1,0.06846038216098134,0.8322685199904998,0.0011479691311003595,0.04378492712306726,0.054223378370293854,9.835113792104425e-06,0.00010498811026523926
plot_10639,4,0.7825883787519513,1,0.2174116212480486,0.6683525307967954,0.008001498352861878,0.010508968092734626,0.0943840470405646,0.00035756830368504977,0.000983766165309933
plot_10640,4,0.1825529058734331,1,0.10886437193070275,0.8174470941265541,0.008660338005825018,0.010051649424248668,0.053979400136855066,3.325152445740683e-05,0.0009638948513569509
plot_10646,4,0.1435897139390656,1,0.0016177216234349332,0.8564102860609343,0.047910509327137654,0.002622121846788036,0.0880848102733682,7.410705057669637e-27,0.0033545508683367102
plot_10648,4,0.08991165521944769,1,4.982641466989063e-06,0.910088344780551,0.08550761092598065,0.0007511268906397004,0.0023475645052995937,3.814494576483492e-29,0.0013003702560620341
plot_10650,4,0.07445723961053376,1,1.704241815778006e-05,0.9255427603894446,0.06748929111078998,0.0005608646975979099,0.005358617925877553,1.4445434738848563e-28,0.0010314234581320792
plot_10651,4,0.47160298396734135,4,0.057669780164956275,0.00719975243242622,0.38800502113686147,0.0003038223995283022,0.5283970160326587,0.0023583075387682614,0.016066300294800676
plot_10652,4,0.2724259421752926,4,0.015502316168823065,0.08435889525003086,0.1427200706629439,5.790088851196508e-05,0.7275740578247074,0.018599941022318652,0.011186818182664149
plot_10653,4,0.3301947202593014,4,0.021241034415220742,0.006528016019879866,0.22068527547266256,8.398594547281675e-06,0.6698052797406986,0.010297711800149526,0.07143428395684143
plot_10657,4,0.7646331217408333,1,0.015748770383622716,0.33771392990898347,0.26768476587240164,0.000721254163661449,0.09382389833902534,0.04894050307313868,0.23536687825916683
plot_1068,4,0.46822618453340126,6,0.0004167423285814117,0.1388199806408321,0.3249220374430768,7.036244749834677e-05,0.00399706167312301,2.8961333387768065e-13,0.5317738154665987
plot_107,4,0.13007272545490892,1,6.851938924782119e-05,0.8699272745450213,6.112101383454279e-05,2.7550901815418063e-06,0.12991211562850696,7.412005676146901e-18,2.8214333207828128e-05
plot_10706,4,0.23190119173676943,4,0.007287475974563636,0.009793204127772773,0.033255619790110054,0.00025880509211816127,0.7680988082632305,2.2428469832398452e-06,0.1813038439052215
plot_10707,4,0.6636629427517053,4,0.009673516671140041,0.015594712378853966,0.03552323041140698,0.001267603294909636,0.6016038799953946,2.2130055011960173e-16,0.3363370572482946
plot_10708,4,0.20705640892682392,4,0.00900467144567782,0.008460423473867919,0.03184105051166906,0.00021493430166136742,0.7929435910731761,9.057701540723972e-06,0.15752627149240703
plot_10709,4,0.34094609264809894,4,0.07395864177621496,0.028165993165139378,0.00012447239488379513,0.00024827138104071325,0.6590539073519011,0.22945783077557028,0.008990883155249886
plot_10710,4,0.733474683812393,4,0.07766788063573882,0.08633849215327384,0.0006638646608714878,0.0036555157936693627,0.5441583124357006,0.26652531618760694,0.020990618133138975
plot_10711,4,0.22801793071036944,4,0.033862521436196974,0.011974987547760656,0.002113720180425188,7.768297112630554e-05,0.7719820692896306,0.12967536871313262,0.05031364986172777
plot_10712,4,0.743322823991764,4,0.12456029709912875,0.00084366703030219,0.06483693159271413,4.450517386017867e-06,0.5220588079918922,0.031018669760340768,0.256677176008236
plot_10713,4,0.3052434743329463,1,0.00044295660984850486,0.6947565256670537,0.006508056550885086,0.15951053131278192,0.012094070639528946,0.12668785921990183,3.927355033583401e-93
plot_10714,4,0.714369248893715,1,0.00046275947023313155,0.657687533441004,0.0010572470397002811,0.285630751106285,0.010173040059748766,0.04498866888302895,1.559139385509803e-94
plot_10715,4,0.26558964523559936,1,0.0026811875097106723,0.7344103547644006,0.005172544827385322,0.10779428624776924,0.03668171073793088,0.11325991591280324,8.641243198687439e-95
plot_10716,4,0.26033660112928214,1,0.008657341226476037,0.7396633988705689,0.0036192626890880386,0.06931256027568466,0.07416335270864051,0.10458408422954192,5.424099044197669e-95
plot_10717,4,0.21988830792716654,1,0.07485933262417277,0.7801116920728335,7.969036911734558e-05,3.772543897383546e-05,0.005979321320768439,0.13893223817413414,3.7626229956641687e-109
plot_10740,4,0.7018764378087956,4,0.08478853349920706,0.29812356219108344,0.0014758756964454345,0.0765963277877382,0.33691041052522724,2.36997196784436e-12,0.20210529029792876
plot_10741,4,0.6651562206742692,4,0.05057439883357456,0.20232930089278872,0.001229503959722543,0.0785776259701606,0.33481235302642887,3.719123169617356e-12,0.33247681731360557
plot_10745,4,0.32094294233717635,4,0.03667872129414117,0.002038830162480556,0.01717619552038007,0.0,0.6790570576628236,0.04176689155390824,0.22328230380626635
plot_10746,4,0.33268177288141715,4,0.03342594118210964,0.009798918804502416,0.013833384456035836,8.716448441401767e-05,0.6673182271185829,0.0845672797505807,0.19096908420377456
plot_10753,4,0.7854601997795168,1,0.10422475487538505,0.334921332166698,0.2887516315192447,0.04121031124853131,0.21453980022048325,0.009320176106006788,0.007031993863650789
plot_10754,4,0.11303875933397763,1,3.122700108616383e-05,0.8869612406660095,0.04515991077916216,0.0017514783849611115,0.009074723712327405,7.052393741146605e-20,0.057021419456453754
plot_10755,4,0.5442326003772887,4,0.00010402429812955023,0.1986377955424663,0.006773991753613678,0.0023579449264279663,0.4557673979103388,0.3328081161430936,0.003550729425930058
plot_10758,4,0.09749458941408418,5,0.055637693171841696,0.00012836835154168908,5.929726309850571e-05,0.03511017395425169,0.0029559821551132957,0.9025054105859158,0.003603074518237306
plot_10759,4,0.04157607544605432,5,0.0008200000563925934,0.0005816210859292352,0.00036341791310113674,9.460516551462431e-05,0.03921323598097123,0.9584239245539456,0.0005031952441454766
plot_10765,4,0.4993843437071218,6,0.12513174075936648,0.062371539692547454,0.003469503331638988,0.13473612157856535,0.17367543834304042,1.963071401299855e-12,0.5006156562928782
plot_10766,4,0.5372177037969537,6,0.12653097150798204,0.01690491973593307,0.05660920459894475,0.1097821641095015,0.22739044384440066,1.916294758925427e-13,0.4627822962030464
plot_10767,4,0.46237172357997225,6,0.04259631703699661,0.05232434980690853,0.0036427395701162397,0.1982984030769429,0.16550991408738774,1.620268301033617e-12,0.5376282764200278
plot_10768,4,0.7753952318170034,6,0.06413730690560496,0.09428968231480352,0.007705534559057923,0.22460476818299657,0.29859621347532356,1.3455693936992895e-12,0.31066649456086803
plot_10775,4,0.6408252103557945,1,0.0,0.36750235243260554,0.21042433591700832,0.052274564609369134,0.0106239573968114,1.4058530435240073e-30,0.35917478964420557
plot_10776,4,0.3121324553309968,1,1.6543904506246317e-05,0.6878675446690032,0.1278603018405511,0.0009208258096740563,0.08088216205323302,3.7363219312229716e-20,0.10245262172303246
plot_10777,4,0.20362862799751918,1,0.00023420133109304682,0.7963713720024809,0.12323791392041394,0.0008834909618597007,0.04776867823947166,2.2208157754928767e-06,0.03150212272890533
plot_10778,4,0.30630703663626385,1,0.00021844731705547544,0.6936929633637362,0.21230816149488546,0.003584044836679261,0.06970675033198728,2.0560737088490125e-06,0.020487576581947522
plot_10779,4,0.30742615313662713,1,0.00020339676763537134,0.6925738468633729,0.24366167930079616,0.006596034839977075,0.04694293994258013,1.8389098686624682e-06,0.010020263375769684
plot_10780,4,0.4708671822630366,2,0.0,0.12225351391056927,0.5291328177369634,0.09842697685214091,0.0007711568079899105,1.0991755398724312e-32,0.24941553469233643
plot_10781,4,0.7867450306141615,1,0.0,0.7740062805563771,0.0,0.2132549693858385,0.012738750057784427,3.675402448869046e-20,0.0
plot_10782,4,0.7918336434131622,1,0.0002316140521662539,0.7813085468681906,1.9745971782179054e-05,0.20816635658683783,0.0016291076711440937,0.008644628849879099,2.4368857039858524e-107
plot_10783,4,0.2282661211426575,1,7.9392377812134e-05,0.7717338788570709,0.0001715315062880822,0.21663833834216956,0.002544357875086317,0.008832501041572838,8.449545850929333e-240
plot_108,4,0.6507726596647035,2,0.13820865437928959,0.03506887667900016,0.34922734033529645,0.08438359379168048,0.08696775114049987,1.2644249928217462e-11,0.3061437836615891
plot_10810,4,0.13522189891155456,1,2.833881290452406e-06,0.8647781010884454,0.12499486928884984,0.003477653202432606,0.0014528519509537667,2.3366330343727048e-29,0.00529369058802786
plot_10811,4,0.262306151737958,1,6.0716910809050366e-06,0.737693848262042,1.9384307881040543e-05,0.25966516268354456,0.0004541577222366711,0.0021613753332148204,1.7254814702214057e-94
plot_10812,4,0.011538548178218262,1,9.766373799468994e-05,0.9884614518217818,8.250456709124884e-07,0.007077451085793303,0.0006561909491080486,0.0037064173596513673,9.679386591145934e-242
plot_10813,4,0.0018787029281816079,1,0.0,0.9981212970718184,1.5551835968718966e-05,0.000942202759862405,0.00025193669727034364,0.0006683412281188549,6.704069612960484e-07
plot_10814,4,0.0027926384822387694,1,0.0,0.9972073615177612,1.5098392549497411e-05,0.0004344532505401576,0.0007374684486111136,0.0016050499501498489,5.684403881583996e-07
plot_10815,4,0.006677644374220265,1,0.0,0.9933223556257798,1.6816252401499938e-05,0.0010149959877153438,2.8096452426474126e-05,0.005607510556742556,1.022512493440778e-05
plot_10816,4,0.02450856361211505,1,0.0,0.9754914363878849,0.00021680206624470684,0.013808404775475866,7.450417282506287e-06,0.010364746483118038,0.00011115986999391743
plot_10817,4,0.06928420048426705,1,8.985812405531292e-06,0.930715799514574,0.0017060486731270263,0.06698829894533473,5.699586012748241e-05,6.224653132489565e-25,0.000523871194431092
plot_10822,4,0.20040308355818495,0,0.7995969164418151,0.005325210658100219,0.0017687338289687925,0.04183605836165856,0.022296962024724205,4.771205475852709e-17,0.12917611868473317
plot_10845,4,0.404952146728155,6,0.1032521105351571,0.14318760224805052,0.007002730333519317,0.02490941296778418,0.12660029064209802,1.5458599850483898e-12,0.5950478532718451
plot_10846,4,0.04967256855407627,1,0.0001808322272833156,0.9503274314459238,0.034901496043368126,0.00026977208896077575,0.013636700846781487,8.49976046602219e-28,0.0006837673476826285
plot_10847,4,0.058611382093529917,1,0.00025897801275465544,0.9413886179064701,0.026634054954568782,0.00041542692806657746,0.03052347957724292,1.5151869630460842e-27,0.0007794426208969995
plot_10848,4,0.6503819703478775,1,0.0,0.6133199154615996,0.3496180296521226,0.011169435180491676,0.0005591968199363036,9.91923113306425e-31,0.025333422885849992
plot_10849,4,0.16966709380266792,1,2.1673564129740054e-06,0.8303329061973321,0.15743220871801364,0.0033968834076545844,0.0012229287201982928,1.482616412906223e-29,0.007612905600388462
plot_10850,4,0.2253170727329058,1,2.418954417768933e-06,0.7746829272670942,0.18696179546473382,0.004729794090407831,0.004765105509627514,1.3431266325341777e-06,0.028856615587086368
plot_10851,4,0.3183878659508949,1,0.0,0.6816121340491051,0.239675081906282,0.011220012441745537,0.001357159462212485,6.013132873549613e-31,0.06613561214065496
plot_10852,4,0.5673945244996011,2,0.0,0.41440212000010374,0.43260547550039896,0.05100868023991856,0.0006318055559455454,1.3638406760317041e-31,0.10135191870363326
plot_10854,4,0.47695911690876613,4,0.07727658914082984,0.0,0.10708712331533157,0.04825436479295944,0.5230408830912339,0.004840993309546975,0.2395000463500983
plot_10855,4,0.03538125365701842,1,1.7327882015946864e-68,0.9646187463420643,0.0001836049792033684,0.035152860422294145,1.1363412552365536e-05,1.093513317239963e-05,2.2489710713378958e-05
plot_10856,4,0.004888891984710262,1,0.0,0.9951111080152042,8.88014730136155e-06,0.004756642887005495,1.1438647736362505e-05,0.00011193030275260531,0.0
plot_10881,4,0.030663980173550237,5,0.013434346562400088,0.001292375032051205,4.1128049596057655e-06,0.003981349827741727,0.011808862466768669,0.9693360198264498,0.0001429334796289735
plot_10882,4,0.4066385231718927,4,0.00019941753963878967,0.06856227280836105,0.18848655672947723,0.035331811689243604,0.5933614768281074,1.6925992523132615e-05,0.11404153841264894
plot_10886,4,0.2851052031261248,6,0.03243343331397328,0.01854620942899123,0.02469217981972123,0.14343255468241253,0.06600082588074524,2.8132353622319723e-13,0.7148947968738752
plot_10887,4,0.6994443563882802,6,0.0936462471930478,0.30055564361027715,0.004767823407001596,0.015875339604709594,0.1960360661874673,1.4421552970194983e-12,0.38911887999605443
plot_10888,4,0.3562379591843874,6,0.10030619198705387,0.14147205876044622,0.03623203674170607,0.004266623183884729,0.07396104851076982,5.267506867428845e-13,0.6437620408156126
plot_10889,4,0.0043091186880882554,5,0.0019199430671346892,0.0,5.225895723049264e-06,1.809535774105795e-05,5.932739215993415e-05,0.9956908813119117,0.002306526975329527
plot_10890,4,0.001150771591502012,5,0.001016206436390004,0.0,4.77275706535785e-07,3.660497169404822e-05,3.452918359348786e-06,0.998849228408498,9.402998935207828e-05
plot_10891,4,0.7697256884346897,4,0.17224768828092546,0.0,0.23027431156531034,0.0059510196967826785,0.3280284693969471,0.03215591979615496,0.23134259126387952
plot_10892,4,0.48105766823766133,4,0.22876436209171594,1.400007342562803e-05,0.09541560427752457,0.012220105925786998,0.5189423317623386,0.0020458025470477454,0.14259779332216038
plot_10893,4,0.6025154478228376,6,0.10136920330889954,0.0,0.12550744021260368,0.01717492783133897,0.3401708114705045,0.01829306499949089,0.3974845521771625
plot_109,4,0.27262246691219305,4,0.0013074650880443386,0.10427921822036312,0.05497793019698062,0.10013910391398441,0.727377533087807,0.011898699126127996,2.0050366692624544e-05
plot_10900,4,0.7988737923866369,1,5.371520768509348e-06,0.366286837558771,0.3021785995869627,0.004422145175129267,0.20112620761336303,1.2131498904594694e-20,0.12598083854500552
plot_10906,4,0.5756175899785203,6,0.0016326663618800826,0.20340525165236106,0.27965004023420353,0.0,0.09092058309286366,9.048637212053763e-06,0.4243824100214797
plot_10909,4,0.22112279759376147,1,8.466417076664413e-17,0.7788772024057216,0.007953130622456058,0.029554161352364355,0.05790058816889433,9.317934435041093e-22,0.12571491745056357
plot_10910,4,0.7621704172825359,1,4.872523306412931e-17,0.5673744624235854,0.009889543330206153,0.03553948425106016,0.1493454932882594,2.1433989424807103e-05,0.23782958271746416
plot_10911,4,0.7570164961189938,1,2.4583083523107766e-16,0.4431971456823963,0.053287793972529376,0.13242662820369822,0.24298350388100626,0.0005781987015044698,0.12752672955886518
plot_10912,4,0.04657751884640798,5,0.012134706692385224,0.003713992318086651,2.284591421239065e-05,0.0036462483130569726,0.02690573314396375,0.9534224811535921,0.00015399246470302865
plot_10913,4,0.09100926050625138,5,0.00033601647458872397,0.0018280861397287286,0.0007300130637736104,3.33121267997008e-05,0.08675532132323868,0.9089907394937486,0.0013265113781219414
plot_10916,4,0.6432349939376975,1,3.299690490780821e-66,0.5197008357551706,0.08740124464936716,0.013096043363324983,0.35676500606230255,0.023004195185428625,3.2674984406078855e-05
plot_10917,4,0.041252020828934685,5,0.0007927790309391859,0.0007912137142726052,0.00030352374393165227,7.612265294111593e-05,0.03886824341841533,0.9587479791710654,0.00042013826843484024
plot_10918,4,0.0223299684798233,5,0.009628354990535899,0.00011465002658084245,2.176930753140103e-05,0.0028649615492911317,0.009562010965574668,0.9776700315201767,0.0001382216403093902
plot_10930,4,0.4439518028903405,2,5.427494021477136e-06,0.25846045779514626,0.5560481971096596,0.03676962403294036,0.10522854919868291,1.2281592156803492e-20,0.04348774436954945
plot_10931,4,0.3974573030611044,2,2.803346051355046e-06,0.23249312056272417,0.6025426969388956,0.052525141475021186,0.0878936145502598,6.352785863917645e-21,0.024542623127047858
plot_10932,4,0.48589311189941575,2,7.866284216735869e-06,0.3667864886538774,0.5141068881005842,0.016801507614200628,0.08553767886163051,1.7768775789500414e-20,0.016759570485490375
plot_10933,4,0.41508483060007073,1,2.481922442245553e-05,0.5849151693999293,0.3254858371934743,0.015212917938049197,0.06809647412334169,5.605806865357092e-20,0.0062647821207830875
plot_10934,4,0.17656260480323238,1,0.0003913815603694536,0.8234373951967676,0.13068397720585123,0.007443424513737237,0.025976331984378292,3.6198824744199386e-06,0.01206386965642172
plot_10935,4,0.15538503788683358,1,0.0008993593145631542,0.8446149621131664,0.09325182317664449,0.015703279100619246,0.029456060737710003,1.880671138370247e-05,0.016055708845913026
plot_10936,4,0.04954074520691672,1,3.483437488963941e-05,0.9504592547930834,5.548615239663775e-05,0.04837885132594078,0.0010715733536897315,3.026913244849656e-21,1.2684649050570436e-105
plot_10937,4,0.7956534624850135,2,0.08636906704554223,0.132652021861965,0.4044091396825342,0.20434653751498658,0.11482057353554231,4.157646861661667e-05,0.057361083890813014
plot_10938,4,0.6166973789916483,2,0.05544477244296997,0.3223733577346676,0.38330262100835166,0.10030222118943433,0.12105749197047315,3.351552947989252e-05,0.01748602012462339
plot_10942,4,0.0032542251009670398,1,0.0,0.9967457748989063,0.0,0.0032466473819586106,6.2518917332092965e-06,6.884529730130461e-07,6.373744289583476e-07
plot_10943,4,0.002160660952581093,1,3.622183668584637e-05,0.9978393390440574,6.559515682481508e-05,0.0018269804214072788,0.0001131496894830615,0.00011871385154164477,1.5933377399653827e-105
plot_10944,4,0.3588116184579038,1,0.05483058378492152,0.6411883815420962,0.2098035818362032,5.646953128684354e-05,0.094103375186466,1.4631191468610565e-05,2.9769275576794396e-06
plot_10945,4,0.48919156679303033,4,0.011902761139964576,0.26953396368120397,0.02144671756782146,0.11627463630435278,0.5108084332069697,0.06953725683179277,0.0004962312678947757
plot_10967,4,0.36360339203711944,1,2.7752491792710643e-65,0.636396607919539,0.04250549204424459,0.0038978317561586206,0.3108117612191705,0.0063883070608872555,1.0042613070375754e-90
plot_10970,4,0.7658196524897815,1,1.024758530605303e-15,0.34691937468045464,0.14510523724316385,0.23418034751021852,0.2045945347853057,0.0006465271387921509,0.06855397864206411
plot_10971,4,0.3531248586100496,1,5.83389897088279e-16,0.6468751413897089,0.05858063239081068,0.09618830217395186,0.13599805008400176,2.5601841635002696e-05,0.06233227211989123
plot_10972,4,0.3430861616941068,1,1.1431526377281698e-16,0.6569138382485952,0.014259875680195912,0.04125618588863092,0.14260766503231043,1.6820936679598656e-05,0.14494561421358776
plot_10989,4,0.21780126988505044,2,0.017683475305085593,0.10681374035062223,0.7821987301149496,0.01237922426871316,0.07330480414807711,2.96572676595067e-05,0.007590368544892836
plot_10994,4,0.41750542215298847,1,0.03280207355224487,0.5824945778346253,0.06939879307637148,0.08858287640795383,0.2083694786287374,2.4518255644453494e-18,0.018352200500067212
plot_10995,4,0.5204622682740845,1,0.2582348408566242,0.47953773172550895,0.09075374748596032,0.07021123585145865,0.05413894634438452,6.509647707883651e-17,0.04712349773606329
plot_110,4,0.3231521246576897,4,0.0016970236299278254,0.09531631096811238,0.1448608864644229,0.07247251116637479,0.6768478753423103,0.008727108085793274,7.82843430585113e-05
plot_11003,4,0.19355924215017375,1,0.009598551537209746,0.8064407578498263,0.05397767520188988,0.031975202440058186,0.06721780107754768,0.00043851271369459307,0.03035149917977365
plot_11015,4,0.2679199893085473,1,0.015080025454768824,0.7320800106914527,0.08757061577185196,0.03187943404691196,0.06553938721224467,0.0007328298060248634,0.06711769701674505
plot_11016,4,0.20592255960046396,1,0.0012026278039973146,0.7940774403995361,0.04914432245600059,0.07802827396590992,0.03260868646158266,2.368988510012665e-05,0.04491495902787335
plot_11017,4,0.4856720351044304,6,0.052596611741178585,0.02771101032853969,0.007182295068247954,0.19059127809932797,0.20759083986713625,2.0844480748509635e-17,0.5143279648955696
plot_11029,4,0.5926977540269608,0,0.4073022459730393,0.3537406927606923,0.12213979675088972,0.019044820962258426,0.07701547703038669,5.403384118129879e-17,0.020756966522733563
plot_11030,4,0.41218659451475625,1,0.22932630710758745,0.587813405484299,0.07770817646336864,0.032164933189532764,0.06257591025951478,7.253788355389761e-19,0.010411267495697407
plot_11031,4,0.42946375592072494,1,0.207529227316644,0.5705362440785214,0.07746251258053304,0.016134609333807934,0.12591864048792106,3.298389096422287e-18,0.0024187662025725214
plot_11032,4,0.5394914194689547,1,0.04258608157562576,0.4605085805309591,0.12453462599178079,0.16990998920993794,0.10833236826699685,2.808860812447424e-17,0.09412835442469952
plot_11033,4,0.7480035745571723,1,0.02052774926072575,0.2821443495646415,0.12227349672461148,0.25199642544282763,0.2074367464018586,9.033990669703018e-17,0.11562123260533505
plot_11034,4,0.6126917936815066,4,0.008756310722652753,0.2824266391648388,0.11600074082675674,0.10360636877396745,0.3873082063184934,2.374827780467252e-17,0.10190173419329082
plot_11035,4,0.5611827535892604,0,0.4388172464107397,0.12924702601913296,0.18295594251827807,0.02679168633529229,0.1017855609046078,1.7637630219768349e-15,0.12040253781194749
plot_11042,4,0.5573202005748463,1,0.14221747626036813,0.44267979942514574,0.00043959967078527156,0.28630792269532374,0.022186817770358632,6.307958075645357e-16,0.10616838417801802
plot_11043,4,0.6427779407669301,1,0.149517306590679,0.4345595658153818,0.000668614896519169,0.35722205923306977,0.010764243447301933,6.852560932261073e-16,0.04726821001704751
plot_11044,4,0.5274967571422037,1,0.15632074794651737,0.47250324285778855,0.0025607303609826108,0.27240426272400287,0.015894773960800024,5.784814753970974e-16,0.08031624214990803
plot_11045,4,0.750588097265803,1,0.24941190273419706,0.3740281016515909,0.0009605046260332731,0.2854474921068566,0.014898399706683654,4.800958675933682e-16,0.07525359917463824
plot_11048,4,0.5771081373195932,2,0.1608032523532806,0.0008729497697537808,0.4228918626804068,0.0,0.4139798387620258,9.792201986176534e-06,0.001442304232546837
plot_11054,4,0.025340564703554974,1,1.521193016692975e-20,0.974659435296445,1.1413887386772234e-05,0.025081890827239564,0.00023666967028755312,1.0590318641105667e-05,1.2118720113671188e-101
plot_11055,4,0.6860470951901148,1,8.498728615804701e-16,0.38184513664601033,0.27808872066343127,0.015649804623545146,0.31395290480988536,7.444229211197332e-22,0.010463433257127112
plot_11056,4,0.7834758661085183,1,6.890709624976382e-66,0.7673460831262102,0.015945045578049474,0.21652413389148176,1.6817683242010876e-05,0.00016791972101661023,1.8445858582671837e-87
plot_11057,4,0.10659649239113543,1,3.784389314492051e-65,0.8934035076088646,0.03484596492301558,0.07057168406434682,1.3774359075473188e-05,0.001165069044697547,1.5107900108555853e-87
plot_11058,4,0.4350166257795262,0,0.5649833742204737,0.02237894387179236,0.05333390410108172,0.008998426286016551,0.3499549182622947,0.00023031457981858238,0.00012011867852235018
plot_11059,4,0.04621191483386143,1,1.1198846728288284e-19,0.953788085165931,2.876318809288668e-05,0.045772955132878934,0.0003828493185706802,6.9593217212294976e-06,2.0387872805201075e-05
plot_11070,4,0.6871975869810887,0,0.37538422782577086,0.11606409147848867,0.31280241301891126,0.01845635916484306,0.11331644272501898,1.0316284650158469e-15,0.06397646578696593
plot_11074,4,0.6470377486101297,2,0.19299340846979604,0.0028450116342079524,0.3529622513888994,0.16600876872228293,0.05415271936591712,1.188533465745349e-15,0.23103784041889538
plot_11085,4,0.520753339913402,2,0.08124667613763081,3.314438484417451e-05,0.47924666008659805,0.0,0.43259973849992195,4.315703800951056e-05,0.006830623852995519
plot_11086,4,0.42960229845573544,1,0.0013445969499736189,0.5703977015440094,0.08204312723799474,0.09544130785462777,0.23277446960185288,0.016817516529271367,0.0011812802822703577
plot_11087,4,0.8056526518140168,1,0.020684084403436595,0.34472309411394053,0.15376502380570622,0.0036085647699071284,0.28287188472102626,0.19434734818598326,3.949331599242709e-102
plot_11088,4,0.4546325581158908,1,0.010182308903741475,0.5453674418841092,0.13787299399603425,0.0008034920210032616,0.21315784346774017,0.09261591972737171,1.1799992037220325e-101
plot_11089,4,0.5772301098695494,2,0.1620853069150636,0.19441930720930437,0.4227698901304507,0.004099908681165555,0.1876608400564098,0.028961570842272143,3.1761653339388938e-06
plot_11090,4,0.5841342631933749,4,0.07603145847320283,0.17255770327669934,0.2610903046431236,0.0025308707689134617,0.41586573680662514,0.07192392603143573,5.56923323402347e-102
plot_11091,4,0.5883102050717802,2,0.05010129070400276,0.30781355500620977,0.41168979492821994,0.001030546724714441,0.18006232131568567,0.04930249132116744,1.976612261739095e-101
plot_11095,4,0.02292963993851077,1,5.2035951358314956e-20,0.9770703600614892,9.324663966207451e-05,0.021622696159533373,0.001210348313347609,3.3488259676530466e-06,1.314616094672749e-100
plot_11096,4,0.2806055274349039,1,0.024094186892642724,0.7193944724989215,0.018590172511704427,0.0006264725940884195,0.2366847659320408,0.0005944389679126775,1.549060268940732e-05
plot_11097,4,0.5663578178212688,4,0.08173118168594937,0.38543130086390126,0.09480034260203093,0.002973833297322916,0.4336421821787313,0.0010233377159611001,0.0003978216561031378
plot_11098,4,0.5635086856299161,6,0.243349972917859,0.013871432703962974,0.18504849563983244,0.10254390908293853,0.018694875285322904,3.183062087330052e-16,0.43649131437008387
plot_11099,4,0.6217487817779714,6,0.3782512182220287,0.0017659452321329204,0.053829174332619925,0.024296530320815447,0.005811817513091705,1.1158339400108307e-16,0.5360453143793114
plot_111,4,0.47181947664727486,2,0.022431618155955083,0.03402245168581632,0.5281805233527251,0.0009993623299667817,0.3430416024367115,8.184877999337398e-10,0.07132444122033739
plot_11131,4,0.42755644139559235,6,0.35956306646069125,0.001499280229745581,0.025494508221123778,0.021189332047203593,0.01981025443682729,9.233518806768148e-16,0.5724435586044077
plot_11179,4,0.5372363025001012,1,0.00014397103678798632,0.46276369749989876,0.1084731764584421,0.1552863683049679,0.1463515203427191,3.8631549745617184e-06,0.12697740320220963
plot_1118,4,0.18557073365486498,1,5.7335329040823504e-05,0.814429266345135,0.001057500400028413,0.1511311080914867,0.03322843117970587,9.635865460323613e-05,9.377910020853825e-54
plot_11180,4,0.5535606560217222,2,8.794278253524038e-05,0.04428785759435292,0.44643934397827767,0.07900016007315584,0.04633492526757992,0.0005011507004184643,0.3833486196036798
plot_11181,4,0.18482866924665237,1,0.0015116546823022291,0.8151713307533477,0.043575948403943535,0.0789887618533718,0.03470331909943296,2.9358649742986125e-05,0.02601962655785897
plot_11182,4,0.28296514949343043,1,0.021779671337668116,0.7170348505065696,0.10425842828935825,0.030234864393525455,0.06437480897851579,0.0010810144512279473,0.06123636204313482
plot_1119,4,0.050245342284657955,1,0.0020448669889924246,0.9497546577130553,0.005251236916313025,0.015596209880035527,0.0244627748494746,2.0168774855406672e-05,0.00287008487727367
plot_11190,4,0.5345548075591281,4,0.37884100235434276,1.6341866012278387e-05,0.14809030439265397,3.46928171372173e-05,0.46544519244087196,0.00019379456273916306,0.0073786715662426654
plot_112,4,0.3447690402377867,2,0.01806428256785439,0.0871958541651596,0.6552309597622133,0.0005318054390513169,0.2242818949300426,4.583833118999611e-06,0.014690619302559866
plot_11216,4,0.6765800170587891,2,0.16636850214330642,0.008270766865014089,0.3234199829412108,0.17640368758431021,0.10032270950254354,1.1831878041821272e-15,0.2252143509636135
plot_11217,4,0.618311506175855,0,0.38168849382414505,0.3592501497074396,0.12598144936492206,0.005630248300076707,0.11678841462549808,3.663379872787882e-17,0.010661244177918576
plot_11218,4,0.7824601615178179,1,0.2266822949887527,0.28968213854596037,0.24979822920527425,0.005492539284037728,0.21753983848218217,1.614658143713341e-16,0.01080495949379284
plot_11221,4,0.7361910214237496,3,0.16120035685876596,0.012582789837031625,0.22522783340081512,0.2638089785762504,0.15285576057923025,1.2969910903355296e-15,0.18432428074790522
plot_11222,4,0.7894850454709013,1,0.03507956900294164,0.40710661860751146,0.21051495452909874,0.13258206723861007,0.16933017004272033,2.5446269364691603e-17,0.045386620579117756
plot_11256,4,0.35853521998222565,1,0.014720364268096078,0.6414647800177743,0.23489787392063732,0.08876289498340444,0.01787419841795999,4.305504332092065e-21,0.002279888392127834
plot_11257,4,0.44854720109956153,1,0.05225264310628449,0.5514527988998007,0.09831693950920153,0.10605273834355103,0.16305395098445816,5.8780490746848e-18,0.028870929156704174
plot_11294,4,0.35737434605850815,2,0.003588847323060215,0.303315505330181,0.6426256539414918,0.02667854734231794,0.02217922084182463,3.043865278662683e-06,0.0016091813558458043
plot_113,4,0.29505348081896865,1,0.003604479995189747,0.7049465191809188,0.2572871323074312,6.044350347679542e-06,0.0037645648411593546,2.329617348658249e-06,0.030388929707604543
plot_11326,4,0.5704624642425752,1,0.04887004571556597,0.4295375357574248,0.2266000326080379,0.07641368422906625,0.01811488083326512,0.01666160674315014,0.1838022141134899
plot_11330,4,0.48200580008707283,1,0.02075207693751519,0.5179941999129272,0.21714879467442888,0.015136110598370034,0.07330621921711553,0.003711885497821666,0.15195071316182143
plot_11331,4,0.5383370085947731,2,0.0017114717811718,0.0410690980754516,0.46166299140522693,0.057046149392832396,0.04316424121709432,0.00277769435977342,0.3925683537684496
plot_114,4,0.059286667057156316,1,0.0013300106089584342,0.9407133329428436,0.010207990678048546,0.010139093319199556,0.03328595344224069,0.0027959844830258477,0.0015276345256832022
plot_1141,4,0.1435047058140577,1,4.0414916360441164e-05,0.8564952941842641,0.0016257063308601515,0.11702087365957053,0.02466684047179552,0.00015087043714912075,1.3716836689968709e-53
plot_1144,4,0.10880547699738774,1,0.0006905104132466226,0.8911945230025766,3.3844646329243433e-06,0.08717301082616181,0.020908526152050987,4.798672071345853e-13,3.004514085121303e-05
plot_1145,4,0.7076086644023859,1,0.006317012573052221,0.47803240032552485,0.1641017308796842,0.011100514184648174,0.292391335597614,4.3818954158923924e-12,0.04805700643509453
plot_11455,4,0.7146239172812747,5,0.2853760827187253,0.21489842653053196,0.0,0.0,3.8223727617739416e-09,0.49972548692837004,5.928284876231707e-268
plot_1147,4,0.3667273339652015,6,0.25318770929240036,0.005673326016167236,0.02794199684287624,0.0,0.07974630048513906,0.00017800132861862348,0.6332726660347985
plot_11471,4,0.6349819878342178,1,0.0,0.414814445661181,0.13935175616586493,0.012287754430961681,0.06852803157621032,5.890303859150748e-29,0.3650180121657822
plot_11472,4,0.007884353674860506,1,0.0,0.9921156463251395,0.0,0.007881887363428597,3.946378668359927e-13,1.2403997864490713e-06,1.2259112508137983e-06
plot_11473,4,0.0015213453556077257,1,0.0,0.9984786546441146,0.0,0.00151876305521969,5.032347899524729e-13,2.58230016251064e-06,0.0
plot_11474,4,0.004179956708127252,1,2.857895861687726e-05,0.9958200432918728,4.5522173375497893e-05,0.004034767930575611,6.659254818267981e-05,4.495097376628508e-06,1.0406791034268981e-105
plot_11477,4,0.05683531068351893,1,0.0005994587155154145,0.9431646893164811,0.022420572357414834,0.00027528547616318685,0.02345289535012611,8.822650111790182e-29,0.010087098784299437
plot_11478,4,0.03908386165354775,1,0.0004779856357563039,0.9609161383464522,0.015682865625814876,0.0001455511974487096,0.017550090839472673,7.249341121373899e-29,0.005227368355055111
plot_11479,4,0.06572910935507656,5,0.0633081840053627,0.0,0.00048673117734593114,0.0,0.0004518236966694244,0.9342708906449234,0.0014823704756984925
plot_1148,4,0.3985193485718198,6,0.19780363366905496,0.014598837274795554,0.08649825973770775,0.0,0.09913492632072642,0.0004836915695351822,0.6014806514281802
plot_11481,4,0.013663914776771799,1,0.0,0.9863360852230497,0.0,0.013615476932445214,4.7518152286903704e-05,9.196922182610834e-07,0.0
plot_11482,4,0.061607974974496826,1,4.017333153936387e-05,0.9383920250255031,6.399034296254229e-05,0.06023081305161469,0.0012729982483801773,3.59813205591829e-21,1.4628785887029254e-105
plot_11483,4,0.08950664131738853,5,0.08827725047960472,0.0,0.0004625134666092347,0.0,0.0005231011719815602,0.9104933586826115,0.0002437761991930291
plot_11484,4,0.7925880756362362,2,0.00035717085716673296,0.24416723425638542,0.3656951052475856,0.08845677654417461,0.09391178873092386,1.3786708784818672e-18,0.20741192436376374
plot_11485,4,0.4769946842279245,2,5.373291936123307e-06,0.2506124031338542,0.5230053157720755,0.06686257816814242,0.08461806280080539,3.359994597206173e-20,0.0748962668331864
plot_11486,4,0.0977658384349632,1,0.0004199466639647985,0.9022341615650368,0.04255575766356465,0.0018586069722120295,0.052580949933230314,1.2156735084928025e-05,0.0003384204669064639
plot_11487,4,0.2164775459023545,1,0.0010620192333225678,0.7835224540976455,0.09952424830216455,0.0005445410113113494,0.11509725778440712,0.0002196102929548934,2.9869278193971902e-05
plot_11488,4,0.2648209189747356,1,0.01479873137622502,0.735179081005477,0.17706402163312948,0.002767215546030778,0.06954214029215196,0.0004618118504256415,0.00018699829656025047
plot_11489,4,0.16670352287789073,1,0.0070843729628720575,0.8332964771221018,0.11699958260261452,0.0010054444690395454,0.04098241316558109,0.00015561217761812454,0.0004760975001730957
plot_11490,4,0.18208576022169376,1,0.0158313164338584,0.8179142397782762,0.11294258131331009,0.004532550344614042,0.04721031093715167,0.000464427705470143,0.0011045734873195638
plot_11491,4,0.651484474786542,1,0.05654187148810601,0.4800101749066442,0.34851552521345797,0.012289950461672828,0.09781878398436834,0.0034717134403362267,0.0013519805054144176
plot_11493,4,0.011004664149926239,1,0.0,0.9889953358496879,7.039792023526364e-06,0.01097634420205498,3.8561720584510744e-13,2.1280155848118515e-05,0.0
plot_11494,4,0.40038337166668075,1,0.0014636183503913712,0.5996166283316205,0.12458054904276114,0.16783379632935191,0.025346369817354844,3.200923328083454e-20,0.08115903812852021
plot_11496,4,0.21736527499711364,1,0.002371958063327487,0.7826347250028864,0.10996122776441271,0.007988951443082759,0.09643618739802651,0.0001822841322242443,0.0004246661960399793
plot_11497,4,0.5993373017869058,4,0.07003157952912603,0.002777673507718428,0.21158513645309548,0.07510211251143561,0.40066269821309425,5.789547785288317e-16,0.2398407997855297
plot_11498,4,0.636117750655933,6,0.0808403135037355,0.01260834040721315,0.12063365751406503,0.11110465667907261,0.31093078255184603,6.603945141758061e-16,0.3638822493440671
plot_11499,4,0.15418296353295943,1,0.04300414264661889,0.8458170364670405,0.004033617520980291,0.007066238121692598,0.0314143920732464,0.06815008666107679,0.000514486509344457
plot_115,4,0.05959041016670338,1,0.0015989553348972796,0.9404095898330631,0.0017738050964756621,0.001629097489172277,0.05397397212862726,0.0005162981684693004,9.82819492952004e-05
plot_11500,4,0.35277455209891007,1,0.09543775944550353,0.6472254479010111,0.012737054177405987,0.013738107616728824,0.09906109002413735,0.1308648500717319,0.00093569076348113
plot_11504,4,0.06143229642640496,1,1.0887833218267868e-05,0.9385677035735951,1.1077911978154909e-06,0.060949225299416904,0.00020580571419833758,0.00026526978837367016,1.4617635206063303e-241
plot_11505,4,0.20314071926687693,1,6.232720664312149e-05,0.796859280733123,0.00011637428794565665,0.1947857863317856,0.001933133996054288,0.0062430974444482,5.955866988020988e-240
plot_11506,4,0.5630296598630222,2,0.12227571924759056,0.014416830606640604,0.4369703401369778,2.7356575764596816e-06,0.42628069912894156,3.408092378996012e-05,1.9594298483150582e-05
plot_11507,4,0.34161663215440036,4,0.04021073050877106,0.04503730701257797,0.2560947226024503,0.00026721652666952816,0.6583833678455996,6.655503931428744e-06,5.455220205431171e-104
plot_11520,4,0.14747186792409384,1,0.0005850604738002324,0.8525281320759062,0.027396757343844766,0.11076425942279422,0.0019595097642068553,2.6961397657155725e-24,0.006766280919447803
plot_11521,4,0.20915882875232278,1,0.0005925466718488655,0.7908411712476773,0.034575427783888675,0.16192422466814557,0.003120745231255274,3.453061754631212e-24,0.008945884397184493
plot_11522,4,0.0410595975700424,1,0.006958241715109115,0.9589404024299577,7.020654566696247e-05,1.970943429341885e-05,0.0009603358329940644,0.03303626737632199,1.4836665656954467e-05
plot_11523,4,0.06408920190257733,1,0.016151659404491325,0.9359107980974227,0.0006540122602293511,0.0016867379949340562,0.010374157062897137,0.03517635431633828,4.628086368724372e-05
plot_11542,4,0.6593407082419418,1,0.14360863845313546,0.42561474945657335,0.008704514170436432,0.0025742879110029295,0.07878079518002373,0.3406592917580581,5.772307076999839e-05
plot_11543,4,0.06650453802961451,1,0.0012881776468367774,0.9334954619703855,0.0016227544918342332,0.000752964026236696,0.05128204849117375,0.00036219128643115596,0.011196402087101853
plot_11544,4,0.7029140887777503,2,0.02904926092886906,0.13258311020543323,0.4959014721172488,0.04386089813189546,0.29708591122224975,0.0005650081125381242,0.0009543392817656684
plot_11545,4,0.3715204827925991,2,0.042005991950574216,0.07835574998208833,0.6284795172074009,0.04772003609136663,0.2027874288833702,0.00013176662463053364,0.0005195092605690507
plot_11546,4,0.19746635993276773,1,0.005332816019939039,0.8025336400672123,0.012541087069089516,0.005646620485079726,0.1350716773441794,4.4554419256401996e-05,0.038829604595243594
plot_11547,4,0.01283623877608211,5,6.97134898829108e-05,0.0,0.0,0.009663321297678901,0.00012834206354313526,0.9871637612239179,0.0029748619249771848
plot_11548,4,0.008707409300882448,5,5.266681861163479e-05,0.0,0.0,0.006287288504358199,9.624015184996042e-05,0.9912925906991176,0.002271213826062675
plot_11555,4,0.3102287944975291,1,0.009582324191799604,0.6897712055024277,0.14389737185975687,0.004753936853808804,0.12810119645225193,0.0014345037343330936,0.022459461405622067
plot_11556,4,0.15401588231100713,1,0.0009644647639629751,0.845984117688993,0.021282478713232123,0.010731613816300311,0.10505581152531578,4.297018469634908e-05,0.01593854330749965
plot_11557,4,0.72455971982158,1,0.008858071655364865,0.5872380415974345,0.023004278090793723,0.008227941568582859,0.27544028017842004,5.978453162798561e-06,0.09722540845624125
plot_11568,4,0.02192653473943307,5,2.6852982395616827e-05,0.0,0.0,0.020733986206764282,4.280141121284571e-05,0.9780734652605669,0.0011228941390603229
plot_11569,4,0.03026838713929749,5,6.043512034208319e-05,0.0,0.0,0.027844856322093423,9.582623529337808e-05,0.9697316128607025,0.002267269461568623
plot_11571,4,0.38652265012815695,1,0.013066714185328614,0.613477349871337,0.20890609766181534,0.001205831399339929,0.133604031808087,0.0030068913610561115,0.02673308371303606
plot_11577,4,0.015121331331068147,1,0.007747326007563579,0.9848786686689319,1.3008381042207891e-05,0.0,0.004445219374519609,0.0003030844764458215,0.0026126930914969967
plot_11578,4,0.6481415751383273,1,0.13267951998069824,0.4696574685732584,0.005577478269067345,0.0010125220028218257,0.0391879738577411,0.3518584248616726,2.66124547404063e-05
plot_11579,4,0.21106256469680157,1,0.04863742093293814,0.7889374353031985,0.0016809225611987284,0.000947007817236773,0.017515552742768448,0.14225133457526234,3.0326067397180712e-05
plot_11580,4,0.03918738907138026,1,0.007160636643955176,0.9608126109286197,8.742532449051354e-05,5.980939829149977e-05,0.0013929026086489488,0.030479724604985874,6.890491008197744e-06
plot_11581,4,0.40188999698731326,2,0.00044768300362414655,0.20458911766760357,0.5981100030126868,0.10516893109744747,0.08445710247387982,0.0011122381766501424,0.006114924568108175
plot_11582,4,0.7977066475137935,1,0.00021173686476972482,0.38663882894379664,0.31107511219531164,0.20229335248620645,0.09608355948009757,0.002214749599869519,0.0014826604299485078
plot_11583,4,0.2791794018190055,1,0.005406252372652247,0.7208205981743425,0.045145612215042166,0.0004344385332920853,0.15372489469067963,0.07446820401399137,1.6974670119291925e-102
plot_116,4,0.029381191951526008,1,0.0008919404450161346,0.9706188080484739,0.007867799801203728,0.001497384921265222,0.018130924363729074,0.0006231158324391085,0.0003700265878726372
plot_11600,4,0.016059891443464355,1,9.014688039629667e-06,0.9839401085565357,0.0,0.012451624760527516,0.0001092099533452204,0.00349004204155203,4.937476201729308e-243
plot_11601,4,0.015277582026972504,1,2.4678944122399997e-05,0.9847224179730275,0.0,0.006753644647422374,0.00016561098161103956,0.008333647453816703,2.2227230716324394e-243
plot_11602,4,0.35300357107784647,4,0.11189990185801431,0.06997938681550762,0.16620782916361906,0.004905896645151584,0.6469964289221535,1.0556595553856893e-05,7.679134756173718e-104
plot_11603,4,0.015512108671661105,1,7.765714022354773e-05,0.9844878913271035,0.0033100526843121993,1.712860270801981e-05,0.005586857078270371,0.006520413167382468,2.0787937889392025e-102
plot_11604,4,0.046326964249195836,1,0.006313725836151435,0.9536730357506068,0.013120958947726712,0.00869914870874948,0.011937390615125602,0.006253716393477355,2.0237481627471324e-06
plot_11605,4,0.25616192560368123,1,0.008245404605963631,0.7438380743946496,0.07846275716440428,0.012708827444439361,0.15279173681841868,0.002822364424142894,0.0011308351479817763
plot_11607,4,0.027515197355804943,1,0.0,0.972484802644195,0.0,0.0274732007769337,4.199657887119855e-05,3.682671162359803e-24,0.0
plot_11623,4,0.5003208588012945,0,0.4996791411987056,0.027062604065261495,0.23676343782816223,0.008420363733911211,0.1809118854272839,0.04715597449475089,6.593251924810785e-06
plot_11624,4,0.6060763241669778,0,0.39392367583302235,0.028275776332621422,0.10561577706554386,0.09283547117721709,0.3793346391200804,1.4660471514978353e-05,8.757713711434564e-101
plot_11645,4,0.1532043734712294,1,3.570548668124834e-64,0.8467956265281373,0.11778011950603809,0.006410814164578258,4.345528037457526e-05,0.02896998452087183,1.2640105294761922e-94
plot_11660,4,0.4753106900932154,1,0.018775643011304122,0.5246893099062235,0.19977904737402033,0.027151625383434425,0.22958439601042482,1.997831459289706e-05,2.2262489752048255e-103
plot_11661,4,0.3367394729705537,1,1.3718194506910053e-05,0.6632605270229243,0.0,0.17364373927559473,0.16306887948513027,1.3136021843901262e-05,2.0000043976758055e-108
plot_11662,4,0.4491187274836925,4,0.0008678215146579847,0.18157761698412894,0.26539474583720757,0.0008227838765719257,0.5508812725163075,2.8671781452198344e-19,0.0004557592711260609
plot_11663,4,0.4849319837341116,0,0.5150680162658885,0.001244949592619451,0.19415624516844437,7.555514486149175e-06,0.28848525400088554,1.1606661432122154e-12,0.0010379794565155572
plot_11664,4,0.553509206222434,4,0.4033405058543918,2.645009267168939e-05,0.14327563539249433,3.198690311044111e-05,0.4464907937775659,4.161784555024393e-05,0.006793010134215621
plot_11665,4,0.46724955869652707,0,0.5327504412956233,0.0002757029992504871,0.12549302703190665,1.3817085154827947e-05,0.3391396887339526,1.5434519080502687e-05,0.0023118883350315604
plot_11666,4,0.4301032183482141,0,0.569896781651786,0.0002071506903780563,0.08345096990399949,0.0002938616517982559,0.3334448592859676,5.63595228787371e-05,0.012650017293191906
plot_11671,4,0.2796562071656926,1,0.016343188551210024,0.7203437928343074,0.016190457932358134,0.058446370254142184,0.17352167085335743,0.013616316851315523,0.001538202723309419
plot_11672,4,0.13145427155444347,1,0.00423112367659324,0.8685457284433596,0.027977742124319055,0.013480742234436582,0.08415877566803039,0.0015177129327719394,8.817492048913741e-05
plot_11673,4,0.2476162270701202,1,0.014311685878000672,0.7523837729298798,0.01426945239290898,0.05373081310967145,0.15203391596184312,0.012008619919314687,0.0012617398083812844
plot_11678,4,0.3797763754938512,4,0.0010593831885874348,0.15922407132799507,0.011895633605438454,0.16626311247219866,0.6202236245061489,0.02764733627083018,0.013686838628801332
plot_11679,4,0.6390941224726748,2,0.06644622928143441,0.09633983815153077,0.36090587752732517,0.0011902631528053498,0.21973158710066748,0.008745087719286976,0.24664111706694986
plot_11680,4,0.6894043515766176,4,0.06981306778487593,0.08909002403845373,0.23617145211652846,0.0012283800853841254,0.3105956484233824,0.03673831594910723,0.25636311160226816
plot_11681,4,0.6482679986968947,2,0.06366836075505392,0.1457280623677148,0.35173200130310533,0.0012350881231375207,0.2002583388161716,0.004942909933415833,0.23243523870140104
plot_11691,4,0.09325499074486591,1,1.4263507539005497e-64,0.9067450092538636,0.062266588932397726,0.00954746284155006,3.1122853530346666e-05,0.021409816118658394,9.64773304010916e-95
plot_11692,4,0.13672715535462188,1,3.81946774297457e-67,0.8632728446453781,0.0028327860890303294,0.13384654012172195,3.1588562015210123e-06,3.580259256592841e-05,8.867695102160706e-06
plot_11693,4,0.17456219566495346,1,3.8930854785027775e-05,0.8254378043350465,0.0670634361960972,0.10656600990906838,0.0005503024865247469,0.00032594643477245125,1.75697837056148e-05
plot_11694,4,0.4278041949380765,2,7.264084920648627e-16,0.16478975976221327,0.5721958050619236,0.010972990142509595,0.23857580711174498,5.261158895493034e-22,0.013465637921607907
plot_11695,4,0.24843149246696444,1,3.6402981843418516e-16,0.7515685075325463,0.06882665239549385,0.02719701865844025,0.14377503970003097,7.08019295064124e-22,0.008632781713488342
plot_11696,4,0.4467027633411159,1,0.1277656929379775,0.5532972366588841,0.0948897346840321,0.0007378378049711024,0.22330708144120065,2.4164729346560045e-06,2.6434753630925697e-104
plot_117,4,0.1542468822466112,1,0.023203755197521214,0.8457531177529402,0.11260376771401426,0.0,0.0031869524270213903,1.105087421380469e-06,0.015251301821081729
plot_11713,4,0.4297268795490711,4,0.026656308433336894,0.003172312023093378,0.22928203568516306,0.0,0.5702731204509289,0.06900759566019266,0.1016086277472851
plot_11714,4,0.7334069312264115,4,0.26659306877358835,5.92847334318872e-149,0.005114005283405696,1.4229686304736442e-05,0.3334266169420998,0.20544272492416535,0.18940935439043605
plot_11715,4,0.2747617444068226,5,0.08449939677397311,1.4320462119586007e-147,0.027926788885973698,0.0,0.131327217242232,0.7252382555931774,0.031008341504643776
plot_11725,4,0.44294292457889084,6,0.007773084351211745,0.0023077680609557027,0.2955326025649742,0.008579036314671913,0.128512463603584,0.00023796968349318632,0.5570570754211092
plot_11737,4,0.018850273370339333,1,0.0,0.9811497266296607,0.0,0.018785162078595746,6.511129174363173e-05,1.8786852299303858e-22,0.0
plot_11738,4,0.05341052980028423,1,0.0020567649350221487,0.9465894701976127,0.019035105076935455,0.0026792171555727923,0.018041883546404125,0.011499172598820374,9.838648963238553e-05
plot_11739,4,0.07602234584064589,1,0.0011627125366525661,0.9239776541578538,0.02474278217592809,0.004347100292240034,0.04169388403137435,0.0021758719894820924,0.0018999948164690585
plot_11740,4,0.16942004386450776,1,0.015899643111121166,0.8305799561354922,0.09348032657484338,0.0007144529017816181,0.05859215002148248,0.0007291821536596658,4.2891016193737315e-06
plot_11741,4,0.005548549255387518,1,7.03787308678643e-06,0.9944514507446125,0.0003649170377831935,4.5934549767617204e-05,0.0020611652122159833,0.003069494582533955,5.2763567322177335e-104
plot_11742,4,0.025467584205308712,1,0.00013272519825796797,0.9745324157946913,0.002340195844452671,2.820522684230893e-05,0.01310402680294797,0.009862431132807804,1.648447156840165e-103
plot_11743,4,0.4072935637956281,4,0.01474054250264082,0.193151127751153,0.03262609389838186,0.0845011798835119,0.5927064362043719,0.08205696309905154,0.00021765666088894382
plot_11744,4,0.13054425009817008,5,0.12759269750774843,0.0,0.0005947601023438197,2.2020655327179193e-05,0.002068060973496103,0.8694557499018299,0.0002667108592545597
plot_11745,4,0.11411030166951709,5,0.06996842214431938,0.0,0.008722393710690361,9.247534594076192e-05,0.007717036045556439,0.8858896983304829,0.02760997442301017
plot_11746,4,0.4328058810891079,1,0.09288485392489018,0.5671941189108921,0.174251393292763,0.0444752878834582,0.10466254965188826,0.0061327784486446685,0.01039901788746355
plot_11747,4,0.1104497606539515,1,0.00951193281796218,0.8895502393460408,0.07327057661913593,0.002865575045755659,0.022830294041546417,0.00023515838172723106,0.0017362237478316072
plot_11752,4,0.7923003921026353,5,0.20769960789736475,0.0,0.0035152620987262658,1.7319729900722045e-05,0.005185359816263717,0.7807906338562415,0.0027918166015031155
plot_11753,4,0.09640636327738296,5,0.09016768109931167,0.0,0.0022086162842103606,0.0,0.0012136777415051243,0.903593636722617,0.0028163881523558384
plot_11754,4,0.6786991349599232,4,0.030134060883320563,0.212537352187825,0.07761314940871389,0.02918448431594594,0.32898629213004893,0.00024379603406882522,0.3213008650400769
plot_11755,4,0.06156813649342865,1,0.0018872267448100059,0.9384318635065714,0.02957374210332457,0.0006761977634111418,0.01714696810957452,1.9468412303029877e-05,0.01226453336000538
plot_11756,4,0.2880520194031277,1,0.02010089691965525,0.7119479805968723,0.19946890814440654,0.004360602988162713,0.06316737061526077,0.0006047732087649747,0.0003494675268773701
plot_11757,4,0.1574403090025609,1,0.001996938445211784,0.8425596909974102,0.06468880075394201,0.00038167775982893574,0.08978183172972604,3.652960162099453e-05,0.0005545307122599046
plot_11758,4,0.26978035215256885,1,0.0005357416734945864,0.7302196478473683,0.14342013763329964,0.001092868196906468,0.12415510103071159,0.0005533562292189646,2.3147389000570905e-05
plot_11759,4,0.7458500251239222,1,0.0011187233430140636,0.6187615827933558,0.2541499748760779,0.008624692700514957,0.11117759748234811,0.006027142253637739,0.00014028655105140624
plot_11760,4,0.1548164708021954,1,0.0007600751074237606,0.8451835291978046,0.07877398293142163,0.005032928788938203,0.0698918927234667,0.0001756732101285061,0.0001819180408165639
plot_11769,4,0.6822332500890955,1,1.3041232264220538e-05,0.6728441918605468,0.00018664394177006307,0.31776674991090437,0.0007699508154953189,0.00841942223901923,4.1026955587315056e-95
plot_11770,4,0.03910621936007346,1,0.0006042377085785797,0.9608937806399266,2.3472399567388624e-06,0.03302387063558625,0.003419938868140877,0.0020558249078110754,2.9315356206433198e-241
plot_11771,4,0.20178773050319931,1,1.2789298922959926e-05,0.7982122694968006,1.4859559513262113e-05,0.19953876398683176,0.0005151848866231341,0.001706132771308124,1.0990884038234637e-94
plot_11772,4,0.6405107574392577,2,0.0,0.3560964166663861,0.35948924256074233,0.00033932845514014667,0.1046467504888696,2.0107538941768826e-05,0.1794081542899201
plot_11773,4,0.0009138153655876322,5,0.0,1.978456289877875e-149,0.0002467402929367128,6.859630766183346e-07,0.000661452061457627,0.9990861846344123,4.937048116650676e-06
plot_11778,4,0.03587367466320002,1,0.0,0.9641263253368,0.00010239848438013182,0.03470297651379813,8.116218760150023e-14,0.0010668573420202477,1.4423229203455169e-06
plot_11779,4,0.006955186081583526,1,0.0,0.9930448139184165,3.5671222880720466e-06,0.0067176129949355935,6.59282380918763e-06,0.0002274131405506793,0.0
plot_11780,4,0.02063079714006423,1,0.0,0.9793692028599358,4.370995794720709e-05,0.0012387757784054884,1.235436454582593e-05,0.01929506187291234,4.0895166253385774e-05
plot_11785,4,0.1836202149072693,2,0.000410432068251385,0.016751450008957454,0.8163797850927307,0.004637733831586788,0.0403629373404588,3.42226366203568e-18,0.12145766165801486
plot_11786,4,0.8002189816051203,2,8.831464069980973e-07,0.29821083429210243,0.4200611739852482,0.023873379153374535,0.19978101839487974,7.371886945765932e-21,0.05807271102798796
plot_11787,4,0.45370660052287,1,0.0,0.5462933994771301,0.3022906308645222,0.05940275307488721,0.06588754769421891,1.1436190398143174e-24,0.02612566888924173
plot_11788,4,0.4120010547830801,1,1.1846294590537018e-05,0.58799894521692,0.24632075837629716,0.10483574850504042,0.03224663844867291,1.6754204471153487e-24,0.028586063158479134
plot_11795,4,0.0969919192031487,5,2.5885597152768033e-05,0.0,0.0,0.09676205390234201,4.0178791131929784e-05,0.9030080807968514,0.00016380091252204173
plot_11797,4,0.08497081861055314,1,0.0006240076137497573,0.9150291813858025,0.012841354735790978,8.95937343927195e-05,0.03539582485970743,0.036020037670556684,1.7029079989939865e-102
plot_11798,4,0.27917712544985673,4,0.09358272359388742,0.05442802438115418,0.13037707314447347,0.0007862334478012618,0.7208228745501433,3.0708825403151664e-06,6.63171040620759e-104
plot_11799,4,0.3916388380462317,1,2.542131699214331e-18,0.6083611603741527,0.26921554422557853,0.0006400066437118932,0.12174030757194773,2.0720419615254546e-05,2.2260764994003775e-05
plot_118,4,0.798165984366568,1,0.0,0.7658984009922585,0.004067861737241819,1.572756352928167e-05,0.028183994073538547,1.6643379913780329e-21,0.2018340156334319
plot_11800,4,0.5963814788305157,1,0.16222863336888083,0.4036185178927446,0.09741790041386811,0.13703455626024674,0.10235974911784407,4.858162040892939e-06,0.09733578478437485
plot_11801,4,0.5906899066682646,4,0.002152713155389855,0.3814476815898252,0.018269391428807256,0.11865563688809083,0.4093100933317353,1.982020363298548e-05,0.07014466340251851
plot_11802,4,0.5684769405576825,4,0.005178506610590099,0.29194295382267144,0.0424474485349115,0.09295733321475809,0.4315230592683057,0.00015416997708728162,0.13579652857167593
plot_11803,4,0.6778010999030486,4,0.043053858806045224,0.32219890009683627,0.20139167441656086,0.0,0.3788988792350916,4.166449169233035e-06,0.05445252099629671
plot_11804,4,0.7618234404124911,1,0.0,0.44783034808171773,0.23817655958750897,0.09691655937461638,0.16538020962146233,9.082585843596446e-23,0.051696323334694504
plot_11805,4,0.3101781971515415,1,0.0,0.6898218028475429,0.16600920305982117,3.556424116637928e-05,0.10505178094180673,4.290117360735709e-05,0.03903874773605548
plot_11806,4,0.590604702268629,2,0.0,0.21393605201112947,0.4093952977313711,0.0,0.2871355148281242,2.3761791189229238e-06,0.08953075925025637
plot_11807,4,0.0008562650458705657,5,0.0,2.2501667067217115e-149,8.947323212329818e-05,7.801695114236005e-07,0.0007656175807751792,0.9991437349541294,3.940634606783211e-07
plot_11808,4,0.0009194394187189065,5,0.0,1.6118189241102087e-149,0.00020529271244682776,5.58843919772694e-07,0.0007108639164645987,0.999080560581281,2.7239458876437145e-06
plot_11809,4,0.0007705625080026648,5,2.739581848224116e-16,8.040464563185651e-150,0.0003356186216131885,2.7877602540028717e-07,0.000404585306455445,0.9992294374919973,3.007980390835178e-05
plot_11810,4,6.671024752080378e-05,5,0.0,0.0,2.9824562478329638e-05,0.0,3.3901969027904725e-05,0.9999332897524792,2.9837160145661803e-06
plot_11811,4,0.6075000768392101,2,0.0,0.20688401532960368,0.39249992316078985,0.0006337539658192433,0.14610119145277234,5.346274849038471e-22,0.25388111609101494
plot_11812,4,0.22993379747909287,1,0.0,0.7700662025134476,0.00010640774002219034,0.0,0.22982126744525558,4.4091115755303366e-21,6.1223012746279385e-06
plot_11813,4,0.2148175293510587,1,0.0,0.7851824706488488,0.0001301707721901563,0.0,0.21468041955294376,2.4793387412414547e-21,6.9390260172982985e-06
plot_11814,4,0.4153471508983149,1,0.0,0.5846528491015776,0.0001630081945327531,0.0,0.41518248071072184,1.6619931679220149e-06,7.058364333237765e-108
plot_11815,4,0.1041062956373654,1,0.0,0.8958937043624348,0.0043555225801752175,0.0,0.0991363504018515,1.4837922967491374e-06,0.0006129388632418839
plot_11816,4,0.09029118980852224,1,7.956080301605568e-20,0.9097088101914778,0.01425086758788754,0.03994417955969219,0.00016564240608475263,0.03116805245695602,0.0047624477979017555
plot_11817,4,0.04315229734421552,1,6.529222979041804e-20,0.9568477026557844,0.007386191985830867,0.0031008081471799926,0.0016496956749381883,0.028140017095678305,0.0028755844405881337
plot_11818,4,0.07900942418493395,1,0.0,0.920990575815066,0.0013982506822047714,0.00036707671452628247,9.357263337877767e-05,0.0756879394553915,0.0014625846994326056
plot_11820,4,0.014468955174434991,1,0.0,0.985531044825565,2.8326364405549392e-05,0.0008147937059031747,0.00013991559902110524,0.013459197380194708,2.6722124910420257e-05
plot_11821,4,0.09330191970141782,1,0.0,0.9066980802985822,0.00124939215441767,0.08000343429115062,1.1935689763358308e-05,0.011738184719161425,0.00029897284692477835
plot_11822,4,0.012078250370049382,1,0.0,0.9879217496284073,0.0002764130059780589,0.01172944985328833,3.654422923293617e-05,6.233634305235654e-06,2.9609648788304436e-05
plot_11823,4,0.03778216057836344,1,1.366543608540449e-05,0.9622178394192433,0.00334967336538113,0.03336401736344579,0.00030942504038833243,4.376775192879307e-25,0.000745379375456126
plot_11824,4,0.01080255481809585,1,0.0,0.9891974451819041,3.674381914459529e-05,0.010334044695707915,2.763247047988612e-13,0.00043127996737189886,4.863355950806358e-07
plot_11825,4,0.01561304891019307,1,3.1033734639100234e-68,0.9843869510897063,6.75232302393682e-05,0.015506737609732868,3.453641815289743e-13,3.8788069976039315e-05,5.054583603724343e-244
plot_11826,4,0.15137008840261318,2,0.0004387632428401658,0.005993395873591047,0.8486299115973868,0.0012352450081957198,0.03668576337754189,3.661903994079599e-18,0.1070169209004443
plot_11827,4,0.7576115674955597,1,6.392077697723155e-05,0.4678467851881807,0.20890068537012735,0.24238843250444042,0.025447074676473794,1.148970173283692e-20,0.05535310148380042
plot_11828,4,0.21445527866550224,1,0.00042475799236371675,0.7855447213344978,0.03941035756347719,0.15745622167054257,0.0035564484264595042,3.0760706101432942e-24,0.013607493012659273
plot_11829,4,0.519332666116865,2,5.299942688205271e-07,0.31927707961097573,0.4806673338831349,0.04646014433243961,0.10609028310104487,4.424434944947958e-21,0.04750462907813596
plot_11830,4,0.6697110227862634,1,0.0,0.6694212551750488,0.0002724592990632311,0.0,0.3302889772137366,3.6551863190767504e-21,1.7308312151230517e-05
plot_11831,4,0.5684897368868731,1,0.0,0.5655373036233716,0.0029294966353347767,0.0,0.431510263113127,1.8155501627714993e-06,2.1121078003811272e-05
plot_11838,4,0.6644363567003296,4,0.06749850513601238,0.3355636432996705,0.04062131858473235,0.0033142830170569087,0.3605586625559202,3.566227849759989e-16,0.1924435874066074
plot_11840,4,0.14312620994765,1,2.4708545897237957e-19,0.8568737900519734,0.08614316505694312,0.0049619523663655555,0.05158660351939197,0.0004344890053260194,2.544800870891833e-85
plot_11841,4,0.5791420169553075,2,2.5605213630034622e-06,0.39145584135191536,0.4208579830446925,0.0005324646602618782,0.18703219025999743,1.6466000451444316e-17,0.00011896016176990865
plot_11842,4,0.010702323269625637,1,8.462865296876717e-20,0.9892976767301551,5.729103101004913e-06,0.009636967816424405,0.00011907133641645997,2.864554854619443e-06,0.0009376904590482641
plot_11843,4,0.3384406682780788,1,0.010067958563867042,0.6615593317219157,0.05278482536108643,0.008895075136510515,0.1791175261683472,0.08757528304827313,5.011118317028163e-88
plot_11846,4,0.1511032246376952,1,0.0,0.8488967753621973,0.09502846068381907,4.156516508884143e-05,0.03344791304701645,0.00044410115829779287,0.02214118458358066
plot_11847,4,0.5020672388574794,2,0.00010802339325505225,0.30960351374880063,0.4979327611425205,0.055907239901110316,0.13282564822464393,0.003194018208500583,0.0004287953811689109
plot_11848,4,0.5380074537491276,1,0.0004996183894877128,0.4619925462508519,0.3267780507238239,0.025695827738702534,0.1752478658714039,0.009749399793201375,3.669123252886108e-05
plot_11849,4,0.7028781995261448,1,0.10105485428386382,0.5679906286912315,0.0028965657379123612,0.0011085423218036056,0.02982760849133355,0.2971218004738551,1.7450652994548186e-107
plot_11850,4,0.46842962460156895,2,0.00037036903901734703,0.29144259660192856,0.531570375398431,0.06437856235939247,0.10843499769696524,0.003121820236365259,0.000681278667899965
plot_11853,4,0.0009194030158756596,5,8.050666002751908e-07,0.0,0.0005646822346753015,0.0,0.00028082725897930083,0.9990805969841243,7.308845562076662e-05
plot_11869,4,0.36287162961702524,1,0.0,0.6371283703829748,0.10709165102975132,0.10590748868142483,0.12856575594589062,4.038468968441458e-06,0.021302695490990037
plot_11870,4,0.6126838292946015,4,0.0,0.24994790431274946,0.08633928152178821,0.13492584639153454,0.38731617070539853,5.060192285560867e-22,0.14147079706852927
plot_11874,4,0.2771820411431536,1,0.0,0.7228179588568464,1.1769365671078048e-05,0.0,0.2771702717774825,6.49537282813897e-21,1.438482607244991e-107
plot_11875,4,0.13326100324660184,1,0.0,0.8667389967524588,0.0035366516509169085,0.0,0.12922356188383033,1.1846235387199538e-06,0.0004996050892552817
plot_11876,4,0.7898862207900565,4,0.009323166102490616,0.2291745531516589,0.21238079716821387,0.21011377920994342,0.24246215771255825,0.09380979382310112,0.002735752832033687
plot_11877,4,0.07900874169864153,5,0.00019267294968926155,0.0,0.0,0.0772015605338987,7.191910113774926e-05,0.9209912583013584,0.0015425891139157562
plot_11878,4,0.017143832179796127,5,7.14940144752137e-05,0.0,0.0,0.014006472945914075,0.00012711727102863033,0.9828561678202039,0.002938747948378241
plot_11881,4,0.16480291312170992,4,0.020973362867415805,0.025320033418213338,0.004030674034134453,0.037793049802077934,0.83519708687829,8.379107984609305e-05,0.07660200192002221
plot_11883,4,0.22939142591967734,5,2.6364840562737537e-17,0.09976847522523948,0.0003825277124230624,0.10360512869849009,0.02562266822936316,0.7706085740803226,1.2626054161464219e-05
plot_11884,4,0.2960419579095349,5,2.406422425933783e-17,0.09474485690941603,0.0003491480494735167,0.1767440534116424,0.024181627540906452,0.7039580420904651,2.2271998096402474e-05
plot_11885,4,0.692401041621603,6,0.11341696589076694,0.3075989583783468,0.01935997541196907,0.0017902284203910432,0.17752887901356704,1.1332699012279886e-14,0.3803049928849478
plot_11886,4,0.7164844853883231,4,0.006387646742655153,0.2835155146110511,0.0750899206090431,0.008366756982552079,0.3779680780604138,4.2871303224827263e-20,0.24867208299428473
plot_11887,4,0.616600326535687,6,0.0046182073144302,0.15505657455630145,0.10142510126164772,0.031066155451066283,0.32443428795224133,1.1434491451479576e-20,0.38339967346431303
plot_11888,4,0.796393343415647,4,0.001063051208153888,0.1220862041674603,0.20360665658435306,0.019675255816568326,0.33007458691858327,9.779762314152697e-21,0.32349424530488124
plot_11889,4,0.6548563630360651,4,0.0038708940323909213,0.31384411187107397,0.13798108907515388,0.13146602563567317,0.3451436369639349,0.06617133763475452,0.001522904787018688
plot_11890,4,0.5840565241423493,1,0.001596052943634756,0.41594347585763586,0.2687950384572428,0.06658011025852284,0.21381989596578965,0.028838912673721608,0.004426513843452483
plot_11891,4,0.6770742448374087,2,0.004064360173044678,0.3229257551625775,0.4226806939440293,0.026041968313888414,0.20746377595881527,0.01066339613364253,0.006160050314002357
plot_11892,4,0.7069444742556047,2,0.002072745268351168,0.14354295861358546,0.4845999340161313,0.02400204385365336,0.29305552574439525,0.01584181186410465,0.036884980639778825
plot_11893,4,0.48837050805395815,2,0.010171138000539884,0.19420445610811485,0.5116294919460419,0.06912644797056877,0.20932441474874142,0.0004832466283095496,0.005060804597683644
plot_11894,4,0.36834500350052557,2,0.0078383692566038,0.14994379492426166,0.6316549964994744,0.019256348060219922,0.18513675367919133,0.002901829039274536,0.0032679085409743356
plot_119,4,0.3983697861034579,1,0.013612555391244134,0.6016302138963656,0.15549136147024728,0.005890565281222136,0.07206911983046435,9.46000984893792e-12,0.1513061841209965
plot_11903,4,0.4004930319721267,4,0.0007423101402922514,0.3284951095238958,0.010670007485037013,1.330348240608284e-05,0.5995069680278733,0.05891500129704554,0.001657300043449954
plot_11904,4,0.4849898423729253,4,0.0009854228523326148,0.4569688661786536,0.008487568004708528,0.0,0.5150101576270747,0.01814998507352599,0.00039800026370460424
plot_11905,4,0.8010378003012057,2,0.03983599203653421,0.1099372283319759,0.3045761985429074,0.12167074127716018,0.20979125694588596,0.19896219969879414,0.015226383166742049
plot_11911,4,0.12563279670881874,1,0.036184974965267305,0.8743672032911812,0.0011075366380828085,3.813046704564083e-05,0.051766499474958656,0.0004094365322688599,0.03612621863119546
plot_11912,4,0.030822780020265624,1,0.011346384305089358,0.9691772199797344,5.139377703313532e-05,5.476934577353452e-06,0.013120633156857023,0.00019061551671823676,0.0061082763299905255
plot_11913,4,0.012009698906966817,1,0.0034051819582189354,0.9879903010929634,4.9658292078332895e-06,0.0,0.0003839213283377272,0.008035935284320946,0.00017969450695119401
plot_11914,4,0.15832081399974546,1,0.037296399439350376,0.8416791860002459,0.0004159484039490486,3.7837517045277195e-05,0.005247435742966761,0.11475367356962375,0.0005695193268188868
plot_11915,4,0.725848472695946,1,0.18097377975717674,0.3354189538675932,0.06508209668814299,0.03140156683419324,0.27415152730405395,0.11041149978214619,0.0025605757666935696
plot_11923,4,0.6372191962436449,6,0.0,0.2373754330877813,0.3055032219137429,0.0008217346943200877,0.0935188065478006,6.447098010296844e-22,0.3627808037563551
plot_11924,4,0.14979780383075442,1,0.0,0.8502021961692456,0.0033216178135955085,0.0,0.14602974832756696,5.446430282686702e-07,0.0004458930465637509
plot_11925,4,0.2569844056397985,1,1.3871663759115377e-19,0.7430155943589004,0.1123500310962871,0.07561257171119345,0.062139792502556676,9.341972009883258e-06,0.006872668359052349
plot_11926,4,0.4078026714540238,1,1.3412715478375876e-05,0.5921973285459761,0.18939383159045955,0.0632019139567173,0.13017088587606176,8.62535087058664e-17,0.025022627315306696
plot_11927,4,0.34708605741817433,1,1.014424005659031e-05,0.6529139425818257,0.16111357650186203,0.05321405101711081,0.11500090748503988,6.523483368754936e-17,0.017747378174104853
plot_11928,4,0.2527179960297655,1,0.001598248206088889,0.7472820039700488,0.010053908344548263,0.04016424737136243,0.037991043207145914,0.1629105489008057,5.233707104036869e-95
plot_11937,4,0.40067679811904433,6,0.014175430944199655,0.0011347269834189927,0.21119066470320352,0.0090743334378878,0.16509968407940556,1.957970928910121e-06,0.5993232018809557
plot_11938,4,0.6857714368334058,6,0.0058706324793532825,0.0008135399562924619,0.13578488629605828,0.008879347280523309,0.31422856316659414,6.666706297235346e-05,0.5343563637582062
plot_11939,4,0.41760971298156846,6,0.0008967461447383847,0.016678330427816704,0.23657468511177593,0.04554174590605353,0.11791344182279143,4.763568392577195e-06,0.5823902870184315
plot_11940,4,0.3546866362460164,4,0.0,0.020682287457725355,0.002254089608361701,0.2961026122777392,0.6281764535639804,0.05157596976402998,0.0012085873281633005
plot_11941,4,0.6881520734194464,6,0.029055055576100733,0.16251516822672568,0.1898202426363031,0.009874444145990332,0.29529879375625495,0.0015883690780716727,0.31184792658055355
plot_11942,4,0.1377548682756083,5,0.008609250263480368,0.0,0.003153404940199604,0.0018025805015574733,0.01532133188299387,0.8622451317243918,0.10886830068737705
plot_11943,4,0.48850948463370697,6,0.005686753777288348,0.07900092613067486,0.06640635281868383,0.0795692494302835,0.2578462024767765,8.135984747377438e-19,0.5114905153662931
plot_11944,4,0.5660239241531303,4,0.007304036263578643,0.17886043952962277,0.08798653496838746,0.011557068193953758,0.4339760758468697,4.084663463239112e-20,0.2803158451975877
plot_11945,4,0.5949811623705579,6,0.13589133049992463,0.24821728413084698,0.015532399276259337,0.012662475215241423,0.18267767324827702,8.474340431773667e-15,0.40501883762944213
plot_11947,4,0.5914142168807925,2,0.010068246455951052,0.15092269747012474,0.40858578311920735,0.07912482021875294,0.2390592799076866,0.09654531992498395,0.015693852903293195
plot_11948,4,0.42838774278721786,2,0.0012991838534765075,0.21904976751936434,0.5716122572127822,0.0009223807461120284,0.20675209418078222,5.391904699953949e-05,0.00031039744048321036
plot_11949,4,0.2918402151469977,2,0.010457531963081076,0.094069507487952,0.7081597848530023,0.009132091791820004,0.17755464115509503,0.00014843102145388213,0.0004780117275957656
plot_11950,4,0.023164095361838617,1,0.016104233039966696,0.9768359046381614,8.669770621866156e-06,0.0,0.004110514877119393,0.0008409271015676497,0.0020997505725630205
plot_11951,4,0.03310565380138307,1,0.023282497106972378,0.9668943461986169,1.0878198413062877e-05,0.0,0.0062160631732824075,0.0005695573345761568,0.0030266579881390652
plot_11952,4,0.10190443930303754,1,0.06352460836988816,0.8980955606969625,9.445164148681486e-05,5.9971554380514414e-06,0.026872708356313117,0.000549068834029968,0.01085760494588147
plot_11953,4,0.011321760245710888,1,2.5493573123335855e-65,0.9886782397540675,0.00011016005732255935,0.006324737267259534,0.004470238408247038,0.0004094910343859827,7.133478717184687e-06
plot_11954,4,0.05223353541451136,1,4.509192773680492e-65,0.9477664645852968,0.0027153796644085095,0.005376296338186211,0.043256400107965665,0.0008715964985772164,1.38628055655313e-05
plot_11957,4,0.08128612043260691,4,0.0015220667165781574,0.0,0.014145909578250696,0.0041644025217508224,0.9187138795587984,0.06145374162462197,5.4760719525250245e-105
plot_11966,4,0.3008609902360253,1,0.0192722286965458,0.6991390097639747,0.06828588312573809,0.03114900729734521,0.09946018201032007,0.00015786194088281738,0.08253582716519328
plot_11967,4,0.5640456043411288,2,0.0586159091874643,0.2939189364335095,0.4359543956588711,0.0011593994277711113,0.11103368823435317,0.00043395290507084567,0.09888371815295996
plot_11968,4,0.5487687252760335,2,0.05658288646137967,0.27185547395409415,0.4512312747239665,0.0008846303811733979,0.0850951805637484,0.002367446166739299,0.1319831077488985
plot_11969,4,0.7816471881026279,1,0.03725571838264737,0.45447648704157073,0.21602720435013079,0.008028154698670437,0.2183528118973721,0.0003399682138239455,0.06551965541578453
plot_11970,4,0.5735715237126635,2,0.04187212573585757,0.3275671044317239,0.42642847628733654,0.000587531628804487,0.10303022566813044,0.0027506041868112265,0.09776393206133567
plot_11971,4,0.3443510464465094,1,0.013254144052728496,0.6556489535534045,0.16948422902982363,0.006113115142239322,0.1183951507305245,0.00018900982494505196,0.03691539766633449
plot_11972,4,0.7051222425007211,1,0.1293093725541855,0.29487775749927886,0.19069760827100102,0.0008380083511872478,0.20941266417958815,0.017468672792255318,0.15739591635250375
plot_11973,4,0.6860721819927315,4,0.04217474777836873,0.1928398448923765,0.20037883793963218,0.002214218195628642,0.31392781800726854,0.0025735668602504206,0.24589096632647503
plot_11975,4,0.7581679132579362,4,0.07703208399762793,0.003568772658988623,0.24183208674206386,0.01190320819032268,0.4497751671434681,0.06624625930354883,0.14964242196398003
plot_11976,4,0.3521350965510177,4,0.00015106704491111797,0.07149045728099444,0.053565980109241726,1.1085521503756205e-05,0.6478649034489823,0.053043106640734895,0.17387339995363188
plot_11977,4,0.6449434121648364,5,7.785764690810831e-19,0.015623568102342621,1.810620694319019e-05,0.3550565878351636,0.18654151932004326,0.4415130864072825,0.0012471321282247654
plot_11978,4,0.2971958588795798,5,0.0,0.008053433757383903,4.3896567311519335e-06,0.13611616869073123,0.1523522135380984,0.7028041411204202,0.0006696532366350737
plot_11979,4,0.18123738476650197,5,0.06670843432048014,0.0,0.043056661966705344,0.00015318696145264372,0.03258797153170542,0.818762615233498,0.03873112998615848
plot_11980,4,0.29013120649211116,5,0.031241497249944655,0.0,0.056188038771156155,0.0022618451527225782,0.07697795300542665,0.7098687935078889,0.12346187231286115
plot_11981,4,0.19476857053021907,5,0.08112361272248554,0.0,0.020176758302198658,0.0013914627963426825,0.07453278796222011,0.8052314294697809,0.017543948746972012
plot_11983,4,0.6254973097579786,2,0.00023910435815786694,0.03304053743708524,0.4050031682325322,0.0,0.1872033172239439,1.1182506259363836e-05,0.3745026902420215
plot_11991,4,0.5351038504654941,6,0.10128054282353763,0.04157024409205151,0.2345898334023844,0.0018742009008094153,0.15002316552207012,0.005765863724641018,0.46489614953450586
plot_11992,4,0.5679580062530225,6,0.07690783396217371,0.05011260884783969,0.2599928109732777,0.0068280087614750705,0.16675079460448022,0.007365949103776087,0.43204199374697755
plot_11993,4,0.6388336612399708,4,2.202189930119006e-05,0.0459908063193408,0.0005750275567656254,0.3611663387600292,0.4042353942901302,0.17633836184006887,0.011672049334364113
plot_11994,4,4.448751567133964e-05,5,4.448751567135836e-05,0.0,0.0,0.0,2.009356616735989e-86,0.9999555124843287,1.650754038986496e-251
plot_11995,4,0.008942583927574415,5,0.008910520163132107,0.0,4.290541851071065e-06,0.0,7.5469004400166124e-06,0.9910574160724256,2.0226322151224492e-05
plot_11996,4,0.0012066831283483004,5,0.000976974816636926,2.1789108605267906e-06,0.0,3.699042082036803e-05,0.0001695390674369733,0.9987933168716517,2.0999912593544035e-05
plot_11997,4,0.46919836676066323,2,0.1862645019297945,0.0249075302523104,0.5308016332393367,0.0060325885724951235,0.24928865832243763,0.0007553479929608709,0.0019497396906646982
plot_11998,4,0.41227470907976993,2,0.2708688398331729,0.001335507454674991,0.5877252909202301,0.0003141117643645553,0.12969057678392218,0.004251074862251337,0.005814598381384072
plot_11999,4,0.42352064187520044,2,0.17337981857882673,0.00146275547547597,0.5764793581247996,0.0003110615436933348,0.22702849617321663,0.0010662322415075404,0.020272277862480155
plot_120,4,0.115243261804849,1,0.005987277669597088,0.8847567381947669,0.005699807225827329,0.003919041529205328,0.03385000519588993,0.0018423558367400002,0.06394477434797342
plot_1200,4,0.6173361441703203,1,0.008975351772180378,0.3826638558284302,0.38172689890351075,0.012061867135698302,0.15644142238433834,1.2137792518159765e-08,0.05813059183804953
plot_1201,4,0.7653563668846026,6,0.1981434285353868,0.011438059751200328,0.23464363311539743,0.02817910926943615,0.11388785472090757,0.009573469097383002,0.40413444551028876
plot_12012,4,0.6329653329987197,4,0.02298725620176058,0.03334832325455904,0.3670346670012104,0.0005189497252960742,0.43316339834680656,0.019804429813294378,0.12314297565707301
plot_12017,4,0.5342672003147253,6,0.05211662208771449,0.0005373038854619597,0.34099655152690944,0.0017434040655460515,0.1388568133637112,1.650538538221558e-05,0.4657327996852747
plot_12018,4,0.7425063559872325,2,0.07064648809944574,0.1943589676223389,0.25749364401276753,0.0044579420127994155,0.2431376469133901,0.00737495340876067,0.2225303579304977
plot_1202,4,0.3162355599030304,1,0.012711163667608803,0.6837644400969488,0.06871075273285729,0.005371618076670597,0.17517831559003905,8.832846174511879e-12,0.05426370982704251
plot_12021,4,0.0008143455284352738,5,0.0005361198494097941,2.5581369599321145e-06,0.0,5.859784724631076e-05,0.00019782346420353942,0.9991856544715647,1.9246230615681674e-05
plot_12025,4,0.576936775431512,4,0.0735733754943601,0.002766687557954147,0.423063224568488,1.4945266878649246e-05,0.4393405856290376,0.002024986150586062,0.059216195332695426
plot_12026,4,0.678012008056669,2,0.32198799194333116,7.242029310392854e-05,0.4071819372988632,1.2861936996663899e-05,0.19878643398680365,0.01085363470384937,0.061104719837052124
plot_1203,4,0.355202477632543,1,0.004915836350450956,0.6447975223674008,0.03178464058708799,0.010641387096179164,0.17691066720219517,2.521675734024551e-05,0.1309247296393456
plot_12034,4,0.20779924068882527,2,0.0031863923862380803,0.0073681714800752805,0.7922007593111747,0.0051997215658217254,0.0945708964250361,2.6583552219915136e-17,0.09747405883165408
plot_12035,4,0.20201381220574965,2,0.004286287185235504,0.002034645575677016,0.7979861877942505,0.004696947491402483,0.11628319570976647,3.573360125532921e-17,0.0747127362436682
plot_12036,4,0.2596325280751507,2,0.007328799067341559,0.001720799155146803,0.7403674719248493,0.007112614627895845,0.14580948365469043,6.111129473258075e-17,0.09766083157007593
plot_12037,4,0.782770008336385,2,2.253770762792935e-05,0.07380979905768408,0.6570232614463747,0.004744578618544509,0.04716983150615388,1.880992598983442e-19,0.217229991663615
plot_1204,4,0.6895469384072098,1,0.0025142801001853763,0.4726014092629563,0.06453341139715132,0.02987015951592934,0.3104530615927902,1.6744004330519238e-12,0.12002767812931311
plot_12043,4,0.443128140549203,4,0.07852554666694045,0.003911317186157822,0.22241396357186646,0.0029010168281720155,0.556871859450797,0.05751991608331628,0.07785638021274996
plot_12044,4,0.45961521079976553,4,0.06562358887128279,0.0023862174991311023,0.13442856980210832,0.008866407078096092,0.5403847892002345,0.05303050458861217,0.19527992296053504
plot_12045,4,0.6426988418587174,4,0.041443447468270195,0.0002519575345867606,0.09740571700510871,0.012303492741555594,0.44871125929874245,0.04258296781045365,0.3573011581412826
plot_12046,4,0.4813547853379191,4,0.0842914691255272,0.0014350744900670498,0.06480569901100944,0.0027828491156068826,0.5186452146620809,0.05272110558914935,0.2753185880065591
plot_1205,4,0.062181239948276144,1,0.007066962810451009,0.9378187600516161,0.00012721048257318936,0.048478082080203794,0.0059491363940385265,3.582204397164394e-05,0.0005240261371457467
plot_12053,4,0.5789383650046322,1,0.05355897275159901,0.4210616349489534,0.10831156275814033,0.002671172434474524,0.35068228120020956,0.0005842884617790058,0.06313008744484402
plot_12054,4,0.6383018335387203,4,0.11025344926524713,0.35509690863359933,0.0639528782690941,0.012149737070486636,0.3616981664612797,4.7846097783530224e-05,0.09680101420250958
plot_12055,4,0.5225257488848526,3,0.00011057724023496253,0.1105275867832136,0.000671390460720934,0.4774742511151474,0.22583890123781888,0.029626138380759778,0.15575115478210438
plot_12056,4,0.3969710189514776,4,1.8064316581733377e-06,0.03533857547491805,0.10371581125970958,0.0,0.6030289810485224,0.14185459693654265,0.11606022884864917
plot_1206,4,0.25993360668008164,1,0.06685130881344822,0.7400663933199183,0.10691412026363371,0.0025166591866612143,0.07649068471914487,4.645809497403447e-11,0.0071608336507355186
plot_12062,4,0.7623024027795662,4,2.1937222881046146e-05,0.07240027742160009,0.12553309090625633,0.0,0.5278166906496871,0.036530406579141625,0.23769759722043396
plot_12063,4,0.2783350231503201,5,4.8498730496560915e-05,0.1020962457044621,0.0006614127545760335,0.018315485573818246,0.16508903327450108,0.7135892371883722,0.00020008677377386996
plot_12064,4,0.3116523330998447,4,0.10970773296998827,0.0,0.016664981799711275,0.05033581928226672,0.6883476669001554,0.1331907467874296,0.001753052260448908
plot_12066,4,0.5502680538705188,1,9.06136437461181e-05,0.44973194612942974,0.019862995385841832,0.032786692868933924,0.4300308078741971,0.06485949500812657,0.002637449089724629
plot_12067,4,0.41712434054292735,5,0.0,0.004451135130445743,5.552210525202919e-06,0.22363706591895272,0.1879068080128738,0.5828756594570726,0.0011237792701299508
plot_12068,4,0.0006395979575944091,5,0.0006347642272486836,0.0,0.0,0.0,4.833730345750219e-06,0.9993604020424056,1.0989151595110692e-158
plot_12082,4,0.02083808786142895,1,0.00014614207979838913,0.9791619121385711,3.718704546644057e-07,0.018863822129913766,0.00039002963600909187,0.0014377221452530537,5.613346422302286e-242
plot_12083,4,0.7211546890628582,1,3.9155118006214975e-07,0.7205942587285542,2.784174168887503e-06,0.2788453109371419,0.0001292376178960256,0.0004280169910589637,1.795203863762966e-94
plot_12084,4,0.13505948453424235,1,6.013895075819084e-06,0.8649405154657577,2.472334172442859e-06,0.13451024749027585,0.0001978117074594937,0.0003429391072587734,1.3512872241283574e-94
plot_12085,4,0.06580802398711105,1,1.2464887795842663e-06,0.934191976012889,0.0,0.0657501255339087,1.3430929948066698e-05,4.322103447469699e-05,1.4640291115812069e-242
plot_12086,4,0.027100597921710053,1,2.470503144556225e-06,0.9728994020781748,0.0,0.026798870534350042,3.4898308901105856e-05,0.00026435857542949015,5.192154761236769e-243
plot_12096,4,0.0773250912065141,1,1.3892511651669343e-05,0.9226749087934641,0.011977528311713781,0.0007450540372142966,0.05128864262784045,9.338941469670505e-29,0.013299973718115731
plot_12097,4,0.024067548307624982,1,0.0007951030091593817,0.9759324516923685,0.01571168820818502,0.00031855413003565577,0.005993236182111733,1.21949632804272e-28,0.0012489667781396296
plot_12098,4,0.07534884578962,1,0.007433255427801852,0.92465115421038,0.05729240913310303,0.0003508132237010293,0.008370951229589967,8.301936050009852e-27,0.001901416775424141
plot_12099,4,0.14148801867118152,1,0.0008562805902175312,0.8585119813288185,0.0364100383674722,0.0008084399840313451,0.07614060414212365,1.2340565031465547e-28,0.027272655587336794
plot_12100,4,0.09278141443569635,1,0.0059000922076776485,0.9072185855643036,0.04940373960950031,0.00025310659383832087,0.027294398153653143,7.113433454518945e-27,0.009930077871026852
plot_12101,4,0.20517245959105757,2,0.001286737761594383,0.014596422088998688,0.7948275404089424,0.0065595584631411245,0.08257103436341995,1.0729278949483505e-17,0.10015870691390338
plot_12102,4,0.5560793130101848,2,2.0728086557431756e-05,0.3108388055940661,0.44392068698981524,0.07541443584715611,0.07994128184744347,2.9824531164852504e-20,0.08986406163496159
plot_12106,4,0.3608202911717497,2,0.021560876506018834,0.012063788438387062,0.6391797088282504,0.0,0.017020876103369574,0.00041475957535820027,0.3097599905486161
plot_12107,4,0.5149838087242318,6,0.0016649265293858504,0.010543366597673983,0.4792263125065484,0.0,0.023545141793085235,4.061297538325687e-06,0.4850161912757682
plot_12113,4,0.47974222927896865,4,2.9211285791127243e-06,0.02010642861487961,0.0021901154398799774,0.37380114535746245,0.5202577707210314,0.062410972391383907,0.021230646346783594
plot_12117,4,0.7074879497654316,6,0.0014855155726638892,0.004601719541807439,0.29251205023456833,0.023468604225048217,0.08212152605952806,2.869124658796249e-06,0.5958077152417253
plot_12118,4,0.3384922057931743,4,0.10756139621575375,0.0,0.002301802862179102,0.09527337205984723,0.6615077942068257,0.13235941217472258,0.0009962224806716537
plot_12119,4,0.0007988281873967624,5,0.0007686298900882737,0.0,0.0,0.0,3.019829730851268e-05,0.9992011718126033,5.062920448345799e-249
plot_1212,4,0.7589380458068583,1,0.020161835973044457,0.5783934205772524,0.24106195419314172,0.0030493427256882252,0.13141940247169195,1.4010460905009372e-11,0.025914044045170868
plot_12120,4,0.3150719433529075,1,0.027379982487727703,0.6849280566470926,0.04795664224338411,0.14196350342553457,0.0804219227310837,4.270215336641828e-19,0.01734989246517746
plot_12121,4,0.6679171169102278,4,0.05440093896487637,0.02079704451715081,0.1741078437795251,0.058542940441049345,0.36006834920762565,4.517813231140345e-16,0.33208288308977224
plot_12122,4,0.5869564106913971,4,0.026865805655527174,0.002932507285983166,0.3088877258186432,0.029027295569283913,0.41304358930860285,2.238456975735569e-16,0.21924307636195958
plot_1213,4,0.045049775425305146,1,0.023316376149433448,0.9549502245746948,0.0013706609646791123,0.0037646248084699375,0.006918551043273017,0.0006188462942746288,0.009060716165174957
plot_12135,4,0.6319138343834024,4,0.0,0.3498483307374606,0.07005580639105274,0.13418585098105734,0.36808616561659757,7.698547724688936e-06,0.0778161477261071
plot_1214,4,0.06958521015427747,1,0.05114489484993704,0.9304147898456385,0.0028800580983785683,0.006159441910022553,0.003485556824229623,0.00048423890541656394,0.00543101956637716
plot_1215,4,0.20676167752058738,1,0.16621834248428796,0.7932383224719535,0.018044203037488486,0.0007423814437660379,0.01654545600958442,1.5005430139327364e-05,0.005196289122780162
plot_1216,4,0.7743032518839004,1,0.2256967474211548,0.7228338493227326,0.024234652669476532,0.003102704335539032,0.021206580378273845,7.1710181118327865e-06,0.002918294854711249
plot_1217,4,0.27189815561478575,1,0.020343355288631765,0.7281018443852143,0.09983624850229957,0.0031582252209799697,0.12527801621473073,1.4137548000209631e-11,0.023282310374006188
plot_12184,4,0.2311881740274977,2,0.030834229049614807,0.03798186689202543,0.7688118259725022,0.028401678879708285,0.005060778231617301,8.860366590856404e-06,0.12890076060794087
plot_12218,4,0.715427863615041,4,0.0008106589927571242,0.014312712582806498,0.2192902819876647,0.0334188318928271,0.4475824507112528,1.2927447732739223e-05,0.28457213638495904
plot_12219,4,0.47399144747711075,4,5.3606227135004606e-05,0.01772226339423863,0.2831994980296923,0.014859779173360257,0.5260085525228894,1.934068548302436e-16,0.15815630065268443
plot_12239,4,0.7738888981041324,1,0.0036150822537224713,0.4092854996165205,0.1337995809226768,0.03105727531180115,0.22611110189586756,1.2131353478438538e-21,0.19613145999941145
plot_12240,4,0.6950941054131554,4,0.03124526538739255,0.26985836714345146,0.20509204838726208,2.9311169223546543e-05,0.30490589458684453,0.18781390411854543,0.001055209207280402
plot_12251,4,0.6289520532543227,0,0.37104794674567737,0.27601251469209964,0.010635897936313716,0.017812929609131865,0.31040009386749434,6.561602911084651e-22,0.014090617149283113
plot_12252,4,0.47518558371209496,1,0.10687514314748263,0.524814416287905,0.041861838784965334,0.0013070912642965844,0.2731606058084064,3.2449495081023103e-21,0.051980904706944095
plot_12256,4,0.2745336231860118,2,0.09474506370338687,0.018428949536801735,0.7254663768139882,0.007002523492471083,0.0007925521541052486,0.0002282204115205549,0.15333631388772628
plot_12262,4,0.6145970495053217,0,0.4609219992395569,0.03143872059946004,0.027497861586698466,0.09454481072582341,8.672760837388832e-05,0.00010692974540909959,0.38540295049467826
plot_12263,4,0.35849025259454137,0,0.6415097474054586,0.011650624247400453,0.013026884222736443,0.027070556582984656,0.00014067215204166268,0.0002960543409957319,0.30630546104838247
plot_12292,4,0.4375198054265528,4,0.00036084245345753714,0.027124684396018683,0.19078829197967248,0.03543890043407547,0.5624801945734472,2.848602894078321e-05,0.1837786001343878
plot_1231,4,0.7450450051458926,1,0.013725950808151902,0.41847989110602063,0.013666776846649516,0.2965548929120015,0.2549549948541075,9.538781458768035e-12,0.0026174934635302283
plot_12314,4,0.17249847318797829,5,3.177181127175605e-06,0.032376001014143306,0.0008059295701688737,3.8588011869458484e-05,0.13790338754114764,0.8275015268120217,0.001371389869521848
plot_12315,4,0.43781234731613,5,0.0,0.1592912406491818,0.0025796563539123903,4.213194180380822e-05,0.2739485552275798,0.56218765268387,0.0019507631436522612
plot_1232,4,0.42988973065825403,2,2.595017339346972e-05,0.03049285262558485,0.5701102693386594,2.0842544463397942e-05,0.0007731099489876822,9.786419813948569e-15,0.39857697536890146
plot_12334,4,0.2787433018774729,5,0.0,0.1137220591009668,0.0007362636571756005,0.001304415639295319,0.16282739517832762,0.7212566981225271,0.00015316830170760223
plot_12335,4,0.0827204463299149,5,3.194192450026334e-05,0.010365353400464948,0.0005338667545784853,2.0501518917277413e-05,0.07103578687958127,0.9172795536700851,0.0007329958518726425
plot_12379,4,0.003893548868399583,5,0.002899772940922462,0.0,0.0,0.0008755530337477321,2.534720158032682e-05,0.9961064511316005,9.287569214910201e-05
plot_12380,4,0.0018809576502425152,5,0.0004455906422832298,0.0,0.0,3.99104979675022e-05,3.401958460616301e-05,0.9981190423497575,0.0013614369253855925
plot_12381,4,0.0026689218657375263,5,0.00197999747214802,0.0,0.0,0.0005662090813315633,1.6146176198313333e-05,0.9973310781342625,0.0001065691360596275
plot_12382,4,0.003907185071359874,5,0.002077896417143309,0.0,0.0,0.0005928814277407451,4.59664529022382e-05,0.9960928149286401,0.001190440773573559
plot_12405,4,0.06922519778339493,1,0.002432458227126257,0.9307748022162485,0.004033074562768075,0.04358076651156886,0.01916042902114567,1.8469461142748802e-05,8.826387909599236e-104
plot_12422,4,0.6097478570828114,2,0.0,0.1963501075200293,0.3902521429171885,0.02178055839061216,0.00797107074224337,4.6047366456635194e-29,0.38364612042992663
plot_12427,4,0.4008643612285244,1,0.0,0.5991356387714529,0.21121499457368764,0.006829795242515476,0.00516504465008649,4.262143221913947e-25,0.17765452676225751
plot_1243,4,0.517661771824664,1,0.001316791983419485,0.48233822817439276,0.27770391773620806,0.00023940127601060639,0.01141275553904186,9.150991507714135e-13,0.22698890529001214
plot_1244,4,0.33267876865675305,1,0.05990623767277929,0.6673212313428508,0.07808370143467502,0.05015465946906495,0.11715778118463072,4.1631561896779323e-11,0.027376388854367627
plot_1245,4,0.24641421084931367,1,9.233862717136224e-05,0.7535857891506862,0.0002834469480098153,0.19852421456880132,0.04750029008339035,1.3920621940746698e-05,1.785296022130232e-54
plot_12456,4,0.28186671178672973,4,0.13076832673434688,0.0014894889862639917,0.07571270085453731,0.07076386798490943,0.7181332882132703,0.0031262781802500078,6.049046422107912e-06
plot_12457,4,0.6042129752032488,1,0.1204784271431696,0.39578702479067024,0.19623257914411038,0.11816966111085446,0.16256943603097734,0.006762871780218089,6.6227114584453486e-102
plot_1246,4,0.14188364975934548,1,4.3357637513017445e-05,0.8581163502405488,0.0046418358218304435,0.10903325922298387,0.027133941483863142,0.0010312555932607327,1.5251766780774494e-52
plot_12466,4,0.7828218766494579,1,0.10128175199950351,0.44099416199957286,0.15115451159934856,0.21717812335054204,0.08660397743514202,0.002787473615890941,3.442875031645004e-102
plot_12467,4,0.2908091002291142,1,0.041073575410875564,0.7091908997708858,0.07215222443600876,0.14302160780412787,0.03406343422701298,0.00049825835108908,1.4792758206929063e-102
plot_1247,4,0.06687889408399139,1,0.0,0.9331211059158964,0.007820619426968283,0.046382590303344406,0.01085748996533154,0.0018181943884592263,2.6955695290136202e-52
plot_12471,4,0.8021532268024378,2,0.0,0.08227800887480466,0.40520409772827265,0.19784677319756225,0.001052565026576021,2.287170201880571e-31,0.3136185551727845
plot_12473,4,0.5274476783822706,6,0.0,0.07455310695367827,0.37044244224318684,0.07777164592524884,0.0046804832601566515,2.2267689395720434e-30,0.4725523216177295
plot_12481,4,0.07536060800935038,1,0.0,0.9246393919906497,0.04554493406773157,0.000737120280508327,0.00028545166734222867,2.0428027722370328e-29,0.028793101993768305
plot_125,4,0.02120551128080044,1,0.0062558072301804385,0.9787944887191995,0.0079021645936492,0.0,0.006576614294464102,1.3073817876794249e-08,0.00047091208868876486
plot_12503,4,0.48015980495429517,1,0.08438758021737389,0.51984019504545,0.21454687518721727,0.0991125531513385,0.08136592246569355,0.0007468739329269084,2.165952133440548e-102
plot_12504,4,0.639944798384602,4,0.09788597930158169,0.23773986342157508,0.21577943068787822,0.07317859491374193,0.36005520161539795,0.015360930059825268,1.2027681005392928e-101
plot_12505,4,0.7093801059294828,2,0.12101581890787821,0.19859403514674628,0.29061989407051725,0.06224500104225905,0.2887846221736581,0.038740628658941206,7.391680091400434e-102
plot_12506,4,0.628533304756899,2,0.07637239812708448,0.3694866460754044,0.37146669524310105,0.0625106737267909,0.11975128362066452,0.0004123032069547109,1.0275213755953545e-102
plot_12507,4,0.7068050910033647,0,0.29319490899663514,0.2626183442990721,0.213663951672288,0.09320496152819566,0.13178779637997234,0.005519797799317825,1.023932451895127e-05
plot_12508,4,0.5562430312821569,2,5.369602868924061e-07,0.3160449607317131,0.44375696871784315,0.034136620201353024,0.02978976398668394,1.2388302852357076e-21,0.17627114940211996
plot_12514,4,0.7936998208324046,1,0.00035160357291313704,0.42457013424287093,0.041390039855111985,0.2063001791675953,0.18950564773940015,2.839583720254052e-25,0.1378823954221085
plot_12515,4,0.7804797466535989,1,0.002602590323038221,0.5306857550071251,0.08406321440389543,0.21952025334640107,0.12401302723130819,0.0006582644716129388,0.03845689521661902
plot_12516,4,0.6807894287760308,1,7.986324234873658e-07,0.5838298086276662,0.05643439954892862,0.006394567867901326,0.3192105712239693,9.595107927009682e-27,0.034129854099111005
plot_12517,4,0.3502814379665396,1,1.3304118401327587e-286,0.6497185620334605,0.044462239033526064,0.005392525448349586,0.2280597835333162,6.1134804799045994e-27,0.0723668899513478
plot_12535,4,0.6326132116240458,6,0.2442940091726189,0.2646978072493449,0.06738402512750011,0.0018044878725969045,0.039485530296125296,0.014947351905859704,0.3673867883759542
plot_12550,4,0.6932434046982356,2,0.17288648000987872,0.0302768040666706,0.3666296823737665,0.04978629625551517,0.0736641419924047,5.0430377416324615e-25,0.3067565953017643
plot_12551,4,0.43526256811429437,2,0.09255530900792107,0.054765236364006424,0.5647374318857057,0.05347573302219238,0.11457683374694617,2.0759501757438473e-25,0.11988945597322843
plot_12562,4,0.17881368515396173,1,0.046146391310668826,0.8211863148444973,0.09910475324263246,0.0015330039736334384,0.011661075741313856,6.550965116791396e-15,0.020368460887247534
plot_12563,4,0.2542677323693139,1,0.015977212161607666,0.7457322676304017,0.17881275517587056,0.010981057432871076,0.02004586642804109,4.098875707082081e-14,0.02845084117116701
plot_12567,4,0.2220564810183843,1,0.00644104244143818,0.7779435189816157,0.06342568883787475,0.05594167693986325,0.038102029248354825,0.00027240022441975156,0.05787364332643356
plot_12571,4,0.6387967895943303,6,0.15538338972187327,0.03793249014098371,0.1502242752481488,0.11845416883303075,0.02888905202527639,0.14791341362501742,0.3612032104056697
plot_12573,4,0.00905837951118741,1,0.0063374147005377975,0.9909416204888126,0.0,0.0,0.0015759025765625064,0.00046679004268813235,0.0006782721913990088
plot_12582,4,0.6390229228373817,6,0.15797602026934468,0.20453761523859687,0.2285333974838204,0.038546892130424615,0.009428997715194991,1.1083612269595127e-16,0.3609770771626183
plot_12583,4,0.6470175258504072,6,0.14304394705957257,0.038962410570165584,0.3529824741495928,0.08023825899239573,0.000509679261887635,8.001672021297318e-17,0.3842632299663856
plot_12584,4,0.5291802093850599,6,0.14289244940955553,0.03768936001173087,0.2432272423615448,0.10493701066325983,0.00043414693896875393,7.911795718062125e-17,0.47081979061494017
plot_12587,4,0.7603473365917505,6,0.23965266340824956,0.13486482422618773,0.23604167047503966,0.07486983041681175,0.004242693615933921,9.156124270950557e-16,0.31032831785777654
plot_126,4,0.0328184062140515,1,0.007294294769485236,0.967181593785921,0.021532869174652466,0.0,0.0026253922369721227,4.0808170031229005e-08,0.0013658092247990476
plot_12609,4,0.002122791283613498,5,0.00012712740310060912,8.85562253137113e-05,0.0010064989702847497,0.0,0.00033799555183214254,0.9978772087163865,0.0005626131330823048
plot_12610,4,0.004178721204177776,5,0.0007919515887077107,0.0011018534726476357,0.001033888891033958,2.7896255749145303e-05,0.0003794284711103432,0.9958212787958223,0.0008437025249290329
plot_12611,4,0.007447966880393196,5,0.0007935700164172943,0.0011122680773700889,0.0030749437443344497,4.040964731840305e-05,0.000845118281943339,0.9925520331196068,0.0015816571130096437
plot_12621,4,0.3336549108897727,1,0.02674675294832,0.6663450891102274,0.17316758367611598,0.005359868603225072,0.1182702508348739,0.01011045482723787,1.0382457385983758e-100
plot_12622,4,0.2716713443149779,1,0.01768430093670026,0.7283286556844805,0.13253282892917895,0.005079751519354023,0.10683207637108,0.009542386559206327,1.015427995300996e-100
plot_12647,4,0.35581596685497163,2,0.10640948706467418,0.0033309626703643866,0.6441840331450284,0.0,0.026053301122334095,0.0018525198287234665,0.21816969616887552
plot_12648,4,0.6595567684351282,2,0.034659746851573796,0.01204697396803232,0.5942981987129073,0.0,0.018033485730008368,0.0005183631726063773,0.3404432315648718
plot_12663,4,0.6552464923931794,4,0.040831490018326505,0.024423436069954355,0.13736611061242804,0.009322005567781087,0.44330345012468836,1.1322994595362237e-15,0.34475350760682055
plot_12664,4,0.5429067719712679,4,0.09083154921162258,0.027449574002237496,0.18341854561043683,0.04258140159303299,0.45709322802873215,2.41775779712769e-15,0.19862570155393555
plot_1267,4,0.05832641516008794,1,7.965705626962739e-05,0.9416735848398411,0.0013229971548280514,0.0,0.05526676249976991,3.815347431616504e-17,0.0016569984492913426
plot_1268,4,0.07001533019667114,1,9.481785138064448e-05,0.9299846698033288,0.001684774221097589,0.0,0.06639897213698834,3.288638231053853e-18,0.0018367659872045596
plot_12682,4,0.3709541529469538,2,0.011619501755252457,0.0165577498941892,0.6290458470530462,0.0,0.026373663136503456,5.722162640359086e-05,0.31634601653460515
plot_1269,4,0.07365008455428507,1,0.0008306669185094321,0.926349915445715,0.002238111638662407,0.0,0.0686606225449446,2.2016745532594415e-18,0.0019206834521686875
plot_127,4,0.028795441926665003,1,0.006420132585886559,0.9712045580732203,0.018778717076722583,0.0,0.0024248885267895287,3.4548813657534356e-08,0.001171669188567217
plot_1270,4,0.3645761722391857,6,0.17230949579445054,0.04789477372079025,0.07338863421621131,0.0012567504273056655,0.00016413641244459367,0.06956238166798334,0.6354238277608143
plot_1271,4,0.18784604355992343,6,0.1039954637178594,0.0009236231978472544,0.02491649920392027,0.0,0.058005054359094074,5.403081202441103e-06,0.8121539564400766
plot_1272,4,0.269283169312854,6,0.08747911695108782,0.003104145137185461,0.06294830264841736,0.0,0.1157516045761634,6.190972688317801e-17,0.730716830687146
plot_1273,4,0.25032952958449306,6,0.07241320886680488,0.003971661582654101,0.008041843276529487,0.0,0.16590281585850403,6.035026298610259e-16,0.7496704704155069
plot_1274,4,0.4205760285388772,4,0.026637381931943215,0.03352749606815515,0.05474794092264154,0.0,0.5794239714611228,9.467035134066043e-16,0.30566320961613636
plot_1275,4,0.4990384101712262,6,0.06267066120332591,0.009924084774539418,0.07475056351874677,0.0,0.3516931006746138,3.1625006865203753e-16,0.5009615898287738
plot_1276,4,0.7149937533089992,1,0.00709028467505174,0.312029515152379,0.12683672307228783,0.0,0.28500624669100083,2.1613137434962163e-16,0.26903723040928035
plot_1277,4,0.5244129119210492,6,0.006736009820198402,0.19322831687475162,0.16484693303717662,0.0,0.15960165218892186,6.846951080160072e-16,0.4755870880789508
plot_1278,4,0.6427348950996434,1,0.016040847954441176,0.35726510490031405,0.15735006606044277,0.0,0.17753425845449908,2.632587121511223e-17,0.2918097226303031
plot_128,4,0.021118523030472923,1,0.006322932621748216,0.9788814769695271,0.008452545106979575,0.0,0.005860385708898783,1.2889010390859522e-08,0.0004826467038359809
plot_1287,4,0.7986145979953654,6,0.20138540200463462,0.0133006203379623,0.11228806362487553,0.0,0.15415532256707762,1.8174289001056175e-17,0.51887059146545
plot_1288,4,0.650586499969408,6,0.349413500030592,0.0026531173239705504,0.03145343490893235,0.0,0.08810560361847405,0.0006559364648858403,0.5277184076531453
plot_1289,4,0.36745049475971325,6,0.20977961036732534,0.00991806728543738,0.06038417880464356,0.0,0.08713318392642207,0.0002354543758849008,0.6325495052402867
plot_129,4,0.024728246000302302,1,0.00641643775465747,0.975271753999599,0.0016458817128594178,0.0,0.01662557879869685,5.970080945476815e-18,4.034773418728642e-05
plot_1290,4,0.39326350766133755,6,0.24465688923979498,0.0023565484584691676,0.025436186531506533,0.0,0.12058052367347227,0.000233359758094586,0.6067364923386624
plot_1291,4,0.5599467674704091,4,0.1028453670378202,0.14098349144932504,0.25626719391879627,0.0,0.44005323252959083,4.943784005128529e-06,0.05984577128046255
plot_1292,4,0.6496278862344625,6,0.024051206022162392,0.13268552372692893,0.35037211376553745,0.0,0.105736667884061,7.334080742152287e-18,0.3871544886013102
plot_13,4,0.5794986254877779,6,0.003485336539614118,0.16451733826894582,0.07367009720494032,0.08600023757457342,0.24975369390365043,0.002071921996053757,0.42050137451222214
plot_130,4,0.5216381784706958,4,4.8581368463678596e-05,0.2970408311478129,0.00843040335204974,4.3409706352907016e-05,0.4783618215293042,0.016573227047991163,0.1995017258480255
plot_1309,4,0.0029508990475220877,0,0.9970491009524779,0.00036702129975751187,0.0,0.0,1.117500805852913e-15,0.001414106835154544,0.0011697709126088974
plot_131,4,0.7335778046950852,0,0.3383455689062603,0.07823866714176858,0.19462795740214808,0.0016389014767769208,0.12072647202380596,2.377443253986187e-07,0.26642219530491484
plot_1310,4,1.892723568882332e-13,0,0.999999999999917,0.0,0.0,0.0,0.0,8.299219027042565e-14,5.076538114405988e-187
plot_1311,4,0.00021717541236512388,0,0.9997828245876348,2.247919442428052e-05,0.0,0.0,6.844430527779917e-17,0.00010204285676829651,9.265336117239087e-05
plot_132,4,0.3233355011793099,1,0.0,0.6766644988144165,0.00029463337830634077,0.0,0.30785423374876714,1.0438149715804528e-19,0.015186634058510076
plot_1327,4,0.1778800229162577,1,0.013740166656841147,0.822119977083509,0.005888776313245671,0.02242520160517812,0.08020207305178143,0.055623805289444495,7.009274919652046e-110
plot_1328,4,0.13719732176554755,1,0.0035996255913735716,0.8628026782344524,0.007372538178038962,0.006429984308494886,0.1013568695538209,0.018438304133819194,8.629401563295276e-110
plot_1329,4,0.791408115693525,1,0.0050324209598737535,0.49026578774140994,0.20859188430647504,0.0013459096601235053,0.293921851255073,0.0008421460770446352,3.568675479485725e-109
plot_133,4,0.2165453831862209,1,0.00010348159717674968,0.7834546167505902,0.0008636732448563157,0.0008372740210048845,0.21439278305704673,0.00010205949269827944,0.0002461118366268
plot_1330,4,0.35021822552594856,1,0.1311431150973429,0.6497817744738872,0.00020403799629091656,0.0664688426009174,0.03720104816597203,0.1152011816655897,7.93127024643317e-265
plot_1331,4,0.332087018198018,1,0.10548904043816108,0.667912981801982,4.045291779579512e-05,0.023511550756040743,0.11946807532925671,0.08357789875676369,8.085035210748212e-264
plot_1335,4,0.49545456538433846,6,0.17430230622589907,0.004166928247810508,0.2814554961533885,3.1750306742283164e-05,0.03547115532138027,2.6929129117907923e-05,0.5045454346156616
plot_1336,4,0.4123795979730823,6,0.1176068906045367,0.04405946043247216,0.20625422224100767,0.0,0.04427453490336393,0.00018448979170188474,0.5876204020269177
plot_134,4,0.25037879658939216,1,0.008945876387386873,0.7496212034105284,0.20513747297288903,2.878695912954885e-05,0.03382844307846449,1.8512478428344842e-05,0.0024197047131733467
plot_13427,4,0.3812861937790193,1,0.02959805981418213,0.6187138062206893,0.0889687448926957,0.0,0.11803053916631336,0.12704601520684225,0.017642834699277354
plot_13428,4,0.4490851768636947,1,0.02125725043335127,0.5509148231182137,0.190692668811707,0.0,0.02783494554990594,0.16003721506968857,0.04926309701713348
plot_1345,4,0.1817834332970601,1,0.17767564533932434,0.8182151957280198,9.636460303693795e-05,0.0,0.00276745316470921,0.0012453411649097702,8.574959767202202e-282
plot_1346,4,0.07384804653219608,1,0.07327695259122137,0.9261519534676323,1.1983989969636249e-05,0.0,0.00045751679854368516,0.00010159315263307908,3.808687329976621e-282
plot_1348,4,0.5761892545162198,6,0.08154969590535478,0.025284796491842634,0.42381074548378017,1.2144669930017142e-05,0.0076787552182595534,0.016034907633898438,0.44562895459693425
plot_135,4,0.19606256014109996,1,0.007769462855274321,0.8039374398504737,0.1795095339244571,3.592501098136673e-06,0.005842197736117279,3.823750648183109e-06,0.0029339493819311065
plot_136,4,0.49854830677162204,1,0.013136800884826851,0.5014516932279861,0.35813076024789764,1.3185963361496385e-05,0.01803524695927648,1.4734357938576014e-05,0.10921757835871294
plot_1363,4,0.5790092621156885,4,0.04896006265972066,0.2459292775598173,0.13441907154233967,0.0,0.42099073788431157,2.5124516763401222e-20,0.14970085035381087
plot_1364,4,0.5691399667285172,4,0.01507354079341527,0.3201147715011073,0.0746004947414477,0.0,0.4308600332714828,5.0768245120501037e-20,0.15935115969254693
plot_1365,4,0.4484393849796313,1,0.004036059409981872,0.551560615020349,0.020326888789542644,0.0,0.35506824448442814,9.428903672632036e-07,0.06900724940533122
plot_137,4,0.3017650833303741,6,0.0035702073454797704,0.19385897804511049,0.08939047685921576,0.00064554552365495,0.014299875556877114,3.5977940942475815e-14,0.6982349166696259
plot_1379,4,0.7170224540893178,4,0.096557942305258,0.13353720716934142,0.28297754591068225,0.0,0.38926753318727847,6.0103090748572435e-06,0.09765376111836502
plot_138,4,0.3038259779384189,4,0.0519246033908146,0.01103238490434038,0.13060083214647614,0.08110933861849243,0.6961740220615811,2.2882781229884785e-10,0.02915881864946762
plot_1380,4,0.6888743406096163,6,0.3111256593903836,0.04142573696278523,0.10210044781098965,0.0,0.2158610529466457,0.0002828438939051471,0.3292042589952907
plot_1381,4,0.4942666209100533,6,0.24905130522761704,0.002037504967410375,0.06441547993492219,3.351467375616133e-05,0.17303846705533815,0.00569034905100942,0.5057333790899468
plot_1382,4,0.795056303591174,6,0.2049436964088261,0.06461000817575012,0.13405338048008877,5.324720632591265e-06,0.1210839779435528,4.4408388247154606e-14,0.4753036122711053
plot_1384,4,0.455037178671589,6,0.015421500349635615,0.20357996656733301,0.0916497490812429,0.0,0.14438517887515218,7.837982253142727e-07,0.544962821328411
plot_1385,4,0.5570520745328618,6,0.030059556920434667,0.028832201871191745,0.24146353498121437,0.0007610826144448435,0.17816413378264748,0.07777156436292873,0.4429479254671382
plot_1386,4,0.5998272292013956,6,0.08799996305311084,0.014860470581669536,0.015008890763801151,1.571092225989902e-05,0.40017277079860436,0.0005295404560213743,0.4814126534245329
plot_1387,4,0.41586642212056396,6,0.09695456628083682,0.008400735124245651,0.019972564980908276,4.054502961536026e-05,0.29000784500357124,0.0004901657013866548,0.5841335778794361
plot_139,4,0.04234995328092392,1,0.0010559378933889334,0.957650046719076,0.009861873822114392,0.013830913191476798,0.007377651672981166,0.008295004588196883,0.0019285721127657164
plot_14,4,0.5965157958850758,4,0.013893413082873732,0.11221051481479345,0.2615639357439019,0.008560614575284389,0.40348420411492425,1.989894737418332e-06,0.20028532777348484
plot_1403,4,0.2519716433093078,6,0.07715024352484393,0.022500873249972554,0.08660454120910943,0.0,0.06571598532537747,4.4690350542510506e-15,0.7480283566906922
plot_1404,4,0.6091169481285461,1,0.0010276864488580856,0.5657466619511934,0.006071043790151669,0.0,0.3908830518714539,3.845603105288444e-19,0.03627155593834306
plot_1406,4,0.745393794322082,4,0.001767661213788172,0.25460620567791803,0.2188153184098971,0.0,0.44895972269155415,0.0016786176342426036,0.07417247437259981
plot_1407,4,0.6311785012588598,4,0.018234630843869223,0.12254370837322076,0.044371542271992075,0.0,0.44544347135967377,0.0005851484101040262,0.36882149874114023
plot_14226,4,0.27806559347010745,0,0.7219344065298926,0.04914731417963246,0.0,0.0,1.4964298594531766e-13,0.10055322520772436,0.128365054082601
plot_1423,4,0.5683662710123676,1,0.4316337289876324,0.5156695228075324,0.0025952618950986226,4.7575912722265945e-06,0.03375191822454754,0.016252917362828807,9.189313108791901e-05
plot_14320,4,0.7463141739301717,6,0.10926614949822558,0.026300806916533602,0.0032534794266952643,0.18964392485109988,0.25368582606982826,2.0931653373871407e-17,0.4178498132376175
plot_1440,4,0.27107994488916654,1,0.0,0.7289200551107498,0.0020399570111702065,0.0,0.26903998787808003,4.150152095655861e-19,2.8246184895963707e-104
plot_1446,4,0.44007945205548604,6,0.13604396162724186,0.006548858807148426,0.05614448336723092,0.00039017991749026024,0.24007098844792013,0.0008809798884545207,0.559920547944514
plot_1447,4,0.7486074173864824,6,0.13497467213665418,0.06943846675836723,0.1934033414862111,0.0,0.2513925826135159,5.966865791337169e-06,0.35078497013946036
plot_1448,4,0.4419779854161572,6,0.18143570262942307,0.009318904413357785,0.05118760687269737,0.0,0.20002245748144845,1.331401923058112e-05,0.5580220145838428
plot_1449,4,0.586169661707784,6,0.21979913731067158,0.012711289478291076,0.30575208578081103,0.0,0.04748348241062718,0.00042366672738301277,0.41383033829221605
plot_1450,4,0.505980997619369,6,0.13494999597833754,0.016848130309003385,0.27121459768835593,5.171254018114845e-05,0.08288808407567501,2.8477027815963537e-05,0.4940190023806311
plot_1451,4,0.5789384584333861,6,0.010498161668118323,0.1513333434616767,0.11409051542665188,0.0,0.3030164378769392,2.520466791302517e-20,0.42106154156661396
plot_1453,4,0.22594071066102495,1,5.2303645483172125e-05,0.774059289338975,0.0003544112143047845,0.0,0.19646804696332504,0.029065948837911915,2.7158517688277836e-86
plot_1454,4,0.4546617736343011,1,0.008099645046128177,0.545338226365699,0.020393988409332462,0.0,0.4260794739636109,8.866621522964966e-05,1.1564508413890242e-108
plot_1455,4,0.6653463803592261,4,0.01534314483941255,0.26852539069178794,0.33465361964077395,0.0,0.38147784482802566,5.529402173551518e-19,1.150262741766236e-261
plot_1456,4,0.19770091871132844,1,0.18777104208956552,0.8022990812886716,0.0007655674712435701,3.7490278119824377e-06,0.007848503759964109,0.001312056362743293,9.00396487565995e-282
plot_1459,4,0.721210137011432,1,0.2787898629885681,0.35777275024240035,0.028515920674027417,0.026882831554244674,0.0015221472707829197,0.021686875361160214,0.28482961190881634
plot_1460,4,0.26114439753566376,1,0.014332672643731632,0.7388556024643362,0.015144201457147191,0.02638754172779674,0.09287415549388081,2.619681138525274e-05,0.11237962940172214
plot_1461,4,0.39370676678152206,4,0.10849446946958813,0.11747085655504531,0.07445255401622165,5.486810949623589e-07,0.606293233218478,0.00453722382251981,0.0887511142370522
plot_1462,4,0.24775338601006003,1,0.0031731479325336426,0.75224661398994,0.0061007334024289995,0.14393774056243225,0.00928055457887211,4.894737633048868e-05,0.08521226215746251
plot_1463,4,0.6077274708088718,2,0.08757122993592956,0.15841320894546587,0.39227252919112815,0.0,0.1348661104130099,4.782355774419117e-22,0.2268769215144666
plot_1464,4,0.3567079741289088,6,0.007746107552165369,0.052014320556073565,0.23941217754935706,0.0,0.05753536847131288,6.105715001156564e-18,0.6432920258710912
plot_1465,4,0.39031533189406464,6,0.004500424853790129,0.09232704229791569,0.23642113785403374,0.0,0.057066726888325155,1.0525020461070997e-17,0.6096846681059354
plot_1466,4,0.6803260513409508,4,0.1024007042931868,0.1312503109164252,0.3196739486590492,0.0,0.3212149631417025,4.627503550343997e-21,0.12546007298963635
plot_14725,4,0.701064170552831,5,0.1611917028130213,0.2989358241340738,0.0,0.0,5.313095065471629e-09,0.539743496839076,0.0001289709007338917
plot_14726,4,0.4419592509880979,5,0.21490738357357408,0.2269664749693068,0.0,0.0,4.034350328465417e-09,0.5580407490119021,8.53884108667636e-05
plot_14727,4,0.5737514702231545,1,0.038974116030118446,0.42624852977683225,0.09862084206160568,0.0014509446224245572,0.19420116770135484,7.316694279645285e-22,0.2405043998076643
plot_14728,4,0.31282309906767414,6,0.11217129747775473,0.03753421224176833,0.15147457515171367,0.0001250276162948567,0.011517986580142584,8.7571875597219e-22,0.6871769009323259
plot_14729,4,0.4613018073950448,6,0.050514784702016445,0.17431297729754655,0.15259107834191604,0.0022703907982786495,0.08161257625528708,6.130152705792389e-22,0.5386981926049552
plot_14730,4,0.7596500147254077,6,0.1671413895405538,0.02039705692513167,0.24034998527459234,0.00012739600756943499,0.007206249865850082,2.6669558745404614e-21,0.5647779223863026
plot_14731,4,0.5262172300067732,1,0.10413496758694032,0.4737827699925594,0.08108080815146176,0.0012385120595746289,0.17936094490429477,3.896541724391476e-22,0.16040199730516919
plot_14751,4,0.39662244855156414,6,0.11484776650886189,0.0876059899039826,0.17045947589215488,0.00014626700103106843,0.02356294924553368,6.673019573130446e-22,0.6033775514484359
plot_14752,4,0.7716472798046882,6,0.11185123522089152,0.20858507305382856,0.22835272019531186,0.0004477641818325959,0.07713845486041476,2.372394975200607e-22,0.3736247524877207
plot_14753,4,0.6806512374303713,1,0.20426692487683445,0.37390568489078585,0.045073911193084626,0.009310554903055305,0.3193487625696287,4.365147552666513e-22,0.04809416156661113
plot_1476,4,0.4144213015273155,1,0.0918507124749636,0.5855786984726845,0.11038862980289785,0.0,0.019515104030191428,0.16867878772455658,0.023988067494706014
plot_1477,4,0.7549758537641558,6,0.002413447646428894,0.035561998612978804,0.24502414623584431,0.0,0.107091835609499,1.037567071661579e-21,0.609908571895249
plot_1478,4,0.24578389749274576,6,0.012331276775281242,0.02340897316212592,0.15153352597586656,0.0,0.05851012157947197,8.683379126321084e-17,0.7542161025072542
plot_14780,4,0.001212097828301294,1,3.426967190672548e-05,0.9987879021716988,9.59865953843812e-05,0.0,0.000632664049950031,0.00044917751106022196,1.2565641098516233e-103
plot_14781,4,0.0012873081813294322,1,3.237047840434863e-05,0.9987126918186706,6.168177938129537e-06,5.699418329548978e-05,0.0011215064070282616,7.026893466325162e-05,5.076136705927228e-104
plot_14782,4,0.7391105353441048,5,0.26088946465589513,0.0037416873739221186,0.11096539084922608,0.0021064668884221258,0.20622474897022197,0.4006681407386683,0.015404100523644111
plot_14783,4,0.4922704461092288,4,0.022461079611640983,0.28198070615181214,0.1822882149101633,0.0055373383869826735,0.5077295538907712,3.1070486296706034e-06,6.757471332472214e-104
plot_14784,4,0.35021217870883237,4,0.01611958950436936,0.15136515320124855,0.1826425231285485,7.496794460094023e-05,0.6497878212911676,9.944930065022495e-06,1.4921747078868957e-103
plot_14785,4,0.38665536547101576,4,0.006529807887893062,0.2156013024303689,0.16447898575277717,7.0588832937659e-06,0.6133446345289842,3.821051668282579e-05,2.1948420538677973e-103
plot_14794,4,0.6006662780904071,4,0.0021533351189778195,0.39933372190046396,0.1038938775121187,0.0,0.4937935853946544,0.0007630579375207873,6.242213626435641e-05
plot_14795,4,0.4707324814537199,5,0.1497534036846922,1.0858192563306371e-148,0.00886821891475732,0.0,0.2204212686227697,0.5292675185462802,0.09168959023150071
plot_14796,4,0.4957097610970845,5,0.1174248596214469,5.151172408967146e-147,0.0814807441709843,0.0,0.26343889221114514,0.5042902389029156,0.03336526509350828
plot_14797,4,0.6917943580250352,4,0.0,0.07694632237013575,0.11568589286009913,0.0,0.49397559714089073,0.0051865456539094724,0.30820564197496486
plot_14798,4,0.5628307928098049,4,0.2636532913851656,0.0,0.0009702438723061244,0.0,0.43716920719019514,0.09535864711043798,0.20284861044189514
plot_1480,4,0.08184674447563137,1,0.000605640391348343,0.9181532555241841,0.0025625256697773646,0.0,0.06988683730237016,0.00027631953735984707,0.008515421574960168
plot_14801,4,0.4868003563634853,6,0.3296276287239299,0.011418895762809883,0.1322811803345663,0.001254625639201699,0.01221802590297757,1.9205111205124406e-20,0.5131996436365147
plot_14802,4,0.6091546317705518,0,0.39084536822944815,0.22186722911428755,0.01744404642860703,0.09442738482732965,0.2706643789956229,4.0164177707339034e-23,0.004751592404704809
plot_14803,4,0.3669263905054843,4,0.15105496545876013,0.00015041185847770893,0.004418478693639968,0.0,0.6330736094945157,0.15855150386426195,0.052751030630344586
plot_14804,4,0.4275502792351437,4,0.1304341509921628,0.00013976646601539366,0.009789287083075778,0.0,0.5724497206895446,0.25197653947977733,0.0352105352894242
plot_14805,4,0.6042568725014803,6,0.22485316634195085,0.0,0.0007840458978871153,4.573194663276619e-05,0.23762780322102262,0.14094612509398696,0.3957431274985198
plot_1481,4,0.2301857971329595,6,0.07227063008525586,0.02426522082409731,0.07311508767514799,0.0,0.060534858548444544,1.3861407513309099e-14,0.7698142028670405
plot_14811,4,0.30023054343934263,6,0.12633957416701003,0.024617831060113067,0.1424695155436571,7.834306718835058e-05,0.006725279601374116,1.029777465924536e-21,0.6997694565606574
plot_14904,4,0.7556578973789696,1,0.24434210262103054,0.6036858854758356,0.0005833069675534984,2.6751893800488793e-05,0.03403372698703093,0.11727592066951986,5.230538522921569e-05
plot_14905,4,0.2284142335402531,1,0.1492048330565326,0.7715857664597469,0.00010162303002800177,0.05160518324252829,0.022649670897269873,0.00340402650457916,0.0014488968093151317
plot_14906,4,0.4750006966412685,1,0.3844383713496558,0.524999303352679,0.0074172615034392994,0.0006400793872990967,0.002639896467160224,0.07831598258446797,0.0015491053552988473
plot_14907,4,0.36028934724092565,1,0.26452513832932323,0.6397106527590743,0.0013044298425405627,0.003663322724204326,0.0012776989272381847,0.08923426050696213,0.0002844969106572148
plot_1497,4,0.37680398485624744,1,0.10629455630666215,0.6231960133810657,0.004578070674160263,0.0,0.23566151283207248,0.030058061888950563,0.00021178491708885488
plot_15,4,0.5968177354690518,6,0.014640306563148183,0.07577097156608309,0.17564918460595058,0.04189162757354551,0.2887814008369588,8.424432336559087e-05,0.40318226453094824
plot_1500,4,0.15581766422281662,6,0.0658580203695628,0.006862609762103974,0.016218368316624748,0.0,0.06687866577452384,1.278510495423591e-15,0.8441823357771834
plot_1501,4,0.136878392503021,6,0.03052328221471414,0.001143213821406922,0.0034652407128058656,0.0,0.10174665575409345,6.190377388503745e-16,0.863121607496979
plot_1502,4,0.09069798187880886,6,0.026754667712317298,0.012301046139804052,0.01914795794937224,0.0,0.03249431007730691,8.36845917636006e-15,0.9093020181211912
plot_15049,4,0.5929631490593431,1,0.4070368509405664,0.5451765552698135,0.0010671292663840145,0.0015362985624340767,0.00043177892160484296,0.044662707180531676,8.867985866559853e-05
plot_15056,4,0.29603046444578784,1,0.001449728722377782,0.7039695355541971,0.0864980308969264,0.003900341544105361,0.2038984457254005,2.4657231797808774e-21,0.00028391755699284905
plot_15069,4,0.6800402510665441,1,0.0006182261707049467,0.4707059112590993,0.20762584897061595,0.0010119863072656369,0.31995974893345597,4.712972813918344e-06,7.356538604439119e-05
plot_15070,4,0.47310511299028857,2,0.029076604797608787,0.24032442993373881,0.5268948870097114,0.05081770981887711,0.139445020782814,4.636780086367685e-19,0.013441347657249888
plot_15229,4,0.37504454895432626,1,0.0005408368944964169,0.6249554510451637,0.09140866539791431,0.0032433070668100167,0.2795934916798753,1.0590518223566298e-21,0.00025824791574023795
plot_15247,4,0.49350602223651974,2,0.01150422408857987,0.32373273817637016,0.5064939777634803,0.016117267918860038,0.13908932155086767,3.5344980414109867e-19,0.0030624705018420274
plot_15253,4,0.2582067547241153,1,0.125885214729393,0.7417932452758847,0.0004454379258834746,0.0001089190159999922,0.027835014082388473,0.10389349715438173,3.86718160686106e-05
plot_15289,4,0.5764877740786913,6,0.2987154923129899,0.030932132949676627,0.0009174169994141207,0.1455986568796007,0.10032407493701005,4.493880245125766e-17,0.4235122259213087
plot_15326,4,0.35748547668737374,0,0.6425145233126263,0.0025226280857955823,0.02415473759205721,0.028369195116703882,0.0763827922668711,3.174153307407567e-18,0.2260561236259459
plot_1536,4,0.5599157617377548,1,0.4400842382622451,0.44833084687956243,0.020027480678324328,9.689387801175958e-06,0.021318327805471705,0.06790901210157084,0.002320404885024363
plot_1537,4,0.5901000986127501,1,0.40989990138725,0.5532904190477516,0.0022295262611891566,6.612476517304168e-06,0.02271385584677646,0.011797371372916386,6.23136075991301e-05
plot_15377,4,0.4643366428954395,4,0.027130641079433193,0.08107754467790906,0.0546730514277306,0.005230115103323772,0.5356633571045605,6.996361191149271e-16,0.29622529060704217
plot_15378,4,0.38358287971303195,1,0.002401757074751199,0.616417120286661,0.13929448849365558,0.004064577535320651,0.2374992209073798,1.708044508546845e-07,0.00032266489778106543
plot_15379,4,0.3777753208194113,1,0.003530461698740253,0.6222246791805737,0.16473214146883836,0.01004644978125167,0.19849907466691732,1.9057959662829166e-20,0.0009671932036786915
plot_1547,4,0.03417523395011585,1,0.00023498477637347222,0.9658247660498627,0.0005711865100331574,0.0,0.033227328265184736,0.00014173439854590678,4.1483675175070335e-104
plot_15490,4,0.31427653030371383,1,0.2077239220066943,0.6857234696962863,0.0013620599547682448,0.005823719362129846,0.0024681670457272955,0.09659966396702697,0.0002989979673672348
plot_15491,4,0.4318908029424129,1,0.29265976470276384,0.5681091970575735,0.0061662923348657596,0.00026296861860626114,0.004673727067843039,0.12665350956496477,0.001474540653382859
plot_1558,4,0.5448699240432997,4,0.06077861533404186,0.3130844852302336,0.02567033535940142,0.0,0.4551300759567003,0.0003766809407148139,0.14495980717890805
plot_15580,4,0.16517716134278868,0,0.8348228386572113,0.0023985806580123356,0.039659648693294906,0.0,0.0008896267790170137,3.9857085333310134e-07,0.12222890664161108
plot_1559,4,0.6138640692610062,4,0.04955682999742915,0.20817038733011348,0.04151692419720221,0.0,0.3861359307389938,8.771771233102545e-05,0.3145322100239304
plot_1560,4,0.06241749744993393,1,0.0033640582534746246,0.937582502549972,0.00010773669441032639,0.0,0.05078787343941793,1.3022420736462767e-15,0.008157829062723665
plot_1561,4,0.3341281861744422,1,0.1658534987666575,0.6658718138255578,4.2994984321022e-05,0.0,0.15949751387642372,1.1289297511377626e-14,0.00873417854702859
plot_1562,4,0.49894068395925983,6,0.06524002286311431,0.2036289771231674,0.16139926317631154,0.0550690066304554,0.005659114555165945,0.007944299611045223,0.5010593160407402
plot_15622,4,0.3926846901181665,4,0.0010480724256117344,0.3893956043309117,0.002080713453729703,0.0,0.6073153098818336,0.00016029990791338673,2.090750833345926e-108
plot_15628,4,0.1662337187023335,1,0.1627562070476665,0.8337662812976665,8.792011384631473e-05,0.0,0.002442239867179709,0.0009473516736409642,8.005935727312467e-282
plot_1563,4,0.6172848450640516,0,0.3827151549359484,0.00896714924069233,0.09630265685236672,1.3201017283911613e-05,0.148538571620188,4.435151559629541e-06,0.36345883118196093
plot_15635,4,0.01203011264402587,1,2.8639347222304133e-05,0.9879698873501209,0.00012499880707271256,0.0,0.008768220485776693,0.0023988252869863165,0.0007094287228209301
plot_15636,4,0.5936485566108725,6,0.40635144338912743,0.021520470310594685,0.03223651065865664,0.0010935180998741664,0.10421834365271726,8.46826073659411e-05,0.4344950312816639
plot_15637,4,0.6035428210288565,4,0.089716779673037,0.3168432043458237,0.10831619523774133,0.0,0.39645717897114363,7.513568281845233e-23,0.08866664177225447
plot_15638,4,0.20854236911870244,1,0.01630031725896349,0.7914576308807213,0.016240211304630957,0.014259846169648241,0.07466208399579916,2.1477556583271977e-16,0.08707991039023646
plot_15639,4,0.03301935447529147,1,0.000822638176952598,0.9669806455247085,0.0008938217009462636,0.0,0.03059053893011014,3.56110133355287e-17,0.0007123556672824253
plot_15643,4,0.5526965321555343,2,0.17901819538852193,0.0034231591687345583,0.44730346784446573,3.088798405076527e-05,0.02647929961289073,3.998263296844912e-05,0.3437050073683678
plot_15646,4,0.04374511553082573,6,0.00927783176033093,0.0024132384704961965,0.004258473968881005,0.0,0.02779557133111591,1.6981326591169106e-15,0.9562548844691743
plot_15647,4,0.5056861926469709,6,0.023000468780275438,0.0892821134613319,0.31883530875164523,0.0,0.07456830165371846,6.651907232858194e-22,0.49431380735302904
plot_15658,4,0.201535712167542,1,0.06339783943415106,0.798464287832458,0.03683933911265513,0.0,0.09420440385361696,9.146712873108401e-19,0.007094129767118905
plot_15660,4,0.5105054670119646,4,0.16213459611588743,0.2453740925235023,0.004507980671730865,0.008325424291450782,0.4894945329880354,0.00019840308458766377,0.0899649703248056
plot_15668,4,0.19695584903977537,1,0.0011381889402129679,0.8030441509602246,0.019171570200423645,0.0005452661504746435,0.17547471548410282,0.0006261082645613023,1.324181242949868e-109
plot_15669,4,0.34622711341916645,1,0.021904486783559315,0.6537728865808337,0.11922817086635651,0.0006431090700558288,0.20374394201542056,0.0007074046837742575,1.550365302291581e-109
plot_15671,4,0.46211861264205367,1,0.022614062545812427,0.5378813873531777,0.036340517913260525,0.10199428301892373,0.0026371150338329553,0.0007081702702685419,0.29782446386472416
plot_15675,4,0.0359960977731493,1,0.03584027264063872,0.9640039022266803,0.0,0.0,0.00010859298114213786,4.723215153870516e-05,1.8625462643180863e-282
plot_15678,4,0.15350939883468057,1,0.00024894715638997537,0.8464906011653195,0.0005336584883641074,0.0,0.14986805175300616,0.0028587414369203074,1.650828254837037e-104
plot_15679,4,0.20528235514781756,1,0.05065876015651756,0.7947176448521824,6.942945040161179e-05,0.009713637174605407,0.07814375768183592,0.06669677068445709,4.600259132152816e-263
plot_15688,4,0.2085423691173093,1,0.016300317258963495,0.7914576308805161,0.01624021130463096,0.014259846169648243,0.07466208399600452,2.1477556583271982e-16,0.08707991039023648
plot_15695,4,0.3750445489546792,1,0.0005408368944964169,0.6249554510452127,0.09140866539791433,0.003243307066810017,0.27959349167982644,1.0590518223566309e-21,0.000258247915740238
plot_15696,4,0.49350602223651974,2,0.01150422408857987,0.32373273817637016,0.5064939777634803,0.016117267918860038,0.13908932155086767,3.534498041411278e-19,0.0030624705018420274
plot_15697,4,0.7639423837977509,1,0.04787654994368261,0.38648129027982187,0.013625551316420197,0.1608455716214879,0.23605761620224927,1.2690988224894885e-15,0.15511342063633712
plot_15698,4,0.26375882100290526,1,0.012299596945435096,0.7362411789970728,0.022041208296091106,0.014295003900429246,0.02487152034099814,2.9829119130692696e-16,0.1902514915199732
plot_15700,4,0.47310511299028857,2,0.02907660479760879,0.24032442993373881,0.5268948870097114,0.05081770981887711,0.139445020782814,4.636780086450522e-19,0.013441347657249888
plot_15716,4,0.6602937111284579,1,0.01486014657969877,0.5325503023287763,0.06432903008573948,0.013181698308005748,0.03537138010704872,1.153719188983308e-06,0.33970628887154203
plot_15717,4,0.4587138681638431,1,0.061947134564581105,0.541286131836156,0.016407512100587548,0.15693427214636266,0.1696515214918082,3.5260570072521226e-16,0.05377342786050426
plot_15718,4,0.3752895339796441,1,0.0017779949242789838,0.6247104660203409,0.16280845785271236,0.002326381357948771,0.20825811669666366,6.2415459477401275e-21,0.00011858314805531775
plot_15721,4,0.6800402510665441,1,0.0006182261707049469,0.4707059112590993,0.20762584897061595,0.001011986307265637,0.31995974893345597,4.712972813918345e-06,7.35653860443912e-05
plot_15722,4,0.631843965109915,6,0.08558955738242617,0.2708540474914216,0.0663822586290391,0.03351876688775855,0.17549933471926749,2.2638993647132614e-15,0.3681560348900849
plot_15723,4,0.7607194143681345,6,0.23928058563185847,0.1727414803851312,0.08067299122547852,0.09354228299611242,0.1332494738340044,6.831430833426652e-15,0.28051318592740815
plot_15724,4,0.4620228846216764,0,0.5379771153783236,0.15314631162163328,0.0,0.0,2.724945564443734e-12,0.1629090413779521,0.1459675316193661
plot_15725,4,0.761526640018713,6,0.2384733599812812,0.17115709468669657,0.07805621034119054,0.09930766338777605,0.14687420830646664,5.807020755930815e-15,0.2661314632965832
plot_15726,4,0.3835828797118653,1,0.002401757074751199,0.616417120286473,0.13929448849365558,0.004064577535320651,0.23749922090756773,1.708044508546845e-07,0.00032266489778106543
plot_15727,4,0.6904103001056128,1,0.003417509724456991,0.46223267068820206,0.17582168288750188,0.03977192130896419,0.3095896998943872,1.7776758070434642e-20,0.00916651549648766
plot_15728,4,0.7575599109686351,0,0.5731827045191036,0.07383851943884868,0.0,0.0,3.243660806454669e-12,0.11053868700743913,0.24244008903136494
plot_15729,4,0.7640467603371514,0,0.42007735776361343,0.23595323965980208,0.0,0.0,4.437811857997711e-12,0.2924519675695444,0.051517435002602134
plot_15734,4,0.6602937111284579,1,0.01486014657969877,0.5325503023287763,0.06432903008573948,0.013181698308005748,0.03537138010704872,1.153719188983308e-06,0.33970628887154203
plot_15735,4,0.24877783177851623,1,0.030586124289339503,0.7512221682214822,0.009517103511796413,0.03913529429931699,0.1293202507453693,2.789604191848667e-16,0.04021905893269528
plot_15736,4,0.48273054220632505,1,0.02464998523492256,0.517269457793675,0.0658161874253287,0.014169188840601924,0.0452571589315398,6.510728740102151e-16,0.3328380217739314
plot_15737,4,0.7032177800947532,1,0.007486884755886699,0.4166779134697671,0.265785712882184,0.011548768693433731,0.2967822199052468,1.1142902570680988e-19,0.0017185002934816665
plot_15740,4,0.5152085208093983,5,0.345609921568716,0.1345750042945851,0.0,0.0,5.973407628278739e-11,0.4847914791906017,0.035023594886363016
plot_15744,4,0.42663302281172477,5,0.29101246727048263,0.09781048666246847,0.0,0.0,5.709278032217611e-10,0.5733669771882752,0.03781006830784593
plot_15749,4,0.5606121498729484,0,0.4393878501270516,0.11757452565960191,0.0,0.0,6.122574404374146e-11,0.3341106498193173,0.10892697433280349
plot_15751,4,0.4107615135497873,1,0.06308100872584303,0.5892384864482734,0.025644095468116822,0.0764546863231215,0.07502034011811776,1.5446691838384387e-15,0.17056138291652595
plot_15755,4,0.4610403267821469,1,0.02314429230397085,0.5389596732178374,0.07104197418187064,0.03473497500207515,0.055686820566626806,6.006029411145851e-16,0.27643226472761856
plot_15756,4,0.7360655256880447,3,0.14046281413515838,0.1946042215997126,0.03873608736346481,0.26393447431195527,0.15910786361974075,3.689745145692672e-15,0.20315453896996452
plot_15757,4,0.24877783177851626,1,0.030586124289339503,0.7512221682214822,0.009517103511796413,0.03913529429931699,0.1293202507453693,2.789604191848667e-16,0.04021905893269527
plot_15758,4,0.43673601846495363,1,0.004439652412385895,0.5632639815350172,0.24988313626685243,0.011268340296000382,0.17002713040353232,2.4999156986598644e-20,0.0011177590862116546
plot_15764,4,0.4643366428954395,4,0.027130641079433186,0.08107754467790908,0.05467305142773059,0.005230115103323772,0.5356633571045605,6.995592976991846e-16,0.29622529060704217
plot_15773,4,0.621043750886858,6,0.08574311574426066,0.2709437502929857,0.06631596587465628,0.023090927732443707,0.17494999124250954,2.2679555583692264e-15,0.3789562491131419
plot_15776,4,0.4107615135510112,1,0.06308100872584303,0.5892384864484776,0.025644095468116825,0.07645468632312151,0.07502034011791366,1.5446691838384389e-15,0.17056138291652592
plot_15779,4,0.4587138681638374,1,0.061947134564581105,0.541286131836155,0.016407512100587544,0.15693427214636266,0.16965152149180895,3.5260570072521226e-16,0.053773427860504264
plot_15781,4,0.7133123481374569,1,0.047876549943682595,0.3864812902798218,0.013625551316420195,0.28668765186254325,0.11021553596119388,1.2690988224894883e-15,0.1551134206363371
plot_15782,4,0.2600294969932444,1,0.013453463320614045,0.7399705030067538,0.021455079084583543,0.01361762862056017,0.03308215719572865,2.7759808459835844e-16,0.17842116877175945
plot_15783,4,0.4610403267821591,1,0.02314429230397085,0.5389596732178393,0.07104197418187064,0.03473497500207515,0.055686820566624974,6.006029411145853e-16,0.2764322647276186
plot_15784,4,0.665645464556144,6,0.14464048422379955,0.20548079747757567,0.035165943004764486,0.14155051635663918,0.1388077234933613,3.7984120847876865e-15,0.33435453544385607
plot_15785,4,0.8115745981033644,1,0.022792205994180248,0.3504236351691059,0.18842540189663573,0.012568859718194917,0.10879375268562687,6.018623457423699e-16,0.3169961445362558
plot_15788,4,0.5666628258312612,4,0.08910885311059011,0.11833726782429976,0.26004967578059,2.7266233047602608e-05,0.4333371741687389,5.269033756267502e-19,0.09913976288273363
plot_15789,4,0.657735554988342,2,0.0914743517304007,0.04526071794730245,0.342264445011658,2.212994611405078e-05,0.30221147157068073,7.165771353527612e-18,0.21876688379384412
plot_1582,4,0.7262901294674986,4,0.00028537917298310044,0.20508973047538404,0.2737098705325013,0.0,0.4455122499466407,0.0009643445432910559,0.07443842532919971
plot_1584,4,0.5652416893936784,4,0.0766223489592337,0.22246343126964613,0.15618266487152987,0.0012966265954379398,0.43475831060632164,9.679850708800569e-06,0.1086669378471219
plot_15873,4,0.6356604828516963,6,0.09268647969629824,0.04861662566974036,0.2850403565611425,0.000641734608851652,0.015543117017524508,0.1931321692981391,0.3643395171483036
plot_15879,4,0.5231240545548879,2,0.004889904921587718,0.2934155036657503,0.47687594544511214,0.007113833757212107,0.16900818351718122,2.42802949524466e-06,0.04869420066366129
plot_15881,4,0.23483380730136333,1,0.020016437542868238,0.7651661926985578,0.02364946173809141,0.005502368091432004,0.11814421860263197,2.5199011184987775e-05,0.06749612231523341
plot_15887,4,0.7386781709994614,1,0.10004622942022635,0.6224694220275481,0.0007324457531050096,0.0016061885398599705,0.26132182900053863,0.01382388525872203,1.9014509303069416e-262
plot_15889,4,0.21018793187261564,6,0.04811093532019049,0.027558274974619767,0.06192191653691366,0.0,0.07259680504089036,1.387429697969447e-15,0.7898120681273844
plot_15897,4,0.724118564041576,6,0.2447037349279389,0.044809265056917014,0.21215236227603484,0.0003748154407155371,0.2188131603469422,0.003265225993027581,0.27588143595842396
plot_15899,4,0.7920081625013229,1,0.0006220015071317495,0.34449861216639266,0.07664180946780708,0.20799183749867708,0.24910405239196448,0.00018811773939567627,0.12095356922863126
plot_15914,4,0.43285840377859275,2,0.11014978419150298,0.04718031073548523,0.5671415962214073,0.07605036371527628,0.12010118836401665,0.0717220226004737,0.007654734171837891
plot_1592,4,0.27528328114504963,1,0.00014669075711284574,0.724716718854546,0.0020463277631670605,0.0017444971075297033,0.07029077861738794,0.19972980896956752,0.001325177930688941
plot_1593,4,0.29287465304232263,1,0.00011464382355131684,0.707125346957569,0.0017644651927921388,0.002759350934814284,0.07352005017243346,0.21395805134416485,0.0007580915746748825
plot_1594,4,0.7201968374745705,1,0.0016180306625640409,0.6720218749969736,0.0009585633996959923,0.02315612328166952,0.021424605755969148,0.2798031625254296,0.0010176393776980882
plot_15942,4,0.6128772451624659,4,0.001695453434089056,0.21182267101328317,0.1337745425715221,0.11084475261227714,0.3871227548375342,8.811136246972347e-16,0.15473982553129345
plot_15972,4,0.4963028020904844,6,0.0009359703773410762,0.005872614270031612,0.4756662876190369,0.001503233815153194,0.012324696008913855,7.79933745826697e-15,0.5036971979095156
plot_15974,4,0.4384207698437106,2,0.0025832778474809493,0.002071200526731735,0.5615792301562894,0.0008489455095940992,0.007501261610383853,3.1414153034419103e-15,0.42541608434951683
plot_15975,4,0.4310940169784532,6,0.004758943803258563,0.05368372237932732,0.05605160796082486,0.0019975194029616975,0.31460222343208066,4.149732931900374e-17,0.5689059830215468
plot_15980,4,0.38998274768630176,6,0.002165181654442518,0.031533451723539725,0.15216210639082137,0.0011458331077157202,0.20297617480978236,9.808109527946948e-17,0.6100172523136983
plot_15981,4,0.2589810473653472,6,0.09068847715690367,0.007718656116463729,0.11645456805997471,0.0003826083070891803,0.04373673772491589,1.2919953728022758e-19,0.7410189526346528
plot_16,4,0.4136468137654664,1,0.04963602482663293,0.5863531861839992,0.010850027854769202,0.17963187040818035,0.030341860249249727,4.916978926578389e-05,0.14313786068790285
plot_16012,4,0.42595619904259874,4,0.001105389171081487,0.001680355483444372,0.19745612511444902,0.04911766003588257,0.5740438009574013,0.17658652499316335,1.0144244577933547e-05
plot_16013,4,0.6748035645537054,4,0.008359501802839852,0.005229738501068685,0.3251964354462945,0.0668707477697095,0.5433008392878852,0.05103875966109436,3.977531107890434e-06
plot_16014,4,0.7745833821373791,4,0.016915851740481092,0.014814425435537204,0.27521983245643594,0.22541661786262096,0.42682555831155433,0.040802029313407776,5.684879962810435e-06
plot_16016,4,0.4730899281972698,4,0.007446597322678139,0.1018266510876633,0.2120946764492142,0.13515238994159257,0.5269100718027302,0.016309803424364507,0.0002598099717571068
plot_16017,4,0.722022123944814,4,0.0006613911110402417,0.02636445568676714,0.2779778760551858,0.034761242277173296,0.5953750790264353,0.06445754837861258,0.00040240746478555
plot_16018,4,0.38795964580879466,4,0.00400048124513597,0.0009880408147785902,0.2168244540634835,0.06034311947546821,0.6120403541912053,0.10579972819894783,3.822010980496374e-06
plot_16019,4,0.7205307850176113,4,0.06718845475946192,0.03701753237102776,0.2794692149823888,0.19514562457746323,0.35204239433701534,0.06913022568666556,6.553285977580769e-06
plot_16020,4,0.35741813735877476,4,0.0004141370735158449,0.11710633600621817,0.19126100965941617,0.03363398173190836,0.6425818626412253,0.010924769372385078,0.004077903515331271
plot_16025,4,0.757225990087566,4,0.004414424032368129,0.2850395128686216,0.10290093241279599,0.24277400991243414,0.35637000599964264,0.008493025719021219,8.089055116367294e-06
plot_16026,4,0.6165325244177295,1,0.0006958836496391839,0.3834674755821869,0.13809258612212152,0.11846188834977019,0.3574066310736218,0.0016537149040620658,0.00022182031859856259
plot_16027,4,0.5488023176102317,1,0.0003597697904373157,0.4511976823877008,0.15803813712897927,0.12440757333402,0.26497894352967705,0.001013674935360088,4.218893825549142e-06
plot_16028,4,0.33509728356203367,4,0.00047718063048207877,0.03237643818841857,0.23339816560206036,0.024639096301419847,0.6649027164379664,0.03993805957766371,0.004268343261989147
plot_16029,4,0.6470115215020479,2,4.629119776740598e-06,0.0013901072423234534,0.35298847849795223,0.0008730544213144393,0.34435790719164294,0.29113259799252333,0.009253225534467006
plot_16030,4,0.4135040868132634,5,3.951648829373988e-07,0.00031207057873861726,0.19368904818432653,0.0005263062445924658,0.21768955190134673,0.5864959131867367,0.0012867147393761855
plot_16031,4,0.6158069481419159,4,1.031546288526918e-05,0.008241770529277234,0.38419305185808406,0.0018914491935934916,0.4550481653010209,0.1357245106795674,0.014890736975571446
plot_16032,4,0.38261377795655205,5,1.59386602442911e-05,7.613323508738251e-05,0.10624965320750299,0.0031825920337329675,0.2727694585966202,0.617386222043448,0.0003200022233642676
plot_16033,4,0.5345095269598125,4,8.069530317072838e-05,0.0008231180658817177,0.13256082357153867,0.007555909143335672,0.4654904730366699,0.39317160465348955,0.00031737622591358
plot_16034,4,0.46718851996116817,5,0.0004771541359187023,0.00018649311268147974,0.0968923682734588,0.011552834163509993,0.35806770055756076,0.5328114800388318,1.1969718038444775e-05
plot_16035,4,0.30850450191434503,5,3.539370671070016e-05,3.9150100228942506e-05,0.0600837642029408,0.003796192853321573,0.24452103478903192,0.691495498085655,2.896626211108358e-05
plot_16036,4,0.3712234937768425,4,0.0012476068869545943,0.005889638942864798,0.2122406849386512,0.05476694304472576,0.6287765062231575,0.09698907591801398,8.95440456322361e-05
plot_16037,4,0.3960949801593834,4,0.06252784293706244,0.0,0.032730248845513885,0.005177230087268782,0.6039050198406166,0.12201493738208641,0.1736447209074518
plot_16038,4,0.517330726253648,4,1.3191926571360256e-05,0.0022276160758789164,0.2727585705163727,0.0022240489370255814,0.48266927374635205,0.23593872822959305,0.004168570568206336
plot_16041,4,0.09965678575402115,4,0.014041525641313262,3.107873612589702e-05,0.0056632374471716615,0.028122369539152786,0.9003432142459789,0.05149783269568815,0.0003007416945693901
plot_1607,4,0.3061926252380884,1,0.11552667617498377,0.6938073747617851,8.408663238913855e-05,0.09986111479402049,0.0006234801088273929,0.025788900134908192,0.06430836739308587
plot_16073,4,0.07521852374298868,1,6.185014778086128e-283,0.9247814762570105,0.0,0.001436762363459192,0.03461572507202254,0.024194990247664534,0.014971046059843132
plot_16074,4,0.22192893711150286,0,0.7780710628884971,0.05236528809837478,0.004588681097423333,0.00024676686503100515,0.1374997001356084,0.002375108674775033,0.024853392240290297
plot_16075,4,0.11265187135997458,0,0.8873481286400254,0.0172819270876029,0.050229278656304416,3.396865537815435e-06,0.016904145542325166,4.597478389028167e-05,0.028187148424314003
plot_16076,4,0.23091504183178133,0,0.7690849581682186,0.014739325958160462,0.011101099685831457,0.0008546772297816786,0.07731628527937327,0.020451647690405514,0.1064520059882289
plot_16077,4,0.48415740694709297,0,0.515842593052907,0.016754821136680333,0.14781598270333732,0.0016337178189084764,0.18985512637786844,1.3046610427823205e-05,0.12808471229987045
plot_16078,4,0.40407856218693594,0,0.5959214378130641,0.022033311196281203,0.1131885266178205,9.818941853810968e-06,0.006699047797629962,2.7733569389796635e-08,0.262147829899781
plot_16079,4,0.4226767494606288,0,0.5773232505393712,0.013100125110935229,0.14546245949885464,0.00012033341539937293,0.20363062258416031,1.1823313440364009e-15,0.06036320885127787
plot_1608,4,0.28575522231902056,1,0.0022818299049669625,0.7142447776799636,0.08399660303022971,2.3505659468960536e-06,0.15673860571360626,0.026467158548676827,0.016268674556609644
plot_16080,4,0.35283321431974823,0,0.6471667856802518,0.031351379441973554,0.012673904273042887,1.0363562449073219e-05,0.13293660817273265,0.0006145935242805796,0.17524636534526944
plot_16081,4,0.3742357513854332,0,0.6257642486145669,0.018403820454971825,0.007537669978663726,0.01635922205049504,0.03365181200170529,0.28944371290104426,0.008839513998553107
plot_16088,4,0.6929229945249153,6,0.1045024669825816,0.014272100760710352,0.30707700547508465,0.0011752386934922524,0.03487080817615498,1.1489571185560578e-17,0.5381023799119762
plot_16089,4,0.40667447933475126,0,0.5933255206652487,0.008964220827190917,0.14451488714318092,0.00011438886074118422,0.21711823091824717,1.2690618941833112e-15,0.03596275158538976
plot_1609,4,0.2704433813211176,1,9.78329970359735e-05,0.729556618678116,0.034340717887610284,1.156928343863739e-05,0.21095026339048314,0.023086532156733324,0.001956465606582786
plot_16091,4,0.7400488318176628,1,0.2599511681823372,0.4844184752415748,0.0011001532330637174,0.021461198524973097,1.59444313107276e-05,0.07362829748201777,0.15942476290472285
plot_16092,4,0.3125542799214768,6,0.10627632142678671,0.05178595181533543,0.10618995979134246,0.0055493230041627015,0.03425629686385377,0.008496427019995761,0.6874457200785232
plot_16095,4,0.4161810557464257,0,0.5838189442535743,0.013625258778627209,0.018200552677378502,0.04651789321258465,0.0853629815892884,0.2363544808597399,0.016119888628807116
plot_16099,4,0.32185841364206086,0,0.6781415863579392,0.019476997507475897,0.016471163039951452,0.0,0.0976405098956754,0.00022097831606837374,0.18804876488288977
plot_161,4,0.5932287003320226,4,3.1534747731719213e-05,0.002108861440869965,0.40677129966797726,0.0001581781796359485,0.41285557077390184,0.052298299799482376,0.12577625539040072
plot_16100,4,0.4747308733313924,0,0.5252691266686076,0.010861622767996598,0.13245415819800269,0.003811313536567753,0.18935686521105546,2.8915806511628153e-05,0.13821799781125838
plot_16114,4,0.21034221803319259,1,0.0,0.7896577819667805,0.00746941009189632,0.1894472666397741,0.0002593761641511701,0.01298482824375011,0.00018133689364793423
plot_16115,4,0.713190085100792,1,0.0,0.6985890735186756,0.006083625627804517,0.28680991489920815,0.00025523303917693486,0.00820436036778496,5.779254734986519e-05
plot_16116,4,0.20407947026308362,1,0.0,0.7959205297368033,0.002338594244961341,0.19383381990437262,3.97320143001508e-05,0.007821594806760993,4.5729292801444524e-05
plot_16117,4,0.650045209649353,3,1.6824939780746249e-18,0.3342113624149575,0.20621781484788743,0.349954790350647,0.01621710097944062,0.08670217176896974,0.006696759638097695
plot_16120,4,0.7035711830006791,1,2.0872279624771904e-19,0.31501017607853404,0.2964288169993208,0.13549744432970556,0.08051354600178741,0.17101468942651088,0.0015353271641413665
plot_16121,4,0.221312668526765,1,3.090365494062908e-65,0.778687331473235,0.048781087335948936,0.02142676914589273,0.0014667081935743724,0.1496335886238045,4.515227544491488e-06
plot_16122,4,0.24703948218033925,1,1.9374493566740376e-64,0.7529605178196608,0.08892347773725497,0.01417524427707831,0.001402515557068092,0.14253469308572617,3.5515232117119255e-06
plot_16123,4,0.2175117617568584,1,0.0,0.7824882382431416,0.006776716564467301,0.20125867817258325,0.000270016648288309,0.009053697357557242,0.00015265301396232155
plot_16124,4,0.6825811418404465,1,7.28559921218057e-20,0.618422105344297,0.0349017190271161,0.31741885815955356,0.0012411318053847805,0.026015016176263384,0.002001169487385231
plot_16125,4,0.1698668025505159,1,1.9396040909631732e-67,0.8301331974493765,0.0042111345920401375,0.14589550513630847,6.978846405729802e-05,0.0196168178042796,7.355655393805428e-05
plot_16126,4,0.2383796846990876,1,1.0237203016155164e-66,0.7616203153009123,0.02554181424196004,0.12338486835180268,0.0012103955502586882,0.08815238104700025,9.022550806587645e-05
plot_16127,4,0.1243384916628754,1,1.0551265230945971e-280,0.8756615083371176,0.0,0.12227920033131785,0.000590612272162115,0.00012246195966647937,0.0013462170997360883
plot_16136,4,0.006094363851674025,1,0.0005107554030340478,0.9939056361483252,4.38906567403199e-06,0.004467636842576659,0.0002173881945743547,0.0004021573129421293,0.0004920370328736094
plot_16137,4,0.6477072148324504,1,1.3219730548750108e-285,0.6176324503825373,1.5132246210414405e-06,1.5297248535123181e-06,0.3522927851675494,0.027011885165670393,0.0030598363347682177
plot_16138,4,0.16623615743075826,1,3.6754972856861596e-283,0.8337638425692285,1.4743454288141323e-05,0.00990767269952258,0.024100554051874872,0.05478004930467372,0.07743313792041231
plot_16149,4,0.32974934163930936,1,0.008809356610368444,0.6702506583606767,0.002641050955279555,0.006261330311861504,0.30030828804657395,0.00038282882562134873,0.011346486889618673
plot_16150,4,0.07755404177339198,1,2.7189182895285846e-282,0.9224459582266065,0.0,0.003737308428971737,0.0223470301110362,0.03376184393448484,0.017707859298900775
plot_16164,4,0.6808721809945346,6,0.10516710285274325,0.02689450874638926,0.31912781900546533,0.0,0.02039451253383216,5.605135741473926e-06,0.5284104517258285
plot_16168,4,0.38018330227556385,0,0.6198166977244361,0.014865020732128859,0.17275443057437528,0.0,0.1891775213008157,2.0111004745575783e-19,0.0033863296682440495
plot_16169,4,0.5876535053582571,0,0.4123464946417429,0.0,0.27516427691882367,3.6815820111164087e-06,0.0005801373916239678,0.005483252305986555,0.3064221571598117
plot_16180,4,0.46045096254313395,6,0.41718916336171286,0.00019339022496938306,0.0016070612530482134,0.0,0.04145896688014655,2.380823257001235e-06,0.5395490374568661
plot_16181,4,0.6819357722956716,6,0.09386540454518859,0.02424630036003119,0.3180642277043284,0.0,0.03287307662546898,4.70400782897157e-06,0.5309462867571539
plot_16183,4,0.6166794676842766,0,0.38332053231572333,0.04008710506675517,0.12460324239261197,0.10859698766730541,0.027085078021701084,0.06224888946061298,0.2540581650752899
plot_16186,4,0.4341385072546275,0,0.5658614927453726,1.420282511181105e-05,0.02166113393675072,0.0,0.02207168573694423,0.0001406454485806486,0.3902508393072401
plot_16188,4,0.5958300537096859,6,0.40416994629031405,0.0007470189638192706,0.008073826284298789,0.0,0.055726230907052546,9.839350093753668e-06,0.5312731382044216
plot_16189,4,0.46474034815518417,0,0.5352596518448158,1.845987545669515e-05,0.001372755451009134,0.0,0.018761844512807564,2.2335169321756665e-06,0.4445850547989787
plot_1619,4,0.25788438572225975,1,0.0007812182282295793,0.7421156142777403,0.046932735133382246,2.582264105198785e-06,0.19474110828469543,0.012282745187098005,0.0031439966247492823
plot_16192,4,0.30330107665244177,2,0.001009011130995949,0.023485804196382055,0.6966989233475582,0.0,0.057591707572829706,0.0007017255891873551,0.22051282816304668
plot_16193,4,0.4524324408787119,2,0.011557167126932819,0.069818000297524,0.547567559120685,0.0,0.2275593901544058,0.0009124404988769462,0.1425854428015755
plot_16195,4,0.33950205447834425,1,1.0267513812239661e-05,0.6604979455214341,0.08585114396902566,0.0009785998217297675,0.1556526765626673,1.5127229819862424e-22,0.09700936661133086
plot_162,4,0.4359983723090744,1,0.0,0.5640016276909057,0.0004895642556386469,0.0,0.43172837781177875,3.6775212267489118e-19,0.003780430241676914
plot_16214,4,0.45039368158251214,4,0.23072431097732987,0.008077201047524456,0.12026572848655494,0.09123469504875671,0.5496063184174879,9.17460223461391e-05,3.457439989912717e-101
plot_16215,4,0.5032900102497673,0,0.4967099897501939,7.43017574574299e-05,0.2927971389079601,0.0001957101181334921,0.15512623440806161,0.05447262448653766,0.0006240005716557385
plot_16216,4,0.388826089494467,0,0.611173910505533,0.015293247376803046,0.04349019473852474,0.012840028058668353,0.3154004338708666,0.00047797419296243427,0.001324211256641831
plot_16217,4,0.494953666215103,0,0.505046333784897,0.0005755593509894061,0.3337098812986732,0.00016294700354246464,0.15009060759111312,0.009835944028372016,0.0005787269424127786
plot_16219,4,0.7961965992877025,6,0.22555567367102208,0.08652750362334084,0.019953788329857627,0.001705670655330469,6.6018177690084835e-06,0.20380340071229755,0.4624473611903825
plot_16220,4,0.5273677673815664,6,0.1804427463537434,0.2564491562287234,0.008156366022254443,0.01551916988860582,5.820696268673676e-05,0.0667421219255527,0.47263223261843357
plot_16222,4,0.7542277012577906,1,1.3925205182062556e-20,0.5322298795176464,0.1278178162470193,0.08030171853282099,0.013699569327595142,0.2457722987422094,0.000178717632708496
plot_16223,4,0.564109021513747,5,0.04608748579694717,0.2719534648518878,0.11492747298098041,0.00013351849432993848,0.002986696426608191,0.435890978486253,0.12802038296299345
plot_16224,4,0.4189991519757379,1,0.1449624594152706,0.5810008480242622,0.002199922183822711,0.09569904568675199,0.0012998616427432497,0.016623209127922343,0.15821465391922707
plot_16226,4,0.7871244168596674,6,0.11238809240997492,0.035267436309418046,0.21287558313697094,0.0066542852514679274,0.05573772572763822,0.00630961510027416,0.5707672620642558
plot_16227,4,0.5224480006863484,6,0.19148513788959792,0.039887283853562626,0.2739500209180066,0.0016073077916849631,0.014364596487853465,0.0011536537456428853,0.47755199931365155
plot_16228,4,0.21683120358953933,1,1.127578470937943e-65,0.7831687964104606,0.03582172198604027,0.031824636960905844,0.0014559207573301074,0.14772352857862864,5.395306634373295e-06
plot_16229,4,0.4145706147748294,1,4.55182449201324e-20,0.5854293852251704,0.09203018831360764,0.2184100194674449,0.00840614922311028,0.09492787691137843,0.0007963808592881707
plot_16230,4,0.06376981074800975,1,0.0,0.9362301892502277,2.0327513340132196e-05,0.0,0.061776350783901514,4.564687410168913e-20,0.001973132452530515
plot_16231,4,0.6016981302928271,6,0.39830186970717285,0.000871410758793826,0.008318249361670473,0.0,0.052557518102686704,1.1609663243181703e-05,0.5399393424064329
plot_16232,4,0.6015828218156205,5,0.044305643604738085,0.3984171779990854,0.03131430699609617,0.0014071346392226696,0.003047743710533752,0.4882884057589677,0.03321958729135628
plot_16233,4,0.6719747469683953,1,0.02790228541145609,0.6005967932376612,0.003903880690984559,0.012330832164171728,0.02331889784622388,0.3280252530316047,0.00392205761789774
plot_16239,4,0.42809828910235603,0,0.571901710897644,1.4502523581346684e-05,0.002369953303060037,0.0,0.020892881925280708,5.1287525369641155e-06,0.404815822597897
plot_16244,4,0.32879696492189514,6,0.16503540886609774,0.04401150964888724,0.07712844245720986,0.0025368346501168076,0.03913658831275447,0.0009481809868291476,0.6712030350781049
plot_16245,4,0.42828467517396984,6,0.10971283007921233,0.2504553873984193,0.033744279874792095,0.018782153820405934,0.015100232072409429,0.0004897919287306671,0.5717153248260302
plot_1625,4,0.5310693698715507,1,0.026328422066090103,0.46893063012844927,0.011183749690482213,0.0,0.40352030351077006,0.00046340923966777724,0.08957348536454054
plot_16256,4,0.5975828548165515,4,0.0,0.006294080816536553,0.001600259427852746,0.40241714518344857,0.5501983515192039,0.0360825102737678,0.0034076527791905
plot_16259,4,0.06439108310812273,1,5.393488032068549e-281,0.9356089168918704,0.0,0.06268457003670116,0.0010970790220954205,0.00031304026444878427,0.0002963937848841674
plot_1626,4,0.47792836652444015,4,0.002548307268724205,0.12724153803649152,0.16164619574280148,0.0,0.5220716334755598,0.0010137581716815113,0.18547856730474147
plot_16269,4,0.6380083984467295,0,0.3619916015532704,0.0,0.356334636359535,1.2437952801015901e-05,0.1502578202352051,0.12965190227361564,0.0017516016255727685
plot_1627,4,0.7402135752762073,4,0.14401666880363445,0.21363793831435363,0.25978642472379276,0.0,0.26620967090557046,1.5602776192387672e-23,0.1163492972526487
plot_16270,4,0.6837707534886643,5,0.31622924651133577,0.0,0.006087595227855995,0.009503075339659625,0.042981729893236634,0.625198353027912,1.9410744127256473e-244
plot_16283,4,0.7459020177049904,1,0.0057448868603639435,0.3327581096826113,0.11192561100796879,0.25409798229500963,0.22842387061023897,5.01655963529497e-05,0.06699937394745446
plot_16284,4,0.2653606965201034,1,0.0020274052731947987,0.7346393034798813,0.05010579958794931,0.016087056013383477,0.1824555043688198,0.0011490003082636176,0.0135359309685078
plot_16285,4,0.77717246711448,4,0.2228275328855201,0.0,0.012693828419977266,0.2153620780167872,0.4796214467919411,0.00319910461014275,0.06629600927563167
plot_16286,4,0.7862738828736195,4,0.21372611712638037,0.0,0.0012099538294299515,0.11835019560558772,0.5012714211229251,0.16417544572705506,0.0012668665886217693
plot_16287,4,0.03391673073875,5,0.001276627651834689,0.0,4.09495531891835e-06,0.008806924236052968,0.00253101198116538,0.96608326926125,0.021298071914378033
plot_16288,4,0.48544576860210314,0,0.5145542313978969,0.0007730325412797976,0.040339728745399595,0.006203358053014593,0.4237856849205904,8.254128031827882e-05,0.014261423061500453
plot_16289,4,8.864453625658185e-05,5,8.864453625659794e-05,0.0,0.0,0.0,5.130284115567701e-86,0.9999113554637434,5.13292113648449e-251
plot_16290,4,0.15583569487557042,1,0.08613163331278066,0.8441643051244296,0.0,1.0824884944104453e-05,0.006667665180293947,0.06302557149755178,3.0773243919270183e-243
plot_16291,4,0.7392465305340108,1,0.014475995700288746,0.3407712664296473,0.2740568076364814,0.26075346946598926,0.04506400482153851,0.06416750818495863,0.0007109477610962371
plot_163,4,0.29024252108719967,4,0.0,0.2898298658464581,1.565065804149998e-05,0.0,0.7097574789128003,5.71256826765703e-19,0.00039700458270011576
plot_16302,4,0.5128586890109454,0,0.48714131098905467,0.000799262788511497,0.36051374569206907,0.0001962508200320528,0.1444903991610204,0.006049670718227719,0.0008093598310847192
plot_16313,4,0.7895059014166244,6,0.2104940985833757,0.048606493945365564,0.2043099179504182,0.01141748977909228,0.14122021899364712,0.005185819226637189,0.378765961521464
plot_16314,4,0.7162432810073348,4,0.2837567189926652,0.049650548611319005,0.09702455536513237,0.0010629777580331591,0.5073039324487456,0.016465875795873438,0.04473539102823132
plot_16315,4,0.7042603912841716,4,0.2957396087158284,7.08589547563487e-05,0.10885836810489276,0.01322652654710851,0.49401254254667826,0.06991463630127082,0.018177458829464928
plot_16317,4,0.1680027604033474,5,0.0219668929770803,0.0,8.454530333386432e-05,0.13773653749079856,0.006023359458396276,0.8319972395966526,0.002191425173738427
plot_16318,4,0.5517465590326709,2,0.3305650808064859,0.0,0.4482534136766947,6.487371996876691e-06,0.0009391444116667599,0.007746446257256178,0.21248942747589958
plot_16319,4,0.710024846912509,2,0.005436769750999931,0.11558400477551677,0.4334222527059194,0.13480437458279892,0.2899751530874911,0.011845594573195353,0.008931850524078546
plot_16320,4,0.3350744008547999,2,0.2794940210221686,0.005039410869546814,0.6649255991452001,0.0010359657688507756,0.00739330349023396,1.0551181116744046e-17,0.042111699703999764
plot_16321,4,0.6765167542949847,0,0.32348324570501524,0.05455670484581297,0.12071770404593768,0.08959243267386571,0.20477508688621604,1.629190570561194e-17,0.20687482584315234
plot_16322,4,0.7945232708869725,6,0.20547672911302753,0.02426307962253882,0.10101511404486152,2.52208137024219e-05,0.28584612529984554,0.0932998476226734,0.29007388348335084
plot_16324,4,0.48570645408043456,0,0.5142935459195654,6.597938176494556e-06,0.09563994981975962,0.000807278206243739,0.35006884932148497,0.001164839807498262,0.03801893898727146
plot_16325,4,0.48623694341256746,5,0.24905996195405988,0.0,0.009845144376363673,0.030476083067162648,0.1968398724514338,0.5137630565874326,1.5881563547444962e-05
plot_16326,4,0.463164136780429,5,0.24287045892333642,0.0,0.009186610189112945,0.05382498901014704,0.15724962952349858,0.536835863219571,3.2449134333980924e-05
plot_16329,4,0.3796431375272209,4,0.0932483540176818,0.0,0.001630372542580152,0.21528167312448443,0.6203568624727791,0.0586252534675951,0.010857484374879439
plot_16330,4,0.719195889176251,4,0.014933455340869638,0.002202328627608291,0.0019438795605883528,0.14968582609757355,0.5503275603537777,0.00010283919583342728,0.280804110823749
plot_16331,4,0.6624107406258908,5,0.17255524910494557,0.0,0.005285101969602917,0.08097917745944275,0.3375892593741093,0.4032008118434723,0.00039040024842725316
plot_16332,4,0.3643736287739542,4,0.014829575362128117,0.00347423246356333,0.002770961831916902,0.1448916163631205,0.6356263712260458,8.687313969097494e-05,0.19832036961353428
plot_16333,4,0.6813312762761642,4,8.418610376613594e-05,0.12266614834892418,0.3186687237238358,0.0014736555766174785,0.5551972832967086,1.7333355990934652e-20,0.001910002950147864
plot_16334,4,0.3890149512836668,4,9.323812609464498e-05,0.0316934932250562,0.35213081360988496,0.0,0.6109850487163332,3.774948120933845e-18,0.005097406322631022
plot_16335,4,0.2622729421402733,4,0.011335133208616816,0.1870377733177972,0.02488038737732011,0.01697090547440919,0.7377270578597267,3.747261534658687e-06,0.022044995500595375
plot_16336,4,0.7511513359975498,4,0.11565581346290957,0.0,0.0007022725961686601,0.2488486640024501,0.5041451144520026,0.12873961966065484,0.0019085158258141915
plot_16344,4,0.688596797173248,4,0.08460918716698192,0.0856224672464579,0.03538551691094002,3.4584269620412733e-06,0.40886157594898487,0.07411459147292128,0.3114032028267521
plot_16345,4,0.2157593415396294,4,0.007788564050819229,0.04473148638912292,0.026185204044771822,0.0542071612736163,0.7842406584603705,1.5741550796601888e-05,0.08283118423050244
plot_16346,4,0.6663445066548535,5,0.33365549334514655,0.0,0.042948071728161695,0.02155191636423053,0.11621719690004205,0.48562045581857616,6.8658438429729435e-06
plot_16347,4,0.7657819150228427,4,0.23421808497715746,0.037740305770627085,0.030776980417089417,0.007674760726733189,0.6876029009166555,0.00042552489388625987,0.0015614422978511176
plot_16348,4,0.33947348229977203,4,0.09646837565441949,0.0,0.0024266912576665083,0.18524232150902228,0.660526517700228,0.04165215897155115,0.013683934907112583
plot_16349,4,0.45772765377370395,4,0.0006873070868255285,0.22681661030952516,0.2177954316589597,0.005264934555881294,0.542272346226296,8.01042115085011e-20,0.007163370162512268
plot_16357,4,0.4357423661600936,1,0.000581776055346539,0.5642576338399065,0.09340472901401649,0.060676032644022194,0.1447871506043642,1.0007851686627737e-22,0.13629267784234425
plot_16358,4,0.3228092736408502,1,0.00035816133668978083,0.6771907263591498,0.046271771249731974,0.07142771972763459,0.141181649552286,1.2205628441621223e-22,0.06356997177450796
plot_16366,4,0.3802012388212854,6,0.35124999501637,0.0008539353153363576,0.01120275761502216,0.0,0.01687970983373746,1.4841040819478393e-05,0.6197987611787146
plot_16368,4,0.009154857760818279,1,0.0,0.990845142239173,0.0,0.006251966077836815,1.3526371224754288e-05,0.0013430969185969338,0.0015462683931685589
plot_16369,4,0.01921716856677966,1,1.482691820672762e-06,0.9807828314332203,0.0,0.017503910767647107,0.00020040357437764518,0.0009984836796712384,0.0005128878532629779
plot_16370,4,0.6345694282549437,1,0.0,0.4057864117435935,0.002090046142237083,0.00032996203830468825,0.36540288056194736,0.22628125946911995,0.00010944004479749854
plot_16371,4,0.0972443704783067,1,0.0004213120308062113,0.9027556295216864,0.02489729068254534,1.1539765920996537e-06,0.052590887517764605,0.0001824091675607806,0.019151317103044616
plot_16372,4,0.3284995407252239,4,0.0,0.06114934660832729,0.006645805464093172,0.13938801232870426,0.6715004576079773,0.12124094606788628,7.543192301174144e-05
plot_16373,4,0.2739209947677038,1,0.0,0.7260790046200214,0.003399823108290701,0.0037394075841786054,0.2345273244008986,0.03222277780503236,3.166248157853074e-05
plot_16374,4,0.44264833448535795,4,0.0,0.12115047185943531,0.0007887341304180958,0.03975795014403606,0.5573516343244825,0.2809362047603403,1.5004781287702051e-05
plot_16375,4,0.23401915118420885,1,1.5766940881746613e-05,0.7659808487237256,0.005722418768996735,0.002624737909206696,0.2081880714047428,0.01741850538381059,4.9650868635806005e-05
plot_16376,4,0.3064908165075863,1,0.0,0.6935091834924136,0.0025931034265895664,0.00047423333184334014,0.2124048053337081,0.09093057838392825,8.809603151694038e-05
plot_16377,4,0.2102364046729779,1,0.0,0.7897635953270221,0.013902047509957782,0.00011506388098896775,0.17160578180234656,0.023458021683517342,0.001155489796167331
plot_16378,4,0.5664292971536274,4,0.0,0.38923373701356245,0.010768938957057675,2.072969647982983e-05,0.43357070284614785,0.16483396769887879,0.0015719237878734382
plot_16379,4,0.4766540031931558,1,0.0,0.5233454492678846,0.011574592123107798,1.7037730141332133e-05,0.3130879127657151,0.15033868176253742,0.001636326350613917
plot_16380,4,0.29222148206481713,1,0.0,0.7077785179351829,0.013424137572974854,5.3966986070009714e-05,0.23152141518279584,0.04613014892249388,0.0010918134004825096
plot_16384,4,0.2293242200807745,5,0.0,0.024382558946083665,2.3316209423848985e-05,0.02827189611968656,0.17662224876671948,0.7706757799192255,2.4200038860996735e-05
plot_16388,4,0.35998818792420917,4,0.0,0.18162036169333967,0.0050252332860834924,0.04894385565580696,0.6400118120757908,0.12438660481651881,1.2132472460204484e-05
plot_1639,4,0.39671620964838267,1,0.006212529732853097,0.6032837903493803,0.01886568553342205,0.0,0.30923960177646365,1.407285721670663e-05,0.06238431975066419
plot_16394,4,0.26741339536705544,5,0.0,0.04781072702161997,5.249481500323014e-05,0.014290530104409307,0.20525036022933335,0.7325866046329446,9.283196689600185e-06
plot_16395,4,0.4139460321358303,1,0.0,0.5860539678641697,0.010294271472748685,1.2708590288457636e-05,0.2978348476126061,0.104939898674566,0.0008643057856211395
plot_16396,4,0.35590282732307243,5,0.0,0.07414673052623239,0.00035941794291373684,0.020987373898055096,0.2604020002292138,0.6440971726769276,7.304726657427987e-06
plot_16397,4,0.07869367016435974,5,9.257974306169526e-19,0.02927918932792061,2.5679076785802783e-05,0.03346009282668137,0.015928708932972,0.9213063298356403,2.3552188499027186e-69
plot_16398,4,0.08379464821487104,5,1.6191245987440833e-18,0.032291926657855165,2.3491893585006116e-05,0.04494992723558708,0.006529302427843784,0.916205351785129,5.851039971763638e-69
plot_16399,4,0.68385820037485,1,0.1666456999228372,0.46526485289766617,0.0007888456437201792,0.31614179962515,0.01818338749861018,3.085949136818814e-15,0.03297541441201326
plot_164,4,0.32342067839393773,4,0.0,0.3228443535489595,2.3947352270829582e-05,0.0,0.6765793216060623,5.74507280927479e-19,0.0005523774927074306
plot_16400,4,0.6366239428793314,1,0.36337605712066273,0.37703080822219587,0.002492024813902399,0.17984493156383305,0.050690090701511877,5.9084817107068854e-15,0.02656608757788827
plot_16403,4,0.5028129308344491,1,0.19602779281158464,0.497187069165543,0.0003588260605491547,0.24883562113225605,0.022931608559472485,3.2344432914127394e-15,0.03465908227059139
plot_16404,4,0.4691849185918453,1,0.1880787998756348,0.530815081408148,0.0005074628571303519,0.24290430927711104,0.017415452704711346,3.2482514929959584e-15,0.020278893877261058
plot_16405,4,0.6138212061764454,1,0.3689489213524468,0.38617879382113846,0.0037938552231409697,0.13817493617397777,0.07235373183348552,3.80984370679826e-15,0.03054976159580668
plot_16407,4,0.7304767419532752,4,0.045433523081831656,0.20630698927273117,0.01436068625786575,0.01095830955511777,0.4534150662247746,2.1675609542122294e-06,0.26952325804672483
plot_16410,4,0.5010365980160624,2,0.01314939031351181,7.384281578515298e-06,0.4989634019839376,0.0,0.46725567900621384,0.0001186153971858937,0.020505529017572164
plot_16417,4,0.45026164932151774,2,0.005358073820918587,0.05326668348624661,0.5497383506784823,8.757777020348391e-06,0.25346790874515757,0.014028485611648992,0.12413173988052559
plot_16418,4,0.570964171545776,1,0.002504704561890349,0.42903582844976157,0.13054026005791908,0.019745660720243977,0.41733314700721974,0.0008358559800887438,4.543222876628262e-06
plot_16432,4,0.5420191988016525,4,0.013741696103591057,0.39733936127302605,0.08686842790402652,4.999621026215356e-06,0.4579808011983476,0.0004180841982713928,0.0436466297017112
plot_16433,4,0.5843987064611353,4,0.08162292360118027,0.33236021005412975,0.1430488740413727,0.0,0.41560129353886477,2.457295687479575e-05,0.027342125807577833
plot_16434,4,0.24807421529598683,1,0.012977738706775212,0.7519257847040132,0.01857627666057951,2.872657310601478e-05,0.2106235836893904,7.5578880100310594e-06,0.005860331778125698
plot_16435,4,0.29031951923987676,1,0.007651653664713656,0.7096804807597381,0.01232735697799206,1.4420946941258514e-05,0.2590831655371564,2.4319034004876953e-05,0.01121860307945377
plot_16436,4,0.5036462347669565,4,0.007168437684933433,0.3956122389165263,0.046679790872047336,0.0,0.4963537652330435,0.0006884192551155859,0.05349734803833393
plot_16437,4,0.2142013285684592,1,0.009566407811936113,0.7857986714314216,0.008094237105725646,2.2167219221107714e-05,0.18952596432575292,1.3196289760252785e-05,0.006979355816182378
plot_16438,4,0.11628746572186721,1,0.009768574225641624,0.8837125342779567,0.0029561359577044794,0.0006795387300900176,0.09995906215869868,1.7586187847858201e-15,0.0029241546499068375
plot_16439,4,0.14772204990371118,1,0.008877212987387023,0.8522779500962888,0.00603817173418896,0.0006280909011699929,0.12770086973697778,3.94063853664877e-06,0.0044737639054508145
plot_1644,4,0.5561932765027897,1,0.016811057177713366,0.4438067234943527,0.024419908025814015,0.013306622012555634,0.28002647917107415,1.185679566596333e-05,0.22161735332282428
plot_16440,4,0.3509597043052314,1,0.016404457018972952,0.6490402956947686,0.028572350504789443,1.3411236978420305e-05,0.2962379410842229,1.5398253780498353e-05,0.009716146206487142
plot_16451,4,0.677139533802375,4,2.8151288759908022e-05,0.18262887433111497,0.32286046619762515,0.0,0.4932304430735235,0.00100095688556369,0.0002511082234128741
plot_16466,4,0.47119903090920745,1,0.0043011800463801765,0.528800969082223,0.03593520236221795,0.0025268632459374504,0.35253724036240996,7.09222075176995e-05,0.07582762269331386
plot_16467,4,0.3812491316203992,1,0.012891574449561287,0.6187508683780644,0.03818336231788925,0.0027224758047251453,0.2216418859604543,0.0008167255886377676,0.10499310750066798
plot_16468,4,0.236679972171575,1,0.017853815983342153,0.7633200278282765,0.02242176934621002,0.01904136300954465,0.14298298053088987,0.000774857151800078,0.03360518614993689
plot_16469,4,0.6945541083867701,4,0.16067420722226483,0.0009865664899207074,0.021573571405058112,0.0,0.5113197632695266,0.3054458916132298,4.466009769906625e-108
plot_16477,4,0.5555487468424503,1,0.11870851906638963,0.4444512531575499,0.0864628570085731,0.002877174859136709,0.20852564926403824,6.208540758327992e-13,0.13897454664369172
plot_16478,4,0.7778098857250595,1,0.1949594985720063,0.22675181464994815,0.2221901142749404,0.0016024503894760888,0.14495453844953046,1.2149162562970024e-09,0.20954158244918222
plot_16479,4,0.7474952398560264,1,0.25250476014395407,0.28188095962902404,0.14351808882720798,0.010347808583785098,0.16854253799819177,3.0836832394641577e-13,0.14320584481752854
plot_1652,4,0.3132501119907365,6,0.1506767787179488,0.03140069542163939,0.05075334408224434,0.0005259153289823374,2.3257068188609853e-05,0.07987012137173302,0.6867498880092635
plot_16525,4,0.41658715891782044,4,0.013701068868320686,0.0,0.3926255761327981,2.76541577804314e-05,0.5834128410821796,0.0005319111493063004,0.009700948609615057
plot_16526,4,0.3900789132307588,4,0.013861471493814842,0.0,0.3421596187126376,0.0,0.6099210867692413,0.0008172854562786068,0.03324053756802785
plot_16615,4,0.3664810903257228,4,0.033411146493454766,0.0,0.2922630336018377,0.0,0.6335189096742773,0.0018945574664130764,0.03891235276401725
plot_16618,4,0.44523979703790795,4,0.01764845294360936,0.0,0.38189057223040906,0.0,0.554760202962092,0.001235221509164035,0.04446555035472552
plot_16619,4,0.44756213568559944,2,0.00377538320774339,0.0,0.5524378643144006,3.906774903396839e-05,0.43682410694548807,6.576019610846144e-05,0.006857817587225549
plot_16620,4,0.46451084732721043,2,0.00409336684927664,0.0,0.5354891526727896,2.6515172470474998e-05,0.4496763153144368,7.67920241702507e-05,0.010637857966856323
plot_16631,4,0.518160092953352,4,0.2573958323399246,4.536464953952653e-05,0.2521085021721479,0.00015063226842001225,0.481839907046648,0.008415839729110707,4.392179420923162e-05
plot_16632,4,0.22511658423562708,5,0.07686316939553792,0.0,0.014730667418095263,0.11195126208389161,0.021088917163549888,0.7748834157643729,0.00048256817455236156
plot_16639,4,0.7059046177555305,1,0.07721191914046573,0.5783906713283382,0.022964091941387686,0.024500774312606978,0.29409538224446946,1.1591351765104374e-22,0.0028371610327318345
plot_16652,4,0.5854114780813877,2,0.3350185186287819,0.0,0.4134277837864452,8.224542615354561e-06,0.0011514531273256743,0.010375716033776534,0.24001830388105524
plot_16662,4,0.6655618891248241,1,0.33443811087517616,0.42365082450549635,0.08290943002305433,0.0031418112281464163,0.012781329841309474,7.822328696816448e-06,0.14307067119812064
plot_16668,4,0.693225491390681,6,0.30677450860931893,0.010863622575601245,0.29117458808713687,0.02033023597376867,0.03495333144978014,3.2970165063678847e-25,0.33590371330439406
plot_16670,4,0.6753987319602057,6,0.15340762643436667,0.030932994197692083,0.32460126803979417,0.09319971656125109,0.0005126040904184952,8.788868949830268e-17,0.39734579067647724
plot_16673,4,0.1418161636420026,1,0.02522014290901712,0.8581838361427585,0.0029862396734380422,0.08050740169081048,0.030601697586783473,3.155439998120574e-05,0.002469127597211261
plot_16677,4,0.1893631881108777,4,0.03176819399536428,0.0,0.10968192664933261,0.0024950659427681646,0.8106368118891222,0.04541449681375348,3.504709659118357e-06
plot_16678,4,0.15522709698178153,4,0.010337526673225244,0.0,0.04951582968205999,0.007173447904145055,0.8447729030182184,0.08819496001252614,5.332709825239736e-06
plot_16691,4,0.5335753075972466,6,0.0,0.07022748622477383,0.3832684790343208,0.07538798906381187,0.004691353274340066,2.7702734378229554e-30,0.4664246924027534
plot_16694,4,0.5607542131203962,0,0.4392457868796039,0.016546295994535328,0.17613212952080934,0.06349168191472451,0.13827898219129076,0.16586215183196104,0.0004429716670753472
plot_16698,4,0.7833542673682475,4,0.21664573263152195,0.2507506650348468,0.12782081546471574,0.02056354857440122,0.3457356963318386,0.005388619297038989,0.03309492266563659
plot_16700,4,0.3131206551959481,4,0.07002254434172234,6.4855702608112885e-06,0.23049012142268172,0.001484490295389722,0.6868793448040519,0.011117013565893527,7.366431397076605e-104
plot_16701,4,0.3863440040848,5,0.0007250817408918594,0.0,0.0,0.38544655710730213,9.674372276615077e-05,0.6136559959152,7.562151383983516e-05
plot_16702,4,1.5571270743901552e-05,5,6.22913151251571e-11,0.0,0.0,2.0538083396827424e-06,0.0,0.9999844287292561,1.3517400112885952e-05
plot_16703,4,5.965656726361079e-07,5,7.906548498749378e-11,0.0,0.0,5.964866071480128e-07,0.0,0.9999994034343274,0.0
plot_16705,4,9.242474531226898e-06,5,6.986641832311095e-11,0.0,0.0,9.968397730523162e-07,0.0,0.9999907575254687,8.245564891715129e-06
plot_16706,4,1.0632148340993197e-05,5,7.831033663943576e-11,0.0,0.0,1.1539935046038405e-06,0.0,0.999989367851659,9.478076526084868e-06
plot_16709,4,0.7049052917441416,4,0.1764547758591678,0.2315926841757162,0.18200622699795369,0.08438742802945397,0.29509470825585826,0.013972427608448138,0.016491749073401816
plot_16715,4,0.7566209207240805,1,8.349508294147719e-05,0.3630644023511148,0.24464822667048142,0.0,0.24337907927591956,2.208112754678415e-10,0.14882479639873147
plot_16718,4,0.3967964117854512,4,0.0,0.02572530723589212,0.22305940849616318,0.0,0.6032035882145488,1.853453191880329e-24,0.14801169605339595
plot_16729,4,0.659868361034471,4,0.15702095300237964,1.6809347761997067e-05,0.3401316389655289,0.0016741954203910432,0.49282390573507523,0.008318786603595273,1.3710925267895331e-05
plot_16730,4,0.5723538128755659,2,0.29125571004357254,0.0,0.42764606781579556,0.00039514045860789573,0.016642342809804277,0.09372949550703957,0.1703312433651803
plot_16731,4,0.605781478363867,5,0.15739020936867212,0.0,0.24636302928045567,0.003683663603694923,0.16337008762081887,0.3942185216361331,0.034974488490225455
plot_16732,4,0.1272091839764588,5,0.00023664092578547789,0.0,7.464147521319435e-06,0.012134959450419695,0.11481400897641122,0.8727908160235412,1.6110476321086835e-05
plot_16741,4,0.6344975254371826,4,0.1886714126071982,0.36550247456269064,0.0077285315597474345,0.002053617790239931,0.4070281438442092,2.7122548836203165e-21,0.029015819635914732
plot_16749,4,0.5373613616722134,4,0.06204780802087521,0.016650788293202507,0.25071387312166254,0.014291171263198364,0.4626386383277866,1.656715220178232e-15,0.19365772097327316
plot_16750,4,0.10365637314679554,1,0.0,0.896343626853005,0.0,0.10132467685084912,0.0023316962961459835,6.7275158203017136e-21,0.0
plot_16753,4,0.14554465155700333,1,0.004510237714805952,0.8544553484429966,0.0988670812816987,4.700432288089379e-06,0.028482995664017907,0.0006909200373751155,0.012988716426817492
plot_16756,4,0.40738688172350856,1,7.685402152202832e-19,0.5926131182741687,0.17584689152505167,0.0,0.16932624810449243,2.047675523671199e-12,0.06221374209423952
plot_16757,4,0.2925927414103156,1,0.0955381581095745,0.7074072585776561,0.046123459281449786,0.01902715422662092,0.13150490319284955,7.17001666637259e-16,0.00039906661184852476
plot_16761,4,0.3697486091873916,0,0.6302513908126084,0.0006100274496370734,0.3287477068046398,0.00026486622561910206,0.001300466864910578,2.2084501896888424e-17,0.03882554184258502
plot_16766,4,0.6747662776229583,1,0.02939685813155187,0.5326734395456366,0.3252337223770416,0.003817965427205529,0.024877056068896217,1.1987520134934623e-05,0.08398897092953302
plot_16773,4,0.35901218479926716,1,0.062405308569733524,0.6409878151989342,0.008216839990844356,0.18307336074799468,0.026449751758537424,3.75812578912777e-05,0.07882934247606445
plot_16775,4,0.13533239360199725,1,1.4530512384825605e-05,0.8646676063979585,0.0,0.12429000948764946,0.0101518372360492,0.0008760163659580298,1.857117106670865e-108
plot_16782,4,0.2433686288110387,4,0.1046863247316338,0.0003160133267313161,0.07920933854802481,0.019933824796882438,0.7566313711889614,0.030272549037383023,0.008950578370383419
plot_16788,4,0.4481452435857354,2,0.08044956677910543,0.0015806776869191077,0.5518547564142646,0.0015873650960467997,0.04005635382722581,6.872790716667343e-05,0.32440255228927145
plot_16796,4,0.5793569528138148,5,0.0006928423210796439,0.0,0.0,0.42064304718618517,0.0015213916569864765,0.5771042585628609,3.846027288789345e-05
plot_16797,4,0.10066183872744955,5,0.00015595396858273603,0.0,0.0,0.07089188625072165,0.028631687690520782,0.8993381612725504,0.0009823108176243232
plot_16798,4,0.05675364518247761,5,0.0014845383651507955,0.0,0.0,0.024916629602398203,0.030288579214761684,0.9432463548175224,6.389800016693305e-05
plot_16799,4,0.5249834034012092,5,0.0049024679344122045,0.0,7.101561499823602e-06,0.47501659659879075,0.0008166121749523784,0.5186887831338345,0.0005684385965103524
plot_16812,4,0.006504777278019478,1,0.0,0.9934952227218886,4.042959940125392e-06,0.005438753286067917,1.2742916601836465e-05,0.0010481885465497473,1.0495689517783267e-06
plot_16813,4,0.4280538310175447,2,0.0,0.1687719384006675,0.5719461689824553,0.012580321314549408,0.1156932137973766,1.109248306623292e-24,0.13100835750495113
plot_16814,4,0.0018860231619021236,1,0.0,0.9981139768379049,0.0,0.0018784399163150275,3.735995945976784e-13,1.0219081678816861e-06,6.561337238670201e-06
plot_16816,4,0.37985236961929736,4,0.006168912471312651,0.19336280188356172,0.020141614549258113,0.0036629123155577457,0.6201476303807026,4.568920303235918e-20,0.15651612839960716
plot_16819,4,0.7218973678544766,1,4.298667517491162e-06,0.362667794063527,0.2781026321455235,0.02248150034805465,0.2627199496759658,2.7644945364098148e-17,0.07402382509941163
plot_16821,4,0.4757126091652278,5,0.14807273560149953,0.0,0.1884949137689911,2.572043185026276e-05,0.1263147090499914,0.5242873908347723,0.012804530312895511
plot_16822,4,0.397273562731467,5,0.12145158671479489,0.0,0.16729338894090187,2.3333540126108744e-05,0.09605434909468247,0.602726437268533,0.012450904440961606
plot_16823,4,0.7751073453070099,5,0.1114454879266433,0.0,0.18206905514443758,0.0009349164947516423,0.2248926546929902,0.3940830171234516,0.08657486861772584
plot_16824,4,0.6277608020271672,6,0.3640965199916994,0.0,0.25477295272802375,5.742755596486467e-06,0.0010473385892061924,0.00783824796264135,0.37223919797283284
plot_16825,4,0.5228839659172058,0,0.47711603408279424,0.0,0.27336877514732666,8.224705922705368e-06,0.0011703447470640858,0.008528351019072778,0.23980827029781954
plot_16826,4,0.703082313594822,4,0.29548634845687466,0.0,0.005125034594313683,8.489631619786994e-05,0.3993834199731438,0.296917686405178,0.003002614254292132
plot_16827,4,0.07608553391964991,5,0.002722166624882063,0.0,3.313296452550112e-06,0.0557615631862031,0.017305358884824013,0.9239144660803501,0.0002931319272881899
plot_16831,4,0.2476457854612133,1,1.8931074150137692e-16,0.7523542145387867,0.021161491662397752,0.03642453145576771,0.10406561545243273,6.699895683127007e-06,0.08598744699493174
plot_16834,4,0.6523133985483764,1,0.007469557410009075,0.6293331634568918,0.0002455263182096508,0.3476866014516235,0.006952532904513351,6.472386166912818e-24,0.00831261845875259
plot_16837,4,0.009807608805298691,1,0.0,0.9901923911947013,0.0007939642889177047,3.792558699372346e-05,0.008939481289564071,3.1517555795302126e-05,4.72008402783935e-06
plot_16838,4,0.29457841815703845,2,1.7978627780912026e-16,0.07721187754826474,0.7054215818429616,0.009154319580661955,0.1911223575890676,3.978844154208507e-06,0.01708588459488967
plot_16844,4,0.3294885842382306,4,0.01502439801245622,1.0754099189737935e-05,0.01519568097359816,0.1714179914455976,0.6705114157617694,0.06854221437230673,0.0592975453350821
plot_16845,4,0.28651093511967946,1,0.0018173901901760961,0.713489064839629,0.0290405112940388,0.23567579959744595,0.01521790190262734,0.0038268041721461997,0.0009325280039364568
plot_16848,4,0.0596489229663222,5,0.058869710008279105,0.0,0.00048656398739501603,0.0,0.00019902907925205518,0.9403510770336778,9.361989139603655e-05
plot_16849,4,0.5453801505390125,0,0.45461984946098755,0.0,0.2219239454008219,0.00024307881651138382,0.01344856816349926,0.03475046357610919,0.27501409458207077
plot_16859,4,0.4054762525428751,4,0.20095679584625842,0.0,0.002245964814778948,3.291983885093206e-05,0.5945237474571249,0.20085271512982134,0.0013878569131655694
plot_16863,4,0.470346416629688,6,0.3351936397577493,0.0,0.1295377402205543,8.766818673185323e-06,0.001230374785460573,0.004375895047250711,0.529653583370312
plot_16869,4,0.6864767689722705,4,0.018942035303285275,0.22894497513853285,0.3135232310277295,0.0005303012706203967,0.35073290148666053,9.561265705246965e-19,0.0873265557731715
plot_16877,4,0.728463395707133,1,0.10291863648095972,0.37877223928820575,0.031266652839233404,0.13033498803745164,0.08517087906127507,7.446037282145834e-15,0.27153660429286697
plot_16883,4,0.38242474534057636,2,0.009458886230916105,0.011607074145472154,0.6175752546594236,0.0,0.21833850784580935,1.6759130644151093e-05,0.1430035179877346
plot_1689,4,0.2535954183263103,1,0.009274502557034462,0.7464045816735914,0.005820793478850217,0.09552671507774296,0.011160421841984392,3.9045844720860293e-05,0.13177393952607583
plot_16891,4,0.087030484363413,5,0.00026304448806118666,0.0,3.182687617513615e-06,0.01976709106685013,0.06680136363289167,0.912969515636587,0.00019580248799251393
plot_16894,4,0.6356471423336763,6,0.11053071705869129,0.0,0.006329824663792177,0.014658974929455157,0.3212968112939276,0.18283081438781007,0.3643528576663238
plot_16899,4,0.16375889433888496,1,0.0,0.8362411056611151,0.10633460339843727,0.0032661513115231147,0.0015650715288677594,3.3281452817461015e-25,0.052593068100056845
plot_16900,4,0.5321892920221505,4,0.003307615863128321,0.1582217115876295,0.084227823222222,0.017639602167310676,0.4678107079778495,4.378669385302888e-21,0.26879253918185997
plot_16902,4,0.19392819660736985,1,0.06054570326174719,0.8060718033910305,0.0032722629126762373,4.265643090688142e-05,0.006965092928384617,0.12298201920516613,0.00012046187008856646
plot_16908,4,0.18845300988509578,5,0.0040813044377183225,0.0,0.0008981276610466435,0.10322330574321073,0.08020644755479885,0.8115469901149042,4.38244883211872e-05
plot_16911,4,0.4315861869207544,5,0.1604305902117618,0.0,0.14408071385059576,0.025807043346551223,0.09355776433700913,0.5684138130792457,0.007710075174836604
plot_16912,4,0.2850452600168164,5,0.10174714978841781,0.0,0.06340276541056562,0.08371045397513294,0.03430219650037536,0.7149547399831836,0.0018826943423246752
plot_16913,4,0.7825427997538181,5,0.024905886642976202,0.0,0.0056199780414870025,0.21745720024618187,0.02366018624751037,0.7283060548027762,5.069401906834994e-05
plot_16919,4,0.08027297266095659,5,0.0006785707837478465,0.0,0.0,0.054313874869667995,0.025034593887683736,0.9197270273390434,0.00024593311985705217
plot_16920,4,0.7351539484074734,5,0.1588776699080581,0.0,0.2648460515925265,3.410940837371259e-05,0.125832266104139,0.4346389860710906,0.015770916915812054
plot_16922,4,0.35426260602111553,5,0.2515781104727875,0.0,0.019329239475088952,0.018999469573213034,0.06093226119794633,0.6457373939787887,0.003423525302175646
plot_1693,4,0.7858234662432227,6,0.21417653375677692,0.03206187483368598,0.20125752615474282,0.0,0.0591188488313343,0.00012528821686027657,0.4932599282065997
plot_16933,4,0.26973825352549685,1,0.0005135560164947234,0.7302617464745031,0.0965327637943198,0.0990462773105178,0.05172711447477828,8.82576534194664e-06,0.021909716164044246
plot_16934,4,0.26743705491854675,1,0.021329652947691412,0.7325629450814533,0.12455860389345039,0.00549764173910799,0.1112163108575389,0.004834845480758104,1.0849755573073544e-100
plot_16937,4,0.7867998366804694,4,0.21320016331953062,0.040335861291209245,0.06713834135640145,0.00038143728018590224,0.6467540261594437,0.001230902078564227,0.03095926851466485
plot_16942,4,0.7510357627571392,3,6.478020336704122e-06,0.24896423723208316,4.488476392479613e-05,0.3634163602539455,0.16995568734774136,0.016769979622241915,0.2008423727597266
plot_16946,4,0.7416876409886057,1,1.6450956434013867e-05,0.3713958171244781,0.2583123590113943,0.0,0.11784304237797441,1.5859877084704218e-10,0.25243233037112045
plot_16947,4,0.2870834951829514,1,0.018079268414423533,0.7129165048170486,0.0808957009188866,1.7639782588749827e-05,0.17434259950295009,8.924361425423428e-06,0.013739362202677035
plot_16948,4,0.38704948999693306,4,0.0,0.16207377673337972,0.008760088112104988,3.8204856962035434e-05,0.6129505100030669,6.278608605495913e-22,0.21617742029448625
plot_16955,4,0.1650867563040188,5,0.014304511434888263,0.0,0.0037603930069446275,0.12428419266096993,0.022298589189452045,0.8349132436959812,0.00043907001176390025
plot_16956,4,0.027844467559234257,5,0.027657071422222176,0.0,4.7896017587950516e-05,4.6096206617318524e-05,3.263309892577191e-05,0.9721555324407658,6.077081388109924e-05
plot_16957,4,4.1273158555973116e-05,5,7.544313564981517e-126,0.0,2.093310971358775e-05,1.7533513877172378e-06,4.4410416744181325e-285,0.999958726841444,1.858669745468676e-05
plot_16962,4,0.019230187870064055,5,0.018728577562986154,0.0,5.150616599081158e-05,0.0,2.5042714269638344e-05,0.980769812129936,0.0004250614268174768
plot_16973,4,0.13338111830955168,1,0.038160141211939565,0.8666188816902982,0.002868625740141739,6.0423362359796005e-05,0.007093793428074203,0.08451302199930748,0.0006851125678787834
plot_16977,4,0.4311947765419932,0,0.5688052234580069,0.00010029982983063629,0.14170689559718241,9.43464572362677e-06,0.03829458816037876,0.03167440741946136,0.21940915088941637
plot_16978,4,0.010666616701022067,5,0.006780882513363149,0.0007321436558242509,1.662054601131596e-06,0.0,0.0031333777445787196,0.9893333832989779,1.855073265479057e-05
plot_1698,4,0.7688170559028226,1,0.06652702192330087,0.5200233711719697,0.12135388613612408,0.0,0.03310656448906919,0.23118294409717746,0.027806212182358635
plot_16986,4,0.7544486369365837,4,8.944609222944684e-06,0.24555136305496655,0.09818078310541528,0.19204364216915348,0.45012313492216927,4.143525442384099e-05,0.014050696884648623
plot_16987,4,0.010162554856632231,5,0.008056075034343956,0.0,1.6181354675179434e-05,0.0012339107554962306,0.0005558464847073069,0.9898366521718346,0.0003013341989427799
plot_16995,4,0.7160771573723362,5,0.15608774838953343,0.0,0.25084287843389674,0.009474872488362939,0.1043721669613317,0.4687861874558966,0.010436146270978637
plot_16999,4,0.6812400675402706,5,0.3187599324597168,0.0,0.11189381524104737,0.016188180721221378,0.04772922116174097,0.4906718978127482,0.014756952603525334
plot_17,4,0.5838523762345821,4,0.009128258936515572,0.14487750333773006,0.2792290210352253,0.005907914405373247,0.4161476237654179,3.2935646046906165e-06,0.14470638495513327
plot_17009,4,0.6253052291232065,4,0.16746507220136123,0.07210825803642491,0.10718222608597637,0.2717029093095777,0.37469477087679354,2.3105206106744853e-14,0.0068467634898433
plot_17014,4,0.481046491041887,4,0.04422700296915879,0.42341537907857363,0.010152022342492538,0.0029379969062606815,0.518953508958113,1.877399437327021e-05,0.00029531575102825406
plot_17018,4,0.2765369801737789,1,0.0,0.7234630198262202,0.09724350350200278,0.010915700995301307,0.007336166586280105,1.496080739145562e-30,0.16104160909019571
plot_17019,4,0.04297847813771909,1,9.373641565796066e-258,0.9570215218619905,0.0,0.041760859718735055,0.0011940841772952204,2.3534241979253538e-05,0.0
plot_17024,4,0.0013519316919503974,5,2.7592763225526225e-05,0.0,0.0,0.00012489244649255632,5.186839575437722e-05,0.9986480683080496,0.0011475780864779765
plot_17025,4,0.00014560832189533003,5,8.17989234373294e-11,0.0,0.0,9.5357104192139e-05,0.0,0.9998543916781046,5.025113590423464e-05
plot_17026,4,0.3662367829641343,4,0.190515657266788,0.0,0.0018895430403345177,2.670337708267144e-05,0.6337632170358657,0.17146273074222795,0.002342148537701223
plot_17027,4,0.16094045485163647,5,0.007211057096384681,0.0,0.0010237695608570768,0.10594669441425675,0.04671388031045605,0.8390595451483636,4.505346968192335e-05
plot_17040,4,0.04523801573712298,0,0.9547619842628761,0.0,0.02338937873196886,0.0,0.00015054926390640577,0.021661831794645287,3.625594660329956e-05
plot_17051,4,0.12254570363053373,1,1.2328341949062722e-17,0.8774542963693313,0.0024143920631853914,0.10878939297432381,0.01000979699850925,3.745804976281407e-23,0.0013321215946504534
plot_17053,4,0.5185936182867225,4,0.00042134939030586657,0.3685079576272963,0.07682692385906019,4.631147808198162e-05,0.4814063817132776,0.005787160205164175,0.067003915726814
plot_17057,4,0.27567002253387657,5,0.11462243681494784,0.0,0.013733843279598238,0.0714209692181642,0.07495158606928658,0.7243299774661235,0.0009411871518797845
plot_17062,4,1.173506147078715e-10,5,1.17350655712864e-10,0.0,0.0,0.0,0.0,0.9999999998826494,0.0
plot_17063,4,0.7686228907472422,1,0.09593789293451611,0.4977464822011469,0.23137710925275778,0.0017885739571239592,0.11577314895125662,0.0004708876671511697,0.05690590503604736
plot_17072,4,0.3586838974865264,2,0.005368586891707449,0.15722763363895545,0.6413161025134736,0.00026868043864902285,0.1808325641319669,0.0011722172128450596,0.0138142151724025
plot_17073,4,0.32973288291339753,0,0.6702671170866025,0.0016496755419878972,0.032450577541777846,0.006401856017789565,0.2879117523859611,0.00024343931361871268,0.0010755821122624908
plot_17074,4,0.7890286472995014,1,0.2109713524565308,0.6244498155003388,0.005939055376991471,0.15210056398326693,0.00520041456866279,0.00011739213051527569,0.00122140598369381
plot_17077,4,0.10057403263946577,1,4.4556367858607086e-05,0.8994259673605343,0.02567941977846562,0.0010122418640226328,0.01747149008460639,1.00627354176499e-19,0.05636632454451257
plot_17080,4,0.47313155342903634,5,0.3357795560830138,0.0,0.04081373166815451,0.00700245746510355,0.07498864302278395,0.5268684465709637,0.014547165189980539
plot_17081,4,0.6208607477724947,0,0.37913925222750533,0.0,0.029762554612195694,0.0012750302255474643,0.2914184104045157,0.28051123778632703,0.01789351474390883
plot_17084,4,5.284159800854097e-05,5,5.183191892422049e-05,0.0,0.0,1.0096790843041975e-06,0.0,0.9999471584019914,0.0
plot_17085,4,3.4179066985572545e-05,5,1.2134695830324154e-11,0.0,1.3316687669890716e-05,1.7227550900474575e-06,2.8251877392495975e-285,0.9999658209330144,1.9139612090959793e-05
plot_17086,4,0.23620887481570366,5,0.02494128359774989,0.0,0.0029930729285634642,0.13029342866786003,0.077942109748802,0.7637911251842963,3.897987272819144e-05
plot_17090,4,0.5867836141907846,2,2.308961438017492e-16,0.20970766096839197,0.41321638580921555,0.06121798639738712,0.16140523431878231,0.00043912464640231844,0.15401360785982066
plot_17094,4,0.6309161531128149,0,0.3690838468871851,3.470841062967898e-05,0.11761346278030359,0.0002713937383288139,0.2865072735919015,0.10952821422298209,0.11696110036866919
plot_17096,4,0.6574663292396918,5,0.014697308318594463,0.00010795437907640384,0.03948278556151703,0.022743377482499234,0.11549717859248682,0.4649377249055179,0.3425336707603083
plot_17100,4,0.2960509749425534,6,0.035403645831876336,0.12452472332380221,0.12946447117241786,3.3075098500884947e-06,0.006654827104606854,1.4333214936116402e-17,0.7039490250574466
plot_17101,4,0.16590479065445843,1,0.04499277945169042,0.8340952093455416,0.0002450951284745882,0.08193463509357071,0.03340169477350801,0.0007675781038577415,0.004563008103356986
plot_17102,4,0.27770665993330157,1,0.001670073735938926,0.7222933400666695,0.019708545565867926,0.0,0.22067667114434786,2.280281775808297e-18,0.03565136948717588
plot_17103,4,0.2630138964639819,1,0.006720953750984744,0.7369861035354858,0.022819373413425135,9.083351230377803e-07,0.14961148254401527,9.193469289633715e-22,0.08386117842096617
plot_17104,4,0.5116874290281062,1,0.003270215139011897,0.48831254580268657,0.1795176915083049,0.15162188279394684,0.1467141946126456,0.030273771236683997,0.0002896989067202605
plot_17105,4,0.15182738097601042,1,0.0,0.8481726190239897,0.004134373369919995,1.837883385374511e-05,0.02387256039726074,1.0522602606935836e-21,0.12380206837497602
plot_17108,4,0.4457221553251056,1,0.11698374257706044,0.5542778440508307,0.025726093748460747,0.09035637223664066,0.15299079520381667,1.7155672302419685e-12,0.059665152181475375
plot_17109,4,0.5749031953509117,2,0.18442478392211847,0.0684228706419529,0.4250968046490883,0.0,0.08644649007159921,5.626166984040731e-09,0.23560904508907424
plot_17110,4,0.6273188075801326,6,0.05462268387406177,0.12459179460712838,0.00563529508205176,0.07693439327831762,0.36300669087246595,0.002527949866107213,0.37268119241986736
plot_17112,4,0.5170705778546234,1,0.09461017732485268,0.4829294221453617,0.07087246852180994,0.006984734004932878,0.18112728958500954,4.237461971052725e-06,0.16347167095606208
plot_17114,4,0.7788864290690116,4,0.04060932164917473,0.04872590908846407,0.22111357093098832,0.10042830563461877,0.4432105020430102,0.049881618812891756,0.09603077184085215
plot_17115,4,0.44578205767737994,4,0.059914920749695164,0.06029206424778546,0.11588787001624996,0.07174939248731022,0.5542179423226201,0.05050202920187013,0.0874357809744691
plot_17116,4,0.7890178775477654,4,0.07884725838472746,0.019686794660977346,0.12906693742313016,0.21098212245223463,0.3817378969159445,0.0777644073589394,0.1019145828040463
plot_17117,4,0.4966283380772538,4,0.08946688578984727,0.027793373931817807,0.11455412305298926,0.11224055579197938,0.5033716619227462,0.06686392249032028,0.08570947702029982
plot_17118,4,0.4825138460884661,6,0.1605638260630311,0.00422351584247046,0.21027853128006802,3.586976738945613e-06,0.10744085801372805,3.5279124295437492e-06,0.517486153911534
plot_17119,4,0.29978910945713344,1,0.22475718638680742,0.7002108905423121,2.9397768265269117e-05,0.07226953354345833,0.0001994095751312737,0.002062052295780571,0.00047152988824499084
plot_17120,4,0.215991913513816,1,0.14993337553532188,0.7840080864854448,5.214519396949804e-06,0.05312461153230442,0.0031476675743458858,0.009500884643067354,0.00028015971011872726
plot_17121,4,0.781105101045469,4,0.031026326425232023,0.08295702687852385,0.12139269830376684,0.12307845741921762,0.34566822350156834,0.07698236851716038,0.218894898954531
plot_17122,4,0.10328750225354649,1,0.027245688045675058,0.896712497745666,0.0003845207471792354,0.0654053067154881,0.003931658954919567,0.005770080129135876,0.0005502476619364187
plot_17123,4,0.3073176777326111,1,0.17035106890534976,0.692682322266871,0.028597664572535167,0.02682631500746238,0.006044015186576445,0.0001432274152833564,0.07535538664592184
plot_17124,4,0.801354335962696,1,0.20651705627402597,0.5919294666529492,9.211736198283032e-05,0.19864566403730385,0.0004570731706917295,0.0012331258803826865,0.0011254966226636367
plot_17125,4,0.728757682190627,1,0.12316141551144597,0.36577308269167214,0.07941588343072987,0.002656486839440705,0.2712423178093731,1.5930215756012924e-12,0.15775081371574518
plot_17128,4,0.027032154554304973,1,0.0,0.972967845445695,0.0,0.0,0.0003980011001168527,0.026614378753926186,1.9774700261940035e-05
plot_17132,4,0.08638494149179511,1,0.0,0.9136150584899708,0.0008515771169029777,0.0,0.018365862890086324,2.2932870759293657e-21,0.06716750150303988
plot_17133,4,0.7342896744727345,1,0.006111262203195488,0.49741531181617993,0.02342045165897079,0.07192532319427378,0.2657103255272654,0.017293380346816496,0.11812394525329817
plot_17134,4,0.5653438069473509,4,0.023425640513674052,0.17419530171176917,0.0015890384265791625,0.08653430393806709,0.43465619305264913,0.0031084610677298017,0.2764910612895317
plot_17135,4,0.6433153938823384,3,0.006450147803720314,0.1454328463460332,0.002319225367686428,0.3566846061176617,0.2605545785698208,0.030244775089532258,0.1983138207055454
plot_17136,4,0.5819300109750475,4,0.01900497622233023,0.21236267713369186,0.001268965637576743,0.08109617750913364,0.418069989024347,0.005892885486304863,0.26230432898661565
plot_17137,4,0.23731557702110717,1,0.011371276157365677,0.7626844229775929,0.056278372348337644,0.014717927266103725,0.14426305041657717,2.87237807357531e-12,0.01068495083115048
plot_17139,4,0.6252056174259497,6,0.3264619374377794,0.027291148722032636,0.06818998183759217,0.01031664173585032,0.18606586703289318,0.006880040659801972,0.37479438257405034
plot_17144,4,0.6350744970713922,6,0.23168358375639095,0.0724384509417382,0.035187476978704973,0.02024938859308638,0.27470049864952933,0.0008150981519425108,0.36492550292860776
plot_17145,4,0.738071102891864,0,0.46981295058508277,0.09163473041306665,0.0040542103604970774,5.8717043069835533e-05,0.1663966680634031,0.0061138264267446354,0.2619288971081361
plot_17146,4,0.5137142651172736,2,0.0031607336272462174,0.4621766916655957,0.4862857348827264,0.000297142777593134,0.005758523174471243,2.7220735160538914e-06,0.042318451798851284
plot_17153,4,0.752889969913444,1,0.10792790600547114,0.43904427846736416,0.00019586360521782714,0.0015371469837507042,0.24711003008655574,0.05639220569338416,0.1477925691582561
plot_17154,4,0.6142598456622428,1,0.38574015433775655,0.52408536643651,0.00011025174177380727,0.07382814109323974,0.0007848075513454671,0.01541363654897146,3.764229040285768e-05
plot_17156,4,0.607435400966344,4,0.23007195749323162,0.07185609397161087,0.09132162141805941,0.0009867045818534829,0.39256459903365604,0.00033306820540985086,0.21286595529617874
plot_17157,4,0.22183790193681607,1,0.09275988494222978,0.7781620980629842,9.081326601704026e-05,0.024551357601629062,0.03994199782582422,0.06024460035222723,0.004249247949088548
plot_17158,4,0.29171365267210747,1,0.01168766021904507,0.708286347327729,0.0016776460551805176,0.13500984255322332,0.11781538006516257,0.0022864434689492045,0.02323668031071023
plot_17159,4,0.2555980655644481,1,0.021654903831212196,0.7444019344350175,0.001865529320821657,0.06995603191615216,0.12159353885859395,0.01546100328876873,0.025067058349433895
plot_17160,4,0.7215016061509002,2,0.27849839384909986,0.050370477247490414,0.4749592322725063,0.07864210159887523,0.00015099446544332006,0.03590954019534869,0.08146926037123634
plot_17161,4,0.18082213329568472,1,0.0140442679410707,0.819177866704115,0.060654371034772746,0.05572205109093335,0.003831723693501361,0.028637308738332888,0.017932410797273913
plot_17172,4,0.4358097171979028,1,0.004886008144032139,0.5641902828020973,0.029816872865125944,0.07558827422828976,0.21092427423110588,0.10957548469434963,0.005018803034999533
plot_17173,4,0.6296608858795933,1,0.0003511489180333654,0.40754528027827297,0.0036023981896130732,0.035307066661517034,0.37033911412040665,0.16036634369450195,0.022488648137655026
plot_17174,4,0.60152700332508,1,0.0006654479315336367,0.46228922003608797,0.0010410248652864627,0.008552660034467143,0.35165350022150194,0.1295867275648417,0.04621141934628123
plot_17175,4,0.3006810592019304,1,0.025695771845667605,0.6993189407894145,5.165110875712022e-05,0.009432236556355882,0.12155559047422884,0.11497823842336746,0.028967570802208496
plot_17176,4,0.6423458224506333,4,0.0618289361402956,0.3068750477800902,0.030422939004368623,0.06656119201073588,0.35765417754936657,1.24944459674066e-12,0.17665770751389365
plot_17181,4,0.7508185648993928,1,0.1699037371996244,0.2649156906403343,0.1595655973763311,0.015163326679516762,0.24918143510060728,1.1665644180158638e-07,0.14127009634714444
plot_17182,4,0.6195559386576641,4,0.00329175700940786,0.3108059794367801,0.07478956370525452,0.0,0.3804440613423358,5.60871878801009e-07,0.23066807763434288
plot_17183,4,0.4209561304598466,6,0.18473665769541497,0.04415328285579494,0.11569700902817133,0.00021777452246116928,0.07615140635507009,2.9340198997035846e-12,0.5790438695401534
plot_17184,4,0.6419801475352267,2,0.01532005363786754,0.2896880965700116,0.3580198524647733,4.164795839415161e-05,0.16987609580046764,4.281524570618313e-05,0.1670114383227797
plot_17190,4,0.10023353792180852,1,0.010653417257057065,0.8997664620776658,0.0008756940101514375,0.031161168156352143,0.014663443216693856,0.04094436813159881,0.0019354471504809687
plot_17191,4,0.08078301162678318,1,0.009272745975039645,0.9192169883725263,0.004409280228401232,0.020198903475728995,0.030507365163663334,0.013495843594387245,0.002898873190253267
plot_17195,4,0.7974865174820703,6,0.20251348251792958,0.06665664292651355,0.267857946902146,0.00023207257543631567,0.1377367833210795,9.310903375142256e-19,0.3250030717568951
plot_17196,4,0.7076651775448413,6,0.29233482245515874,0.012186208613754038,0.1681994312907183,0.0,0.0632801347415801,7.517961509818674e-08,0.4639993277191738
plot_17201,4,0.17471094669021858,1,0.0015815756882453726,0.8252890533097815,0.013276862889364477,0.0,0.1254459224640659,0.00012328683203782575,0.034283298816505076
plot_17203,4,0.7907797734952751,6,0.051473973006333426,0.17439205127207502,0.11126348869507524,0.20922022650472502,0.22136773172895413,1.820091584617379e-12,0.23228252879101713
plot_17204,4,0.5860637782308367,6,0.09651502189608202,0.22948850583653504,0.013500069152635016,0.014335615833708532,0.23284086657506062,3.50963053631554e-05,0.41328482440061565
plot_17205,4,0.23842232580676237,6,0.07131947178699262,0.016239548524322103,0.13738829994544974,3.247103592381295e-05,0.013442534514073404,7.299445081557407e-16,0.7615776741932376
plot_17207,4,0.5220753150154749,2,0.1295819474481268,0.02537645401332224,0.4779246849845251,0.0,0.08399248192813227,4.3198862879684494e-19,0.28312443162589374
plot_17210,4,0.7473283156140538,3,1.586040016471084e-05,0.05436031263728058,0.028551202674952765,0.32989006929908365,0.3277679517664192,0.2526716843859447,0.00674291883615446
plot_17212,4,0.5534345977196062,6,0.08262863572726167,0.2165160590919094,0.13446134647437785,9.071998289892787e-05,0.1197378364431584,7.293065542652446e-19,0.44656540228039376
plot_17213,4,0.5383376289528448,6,0.09242779236695942,0.07302748389773395,0.1722325537433105,5.5776462240727065e-06,0.20064422129861675,1.1613331117224777e-17,0.4616623710471553
plot_17214,4,0.7672828312408282,1,0.015938183415319704,0.5348192743190662,0.06450999356011382,6.462925671460178e-06,0.2327171687591718,6.7166525881505e-20,0.15200891702065716
plot_17215,4,0.3241765927798688,1,0.010949403988021281,0.6758234072201312,0.054859955699453906,6.0030908514227365e-06,0.14703550140893887,4.223601165224105e-22,0.11132572859260341
plot_17217,4,0.19988703622740236,1,0.11139186935988248,0.8001129637725977,4.909046171638467e-05,0.06637696740866987,0.0189119969340487,0.0007038678860908454,0.002453244176994101
plot_17218,4,0.2869185157505438,1,0.20108939554813224,0.7130814842487443,9.914859651029054e-05,0.06947957385268214,0.010190896677038512,0.00013496211952716716,0.005924538957365474
plot_17219,4,0.26664431875367295,1,0.20162878380043397,0.733355681246327,6.110401023273888e-05,0.06280831225946054,0.0004391118090021032,0.0006536930201621097,0.0010533138543813486
plot_17222,4,0.764278724972961,1,0.0005706166708718208,0.44432501797059,0.0015987070762760874,0.01074111445662552,0.2903764233900804,0.23572127502703893,0.016666845408517154
plot_17223,4,0.499275776109241,1,0.0014224760851763401,0.500724223890759,0.00017991796715686345,0.012634898807101117,0.3180334233415608,0.08067627663373561,0.08632878327451031
plot_17224,4,0.783229825671278,6,0.2167701743287221,0.042180348429081166,0.11441087856560882,0.0010150546091469072,0.07865458365821877,3.1936393286956493e-15,0.546968960409219
plot_17225,4,0.300121271363464,1,0.02359282825694391,0.6998787286360965,0.00746429568132436,0.08126509003079167,0.13550074645912055,6.483951272395789e-05,0.052233471422999334
plot_17226,4,0.5247915993969676,4,0.010981235326295974,1.9967202600897437e-05,0.4752084006030324,0.0006348796628060016,0.4937014263527415,0.013108582137336667,0.006345508715186576
plot_17227,4,0.4475322031174117,2,0.011791563237851882,8.43053083780371e-05,0.5524677968825883,0.0007518321889768085,0.4143080543980078,0.014535920616547314,0.006060527367649934
plot_17228,4,0.4543487397384048,4,0.10320522873192403,0.001088259110687742,0.25128015456921354,0.02791886716524116,0.5456512602615953,0.07085623016133831,7.583752114103167e-82
plot_17229,4,0.11384691786033596,4,0.005704407953820843,0.00039865249568548744,0.09934948737168711,1.1424522118530127e-05,0.886153082139664,0.001082303437069388,0.007300642079954622
plot_17230,4,0.4903235992388117,4,0.015181887083325015,3.2723135844222296e-05,0.30085545435963584,0.013281881431359558,0.5096764007611884,0.16097165322864704,1.2380788123361604e-82
plot_17231,4,0.6197066270647609,4,0.018019464599375732,0.00040358452657326564,0.3802933729352392,0.041354624574389244,0.42842532982897436,0.13150362353544828,6.257474829100617e-82
plot_17236,4,0.6227841583297088,1,0.37721584154548277,0.5618140638187501,3.518385326869591e-05,0.03438438198111789,0.003201815176924707,0.023207181611271343,0.00014153201318448542
plot_17241,4,0.7862400897171414,1,0.014384343046064688,0.6293601310695004,0.0008546223850793439,0.21375991028285846,0.11270923389393703,0.0007995138188825609,0.02813224550367732
plot_17242,4,0.3108949631013122,1,0.01813599769852465,0.6891050368986527,0.020926691236781536,0.06522752633644024,0.16635312758804716,2.6827246348001147e-12,0.04025162023887099
plot_17243,4,0.21452947071505513,1,0.020337477891770935,0.7854705292848867,0.018923385314517094,0.030713643060857776,0.12353662933462786,1.5833927855865783e-11,0.0210183350975058
plot_17244,4,0.4369830367225624,1,0.0006959401064495572,0.5630169632774377,0.0001364702526791606,0.00988087306181278,0.26140544399784066,0.0922635998152728,0.07260070948850747
plot_17246,4,0.06989932963918506,1,0.016060931569454703,0.930100670360686,0.00039980196886191596,0.030541079859199967,0.004183441881552143,0.0181376312401485,0.0005764431200967094
plot_17247,4,0.711737858793385,0,0.28826214120661503,0.05645303481484771,0.2677436165808789,0.0,0.0998101967869677,4.698380952872386e-09,0.2877310059123097
plot_17249,4,0.5271146244431747,4,0.038959681043428916,0.43863966086797324,0.0073633062564215385,0.010714578907132828,0.4728853755568253,2.433342427836183e-05,0.031413063943939654
plot_17250,4,0.42846736216448705,1,0.004790802073103082,0.571532637835513,0.0007385230161629846,0.0007406542254416703,0.3821279972580554,0.007311979231729468,0.03275740635999443
plot_17251,4,0.47016066414915086,4,0.017226079215815798,0.3397114808900577,0.0016862824754883263,0.002240922839751722,0.5298393358508492,0.008336501425342924,0.10095939730269442
plot_17252,4,0.024544370177256976,1,1.0528440665740932e-282,0.9754556298227305,0.0008547008189314924,0.002142566399363328,0.017354585249154394,0.004192517709820484,4.600215335890609e-52
plot_17253,4,0.055590522230155114,1,7.36697839973939e-284,0.9444094777698435,0.0009192477232366908,0.000836138611677688,0.03985661628071713,0.013978519614524993,1.484434273307797e-51
plot_17254,4,0.2863038288846352,1,0.08696311068687201,0.7136961711148313,0.00012242247715734157,0.0,0.18194227945625693,0.002792993804175686,0.014483022460706924
plot_17255,4,0.24868953166047586,1,0.09070819115826703,0.7513104683395242,3.347233882126597e-05,0.0,0.14619182204929979,0.002917582439596874,0.008838463674490985
plot_17256,4,0.7042716843986073,1,0.014178215543998148,0.4441049236270878,7.5241927883621544e-06,0.29572831560139257,0.2459770773558595,3.943678873364004e-06,4.315735714862347e-92
plot_17257,4,0.4462500965841016,2,0.013800155782744555,0.00011856909612168037,0.5537499034158985,0.0009485234563661766,0.4124321525124527,0.01737722318132296,0.0015734725550935183
plot_17258,4,0.26048955644882604,4,0.014149469513557562,1.0648232650147449e-05,0.23410509559183787,0.0005626002344354814,0.7395104435511739,0.01018540363645497,0.0014763392398900279
plot_17259,4,0.7852261551375662,4,0.14457361569588956,0.004951366935594618,0.14295906644231973,0.08552789955639403,0.40719780690882046,0.21477384486243373,1.6399598547727258e-05
plot_17260,4,0.6447842719569352,4,0.00882677027843267,0.0006526163176805882,0.35521572804306484,3.0545450740982536e-05,0.6143732569351549,0.020876581626432286,2.450134849382244e-05
plot_17261,4,0.6042967300531795,4,0.04650405952290704,0.000101623550129689,0.3957032699468206,0.013366915590016225,0.5025873722680685,0.0417367591220581,2.0550978258472773e-82
plot_17262,4,0.1956699590019623,1,0.05883610413234685,0.8043300409965589,0.002151849727732357,0.08789310827851916,0.004388087726955073,0.04167668883825982,0.0007241202996279022
plot_17271,4,0.4085370706407397,4,0.3424449645393991,0.0012709603697193582,0.03822725987296789,0.0005674289189997195,0.5914629293592604,7.087788081299066e-16,0.026026456939652956
plot_17272,4,0.47409735622585375,4,0.3652353089356712,0.004650763678986701,0.04979115326163597,0.0025768627250107702,0.5259026437741463,1.602062766458261e-05,0.05182724699688453
plot_17275,4,0.7204302445510289,5,0.2494690132393715,0.03105929022344725,0.038566283586688975,0.012972651625652833,0.005028595944384867,0.3833344099314835,0.27956975544897106
plot_17276,4,0.4237848144072427,5,0.14302507173872614,0.14881078541624065,0.006361509906627773,0.00016168914086616987,0.05559351931828499,0.5762151855927573,0.06983223888649695
plot_17277,4,0.48208054465606753,5,0.13008773546079871,0.06739559894288635,0.034410800232091726,0.000991106305437329,0.20706392707313553,0.5179194553439325,0.042131376641717844
plot_17280,4,0.2848908352339919,1,0.14837633478899476,0.7151091647660082,0.0013470298610400902,0.07237311867835519,0.004017782052157265,0.05866212714865509,0.00011444270478959481
plot_17281,4,0.6503000299917483,2,0.07368206679847537,0.1963806002346234,0.3496999700082518,0.0031910581696682114,0.23959355383660652,1.854345371716694e-14,0.13745275095235618
plot_17282,4,0.6687530014599247,4,0.06428064654190623,0.21121977870360945,0.32592851989593236,0.0016740312501874112,0.3312469985400755,5.2296161864882874e-14,0.06565002506823683
plot_17283,4,0.4794177867199847,1,0.03246735595232549,0.5205822132762763,0.019806988135931965,0.1386106304789839,0.1890723935959105,2.9279618391411556e-12,0.09946041855764404
plot_17285,4,0.7542753276922567,1,0.20341864705653961,0.28466633265740815,0.06058863344917191,0.01569630197194178,0.24572467230774334,1.273066459793155e-13,0.1899054125570678
plot_17286,4,0.561606803206943,6,0.16718570511487782,0.15289783992835398,0.11532564311333177,0.001675789151407156,0.12452182589890981,6.264880878273644e-14,0.43839319679305694
plot_17287,4,0.3799647057821236,1,0.03803479474751292,0.6200352942176287,0.016758523772178204,0.0361464350189499,0.17683194107581968,1.6068487750191435e-05,0.11217694268016046
plot_17288,4,0.6056806504450645,6,0.15432201632529335,0.094957065008833,0.11752869247840111,0.002401464263020197,0.23523244361575585,0.0012389687537610228,0.3943193495549355
plot_17289,4,0.6623096948625878,0,0.3880498748852701,0.056631795141201924,0.3376903051374122,1.0102671628843221e-05,0.026160168557096023,8.656786917894897e-06,0.19144909682047312
plot_17296,4,0.6381007958493199,6,0.07743448067823323,0.1700111172143299,0.048113789158848036,0.06596144834549843,0.2765799604516048,8.054739512794413e-13,0.36189920415068005
plot_17297,4,0.6197744407116653,1,0.004941991393761472,0.38022555927751245,0.0010154041571975698,0.1074717450819159,0.3000521625485515,0.02002656753988183,0.1862665700011794
plot_17298,4,0.5192496330630564,1,0.0027249180486202617,0.4807503668991374,0.00015191845270179507,0.024011160301183443,0.2881050564199211,0.029258580416065383,0.17499799946237066
plot_17304,4,0.18148368050110678,1,0.012972275555280764,0.8185163194902387,0.00449743445161466,0.06239945840933106,0.02961223163007741,0.06020396991983148,0.01179831054362589
plot_17310,4,0.6792580336136294,1,9.328130805711949e-05,0.583436541530039,0.0017294955777343317,0.0,0.09399871519779884,2.8884330788827767e-25,0.32074196638637065
plot_17311,4,0.37633268021850363,1,0.0018230338447834226,0.6236673197803245,0.012859338572791229,0.0,0.050648051265530444,2.423316757231296e-19,0.3110022565365704
plot_17315,4,0.6027960221491745,0,0.39689207620270817,0.021764055014959333,0.10077252443661976,0.0014723851177970947,0.1108720918980004,0.0016233572015223834,0.3666035101283928
plot_17332,4,0.3265505865383762,1,0.006274244500429263,0.6734353670775987,0.0014245727935273003,0.017402257855152092,0.11964048227804712,0.1724650601149003,0.009358015380345402
plot_17333,4,0.3494175948633776,1,0.013713701307877533,0.6505824036450366,8.938754490858058e-05,0.007059132853592952,0.1463856337272302,0.1564767177702085,0.02569302315114571
plot_17334,4,0.47260672125103337,1,1.2314171340277786e-05,0.5273932787488671,0.043544196698527715,0.013524462716782905,0.41033440355222217,0.005167659813002112,2.368429925768677e-05
plot_17335,4,0.24439486972299587,6,0.08192719666019543,0.015080736118900484,0.1315301083602565,9.696412068659923e-05,0.01575986446295619,7.0155857231036875e-16,0.7556051302770042
plot_17336,4,0.2462347985253668,1,0.14450079451519465,0.7537652014742722,0.0019917646858779023,0.08665035463716315,0.001962029333241733,0.0008751697233866579,0.010254685630863878
plot_17337,4,0.40576279079481714,4,8.134310061966272e-86,0.2509735302591568,0.07305756066822242,0.06468106508144376,0.5942372092051829,0.01703744155890241,1.3193227091748188e-05
plot_17338,4,0.08096935250689712,1,0.00947881244442181,0.9190306474931028,0.004422784326286278,0.020349790103982125,0.030435126767795504,0.013374369925312216,0.0029084689390991383
plot_1734,4,0.34132769489659903,1,0.07282197766901384,0.6586723051034009,0.004498971336232857,0.13472167107567365,0.06506218692017417,0.0642228878955045,4.9358926191337367e-110
plot_17342,4,0.3724046034968867,4,0.08167933872194019,4.425002928671852e-05,0.2533260592762154,0.005604270867031034,0.6275953965031134,0.03172361100631509,2.7073596098426333e-05
plot_17343,4,0.782678180551746,4,0.21732181944823245,0.0012597595893991623,0.184237662196839,0.03182569839048943,0.4388309694508374,0.12651423218750146,9.858736701114025e-06
plot_17346,4,0.5324969738344247,2,0.15082273072043617,0.026012681315060907,0.46750302616557526,0.0,0.07200409694203802,3.6526696274783653e-10,0.28365746449162277
plot_17347,4,0.6112870882097752,6,0.2025854471809335,0.06798896724785472,0.22102886481587503,0.0,0.11968380250682374,6.458288217174765e-09,0.3887129117902248
plot_17348,4,0.5550084997724518,6,0.21769646945683463,0.026908875348351326,0.22923139049783786,0.0,0.08117171494735718,4.952207083223694e-08,0.44499150022754824
plot_17349,4,0.2955548756108874,1,0.2426987664295542,0.7044451243891127,0.002776954848738948,0.030613935712615354,0.005395791156221083,3.3854892403838324e-05,0.01403557257135395
plot_1735,4,0.7802338859276268,1,0.09088832218043674,0.5796629370400544,0.0009275628983008543,0.21976611407237326,0.027569683873431935,0.08118537993540269,8.96783764144058e-266
plot_17350,4,0.17226332940932176,1,0.07973257743695807,0.8277366705906782,4.308347765492201e-05,0.06581365147036504,0.020567557745429194,0.0038243873213950883,0.0022820719575195316
plot_17351,4,0.644340387025805,1,0.35565961291100845,0.5480946150782297,0.0008042677269473019,0.08924791789513002,0.0005811969713451987,0.00023677825536073106,0.005375611161978832
plot_17361,4,0.4018034075787554,6,0.08734299846959273,0.032726628065609074,0.19537536410623124,0.0049764914260819965,0.08138192551123281,7.615954369612909e-15,0.5981965924212447
plot_17367,4,0.44689862404331987,4,0.031060924036572474,0.03990473392528099,0.14016937439790236,0.09381357837759606,0.5531013759566802,0.02775775016374687,0.11419226314222118
plot_17368,4,0.44982995947666493,4,0.11075582021932909,0.05737513649882142,0.11314524310029127,0.06495742781345291,0.5501700405233351,0.018490713442605826,0.08510561840216452
plot_17371,4,0.2029960533539068,4,0.006812003023222693,0.0003649994390958263,0.19223970250107397,4.2248301452290335e-05,0.7970039466460932,0.0030108506775658695,0.0005262494114961432
plot_17372,4,0.2518725895105102,4,0.00357128244770424,0.0001435022130187562,0.22566352045128926,3.6998325182211535e-05,0.7481274104894898,0.002095369987572361,0.020361916085743403
plot_17373,4,0.22851389276656997,1,0.0016824369939477278,0.7714861072302903,0.01344239023103504,0.0,0.1150996281097694,6.170833855100303e-23,0.09828943743495758
plot_17374,4,0.5052099726167668,1,0.027946905083661995,0.4947900273831346,0.16470257191135268,0.019979023567906203,0.24406271728004822,6.248567565949094e-13,0.048518754773271416
plot_17375,4,0.6968782282353425,6,0.08029349385758468,0.10445097134957129,0.3031217717646576,0.0005133873422710924,0.06810453487830939,2.9559003065365164e-18,0.443515840807606
plot_17376,4,0.4372159002756941,6,0.116396933591925,0.03459714285651043,0.22200498929077267,0.0033554380697122625,0.06086139646676797,5.754700850091859e-15,0.5627840997243059
plot_17377,4,0.6797681296792365,1,0.32023187032031947,0.591037170695828,0.00011574471270040846,0.07276147051849788,0.009224097625792394,0.00012560273559933754,0.006504043391262632
plot_17381,4,0.6992685590406617,1,0.028621033090308425,0.3591951948414895,0.011421956331723465,0.08875343740097633,0.30073144095933824,0.00087388883856119,0.21040304853760272
plot_17383,4,0.008145809388553322,5,0.0,7.2945281622289834e-149,0.0018702864957857728,3.6787967510721316e-06,0.00626485491628617,0.9918541906114466,6.989179730272906e-06
plot_17384,4,0.014150100799785636,5,1.8609471788013607e-15,6.592660676435235e-149,0.00647786704196338,3.416611782634753e-06,0.007473513452652974,0.9858498992002144,0.00019530369338479505
plot_17385,4,0.08974503543876788,5,1.9396123678875397e-15,1.8961118084053634e-05,0.029465770094494054,0.00013825610839457992,0.059865012851176964,0.9102549645612321,0.0002570352666163008
plot_17389,4,0.31735638316565984,1,0.0,0.6826436168244294,0.004438870360554819,0.0,0.27459054713245123,0.03809579345921372,0.00023117222335086553
plot_17390,4,0.7286258644184418,6,0.0751571307309275,0.016510168171249222,0.2713741355815581,1.5846965250601562e-05,0.011576100448823838,3.16595005962698e-17,0.6253666181021906
plot_17391,4,0.23542356738270007,6,0.07486039681155338,0.019615997068050343,0.12691728717507184,3.1877120199674094e-05,0.013998009207824144,6.698887882264816e-16,0.7645764326172999
plot_17392,4,0.31670377827580054,6,0.07037329674270187,0.014985688969185186,0.21821641785945045,1.2032243809907133e-05,0.013116342460653053,2.8838881354410574e-17,0.6832962217241995
plot_1740,4,0.3063920286537543,1,0.06457139741039934,0.6936079713461476,0.0035477956842700246,0.11957572802998412,0.05134083809713409,0.06735626943206481,4.0677174745503725e-110
plot_17401,4,0.0042069736444129,1,2.4171277758166266e-05,0.9957930263555789,0.0,0.0007820158827347717,1.4951586489152561e-05,0.0015660305760649728,0.0018198043213741488
plot_17402,4,0.015066649637961116,1,0.0005160499405866506,0.984933350362038,1.0605577576984308e-05,0.00029692595179888983,8.296047253884268e-05,0.012020581163916279,0.0021395265315443716
plot_17403,4,0.013108678915877695,1,0.0,0.986891321084102,0.0,0.0016167868479305214,5.130949963737278e-06,0.010826903396865022,0.0006598577211387426
plot_17404,4,0.7645000216176654,1,0.0008235744695348011,0.7379187280859634,2.248025704104692e-05,1.2989374231328452e-05,0.001548346611910136,0.23549997838233455,0.024173902818984776
plot_17405,4,0.16290514814643475,1,0.00026401350647388617,0.8370948518535652,8.912836127219535e-06,1.9437819732013907e-05,0.00018114846698908576,0.1571482814790851,0.00528335403802743
plot_17406,4,0.2019264761379117,1,0.0013332064087528564,0.7980735238620882,3.749597942582419e-05,2.1664393415449816e-05,0.002518442190961497,0.16044736958968295,0.037568297575673065
plot_1741,4,0.2160215072501488,1,0.022770019891095592,0.7839784927496397,0.004858312399861814,0.06298067294355245,0.07000026433954155,0.05541223767630884,5.296193254626773e-110
plot_17412,4,0.5414124372040885,4,0.23214449039727428,0.01126433897883139,0.04081009180836508,0.0001616332971274501,0.45858756279591145,1.1258654827783716e-05,0.25702062406766263
plot_17413,4,0.5598197003681686,0,0.4401802996318313,0.07205313988771472,0.02487821320823038,0.0051989100056599865,0.32646811965515843,0.0008929090384131696,0.130328408572992
plot_17414,4,0.5595831130302933,0,0.4404168869697068,0.028487238339206612,0.018762594363172364,0.003229838242134729,0.3498193907347559,0.0004254192503809862,0.15885863210064272
plot_17415,4,0.11901504445970915,5,7.133393146170039e-14,2.400701834671796e-05,0.07387703078267638,1.931893632679318e-05,0.04191598972856464,0.8809849555402909,0.0031786979937232967
plot_17416,4,0.028795550305029918,5,4.6777181116755636e-14,3.7978389768156786e-149,0.016339696043874356,2.644680899684427e-06,0.010490673142840332,0.9712044496949701,0.0019625364373687853
plot_17420,4,0.6365126724108815,1,7.135518122813142e-05,0.6273828561426986,0.00040323669321538376,0.0,0.36348732758911856,0.005224181640216894,0.0034310427535224493
plot_17421,4,0.35383093834896684,1,0.00013427527516038216,0.6461690616510332,0.0003265187954267592,0.0,0.3468553543902908,0.00041478590613633516,0.006100003981952582
plot_17422,4,0.5925143042353074,4,0.35116080072415246,0.02687485242210263,0.014173226576765847,0.0008895148502004752,0.4074856957646926,2.9148694505759562e-05,0.1993867609675803
plot_17435,4,0.752212709426541,0,0.3331277258548877,0.2477872905718738,0.18617305595050873,0.0,0.09018300469683828,3.21489066747956e-07,0.1427286014368249
plot_17437,4,0.5497661573781538,6,0.20321384575434878,0.01772741080768625,0.27408994189630825,0.0,0.054734954466725994,4.453084574212444e-09,0.45023384262184624
plot_17438,4,0.7894465929606485,6,0.19578297227749772,0.08441380201096133,0.24824497689010644,0.0,0.21055340703935155,6.792127257284642e-09,0.2610048349899556
plot_17439,4,0.781852486135181,4,0.12051964919858157,0.21814751386480383,0.08219065928229816,0.015524926867396486,0.40886203542921434,0.007251418896846198,0.1475037964608594
plot_17440,4,0.5693865653941518,4,0.10650040491705234,0.1500645036631764,0.08607715811221625,0.021123447941202016,0.4306134346058482,0.011235854694095788,0.19438519606640897
plot_17442,4,0.6101009343334893,0,0.38989906566651067,0.03313491542432564,0.014764681190414464,0.0007917974387410761,0.30779764571344,1.832484643995766e-05,0.25359356972012836
plot_17443,4,0.6407979013811171,6,0.2882614376706601,0.030139099515038202,0.0483554008973,0.0001821508668487193,0.27385420360109014,5.608830180065821e-06,0.3592020986188828
plot_17444,4,0.4507414618101645,6,0.14112866558536863,0.012511724645632386,0.14026716459843908,1.9099223165585764e-05,0.15681467668117927,1.3107637952571473e-07,0.5492585381898355
plot_17445,4,0.23787654148055526,6,0.0824734863167436,0.013663198576650559,0.12648263048722505,0.00022663794038125457,0.015030588159554803,3.7160440290413796e-17,0.7621234585194447
plot_17451,4,0.5381710069944836,6,0.1759995533400834,0.004210202011611639,0.18732451985129414,7.396701337869743e-06,0.17062044000646315,8.895083693479614e-06,0.46182899300551633
plot_17452,4,0.7493007129234972,6,0.19548990707207559,0.020509779726304866,0.2506992870765029,9.902230964410155e-05,0.13741157536187495,8.149708562159047e-05,0.3957089313679762
plot_17453,4,0.6330574049775368,4,0.06622393727030204,0.2421401827969953,0.07358719764970499,0.03609989213238164,0.3669425950224632,1.4372741158711247e-13,0.2150061951280091
plot_17454,4,0.5093438221206782,4,0.08569315986278488,0.0001534400147617967,0.314769777003481,0.012618957173082887,0.490656177879322,0.09557277416633983,0.0005357139002277402
plot_17455,4,0.6616838949802999,4,0.020374707386426147,4.760106775227107e-06,0.33831610501970016,0.0007564240022201439,0.6340032468782899,0.006492187463892381,5.256914269602417e-05
plot_17456,4,0.7839829697013937,1,0.08688373852264733,0.4716080907988641,0.006449136762823961,0.2160170302986063,0.13357617063805605,2.4532111264499096e-06,0.08546337976787588
plot_17459,4,0.6259131559169745,4,7.293953313173102e-06,0.06698849040442634,0.14791489714140255,0.26878735650126434,0.3740868440830255,0.1390241009146616,0.0031910170019065444
plot_17460,4,0.5979090358971251,3,0.00028979596159691573,0.07095158152402874,0.028312301288731488,0.4020909641028748,0.28154299613409395,0.18359208364189522,0.033220277346778716
plot_17461,4,0.6761704560147596,6,0.09289719737758786,0.001560648976466881,0.12346298707903783,2.758824765603452e-06,0.32382954398524044,3.8617277765655137e-07,0.45824647758412373
plot_17465,4,0.2495533824470119,1,0.07334903038787241,0.7504466175514468,0.003213866710908353,0.09984186317045012,0.016709855303828423,0.0558948215816312,0.0005439452938627457
plot_17466,4,0.2537136949631221,1,0.13133560533670824,0.746286305036791,0.0011456247585980134,0.06745450380780127,0.003293381224518788,0.050381762241956035,0.00010281759362662823
plot_17467,4,0.7792438721315731,1,0.02922577236154293,0.6653641100732891,0.0008759631960272103,0.038035236973754154,0.04201977022721154,0.2207561278684269,0.003723019299748116
plot_17468,4,0.25681294948769834,1,0.08657835232597554,0.7431870505123016,5.180226075853572e-05,0.017207672473062822,0.03351632073190823,0.11585880490195248,0.0035999967940406946
plot_17469,4,0.6149624469738206,1,0.3850375506580545,0.5716632414213879,0.0010998777108471814,0.0336132778554613,0.001443390105225348,2.780725216039079e-05,0.007114854996863442
plot_17470,4,0.5517234366868353,6,0.23951726460338676,0.019513619154457373,0.16636199873418328,0.0005133036209868546,0.12544661054540485,0.00037064002841637075,0.4482765633131646
plot_17471,4,0.4905769803784517,4,1.424832559345215e-05,0.3430966879160929,0.11925071435857404,0.02189951929505592,0.5094230196215483,0.006288406153769551,2.7404329365833368e-05
plot_17472,4,0.7413044991147122,4,0.00013688736790416374,0.2496543961070464,0.2586955008852878,0.09339333824559483,0.367188141452364,0.03080837852308521,0.00012335741871749757
plot_17486,4,0.7663699282781953,0,0.23363007172180278,0.003089345817773783,0.22916446818740616,0.17500989622190768,0.16921562995210981,1.9103332108851613e-15,0.18989058809899792
plot_17519,4,0.3808321227665096,5,0.13039335726073742,0.24829456067125566,0.0,0.0,4.349352902241019e-09,0.6191678772334904,0.0021442004851636096
plot_17523,4,0.6407045251942833,1,0.010517036912718804,0.3738933632672778,0.08107868245708176,0.12178794203446597,0.35929547480571666,1.663211660902508e-17,0.05342750052273899
plot_17527,4,0.6396831171817545,0,0.36031688281824553,0.29905542506331034,0.012279942742793348,0.012914213186277028,0.2985290351752064,5.771462988285829e-22,0.016904501014167392
plot_1758,4,0.2993973858627462,1,0.0,0.7006026141372538,0.15644610087084607,0.0,0.09641571405476548,0.04653557093713472,0.0
plot_1759,4,0.7451780557154503,1,0.0,0.5451069522797656,0.021440571059658527,5.0263766119244456e-05,0.2548219442845499,0.178559887050327,2.0381559579830135e-05
plot_1760,4,0.4671042144104822,1,0.0,0.5328957855895177,0.003258936998388047,3.539326308694661e-05,0.22417311102009413,0.239609131741778,2.7641387135118317e-05
plot_17600,4,0.0006850395098162643,5,0.0,1.1516888496946187e-149,0.00014925053714618367,3.9930931539170726e-07,0.0005334127429105115,0.9993149604901838,1.9769204441986188e-06
plot_17602,4,0.5667244359428878,4,0.10113889829078723,0.01536337686344479,0.4332755640571121,6.89979353886924e-06,0.45017047989180653,3.1108347872184625e-05,1.3672755438116626e-05
plot_17603,4,0.08236389074762955,1,0.0,0.9176361092523705,0.0003851031091803209,0.07979243439584233,6.156332504898892e-06,0.0021684192888255936,1.1777621276424904e-05
plot_1761,4,0.7198073845781927,1,0.0,0.5027007379228876,0.008356676054837251,0.0,0.2087499706004678,0.28019261542180735,0.0
plot_17625,4,0.4777260703215519,4,0.026105823809215174,0.008846577461261407,0.04330327525490078,0.0,0.5222739296784481,2.0632021375564862e-16,0.39947039379617433
plot_17628,4,0.38655844511641513,1,0.02320034089088444,0.613441554883541,0.053059646962048054,0.01653327860162825,0.1241337428439216,0.1696028749251073,2.8560892869461036e-05
plot_17629,4,0.1827620187940891,1,0.011105632432311713,0.8172379790640166,0.044496911333438055,0.0035421895044628346,0.12075423539725023,0.002753002470294552,0.00011004979822609533
plot_17644,4,0.7840980077276729,2,0.021418263196516477,0.09283932758407062,0.32699489375834945,0.2159019922723271,0.01179234241603298,0.038006202976375636,0.2930469777963278
plot_17647,4,0.3091589236129044,2,0.0068174205426843725,0.10539284472565602,0.6908410763870955,0.01149756006996657,0.1779129895477572,0.0024949679425303756,0.005043140784309907
plot_17663,4,0.23670221681795792,5,0.0005448982591823699,0.05019933575578724,0.0010405769459872446,0.002118132055783243,0.18141446827376537,0.7632977831820421,0.001384805527452504
plot_17664,4,0.6130589599522313,4,0.08187695543412751,0.02302977871669258,0.1140021654766514,0.11202603417393672,0.38694104004776875,6.766916252534033e-16,0.2821240261508224
plot_17671,4,0.3955086082407001,0,0.6044913917592999,0.0019069422245273707,0.05909185351322322,9.078446295659816e-05,0.00246883463809795,2.441436163959735e-08,0.3319501689875333
plot_1768,4,0.7887159676245503,1,0.047280977468618826,0.6663891142399176,7.782292548885461e-05,0.21128403237544982,0.008146556387411758,0.04307660270809766,0.02374489389501547
plot_17680,4,0.6835637829295371,3,0.10738813993990176,0.16582673356315142,0.0007464254570365033,0.3164362170704629,0.10732821967213543,4.4119912763457505e-16,0.30227426429731163
plot_17681,4,0.6952968899713372,2,0.0,0.2021855782325597,0.38787067102906375,2.5722441594313232e-05,0.3047031100286628,1.374818690929586e-22,0.10521491826811954
plot_1769,4,0.37189525659121814,1,0.0,0.6281047433935563,0.05242999328272148,0.0,0.15865917499619941,0.1608060883275229,0.0
plot_177,4,0.47801448061281043,2,2.7274546366375482e-05,0.04182611021120769,0.5219855193871896,0.0,0.0006673617254388834,1.8954309142764144e-14,0.43549373412977854
plot_1770,4,0.26837221192725447,1,0.0,0.7316277880727455,0.18455757372171455,0.0,0.054418375965150444,0.029396262240389534,0.0
plot_17701,4,0.5541125804089788,5,0.1641120541256205,0.04015983206276641,0.054266936545645184,0.020016891606258705,0.27219959376906205,0.44588741959102113,0.0033572722996260468
plot_17708,4,0.17601147212978363,2,0.0018758685961311975,0.09446349728575833,0.8239885278702164,0.018361977712908945,0.05074900607269465,7.369475158079783e-05,0.010487427710709709
plot_17709,4,0.19937051299240477,1,0.01049448301045699,0.8006294870067637,0.0030303564823437965,0.0007854419110242487,0.13734992235589596,9.434571172596662e-05,0.047615963521789116
plot_17710,4,0.09058019649502959,1,0.018743609152893543,0.9094198035048144,0.04695086093966229,0.0013965864361815453,0.022857141217921928,0.0006308068898755308,1.191858650762253e-06
plot_17722,4,0.0847244776573032,5,0.04800754902137283,0.0,0.00167355606389047,0.0012610395301300152,0.03248485565673552,0.9152755223426968,0.0012974773851743813
plot_1773,4,0.644861330358073,6,0.35513866964192703,0.03805173408196851,0.0764184743664529,0.005124227511589879,0.036472372505720864,0.0008239372391065573,0.48797058465323434
plot_17736,4,0.5926056433772886,6,0.000195101467246036,0.011319379505961187,0.4073943566227114,0.0,0.007313536834366533,1.3293941911735146e-24,0.5737776255697148
plot_17737,4,0.057134071327689565,1,0.001132398095987222,0.9428659286723104,0.020736368183336757,0.000303706710438455,0.023511992720844154,0.011449605617082984,1.4031920000467844e-101
plot_17739,4,0.2588851377665794,1,0.0007291386565014945,0.7411148622334206,0.1426263754140576,0.0053061930211555945,0.10955609708999596,0.0005059548039512081,0.00016137878091756008
plot_1774,4,0.7473288255309354,2,0.2526711744690646,0.002662577985616701,0.36047359234887016,2.17131835165685e-05,0.0258274152488022,2.8632006419434686e-05,0.35831489475771044
plot_17741,4,0.3442891220554669,1,0.006319895617832522,0.6557108779445331,0.006646965267467395,4.889138991118874e-05,0.3246885347045928,0.006547377914511768,3.7457161151200935e-05
plot_1775,4,0.2660278238922576,1,0.017688376748641682,0.7339721761075135,9.528939051019872e-05,0.07029899238874038,0.012811857230968116,0.1627751709424935,0.002358137191132691
plot_17758,4,0.017590350049931508,5,0.017496729757294768,0.0,2.201230869898697e-05,5.304651334759941e-05,1.5695503241839786e-05,0.9824096499500685,2.865967348346066e-06
plot_17759,4,9.127670352866328e-06,5,9.127670352850677e-06,0.0,0.0,0.0,1.0459097222527223e-308,0.9999908723296471,0.0
plot_1776,4,0.2956123826652897,1,0.013403318903953043,0.7043549788384913,4.0841213559081034e-05,0.09572527100779622,0.004100184164495812,0.17830333971719262,0.004072066154512092
plot_1777,4,0.5619839436269687,2,0.0015822678414258106,0.10303249230111083,0.4380160563730313,0.048590043593253515,0.1497952481908045,0.0009179326520831713,0.2580659590482909
plot_1778,4,0.4042898398715767,2,0.02693033039080853,0.005411148900628999,0.5957101601282103,0.0013710688914132753,0.2070703745251665,5.3986751960925684e-05,0.16345293041181166
plot_1779,4,0.7122265243579237,2,0.00671263770990359,0.005735888597091971,0.6039521115359204,0.0005320130584293795,0.28777347564207645,2.288871054874937e-14,0.09529387345655538
plot_178,4,0.502127946465044,6,5.023446810764276e-05,0.16190046690059706,0.33910387107579565,0.0,0.001073374020508795,3.491019179074987e-14,0.497872053534956
plot_1780,4,0.420728500427412,2,0.001798789586678547,0.05448247555344838,0.5792714995725881,0.0007541290292242227,0.27168018384389864,0.00027931189044252616,0.0917336105237198
plot_1785,4,0.7518455886897277,1,0.07941094085153258,0.5488255302033316,0.00016514158107574817,0.0,0.11950024512445806,0.24815441131027222,0.003943730929329816
plot_1786,4,0.19398780595016513,1,0.007467095820455115,0.8060121940498348,0.00013452477845072328,0.0013768653262636063,0.049600216912684354,0.1336710880688487,0.0017380150434625574
plot_1787,4,0.6710716051231113,6,4.8829204044372974e-05,0.05873018455524298,0.26389322791645803,0.020164233223201034,0.3281638998480835,7.123037608131318e-05,0.32892839487688874
plot_1788,4,0.6666605414295887,2,2.749827452731806e-05,0.023855040508152823,0.4318499155417085,0.010894285470717942,0.20000034035982373,3.3461274658431913e-05,0.3333394585704113
plot_1789,4,0.4683581364778755,2,3.155941558964967e-05,0.027580324832308524,0.5316418635221245,0.005267241375478723,0.19034731961240814,1.008824585455109e-05,0.2451216029962358
plot_1790,4,0.5635106810169909,4,9.167903139599475e-05,0.36089433160644613,0.17831958443062337,0.000106958589415961,0.4364893189830092,0.007995872783534018,0.016102254575575292
plot_1791,4,0.6618443896529456,0,0.33815561034705444,0.0076316857043384305,0.1818866681105583,0.0,0.16263294827519625,8.461343118571967e-06,0.309684626219734
plot_1792,4,0.40963313353417624,2,5.468044045319899e-05,0.04363162106960201,0.5903668664658237,0.0035671344807566277,0.21331499333980872,0.00018822325377811707,0.14887648094977757
plot_1793,4,0.3887468302413259,2,2.0994417902948706e-05,0.013361436553191264,0.6112531697584981,0.004317926038595734,0.1521902991700739,8.259989189023104e-06,0.21884791407254886
plot_1794,4,0.6404086950212661,4,1.7643217392804906e-05,0.10778468597604371,0.25312857663969224,0.0494078871537086,0.3595910993141983,0.0008526463189307543,0.22921746138003357
plot_1795,4,0.5917972893091242,4,5.037698848088559e-05,0.1861833204231708,0.14585584833803042,0.06190579981790599,0.4082027106908757,0.001193658953536684,0.1966082847879993
plot_18,4,0.5200404656756454,0,0.4799595343243545,0.05341222249520543,0.01604640338144935,0.0009872397571453054,0.18579412166320192,8.715419548102996e-05,0.26371332418316246
plot_1801,4,0.6449948584581431,4,0.03338058067876155,0.3000648909312771,0.2577354738486471,0.0,0.35500514154185697,0.05088192238172608,0.0029319906177312934
plot_1802,4,0.6729013759487441,2,0.0944329226579983,0.12431148664993577,0.3270986240512559,0.0,0.3134026607040666,0.12401872425864242,0.01673558167810111
plot_1803,4,0.424111385550731,4,1.3771236639386814e-15,0.29370933745856986,0.08096912658470379,7.663708044603596e-06,0.575888614449269,0.044808355588228044,0.004616902211183425
plot_1804,4,0.4004523869467953,2,0.023563698550054666,0.01384394327787603,0.5995476130530061,0.007013860622073683,0.13623191733688172,6.644740090389412e-05,0.219732519759204
plot_18044,4,0.7156925990878279,4,4.5666367741588786e-287,0.14966193606142042,0.2843074009121721,0.05976644051234567,0.35935461128493495,9.864871942466793e-27,0.14690961122912682
plot_18045,4,0.006764192582486526,1,1.3903882982153757e-06,0.9932358074175126,4.9271950353573767e-05,0.00400438770015673,0.0016880940798895796,0.0009959221345217338,2.5126329267694137e-05
plot_18048,4,0.29914313807192117,0,0.700856861928079,0.08580671879695194,0.007883314741975062,0.0003841080548853645,0.18917002043701342,0.0013645911134633993,0.014534384927632026
plot_18049,4,0.1671369152402209,0,0.8328630847597792,0.06696083505502562,0.07278361451513098,3.4268010205478265e-05,0.02083083140457814,2.127075404993093e-05,0.006506095501230863
plot_18050,4,0.047565430140698715,1,0.0003395153790689825,0.9524345698593013,0.007532587733056149,6.398209862817273e-06,0.023784471923028225,0.00046386657242979677,0.015438590323252756
plot_18051,4,0.48716550890432536,4,0.0020913952519691493,0.0449383474169172,0.36830853637613387,0.05593733521715243,0.5128344910956747,5.481562432949214e-17,0.015889894642152704
plot_18052,4,0.3168148048182961,1,3.651199138119662e-05,0.683185195181704,0.0892382422374894,0.03390468246483158,0.19267329148884063,2.5980355595005656e-05,0.0009360962801583117
plot_18053,4,0.28806967472555817,1,0.0002647106449696906,0.7119303252744419,0.09133461460540386,0.05378941572928377,0.1370114353951402,1.5061401474923378e-05,0.0056544369492858544
plot_18054,4,0.22592358718062913,1,0.0004675875760802788,0.7740764128193709,0.074111000283684,0.028529483058800674,0.11315302126849835,7.384440174978551e-13,0.009662494992827411
plot_18055,4,0.7786849035715083,1,0.0001815383122853206,0.45118542821386126,0.22131509642849165,0.09636543082444085,0.22869672136838373,6.346291594208234e-14,0.0022557848524737342
plot_18056,4,0.39543664440771015,1,2.6397152406210504e-05,0.6045633555922898,0.12331438492045152,0.0726711925397634,0.19834806939757804,5.3998501014325066e-14,0.0010766003974570213
plot_18060,4,0.35842341408385586,0,0.6415765859161442,0.07265772305783466,0.001127584600681451,0.004529454679208501,0.07121910261623086,0.19636144308519374,0.012528106044706618
plot_18061,4,0.7029428822918041,0,0.5499200031362332,0.11873813535172505,0.0009601205681049441,0.004567072365602434,0.02587103077365988,0.29705711770819593,0.002886520096478699
plot_18068,4,0.03973609651172305,1,1.5078156415189733e-282,0.9602639034882694,0.00026533435005301483,0.006549064614592592,0.03074035404942023,0.0021800384668774764,1.3050307873435553e-06
plot_18069,4,0.011877974624119594,1,0.0017521145942672469,0.9881220253758458,5.477084410815844e-06,0.0,8.095383180358187e-05,0.010029422008186677,1.0007105485886233e-05
plot_18070,4,0.015237666532970822,1,0.004575042836694447,0.9847623334667877,4.238146897870485e-07,3.350844832346359e-06,0.00014091273063683425,0.010516693543314932,1.2427630439246716e-06
plot_18071,4,0.009844190142914877,1,0.0015421778621570402,0.9901558098570764,4.558699528885831e-06,1.0893599457512321e-05,0.00010421478866802531,0.008176859804587103,5.485388525037816e-06
plot_18072,4,0.014025486153365695,1,0.0038163492525264122,0.9859745138466344,1.620147765881354e-06,1.9202589000954035e-05,0.00019267649043376052,0.009995637673638752,1.2440575840934504e-107
plot_18073,4,0.021703252782986973,1,0.004617403520498844,0.978296747217013,0.00029527181852836065,0.0010480177342775412,0.0038697987492332803,0.011850631548443746,2.2129412005160516e-05
plot_18074,4,0.09797361071552534,1,0.015918515312921027,0.9020263892844592,4.444250419879798e-05,0.004193866050526447,0.051811119535920776,0.026005667311973818,3.431562819621746e-241
plot_18075,4,0.642727039126332,4,3.598073317929555e-05,0.17655137408822089,0.17900858918485618,0.1349923430288562,0.35727296087366794,1.0185533315923948e-05,0.15212856655790358
plot_18076,4,0.7415294996212005,2,8.04641330316045e-05,0.19808758292591222,0.2584705003787997,0.14624631116301615,0.23468235989626318,7.791922676576355e-06,0.16242498958030063
plot_18077,4,0.7196908702358071,1,0.0006631096235871264,0.3371393425487996,0.05985427137053087,0.0929835142490353,0.2290506324438542,1.5303920327797618e-19,0.280309129764193
plot_18078,4,0.2836648589423823,1,0.03049346315713015,0.7163351410575481,0.07268335996596204,0.0013540481927290353,0.16720358834227309,0.0001764152905168318,0.011753983993840816
plot_18079,4,0.3532243430488653,1,0.0325874724208661,0.6467756569511334,0.0833220141388219,0.0004970381562571997,0.21534189961762218,0.0004085015700029189,0.021067417145296297
plot_18080,4,0.07867616191470306,1,0.014872645635322711,0.9213238380849554,0.01748212569709155,0.023179634838573618,0.020160371922579325,0.0004503578679476698,0.0025310259535296776
plot_18081,4,0.3600285887695685,1,0.09241120991802562,0.6399714112297769,0.11178004189172255,0.0007012134525772169,0.15127824797079203,8.050830854394188e-06,0.0038498247062513083
plot_18084,4,0.2174009405516128,1,5.467458220580428e-06,0.7825990594483788,0.026466065047748476,0.004165246604923308,0.1620089821103387,2.774709349319013e-27,0.02475517933038994
plot_18086,4,0.07803214382373228,1,0.007667901499903216,0.921967856176267,0.031386093549631046,0.019990754984947835,0.007237012755125178,2.8329751626310013e-21,0.011750381034125576
plot_18087,4,0.35305779529631814,2,0.0009895923030674568,0.1752786893258521,0.6469422047036818,0.0019438861594641304,0.15365152493053438,1.3388320197862023e-21,0.021194102577400058
plot_18088,4,0.4217853343551609,1,0.0009355609038304828,0.5782146656448391,0.2849976916787212,0.0048323108292725936,0.12444234351118655,1.9693835209047693e-22,0.006577427432150158
plot_18095,4,0.6321596778636709,0,0.5478231324651602,0.02354460087742758,0.00740728759612823,0.013116083362447916,0.03117313714979345,0.36784032213632917,0.009095436412713391
plot_181,4,0.028031396398034016,1,0.0,0.9719686036015736,2.902881826826294e-05,0.0,0.015493885893673457,3.9935909146421334e-21,0.012508481686484704
plot_18100,4,0.3779120424878324,2,0.007373340872294004,1.0806765563831929e-145,0.6220879575121676,0.0,0.03156047131902024,0.33803344467948726,0.000944785617030813
plot_18101,4,0.21565555366720013,1,0.000490732197182292,0.7843444463327999,0.12071940428790401,2.7375539266190203e-05,0.08113075162477086,0.00022745819744860991,0.013059831820628188
plot_18102,4,0.7172843671731496,5,0.2827156328268504,0.02164956363370055,0.014191014081757113,0.0016784571385410675,0.029015370857792638,0.45377228281319454,0.19697767864816362
plot_18103,4,0.5030641515556982,1,0.004274886800437881,0.4969358484443019,0.000433900504751577,0.13397496292563166,0.36437925880639876,1.1425184782793722e-06,5.6355510683670904e-92
plot_18104,4,0.7062464424778125,1,0.002909283902363806,0.6108719938776686,1.4201718466398115e-05,0.2937535575221874,0.09245096297931382,1.7034615719384988e-21,1.6985396553337707e-92
plot_18107,4,0.1616128657094995,1,0.0024477711470879265,0.8383871342905005,0.00023515991842757767,0.0008071840669048871,0.14833721725634255,0.0023669998721095134,0.007418533448627013
plot_18108,4,0.26648569333568717,4,2.0389448358592174e-16,0.06849611773423205,0.19728456849569248,0.0,0.7335143066643128,0.0007050071057623992,1.635130864742122e-105
plot_1811,4,0.005479325310479758,1,0.0,0.9945206739294448,8.005969795925231e-05,0.0,0.005330999266728367,3.903096483495085e-05,2.9236141032676524e-05
plot_18111,4,0.03830468702378557,1,7.642027340624596e-06,0.9616953129762145,0.002799090205876897,0.0034386385716681676,0.026155125210274993,6.31284307901405e-28,0.005904191008624921
plot_18112,4,0.01731715717034103,1,1.8564620479867617e-05,0.9826828428296573,0.0015952136120281494,0.0039360529822845295,0.01047904147329873,2.0948241395128346e-28,0.0012882844822513912
plot_18113,4,0.03833048343027944,1,0.00020939039954213944,0.9616695165697206,0.007286699280796152,0.029926719185800456,0.0007308780618753706,1.0778969065640891e-23,0.00017679650226531992
plot_18114,4,0.12448423388485738,1,0.011352861179435313,0.8755157661151355,0.04793736604913021,0.011615320121673347,0.03680843756867574,4.194763468438168e-21,0.016770248965949905
plot_18115,4,0.2804974702738164,1,0.0013846220064143498,0.7195025297261837,0.14832571963056368,0.008799798788550311,0.11585942213093124,3.463359973015556e-22,0.006127907717356802
plot_18116,4,0.4447888789915617,2,0.0008737439440732464,0.29793684344377214,0.5552111210084383,0.0017260277934601415,0.13243338900760962,6.017509146666697e-22,0.011818874802646703
plot_18117,4,0.49375584893897173,1,3.234082516643307e-06,0.5062441510610283,0.25845587592336505,0.012825218012864393,0.21535538377165248,1.224538907331944e-13,0.0071161371484506075
plot_18119,4,0.5272614748337582,4,0.0033055802821248094,0.10490785907100392,0.16675886783650207,0.23084991291979873,0.4727385251662419,5.351598159910473e-15,0.021439254724323436
plot_1812,4,0.02866410586482068,1,2.72658585851215e-05,0.9713358941351793,0.0011393415116689035,1.5348477757824346e-05,0.027452056244644536,3.009377216426566e-05,9.448522536205331e-108
plot_18120,4,0.00735135152187708,1,0.0027479147621552783,0.992648648478123,0.0,0.0,0.0006808890407257606,0.003652260397979184,0.0002702873210168888
plot_18123,4,0.7863335012267886,1,0.02884425701491297,0.6421344416519053,0.03331936400811567,0.21366649877321156,0.028416873716132263,0.05308826731016641,0.0005302975255560171
plot_18125,4,0.3894781553216208,0,0.6105218446783782,0.17567095887848339,0.0002821105878774878,0.0016268352530977074,0.041807819679123004,0.16764897830915215,0.0024414526138880665
plot_18126,4,0.645690468601017,4,0.24081322678422806,0.24077445465795833,0.004184470793017173,0.0011801071110712988,0.354309531398983,0.019517587521753352,0.13922062173298877
plot_18135,4,0.04002623976522468,1,2.4267824328025896e-281,0.9599737602347693,0.0,0.03192616266751572,0.007932506013534691,1.6844476999243953e-05,0.0001507266071811206
plot_18136,4,0.17263732677267407,1,2.5731950310041413e-283,0.8273626732273132,0.0003864786337487299,0.028566285402192197,0.14317236269968936,0.000510016641032881,2.1833960237306703e-06
plot_18137,4,0.236478918495817,1,1.3060711659215634e-05,0.7635210815041765,4.775800516727585e-06,0.09147591319530345,0.14497847707499867,5.929436275480072e-06,7.62277069954976e-07
plot_18138,4,0.23527522392175243,1,3.552344849295258e-06,0.764724776078233,4.747727974111083e-06,0.08801470687354175,0.14724390424646314,6.376443759413387e-06,1.9362851794468367e-06
plot_18139,4,0.056482257534545804,1,3.716622211223459e-281,0.9435177424654416,0.0,0.047096571451685706,0.008303948820999107,9.513216431878621e-06,0.0010722240454418576
plot_18140,4,0.5790121080340367,4,0.0,0.19660794575530724,0.17076153583822457,0.00021185110053901463,0.4209878919659633,0.21143077533996596,7.483274251434652e-50
plot_18141,4,0.4516313973704608,2,0.01876680638263246,0.01142450810726882,0.5483686026295392,0.06901783846026321,0.2744987691533931,4.965013616150002e-16,0.07792347526690281
plot_18142,4,0.021872121280234483,1,0.0011599507790163392,0.9781278787197656,0.0,0.00041978428518796713,0.004293342475170339,0.015999043740859913,4.3723632835209807e-243
plot_18143,4,0.5320576107689606,2,0.04526761965070398,0.28206380991132113,0.46794238923103926,0.06592487790763654,0.0854481131022871,0.051935711743655716,0.0014174784533560914
plot_18151,4,0.27901238543362294,2,0.1167643473823133,0.00011974277415219124,0.720987614566377,0.0,0.12572699109747057,0.008224797187882138,0.028176506991804736
plot_18163,4,0.7844489883852643,1,0.004425802076085624,0.5527212700549724,0.061504462330463985,0.09647618446473653,0.06932126945900575,1.4549807962580115e-19,0.21555101161473553
plot_18164,4,0.2669386143995422,1,0.0002782318433900511,0.7330613856004577,0.011739762223062035,0.0845165964140025,0.058274900624147315,7.983195976575596e-25,0.11212912329494026
plot_18165,4,0.2712071341544636,1,0.00033002688874139973,0.7287928658455364,0.012834142796065904,0.0807660747676455,0.05989933476101106,9.64565624551366e-25,0.11737755494099975
plot_18166,4,0.20896754903610223,1,0.0005954608413588325,0.7910324509638977,0.0042538257639952,0.06256436573069532,0.11271056980573364,4.989754944210604e-19,0.02884332689431922
plot_18167,4,0.23976229682031164,1,0.0008210044200216393,0.7602377031796825,0.008849084878019017,0.03387430514021733,0.12762890170663835,4.907445462571177e-19,0.0685890006754212
plot_18168,4,0.15309425797938117,1,0.03495838111114048,0.8469057420206126,0.059562898155029555,0.00674598830224027,0.048552938888320185,2.1717156831462858e-05,0.0032523343658255066
plot_18169,4,0.35981450615037647,1,0.07446501181955165,0.6401854938496104,0.008244438453326251,0.0028640691145924812,0.18711661276202798,0.010544127570492974,0.07658024643039833
plot_18170,4,0.18290344501567862,1,0.025867657701001995,0.8170965549843017,0.010844930526201637,0.08720793121597283,0.04253300280146117,0.010339751163666606,0.0061101716073940545
plot_18171,4,0.17865914425551463,1,0.032362841348883224,0.8213408557429862,0.005396413714529321,0.02175103636241632,0.08912981521215312,0.00773782731685701,0.02228121030217459
plot_18175,4,0.455139765866883,1,0.0025106394227770172,0.544860234133117,4.1759659130471785e-05,0.21875516935216996,0.2338313900192044,8.074136011763247e-07,4.376912669967754e-92
plot_18176,4,0.5525325991734993,2,3.294647126765402e-05,0.17475886393802886,0.4474674008265007,0.0011315403805858006,0.3037396709027253,0.00042002420570258324,0.07244955327518908
plot_18178,4,0.49113193839948166,3,0.0001524010433181215,0.48477651112321385,1.1458152260438838e-05,0.5088680616005183,0.0031992708388754398,4.786465210554996e-09,0.002992292455348553
plot_18184,4,0.07452260052969949,1,0.00598142048251894,0.9254773994692131,0.016768388192711474,0.005703871830779805,0.045333320932020554,9.957111346476168e-07,0.0007346033816214846
plot_18185,4,0.06911399251880888,1,0.00047903328225065657,0.9308860074811709,0.014613283876875657,0.0045574237937815185,0.04894031983784869,6.845298039465896e-07,0.0005232471982686695
plot_18186,4,0.44671342998565655,4,0.03732261706162206,0.3726112843182472,0.005955187189246147,0.0032268246400399144,0.5532865700143434,0.00023277796767902972,0.027364738808822182
plot_18187,4,0.4249816388151238,4,0.013054222643922862,0.3287652419391108,0.006034997586962297,0.004606848981455793,0.5750183611848761,0.0015416621757643031,0.07097866548790767
plot_18188,4,0.06930586449070544,1,0.00012476984977225915,0.9306941355092946,2.9676472180221465e-05,0.06107423058911811,0.007970362357410717,6.243962389937483e-05,4.4385598324779895e-05
plot_18189,4,0.03274759251404377,1,0.00019020540220897884,0.9672524074859432,3.27075477394959e-05,0.01764519004320399,0.014781915648544449,1.1331971224547216e-05,8.624190113539913e-05
plot_18190,4,0.11551319284268143,1,0.0007343895511874749,0.8844868071573186,1.7917791175585836e-05,0.0886901883161166,0.01972044219639733,1.8587161587664833e-08,0.006350236400642929
plot_18198,4,0.36572298162461003,2,0.0018763513589108763,0.09033444267137368,0.63427701837539,0.002106110000966932,0.20572546371111358,1.3282357292050132e-20,0.06568061388224498
plot_182,4,0.5348469253924075,0,0.46515307460759253,0.00447460009396505,0.07505030451085612,0.009454782101524938,0.041677640890937034,0.15879766889576347,0.24539192889936084
plot_18206,4,0.7032758068236113,4,0.15780453840003164,0.1694006335265609,0.2967241931763886,4.273878705087587e-05,0.3524628082720709,5.448231309224786e-06,0.02355963960658789
plot_18207,4,0.5561562103759117,4,0.07713784690010175,0.229612455360161,0.2078970177846857,0.00010569474496016778,0.4438437896240884,3.3234180447496755e-05,0.04136996140555558
plot_18208,4,0.5396079740597756,4,0.11001305235777967,0.19457246327063307,0.22435350900367712,2.3456583665909766e-05,0.46039202594022444,4.375704975773852e-06,0.010641117139044035
plot_18209,4,0.5443954584888901,4,0.15086229064494047,0.14695275799350638,0.2374268768912685,1.4959304313420036e-05,0.4556045415111099,2.9105017718362993e-15,0.00913857365485852
plot_18210,4,0.7097154672798601,0,0.4268159128797724,0.10911535365531767,0.29028453272013993,0.0003235564436719191,0.04417160533254595,2.575324197475245e-15,0.1292890389685497
plot_18211,4,0.43520263305437396,0,0.5647973669456261,0.05105827916787663,0.23007279420156546,0.00010718455087128573,0.09387141806436158,3.862081369110796e-15,0.060092957069695085
plot_18212,4,0.6936283950925545,0,0.47429145281208096,0.0494921422341264,0.3063716049073802,1.2435291605404395e-05,0.14717083024584626,4.783998390110877e-15,0.022661534508955836
plot_18213,4,0.4884868852917623,4,0.00025318907336811726,0.3135685028071775,0.1406675731314984,0.03350105567321204,0.5115131147082377,1.3328236033206565e-14,0.0004965646064928996
plot_18214,4,0.4542547993638978,4,0.0002827848849133445,0.23876784661947287,0.12829189026316362,0.08460831349488937,0.5457452006361022,2.9531383953121507e-15,0.0023039641014556307
plot_18215,4,0.2681425159195516,1,0.18770810528746565,0.7318574840743522,0.00017666022092748662,0.0,0.0522551314131175,0.009347665410665193,0.018654953593471836
plot_18216,4,0.7552791696094533,1,0.24472083039054682,0.5398490057657189,0.002466079964284156,9.04803440981789e-05,0.15018248529935135,0.00644518437902304,0.05624593385697753
plot_18217,4,0.685309247430769,4,0.027641478667732963,0.22640794856283436,0.07917492645120959,0.011375386533373315,0.3406786411765384,3.086603908033752e-05,0.31469075256923096
plot_18218,4,0.46752740091863104,1,0.06780322080240697,0.3717950722667429,0.025599583530038654,0.002026077594019076,0.29085819480387143,0.0003034468016209451,0.24161440420130004
plot_18231,4,0.2754736973386117,1,0.0012143098330980784,0.7245263026613883,0.019463953864786013,0.16690878637319911,0.07594366030494751,0.0003687680210584433,0.011574218941522515
plot_18232,4,0.34384421117229524,1,3.631661720513057e-05,0.6561557888268678,0.040574599197158286,0.07084132319829435,0.17308491851309674,7.144545874049966e-06,0.05929990910150353
plot_18233,4,0.64459134115422,4,2.46011781952024e-05,0.2585604925526107,0.15695373183149058,0.11915384530642265,0.35540865884578,5.6027480791621545e-06,0.10989306753742173
plot_18234,4,0.394423283200539,0,0.605576716799461,0.02940239794493118,0.20976762774597216,3.815803745561917e-05,0.071211555198914,3.3875395512909838e-15,0.08400354427326256
plot_18238,4,0.5287228258019507,6,6.79855437314439e-05,0.05517910163012652,0.2903499881483626,0.10410752486355342,0.07884606577825146,0.0001721598379253465,0.47127717419804926
plot_18241,4,0.13651240652189017,1,1.8549006302953344e-282,0.8634875934781034,0.0,0.0036688442910200653,2.764990336403959e-06,5.66260068182194e-05,0.13278417123372188
plot_18245,4,0.414314533109241,2,0.00022719097189503052,0.22036139347356343,0.5856854668907591,0.09865191287475056,0.08774283900231597,0.0016070557893744437,0.005724140997341504
plot_18248,4,0.6451146792754856,6,0.00015480611929095638,0.05269434530700422,0.2889628690914423,0.000733991545310382,0.2936785245427593,0.008890142669678393,0.3548853207245144
plot_18249,4,0.3806437306920101,2,0.000208390490307186,0.21729162516729322,0.6193562693079899,0.09412106534550962,0.06422624191902357,0.0014625883696607232,0.0033338194002158375
plot_18250,4,0.5812025558300156,4,0.0007858285961927803,0.055245868007538695,0.24084964112393123,0.0021763152810325447,0.3767929135299539,0.01012082793718087,0.31402860552417
plot_18251,4,0.682056000045495,4,0.018075392240601344,0.31794399995449196,0.21035704617250242,0.0003221490618363573,0.4066463291859659,0.0010860471159113633,0.04556903626869082
plot_18252,4,0.48800785174747496,4,0.056228398032308974,0.28064758062264616,0.11656998706632249,0.0007126353229770931,0.511992148252525,0.009367873657881436,0.02448137704533882
plot_18253,4,0.43642290573587794,4,0.014073782549303823,0.17648210721527932,0.1781268491441034,0.0017288352564186684,0.5635770942641221,0.007929452426859867,0.05808187914391296
plot_18254,4,0.5021005577374213,1,8.035893272891599e-05,0.4978994422625787,0.37067042979766496,0.06946937194951983,0.057823018414750973,0.0018334984693884472,0.002223880173368269
plot_18255,4,0.7002173821277511,4,5.205837824297576e-285,0.3084792414634254,0.034763905976174854,9.025044298898826e-06,0.356965209643852,0.2997826178722489,8.033268673612913e-50
plot_18256,4,0.5819548798602443,5,0.0,0.1250660134140346,0.1443531502454306,2.2845030000127552e-06,0.3125334316977792,0.4180451201397557,2.929485643998981e-49
plot_18257,4,0.023260939798540808,1,6.640550765429436e-282,0.9767390602014592,1.6587184698758335e-05,0.011666384852761398,0.010962972169147406,0.0005998754721231017,1.5120119810122253e-05
plot_18265,4,0.5506569418154165,0,0.44934305818457443,0.16171856664304504,0.2447748970974173,0.0001358314948456043,0.1156331219507507,9.082618762189313e-15,0.028394524629357768
plot_18266,4,0.6998268362648469,1,0.29173123436918574,0.3431417906966628,0.30017316373515307,0.0007125689296368679,0.03734282529850478,4.754271830644683e-15,0.026898416970851966
plot_18267,4,0.3648780621179195,1,0.17681054832493287,0.6351219378820805,0.13929654893665422,0.004543644970400521,0.023706347837548485,3.780827355851228e-06,0.020517191221027582
plot_18268,4,0.26588727660242517,1,0.12381856851658918,0.7341127233975748,0.0898185643133549,0.010766140120616411,0.01583204756864773,5.919817247035222e-06,0.025646036265970007
plot_18278,4,0.6481574954561475,2,0.013683021954542653,0.34421549533888945,0.3518425045438524,0.027757229464564534,0.2541215320330324,4.575215426359433e-22,0.008380216665118661
plot_18279,4,0.6824023290303428,1,0.01830802998103626,0.371394335246461,0.2385040354578756,0.05097066349889838,0.3175976709696573,2.6537917763229657e-22,0.003225264846071677
plot_18280,4,0.541606745965927,1,0.08551620125837132,0.4583932540340731,0.07367882413582379,0.12240542742752226,0.2569192652756644,1.1721238470741588e-22,0.0030870278685452518
plot_18281,4,0.7930178468608576,1,0.08458131738049923,0.48965662142372957,0.03316935592957871,0.2069821531391425,0.18528617710074746,4.898746846852803e-24,0.00032437502630263125
plot_18282,4,0.23167455862673805,1,0.03893321403737549,0.7683254413732548,0.006218524728502237,0.014581972069198236,0.15684163022909756,0.0009678386096436822,0.014131378952927992
plot_18283,4,0.32648427855523343,1,0.0021583406217795744,0.6735157214447598,0.054189279465457846,0.06616324046911115,0.10895193201378144,6.4717469417164714e-06,0.09501501423816863
plot_18284,4,0.7292368141644019,4,2.4247148572878386e-05,0.13086488564573887,0.19335434694908005,0.13406367017542875,0.27092966424558135,2.0287940422332794e-20,0.27076318583559816
plot_18286,4,0.4385553904052641,1,0.0,0.56144460959456,0.030000680211155106,0.0,0.3773610249652065,0.031193685229078505,9.938422286710787e-84
plot_18288,4,0.2713756669228416,4,0.01893209448505252,0.17095563762669252,0.0018154399428143017,0.07963413998409427,0.7286243330771585,3.835488418800822e-05,6.55530412759859e-92
plot_18289,4,0.6728586416412854,3,0.0057652655449193626,0.21780215637923786,0.07757086776139778,0.3591770254624746,0.3271413583587147,0.011995501653827742,0.0005478248394280683
plot_18290,4,0.43149506502423945,3,0.008412976490167793,0.128500342526309,0.023551208092870073,0.5685049349757606,0.24776144481553397,0.022716666513101023,0.0005524265862576319
plot_18291,4,0.3629642419219779,1,0.019592407044772667,0.6370357580773314,0.007860192395526674,0.20389356550342058,0.09255582966898647,0.03247039891000147,0.006591848399960678
plot_18292,4,0.3597353046953462,1,0.00832412284049695,0.6402646953046538,0.0011698215899374376,0.1120813859316716,0.15517804674469524,0.06242568661676899,0.020556240971775948
plot_18295,4,0.32956717626800386,1,0.0022501036795474247,0.6704328237065164,0.11510266634180923,0.19517661554207932,0.012105525062031424,0.0008159759780402916,0.0041162896899759795
plot_18296,4,0.32814457102579303,1,0.0018286348168654164,0.6718554289742015,0.10968511938364864,0.19998670138443472,0.010367277795945855,0.00198284742115426,0.004293990223749705
plot_18297,4,0.3334354747237007,1,0.0018647381801686958,0.6665645252762993,0.12650343125918856,0.18656087735525795,0.00962356708885481,0.0029975326720102667,0.0058853281682203495
plot_18298,4,0.774707982124646,1,0.012662463181659464,0.48772202254400465,0.22529201787535397,0.21879717372840496,0.009102319649635447,0.016975255539121666,0.029448747481819998
plot_18299,4,0.2433856502775904,1,0.0006779430226418623,0.7566143497224096,0.08759569447566341,0.1480883659463928,0.0029613090606063876,0.0006987498243052365,0.0033635879479806978
plot_183,4,0.7485112676890414,0,0.40246710406320674,0.028416558366878945,0.03920967537887094,0.0028339490495122278,0.1027502741446558,0.2514887323109586,0.17283370668591685
plot_18300,4,0.6685451150905415,4,0.08339289093189152,0.3190942096095624,0.00039874089100638046,0.19165176754612334,0.33145488490945857,0.05367567345937791,0.020331832652579773
plot_18301,4,0.6880996923611589,3,0.011411747325309593,0.2719167402190588,0.0010551533389452608,0.32961562601793826,0.311900307638841,0.005723014912474798,0.06837741054743218
plot_18302,4,0.06387165476094125,1,4.4902429450318904e-281,0.9361283452390587,0.0,0.051992582619583214,0.0006551398275344845,0.0025809627064491743,0.008642969607374398
plot_18303,4,0.03539605697847746,1,8.719916353489482e-282,0.9646039430215225,0.0,0.010507163274914955,0.00041892058815868574,0.0019187698341254747,0.02255120328127834
plot_18304,4,0.027137136822498166,1,9.346260671021128e-282,0.9728628631775018,0.0,0.010976429075039231,0.003140025882206812,0.0039158953549350665,0.009104786510317028
plot_18305,4,0.07171338656259983,1,5.7058249339978654e-282,0.9282866134374002,0.0,0.0074247055952596855,4.67818871020022e-05,0.00053853341210097,0.06370336566813717
plot_18318,4,0.4089627733737477,0,0.5910372266262521,0.03397887606601693,0.10766904716945731,3.518518950469171e-06,0.15180426551222953,7.852529845171926e-05,0.1154285408086421
plot_18319,4,0.3692097218104319,0,0.6307902781895681,0.034047113372240596,0.023993845975444874,1.1331172684670612e-05,0.14432804557448972,0.0006541250969323054,0.16617526061863971
plot_18320,4,0.02486307615540081,1,9.73569708717931e-06,0.9751369238444006,0.0,5.851542126852671e-05,2.2659743642429453e-06,0.023992493213829014,0.0008000658490502423
plot_18321,4,0.13579249702056878,1,2.6444150483267332e-06,0.8642075029794247,0.0,0.11353723735927071,0.0011178932725287364,0.002182055196294114,0.018952666777433156
plot_18322,4,0.761571156563132,1,0.07833348815169108,0.5078704194840722,0.00047964699225020406,0.020781615973754566,0.23842884343686802,7.2930664722969046e-06,0.15409869289489167
plot_18323,4,0.015458956354695063,1,1.7725775483083748e-05,0.9845410436452968,0.0,0.00023143359632214462,5.609262680957711e-06,0.0020935335651784633,0.013110654155038468
plot_18334,4,0.5060584949993694,2,0.025047903759489683,0.36741893285591865,0.4939415050006306,0.024947533399244458,0.06337134596717225,0.025014824547308724,0.0002579544702356871
plot_18335,4,0.6484554583836155,1,0.02850820228566394,0.5848284760191477,0.010938040983758522,0.0012233011827544632,0.35154454161638454,0.016906941597759444,0.0060504963145314155
plot_18336,4,0.35082343350821593,1,0.010653203971507246,0.6491765664917841,0.015474840384808453,0.001775177178837023,0.30601763385048303,0.009302469031319802,0.007600109091260453
plot_18337,4,0.24798439226757857,1,0.004647897606665426,0.7520156077324215,0.1303641453790616,0.032332350177825334,0.05886371353156364,0.021670281149708186,0.0001060044227543844
plot_18338,4,0.20562284996526886,1,0.005209131920064185,0.7943771500347174,0.021156860600742705,0.005625957619678792,0.16144235682204736,0.010966088428193922,0.0012224545745556153
plot_18339,4,0.640674726404641,2,0.025091244409808353,0.2891997458946932,0.35932527359535904,0.11198297743156384,0.09846973472080822,0.11535802145883328,0.0005730024889340641
plot_18342,4,0.12091937609280731,1,0.014744958175539218,0.879080623907192,0.09899728695455262,0.006600346352485361,0.0005576862587154757,1.740423193310175e-26,1.909835151516183e-05
plot_18343,4,0.07981570272249248,1,0.007171930701178728,0.9201842972775075,0.06325419653334367,0.008995132175438769,0.00036446136670710333,1.930774692073788e-25,2.9981945824214342e-05
plot_18344,4,0.10613359149420755,1,0.00011166286385783347,0.8938664085057925,0.0024969122627329626,0.10312275813106382,0.0003335013542747211,2.2155939027179415e-23,6.8756882278236e-05
plot_18345,4,0.08916280569248922,1,0.0002513969951030581,0.910837194307503,0.003613425911398019,0.0837008483427713,0.0015492477868628784,1.5950556771794022e-23,4.788665636187974e-05
plot_18346,4,0.06166655249573711,1,0.000375508042481559,0.9383334475042628,0.002859733857303562,0.05125063626726689,0.007121635062457178,1.846123224585463e-23,5.9039266227866e-05
plot_18350,4,0.7687763414186289,1,0.03475704073025573,0.49032884768775975,0.02326423917865178,0.01386150535321395,0.23122365858137112,6.936219944094403e-05,0.20649534626930657
plot_18353,4,0.5885744769019281,4,1.0977849014508113e-05,0.2596733985016697,0.31264330516626965,0.001740510633710207,0.4114255230980718,7.022193171756598e-05,0.014436062819546642
plot_18354,4,0.1395397330324972,1,0.061858506250142636,0.8604602669674966,0.0014371003319218944,5.3871712875166504e-05,0.008862921548931531,0.06503236636471778,0.0022949668239144946
plot_18359,4,0.7910648007961643,1,0.039403343364995916,0.3142858092214731,0.0006519042730338549,0.19600290805611015,0.22866669944151347,0.2089351992038357,0.012054136439037869
plot_18360,4,0.6375004974159084,3,0.00964356072970551,0.3606633564008352,0.006525290347395383,0.36249950258409147,0.1588878577922177,0.09576916214688333,0.006011269998871338
plot_18361,4,0.09573300951109266,1,0.0036375940646613085,0.9042669904888918,7.433079323681209e-05,0.0762950524041717,0.01572564318234048,9.014006974363429e-14,3.890666077488376e-07
plot_18362,4,0.08630008047091742,1,0.000513334059696917,0.9136999195290826,0.00015946906049194397,0.0663211025631314,0.019301642453318398,1.884366554856694e-20,4.532334278784893e-06
plot_18363,4,0.030833534242067338,1,0.0009297888139681393,0.9691664657579326,0.0025185521193909596,0.012191439102549464,0.015165066862567746,9.176266582906258e-13,2.868734267338332e-05
plot_18367,4,0.6404065349739463,3,0.021347064640849768,0.20610073367963846,0.00554877132222068,0.35959346502605366,0.27938070302495127,0.009689633374501749,0.11833962893178449
plot_18368,4,0.30960293494252683,0,0.6903970650574732,0.24362761708473427,0.0015318596248477799,1.7201948786435753e-05,0.0010339242843153556,0.023690461103245988,0.03970187089659702
plot_18371,4,0.5025433262970858,4,0.08284111284836737,0.2049977275878715,0.0015168198243482953,0.0,0.4974566737029142,0.2131560082711329,3.165776536570234e-05
plot_18373,4,0.3496023589942026,2,0.0011477406945184505,0.18617817672937997,0.6503976410057974,0.0035839519182796864,0.14333633835518972,1.138871872205961e-21,0.015356151296834847
plot_18374,4,0.7085411337101101,1,0.0,0.36922768663360983,0.15154780301185639,0.01152714267752175,0.29145886628988993,1.1584490962278227e-27,0.17623850138712216
plot_18375,4,0.2952532699229687,1,0.04395843548113817,0.7047467300770254,0.14698901384709237,0.001655437392589016,0.011033850226508905,1.6241010982700066e-20,0.0916165329756461
plot_18376,4,0.5485642963503575,6,0.07886534911198458,0.16341927705123138,0.2895603044683158,0.0008051046049844277,0.015914261113841352,2.91319774576523e-20,0.4514357036496425
plot_18377,4,0.23615987133159166,1,8.9721969060059e-06,0.7638401286684074,0.03909056847575447,0.004886936361286043,0.1597119539049734,2.3855950453612197e-27,0.032461440392672826
plot_18378,4,0.7252308340788817,6,0.0,0.25326458592387946,0.206930845383211,0.03927056390022711,0.22576483887156412,1.7379296230974173e-27,0.27476916592111833
plot_18379,4,0.5545083260806575,1,0.0,0.4454916739193426,0.24218201697755345,2.0267803298403823e-05,0.09343516795043845,0.2188708733493671,3.5724144167251667e-50
plot_18380,4,0.6393473672685823,2,0.0,0.2622884234719405,0.3606526327314176,0.0002014191980178017,0.18786323304289382,0.1889942915557304,5.668223374978269e-50
plot_18381,4,0.10859484769351833,1,0.00021680081044007116,0.8914051523064751,0.02234280733258674,9.79010066458614e-06,0.07475543165761771,0.0002915133509289836,0.010978504441286802
plot_18382,4,0.2027154237123738,1,0.00024276649149702206,0.7972845762876255,0.07821294239616587,6.668262615045171e-07,0.10924497484665516,2.52476472055988e-05,0.014988825504589427
plot_18383,4,0.40953542061493287,1,0.0002472963115725833,0.5904645793850664,0.2149538426201787,0.0,0.1680555792100069,1.6706600979234164e-05,0.026261995872196277
plot_18387,4,0.8017568779684903,4,0.19824312203150973,0.0017117236365060977,0.1766972405633756,0.0,0.3661775803048515,6.459523187284399e-20,0.2571703334637572
plot_18388,4,0.24053877699325768,1,1.0620477443637499e-284,0.7594612230067423,6.003027754768495e-07,1.228951546462141e-05,0.21889876518059365,0.01967427116276861,0.0019528508316553777
plot_18389,4,0.290399703969637,1,0.0,0.709600296030363,1.5972918573915521e-06,0.0,0.2717600215800013,0.01676070606654617,0.0018773790312320326
plot_18390,4,0.013585379990978905,1,0.005053228591329112,0.9864146200090211,0.0,9.008493113439257e-07,0.0004735868074338838,0.007959681242021658,9.798250088294991e-05
plot_18391,4,0.1355244267331741,1,0.057993087261903095,0.8644755732668259,2.8215653284690524e-05,1.7150632089399366e-05,0.004585031663697463,0.07290011409928684,8.274229125912584e-07
plot_18392,4,0.14052871968282726,1,0.056951095049738616,0.8594712803171727,3.2848740404854554e-05,0.00017199942962099898,0.01879207338671901,0.0645807030763437,8.267974141735981e-110
plot_18393,4,0.03784460602277153,1,0.0003453187969562296,0.9621553939772285,0.0,0.000507040595730111,0.0007364921571120437,0.03625575447297317,8.387204915225438e-244
plot_18394,4,0.02504109036334213,1,0.0024891211265395045,0.9749589096366579,0.0,0.0004254820702836872,0.004671800049431687,0.017454687117087257,4.1706023903518663e-243
plot_18397,4,0.7529322587743732,0,0.3810493235601822,0.11945741917858552,0.18667200995752908,0.0015860423954389808,0.06416746368263614,1.3746670707513305e-15,0.24706774122562675
plot_18398,4,0.6173268979690396,0,0.38267310203096067,0.2775302953880709,0.17338393407855965,0.0020455263894111806,0.0465327275980038,2.8946657667007073e-15,0.1178344145149911
plot_18399,4,0.21090313686261644,1,0.002234795881382385,0.7890968631373836,0.005133540314741718,0.06738522287806983,0.12101576773072253,6.94281645643864e-18,0.015133810057699957
plot_18400,4,0.20864495860376825,1,0.0005608522465901987,0.7913550413962254,0.004392035436904277,0.0583872092253251,0.11148409296028552,4.187288198857178e-19,0.03382076873466963
plot_18401,4,0.22790309894737362,1,0.0003485826359512796,0.7720969010526264,0.012290251931516038,0.04798549006781619,0.05126441409729311,1.0700140998283488e-24,0.11601436021479705
plot_18402,4,0.5436416377981362,1,0.00739941624810558,0.45635836220186377,0.22406149045220464,0.13999016511483728,0.03899834759733829,0.13253722120922942,0.0006549971764208897
plot_18403,4,0.7231790098341487,1,0.037761254754705036,0.3297646370935475,0.27682099016585116,0.16825290201801843,0.07726613102442317,0.10931826026295974,0.0008158246804950443
plot_18404,4,0.23969329306502543,4,0.016352434893990957,0.028230063356383908,0.12359266766803167,8.47570966590107e-05,0.7603067069349746,3.2621776439855245e-05,0.07140074827352004
plot_18421,4,0.43265272154864126,1,0.011976887088769669,0.5673472784513588,0.025046642605745347,0.055751064604106046,0.023284143704174236,0.29200903649563176,0.02458494705021434
plot_18423,4,0.005243324186975661,1,0.0,0.9947566758129187,1.7806538677506266e-05,0.0,0.0005643295998205563,0.004655898101893952,5.2899466892502205e-06
plot_18433,4,0.7922634068572991,1,0.20773659314270088,0.7699899353864358,0.0026619001059193376,1.233475520444157e-05,0.009901103207624764,0.006875268103110525,0.0028228652990042943
plot_18434,4,0.46933431823305016,4,0.02676675216788554,0.12010389887045728,0.15015983066346805,0.006527366933308932,0.5306656817669498,0.15873649144078217,0.007039978157148229
plot_18435,4,0.4000382051866447,2,0.0009382235484111912,0.1683263771849022,0.5999617948133553,0.13950433006125246,0.0904076979575681,0.00020534562873430944,0.0006562308057764529
plot_18436,4,0.7790637493115724,1,0.004746141984069477,0.3220898643448201,0.008512936947050987,0.15107056859597615,0.2775844771640076,0.01505976027564801,0.2209362506884276
plot_18437,4,0.6836424435073829,1,0.010187742056730094,0.41577436817537694,0.0007124995900781426,0.10827458788186739,0.316357556492617,0.07827621210154019,0.07041703370179024
plot_18438,4,0.739039047858898,1,0.08894528747484509,0.33078553667437915,0.0542721882070644,0.1654373331960285,0.099137266150071,0.00046143615650976686,0.26096095214110215
plot_18439,4,0.48695733184683054,4,0.005628726250070999,0.10501527773195515,0.24384523115456214,0.004775541033304444,0.5130426681531695,0.001997017222858274,0.1256955384540795
plot_18440,4,0.514878860819457,4,0.0023514315974897445,0.12734403648528136,0.268451712137336,0.0002444121590228105,0.4851211391805431,0.0010616321851119699,0.11542563625521507
plot_18441,4,0.4620133886134056,1,0.008992272160760834,0.5379866021585753,0.004047789648420996,0.18379505705750565,0.1747898254383614,0.0748305027786332,0.01555795075774262
plot_18442,4,0.4552653405284456,1,0.010168160998571367,0.5447346594715544,0.000912585890618144,0.11345241246527493,0.2031389828324797,0.07092345062144484,0.05666974772005664
plot_18447,4,0.250111797556062,1,0.0027499836494193994,0.7498882024439373,0.00026153457507936825,0.1997758310636714,0.0251949514097148,9.794370040006437e-08,0.022129398914477356
plot_18448,4,0.40247100691551707,1,0.04786408469350563,0.5975289930844828,0.005503157646978706,0.05590736962505789,0.119367351592284,2.3437660010095568e-06,0.17382669959168978
plot_18451,4,0.7131243332249895,6,8.76345447290359e-06,0.28311656628858045,0.143480436490262,0.035721693764833085,0.2507968732268411,7.757354684748525e-29,0.2868756667750105
plot_18452,4,0.3488077296951251,1,0.00018054012817447025,0.6511922703048691,0.08170999210400025,0.004946442005089402,0.16161285864486596,3.4268174774051446e-29,0.10035789681300072
plot_18453,4,0.7082206430435594,6,0.0008769490244340336,0.31466380431685353,0.2917793569564405,0.01172325607940369,0.05882646507883156,2.5316016086614898e-24,0.32213016854403664
plot_18454,4,0.48840827299474604,1,0.015496066744330971,0.5115917269950419,0.15851359322536313,0.0009911817544338024,0.13021288065178235,1.0265900995896338e-06,0.18319352403894829
plot_18456,4,0.003720985186456611,1,0.0,0.9962790148134877,2.0830136847748555e-05,0.0013159838613141525,0.0004876662512794042,0.0018443043705528167,5.220056651820568e-05
plot_18457,4,0.14327283998784418,1,0.00023464164331319637,0.8567271600121494,0.03638143675115321,1.4004556242226055e-06,0.0944037453788546,3.4517484709225084e-05,0.012217098274196201
plot_18458,4,0.018797618033873736,1,3.1389050899795435e-06,0.9812023819661246,0.0009283942319789524,0.004182798485077088,0.013478848109303148,0.0001671632772157528,3.7275025210528704e-05
plot_18459,4,0.018934578313060984,1,9.996364761049785e-06,0.9810654216869245,0.0008094264446768434,0.004080182960024101,0.013920993874825678,8.326147584549217e-05,3.0717192942449877e-05
plot_18467,4,0.38342590489562733,1,0.014390161599465443,0.6165740951043727,0.13382824158687853,0.0026748774579002355,0.23244773670338756,2.4325844350218946e-05,6.056170364548758e-05
plot_18469,4,0.056903782753131626,1,0.01986236499105736,0.9430962172468684,1.2664891182559141e-05,1.7541393576847342e-05,0.0031705689577376313,0.03383626523863703,4.377280940245239e-06
plot_18470,4,0.06408906879940394,1,0.028523484230735457,0.935910931200596,0.0,5.701516136979175e-07,0.0011377386310452327,0.03442571838476546,1.5574012440211857e-06
plot_18471,4,0.02351573046026118,1,0.0032042486741398323,0.9764842695397389,0.0,0.00012428365470466515,0.002942253096981688,0.01724394149316237,1.0035412726793323e-06
plot_18481,4,0.2058200537704407,1,0.00012174381335947831,0.7941799462295517,0.003798705930411171,0.1329901501875571,0.04594358844332802,1.0876556083832079e-05,0.022954988839708732
plot_18482,4,0.781494239598456,1,0.0017632397742995871,0.7356968911718429,0.002986756199032576,0.21850576040154407,0.036094206099378974,1.9142575051883523e-05,0.00493400377885008
plot_18483,4,0.24794046444880494,1,0.029271180599719934,0.7520595355505904,0.016383394392204848,0.05102641017417243,0.12931166057899335,0.0007841189603945205,0.021163699743924576
plot_18492,4,0.33044138530167155,1,0.017241545949639996,0.6695586146965744,0.08114164754925718,0.06964804525067336,0.1619315498256743,1.0936514066088149e-23,0.0004785967281807923
plot_18493,4,0.6681815669660656,1,0.0027659014156633066,0.3577614727462327,0.1616646854338005,0.035999858251509476,0.10998964911885982,5.96098122373583e-26,0.3318184330339344
plot_18494,4,0.3210784208622641,1,0.00012525294909681867,0.67892157913773,0.08504654754092697,0.007584324599065034,0.1335547218205868,4.613174449960996e-27,0.09476757395259441
plot_18501,4,0.5111577099069349,2,0.13069250929010984,0.0,0.4888422900930652,1.3309194231309814e-05,0.36863754702071166,0.011310387001311203,0.0005039574005709093
plot_18503,4,0.5575097851707241,1,0.0007618491018773267,0.44249021482918216,0.10089515379182892,0.07002712407112666,0.35483407192234956,4.899244729741e-15,0.03099158628363049
plot_18507,4,0.7088585802787029,2,0.056719277048613154,0.0004950602515986411,0.6497584204257253,8.948453120126541e-05,0.0017963380215644954,3.5180980993521476e-17,0.29114141972129703
plot_18516,4,0.40801473247307785,6,0.014872461632316975,0.0,0.047078798412734504,0.0664716812707086,0.20087130952666593,0.07872048163065189,0.5919852675269222
plot_18524,4,0.427615279588442,3,0.015026032044978098,0.15010238846989873,0.0036428269302982994,0.5723847204115581,0.18670749660740613,0.07029354808841644,0.001842987447444262
plot_18525,4,0.4571234843603801,2,0.0010912967764087058,0.15458626749601487,0.5428765156396199,0.0366182032568726,0.22627478180098992,0.010896952201137735,0.027655982828956156
plot_18526,4,0.6032490753433711,4,0.0117048334145406,0.28342850109712875,0.2012793679566975,0.01392244551309406,0.39675092465662887,0.08775354410080892,0.005160383261101406
plot_18527,4,0.7901791306025461,4,0.20982086939745387,0.01915804044640222,9.953342848275809e-05,0.2467864722847713,0.5236656145797038,0.0004694698631859668,4.243137434194295e-92
plot_18528,4,0.716229982266235,5,0.11113005276554287,0.2698348619073023,0.002157167699886524,0.06121962646506404,0.27180752103246436,0.28377001722809647,8.075290164326895e-05
plot_18529,4,0.717244704365769,0,0.3040665955086944,0.20840427344396506,0.0006393780859407465,0.0,5.6040724845874226e-05,0.204078416602323,0.2827552956342309
plot_18530,4,0.2876990342928794,1,0.2415855980064231,0.7123009657070924,0.004148038762209659,0.0,0.007781810710100047,0.003685961227258719,0.03049762558691598
plot_18531,4,0.1743702354484058,1,0.043842957439048785,0.8256297645499867,0.04059279942000499,2.3615962805161585e-07,0.03127037240285335,0.0006219808661576413,0.05804188916232054
plot_18537,4,0.6641164442766824,6,0.16680950733479516,0.24714982033830663,0.003395961701229491,0.011499505949815091,0.23524755075196646,1.4098783869280591e-05,0.3358835551400179
plot_18538,4,0.7058151522222877,6,0.1853388758107421,0.1730088578949835,0.019082790517365847,0.007906705784980107,0.29418484777771226,1.0172067862697334e-05,0.32046775014635354
plot_18539,4,0.6108562722894196,6,0.18097396670421154,0.14350864548055897,0.059353463794290184,0.004753992351202777,0.2222619362154868,4.2677436694192175e-06,0.38914372771058037
plot_18540,4,0.15384583835690963,1,0.001915909104771644,0.8461541616430904,0.00017157964386031225,0.11936589637302471,0.016643618351056905,7.076836032464658e-08,0.015748764115835763
plot_18541,4,0.15817975191368217,1,0.005954808609005816,0.8418202480863178,0.00017826419376499832,0.06358407308899644,0.06192437717668274,2.7437805477520755e-07,0.026537954467177407
plot_18545,4,0.3588132570539238,0,0.6411867429460761,0.22235935652509353,0.0012684946775270228,1.4010193917515348e-05,0.0008462372699011779,0.04406878637696999,0.09025637201051454
plot_18546,4,0.035399728164749164,1,0.004744552934116701,0.9646002718352509,0.0011446523460216331,0.02118392381539643,0.008311034327859552,1.1556826611492857e-12,1.5564740199202897e-05
plot_18548,4,0.25229533649770514,2,0.00021140258188284144,0.11137315029176822,0.7477046635022949,0.08760424021243368,0.05263659070482142,8.004455032987806e-12,0.0004699526987944423
plot_18559,4,0.5072819417732986,2,0.008719772619558308,0.196816422654003,0.49271805822670145,0.0,0.08133392078521823,5.416113512726768e-07,0.22041128410316774
plot_18565,4,0.34651096540524046,1,1.3912707300023556e-284,0.6534890345947596,1.9223574235884205e-06,5.7872972609272584e-05,0.2418228591192818,0.08549232045464174,0.01913599050128407
plot_18566,4,0.5700872850746409,1,9.167554369677986e-286,0.4640376785954271,7.68338931369628e-05,3.233888918407879e-05,0.42991271492535893,0.08330187596166472,0.022638557735228257
plot_18567,4,0.2977291381314499,1,1.4962373718389355e-284,0.7022708618685501,1.2083805937964066e-06,5.625476528721352e-05,0.20336656700969383,0.077014993527005,0.017290114448870054
plot_18568,4,0.5580238997568857,4,1.5274453912789548e-285,0.4094595333824477,0.00012006953618936479,5.388120457368724e-05,0.4419761002431144,0.11414286209187463,0.03424755354180023
plot_18569,4,0.7812635832154451,1,5.367543795522618e-284,0.4141210136411729,6.205414347844912e-05,0.001776909519781205,0.23250808233859366,0.2187364167845549,0.13279552357241897
plot_18575,4,0.07694689252750003,1,0.0007341714334432423,0.923053107472499,0.02292362198339941,0.02742224267991117,0.0252581439566517,1.09055529743997e-22,0.0006087124740954088
plot_18576,4,0.06928707115102127,1,0.005970564812741266,0.9307129288489286,0.050225284553562274,0.012739464908940495,0.0002935626632428842,2.2317069312745235e-24,5.819421258451137e-05
plot_18577,4,0.11623131040842523,1,0.014614465687679042,0.8837686895915682,0.09874953419994362,0.0018618168420093245,0.000893401586675693,1.7315379130892443e-26,0.00011209209212413351
plot_18578,4,0.09994244433825109,1,0.00045768083369138944,0.9000575556617422,0.007126648060569858,0.08346411129633295,0.008299772229557799,1.559264387044245e-22,0.0005942319181059232
plot_18579,4,0.15778817452059243,1,0.015370730848975014,0.8422118254793998,0.0353166676504762,0.004900265193888007,0.0929362247217262,0.0004316275498656014,0.008832658555669436
plot_18581,4,0.5873085465150176,4,0.0,0.15170726493405645,0.4126914534849824,0.002244822107991125,0.43328859752360516,1.8722103536113362e-22,6.786194936477487e-05
plot_18587,4,0.6707213650459136,2,0.05478662814144823,0.249712551736207,0.32927863495408644,0.004678572138576607,0.29143732211857526,0.0519326650923611,0.018173625818745508
plot_18591,4,0.0050161451605657045,1,7.149820816534045e-05,0.9949838548367683,2.3219086535444316e-05,7.04716690183122e-05,0.0048345521653057,1.640403420685031e-05,7.912214603000963e-104
plot_18594,4,0.03306238764213053,1,0.0022157731524675237,0.9669376123578053,0.0036843264146433,0.022609687941802015,0.004363544966539577,0.00018905516674233005,8.082571088534108e-104
plot_18602,4,0.6263313470241246,4,0.00046450615783547033,0.08403644688868195,0.3467217773085851,0.00037454743182404324,0.3736686529758755,0.004547130775340762,0.19018693846185725
plot_18603,4,0.06079899478697464,1,0.000604191800675516,0.939201005213024,0.0006192139811977177,0.051586409783114434,0.007987688410455817,1.1997556408189494e-21,1.490811532503639e-06
plot_18604,4,0.5967172959602035,2,0.0035677800200701456,0.10173318998678973,0.40328270403979644,0.00026305032481983983,0.37095751482563677,0.0010608172415576761,0.11913494356132942
plot_18605,4,0.524082101887381,2,0.0007905412058368998,0.11397741512356027,0.475917898112619,4.787827542787072e-05,0.3051117758527375,0.0005790480874034596,0.103575443342415
plot_18606,4,0.6155665012470726,6,0.042613204548696756,0.12462116896932282,0.3844334987529274,0.00605572713652092,0.05065890545944862,1.5732189176986712e-20,0.3916174951330835
plot_18609,4,0.04700605335553097,1,0.018901702161204282,0.9529939466444681,0.003987999713474351,0.0002699990606923426,0.010215079136630138,0.013503256531955995,0.00012801675157486932
plot_18610,4,0.3589035684510825,1,0.022921021783338377,0.6410964315488884,4.136648035855596e-05,0.22029084358725268,0.11564859524658104,4.034417067776585e-13,1.7413531777077005e-06
plot_18611,4,0.17133087749648768,1,0.007762366166104454,0.8286691225035123,1.7630527755307936e-05,0.048638755616065364,0.09092908960449578,3.9142153594665324e-07,0.02398264416053082
plot_18612,4,0.27272744840158847,1,0.008056978765584904,0.7272725515984053,0.0009068645681211602,0.043063488254524,0.21636537863721236,1.6891681055882468e-05,0.00431784649509633
plot_18613,4,0.045961421701821235,1,0.0003885952116950661,0.954038578298178,8.193414706403636e-05,0.0011128228277864252,0.04338152347076383,0.00021731814201779995,0.0007792279024948141
plot_18614,4,0.06713608083236774,1,0.00025725031558459534,0.9328639191676322,2.819608921390386e-05,0.0004365286875361384,0.06372727230200875,0.0006011701512155174,0.0020856632868087818
plot_18616,4,0.5228305448544562,4,0.03834334467349379,0.1783277001878592,0.06657733433405061,0.0,0.47716945514554376,2.8832445295470715e-05,0.23955333321375713
plot_18617,4,0.7070153670263929,2,0.001446685075195252,0.09349008975208124,0.3627227478888694,0.0,0.2929846329736071,9.473839274763047e-16,0.2493558443102461
plot_18631,4,0.0744637813602402,1,2.871302124692166e-06,0.9255362186365335,0.01110585836426967,0.0009041880775855428,0.06155676009733797,0.00018959478094769883,0.0007045087412008964
plot_18632,4,0.7105206431534108,1,3.2427522397964784e-05,0.5456716097362879,0.1498994530128301,1.2031886695663971e-05,0.28947935684658926,9.473851178438292e-06,0.014895647144020656
plot_18633,4,0.6292876914589691,2,0.0005172758137286334,0.32093482229771203,0.3707123085410308,0.0,0.2485699738126637,1.1615042162788599e-05,0.0592540044927021
plot_18634,4,0.6117673992228674,2,0.0006280317091136893,0.29866463267458604,0.3882326007771326,0.0,0.24383587218130764,1.4432785818253098e-05,0.06862442987204166
plot_18642,4,0.7297064567047868,1,1.0397954176050892e-05,0.43192357133366666,0.0008727518988054985,0.018745369748402796,0.13700580804928864,0.14114855772044727,0.27029354329521316
plot_18643,4,0.28495953661181145,1,0.0,0.715040463388174,1.2240242907743538e-06,0.0,0.26906531146901624,0.014392769511684039,0.0015002316068350467
plot_18644,4,0.0664631088916843,1,1.6196079205601457e-05,0.9335368911083011,2.1552719727449435e-05,0.000832761301338883,0.00022910944268836792,0.06533163831094242,3.185103779626904e-05
plot_18645,4,0.8026012536049522,1,1.1035275276623726e-05,0.794028383391729,1.9294390885643005e-05,0.00849830783464693,4.39179414810549e-05,0.19739874639504784,3.1477093299518144e-07
plot_18646,4,0.15055770073055189,1,8.812316817779764e-06,0.8494422992694481,2.907773800250606e-05,0.0455343510673971,6.71888593327557e-05,0.10491827074900172,7.696168071806522e-109
plot_18647,4,0.019638049642924222,1,0.00014540249715533555,0.9803619503569474,0.001322470436902032,0.00048697283053836525,0.013016130894415357,0.0027569242801409894,0.0019101487039005951
plot_18648,4,0.026216764539428,1,3.688420438661109e-05,0.973783235460572,0.001090933515424948,0.0010639718452009675,0.0023914298565573234,0.02150564418514123,0.00012790093271691097
plot_18650,4,0.20945716628155317,4,0.06538588390730095,0.02526085181910178,0.08268416222739346,0.0005637090812581445,0.7905428337184468,0.0003339236398193414,0.03522863560667948
plot_18651,4,0.21613066082183202,4,0.0503223785847674,0.02773917917861552,0.1058637052567997,0.0009207771693228881,0.783869339178168,0.0006974497904315937,0.03058717084189498
plot_18652,4,0.3798654377714383,4,0.0048267883044648685,0.05418243305853783,0.19692785629093595,0.0005102363060822074,0.6201345622285618,8.776684572312764e-17,0.12341812381141737
plot_18653,4,0.4919043366586405,4,0.014779732145284157,0.034885667905265705,0.3337764009833052,0.004929652035824803,0.5080956633413596,3.982666586846035e-16,0.10353288358896025
plot_18654,4,0.21990055827048416,1,0.0017817848167551616,0.7800994417295155,0.054698163909142075,0.09452304532368201,0.04241930110642671,6.552230662745369e-22,0.026478263114478623
plot_18655,4,0.06953295661670117,1,0.0009803818171890504,0.9304670433832929,0.010664153649990906,0.05492123043986891,0.0011847035115832003,3.6073292121864937e-22,0.0017824871980749236
plot_18656,4,0.34616482790329933,1,0.005887425929862586,0.6538351720967007,0.19953627505397964,0.0013438446036212423,0.12484321748449942,2.1936620778265025e-21,0.014554064831336432
plot_18657,4,0.3874073105343516,0,0.6125926894656448,0.17199109784986327,0.0001985915469249403,0.001500749693785678,0.05088221801043871,0.16072870399820333,0.0021059494351391792
plot_18658,4,0.5153982279857767,6,0.004970256402261654,0.13530955166584357,0.2155831860753175,0.05345562887779185,0.10607960496456215,7.911851608446119e-25,0.4846017720142233
plot_18659,4,0.6939597223676346,1,0.000506020107444036,0.3487491216381349,0.3060402776323654,0.01331849188978305,0.0797053307053166,3.5827797322205855e-26,0.2516807580269561
plot_18660,4,0.5558809836504408,6,0.007665976511186721,0.2622124988020224,0.15038129493010693,0.02459816531074352,0.11102304809638122,2.945148209369796e-23,0.4441190163495591
plot_18661,4,0.5022361137118485,6,0.004621220464909525,0.17920504837091433,0.17256995624195468,0.028660920316666973,0.11717896831740304,3.37676162911437e-23,0.4977638862881515
plot_18675,4,0.49485249082431654,3,0.03860909655510831,0.031470568312710424,0.00697260745345973,0.5051475091756835,0.41163441487489083,0.00613016025981833,3.5643368328996356e-05
plot_18676,4,0.5298345950841244,3,0.0914932436198875,0.02628328360037529,0.0012371896728229342,0.47016540491587566,0.4058356502000407,0.004960652705485846,2.457528551209661e-05
plot_18682,4,0.07948293331862906,1,7.0350032341089275e-283,0.9205170666813709,0.0,0.009643379345646028,3.058253546617009e-05,0.00044840002812302854,0.06936057140939378
plot_18683,4,0.0893545172321275,1,3.4811071129880464e-283,0.9106454827678725,0.0,0.018936146102181466,2.8451499315202733e-05,0.000364722349424822,0.07002519728120601
plot_18684,4,0.10640049660736263,1,2.8415403811995596e-283,0.8935995033926243,0.0,0.04614527042559491,0.0007414691820409885,0.0035403601719384576,0.05597339682780142
plot_18685,4,0.02917072975183245,1,4.6452416430857775e-282,0.9708292702481676,0.0,0.005860692320135195,0.0022573572882729036,0.006705487784598022,0.014347192358826342
plot_18689,4,0.08092807981127846,1,1.7690563481734725e-06,0.9190719201887215,0.00588805015517919,0.01255077198222381,0.055232034646166404,1.9219879918730395e-27,0.007255453971360885
plot_18690,4,0.04090136735551976,1,6.492596379696119e-06,0.9590986326444801,0.002606617446708734,0.007430902560886407,0.025183792979491804,7.126422363983487e-28,0.005673561772053031
plot_18691,4,0.08958450067820403,1,1.3299883220955754e-05,0.9104154993217892,0.009725967453079295,0.045875890283130924,0.019897312295808052,1.7288635177053576e-24,0.014072030762971546
plot_18692,4,0.048581184393106984,1,0.0016347461038082088,0.951418815606893,0.028508971751890218,0.018320248255233998,0.00011647058010274037,1.826882036427298e-25,7.477020718117987e-07
plot_18693,4,0.06249469719062002,1,0.0006147199705641666,0.9375053028093712,0.013453907628794205,0.04825588573783803,0.00014631272751901907,1.5991968284209231e-24,2.387112591351493e-05
plot_18694,4,0.05210521137598051,1,0.0004453966444922963,0.9478947886240195,0.018765454384751835,0.02777296605036976,0.002981345971106311,1.1839951863148083e-22,0.0021400483252603567
plot_18695,4,0.0733109405373618,1,0.0006096103601766172,0.9266890594626382,0.029157177351859555,0.03358886462369533,0.00601581584353949,1.877863381632262e-22,0.003939472358090868
plot_18696,4,0.22134820712372824,1,0.0016961082625137705,0.7786517928762705,0.11772181328381374,0.06154339645377877,0.011677286874957756,6.246774953168827e-22,0.028709602248665624
plot_18697,4,0.6413692218162057,4,0.00039698788786194956,0.2415905629437497,0.33603395251367457,0.0,0.3586307781837943,2.4254024156137057e-15,0.06334771847091707
plot_18698,4,0.26054066139227755,1,0.010225262497816683,0.7394593386077141,0.021490053974273234,4.220137478304153e-05,0.032132784180643345,0.006248526747942247,0.19040183261682733
plot_18699,4,0.009963191431341323,1,0.00010738263421465598,0.9900368085686587,1.3047720842216455e-05,2.4406440254051107e-05,0.0008674765772781098,0.00880795110895241,0.00014292694979992847
plot_18700,4,0.00522655947952541,1,0.0003115515383759314,0.9947734405204185,1.8969929871341653e-05,9.952940921717564e-06,0.003007559046163375,0.00126197873388844,0.0006165472903606976
plot_18701,4,0.0059403609537515695,1,0.0002608094098302753,0.994059639046236,0.0,7.551681817791994e-06,0.0010335521826496967,0.004379544889339133,0.0002589027901272331
plot_18708,4,0.7807638958482864,1,0.008361652590752297,0.6644297483899406,0.025161636168518266,0.03458236366480062,0.2192361041517136,1.5150542945650514e-17,0.048228495034274725
plot_18709,4,0.1784572542708356,1,6.252390414185791e-06,0.8215427457291644,0.04258261368123853,0.003667359956554269,0.10329620814058862,1.1026705122240399e-27,0.028904820102040058
plot_18710,4,0.7633382251820373,4,0.27850330226677555,0.14586822210075973,0.02235746751628148,7.917615961487056e-05,0.3145678903716387,0.001962166766966912,0.23666177481796277
plot_18711,4,0.6268224096214586,4,0.22421219584226404,0.23098609244215484,0.016755287594621273,9.944753962414371e-05,0.3731775903785415,0.0020735872869121243,0.1526957989158821
plot_18712,4,0.27712381773250816,0,0.7228761822674918,0.037091039224890876,0.002024958627158888,0.006551205991675144,0.018675846469004716,0.1994577478368464,0.013323019582932149
plot_18713,4,0.07906414827140454,1,1.6037877783082466e-05,0.9209358517285955,0.0002877689782442736,0.005962187326417855,0.0003551480801380471,0.07243733779479196,5.668214029376262e-06
plot_18714,4,0.07705692278118148,1,0.00018226608205283205,0.9229430772188185,0.0008104147817422728,0.010477043935348974,0.000845704724335464,0.06473939692670613,2.096330995804788e-06
plot_18715,4,0.02127642867218393,1,1.6426866963659562e-05,0.9787235713278161,0.0005484529079195632,0.0005531590299340475,0.0019034941440379152,0.01809248822034059,0.00016240750298814673
plot_18716,4,0.014455748240639353,1,0.0002920523708248279,0.9855442517593607,8.162371828156778e-05,3.184580902839429e-05,0.010208297113812322,0.0015163476454291016,0.002325581583263162
plot_18726,4,0.7732975226697419,2,0.0047077287675113405,0.3564468814857388,0.3633945760868588,0.000846114723969543,0.22670247733025803,3.199146930149114e-17,0.04790222160566344
plot_18727,4,0.7593900262821827,1,2.984606067219798e-06,0.31684779141433767,0.24060997371781734,0.024295799678239978,0.20727023726776822,2.5475670974208147e-28,0.21097321331576963
plot_18728,4,0.3249234906910701,1,0.00012470526893226482,0.6750765093089295,0.09486931092005327,0.004784793503907179,0.13599188227822345,3.029417034434988e-29,0.08915279871995442
plot_18729,4,0.7129809973698406,1,2.051759883751639e-05,0.40948959316457256,0.1154122753180846,0.011805423927198102,0.28701900263015945,4.28129757137674e-29,0.17625318736114778
plot_18730,4,0.37001875929829675,1,1.3973282922153251e-05,0.6299812407017016,0.11738690453758277,0.005818065570066415,0.145574480084842,1.5544796315705996e-28,0.1012253358228852
plot_18732,4,0.28150137667517455,2,0.000779853383745741,5.091939985178671e-06,0.7184986233248254,1.3370949228664398e-05,0.0837148336418947,0.1969751337409881,1.3093019332133093e-05
plot_18739,4,0.5424329245018253,3,0.01744820398181337,0.25338933751502185,0.006159597590389947,0.45756707549817466,0.1382470213997794,0.0013071582904875755,0.1258816057243332
plot_18740,4,0.7938406429819777,4,0.2061593570119173,0.23299891843749085,0.0010941141072713294,0.07364710277764372,0.3032652469513775,0.18035860081111524,0.002476659903183916
plot_18741,4,0.7038595645446482,1,0.021347368121101072,0.46082007276444553,0.07721092203590764,0.29614043545535185,0.09438322877766508,0.04634577421292477,0.0037521986326040676
plot_18742,4,0.6912854635243821,1,0.0025082281657983277,0.5023128540068875,0.16742568682163195,0.3087145364756178,0.009685714241334527,0.001643269059215063,0.007709711229514802
plot_18743,4,0.3472089620516412,4,0.02907245436232861,0.1737591595648531,0.00031927786733847066,0.14395823172028055,0.6527910379483588,9.983853684051192e-05,1.556806346306547e-91
plot_18744,4,0.3640428889824241,4,0.023937109674046195,0.3374421966380577,3.369856684235086e-05,0.1666680490767222,0.4719056778453318,1.288880205484372e-05,3.793969448704766e-07
plot_18745,4,0.476031654243636,1,0.0005612689342471249,0.5239683457563565,0.28715459547701977,0.08482394858700217,0.09537237376385878,0.007283320858679638,0.0008361466228360581
plot_18746,4,0.620986425185819,1,0.08994035761514844,0.3790135748141809,0.0067629419286228945,0.12441445291398509,0.21695256573859723,0.18247918059034338,0.0004369263991219468
plot_18747,4,0.6974309710848009,4,0.10717075721072715,0.2659754192553488,0.008104989331372898,0.09501211173315605,0.3025690289151991,0.22091901226155855,0.00024868129263742585
plot_18748,4,0.2613227222531333,1,0.16821695229797978,0.73867727773049,0.008747871905812579,0.0,0.0052525833928429334,0.003625523435462808,0.07547979123741191
plot_18749,4,0.30585978510164075,0,0.6941402148983593,0.04608217595393042,0.15762169380390575,0.017334142082848978,0.08316947376152456,0.0014202752836668525,0.000232024215764281
plot_18750,4,0.1579411723945952,1,0.08993084153403356,0.8420588276053979,0.014501972882058662,2.4402965895229327e-06,0.03799770606439339,0.0006951201938229115,0.014813091423704246
plot_18751,4,0.17798054332288002,1,0.07739086513197377,0.8220194566771046,0.025907041416355164,1.1780761613982461e-06,0.06175240831193089,0.00033250722150403956,0.012596543164970147
plot_18752,4,0.07852654374954057,0,0.9214734562504594,0.006673804795098504,0.03207578206342232,0.0015209714317263496,0.014527344452601327,0.01858834726311437,0.005140293743577688
plot_18753,4,0.11316823170929098,0,0.8868317682907072,0.015127253849220403,0.06130840256591623,0.004434841674458593,0.025058131413786506,0.005315696436698438,0.0019239057692125063
plot_18754,4,0.1827590676348174,0,0.8172409323651826,0.02713814513315234,0.08571389949542925,0.008819286265831386,0.054241093364968414,0.004711697521319545,0.002134945854116435
plot_18755,4,0.6767555632816573,1,0.028796471357546188,0.5721007036924942,0.0011550742268738436,0.0,0.3232444367183428,0.012729666345629252,0.06197364765911377
plot_18756,4,0.35130798161232946,1,0.01730250040545874,0.6486920183876705,0.00033231036439679084,0.0,0.279967054100421,0.019234663181598152,0.03447145356045482
plot_18757,4,0.6490858357326383,1,0.03070516931592781,0.48988866810020165,0.004023969724773199,0.0,0.3509141642673617,0.023211476432416868,0.10125655215931892
plot_18758,4,0.2469388448478996,1,0.20366833393714048,0.7530611551378031,8.253919946494806e-07,0.0,0.0323849752859991,0.01002791894236337,0.0008567913046994548
plot_18762,4,0.10506814666325717,1,1.4411686771521492e-281,0.8949318533367429,0.0,0.016911626185525754,0.00010029055205944093,3.4561403154574655e-05,0.08802166852251742
plot_18763,4,0.1342220184934711,1,3.3871094898031803e-281,0.865777981506529,0.0,0.039484142064185754,1.4151859173276788e-05,0.00010725880378304625,0.0946164657663291
plot_18764,4,0.12150144632172066,1,3.6372571305443093e-281,0.8784985536782784,0.0,0.04223103324661299,4.025819727598465e-05,0.00015559095821207814,0.07907456391962069
plot_18765,4,0.11665634489895942,1,9.831584813833176e-281,0.8833436551010332,0.0,0.11400537710326183,0.0005043816327147106,6.916176223389686e-05,0.002077424400756265
plot_18766,4,0.8024410553636044,1,0.00016070814867645238,0.7315785379491867,0.02318020089086753,0.1975589446363956,0.03378123270970131,5.630054117395628e-23,0.013740375665172506
plot_18767,4,0.4290460396722437,6,0.026110639240689102,0.07813159517373353,0.2655350635235702,0.0031334399196639,0.05613530181458701,9.626504242016833e-21,0.5709539603277564
plot_18768,4,0.4295209931179722,6,0.12134692033074213,0.0633035153579811,0.17820087349261313,0.006768515025348804,0.05990116891128705,7.505882525358842e-17,0.5704790068820278
plot_18777,4,0.7651026430353666,1,3.2709311878539986e-06,0.6920494860848467,1.2782317224171482e-05,0.07301948609017304,0.2348973569646335,1.5785078464674708e-05,1.8325334700154909e-06
plot_18782,4,0.5722448456036885,1,0.2693048143755308,0.42775515439543227,0.0006447729937159582,0.0037827404907158336,0.2646598770153254,0.0323209389141508,0.0015317018151292025
plot_18795,4,0.6972016883601396,0,0.3261792898094774,0.05090435485243157,0.3027983116392665,0.00023960820634079914,0.2772656693846104,1.2436603971585718e-15,0.04261276610787211
plot_18799,4,0.5824756118755451,2,0.10413056213931919,0.22754406414260878,0.417524388124455,0.07886078094163501,0.1714876069804185,1.4110897872218854e-05,0.000438486773691429
plot_18800,4,0.6724435040626502,2,0.19905346254517636,0.2282413552650804,0.32755649593735,0.06894174755203569,0.17604593730434578,0.00010863045095612445,5.2370945055849585e-05
plot_18801,4,0.7508768031599989,2,0.1410672800377045,0.22889289757957773,0.30298141012495,0.07784389187597852,0.24912319684000112,4.855890596580312e-05,4.2764635822444925e-05
plot_18803,4,0.07515137150619534,1,0.0489112793224214,0.9248486284938048,0.009766495922490733,0.0004269775547416865,0.01212420928646843,0.0036716332578184204,0.0002507761622547999
plot_18804,4,0.06766237100698615,1,0.04742259104991765,0.9323376289929269,0.005341187015829175,0.00037020613123241105,0.006765667430213644,0.007459117347558377,0.00030360203232172097
plot_18805,4,0.0428532168514424,1,0.015412824353134052,0.9571467831485576,0.011802974741914359,0.0008739821281397513,0.011318540714652013,0.0032897723839545503,0.00015512252964767695
plot_18806,4,0.2687535724123604,1,0.18541243683384762,0.731246427587627,1.4802473959523018e-05,0.0,0.0739860604944855,0.005342161562800598,0.003998111047279608
plot_18807,4,0.2601711903423191,1,0.13158509640106905,0.739828809657666,1.0135401188437106e-06,0.0,0.013977618175863987,0.1138025333692964,0.0008049288559857876
plot_18808,4,0.7147138353900219,1,0.2852861646099162,0.6753896512093371,8.13791543305575e-07,0.0,0.02765088584763422,0.010948179761861652,0.0007243047797075423
plot_18816,4,0.4871280786710461,1,0.0,0.5128719213282871,0.0732230509306207,0.0,0.130937832076987,0.2726681340976753,0.01029906156643004
plot_18827,4,0.35517620499388813,6,0.09921822386427669,0.05192300645139039,0.17845421017425311,0.0017371587883105257,0.023843605715657405,3.5448622197341665e-17,0.6448237950061119
plot_18839,4,0.08650961911030644,1,6.175870123515266e-283,0.9134903808896793,0.0,0.0007503415358411347,0.059919651274201007,0.02180533379567404,0.004034292504604621
plot_18840,4,0.011416698610035797,1,0.002213568203705847,0.9885833013899642,4.2487624011470485e-06,0.0,7.401718805182619e-05,0.009117027756793744,7.83669908323044e-06
plot_18841,4,0.01265236946723329,1,0.00021926038526626378,0.9873476305327666,4.393428107827031e-05,2.2463646222548063e-05,0.007095234295258292,0.003628817480708069,0.0016426593786997784
plot_18842,4,0.562605221594042,2,0.02002254044114879,0.24296321929108905,0.4373947784059579,0.004935059705661867,0.043085294836405615,7.396912804579007e-21,0.2515991073197366
plot_18843,4,0.710351133514086,1,0.2896488664858954,0.28971654831475235,0.1203461382520123,0.0,0.2300464432120788,1.8445430607489425e-14,0.07024200373524274
plot_18848,4,0.005031456832902272,0,0.9949685431670977,0.00019309595063188463,0.0021380684560757873,0.0,0.0026102139671099075,3.169415330775873e-17,9.007845908473099e-05
plot_18849,4,0.5657796650498593,0,0.5651125401960259,0.0,0.00024449111221494464,0.0,0.00029944487998871054,0.4342203349501407,0.00012318886162987738
plot_18857,4,0.19214071900086074,1,3.977386022505558e-19,0.8078592809990757,0.02233470967888827,0.09515399020082475,0.06545716953543157,0.0003811463459498988,0.008813703239829895
plot_18866,4,0.18487680291013386,1,0.010956955592938295,0.8151231970897681,0.12254787813819022,0.009582427940531225,0.004990348718199809,4.047799791640594e-21,0.03679919252037237
plot_18867,4,0.0748133715361238,1,0.006719790545632352,0.9251866284638699,0.04295004171947696,0.022293459752258944,0.002847936530589079,9.023437267385196e-26,2.142988172817207e-06
plot_18868,4,0.07684378088690834,1,0.004692990996610749,0.9231562191130851,0.012732584785217452,0.04679293815538595,0.012623335729253633,7.281507784515434e-26,1.9312204469472684e-06
plot_18869,4,0.05368128820907584,1,0.0013414619389094935,0.9463187117909242,0.004618051425683652,0.030916870467474097,0.016787674790896486,3.1586985755623996e-24,1.7229586112140007e-05
plot_18870,4,0.20775245678156365,1,0.0169599872437748,0.7922475432184364,0.019126821813856505,0.07194781700582278,0.09961245560140097,1.230695584743025e-24,0.0001053751167086511
plot_18871,4,0.47190070875574947,1,0.00717832918721817,0.5280992912441954,0.2524721782654414,0.02075551651690984,0.18985705994630594,4.089768850792092e-23,0.0016376248399293883
plot_18872,4,0.3759739709812625,2,0.005318524324947182,0.0963844757580933,0.6240260290187375,0.00039013223975163533,0.1915214080879745,5.3381573498067524e-17,0.08235943057049594
plot_18873,4,0.7298806283380805,6,0.0750411851741021,0.037449289224628646,0.2701193716619195,0.005032411976153968,0.09218137990460745,1.6572405886630592e-14,0.5201763620585718
plot_18874,4,0.6771031086663531,1,0.09595728339435017,0.39979333111727966,0.07970938398975327,0.10088761991738614,0.32289689133364696,1.4729283963130828e-23,0.000755490247583822
plot_18875,4,0.7825441500316305,1,0.007239932296523614,0.4813145728505971,0.16314622864958497,0.05166752616952197,0.07904655974854358,0.21745584996836953,0.0001293303168591418
plot_18876,4,0.6793151922789328,1,0.0352151771441198,0.546486340237989,0.019674359194752456,0.0027466064685508955,0.32068480772106733,0.07200802380002319,0.0031846854334975027
plot_18877,4,0.2539627075464695,1,0.002411381740041863,0.7460372924535175,0.11813028349953802,0.006802255132788508,0.0420862708206082,0.08451745736152408,1.5058991981812608e-05
plot_18878,4,0.24781981732321243,1,0.0052507805963946975,0.7521801826767877,0.15688767053192948,0.010774651075582545,0.03922094922157274,0.03565270652290103,3.3059374831981605e-05
plot_18879,4,0.19764098494157534,1,0.00288225171821356,0.8023590150584246,0.05073271660305183,0.0060126692924146255,0.07021532146085745,0.06772125628840531,7.676957863245462e-05
plot_18880,4,0.6399302883175497,1,0.22025398101660026,0.4061790489472303,0.0014639133732191915,0.0043484258569161825,0.3600697116824502,0.0025626224369838663,0.005122296686599837
plot_18881,4,0.28335028322112377,1,0.003202437229998444,0.716649716774009,0.04428024428552121,0.06807041034568795,0.09811274115155189,2.9127646803283168e-05,0.06965532256642816
plot_18882,4,0.23530474285373573,1,0.01887512028443547,0.7646952571462567,0.01275675663396518,0.024050344008910523,0.12740217464830164,7.209492057962699e-05,0.05214825235755099
plot_18883,4,0.22264059428586386,1,0.027790573107843077,0.7773594057141362,0.009033782256719159,0.01565317194796288,0.15004799985635137,0.0001026132283364039,0.020012453888651072
plot_18884,4,0.2991503295566765,1,0.0031294236454311682,0.7008496704433161,0.057290990808467064,0.06963537813690958,0.1023285653237242,3.1045541442996326e-05,0.06673492610070898
plot_18885,4,0.6957360241118256,4,8.047810561624273e-05,0.22675017087838512,0.12296981537955672,0.1281888495912981,0.3042639758881744,4.290748482009359e-20,0.21774671015696942
plot_18886,4,0.48959041282610904,1,0.2618167590424705,0.5104095871737196,0.0010702886839968314,0.010881548781076389,0.09676525462760671,0.0970643843646545,0.0219921773264755
plot_18887,4,0.3630569354766508,6,0.06110882788429319,0.05013295975765488,0.22465614278715423,0.0014949194624528752,0.02566408558509565,2.2558017639205246e-20,0.6369430645233493
plot_18888,4,0.7300718123681461,6,0.14355364441504012,0.1616490669999397,0.2699281876318539,0.0005598317244047223,0.017559070693626888,6.126715842981642e-17,0.40675019853513467
plot_18889,4,0.7892377234378152,6,0.2107622765621848,0.1614857509453812,0.20693922094171893,0.0005333513150587572,0.015517454331348187,4.0400004171334585e-17,0.4047619459043082
plot_18890,4,0.37134717520308813,6,0.04420279996984258,0.028080086113728156,0.22558910365184012,0.008673477705932638,0.06480170776167615,6.841761695928854e-14,0.6286528247969119
plot_18891,4,0.09877203843732352,1,0.00013952742813295188,0.9012279615626628,0.0005182254751021443,0.038618461895353666,0.000667361201053148,0.0588278730841721,5.893535229910815e-07
plot_18892,4,0.04961068041750497,1,9.051832584823976e-05,0.950389319582495,0.0,0.0008907007478584326,0.0003038790596001434,0.04832558228419808,0.0
plot_18893,4,0.6738618984768437,1,0.06530146227224191,0.3833321919828364,0.10853619377300214,0.0,0.3261381015231562,7.251347731264563e-16,0.11669205044876252
plot_18894,4,0.20499046039718805,2,0.001584386504504983,0.02269760302507849,0.795009539602812,0.0018900893901877274,0.09211876169369931,8.260809725226248e-16,0.08669961978371674
plot_18895,4,0.5675203730004741,2,0.0988397663026815,0.020585070369563044,0.432479626999526,0.0,0.07744352259233188,7.34179034249784e-24,0.3706520137358976
plot_18908,4,0.6269460792085599,2,0.06906191901450363,0.351667895980872,0.37305392079144006,0.03498962991463547,0.171028595082577,0.00019803921597182582,5.700592454028452e-103
plot_18909,4,0.5743416536628387,1,0.0006331423032985827,0.4256583463369565,0.12253290040332757,0.09772739434396832,0.32201621416433607,4.071566557298284e-15,0.03143200244810874
plot_18917,4,0.33099285271006934,4,0.13256344252569868,3.258900364523904e-05,0.12631574028929612,0.04808492837863132,0.6690071472899307,0.0010127990620551574,0.022983353450742733
plot_18919,4,0.28776398694059424,1,0.0012676093128786336,0.7122360130584875,0.001665122116939829,1.3682059221546743e-05,0.2746269768661451,0.010159539880140029,3.1056706187315136e-05
plot_18940,4,0.7905125186021181,1,7.658672606477768e-282,0.7786480882993245,0.0,0.011719403082119178,1.0091995825041492e-05,0.00013493522484941828,0.20948748139788184
plot_18941,4,0.03051998633891721,1,3.6559466262839546e-06,0.9694800136610755,0.0,0.020030109635747542,0.006272369505470386,1.6623349164410574e-06,0.004212188916163839
plot_18942,4,0.025253498426480624,1,0.0001795339245358697,0.9747465015735194,7.9002953512837e-07,0.02203301773757623,0.002596367061023868,3.237887629305653e-06,0.00044055178618022733
plot_18943,4,0.02813175966398,1,0.00022513825801302585,0.97186824033602,1.0026551615830234e-06,0.024882464984598392,0.002717688644022115,4.103747444214826e-06,0.00030136137474070444
plot_18944,4,0.010217745904174144,1,1.2647955451770047e-05,0.9897822540958133,0.0,0.005855422070478227,0.0004909522744166176,2.729518151736412e-05,0.0038314284223227584
plot_18945,4,0.030685914362988356,1,1.0466297831028191e-281,0.969314085637005,0.0,0.012358581929338365,0.00020098256642949282,2.2339821779699435e-05,0.01810401004544733
plot_18946,4,0.007389257064864159,1,1.788442880355526e-05,0.99261074293513,0.0,0.0029271823514097984,0.00016668840492312955,5.764130199126507e-05,0.00421986057774234
plot_18948,4,0.8012303444586212,1,9.951329796508976e-05,0.7986539301436246,0.0015954186713525783,0.1987696555413787,0.0007967628983404598,2.7140683264932244e-23,8.47194473383765e-05
plot_18949,4,0.02390082270817658,1,0.00024861987027017884,0.9760991772918169,0.0050563491800377485,0.010388646664503893,0.0068548532019366455,1.9465550465004433e-25,0.0013523537914346274
plot_18953,4,0.22005145543943444,1,0.006423966298430469,0.7799485445605574,0.021729697102275205,0.003551807724391255,0.1597121744136438,0.02800226034939223,0.0006315495513097419
plot_18954,4,0.28521749921533485,1,0.007658449064229523,0.7147825007846652,0.030124273425959493,0.003085949505630598,0.16417779227345677,0.07984267691456616,0.00032835803149237485
plot_18964,4,0.008686536895096129,1,0.0012679450220741098,0.9913134631049039,0.0,8.479218604259104e-06,0.00041246459041645073,0.006958009951786931,3.963811221437766e-05
plot_18965,4,0.045905085419212587,1,0.00035188535801988145,0.9540949145807874,1.638064485940339e-06,0.0021782298113115863,0.0005880687409690843,0.04278526344442612,9.71883178306964e-263
plot_18966,4,0.05655684256414662,1,0.011406664708367367,0.9434431574358328,1.7588458127370507e-05,0.0007793947927747036,0.01344913011611312,0.030904064488784466,4.4269860943774376e-110
plot_18967,4,0.05717712137714538,1,0.004763903961511622,0.9428228786228325,0.006068961329209743,0.010107496973556463,0.02797419517003455,0.007724977929261799,0.0005375860135931574
plot_18968,4,0.00816655984617175,1,0.0014955501483023713,0.9918334401538282,8.743221994789735e-05,0.0003805843547120775,0.0013213728506441841,0.00487497520294108,6.645069624124341e-06
plot_18969,4,0.6584058497864997,4,0.011313709931063494,0.05997230908043788,0.3415941502135001,0.003062127094070816,0.48675748570339544,3.0406157179869345e-16,0.09730021797753186
plot_18971,4,0.4684994620069678,6,0.06846104824191647,0.0410834957440335,0.2954727254125661,0.0012759679339553723,0.06220622467449136,4.934671383708187e-15,0.5315005379930322
plot_18972,4,0.05446955039006344,1,7.5946427179251895e-06,0.9455304496099307,0.002270703175913045,0.039079020103353394,0.010711446592944955,6.166945250158969e-25,0.00240078587513982
plot_18973,4,0.13347792046535373,1,2.164467677719199e-05,0.8665220795346409,0.018022003828729264,0.05675096714279711,0.032755818076669184,3.396882787353616e-24,0.025927486740386287
plot_18974,4,0.10236295610688591,1,0.0002787922987680891,0.8976370438931142,0.015148143424928973,0.07800571611422483,0.00663455739037979,3.6886765268597965e-23,0.0022957468785842925
plot_18977,4,0.04973715528530063,5,0.002549270320418199,0.0,0.00024670008680292865,0.00016202870627390892,0.002966807436497093,0.9502628447146994,0.04381234873530848
plot_18979,4,0.6632366278504827,1,0.06444685019044333,0.49951188861917056,0.3367633721495173,2.2789445533572283e-05,0.09924856289615025,5.426838189089705e-06,1.1098609959028541e-06
plot_18990,4,0.6229351047579728,0,0.3770648952420273,0.20187003204331663,0.08788286391032551,0.0016125312892339098,0.02192335332909789,0.01497720956595534,0.2946691146200433
plot_18991,4,0.058525981249852393,1,0.002152593040133735,0.9414740187501476,0.0302085592558596,0.0005672421542108458,0.021964608421612058,0.0036329783780361126,2.5278425485656826e-101
plot_18993,4,0.3343688593004323,2,0.026405986652034218,0.09267455539432773,0.6656311406995677,0.0355867027717089,0.1784916894757961,0.0004190842776088551,0.0007908407289565127
plot_18995,4,0.26182675905754504,1,0.07601833745398512,0.7381732409423396,0.010140836978830841,0.06500744757411568,0.02442457387327611,7.0762252257026355e-06,0.08622848695222693
plot_18999,4,0.773986151502926,1,0.173299848362522,0.3306219785757776,0.226013848497074,0.022427634644029942,0.0793001526867021,6.6864806305380655e-06,0.1683298507532639
plot_19,4,0.49853013114625666,6,0.21128641711897977,0.00803413387206918,0.15897307285411869,0.02337924901652049,0.08526189934265617,0.011595358941912399,0.5014698688537433
plot_190,4,0.6743357752199332,6,0.055465291380756884,0.05561189529408949,0.21564556893375433,0.0,0.32566422478006685,5.718643467766592e-24,0.34761301961133256
plot_19008,4,0.11787302689330309,0,0.882126973106697,0.037588787960362934,0.012037839637876588,0.0005310108593697269,0.006192979603423286,0.036371574071713826,0.02515083476055678
plot_19009,4,0.09198427959473955,1,0.0001995408715367972,0.9080157204052548,0.021315524418693554,0.003390371153922391,0.06626027425056723,1.106783526341628e-06,0.0008174621164989096
plot_19013,4,0.15220357402208176,1,0.0016016659614800429,0.8477964259777777,0.00017212435504179288,0.07051285127762619,0.07987705000769826,1.0167494761844422e-19,3.988242037602636e-05
plot_19014,4,0.28330136190138916,1,0.008248424143699222,0.7166986380985976,0.0013873123362241504,0.055755449064953354,0.21729066868221272,3.655860939760298e-18,0.000619507674313111
plot_19015,4,0.3098065528379245,1,0.010107089086741157,0.6901934471620754,0.0016963338661857062,0.036622302254168036,0.26060180622593615,4.5692335216729235e-18,0.000779021404893424
plot_19016,4,0.7766550171989965,1,0.0006337782719905318,0.7331610426735049,5.330353309596273e-05,0.2233449828010034,0.04280083254965696,3.8006562675181687e-20,6.060170748318226e-06
plot_19017,4,0.09555433793485224,1,0.002013989421498605,0.9044456620651478,0.031122283955744824,0.00781453964005504,0.04642523067367606,0.00806898683836504,0.00010930740551269379
plot_19018,4,0.6080396012097604,4,0.0,0.15272178100034828,0.1943741299236193,7.458854506076251e-06,0.39196039879023953,0.26093623143128686,1.0863522361090557e-49
plot_19019,4,0.5111709965333915,4,0.0,0.15447301612575876,0.09127243961910898,5.181080809066356e-06,0.48882900346660857,0.26542035970771466,1.174753435982083e-49
plot_19036,4,0.6796985257423866,4,1.9484245543115532e-05,0.1602026368282119,0.3203014742576133,0.006152570642211641,0.3672019995965396,6.8538477351735574e-06,0.14611498058214537
plot_19039,4,0.3025766050125618,1,1.0044841581165114e-05,0.6974233949874382,0.018599336449449312,0.039275163937117795,0.23042046827831925,3.11937288500285e-05,0.014240397777244153
plot_19046,4,0.3351953733920731,1,0.02692339892013245,0.6648046266079258,0.00013805146019677333,0.0,0.13125806841189905,0.1502689302140797,0.02660692438576613
plot_19047,4,0.409044561268706,1,0.04428042456006275,0.5909554387312882,0.0011126111638619252,0.0,0.17011480716775657,0.1126096248771738,0.08092709349985663
plot_19048,4,0.20609316320840465,1,0.0333422545050118,0.7939068367915871,0.00011531024595823249,0.0,0.12021463237110834,0.03591410905716826,0.016506857029166294
plot_19049,4,0.4617725531844015,2,0.02132302146566989,0.013944092860351968,0.5382274468155985,0.025486659817223707,0.3121160078152746,5.656505530678989e-16,0.08890277122588083
plot_19050,4,0.7421996099168069,4,0.004247129096438984,0.06193007953098836,0.1913233536761319,0.25780039008319316,0.4575510311014691,2.939065778293802e-15,0.027148016511775674
plot_19054,4,0.7405376548163458,2,0.04375112661167166,0.08791615789734979,0.32290242470561886,0.1230739969887045,0.004973479436740773,0.15792046917626018,0.25946234518365424
plot_19055,4,0.13237899802372766,1,2.234579394165116e-19,0.8676210019762723,0.020261059696223015,0.016148648988786776,0.000188473437979906,0.08276231088403771,0.013018505016700238
plot_19068,4,0.2471923997344286,1,0.0042157274475200296,0.7528076002655513,0.0003115751009742606,0.13083760103848543,0.11179705025709821,1.8328943758777317e-18,3.0445890370786398e-05
plot_19069,4,0.18193430189145735,1,0.0009234353553118045,0.818065698108506,7.619321294285014e-05,0.13416276248468875,0.04675665822340611,5.816688986334661e-20,1.5252615144280078e-05
plot_19070,4,0.23804225853112154,4,0.030238977962205885,0.14522780122863138,0.008324812307594057,0.0541963534169917,0.7619577414688785,3.43641644660913e-05,1.9949451232507917e-05
plot_19071,4,0.3799485669396094,4,0.0872638271343665,0.08417596657519691,0.00018743844228210968,0.20800130411720658,0.6200514330603906,0.00032003067055723854,7.7405243491129e-92
plot_19072,4,0.35126063254246315,4,0.08155320750869813,0.049554205165355567,0.0010312550661141157,0.2186463498141164,0.6487393674575369,0.0004756149881789337,6.894232010665674e-92
plot_19073,4,0.07753416732250677,1,0.007041615913847614,0.9224658326774802,0.0006169987816390336,0.061399410395206966,0.008461390562597744,1.4190732493144234e-12,1.4751667809178651e-05
plot_19074,4,0.05636122820912195,1,0.00020762829194497865,0.9436387717908502,0.004031284051654283,0.01693750014151841,0.0351590585380849,3.9631703752562617e-13,2.575718555097029e-05
plot_19075,4,0.1361664300481249,1,4.283759150833968e-05,0.8638335699518751,0.02857334953944905,0.003547968779273523,0.10368613294770498,1.1981873984632094e-12,0.00031614118899083636
plot_19076,4,0.12472328380006538,1,0.00021774712883267382,0.8752767161999346,0.025345869625106814,0.006911204393657342,0.09197337040340595,7.594310847600629e-13,0.0002750922483032057
plot_19077,4,0.06205750421366737,1,0.00012260566243389127,0.9379424957863183,0.002528387021177465,0.039717063323460325,0.019671783264696062,4.4513125762888985e-13,1.7664941468828602e-05
plot_19078,4,0.10858890496750423,1,0.0061594335896774915,0.8914110950324958,0.019771599006979577,0.0020512045081436813,0.06351862860449112,0.016877926016005976,0.00021011324220642416
plot_19079,4,0.1282763849912097,1,0.000769056431721845,0.8717236150087904,0.0829033747956023,0.018816542818066766,0.022864485347891914,0.002828747048351072,9.417854957580662e-05
plot_19080,4,0.21432343248244476,1,0.00035693085301257777,0.785676567516867,0.13784252975386452,0.0569048100639866,0.018225054727836767,0.0009035793585323501,9.05277259000266e-05
plot_19081,4,0.7249466249904071,0,0.4087598655076381,0.06936083599582943,0.00019047355440308594,0.0,6.590372857746826e-05,0.2750533750095929,0.24656954620395902
plot_19082,4,0.11465354793516624,1,8.008101817708742e-281,0.8853464520648262,0.0,0.09281577314588602,0.0002923636253487235,6.307553576213353e-05,0.021482335628176953
plot_19083,4,0.433101008684207,1,0.001392221479364286,0.5668989913116285,0.2992815400177717,0.02036267338954071,0.10793287415058474,7.735468434546134e-05,0.004054344966764811
plot_19084,4,0.11950364987853711,1,0.016149617072694314,0.8804963501109877,0.011472157156821344,0.001063245802939779,0.034394389217923864,0.05459817204262484,0.0018260685960079556
plot_19085,4,0.040839995033015795,1,0.015050685598366231,0.9591600049669843,0.005584119440538546,0.0006590832523269164,0.009770888827099438,0.009703280532788695,7.193738189603292e-05
plot_19086,4,0.09376743284163495,1,0.005528174563802293,0.9062325671581599,0.057277146933449374,0.010675596867357334,0.016630213196283453,0.0035032463711662503,0.00015305490978134825
plot_19087,4,0.12222385017566584,1,0.009616206422025913,0.8777761498243277,0.06533176799264041,0.004834337514402078,0.04016612010912727,0.0007837089370800591,0.0014917092003966265
plot_19088,4,0.08126343637318734,1,0.06088727363736342,0.9187365636267986,0.0014672014925731273,3.945862873200083e-05,0.005243206256486202,0.013160141699712212,0.0004661546583343203
plot_19089,4,0.5337354157111275,1,0.0,0.4662645842888725,0.2651885673667332,0.0002460131317492854,0.08491052745423991,0.18339030775840504,3.142832821913003e-50
plot_19090,4,0.6034386730374262,2,0.0,0.272839819005401,0.3965613269625739,1.7400170069848276e-05,0.12047005584401493,0.21011139801794027,5.716797557220991e-50
plot_19091,4,0.6045943483623921,2,0.0,0.22873628274654775,0.3954056516376078,1.4705001484783553e-05,0.13009551185149204,0.24574784876286754,6.417985291141398e-50
plot_19092,4,0.5149191751643111,1,0.0,0.48508082483568893,0.015328431423723808,1.9880538347331563e-06,0.34060953134365746,0.158979224343095,3.3965501625969155e-50
plot_19093,4,0.6117390720525157,5,0.0,0.16574346611755172,0.23740833455913873,5.1939616858235e-06,0.2085820774141394,0.38826092794748435,1.0587768772404548e-49
plot_19094,4,0.6407959611505909,5,0.0,0.27027712006359234,0.24821651429964758,1.1441707551901508e-05,0.1222908850797992,0.35920403884940905,8.684134480706041e-50
plot_19095,4,0.5626299009498389,4,0.0,0.36845334746922404,0.011563337761855103,0.0,0.4373700990501611,0.18261321571875977,6.366552476192393e-50
plot_19096,4,0.5807113121999486,4,8.199573829102759e-285,0.4099673241784414,0.009636394389482883,9.894499200970341e-06,0.41928868780005135,0.16109769913282349,5.335901189712653e-50
plot_191,4,0.7812862460985246,1,0.00024498601957392586,0.7027843569088831,1.165662325885895e-06,0.2187137539014754,0.07824838667371921,3.635679718932832e-07,6.987266050749259e-06
plot_19107,4,0.10439211746507683,1,0.007836298215269821,0.8956078825349216,0.006732248809707087,0.05161503884976307,0.038201542192708556,7.741674261418339e-26,6.989397629843709e-06
plot_19108,4,0.1578201957804428,1,0.0033809471979788855,0.8421798042195495,0.03719758752741269,0.032394969459444214,0.08473594878583365,4.298521670370526e-24,0.00011074280978112569
plot_19116,4,0.6588922400152909,1,0.003473677040955136,0.41443976127705945,0.3411077599847091,0.0009372528598873373,0.21525231164285963,0.00041364842332344273,0.02437558877120587
plot_19126,4,0.07597541798057986,1,0.0026433691915456296,0.9240245820194202,0.009011205899821972,0.05578389124720834,0.005093188783409649,9.754814430556563e-22,0.003443762858594304
plot_19127,4,0.0933814268298964,1,5.20246783824587e-284,0.9066185731700885,0.009951285562083755,0.009350100395651813,0.06220221141960003,0.011877829452575882,3.587437596415132e-51
plot_19128,4,0.11851255538249786,1,1.5152451770630142e-06,0.8814874446174816,8.709026781520848e-06,0.04416645699718383,0.07416866481523857,5.897407030941697e-05,0.00010823522782800266
plot_19129,4,0.0736261214405905,1,1.6233936237150744e-06,0.9263738785594013,0.0,0.07278630326069636,0.00023726450002501076,5.8360012858053716e-05,0.00054257027339534
plot_19130,4,0.008193744810608656,1,0.0,0.9918062551893914,3.62641076373721e-05,0.00047989352373524886,0.0010348646051601168,0.006584896095555885,5.782647852005042e-05
plot_19131,4,0.016605712975433423,1,7.118396857376987e-06,0.983394287024552,0.0011983671632738988,0.0003029057477713759,0.009084330606122973,0.005098174241457274,0.0009148168199649282
plot_19140,4,0.29875296059784706,1,0.0003703193188939353,0.7012470394021528,0.10445972938281764,0.06706930982340757,0.11885331530746752,5.830931377622966e-13,0.008000286764677284
plot_19141,4,0.10557147976274953,1,2.0286952684644896e-05,0.8944285202372504,0.00032959780997184995,0.010992637991849566,0.00036754462182025954,0.093859044938058,2.3674483651202346e-06
plot_19142,4,0.5933384958407176,4,0.0015767682605831172,0.15916915515593588,0.4066615041592824,0.0006554197628195584,0.4129885959397799,2.0086413871290016e-05,0.018928470307727853
plot_19143,4,0.47670281238372686,4,0.0013168707782594334,0.14184503969711237,0.3131027387953224,0.005584621403339969,0.5232971876162732,3.438679839389822e-17,0.014853541709692749
plot_19144,4,0.45312109871089223,4,0.00018958075544410168,0.1804580968956812,0.2640280473809905,0.005685884691624614,0.5468789012891078,2.4369792636540374e-18,0.002759488987151861
plot_19145,4,0.7282915975480563,4,0.0007692960797643593,0.27170840245131744,0.31348537838865936,0.0006960412788413978,0.4031398380093496,1.8468956396072747e-05,0.010182574835671834
plot_19149,4,0.5409147869527281,1,0.1422906794283403,0.4590852130461413,0.00032828269283890864,0.07918673293900665,0.3043899859587664,2.6881939943323066e-15,0.014719105934903897
plot_19153,4,0.7800204683072267,1,0.048219930199396285,0.31826416044002953,0.006289189970672976,0.21997953169277323,0.297502811745627,5.755425298725439e-15,0.10974437595149526
plot_19154,4,0.13031534929523195,1,4.203160663866646e-05,0.8696846507047681,6.7158823930089425e-06,6.645945076621477e-06,0.0002054313065892462,0.12691386316242048,0.003140661392113942
plot_19161,4,0.5179034613709199,2,0.00044176987568539334,0.3855043469940983,0.48209653862908003,0.08018667171630106,0.050851288440785083,0.00012168089387761808,0.0007977034501725037
plot_19162,4,0.1251209072438428,1,0.012647221971749657,0.8748790927561421,0.042808391281074755,0.0013279294950895807,0.06539151587768216,0.000550287338833112,0.002395561279428848
plot_19184,4,0.001648766796789697,5,0.0016035023919513886,0.0,0.0,4.5264404838292066e-05,9.32276784285852e-121,0.9983512332032103,1.1098774100225133e-257
plot_19199,4,3.943247790142071e-250,5,0.0,0.0,7.886495580284142e-250,0.0,0.0,1.0,0.0
plot_192,4,0.19819518213653062,1,2.7431369811242063e-05,0.8018048178634694,0.0,0.1529970623906162,0.04516095473936495,3.8464987018749683e-07,9.348986868067626e-06
plot_19259,4,0.3518050824720129,4,0.03339464547192408,0.0,0.30107050364619503,0.0,0.6481949175279871,0.0014852161288408238,0.01585471722505306
plot_19279,4,0.0915118349192719,1,0.017403790623271534,0.9084881650803736,0.0010461505172094173,0.04699336052510399,0.013682309870174065,0.011132291427603474,0.0012539319562638158
plot_19280,4,0.598032528610541,4,0.025457746687060336,0.21794643168744565,0.0017181472804126694,0.028789872342059333,0.401967471389459,0.006218580124892952,0.31790175048867014
plot_19322,4,0.7927581911300616,1,1.7901159444293659e-280,0.7832370549783987,0.0,0.20724180886993837,0.0002185648516653,7.602228987963993e-05,0.00922654901011797
plot_19333,4,0.29834200173049796,1,0.05289693760060885,0.7016579982694949,0.11231463338862217,0.0013229043144826734,0.03850246987234092,1.9544671779700226e-20,0.09330505655445051
plot_19335,4,5.3376359035148426e-06,5,2.796900906918017e-06,3.4644077178887634e-287,0.0,0.0,2.540734996620989e-06,0.9999946623640965,5.154217551282443e-110
plot_19341,4,0.22839132800747852,1,0.0056623400356301395,0.7716086719920175,0.014152012767215765,0.0,0.2084790773059368,9.789789919965956e-05,1.0423933866695267e-105
plot_19343,4,0.7979822008814934,6,0.2020177991185066,0.056573572032907624,0.14438326768155266,0.013953902743302823,0.16973935473201845,3.6237402403539625e-14,0.4133321036916757
plot_19344,4,0.39041164595278544,6,0.08740685185823936,0.02200623494317146,0.23494728610576399,0.0030975562210057784,0.04295371682459961,5.29126810365877e-15,0.6095883540472146
plot_19348,4,0.579201355021593,6,0.1609611139624774,0.14914288415984156,0.013082616030154315,0.01329933320491693,0.24234569648700946,0.00036971117719334517,0.420798644978407
plot_19349,4,0.5272931827610945,2,0.0007930998874976117,0.08479740357414613,0.4727068172389056,8.67291890437222e-05,0.2987615523065029,0.000886158310982112,0.14196823949292192
plot_19350,4,0.23471695768697273,1,0.06969657155359422,0.7652830423126592,1.7988245074097404e-05,0.0001289756723281946,0.14226925101327084,0.022604171203073304,8.69789236762845e-108
plot_19353,4,0.48709771427050663,5,0.22503572857461365,0.029270125930745856,0.013299676468416422,0.001790889182445999,0.00893355497615602,0.5129022857294934,0.20876773913812868
plot_19354,4,0.1568014418588425,1,0.045020944791851404,0.8431985581411575,6.864793849948296e-05,0.0005819064134309196,0.05154012910471233,0.05958981361034842,8.267279177631511e-110
plot_19357,4,0.18522537574393017,2,3.287751524522761e-05,0.000314176175714995,0.8147746242560698,0.044245081815172074,0.002011543519430452,2.8174852588909346e-22,0.13862169671836744
plot_19361,4,0.06369835427538603,1,2.4182390865335515e-282,0.936301645724614,0.0,0.008650813902321409,0.0005109983714693017,0.002886566303976039,0.05164997569761937
plot_19363,4,0.4221644852494205,6,0.1256235309996401,0.0020468352203787334,0.14864053581080375,0.0,0.14585341894992038,1.6426867751075996e-07,0.5778355147505795
plot_19369,4,0.06696562271722066,1,0.0008878660148409028,0.9330343772827794,0.010653393577531497,0.05335251244079214,0.0020703904747738527,6.068111834283047e-25,1.4602092823053094e-06
plot_19370,4,0.07829091011410101,1,9.077610498389863e-06,0.9217090898858575,0.011716919198377201,0.0168089492504075,0.030668407638434522,2.2592638469155564e-27,0.0190875564164247
plot_19371,4,0.252273866013324,1,0.0049917885829774845,0.7477261339866627,0.03472254707174559,0.0035365469111498776,0.12128803151014006,0.08751416609777048,0.00022078583955382737
plot_19374,4,0.011642770680172923,1,0.00037606944607385443,0.9883572293198272,1.6869467387846759e-06,0.009998745610774755,0.0008442133909727462,3.15285026176052e-05,0.00039052678299526566
plot_19379,4,0.09621430246381403,1,0.006354614511049161,0.903785697536186,0.00391105243201129,0.05819522850714064,0.027748642480375788,1.1322918525793356e-25,4.764533237199691e-06
plot_19380,4,0.6985146948913679,6,0.20618319961103423,0.005683136266694859,0.30148530510863225,4.233091708915707e-06,0.0896377070259745,3.716743928994066e-06,0.3970027021520263
plot_19381,4,0.268622084069242,1,7.573080406716704e-286,0.7313779159307581,1.3354426566721775e-06,8.763211377933132e-07,0.24490252871364487,0.021363944654765262,0.0023533989370374407
plot_19385,4,0.2976769503052711,4,0.00016076734429944402,0.3406461044773636,0.2723102874539827,0.0003721089744123447,0.36167694521736493,0.00010482411677258108,0.02472896241580433
plot_19388,4,0.7529412193089131,4,0.00032596450652839224,0.09828638561462352,0.24705878069108686,0.04744657490199086,0.5216897537938977,3.120865604182648e-05,0.08516133183583095
plot_19398,4,0.7984627827983494,1,0.11587414447197,0.678648546375127,0.2015372172016506,0.0015281358431438847,0.0020506271292640562,2.9993156283888094e-09,0.0003613259795289634
plot_19399,4,0.5839416757615332,2,0.02066082678648723,0.3200023192747238,0.4160583242384668,0.004967727611510314,0.015745669309573766,7.633955119813985e-21,0.22256513277923812
plot_19412,4,0.01671834666704763,5,0.0,1.342019335646207e-147,0.0029446029422470535,6.16227894252557e-05,0.013703027039629488,0.9832816533329524,9.093895745832768e-06
plot_19415,4,0.32447895192239307,0,0.6755210480775409,0.07516371738975286,0.000983218786133134,1.657071782856606e-05,0.0005015874716905199,0.11935734216107086,0.12845651539598318
plot_19416,4,0.34881802355519165,2,3.104017980722561e-16,0.0905495920198395,0.6511819764448084,0.007954052810600937,0.24074095668892861,2.203015865801877e-22,0.009573422035822367
plot_19418,4,0.13127945460636997,1,3.7070410184578065e-05,0.8687205453934392,8.027149796702452e-06,0.12105958095033949,0.0010668455057669013,0.009107930590473129,1.0548658885781264e-107
plot_19420,4,0.04697314346862213,1,0.0005221741735459727,0.9530268565313779,0.0,0.00037996340585459085,0.0008460120431184644,0.04522483927114946,1.5457495362507213e-07
plot_19425,4,0.3165568475176571,2,0.0017063150457136628,0.08197700775313208,0.6834431524823429,0.0007711638034466386,0.1682403801761448,0.0013884000780456708,0.062473580661174394
plot_19426,4,0.09167250121164812,5,0.08602747125226187,0.0,0.0012889587965130677,0.0,0.0010884780562155998,0.9083274987883518,0.0032675931066575275
plot_19429,4,0.5655424117554784,1,0.0038258329549553795,0.43445758824317904,0.2067286096580933,0.12215148489695,0.08433858160191211,0.0003613915901026316,0.14813651105480768
plot_19435,4,0.7330185661750963,1,0.02968493737792259,0.42396071031293037,0.18740897634762932,0.2669814338249037,0.09117887071479322,6.279232960861333e-05,0.0007222790922122519
plot_19437,4,0.24119564121386283,1,0.03888872950837992,0.7588043587861372,0.11082474262362807,0.0036729869712792355,0.01366564805232487,1.4366670341797717e-20,0.07414353405825075
plot_19438,4,0.1844517855605752,1,9.473851244439423e-284,0.8155482144394247,0.0,0.00012572969481701882,0.15689969645525195,0.02429112890822408,0.0031352305022820555
plot_19440,4,0.3358120578854109,1,0.00010728379795755302,0.6641879421144914,0.0019973113909050196,0.0,0.09126650843822509,2.780520114353063e-25,0.24244095425842094
plot_19441,4,0.4625002242656809,6,0.011220103964417267,0.26708634188106967,0.007586333209795778,0.027272270253313954,0.14933517495708226,2.0107788163719484e-15,0.5374997757343192
plot_19445,4,0.5738136714339801,1,0.006511494565525382,0.4602371483093859,0.0005174539935900835,0.4261863285660199,0.08522821036370773,0.001383661830858012,0.019935702370912925
plot_19448,4,0.09446785585575625,1,0.017060857846315,0.9055321441427028,0.004060016974322311,0.0013407158160410845,0.07197471876616289,3.15464544557748e-05,2.7640300457804914e-101
plot_19460,4,0.46709328405644657,4,0.05490228044671045,0.3807424910669861,0.00848079954408154,0.021628431251030374,0.5329067159435534,6.333468644860469e-06,0.0013329482789931771
plot_19461,4,0.07968120486434017,1,2.410052297599565e-06,0.9203187951351115,0.0,0.07786140863437191,0.0003862691995553247,0.0014311169786635723,5.460404485505707e-109
plot_19467,4,0.5022011511509488,2,0.0029867862526276067,0.04789920842927564,0.49779884884905123,0.09858965765969196,0.1687657573639546,0.001941079100607804,0.1820186623447912
plot_19469,4,0.3657537287595239,5,2.296953370130091e-05,0.008743694762720317,0.011785475596835798,0.0,0.3299494074915862,0.6342462712404762,0.015252181374680358
plot_19475,4,0.5437613284937632,0,0.4562386715062368,0.20186806637071056,0.21351060764679466,6.437078489831546e-06,0.03451545415432368,5.619151883945051e-06,0.09385514409156064
plot_19478,4,0.028742851499598224,1,1.460270503304902e-281,0.9712571485004,1.2529826016127026e-05,0.020146605030389012,0.008320267985128957,0.00023420667617298982,2.9241981892871e-05
plot_19479,4,0.7673415934716292,1,0.0003965526963381771,0.3758669133613666,0.14344200755849942,0.2326584065283707,0.23752238770190218,1.1213686265863763e-13,0.010113732153410614
plot_19480,4,0.1542554379855766,1,0.04579452443435473,0.8457445620144164,0.027385477479449593,0.04686604294692109,0.020997464710173174,4.558395550919257e-06,0.013207370019134065
plot_19483,4,0.34199390110249184,2,0.0004832728356610972,0.0026051938202978015,0.6580060988975083,0.005362605550724969,0.21171517344708035,3.070188032552097e-15,0.12182765544872454
plot_19484,4,0.14075861365520773,5,0.00010692793008407146,0.0,5.525315136058476e-05,0.008766292968818607,0.11725120903291666,0.8592413863447923,0.014578930572027797
plot_19486,4,0.20938078908223445,0,0.7906192109177655,0.0008360748897439823,0.0914806166827107,0.05926167220073132,2.9337298168185133e-05,8.560568005456806e-05,0.05768748233082572
plot_19487,4,0.521052130888799,2,0.0016140672894342392,0.23508222457763195,0.478947869111201,0.05376073877728042,0.2059750201345534,0.01748962892965552,0.0071304511802435
plot_19488,4,0.2919569582781324,1,0.014507667658323793,0.708043041720624,0.08847073225847361,0.07015858623470239,0.11877423474786507,3.078371110932244e-05,1.4953668901858579e-05
plot_19489,4,0.05111099322500838,1,0.00017477632443612458,0.9488890067749917,0.01651498008689691,0.00026972921581634116,0.02458046040812777,3.0003731803881375e-29,0.009571047189731278
plot_19490,4,0.004795176785127339,1,0.0,0.9952048232148727,0.0,0.004791862238489419,3.314546637949321e-06,9.56509300911373e-24,0.0
plot_19492,4,0.16358747244366495,1,0.09376327947899306,0.8364125275563334,4.036636990807307e-06,0.0,0.0439579138641531,0.02304169065807268,0.0028205518054567804
plot_19493,4,0.6220848410431576,4,0.0010242403863108126,0.08519525224959593,0.3779151589568424,0.020062841277716015,0.5084846779171581,1.7612369681527913e-16,0.007317829212376625
plot_19495,4,0.3127290011714406,1,0.138723050857802,0.6872709988285096,0.054471640539215944,0.01400993351330538,0.044346612898838206,6.954343171600618e-06,0.06117080901915723
plot_19496,4,0.5765670544450949,6,0.09512082412532519,0.1725165335334548,0.1264910654105356,0.009764502360588338,0.17063516889956803,0.0020389601156229815,0.42343294555490507
plot_19497,4,0.19639906515650868,1,0.0,0.8036009348379134,0.10427698022937278,0.0016635915210089923,0.022408666145073627,7.697797668958798e-05,0.06797284928994167
plot_19501,4,0.352969283344916,4,0.012883364519401308,1.5759656413709533e-05,0.31777845680435995,0.0012056267143301198,0.647030716655084,0.021056864627055555,2.9211023355348317e-05
plot_19505,4,0.743369684235107,4,0.11883885746488969,0.2226436168448972,0.013138960293150152,0.18122912207044262,0.256630315764893,1.248042399430956e-24,0.20751912756172736
plot_19506,4,0.7109869149131418,6,1.5417880398757743e-05,0.17570279857460522,0.28901308508685825,0.07948887829119353,0.06423294945797857,9.579532104632112e-18,0.39154687070896566
plot_19508,4,0.7473966265311806,4,0.2526033734688196,0.12111916531898734,0.16905429553180717,0.02483676536569821,0.4323286600113254,2.7201397222618495e-05,3.0538906139688747e-05
plot_19509,4,0.43109368059764175,2,0.26551103155999956,6.0632204512810595e-06,0.5689063194023583,1.3994336709558881e-05,0.004178226976966738,3.1713188476848114e-18,0.1613843645035145
plot_19514,4,0.08664701717668324,1,3.1399854550137705e-06,0.9133529828222801,0.0,0.08491468563936058,0.0009168309657313685,0.0008123605871730206,4.846403214341372e-109
plot_19518,4,0.6140735604358716,4,0.0,0.021245140469149208,0.018165558016269373,0.3859264395641284,0.5172307349989529,0.056174323933333464,0.0012578030181667399
plot_19529,4,0.1526547697544563,1,0.0006781328598535507,0.8473452302455438,0.06652381660392988,0.01594685467552287,0.06351382804402754,0.005807646373116669,0.00018449119800581794
plot_19531,4,0.034824490421737186,1,0.008180117306262438,0.9651755095782483,0.0014337358831474096,0.015294661731235747,0.00988678108168738,1.9545564514649264e-12,2.919441746424329e-05
plot_19532,4,0.5568491866938612,1,0.006599282210931503,0.44315081330613026,0.21871518031135934,0.18012320483803956,0.03450983601596432,0.11638652844746589,0.0005151548701091316
plot_19534,4,0.7791931657027873,6,2.426379151404132e-05,0.1471284296103775,0.16067069382839738,0.22080683429721273,0.23258479929969428,6.0042836219899886e-21,0.23878497917280406
plot_19536,4,0.5907466502930407,4,0.1090464461864214,0.3553024911304065,0.06466428106311659,0.060884540725112596,0.4092533497069593,0.0008488911879835778,3.2650198465151817e-100
plot_19547,4,0.22620358806040142,1,0.0,0.7737964119395987,0.014912691412602819,4.526533214312409e-05,0.16354437852653977,3.4605530436027684e-20,0.04770125278911579
plot_19553,4,0.42398973039690147,1,0.10464104406003599,0.5760102696027003,4.974088972303934e-05,0.2480013460775851,0.04698388450241537,4.585431124415108e-25,0.02431371486754012
plot_19554,4,0.5115185681046487,1,0.11360778448334505,0.488481431894145,0.0007475071871142848,0.263573324648922,0.09424454118913048,4.1481713149551055e-24,0.03934541059734322
plot_19555,4,0.7880941273893898,1,0.21190587261061042,0.3630597118058764,0.0007629792422129179,0.24464680526974739,0.12534492916040696,5.859389545252013e-25,0.05427970191114598
plot_19556,4,0.6003458006937319,4,0.023581000807984705,0.2482655763354933,0.04200956169190084,0.011112821010889385,0.3996541993062681,2.017370999876078e-16,0.2753768408474635
plot_19584,4,0.6393738265388716,1,0.22481716729690485,0.4012272090282968,0.001448581347931292,0.004242504084332038,0.3606261734611284,0.0025980584155984453,0.005040306365808346
plot_19588,4,0.0824089674567592,1,1.2148676904483574e-05,0.9175910325432329,0.013595253790794366,0.00013515618607369532,0.06638272267594442,0.000274146113575791,0.002009540013474376
plot_19589,4,0.31693095495100543,4,0.11856799653741022,0.18620959000139356,0.011626193348005303,0.00028937518868241916,0.6830690450489946,0.00012066159505667111,0.00011713828045725089
plot_19590,4,0.5140970552188597,1,0.01127824562813712,0.4859029447694251,0.19369240637694607,0.01922320878114109,0.1679792287639265,0.0934154298323711,0.028508535848053095
plot_19595,4,0.574861738719552,4,0.0408358421041911,0.08094721353991528,0.053713999216835236,0.22276631335521513,0.42513826128044796,6.628560074810311e-15,0.17659837050338872
plot_19596,4,0.6445344523445589,1,0.07557874950889845,0.5187721694402943,0.00023343887166755436,0.35546554765544114,0.033736779295897384,5.442711454246594e-24,0.01621331522780133
plot_19597,4,0.6523329419182934,3,0.11843381068836989,0.29287133715042757,0.0015331419840326724,0.34766705808170667,0.14443488886000075,8.148138914997497e-25,0.09505976323546256
plot_19598,4,0.4376588807045646,1,0.0007000990521444617,0.5623411192954354,0.13482222371352698,0.019304033478128202,0.05175232813055804,3.9014720962367494e-24,0.23108019633020688
plot_19608,4,0.7052735657109456,5,0.23938950998704484,0.014088177864341979,0.07597505115140357,0.08309123848514163,0.21856060378455033,0.29472643428905443,0.0741689844384633
plot_19609,4,0.11283331167441456,1,3.495679492089238e-05,0.8871666883255854,0.0,2.6203132063104636e-05,6.521118340969493e-05,0.11007649519827135,0.0026304453657495053
plot_19611,4,0.02014471874323171,1,2.5935152199969286e-06,0.9798552812567614,0.0006112822747376086,0.0095409605045064,0.009569978169170242,0.00040027103818084467,1.9633241423562274e-05
plot_19612,4,0.33734224216122227,1,0.00014555857387209297,0.662657757838722,0.14704354836539388,0.005243559779036575,0.06655535960015657,6.610390992843165e-27,0.1183542158428188
plot_19613,4,0.011806120201158078,1,2.9770509412058984e-05,0.9881938797988419,4.444431183079697e-05,0.00010891182586686926,0.0021869702934569136,0.009084669951412952,0.0003513533091784406
plot_19615,4,0.10039932019286539,5,0.08272934293265431,0.0,0.005194641396341605,4.871893442292124e-05,0.00933094131864895,0.8996006798071347,0.0030956756107976364
plot_19618,4,0.21761871595704257,1,0.025319527482728116,0.7823812840429422,0.07618070930002163,1.709060382883187e-06,0.09422602236229581,3.069664988533069e-05,0.02186005110174406
plot_19619,4,0.23513077108864888,1,0.0032055206061822003,0.7648692289113511,0.00027829103997644426,0.1857196941759065,0.020269836375330176,1.2504624845748397e-07,0.025657303845005103
plot_19621,4,0.0842244054971393,1,0.0010862094184381276,0.9157755945028606,0.00013386562648851161,0.009450741511804195,0.07251212180433596,0.00016136000145034255,0.0008801071346220965
plot_19623,4,0.6937984616446558,2,0.004621360023328076,0.027381438570277625,0.5568031476104512,0.0168789101945955,0.0880537558818185,5.984936418474328e-05,0.30620153835534425
plot_19625,4,0.676395194703642,4,0.0761794614382762,0.0,0.32360480529635804,0.004674215619590671,0.43590846134458516,0.08079065558432297,0.07884240071686693
plot_19627,4,0.01394188876340344,1,1.2433408788390987e-05,0.9860581112295634,0.0004582391120370869,6.999005648283215e-06,0.013426869765273502,3.7347478689180146e-05,1.4327421627339483e-107
plot_19631,4,0.687911136223058,1,1.5196964963274816e-05,0.5260792281822184,0.312088863776942,0.0012985998441041348,0.094514573951586,3.4321253705283774e-20,0.06600353728018601
plot_19640,4,0.7604712789172245,1,0.006460184189602961,0.52657746233374,0.011022427527000798,0.2395287210827755,0.0930092533839931,0.0009039965837810553,0.12249795489910655
plot_19643,4,0.475620766294468,2,0.00790752046279346,0.16363301098499286,0.5243792337055321,0.12472544214855778,0.17619805715954212,0.0018263807707433438,0.0013303547678385477
plot_19655,4,0.3316172275244184,1,0.0014653948645381924,0.6683827724753693,0.01954875007056564,0.023402903755921717,0.21247924942761653,0.0004545700343865442,0.07426635937160216
plot_19659,4,0.7644267719459041,6,0.004522208379199986,0.18143327870300713,0.093641284149724,0.0,0.23557322805409586,1.3183416738722649e-17,0.484830000713973
plot_19666,4,0.47243595202961,1,0.00018511988805419938,0.527564047970285,0.07991362748206132,0.0002827426600403932,0.003399852140728014,7.822793916570237e-16,0.38865460985883027
plot_19667,4,0.024023847207620113,1,0.00515992633965556,0.9759761527923501,0.0015823053227706498,0.0,0.017242656104924987,7.944982950408824e-18,3.8959440298739347e-05
plot_19670,4,0.45204165175032895,1,0.023824434211242057,0.5479583482495493,0.001954982817673489,0.0010461210098119495,0.05041818196567638,0.0644791170970535,0.31031881464899347
plot_19680,4,0.5998729944115282,1,0.008788812022139325,0.4773724945942963,0.09053302082773793,0.0,0.4001270055884718,0.013863837204752006,0.009314829762602625
plot_19693,4,0.45929344372005326,4,0.0037095907019690046,0.07596986729347498,0.27494284013253895,0.020179175291513158,0.5407065562799468,9.050058134621566e-13,0.08449197029965218
plot_19698,4,0.37520299476546315,6,0.0010679696104853515,0.08800448711322134,0.06756847155240535,0.16322021159470115,0.05534185489464943,5.787096533667148e-16,0.6247970052345369
plot_19700,4,0.14476824806187122,2,2.220957629405903e-06,0.0007572395884872199,0.8552317519381287,0.01947855784389352,0.0013510114182238237,2.40058122862619e-21,0.12317921825363719
plot_19702,4,0.6596846739532811,1,0.00013951936387939312,0.4152805327571923,0.34031532604671877,0.0,0.002586890089225025,9.695828285690931e-14,0.2416777317428874
plot_19703,4,0.5862019638921994,2,0.4137980361078006,0.012908891547479963,0.5206214189473182,0.004076567366106285,0.011101284989372283,1.1632760251415357e-17,0.03749380104192266
plot_19708,4,0.56700374233875,1,0.09574608149572024,0.43299625458051316,0.05361028760373503,0.0,0.4091613545503764,0.0004890451814778914,0.007996976588177291
plot_19713,4,0.3078029079102291,6,0.2115920844994963,0.01654431653124052,0.061065945408138464,0.0,0.018600561477459164,2.923583838007151e-11,0.6921970920544298
plot_19723,4,0.03839791362483955,5,0.02557967022260305,0.0,0.0004267596087448607,3.090274169342025e-05,0.0008377399312777236,0.9616020863751604,0.011522841120520464
plot_19724,4,0.7789131494155133,1,0.0,0.38149226854172874,0.1042809635426049,0.22108685058448682,0.23392756414454494,3.655245035219657e-06,0.05920869794159953
plot_19725,4,0.7666231427043335,1,0.23337685729566646,0.35703231221567455,0.028679731212586178,0.008892127529629455,0.12602577865736228,0.24589039853736816,0.00010279455171287423
plot_19738,4,0.5425971281234696,1,0.09484629583877742,0.45740287187628204,0.3876776846242595,1.133075849820797e-05,0.060037945752701403,1.7759662804240475e-05,6.1114866772114005e-06
plot_19739,4,0.23500171493709876,1,0.045044938215980455,0.7649982850629012,0.008248378962165693,0.0,0.001552186246953658,0.021084861162350338,0.15907135034964873
plot_19743,4,0.7937558545160608,2,5.7185654360469776e-05,0.31405695093522223,0.43655953487452176,0.2062441454839391,0.041335465567766794,0.0009593692662188313,0.0007873482179708061
plot_19749,4,0.5198244937117367,1,0.13306295758638,0.4801755062845598,0.16130135560402892,0.0011457783005622386,0.13925468228744273,8.556880373861659e-13,0.08505971993617072
plot_19751,4,0.5466005962707895,2,0.0010583564268417227,0.32029051063130604,0.4533994037292105,0.05229746653524238,0.16396702557583576,1.0115986098458682e-05,0.008977121115465073
plot_19752,4,0.2026505085260473,1,0.1508752889161784,0.7973494914739517,1.606411952837238e-06,0.0,0.03216676725567479,0.018473158718153204,0.0011336872240890084
plot_19757,4,0.06017763933071899,1,0.0010399838321480809,0.9398223606692733,0.00941645517956854,0.04544350989503084,0.004274026190433219,1.2321908029399903e-24,3.664233545899605e-06
plot_19761,4,0.10722459726260461,1,0.009867365289957944,0.8927754027373882,0.005112162143638557,0.06778687859174838,0.019149838595878148,0.0006426757902091122,0.004665676851179668
plot_19770,4,0.22934415398847222,1,0.1865159418221685,0.7706558460106692,2.988062625413991e-05,0.03848693946421498,0.002710212019560001,0.0005349745200691672,0.0010662055370641386
plot_19774,4,0.6749666223559619,4,0.0023395547249356486,0.21557179935019669,0.3250333776440381,0.00020976585580317653,0.4565639823552047,7.053671573071985e-20,0.0002815200698218124
plot_19780,4,0.001333580145796225,1,1.8826889176243105e-67,0.9986664198542038,0.0,0.0012961342234885638,3.443262117118946e-05,3.0133011364872577e-06,1.1126390051416543e-94
plot_19781,4,0.7003020871381828,1,0.03479315070303528,0.3743775247900414,0.0006031694669357532,0.158909205211948,0.29969791286181724,0.11548765743533607,0.016131379530886312
plot_19784,4,0.3831374694955644,1,0.013766592765150135,0.6168625305044356,0.2054307060874641,0.0014961676377605788,0.1334029746271484,0.00155763431856053,0.02748339405948064
plot_19786,4,0.6204079163583935,4,0.006004515476246962,0.1860250514800463,0.37959208364160624,0.0011200022565244821,0.4187805862047485,0.0007334731178708527,0.0077442878229564225
plot_19791,4,0.7595169927246426,4,0.0019899990327571482,0.3328931941198338,0.24048300727535743,0.018475345537482764,0.379503038167983,1.2708379148040028e-14,0.02665541586657327
plot_19792,4,0.05598845317129001,5,0.0027538400478137317,0.0,9.203724905571557e-06,0.004578153173019164,0.005483256483710783,0.94401154682871,0.04316399974184079
plot_19794,4,0.30086558860420043,6,0.0004438862427997435,0.018934697952516236,0.2693039661110969,0.0,0.012183038297787612,4.302120348273965e-25,0.6991344113957996
plot_19796,4,0.6522463306524902,6,0.017072678168093575,0.28427726430927264,0.0011239928740368434,0.02756898979939347,0.31000530740811866,0.012198098093575084,0.3477536693475098
plot_19797,4,0.13104046429973895,1,0.002151047573418421,0.8689595356998263,0.00019335053202034562,0.06796882030881715,0.05881056416446105,2.2311291947788514e-06,0.0019144505922619758
plot_19800,4,0.19630996763269137,0,0.8036900323673085,0.011636998274736457,0.0039715376416926155,7.337578741121504e-05,0.0017985505070166928,0.1219047009958814,0.05692480442595295
plot_19802,4,0.21894297806417765,2,0.00016979060277375047,0.02677196993443926,0.7810570219358224,0.0035463254465922544,0.04636235364727131,1.4170671044973468e-18,0.1420925384331011
plot_19821,4,0.23544147835241175,1,0.0,0.7645585216469143,8.683067046204544e-06,0.0002380761697661838,0.23380414382939027,0.0013905752852834826,1.5994497936356404e-12
plot_19833,4,0.2694543966738226,1,0.08739064520157569,0.7305456033249704,0.007072125814944775,0.02697865526824999,0.11251589532569187,9.147852980377469e-26,0.03549707506456733
plot_19840,4,0.43646892679213645,6,0.08855332455925069,0.2003378131055826,0.016927791362658474,0.01150651790116736,0.11914347986235975,1.117598598481104e-12,0.5635310732078636
plot_19841,4,0.268579765879019,1,0.10174230844256282,0.731420234120981,0.12251569992875407,0.0007938413988633319,0.027650028180347265,1.0999254627685153e-08,0.015877876929236978
plot_19842,4,0.6411899159189385,6,0.08832882446226836,0.003513771978957742,0.07296868961237021,0.13960816010337512,0.191546209419738,0.14522426034222896,0.35881008408106163
plot_19845,4,0.6291223854802485,1,0.0066820450979183064,0.43300549178634995,0.18662122887946844,0.0025409141877807194,0.37087761451975165,2.5099762772400003e-05,0.00024760576595866165
plot_19846,4,0.6240361100458471,3,0.375963889954153,0.0,0.003563982956813047,0.394137759818145,0.0045747091871987285,0.13697098077230685,0.08478867731138348
plot_19847,4,0.7006194880795651,1,4.757168961202187e-07,0.5150112469937851,0.11800457240108522,0.003037168300965007,0.2993805119204349,3.061619443686248e-18,0.06456602466683367
plot_19848,4,0.6227853170791304,1,0.009225560614833601,0.42422866461272857,0.14836630111080013,0.0024459842168472936,0.37721468292086946,4.3028907109389245e-06,0.03851450363321007
plot_19851,4,0.38778761856189126,1,0.20294225022794637,0.612212381437945,0.05499679345623167,0.021125374550181406,0.1054644891539167,1.458140395636238e-18,0.003258711173778944
plot_19856,4,0.6169004957816098,4,0.03342296888558331,0.288976929082054,0.07931198915045379,0.0005886688559893648,0.3830995042183903,0.10668322625031584,0.10791671355721344
plot_19865,4,0.046848693119599924,5,0.010138656425518939,0.0025819305009175844,0.0,1.4285059399877974e-05,0.03410628945318121,0.9531513068804001,7.531680582290125e-06
plot_19877,4,0.7245759214770034,1,0.02260136741785722,0.36736529575083776,0.2675085591530427,0.046774759657834744,0.27542407852299655,1.608090385591339e-06,0.02032433140704544
plot_19884,4,0.24902708149296027,1,0.001980073445068175,0.7509729185061036,9.599044301867358e-05,0.0,0.24629366375040432,0.0006573538554054159,7.039219028015443e-83
plot_19892,4,0.113467005352041,4,0.025233282038771877,0.004548523665104617,0.07748271989164254,0.0,0.886532994647959,0.0056929756741515795,0.0005095040823703849
plot_19904,4,0.5714931665381404,4,1.2804821092563046e-05,0.19224705588535332,0.23872142197219992,0.002371406099541647,0.42850683346185947,3.7860489808470686e-06,0.1381366917109722
plot_19906,4,0.14607421825980463,1,0.002616080549411228,0.8539257817400044,0.0023490302518892874,0.0,0.11320586653289684,0.0001687452563945551,0.02773449566940381
plot_19917,4,0.35862622976681224,6,0.12893240937808204,0.02544292529928524,0.19073076210002754,0.0,0.013514441615566147,5.691373851344501e-06,0.6413737702331878
plot_19921,4,0.060079756950812226,1,8.938153623376554e-66,0.9399202430490298,0.009808259247304782,0.030985292637936323,3.366728293122509e-05,0.01925139619314222,1.1415896557373418e-06
plot_19924,4,0.005150655463344945,1,4.686525497910437e-06,0.9948493445366551,8.115459240922926e-73,0.00437866399959824,0.0007342613260643015,3.304361218451585e-05,8.854143649355217e-105
plot_19929,4,0.4795958470548646,1,0.0010193446630300566,0.5204041529441699,0.2572729914138606,0.08885355316319749,0.11461741308467933,0.017145318444634666,0.0006872262864279577
plot_19930,4,0.6662708786099358,5,2.35170390540571e-05,0.3337291213900642,0.008325647097131305,0.1241987832363251,0.14796915811135994,0.3849915571101966,0.0007622160158688348
plot_19934,4,0.23777429648124992,4,0.01348702384191911,1.0324704134475563e-05,0.0038460109523556995,0.15231190602390904,0.7622257035187501,0.06065234496668878,0.007466685992242759
plot_19937,4,0.6751108569500579,4,4.715628264489832e-05,0.17497490053971151,0.005019611808405449,0.0005552602068023639,0.4564573735814402,0.03805655453105347,0.3248891430499422
plot_19938,4,0.6611098041496479,4,0.021378621585753835,0.1042222524592547,0.25913578593232434,0.00023181885362474493,0.3388901958503521,0.0008785708823123728,0.27526275443637793
plot_19949,4,0.6037781591707881,4,0.03206571598064727,0.21029414366839294,0.18996135439672318,0.007521925256770059,0.39622184082921186,0.017954280148104483,0.1459807397201503
plot_19958,4,0.09563301808669744,1,7.849048717649188e-06,0.904366981913254,0.0,0.08485514624020035,0.010725079599985119,4.4943197842870396e-05,1.0143578010981196e-108
plot_19968,4,0.16546643429949465,2,0.017481457734484906,0.09446923984683579,0.8345335657005054,0.011407968191161444,0.02970900423235681,7.681682277700038e-15,0.012398764294648026
plot_1997,4,0.2420510185988329,1,0.00013305667409082184,0.7579489814010185,0.002106771502159172,0.0,0.2384204236694521,0.0013220204644513738,6.87462888280127e-05
plot_1998,4,0.6390107203451287,4,0.10440340456667807,0.219628547192817,0.15212735209590825,0.0,0.36098927965487126,0.13129048920911982,0.0315609272806057
plot_19989,4,0.6640637580949839,4,1.9862956746520026e-05,0.17615642628905084,0.16495931125455693,0.14987807865738728,0.33593624190501614,2.480375635248846e-06,0.17304759856160695
plot_1999,4,0.27504028848881856,1,0.015940810746298648,0.7249597115111815,0.07554751108314693,0.0,0.15783972684474604,0.015929882280689645,0.009782357533937257
plot_19991,4,0.5679688203680536,2,0.001805969009242869,0.029572942323076824,0.4320311796319465,0.13828782345372714,0.026622563406879806,0.00685073802820764,0.36482878414691927
plot_19997,4,0.5625317457314688,2,0.0838410135399068,0.0777275406846007,0.4374682542685312,0.00015949151897171954,0.26315528678618183,2.506136365193202e-19,0.13764841320180776
plot_20,4,0.7901080260673604,6,0.11715399442718374,0.05782773196583548,0.16012281907097703,0.06993494381212051,0.2098919739326396,0.001897413614395499,0.3831711231768482
plot_2000,4,0.2087254722088991,1,0.001521849788459431,0.7912745277909388,0.07317797715519091,0.0,0.12680462661229258,0.001761679169578808,0.005459339483539603
plot_20000,4,0.20074221443116383,1,0.016120083885878402,0.7992577855686577,0.04223755194615189,5.153011176466463e-06,0.06636764116556763,0.0710907004929877,0.004921083929580375
plot_20001,4,0.37076886035072265,1,0.005511444410740656,0.6292311396492772,0.09680627606923671,2.6494136796514235e-05,0.2589966349006745,0.009240666589740355,0.00018734424353396617
plot_20009,4,0.5015052826961626,2,0.0,0.06745393722680929,0.49849471730383743,0.09434055643591634,0.0013529767231069637,7.661743937592726e-31,0.3383578123103301
plot_20011,4,0.4463410006502211,4,0.05375596728475081,0.00045051479167919616,0.30197629989802327,0.04404097037930768,0.5536589993497789,0.046117248296460175,6.936310721712965e-82
plot_20017,4,0.07411371003859604,1,2.53406001979614e-05,0.9258862899611429,0.0021418286799485342,0.0,0.06980663798823454,0.002139902770476183,2.681541354901345e-85
plot_20018,4,0.6601174426238967,6,0.10151787389979175,0.024671290186272368,0.21734537493382244,0.00013151163549369348,0.2539576583534276,0.06249373361508888,0.3398825573761033
plot_20019,4,0.4112314825247651,1,0.009091065167511894,0.5887685174751214,0.031953968643833666,0.0,0.31374999585194324,1.918286588556852e-05,0.056417269995704324
plot_20026,4,0.7410629604476183,1,0.0030046129949877487,0.6601173951675177,0.04126077638489082,0.2589370395523817,0.021642047549308235,2.7012047000407712e-20,0.015038128350913976
plot_20027,4,0.00426778977310543,1,3.315813347671227e-20,0.9957322102268295,2.0643040728662195e-05,0.002955997361643282,0.000891957321271582,1.3019538205523092e-05,0.0003861725113214968
plot_20071,4,0.6114858581132165,1,0.15318436008428163,0.38851414188633016,0.216408375483574,0.04055826786321764,0.13124695381729654,5.1584326993551054e-15,0.07008790086529508
plot_20072,4,0.6780082837748598,4,0.04648977604068741,0.2794871573205627,0.08204245293705895,0.012202831955830926,0.32199171622514017,1.3829258305798987e-05,0.2577722362624141
plot_20103,4,0.009297950154259913,1,1.6187000190769393e-05,0.9907020498457401,6.61575760572694e-05,0.0,0.00426115158850266,0.0046757149615707285,0.00027873902793846574
plot_20104,4,0.011422275218350183,1,5.139425246502766e-06,0.9885777247712885,1.935415114483125e-05,0.0,0.0012978921745062334,0.01004886624333295,5.1023234481074066e-05
plot_20105,4,0.02938319542009925,1,0.0003023148003361967,0.9706168045794463,0.0011104263543013106,0.0,0.024213208569484557,0.0015339417626147652,0.0022233039338166727
plot_20109,4,0.012918433994072819,1,4.698188469212393e-06,0.9870815660036254,1.769253279866556e-05,0.0,0.0011923793107281207,0.01165691520100862,4.674876336994761e-05
plot_20110,4,0.014109615405875024,1,4.635888992219371e-06,0.9858903845938831,1.7457924172966147e-05,0.0,0.0012559386441589632,0.012781343298503898,5.0239650288905336e-05
plot_2017,4,0.542068916002854,4,0.08584074171251033,0.09333308158225984,0.08196011214130629,0.0,0.45793108399714605,5.0559331953951715e-15,0.2809349805667726
plot_2018,4,0.48422193312920836,6,0.04140250198433148,0.020299035261541476,0.060003726606800305,0.0,0.3625166692765338,1.2105623460215805e-15,0.5157780668707916
plot_20326,4,0.3149356447495145,4,0.0014046990713925604,0.12720237895664732,0.029186266401595183,0.14461502976175777,0.6850643552504855,0.01252727055812168,7.400713813262578e-82
plot_20327,4,0.38139130402351346,4,0.0011271676432103228,0.20231529081240554,0.037241380620933545,0.1305568820849694,0.6186086959764866,0.010150582861994632,8.238502326838555e-82
plot_20328,4,0.6517152127640582,4,5.778997379447814e-05,0.3482847872332687,0.15937382428274782,0.04114509047132278,0.44993970038182785,0.001198807657038376,2.581419806337068e-81
plot_20329,4,0.5006324622004641,4,2.029031074900801e-05,0.25295276327349187,0.23029216076999515,0.017318399541025827,0.4993675377995359,4.8848305202189785e-05,8.754621417901034e-81
plot_20330,4,0.45375965820367076,4,2.2533782280154425e-05,0.17737523682379597,0.26771168036109944,0.008623199812244993,0.5462403417963293,1.9289469397800283e-05,7.717954852445839e-06
plot_20331,4,0.8026446867005236,1,0.1056670438597082,0.6703166157805683,0.0007680308358066726,0.19735531329947625,0.023623800287520952,0.000749616326416758,0.0015195796105026528
plot_20332,4,0.22784969399308933,1,0.08098428693170259,0.7721503060069107,0.0013839843018807934,0.10291780266337686,0.039052379746418106,0.000743126388720003,0.0027681139609910367
plot_20333,4,0.1945491357630654,1,0.12839451295933801,0.8054508642369347,0.00042105631188164876,0.003621066398569447,0.027052297703376013,0.03502370584017117,3.649654972916958e-05
plot_20334,4,0.6330133972207124,1,0.36698660277924755,0.5664360817339241,0.003887970774336109,0.008048298308484607,0.004759278779428444,0.049035817499491686,0.0008459501250875905
plot_20335,4,0.2475346343218448,1,0.14477216196571083,0.7524653656781551,0.0006520887285909261,0.003493848749951611,0.012887669552847595,0.08567245291823439,5.6412406509373236e-05
plot_20336,4,0.2716146895676448,1,0.12909764295924112,0.7283853104323552,8.831428583654297e-05,0.06402931536897,0.06987560127253284,0.00038954789500443966,0.008134267786059832
plot_20337,4,0.18661523200410937,1,0.1343421954707931,0.8133847679958895,0.00013327992148194306,0.03313447276752642,0.01506628187802675,0.0030964011512683237,0.0008426008150137621
plot_20338,4,0.19743561017097383,1,0.09440032018329078,0.8025643898290251,0.00149556816892353,0.06970205164788006,0.02461572418527915,0.0054460494879424864,0.00177589649765879
plot_20339,4,0.2260384886120903,1,0.09745963681131725,0.7739615113879098,0.023171930483251228,0.05412763899191141,0.039425207983343626,0.0014068126190921956,0.010447261723174657
plot_20340,4,0.2973753486514936,1,0.11384985536538984,0.7026246513485064,0.00012317224968598275,0.10095168923824914,0.07302657981512095,0.0003443366422289555,0.009079715340818775
plot_20341,4,0.20736234636294737,1,0.11991160057794978,0.792637653637039,0.00016084428567528182,0.0672625339837622,0.01661009684625536,0.0024986584279558847,0.0009186122413625653
plot_20342,4,0.20221836390112444,1,0.12173538490596797,0.7977816360988748,0.007729054014143424,0.048311342486124634,0.008298288784368297,0.014299276617833308,0.0018450170926875371
plot_20343,4,0.2601643387956072,1,0.12251868905473089,0.7398356612043918,7.574859778569355e-05,0.05654757152866582,0.07181654694666133,0.000455019473378229,0.008750763194386288
plot_20344,4,0.7584127344038268,1,0.24158726559615143,0.6057702264397747,0.00045949122142247716,0.07139268356042013,0.07082484832287007,0.0021706350737641603,0.007794849785596985
plot_20437,4,0.04285482644947951,2,0.0,0.0029467162142357865,0.9571451735505205,5.9898150303645426e-05,0.03972666752426669,1.7217213309997586e-23,0.00012154456067342204
plot_20441,4,0.04155878610600786,2,0.0,0.0028209586941692006,0.9584412138939922,5.660299843174182e-05,0.038566366332776617,1.6356061845121438e-23,0.00011485808063034211
plot_20446,4,0.7553339623145818,1,5.6507573338258705e-05,0.6398629315887533,0.24466603768541806,0.0,0.11533121443012599,2.5938279558240223e-05,5.737044280606205e-05
plot_20447,4,0.1340516920783902,1,0.0009586838873227143,0.8659482067717725,0.11508282111043693,0.0,0.016669971406841864,0.0004833243376579964,0.0008569924859680025
plot_20448,4,0.14464824602177576,1,0.012573766442321785,0.8553517539782243,0.09351486158007544,0.0,0.020887537791574186,0.007037637096605043,0.010634443111199321
plot_20449,4,0.14150506360673004,1,0.011907553947834375,0.85849493639327,0.0821473116402181,0.0,0.030565234882384978,0.0066927671186031166,0.010192196017689477
plot_20450,4,0.15129405772778853,1,0.00011375990062662806,0.8487059422718904,0.12441170878858802,0.0,0.026347297088441024,8.343317461196836e-05,0.0003378587758418945
plot_20451,4,0.0839073381246862,1,0.0015829258204983524,0.9160926618753138,0.07380657061369161,0.0,0.0063228276902004416,0.0007904368787092265,0.001404577121586599
plot_20452,4,0.19376956441294876,1,0.0004601061065934428,0.8062304355870513,0.16648076843461357,0.0,0.026182170225686308,0.0002327797327259904,0.0004137399133295429
plot_20456,4,0.09571103405741255,1,0.0015613269571770573,0.9042889659425875,0.06843608226897997,0.0,0.023210864501867268,0.0011041747216290153,0.0013985856077592038
plot_2057,4,0.7746397796387929,1,0.2253602203612071,0.3456387021524642,0.20239813243902585,0.0,0.19248227310670507,9.904449622010496e-23,0.03412067194059788
plot_2080,4,0.4896159762025521,4,0.0007270553875392635,0.40415856454788335,0.06257931751461063,0.0,0.510384023797448,0.0013923496250764138,0.02075868912744246
plot_2081,4,0.27728479948339135,1,0.0012260222517620728,0.7227152005150818,0.08474866450829614,0.0,0.18180224188769953,0.001821702416712811,0.0076861684204477835
plot_2083,4,0.615232550254037,4,0.019263330580053473,0.2993667164786733,0.2966025031953102,0.0,0.3847674497459631,5.533682596631038e-19,1.1512674610340516e-261
plot_2084,4,0.7094932898628249,1,0.02031947003855333,0.6889463620183298,3.876436153784062e-05,8.352329029701787e-06,0.29050671013717516,0.00018034111537418507,3.447869045939376e-261
plot_2091,4,0.6256081305533354,1,0.0867481471084797,0.4582831414064919,0.020747890725622588,0.0,0.37439186944666464,8.092009312034082e-20,0.05982895131274132
plot_2092,4,0.1866562795026659,1,0.0,0.8133437204972643,0.00981253191320011,0.0,0.17657594960818995,3.090837740487503e-06,0.0002647071436049461
plot_2093,4,0.19959459858306594,1,0.0,0.8004054014169341,0.001281961980773795,0.0,0.19830524488161705,3.6363124984329054e-19,7.391720675109874e-06
plot_2094,4,0.5366465907046589,1,0.0005851342496564316,0.46335340929534097,0.13601754115092263,0.0,0.38225197287620283,0.0011303172949568958,0.016661625132920025
plot_2095,4,0.03165860302766837,1,0.0002549035445129016,0.9683413969723317,0.0005405502740547371,0.0,0.03078779150468151,7.535770441927378e-05,1.6441849086516678e-104
plot_2096,4,0.22133974055035693,1,0.0,0.7786602594496431,0.0012463254846528935,0.0,0.2200902734825129,3.8297924506003416e-19,3.1415831911970303e-06
plot_2097,4,0.48603968980916235,2,0.1347473929258351,0.14887737031086468,0.5139603101908377,0.0,0.06278480668028913,0.00043921240970756873,0.13919090748246593
plot_2098,4,0.2757072849064164,1,0.14559370659484053,0.724292715093569,5.479054473845904e-05,0.0,0.1194328140530043,1.4696530085444847e-14,0.010625973713833118
plot_21,4,0.563315813767709,6,0.313712897275997,0.13363158020666283,0.06660293563744674,0.025522865892282587,0.023806809947489557,3.872480783028509e-05,0.43668418623229105
plot_2100,4,0.25776330805363956,1,0.05422889233389236,0.7422366919463605,0.00042583790833355733,3.695545861936861e-05,0.2019150155839942,0.0011566067688000932,2.1567134247876082e-261
plot_2101,4,0.2315074106586515,1,0.017467393895324243,0.7684925893413486,0.00023200968962452327,0.00018517977613846266,0.2119657106926372,0.0016571166049270448,2.4375275253780195e-261
plot_2102,4,0.5277882993286696,1,0.0010766880569622957,0.5228809548912409,0.002158953759875594,0.0,0.47221170067133045,0.0016717026205908263,1.0006386718252754e-105
plot_2112,4,0.33538148141589086,1,0.0,0.6646185185580689,0.010911360661309776,0.0,0.32447012078062143,3.6329487456308827e-19,6.684920448250201e-104
plot_2113,4,0.5521936348860624,1,0.0,0.546760793522077,0.005340354884862882,0.0,0.4478063651139377,1.9890676591072075e-14,9.24864791027679e-05
plot_2114,4,0.46742875554606667,4,0.00011240862559648465,0.4631306716051321,0.0012106566464914663,0.0,0.5325712444539333,6.555279500520019e-13,0.002975018668191165
plot_2115,4,0.3587700497936722,1,0.0,0.641229950204793,0.009392655291387756,0.0,0.3493773945038193,4.1950176774148183e-19,6.397889300514297e-104
plot_2116,4,0.5199371681071848,4,0.0,0.4618553332181772,0.05807022427659898,0.0,0.4800628318928153,1.161061240858425e-05,1.0768349480803303e-103
plot_2117,4,0.2280422528339027,1,0.03880520900650101,0.771957747165585,0.0012589891284812344,0.0,0.14730427474382363,6.131726041641022e-06,0.04066764822956751
plot_2118,4,0.13035464948787562,1,0.0023922118495660746,0.8696453505119128,0.00014582806301633472,0.0,0.12238155771986242,8.629644292481697e-16,0.005435051855641416
plot_2119,4,0.11351131900919167,1,0.018106973439459977,0.8864886809908084,0.015975571322819963,0.0,0.07473441851552805,1.617488906392143e-18,0.004694355731383713
plot_2120,4,0.3426506962606809,6,0.11817307625127316,0.011191802089714405,0.13239330205431424,7.477974446096063e-05,0.0003708998427536617,0.08044683627816449,0.6573493037393191
plot_2121,4,0.39536596854999634,4,0.07847519838818227,0.09942543341760149,0.057842539852735526,2.2194054325687217e-06,0.6046340314500037,0.010420755915908788,0.14919982157013575
plot_2130,4,0.7573431886949591,1,0.012973844521135331,0.6819046606851008,0.05150283999738467,0.006395435148729384,0.24265681130504096,0.004566408342608701,4.542804078289553e-108
plot_2131,4,0.32620381673176213,1,0.21299109884450007,0.6737961832679167,0.018474264709559363,0.0002812880913027691,0.08719165776640958,0.0072280557446686424,3.745157564293904e-05
plot_2132,4,0.29853138012612584,1,0.19938180598348632,0.7014686198738526,0.008482144886049602,0.00026499101742235166,0.08229091626401797,0.008071353598771274,4.016837639993905e-05
plot_2133,4,0.14103639181733127,1,0.0331825474587503,0.8589636081825819,0.008170073714817911,0.00026548340195413876,0.09154262145386888,0.0077748090855925935,0.00010085670243437102
plot_2134,4,0.11448823874170681,1,0.003445956836225558,0.8855117612581931,0.007177983580603271,0.000250499569385544,0.10171460137365856,0.0018712718066893764,2.7925575244803727e-05
plot_2135,4,0.10180404144428541,1,0.0006522231701104261,0.8981959585557147,0.007160272547014826,0.00027001669132292066,0.09231012691956693,0.001379029646614343,3.237246965602417e-05
plot_2136,4,0.14601977185255557,1,0.000737709242514701,0.8539802281474445,0.013042924883818379,0.00032106799422621434,0.13152051875351206,0.0003975509784841985,3.200713632636257e-109
plot_2148,4,0.7838483162649019,6,0.11758189461343395,0.08126311637457283,0.21615168373509794,8.323245384120355e-06,0.14477618073814355,5.767952983372369e-14,0.4402188012933098
plot_2154,4,0.15427761788644048,1,0.0007922515291712057,0.8457223821135595,0.014438976988948313,0.0003563882738762894,0.1382413883663233,0.0004486127281214168,2.639490298833198e-109
plot_2155,4,0.23446227240581025,1,0.010020751545754285,0.7655377275941897,0.01494179573126083,0.020351086076044318,0.18167101025535684,0.007477628797393869,1.890171425857009e-109
plot_2156,4,0.06920229628170342,1,0.003677630683101206,0.9307977037181909,0.0032778706645594565,0.0,0.02622411659717036,0.00028837774894154206,0.035734300588036574
plot_2157,4,0.443978391716099,1,0.0026051765858183425,0.5560216082834895,0.03111866437425239,0.0,0.4037692966276474,2.2038225052542705e-23,0.006485254128792525
plot_2158,4,0.5065759369444153,4,0.0147544059188289,0.38994628446769375,0.08506469879028998,0.0,0.4934240630555847,1.238055893896855e-22,0.016810547767602654
plot_2162,4,0.34424322148651726,1,0.052560696022694475,0.6557567785134828,0.04897729457188703,0.0,0.01949247590623947,0.008183636722441203,0.21502911826325508
plot_2163,4,0.3011197434683991,1,0.03299570218410126,0.6988802564754909,4.5488496696781946e-05,0.00010576366859341975,0.2647884727762402,0.0031843163988774475,1.199799794221771e-104
plot_217,4,0.5231413134254257,6,0.013138537864149003,0.03009904072217462,0.15169358339421435,0.0,0.3280070332823368,0.0002031181625509679,0.4768586865745743
plot_2170,4,0.6313577919999827,1,0.0015620733128904694,0.5656086071771212,0.03239903298144933,0.0,0.36864220800001735,2.234463611107475e-19,0.031788078528521564
plot_2171,4,0.417916284502903,1,0.00337000666845161,0.5820837154970183,0.03046341372476808,0.0,0.380647808289646,1.6377892234947273e-23,0.003435055820116016
plot_2178,4,0.7533955922157866,1,0.1403923161587025,0.30165266165149385,0.24660440778421333,0.0,0.10919368419035963,0.08794038527515038,0.11421654494008032
plot_2179,4,0.7816039421742881,1,0.0007567846179273086,0.43807313553472454,0.21839605782571198,0.0,0.28463098740764375,0.0014218436400558272,0.05672119097393648
plot_218,4,0.5023167344862791,4,0.045463668628467166,0.010328525251590413,0.17005769576508922,0.0,0.49768326551372094,0.002401521734848644,0.2740653231062836
plot_2180,4,0.44151644210862595,1,0.0010058063275116458,0.5584835578913739,0.046698473135687285,0.0,0.3880752517613414,0.0019523060961727475,0.003784604787912916
plot_2181,4,0.2011615218943597,1,0.0318104620089174,0.7988384781055394,0.026496340146470673,0.00043618211700540565,0.14162395968033806,0.0007945779417291929,2.0289162199642226e-109
plot_2182,4,0.13402680580182538,1,0.002455320633994222,0.8659731941981745,0.009072408913210435,0.00041248826091741514,0.12141143484328126,0.000675153150421911,1.9885096498958878e-107
plot_2183,4,0.13107543853557194,1,0.002978027514951138,0.8689245614644281,0.009134858252090185,0.00033200380557381044,0.11812222976311937,0.0005083191998374538,7.914510962157402e-108
plot_2184,4,0.18210035648077583,1,0.005067397087542168,0.8178996435191027,0.025256949168720472,0.0005041337355249722,0.15093995458776896,0.00033192190134080277,2.0579525866985643e-109
plot_2185,4,0.17230424382871345,1,0.0014305289235285283,0.8276957561712865,0.01135235012298019,0.0018173267215050417,0.15699306039995092,0.0007109776607487648,1.066844789878002e-109
plot_2186,4,0.17104246622906108,1,0.0015213757500529813,0.828957533770939,0.011410678172645919,0.002038941574805086,0.15468135513177197,0.0013901155997851275,1.1337439252051244e-109
plot_219,4,0.4394467199531942,6,0.022350030338744244,0.05096330816171364,0.0993497074315969,0.0,0.2667674888169546,1.618520418477617e-05,0.5605532800468058
plot_2193,4,0.5820687470296627,6,0.2336594537546284,0.021873097237428675,0.2422374235032303,0.0,0.08428203804713974,1.6734487235621975e-05,0.4179312529703373
plot_2199,4,0.0034811573835355466,0,0.9965188426164465,0.00043178425946773186,0.0,0.0,1.314690069019401e-15,0.0016676807021008832,0.0013816924219835715
plot_220,4,0.44978769392072265,6,0.02169326552617145,0.1515741812504566,0.18834287275465256,0.0,0.08817695366284381,4.207265982352416e-07,0.5502123060792774
plot_2200,4,0.5368019912162438,4,0.03268639879875701,0.02635716761583215,0.04833796722400537,1.6972314197694022e-05,0.46319800878375617,0.007190302831605036,0.4222131824318467
plot_2201,4,0.758412135467079,1,0.0042795495385393395,0.743756490892587,7.361003860966348e-05,0.0,0.24158786453292094,1.6550468851472682e-15,0.010302484997341451
plot_2203,4,0.06660036173578365,1,0.0001043234734459964,0.9333996382586608,0.00236313181120002,0.0,0.0638393245392494,6.6860623948473936e-18,0.0002935819174436596
plot_2204,4,0.41700292085354423,4,0.03841750620897697,0.08204098456862699,0.07769615007686827,1.82633700498566e-05,0.5829970791464557,0.015747239333241417,0.20308277729578073
plot_221,4,0.35112032893602085,6,0.025704990639841142,0.07085346743128884,0.12980834193055338,0.0,0.12475352892735284,6.984596230341245e-12,0.6488796710639791
plot_2210,4,0.7828645300713343,1,0.21713546992866573,0.5985827128194073,0.014226591036657379,6.611458540594092e-05,0.16804219768759288,0.0019469139422708154,2.8358085729663534e-262
plot_222,4,0.43578484961647146,6,0.07980601838615486,0.04070797668780717,0.2549771018051115,0.0,0.060293752737386075,1.1801965130523683e-14,0.5642151503835285
plot_2220,4,0.04071078910247206,1,0.0003917107705909153,0.9592892108975278,0.0007799033746196218,0.0,0.0394773696029009,6.180535436052749e-05,2.2641090001749302e-105
plot_2222,4,0.5321370324983565,1,0.04989202693642853,0.46786296750145795,0.1761957608803297,0.0,0.30602049108710794,2.8753594675882922e-05,7.454904785888865e-262
plot_2223,4,0.6996895238169989,1,0.0001435643376551047,0.6992807137018979,0.00014080952472245368,0.0,0.3003104761830011,0.00012443625272340095,1.0325914274187537e-82
plot_2224,4,0.13206222866452766,1,0.006780428305530371,0.8679377713352177,0.005780069888966742,0.005647413600407928,0.0964928682678145,0.017361448602062936,6.806635980465183e-110
plot_2225,4,0.7050580853760895,4,0.07688314210802043,0.24483433641917857,0.10115270555646916,0.0002875436389923298,0.2949419146239104,1.6322683117907574e-13,0.2819003576532658
plot_2226,4,0.598208565798667,1,0.05383944926195462,0.4017914341998604,0.035778045511721,0.000495592325688894,0.3171292851031927,5.1323674875870215e-06,0.1909610612300948
plot_2227,4,0.3588278261669191,4,0.002583440079273736,0.17728855307744207,0.1211994040788511,0.0,0.6411721711334618,9.518157686128727e-17,0.05775643163097119
plot_2228,4,0.21600923042871983,6,0.09728546151756373,0.002658354152958194,0.03031098092068691,0.0,0.08575443383751083,1.9648906091993753e-16,0.7839907695712802
plot_223,4,0.6472098835220714,6,0.019932609152837854,0.02834479692919803,0.3527901164779285,0.0,0.028408989369590836,1.4727573215477152e-13,0.5705234880702975
plot_2238,4,0.02064843666708075,1,0.00020293559484588206,0.9793515633329193,0.000360087713988967,0.0,0.013514168482819207,0.0013961076062775969,0.005175137269149133
plot_2239,4,0.008824233197549701,1,0.0,0.9911757668024503,0.00055914607311051,0.0,0.0037633487004632878,0.004258139467408063,0.00024359895656788142
plot_224,4,0.39750159486089764,6,0.006336777527149232,0.04519097754124697,0.306134007571038,0.0,0.039839832220966175,4.972558321592653e-13,0.6024984051391024
plot_2240,4,0.007888111708692644,1,6.367233693233336e-05,0.9921118882913074,0.0004541637380830624,0.0,0.0032117597985022815,0.002407968876434055,0.0017505469587409208
plot_2241,4,0.029371337555521702,1,0.0,0.9706286624444783,0.0015809659930031707,0.0,0.012420238975913819,0.015210661025349645,0.00015947156125508476
plot_2245,4,0.3674017018822884,6,0.12078062370242791,0.009808161403726893,0.19844078070840274,6.0626320990970056e-05,0.00065061518425338,0.03766089456248649,0.6325982981177116
plot_2246,4,0.7203890675030222,6,0.27961093249697777,0.05633017973346892,0.03514568992803828,0.0011295622496614588,2.8279022101441223e-05,0.10398214585234952,0.5237732107174027
plot_2247,4,0.18951424078418425,6,0.0919278583491296,0.001988827944170182,0.02852575375160339,0.0,0.06706970648823017,2.094251050898218e-06,0.8104857592158158
plot_2248,4,0.8066098094981791,6,0.19339019050182096,0.07827510546744715,0.037368417925308255,0.0,0.2044745097022806,5.972693527977229e-16,0.4864917764031424
plot_225,4,0.4629560644960676,4,0.0008385356483066563,0.11465357155799698,0.023854275099775994,0.0006162343913999891,0.5370439355039325,0.023607273921630475,0.29938617387695754
plot_2258,4,0.009020020201903631,1,0.0,0.9909799797980964,0.0008060914234712949,0.0,0.003210223906147789,0.004806713091923371,0.00019699178036118643
plot_2259,4,0.07538004610413637,1,0.0,0.9246199538958637,0.011072713420765592,0.0,0.021350881611271653,0.042534218700165834,0.0004222323719333859
plot_226,4,0.2576841486515052,1,0.0032036651520306113,0.7423158513483875,0.11972918088585843,4.904459951806067e-06,0.09045715909214715,0.00015807915033333946,0.044131159911291094
plot_2260,4,0.7551690827807461,5,0.19124038422047943,0.06801951760231789,0.23665749893681062,0.0,0.21061331179826012,0.244830917219254,0.048638370222878015
plot_2261,4,0.47315762598092537,6,0.1406648601207101,0.01805339767184367,0.054813096182026386,0.0,0.2596111603699745,1.5111636370670748e-05,0.5268423740190746
plot_2266,4,0.36887768091122985,6,0.021886346130290835,0.1260012417430495,0.07228291940288058,0.0,0.1487071736350089,9.834820430820478e-17,0.6311223190887701
plot_2267,4,0.29048592914383453,6,0.01045496419815785,0.06976988387897123,0.08572432899337921,0.0,0.12453675207332618,6.693094754249865e-17,0.7095140708561655
plot_2269,4,0.3012120824793386,1,0.15003478415206872,0.6987879175205399,0.0013723566215247517,0.00024817401719351927,0.14475182257451094,0.004804945114161984,2.0919482848029498e-262
plot_227,4,0.22530550083941916,1,0.0007562511111300688,0.7746944991605809,0.07957981331413365,0.0,0.10844585423653119,0.000734449805822535,0.035789132371801737
plot_2270,4,0.23193295583890933,1,0.0945517600821281,0.7680670441610907,0.0005472460460768425,0.0005019559733212686,0.1276310460017255,0.008700947735657655,2.0060971887567765e-262
plot_2271,4,0.14529439456899138,1,0.060839761768585264,0.8547056054310085,0.0005834015704355176,0.0006000552228395517,0.0741283155293719,0.009142860477759042,3.761250962917598e-262
plot_2272,4,0.10197332798446679,1,0.01706223491265835,0.8980266720155332,0.0006519102460780076,0.0020566952684676586,0.06238598115023639,0.019816506407026382,4.000794943366919e-262
plot_2273,4,0.18737231763800116,1,0.024557342120377634,0.8126276823617202,0.0009113514024980379,0.019953983270408735,0.03732240277335885,0.10462723807163651,2.3295475845018344e-263
plot_2274,4,0.7888778587720988,1,0.10389091815291819,0.5971208678053046,0.0004108464215468574,0.05994080656213113,0.027514419830226407,0.21112214122787273,1.429616819072761e-264
plot_2275,4,0.7836445542610265,1,0.21635544573897242,0.5283671731143206,0.0003139513637479989,0.09079340100134013,0.02550300198397667,0.13866702679764226,2.427025651830104e-286
plot_2276,4,0.07590197210245157,1,0.018387441868505217,0.9240980278975485,0.01089345526626144,0.0,0.045257872332953496,5.000577188993193e-18,0.001363202634731478
plot_2277,4,0.051072317484252706,1,0.008726669540732056,0.9489276825157473,0.005176491857913607,0.0,0.03636359672692033,2.365504303775824e-17,0.000805559358686715
plot_2278,4,0.7811124951653818,1,0.005935563906292441,0.6232415119859946,0.029403973679989565,0.21888750483461822,0.002903092286646004,0.0007503462385594559,0.11887800706789975
plot_2279,4,0.3273883424542192,6,0.003511444183706328,0.042106068805099,0.14801833305236267,0.0,0.13375249641305126,9.001383382251512e-18,0.6726116575457808
plot_228,4,0.19434013498733832,1,0.00034083444463951974,0.8056598650126617,0.029926605178807773,5.201084764896383e-06,0.10700113694491398,0.002238448014282583,0.05482790931992958
plot_2280,4,0.21393648281089844,1,0.0021321847414883226,0.7860635171842264,0.04844976299088617,0.0,0.15823063133062262,0.0025049659710327556,0.0026189377817435054
plot_229,4,0.7471231839762515,6,0.2528768160237485,0.018204689879889286,0.2248520852138083,0.04487556021031977,0.06382797029639088,6.686657147002188e-09,0.3953628716891862
plot_2293,4,0.5286677325469187,2,0.16278002089877996,0.00395933869297454,0.4713322674530813,2.796839059375762e-05,0.023312637875154685,0.0005464284591243006,0.33804133823029137
plot_2294,4,0.375420439719541,6,0.08386773882868112,0.1760438451283364,0.08395385545758452,0.024938992538652307,0.005462842868510402,0.0011531648977763393,0.624579560280459
plot_2295,4,0.5564078558031931,1,0.016495421542097696,0.4435921441968069,0.021016936538284056,0.0,0.2630779083671476,1.6782354163376e-05,0.25580080700150026
plot_2296,4,0.3972799360756165,6,0.06322419549798193,0.06484100919327142,0.15317500004033235,0.0,0.11603755864980134,2.1726942294847884e-06,0.6027200639243835
plot_2298,4,0.5324030904129298,6,0.2011800618412705,0.24184870579767132,0.007356267733254496,0.004768088740556039,1.1730792974179851e-06,0.07724879322087996,0.4675969095870703
plot_230,4,0.48657446143675726,6,0.14959243340831854,0.10695667702415415,0.09746249885197449,1.7667503300356556e-05,0.13254493884990026,2.457991094962514e-07,0.5134255385632428
plot_2306,4,9.009698391639051e-05,0,0.9999099030160836,9.3256763986106e-06,0.0,0.0,2.8394675996886854e-17,4.2333308040167704e-05,3.8437999477597594e-05
plot_2307,4,0.0036325357897161905,0,0.9963674642102838,0.00045112647573105713,0.0,0.0,1.3735829514639026e-15,0.0017404534939518218,0.001440955820031899
plot_2308,4,0.5237684386822236,4,0.07264105742651734,0.31387538004936544,0.015995342289906508,0.057219174889937954,0.47623156131777644,0.0006586316997486939,0.06337885232674761
plot_2309,4,0.5464062037721671,1,0.025150482604837154,0.45359379622783297,0.0207506553240466,0.06987971967937469,0.3851261849683813,4.7379996431258225e-05,0.045451781199096083
plot_231,4,0.6985633107894925,4,0.17156211940711827,0.06289464640616825,0.3014366892105075,0.0,0.38971074028115127,7.795983296435654e-05,0.07431784486209045
plot_2310,4,0.536383286537045,4,0.06445684965875145,0.32681714270089046,0.016290806947232273,0.05796716671005979,0.46361671346295497,0.0006029615095473468,0.07024835901056381
plot_2317,4,0.022801105731578182,1,7.461058761945425e-05,0.9771988942684218,0.00026764076797389333,0.0,0.02189655650687056,6.760854788962457e-17,0.0005622978691141609
plot_2318,4,0.2426360768135139,1,0.0026540434901641246,0.7573639231864862,0.011966963417853672,0.0,0.21607856166419892,3.1616393329069016e-23,0.011936508241297234
plot_2319,4,0.16932450549414593,1,0.00045260693542670304,0.8306754945058541,0.005146783806106937,0.0,0.15915557373604428,6.314856191645282e-19,0.004569541016568062
plot_232,4,0.755956517521443,4,0.24404348247855712,0.01186510482860283,0.2624512938777264,0.0,0.339729935655337,9.962551794854206e-05,0.1418105576418282
plot_2320,4,0.18060296755121336,1,0.00014084389204165764,0.8193970324487867,0.005541769918601474,0.0,0.1699083851218638,8.144332348258831e-19,0.005011968618706427
plot_2321,4,0.5930982094506948,4,0.04604298034550067,0.36620005261808086,0.08869221481623513,0.0,0.4069017905493052,4.143574143786337e-23,0.09216296167087817
plot_2322,4,0.028743064540168936,1,0.0021069200417593355,0.971256935459831,0.0012991692995283832,0.0,0.024633514311443665,6.355539566543184e-17,0.0007034608874374722
plot_2323,4,0.002061475767464953,1,0.0020614428540737056,0.9979385234013145,0.0,0.0,3.374461186297345e-08,3.4289709205687406e-21,1.121504248243415e-283
plot_2324,4,0.0026906218235515328,1,0.0026905821239595544,0.9973093781764485,0.0,0.0,3.969959200198987e-08,4.517717832661381e-21,1.4591246106207793e-283
plot_2326,4,0.005883696389667364,1,0.005878736159649229,0.9941163036103327,0.0,0.0,4.960230018152573e-06,9.943608980554309e-21,3.187860210323475e-283
plot_2329,4,0.777488484981905,4,0.22251151501809502,0.22378018396759367,0.0032658208120952712,0.009223240632118723,0.4244490477541993,0.0009783886165026685,0.11579180319939544
plot_233,4,0.4504318924304366,4,0.11923077981890992,0.01013265605945137,0.18457333015263375,0.0,0.5495681075695634,0.0034592925712782965,0.13303583382816325
plot_2330,4,0.6156058633398223,4,0.08093361947984776,0.3286366622295509,0.01933420686383691,0.0009446210303009457,0.38439413666017774,0.00019052934956231984,0.18556622438672343
plot_2331,4,0.5964602157685781,1,0.09002719768124805,0.4035397842310172,0.020657888166088784,0.004760385625082498,0.3788954049027632,3.074002867852863e-05,0.10208859936512162
plot_2335,4,0.7483766017112697,0,0.2516233982887303,0.10964540606491202,0.22301434748861376,0.0,0.12860509085729954,0.1593089197922698,0.12780283750817464
plot_2336,4,0.7230889525943068,1,0.14306046556001212,0.3558239345198182,0.14380462460985854,0.0,0.03506537863342765,0.045334549491534225,0.2769110471853493
plot_234,4,0.7264706825543668,4,0.03611220199826941,0.033347430373424136,0.27352931744563325,0.0,0.42960948064682103,0.00015667282728435298,0.22724489670856785
plot_2341,4,0.14745570029631597,1,0.001504918999416611,0.8525442997031658,0.00043453233658788794,0.0,0.1439723854737315,2.3220772925944755e-16,0.0015438634870978349
plot_2342,4,0.0725142233491831,1,0.0052251317328723445,0.9274857766508169,0.0016877898714266649,0.0,0.06488379850051465,7.919578817146815e-17,0.0007175032443693658
plot_2343,4,0.6565983045696073,2,0.17238041545397384,0.023994018587787574,0.34340169543039273,2.3635989692343476e-05,0.26635161692478665,4.512542867729127e-06,0.1938441050704992
plot_2344,4,0.5721503892474109,2,0.1790336245804069,0.0656696357763289,0.4278496107525891,0.0,0.0882625747602831,2.0800085131722436e-05,0.23916375404526036
plot_2347,4,0.4909790298025931,4,0.0030485443616567755,0.14196238074029394,0.1669423111083591,9.86465545298154e-06,0.5090209701974069,0.008567985984541322,0.170447942952289
plot_2348,4,0.5715575097274783,1,0.01597986820103842,0.48436048098812934,0.06272314555159794,0.0,0.42844249027252157,1.9084375554888886e-20,0.008494014986712565
plot_235,4,0.49341992193782624,6,0.024645384100370323,0.027106247517182793,0.11259741914178784,0.0,0.3254477060973313,0.003623165081154081,0.5065800780621738
plot_2359,4,0.4165557210727201,6,0.006927454515151261,0.28687483838299144,0.09124663332994379,4.050500213180914e-05,0.03146352977286237,2.760069639464492e-06,0.5834442789272799
plot_2360,4,0.32867060962440287,6,0.0288835175266308,0.19012385742862042,0.09412275155605587,0.0,0.015536092992663826,4.390120431933331e-06,0.6713293903755971
plot_2361,4,0.6050134464302055,6,0.010160710980620213,0.39498655356974577,0.07522675561831044,3.126515758287535e-05,0.056418674439465584,8.373344326123268e-05,0.46309230679101393
plot_2362,4,0.3170782491142605,1,0.07572633571702292,0.6829217508857395,0.07469975703275741,0.0,0.15046452180834202,1.4179733734754118e-19,0.016187634556138187
plot_2363,4,0.3626075185489417,1,0.08336074321856018,0.6373924814510583,0.0865657566681737,0.0,0.1732273591851416,5.662784391186618e-22,0.019453659477066194
plot_240,4,0.5067314411887807,0,0.49326855881121934,0.030915179748952977,0.13381371642382545,0.0013943263160240936,0.08624383371058748,6.353999616511283e-07,0.2543637495894291
plot_241,4,0.4791021421267292,0,0.5208978578732687,0.031316176066814805,0.12497922900587069,0.0015645865873490591,0.08964636515120623,5.005491140651628e-06,0.2315907798243499
plot_242,4,0.7179604563607097,2,0.23867114971727055,0.13648382020925007,0.2820395436392903,0.009371054788740691,0.1484324666460961,1.778917722441043e-07,0.18500178710758003
plot_243,4,0.5962067142270836,6,0.11217583332980195,0.046383306788382865,0.2273108800617916,0.0928285359932272,0.11750815805075662,3.123249422751138e-12,0.40379328577291634
plot_244,4,0.4632519413218925,6,0.018800678636928157,0.13908361323175122,0.14621746253021106,0.0,0.15914996970285555,2.172201465595703e-07,0.5367480586781075
plot_245,4,0.7447219036392406,6,0.2552780963607594,0.021315252073142336,0.08628550517039338,0.0,0.004285485458030237,2.2559865513621927e-11,0.6328356609151149
plot_246,4,0.36648569488661165,1,0.011620401773959942,0.6335143051130047,0.10741933817758738,0.0004214153474079546,0.027418418679603023,3.090294120181846e-13,0.21960612090812814
plot_247,4,0.5422216189883955,6,0.07264395782444916,0.0022740284560493853,0.1492012221121307,0.007547500473369852,0.310554910121753,6.432120365795461e-13,0.45777838101160456
plot_248,4,0.7857282115702886,1,0.03781338950744079,0.3876018496396973,0.1250140254943115,0.009333315804670561,0.21427178842971126,3.618737116155465e-12,0.22596563112054985
plot_249,4,0.3058417484853446,6,0.00644069062617669,0.03947149060890111,0.0549241216204296,0.0,0.2046281910255159,0.0003772546043213416,0.6941582515146554
plot_250,4,0.5557443839582168,6,0.08979761266221006,0.008687405749803034,0.3053781635260768,0.038176258355741136,0.11370494366020037,4.185462898640957e-12,0.44425561604178326
plot_2509,4,0.7111396165211579,4,0.12014386037869312,0.2636992694656815,0.2601943308722038,0.0,0.2888603834788422,9.35218933439116e-22,0.06710215580457934
plot_251,4,0.6014255493443149,2,0.09606696193510193,0.0056831714284777575,0.3985744506556851,0.021244283954106186,0.10568776294614685,1.7145013822773676e-11,0.37274336906333716
plot_2510,4,0.7849574874008309,2,0.215042512599169,0.20595974780378523,0.27149902078294497,0.0,0.24540467595594273,1.5179056923323368e-21,0.062094042858158005
plot_252,4,0.586304970157647,6,0.3209769958567744,0.011936136385549806,0.2018726777285311,0.01500547683933658,0.036513424077351746,2.592701033518591e-07,0.41369502984235307
plot_253,4,0.6360454165821985,6,0.125475461398433,0.20566579421249842,0.16903979889695722,1.1523199401741478e-05,0.13574170187974696,0.00011113699516119802,0.36395458341780146
plot_254,4,0.4848418767014157,1,0.03287767381058105,0.5151581232984649,0.04991645644821425,0.06032712782031961,0.24611712329029395,2.911937791187164e-09,0.09560349242018851
plot_2543,4,0.6236902326506096,1,0.11203102308617777,0.37630976734912575,0.20455340031104438,0.0,0.24015957457427617,5.1528597243917035e-21,0.06694623467937594
plot_2546,4,0.7952940301796878,6,0.20470596982031208,0.09330907209625572,0.11897642574905275,2.1501757993724634e-05,0.13989002569233755,3.2644919010344796e-20,0.44309700488404824
plot_255,4,0.5501361849693046,1,0.04543297689627789,0.4498638150306954,0.08341099238514754,0.06045066256696398,0.2529786350878831,5.044738624800068e-09,0.10786291298829342
plot_2598,4,0.49198026495193625,1,0.04354428368707219,0.5080197350347682,0.018506423894078028,0.0,0.38905001219494445,4.200100522589711e-18,0.040879545189137015
plot_2714,4,0.4645202770616521,1,0.04138037357564133,0.5354797229382633,0.03811080417024523,0.0,0.3303370293410967,3.3045394581283455e-18,0.05469206997475346
plot_274,4,0.004729864055186382,1,8.913692070528104e-05,0.9952701359446865,5.249667879740452e-06,0.0034258259856226846,0.00120421650824073,5.434972864892382e-06,2.0736148355809867e-105
plot_275,4,0.030642151192651228,1,0.0015907448798418175,0.9693578488071717,4.344677460879281e-05,0.024166175362477144,0.0047468376171922325,4.756141229388541e-06,9.019041747904216e-05
plot_2759,4,0.5127546053861409,4,0.0002385915782267601,0.1362271572424477,0.02636904152408703,0.005481922433653998,0.487245394613859,0.33697256836079764,0.007465324246927894
plot_276,4,0.005724403977360958,1,0.00044266728727664095,0.9942755960225199,5.862187053294413e-06,0.004283138152144112,0.0005583060534630959,0.00042189924583983785,1.2531051703133846e-05
plot_2760,4,0.5227948448079974,4,7.627188422256245e-05,0.19694521608017207,0.025291404764323185,0.0013654088704597434,0.4772051551920025,0.2967704486087301,0.0023460946000897617
plot_2761,4,0.4119272595923157,1,0.0007126265779357205,0.5880727404063706,0.04569694311296344,0.002098274289174631,0.31837594676361103,0.04356760281541835,0.0014758660345261718
plot_277,4,0.012810813646223038,1,0.0,0.9871891863536829,0.0002558369849600604,0.003382044804064128,0.009111131718717016,2.0310572850267656e-05,4.1489565725722665e-05
plot_278,4,0.6311153149917679,6,0.36888468500823207,0.0557927886773048,0.042944119552071607,0.006120162369216537,0.007483820488908302,9.248829081243715e-05,0.5186819356134543
plot_2789,4,0.569851404030036,5,0.0002524858007409539,0.06495382768225134,0.07244816185953849,0.0005800817685515391,0.42264147160097654,0.4301485959699641,0.008975375317977116
plot_279,4,0.2171360978681707,6,0.0367599732548098,0.03947146090124733,0.10922312953496977,0.0,0.029389160419017513,0.0022923737581263363,0.7828639021318293
plot_280,4,0.7508590217067825,0,0.29609787450551156,5.888986293746954e-05,0.19557551508629245,0.007644984519312985,0.0019483038863074872,0.24914097829321746,0.24953345384642053
plot_281,4,0.5344787818850136,0,0.46552121811498637,0.0012800267303145487,0.13394128653382356,0.0025323882324857654,0.022203017498020637,0.05465939350503317,0.31986266938533586
plot_2813,4,0.421983635620136,5,0.006273465159502207,0.061198111612675056,0.0846193255182868,0.0002358408150103516,0.26871229866979807,0.5780163579658665,0.0009446002588610285
plot_2816,4,0.4087465719409423,5,0.002295432333478742,0.054151823159201085,0.05380365839611378,0.0002595574516415769,0.29739970058275095,0.5912534280590577,0.0008364000177562131
plot_2846,4,0.33568119336907715,4,0.0004951583082680353,0.15819441192200562,0.16865285157794277,0.0,0.6643188066309229,6.024359402718584e-05,0.008278527966833574
plot_2847,4,0.36539530014045424,4,0.04899579731093778,0.006338519622259085,0.06585327810914388,0.0,0.6346046998595458,0.24420770509811351,8.834404144487153e-107
plot_2848,4,0.7296249838934522,2,0.27995800294855,6.372783713685613e-05,0.40842898000050076,0.0,0.040596731382217935,0.2703750161065478,0.0005775417250466391
plot_2849,4,0.43718113832637834,4,0.0,0.21883740309439798,0.21791156150447144,0.0,0.5628188616736217,8.279811878150167e-05,0.0003493756087273609
plot_2850,4,0.32400848210084177,6,0.14211795089786156,0.0001428245480009776,0.0014203483323580951,0.0,0.18032589614388367,1.4621787374369354e-06,0.6759915178991582
plot_2851,4,0.5368895847943844,6,0.3289309107015955,0.0003714182609766841,0.001515009342385728,0.0,0.20606929179241157,2.954697014887428e-06,0.4631104152056156
plot_2852,4,0.19792535668310698,4,0.006454270019678542,0.009687043506469775,0.10891271078220044,0.0,0.802074643316893,0.07287133237475824,2.6964674707329055e-105
plot_2853,4,0.17297548556017683,4,0.0005201344673331774,0.006254377275457993,0.15191839855870648,0.0,0.8270245144398232,0.014282575258679145,4.3241309866156966e-104
plot_2854,4,0.7417397724342905,4,3.2201324819316774e-05,0.25826022740126753,0.25679004087632473,0.0,0.4834981730540796,0.001084624501181379,0.00033473284232750253
plot_2855,4,0.2480184581351222,4,0.05757904559279776,0.009291443055097106,0.008317179031562259,0.0,0.7519815418648779,4.121874157710088e-08,0.17283074923692357
plot_2856,4,0.3358423546929684,6,0.1537596912030229,0.0001372660238946666,0.0012252938614553102,0.0,0.18071861247708912,1.4911275064362868e-06,0.6641576453070316
plot_2857,4,0.3349400612290343,6,0.178881317027206,0.0006417579934540635,0.006835525750238302,0.0,0.14857279410564428,8.6663524916686e-06,0.6650599387709657
plot_2858,4,0.7345677503594421,6,0.08651094194751116,2.9147246443867738e-05,0.0005880407394332936,0.0,0.2654322496405579,4.520982832764533e-13,0.6474396204256018
plot_2859,4,0.1595602333685191,4,0.01169342452785228,0.03820078314944891,0.03671202929878512,0.0,0.8404397666314809,2.1025494224830056e-11,0.0729539963714073
plot_290,4,0.7416687603536557,2,0.25833123964634425,0.23380887269615405,0.4125129654111097,0.0,0.04022349040643276,2.0227535478720838e-05,0.055103204304480354
plot_291,4,0.039829432302113665,1,0.0,0.9601705676965491,0.001054937233526006,0.008062380999719544,0.030174888240935754,3.156199234421351e-05,0.0005056638369253521
plot_292,4,0.04024889696437969,1,0.008761287422639527,0.9597511030356203,4.885680568514441e-05,0.0030612231586541264,0.026808893156819513,0.0007829740062141691,0.0007856624143671922
plot_2929,4,0.5134380183980884,2,0.18066579987544348,0.06750137443852602,0.48656198160191155,0.00012922549902022674,0.14098037337176306,0.04384098279835424,0.08032026241498137
plot_295,4,0.6377410115028901,2,0.24233674550670445,7.816481952491144e-05,0.36225898849710986,0.002567837170260934,0.0075060015894214405,0.10231125653476654,0.2829410058822116
plot_296,4,0.6372084331835592,2,0.24015596043050147,7.933008616973736e-05,0.3627915668164408,0.0025301383266013527,0.007859590231987209,0.10087127829061071,0.28571213581768884
plot_297,4,0.3512838579254178,1,1.9496529030322348e-05,0.6487161420745823,0.03195707964614658,0.0,0.196251719178344,8.208778414019282e-16,0.12305556257189611
plot_298,4,0.36497888792843103,4,0.0,0.2946582127416476,0.0035675009551059834,0.0,0.635021112071569,1.298187661066706e-14,0.06675317423166444
plot_3011,4,0.2120729709032779,1,0.0035869123857787044,0.7879270290965723,0.07180238447348256,0.005653736735234667,0.12459207017797316,0.0007812947754212968,0.005656572355537435
plot_3012,4,0.6006584838947626,2,0.14564344458394524,0.2097066058760657,0.39934151610523744,6.38308303178024e-05,0.13620831161017824,0.006033822742155267,0.10300246825210035
plot_3013,4,0.440842508601202,1,0.030090455484142006,0.5591574913987216,0.19742882880122814,0.0007440143745921386,0.15606343229476277,0.0009735935759392809,0.05554218407061401
plot_3017,4,0.7685730867335971,1,0.03395792854409059,0.4723774106531665,0.22762847092370625,0.0010159163331904203,0.23142691326640297,0.003364634231923319,0.030228726047519937
plot_3018,4,0.5009067899314521,2,0.12824049178070074,0.17563318369812211,0.4990932100685479,0.0010983210792635065,0.13765004508172873,0.015577304358546092,0.042707443933090936
plot_3019,4,0.21282143538122458,1,0.003563552157071356,0.7871785646187753,0.07264104202572721,0.005919369448986736,0.12418254079819639,0.0008168438439605977,0.005698087107282199
plot_3020,4,0.41104351318855303,1,0.01556925964464773,0.588956486811447,0.21847822106021444,0.0069565863877755485,0.14543218268025193,0.0060067505509445816,0.01860051286471883
plot_3088,4,0.5716048776168033,2,0.013995350424292653,0.19534194870106114,0.4283951223831967,0.0002569419395964749,0.16947462043680592,8.99872505504259e-14,0.19253601611495716
plot_3089,4,0.4884291977813051,1,0.01584314515407814,0.5115708022174855,0.2201025724707141,4.41882512651629e-05,0.16675155619575752,1.0174002772616203e-13,0.08568773571059798
plot_3090,4,0.3797256659020844,1,0.0031758918902438614,0.6202743340977247,0.15055734109702085,0.0007489474090686965,0.18871111245864255,2.3217640259229435e-05,0.03650915540704014
plot_3121,4,0.5897845820909104,2,0.010220895746444721,0.2709396488660026,0.41021541790908955,0.00017243877002521085,0.17116763155906783,6.567407287703829e-14,0.13728396714930427
plot_3144,4,0.675927814766945,2,0.0031486178653203235,0.0750920576227838,0.3484446663333042,0.0,0.2492424729455367,2.54479038341421e-17,0.324072185233055
plot_3147,4,0.17810970042909863,1,0.0,0.8218902995674775,4.831225013222977e-05,0.0,0.15128491252855403,0.026441805548822896,0.0003346701050132878
plot_3148,4,0.7120795451421353,2,0.10067419194683329,0.24376881858209878,0.2879204548578646,0.0,0.26611433848026184,8.136735427774364e-16,0.10152219613294075
plot_3150,4,0.1557284481775465,1,0.0,0.8442715518224126,0.0,0.0,0.0009292170179494421,0.15479923115963795,0.0
plot_3151,4,0.7583555969014002,1,0.19824858520744051,0.3736033042459853,0.09684789447195478,0.0,0.08965581297601807,1.602293750577964e-15,0.2416444030985998
plot_3152,4,0.6325205949861674,2,0.0009708598459856486,0.12730360475772695,0.3674794050138327,0.0,0.20037680957226808,7.846728511753356e-18,0.3038693208101867
plot_3153,4,0.1705609188017184,1,3.1529555643512174e-05,0.829439081193704,0.0006252318175973824,0.0,0.16205659558805818,0.006090248259226444,0.0017573135857705405
plot_3154,4,0.7688194215578,1,3.0588674230504556e-05,0.504050771699556,0.0031679736512940353,0.0,0.23118057844220002,2.4722629253687734e-19,0.2615700875327194
plot_3155,4,0.30083015822435033,1,0.003393384270998131,0.6991698417754648,0.00033432069926485835,0.0,0.25308966637736685,0.00016757878802393532,0.04384520808888141
plot_3156,4,0.7180704805351956,1,0.0009833003874659624,0.5608973841774847,0.002491051634917623,0.0,0.15369874433532732,7.947276992363159e-18,0.2819295194648043
plot_3157,4,0.36799703877504775,1,0.0009533222630609972,0.6320029612249523,0.002242001636080701,0.0,0.15674565158374354,7.704991995036525e-18,0.20805606329216253
plot_3158,4,0.6212837083457651,4,0.07315465720262777,0.2575105039867727,0.20999515323878276,0.0,0.3787162916542349,5.912539051504965e-16,0.08062339391758128
plot_3160,4,0.11832845429424557,1,0.0,0.8816715457057267,0.0,0.0,0.0007233358235693833,0.11760511847070396,2.6251902272859897e-109
plot_3161,4,0.07059649229355743,1,0.0,0.929403507706384,0.0,0.0,0.00011492000798208312,0.07048031320529818,1.2590803358127805e-06
plot_3163,4,0.6284691403466283,4,0.06859864926645293,0.3584665033310328,0.13383677634924535,0.0,0.3715308596533718,5.544311299059792e-16,0.06756721139989658
plot_3164,4,0.6251652943885546,1,0.0,0.41973189576804504,0.06589301330348898,0.0,0.13954038531702057,1.3364499178672388e-25,0.3748347056114454
plot_3166,4,0.6568818991769791,2,0.001052218515669558,0.26818481544037875,0.34311810082302086,1.8775237072376316e-05,0.226871654116478,6.338077993687376e-15,0.1607544358673741
plot_3167,4,0.5004492341329116,1,0.0017235308340034776,0.4995507658670883,0.2393675541988134,2.8048604129774797e-05,0.17155095879601404,1.0905968275958761e-14,0.08777914169994022
plot_3168,4,0.7561444277988403,1,0.0,0.7540532567196102,0.0,0.0,0.002091171079230098,0.24385557220115978,0.0
plot_3169,4,0.09129770413406668,1,0.0,0.908702295862367,0.0,0.0,0.0007759332750958647,0.09052177086253725,0.0
plot_3171,4,0.7147092769484036,6,0.0009525535499928966,0.13304229865063663,0.2783960672769272,0.0,0.2852907230515963,7.698772564878642e-18,0.3023183574708469
plot_3172,4,0.4457582910263303,1,0.02260126757957542,0.5542417089735846,0.047700316441656856,0.0,0.2742947421442155,1.8266899651650229e-16,0.10116196486096732
plot_3173,4,0.6354341583219006,1,0.13200445127262958,0.36456584167739575,0.16016311084402213,0.0,0.2484267379493565,1.0668923924489538e-15,0.09483985825659497
plot_3174,4,0.24339951920754058,1,0.04887909242490457,0.7566004807772757,0.010636183572179774,0.0,0.11297563541672012,3.9505284083270546e-16,0.07090860780891949
plot_3177,4,0.2069331101724186,1,0.0,0.793066889827453,0.0,0.0,0.01942007899286938,0.18751303117967769,7.905497702425468e-108
plot_3178,4,0.41708953591142695,1,0.13877876670651776,0.5829104640849723,0.04211278630281297,0.0,0.09054272966401589,1.1216440748073589e-15,0.14565525324167988
plot_3182,4,0.39248656680444627,1,0.00010014860311279429,0.6075134331954325,0.00029169980205019126,0.0,0.1670125341898495,8.094313069500355e-19,0.22508218420955511
plot_3183,4,0.7587297009338259,1,0.24127029906617228,0.3470817244941095,0.10249242668833239,0.0,0.14848799137974142,1.95000580705184e-15,0.16066755837164248
plot_3187,4,0.35660134279013045,1,0.0031649569895279566,0.6433986572098696,0.19501156713241083,0.056677634157249385,0.03940888913180839,0.011660073793669627,0.050678221585464346
plot_3192,4,0.6300256518793698,0,0.36997434812025803,0.05554039985353784,0.27521917932626283,1.9481874933898977e-05,0.2014366235444912,0.011060973264029833,0.08674899401648634
plot_3199,4,0.7894806986253733,2,0.03416416975222247,0.025870714493207804,0.41876926891495037,0.0008344123726966679,0.06698127480568616,0.21051930137462668,0.24286085828660997
plot_320,4,0.4041966733906074,1,2.3395746751010348e-05,0.5958033266093926,0.03972207170117463,0.0,0.19374917079899368,4.479438121269394e-16,0.1707020351436877
plot_321,4,0.2912359198754957,1,1.5912696884385026e-17,0.7087640801245043,0.01409920682236747,0.0,0.19298545496963843,1.0200689586012968e-15,0.08415125808348878
plot_323,4,0.32480881463750455,1,0.0,0.6751911853624954,0.030036246127398893,0.0,0.16174465069429894,0.1330279178158067,3.594996760557652e-82
plot_3268,4,0.33025326615355793,4,9.530453507410172e-05,0.04445658279327893,0.2825818724618219,0.0,0.6697467338464421,0.003119506363382971,1.8877516087800222e-105
plot_3269,4,0.66203302435965,4,0.0018985526920898817,0.07818165257584378,0.33796697564035,0.0,0.5582806996993588,0.023672119392357485,2.6688648832239607e-105
plot_3397,4,0.7231193783876032,1,0.008150255029585345,0.2981966045812344,0.28798455384975813,0.000150958968117104,0.27688062161239696,5.2359228829941383e-14,0.12863700595885574
plot_3428,4,0.08198117901708682,1,0.0,0.9180188209829132,0.0,0.0,7.831069628109117e-05,0.08190286832080576,0.0
plot_3445,4,0.7449349179049056,2,0.022170586099634473,0.21355132634538726,0.3053513512160684,0.18451717353868985,0.2550650820950945,0.015297979174353622,0.004046501530772074
plot_3448,4,0.13836684592474996,1,1.6493247118656213e-06,0.86163315407525,0.0,0.13548085045200242,0.00021930993314251622,9.862694889742879e-05,0.0025664092659956755
plot_3449,4,0.27253755164683624,1,1.0059288703249475e-05,0.7274624483531579,0.0,0.2709643212329031,0.0010443315442503268,5.093912265447654e-06,0.0005137456687201198
plot_3450,4,0.5257269428331098,1,0.00012693375628656324,0.5201943738301358,9.732824219832977e-06,0.4742730571668902,0.0028161925917332235,3.886730852817899e-09,0.0025797059440035904
plot_3451,4,0.5396598394959977,1,8.266695163447016e-06,0.5383851583454751,0.0,0.46034016050400234,0.0010578112584270125,3.9985911873854964e-07,0.00020820333781356508
plot_3452,4,0.7795701236574308,1,3.3105633953952878e-285,0.7560638759251415,0.0,0.22042987634256914,0.00077510600917277,0.0022042236634365743,0.020526918059680203
plot_3453,4,0.7376559406729651,1,0.00021868203053760618,0.7282225327957101,1.5270650768268275e-06,0.26234405932703503,0.0067334293515045615,5.5434054653443167e-05,0.002424335375482423
plot_3457,4,0.08055566112175139,1,6.708493996988832e-285,0.9194443388782486,0.0,0.07184112475738859,4.633386762175393e-05,0.00012455813786438607,0.008543644358876678
plot_3458,4,0.14880832136371822,1,1.07736898678262e-06,0.851191678636276,0.0,0.13828837276588155,0.00032047247504421824,0.0006326593479696047,0.009565739405841933
plot_3478,4,0.6693861316639185,5,0.33061386833608164,0.09537735631439395,0.09549502783651195,0.0025483219259296065,0.012128063447857943,0.387915476553787,0.0759218855854379
plot_3479,4,0.5941562896145566,1,0.0,0.4791463690855227,0.025507986398310537,0.0,0.4058437103854434,3.984372879703832e-24,0.08950193413072337
plot_3480,4,0.21533695555636895,1,0.0,0.7846630444436309,0.016215057618721954,0.0007146942649306028,0.15990336243611938,5.366234045493055e-23,0.038503841236596906
plot_3484,4,0.035965440646414625,1,0.0014183497209726559,0.9640345593535854,0.0015728854645894123,0.0001887946264743263,0.03248109888583853,2.4277083123092287e-16,0.0003043119485394918
plot_3485,4,0.03621065489036448,1,0.004308446476009775,0.9637893450933487,0.0052354082628523774,0.0013575454558233415,0.023006795681386177,1.5327812589033991e-15,0.002302459030577932
plot_3487,4,0.3149793788983057,1,0.0,0.6850206211016944,0.06868831395321791,4.1142001463685984e-05,0.20687706766925507,3.370237926795438e-22,0.03937285527436906
plot_3491,4,0.05652785275823763,5,0.05415986222045851,0.0,0.0003083117851652673,0.00045856401259509284,0.001601114740018812,0.9434721472417624,4.687669542405815e-246
plot_3505,4,0.7041734824223421,1,0.0002621655381593953,0.6936653798733368,1.814751345707729e-05,0.0,0.295826517577658,0.0023422606128595115,0.007885528884529334
plot_3506,4,0.5988171171870754,2,0.016397491554062067,0.09390473044984005,0.4011828828129246,0.0,0.2680979775357999,1.3252855437158928e-16,0.22041691764737328
plot_3508,4,0.6332918329321295,1,4.390145273654057e-05,0.3667081670678704,0.1323847409555872,0.0,0.15248067268277182,3.5482258595930597e-19,0.3483825178410341
plot_3510,4,0.1202058040230456,1,0.0005701490148488198,0.8797941959764295,0.018422060362800544,0.03177861293590166,0.061830294029627496,1.143812270894223e-13,0.007604687680277519
plot_3637,4,0.10618416022780208,5,0.09956298253010493,0.0,0.0004773916726446262,0.0010350665696951212,0.005108719455357417,0.8938158397721979,1.218371472590212e-245
plot_365,4,0.7280486389805203,2,0.1938246475856129,0.27195136101947953,0.4078653951434735,0.0,0.06477264377890495,2.9759349454964275e-05,0.061556193123074025
plot_366,4,0.4563991883773915,2,0.1425126695839536,0.16976461543490823,0.5436008116226085,0.0,0.03552797393129272,0.0005322654677201837,0.10806166395951684
plot_3673,4,0.18937387815853682,5,0.14648269107312029,0.0,0.0009353852176482876,0.005771030752559317,0.036166665201926004,0.8106261218414632,1.8105913282938133e-05
plot_3677,4,0.1631316435134708,5,0.13951193289603608,0.0,0.0029018652464453463,0.004335561902145156,0.016382283468844242,0.8368683564865292,7.2703533621760445e-245
plot_3686,4,0.6629976711972112,1,0.0,0.6209293103498771,0.04062215661388832,0.00024080698289790346,0.3370023288027888,4.944270062313616e-05,0.0011559545499248505
plot_3687,4,0.3313675650205653,1,6.51171269024132e-06,0.6686324349794347,0.07224971733243785,0.0018574987827777423,0.2528609964137828,0.0004041373365896475,0.003988703442287029
plot_371,4,0.4733826548991327,6,0.04735257480601756,0.15045404259147238,0.08622270592942688,0.0,0.18934811644695698,5.215125258946094e-06,0.5266173451008673
plot_3715,4,0.71297226463135,1,0.0,0.707474718585665,7.920779797148228e-05,0.001966928079432134,0.28702773536865006,0.0034514101536911156,1.459033950166236e-11
plot_372,4,0.55716310908142,4,0.17962632130314837,0.05256253121160675,0.21223028520149026,6.560727426004078e-05,0.44283689091858003,8.35297084817415e-18,0.11267836409091453
plot_373,4,0.6506820104413162,1,0.3493179895586838,0.35434143991022793,0.0,0.0,0.2950051505739326,7.219638037434812e-15,0.0013354199571484608
plot_3733,4,0.3057086982427909,1,0.0,0.6942913017572091,0.045111524214993697,2.788880197142384e-05,0.22851817895597812,7.501676865914508e-23,0.03205110626984761
plot_3734,4,0.11632812147344626,1,9.815771914911012e-283,0.8836718785265532,0.0007473239760197042,0.0012207185490447452,0.07408831180890937,0.040271767139473,5.82382033851559e-51
plot_3735,4,0.22788367671608595,1,3.275859216558564e-284,0.7721163232839141,0.0014368193550337634,4.64784392758781e-05,0.1562690354897433,0.07013134343203307,1.145934410657267e-50
plot_3736,4,0.20625709804777143,1,5.552566114267073e-284,0.7937429019522286,0.0013842866830581107,7.564315287479998e-05,0.14112481964265539,0.06367234856918313,1.0684008277968607e-50
plot_3739,4,0.37185891181658276,1,0.0,0.6281410881831188,0.008204776294771987,1.560468688889844e-05,0.3372325590850353,2.1624610077173035e-23,0.026405971750185005
plot_374,4,0.6631173768192536,0,0.3548077810796215,0.3074507818530623,0.0,0.0,0.3368826231807463,5.43360419972121e-15,0.0008588138865644609
plot_3740,4,0.5078160568403558,4,0.0,0.4483073806365989,0.0020263773365396037,1.6632989543569944e-05,0.4921839431596442,6.348694116337539e-23,0.057465665877673766
plot_3741,4,0.25787384657292983,1,0.0,0.7421261534270701,0.027137423469627633,0.0005035228486046743,0.19055648699858235,2.0689745715195098e-22,0.03967641325611517
plot_3742,4,0.4859702279797285,4,0.0,0.43336031979755196,0.0010446416638077223,0.0,0.5140297720202714,3.6396152163809457e-23,0.051565266518368694
plot_3749,4,0.46084467324953143,1,0.0,0.5391553267502204,0.0050801370548254916,0.0,0.42089077113362205,8.197875288894824e-24,0.03487376506133217
plot_375,4,0.5748630821296841,6,0.020163480869790883,0.032234202836527115,0.16854848734347122,0.00040208744574569993,0.30144478566531474,0.05207003796883432,0.42513691787031604
plot_3752,4,0.15763768020244154,1,4.894220321941726e-06,0.8423623197975498,0.0,0.15594178818453633,0.0005166420006837177,2.4483046908894096e-05,0.001149872749999314
plot_3753,4,0.07928888632197868,1,6.71517006970989e-281,0.9207111136780197,0.0,0.07794200210145781,0.0007769685371915303,0.000166810948710009,0.0004031047346210376
plot_3754,4,0.3090457989668407,1,0.0,0.6909542010331593,0.002315627728551957,9.963635243656064e-06,0.211032628839476,0.09568757876356912,1.698110030055477e-50
plot_376,4,0.02692870324586687,1,0.0008087501078523812,0.9730712967541331,0.00046821727719963076,0.013110575988120238,0.01061188467359148,3.9303526170396214e-05,0.001889971672932689
plot_3760,4,0.04768679505248628,1,1.342659516014108e-282,0.9523132049475137,8.340509326665669e-05,0.0017432351613250823,0.03149129104848772,0.014368863749406815,1.2645631482477414e-51
plot_3761,4,0.03352344615176756,1,1.7040326076426165e-281,0.9664765538482318,2.4567266017669227e-05,0.01995453076821505,0.008921949266276376,0.00459804992456336,2.434892669570648e-05
plot_3762,4,0.13608280732630257,1,1.6339257234155639e-06,0.86391719267369,0.0,0.1277201442597131,0.0004318820976183558,0.000754703288096886,0.007174443755158227
plot_3763,4,0.2969043385360864,1,0.00039813256390744937,0.7030956614639073,3.7677497801357185e-06,0.28228171195372065,0.011907501419238227,9.332648262209882e-09,0.0023132155167980696
plot_3764,4,0.23957947948256753,1,0.00010333896462831065,0.7604205205174307,6.201238310562873e-06,0.23358540782964032,0.003975824214156535,2.515805726123607e-09,0.0019087047200278798
plot_3765,4,0.743386704169228,1,0.0002951534346322446,0.7309983836604125,7.827210282687086e-06,0.25661329583077186,0.009254665988844231,7.101300312908412e-09,0.0028306667737561693
plot_377,4,0.11539095640462432,1,0.024541601290871573,0.8846090435952547,0.00010435624988293761,7.539938364228565e-05,0.002029158647842269,0.08829868084470677,0.0003417599877994969
plot_378,4,0.8021866708206216,4,0.1978133291793783,0.051669765979333565,0.020593635224639334,0.06055786625444774,0.5836271972090018,1.5081041824727684e-11,0.08573820613811811
plot_379,4,0.4205806292366191,4,0.10564229695542765,0.14140832359122688,0.007878421421678716,0.12455465051522235,0.5794193707633809,4.761516151354248e-12,0.04109693674830203
plot_380,4,0.4653023176175688,4,0.048641633695724884,0.11081688575438692,0.06733148560517421,0.02119199063030546,0.5346976823824312,1.5810379119377567e-10,0.2173203217738735
plot_381,4,0.6640165279915574,4,0.016157834542612656,0.0455924553623721,0.22473416257261486,0.0027111903960832977,0.3748208848481367,2.69737838838429e-10,0.3359834720084426
plot_382,4,0.5756482115266859,4,0.014456445281033035,0.2816060271075885,0.11617844979317703,0.020050492572643755,0.4243517884733141,2.131495983891554e-11,0.14335679675092872
plot_389,4,0.6162082021439259,1,0.02309492362046385,0.38379179783004047,0.34129442316425623,0.05180685072040589,0.10438605869268633,5.739569054878041e-05,0.09556855028159844
plot_390,4,0.5218649525557555,2,0.029637168376939936,0.3200902642480204,0.4781350474442444,0.011761772562658276,0.0648749757973646,1.593880172011902e-07,0.09550061218275495
plot_394,4,0.3817928253232159,1,2.4863710173251853e-05,0.6182071746767841,0.0365110396703585,0.0,0.21728919931963742,1.0882413697626014e-15,0.12796772262304557
plot_400,4,0.4635094201862411,1,0.0677088482665119,0.5364905798134666,0.005717381531811182,0.17859622812379627,0.18383738681589465,6.890832947642193e-20,0.027649575448519335
plot_401,4,0.21730902403412639,1,0.003267153654161734,0.7826909759653776,0.0012099435850810537,0.13672944721368374,0.07335361339055774,5.189315425924619e-14,0.002748866191086236
plot_402,4,0.1634339223556132,1,0.001926168866619842,0.8365660776438956,0.0037067583664316694,0.07557529212215978,0.07550164869746762,1.1292005522502964e-13,0.006724054303312638
plot_404,4,0.6340468574860678,1,0.05836862531001148,0.39606603792492934,0.002282904864061201,0.006698532892199446,0.14651198492559409,0.024118771569272286,0.3659531425139323
plot_405,4,0.4572571356178012,6,0.028435118528346313,0.0,0.01839866214263377,0.38639199059557416,4.74832245843368e-05,0.023983881126662644,0.5427428643821989
plot_406,4,0.5684312818105631,6,0.008979837816842801,0.0,0.00582063123077825,0.4315687181894369,1.261458528530773e-44,0.008330582198113352,0.5453002305648288
plot_407,4,0.44142199966120543,4,3.668916351372648e-18,0.2912148695223723,0.01497243506326262,0.0,0.5585780003387946,1.3071954675736907e-14,0.13523469507555735
plot_408,4,0.7569630966927683,1,4.629830623046239e-05,0.4158114555536713,0.10008841409746935,0.0,0.2430369033072316,1.2582670650716798e-16,0.24101692873539693
plot_409,4,0.34487851990153456,4,1.133582664741864e-05,0.14150475184522218,0.02318048087734666,0.0,0.655121480098357,2.4674194859517026e-05,0.1801572771575672
plot_4111,4,0.35972995959795706,1,0.005367362466273189,0.6402700404018506,0.03642867879650766,0.025117825434963832,0.2292411472892666,5.065880796368947e-12,0.0635749456060722
plot_4112,4,0.649582388975232,1,0.3504176110247651,0.4745853001936118,4.410137588624775e-05,0.0016510578812133929,0.09281528854719062,0.08022257629317306,0.0002640646841598345
plot_4113,4,0.5575938985705109,4,0.0,0.00590837830874986,0.4424061014294892,0.0,0.5513146974519485,1.0383799263350479e-19,0.00037082280981243687
plot_4114,4,0.47703079501004086,4,0.0,0.0008167277733962708,0.4762140672366446,0.0,0.5229692049899591,8.189860501938343e-20,4.755818511902222e-106
plot_4115,4,0.7310827410380321,4,0.2689172589619679,0.04804018651087236,0.08416100247254928,0.0,0.3248563028022193,5.76732793313886e-15,0.27402524925238547
plot_4119,4,0.39007399404131293,1,0.01033250024688686,0.6099260059586871,0.09755799163654605,0.0,0.18840203442228004,8.491026757426278e-17,0.09378146773559984
plot_4120,4,0.4497114791843044,1,0.011173735567857392,0.5502885208156957,0.0841459664971096,0.0,0.20918792230561442,4.925828494281849e-17,0.14520385481372303
plot_4121,4,0.5729030419964128,1,0.20423567397782272,0.4270969580033615,0.10150576407915166,0.0,0.21324714399923939,1.4019360753735143e-14,0.053914459940410726
plot_4124,4,0.4927048888026613,1,0.17594664325359524,0.5072951111972606,0.0952726004058839,0.0,0.18639617721071158,1.1883861446975482e-14,0.03508946793253669
plot_4125,4,0.6072734027720007,6,0.1306460808106169,0.00027869549111635687,0.020947320458255057,0.0,0.39272659722799935,0.0007965332318857245,0.4546047727801267
plot_4126,4,0.457487913626505,6,0.10233214277122649,0.0039005268380584903,0.01844356854563533,0.0,0.33281167547158397,7.421140997433115e-16,0.542512086373495
plot_4151,4,0.6379634241680432,1,0.3620365758319345,0.4811534290978432,0.018858398897839503,0.0002809205836733085,0.015681964840663955,0.11255661557684189,0.00943209517120367
plot_4165,4,0.43858153774907027,1,0.3901588197115907,0.5614184622509297,0.005392076858606187,0.0009954624006466178,0.00192543545167549,0.038976870038846104,0.0011328732877051923
plot_4177,4,0.6177549561558915,1,0.38224504384410857,0.458613570434163,0.00010282620753418318,9.893038014482824e-05,0.04781706141009137,0.11069471701125466,0.0004278507127033915
plot_4178,4,0.4933380884987859,4,0.08696537685388184,0.0024283945543767697,0.009499896860362084,0.0,0.5066619115012141,1.9356058218681868e-05,0.39442506417194656
plot_4181,4,0.6514155499949015,4,0.18880913756854867,0.16854282818245897,0.13010195391068338,0.0,0.3485844500050985,1.0218683349981735e-14,0.16396163033320027
plot_4182,4,0.7866401339999205,4,0.1726424139468286,0.14871226801374562,0.21335986600007942,0.0,0.2733900295057229,8.989052138894902e-15,0.19189542253361455
plot_4183,4,0.5256056041317101,6,0.1266402378752195,0.043398392556163345,0.11365272796859724,0.0,0.2419142457317266,3.448314820075715e-15,0.4743943958682899
plot_4184,4,0.4992480319967475,4,0.10072299322718037,0.00797984444829705,0.014898462897196534,0.0,0.5007519680032525,1.0273827835485112e-15,0.3756467314240725
plot_4185,4,0.6793144873543346,1,0.052946276577378854,0.335463405832288,0.09161752795218263,0.0,0.3206855126456653,7.575516369219329e-17,0.19928727699248505
plot_4192,4,0.4851479940448067,6,0.08343676295086952,0.1106212056122674,0.07445973255907434,0.0,0.21663029292259495,4.381224849304809e-16,0.5148520059551933
plot_4196,4,0.7941221987454145,1,0.020151758471213116,0.42045683560373415,0.20587780125458557,0.0,0.22237208976097045,1.0446698533127472e-16,0.13114151490949674
plot_4197,4,0.35228033811434206,1,0.010381321962850586,0.647719661885658,0.08487105224203342,0.0,0.19129564838656848,1.1058515117001133e-16,0.0657323155228895
plot_4198,4,0.30436678620665625,1,0.01891751254368468,0.6956332137932811,0.08306206352582579,0.0,0.16506502615944305,7.696824486763374e-16,0.0373221839777645
plot_4199,4,0.3749377174970098,1,0.022404472840016346,0.6250622825029115,0.11202339897785418,0.0,0.1960645764225929,7.32109716756222e-16,0.0444452692566242
plot_421,4,0.06729049511533138,1,0.0,0.9327095048845605,0.01874462412662409,0.0383684360421462,0.006373986557216213,0.003803448389453065,3.885611974525961e-52
plot_422,4,0.3878809235088704,1,0.0,0.6121190764897025,0.2255305952318577,0.0010125786495975757,0.04321643435705451,0.11812131527178779,1.9053048097944676e-50
plot_4225,4,0.5221336208822813,4,0.0013888252353580187,0.19544102119271187,0.2821573878090217,0.04313015284230471,0.47786637911771873,1.4144571254636063e-05,2.0892316304148285e-06
plot_4226,4,0.5063522083181256,4,0.10632979853195114,8.153812818713584e-05,0.20786620438393222,8.811805458558767e-06,0.49364779168187434,2.3696187085665883e-20,0.19206585546859645
plot_4227,4,0.3404409909010801,4,0.02297033016451575,0.0009276545677888653,0.26137311010223124,0.0003190448514090731,0.65955900909892,6.400506527426445e-05,0.054786846149861006
plot_4228,4,0.7276165878847372,4,0.06832753908545851,5.611598493911951e-05,0.27238341211526296,8.086790612641822e-06,0.485600816492475,9.621719658395359e-06,0.17361440781159349
plot_4229,4,0.3292033934029959,4,0.0024715346942193466,0.0010322732218802234,0.3102344656877586,0.00041344554728856996,0.6707966065970041,0.0005297947807650393,0.01452187947108418
plot_4230,4,0.513688660324493,4,0.0016116428497841289,0.0009526374152663789,0.4863113396755071,0.0003962517676077869,0.5030065618383475,0.0010573633378700047,0.006664203115617197
plot_4235,4,0.4099440505543005,4,0.0022196733493099045,0.00013883011424944115,0.3922951851325553,0.00010160948513912993,0.5900559494456995,0.0012093370345992714,0.013979415438447551
plot_4236,4,0.6768302039291884,4,0.09345982606759905,0.0005669734962318916,0.17772048350201555,0.0,0.40507605686057707,6.864002764824765e-06,0.3231697960708117
plot_4237,4,0.5337512447517876,2,0.008625504202590886,0.22277797538700933,0.4662487552482124,0.05276777506223569,0.24952415711998804,9.180476039997533e-06,4.665250392364906e-05
plot_4241,4,0.6379601462537692,1,0.009366975090411383,0.44148664481737276,0.1754940568160374,0.011566941127229682,0.3620398537462308,1.9587228342346978e-05,2.594117437558665e-05
plot_4249,4,0.40396375182940414,6,0.3775657556447417,4.484278888699705e-05,0.0025360807500795658,0.0,0.023814108922639677,2.9687314521985024e-06,0.5960362431621999
plot_4266,4,0.2963360049349001,4,0.013373936090584506,0.00287761031418041,0.1306393787326931,0.0,0.7036639950650999,3.315329475803538e-05,0.14941192650268395
plot_4270,4,0.2934928105206871,4,0.009449981570713223,0.0014978603511670244,0.16145346775776037,0.0,0.7065071894793129,3.4940906462534314e-05,0.12105655993458396
plot_4271,4,0.40472104111811236,4,0.0013818855035524283,0.003695747817509501,0.39293891912647727,0.002632874601324263,0.5952789588818876,0.0011110031227727038,0.002960610946476207
plot_4284,4,0.23969277302111042,2,0.00014203228854135666,0.08839192907896694,0.7603072269788896,0.1043353818225602,0.046640591815223946,5.377848552972882e-12,0.00018283801044017154
plot_4297,4,0.7805572707339976,2,0.0007302483375631319,0.05930343801427061,0.6265285125713272,0.21944272926600233,0.09392330365317668,2.6557115560736734e-11,7.176813110279035e-05
plot_43,4,0.1567766141263982,1,0.0,0.8432233858734867,0.09388786016118825,0.012168211645529474,0.017432923558012396,0.0332876187617832,4.776909370971673e-51
plot_4301,4,0.4118559838131881,2,0.0020214448464873514,0.04521740924496867,0.5881440161868119,0.15964806402761736,0.20318849105903714,3.454918037279429e-11,0.0017805746005284616
plot_4302,4,0.3251473832130576,2,0.0005373658811090717,0.10268286068744997,0.6748526167869425,0.10219575595495371,0.11904443688123395,1.9134895877752194e-11,0.0006869637891760024
plot_4326,4,0.6393017770623931,2,0.022296331835967055,0.14546782505195177,0.3606982229376069,0.008139650861036178,0.12200549489556829,2.3388603009020365e-16,0.3413924744178695
plot_4327,4,0.7705138008730059,1,0.07196305112578763,0.3525568298282608,0.1521691241405484,0.01230034212609752,0.2294861991269941,8.234669234453299e-19,0.18152445365231157
plot_4328,4,0.7976004091233583,1,0.2023995908766417,0.42683125651497755,0.0445941108699158,0.05817442496427369,0.15713438396196266,4.635321096759372e-19,0.11086623281222857
plot_4329,4,0.07612165293317458,1,0.014955626544627454,0.9238783470667405,0.005864619244417641,0.008874788460964055,0.04101130919791909,1.9024670520850035e-06,0.005413407018279152
plot_4347,4,0.30995794807507493,2,0.0002223033134217617,0.10673097202259921,0.6900420519249251,0.12138926545413461,0.08136536350136181,8.417195576638389e-12,0.00025004377514040345
plot_4358,4,0.19469149545401868,1,0.018951120731335362,0.8053085045459814,0.03881818588494357,0.003754965009235268,0.09716953604143043,3.5904495490279513e-19,0.03599768778707407
plot_4359,4,0.2139154609462122,1,0.05455139348177621,0.7860845390537327,0.01944972803846578,0.023077885753502364,0.09247444913753401,3.324693290290393e-19,0.024362004534989077
plot_44,4,0.06140410170121394,1,0.039431669895636456,0.9385958982985233,0.0025369719034673576,0.0,0.019372560606470086,1.054311339991173e-06,6.184498456288909e-05
plot_4452,4,0.48641454965689845,2,0.0015771814634549198,0.0010702665251907358,0.5135854503431015,0.0004512306405951743,0.4789980162797126,0.0012748242460106592,0.003043030501934327
plot_4471,4,0.6932298147561726,1,0.0,0.4219219117766841,0.04158668811947116,0.0,0.21470821454473918,0.3067701852438275,0.01501300031527813
plot_4472,4,0.701173293296025,1,2.7566105036533335e-06,0.3638982051564889,0.19039957605899405,0.0,0.1334749629540947,0.2988267067039751,0.01339779251594357
plot_4473,4,0.5785442671676801,2,0.00011268661767598963,0.22357162219327706,0.42145573283231974,0.0,0.1414976669236258,0.18290501414948468,0.03045727728361678
plot_4474,4,0.5338562271886329,2,0.012759088828555174,0.09326738545569566,0.4661437728113671,1.1616871109393817e-05,0.3394105606901252,0.0037415422187922257,0.08466603312435525
plot_4475,4,0.5660045919874229,1,4.837659172475731e-17,0.43399540801257713,0.040423672611367985,0.0,0.30717857627797024,0.20455597408242052,0.013846369015664188
plot_4476,4,0.32915711361874256,1,0.1887947723858795,0.670842886380995,0.00808984166064166,0.0,0.1320105253995098,0.00022880332713317797,3.317084584095576e-05
plot_4477,4,0.3307134687003521,1,0.14549251079408748,0.669286531299428,0.00037862549378817967,0.0,0.18484047025772904,1.8621549674402968e-06,5.255193929265364e-25
plot_4482,4,0.497742953397137,4,0.0603766800946926,0.22550023888406603,0.16881596817984426,1.2661911938976266e-05,0.5022570466028631,0.0006436107211488613,0.042393793605446324
plot_4483,4,0.47390088266854924,1,2.3852787491902726e-06,0.526099117331258,0.15619204439687923,0.0,0.08431773804667278,0.2287005520280698,0.004688162918371188
plot_45,4,0.5976475934258916,1,0.001820266805662712,0.5661264550146287,0.4023524065741085,0.00019859369511303555,0.014800549819435089,2.917449127307835e-06,0.014698810641924756
plot_4510,4,0.22262219134028088,4,0.006920753742611625,0.0010190361774755816,0.12014176900971701,0.0,0.7773778086597192,7.152346232630815e-05,0.09446910894815039
plot_4511,4,0.7044084006403943,4,0.04847847137029895,0.004320175933168982,0.1446113288780389,0.0,0.5069911739529511,7.2505059363607156e-06,0.29559159935960566
plot_4512,4,0.3505663550871516,4,0.016687212156346144,0.000251735647583326,0.2082889678267449,1.7504320707072648e-05,0.6494336449128484,0.00040196381297150866,0.12491897132279872
plot_4513,4,0.28919426225381883,5,0.06842393558339695,0.203148343616134,7.63875329514775e-07,0.0,0.00816452266572692,0.7108057377461812,0.009456696513231408
plot_4514,4,0.41783919448892537,5,0.16385086850573513,0.17126178216490404,0.00013248165222531124,0.0,0.02453548455780936,0.5821608055110746,0.058058577608251664
plot_4515,4,0.24312015128349057,1,0.0274377363682733,0.756879848709967,0.00019595845814150865,2.8028315076554372e-05,0.21545159340378106,6.834744760605347e-06,5.6415253091487585e-90
plot_4541,4,0.7845658231575843,2,0.002213847115172664,0.062257707798339446,0.41906066942965803,1.1409717905381681e-05,0.26938957701662875,0.03163261207987998,0.21543417684241578
plot_4552,4,0.37057661353175947,1,0.019233293397188586,0.6294233864682406,0.12351719787553397,0.0023890741192961833,0.2250619235652953,1.8081126359322615e-05,0.00035704344808602773
plot_4553,4,0.3734539286290035,1,0.047407583556461005,0.6265460713709965,0.12400163371801018,0.006594579323608531,0.19487815105775574,1.7946327080478671e-09,0.0005719791785353544
plot_4554,4,0.42396552621207323,1,0.04863507649569639,0.5760344737879268,0.17022426647199512,0.009620041901104543,0.1948978582358216,1.841091394492852e-09,0.000588281266364196
plot_4555,4,0.627435347750025,1,0.05738595820923423,0.3725646522499749,0.2895292656250018,0.05922799537804334,0.2199883493136919,2.156143045752376e-09,0.001303777067910727
plot_4556,4,0.5921777867691734,2,0.02412698022525213,0.32272069817612636,0.40782221323082646,0.043596851873463696,0.20108819040398657,9.125348027871218e-10,0.0006450651778098847
plot_4562,4,0.709218380695664,5,0.290781619304336,0.07025500972158404,0.0028879450633438417,0.0,0.055609916040703596,0.3814714300391818,0.1989940798308508
plot_4564,4,0.7540978469475249,1,0.2459021530524751,0.598025515853993,0.002891416935786524,0.0,0.15315883538153613,9.865192468905591e-06,1.2213583740352103e-05
plot_4565,4,0.13539120327742193,1,0.021390563023112867,0.8646087967192458,0.0023485474866248727,5.654165223299557e-05,0.11151801819758464,4.935365086543449e-05,2.817927033333161e-05
plot_4567,4,0.6977860284933437,6,0.2125080105324205,0.1431631668377678,0.021337933673085584,0.0,0.1939256198471006,0.12685129760296918,0.30221397150665635
plot_4568,4,0.339447258725327,5,0.19605090773846895,0.07135351805272622,0.00013679174593254876,0.0,0.009618226835871583,0.660552741274673,0.062287814352327664
plot_4569,4,0.3101385566130614,5,0.07780643525538482,0.22983223956593749,0.0,0.0,0.0015430885928003,0.6898614433869387,0.0009567931989388558
plot_4573,4,0.5197040064280478,4,0.01985972502933635,0.15967363541409524,0.2473927660047529,0.00045535459391001464,0.4802959935719522,0.0019511005240178615,0.09037142486193556
plot_4574,4,0.4064950452206467,2,0.0009245050201457192,0.045266871333735276,0.5935049547793533,0.0,0.2644040874835882,0.025797856921640397,0.0701017244615372
plot_4575,4,0.5499469705396773,4,0.002086686537614538,0.28125678824351585,0.1381545063847357,0.008248037909329861,0.4500530294603226,0.00011056869077451539,0.12009038277370697
plot_4576,4,0.6721273638071199,1,0.09324142226372564,0.3278726361927947,0.07521204339678847,0.10362501282137127,0.20872444728823236,3.2225272237001753e-19,0.1913244380370876
plot_4577,4,0.7894696779573835,4,0.029492719506810726,0.19455081677754033,0.035622224140008846,0.2105303220426165,0.35088209829692407,8.878307593016145e-20,0.1789218192360995
plot_4578,4,0.5917478946930207,6,0.0632042539507538,0.20057915486701616,0.177477323090999,0.02027922839147063,0.130207934392781,1.2989239127518156e-16,0.4082521053069793
plot_4579,4,0.5472146248345187,6,0.027242362973286458,0.14819270862258177,0.24262223207615946,0.009316730741265204,0.1198405904212256,2.1886682730024499e-16,0.45278537516548134
plot_4580,4,0.6518986230389137,2,0.015968684881972495,0.22041376699537507,0.3481013769610864,0.0020979750687142337,0.11629269482948001,1.5451929597541847e-15,0.2971255012633703
plot_4592,4,0.638052435722753,4,0.0846612542476226,0.3619475642770702,0.1404559890850585,2.8460492450420233e-05,0.3855607805314183,0.00014985734848217558,0.027196094017897875
plot_4593,4,0.39280399228942214,2,0.0005674280034482145,0.05624763871763726,0.6071960077105778,0.0,0.180115861645651,0.04657995109305527,0.10929311282963039
plot_4595,4,0.729436705795373,4,4.467826858546944e-05,0.26814014285996796,0.1929592035460888,0.0,0.27056329420462705,0.20776329942954996,0.06052938169118062
plot_46,4,0.048229550573038724,1,2.1240136417058405e-05,0.9517704494269178,2.0718863236660946e-05,2.0094879379544737e-06,0.0475944053185304,3.1683885331565467e-18,0.000591176766960155
plot_462,4,0.5337416803446922,6,0.21457441891376766,0.02084005098457865,0.17235814353380252,0.012655421209100747,0.11104878303597984,0.002264862667462807,0.46625831965530784
plot_4621,4,0.7650429233275662,1,0.1443760790452056,0.6179263304221306,0.0026680383049359595,0.0,0.23495707667243382,5.853223289314236e-05,1.3943322400745895e-05
plot_4622,4,0.4601682248684801,6,0.013150627523344952,0.03637654115251754,0.27502571120345193,0.0,0.13561483007919392,5.149099717664396e-07,0.5398317751315199
plot_4623,4,0.37878015198077675,6,0.010301921673648866,0.014699981971849156,0.23581551130736808,0.0,0.11796273702790924,1.4617601328043955e-15,0.6212198480192233
plot_4624,4,0.5631328213355575,2,0.00119986262938008,0.026686412635859483,0.43686717866444247,0.0,0.15663166080610214,5.080933047688709e-16,0.3786148852642153
plot_4625,4,0.4505087445176462,1,0.002248549665361363,0.5494912554727034,0.16460655183859643,0.0,0.18064547124826502,0.08821313037692818,0.014795041398145654
plot_4626,4,0.7093899595284576,1,0.004792524276505475,0.49862617904063833,0.056393354418883976,0.0,0.14515641098092597,0.2906100404715423,0.004421490811503793
plot_4627,4,0.2593188756757987,4,0.10535242106558915,0.05321947541977188,0.0026069129998413762,0.0,0.7406811243242013,0.09804131948503922,9.874670555711522e-05
plot_4628,4,0.18374068129221932,4,0.021388383204137433,0.0018784151222326615,0.14643078414424693,0.0,0.8162593187077807,0.014006590544778342,3.6508276823932914e-05
plot_4631,4,0.38817442823189663,4,0.0,0.26795185249202735,0.09078785753973176,0.0,0.6118255717681034,0.0294347182001376,6.48463582722062e-83
plot_4632,4,0.20230021622436503,1,0.0,0.7976997837742269,0.014791461644342722,4.935247230737005e-05,0.12898266555195173,3.960114829502033e-21,0.05847673655717128
plot_4633,4,0.7137936023298388,4,0.007389157261355115,0.06969188025443407,0.1667654912872104,0.05465394710265055,0.415293126423809,3.796729489362544e-13,0.2862063976701612
plot_4634,4,0.7012332498054257,1,0.0015532862824456238,0.33946765134394785,0.2896065359315353,0.015467947978699324,0.05513782826879772,2.932861078686293e-20,0.29876675019457427
plot_4635,4,0.4924953157662832,1,1.902090487866041e-05,0.5075046842337169,0.1929303964724433,0.0013510900711043617,0.27045780912804235,4.086797107514804e-20,0.027736999189814496
plot_4642,4,0.6801485428810758,1,5.92695534263038e-06,0.5463391826465125,0.11224197875230107,0.00151108854990234,0.3198514571189242,1.2249688297381128e-14,0.020050365977005102
plot_4643,4,0.4725293368449837,1,8.075909367139946e-05,0.5274706631550162,0.24475021126270766,0.0018125623410850684,0.12956797641400733,3.6892342268801733e-20,0.0963178277335123
plot_4644,4,0.6323726504289962,1,0.0002410484467120295,0.37017727427433345,0.3676273495710038,0.005020552194466126,0.09464278388004135,3.463519304380846e-20,0.1622909916334433
plot_4652,4,0.5611413376765972,6,0.0002751633447455474,0.015119332731855048,0.43885866232340287,0.0,0.10313483073629534,5.789080151272477e-17,0.44261201086370117
plot_4653,4,0.33902589486933254,6,0.0014600844983967865,0.011210790400421958,0.2446108827402711,0.0,0.08174413723024274,7.887224135547193e-17,0.6609741051306675
plot_4654,4,0.3534238279337236,6,0.000757364424459504,0.004420306929392276,0.29222736785286185,0.0,0.05601878872700987,1.2753950609917316e-16,0.6465761720662764
plot_4657,4,0.2979051654134367,2,0.0011614542842317552,0.01462868095090632,0.7020948345865633,0.0,0.06692518249744393,6.905761585755672e-05,0.21512079006499718
plot_4658,4,0.14510823649766055,4,0.06216567761612789,0.012545714878972675,0.057244185614562,0.0,0.8548917635023394,0.012705044858988317,0.0004476135290096485
plot_4659,4,0.6866053606438175,4,0.04304246758762423,0.012264252028519582,0.31339463935618256,0.0,0.4545968796476141,4.621059200284422e-16,0.17670176138005914
plot_4660,4,0.46980712911944694,4,0.03843025782487268,0.02222707016395903,0.2737713294046511,0.0,0.5301928708805531,6.763847323164997e-17,0.13537847172596404
plot_4661,4,0.622695116288127,2,0.029500901726770896,0.14280369627395537,0.37730488371187304,0.0,0.27676330156806167,0.008467046607497633,0.1651601701118415
plot_4662,4,0.5071535900746167,4,0.07071121221834081,0.21967821615709626,0.061754661409797754,0.0,0.49284640992538337,0.0004998084809004503,0.1545096918084814
plot_4663,4,0.4082830471297234,4,0.035204700715675434,0.03374005768901718,0.2505344014752846,0.0,0.5917169528702767,3.089871385948177e-16,0.08880388724974592
plot_4664,4,0.47590283563053326,4,0.013933164799299375,0.09912020012514547,0.3385750810217685,0.0,0.5240971643694667,7.461013423845543e-17,0.024274389684319872
plot_4669,4,0.3533817977067754,2,0.006695188436924279,0.02940964313296944,0.6466182022932246,0.0,0.09270653775618125,7.182760859906169e-05,0.22449860077210135
plot_4675,4,0.14742805996448854,1,4.473508570072644e-05,0.8525719400355115,0.09749802190932703,0.0,0.0412582903783791,0.0002496058270536084,0.008377406764028138
plot_4676,4,0.3541516627502048,1,3.54657005011163e-06,0.6458483372497953,0.09534489784778273,0.0,0.17284977369274176,0.019859616446430552,0.06609382819319977
plot_4677,4,0.22049703030371615,1,2.3799410323713287e-06,0.7795029696962839,0.04880082590766123,0.0,0.14881338155991009,0.0030846534854556415,0.019795789409656817
plot_4678,4,0.6660791957391177,2,0.0009208191294072354,0.23641834258686678,0.3339208042608823,0.00964676339627152,0.26753291397023954,9.923684538246403e-14,0.15156035665623335
plot_4679,4,0.5738598079192763,4,0.0003992285777554401,0.2199786683525826,0.32227531618499805,0.02323158054704531,0.4261401920807236,1.6838700099082593e-12,0.007975014255211096
plot_4680,4,0.6238044960418265,4,0.0002799472997079193,0.3162864926144866,0.2361754796573328,0.004288341569521728,0.37619550395817347,8.56681096754475e-15,0.06677423490076906
plot_4681,4,0.4565658938087384,1,5.8113655889921304e-05,0.5434341061912616,0.2005949829721427,0.0018728635810583945,0.16569744411429885,4.221708388477169e-20,0.08834248948534852
plot_4682,4,0.2526171788560805,1,0.0,0.7473828211439195,0.051052228850525475,0.0008239117511114259,0.1398433705868547,3.202717325774833e-21,0.06089766766758896
plot_4683,4,0.26268434343952163,1,0.0,0.7373156565604784,0.0356527312276499,0.0004149405204522887,0.1719659935526833,4.033206994744308e-21,0.05465067813873613
plot_4684,4,0.6542635775600818,2,8.769923112551196e-05,0.29068503188660555,0.3457364224399182,0.009400846548132615,0.34513075200047594,2.615470395076638e-13,0.008959247893480541
plot_4685,4,0.45468403409365754,1,0.00015780745432013724,0.5453159659063425,0.23665959481090887,0.0025092135276857334,0.029185218032097546,7.5671988860754e-21,0.18617220026864528
plot_4686,4,0.2921661820090888,1,0.0,0.7078338179909113,0.002753714918353559,0.0,0.26305787635257316,0.025348341835821808,0.0010062489023402947
plot_4687,4,0.461818150053137,4,0.007291349609214665,0.09034145488546735,0.2122121604555287,0.0,0.538181849946863,0.007342383539871378,0.14463080156305488
plot_4688,4,0.28127642003860426,1,1.0700534643569845e-05,0.7187235799613958,0.0900334799639053,0.0,0.18167847803363743,5.081647800390006e-05,0.009502945028414082
plot_4689,4,0.36503723333784666,1,1.8229218323312185e-17,0.6349627666620403,0.02947764181470091,0.0,0.16684205717439238,0.1665253811955733,0.0021921531532931226
plot_469,4,0.3178585548610483,6,0.08181505215859905,0.06592987090552278,0.15531951803030764,0.0,0.014786016663014767,8.097103604048105e-06,0.6821414451389517
plot_4690,4,0.7627637094033078,1,4.490254913236397e-06,0.410050609980677,0.0809862949963976,0.0,0.25425653247253677,0.2372362905966921,0.017465781698783104
plot_4691,4,0.7857950743977988,6,0.21420492560220117,0.015400542697926381,0.11112565356324844,0.0,0.09766646247485611,0.00012750153878710407,0.5614749141229808
plot_4692,4,0.7127982347813465,1,2.3371138345448326e-17,0.6204091085073504,0.015645470006947493,0.0,0.2872017652186536,0.07065342364872594,0.006090232618322674
plot_4693,4,0.5409215593241234,1,3.7058778933761145e-06,0.4590784406756829,0.09399130864384438,0.0,0.30279516599321177,0.09956008451287483,0.04457129429649274
plot_4694,4,0.5519967463922735,2,0.015968414259042656,0.1745046289338633,0.4480032536077265,0.0,0.35227483925613673,4.433712217230103e-17,0.00924886394323086
plot_4695,4,0.4927185187562546,2,0.008301794134167428,0.059483012880708466,0.5072814812437454,0.0,0.40469279584048834,3.9871139627334127e-17,0.02024091590089044
plot_4696,4,0.5907766080865052,1,0.07134854504185205,0.4092233919122934,0.13258210156680866,0.0,0.3669443041561793,4.490134980209161e-05,0.019856755973064476
plot_4697,4,0.40351075443424333,4,0.023878090091134604,0.16440449440942867,0.19035478221361785,0.0,0.5964892455657567,1.720842522077531e-05,0.024856179294841463
plot_4698,4,0.542560643874246,1,0.005883572640624099,0.45743935599777064,0.24487339345196213,0.0,0.17320465088096115,0.06793612307265197,0.05066290395603005
plot_47,4,0.04265072676305374,1,1.5844398035320662e-05,0.9573492732369463,1.9944821630808658e-05,1.4955156492402287e-06,0.04157623773899842,2.3584738739708617e-18,0.0010372042887399735
plot_4702,4,0.33390118921633405,6,0.12023845979880693,0.021371482043745678,0.06130810664748158,0.0,0.13096775893806026,1.538178823964347e-05,0.666098810783666
plot_4703,4,0.47678760109073615,1,0.022910268380235323,0.5232123989082675,0.015648195050369407,0.0,0.1831308189704942,0.2542616620923537,0.0008366565982798579
plot_4704,4,0.13980449402794842,4,0.048002272333862304,0.00919978465868832,0.07346655865216191,0.0,0.8601955059720516,0.008977448675405744,0.00015842970783022612
plot_4707,4,0.6863654137846376,1,0.0016751774780847154,0.4116120951424453,0.31363458621536244,0.003380254320775801,0.01984708071165126,2.1441162126715825e-20,0.2498508061316805
plot_4708,4,0.4435174695541195,1,0.00016851670092947222,0.5564825304458805,0.22536316633403353,0.0017806600206014159,0.023815983445214052,6.487315484513038e-21,0.1923891430533411
plot_4712,4,0.43886755207983136,4,0.010810612377353538,0.02533020320088968,0.19612997481692432,0.03781329914120975,0.5611324479201687,9.365569761148442e-12,0.1687834625340885
plot_4715,4,0.505337939503246,4,5.155990372150642e-05,0.13675694681914397,0.2197570817674666,0.0,0.49466206049675393,0.03907685855787761,0.10969549245503639
plot_4716,4,0.5170637551041826,4,0.00018862580804442476,0.16351561348229515,0.16528256653018714,0.0,0.48293624489581743,0.08068830151839737,0.10738864776525851
plot_4717,4,0.7670264069867405,4,0.0018092699617142127,0.08043317168705306,0.20285466957312737,0.0,0.4668975262983165,0.015031769466529326,0.23297359301325954
plot_4720,4,0.3188031318587103,2,0.007675343558697326,0.0,0.6811968681412178,0.0,0.29340762484945593,0.017633063152149235,8.710029847964564e-05
plot_4721,4,0.2974847636382911,2,0.007200619921518394,0.0,0.7025152363617089,0.0,0.2742329548747349,0.015954012523727565,9.717631831034983e-05
plot_4722,4,0.5396462071138626,2,0.0030305952473227682,0.00019525506834987968,0.5194635597319011,0.0,0.4603537928861374,0.016940561410479407,1.623565580949599e-05
plot_4723,4,0.28055814814883645,2,0.0821334195991128,2.7467724414554235e-05,0.7194418518511636,0.0,0.18680251719589352,0.007975606993550143,0.0036191366358654317
plot_4726,4,0.7178235773097635,2,0.02357428700979593,0.0,0.6768819932500999,0.0,0.2821764226902364,0.015910710750863564,0.001456586299004184
plot_4727,4,0.28143497705011417,2,0.014811140178763931,0.0,0.7185650229498859,0.0,0.24952575396690418,0.015929496395268083,0.0011685865091780392
plot_4742,4,0.5180274819298781,1,1.6967967960100113e-05,0.48197251807000174,0.25845468452513354,0.011373422013772913,0.23623389011078122,2.9158599639438457e-13,0.011948517312058999
plot_476,4,0.46104980066229473,6,0.2153778686211576,0.0017504034325329597,0.20587946944955215,0.0001930336714704856,0.0032142329027325554,0.03463479258484894,0.5389501993377053
plot_4766,4,0.6477424108753866,4,0.08774504487359698,0.19384931102515357,0.19653688798122826,0.0,0.35225758912461336,0.0018659110031114116,0.16774525599229645
plot_4767,4,0.3183840721785801,1,0.037734393934601755,0.6816159278208013,0.01421027726870877,0.0,0.10375470611335734,0.161178013387379,0.001506681475151787
plot_4768,4,0.5555781086824872,4,2.3339352366891404e-05,0.16458111754489013,0.16693230812687293,0.0,0.44442189131751275,0.017853743725610573,0.2061875999327467
plot_477,4,0.1743294409851486,6,0.10720512829531209,0.006175586145182731,0.05488762798037031,0.00012332369583030274,0.0030713173615077322,0.0028664575069454875,0.8256705590148514
plot_4775,4,0.34370856241308745,2,0.0019948293406066176,0.07685485644860075,0.6562914375869126,0.00010521020446512525,0.1666850572093918,5.6742543910342705e-11,0.09806860915328064
plot_4776,4,0.4172224384692954,1,0.0,0.5827775615307046,0.09688543744759893,0.0015570330705910451,0.2174859011828704,8.272258545342037e-23,0.10129406676823509
plot_4777,4,0.43021596937603473,1,0.0,0.5697840306239653,0.03661746072857095,0.004797514041009265,0.2572456641038371,3.0937001596439735e-22,0.13155533050261745
plot_4778,4,0.5452517250861657,2,5.879844967489508e-05,0.38693218712336386,0.4547482749138343,9.913143479008139e-05,0.136353367453897,1.0091861051688198e-12,0.02180824062343081
plot_4779,4,0.4025296742000196,1,1.4479744216152588e-05,0.5974703257999804,0.22078380605170078,0.00019648074824824092,0.15259514610294864,6.725669633236913e-14,0.02893976155283846
plot_478,4,0.0016263085579205098,1,1.1376507863856515e-05,0.9983736914419439,7.606547974918095e-06,0.0005782728829370592,0.001002763390503892,2.6289228776417974e-05,1.0107724512400036e-106
plot_4781,4,0.3179057593140854,1,0.000397089881160159,0.6820942406859146,0.18313412359512032,0.002000691091732348,0.1085296309093482,2.56853408959258e-13,0.023844223836467497
plot_4782,4,0.686981834311652,1,7.039310012779227e-06,0.5139104678592358,0.07542417604524607,0.02171618468152181,0.31301816568834806,4.033911592969502e-06,0.07591993250404261
plot_4783,4,0.36961498188800174,1,2.1575790616449454e-05,0.6303850181119075,0.04959189422791424,0.04782169841116912,0.24676606315777,3.137966313844138e-05,0.025382370637484268
plot_4784,4,0.38776733828238175,2,0.0005954801907372107,0.18850344698408658,0.6122326617176181,0.00042870831300555255,0.16012795671948424,1.0020462568402313e-11,0.03811174606504765
plot_4793,4,0.7838079477794524,1,0.21619205222054755,0.5082730112472253,0.03400327645696593,0.0,0.22162921492638277,0.002210276834731258,0.017692168314147102
plot_4795,4,0.594067399853901,4,0.0,0.4059325999603931,0.003940157487217652,0.0,0.5314002166818081,7.168445466219868e-15,0.058727025870573935
plot_4798,4,0.26578432013419634,4,0.11254302711271702,0.07203302396724735,0.012397810507450131,0.0,0.7342156798658036,0.06876316036097603,4.72981858057511e-05
plot_4799,4,0.2507690079276507,1,0.00014757774786348043,0.7492309920722924,0.08821244005168173,0.0029025115620489486,0.14484038257172493,4.999355163777597e-14,0.014666095994338588
plot_48,4,0.36255149586094026,1,0.0006454187055156297,0.6374485041382061,0.036675782767489194,0.0002471573503677696,0.008804097040260545,1.0863722382657233e-14,0.31617903999815
plot_4800,4,0.35854457915646615,2,0.0021382399300533908,0.07346311858394552,0.6414554208435339,0.0006988131793212372,0.16225406846920815,4.202070802385616e-11,0.11999033895191723
plot_4801,4,0.6822453182282938,1,2.6519709493512105e-06,0.6298925295968911,0.01843833918868137,0.009912768331059503,0.3177546817717063,3.3158527980658847e-22,0.023999029140712544
plot_4802,4,0.7660262984520372,1,0.0,0.48424179687500535,0.06955085973514896,0.0062676078000401935,0.20596603404184263,2.7125254729385816e-22,0.23397370154796288
plot_4803,4,0.44704628657277656,1,4.489009532745842e-05,0.55295371342713,0.0712926565554824,0.05545819631393825,0.23071704277698746,3.3264401300568166e-05,0.08950023642983383
plot_4808,4,0.6389392184957557,1,0.0,0.5026248365101007,0.025534589989309842,0.012091927180130378,0.36106078150424425,5.197895218744903e-22,0.0986878648162148
plot_4820,4,0.5034750974112131,1,0.08962839703388718,0.4965249004426864,0.0026378602187341945,0.0,0.2507547112895638,0.16004737187950427,0.00040675913562407385
plot_4821,4,0.6628753536474263,5,0.025112765647400274,0.323435045774331,0.010882914850021054,0.0,0.3025822216257504,0.33712464635257366,0.0008624057499236498
plot_4822,4,0.3624961988673083,1,0.13981170486868033,0.6375038011321572,0.019671183660500892,0.0,0.16821056282912342,0.018009642421384527,0.016793105088153733
plot_4823,4,0.33151537855125374,1,0.12419250141630596,0.6684846214487462,0.027470763573824622,0.0,0.14186003013916798,0.02057058338516391,0.017421500036791222
plot_4824,4,0.7371668716674695,1,0.00028414207984193686,0.34823236053350926,0.2628331283325304,0.0,0.2932975670873599,0.03850410561064969,0.056848696356108834
plot_4839,4,0.12525099791983763,1,0.000281696572087163,0.8747490020792097,2.0426015722085523e-05,0.0005747341956401852,0.09996662697285168,0.024338099476954218,6.941468753512151e-05
plot_4842,4,0.1889978621398744,1,0.0,0.8110021378601256,1.2538836464725368e-05,0.0003378321293572431,0.1863703702196561,0.002277120952086671,2.3096953287608646e-12
plot_4843,4,0.7051820409995893,1,0.0,0.7049461287957977,0.0,3.2792820823468264e-05,0.29481795900041075,0.00020311938296816234,1.9903914117862463e-259
plot_4844,4,0.7504047936700485,2,5.421558810559592e-05,0.3346012098380179,0.38419134826541856,5.65606979300218e-05,0.2495952063299515,1.3698437344235498e-12,0.031501459279206626
plot_4848,4,0.523821632071879,4,0.0868974053689287,0.20967333248669828,0.18085000844802224,0.0,0.47617836792812096,4.0300848024933496e-06,0.04639685568342733
plot_4860,4,0.5431923075900231,2,0.002689317351217391,0.33819444842305824,0.4568076924099768,0.0,0.07417829166021317,2.2554887448657245e-06,0.1281279946667896
plot_4861,4,0.09139010711164862,1,7.953503816445057e-06,0.9086098928871862,0.05658377770595983,0.0,0.0319660095143119,0.0002265950926146749,0.0026057712961109047
plot_4862,4,0.15110780824612535,1,4.8027653124884165e-05,0.8488921917536669,0.10191554603244125,0.0,0.040854568847998346,1.0556747476378765e-05,0.008279108965292225
plot_4863,4,0.24301572801364593,1,0.0,0.756984271986354,0.0025374815053589147,0.0,0.22044515770164097,0.019072486017671832,0.000960602788974144
plot_4864,4,0.16851310076089784,1,4.441656650992917e-18,0.8314868992391022,0.011175026587089833,0.0,0.14332972153948537,0.009677177185954604,0.004331175448368073
plot_4865,4,0.2899071054144143,1,0.00037542935218055223,0.710092894585089,0.18884895250552008,0.0,0.07435654362152859,2.500781630827428e-05,0.02630117211937333
plot_4866,4,0.20670218453894024,1,3.0142401969249773e-17,0.7932978154610597,0.021918360586879456,0.0,0.15339967983759253,0.017438880390592916,0.01394526372387522
plot_4867,4,0.6183772839526882,2,5.070346174080974e-05,0.15963026246614725,0.38162271604731185,0.0,0.2242969191698102,0.016826474166361682,0.21757292468862816
plot_4868,4,0.7190324011658535,2,0.00028336207994164066,0.11980097157876121,0.4598303726467239,0.0,0.13621817108233458,0.002899523778092307,0.28096759883414646
plot_4878,4,0.5793477686284975,6,0.08811331058641769,0.056164255750454056,0.16854051715148127,0.0,0.2658027766265282,0.0007269085136162269,0.42065223137150254
plot_4879,4,0.6453488156870115,2,0.06208572209980624,0.0922744625924601,0.3546511843129884,0.0,0.21704959008964764,0.00458308641249089,0.26935595449260663
plot_4880,4,0.7177728057753867,6,0.047620720556674795,0.10566854228286102,0.27455909562468844,0.0,0.28222719422461334,0.006772217879207962,0.2831522294319543
plot_489,4,0.10708897954223859,6,0.03949314999260933,0.012733722489329387,0.04381147318481568,0.0,0.010704135884751444,0.000346497990751407,0.8929110204577427
plot_4893,4,0.44225830984237413,4,0.0,0.33831730926783155,0.07100041965758108,0.0,0.5577416901576259,0.03294058091696147,4.58793338236269e-83
plot_4895,4,0.7610906469573316,1,0.0,0.7080311745912461,0.0008414771658211059,0.0,0.052217995200264475,0.23890935304266833,8.836899992541191e-86
plot_4896,4,0.18228265333418292,1,3.927107204874848e-05,0.8177173466621361,2.959334616489818e-05,0.0,0.1236084238510192,0.05860536506863108,1.2665405178820933e-104
plot_4897,4,0.19185314816955615,4,0.10560349390842583,0.041620411169950876,0.024590105709087012,0.0,0.8081468518304439,0.01881913689740635,0.0012200004846861078
plot_4898,4,0.14438826031480387,4,0.029498812278422725,0.005276053795495041,0.09598201940578874,0.0,0.8556117396851961,0.0024519595104303816,0.011179415324666984
plot_4899,4,0.4188139851798886,6,0.0829255022637087,0.01582329141998764,0.28684269260411493,0.0,0.03315278902775115,6.970986446394415e-05,0.5811860148199737
plot_49,4,0.35501044922012476,4,0.011376180358690303,0.06194235699163299,0.026182838511174002,0.2051713303599642,0.6449895507798753,0.050337742998663296,6.518349655467457e-82
plot_4900,4,0.17263320511657415,1,5.702023493491277e-05,0.8273667948834259,5.428856050742828e-05,0.0,0.1534522766735741,0.019069619647557694,3.9811157872572284e-83
plot_4901,4,0.17950334026027026,1,0.0,0.8204966597397296,6.0172832952753035e-06,0.0,0.15299446726111848,0.026502855715856432,1.519156097685933e-105
plot_4906,4,0.6362912302968398,1,0.3637087697031603,0.5607307562244691,0.0,0.0,0.009634234167417464,0.06574066689856652,0.0001855730063865551
plot_4907,4,0.48485915060159623,1,0.28438688478709856,0.5151408493984038,0.0,0.0,0.002133475753840953,0.19831556307922182,2.3226981434941482e-05
plot_4908,4,0.2788226974026857,6,0.07991981212693927,0.012208236199145062,0.13335990785424462,0.0,0.05332437453984547,1.0366682511385465e-05,0.7211773025973143
plot_4909,4,0.5327818972472094,2,0.03697604390137798,0.05310023326938315,0.46721810275279063,0.0,0.021842042343616475,5.4967014516502355e-06,0.42085808103138017
plot_4910,4,0.32591534900849417,6,0.12517452048043246,0.013259931336589186,0.10779731150630795,0.0,0.07957651775800259,0.00010706792716203483,0.6740846509915058
plot_4911,4,0.6661785113752245,1,0.0012344272957734224,0.37974740680652286,0.14211714643364848,0.0,0.33382148862477556,0.11545557404853782,0.0276239567907419
plot_4914,4,0.5294120530460762,2,0.01309244609892792,0.03363469767414487,0.4705879469539238,0.0,0.4219089264851008,3.9867656755654094e-17,0.060775982787902694
plot_4915,4,0.7274562948406156,4,0.06313646973834224,0.005080023886789522,0.2743342429985523,0.0,0.38490555821693156,5.202611487083809e-20,0.2725437051593844
plot_4916,4,0.5325078118720173,4,0.027432592246604645,0.2806783519969024,0.19471054448525552,0.0,0.46749218812798277,4.582203689934872e-06,0.029681740939564792
plot_4917,4,0.5751681321605866,1,0.0615306145786149,0.4248318678391644,0.10651472796105041,0.0,0.3747369838843448,3.518556356527645e-05,0.0323506201732603
plot_4919,4,0.37614166201637234,1,0.10473853564340846,0.6238583379834445,0.02084423748084222,0.0,0.1681565516908702,0.07999896200623438,0.002403375195200184
plot_4920,4,0.7231774505057723,1,0.04828006463901648,0.6145257293498794,0.01529704578964916,0.0,0.2768225494942277,0.04352262636460095,0.001551984362626407
plot_4921,4,0.6691300875896331,1,0.013617727828488062,0.3638848187653773,0.33086991241036684,0.0,0.018027579462324334,0.1131060549104217,0.16049390662302165
plot_4922,4,0.7021356208583387,4,0.08611443612985002,0.19909719302765227,0.001559632976150015,0.0,0.415337259011889,0.29786437914166125,2.7099712797369417e-05
plot_4923,4,0.7899672259641933,4,0.21003277402468784,0.11347589143171435,0.00732133832894033,0.0,0.5867747423325773,0.0823593879948741,3.5865887206066077e-05
plot_4924,4,0.5272824869383586,1,0.0002784836810000701,0.4727175130603045,0.16507715064066447,0.0,0.2518114066848789,0.07964705268616343,0.030468393246988676
plot_4925,4,0.28699087845210314,1,0.0,0.7130091215478969,0.006338580292230899,0.0,0.126545782563053,0.15410651559681932,1.7881905898450675e-84
plot_4926,4,0.21115006782789766,1,0.0,0.7888499321721023,0.0014426835504493354,0.0,0.07566396169486556,0.13404342258258278,1.744223377089908e-85
plot_4927,4,0.16203847705573537,1,0.0,0.8379615229442646,0.0002549533492675116,0.0,0.11245474718157808,0.049328776524889754,2.295561553260954e-86
plot_4928,4,0.7681054094831776,1,4.766024652223102e-05,0.7492491046296113,3.645513749930315e-06,0.0,0.2318945905168224,0.01880499909329425,6.5507952751917464e-105
plot_4929,4,0.18052474678280142,1,0.0020264996595911943,0.8194752532171986,3.8358907417340935e-05,0.0,0.1664269953803142,0.012032892835478707,2.8129545243738595e-83
plot_493,4,0.7487996210529226,4,1.299828886084204e-05,0.13678753604073426,0.06270102023189407,0.0,0.549269773688265,2.82928031684639e-05,0.2512003789470773
plot_4933,4,0.7114708013165736,4,0.010843037572665623,0.020356021945255653,0.2885291986834263,0.0,0.5957463600585566,4.826113328810259e-05,0.08447712060680768
plot_4934,4,0.3852577191602152,4,0.020690356234204024,0.10563385000832752,0.20201770267654254,0.0,0.6147422808397849,3.0069345163900228e-05,0.05688574089597717
plot_4935,4,0.35154847151616114,4,0.04154626655210222,0.23046432282892146,0.06781635798750277,0.0,0.6484515284838389,0.0009362700030472346,0.010785254144587518
plot_494,4,0.3433609312898378,1,0.0,0.6566390687100331,0.024292182796036565,0.0,0.23725822842318278,0.0818105200707475,2.2108784341126272e-82
plot_495,4,0.33650262843993484,1,0.0,0.6634973715600652,0.023831924213042567,0.0,0.23406207611290752,0.07860862811398467,2.1243492949573704e-82
plot_496,4,0.35274353696881794,1,0.0,0.6472564630311821,0.01990359108101253,0.0,0.28666923789980503,0.04617070798800034,1.2477346738549938e-82
plot_50,4,0.7531576602889947,4,0.015752873695380535,0.04468448580350583,0.025197727023260688,0.2468423397110054,0.6026535376413352,0.06486903612551234,2.5177005894478295e-82
plot_5045,4,0.39713016936605733,4,1.1602453917569209e-05,0.03985083034037457,0.3229554417406786,0.0026148516714361012,0.6028698306339426,0.009223273881661614,0.022474169277988874
plot_5046,4,0.44834736685086696,4,1.2800569891707705e-05,0.13034728057111916,0.3031069232401611,0.011854976764280961,0.551652633149133,0.0007786889644963811,0.0022466967409177007
plot_51,4,0.052029910856582894,1,0.014201038107568422,0.9479700891433112,0.01646153425219146,0.0005410507777539413,0.01917988280858848,1.9793174782751576e-15,0.001646404910584633
plot_514,4,0.6876317211342051,1,0.0,0.6460495370653846,0.007259784111359083,0.0,0.312368278865795,0.03432239995746148,9.275415167550396e-83
plot_5176,4,0.600733351221312,1,0.00012825984681736821,0.399266648778688,0.30241817308430424,0.053757701958187964,0.24411926577148707,0.0002801748207224567,2.9775739792872146e-05
plot_5186,4,0.6637306312822953,4,0.0,0.32189906526901524,0.14751544919133602,0.0,0.33626936871770474,0.194316116821944,5.250531645090783e-82
plot_52,4,0.40018497722923096,6,0.0013940065652459773,0.3258946797303336,0.0646061844482655,0.000253862022137083,0.008036244463224736,2.4051221395577425e-14,0.599815022770769
plot_5204,4,0.5651108176159922,4,2.3855875674261122e-14,0.07775192851285179,0.43488918238400787,0.0030388036175912373,0.48162585518091555,0.000581494378541053,0.0021127359260687604
plot_5205,4,0.561766686371261,2,9.784429996247635e-06,0.23407609369305876,0.438233313628739,0.018294463344050743,0.3092443484744779,5.149721389028165e-05,9.049921578702707e-05
plot_5206,4,0.5630425110997285,2,7.627242595031265e-06,0.277487331022598,0.43695748890027153,0.019923844717654994,0.26556474029438526,3.832928681635736e-05,2.0638535678894605e-05
plot_5220,4,0.7426051695160674,1,0.0,0.3502306467436315,0.13788571127777455,0.0,0.25448881149466135,0.25739483048393275,6.955276280330423e-82
plot_53,4,0.42849294267139326,6,0.0008126153367195221,0.3013084661368678,0.11635675052484813,0.0012480005389575546,0.008767110133998942,1.3183380762467069e-15,0.5715070573286067
plot_5321,4,0.7645414731111919,4,0.0,0.18148988515593678,0.23545852688880795,0.0,0.3949075608890774,0.18814402706617772,5.061441949742057e-82
plot_538,4,0.6250876027868641,6,0.040111655785039904,0.0077124163130428795,0.16006915497810026,0.004985111552900589,0.3749123972131359,1.9679480150002544e-05,0.41218958467763056
plot_539,4,0.6447463057966198,4,0.027527875223197357,0.26695340608047946,0.06486978549425045,0.11707734282956409,0.3552536942033801,7.038196059865104e-13,0.16831789616842474
plot_54,4,0.10163678936152606,1,0.0010233856960522674,0.8983632106382624,0.0012521876513895472,6.479370089679822e-06,0.09931727445879139,1.1698120756165195e-16,3.7462185414610425e-05
plot_540,4,0.6142337550239652,4,0.017270350469857646,0.283422774855062,0.044245110280716614,0.1437401312468267,0.3857662449760349,3.589930857019767e-13,0.12555538817114326
plot_541,4,0.6381862270431076,6,0.11104602515021555,0.1369895570084928,0.13328332210529809,0.0868304585258025,0.17003704506938214,5.084442975326766e-09,0.36181358705636596
plot_544,4,0.07511938985173076,1,6.390940993786936e-18,0.9248806101482693,0.0075564890478873525,0.020863302713262376,0.035835804356804196,0.010465583241368592,0.0003982104924082816
plot_545,4,0.45147689866830165,4,0.09203577153186142,0.07885990127191708,0.2166677770984665,0.00798151239832254,0.5485231013316983,0.05591114892868149,2.0787439052497462e-05
plot_5495,4,0.3422250116827948,1,0.0015859017579237381,0.6577749883055307,0.013965006330691579,0.0008796885300882035,0.30150315412724754,1.0656959862917381e-21,0.024291260948518332
plot_5496,4,0.51469912932622,1,0.0006785635463544478,0.4853008706722247,0.03650133842053563,0.06885588910749596,0.26473423908693977,0.00020826928514420455,0.14372082988130536
plot_5497,4,0.6385436255505658,1,0.00013491742161515367,0.5692761247999563,0.02216241114107017,0.008768280514576864,0.36145637444943424,5.313789281067103e-06,0.03819657788406626
plot_5499,4,0.2536413869745343,1,0.0019046365321445501,0.7463586130253589,0.005451539153879358,0.0157430819834427,0.19342981499496403,7.43566320202537e-06,0.03710487864700854
plot_55,4,0.043377915813888696,1,1.4221375737316924e-06,0.9566220841848037,1.1686893409772118e-05,0.0,0.03918889730497822,5.09471840501783e-21,0.004175909479234539
plot_5500,4,0.7663449108074825,1,0.006503430330586303,0.28628595439664495,0.1096091613997065,0.09813072295186107,0.26319025577452415,0.002625385954159617,0.23365508919251748
plot_5501,4,0.6254357353321912,4,2.6282838409105407e-05,0.37456426466760123,0.1313361732856136,0.0025127239276064323,0.38790358878964043,3.6827732817549093e-06,0.1036532837178474
plot_5504,4,0.14476889687669892,0,0.855231103123301,0.0035562955629367655,0.06136842058566128,1.0524791608092886e-05,0.004884614350329666,8.65896622901031e-06,0.07494038261993398
plot_5516,4,0.5668148025241293,4,0.00045187795593237454,0.27003850719319966,0.13677559040643542,0.02287831774454852,0.4331851974758706,0.00015296249312319026,0.13651754673089012
plot_5533,4,0.3260270882500899,1,0.0009283607201428191,0.6739729117472519,0.01502060040725904,0.0009462582865583191,0.2857508282463297,5.846641059298266e-22,0.023381040592458227
plot_5536,4,0.5387283838044494,6,0.10381809275642653,0.0557109446046611,0.05974168090376538,0.06297104153062974,0.2537976924101252,0.0026889315988414477,0.4612716161955507
plot_5557,4,0.3804806117451298,1,7.640991783364698e-05,0.6195193882548694,0.16856845379823127,0.0038905753530206868,0.1064424625599774,5.875652568100315e-27,0.10150271011606771
plot_5558,4,0.16847490481877142,1,3.4189717520961567e-06,0.8315250951812286,0.040383265558485724,0.003874387997363833,0.10206647521774502,1.0502856022188325e-27,0.022147357073424787
plot_5563,4,0.010445184041415216,1,0.0010763277795766272,0.9895548159585847,0.00018775632739997887,0.005664352569960362,0.0031877778742912524,0.00019321232643418112,0.00013575716375277408
plot_5565,4,0.5761238109390953,6,0.005301818895277731,0.14105889725904894,0.22983821770074145,0.06078326270711124,0.1391416143769159,4.668392523192031e-25,0.42387618906090474
plot_5566,4,0.6886782072582704,2,0.000593233729941738,0.29486149326996985,0.3113217927417295,0.015398505545771043,0.11691300041503708,3.728605926761363e-26,0.26091197429755064
plot_5567,4,0.726843603726565,1,6.0727378549151196e-05,0.609849946866462,0.03073519574681348,0.031996096438331734,0.273156396273435,3.6476898427238555e-27,0.054201637296408645
plot_5568,4,0.250168461981037,1,9.746398785202708e-06,0.7498315380189543,0.044269102239087255,0.005077791841546562,0.1653714897444996,2.3226417916057046e-27,0.03544033175712719
plot_557,4,0.33249774832119866,1,0.10689822689075404,0.6675022516787458,0.001557774848618803,0.0009718928271501829,0.018870069642668668,0.20302247123409262,0.001177312877969825
plot_558,4,0.2623758499562345,1,0.046058738432177,0.7376241500435256,0.0016813309794627828,0.001301629712492408,0.019133827549354995,0.19304021682757241,0.0011601064554148672
plot_5582,4,0.7566653329104127,6,0.2433346670895872,0.016794323655367614,0.04566411117794603,0.10208155174112404,0.09426888406023888,0.011438133261493939,0.4864183290142424
plot_5583,4,0.7773529201261953,6,0.12547312477420547,0.06457886054956817,0.06345956458449334,0.2226470798738047,0.09359246222860247,0.0022318006538067834,0.4280171073355191
plot_5584,4,0.7256675451081731,6,0.2743324548918268,0.10496373277277098,0.07584360441236505,0.001756987426798587,0.24891915693536545,5.450988750456374e-06,0.29417861257212274
plot_559,4,0.1185242094986469,1,1.2511289139312847e-05,0.8814757905013532,0.008501866323549486,0.06427491128028956,0.032202228022688614,0.010471638587180981,0.003061053995799011
plot_5590,4,0.09175569158163283,1,0.0011977973774659533,0.9082443084183672,0.0001963039379652328,0.006074246226713406,0.08293593049774955,0.0001917505224054894,0.0011596630193332355
plot_5593,4,0.04439596284604958,1,0.0003503834693420659,0.9556040371539425,0.00022198668595511058,0.0011241135754344073,0.04181058528507673,0.0001936247489120064,0.0006952690813372282
plot_5594,4,0.4001581429253391,1,0.00015034910008539007,0.5998418570746604,0.1060796611037769,0.008810940256198269,0.16816356623022014,5.4989945449787785e-27,0.11695362623505905
plot_5595,4,0.7724448044037076,1,0.0004729467616319708,0.3694901994228854,0.1803833538175763,0.012983631851021252,0.22755519559629256,2.0937672953764563e-26,0.2091146725505925
plot_56,4,0.7797764747720831,1,0.0002297030486060197,0.7794387892848825,4.3087046783657415e-05,0.0,0.22022352522791683,3.767322276404912e-18,6.489539181076032e-05
plot_560,4,0.24352414757103732,1,2.895952428413289e-05,0.7564758524288273,0.02380170364657988,0.10708044132319826,0.08738471528581686,0.008700856967827804,0.016527470823465673
plot_5600,4,0.52379014112666,4,0.040064501541890694,0.43629597288359195,0.007661841184516114,0.011825323472006986,0.47620985887333994,2.2353026189205624e-05,0.027920149018465113
plot_5601,4,0.43133548434267704,1,0.004917949904712222,0.568664515657323,0.0007431841778304577,0.0006574381868445802,0.3837151508493825,0.007526026381202019,0.033775734842705234
plot_5602,4,0.4434979267627861,4,0.05370491313169903,0.28121918020467285,0.030428896664458614,0.0020870372584770873,0.5565020732372139,0.0003301867839534834,0.07572771271952503
plot_5605,4,0.4544786356610716,6,0.13254693324213257,0.0420288327637734,0.022157557762246212,0.03978359914541058,0.20372554087173278,0.014236171875776034,0.5455213643389284
plot_561,4,0.7990644165991171,1,2.0575055717246587e-05,0.5082636979569393,0.08492377129439459,0.200935583400883,0.1421445856654023,0.011819669206369173,0.051892117420294606
plot_562,4,0.22034120119912123,1,0.02210894359490979,0.7796587988002237,0.01665393887075092,0.011336157991635735,0.07860986501072854,0.09121196559682192,0.00042033013492942517
plot_563,4,0.39943058581539476,2,0.10662438581032653,0.03337921632329389,0.6005694141846053,0.08038526875254316,0.09269429640466482,0.06327293017415404,0.023074488350412408
plot_566,4,0.47371448441379704,4,0.06044361171891453,0.23803545136269513,0.008737170166243705,0.13227897821928541,0.526285515586203,4.636852356720864e-12,0.034219272942021456
plot_567,4,0.08793092356639048,1,0.0047238489613178015,0.9120690764322796,0.002976282549536695,0.007375311949316592,0.03518276033013926,0.0376274325089558,4.5287268454024556e-05
plot_568,4,0.76034937715274,2,0.02638353598716007,0.18800256438741808,0.37215512424035824,0.2396506228472601,0.15195069068651035,0.01573625337399436,0.006121208477298779
plot_569,4,0.42063055479224176,2,0.08542746903883779,0.048529753019829446,0.5793694452077581,0.12268791157257569,0.10010815591145966,0.03423269591087504,0.029644569338664124
plot_57,4,0.1507404298038517,1,0.0,0.8492595701958856,0.02365422559071964,0.00028244256863881035,0.03520769852042927,7.756429424591523e-22,0.0915960631243267
plot_570,4,0.44472764813845567,2,0.0882955042798993,0.05450214647782278,0.5552723518615443,0.1035764121432858,0.13470985612442832,0.055895635861209436,0.007748093251809948
plot_5711,4,0.6376811106277783,6,0.007513401034577519,0.03340010599868988,0.3623188893722216,4.104017186738075e-05,0.09996970103725308,1.698568018110438e-15,0.4967568623853888
plot_5727,4,0.6206237698207004,2,0.08242074404899347,0.19254278349349754,0.37937623017929956,4.7259480057574614e-05,0.026533939228863566,3.1235529263098393e-12,0.31907904356616473
plot_5728,4,0.6015693127472226,2,0.09778066083550802,0.17082980321215463,0.3984306872527774,0.0004938475997515145,0.07318748251551378,1.544016440401863e-12,0.25927751858275067
plot_5729,4,0.4804442791004284,1,0.07232588910631514,0.5195557208995715,0.15461847919326072,0.00019033690060782783,0.20617492932919673,0.04329700457628519,0.003837639994762721
plot_573,4,0.024227072569480017,1,0.0007214017149008321,0.9757729274229237,0.0001037656084369595,0.016407116271128997,0.005051421265703686,0.000285986352943337,0.0016573813639625464
plot_5730,4,0.21656095354052254,1,0.10032664258913575,0.78343904645576,0.059751818425304505,1.6516953706012928e-05,0.05521951770173549,0.0003747704678980816,0.0008716874064601702
plot_5731,4,0.7721095443329866,1,0.22789045566701327,0.6108082324149592,0.06903261359641663,1.8046938101447688e-05,0.08355068359237791,0.007856015713031227,0.0008439520781001976
plot_5736,4,0.2930246442142227,1,0.1663334775256703,0.7069753557856552,0.03411093702930364,1.3588746058507666e-05,0.08969548984457948,0.0022157079378425475,0.0006554431308904348
plot_5737,4,0.0169078464650373,1,7.137111648365393e-07,0.9830921535349548,0.00080578775511864,0.00224379289996047,0.010846092969134375,0.0029247175407096484,8.674158895714041e-05
plot_5738,4,0.6756818692324198,1,0.045418735974369524,0.4932639857421209,0.02101211574830234,0.0006726336183090861,0.10800243226034907,0.007311965888968977,0.32431813076758026
plot_5739,4,0.34549390505577104,1,0.008734556445824802,0.6545060949440786,0.10607758155097648,2.3285836173756885e-05,0.06622509029271907,0.0011294577877898598,0.16330393314243746
plot_5740,4,0.025258421371634043,1,1.347873758734101e-05,0.9747415786283651,0.003019761455493328,0.00010770046835772205,0.019757033363688656,0.0006960345976760817,0.0016644127488316923
plot_576,4,0.7408360817818468,1,0.0008164339946408852,0.4530288336085379,0.2591639182181532,0.14459603695130577,0.12687297002177073,0.0004900535964443861,0.015031753609147196
plot_5765,4,0.40548693616114384,1,0.07800157256552127,0.5945130638385517,0.12247884970719734,0.0006980137401787686,0.1831508349014311,0.008285708417595364,0.012871956829524503
plot_5766,4,0.0594823677510554,1,0.0002832030315053046,0.9405176322489369,0.015220537838034847,5.2492402422091466e-06,0.029946312679228752,0.00038366029128900975,0.013643404670762846
plot_5767,4,0.018876374860862057,1,1.5385338553546337e-06,0.9811236251391309,0.0,0.0178076354465727,0.00022427283167672553,0.0003476380429421001,0.0004952900058222896
plot_5768,4,0.13409799973387462,1,0.00013666780395643852,0.8659020002661121,1.0919766956764311e-05,0.12641479573573033,0.007407467778981063,2.029249793440525e-05,0.00010785615032890292
plot_5769,4,0.4890144021073642,1,0.010066344131216093,0.5109855978926358,0.24169937463757923,0.0008760012740544815,0.21769501391870452,0.0008848722181833652,0.01779279592762648
plot_577,4,0.4835521894954248,1,0.0012084970121662216,0.5164478105045752,0.17419600610754465,0.18637293353439885,0.11326373560262792,0.000794313446414964,0.007716703792272095
plot_5770,4,0.7104514145107115,1,0.020516501881140573,0.41666101555654744,0.2005245716102007,0.006348830740145061,0.2895485854892885,0.006586061853978484,0.0598144328686992
plot_5771,4,0.7456241928944337,1,0.060485020725395355,0.32880102952523255,0.2543758071055662,0.00024797245939294524,0.24865736378115888,0.10260243798510636,0.004830368418147734
plot_5775,4,0.010427431507284687,1,0.0,0.9895725684927154,9.010727105652885e-05,0.00023905781202303858,0.0018670267784948425,0.008121269388136737,0.00010997025757358023
plot_578,4,0.545447261179511,1,0.00260069446603071,0.45455273881523145,0.19302257099870973,0.2074963823509336,0.13456825456389226,0.0016830073859829305,0.006076351419219174
plot_5784,4,0.5288262733235372,6,0.09032434185417214,0.19263719109462094,0.10665394440674562,1.3544942621572267e-05,0.1391972510252493,1.2758528896758551e-13,0.4711737266764629
plot_5785,4,0.6029533248488477,1,0.024364713278803487,0.3970466751511229,0.05254077155952962,2.9247064124603657e-05,0.19102072032472622,3.72198227680009e-06,0.3349941506394164
plot_5786,4,0.6858813111520614,1,0.013699587164016118,0.34051774523626316,0.11760832554961287,2.1906070853580893e-05,0.21402964707882713,4.100052488514435e-06,0.31411868884793864
plot_5787,4,0.40588357734101305,6,0.06527755275253365,0.05091811017967201,0.17917639209115926,1.6530670085214617e-05,0.11049499164754337,1.9516966204619108e-14,0.594116422658987
plot_5788,4,0.40909438964106537,6,0.015344776358337375,0.1036469863450829,0.13440574600387314,0.0004978806918092948,0.15519900024194946,1.323735974146113e-14,0.5909056103589346
plot_579,4,0.0015714293871863828,1,8.036351707428189e-05,0.9984285706127858,8.50615285611405e-189,0.000755482920625627,0.00015421137027630047,0.0005813715792380662,2.5212634177634273e-106
plot_5792,4,0.428259062279685,6,0.0027457093017222746,0.0971837927989469,0.10873845395898754,0.0005338834372454843,0.21905722278278106,1.791616751509584e-15,0.571740937720315
plot_5793,4,0.3881317966159995,6,0.015532159842781175,0.052115700852814154,0.20708340355796298,1.9319225116288338e-05,0.11338121313731549,9.358879773498272e-15,0.6118682033840005
plot_5794,4,0.6147818806637295,6,0.001388849667948752,0.15555199429220912,0.04081365015442627,0.0022223508878742855,0.38521811933627054,9.891708835911415e-16,0.41480503566127
plot_5795,4,0.6238386093119925,6,0.008704464456752976,0.03062719576592098,0.3761613906880075,2.9667551690342033e-05,0.07774587825295877,1.7308744693621092e-15,0.5067314032846677
plot_5799,4,0.34668342104520244,1,0.0,0.6533165789547976,0.14963045188294566,0.0009335519523009109,0.1814006223975715,5.298743551582999e-22,0.014718794812384382
plot_58,4,0.13495938208155173,1,0.0,0.8650406179183687,0.03023784427358913,0.0003687816472806395,0.039047074810589645,1.394151877730998e-21,0.06530568135017187
plot_580,4,0.09762265310924503,1,0.013971095085019937,0.9023773468895545,0.0007702301896511478,0.06285737091272157,0.018565143864326422,6.4171638326295e-06,0.0014523958948937492
plot_5800,4,0.2842604692168248,1,0.01029854217126238,0.7157395307815253,9.994234185720776e-06,0.0,0.2739515009685741,1.2609373344013642e-18,4.3184445251119194e-07
plot_5801,4,0.45157774793544747,4,0.0,0.23808428116994476,0.2122601411178173,0.00043336273185112675,0.5484222520645525,3.5839993317240496e-22,0.0007999629158343197
plot_5802,4,0.7046783007028492,1,0.0,0.35181756738578396,0.29532169929715074,0.000778394055626883,0.3505518950834424,3.2578987914241706e-22,0.0015304441779960766
plot_5803,4,0.546559307728053,4,0.0,0.27691586259646517,0.26765301653266793,0.0010286457824269124,0.45344069227194717,2.9513960705436146e-22,0.0009617828164929134
plot_581,4,0.3352930888269506,1,0.009319358277789857,0.6647069111729056,0.0002928643537959782,0.18787694415167436,0.132497467103928,3.1550043239016302e-21,0.005306454939906221
plot_5818,4,0.44275019227899404,1,0.0,0.557249807721006,0.16010478770900125,0.0004645305456775011,0.2733117702532934,2.9375558893554324e-22,0.008869103771021828
plot_5819,4,0.44669981377192175,4,0.003327255641912728,0.4433725581300091,0.0,0.0,0.5533001862280783,8.489984514714043e-19,0.0
plot_582,4,0.742912330923015,1,0.02678730714222074,0.5742760887255177,0.0005385831941506853,0.2570876690769849,0.13341221985382093,1.4766242942641898e-20,0.007898132007304937
plot_5820,4,0.47528150648735246,4,0.0026540255360837143,0.47262748095126866,0.0,0.0,0.5247184935126475,9.670892672393014e-19,0.0
plot_5821,4,0.4036451371213402,1,0.013987407497456696,0.5963548628770263,2.4357792546636024e-06,0.0,0.3896552938462624,7.163039687531216e-19,0.0
plot_5831,4,0.2753148290174534,4,0.10972041143956004,0.0,0.034968878325146224,0.09977958637842654,0.7246851709825466,0.016956909318221414,0.013889043556099222
plot_5837,4,0.7706750528554921,4,0.031063398157566702,0.3551522928319453,0.0013828702456055518,0.2293249471445078,0.370354224688652,2.8361714950550667e-13,0.012722266931438872
plot_5838,4,0.7711260381424417,4,3.34514429757111e-05,0.3577094318288914,0.009777204491729271,0.00122258691695043,0.40137289828965983,0.22887396185755826,0.0010104651722351722
plot_5839,4,0.2971056722305859,4,0.11827416659344064,0.0,0.06329345297726455,0.07388957346844573,0.7028943277694141,0.020647095274515342,0.021001383916919646
plot_5840,4,0.34043565053141445,4,0.17912082342489716,1.4000962864638676e-05,0.04019146539991378,0.08038948014843952,0.6595643494685856,0.02130554933787122,0.01941433125742812
plot_5841,4,0.5128300029638279,1,0.0,0.4871699970358679,0.01832513297067073,0.008699032566939132,0.33830623975277635,0.1474551249625467,4.4472711199270866e-05
plot_5842,4,0.41747722699971423,4,1.2794529652845764e-05,0.2053061742640026,0.042853814121039946,0.004455308598448954,0.5825227730002858,0.16458530027472376,0.00026383521184612644
plot_5843,4,0.43620080001522665,4,9.12266541161426e-06,0.24545721128878095,0.07120226771951085,0.020151115452815938,0.5637991999847733,0.09920562842840239,0.00017545446030482807
plot_5846,4,0.2570898075609556,4,0.10371173534290701,0.0,0.07701396823757924,0.043795822268390454,0.7429101924390443,0.019661589733623273,0.01290669197845564
plot_5849,4,0.6863731309369332,6,0.3136268690630668,0.026379428212091244,0.1696660560431802,0.005325555204950084,0.06542746070537782,0.0009737039838776625,0.4186009267874563
plot_5855,4,0.39893867491416535,4,0.016478097882301767,0.26640014006293916,0.006703850049028636,0.0044056503624729905,0.6010613250858347,0.006600780097913353,0.09835015645950956
plot_5856,4,0.5091485217705729,4,0.048964183502161036,0.2951355886832577,0.0028827862480557244,0.002100232522164628,0.49085147822942715,0.053617800736851566,0.10644793007808227
plot_5857,4,0.36678169200313354,1,0.010608243330161629,0.6332183079968652,0.002918564568121345,0.0047543089110482035,0.3351779331639702,0.0004951708790487747,0.012827471150784675
plot_5858,4,0.2645850705103089,1,0.007702612593102922,0.7354149294896904,0.000843272177708239,0.04080886325831278,0.21101866422941984,1.9460957943467727e-05,0.004192197293822414
plot_5859,4,0.11551319284268143,1,0.0007343895511874749,0.8844868071573186,1.7917791175585836e-05,0.0886901883161166,0.01972044219639733,1.8587161587664833e-08,0.006350236400642929
plot_5860,4,0.22205464653813514,1,0.009219871458914508,0.7779453534618648,0.00014997560377053782,0.08124050589431471,0.09739185532803146,4.514810308638289e-07,0.034051986772072974
plot_5861,4,0.6007068295823623,6,0.1801153534693687,0.15988239657195127,0.0581162955424986,0.00879638450229325,0.19379509972149317,1.2997747573388943e-06,0.39929317041763757
plot_5862,4,0.028735376732744768,1,0.0,0.9712646232672472,0.0,0.0005559764806337338,1.9894798131404577e-05,0.027953498405895096,0.0002060070480925648
plot_5863,4,0.2061763955514452,1,0.0,0.7938236044485547,1.5737058012064857e-05,0.09531931015526511,0.010253386363218576,0.01892696920214797,0.08166099277280138
plot_5864,4,0.20994641911352424,1,7.715432784268248e-285,0.7900535808864757,1.5538740087153263e-05,0.08908616993197735,0.010825430544843594,0.022203305432317084,0.08781597446429908
plot_5865,4,0.15486535897450454,1,2.3807795623865265e-06,0.8451346410254954,0.0,0.14261171967357827,0.0006251557932190017,0.0010059084408410902,0.010620194287303757
plot_5866,4,0.021296086130150237,1,2.884658013319161e-284,0.9787039138698364,0.0,0.008772013155946059,8.021208148264532e-06,0.0004285284981532107,0.012087523267916064
plot_5867,4,0.10891626007360558,1,5.017593766687938e-05,0.8910837399263879,8.731012088809856e-06,3.6148094537354406e-05,0.00034790807291232474,0.10479540668619633,0.003677890270210445
plot_5869,4,0.48956302389920414,1,0.05666204621878462,0.5104369761007959,0.005245242760091995,0.0688613812340373,0.16685067389649597,2.8444579153186364e-06,0.19194083533187895
plot_5870,4,0.17402667997208238,1,0.006944274080495408,0.8259733200279177,0.00025025417034228985,0.06587793972234322,0.06784619194780693,3.140857439478395e-07,0.03310770596535056
plot_5871,4,0.4551072035356533,6,0.11879712998002251,0.020310806116760116,0.0743169829489236,0.14348070020880313,0.09233995709218917,0.005861627188954804,0.5448927964643467
plot_5872,4,0.505768479706026,6,0.21692071247294017,0.032081236875356224,0.019456163758243942,0.03499978970244484,0.13421987503260333,0.06809070186443761,0.49423152029397394
plot_5873,4,0.39748260089252435,4,0.018764386108350253,0.21445475400560077,0.006062051326610902,0.006360655003662825,0.6025173991074756,0.011701086497822867,0.14013966795047675
plot_5874,4,0.5439006969920837,6,0.24315529295282862,0.033679819908941956,0.14351444790457527,0.0011128720377302987,0.12243468534373927,3.5788442680076314e-06,0.4560993030079164
plot_5875,4,0.46106809567259555,6,0.18281017944009875,0.01469446858814567,0.05959269896922137,0.11178103929662836,0.0767248791540523,0.01546483022444909,0.5389319043274045
plot_5876,4,0.7721643032288945,6,0.22500959521809813,0.03263016728523162,0.22783569677110543,0.005302801984321592,0.11812495694095532,4.231666027582614e-05,0.391054465140012
plot_5877,4,0.6651747502295662,6,0.33482200097612314,0.029942510523497525,0.1458763341667627,0.0008770180616077532,0.10360434992343281,3.2487943117631122e-06,0.38487453755426426
plot_5878,4,0.6290032639283885,0,0.3709967360716115,0.06602977370567265,0.019557795036663377,0.0014910727528759644,0.2431636077930541,3.9450749435125086e-05,0.2987215638906874
plot_5879,4,0.16130048247741136,1,0.0028387120280640877,0.8386995175225886,0.0002295182486916235,0.11379194834981401,0.02254214521971933,1.0753206648128083e-07,0.021898051099055862
plot_5880,4,0.5975964793655772,6,0.24438268576614205,0.055049054234385025,0.2489563716082991,0.001370692108487568,0.04783624289504036,1.432753223219016e-06,0.40240352063442275
plot_5881,4,0.06713273603214288,1,0.0002572481599990867,0.9328672639678571,2.8195985741341123e-05,0.0004365282710619651,0.06372368410423856,0.0006011916330514258,0.0020858878780505227
plot_5882,4,0.16161245203295038,1,0.0024486429283434663,0.8383875479670496,0.00023513990250965418,0.0008062948972698073,0.14831574385244584,0.0023699056065266053,0.007436724845855025
plot_5883,4,0.6594631307564132,6,0.1944661435546765,0.21274303077063422,0.0040710709111529565,0.009758041523786,0.23839530171361348,2.9542282550071342e-05,0.34053686924358684
plot_5884,4,0.25242980472852583,1,0.003732913035624425,0.7475701952714742,0.0003242995754133977,0.19569316775660847,0.023174322923187,1.4585632786605154e-07,0.02950495558136465
plot_5885,4,0.7247117286986544,1,0.004370636034542857,0.645097243824346,0.0003439634308564864,0.2752882713013456,0.044586812492262554,1.549862089979409e-07,0.03031291793043752
plot_5886,4,0.7030312750432874,6,0.17597813390772507,0.15719014334607895,0.02123577545885416,0.007588716927983619,0.29696872495671267,7.89125241320345e-06,0.3410306141502323
plot_5893,4,0.10766994288709669,1,0.008974373954038783,0.8923300571128967,0.009584669739994027,0.06890602661235679,0.017945352524370597,3.737915210002293e-05,0.0022221409042431912
plot_5897,4,0.7382494534712425,2,0.0025141910470361704,0.19636629531624247,0.3580135181871688,0.00020801348744872939,0.18114743543333023,1.6117650674186955e-14,0.26175054652875746
plot_59,4,0.1309428669873089,1,0.0,0.869057133012691,0.006860748242970288,1.6370674007587184e-05,0.04025220325596389,1.0442438285207188e-20,0.08381354481436708
plot_5900,4,0.7285941022640552,1,0.2714058977358015,0.4858111982724074,0.08132754570241685,0.038278847671979865,0.07695197212075955,3.7697209468112264e-05,0.04618684128716677
plot_5901,4,0.43398860648152227,2,0.03600301657117658,0.055469667414370066,0.5660113935184777,0.004135805609357052,0.04412105608789264,0.09025621682278542,0.2040028439759406
plot_5902,4,0.1412508452455786,1,0.0013471816584791707,0.8587491547543434,0.042890549393237574,0.007795269187540037,0.08522592922671703,0.0006475165376319757,0.003344399242050903
plot_5904,4,0.49242659432109526,2,0.06000092592074185,0.023132893930934526,0.5075734056789047,0.0008100498753258107,0.05942278462277318,0.13746051921162694,0.21159942075969299
plot_5905,4,0.6446129454577237,0,0.3553870545422763,0.03576861271969056,0.32228358871613644,2.45684020614389e-05,0.18042138512175213,0.02028008679341967,0.08583470370466355
plot_5906,4,0.5329270445180625,2,0.019034844797534995,0.26038377545551533,0.46707295548193756,0.015946355842238382,0.03535927968261458,0.05727613264206932,0.14492665609808986
plot_5916,4,0.4940254710018202,4,0.1061315581011443,0.11511720459441156,0.24666401550953676,0.006633607377821084,0.5059745289981799,3.999816673502593e-09,0.019479081419089814
plot_5918,4,0.7046887611323804,1,0.0017871277009320397,0.5529794777573919,0.0017508636790414774,0.2953112388676195,0.14803296382553582,1.7865907971928233e-05,0.00012046226150738931
plot_5923,4,0.041955457070609325,1,0.005327162377284114,0.958044542927736,0.0005975244681913086,0.0009226447369185653,0.0040500195840603185,0.014643144656189568,0.01641496124961995
plot_5924,4,0.477714053240627,6,0.0004170609756927332,0.08408568568319345,0.3880859843471191,0.00010595733875598454,0.005019364895581835,2.8394139991768154e-13,0.522285946759373
plot_5925,4,0.47203953901492524,4,0.0892743196026402,0.006170080006405846,0.20453118779974733,0.0,0.5279604609850748,0.0002128400204387832,0.17185111158569305
plot_5926,4,0.7117858489244201,6,0.005043589378039466,0.07467223043058305,0.2882141510755799,0.0,0.1463783659274671,2.2720137156540286e-12,0.4856916631860585
plot_5927,4,0.7073312600434745,6,0.17620630844896523,0.008755576289790488,0.29266873995652554,0.021330873509353802,0.06115123050364958,9.1795382612664e-09,0.43988726211217705
plot_593,4,0.470993833806189,1,2.9368188114350727e-05,0.5290061661934643,0.11230392204276479,0.10017405814546038,0.17363551613365155,0.016129860434707707,0.06872110886183683
plot_5939,4,0.7840156003774246,1,0.0017818334581499776,0.4976220538821027,0.05354871651129401,0.03821372296692402,0.19281596771723228,3.332119968586941e-05,0.21598438426461117
plot_594,4,0.7456180421742379,1,0.00020108205225240506,0.7225250004446622,0.0013246523839309623,0.013019962493401743,0.00830338445903932,0.25438195782576223,0.00024396034095118345
plot_5948,4,0.33540427094565867,1,4.355988852251275e-05,0.664595729054157,6.490196457526296e-05,0.16361642037353044,0.17167938871921476,4.9523681322378355e-19,1.4841890828204811e-105
plot_595,4,0.21951473545032052,1,0.00016021653445428126,0.7804852645485082,0.0011172105564379979,0.011849814982115495,0.009217140758942905,0.19697661384735113,0.00019373877219008105
plot_5954,4,0.6313867621728715,0,0.36861323782712857,0.0,0.25014457978856064,1.7340911361360002e-05,0.12488652172968458,0.24765283085156517,0.00868548889169976
plot_596,4,0.21215885319209044,1,3.3263557655800536e-18,0.7878411467960215,0.0006167299456157524,0.006141439523908519,0.19301826954281925,0.012292392508488377,9.002168314668375e-05
plot_5962,4,0.0027075979178153337,1,0.0001490212145303727,0.9972924020821194,3.3202221987591505e-188,0.00035699232703423686,6.415817540750787e-05,0.002137426200908369,1.0882616915043179e-106
plot_5963,4,0.0823964178581933,1,8.441142610053116e-18,0.9176035821418067,0.009568826566462558,0.02216489539245651,0.0470347311336686,0.0027377750718200135,0.0008901896937855891
plot_5965,4,0.35351035288237953,6,0.01329042041910259,0.0419860195391938,0.05774951475293136,0.010844440122153484,0.22963995804899823,8.367368531649024e-18,0.6464896471176205
plot_5966,4,0.24274265368554415,6,0.03647751636837057,0.014943932516805675,0.09313357289202441,0.0011490979510152706,0.09703853395732821,3.298190874827806e-19,0.7572573463144558
plot_5967,4,0.35625412460770517,6,0.02613492138303258,0.000840218348094099,0.32100597379498563,0.0004484727578262394,0.007824538323766672,1.6937422351840334e-18,0.6437458753922949
plot_5968,4,0.4592461187803868,2,0.011508096624130321,0.0014165294468159039,0.5407538812190839,0.0005513564464102948,0.0062150166038873475,2.050636336462419e-15,0.43955511965967037
plot_5986,4,0.5959802143899053,0,0.4040197856100947,0.006367088486442657,0.39463288675460345,0.0,0.06818353476969483,1.594133550624349e-05,0.12678076304365804
plot_5989,4,0.5283590814358442,4,0.07588161256901857,0.06545318126273075,0.08436827652524667,2.1330490925509067e-05,0.4716409185641558,0.06888768515443308,0.23374699543348965
plot_5993,4,0.29743455286718806,1,0.26496635504840477,0.702565447132812,0.0003579452333141114,0.01089601757996016,0.0027265873438642855,0.018392857867234023,9.478979441075653e-05
plot_60,4,0.04009663008259612,1,0.0,0.9599033699170042,0.0005180823808856483,0.0,0.02357103665972537,5.435297251807969e-21,0.016007511042384737
plot_6011,4,0.48962197760129333,1,0.11516447492145405,0.5103780223986847,0.1426467285468534,0.009979683432038793,0.12368732505931107,2.9144612768950758e-05,0.09811462102888907
plot_6012,4,0.7330704938715473,6,0.22784522066803306,0.21397547095693464,0.1472344397865075,0.04593729139404308,0.09807807106600763,2.1351069016887993e-14,0.26692950612845273
plot_6013,4,0.38940416148347756,1,0.2016365077321497,0.6105958385163376,0.08705186081992743,0.022163082878011244,0.0418587430694149,0.0005453575737220486,0.03614860941043692
plot_6014,4,0.5976363110553942,1,0.2204892587355408,0.40236368894460495,0.08377960382309677,0.08575474177482112,0.10426236554147246,9.773497045085843e-06,0.10334056768341882
plot_6050,4,0.608937001104006,2,0.00046695178649271433,0.0014636372962979782,0.39106299889599416,0.001043866129952611,0.3711069696389018,0.12162405560792347,0.11323152064443735
plot_6051,4,0.5585918932904668,4,3.70306587263956e-05,0.00045708656401064146,0.29272587064873434,0.00012440871733324367,0.4414081067095332,0.15505950812455177,0.11018798857711046
plot_6052,4,0.12734290323521513,1,4.800437291046248e-05,0.8726570967601894,0.04738977547724425,0.0004158940516426941,0.0716843506830896,0.0015238957653208427,0.006280982889602788
plot_6053,4,0.10423307254473473,1,0.00012496559414766989,0.8957669274550364,0.013428899775837876,0.0012778142200983512,0.08109108936937627,0.006326550502570245,0.0019837530829333047
plot_6054,4,0.052444457642874115,1,0.0007907505582335403,0.9475555423569484,0.024889891743814292,0.0005354930053126515,0.024377873532775644,0.0006477833950699999,0.0012026654078454372
plot_6055,4,0.10066458042641502,1,0.0005151801951794835,0.8993354195734206,0.06993140276783928,0.00011983476698035303,0.025057037073919975,0.0003489724395561176,0.004692153183104367
plot_6056,4,0.05637872391464104,1,9.261629069337667e-05,0.943621276085144,0.009551096785906096,0.004745118782683053,0.02850146694948985,0.012269123666750457,0.001219301439333143
plot_6057,4,0.3527640909872736,2,0.0014212861166827816,1.5065691554971204e-05,0.6472359090127264,4.187635131151528e-06,0.07072035947573843,0.2805537502485491,4.9441819617153765e-05
plot_6058,4,0.26769867931868346,5,0.006341003062015294,7.076142530667395e-146,0.24403602133165317,2.2380596561243567e-06,0.016555616557306845,0.7323013206813166,0.0007638003080520308
plot_6059,4,0.25095416528184533,5,0.01165418685096154,3.4447956647886975e-146,0.21443450578559525,0.0,0.022903640476718667,0.7490458347181547,0.0019618321685698627
plot_6060,4,0.16443065003306237,1,0.002479745766877235,0.8355693499665189,0.1273903207585536,1.245988016205649e-06,0.02562256966413029,3.0447107213262423e-05,0.008906320748690522
plot_6061,4,0.6596699349446467,5,0.049773850099627884,0.10590985309938158,7.152331825141802e-05,0.00023953518123773793,0.34033006505534974,0.5032401870172393,0.000434986228912252
plot_6062,4,0.7826625329243022,1,0.0007244385094762519,0.6096464034420152,0.21733746707569773,4.907146751430605e-06,0.12473235788277036,0.0011105489952628047,0.04644387694802645
plot_6069,4,0.5277212021805734,0,0.4722787978194266,0.027337982096536685,0.21826128682596252,0.00022527454698740418,0.04324569365153433,0.00014967724210960637,0.2385012878174429
plot_6072,4,0.6098202332716993,2,0.028021473059897835,0.020493185981942975,0.39017976661141934,0.053073890069388716,0.03924037765831602,0.2321650428686617,0.23682626375037338
plot_6073,4,0.5967743910480101,2,0.1651389401582007,0.11543815177816202,0.40322560895198994,0.11380616270441121,0.001345720600182036,0.0736030251599348,0.12744239064711937
plot_6074,4,0.1410557256602362,1,0.0004501986372190324,0.858944274339573,0.006177771151890308,0.007165604601585609,0.09535972869054968,0.028819629799407616,0.0030827927797745414
plot_6075,4,0.11953348339886494,1,0.0004201096662874957,0.880466516601092,0.005590537118093219,0.009306468533162545,0.07010675235932902,0.03130271702477019,0.002806898697265653
plot_6076,4,0.11363210568305676,1,0.001188909146019781,0.8863678943167587,0.010322393249399962,0.016624336983269015,0.019270536289833863,0.061129521120160055,0.00509640889455869
plot_61,4,0.05130472745786842,1,0.0,0.9486952725421316,1.265061068840755e-05,0.0,0.04992929191411724,3.094776956873229e-20,0.0013627849330627808
plot_6106,4,0.3622806193727074,6,0.018287232260372883,0.00038459126860411615,0.3392082522112392,6.608695077223925e-05,0.004334456681718962,2.1199547177864155e-19,0.6377193806272926
plot_6107,4,0.48031338433114124,6,0.0004424950014437455,0.006980802944015338,0.46063001608052534,0.0012724509906987254,0.010987619314449715,8.451890735140912e-15,0.5196866156688588
plot_6108,4,0.4302579613112485,2,0.0007294531136407071,0.03514226572552913,0.5697420386887515,0.0026627379330220672,0.03944726857600363,2.6933702982202095e-13,0.35227623596278357
plot_6109,4,0.6506339661440563,6,0.07098413736268225,0.005236701733944043,0.3493660338559437,5.163765148171924e-05,0.023242445626140674,9.635602411524598e-20,0.5511190437698076
plot_6110,4,0.25506349946938867,6,0.06073925221632137,0.005118479759061004,0.15870692943495618,0.0003008742459579637,0.030197963813092147,1.2832831582442242e-19,0.7449365005306113
plot_6111,4,0.5520583403599115,4,0.0019386019167144477,0.18576870973970724,0.03239721628311167,0.021757779371565058,0.44794165964008853,4.9814524107983804e-17,0.3101960330488131
plot_6112,4,0.5889373509320105,1,0.0021564855204510673,0.4110626490679392,0.0225468650672259,0.02705389236683566,0.39420398850208055,7.114516441181943e-16,0.142976119475467
plot_6114,4,0.2380968709247693,6,0.07566006028177817,0.007662258763040984,0.10032059406103698,0.00034317289064098825,0.054110784928272135,1.0122834593111363e-19,0.7619031290752306
plot_6115,4,0.44084504663371127,2,0.000861626580673296,0.025115492810324415,0.5591549533662887,0.021304071746428975,0.06404351024559751,1.009958553972184e-14,0.3295203452506769
plot_6119,4,0.6291994482154226,1,0.008866269089399664,0.3708005517845496,0.09525207793486976,0.13447396702268313,0.33849449635577095,1.4581551816983807e-05,0.05209805626090988
plot_6136,4,0.6966266458000636,2,0.0014661331669881597,0.20119919964603317,0.30337335419993633,0.17261025674071795,0.23619323638968281,9.299381195060759e-14,0.08515781985654855
plot_6138,4,0.7700355854038144,4,0.008109221265458518,0.2564523456696624,0.15231481595056562,0.22996441459618575,0.29711277567575756,1.3218300544256296e-05,0.05603320854182599
plot_6158,4,0.5805103247529275,6,0.000908207668775821,0.11074263637884496,0.03245630549415925,0.0025170232946225236,0.41948967524707254,5.555944814798717e-17,0.4338861519165248
plot_6170,4,0.06057691847733768,0,0.9394230815226623,0.006434274282974594,0.022892177361563838,0.0,0.02796366418163706,0.0005330895086499154,0.002753713142512244
plot_6172,4,0.4846389675041024,4,2.1819327433240066e-05,0.0007302368529337603,0.30263314174850375,0.00013114698246531942,0.5153610324958977,0.10734434843370096,0.0737782741590655
plot_6173,4,0.7817139429995916,2,0.0005894930972914573,0.0004849335529797028,0.2956024754687854,0.0012654954400502392,0.289467601268384,0.19430394417210087,0.2182860570004084
plot_6178,4,0.0008947244570986573,5,2.3927358491805983e-05,1.3077773769426689e-148,0.0008146898951658492,0.0,5.610720344095376e-05,0.9991052755429013,4.109688005123839e-226
plot_6180,4,0.4056579613393685,2,0.00027953211753619256,7.045954251698887e-145,0.5943420386606315,3.0626043352794846e-05,0.023744231188735546,0.38159351741556574,1.0054574178236023e-05
plot_6190,4,1.4147465687170306e-05,5,0.0,0.0,1.4147465687165211e-05,0.0,3.0014405677775832e-285,0.9999858525343128,0.0
plot_6195,4,0.193789262877245,5,0.0016583834429969053,1.0985379523001225e-145,0.18727915873190398,2.6396959832503692e-06,0.00473866758077647,0.806210737122755,0.00011041342558441133
plot_62,4,0.20952529627095592,1,0.09547455832130725,0.7904747037251365,0.027405892043761274,2.597486622250497e-06,0.08448623808052437,0.0017447725351448272,0.00041123780750343316
plot_6202,4,0.0016538189874949327,5,4.573668113681099e-05,2.499791061668812e-148,0.0015572639150010091,0.0,5.081839135709689e-05,0.998346181012505,7.85558882007367e-226
plot_6203,4,1.4134569385698631e-05,5,0.0,0.0,1.4134569385693031e-05,0.0,2.998704566625942e-285,0.9999858654306143,0.0
plot_6204,4,3.7149703658630325e-05,5,1.1763587906144537e-127,0.0,3.71497036586152e-05,0.0,7.881455951721432e-285,0.9999628502963414,0.0
plot_6205,4,0.0009288476789922726,5,0.0,0.0,0.00015552858587734137,0.0,0.000773319093114942,0.9990711523210077,2.6995920791130466e-262
plot_6206,4,0.35613294791347666,5,0.0012923203241882422,6.4958933674027795e-06,0.2032650362837628,0.00430441024465055,0.14726468516750768,0.6438670520865234,3.454937428461779e-83
plot_6207,4,0.40196722009021724,5,0.0005440429796294496,1.5119035988627487e-144,0.31687829096057074,0.0008698950571868574,0.08367499109283016,0.5980327799097828,2.8526500573274443e-84
plot_6208,4,0.1672485165261263,5,0.10310224114161261,0.028931159107531596,0.0007756890445089186,0.0006280788727025151,0.030959700195855273,0.8327514834738737,0.0028516481639154112
plot_6209,4,1.8866144469989792e-126,5,3.7732288939979583e-126,0.0,0.0,0.0,0.0,1.0,0.0
plot_6217,4,0.16917458170467178,1,0.0034617449860184875,0.8308254182950311,0.02748386316458155,0.056312978131665616,0.004957177949114379,0.06230225827070241,0.014656559202886525
plot_6218,4,0.788825554569872,1,0.04304034775857867,0.30322447474723524,0.20419595371806656,0.21117444543012798,0.0013047540312347112,0.10629792342794347,0.13076210088681336
plot_6242,4,0.3850867079345406,4,0.04203639176308589,0.14930980031729524,0.004355752453455226,0.08565088498249848,0.6149132920654594,1.605454171970608e-13,0.10373387841804523
plot_6245,4,0.10244286512699464,1,0.00261623868285271,0.8975571348695531,0.013416036757339725,0.0022037049969642415,0.058638299297336764,0.009232434384399099,0.016336151011554383
plot_6246,4,0.6033437976666989,4,0.06507303610002128,0.3575635139618297,0.005085004193845725,0.09968537924931026,0.39665620233330107,1.299756575942433e-21,0.07593686416169193
plot_6247,4,0.38133771570559327,1,0.0,0.6186622842944067,0.15123453815945753,0.0,0.17833546438895503,1.2293442749820235e-23,0.051767713157180734
plot_6248,4,0.7066900100886022,4,0.03189437243262546,0.00124074893979184,0.0069874755748283255,0.2933099899113978,0.5721862678862627,0.001354322656155113,0.09302682259893877
plot_6249,4,0.26618151990583233,4,0.03160818566398012,0.0014136080013540846,0.014344661778521534,0.15731827773822868,0.7338184800941677,0.0029464737607734475,0.05855031296297449
plot_6252,4,0.5477820300485028,4,0.010721642520670406,0.3224845688235616,0.07656824666988779,0.0020819242073806775,0.4522179699514972,3.6720893118643014e-05,0.1358889269338837
plot_6253,4,0.10747077288632885,1,0.04251415594953862,0.8925292271136711,0.025859344292065285,0.0,0.0018046004473375233,0.037234576067475926,5.809612991146314e-05
plot_6254,4,0.7417777925321305,0,0.48795399530092887,0.020416341699639417,0.2242462661353567,0.0,0.2582222074678695,2.5541134971792853e-12,0.009161189393651396
plot_6255,4,0.42412145080462105,2,0.22074194589841828,0.167663361422032,0.575878549195379,0.0,0.03563710644791545,4.069890878108551e-05,3.833812747425421e-05
plot_6256,4,0.5264948885903924,2,0.29743035586287914,0.10851269091436608,0.4735051114096076,0.0,0.11983894490076145,2.721341639163024e-05,0.0006856834959941196
plot_6257,4,0.5496640355607187,2,0.0006184544899965561,0.007632793402113432,0.5390732190587171,0.0,0.0023395686098917888,1.0647195817550182e-24,0.4503359644392812
plot_6260,4,0.3968705514297511,1,0.002103573517048971,0.603129448570249,0.005446677170284146,0.0,0.35233056342985913,0.00012124651767083904,0.03686849079488799
plot_6261,4,0.39654803347273715,1,0.0021162398151738423,0.6034519665272629,0.005479644723225232,0.0,0.35177278788149147,0.00011662199920921618,0.037062739053637384
plot_6262,4,0.17132497927171808,0,0.8286750207282819,0.007310228196912542,0.028690038998915625,0.0019325029933682082,0.031563802960904795,0.08083687365604705,0.020991532465569868
plot_6265,4,0.728431908355848,1,0.06818317293665653,0.34375746867913765,0.27837376738616687,0.0008862271395507104,0.271568091644152,0.034856529587525394,0.0023747426268109543
plot_6266,4,0.3579449272061309,2,0.00680244169088346,0.11815183591638652,0.6420550727938691,0.0011295698737788808,0.2193797481604116,0.0026682612823151343,0.009813070282355382
plot_6267,4,0.38228441035530136,2,0.006854366747067164,0.14710492121758187,0.6177155896446986,0.0010258939327366062,0.21613608899569303,0.002501161080128422,0.008661978382094338
plot_6268,4,0.2969135880967512,2,0.0018219657618369694,0.08652559792745894,0.7030864119032487,7.611320494280662e-05,0.14263899836411448,0.0006881429754617974,0.06516276986293612
plot_6269,4,0.48543747575289653,1,0.02890802349694873,0.5145625242461954,0.31871704356801805,0.0004005896870933211,0.1373967161505185,1.5102851225914919e-05,1.7029570585679013e-101
plot_6270,4,0.7546273577534812,2,0.034137630531709734,0.27107722553221203,0.44939971001330925,1.2791676250204504e-05,0.24537264224651872,5.602960207636834e-25,5.80278281077553e-103
plot_6271,4,0.4846347546893379,2,0.07280921011977956,0.28802042696212915,0.5153652453106621,8.444451831859475e-06,0.12378462247399108,1.2050681606185898e-05,2.3556457456673195e-95
plot_6273,4,0.6533909076752173,1,0.013449052499147122,0.4850638297199836,0.038328443072975074,0.0,0.3466090923247827,4.2315820597038186e-21,0.11654958238311151
plot_6276,4,0.28051097765690663,1,0.0,0.7194890223418564,0.030975794952027957,0.000599108315925184,0.19210530983337035,3.0536560326533274e-21,0.05683076455682014
plot_6288,4,0.5907252457039291,6,0.23906555126912973,5.000339801650204e-05,0.3425773796010022,0.0,0.008915198510256942,0.00011711292552372911,0.40927475429607096
plot_629,4,0.7231486710740535,0,0.2922572131275873,0.037541651233259636,0.2803032239108996,0.022168491230979276,0.07221181018126012,0.27685132892594655,0.018666281390067582
plot_6293,4,0.6218709623629701,2,0.007589057438502056,0.13492734280922164,0.37812903763628036,0.00629674955138247,0.22555425900217543,6.808916988879247e-06,0.24749674464544924
plot_6294,4,0.4472335287702296,1,0.006655725221891361,0.5527664712297703,0.19541403648222785,3.283515918692536e-05,0.1401032163351277,0.00011315670939689612,0.10491455886239881
plot_6295,4,0.6643955206613059,4,0.001270324586158744,0.22885115034915648,0.17248124192843933,4.524876254607534e-05,0.3356044793386941,1.2307585866746107e-05,0.26173524744913845
plot_6296,4,0.5090189855640619,1,0.006657592872965941,0.49098101443593806,0.008196445939895037,0.08387969014132426,0.34711477152255554,0.0013532670080101381,0.06181721807931112
plot_6297,4,0.5147885332873603,4,0.010615131347114278,0.2899028744090293,0.010626624284535986,0.07373956735878988,0.4852114667126397,0.002302433323174309,0.12760190256471654
plot_6298,4,0.4780927864868599,2,0.04393284961131425,0.26017145450002255,0.5219072135131401,5.761497902758035e-06,0.17398272087762026,9.607709704667744e-25,2.6316340755685376e-103
plot_6299,4,0.3458313441845336,1,0.002835875343252895,0.6541686558152607,0.026691689429019987,0.05796494890446683,0.21892592287569645,0.006272198536786248,0.033140709095516745
plot_63,4,0.22757726592096386,1,0.10979602132489236,0.7724227340787588,0.027535027054779494,2.6071242281189677e-06,0.08807932144723224,0.001764591171943613,0.00039969779816542613
plot_630,4,0.6714894646669921,2,0.32851053533300434,0.015433584039365879,0.37312422289046576,0.03044673131619127,0.04755996820372013,0.18743709759845115,0.017487860618801553
plot_6309,4,0.233733065200855,5,0.0915368912430918,0.0,0.0709161489610093,4.1070523712503944e-05,0.05304494637515124,0.7662669347991451,0.01819400809789021
plot_631,4,0.19583587025587926,1,1.9891623094248802e-16,0.8041641297431249,0.012714539978552517,0.053654399461996065,0.04404063348689212,0.08085091457007765,0.00457538275935654
plot_6310,4,0.7566025267577152,5,0.059944849027450134,0.0,0.002616749692740767,0.24339747324228472,0.034106795323146255,0.6459454069132131,0.013988725801165024
plot_6311,4,0.1985125841542095,5,0.021241244915165144,0.0,0.00021307886519782255,0.16461963408928637,0.010391338896833885,0.8014874158457905,0.002047287387726279
plot_6312,4,0.28530884133540424,5,0.07571420761892964,0.0,0.0006834981756677083,0.16198442174597474,0.02820517445563714,0.7146911586645958,0.01872153933919502
plot_632,4,0.017372233597006174,1,0.0019989591593318826,0.982627766402886,2.8514549703044475e-05,0.0005065017474619009,0.0008971821350925727,0.01393087581953346,1.0200185991092802e-05
plot_6322,4,0.3143291555873646,1,0.15790857397885874,0.6856708444091805,0.0038292886534933247,0.009556690513929558,0.14260380805308157,7.215053618303328e-16,0.000430794391455547
plot_6323,4,0.34650298380933314,1,0.024232700091375528,0.6534970161899285,0.0006541979465142398,0.1859089462294805,0.11474262427649234,1.6393877841273676e-15,0.020964515266207233
plot_6324,4,0.29251765919231426,1,0.011027173440770397,0.7074823408041112,0.00046666179233698557,0.2509017394162716,0.015655508625760536,1.4666931327101654e-17,0.014466575920749094
plot_6325,4,0.7130264129843285,1,0.00453929599319481,0.68728639485901,0.0001641034467488825,0.2869735870156716,0.014885286425823256,3.141374593135282e-17,0.006151332259551555
plot_6328,4,0.4018260999015332,4,1.4180612938742154e-05,0.12697287524497175,0.09333152281836064,0.1779339091659792,0.5981739000984668,0.002233830997356852,0.001339781061926037
plot_6329,4,0.3006208205788736,0,0.69937917942047,0.001455742894130872,4.0113790869577517e-05,0.0,0.2452113398267346,0.05385270554969697,6.091851809795365e-05
plot_6330,4,0.46418196538991235,2,0.009491157814633467,0.01706841073420626,0.5358180346100878,0.000520606888130878,0.2317990029747877,0.00897900315016126,0.19632378382799287
plot_6331,4,0.3424105660552877,4,0.03318220074941811,0.13540884835503822,0.1517157398538147,0.017148076481626476,0.6575894339447123,0.0021408296353024395,0.002814870980087608
plot_6332,4,0.7111552263463594,0,0.39975709617804567,0.0,0.28884477365364036,0.0,0.02218005411631016,0.0025259563804374157,0.2866921196715665
plot_6333,4,0.478113645842156,2,0.045733363575776335,0.0007246498272237652,0.521886354157844,0.0,0.23159497293299552,0.000787426975251861,0.1992732325309083
plot_6334,4,0.39012494737359016,2,0.009328492928681383,0.004888547829508926,0.6098750526264098,0.0,0.23331236148896284,1.909881903166865e-05,0.14257644630740535
plot_6335,4,0.5623032798722665,1,0.08178671576969047,0.4376967201277336,0.3974087972284474,8.846798102317222e-06,0.08308055817115181,1.365264951552285e-05,4.709255358993051e-06
plot_6342,4,0.2791072979500167,4,0.13341008965314188,0.0015958542854705572,0.12395656619050338,0.006501187407388184,0.7208927020499833,0.011874479473013545,0.0017691209404991609
plot_6344,4,0.45976364927508917,0,0.5402363507249109,0.017987361399120428,0.2039453375276105,0.016268443406490547,0.1352313624602691,0.08626404441375984,6.710006783872184e-05
plot_6350,4,0.4684407304991268,4,0.050950092406444075,0.0,0.0055385797574632155,0.0017543698412549023,0.5315592695008732,0.07685984921293115,0.33333783928103355
plot_6351,4,0.28674514326304545,5,0.027344794495427777,0.0,0.00030942147443005963,0.0015831133655711156,0.05923902501838298,0.7132548567369545,0.1982687889092335
plot_6352,4,0.7904589653045957,5,0.20954103469540425,0.0,0.01376731113724149,0.0,0.006830577899299695,0.7669719598546934,0.0028891164133610482
plot_6356,4,0.3574383927101181,1,0.01223157156287615,0.6425616072847176,0.007572088009434744,0.20899110429122278,0.0415731371240783,7.825251189172546e-17,0.08707049172767028
plot_6357,4,0.32293537394123006,1,0.184273550979366,0.6770646260433735,0.00015356338066683872,0.011196159889693498,0.12726601789623868,3.3014764297274593e-17,4.60818106615352e-05
plot_6358,4,0.09153636850870009,1,0.02664210145128139,0.9084636314830704,0.0010028137374329654,0.04076857813157833,0.004771126152277655,3.451279387887834e-26,0.018351749044359295
plot_6359,4,0.7194984605643497,6,0.0181096802285332,0.09357803207144222,0.19881435191949295,0.025055629290304093,0.28050153943565026,9.777120472530725e-15,0.38394076705456753
plot_6373,4,0.6133640263233502,4,0.3866359736766498,0.04770911165758414,0.01852591349982172,6.11702630560297e-05,0.521464566422454,0.0039008323010049843,0.021702432179429156
plot_6374,4,0.5670771643230923,2,0.06544219524297637,0.2141605160633432,0.4329228356769077,0.2326410549956763,0.031263066253491865,1.6415847036114177e-19,0.023570331767604667
plot_6375,4,0.42609469609853984,4,0.0021905892849242016,0.0,0.38080545486699163,0.012097102345999658,0.5739053039014602,8.573889971187085e-05,0.03091581070091249
plot_6376,4,0.5009105925075091,2,0.0008537813949160252,0.0,0.4990894074924473,0.0021155242556403996,0.4906077064861133,8.182306174849914e-06,0.00732539806470822
plot_6377,4,0.5146878285909857,4,0.009815667044160137,0.23972319213683296,0.07170264779420803,0.016245330893831154,0.4853121714090143,0.001103388318431079,0.1760976024035224
plot_6378,4,0.4938969495757901,4,0.017995362385737217,0.14832658885582137,0.12330255036470712,0.00323469044631118,0.5061030504242099,3.749363411687974e-05,0.20100026388909636
plot_6379,4,0.4993232079960026,1,0.07686427016620292,0.5006767920017721,7.80366219594125e-05,0.2603031855498789,0.07605218147928808,7.661763260090828e-25,0.0860255341808987
plot_6380,4,0.6000476718133078,6,0.06520776847455934,0.08421684067182005,0.05726345331649475,0.08550911603318229,0.30785049331721903,3.233956607843606e-14,0.39995232818669224
plot_6381,4,0.736509003033723,4,0.26349099696627704,0.23214464126366974,0.0005365054025342753,0.047630502206749165,0.4344966077474216,2.858388024468693e-14,0.02170074641331966
plot_6382,4,0.5745042227478792,4,0.16471958774777695,0.3264907825398692,0.00044329616802662926,0.06526752250100888,0.42549577725212084,8.898646804011676e-15,0.017583033791188654
plot_6388,4,0.6673856447500126,4,0.11802100337973646,0.0,0.004639328187976822,0.3326143552499874,0.4702370317572923,0.0052875602113797915,0.06920072121362725
plot_6389,4,0.6362182991794316,4,0.10029731629231978,0.00010409736106053805,0.004721989343103071,0.3637817008205684,0.3828508645473594,0.0009334842171799311,0.14731054741840893
plot_6390,4,0.18028952808219523,4,0.1148220006823453,0.0034039250921867985,0.033639179363416746,0.019429989314836048,0.8197104719178048,0.0036624269253636363,0.005332006704046709
plot_6391,4,0.20513839975425993,4,0.11957079322410782,0.008539481218504112,0.06492372554478143,0.0068681303593166945,0.79486160024574,0.00405000021474863,0.001186269192801225
plot_6392,4,0.23117967245182675,4,0.08472673268743158,0.00031461347002161916,0.061259878857309644,0.06135943457258636,0.7688203275481732,0.010501375093414964,0.013017637771062521
plot_6393,4,0.7908698729903237,4,0.16276499058635402,0.0019821867669955738,0.20913012700967634,0.006027309242706953,0.6056245387815365,0.012680251482422428,0.0017905961303081041
plot_6394,4,0.7311523320480481,4,0.2135721320205351,0.00025154762221945534,0.2688476679519519,0.05198481387493985,0.35731673893883187,0.09380139129039441,0.014225708301127366
plot_6395,4,0.6622013134701132,0,0.33779868652988676,0.005217999644680703,0.2545752210096348,0.02335286716337912,0.2908854514816862,0.08608236088655442,0.0020874132841779904
plot_6396,4,0.4201949935502358,4,0.12404437030584262,8.585025598848384e-05,0.1722371084376314,0.09014281199788135,0.5798050064497642,0.018726868189533237,0.014957984363358729
plot_6397,4,0.3808748203732702,4,0.2826927490094172,0.00041662253969718994,0.07340910169429665,0.013078897952882449,0.6191251796267297,0.00023050459559714395,0.01104694458137946
plot_64,4,0.6624843472129954,1,0.03035848174225723,0.46643901350497324,0.3375156527870047,4.394578669156708e-06,0.02904265035334579,2.4115626202319973e-05,0.1366156914075476
plot_6414,4,0.3635650095594414,1,0.006801439470308788,0.6364349904404396,0.004771402631237215,0.1475071389204477,0.1768349241150631,2.027198551867386e-06,0.02764807722395181
plot_6415,4,0.33578095243248846,1,0.008887227036938793,0.6642190475675115,0.004254045896540283,0.13611151709043498,0.15240510668749113,1.528532335767987e-06,0.03412152718874752
plot_6416,4,0.7679271895871338,1,0.06075596337303221,0.5757136230600564,0.02089854041113035,0.2320728104128661,0.06290463560435641,1.5394975289951753e-14,0.04765442713854305
plot_6418,4,0.7427591910506446,2,0.008344751002173703,0.014660253309216652,0.48883899514700024,0.00042092761248555054,0.2227522263132748,0.007742037666493574,0.2572408089493554
plot_6419,4,0.4350134439950609,4,0.04663716993096477,0.2074417927835662,0.11246919318820375,0.01036313773466146,0.5649865560049391,0.02588978068079549,0.032212369676869225
plot_6420,4,0.4432565239022994,4,0.054318669384255586,0.08363555010352161,0.17118636677480475,0.007932287856391594,0.5567434760977006,0.05108783502134141,0.0750958147619844
plot_6421,4,0.46081004228372113,4,0.05487378735708688,0.07689454222468389,0.18817798464841723,0.007670209841563363,0.5391899577162788,0.050663597428480964,0.08252992078348878
plot_6422,4,0.4789646456001918,4,0.06454432626797448,0.26836247426996507,0.04499345065803761,0.025642727127174463,0.5210353543998082,0.059509300611988725,0.015912366665051546
plot_6429,4,0.16140612862775325,0,0.8385938713722467,0.0002675362852256016,0.07176025838114951,0.026846792659914718,9.52590116452339e-05,0.00027796399065069456,0.0621583182991674
plot_6430,4,0.23433893498810843,0,0.7656610650118916,0.0011788331905456131,0.0962344885624019,0.05541905585687089,2.675417345223378e-05,7.806817108924624e-05,0.08140173503374858
plot_6431,4,0.7727031787427872,3,0.22729682125721284,0.16934927515260983,0.2194832723069618,0.30693614669047775,0.037217778400728735,2.41222480204834e-20,0.039716706192009135
plot_6432,4,0.15804806073473052,1,0.0048970734550766995,0.8419519392652695,0.007094773284497808,0.024963964420817657,0.0544142842982665,6.261618020418976e-19,0.06667796527607182
plot_6433,4,0.41455521700905484,1,0.10583035780176597,0.585444782986057,0.002040283057795769,0.12876251760893995,0.05861560094123309,0.11853056224378489,0.0007758953604234299
plot_6441,4,0.6944344752347006,1,0.2485923044996498,0.4361795428148898,6.55474462121826e-05,0.008576565466855922,0.30556552476529947,3.3963681078973025e-16,0.0010205150070923819
plot_6442,4,0.6752246879685537,1,0.3247753120314464,0.45013836179847605,0.00010756497658981699,0.008038739303363086,0.21601150552259624,3.1377631123848743e-16,0.0009285163675282555
plot_6443,4,0.7623352566149322,1,0.024711788881260847,0.6687875472769513,0.05094093597476315,0.0,0.015263303303152655,0.002631681178804208,0.23766474338506788
plot_6444,4,0.41363223747214883,1,0.0038290674555442952,0.5863677625278512,0.11892402678964198,0.00094884315974496,0.2722587590470345,6.550934119173587e-06,0.017664990086063936
plot_6445,4,0.1614215342955328,1,0.0025348706686536796,0.8385784656956699,0.0032697272561595415,0.1425608985110613,0.006742159916056086,0.0007034854866687483,0.005610392465730688
plot_6446,4,0.340703334791219,4,0.03316617761989809,0.05509302787354248,0.01915830216372036,0.23144457630769677,0.659296665208781,0.0018238437602951924,1.740706606608239e-05
plot_6447,4,0.7910340800655405,1,0.027632885304438616,0.3795347538760032,0.20896591993445934,0.17523144064778873,0.2078773967396801,0.000741616297083317,1.5987200546699975e-05
plot_6448,4,0.5995422610732917,0,0.4679144961653203,0.011163840691170759,4.6263017016252144e-05,9.005122723023834e-05,0.4004577389267083,0.11898304376505142,0.001344566207502719
plot_6449,4,0.3118189086564922,0,0.688181091343463,0.0038981504930915615,0.09482505918090725,0.0,0.197916392574617,4.235727776060678e-12,0.015179306403685576
plot_6451,4,0.18285791635940818,4,0.0023396215390223043,0.0036875119574277526,0.02734010735821055,0.0,0.8171420836405918,0.010367722530076869,0.1391229529746707
plot_6452,4,0.21515155712951256,6,0.0003109527158977356,0.06298190528886212,0.04370174722972062,0.09920480177323718,0.00895215012179422,7.172614807951144e-16,0.7848484428704875
plot_6453,4,0.1768842998312532,6,0.0008310778298610309,0.031092754729617676,0.03523449458552875,0.09585040412455405,0.0138755685616907,1.0029809269161644e-15,0.8231157001687468
plot_6454,4,0.15726596971077364,6,0.004500284586740608,0.008400078771152687,0.07952036756949032,0.047778454728292924,0.017066784055079998,1.7078606522469097e-14,0.8427340302892263
plot_6455,4,0.7578650168438608,6,2.1439221867501997e-05,0.24213498315613918,0.19630113637742963,0.10159906849044234,0.02620209487508554,1.2024475165278224e-17,0.4337412778790358
plot_646,4,0.7426809483336732,1,0.036610599125651594,0.38769685359000394,0.18510176863911307,0.07066566020497485,0.25731905166632674,0.061149650453773685,0.0014564163201559797
plot_647,4,0.33942436198150944,1,0.07698413820190778,0.6605756380184905,0.0032299336567042872,0.1792049292311978,0.06801274446708103,9.200443464099518e-20,0.01199261642461857
plot_6472,4,0.457959228348781,1,0.115147856499102,0.5420407716310236,0.002444056830201775,0.07351949424099219,0.09577961766757367,0.1693525533645341,0.001715649766572637
plot_6473,4,0.7799792587390413,1,0.12489372973919935,0.37266104627298263,0.01858880118902906,0.0685888269259271,0.1875099854674565,0.22002074126095872,0.007736869144446583
plot_6476,4,0.31047918576814887,1,0.018756397660166232,0.6895208141054251,0.003349075496910575,0.15833348235754421,0.09818451194646496,3.036424575374761e-14,0.03185571843345868
plot_6477,4,0.38721146026367936,1,0.05625845128058763,0.6127823579509339,0.01964141042616199,0.10333834906751022,0.0550803286017747,9.677592598089285e-15,0.15289910267302198
plot_6478,4,0.19017847645576152,1,0.01368992392206429,0.8098215235437494,0.004573171431819149,0.043390771238000364,0.0611388507351458,4.624088547779043e-19,0.0673857591292211
plot_6479,4,0.612634361268469,6,0.044139167639956664,0.06586331748587905,0.028017356172712744,0.19325149789648793,0.2813630220734328,1.9172711132206618e-24,0.3873656387315309
plot_648,4,0.736554815403544,1,0.0,0.6813143952253159,0.26344518459645616,0.0,0.04258040045459389,0.012660019723634208,0.0
plot_6480,4,0.6648754574924786,4,0.0623466537541753,0.07592193763246632,0.01243589520252078,0.24611240854287048,0.33512454250752144,1.4694072305205785e-24,0.2680585623604457
plot_6481,4,0.6536880297442119,3,0.07704325204528041,0.29806862555180874,0.0005506952925062374,0.34631197025578797,0.163655264882146,1.1771685602103993e-24,0.11437019197247071
plot_6482,4,0.35328752717552214,1,0.0575363198932722,0.6467124727259951,0.00022974300320629748,0.19741804493688067,0.021594098704672347,0.07639392847763533,0.00011539225833790658
plot_6483,4,0.41358707246830845,1,0.07555227724348426,0.5864129242281595,0.0033886172941619917,0.14407513709238262,0.11247144781675752,0.0771405534980284,0.0009590428270257914
plot_6484,4,0.7577404433128304,1,0.06318795889351043,0.5771846368260548,0.0015132478273031733,0.24225955668716956,0.04852887785505595,0.0669415984550558,0.00038412345585010955
plot_6485,4,0.6546333508340683,4,0.34536664916593174,4.96762833356697e-06,0.011932284076343053,0.0013190115786997586,0.40391319105453066,0.21684047396176,0.02062342253440122
plot_6486,4,0.31281126632765405,4,0.21777368876930187,2.0811215059813468e-05,0.0026851416607560504,5.8795918988658814e-05,0.687120156627728,0.06836349460069796,0.023977911207467728
plot_6487,4,0.2731451984690966,4,0.1618626272777579,0.000331938559835088,0.009812255758390386,2.032572444584534e-05,0.7268548014715118,0.03693989655940653,0.06417815464865241
plot_649,4,0.08633437653759052,1,0.0003637841931878194,0.9136656234624095,0.0018259602442038385,0.07116888412894411,0.0026359969279587067,3.041723027774297e-05,0.010309333813018344
plot_6490,4,0.42967928011166945,1,0.01411961229861923,0.5703207191354174,0.10388193048050845,0.1877486364226844,0.12318364746393126,0.0007295824792230284,1.5871719616213065e-05
plot_6491,4,0.452647929684116,1,0.03899775683690372,0.547352070315884,0.0024278770067426105,0.0010969063644179614,0.40925270076956405,3.271968379457554e-05,0.0008399690226929874
plot_6492,4,0.21595278334958337,6,0.009912670966423228,0.007040675243940031,0.13059965447174388,0.027793156612103784,0.04060662605536797,4.4973003089284814e-15,0.7840472166504167
plot_6493,4,0.7906115719680671,6,0.026196118487313777,0.0041479921719814435,0.20938842803193297,0.02950801235970032,0.08291923178301744,1.1855667443921052e-14,0.6478402171660422
plot_6494,4,0.34610861196972453,6,0.044449751827505636,0.014165919964174427,0.11014025412315326,0.05931147466678083,0.11804121138808983,2.0536332570178096e-14,0.6538913880302755
plot_6495,4,0.2762504710051632,6,0.020574784806266525,0.0191635888409376,0.08411464995814949,0.02621315304497924,0.1261842943548203,1.0170356481579828e-14,0.7237495289948368
plot_6496,4,0.3795618118576418,6,0.06518811446206674,0.024908243503078097,0.08332285980035528,0.029467087322442485,0.1766755067696683,3.09245510246564e-14,0.6204381881423582
plot_65,4,0.28119070145681563,1,0.0016468523580278798,0.7188092985431844,0.26547067216181414,1.0447544012163698e-05,0.003553097698213682,5.364666904522104e-07,0.010509095228057453
plot_650,4,0.34119033221411266,1,0.14070764862836438,0.6588096677854338,6.26285032889201e-05,0.007454269735761335,0.10532981899741385,0.0874539174769214,0.0001820488728161613
plot_651,4,0.6712808299222197,6,0.0477496457487117,0.053708705570843604,0.3287191700777803,0.0007451129716110786,0.018389464272967757,0.18084984201992998,0.3698380593381556
plot_6511,4,0.6694492381311314,1,0.08575500681460059,0.4816119049726395,0.031454669212861205,0.060027520619979124,0.33055076186886856,1.2342395419389865e-14,0.010600136511038725
plot_6512,4,0.5549920970119571,4,0.17659210826358554,0.03248136511916126,0.049002072316037475,0.08557168222306102,0.44500790298804294,4.568582019710558e-14,0.21134486909006606
plot_6513,4,0.7207691443288288,6,0.055084874352105684,0.0497474519401704,0.055615482634274904,0.27923085567117123,0.24712922229019396,7.505674964024968e-25,0.3131921131120839
plot_6514,4,0.0,5,0.0,0.0,0.0,0.0,0.0,1.0,0.0
plot_6515,4,0.666845098803474,4,0.03358736527255068,0.11726364086295157,0.006193731886179298,0.28891981915500375,0.333154901196526,1.997474292286728e-21,0.2208805416267888
plot_6517,4,0.36700750286236833,4,0.14128542051666043,0.001609520794113116,0.16754041817366616,0.05603494447626648,0.6329924971376317,0.0005371989016621401,1.2061146311754856e-101
plot_6518,4,0.40334896682236376,4,0.2878504063070092,0.0007364638988151511,0.09193836731654871,0.018765074505257197,0.5966510331776362,0.0006436165926588947,0.003415038202074572
plot_6519,4,0.40897531335864873,4,0.17951182322805165,0.0003122176608251696,0.14261863437339412,0.06757911145627177,0.5910246866413513,0.008235505826751201,0.01071802081335479
plot_652,4,0.48437927855049134,5,0.1907566019494551,0.2087809863475894,0.03708303698270778,0.00018732497236682174,0.0015700634643291825,0.5156207214495087,0.04600126483404314
plot_6528,4,0.4235327584455575,4,0.003900615820581466,0.12192674281940447,0.04292465673252978,0.0008880344560649895,0.5764672415544425,1.49575941820593e-19,0.2538927086169767
plot_6529,4,0.2684813628178696,1,0.01429556548389337,0.7315186371820244,0.013104384034284353,0.013601059668062037,0.20016029527482476,6.131557273436283e-19,0.02732005835691119
plot_653,4,0.21991764877947137,1,0.003923612724383247,0.7800823512201236,0.029002953282042082,0.04998013434790305,0.11857450048921818,0.01821668712320883,0.00021976081312114978
plot_6530,4,0.2504643640293102,1,0.019111561749378794,0.7495356359706897,0.0262627088675165,0.006279277310737706,0.12648472137578815,3.95146742144913e-18,0.07232609472588908
plot_6531,4,0.220165629968104,1,0.011184896964195407,0.7798343700261602,0.012003972630837478,0.005845735819918867,0.16526869007939302,4.1752830086540977e-19,0.025862334479494823
plot_6535,4,0.25983246455743975,4,0.13027848645551865,0.0005124575646188167,0.013770883697131609,2.6550698608010705e-06,0.7401675354425568,0.027459965445879947,0.08780801632443344
plot_6536,4,0.4236249321619761,1,0.0010746902474677987,0.5763750678379044,0.030056196941258138,0.02187240275435455,0.30254437719764365,0.04784988661551206,0.02022737840585957
plot_6537,4,0.7127558661638143,6,0.12502840308444074,0.26606132434969315,0.20450174044663016,0.015523225516387327,0.10030796485132071,0.0013332079153422056,0.2872441338361857
plot_6538,4,0.7953289853466066,6,0.2046710146533934,0.14319692611049167,0.24869819940560794,0.0019448458883524135,0.14303008249980542,0.008500116915835675,0.24995881452651353
plot_654,4,0.3875656272468843,1,0.008520781298454492,0.6124343727529961,0.017503157378003353,0.06128980983778976,0.2585584336262096,4.52736673510834e-12,0.04169344510201949
plot_6553,4,0.5611023911972347,2,0.06518831033864714,0.2103154932530379,0.43889760880276535,0.23774778889116455,0.024510789027331885,2.001608121646387e-19,0.023340009687053232
plot_6554,4,0.582169702066767,2,0.05951028039865699,0.22966777253309398,0.41783029793323295,0.2488912823217418,0.023944110314830236,2.495649228465403e-19,0.020156256498444106
plot_6555,4,0.7633755816786343,1,0.027475570232649234,0.27808160079369154,0.002460120374400505,0.2388968176672629,0.2164614726106301,1.808541334978367e-21,0.2366244183213656
plot_6556,4,0.6322963869364193,2,0.0895598577231091,0.36770361306283617,0.37422607849268047,0.08417545737793285,0.06185356819586278,4.898817368055179e-14,0.022481425147529665
plot_6557,4,0.3451073234605126,1,0.02203130270663021,0.6548926765285602,0.006866089291535126,0.05344298042393116,0.1542261167750858,0.01141493249725681,0.09712590177700085
plot_6558,4,0.2728439004474559,1,0.02463235817246833,0.7271558520173205,0.0008082470288773949,0.07295015289216389,0.1252828771526416,0.02440144837616014,0.02476906436036828
plot_6559,4,0.4015679440602731,1,0.18683340829138378,0.5984320559149088,0.0018407943280082876,0.009756727411970242,0.20263435258236318,8.406756859118722e-16,0.0005026614713648863
plot_6561,4,0.7826646803764857,0,0.5370083077505277,0.002217300514944211,0.2173353196235143,0.11068411094296238,4.778229260984843e-11,7.988537618539923e-18,0.1327549611202692
plot_6562,4,0.2536492275919914,1,0.03872741341028786,0.7463507724080087,0.0077942467547626225,0.0,0.0008653458335730293,0.0253843930506668,0.18087782854270112
plot_6563,4,0.21963012952470365,1,0.017653930672453418,0.7803698704752964,0.015106801275431968,0.0,0.0022921935276927295,0.004742455259873384,0.1798347487892522
plot_6567,4,0.4116061948617729,4,0.1817009277190804,0.2046420320805272,0.00862491883553494,4.581319633490619e-05,0.5883938051382271,0.0013991584349988596,0.015193344595296693
plot_657,4,0.28899668907057124,1,0.1056825226884055,0.7110033109289039,6.479922254662544e-05,0.018144116864815846,0.08318828464584256,0.08047989852753844,0.0014370671219470434
plot_6574,4,0.42518864902351067,2,0.14793419028984364,0.12239386988206216,0.5748113509759383,0.0,0.1548071328297028,3.397727643972686e-21,5.3456022453101876e-05
plot_6575,4,0.036318407420418114,1,0.0037424299409398987,0.963681592579582,0.016216330456317044,3.350064278652645e-05,0.007957758438450402,0.00635780024603771,0.0020105876958866173
plot_6576,4,0.4483525386337057,4,5.40776738854703e-06,0.16121422586170098,0.10019682416424841,0.1776709806162161,0.5516474613662943,0.00024508510961910354,0.00902001511453269
plot_6577,4,0.20531321111064885,5,0.0009692664914430972,0.0,0.0008771708341100608,0.004628268944914231,0.12618440404879322,0.7946867888893512,0.07265410079138827
plot_658,4,0.2693244614399424,1,0.04576408890682571,0.7306755385592892,8.329587540406503e-05,0.05494788898751568,0.0828424236648026,0.08316166428216189,0.002525099724000915
plot_6583,4,0.5009504779069707,4,0.18083235941533532,0.24837367964800708,0.010073298054457423,0.007098291531340248,0.49904952209302933,4.5467937462337975e-21,0.05457284925783056
plot_6584,4,0.40004862321057955,4,0.044403077796262874,0.16760720424446568,0.032048205444558074,0.001119892552005828,0.5999513767894205,1.863029869832657e-20,0.15487024317328715
plot_6585,4,0.7134077268750394,4,0.025056704944030516,0.10590201817072775,0.01592832375669384,0.0004448747119526806,0.5660758052916346,5.261691526483693e-20,0.2865922731249606
plot_6586,4,0.4501039695460948,4,0.1245842528457796,0.24460893531131334,0.00708695242754853,0.0013405235724323668,0.5498960304539052,6.469473819169119e-21,0.07248330538902097
plot_659,4,0.20841095330866805,1,0.08695364160487815,0.791589046691332,0.0003255995974337646,0.00048049291825639313,0.10702429358209885,0.012969875873198495,0.0006570497328024187
plot_6592,4,0.44702097403114227,6,0.011461761722811435,0.14590914762168072,0.1677269312909816,2.437763027856039e-05,0.11857189805841781,0.003326857706972171,0.5529790259688577
plot_6593,4,0.55346440340506,1,0.008290166301494192,0.4465355965948414,0.06939868616873733,0.003977312187658893,0.21063335795559174,0.12869228681458017,0.13247259397709643
plot_66,4,0.2364205418001044,1,0.008663660055345735,0.7635794581998957,0.20646156301205643,1.5340265636367817e-05,0.01869692205205761,7.948972620295332e-06,0.0025751074423880677
plot_6601,4,0.13244528042553422,5,0.09612965739492844,0.0,0.006904541379943352,6.833498293959003e-05,0.007886353739054826,0.8675547195744657,0.02145639292866792
plot_6602,4,0.17295213459386674,1,0.004076584850410477,0.827047865403257,3.2297569562218114e-05,0.14857827011697564,0.017781464892372544,1.3908463136416017e-25,0.002483517167421919
plot_6603,4,0.27688788559160943,1,0.006191824498074914,0.7231121144083906,0.0004910420837867922,0.22446726072911716,0.030581047102883285,7.738443059818735e-17,0.015156711177747082
plot_6604,4,0.6494485384810438,6,0.03987201831346289,0.12036324857761699,0.03375073465137591,0.08876492364540667,0.3505514615189562,4.280792998281636e-15,0.3666976132931771
plot_6605,4,0.4421345251296909,4,0.14107500831577613,0.06563496300655562,0.00725532908619518,0.0919959863439154,0.5578654748703091,3.1357685784495257e-13,0.13617323837693507
plot_6606,4,0.0,5,0.0,0.0,0.0,0.0,0.0,1.0,0.0
plot_6607,4,0.188516346120011,1,0.012729717333882822,0.8114836538797823,0.01166671161247337,0.01018984250867527,0.11617249858726175,3.3012393738851612e-18,0.0377575760779246
plot_6608,4,0.567768083997218,4,0.019537744136854607,0.30050889096286104,0.000619113601400494,0.16560018912010815,0.432231916002782,1.4373730449766632e-21,0.08150214617599372
plot_6609,4,0.7445390042824698,4,0.011971366170118175,0.2762956037754622,0.00037367092406843873,0.2554609957175304,0.327007231960894,1.3665656570820957e-21,0.12889113145192688
plot_6610,4,0.5451126591564794,1,0.00836527548887782,0.46439284163611094,0.0008483769825076931,0.45488734084352056,0.04452773617009973,0.0003898298153708475,0.026588599063512408
plot_6611,4,0.724195826992033,6,0.27580417300796695,0.0004362071877385564,0.07307183972133217,0.03965571541702692,0.00025397688440074957,1.311812654254029e-18,0.6107780877815346
plot_6612,4,0.4686294139356606,4,0.10404977560719422,0.1973699297311975,0.0010940078469916503,0.04210868091829749,0.5313705860643394,1.4787978708412175e-12,0.12400701983050094
plot_6613,4,0.7418009276175968,4,0.25819907238240325,0.013839070857366203,0.021478426353998617,0.06370294261969464,0.43222282854304717,5.010594788280367e-14,0.21055765924344003
plot_6614,4,0.49128532462949936,4,0.20436064471077658,0.07300779711326792,0.02432198570116187,0.10178332217099464,0.5087146753705005,5.2129748365426393e-14,0.08781157493324611
plot_6615,4,0.20910318104256745,5,0.03129657335059243,0.0,0.00012005926347971265,0.1676899776225988,0.0066932403378791834,0.7908968189574326,0.0033033304680173234
plot_6616,4,0.03304895895823504,5,0.0034836376556256514,0.0,0.00023503528781112522,0.0015399815297153581,0.017336357653875957,0.966951041041765,0.01045394683120698
plot_6617,4,0.7037760933557895,4,0.04738946947932463,0.1083380394326681,0.1391360348603823,0.011364610832104086,0.3975247708105611,2.3167940749338876e-05,0.29622390664421056
plot_6618,4,0.7825670430508107,4,0.053381444922336,0.10658583295058346,0.21743295694918918,0.015132034052310285,0.36504059452965953,2.1380398855429186e-05,0.2424057561970661
plot_6619,4,0.6831360892143282,6,0.21417254316951756,0.03299922135110722,0.061485251366380445,0.03184616478305267,0.3168639107856719,1.3298279480804478e-16,0.34263290854427014
plot_6620,4,0.780469907918093,4,0.173327919827484,0.18341664665951707,0.07292863469725451,0.21953009208190702,0.24274195004098154,8.37469233132028e-14,0.10805475669277222
plot_6621,4,0.6371859335817891,1,0.08637037753433108,0.36281406641758696,0.30629221740024004,0.08150657513442477,0.10765575274603417,4.7311385110548575e-14,0.0553610107673357
plot_6622,4,0.09614890273708021,1,0.0200122496143277,0.9038510972621462,0.021352416988217902,0.033113770183565976,0.021378314623718985,9.587049202499537e-06,0.0002825642788208311
plot_6623,4,0.36383382274573134,4,0.16087563690032106,0.08903234142945078,0.07245781503807604,0.041296384217650244,0.6361661772542687,7.261995563509045e-05,9.902520459810375e-05
plot_6630,4,0.21971269530193133,1,0.0,0.7802873046978686,0.0325693080292938,0.004750072085779204,0.07401896934763001,1.0656123473124744e-21,0.10837434583942829
plot_6631,4,0.2900647354009779,1,8.902371742786824e-07,0.7099352645989954,0.0609903254353506,0.004296935705862097,0.13781347684126696,5.726548753862151e-18,0.08696310718135061
plot_6632,4,0.5601888378023685,6,0.0007042318002784035,0.24384491167497863,0.18036170247045952,0.0,0.13527799185665207,2.0685058397989174e-17,0.4398111621976315
plot_6633,4,0.7597066242321618,6,0.034189237191007846,0.24029337576321846,0.07777370841188591,0.0,0.2697118686195631,6.703901326950445e-25,0.37803181001432473
plot_6634,4,0.6419867034232124,3,0.06204423076580681,0.23948863577657634,0.3053371143752955,0.35801329657678754,0.02575952202012243,2.9117523162603658e-19,0.00935720048541136
plot_6635,4,0.19273472295535987,1,0.0132829428946209,0.8072652770446401,0.013827270104299235,0.01752814515217181,0.10879960058930183,3.1033668155656815e-18,0.03929676421496606
plot_6636,4,0.26572569215076036,1,0.004013945962105509,0.7342743078489826,0.00987483074986178,0.0053271544255222986,0.18189620202187007,1.2779790015584807e-05,0.06460077920164224
plot_6637,4,0.20932700740146293,1,0.003490570875891458,0.7906729925980891,0.002347593485007045,0.013191469968127699,0.10646238091854263,4.2277180343160316e-19,0.08383499215434205
plot_6638,4,0.27688214329030153,1,0.06278252021653336,0.7231178567096985,1.3994008115030273e-05,0.1602078178086194,0.031096703836049892,2.361708642353143e-25,0.022781107420983916
plot_6639,4,0.2770659095119792,1,0.0,0.7229340904878163,0.03575861951920598,0.00053778416798723,0.1931263306470906,2.708533605465372e-21,0.04764317517789995
plot_6640,4,0.7822345321844306,4,1.158284415428494e-05,0.17012036455803956,0.2076173514262065,0.11907753599327515,0.2854076973627551,7.448679330523952e-17,0.2177654678155694
plot_6641,4,0.7013084468143527,4,2.861533779912715e-05,0.26616869752742134,0.21971557734801467,0.08019021767614193,0.2986915531856472,1.8401789331965822e-16,0.13520533892497555
plot_6642,4,0.748821661758258,1,1.373019224616684e-05,0.3694252422588596,0.251178338241742,0.039469009859549535,0.15267891650401105,3.8498294039543515e-17,0.18723476294359181
plot_6643,4,0.5030943785212999,1,5.210317283940243e-05,0.49690562147867334,0.1409255804236192,0.016032931484427245,0.22594802725315877,3.350650454723271e-16,0.12013573618728181
plot_6644,4,0.7846700183202467,1,0.00012690243471388587,0.3490101236004839,0.1504858159706988,0.02280995915717314,0.2622372171571763,8.160820702513212e-16,0.21532998167975326
plot_6645,4,0.49831292121096965,1,5.229585546174212e-05,0.5016870787890304,0.14749309973259514,0.02329121316067185,0.25261499152307354,3.3630336513389114e-16,0.0748613209391671
plot_6646,4,0.7889726893124709,6,0.21102731068752928,0.024944786027788463,0.3252369155132472,0.0,0.08376616800363539,7.709220577703851e-24,0.3550248197677998
plot_6647,4,0.5353054465259102,2,0.08061135260722489,0.009444100631932505,0.46469455347408983,0.0,0.05125666673832932,9.456145325763819e-24,0.39399332654842356
plot_6648,4,0.24984365794024474,1,0.0,0.7501563420597553,0.027474171995069675,0.08401310547053548,0.13624436393608277,0.002108685862225255,3.3306763316792763e-06
plot_6649,4,0.46763536477986006,1,0.0,0.5323646352177098,0.06527981531221437,0.1143068259554936,0.2758477018611303,0.012190641493348291,1.038016010368079e-05
plot_6650,4,0.7670963708794403,4,0.0,0.3091418806970321,0.08564015182040516,0.23290362912055987,0.3708316011206402,0.0013394226616391838,0.00014331457972356916
plot_6651,4,0.46144100043404035,4,0.0,0.17335241249817612,0.10584409406588877,0.1809166694048973,0.5385589995659597,0.001101593379993975,0.00022623108508417473
plot_6652,4,0.48935063499920817,4,0.0,0.2241451073580456,0.12366476542738278,0.1366753698677038,0.5106493650007918,0.004731647720494964,0.00013374462558103986
plot_6653,4,0.7896479282212144,4,0.0,0.16812403888777996,0.2103520717787855,0.12122631480887101,0.4923397201507398,0.007723518924844225,0.0002343354489795029
plot_6654,4,0.7288080552601814,4,0.0,0.19558248877029055,0.056304260278471116,0.27119194473981795,0.47451318846564927,0.00010967673866771456,0.002298441007103463
plot_6655,4,0.37667990363874604,2,0.003693980337022971,0.005644667666957143,0.623320096361254,0.0,0.0034660288207163156,1.432838110474235e-24,0.3638752268140496
plot_6656,4,0.3620129104355865,2,0.012472385121054046,0.0037264749744181395,0.6379870895644135,0.0,0.00842089306549972,3.833080032709319e-24,0.3373931572746146
plot_6657,4,0.587676958043893,2,0.001307266878390556,0.006282269599920846,0.5778941898292504,0.0,0.002193231736331165,7.562901116035467e-25,0.41232304195610703
plot_6659,4,0.31803021214432653,1,0.000834670673955059,0.6819697878514825,0.06445069801322467,0.0013499678174902765,0.16335707047923662,0.0006456693357059484,0.08739213582890488
plot_6660,4,0.19112171270980086,4,0.002511979809582725,0.0003462748297318162,0.020764744431125987,0.0,0.8088782872901992,0.0029006843731325138,0.16459802926622785
plot_6661,4,0.22200400101826445,2,0.0007775344554216446,0.0006855822212248502,0.7779959989817355,0.0,0.0005561373760510885,8.455773439741282e-26,0.21998474696556689
plot_6662,4,0.7540688406199967,1,0.0,0.5004754118490923,0.14075316261603082,0.0,0.24593115938000332,7.70062328132308e-24,0.11284026615487364
plot_6663,4,0.6817390353472557,6,0.06255535799615217,0.14870759596998423,0.12368737267038249,0.0,0.31826096465274434,1.7125781531559665e-24,0.34678870871073686
plot_6664,4,0.4322184141960594,1,2.6483489065840916e-05,0.567781585803286,0.2103296173258028,0.0,0.1555900585225716,6.0357148576009206e-12,0.06627225485323815
plot_6665,4,0.21092191936021298,1,0.009928985576045308,0.7890780806396874,0.008454741363167775,0.014217398407635513,0.10929261892160348,2.3712588644128466e-18,0.06902817509186059
plot_6666,4,0.802444023324689,1,0.008253488319580199,0.5453594311169196,0.0009445752412880377,0.07458675873428422,0.17329976991261703,1.541991348639737e-19,0.197555976675311
plot_6668,4,0.3865197793972792,5,0.06968877942330264,0.0,0.03802863853485365,0.13236119065663088,0.13210076587408187,0.6134802206027208,0.014340404908410192
plot_667,4,0.7601157553278668,1,0.0012281873629909291,0.500719623168094,0.11084848890251976,0.23988424467213323,0.13986581218107297,0.001311877402300877,0.006141766310888334
plot_6675,4,0.2532098270608235,5,0.1264098455901364,0.0,0.08413611534518836,0.0,0.03855220355784843,0.7467901729391765,0.004111662567650312
plot_6676,4,0.612069412018401,4,0.387930587981599,0.00810475608080673,0.10637279591669177,0.08515399252536171,0.41237207029683554,6.579719870521238e-05,3.9659100104578246e-101
plot_6677,4,0.5463832095635738,0,0.4536167904364262,3.0847948507749456e-06,0.10123784626801087,0.0014742338235460989,0.35642663426648385,0.0017296068026449345,0.08551180360803735
plot_668,4,0.1527777802309779,1,0.03680298456629374,0.8472222197690221,0.00037726986820699003,0.0008773804927313871,0.10756453187575188,0.006110088377403587,0.001045525050590381
plot_6686,4,0.5502810921624295,4,0.1293980964248235,0.0,0.05485605159550849,0.029102305034636893,0.4497189078375705,0.22889635082337823,0.1080282882840824
plot_669,4,0.15885218834109155,1,0.041650121453313704,0.8411478116589084,0.00033024461859369167,0.00046383964247053355,0.1094118757340421,0.006332518943507464,0.0006635879491640378
plot_6694,4,0.5036164391786154,1,2.3415086828070635e-05,0.49638356082138463,0.19691386786709558,0.029946638296333438,0.241415259144704,1.505779800890622e-16,0.03531725878365437
plot_6695,4,0.23351867090092288,1,0.014485744398361252,0.7664813290982166,1.7122820613878366e-05,0.18858458662573907,0.020662114758053417,1.5499769120534084e-25,0.009769102299015783
plot_6696,4,0.2750231181445609,1,0.06468289705813053,0.7249768818551119,0.03064152500649414,0.15749226546918743,0.022105792644025804,4.752558265289774e-05,5.311238439730728e-05
plot_6697,4,0.7752310564164793,6,0.00010177228876138447,0.09639025779852155,0.09122809217566227,0.22476894358352073,0.01997793243176276,3.790737889520676e-16,0.567533001721771
plot_6698,4,0.5805530739346718,4,0.0026021920725896757,0.3156323256354771,0.11417440527997647,0.07729340200240618,0.4194469260653281,1.6733982740775972e-14,0.07085074894420562
plot_6699,4,0.7038453766139893,4,0.000832972148521389,0.32927433887830054,0.2961546233860108,0.01717874661739937,0.33384279524264654,5.3566116337977434e-15,0.022716523727116023
plot_67,4,0.23383567895410945,4,6.92763600864572e-16,0.07927023386553067,0.1540184866064565,0.0004182501626430463,0.7661643210458906,1.4849663600202173e-05,0.00011385865587835521
plot_6700,4,0.2182714467939188,2,3.27842894913169e-05,0.002033182735734392,0.7817285532060811,0.0016237197333323814,0.1521251136340981,2.108479990328665e-16,0.06245664640126229
plot_6702,4,0.567814384084552,2,0.000659620917807387,0.028863613200301022,0.5241836539200254,0.0,0.014107496046418089,6.964943764614507e-24,0.432185615915448
plot_6703,4,0.542177084631116,1,0.012976454113696852,0.45782291536888386,0.19433832308205257,0.0041597842449075375,0.30420710452915495,7.397628002222867e-07,0.026494678898503925
plot_6704,4,0.7609017334262562,0,0.2390982665736217,0.16492054928583388,0.12138626654761356,0.15178698372282537,0.2110916831026084,1.2215802279869147e-13,0.11171625076737496
plot_6705,4,0.17680365885487997,6,0.0030782503860635043,0.015770178706664188,0.06084860253864018,0.08579862715402603,0.011308000069464606,2.1495879438751177e-14,0.8231963411451201
plot_6706,4,0.41743650029080975,4,0.0006285973593194121,0.08406519725041255,0.2622474966639499,0.03230510826228992,0.5825634997091903,0.03360642749293624,0.004583673261901627
plot_6707,4,0.24595924530602878,4,0.001877486944245352,0.08919824189350292,0.038561220102802496,2.809738341813146e-05,0.7540407546939712,0.09286147920922212,0.023432719772837785
plot_6708,4,0.2336412263159781,2,0.0007201868781531623,0.001193864366790349,0.7663587736840219,0.0,0.0007824769842812974,2.269222329556365e-25,0.23094469808675339
plot_6709,4,0.6989007648069037,2,0.20547420409193,0.10530959956571506,0.3010992351930963,0.13975899589644422,0.19620744506325274,4.5031250547696116e-17,0.05215052018956162
plot_671,4,0.05395777398542075,1,0.006403480246750905,0.9460422260145793,0.0010969047937134189,0.0030768851417081154,0.03514373411399632,0.0005148849542598913,0.007721884734992173
plot_6710,4,0.7722866290376842,0,0.2463846762325662,0.030913448996263616,0.23169045699894442,0.22771337096231584,0.11260787569539417,1.4326127163108497e-05,0.15067584498735276
plot_6711,4,0.7095214300304514,2,0.25598671431238146,0.015487025229944785,0.2904785699694781,0.16163728673242397,0.10535490147150155,2.7582503436590035e-17,0.1710555022842703
plot_6712,4,0.5826161388433997,3,0.027518333275654484,0.21923126818683197,0.23522233878320992,0.41738386115660026,0.08657933189917484,8.408068234396432e-19,0.01406486669852854
plot_6713,4,0.08361172443337504,1,0.01757513739148983,0.916388275566425,0.00027136184678575064,0.05290727412637533,0.010454353271958065,8.948716573297313e-26,0.002403597796965996
plot_6714,4,0.16443376104114407,1,0.026564801152772127,0.8355662389577129,0.018688404624954632,0.09681215176594188,0.022243056245208354,6.445185261320491e-12,0.00012534724696485679
plot_6715,4,0.7611464876972828,4,0.07394923558583424,0.06725917527659035,0.23885351230271712,0.0005680725760892839,0.34616634099722904,0.02363902205354168,0.2495646412079982
plot_6716,4,0.18409288029920354,1,0.007056274421462834,0.8159071197007406,0.0014828076294673166,0.008733512126870055,0.16175401403978676,0.0003542491890841737,0.004712022892588217
plot_672,4,0.01744211430290436,1,0.0021347281511333344,0.9825578856932502,5.082500982545532e-187,0.00047833867435921585,0.00014005766989055093,0.014663623039735563,2.5366771631031312e-05
plot_673,4,0.007383153839003135,1,0.0007960577213519035,0.9926168461609315,1.8829209422317024e-187,0.00028058114462007244,8.444574944930975e-05,0.0062184839467964445,3.585276850763278e-06
plot_6742,4,0.7539594049104834,4,0.07954600241306238,0.00037087209485700724,0.02283331840303758,0.2460405950895166,0.557790057220225,0.08107543347649702,0.012343721302804367
plot_6743,4,0.7320360443728915,1,7.39812779908176e-05,0.33475204653339313,0.2679639556271086,0.08427162832437282,0.2548581330502392,4.757559187365153e-16,0.058080255186895004
plot_6744,4,0.7981015757344214,4,0.0007484334650233447,0.25573319739428724,0.13954229250688474,0.20189842426557872,0.3360418299200953,4.812971904811638e-15,0.06603582244812602
plot_6748,4,0.5314971714479231,6,0.12036485263411267,0.0,0.000739267747506508,0.0011547711489489567,0.23439557763754953,0.17484270227980536,0.4685028285520769
plot_6749,4,0.7799090433104078,5,0.22009095668959233,0.0,0.011973698268623451,0.09249260178326899,0.24861664470057582,0.2722779205855741,0.15454817797236534
plot_6750,4,0.04284211417164212,5,0.0021333218659223443,0.0,7.007141562517501e-06,0.002043989409919802,0.00424577158332617,0.9571578858283579,0.03441202417091132
plot_6751,4,0.2731736475187468,4,0.014195182701646786,9.44883896797126e-06,0.015177632688847174,0.17213420079723474,0.7268263524812533,0.05040509497982337,0.021252087512226715
plot_6752,4,0.5588237675009371,4,0.0025947098102844556,0.2139094217287114,0.3073050049165014,0.0034318463029230184,0.4411762324990629,1.668585484434054e-14,0.031582784742500015
plot_6753,4,0.4777023478662573,4,0.013786494988196646,0.1926326243574195,0.11387765230933045,0.06515421515655222,0.5222976521337427,8.865710338353076e-14,0.0922513610546697
plot_6754,4,0.640128880436525,4,0.015032395725202617,0.014811648102011212,0.10316443395874389,0.008288342921515614,0.49883205972895506,9.66506663990956e-14,0.35987111956347495
plot_6755,4,0.4375209541166751,4,0.027099184721614537,0.060058442526857804,0.07472886072654467,0.01718018739945865,0.5624790458833249,1.7426729443338334e-13,0.2584542787420251
plot_6756,4,0.27423590888831306,2,0.00011675295381142797,0.009807332445916236,0.7257640911116869,0.0031773172412131517,0.18080168005120606,7.393555464770535e-16,0.0803328261961655
plot_6758,4,0.7804484629974248,4,0.13102410914667886,3.777131355187184e-05,0.21955153700257538,0.06341977990075783,0.5628712292099584,0.001253137998656604,0.021842435427821254
plot_6759,4,0.36036916002235414,0,0.6396308399776458,0.0014011564991734061,0.05306524955039349,0.008842743833578382,0.2953074021680044,0.000236626807174617,0.001515981164029841
plot_6760,4,0.310210079427391,0,0.689789920572609,0.06012465902014416,0.0969047655280619,8.638870468368983e-05,0.12026837346872346,0.009983609431348718,0.022842283274429043
plot_6761,4,0.7738168537755079,1,0.10176704154623371,0.39982098391036847,0.22618314622449218,8.06556776748473e-06,0.1950391550396874,0.00023229784029185686,0.07694930987115901
plot_6762,4,0.6617165717662917,1,0.017640307905220975,0.5064194706303429,0.1025525900104009,0.00013592338967461927,0.33828342823370827,6.425701703138553e-06,0.034961854128949206
plot_6763,4,0.36059178120155355,1,0.022962090808866954,0.6394082187984466,0.11751556624615205,4.450517308836168e-05,0.19612187304535228,6.709768217919236e-06,0.023941036159876004
plot_6764,4,0.7415507882921867,4,0.0,0.17664263639305194,0.006657367015832919,2.7806994772675218e-05,0.5582229778885291,5.111735656415519e-22,0.2584492117078133
plot_6765,4,0.7500872876696896,4,0.0,0.24991271232380013,0.061682901949059565,0.0007493391640495397,0.5611664866898702,6.924144770055231e-22,0.1264885598732205
plot_6766,4,0.7905006934527032,4,0.041235830097723275,5.612074567899815e-06,0.11193665983369393,0.20949930654729687,0.5031779244558049,0.00928324372826635,0.12486142326264682
plot_6767,4,0.15504761908144787,5,5.642628400308464e-05,0.0,4.1946277632875126e-05,0.01362965331623782,0.1338212487056568,0.8449523809185522,0.00749834449791734
plot_6768,4,0.06202824320620472,5,0.010836883145216546,0.0,0.0007361955653337631,0.00025955776729891207,0.014999859668363822,0.9379717567937953,0.03519574705999169
plot_6769,4,0.08893000775959123,1,0.012445545882079856,0.911069992237092,0.0002854954971669939,0.053881003125643395,0.01918858003161749,8.885504279271179e-26,0.0031293832264004027
plot_6770,4,0.06631842850555811,1,0.015397639407969833,0.9336815714942716,0.0006040147334691118,0.032232015999085664,0.010453560831099428,5.02841998557247e-26,0.007631197534104503
plot_6771,4,0.6273617502908655,1,0.06458972646204993,0.37263824970826026,0.2751164839283839,0.24961526048302854,0.026569583795974943,3.3302749573238383e-19,0.011470695622302495
plot_6772,4,0.359325524016274,1,0.04251023001259417,0.6406744759835421,0.10177378464649915,0.13486701296391637,0.06605901996737293,3.539658978042246e-18,0.014115476426075364
plot_6773,4,0.33261957348973953,1,0.0,0.6673804265099772,0.04384723815132741,0.013105748324843979,0.05234646720314513,8.79426635094726e-22,0.22332011981070624
plot_6774,4,0.7350476256661456,1,1.3858415532107545e-05,0.4924077666189711,0.11538789857498655,0.03707226160295504,0.09016584045370082,4.968067673557048e-21,0.26495237433385443
plot_6775,4,0.27384764624447344,5,0.048434515610899016,0.0,0.07405505591063308,0.0008593348167301561,0.06963983989730242,0.7261523537555057,0.08085890000892976
plot_6776,4,0.19237570394770792,4,0.0026174443843886668,0.0,0.00091664577515717,0.021667234768706328,0.8076242960522921,0.166870362698093,0.00030401632136277666
plot_6778,4,0.32834372762022096,1,0.021256241617503516,0.6716562723773982,4.75215198363582e-05,0.14454764578535292,0.08144228528007944,1.6095327555762965e-25,0.08105003341982954
plot_6779,4,0.44552780895335664,1,0.047618195387480515,0.554472190871841,0.19564749008922458,0.0702410173234284,0.13198435413295675,1.166716608666421e-16,3.6752195068434905e-05
plot_6780,4,0.497504159684853,1,0.05468907274438613,0.5024958401385329,0.1897166943652653,0.03843339170590952,0.21413821750641088,1.0030477410861946e-15,0.0005267835394941242
plot_68,4,0.12094508947375124,1,0.0,0.879054910524161,0.002014162568526807,7.0292973261438055e-06,0.04693997261021984,1.44490353646482e-20,0.07198392499976625
plot_6835,4,0.07999376943678088,5,0.028657179610647166,0.0,0.006115587693323662,0.00014411483133162229,0.009816312445686344,0.9200062305632191,0.03526057485579204
plot_6836,4,0.3694600008252409,4,0.0,0.18608593195912387,0.04909313543537333,0.0005787486223380577,0.6305399991747591,8.504724968759283e-22,0.13370218480840568
plot_6837,4,0.3140009931024699,2,0.0,0.0420946032245288,0.68599900689753,0.0024021880327338278,0.264545502204916,6.04739054754734e-22,0.004958699640291191
plot_6838,4,0.5768825426889047,4,6.149322706076537e-05,0.10617557652802989,0.42311745731109524,0.026647378334945793,0.429079953607313,9.058510074588572e-21,0.014918140991555286
plot_6839,4,0.5070639104155714,4,0.0006521894347231421,0.12397927043310603,0.2927361335974526,0.053705254729625354,0.49293608958442864,1.6475216883826786e-05,0.03597458700378047
plot_6840,4,0.4735366142393876,4,1.4096450142018992e-05,0.1311368696794349,0.2995894088158482,0.008238613407197245,0.5264633857606125,1.712850647471176e-21,0.034557625886765204
plot_6841,4,0.02764570953778214,5,0.00048065209225300155,0.0,3.621473421355033e-06,0.025902086719000905,0.000905334691258094,0.9723542904622179,0.00035401456184881063
plot_6842,4,0.08045038706503238,5,3.775269743727482e-05,0.0,0.0,0.07850375538569118,0.0018657973927316141,0.9195496129349676,4.308158917232967e-05
plot_6843,4,0.5498477672847943,5,0.0013915436776950167,0.0,0.001277480510759271,0.04150515871291274,0.45015223145849936,0.48890216726197766,0.01677141837815601
plot_6844,4,0.07163839105564057,5,0.06953197916476396,0.0,0.0007156611772417927,1.8925443912625882e-05,0.00047748700601355117,0.9283616089443594,0.0008943382637085799
plot_6846,4,0.004746867181298486,5,0.003252378563672511,0.0,0.0,0.0014418883923616236,3.96241402921434e-05,0.9952531328187015,1.2976084972229515e-05
plot_6855,4,0.6911407455002273,2,0.004718521049816347,0.20875064624787232,0.4650182892656346,0.000679643695370204,0.30885925449977264,0.0010333833502723128,0.010940261891261438
plot_6856,4,0.6969918784906507,2,0.013790671566439809,0.30300812150901624,0.4369692098993547,0.00032429324649107117,0.23520799549156116,0.003379553325925509,0.0073201549612113065
plot_6857,4,0.5795750563813175,2,0.015146719978378537,0.02340441333681096,0.42042494169914124,0.001020387514800501,0.3283795324231271,0.012105819621738675,0.19951818542600308
plot_6858,4,0.7927091002871681,1,0.20729089971283177,0.3535656499604392,0.02112843132789551,0.06502025381685966,0.21622128949135078,0.1287697684366141,0.008003707254008821
plot_6859,4,0.43961274578344156,4,0.0029316029508905106,0.23292141409885697,0.12737549807797885,0.06697361703062363,0.5603872542165586,7.507524467144034e-05,0.009335538380420212
plot_6860,4,0.5727357372845256,2,0.06694055019025655,0.35985778486168296,0.4272642627154744,0.0,0.06141771887359415,2.0757076957045694e-05,0.08449892628203493
plot_687,4,0.11702190092510835,1,0.00016528100718950434,0.8829780990748917,0.009188994083720469,0.04722340750663526,0.057389266027738625,0.001963616303822349,0.0010913359960021674
plot_6872,4,0.4446867778965965,4,0.041168297157979136,0.31226427664923584,0.009344144146755825,0.0005941570813302763,0.5553132221034035,2.991978821409744e-20,0.08131590286129547
plot_6873,4,0.4083677965240351,6,0.13075450959039553,0.1651439345250903,0.021565395622191858,0.0017957350417142,0.08910822174447837,1.6480753013041096e-13,0.5916322034759649
plot_688,4,0.06478120210384745,1,0.0013285668284689898,0.9352187978957894,0.0030891551729267347,0.014506033137543636,0.03366681584927323,0.012150957476296081,3.967363970196887e-05
plot_69,4,0.11331336362357126,1,0.0006192979172210456,0.8866866363762878,7.333454106981836e-05,0.0,0.11261970956950412,3.643828183768874e-18,1.0215959172311616e-06
plot_6922,4,0.6418426454543016,0,0.38354991096647384,0.00010548231752653427,0.19184673544349304,9.172451982365868e-06,0.04612384468088891,0.020207499593936917,0.3581573545456984
plot_6923,4,0.45633815759903174,4,0.03667218101937993,8.017706093545726e-206,0.11576993479690528,0.14864759980432496,0.5436618424009683,0.05202333931144457,0.10322510266697701
plot_6928,4,0.5212989404094532,6,0.004386390532032133,0.06464002555683084,0.07352661352063408,0.06792818399694735,0.3108177268030088,7.063833175034611e-19,0.4787010595905468
plot_6929,4,0.5136011447338289,4,0.0014880160569775243,0.13729561690186856,0.07794073264631145,0.04253238625936924,0.4863988552661711,6.907065452574664e-21,0.25434439286930216
plot_6930,4,0.7616023384347472,6,0.018929277352213142,0.034131577684387904,0.020415323356346698,0.23839766156525272,0.23165627177723402,2.2339663158681635e-18,0.4564698882645656
plot_6931,4,0.4928344749825466,4,0.027117158120173984,0.1264318768120855,0.1637107786247973,0.0007128317992456063,0.5071655250174534,5.950653245237414e-17,0.17486182962624425
plot_70,4,0.1280850453330905,1,0.0,0.8719149546669095,0.009317223397374966,2.7555753813654018e-05,0.023734705154364516,1.1497638782978298e-21,0.0950055610275374
plot_7001,4,0.6693156653275616,4,0.15743297038260937,0.17128951438115922,0.06761199720752416,0.0008000987940562233,0.3306843346724383,3.835566452842575e-15,0.2721810845622088
plot_7002,4,0.7690709376409957,6,0.2309290623590044,0.17371687676374592,0.055112505139309244,0.0008218441869689975,0.20194372080603118,1.1444374436106696e-14,0.33747599074492884
plot_7003,4,0.47285495056305066,6,0.12929364181025263,0.14567134710373003,0.06661747564756865,0.0006215723836541461,0.1306509136177644,8.082205213446077e-14,0.5271450494369494
plot_7004,4,0.690733238102581,4,0.0037942637729611412,0.10523654717422315,0.08552902356552354,0.0005445235114728766,0.49562888007840034,1.1028378109639565e-19,0.3092667618974191
plot_7005,4,0.5850820245837176,4,0.02475381194268206,0.4149179754162824,0.02146701772975628,0.003271731445344794,0.45798414021369105,1.0909770127129018e-20,0.07760532325224324
plot_7006,4,0.5328307781860043,1,0.16156436903876514,0.46716922181399567,0.013871166725127348,0.0018655435887811828,0.33047662627977636,3.776173377067358e-21,0.02505307255355435
plot_7024,4,0.4503886998493904,1,0.23913403250384874,0.5496113001422448,0.0001177969737915643,0.004541682462714392,0.2062097597197833,9.682808761386438e-17,0.0003854281976171386
plot_7025,4,0.13466709335815435,1,0.04408226444311588,0.8653329065537663,4.4643285644497685e-05,0.07038661534134093,0.019786197422728052,1.2736880876889377e-25,0.0003673729534044135
plot_7026,4,0.43516890808270714,4,0.1317226793323101,0.11626833298311133,0.0016544746602306592,0.09012562223555554,0.564831091917293,5.292601682601377e-13,0.09539779887097027
plot_7033,4,0.44464305636489576,2,0.13948282419843233,0.0007164139323234169,0.5553569436346782,0.0,0.024720789338804755,0.0001480595923442137,0.27957496930341713
plot_7041,4,0.6600254853629196,6,0.0008881041764501576,0.21130587569228063,0.209970070862975,0.0010638737604901814,0.23678743830727844,1.0122563445263098e-05,0.33997451463708045
plot_7042,4,0.691606368515739,4,0.003632972597829239,0.30537983242335187,0.19082995949011658,4.366251350339085e-05,0.3083936314842611,1.7839662134607383e-05,0.19170210182880332
plot_7043,4,0.6715545541687995,6,0.0025678717481533763,0.14031120349011428,0.27671846156496,2.619995510836531e-05,0.25193011032864593,7.070818175955799e-07,0.3284454458312005
plot_7048,4,0.5616387537195437,2,0.12346652330290264,0.016922681242981106,0.43836124628045625,0.0,0.03792201950110899,3.62791365803983e-24,0.383327529672551
plot_7049,4,0.48036414331624455,2,0.09703938694136369,0.0027549821707584512,0.5196358566837554,0.0,0.017197411687554284,5.795005894546533e-24,0.3633723625165682
plot_7070,4,0.4818516969837664,1,0.004363091167952031,0.5181483030161487,0.07040787729445026,0.0011822773263771335,0.281559289815974,0.057791324219115064,0.06654783715998282
plot_7081,4,0.2509496328677145,2,0.002817110118953942,0.02634478563769956,0.7490503671322855,0.003784325295805708,0.11600035329358124,1.5061796697397217e-15,0.10200305852167256
plot_7082,4,0.7337215131795977,2,0.001224659541457686,0.030251482484380404,0.5012739702434378,0.007449010906001007,0.2662784868204024,6.789238495622656e-16,0.19352239000432017
plot_7083,4,0.6222455279691697,6,0.2272228742138353,0.02656079200674738,0.08304681548416624,0.04173193175312687,0.24368311451129385,8.829362414122344e-17,0.3777544720308303
plot_7084,4,0.45294454557866004,6,0.029726580142009327,0.1517519167655731,0.1103970913538653,0.038011562426144084,0.12305739489106815,7.440307423714177e-17,0.54705545442134
plot_7085,4,0.1558912993835147,1,0.0059374473377495785,0.8441087006163728,0.00829156746836103,0.01589529254691786,0.12500375792695867,2.2131353627032576e-05,0.0007411027500130874
plot_7086,4,0.792527126353979,6,0.2074728736460209,0.19383096148421147,0.0086234717576833,0.02634386138000626,0.25603468301959365,6.912858655458273e-13,0.307694148711793
plot_7091,4,0.8035225309338235,4,0.007198794603591649,0.20264433642979934,0.02742511747260811,0.19647746906617652,0.42250164173415894,0.0014599475802112426,0.14229269311345427
plot_7092,4,0.5946127656540341,4,0.007284387993752362,0.3648618956951156,0.030382471224678274,0.08617713013747577,0.40538723434596596,0.0006441418472332406,0.10526273875577871
plot_7093,4,0.7755627943778514,4,0.011583871531961366,0.17839768896937547,0.042629923177249465,0.07809279199706173,0.4622234640306001,0.002635054671603137,0.22443720562214875
plot_7094,4,0.5474857524035772,4,0.05273462980912662,0.2743493098135122,0.009779059563738375,0.0645944562458417,0.45251424759642284,0.026690113780438934,0.1193381831909193
plot_7095,4,0.5042677468591779,1,0.01027893735603156,0.4957322531405457,0.007233813499259853,0.038085414474283555,0.3645579481085138,0.0023145392554165555,0.08179709416594894
plot_7096,4,0.3140867930389792,1,0.004285213176233494,0.6859132069608592,0.006833785276990542,0.023782050599032517,0.23480733973477513,0.0013841186296850215,0.04299428562242423
plot_71,4,0.2998134914660608,1,0.08673781070462484,0.70018650853391,0.17347260960370284,3.811125800820234e-05,0.014625550614276037,1.1299743491255587e-06,0.02493827931112893
plot_7104,4,0.5399361509824719,2,0.03488599708168264,0.19669748299233725,0.46006384901752795,0.0,0.14099941247911446,3.0820175559338544e-06,0.16735017641178163
plot_7105,4,0.2357934940167975,1,0.005169830196715592,0.7642065059830256,0.11406455855397274,5.072442009147292e-05,0.08043874430066993,0.0006136548433165101,0.03545598170220826
plot_7106,4,0.26550125648859635,1,0.008266677254510399,0.7344987435112534,0.1725192506561907,0.0,0.055699920354910136,0.0003149479722695808,0.028700460250865843
plot_7107,4,0.43894191543629035,2,0.18236979347483065,0.04695638162287703,0.5610580845637096,0.0,0.026823724417817565,1.0113314124907835e-10,0.18279201581963195
plot_7108,4,0.7482719648046876,2,0.1939478500640764,0.028282429220301684,0.49565644066044606,0.0,0.030385244494210047,3.656533772236472e-10,0.2517280351953124
plot_7109,4,0.47473465881302834,2,0.22050372837928162,0.039121244095587544,0.5252653411869717,0.0,0.024510702374278784,8.326961443487148e-11,0.19059898388061075
plot_7110,4,0.5702749454722373,2,0.09815214277738754,0.004780808219175721,0.4444297980947439,0.0,0.02291219638093028,9.345631714879572e-24,0.4297250545277626
plot_7111,4,0.5286193003030903,6,0.09248836379759223,0.038507889900297874,0.32669844231254375,0.0,0.07092460429265643,1.4863629775220154e-22,0.47138069969690966
plot_7112,4,0.5544756556778176,6,0.10791593665295532,0.04091594834465302,0.33035993096050587,0.0,0.0752838397197034,1.539376233050657e-22,0.44552434432218246
plot_7113,4,0.625726173709228,6,0.07597090588615585,0.14632803113466464,0.15997331493884354,0.0,0.243453921749564,1.2285517241644553e-24,0.374273826290772
plot_7114,4,0.6362844368702418,6,0.03920334626894528,0.08400528155868905,0.23926790753810556,0.0,0.2738079015045019,8.844780992103508e-24,0.36371556312975817
plot_7115,4,0.3774815320424458,1,1.7245267632467286e-05,0.6225184679574617,0.17037800338487874,0.0,0.1587886346590158,8.596673364530722e-12,0.048297648722414585
plot_7118,4,0.7089953169818518,0,0.29100468301814814,0.19941688542132233,0.02954187404663276,0.006934881600908473,0.18073537130437595,0.278149389679372,0.014216914929240173
plot_7119,4,0.6942256621599322,1,0.24642705048214084,0.3643264844892461,0.0053084264818037685,0.0013084359863164328,0.07398262975600153,0.3057743378400678,0.0028726349644235464
plot_7120,4,0.04932354720591763,1,0.003222866435298042,0.9506764527939462,0.01024368705138461,0.0004695364807621483,0.0192691928717708,0.011314543582474502,0.004803720784363763
plot_7121,4,0.05255538490048643,1,0.0023311071109304617,0.9474446150992775,0.026340910985787835,9.998038585960026e-06,0.012912262819729087,0.005597027593759928,0.005364078351929312
plot_7122,4,0.034112178642050066,1,0.006944830297615959,0.9658878213577144,0.016502643775605615,3.823445143550552e-06,0.004453717612397066,0.0049772881056824115,0.0012298754058407723
plot_7124,4,0.6262919952015168,2,0.0013912958051175,0.2826378640233082,0.3737080047984833,0.0,0.17604159832086402,9.098757675722619e-12,0.16622123704312836
plot_7125,4,0.2683502112309133,1,0.0,0.7316497887690867,0.10582858534379225,0.0,0.13973864140079015,2.455128793569507e-23,0.022782984486330912
plot_7127,4,0.4704698701341439,2,0.0003089946013963088,0.09066298154102168,0.5295301298658561,0.0,0.0299472293699588,1.3222472235490098e-23,0.3495506646217671
plot_7128,4,0.3794993153328067,2,0.004090915636104233,0.006802942020407912,0.6205006846671933,0.0,0.004009184028730164,1.7720819355534918e-24,0.36459627364756436
plot_7132,4,0.7437014594453407,2,0.2562985405546593,0.245029404903836,0.4590576351256942,0.0,0.03839558236051523,0.0012006984479963935,1.8138607298931163e-05
plot_7157,4,0.6695874916801237,4,0.09381768592641127,0.037302778705426115,0.0930305629962768,2.1508528036495437e-05,0.35818267439925744,0.08723228112471551,0.33041250831987645
plot_7158,4,0.5252682988812485,4,0.07360502892727572,0.0708527899699657,0.07431509835680655,1.9692372694382694e-05,0.47473170111875146,0.06670710381370902,0.23976858544079724
plot_7159,4,0.7075045362395083,1,0.29249546376049185,0.5791415631151711,0.002334206843296142,0.003551961227468324,0.12241183346929463,3.785106341126949e-17,6.49715842779872e-05
plot_716,4,0.7862724665166271,1,0.11142887710515324,0.6395824185374686,1.5341557688250632e-05,0.006024448559094321,0.21372753348337295,0.0291190739382994,0.00010230681892329163
plot_7160,4,0.5843667439854525,4,0.03520190648351374,0.21052419428599603,0.16846296101886063,0.0009326685712152167,0.41563325601454754,0.019222087231205928,0.150022926394661
plot_7163,4,0.6758553319035827,4,0.11923990287842207,0.000811977887094735,0.32414466809641723,0.02975144490464061,0.5248798728780435,0.0011721333553818976,5.275743512484135e-102
plot_7164,4,0.4036721195905815,2,0.1898830652736306,0.16932692234150493,0.5963278804094185,0.0,0.04440195989990821,1.7025915028351826e-05,4.314616050935817e-05
plot_7165,4,0.5193676766620945,1,0.0023987774977867406,0.48063232333564687,0.09670370443347062,0.017632767309187825,0.39703764994816293,3.685732699398805e-05,0.005557920148750918
plot_7166,4,0.48499255568639693,1,0.005815219940712924,0.5150074443135401,0.14598420915653204,0.012499795026156994,0.31323599346412645,3.696911269887733e-14,0.007457338098894553
plot_7167,4,0.31234131260603465,1,3.9298909117299543e-07,0.6876586873939653,0.07303096455718468,0.001464607343053389,0.19077311571504335,2.5298551607319035e-18,0.04707223200166201
plot_7168,4,0.5958469319472801,4,0.00014937643186126246,0.3515748635477116,0.11255552331367358,0.04645024286592639,0.4041530680527199,9.606037970068996e-16,0.08511692578810628
plot_7169,4,0.5943802911579913,4,0.0002696440700639605,0.3545469690097798,0.1378675179939784,0.052494317716281005,0.4056197088420088,1.7340106249220766e-15,0.04920184236788634
plot_717,4,0.6177497906492054,1,0.2033207540866363,0.3871715417723749,0.004478973208913779,0.000110020592602862,0.014352299902735451,0.3822502093507946,0.008316201085942063
plot_718,4,0.4458887477693126,1,0.27420621533068634,0.5541112522306166,6.228523480755798e-05,0.0003731270495583415,0.09610858527783644,0.07483546701759422,0.0003030678589003938
plot_7182,4,0.5861524404337922,4,0.16746850113328288,0.0,0.3968191057074778,8.02830549709949e-05,0.4138475595662078,0.01395560726497424,0.007828943273086269
plot_7183,4,0.39619512036840804,4,0.04418180359827548,0.0,0.3506038898564136,0.0,0.6038048796315919,0.0013142926824486684,9.513423127032155e-05
plot_7184,4,0.39103719162999984,4,0.06838410273711551,5.342585146518473e-06,0.3203674671377987,1.6816175451353632e-06,0.6089628083700002,0.001317460899267762,0.0009611366531261945
plot_7185,4,0.4428091254719377,2,0.22291382600140283,0.0,0.5571908745280624,0.0006071600611470912,0.17507689590903552,0.04383277087806797,0.0003784726222842979
plot_7188,4,0.3881299165991409,4,0.1752888793272215,2.7769141617165316e-05,0.16034218071425957,1.769328911711199e-05,0.611870083400859,0.019116106368110224,0.033337287758815316
plot_7189,4,0.5993253856696887,4,0.028458526989283833,0.0,0.40067461433031126,0.0,0.5307536951547853,0.0016669508098787838,0.03844621271574079
plot_719,4,0.005211068887265636,1,0.0,0.9947889311126137,3.435814091681159e-05,0.0009141450413015931,0.0042460212418479505,5.0928863719973565e-06,1.1451576948109416e-05
plot_7190,4,0.6317512692151448,2,0.368248730784291,0.0,0.3875581400824435,1.0773875047511002e-05,0.1803790624341854,0.062413607627866755,0.0013896851961659423
plot_7191,4,0.47097378135335216,2,0.21080121274629843,0.0,0.5290262186466478,2.037729491663138e-05,0.21540374810415033,0.04371875769304639,0.001029685514940362
plot_72,4,0.11117801789348755,1,0.0010396324073191957,0.8888219821063554,0.001007980357595126,3.7215149262234587e-06,0.10909795483579854,9.314800371038228e-17,2.872877800539258e-05
plot_720,4,0.6794252209837994,4,0.013699447345652049,0.10424291520029089,0.18668537301043203,0.0037710692407673784,0.37102641600625574,1.8040139318144958e-10,0.32057477901620063
plot_7213,4,0.07501026823737159,1,0.003587307681698973,0.9249897317588778,0.003191944441590185,0.0,0.03245693614582625,0.0002491097851226321,0.035524970186884164
plot_7236,4,0.2683867187351411,1,0.029638452811170696,0.731613281264675,0.00565916772903409,0.15143689216184672,0.01190250801751617,3.804899040898031e-05,0.06971164902534838
plot_7237,4,0.2818475854028261,1,0.0025899920167167345,0.718152414567642,0.0006006128700896231,0.2432577517047996,0.02683521317374061,0.0009090374319132354,0.007654978235098181
plot_7238,4,0.49087383410902924,1,0.022981074225139488,0.509126165867572,0.0007194835258216997,0.23853161879604934,0.19413055056623305,0.026131695309936948,0.008379411709247449
plot_7246,4,0.6828679565693649,2,0.0009202695601125592,0.03294401209374437,0.4482680341245714,0.015616371002793101,0.185119269788143,5.108353182863088e-16,0.31713204343063517
plot_7247,4,0.1972906173924151,1,0.002583091733278186,0.8027093825969986,0.054208515365393894,0.12812383311914954,0.01145624445026356,0.0001038531784807782,0.0008150795564354115
plot_7248,4,0.24764727688779395,2,0.0059201271750514185,0.06106051509115664,0.752352723112206,0.006074651507468772,0.09079325621633727,3.3002476180471618e-15,0.08379872689777657
plot_7249,4,0.35039636693451914,2,0.0017351156856439721,0.03036699462037169,0.6496036330654809,0.004615727999143634,0.15481882326351937,9.638140297435303e-16,0.15885970536583954
plot_7250,4,0.5582117196527516,1,0.08213293877329235,0.44178828034683487,0.0015585458123751669,0.12336303170684469,0.306029914654155,4.472770616128856e-15,0.04512728870649354
plot_7253,4,0.5416983575178594,4,0.11147008622567117,0.23990411868215616,0.004294334965013367,0.10582445527607984,0.45830164248214056,7.12933806391341e-14,0.08020536236886769
plot_7254,4,0.6024941090669425,6,0.17672964797546228,0.07932639548356178,0.11579750514931826,0.08449471536908061,0.14542809418122268,0.0007177509082968556,0.3975058909330576
plot_7255,4,0.7077278048309688,4,0.04651396287486946,0.00013497079555374768,0.006432535760198369,0.13848253550367357,0.5160090679080105,0.0001547319886631012,0.29227219516903125
plot_7256,4,0.30374444906525344,4,0.012274882644477892,0.001924064023081042,0.010301290417046114,0.06014509706994334,0.6962555509347466,0.00011399892311812797,0.21898511598758696
plot_7257,4,0.31332686833657575,4,0.021146930660125435,8.470073828755654e-05,0.05904532206051186,0.07692317685822815,0.6866731316634243,0.0022006887513153226,0.1539260492681074
plot_7276,4,0.03360515470921621,5,0.013737709580776976,0.0019511766893885948,0.0,1.928409459870519e-05,0.017886539846519327,0.9663948452907838,1.0444497932608537e-05
plot_7277,4,0.2013197697532247,5,0.03540814403414505,0.023471324934207616,1.4967285600593347e-05,2.0217433152227034e-05,0.1422493651377486,0.7986802302467753,0.00015575092837051126
plot_7278,4,0.8003165683534675,5,0.19968343164653252,0.06253363277238363,0.0006733914162551744,0.0006111178477862934,0.07019214554157542,0.6638207924277636,0.0024854883477034035
plot_7279,4,0.3218218289724689,5,0.10607167479243146,0.11441047386950562,0.0008183068469364228,0.0008516635179236607,0.09673201022180614,0.6781781710275311,0.002937699723865631
plot_7280,4,0.11293703013870184,5,0.07585450930764787,0.015712128855630857,8.877756590702668e-05,7.11675391333805e-05,0.02044404483147695,0.8870629698612982,0.0007664020389057761
plot_7281,4,0.7175706637142458,5,0.05942035489420418,0.28242933626886996,0.002130867592651697,0.0038014871703268547,0.23201452661900684,0.4155802973960151,0.00462313005892542
plot_7282,4,0.02064567383453478,5,0.0010698863101719698,5.366055336872709e-147,0.0181322700919855,0.0,0.0013469551999253752,0.9793543261654652,9.65622324519626e-05
plot_7283,4,0.06946750118572266,5,0.008837169265714356,8.360595828829785e-147,0.04657206750184785,0.0,0.012266357423849596,0.9305324988142774,0.0017919069943108548
plot_7284,4,0.16018027329576448,5,0.06858123612479293,0.021412896408333652,3.1264526394810794e-05,3.219493465214853e-05,0.06980541936407021,0.8398197267042355,0.00031726193752075325
plot_7286,4,0.5841786234017815,2,0.0034878846012709433,0.020525748270969098,0.4158213765982185,0.0011770311866998984,0.4052631343147253,4.69401965589096e-18,0.15372482502811624
plot_7295,4,0.23995627435671596,0,0.760043725643284,0.0013090965685615967,0.09488920309287183,0.060347261204470294,2.6834797469679574e-05,7.830343044312313e-05,0.08330557526289936
plot_73,4,0.4341882918629105,4,2.2987924424082637e-05,0.007553481449029386,0.3144481280666238,0.00143279684142032,0.5658117081370895,0.04029137851778463,0.0704395190636283
plot_7304,4,0.47008763938073417,2,0.007534961045782855,0.150046421761161,0.5299123606192658,0.10947480078142785,0.1969678929649284,0.004206348886998197,0.0018572139404359075
plot_7305,4,0.7079567360604507,2,0.012871309021936632,0.22942357330127855,0.3187691997160355,0.14040975765331534,0.29204326393954944,0.0037417019305370754,0.0027411944373475525
plot_7306,4,0.7761123506755996,2,0.010268838534610041,0.1647322253522403,0.32311048614929444,0.2238876493244003,0.2417341662051096,0.025832363425470094,0.01043427100887524
plot_7307,4,0.7783194479927221,2,0.0065095891659953655,0.23039117053633107,0.3083130873656144,0.22168055200727796,0.22900668507133867,0.00036601855269924235,0.0037328973007434685
plot_7308,4,0.5401029805231757,1,0.07791239695439735,0.4598970194752462,0.15445218579489786,0.06909386522935969,0.20986563100366348,0.0014075804201777243,0.027371321122257663
plot_7311,4,0.4035243498766008,0,0.5964756501233992,0.0,0.14512387054213696,0.0,0.0168507312841117,0.003340030538239146,0.23820971751211295
plot_7354,4,0.5556728265439963,0,0.4443271734560029,0.0,0.052400207724154726,0.0,0.10999966751708008,0.37009131102483295,0.023181640277929405
plot_7399,4,0.5428231996060247,2,0.008596811032087327,0.14412515079465799,0.45717680039397546,0.12892666868677582,0.2297955652051913,0.022143798571796408,0.009235205315515773
plot_74,4,0.7388182481511811,1,0.2611817518487044,0.3461830021506659,0.25082000849657515,0.0008460025425731381,0.07090775197267556,2.6593739287070073e-08,0.07006145639506667
plot_740,4,0.5719264855174971,5,0.15806009155434553,0.3822866089524034,0.007783356539014508,0.0005301560209043676,0.0105405239314459,0.42807351448250286,0.012725748519383425
plot_7407,4,0.6684182729507833,6,0.0007523271663835648,0.27377660857447694,0.20645553939205477,0.1094676399343448,0.07784201355571348,0.00012414432780976476,0.33158172704921685
plot_7408,4,0.04596591561466011,1,0.000896430466573255,0.9540340843774258,0.000612106872910075,1.2960464142793662e-05,0.044037182657146394,0.0004072351618017114,4.023039280068132e-103
plot_7409,4,0.3630872041201083,1,0.07378116518016505,0.6369127958798917,0.0333322112936767,0.011850890687141454,0.24396704516372164,0.00015063573715846763,5.256058244966546e-06
plot_7410,4,0.0034736518397321353,1,0.0005984287409253751,0.9965263481602679,0.00010298933927878271,1.8244415624659645e-05,0.002727362840513515,2.6626503389799712e-05,1.1222746980087196e-102
plot_7411,4,0.08360680106704761,1,8.655348393773449e-65,0.9163931989329296,0.035267326981427066,0.043625198260699265,3.3397313474951e-06,0.0047109360935966215,2.638968283673221e-88
plot_7412,4,0.0867892518469571,1,1.390622407737725e-64,0.9132107481530429,0.05830438231449361,0.02364724646461716,4.969357948611095e-06,0.004832653709897734,3.9578538907376585e-88
plot_7413,4,0.10271041531262341,1,1.1739504290587804e-65,0.8972895846873766,0.014087002509942395,0.0880417223410073,7.4488339465872105e-06,0.000570555449797265,3.6861779298878975e-06
plot_7414,4,0.10424561128352476,1,6.025408019227819e-66,0.8957543887164753,0.005670276853390665,0.09800655973526662,5.693140421434353e-14,0.0005639478367016691,4.8268581089223405e-06
plot_742,4,0.23026864607692446,1,0.04272849659142758,0.7697313539230755,0.0001458183200731689,0.025822333244685254,0.031200585365379008,0.12753982452903298,0.0028315880263263876
plot_7425,4,0.2609060762173908,1,0.14046568017647373,0.7390939237822963,0.06395636666120098,0.0016558952959061176,0.004763062446806513,4.4055169040680725e-15,0.050065071637312004
plot_743,4,0.011008490446720469,1,1.0913956429550229e-05,0.988991509548975,0.000254807121580256,0.003941206550726392,0.006528060500758668,0.00024963167190560857,2.3870649624455313e-05
plot_7433,4,0.4052884259058085,2,0.006025095383972794,0.12373979820402102,0.5947115740941916,0.10411159062050264,0.16617981739192364,0.004121558410387121,0.0011105658950013562
plot_7434,4,0.5885595676671849,1,0.013477431630118851,0.4114404323326306,0.17663036828870687,0.12622703057915036,0.25517740807839145,0.0003839913957576892,0.01666333769524424
plot_744,4,0.13680011841361367,1,0.010229350477173235,0.8631998815863864,0.011255715422574817,0.00253208949601005,0.09659732739606813,0.0005829183637904559,0.015602717257997042
plot_7441,4,0.27671503322984337,6,0.004076752048339917,0.07954828491644789,0.023041911897013673,0.009540597037684038,0.1605074873303575,3.1049185331231024e-16,0.7232849667701566
plot_7442,4,0.4310272140720853,6,0.0002153539729130209,0.09905178969128017,0.10805262438870894,0.021308471699779202,0.20239897431940373,2.371738814505512e-16,0.5689727859279148
plot_7451,4,0.0007139182780157156,5,0.00047500751760423665,2.898294899227063e-05,6.344793365167699e-07,0.0,0.00020584781168759444,0.9992860817219843,3.445520395111278e-06
plot_7452,4,0.0035004710520660912,5,0.0018621813475110404,0.00021686662509364822,1.0356397619684534e-06,0.0,0.00141376766632933,0.9964995289479339,6.61977337011637e-06
plot_7453,4,0.00013953704985979068,5,7.46790800658493e-05,3.51427730040834e-06,0.0,0.0,6.134369249351788e-05,0.9998604629501402,1.1508211060854012e-108
plot_7461,4,0.3214664985708141,2,1.8187769734505963e-05,0.029639158159528278,0.6785335014291858,0.07233817089338443,0.02752517757178365,2.1297378242805743e-06,0.19194367443855898
plot_7471,4,0.7785031219982641,2,0.00024550200005053085,0.038445634307217855,0.5499116382798159,0.2214968780017359,0.04094720907980573,9.88813595414067e-05,0.14885425697183263
plot_7472,4,0.34172558190157404,2,0.0005908271447066944,0.012656141204659386,0.6582744180984259,0.15159900227565562,0.03285190773650475,0.00035694919249852516,0.14367075434754908
plot_7473,4,0.7635298954028409,2,0.0008345122134249608,0.2782014162103632,0.29656668454636226,0.12082832567419327,0.06699355394173898,0.00010540281675828666,0.23647010459715911
plot_7476,4,0.19497926354140002,2,1.5162658165209898e-05,0.0009368550395950314,0.8050207364586001,0.044592464349566804,0.0029515096689918356,5.45816040400232e-06,0.14647781366467724
plot_7477,4,0.314803031529135,2,0.0004688665259755118,0.004885244427220503,0.685196968470865,0.10769672075565279,0.011866304829931416,1.1363048859166333e-21,0.18988589499035485
plot_7485,4,0.580940920476311,2,0.0044004563420878065,0.015616559160492129,0.4190590795236891,0.0009660589323087123,0.3806952580361668,3.803002779977207e-18,0.1792625880052554
plot_7486,4,0.7436935483456024,1,0.000232687132672673,0.5477785435987907,1.3198847961479914e-05,0.2563064516543976,0.19566025495946465,8.86380671291134e-06,3.2752592188024827e-107
plot_7487,4,0.045558108265397676,1,8.204314729862814e-20,0.9544418917343378,0.008048768696418912,0.012776386633859396,0.02376289990938637,0.0009700530259974641,1.0081040428001549e-98
plot_7488,4,0.6702538628697555,2,1.5337378379248982e-15,0.1848084222348156,0.39495440196068876,0.04612867622261666,0.3297461371302445,1.7934941921542382e-05,0.044344427509711265
plot_75,4,0.07471872436852278,1,0.02238215934198389,0.925281275631286,0.030839129821891676,3.502546053521764e-05,0.0194818694511074,1.8172814332561252e-08,0.0019805221203814194
plot_7508,4,0.00842486630870845,1,0.0006977605822323902,0.9915751336912916,7.824124360091368e-05,1.9694265216624078e-05,0.007608645715772693,2.052450188585847e-05,1.1960563261057923e-102
plot_7509,4,0.0068421135059202045,1,0.00047529384113014926,0.9931578864940799,5.7162436188294535e-05,5.83544464940698e-05,0.006233519538133235,1.7783243974538132e-05,8.039471224147575e-103
plot_7513,4,0.7533935912592957,2,1.4652144183452883e-06,0.007603099454325284,0.6687706839184271,0.06084115476433555,0.016176663061417455,5.248463720963498e-07,0.24660640874070427
plot_7517,4,0.44875032613685184,2,0.09204934487295427,0.04117537103902057,0.5512496738631482,0.07297293785941454,0.08183974733034097,0.00021177239138466157,0.16050115264373693
plot_7518,4,0.4610826526656532,2,0.09648652149089404,0.03960675062811153,0.5389173473343468,0.07636822316695906,0.08245264199926716,0.00026880482574117166,0.16589971055468028
plot_7526,4,0.17227620979559052,2,1.3716625111035112e-06,0.0018996846385627895,0.8277237902044094,0.04000874635663583,0.0031056429469710966,4.913356596000914e-07,0.12726027285525007
plot_7527,4,0.1415138615822721,2,5.2532936824329405e-06,8.951499363838905e-05,0.8584861384177279,0.017946295180346294,0.0005547548540981588,1.2055569281098797e-21,0.12291804326050684
plot_7528,4,0.16430991884523471,2,1.3159802543243498e-05,0.00016065423074174975,0.8356900811547653,0.02578418161012272,0.0009824621872343037,9.697921680297425e-22,0.13736946101459274
plot_7529,4,0.13347063164686634,2,2.1374117282700013e-06,0.00013674702095336716,0.8665293683531337,0.015746231275419745,0.0006792256527846407,1.5391399917671352e-21,0.11690629028598029
plot_7531,4,0.33229271041902464,2,0.0004992983873765006,0.010977139704106752,0.6677072895809754,0.14047270899680944,0.028645368589744487,0.00030010562676892127,0.15139808911421845
plot_7532,4,0.7564154901860005,2,0.00027844348211549755,0.00311628520207883,0.6607177710249472,0.08390440594353328,0.008393482029324913,5.102504000700855e-06,0.24358450981399954
plot_7533,4,0.3966694488741545,4,0.0018802169439913821,0.1997794823043552,0.1949393093011979,3.465088530844005e-05,0.6033305511258455,1.3602654662726849e-21,3.5789439301587226e-05
plot_7552,4,0.34322283790818264,5,0.08752713061868446,0.10191587981023204,0.0006149210357992858,0.0006506810586187986,0.15026831731554086,0.6567771620918174,0.0022459080693072826
plot_7553,4,0.08515967865495012,5,0.04416618873171095,0.008627826209984387,1.5694701070037675e-05,1.4566372568387409e-05,0.032170797291062626,0.9148403213450499,0.00016460534855374794
plot_7554,4,0.046284774811479606,5,0.012502273054505804,0.002590629230412755,0.0,1.2490878107546014e-05,0.031169904657282147,0.9537152251885204,9.476991171321117e-06
plot_7555,4,0.42109619093285056,5,0.000218621161598686,7.546501936055772e-145,0.38956673185328616,0.00026188574558736643,0.03104352589891418,0.5789038090671494,5.426273464061023e-06
plot_7556,4,0.3901791963686814,2,0.0006241007014938781,3.647065451838833e-145,0.6098208036313186,1.2585269035278273e-05,0.019572562346844957,0.3699381564358187,3.17916154887004e-05
plot_7557,4,6.901558777822539e-07,5,3.616390543253307e-07,4.479476293907161e-288,0.0,0.0,3.285168234586366e-07,0.9999993098441222,6.66439900113144e-111
plot_7558,4,7.137285799041066e-05,5,3.937569229963195e-05,1.5486823481510597e-06,0.0,0.0,3.0448483342623386e-05,0.9999286271420096,5.764324160267625e-109
plot_7559,4,0.3204741652368289,5,0.0006503642656083936,0.00027152482125529184,0.1283484234427418,0.0013839043235934476,0.119527211210855,0.6795258347631711,0.070292737172775
plot_7560,4,0.1027722666498498,5,0.0005636647075314237,0.00024162989016978469,0.05275242482142943,0.0011505082276461914,0.020594918437676798,0.8972277333501502,0.027469120565396143
plot_7596,4,0.26563567300159846,5,0.0006663508785592261,0.0002784283116263906,0.11471000687876019,0.0014041735756591131,0.08212496687066022,0.7343643269984016,0.06645174648633338
plot_7597,4,0.035144428338668966,5,5.3315417680423844e-05,4.777687532170602e-05,0.015623188130516559,4.9030122381201625e-05,0.00917219489240646,0.9648555716613311,0.010198922900362652
plot_7598,4,6.257374777352933e-07,5,3.278840577806317e-07,4.061366841915083e-288,6.142373395355565e-250,0.0,2.978534199680777e-07,0.9999993742625223,6.0423512367511124e-111
plot_7599,4,0.0008071119641609583,5,0.0005222236934957065,5.571936290873555e-05,2.2368367051645385e-05,0.0,0.00018442117676996177,0.999192888035839,2.2379363934922597e-05
plot_76,4,0.5513662135008404,2,0.0053743065962067035,0.019256726145109235,0.4486337864991596,0.08703343444342469,0.4220561509014935,1.3314410692940091e-11,0.017645595401291788
plot_761,4,0.16579743465898777,1,0.00031386455294878476,0.834202565340942,0.018904447131458047,0.0,0.1093298422268154,0.0006878314182052709,0.036561449329630485
plot_762,4,0.0585188355641543,1,0.0022132728268137837,0.9414811644358457,0.0011808499599603973,0.015155783789714234,0.02487132222892541,0.00013418771822615682,0.014963419040514347
plot_7628,4,0.505788405176169,2,0.12282636329498642,0.09518834774464163,0.4942115948238309,0.08420765789456533,0.10858086221020384,0.0010344469999926762,0.09395072703177908
plot_7629,4,0.6212406822979029,1,0.02662880643064658,0.3787593176285546,0.22181208875997183,0.2336327608266266,0.0956628002846105,0.03108989007757032,0.012414335992019536
plot_7630,4,0.738141768616463,2,0.04500150226358651,0.23050020176146901,0.26628680727654047,0.26185823138353703,0.12936990489795114,0.005802034260812277,0.06118131815610357
plot_7631,4,0.7294060073534621,2,0.14199492718652026,0.12341361300023027,0.30674624185640265,0.1378903937527099,0.2705939926465379,0.012599263584925222,0.006761567972673872
plot_7632,4,0.7287533321625861,1,9.167092854972115e-06,0.5188238886909693,0.0,0.20992027637876187,0.271246667837414,7.825437870117721e-19,1.5309070567210173e-108
plot_7633,4,0.422895497344177,1,0.029868205275133612,0.577104502655823,0.22799082908626578,0.06739269364293739,0.09752291349175612,0.00012085584808408443,5.221975099432728e-103
plot_7634,4,1.5652075979947067e-05,5,0.0,0.0,9.286726978892133e-06,0.0,5.277249948848017e-06,0.99998434792402,1.0880990521767848e-06
plot_7635,4,0.004968681046399276,5,0.003052156295504687,0.0010171798698658638,0.00010033720921781791,2.1146110788755642e-05,0.0005198624901738218,0.9950313189536008,0.0002579990708483575
plot_7636,4,0.10488957997732784,5,4.5289379386602124e-05,1.5748118449231396e-05,0.04051779722435588,9.155379648498607e-05,0.028523574545873773,0.8951104200226722,0.035695616912777374
plot_7637,4,0.0245235147871663,5,0.0006579497931131168,0.000978606245705437,0.011281745614666432,6.594457176172205e-05,0.004854217084879121,0.9754764852128337,0.006685051477040474
plot_7638,4,0.018947346490073236,5,3.827599404987411e-05,4.7182374614350286e-05,0.00983137728475777,1.055484996614047e-05,0.0036738179798155427,0.9810526535099268,0.005346138006869563
plot_7640,4,2.2379608024530982e-05,5,0.0,0.0,3.7986821571737503e-06,0.0,1.8305456655543893e-05,0.9999776203919755,2.754692118078941e-07
plot_7641,4,7.375485415166399e-06,5,5.153183983259699e-06,3.8536958775802377e-287,7.378956330542906e-250,0.0,2.2223014318889192e-06,0.9999926245145848,4.508232877382072e-110
plot_7646,4,0.16227338674644493,0,0.8377266132535551,0.0013197947524550182,0.02881181198123172,0.019089015240545393,0.0024909645355150702,0.0068586084641171375,0.10370319177258058
plot_765,4,0.13041896425088842,1,1.1224534872725621e-17,0.8695810357491116,0.0020214617587869478,0.018984419387816125,0.04388833141782485,0.06522098036539796,0.00030377132106258514
plot_7652,4,0.6238585605285892,4,0.09550316031237796,0.22460439292088047,0.21776471659183347,0.0002230027638538174,0.37614143947141093,0.0001919244841649929,0.08557136345547849
plot_7666,4,0.41666126694021605,0,0.5833387330597839,0.0025002578052314615,0.0901202416790123,0.00025972401637841704,0.1027561625143111,0.1423911950337743,0.07863368589150843
plot_7667,4,0.6523120881553692,0,0.36892328329824586,0.0,0.27684064785971096,4.808656702019409e-06,0.0007313303299774992,0.005812018010732773,0.3476879118446308
plot_7668,4,0.5008945753535355,0,0.4991054246464644,0.0,0.24458080380435612,5.797794638621332e-06,0.0008524006713030345,0.006501030931481433,0.24895454215175633
plot_7669,4,0.6554175400072271,2,8.396666332542546e-18,0.325018065797184,0.34458245999277304,0.24218388207196317,0.03464666241020014,0.029409141816440474,0.024159787911439287
plot_7670,4,0.727216997926391,1,4.080549769153879e-17,0.44400909487264073,0.272783002073609,0.14515645663818116,0.011941093834904444,0.010535830838224567,0.11557452174244018
plot_7671,4,0.7406158649001358,1,1.0991531944265048e-16,0.4293906232803924,0.17672099781469042,0.0985057922016373,0.01809377786961921,0.017904673733796308,0.25938413509986435
plot_7672,4,0.31333753856972435,4,0.036552288448116005,0.06779726511930707,0.20768613033535233,0.0,0.6866624614302757,0.0011963834697907773,0.00010547119715815479
plot_7673,4,0.3389139618496065,4,0.02487678866789365,0.12545093235741375,0.18775235632756218,1.551402824949082e-06,0.6610860381503936,0.0007677379319662546,6.459516194584358e-05
plot_7674,4,0.3249281550271095,4,0.006736104462862283,0.211866128297882,0.09333209583693917,0.0,0.6750718449728905,0.01075052999273618,0.0022432964366898185
plot_7675,4,0.5400575628649029,1,0.000811523738740914,0.4599424371152056,0.11410203557598717,0.0,0.42437326577366435,0.0007130591038063649,5.767869259543945e-05
plot_7693,4,0.7880815642348045,4,0.025304647359171352,0.13577478492501177,0.29272493174693864,0.00011628863741983149,0.33416091156626293,2.831459209365539e-20,0.21191843576519548
plot_7694,4,0.450733759174731,1,0.013323483966388456,0.549266240825269,0.1043579871154236,0.0002700899434440068,0.3105272297413186,1.2136555088576583e-20,0.02225496840815636
plot_77,4,0.15063225244894646,1,0.015246638835462008,0.8493677475507,0.1001280193333117,8.782678673231956e-07,0.028849582155542904,7.359837030852718e-05,0.006333535486807612
plot_771,4,0.1877526831491886,1,0.0007973263452281221,0.8122473168507887,0.021205617239400638,0.0,0.12732482420314942,0.0003738257976202262,0.03805108956381287
plot_772,4,0.19939584528824078,1,0.002560858291586305,0.8006041547117438,0.09529118135358962,3.0879373598076224e-06,0.0680970265994384,0.00012321031721256718,0.03332048078906962
plot_7724,4,0.7865587660584228,1,0.25825613580980983,0.5163804083384268,0.005121683078395853,0.0004859762856477499,0.00520737795370418,0.2134412339415772,0.0011071845924384696
plot_7725,4,0.23881385935133245,1,0.11389209849203777,0.7611861406486675,0.0002783820631417471,0.0002000872538147581,0.02970301614717169,0.09471929944215167,2.0975953014820154e-05
plot_7726,4,0.6044430581427427,0,0.39555694185725737,0.3868321782912381,0.059763086519557855,0.0005554102243135255,0.03349186388568908,0.09798289062421675,0.02581762859772743
plot_7727,4,0.7493481176549164,4,0.007531531422815853,0.17913306134211043,0.2506518823450836,5.6156264116609086e-05,0.5626005072698576,2.6861356015908976e-05,1.4120995478724982e-103
plot_7728,4,0.7955125736292856,4,0.1937287823476145,0.030758307226526786,0.13858627169608825,0.2044874263707144,0.43238716114930303,5.2051209753069094e-05,9.07588731289272e-101
plot_7729,4,0.38891832345410404,2,0.04686366324148409,7.00954911065253e-05,0.611081676545896,0.0,0.15238867453054342,0.004786610016704436,0.1848092801742655
plot_773,4,0.23963354532854284,1,0.0020282964227507387,0.7603664546713877,0.05955651258364619,0.0,0.13848767551713928,5.738009661862039e-05,0.03950368070845752
plot_774,4,0.6417124522677089,1,0.020329356469622015,0.4350685283434017,0.028054951838398654,1.9402166444450043e-06,0.3582875477322911,4.652456943515078e-06,0.15825302294269866
plot_7747,4,0.2634143228971617,2,0.04798521100231647,0.14129175910002237,0.7365856771028383,0.023892553670172983,0.03704023804612721,2.4690904615810983e-14,0.013204561078497969
plot_7748,4,0.2319804678776386,2,0.02100358085511436,0.14761214292906077,0.7680195321223613,0.014619417069593153,0.031329362839220345,1.1553458638348549e-14,0.017415964184638356
plot_7749,4,0.10897065327631944,2,0.0058088994967836205,0.04290733184105461,0.8910293467236805,0.0026652602438504702,0.03329925872368706,3.0564365893771796e-15,0.024289902970940573
plot_775,4,0.34569184913881984,1,0.007540011276146209,0.6543081508611801,0.02400926353426621,0.0,0.19784098494432592,3.3205849028461385e-05,0.11626838353505298
plot_7756,4,0.5943311473581825,5,0.24663727477488395,0.00011687727104160794,0.020094613649632366,1.0993993183077745e-05,0.3077551826299069,0.4056688526418176,0.019716205039534508
plot_7757,4,0.6082344873799745,2,0.10233457860333608,2.6014832400282615e-05,0.3917655126200254,0.0,0.16022390935703712,3.5844954725670265e-10,0.34564998422875165
plot_776,4,0.17108232346528915,1,0.0011032928848330294,0.8289176765347108,0.013430672924817847,0.0,0.11565622621278203,6.774391504378367e-05,0.040824387527812485
plot_7762,4,0.7122073410397212,4,0.2877926589602787,0.0,0.07708317511677136,0.0,0.6066862699319672,0.0067277420153881405,0.021710153975594594
plot_7763,4,0.5581031439973023,5,0.18103513656581818,0.005129881131339338,0.11849699596706162,0.002215757736671892,0.23443638851541543,0.44189685600269774,0.016788984080995856
plot_7764,4,0.40452065668578496,4,0.037818762887945674,0.020804224191910057,0.16940172359066885,5.6828388960276055e-05,0.595479343314215,0.12911136275181875,0.04732775487448128
plot_7765,4,0.7296880349363712,4,0.07629662564307031,0.00151048906681159,0.27031196506362865,8.315180610140763e-05,0.40953547963902137,0.14764098759633917,0.09462130118502732
plot_777,4,0.2571963796399983,1,0.0012996840814223465,0.7428036203600017,0.020800107895315133,0.0,0.13767090656412484,5.446014418087769e-05,0.09737122095495515
plot_778,4,0.47158682326585877,1,0.002684254729105969,0.5284131767341215,0.034662527815536116,0.0,0.2603187392872036,3.828013832916275e-06,0.17391747342020009
plot_7786,4,0.8049795504780493,4,0.03219368984462456,0.00015589306122128108,0.2571407408753475,0.0,0.48793895220683947,0.027550274490016402,0.19502044952195066
plot_7787,4,0.38104309058696817,4,0.00034424022082333493,0.25462980812082703,0.12600600090222802,1.4297564670563499e-05,0.6189569094130318,2.0648438898095667e-21,4.874377841909539e-05
plot_7788,4,0.10334520145801988,1,0.0,0.8966547985411715,7.415022751477908e-06,0.1032235437632415,5.555989427880225e-05,1.3009002396685461e-23,5.86827785567558e-05
plot_7789,4,0.03695847445429232,1,2.1836140315220835e-18,0.9630415255454865,0.0011981727520070915,0.029813414855206027,0.005893398423724147,5.17937295617327e-24,5.3488423576148806e-05
plot_7790,4,0.08788755592776193,1,2.863162068894077e-19,0.9121124440705755,7.266681791099532e-05,0.08699267238141177,0.0007692617242262699,1.1425195403464758e-23,5.295500587557462e-05
plot_7793,4,0.7023957599088362,4,0.00041192493051920627,0.29760424009116393,0.22117898010541887,0.00026328405842237953,0.47962636231271016,7.17416448072104e-06,0.0009080343372848256
plot_7798,4,0.7748112215107945,4,0.1397196830187052,0.21213897294170167,0.1206718643578039,0.22518877848920563,0.29855593984318757,6.412252488076933e-06,0.00371834909690808
plot_78,4,0.3988035775407646,4,0.061400176414583264,0.047939327806788654,0.18971917454742093,0.006101916743886768,0.6011964224592353,2.108928599345667e-09,0.09364297991915639
plot_7802,4,0.7750399265472586,1,0.22496007345274155,0.4899942360233886,0.09660257486280134,0.0004673233368508223,0.18797371626229142,2.076061926296635e-06,2.419519428080862e-104
plot_7803,4,0.6797946854697409,1,0.17875740102431378,0.44801022434198784,0.05219960426938988,0.0008247618645195096,0.3202053145302592,2.69396952990584e-06,2.878740139602278e-104
plot_7804,4,0.02063033149420344,1,3.3614384994823574e-06,0.9793696685045173,0.006207029019259556,0.01265414299273155,0.0013048314158816277,2.0708020511522435e-25,0.00046096662911047556
plot_7805,4,0.013998939103593776,1,0.0,0.9860010608962861,0.009670824990202201,0.002486295612659064,0.0016703878101229444,1.7262089914538133e-24,0.0001714306907294879
plot_7806,4,0.06675500026327287,1,1.7718236987548973e-06,0.9332449997358822,0.0424348002716953,0.01250021700583143,0.009952453182814897,2.7355288929801206e-25,0.0018657579800774476
plot_7808,4,0.5189950696087908,4,0.1028459796233841,0.15037758727208458,0.2524277516789714,0.0,0.4810049303912091,4.0930026386509734e-05,0.013302821007964276
plot_7809,4,0.36335880910547463,1,0.05166148885198069,0.6366411908934682,0.042781367588146484,0.016736107459360616,0.2371128568901271,2.6203099430909634e-17,0.015066988316917083
plot_7810,4,0.38736971622709127,1,0.024660645408074,0.612630283770672,0.14956987949420897,0.005144260089994072,0.1976533218886011,1.3654907210039814e-17,0.010341609348449994
plot_7811,4,0.789252044354024,4,0.2107479556459761,0.23718624113600367,0.09881175619358243,0.12340964708856231,0.32699970869105627,4.179228213587544e-06,0.0028405120166056794
plot_7812,4,0.4149422943149028,4,0.0007249441754157977,0.024906848212769638,0.23331964062520488,0.00876387623834449,0.5850577056850972,1.5758483073052946e-06,0.14722540921486071
plot_7813,4,0.005995440613995496,0,0.9940045593860045,0.00024143598203338532,0.0025404484643115283,0.0,0.003100927284662559,3.0011518031371157e-17,0.00011262888298800512
plot_7814,4,0.4131757167217699,4,0.0006356957444262278,0.020183954816741803,0.25274786626422696,0.006722892353381606,0.5868242832782301,1.0804578535724106e-06,0.13288422708513986
plot_7815,4,0.46908744004992614,4,0.00106605860667229,0.03849469968969945,0.296115426021981,0.008149545493213521,0.5309125599500738,1.1281719234260124e-06,0.12526058206643645
plot_7823,4,0.532904458177979,4,0.044721724371395065,0.17473238021461499,0.29536515070258784,0.0,0.467095541822021,0.0009878243380174007,0.01709737855136381
plot_7824,4,0.3640725534906827,2,0.05313895985594191,4.4566128217399093e-05,0.6359274465093173,0.0,0.16116049073733682,0.005792717478304808,0.14393581929088178
plot_786,4,0.609034985865216,4,0.010423360616826909,0.3178552101519287,0.057984291698022106,0.0,0.390965014134784,2.5884171647590703e-06,0.2227695349812736
plot_7869,4,0.22696713228972312,1,7.396339363669009e-18,0.7730328677102768,0.03437732977970427,0.01840136025486792,0.002099307980846005,0.10537973035435678,0.06670940391994806
plot_787,4,0.3497072116800609,1,0.015545535096310565,0.650292788319876,0.15999796582040413,0.0012562654337119564,0.07375080541566453,3.671272799925283e-13,0.09915663991366587
plot_788,4,0.23140665119653514,6,0.05655170444445809,0.09410501517099583,0.07876709032336471,3.9236435990773564e-06,0.00197891761080885,3.3085752693069958e-12,0.7685933488034649
plot_789,4,0.19974670192631436,6,0.021950434882815242,0.13456086062688255,0.0407905035386887,1.771759218306273e-05,0.002427185284594318,1.1504876421686592e-12,0.8002532980736856
plot_79,4,0.19365603762173753,1,0.023713341476155093,0.8063439623782341,0.03137999543053081,0.012865131015164894,0.10158336305883787,1.0108794643803695e-09,0.024114205630197776
plot_790,4,0.1957717986780401,6,0.07974832784605937,0.03486169035437779,0.07943166787174835,0.0,0.0017301125980844182,7.770171894127943e-12,0.8042282013219599
plot_7907,4,0.02251724425377769,1,1.1010442015031147e-19,0.9774827557459753,0.0033386512687262624,0.00331377444518382,0.015563326504462273,0.0003014920356524637,1.0897386406665201e-98
plot_7908,4,0.017109977368451174,1,1.239431615647335e-19,0.9828900226314055,0.0025789169483941563,0.0018567858895302395,0.012651598896425571,2.267563424459246e-05,8.863472738736804e-99
plot_7909,4,0.17430882592587743,1,0.0,0.8256911740741226,0.0013034153537475532,0.0015932933300175569,0.08440795172162596,0.08698732976288223,1.6835757604136215e-05
plot_791,4,0.14453969941436745,6,0.07970562767906056,0.022060726016480736,0.04139821700616587,0.0,0.0013751287051971012,7.463167601281698e-12,0.8554603005856325
plot_7910,4,0.025885050234630783,1,0.0,0.9741149497653263,1.696831204621787e-05,0.0007825336522906887,0.01601445694996196,0.009071091320374897,3.2964275383109116e-102
plot_7911,4,0.009601730687356116,1,0.0,0.9903982693122614,2.716910419731787e-71,0.005380531835490044,0.0031600210003002146,0.0010611778519484,1.8870874167535893e-257
plot_7912,4,0.019688994719984584,1,2.5626066587412835e-05,0.9803110052800155,2.3804174321007103e-05,0.0007765564351956545,0.017646195727909635,0.0012168123159709185,8.413421117953593e-105
plot_7913,4,0.651737183707553,4,0.004934726146657977,0.23976541183984354,0.22973529003316234,0.09689009682561461,0.34826281629244704,0.07545259285100983,0.004959066011264699
plot_7918,4,0.2709503789542636,1,0.0007423288630415771,0.7290496210457363,0.04520279964711372,0.06527894232819016,0.1431436855944617,0.015722873467720496,0.0008597490537359091
plot_792,4,0.13278324074553005,6,0.053905067251466446,0.04041031114841808,0.03724801156379748,0.0,0.0012198507785582608,3.289822242988581e-12,0.86721675925447
plot_7924,4,0.32165739136060795,1,0.0006791897700052016,0.678342608639392,0.10859859199241843,0.10899825468317696,0.09262584313465769,0.0016843009881208578,0.009071210792228676
plot_7925,4,0.4466039357081658,1,0.0007459911603734436,0.5533960642918134,0.11677053501740073,0.08114467891412432,0.22080968727386577,0.0002545585644683216,0.026878484777954004
plot_7926,4,0.2165199095184983,1,0.0002844311903448917,0.7834800904815017,0.04610087426162434,0.04455654018880761,0.11688279192681922,0.0058710391140313085,0.0028242328368709648
plot_7942,4,0.2633340702490183,1,4.0050917357906975e-05,0.7366659297509818,0.000805985757464654,9.641164755641467e-05,0.19437925584865934,0.06796793537927596,4.443069870412872e-05
plot_7949,4,0.5662688882225293,0,0.4337311117774707,0.06980274732033767,0.035897110945661934,0.09285238866418685,0.10934571879229121,2.83855193254753e-13,0.25837092249976784
plot_7960,4,0.16819693173831538,1,0.0005730335181313299,0.8318030682616053,0.025364070938454275,0.028317157657411746,0.10719103891475694,0.005029265647935617,0.0017223650617048546
plot_7964,4,0.6659337354898289,1,0.005744903437634364,0.46326890677774335,0.10078476330379871,0.020124384253337416,0.3340662645101711,0.0006373718023136013,0.07537340591500155
plot_7965,4,0.598652957702335,4,0.005371248356151992,0.19763349736562622,0.1315712032827327,0.1937220588675384,0.40134704229766505,4.432925859517247e-06,0.07035051690442615
plot_7966,4,0.7809651784220215,1,0.0019642538074236705,0.32490160908221366,0.21903482157797857,0.10066844074778071,0.2817557595921639,3.175557583091644e-05,0.07164335961660856
plot_7967,4,0.23893331616042385,1,0.0025655553092082946,0.761066683839556,0.024015201546704883,0.00799528017908278,0.19115555225604386,0.0021945888355359615,0.011007138033868174
plot_7968,4,0.33528128059471257,1,0.07061310767278661,0.6647187194052813,0.04654629151231847,0.005121659151648602,0.1158521918070423,0.008545758069179758,0.08860227238174287
plot_7969,4,0.4803897374825396,1,0.132305470697738,0.5196102625174474,0.03368066735745517,0.0009326876420107897,0.13550486323947164,0.00880796892515888,0.16915807962071808
plot_7970,4,0.30190127568003344,1,0.0003917709264770798,0.6980987243199536,0.07572269204190649,0.11390740744194622,0.09755923645149517,0.0004310861041443165,0.013889082714077069
plot_7981,4,0.152174193060856,1,0.0,0.8478258069391441,0.0009042920961204506,0.001144896775277345,0.0777821664110256,0.07233161715378299,1.122062464968572e-05
plot_7982,4,0.02556114674176464,1,2.244109991060939e-18,0.9744388532567583,0.004308090703440726,0.0021487056727920017,0.019076663865239055,7.053020385151395e-06,2.0633481384650228e-05
plot_7983,4,0.0068037243514007025,1,5.4115624244497525e-20,0.9931962756482813,0.00021267276539202207,0.0038500627673179796,0.002724694068911262,1.6294750097393337e-05,3.8316409315768693e-100
plot_7984,4,0.6040162727138165,3,0.3455211493761993,0.0001250665357159808,0.012257746958941176,0.3959837272861835,0.022143374063064384,0.07531113452427356,0.1486578012556222
plot_7985,4,0.6783729024005586,5,0.0,0.00992035492539223,5.6111242279091605e-06,0.270048077248172,0.3216270975994325,0.39101677336321516,0.007382085739560245
plot_80,4,0.08041134792483437,1,0.01625175682105038,0.9195886520750323,0.019216530176138315,0.003998467776095141,0.03428664397763154,4.5143318131712325e-15,0.0066579491740478836
plot_8015,4,0.4863900743878258,2,5.160772581679367e-06,0.13915429010373404,0.5136099256121742,0.07546802470126308,0.25523733379966634,5.302146900657589e-22,0.0165252650105807
plot_8028,4,0.7388825937669168,1,0.043908051300956895,0.7152666457900112,0.0,1.4547792876720063e-05,0.23264637664857873,0.00816437846757656,0.0
plot_8029,4,0.22334909753808987,1,0.0885516429450411,0.7766509024618973,2.330705059352166e-05,0.00011537832688684289,0.1050581916568104,0.02960057755877085,7.519077083467761e-108
plot_8038,4,0.7867736907340825,6,0.20208670832579484,0.10237202927758884,0.09589994766428331,0.06985911858333874,0.013160039725459231,0.2132263092659175,0.3033958471576175
plot_8039,4,0.6617971955995076,0,0.3382028044004925,0.04662269861627752,0.25131379292529427,0.1393459421525418,0.07430363818551938,0.019836533379027962,0.13037459034084656
plot_8056,4,0.39816417288102246,4,0.0842651472170664,0.0,0.20725151975141304,0.009422624234789323,0.6018358271189775,0.05176306052890951,0.04546182114884413
plot_8057,4,0.6659527594355902,4,0.02343750335253116,0.3340472405636003,0.1969785910910168,0.0010990892633169376,0.3417132605343376,0.007126658856628899,0.09559765633856833
plot_8077,4,0.22136178606842444,1,0.08529647877956843,0.778638213931567,2.270234521354047e-05,0.00012383224972772213,0.10740868824246212,0.028510084451461342,8.134695368812296e-108
plot_8087,4,0.6653644965193893,2,0.15266733944101415,0.17785729647789267,0.3346355034806108,0.08284051524016045,0.1107686177473246,0.014785301753383332,0.12644542585961407
plot_8088,4,0.5737715638262463,1,0.20725674414960343,0.4262284361737464,0.031239078148918867,0.008536995440900197,0.02820298751519313,0.048391945540797,0.25014381303084093
plot_81,4,0.5133575897628629,1,0.05426776898654901,0.4866424102371371,0.23675782692492747,0.0014384399635311285,0.21923650036955003,1.4629170881503419e-05,0.0016424243474238093
plot_8103,4,0.7985491389482973,2,0.20145086105170038,0.24772642572063705,0.27219132997453627,0.06725383133664475,0.14980381607869406,0.03809048444568022,0.02348325139210734
plot_8104,4,0.2197665198872926,1,0.054404858905870226,0.7802334801124077,0.11923139913551273,0.0003765295443235009,0.04571205418658284,4.057070080944713e-05,1.1074144935389064e-06
plot_8105,4,0.2476480232951675,1,0.014140069339915746,0.7523519767028941,0.12061993199029739,0.0003068475337802736,0.11206805037592604,0.0004404829813427908,7.264107584367753e-05
plot_8106,4,0.3204890207455982,1,0.06578908578631067,0.6795109792544017,0.18922902425052268,3.7833496098239496e-05,0.06541434896648247,1.7722938437225614e-05,1.0053077469502213e-06
plot_8107,4,0.6532090107613209,1,0.023016787134899765,0.49864403092742154,0.34679098923867907,5.655446827197762e-05,0.131469042905813,1.4557070458720506e-05,8.038254455836508e-06
plot_8116,4,0.7882863712319715,1,2.2993276169144533e-19,0.7644783255353563,0.00798899875973186,0.002714091604518696,5.891596453882086e-05,0.2117136287680286,0.013046039367825717
plot_8117,4,0.2757374677851188,1,5.755060399730199e-18,0.7242625322148812,0.060480112409413575,0.020440433436727197,0.0010772124166997595,0.11968553295570221,0.07405417656657612
plot_813,4,0.44266001464430105,6,0.23624378014031205,0.0302218459112091,0.15134719278389197,1.0610303517285686e-05,0.024836585496090725,9.279904428574992e-12,0.557339985355699
plot_814,4,0.7267999717442089,6,0.2732000282557912,0.02854973314375811,0.12072652547026226,1.5688996329988845e-05,0.04168505315103472,2.5880724019984644e-12,0.5358229709802356
plot_815,4,0.6215023901971402,6,0.1016166068304237,0.19723336314439557,0.14178007270360385,0.037327643451828825,0.14354470405343853,1.3449683237230623e-11,0.3784976098028599
plot_816,4,0.6389119248723705,2,0.04930166651072411,0.15558157257751504,0.3610880751276295,0.0003745780524592764,0.1551571782467292,2.768670955198841e-05,0.27846924277539087
plot_8164,4,0.10380140432835405,2,0.0,0.0031060826370362285,0.896198595671646,0.007314128708784265,0.09308889162186765,4.477507746633232e-23,0.0002923013606659215
plot_8168,4,0.1096319185562407,1,1.2563334644461228e-19,0.8903680814437593,0.013966480934071265,0.016204545358055815,0.0001405352902182343,0.07181284972225972,0.0075075072516357
plot_8169,4,0.1479345447617659,4,0.022367259330820854,0.036778514516079205,0.0004804166445758998,0.0,0.8520654552382341,0.0880164624538507,0.0002918918164392596
plot_817,4,0.5093238415716715,6,0.08000894773513936,0.04046234745921369,0.25562685294044923,0.0008437345107870182,0.132362157016715,1.9801909367227545e-05,0.49067615842832846
plot_818,4,0.18743427015581865,1,0.003411131843560529,0.8125657298441087,0.031643439217645015,0.006753928535390203,0.08935248512961683,2.567038876993267e-13,0.05627328542942198
plot_8180,4,0.0001196489785894071,5,0.00011964897858941029,0.0,0.0,0.0,8.394425707047965e-87,0.9998803510214106,2.7319847111132474e-251
plot_8189,4,0.7641167548680818,4,5.344118212170782e-06,0.0726773704330862,0.23588324513191825,1.3287893788958028e-05,0.48600812235514557,0.12670147693286102,0.07871115313498789
plot_819,4,0.3808779055986039,1,0.01257654623952701,0.6191220944010283,0.024562573234121372,0.06407639265860571,0.17293615245752725,1.1595536985597529e-12,0.10672624100803095
plot_82,4,0.37699738503897195,4,0.061533055379295376,0.046119556078462035,0.1805592656563249,0.01012952474940981,0.623002614961028,2.1416471532695855e-09,0.0786559810338327
plot_8215,4,0.6332225540895251,1,0.08134067077438711,0.4303862663807283,0.00322467478949653,0.022753568188783477,0.366777445910475,8.459968583342208e-05,0.09543277427029623
plot_8216,4,0.5893207036499285,1,0.038076788731696364,0.42930816080156375,0.021432405154214147,0.004926636959909582,0.4106792963500715,1.2270933442600688e-05,0.09556444106910192
plot_8217,4,0.4229940731010957,1,0.060278272622008064,0.5770059268988837,0.01584288180605768,0.018279612999573428,0.28577438697005925,0.00020005320914513982,0.04261886549427261
plot_8229,4,0.7197941040580083,4,0.03419587245481142,0.11598964225394072,0.026919908535982202,0.22528303024986843,0.3174056505634012,4.374606907290229e-15,0.2802058959419918
plot_8230,4,0.04795935022885178,5,0.04725995007024247,0.0,0.000136396946533539,0.0,0.00013378120484808795,0.9520406497711482,0.00042922200722769917
plot_8231,4,2.8370857341865085e-05,5,2.773271897646249e-05,8.701306830998725e-288,0.0,0.0,6.381383654037218e-07,0.9999716291426581,1.2945482183245574e-110
plot_8232,4,0.4273522383199176,4,7.328466747277896e-05,0.11049619363761536,0.001699000901707303,0.2496057296090289,0.5726477616800824,0.040830742502273316,0.02464728700181984
plot_8233,4,0.005968016628667241,1,0.0,0.9940319833713328,1.2007023838124447e-71,0.004076061086711595,0.001422982120075557,0.00046897342188013626,1.6930042931108746e-101
plot_8234,4,0.005867147580112727,1,1.2282386398260789e-20,0.9941328524168811,0.00015357634006979068,0.002952889109876583,0.0023663339497686587,0.000394348183403942,2.9560747100694225e-100
plot_829,4,0.22149328368028917,1,7.65785292873013e-18,0.778506716318659,0.08040612575590315,0.0011738086343227286,0.13981821735269737,2.312563331678844e-05,7.200630510104758e-05
plot_83,4,0.5891964089932719,2,0.013047241186584117,0.2311958696694726,0.4108035910067281,0.008127542610449767,0.33523605271975127,0.0005225646901917062,0.001067138116822292
plot_837,4,0.1887789712714345,1,0.0030962721197197217,0.8112210287285655,0.030462652032218464,0.005842445305318205,0.08178743039997136,2.296609647776651e-13,0.06759017141397713
plot_838,4,0.2353191035841426,1,0.008516536389289623,0.7646808964156651,0.029098275901268886,0.013893674929904405,0.10179176679151067,9.29228414420001e-13,0.08201884957143195
plot_839,4,0.5427556485030203,6,0.07817959955889375,0.03385545186816151,0.28428254926308705,0.0017779921604865014,0.1446343638036397,2.5691848751887947e-05,0.4572443514969797
plot_84,4,0.803288229178866,4,0.1967117633861552,0.2599863983578617,0.1309783877932381,0.006206952527304246,0.3940015661634823,7.43497940319177e-09,0.012114924336979081
plot_840,4,0.48733872285144075,6,0.14715128869769672,0.05126580794853522,0.19573740410669216,0.007161022685312641,0.08602319939404648,1.915746814400022e-11,0.5126612771485592
plot_841,4,0.6142149845593874,2,0.16616144365486846,0.017438050287929434,0.38578501539287785,0.011598490430728796,0.05294445500891455,4.7734724794560654e-11,0.3660725451769462
plot_842,4,0.7699222638763534,6,0.23007773612364654,0.027839709863066858,0.2889235207439299,0.010662631566913602,0.05721708146414064,2.921115581026458e-11,0.3852793202090914
plot_843,4,0.6334100518987479,4,0.0004641819097379768,0.20774767405710354,0.23797825243931592,0.08329814955290747,0.36658994810125206,0.0009695252877560509,0.10295226865192685
plot_844,4,0.049520882661056274,1,0.023621311445600115,0.9504791173386226,0.000347844334851784,0.002695381528575978,0.021067310740889095,5.0689350391211285e-15,0.0017890346114553595
plot_845,4,0.0762558260248279,1,0.05476938721413898,0.9237441739751722,0.0018622591294947222,0.0038650545533533043,0.0152803697051313,1.175305055499307e-14,0.0004787554226979093
plot_846,4,0.036626388163089336,1,0.012821186245411696,0.9633736118367981,0.0017913862029472873,0.007331229608813935,0.013760854169896131,2.7513189578452766e-15,0.0009217319361298784
plot_847,4,0.0583386293093189,1,0.0313207173613722,0.9416613706906811,0.0025509086899466868,0.007337438408336026,0.016259475445694255,6.721163059731894e-15,0.0008700894039630289
plot_85,4,0.350479892238847,2,0.009800738154281638,0.06209193056673064,0.6495201077611531,0.001383890153477227,0.27086036779246947,3.4971851491574584e-05,0.006307993720396424
plot_854,4,0.09412710601689783,1,0.0,0.9058728939828616,0.0034540512644197674,0.005814529251091957,0.08310431176548189,7.196068700523948e-23,0.0017542137361447618
plot_86,4,0.2611808479826441,2,0.011717581489081079,0.03672721317631214,0.7388191520173559,0.0002920332564804491,0.1884022742810149,4.418585371729401e-10,0.0240417453378971
plot_8623,4,0.6978354554087467,2,0.008841404098875396,0.3010796627809674,0.32592688928283414,0.035263290872350486,0.020414098741608613,0.006310109632110793,0.30216454459125325
plot_8624,4,0.616976224832231,2,0.017284397565124055,0.24175237501060365,0.38302377516776903,0.0849800713756192,0.011893122067415334,0.032166511475034534,0.22889974733843413
plot_8625,4,0.5313854929505651,6,0.001247299392137414,0.014016456298172986,0.3513851919021998,0.0911686532054554,0.06953955199555441,0.004028340157045172,0.46861450704943486
plot_8637,4,0.3523637957103793,1,0.07898056706033192,0.6476362042895633,0.03629358466484326,0.001377197897158802,0.1335270977293212,0.009357045757960722,0.09282830260082094
plot_8647,4,0.18690168389043624,1,0.02494717129339397,0.813098316108876,0.015218533081196408,0.0035714475730310225,0.1297736267471679,3.683710614384976e-20,0.013390905196334754
plot_8686,4,0.29235795353988436,1,0.0,0.7076420464601156,0.16710067830937378,0.00776066829675945,0.0015452032820235115,3.3159710791943967e-29,0.11595140365172754
plot_8687,4,0.15519190287577544,1,0.0,0.8448080971242246,0.08150304603526036,0.001429949077449296,0.0013830955318888123,4.643940471699404e-29,0.070875812231177
plot_8688,4,0.07575108953915341,1,0.0,0.9242489104608467,0.04576539687511865,0.0007424122251045525,0.00028731437302502303,2.0474010470799022e-29,0.02895596606590524
plot_8698,4,0.6432593014437632,6,0.0,0.26957977181513815,0.33902316277294153,0.010619639467369825,0.024036727388313646,7.228015012792951e-25,0.3567406985562368
plot_8699,4,0.6545257417925409,2,0.20798239234977062,0.09767320156199807,0.34547425820745903,0.09705504300721954,0.08173917860353078,0.02054138975228647,0.14953453651773546
plot_87,4,0.4082971066727868,4,0.0019377840432056586,0.04579539546282448,0.3433558349063614,0.014216631011814192,0.5917028933272132,0.0009951202197929548,0.001996341028787996
plot_8701,4,0.6747745456526801,6,0.16376674727492857,0.054221986984493195,0.19998769591497206,0.09526115900985109,0.08386601720470019,0.07767093926373506,0.32522545434731986
plot_8702,4,0.3567073447163384,1,0.0245974152246723,0.6432926552836615,0.1390826149772365,0.008353527692874748,0.11246124715331313,0.002748780006775009,0.06946375966146671
plot_8705,4,0.7730361793269023,1,0.04042123105009323,0.5669664929144224,0.0956896890185097,0.000967300210142759,0.22696382067309762,0.0016681734689912519,0.06732329266474296
plot_8706,4,0.33236139887473537,1,0.024392998653891777,0.6676386011252645,0.11420231309659715,0.0015578736698874372,0.1493873962370729,0.0010087800195011428,0.04181203719778496
plot_8707,4,0.5244026321453585,1,0.006359135751968883,0.4755973678546414,0.37930689269971196,0.016605438308519644,0.013469015300206,6.333090449482707e-13,0.10866215008431879
plot_8708,4,0.7618255289587021,2,0.016801293542687487,0.13802765717297497,0.5680943226688112,0.030961958767184255,0.007937196356485156,3.100450559094134e-06,0.23817447104129796
plot_8709,4,0.5412737261624031,2,0.0079605714371578,0.2834853843021723,0.4587262738375969,0.1110751774031487,0.05113544289908384,1.2460455738851586e-12,0.08761715011959453
plot_8710,4,0.27131367913955334,1,0.024618764084825405,0.7286863208604466,0.027093930525576577,0.020885595379665774,0.19526997608344532,1.4137492136410134e-25,0.0034454130660402575
plot_8711,4,0.761991160402657,1,0.00030288889775299626,0.6627997615367849,0.029595668706788945,0.05753183262338922,0.011761008637941052,0.23800883959734295,1.7466241789966943e-94
plot_8745,4,0.5984751234597773,2,0.0,0.18796966113525188,0.4015248765402228,0.057966357758222335,0.0031338920068085386,1.9005597297936624e-29,0.34940521255949447
plot_8767,4,0.5423534764615603,6,0.0,0.19256714609494566,0.30967651925269685,0.01429259036783729,0.025817220746080557,1.3508135292964967e-28,0.45764652353843976
plot_8774,4,0.5002489136686323,1,0.10044111093727077,0.4997510863313678,0.007563114489246212,0.18710116280032194,0.06106727796240137,1.5872159905194528e-15,0.14407624747939046
plot_8779,4,0.15272995392193592,1,0.02069299165971183,0.8472700460773458,0.025805320656520102,0.002705882515988203,0.09203550050714486,2.8859637038099026e-22,0.011490258583289255
plot_8780,4,0.464288275351728,6,0.054734076757926534,0.08368600072403679,0.008759867257845083,0.19613455601916324,0.15058537968651414,4.314001700320961e-17,0.5061001195545142
plot_8781,4,0.7010619082367462,4,0.11014815354127529,0.27682420843771194,0.03235702324132769,0.054806472135142004,0.2989380917632538,2.3026509871646208e-15,0.22692605088128692
plot_8784,4,0.7973053540507992,1,0.20269456446746553,0.558750661031273,0.00017729576639488858,0.00045705051328120695,0.047254973333011555,0.19066545488857387,5.024881931261891e-109
plot_8785,4,0.2763400977009656,1,0.10682081509189048,0.7236599022990344,9.404814364655944e-05,9.688072518136019e-05,0.012706003621275868,0.1566223501189714,3.7803273151370697e-109
plot_8786,4,0.011107863159151727,1,6.377987786851618e-258,0.9888921368408483,0.0,0.01110337121355634,4.305583108502338e-06,1.863624869242613e-07,0.0
plot_8787,4,0.0007503520981372194,1,8.345007364922104e-67,0.9992496479016142,0.0,0.0005818228107815381,0.00015358122170676267,1.335643926158819e-05,1.5916266359423914e-06
plot_8788,4,0.003423694393746694,1,7.655920137509888e-67,0.9965763056062533,0.0,0.00329208909940736,0.0001193517602396592,1.2253534099688028e-05,3.8566748654722047e-94
plot_8789,4,0.0011274399875529386,1,0.0,0.9988725600124471,0.0,0.0011274399872001767,3.5276430425227205e-13,8.486476700031498e-28,0.0
plot_8790,4,0.014529241765552646,1,1.2275529826077644e-66,0.9854707582344473,0.0,0.014351758498425491,0.00015583487722993218,2.1648389897164634e-05,4.973990316857907e-94
plot_8791,4,0.5233057062900845,1,0.09704378734760051,0.47669429370990923,0.008573611250364392,0.18900234924656445,0.071069338225981,9.36480461598499e-16,0.15761662021957937
plot_88,4,0.5736037071759541,4,0.06476994651830237,0.19382870289857349,0.29685381812249,0.0037350596993395973,0.4263962928240459,4.778371923057076e-06,0.014411401565325586
plot_8813,4,0.710834373260054,3,0.05686794317730866,0.1378606820154963,0.2723260271898489,0.28916562673994584,0.2113292247755163,3.440267616973665e-13,0.03245049610153993
plot_8814,4,0.5255987502251306,1,0.022561093942777524,0.4744012497600561,0.18350319939728874,0.12729724807576828,0.17425855835519352,5.390715468222978e-14,0.017978650468861764
plot_883,4,0.6111544866039227,4,0.3229750343737675,0.17459393120478894,0.010402764480795034,0.0,0.38884551339607726,0.025661720999624663,0.07752103554494666
plot_884,4,0.661533928198246,4,0.19238656007733115,0.32832010385153454,0.01832301355623448,5.208498344587285e-06,0.3384660718017539,0.05168974105869191,0.07080930115610935
plot_8840,4,0.16230530285527378,1,0.0,0.8376946971336474,0.0,0.13784970645679975,0.024455596409552742,7.055965101651528e-20,0.0
plot_8843,4,0.682575205350998,1,0.2032535896506823,0.3363301517451403,0.00467425208740877,0.31742479464900214,0.024980340484259067,8.60215733966813e-15,0.11333687138349899
plot_8857,4,0.09954428210041469,4,0.0349082290665281,0.005422743113505362,0.0005648327906027462,0.0,0.9004557178995853,0.05517393902525802,0.003474538104520484
plot_8858,4,0.09734769274373013,4,0.033757209642968224,0.005695217276911297,0.0005295473610120817,0.0,0.9026523072562699,0.05413422045283534,0.0032314980100032237
plot_8868,4,0.316447848753576,2,0.051299595690486435,0.03487323156839252,0.683552151246424,0.023324069566077743,0.003628522064553299,6.636754220373725e-05,0.20325606232186233
plot_8879,4,0.4083078720099308,2,0.014333115901706633,0.07411506862347102,0.5916921279900692,0.1401155279143247,0.047514213042501786,7.541301292473051e-07,0.13222919239779743
plot_8898,4,0.009157240612788909,1,5.939488824239133e-05,0.9908427593872111,0.0007971056021565296,0.0012148977020499977,0.0030016851116606343,0.004084157308679378,5.660758199032365e-104
plot_89,4,0.7846561060319587,4,0.01614739649123305,0.06367363454765851,0.25272777664845,0.21534389396804146,0.4472530698122986,2.07337419120049e-10,0.004854228324981019
plot_8901,4,0.09629123984516981,1,0.0,0.9037087601548303,0.0011313468163852648,0.0013004090574568715,5.601663228091751e-06,0.09271533195168286,0.0011385503564167781
plot_8902,4,0.0965948583640961,1,0.0,0.9034051416359039,0.0019666835548758283,0.00652134912231262,6.5908042212737e-06,0.08663378600515438,0.0014664488775320405
plot_8903,4,0.08512650917203576,1,0.0,0.9148734908279643,0.0003959779623045144,0.00010501170217313556,0.00010633978401978028,0.08381279278972371,0.0007063869338146853
plot_8904,4,0.11968703262065211,1,3.3284063075031055e-19,0.8803129673793478,0.007090297491797858,0.00416121274105039,0.00040910601742205746,0.0940595959893997,0.01396682038098208
plot_8921,4,0.6097043678108465,6,0.3301895078968238,0.048103116766035514,0.19742293372615982,0.01424293945293265,0.005256621327845982,0.014489248641048832,0.3902956321891535
plot_8923,4,0.7418060614697666,3,0.1682360822036317,0.10065102699250886,0.019953695755034636,0.2581939385302333,0.1953005208744386,1.901522313471586e-13,0.2576647356439627
plot_8924,4,0.7579386068604503,0,0.2543310465083969,0.13706498904646006,0.03446308919846071,0.18281627070074882,0.2420613931395496,4.806876896542061e-14,0.1492632114063358
plot_8925,4,0.5496425850944012,0,0.4503574149055988,0.06992796565931977,0.07069973626937104,0.10586207790900398,0.12139377789260478,5.6739220296469726e-14,0.18175902736404487
plot_895,4,0.051579157040503365,1,0.0,0.9484208429593965,0.0009309010682577682,0.002644504722313786,0.04730613803438934,1.2924865712757338e-06,0.0006963207290712784
plot_896,4,0.016172968304073134,1,1.885411293526919e-05,0.9838270316959269,0.0003095511334144291,0.001414303519665203,0.014373137713992411,4.8462380359223275e-23,5.712182406584486e-05
plot_8962,4,0.44408967315854514,2,0.08080671390756712,0.0,0.5559103268414548,0.0,0.14134658007993792,0.2218721724809113,6.420669012876527e-05
plot_8966,4,0.002449031268265629,1,0.0,0.9975509687317343,0.0007184846614310425,0.0004025272656465004,0.001169917187924663,0.00015373600098083005,4.3661522825441875e-06
plot_8967,4,0.569236302401662,6,0.0,0.11369490325003427,0.1039009817981559,0.014553244738899539,0.33708717261457233,5.0861601072578224e-21,0.43076369759833794
plot_8968,4,0.3535357733216441,1,0.0,0.6464642266783558,0.27290386099869846,0.004358068559895625,0.06292732411493113,4.841539713428014e-25,0.013346519648118865
plot_8969,4,0.06742018790294878,1,0.0,0.9325798120965099,0.05912846938831845,0.0007661152103553132,0.005724002124541576,4.807719761276645e-24,0.0018016011802747941
plot_897,4,0.06996524498407027,1,2.884786137595217e-05,0.930034755015774,0.004793709082711979,0.00608362025920057,0.05779610766648877,4.823065767170299e-23,0.0012629601144487361
plot_8970,4,0.02022921245054173,1,0.0,0.9797707875494582,0.011494685712449333,5.840964772041003e-05,0.0033336757295411934,0.004503868538720103,0.0008385728221106555
plot_8971,4,0.7170053800550931,2,6.503654922133932e-16,0.2110932498069054,0.3536959490136342,0.04060003554436015,0.11012097899560855,0.001495166694584224,0.28299461994490693
plot_8977,4,0.14584915051028405,1,0.0,0.854150849489716,0.1289769410786765,1.5145285408411616e-05,0.012873752309967717,6.409498277274716e-23,0.003983311836231422
plot_8978,4,0.15400884973731568,1,0.0,0.8459911502626843,0.1371443183144883,1.3616882113040003e-05,0.012774954715311303,6.290317081909756e-23,0.00407595982540304
plot_8979,4,0.7389882185438021,2,3.8305845272861764e-17,0.18120653831427874,0.4597340642256441,0.0590167849257778,0.26101178145619786,2.5016297347694548e-05,0.03900581478075374
plot_898,4,0.010158382252409656,1,0.0,0.9898416177475486,0.0001374678357125595,0.0005935708567178109,0.009396158073922871,1.9349223934990097e-06,2.925056370442718e-05
plot_8980,4,0.7674254555457184,2,0.23257454445132375,0.17144159543082782,0.2815690937141111,0.07183351400124727,0.2013835245159677,0.0066894189892512165,0.03450830889727099
plot_8981,4,0.7141768419871839,1,0.04086799461303207,0.3725454411057589,0.017218283128464056,0.0023067081739910717,0.28094425874063994,0.00029415622529795445,0.28582315801281616
plot_8982,4,0.38357589127742625,1,0.01569784629029349,0.6164241040094446,0.015176246209771054,0.007711486548088167,0.11745842457308875,6.072557388626423e-05,0.2274711667954277
plot_8985,4,0.5181670366708435,2,0.18912922434337698,0.001755458053650281,0.4818329633291565,0.0,0.1925031032582938,0.00014018829251545732,0.134639062723007
plot_8986,4,0.3966357701213693,6,1.0484969794785661e-17,0.12769995057907052,0.16550500147420175,0.0,0.10343081804016119,2.7935839387289457e-11,0.6033642298786307
plot_8987,4,0.48173185824768305,0,0.518268141752317,0.0,0.2300125513831447,0.0,0.0012136109343201772,0.00209506917188814,0.24841062675833003
plot_8988,4,0.31645490684545335,0,0.6835450931545467,0.01584023388893817,0.12496325142302037,0.0,0.15466115767809183,6.405363243237089e-12,0.020990263848997694
plot_8989,4,0.3874701356273047,2,3.5382264361893424e-06,0.14282337001950732,0.6125298643726953,0.007726845577579573,0.23393297191781948,2.2753354798351135e-17,0.002983409885962274
plot_899,4,0.6515642725758268,4,0.021038173984561228,0.3484357274240376,0.0008506615637085261,0.13483283991880038,0.46619744893706766,9.617062950128775e-14,0.02864514817172845
plot_8990,4,0.7333456605658651,1,6.010588321160855e-17,0.36581353499292585,0.3652370440011924,0.001089721450967527,0.26665433943413486,2.5354202350109608e-23,0.0012053601207793467
plot_8991,4,0.0512382373332624,1,0.0015136679150667277,0.9487617626662908,0.0007228260113141537,2.25267606270632e-05,0.04857069008588658,0.0004085265608147653,1.3766316206135401e-102
plot_8994,4,0.6851165294069843,4,0.0,0.051769353123164934,0.20914571053878328,0.0,0.42420146574503603,6.362032798780631e-25,0.31488347059301575
plot_8995,4,0.11110380929445166,1,1.1990318179729579e-64,0.8888961907055484,0.05336851965476462,0.054667756372548476,9.90167090597256e-06,0.003057631596232591,9.559860496795462e-88
plot_8996,4,0.11747609459713872,1,1.3543197507845773e-67,0.8825239054028613,0.0004895417114295624,0.11694116456670035,1.9483307792950706e-13,3.766467753168662e-05,7.723641282294562e-06
plot_8997,4,0.07569791799875561,1,3.5638193125312606e-66,0.9243020820012444,0.0032889487758159188,0.07096213856918575,1.0923247433253929e-13,0.0014446467441568218,2.1839094878925527e-06
plot_8998,4,0.07704308270982962,1,3.1791589615066905e-65,0.9229569172901704,0.026438348665536814,0.012694627268940835,7.057106128611956e-05,0.037839006186555016,5.295275108310743e-07
plot_8999,4,0.7940445737805075,1,1.731166851381117e-06,0.7433166822851535,0.20595542621949242,0.008374896945784433,0.00021135546740668544,0.042139907915311525,7.716319136795349e-95
plot_90,4,0.564582900052783,4,0.008058814728771783,0.011187482337869353,0.435417099947217,0.08915925880051988,0.4376752740431406,1.8883144003160404e-11,0.018502070123598224
plot_900,4,0.4368026782354677,4,0.020225649758548885,0.20261682608608356,0.006967542325055571,0.12073255887654091,0.5631973217645323,2.3749700050227897e-20,0.08626010118923882
plot_9000,4,0.13273042528540102,1,3.138047896065482e-64,0.867269574714599,0.10690246960048183,0.017664642831814587,7.702815512401094e-06,0.00815561003759226,4.330656624561291e-88
plot_9005,4,0.7758452357406009,2,0.22415476425939912,0.07622281210502418,0.327771338225731,0.12492283223030082,0.23366733337287163,0.0025071951616389117,0.010753724645034417
plot_9006,4,0.6374869880991346,2,0.0920994929374708,0.15350172059967165,0.3625130119008654,0.1707860980600892,0.19820946060786393,0.015839919212071986,0.007050296681967081
plot_9007,4,0.4243549604774679,4,0.1410115641889541,0.09558432824324409,0.05912049651604605,0.001032656263002002,0.5756450395225321,0.0026057331048565417,0.12500018216136516
plot_901,4,0.4239423429679891,4,0.021970479395601508,0.11090346346319929,0.026112989290878328,0.09608310853859515,0.576057657032011,3.5374724429277126e-20,0.16887230227971486
plot_9010,4,0.6893824127179881,4,0.18280288995346544,0.021887695545208287,0.31061758728201194,0.10538662980770108,0.3792689656973439,1.8349710058491263e-05,1.78820042108506e-05
plot_9011,4,0.506086025848955,4,0.19868520736838705,0.059951055485403734,0.21325186025120418,0.03414476916311186,0.493913974151045,2.4050410778335235e-05,2.908317006992265e-05
plot_9012,4,0.5939388655249819,4,0.21847066058503156,0.04538275615275037,0.28974848662407876,0.005197766806585413,0.4060611344750181,0.03511607608904448,2.311926749105374e-05
plot_9013,4,0.5538813628834519,2,0.18318570043126267,0.12736824686599454,0.4461186371165479,0.004502128022107061,0.20576415004465834,0.033057407140576124,3.7303788531535804e-06
plot_9014,4,0.6804351864389209,4,0.17728347252221488,0.04494270018410018,0.31956481356107913,0.008365433408571194,0.4212890686584188,0.02852182530760476,3.268635801117949e-05
plot_9015,4,0.49631748949236565,4,0.04024060625471047,0.22087566286677848,0.1592336334156106,0.007306850341621451,0.5036825105076344,0.06866073661364464,5.099908883118181e-102
plot_9016,4,0.08000496437254062,1,0.0,0.9199950356269616,4.626107313035881e-06,0.07987942548461399,8.739837038147888e-05,1.0394411430723648e-05,2.3119999299187788e-05
plot_902,4,0.2090687885233272,1,0.14642179014159948,0.7909312114765154,0.009891883073333321,0.0007730568837414748,0.05095283210335172,3.1420886415442645e-14,0.0010292263214270927
plot_903,4,0.14559595193682964,1,0.104230419486354,0.8544040480629782,0.0022068178141584982,0.0004113516950114326,0.03818613440708002,2.235302211164704e-14,0.0005612285343956555
plot_904,4,0.5483762274130668,2,0.030611415427449017,0.07673440476746973,0.45162377258657377,0.0,0.43047730095634373,4.082046582926783e-19,0.010553106262163839
plot_9041,4,0.3256417548775544,1,9.696536015587362e-18,0.6743582451224456,0.1232301874067884,0.07776847468759615,0.0028779493089375456,0.019419469270380473,0.10234567420385177
plot_9042,4,0.7942027463190267,1,9.590104800194097e-19,0.7907505791571597,0.00040033272291680394,0.2057972536809734,0.0018182410005348365,2.898620613114573e-23,0.0012335934384152866
plot_9043,4,0.34702929660947074,1,5.617317527964569e-18,0.6529707033905293,0.14521424961108828,0.13519909408861436,0.00473171266215194,0.009908472452299866,0.0519757677953164
plot_905,4,0.47548217599342835,4,0.033398572987555726,0.05988575084940145,0.3479744597866021,0.0,0.5245178240065717,2.094404620287493e-21,0.03422339236986916
plot_9067,4,0.5656689624185934,4,1.0931311294761876e-06,0.07592116475736024,0.33273105329992636,0.12476169303527516,0.4343310375814065,7.445411314513874e-22,0.032253958194902156
plot_9068,4,0.6022981189872948,2,0.0,0.032415072184024084,0.5111445640254927,0.047590557174099705,0.3977018810127052,5.076315120644453e-22,0.01114792560367846
plot_9069,4,0.08189442090412813,2,0.0,0.0031543364648121126,0.9181055790958719,0.008173259645450494,0.07045240564927621,2.6843591814670584e-23,0.00011441914458931036
plot_9070,4,0.33577833105249977,2,0.0,0.04720668189987752,0.6642216689475002,0.06148477479936691,0.2239762273904654,2.0487276012719026e-22,0.0031106469627899406
plot_9080,4,0.1666261618237814,2,0.0,0.012864652850130796,0.8333738381762186,0.014600126654231957,0.1381326470079871,1.028075985479014e-22,0.001028735311431497
plot_9081,4,0.20437082143991459,2,0.0,0.010585069315356539,0.7956291785600854,0.01917084180142971,0.17311414679439371,1.244141389518998e-22,0.0015007635287346273
plot_9098,4,0.21136569560595622,4,0.0,0.035132461554498194,0.0641103845903082,0.0,0.7886343043940438,4.156143572854993e-25,0.11212284946114985
plot_9099,4,0.00390609664220757,1,0.0,0.9960939033577925,1.78190022994156e-05,0.0,0.003065944863455958,0.0008223327764522316,1.9077458912880853e-108
plot_91,4,0.3326914255605153,4,0.0458963128537627,0.01098521079627693,0.16340355990986255,0.08748535592236746,0.6673085744394848,3.4145262286734364e-11,0.02492098604410047
plot_9100,4,0.006956374387126124,1,0.0,0.9930436256128028,0.00038496652634309355,0.0,0.006237500174577578,0.0003291026453745304,4.8050409020406644e-06
plot_9101,4,0.001977797064076051,1,0.0,0.9980222029358234,3.3077642431679064e-05,0.0,0.0010343198323292564,0.0009103995894156117,2.3311779270134233e-108
plot_9102,4,0.007468640715064249,1,0.0,0.9925313592848204,8.660803444433212e-06,0.0,0.0005897153730886878,0.006861926227205564,8.338311440828719e-06
plot_9103,4,0.6610828258008407,1,0.018850130127833813,0.59067619199375,0.002705110751424452,0.038647902838358214,0.3389171741991594,6.358487054631856e-17,0.01020349008947422
plot_9104,4,0.19952358168178547,6,0.03374391570201724,0.03255869914648237,0.05029437524940836,0.0363191570830479,0.04660743450082939,1.250377816392344e-16,0.8004764183182145
plot_9105,4,0.39693581008777407,0,0.6030641899122258,0.00017452426641063117,0.0017684303831798892,4.669394501176125e-05,0.002071090021310339,0.3918136908726162,0.0010613805992454874
plot_9106,4,0.18543109517089668,1,0.10531776399998903,0.8145689048284196,0.025253757165485766,0.0015153824631377575,0.012604711903157801,9.031688827371876e-21,0.04073947963981002
plot_9107,4,0.7572845920569901,6,0.30451000177379434,0.029967507502982993,0.1103858475276443,0.2427154079430099,5.510672325599376e-05,4.087645029202734e-18,0.31236612852931245
plot_9108,4,0.5904502244083385,6,0.11163698615793355,0.01999699977327785,0.20141952687400405,0.2573413399466635,5.537165645962375e-05,4.4889648009095534e-18,0.4095497755916615
plot_9110,4,0.13200107300778224,1,0.0,0.8679989269779362,0.08354439964641328,0.0007148368959351856,0.019675884771061206,0.0014209084651618058,0.02664504324349229
plot_9111,4,0.3105248521869336,1,0.0,0.6894751478127246,0.15737523592411937,0.006511320256677623,0.037661992784158334,2.8778105951289454e-05,0.10894752511636877
plot_9112,4,0.25399937153656216,1,7.687318608056791e-19,0.7460006284634378,0.03782444962339291,0.17009088473782416,0.0386056595130077,0.0002490268957563719,0.007229350766581067
plot_9113,4,0.778137932938444,1,1.1848950695022286e-17,0.5888584759227051,0.10140968830192565,0.22186206706155584,0.06498176897236072,0.0006039188305376143,0.02228408091091506
plot_9141,4,0.5819979937252509,6,6.600844098000271e-05,0.04007643038405284,0.41800200627474915,0.0732397387474354,0.04893919840758478,0.00027492727876236834,0.41940169046643555
plot_9142,4,0.7769615646255766,6,0.00011749178622590418,0.18458295993093418,0.15295747280201238,0.22303843537442347,0.1803359839043621,1.1616125957250659e-05,0.25895604007608486
plot_9159,4,0.009344394545386213,1,0.0,0.9906556054546137,9.775370473629885e-06,0.0,0.005387087203281044,0.003942834780852792,4.697190778688947e-06
plot_917,4,0.7314102228503554,4,0.05259114865924294,0.06730412403063601,0.025660197878599356,0.08008487953976098,0.5057698727418061,3.1005031556327953e-13,0.2685897771496446
plot_918,4,0.47356454753210286,4,0.0161071011471428,0.26232736796174944,0.003117246391615252,0.1258248091508354,0.5264354524678971,1.014492881815861e-20,0.06618802288075998
plot_9181,4,0.4033878040870713,0,0.5966121959129287,0.0,0.15099351509253087,0.0,0.039565630781916494,0.0020896265929048925,0.21073903161971905
plot_9182,4,0.6140663706161468,1,0.0,0.5765455952407461,0.3859336293838532,0.00019685302061492698,0.009801429311654565,4.730318981390206e-24,0.02752249304313132
plot_9183,4,0.14099770620919264,1,0.0,0.8590022937901183,0.07312651513317982,0.0,0.06658551954292731,6.657250420189333e-22,0.001285671533774504
plot_9184,4,0.07090351663560142,1,0.0,0.9290964833642215,8.549153158564155e-05,0.0,0.07065463749149067,0.00016338761270215087,3.9474132675736114e-108
plot_9185,4,0.02181650949274027,1,0.0,0.9781834905071106,0.000832620430997007,0.0,0.020924363612198363,3.8237024785183766e-05,2.1288424908672826e-05
plot_9186,4,0.0020564877574388266,1,0.0,0.9979435122425612,0.0004658598818734586,5.967487518669252e-07,0.000268815069675601,0.001316028660492248,5.1873966456488375e-06
plot_92,4,0.40878925127193977,4,0.015418009859079089,0.016909705977921213,0.2413612037034712,0.12010793724285795,0.5912107487280602,9.294431961064959e-11,0.014992394395666058
plot_920,4,0.7153497533821487,4,0.015576575878807793,0.13221531896299393,0.2846502466178514,0.0,0.44029058990316194,3.685891582798648e-21,0.12726726863718493
plot_921,4,0.5795169123220831,2,4.608966763062311e-05,0.04378529691587085,0.42048308767791687,0.00012083363531652081,0.11685793519168217,1.5137414180977014e-21,0.418706756911583
plot_922,4,0.6532433021889723,0,0.34675669781102764,0.07003616790469391,0.06183153259359815,1.9940955620319955e-05,0.31411987539252295,0.005753242736560584,0.20148254260597648
plot_9228,4,0.12683096744970965,1,0.0,0.8731690325499291,0.0015582382134711,0.0,0.12525561742467733,6.910300157857509e-06,1.0201511764724283e-05
plot_9229,4,0.27610313914835183,1,0.0,0.7238968608481438,0.03300516903147707,0.0,0.22915353373138647,3.1309759505817634e-06,0.013941305413042098
plot_923,4,0.7065073574641737,1,0.2934926425358264,0.32838816230562384,0.0017083456228110332,0.0,0.29498453147726167,0.061549299762507316,0.019877018295969683
plot_9235,4,0.3054780834416705,2,0.11031734045107149,0.003963768229383961,0.6945219165583295,0.0006571639794368037,0.006162137391700141,2.3331150988818382e-17,0.1843776733900781
plot_9236,4,0.25996494423478855,2,0.12953802408211762,0.035658872443682814,0.7400350557652116,0.004357393343241066,0.03035106239240603,8.927892784088213e-18,0.06005959197334107
plot_9237,4,0.7585918121215172,4,0.0004863203552255359,0.006629377228756989,0.2951663605293193,0.001620561222753436,0.45468919278546194,6.831823296206121e-18,0.24140818787848284
plot_9238,4,0.01156718840981549,1,0.0008064606576513202,0.9884328115900155,0.003952840786960861,5.045117926647856e-05,0.005813487126494115,0.0009439486596116688,4.702696972539473e-102
plot_9250,4,0.3938513012743122,0,0.6061486987256878,0.0004166091236410775,0.3165286372409377,0.00019505562917405375,0.001010091187756786,1.816851797524032e-17,0.07570090809280264
plot_9251,4,0.4254104249435056,2,0.30717760708294706,2.5374257574551794e-05,0.5745895750564944,0.00018094111048490793,0.007825503996374432,8.684718529546422e-18,0.11020099849612473
plot_9252,4,0.6110026084672009,2,0.3889973915327992,0.0,0.4317130790010696,0.0,0.0017483197033948716,4.332639053228444e-19,0.17754120976273635
plot_9253,4,0.6150322917180836,2,0.3849677082819164,2.7345880905840785e-05,0.41827995486593017,4.2663839202483703e-05,0.011159750318579261,7.829572041749873e-07,0.18552179385626172
plot_9269,4,0.1338268798968835,1,2.116646980442133e-19,0.8661731201031165,0.0230407923529618,0.0342257058643626,0.060714821304184645,0.00046095819579575084,0.015384602179578788
plot_9270,4,0.07978196104865538,1,1.6818622400413002e-19,0.9202180389513446,0.025324755683865097,0.016801922852311777,0.021641033049636795,0.0014832050214788636,0.014531044441362835
plot_9271,4,0.12994829879447012,1,6.545276688444638e-18,0.8700517012053592,0.025860576140331895,0.06056790350738305,0.015787650011205703,0.008646242291603181,0.019085926844117005
plot_9272,4,0.674164280556618,2,0.039788352047075315,0.3117027202082898,0.325835719443382,0.009805742330360329,0.26284486863766165,0.04227872424255216,0.007743873090678683
plot_9273,4,0.5086109595830731,1,0.0010316668541849284,0.49138904041618015,0.07054021953706169,0.049521601931473314,0.1759425770455406,0.11718537254805135,0.09438952166750808
plot_9274,4,0.6929969372125213,4,0.0009428827582446844,0.23796644354663293,0.08692817283832652,0.03627742831407139,0.3069901945241279,0.13322141179710964,0.1976734662214869
plot_9275,4,0.6658730859341253,6,0.00030091552875635745,0.17182755145867837,0.08158540298694447,0.015716167948720227,0.289705697461647,0.10673735054937897,0.3341269140658747
plot_928,4,0.36975304573394313,1,0.16914874770982397,0.6302469542657886,0.0003081071732218027,0.03431273656367802,3.1594526408198406e-05,0.027352679533968513,0.1385991802271109
plot_9282,4,0.7859120610170742,1,0.005305034144942051,0.30496110601970217,0.1403236510553607,0.03333068510569396,0.19882571187879294,0.21408793898292575,0.10316587281258242
plot_9283,4,0.5380824847435984,1,0.01707315771860624,0.46191751525627267,0.2259317942856694,0.016230060490121274,0.2561985414467566,0.019935608270743158,0.002713322531830652
plot_9284,4,0.548826408434913,4,0.05101226114605979,0.24328845074757177,0.2295688624673636,0.0075492497531999565,0.4511735915650871,0.013833506653731373,0.003574077666986486
plot_9285,4,0.43056127288914453,1,9.129819272465688e-05,0.569438727108782,0.2391349794925392,0.060406150380337115,0.11410897650469541,0.010297271239519408,0.00652259708140226
plot_93,4,0.6916992671811704,1,0.20253827008204123,0.3476825972793647,0.30830073281882964,0.0008516046311380992,0.07115595269919621,2.557789300908787e-08,0.06947081691153711
plot_930,4,0.4419510237423112,0,0.5580489762576888,0.09993080523862435,0.0,0.0,1.2053185056830932e-12,0.3141168335138879,0.02790338498859367
plot_9300,4,0.005436659067898265,1,0.0028382618251178394,0.994563340932094,0.0,0.0,0.00035377060798581295,0.002055673927291279,0.00018895270751125338
plot_9301,4,0.1255700858513521,1,0.0245386371674024,0.8744299141486336,0.006165243655832233,0.016141001686029964,0.043620195901069664,0.03387139948184544,0.0012336079591865183
plot_9302,4,0.5377178638566559,2,0.005771020812701485,0.1867249374019013,0.46228213614334407,0.05454167851590672,0.21675303211887947,0.04606050827808002,0.0278666867291869
plot_9315,4,0.44891429107275727,2,0.26564923576001853,2.1984513434370427e-05,0.5510857089272427,3.5222821416431004e-05,0.009817143838508235,6.199166582405496e-07,0.17339008422272142
plot_9316,4,0.4091541247192159,2,0.2439259108594025,8.202611468703249e-06,0.5908458752807841,1.6514905648496665e-05,0.004421588587872389,2.3677433453506952e-07,0.16078167098048937
plot_9317,4,0.7547358875878762,2,0.3207046323847211,5.09360115198292e-06,0.4329065386353771,2.993157958122658e-06,0.0011166298086680076,2.0859794147666456e-18,0.24526411241212373
plot_9343,4,0.6171677112652618,1,9.55307394184622e-253,0.4270544068510312,0.3828322887347383,0.024020003754099763,0.15551178970503524,0.0020070304050008596,0.008574480550094783
plot_9344,4,0.3955530727612464,4,0.06829430812241785,0.13924885040514695,0.17115718669164237,0.0020501527854243813,0.6044469272387536,0.0050879293754383945,0.009714645381176518
plot_9345,4,0.23882210450163233,1,2.6129535395993397e-18,0.7611778954983677,0.1001950950194645,0.08815417143702392,0.0023558015695553684,0.0133524911876424,0.03476454528794608
plot_9346,4,0.7003519205469954,1,3.660435727333649e-17,0.3840985490919391,0.2228001487485052,0.29964807945300476,0.02575963248486207,0.0095710357671737,0.05812255445451522
plot_9347,4,0.47751910603795583,1,3.2752573615227795e-18,0.5224808939620442,0.20241545641985,0.22788103100550425,0.009062371757072328,0.01517254379265392,0.022987703062875314
plot_9360,4,0.35073727591669174,2,0.005468537602561024,0.12875907059666827,0.6492627240833083,0.002757592144580956,0.2119204338431821,0.000341239127400598,0.0014904026022987881
plot_94,4,0.14308028644582765,1,0.00040028133997930426,0.8569197135540381,5.457986551967747e-05,0.0,0.14262398051302794,4.894482949622066e-18,1.444727434973662e-06
plot_9400,4,0.3932008133051391,1,0.012774461677899482,0.6067991866948608,0.02483408594619581,0.019833181119378433,0.1465387306965957,5.036790912558681e-05,0.18916998595594403
plot_9401,4,0.4115911577968403,4,0.1361739488156484,0.092299323492586,0.06028960475825753,0.0009196744397296689,0.5884088422031597,0.0024499830454516275,0.11945862324516712
plot_9402,4,0.6179487900669325,4,0.12131257492900263,0.2802062761302523,0.07363815515544954,0.1381648599593518,0.3820512099330675,3.0117446441803224e-06,0.004623912148232006
plot_9408,4,0.23768061704065357,1,2.40609550382664e-16,0.7623193829554455,0.1054695600746785,0.013466928193001545,0.11588412610848665,2.576535213282986e-22,0.002860002668387583
plot_9409,4,0.14230035643190056,1,8.867071451618138e-17,0.8576996435671116,0.0413455948708822,0.009900749868744717,0.08943863111404744,7.625352782337076e-23,0.001615380579213844
plot_9419,4,0.15921139362554984,1,4.643398279138751e-66,0.8407886063744501,0.011129668553702099,0.14795045795028142,1.0599461222579893e-05,0.00011517914566339202,5.488514680272347e-06
plot_9420,4,0.7822555737087628,1,2.0762346691794595e-67,0.7812637442116069,0.0009584439018465904,0.21774442629123722,1.6016538618787703e-13,2.085313895855232e-05,1.2532456190645343e-05
plot_9421,4,0.12787453636731905,1,7.881551484645048e-06,0.872125463632681,0.004083325491955351,0.12342713532378072,3.9996502209314175e-05,2.569893528495455e-05,0.0002904985626040498
plot_9426,4,0.3773114792217662,4,0.14342770167348246,0.07184229332884057,0.11302454203262666,0.0011275244826260118,0.6226885207782338,0.005596455356454701,0.04229296234773587
plot_9427,4,0.5928836580119463,4,0.10074880346720802,0.37571940964689887,0.042798598205648686,0.06669067946919796,0.4071163419880537,2.032785707361598e-06,0.0069241344372854485
plot_9428,4,0.3711816892465576,1,0.016250312011554434,0.6288183107534424,0.08448505126843019,0.0031747735236799914,0.2671738675265897,1.668940825646981e-21,9.768491630325962e-05
plot_9429,4,0.6406224469905312,1,0.06640969650345495,0.41833092712719033,0.13627569701587264,0.01824868858630963,0.3593775530094689,3.4632087170178973e-06,0.0013539745489866747
plot_9448,4,0.5778102840968731,6,0.002412077199210186,0.03446031976445921,0.40364400443457416,0.11194980572468263,0.017821346364131366,0.007522730609815533,0.42218971590312687
plot_9449,4,0.5227510135198565,2,0.004888638644755412,0.10906246502302387,0.4772489864801435,0.09252182034906022,0.009363369223996767,0.009329743409847924,0.29758497686917235
plot_9457,4,0.6432404791634931,0,0.35675952019414436,0.0450537937115955,0.29721279832272657,0.002051026283461662,0.004114553688578005,0.004002546044977385,0.29080576175451656
plot_9458,4,0.6714509334344706,0,0.32854906656552846,0.26776507864560767,0.03981193734620088,0.018536159605587393,0.017192673094604986,0.08794577709060686,0.24019930765186365
plot_9459,4,0.7972673940363189,1,0.11604474703690126,0.2519743820894389,0.2199884953189205,0.07878450527951342,0.20273260596368115,0.011324076587030565,0.11915118772451422
plot_9460,4,0.6087016174035204,6,0.2685952220336796,0.20192649917593594,0.06283114690028584,0.010883237521298937,0.01591646530445184,0.04854904646786835,0.3912983825964797
plot_9461,4,0.6386912505716136,2,0.29535257669631443,0.033363887329939425,0.3613087494283864,0.002066383477834839,0.0027527775886891917,0.004262740908989101,0.30089288456984653
plot_9463,4,0.7799222387678799,0,0.29452504804938745,0.04047491499160167,0.19792344701226472,0.2200777612321201,0.07642823083093625,0.024713011110203895,0.14585758677348593
plot_9470,4,0.000520181998555478,1,2.150614323521926e-05,0.999479817997478,5.271964225103261e-05,6.67863530758405e-05,0.0002808270134902097,9.834285046966526e-05,8.813935769769558e-104
plot_9471,4,0.06546841469220799,1,0.0,0.9345315853077919,0.007902740516025082,0.018764101038334254,0.028765530079905295,0.010036043057943264,3.994357825966198e-100
plot_9472,4,0.03868542868553904,1,0.0,0.9613145713141039,0.00188180521869954,0.012014764162428278,0.015329493240288882,0.009459366064479337,2.509134717986278e-100
plot_9473,4,0.090046942298823,1,0.0,0.9099530576992574,0.010637808734789703,0.04003533773454532,0.037843743081767266,0.0015289530977660032,1.0996518741987996e-06
plot_952,4,0.5351815040804335,1,0.16484907239246543,0.46481849591640506,0.0013244877713246487,0.0,0.2119696906795188,0.14327721620788264,0.01376103703240349
plot_953,4,0.3565577498179899,1,0.056784075735311856,0.643442248007974,0.0014817202636446549,6.274989396104151e-05,0.1531713675649954,0.1325344904426772,0.012523348091435913
plot_9587,4,0.7367966412453708,6,0.001649481586773744,0.2174267232711135,0.023774161656587814,0.03144196812358219,0.26320335875462925,3.558582725480442e-15,0.46250430660730996
plot_9588,4,0.45820249053453616,1,0.0012479908787629875,0.5417975094644539,0.0028235888588169613,0.18567368777276116,0.20574811026588283,5.476153540195681e-14,0.0627091127592673
plot_9612,4,0.7543432027157357,1,0.0017451213696989293,0.5066875390325826,0.0044631653440296995,0.2456567972842642,0.20925150153200378,2.2194076393478355e-06,0.03219365602978131
plot_9619,4,0.7575668453493923,6,0.0612758014407905,0.014712357225610297,0.21689271683872888,0.24243315465060758,0.00021232331129480376,8.519999458377539e-18,0.46447364653296797
plot_9620,4,0.334309793192869,6,0.06689170307640194,0.0055211224636280785,0.1523624803992338,0.10483372357434535,0.004700763679259887,1.5748681788064527e-17,0.665690206807131
plot_9621,4,0.37519358640235234,6,0.17392305381602524,0.0037588769371675237,0.12674627225943336,0.06882233661856722,0.001943046771158986,9.866770623838667e-18,0.6248064135976477
plot_9622,4,0.44474239848028074,1,0.042435081884723946,0.5552576015191001,0.0048629583873293775,0.15255768263902827,0.23923889233587103,2.047086863846321e-15,0.005647783233945266
plot_9624,4,0.6049441675613929,2,0.06166705706210918,0.07685662017431985,0.39505583243860715,0.10689527272902294,0.14581284114044837,0.053661189592336414,0.16005118686315617
plot_963,4,0.16408396267998648,1,0.0010503734590462596,0.8359160373200136,0.026684433794880887,0.014256657911084112,0.11063999271245424,0.0005654225670450703,0.010887082235476013
plot_9631,4,0.40963826621261135,1,0.03755145965293785,0.5903617337849032,0.11956022738277396,0.020600352323855483,0.03729045568528452,5.199097560303069e-18,0.19463577117024505
plot_9632,4,0.6970154880565137,6,0.06300059760229065,0.18273053797798322,0.3029845119434863,0.09439847022049397,0.0027139413188708933,1.0467148872021021e-17,0.3541719409368749
plot_9633,4,0.19961811666866977,1,0.040465309889083804,0.800381883325482,0.03239125546698892,0.007650367449908889,0.02819137059695487,1.9345942139701646e-19,0.09091981327158155
plot_9638,4,0.7028017908878704,1,0.12680875371045996,0.3849316941196438,0.1228276057636029,0.06454734796897726,0.003686389325186476,7.324578950748055e-19,0.2971982091121296
plot_9639,4,0.27176376572057925,1,0.1390862247801441,0.7282362342793866,0.03697300740607966,0.006142539745892546,0.007461466507758646,1.6792047099299466e-20,0.08210052728073847
plot_964,4,0.5904900748480835,6,5.6475223062076416e-05,0.09762841143054499,0.2959457053126556,0.00030182105383674086,0.1965576618279841,9.280316353773558e-22,0.4095099251519165
plot_9640,4,0.6674684153096415,1,0.3325315846903585,0.39239381836709963,0.037484858423009276,0.01675558885579388,0.0015634906715090336,2.5110220438793093e-19,0.21927065899222972
plot_9641,4,0.35278458440784616,1,0.19439087552054712,0.6472154155921538,0.09070781352220333,0.0014570314203081198,0.005057837261949021,8.307449031172727e-15,0.06117102668283014
plot_9642,4,0.7806417854138661,1,0.04996088259252009,0.2546986100307307,0.18316711558841478,0.21935821458613391,0.16112430122427315,0.007929677607715348,0.12376119837021209
plot_9643,4,0.7656452891961201,2,0.011653501072305011,0.1749684491298854,0.2813508639697878,0.13469607707201636,0.23435471080387998,0.004518491934080556,0.15845790601804494
plot_9644,4,0.4642929175015451,1,0.0008187974667045065,0.5357070824984549,0.17415744988997162,0.08965136149815109,0.07416267788827516,2.7993915212193423e-05,0.12547463684323054
plot_9645,4,0.4990340783214924,2,0.0005957434850595847,0.11893659680245255,0.5009659216785076,0.13130528720469958,0.07371551025081632,0.00018769109710464388,0.17429324948135977
plot_9646,4,0.7842351857927603,2,2.187317547249211e-05,0.1625948020478472,0.46608173661160224,0.11938592625006741,0.21576481420723964,4.965009855730288e-20,0.03615084770777105
plot_965,4,0.5396751794029093,6,0.00014637748428085313,0.0315069997521647,0.2919866598865547,1.1371223536642543e-05,0.21602377105637244,3.927449939718039e-21,0.4603248205970908
plot_966,4,0.5736483520861406,2,3.640816585471668e-05,0.06729618853691438,0.4263516479138593,0.0005319333371674016,0.15001363566177128,8.872414032836804e-22,0.3557701863844329
plot_9667,4,0.7595229816682113,4,0.24047701833178856,0.1876941123605379,0.017218982172118456,0.10725777400685904,0.44672124521612255,2.4407276194701764e-19,0.0006308679125732808
plot_9668,4,0.5036660919958922,2,0.2826994152426867,0.16050180259708038,0.4963339080041077,0.042179764037955376,0.01443770925876929,7.531471801977334e-17,0.0038474008594003135
plot_9669,4,0.5559608844290757,2,0.21925122014512186,0.2529211852313858,0.44403911557092435,0.030422290282830437,0.041385819574055106,3.406641620040397e-16,0.011980369195682185
plot_967,4,0.7643215715157384,4,0.23567842848426152,0.13017910788055362,0.09948270133646855,0.0,0.5271198504179554,5.609180446599847e-22,0.007539911880760834
plot_9674,4,0.7162357485614921,2,0.28376425143850786,0.26369148851245783,0.2891374968920597,0.09965372501348,0.04461699872490728,1.1013601387590675e-15,0.019136039418586326
plot_9675,4,0.7649267647011514,1,0.1670620886467746,0.35863777011591397,0.06425359500109992,0.23507323529884874,0.15154768217790313,1.6958708704012858e-15,0.023425628759458136
plot_9676,4,0.36041921701665436,1,0.013582451553701035,0.6395807829831762,0.003237032833821138,0.11554674860668654,0.10849476070007842,1.9149299758012978e-14,0.11955822332251742
plot_968,4,0.7246894509767992,2,0.00401579374053626,0.21301364257986477,0.43243396472570145,0.0,0.005359544875034168,0.0698665050556625,0.2753105490232009
plot_9690,4,0.5916706235368289,0,0.43953243393606845,0.10511497217644193,0.019663984203962415,0.026311952641770046,0.001047280578586048,8.173518965922564e-19,0.40832937646317113
plot_9692,4,0.7535761075352011,2,0.017806744344368776,0.061235820637175344,0.39123697208455327,0.11581453014394835,0.15603350353049078,0.011448536794664458,0.2464238924647989
plot_9693,4,0.5317004085590168,1,0.014980324452767712,0.4682995914409832,0.1420224106973621,0.14235198618939518,0.1345482494411834,0.0011321575620752199,0.09666528021623327
plot_9694,4,0.7816485567474706,2,9.697951298533095e-05,0.14398034272385093,0.45340009730650055,0.21835144325252948,0.11556069800560693,3.5036672120614904e-06,0.06860693553131478
plot_9695,4,0.4121753152308301,2,8.377440513999553e-06,0.0714878633292904,0.5878246847691698,0.13839463048467068,0.1300077097644638,1.9709754410227122e-20,0.07227673421189122
plot_9696,4,0.5041586858215377,2,0.00047012081047304244,0.17364405668875077,0.4958413141784623,0.1289364283455801,0.11542221632492891,1.4860102022896673e-05,0.08567100354978195
plot_9697,4,0.3759913838234267,2,1.785705912658731e-05,0.04955136280678614,0.6240086161765733,0.11268973817507993,0.0690339099605668,6.19478169469952e-07,0.14469789634369776
plot_9698,4,0.7975010357918241,2,0.00608283485153426,0.07153685751906715,0.49762144757066684,0.2024989642081759,0.0801924308256858,3.626229489602106e-20,0.14206746502487008
plot_9706,4,0.11309361182926922,1,0.006887668654371357,0.8869063881704811,0.0010311299025737989,0.07551172964101792,0.02954291592396984,0.00012016770758598608,8.915744492840265e-106
plot_9709,4,0.20732277116053566,6,0.0016644521197140176,0.037614870863134836,0.08640860222232186,0.0,0.08153336162817262,0.00010148432719232067,0.7926772288394643
plot_9710,4,0.6026226074997049,2,0.0513702052798374,0.0,0.4527283646210264,0.0,0.0985240375519392,4.6901975434593634e-11,0.39737739250029513
plot_9711,4,0.612193092317004,2,0.04211672130592892,0.0017633059330935269,0.3958340775253021,0.0,0.1664748535031136,0.006004134049565953,0.38780690768299597
plot_9716,4,0.7477686195451888,4,0.01756011767341926,0.22700726659249462,0.2522313804548112,0.01633285942882987,0.477710296663009,0.007513756280705856,0.0016443229067302043
plot_9717,4,0.6505677003626742,4,0.0001608573757775282,0.33429938680483023,0.31251159228629255,0.0016243236629209063,0.3494322996373259,1.0344289232494014e-15,0.0019715402328519976
plot_9725,4,0.6229762468306491,1,0.09692312042319912,0.42467604776936424,0.004388782109201413,0.0936108362648912,0.3770237531693509,7.819682738699942e-17,0.0033774602639930996
plot_9726,4,0.37066378102153386,1,0.029754508425613814,0.6293362189784661,0.002178761405827333,0.04310878135022431,0.28768483901805353,4.6305143829109745e-17,0.007936890821814868
plot_9733,4,0.7451538623788169,4,0.024588837460583712,0.25484613761628094,0.24019518399070122,0.0,0.4701422324010781,7.169711211095866e-05,0.010155911419245076
plot_9745,4,0.13417371386610566,1,0.0009219461879334369,0.865826286133411,6.099611165393835e-05,0.1087336037935078,0.023867301375236655,0.0005898663982572799,1.0835028962756884e-106
plot_9746,4,0.0872491806306819,1,0.0020184625923542303,0.9127508193693181,0.0005361391576327821,0.073855871815576,0.0075128467223488865,0.0033258603427700167,5.039976803770987e-106
plot_9747,4,0.076423606899172,1,0.009303522068873004,0.9235763930874341,0.001536249588599778,0.05258969462456729,0.012533853098786008,0.00046028753173993445,9.49963096966236e-106
plot_9748,4,0.11254299715188869,1,0.050744030215899835,0.8874570028416613,0.017970109426379714,0.012682408006113697,0.03096049685439867,0.00018595265554686074,8.560128851665295e-105
plot_9749,4,0.12276741173655811,1,0.03017632726250591,0.877232588263442,0.009028963411094762,0.019470043969278355,0.0638837777848491,0.000208299308830075,5.288498586737838e-105
plot_975,4,0.17440527729567523,1,0.0014776534686823642,0.8255947227032676,0.01676964542717368,0.013242934431872678,0.12874175477893332,0.00035431892376345446,0.01381897026630707
plot_9750,4,0.5262925144609932,4,0.22128306180532079,0.010617629899665372,0.2939884550247965,2.592355122333855e-06,0.4737074855390068,3.121099134219503e-05,0.00036956438474604596
plot_9751,4,0.7265824034936549,2,0.1564191087242773,0.00013859338015343725,0.34150443561398397,0.0,0.273417596506345,1.0803441291999838e-09,0.22852026469489603
plot_9752,4,0.4276462824253943,0,0.5723537175746057,0.0022987165841693437,0.14265095318833984,0.0,0.1761718602477183,1.5993471268693565e-10,0.10652475224523203
plot_9755,4,0.3236107278291087,1,2.238380607373236e-05,0.6763892721708913,0.177579184028356,0.01933775935783719,0.120942890520104,1.4394403763599106e-16,0.005728510116737661
plot_9756,4,0.47309980735360996,1,0.00013684075735648373,0.52690019264639,0.2154640623128039,0.004577580920810398,0.2501291356695282,8.799847577601854e-16,0.002792187693110096
plot_9757,4,0.48205990710558544,6,0.12820693686081275,0.020983260046135144,0.07739844967720434,0.12303350587806272,0.13243683923485938,9.154085111270562e-07,0.5179400928944146
plot_9758,4,0.017089598211650105,1,0.0,0.9829104017882283,0.009489445089970381,5.350592509901074e-05,0.007402501401877201,3.481398527495311e-06,0.00014066439629771018
plot_9759,4,0.0087740304331624,1,0.0,0.9912259695667449,9.564367365853258e-06,9.029089541698505e-06,0.00791241236651202,0.0008430246098355363,0.0
plot_976,4,0.10466293414006837,1,0.012068741462647067,0.8953370652176776,0.01856232524944415,0.011008279037024433,0.05934630628330476,2.73749404935122e-05,0.00364990780940854
plot_9761,4,0.6232145645696542,5,0.14896337704746465,0.0,0.006418880709728528,0.0,0.3767854354303457,0.4620092048355032,0.005823101976958
plot_9763,4,0.6342798105033396,6,0.07627689545501437,0.11431961629742371,0.11027103772984986,0.26167402916616544,0.071738231854886,2.66447357510694e-16,0.3657201894966604
plot_9764,4,0.7485420652606389,6,0.14072705806549318,0.09831811680217414,0.05991510925948018,0.2514579347393611,0.10086245760203202,1.4283323702351121e-15,0.34871932353145796
plot_9765,4,0.6556513253759688,0,0.3443486746240312,0.09677028698761861,0.09265741761972537,0.11566442293828502,0.13193586138029834,2.1238596812886416e-15,0.21862333645003937
plot_9766,4,0.45884520073319945,6,0.09526265942225699,0.019540360632423207,0.11723945691162681,0.09479854094207957,0.13195384726140086,5.033556341207034e-05,0.5411547992668005
plot_9767,4,0.5374872813087184,6,0.15857891113148054,0.019991928646799578,0.15775501998189323,0.055760093222549836,0.14539379004274153,7.538283253638506e-06,0.46251271869128174
plot_9768,4,0.7622163671170927,2,0.157008377728151,4.9771239297051536e-05,0.38341533180914583,0.0,0.23778325768733208,0.055629248666299674,0.16611401286977429
plot_9769,4,0.32321980626910407,2,0.06810604984624494,0.00010651544748173592,0.6767801937304491,0.0,0.10816532861129241,0.002271418895738674,0.14457049346879325
plot_977,4,0.27803599326820355,1,0.003106712384168684,0.7219640067316623,0.04961591638930975,0.06788092770770379,0.1347384615930889,2.0018303910713903e-05,0.02267395689015584
plot_9770,4,0.5747646951850436,2,0.42523530481495647,0.05151957036140434,0.4594223263012376,0.0,0.06221137805605141,9.49136152094042e-20,0.0016114204663502032
plot_9771,4,0.6508052613421831,4,0.028417607912339108,0.14759111136080735,0.34919473865781686,0.0,0.4274410537153517,4.633183710527469e-05,0.04730915651657971
plot_9775,4,0.23933592042776672,1,0.0,0.7606640795722333,0.21972354244579997,0.0003534741287715384,0.011594466744190372,5.440836654348188e-24,0.0076644371090048916
plot_9776,4,0.6169877765189518,1,0.0,0.5782590092857011,0.38301222348104824,0.00021965007963123205,0.010064889218863768,3.2941276000627224e-24,0.028444227934755706
plot_9777,4,0.2224677924226858,1,0.0,0.7775322075773142,0.2017763549412526,1.3069191940814582e-05,0.013688290942556754,6.753134699747479e-23,0.00699007734693566
plot_9779,4,0.08525311239995653,1,0.0,0.9147468876000142,0.055544894300487216,0.01179323377022023,0.015386902097664648,2.6539646117991537e-25,0.0025280822316135934
plot_978,4,0.07048251863827476,1,0.008136074876834898,0.929517481361596,0.005805936018082869,0.020414028320091537,0.033328071618681315,1.745933614102931e-15,0.002798407804711636
plot_9781,4,0.649922635908438,6,0.13075969933473308,5.111226054852964e-05,0.29750981307635566,0.0,0.221533761588948,6.824964785264785e-05,0.35007736409156204
plot_9782,4,0.33950108810847346,4,0.0507761645904999,0.0014761852883018712,0.03125113163731344,0.0,0.6604989118915265,0.2559976065923583,7.124611707555397e-108
plot_9783,4,0.48331837363456265,6,0.3059987036178632,0.0,0.17330541996298732,4.635771563411803e-06,0.0007234991998239306,0.0032861150823248614,0.5166816263654374
plot_9784,4,0.5564450106567612,2,0.3171523618632155,0.0,0.44241586074431805,7.731009912240331e-06,0.0010876533153476324,0.011475925985829607,0.22786046708137697
plot_9785,4,0.39121545735662133,0,0.6087845426433787,0.0018645615221862509,0.3191334182476523,0.0,0.02781680628223259,0.025188117770243504,0.01721255353430663
plot_9786,4,0.3453741369357166,0,0.6546258630642834,0.0015027179182023186,0.2835701154070701,0.0,0.022789995751205848,0.02348048840390464,0.014030819455333653
plot_9787,4,0.04948281945144402,1,0.0,0.9505171805485337,0.033885758056781026,4.886803755061213e-05,0.01498983679318575,9.589385628646073e-23,0.000558356563948803
plot_9788,4,0.01085399233636625,1,0.0,0.9891460076627583,0.008097077351301503,0.0011517349248799562,0.0014685296282950064,1.2931977655062754e-06,0.00013535723499971927
plot_979,4,0.3550397098582569,1,0.00046296474473066793,0.644960290141416,0.17586693362392783,0.011913451361540886,0.14769474936151186,4.312848549052722e-05,0.019058482281382363
plot_9799,4,0.00864645579441901,1,0.0,0.9913535442055597,0.0016656741880044313,7.2878672655323e-05,0.0003134601503072666,0.006489513210295745,0.0001049295731774581
plot_980,4,0.48483649490816855,4,0.11987124988173398,0.16161140874730326,0.1785542473858418,0.0,0.5151635050918315,1.4919564196822545e-21,0.02479958889328958
plot_9806,4,0.018694970977217285,1,0.0,0.9813050290226333,0.00026267628426965273,3.958942109451588e-06,0.018258721478467205,0.0001681281254639093,1.4861470564609618e-06
plot_9807,4,0.5847126132448115,4,0.0,0.27506484733502296,0.05679417199029685,0.0014195656926448324,0.41528738675518856,9.808129525179052e-21,0.25143402822684685
plot_9808,4,0.7206727495431468,4,0.0,0.19474858980282167,0.2793272504568531,0.000209125687066476,0.3111526889696155,1.0715159207755404e-21,0.21456234508364322
plot_9809,4,0.5989225104277809,4,0.0,0.29985576200993547,0.170112792583624,5.2641768641987935e-05,0.40107748957221917,1.0253945343239265e-21,0.12890131406557948
plot_9813,4,0.5213887823993048,2,0.24333234291020078,0.035579121518011875,0.4786112175997582,0.0,0.15280037822064918,0.015401726059671265,0.07427521369170875
plot_9814,4,0.35250559539016196,0,0.6474944046098381,0.0006048828583333782,0.0017959375288592867,0.0,0.21811835564213874,0.1319644531610667,2.1966199763906825e-05
plot_9815,4,0.5795082583803147,0,0.4294253493487525,0.0016891914464051254,0.4204917416190947,0.0,0.028077987646053702,0.11304682827619165,0.007268901663502379
plot_9816,4,0.2437833274086935,0,0.7562166725913064,7.061596301191542e-05,0.1532075441343705,0.0,0.004842418653515669,0.08441568176093478,0.001247066896860594
plot_9817,4,0.24357933294813652,0,0.7564206670518634,0.00015796783594819336,0.19822368253646244,0.0,0.0058655566989141445,0.03641665435029206,0.0029154715265196167
plot_9819,4,0.7741191596911641,6,0.1785815217375158,0.02677926397482856,0.1186245241875997,0.09760398998203033,0.22588084030883598,1.2163650598543489e-06,0.3525286434441298
plot_9820,4,0.5820232187458922,4,0.011242102497288796,0.2903757991918867,0.14416586820657562,0.1007845675648252,0.41797678125410775,0.00013718437025514034,0.035317696915060884
plot_9821,4,0.6767935781969736,1,0.0542633388510643,0.32320642180290715,0.28301832131915916,0.12648800066128332,0.203446584266339,0.00573401099647362,0.0038433221027735194
plot_9822,4,0.5817583121364972,4,0.0,0.24033672018569516,0.11356501866163997,0.0008415839783201497,0.4182416878635028,3.9169518192448515e-21,0.22701498931084196
plot_9827,4,0.3139155668810979,4,0.0,0.016141124924993405,0.14086805004282205,0.0,0.6860844331189021,4.389573497171494e-25,0.15690639191328243
plot_9828,4,0.6997065187425359,4,0.0,0.035596731531668147,0.12916595391431393,0.0,0.5349438332965538,4.372057574297819e-25,0.30029348125746413
plot_9829,4,0.18783363506414963,4,0.0,0.020653400043437926,0.06093909604310853,0.0,0.8121663649358504,3.937533120000562e-25,0.10624113897760319
plot_9830,4,0.2815554832326145,4,0.0,0.10152393276789391,0.0969425978375387,0.0,0.7184445167673855,1.9571554412418657e-24,0.08308895262718188
plot_9831,4,0.34169707424724627,4,0.0,0.07982287574892476,0.16244359998109353,0.0,0.6583029257527537,1.5445685216591987e-24,0.09943059851722788
plot_9832,4,0.6019104793035542,4,0.0,0.03621378551915873,0.39808952069644576,0.0,0.4505918761262092,2.9027453949888127e-24,0.11510481765818638
plot_9833,4,0.5768985637168056,2,0.0,0.033251766113508864,0.42310143628319447,0.0,0.41246593377153046,3.5462109397281395e-24,0.13118086383176622
plot_9835,4,0.24496408775021083,6,4.479299204010066e-05,0.06066558017530886,0.1342315545445141,0.0,0.05002215963980974,3.985380263831316e-10,0.7550359122497892
plot_9836,4,0.250969483741268,1,0.0,0.7490305162573664,0.1628075714612348,0.017439305324865827,0.05879843114275103,4.993459194739432e-25,0.011924175813781966
plot_9837,4,0.39278214879516,2,9.097387285318777e-16,0.09112194022149855,0.6072178512048401,0.016506207370730212,0.2176108770254505,2.591307306479337e-05,0.06751721110441507
plot_9838,4,0.6187466422149006,2,2.9787589727295803e-15,0.26704076796897097,0.3812533577850967,0.06909337432977314,0.23193975617873058,2.4157734903414896e-05,0.05064858600252221
plot_9839,4,0.48743082516570874,1,1.4487957513615567e-15,0.5125691748342552,0.2053887432748676,0.05021762657263561,0.2138185258977645,5.6785127211022765e-06,0.018000250907754256
plot_9840,4,0.1426602947118929,1,4.861869373263874e-17,0.8573397052881071,0.015593215372833555,0.0628592792375221,0.04256759755787304,1.7241435234498084e-22,0.02164020254366416
plot_9841,4,0.47381494574592486,1,5.202047294365927e-06,0.5261850542535773,0.27987704714982053,0.014259865053083704,0.1768834323769487,3.345292169100733e-17,0.0027893991192753315
plot_9842,4,0.473338779770072,2,4.279316687972495e-06,0.26482609299565774,0.526661220229928,0.0068876016377899685,0.19947799761699764,2.7519095404652405e-17,0.0021428082029386706
plot_9843,4,0.009705911575981743,1,0.0,0.9902940884239243,9.799553944148698e-05,3.917139888138127e-06,8.134386958343468e-05,0.009502776638221128,1.9878388941581834e-05
plot_9844,4,0.022439004399891622,1,0.0,0.9775609956000804,0.010173002043230845,0.00012491210545813045,0.001969929921489762,0.008611655607850443,0.001559504721890309
plot_9845,4,0.005851715324836976,1,0.0,0.994148284675163,0.0015974286396060824,4.542647680591347e-06,0.0005539584908867504,0.003638667378417049,5.711816824650813e-05
plot_9846,4,0.013168256924476048,1,0.0,0.9868317430726021,0.008463219764986114,1.6241136498803793e-06,0.0038738788122187236,0.0005171932981588199,0.00031234093838444424
plot_9847,4,0.128158170500654,1,0.0,0.871841829499346,0.07374357982521679,4.72904474258257e-07,0.04704662479953747,0.00012824317573040007,0.007239249795695071
plot_9848,4,0.5182967951146302,6,0.0,0.08668877083024665,0.16095557227911783,0.007470058043205741,0.26318239396206,3.1931201410772366e-21,0.48170320488536983
plot_9849,4,0.568178229614801,6,0.0,0.09197459040645346,0.193631886442454,0.0009688387338518481,0.28160291403204174,2.767639501847302e-21,0.43182177038519903
plot_9850,4,0.037461313477959286,1,0.0,0.9625386865220408,0.02408191998664015,3.0701514727406126e-06,0.01071814358518487,0.0007735631567094071,0.0018846165979521903
plot_9852,4,0.3541578189857495,1,9.2645042498624e-17,0.6458421810089214,0.12669382940689217,0.08137927919731004,0.03421666445068761,0.010064764247860434,0.10180328168832828
plot_9853,4,0.24792478858324193,1,1.0103466525744115e-17,0.7520752114167581,0.061511082133238006,0.13535701121620222,0.030578928635326418,0.0008256285590690671,0.019652138039406294
plot_9862,4,0.26208715017624606,1,0.0,0.7379128498236036,0.0331848202671866,0.06877903108878652,0.1340829217233295,4.060988718933319e-05,0.02599976720990447
plot_9863,4,0.030009820921580166,1,0.0,0.9699901790782793,0.012400874980166628,0.0,0.01701997144338151,9.692636952069742e-05,0.0004920481286518671
plot_9864,4,0.09370608968978991,1,0.0,0.9062939103102101,0.048349150786911835,3.133946485000539e-07,0.04093685432211243,9.135615858747277e-05,0.004328415027529725
plot_9866,4,0.4905287172152504,4,0.19336416956992997,0.10036047815790783,0.11554280059074588,0.08124032646486695,0.5094712827847496,2.094243179971399e-05,1.44458117781882e-100
plot_9886,4,0.03835796629122021,1,0.010434910178014276,0.9616420337087799,0.004075525050684573,8.93153705643194e-06,0.0018616392976910376,0.021660408714248583,0.000316551513525384
plot_9887,4,0.2798752536149702,1,1.3335446350065794e-06,0.720124746384943,0.06987572513384818,0.0032427102688026652,0.14649983734413619,8.577440684434431e-18,0.060255647323635086
plot_9888,4,0.34268920030653893,6,6.493813872664399e-05,0.005836702734986305,0.2851958296127156,0.0,0.05159172982011041,4.105526655255174e-18,0.6573107996934611
plot_9895,4,0.6026367466862724,6,0.0017989111326197544,0.11271174704508564,0.22563430151352654,1.0355694651305405e-05,0.2624814313003892,3.007927592066018e-21,0.39736325331372757
plot_9922,4,0.3145246490834383,1,0.002596801362784982,0.6854753509165618,0.012252886891407477,0.002387985786345852,0.026633153942849496,0.25826916554884843,0.012384655551202033
plot_9954,4,0.18943703718204832,1,0.00015411326624113037,0.8105629628179516,0.019309646328666694,0.0008184617168580827,0.1579753540767767,0.004152414016583311,0.007027047776922372
plot_9955,4,0.5330820833641193,4,0.003711195399960278,0.4464445743868707,0.022133105258076526,0.0007025743292022901,0.46691791663588067,0.02872742944741455,0.031363204542595016
plot_9956,4,0.6309253348342917,5,0.024175791154982466,0.0835631837454496,4.167572532037541e-05,0.00016190221003480878,0.36907466516570836,0.5227404784508491,0.00024230354765524708
plot_9970,4,0.3598329532896287,0,0.6401670467103713,0.1511627256345557,0.00027797757564592063,0.18408754641909447,0.013456626872920015,2.1881674480213454e-15,0.010848076787410293
plot_9979,4,0.707981825914671,0,0.4573333768818953,0.19813017459396898,0.00022305343936376466,0.2920181740853289,0.017625042858022667,1.8869015514142667e-15,0.034670178141418435
