unit_id,step,tv_from_baseline_anchor,argmax_component,p_G1,p_G2,p_G3,p_G4,p_G5,p_G6,p_G7
plot_100,7,0.1061733318413519,1,0.004120811355633941,0.8938266681584975,0.004775808408901167,2.141317365093376e-05,0.09678744525797876,4.2617757086379014e-08,0.0004678110275806909
plot_10006,7,0.5643365506382348,1,0.02404259530874326,0.43566344936136703,0.17230004957382322,0.003321086242344791,0.09518641281200685,0.008496762367237325,0.2609896443344776
plot_10007,7,0.7903548207418032,1,0.016825792669035812,0.39362405083730656,0.209645179258197,0.0008295569304012355,0.08483745763573641,0.0021285220683476998,0.2921094406009754
plot_10008,7,0.7034261608380783,6,0.05511294401221819,0.20746979498244605,0.1759278105410198,0.002829788479482332,0.23165877477539618,0.030427048047515844,0.29657383916192165
plot_10009,7,0.844998062127165,6,0.030022037254527546,0.2234194942112106,0.15500193787283506,0.0008677117421835104,0.24792619877297656,0.037899520230323155,0.3048630999159436
plot_10010,7,0.5999893712195397,2,0.0013595219712225857,0.03179526508255229,0.4499985258943858,7.538432825443263e-09,0.11658104549418061,0.00025500523876558075,0.40001062878046034
plot_10011,7,0.7022874094452924,2,0.00015661636389007732,0.19814014786880357,0.32401148359712223,0.0,0.2977125905547076,0.0025174566038991993,0.17746170501157732
plot_10012,7,0.6205442569750445,2,0.00030589265374359685,0.12078847229800273,0.3794557430249556,1.6916548298723028e-10,0.28983991522966823,0.00018707725784998966,0.20942289936661454
plot_10031,7,0.750770883865374,1,0.0017325451772153685,0.42532987311509796,0.22498731845013825,0.029838178323902217,0.2492291161346259,0.002593112083674583,0.06628985671534553
plot_10032,7,0.7584500230332557,4,0.03698200106301906,0.24154997695050762,0.17715758922817937,2.590926970304955e-05,0.44068005264669274,3.594428370999412e-08,0.10360443489761453
plot_10046,7,0.8771175693371973,1,0.013230875300486646,0.47302508313225716,0.05514560736974214,0.008880310671246243,0.24824166075581172,0.12288243066280263,0.07859403210765327
plot_10047,7,0.4699476344344827,1,0.011482653793958048,0.5300214118231985,0.0510836132547919,0.008210800780943602,0.2392848868726284,0.08892452324595791,0.07099211022852167
plot_10048,7,0.7293085417524767,1,0.004478494861057194,0.47814062377790334,0.036426476342643246,0.06976665293198277,0.2706914582475234,0.05373695547080574,0.0867593383680844
plot_10063,7,0.4095413918024434,1,0.018724901628007853,0.5904586081974706,0.037890281520874126,0.13269054728955101,0.11896436991808534,0.005053975477154748,0.09621731596885609
plot_10064,7,0.42560254926028984,1,0.0335618503730265,0.5743974507391425,0.042666740407685956,0.14296497959985435,0.07976487319648635,0.0013334590822205892,0.1253106466015836
plot_10065,7,0.7140511542292227,1,0.016825577398600883,0.3311895507444774,0.11414338813591327,0.0013290300381591685,0.2859488457707772,0.049460083614120146,0.20110352429795186
plot_10066,7,0.6871943997324244,1,0.01574700469488577,0.3682755812480908,0.08629911085957737,0.0023511205070063735,0.31280560026757565,0.0858887527323075,0.12863282969055656
plot_10067,7,0.7438286316336211,1,0.025722762745362858,0.4662876906976852,0.19142930348705284,0.0037189775454784385,0.055003146249265264,0.0016667509087764018,0.256171368366379
plot_10068,7,0.5669466258997938,1,0.01646764680695049,0.4330533741002061,0.21229415316311911,0.0008988030697271242,0.0886634698105709,0.0011071069431385992,0.2475154461062875
plot_10074,7,0.6654499146237204,1,0.024093824243641107,0.42836842014712995,0.1682866772383235,0.017668625314022197,0.3345500853762798,1.487048327422129e-05,0.027017497197329363
plot_10080,7,0.06909405146622481,5,0.04321327372965922,0.0,0.002651964813697605,0.0008181242227172265,0.008131675463910873,0.9309059485337752,0.014279013236239872
plot_10081,7,0.8228486858650506,1,0.13739994996596755,0.33548594339241505,0.1361171292830737,0.004500557620991389,0.20928551962403014,5.958597857273705e-05,0.17715131413494942
plot_10082,7,0.7810679793192827,1,0.09143815799185473,0.30795466066508015,0.20525064565117573,0.001719635739944097,0.21893202068071727,7.97451141676061e-06,0.1746969047598113
plot_10083,7,0.6450739265008741,1,0.11423143163606475,0.3549260734981522,0.17671568081323563,0.0015022257751941808,0.1955555182575036,3.9708202591339244e-06,0.15706509919959055
plot_10086,7,0.5741714255710492,0,0.42582857442895083,0.012729454056213667,0.12484005240728255,0.001643743167995663,0.16614778497177693,0.13367856585257792,0.13513182511520258
plot_10087,7,0.5819281276890141,0,0.4180718723109858,0.0002120331809177551,0.27805966729018133,6.849703394234903e-07,0.027351862263220936,0.002728693440454368,0.2735751865439003
plot_10088,7,0.12946814769910817,0,0.8705318523008918,0.00011435795696038321,0.08021915878932515,0.0,0.0035670320768405855,0.04457975738211602,0.0009878414938659882
plot_10094,7,0.3539194964325282,0,0.6460805035674719,0.0034083763948044026,0.0013723845248233715,6.224479967224358e-05,0.25449518553251327,0.09403118007609519,0.000550125104619707
plot_10095,7,0.755521315515766,4,0.003613080241305803,0.20817308799095838,0.24447868448423404,0.08687999471944126,0.41256402067673886,0.0002646635905885638,0.04402646829673298
plot_10096,7,0.4790820557671741,4,0.03872675927431454,0.17570405145756415,0.19198426988256106,0.05033486715741193,0.5209179442328259,0.0051607819226065724,0.017171326072715827
plot_10097,7,0.807928205051848,4,0.007448818586469432,0.19207179494781884,0.24215143383314236,0.07379642843355956,0.4596516578833574,0.0006368438861168022,0.02424302242953567
plot_10098,7,0.8949476305070838,4,0.003476192213997224,0.22109661374838832,0.20237523651349307,0.10505236949291616,0.42057502845146055,0.00024553113461571344,0.04717902844512903
plot_10099,7,0.570343119937296,4,0.0027227197889884798,0.27514897140927314,0.17227353237482526,0.08097261633828394,0.42965688006270386,8.16924776342137e-05,0.03914358754829104
plot_101,7,0.13313346125489492,1,0.00327329943567071,0.8668665387449359,0.0010671229236405041,2.50925132826953e-06,0.12870064531578201,6.251177445404255e-08,8.98218168682628e-05
plot_10100,7,0.58323390739479,4,0.005117524379068482,0.3555320631909285,0.1524612085690663,0.04584047876015202,0.4167660926052101,7.153097731225322e-05,0.024211101518262442
plot_10109,7,0.5143742656531243,1,0.02285288726745417,0.48562573434684175,0.14988096652214947,0.01290066368259212,0.3056062918711514,5.1800537605315244e-05,0.023081655772205705
plot_10110,7,0.5494350736855089,1,0.011539137806072398,0.4505649263139524,0.12563993264697243,0.020200323338148245,0.3788667432182763,0.000583544933380334,0.01260539174319793
plot_10111,7,0.49986023581325784,4,0.046708489784559555,0.2593373143034088,0.15047433968637994,0.02406167347719989,0.5001397641867422,0.00624800324264601,0.013030415319063746
plot_10112,7,0.8351614529960475,4,0.17914137585676473,0.12012582791232046,0.1648385470039525,0.01763128059990735,0.4422476761514338,0.039369353369046726,0.03664593910657445
plot_10113,7,0.8287852364676574,1,0.07903717398039527,0.4141155281864612,0.17121476353234247,0.013886095676496629,0.2555540426499758,2.575767141173404e-06,0.06618982020718735
plot_10114,7,0.8541764883229717,1,0.14582351167059757,0.34828170850448525,0.13936443950353816,0.003644478352532404,0.2079746454298615,4.598135109045398e-06,0.15490661840387607
plot_10115,7,0.7662709749877703,2,0.06511518890437197,0.005622351044004225,0.4899102988176802,1.4686632328663479e-06,0.23372902501222964,0.0015859205675327831,0.20403574699094823
plot_10116,7,0.7468663626675187,2,0.2050308565774932,0.0012382666652854969,0.3583193888198182,1.4021749302956569e-05,0.17276909580909589,0.00949473304652288,0.2531336373324813
plot_10117,7,0.6653416288090068,2,0.2551225556522276,0.0009539408356442612,0.37705982322332965,3.677193584555527e-06,0.029436300582101747,0.002765331322119128,0.3346583711909932
plot_10118,7,0.5061432648211867,2,0.14352949731335166,0.006533302297788916,0.49385673517881334,4.861512466851465e-07,0.06756106695944879,0.0007682281958879961,0.28775068390346265
plot_10119,7,0.861578899133287,0,0.3179325078243029,0.013113890791950713,0.17686348204793917,0.08028011673995754,0.26690690010968154,0.13842110086671297,0.006482001619455167
plot_10120,7,0.7205868124234314,2,0.27941318757656874,0.04957526830610425,0.44826817297679783,8.480883977335272e-07,0.06407274026513098,0.00013449623459697697,0.1585352865524036
plot_10123,7,0.629220550141244,0,0.43863328271708574,8.202851634520155e-06,0.06046616591705919,0.0,0.1034748640762725,0.37077944985875594,0.026638034579192154
plot_10125,7,0.8764657477584177,1,0.001007983576689211,0.42321119359029,0.25091984502887116,0.12353425224158218,0.1609465607086124,4.698097140417896e-05,0.040333183882550805
plot_1013,7,0.6810341340505329,6,0.006658642466610033,0.08850054912541082,0.26225361695864435,4.259254273351042e-05,0.3189658659494671,1.0541342514473708e-08,0.3235787224157918
plot_10131,7,0.42304206131803135,4,0.1505019440447493,0.19511923631734895,0.018930676882821133,0.00036219700675086454,0.5769579386819687,0.008236334363694557,0.04989167270266658
plot_10132,7,0.40194669811399136,4,0.214602294424524,0.1541004348944696,0.020625930530301432,0.0008800776323776016,0.5980533018860086,0.0018560665312471458,0.009881894101071573
plot_10133,7,0.3712925601878797,4,0.21678581493578586,0.10776191123840953,0.037374824245335836,0.0023164001986542035,0.6287074398111983,0.002647917226556747,0.004405692344059602
plot_10134,7,0.7472106452090659,4,0.2527893547909341,0.09014575250461629,0.03544931680590996,0.00135094539818191,0.6093324366359404,0.002994376376439365,0.007937817487978014
plot_10135,7,0.3500892761083208,1,0.03825861269925574,0.6499107238916304,0.007099387310177379,0.009139766585486802,0.283117798636222,0.0015949626411911073,0.010878748236036634
plot_1014,7,0.47691348830490643,1,0.0009623397064119547,0.5230865116950936,0.22166471264340779,0.0175696989241216,0.19613777930530163,0.0006731539226429255,0.03990580380302061
plot_10144,7,0.7505568813205712,1,0.11719151719605361,0.33996127092831985,0.13434956689934804,0.24944311867942878,0.08844419246889194,1.1710876805746888e-07,0.07061021671918986
plot_10145,7,0.3006691773106336,1,0.038928294730189564,0.699330822688963,0.05775331019200633,0.06308924097236758,0.09965813898793467,2.1828102955779787e-06,0.04123800961824328
plot_10146,7,0.6884460195015965,3,0.06627505053915674,0.2260418875507626,0.2567568483197151,0.31155398049840344,0.10570261819795065,3.382413957704569e-07,0.03366927665261554
plot_10147,7,0.8275405533942052,1,0.1519819444291218,0.3482922453013664,0.16495383395496774,0.09589340402094068,0.17245944660579487,2.0135446351520824e-05,0.06639899024145701
plot_10148,7,0.3076268200538028,6,0.004974858253676192,0.08132198681524166,0.1406847499644957,0.0,0.07982359009881823,0.0008216349215710681,0.6923731799461972
plot_10149,7,0.9018093228386107,1,0.09819067716138917,0.4627997031777372,0.04407351756487905,0.08755611352215906,0.17196598255283974,0.00019951638994257452,0.13521448963105318
plot_1015,7,0.7400566554769207,4,0.0023510813828852926,0.23475296981943855,0.2599433445230793,0.052463949880992775,0.32913637479168373,0.005687329942827139,0.1156649496590933
plot_10150,7,0.5010573790314126,1,0.017903722177014397,0.498942620968515,0.0019146822577995883,0.30582457588708345,0.14128565585844538,0.013013562092921288,0.021115180758221015
plot_10151,7,0.5215621100980267,1,0.018337073968512998,0.47843788990124303,0.002215583395062338,0.3100163923094723,0.15048213813172087,0.012598726750454356,0.027912195543533958
plot_10152,7,0.263086599186975,1,0.0753043167211255,0.7369134007988911,0.008546982117478978,0.09036854237248643,0.06217670426238404,0.003239462765761105,0.023450590961872846
plot_10153,7,0.31510037801500385,1,0.09539304216463794,0.6848996219839871,0.00751733770774925,0.14597084357514706,0.04527431996803973,0.006849685128495162,0.014095149471943824
plot_10154,7,0.24740628646156315,1,0.07454816733545715,0.7525937135375987,0.010913474718202724,0.10732704670710329,0.042904776203605256,0.0009165481632069825,0.010796273334826035
plot_10155,7,0.8424562730766919,1,0.0814920975849504,0.7139318701149623,0.016048129887971368,0.15754372692330804,0.026873077567537117,0.0008706130980054962,0.0032404848232652395
plot_10156,7,0.3792856658281155,1,0.05804758046919838,0.6207143341647373,0.059870792957899585,0.19275735918959586,0.0669299289646718,0.0010869963973693438,0.0005930078565275248
plot_10157,7,0.746880552390966,1,0.01747842295209957,0.5933455367419608,0.016753772824958955,0.253119447609034,0.08481621189108676,0.02794665793976977,0.006539950041090156
plot_10158,7,0.1901000985401113,1,0.010371654062199991,0.8098999014587577,0.043061543659682004,0.11528420574871386,0.017339586490463663,0.0015900240469670073,0.002453084533215915
plot_10159,7,0.39910417854871133,6,0.014108166594349048,0.05497425913616859,0.290727163344492,0.0,0.03929439989716099,1.895765407167709e-07,0.6008958214512887
plot_1016,7,0.46590001287349275,1,0.0005012001106532235,0.5340999871265073,0.24107825682413886,0.009952876720984433,0.1778136442508825,0.0007551242943307075,0.03579891067250303
plot_10160,7,0.41642186808437254,6,0.004673616708096423,0.05527605378392335,0.317260635929571,0.0,0.03921126309920892,2.985635728101292e-07,0.5835781319156275
plot_1017,7,0.7277510969103201,1,0.0011795633795360573,0.4783558968578109,0.2722489030896798,0.0113236937372146,0.18098760968695715,0.002682137869307637,0.05322219537949388
plot_10170,7,0.7850875340805551,2,0.21491246591944488,0.15160257362618168,0.21821207849859642,0.1177627027498424,0.1818070092385914,0.00016436631247267593,0.1155388036548706
plot_10171,7,0.7455838152326335,6,0.2544161847673665,0.05436910237241896,0.14183972499517472,0.09300575558914631,0.2011523588174134,8.182771771162884e-06,0.255208690686709
plot_10172,7,0.42787991236632267,1,0.027524200268582242,0.5721200876335846,0.001351987854037513,0.14389552906421024,0.18141322110562552,1.1383894952915714e-07,0.07369486023501035
plot_10173,7,0.3499961654621276,1,0.028729766051798725,0.6500038345376248,0.002085793163574748,0.10576251142845251,0.16865942406868015,4.913029797354142e-07,0.04475817944688939
plot_10174,7,0.5751356995720784,6,0.0007130979112037769,0.1451098731662863,0.26735853922969194,0.077012830627893,0.08494135837749707,2.5950647175064955e-10,0.4248643004279215
plot_10175,7,0.7138580193472661,6,0.2441300811167717,0.07590260168814769,0.11501875904778308,0.05667426712887247,0.22210719744459106,2.511292110019086e-05,0.28614198065273383
plot_10176,7,0.6218240897981326,6,0.053502557572238624,1.0434231403842122e-06,0.0800367562654432,0.029247699489022092,0.19664709201888195,0.26238894102940635,0.37817591020186747
plot_10177,7,0.3162351463106849,1,0.1002185248414579,0.6837648536887749,0.0095024654028569,0.15649360764042197,0.036335737724751356,0.006245795705969418,0.007439014995767586
plot_10178,7,0.7704208604079471,1,0.0814777258096519,0.6025421269923065,0.031676733253137794,0.22957913959205292,0.04677807807294622,0.004936047289983875,0.003010148989920888
plot_10179,7,0.7247406292806099,4,0.09786161114435822,0.27525937071926304,0.022787378410125316,0.0011682919033625123,0.492552415896111,0.01944652664444019,0.09092440528233986
plot_10180,7,0.44792812093871687,4,0.1255307362340213,0.19811584390187567,0.02447980573199543,0.0004159891220874159,0.5520718790612832,0.016385352758432677,0.08300039319030446
plot_10181,7,0.26112538806319596,2,0.022278299954582373,0.10214406146496563,0.738874611936804,0.01692297702458003,0.06906195356848291,2.790227146323657e-07,0.05071781702787043
plot_10182,7,0.679480583831487,6,0.0030538879973124513,0.07526070997264801,0.32051941616851304,0.0,0.05159413130794984,5.395150535512866e-07,0.5495713150385231
plot_10183,7,0.677675625214703,6,0.0018391973378200435,0.10778357008006102,0.32232437478529696,0.0,0.06580713245218717,1.1391005398789471e-05,0.502234334339236
plot_102,7,0.3973596848645423,4,6.875805504739073e-07,0.21347610893262575,0.1805094969501948,0.0009347391579841826,0.6026403151354577,4.979486891675061e-05,0.002388857374270375
plot_1020,7,0.8287459489637432,2,0.015216359123056356,0.22567016368536139,0.2845512400364829,0.030608567386789787,0.23113755416501236,0.04156206456704033,0.17125405103625685
plot_10204,7,0.8008493571178037,3,0.1291710170264969,0.15650317975399194,0.17935926838765928,0.20384519662519007,0.19915064288219625,5.642884277610807e-07,0.13197013103603772
plot_10205,7,0.7688582859060248,3,0.06974048928744088,0.2311417140935423,0.24836024331592121,0.2844250759748371,0.12320497113480564,2.701936908076636e-07,0.04312723599976189
plot_10208,7,0.7087874207056046,5,0.020437097667328888,1.3497218563357865e-05,0.03684155777959394,0.050860222087592645,0.230698244764466,0.36993680118805977,0.2912125792943955
plot_10209,7,0.3550881073358886,5,0.02278133111926905,4.613144942041382e-07,0.01701339543789697,0.015228935333643598,0.09787634813500412,0.6449118926641113,0.2021876359955807
plot_1021,7,0.7147976193010931,1,0.0015107897422527634,0.41135313097882076,0.28520238069890685,0.02202505503017422,0.20642785298956257,0.0033804945866299906,0.07010029597365283
plot_10216,7,0.6743230854762892,6,0.015273159543987384,0.05549992723936008,0.32567691452371084,0.0,0.04041234334316078,1.5996041502256295e-07,0.563137495389366
plot_10217,7,0.4239744873958802,6,0.003959303150308185,0.07471062779168938,0.2975885751958186,0.0,0.0477111569911472,4.824266916759167e-06,0.5760255126041198
plot_10218,7,0.3900311188198665,6,0.008210895919347865,0.0574492432821258,0.27295718859917195,0.0,0.05141330433032687,4.866888940269905e-07,0.6099688811801335
plot_1022,7,0.607123791968229,4,0.013643838017837934,0.1991479406457401,0.1923039515929115,4.302097801395177e-05,0.39287620803177103,1.0118591642595821e-08,0.20198503061513384
plot_10223,7,0.7140046242982462,4,0.0003849775156616849,0.28599537570140643,0.2740822980891696,0.0,0.34237626725785875,6.543315546493225e-05,0.09709564828043865
plot_10224,7,0.6495938033181665,4,0.00041580791968588466,0.16181054499834846,0.33593979266949353,0.0,0.35040619668183337,0.00010150621344937203,0.15132615151718942
plot_10225,7,0.6445871278427534,4,6.287238459057638e-05,0.28013691868322044,0.2640116122201468,0.0,0.35541287215724654,0.0006276068988213891,0.0997481176559742
plot_10226,7,0.5922213870119676,2,0.00036242463400748385,0.0999780215744181,0.4077786129880325,4.0071374136361584e-10,0.25450528579240994,0.0006337861107956831,0.23674186849962262
plot_10227,7,0.6178581035459487,2,0.0006109370698799066,0.12249278791516412,0.3821418964540512,0.0,0.3027991702033014,2.4539748159160164e-05,0.1919306686094442
plot_10228,7,0.6386549683318724,4,0.0001287048596402372,0.2475999408161217,0.28392716697331555,0.0,0.3613450316681276,0.0001525541796802841,0.10684660150311467
plot_1023,7,0.5838035189381032,4,0.024741669812012326,0.2655807598433657,0.15720668836570528,0.00016182627040487534,0.4161964810618968,1.285174422183491e-07,0.13611244612917284
plot_1024,7,0.6649452925525243,4,0.02507417641065255,0.33505470744184784,0.1288242104971755,0.0004230627953605686,0.3802957443982634,3.8170862512852066e-07,0.13032771674807486
plot_10244,7,0.3255535773780379,0,0.6744464226219621,0.018318015071184447,0.00731645050065519,0.06854112858989203,0.04400073177262003,2.653580566782349e-11,0.18737725141715036
plot_1028,7,0.35529435521415303,1,0.10380312110442295,0.6447056447810364,0.0065078060227247575,0.06992936406156433,0.027859546997086756,0.07256088110418199,0.07463363592898269
plot_10298,7,0.8733555791692436,1,0.12664442083054178,0.6626299460213797,0.04871392914296232,0.0012247018707216397,0.14887931522233877,0.00028746512977143995,0.011620221782284303
plot_103,7,0.720535800180877,1,0.00014223275757725785,0.7074168320848986,0.0010180058755203491,0.0005313849009815333,0.279464199819123,0.00014645501774281523,0.011280889544156545
plot_1032,7,0.49788597983134775,1,0.1813528055985963,0.5021140201686523,0.007794247803386912,0.04406065695908097,0.0009078830915205899,0.04267939179522686,0.22109099458353626
plot_1033,7,0.7534427657303353,6,0.08514004513242263,0.14029241506731688,0.2465572342696646,0.02155222947760134,0.22864418183337876,0.0006400901396381381,0.2771738040799776
plot_10339,7,0.44674240862194803,0,0.5532575913780519,0.20688139900983565,0.0012687204688980698,0.17800552117886742,0.028255226984437547,2.1754272381924887e-09,0.03233153880448204
plot_1034,7,0.6661969510455088,6,0.26032674166951375,0.11767797068299406,0.08349208634343463,0.000681491395096041,0.20387765992587442,0.00014100102859587076,0.3338030489544913
plot_10343,7,0.8811854212273365,1,0.007419488797166246,0.4190828721291069,0.07771275421992457,0.11881457877266365,0.3271643404613853,0.041321057213456774,0.008484908406296487
plot_10344,7,0.557450196419454,1,0.0115925285820253,0.4425498035805459,0.10800539022996462,0.08510214214253675,0.30521509845327893,0.036741629918082594,0.010793407093565936
plot_10345,7,0.6018224082999104,1,0.015729734643746794,0.39817759170004663,0.14069500196455287,0.0669550345137241,0.34633663938087705,0.027181853573182646,0.004924144223869781
plot_10346,7,0.21007242574344462,1,0.00198677609170365,0.7899275742565554,0.10576706683431383,0.0068074624488551755,0.09153059907640984,0.0005714731489285373,0.0034090481432336216
plot_10347,7,0.7292469034420666,1,0.05387185278432423,0.5421268689344946,0.2707530965579335,0.019741659009838004,0.10103571024060307,0.007530749030654737,0.0049400634421518435
plot_10348,7,0.20157427234285902,1,0.016653436884751578,0.7984257276571329,0.11527503202798645,0.01065613916314332,0.044322688215944095,0.0011554604067324356,0.013511515644309252
plot_1035,7,0.7773742742249179,6,0.2770055127556337,0.095532278885492,0.06184299437617954,0.0013784488165229582,0.22245784459262435,0.0001441008090410809,0.34163881976450644
plot_10352,7,0.7914268575908882,4,0.10784146085844704,0.0003046350132967173,0.16769043569315867,0.005402197498109785,0.38255997193396174,0.12762815659391424,0.20857314240911187
plot_10353,7,0.6261419944102473,4,0.0841236118981163,0.00015022881598916176,0.16977798309440797,0.007323305064013642,0.3738580055897528,0.15829474777332161,0.20647211776439856
plot_10354,7,0.5429765000517043,2,0.28407734357409636,0.00778349796514941,0.45702349994829583,0.0017545109381731927,0.2336326758800146,0.00972743824654455,0.006001033447726133
plot_10355,7,0.8297662067891045,4,0.05405303047568176,0.00343672252802948,0.1691848575695694,1.684962302976451e-05,0.5973636250070768,0.005711121585717353,0.1702337932108955
plot_10356,7,0.5585550550774518,4,0.12710071422268454,0.002109599121572958,0.2742839689675174,6.644929117283025e-05,0.4414449449225482,0.008456043837642249,0.14653827963686197
plot_10357,7,0.6689231945519968,2,0.20776058027242517,0.0011630171833903278,0.3310768054480032,0.00017067322515625295,0.3280223707242384,0.02098044306924754,0.11082611007753912
plot_10358,7,0.004292903536378369,5,0.0036359943004083692,1.333275502206171e-09,3.139171254479716e-05,2.626834374675623e-05,0.0005786073004289983,0.9957070964636217,2.064054597396794e-05
plot_10359,7,0.5340462992123785,4,3.331641110409228e-05,0.03483401601139327,0.0020313525105106704,0.34512098166470295,0.46595370078762155,0.11818478001942377,0.033841852595243714
plot_1036,7,0.6884937829175963,6,0.3115062170824036,0.10642585479795955,0.041519020176698444,0.0035279759219205373,0.21616788843062562,0.00010470754206896528,0.3207483360483233
plot_10360,7,0.5145160749582365,4,7.208727797885329e-05,0.039116616803508836,0.006277377137498213,0.3578467956909761,0.4854839250417635,0.07842316285523332,0.03278003519304119
plot_10363,7,0.8715381369028454,1,0.04513616213202697,0.6559686853707426,0.015216544228268097,0.020790834561427534,0.1284618630971546,0.13442301914240648,2.891467973801869e-06
plot_10364,7,0.8244240940424472,1,0.06516347440256234,0.6320428092743221,0.01733512692560621,0.010977849944488083,0.09888695372794307,0.17557590595755282,1.7879767525384292e-05
plot_10365,7,0.06599031722906527,1,1.4217615169632166e-05,0.9340096827707716,2.3466112633900967e-05,0.06352340035138301,0.00241790742261559,1.1237322106661813e-05,8.840531959990019e-08
plot_10366,7,0.09609552391512649,1,2.8006985436432903e-05,0.9039044760848735,4.63088409068997e-05,0.09019872555502301,0.005818651388747513,3.7943514123365986e-06,3.679360025903236e-08
plot_1037,7,0.670742983547084,6,0.2665312618230195,0.0011459755023675098,0.1677641642820033,0.07513923554238863,0.008383276050588948,0.15177907110566422,0.3292570156939679
plot_10371,7,0.09219695131883422,1,1.8404787280883208e-05,0.9078030486811658,3.508122931334998e-06,0.08447102879805722,0.007150493392286171,0.0005535156803968261,5.378818048732379e-10
plot_10372,7,0.0027333921625608106,1,5.271811157353272e-08,0.9972666078337504,7.068763523265082e-06,0.002448945545669606,0.00023186770177912184,2.0125601336169574e-05,2.533183582982231e-05
plot_10373,7,0.042782661852160536,1,1.4959687024408997e-08,0.9572173381477905,0.0002652584961032128,0.03616339668324184,0.0018326285564322091,1.0960570665748187e-05,0.004510402586079299
plot_10374,7,0.02639817709378204,1,2.60863341354069e-07,0.9736018229059605,0.00010563199561049706,0.023083061689968907,0.0008425043894480328,6.526777713415315e-06,0.0023601913779572395
plot_10375,7,0.019975087294210065,1,1.217151414905153e-06,0.98002491270579,2.2971635858858223e-05,0.019101121611545497,0.00019337804456460983,3.684871059558905e-06,0.0006527139797666483
plot_10376,7,0.010869460553810177,1,7.487406142440269e-07,0.9891305394461898,3.71037291704789e-05,0.009489953994309908,0.0004559117654076662,1.2621474800603556e-05,0.0008731208495072371
plot_10377,7,0.0038253777700465153,1,2.918620487747155e-07,0.9961746222297886,1.897954435878697e-05,0.003167120205383161,0.00040773038707653676,2.297667013886203e-05,0.00020827910120535696
plot_10379,7,0.07623012473700358,1,1.6753409967731532e-09,0.9237698752629964,0.001752309065209174,0.05074243514663811,0.008718547187313417,4.453582632305039e-06,0.015012378079869534
plot_10383,7,0.571305586110339,2,0.1288330762527741,0.11512333393690993,0.428694413889661,0.052720169213318555,0.11369643220081463,2.802424931208381e-05,0.16090455025720976
plot_10384,7,0.5740381344056906,2,0.0955222967896128,0.18466467044121576,0.4259618655943095,0.042489618106791326,0.12994205995767139,1.366430275768565e-05,0.12140582480764162
plot_10386,7,0.3901379069977077,2,0.013133762079315848,0.1258449791219861,0.6098620930022923,0.0432882697721371,0.14858799460034205,0.0006071745701193152,0.05867572685380734
plot_10387,7,0.8189461173476733,2,0.007306453007908156,0.32746815342045504,0.3818929260657328,0.06358831559003662,0.1810538826523267,0.004318987700126854,0.034371281563413805
plot_10388,7,0.36711871924807143,0,0.6328812807519286,0.07996853823184207,0.0018456444034639233,0.13240850303825139,0.030816596929323727,8.580737932825167e-16,0.12207943664518954
plot_10391,7,0.6082511095035921,2,0.09042626971652837,0.19212151520486337,0.39174889049640793,0.08331079833244659,0.16207470313021413,0.00038554185291248466,0.07993228126662721
plot_10392,7,0.8721886161912729,1,0.0018576542499804676,0.7489447329940089,0.11396765286286957,0.0041315140751620304,0.12781138380872709,0.001064062135264322,0.002222999873987635
plot_10393,7,0.17208601283210115,1,0.00450247850600941,0.8279139871678988,0.0740592385582277,0.002465831862625669,0.06457477613967938,0.00025603024151287066,0.026227657524046037
plot_10394,7,0.23885302978550282,1,0.0,0.7611469702144973,0.0015616340320575729,5.919339696867906e-09,0.23699765400242584,2.3944667079642946e-06,0.0002913413649718271
plot_10395,7,0.6495875861987943,1,0.0,0.648130718807302,0.001410205007309698,7.930828611244e-08,0.3504124138012057,4.157595813835198e-06,4.242548008264824e-05
plot_1040,7,0.6357665957022476,0,0.3642334042977524,0.009360239388055119,0.14076745613975525,0.01747298766707557,0.034477041168436216,0.17412571446939984,0.2595631568695256
plot_10400,7,0.2323057600988181,1,0.0022375463405002673,0.7676942399011819,0.13605949998363903,0.0032785633301861475,0.0480342302893247,8.755738988577798e-05,0.042608362765282196
plot_10401,7,0.27158501367248844,1,0.0004114657154893417,0.7284149863275114,0.11480370897826059,0.004429396591897662,0.04714751489044686,9.990779843842481e-06,0.10478293671655013
plot_10402,7,0.27408988485211283,1,0.00028459243524089515,0.7259101151478786,0.10289412618303248,0.010489965640611911,0.025597974207322204,7.856291578279185e-06,0.13481537009433547
plot_10403,7,0.7867771334623475,4,0.07876258151048984,0.07721861829760251,0.2073943083096378,0.0028782633734669473,0.3571784396135078,0.06334761149531366,0.21322017739998145
plot_10404,7,0.898994649666341,4,0.09811491513356649,0.06105745604735473,0.1120832287849122,0.0005082745737312721,0.3574988541282339,0.10100535033365896,0.2697319209985425
plot_10405,7,0.5412440431124742,4,1.3157052065087015e-05,0.2721165654299429,0.09764629579036604,0.00010605171568601854,0.4587559568875259,0.13065091723553512,0.040711055888879036
plot_10406,7,0.6099635949354357,4,0.002795566545217578,0.3238327258884729,0.05103636562963647,0.038311956584783875,0.3900364050645644,0.17838331261477236,0.015603667672552574
plot_10407,7,0.010535473718361511,5,0.009649735998599111,0.0,9.171632042485219e-05,0.0001482757844409764,0.0006447393977585838,0.9894645262816385,1.006217137998287e-06
plot_1041,7,0.6621450058049807,0,0.3378549941950193,0.0031693571401177675,0.20410331139208895,0.009205879803131672,0.0168673781891295,0.13117823743120402,0.2976208418493088
plot_10421,7,0.8142401960039016,1,8.73821236049263e-06,0.42498107147148323,0.18575980399609837,0.0,0.15907750012431435,2.083326408861736e-07,0.2301726778631027
plot_10425,7,0.6002977520303746,1,0.10396278248166235,0.39970224796608617,0.16372366843012762,0.09774738231332297,0.1734106557103386,0.027143875684434264,0.0343093874140281
plot_10426,7,0.5333268419116808,1,0.08593625910624278,0.4666731580881831,0.1311307355773473,0.09113136346576914,0.17045410274833472,0.02662122359654638,0.02805315741757661
plot_10427,7,0.8860095501139134,1,0.0709073443897068,0.3030426420864968,0.2678002631378274,0.1139904498860866,0.16687081650528995,0.007900069987010417,0.06948841400758204
plot_10428,7,0.68560801418034,2,0.25964467439968003,0.027133854661687586,0.3184143891414013,0.028767418435077123,0.051645757235844914,1.920306648863023e-06,0.31439198581966005
plot_10430,7,0.06011828762941668,1,0.0014308357569556742,0.9398817123705411,0.019356829026840813,0.001939101435371425,0.027913840174364896,1.8964859449533606e-09,0.009477679339440145
plot_10431,7,0.12311368038663617,1,0.00045003888237492225,0.8768863196133638,0.03342895623647745,0.0024910877146998092,0.057644088171494384,1.3552461041258491e-09,0.029099508026343517
plot_10433,7,0.43668850683990484,1,0.006487314940664813,0.5633114931600952,0.18063111769238346,0.07374795641731231,0.15290779439338334,0.008736668970002933,0.014177654426158023
plot_10434,7,0.4058912424507071,1,0.015199951766999124,0.5941087575481117,0.14405562724195808,0.06502494640574681,0.14777600621108436,0.017170943319358895,0.01666376750674095
plot_10435,7,0.40422691754822865,2,0.045969905135035315,0.10939625118209413,0.5957730824517714,0.03688522795104361,0.14457628216475862,0.00028032528313807543,0.06711892583215898
plot_10436,7,0.45777111995058056,2,0.0583247184728556,0.11452306240608981,0.5422288800494195,0.05048990813525675,0.14658546043905948,0.0004132361266871409,0.08743473437063172
plot_10437,7,0.4534448572308233,2,0.019814899332788363,0.13633411268776063,0.5465551427691767,0.05522301208577826,0.16229672960275532,0.0007290237024832601,0.07904707981925743
plot_10438,7,0.809066449103953,1,0.023674504136837953,0.32317775980104935,0.3170896164400845,0.07805312198795454,0.19093355089604705,0.004308056413702056,0.0627633903243246
plot_10439,7,0.453993172330412,1,0.03943620060910945,0.5460068276694047,0.129115717132973,0.08205420321077796,0.1568198820128914,0.019430482895173982,0.02713668646966952
plot_10445,7,0.10737102816339072,0,0.8926289718366093,0.02225944186155538,0.0,0.0,7.086519527006912e-13,0.05658360715134485,0.028527979149781835
plot_1045,7,0.24968460986939875,1,0.05746154534039341,0.750315390130486,0.06338462648206351,0.005308138686158149,0.08987483150377167,8.013353570830794e-05,0.03357533432141879
plot_10466,7,0.3780550007552045,2,0.013478966483516094,0.12455601870631432,0.6219449992447955,0.04180104312294537,0.14230637590913534,0.0006143658753033239,0.055298230657990055
plot_10470,7,0.8860752427550196,2,0.04836659067379486,0.13427200064647257,0.4777222766392653,0.07473026139790367,0.1499707401539058,0.0010133732436773627,0.11392475724498057
plot_10473,7,0.15500598475464236,4,0.030690815163329485,0.0004167522660093399,0.07277603728819529,0.01052533276875487,0.8449940152453577,0.04058272720478491,1.4320063568482513e-05
plot_10474,7,0.08753300321905264,4,0.00701312090207097,3.0385391447883742e-05,0.02869120272581807,0.005665089040136035,0.9124669967809473,0.04611681814205535,1.6387017524300568e-05
plot_10475,7,0.016439350871861564,5,0.013991560437746641,0.0,0.00014175792293537052,0.00021203060352320088,0.0020464135546051886,0.9835606491281385,4.7588353051182486e-05
plot_10476,7,0.6496727624758154,0,0.48567193294199607,0.12789688611467007,0.0,0.0,2.0501398832826566e-11,0.3503272375241845,0.03610394339864796
plot_10477,7,0.43935294050439805,5,0.05063376876797485,0.23057019975042342,0.04401390221690763,0.03080015736472142,0.044881400736996875,0.5606470594956019,0.038453511667373805
plot_10478,7,0.7295205828142871,1,0.03242153875259383,0.45803736090220915,0.09485959023773141,0.06802449166957833,0.01657643222904771,0.2704794171857129,0.059601169023126684
plot_10479,7,0.36300998489005054,1,0.014835712578756616,0.6369900151099495,0.05414977082728103,0.060214068359916606,0.024087732417197843,0.1749315241545187,0.0347911765523797
plot_10494,7,0.08730441575411389,1,1.2726137914720827e-05,0.9126955842456385,0.0013381146397237178,0.06884860858236712,0.014435276582462282,0.00265567371118969,1.4016100704136395e-05
plot_10495,7,0.829951180518535,1,0.007720324858529917,0.49000918321331377,0.2426347276319075,0.035593918537156564,0.17004881948146508,0.05351188574565406,0.0004811405319732394
plot_10496,7,0.4823516295535447,1,0.004832697012059791,0.517648370446435,0.23340375969265797,0.08094890429184393,0.13302491522357404,0.02459531897096709,0.005546034362462234
plot_10497,7,0.37750238297944744,1,0.025335869102398798,0.6224976170205526,0.053487047549910155,0.024125001970856458,0.1466081597726304,0.12790785489170017,3.8449691951491565e-05
plot_10499,7,0.8167644809086545,1,0.052275943027136,0.3606799019824921,0.30003620384791385,0.038361205564061154,0.1832355190913456,2.3584274958032684e-05,0.06538764221209326
plot_10500,7,0.34303804838769797,1,0.013438824279405074,0.6569619516122878,0.1440271556711387,0.017389394102886306,0.15170855467717134,1.3690334674909359e-05,0.016460429322435844
plot_10501,7,0.6434163689760068,2,0.0863257778313503,0.05009687149265116,0.35658363102399304,0.05320341197563919,0.2620808727176919,1.972801199858673e-08,0.19170941523066243
plot_10502,7,0.7814791649122165,2,0.10487909440780754,0.08650092217059153,0.30956102519979106,0.07956176357206333,0.20097633425587924,2.5306083785158132e-08,0.2185208350877835
plot_10503,7,0.2957399648261307,4,0.02120199315264826,0.03249527681826522,0.05854006241494115,0.0020221959905139825,0.7042600351738694,0.00022133087248955765,0.18125910557727257
plot_1052,7,0.5162567970581224,2,0.0003928823054529066,0.06786002760060665,0.48374320294187756,0.00032846208060070245,0.0037998281691175835,1.8287672160255938e-13,0.44387559690216183
plot_10521,7,0.19008685657848728,4,0.012968391188301264,1.566682787464221e-05,0.03944116260537462,0.01510362535121813,0.809913141717571,0.12252988147926523,2.813083039506841e-05
plot_10522,7,0.09896531923323425,4,0.008126492305322761,4.7591070922147155e-05,0.02393803160611075,0.010483055725049099,0.9010346807667657,0.056188682011517235,0.00018146651431225316
plot_10527,7,0.03386160425396182,5,0.025224510409275595,0.0,0.000615378162573428,0.0003986488941356916,0.007131454980479229,0.9661383957460382,0.0004916118074979206
plot_10528,7,0.02545565155676855,5,0.018164545899012112,0.0,0.00044616328315948107,0.000427706911107658,0.006108910685030489,0.9745443484432315,0.0003083247784588176
plot_10529,7,0.14427680028549061,5,0.03234469550706383,0.06413823901372524,0.011276138906597226,0.006713173597850505,0.016676270085220515,0.8557231997145094,0.013128283175033298
plot_1053,7,0.25849998426058074,1,0.06836870265469404,0.7415000157394193,0.07623780595026958,0.007885180329083545,0.08248673273172419,2.029286133220697e-05,0.023501269733477194
plot_10530,7,0.5319646523128249,4,0.03487539388045677,0.030068496262786255,0.3272582411056636,0.0017937756832659487,0.46803534768717514,0.029915927241560253,0.10805281813909204
plot_10531,7,0.609206754705443,3,0.00012548660443679154,0.11817735523282091,0.0008315872616407899,0.39079324529455695,0.27135574273120516,0.09526604424991873,0.12345053862542071
plot_10532,7,0.0028236337426988264,5,0.002492674353645305,0.0,1.5766179592908956e-05,1.7778181584047184e-05,0.0002898190644488336,0.9971763662573012,7.5959634277745085e-06
plot_10533,7,0.00439522132833862,5,0.003781602400740163,0.0,3.040076022339195e-05,2.7200138950702768e-05,0.0005377110790066048,0.9956047786716614,1.8306949417793543e-05
plot_10534,7,0.8131806622473838,3,0.0008436360609004299,0.1640640405016362,0.0007891629797383624,0.4026751624712217,0.20585075441802253,0.03895790581586467,0.18681933775261617
plot_10535,7,0.5016801618010462,4,4.0876411507731475e-05,0.1493840346284656,0.04895551062137339,4.526712585765962e-05,0.4983198381989537,0.261003817572022,0.04225065544181987
plot_1054,7,0.04419779528771279,1,0.012358263813781144,0.9558022047118815,0.001992896073542625,0.004688922716134118,0.00787643486572994,0.004573805693696927,0.012707472125233802
plot_10540,7,0.5368214486840277,4,0.019060810801633712,0.2803569803293443,0.09724383713262458,0.07769058519623087,0.4631785513159723,0.05955587696889388,0.0029133582553003265
plot_10541,7,0.43314437881479556,4,0.01770872575958218,0.18162120738821788,0.15177271039260956,0.04219236287917096,0.5668556211852045,0.03160894678114818,0.008240425614066843
plot_10542,7,0.5125023525157669,1,0.007107251633101538,0.4874976474842331,0.09070937377466952,0.09854895975459607,0.2642247910318624,0.0382094383245915,0.013702537996946044
plot_10543,7,0.11824402185226776,1,0.00342525666025448,0.8817559781477322,0.02838854606507496,0.0006980899175349868,0.056169217748138385,0.029562882864597302,2.8596667645993056e-08
plot_10549,7,0.30388182891039284,1,0.011049807984508091,0.6961181710896072,0.13439871459392505,0.020768406331702134,0.12922183464661216,6.683661166224355e-05,0.008376228741983058
plot_1055,7,0.04195164574328253,1,0.015151789247803773,0.9580483542566326,0.0014447651746726667,0.010504778279074582,0.005300724403821637,0.0029706161346764806,0.006578972503318289
plot_10550,7,0.4361728541912936,1,0.024805578346511568,0.5638271458087065,0.22804428674943766,0.052945925362293284,0.11640088196632087,0.0007423485168989255,0.01323383324983135
plot_10551,7,0.3553064146980544,1,0.0156064521928147,0.6446935853019456,0.17460345158711824,0.0328211047432454,0.12338870420530508,0.0001891110667114121,0.008697590902859601
plot_10552,7,0.17141641643720454,1,0.0002106660704687054,0.8285835835627955,0.13663888267366534,0.004603660502802791,0.014871821262350031,1.70381255130183e-05,0.01507434780240467
plot_10567,7,0.8091692241072127,5,1.9581225289763463e-05,0.1321791661830503,0.002046903816333458,0.19083077589278732,0.07209343577030476,0.6022641515275542,0.0005659855846802554
plot_10568,7,0.35081822885761593,5,5.9367811891384285e-05,0.13573961670325332,0.002254312114470386,0.13197803159648688,0.08064356056852291,0.6486363371288748,0.0006887740765002837
plot_10584,7,0.77694628634763,4,0.042270996075342085,0.07277250750184933,0.08523949411131904,0.031967365726990445,0.41657134219073233,0.22305371365187318,0.1281245807418936
plot_10589,7,0.5635641888431066,4,0.00011226481695322831,0.06186673461221863,0.030473657709296012,5.6083135431339617e-05,0.4364358111568935,0.43168496071929163,0.0393704878499157
plot_10590,7,0.48675317125666595,4,0.07503589776817063,2.70261112275803e-06,0.1809844829447325,0.025660158818932875,0.513246828743334,0.1507950152912635,0.054274913822443746
plot_10591,7,0.38835806495243125,1,0.09091671269470385,0.611641935047546,0.06056239755912056,0.015674672663714213,0.2025341521952313,0.0026738342882491467,0.015996295551434815
plot_10592,7,0.25518396184003755,1,0.10577703050727558,0.7448160381599624,0.009131667354781962,0.051615375964388685,0.08665618605232722,0.00030867047916171685,0.0016950314821023674
plot_10593,7,0.25042895683091965,1,0.04445791965717139,0.7495710431689724,0.0012059356656333776,0.12095697962349536,0.08363214912190566,2.5630572722083422e-05,0.00015034219009969166
plot_10594,7,0.28686352970221524,1,0.06712300912083953,0.7131364702977847,0.0028984004008175946,0.10373136822178075,0.11255627079594954,9.621108570902339e-05,0.00045827007711884125
plot_10598,7,0.005102174155400227,1,1.014820010906453e-07,0.9948978258444239,0.00010006005965624652,0.0028039533588976712,0.001814382714964309,0.00015407802679794362,0.00022959851325884712
plot_10599,7,0.01574843944755114,1,1.3855623094858728e-06,0.9842515605514841,0.0006873420679917063,0.005505501037810832,0.00797400372230574,0.0007824251726455699,0.0007977818854526452
plot_10600,7,0.0185440379621931,1,1.6716015930277706e-06,0.9814559620378069,0.0008229619063297776,0.006416854696965099,0.009409583195664453,0.0009238899297115691,0.0009690766319292079
plot_10601,7,0.018654937388190032,1,1.8371997934877017e-07,0.9813450626116592,0.0005190947347417569,0.009411781235528622,0.0061843173924380586,0.0003133264045082799,0.0022262339011446712
plot_10602,7,0.03538797049445877,1,3.399884568533957e-08,0.9646120295035667,0.000864432636926452,0.018815422778610952,0.005762959554740295,6.450491475403428e-05,0.00988061661255583
plot_10603,7,0.05817600469710735,1,2.8145671401289804e-09,0.9418239952999994,0.0011318444857024207,0.03733922967004255,0.006682006546597641,1.4155458815265306e-05,0.013008765724275645
plot_10604,7,0.12692399235065782,1,0.001818618875641398,0.8730760076493422,0.07261910350202824,0.003074539281993073,0.04500133237365671,4.455218661763681e-06,0.004405943098676694
plot_10605,7,0.2854952579878122,1,0.015161429489534074,0.7145047420121878,0.13894154421136679,0.009467656576452451,0.10063146763609866,1.1091209226663297e-06,0.021292050953437634
plot_10606,7,0.12930482605867952,1,0.00032433319757389756,0.8706951739413205,9.623660929802705e-05,0.12272639803908167,0.0019513492981768144,0.004206505962612388,2.951936701951559e-09
plot_10607,7,0.12853602272238637,1,0.0012888819167711928,0.8714639772776136,0.00034541167704505235,0.11161972110792891,0.005525776739039635,0.009756226944232681,4.3373688362274655e-09
plot_10608,7,0.054568929321792276,1,2.11867103697566e-06,0.9454310706782078,4.358961282693316e-06,0.052881088534796845,0.0016394334712546321,4.186730829154092e-05,6.237512962192982e-08
plot_10609,7,0.1055063567245265,1,6.824028861959624e-05,0.8944936432737054,0.008167417677816615,0.028900319443845534,0.05679862233127968,0.011499028117318571,7.272886741460497e-05
plot_10610,7,0.6213440151579976,5,1.6784019202063978e-05,0.02920692136190729,0.0002791404552331647,0.28178027035039305,0.2901331947733234,0.3786559848420024,0.01992770419793873
plot_10611,7,0.16145030688990203,5,0.015358431614179147,0.024372722093152693,0.0001373087647998842,0.00019226801299872156,0.1210954483873317,0.838549693110098,0.0002941280174398998
plot_10612,7,0.09726954314299242,5,0.006884594965173591,0.011088217786187324,0.0002070426659462638,0.0005523909594439462,0.07816377226697427,0.9027304568570076,0.0003735244992670522
plot_10613,7,0.04039231909091834,5,0.009904530546737515,0.002232429141867944,4.227506621180166e-05,0.004021939995423514,0.023544550693162428,0.9596076809090817,0.0006465936475151465
plot_10614,7,0.041901337219366994,5,0.005974976564085915,0.0027336211684666724,9.149390819229162e-05,0.0011147062515074117,0.031753765250423636,0.958098662780633,0.00023277407669111634
plot_10616,7,0.24595201016556262,4,0.06343844705387526,0.07832012792261737,0.018431616581159545,0.04190927097455859,0.7540479898344374,0.0009795046070989336,0.042873043026252965
plot_10617,7,0.19019368541287313,1,0.08876607431973302,0.8098063145730283,0.006392266897609553,0.03927263991650383,0.05100688576781642,1.5398717287458248e-05,0.004740419808021358
plot_10618,7,0.7028494387990226,1,0.03261249070561046,0.44175028893636165,0.07610490410777854,0.29715056120097755,0.14164075854661126,0.009275949941282216,0.001465046561378518
plot_10620,7,0.23531493053284172,5,0.004852468825057941,0.061362110831397275,0.0020105373007750123,0.006921293441133075,0.15823116004749432,0.7646850694671583,0.0019373600869841373
plot_10621,7,0.7537451902078481,4,0.001381682869309276,0.2462548097921517,0.01694447494928909,0.023334563937858977,0.37386587766952145,0.32612617551327816,0.01209241526859135
plot_10622,7,0.5502459510038662,2,0.02956512292032564,0.024268326891321114,0.4497540489961338,0.017737763671709504,0.0733199185043756,0.0016311768688936621,0.40372364214724077
plot_10623,7,0.5793521580513075,2,0.018699159123655766,0.03798242242632377,0.4334720880133164,0.024355010461191776,0.061798979969933665,0.003044498056886071,0.42064784194869265
plot_10624,7,0.46120295916758813,6,0.00558471643993094,0.018588764224568417,0.22787653412939793,0.034599484142847144,0.1743454299834713,0.0002080302473725044,0.5387970408324119
plot_10625,7,0.5820465360933813,6,0.021165156154200317,0.016047756023511644,0.4179534639066188,0.018426178331855295,0.08859283038785502,0.0014314610337674998,0.43638315416219153
plot_10626,7,0.8095405599112441,6,0.012578751525935974,0.007288047125857991,0.26534263439965483,0.01859187331962671,0.19045944008875595,0.0005940674542565485,0.505145186085912
plot_10627,7,0.4856392524449116,6,0.005526370178117617,0.01340875720004437,0.27334809828667395,0.03244205529711156,0.15991589650224322,0.0009980749807208754,0.5143607475550884
plot_10630,7,0.592984093538345,4,0.009422146588183036,0.15668144744995602,0.03246684325723438,0.013187158868842723,0.4070159064599461,0.3342880089787077,0.04693848839713009
plot_10631,7,0.5062841800191744,5,0.12049117256557215,7.530548220296605e-08,0.007989156698134764,0.04754886519147356,0.325758020106443,0.49371581998082564,0.0044968901520686675
plot_10632,7,0.7721993079704491,4,0.06430005590871181,1.352909038152351e-05,0.22780069197692815,0.007664291230371122,0.4072334953128999,0.186229531151034,0.10675840532967339
plot_10633,7,0.8598397763311901,4,0.1796736794620421,0.0003387374768774925,0.13381508719667617,0.00897086169759348,0.40351507412217363,0.14016022366881,0.13352633637582717
plot_10634,7,0.8054829081354115,4,0.19451709186458446,8.782203365543154e-05,0.13009135759240956,0.01930645876864006,0.4343467747100558,0.12262452395174296,0.09902597107891177
plot_10638,7,0.24013128968227423,1,0.07320452038179366,0.7598687103177257,0.005894677306809098,0.0693894694872848,0.09040950888788347,0.00016783491831879466,0.0010652787001844365
plot_10639,7,0.875905738371562,1,0.12409426162843791,0.6948431660272111,0.02269008691607405,0.028566589901278007,0.12341314081973076,0.0013844347269042633,0.005008319980363866
plot_10640,7,0.24162563348718868,1,0.09187602437472556,0.7583743665127984,0.02149734056048909,0.026811528347304936,0.09634483360266069,0.0004627138085253111,0.004633192793495912
plot_10646,7,0.20759520183030164,1,0.006884849796173611,0.7924047981696984,0.0937524449853368,0.007438681233131554,0.08981661249902749,2.4213243536079796e-06,0.009700191992278616
plot_10648,7,0.12923532607072946,1,0.00017881684774872638,0.8707646739292693,0.10895535707786416,0.003074904941320084,0.010048742588588204,5.087673319766382e-07,0.0069769958478776
plot_10650,7,0.12165162562585036,1,0.0003488730503931352,0.878348374374128,0.09789200741212606,0.002668563560490243,0.014716883755208233,7.235696250898713e-07,0.006024574278029183
plot_10651,7,0.5377176070359904,4,0.10395634286079326,0.02880594911998134,0.36605422292332257,0.0012605159087660802,0.46228239296400964,0.007661366395823726,0.029979209827303385
plot_10652,7,0.42013647887003164,4,0.03824870372341964,0.15146206526607758,0.18172424349894217,0.0007367550960423862,0.5798635211299684,0.02470519020768621,0.023259521077863665
plot_10653,7,0.41389498359683324,4,0.0499816425815365,0.02775780625987162,0.24525450651760952,0.0001771541806760324,0.5861050164031668,0.014974809393687026,0.07574906466345253
plot_10657,7,0.8536248703110454,1,0.025944976782000403,0.38019632831628414,0.23410655404734187,0.003069927593153981,0.14879992206260795,0.061507161509657036,0.1463751296889546
plot_1068,7,0.557774053771319,6,0.0015429829117992082,0.1672647688197988,0.3791711811477454,0.0008324999359498677,0.008962618409190222,2.5468354176107642e-09,0.4422259462286811
plot_107,7,0.11441441020970454,1,0.0010834367288900765,0.8855855897902256,0.0010536994665924942,8.127313279477478e-05,0.1116187343146621,5.03900997920855e-10,0.0005772660629338269
plot_10706,7,0.30859762240727495,4,0.017471453796737545,0.03366764486987479,0.0641613062334665,0.0019620388522804044,0.691402377592725,9.079011324051275e-05,0.19124438854167525
plot_10707,7,0.7613350921232269,4,0.020948328086804406,0.04111489883432693,0.07186951986528678,0.004484405271153699,0.6228866820023233,3.125806333180856e-05,0.23866490787677302
plot_10708,7,0.29207949167865466,4,0.0188017884119143,0.031232306187127065,0.06313698444494126,0.001766237777729444,0.7079205083213453,0.00017683766368008176,0.17696533719326257
plot_10709,7,0.4099147918732604,4,0.14516483262010874,0.04481599455741923,0.0019009405642734347,0.0026591330421869654,0.5900852081267395,0.1868203112623498,0.028553579826922235
plot_10710,7,0.8148706823031235,4,0.14345335053382563,0.08959074967287181,0.0036760244895289477,0.010507627362454378,0.5304818471560141,0.18512931769687643,0.037161083088428706
plot_10711,7,0.3308434836569616,4,0.0897417415406796,0.02408976624438581,0.008718599009780522,0.001133080407654821,0.6691565163430384,0.13413805242100896,0.07302224403345195
plot_10712,7,0.8240588264822981,4,0.13341941362593066,0.003603326746330105,0.07853440485841495,0.00020584881733474325,0.5509993639782692,0.057296468456018476,0.17594117351770192
plot_10713,7,0.2848860459089072,1,0.0019957053139623713,0.7151139540910928,0.009508618312338478,0.13607025417461097,0.026056489190370423,0.11125353926835424,1.4396492707520437e-06
plot_10714,7,0.8058953551598205,1,0.001812290085777092,0.7164808334938476,0.0036978122100029334,0.19410464484017945,0.01880983722085383,0.06509450924375258,7.29055865368187e-08
plot_10715,7,0.2829578680743675,1,0.005423442493784956,0.7170421319256325,0.00969758528614834,0.11294329205863536,0.041941631477164155,0.11295158260147795,3.3415715674074167e-07
plot_10716,7,0.3037998339850036,1,0.013545791785008289,0.6962001660148474,0.013954468859456266,0.07638968710439273,0.07633236131173451,0.12357592327394692,1.6016506139063697e-06
plot_10717,7,0.22195049390554739,1,0.07559434554540363,0.7780495060944527,0.001304678556538929,0.0005732257770163777,0.01569945545817421,0.12877478695862207,4.001609792322203e-06
plot_10740,7,0.7903349372770303,4,0.0962759726032448,0.20966506272284857,0.006132960580249495,0.07449711179372034,0.32261942048965775,1.8339312458831325e-12,0.29080947180844513
plot_10741,7,0.722174591325605,6,0.08623164291117498,0.1814499286818038,0.006333268857157057,0.08428818146745688,0.2777939823619505,1.5494084320946487e-09,0.3639029941710485
plot_10745,7,0.37068950971370396,4,0.07255514822194419,0.007499669356977652,0.03368779519245207,0.00019980508586008288,0.6293104902862962,0.06718231646092492,0.18956477539554512
plot_10746,7,0.3770396372672843,4,0.07367825102505467,0.016769147770164562,0.028374905659724912,0.0009401549990726014,0.6229603627327157,0.0874656140524861,0.1698115637607815
plot_10753,7,0.8667521598743502,1,0.07826122523446617,0.4418692190062037,0.27536407337706736,0.04230324476731364,0.13324784012564975,0.014174026627061857,0.014780370862237435
plot_10754,7,0.20361995686568463,1,0.00046579350736006015,0.7963800431343024,0.09033672840457621,0.006335966906470121,0.018975406994966842,1.4002781601540177e-05,0.08749205827072284
plot_10755,7,0.6353707388719102,5,0.0016760301498828926,0.19350459812413615,0.014548052031750339,0.011041068178528221,0.3646292594157175,0.40257746922087967,0.012023522879105408
plot_10758,7,0.12528234337491637,5,0.051965424814765744,0.002036156943577384,0.0006961076903840458,0.04485025800646544,0.015189353573951044,0.8747176566250836,0.0105450423457727
plot_10759,7,0.09145816635946903,5,0.0030821484671066882,0.004934792854398168,0.0018744773425532631,0.0011287876342681792,0.07787270654925108,0.908541833640531,0.0025652535118916454
plot_10765,7,0.5834286887335252,6,0.1330808406288426,0.10766771812536297,0.01227203921590279,0.12487723121999221,0.20553083674076217,2.2802662467198367e-08,0.4165713112664749
plot_10766,7,0.5923848376708025,6,0.1163587573296503,0.042441295358522056,0.05115745017439889,0.10292415730405553,0.2795031758430393,1.661136560305074e-09,0.4076151623291974
plot_10767,7,0.5465679014134556,6,0.08646589273371157,0.08814285569688814,0.014026124373245161,0.16103524281836373,0.1968975683736056,2.1741764137379076e-07,0.45343209858654443
plot_10768,7,0.8622600725433618,6,0.0980498888134443,0.10953227300019648,0.012901685300011132,0.1377399274566383,0.31644816384771174,2.004980756378025e-09,0.32532805957701744
plot_10775,7,0.7426038114338787,1,1.5612804314745874e-05,0.4432200420846841,0.23717069838420562,0.045957182054256064,0.016240024871607268,2.512348109089698e-07,0.2573961885661213
plot_10776,7,0.33890741314313527,1,0.0002871083290688016,0.6610925868568648,0.1569329587022518,0.004304071084450774,0.07128114508913316,7.715011084674958e-06,0.10609441492714615
plot_10777,7,0.2763584879227426,1,0.0010007809990578763,0.7236415120772574,0.15768201212219815,0.0045964341678981484,0.05779516337656734,3.86177154868262e-05,0.05524547954153431
plot_10778,7,0.36000641363228414,1,0.0009393632399169582,0.6399935863677159,0.23663913185642732,0.009515314529681629,0.07147295911234125,3.632526423812368e-05,0.04140331962967886
plot_10779,7,0.3788415788736347,1,0.000934664337338264,0.6211584211263653,0.27214742292119654,0.015528172947246299,0.0631669619903952,3.82912383250114e-05,0.027026065439133464
plot_10780,7,0.5903079199839807,2,6.25858421285877e-07,0.24072114227608055,0.4096920800160193,0.08040810911356208,0.00341129498777,4.138574681565667e-08,0.26576670636239996
plot_10781,7,0.8718500594087303,1,4.2935018906613865e-05,0.8505729595009375,6.436111303068292e-05,0.1281499405912698,0.021143860938147182,2.5938571360143596e-05,4.266348305137417e-09
plot_10782,7,0.8808397493662403,1,0.0011733889773475595,0.8586644924742979,0.00042946328222894436,0.11916025063375979,0.006990541621223418,0.013581476282685953,3.8672845656913513e-07
plot_10783,7,0.2281732023503409,1,0.00046758477575993773,0.7718267976493877,0.0008256750453650537,0.20228845188499223,0.005670110082458698,0.018921376316005597,4.2460309434362395e-09
plot_108,7,0.7409264302343541,6,0.12814075990964394,0.07686851616549509,0.25907356976564583,0.0714872420819281,0.12516379322526697,1.1784878076516825e-06,0.3392649403642125
plot_10810,7,0.16533317768942551,1,0.00011479422484212597,0.8346668223105744,0.13706095656897446,0.0063001088036750835,0.007232746043253371,4.176827722450329e-07,0.014624154365908124
plot_10811,7,0.2267542747930804,1,0.00011998816193967343,0.7732457252069196,0.000291560279447783,0.21576434421545165,0.002540430956278392,0.008037771976005269,1.7920395765093865e-07
plot_10812,7,0.035738912840907265,1,0.000856186875030133,0.9642610871590928,1.6274537947656534e-05,0.023190416504634683,0.0023473785738153904,0.009328625570773274,3.077870615827852e-08
plot_10813,7,0.01004763975957355,1,5.49308252810629e-09,0.9899523602404264,0.0003625967669975842,0.0050906458454906605,0.0014117190263356755,0.003146015448273081,3.665717939400372e-05
plot_10814,7,0.012570011485782974,1,1.492236776859637e-09,0.987429988514217,0.0003801595126203141,0.0028635256615475073,0.0033290933720459747,0.0059371043965182405,6.012705081417095e-05
plot_10815,7,0.017586379682126563,1,4.261573971098256e-09,0.9824136203178735,0.000385477640004397,0.005180806391137543,0.0004918821226560461,0.011327682902554858,0.00020052636419979868
plot_10816,7,0.04626171235039204,1,3.144546819026734e-20,0.953738287649608,0.0015670129392363413,0.024948217050797663,0.00018486058844581902,0.018789000386665467,0.0007726213852467893
plot_10817,7,0.08835673088026885,1,0.00018869556703523402,0.9116432691185723,0.008793183686801154,0.07629311779533361,0.0009872917149018699,5.6872991377167466e-05,0.00203756912597878
plot_10822,7,0.31672174332517095,0,0.6832782566748291,0.022491362683838043,0.006209980519112464,0.07443506884951284,0.03981497733510451,2.090884027368865e-11,0.1737703539166943
plot_10845,7,0.5130934609548091,6,0.12233840485268116,0.1658008714670511,0.017313443507854763,0.04386970547120074,0.16377102592084058,9.735180781426371e-09,0.4869065390451909
plot_10846,7,0.10949905406669574,1,0.0012726773410119405,0.8905009459333043,0.0725959755380106,0.0020549722475995506,0.029197359127282597,4.775947427134568e-07,0.004377592218048375
plot_10847,7,0.12481089154381447,1,0.0021315857072361903,0.8751891084561856,0.0664731942052721,0.002775208857642474,0.048960976368510586,3.917846726519805e-07,0.004469534620480492
plot_10848,7,0.7515058847443352,1,2.052424126465268e-05,0.6808415884909182,0.24849411525566484,0.016955110544761103,0.003778515414046633,1.5043152755028923e-06,0.0499086417380692
plot_10849,7,0.19539654667154974,1,8.651817879196871e-05,0.8046034533284503,0.16156796035876314,0.007170822386326728,0.0063756426415157875,1.1190615103730066e-06,0.02019448404464179
plot_10850,7,0.26321324644353533,1,7.665061576592949e-05,0.7367867535564647,0.18905493168330217,0.010513040554635408,0.010514010164010134,1.8552713360653525e-05,0.05303606071246106
plot_10851,7,0.33173402716742656,1,2.464520602447441e-05,0.6682659728325734,0.22428386002100067,0.017807322881844237,0.0057522660942336086,1.702346480104284e-06,0.08386423061784332
plot_10852,7,0.6823554493409985,1,6.068836997006289e-06,0.5045729094790357,0.3176445506590015,0.04405440541008695,0.003414157168436856,4.903599745925656e-07,0.13030741808646742
plot_10854,7,0.5450155800836055,4,0.13861847063064062,5.364380389356324e-05,0.11455078458999292,0.04214103844255735,0.45498441991639454,0.02159807394764991,0.2280535686688712
plot_10855,7,0.04623021937967834,1,1.5829632259480574e-05,0.9537697806194044,0.00239412875072774,0.04297538391599652,0.00028490955683692625,0.0002195198716860687,0.0003404476530888226
plot_10856,7,0.015036881216184931,1,7.704153758531833e-07,0.9849631187837296,0.0004071827766703919,0.013561387690277692,0.0002405450357857846,0.0007879445498485706,3.905074831222917e-05
plot_10881,7,0.07406031074352326,5,0.02113075951122338,0.00688580094021204,0.00021332673898648383,0.012652224417699828,0.031340185078733505,0.9259396892564767,0.001838014056668034
plot_10882,7,0.47221987196110643,4,0.0009245195081313733,0.0809411841715385,0.20633508579992688,0.058475237177260025,0.5277801280388936,0.0002879652364993302,0.12525588006775035
plot_10886,7,0.39249465293727936,6,0.06228330237559047,0.04418244427035537,0.041104661043353426,0.1366622147623998,0.10826178462476059,2.4586081977625176e-07,0.6075053470627206
plot_10887,7,0.7822702905065939,6,0.10268588587790903,0.21772970949196338,0.012366836508525894,0.0338219005752992,0.22586696273535165,1.4440977667756883e-12,0.40752870480950676
plot_10888,7,0.47680545081888587,6,0.10787948661617108,0.1685699549172545,0.042002332904396235,0.0165058176203455,0.14184785875988087,8.376366670731661e-13,0.5231945491811141
plot_10889,7,0.015703862279127397,5,0.0070620184867555775,1.1414166488260818e-06,0.0002150236701971963,0.00033144053393373475,0.0007804408928778083,0.9842961377208725,0.0073137972787141944
plot_10890,7,0.005842346427403518,5,0.0039058861783641064,4.472037890292363e-06,2.5131556152359592e-05,0.00046220596925826624,0.0001884553431527879,0.9941576535725964,0.0012561953425856678
plot_10891,7,0.8414730655844223,4,0.19770312463288087,2.1583902853357435e-05,0.1585269344155778,0.013282218483955449,0.35462766148700864,0.061715646708567426,0.2141228303691564
plot_10892,7,0.5463882995007507,4,0.24698415833278636,0.00026796782247852846,0.1103021251240023,0.01979303791111145,0.45361170049924926,0.01112074805238673,0.15792026225798544
plot_10893,7,0.7021451589780827,4,0.14421295465016717,1.8886500529216092e-05,0.11856513489118681,0.025150292514547735,0.3676606490064183,0.04653724141523344,0.2978548410219174
plot_109,7,0.37417670037379597,4,0.005595879196854331,0.13697886246459343,0.10522163722369265,0.10755482076026575,0.6258232996262041,0.01841430943792,0.00041119129046986673
plot_10900,7,0.8932489152803772,1,0.00010919034169798823,0.46372470945141064,0.2967404970565974,0.011070276240170594,0.10675108471962286,2.353526377249088e-06,0.12160188866412341
plot_10906,7,0.6287623272805316,6,0.007288475176879319,0.22413167584844312,0.293720870305236,0.0,0.10345274516380489,0.00016856078616820324,0.3712376727194685
plot_10909,7,0.2605805492448136,1,1.3903264841691254e-10,0.7394194507546694,0.02187216232518066,0.049342233495852594,0.08900733911238404,5.405979101264877e-05,0.10030475438186796
plot_10910,7,0.8509639193182006,1,1.659740738809492e-16,0.625116078956732,0.026911760065192428,0.059785339403299234,0.13885865622434868,0.0002920846686280649,0.1490360806817994
plot_10911,7,0.8320886629793672,1,3.599894696842623e-16,0.5306825106964017,0.07318642422260957,0.10923109316377612,0.16791133702063263,0.0021307120909753426,0.11685792280560423
plot_10912,7,0.10002334588579555,5,0.019185300551522105,0.01439523881272605,0.00043099489997185716,0.011979931786122427,0.05209557946004781,0.8999766541142045,0.0019363003754053283
plot_10913,7,0.1411486108913651,5,0.0017096708905775413,0.010279887679349366,0.003430943223720908,0.0005437179244221588,0.12034229058091048,0.8588513891086349,0.004842100592384666
plot_10916,7,0.7241267523748532,1,4.195400377061847e-07,0.582530898798079,0.08283025204358735,0.026567635282251596,0.27587324762514664,0.031747423616263766,0.00045012309463387525
plot_10917,7,0.08784218576565832,5,0.003318689056545116,0.005155093747400529,0.0015855056235336746,0.000967157374493599,0.07464339397295851,0.9121578142343417,0.0021723459907269276
plot_10918,7,0.060982875615674885,5,0.015249481253378357,0.0022204525714520393,0.0004309536892828915,0.008878167368088212,0.032446791340270516,0.9390171243843252,0.001757029393202927
plot_10930,7,0.5509940814382226,2,0.00010999322886707644,0.3482239652448015,0.4490059185617773,0.03959823005568303,0.09805676780456105,3.33481451019708e-06,0.06500179028979979
plot_10931,7,0.5183170048786759,2,8.717445697362232e-05,0.32583118623803226,0.48168299512132406,0.049448873655716694,0.09404589432881881,3.3144124104588423e-06,0.048900561786724125
plot_10932,7,0.5833724682827088,1,0.00015598121583353775,0.43044799954855606,0.4166275317172913,0.027454032808110096,0.08810679957273353,3.944742688660994e-06,0.03720371039478686
plot_10933,7,0.4709467426921378,1,0.0003516388709497438,0.5290532573078622,0.3440235338767315,0.026818935632762875,0.07616854472568195,1.2817140607256579e-05,0.02357127244540456
plot_10934,7,0.2973476288745077,1,0.0016692732085308458,0.7026523711254923,0.19930717215323576,0.01927441162463575,0.05012934792685224,7.841386535766086e-05,0.026889010095895546
plot_10935,7,0.29495221924774306,1,0.0030006850303519773,0.7050477807522569,0.17732954628181616,0.02787629698526804,0.053738124948504815,0.0002422945587495294,0.03276527144305242
plot_10936,7,0.05719216426366518,1,0.0004826729465498995,0.9428078357363349,0.0008364492451765617,0.051628363361033366,0.00423084414170231,1.3368503188075308e-05,4.660660150015672e-07
plot_10937,7,0.889702840476923,2,0.08990001386645384,0.20730319344182485,0.3820749566629703,0.110297159523077,0.14109850572882557,0.0005873496494605676,0.06873882112738783
plot_10938,7,0.6834956118751992,1,0.05847413379507865,0.36941852595681446,0.31650438812480075,0.08208781228157985,0.1398978237246748,0.000479853130847183,0.033137462986204284
plot_10942,7,0.009939436252711063,1,3.1849088404645244e-05,0.9900605637471622,5.671648717254506e-05,0.00959028559632365,0.0002106936787231123,1.9558950954234847e-05,3.03324512596161e-05
plot_10943,7,0.011628216186741118,1,0.000523549120733509,0.9883717838098973,0.0010819339513495486,0.007785810276855392,0.0016039337895651878,0.0006283308168239867,4.658234774974007e-06
plot_10944,7,0.3749247641578607,1,0.05766853489787803,0.6250752358421393,0.19098407872007114,0.0009206506570010708,0.12501351240157593,0.00026786346797606916,7.012401335843481e-05
plot_10945,7,0.5827242572347892,4,0.02062450453371773,0.3210903141421835,0.05836209228640919,0.1022432747828916,0.41727574276521073,0.07734897193647068,0.0030550995531164736
plot_10967,7,0.34156558729263964,1,3.0757825358617507e-06,0.6584344126640189,0.056328231924540645,0.014870282929687523,0.25285545775761287,0.017407407722252945,0.00010113121935139273
plot_10970,7,0.8676459554326525,1,9.889618099781318e-11,0.43816226691953963,0.16454839140010155,0.13235404456734742,0.17959999256576456,0.0028098854024834344,0.08252541904586734
plot_10971,7,0.4050909812494056,1,5.493439815807362e-16,0.594909018750353,0.08116884054927986,0.08554664511448708,0.1512763468836961,0.0003793230704407285,0.08671982563174281
plot_10972,7,0.37094367607354145,1,2.3799788650724203e-16,0.6290563238691605,0.03440062914706396,0.06444591446453836,0.14401073486443172,0.0002586991561541851,0.12782769849865105
plot_10989,7,0.35891937221444703,2,0.030335297093225317,0.19906400741442937,0.641080627785553,0.02987110543246756,0.08323585945550972,0.0005211714823205083,0.015891931336494587
plot_10994,7,0.49069784140124184,1,0.059800745565048455,0.509302158586372,0.09231383917583512,0.10824698189479548,0.19140400935242594,5.791123992204223e-09,0.03893225963439906
plot_10995,7,0.6171026143774373,1,0.23526232159044638,0.38289738562215625,0.11394202536400183,0.08163992502423362,0.1001116112865533,5.165152882718889e-07,0.08614621459732033
plot_110,7,0.4104362207907773,4,0.006749761183291469,0.13162488589962779,0.176495591101228,0.08034641398087265,0.5895637792092228,0.013980786921989823,0.001238781703767618
plot_11003,7,0.3122173626385955,1,0.024788841287906958,0.6877826373614045,0.09682715887127104,0.058514743108614535,0.07115004928709305,0.002400307027588086,0.05853626305612188
plot_11015,7,0.3709636492711602,1,0.03265128913101453,0.6290363507288398,0.11677353117751921,0.05970347243847764,0.07222037389894867,0.003373287562483531,0.08624169506271659
plot_11016,7,0.3198162610300076,1,0.0061998543389088535,0.6801837389699924,0.09824091305178076,0.08590662471502782,0.06688489469239929,0.000431535611959717,0.06215243861993101
plot_11017,7,0.5646790603263242,6,0.10646325789880379,0.06033550607642519,0.015058315688624311,0.1838112365234157,0.1990107441390551,9.74687208640494e-17,0.4353209396736758
plot_11029,7,0.6954594862916705,1,0.3045405137083296,0.3605881098219048,0.1422858682490017,0.03871697627543211,0.10390128729205098,9.623020703792658e-07,0.04996628235121048
plot_11030,7,0.5247880445932137,1,0.22228805924576361,0.47521195540584144,0.10681030018761885,0.056269584352383245,0.10623501191933596,4.063642231374447e-08,0.033185048252634575
plot_11031,7,0.5122435158700993,1,0.21557105637899507,0.4877564841291471,0.13429848962602306,0.03311694504231557,0.11666058953258047,1.1200763973739129e-06,0.012595315214541403
plot_11032,7,0.6164269383888724,1,0.0790423031394961,0.38357306161104143,0.12139331987997354,0.1541740356692723,0.1495906837432244,2.1946960815953934e-07,0.11222637648738391
plot_11033,7,0.8308993602575991,1,0.04917480014438112,0.31658207244843356,0.13084077734248528,0.16910063974240092,0.21021731677235456,9.039831521725629e-09,0.1240843845101129
plot_11034,7,0.7357692333827747,1,0.027150773497577413,0.35454896779889183,0.14224383562443374,0.11913695493798651,0.2642307666172253,5.595473724703952e-17,0.09268870152388502
plot_11035,7,0.6753402482954477,0,0.3246597517045523,0.18136444219521713,0.17770935094158952,0.04868118514479968,0.11737123685827303,1.0032079361201318e-05,0.1502040010762072
plot_11042,7,0.6187292963524563,1,0.1638498089088198,0.38127070364753557,0.0025186863593096784,0.27526425845383096,0.043516019515001926,1.3981418280512454e-10,0.13358052297568787
plot_11043,7,0.7138073575242596,1,0.16846534012639316,0.429055098989072,0.002972900778006631,0.28619264247574033,0.02771617770172149,1.9896407969630932e-09,0.08559783793942558
plot_11044,7,0.5708490874981802,1,0.16387897757948136,0.4291509125018121,0.005620437026768018,0.26509439340125324,0.03301970171475783,2.8583977400350184e-08,0.10323554919195
plot_11045,7,0.8171999977186764,1,0.18280000228132373,0.39820359339558187,0.004326289803018699,0.27061150339327456,0.03407432630089539,1.89555941344774e-09,0.10998428293034629
plot_11048,7,0.6727474567938909,4,0.2197268313164752,0.0043882689843802326,0.3272525432061091,4.2138076760225335e-05,0.4421257040490643,0.0003960756742489798,0.006068438692962008
plot_11054,7,0.04163058165969208,1,2.854299785304821e-07,0.9583694183403079,0.0004697448248538843,0.03853799557522137,0.0023652033980535226,0.0001775672515257952,7.978518005893705e-05
plot_11055,7,0.7696423250066403,1,1.645760843127154e-08,0.42050262603939126,0.2982193304605838,0.028860740664079194,0.23035767499335968,3.091262744956893e-05,0.02202869875752809
plot_11056,7,0.8708040072016338,1,3.804184180254855e-05,0.8370146528293994,0.03188020574427526,0.1291959927983662,0.00025594582438184495,0.0015835506188758121,3.16103428989261e-05
plot_11057,7,0.1328965954373034,1,3.1311884351816914e-05,0.8671034045626965,0.05381615358667846,0.07336103559962803,0.00022830092433207534,0.005440710877797691,1.9082564515285335e-05
plot_11058,7,0.580615128385798,0,0.419384871614202,0.052367059135174324,0.09620079976128469,0.018204225990540092,0.41073109981725703,0.0010875220130300883,0.0020244216685117583
plot_11059,7,0.053941170823418656,1,1.919265323280508e-07,0.9460588291763738,0.0007048623658093706,0.04996754113895978,0.0028433698019339547,0.00012300671969294388,0.00030219887069780904
plot_11070,7,0.7565514001307543,0,0.3072281566421515,0.19735822248495546,0.243448599869246,0.035629054686254664,0.12174541593653206,2.116213198237705e-05,0.09456938824887823
plot_11074,7,0.7467172984024718,6,0.19499529396298482,0.012306445387046956,0.2532827015965574,0.16547041179590077,0.10355479664511799,5.8539882799015545e-09,0.2703903447584038
plot_11085,7,0.6299256342619817,4,0.14799645960472826,0.0006278361669581093,0.3700743657380183,3.483169864167488e-05,0.467609629327172,0.0009298927359518592,0.0127269847285298
plot_11086,7,0.5282640094414848,1,0.005342672415992769,0.47173599055826015,0.11885975865054031,0.0930722580936242,0.2723254300071387,0.03315956502165553,0.005504325252788385
plot_11087,7,0.9046860265698671,1,0.04803741741746567,0.3910144135421827,0.17866801736907978,0.008251996622352787,0.2787039910648712,0.09531397343013279,1.0190553915031724e-05
plot_11088,7,0.4950204083775387,1,0.03384280216082173,0.5049795916224613,0.16166508698460588,0.0037609449046001864,0.22499655988606082,0.07075295505728826,2.0593841617851116e-06
plot_11089,7,0.6912563536960014,2,0.1744391107478516,0.24347041927764912,0.30874364630399864,0.009565505294359372,0.21661136677510204,0.04706871114397086,0.00010124045706834166
plot_11090,7,0.6765998396586038,4,0.10853662811271896,0.23981838889429496,0.25348348248402547,0.007849339513219011,0.3234001603413963,0.06688006211555113,3.1938538794401535e-05
plot_11091,7,0.7083275036720631,1,0.08868073676609704,0.34772027588834853,0.2916724963279369,0.004732134584512787,0.21579599399762478,0.05138431285142371,1.4049584056126307e-05
plot_11095,7,0.04263503537036847,1,1.3935010719697647e-08,0.9573649646296316,0.0016326236159505644,0.035566159212319426,0.005250639031709468,7.436850508172763e-05,0.00011123107029663625
plot_11096,7,0.3372114943057882,1,0.038284098071308253,0.6627885056280373,0.03902243859885367,0.0034182787200945997,0.2532868500959257,0.00289451236224883,0.000305316523531676
plot_11097,7,0.6279391354102252,1,0.08859877923013079,0.4053564932515814,0.1186145143082041,0.00974250508593035,0.372060864589775,0.003632182110964555,0.001994661423413912
plot_11098,7,0.6027362466927579,6,0.24289034967736967,0.026034121530714938,0.16367671440260118,0.11957324226777975,0.05056146609471095,3.5271958149835397e-07,0.39726375330724206
plot_11099,7,0.6784067278896205,6,0.3215932721103794,0.007887519778064891,0.08399282285276091,0.05334927751990197,0.02340507713763932,2.5353209455774822e-06,0.5097694952803079
plot_111,7,0.5629989474968882,2,0.035072458084183786,0.08439151369797332,0.4370010525031119,0.004649840798291533,0.3662224735999124,1.5283681207963565e-05,0.07264737763531917
plot_11131,7,0.47160770407062136,6,0.31568526190987267,0.008187656152381212,0.06650461565654006,0.046140297309304454,0.03506581008682674,2.406295569625074e-05,0.5283922959293786
plot_11179,7,0.5978503315533406,1,0.001334325197213121,0.40214966844665934,0.1709799683596289,0.1312141186282231,0.1505632544723014,0.00011340820171163349,0.14364525669426234
plot_1118,7,0.21476841472479083,1,0.0006793755794083501,0.7852315852752092,0.006049107671831476,0.15430687771343207,0.05199572656263739,0.0016268780608525739,0.00011044913662897944
plot_11180,7,0.6629393151810183,6,0.001465578699776943,0.08547290755532222,0.33706068481898177,0.09240558856454392,0.08205319352571189,0.0019145759141180395,0.39962747092154527
plot_11181,7,0.3029610077290468,1,0.007423528906308069,0.6970389922709532,0.09235884609491167,0.08339969142879386,0.06735109079777792,0.0005138341771848509,0.051914016324070514
plot_11182,7,0.38450642279856406,1,0.041143197334846025,0.6154935772014359,0.12380408149752092,0.05859735065415016,0.07247103363191794,0.004405541208219766,0.08408521847190921
plot_1119,7,0.10908481421631533,1,0.0076111295454706265,0.890915185781398,0.021719143743789693,0.02082665729771482,0.04368149452165632,0.0003867190742960126,0.01485967003567454
plot_11190,7,0.5849810206194661,4,0.37694832578281895,0.0004062935758502622,0.18700329646897174,0.0005071612527328786,0.4150189793805339,0.0016750707544982311,0.01844087278459413
plot_112,7,0.4793531846511129,2,0.028966048166677232,0.12571863177351839,0.5206468153488871,0.00308545034785797,0.2931607922502696,9.767566296661626e-05,0.02832458644982306
plot_11216,7,0.7569725211779691,6,0.16579732254307256,0.020213588777592217,0.24302747882203096,0.17189180164453716,0.14354558617359206,8.873077614126989e-09,0.25552421316609747
plot_11217,7,0.7042511307640863,1,0.29574886923591365,0.3814468320318667,0.15341099591600435,0.022061900558616714,0.11870161330293313,1.3346457599774934e-06,0.02862845430890542
plot_11218,7,0.8613303875400756,1,0.22360187692059916,0.3309173542727297,0.2632585107639028,0.019361454824847465,0.1386696124599244,2.7011050965227748e-05,0.024164179707031372
plot_11221,7,0.8154938121626305,6,0.1493002257247765,0.02735537484746119,0.22562179511488467,0.1845061878373695,0.1827302080770668,4.288579529572826e-09,0.23048620410986181
plot_11222,7,0.8639324486297099,1,0.06551772792480674,0.40348826836497953,0.1360675513702901,0.1333917036093783,0.18581351244450717,5.307254783074633e-09,0.07572123097878343
plot_11256,7,0.41358890450380814,1,0.027427909535804255,0.5864110954961919,0.24542154388042448,0.09723359818853551,0.03462468429138544,1.331618589057197e-05,0.008867852421767963
plot_11257,7,0.5363418945609707,1,0.0763879877132074,0.46365810543839153,0.10878169905364321,0.1179472955460773,0.17780926808763647,8.11356061088425e-09,0.05541563604748341
plot_11294,7,0.46328106490214865,2,0.013218093193170273,0.3514726361080968,0.5367189350978514,0.0476377636102578,0.043705740262166164,0.00019317513172293117,0.007053656596734782
plot_113,7,0.33518620053305,1,0.014864681407899673,0.6648137994668374,0.25713504944129795,9.84076309230506e-05,0.01596005966085575,1.6597128626809762e-05,0.04711140526355937
plot_11326,7,0.6565820578326805,1,0.057642287319599056,0.34341794216731947,0.2506257083107072,0.06535853637219537,0.036649738418427634,0.022760127522159015,0.22354565988959227
plot_11330,7,0.535997737860532,1,0.03779729997507931,0.46400226213946805,0.22505026280708573,0.026811480894652205,0.07967714781139065,0.007613050346192803,0.1590484960261312
plot_11331,7,0.5979064867568007,2,0.008610759221467609,0.07428271494134459,0.4020935132431993,0.06550562630241656,0.05363143764838423,0.006909381951741593,0.3889665666914462
plot_114,7,0.11129112678364647,1,0.0048958433188939585,0.8887088732163536,0.019051710559953788,0.016614908778120933,0.05443934565226768,0.010571454994895122,0.005717863479515051
plot_1141,7,0.18356609853855035,1,0.0004991366514168798,0.8164339014597716,0.00834471431778627,0.1299238989504316,0.04231516971041462,0.002403719262567322,7.945964761183655e-05
plot_1144,7,0.11417564572480783,1,0.0024470695141983927,0.8858243542751566,9.959477099053926e-05,0.07647886869282701,0.03450655151325092,6.863826161623218e-05,0.0005749229719605072
plot_1145,7,0.8111185556822752,1,0.01680504969393316,0.552139436980837,0.1474019511010735,0.01723259837915544,0.18888144431772477,1.0137352081851913e-05,0.07752938217519438
plot_11455,7,0.7791827289795947,5,0.22081727102040521,0.2384919864150366,0.0,0.0,4.230760300758334e-09,0.5403292235111226,0.0003615148226752957
plot_1147,7,0.4215643937175966,6,0.25914011512645846,0.012625148373468252,0.042523135672746376,0.0,0.10648011299591605,0.0007958815490074415,0.5784356062824034
plot_11471,7,0.7603376220705484,1,4.383202932153134e-05,0.49561122992175854,0.1911859008433825,0.019402501511696636,0.05409352323054667,6.345338427261559e-07,0.23966237792945155
plot_11472,7,0.012461306016835143,1,2.7358227416039326e-05,0.9875386939831647,5.64774866063897e-05,0.01215790825256387,0.00011652483142529895,3.077136553205138e-05,7.226585329137758e-05
plot_11473,7,0.006854973592931857,1,5.298686079155827e-05,0.9931450264067905,9.829249854669306e-05,0.0064603944889679785,0.00017779032736939656,5.617895905434957e-05,9.33045847963721e-06
plot_11474,7,0.013523225197822819,1,0.00040929028420458747,0.9864767748021772,0.0007236151476194712,0.011313939638426761,0.0009795327222838946,9.276142413464005e-05,4.085981153498871e-06
plot_11477,7,0.11282257185120535,1,0.002699258168334189,0.8871774281487946,0.040314479119446245,0.0016029375819867665,0.04431960936150733,4.216652008601927e-09,0.023886283403278804
plot_11478,7,0.08505218582793492,1,0.002245396297069503,0.914947814172065,0.031200705268996855,0.0012473314261553633,0.03457597717321223,3.327702501985126e-09,0.015782772334798408
plot_11479,7,0.0843906820481524,5,0.07237808029626316,5.456033667653752e-08,0.00235615019340078,8.003257607358091e-05,0.00345135336480653,0.9156093179518476,0.006125011057271678
plot_1148,7,0.4652580695449494,6,0.23246210401450357,0.028416037039165315,0.08748034082937016,3.403692586160219e-10,0.11505124725838409,0.001848340063157102,0.5347419304550506
plot_11481,7,0.02374553216796931,1,6.779957249577948e-05,0.9762544678318521,0.00011724198436812927,0.022786892941189563,0.0007472669305014126,2.3493647733773617e-05,2.837091859116081e-06
plot_11482,7,0.06856402166614028,1,0.0005399159439736762,0.9314359783338597,0.0009363344327382485,0.06209388328982781,0.0049809061622279865,1.2915039576959603e-05,6.679779559926394e-08
plot_11483,7,0.0985368280340947,5,0.08901910421501283,7.588265917418459e-10,0.002413984078235133,6.204868012486596e-05,0.003909361539331821,0.9014631719659053,0.0031323287625635086
plot_11484,7,0.8857916407218587,2,0.0028295244250088757,0.3217195230754328,0.3672533520146872,0.09641272476975891,0.09757651326561068,3.1713601505959817e-09,0.11420835927814132
plot_11485,7,0.5765586785179811,2,0.00020106447824047344,0.34596020157406326,0.4234413214820188,0.07317457608710662,0.08416089696749218,6.101553311169097e-10,0.07306193880092335
plot_11486,7,0.18423372858103526,1,0.0026950169823781157,0.8157662714189649,0.08881908618919306,0.007460621273970882,0.08242294590200801,0.00016517048916581088,0.002670887744319481
plot_11487,7,0.24835615488472726,1,0.004757997247269729,0.7516438451152726,0.1276451063638305,0.0030187277225351486,0.11126792770181974,0.0010168411139806828,0.0006495547352913246
plot_11488,7,0.3062824343849667,1,0.024419330732889495,0.6937175655952459,0.18487772003370492,0.007265322697648914,0.0859798510003972,0.0020446200967580434,0.0016955898433555611
plot_11489,7,0.2347527926228716,1,0.01634536627607118,0.7652472073771208,0.1430220557577659,0.004413024050974654,0.06687411502165501,0.0010447209759723729,0.0030535105404401
plot_11490,7,0.24293666931626567,1,0.024490024546506006,0.7570633306837042,0.13751756378530505,0.009225686758102696,0.06384471536687919,0.001845877077020505,0.006012801782482374
plot_11491,7,0.743290751661938,1,0.055130850669647846,0.5570547441353624,0.2567092483380621,0.02107933002849707,0.09705435456301366,0.007228667861361043,0.005742804404056082
plot_11493,7,0.022773417519383492,1,6.643814266856818e-07,0.9772265824800556,0.00033806586315462565,0.021956223618627754,4.263264102822864e-05,0.00040608040264590903,2.975061306137286e-05
plot_11494,7,0.42946983276962347,1,0.0061390848937752755,0.5705301672286779,0.1689185517626791,0.14735238990633645,0.04568995898290038,1.813789478264284e-07,0.06136966584668313
plot_11496,7,0.2598887507945025,1,0.005311845742664152,0.7401112492054975,0.13182811270855,0.013615372832182553,0.10603227988560472,0.0007715633023141039,0.002329576323187035
plot_11497,7,0.6992890396746569,4,0.07848367676328347,0.0134754184761231,0.2774682919792151,0.09146140159135882,0.30071096032534306,6.229512815282089e-16,0.23840025086467576
plot_11498,7,0.7239859301026772,4,0.09229121368918988,0.030072057636210167,0.1915043944274485,0.12168085000555914,0.28843741072777257,3.6164969282702874e-09,0.27601406989732286
plot_11499,7,0.22280308640558902,1,0.05050490903710094,0.777196913594411,0.016944997119345287,0.015498320473790388,0.05558786211214828,0.08190946109416106,0.0023575365690430847
plot_115,7,0.10664328797029173,1,0.006561612558972278,0.8933567120294748,0.00762272979243713,0.005822413086125637,0.08192565945230892,0.0032154462230630154,0.0014954268576183034
plot_11500,7,0.38912662845765345,1,0.09603628186190714,0.6108733715422678,0.03324627634662801,0.025216506311469402,0.1025200740435774,0.1279258640607378,0.0041816258334123856
plot_11504,7,0.08345691758427744,1,0.00016225269742849708,0.9165430824157226,2.6221942819939452e-05,0.08056363296586425,0.0009412872897902071,0.0017634942616013157,2.842677324770174e-08
plot_11505,7,0.2081036930954687,1,0.00043441763551326586,0.7918963069045313,0.0005980080400060807,0.18793063778419092,0.004652338525087445,0.01448828669572741,4.414943583058892e-09
plot_11506,7,0.6777555808602589,4,0.14315395714950002,0.03960046587306934,0.32224441913974106,0.00010027940565644623,0.49391074802763263,0.0004706146264291791,0.0005195157779712545
plot_11507,7,0.41321579854275686,4,0.07202603444359201,0.0934926035858301,0.2456085776336427,0.0018755231766902345,0.5867842014572431,0.00016024903226031362,5.281067074152693e-05
plot_11520,7,0.21304360211747508,1,0.0030524829977991875,0.7869563978825249,0.060226057016367615,0.1275397832251187,0.009375715771415577,1.1494366949913642e-05,0.012838068739824057
plot_11521,7,0.25344313779423716,1,0.0034242223656297,0.7465568622057629,0.072684008828939,0.14785277473741731,0.013039627498627233,8.94328337856691e-06,0.016433561080245383
plot_11522,7,0.07583534924818593,1,0.018052161792044,0.924164650751814,0.0006362932148111511,0.00043965386052280853,0.005634157826986935,0.05085239826075007,0.00022068429307087867
plot_11523,7,0.13111103537975563,1,0.030439371034717305,0.8688889646202443,0.005942943732910163,0.006914322017780639,0.02832487891423549,0.05876788716458328,0.0007216325155287617
plot_11542,7,0.7773145674410274,1,0.12548888145932444,0.5365318964084078,0.0188553317481991,0.010228274010866557,0.0852265156572278,0.22268543255897255,0.0009836681570016793
plot_11543,7,0.1121442669973104,1,0.004414481909758122,0.8878557330026895,0.007511084143271239,0.0033803587536730016,0.07277222019664763,0.002011071761847742,0.022055050232112534
plot_11544,7,0.7591944039960208,2,0.03252325560161419,0.17956138160421872,0.48589010051904596,0.05365759659797647,0.24080559600397913,0.0028290323179793846,0.004733037355186151
plot_11545,7,0.4831617323533295,2,0.041903529059130834,0.1580822174588848,0.5168382676466705,0.05101642381427782,0.22752236628720474,0.0011633156850749983,0.003473880048756329
plot_11546,7,0.23051381222634598,1,0.008805595084570038,0.7694861877736341,0.02694249085124248,0.012397116654182095,0.13652573556989306,0.0006588546183905549,0.0451840194480877
plot_11547,7,0.03931582770512909,5,0.0009892667039952405,0.0,9.8356616259414e-06,0.02508931826591688,0.0020402649982101686,0.9606841722948709,0.011187142075380862
plot_11548,7,0.030972919594756797,5,0.000774420756612509,4.711554237124062e-152,7.987757364004422e-06,0.01965967855788684,0.0015830013769368746,0.9690270804052432,0.008947831145956577
plot_11555,7,0.4196390921752141,1,0.02001860043198258,0.5803609078247427,0.18175669415006143,0.012133315305759389,0.15046536500696486,0.006854372019960375,0.048410745260528784
plot_11556,7,0.21391086885016763,1,0.003485610538211815,0.7860891311498324,0.037452282576487674,0.01982434238124556,0.12507180916295885,0.0006144166086996511,0.027462407582564075
plot_11557,7,0.8039738972985354,1,0.014119334385329025,0.6530251131679656,0.03845713265811068,0.01653608781333166,0.1960261027014646,0.00020346487964719543,0.08163276439415118
plot_11568,7,0.049391150863717884,5,0.0004896110058136514,0.0,3.839754355216202e-06,0.04234037885674507,0.0009214236036101772,0.9506088491362821,0.0056358976431937265
plot_11569,7,0.058224247753025656,5,0.0008588325076290261,0.0,7.662346093732192e-06,0.04671659572100418,0.0016244195764331393,0.9417757522469743,0.009016737601865525
plot_11571,7,0.4701782227375224,1,0.022879305728806837,0.5298217772619714,0.21743202274394685,0.005750743782918923,0.1620655005232975,0.01149887516336647,0.050551774795691895
plot_11577,7,0.039832432463046824,1,0.01884389097700579,0.9601675675369532,0.00022903405516559201,2.4060248324903375e-05,0.012136718595111444,0.002121325620279368,0.006477402967159756
plot_11578,7,0.7732980065636674,1,0.11379859042651719,0.5835403038827062,0.011538324935683894,0.00537363724554298,0.058502515280786746,0.22670199343633254,0.0005446347924304854
plot_11579,7,0.23268367024028402,1,0.05927263252599668,0.767316329759716,0.0061440986836226235,0.0046349573992036765,0.03439642603039543,0.12770947511643707,0.0005260804846285274
plot_11580,7,0.07843906186510431,1,0.018266666506924482,0.9215609381348957,0.0009710237098803955,0.0009717479708877393,0.007676890395434163,0.05039078241332887,0.00016195086864867557
plot_11581,7,0.5002249385472137,2,0.0030414015720435107,0.28306402310826234,0.4997750614527863,0.08261501797084801,0.11424235971420806,0.005361622443598835,0.01190051373825286
plot_11582,7,0.8920195219665822,1,0.002075023938562778,0.41450638697119535,0.33711699915151777,0.10798047803341786,0.1238135633739508,0.008589210267410314,0.005918338263945211
plot_11583,7,0.3249531791585749,1,0.018036551921229108,0.6750468208347733,0.08036502548531692,0.0021934308225114497,0.1631816911003072,0.0611751903060161,1.289529846090613e-06
plot_116,7,0.07986769493411262,1,0.004681217793921148,0.9201323050658874,0.01733993983836667,0.00538972847592038,0.04650172315593208,0.00359547108916053,0.0023596145808118313
plot_11600,7,0.03735513684677728,1,0.00018359373547843961,0.9626448631532227,2.781409802925477e-06,0.02953357290136285,0.0007963521954261728,0.006838830713535336,5.8911715689271e-09
plot_11601,7,0.03316080298139155,1,0.0004064074858776009,0.9668391970186084,3.0034441720904026e-06,0.017625929923359106,0.001068259174491294,0.01405716686658969,3.608690174779591e-08
plot_11602,7,0.46441596615269504,4,0.1256779402588763,0.13237947757006946,0.1939787278233817,0.01212177890284941,0.5355840338473049,0.00018113129126641012,7.691030625170575e-05
plot_11603,7,0.05420528540304434,1,0.0015893263775984827,0.9457947145957203,0.015116090409752847,0.00035087229223242366,0.023717246504648928,0.013431744142160359,5.677886872747248e-09
plot_11604,7,0.10343392013219546,1,0.014314140836371872,0.8965660798676072,0.03206568448406665,0.01669043984128341,0.028446326192931727,0.011874555533726289,4.2773244012964726e-05
plot_11605,7,0.3587908837684638,1,0.01740089130099986,0.641209116229867,0.12601494369634653,0.021240639933079508,0.17853128252014672,0.010594030876327145,0.005009095443233201
plot_11607,7,0.037072343969854475,1,1.8736133998642882e-05,0.9629276560301455,2.8386642185959207e-05,0.0356865957463892,0.0011841027628811751,8.986887411995613e-05,6.465381027951944e-05
plot_11623,7,0.64282982493803,0,0.35717017506197,0.06949655431710874,0.2592693110628638,0.017736085665707044,0.22770131028412943,0.06836521657140433,0.0002613470368166471
plot_11624,7,0.7271980063917594,4,0.27280199360824087,0.05563385123485234,0.13269140966155976,0.09071459868952804,0.4476496363600363,0.0004983646281916391,1.014581759120397e-05
plot_11645,7,0.1605793007183258,1,3.2844083113581336e-06,0.8394206992810409,0.0960341325312492,0.02089255314923237,0.0005880865568667778,0.04305397838714366,7.2656861557456995e-06
plot_11660,7,0.5634916912558638,1,0.042762979642032115,0.43650830874357505,0.2290088033292846,0.04265606598639632,0.24873168774567195,0.00033177257424489006,3.819787950242472e-07
plot_11661,7,0.32295289624177875,1,0.00029512722469141907,0.6770471037516992,0.00010570484703116049,0.1737371958212238,0.14861296778600344,0.00020190025937746046,3.099735932349583e-10
plot_11662,7,0.5068709920805156,4,0.0035961925729463356,0.23174295099656098,0.2656474102491209,0.0030575843935641517,0.4931290079194845,2.125452055635595e-05,0.002805599347766802
plot_11663,7,0.6072871642953198,0,0.3927128357046802,0.007461446524653022,0.21357333940126297,0.00015910887222392339,0.38036192649109735,0.000153548903515703,0.005577794102566965
plot_11664,7,0.5908315681275027,4,0.39060247821735583,0.0006113036387790855,0.18103583065186854,0.0004723555291029078,0.40916843187249735,0.000822164762055961,0.017287435328340442
plot_11665,7,0.5694496410968227,0,0.43055035889532767,0.0020498007884379985,0.1747138988246068,0.0002637284015265709,0.38199612317396725,0.00038526205352263265,0.010040827862611141
plot_11666,7,0.5533468018065281,0,0.44665319819347205,0.0015455474827298428,0.14344565886168928,0.0013332535382816022,0.3795052000470161,0.0010179640267950188,0.02649917785001622
plot_11671,7,0.36742652278668986,1,0.03045682279480424,0.6325734772133101,0.04655432335698772,0.05685618614564149,0.20012251232000156,0.02688003889516756,0.00655663927408736
plot_11672,7,0.25866946475938957,1,0.01547884700260706,0.7413305352384135,0.07337462488994718,0.02263726012744291,0.13806107235729775,0.007651015101602213,0.0014666452826892884
plot_11673,7,0.3409915664687241,1,0.027778769516712643,0.6590084335312759,0.04422123957649954,0.053443832894018564,0.18573035618024955,0.024238683031655033,0.005578685269588853
plot_11678,7,0.49375311650802495,4,0.003463797725457081,0.1696978690661243,0.023127113737794323,0.19292685273868201,0.506246883491975,0.07348437060029378,0.031053112639673412
plot_11679,7,0.7242276534239986,2,0.07514012830804875,0.11918970441375805,0.2757723465760013,0.00461018473777529,0.23734969059302666,0.013400169282211948,0.27453777608917806
plot_11680,7,0.7410727909547066,6,0.07799084833172835,0.11085258645728494,0.24216350037778384,0.004564208055426214,0.2589272090452933,0.026151744481810194,0.2793499032506731
plot_11681,7,0.736271490744064,2,0.07412959466601682,0.15109378384699412,0.263728509255936,0.004926753517213962,0.2398175650486596,0.010071527589535638,0.25623226607564387
plot_11691,7,0.1314568914950869,1,1.7911542483693531e-06,0.8685431085036426,0.06957708593880194,0.025780850846977864,0.0004431592807413706,0.03564725938818367,6.744887404247588e-06
plot_11692,7,0.12964252793200956,1,1.622581900358441e-05,0.8703574720679903,0.00854849134819164,0.12018506331506307,9.742055645335612e-05,0.0006479391138683708,0.0001473877794294866
plot_11693,7,0.1808132439722209,1,0.0004936924820070241,0.8191867560277791,0.07789757215871351,0.09771330670275863,0.0021907648162560077,0.002245526888935205,0.00027238092355053224
plot_11694,7,0.5306342265127924,2,1.3773985213154515e-07,0.24953953479478685,0.46936577348720754,0.021590617640016865,0.23456966666919948,3.762725507555888e-05,0.0248966424138614
plot_11695,7,0.33511048524461806,1,2.1651664367066437e-10,0.6648895147548927,0.12063460514135753,0.041189056547141376,0.15090284256191613,1.86240716286441e-05,0.022365356706547074
plot_11696,7,0.4313831525359965,1,0.12051938484114509,0.5686168474640035,0.11290159858178338,0.003140120130940751,0.19474163586303297,7.68034112169606e-05,3.6097078773540196e-06
plot_117,7,0.20995553543238824,1,0.0380747064252091,0.790044464567163,0.1292563468592387,6.822106784297707e-05,0.013698193785125365,4.190605668739145e-06,0.028853876689752096
plot_11713,7,0.4869588259931083,4,0.05196294331665691,0.010562787587683283,0.2211463407353813,0.0002263281678287386,0.5130411740068916,0.11451184955695097,0.08854857662860705
plot_11714,7,0.8037607380491383,4,0.19623926195086172,0.00017162471821328637,0.01309079367756545,0.00022044737527375453,0.36049975502732157,0.24847763836071202,0.1813004788900523
plot_11715,7,0.4035465750983465,5,0.09884006576406132,6.923837373250809e-05,0.05919395735572046,7.868281163187084e-06,0.19079083197177732,0.5964534249016535,0.054644613351891705
plot_11725,7,0.5176657957007575,6,0.0173994742669839,0.011039101882292013,0.3459949643872035,0.019003317606107503,0.12310586656713453,0.0011230709910360704,0.48233420429924245
plot_11737,7,0.030979952920583458,1,5.9092913930164596e-05,0.9690200470794166,9.933470173245889e-05,0.029887527973605055,0.0009287658118885954,4.129390267534358e-06,1.102129159690784e-06
plot_11738,7,0.11035390389731996,1,0.0076397246509764,0.889646096100577,0.04012404498770822,0.007160978494043079,0.03598137927678244,0.01893559191580394,0.0005121845741089098
plot_11739,7,0.1453049859725819,1,0.004690131496374049,0.8546950140259177,0.04769385282351832,0.010130345590522066,0.07093459032462894,0.007473793696915118,0.0043822720421236696
plot_11740,7,0.21891820273671497,1,0.026491426872689215,0.7810817972632851,0.10884733422400099,0.003571926797204868,0.07703668641517929,0.002881329206170941,8.949922146970757e-05
plot_11741,7,0.023009346243509858,1,0.0003748376311158752,0.9769906537564901,0.0036967951908611725,0.0007263564783547471,0.01044503976273076,0.007766313684207172,3.496240069671985e-09
plot_11742,7,0.05732262336225573,1,0.0013676521463533806,0.9426773766377443,0.010790206376615916,0.0005175710816658157,0.028221618601476928,0.016425563289263166,1.1866880560338152e-08
plot_11743,7,0.5337666147822546,4,0.024541140221005987,0.26638600102600246,0.06688196398733928,0.08754741218169822,0.4662333852177454,0.08610665231208285,0.00230344505412591
plot_11744,7,0.11825448282670681,5,0.10187646778977015,0.0,0.003072176700512287,0.00037394731221092103,0.009662083048529993,0.8817455171732932,0.0032698079756834646
plot_11745,7,0.1458939053445151,5,0.06843365195994462,4.8347961521379345e-06,0.015443306676848437,0.0009959228007313612,0.021180706057871968,0.8541060946554848,0.039835483052966476
plot_11746,7,0.45579366714715663,1,0.06914308212647391,0.5442063328528434,0.20669393027392974,0.04443135825308718,0.10522893548877826,0.009245233833528491,0.021051127171359152
plot_11747,7,0.18616646624091596,1,0.017210751889178037,0.8138335337590764,0.10721067055035828,0.006838140857421195,0.044962830798744184,0.001096551827506188,0.00884752031771571
plot_11752,7,0.8840114268460108,5,0.11598857315398935,1.0577154969236997e-07,0.007947593850584493,0.00038770784547206247,0.014773631023621583,0.8513313956588681,0.009570992695914786
plot_11753,7,0.1075881299914752,5,0.08578987932986692,1.0785076702490058e-07,0.005323967193872171,0.0001385025375438907,0.006691769246571657,0.8924118700085248,0.009643903832853566
plot_11754,7,0.7752100836959457,4,0.0614014290307225,0.2688072217637991,0.11440438648623999,0.045289893720423934,0.2838934226739015,0.0014137300208585076,0.22478991630405437
plot_11755,7,0.1443026220269736,1,0.0066632273324923694,0.8556973779730264,0.07155063828415201,0.003353168837021702,0.035158516572198095,0.0002895366510930079,0.027287534350016455
plot_11756,7,0.32383145192009444,1,0.031178967993287024,0.6761685480799056,0.19758035341092914,0.009964951932852477,0.08001378363724869,0.002511634373957538,0.0025817605718195715
plot_11757,7,0.21446272367517125,1,0.00765986731241873,0.7855372763247999,0.11004308705908478,0.0024403049354158506,0.09081373108958232,0.0005389520118502626,0.0029667812668480904
plot_11758,7,0.27063800854857795,1,0.002951802378024113,0.7293619914513592,0.1415748757803907,0.004530935077115666,0.1193089717454807,0.0017523216461438644,0.0005191019214857517
plot_11759,7,0.8282076441460111,1,0.004255174996074912,0.6843954778752892,0.17179235585398883,0.015425898299038553,0.11539285580282829,0.00764468272483763,0.0010935544479426164
plot_11760,7,0.22040570062681722,1,0.003440765045965393,0.7795942993731828,0.11021235582487895,0.010962574000191148,0.09338996703949531,0.0006466302426399923,0.0017534084736464505
plot_11769,7,0.7752079448278074,1,0.00021837318743070546,0.7548100939774213,0.00072115867286026,0.22479205517219242,0.0034228613962977257,0.016035437809414254,1.9784383304707033e-08
plot_11770,7,0.07396107502492368,1,0.0020744962488417197,0.9260389249750763,6.34063973579876e-05,0.05951751836994635,0.005321490498611634,0.00698414208281507,2.142735094538178e-08
plot_11771,7,0.19465720167222564,1,0.00019307539552968696,0.8053427983277743,0.00022873924848619017,0.184993585559916,0.002444592290494281,0.006797093244865717,1.159329337717942e-07
plot_11772,7,0.732340262094994,1,3.113022614969512e-10,0.4271679294664712,0.26765973790500597,0.0021064878983771454,0.12628035542582855,0.00030021245791162437,0.17648527653510332
plot_11773,7,0.005628373839653104,5,1.4543739378137672e-06,1.885725712646643e-06,0.0019433965399095093,1.7987454300278534e-05,0.0035794955732457914,0.9943716261603469,8.415417254707771e-05
plot_11778,7,0.06079202489468925,1,8.81507797534492e-09,0.9392079751053107,0.0015462262102395466,0.05425755481980838,7.765090176461922e-05,0.004863352515444708,4.7231632354007044e-05
plot_11779,7,0.01887461729243766,1,1.0366500214855723e-08,0.9811253827075623,0.00020459033392441822,0.016541975531305327,0.0001601325422493415,0.0019509859214158045,1.6922597042549106e-05
plot_11780,7,0.03629772018215419,1,1.355106720285427e-20,0.9637022798178458,0.0008019447041440276,0.005792497705880412,0.00026002944737440776,0.02878831484092948,0.0006549334838259074
plot_11785,7,0.25698904487166585,2,0.0023643260151409956,0.046870046745000796,0.7430109551283341,0.011560182577348161,0.07342055086732865,1.9457581438800774e-17,0.12277393866684724
plot_11786,7,0.8949505747709248,2,6.101230426691322e-05,0.37468513085323063,0.41578509458016566,0.04114061867238551,0.10504942522907529,6.764082153592404e-10,0.06327871768446783
plot_11787,7,0.4879768865437797,1,5.480789773786475e-05,0.5120231134562203,0.3117598076250893,0.0656046514812484,0.06783646843409856,1.5283674079773436e-08,0.042721135821931516
plot_11788,7,0.4549360356646208,1,0.00024357007363482204,0.5450639643353793,0.26995120032975617,0.09038630694656487,0.05098559591030488,1.729632227641512e-08,0.04336934510803784
plot_11795,7,0.11306185390482393,5,0.00042248216813819825,0.0,1.2648166266168142e-06,0.10935258961947045,0.000906895869550692,0.8869381460951761,0.002378621431037979
plot_11797,7,0.13740109059893718,1,0.004572928502092683,0.8625989093974185,0.033110828764867824,0.0008239052100715738,0.06431373437106262,0.03457958523578558,1.0851870138598086e-07
plot_11798,7,0.39944537248376943,4,0.10760490938693995,0.1120535072242384,0.17526968329343023,0.0043508400945673174,0.6005546275162306,9.847599409229804e-05,6.795649050130468e-05
plot_11799,7,0.41639900130899904,1,4.125656359744176e-06,0.5836009971113854,0.27220775556171345,0.0031907657428242664,0.14011614826404642,0.00033972435274567795,0.0005404833109251403
plot_118,7,0.8902030429309226,1,5.584725731987566e-07,0.8098391016346076,0.01807014594765104,0.0003065673078831847,0.06198666956820092,6.741241219616136e-15,0.1097969570690774
plot_11800,7,0.6616711639481988,1,0.16163557097920936,0.33832883277506154,0.15681569877140702,0.10716479245442853,0.14408242188861722,0.00010337205827966926,0.09186931107299663
plot_11801,7,0.7049616052163015,1,0.009520788763855592,0.44491520815418006,0.02956575767082979,0.12931093767223545,0.29503839478369853,0.00029896245655630394,0.09134995049864421
plot_11802,7,0.6849908624890892,1,0.016648467388764333,0.3831877665995978,0.0512129275017146,0.10523644328246494,0.3150091373368989,0.0008182547692063935,0.12788700312135315
plot_11803,7,0.7513081818695639,4,0.07038963839385291,0.2486918181303211,0.22000021471923745,7.231194634674394e-05,0.3467722990899148,0.00013061985293407428,0.11394309786739301
plot_11804,7,0.8272376621834041,1,3.1720676932237317e-05,0.4848654032159603,0.17276233781659586,0.09706668408265995,0.18876240441683212,1.2074468901436686e-05,0.05649937532211809
plot_11805,7,0.3587152834774702,1,7.107276938446294e-12,0.6412847165216141,0.1814753232007637,0.0006640237401430421,0.10420205112885317,0.0006203167371752597,0.07175356866434338
plot_11806,7,0.7026391446623478,4,3.584872730446709e-24,0.27353731796296066,0.29736085533765233,3.76933618370353e-05,0.31873792398095196,6.194546094640482e-05,0.11026426389565168
plot_11807,7,0.005297946960582093,5,3.80205512350858e-07,8.848201475495256e-07,0.001386696489618466,2.086834636424018e-05,0.0038674607034512457,0.9947020530394179,2.165639548827659e-05
plot_11808,7,0.005768306226865842,5,2.6117979784151063e-07,9.944053397114807e-07,0.0018151085998444351,1.7454175737023193e-05,0.0038816610416311176,0.9942316937731341,5.282682451569674e-05
plot_11809,7,0.004715545736031652,5,1.7593168454567297e-06,1.9884770704142145e-06,0.0018989540706764656,9.808190466198616e-06,0.0026467891146245773,0.9952844542639684,0.00015624656634857987
plot_11810,7,0.0013506379311027604,5,2.9438970272963775e-06,1.997468632325179e-06,0.0005643389443689658,1.5002189889030666e-06,0.0007240035594098946,0.9986493620688972,5.5853842675341956e-05
plot_11811,7,0.7090772475859499,1,2.465063004447133e-09,0.3022249106612069,0.2909227524140502,0.0027786122324566205,0.17361427342474783,4.5778894557529764e-05,0.23041366990791812
plot_11812,7,0.2581261962731585,1,0.0,0.7418738037193819,0.0008439550794761123,2.43571876155316e-09,0.2571414899446137,9.96884759979574e-07,0.00013975193604953885
plot_11813,7,0.24357137619536864,1,0.0,0.7564286238045389,0.0009370188298814478,2.8324662125804277e-09,0.24247032083436268,7.714480083923885e-07,0.00016326225074242588
plot_11814,7,0.3381096151863777,1,0.0,0.6618903848135147,0.00223516961012443,1.7314616288222172e-06,0.33578478600135775,3.70741432868368e-05,5.0853970087526546e-05
plot_11815,7,0.1538559266029419,1,9.227800233541817e-25,0.8461440733968582,0.01147567461767795,2.7946431253333685e-07,0.13927655851431972,5.84014255526051e-05,0.0030450125812789405
plot_11816,7,0.1577791122045058,1,1.6006698861648972e-18,0.8422208877954942,0.03106797653911402,0.06740474076811966,0.0010409401138808687,0.0451834569882022,0.013081997795189013
plot_11817,7,0.08565603757651025,1,1.217593038964539e-18,0.9143439624234898,0.019936694726950137,0.008227414009081373,0.007710155122423821,0.038318974600534864,0.011462799117520106
plot_11818,7,0.08186119949295921,1,4.2473630713359456e-19,0.9181388005070408,0.007426784830352067,0.0027331322351421368,0.0016496974942250377,0.06377990396307351,0.006271680970166423
plot_11820,7,0.027787592832592037,1,8.961546184781716e-21,0.972212407167408,0.0005644465271505338,0.004278221507106589,0.000921894854956273,0.021573085580882286,0.0004499443624963654
plot_11821,7,0.12043110234006862,1,9.653846072532335e-20,0.8795688976599314,0.006364989638385529,0.09006887157036614,0.00022452594456190875,0.021960346291229102,0.0018123688955260003
plot_11822,7,0.030001171048888123,1,1.9859079504646533e-05,0.9699988289495685,0.003297223307359734,0.025400762602834373,0.0006935870165068504,0.0001397731709691933,0.0004499658732567198
plot_11823,7,0.07548523817091327,1,0.00027782294394941847,0.9245147618266935,0.015624889956917638,0.05411858661945546,0.002437423071751429,1.66520364414576e-05,0.0030098635447911555
plot_11824,7,0.026161434942691988,1,3.634945834775318e-07,0.973838565057308,0.0006690360587997274,0.023608871560017362,5.2964950153955884e-05,0.001800841978810735,2.9356900326741567e-05
plot_11825,7,0.0313150889974877,1,7.506847590650217e-07,0.9686849110024117,0.0006846978555829257,0.02995971541163738,3.454749125688226e-05,0.0006024531234665819,3.2924430885488834e-05
plot_11826,7,0.2288119166486856,2,0.002398155508751872,0.0281219464852074,0.7711880833513144,0.006523838663806259,0.07004323085712572,1.9907251485280494e-17,0.12172474513379439
plot_11827,7,0.8538014616550799,1,0.001018696413982645,0.5176308389327043,0.23572206809359647,0.14619853834492,0.04416433214126866,1.0060247465930979e-07,0.05526542547105315
plot_11828,7,0.2565555361781452,1,0.0026539015091143936,0.7434444638218548,0.07970296822656951,0.13914732177996175,0.014232980204135107,1.280348243399886e-06,0.020817084110120978
plot_11829,7,0.5913290961273441,2,6.220647733179323e-05,0.3898879285782062,0.4086709038726558,0.05546794534562752,0.08780099564853648,8.495400194363537e-10,0.05811001922810216
plot_11830,7,0.7321399813298042,1,0.0,0.7300616130550597,0.0017569997173757068,2.196937193054386e-08,0.26786001867019577,3.6742986668566003e-06,0.00031767228933006996
plot_11831,7,0.6799882435436054,1,0.0,0.6692690117632469,0.010415183923774295,3.4108918546154047e-06,0.32001175645639457,4.017148962781778e-05,0.0002604654751017287
plot_11838,7,0.7638086135725649,4,0.0659663154980381,0.23619138642743523,0.06780296292331514,0.009022671354913097,0.3424802760411186,5.939179422053554e-15,0.2785363877551741
plot_11840,7,0.23048071193118255,1,3.6282430433065976e-07,0.7695192880684407,0.1316842582663573,0.01025655914649184,0.0863591132283197,0.002075408112230009,0.00010501035385602421
plot_11841,7,0.6379480730113739,1,2.9291991826632883e-05,0.4467594288590049,0.3620519269886261,0.002944119052437614,0.18648754571967707,4.9607058785986456e-05,0.0016780803296417145
plot_11842,7,0.021883979286189955,1,3.898287983118486e-08,0.9781160207135909,0.0001658819604410066,0.016854354018449053,0.00165231974696809,4.8239530944353746e-05,0.0031631450467268707
plot_11843,7,0.39200689357449886,1,0.01770909383237313,0.6079931064254956,0.09103357893538655,0.02449283888966861,0.15388555079124855,0.10482947975147994,5.6351374347610036e-05
plot_11846,7,0.21851442415367978,1,8.086123272638143e-21,0.7814855758462127,0.11845996938271355,0.0007690999613947601,0.05164093969683875,0.002035171096659753,0.04560924401618058
plot_11847,7,0.5840586171837739,2,0.001661217270161752,0.36883383790513596,0.41594138281622595,0.05774385487240248,0.1404349632153065,0.0133280324107402,0.0020567115100269834
plot_11848,7,0.5601450050950494,1,0.0029301208868230313,0.43985499490493,0.32734527379511624,0.04212205941460409,0.1613121785926907,0.025814893759046116,0.0006204786467898742
plot_11849,7,0.8122531326345688,1,0.08602925738526176,0.6633328872330626,0.012017380878177261,0.004210990422886023,0.04663886079435394,0.1877468673654312,2.3755920827240185e-05
plot_11850,7,0.5637749055628193,2,0.002444874533034606,0.3544939178918133,0.4362250944371808,0.06659204308862526,0.12530339786584893,0.011795783163115442,0.003144889020381846
plot_11853,7,0.005283260628780467,5,4.4386978568089555e-05,4.3461596518942494e-05,0.0025867857976999728,6.0143452237322324e-06,0.002186555382167182,0.9947167393712195,0.0004160565286025292
plot_11869,7,0.42320476097389803,1,1.0515598802708194e-05,0.576795239026102,0.12230322828350154,0.1054350618703336,0.15656399529128728,9.70308813006431e-05,0.038794929048672225
plot_11870,7,0.7197897767705995,1,5.858078838630018e-06,0.36809454729898816,0.10972841949933652,0.11674794505163276,0.2802102232294005,3.3989879822573835e-05,0.1251790169619809
plot_11874,7,0.2871034840342316,1,0.0,0.7128965159657684,0.0003871533601314093,1.3552838605140815e-10,0.2866785718743728,3.0619536167218685e-07,3.745246883743311e-05
plot_11875,7,0.16982908977599745,1,7.204954825544792e-25,0.8301709102230631,0.009633403186901675,2.236556351846469e-07,0.1576076600209405,4.819394124934554e-05,0.002539608972210119
plot_11876,7,0.8807309492912311,1,0.013723253381915514,0.3038343235457804,0.24835318575425214,0.11926905070876873,0.22960580889952198,0.07727800403673796,0.007936373673023177
plot_11877,7,0.09853185567124421,5,0.0010129380200404447,0.0,7.568270515993994e-06,0.0896718380250588,0.0012861505326763937,0.9014681443287558,0.006553360822952582
plot_11878,7,0.04561001459575233,5,0.0009988747523455295,0.0,9.755096460375417e-06,0.031584191460391445,0.0020160768962136375,0.9543899854042477,0.011001116390341344
plot_11881,7,0.2518876431992585,4,0.032996864535572004,0.0597464299738405,0.014771384187406816,0.06240202253286592,0.7481123568007415,0.0005152886032393045,0.08145565336633392
plot_11883,7,0.2947856163499177,5,3.540418479075384e-05,0.11653680672831364,0.0016341845552740929,0.11691186537036483,0.059360553692405754,0.7052143836500824,0.00030680181876868376
plot_11884,7,0.3270399475322487,5,1.330911440157004e-05,0.11217035797792796,0.0014792136522253309,0.15623110480241784,0.056756940736355975,0.6729600524677514,0.0003890212489200303
plot_11885,7,0.7646726363296984,6,0.12335195887070252,0.2353273636702515,0.039042915705772695,0.006773778338566398,0.20902933675228436,4.8118916890285926e-14,0.3864746466623745
plot_11886,7,0.795110499929649,4,0.01511816932423853,0.20488950006972528,0.08148559448107674,0.016161145685725152,0.39856094777637174,3.4195133335004917e-16,0.2837846426628623
plot_11887,7,0.6613856822542189,4,0.01328240501547597,0.1682688605604213,0.08946382972540368,0.035597970960369096,0.35477261599254867,2.274635123186997e-16,0.33861431774578116
plot_11888,7,0.8870920400697397,4,0.007127164795984815,0.15213455080390148,0.11290795993026034,0.03216263032681156,0.363911319673773,2.79222619604313e-17,0.3317563744692688
plot_11889,7,0.7468470509912494,1,0.007881133163675367,0.3631979438018351,0.1968218093267296,0.10754426409290921,0.2531529490087506,0.06494050981558575,0.006461390790514306
plot_11890,7,0.6691758969532798,1,0.005932418679650704,0.3308241030467051,0.3086921702957372,0.0760010543909012,0.22669518853324724,0.041536447553866956,0.01031861749989143
plot_11891,7,0.7570729540937586,2,0.009791497901176659,0.24292704590622763,0.4497932617505201,0.04668719218654572,0.21996862531361852,0.01927704474778531,0.011555332194126121
plot_11892,7,0.7680838463334431,2,0.0075832418430697305,0.17160477860949827,0.4812414375835781,0.046800948294060445,0.23191615366655696,0.02469287669275405,0.03616056331048249
plot_11893,7,0.5444449088292119,2,0.018060746711390484,0.2277324909439849,0.4555550911707881,0.06871744512448996,0.21656446971475213,0.0026930072118052876,0.010676749122789223
plot_11894,7,0.45085578032108986,2,0.015032323050965935,0.17284526648365364,0.5491442196789101,0.03670922167034344,0.21135015363696394,0.00794435285095512,0.006974462628207859
plot_119,7,0.4912761192669324,1,0.0196976333395366,0.5087238807328912,0.20211431078913236,0.015117123142078137,0.07602894032539478,5.231042226139002e-07,0.17831758856674443
plot_11903,7,0.504975876466426,4,0.004546755743636054,0.4107993384546633,0.030009155692993447,0.000373577730818444,0.49502412353357395,0.05291831903956952,0.006328729804745388
plot_11904,7,0.5678367819675081,1,0.005038584729580241,0.509165843959761,0.02260922258937631,0.00015926190182366802,0.4321632180324918,0.02851602134569505,0.002347847441271752
plot_11905,7,0.8998424422459967,2,0.030860405769883928,0.21105203259106042,0.30604316782595825,0.10728786837327553,0.22174092546771645,0.10015755775400317,0.02285804221810211
plot_11911,7,0.1488085809898629,1,0.04630360449778228,0.8511914190101372,0.0036112750662431947,0.0005515299249006686,0.06013943283333947,0.0018316582316784155,0.0363710804359189
plot_11912,7,0.060975280980701284,1,0.02280677502816941,0.9390247190192987,0.0006828821158573569,0.00012898205186104384,0.023885534129519975,0.0014530008723863481,0.012018106782907155
plot_11913,7,0.030028170717051942,1,0.01167676091342834,0.9699718292828783,9.137795283543145e-05,2.3713081346155e-05,0.0032671503630260653,0.01369664229194021,0.0012725261145455895
plot_11914,7,0.168635306431058,1,0.04877000858443438,0.8313646935689334,0.0018183760267222468,0.0007240596397333367,0.016830685394420716,0.09852576813547942,0.001966408650276537
plot_11915,7,0.8267159402445625,1,0.14588834347893606,0.40912883500167774,0.09223556204340452,0.04903187649978791,0.17328405975543754,0.12013836521152427,0.010292958009231992
plot_11923,7,0.7404558716034294,1,3.141558796950301e-09,0.3292954255100424,0.2595648431115509,0.0036463963550629657,0.14788353549392877,6.566799128556822e-05,0.2595441283965706
plot_11924,7,0.18996226682877068,1,8.21687188612822e-25,0.8100377331712294,0.008578779918570412,1.7718867255985864e-07,0.17906921326836697,2.121812654254381e-05,0.002292878326618251
plot_11925,7,0.3748471488818861,1,2.413512351862095e-05,0.625152851116813,0.15236269565995902,0.0829001906264964,0.1191251275007741,0.00014960910122861063,0.020285390871210285
plot_11926,7,0.4715628292626802,1,0.00015684113653575092,0.5284371707373198,0.1847751877579081,0.07411418846912132,0.17363615802988347,7.923960401572709e-06,0.038872529908829945
plot_11927,7,0.44345199465343166,1,0.000124650204715586,0.5565480053465683,0.18132882196857297,0.06767229975409907,0.16356845111400864,1.1313344688371004e-05,0.030746458267347062
plot_11928,7,0.2933319025798809,1,0.005558438113842594,0.7066680974199334,0.018758757869951653,0.06860731168593251,0.05642401522279011,0.14398200465474162,1.37503280812598e-06
plot_11937,7,0.4626761182224226,6,0.02682189244899743,0.007118084323963558,0.2485429976111108,0.01979176040359013,0.1603348972851506,6.648614961013781e-05,0.5373238817775774
plot_11938,7,0.7961922188346311,6,0.014259724472467275,0.005846433987604753,0.22947281751744086,0.018849818713722745,0.203807781165369,0.00037223262009896296,0.5273911915232964
plot_11939,7,0.4772394531151206,6,0.004471040940415788,0.03618574774627155,0.2428098642866806,0.051498751631426365,0.1421797487301298,9.429978019642771e-05,0.5227605468848794
plot_11940,7,0.41828833093989704,4,2.9776191091586165e-06,0.0520846790291406,0.007528816244457726,0.27633575520786796,0.5645747588700998,0.09364201590026675,0.005830997129057993
plot_11941,7,0.764823724162373,4,0.0556736580895698,0.2239766631609369,0.1747089696155275,0.020153780375749997,0.28401863186136633,0.006292021059222551,0.23517627583762696
plot_11942,7,0.1587133540781032,5,0.019605570972382635,7.858204021723196e-05,0.010713299109730033,0.004962502117120434,0.027832058957192186,0.8412866459218968,0.09552134088146069
plot_11943,7,0.5920208799477156,6,0.023416883072372316,0.12361361061524409,0.066495822299471,0.08071157172760865,0.2977829922330193,1.9984062067870683e-16,0.4079791200522844
plot_11944,7,0.6104798311855524,4,0.015667200560084714,0.1828608289038083,0.0853193263949608,0.021014628621387758,0.3895201688144476,3.2520450773669384e-16,0.3056178467053104
plot_11945,7,0.627591346244837,6,0.13186357113250669,0.23782971674572484,0.034623855104944035,0.020274483827978893,0.2029997194336448,3.771336699713862e-14,0.372408653755163
plot_11947,7,0.6521268803345324,2,0.014385791012669537,0.20899767826016766,0.34787311966546763,0.08854096519641622,0.2406744614016817,0.0762717111331367,0.023256273330460632
plot_11948,7,0.5406961615704132,2,0.004910406861980941,0.29820366245561875,0.45930383842958683,0.005066604046950945,0.23066792317498072,0.0005152593428667473,0.001332305688015134
plot_11949,7,0.436543394373476,2,0.0170562699742409,0.18284921381216465,0.563456605626524,0.018382263313128547,0.21493630557199733,0.0011476752553946218,0.002171666446549974
plot_11950,7,0.045520778328703576,1,0.02454580756716856,0.9544792216712965,0.00019222050980264595,1.715791679504699e-05,0.011509672372015542,0.00366653146960684,0.005589388493315009
plot_11951,7,0.06119800631981868,1,0.033020432269653545,0.9388019936801812,0.00028162310750881424,2.6269433830512084e-05,0.017060760637992525,0.0026142807544748785,0.008194640116358327
plot_11952,7,0.12333609097063435,1,0.05754499465229107,0.8766639090293656,0.0012023612055012908,0.00017667773055602141,0.04259715099178241,0.00239813947240574,0.019416766918097794
plot_11953,7,0.03039953615918751,1,3.0511662449501326e-06,0.9696004638405911,0.0012214509736187067,0.014067079015271423,0.013476934566062637,0.0015208437113774175,0.00011017672683392269
plot_11954,7,0.0839339710903118,1,5.085277893470195e-06,0.9160660289094964,0.008104623325192043,0.013642678419240056,0.058224759995890676,0.0037596443883942876,0.00019717968389307706
plot_11957,7,0.142484656155567,4,0.009306739723883363,1.9962393281359257e-05,0.0328591456122064,0.010640463424494578,0.8575153438358383,0.08963406274853444,2.4282261761534458e-05
plot_11966,7,0.40794483945758736,1,0.02871641244678025,0.5920551605424127,0.11840277045257505,0.046776377108581825,0.12421860700799275,0.002439601126869879,0.08739107131478749
plot_11967,7,0.683443606272195,1,0.05496710069451438,0.38501984720905746,0.3165563937278049,0.005386763992536409,0.12586948159342856,0.0035023834160411247,0.10869802936661713
plot_11968,7,0.6746213961756556,1,0.053715100489314924,0.36700040891699437,0.3253786038243443,0.004491492812784995,0.11801010121310128,0.008117188967576072,0.12328710377588409
plot_11969,7,0.8479694625424341,1,0.038851112637532284,0.4837172362288998,0.2252000023780466,0.015017747155013835,0.1520305374575659,0.003308408974536872,0.08187495516840482
plot_11970,7,0.687221038842412,1,0.0426760080863066,0.40386318172005603,0.31277896115758796,0.003616377486449733,0.12593259729784975,0.00914832801120712,0.10198454624054293
plot_11971,7,0.4318188243180023,1,0.024776068798136715,0.5681811756819115,0.1913089763705909,0.015528483907066282,0.13480834713716483,0.002794438089157273,0.06260251001597239
plot_11972,7,0.7284286409713503,1,0.12705271615474878,0.2715713590286498,0.17248334990426162,0.004842419685971721,0.21681051645379273,0.025972617764663343,0.18126702100791203
plot_11973,7,0.7281959057358033,4,0.07001401374046172,0.21981372177484143,0.18958102092638984,0.008802781219925187,0.27180409426419677,0.008852940419961456,0.23113142765422376
plot_11975,7,0.8321397346879105,4,0.08618346370119329,0.014295640463890423,0.16786026531208967,0.019838025819224607,0.4698662582128589,0.07826587226841208,0.16369047422233102
plot_11976,7,0.4636831212452308,4,0.0006566507137417783,0.15926978157258553,0.07357081988612876,0.00018310455370562596,0.5363168787547692,0.1072625810195075,0.12274018349956167
plot_11977,7,0.7303477090141568,5,1.202373918986661e-05,0.0338054993547553,0.00031000988068853954,0.26965229098584326,0.21634468316842057,0.47418878539711173,0.0056867074739907885
plot_11978,7,0.41732523655367443,5,1.193155677278732e-06,0.02686511592691504,0.00015200425414625338,0.1694376840824791,0.2175321095943724,0.5826747634463256,0.0033371295400843218
plot_11979,7,0.23576988313060965,5,0.07082019059530113,6.422489442649071e-06,0.045391124934579134,0.0018024109614977481,0.06401166598140759,0.7642301168693904,0.05373806816838142
plot_11980,7,0.3373562302404728,5,0.05259610641968603,8.934316189314562e-05,0.06260451711738428,0.006905719920748581,0.11021321983776139,0.6626437697595272,0.10494732378299945
plot_11981,7,0.2519450757119791,5,0.0830067581691435,2.911110827276071e-06,0.03016315239888781,0.006111387579595628,0.10487828774567903,0.7480549242880209,0.027782578707845895
plot_11983,7,0.7065858309884955,2,0.0008758373012359642,0.07354291959710377,0.41658758517694217,5.000104127243789e-09,0.21531466768023608,0.0002648162328733871,0.2934141690115045
plot_11991,7,0.6416997723135394,6,0.09544921043583592,0.09063575988099959,0.23603305414692444,0.005948209781734183,0.20225819818110435,0.011375339886940818,0.3583002276864607
plot_11992,7,0.6614698439112876,6,0.08897934789969837,0.09619438179810116,0.25228894130499285,0.010075395900557999,0.20282758366599996,0.011104193341937296,0.33853015608871234
plot_11993,7,0.7107936593068782,4,0.0003333484817965806,0.075460337316299,0.0031559578948712817,0.2892063406931218,0.3951310338335994,0.2116831151469314,0.025029866633380603
plot_11994,7,0.0008810787172051315,5,0.0008330981537110028,1.8150203979121577e-07,1.6123275450662038e-06,4.171978013423812e-06,3.885022113001413e-05,0.9991189212827949,3.1645347658567105e-06
plot_11995,7,0.016436828837797617,5,0.015613971203195652,3.656229837468075e-06,0.00010449072682980711,3.916565637442643e-05,0.00022067765406818312,0.9835631711622024,0.00045486736749207103
plot_11996,7,0.005649145874159017,5,0.003714475119774468,6.051612704195891e-05,8.470816900135912e-06,0.00043280608374245475,0.0010451356058712431,0.994350854125841,0.00038774212082878464
plot_11997,7,0.5810809962125296,2,0.21478917456417418,0.04717822553240952,0.4189190037874704,0.010548987904706954,0.2969968714567599,0.0036608293311966014,0.007906907423282468
plot_11998,7,0.5257466028079715,2,0.2772034731374253,0.00659386970281528,0.4742533971920285,0.0014255908473289657,0.2150017971655936,0.009439522323342593,0.016082349631465792
plot_11999,7,0.5444949061677015,2,0.19861260990521243,0.00820412674595272,0.4555050938322987,0.0013153794995954737,0.29696950714992687,0.005273589135710326,0.034119693731303656
plot_120,7,0.1474791625742431,1,0.013290341573938763,0.8525208374253728,0.014020043113745034,0.008052836510828424,0.05351598012818321,0.005514394989805511,0.05308556625812626
plot_1200,7,0.7039753950514478,2,0.025097275510618126,0.29602460494730276,0.37111968878339885,0.018803159460211688,0.17485117275023307,8.496414606122382e-05,0.11401913440217429
plot_1201,7,0.8359966966216466,6,0.2165419811613471,0.025027084044489785,0.16400330337835345,0.042788161833145794,0.10753374684714645,0.018142744917389667,0.4259629778181277
plot_12012,7,0.6928399515165342,4,0.03577664216980068,0.05635712390969187,0.30716004848339573,0.0027875043787841808,0.4369729355516295,0.03818557722646544,0.12276016828023267
plot_12017,7,0.5660626549877752,6,0.06518217515216948,0.004129713192927667,0.3647601490921126,0.00784695655153249,0.1238800532666724,0.0002636077323605573,0.43393734501222486
plot_12018,7,0.8137584754639373,4,0.08624271523580036,0.23472753131302107,0.18624152453606277,0.011575091483226043,0.25360003878491305,0.013665077507314313,0.21394802113966252
plot_1202,7,0.34273475079651333,1,0.024339927624373675,0.657265249203466,0.08373657896136025,0.01120174835176025,0.16094838610274276,3.2331896115310997e-05,0.06247577786018189
plot_12021,7,0.004670529587778036,5,0.0023377525934454046,7.077799746119608e-05,3.860383891413391e-06,0.0006392278191977884,0.0012036054613025573,0.995329470412222,0.00041530533247968304
plot_12025,7,0.6496481212571446,4,0.10023073645020811,0.01435016252749967,0.35035187874285545,0.0002480473200986166,0.4604018718070252,0.007380030893407703,0.06703727225890531
plot_12026,7,0.7660413083483999,2,0.23395869165160021,0.0014789384757359393,0.36709151963327824,0.0002496901559027526,0.29089454611786186,0.02106707085965758,0.08525954310596358
plot_1203,7,0.36017207746328317,1,0.013042230176308199,0.6398279225366607,0.055315827322828,0.017552289890593,0.17040455562616008,0.0003190481123725871,0.10353812633507749
plot_12034,7,0.295064378059897,2,0.008486434384646321,0.02304679646979611,0.704935621940103,0.015123374474517181,0.12383124893188953,6.98965655084506e-17,0.12457652379904781
plot_12035,7,0.29013130369883844,2,0.01042378960732486,0.012996896219307857,0.7098686963011616,0.013884856988518018,0.13245608717448437,8.584739688672945e-17,0.12036967370920326
plot_12036,7,0.3385405165641605,2,0.01522076206053145,0.01111051673313972,0.6614594834358395,0.018870076697052318,0.15995272164032623,1.251424058818053e-16,0.13338643943311074
plot_12037,7,0.8690517329669865,2,0.0004781085533991981,0.13958369205202428,0.6604867559180722,0.01127666320447447,0.05722651297989973,2.5911660350837705e-10,0.13094826703301357
plot_1204,7,0.7828430799398787,1,0.010251086313397554,0.5578500369846419,0.08111567864162413,0.03076735902379722,0.21715692006012155,6.28631410043848e-05,0.10279605583541344
plot_12043,7,0.4985277577162975,4,0.08094543650527529,0.01662099293675372,0.19833933356237105,0.009400396224856085,0.5014722422837025,0.06559109294221906,0.12763050554482216
plot_12044,7,0.5148009854835646,4,0.08255741917368639,0.010402294810375717,0.13748835829827485,0.016402332849444423,0.48519901451643543,0.06981640944255205,0.19813417090923108
plot_12045,7,0.7376562248531555,4,0.0757907398316629,0.0035235000478414697,0.11719136516643178,0.019601378090214398,0.44977362394104203,0.07177561777596293,0.2623437751468444
plot_12046,7,0.5223499519551851,4,0.09906805905705908,0.007118577999193064,0.1035823851645506,0.009214698539032548,0.477650048044815,0.06477972739284261,0.23858650380250712
plot_1205,7,0.07355908014823281,1,0.011321848863746242,0.9264409198516594,0.0009559965663872345,0.0438846586965269,0.014289420953706118,0.0005091865451907243,0.002597968522783378
plot_12053,7,0.6755170117178069,4,0.08446819333392594,0.3244829882357788,0.1329107357838842,0.009714287403666626,0.327379647431814,0.002620363305724115,0.11842378450520624
plot_12054,7,0.6825167681151021,4,0.12375140145733415,0.29879489088540434,0.10580894183062996,0.021775737251488687,0.31748323188489785,0.0007613233286809966,0.13162447336156402
plot_12055,7,0.5944239175419165,3,0.0007533349632512836,0.11962510622507679,0.0026912334211984727,0.4055760824580835,0.27799616284076056,0.05425568301459183,0.13910239707703756
plot_12056,7,0.4753106540041902,4,6.904960956460209e-05,0.09138996026470278,0.09221381277320942,2.2898727319768326e-05,0.5246893459958099,0.19912545844315688,0.09248947418623674
plot_1206,7,0.2934362224744995,1,0.06373685560019635,0.7065637775255005,0.09970804186072924,0.008682189252490454,0.0970016874945093,1.1905308959522117e-05,0.024295542957614595
plot_12062,7,0.8621926799293953,4,0.0003403003902932815,0.161116077807066,0.10803832022910702,5.2988022281820244e-05,0.5103101194222528,0.08233487405839443,0.1378073200706048
plot_12063,7,0.3489841056897685,5,0.000781811071660012,0.1197832437754133,0.003409288819879657,0.031160978461318403,0.19945837982058712,0.6429401546489237,0.00246614340221772
plot_12064,7,0.40329638449861127,4,0.11643782692496933,9.099629403268006e-07,0.027201441846691383,0.08360221090956743,0.5967036155013887,0.1675326357189575,0.008521359135485304
plot_12066,7,0.6615709146999044,4,0.0010439169466748206,0.33842908530004445,0.029375018729258812,0.06131168279223186,0.40868892452417555,0.15157735285255075,0.009574018855063753
plot_12067,7,0.48695920961482403,5,9.619836660213357e-06,0.019702139546695745,0.00016392251265032976,0.2304034458936885,0.23137333861227435,0.513040790385176,0.005306743212854917
plot_12068,7,0.0027017629932878985,5,0.0024899857371713384,3.780515329190406e-06,5.3659231692568875e-06,4.273299286487481e-05,0.00011131343591157592,0.997298237006712,4.858438884161156e-05
plot_12082,7,0.04658596345751224,1,0.0006900517209222551,0.9534140365424877,1.4012901170956094e-05,0.03948089897094488,0.001518774413040215,0.004882203471207647,2.1980226205426376e-08
plot_12083,7,0.8080249045663174,1,4.552263240430445e-05,0.8035745486582653,0.00010597262174530035,0.19197509543368255,0.0013858200355214253,0.0029128530752816867,1.8754309928563408e-07
plot_12084,7,0.13343502743784716,1,9.723738974020398e-05,0.8665649725621528,7.549146320041311e-05,0.12984739269135306,0.0012811235217411556,0.0021336138418270494,1.6852998531153592e-07
plot_12085,7,0.07584997495277544,1,3.846540716575893e-05,0.9241500250472245,8.69897213894585e-06,0.07478406357169777,0.0003493463215296701,0.0006693452056639731,5.547457930844203e-08
plot_12086,7,0.05184197109464996,1,6.01958801522839e-05,0.9481580289052349,4.007217187409382e-06,0.04967330216243148,0.0006103948108074829,0.001494036457189255,3.456699722000856e-08
plot_12096,7,0.10430207889271223,1,0.0002760101021255547,0.895697921107266,0.024439856632374232,0.003383467485730914,0.05292701354394001,1.8072309194314988e-09,0.023275729321332424
plot_12097,7,0.060265926253884695,1,0.0033906745377829477,0.9397340737461088,0.02814325931698496,0.001726519137657418,0.019691974155950795,5.569960412300368e-09,0.007313493535554617
plot_12098,7,0.10310316817864404,1,0.014872574257759652,0.896896831821356,0.055765089258375915,0.0022321073841962496,0.021303827859448222,2.465511884799037e-07,0.0089293228676756
plot_12099,7,0.19580625557869036,1,0.0034645855107609223,0.8041937444213096,0.05833393648660084,0.0033163125714604875,0.08316355151911356,1.0642968527841728e-08,0.047527858847786084
plot_12100,7,0.13970111544606142,1,0.01105024372564824,0.8602988845539387,0.054686766759613974,0.0017401490874325003,0.0475613078848734,2.094563697587419e-07,0.024662438532123607
plot_12101,7,0.28756865442107027,2,0.0053282757666244795,0.0369542147401101,0.7124313455789297,0.016334923218192392,0.10661142720995048,4.3696765697359884e-17,0.12233981348619277
plot_12102,7,0.6180961876157853,1,0.00041554145375683355,0.3823301850863521,0.38190381238421467,0.08015460907496277,0.07765427456106842,1.7116187975014155e-09,0.07754157572802645
plot_12106,7,0.42510740264177294,2,0.04787281017435989,0.029099876177834168,0.5748925973582271,0.0,0.038950269578214985,0.0019174255952402724,0.3072670211161237
plot_12107,7,0.5307830445322825,6,0.008490558009793618,0.02758430651305206,0.4502065316016946,0.0,0.04437446196864749,0.00012718643909468105,0.4692169554677175
plot_12113,7,0.5340151418916609,4,8.99620023733237e-05,0.04284839373108247,0.007362230625549651,0.36900902254226,0.4659848581083391,0.0780570165189721,0.03664851647142341
plot_12117,7,0.7491582766275471,6,0.00641537224252821,0.018865272177393266,0.250841723372453,0.03781040436990195,0.12873295265497728,6.387470484712098e-05,0.5572704004778991
plot_12118,7,0.4159769207035714,4,0.11821291836443093,1.1036814629595801e-06,0.008819244562676128,0.11038787946920811,0.5840230792964286,0.17309470491932166,0.005461069706471601
plot_12119,7,0.0046799174381986445,5,0.004023227598003364,0.0,3.3061588327223236e-05,2.9990694017508714e-05,0.0005739644435542418,0.9953200825618014,1.9673114296330436e-05
plot_1212,7,0.8420490348783475,1,0.03285664338410402,0.6168737600658881,0.15795096512165246,0.010156487671426895,0.12757666743400467,2.959003223842796e-06,0.05458251731970002
plot_12120,7,0.39976470303222233,1,0.0487541904917292,0.6002352969677778,0.09706861864664078,0.13037403498934277,0.09474635748176427,1.7735930545237474e-07,0.0288213240634399
plot_12121,7,0.7524098972092091,4,0.06324585344782051,0.04323381399135444,0.2509325872966528,0.08322195770840332,0.3117756847649775,5.033748282413499e-16,0.24759010279079083
plot_12122,7,0.6996332369067262,2,0.044323187343746004,0.014147941468623812,0.3706309160035215,0.05383211705930909,0.3003667630932739,3.6154944520571203e-16,0.21669907503152536
plot_1213,7,0.08056458641578129,1,0.030734776702643848,0.9194354135842188,0.006186917262864148,0.007851106052131787,0.0174765136641515,0.0024988660962256158,0.01581640663776444
plot_12135,7,0.7449947256330264,1,1.2296436842920732e-06,0.4472545389225786,0.09095890261863754,0.11766794685394413,0.2550052743669736,0.00014918791644943024,0.0889629196777324
plot_1214,7,0.09064001924815264,1,0.043919787319351616,0.9093599807517633,0.00836146473860906,0.010459369298363648,0.014520763084364398,0.002019835792582086,0.011358799014965814
plot_1215,7,0.20887977012002457,1,0.11282791902331327,0.7911202298725163,0.035474055189323034,0.004561846730504817,0.04161375681464695,0.0002353572122916494,0.014166835157403846
plot_1216,7,0.8756483799457406,1,0.1243516193593147,0.7637366912111381,0.043760377164236815,0.009153639306424655,0.0459083183752961,0.0001313648073442692,0.012957989776245514
plot_1217,7,0.3229504839816295,1,0.03355395911454689,0.6770495160183705,0.10479019029888358,0.009613851051045435,0.12987862791588317,1.2957929981636435e-05,0.04510089767128876
plot_12184,7,0.35345347531077276,2,0.054107074100653255,0.0816916850200225,0.6465465246892272,0.04454110767279765,0.017664255388703184,0.0002723447015876584,0.1551770084270085
plot_12218,7,0.8054522613179502,4,0.002479378111619171,0.03825829156583209,0.27811265514670747,0.03261992917409022,0.45379465743790504,0.00018734988179621782,0.19454773868204986
plot_12219,7,0.5375184736153792,4,0.0006430999364047528,0.03613034980331675,0.31779504777511003,0.02865166251049992,0.4624815263846208,6.425319691674221e-05,0.15423406039313106
plot_12239,7,0.8680170554815863,1,0.008988115626244497,0.4478373717759476,0.1469583231682714,0.043570149246832154,0.13198294451841375,1.5917010867829295e-18,0.22066309566429054
plot_12240,7,0.7396575703214562,1,0.04781551158201808,0.32352261361040163,0.1694384725848142,0.00040057149911473875,0.26034242967854393,0.19434355048265003,0.004136850562457481
plot_12251,7,0.7566590324693023,4,0.24334096753069775,0.3230731783474577,0.023427393524470538,0.023924320374719258,0.3496805358153889,1.6995046881704829e-12,0.03655360440556646
plot_12252,7,0.604964284941032,1,0.13079857426672756,0.39503571505896795,0.047301149844353504,0.004966992835662581,0.32056144787055174,3.1212672667996808e-09,0.10133611700246933
plot_12256,7,0.38705892034042794,2,0.10775626867782084,0.05822093946632294,0.612941079659572,0.02276105134236003,0.007363308528026585,0.0016001731177382663,0.1893571792081592
plot_12262,7,0.7209139290541704,0,0.5141022550730588,0.07590833801724632,0.05246551452617222,0.07595726482202883,0.0012379378066034027,0.0012426188090606948,0.27908607094582966
plot_12263,7,0.3835678477255009,0,0.6164321522744991,0.046289228190919074,0.035031547447025295,0.04234799940739943,0.0016844446234221986,0.002963562902793841,0.2552510651539411
plot_12292,7,0.5034481519919423,4,0.0015469609178706575,0.05466777129691193,0.23956580802561134,0.040826053322971914,0.4965518480080577,0.00034915731541615815,0.16649240111316035
plot_1231,7,0.8435414814841888,1,0.017926097985079468,0.5714987966481901,0.025830726637939047,0.21828694581683117,0.15645851851581116,7.649891280064323e-05,0.009922415483348459
plot_12314,7,0.2770863553444371,5,0.00010343498022364741,0.07045494177079842,0.004500337626267147,0.0006432265859020763,0.1959919661148032,0.722913644655563,0.00539244826644254
plot_12315,7,0.5102246896997877,5,9.471884324371761e-06,0.20180923746305945,0.00923104356516561,0.0007104878398527709,0.29158724245289236,0.48977531030021226,0.0068772064944932
plot_1232,7,0.5142416473046295,2,0.0004276714231425906,0.06899137219922741,0.4857583526922839,0.0003677929443697607,0.0038623982618659985,1.6525942062295775e-13,0.44059241247894515
plot_12334,7,0.3763800862605028,5,2.039556141873381e-05,0.16145202296785072,0.003941251823698637,0.0054271792517047186,0.20352254926701557,0.6236199137394972,0.0020166873888144018
plot_12335,7,0.1733699846699686,5,0.0004562468235199951,0.031927816358078134,0.0029184223263046855,0.0004595621017483201,0.13397942969377452,0.8266300153300314,0.0036285073665430316
plot_12379,7,0.009304202426900927,5,0.004879247267220606,3.9804750015636315e-05,1.9244628592809868e-05,0.002630905581651424,0.000540797072732725,0.9906957975730991,0.0011942031266877647
plot_12380,7,0.00840803722309956,5,0.002606212754376351,2.8523927422624423e-06,8.463243280139876e-05,0.0005197190817590322,0.0004955919033183729,0.9915919627769004,0.004699028658102131
plot_12381,7,0.00756989502334187,5,0.0039496699031578595,2.5987612302489805e-05,1.83335760649362e-05,0.0018323910937522727,0.0003958285626037955,0.9924301049766582,0.0013476842754605667
plot_12382,7,0.011020187536932399,5,0.004210666408516722,2.7108226808744148e-05,7.828896945608716e-05,0.0019333252040121163,0.0007031780835965646,0.9889798124630677,0.004067620644542219
plot_12405,7,0.12334391142006094,1,0.008821761265629724,0.8766560885795824,0.015944454735819527,0.06606286522261973,0.032183212860527305,0.0003315985397641922,1.8796057101734742e-08
plot_12422,7,0.6591033333662861,6,3.6623375223272937e-07,0.26635837754209063,0.3408966666337138,0.03483028812204497,0.013425544820586058,2.566381954169361e-09,0.3444887540814303
plot_12427,7,0.4526185477514467,1,6.265856206466645e-07,0.5473814522485306,0.23406588314609217,0.014304278180585552,0.011391008943086521,2.451587449445978e-08,0.19285672638021006
plot_1243,7,0.5893154007480582,1,0.004095548381688369,0.41068459925099854,0.28880958920081223,0.0022747456936114095,0.021043280042804223,8.6645932339807e-09,0.273092228765492
plot_1244,7,0.3684612885113011,1,0.05060525732619842,0.6315387114883027,0.09893589207579609,0.05768194768002986,0.10937557756036284,7.086722058626995e-06,0.05185552714725143
plot_1245,7,0.2533481785530496,1,0.0009911653947435274,0.7466518214469504,0.0032197092259216836,0.1833695328306995,0.06504152141710841,0.0005576700553352275,0.00016857962924119745
plot_12456,7,0.36140262597295797,4,0.15727466109464838,0.008545655628056982,0.11020064856799656,0.0727207833586036,0.638597374027042,0.012528898675611647,0.00013197864804074614
plot_12457,7,0.6350198118271985,1,0.12390153318418626,0.3649801881667204,0.20844034643050588,0.10439184179370374,0.18632106515336416,0.011953565376933253,1.1459894586279794e-05
plot_1246,7,0.18141347077150516,1,0.0004964227338199341,0.8185865292283891,0.0131869686122849,0.11788927432980287,0.04436180142444067,0.005397324186983261,8.167948427930352e-05
plot_12466,7,0.8735425120778054,1,0.10631177813446871,0.4418928113428573,0.18756069832964153,0.12645748792219474,0.1316922670762741,0.006075825089217818,9.132105345910326e-06
plot_12467,7,0.3696313735604293,1,0.06290392460910771,0.6303686264395706,0.11954234001205215,0.11215216420627505,0.0727621146570349,0.002270008708923733,8.213670357344898e-07
plot_1247,7,0.13530847736219875,1,0.00010066018606249365,0.8646915226376891,0.019751003645752097,0.07694340348134747,0.029757621501412982,0.008746984613718714,8.803934017225648e-06
plot_12471,7,0.8982071445964533,2,3.625635221238741e-07,0.18239998124207119,0.3914874054667583,0.10179285540354677,0.004191510966368983,1.1369448187204735e-08,0.32012787298828443
plot_12473,7,0.6192350685591816,6,5.292191875774637e-07,0.16593138749126227,0.37339773959407435,0.0712445893178699,0.008660819230512047,3.7062753634782024e-09,0.38076493144081847
plot_12481,7,0.17352591389379868,1,1.7781987823805556e-08,0.8264740861062013,0.09749146119033865,0.0036632182149527446,0.0019646179620228976,3.4678015658856173e-10,0.07040659839771643
plot_125,7,0.055040463170552015,1,0.014171443092355449,0.944959536829448,0.01977430914794475,1.3813397639418945e-05,0.018591567955068743,1.4899104744260603e-06,0.002487839667069244
plot_12503,7,0.5404055570934505,1,0.09197582374066855,0.4595944429062945,0.2191054579019565,0.09396704909123171,0.13248694314926773,0.0028629532219080784,7.32998867281222e-06
plot_12504,7,0.7168141739054421,4,0.1195494021704949,0.2759017709312628,0.22068827340992084,0.07634626827257528,0.283185826094558,0.024303778892077202,2.4680229111054714e-05
plot_12505,7,0.7687431357507905,4,0.12705534409283806,0.2592429784020329,0.23125686424920927,0.06736844370551476,0.2798982310456607,0.03515076395382098,2.737455092327485e-05
plot_12506,7,0.7284317784391907,1,0.08867790129782605,0.3925409362992043,0.2715682215608093,0.06998736490645747,0.17545896106822717,0.0017602419269266854,6.372940549120223e-06
plot_12507,7,0.8049412077298734,1,0.19505879227012646,0.3053194068939388,0.21082341040125022,0.08707589200295048,0.1923581125002452,0.009135570590574254,0.0002288153409144073
plot_12508,7,0.6321118987067984,1,1.8848662711399297e-05,0.38225203994481405,0.3678881012932015,0.033601018686208135,0.042676110367113135,1.2278961075566782e-06,0.17356265314984415
plot_12514,7,0.881275300010983,1,0.001380645990881723,0.5298738276828636,0.06063878418369056,0.11872469998901718,0.1647279982537351,6.644439815816682e-06,0.12464739945999619
plot_12515,7,0.8693857018784482,1,0.012473995513710062,0.5616603402522555,0.08015073874236114,0.13061429812155192,0.14658924505724918,0.0023945277265880046,0.06611685458628419
plot_12516,7,0.776507603251922,1,2.7666516924548748e-05,0.6396652236061066,0.06417647124814534,0.015224498191387176,0.223492396748078,2.970526536124791e-07,0.0574134466367049
plot_12517,7,0.3292647184071827,1,1.666689477419672e-05,0.6707352815928173,0.06103375711202116,0.013706155891650165,0.18387124576099795,5.208293438122628e-08,0.0706368406648048
plot_12535,7,0.7141398229281413,1,0.24379841591674206,0.2866812261319584,0.10513719832988266,0.007475609074471049,0.04671054197000323,0.02433683150508394,0.2858601770718587
plot_12550,7,0.7785453712853722,2,0.16716148278448992,0.07864427041543431,0.3870574825265569,0.05021269109386105,0.09544596063811395,2.3483826916007946e-05,0.22145462871462787
plot_12551,7,0.550039571021333,2,0.1113839030509999,0.1203119876986459,0.44996042897866695,0.054436657542205336,0.12483284275165507,2.527813949438755e-05,0.13904890183833246
plot_12562,7,0.27537725098139926,1,0.07454665046270054,0.7246227490170598,0.1208671237601069,0.006760144469622439,0.02466694057489515,6.471772375427108e-06,0.04852991994323969
plot_12563,7,0.3385619498365893,1,0.039648029852456065,0.6614380501631262,0.19086814778403519,0.019048047342628084,0.038103253905727066,6.886379701942714e-06,0.05088758457232542
plot_12567,7,0.3394710763586637,1,0.016326696376593827,0.6605289236413364,0.10121163533211126,0.07334396837252039,0.06666385579861527,0.0015001150035314926,0.08042480547529147
plot_12571,7,0.7202861583195217,6,0.18576541178099765,0.08897604571557309,0.19047784632189427,0.10997481127471828,0.04594646405369053,0.09914557917264794,0.27971384168047825
plot_12573,7,0.027810996489447935,1,0.01492576415691894,0.972189003510552,7.37662168518358e-05,8.09636355712455e-06,0.006800642314622312,0.0028144503796821685,0.0031882770578155186
plot_12582,7,0.6783056621208863,6,0.1331990559656799,0.24260460328969088,0.21421615890544876,0.0653799321711545,0.02290591093182737,8.570849558584149e-10,0.32169433787911367
plot_12583,7,0.7473917518644506,6,0.1407933857462276,0.08339971756674598,0.25260824813554944,0.09338766684399678,0.004948079881455164,5.764815994035897e-10,0.4248629012495434
plot_12584,7,0.5768872331795432,6,0.146091109585574,0.08207040578895251,0.23503411774827906,0.10956819725645646,0.0041232588115447475,1.4398873636425175e-07,0.4231127668204569
plot_12587,7,0.8446788065979056,6,0.15532119340209438,0.1845383202386871,0.2191804740037296,0.08979759321562185,0.016822702869574664,4.6613085837034325e-08,0.33433966965720663
plot_126,7,0.07162279876285546,1,0.015215902694219439,0.9283772012371171,0.039323941411333795,3.8049751191571797e-06,0.011875175856003757,2.3652995514692556e-06,0.005201608526655353
plot_12609,7,0.014388342173322355,5,0.0011913543108026062,0.0012994271707600729,0.005481187289812485,0.0001126516380486314,0.0030311363906126397,0.9856116578266777,0.0032725853732859726
plot_12610,7,0.02135986999152915,5,0.003042079362740857,0.004597701157337128,0.0057920535535520585,0.00038956995219452834,0.0035500571961760833,0.9786401300084708,0.003988408769528475
plot_12611,7,0.02942384806725297,5,0.003029530865203147,0.004668816132264247,0.009672881180399781,0.0005203989959344527,0.005420234526211584,0.970576151932747,0.00611198636723977
plot_12621,7,0.4196343275041254,1,0.055174560156319906,0.5803656724958747,0.17783844723506048,0.009975417596890933,0.15709156000624802,0.019550042699697054,4.299809908961157e-06
plot_12622,7,0.3631434169742253,1,0.04220705710690706,0.6368565830252331,0.15037728311940993,0.009366049911911312,0.14338477179517106,0.017806109837901422,2.1452034661645754e-06
plot_12647,7,0.41519655617977846,2,0.13213311860382718,0.013409470161901922,0.5848034438202215,0.0,0.05147371757881593,0.006855249539448643,0.21132500029578483
plot_12648,7,0.7149587674510305,2,0.06698392246568619,0.02772551498397831,0.5774572224095338,0.0,0.04013579008416524,0.002656317507667057,0.28504123254896946
plot_12663,7,0.7610238161906877,4,0.04785012093268075,0.05339546027090124,0.18207501370216153,0.01759714508068084,0.4601040049254269,2.0712788364401063e-06,0.23897618380931232
plot_12664,7,0.6134514925030515,4,0.08002549521555107,0.06405946924153663,0.2158236818213442,0.04343981407311246,0.38654850749694836,4.0638903005720697e-07,0.21010262576247718
plot_1267,7,0.09807441842400952,1,0.0013697865914243314,0.9019255815759195,0.004577192939026635,0.0,0.08771307988848817,6.783066174201171e-07,0.004413680698523953
plot_1268,7,0.10937876148776152,1,0.001507778713520955,0.8906212385122384,0.005612945846386699,0.0,0.09717737545166132,6.553443203175953e-07,0.005080006131872139
plot_12682,7,0.44534347009295827,2,0.03131551358173302,0.03463834427206679,0.5546565299070417,0.0,0.05085281460158486,0.0008224691247951799,0.3277143285127784
plot_1269,7,0.11818319722518052,1,0.0038025155725527355,0.8818168027748194,0.007624843994142722,0.0,0.101091530003526,6.25032640534468e-07,0.005663682622318483
plot_127,7,0.06598796322019493,1,0.014223946206297874,0.9340120367796905,0.03578295162522956,3.504698171928962e-06,0.011325916957412852,2.010371593366892e-06,0.004649633361604044
plot_1270,7,0.4469371346896488,6,0.17770975415121426,0.09659402485453564,0.09288838296616408,0.004975784909905448,0.0012960155636960202,0.07347317224413341,0.5530628653103512
plot_1271,7,0.3070239116334298,6,0.12507143744111948,0.006979795428612928,0.048083512780044656,1.5576492348322618e-06,0.1267844668545705,0.00010314147984739329,0.6929760883665702
plot_1272,7,0.36550078617971626,6,0.09717369782385371,0.014532934295739895,0.07544652229828432,1.1323355769438889e-05,0.17832756307039987,8.74533566900496e-06,0.6344992138202837
plot_1273,7,0.29141482844146005,6,0.07393552239510942,0.01897040692125496,0.01983843066081921,2.4145451286234724e-07,0.17866074362695256,9.483382811051486e-06,0.70858517155854
plot_1274,7,0.538977931715048,4,0.051647290872111215,0.06293455497955099,0.08163034692490093,5.762761404026197e-07,0.46102206828495196,1.679890550019951e-07,0.34276499467328947
plot_1275,7,0.5591748900486925,6,0.06875639463433762,0.03455670599669944,0.09468305394562793,1.5130265520152922e-05,0.36116338825850364,2.169480036328592e-07,0.4408251099513075
plot_1276,7,0.7721173475890726,6,0.022178218142506603,0.28995929878588345,0.1534716106924896,2.0121767257240383e-05,0.22788265241092737,3.2908296140178375e-09,0.30648809491010615
plot_1277,7,0.5769994531875179,6,0.017091879503092818,0.20197139761154237,0.19335480779816439,2.593545649872351e-05,0.16455542413798852,8.680231142361206e-09,0.4230005468124821
plot_1278,7,0.7266498161792021,6,0.029889811538281547,0.2733501838207554,0.1894876633069454,1.666642542304461e-06,0.18930597530276366,2.038317132633548e-11,0.3179646993683286
plot_128,7,0.055432851167476226,1,0.014373166498587605,0.9445671488325238,0.02163377328758244,1.3293325756245146e-05,0.016743926734170935,1.5266341318752861e-06,0.002667164687247145
plot_1287,7,0.8801985244754782,6,0.1198014755245217,0.02983799478322016,0.12011063325623483,3.6327658985285814e-05,0.20300204853396453,5.010165169023511e-06,0.5272065100779045
plot_1288,7,0.7313177560655353,6,0.2686822439344647,0.010967139404235687,0.05508355783016963,4.6968458796305094e-05,0.14406567889555205,0.0026358906384248842,0.5185185208383568
plot_1289,7,0.4553885403600808,6,0.21344770083275472,0.022036598642226166,0.07000622933119162,1.7456906368922183e-05,0.14872184790430149,0.001158706743237895,0.5446114596399192
plot_129,7,0.05342201844763585,1,0.012157883737633001,0.9465779815522654,0.008056864345612291,5.707547155898749e-07,0.032523529529468645,1.7725854870764864e-06,0.0006813974948178963
plot_1290,7,0.4504412368333396,6,0.2358728387929968,0.010038113074289968,0.04843878549171012,1.7951959438207194e-05,0.15470000741564272,0.001373540099261822,0.5495587631666604
plot_1291,7,0.6157619433683719,4,0.11497813572388195,0.15818609484850327,0.22400556350936707,3.3152487030106516e-06,0.3842380566316281,9.851416545307348e-05,0.11849031987246356
plot_1292,7,0.725011920053203,6,0.03800065956067844,0.16231561733099342,0.2749880799467971,4.649819532975433e-07,0.13499958735459017,9.621453580105717e-11,0.38969559072877313
plot_13,7,0.738488241616569,1,0.013640887641777844,0.27271146118626816,0.11681552948847823,0.0716979530993215,0.2551941312928711,0.008428278907852218,0.261511758383431
plot_130,7,0.6215880431656374,1,0.0008599043541982134,0.38020111042470206,0.022896239167780233,0.0006251363077094317,0.37841195683436246,0.026143707020274923,0.19086194589097266
plot_1309,7,0.012681160672875169,0,0.9873188393271248,0.0021853623901751896,0.0,0.0,1.909309447106401e-14,0.006392717355649977,0.004103080927030907
plot_131,7,0.7923993763068562,0,0.3215429366900981,0.15044014410002604,0.18832891756023937,0.0068590038042308996,0.1252272251950557,1.1489572060687608e-06,0.20760062369314386
plot_1310,7,0.0004195305675659486,0,0.9995804694321617,5.463131399780135e-05,0.0,0.0,1.663405842050098e-16,0.00020223780751044406,0.00016266144632978935
plot_1311,7,0.00336203622709073,0,0.9966379637729093,0.000502784691017231,0.0,0.0,1.960508641534775e-15,0.001652719636679839,0.001206531899391682
plot_132,7,0.28218802039780233,1,1.703847157490301e-05,0.7178119795959241,0.0022389109157336514,0.00011862905265510406,0.25355654645449416,1.7137624082347316e-05,0.026239757885535744
plot_1327,7,0.216273416185378,1,0.028904758063695097,0.7837265838143889,0.009179938284159167,0.03485886695190736,0.08818666833250381,0.0551424490388519,7.355144938864124e-07
plot_1328,7,0.1813317937051938,1,0.01514499260500852,0.8186682062948063,0.011685827270488657,0.015027359457223374,0.10970455500778195,0.02976815081429633,9.085503950731638e-07
plot_1329,7,0.8993401002475981,1,0.01874984236882734,0.6478989142259876,0.10065989975240197,0.004744732572935007,0.22394199062706116,0.003999572973278418,5.047479508542716e-06
plot_133,7,0.20056103948340057,1,0.0013733754111600854,0.7994389604534107,0.0037959587389706953,0.003450751563067297,0.18737306194875095,0.0014558303498575515,0.003112061534782881
plot_1330,7,0.3505111609365262,1,0.11377053961254305,0.6494888390633095,0.001067405084333807,0.07008223310540819,0.05867909543578065,0.1069118832638523,4.434772601813086e-09
plot_1331,7,0.33508455448704516,1,0.1075886465474251,0.6649154455129548,0.0006697935866231837,0.038315376162637145,0.10334670727020188,0.08516403092015783,1.002602981028214e-85
plot_1335,7,0.5837311067485558,6,0.1809388428051185,0.017654307154109893,0.3224174270363386,0.00045398940156810474,0.06179845933185177,0.00046808101956888305,0.4162688932514442
plot_1336,7,0.45653115219365636,6,0.10998236277020265,0.08296232364683914,0.20417153515094172,2.7475191633044147e-05,0.058610406618625,0.0007770488154147878,0.5434688478063436
plot_134,7,0.3181695966470403,1,0.01738834569904675,0.6818304033528803,0.23134206670596336,0.0003889271948713275,0.05738016950734228,0.0004158995559011942,0.011254187983994832
plot_13427,7,0.4275173765951207,1,0.05693170786213628,0.5724826234045879,0.10697288057233838,4.512794944879861e-07,0.10877993031742451,0.12274158621989878,0.032090820344119655
plot_13428,7,0.48156410987593723,1,0.04214460226925877,0.5184358901059711,0.1795639558995741,5.013937282946605e-07,0.0488117012878797,0.14656125788572655,0.06448209115786147
plot_1345,7,0.19843490312238302,1,0.18176182767893176,0.8015637259026969,0.0013621410634968947,9.701424225247806e-06,0.010600751906267924,0.004619881445119578,8.19705792616987e-05
plot_1346,7,0.12702766636001947,1,0.1214170813836391,0.872972333639809,0.0003783343015815463,2.882642931351188e-06,0.003840767919139421,0.0013798314263769058,8.768686522803775e-06
plot_1348,7,0.6886658442875055,6,0.1364835973183794,0.04735448478064067,0.3113341557124945,0.00032522558490158534,0.01912808645197219,0.03033213908365011,0.4550423110679616
plot_135,7,0.2791006543154149,1,0.015410540419148877,0.7208993456761588,0.22857437032332062,0.00010402770218415091,0.022560065826214067,0.00012141405637860299,0.012330235996594923
plot_136,7,0.49481400162594014,1,0.0321374231275308,0.505185998373668,0.3202096133579541,0.00017817548513858068,0.034642755390098486,2.709999362805632e-05,0.10761893427198213
plot_1363,7,0.6527788675493744,4,0.04502712037549471,0.302990015963315,0.13566526885361807,0.0,0.34722113245062564,2.3203641589003477e-05,0.1690732587153576
plot_1364,7,0.6433117855479772,4,0.02359455464084069,0.35609230796270497,0.09328783877268593,0.0,0.3566882144520228,2.8234628568086294e-05,0.1703088495431775
plot_1365,7,0.48590227415254816,1,0.00977128026157422,0.5140977258474322,0.04133051995350677,0.0,0.33884046831709974,0.00011026830288754989,0.09584973731749963
plot_137,7,0.43711853248733856,6,0.009780363162985055,0.28195020540475,0.11484137407992898,0.0025806043983812657,0.027965949843897053,3.55973962364945e-08,0.5628814675126614
plot_1379,7,0.780352483413745,4,0.1169813068973439,0.15101860940082842,0.21964751658625495,3.223734719482393e-06,0.3686001496970396,0.00011436251126984904,0.14363483117254378
plot_138,7,0.40843387356674765,4,0.04479781227893938,0.034396089058011003,0.19708802232406164,0.085059176757672,0.5915661264332523,8.898207494172621e-08,0.047092684165988746
plot_1380,7,0.7784207077831611,6,0.22157929221683897,0.064068523573672,0.1181931458427937,2.118783294170147e-05,0.23894308574418713,0.0012816587028660553,0.3559131060867005
plot_1381,7,0.5123353860493594,6,0.24289218717271488,0.00855277602453065,0.07167631365366745,0.00041959251314578155,0.1784732475750222,0.010321269110278398,0.48766461395064076
plot_1382,7,0.8905965711522013,6,0.1094034288477986,0.10886474897268167,0.12939294512403907,0.00013249695386122938,0.14354633957262244,1.1666582139391187e-06,0.508658873870783
plot_1384,7,0.5422527368623908,6,0.031031522107208578,0.20870278275048149,0.11119554452595355,2.8306261525206984e-08,0.19126084454196748,6.20146305182056e-05,0.45774726313760916
plot_1385,7,0.6763313710847534,6,0.057501204939306806,0.06479158229631951,0.2694771529327106,0.0028373166617520983,0.21165701755979813,0.07006709669486647,0.32366862891524656
plot_1386,7,0.6691168085834517,6,0.10984511863768101,0.03677615948079144,0.045613994533742826,0.0003143310349399934,0.3308831914165483,0.0019634507613571347,0.47460375413493927
plot_1387,7,0.48852562479491213,6,0.12097567879074485,0.02780118189188252,0.04700076797111767,0.0006361902835289919,0.2901489043178078,0.0019629015398302677,0.5114743752050879
plot_139,7,0.09963385404775389,1,0.00471119297574379,0.9003661459522462,0.02212566678831681,0.020649835866748303,0.02703271298903945,0.018097773720378785,0.00701667170752678
plot_14,7,0.6970727120242829,4,0.0271924756027581,0.16641904879414343,0.2740357348784121,0.01739314481152081,0.3029272879757172,0.00018893674095044765,0.21184337119649796
plot_1403,7,0.3448416492144245,6,0.06555789605428414,0.06783460465992522,0.1026002812283424,9.110884503618757e-06,0.10883973129723248,2.5090136596536547e-08,0.6551583507855755
plot_1404,7,0.640358775397309,1,0.0052579841724146505,0.5401665956633226,0.024207305764593862,0.0,0.3596412246026911,1.984099641408577e-05,0.07070704880056382
plot_1406,7,0.8209761612031673,4,0.008389455769594361,0.17902383879683276,0.19583581717371096,2.6134011317806492e-05,0.4731444784111319,0.006001472954580072,0.13757880288283225
plot_1407,7,0.6717267236516999,4,0.04233283754551265,0.15390373600295137,0.07089394196733151,5.075310359848368e-05,0.40219737030040414,0.002348084731901744,0.32827327634830017
plot_14226,7,0.35399547616405097,0,0.646004523835949,0.08083933329662031,0.0,0.0,6.140045694931944e-12,0.17135810245353925,0.10179804040775134
plot_1423,7,0.7097016904248712,1,0.2902983095751287,0.6188900423523493,0.010329655826510006,8.427760767661756e-05,0.05342676809686263,0.025748972407737592,0.001221974133735182
plot_14320,7,0.8130783584499781,6,0.15361306435531766,0.05397955160296305,0.011132203645868095,0.18296148747200391,0.18692164155002194,1.3601152939690162e-11,0.4113920513602242
plot_1440,7,0.32548263561142154,1,4.9811535736802275e-06,0.6745173643884946,0.00771668560684048,0.0,0.3176424570257483,1.6778162272416244e-06,0.00011683400911558598
plot_1446,7,0.4789829597189511,6,0.13694135184858514,0.02925761021495411,0.06166116815566369,0.002059442627621625,0.24598349559647942,0.0030798912756471166,0.5210170402810489
plot_1447,7,0.8183839404529099,6,0.17527466425384577,0.07105699840249287,0.22160539915711353,8.088421604292967e-06,0.18161605954708843,0.00016394607137522777,0.3502748441464799
plot_1448,7,0.5383830298108336,6,0.1896058365148378,0.023235868086278616,0.10600843741892346,3.735854233494366e-05,0.21927902129498325,0.000216507953475637,0.46161697018916636
plot_1449,7,0.6432860629627655,6,0.22131070014140464,0.03123022516301401,0.3023317848575938,3.746364310149241e-05,0.08650966846316094,0.0018662206944905003,0.3567139370372346
plot_1450,7,0.6022859769416529,6,0.16664872842153267,0.0361045062223181,0.3067591099629322,0.0006628770145561228,0.09163384396991833,0.0004769113503954249,0.39771402305834724
plot_1451,7,0.6525926599679079,6,0.01943263091132433,0.21763887683004096,0.13179854940604996,2.0186715954331227e-09,0.28371869693542995,3.903866391165147e-06,0.34740734003209206
plot_1453,7,0.25923893124553826,1,0.0005957066609639147,0.7407610687544618,0.002795745273907147,0.0,0.21541474719044804,0.040432732120219216,5.759731016264396e-85
plot_1454,7,0.4532653227213118,1,0.010297862261060676,0.5467346772786882,0.03647822593627738,1.0822496887203395e-06,0.4052373896859899,0.0012507625882951987,1.6326068166665722e-87
plot_1455,7,0.7242950549109841,4,0.02577774648312226,0.3348025431010553,0.27570494508901594,1.5642457407044063e-06,0.3636721789748042,4.102210626165441e-05,2.680318227763436e-107
plot_1456,7,0.23030465790234578,1,0.20392965800762233,0.7696953420976541,0.00310038170883781,5.982986915675449e-05,0.017969892086071294,0.005157481241488574,8.741498916893139e-05
plot_1459,7,0.8050484818670853,1,0.19495151813291467,0.3687861344118519,0.051218093943119256,0.03731971797451267,0.006560480771263248,0.04030855465869827,0.30085550010763995
plot_1460,7,0.3304644913924442,1,0.03322146733906467,0.6695355086075557,0.03281804684925215,0.03894808327363763,0.08727536223752914,0.0005541470012845109,0.13764738469167603
plot_1461,7,0.5357379673248827,4,0.10653353159073414,0.14863256392878826,0.11855931718547211,5.861454234315729e-05,0.46426203267511734,0.012383949237490192,0.14956999084005482
plot_1462,7,0.3176073601923158,1,0.013953769461205879,0.6823926398076843,0.02318243854718589,0.11221038693592347,0.019030847305967463,0.0007200164252332542,0.14850990151679988
plot_1463,7,0.7008048806884046,2,0.07687428594826261,0.18678189231628295,0.29919511931159537,1.6455493603496346e-08,0.1720827040770831,1.1666203307273242e-08,0.2650659702250791
plot_1464,7,0.46974373729875785,6,0.018763744311562483,0.10202288456728725,0.24127076705439976,2.802254781229028e-07,0.10768603829337783,2.2846652505644614e-08,0.5302562627012422
plot_1465,7,0.4823081628407332,6,0.016134140194558694,0.12324151175506878,0.23843905546759345,4.856411956945755e-07,0.10449296958246213,1.99854449334162e-10,0.5176918371592668
plot_1466,7,0.7600302183326775,4,0.08368033717291093,0.21375651449211863,0.23996978166732252,0.0,0.2933791337235184,1.5452485507998498e-06,0.1692126876955787
plot_14725,7,0.7478437019689834,5,0.18923000474926818,0.252156293592462,0.0,0.0,4.4385544115080985e-09,0.5571080600691115,0.0015056371506040837
plot_14726,7,0.4480554457004527,5,0.20579667248787656,0.24118329825431975,0.0,0.0,4.256646744493456e-09,0.5519445542995473,0.0010754707016095272
plot_14727,7,0.6832768664673373,1,0.08023763925452083,0.31672313353264936,0.10123716245876987,0.005298646528222972,0.2251717159451158,6.545248626269323e-09,0.2713316957354726
plot_14728,7,0.4311679846214995,6,0.17440198807137994,0.07054853217716892,0.1551589010620295,0.0009112349397175487,0.030146852844762928,4.755264407085444e-07,0.5688320153785005
plot_14729,7,0.5429161021391646,6,0.10576338232533676,0.17673869600178405,0.14301809062968485,0.00514409215231704,0.11225181493361991,2.6096421985900657e-08,0.4570838978608355
plot_14730,7,0.8356623086568956,6,0.23554539130981178,0.045553745819698885,0.1643376913431046,0.0012573097759386326,0.021483952055361917,6.103986393370655e-07,0.5318212992974449
plot_14731,7,0.6362599169482069,1,0.13783474458348266,0.3637400830511256,0.08270352528545803,0.004611191147198797,0.21782306476154342,9.690535276337034e-09,0.19328738148065622
plot_14751,7,0.4911461491364282,6,0.1690458079423427,0.1154363424054736,0.1562804821957896,0.0010632489601217145,0.04931968120875911,5.864239413938587e-07,0.5088538508635718
plot_14752,7,0.8521109207052574,6,0.1528463668957323,0.21199191292075395,0.14788907929474274,0.0021016462637126142,0.10895773759615274,6.640286205728857e-07,0.37621259300028526
plot_14753,7,0.7069652764328039,1,0.19102451553388972,0.3625955428706126,0.04952020665067925,0.013637003143980472,0.2930347235671962,3.463283436053762e-09,0.09018800477035843
plot_1476,7,0.4394077382330063,1,0.08888040871168502,0.5605922617669938,0.12566286443986804,9.636007717246146e-06,0.046452880426238505,0.13925285834994555,0.039149090297552
plot_1477,7,0.8201010562596676,6,0.009942876281816072,0.08132235631900397,0.1798989437403325,7.286196752962517e-09,0.132971577495831,3.718207979313933e-08,0.59586420169474
plot_1478,7,0.3488517835555026,6,0.021286268922795067,0.0640002849961677,0.1595476399331742,1.949438031473945e-07,0.10401737734058435,1.741897821379303e-08,0.6511482164444974
plot_14780,7,0.010735008684764652,1,0.0005806438574296665,0.9892649913152354,0.0016447663796249701,0.0001704696358729939,0.0063552467431525865,0.001983855274307401,2.6794377057997454e-08
plot_14781,7,0.009541009719731932,1,0.0005145275840062909,0.9904589902802681,0.0004258908217509215,0.0006911977204695545,0.007308672980067271,0.0006003455883634662,3.750250744273936e-07
plot_14782,7,0.8244202831436018,5,0.1755797168563982,0.018355716646554554,0.12954795363771243,0.007752399531050265,0.31339074639708453,0.3285346355671863,0.026838831364013757
plot_14783,7,0.5705426913355728,4,0.04663434042872626,0.29528695211979683,0.21074496673430662,0.01775807067214877,0.4294573086644272,0.00011386321051718186,4.498170077045842e-06
plot_14784,7,0.41786711387215336,4,0.03062198587694114,0.2038746452500393,0.18209385950139198,0.00103854583304067,0.5821328861278466,0.00020607115433249524,3.200625640780245e-05
plot_14785,7,0.41391665314162057,4,0.019316211041080094,0.21959354669356543,0.17411059070202248,0.00028495828837753933,0.5860833468583794,0.000518596114165149,9.275030240987976e-05
plot_14794,7,0.715132452205609,4,0.011585904078043786,0.2848675477852622,0.14435543934864317,5.9128188496658685e-05,0.5555399120477462,0.002846419898836644,0.0007456486529714921
plot_14795,7,0.5669953458831543,5,0.1497085939127958,0.00013329855776457512,0.024878816890940375,3.438086849254466e-05,0.2852660142839958,0.43300465411684574,0.10697424136916522
plot_14796,7,0.570814514360599,5,0.11827612893809347,0.00021267351945724813,0.09848665299014539,1.3795289564616992e-05,0.2931140160833342,0.42918548563940095,0.060711247540004176
plot_14797,7,0.7838656814588352,4,0.000146657377667027,0.1703918671472946,0.15567239668305632,0.0,0.4360012878926959,0.021653472358121276,0.21613431854116494
plot_14798,7,0.6040954712197768,4,0.22096326483109074,0.00016482200984996756,0.0052160812147448235,7.854478066524691e-05,0.39590452878022314,0.17645750771754212,0.201215250665884
plot_1480,7,0.140922736320425,1,0.002494745129918348,0.8590772636793905,0.0096134054499301,0.0,0.10426552669969456,0.0031197378486621775,0.021429321192404382
plot_14801,7,0.5360205745158277,6,0.3574633709871951,0.02807235959667405,0.12329257180256992,0.005287514816227278,0.021904693272265668,6.404089587916935e-08,0.46397942548417226
plot_14802,7,0.7585070178902911,1,0.241492982109709,0.35137057445234926,0.03804351757145614,0.06808235652499371,0.280613042856889,2.50700530079349e-12,0.020397526482095873
plot_14803,7,0.4628856506895624,4,0.1521592008171839,0.002316977132901716,0.011796005055960169,1.5789960530788595e-05,0.5371143493104377,0.2098898092982044,0.0867078684247814
plot_14804,7,0.4984823174183588,4,0.1344365347873954,0.0021742292550161256,0.02147276936896143,1.3261531094945244e-05,0.5015176825063296,0.2739907140657073,0.06639480848549541
plot_14805,7,0.7196297854581197,4,0.20104166850687838,1.8549832521035266e-05,0.004843711863025928,0.0006091424988476078,0.30607751497371327,0.20703919778313357,0.2803702145418802
plot_1481,7,0.29813561783927717,6,0.07447564529765442,0.05557516794328072,0.06183333606450533,1.3941309432982824e-05,0.10623721309396406,3.141304396334384e-07,0.7018643821607229
plot_14811,7,0.42107989066237184,6,0.18896881976264726,0.05569804089507097,0.15324300775919816,0.0007415578562536822,0.022427888703184556,5.756860171074334e-07,0.5789201093376282
plot_14904,7,0.816100991702273,1,0.18389900829772712,0.6629616337255768,0.0024505801747300845,0.000451390037784016,0.051813110468865275,0.09760323000984207,0.0008210472854745666
plot_14905,7,0.28435360099291196,1,0.17643136940737003,0.715646399007088,0.0008449369438823082,0.053647660696522874,0.038733302198893226,0.00965258918876709,0.005043742557476367
plot_14906,7,0.46191810462867466,1,0.343635801828359,0.5380818953652727,0.01373970912658906,0.003047547126045812,0.011498224588157491,0.08328812691708759,0.006708695048488227
plot_14907,7,0.3856387690736543,1,0.2787610634716057,0.6143612309263458,0.005154272105043435,0.00822044544523004,0.007893534123672104,0.0833102161027229,0.002299237825380086
plot_1497,7,0.3888567859446392,1,0.11881911944100193,0.6111432122926738,0.019203825791960973,3.250533021174016e-06,0.19439013127000843,0.053434923223490124,0.0030055374478433925
plot_15,7,0.7099237712786062,6,0.02742889597071498,0.15816710610665707,0.197970634610607,0.042879750921263504,0.28223805787812056,0.0012393257912429894,0.2900762287213939
plot_1500,7,0.23604218901002771,6,0.06644398052498236,0.028360115583264334,0.028025535375432727,5.485845028645835e-07,0.11321124864651909,7.602953262992555e-07,0.7639578109899723
plot_1501,7,0.20065155419064948,6,0.05082941446986495,0.008936872006615333,0.013496857346248387,1.9336042777858071e-07,0.12737929869759265,8.918309900358207e-06,0.7993484458093505
plot_1502,7,0.17597389967571642,6,0.04591866150688555,0.02532309040109833,0.028485860704092772,5.896591185264825e-06,0.07623988917256969,5.012998847938148e-07,0.8240261003242836
plot_15049,7,0.6595770436341273,1,0.3404229563657821,0.5882484317274006,0.004255502594775952,0.0061549365089695555,0.0048547276993521765,0.05459163048644154,0.001471814617278158
plot_15056,7,0.41464965206961013,1,0.005459673083966465,0.5853503479303748,0.16594049719688383,0.00890539485325883,0.23258770794710731,1.0730416182632658e-06,0.0017553059467906736
plot_15069,7,0.7367338912407846,1,0.003016176353224551,0.47886772256786303,0.24946954979226815,0.00455611986195872,0.2632661087592154,9.35647474496681e-05,0.0007307579180204482
plot_15070,7,0.5714848396023396,2,0.033875615080425955,0.320156751516729,0.4285151603976604,0.037651508751859325,0.15692197009445047,1.7696844224876727e-07,0.022878817190432568
plot_15229,7,0.4461022194018993,1,0.0028157745910966894,0.5538977805975905,0.17264228485721447,0.0068371002773046086,0.2624440734427537,9.130671367016624e-06,0.0013538555626727916
plot_15247,7,0.6088928155762164,2,0.02264022756016345,0.3827460688746418,0.39110718442378367,0.021784796063161978,0.17089436873503056,3.931794733449272e-07,0.010826961163745371
plot_15253,7,0.300468511384434,1,0.15638281250686314,0.699531488615566,0.0020356200238410725,0.0007371724827973283,0.04631649591689893,0.09434191869664779,0.0006544917573857806
plot_15289,7,0.6628736248915659,6,0.3298947309967988,0.057174390261829536,0.004896226636492489,0.1581668141456982,0.11274146285074671,1.8460109470987494e-16,0.33712637510843424
plot_15326,7,0.44200610971432597,0,0.557993890285674,0.014069347326566456,0.03330161215346938,0.055965885784211265,0.06472048207214702,1.3665042092201332e-09,0.27394878101142756
plot_1536,7,0.7137578850178977,1,0.2862421149821022,0.5647922138667124,0.035621629712161526,0.0001492010000099787,0.045750129997581775,0.05984853608307068,0.0075961743583613395
plot_1537,7,0.7169614827680728,1,0.2830385172319271,0.646080288855764,0.008708995420952085,0.00010630210408685548,0.04176160434851249,0.0194450380362042,0.0008592540025533456
plot_15377,7,0.5392816108973615,4,0.03883457350693221,0.1448901768136918,0.06186378995166586,0.013693446510529138,0.4607183891026386,1.3046746710972345e-05,0.2799865773678315
plot_15378,7,0.4600949375817544,1,0.005925158298751884,0.5399050624179386,0.1997920758919547,0.008629583260133805,0.24389559738523686,1.3524446218368842e-05,0.0018389982997658316
plot_15379,7,0.46724866339487053,1,0.007769916597162688,0.5327513366051144,0.21989239507639252,0.01482013358002974,0.22080027373069497,9.399411880073009e-07,0.003965004469417655
plot_1547,7,0.08798618858547223,1,0.0008632568452464543,0.9120138114145063,0.0035352204391591985,5.519483441662385e-09,0.08169053484474788,0.0018971709368567236,3.684258442244859e-85
plot_15490,7,0.35255269690256347,1,0.23463481912708892,0.6474473030974366,0.005404914903530117,0.010491005927818826,0.01183448758439389,0.0877600426080835,0.002427426751648305
plot_15491,7,0.43479427450534464,1,0.28204145412498194,0.5652057254946417,0.012696408451893142,0.0015011452291185758,0.017384662314441655,0.1146772167174436,0.006493387667479433
plot_1558,7,0.6306435161368527,4,0.06588182335878072,0.2917348061257292,0.05837143540411967,8.432259474876632e-06,0.36935648386314746,0.002038151026103733,0.2126088679626443
plot_15580,7,0.3104969485223812,0,0.6895030514776188,0.012306234788562331,0.07776930388070277,0.00014520364254911182,0.007447760258500624,1.2799791813209728e-05,0.21281564616025317
plot_1559,7,0.7013339967670856,6,0.05833909976064734,0.22645447291669307,0.07587053338701312,1.4770706704689034e-06,0.29866600323291426,0.0007460515082027925,0.33992236212385896
plot_1560,7,0.11127628000672114,1,0.012829308148980919,0.8887237199931849,0.0014332763909070578,1.1986037014310414e-08,0.08509480096283803,6.516964674979955e-06,0.011912365553377127
plot_1561,7,0.39302589653557773,1,0.18571126982587735,0.6069741034644223,0.0005613066583961024,1.1372943200897951e-08,0.19256695950134017,6.563068574789884e-06,0.014179786108445992
plot_1562,7,0.5696741492330438,6,0.07835612641506587,0.25411247969907946,0.14864291717090622,0.05065197720518889,0.02483932017621817,0.013071328566585202,0.4303258507669562
plot_15622,7,0.5301767805740567,1,0.0035224904999160865,0.514979413728895,0.009738711834170768,2.4635852229288436e-08,0.46982321942594335,0.0019361398752226308,2.5508706682683747e-87
plot_15628,7,0.20181543398659862,1,0.1863876937105589,0.7981845660134014,0.0012748730054452648,1.0209435636367335e-05,0.010066626287426371,0.004012618521622593,6.341302590913291e-05
plot_1563,7,0.7332962620357052,6,0.2667037379642947,0.02653317126487773,0.1605471716479872,0.0002283029391469045,0.1707791727753313,0.00014289319945232304,0.37506555020890975
plot_15635,7,0.04444323803782933,1,0.00041790853900371735,0.9555567619563174,0.0016446039872633684,0.0,0.028212077218376118,0.009971162560462935,0.004197485738576264
plot_15636,7,0.7500545573245642,6,0.2499454426754358,0.051679849279890576,0.05995525072556263,0.004823967904268992,0.13491450967717575,0.0011110414899770213,0.4975699382476893
plot_15637,7,0.7149852017644608,1,0.08638257587661763,0.4036013884946124,0.11511305542045516,0.0,0.28501479823553927,1.0653572243654636e-05,0.10987752840053192
plot_15638,7,0.32865055946051003,1,0.033694654912480554,0.6713494405389138,0.035915359987501165,0.03367688733551084,0.10923014086825475,1.2582474286045539e-06,0.11613225810991029
plot_15639,7,0.0801736412525543,1,0.003984644379547924,0.9198263587474457,0.004739065240593201,0.0,0.06805938564499492,1.1935002328354764e-07,0.0033904266373949513
plot_15643,7,0.6318215218063943,6,0.18720343293532649,0.01558209712664492,0.3681784781936057,0.00042013628257243484,0.05293792433317125,0.0006404939276272075,0.375037437201052
plot_15646,7,0.12053251955303695,6,0.031045777164717146,0.009851194723056398,0.014191869218901263,5.289837695036659e-07,0.06544250719963536,6.422629572343691e-07,0.879467480446963
plot_15647,7,0.5740097334825676,6,0.035831498874569094,0.13205453306472395,0.27793780506862753,2.2428336390247688e-08,0.12818585068696775,2.3359342660845752e-08,0.4259902665174325
plot_15658,7,0.2648199763978716,1,0.06039019708617086,0.7351800236021284,0.055555508114900495,0.0,0.12845010962686984,1.466529757208417e-07,0.020424014916954537
plot_15660,7,0.5998422168315738,4,0.12037487241395592,0.3084208796986264,0.018529852900131517,0.01571058776376011,0.40015778316842626,0.001298654640279084,0.13550736941482058
plot_15668,7,0.2375108461123898,1,0.006526387731476791,0.7624891538876103,0.040051818626738546,0.0023408198958205987,0.1835392270999297,0.0048851094528657435,0.00016748330555850817
plot_15669,7,0.31661893553247356,1,0.03959834635773932,0.6833810644675264,0.07934957538114726,0.0028201037239454258,0.19137364079599123,0.0034536624845555447,2.3606789094717635e-05
plot_15671,7,0.5100965067764256,1,0.04116547764242839,0.4899034932188058,0.06070114937314098,0.08840070544574533,0.013304445083147988,0.002853951190073868,0.30367077804665765
plot_15675,7,0.06544656922479197,1,0.06311439954741456,0.9345534307750377,0.00012509714492360012,5.07349545681323e-07,0.0015448640984259579,0.0006576157813071903,4.085303345370006e-06
plot_15678,7,0.19154154837217627,1,0.0010644092229071902,0.8084584516278237,0.003419562030803759,5.347891830382558e-09,0.17797940115841587,0.009078170612157613,1.7441962944462105e-85
plot_15679,7,0.25314390595008646,1,0.0746668704831991,0.7468560940499135,0.0010052440165436195,0.019809594893690784,0.09492764708690812,0.06273454946974479,4.171791471197487e-86
plot_15688,7,0.3286505594589556,1,0.03369465491248055,0.6713494405388697,0.03591535998750115,0.03367688733551083,0.1092301408682988,1.2582474286045536e-06,0.11613225810991029
plot_15695,7,0.44610221940229106,1,0.00281577459109669,0.5538977805976006,0.1726422848572145,0.00683710027730461,0.2624440734427437,9.130671367016626e-06,0.0013538555626727918
plot_15696,7,0.6088928155762164,2,0.02264022756016345,0.3827460688746418,0.39110718442378367,0.021784796063161978,0.17089436873503056,3.931794733449272e-07,0.010826961163745371
plot_15697,7,0.8245637488413067,1,0.06891946992341694,0.40011710607662876,0.03522712565092116,0.14983754881516373,0.17543625115869332,8.062576161562889e-06,0.1704544357990145
plot_15698,7,0.3558369085560008,1,0.027699487454763836,0.6441630914439773,0.037119421009264006,0.03041790719371936,0.06389445768249326,1.5250191370146048e-06,0.1967041101966453
plot_15700,7,0.5714848396023396,2,0.03387561508042596,0.32015675151672895,0.42851516039766047,0.037651508751859325,0.15692197009445047,1.7696844224876727e-07,0.022878817190432568
plot_15716,7,0.7326708354800068,1,0.031034710282425885,0.5372923694255255,0.059167397081107215,0.028120707075050527,0.07703717352272102,1.847809317669549e-05,0.2673291645199932
plot_15717,7,0.5271321317029384,1,0.07298104951988837,0.4728678682970607,0.0402268492670554,0.13888311476604187,0.18075112966401813,7.028101704541708e-06,0.09428296038423106
plot_15718,7,0.4589977449847838,1,0.006699120107304654,0.5410022550152012,0.2161981669850455,0.007944450049530313,0.22650116903805328,4.0255425446237695e-06,0.0016508132623205395
plot_15721,7,0.7367338912407846,1,0.003016176353224551,0.47886772256786303,0.24946954979226815,0.0045561198619587205,0.2632661087592154,9.35647474496681e-05,0.0007307579180204484
plot_15722,7,0.7002573966191132,1,0.07013207392453628,0.3100504842077082,0.07238437039357064,0.042752356966652055,0.2049372140832824,8.970433638472308e-07,0.2997426033808867
plot_15723,7,0.8675748008529142,6,0.13242519914705547,0.22700156341552147,0.10932296334030134,0.09012741524226697,0.18258114466463063,6.534907077029976e-08,0.2585416488411534
plot_15724,7,0.49048948609557075,0,0.5095105139044293,0.13443766868663867,0.0,0.0,3.1385911783545826e-11,0.23610534636724215,0.11994647101030403
plot_15725,7,0.8684600839914889,6,0.1315399160084886,0.22779250246674615,0.10588038819100756,0.09828992801251332,0.18528897045229253,3.9678382545273804e-07,0.25120789808512645
plot_15726,7,0.4600949375804426,1,0.005925158298751883,0.5399050624178957,0.1997920758919547,0.008629583260133805,0.24389559738527963,1.3524446218368842e-05,0.001838998299765832
plot_15727,7,0.7652149424759424,1,0.007675811626843762,0.4741254612067155,0.24047864264238752,0.029209413506585416,0.2347850575240577,9.393279476240905e-07,0.013724674165462383
plot_15728,7,0.8516371891919059,0,0.5434859376188415,0.10590169573050065,0.0,0.0,3.55650897903924e-11,0.20224955580699872,0.14836281080809405
plot_15729,7,0.8438182283744832,0,0.45504881857093415,0.15618177162247035,0.0,0.0,4.32938475517651e-11,0.3160969516779707,0.07267245808533103
plot_15734,7,0.7326708354800068,1,0.031034710282425885,0.5372923694255255,0.059167397081107215,0.028120707075050527,0.07703717352272102,1.847809317669549e-05,0.2673291645199932
plot_15735,7,0.37317460403640723,1,0.04983343172752702,0.6268253959635912,0.03059348609939852,0.06195424940440993,0.15078884444333557,2.568949994634108e-06,0.08000202341174306
plot_15736,7,0.5317619724117341,1,0.03955224616303727,0.468238027588266,0.0681296678726958,0.02940083282615875,0.09048518541162252,1.5344099810544926e-06,0.3041925057282386
plot_15737,7,0.7731682649645062,1,0.014938571334760151,0.4540730209195378,0.2807461329528074,0.017025305517573162,0.22683173503549375,1.0065929979158308e-06,0.006384227646829666
plot_15740,7,0.6031910493547028,0,0.4070681032511911,0.1370689115165678,0.0,0.0,1.810567691427358e-10,0.3968089506452972,0.05905403440588727
plot_15744,7,0.5391730924215293,5,0.3442692712427597,0.13807651412817373,0.0,0.0,7.919382173974952e-10,0.4608269075784707,0.05682730625865766
plot_15749,7,0.5682808797976585,0,0.4317191202023415,0.12910316400924715,0.0,0.0,1.8582149471604712e-10,0.342614419895709,0.09656329570688098
plot_15751,7,0.4906755673476859,1,0.06411989274007034,0.5093244326503747,0.04176006108273941,0.08071612077364133,0.11343293051818586,7.694564435209938e-07,0.19064579277854468
plot_15755,7,0.5145728103344374,1,0.039621964613666,0.48542718966554704,0.06476434016594287,0.04403478462203653,0.09317378613291341,1.2449796870059522e-06,0.2729766898202072
plot_15756,7,0.8397852410911387,1,0.11081169396632454,0.2607840597070062,0.07151678953836574,0.1602147589088612,0.17977449502610368,1.0169687799130845e-06,0.21689718588455859
plot_15757,7,0.37317460403640723,1,0.04983343172752702,0.6268253959635912,0.03059348609939852,0.06195424940440993,0.15078884444333557,2.5689499946341083e-06,0.08000202341174306
plot_15758,7,0.5031274569766538,1,0.009961081633239973,0.49687254302331696,0.26925920425219435,0.016350436830786585,0.20285350518235817,1.9573459124744625e-06,0.004701271732191514
plot_15764,7,0.5392816108973615,4,0.0388345735069322,0.14489017681369176,0.06186378995166583,0.013693446510529134,0.46071838910263857,1.3046746710972328e-05,0.2799865773678315
plot_15773,7,0.696099888419005,1,0.07025942010799996,0.3103215196571647,0.07224616719363061,0.03889806049376382,0.2043738242543473,8.967120988328315e-07,0.30390011158099495
plot_15776,7,0.4906755673490666,1,0.06411989274007032,0.5093244326504223,0.041760061082739414,0.08071612077364135,0.11343293051813844,7.694564435209941e-07,0.1906457927785447
plot_15779,7,0.5271321317029319,1,0.07298104951988835,0.4728678682970605,0.0402268492670554,0.13888311476604187,0.1807511296640183,7.028101704541708e-06,0.09428296038423106
plot_15781,7,0.8235738612934794,1,0.06891946992341694,0.40011710607662876,0.03522712565092116,0.17642613870652057,0.14884766126733648,8.062576161562889e-06,0.17045443579901454
plot_15782,7,0.35545106258002845,1,0.028929779295118564,0.6445489374199698,0.03789747441126594,0.02967699185227929,0.0732867875330771,1.4912272515939817e-06,0.18565853826103768
plot_15783,7,0.5145728103344509,1,0.039621964613666,0.4854271896655475,0.06476434016594287,0.04403478462203651,0.093173786132913,1.244979687005952e-06,0.2729766898202072
plot_15784,7,0.754550633300642,1,0.11229389763761977,0.2733612071774128,0.06571013968240823,0.13742038481093094,0.16576393638797915,1.0676042910796878e-06,0.24544936669935813
plot_15785,7,0.9068869509408972,1,0.03815030486807603,0.401838036244606,0.09311304905910278,0.026715855695502076,0.13955327257068392,1.5800640421203159e-06,0.300627901497987
plot_15788,7,0.6537384566901407,4,0.09169721607230732,0.1333258530263336,0.2476789997344595,0.00042995085691078616,0.34626154330985925,8.204436491357366e-06,0.18059823256363816
plot_15789,7,0.7447386367190407,4,0.09286196908480121,0.08722923543731606,0.2552613632809593,0.00045642699604885007,0.2968964507952956,6.23496021560936e-07,0.26729393090955744
plot_1582,7,0.7959530752404781,4,0.004505445191174654,0.17701290420669416,0.204046924759522,1.5825247586427836e-05,0.47136160891277334,0.004123686594361074,0.13893360508788838
plot_1584,7,0.7120561921177709,4,0.11871728107875607,0.25197113559543544,0.17711090716433012,0.004580934480864096,0.2879438078822291,0.0002157970477102642,0.1594601367506751
plot_15873,7,0.7244898621805145,6,0.09368507872092004,0.10943960479856189,0.24706614288618145,0.0032167261414582466,0.03214365662734212,0.23893865300605077,0.27551013781948563
plot_15879,7,0.6100673265549009,2,0.019008513369826997,0.3014799533427842,0.389932673445099,0.013966906813989023,0.17799651437793626,9.576015277151849e-05,0.09751967849759278
plot_15881,7,0.2851646579475002,1,0.029632987655089944,0.714835342052421,0.04633063123589006,0.010996352826288235,0.12905627710424764,0.0003182692897843389,0.06883013983627884
plot_15887,7,0.810273894029683,1,0.09692149942053303,0.6802375413059468,0.003072804238770243,0.005996384842682661,0.18972610597031717,0.02404553967276828,1.2454898201110635e-07
plot_15889,7,0.3195780030248071,6,0.0448982041272766,0.06865690714022446,0.09906921643571967,2.825015591259009e-06,0.10695084371712575,6.588869371837584e-09,0.6804219969751929
plot_15897,7,0.8058478478715151,4,0.21201219643029282,0.09647237420013377,0.2269805372744389,0.0016812285452032405,0.2550324101548902,0.013669101266556155,0.1941521521284849
plot_15899,7,0.8958021907196076,1,0.0032327693116390092,0.40324511506810584,0.1224572496065494,0.1041978092803924,0.25618149393904777,0.0014109257492481168,0.10927463704501747
plot_15914,7,0.5376708232035033,2,0.11976259795492022,0.10229598876916937,0.46232917679649654,0.09281042519109667,0.1239960695959213,0.08449104283147264,0.014314698860923077
plot_1592,7,0.3289339845377754,1,0.002127923322578026,0.6710660154618202,0.008194630336021318,0.006906012843291822,0.07848047417393593,0.227944242611534,0.0052807012508186224
plot_1593,7,0.32123551858899313,1,0.001989276399621282,0.6787644814108985,0.007359703723142886,0.009263894418239658,0.07306704994286893,0.22570438084360245,0.0038512132616262424
plot_1594,7,0.7758798134556818,1,0.008754909082663815,0.687802962874332,0.004115985612257916,0.03186219961601257,0.03732490840114259,0.22412018654431828,0.006018847869273028
plot_15942,7,0.6739995214005459,4,0.0071946866214373,0.22179104061946647,0.1381521354339568,0.0932161133315256,0.32600047859945414,2.3710561428867994e-05,0.21362183483273084
plot_15972,7,0.542800418201886,2,0.004139446151695023,0.022615068889983315,0.4869812475145304,0.005144086098068356,0.023920554349303957,1.519830481136448e-08,0.45719958179811415
plot_15974,7,0.5129986376879659,2,0.009117041358936484,0.011227459846081275,0.48700136231203406,0.003393777445333055,0.018189090540144785,8.005520350345422e-09,0.47107126049194986
plot_15975,7,0.48201216916233036,6,0.011008102420967794,0.09183475844279171,0.08056992475765887,0.007708497656575509,0.29089055873573405,3.271486023794465e-07,0.5179878308376696
plot_15980,7,0.45234166038207624,6,0.008228985507901323,0.0695624973831925,0.13932994374753424,0.004765617396533682,0.23045439728354006,2.1906337451321738e-07,0.5476583396179238
plot_15981,7,0.3368983219051893,6,0.07542900223632451,0.02804111636324999,0.15268401544638313,0.001707386858922408,0.07903679615671547,4.843593710689812e-09,0.6631016780948107
plot_16,7,0.4832492467792609,1,0.06736325425606016,0.5167507531702047,0.02909199966043545,0.15032449904745654,0.06584764154411196,0.0010007942068983983,0.16962105811483286
plot_16012,7,0.4821061101663818,4,0.004582941530014445,0.007212853242618861,0.2096414633718849,0.05241698501015293,0.5178938898336182,0.20801461133435284,0.0002372556773576949
plot_16013,7,0.7378469982973062,4,0.014933037086148552,0.011627817794878793,0.2621530017026939,0.06730521402628485,0.5419608627449715,0.1019110595136066,0.00010900713141586199
plot_16014,7,0.8703864885596082,4,0.025658428048039618,0.030259534704062303,0.2576792945003346,0.129613511440392,0.4797669711967266,0.07687894410877953,0.00014331600166541764
plot_16016,7,0.4961087132986082,4,0.012119396820891894,0.10699897365496805,0.21983718877619518,0.11236254306113203,0.5038912867013918,0.04323874891749202,0.0015518620679289695
plot_16017,7,0.7685311127493853,4,0.0028002302132538585,0.043610096560561,0.23146888725061462,0.05170829678448773,0.5492179183304564,0.11883183887158905,0.002362731989037333
plot_16018,7,0.4627665692659976,4,0.010082660696262456,0.005159847045736274,0.2364168244979927,0.05879799758301989,0.5372334307340024,0.15220536130280282,0.00010387814018336749
plot_16019,7,0.7649730304982721,4,0.057085108769782504,0.05709636516078324,0.23502696950172788,0.1411794262469301,0.441931071883417,0.06750898791462041,0.0001720705227389021
plot_16020,7,0.4508811057179538,4,0.001804026855799605,0.1120650325380517,0.23802925749460038,0.05012428522063353,0.5491188942820462,0.038716574540729756,0.010141929068138846
plot_16025,7,0.8452223994694634,4,0.007857182126196809,0.24495349896168753,0.14855394309098546,0.15477760053053666,0.4275707470918216,0.016068764766693312,0.0002182634320787657
plot_16026,7,0.7335349655199552,4,0.0026387720335544333,0.266465034479961,0.19761997057332387,0.10409967162371593,0.41805223918407397,0.00961218582393157,0.001512126281439268
plot_16027,7,0.6766179008751033,4,0.0016609805943466267,0.3233820991228291,0.19502713858775528,0.10591314182911252,0.3694597617910375,0.004377021901458111,0.00017985617346090568
plot_16028,7,0.441262186450962,4,0.0020147414733972797,0.05064963909890629,0.24854464176935762,0.04036546500503465,0.5587378135490381,0.08941327528036645,0.01027442382389977
plot_16029,7,0.7360879785325967,4,0.0001238956042518546,0.005512262537922909,0.2639120214674034,0.0044175654744619906,0.37017108696568324,0.33881723510438233,0.017045932845894347
plot_16030,7,0.4799699644280063,5,6.990591466699651e-05,0.001967242880584649,0.18635052576400957,0.0032035375647172914,0.2832858189202881,0.5200300355719937,0.005092933383739717
plot_16031,7,0.7010699386418482,4,0.00020369726459928608,0.015247916574708855,0.2989300613581518,0.007398138152319135,0.44784359843572036,0.2044772087732563,0.02589937944124422
plot_16032,7,0.4753057947676439,5,0.00031487845086965936,0.0012063228745916794,0.14568517642502732,0.007990559666316921,0.31826853997731186,0.5246942052323561,0.0018403173735264497
plot_16033,7,0.586512425884302,4,0.000808016149734609,0.0038698800856547095,0.16706551926841984,0.01578259860122562,0.4134875741121805,0.39723612679626685,0.001750284986517893
plot_16034,7,0.5597451463651891,5,0.002311289750923832,0.0016470754383366986,0.1512087583657227,0.020004511835393944,0.3842949691801696,0.44025485363481087,0.0002785417946424143
plot_16035,7,0.42349437544746604,5,0.0005744711011532492,0.0007720740063933158,0.11633553352210463,0.009523667426395047,0.29578329174853624,0.576505624552534,0.0005053376428836114
plot_16036,7,0.44651921314668663,4,0.005052926945293364,0.014646200664575634,0.22390475211993452,0.05973771445900725,0.5534807868533135,0.14257121870482323,0.0006064002530526449
plot_16037,7,0.5585557476727516,4,0.09849318936944013,6.2207737715534565e-152,0.04782118340324637,0.016035781989103402,0.4414442523272484,0.194339147584893,0.2018664453260687
plot_16038,7,0.5741019036784081,4,0.0002482317246234679,0.008169712430556983,0.24637138605802433,0.0084525263365691,0.425898096321592,0.30023637037983364,0.010623676748800498
plot_16041,7,0.19894195243419954,4,0.03010981622243506,0.0006286002773597043,0.019358249590650512,0.04679904859804266,0.8010580475658005,0.10021360872121823,0.0018326290244934564
plot_1607,7,0.38577163713532897,1,0.1363541229975239,0.6142283628645445,0.001691295024886485,0.07892246188041784,0.0028357505919212795,0.047812550378121974,0.11815545626258392
plot_16073,7,0.1367452635044038,1,2.480370663559537e-07,0.8632547364955954,1.783725521084938e-05,0.005506343394928879,0.06843444526443089,0.035942626703900644,0.02684376284886693
plot_16074,7,0.3347973879991668,0,0.6652026120008332,0.1118441325745835,0.015541359415886769,0.0017762192360700189,0.1502810327837307,0.009304873583198092,0.046049770405697785
plot_16075,7,0.22789653830631088,0,0.7721034616936892,0.06697709057412994,0.06452179800758485,0.0002022983667862274,0.037083847247269604,0.0006921090437245702,0.05841939506681575
plot_16076,7,0.35917981119689796,0,0.6408201888031021,0.05629283696906083,0.028053069621213005,0.0035404812502858657,0.12525066281443004,0.033931065534193484,0.11211169500771476
plot_16077,7,0.5990020779477323,0,0.4009979220522677,0.05077409405065226,0.1412473775328181,0.00667623129183385,0.2644315677821087,0.0003974077143389744,0.13547539957598048
plot_16078,7,0.4895678533904355,0,0.5104321466095645,0.04721636712365202,0.1126619557051105,0.00023013121548298238,0.019837223074857243,3.389656443052823e-05,0.30958827970690217
plot_16079,7,0.49892082780171854,0,0.5010791721982815,0.04195948647762408,0.1616276433973607,0.0008716043566366384,0.2267094260094554,8.895285071255227e-06,0.06774377227557044
plot_1608,7,0.3611025798331292,1,0.00890542628427641,0.638897420165855,0.10783865281646389,6.587720823197022e-05,0.17670477384390845,0.042803498114825235,0.024784351566439086
plot_16080,7,0.4568945691978368,0,0.5431054308021632,0.08070283484880947,0.024661234628310977,0.00023668810517666445,0.17064619983804452,0.004012930028649874,0.17663468174884528
plot_16081,7,0.44153874540064064,0,0.5584612545993594,0.04755567610195162,0.016641435234813352,0.02565741832523986,0.07349523046380169,0.2588210897634862,0.019367895511347846
plot_16088,7,0.7774815470659897,6,0.10297257548446648,0.0484725105082221,0.2225184529340103,0.004765213776600715,0.06782136300905792,2.519250836587979e-08,0.5534498590951341
plot_16089,7,0.4910422230516068,0,0.5089577769483933,0.03514059094094849,0.1602390258953689,0.0007027898318460918,0.23752639414951934,9.829704604769318e-06,0.05742359252931924
plot_1609,7,0.34720759939202595,1,0.0015544988417012227,0.6527924006072076,0.06911235325476288,0.00019291653244810742,0.23152674733725292,0.035970238115874416,0.008850845310752772
plot_16091,7,0.8035587935250629,1,0.19644120647493712,0.47804245281895685,0.006365845295966703,0.0362390561202401,0.00034638285106387324,0.06252926712303689,0.22003578931579848
plot_16092,7,0.43453215400474904,6,0.12122854530493885,0.10324741792777264,0.11559624025911056,0.013093865169270063,0.06847455397452205,0.012891531369134882,0.565467845995251
plot_16095,7,0.4930441279296501,0,0.50695587207035,0.04162958662238257,0.030014938485182753,0.04230442904670896,0.11992704035534811,0.22918869170466866,0.029979441715359028
plot_16099,7,0.436185372685292,0,0.563814627314708,0.06612972610433478,0.02780836109024008,0.00012002076909880873,0.15792622614027838,0.0029581287754296614,0.1812429098059103
plot_161,7,0.658878799657231,4,0.0004560625836862426,0.009167809029969012,0.34112120034276894,0.0020940590734279665,0.4277366888405601,0.11127880767595824,0.1081453724536293
plot_16100,7,0.5927195675126117,0,0.40728043248738827,0.042761290154553586,0.13297080605935477,0.009246967082784403,0.2636172287198425,0.0005714496618508533,0.14355182583422565
plot_16114,7,0.2338917188599309,1,1.629888392815323e-10,0.7661082811400421,0.020390663762961482,0.18364929594354662,0.0013790199730198092,0.027196156611153644,0.001276582406287525
plot_16115,7,0.7979716333288358,1,8.006277130749295e-11,0.7621513169522397,0.015023859085598446,0.2020283666711642,0.0011392306340774776,0.019078590873153452,0.0005786357037039856
plot_16116,7,0.20546447892608682,1,2.1611934686788467e-10,0.7945355210738002,0.010556202590087752,0.17538078503145685,0.0005737545394824044,0.018569142952499094,0.0003845935965543804
plot_16117,7,0.7623788420158076,1,2.4514241022111456e-10,0.45784289264203,0.18374809432688036,0.23762115798419237,0.02454563001036187,0.08021550600608754,0.016026718785305462
plot_16120,7,0.8145053233744629,1,5.91628583662079e-09,0.46518224382184775,0.18549467662553704,0.146208397569156,0.07207902039117242,0.12504977727573574,0.005985878400265271
plot_16121,7,0.24799847641976172,1,9.508115506816831e-08,0.7520015235802382,0.07336129800227237,0.046579340761283027,0.004732398571135878,0.12315842854126516,0.00016691546265015813
plot_16122,7,0.24769270386330683,1,1.4591765706169666e-06,0.7523072961366932,0.09038180648192692,0.03585046792594412,0.004452684749116351,0.1168680073248653,0.0001382782048835778
plot_16123,7,0.22427417777582526,1,9.283483317193478e-20,0.7757258222241747,0.016966329798492805,0.18385703046864252,0.0012260014678375315,0.02104484408113132,0.0011799719597210777
plot_16124,7,0.7778345497196655,1,1.353592685251452e-10,0.670954163978396,0.0562044306149487,0.22216545028033452,0.004394589988176796,0.04119449534797366,0.005086869654810979
plot_16125,7,0.1972836004279785,1,2.1559867102315472e-08,0.8027163995719139,0.016292017127928292,0.1475329681300689,0.0008783419938420725,0.03208433264033381,0.0004959189760459245
plot_16126,7,0.2691421996858521,1,4.437502034636284e-09,0.7308578003141478,0.046740268753951895,0.13558319060754326,0.004132030299798913,0.0819527738253314,0.000733931761724692
plot_16127,7,0.10733625743278676,1,1.0770769591663288e-07,0.8926637425672063,1.5437825782537333e-05,0.09802263430033174,0.0035004202686344304,0.0007183887464484063,0.005079268583900804
plot_16136,7,0.020024534389561914,1,0.002176242111636133,0.9799754656104372,0.00012597545899498358,0.010815917488184846,0.0020593590045495905,0.001901407025718824,0.002945633300478314
plot_16137,7,0.7147223345135385,1,3.1796174250539003e-07,0.6602758849924352,4.450132748248662e-05,0.0001270821461334848,0.2852776654864613,0.043147911357918414,0.011126636727826711
plot_16138,7,0.18929197246907709,1,6.540700969820493e-06,0.8107080275309095,0.00022400971675791355,0.01801088387459361,0.052408510568301425,0.0490318482014564,0.06961017940701122
plot_16149,7,0.37097078199141936,1,0.016783257977011374,0.6290292180085666,0.005140526931230996,0.011276484709966148,0.30817702451410695,0.001510811828725142,0.028082676030392915
plot_16150,7,0.1246924951946834,1,3.9988664491323235e-07,0.875307504805315,2.656770824040032e-05,0.008179105055225625,0.05277720677873927,0.03511522095195023,0.028593994813884523
plot_16164,7,0.7778670768243032,6,0.10277262894458172,0.06255437034298653,0.22213292317569672,3.2435665116795664e-06,0.04486122254525187,9.76261358278782e-05,0.5675779852891436
plot_16168,7,0.4553373435571968,0,0.5446626564428032,0.036927327933926876,0.22056375884560273,1.755805493685468e-07,0.18393455745728787,2.3654518578948223e-05,0.013887869221250997
plot_16169,7,0.6185828645301872,0,0.3814171354698129,5.616817319226671e-08,0.290389072393209,9.67956742359399e-05,0.0034982134402779066,0.014771353533158891,0.30982737332113236
plot_16180,7,0.4816302942839858,6,0.3953022518127209,0.0013536819704364881,0.007515268506589559,1.2344610620919198e-09,0.07740523151285729,5.3859246920426265e-05,0.5183697057160142
plot_16181,7,0.7806245133818123,6,0.09921706542237257,0.06059565805653169,0.21937548661818773,1.338840589358519e-06,0.061757155857343426,8.760214391855964e-05,0.5589656930610567
plot_16183,7,0.7097654365938377,0,0.2902345634061623,0.09126911359996367,0.17170874875464642,0.09507074114673753,0.04493473839887257,0.05691907747433345,0.24986301721928406
plot_16186,7,0.5240587441161633,0,0.47594125588383673,0.00044988497903899365,0.03863876539609837,1.877810546446931e-06,0.046356114953913424,0.0008487880542402296,0.43776331292232584
plot_16188,7,0.6943511153317997,6,0.30564888466820034,0.003546786256645922,0.01782108777905049,0.0,0.09466606479092264,0.00015385386416862708,0.5781633226410121
plot_16189,7,0.5334738500430172,6,0.4665261499569829,0.00047624502873059,0.007151984750338777,2.8868021696161653e-08,0.047144396981731625,5.482526035233204e-05,0.47864636915384196
plot_1619,7,0.3483387729317492,1,0.003931963921887587,0.6516612270682509,0.08557434346974868,8.125402776964957e-05,0.2183930837457148,0.028197038365245973,0.012161089401382472
plot_16192,7,0.42902724564420136,2,0.00327822616538644,0.05940543997573727,0.5709727543557986,9.209264372932072e-08,0.1210585985292604,0.003006142256735227,0.24227874662443832
plot_16193,7,0.5626287676875289,2,0.015045672131324989,0.1382021438394121,0.43737123231186803,4.535690053477373e-06,0.24457925422362098,0.0032821126866298548,0.16151504911709066
plot_16195,7,0.40851951201939773,1,0.00018613568846258567,0.5914804879803808,0.12547724316123532,0.005294463010411313,0.19051685964749243,2.2950190484283e-06,0.08704251549296912
plot_162,7,0.4448480184541327,1,1.4657110499155877e-06,0.5551519815458473,0.002309437997892931,2.3587595100753953e-05,0.436043279875958,4.327298139057599e-16,0.006470247274150727
plot_16214,7,0.47512735484618085,4,0.22315194775038766,0.025310283308339464,0.13903813796728612,0.08613377511469629,0.5248726451538192,0.0014854165507824433,7.794154688724082e-06
plot_16215,7,0.6246715880604289,0,0.37532841193953226,0.001230576350094489,0.33738175173746326,0.0015379364169227291,0.2275242908644841,0.05381622411883642,0.003180808572666774
plot_16216,7,0.5328144504116871,0,0.4671855495883129,0.029775402365335525,0.0778472419268789,0.023901881094462757,0.3922455101075397,0.0020002299878436615,0.007044184929626625
plot_16217,7,0.6250163479851345,0,0.3749836520148654,0.0030605218991875166,0.3739353358365878,0.0011094584905651833,0.2266309935660628,0.017023275613993537,0.0032567625787377165
plot_16219,7,0.8904168927019536,6,0.20372687689667032,0.15172803596262782,0.04373677702644389,0.0072460143692135775,0.00024660263218069013,0.10958310729804638,0.4837325858148174
plot_16220,7,0.5979585074076814,6,0.18952268935086858,0.29198859217345285,0.025019520868168277,0.02524301481507127,0.0008962746668856702,0.0652884155332347,0.40204149259231853
plot_16222,7,0.8466922925903757,1,3.1771436665531515e-08,0.6075720896586925,0.1168661467930812,0.10143775844897898,0.01938525882893834,0.15330770740962418,0.001431007089247964
plot_16223,7,0.628502644504197,5,0.07172406609583044,0.28513218764166404,0.12008895420173657,0.0018958824258520474,0.012928197938877301,0.371497355495803,0.1367333562002366
plot_16224,7,0.46910160731399353,1,0.15059995578155627,0.5308983926860065,0.009781627185142217,0.07572998009127868,0.005055075072576161,0.03978220103954706,0.1881527681438931
plot_16226,7,0.8669436250888631,6,0.12348082769060735,0.08154893355805318,0.1330563749077752,0.013000519182340547,0.09237772452693235,0.010124414822337276,0.5464112053119542
plot_16227,7,0.5937550853520335,6,0.18881353872242818,0.06470303292263051,0.29524549840640635,0.004763132423839672,0.03572726587680002,0.004502616999928877,0.4062449146479666
plot_16228,7,0.2463246514806511,1,3.403088657767417e-08,0.7536753485193489,0.05881985591980564,0.06172228598830054,0.004708361451293596,0.12088799622429519,0.00018611786606961166
plot_16229,7,0.39600188328316466,1,2.861100020121325e-10,0.6039981167168353,0.09649794695395081,0.1974772386721208,0.013783386305776808,0.08458587576663144,0.0036574352985747176
plot_16230,7,0.10994613703169794,1,2.669182067104562e-05,0.8900538629665397,0.00040593771107544596,4.607020315830536e-06,0.10272670020353285,1.015072323302937e-17,0.006782200277865302
plot_16231,7,0.6951115000501891,6,0.30488849994981093,0.004014819426733668,0.019428743196854982,0.0,0.09199331138381883,0.00017763233959974386,0.5794969937031819
plot_16232,7,0.6143914306476119,5,0.07281091193314147,0.38560856916709396,0.05545622515756007,0.005435054183478159,0.011980876863941087,0.4072338758214913,0.06147448687329409
plot_16233,7,0.7363601406336395,1,0.05974193103889176,0.5884365437648227,0.013446655148189223,0.02154911265859595,0.03644290727469529,0.26363985936636053,0.01674299074844468
plot_16239,7,0.5192073371291024,0,0.4807926628708976,0.0004493000203069854,0.010065243645507323,6.585843886955327e-08,0.04807864975546085,9.727240715935705e-05,0.4605168054422289
plot_16244,7,0.41930896887672875,6,0.16002887058312282,0.08869052478043318,0.08117754440658911,0.00958502887705278,0.07630153662734407,0.0035254636021867496,0.5806910311232713
plot_16245,7,0.5181976236845018,6,0.113628925461364,0.2742656504982425,0.059276762439809526,0.03204102506805999,0.036692930224577404,0.002292329992448506,0.4818023763154981
plot_1625,7,0.6453183286190913,4,0.04580493089031109,0.3546816713809088,0.03995254035983716,3.81716912865031e-06,0.39178054946488894,0.0023224720673214504,0.165454018667604
plot_16256,7,0.6575734585902855,4,7.955583819190533e-06,0.02810642455144726,0.006063263779880433,0.34242654140971446,0.5406120795990828,0.0701360165486953,0.01264771852736056
plot_16259,7,0.07499148395834827,1,7.663146081123362e-08,0.9250085160416449,3.840775700802762e-05,0.06545078335002175,0.006286050250499155,0.0016047108036058879,0.0016114551657594805
plot_1626,7,0.5311384979996483,4,0.012574606645457015,0.14562868582474733,0.15376150982239103,2.3172982278615558e-05,0.4688615020003517,0.0038342640012129703,0.2153162587235614
plot_16269,7,0.7481020716197494,2,0.2518979283802505,2.5758841755502236e-07,0.36389569968689883,0.00021589061496766104,0.20322611423007683,0.1733894597155735,0.007374649783815044
plot_1627,7,0.8261522808912087,1,0.11112626834660583,0.3032417302321467,0.17384771910879127,0.0,0.2591175418986552,1.0051099729366935e-05,0.15265668931407161
plot_16270,7,0.7764729039014298,5,0.22352709609857013,0.0,0.011139628933237496,0.0189029599449099,0.08054152460942077,0.6658301645701282,5.8625843733499024e-05
plot_16283,7,0.8286778906458863,1,0.013383912824593662,0.3746359150792979,0.12769078565705028,0.1713221093541136,0.2382068214643283,0.0007776347082762507,0.07398282091233996
plot_16284,7,0.3338390319424983,1,0.0048494177573948135,0.6661609680574864,0.0610690861813694,0.034347279462732715,0.20506498448820712,0.005654547543201314,0.02285371650960838
plot_16285,7,0.860150569268125,4,0.1398494307318749,0.00015853384846523303,0.03237087655637715,0.17724675172779003,0.562090483040499,0.014791683509887767,0.07349224058510584
plot_16286,7,0.861726941639186,4,0.1382730583608142,1.463370077003191e-06,0.005921939449847825,0.12450035558520786,0.530007098672597,0.1951806318863486,0.006115452675107422
plot_16287,7,0.07213081672397864,5,0.004744677216800776,1.0878652938217462e-152,9.755052113877124e-05,0.02206366861091739,0.01059358166761659,0.9278691832760214,0.03463133870750518
plot_16288,7,0.5778341044314441,4,0.42216589556855577,0.003921534667317554,0.07134359139044193,0.01691553181637667,0.45540650463568955,0.0014330856713887015,0.028813856250229718
plot_16289,7,0.0015242046495201993,5,0.0014210981817876348,1.9956796912539826e-09,5.9899654364132435e-06,7.648096620929294e-06,8.806683648715708e-05,0.9984757953504798,1.3995735083841144e-06
plot_16290,7,0.18517911274982551,1,0.07664942409605702,0.8148208872501745,0.00028422686449360517,0.000297860768300222,0.01454729097223233,0.09339478277931208,5.527269430291564e-06
plot_16291,7,0.8107148899983869,1,0.028479138781200723,0.3541153003466005,0.26096921459565986,0.18928511000161297,0.07591140593889252,0.08779156667536346,0.003448263660669907
plot_163,7,0.3837613703250139,4,2.6858844304751283e-08,0.38167384273541743,0.0003230374420379527,1.1091434062480881e-06,0.6162386296749861,4.867579464700308e-18,0.0017633541453079481
plot_16302,7,0.630980389699033,2,0.36901961030096714,0.004021516567435701,0.3953535470405871,0.0010747228442359769,0.21386276645300828,0.01249200350077018,0.004175833292995684
plot_16313,7,0.876191738444931,6,0.12380826155506897,0.10120999941238797,0.22086849959652455,0.015512764120799764,0.18763692230866977,0.0087757310896755,0.34218782191687347
plot_16314,7,0.8233702497382998,4,0.1766297502617003,0.08221277627675165,0.0945491439073549,0.004126595949214894,0.5331163989704305,0.028879299370100493,0.0804860352644474
plot_16315,7,0.8051453529867247,4,0.1948546470132754,0.0014826481987602921,0.10509986540263355,0.026314167121959792,0.5777373589722252,0.060243140771786045,0.0342681725193598
plot_16317,7,0.21098396652291054,5,0.033283734455624985,0.0,0.0011914841631172548,0.14348259010295356,0.024994694304879314,0.7890160334770894,0.008031463496335335
plot_16318,7,0.6539403352790542,0,0.369255494580688,3.2689447133534806e-08,0.34605963743031143,0.00014116428793895888,0.004745828674789196,0.018995840852012197,0.260802001484813
plot_16319,7,0.7652814199065096,2,0.011262714510983108,0.17114317123256875,0.42076852748723764,0.1287247783848818,0.23471858009349048,0.017519303870439547,0.01586292442039874
plot_16320,7,0.3831553322535027,2,0.2680523385958172,0.022003041303201375,0.6168446677464974,0.0032565486724735328,0.016930843215843157,3.2338174479581397e-10,0.07291256014278576
plot_16321,7,0.7515454303844746,0,0.2484545696155254,0.08727436010192421,0.13589597885319007,0.08500288006732212,0.21730737470321926,4.929564824494761e-05,0.22601554101057406
plot_16322,7,0.8836759620940464,4,0.11632403790595358,0.059658034305759715,0.11671349457005659,0.0004324143088900287,0.35635402393070204,0.0820054541002232,0.2685125408784149
plot_16324,7,0.5880924915257506,0,0.4119075084742494,0.00021929892235923618,0.12929979409034845,0.0033197889118846842,0.38730376115703335,0.005444416611284336,0.06250543183284049
plot_16325,7,0.5052212812314582,5,0.24359446988397104,1.0743828957297802e-08,0.017551901966394147,0.0468840533871471,0.1968834341546058,0.49477871876854174,0.00030741109551104677
plot_16326,7,0.4861595610318352,5,0.23094075831358085,2.190911583550168e-08,0.015959507070811396,0.0534729668178356,0.1852843457618487,0.5138404389681648,0.0005019611586428044
plot_16329,7,0.43417121896215205,4,0.11403331549050374,2.665433278191976e-05,0.007130743052004973,0.18307617929684938,0.565828781037848,0.10930494168624028,0.020599385103771732
plot_16330,7,0.8194482669697194,4,0.030439627549968463,0.011271419736742522,0.01065834178401809,0.1455753045235908,0.6205262812191042,0.0009772921562952912,0.18055173303028066
plot_16331,7,0.7179697226878045,5,0.20886983420838892,4.6435526443952506e-07,0.012110876688443175,0.08042217066881711,0.2820302773121957,0.41470358605584573,0.0018627907110450141
plot_16332,7,0.36343747550519445,4,0.02955049562439878,0.015401709979954756,0.012079526345383505,0.14101499806912496,0.6365625244948055,0.0008877869699471353,0.16450295851638536
plot_16333,7,0.7755920017292386,4,0.0012734245593313573,0.22974322188239868,0.22440799827076136,0.006926115278435696,0.5286052048947857,2.1050779837584712e-06,0.009041930036303653
plot_16334,7,0.4234278416228987,4,0.0013470134166751373,0.05508256376337519,0.3469111431975168,6.387445972044457e-09,0.5765721583771013,1.3955936008559545e-07,0.02008697529852551
plot_16335,7,0.3662206047549131,4,0.020226825994469403,0.23174255879650763,0.035292443830521755,0.03873491543493154,0.6337793952450869,9.370834606093553e-05,0.0401301523524218
plot_16336,7,0.8294553939016869,4,0.1345711234103916,2.331205372745846e-06,0.004458273834054297,0.1705446060983131,0.5071982157914586,0.17552921322907472,0.007696236431334855
plot_16344,7,0.7585597386793177,4,0.09389576934008402,0.10353707037000874,0.06411052600721451,0.00014417669920213186,0.42728400127190186,0.06958819499090636,0.24144026132068241
plot_16345,7,0.3075917694442865,4,0.018896785398647406,0.0872512594043757,0.037279499884646045,0.06973184216836067,0.6924082305557135,0.00031137615989949987,0.09412100642835716
plot_16346,7,0.7439650342955655,5,0.2560349657044345,4.3518990579385036e-09,0.042961208211535915,0.03513007842674694,0.1537310450396999,0.5119458368866353,0.00019686137904840356
plot_16347,7,0.8589288998197859,4,0.14107110018021402,0.08597850819720947,0.04230081422810873,0.03016804510116406,0.692042636316283,0.0019444387439397554,0.006494457233080947
plot_16348,7,0.40465762166599734,4,0.10860693804163646,3.411300295778863e-05,0.009324595692997434,0.17410560512668197,0.5953423783340026,0.08786590293510708,0.02472046686661658
plot_16349,7,0.5043387646704932,4,0.0031389356924662886,0.30432424437062416,0.1672241291853536,0.0133558378616467,0.49566123532950696,1.3866820792016665e-05,0.016281750739610513
plot_16357,7,0.4584470545023392,1,0.002820962087753694,0.5415529454976609,0.11017069364730228,0.05454016211184684,0.11676899552713749,2.5753436257092225e-20,0.1741462411282989
plot_16358,7,0.3614515371584992,1,0.002028972955306525,0.6385484628415008,0.07803692398022917,0.0625054516759524,0.10722295965630294,2.929311760174422e-20,0.1116572288907082
plot_16366,7,0.4632076729136553,6,0.3979940326283354,0.003371106560650398,0.02123061363428259,3.3784335408816175e-08,0.040404571500528424,0.00020731480552323498,0.5367923270863447
plot_16368,7,0.02748296565946424,1,4.458976103671342e-06,0.9725170343405269,1.3633064857554963e-05,0.017031072136926974,0.0003005382942247151,0.005665706498769268,0.00446755668859077
plot_16369,7,0.040545705892598996,1,2.6906377298605034e-05,0.9594542941074009,1.6415700316574823e-05,0.03301735169860972,0.0011193488219652555,0.0043291467848246175,0.002036536509584129
plot_16370,7,0.6941105247478728,1,6.439625391532856e-07,0.4206535470945372,0.0077841293134328395,0.002536672813526932,0.3058617840690183,0.26162092518453306,0.0015422975624126032
plot_16371,7,0.15976304872772548,1,0.0017817925005281553,0.8402369512722676,0.04793821415537984,6.844159205148423e-05,0.07442919226595784,0.00100022733336608,0.03454518088044899
plot_16372,7,0.4378866017372382,4,2.648439999236101e-06,0.1158551580395116,0.0130691357417856,0.14646585412493882,0.562113396595963,0.1613226791577033,0.0011711279000985006
plot_16373,7,0.40638246184921845,1,2.840145500107215e-05,0.5936175375385067,0.012977189236559772,0.014250134022089491,0.307457574611157,0.07112987182732622,0.0005392913093596712
plot_16374,7,0.5373006206203021,4,9.819281242588918e-07,0.16074711004484252,0.003992947077564258,0.07113187868903649,0.46269934818953845,0.3010739330932713,0.00035380097762287993
plot_16375,7,0.381061908347568,1,0.00020750945596482756,0.6189380915603665,0.01947472521153903,0.011216384921565585,0.2980849265123352,0.05129187922630828,0.0007864831119204878
plot_16376,7,0.4166920184460787,1,6.2835542967532525e-06,0.5833079815539213,0.009485056923146863,0.0031836884784834443,0.2668961123403168,0.13588183683125496,0.0012390403185798897
plot_16377,7,0.3514779545782842,1,9.038905645222328e-06,0.648522045421716,0.020773960289094333,0.0017453533584154456,0.2568587923492956,0.06808131616410437,0.004009493511729338
plot_16378,7,0.6474563314364499,1,1.2980309158674214e-06,0.4061207389848454,0.017988768366471952,0.0004812764428762761,0.3525436685633254,0.21714638169312772,0.005717867918437373
plot_16379,7,0.5537640774891587,1,1.3151934777401186e-06,0.4462353749718817,0.019434694167086874,0.0004088997227366548,0.32829141647567683,0.19962803684697558,0.006000262622164611
plot_16380,7,0.41095804298305305,1,1.1921378769632983e-06,0.589041957016947,0.020798662372689257,0.0009436054111205093,0.28479170613503135,0.10012460623467159,0.004298270691663476
plot_16384,7,0.370378227308523,5,1.874892121572914e-07,0.0594430701564783,0.0004922782950684752,0.06008696425114449,0.24991056375455392,0.629621772691477,0.000445163362065662
plot_16388,7,0.4803251212497551,4,8.09660247964591e-06,0.21837076136133377,0.010887481794020201,0.07925424768540577,0.519674878750245,0.17144852926342496,0.0003560045430908454
plot_1639,7,0.5249140335425394,1,0.020893550549815242,0.47508596645522355,0.036828017697717784,1.1490322595601587e-07,0.3502068250342199,0.0002763145374205444,0.11670921082237712
plot_16394,7,0.3952041813035307,5,3.149386410088689e-08,0.09106161701074325,0.0008254381865811356,0.041577899592881454,0.2614696243067705,0.6047958186964694,0.00026957071269034257
plot_16395,7,0.4946378968621847,1,5.840041093550313e-07,0.5053621031378153,0.016766826944223736,0.00044893449380118246,0.3124038919965202,0.16127465765795984,0.0037430017655703425
plot_16396,7,0.4673275533242992,5,2.2332173738585987e-07,0.10846814248154892,0.0018911304878957513,0.04960996690372525,0.30711439730386003,0.5326724466757008,0.00024369282553178052
plot_16397,7,0.17170139232476467,5,1.7055073981223109e-06,0.06626763410280015,0.00047281570960930406,0.06486922259505168,0.039969095962800724,0.8282986076752353,0.00012091844710467006
plot_16398,7,0.17230926718987552,5,2.6034177640267235e-06,0.06580791903781198,0.00039636799468176107,0.07786902863354138,0.02816838697318773,0.8276907328101244,6.496113288857027e-05
plot_16399,7,0.7438392992836723,1,0.1976861415585337,0.44527419189165796,0.0029082880754315475,0.2561607007163277,0.034351599207099376,3.307598362552854e-09,0.06361907524335138
plot_164,7,0.401596868398814,4,4.1097198881204286e-08,0.399081593587424,0.0004182898471503827,1.6103956601345923e-06,0.5984031316011861,7.164149834471526e-18,0.002095333471380572
plot_16400,7,0.6840663622326807,1,0.31593363776729255,0.3732992562076013,0.00407376909927917,0.20176815995691838,0.053892886874794134,8.946039925363719e-08,0.051032200633715295
plot_16403,7,0.5961228296359317,1,0.2429167260490625,0.40387717036406046,0.001632753164007557,0.243588783100693,0.03964381921117163,2.0595204203008482e-09,0.06834074605148441
plot_16404,7,0.562186580470576,1,0.234575546838911,0.4378134195294174,0.0020265111220197887,0.24198853452338773,0.03326371754706119,2.5279892515430436e-09,0.050332267911213695
plot_16405,7,0.6707175419222463,0,0.37079553918387853,0.3292824580753377,0.005165935121278682,0.17642619920459945,0.06633808908786624,1.5217704025946405e-07,0.05199162714999914
plot_16407,7,0.8221783653329491,1,0.08848964619275755,0.34071562511475867,0.020873118077182035,0.04063301590757347,0.3313935669104485,7.339313022893234e-05,0.1778216346670509
plot_16410,7,0.5857553751820246,4,0.04042519025586432,0.00015835283313490986,0.4142446248179755,1.7787528771367208e-05,0.5151503004042468,0.0017679632783395031,0.02823578088166759
plot_16417,7,0.567841420598145,2,0.011856113912925159,0.11269015816026517,0.432158579401855,0.00016522458341785022,0.3041240125365381,0.03134365696015563,0.1076622544448432
plot_16418,7,0.6345110605495136,4,0.00943300222076323,0.3654889394460239,0.1867009204395217,0.03503048047371908,0.40035964357651294,0.0027504400236889807,0.00023657381977010912
plot_16432,7,0.6400844108990615,1,0.02054593514024397,0.45666376346997517,0.11034636850845692,9.158001718408124e-05,0.35991558910093846,0.0017542996256001107,0.050682464137601066
plot_16433,7,0.6530434246606079,1,0.05626782540698364,0.38775955586147975,0.1602138226891052,3.810297789145833e-05,0.3469565753393922,0.0003664545485132944,0.048397663176634624
plot_16434,7,0.3232525190010984,1,0.020537909632629026,0.6767474809989016,0.03911950252946338,0.0003755127056359442,0.2471142599208273,0.00015435327000787593,0.01595098094253489
plot_16435,7,0.34932103598771924,1,0.016751011727107943,0.6506789640118956,0.0344675689274933,0.00024135299389960513,0.2766959057658442,0.00035912174711484943,0.020806074826644694
plot_16436,7,0.610725092346633,1,0.015513036295653771,0.4518654156627486,0.08671347399735148,4.8571793196033066e-05,0.389274907653367,0.002759960426267421,0.053824634171415704
plot_16437,7,0.2946289436578913,1,0.018572034231536295,0.7053710563419895,0.025806226544181785,0.00034571513079586553,0.2343684417942607,0.0002193311432375572,0.01531719481399824
plot_16438,7,0.22237094949880362,1,0.018275338315144194,0.7776290505010203,0.014873375705092905,0.0023500384870729627,0.17538855527302868,4.082803775895619e-05,0.011442813680882106
plot_16439,7,0.24305414324923275,1,0.017517022405138884,0.7569458567507673,0.01951274334390316,0.0021878720369960473,0.19038267516779267,8.940948483950421e-05,0.013364420810562525
plot_1644,7,0.6892008328365794,4,0.029392962416720826,0.310799167160563,0.05261963815012738,0.023455896415424726,0.3208443923039624,0.00018620706352236773,0.2627017364896793
plot_16440,7,0.39904969478287083,1,0.023568301456713063,0.6009503052171291,0.055036537744957606,0.00020163438028291395,0.29809049449401315,0.0002625083213600684,0.021890218385543954
plot_16451,7,0.7527435613829675,4,0.0009168866327628578,0.19066484469702089,0.2472564386170325,0.0,0.5537818416669691,0.004217183490811523,0.0031628048954031912
plot_16466,7,0.5493401339752793,1,0.01601190045157064,0.45065986601615116,0.061240072770554294,0.011187135121289816,0.3387751228620271,0.00106513995271575,0.12106076282569123
plot_16467,7,0.48260064775560196,1,0.027374206955667443,0.5173993522428616,0.06127581992452273,0.010498121271986814,0.2510908034548349,0.0036967944518272134,0.12866490169829933
plot_16468,7,0.360020859393667,1,0.03353743473359868,0.6399791406061843,0.039179199668966644,0.03283820433706518,0.1832311984005206,0.003392569270016122,0.06784225298364845
plot_16469,7,0.7641660975535007,4,0.18254154448428006,0.004034377832867091,0.03929501189249677,2.0802088443758246e-06,0.5382665831451944,0.2358339024464994,2.649998981799172e-05
plot_16477,7,0.630497274516136,1,0.14047612951751504,0.369502725483864,0.09172133291311967,0.010076180335101987,0.19616960880602918,1.3964385151583658e-05,0.19204005855921866
plot_16478,7,0.8649163740042414,1,0.17990719419969994,0.2661079541826947,0.13508362599575868,0.0062772018542167326,0.17768342052464636,6.35769325038776e-06,0.2349342455497333
plot_16479,7,0.8198831998872855,1,0.18011680011269476,0.3161055449753741,0.11570757047165073,0.01554479070230596,0.1769269603910052,5.078834160993902e-06,0.19559325451280818
plot_1652,7,0.41363598325539686,6,0.1709285747664569,0.07572567677099412,0.08202183095801403,0.0030842137767790496,0.0005375282410439892,0.08133815874210885,0.5863640167446031
plot_16525,7,0.44844914157232485,4,0.025578772516333455,1.271539905210318e-05,0.40098217786671103,0.000468306907222603,0.5515508584276752,0.0025272289839786246,0.018879939899027077
plot_16526,7,0.4407404582406972,4,0.03237755797310958,5.3722821943642026e-05,0.37146802904494186,4.5925013440089765e-05,0.5592595417593028,0.004212666807998437,0.03258255657926347
plot_16615,7,0.42531359765483245,4,0.04894877238866304,7.109544686118374e-05,0.33160463969395587,3.53554134211312e-05,0.5746864023451675,0.007318347981079639,0.03733538673085163
plot_16618,7,0.46392449094568183,4,0.03825368975461091,9.004464347707321e-05,0.38134102322428054,2.0308262797233813e-05,0.5360755090543182,0.005437820192223917,0.03878160486829214
plot_16619,7,0.5460666052888281,4,0.014431967585831417,3.1068406716980232e-06,0.4539333947111719,0.0006403743071599031,0.5138736153028833,0.0010442356410296312,0.016073305611252135
plot_16620,7,0.5546377756427416,4,0.016373286191212373,7.792504558117949e-06,0.4453622243572584,0.0004510880597192265,0.5169210750572484,0.0012231512196766994,0.019661382610326718
plot_16631,7,0.5672849786978903,4,0.2517748444324412,0.0007829258428337982,0.29319169491461733,0.0016732676169476663,0.43271502130210987,0.019062394528812584,0.0007998513622377205
plot_16632,7,0.28392977809239955,5,0.09376029088148129,8.409056840891587e-08,0.028059211234229338,0.10329725385331037,0.05563382027349473,0.7160702219076005,0.0031791177593154018
plot_16639,7,0.7739236776144611,1,0.06327971895264307,0.6026027057319373,0.04998111924969481,0.045569008836679296,0.22607632238553885,7.154134962939751e-09,0.012491117689371627
plot_16652,7,0.673421030062746,0,0.37054878415557757,2.259749323358523e-07,0.3254182318050869,0.0001731109347546111,0.005394168616846129,0.02147102931254409,0.27699444920025834
plot_16662,7,0.7489351280395753,1,0.2510648719604246,0.4886926468390811,0.08058878730544454,0.010310073871734526,0.020802195616281022,0.00017082848491566978,0.1483705959221185
plot_16668,7,0.7690951481139608,2,0.2309048518860393,0.04212566745430319,0.34719821909264664,0.03439309517476247,0.06569380007047503,7.610744631966943e-06,0.27967675557714156
plot_16670,7,0.7565172429632732,6,0.14592156643339882,0.07056838520443912,0.24348275703672678,0.09824158782058329,0.004867606886169524,6.420129625004025e-10,0.43691809597666953
plot_16673,7,0.21810636386102422,1,0.042112220615957305,0.781893635923737,0.011074496146597824,0.07838589581124715,0.07583555014563799,0.0005688354986442853,0.010129365858178564
plot_16677,7,0.2719968274393857,4,0.06405984950866739,5.1832690662312675e-05,0.13195244017429247,0.007171458954176663,0.7280031725606143,0.06866672654107565,9.45195705112237e-05
plot_16678,7,0.2419522646435593,4,0.03419828131299171,2.3287213944116982e-05,0.08164630429855288,0.013075136644386125,0.7580477353564405,0.11289958972413758,0.00010966544954701932
plot_16691,7,0.6172909585322552,6,3.6036691264978074e-07,0.15780232293472907,0.3805822870283525,0.07046698953813628,0.008438996214432528,2.44969229193702e-09,0.3827090414677447
plot_16694,7,0.6595728087493749,0,0.34042719125062515,0.042849283173361424,0.2089130294032036,0.05926555662343601,0.22457801279655204,0.12149740482894023,0.0024695219238814814
plot_16698,7,0.8787128885399413,4,0.12128711145982832,0.24850777543961178,0.1592265842659169,0.03622524427621611,0.37210477108344875,0.009531999925728694,0.05311651354924951
plot_16700,7,0.365853957234076,4,0.11638118087878185,0.0002888379099966495,0.2164200715060235,0.0059600412240953474,0.634146042765924,0.02673228970900066,7.15360061780073e-05
plot_16701,7,0.3204834385724589,5,0.002175264781912541,0.0,1.1507503855820556e-05,0.31557867173244886,0.001592402003831179,0.6795165614275411,0.0011255925504105554
plot_16702,7,0.00039181983300995324,5,4.1486634370256644e-05,4.743423401620808e-150,2.455879247830614e-05,8.265163072068916e-05,2.3275542590423478e-05,0.99960818016699,0.00021984723285027683
plot_16703,7,0.00011770781242739739,5,3.910818817918847e-05,1.7306044686437234e-150,9.958700455155595e-06,2.6919560207772428e-05,2.6826526521559226e-06,0.9998822921875726,3.90387109331523e-05
plot_16705,7,0.0002509579912625524,5,4.026346496360766e-05,3.015244554737857e-150,1.629613983756368e-05,4.550450229917355e-05,1.4184284884695453e-05,0.9997490420087375,0.00013470959927755185
plot_16706,7,0.00028882975436064334,5,4.481119495044424e-05,3.356961817423935e-150,1.7685830568514448e-05,5.276209982009325e-05,1.6445773003265997e-05,0.9997111702456394,0.00015712485601834876
plot_16709,7,0.7986020777585504,1,0.14191386379259627,0.28168932978017264,0.21873045897662452,0.09210410033728786,0.20139792224144976,0.027687280107244458,0.03647704476462446
plot_16715,7,0.8280696443602342,1,0.0010449054744887667,0.3891985419003454,0.236724551742149,0.0,0.17193035563976575,4.671106148014669e-05,0.20105493418177098
plot_16718,7,0.4363296298032577,4,0.0,0.06509956591308305,0.22092006321452018,5.307195714550641e-06,0.5636703701967424,1.3229753856741743e-06,0.15030337050455422
plot_16729,7,0.731572922854961,4,0.17750315600219005,0.0005113126569827349,0.26842707714503916,0.006266359996634924,0.5271778602849507,0.01983451329556592,0.00027972061863662333
plot_16730,7,0.6770964845167254,0,0.3316827748285009,6.208258436700143e-08,0.3229033961746361,0.00221519337242086,0.029579408516823193,0.1003033335044055,0.2133158315206292
plot_16731,7,0.6363536800614666,5,0.18715676975573697,1.3197833775849362e-08,0.19458651849145306,0.014300231528359107,0.16950293574758507,0.36364631993853325,0.07080721134049883
plot_16732,7,0.17642622199647076,5,0.002094636957568768,1.8521786939591504e-06,0.0003575254813771267,0.03216651003008936,0.14136491048476296,0.8235737780035293,0.000440786863978565
plot_16741,7,0.6789571419641593,4,0.18274470324110403,0.321042858035714,0.017943327494893496,0.007084703645237689,0.4153323378493784,1.5267196430709257e-12,0.05585206973214579
plot_16749,7,0.5961541997931785,4,0.06330539944952983,0.04505946329216825,0.26319464991917474,0.027236375247884338,0.40384580020682154,4.7051075840052175e-07,0.19735784137366297
plot_16750,7,0.1051197470959769,1,2.3111452709602308e-05,0.8948802529038236,3.427184137278878e-05,0.0967886945618057,0.00824454945059546,2.9115542854594743e-05,4.246838307955068e-09
plot_16753,7,0.22772268607902002,1,0.01265849385885132,0.77227731392098,0.12414573354565328,0.00014916682930700886,0.05221941503316294,0.003639724738597424,0.03491015207344804
plot_16756,7,0.47051021331578446,1,3.624522136989056e-05,0.5294897866818928,0.18215072578117839,0.0,0.1698117310785758,6.697914910605096e-07,0.11851084144549195
plot_16757,7,0.3779483980767889,1,0.11017401491729495,0.6220516019111827,0.0756346276409023,0.03669168908008652,0.15270623821534876,2.111734792341795e-05,0.0027207108872612843
plot_16761,7,0.5098152844052519,0,0.4901847155947481,0.004321162795472654,0.426357509764262,0.0010643456028691493,0.005729806975891424,3.8356736168849056e-08,0.07234242091002052
plot_16766,7,0.7168337397130782,1,0.05037993806780044,0.535731617884622,0.2831662602869218,0.013544809325885646,0.025898238305224048,0.0001630583821199182,0.09111607774742615
plot_16773,7,0.4026695124465934,1,0.056075578831815666,0.597330487551608,0.01359981343939018,0.1862270129459263,0.060582642006116696,0.0006297432721401161,0.08555472195300287
plot_16775,7,0.1378333946295757,1,0.0002660937515443607,0.86216660537038,5.391097449603701e-05,0.11612120797341513,0.018128636182170907,0.003263533114744496,1.2633249034744929e-08
plot_16782,7,0.29518992594304677,4,0.12744560386582718,0.0035889368995880512,0.08435631465665845,0.03271914626353042,0.7048100740569533,0.027527026018189033,0.019552898239253685
plot_16788,7,0.532527391934864,2,0.08990132256592957,0.007382855812247133,0.467472608065136,0.006971024690988223,0.0642552654243426,0.0004839289133037729,0.36353299452805277
plot_16796,7,0.697104787410115,5,0.0021501070201141613,0.0,1.2660677555115438e-05,0.30289521258988517,0.007054333830004713,0.6871986004432352,0.0006890854392056964
plot_16797,7,0.13538144075687203,5,0.0008924460592873699,1.7055522122719285e-08,7.497276420814807e-05,0.0757828438604199,0.054284451459647255,0.864618559243128,0.004346709557787249
plot_16798,7,0.11424415493012834,5,0.004789522416217856,5.3868696390793334e-08,9.210381646096635e-05,0.04691650599390168,0.06154616946840086,0.8857558450698717,0.0008997993664506385
plot_16799,7,0.6508314351599197,5,0.006309227499723916,0.0,0.00010334718177912574,0.3491685648400803,0.003924780809296976,0.6383687871829592,0.0021252924861606395
plot_16812,7,0.020038279494237123,1,5.111691580698784e-09,0.979961720505671,0.00023505064070293205,0.01499412494711742,0.0002465598904515473,0.004510219349541534,5.23195548240549e-05
plot_16813,7,0.5590522363028169,2,2.3468823454126006e-05,0.3091583787597576,0.4409477636971832,0.021658050690585892,0.09487772941911382,3.590372212589233e-07,0.13333424957268422
plot_16814,7,0.007482639451478538,1,2.394481761013795e-05,0.9925173605483285,4.639354460613183e-05,0.007165296438865141,0.0001090218395036814,2.6404488928905964e-05,0.0001115783221575923
plot_16816,7,0.47248569951605296,4,0.025452791291197596,0.2220857265754973,0.04046070406534784,0.007172323362198082,0.5275143004839471,2.140733406194263e-18,0.17731415422181218
plot_16819,7,0.8178520151176991,1,0.00010760779719428193,0.432136819373294,0.18214798488230097,0.03633110514938724,0.2709479306690834,4.868958873690166e-08,0.0783285034391514
plot_16821,7,0.5271514367440171,5,0.16387442249073358,5.460951350336195e-09,0.2056574422695559,0.00036598592688305874,0.13077490716723905,0.47284856325598285,0.02647867342865408
plot_16822,7,0.46535027968247883,5,0.14768490478006194,1.3988820790370009e-09,0.17891431445303455,0.00034089127840938107,0.11170939845644381,0.5346497203175211,0.02670076931564705
plot_16823,7,0.8423985735084949,5,0.138934081008263,2.234979208001558e-07,0.17887770416126028,0.003055499187872155,0.15760142649150513,0.43290693077053893,0.08862413488263977
plot_16824,7,0.6869922345662773,0,0.3855455280839911,3.357449685606355e-06,0.2782678718211924,0.00013220749015684075,0.005189547627022291,0.017853722094229228,0.3130077654337226
plot_16825,7,0.5898472128043795,0,0.41015278719562054,2.9537438864413813e-07,0.2943281141627488,0.00016544603962175979,0.005662747979710321,0.02037224501276295,0.26931836423514705
plot_16826,7,0.7455835513882426,4,0.282021220070277,6.054995876199402e-07,0.01800754515713344,0.0011127447900319408,0.4327775618508348,0.25441644861175744,0.011663874020377881
plot_16827,7,0.11985635238653375,5,0.0047256375135449735,2.20321303021182e-08,8.571477172405223e-05,0.06956852299016723,0.04402611697256163,0.8801436476134663,0.001450338106405593
plot_16831,7,0.32939012663732586,1,3.1509078557397753e-16,0.6706098733626742,0.04735854612582921,0.05783267850683558,0.13070838357652836,0.0001343680440341478,0.09335615038409825
plot_16834,7,0.7491348149671659,1,0.01936272041697083,0.6785415816109086,0.0013428540886652478,0.2508651850328341,0.029225064359527035,6.621998701602135e-10,0.020662593828894307
plot_16837,7,0.024295212374925865,1,4.1866198683605937e-08,0.9757047876250741,0.004689766713505112,0.0007745330077774946,0.018219697726554143,0.0004988697634079381,0.0001123032974824251
plot_16838,7,0.4416034389082286,2,2.8498309996570936e-06,0.17756212897359253,0.5583965610917714,0.01808495606481672,0.21819293909476045,9.344380418905577e-05,0.027667121139870122
plot_16844,7,0.4085350971558863,4,0.03530927492470977,0.00026673416042312023,0.02910527207561981,0.15565164542071258,0.5914649028441137,0.12614551981839656,0.06205665075602447
plot_16845,7,0.32215259652099193,1,0.008146231350406312,0.6778474034383166,0.046559702613003434,0.2157183674312393,0.03482602839217838,0.013116662898524959,0.003785603876331018
plot_16848,7,0.059051906542468655,5,0.05367484505405787,0.0,0.002287966433987913,0.00015005143222476618,0.0014729644595275408,0.9409480934575314,0.0014660791626706063
plot_16849,7,0.6130183812805089,0,0.3869816187194911,4.161557657550463e-08,0.24981794391209294,0.0010950974052990803,0.027373752811055262,0.05469527307848421,0.2800362724580007
plot_16859,7,0.4864018127562942,4,0.24561150846496604,1.4080927052463706e-06,0.010446979470069269,0.0005637362612932981,0.5135981872437058,0.22230924322370432,0.0074689372435560245
plot_16863,7,0.6057775347954619,6,0.3678839416478222,5.607507231154216e-08,0.21573824257051372,0.0001530282800059822,0.005925146072304402,0.016077120149743378,0.3942224652045382
plot_16869,7,0.7518612068618721,4,0.035805919338733394,0.27981533156296834,0.24813879313812803,0.0025201327191449775,0.34855487024852394,0.0002054281695365394,0.08495952482296482
plot_16877,7,0.813725857302422,1,0.1455274349604251,0.38314916095034346,0.02971853043266593,0.16534465816686994,0.08998393178186616,2.1410102515019864e-06,0.186274142697578
plot_16883,7,0.47541864109009185,2,0.040429148900279877,0.027634449742916768,0.5245813589099082,9.458388819922287e-06,0.21197893657734027,0.000463834745834936,0.19490281273490018
plot_1689,7,0.3404104934308283,1,0.022177722580282753,0.6595895065690734,0.02279916324360635,0.09192542353588033,0.022264129847866083,0.0006407045759525303,0.18060334964733865
plot_16891,7,0.1384890638225417,5,0.0016574571826079524,8.099812360460084e-07,0.00018362862139660962,0.03956540101281099,0.09572920412134679,0.8615109361774583,0.0013525629031433306
plot_16894,7,0.7323692516761295,4,0.10515027690579477,5.9174392623227596e-08,0.01559115997919828,0.023074179683521275,0.3221981847068452,0.2663553912263773,0.2676307483238705
plot_16899,7,0.2583912273185077,1,4.50122659822825e-07,0.7416087726814923,0.14787672420652198,0.007217101032936348,0.005699623947148848,1.8954617919808493e-08,0.09759730905462281
plot_16900,7,0.6106452014812951,4,0.016783247946961122,0.18031008257910805,0.08647140955775204,0.027911611028885626,0.3893547985187049,1.1625673743029947e-11,0.29916885035696267
plot_16902,7,0.2266757321960656,1,0.07766371829505624,0.7733242678023347,0.014408579262631291,0.0005726421076787108,0.022725729095066843,0.10958261842810173,0.0017224450091305687
plot_16908,7,0.24824019557739743,5,0.017237453138056177,1.9817237728685205e-07,0.00509476243218086,0.11752747720619373,0.10767522141064172,0.7517598044226026,0.0007050832179477112
plot_16911,7,0.48886718257828554,5,0.16852838307188917,1.3539625238720457e-08,0.1267152051423685,0.04013744037563364,0.12996126080299933,0.5111328174217145,0.02352487964576963
plot_16912,7,0.35220181702691106,5,0.11713116923023366,1.0671635756877345e-08,0.07082595846488096,0.08505372455537022,0.06969327447318041,0.647798182973089,0.009497679631610079
plot_16913,7,0.8646415159648014,5,0.04941309457416033,1.320654447111996e-08,0.01432853354412943,0.13535848403519848,0.05529727006848867,0.7445943049675073,0.0010082996039711969
plot_16919,7,0.12294593131969583,5,0.0025204135826712836,2.8250129757688448e-08,6.010724393486306e-05,0.06574967592428194,0.05293811366246321,0.8770540686803042,0.0016775926562148412
plot_16920,7,0.7859466568652079,5,0.16556121404566088,5.5111526837284826e-09,0.21405334313479216,0.00044283931015182777,0.12981495426941125,0.4601547105846039,0.029972933144227408
plot_16922,7,0.4516337731814726,5,0.24029264019562147,8.431591894866623e-06,0.04217191212528226,0.03271721009758352,0.12397417491026431,0.5483662268184316,0.0124694042609219
plot_1693,7,0.8718484322779536,6,0.12815156772204622,0.0719135701133644,0.20092898303394816,1.7607962698040774e-05,0.07577238895379329,0.0005646809816201763,0.5226512012325297
plot_16933,7,0.3720073761097347,1,0.0035763548527889266,0.6279926238902653,0.13689456687972149,0.09596900002903766,0.08952478308569352,0.00022184293180322316,0.0458208283306899
plot_16934,7,0.3592040498166197,1,0.046099621280454854,0.6407959501833803,0.14218076578162253,0.010362110832266451,0.14781437122046134,0.012742579014606115,4.601687208345689e-06
plot_16937,7,0.8787747888880625,4,0.12122521111193751,0.10178830956396559,0.10779892742330069,0.002987099000846185,0.6075281498641404,0.005047285042676694,0.05362501799313292
plot_16942,7,0.8303822720378513,3,0.0002022296164224366,0.16961772795137128,0.0008159478072178631,0.3844487484286634,0.23740964786195784,0.04288246801373664,0.16462323032063061
plot_16946,7,0.7980093498409712,1,0.0003780608104859743,0.37866509775703483,0.2019906501590288,0.0,0.13431379331806365,3.4985118182686115e-05,0.28461741283720404
plot_16947,7,0.36094324997870186,1,0.039217886125618794,0.639056750021298,0.09900822700896622,0.0003078171007379163,0.19373896201944357,0.0003267105354060968,0.028343647188529227
plot_16948,7,0.4170939178017148,4,1.3630255434099063e-06,0.20213291998456034,0.0353401007322066,0.0006423020043417149,0.5829060821982852,1.895589287295064e-08,0.17897721309916986
plot_16955,7,0.22074377402185666,5,0.030001964962673985,5.568075501141245e-09,0.008935109689484123,0.12773374127555864,0.051982557692909964,0.7792562259781434,0.0020903948331544658
plot_16956,7,0.04229138097725022,5,0.03903729164348922,0.0,0.0007687837858422748,0.0006314658701450835,0.0007322356776915925,0.9577086190227497,0.001121604000082008
plot_16957,7,0.0009128269085326773,5,4.347119759231891e-05,1.3240022332808808e-148,0.00046038032601993455,7.511526175104261e-05,6.394210095130265e-05,0.9990871730914673,0.00026991802221808464
plot_16962,7,0.03376034777629001,5,0.03021143694372579,1.666237523405083e-07,0.0004497783750139404,4.183202301589428e-05,0.0005638564694846675,0.96623965222371,0.0024932773412973787
plot_16973,7,0.17778824143811775,1,0.05338916992972274,0.8222117585617323,0.014445136860520482,0.0007998791666937132,0.02492378336090718,0.07980433136918301,0.004425940751240616
plot_16977,7,0.5377736593807415,0,0.4622263406192585,0.0016000053888150065,0.18348425725938133,0.0001800749792535421,0.08057212811533353,0.049943695991610276,0.2219934976463478
plot_16978,7,0.02539780676470215,5,0.012251550775542101,0.0038149482311915566,0.00013456969037271298,5.478706469363495e-05,0.008875835601568124,0.9746021932352978,0.0002661154013340198
plot_1698,7,0.8526665825780572,1,0.07560622050432346,0.5447214777855759,0.13117322360459963,5.4048940479602175e-06,0.05868074955291448,0.1473334174219427,0.04247950623659572
plot_16986,7,0.8247802042688653,4,0.0001307047355001126,0.1752197957226852,0.11534284123957335,0.17210061304103236,0.5080747290858166,0.0007715800608982724,0.028359736114494122
plot_16987,7,0.02780238899589574,5,0.017461417579268935,0.0,0.00033964488482329396,0.004695782992702711,0.0028403386712497593,0.9721968180325711,0.002465997839384258
plot_16995,7,0.7964381411218148,5,0.17356685259282448,1.3999131423720786e-08,0.17048189468441838,0.023965993277471457,0.13546365113438746,0.46537434607022804,0.031147248241538836
plot_16999,7,0.7613466756933396,5,0.23865332430664757,1.0807745027166044e-06,0.11270468434413573,0.029456392893772575,0.09946106740570768,0.48801412289446083,0.03170932738077296
plot_17,7,0.6994525346961193,4,0.021403524086478637,0.19353620471597882,0.29491403108815595,0.014105833442633296,0.30054746530388066,0.00016435162944979947,0.17532858973342288
plot_17009,7,0.695783871540115,4,0.1256667796819665,0.1656250015557897,0.16786878321389193,0.21465584117077097,0.3042161284598851,1.3466041583876576e-07,0.021967331257280086
plot_17014,7,0.5515364207757278,4,0.07778624812302674,0.44299380055661314,0.01703173632012018,0.011299825158678155,0.4484635792242722,0.00037717919796623667,0.0020476314193234
plot_17018,7,0.3213746632835963,1,6.521116191327124e-05,0.6786253367164028,0.13779424994874656,0.016892235801586847,0.015681507665784845,1.4398570672971734e-06,0.15094001884849856
plot_17019,7,0.07549403512853906,1,1.0318226463170855e-05,0.9245059648711705,2.310732935877759e-06,0.07002250008178405,0.005078903870974303,0.00038000096196185346,1.2547101949799961e-09
plot_17024,7,0.006141965314313455,5,0.0003522275147022086,5.977326982949395e-150,3.429361058473351e-05,0.001185160361363944,0.0007407041216328926,0.9938580346856866,0.003829579706029696
plot_17025,7,0.001585901930433807,5,7.343620607636945e-05,3.556198451583702e-150,1.887931896377434e-05,0.0007671973742587681,7.342977631010515e-05,0.9984140980695662,0.0006529592548247551
plot_17026,7,0.462973861843228,4,0.23883936429964076,1.655313645260223e-05,0.00949853466847607,0.0005043534657925945,0.537026138156772,0.2042632651728527,0.009851791100013338
plot_17027,7,0.22418049772976537,5,0.021649203035052116,9.244659074080372e-08,0.00527053434013693,0.12057757930196954,0.07592890106010246,0.7758195022702347,0.0007541875459136015
plot_17040,7,0.11275533109627026,0,0.8872446689037289,8.042296188164524e-05,0.06865312201278875,0.0,0.0026976854727254504,0.0405837463155715,0.0007403543333038876
plot_17051,7,0.11876662816402199,1,9.76374491110552e-10,0.8812333718358429,0.0101457891240617,0.08349903373847917,0.020340624287724582,4.5815172731552e-06,0.004776598520244034
plot_17053,7,0.6469482117842671,1,0.0018104748416081496,0.48591237453591435,0.07217941244828688,0.0006899618743278444,0.353051788215733,0.02571312476720936,0.06064286331692065
plot_17057,7,0.3581743562018501,5,0.1347362692592787,1.2574487070193987e-06,0.031242650984044634,0.07408698818860013,0.11342168094516636,0.6418256437981499,0.004685509376053263
plot_17062,7,0.00010661214198415936,5,5.381679475448617e-05,2.2100528918041838e-150,1.178496127066131e-05,1.0894978818006403e-05,2.073686372080644e-06,0.9998933878580158,2.8041720768931608e-05
plot_17063,7,0.8389797616433996,1,0.08955942612063948,0.5353919612421757,0.16102023835660037,0.007734930398013725,0.10663428465855307,0.0026439292312484823,0.09701522999276913
plot_17072,7,0.4434529198555355,2,0.010413601340058124,0.18990379182855144,0.5565470801444645,0.0018125749460320179,0.21160668433383323,0.00530178865151878,0.024414478755541924
plot_17073,7,0.48226129860318806,0,0.517738701396812,0.008233405127789136,0.0633811031644574,0.016264823849539076,0.38679768998277164,0.0012944746329986267,0.006289801845632189
plot_17074,7,0.8813369376736089,1,0.11866306208242325,0.6801050158224643,0.01341034879458065,0.15677002797800232,0.02438360741099524,0.0016568166670665354,0.005011121244467638
plot_17077,7,0.18967362999468657,1,0.0006520771798941924,0.8103263700053134,0.06867401473115405,0.004264208170593135,0.02969626229137988,1.8986356828277362e-05,0.08636808126483696
plot_17080,7,0.5606247638960302,5,0.29086202753854506,5.9619477323930726e-05,0.07382247754125257,0.017280657369611277,0.15449139286324565,0.4393752361039698,0.024108589106051733
plot_17081,7,0.7028520064338064,4,0.2971479935661936,4.116545027796352e-07,0.04834183539439771,0.004587473793050066,0.34091367997888644,0.27742600180126953,0.03158260381169997
plot_17084,7,0.0007900589988417807,5,0.0006558177830605586,5.179609010148538e-151,4.4581197245816225e-06,8.052555816301677e-05,5.1402506291373135e-06,0.9992099410011582,4.411728726449764e-05
plot_17085,7,0.0007386973644830877,5,4.0237425747718026e-05,8.687149160213059e-149,0.00030614808921474015,7.385911722938282e-05,5.186589232609899e-05,0.9992613026355169,0.0002665868399651702
plot_17086,7,0.28641348940967293,5,0.050539223503448485,2.135933955871374e-07,0.01261772224020796,0.11494682310262296,0.10750855441648181,0.7135865105903271,0.0008009525535161917
plot_17090,7,0.6380319305333501,2,3.5895837532352965e-07,0.30348459869809524,0.3619680694666501,0.06550459569814084,0.15276176891693108,0.002113264046236786,0.11416734421557077
plot_17094,7,0.7427714438952697,4,0.2572285561047302,0.0006167547667934905,0.13301064370107027,0.0017276233576926973,0.3819191800506612,0.12300777721268788,0.10248946480636403
plot_17096,7,0.7864580301730988,5,0.043715640888342955,0.0011984528899364043,0.06166884483543225,0.0300302706807372,0.14357556135275468,0.5062692595258953,0.2135419698269013
plot_17100,7,0.35890583992123704,6,0.05937106420974057,0.13398086537603227,0.1419776312262195,0.00013796210649442503,0.023438283147310064,3.385544019236069e-08,0.641094160078763
plot_17101,7,0.24435553693880754,1,0.07916038351373064,0.7556444630611925,0.0019403527486696634,0.08540233737428099,0.05744591340494244,0.0033891229976484795,0.017017426899535337
plot_17102,7,0.365618016104399,1,0.007440179817797348,0.6343819838955721,0.04777747101576826,8.96859117698193e-06,0.23072253796346087,0.0001283182408302118,0.07954054047539427
plot_17103,7,0.34349800144871556,1,0.01393194722228001,0.6565019985507521,0.04454321825458132,3.0171217352760782e-05,0.16734720663614217,8.792821411038893e-05,0.11755752990478138
plot_17104,7,0.528815470719607,1,0.012216523637882618,0.47118450411118573,0.12543750688357533,0.12718944750278358,0.20477446558813686,0.056716555996729964,0.0024809962797058905
plot_17105,7,0.17707895035431898,1,5.566060444717664e-07,0.8229210496456811,0.01837857383684504,0.0003342513950322125,0.05703772974552651,7.6365112332512e-15,0.10132783877086313
plot_17108,7,0.5155026326435778,1,0.11527733717392398,0.4844973667323585,0.044197255684084676,0.07007911522435327,0.16803449068779688,7.361681651556135e-05,0.11784081768096719
plot_17109,7,0.662678395313558,2,0.21015303279826683,0.06655755522959711,0.337321604686442,5.98596915747997e-07,0.09477679191476858,2.407550749842896e-07,0.29119017601893477
plot_17110,7,0.7155141655275956,4,0.07392400381901001,0.1811856379469286,0.013397146134761548,0.08202862997162522,0.35432881699346286,0.010649930661807413,0.2844858344724044
plot_17112,7,0.6027000910804818,1,0.12266772177805882,0.39729990891950323,0.07268419676789988,0.01601943370376836,0.2016410235080715,0.00011343984802874988,0.18957427547466932
plot_17114,7,0.8588018688363436,4,0.08607398795325902,0.06289137333974718,0.1411981311636565,0.09531425279756625,0.4401566349834687,0.059068119580723576,0.11529750018157875
plot_17115,7,0.5466164748460952,4,0.11072355956572762,0.06346639781158239,0.1184390472448697,0.0776730831033885,0.4533835251539048,0.0553312241556934,0.12098316296483368
plot_17116,7,0.8785068740154837,4,0.11683177461370849,0.04771064860124859,0.12210602551742625,0.1214931259845163,0.4006146049401745,0.08565687584215792,0.1055869445007681
plot_17117,7,0.5788652040987539,4,0.1331933110384823,0.04717494023602338,0.11642238173087668,0.09439545735458574,0.4211347959012461,0.07494431262077951,0.11273480111800632
plot_17118,7,0.5656045574609216,6,0.21562085458708927,0.015492884727558377,0.20541717722938552,8.09786456449897e-05,0.12894410172529364,4.8560545949895165e-05,0.4343954425390783
plot_17119,7,0.3114214446891164,1,0.2251783332749093,0.6885785553103292,0.0005833810604472037,0.07239682157865811,0.0031232070557080196,0.0076423432424716905,0.0024973584774766154
plot_17120,7,0.2699974078262887,1,0.1773967413933646,0.7300025921729721,0.00029448537850786983,0.06237904922666376,0.011850543335000387,0.015143127943323467,0.002933460550167923
plot_17121,7,0.8697710761259075,4,0.0690844314956032,0.13824456236286778,0.11189352653883537,0.11104507355188545,0.3650196661998111,0.07448381597690472,0.13022892387409246
plot_17122,7,0.14739575493067167,1,0.05065091443742313,0.8526042450685407,0.002712150699842108,0.0582979986507922,0.017041699314626783,0.01474794538410903,0.0039450464446660815
plot_17123,7,0.35480590551373725,1,0.1767696821659174,0.6451940944857448,0.043835371933567485,0.041179815447799056,0.01578935528882175,0.0011515062245762455,0.07608017445357329
plot_17124,7,0.8980720422368286,1,0.19714357548635786,0.6852394729497517,0.0013938723498851816,0.10192795776317139,0.00418514843348191,0.005599106705219247,0.004510866312132663
plot_17125,7,0.7782838598480757,1,0.14464860334521568,0.3506025884979557,0.07995394879914867,0.00989772432230586,0.22171614015192423,3.619658361947571e-05,0.19314479829983028
plot_17128,7,0.0539928790275437,1,3.969144354832836e-05,0.9460071209724563,0.00015932982756055702,0.0,0.00478124313683618,0.04852856021663306,0.0004840544029655939
plot_17132,7,0.11502054335805213,1,1.6539195847372611e-06,0.8849794566237137,0.005884052638136794,5.57778411370888e-05,0.0466617550669207,5.273460155015169e-16,0.06241730391050626
plot_17133,7,0.7931430452664959,1,0.02668323849572741,0.5276308684402001,0.03361152418512739,0.09487646149956805,0.20685695473350407,0.02834556234890328,0.08199539029696962
plot_17134,7,0.6360819245327458,4,0.04301142255854001,0.20782424613951322,0.006680706952128099,0.09423663606743991,0.3639180754672541,0.012435174413302528,0.2718937384018222
plot_17135,7,0.754566550781449,4,0.017431971194178296,0.17412262660151318,0.007883906471399159,0.24543344921855104,0.3063438735369351,0.04239924136871362,0.20638493160870963
plot_17136,7,0.6429816804127542,4,0.03648005405461792,0.23666431207219746,0.005617520815124835,0.08771814938359612,0.3570183195866403,0.017380355540494122,0.2591212885473293
plot_17137,7,0.3750340304640453,1,0.030791418185579015,0.6249659695346548,0.08847016312945606,0.030887384777022877,0.18102317591170217,1.0409133319859328e-06,0.04386084754825329
plot_17139,7,0.7105095070632927,0,0.3199725600078143,0.044911707300038725,0.10322795446886882,0.016867244840831377,0.21136284267732275,0.014167197768416762,0.2894904929367072
plot_17144,7,0.7344147744528924,4,0.20715067929931014,0.12787388382971882,0.05153443445197906,0.037560953238664804,0.305108422004907,0.0051864016283126365,0.26558522554710756
plot_17145,7,0.8135230374069046,0,0.45889604089761404,0.15563507653170708,0.01334707474376111,0.0009207981479606933,0.16568929385775652,0.01903475322810526,0.18647696259309546
plot_17146,7,0.6317659444560372,1,0.014340459789754772,0.529533128425824,0.36823405554396293,0.0009556827292262308,0.021916304248868874,1.4727437391969777e-05,0.06500564182497127
plot_17153,7,0.8322198215363791,1,0.1684937879998916,0.46257364215627833,0.0024048547295701444,0.006957672822968305,0.167780178463621,0.08120516646159558,0.11058469736607507
plot_17154,7,0.7533929521601979,1,0.24660704783980156,0.6398287945437704,0.001380622257512936,0.07438819515069602,0.006468655210945358,0.030478835465746684,0.0008478495315271114
plot_17156,7,0.6750012606400408,4,0.25791446393991657,0.0642078741694074,0.09154353577538149,0.004743823168052144,0.32499873935995927,0.0019426973385455917,0.25464886624873756
plot_17157,7,0.27607039181990395,1,0.09838934099710356,0.7239296081798962,0.001154251861985489,0.04504457549194894,0.060280705064826016,0.058137451099216475,0.013064067305023207
plot_17158,7,0.3171984290558389,1,0.03374692535769248,0.6828015709439976,0.006364689638866313,0.11002433475513748,0.12046418960546422,0.008081197710202988,0.03851709198863884
plot_17159,7,0.3040351596218715,1,0.04408211528787832,0.6959648403775941,0.006231544452398517,0.07910686558457423,0.11478955880319357,0.02522577934399556,0.03459929615036574
plot_17160,7,0.8216258856244228,2,0.17837411437557724,0.12512067571588242,0.3940494410714782,0.10339963465885904,0.00276198588329535,0.07837826494808903,0.11791588334681886
plot_17161,7,0.23690036902246828,1,0.02021498636332807,0.7630996309773315,0.06986615880870034,0.05146879533325422,0.015931075558033955,0.05081325921434065,0.028606093745011343
plot_17172,7,0.4648712845054996,1,0.01276875132796286,0.5351287154945004,0.03554666217820496,0.07302098521945526,0.21292422981531112,0.11434769108922022,0.016262964875345065
plot_17173,7,0.6922693831874477,1,0.0029434153819024875,0.43885385947488575,0.010259616344653255,0.05628026239821241,0.3077306168125523,0.13773742014148577,0.04619480944630805
plot_17174,7,0.6580069028367058,1,0.00479551900037615,0.48189891865158413,0.0040643607572248275,0.02408238495641736,0.29517360070987614,0.12482916249657197,0.06515605342794938
plot_17175,7,0.3486763658803584,1,0.06074252307542967,0.6513236341109865,0.0008958233953936571,0.02073598171086318,0.11538365311702622,0.11270761234983008,0.03821077224047069
plot_17176,7,0.7400875511116553,1,0.0672809349126883,0.35318765192721335,0.061394933637369344,0.06569669885780222,0.25991244888834475,1.7575627807909498e-06,0.19252557421380126
plot_17181,7,0.8208514854160044,1,0.1932900913895831,0.2874747537668034,0.15686513042380112,0.02561102273964291,0.17914851458399572,5.5920841817921e-07,0.15760992788775566
plot_17182,7,0.7392393625446848,1,0.011978788069064656,0.35563319174206715,0.09142808283827132,1.2236533843571124e-06,0.2607606374553152,2.6395956150191538e-05,0.28017168028574724
plot_17183,7,0.5154272404306193,6,0.16818486080478576,0.09983105558622832,0.15012937095645776,0.0009582306561928874,0.09631426352359788,9.458903356706277e-06,0.4845727595693808
plot_17184,7,0.7501575353080391,1,0.03097095671051133,0.3290278212489107,0.24984246469196103,0.0006629422461223526,0.17365332219014368,0.000541016375199043,0.21530147653715187
plot_17190,7,0.16460614063070933,1,0.027022743855458817,0.8353938593687649,0.005654359859869133,0.047782341746776424,0.033250404358570136,0.0434293868286454,0.007466903981915082
plot_17191,7,0.16146751958481817,1,0.02602748502806231,0.8385324804144914,0.010371023975392161,0.033920508831190875,0.05398424237869373,0.024674939545363362,0.012489319826806237
plot_17195,7,0.8868182684993,6,0.11318173150069999,0.13359197278676896,0.2540756346687947,0.001915178318328315,0.17587774275026888,9.163305352705571e-08,0.3213576483420857
plot_17196,7,0.7772919296366346,6,0.22270807036336535,0.02570266148750836,0.2167853473901494,1.772573295770262e-05,0.10128959148954017,2.371828986470435e-06,0.43349423170749257
plot_17201,7,0.27792603948868855,1,0.006754339405245266,0.7220739605113115,0.029963241579419986,1.006144364934725e-05,0.16316771693308887,0.001219336253267713,0.07681134387401742
plot_17203,7,0.8841944999633282,6,0.07408665604433304,0.2174825249605631,0.1365543932492087,0.11580550003667175,0.21077013165808392,1.0079297149263818e-07,0.24530069325816803
plot_17204,7,0.7125584566132137,6,0.13347784846130445,0.2781418223362224,0.028409868989521053,0.024271189272188735,0.24838555937773038,0.0005235655447942785,0.2867901460182386
plot_17205,7,0.3129557071187219,6,0.08778649555960387,0.039493348628333605,0.1577750923722988,0.00047287583603785395,0.027427892502108996,2.2203388147161716e-09,0.6870442928812781
plot_17207,7,0.6410936918650796,2,0.17086120755637582,0.04334152280248837,0.35890630813492036,6.774521868109566e-06,0.08802992672274572,2.0888950553530512e-08,0.33885423937265097
plot_17210,7,0.8374439353577781,4,0.0004543192665766964,0.10205375667628709,0.040028485081607106,0.31023992390664407,0.3598308157836995,0.16255606464222033,0.0248366346429652
plot_17212,7,0.6544953947002381,6,0.07494156098628427,0.272231784097876,0.1540968377794418,0.0005864126758440515,0.15263405304544078,4.74611535121242e-06,0.345504605299762
plot_17213,7,0.6402597291687522,6,0.08366570322859963,0.1412559353729063,0.18146535358952665,0.00024833136801683187,0.2336236320277632,7.735819396963344e-07,0.35974027083124777
plot_17214,7,0.8276424920444364,1,0.02618749998280389,0.5469381514653712,0.0755402105500959,0.00011984608336581515,0.17235750795556362,4.386388988518301e-05,0.17881292007291455
plot_17215,7,0.38999956770838434,1,0.020231382645676508,0.6100004322916156,0.06417744752643366,0.0001089547651617704,0.1563605708478141,9.282134293908061e-05,0.1490283905803591
plot_17217,7,0.25422250275390473,1,0.12749935841770607,0.7457774972460953,0.0008945329372773422,0.07642758149408635,0.03626352901696143,0.0030271074116128413,0.010110393476260745
plot_17218,7,0.30095551564681244,1,0.18292659810788992,0.6990444843524757,0.001559893785724223,0.0746598406171132,0.0272788820942432,0.0010146613167247545,0.013515639725829049
plot_17219,7,0.29740442327825634,1,0.2171482465864422,0.7025955767217437,0.0009593745614920556,0.06773265257316909,0.004057764876083387,0.003052562476883263,0.004453822204186392
plot_17222,7,0.8442312392229475,1,0.0047239418587073,0.4931455956346586,0.005623571795381908,0.026359914020539933,0.276231476535671,0.1557687607770526,0.03814673937798876
plot_17223,7,0.5625965608134181,1,0.006628345375872299,0.437403439186582,0.002256881114629938,0.030698141683823826,0.31842450881288276,0.09108595015844881,0.11350273366776048
plot_17224,7,0.8648726902590091,6,0.13512730974099085,0.07644277062656771,0.1405836212766518,0.003060517357869817,0.06697867854799772,4.2383994113795127e-08,0.5778070600659281
plot_17225,7,0.40328776428974605,1,0.05323165673231692,0.5967122357098142,0.01909807407283441,0.07779629389134086,0.1590884964544525,0.0009014443729515815,0.09317179876628952
plot_17226,7,0.6143376756860862,4,0.01999780352848474,0.0005627437486269693,0.38566232431391384,0.00284445998755719,0.5571075348196896,0.01928849636830049,0.014536637233427381
plot_17227,7,0.5629599666355461,4,0.020528981942691375,0.0009230333764055481,0.4370400333644539,0.003318698086588009,0.5040502416537713,0.020896101488838265,0.013242910087251682
plot_17228,7,0.48685152036752766,4,0.08369547658479765,0.004665691905852334,0.27081886640405206,0.04205395907568439,0.5131484796324723,0.08557614572649526,4.138067064594157e-05
plot_17229,7,0.20657460493235022,4,0.016331095314260916,0.0029106489926828886,0.16409643795848813,0.00028928227867020944,0.7934253950676499,0.006364748622714754,0.016582391765533364
plot_17230,7,0.5372336725540752,4,0.02650455010582877,0.0006216861645519623,0.311154457692,0.021777729448301794,0.46276632744592494,0.17714835850882682,2.689063456570302e-05
plot_17231,7,0.6906389784303815,4,0.029774951206824486,0.0022070528001920664,0.30936102156961853,0.040149122421647095,0.46263773054919394,0.15585763196271707,1.2489489806901166e-05
plot_17236,7,0.7579726960072128,1,0.24202730386797877,0.6506394223830838,0.0006770554498700263,0.055234131600720035,0.012237522089211764,0.037382028055392466,0.0018025365537430883
plot_17241,7,0.8782729424687146,1,0.039729326898878314,0.6618596264893537,0.004687464594076259,0.12172705753128552,0.11910164763904374,0.003971104438665607,0.04892377240869685
plot_17242,7,0.4161371898675181,1,0.03862404768364427,0.5838628101324468,0.0479322912108911,0.06245945260314473,0.19119576565160018,2.383546154994112e-06,0.0759232491721178
plot_17243,7,0.3517082972722262,1,0.04077803609058459,0.6482917027277156,0.04805627033003485,0.04583559411089667,0.1658626892802946,1.3016237295032094e-05,0.0511626912231787
plot_17244,7,0.5194932851161209,1,0.004790496091226105,0.4805067148838791,0.0018417948535570106,0.02578134004599733,0.2910122388208369,0.10169681951724517,0.09437059578725843
plot_17246,7,0.13908802109064217,1,0.033813076001594736,0.8609119789092289,0.003324748732004211,0.04856457616944175,0.018476436147885814,0.03130114182372636,0.0036080422161181595
plot_17247,7,0.7697748791496335,6,0.23022512085036648,0.06064649354600096,0.2915403460636692,5.757236468045179e-07,0.10032478948047324,2.1131069615277966e-07,0.31726246302514716
plot_17249,7,0.6276635709647104,1,0.041982834213101686,0.5007204299080156,0.01172614036861752,0.018045092984428305,0.3723364290352898,0.0003691802389903591,0.05481989325155689
plot_17250,7,0.46634385509443027,1,0.017505077432188702,0.5336561449055698,0.0033794640438996673,0.0037007802987345335,0.3710893993740323,0.01073238540474247,0.05993674854083267
plot_17251,7,0.5706203940592098,4,0.03409011936645771,0.3915351306443236,0.006396899633722012,0.0077126537651250665,0.42937960594079005,0.013506222577901336,0.11737936807168026
plot_17252,7,0.06783666950632264,1,7.447727558855772e-07,0.9321633304936647,0.0032247275864951356,0.009368568941233727,0.041771866474860586,0.013443012358334845,2.7749372655086722e-05
plot_17253,7,0.11621489173645372,1,7.247120730977953e-07,0.883785108263545,0.004087524807237866,0.005054952519475229,0.07652037027018267,0.03054843431585622,2.885111630049868e-06
plot_17254,7,0.3166234241080784,1,0.10632511915299594,0.683376575891388,0.0009909971645116126,0.0,0.1666281812450028,0.015312271040613116,0.027366855505488535
plot_17255,7,0.29323139553665317,1,0.11053424523433628,0.7067686044633469,0.0005718117726337755,0.0,0.14602878406188158,0.015404122154766428,0.02069243231303516
plot_17256,7,0.7895925072819003,1,0.029793951194660905,0.4933680368488762,0.00031259960558308796,0.21040749271809972,0.2660154449834431,8.273943716387182e-05,1.9735212173123407e-05
plot_17257,7,0.5509547945382073,4,0.021837814846972364,0.001215386428083836,0.4490452054617926,0.003989184604151738,0.493266329959522,0.023151855014867658,0.007494223684609573
plot_17258,7,0.31936675390328767,4,0.02465451814929685,0.0004280194896693554,0.26567011042517685,0.0029442055052398136,0.6806332460967124,0.0197022514579483,0.0059676488759564305
plot_17259,7,0.8848699040606695,4,0.10394836658910496,0.018594288902017784,0.1983459942355078,0.08286897917961608,0.48079081361150056,0.11513009593933048,0.0003214615429221387
plot_17260,7,0.7200688692908016,4,0.01990694573646372,0.0036728103831658943,0.2799311307091985,0.0004842629769156442,0.6424100448087963,0.05306973377495339,0.0005250716105067404
plot_17261,7,0.6798685583213867,4,0.05035609285434324,0.0010074546176769908,0.3201314416786131,0.0240843319623836,0.5270763945509359,0.07729220765004162,5.207668600559669e-05
plot_17262,7,0.23100524742447576,1,0.06954981327003201,0.7689947525740455,0.007331401327437417,0.07963275699242789,0.019967270070844464,0.05139294808723899,0.0031310576779738156
plot_17271,7,0.5626649608211232,4,0.41617048123043154,0.011017874329980932,0.08195079320253626,0.0021165428540746616,0.4373350391788769,4.78815119579712e-05,0.05136138769214181
plot_17272,7,0.5942066744312136,0,0.40842861746882614,0.0198531191344064,0.08891505863535713,0.004995728092545791,0.40579332556878644,0.00025647278211233225,0.07175767831796559
plot_17275,7,0.7964816040705973,5,0.2251391243252448,0.0717797122712559,0.03383775988200498,0.020087529615090555,0.02185150856784765,0.4237859694091534,0.20351839592940268
plot_17276,7,0.5584597776071945,5,0.15729223244404494,0.19355056933304293,0.02285204391792382,0.0021703275058631163,0.081457291388572,0.4415402223928055,0.1011373130177478
plot_17277,7,0.5951034179583429,5,0.13114893294568386,0.13683094092177006,0.06445294294940816,0.004779973148093053,0.18354284470260535,0.4048965820416571,0.0743477832907824
plot_17280,7,0.30092264442516314,1,0.1383221623969964,0.6990773555748369,0.0047934113199263415,0.07524520334472255,0.017717088001345967,0.06323265745319201,0.0016121219089799584
plot_17281,7,0.7317273569692356,2,0.07622451181187345,0.2254097147300505,0.26827264303076437,0.01056905630996149,0.2380543029792463,7.86446030364897e-09,0.18146976327364367
plot_17282,7,0.7283839608407648,2,0.07248543331049469,0.23701049887988793,0.2831758362129959,0.006760245421828171,0.27161603915923505,1.218329535736166e-07,0.12895182518260456
plot_17283,7,0.5280610428108738,1,0.05614086555106856,0.47193895718538703,0.04394906286599698,0.09839915944636413,0.20638501434811649,5.033236372271794e-06,0.12318190736669463
plot_17285,7,0.826684193388403,1,0.1695639736814523,0.2979786345538388,0.09020591314100172,0.020670178774176196,0.173315806611597,3.1538723944955986e-06,0.24826233936553949
plot_17286,7,0.6086360809909667,6,0.15668468812073635,0.19424666616865288,0.12354532061195359,0.0056333350801448055,0.12852554259884455,5.284106344753482e-07,0.39136391900903333
plot_17287,7,0.4899497173531062,1,0.07378692388023404,0.510050282646646,0.03245429237160264,0.048871516211536785,0.19129557212372733,0.0003042809824317002,0.14323713178382133
plot_17288,7,0.6843477964049098,6,0.2101767586577105,0.0792458180651717,0.12146153704058774,0.008960337019724977,0.2592975432529936,0.0052058023687214655,0.3156522035950901
plot_17289,7,0.749416897964667,0,0.36184010651584014,0.06778722827009885,0.250583102035333,0.00015069804089164687,0.061365659040947755,0.00011040642391316287,0.25816279967297556
plot_17296,7,0.7074869381764914,6,0.08102624848516572,0.24588089751024392,0.08245693282594231,0.06159429565708294,0.23652685838138215,1.7053166743826623e-06,0.29251306182350856
plot_17297,7,0.7041155669725154,4,0.016919293844413746,0.29588443301666234,0.004431452408027799,0.10492225010486254,0.33002597244076104,0.034597416531387044,0.21321918165388556
plot_17298,7,0.613555169456451,1,0.011617101800799688,0.38644483050574274,0.002080032115719216,0.04511353813814095,0.3191258131439416,0.04868725388421902,0.18693143041143684
plot_17304,7,0.23754800146227167,1,0.029492441640621488,0.7624519985290739,0.015085578635193995,0.06054684879898531,0.053681052823910475,0.06066542338979827,0.018076656182416627
plot_17310,7,0.7136501125244366,1,0.0013942425427512894,0.6003978628239901,0.007787387758069201,2.2614790740925088e-07,0.1040687983575134,1.5948942050249506e-06,0.2863498874755635
plot_17311,7,0.4255127310246823,1,0.0067392967657155505,0.5744872689741459,0.02376166967966903,4.760259309133286e-06,0.07968178587176557,2.2360721626767155e-06,0.3153229823772322
plot_17315,7,0.6618497080418714,0,0.3378383903100113,0.03951543898409486,0.1193357939388534,0.005563839646823714,0.16233378988289168,0.006105160726630794,0.32930758651069425
plot_17332,7,0.37860745770784265,1,0.021259679804414455,0.6213784959081322,0.0045357907390781264,0.0289481796808763,0.153439895592894,0.14696204105689548,0.023475917217709533
plot_17333,7,0.38305221079935,1,0.041895935120084465,0.6169477877090642,0.0012320501336277828,0.016916458640462238,0.14627400357719103,0.1396420551194798,0.037091709700090486
plot_17334,7,0.5379080541792193,1,0.00019397684015235898,0.4620919458206812,0.06233555227805925,0.02900967586913296,0.4216659806345989,0.024233642519485545,0.0004692260378897597
plot_17335,7,0.32241972307031663,6,0.09364456571778217,0.039227020541698826,0.15633213245500804,0.0008678288959373848,0.03234817330692376,2.1529664522234796e-09,0.6775802769296834
plot_17336,7,0.2748636294710861,1,0.16625487008521872,0.7251363705285528,0.007308670388373136,0.07128245033473925,0.00884716539381196,0.004053624153491107,0.01711684911581318
plot_17337,7,0.4917073767654849,4,9.269106775430287e-05,0.297509194354746,0.0745753003779192,0.07827515380559766,0.5082926232345151,0.040830012773846625,0.0004250243856212334
plot_17338,7,0.16166478764439787,1,0.026347999729022926,0.8383352123556022,0.01037772997958711,0.0340284682286095,0.05387125058570606,0.02453238353198438,0.01250695558948789
plot_1734,7,0.33392249395314133,1,0.07489565799570679,0.6660775060468587,0.007633211291304558,0.10373048850013808,0.07450908407934538,0.07315352503778423,5.27048862237852e-07
plot_17342,7,0.4186030332520204,4,0.06925533073941997,0.0008242510936194003,0.28178120456661815,0.01548256730016148,0.5813969667479796,0.05078504971244495,0.0004746298397565943
plot_17343,7,0.8803728703104331,4,0.11962712968954552,0.00608253110899435,0.2403929471061602,0.04735459848614763,0.48673817486985993,0.09957861449434002,0.00022600424495244618
plot_17346,7,0.6465295489862188,2,0.1824586111150539,0.04359042806645566,0.3534704510137812,5.31675027670873e-06,0.08554985804388837,3.7704636820869233e-08,0.33492529730590737
plot_17347,7,0.666085995327373,6,0.22106645901739705,0.06719099796047215,0.2696686614733158,6.568048875760263e-07,0.10815894024541672,2.798258838287668e-07,0.33391400467262694
plot_17348,7,0.6248874254314971,6,0.22039128997925894,0.04282165238105341,0.2653372172563322,2.530541246764917e-06,0.09633329713104265,1.438142563137232e-06,0.375112574568503
plot_17349,7,0.3225864424677177,1,0.22351874148271766,0.6774135575322823,0.010556830657998334,0.04981876654724557,0.014105182076407295,0.000629515611723513,0.02395740609162529
plot_1735,7,0.8732157131909899,1,0.08859371432784209,0.6428969516407982,0.0032780451423395284,0.12678428680901008,0.0501370941704221,0.0883098849273235,2.298226443736737e-08
plot_17350,7,0.24022877096219145,1,0.1081109906385033,0.7597712290378086,0.0007934729459812482,0.07499802500892655,0.039083805378899654,0.007542551609263378,0.009699925380617374
plot_17351,7,0.7440384331806741,1,0.25596156675613907,0.647146680193727,0.0037841979578111277,0.07573588293651944,0.004320578574518465,0.0016078111721917411,0.011443282409093002
plot_17361,7,0.4938638676899265,6,0.09620222118646453,0.07770547807943251,0.20030480488537925,0.010811901485972868,0.10883943107442498,3.097825241549208e-08,0.5061361323100735
plot_17367,7,0.5377954582401221,4,0.06929377819445952,0.07698171756677734,0.12727229500856166,0.09755330890111229,0.46220454175987785,0.045887641738343844,0.12080671683086759
plot_17368,7,0.5346622893106534,4,0.12678704592643686,0.06692332918702444,0.11145686694621579,0.07200388662897558,0.46533771068934665,0.03392011740758426,0.12357104321441648
plot_17371,7,0.2550535015795277,4,0.01870114488284801,0.002537532642490374,0.21494036350097356,0.0007227493541861771,0.7449464984204722,0.015328373020464482,0.002823338178565075
plot_17372,7,0.3056028586596682,4,0.013315583460941999,0.0015149245047907677,0.24791259119601777,0.0006123606872343109,0.6943971413403318,0.007288333271050778,0.03495906553963251
plot_17373,7,0.32142524072608475,1,0.006890779613870929,0.6785747592707755,0.02761396073132081,1.0005215133372488e-05,0.12826547397676416,7.541778633242231e-05,0.15856960340580276
plot_17374,7,0.581988145615455,1,0.04848393374683359,0.41801185438444644,0.16532195544086306,0.030914133333604092,0.2394468998425473,2.892551154924816e-07,0.09782093399659003
plot_17375,7,0.7798676783271804,6,0.08678522228427048,0.1524139687683248,0.22013232167281957,0.002468823392824609,0.09462407730285521,2.116851280062494e-06,0.4435734697276253
plot_17376,7,0.5185569782910749,6,0.10544970778814308,0.08425226728967007,0.21770614874526248,0.007491535513482442,0.10365725153778946,6.741672736935315e-08,0.48144302170892506
plot_17377,7,0.7776458644748505,1,0.22235413552470545,0.6629730710327051,0.0017510187215217107,0.07464483105023181,0.023417718247126542,0.0009079662919144095,0.013951259131795025
plot_17381,7,0.7616085772744428,1,0.0636969859305788,0.41162575619513225,0.023337513044948632,0.0734546294310116,0.2383914227255572,0.0033213611541993127,0.1861723315185722
plot_17383,7,0.023568991227442517,5,3.263160094238718e-06,1.547038266372168e-05,0.007555925469154524,8.740804012446487e-05,0.01578056840777245,0.9764310087725575,0.00012635576763313878
plot_17384,7,0.038097365416672295,5,2.332202518683325e-06,2.580346771936776e-05,0.01588213421548021,9.459333544792125e-05,0.02123981954068517,0.9619026345833277,0.0008526826548209353
plot_17385,7,0.1391677949585772,5,2.1399376415832938e-05,0.000306689548237873,0.04959015658614162,0.0009309252877303558,0.08699919658520748,0.8608322050414228,0.0013194275748440029
plot_17389,7,0.3547178683644823,1,0.0001525963754062096,0.6452821316256069,0.014910582372250649,0.0,0.2837417175460696,0.052787627327253325,0.0031253447534134457
plot_17390,7,0.8002751400913621,6,0.08643594745330146,0.03787916935815672,0.19972485990863792,0.00024231665070794146,0.023871936776724327,2.6511944916376015e-10,0.6518457695873523
plot_17391,7,0.3154385830410291,6,0.08765671177358056,0.04365982721690127,0.15623851130279184,0.00044349304948888564,0.02744003767573723,2.022529395272953e-09,0.6845614169589709
plot_17392,7,0.35084117266953607,6,0.08752144862484257,0.03610544219567537,0.20101069907120603,0.00020596023578594983,0.025997622173197274,3.6882882740121665e-10,0.6491588273304639
plot_1740,7,0.31424811751720244,1,0.06996514577796804,0.6857518824826995,0.006059873985975836,0.09748292358859512,0.06330159152366785,0.07743815336310175,4.292779918940366e-07
plot_17401,7,0.016956302026748363,1,0.0004034076548995886,0.9830436979732434,1.6559064605449935e-05,0.004095392149220826,0.0004371378275370737,0.005774447968246925,0.006229357362246829
plot_17402,7,0.03180901966220649,1,0.0022990008615245607,0.9681909803377926,0.00023585555282935574,0.0019051566240299803,0.001281167315844688,0.018741329490069625,0.00734650981790917
plot_17403,7,0.033429479520748644,1,2.666874464762005e-05,0.9665705204792311,3.5470437777109046e-06,0.007444242349045412,0.00017821245263795286,0.02292427075002382,0.0028525381806364398
plot_17404,7,0.8497054820541348,1,0.002836804281001224,0.8031604781505148,0.0003772848113483101,0.00024371852731745213,0.006448112806645555,0.15029451794586535,0.036639083477307294
plot_17405,7,0.14885168982239178,1,0.0016981369620464356,0.8511483101776083,0.00023326926144075146,0.000349976439489461,0.0024918783585230636,0.12710187871589007,0.016976550085002054
plot_17406,7,0.20291284945060936,1,0.004181143003612132,0.7970871505493906,0.0005796550931032642,0.0003384580185638565,0.009687811947100193,0.1369222757422162,0.05120350564601368
plot_1741,7,0.24958472659851072,1,0.03923940799938113,0.7504152734012777,0.008219752098382396,0.061437861943554606,0.07951578243699058,0.061171355787244724,5.663331686911763e-07
plot_17412,7,0.6592031403660711,4,0.2611657116731893,0.029011269989717016,0.06966378614746424,0.0012831833858387733,0.3407968596339291,0.00023010427887073043,0.29784908489099093
plot_17413,7,0.6821017381087259,4,0.31789826189127396,0.07350696648453894,0.04561615665414535,0.011910858520133395,0.35905654616599614,0.003819531177780002,0.18819167910613208
plot_17414,7,0.6656243442315322,4,0.3343756557684677,0.05211134093753644,0.03881863237929957,0.007568632892841636,0.3559182776678904,0.002027196311099479,0.20918026404286472
plot_17415,7,0.16617476432777625,5,4.513092979841733e-05,0.00040670874354195965,0.07777277294156468,0.0004292455040829953,0.08075530182715832,0.8338252356722238,0.006765604381629952
plot_17416,7,0.0664942520412348,5,2.9202931047166666e-05,7.267311291292392e-05,0.031301743766649896,0.00012602569669399304,0.030847857030153702,0.9335057479587652,0.004116749503777078
plot_17420,7,0.6673633024879326,1,0.0010086025949557656,0.6322080625419518,0.005435700533485351,0.0,0.3326366975120673,0.015035855976533745,0.013675080841006026
plot_17421,7,0.379778103139431,1,0.0016730071871179219,0.620221896860569,0.005142630913486043,0.0,0.3473840331774895,0.004312947862321421,0.02126548399901616
plot_17422,7,0.649935901314145,4,0.3198701166227603,0.05641159224458075,0.03280540130164164,0.003948763644508783,0.35006409868585486,0.000500589126095263,0.23639943837455832
plot_17435,7,0.852056653436484,0,0.3157405022867016,0.14794334656193045,0.24349760738241247,1.2482870354712402e-05,0.08736716354174347,9.005008355862856e-06,0.20542989234850145
plot_17437,7,0.6123823206386934,6,0.20341122449885807,0.0336003338939103,0.2877088670701406,1.242123359345885e-06,0.08766043441983387,2.1863259110372791e-07,0.38761767936130676
plot_17438,7,0.8755434197148539,6,0.22053868811274993,0.07777117467301295,0.2836734904268902,5.292049434277081e-07,0.12445658028514606,2.9060402133068817e-07,0.29355924669323613
plot_17439,7,0.8803629509276771,4,0.15895838574289212,0.11963704907230746,0.09758990900481829,0.0292542097180572,0.39409162866617575,0.015585625453438846,0.1848831923423103
plot_17440,7,0.6269235257682073,4,0.15387761898133018,0.10583277436200311,0.10490103591562241,0.03451666421524367,0.37307647423179274,0.02099558095724397,0.20679985133676396
plot_17442,7,0.6858138692311474,4,0.3141861307688527,0.06678572784529892,0.03329051951033543,0.0035940525810831047,0.3234873583187694,0.0003342973355165219,0.25832191364014395
plot_17443,7,0.6999545115292014,6,0.28292807583940704,0.06132287226415831,0.05997566383708666,0.0016660291869191126,0.29391920682697736,0.00014266357465288893,0.3000454884707986
plot_17444,7,0.5454821149751585,6,0.18486624563199802,0.02946774089914942,0.1575785318793969,0.00032575810926778833,0.17323416000359296,9.678451753447257e-06,0.4545178850248415
plot_17445,7,0.3205663898801355,6,0.09120738589544318,0.036952398594373284,0.1575839278271163,0.0013592252400350924,0.033463452172996934,1.5017075469860225e-10,0.6794336101198645
plot_17451,7,0.5988895108457146,6,0.22751941889206317,0.016009790743182997,0.18279031226510842,0.00025007214085807716,0.17217713998163514,0.00014277682286676296,0.40111048915428543
plot_17452,7,0.8249228163398594,6,0.2442078773932253,0.03461942940284876,0.1750771836601407,0.0014522717161961451,0.17473526645300946,0.0009441999424700932,0.36896377143210957
plot_17453,7,0.7337819160589724,1,0.0702741928354606,0.2911599752099189,0.0951009635750946,0.04971039337255294,0.2662180839410276,1.994036543289964e-07,0.2275361916622911
plot_17454,7,0.4947231999509643,4,0.07127935543211004,0.0021668531257454608,0.32556121268494664,0.022086115847378997,0.5052768000490357,0.07072140166318468,0.0029082611975985283
plot_17455,7,0.7069611126067674,4,0.032521006412970184,0.00023238591877838998,0.29303888739323264,0.004438092098879935,0.6442986717043059,0.024637648068085133,0.0008333084037479875
plot_17456,7,0.882847765592016,1,0.0956664173204358,0.49351183955441486,0.02491194026456775,0.11715223440798382,0.16305323681736725,6.749218469523085e-05,0.10563683945053515
plot_17459,7,0.6301331855418166,4,0.00040427122761120163,0.12375428945928607,0.10602355118310275,0.2650410048041818,0.36986681445818326,0.1215554020869141,0.013354666780720831
plot_17460,7,0.6747169745301818,4,0.002008862939843601,0.10176382145969626,0.03819627400338564,0.32528302546981824,0.3355588559342212,0.13934785525235838,0.05784130494067677
plot_17461,7,0.7756903602884611,6,0.167984220755162,0.010019352857628984,0.1525410295897281,0.00011165025182709652,0.224309639711539,1.9166076155092675e-05,0.4450149407579598
plot_17465,7,0.2875992660618166,1,0.08476985508442861,0.712400733936642,0.009431322688367837,0.08707881187975977,0.03666999656903748,0.0665687413234542,0.003080538518310183
plot_17466,7,0.2793870212087915,1,0.1263794483269987,0.7206129787911217,0.004408074337792571,0.07332348215618623,0.015799546985600193,0.05797146256621319,0.001505006836087407
plot_17467,7,0.8654710976624854,1,0.053539917041573334,0.6829477253272231,0.003093241975024599,0.04108243497640858,0.07234943836102962,0.1345289023375147,0.012458339981226033
plot_17468,7,0.29936637558467627,1,0.097458517668083,0.7006336244153237,0.0007908153261001191,0.03309204524216812,0.05508870294454886,0.10155537135680676,0.011380923046969525
plot_17469,7,0.7334216445846486,1,0.2665783530472265,0.6517560097782621,0.004679857997583504,0.054436883668508365,0.0076098016225319386,0.0005447814295101278,0.014394312456377484
plot_17470,7,0.6282485704015209,6,0.2677790508809871,0.036263020998512925,0.1458611891405749,0.002942372280972106,0.17312451639453968,0.0022784207059342006,0.37175142959847907
plot_17471,7,0.5481582809048053,4,0.0003294382257158854,0.3709081387031781,0.10332382526146938,0.04795766824187417,0.45184171909519466,0.025043097094449553,0.0005961133781181646
plot_17472,7,0.8420006476492503,4,0.0018096049945367963,0.29676433759996623,0.15799935235074966,0.12884640715637521,0.3605021246584241,0.052144962918928006,0.0019332103210199921
plot_17486,7,0.8406748434627163,6,0.15932515653728244,0.013983343161918595,0.23289097524375235,0.16337702177391036,0.19701121376461378,1.1967707564478187e-15,0.2334122895185212
plot_17519,7,0.4360458456013403,5,0.19224957716489904,0.23706073044574566,0.0,0.0,4.012337337531698e-09,0.5639541543986597,0.006735533978358259
plot_17523,7,0.7474149841509342,1,0.03305051445249937,0.4056171598355145,0.10770183191374921,0.1288664554431182,0.2525850158490657,1.443788078831817e-09,0.0721790210622649
plot_17527,7,0.758710716741493,4,0.24128928325850713,0.3337300437669812,0.02561963686799832,0.01904304213466332,0.33726815851514125,4.080671304358637e-12,0.04304983545262826
plot_1758,7,0.3282157273763087,1,2.5446230190612167e-06,0.6717842726236913,0.14443947629725395,3.341194927389317e-05,0.10717887837989393,0.07654613755141756,1.527857545028165e-05
plot_1759,7,0.8172434370370536,1,9.677005248688333e-05,0.5904275333912884,0.03891858283432978,0.000666835978463298,0.1827565629629464,0.18679954035354274,0.00033417442694254416
plot_1760,7,0.43607770440996113,1,0.00010408596185719063,0.5639222955900389,0.01602854754046158,0.000576465366172689,0.1974504338659462,0.22150835141437916,0.0004098202611443748
plot_17600,7,0.004622798493066601,5,2.6269344960029675e-07,7.363055058500262e-07,0.0014193690189012456,1.3577606785614285e-05,0.0031486098127373424,0.9953772015069334,4.02430556869776e-05
plot_17602,7,0.6807100795133803,4,0.12221552423602082,0.04442741357938694,0.3192899204866197,0.0002016039859212425,0.5130633366756433,0.0004293102529712054,0.0003728907834367992
plot_17603,7,0.10025038968638904,1,6.971456714895173e-21,0.8997496103136109,0.002765494493847214,0.08801377065035415,0.00013747951008734026,0.009052175409927568,0.0002814696221727033
plot_1761,7,0.786724210837056,1,1.098951901230841e-05,0.5599050140926481,0.027831809056135658,0.0001185242812963087,0.19878785775594254,0.21327578916294399,7.0016132020993e-05
plot_17625,7,0.5648721832724826,4,0.0488860925406641,0.036110323395183316,0.07702527920516336,7.714028477189032e-06,0.43512781672751755,2.861093618184064e-08,0.40284274549205845
plot_17628,7,0.4197685849070931,1,0.03240392994785771,0.5802314150928628,0.09929041293395473,0.027519521784229176,0.12722897268556502,0.1328780058707825,0.00044774168474792615
plot_17629,7,0.2857561967000597,1,0.01782344246988345,0.7142438011580461,0.09811604724786469,0.011991728514198753,0.14692974383597063,0.009210821751128084,0.0016844150229084912
plot_17644,7,0.8745413808021911,2,0.03870409192096429,0.1174096667167164,0.33381452318188926,0.12545861919780893,0.028824797051198014,0.03411773766535593,0.3216705642660671
plot_17647,7,0.4164505906941317,2,0.013398933050923555,0.15220192546526998,0.5835494093058683,0.026374730359189705,0.20909209281735386,0.006843586659093073,0.008539322342301457
plot_17663,7,0.3108862258434469,5,0.0027183424555187142,0.08415506998254416,0.004222935002137558,0.009265104876177247,0.2054072940628528,0.6891137741565532,0.005117479464216472
plot_17664,7,0.6931060014131804,4,0.08798265592482933,0.04435886925183989,0.18731180684072574,0.11777005815639502,0.3068939985868197,6.896615440775137e-16,0.2556826112393897
plot_17671,7,0.45730360755273847,0,0.5426963924472615,0.010592801176985042,0.08913913460216338,0.0013008367517585134,0.008859191974561618,9.695236942582902e-07,0.34741067352357574
plot_1768,7,0.8881785123281222,1,0.08112437537788737,0.6629861329940469,0.0013634384818956412,0.11182148767187794,0.014638222745087333,0.07094928632923939,0.057117056399965414
plot_17680,7,0.7636317825209942,6,0.18306528524170285,0.16909482439910561,0.003989111963447169,0.2363682174790058,0.11355134342653408,7.272956220394376e-16,0.2939312174902038
plot_17681,7,0.7388832876989413,2,6.607893494315863e-11,0.2797532521681323,0.31612027353894434,0.0004436344612409894,0.2611167123010588,4.9573814635505084e-05,0.14251655364990923
plot_1769,7,0.3833922496104289,1,4.0831596416005825e-06,0.6166077503743455,0.07647334784232124,5.541039666161536e-05,0.15763677096426854,0.1491964699913172,2.6167271444351865e-05
plot_177,7,0.5413355408378973,2,0.0003961131869360087,0.08479322336818788,0.45866445916210263,0.00019132620046430937,0.003489572559092386,2.5674624967840425e-13,0.4524653055229598
plot_1770,7,0.31085905940364894,1,1.4250380573113618e-07,0.6891409405963511,0.16500850871299855,4.546660216423224e-06,0.08788585648576855,0.057958048342761755,1.956698097940323e-06
plot_17701,7,0.6822310085896496,4,0.1392461341943592,0.08117492478738327,0.08957446079068161,0.030639989149955176,0.3290795931277473,0.3177689914103505,0.012515906539523032
plot_17708,7,0.33356415929026934,2,0.00868603153584169,0.1876511215669537,0.6664358407097307,0.03584417345461777,0.08246024114742645,0.0011243347240109032,0.017798256861418862
plot_17709,7,0.20581255983319424,1,0.016771454834617828,0.7941874401659744,0.010886243358094886,0.0037038194819909586,0.12158024093891572,0.0008435377839553431,0.0520272634364509
plot_17710,7,0.16594407314938267,1,0.029673899311344586,0.8340559268504613,0.07774860262807619,0.00562428804108132,0.050211174081462584,0.0026542605988812526,3.1848488692662384e-05
plot_17722,7,0.1436416257150334,5,0.06715944120745283,4.850504335711766e-08,0.005966767442883603,0.005104409571722609,0.060418731626626726,0.8563583742849666,0.00499222736130429
plot_1773,7,0.7781500044165628,6,0.22184999558343732,0.08144315799725654,0.08307875974138139,0.011433971423275742,0.07297118387804333,0.0031910479179758857,0.5260318834586298
plot_17736,7,0.6052840493822115,6,0.0029547010565877806,0.023475443131035816,0.3947159506177885,0.0,0.02615148924106063,1.7370009308964266e-05,0.5526850459442183
plot_17737,7,0.12138560721645916,1,0.00662991777676078,0.8786143927835408,0.042466936572037414,0.001402752808420505,0.05215113305431203,0.018734775360939662,9.164398878732952e-08
plot_17739,7,0.2764115629717946,1,0.0033721607386126016,0.7235884370282054,0.1450916029540025,0.011002172078037416,0.11402980017549431,0.0015712154806575463,0.0013446115449901091
plot_1774,7,0.8049952956532389,6,0.19500470434676104,0.013533152464739472,0.3546720383948047,0.00034641368198581695,0.051975934153599676,0.0005069701741860656,0.3839607867839232
plot_17741,7,0.3747556880336303,1,0.012340369440091592,0.6252443119663696,0.01773682540799492,0.0006779431717262892,0.32955940800040134,0.013799156158863004,0.0006419858545531426
plot_1775,7,0.3025028134456413,1,0.04031174486015611,0.6974971865541298,0.0013929425731133136,0.06498654476622448,0.026162801241277924,0.1573510845156566,0.012297695489441804
plot_17758,7,0.02872855891323176,5,0.026907379136369126,0.0,0.0003859468696889431,0.0007267145535908504,0.00038580730903940567,0.9712714410867682,0.0003227110445434082
plot_17759,7,0.00013222232712023526,5,0.00012385042861916195,9.4814056417916e-08,7.527568714372575e-07,8.59806069011444e-07,5.814805012639882e-06,0.9998677776728797,8.497164915115852e-07
plot_1776,7,0.30691790612996234,1,0.033838759111037994,0.6930494553738187,0.0008313922078275868,0.07885669378894701,0.015089196333905014,0.16023762753973364,0.018096875644730174
plot_1777,7,0.6031607670324612,2,0.006526418277685337,0.14060932612499794,0.39683923296753887,0.044102307626817966,0.18082843682721877,0.0032864226898889474,0.22780785548585214
plot_1778,7,0.4595636881863925,2,0.04089638930057296,0.026572709338336095,0.5404363118133945,0.004991878449453784,0.20967056091863345,0.0010027907490275491,0.17642935943058174
plot_1779,7,0.7668033202165654,2,0.02037427972848047,0.027099569649792304,0.5697672541061405,0.0030760921468240138,0.23319667978343478,0.00047235176417504543,0.14601377282115297
plot_178,7,0.578431195007358,6,0.0006853809239985831,0.19886266527446084,0.37337457441085087,0.0002667620805980738,0.005241812316982076,4.674862107372289e-13,0.42156880499264204
plot_1780,7,0.5094725589168332,2,0.006967382594767875,0.10384120935718844,0.4905274410831668,0.00348840765204072,0.26398096693971307,0.003107422062901658,0.1280871703102213
plot_1785,7,0.8391234001547732,1,0.12635565659897477,0.5105326380035943,0.0026427563601498717,8.153757690323447e-05,0.18340308408110678,0.16087659984522684,0.01610772753404422
plot_1786,7,0.26054100767333893,1,0.026323782700963524,0.7394589923266611,0.001858159556747926,0.00522543990895079,0.09025926584320337,0.1307932462802074,0.006081113383265975
plot_1787,7,0.7570355880389221,2,0.0007229670211646588,0.11885382552884494,0.31324994237701426,0.030225179686843608,0.29296512601522345,0.0010185474098312215,0.24296441196107774
plot_1788,7,0.7495935783174223,2,0.0005050898891878514,0.06585931075264106,0.426249651258681,0.01900847255564217,0.23735076851523676,0.0006202853460335284,0.25040642168257765
plot_1789,7,0.5499859754302783,2,0.00048378623470894173,0.06911494368973091,0.4500140245697217,0.012862926237203785,0.23397449604666498,0.00036306716627987264,0.23318675605568995
plot_1790,7,0.6635826331247533,1,0.0013676553432091624,0.4072563829738715,0.19525326999777684,0.0006902710363668574,0.3364173668752468,0.024042250013895542,0.03497280375963346
plot_1791,7,0.7513639759006623,6,0.24863602409933783,0.029097537303276064,0.2151151506628863,7.044393478853745e-05,0.18338714801719047,0.0001661947841050019,0.3235275011984159
plot_1792,7,0.5265944172997701,2,0.0008595440393297812,0.09432147335549593,0.4734055827002298,0.008422826782866337,0.2498597194308373,0.0022553248292192696,0.17087552886202143
plot_1793,7,0.5024751689373611,2,0.0004285376721721423,0.0505457299210043,0.49752483106246287,0.010835396111516012,0.21926197406807785,0.0004554357433783545,0.2209480954213885
plot_1794,7,0.7244543145059933,2,0.00040501056543404694,0.15807218990634037,0.2987946236551028,0.04617588617908824,0.2755454798294711,0.0032349223495325803,0.217771887515031
plot_1795,7,0.7077548319306844,4,0.0007334289267175403,0.24152351374329592,0.21513221643179792,0.05616339759494911,0.29224516806931555,0.0043874607836779395,0.18981481445024606
plot_18,7,0.66005489340909,0,0.3399451065909101,0.11686652779333952,0.037218998954884445,0.005128813227025103,0.20436886930029333,8.671817768643564e-05,0.296384965955861
plot_1801,7,0.7019202302067487,1,0.05295109725258381,0.3462211106425156,0.22361287395015758,4.862956839266638e-05,0.29807976979325135,0.06812889950822476,0.010957619284874258
plot_1802,7,0.7414418428832528,4,0.0965803870064251,0.2203247627129486,0.25855815711674723,5.165980068700209e-06,0.2846816726858645,0.10954393068853913,0.030305923809406686
plot_1803,7,0.587857555006459,4,0.00027522699317581513,0.3721163274871333,0.13366560288583484,0.00017081850054827169,0.412142444993541,0.06331639997763264,0.01831317916213411
plot_1804,7,0.4780974852641985,2,0.03614597818037359,0.04051205853468058,0.5219025147356029,0.012484790155602103,0.17893145314465259,0.001114428807255147,0.2089087764418331
plot_18044,7,0.8134863493561821,4,0.0001168258569402938,0.28211495035010614,0.18651365064381792,0.08473622238571411,0.2988699519778399,1.6405005391768618e-05,0.14763199378018987
plot_18045,7,0.022469119804560272,1,3.286959588983233e-05,0.9775308801954387,0.0009517993336692438,0.009480677339310023,0.007188456925538775,0.004208674179556355,0.000606642430596832
plot_18048,7,0.39003214499196304,0,0.609967855008037,0.15829723828919073,0.014971971720539648,0.002284973493709653,0.1759286551388599,0.006793108180490222,0.0317561981691728
plot_18049,7,0.2672401165691467,0,0.7327598834308533,0.1333803527285258,0.06733597991726313,0.000569907114700506,0.03882033052199547,0.0005048222304789101,0.026628724056182836
plot_18050,7,0.10400454424344087,1,0.0015133313560941428,0.8959954557565591,0.024152671061025147,0.00016485135241625472,0.04773747084694324,0.001905948917827672,0.028530270709134425
plot_18051,7,0.5450368443820144,4,0.008211382524585451,0.09503197207103083,0.35370089741602784,0.05468897488486675,0.4549631556179857,1.9911539502049135e-06,0.03340162633155319
plot_18052,7,0.3947716397768428,1,0.000613311276625183,0.6052283602231572,0.10882062899641154,0.05463438506061008,0.2255629548673751,0.00032984431420661,0.0048105152616143235
plot_18053,7,0.35633172747393216,1,0.001326760656232811,0.6436682725260678,0.09942857824149987,0.0587525372059687,0.18457540839249753,0.00022108208671452588,0.01202736089101862
plot_18054,7,0.30845106278911133,1,0.0019065055256293258,0.6915489372108887,0.08428578831418042,0.04465235064693752,0.15979633935675944,6.481388120580404e-05,0.01774526506439884
plot_18055,7,0.8500656489531309,1,0.0011476048574256736,0.48461187734597805,0.1499343510468692,0.09482113209607827,0.26033889996772963,1.94920868888454e-05,0.009126642599030422
plot_18056,7,0.4484928682381223,1,0.0005072844140182036,0.5515071317618778,0.12610802237006982,0.0762419648066109,0.24001284853285276,3.3447451493578906e-05,0.00558930066307711
plot_18060,7,0.44149751856676733,0,0.5585024814332327,0.12211227357476763,0.005267599938135024,0.00973294720286378,0.0841655634453246,0.19900424370865502,0.02121489069702141
plot_18061,7,0.7788679684404438,0,0.547565076217157,0.14695978746910893,0.004514623280811849,0.010381545544787258,0.058309433451061966,0.22113203155955632,0.011137502477516797
plot_18068,7,0.07705374720622686,1,1.5833858259991043e-06,0.9229462527937655,0.001213364910308391,0.01900887254085523,0.05001764668165076,0.006743640901937758,6.863878565624502e-05
plot_18069,7,0.030111039941697667,1,0.007638609451132297,0.9698889600582677,0.00010351747145271564,5.0233006828473156e-05,0.0013816471575591883,0.020749195056755244,0.00018783779800437506
plot_18070,7,0.03669004205037743,1,0.011400307972203903,0.9633099579493811,9.573989625213372e-05,0.00010912225587156709,0.0015272588217338846,0.02350083298245296,5.678012210451297e-05
plot_18071,7,0.02924404978603678,1,0.0070710030417976116,0.9707559502139544,0.00018690248168062458,0.00022035963897903613,0.0017129856874498956,0.01993960053668872,0.00011319839944956896
plot_18072,7,0.035541607346771524,1,0.009644530067306424,0.9644583926532285,0.00024865274764499017,0.0003602181114711783,0.002240530767572168,0.02301110678055568,3.656887222113037e-05
plot_18073,7,0.06211306756001642,1,0.011940432165203308,0.9378869324399836,0.003956623116755196,0.0044178097904643806,0.01467479873282163,0.026730380853888538,0.0003930229008833411
plot_18074,7,0.12232723421990889,1,0.023492769589845235,0.8776727657800757,0.000790503636096162,0.011946601865852516,0.041409826974425114,0.04468728030478036,2.518489250455122e-07
plot_18075,7,0.7286886952601201,1,0.0007571479965552953,0.2778179341139711,0.1623944627075665,0.13118551041557477,0.2713113047398799,0.00013886593655683564,0.15639477408989552
plot_18076,7,0.8285325417012726,1,0.0014876747774571538,0.2907735717968261,0.1714674582987275,0.1302242935650024,0.23882764399511358,0.00012182899119146656,0.1670975285756816
plot_18077,7,0.8093768579428084,1,0.004478527172768678,0.40655055763904036,0.09134777724295745,0.09218818920316582,0.21475007597880585,6.173070607016447e-05,0.19062314205719158
plot_18078,7,0.3857669424384294,1,0.07412772426030062,0.6142330575615009,0.0944288016421827,0.005146301724863871,0.18783455116973802,0.0011304048183261198,0.023099158823087614
plot_18079,7,0.44317992045380405,1,0.08185552706177977,0.5568200795461945,0.0973907587232579,0.0030543197209323457,0.2248442976219761,0.001914614682983511,0.034120402642875684
plot_18080,7,0.17743662793372486,1,0.04064587923731709,0.8225633720659336,0.0370084162486498,0.03510646713484155,0.05175411464318562,0.0018931559856711884,0.011028594684401
plot_18081,7,0.44478635000291,1,0.12835668022558436,0.5552136499964354,0.135433847385752,0.0034257644291031944,0.1619153638085918,0.00017989000002969878,0.01547480415450366
plot_18084,7,0.2898600224143636,1,9.771423904466918e-05,0.7101399775856281,0.05814422296129959,0.008747924796566484,0.1663824724239992,3.3090404328012894e-09,0.05648768468442139
plot_18086,7,0.1555385282852486,1,0.014121700312967762,0.8444614717147507,0.06276519785151338,0.03018343724536843,0.014528674755079013,3.25971601550575e-14,0.03393951812028811
plot_18087,7,0.4825983301084146,2,0.004874934484322733,0.2591564457767974,0.5174016698915854,0.005163480451366884,0.17373134730852732,8.4559897974977e-17,0.03967212208740007
plot_18088,7,0.4895423478143675,1,0.004643958999114737,0.5104576521856325,0.3163640398667158,0.011470067933011549,0.13994907508750518,3.088072678402017e-17,0.017115205928020242
plot_18095,7,0.7315971618637354,0,0.5495241370492914,0.05513482997321602,0.015451635822937619,0.022585490780701947,0.06991933762634743,0.26840283813626464,0.018981730611240876
plot_181,7,0.06188220999479896,1,2.246667928609908e-05,0.9381177900048087,0.0007218049715462877,5.590556426963628e-06,0.04160656470588768,9.604663536710095e-18,0.019525783082044383
plot_18100,7,0.5042222490358496,2,0.01338575431228701,2.8718359789254025e-05,0.49577775096415033,3.6769762883744816e-05,0.0687547094694581,0.4179624753898785,0.004053821741552912
plot_18101,7,0.22723706274144884,1,0.0026105504960508264,0.7727629372585512,0.09822764150443734,0.00047693087647427334,0.10378945026914453,0.0031176375351565514,0.01901485206018535
plot_18102,7,0.7784094680729381,5,0.221590531927062,0.06185089723659099,0.025351056092965295,0.006151636742791631,0.049910292275146706,0.45772946742116066,0.17741611830428272
plot_18103,7,0.5634522119753562,1,0.015406099369715457,0.43654778802464367,0.0016877497661633306,0.15734507620110746,0.3889113674432437,7.250254801848016e-05,2.9416647107871076e-05
plot_18104,7,0.8044797081014512,1,0.012262897394873145,0.6267839209443273,0.0003883842230986006,0.19552029189854886,0.16502132108371353,7.876382716465485e-06,1.530807272208656e-05
plot_18107,7,0.23619534478992976,1,0.00787207365568035,0.7638046552100702,0.0014158601839465402,0.003713681843894548,0.19974202316268075,0.0040140636540648535,0.019437642289662722
plot_18108,7,0.37248012154683635,4,0.0007231321448297533,0.1287163611917836,0.23522692517960325,0.0,0.6275198784531637,0.007761086199470671,5.2616831149092157e-05
plot_1811,7,0.02418406025309934,1,0.00013318618116931472,0.9758159389868252,0.001518455829148523,4.0005601404034585e-05,0.021435146660292864,0.000672973212775579,0.00038429352838449524
plot_18111,7,0.07230474176881818,1,0.00015273202312541186,0.9276952582311818,0.010759893246040942,0.008551066605826484,0.04074477634210883,2.583414317719864e-10,0.012096273293375088
plot_18112,7,0.047154037506660786,1,0.0002943426601526434,0.9528459624933376,0.00782983064176374,0.008800999333076185,0.024049585233159976,9.978554343870093e-13,0.0061792796375120685
plot_18113,7,0.07486073906264402,1,0.0016841214182795573,0.925139260937356,0.022030052123921885,0.044468632360617724,0.0036725908723300826,1.023227119957512e-09,0.0030053412642676905
plot_18114,7,0.21696987719840813,1,0.018550870690354385,0.7830301228015846,0.09601896013891391,0.019982183414261893,0.04128818112094274,1.1569179409801134e-17,0.04112968183394219
plot_18115,7,0.37880833027711414,1,0.005763096534796418,0.6211916697228859,0.21844633869627011,0.015788873026929606,0.12241873222900954,2.9133972750244044e-17,0.016391289790108447
plot_18116,7,0.5478488046812761,2,0.004667130590309741,0.34965594258245697,0.45215119531872394,0.006865501758541119,0.16059598813089854,4.6918626840394626e-17,0.026064241619069513
plot_18117,7,0.5584786963564945,1,7.055352571679743e-05,0.44152130364350567,0.27180080607254736,0.018312748257720318,0.25444670643745243,5.015677709987025e-07,0.013847380495286455
plot_18119,7,0.6079438495897522,4,0.007607505520255748,0.20101518765603157,0.18368509712713274,0.17794179516578362,0.39205615041024794,4.856157293332743e-06,0.03768940796325517
plot_1812,7,0.0595217599005423,1,0.0006622579730892265,0.9404782400994577,0.00600210511518269,0.00022424629177114551,0.05184773190610538,0.0007111774554079371,7.424115898589686e-05
plot_18120,7,0.025624960203758408,1,0.010303462883273766,0.9743750397962416,4.136358192806255e-05,2.973971439911399e-05,0.003980452144899085,0.009789425818128063,0.001480516061130347
plot_18123,7,0.8797614412896182,1,0.04936083710822006,0.6608293030963734,0.038830169381876764,0.12023855871038185,0.06416017591448167,0.06370919978245138,0.002871756006214879
plot_18125,7,0.4620900560330899,0,0.5379099439669092,0.19485592829924897,0.002373669455661207,0.006511956681309133,0.07284944634182224,0.17571972589407023,0.009779329360979272
plot_18126,7,0.7525969356537213,0,0.2996403943295275,0.2781538390912325,0.015221112196686322,0.004178548235402765,0.24740306434627868,0.031526235420928854,0.12387680637994344
plot_18135,7,0.06641618385226465,1,2.7385667472669315e-06,0.9335838161477293,2.2176179515419906e-05,0.04915260383372477,0.015568093718505871,0.0003409908347476049,0.0013295807190298113
plot_18136,7,0.16916653648381455,1,1.379229182293963e-05,0.8308334635161727,0.001333752878927932,0.047333576501446595,0.11808760441452901,0.0023443593754972356,5.3451021603692915e-05
plot_18137,7,0.21803321866050948,1,0.00018591206756156945,0.7819667813394839,7.94468949580222e-05,0.0921009038522332,0.12549199720999288,0.0001263914491094948,4.856718666070181e-05
plot_18138,7,0.21842962093925058,1,7.955875936858558e-05,0.7815703790607348,8.0381400792328e-05,0.08931551926901096,0.12875621970101614,0.00014123141656377904,5.6710392513434784e-05
plot_18139,7,0.07044780802342375,1,8.83064161679613e-06,0.9295521919765636,1.592566738767821e-05,0.050533825530205634,0.015605770340427256,0.00021763291658669976,0.004065822927212325
plot_18140,7,0.6865630596402034,4,2.3155177361072855e-07,0.2875981951298408,0.16970007687356659,0.0010521270614298026,0.31343694035979663,0.2282123879469509,4.107664171708784e-08
plot_18141,7,0.5829400988077097,2,0.03193034257380901,0.04915182900445602,0.41705990119229025,0.07239001771136755,0.3366554989032575,3.380335159261184e-07,0.0928120725813037
plot_18142,7,0.04249592746600994,1,0.004184193842205813,0.9575040725339901,3.428297773031656e-05,0.0032177102153534655,0.007432623180246619,0.027626852810611457,2.644398622715369e-07
plot_18143,7,0.6587335715861476,1,0.03955698017480891,0.3947155555869882,0.34126642841385235,0.05864204062766841,0.11115501582601525,0.04969552627415816,0.0049684530965088064
plot_18151,7,0.3578468669490931,2,0.1487615886475174,0.0015894044062964316,0.6421531330509069,0.0,0.14703297124140863,0.017991019847649697,0.04247188280622091
plot_18163,7,0.8745434000809351,1,0.007539458345861802,0.6135482377604956,0.061209618548991505,0.10205232568504073,0.09019285869454523,9.010460003937463e-07,0.12545659991906483
plot_18164,7,0.31471221984180864,1,0.0013928398623911983,0.6852877801581913,0.02598933697019929,0.08920928994036778,0.09254258067596803,6.355400847911843e-06,0.10557181699203436
plot_18165,7,0.31584539822698976,1,0.0015507351008628126,0.6841546017730102,0.026753898747783347,0.08898281896089147,0.09349562906887224,7.150750372219156e-06,0.10505516559820777
plot_18166,7,0.24375266944376792,1,0.0031735526212202225,0.7562473305562321,0.011627534526539644,0.07332460203882286,0.10823256871920622,1.1074568184461221e-05,0.04738333696979451
plot_18167,7,0.2680161384054001,1,0.0034397216850768643,0.731983861594594,0.01740621948157461,0.060090284273718306,0.11549288673868577,1.4266071008113557e-06,0.07158559961924961
plot_18168,7,0.2664393803127113,1,0.07137243674325654,0.7335606196872824,0.07953301316276537,0.013168069169157652,0.08881822359459628,0.0003650805969077059,0.013182557046034004
plot_18169,7,0.45845376824572553,1,0.1440444394467694,0.5415462317542614,0.02130907343819595,0.009097687809346961,0.19002533572541003,0.019049999156588206,0.0749272326694281
plot_18170,7,0.26860263196197665,1,0.057070543067078594,0.7313973680380037,0.021306772898235633,0.07388905670398238,0.07783484796890909,0.017094840410715725,0.021406570913074914
plot_18171,7,0.2953625428599582,1,0.0794322798749545,0.7046374571385428,0.017332998401508183,0.031098026489780228,0.11612882697485354,0.01573690868720341,0.03563350243315743
plot_18175,7,0.4846992504963084,1,0.011328379882325906,0.5153007495036916,0.0005769640961975357,0.18766521590559088,0.2850799611272925,4.152230364384736e-05,7.207181257658532e-06
plot_18176,7,0.6391495198425977,2,0.0005285410871903799,0.23378043118121258,0.36085048015740234,0.004353449790395677,0.31528983483256745,0.002246804155600758,0.08295045879563094
plot_18178,7,0.6536266633264197,1,0.0022116145440367117,0.6255383332086402,0.00022320597167255007,0.3463733366735803,0.01419758500125321,1.5879731336202225e-05,0.011440044869480826
plot_18184,7,0.12402731993074846,1,0.009953418335559927,0.8759726800681642,0.03236711695531655,0.015253491967926946,0.06336256460848275,3.4351431865969666e-05,0.0030563766326837513
plot_18185,7,0.12195704451023548,1,0.001985391125454364,0.8780429554897443,0.03194592294880462,0.01224315354791876,0.07337649588802202,1.829273588282801e-05,0.0023877882641731366
plot_18186,7,0.5753248954105318,1,0.037951549975557955,0.4645976806985166,0.010627255966503062,0.008770523524646667,0.4246751045894682,0.0012278451949643394,0.05215004005034318
plot_18187,7,0.5392194398823756,4,0.027021293968752358,0.39805395187600867,0.009629284754825175,0.00853891154668406,0.46078056011762436,0.0051700882650919855,0.09080590947101348
plot_18188,7,0.09342800573891132,1,0.0006298087467977357,0.9065719942610887,0.0005317247050260409,0.07001187237225107,0.020906394416963313,0.00045403317425456787,0.0008941723236186088
plot_18189,7,0.07885284069932658,1,0.0011613248052893738,0.9211471593006604,0.0005574546463585357,0.03222462598219409,0.04313586094343512,0.0002125590980407971,0.0015610152240217057
plot_18190,7,0.18590719522762847,1,0.005588206633620702,0.8140928047723716,0.00032460387920695254,0.11969747896716268,0.037581186768148735,3.7745980762459567e-07,0.022715341519681784
plot_18198,7,0.50522339511687,2,0.007500651312774673,0.1844435870976347,0.49477660488313,0.0050755418189627165,0.23116919587121665,1.2387264735009924e-16,0.07703441901628112
plot_182,7,0.6412289047963329,0,0.3587710952036672,0.01809896476018369,0.1022032376407777,0.020195575498365727,0.07026660629207476,0.13066792661034626,0.2997965939945847
plot_18206,7,0.7907253582304377,4,0.19476256275043277,0.22533536439560353,0.20927464176956237,0.0007153148992932777,0.32724007412443423,0.00017531799255187478,0.04249672406812173
plot_18207,7,0.6571482860684116,4,0.14271913635126024,0.2843067857231581,0.1872328262065322,0.0008960300563963396,0.3428517139315883,0.0004773005266494874,0.041516207204415324
plot_18208,7,0.6579266113339867,4,0.1680278435347061,0.25182123085070807,0.21236080957431328,0.00048602386869943355,0.34207338866601344,0.0001148122533053949,0.025115891252254455
plot_18209,7,0.6665973226925361,4,0.20444603514881832,0.21180884716485782,0.22521312404635752,0.00037460668141092273,0.33340267730746387,3.6821078658365634e-05,0.024717888572433313
plot_18210,7,0.7857843883436191,0,0.4209911417532035,0.16821979361840647,0.21421561165638103,0.002220058652158494,0.08800937399363441,2.807003168352921e-06,0.10634121332304763
plot_18211,7,0.5267504183169895,0,0.47324958168301046,0.10730969262850185,0.21360423016248023,0.001025364969832824,0.1342114779283707,5.568497846211341e-06,0.0705940841299578
plot_18212,7,0.7647544128134756,0,0.4409711640751879,0.10704838245331202,0.23524558718645905,0.00034200768126607726,0.17314731056688565,3.358422164205045e-06,0.043242189614724834
plot_18213,7,0.6121866186956649,1,0.0017024128011812532,0.39258512662020745,0.15778213230109167,0.05621709716780572,0.38781338130433507,3.343501109069061e-05,0.0038664147942881017
plot_18214,7,0.5839566447558479,4,0.0017060950999288039,0.3197816316662645,0.16047163166057338,0.0927121877799386,0.416043355244152,1.399517676400614e-05,0.009271103372378743
plot_18215,7,0.243864485244829,1,0.1259380145433723,0.7561355147490749,0.0020828247506572547,0.00020807014424034052,0.07209672622232766,0.014538378895319531,0.029000470695008114
plot_18216,7,0.8617105122655481,1,0.1382894877344519,0.6493960215823246,0.008511006910296439,0.0012917637282933874,0.1366904411649126,0.012177831297722074,0.05364344758199891
plot_18217,7,0.8193148752685819,1,0.033113352024465734,0.4127718627102801,0.0671621018985748,0.021995765691473476,0.2837392905524885,0.000532502391299316,0.18068512473141818
plot_18218,7,0.6187569447175469,1,0.05330197861946099,0.520914576836675,0.03511255864608767,0.008022679023104802,0.2301056316639778,0.0014051516684160865,0.15113742354227785
plot_18231,7,0.2966634218964181,1,0.006762492033669795,0.703336578103582,0.03241173295423844,0.13246048911872232,0.09265240027317805,0.0013931528250418765,0.030983154691567767
plot_18232,7,0.40764509651142977,1,0.0007218823096591464,0.5923549034877333,0.05983772246327418,0.10059291033278206,0.15809125199416366,0.00010560780012590021,0.08829572161226171
plot_18233,7,0.7344989158265589,1,0.00047842058566563607,0.3549781576793778,0.13749702323572977,0.11671478403334998,0.26550108417344115,8.238336874278137e-05,0.1247481469236929
plot_18234,7,0.49416384989837026,0,0.5058361501016299,0.07684893356734131,0.2094427691717284,0.0006877749035339252,0.12681135958554796,8.502049270854386e-07,0.08037216246529154
plot_18238,7,0.5890211570490539,6,0.001159691225023491,0.09998935811304419,0.2790462654582346,0.09984274563689279,0.10822596355127248,0.0007571330645863902,0.4109788429509461
plot_18241,7,0.11041670359633812,1,1.1042968260537668e-05,0.8895832964036555,3.418059769686664e-07,0.01344549091533932,0.00011551960507244734,0.0008368244786254647,0.09600748382306977
plot_18245,7,0.5189355828214494,2,0.001639977808781054,0.28081625014679584,0.4810644171785508,0.09159234245941195,0.12770525693387372,0.007124456220817632,0.010057299251769028
plot_18248,7,0.7778930213203691,4,0.001505690814267668,0.10855016855853825,0.30954967831758146,0.0031970465704482583,0.33964176027457593,0.015448676784957465,0.22210697867963092
plot_18249,7,0.500605477505801,2,0.001548139817133334,0.27843171991090554,0.49939452249419913,0.09150574466890792,0.11513905195108616,0.006810788724729863,0.00717003243303817
plot_18250,7,0.6921714006414501,4,0.003488087399218279,0.11283043113343494,0.28239518600730773,0.006144822709887482,0.37513856151941594,0.016943150518000265,0.2030597607127354
plot_18251,7,0.7404916275165041,4,0.025655413280033804,0.2595083724834829,0.2341403882360968,0.0025052288828997494,0.3957596358123255,0.004634580110342763,0.07779638119481846
plot_18252,7,0.5914551027632043,4,0.04834205280831014,0.3074123823498298,0.16595051281273887,0.004677902604844745,0.4085448972367956,0.01591399553042141,0.04915825665705929
plot_18253,7,0.5582010668521817,4,0.022106755665450943,0.2138754305193974,0.22441623434378213,0.0055410452653430736,0.44179893314781815,0.01497517778868417,0.07728642326952413
plot_18254,7,0.5615168825823305,1,0.0012555018526743346,0.43848311741766943,0.37399042214104167,0.07236893723436155,0.10063940311026372,0.007936578268111196,0.005326039975878154
plot_18255,7,0.7794744213536765,1,1.9517069409539676e-09,0.38559763578676576,0.06236996134008979,0.00017913896029653377,0.33132755236926514,0.22052557864632352,1.309455523922456e-07
plot_18256,7,0.7011647938137233,5,1.607540399298678e-09,0.23438676277458748,0.17026317894181092,8.718478217314293e-05,0.29642766376680074,0.2988352061862767,1.940810698851796e-09
plot_18257,7,0.05474594827276012,1,1.4045647953464597e-06,0.9452540517272399,0.0002758877355706701,0.02517791774788346,0.0259090286726341,0.0030969427392587264,0.0002847668126177914
plot_18265,7,0.6300481445919168,0,0.3699518554080381,0.22306642079905345,0.22470827117526826,0.0012369225315998099,0.13420468005692454,7.257982337509741e-06,0.046824592046778385
plot_18266,7,0.7926959132492514,1,0.29394277251006484,0.37697177407230525,0.2073040867507486,0.0033825844109854246,0.07347641415378421,1.7319626123237992e-05,0.04490504847598847
plot_18267,7,0.4340408374663423,1,0.1962220316125306,0.5659591625336577,0.13938826971952842,0.009956248557749986,0.05167460727680781,7.457977323983408e-05,0.03672510052648558
plot_18268,7,0.35315356504331963,1,0.1543452435856839,0.6468464349566804,0.1008887807683844,0.018114010064870907,0.039910587420562735,0.00011529260178390008,0.039779650602033825
plot_18278,7,0.7301286243385388,1,0.027931205631832268,0.4018739630308853,0.26987137566146124,0.04132647971082522,0.2447621454743405,1.1570790929891515e-18,0.014234830490655426
plot_18279,7,0.7639764394993782,1,0.03177546968799602,0.4358448787972924,0.23329348080115825,0.05473639202181403,0.2360235605006217,1.8377789097688958e-18,0.00832621819111746
plot_18280,7,0.5325119013499556,1,0.09107982341173512,0.46748809865004437,0.09040001829099811,0.09222616221409337,0.2509599107270072,1.9243136577490435e-20,0.007845986706121827
plot_18281,7,0.8896556756639467,1,0.08186004650298331,0.5503247668230654,0.06258496950267622,0.1103443243360534,0.19228917022408143,3.3098385280786183e-13,0.002596722610809323
plot_18282,7,0.33629493424040996,1,0.08165446716662102,0.6637050657595828,0.016198348442903177,0.02805357927734692,0.17638341575882557,0.004189218673939505,0.02981590492078092
plot_18283,7,0.4142894341821005,1,0.011924038188161025,0.5857105658178927,0.06590426478095293,0.07559655401245212,0.15483602629243148,0.00023624637057921493,0.10579230453753065
plot_18284,7,0.8052215789891166,4,0.0005849299572903727,0.2364590517169117,0.17614233269858354,0.12679218332303402,0.26521569156202485,2.7389731272245003e-05,0.19477842101088338
plot_18286,7,0.4584302317164335,1,1.798072479265558e-05,0.5415697682833905,0.04390102371683502,0.0,0.3625915278371775,0.05191969943780425,3.480321920430971e-83
plot_18288,7,0.3910703211152182,4,0.03491876843725188,0.20906759149677429,0.005426572447158668,0.1410593727541206,0.6089296788847818,0.0005539342522810496,4.408172763183588e-05
plot_18289,7,0.7260439543059278,3,0.01972385371481427,0.2848398123578588,0.062283880381817994,0.3362551211267486,0.2739560456940722,0.020679595499912,0.0022616912247760738
plot_18290,7,0.5766342247809165,3,0.02109192621226985,0.21151189062961018,0.03145389262148602,0.4233657752190835,0.2766229248976818,0.033174700947714804,0.0027788894721539562
plot_18291,7,0.44320473623409884,1,0.03189295043699053,0.5567952637652106,0.012718231070584996,0.20448259138403557,0.13186491657342966,0.04737562480018261,0.014870421969566132
plot_18292,7,0.4579935026356391,1,0.019249914881559395,0.542006497364361,0.004652600793066505,0.1590871157502733,0.177923087048316,0.06692071316443715,0.03016007099798676
plot_18295,7,0.36979454547474,1,0.010383362065300874,0.6302054544997802,0.12874636438368614,0.1959571797468576,0.023424202922063014,0.004495220046946568,0.006788216335365653
plot_18296,7,0.36204168708589834,1,0.00829862558393087,0.6379583129140962,0.11649354995698452,0.20101899250750493,0.021043907979295368,0.00801635018990109,0.007170260868287065
plot_18297,7,0.3694858423900668,1,0.007796057121809969,0.6305141576099331,0.11831266660083634,0.20303595589966825,0.020478524274303196,0.011178024572403966,0.00868461392104512
plot_18298,7,0.8570646994393276,1,0.020437585113640494,0.5522331266558372,0.14293530056067238,0.20877337628265452,0.019274346236338752,0.03221685668470154,0.024129408466155102
plot_18299,7,0.31183341918460833,1,0.004846137126462609,0.6881665808153917,0.1013035307597103,0.18238244075799775,0.012547595838805492,0.004597867745263448,0.0061558469563687225
plot_183,7,0.8375374618319362,0,0.3454402700274509,0.052980928639396435,0.0751624775605951,0.012176251026071623,0.11314594131901418,0.16246253816806372,0.23863159325940803
plot_18300,7,0.7521796371593763,1,0.057022892875059634,0.36430221500145193,0.002112956276005485,0.23927225806807334,0.24782036284062364,0.05722967508674984,0.032239639852036164
plot_18301,7,0.7695938439659904,1,0.02195721868244751,0.3488895835960732,0.0038934278151509924,0.3098571636950086,0.23040615603400955,0.014402591013835786,0.07059385916347438
plot_18302,7,0.0756164555788106,1,4.266741332766118e-08,0.9243835444211894,5.467569344864818e-07,0.044800784249814186,0.004830284523489491,0.0054653938044319905,0.020519403576727126
plot_18303,7,0.06413453236781677,1,6.222138999250954e-08,0.9358654676321831,5.146341157891119e-07,0.018438050153562664,0.0035068543255923953,0.004775112288178814,0.03741393874497704
plot_18304,7,0.06256193622924688,1,9.788111815629592e-09,0.9374380637707531,9.231286046835726e-07,0.017652601664538498,0.013331252612554016,0.009728595812509608,0.02184855322292828
plot_18305,7,0.08401211127022627,1,1.1303684824049568e-07,0.9159878887297738,2.911171513634874e-07,0.01616968090772566,0.0010073242478977262,0.002242228428003865,0.06459247353259946
plot_18318,7,0.5124638841904227,0,0.48753611580957706,0.08450975597317721,0.08526650883845553,0.00018732381738451672,0.20342538252313058,0.00141758677238286,0.1376573262658921
plot_18319,7,0.47285631595256544,0,0.5271436840474345,0.08536928245273694,0.03449149666235524,0.00025375073265952405,0.18025077818048893,0.004056489007068293,0.1684345189172564
plot_18320,7,0.04464013430361637,1,0.0002205028818684615,0.9553598656961851,1.6759792811203992e-05,0.001110316133718099,0.000216463137976499,0.03891938387643717,0.004156708481003388
plot_18321,7,0.1747663034990475,1,5.993254345160737e-05,0.8252336965009461,2.2194768747286556e-05,0.1327683943104624,0.005630520384157527,0.006814175728534278,0.02947108576370082
plot_18322,7,0.8401787399449964,1,0.0910896984650087,0.5570143506196736,0.0036801644919993814,0.04568383543894286,0.15982126005500358,1.3832370518599352e-05,0.1426968585588533
plot_18323,7,0.027575442890395957,1,0.0003235872140990412,0.972424557109596,1.7352180046443184e-05,0.0026566177424644506,0.0002764286111883262,0.00735387058983941,0.01694758655276638
plot_18334,7,0.6633197160035715,1,0.033358348031754685,0.46947309167285106,0.3366802839964284,0.03525881432460007,0.08561809957142692,0.037583890223395394,0.0020274721795436046
plot_18335,7,0.7508533884911113,1,0.024040484943241756,0.6516241418318995,0.029226766936618315,0.006895483605465099,0.24914661150888878,0.027824391615587533,0.01124211955829905
plot_18336,7,0.34657794636269407,1,0.014556301178968969,0.6534220536373059,0.03229753814148968,0.008862195113697643,0.25806205733317444,0.018988793787265965,0.013811060808097405
plot_18337,7,0.3259616110686679,1,0.00992738936791218,0.6740383889313322,0.14079938779210258,0.03124666813926333,0.10470333999089398,0.03796863170529036,0.0013161940732054624
plot_18338,7,0.2749570509923862,1,0.009354006125006932,0.7250429490076001,0.04596190504831597,0.012419294089809392,0.17824881425393574,0.024240920972418718,0.004732110502913256
plot_18339,7,0.7269523265626202,1,0.036504186184870765,0.35532768284348293,0.27304767343737996,0.13016167579150204,0.10781536926649904,0.09405370949292136,0.003089702983343856
plot_18342,7,0.12318738293568134,1,0.027541641082348797,0.8768126170643181,0.07603440510354981,0.01564510736654345,0.0034274182792258024,5.13853660725658e-07,0.000538297250353417
plot_18343,7,0.09984373706474774,1,0.016424561473132263,0.9001562629352522,0.06239420689066527,0.017753141825563385,0.0025821449215835085,2.105271459744686e-07,0.0006894714266572507
plot_18344,7,0.09568984899004185,1,0.0013486164267070778,0.9043101510099582,0.010866198763827665,0.08004033213284992,0.002520912633355032,2.1527399307905098e-12,0.0009137890311494237
plot_18345,7,0.09481971956162294,1,0.0018517752711288717,0.9051802804383692,0.0117703045150301,0.07339411747002314,0.007181235839195167,7.213673445873304e-10,0.0006222857448861926
plot_18346,7,0.09527073514258483,1,0.0025980068536842426,0.9047292648574152,0.014078029426110849,0.05812035845068692,0.01970201981933684,6.884704705826515e-13,0.0007723205920775417
plot_18350,7,0.832240358569592,1,0.05014970766034711,0.5243022805902051,0.05137448837876721,0.023570377251446395,0.16775964143040806,0.0008613687882849741,0.18198213590054105
plot_18353,7,0.6764824741899053,4,0.0002165405255939831,0.31520784550357395,0.3197556750609136,0.00623527062019163,0.32351752581009474,0.0010522625762813234,0.034014879903350885
plot_18354,7,0.1644249221238377,1,0.059751988190326365,0.835575077876156,0.009253141024334862,0.0009191886818775279,0.021364989938393364,0.06527707476374875,0.007858539525163154
plot_18359,7,0.8822393397452173,1,0.03362392530349794,0.38343181020712913,0.0033286753667872357,0.2147374178530782,0.22634537346265232,0.11776066025478277,0.020772137552072432
plot_18360,7,0.7157638541920376,1,0.018872305779902853,0.3961028371515362,0.011372221676723174,0.2842361458079624,0.19539904045070794,0.0807354577765781,0.013281991356589147
plot_18361,7,0.13758664966626255,1,0.009732198169071534,0.8624133503337219,0.0013663961290672432,0.08188489714438797,0.04453404949080276,4.12157987240085e-06,6.498715307614068e-05
plot_18362,7,0.12779952084570673,1,0.002674732973095444,0.8722004791542933,0.002156992313502643,0.07078507333629845,0.05203465876166548,3.3540990268494824e-07,0.00014772805124206817
plot_18363,7,0.07465630327739145,1,0.003678381121833838,0.9253436967226086,0.010407676828915467,0.02400106506913782,0.03608849353829745,2.381356355243353e-06,0.00047830536285169937
plot_18367,7,0.7101933603945765,1,0.029918867952770475,0.31857259926823056,0.008810915021039926,0.2898066396054235,0.23739469186243867,0.017503696241988633,0.09799259004810829
plot_18368,7,0.41026658042031633,0,0.5897334195796837,0.2872155495593546,0.007397726519377363,0.00031349292033440283,0.005363542848803529,0.04390473992916344,0.06607152864328303
plot_18371,7,0.5141869083955513,4,0.0804415693529068,0.23551743330422698,0.008552018154306857,8.500887988753272e-09,0.48581309160444874,0.18883405346381163,0.000841825619411078
plot_18373,7,0.4937263040320943,2,0.005721070765554583,0.2695216542499356,0.5062736959679058,0.009416913965577969,0.17859024997779466,4.2248008852273336e-17,0.03047641507323149
plot_18374,7,0.7818168215707975,1,4.1293976843947195e-05,0.463662175658913,0.1400114309019767,0.021418170984648294,0.21818317842920248,2.688708745454936e-07,0.15668348117754116
plot_18375,7,0.37566151710961077,1,0.04320616782651574,0.6243384828903834,0.16731437879134756,0.007025576044968833,0.021044126139149726,2.0285995642568668e-17,0.13707126830763486
plot_18376,7,0.6109023036077104,6,0.07237677959137945,0.23522823464925455,0.2689428903415467,0.004385179633550655,0.02996921939197883,9.771836093744992e-17,0.38909769639228975
plot_18377,7,0.30602140370702247,1,0.00014490457908267578,0.6939785962929765,0.07065029281592816,0.009349591658977198,0.15846446114751211,2.512365402751278e-09,0.06741215099315784
plot_18378,7,0.8104930544411122,1,5.1000761927039114e-05,0.3636559749163918,0.17083576706938716,0.04341091612958398,0.23253706081214126,2.3347516809029377e-06,0.18950694555888786
plot_18379,7,0.6361589848974667,1,1.4261882171763931e-08,0.36384101510253336,0.26454579963444397,0.0004837660021547929,0.1362473344767867,0.23488207052219895,5.791829823940621e-50
plot_18380,7,0.7310519273993947,1,2.105025909952187e-07,0.3107497920756323,0.26894807260060516,0.0013499313173805081,0.19561983892160328,0.2233321482749052,6.307282583945975e-09
plot_18381,7,0.15018951991074586,1,0.0010470141157306269,0.8498104800892475,0.04391557376019834,0.00020898469346192607,0.08055861843978568,0.0012828116829824512,0.02317651721859338
plot_18382,7,0.2499111002613676,1,0.001189264837205397,0.7500888997386318,0.09769983965800726,4.472050240613467e-05,0.11942618382337382,0.00039680776533373134,0.031154283675042065
plot_18383,7,0.4165724772134133,1,0.00136286997053842,0.5834275227865859,0.1933387748826816,2.3204753396221426e-05,0.17565521958694122,0.0002718575774143508,0.04592055044244221
plot_18387,7,0.8991438952687184,4,0.10085610473128162,0.008311097003689878,0.21692750836567445,1.3694353474029528e-05,0.4568918462188226,2.059350856893427e-05,0.21697915581848853
plot_18388,7,0.28676021162675164,1,1.3908265879268899e-07,0.7132397883732483,2.2773988208267746e-05,0.00024154415936699817,0.24087957533046378,0.036894047778314946,0.008722131287738846
plot_18389,7,0.3311275580805459,1,3.2768179298807475e-07,0.668872441919454,4.586782929507326e-05,4.4244870008896826e-05,0.29004807422019296,0.033005062690731626,0.007983980788524308
plot_18390,7,0.034021555789922206,1,0.01242772751438084,0.9659784442100778,4.062885503837077e-05,6.330514758430734e-05,0.0031432899860265795,0.017687443600484944,0.0006591606864071972
plot_18391,7,0.15931014929765674,1,0.06027913148102023,0.8406898507023433,0.0005610648111750371,0.0003201380952513029,0.011662794401454516,0.08646109584734088,2.5924661414765738e-05
plot_18392,7,0.16476272217010157,1,0.05561833394810484,0.8352372778298984,0.0006896888237718298,0.0014706299652639792,0.02814281974831136,0.07883698258812946,4.267096520142251e-06
plot_18393,7,0.04448234854145201,1,0.0018160775705967289,0.955517651458548,1.453498181414912e-05,0.0030747119829749,0.0028230690932691325,0.03675312698015919,8.279326378689508e-07
plot_18394,7,0.04665851002508069,1,0.005890423059700081,0.9533414899749193,4.1455110439949526e-05,0.0027674360044245535,0.007895292010115277,0.030061966132050484,1.9377083503325944e-06
plot_18397,7,0.8486825055141809,0,0.3908170580482285,0.17338165226727656,0.18373131009291344,0.006609953351534986,0.09413884080693569,3.690947291699913e-06,0.15131749448581902
plot_18398,7,0.6763042857936357,0,0.3236957142063644,0.3180208548055259,0.17340044198243926,0.007819310049481179,0.0730477869662289,9.46266405649428e-06,0.10400642932590386
plot_18399,7,0.2308594737250514,1,0.008968861121145737,0.7691405262749487,0.013492089920291137,0.07240426481802409,0.10473258010154593,2.8823069975250273e-05,0.031232854694069258
plot_18400,7,0.24686485480945256,1,0.0028413524977944035,0.7531351451905409,0.012027156127526358,0.07062788756770307,0.10841993906709574,1.0327011616723293e-05,0.052938192537722584
plot_18401,7,0.2901000240649352,1,0.0016156909955755698,0.7098999759350648,0.024648939457066754,0.0769313280412425,0.0858036568279347,8.244492408117901e-06,0.10109216425070752
plot_18402,7,0.5930173010188069,1,0.020068605872020452,0.4069826989811931,0.23462835893720785,0.15032617784929508,0.07145880595733911,0.11355180352474045,0.002983548878203953
plot_18403,7,0.7725408336653304,1,0.04253202954457946,0.37710233213402244,0.22745916633466956,0.15424280548778357,0.08831381474520719,0.10641431946431404,0.003935532289423777
plot_18404,7,0.30878010221965974,4,0.023652005529776345,0.050369464667054324,0.13744619045583864,0.0012354842273822927,0.6912198977803403,0.0005151837392339191,0.09556177360037431
plot_18421,7,0.49620193075911034,1,0.024442990466231294,0.5037980692408895,0.049533774068042866,0.05343846623310008,0.04057329387838853,0.2912636753122023,0.036949730801145185
plot_18423,7,0.012064114035643905,1,1.7595187121462893e-21,0.9879358859642505,0.00038038945444751187,3.895339334828676e-05,0.0034992995427001,0.008028291049226009,0.00011718059602765848
plot_18433,7,0.8778955767608826,1,0.12210442323911724,0.8176939759752759,0.011807316416903533,0.0002781730370117186,0.023108316431131058,0.013528188313163048,0.011479606587397377
plot_18434,7,0.6368898091609346,4,0.040789897069147325,0.2141961881361349,0.18778275514116927,0.015304283893242943,0.36311019083906537,0.1556212750371707,0.02319540988406961
plot_18435,7,0.5376119233251574,2,0.0037998526706165573,0.28527179914970174,0.4623880766748426,0.11686996323637483,0.12603064293133828,0.0013936295265217992,0.004246035810604239
plot_18436,7,0.8711541696330731,1,0.0161545846309766,0.3877503937933455,0.016615252828957892,0.16314767109050649,0.26225710194739005,0.02522916534189658,0.12884583036692682
plot_18437,7,0.7634848679329934,1,0.0197143103688534,0.45480609857928794,0.0034784345746159684,0.1561357622661467,0.23651513206700642,0.07149781549413288,0.057852446649956604
plot_18438,7,0.8383928149237412,1,0.06853139728415589,0.40848652334046204,0.04508348561558155,0.16350891147820526,0.15086951881745148,0.0019129783878850048,0.16160718507625887
plot_18439,7,0.5765279030342617,4,0.010878061363463474,0.15589526178095972,0.2749561633739535,0.009386712873285323,0.42347209696573823,0.007677364321726089,0.11773433932087357
plot_18440,7,0.5794705643860203,4,0.007810347949495237,0.1489730120627261,0.28968808928872425,0.001610742774030296,0.42052943561397965,0.0047736040807516015,0.12661476823029302
plot_18441,7,0.5302274906052459,1,0.018760715041336022,0.469772500166735,0.007977103891461765,0.20986164454679512,0.1964243384533019,0.07321540718827586,0.02398829071209438
plot_18442,7,0.5141697101675204,1,0.019034680174665107,0.48583028983247956,0.00401706601407353,0.16274226897640093,0.20832270793385618,0.07445398981328877,0.045598997255235835
plot_18447,7,0.29932762396435925,1,0.011513330016565189,0.7006723760356399,0.0014026232654370191,0.1936106620061859,0.05250063841768475,8.580891346736254e-06,0.04029178936714055
plot_18448,7,0.4624825034537617,1,0.07595885492601227,0.5375174965462383,0.011424554760215531,0.07861805134173495,0.13310510978293824,1.0273125335047386e-05,0.1633656595175256
plot_18451,7,0.7991609326974012,1,0.0002435135044143475,0.3988230998234197,0.13665035692753535,0.03690552790479913,0.22653727140864938,1.1631285831023486e-06,0.20083906730259887
plot_18452,7,0.38407793536459706,1,0.0009317708013043137,0.6159220646353971,0.0972150567235609,0.0104891781023017,0.16015760440872,2.065430108381494e-08,0.11528430467441483
plot_18453,7,0.8039528757617018,1,0.0037685778676842963,0.37129574408128213,0.19604712423829804,0.027613742431606348,0.09655086107648297,4.908092801615993e-23,0.3047239503046462
plot_18454,7,0.5475908288177482,1,0.027578587891186047,0.45240917117203977,0.14973285450649207,0.00597096031916004,0.11625651490792409,2.6357618983548545e-05,0.24802555358421455
plot_18456,7,0.017331015942852634,1,1.0298234165164117e-05,0.9826689840570916,0.0004774502872288576,0.005816544488521969,0.0029244953844834057,0.007235162383211643,0.0008670651652972255
plot_18457,7,0.19108288607574536,1,0.0011098050246107372,0.8089171139242481,0.06343040867052012,6.56241651681419e-05,0.09971502211314973,0.0005107997199756637,0.026251226382327332
plot_18458,7,0.04151359040691962,1,8.23785559572123e-05,0.9584864095930787,0.00427711237022256,0.010776902458176288,0.024766781024476135,0.0008883663979808951,0.0007220496001082347
plot_18459,7,0.045897729505949496,1,0.00020963409432635417,0.9541022704940358,0.0035905101657560477,0.010487238269615682,0.030293870395564304,0.0005808233248661429,0.0007356532558354884
plot_18467,7,0.5106630073905309,1,0.023698047893455913,0.48933699260946917,0.18984715218975534,0.010726084125753488,0.2850494884785593,0.00032878164885657914,0.0010134530541502556
plot_18469,7,0.08857148017907478,1,0.03130198942912681,0.9114285198209252,0.00025422096822354354,0.00034790367378775627,0.008645630056561576,0.0479242157048025,9.752034657260704e-05
plot_18470,7,0.10877510608214881,1,0.04341513604257192,0.8912248939178511,0.00012812128993574046,8.799557075824222e-05,0.005597921141211292,0.059496399794091326,4.9532243580179355e-05
plot_18471,7,0.045125509093467284,1,0.007848509086889041,0.9548744909065328,4.106772479224269e-05,0.0009413010788895892,0.006240755192645157,0.030017031689462677,3.6844320788609145e-05
plot_18481,7,0.2531031786798062,1,0.0019402041049921728,0.7468968213201862,0.014381366184036794,0.11761234577390728,0.07743914704204402,0.00015810736625399577,0.041572008208579696
plot_18482,7,0.8720442443224949,1,0.008158976978170664,0.768304567059427,0.01288494151445465,0.12795575567750495,0.06299330195377296,0.0002745304021329709,0.019427926414536764
plot_18483,7,0.3465383487591435,1,0.06195216061932798,0.6534616512402518,0.029223551902520892,0.05140228577893535,0.15946662215208451,0.003432857317681217,0.04106087098919842
plot_18492,7,0.385985725845316,1,0.03016522058150682,0.61401427415293,0.11637566850607386,0.06565211862775022,0.17111665056332262,4.0798938229407944e-19,0.0026760675684165164
plot_18493,7,0.7575449042447013,1,0.004610540679499435,0.42146207621260723,0.1628565104045134,0.03615951642777136,0.13245626019208526,3.282247189990941e-10,0.24245509575529867
plot_18494,7,0.37647063232899025,1,0.0005579053813183959,0.6235293676710039,0.10255844607400744,0.012984214874516613,0.1458262184275323,7.499278726140387e-10,0.11454384682169357
plot_18501,7,0.5687004526980001,2,0.16259103203469777,5.179342957661695e-06,0.43129954730199993,0.00019326533645197173,0.3703746670612657,0.03305242951039766,0.002483879412229353
plot_18503,7,0.622635157764065,1,0.0024621432751003613,0.3773648422358413,0.13492511165485527,0.0718026495155121,0.3548859221639151,2.7630827003450182e-09,0.05855932839169323
plot_18507,7,0.8025103814246185,2,0.11260421977189372,0.007216955470190125,0.673922398581007,0.001061624728418699,0.007705182873108979,2.505028858678704e-17,0.19748961857538155
plot_18516,7,0.5919210137986324,6,0.048424618643132744,8.024390575186778e-06,0.07595567051305516,0.053783890141881285,0.2720979813971346,0.14165082871285345,0.40807898620136757
plot_18524,7,0.5875766815317582,3,0.025286219101661594,0.2282850244103602,0.01098395132108939,0.4124233184682419,0.25316460802618507,0.06339518168784929,0.006461696984612685
plot_18525,7,0.5675999193148725,2,0.004654719365758845,0.23394301212967314,0.43240008068512736,0.05523515434459288,0.22323449292625977,0.022365223729522096,0.028167316819065702
plot_18526,7,0.7248500656452228,1,0.02213828863534021,0.34418088911097056,0.22156694123294493,0.025348860075645047,0.27514993435477725,0.09749825761686803,0.014116828973453992
plot_18527,7,0.8884509349477615,4,0.11154906505223852,0.06556154805111433,0.0013598500705572158,0.2732962787310812,0.5460619304946819,0.002137951991526048,3.33756088008574e-05
plot_18528,7,0.7854938364787447,1,0.10830621714914057,0.3064073676382826,0.007215631543537432,0.10190524576038223,0.2604474718312798,0.21450616301558695,0.001211903061790536
plot_18529,7,0.7984476736917554,0,0.38283263146305013,0.2589875217865979,0.003286497176901172,2.907550304630213e-05,0.0011298685178757904,0.15218207924428406,0.20155232630824457
plot_18530,7,0.34012177746879363,1,0.2426663690829833,0.6598782225311783,0.012468115047229148,3.018174017006849e-05,0.018504529959085077,0.013156275449458778,0.053296306189895455
plot_18531,7,0.2508314604315438,1,0.07985213687395634,0.7491685395668486,0.04555141989403988,1.5805796377407323e-05,0.05627925287661249,0.003713333502772205,0.06541951148939312
plot_18537,7,0.7253401458416032,1,0.17715468470361978,0.29580242584193966,0.013746598549155565,0.025225651261821247,0.21338665839773885,2.412767062787967e-05,0.27465985357509703
plot_18538,7,0.7755990110248918,6,0.19487367477313605,0.21937063991061934,0.03410518708030004,0.01807230756720872,0.22440098897510838,2.0997721790985124e-05,0.30915620397183663
plot_18539,7,0.681291910600013,6,0.1815697626819291,0.1989000194601781,0.0637702177996261,0.013623421248327465,0.22336292213995662,6.556726999562306e-05,0.31870808939998707
plot_18540,7,0.21831767923847886,1,0.008537867509032696,0.7816823207615211,0.0008808828464669082,0.14145815249943447,0.03593723233384952,6.047339277809312e-07,0.031502939315767524
plot_18541,7,0.22415159249658695,1,0.01638329584519798,0.7758484075034131,0.0009737871462444478,0.0937716524001235,0.06806578624558157,1.964668825080018e-06,0.044955106190614436
plot_18545,7,0.4401796618644514,0,0.5598203381355485,0.2739054543859222,0.006368807531463413,0.000260796544204473,0.004511369692505951,0.06205641438933311,0.09307681932102214
plot_18546,7,0.07795509628664497,1,0.009022584760813489,0.9220449037133551,0.005458856647045199,0.03656834936703711,0.026596925947918668,8.047286782771812e-06,0.0003003322770478179
plot_18548,7,0.36010508505730965,2,0.001145826408629529,0.15269598961690375,0.6398949149426904,0.09580123925208789,0.10816809780252909,3.026885288033458e-06,0.0022909050918713558
plot_18559,7,0.6356268685075919,2,0.01776646815956181,0.2473276711764893,0.36437313149240813,0.0,0.09905225682784868,4.300335167614075e-05,0.27143746899201593
plot_18565,7,0.3486893072375654,1,9.331316340134196e-07,0.6513106927624347,8.888573863445617e-05,0.0008059422442127506,0.24462823229246072,0.0738611692773384,0.02930414455328514
plot_18566,7,0.6743267822928541,1,9.60859361918454e-06,0.5649590303351526,0.0005395648860097631,0.00048678041792344956,0.32567321770714575,0.07378471871096537,0.034547079349183815
plot_18567,7,0.31861757199721014,1,7.524949362096785e-07,0.6813824280027898,6.89986891502819e-05,0.0007914044930207994,0.2233746226925992,0.06791393361570093,0.026467860011802652
plot_18568,7,0.6688759758054156,1,1.4919747602971107e-05,0.5314544757859812,0.0008121575173982223,0.0007309864225756124,0.3311240241945845,0.08862844964447106,0.04723498668738656
plot_18569,7,0.8824861235126232,1,2.2200389045749844e-05,0.535640070927295,0.0008364148917649869,0.006132494657114312,0.2401914190529161,0.1175138764873767,0.09966352359448702
plot_18575,7,0.14799709726016105,1,0.0038184096536191536,0.852002902739838,0.05209400462319536,0.04300426325204463,0.04570906076230567,4.402623177529734e-14,0.003371358968953119
plot_18576,7,0.0919887259523242,1,0.013167358489417141,0.9080112740476257,0.05237649144769251,0.023280308058346483,0.0020230813863699134,1.8696014415490684e-07,0.0011412996104041167
plot_18577,7,0.11716914149000414,1,0.027031966330212192,0.8828308585099893,0.07607061374954706,0.007556023419787762,0.005033837048536206,5.113125054869108e-07,0.0014761896294220723
plot_18578,7,0.11730599782351746,1,0.002441448553624211,0.8826940021764758,0.025017959081444784,0.0673415141767407,0.018935275239214854,2.6723316715627794e-13,0.0035698007722324977
plot_18579,7,0.27540204062216606,1,0.05095347016174967,0.724597959377826,0.062177254332390755,0.01177130115012277,0.1293981014550014,0.0019462057631247016,0.01915570775978471
plot_18581,7,0.6834901734420381,4,3.599640630410539e-05,0.24894453189594828,0.3165098265579619,0.009318026701135372,0.4240389198746871,8.28001251745538e-05,0.0010698984387886336
plot_18587,7,0.775479501307944,4,0.058437077814945323,0.2858551489086356,0.22452049869205593,0.014322101536158118,0.33403128988773734,0.04766736732895212,0.03516651583151554
plot_18591,7,0.023275718397051667,1,0.001005285164193094,0.9767242816002825,0.0005778788728356105,0.0008252963062907317,0.02052761460482361,0.00033794650561063696,1.6969459640274118e-06
plot_18594,7,0.08032260121603267,1,0.00824159864531205,0.9196773987839032,0.015118140104161385,0.039681745850745964,0.0161984094862761,0.0010825526341208228,1.5449548061057658e-07
plot_18602,7,0.6471983189016943,4,0.002292852157408782,0.12704537281729966,0.3370694338239152,0.0019577962452043247,0.3528016810983058,0.009027708212492273,0.16980515564537402
plot_18603,7,0.09264404628282527,1,0.0029832572061500792,0.9073559537171734,0.0034357542675682853,0.05657014075439129,0.029555042106293332,5.393746789472307e-07,9.93125737446975e-05
plot_18604,7,0.674178478067561,4,0.007799747484390454,0.13679998516294625,0.325821521932439,0.0016283088042608627,0.39140001708216493,0.0047003101585570755,0.13185010937524144
plot_18605,7,0.6295164898350557,2,0.003204841965610736,0.1480486910192562,0.37048351016494446,0.0008629131337907395,0.3482565239837747,0.0030069302097232506,0.12613658952290013
plot_18606,7,0.7142952683451025,6,0.0483310882476041,0.21154479911034574,0.2857047316548974,0.012831185664059604,0.05199941990505984,7.092974666607464e-17,0.3895887754180331
plot_18609,7,0.0948622656539666,1,0.0303537680821422,0.9051377343460325,0.014962503053276219,0.0018608621680566162,0.02156859168791575,0.02460332048323305,0.001513220179343801
plot_18610,7,0.37990209394450336,1,0.03896570395509769,0.6200979060554676,0.0008240572380491093,0.17833227360646473,0.16164267446255973,3.0226213307463823e-05,0.00010715846905369048
plot_18611,7,0.22778433143831311,1,0.017913485214068638,0.7722156685616868,0.00042272462289379446,0.08486015032378273,0.08193778381093218,2.983363183246096e-06,0.04264720410345236
plot_18612,7,0.3108772225666866,1,0.01468099645177884,0.6891227774333072,0.0031981166930701646,0.038966103527453035,0.23670371247980748,0.00026969535704927065,0.0170585980575341
plot_18613,7,0.11638871973273784,1,0.0023929600873721702,0.8836112802672613,0.0006142286426249258,0.004639289829555595,0.10237351766589124,0.0010606928847878918,0.0053080306225067285
plot_18614,7,0.146382103050448,1,0.002763770705991937,0.853617896949552,0.0005124055277428422,0.0025478488398936313,0.12900917730633293,0.0020767311680057127,0.009472169502480974
plot_18616,7,0.6326643253723785,4,0.05823376655366368,0.19831979755258333,0.12892382681684234,0.0,0.36733567462762157,0.0005493605011362178,0.246637573948153
plot_18617,7,0.7820491572399539,2,0.0059315993232980655,0.12662217672275283,0.3527811722732337,0.0,0.21795084276004606,7.464693102734191e-06,0.2967067442275666
plot_18631,7,0.08440298209618527,1,9.684348254604263e-05,0.9155970179005885,0.020351261006514628,0.004106981610761017,0.05547378325748243,0.0009778815198770404,0.0033962312222304155
plot_18632,7,0.8113543929669608,1,0.0005602959765560762,0.6276124469276098,0.15272674831920283,0.00020720180007619918,0.18864560703303934,0.00019943560095171315,0.030048264342564204
plot_18633,7,0.7346301916902018,1,0.0025286838296957495,0.42921793452922896,0.2653698083097982,2.5912913608806577e-05,0.23065925200156098,0.000186061123422999,0.0720123472926844
plot_18634,7,0.7214740075847212,1,0.002961724954502843,0.4038592748934613,0.27852599241527876,2.5105766748564283e-05,0.23410306389643637,0.00021240009951114627,0.08031243797406107
plot_18642,7,0.8355864455906221,1,0.00017370501864570577,0.5389389910760751,0.0034705579303966954,0.030708684971349348,0.16958212788563926,0.09271237870851606,0.16441355440937785
plot_18643,7,0.3306011880925327,1,2.5904287374320806e-07,0.6693988119074528,3.865674695290954e-05,3.273306288912476e-05,0.2924419140753823,0.03095087481386873,0.007136750350580637
plot_18644,7,0.05624038714021064,1,0.00034672506498716754,0.9437596128597746,0.0004596468567390034,0.0030809080652847943,0.002287716508894425,0.04970016458744629,0.000365226056873529
plot_18645,7,0.9011435191748175,1,0.00026780179681026736,0.8859701157253457,0.000429548710775011,0.013577356470250485,0.0008761297978945276,0.09885648082518261,2.2566673741421164e-05
plot_18646,7,0.12359023897393248,1,0.0002459994194307072,0.8764097610260675,0.0006005978907137506,0.03949771154644438,0.001182434411527509,0.08205554930004938,7.946405766711562e-06
plot_18647,7,0.050491931635282795,1,0.0009343389834600809,0.9495080683645888,0.005741143695022684,0.0024125233480508865,0.02657330583492829,0.009317862019373591,0.005512757754575671
plot_18648,7,0.05311654830681527,1,0.0005771274290572441,0.9468834516931848,0.005230841429333052,0.004247892566451406,0.009783657790316765,0.03240671860612959,0.0008703104855272378
plot_18650,7,0.2903213106629252,4,0.05252357565624981,0.05901055676947452,0.10566679158566383,0.0029295179247278823,0.7096786893370748,0.0022297596160336807,0.06796110911077552
plot_18651,7,0.29672795218794357,4,0.0431831387601924,0.060560047387130875,0.12511118628751244,0.0037709802170365044,0.7032720478120564,0.0029489711404481244,0.061153628395623244
plot_18652,7,0.4024848575574682,4,0.013912204374561126,0.06303439571721546,0.19272673548644645,0.0025870871404325346,0.5975151424425318,5.197813683624661e-05,0.1301724567019764
plot_18653,7,0.5379892276385245,4,0.026772368352239964,0.06043635530872424,0.3145293975272583,0.01276273416219419,0.4620107723614755,9.984342825597024e-06,0.12347838794528225
plot_18654,7,0.24267290274058365,1,0.004146890035931703,0.757327097259416,0.07119184021015786,0.07345524730215726,0.04075992598736693,2.9934824320385135e-13,0.053118999204671
plot_18655,7,0.10025201960033871,1,0.004126287037429894,0.8997479803996554,0.028115961776114876,0.052775355441640255,0.005238043029069978,2.1918147680187635e-13,0.009996372315870453
plot_18656,7,0.4295754334159193,1,0.011060143640313031,0.5704245665840807,0.2590340774926284,0.005727430848853014,0.11957073637009824,4.001215059798269e-17,0.03418304506402657
plot_18657,7,0.46283004680006207,0,0.5371699531999344,0.19341315034970902,0.0021265852920236646,0.0061240118047357316,0.08032120019468067,0.1719290399618064,0.008916059197109921
plot_18658,7,0.6525206648106814,6,0.010164911800983088,0.25445015497366213,0.19354232289229562,0.059185771577259266,0.13517750356648128,1.7979075526019995e-22,0.3474793351893186
plot_18659,7,0.7917374602203797,1,0.002063642531332258,0.4130732616467933,0.2082625397796204,0.022499537520566534,0.11219697680471191,6.261474365902494e-24,0.24190404171697566
plot_18660,7,0.6632208548964119,6,0.01316185261212454,0.3301002987899381,0.15128813852682893,0.04873920796385023,0.11993135700367008,1.2786844251348246e-20,0.3367791451035881
plot_18661,7,0.6310656189421333,6,0.011007127741715852,0.274645328436976,0.1660537206280837,0.051551031304468004,0.12780841083088992,8.676871863957421e-21,0.36893438105786663
plot_18675,7,0.6160507592123272,4,0.05303784303519096,0.08800901605664829,0.01244396932226907,0.38394924078767284,0.4503919939292742,0.011652297618578437,0.0005156392503661915
plot_18676,7,0.6381910637885175,4,0.07640320634267429,0.07711984020591872,0.004666744870950492,0.36180893621148236,0.470546236451156,0.009092896170933167,0.00036213974688499047
plot_18682,7,0.09587636718817394,1,2.1689675775001896e-07,0.9041236328118261,5.42610919863876e-07,0.02008310646719102,0.0006798568386644319,0.0020039412280080738,0.0731087031466328
plot_18683,7,0.10706576726726127,1,9.494380172994369e-07,0.8929342327327388,5.971036506551836e-07,0.03438490619892853,0.0006081852167632838,0.0017352322571386831,0.07033589705276284
plot_18684,7,0.12174160384930074,1,8.107954903172369e-07,0.8782583961506862,1.0673680778042814e-05,0.04829743662508283,0.0038738921467016043,0.006722644961515348,0.06283614563974578
plot_18685,7,0.06494843623431587,1,1.0209840408216684e-07,0.9350515637656841,6.5780693308257945e-06,0.01303362640593359,0.011169439428654919,0.012283149066547898,0.02845554116544453
plot_18689,7,0.11689779086096237,1,6.646456755741686e-05,0.8831022091390376,0.015651186022593272,0.020896496309978457,0.06134039930618865,2.0567429767777007e-09,0.018943242597901592
plot_18690,7,0.07855032950963227,1,0.00012672034537443723,0.9214496704903676,0.010562155920471562,0.013963940463598246,0.04096744734596163,2.2637208808071776e-10,0.012930065207854197
plot_18691,7,0.13986258642076257,1,0.0002588865861644992,0.8601374135792306,0.02352630874834912,0.04349977390145208,0.03935309498904931,1.5016038011376775e-13,0.03322452219560403
plot_18692,7,0.07865685638772552,1,0.006906698019275596,0.9213431436122745,0.04079829673332429,0.02942310597691843,0.0013086989190674299,1.1505305287049205e-08,0.00022004523383454123
plot_18693,7,0.07746327482415241,1,0.0034573233583529675,0.9225367251758387,0.027052196769924604,0.045067413833286676,0.0012865847611814737,3.780136436448364e-09,0.000599752321279162
plot_18694,7,0.10038952619735045,1,0.0023939025123181335,0.8996104738026496,0.03701488313739231,0.04311501727648355,0.007357390459436535,7.656395906278759e-10,0.010508332046080376
plot_18695,7,0.1304829855144687,1,0.003029850552701278,0.8695170144855313,0.050417928263741515,0.04772004776005109,0.01198755567017423,6.567767335671524e-10,0.01732760261102386
plot_18696,7,0.2523564375857017,1,0.006251184183605353,0.747643562414297,0.11177601028287465,0.05602608076082727,0.020601879427973705,2.9355071354904733e-13,0.05770128293012852
plot_18697,7,0.736640334473581,1,0.002302737862178583,0.3834457267635671,0.277593792232734,2.3751675231400978e-05,0.26335966552641904,5.2712222509468485e-05,0.07322161371736031
plot_18698,7,0.307459369556964,1,0.01773649134148994,0.6925406304430276,0.03846005688228363,0.0005981531509129057,0.07152497430752569,0.010468839735930833,0.1686708541388294
plot_18699,7,0.021332024622778976,1,0.0008893320427554703,0.978667975377221,0.00031448998552987157,0.0003985595794457107,0.0046400289822212835,0.014042423725696493,0.001047190307130176
plot_18700,7,0.02091737360809354,1,0.0018995485727414125,0.9790826263918504,0.0004286471445840392,0.00022401459155411223,0.010470235167115932,0.0049414141943682054,0.002953513937785965
plot_18701,7,0.017245119366863328,1,0.0017507146338951913,0.9827548806331242,0.00013314203914386889,0.00017387006414722864,0.0052295555327388984,0.008421292913479074,0.0015365441834716495
plot_18708,7,0.8686628248410747,1,0.014829585472185929,0.710932955078984,0.02986955453198162,0.06016115990156558,0.13133717515892526,4.069326969062061e-06,0.05286550052938858
plot_18709,7,0.27940823452278907,1,0.00012323003731368865,0.7205917654772109,0.07403960981383978,0.00785998181932461,0.1323238320925384,5.621458167193534e-10,0.06506158019762678
plot_18710,7,0.8421698977156606,0,0.32350500717970965,0.20527866161896213,0.036200985457744875,0.0010378261120522194,0.2687470559761499,0.0074003613710418754,0.1578301022843394
plot_18711,7,0.7276457950327956,0,0.2787436017529377,0.2719789982190859,0.031641186692360435,0.0013025347318701345,0.2723542049672044,0.007739531919132412,0.13623994171740889
plot_18712,7,0.3768775438077532,0,0.6231224561922468,0.07091845304788089,0.008823173390424436,0.012742308436883454,0.0568265649280221,0.20207189514669507,0.025495148857847198
plot_18713,7,0.08151943999215508,1,0.0003265053225933199,0.918480560007845,0.0019546682378182275,0.011043129353419848,0.002684432179439948,0.06537340039047738,0.00013730450840637495
plot_18714,7,0.09112933489997797,1,0.0011879645453323168,0.908870665100022,0.004331170860369989,0.017076457950609143,0.004326713297032116,0.06415072971964883,5.629852698555522e-05
plot_18715,7,0.04197017323293845,1,0.00033101339989540836,0.9580298267670616,0.0028773665973326474,0.0025481145090230635,0.008160300846957291,0.026987957719700913,0.001065420160029198
plot_18716,7,0.03463732278494749,1,0.0013288713923949084,0.9653626772150525,0.0012512677914985693,0.000564220022076077,0.01978927838410907,0.005931460088436313,0.005772225106432564
plot_18726,7,0.841030650732762,1,0.009853387791630709,0.38913913326348354,0.3763089481648111,0.004163556490117025,0.158969349267238,6.923271860339178e-16,0.0615656250227188
plot_18727,7,0.8373090655812483,1,9.468852378265341e-05,0.4128843414687055,0.16269093441875168,0.028321114575302314,0.2122152584949064,2.854854603031922e-07,0.18379337703309118
plot_18728,7,0.36797409209537435,1,0.000693955627910614,0.6320259079046252,0.0997384747773792,0.010028826273771777,0.14862298960563897,1.567813143450989e-08,0.10888983013254278
plot_18729,7,0.7885297349499841,1,0.0003572040225139555,0.48704980539465853,0.11933705563187516,0.019626992275878132,0.21147026505001582,5.559187502838843e-07,0.162158121706308
plot_18730,7,0.3977507874840147,1,0.0002462257866570837,0.6022492125159836,0.11452528907098986,0.01183007637934701,0.15497419128456563,3.690551215722684e-08,0.11617496805694467
plot_18732,7,0.4345654346781398,2,0.003802710016779675,0.00011852779087907338,0.5654345653218602,0.0002468387898440028,0.12212236955352213,0.3079691018164379,0.0003058867106771412
plot_18739,7,0.6749578905500669,1,0.02757584224975696,0.3714024328025586,0.010303172058453781,0.325042109449933,0.15642862561660778,0.005454887921810448,0.10379292990087931
plot_18740,7,0.8883010398532684,1,0.11169896014062658,0.30871331859655443,0.004323459992093443,0.13050553381327634,0.27096682517638215,0.16557815811638427,0.008213744164682629
plot_18741,7,0.7856576516127447,1,0.03364780349521613,0.5134900162754852,0.06965071117007587,0.21434234838725535,0.09736866748563887,0.06564570717677184,0.005854746009556806
plot_18742,7,0.772057296312301,1,0.010323794948299589,0.5742557663796772,0.1491251127842304,0.22794270368769912,0.02017084028696106,0.007620463271094296,0.01056131864203831
plot_18743,7,0.4561762335706469,4,0.04320955848223196,0.22460072326749791,0.0015874406522308627,0.1861423356560955,0.5438237664293532,0.0006185102493405103,1.7665263250056907e-05
plot_18744,7,0.4334683137388015,4,0.03880672946063344,0.37227774835223737,0.0006136794844736963,0.1855708580260976,0.4024802530889544,0.0002206907443250307,3.004084327846076e-05
plot_18745,7,0.5298732926015441,1,0.00284632157688822,0.4701267073984484,0.321478608495677,0.07288270360045448,0.11339559432314028,0.015613029651806536,0.003657034953585051
plot_18746,7,0.6383061807464917,1,0.08915534541150752,0.36169381925350835,0.011876283556195931,0.13972413945377082,0.2258518856804598,0.16911516167934115,0.002583364965216416
plot_18747,7,0.7488075030748038,1,0.10232950469562872,0.319178597943387,0.013241448112397261,0.11606487647931277,0.2511924969251962,0.19641231553704785,0.001580760307030246
plot_18748,7,0.3286131073634025,1,0.19566838579074786,0.6713868926202209,0.01638358601094307,1.7621013607208696e-05,0.01523258877898176,0.013082220451425652,0.08822870533407368
plot_18749,7,0.3772227164167076,0,0.6227772835832924,0.09399412900269749,0.15741508314859656,0.028404015790199764,0.08675989745349216,0.007159762806875549,0.003489828214846018
plot_18750,7,0.22497808239523714,1,0.10828120613389508,0.7750219176047558,0.02865252553629344,7.189152137918916e-05,0.052861384169097386,0.004161219963278898,0.030949855071300183
plot_18751,7,0.24067614236345508,1,0.0855181765431535,0.7593238576365295,0.043846561605697235,5.223465835275842e-05,0.08120695509755084,0.0022053573911433966,0.027846857067572672
plot_18752,7,0.1716008614817487,0,0.8283991385182512,0.033121261921309965,0.05610465176353967,0.00615174225779298,0.02901887627859013,0.029685457575178802,0.017518871685337084
plot_18753,7,0.20432254311780892,0,0.7956774568821894,0.045902727038357787,0.07894770906981625,0.010711132684181219,0.041527464376707145,0.01708850556190082,0.010145004386847492
plot_18754,7,0.2703946646782051,0,0.7296053353217948,0.06683105708406645,0.10160144852602349,0.016856427316166284,0.05962648760158095,0.015436463501113573,0.01004278064925437
plot_18755,7,0.7709349759954214,1,0.059194140339152476,0.6036322167791456,0.004828560322108392,0.0,0.22906502400457862,0.031231321438581625,0.07204873711643323
plot_18756,7,0.38154682265350415,1,0.046432141167156174,0.6184531773464959,0.002207834677435383,0.0,0.23502635727656385,0.04335339516309422,0.054527094369254514
plot_18757,7,0.747418818084591,1,0.05581038829138879,0.5302608515460195,0.009607093167862943,0.0,0.25258118191540907,0.054944669266347945,0.09679581581297186
plot_18758,7,0.2823271804747599,1,0.18884096998841413,0.7176728195109427,6.31245576229144e-05,0.0,0.059300549669392494,0.02936485822642801,0.00475767804719978
plot_18762,7,0.10433888433867536,1,7.692437140194797e-06,0.8956611156613247,1.169977814525498e-07,0.026508427850342627,0.0006008446007037952,0.00036157971687652966,0.07686022273583082
plot_18763,7,0.11663514267451838,1,8.519314520575726e-07,0.8833648573254818,6.803443390746926e-08,0.037260268984742585,0.0003722006599709436,0.0006301320508594251,0.07837162101305957
plot_18764,7,0.11112850897842749,1,7.025459233731086e-07,0.8888714910215716,2.59745084333724e-08,0.041704539609933526,0.000742913140848849,0.0008795614557329157,0.06780076625148142
plot_18765,7,0.10634442358071192,1,1.2760112894645539e-06,0.8936555764192806,1.7416060593224642e-06,0.09582554871620948,0.002633730907423253,0.0004216621927866785,0.007460464146950957
plot_18766,7,0.903542472114828,1,0.0011077803284056638,0.7708412939094023,0.0454888685101716,0.09645752788517205,0.046477113621974334,2.1746295037430748e-13,0.03962741574465666
plot_18767,7,0.5346175204613859,6,0.04484123036032582,0.16103202267086747,0.25958445684481124,0.011238391589841365,0.057921418995539896,1.0047470557617942e-16,0.4653824795386141
plot_18768,7,0.5147357329469268,6,0.10503667429738128,0.1292865536689836,0.2000399037750979,0.01391545762562238,0.06645714357983946,2.1532880916345414e-15,0.48526426705307324
plot_18777,7,0.8519554572402377,1,6.342828302038527e-05,0.7732146460735472,0.0001657559627373021,0.07818872310417561,0.14804454275976217,0.000272736443090404,5.016737366677061e-05
plot_18782,7,0.6002590562327476,1,0.31112175460538527,0.39974094376637304,0.003773142722686096,0.008938695007111877,0.21508585702918037,0.05284233247508331,0.0084972743941801
plot_18795,7,0.792514484250191,0,0.3186347159584058,0.10770205877395099,0.20748551574921514,0.0014738470271248847,0.2935946719601996,0.00012361048898244415,0.07098558004212126
plot_18799,7,0.6678217320153138,2,0.149755179354743,0.2837468281268609,0.33217826798468625,0.07754560540263437,0.15345212626070456,0.0004140942399082465,0.002907898630462753
plot_18800,7,0.7497126792741162,1,0.24307574703768994,0.2762901889165909,0.2502873207258839,0.07143800572547968,0.15638378833815872,0.001412379933545077,0.0011125693226519673
plot_18801,7,0.8276520004824186,1,0.19137799821499812,0.28745999739379025,0.26849071896035626,0.07859586949119911,0.17234799951758142,0.0007989510189090158,0.0009284654031659263
plot_18803,7,0.10816140820018155,1,0.04226505573183202,0.8918385917998185,0.026513621048057573,0.0022967110644848574,0.026000177599050874,0.00925623977707497,0.0018296029796813049
plot_18804,7,0.10102043184254528,1,0.04617465849323605,0.8989795681573678,0.016958996006660853,0.001842971660672836,0.018277683545972565,0.015566261705371719,0.0021998604307180824
plot_18805,7,0.09399090834648223,1,0.024687488471186264,0.9060090916535177,0.030362083773183536,0.003714949177841615,0.024907504774170974,0.009201390159140812,0.0011174919909589906
plot_18806,7,0.2988026465971604,1,0.18017418853805192,0.7011973534028272,0.000260312950473957,0.0,0.08556288314573485,0.022797941116218728,0.010007320846693497
plot_18807,7,0.32873750723968076,1,0.15442893476068695,0.6712624927603044,4.7779892534224735e-05,0.0,0.03732700429562058,0.13161439905635614,0.005319389234497843
plot_18808,7,0.8014487089454152,1,0.19855129105452277,0.7106041594728216,5.522125920139265e-05,0.0,0.054958074111803396,0.031485943025478934,0.004345311076171921
plot_18816,7,0.5397474476894606,1,4.3324108375767786e-05,0.4602525523098726,0.12412415434478918,2.2456867106911921e-07,0.15680143967160076,0.23983563934584323,0.018942665650847443
plot_18827,7,0.4802516769051478,6,0.08965724680533892,0.11937905211781671,0.2223062553080676,0.007191573050366483,0.04171754962355725,8.971552535821997e-16,0.5197483230948522
plot_18839,7,0.15636193449418784,1,2.426794293709832e-08,0.8436380655057978,5.759588589709139e-06,0.0030670829981981457,0.1043037096278113,0.03474829997188753,0.014237058039772509
plot_18840,7,0.031437328021607536,1,0.008879642403708202,0.9685626719783925,8.537670217969399e-05,4.351593179509992e-05,0.001310517129924577,0.020965407384275474,0.00015286846972454503
plot_18841,7,0.028620887417176444,1,0.0011903779725055631,0.9713791125828235,0.0007306031402475663,0.00040624529223171085,0.014178993568104708,0.007908317004394183,0.0042063504396926575
plot_18842,7,0.6966315942224665,1,0.03399716073021431,0.32425942157437565,0.30336840577753355,0.011283888959108312,0.041610866843353404,6.208267527424932e-18,0.2854802561154149
plot_18843,7,0.7930992203903429,1,0.2069007796095801,0.27111634284561165,0.11861851844809503,6.226800637183783e-10,0.2674629617159462,1.9265008827926461e-07,0.13590120410799877
plot_18848,7,0.024450762850116315,0,0.9755492371498836,0.0033179184531331105,0.008679352912754054,5.178448852668034e-06,0.010682808201854938,0.00046429524992205114,0.0013012095835996254
plot_18849,7,0.6069636126053279,0,0.5979842566133712,0.0006903577866898882,0.002871477446130499,0.00018166579474155687,0.0031919834369160105,0.393036387394672,0.0020438715274789057
plot_18857,7,0.26543835643414015,1,1.777602266133269e-07,0.7345616435657962,0.05217693433609304,0.10079125324848483,0.08495331587080415,0.0017846502534976639,0.025732024965097574
plot_18866,7,0.2572170332163011,1,0.019350204377196395,0.7427829667836008,0.13065454909146185,0.01936427909478291,0.012956166256256034,9.731994391796478e-14,0.07489183439660474
plot_18867,7,0.09679772727211952,1,0.013791638432814616,0.9032022727278741,0.03734703134120561,0.03744237655543897,0.008078964744227505,2.2114718929913195e-07,0.00013749505124982024
plot_18868,7,0.1084966957761687,1,0.010489345519957147,0.8915033042238247,0.021520789042265384,0.05244473182839444,0.023941199577305845,4.852660788392142e-09,0.00010062495559149193
plot_18869,7,0.10992362160233908,1,0.005825863049235754,0.890076378397661,0.017972710948153756,0.04950679415419371,0.036239389317043486,7.649974900736259e-13,0.0003788641329474165
plot_18870,7,0.2759536711530225,1,0.029806124731674953,0.7240463288469775,0.04674713763753703,0.07218039913079183,0.1263098984447442,7.663196779651045e-14,0.0009101112081978976
plot_18871,7,0.5097119284182927,1,0.017364707839603696,0.49028807158165216,0.2525246632993054,0.03563254805790992,0.19746066180368613,1.5466516796507098e-18,0.006729347417842815
plot_18872,7,0.49790973502598923,2,0.011771848347973351,0.18900795148551625,0.5020902649740108,0.0025144601390351584,0.19529160517678956,1.1583122011329816e-15,0.09932386987667391
plot_18873,7,0.8010624049199802,6,0.08816912721070004,0.08380532782613839,0.19893759508001993,0.00993643302430679,0.12364343895473248,7.166731049534098e-14,0.49550807790403073
plot_18874,7,0.7562222533640589,1,0.08856895210854403,0.47297386190145196,0.10452107469342817,0.08579755522863389,0.24377774663594098,4.312246144137214e-14,0.004360809431957914
plot_18875,7,0.8747588932157919,1,0.015466482110028374,0.5158568994853957,0.16773242082011253,0.07765015930692107,0.0969252097387635,0.12524110678420813,0.0011277217545707363
plot_18876,7,0.784342185002854,1,0.02823489134692613,0.6323570060843529,0.04329541024344265,0.010792377273740552,0.21565781499714598,0.0632795521004284,0.006382947953963467
plot_18877,7,0.32130255895061316,1,0.008460549256892576,0.6786974410493738,0.13821122007386397,0.01931275157032793,0.08024849858034218,0.0746683610677324,0.00040117840146707635
plot_18878,7,0.3241990373025815,1,0.010994106387654422,0.6758009626974185,0.16134677766967442,0.019102116971456265,0.0796378477786715,0.05252707013778048,0.0005911183573443523
plot_18879,7,0.28093022199009127,1,0.0075297137289427685,0.7190697780099088,0.08813749405049474,0.015382892269268181,0.1018364704090856,0.06734698694242917,0.0006966645898708818
plot_18880,7,0.7506783117747727,1,0.2726870039220702,0.43427365909220417,0.006837716775930629,0.010886041413606842,0.24932168822522735,0.010103988346695042,0.01588990222426579
plot_18881,7,0.3729942661876445,1,0.01592906872199326,0.6270057338074884,0.055175886855814524,0.07325164503872951,0.14510099939425497,0.000510122787761735,0.08302654339395774
plot_18882,7,0.33664650576831945,1,0.047034669825527675,0.663353494231673,0.02773853868823067,0.041134164012355326,0.16044407252401693,0.0011139207668540417,0.05918113995134259
plot_18883,7,0.32524716862305697,1,0.06434123990026122,0.6747528313769431,0.020233059160773458,0.031171155183550885,0.17036750176357837,0.0015172179756756197,0.03761699463921751
plot_18884,7,0.39170745779614186,1,0.015378613500423261,0.6082925422038508,0.06576720018445412,0.07703869847679123,0.1493678940288713,0.0005221209471487972,0.08363293065846067
plot_18885,7,0.7589707563343057,1,0.0016007329078880834,0.31627947208711316,0.12866621122216979,0.11934080778935302,0.24102924366569423,3.299236827945803e-05,0.19305053995950217
plot_18886,7,0.5712676803524463,1,0.3059213704531435,0.42873231964738234,0.005963233382601535,0.017001098589545585,0.1103295842287366,0.09813249013871012,0.03391990355988031
plot_18887,7,0.4876904589137019,6,0.07017936396938838,0.12345393714645356,0.24520062769754952,0.006862434803671802,0.04199409529663841,1.602592032315211e-16,0.5123095410862981
plot_18888,7,0.7754552859703692,6,0.11229137729667635,0.21027968726435858,0.2245447140296309,0.0034672113865142845,0.03443788817270113,1.4192482573711834e-15,0.4149791218501174
plot_18889,7,0.8823129870256462,6,0.1176870129743538,0.2130490717531318,0.22192037794899627,0.003437007437039524,0.031841911581511305,9.91313376051949e-16,0.4120646183049663
plot_18890,7,0.4719637845822286,6,0.07179563266927098,0.0734819870353851,0.20022584894107973,0.015385203075263176,0.11107511286107627,1.5331161112152307e-13,0.5280362154177713
plot_18891,7,0.10624142162608108,1,0.0010517663226023387,0.8937585783739054,0.002934650989338403,0.03704264228043037,0.0036933092203974755,0.06149869105303724,2.0361760288853555e-05
plot_18892,7,0.04901884495335346,1,0.0008665542565123588,0.9509811550466466,1.3338100432036494e-05,0.004243154928285229,0.0015920567868483854,0.04230314882197223,5.920593032740746e-07
plot_18893,7,0.7549631453697583,1,0.06024679028181993,0.41431732287835804,0.10461260206375489,3.548886936584932e-09,0.2450368546302417,2.537440958445522e-09,0.17578642405949757
plot_18894,7,0.2836252854911463,2,0.0068474499740525194,0.05056889179524615,0.7163747145088537,0.008540192036724228,0.10798753100782062,8.95759889155609e-08,0.10968113110131389
plot_18895,7,0.6289876613381884,6,0.09869052955847038,0.043361888703410144,0.3710123386618116,0.0,0.09994951149198658,1.2417851642664518e-07,0.3869856074058048
plot_18908,7,0.7266708337114225,1,0.0803564260650614,0.3804438156937948,0.2733291662885774,0.05411006605556698,0.21072251796064673,0.0010316174618951574,6.390474457435115e-06
plot_18909,7,0.6307563244222809,1,0.0021655509468533475,0.3692436755775145,0.14346833969571324,0.08304347884932745,0.3436286955005206,2.417684258502193e-09,0.0584502570123867
plot_18917,7,0.4285465388518699,4,0.20711438898845733,0.0006508722908640391,0.12258828568980734,0.049253806650016274,0.5714534611481301,0.0053378332770723375,0.043601351955652526
plot_18919,7,0.3279879676535363,1,0.0050442383629892415,0.6720120323455454,0.008855201328238197,0.0003592069327612895,0.2949842770464278,0.01819146603406898,0.0005535779499690747
plot_18940,7,0.8860684884223156,1,5.761060256594403e-07,0.8637990485582268,1.6917840274872533e-07,0.02120358288088022,0.00027590392560349243,0.0007892077731766311,0.1139315115776845
plot_18941,7,0.054558709182622046,1,7.346290225833233e-05,0.9454412908173707,6.176429866819062e-06,0.03421307009828296,0.011475247368598588,0.00010109959119135762,0.008689652792431321
plot_18942,7,0.046923787947062874,1,0.0008490983043871027,0.9530762120529371,2.856940049149942e-05,0.03420076985806763,0.009407315453217593,0.00011610699428298138,0.0023219279366160726
plot_18943,7,0.04876959606007951,1,0.0010336615979384236,0.9512304039399205,3.533986766866138e-05,0.03592413741523535,0.00978873806163305,0.00013938956214314436,0.001848329555460926
plot_18944,7,0.02887917031997491,1,0.00021748168227014403,0.9711208296800126,4.161968852753551e-06,0.016773616673004598,0.0029228377695109053,0.0004136246555912629,0.008547447570757833
plot_18945,7,0.049144610831433545,1,4.2913708401852214e-05,0.9508553891685598,6.1070470823115e-07,0.021049803511190877,0.0011021030938374993,0.00039078189514328094,0.026558397918158283
plot_18946,7,0.022501595849338786,1,0.000298809753033435,0.9774984041506554,7.151133411418104e-06,0.010748758181688231,0.0014025662344721362,0.0008018892743030733,0.009242421272436439
plot_18948,7,0.8994473656963885,1,0.0011819448927245337,0.8832784760053953,0.00938435161333088,0.10055263430361146,0.004481797512237244,8.762905265249659e-13,0.001120795671824388
plot_18949,7,0.05678445997208147,1,0.0010461667909153172,0.9432155400279121,0.011350744505024579,0.016586845755485653,0.020985420891483912,1.7718466121722117e-09,0.0068152802573319396
plot_18953,7,0.281290512092298,1,0.01066338729348781,0.7187094879076938,0.049756587672374245,0.009616434604976503,0.1657430374552559,0.04276362197776933,0.0027474430884424686
plot_18954,7,0.3181577994064673,1,0.012202593193048918,0.6818422005935327,0.06014548882740299,0.012216968304550973,0.15839306370408643,0.07354103669768447,0.001658648679693537
plot_18964,7,0.0239842677214857,1,0.005498267734492231,0.9760157322785143,5.269691382913997e-05,0.00017097751257504098,0.0028284458195192014,0.014978078971790544,0.00045580076927958856
plot_18965,7,0.05317153310262346,1,0.001808881739069974,0.9468284668973765,5.2275422226931813e-05,0.004526051660291609,0.0024483856121503005,0.04433378237672495,2.1562921596873453e-06
plot_18966,7,0.08433538076996339,1,0.01871474533875631,0.9156646192300162,0.00035230939055024316,0.0038502665238742007,0.019729824424665258,0.04168531657156071,2.9185205771810724e-06
plot_18967,7,0.12892387782855622,1,0.013204558105348433,0.8710761221714217,0.025331931198958574,0.01828211600648069,0.04666203034813151,0.02295161106608389,0.00249163110357507
plot_18968,7,0.03691020158337478,1,0.007392134083107176,0.9630897984166252,0.0016275620464707727,0.0019895351191944063,0.006763877286221741,0.018974222058091187,0.00016287099028951087
plot_18969,7,0.71420003099733,4,0.02131636683243946,0.07293618731418955,0.28579996900267,0.008015581354875647,0.49323490061762826,1.5011091648736674e-05,0.11868198378654835
plot_18971,7,0.5344441448798525,6,0.07654137100993258,0.09570216643743626,0.2710085260345999,0.005125490805725424,0.0860665905921297,2.8583644753596983e-14,0.46555585512014763
plot_18972,7,0.08437488704508575,1,0.0001613092021005126,0.9156251129549084,0.010679231681238539,0.03450029256674633,0.027378117924775944,3.1855524693054776e-13,0.011655935669911624
plot_18973,7,0.19539092118065615,1,0.0003882964228345678,0.8046090788193385,0.0365997493918353,0.05040325186675045,0.05333736228073828,6.295303539716117e-23,0.05466226121850301
plot_18974,7,0.12449613170225361,1,0.0016723183686337805,0.8755038682977464,0.032459215496223215,0.06330054436489532,0.015100571549052914,1.1623803396702665e-09,0.011963480761068077
plot_18977,7,0.08098485074140221,5,0.009962340634088837,8.624562764200235e-06,0.002905324734530817,0.0015453044698603776,0.009825826864157453,0.9190151492585978,0.05673742947600058
plot_18979,7,0.7749462462514081,1,0.06455908284090618,0.5654994877896026,0.22505375374859188,0.0005182856740439636,0.14418335641105118,0.00013347671833795517,5.2556817466248396e-05
plot_18990,7,0.714832532146835,6,0.285167467853165,0.235430908608867,0.1234347583047922,0.007117581836162953,0.03449937137970808,0.024166987812839158,0.2901829242044657
plot_18991,7,0.12598634161274386,1,0.010255431795304151,0.8740136583872562,0.05383891903964484,0.0022568938599277165,0.050384495160587475,0.009250432662016882,1.6909526292049356e-07
plot_18993,7,0.44151894374885803,2,0.028695904125058843,0.14981961373236838,0.5584810562511421,0.04332306246799445,0.21346107891574204,0.002445454228873932,0.0037738302788204807
plot_18995,7,0.3361349319943566,1,0.06645816683869409,0.663865068005528,0.015867494167849237,0.11047588268912795,0.05614870291735756,0.00018504081345759976,0.08699964456798556
plot_18999,7,0.8688796526431009,1,0.19989371147746413,0.35721946734656007,0.1311203473568993,0.04938400411727033,0.1083125579608554,0.0001381747262293483,0.1539317370147214
plot_19,7,0.5598625079097829,6,0.22827122438631373,0.021810415579992724,0.15442406433615535,0.037635628343819054,0.0969852052095725,0.020735970053929582,0.4401374920902172
plot_190,7,0.7178358068175448,6,0.07190988704815938,0.1374524852413898,0.1723948413110551,0.0,0.2821641931824552,5.2406925138046716e-05,0.3360261862918025
plot_19008,7,0.22353393960728743,0,0.7764660603927125,0.08196528895038013,0.026079634235419563,0.002562398161231596,0.014009613255422229,0.05230905897362796,0.046607946031205834
plot_19009,7,0.1486693942742912,1,0.0010639842410354095,0.8513306057257032,0.04273994028528013,0.009861191079204726,0.09155260026255414,2.7506039060875313e-05,0.003424172367161656
plot_19013,7,0.22375447046077074,1,0.005797943929626943,0.7762455295390888,0.0021732989378991483,0.07509093648780847,0.13999067831966056,8.141368485237545e-07,0.0007007986490676358
plot_19014,7,0.33443348877875084,1,0.013955027823357505,0.6655665112212359,0.0051332057655773256,0.06503461526051724,0.247312694511666,9.173784557660961e-06,0.002988771633088373
plot_19015,7,0.37065601498912537,1,0.016586683311395695,0.6293439850108746,0.005810934050026948,0.05807397470372363,0.2865084067743302,1.1398357443324605e-05,0.0036646177922055705
plot_19016,7,0.8665725981317419,1,0.0032589970500315683,0.7675595922259759,0.0009609285262466213,0.1334274018682582,0.09460917257961476,1.0479304581152995e-06,0.0001828598194148843
plot_19017,7,0.16934618550238187,1,0.007982751733596085,0.8306538144976182,0.07035082829389576,0.015513231554168625,0.05684111943397802,0.017574937313892404,0.001083317172851027
plot_19018,7,0.7087943985562167,4,5.248585775961603e-09,0.23369851934434613,0.2110253054246651,0.00018526097242858942,0.29120560144378327,0.2638853069200041,6.461868255340959e-10
plot_19019,7,0.6381918639513998,4,3.6457805975998924e-09,0.2567730991447512,0.12672757722271866,0.00012089505774596994,0.3618081360486002,0.25457028629917655,2.5812268376898965e-09
plot_19036,7,0.757626684283933,4,0.0003690482491088271,0.21964244961139723,0.2423733157160672,0.014080954908754016,0.3477654518036151,0.00013833905366234536,0.17563044065739536
plot_19039,7,0.30460238628634223,1,0.00027904420813454724,0.6953976137136578,0.03721487205419143,0.03827937854273374,0.1998141565406889,0.0005480884977800344,0.028466846442813575
plot_19046,7,0.41559078877858424,1,0.058731363891869545,0.5844092112214148,0.0012666427861577746,0.0,0.14516167384242806,0.16438379864761937,0.04604730961051055
plot_19047,7,0.47573022253909103,1,0.0694743939492076,0.5242697774609033,0.004551757573302798,0.0,0.1771831026458496,0.1429216375723798,0.08159933079835692
plot_19048,7,0.29971545574518804,1,0.06670167632988998,0.7002845442548038,0.0009334480115117416,0.0,0.13306119304316327,0.0683712438581508,0.030647894502480483
plot_19049,7,0.5761943564618964,2,0.035949175638470825,0.040209465043298656,0.4238056435381035,0.042045029287770756,0.34829026140761293,6.598587109705846e-07,0.10969976522603218
plot_19050,7,0.8257245831271661,4,0.009661095537960088,0.14540786119701749,0.21209636262304976,0.1742754168728339,0.41312168259789206,4.8456991143635914e-06,0.04543273547213237
plot_19054,7,0.8313681633712371,2,0.06291408773064092,0.1628765100281171,0.2829318425245107,0.10213024293495587,0.019021691534467675,0.2014937886185449,0.16863183662876297
plot_19055,7,0.17542727787126744,1,3.2964252602493035e-18,0.8245727221287326,0.03900595119237117,0.03821606954768065,0.0013308809873060058,0.07321022361683112,0.023664152527078517
plot_19068,7,0.2846710524283718,1,0.008219378046035402,0.715328947571608,0.0016615572353586216,0.11371281905569726,0.16055974417307964,5.190452291266085e-06,0.0005123634659296725
plot_19069,7,0.21325143278889208,1,0.0038329657272888054,0.7867485672110714,0.0011891476185513924,0.11039077009539822,0.09751463759248656,4.822102395442944e-07,0.0003234295449641099
plot_19070,7,0.3697074159887829,4,0.044315102800760134,0.19941918775816475,0.011989759350483232,0.113106869206729,0.6302925840112171,0.0005294929783628082,0.0003470038942830289
plot_19071,7,0.45638888075053136,4,0.0726273423404786,0.1451949100134317,0.0014066537796615462,0.23565268181061555,0.5436111192494687,0.0014818014905414005,2.5491315802514724e-05
plot_19072,7,0.426361665668003,4,0.07154865347462334,0.10347286690058333,0.0037008896126022655,0.245430567599143,0.5736383343319971,0.0021601069673339722,4.858111371714765e-05
plot_19073,7,0.11354711790534903,1,0.013837115143178591,0.886452882094638,0.003618276937366512,0.06332824401471596,0.03247591454397983,1.0922980488882286e-05,0.00027664428563219936
plot_19074,7,0.11354664153527864,1,0.0012896427433725715,0.8864533584646934,0.013496535742456014,0.029211827940980817,0.06905405220628366,8.916101197294618e-07,0.0004936912920936664
plot_19075,7,0.18198881123727023,1,0.0006872637967845801,0.8180111887627298,0.04238557942764336,0.010917714840839724,0.12605745123967607,2.4389138397565935e-06,0.00193836301848675
plot_19076,7,0.1676994752690848,1,0.0012383674604525964,0.8323005247309152,0.036883925025228165,0.01572763281758273,0.11220302034960064,1.8368217700010752e-06,0.001644692794450683
plot_19077,7,0.10294879379254848,1,0.0011814707919186908,0.8970512062074372,0.00969403664880927,0.042877047058619916,0.0488468031925971,9.253648121202751e-07,0.0003485107358057585
plot_19078,7,0.1669874817019485,1,0.014666457235625574,0.8330125182980516,0.04746296704105793,0.007782881399425128,0.06507585330961868,0.030162170901231296,0.0018371518149899438
plot_19079,7,0.21470246973247445,1,0.0039095115115615935,0.7852975302675256,0.12615845805822926,0.029339799196718593,0.04608988948737892,0.00832989490896601,0.0008749165696201047
plot_19080,7,0.2914124919981759,1,0.002341385328934619,0.7085875080011359,0.18666879122761967,0.05108361245319421,0.04563682997854947,0.004763033839795592,0.0009188391707705386
plot_19081,7,0.820458521246721,0,0.4895706190918849,0.13521923861621452,0.002756860073019924,9.435285432820037e-05,0.0011684380782400745,0.179541478753279,0.19164901253303349
plot_19082,7,0.10951270124740661,1,1.7993616204812106e-06,0.8904872987525858,4.160654768142179e-07,0.07654540092845426,0.001527156718769773,0.00037169197468861655,0.031066236198404207
plot_19083,7,0.467435481862162,1,0.006430287726517094,0.5325645181336733,0.27297854626668805,0.031670464947899206,0.14458789282811352,0.0006269909831621719,0.01114129911394661
plot_19084,7,0.1697461040592396,1,0.028948428213317168,0.8302538959302852,0.029412077196799405,0.004452747868289632,0.042830986121917665,0.057929740335663775,0.006172124333726953
plot_19085,7,0.0904958502185521,1,0.025784247387752753,0.909504149781448,0.01910576397925051,0.0030191135389881223,0.021643028145261704,0.019824672886634403,0.0011190242806646982
plot_19086,7,0.16254954300744992,1,0.011890794755162365,0.837450456992345,0.08690197170630412,0.017531593165619846,0.036356064604194875,0.00868766140924167,0.0011814573671321785
plot_19087,7,0.17401496496077382,1,0.017334101535578038,0.8259850350392197,0.08524238578424721,0.010015785548755974,0.054164975330481945,0.0038790301503660246,0.0033786866113510866
plot_19088,7,0.10937222628539557,1,0.05793105007034098,0.8906277737145905,0.008804629550417442,0.0006935582883593189,0.015520686947576811,0.023214154859569864,0.0032081465691452056
plot_19089,7,0.6110035676311539,1,2.5839243833195335e-07,0.3889964323688462,0.2660736417843554,0.0016194688264066478,0.12880107732143356,0.2145091137016754,7.60484447839675e-09
plot_19090,7,0.7032294009175758,1,1.224400945929711e-08,0.30971479323407236,0.2967705990824241,0.0004170096702727523,0.15840307576176613,0.23469450992285404,8.460106573640873e-11
plot_19091,7,0.7054733225136445,2,1.0347495257570079e-08,0.28560715228808115,0.2945266774863554,0.000359662671929911,0.1688368903448054,0.2506696067746067,8.672614518945596e-11
plot_19092,7,0.5313908957922193,1,1.3989374736195852e-09,0.4686091042077808,0.034083571781808625,0.00011216011122616228,0.3247958209803381,0.17239932215375187,1.9366157029579734e-08
plot_19093,7,0.7084426932231452,5,3.6548445076780914e-09,0.24295221727082655,0.24019521324135723,0.00016163951299622418,0.22513361905842103,0.29155730677685476,4.846995474167278e-10
plot_19094,7,0.7245870411277795,1,8.051207254505578e-09,0.3005595162729637,0.25865761665650133,0.00030474900676284527,0.16506515114034448,0.27541295887222045,8.054527231696332e-50
plot_19095,7,0.6579451196348691,1,4.90568989442996e-284,0.444292489608723,0.030943403694646647,8.210781033006616e-05,0.3420548803651308,0.18262709910975106,1.9411418314273207e-08
plot_19096,7,0.6681205039096132,1,3.379396799395386e-11,0.46978659608196305,0.027225389720371484,0.00019738793533909043,0.3318794960903868,0.17091092573544658,2.044026989662095e-07
plot_191,7,0.8754156225664333,1,0.0009591985194639023,0.7914774478755796,4.9153540212235854e-05,0.1245843774335667,0.08272061992627025,4.7181088034110825e-05,0.00016202161687309434
plot_19107,7,0.13982742372355875,1,0.014593404005852035,0.8601725762764396,0.018119052175773746,0.05834464730840798,0.04856843022682121,9.447961928996474e-10,0.00020188906190906703
plot_19108,7,0.2414843978938444,1,0.012693935528424044,0.7585156021061479,0.06805183687739257,0.05140575354477264,0.10828379616163261,2.869274400544737e-20,0.00104907578163034
plot_19116,7,0.7261432370204927,1,0.013546835597301125,0.46435718648995195,0.27385676297950734,0.0035287849746760283,0.19774132023180024,0.00269743808679419,0.044271671639969146
plot_19126,7,0.11351654778658506,1,0.006763790460966035,0.8864834522134148,0.029443888176377195,0.05308055857182808,0.011138808336438226,4.319620760616399e-14,0.013089502240932221
plot_19127,7,0.134470022169204,1,1.6733808966018373e-05,0.8655299778307809,0.01624400278136552,0.02121629908694964,0.0728540763185694,0.02413398409639527,4.926076973189468e-06
plot_19128,7,0.12804573069043285,1,3.388154163810307e-05,0.8719542693095467,0.00013131011373146022,0.05388006050448626,0.07279856941473492,0.0005600269497853727,0.0006418821660772775
plot_19129,7,0.08896436196672851,1,4.034746649008989e-05,0.9110356380332634,7.574214095654603e-06,0.0842233707192648,0.0014437705207911,0.0010061890065967847,0.002243110039498096
plot_19130,7,0.022915717873267197,1,2.5666626871641037e-05,0.9770842821267328,0.0007369055533808104,0.0026579955972847575,0.004814568472511522,0.013685107300176105,0.0009954743230423818
plot_19131,7,0.04067709036950035,1,0.00013779857389543347,0.9593229096304852,0.0060456447385694905,0.00173415831101085,0.019037655986441037,0.0093336124283923,0.004388220331205737
plot_19140,7,0.3561147044306559,1,0.0016383113311601223,0.6438852955693442,0.1008573687794925,0.06537919305128022,0.1722507496712986,4.995546540458639e-05,0.015939126132019966
plot_19141,7,0.10046749034901993,1,0.00036879226979173377,0.8995325096509801,0.0019421156682993474,0.01689604656720363,0.0022999648580436485,0.07889722388719358,6.334709848802127e-05
plot_19142,7,0.6810480776535762,4,0.006280539749001324,0.14925929960447978,0.31895192234642383,0.003307677627801321,0.48385903915603,0.0002745411343705155,0.038066980381893066
plot_19143,7,0.5194980820676164,4,0.0057994696692389,0.14037467585108832,0.3291757027751359,0.011419070256161405,0.4805019179323836,2.8257844923716337e-05,0.03270090567106819
plot_19144,7,0.5042186215416213,4,0.002165135565160085,0.17608787350617722,0.30368266979363534,0.010052637426256023,0.49578137845837866,2.6510190341658473e-05,0.012203795060051056
plot_19145,7,0.8103301473982988,4,0.0038007120599672295,0.18966985260107477,0.3060601539992606,0.0031976428375937935,0.4738110336821266,0.00024614408328662424,0.02321446073669039
plot_19149,7,0.5932162648752557,1,0.14541953265591767,0.40678373512361365,0.002273676315115391,0.09088468840778555,0.31667438737718145,1.8696239486765454e-14,0.037963980120367585
plot_19153,7,0.859325715264237,1,0.07895165339673746,0.33284374118723997,0.01425444844986112,0.14067428473576304,0.3028717623531345,2.8828421516014084e-14,0.1304041098772351
plot_19154,7,0.13064460893474497,1,0.000578332687780356,0.869355391065255,0.00016810720690191907,0.00022780500489754467,0.0017656486715331246,0.11635977295432856,0.011544942409303396
plot_19161,7,0.6318046348895322,1,0.0028310484156992017,0.4546383654754993,0.36819536511046785,0.07388809841801362,0.09508111367781938,0.0010629506619731013,0.004303058240527571
plot_19162,7,0.18720166979956548,1,0.020695425635559265,0.8127983302004194,0.07336669947280221,0.005116585189529322,0.07916727147604595,0.002983300520509125,0.005872387505134892
plot_19184,7,0.006654096884766717,5,0.005910462539261547,1.4360100797467022e-152,2.839091605848596e-05,0.0006065637018340591,6.638742759714256e-05,0.9933459031152333,4.229230001549793e-05
plot_19199,7,5.8500242849728986e-05,5,2.7162126946329135e-05,1.147771342343584e-08,7.981673105070385e-06,8.371049620461449e-08,2.2780928917125378e-05,0.9999414997571503,4.803256716033436e-07
plot_192,7,0.1777686741507821,1,0.00037429486436499755,0.822231325849218,1.57818885079806e-05,0.1118784743934729,0.06524605244281038,3.203040717569928e-05,0.00022204015445019675
plot_19259,7,0.41935320297010564,4,0.04682504799783278,3.244783944163986e-05,0.3423273066232135,6.70132216008563e-05,0.5806467970298944,0.005469302874859928,0.02463208441315698
plot_19279,7,0.15074377035707687,1,0.036958026511483694,0.8492562296425686,0.005136270583392508,0.04845004427139139,0.032399804123620445,0.02108159116956089,0.006718033697982394
plot_19280,7,0.646733618728073,4,0.04483240953408728,0.2478323346689632,0.00673392412508631,0.051848358088183964,0.353266381271927,0.01733778210156954,0.2781488102101827
plot_19322,7,0.8882061319585504,1,1.6917797352829028e-07,0.8705351854185377,1.4367958991762805e-06,0.1117938680414497,0.0016508174544125921,0.00046605438775305604,0.015552468723974243
plot_19333,7,0.38777351919206304,1,0.05018465016553745,0.6122264808079299,0.156033449453718,0.005749674901520873,0.04118052601039378,6.23395019662448e-17,0.1346252186608999
plot_19335,7,0.00014187856488245671,5,8.315324525657176e-05,7.627160737661469e-06,6.647713470982817e-07,4.917692609014511e-08,4.993931158698908e-05,0.9998581214351175,4.4489902804441104e-07
plot_19341,7,0.2729444345368202,1,0.007398729301696294,0.7270555654626759,0.026043717146227482,7.335644512658703e-07,0.23818579940754608,0.0013154551174030587,1.4490252344861816e-86
plot_19343,7,0.8840694146614501,6,0.11593058533854997,0.11661239909526291,0.1578636449067962,0.023903871002101368,0.16368933396165572,6.33236689857913e-08,0.42200010237196495
plot_19344,7,0.46002562493213306,6,0.09714535840526703,0.06269885719989078,0.21505166566201112,0.006907415284870905,0.07822227504803883,5.333205452250705e-08,0.5399743750678669
plot_19348,7,0.7081533864689797,6,0.1736408429205047,0.2056474652493792,0.02872390500458371,0.022426092503959806,0.27598370213112566,0.0017313786594267038,0.29184661353102026
plot_19349,7,0.6311207530895954,2,0.0033073318192379953,0.12250101188787813,0.36887924691040463,0.0010312154293151622,0.3505539782316504,0.004002387933840058,0.14972482778767368
plot_19350,7,0.2539763118664291,1,0.09647457833520301,0.746023688133203,0.0003237296982227509,0.0006535221949093965,0.11491029264616162,0.04154947648741529,6.471250488504199e-05
plot_19353,7,0.5316522048545305,5,0.2194125390753523,0.06795586792594094,0.021369540853633268,0.006299207315357713,0.030694776492374544,0.46834779514546954,0.18592027319187165
plot_19354,7,0.16310070133456167,1,0.042034091681538606,0.8368992986654383,0.001179531298252855,0.0033091103457592386,0.0461683558111346,0.0704074406676568,2.1715302196027134e-06
plot_19357,7,0.23284273131780264,2,0.0004006367124250967,0.004800701499697954,0.7671572686821974,0.061281660815612975,0.0077934498095674955,3.7137293767793207e-06,0.15856256875112235
plot_19361,7,0.08606383699273647,1,9.866759933536024e-08,0.9139361630072635,4.609338202627942e-06,0.017651394112237772,0.0031243455628512493,0.0054804922625815156,0.05980289704926398
plot_19363,7,0.5151504528893678,6,0.17073726180827173,0.010890844818064608,0.18560751077150053,2.74444832404491e-05,0.14788215642258146,5.234585709138635e-06,0.48484954711063216
plot_19369,7,0.08660565489928818,1,0.004051333990368618,0.9133943451007118,0.0183148202222247,0.05772291542520395,0.006403365027123527,3.96167540377188e-09,0.00011321627269199413
plot_19370,7,0.14482957652172646,1,0.00017232231084145168,0.8551704234782322,0.026423196157919153,0.02648383187126429,0.053949737849507406,2.4076115289172737e-10,0.03780048809147444
plot_19371,7,0.3052257278074923,1,0.009747460317685244,0.6947742721924944,0.06778582369124851,0.013516685386838737,0.13449621479982507,0.07848553585244623,0.0011940077594618677
plot_19374,7,0.027179109943152546,1,0.001633465873879809,0.9728208900568475,6.509403480530173e-05,0.018535696412367037,0.00396246352225919,0.0005080384446166687,0.0024743516552245496
plot_19379,7,0.14267576951059663,1,0.013313175797291285,0.8573242304894033,0.017006825594253597,0.06050275355215727,0.051657730972053104,8.750865618787741e-13,0.00019528359396622184
plot_19380,7,0.7727561113478182,6,0.23476732840268763,0.018816406088902508,0.2272438886521817,7.761153533870582e-05,0.11114444503192752,4.906896572053568e-05,0.4079012513232414
plot_19381,7,0.31609575822745667,1,2.803362002610593e-07,0.6839042417725434,3.9919362305736026e-05,9.265270384361979e-05,0.2689986512554476,0.0376869997413377,0.009277254828321709
plot_19385,7,0.3340070653436137,1,0.0007899504465863152,0.36305857025573235,0.2849168905927418,0.002968253836283909,0.3029343644006535,0.0007817311319534422,0.04455023933604873
plot_19388,7,0.8065343907964839,4,0.0011689608116216747,0.10457847760276048,0.19346560920351605,0.0740168578285172,0.522904009497937,0.00044785612610142526,0.103418228929546
plot_19398,7,0.8979128545450351,1,0.12578112330468133,0.7538107000111501,0.10208714545496503,0.0066615479305956555,0.00832153887815715,1.7939164045503055e-05,0.0033200052564053206
plot_19399,7,0.7079228929507879,1,0.03445097725128854,0.3850845702007471,0.292077107049212,0.010283200789476418,0.026694836418526692,5.342662450319829e-18,0.2514093082907492
plot_19412,7,0.04077719204897713,5,1.038347109657973e-05,2.621704558392413e-05,0.011689379745146389,0.00037283096262749165,0.02851660891066255,0.9592228079510229,0.0001617719138602117
plot_19415,7,0.3873222891642031,0,0.612677710835731,0.14564119356762614,0.0052688744636256125,0.00030131268691794064,0.002836328004466474,0.10893036206768655,0.12434421837394655
plot_19416,7,0.46707126261404214,2,1.1982347543287075e-06,0.19277026217400275,0.5329287373859579,0.016846876230245666,0.23645490172615793,3.101964628876492e-05,0.020967004602592827
plot_19418,7,0.12354267377651791,1,0.0005394856370477508,0.8764573262232912,0.00024003514495214923,0.10352366132979995,0.004965990954794523,0.014273105385732643,3.953243816055474e-07
plot_19420,7,0.05075583141506977,1,0.0024955021187453206,0.9492441685849302,2.6112258750879867e-05,0.0019068409497037776,0.0032142882851678442,0.04310408677386946,9.001028832473266e-06
plot_19425,7,0.420604813646044,2,0.006785017512232159,0.12112269005117572,0.579395186353956,0.003058484936094828,0.22239593250965456,0.0061182861942016015,0.061124402442685126
plot_19426,7,0.10058255878283462,5,0.07607005230216585,0.0,0.005812663608790954,0.00019949845110474757,0.006131171121796211,0.8994174412171654,0.012369173298976868
plot_19429,7,0.6679768091043532,1,0.0071612447299231686,0.33202319089430404,0.28825010124329953,0.1278390012363616,0.10076525701675229,0.0014471829032195046,0.1425140219761399
plot_19435,7,0.8300516694895237,1,0.06188010339169165,0.4774164045314552,0.19644477259390009,0.16994833051047634,0.09066660724077537,0.0011355947631884768,0.002508186968512952
plot_19437,7,0.3290224371931508,1,0.040511175382470004,0.6709775628068493,0.13933993593038066,0.009839412788798756,0.02461138498498822,3.563319771951088e-17,0.11472052810651315
plot_19438,7,0.23776894829465492,1,2.850590410922541e-08,0.762231051705345,8.483400498173167e-06,0.0008933384272599723,0.18486421369876288,0.040272280150116684,0.011730604112113002
plot_19440,7,0.37860680930742613,1,0.00156936563430161,0.6213931906924761,0.008663883222518223,3.9256985210451335e-07,0.10492021826827688,3.235533870836999e-06,0.2634497140787042
plot_19441,7,0.5361030071971273,6,0.02010628050946755,0.2928862472821622,0.026879416575803682,0.05456318531043071,0.14166777311736384,1.044018993221034e-07,0.46389699280287267
plot_19445,7,0.6634844536368083,1,0.01652708057104565,0.49179736478789116,0.0024984866270055203,0.33651554636319175,0.11106488256773,0.005906570673698841,0.03569006840943704
plot_19448,7,0.16581851016856364,1,0.027849402893707402,0.8341814898298954,0.01735940314037879,0.004599283384422804,0.11538869205760732,0.0006018004993729214,1.9928194615225302e-05
plot_19460,7,0.5270932734295146,4,0.04895080468728901,0.41017191986279367,0.014467966950754883,0.04782867381523967,0.4729067265704854,0.00014772442041263343,0.005526183693024782
plot_19461,7,0.09054002838134279,1,0.00010661632819281697,0.909459971618109,2.4041692841753247e-05,0.08284995208638005,0.0025111596055303782,0.005048243509713498,1.515923262937121e-08
plot_19467,7,0.5445548714898621,2,0.009131750759096651,0.09491365150773332,0.45544512851013785,0.12062829347752682,0.1438756260792235,0.006228656369477224,0.16977689329680457
plot_19469,7,0.3978826388390201,5,0.00034142238666781677,0.03168956255270542,0.021610522283932232,0.00010481137485809466,0.31884927794206946,0.6021173611609799,0.025287042298787088
plot_19475,7,0.6128928049544782,0,0.38710719504552193,0.14036518216981572,0.23172931598462643,9.980960197489367e-05,0.06065998997419832,7.338386301158849e-05,0.17996512336085113
plot_19478,7,0.05749972655757902,1,1.1412349239713879e-06,0.9425002734424193,0.00019304020014720746,0.03555534394144296,0.019683163891466092,0.0015749311863252381,0.0004921061032753219
plot_19479,7,0.8556615504511187,1,0.0021223945529616974,0.42917959062190253,0.14099634380645107,0.14433844954888136,0.2619432360520717,2.969706022314695e-05,0.021390288357508516
plot_19480,7,0.24279431695408266,1,0.08122132664453831,0.7572056830459104,0.053000226277687856,0.04217055251675526,0.040564928642302434,0.00010988200257008938,0.0257274008702357
plot_19483,7,0.4415379525316474,2,0.0014730396318040012,0.01419833600736371,0.5584620474683526,0.010690055832532037,0.2840324356144215,1.6059664448423236e-05,0.13112802578107774
plot_19484,7,0.19164298480163564,5,0.0017007613742742143,3.973140318468108e-07,0.0008916793012290964,0.02203453403134183,0.1389128277242885,0.8083570151983643,0.028102785056470143
plot_19486,7,0.2773926583926123,0,0.7226073416073877,0.005344272576529519,0.09699251411936197,0.0690572037696971,0.0004489885238052122,0.001116799186974945,0.10443288021624347
plot_19487,7,0.6018033333385779,2,0.005810325119098379,0.2881585565167117,0.39819666666142206,0.05994778862831904,0.20434891542870487,0.03025995859618648,0.013277789049557467
plot_19488,7,0.36934938056377237,1,0.03318412580652483,0.630650619434984,0.06947352256945913,0.1179154358106673,0.14775575406614366,0.0005934898287253596,0.00042705248349565576
plot_19489,7,0.10517088458625988,1,0.0010695427982515978,0.8948291154137402,0.03327683488362838,0.0015817248821000055,0.045592974141783205,1.2025714940573527e-09,0.02364980667792529
plot_19490,7,0.012246883692794223,1,4.395836552712479e-06,0.9877531163072057,8.024617189630252e-06,0.012030226981849967,0.00019310729969268452,4.157816477795013e-06,6.9711410314041824e-06
plot_19492,7,0.2505510285095336,1,0.11132557658254578,0.7494489714904649,0.00015951702052920832,0.0,0.07837349966662864,0.04948574329712914,0.01120669194270234
plot_19493,7,0.6725340325468419,4,0.005247960133796008,0.15528016621474272,0.3274659674531582,0.03125785374174767,0.46257738603754117,1.5166952325632917e-05,0.01815549946668863
plot_19495,7,0.37884979091979937,1,0.15993916531623525,0.6211502090801508,0.08611638671570153,0.023022892810926055,0.0500607802434349,0.00010746690141105106,0.05960309893214045
plot_19496,7,0.6869099452406646,6,0.0898657050004722,0.22615217057737874,0.14368085521493618,0.015273937245491519,0.2047441939939539,0.00719308320843213,0.3130900547593354
plot_19497,7,0.2749105863587193,1,9.161914643433671e-12,0.7250894136357028,0.13269812031778466,0.007150635331418477,0.05080139907458474,0.0009794514142640075,0.08328098021708347
plot_19501,7,0.3904197889104363,4,0.024559236867507418,0.00040839436903406987,0.310403082350817,0.005018982147864535,0.6095802110895637,0.04950163959182556,0.0005284535833878191
plot_19505,7,0.8183797994267361,1,0.10116807512139264,0.28714990092500986,0.02597303111694683,0.21524218426857172,0.18162020057326383,1.0908115220300693e-18,0.18884660799481506
plot_19506,7,0.7564049200663534,6,0.0004799777978929567,0.1535576725187496,0.24359507993364665,0.08264452768117006,0.08131013812801215,4.829141039266793e-16,0.43841260394052817
plot_19508,7,0.8103663803300934,4,0.18963361966990652,0.16808038327935343,0.1871146435116504,0.03972185615580144,0.4144820718011384,0.00046936585945391533,0.0004980597226958931
plot_19509,7,0.4961209109218498,2,0.31533338463859,0.00020728929748363098,0.5038790890781503,0.0002611600512383454,0.009445748382370608,3.3500130776721503e-06,0.17086997853908958
plot_19514,7,0.09831371475293628,1,9.263421060763406e-05,0.901686285246027,2.09730927132494e-05,0.0906218301771867,0.004478141546628922,0.003100125035439643,1.0691396861055545e-08
plot_19518,7,0.6925398218046181,4,2.0110361491921543e-05,0.05612716305607693,0.024770844226651153,0.3074601781953819,0.5268829845072471,0.07794593665076711,0.006792783002384002
plot_19529,7,0.24280462238439388,1,0.0038131627810049583,0.7571953776156061,0.12320727089568465,0.02721060284632588,0.0733390837123309,0.01396131770429295,0.0012731844447545345
plot_19531,7,0.08074483418163599,1,0.014321119813569,0.9192551658183494,0.007032943007030569,0.029846867481067373,0.029040773423870198,1.3464671459440178e-05,0.0004896657846539402
plot_19532,7,0.6002382698547691,1,0.01921803203040523,0.39976173014522237,0.23779126852659171,0.16560324077698696,0.06758286250463888,0.10745954961238326,0.0025833164037716537
plot_19534,7,0.862770502403164,1,0.0006882613916150138,0.25346206851704617,0.15715943553885206,0.13722949759683584,0.243961928027686,1.628787780733299e-05,0.20748252105015752
plot_19536,7,0.6653258143701443,1,0.12962045624405644,0.36519934575889434,0.11189342013240831,0.05499141254870774,0.33467418562985574,0.0036139270420605606,7.252644016976456e-06
plot_19547,7,0.263953264063345,1,7.268199945117621e-06,0.7360467359366549,0.034606668639931656,0.0007230684479578578,0.18043407007149287,3.626805988505266e-14,0.048182188703981214
plot_19553,7,0.4905626299002415,1,0.09526957757354029,0.5094373700993603,0.0010311309177839143,0.25693860463219076,0.08376153146285861,2.1556174747619617e-18,0.053561785314266114
plot_19554,7,0.5464817072579655,1,0.10382021950771139,0.45351829274082817,0.0038250439564512253,0.26513626636926263,0.10342395618632642,3.036772484959328e-17,0.07027622123942026
plot_19555,7,0.8768256581226741,1,0.12317434187732584,0.39591157361083507,0.004217086615390511,0.2580693018320004,0.12880076529407566,1.176058884011156e-18,0.08982693077037252
plot_19556,7,0.6487054963141446,4,0.03887298833688407,0.21674684898548952,0.06748761292089733,0.019684609286981493,0.35129450368585535,3.316896187501959e-15,0.305913436783889
plot_19584,7,0.750319850194065,1,0.2768763628515,0.4300008832258932,0.006774682804568684,0.01067324086588863,0.2496801498059351,0.010219997264900091,0.01577468318131441
plot_19588,7,0.10617562312822483,1,0.00022340289122324422,0.8938243768717672,0.02894350829728814,0.0009543404743331545,0.0660483862117422,0.0013462252131877129,0.008659760040458193
plot_19589,7,0.414173162598889,4,0.138139931455815,0.24961163443797513,0.020550055099307494,0.0030912805286939836,0.585826837401111,0.0008806439892592353,0.0018996170878380788
plot_19590,7,0.6092089621389192,1,0.020972443751648626,0.39079103784936553,0.18550075830850743,0.03169872763632671,0.24528784202094034,0.07872922913497268,0.04701996129823866
plot_19595,7,0.6671952696132974,4,0.04210659712218495,0.17939533536991614,0.09303863866301243,0.2033845043384636,0.33280473038670255,4.212683800093351e-05,0.14922806728171942
plot_19596,7,0.7209942146705404,1,0.08011604681356195,0.5330399333064512,0.0016849438554424657,0.27900578532945963,0.0642117418406995,4.2336975841791355e-17,0.041941548854385266
plot_19597,7,0.7226550188338746,1,0.10621303313673719,0.34220145566851085,0.007023411175957469,0.2773449811661252,0.14825545785574942,1.3558583153842046e-18,0.11896166099691974
plot_19598,7,0.47915511410661077,1,0.0030197737445828692,0.5208448858933893,0.12795616943262564,0.03469252391875187,0.0821746072140959,7.13216419217726e-23,0.23131203979655457
plot_19608,7,0.8077861806468553,0,0.277667196639912,0.039862158615832054,0.07932004269645138,0.07773555883314083,0.25904660106895855,0.19221381935314477,0.07415462279256055
plot_19609,7,0.11712597371274236,1,0.000489016290892362,0.8828740262872576,4.958193003237017e-05,0.0005196106520123272,0.001088889040444398,0.10504925126993596,0.009929624529424983
plot_19611,7,0.0403294242079179,1,5.487767149714902e-05,0.9596705757920752,0.003004063567414287,0.016707395160988008,0.018196607640432523,0.0018518959912423084,0.0005145841763505497
plot_19612,7,0.4017728576987546,1,0.0007210373950641753,0.5982271423011898,0.13667735320979665,0.011873485726079977,0.11132542076848503,2.0958557891869048e-24,0.1411755605993845
plot_19613,7,0.027886921916029546,1,0.0005055250844590124,0.9721130780839704,0.0008083530172425253,0.0008698583001546866,0.008550557211761891,0.015234192990555066,0.0019184353118563116
plot_19615,7,0.13537366781158733,5,0.08825752115842933,1.152719565810404e-07,0.010776042928588659,0.0008201799502246458,0.025070261767007378,0.8646263321884127,0.010449546735380713
plot_19618,7,0.28900466340968134,1,0.05387259761950773,0.7109953365903035,0.07781566870261819,6.488807085047821e-05,0.11944968397779351,0.0007898143188953166,0.0370120107200314
plot_19619,7,0.2875119732453635,1,0.012872624627497557,0.7124880267546365,0.0014510527013656697,0.18401504314718314,0.04412878234999394,1.5208381209160711e-06,0.045042949581202196
plot_19621,7,0.16383442482773766,1,0.004517686062000367,0.8361655751722623,0.0009227349310531954,0.015490430859769713,0.13574636802371876,0.0007675208674883085,0.006389684083707294
plot_19623,7,0.757209600851541,2,0.014719151533947601,0.05910504815163449,0.5082309795393586,0.02422963269455595,0.15005880240036218,0.0008659865316821242,0.24279039914845907
plot_19625,7,0.7827265918535468,4,0.09521032431842569,1.6762638741846114e-05,0.2172734081464533,0.014247247687896569,0.4686569994069164,0.10922775414568849,0.0953675036558778
plot_19627,7,0.03447792698902127,1,0.00035123791854345897,0.9655220730039457,0.002537220557570177,0.00011305940234760275,0.03077926748656208,0.0006016005955430512,9.554103548793771e-05
plot_19631,7,0.7544525630406932,1,0.00024165458034204805,0.5843272890887871,0.2455474369593068,0.005674189362350586,0.08297502175543058,5.625787688989744e-06,0.08122878246609379
plot_19640,7,0.8449446492431503,1,0.0211949592442466,0.5274403321025755,0.032679599481857044,0.15505535075684976,0.12156584713379247,0.004585616027209899,0.13747829525346877
plot_19643,7,0.5711915017123166,2,0.013906901796598637,0.20830726485961276,0.42880849828768336,0.1295700682333531,0.20742183367779554,0.0047863469203900605,0.007199086224566387
plot_19655,7,0.4386933481892015,1,0.005942048384452913,0.5613066518105861,0.03992853601612445,0.03654053230646162,0.2615279861738904,0.002638207628605309,0.0921160376798792
plot_19659,7,0.8298248991759603,6,0.012901147895320549,0.196374672401232,0.1122159547932767,2.7317141529114944e-08,0.17017510082403975,1.7387549821347737e-10,0.5083330965951139
plot_19666,7,0.5464896758512405,1,0.0018580534348241824,0.45351032414865444,0.11263647855483536,0.0013019417999752482,0.016288995952385758,4.6173970970814147e-10,0.4144042056475852
plot_19667,7,0.05237776106310384,1,0.010750424307177528,0.9476222389368663,0.007905807278432273,9.275810255078244e-07,0.033045731087588986,1.3623415849400858e-06,0.0006735084673243655
plot_19670,7,0.43735395625487966,1,0.03316808720407688,0.5626460437449986,0.00823997776473913,0.003820839306188422,0.08888955158783153,0.06055432496222636,0.24268117542993917
plot_19680,7,0.6753807067192132,1,0.015748505120295117,0.5224229919127702,0.09955343855052828,0.0,0.3246192932807867,0.01881365879230179,0.01884211234331779
plot_19693,7,0.5526358183283668,4,0.007825338546502749,0.1389629361923167,0.27435723198665607,0.03860500067620926,0.44736418167163317,2.9015646832944025e-10,0.09288531063652558
plot_19698,7,0.39888173594342785,6,0.004160156646413031,0.08865755251496484,0.12171784944866798,0.12414252260836814,0.06020365472501068,3.2102347228249117e-15,0.6011182640565722
plot_19700,7,0.1954768607605052,2,6.100761979801496e-05,0.005194796112171775,0.8045231392394948,0.03940538715597908,0.006629008677677138,8.321005859246643e-06,0.14417834018901998
plot_19702,7,0.6881027151122787,1,0.0015086662779185567,0.3853467359613902,0.3118972848877212,0.0005769458062677481,0.010120063380830581,1.0480576040538156e-12,0.2905503036848237
plot_19703,7,0.6784091605213844,2,0.3215908394786156,0.03287546105520243,0.5525170570945361,0.00557851998587959,0.021492520332262212,2.2700373263652394e-09,0.06594559978346676
plot_19708,7,0.660782609508405,4,0.0811158055138512,0.33921738741085816,0.10460043317985065,2.1012735876417496e-09,0.4449684519534947,0.0028275418255135627,0.027270378015158164
plot_19713,7,0.3488636750448079,6,0.16236340174068864,0.05056203892965949,0.09808655613265704,1.0065833961856908e-05,0.03784121938516277,3.931528033078694e-07,0.6511363248250669
plot_19723,7,0.06817777400682146,5,0.04117138433111428,1.7631494545275636e-06,0.0022994262431255794,0.0003879101766032355,0.004159596106335041,0.9318222259931785,0.020157694000188797
plot_19724,7,0.8639157907728483,1,9.690299030126714e-06,0.4615058565740131,0.1157342799475109,0.13608420922715164,0.218645835980048,8.764823351658473e-05,0.06793247973872958
plot_19725,7,0.8536781033913756,1,0.14632189660862424,0.48337565322709053,0.03634879801806963,0.019663716710266354,0.10959809178244728,0.2031463164698385,0.001545527183663358
plot_19738,7,0.6537921502166406,2,0.12447529913338479,0.34620784978311114,0.43585312934105835,0.00014604388582717122,0.09290921259420398,0.00023954292792943276,0.0001689223344852714
plot_19739,7,0.30700423499142443,1,0.09421815362162322,0.6929957650085756,0.015305389200027584,1.3638217295605617e-06,0.007298654883478374,0.03075236630588065,0.1594283071586851
plot_19743,7,0.886000357898565,2,0.0009860252451838415,0.3647453280739128,0.426824390927886,0.1139996421014351,0.08519334001962539,0.004848571344058144,0.003402702287898784
plot_19749,7,0.5845259265570624,1,0.11329835377664602,0.415474073439234,0.16271627241036082,0.004477638124144996,0.2008351410683371,2.716877220456719e-06,0.10319580430405642
plot_19751,7,0.6454402999520811,1,0.005140178675860103,0.3778507976873512,0.35455970004791887,0.05629527936861557,0.1869483818582688,0.00025013887232425136,0.018955523489661195
plot_19752,7,0.2604116375181521,1,0.1537673192293611,0.739588362481847,7.883213151667256e-05,0.0,0.060569863407026775,0.0402042312583636,0.0057913914918849806
plot_19757,7,0.08749566253507693,1,0.004654238900392577,0.9125043374649153,0.016961217435604258,0.0535888234821546,0.012142392587945278,3.542791848448077e-09,0.00014898658619596754
plot_19761,7,0.1765960944677462,1,0.028070496464578328,0.8234039055322466,0.01974058103933526,0.067131136763142,0.046196476042050946,0.0025382273242982012,0.012919176834348706
plot_19770,7,0.2734720905779719,1,0.19198486059586858,0.7265279094211695,0.0006602661969020184,0.06097289215967099,0.012143485544390757,0.0023235893193174558,0.005386996762680867
plot_19774,7,0.7308787283361914,4,0.005023675275602012,0.24252349794046837,0.26912127166380856,0.0011954253127866331,0.4799973375954697,1.8025202122525095e-05,0.0021207670097423393
plot_19780,7,0.006827450127427491,1,1.7533049039521652e-07,0.9931725498725725,2.7765276624182527e-05,0.0061386014324797565,0.0005894706691747122,6.451541210166441e-05,6.922006556799111e-06
plot_19781,7,0.7677118939213552,1,0.030736504451340626,0.41494713157098284,0.0032117990105090966,0.19441407927350574,0.23228810607864475,0.10039374585005179,0.024008633764965093
plot_19784,7,0.46355013866662903,1,0.024532544574277046,0.536449861333371,0.2228313994935831,0.006474428578902557,0.14894615139248646,0.0071544612415753855,0.053611153385804564
plot_19786,7,0.7185047610876139,4,0.010512855973244428,0.16199021701310914,0.2814952389123861,0.004419263958777552,0.5157123171378758,0.0026782745851466503,0.023191832419460212
plot_19791,7,0.8270210713175886,1,0.007384079577712138,0.38685725267071874,0.1729789286824114,0.029430433708438817,0.3742392976547427,1.7827366623747485e-05,0.029092180339352566
plot_19792,7,0.10482156051062143,5,0.009102469694415935,2.4450603532589526e-152,0.00020366940116059822,0.014042878623853184,0.020649796432796536,0.8951784394893786,0.06082274635839518
plot_19794,7,0.384983227398654,6,0.0029493689193463048,0.039172324519209684,0.312244870068802,0.0,0.03061294493814961,3.718953146310692e-06,0.615016772601346
plot_19796,7,0.7399912931838599,4,0.03272684933685571,0.29325554661840836,0.0048909553605252735,0.04974890464515087,0.3329663613526188,0.02640267587030088,0.26000870681614013
plot_19797,7,0.16897623581701604,1,0.004899323272399261,0.8310237641825492,0.000908786931312606,0.07773511992681958,0.07758050536571379,9.382409846828027e-05,0.007758676222737283
plot_19800,7,0.246596359691091,0,0.7534036403089089,0.04852746725740424,0.015476071601345287,0.0010986639570629284,0.007760719158531673,0.09804792459361651,0.07568551312313031
plot_19802,7,0.2705685703678453,2,0.0012694674414261034,0.06601600316459963,0.7294314296321547,0.009892658499531913,0.06580125449750218,1.0518771298128763e-17,0.12758918676478553
plot_19821,7,0.22782537539923167,1,0.0001406961107647074,0.7721746246000945,0.0001575449723254784,0.0011581267544114623,0.21985560587690772,0.00643598130210633,7.742038338990336e-05
plot_19833,7,0.3117830820929724,1,0.06451280869301185,0.6882169179058205,0.010952310611620044,0.06379671869972799,0.11830503888066955,1.5703593923029266e-05,0.05420050161522694
plot_19840,7,0.5197039802742891,6,0.10127363764239096,0.1922673233120611,0.02688301142017807,0.025569655762030165,0.17371035213642882,1.1999861153467306e-12,0.4802960197257109
plot_19841,7,0.30479803108427167,1,0.09729311374193537,0.6952019689157284,0.12020298397481503,0.0034911886438730656,0.05132656245138618,1.7927951064005277e-07,0.03248400299275133
plot_19842,7,0.76655058652935,4,0.12006849135493743,0.011388275024302234,0.07781541072467026,0.12648493652194476,0.25304312983607413,0.17775034306742116,0.23344941347065
plot_19845,7,0.7257814820539565,1,0.01579339742650415,0.5048953070477122,0.19428060775150646,0.008931421077993095,0.2742185179460434,0.0003952399262217345,0.0014855088240190459
plot_19846,7,0.6934133673075304,3,0.30658663269246955,0.0004600991333329668,0.01161343948414033,0.33582458157290274,0.025961821952169777,0.200650041759933,0.11890338340505172
plot_19847,7,0.7535887646782713,1,2.2703607882759936e-05,0.5356997628979857,0.11580352695642718,0.0109507408396239,0.24641123532172865,3.0260833398668397e-08,0.09111200011551827
plot_19848,7,0.7019143987757607,1,0.023048767106722247,0.44947601580847973,0.18058320011554455,0.005730215321708905,0.2980856012242394,0.00017700760525020978,0.042899192818054994
plot_19851,7,0.49280004660178506,1,0.20761156575410958,0.5071999533980511,0.10586286604242374,0.04111173368998289,0.12264324220514694,4.395502683841735e-07,0.01557019936001717
plot_19856,7,0.7082292771149759,1,0.02751841618907323,0.3481990252137041,0.09771951126847082,0.002794078128731591,0.29177072288502426,0.09296821010510936,0.13903003620988666
plot_19865,7,0.08897331400505648,5,0.02080067642183043,0.010434938106092355,3.805489633590638e-05,0.00022461377895460847,0.05731578470537855,0.9110266859949435,0.00015924609646465656
plot_19877,7,0.8221726807245733,1,0.040346191928837635,0.4173399002936712,0.2763035565445037,0.049508799148010235,0.17782731927542678,6.471574428935825e-05,0.03860951706526107
plot_19884,7,0.260835225140892,1,0.0064838309247286525,0.7391647748581717,0.00132704288607241,7.030138181672836e-05,0.24935457548118753,0.003508209126602589,9.126534142036843e-05
plot_19892,7,0.17974912087078027,4,0.04059682119087726,0.014137994442033414,0.10519892444198177,2.7861150435247863e-05,0.8202508791292198,0.017327052435995798,0.0024604672094568534
plot_19904,7,0.6356457252225075,4,0.00027518012169216246,0.22969698236250893,0.22516624810180016,0.008798472389471049,0.3643542747774924,8.251649023260213e-05,0.17162632575680278
plot_19906,7,0.1709490005021402,1,0.009323613431355052,0.8290509994976688,0.009308062313867162,0.0,0.10632796100787933,0.0024555827018837807,0.043533781047345954
plot_19917,7,0.3941112659609721,6,0.11283663421056425,0.056847868574259754,0.19179206170273175,3.2181111036311157e-06,0.03253117114772521,0.00010031221458758156,0.6058887340390279
plot_19921,7,0.1150825616668077,1,5.36608501412441e-07,0.8849174383330343,0.024730491061060483,0.0575217198176263,0.0004654987622384679,0.032324340145029454,3.9975272509618e-05
plot_19924,7,0.017886641439629012,1,0.00013880342175698337,0.982113358560371,8.3109624861611e-05,0.01206146407401145,0.005120428131371535,0.0004776317357855283,5.2044518418781335e-06
plot_19929,7,0.5394774421161864,1,0.004118300931361868,0.460522557882848,0.29650120181245154,0.07785584290952823,0.13108123399676774,0.026647351955924346,0.003273510511118279
plot_19930,7,0.7587077330580617,5,0.00030747841950044645,0.2412922669419382,0.01303816875034514,0.12105363177258169,0.1721591230050569,0.4493829863567487,0.0027663447538288895
plot_19934,7,0.31798881888269603,4,0.030864077371501878,0.0002717846938457421,0.015513683290036669,0.1372295624108267,0.682011181117304,0.11602684285469433,0.018082868261790733
plot_19937,7,0.7562558641621202,4,0.0007996346498417408,0.29097076412291745,0.01826002006888147,0.0023598830542916156,0.4048269706447444,0.03903859162144348,0.2437441358378799
plot_19938,7,0.759499068665716,6,0.04215837366962419,0.16420855495376432,0.24502349414342373,0.0018148714732053217,0.24050093133428396,0.002612027242690185,0.30368174718300844
plot_19949,7,0.6596131311697888,4,0.05037577885144344,0.18160205178415084,0.20998790438910714,0.014753927183761164,0.34038686883021124,0.026124990391133474,0.17676847857019282
plot_19958,7,0.12366411370398334,1,0.00014736466036200524,0.8763358862959681,2.6865541687903982e-05,0.10274685359023175,0.020109567477044395,0.0006334619397926835,4.949131258240657e-10
plot_19968,7,0.2680877430302951,2,0.03159849451722682,0.11806524505382515,0.731912256969705,0.02234217432956238,0.06165732849390308,6.699499128772985e-06,0.0344178011366489
plot_1997,7,0.26783406233877755,1,0.00174119609724975,0.7321659376610739,0.006838774661106682,5.392908648876904e-06,0.2535307927659379,0.004913841816684328,0.0008040640892986392
plot_1998,7,0.742414544815625,1,0.10257626121996982,0.324778736679859,0.16258436902465973,0.0,0.2575854551843751,0.10254972833941273,0.049925449551723663
plot_19989,7,0.769040316711413,2,0.00043630030761245984,0.20330037620733624,0.24432812879869606,0.12955541633897447,0.230959683288587,6.483771781081246e-05,0.1913552573409828
plot_1999,7,0.33041800534145205,1,0.025817922920957397,0.669581994658548,0.09579322638296267,0.0,0.166795156621475,0.02365256909963807,0.01835913031641892
plot_19991,7,0.6364024013780611,6,0.0075290145296725425,0.06386246417326914,0.3635975986219388,0.11570520764346315,0.052467396379722225,0.010805998790814354,0.38603231986111985
plot_19997,7,0.6787284240104504,2,0.08592565820246087,0.14192984150394716,0.3212715759895496,0.002112022732212318,0.2634777174550099,1.7014162949470933e-08,0.1852831671026572
plot_20,7,0.8681465215865709,6,0.16376583200284367,0.05760538576345501,0.15996351446795679,0.06636356013832277,0.13185347841342915,0.007823494135143355,0.41262473507884934
plot_2000,7,0.2773319262006227,1,0.006373474694420145,0.722668073799215,0.08946574240958127,0.0,0.16418294432408803,0.006594072952220689,0.010715691820474747
plot_20000,7,0.2985369906193938,1,0.02860575609291937,0.7014630093804276,0.07486900885980956,8.593624479335559e-05,0.11212394336548603,0.06740072505278848,0.015451621003775558
plot_20001,7,0.4136763421634243,1,0.01837012101901862,0.5863236578365757,0.12244364238270884,0.00038848305062658595,0.24475194540133,0.02532916547155848,0.0023929848381817683
plot_20009,7,0.5927311398427938,2,2.8663509824528987e-07,0.1593605137295075,0.4072688601572062,0.08168905398310458,0.005025649535658448,2.567426886306341e-09,0.3466556333919981
plot_20011,7,0.4841042558040663,4,0.05394462901490206,0.002654667712618132,0.29774708814150985,0.044443545981673126,0.5158957441959336,0.08529363944400598,2.0685509357079392e-05
plot_20017,7,0.13638636958068664,1,0.00032687682134249286,0.8636136304190523,0.0072794522135497695,0.0,0.12084756291296193,0.00793247763309361,3.296504120315623e-84
plot_20018,7,0.7539781072370009,4,0.10104540126580941,0.06126867802256854,0.2579939999814413,0.0009161891757757301,0.27346246797241086,0.05929137081899507,0.246021892762999
plot_20019,7,0.4672897661087746,1,0.015733190289460956,0.5327102338911119,0.0542372919605746,0.0,0.30508915731809744,0.00042203464710547755,0.09180809189364963
plot_20026,7,0.8302974750214404,1,0.01148226707858748,0.6672923905750379,0.08695821677773483,0.16970252497855967,0.039967888439293046,5.094900947744032e-07,0.0245962026606922
plot_20027,7,0.013479321696233941,1,1.1586591168453354e-07,0.9865206783037009,0.0003190723958888626,0.007581106953510773,0.0038908202890228444,0.00019424496377905967,0.00149396122818583
plot_20071,7,0.6829040608243052,1,0.16828607724439135,0.3170959391752414,0.23143081071808225,0.059942072942024305,0.1331269587831272,2.557095701300689e-05,0.09009257018012035
plot_20072,7,0.748317455451199,1,0.08510366312876674,0.2872215568733721,0.1364489795142817,0.03579173942986084,0.251682544548801,0.00029151866197964823,0.20345999784293806
plot_20103,7,0.03380318809530254,1,0.00024593580852972995,0.9661968119046975,0.0009334865516491911,0.0,0.015926144466683542,0.01450704118338699,0.002190580085053155
plot_20104,7,0.02922479427134777,1,0.00010580788729138609,0.9707752057182909,0.0003919071350016207,0.0,0.007741180680594213,0.020098208366012997,0.0008876902128089851
plot_20105,7,0.06495248673581597,1,0.0012149549800888812,0.9350475132637297,0.004317377123949842,0.0,0.043840217320510924,0.007367745346298617,0.008212191965422057
plot_20109,7,0.03154438101917296,1,9.785989017242506e-05,0.9684556189785253,0.0003625702081619835,0.0,0.007218697941471577,0.023042686054806548,0.0008225669268621964
plot_20110,7,0.033515442838295266,1,0.00010379652259786838,0.9664845571614629,0.00038680755154910264,0.0,0.00786322116190607,0.024264034908624596,0.0008975826938595487
plot_2017,7,0.6181473762580709,4,0.10686578099798616,0.11415104379247498,0.0921951741852271,1.5227188011686248e-07,0.3818526237419292,4.662073019986847e-08,0.30493517838977235
plot_2018,7,0.5545455550111995,6,0.07209136040094974,0.045442160563190725,0.07508899887250337,5.489326752000406e-07,0.36192176075618965,7.254856909425252e-07,0.44545444498880044
plot_20326,7,0.39547317875856663,4,0.005196700348042052,0.15862892739829323,0.07269847800558686,0.13907280751980527,0.6045268212414334,0.019820072814833573,5.619267200570335e-05
plot_20327,7,0.4345172808250401,4,0.00422610680550098,0.19889572262720584,0.08395947863085532,0.1307659642628219,0.56548271917496,0.01664541234450628,2.4596154149814515e-05
plot_20328,7,0.7281209872152375,4,0.0007980479329059007,0.2718790127820895,0.1957908500855978,0.06448973871858696,0.4627548086442951,0.004229509958621306,5.803187790355283e-05
plot_20329,7,0.5634381441030446,4,0.00038828129033845204,0.26344412772029696,0.2651281877208407,0.03368768916747193,0.4365618558969554,0.0007003509448408594,8.950725925572173e-05
plot_20330,7,0.5499131317415897,4,0.00039702011027982617,0.23896078519103908,0.28696813343944083,0.023014892876585574,0.4500868682584102,0.0003627850095281282,0.0002095151147164926
plot_20331,7,0.8965260403813066,1,0.12402979062787396,0.7126041028186257,0.0033117479517572727,0.10347395961869339,0.04665342708313964,0.003381328689106774,0.00654564321080335
plot_20332,7,0.2774722465579997,1,0.11021701503433842,0.7225277534420003,0.005256695683541429,0.08600770790953746,0.06289281050103657,0.003211711620503619,0.009886305809042182
plot_20333,7,0.26160797280339637,1,0.15519130628411978,0.7383920271966037,0.0021062915881723747,0.007142289079792967,0.0422743962010872,0.05418451282306793,0.0007091768271561188
plot_20334,7,0.7162931296062568,1,0.28370687039370307,0.6178588269959316,0.00741533596797493,0.014233073627802784,0.015071543304890921,0.05780668519248161,0.00390766451721492
plot_20335,7,0.29237061874127057,1,0.17667676951190797,0.7076293812587294,0.0029100961431592176,0.007047289488344424,0.027100358573927535,0.07764840673555656,0.0009876982883747797
plot_20336,7,0.29908769770301985,1,0.13503015232242055,0.7009123022969801,0.0012616022035259519,0.0688060305016976,0.07812596431961762,0.002289592355815744,0.01357435599994237
plot_20337,7,0.25395401461445827,1,0.1572835700973861,0.7460459853855409,0.0011217325062238583,0.05093204369298889,0.03231248277927761,0.008453958209006978,0.0038502273295758387
plot_20338,7,0.2618569781576692,1,0.1258927841010937,0.7381430218423298,0.005536866551873404,0.06735921687269605,0.045896208385429266,0.00978158423756811,0.007390318009009645
plot_20339,7,0.3147404382792022,1,0.12684526522595718,0.6852595617207978,0.03423019560090988,0.05577481159260504,0.0666058325269635,0.005060685695491217,0.026223647637275367
plot_20340,7,0.30741481132124626,1,0.1244479912153114,0.6925851886787537,0.0016431214025073113,0.0859963896003126,0.07901727598531216,0.0020860161585640226,0.014224016959238701
plot_20341,7,0.25505798119960715,1,0.13809279435313346,0.7449420188003792,0.0014134463890801158,0.06875844012405713,0.036047275316965305,0.006415073410602517,0.00433095160578232
plot_20342,7,0.2756323582449409,1,0.15110246072496908,0.7243676417550584,0.01548280671253148,0.04744030777025118,0.029295971895807134,0.02348287116691417,0.0088279399744686
plot_20343,7,0.29524802933625693,1,0.1369259704705253,0.7047519706637422,0.0011034254934853417,0.06381258515781835,0.07698179128500196,0.002653832345487793,0.013770424583939277
plot_20344,7,0.8406598160698792,1,0.15934018393009916,0.6695110756334978,0.002409087393897335,0.06906318165618079,0.0804706094069385,0.005155618858634132,0.014050243120752336
plot_20437,7,0.09935433803272219,2,2.154924911828186e-06,0.012330561418907943,0.9006456619672778,0.0009014357156154013,0.08421848367675842,3.076255227488012e-08,0.00190167153397627
plot_20441,7,0.09781569273060425,2,2.05123966065347e-06,0.012060813761760734,0.9021843072693957,0.0008734717125575797,0.08303731975659961,2.9070224862443584e-08,0.0018420071898007236
plot_20446,7,0.827401603069869,1,0.0009699110218381801,0.69721722499693,0.17259839693013102,0.0,0.12740878995119126,0.0009198562580360391,0.0008858208418734862
plot_20447,7,0.17302460889020937,1,0.004037473088309387,0.8269752899599534,0.12290641627450487,0.0,0.04014391379299842,0.0024771582118987296,0.0034597486723352095
plot_20448,7,0.20659781792903542,1,0.020352872223483386,0.7934021820709646,0.11004663626349562,0.0,0.04621132277082532,0.013487065105455418,0.01649992156577569
plot_20449,7,0.21094456553920882,1,0.01975977222167337,0.7890554344607912,0.10119961952591669,0.0,0.060303816192533624,0.013302937267717222,0.016378420331367917
plot_20450,7,0.18857272404957187,1,0.0016503481761739039,0.8114272759501071,0.127580696573656,0.0,0.05605372194627601,0.0012397118809461924,0.002048245472840745
plot_20451,7,0.1486188076242242,1,0.00596423459204219,0.8513811923757758,0.10735652320179313,0.0,0.02670014083724902,0.003585406779000277,0.005012502214139548
plot_20452,7,0.203361012831353,1,0.0024101509980829707,0.796638987168647,0.1457773983616274,0.0,0.05159519218695602,0.0014856316046594018,0.002092639680027183
plot_20456,7,0.1694045212538036,1,0.005910296036782382,0.8305954787461963,0.10196662019841522,0.0,0.0520115155295488,0.004374641349530909,0.005141448139526137
plot_2057,7,0.8695638896794586,1,0.13043611032054128,0.41788995651267247,0.15622152992020263,0.0,0.22273147120367656,8.009489264071135e-07,0.07272013109398053
plot_2080,7,0.5661728238575546,1,0.0033644496515376193,0.4410093286610416,0.08518652865526496,0.0,0.43382717614244537,0.004935431956307584,0.03167708493340293
plot_2081,7,0.32977882153162336,1,0.005791690955234474,0.6702211784668498,0.08987887859534512,0.0,0.21408570531695242,0.006860939632948342,0.01316160703267005
plot_2083,7,0.6402186747605066,4,0.027767329090865565,0.3479353068812354,0.2644549829877958,2.3745643959246963e-06,0.35978132523949324,5.868123621406279e-05,4.081443077844447e-107
plot_2084,7,0.7772470618457346,1,0.03502167747220998,0.7388161467767389,0.0006265551130173535,0.0003218510908881495,0.22275293815426545,0.002460831392880239,2.7959389030684066e-111
plot_2091,7,0.675716834541726,1,0.07418704316436221,0.42247114476984854,0.04938471707851906,1.985317564222319e-05,0.3242831654582739,1.6842216455924323e-17,0.12965407635335394
plot_2092,7,0.2385008256682867,1,3.6930427824683646e-05,0.7614991743316436,0.023643018987092645,0.0,0.2123468058656766,6.808668709001266e-05,0.00240598370067242
plot_2093,7,0.25596531312580095,1,5.45368368733697e-06,0.744034686874199,0.006827099643645481,0.0,0.24878795338161389,6.142747132006811e-06,0.000338663669722366
plot_2094,7,0.5331711606192875,1,0.0030854967814750974,0.46682883938071246,0.11174908566054598,0.0,0.3882160146599428,0.004592081534618519,0.02552848198270516
plot_2095,7,0.08153140904456528,1,0.0009873926976536958,0.9184685909554348,0.0031980644005244886,5.725346755019691e-09,0.0761478286060834,0.0011981176149569847,1.5174602540231782e-85
plot_2096,7,0.275237755222279,1,5.0270385964196e-06,0.724762244777721,0.00611093411416464,0.0,0.26890028309791425,3.424768812455695e-06,0.00021808620279130885
plot_2097,7,0.576719436801083,2,0.16866170599518596,0.14179351085228237,0.42328056319891705,7.6008932158459945e-06,0.07094200219948925,0.002026404247372844,0.1932882126135367
plot_2098,7,0.35753626984596854,1,0.164560071691413,0.6424637301539751,0.0006872210713033981,1.4493080137072626e-08,0.17583051031683639,8.177685350269293e-06,0.01645027458804177
plot_21,7,0.5844114111928169,6,0.2556860599328722,0.15472386879850847,0.08573825375515963,0.03847381969417121,0.04898134276404399,0.0008080662480614486,0.415588588807183
plot_2100,7,0.25643858056699065,1,0.055719311646894996,0.7435614194330094,0.001994224289007534,0.0006922530554028216,0.1928714708395055,0.00516132073617985,9.116734448405272e-108
plot_2101,7,0.23453888974508202,1,0.03267136621820798,0.7654611102549179,0.0011696905238620166,0.0013641573653076662,0.19301034478283777,0.006323325705752568,5.149114029105796e-09
plot_2102,7,0.6137439454689139,1,0.003276879171968451,0.5955718176791709,0.009317983361314222,2.672682654123902e-08,0.3862560545310862,0.005577238529633808,2.573518898171437e-86
plot_2112,7,0.3733427701094571,1,3.816105855486509e-06,0.6266572298645026,0.018707622677335264,0.0,0.3545357450506105,1.4758637219484208e-05,8.08276644766814e-05
plot_2113,7,0.6382820951044393,1,9.523689299627459e-05,0.6257525488379391,0.011280982498367013,0.0,0.3617179048955606,1.695574621059046e-05,0.0011363711289263604
plot_2114,7,0.6383203932935582,1,0.001391245224417642,0.6212541084287414,0.005652734790268295,0.0,0.36167960670644184,0.0002273264353098986,0.00979497841482087
plot_2115,7,0.38447609389910076,1,5.583679702816778e-06,0.6155239060993645,0.01744917292296302,0.0,0.3668955446225856,1.210918023819612e-05,0.00011368349514600722
plot_2116,7,0.5804377964804985,1,3.5444177708768146e-05,0.5206478422807402,0.05923116692410648,0.0,0.4195622035195015,0.0002041318153460545,0.00031921128259709684
plot_2117,7,0.27518504349665346,1,0.06668431009280913,0.7248149565028342,0.00419977019312835,6.555787684670866e-07,0.16477811264693246,8.53519003168977e-05,0.03943684308521053
plot_2118,7,0.1416893567061161,1,0.010842383298751148,0.8583106432936722,0.0016616176697276934,6.3347949057483785e-09,0.11947492782943103,3.865280220289338e-06,0.009706556293402458
plot_2119,7,0.18196446085890003,1,0.029996463779652666,0.8180355391410999,0.030573692228659004,0.0,0.10805980141504892,1.1775037818382215e-07,0.0133343856851612
plot_2120,7,0.41634173302434485,6,0.15271592641452036,0.046061366402861736,0.13795721703372035,0.0012590411968236926,0.002210497336185913,0.07613768464023285,0.5836582669756551
plot_2121,7,0.5229558626514551,4,0.09169767474223942,0.1214827284993778,0.11862194194699799,9.888236540696775e-05,0.4770441373485449,0.02017324414801452,0.1708813909494185
plot_2130,7,0.8290979846500277,1,0.024918001074735387,0.7432508181138093,0.040629610643018975,0.01040274680419459,0.17090201534997226,0.009860213232213307,3.659478205608936e-05
plot_2131,7,0.3303807724275572,1,0.19407583861843544,0.6696192275721217,0.02612387193503324,0.0011938158869276567,0.0950256886357055,0.01343487606970649,0.0005266812820701655
plot_2132,7,0.3076083639278669,1,0.17998049486805814,0.6923916360721115,0.01851836679120841,0.0011252955383988111,0.09232395772026954,0.015029807145000983,0.000630441864952665
plot_2133,7,0.19619712466050818,1,0.05078312576596798,0.803802875339405,0.01932176919739528,0.0011782265389470845,0.11043839667433918,0.013312262097079067,0.001163344386866473
plot_2134,7,0.1624027344249969,1,0.012403856736902133,0.8375972655749029,0.017163387240494262,0.001143678198102696,0.12444823635942492,0.00667010440348448,0.0005734714866885618
plot_2135,7,0.13535707212364642,1,0.004169859486436556,0.8646429278763537,0.01551846368476352,0.0010828041223358564,0.10887702972807822,0.005157700194066511,0.000551214907965823
plot_2136,7,0.19419096615313708,1,0.004841185557461258,0.8058090338468629,0.03095300696590252,0.0014030290696130708,0.1534023126464447,0.003472772086492522,0.00011865982722292299
plot_2148,7,0.8711569165599,6,0.10017275692419857,0.12312368837712742,0.12884308344010006,0.0001708150206801423,0.15464356246535513,1.6902711118570411e-06,0.49304440350142686
plot_2154,7,0.20071579213136403,1,0.004871053896171045,0.799284207868636,0.03327887244731468,0.00148833917981805,0.15713848716754006,0.003804003515329378,0.0001350359251908069
plot_2155,7,0.24631435793815223,1,0.01956035421653908,0.7536856420618476,0.021984961431692377,0.026436027091706726,0.16355597404754635,0.01477500370893833,2.037441729296958e-06
plot_2156,7,0.12178871067945135,1,0.011479247925127993,0.878211289320443,0.011271403939201254,9.235364556726647e-09,0.0460739513151838,0.003669950942744771,0.04929414732193467
plot_2157,7,0.43947074863108393,1,0.00852623782084895,0.5605292513685045,0.045320532805006954,0.0,0.36846402490209496,7.895790157520899e-06,0.017152057313387217
plot_2158,7,0.5923354953893928,1,0.021484375799943133,0.45799856303757625,0.07752306887398729,0.0,0.4076645046106072,8.098301373773455e-05,0.03524850466414837
plot_2162,7,0.3632253507545995,1,0.06732936671634483,0.6367746492454005,0.06935073829760187,0.0,0.04800594964442935,0.023861168064319947,0.15467812803190356
plot_2163,7,0.2911312417297868,1,0.04754720764769694,0.7088687582141032,0.0007947690310667946,0.0013548120806320453,0.23018740686554112,0.011241433013135417,5.613147824576888e-06
plot_217,7,0.6340261773637197,4,0.03562466159747894,0.0666750454326446,0.1539439330943694,0.0,0.374958144779448,0.0028243924597788667,0.3659738226362803
plot_2170,7,0.6990289990786778,1,0.006556623168922001,0.6158595248096133,0.039936736992470384,0.0,0.30097100092132223,6.157460009644108e-05,0.03661453950757561
plot_2171,7,0.4212431747248081,1,0.010098735687601203,0.5787568252751132,0.04459020688260624,0.0,0.35301216723619067,6.902869728832128e-06,0.013535162048759843
plot_2178,7,0.8212306201857547,1,0.12191241147138988,0.38527348980850445,0.17876937981424543,0.0,0.12815232163203333,0.0876417343574796,0.09825066291634743
plot_2179,7,0.8734667425019816,1,0.0036313579568749816,0.48691473154074305,0.1265332574980184,0.0,0.33348227135068437,0.005060988302452801,0.044377393351226285
plot_218,7,0.5670848116625126,4,0.06856669882475198,0.03603225211437628,0.1760653834489793,0.0,0.43291518833748743,0.009423390922559323,0.2769970863518458
plot_2180,7,0.46635357975978137,1,0.004264766031432938,0.5336464202402187,0.07061390061503246,8.487177410127922e-08,0.37249816037921757,0.006393957139108906,0.01258271072321546
plot_2181,7,0.2450437857782991,1,0.051237629807524915,0.7549562142216,0.03672992866915191,0.0019744084443273314,0.15147655256252246,0.003585955784204936,3.931051066851031e-05
plot_2182,7,0.16137828065193055,1,0.01063618915643545,0.8386217193480695,0.01647749386107492,0.0016992460594991955,0.12912338323258324,0.003346318465908081,9.56498764296688e-05
plot_2183,7,0.17063501456714306,1,0.012356497397114979,0.829364985432857,0.01898011878643789,0.001551645422677944,0.13493616435491113,0.0027503629829569187,6.0225623044192234e-05
plot_2184,7,0.22244977554598547,1,0.01843829912295585,0.7775502244538931,0.035574983597346906,0.002578927783446198,0.1635348191776723,0.0023179493329723157,4.796531713480357e-06
plot_2185,7,0.20959656445839644,1,0.0073598419320387715,0.7904034355416035,0.022365190606447222,0.006321292909322431,0.16970755365390644,0.0038372911036218416,5.394253059741017e-06
plot_2186,7,0.2053126802055382,1,0.007938246670888861,0.7946873197944618,0.020836123438186326,0.007166141889831503,0.1637367726829606,0.005634015922390576,1.379601280348291e-06
plot_219,7,0.5600821720852338,6,0.042580449335569565,0.12189573217708043,0.11982421864777683,0.0,0.27537026441934087,0.00041150750546616044,0.4399178279147663
plot_2193,7,0.6533148973104668,6,0.22988346091183884,0.043436212253425324,0.26348695391891463,1.4582029284898081e-05,0.1161960300633064,0.0002976581336968054,0.34668510268953323
plot_2199,7,0.015352600810238082,0,0.984647399189744,0.0026357186188902372,0.0,0.0,2.257216562182246e-14,0.007733661756742265,0.004983220434600954
plot_220,7,0.5304382122784954,6,0.028865264102991818,0.1811580643117664,0.20771007099373914,5.788764978632273e-08,0.11268477402186855,1.9980960479656436e-05,0.46956178772150464
plot_2200,7,0.6234465259842755,6,0.06074549111856153,0.05312055592399071,0.08120772491992487,0.0003369242612794799,0.3765534740157245,0.009968607605029498,0.41806722215548947
plot_2201,7,0.8376587049137415,1,0.016442906889419108,0.8050439294919183,0.0011660528812473226,1.5231927731934934e-08,0.16234129508625847,8.269040519257029e-06,0.014997531378710079
plot_2203,7,0.114413589508874,1,0.0013433630393047695,0.8855864104855705,0.007599786527680619,0.0,0.10327702130099048,1.2417480687534738e-07,0.002193294471646774
plot_2204,7,0.5342923542570907,4,0.06338509782044631,0.1014560503761493,0.14035339619370782,0.00026977488268181406,0.4657076457429095,0.025794978505767428,0.20303305647833794
plot_221,7,0.4682879110185483,6,0.03971668881027966,0.13615524992352468,0.13606573182834347,2.871587601983407e-07,0.15634297150280577,6.981794834563893e-06,0.5317120889814517
plot_2210,7,0.875847303287242,1,0.124152696712758,0.6590621527954962,0.023930000303595433,0.0010525659522489176,0.1839185889962034,0.007883995239698207,8.563154432888278e-86
plot_222,7,0.5093724635854777,6,0.061780416194007204,0.08092540818981048,0.25556840253143914,1.2527203977409978e-09,0.11102061502086683,7.762039663376676e-05,0.49062753641452234
plot_2220,7,0.0910541466448352,1,0.0013159950718314261,0.9089458533551649,0.0037977735408875547,9.398259307777937e-09,0.08492470189804491,0.001015666735812075,2.8945548213095687e-86
plot_2222,7,0.553527109545434,1,0.03898970392223581,0.4464728904543802,0.1829549785321378,3.399011638090582e-05,0.33104232597360167,0.0005061110012634857,1.4574127229396587e-88
plot_2223,7,0.738894007183668,1,0.0018456743924066459,0.7334013636705936,0.0017704217129292023,6.604425901133689e-06,0.261105992816332,0.0017416392278922456,0.00012830375394515644
plot_2224,7,0.18111911154646468,1,0.01975630267529086,0.8188808884532806,0.009094771850764651,0.0134437421483854,0.11013080428686402,0.02869277464420601,7.159412085392802e-07
plot_2225,7,0.7557583767839839,6,0.08112550709478278,0.22402255006764854,0.10296020258171175,0.001501010822920998,0.244241623216016,3.1965408678024036e-05,0.34611714080824185
plot_2226,7,0.6879859506011102,1,0.0763138747598192,0.3120140493974172,0.05937745396953527,0.002323881277463391,0.29448714113255364,0.00012825528576248323,0.25535534417744893
plot_2227,7,0.47950809146680834,4,0.010768569523095012,0.1929037673245157,0.1691613353273211,3.307618325483902e-07,0.5204919058335725,5.806920927425582e-06,0.10666828430873557
plot_2228,7,0.3343819767295846,6,0.10747404929921284,0.013021269715520235,0.05403662607690035,1.030333461392209e-06,0.15984199485997502,7.006444514772418e-06,0.6656180232704154
plot_223,7,0.7197290000084883,6,0.02852444392521151,0.07250327719214661,0.2802709999915117,1.4309937529784917e-09,0.06960569192948389,4.557796591943809e-06,0.5490910277340606
plot_2238,7,0.05707944483245163,1,0.0023239654196928307,0.9429205551675484,0.003576919563268422,9.890808954584095e-09,0.028712182867819756,0.0066609762419510745,0.0158053908489106
plot_2239,7,0.037432724764889146,1,0.0002536533875807956,0.9625672752351109,0.0037052918970573072,0.0,0.015544987766033304,0.014871919292715335,0.0030568724215024197
plot_224,7,0.45064128283584703,6,0.01886453872720286,0.09143679946246563,0.2597293904738298,3.650711031227024e-09,0.08060818091738449,2.3696042532087506e-06,0.549358717164153
plot_2240,7,0.034810898942090225,1,0.0008647243912727048,0.9651891010579098,0.0032329927349763407,9.591149527811656e-07,0.01458068255533649,0.009542849681033697,0.006588690464518224
plot_2241,7,0.06225147500609262,1,0.00015111505646717366,0.9377485249939074,0.006996278304904732,6.236482416509066e-09,0.02578673229215086,0.026904972887193623,0.0024123702288938098
plot_2245,7,0.43072336639599884,6,0.14719978830636588,0.04071970749429605,0.18142626250474386,0.001017680496575074,0.0035894558071578515,0.05677047178686015,0.5692766336040012
plot_2246,7,0.7948151182988894,6,0.20518488170111046,0.11235963595481548,0.06284635558618366,0.005234791538401927,0.0005585422297032355,0.08853053953621225,0.5252852534535729
plot_2247,7,0.3135536874420169,6,0.11115275840004779,0.010640596543966045,0.051822073690170986,1.116160096851352e-06,0.13989663297023325,4.0509677502027734e-05,0.6864463125579832
plot_2248,7,0.9024881371834406,6,0.09751186281655946,0.14384704275688398,0.05631499863072976,2.7013195640972847e-07,0.19292567823211482,3.1155208642805986e-07,0.5093998358796692
plot_225,7,0.5770810377451565,4,0.0035900817641342665,0.2371444859815603,0.039396628741779724,0.0025039391023252153,0.42291896225484354,0.032837055610308245,0.2616088465450488
plot_2258,7,0.0376499055340025,1,0.00020714515261758572,0.9623500944659975,0.0044412037916779085,1.9887495764095865e-08,0.014204498142672165,0.016169594717134365,0.0026274438424047273
plot_2259,7,0.1276968736465399,1,9.292284354899468e-05,0.8723031263534601,0.02372011603174279,8.884690063116971e-09,0.04132261851612277,0.05931678768487371,0.003244419685561525
plot_226,7,0.35226039284342586,1,0.008778887641285966,0.6477396071564668,0.12059201471678144,0.00012786382135869935,0.13109497477019594,0.000997629864319145,0.09066902202959196
plot_2260,7,0.8463695531755207,2,0.1556534899315414,0.17834326465220746,0.22516971838153355,1.0130479370602868e-07,0.2186234076327584,0.15363044682447932,0.06857957127268619
plot_2261,7,0.546054059759773,6,0.16833843266962728,0.031286376684660056,0.10748849712171987,3.6631055828007224e-05,0.23867241691402405,0.00023170531391367155,0.45394594024022716
plot_2266,7,0.4590420572786022,6,0.03288499251606586,0.17500984921391435,0.09145350956496939,2.0287667329899228e-07,0.159693503106978,1.3120305756598895e-15,0.5409579427213979
plot_2267,7,0.372771628288447,6,0.019634182472909156,0.10899409776162597,0.10966448265791996,1.4861118674342998e-07,0.13447871662454916,1.6025596506653972e-10,0.627228371711553
plot_2269,7,0.297196063234492,1,0.11898195765609754,0.7028039367653867,0.005396966989114954,0.0017934683088036436,0.1591837414571347,0.011839928823462523,7.350772321192549e-86
plot_227,7,0.31824765613077455,1,0.0039091143770444425,0.6817523438692255,0.08706380164389088,5.22388090299767e-05,0.14811974698048758,0.002709737899025196,0.0763930164212965
plot_2270,7,0.26372231789202016,1,0.09751330212618481,0.7362776821079798,0.0028273514308048736,0.002821041313461284,0.14368371615529205,0.016876906866277134,6.718224088184782e-86
plot_2271,7,0.2091606119597946,1,0.06676849629143951,0.7908393880402055,0.002628108260191146,0.003430886331055954,0.11799285888026614,0.018340258330998924,3.86584300898739e-09
plot_2272,7,0.17764238148303452,1,0.03545544606189304,0.8223576185169654,0.002510164931487553,0.008046390868055139,0.10151778894675101,0.030112574841835014,1.583301273697327e-08
plot_2273,7,0.22732086671185686,1,0.04389812112920905,0.7726791332878644,0.003194334823389154,0.03311910697399775,0.06631579175180749,0.08079348925143821,2.2782293765116645e-08
plot_2274,7,0.8796126716947006,1,0.09235490636031078,0.668064929430568,0.0017923206994986422,0.06519471729820256,0.05220578852376348,0.12038732830527107,9.382385506730323e-09
plot_2275,7,0.8720013682643751,1,0.12799863173562392,0.6185046184757107,0.0014588949312372076,0.08711740307684875,0.04825580950868483,0.11666463526882193,7.003072637444793e-09
plot_2276,7,0.14824430923587315,1,0.02988480367067783,0.8517556907641269,0.024824972553697918,0.0,0.08611886992705835,1.313440366900026e-08,0.007415649950035457
plot_2277,7,0.10995691452419702,1,0.018039349036864483,0.890043085475803,0.01430926313245977,0.0,0.07280787166300016,5.2669160107624355e-08,0.004800378022712496
plot_2278,7,0.8781494907946942,1,0.01636900280246836,0.6310096501748356,0.049974435405820965,0.12185050920530585,0.012801452803805046,0.0027209226325808013,0.1652740269751835
plot_2279,7,0.38607104494556427,6,0.010530474459115296,0.08704194747116484,0.14839873622303223,2.6070193718541874e-08,0.14009983451497363,2.6207084593608334e-08,0.6139289550544358
plot_228,7,0.29597549359051767,1,0.002315042263590357,0.7040245064094823,0.052060899654115346,9.537110814534727e-05,0.15624399968958924,0.004365511556479584,0.08089466931859778
plot_2280,7,0.28955382829974163,1,0.008263009747342717,0.7104461716953833,0.07807666955198203,0.0,0.18526527410969312,0.008612698197805203,0.009336176697793654
plot_229,7,0.8156302979678923,6,0.1843697020321076,0.04601364481915054,0.22400309234949511,0.05229236379592728,0.11210392258381269,9.382850132380588e-07,0.3812163361344935
plot_2293,7,0.6258771477970393,6,0.17852010689239678,0.016898677963432307,0.3741228522029607,0.0003886517714163536,0.04811308331701324,0.0024860485264930707,0.3794705793262876
plot_2294,7,0.48161801917237623,6,0.10006029203407188,0.22180560171877917,0.0945382286731537,0.03707850304743517,0.023824438076556837,0.004310955622379501,0.5183819808276237
plot_2295,7,0.6581909509072577,1,0.03329661108250398,0.34180904909274235,0.04971328862260792,2.982565248116168e-07,0.29435025541152404,0.0003382820500937962,0.2804922154840031
plot_2296,7,0.4777819015877456,6,0.06763043315943185,0.11588736259512787,0.14842063343155687,3.3181427524179096e-07,0.14577632894174675,6.681164560708374e-05,0.5222180984122544
plot_2298,7,0.5910527384259272,6,0.1988986689778565,0.27846470753039365,0.02313016413260313,0.015411087582557742,0.0001792087271391882,0.07496890147537703,0.4089472615740728
plot_230,7,0.5652292915534343,6,0.1384671159473289,0.1621771275091734,0.12862300190167564,0.0002831585185245906,0.13565326223895957,2.562543777219207e-05,0.4347707084465657
plot_2306,7,0.0016060445335974395,0,0.9983939554664025,0.00023591255317597872,0.0,0.0,8.965415396148303e-16,0.000787405994900193,0.0005827259855203376
plot_2307,7,0.015776708542613472,0,0.9842232914573865,0.0027155249493014807,0.0,0.0,2.3508412454549496e-14,0.007951199891913185,0.0051099837013752845
plot_2308,7,0.5977388173228275,4,0.07015380158602535,0.33737082092054715,0.031834181833738415,0.0583285518467197,0.4022611826771725,0.0022503428115788577,0.09780111832421806
plot_2309,7,0.6373224364977254,4,0.039293222728825725,0.36267756350227465,0.04057208748590113,0.06994842389698185,0.389089804554641,0.0005725222071152003,0.09784637562426049
plot_231,7,0.7808459902866802,4,0.1250433775725844,0.10795752413560054,0.2191540097133198,0.0,0.41244429638626406,0.0012560323121990414,0.1341447598800322
plot_2310,7,0.6041728956820408,4,0.0628347842059669,0.34103871478964715,0.03296651929545407,0.05963873771355507,0.3958271043179592,0.002086787954600827,0.10560735172281667
plot_2317,7,0.06858484372648933,1,0.0012837975461906582,0.9314151562735107,0.0026593693102202496,0.0,0.06236994517730571,1.7365207252027955e-07,0.0022715580407002283
plot_2318,7,0.26375305910542307,1,0.00884911952526184,0.736246940894577,0.0228476490990878,0.0,0.21024333198972434,2.5528002804231473e-06,0.021810405691068693
plot_2319,7,0.2143528198699995,1,0.0030958228779744985,0.7856471801300006,0.013903823502855593,0.0,0.1865407237282673,1.7719607336823857e-06,0.010810677800168412
plot_232,7,0.8515118272462153,4,0.14848817275378476,0.04350632899671987,0.2413343179926781,0.0,0.3740983079136724,0.0014565766888399309,0.19111629565430502
plot_2320,7,0.21757452922979414,1,0.00201242981343521,0.7824254707702059,0.013832919793387136,0.0,0.19098626158298354,2.2451254029093707e-06,0.01074067291458537
plot_2321,7,0.7125207933425578,1,0.06434857237325443,0.44087952634484384,0.09744518344431827,0.0,0.2874792066574422,1.1404724956204608e-05,0.10983610645518507
plot_2322,7,0.07890062941934553,1,0.008530807511412166,0.9210993705806545,0.006468929112097666,0.0,0.06037127139763819,1.577352684819871e-07,0.0035294636629290502
plot_2323,7,0.012091325923087754,1,0.011957732041890452,0.9879086732456916,3.913979131903744e-06,6.613051359508898e-09,9.267351116324576e-05,3.695722539916742e-05,4.3383672184691565e-08
plot_2324,7,0.013308657509934435,1,0.013143640160149834,0.9866913424900656,5.0136558318607925e-06,8.517764184589895e-09,0.00011319754807741727,4.673324669642873e-05,6.4381414771122e-08
plot_2326,7,0.023081622215393997,1,0.022680690569302508,0.976918377784606,1.6865039621668934e-05,6.633018937246753e-08,0.0002832794204733152,0.00010056320942054924,1.576463865687877e-07
plot_2329,7,0.8725601847476809,4,0.12743981525231896,0.31113572840492515,0.015106877013240295,0.017262557152542775,0.3851952727811841,0.0032750528098258475,0.1405846965859628
plot_233,7,0.5469039769610858,4,0.11225345266012018,0.03346116331812367,0.1971177495327528,0.0,0.45309602303891416,0.01179660425246684,0.19227500719762233
plot_2330,7,0.6746255116608035,1,0.0797901514548322,0.34190715935647564,0.042148617695411006,0.003917175308649184,0.32537448833919647,0.000925650366520994,0.2059367574789146
plot_2331,7,0.6745312840316547,4,0.08962496363891574,0.3254687159679406,0.04009517417406975,0.010287447057064735,0.35342291779049706,0.00041544985981988855,0.18068533151169222
plot_2335,7,0.8332729314870443,1,0.16672706851295582,0.22117961416413282,0.2095515798512915,4.647910793175968e-08,0.1614461416513794,0.12966403540302623,0.11143151393810638
plot_2336,7,0.819926319388706,1,0.12454969884822964,0.41864127708418114,0.1404423957493984,0.0,0.07264311052907363,0.06364983739816693,0.1800736803909501
plot_234,7,0.8053526392736949,4,0.058065318766757364,0.06958594692874379,0.19464736072630498,0.0,0.42931715901315814,0.0023191016278414646,0.2460651129371943
plot_2341,7,0.14173377773750548,1,0.007803674215083821,0.8582662222619764,0.0030086574983495145,0.0,0.12561583062706932,5.568884842042196e-07,0.0053050585090367915
plot_2342,7,0.11621977089050342,1,0.011376495331678463,0.8837802291094965,0.006740894309402097,0.0,0.09415390166013511,1.737767112045764e-07,0.003948305812576472
plot_2343,7,0.7196068867860237,2,0.18310931240484468,0.05340224599519751,0.2803931132139764,0.00042121009503274707,0.22737328142910246,0.00013241754491268912,0.25516841931693357
plot_2344,7,0.6409672368182844,2,0.1967538639257791,0.09072547283080376,0.35903276318171573,2.4619903717146995e-06,0.09700941636919516,0.00036801235174925025,0.25610800935038536
plot_2347,7,0.5475527598126004,4,0.013559440149519299,0.13689602398643932,0.17608204394003749,0.0001792772149666582,0.45244724018739957,0.01275566697385402,0.20808030754778378
plot_2348,7,0.6101651985140657,1,0.022852291942149466,0.4903484101688598,0.06443873023158038,1.0861746352874674e-09,0.38983480148593436,5.646538938351427e-05,0.03246929969591795
plot_235,7,0.6189514891003582,6,0.046550395290557066,0.06283565583491174,0.13554254432441362,0.0,0.3609866128494229,0.013036280801052968,0.38104851089964176
plot_2359,7,0.47350005771832804,6,0.023655357883252525,0.2812553848392379,0.11741649743914018,0.0007173955189381492,0.050383967717709935,7.145432004935441e-05,0.526499942281672
plot_2360,7,0.4056276007034349,6,0.048198243421618485,0.19738572466846532,0.1261424734419432,9.474417075671396e-05,0.03371277288502093,9.3642115630234e-05,0.5943723992965652
plot_2361,7,0.6776671371172808,6,0.02918827629612126,0.3223328628826705,0.12397875189974014,0.000572608041335851,0.06434314680261953,0.0005425623219221205,0.4590417917555906
plot_2362,7,0.3691390714065559,1,0.07532884009553432,0.6308609285934441,0.08363169338530868,0.0,0.17268160663069942,3.8309716274258236e-07,0.03749654819785069
plot_2363,7,0.4054407866367257,1,0.08036097770274525,0.5945592133632742,0.09265681633590879,0.0,0.18902614323841616,4.7289218963259903e-07,0.04339637646746588
plot_240,7,0.6103738424212456,0,0.3896261575787544,0.08117741809137648,0.16606996187377637,0.00663938506198007,0.10948313717676028,2.3452421137679842e-06,0.24700159497523871
plot_241,7,0.6041651730342832,0,0.39583482696571476,0.07890491251400022,0.15452131702577832,0.007054684968816824,0.11409301218812992,8.23258514577029e-06,0.24958301375241432
plot_242,7,0.8003246304464764,0,0.2519159848698114,0.20173252583951,0.19967536955352344,0.01687146793114798,0.14565275557580723,8.167271768317649e-07,0.18415107950302306
plot_243,7,0.6566012443615146,6,0.11890764603706812,0.09040927113166126,0.21777968614939086,0.0829371942584638,0.14656694290473823,5.038801922965588e-07,0.3433987556384855
plot_244,7,0.5323871050606723,6,0.030130842153041994,0.19096788069121898,0.14009401871214688,3.6624826719119625e-07,0.17118459183748538,9.405418511960046e-06,0.4676128949393277
plot_245,7,0.8305662908321491,6,0.16943370916785092,0.05396596840483809,0.10516518438350533,3.0410737833293803e-05,0.016984340700737482,1.3481141622564286e-07,0.6544202517938187
plot_246,7,0.4832782696201643,1,0.02586705879701825,0.5167217303794519,0.11654110159864248,0.0023877855587688293,0.044617545556811654,1.4535839765869705e-08,0.2938647635734671
plot_247,7,0.5758251850441247,6,0.08986087217652126,0.01294912111966807,0.1981739136489513,0.016772492279470235,0.2580264879985558,4.229782095811422e-05,0.42417481495587533
plot_248,7,0.8701347915312345,1,0.0575357208875189,0.42117811024484497,0.14267628401458674,0.014703652625853804,0.1298652084687655,3.962298436211805e-07,0.2340406275285864
plot_249,7,0.4942874472530828,6,0.02613078854908337,0.09449944386873899,0.09682831364751071,0.0,0.27424172006909364,0.0025871811186560065,0.5057125527469172
plot_250,7,0.5972671833969743,6,0.11502546842832467,0.02729939792868729,0.2683891081690799,0.0412697912269197,0.14527455189957725,8.865744385454387e-06,0.40273281660302584
plot_2509,7,0.7613765688340165,2,0.10771222128850376,0.2522337231671028,0.2640208847945492,3.648612711920769e-09,0.23862343116598345,1.595115955782682e-08,0.1374097199840885
plot_251,7,0.694284036694919,6,0.11040868140625779,0.028032671356511475,0.30571596330508094,0.03162327094504039,0.13359000890027928,2.0877532656026244e-05,0.3906085265541742
plot_2510,7,0.8770231252696993,2,0.12297687473030085,0.23433487175002168,0.2619475134277397,0.0,0.25219584854504457,4.1525314869983974e-07,0.1285444762937446
plot_252,7,0.6318344302775356,6,0.2770267008398042,0.03694116986126356,0.20544557473328787,0.028388244374332856,0.08403167794581161,1.0625230356406036e-06,0.36816556972246434
plot_253,7,0.7276527105500996,6,0.1573822072020088,0.2552355897382538,0.1787350266466485,0.0002909821617629145,0.13590961356150869,9.929123991694953e-05,0.2723472894499004
plot_254,7,0.5711135658492876,1,0.06985186833809712,0.4288864341505929,0.0871290941855451,0.06318062045534803,0.2194525128846647,5.586835412190864e-08,0.13149941411739796
plot_2543,7,0.7079234055615391,1,0.10029267818177637,0.29207659443819634,0.23459906180005535,2.947911601759776e-08,0.23575290321700526,4.783080608787515e-09,0.13727872810077013
plot_2546,7,0.8944339865803417,6,0.10556601341965846,0.12933907580498025,0.1358063362740462,0.00038890316555074213,0.140065599811817,6.602345551931818e-17,0.4888340715239474
plot_255,7,0.6282825212776215,1,0.08708118182733927,0.37171747872237837,0.10579860127702498,0.06350292480007615,0.22658289992209957,8.636465462322001e-08,0.14531682708642693
plot_2598,7,0.551365195687343,1,0.05770838069286163,0.44863480429936153,0.04773295934856071,2.4454477315092857e-06,0.3419372763780115,8.227784003312305e-17,0.10398413383347305
plot_2714,7,0.566268501978355,1,0.05728942503613449,0.4337314980215603,0.07721423555366397,1.7616853551972083e-06,0.3114831817219351,7.897535258723281e-17,0.1202798979813509
plot_274,7,0.020856186876990195,1,0.0011034651300373644,0.9791438131228828,0.0002551537757569,0.011100708736411486,0.008029921927322022,0.0001333574751106198,0.00023357983247885593
plot_275,7,0.06445062142892648,1,0.005481688178605604,0.9355493785708965,0.0009542753011780175,0.03569744334284422,0.020568390965666452,0.0001086289534085142,0.0016401946874008886
plot_2759,7,0.5931544778296302,4,0.0017182838214728862,0.1944111800785379,0.04737722979918607,0.01025338489595151,0.4068455221703699,0.32423205923305687,0.015162340001425042
plot_276,7,0.01831579124561128,1,0.0021629337494108994,0.9816842087542695,0.0003277163959952666,0.008789349173600716,0.004372962406749356,0.0022609714564355227,0.0004018580635386258
plot_2760,7,0.587520726000455,4,0.0011272563789536483,0.22678776500144135,0.047936921872500315,0.005484821680611481,0.4124792739995449,0.29718829332109953,0.008995667745848765
plot_2761,7,0.5122190697068635,1,0.002635476332139972,0.48778093029182285,0.07290411921056208,0.010632093353805034,0.34708462801034745,0.07262303493424611,0.006339717867076492
plot_277,7,0.03503435663468235,1,8.242951855667638e-05,0.9649656433652235,0.0020133631784032572,0.007080562108297185,0.024706433390865656,0.00044134645958545065,0.0007102219790681815
plot_278,7,0.7216205415618309,6,0.2783794584381692,0.09218154637844161,0.07575651130244943,0.018910549066820347,0.028280617906511575,0.0014122828666769285,0.5050790340409309
plot_2789,7,0.6416246120736699,4,0.001546118014843099,0.13188166576959232,0.06888280344909394,0.002803560930297916,0.4215763867320934,0.35837538792633017,0.014934077177749215
plot_279,7,0.3334772902063413,6,0.06949856370881533,0.07648249846783725,0.12414046655674683,0.00028343138184184954,0.05287180390796668,0.010200526183133381,0.6665227097936587
plot_280,7,0.8276336592544791,0,0.3085881234646252,0.0011140772887978845,0.2018606799986421,0.022387957541242988,0.008980943309123994,0.17236634074552096,0.2847018776520469
plot_281,7,0.6587150282980976,6,0.3412849717019024,0.007135629371147459,0.16384167977759445,0.01033627080611188,0.03907356836984463,0.07872239962831698,0.3596054803450822
plot_2813,7,0.5660288310338579,5,0.01299900639067617,0.13378944392060804,0.09431455435849105,0.0012636989263747566,0.3195560481550528,0.43397116255214463,0.004106085696652608
plot_2816,7,0.5513089363353405,5,0.008050769198144054,0.1218350487901065,0.07878299855642086,0.00149102593661008,0.3370935728647524,0.44869106366465955,0.0040555209893064536
plot_2846,7,0.3748994329829315,4,0.006134528546334656,0.16009192962659416,0.18318125237305274,0.0,0.6251005670170685,0.0008966770277596181,0.024595045409190282
plot_2847,7,0.3887730422428257,4,0.08736855596051464,0.011227329417996913,0.07460347237594897,7.170001331360138e-08,0.6112269577571743,0.21556576432663388,7.848461717920716e-06
plot_2848,7,0.8325712872196515,2,0.3530400842826359,0.00078520098430187,0.4027512244060455,0.0,0.0727799250547351,0.1674287127803486,0.003214852491933154
plot_2849,7,0.4461841398661849,4,0.0006720698807009466,0.21967007063757335,0.22044422375498485,0.0,0.5538158601338151,0.0011944046455768477,0.004203370947348925
plot_2850,7,0.35635913109983963,6,0.18165538969911946,0.0010762645382598635,0.006290816518863881,0.0,0.16729749274740294,3.91675961934714e-05,0.6436408689001604
plot_2851,7,0.587184181597106,6,0.3526771341607375,0.004122879915706017,0.00969678059310994,3.7998954938917546e-08,0.22063045681753224,5.689211106526061e-05,0.41281581840289416
plot_2852,7,0.2905319770702923,4,0.023919813558410472,0.018708747195249044,0.14483915058442964,0.0,0.7094680229297077,0.10305299581881158,1.1269913391671873e-05
plot_2853,7,0.31234078246745794,4,0.006975560924864452,0.02295044786916346,0.24046832655660236,0.0,0.6876592175325421,0.04191314335714394,3.330375968381604e-05
plot_2854,7,0.8044955614384837,4,0.0010629767333982434,0.19550443839707443,0.24132363564457532,0.0,0.5539211851639722,0.004148718422540082,0.004039045638439766
plot_2855,7,0.3493994383573438,4,0.1030650605690174,0.029613779735518042,0.03052717799715768,6.219459136016598e-10,0.6506005616426562,1.50771314082333e-05,0.18617834230229652
plot_2856,7,0.36484274156166063,6,0.1945040902843002,0.0009949983680156895,0.005723116808817362,0.0,0.16358392570599506,3.66103945323551e-05,0.6351572584383394
plot_2857,7,0.36982871057947486,6,0.204336031748995,0.0029250692689003948,0.01455986730841392,0.0,0.14787897738097272,0.00012876487219283663,0.6301712894205251
plot_2858,7,0.8084001313549228,6,0.15290009382002018,0.0005439311618936837,0.0038522509838857565,0.0,0.1915998686450772,1.5249281493461012e-05,0.6510886061076298
plot_2859,7,0.27940112431624037,4,0.041820490096380884,0.06240937222728742,0.06671942549275152,0.0,0.7205988756837597,9.313249633617737e-05,0.1083587040034844
plot_290,7,0.8036976889242102,2,0.1963023110757899,0.19115471521822905,0.4311407791429628,4.310181282028137e-07,0.06101516341091767,0.00039870638210625243,0.11998789375186611
plot_291,7,0.07210142656926885,1,0.00011223195864269236,0.9278985734293939,0.005154722956415338,0.012622808657658042,0.050851640054779115,0.0006078946965960897,0.0027521282465147456
plot_292,7,0.08596400533718562,1,0.021466743505125813,0.9140359946628144,0.0010018358714249092,0.009641453469078812,0.04467428254690784,0.00406578018807225,0.00511390975657601
plot_2929,7,0.6237902415351342,2,0.15674726647399514,0.1321234236987868,0.3762097584648659,0.0010121933350047275,0.17369385685155395,0.04144861014617728,0.11876489102961628
plot_295,7,0.7497310394341832,6,0.27858434589278425,0.001486141104461346,0.2502689605658171,0.009627591743105795,0.016038214471137197,0.11444018987280925,0.32955455634988523
plot_296,7,0.7497296528244709,6,0.27746880664652535,0.0015025723415294206,0.2502703471755292,0.009505106311350417,0.01647205784361167,0.11335116706170659,0.33142994261974734
plot_297,7,0.46393168904127097,1,0.0003743693533808956,0.5360683109587291,0.0673393898454221,0.0,0.2220524466528088,5.226619521656321e-06,0.1741602565701376
plot_298,7,0.4293809042898489,4,1.4750058681714045e-05,0.31164922793764227,0.013560795606904538,0.0,0.5706190957101511,2.364454383682676e-05,0.10413248614278353
plot_3011,7,0.307497334341631,1,0.014709701440521503,0.6925026656582192,0.12914769585362063,0.009853529863018465,0.12505542688097418,0.003531982155234679,0.02519899814841141
plot_3012,7,0.6882568614510148,2,0.13108150500527635,0.2528928601417006,0.31174313854898533,0.0008371702822244543,0.1484293682775319,0.01173490957450667,0.14328104816977483
plot_3013,7,0.5129458412902345,1,0.05051179242334296,0.48705415870968916,0.21382946855356172,0.00284166168949098,0.1439682383913417,0.004247996436147811,0.09754668379642571
plot_3017,7,0.843131612888341,1,0.053938862501946114,0.4797452479221198,0.2334849786469681,0.0037127835737937546,0.15686838711165899,0.007843224398747631,0.06440651584476562
plot_3018,7,0.6250175777959633,2,0.1212526563181237,0.24158247591729462,0.3749824222040368,0.003520862326353852,0.14808187072645906,0.025294477091519895,0.08528523541621205
plot_3019,7,0.30849471270250894,1,0.014670140038691524,0.6915052872974911,0.13002115781235543,0.010106663081552896,0.1247157849043094,0.003628944264293937,0.025352022601305705
plot_3020,7,0.4765553808827964,1,0.03374893180242651,0.5234446191172036,0.2365965129560484,0.01062219262412408,0.13279749943260127,0.011928461631520573,0.05086178243607549
plot_3088,7,0.6726300360366598,2,0.025696323583560277,0.26575821767547103,0.32736996396334017,0.0010286167237565445,0.19664677440155984,7.340262787676687e-06,0.18349276338952444
plot_3089,7,0.5909552680974445,1,0.026748016061005124,0.40904473190134605,0.2514941767557262,0.0006555632333157326,0.1944433951597273,1.8373825590084495e-05,0.11759574306328943
plot_3090,7,0.5300996476369205,1,0.01215722117632283,0.4699003523628885,0.2071443486558403,0.0033993635661973146,0.23611208971721592,0.0002956270998208281,0.0709909974217143
plot_3121,7,0.682824096138285,2,0.02083394751173058,0.3103570795225118,0.31717590386171496,0.0007885565017174442,0.1968732488296267,9.550960395695325e-06,0.15396171281230275
plot_3144,7,0.7111276419682198,2,0.008927305689154163,0.12829565985102004,0.32454189402213274,0.0,0.2493627824059128,7.21526777578694e-17,0.2888723580317802
plot_3147,7,0.20155930570928443,1,0.0003071274669876735,0.7984406942872917,0.0007333550595512912,1.0347699509783238e-08,0.15978750476697842,0.035607503488083385,0.005123804583408017
plot_3148,7,0.7949641626864627,1,0.11043745196218382,0.30025457401390027,0.20503583731353722,0.0,0.2609656392555562,8.925826079391939e-16,0.12330649745482158
plot_3150,7,0.14179706660178823,1,5.792682112182019e-07,0.8582029333981709,2.7536166936911e-06,0.0,0.004062851678114251,0.13771839731990163,1.2484718908320182e-05
plot_3151,7,0.8377645254188526,1,0.1651151778616189,0.4076337873702786,0.11228021025759598,0.0,0.15273503942749733,3.1050186179609684e-07,0.16223547458114737
plot_3152,7,0.6910554596259529,2,0.004679740374042784,0.15460791869146884,0.3089445403740471,0.0,0.22798018011314483,3.782281171060571e-17,0.3037876204472964
plot_3153,7,0.20560402155967122,1,0.000705226691082531,0.7943959784357512,0.002842441697193637,2.449803028310285e-07,0.17431817230392757,0.017014303234284454,0.010723632657457852
plot_3154,7,0.8318335412673799,1,0.0007899006619191712,0.559177780325939,0.012020569022901106,4.521871169755204e-09,0.1681664587326202,6.10975696675617e-06,0.25983917697778247
plot_3155,7,0.31391485036472716,1,0.01116618432175425,0.6860851496350879,0.004246682782682868,0.0,0.22101577983694276,0.0019782778956067893,0.07550792552792543
plot_3156,7,0.7739296715068236,1,0.004793694199142572,0.578774896546586,0.010117349858489395,0.0,0.18023368173126397,1.0049171341729236e-05,0.22607032849317638
plot_3157,7,0.402479910235877,1,0.005018023695644013,0.597520089764123,0.009284829063730031,0.0,0.18524699710620887,8.91691169530235e-05,0.202840891253341
plot_3158,7,0.7064546088814572,1,0.08738670409587898,0.3067746116949459,0.19473067328246713,0.0,0.29354539111854294,7.023810225927183e-08,0.1175625495700629
plot_3160,7,0.11461042820120829,1,6.385382378279959e-06,0.885389571798764,2.4318216646912375e-05,0.0,0.003720757143085998,0.11079561664151091,6.33508176139799e-05
plot_3161,7,0.0885425553046722,1,8.22880291019425e-06,0.9114574446952692,3.168742392748397e-05,0.0,0.0019022072525581154,0.08651339075822848,8.704106710660811e-05
plot_3163,7,0.7153213851223839,1,0.08300362807240813,0.3757601898264613,0.1474184346277917,0.0,0.2846786148776161,2.5770439996445745e-07,0.10913887489132276
plot_3164,7,0.6573367997692559,1,0.00019479292988467057,0.3840503068249657,0.11057775248769137,0.0,0.16251386982562646,7.770108778861634e-08,0.3426632002307441
plot_3166,7,0.7059558757537913,1,0.006005308489479619,0.3158257263074247,0.2940441242462088,0.0003028224594821441,0.22028987037407938,1.2866128136549169e-05,0.1635192819951889
plot_3167,7,0.5907694249457301,1,0.007984661108905914,0.40923057505426974,0.2634701398615637,0.0004801701743259642,0.20231141068376837,2.201581675327119e-05,0.11650102730041281
plot_3168,7,0.8401850283205895,1,5.631028974922737e-07,0.8328590365151713,3.3286931967368343e-06,0.0,0.007302939554023535,0.1598149716794105,1.9160455300263565e-05
plot_3169,7,0.10623545687763665,1,1.4217388494526075e-06,0.8937645431187969,6.208445229317037e-06,0.0,0.0033111419408973003,0.10288935341456779,2.7331341659199643e-05
plot_3171,7,0.7594969006767337,6,0.004596961467342582,0.15816810269137865,0.29260009362051786,0.0,0.2405030993232663,3.715377225697236e-17,0.30413174289749456
plot_3172,7,0.49605168055557164,1,0.04467333289795866,0.5039483194443434,0.07614023971276686,0.0,0.25052040525332453,8.236515586834706e-06,0.12470946617601995
plot_3173,7,0.6498194756976372,1,0.1266258636071161,0.35018052430165925,0.16103956380002069,0.0,0.24489935959211404,6.755121054392475e-08,0.11725462114787943
plot_3174,7,0.3775664149708872,1,0.07318013444727138,0.6224335850139291,0.03619559685734111,0.0,0.1644059099492571,0.00015789206706441175,0.103626881665137
plot_3177,7,0.17722224762838854,1,1.1007175213912711e-05,0.822777752371483,4.1445862193588945e-05,0.0,0.03092220425037269,0.14595240293754466,0.00029518740319207817
plot_3178,7,0.48845725852744015,1,0.13231818508579882,0.5115427414689592,0.07412755024206025,0.0,0.1459934662662302,1.0410589085562094e-05,0.136007646347866
plot_3182,7,0.4034050841140542,1,0.0015676932809452284,0.5965949158858246,0.003997566973414758,2.9986131190759947e-09,0.17014661213908513,6.785695385522263e-05,0.22762535176826204
plot_3183,7,0.8381381969486557,1,0.16186180305133635,0.3847753093693196,0.12423633769215135,0.0,0.18455140282965787,1.9463918885286206e-07,0.144574952418346
plot_3187,7,0.42853494071740045,1,0.014657546255521254,0.5714650592825994,0.1959544815915448,0.043331520435115276,0.06692762108183918,0.017762253609395394,0.08990151774398443
plot_3192,7,0.7767335466464313,2,0.22326645335319645,0.11250737630481884,0.2867075880605475,0.00033172127250444624,0.2372734259282835,0.02146950182380756,0.11844393325684158
plot_3199,7,0.8866750697780951,2,0.05943375842084983,0.06417997040878232,0.38676444316709013,0.0030106146614927265,0.12522186103150074,0.11332493022190489,0.24806442208837937
plot_320,7,0.5047587711477455,1,0.0003258216366302714,0.4952412288522545,0.07402559902681366,0.0,0.22416849905583802,3.4521226507216743e-07,0.2062385062161985
plot_321,7,0.4273534760713385,1,9.984826044965176e-05,0.5726465239286616,0.04466088244096615,0.0,0.23516958518201794,1.3044380427489369e-06,0.14742185574986202
plot_323,7,0.40065617758846656,1,8.710549068621756e-06,0.5993438224115335,0.04588652603668717,0.0,0.24041152574636587,0.11404422340632092,0.00030519185002400817
plot_3268,7,0.3627572515719804,4,0.001436248933904529,0.0875071332794464,0.26201284431213195,0.0,0.6372427484280196,0.011667016298632819,0.0001340087478646791
plot_3269,7,0.747212090713543,4,0.008048258133987666,0.08643082020967889,0.25278790928645717,0.0,0.6136110924908788,0.038810553103467864,0.00031136677552983045
plot_3397,7,0.7813775818098158,1,0.016956149557342044,0.3281542468771443,0.28883169711393275,0.0006878120007359741,0.21862241819018427,9.294932560053622e-06,0.14673838132810066
plot_3428,7,0.09702526269039947,1,1.5772020030472372e-06,0.9029747373096005,6.479035014928911e-06,0.0,0.0014178439316730076,0.09557335605177211,2.6006469936420928e-05
plot_3445,7,0.8303638980485785,2,0.04296308095349615,0.2612888258111546,0.3281394628735578,0.15863154416026246,0.16963610195142173,0.02974499279014518,0.009595991459962315
plot_3448,7,0.16364818714900436,1,4.684045371505454e-05,0.8363518128509957,1.8253682282429721e-06,0.15069838154126322,0.0015593627466850516,0.001265917573854226,0.010075859465258569
plot_3449,7,0.25320796076806185,1,0.0002780948998535276,0.7467920392319323,9.829373839913965e-06,0.24452154819976982,0.004264884708484781,0.00019053827271622406,0.003943065313403652
plot_3450,7,0.6626873596617302,1,0.00201764092050322,0.6365605289137727,0.00018775581018056872,0.3373126403382698,0.013055930961776634,3.4218518558796612e-06,0.010862081203641202
plot_3451,7,0.6747806131084712,1,0.0004168907633255396,0.6652895378786022,3.790172960677128e-05,0.32521938689152885,0.00596515538043457,5.369782001570776e-05,0.0030174295364864103
plot_3452,7,0.8573410274636292,1,6.253894560609567e-06,0.8132005651688452,1.902827603885807e-05,0.14265897253637086,0.004526478099864127,0.006851356080812836,0.03273734594350731
plot_3453,7,0.8002832942246692,1,0.0012391836911527516,0.7777948917199008,3.388282648326903e-05,0.1997167057753308,0.010928132081829694,0.0007442741170970593,0.009542929788205473
plot_3457,7,0.12824286558699666,1,1.4681543622678408e-05,0.8717571344130033,6.505265913323651e-07,0.10963649706371185,0.0007900848017068263,0.0009601116800515216,0.016840839971312336
plot_3458,7,0.16202329788317069,1,3.093768518639864e-05,0.8379767021168234,5.568711894482725e-06,0.13802786726949873,0.0020917676684698286,0.002621476662417492,0.019245679885709528
plot_3478,7,0.7744920984026296,5,0.22550790159737052,0.1759909897293846,0.15091672829464192,0.010284666911414584,0.027657218730980822,0.3346170415475647,0.07502545318864295
plot_3479,7,0.6002064988222312,1,0.0,0.46847321118503044,0.04753065058179068,4.2833475135940224e-05,0.39979350117776896,1.9616269165971727e-08,0.0841597839640049
plot_3480,7,0.32986931501011946,1,8.185902117132229e-07,0.6701306849898805,0.03491797712712305,0.0022880317663769886,0.22715655068524065,1.1744073464735523e-08,0.06550592509709345
plot_3484,7,0.07368049348813517,1,0.006509054173551973,0.9263195065118649,0.007902907762010879,0.001275344658594937,0.05498724944446116,9.90245272182112e-10,0.0030059364592710113
plot_3485,7,0.10233909105578554,1,0.016785048569232613,0.8976609089279277,0.020801359702633148,0.0052848187085866374,0.048671143886181684,3.1204270353575247e-09,0.01079671708501117
plot_3487,7,0.4121673372525049,1,2.037316046323464e-08,0.587832662747495,0.0748171610428636,0.0005717677566539853,0.2566750435201081,1.1840858748214306e-08,0.08010333271886
plot_3491,7,0.10448984616133522,5,0.08906687634909868,0.0,0.0014930751820367923,0.002593977977249131,0.011332044591877822,0.8955101538386648,3.872061072816535e-06
plot_3505,7,0.7734270163182296,1,0.0029960348262857554,0.7331882751628243,0.001009085374498925,3.886902712865143e-09,0.2265729836817703,0.008045080624507678,0.028188536443210257
plot_3506,7,0.6898480261224156,2,0.029858982991464503,0.1634139584803939,0.31015197387758436,0.0,0.26742749433311414,2.413276339422896e-16,0.22914759031744295
plot_3508,7,0.6822560424347663,6,0.0007338671846447238,0.31774395756523377,0.16425023464613558,0.0,0.17716475224794173,5.930111792695216e-18,0.3401071883560442
plot_3510,7,0.23606169318978704,1,0.0037454898926084384,0.7639383068096882,0.03784280917403438,0.049836323202145184,0.1242472311922574,1.394646476577228e-07,0.02038970026461887
plot_3637,7,0.1476325705043109,5,0.11848517700724562,0.0,0.0021957353170839414,0.004587225310505774,0.0223383653263586,0.8523674294956891,2.6067543116943637e-05
plot_365,7,0.8070744578772889,2,0.18335412660777095,0.19292554212271104,0.42429975419986055,6.900812927989545e-07,0.07031999168653207,0.0005081386239149965,0.12859175667791772
plot_366,7,0.5544260269584145,2,0.16932633209932532,0.1564986047781752,0.4455739730415856,8.702981585325824e-06,0.05684922264490667,0.0023657105872699085,0.1693774538671521
plot_3673,7,0.24826790416610994,5,0.15791116951259904,0.0,0.003953645447238048,0.013283456814746884,0.07283189508633357,0.75173209583389,0.0002877373051922996
plot_3677,7,0.20889427211143533,5,0.15166275029751364,0.0,0.005735469086700372,0.009684402339801886,0.04177377351814052,0.7911057278885647,3.787686927898652e-05
plot_3686,7,0.7380018559264248,1,2.946481196872964e-05,0.6575708278293498,0.07145861787335113,0.0031861005010571358,0.26199814407357525,0.0007600782677348924,0.004996766642962967
plot_3687,7,0.330725301298365,1,0.00011263700992865803,0.6692746987016349,0.0905016518526405,0.007329746070968892,0.2216935032330844,0.0019087867649157089,0.009178976366826875
plot_371,7,0.5464332167557444,6,0.0560678092537721,0.17890882972425265,0.10612421519586918,3.097147160568949e-07,0.20519332505103627,0.00013872781609822275,0.4535667832442556
plot_3715,7,0.7903867973701706,1,2.8519398254995794e-05,0.7671201674884235,0.001111970622197841,0.006896227859592594,0.20961320262982944,0.0148674552921044,0.0003624567095973407
plot_372,7,0.6886579885726201,4,0.18184546978446514,0.09425090784600171,0.2168740803661004,0.0008419757860382467,0.3113420114273799,4.0597348679338065e-05,0.1948049574413353
plot_373,7,0.7123192116438504,1,0.2876807883561497,0.44619848124461425,7.545933169668578e-05,0.0,0.2611524889434949,4.783312259155194e-07,0.004892303792818579
plot_3733,7,0.39884185312114384,1,1.575139862150508e-08,0.6011581468788562,0.05422564462880975,0.0003872160109670218,0.2795343474978824,7.050388421176614e-09,0.06469462218169764
plot_3734,7,0.16927712024166364,1,1.8951765779610955e-08,0.8307228797583358,0.004095511797851076,0.004995399564416758,0.10696824889837504,0.053198881123014775,1.9059906240817298e-05
plot_3735,7,0.29766654091540645,1,4.192831709777518e-09,0.7023334590845935,0.007833861553114382,0.0007685192547211572,0.19419548055139818,0.09486784170730997,8.33656030960965e-07
plot_3736,7,0.2676879391010175,1,4.7010312100595165e-09,0.7323120608989825,0.007251177734301503,0.0011384308491793572,0.17399415041860153,0.08530276287814877,1.4125197551881229e-06
plot_3739,7,0.42699433497454997,1,9.182164571462221e-09,0.5730056650251516,0.02025558542605033,0.00021753686748476837,0.35587860910914554,1.6279307685021773e-10,0.050642594227210215
plot_374,7,0.7259849774330187,1,0.30100995541330094,0.4209965027312048,4.9978222182492654e-05,0.0,0.27401502256698135,2.896851949878472e-07,0.0039282513811356315
plot_3740,7,0.5756740959027365,1,2.1100625463941575e-08,0.49670999769683843,0.010777112374981643,0.00022902450823624886,0.42432590409726345,1.9008165121591195e-22,0.06795794022205469
plot_3741,7,0.36367952652969865,1,5.672713020214362e-07,0.6363204734703014,0.046506877610511824,0.00176181850023829,0.24346799620706439,8.55143785109121e-09,0.07194225838914421
plot_3742,7,0.552942015598916,1,5.736481619836369e-09,0.4848049268955331,0.007512956897632511,5.160294065617723e-05,0.447057984401084,8.339637875000943e-23,0.06057252312861261
plot_3749,7,0.4805148381509743,1,0.0,0.5194851618487775,0.015723448602648824,3.4830235418122886e-05,0.4101666174140447,3.415970622676915e-10,0.05458994155751382
plot_375,7,0.6266426168477014,6,0.04420503369882317,0.06315872499177577,0.18812202552449464,0.001956918421042774,0.28692251020664666,0.04227740400491838,0.3733573831522986
plot_3752,7,0.17951105416033042,1,0.00011775632167991564,0.8204889458396609,2.778360195204823e-06,0.17072266345544693,0.002252273737431046,0.00047360005826764247,0.005941982227318261
plot_3753,7,0.083453538971285,1,8.219881119803967e-08,0.9165464610287133,2.1585202328201394e-05,0.0757351723222018,0.0046278627752242155,0.0009856998402435117,0.002083136632477704
plot_3754,7,0.36833119084746385,1,6.364744700800305e-09,0.6316688091525361,0.011287065015377235,0.00032987752742269527,0.23866735789563975,0.11804682368707195,6.035720740761875e-08
plot_376,7,0.06456479748005561,1,0.005736825141628817,0.9354352025199444,0.0028335441465209537,0.019819270392446423,0.026172820224443536,0.0007520095240702313,0.009250328050945642
plot_3760,7,0.10522526366977147,1,3.755808218724279e-08,0.8947747363302285,0.001427449485220483,0.00698080447125617,0.06683624827045637,0.029952014182358676,2.870970239757277e-05
plot_3761,7,0.0686190863681408,1,4.15131894807582e-08,0.9313809136318586,0.0004704311260326546,0.031121678047591552,0.025858330819055406,0.010779356055952698,0.0003892488063195979
plot_3762,7,0.16227820893986084,1,4.241130743592653e-05,0.8377217910601318,7.138371567371166e-06,0.14096879907770885,0.0025658647205676326,0.0029601283275851034,0.0157338671350034
plot_3763,7,0.2785902264876492,1,0.0024994133798573468,0.7214097735123445,9.029873299215579e-05,0.24585599641835684,0.02041306673548389,3.643392920048981e-05,0.009695017291764713
plot_3764,7,0.2450721184965186,1,0.0019182134186874326,0.7549278815034797,0.0001405884611636538,0.21650203773295057,0.016295405024520572,1.4162188728288928e-06,0.010214457640325358
plot_3765,7,0.8062751170066534,1,0.0028113953862761447,0.7681945712777294,0.00016192538237354143,0.1937248829933465,0.02256474260999561,1.4611449018334332e-06,0.01254102120537683
plot_377,7,0.14815828692087346,1,0.041163754500233206,0.8518417130790055,0.0017570324345389222,0.0010699593854446904,0.007915599779181673,0.0947872920373602,0.0014646487842357042
plot_378,7,0.9059860602537108,4,0.09401393974628934,0.11467346272822625,0.05385369208482225,0.08761478822425031,0.5602459750081348,1.136601590747553e-09,0.08959814107167549
plot_379,7,0.4938796552703954,4,0.0750896612895596,0.2135660328662252,0.025365582110216462,0.11357097330581467,0.5061203447296047,1.215130808010987e-09,0.06628740448344872
plot_380,7,0.5445971489326131,4,0.043994414682609,0.16976569705468403,0.12345091966359692,0.035500386921157284,0.4554028510673869,6.03535023326348e-08,0.17188567025706358
plot_381,7,0.7955180943126454,4,0.027056055906970806,0.10708026645138882,0.2573469728103279,0.01065252496022694,0.39338195881761917,3.153661116467716e-07,0.20448190568735464
plot_382,7,0.6406919446321178,4,0.02236131249374016,0.30895363538083875,0.1454722679804459,0.033368114946386994,0.35930805536788224,9.578386008939985e-09,0.1305366042523199
plot_389,7,0.7215135406061312,2,0.047492757247519814,0.2784864593678352,0.3351332574790873,0.0412270610819225,0.13534460088889758,0.0008033352679095459,0.1615125286668279
plot_390,7,0.6092372657730465,2,0.04814769164559793,0.3059585735148523,0.3907627342269534,0.017051791529156774,0.1128386978448048,6.925926133890516e-05,0.12517125197729573
plot_394,7,0.4786741405834878,1,0.000444572481753853,0.5213258594165122,0.07181740099764458,0.0,0.23068628401130686,6.660864775523194e-06,0.17571922222800693
plot_400,7,0.5073643406026311,1,0.05735523102466121,0.49263565939707665,0.016579366253576266,0.15967573359071013,0.21910739427876874,2.6638279442194746e-07,0.05464634907241263
plot_401,7,0.2998720835812835,1,0.011762080382820797,0.7001279164182205,0.006760539102144698,0.1264155356044702,0.1420555857147686,3.15369313083939e-06,0.012875189084444388
plot_402,7,0.2653140516192433,1,0.007501331581855664,0.7346859483802655,0.015916108392017805,0.0801701126889163,0.1431475476386888,1.3089321500696573e-07,0.018578820425041
plot_404,7,0.739093064889782,1,0.05502516366625369,0.4572381632263411,0.010025647150618147,0.011842076520103535,0.17159895952294021,0.03336305480352538,0.26090693511021806
plot_405,7,0.48691183327142556,6,0.05596028830053741,5.9317844151054154e-05,0.03583629467051735,0.35474323628199067,0.0006954146633018124,0.03961728151092733,0.5130881667285745
plot_406,7,0.613151270090921,6,0.03321332975645787,9.691815829199845e-06,0.0214026845036604,0.38684872990907904,0.00019433538840312597,0.02592499389932422,0.5324062347272461
plot_407,7,0.4876991411348712,4,4.0197495076657257e-05,0.3253941021187787,0.026446780256534262,0.0,0.5123008588651289,4.306276929520085e-05,0.13577499849518637
plot_408,7,0.8161211142196768,1,0.0006889336374699737,0.41350679419791336,0.12907326172304465,0.0,0.1838788857803232,4.279908749516644e-06,0.2728478447524993
plot_409,7,0.42651367000963375,4,0.0002052033045632459,0.2456522283324841,0.03441486166582443,0.0,0.573486329990258,0.00034141968269252364,0.14589995702417777
plot_4111,7,0.451829851948723,1,0.012161624489214434,0.5481701480510848,0.07010201949692377,0.04114038105378879,0.25665561435324064,1.3357945752045419e-08,0.07177019919780189
plot_4112,7,0.7638765783547559,1,0.236123421645241,0.5639908042434654,0.0008608534563454933,0.0060933484692848,0.09046049402259247,0.10083164679830105,0.0016394313647699278
plot_4113,7,0.5915028153557281,4,0.00021751247749607122,0.021080276332108305,0.4084971846442719,0.0,0.5651582880050661,7.947948342016119e-18,0.005046738541057723
plot_4114,7,0.4489169906397751,4,3.7176448198329034e-05,0.009534577650976421,0.4378780758477743,0.0,0.5510830093602249,1.5005520341540987e-18,0.0014671606928260807
plot_4115,7,0.8248444719949353,4,0.1751555280050648,0.08105106194984292,0.0792446938505321,2.2924234422693855e-08,0.33383826818202333,1.2558440332537694e-05,0.33069786664796996
plot_4119,7,0.49188424199724223,1,0.022926889898744637,0.5081157580027578,0.10387665681444734,5.446886118305158e-10,0.2079771283649774,3.733529500819321e-16,0.15710356637438389
plot_4120,7,0.5382796736490607,1,0.0232485236709761,0.46172032635093935,0.09809322799571643,1.6041703433550135e-09,0.21185874367523347,2.986921905008613e-16,0.20507917670296416
plot_4121,7,0.6769316960532528,1,0.19233027857379653,0.32306830394652153,0.1136756533504841,1.0108843348695564e-09,0.256453988335834,1.0801862804974741e-08,0.11447176398061665
plot_4124,7,0.6076461361931518,1,0.1687501436132267,0.39235386380677,0.11198733801905376,0.0,0.23430840046250184,8.384714313944111e-09,0.09260024571373317
plot_4125,7,0.720602081505678,6,0.18495425137701185,0.0040522572261221445,0.03851052997505584,5.6549525050328997e-05,0.27939791849432205,0.0030193648725489147,0.49000912852988887
plot_4126,7,0.48957361383307674,6,0.11734936911881769,0.016540096105154483,0.03541850513833205,4.559928254867901e-08,0.32024954316598075,1.605470550932218e-05,0.5104263861669233
plot_4151,7,0.6978362833278408,1,0.3021637166721369,0.5154853205949033,0.028220320760918453,0.0018062048969709403,0.029130816200426006,0.10285472723190756,0.020338893642736795
plot_4165,7,0.4365580317681788,1,0.34922733956092145,0.5634419682318212,0.010168096318057481,0.004484366183313762,0.008540394657219511,0.059222271793103076,0.004915563255563606
plot_4177,7,0.7416803430221957,1,0.2583196569778043,0.5451590564229428,0.0016964007261910765,0.001458061613586948,0.0696563120114766,0.12176766426710031,0.0019428479808980244
plot_4178,7,0.6305642422680965,6,0.10990521810292078,0.011473400782483326,0.022933308576286837,1.8889324220254475e-06,0.3694357577319035,0.00025258232980607714,0.4859978435441774
plot_4181,7,0.698504256148667,4,0.1802518593292699,0.18947550727587908,0.11794342679579407,7.14426922213831e-10,0.30149574385133304,4.824273973785888e-07,0.21083297960589964
plot_4182,7,0.8699459955497024,4,0.16696875886814389,0.17262494151334107,0.13005400445029752,5.108135445382895e-09,0.3001915472545623,2.242692064718456e-07,0.23016051853631336
plot_4183,7,0.5973903429824896,6,0.14134952721858823,0.08077394823033576,0.09886980930069664,1.7618748014575885e-08,0.2763954804769816,1.5601371394939594e-06,0.40260965701751034
plot_4184,7,0.6128626453271668,6,0.11457632687238001,0.020987278791929825,0.029111333713912738,5.707099799485532e-08,0.3871373546728331,2.8632842151700663e-05,0.44815901603579467
plot_4185,7,0.7600187778210183,1,0.04882661191597835,0.37242910336539425,0.0962548189196149,5.782782254255672e-09,0.23998122217898166,2.0399428501395172e-09,0.24250823579730568
plot_4192,7,0.5453486879946647,6,0.06983502776758467,0.1938996399707908,0.0814348612116094,2.909553258325678e-07,0.20017885714963501,1.0939719051835378e-08,0.45465131200533526
plot_4196,7,0.8762910962571715,1,0.033441000871391055,0.4424917446450183,0.12370890374282845,2.369067662322241e-09,0.22353111936218253,4.925703872275572e-16,0.17682722900951162
plot_4197,7,0.4649502404712149,1,0.023032781772882434,0.5350497595287851,0.09984307608913565,1.332421889908017e-10,0.20818582121256982,4.3055369338024447e-16,0.1338885612633844
plot_4198,7,0.435967736430736,1,0.034611719942858464,0.5640322635692013,0.10020979760592857,0.0,0.20467744275356842,1.23989426806442e-15,0.09646877612844187
plot_4199,7,0.468969363754982,1,0.03827525881860632,0.5310306362449394,0.10993470225640185,0.0,0.21665934885982435,1.2265128151650738e-15,0.10410005382022697
plot_421,7,0.1479258821625062,1,8.119084262458807e-05,0.8520741178373857,0.03893760992007869,0.06773157256451472,0.025013804266970127,0.016154768646659597,6.935921766746122e-06
plot_422,7,0.48140963875680326,1,1.0802314592106767e-06,0.5185903612417696,0.22947765999230893,0.005731943019295837,0.0873431068386402,0.15885581588610093,3.279042532935413e-08
plot_4225,7,0.635986398746729,4,0.005726667382253281,0.2649292893040169,0.31919832589469577,0.04574847997340767,0.364013601253271,0.00022542697676973295,0.0001582092155856885
plot_4226,7,0.5043287254202156,4,0.08653779468810913,0.001450779107957102,0.2256278535155905,0.0001455493095884379,0.49567127457978444,8.146294914342304e-05,0.19048528584982682
plot_4227,7,0.42207994521727354,4,0.034035173296750654,0.004128298961266723,0.2967704626157939,0.0014228616581724927,0.5779200547827265,0.0008751344196225086,0.08484801426566736
plot_4228,7,0.7635802054394691,4,0.0701317848676109,0.0011102622920465036,0.23641979456053086,0.0001487972587127763,0.5160613387103392,0.0001902079344746289,0.17593781437628508
plot_4229,7,0.4087929341648262,4,0.00943734711570743,0.004758457648880062,0.35993274592200103,0.0019531622141644557,0.5912070658351738,0.0025253652483962523,0.030185856015676915
plot_4230,7,0.5804881558751278,4,0.007173190103775942,0.004450732129875977,0.4195118441248722,0.0020020972414760323,0.5454288321909883,0.004078978608447413,0.01735432560056416
plot_4235,7,0.4381378569123138,4,0.008884452912639196,0.0015803270659376196,0.3955674921556933,0.0009937342753054796,0.5618621430876862,0.004373572245475931,0.026738278257262146
plot_4236,7,0.7778220058148533,4,0.0777751303397811,0.0035784337841890264,0.20783413104298315,2.67694748330011e-05,0.48848921461738204,0.00011832655568503971,0.2221779941851467
plot_4237,7,0.6049295949456523,2,0.015051800021600526,0.26555271812099224,0.39507040505434754,0.05782557226634201,0.26555629988894375,0.00013046806523595123,0.0008127365825379935
plot_4241,7,0.6870900342647942,1,0.018141799444159667,0.4264611545177629,0.21931949120324962,0.022380230515733554,0.3129099657352057,0.0002636687996987261,0.0005236897841898777
plot_4249,7,0.481889362677417,6,0.42035632587893373,0.0008336044326923339,0.010460417553559646,3.8291907746681595e-08,0.0501617371909909,7.724433772858972e-05,0.5181106323141871
plot_4266,7,0.35037492610498777,4,0.023581243854942806,0.007744871826367917,0.1768556895601507,2.9801663491273653e-05,0.6496250738950122,0.0005131711992262214,0.14165014800080894
plot_4270,7,0.3418652032634161,4,0.01946742446100251,0.006887675565165355,0.1847878587036268,2.7082888631513252e-05,0.6581347967365839,0.0005393213217891297,0.13015584032320077
plot_4271,7,0.439245557007413,4,0.006458755563645522,0.010086267421541254,0.40035066341428094,0.005643917703839956,0.560754442992587,0.004227374914784645,0.012478577989320807
plot_4284,7,0.3453857698661333,2,0.0009951897749548042,0.13581966034895662,0.6546142301338668,0.10449114657733496,0.10276737094118393,2.1168260666372785e-06,0.0013102853976362842
plot_4297,7,0.8694387474985896,2,0.0031098128916896258,0.11953399550971469,0.5967651884154406,0.1305612525014103,0.1487981724944268,7.066816750990248e-06,0.0012245113705670336
plot_43,7,0.2583227649815964,1,2.0963624507295326e-05,0.7416772350182885,0.11733356563474868,0.030686028869995788,0.04405043827707125,0.06623027528216673,1.4932932217247117e-06
plot_4301,7,0.5054887268512892,2,0.007080969549232309,0.09291982048501572,0.4945112731487108,0.12365774441731993,0.2738099469216006,5.508713978996663e-07,0.008019694606722713
plot_4302,7,0.4317706604184304,2,0.0024073460112914186,0.15696986985511402,0.5682293395815696,0.09647407659663139,0.17179371506454538,2.0205552015887127e-06,0.004123632335646588
plot_4326,7,0.7590323002812291,6,0.03532385854751857,0.2354650968040478,0.24096769971877083,0.015746889315065203,0.1289258646280989,1.4595125618728207e-07,0.3435704450352426
plot_4327,7,0.8433079444234206,1,0.05880761463996526,0.39495866000668167,0.15080845137716556,0.024803348343634277,0.15669205557657953,1.3049488759824957e-06,0.2139285651070978
plot_4328,7,0.8993507004923789,1,0.10064929950762137,0.4394349111425728,0.0754752610885884,0.07627814568592818,0.1666347295234577,3.00762066879426e-07,0.14152735228976476
plot_4329,7,0.1523223988028663,1,0.024336154127327585,0.8476776011970488,0.02162567753924386,0.019892931393707576,0.062088780729873935,7.906307249104536e-05,0.024299791940307187
plot_4347,7,0.38482795720633395,2,0.0013060004157309916,0.151805582648882,0.6151720427936661,0.10557110783257803,0.12481283664382467,7.3374404998039926e-06,0.001325092224818468
plot_4358,7,0.27664075623760104,1,0.029019424186231456,0.7233592437623989,0.06150204291953916,0.013400941215563733,0.09557909792472322,1.9720292769481358e-05,0.0771195296987739
plot_4359,7,0.2730325099664765,1,0.04778878224226116,0.7269674900334683,0.03989083099745103,0.03640664080427338,0.09560231568968278,9.22447284365753e-06,0.05333471576001972
plot_44,7,0.08538984698321535,1,0.03826144210722001,0.9146101530165218,0.011444241303565734,1.11882136482337e-06,0.03469815845346554,3.815864400202961e-05,0.0009467276538600043
plot_4452,7,0.5646816003334539,4,0.006977670019704547,0.004811779626617131,0.4353183996665462,0.002214151436444286,0.5333622177550871,0.004699004729628615,0.012616776765972273
plot_4471,7,0.7610150579033468,1,5.681893891750864e-05,0.41027137136067704,0.09499880787810117,1.3602590884128544e-06,0.2317701029534373,0.23898494209665308,0.02391659651312548
plot_4472,7,0.7627229339451638,1,0.0001139732540457544,0.381130447778438,0.20366737131721718,3.6927996859330933e-07,0.1533473376575869,0.23727706605483628,0.02446343465790734
plot_4473,7,0.6809616811507238,2,0.0008066113026332657,0.2796505048761701,0.31903831884927647,3.6551457095346244e-06,0.18102925544787854,0.17431537708266193,0.04515627729567034
plot_4474,7,0.6274289484451623,2,0.020986112493758972,0.13901124741891074,0.3725710515548378,0.00021249351891517362,0.357473420955583,0.01487213428481807,0.09487353977317636
plot_4475,7,0.5873770037375848,1,0.00011943898904902094,0.41262299626241516,0.09193075361032554,1.6348740726911662e-05,0.2913483711886203,0.18177577649731025,0.02218631471155282
plot_4476,7,0.3168506509186643,1,0.15743630486928728,0.6831493490810732,0.0228570533466574,2.1252664291891906e-05,0.13417882425982683,0.0018078441939889784,0.0005493715848745009
plot_4477,7,0.3224368666208875,1,0.12198800270515625,0.6775631333788925,0.0041128862419483395,1.7382269167834764e-05,0.19610378071454743,0.00014380498238089794,7.100970790684757e-05
plot_4482,7,0.5953718869424182,4,0.05342144648205494,0.2665740442068776,0.20739181071032797,0.00026323484310271334,0.40462811305758184,0.004054432372900342,0.06366691832715445
plot_4483,7,0.530352428018956,1,7.227311548776736e-05,0.4696475719808511,0.16701411350397458,1.200162827360644e-07,0.1342216683332519,0.21302101228016387,0.016023240769988133
plot_45,7,0.680056869338058,1,0.009152246013634846,0.6067521621585228,0.319943130661942,0.0008069232458945475,0.03182343001490514,7.880231304296022e-05,0.031443305592057734
plot_4510,7,0.2946763872850745,4,0.017549126612993217,0.005256542032191855,0.16513591387688434,3.648961239523567e-05,0.7053236127149255,0.001096011160299881,0.1056023039903099
plot_4511,7,0.8089573099177143,4,0.04387318926464303,0.01066668964726376,0.18194845050944808,1.382824927649166e-05,0.5722555305926289,0.00019962165445404497,0.19104269008228564
plot_4512,7,0.3998519289654566,4,0.028002387395440066,0.001968808459186563,0.24769935701202356,0.0002981004688793668,0.6001480710345434,0.0015796184054849356,0.1203036572244422
plot_4513,7,0.437180325664947,5,0.11492700463325956,0.27027744549752997,0.00025373993629164264,0.0,0.023171175031255143,0.562819674335053,0.0285509605666108
plot_4514,7,0.5136815665831381,5,0.152990654565315,0.22431972206742684,0.0018270988509198993,0.0,0.053656317927857265,0.4863184334168619,0.0808877731716191
plot_4515,7,0.25930349860692126,1,0.04422693973232927,0.7406965013865364,0.0028405015248601072,0.00044240512182373295,0.2113927649134572,0.00028248246746804834,0.00011840485352528337
plot_4541,7,0.8768970145360391,2,0.00762544119238771,0.12625995921822666,0.3985071067561267,0.00019206041421414115,0.2892850754575832,0.0550273714975007,0.12310298546396095
plot_4552,7,0.5054697390067366,1,0.028849021115020627,0.49453026099326336,0.18675638897929794,0.009675548315129873,0.2779134322276773,0.000251666056965332,0.0020236823126455893
plot_4553,7,0.5074075981033326,1,0.0438933230581314,0.4925924018966674,0.19111804395920917,0.013249183461873459,0.2562044861475,4.3169850807504574e-05,0.0028993916258109927
plot_4554,7,0.5366788376767172,1,0.04483703576725233,0.46332116232328274,0.217077064544692,0.01734284825527124,0.25438533724361195,3.424093324834188e-05,0.0030023109326413723
plot_4555,7,0.692781655067525,1,0.049406645165718285,0.3072183449324751,0.2995287075088394,0.049495658029658454,0.28838966047433134,1.139871087850714e-05,0.005949585178098946
plot_4556,7,0.6596528729836774,2,0.03270014156277092,0.32743870235169314,0.3403471270163228,0.046255307536858296,0.2500446969429345,1.9219771671286224e-05,0.0031948048177489786
plot_4562,7,0.7943269073451701,5,0.20567309265483,0.14076713225829438,0.010564853146834663,0.0,0.09173284010973264,0.38916474137576645,0.16209734045454197
plot_4564,7,0.8374665040863085,1,0.1625334959136914,0.6732349759760178,0.013278495467708814,1.100804194897118e-05,0.1503087816482845,0.0003412725500011839,0.0002919704023473056
plot_4565,7,0.182820436774719,1,0.03918320049953233,0.8171795632219488,0.009354957758070256,0.0007722915770709035,0.13210450793670017,0.0009052324533090888,0.0005002465533684843
plot_4567,7,0.7896239745600466,6,0.1646699820554487,0.19319043577350578,0.03753598445315791,0.0,0.20165559763955837,0.19257197463837586,0.21037602543995348
plot_4568,7,0.4507215132633904,5,0.17666925509554196,0.1495255949005581,0.001910043564131649,0.0,0.03547392810207774,0.5492784867366096,0.08714269160108087
plot_4569,7,0.4451509432267763,5,0.12811138890301804,0.2977325630049858,3.168776338823767e-05,0.0,0.009302367138858524,0.5548490567732237,0.009972936416525703
plot_4573,7,0.6096949170881235,4,0.02859999586081394,0.20030833869258924,0.2770479734133276,0.001995418112913667,0.3903050829118766,0.008574402122125364,0.09316878888635367
plot_4574,7,0.5574893751175732,2,0.003804213441659386,0.10897509144871365,0.4425106248824267,1.3022841636945092e-05,0.30063758793481077,0.04923401820555438,0.09482544124519815
plot_4575,7,0.6739985215664441,1,0.00677010279526916,0.3290192518918657,0.19327037346799086,0.01663263738454966,0.3260014784335558,0.0016317355835767232,0.12667442044319194
plot_4576,7,0.7010118770185969,1,0.07197283779312864,0.29898812298131755,0.09910344542740787,0.08649607533299002,0.23744399622875478,2.3100858871894738e-08,0.20599549913554213
plot_4577,7,0.8770206128315521,4,0.04051215180045369,0.21567648323309574,0.06320019662907847,0.12297938716844789,0.3828351371466725,7.450105944778836e-10,0.17479664327724115
plot_4578,7,0.6831103586892233,6,0.05775094628964587,0.2664863410903447,0.18085083672531904,0.03162274439520765,0.14639942354020302,6.664850317098474e-08,0.31688964131077674
plot_4579,7,0.6389764643367246,6,0.03967650154931511,0.2371387759440909,0.21458209432764286,0.018319154611619412,0.12925986736418557,7.053987079282691e-08,0.3610235356632754
plot_4580,7,0.7704824388015901,6,0.029054856311506366,0.28424555881456404,0.22951756119840988,0.008277655421477747,0.11913061182569995,3.0512421753131992e-06,0.32977070518616663
plot_4592,7,0.6646661563561107,4,0.07169278256091749,0.33533384364371255,0.18404712575988452,0.00047764066082344586,0.3562456162196726,0.0023128501637966984,0.04989014099119269
plot_4593,7,0.5389909270068498,2,0.0030532833606377713,0.1232189724093033,0.4610090729931501,2.0328072211158794e-05,0.2407748459416662,0.07544747742635953,0.0964760197966718
plot_4595,7,0.7731785230109444,1,0.0006084747781434196,0.31094139706325696,0.21435157676442718,7.3622470247624905e-06,0.22682147698905564,0.19664328732396497,0.05062642483412709
plot_46,7,0.06759600647772383,1,0.0003902496775286049,0.9324039935222327,0.00047339900849896206,5.662713980418868e-05,0.06365625652423568,3.68380286679275e-11,0.003019474090861881
plot_462,7,0.574338346143514,6,0.22010143703902518,0.039101110150449515,0.16998803857176503,0.027066668734434068,0.10961411242254768,0.008466979225292486,0.425661653856486
plot_4621,7,0.831970906561721,1,0.13670849854049655,0.6821111594331222,0.011854607216550104,4.003454948060119e-05,0.1680290934382789,0.0009871800319542641,0.0002694267901173867
plot_4622,7,0.5393865693213244,6,0.02186861522661758,0.07413000225348314,0.3000491966722304,0.0,0.1433161705518768,2.258461711644832e-05,0.46061343067867566
plot_4623,7,0.4785034177859976,6,0.018932081592560115,0.03963049690749458,0.2785488551177521,0.0,0.14137448228004956,1.7501888141177183e-05,0.5214965822140024
plot_4624,7,0.6386780798135432,6,0.0050772369764961415,0.05779375975301093,0.3613219201864567,0.0,0.16841923198001074,5.221499026937705e-06,0.4073826296049985
plot_4625,7,0.5532066267895247,1,0.009746636131749394,0.4467933732008249,0.16871541704088702,0.0,0.2288780613767204,0.10123621133397019,0.04463030091584816
plot_4626,7,0.8056150593998203,1,0.017525408959211935,0.47005850432495105,0.08733684116582098,0.0,0.21219008622417793,0.19438494060017966,0.01850421872565843
plot_4627,7,0.3135981458554552,4,0.09039706504727593,0.09638889635311551,0.009006971973682464,1.4985349457546635e-07,0.6864018541445448,0.11616678450827056,0.0016382781196161425
plot_4628,7,0.23696180854144444,4,0.03563345259196167,0.00919964425561438,0.1563548150614787,3.790005210076761e-05,0.7630381914585556,0.03506110078031635,0.0006748957999726026
plot_4631,7,0.5033537457890855,4,7.830556129244991e-07,0.3629424159688385,0.08418922921286995,0.0,0.49664625421091446,0.056221317551764204,1.0429596048443663e-82
plot_4632,7,0.24950014579183485,1,6.1735693516503036e-06,0.7504998542067571,0.039362289231438814,0.0008347387609091237,0.14697892500402066,3.668549109340953e-14,0.06231801922748604
plot_4633,7,0.8147827462000605,4,0.01459049101184216,0.13289477701705874,0.183017029850884,0.05602301059868737,0.4282574377151704,6.4178628389447605e-12,0.18521725379993947
plot_4634,7,0.7656772576722017,1,0.0034276103742495413,0.3864905766473577,0.2619615453777831,0.01270362682830046,0.10109389834896679,9.554399394601524e-11,0.2343227423277982
plot_4635,7,0.5475835674875027,1,0.00033347656052905387,0.4524164325124972,0.221283219843732,0.006432802347092844,0.2637289498181971,8.349296431051659e-10,0.05580511808302198
plot_4642,7,0.7494346948365356,1,0.00012707139760436502,0.5640525814788199,0.1434096995479963,0.006119633108773394,0.25056530516346454,9.566028837104204e-10,0.03572570834673885
plot_4643,7,0.5587083868423339,1,0.0006928979408814695,0.44129161315766613,0.25620290316476413,0.005261264633364492,0.15776857428134386,1.106332353655491e-13,0.13878274682186945
plot_4644,7,0.7169245126520065,1,0.0013339262405402629,0.3929596097606278,0.28307548734799354,0.008570482521903554,0.13667289824659798,1.8961526482501734e-13,0.1773875958821474
plot_4652,7,0.6380580523684556,6,0.0019468692096621552,0.03631377441792942,0.3619419476315444,0.0,0.14549839902550513,6.275987755690144e-06,0.4542927337276031
plot_4653,7,0.44575034506381483,6,0.005535067603046806,0.027834959581616955,0.29479514344431024,0.0,0.11757173382240517,1.3440612435708833e-05,0.5542496549361852
plot_4654,7,0.44626096126120246,6,0.0037343732175799684,0.020474416733372275,0.31762155037373846,0.0,0.10442859564118386,2.025295327959064e-06,0.5537390387387976
plot_4657,7,0.4247670488751599,2,0.003539799099697728,0.04941949043831884,0.5752329511248401,8.695759598551981e-08,0.1282391649273606,0.0009757632148673938,0.2425927442373194
plot_4658,7,0.20537308786318573,4,0.06276838888748164,0.029720921286700362,0.08200282205679446,1.2651301982456348e-05,0.7946269121368144,0.028643668178453752,0.0022246361517730775
plot_4659,7,0.7451806489865179,4,0.04480189168473209,0.030116911649798437,0.2548193510134822,8.704764452551721e-07,0.5142423302547807,6.154370822915873e-05,0.15595710121253226
plot_4660,7,0.5091279396680657,4,0.04223576759611761,0.04895030551092346,0.29466436023116455,2.4695592049900856e-07,0.49087206033193437,1.289237160923501e-05,0.12326436700233014
plot_4661,7,0.7297370149646478,2,0.05684152048243625,0.17411095197916168,0.2702629850353522,0.0,0.2553386732651571,0.016108278965219006,0.22733759027267386
plot_4662,7,0.6297232749306448,4,0.07947984461688215,0.25132343538533286,0.11160386430489842,0.0,0.37027672506935516,0.002790259842806408,0.184525870780725
plot_4663,7,0.47751781808646576,4,0.03874107814039637,0.06351957483828916,0.27411524750172783,1.3355824804841353e-07,0.5224821819135342,3.5215637035580144e-05,0.10110656841076879
plot_4664,7,0.5240338780695933,4,0.027719874282680194,0.1249411998390028,0.325672657607093,6.047086296503561e-09,0.4759661219304068,3.52708265453214e-05,0.04566486946718565
plot_4669,7,0.4580744778928463,2,0.008814165650874912,0.07021410566009591,0.5419255221071537,6.840980244912405e-07,0.1415583377493845,0.0009850883932885771,0.23650209634117797
plot_4675,7,0.24549702752992594,1,0.0006516191594408699,0.754502972470074,0.12923595010731975,0.0,0.08607949857737443,0.0016198134431513979,0.027910146242639537
plot_4676,7,0.43933712871205893,1,7.516368647890657e-05,0.5606628712879411,0.1288726522028898,1.4736368423889346e-10,0.20801697133794247,0.030193575673908905,0.07217876566347525
plot_4677,7,0.3285524582732975,1,7.840238013730663e-05,0.6714475417267025,0.09568785703379815,0.0,0.18305218621624791,0.010709307910333615,0.03902470473278036
plot_4678,7,0.733891208008118,1,0.00350162108038476,0.28436073393320327,0.2661087919918819,0.018152883681519013,0.2804996500330253,2.202530836101201e-12,0.14737631927778333
plot_4679,7,0.6623784258960715,4,0.0018523796771546027,0.2819529515009993,0.3206860021515534,0.0361626713033686,0.3376215741039285,3.3035222311312596e-08,0.021724388227773297
plot_4680,7,0.7002720993059555,1,0.0014921413228564267,0.3351509715301035,0.2575525576882281,0.011796341447895247,0.2997279006940445,3.0776872843328e-10,0.09428008700910366
plot_4681,7,0.5538255712807831,1,0.0005789436183978718,0.44617442871921675,0.24238596516433325,0.005154693563101395,0.18111127516475237,1.0501839242708917e-13,0.12459469377009316
plot_4682,7,0.31073963872924365,1,2.4816831612584515e-05,0.6892603612707563,0.08963115441350948,0.003821611546042071,0.15542026081444263,1.131651553991438e-09,0.06184179399198533
plot_4683,7,0.30683408463536277,1,1.708556365588948e-05,0.6931659153646372,0.0699079149863302,0.0023775242485064383,0.17985927863725892,5.156898755731696e-10,0.05467228068392144
plot_4684,7,0.7009604813165028,1,0.0006499194949653629,0.34287246928985304,0.2990395186834974,0.020663943728502596,0.31217295797139166,3.041529641927703e-08,0.024601160416493677
plot_4685,7,0.5359674554913143,1,0.0009297090645104261,0.46403254450868564,0.24465563033073676,0.004527033949257382,0.06542702381489883,1.0035781217840401e-14,0.22042805833190096
plot_4686,7,0.29775436808875516,1,1.1747842098538068e-06,0.7022456319112449,0.014934629149161688,0.0,0.23587384221922916,0.04100467874865184,0.005940043187502641
plot_4687,7,0.5573560450430173,4,0.013107877660559082,0.17548107350201325,0.23671257639238685,2.0701109552744674e-05,0.44264395495698267,0.015580460068340365,0.11645335631016503
plot_4688,7,0.39033371971566855,1,0.00028482000903365005,0.6096662802843315,0.15731135432035206,0.0,0.19564610592023116,0.0007173148580073312,0.0363741246080445
plot_4689,7,0.37173939175827425,1,1.6354836799017878e-05,0.6282606082416127,0.05529718410509661,1.816605446431443e-09,0.1732882807595229,0.13289457060130702,0.010242999639056264
plot_469,7,0.3871528482010886,6,0.09365037569813633,0.08629660141956301,0.17463703147352558,1.733176424895697e-05,0.03241804291796219,0.00013346492765252738,0.6128471517989115
plot_4690,7,0.8526427444828305,1,0.00011031925056416025,0.45219388195072496,0.10895424042148062,4.628092636806025e-08,0.2570973139165389,0.14735725551716955,0.0342869426625956
plot_4691,7,0.8742555790633557,6,0.12574442093664423,0.04543905903245922,0.16134060980546377,0.0,0.1357602882633622,0.0008929709109573864,0.5308226510511133
plot_4692,7,0.764260107104081,1,7.942257391808132e-06,0.6433941549099718,0.0373926095711988,2.7877926252022815e-10,0.23573989289591898,0.0678353220253633,0.015630078061376156
plot_4693,7,0.57647439678053,1,0.00013410109961699683,0.4235256032192764,0.13017628155315433,7.695020387923011e-09,0.297551116789423,0.0816913008510797,0.06692158879242928
plot_4694,7,0.6631530750237934,4,0.03036156698854728,0.1812121549668947,0.3368469249762065,5.059384120942578e-09,0.4221144023268456,5.9789718543941876e-05,0.02940515596357775
plot_4695,7,0.6169427556276248,4,0.023030435722509335,0.10350247195785695,0.38305724437237515,1.2322930001191254e-08,0.4495261673155287,1.181620278295397e-05,0.04087185210601696
plot_4696,7,0.6848740060119322,4,0.06501433010201393,0.3151259939868665,0.1692024793677126,0.0,0.4044700081284607,0.0007421766242292365,0.04544501179071706
plot_4697,7,0.48217650398478445,4,0.03830759932836531,0.1672404783930104,0.2294884857274514,4.9651838916402886e-09,0.5178234960152156,0.0003254579600709135,0.046814477610702565
plot_4698,7,0.6306217498025082,1,0.018127174640681358,0.3693782500695084,0.21839002706243732,0.0,0.2251764031989118,0.071847970576005,0.09708017445245601
plot_47,7,0.06374033867405529,1,0.0003003163663413199,0.9362596613259447,0.00044862514267431097,4.343353468371871e-05,0.05872277146327464,2.817457117366288e-11,0.004225192138906763
plot_4702,7,0.4407300658860307,6,0.10325117807938242,0.05025906948036098,0.1320460145179066,0.0,0.15486449645633876,0.00030930735204189665,0.5592699341139693
plot_4703,7,0.5534291917219911,1,0.04037790426519218,0.44657080827701273,0.03493402959064425,0.0,0.2566814355045325,0.2158372054337713,0.005598616928847111
plot_4704,7,0.19486582220231596,4,0.05030801676389774,0.02093294083639655,0.09961865170176291,2.6929815022197266e-05,0.805134177797684,0.02277230476765775,0.001206978317578818
plot_4707,7,0.749834733995214,1,0.0034272167895451388,0.4264686013647092,0.25016526600478606,0.005635593740140556,0.05217698331259527,2.45259866687923e-10,0.26212633854296397
plot_4708,7,0.5299816561808177,1,0.0009828104905215398,0.4700183438191823,0.233204309687209,0.003761536481941432,0.05532232133324973,7.283744628031885e-15,0.23671067818788866
plot_4712,7,0.4993057532543751,4,0.016985834147982156,0.07150113954952461,0.22094346113399582,0.05835200374437589,0.5006942467456249,6.787190471628774e-10,0.13152331399977762
plot_4715,7,0.603536021464337,4,0.0007464173170753503,0.18695001666011357,0.24248929835109226,2.9047881949761856e-07,0.39646397853566295,0.05321558432120721,0.12013441433602923
plot_4716,7,0.605944982185986,4,0.0011477135329189495,0.21965179735735774,0.20552004156542047,3.844234586870461e-07,0.394055017814014,0.07064040390858461,0.10898464139824554
plot_4717,7,0.8513053742360914,4,0.005948166483131636,0.164823059440538,0.23616935377694676,3.359162613630709e-06,0.420368542378703,0.023992892994158396,0.1486946257639086
plot_4720,7,0.36092748330732866,2,0.02583771803910022,0.00026596042450570715,0.6390725166925995,0.0,0.3041160734613191,0.029461747999815234,0.0012459833826602815
plot_4721,7,0.34961531327140094,2,0.025277531260744904,0.00022255459686628748,0.6503846867285991,0.0,0.29474203457019,0.02801531336385179,0.001357879479747998
plot_4722,7,0.5939217707047374,2,0.015995144393269572,0.0024332916270945605,0.5443199151479337,0.0,0.40607822929526244,0.03071793806139562,0.0004554814750440119
plot_4723,7,0.33968180574624945,2,0.11138267638045879,0.0004770886956453873,0.6603181942537506,0.0,0.19649549482572176,0.0193537623109197,0.01197278353350382
plot_4726,7,0.7631235402729432,2,0.054425575781478844,0.00011672970298283278,0.6763124925543793,0.0,0.2368764597270568,0.026128189230554016,0.0061405530035482
plot_4727,7,0.3294043349009573,2,0.039676232169372286,0.00016032181834571113,0.6705956650990428,0.0,0.25785831062691594,0.027078673853501725,0.004630796432821592
plot_4742,7,0.5626229768944178,1,0.0002989204093477538,0.43737702310546217,0.2730711964128893,0.02208581556176756,0.24288863516276035,6.820601487097134e-08,0.024278341141758097
plot_476,7,0.5065807234467452,6,0.23012662287673788,0.009123555962816372,0.1914754938967686,0.0027004845028390685,0.013371191547027608,0.05978337466055564,0.49341927655325485
plot_4766,7,0.7240860004588581,4,0.09187043390105812,0.2335083134885294,0.17697722161484614,0.0,0.2759139995411418,0.007595461711125887,0.21413456974329864
plot_4767,7,0.4618235704052558,1,0.057243494641550936,0.5381764295941257,0.03457892862014798,0.0,0.19943725133766677,0.16135959480780826,0.009204300998700364
plot_4768,7,0.6096866322807024,4,0.0006435745312120904,0.23705369588066294,0.1690477223231157,0.0,0.3903133677192976,0.03767618731708305,0.16526545222862865
plot_477,7,0.27840117631359984,6,0.12977322004024017,0.025322233727748337,0.09527567704440788,0.0015392534024912326,0.015101755383098872,0.011389036715613386,0.7215988236864002
plot_4775,7,0.48001298897638583,2,0.007661355445329206,0.15503987721562357,0.5199870110236142,0.0016038268726983698,0.2213258814024047,2.382332233898609e-06,0.09437966570809617
plot_4776,7,0.4686500870267166,1,8.187223857874075e-05,0.5313499129732834,0.1555800541687148,0.006340957618546003,0.21357420035896713,6.413526929810819e-06,0.09306658911498021
plot_4777,7,0.44490218511177554,1,4.0500610303797905e-05,0.5550978148882245,0.07455285390780363,0.0131942589353113,0.24553921708926585,1.9599118656149488e-05,0.11155575545043481
plot_4778,7,0.6312387427435646,1,0.0009158002236574644,0.41865673572004447,0.3687612572564354,0.0015417821350353742,0.16477444949596431,5.0468710616341844e-08,0.04534992470015234
plot_4779,7,0.47710604345785673,1,0.0003287824611097133,0.5228939565421433,0.24945679368637633,0.0022107030358793586,0.1747199892357116,3.3895847626692696e-07,0.05038943608030341
plot_478,7,0.010401750033772519,1,0.00031354188110452156,0.9895982499660918,0.00025838808788572747,0.0033119546591183404,0.005908120230129167,0.0005118322086807531,9.791296698957687e-05
plot_4781,7,0.4104465165121998,1,0.0017136767430815485,0.5895534834878002,0.198673086494113,0.007701394772747641,0.15857805145464499,5.50908283366397e-08,0.04378025195678434
plot_4782,7,0.7531083180181946,1,0.00021533298367055212,0.5440479034874327,0.08905136515425202,0.03581057591363519,0.2468916819818055,0.00016211606304674251,0.08382102441615724
plot_4783,7,0.3861213605725636,1,0.0004867131559406228,0.6138786394273457,0.06432573211557548,0.054699415071479816,0.22463599867026396,0.0005781041379242476,0.04139539742147022
plot_4784,7,0.5184159206316477,2,0.003143648235023648,0.262107913853589,0.48158407936835235,0.0021223486511860465,0.18832783795969676,4.0747193312163616e-07,0.06271376446021909
plot_4793,7,0.8738619917828591,1,0.126138008217141,0.45340197976109003,0.07366609591621472,0.0,0.2942989340925292,0.009064266316177995,0.0434307156968472
plot_4795,7,0.6411951931880885,4,1.8078988580952368e-05,0.3588048066262058,0.015824789357811998,0.0,0.5211159990004405,4.430086557733052e-06,0.10423189594040316
plot_4798,7,0.30592385787160664,4,0.09692269377279869,0.0990436824710404,0.030579151845175855,9.791503327796815e-07,0.6940761421283934,0.07850254999163345,0.0008748006406254633
plot_4799,7,0.3212931432058179,1,0.0009972695891144392,0.6787068567941252,0.11525523885458348,0.010559966145196963,0.16276820207846937,1.704137523309678e-06,0.0317107624009873
plot_48,7,0.4747216904533821,1,0.004102467050833297,0.5252783095457643,0.0741798055247249,0.001483849875790711,0.02125196649048914,5.780859355659033e-10,0.3737036009343118
plot_4800,7,0.5041159719312882,2,0.008121959070966227,0.152471635371662,0.49588402806871174,0.0035391408305090245,0.2294054720309894,7.145541894853951e-07,0.11057705007297218
plot_4801,7,0.7763590778802518,1,0.00010617684222951648,0.677633386434141,0.04186986483772973,0.018029323923104454,0.22364092211974826,5.04892331660686e-05,0.03866983660988111
plot_4802,7,0.850882157754016,1,6.535045649585612e-05,0.5116853775766542,0.09645614690042364,0.014502424635798608,0.22814440903955305,2.844914509067418e-05,0.149117842245984
plot_4803,7,0.467402215404913,1,0.000779525277074343,0.5325977845949935,0.09149740631102751,0.06407723256915045,0.22984099358464843,0.0005698135565727312,0.08063724410653295
plot_4808,7,0.7316433030617738,1,6.593433165392287e-05,0.5635612321286186,0.05343016350138136,0.023319696374027445,0.2683566969382262,5.934773796577945e-05,0.09120692898812682
plot_4820,7,0.6073971673327958,1,0.08281969808007267,0.3926028305211038,0.013658095420308897,9.286195695425391e-09,0.3389407371112962,0.16908396590760463,0.0028946636734181776
plot_4821,7,0.7719779932781975,4,0.04387197422911802,0.34745756637759506,0.024897219564593395,0.0,0.3513349159378443,0.2280220067218027,0.004416317169046688
plot_4822,7,0.4741240466863685,1,0.12106487020628492,0.525875953313097,0.047756959200395174,0.0,0.23071935407953176,0.03452660248744852,0.04005626071324275
plot_4823,7,0.44970684955761847,1,0.11801179056926958,0.5502931504423816,0.05155872896796894,0.0,0.19957229862121914,0.03847038763443028,0.042093643764730446
plot_4824,7,0.8032069357214504,1,0.0027476552415886296,0.3570732515157964,0.1967930642785497,0.0,0.29778952039085693,0.0634411052344646,0.08215540333874383
plot_4839,7,0.19565485359667253,1,0.0034527976249135095,0.8043451464023748,0.0004604669809803465,0.0026910211378752408,0.14819512622232886,0.039974273367744804,0.000881168263782569
plot_4842,7,0.21354974165795299,1,0.00023735985090490128,0.7864502583420471,0.00021783372781539363,0.0015400100227283499,0.20223866350390907,0.009197979758848637,0.00011789479374668148
plot_4843,7,0.7630790082120595,1,2.880696395002776e-05,0.7594785594701731,4.490167881304491e-05,0.0005040438167915817,0.2369209917879406,0.003007637982417265,1.505829991455295e-05
plot_4844,7,0.8040757907761517,1,0.0008589961637422633,0.3745669718721917,0.3725119443043019,0.0010668230200958067,0.1959242092238483,2.1938192036708264e-07,0.05507083603389969
plot_4848,7,0.6089646578379185,4,0.09976351011193857,0.19000491846921014,0.21002893758372815,2.4813252653840074e-05,0.3910353421620814,8.152909438982831e-05,0.10906094932599802
plot_4860,7,0.6638279832694393,1,0.009271899443599541,0.37748812950812927,0.33617201673056085,0.0,0.09223609777998111,9.181614330609292e-05,0.18474004039442327
plot_4861,7,0.19214445937080032,1,0.0002758112553129874,0.8078555406280346,0.09829285685360312,0.0,0.07737049680288713,0.001265043222405845,0.014940251237756445
plot_4862,7,0.24333709969295797,1,0.0006921980268806228,0.7566629003068344,0.13074345923606853,0.0,0.08466820020120078,0.0002708545409140249,0.026962387688101747
plot_4863,7,0.2735884915417625,1,1.5740630053486068e-06,0.7264115084582374,0.014749875891290065,0.0,0.21890493660226645,0.03414766850762441,0.0057844364775762255
plot_4864,7,0.24715683112766995,1,1.999811929452188e-05,0.75284316887233,0.03418060637229843,0.0,0.17823949306896752,0.02180594717839767,0.01291078638871182
plot_4865,7,0.37309748433977014,1,0.002068997720980668,0.6269025156597332,0.1990013907848444,0.0,0.11085415228315905,0.00041715156087452265,0.060755791990408044
plot_4866,7,0.30174326276121693,1,1.2465867858997935e-05,0.6982567372387831,0.054889219244090307,0.0,0.18925029352396205,0.02883341988256808,0.028757864242737553
plot_4867,7,0.6633750623034764,2,0.0006552552324745088,0.19758273046681762,0.33662493769652363,3.846333991990099e-08,0.25623901746008226,0.02724080792083944,0.18165721275992264
plot_4868,7,0.783148071309615,2,0.001114537233311598,0.15978551166395363,0.4254527558984211,6.958325173131058e-09,0.1871775541259794,0.009617705429624148,0.21685192869038505
plot_4878,7,0.6260715999896691,6,0.0878341525281765,0.10424204785278027,0.1853670418860099,0.0,0.2455260606488075,0.0031022970738950177,0.37392840001033084
plot_4879,7,0.7494691145986052,6,0.08234180666635657,0.12874748236694086,0.25053088540139484,0.0,0.22031166146754544,0.009292680697061271,0.30877548340070105
plot_4880,7,0.7721718247519815,6,0.08454601030012322,0.1294719174484721,0.23547181558773173,0.0,0.22782817524801843,0.012533688303385353,0.3101483931122692
plot_489,7,0.2292837015825308,6,0.07472591447414863,0.03747417526311476,0.08521054517350914,0.0002890310353748351,0.026807771529664508,0.0047762641067375594,0.7707162984174505
plot_4893,7,0.5366825230654862,4,1.505522916855527e-06,0.40682958845026146,0.07206459527960493,0.0,0.46331747693451375,0.05778683381270294,8.153583847054996e-83
plot_4895,7,0.8555252755944439,1,4.010992978637839e-05,0.7405969626907557,0.003934173669486667,3.2813725538212365e-08,0.1109539494057123,0.14447472440555606,4.7084977446890835e-08
plot_4896,7,0.20135340385156045,1,0.0005133019075467819,0.7986465961447586,0.0005174315012056957,1.8176750966285485e-06,0.14318465364349758,0.057133684304488945,2.5148234058219867e-06
plot_4897,7,0.2507152817911446,4,0.08894903639027926,0.07057378537458789,0.05026030197190039,1.4928048163739145e-06,0.7492847182088554,0.035401466426673286,0.005529198822887434
plot_4898,7,0.20658396135215473,4,0.04336768738206334,0.01961916228264625,0.11135385862923551,2.8089582755694017e-05,0.7934160386478453,0.010616767510769842,0.02159839596468411
plot_4899,7,0.4784550715647429,6,0.08179933296798264,0.050028783733275156,0.27450189410072384,0.0,0.07173520967784272,0.0003898510850562125,0.5215449284351193
plot_49,7,0.39825362754638194,4,0.017133340268972667,0.10706415216614698,0.06842316403277973,0.16270005501055484,0.6017463724536181,0.042866432960680136,6.648310724757929e-05
plot_4900,7,0.20228488163494807,1,0.0008238339395034101,0.7977151183650519,0.0007029616831208802,2.7134598948531146e-06,0.1710198025056695,0.02968787282944091,4.76972173185153e-05
plot_4901,7,0.19355055845402663,1,0.00012744681531857112,0.8064494415459734,0.00021500006392586248,1.1311087182290895e-07,0.1485826807604274,0.04462516452894456,1.5317453845495348e-07
plot_4906,7,0.7305293811976367,1,0.26947061880236345,0.5940838182551246,1.4023287020723616e-05,0.0,0.023528461425372064,0.11142863975819878,0.00147443847192059
plot_4907,7,0.47913765838266775,1,0.24379758727830295,0.5208623416173322,3.4341737400606705e-06,0.0,0.011412199765042394,0.22249877394579132,0.0014256632197911434
plot_4908,7,0.412419738156537,6,0.08523705966754891,0.038939171649990584,0.19084860158063544,0.0,0.09719940891445289,0.0001954963439092088,0.587580261843463
plot_4909,7,0.6398916622158253,6,0.05299835583047774,0.10339541916605954,0.36010833778417467,0.0,0.05281865910637164,9.843103434688541e-05,0.43058079707856955
plot_4910,7,0.4308490524629694,6,0.10894956617038122,0.04018595061767509,0.16287854704202798,0.0,0.1181305789030062,0.0007044097298789475,0.5691509475370307
plot_4911,7,0.7135021973596498,1,0.005933773082089682,0.39748721393156294,0.14760649162152722,0.0,0.28649780264035024,0.11418933919483819,0.04828537952963183
plot_4914,7,0.6276067179642242,4,0.026744434284569716,0.07257915721555186,0.3723932820357759,1.7731044443381718e-08,0.4608402873808794,7.99898816943686e-06,0.06743482236400936
plot_4915,7,0.8191033106790807,4,0.05568160916906037,0.022475960947766584,0.27988112212367633,5.466541480999533e-07,0.46105741072899953,6.661055429748244e-06,0.18089668932091926
plot_4916,7,0.5747692355083786,4,0.04513777427332859,0.26063055990130607,0.2091004841584077,4.953494608952774e-09,0.42523076449162145,0.00019215206831241246,0.05970826015352919
plot_4917,7,0.6710117701266392,4,0.06357082690171753,0.3289882298731118,0.14658071898932612,0.0,0.39703009523053634,0.0006295791902685179,0.06320054981503967
plot_4919,7,0.39780496620905037,1,0.11374582713323696,0.6021950337907666,0.04008212401336866,3.907861398759387e-06,0.15622474570180866,0.07880068969951154,0.008947671799908904
plot_4920,7,0.8022767967757338,1,0.0821660724969821,0.6097660466289148,0.03461039080325686,4.0506411311982816e-07,0.19772320322426618,0.06860731256909766,0.007126569213369282
plot_4921,7,0.7455154587075435,1,0.02868087121267593,0.4364840608869014,0.2544845412924564,1.503455720248174e-06,0.03828559619293171,0.1213115664792594,0.12075186048005485
plot_4922,7,0.7965173446836433,4,0.08514443436087982,0.23438891320696398,0.008888749570598344,1.2107716513835159e-08,0.4674020131290034,0.20348265531635668,0.0006932223084812893
plot_4923,7,0.8827869456204591,4,0.11721305436842194,0.13645940250999883,0.02068676058202993,4.930739073478614e-07,0.6251706932882556,0.09970939518214889,0.0007602009952374337
plot_4924,7,0.5885785309838006,1,0.0032466847616874723,0.41142146901486243,0.17068467099759815,0.0,0.26895109182612326,0.09012828534587355,0.0555677980538551
plot_4925,7,0.30599390338810206,1,2.5137662742586037e-05,0.6940060966118979,0.012391933981079524,0.0,0.17270483321250185,0.12087199853177807,8.192559899854585e-84
plot_4926,7,0.2507990296881605,1,4.188255983463719e-05,0.7492009703118395,0.0052560558575393155,1.691883089885026e-08,0.13342533536952572,0.11207571470530936,2.4277120571769217e-08
plot_4927,7,0.2082402486489887,1,8.389420606678502e-05,0.7917597513510113,0.0015714401016158602,5.0406389380155894e-08,0.1388965781611512,0.06768821811466262,6.765910290208615e-08
plot_4928,7,0.8312428510943957,1,0.000619518925001931,0.7950060873293975,0.00019761581675940406,2.205823718588241e-06,0.16875714890560445,0.035414785081947654,2.638117570638755e-06
plot_4929,7,0.21944621711421522,1,0.006446041675318689,0.7805537828857848,0.0005927326311331506,7.178590615052208e-05,0.1914242402867619,0.020874869961536906,3.654665331408738e-05
plot_493,7,0.8373895732089112,4,0.00023861364872734188,0.2483111070358362,0.04963260431110205,0.0,0.5388239496267219,0.0003832985865237487,0.16261042679108884
plot_4933,7,0.7957340997864626,4,0.024761695460118804,0.038313748219894646,0.20426590021353747,2.3000650660811313e-06,0.6330098291208501,0.0008104351439670971,0.09883609177656588
plot_4934,7,0.426330961856775,4,0.0364000318357687,0.12018345207872394,0.1937188843079071,2.7908260652994935e-07,0.573669038143225,0.0005205638787434654,0.07550775067302534
plot_4935,7,0.42148765099879204,4,0.05755878721724628,0.2174537144096679,0.11455810789757893,2.1700126113702903e-08,0.578512349001208,0.0038744653163704126,0.028042554457802505
plot_494,7,0.3952091607156688,1,3.6392403432264603e-06,0.6047908392842022,0.04026396453879382,0.0,0.2616573089788087,0.09315400450841908,0.0001302434494330911
plot_495,7,0.3951076811190619,1,1.4784577025220049e-07,0.604892318880938,0.041081581729203474,0.0,0.2607180205630282,0.09329593106566407,1.1999915395931073e-05
plot_496,7,0.3904137758995879,1,3.6022599440919234e-08,0.6095862241004121,0.03600217474002202,0.0,0.27709875678946994,0.07730937666854426,3.431678952339568e-06
plot_50,7,0.8356443389641239,4,0.021508331711300538,0.08996800862022569,0.06701487615167717,0.16435566103587607,0.6067694237876338,0.05031598424693537,6.771444635141359e-05
plot_5045,7,0.47643816456719446,4,0.00020843221127846625,0.07448937952999127,0.32925155027457575,0.010109245466462071,0.5235618354328054,0.02869360171205642,0.033685955372830485
plot_5046,7,0.5009451507206129,4,0.0002049388679721764,0.15213790403990662,0.31285649504870033,0.022196552563041195,0.49905484927938715,0.005824663175856377,0.007724597025136153
plot_51,7,0.11496896019318684,1,0.026659007569031265,0.8850310398067072,0.03330909961579772,0.002620132125333885,0.04404984747087005,2.275931234221596e-08,0.008330850652947551
plot_514,7,0.7261018958593204,1,8.622859334839342e-08,0.6341180278569274,0.024919794507587592,0.0,0.2738981041406797,0.0670567205989439,7.26666726809711e-06
plot_5176,7,0.6980726315749816,4,0.0006374768624007021,0.3019273684250183,0.29063416800165204,0.056861055792011526,0.3476935768740976,0.0017576817185801096,0.0004886723262396553
plot_5186,7,0.6909429285877263,1,3.155058077036835e-08,0.40905638437331443,0.11834419445476319,0.0,0.3090570714122737,0.1635392973002291,3.0209088388400723e-06
plot_52,7,0.4830950636060506,6,0.005847877919413307,0.36127401023201006,0.09510523436133518,0.0014097620105486045,0.019458156770592722,2.23121506647599e-08,0.5169049363939494
plot_5204,7,0.6522352696801538,4,4.448335178600193e-05,0.13304597457188322,0.34776473031984634,0.011683148568490474,0.4959428916451857,0.004189539018636745,0.007329232524171529
plot_5205,7,0.6623343905166789,4,0.00018755514744349782,0.24063683864440388,0.33766560948332114,0.031953242792112715,0.3873270313095324,0.0010701217336150431,0.0011596008895712242
plot_5206,7,0.6669843125869894,4,0.000175740212541784,0.2727682365395999,0.3330156874130105,0.03467073164174738,0.3582992359139918,0.000680669456726384,0.0003896988223821527
plot_5220,7,0.8255967581901014,1,1.6196532780294825e-07,0.4232975219228401,0.11423266683759772,0.0,0.2880534474008585,0.1744032418098987,1.2960063477275278e-05
plot_53,7,0.5297832892831217,6,0.0037357348926492177,0.3540566350787676,0.14366051128004131,0.00269302998658447,0.0256373768567865,1.1882926072211902e-09,0.4702167107168783
plot_5321,7,0.8553766893214317,4,2.5029213787939294e-08,0.32073292449962093,0.14462331067856826,0.0,0.3755032934267948,0.1591400399489355,4.064168666906678e-07
plot_538,7,0.7217920218085404,6,0.06917678947424293,0.023173977808384302,0.20735400979508417,0.012662227324932199,0.27820797819145954,0.00020903822714298973,0.40921597917875374
plot_539,7,0.7494010135526454,1,0.05557106519406746,0.3011171505021323,0.09784277633574937,0.10252596226098593,0.2505989864473547,1.5212490596650913e-08,0.19234404404721972
plot_54,7,0.11236739912647618,1,0.00425038499906882,0.8876326008733123,0.005194460982976246,0.00014367171394060753,0.10207831790668474,7.232763539844651e-09,0.0007005562912538152
plot_540,7,0.7289768677768276,1,0.04421365760482909,0.311710986763422,0.08475652484035122,0.11427347273806432,0.27102313222317237,8.957970866234741e-09,0.17402221687219
plot_541,7,0.7128871681499842,6,0.12834327931307263,0.17333124672994144,0.1561812409879399,0.07763411971732036,0.1773973625082625,1.0479397396120171e-07,0.28711264594948926
plot_544,7,0.14763211342009702,1,2.9052806745116788e-05,0.8523678865799029,0.020406319075097556,0.0348328061927147,0.07030214357949316,0.017797322940339862,0.004264468825706583
plot_545,7,0.588806884006243,4,0.12488807039099183,0.15110999136943812,0.23512566796203344,0.01787136378490071,0.41119311599375696,0.059495846693147704,0.0003159438057313422
plot_5495,7,0.43762669730314846,1,0.0053130763503563124,0.562373302685177,0.04324142715874409,0.0038371319304323507,0.33092983497576184,8.815810812262262e-06,0.05429641108871616
plot_5496,7,0.5370527661296806,1,0.003221219271813745,0.46294723386876413,0.07137184676283861,0.05880005519565482,0.28268245683439364,0.0010769464448245555,0.11990024162171052
plot_5497,7,0.6806872554242265,1,0.0017046492041611742,0.5469546894396032,0.04973209510556757,0.015499955806240024,0.3193127445757736,0.00010299698743651457,0.06669286888121809
plot_5499,7,0.3245178661689028,1,0.0069422171428541735,0.6754821338309903,0.02341010498872511,0.02274051494925177,0.21760332844659946,0.00014147603243951445,0.05368022460913966
plot_55,7,0.06459002168727168,1,6.151587464176346e-05,0.9354099783114207,0.0003383679248057629,4.721768173738671e-06,0.055494475531124854,2.7453524101750396e-11,0.00869094056237965
plot_5500,7,0.8533105948600175,1,0.011503731997943831,0.3336854578452919,0.1380277845909888,0.07942486497123141,0.2846337845026269,0.0060349709519345995,0.1466894051399825
plot_5501,7,0.6594013981119672,4,0.0004931970055021071,0.34059860188782504,0.15668658336495683,0.008960700848999487,0.36096470602074804,7.866778470318157e-05,0.13221754308726524
plot_5504,7,0.3039420124604071,0,0.6960579875395929,0.0133653651445434,0.1009243285520745,0.0001567420962842264,0.019444774101930365,0.00010539900648515082,0.16994540355908944
plot_5516,7,0.641065071159304,4,0.0018377167148219715,0.3166298280636562,0.14990326588974787,0.031305649740941285,0.358934928840696,0.0007802846921162247,0.14060832605802046
plot_5533,7,0.4314193874967733,1,0.0035362970050379678,0.5685806125005686,0.04433532417706651,0.004359104230844517,0.32536032767926326,1.136895488248876e-05,0.05381696545233663
plot_5536,7,0.6246294962199368,6,0.11712283075064205,0.11574533352717875,0.05402290072055351,0.05432017493756157,0.2744669523999453,0.008951303884055694,0.3753705037800632
plot_5557,7,0.4345136523994996,1,0.0006040752983201211,0.5654863476004997,0.1523326566799864,0.011208809677647747,0.12655974956174681,1.1655412970543183e-24,0.1438083611817993
plot_5558,7,0.2662010452608233,1,9.838686303852506e-05,0.7337989547391768,0.07059512890944368,0.008646485091870106,0.1284197242677538,5.566383889030736e-10,0.05844131957207872
plot_5563,7,0.03325985017572199,1,0.0042095748165702565,0.966740149824278,0.0026301072454478283,0.010944030498569908,0.011638722161132875,0.001568014071750909,0.0022694013822502357
plot_5565,7,0.6733673307269494,6,0.008440005977534954,0.2614330929933984,0.20434940005694294,0.05601672589292481,0.14312810580614832,2.7896934720165137e-22,0.3266326692730507
plot_5566,7,0.7842461256585033,1,0.00233519723045592,0.37307354399158543,0.21575387434149673,0.025005650712887358,0.12836243457216032,7.342405044126528e-24,0.2554692991514142
plot_5567,7,0.8116867591579635,1,0.00029603556184681906,0.6459856588003967,0.06409005298781154,0.023719606845266653,0.18831324084203646,8.498548762708415e-08,0.07759531997715427
plot_5568,7,0.3204564167575914,1,0.00015943648087480885,0.6795435832423998,0.07710857697914072,0.00976578533457995,0.16079004647880604,2.590571589317175e-09,0.07263256889362715
plot_557,7,0.3603504889884484,1,0.11658892798673226,0.6396495110114961,0.008955611706167993,0.003984713171334918,0.03330671959359932,0.19347586994639385,0.004038646584275542
plot_558,7,0.31182663574025105,1,0.07559429795978773,0.688173364259509,0.009910310248724902,0.00535362037194408,0.03287337500374766,0.18416794012427543,0.00392709203201124
plot_5582,7,0.8186800389039828,6,0.18131996109601722,0.0422871530766758,0.06273238466742959,0.09020356905227328,0.13756024818625923,0.019543077284255958,0.4663536066370889
plot_5583,7,0.8738353941673129,6,0.14188671371957692,0.06756793848456441,0.09815324946438975,0.12616460583268702,0.11988218606923393,0.00850039978676804,0.4378449066427798
plot_5584,7,0.8139081874140199,6,0.18609181258598007,0.1929541727256121,0.07232040267595,0.007383287105283942,0.26283938065179907,0.00011968156017481934,0.27829126269520005
plot_559,7,0.1870242944994254,1,0.00021823148781026862,0.8129757055005746,0.02508173493374624,0.05960949939546265,0.07002177716605226,0.01883201902128508,0.013261032495068877
plot_5590,7,0.17584245738956805,1,0.004948669985402831,0.824157542610432,0.0011126270904889583,0.011023765231405903,0.15038729560727046,0.000906132940578352,0.007463966534421553
plot_5593,7,0.11309048879078962,1,0.00224757972203334,0.8869095112092025,0.0011137468194860158,0.004656914265467002,0.09917217627196773,0.0009793578123054544,0.00492071389953807
plot_5594,7,0.4349321008298021,1,0.0006998869017801267,0.5650678991701974,0.12334743963763938,0.0149070236103275,0.15695998254427504,8.726380635287806e-10,0.1390177672631425
plot_5595,7,0.843142701017475,1,0.0017809908511283506,0.42903454143677733,0.17635023324425111,0.021398053786919877,0.156857298982525,5.2642830036643915e-24,0.21457888169839834
plot_56,7,0.8575703763609409,1,0.0015203745532235647,0.8548402113103046,0.0007650460260196167,1.0294760213296173e-05,0.14242962363905912,1.198655016094919e-08,0.00043443772462967037
plot_560,7,0.2991783824467117,1,0.0004456544949558714,0.700821617553153,0.051453431844654535,0.07964154704564341,0.11375621349932662,0.016492927106075368,0.03738860845619116
plot_5600,7,0.6312868257547253,1,0.04141075873086634,0.5071677406878267,0.011888457024023637,0.019941173176132327,0.36871317424527483,0.0003474589115930521,0.05053123722428334
plot_5601,7,0.4712314217395304,1,0.018020443803051928,0.5287685782604696,0.003440909179954129,0.0035671176987899416,0.3732819635929027,0.011164725740939166,0.06175626172389254
plot_5602,7,0.5739226494424983,4,0.06079158838053224,0.37868691031893353,0.027075233443212263,0.007660149109363392,0.4260773505575017,0.0013972260525610706,0.09831154213789584
plot_5605,7,0.5789654248966679,6,0.13900997184013003,0.09237824988106799,0.036990542317544464,0.054591067344947106,0.23413081758462306,0.021864775928355264,0.4210345751033321
plot_561,7,0.8986465716329342,1,0.00039069004918768004,0.5339705520737067,0.11329753498887905,0.10135342836706601,0.1497824981998376,0.020119708846395735,0.08108558747492735
plot_562,7,0.28338611259369556,1,0.04464033761959514,0.7166138874056494,0.03424401179032088,0.01981903507670643,0.07001226999133281,0.11259787619882553,0.0020725819175698356
plot_563,7,0.5186016386003107,2,0.11723150349475148,0.08411106115691803,0.48139836139968933,0.09700856912643056,0.11915390259778527,0.07788001810447294,0.023216584119952446
plot_566,7,0.5450120778527869,4,0.05508975789675365,0.2906305734797631,0.027070653753435862,0.11247092893542468,0.4549879221472132,1.5883838573350258e-09,0.059750162199025666
plot_567,7,0.17251744466489188,1,0.01908221447770693,0.8274825553337783,0.013890577647932351,0.016370122631640747,0.0545183312717867,0.06793609327609419,0.0007201053610607505
plot_568,7,0.8378701185268481,2,0.048919827247422804,0.22707128811002963,0.36891306102009497,0.16212988147315174,0.14919896931455992,0.03193235139042046,0.011834621444320391
plot_569,7,0.5284614449990968,2,0.09650318262138664,0.10294657725859416,0.47153855500090325,0.11752995227014026,0.12759465659361025,0.05781395843870924,0.02607311781665622
plot_57,7,0.21095072299509046,1,1.3520682491843534e-06,0.7890492770046469,0.047119320731057714,0.0011524210293219063,0.07796062858539535,7.512127048435882e-09,0.08471699306920204
plot_570,7,0.5421107527719516,2,0.10316365571035846,0.1124814003322342,0.45788924722804836,0.10927860829590844,0.13244485984181995,0.07087540046870516,0.013866828122925536
plot_5711,7,0.7595130617545204,6,0.014791438243328174,0.07361853553051403,0.24048693824547965,0.000679169074326018,0.14882492603400743,1.618486368417887e-07,0.521598831023708
plot_5727,7,0.7657943605448,6,0.09451738671716396,0.22425146838948962,0.23420563945520015,0.000652114463761799,0.03908265354745616,1.4077294840153473e-08,0.4072907233496335
plot_5728,7,0.7476380575200825,6,0.11011432786551509,0.22538130581155819,0.2523619424799175,0.0018717366847258205,0.06809010292909295,1.7439879635282927e-07,0.34218040983039416
plot_5729,7,0.5079773214710344,1,0.07902544820752803,0.4920226785289657,0.14619314205293155,0.0007006202826523919,0.20175183480115566,0.07303837293571765,0.007267903191049116
plot_573,7,0.058064377212833126,1,0.005044567452421466,0.9419356227795705,0.0017198033401909139,0.022087351298079493,0.019228326905397553,0.0015737017651739574,0.008410626459166085
plot_5730,7,0.29549746621349265,1,0.09339413680018077,0.7045025337827899,0.10797831063999902,0.0002099438449480887,0.08700263376584866,0.002433480184641011,0.00447896098159262
plot_5731,7,0.8562944707754383,1,0.14370552922456162,0.626211116671633,0.07897800492253547,0.00022092890479583077,0.1277436918244927,0.01991299564523585,0.0032277328067454756
plot_5736,7,0.33482035154995804,1,0.14043340755840816,0.6651796484499198,0.061344165859092296,0.00017719740892993668,0.12029108470074455,0.009859066500057585,0.002715429522847538
plot_5737,7,0.0371672115724699,1,4.3957497964537693e-05,0.9628327884275223,0.004224640787742434,0.005838464977992473,0.019824810719397436,0.005880760248993585,0.0013545773403873058
plot_5738,7,0.7701946201635703,1,0.04461392667753489,0.5362863243220656,0.035659549071269864,0.0027682604434672233,0.1375909767719605,0.013275582877272391,0.22980537983642965
plot_5739,7,0.3774120352235489,1,0.014566266221096472,0.6225879647763007,0.10288759701829214,0.00036997666324936217,0.10956052894735129,0.004015821980483729,0.14601184439322631
plot_5740,7,0.059853091719605206,1,0.0002276123061468055,0.940146908280394,0.013035481762041402,0.0007574236353631471,0.03567576678157874,0.002808732450258345,0.0073480747842176695
plot_576,7,0.8034924499540756,1,0.004667033510689179,0.45556141864022753,0.19650755004592424,0.1444247456837045,0.16751808368252483,0.0030468750808987028,0.02827429335603104
plot_5765,7,0.4515315564734539,1,0.07701924832283683,0.5484684435262417,0.14722587536131435,0.002113859402543988,0.18443455068078946,0.021041849386195494,0.019696173320078256
plot_5766,7,0.11868011909879521,1,0.0013351897682305572,0.8813198809011972,0.033228552999024316,0.00014204678136334854,0.05529330657700238,0.0016447741775965144,0.027036248795585756
plot_5767,7,0.039366256764904586,1,2.7398920972903786e-05,0.9606337432350883,3.530709072206997e-05,0.033542813022855625,0.0013661812204245382,0.0024516664354569985,0.0019428900744795539
plot_5768,7,0.14040400862743008,1,0.0006752337333287327,0.8595959913725566,0.00021214449451308325,0.12111625415540744,0.016451248532939926,0.00038680056764462247,0.0015623271436094098
plot_5769,7,0.5023064619284149,1,0.021671076954744427,0.49769353807158523,0.23571372878276114,0.0029745708007348493,0.20518226223939812,0.0050471521270212824,0.03171767102375506
plot_577,7,0.5370871956215476,1,0.0062405340677240025,0.4629128043784524,0.18929006144983918,0.16688122311177753,0.1533089826216167,0.004241489826417668,0.01712490454417252
plot_5770,7,0.7697136619168705,1,0.03382775140137893,0.4532940959954002,0.20265958394314618,0.008606559917307924,0.23028633808312943,0.016880568168257986,0.05444510249137917
plot_5771,7,0.8216771926517233,1,0.06293059198669834,0.38776930270850096,0.17832280734827669,0.0009018291171162984,0.2359728818596556,0.12536517426658256,0.008737412713169529
plot_5775,7,0.027268622985709586,1,4.0793332889567054e-05,0.9727313770142905,0.0015314128142711338,0.001663715728125542,0.007763188172257083,0.014658472014158496,0.0016110409240078138
plot_578,7,0.5903138210862625,1,0.01107618362743775,0.4096861789084801,0.22375093674276503,0.17923977965176127,0.15485460964426984,0.007337229779845567,0.014055081645440717
plot_5784,7,0.5417350205294545,6,0.0843883841539466,0.18816915962606612,0.0971996774610083,0.00025880083874996667,0.17171021282831378,8.785621369713176e-06,0.45826497947054545
plot_5785,7,0.662543570975148,1,0.043980910204705695,0.3374564290248225,0.08208039376424475,0.0004928075930565221,0.23611377664363076,7.810654715109512e-05,0.29979757622238873
plot_5786,7,0.7499648199947354,1,0.029257654786510174,0.3507229721130108,0.1251038801038479,0.0003845445033232943,0.24440637446603483,8.939402200853073e-05,0.25003518000526465
plot_5787,7,0.47559253348761377,6,0.049427735881157515,0.09502483565286476,0.18595455027300833,0.0003335681442333914,0.14485093942155758,9.041147922748853e-07,0.5244074665123862
plot_5788,7,0.4926761212869363,6,0.023755258304830457,0.1262084243406653,0.1501883721878577,0.0023694155479762288,0.1901482109874732,6.439918133440117e-06,0.5073238787130637
plot_579,7,0.010460970337547245,1,0.0012275404128413094,0.9895390296624248,0.0002418018291426588,0.0033730161284841248,0.0023717205368268242,0.003055021439167337,0.00019186999111276283
plot_5792,7,0.49476154800061733,6,0.009779527024415393,0.12163631208927271,0.12408107741222985,0.003246448329274688,0.23601276362485857,5.4195205661934604e-06,0.5052384519993827
plot_5793,7,0.469572296797169,6,0.023353732822183632,0.09515093311010256,0.19883954555990616,0.00043202227265301486,0.15179544837774134,6.146545823791283e-07,0.5304277032028311
plot_5794,7,0.68750308337043,6,0.006688414696353111,0.16027841123815925,0.07467045572424197,0.008360325532682055,0.31249691662957,6.116386246855015e-06,0.4374993597927468
plot_5795,7,0.751045361205732,6,0.01532518232445751,0.07058135880541022,0.24895463879426802,0.0005556510171422118,0.13722957142065048,2.010579488231033e-07,0.5273533965801227
plot_5799,7,0.4392538283189329,1,3.680728442037401e-06,0.5607461716810671,0.17198465563696622,0.0032917034199302464,0.23948700248884439,2.649134866412757e-07,0.024486521131263473
plot_58,7,0.21395396167993203,1,1.4354254853428477e-06,0.7860460383199883,0.05535524487932951,0.0013533770658267976,0.0860112036865643,1.051584976671935e-08,0.07123269010695576
plot_580,7,0.1374820413772149,1,0.02064399123024147,0.8625179586215845,0.004907873305564238,0.06106182158077772,0.042492476762654295,0.00015090131669200766,0.00822497718248552
plot_5800,7,0.3132297216327136,1,0.016592038660390208,0.6867702783656365,0.0003089840052953013,1.840082822723192e-06,0.2963017883425397,2.2742086577666984e-06,2.279633465799922e-05
plot_5801,7,0.5345081561999152,4,2.3681369430736183e-06,0.30099561012150916,0.22735411750140555,0.0023305768537394116,0.46549184380008485,1.4212375773814075e-05,0.0038112712105442086
plot_5802,7,0.7609506702154135,1,3.4740907914729367e-06,0.37809272241392017,0.2390493297845865,0.003177172044393059,0.3735213901534996,2.0999835197478406e-06,0.006153811529289501
plot_5803,7,0.6038643276264793,4,1.0289693512318693e-05,0.33158592487415,0.2634830889217504,0.004484179477961371,0.3961356723735208,8.333244863736983e-06,0.004292511414241524
plot_581,7,0.4036633993850261,1,0.020829507608715242,0.5963366006148301,0.0035096018007674283,0.16331115978926591,0.19742247562024476,2.3765824487876024e-07,0.01859041690793168
plot_5818,7,0.5137000772688475,1,1.9071356780313251e-06,0.4862999227311525,0.17999490456397355,0.002133937796371614,0.3147592038512399,1.2596577334090524e-06,0.01680886426385093
plot_5819,7,0.5626255458392546,1,0.012455319597545492,0.5499256693046665,0.00019767966127309534,2.8675592518457153e-05,0.43737445416074544,1.3590400923506928e-05,4.611282327542493e-06
plot_582,7,0.8229631928912342,1,0.03738838263153086,0.5725153568043133,0.004711027810388951,0.17703680710876576,0.18380488718102145,3.0587369727643866e-06,0.024540479727006872
plot_5820,7,0.5628364137373622,1,0.009992463587795063,0.5527981691746858,4.160915675697763e-05,2.0752487859354482e-06,0.43716358626263774,8.52431823009467e-07,1.244137515428123e-06
plot_5821,7,0.4088838681090102,1,0.021759724533107292,0.5911161318893563,0.00017887731044385045,1.2975786299241057e-06,0.38693770242630343,3.502700283984398e-06,2.763561875393854e-06
plot_5831,7,0.3606364448903827,4,0.1203224997674658,1.583993539875245e-05,0.05995986568239776,0.107404975876485,0.6393635551096174,0.04023039335344276,0.03270287027519272
plot_5837,7,0.8546647380371848,1,0.040769717013684766,0.39075684287146545,0.009382704726275443,0.14533526196281527,0.3788272945665759,4.894652575241757e-08,0.03492812991265764
plot_5838,7,0.8622880887525854,4,0.0006743157336592209,0.40537692067688696,0.029090279917906983,0.006314197473800612,0.4170245010176897,0.13771191124741444,0.0038078739326420073
plot_5839,7,0.3781304631363268,4,0.1261061634473612,5.120002172180902e-05,0.08351941997941759,0.08522652137270859,0.6218695368636732,0.04113126018542736,0.04209589812969031
plot_5840,7,0.38657688446032223,4,0.1510983958151128,0.00029100823130869696,0.06927930405497398,0.08823300705833648,0.6134231155396778,0.03710347064919425,0.04057169865139597
plot_5841,7,0.5510265333070481,1,6.665483886431791e-05,0.44897346669264754,0.03550775830515999,0.01805417126726454,0.3721607612929098,0.12458163895935714,0.0006555486437966882
plot_5842,7,0.508387004688353,4,0.00023084823211531546,0.28604585031177004,0.07073624748386632,0.016159754622573987,0.49161299531164715,0.1336638366395521,0.0015504673984751956
plot_5843,7,0.520362684581381,4,0.00014902285508834004,0.2976507989997377,0.08143915596864523,0.037016562932757575,0.479637315418619,0.10307084569990949,0.0010362981252427768
plot_5846,7,0.360270425532854,4,0.1185539431348688,1.7751471825939714e-05,0.09200755376238703,0.07002580584532626,0.6397295744671461,0.04643211898853257,0.03323325232991333
plot_5849,7,0.7590342878952119,6,0.24096571210478823,0.05172182161670309,0.1642338329601793,0.01913826220262225,0.09671448453324448,0.004611048445044784,0.42261483813741796
plot_5855,7,0.528605751706068,4,0.03516719629095177,0.3430783538058027,0.011124272486076446,0.009282480762584365,0.47139424829393195,0.010859950593803442,0.11909349776684938
plot_5856,7,0.6054999566990173,4,0.07240696725608285,0.3401822919219314,0.011071005443938884,0.007765454231590691,0.3945000433009826,0.0410431317943902,0.13303110605108343
plot_5857,7,0.39885074898282236,1,0.019242101849859916,0.6011492510171762,0.005759226992352276,0.009793156187995434,0.33074918968619926,0.0017979786763890695,0.03150909559002769
plot_5858,7,0.30950043762815155,1,0.014112482676061203,0.6904995623718476,0.0030480455348885524,0.042003881585949004,0.23311122931580544,0.00029935636757914304,0.016925442147868855
plot_5859,7,0.18590719522762847,1,0.005588206633620702,0.8140928047723716,0.00032460387920695254,0.11969747896716268,0.037581186768148735,3.774598076245957e-07,0.022715341519681787
plot_5860,7,0.2642817530388253,1,0.022073864327025423,0.7357182469611747,0.0009424056152052115,0.09791771567432606,0.08898441396036003,2.6673468518466252e-05,0.05433667999339008
plot_5861,7,0.6701288424991017,6,0.18341297642675672,0.201946240127354,0.06291283659268385,0.017786080700453486,0.20404648465304362,2.422399881003421e-05,0.3298711575008984
plot_5862,7,0.05066275467474768,1,6.814845365405079e-05,0.9493372453252442,3.42872818389832e-05,0.003130872011973729,0.000474167723604727,0.04434983652104704,0.002605442682637154
plot_5863,7,0.22797547114312114,1,1.2735474422743477e-05,0.7720245288568789,0.00023219134721287802,0.10481279541714762,0.02447607352523913,0.025352916607706832,0.07308875877139198
plot_5864,7,0.22657583877919046,1,8.839263729648634e-06,0.7734241612208096,0.00023603035491322362,0.09157141003515826,0.026746786956424403,0.02899165844706833,0.07902111372189667
plot_5865,7,0.17252060991268556,1,5.529442464933666e-05,0.8274793900873145,1.08565593836255e-05,0.142909474255384,0.003591885028578585,0.0042435777047875834,0.021709521939902523
plot_5866,7,0.04225680984942322,1,3.527629317442228e-06,0.9577431901505634,1.58518036439588e-06,0.02414943730416068,0.00020727433191253822,0.002777953730360693,0.015117031673320885
plot_5867,7,0.11868003369495439,1,0.0006268985841467178,0.881319966305039,0.00024716558116018897,0.00044917765218017096,0.0025591442688482962,0.1025354880237216,0.01226215958490385
plot_5869,7,0.5288146929384793,1,0.0897252200115762,0.47118530706152073,0.012229053016453467,0.07497909053790397,0.1658961269233142,1.3760870023571098e-05,0.18597144157920778
plot_5870,7,0.24373769816646795,1,0.019489120225475633,0.756262301833532,0.0013084636959404283,0.09367086371546018,0.07559316877554045,2.6777343483172616e-06,0.05367340401970295
plot_5871,7,0.5238702841149991,6,0.1591459518061055,0.037352025145945086,0.09159543813697302,0.10889529268308737,0.11365505379327753,0.013226522549610622,0.47612971588500097
plot_5872,7,0.5943946147349721,6,0.2068391147306069,0.06839825520217865,0.04179607645189365,0.05095109901743679,0.16779107861695897,0.05861899071589717,0.40560538526502793
plot_5873,7,0.5301300629633601,4,0.04121502072801052,0.29445430832778147,0.011218876886849668,0.011949480455087192,0.4698699370366398,0.016656850416196183,0.1546355261494351
plot_5874,7,0.6140553873705225,6,0.240664356058774,0.08261301305782218,0.13155147800153158,0.0050148362762375345,0.1541655434372309,4.616053892610309e-05,0.3859446126294775
plot_5875,7,0.5295444539477094,6,0.18841507599539506,0.03241976855976189,0.07985047824072526,0.09637434845611698,0.10844108792169008,0.024043694774020095,0.4704555460522907
plot_5876,7,0.8539423299051553,6,0.21907393028892302,0.08715711387138839,0.14605767009484477,0.008886727453155163,0.16934969528273117,0.0004940720277106151,0.36898079098124703
plot_5877,7,0.7450554930738384,6,0.2549394293374803,0.0803002549661274,0.14455816315510708,0.00436305859712312,0.14361988912775495,3.9402174493322454e-05,0.3721798026419139
plot_5878,7,0.7259799591824163,6,0.2740200408175838,0.13098184289884468,0.037916633401458205,0.007060122557842666,0.22538252387170282,4.264659066614303e-05,0.32459618986190175
plot_5879,7,0.23758502325360437,1,0.011602299219947685,0.7624149767463957,0.0011954714915951702,0.1407420604103168,0.043813762306078946,1.1066777042956697e-06,0.04023032314796154
plot_5880,7,0.6563439431845559,6,0.22075484794534617,0.10068666185711236,0.22652785438817136,0.004881421701339596,0.10345833730876995,3.481998381638644e-05,0.3436560568154441
plot_5881,7,0.14638863264245655,1,0.002764181531426442,0.8536113673575434,0.0005124263395654593,0.002547602903426468,0.12901158998484755,0.0020773968570285974,0.00947543502616191
plot_5882,7,0.23639166217109042,1,0.007885986499168284,0.7636083378289096,0.0014170336216278337,0.0037077855749196647,0.19984120735323987,0.004030283333183967,0.01950936578895083
plot_5883,7,0.7150627067223978,6,0.19577052104620918,0.2634438140150196,0.015921559296938687,0.02181492208123674,0.21807858546547562,3.330481751800157e-05,0.2849372932776023
plot_5884,7,0.3019198556828563,1,0.014645969999076422,0.6980801443171437,0.0016595071616500787,0.18635772691474994,0.04887016842729013,1.7368449305146625e-06,0.05038474633515921
plot_5885,7,0.8154742068698865,1,0.016358112219464347,0.667924840427933,0.00190492328343757,0.18452579313011347,0.07829446763559349,1.4766521542757698e-05,0.050977096781915275
plot_5886,7,0.7740518153520722,6,0.19258893419559103,0.20708346009907147,0.03670570578275587,0.017074289864484185,0.2259481846479276,1.6656585870195207e-05,0.3205827688242995
plot_5893,7,0.1704882560445231,1,0.026464588639740626,0.8295117439554702,0.024259880045282147,0.06738320319872138,0.04116842630524599,0.0005247637754767113,0.0106873940800629
plot_5897,7,0.8104405540591235,2,0.010312377344529064,0.2714513009835366,0.3254951413755054,0.0008207002657358149,0.20235228498399407,8.749105822702754e-06,0.1895594459408765
plot_59,7,0.1729425168711538,1,2.5643415794718503e-07,0.8270574831288462,0.01878658808391941,0.00024286227702950192,0.07370984922701343,1.5692527923256498e-07,0.08020280392375431
plot_5900,7,0.7855520412141909,1,0.21444795878566575,0.46144101681029237,0.08795579787910066,0.05755808918287418,0.09341235252849828,0.0005141589186551787,0.08467062589491367
plot_5901,7,0.5761727403943586,2,0.061423918410096555,0.10722992843856388,0.42382725960564144,0.007873711429177779,0.09443878018929919,0.0825899163846021,0.22261648554261912
plot_5902,7,0.23594735234004505,1,0.008368368580945513,0.764052647659877,0.0928608363545647,0.013024949151912223,0.10102418313861727,0.0028618535456065627,0.01780716156847685
plot_5904,7,0.5897671736121931,2,0.07218961980960281,0.06271679675509034,0.4102328263878069,0.003027247990604653,0.11791666027385403,0.10206153619007136,0.2318553125929699
plot_5905,7,0.7815907218578545,2,0.21840927814214553,0.09018562121605816,0.31696243832238286,0.0004050173821754172,0.2239337478663177,0.030424006289898546,0.11967989078102165
plot_5906,7,0.6432028497750066,2,0.03971188819658759,0.2823229422385491,0.3567971502249934,0.02013160214286829,0.07409783355360926,0.05447628424029288,0.17246229940309954
plot_5916,7,0.5803138671823773,4,0.07779675731129478,0.15938835496349885,0.29673812411501027,0.012297359252721022,0.4196861328176227,6.6940459873903524e-06,0.034086577493865074
plot_5918,7,0.7842440944404365,1,0.004833872166875029,0.6587340300756481,0.0073415192952221466,0.21575590555956353,0.11132010091370671,0.0004841741613644491,0.0015303978276199985
plot_5923,7,0.07576017813722,1,0.011385481692944338,0.9242398218611254,0.0032946913351287284,0.0037210423687550048,0.014367371098823689,0.019804586594471377,0.02318700504875144
plot_5924,7,0.5488207605433717,6,0.0015458416489879424,0.11528694384735984,0.42043691371678016,0.0011429208633797292,0.010408137632022533,2.83484147475818e-09,0.4511792394566283
plot_5925,7,0.5462188784409321,4,0.09110477274813893,0.028722031074720464,0.2033051278974551,0.0,0.4537811215590679,0.002853148196222585,0.22023379852439506
plot_5926,7,0.8042585644205502,6,0.01734789882327497,0.14255946299800365,0.19574143557944979,1.3913278587760705e-07,0.15932426635589522,3.4119455142109244e-06,0.48502338516507637
plot_5927,7,0.7606007858740744,6,0.18102941004858208,0.027545562796706335,0.23939921412592557,0.03569112175826842,0.10852270825776089,1.4739821502317794e-06,0.40781050903060645
plot_593,7,0.518364805570222,1,0.0005060162655108575,0.48163519442943137,0.14156374316412834,0.07999616932952322,0.17056463088574333,0.024424928621128,0.10130931730453487
plot_5939,7,0.8755686251994219,1,0.008132745154597882,0.5746018770728032,0.06582983345342405,0.036186238806283764,0.19042265415197002,0.0003952919183070684,0.12443135944261388
plot_594,7,0.834002178180009,1,0.002781837763217814,0.7661410833318418,0.005791495011907859,0.022096041649372684,0.033982044243894526,0.16599782181999112,0.003209676179774128
plot_5948,7,0.31741655657003076,1,0.0006000459955915548,0.6825834434297849,0.0009056999990362075,0.16769377828667695,0.14818374611749183,3.3286129029357016e-05,4.238927900269404e-11
plot_595,7,0.22192156081437323,1,0.0023000832264176148,0.7780784391844554,0.005376042761823809,0.02178632596559344,0.03554382706397691,0.15407944801962745,0.002835833778105335
plot_5954,7,0.7539854279432927,5,0.2460145720567073,1.2896533243505898e-08,0.28355182392380146,0.0002696140263043263,0.15765956735160794,0.2939185053810855,0.018585904363960227
plot_596,7,0.21660685590556786,1,0.00016789501177070178,0.783393144082544,0.0027390990218456052,0.010952461051355188,0.17598220404806075,0.025507282077816135,0.0012579147066075587
plot_5962,7,0.014521144838888325,1,0.002154082591245855,0.9854788551610465,0.00012764648728691322,0.0018871168728450216,0.0012556650438602518,0.008970782205909309,0.00012585163780616879
plot_5963,7,0.15530157721486518,1,3.4827135798807e-05,0.8446984227851349,0.024150828623756386,0.03527991338134923,0.08090751458027866,0.009432336068653832,0.00549615742502829
plot_5965,7,0.4473969017580164,6,0.02124126644178137,0.07609153918276773,0.09750335676382518,0.017010568691826607,0.2355495446145381,6.260632774845294e-07,0.5526030982419836
plot_5966,7,0.3386703076249533,6,0.04893597669373356,0.03491753258477401,0.12446603102285107,0.004237410381257996,0.12611327367026662,8.327207005825213e-08,0.6613296923750467
plot_5967,7,0.4021727051136546,6,0.03735833305131388,0.00788669797677741,0.3295610729697451,0.0017072629852695094,0.0256593338966991,4.233849647786697e-09,0.5978272948863455
plot_5968,7,0.5543086329902456,6,0.020318363964310467,0.008735307132714042,0.44569136700922507,0.0022912087392317577,0.017940423604907878,5.205520716315899e-09,0.5050233243440901
plot_5986,7,0.7190851047652099,2,0.28091489523479,0.027049197932807214,0.44836643958581995,8.059855291205357e-08,0.0807441496353752,0.0003161972398853757,0.16260903977276933
plot_5989,7,0.5879768949453914,4,0.08594168655193972,0.09297881968798152,0.09526463667193698,0.0003722484183427755,0.4120231050546086,0.06901631558319199,0.24440318803199845
plot_5993,7,0.3381236949987135,1,0.27171020054336154,0.6618763050012866,0.001989218979238123,0.0198392805452987,0.010872827296928777,0.03231403990241399,0.00139812773147236
plot_60,7,0.08049517405661777,1,1.1197327172485303e-05,0.9195048259429827,0.0028452900053335317,2.7333941519597936e-05,0.053516780965048145,4.444814743409868e-16,0.024094571817943302
plot_6011,7,0.5337608762691867,1,0.14908836159551928,0.46623912373079124,0.10739812111668168,0.029867260166375108,0.14020152922864065,0.00041873147270946964,0.10678687268928252
plot_6012,7,0.8038435327751279,1,0.23905722399677776,0.2631763694531672,0.11240064035940672,0.07351767212990605,0.11566054562896161,3.108120690839638e-05,0.196156467224872
plot_6013,7,0.46488657565528274,1,0.192087964324821,0.5351134243445325,0.08688044761366356,0.04271199133402262,0.07420273734413868,0.0021075462704679866,0.0668958887683538
plot_6014,7,0.6373242902908371,1,0.22147779325777198,0.3626757097091619,0.0872646134935549,0.08569338319646985,0.11180081615547204,0.00018528930464663222,0.1309023948829228
plot_6050,7,0.6769684388893739,4,0.0017822882548763058,0.007551464790910184,0.32303156111062614,0.003955418540256411,0.38097225966588155,0.1755808168752232,0.10712619076222629
plot_6051,7,0.6159399685287974,4,0.0005237835155709899,0.0030903614070613905,0.29671393125536677,0.0017009274028821023,0.3840600314712026,0.2156974327990898,0.09821353214882637
plot_6052,7,0.1677269363277446,1,0.0008971102618888741,0.83227306366766,0.05057630290400634,0.0022072118280667442,0.09483791220187897,0.007793700898607649,0.011414698237891529
plot_6053,7,0.16110814170046406,1,0.0010526794071674893,0.838891858299307,0.026390160368488624,0.0049913940278954495,0.10139729619447951,0.019462357746127812,0.007814253956534126
plot_6054,7,0.10762459997681764,1,0.00368594193420452,0.8923754000230049,0.038934751506787164,0.0023768793010224302,0.054072145293575416,0.0037806942997344224,0.004774187641671156
plot_6055,7,0.1442505265654069,1,0.0027607237541198994,0.8557494734344285,0.07221130415619863,0.0010123959189039429,0.05622584790059185,0.002620305911704425,0.00941994892405257
plot_6056,7,0.12180202280196067,1,0.0013593295320974937,0.8781979771978243,0.022682075092682726,0.010442987382678758,0.05580285083488011,0.025450377697307996,0.006064402262528473
plot_6057,7,0.4802959152668304,2,0.005686966969503627,0.0002628952290768363,0.5197040847331695,0.00010269238612814434,0.10929492106661037,0.3641680544627808,0.0007803851527305743
plot_6058,7,0.3469710883315293,5,0.013472737027879473,8.679073746013773e-06,0.2874447911603706,4.569125344598176e-05,0.042042941736102596,0.6530289116684708,0.003956248079984587
plot_6059,7,0.33661672613666815,5,0.022049675230787113,9.338009277826807e-06,0.25321406601995894,1.2256179020689485e-05,0.053510217589386504,0.6633832738633318,0.00782117310823721
plot_6060,7,0.19947390172968077,1,0.009053294711313385,0.8005260982699005,0.11599908863362196,8.003042967589619e-05,0.05879872599386449,0.0009067374715295204,0.014636024490094341
plot_6061,7,0.7829216188386321,5,0.05722958614565561,0.09963853597831507,0.0010198792830874385,0.0011687896088055383,0.21707838116136433,0.621890028864622,0.0019747989581500153
plot_6062,7,0.8730146021012611,1,0.003435643916774112,0.677179674503296,0.12698539789873897,0.00017345737334159718,0.14762225000928378,0.00646207546246995,0.03814150083609572
plot_6069,7,0.6051464620759239,0,0.3948535379240762,0.041091725758869074,0.2013719587343441,0.0009177609983201826,0.08056618092645412,0.0007349278216025552,0.2804639078363338
plot_6072,7,0.6996481282073944,2,0.0436951525873147,0.06569452670896522,0.3003518716757243,0.0659601722978368,0.0687506006490175,0.2835936843417823,0.17195399173935919
plot_6073,7,0.6683548179355226,2,0.12593488443833814,0.18740960478619703,0.33164518206447735,0.10613505407346062,0.007345600398222186,0.11344087422774955,0.12808880001155526
plot_6074,7,0.20783545259157474,1,0.0025672812965995724,0.7921645474082346,0.020054686120626407,0.012845596708594857,0.10993989699670895,0.05137940172590852,0.011048589743327158
plot_6075,7,0.18736013825300646,1,0.00272692648226216,0.8126398617469505,0.019216993011490855,0.01627640713948959,0.08453431887936609,0.05424571890932976,0.010359773831111212
plot_6076,7,0.18006770417794832,1,0.004909738482817743,0.8199322958218671,0.025448530701692708,0.02592228181749556,0.040551930698420405,0.07042035939599267,0.012814863081713791
plot_61,7,0.08989633626887181,1,3.9851973383951216e-05,0.9101036637311282,0.00029095025382038094,5.7045011679435505e-06,0.08440396249234247,1.0220695346650033e-17,0.005155867048157009
plot_6106,7,0.4116477472618947,6,0.029814036316942356,0.005461320906574544,0.3572686954519946,0.0009032529603906249,0.018200441625985705,6.906955281252964e-15,0.5883522527381053
plot_6107,7,0.542551168406779,2,0.002783361958053825,0.023903205376045542,0.48883598244322946,0.004703854038982961,0.02232475214844714,1.2442020040784103e-08,0.45744883159322114
plot_6108,7,0.512043712236409,2,0.0038128026891426177,0.0672805337440712,0.48795628776359096,0.00806949836117955,0.0456026358196,1.1108873916613859e-07,0.38727813053367655
plot_6109,7,0.7201791317614508,6,0.060667699990553436,0.018970610954903704,0.2798208682385493,0.0007458091729624818,0.04558493103475782,4.6450732617034606e-10,0.594210080143766
plot_6110,7,0.3467914563178658,6,0.05679724281394578,0.01919682556786948,0.21326780584206242,0.0014108015805832817,0.05611877675709262,3.756312234228113e-09,0.6532085436821342
plot_6111,7,0.647504061903983,6,0.007702575398846855,0.180948096939301,0.06539975015527788,0.03334133716801233,0.3524959380960171,5.919940196743542e-06,0.3601063823023482
plot_6112,7,0.7137891590136809,4,0.008809329163725536,0.2862108409862687,0.051752352605194424,0.041171670700389955,0.3719845646715407,3.572514187524871e-05,0.24003551673100554
plot_6114,7,0.3287667305918811,6,0.06802138963216844,0.028378062669648707,0.13826852795383968,0.0018510926193491032,0.09224765194984919,5.767026007282498e-09,0.6712332694081189
plot_6115,7,0.5343393959686269,2,0.004104610282754145,0.054400239425142494,0.46566060403137305,0.02635580105335785,0.07438771012278915,1.071275993918274e-06,0.3750899638085894
plot_6119,7,0.6959593418090207,4,0.017040960693689503,0.30404065819095155,0.10244551300761558,0.11067610886118365,0.3524036221318816,0.00020277039614899822,0.1131903667185292
plot_6136,7,0.792691764302965,1,0.00676284591889316,0.27453181324890324,0.20730823569703513,0.12304461154286885,0.2634009182434442,3.917545538439196e-05,0.12491239989347115
plot_6138,7,0.8647351489232197,4,0.015861116220990318,0.29647688727177657,0.13322427931412376,0.13526485107678038,0.32219867183925677,0.00019135495641541602,0.09678283932065684
plot_6158,7,0.6639520231781981,6,0.005177300864929205,0.12908563469964857,0.06411855840576852,0.009428423494860366,0.3360479768218019,1.1606835910745413e-06,0.4561409450294004
plot_6170,7,0.11429008720410748,0,0.8857099127958925,0.024854109134352837,0.03351657172221868,0.00011885055236070721,0.04219134642058914,0.004918026273956606,0.008691183100629472
plot_6172,7,0.5686863680990359,4,0.0003526351913701884,0.004150477959374783,0.30740237767836587,0.0018542036893017208,0.4313136319009641,0.17302312667906744,0.08190354690155591
plot_6173,7,0.8701220469932482,4,0.002205397072140051,0.004334808449499347,0.29089359066700715,0.004228300321559529,0.32198347674136224,0.24647647374167986,0.1298779530067519
plot_6178,7,0.006492802275622418,5,0.00038332785051414613,2.584126616576331e-08,0.004990811456233866,5.083075581606226e-07,0.0010438733669330463,0.9935071977243776,7.42554531170172e-05
plot_6180,7,0.49301190349480556,2,0.0019692043396158875,1.2401841673828524e-05,0.5069880965051945,0.00042276281231224994,0.05637318972738146,0.4339892077638291,0.00024513700999305503
plot_6190,7,0.00047770059952599944,5,2.1428672892801963e-05,1.0621078789860146e-148,0.0004013652950590271,1.2242684634130424e-07,5.16451681211499e-05,0.999522299400474,3.1390366066689455e-06
plot_6195,7,0.27563340335108005,5,0.006964243569686759,1.1435663523127098e-06,0.244153595405477,5.906458768008969e-05,0.022808458837567564,0.7243665966489199,0.0016468973843163683
plot_62,7,0.2698657971201658,1,0.10203704432276155,0.7301342028759268,0.04948860828637775,7.878345424043514e-05,0.10861192796395722,0.007713112590923904,0.001936320505812496
plot_6202,7,0.01108977700859523,5,0.0007275253758768118,3.3889174670331813e-147,0.009114488670233114,4.8510797778813046e-06,0.0010788045140728345,0.9889102229914047,0.00016410736863456402
plot_6203,7,0.0004823951490611234,5,2.159829340935634e-05,1.071151077241623e-148,0.0004057320087292827,1.0521367940237808e-07,5.191788276736783e-05,0.9995176048509389,3.0417504757164123e-06
plot_6204,7,0.0009734462325197062,5,4.8576107350894535e-05,2.381877855971222e-148,0.0008365233109021067,7.747583795591318e-07,7.755018055405062e-05,0.9990265537674803,1.0021875333086579e-05
plot_6205,7,0.006445674664482307,5,5.7557724910063e-05,1.1144874130895804e-06,0.002457480341598187,9.512295399913043e-06,0.0038980877221566805,0.9935543253355177,2.1922093004366616e-05
plot_6206,7,0.5005840552556409,5,0.00502151464098825,0.00018072941306862718,0.2906189086529018,0.008341392544235519,0.19639219223255944,0.49941594474435913,2.9317771887355913e-05
plot_6207,7,0.5001999112328569,5,0.0028248892354929543,3.0214108149839144e-05,0.3777530017686286,0.003179593197688568,0.1163731092494587,0.4998000887671431,3.910367343806902e-05
plot_6208,7,0.20908995074267633,5,0.0859236744305511,0.054314244777835134,0.0031572780921159662,0.0024099378146866966,0.05832884084276205,0.7909100492573237,0.004955974784725381
plot_6209,7,0.00013787772126573578,5,5.597670181532021e-06,1.917169078857657e-149,9.813201382409468e-05,4.7812638541215414e-06,7.530325333123299e-06,0.9998621222787343,2.1836448072877737e-05
plot_6217,7,0.2250797160670782,1,0.010974839176406733,0.7749202839326246,0.04819918047026278,0.050323880519639805,0.016796093299768135,0.0741216079536081,0.024664114647689618
plot_6218,7,0.8826231118721624,1,0.0583180331649749,0.35645244773893714,0.20695147354720078,0.11737688812783754,0.008367222776821314,0.14110076804689903,0.11143316659732941
plot_6242,7,0.4703956893375265,4,0.04247790587655979,0.19706668829028612,0.014896486977452437,0.11044899530997573,0.5296043106624735,1.1553496677400161e-09,0.10550561172790278
plot_6245,7,0.2087659849422505,1,0.009526477419594429,0.7912340150542972,0.0364747928127662,0.0077488726434078855,0.1026348147654695,0.015083442132188122,0.037297585172276666
plot_6246,7,0.7190842074300989,1,0.05031484538934597,0.4589953995095245,0.007919848938115117,0.11412240003265839,0.28091579256990107,7.4234967878098826e-06,0.08772429006366722
plot_6247,7,0.4533501299229004,1,3.0299128466271718e-05,0.5466498700770995,0.1741240227870458,0.0,0.17503792013652528,5.027254763582103e-08,0.10415783759831534
plot_6248,7,0.8184624582438886,4,0.05418243897893374,0.006612545305945327,0.019982657442822856,0.18153754175611145,0.6345948930165938,0.0050327263874922245,0.09805719711210065
plot_6249,7,0.29488038206414613,4,0.05924486639656429,0.00791966614370269,0.02865849086586202,0.12561865572626307,0.7051196179358539,0.006231936636783475,0.06720676629497059
plot_6252,7,0.6253904471228134,4,0.02036791924140939,0.35484295723296644,0.08207721008849655,0.010210137797287458,0.37460955287718656,0.0006130755641354183,0.15727914719851818
plot_6253,7,0.1592318065620687,1,0.05022322981145167,0.8407681934379314,0.04368875399245517,0.00011466065030433709,0.011520401864593055,0.0523203988230736,0.001364361420190917
plot_6254,7,0.8115957209395439,0,0.49646565793865904,0.044677876171312775,0.25042768316842284,2.7452579596443267e-07,0.1884042790604562,3.517446544669898e-05,0.019989054669906536
plot_6255,7,0.5046720040084778,2,0.2239273822681634,0.20944683407861475,0.4953279959915222,1.0151825289648742e-05,0.07016732497266963,0.00045652029993688194,0.0006637905638033127
plot_6256,7,0.5879370913752916,2,0.3235908438712955,0.14358568062370408,0.4120629086247082,5.052628826091768e-06,0.11674784785362866,0.0003131595620654422,0.003694506835771884
plot_6257,7,0.6189103435951357,2,0.002617369148534488,0.020813883273890103,0.5860645276688683,0.0,0.009414563503574013,2.687165210085921e-13,0.3810896564048643
plot_6260,7,0.42996058539292953,1,0.006940480886932937,0.5700394146070705,0.021266027921601333,0.0,0.3418495553227287,0.0016061118523670959,0.05829840940929947
plot_6261,7,0.4301737294705459,1,0.006973783830994546,0.5698262705294541,0.021365576869821067,0.0,0.3417312210400837,0.0015688329693775791,0.05853431476026898
plot_6262,7,0.2805830384256902,0,0.7194169615743098,0.028808132169736052,0.04638330885376726,0.0073493998257606035,0.04621978626077292,0.10841585692228796,0.043406554393365354
plot_6265,7,0.7845359165685729,1,0.053043346024622934,0.35307428190772494,0.32457919673586466,0.004074346168927188,0.21546408343142712,0.04079119451166499,0.008973551219768165
plot_6266,7,0.45130888269624253,2,0.011373363861989939,0.1666039123766574,0.5486911173037575,0.004251784644489372,0.240593634989895,0.00894481151742101,0.01954137530578979
plot_6267,7,0.4609245412294007,2,0.011853145962569816,0.17873551330210977,0.5390754587705994,0.003949592623616929,0.23955831355192392,0.008724378298206312,0.018103597490973976
plot_6268,7,0.40520716723180944,2,0.007154474420414737,0.12324166787190295,0.5947928327681906,0.0011727442058908726,0.20570320496043853,0.004387039552924344,0.06354803622023808
plot_6269,7,0.5904875314258287,1,0.06342646602313173,0.4095124685732633,0.3928777398721772,0.0013670244511674156,0.13245553808760185,0.0003071896873520721,5.357330530644473e-05
plot_6270,7,0.8340713227571394,2,0.06857256314339598,0.3050915470434141,0.4601602299557001,0.00016759567584191708,0.16592867724286073,3.523860628464592e-05,4.414833250265413e-05
plot_6271,7,0.5280614620173089,2,0.10023671831184103,0.3029346369193966,0.47193853798269114,0.00011959633644078303,0.12453649591714241,0.00016329580215224829,7.071873033587092e-05
plot_6273,7,0.6918412028461686,1,0.02032373129478646,0.48177572809489694,0.06911291079067877,0.0,0.30815879715383154,0.0003742846320190627,0.12025454803378732
plot_6276,7,0.373188205420303,1,2.7399061832112978e-06,0.6268117945784601,0.06306420634385129,0.0034168568049374247,0.20814403879619697,8.737761383998282e-09,0.09856035483260976
plot_6288,7,0.6721802972094981,2,0.27578241580552054,0.000866949339287916,0.36707383326495846,5.721507308455043e-07,0.026791962819823115,0.0016645638291773197,0.3278197027905018
plot_629,7,0.7915968418092817,2,0.22222428413377657,0.09433722420171664,0.32118722681812595,0.044126400027912925,0.0805662680013335,0.2084031581907182,0.029155438626416223
plot_6293,7,0.7132155834259146,2,0.016565324142794904,0.24065338521403326,0.28678441657333575,0.008362067821327472,0.23343314634723028,0.00014735657452639222,0.21405430332675202
plot_6294,7,0.49974966275512867,1,0.01704443552694921,0.5002503372448713,0.21207899703818728,0.0004809962833335307,0.1456144211191598,0.000826517223572505,0.12370429556392641
plot_6295,7,0.75780239068385,1,0.006803963232812123,0.3057318640243096,0.2245507901273892,0.000612065987555847,0.2421976093161501,0.00020470116187856785,0.2198990061499046
plot_6296,7,0.569404215864662,1,0.012227847411841082,0.43059578413533806,0.020621451759446047,0.07430139644184919,0.3624649770330284,0.004783286184587291,0.09500525703391001
plot_6297,7,0.5813744687050317,4,0.01689369146869842,0.3397518469090885,0.022081474081514296,0.07403766292878758,0.4186255312949682,0.0072898186864017575,0.12131997463054135
plot_6298,7,0.5232236095926531,2,0.0807135081658431,0.2917558452445288,0.476776390407347,9.619691596391162e-05,0.15056155568301413,3.371829469470278e-05,6.278528860837544e-05
plot_6299,7,0.42557240918700295,1,0.008842827930220107,0.5744275908127914,0.05998332173659826,0.06058127498301276,0.2145728795022166,0.022103665865231915,0.05948843916992895
plot_63,7,0.28547881081050847,1,0.11525881108062438,0.7145211891892143,0.050271359245009806,5.478879022603389e-05,0.11013568320250294,0.00784657487239696,0.0019115936200256411
plot_630,7,0.7818253420166544,2,0.21817465798334196,0.0641664976955272,0.38053236900590065,0.05438183656037918,0.07820086931553297,0.17715195565166977,0.027391813787648368
plot_6309,7,0.3043842673380622,5,0.10989275478627787,8.783964006219679e-10,0.09452370887420872,0.0004921333234389466,0.06681687743354263,0.6956157326619379,0.032658792042197654
plot_631,7,0.24112322464229796,1,0.00024229757604220625,0.7588767753567062,0.025625436997385773,0.04905541934331711,0.07491867930680035,0.07574026460481151,0.015541126814936784
plot_6310,7,0.8316857712564819,5,0.05930707803834119,0.0,0.008564907507151458,0.16831422874351806,0.058118030481069186,0.6824973172209653,0.023198438008954818
plot_6311,7,0.23692116765654703,5,0.034800845440821716,1.5939409683147921e-09,0.0020735960862646678,0.16119974872386206,0.031136002639190766,0.763078832343453,0.007710973172466887
plot_6312,7,0.30951397672536096,5,0.06055859945335243,0.0,0.003034152506249226,0.16744138982469292,0.050729159386312075,0.690486023274639,0.0277506755547543
plot_632,7,0.04205133393817634,1,0.007976733851996176,0.9579486660617158,0.0005808921605323256,0.0021302548018965798,0.004068532513353007,0.027091738617062468,0.00020318199344357982
plot_6322,7,0.37681139266173924,1,0.16999845200349034,0.6231886073348059,0.014585190136541169,0.0198394089179944,0.1692895138948619,5.869234201722804e-07,0.003098240788886199
plot_6323,7,0.4187239139696575,1,0.04424156935931266,0.5812760860296041,0.0033082023197938096,0.18809846442842085,0.14142353494607487,8.343649187877977e-15,0.041652142916785415
plot_6324,7,0.3414776271667776,1,0.02413559771352434,0.658522372829648,0.002420895873372537,0.24246783485966594,0.04187630851008763,4.1628853314911994e-16,0.03057699021370104
plot_6325,7,0.7903664524278988,1,0.018041051900160924,0.7142995813210457,0.0012184898529332962,0.20963354757210118,0.0393524414968699,1.4269295547091715e-08,0.017454873587593556
plot_6328,7,0.47151099077724185,4,0.00018777613710120464,0.1682979065294072,0.12129131450304355,0.1678355695224144,0.5284890092227582,0.0073420287680764276,0.0065563953171990695
plot_6329,7,0.37773262366006405,0,0.6222673763392796,0.005685390246660259,0.0007587599507743358,0.00013477501093550438,0.2780376644360625,0.0920261971439205,0.001089836872367411
plot_6330,7,0.5414507486211826,2,0.019060614683843954,0.055573818668968974,0.4585492513788174,0.003222213552427588,0.2898776024042645,0.0172383259515497,0.15647817336012784
plot_6331,7,0.4541962453999402,4,0.054832244911571765,0.19048103403312477,0.15989211012457785,0.029823203252548013,0.5458037546000598,0.007500395827376714,0.011667257250741029
plot_6332,7,0.7363811313815661,0,0.39931285859747023,0.00021871904511106262,0.26361886861843375,1.290818342657389e-05,0.04365584918985703,0.00934193213625864,0.28383886422944277
plot_6333,7,0.5250843128465336,2,0.08762548607234376,0.004532129390176589,0.4749156871534664,5.78676550400406e-06,0.2177132576381068,0.003520102054680057,0.2116875509257224
plot_6334,7,0.4720078486614895,2,0.04056973371937484,0.015488938151491296,0.5279921513385105,8.291847727709176e-06,0.21981053034252235,0.0005171980403275297,0.1956131565600458
plot_6335,7,0.6583308247846034,2,0.1132778615039811,0.34166917521539675,0.4410849872062626,0.00012410771713074295,0.10351341192847714,0.0001949347791982602,0.0001355216495534869
plot_6342,7,0.3027604299447013,4,0.1501140209817049,0.00901215547162815,0.09930540955040443,0.017530526197067058,0.6972395700552987,0.0184723354482319,0.008325982295664834
plot_6344,7,0.615686898694085,0,0.3843131013059149,0.05012792330876521,0.24322034714882737,0.02685499761235941,0.2085074340270146,0.08601482629845726,0.0009613702986611183
plot_6350,7,0.5723002182441522,4,0.08931048067150461,8.826188423023215e-08,0.01763353498529607,0.008205506019000058,0.4276997817558478,0.16135434402048604,0.29579626428598127
plot_6351,7,0.3193414591537319,5,0.04124913125123018,5.4377588274467216e-08,0.0019009971773731916,0.007374215031652986,0.10118121928039599,0.6806585408462681,0.16763584203549134
plot_6352,7,0.8820195399760001,5,0.11798046002399981,0.0,0.0272818926002893,0.00012153867740251884,0.017832057372555925,0.8249155421291254,0.01186850919662688
plot_6356,7,0.4220904250714271,1,0.029293605379383175,0.5779095749234087,0.01580732212154878,0.21242363365977063,0.07291899993710367,1.4568049838035004e-15,0.09164686397878373
plot_6357,7,0.3705612358736942,1,0.18998486931763803,0.6294387641109093,0.00228393489038257,0.019872316298902626,0.15723389419554284,1.1662459426211722e-08,0.0011862095241652946
plot_6358,7,0.1759858393905171,1,0.042291455862849735,0.8240141606012533,0.004040543126858407,0.07588450236751605,0.02303774505067768,5.289159891225612e-05,0.030678701391932357
plot_6359,7,0.8200365193358528,6,0.028917203750141795,0.08635263399791232,0.2830766282663124,0.04093113607738505,0.17996348066414725,7.516689907137975e-10,0.3807589164924322
plot_6373,7,0.7443955023620559,4,0.2556044976379441,0.09477257094460839,0.03349919380992856,0.0008948254619237274,0.5691347131428319,0.008577015324362502,0.037517183678400845
plot_6374,7,0.6752176920233216,2,0.06859541991284411,0.2673335847570424,0.3247823079766785,0.2617624513451749,0.04882687072898465,2.190288578236995e-08,0.02869934337638975
plot_6375,7,0.4402986161109718,4,0.008607551772793228,0.00011392987587325543,0.352762110125277,0.026551657328934882,0.5597013838890282,0.0012713556735927504,0.05099201133450078
plot_6376,7,0.5708417294436324,4,0.00599873697979525,1.1881718636149061e-05,0.429158270556324,0.009192876177875725,0.5305559618692105,0.000423657415086294,0.024658615283072165
plot_6377,7,0.6073977604539652,4,0.020355984410066863,0.29871121648531535,0.07871362883923279,0.033387214471781924,0.3926022395460348,0.00406314637387943,0.1721665698736889
plot_6378,7,0.576099323042039,4,0.027451224851707767,0.22518744745098834,0.11123095695230922,0.013746101774707408,0.423900676957961,0.0005821700757273325,0.19790142193659893
plot_6379,7,0.5568556180975448,1,0.07922002449176724,0.44314438190022976,0.0015885007438222322,0.2578804942840405,0.12074266862234104,4.6263376736772106e-20,0.09742392995779933
plot_6380,7,0.6552806562278957,6,0.07391104346002958,0.15023770357437688,0.06531495209428462,0.08206090525092787,0.2837560518481666,1.1012780395017756e-13,0.34471934377210445
plot_6381,7,0.8209966782412834,4,0.1790033217587166,0.2987324090413871,0.0028246549053084083,0.07356135015455433,0.3929438984593563,1.022855068556001e-13,0.05293436568057508
plot_6382,7,0.6451319680605193,1,0.15813195071792255,0.3604361633780901,0.002519304833227889,0.08167390312064733,0.35486803193948063,4.180074411260277e-14,0.042370646010589506
plot_6388,7,0.7786321060785171,4,0.10971704423363943,0.00017326202938967766,0.017879626791095695,0.22136789392148298,0.5501757277069609,0.022640157752751515,0.0780462875646799
plot_6389,7,0.7726348420361989,4,0.08873200391115096,0.0017508888246146842,0.01572724160024623,0.22736515796380113,0.529345372926995,0.006015373972928265,0.13106396080026375
plot_6390,7,0.24159683227934806,4,0.11896348473181617,0.01687379922140346,0.052004492303452055,0.03281944907176579,0.758403167720652,0.0075898941608805,0.013345712790030089
plot_6391,7,0.2602259322445318,4,0.13473107214324861,0.025831166880637926,0.06628705653031951,0.018594545798670155,0.7397740677554683,0.008582199095402244,0.006199891796253328
plot_6392,7,0.28162002888137255,4,0.10625726049405822,0.0036397396332672072,0.06650869574095344,0.06365666987760879,0.7183799711186275,0.016012633747321633,0.02554502938816326
plot_6393,7,0.8838901147905582,4,0.1649536225541545,0.010353580926780208,0.11610988520944178,0.015873782514743688,0.6642589458227427,0.020098808429700632,0.008351374542436611
plot_6394,7,0.8010129601309502,4,0.2183503556019797,0.004072175840480722,0.1989870398690497,0.07134151536726971,0.39782907372307386,0.08333181011695343,0.026088029481192876
plot_6395,7,0.7343428555846319,4,0.26565714441536814,0.02354095083852779,0.23307810128927375,0.04243481967908909,0.3450124575679161,0.08213195618786764,0.008144570021957419
plot_6396,7,0.48239757037416964,4,0.17751996490352215,0.0015650533565928226,0.16511554125404673,0.07734518582826791,0.5176024296258304,0.028899676446227117,0.03195214858551285
plot_6397,7,0.46738211951200187,4,0.3207484844572501,0.00243470458098831,0.09134715685436677,0.02517238560240008,0.5326178804879982,0.0019735169910977575,0.0257058710258989
plot_64,7,0.7321261544612545,1,0.05622621362321717,0.5014395960945077,0.2678738455387454,0.00011034143761055561,0.04635664426595637,3.432473263622549e-05,0.1279590343073265
plot_6414,7,0.4346511824042982,1,0.013937545837085797,0.5653488175955829,0.012933936790634957,0.1496049685600956,0.19450498065632113,4.833336647583555e-05,0.06362141719380396
plot_6415,7,0.42411016449969996,1,0.015959429164472648,0.5758898355002999,0.012506475083076615,0.14416848023358797,0.17795882510949726,3.776410881885827e-05,0.07347919080024656
plot_6416,7,0.8438649556179019,1,0.05209543359727555,0.5539373439968688,0.0346060069993291,0.1561350443820982,0.11219594196735314,2.682398396752153e-06,0.09102754665867843
plot_6418,7,0.8299118496594691,2,0.018396411450008785,0.05108859829615359,0.4499436965999921,0.0029182295816170913,0.2911259892962696,0.016438924435427788,0.17008815034053085
plot_6419,7,0.5840341174358098,4,0.049134927937455664,0.2677977617491226,0.15549479197108163,0.021786422983006547,0.4159658825641902,0.0395506266954274,0.050269586099715886
plot_6420,7,0.5743001271845767,4,0.05619675166809847,0.16190814412153093,0.20098116182987474,0.019242919279062187,0.4256998728154232,0.05284928232630544,0.08312186795970503
plot_6421,7,0.5817961625053082,4,0.0551655467792479,0.1518459931941135,0.21585470766202255,0.01813277828523131,0.4182038374946918,0.051529504858329384,0.08926763172636361
plot_6422,7,0.6142724674372751,4,0.06465851376150221,0.3295799417187034,0.08628483412239271,0.040505067980837,0.38572753256272485,0.06110470753281086,0.03213940232102899
plot_6429,7,0.2455859656351504,0,0.7544140343648497,0.004726415579911621,0.07894113473787086,0.048912586790431895,0.0010968905780579538,0.0028046508358471464,0.10910428711303097
plot_6430,7,0.29043501385231507,0,0.7095649861476849,0.007125229603057878,0.09650708888455989,0.06861831589639827,0.0004318719568168173,0.0010503855375770866,0.11670212197390516
plot_6431,7,0.8723511206433856,3,0.12764887935661434,0.244408577441132,0.22601734286699854,0.27854085399003,0.06404536926105894,2.3270596779342734e-09,0.05933897475710652
plot_6432,7,0.24419236264731028,1,0.017281277999529523,0.7558076373526897,0.021902671249320233,0.043409446401187,0.0945638538910487,2.5202485271193935e-06,0.06703259285769782
plot_6433,7,0.47642050934360497,1,0.10263880887312267,0.5235794906515068,0.01042426432674724,0.1242738999046444,0.11683366813667581,0.11799964860922546,0.004250219498077505
plot_6441,7,0.749898520863889,1,0.22958503234922423,0.49215714359885,0.0012820108253556977,0.021061284150588104,0.25010147913611086,2.6640112953039896e-09,0.005813047275859664
plot_6442,7,0.7611366018467942,1,0.23886339815320573,0.501568589366051,0.001748804847472959,0.020186662813705278,0.23222094214459546,4.6593492200848355e-09,0.005411598015620413
plot_6443,7,0.8386899796482112,1,0.06077624024972174,0.6985978022185192,0.04082161835986988,6.965926499054367e-06,0.028269347209726806,0.010218005683874496,0.16131002035178876
plot_6444,7,0.4694004328777809,1,0.015873443791827355,0.5305995671222191,0.15321588186585008,0.003783195795789749,0.2655420909154258,0.0001639746899382674,0.03082184581894966
plot_6445,7,0.2457553344165863,1,0.010179471807461045,0.7542446655746164,0.013613700061953896,0.1797221056262876,0.027448003948587568,0.003678413742917272,0.011113639238176256
plot_6446,7,0.44927509847827185,4,0.047561929301542294,0.1236834522258467,0.02539216592658939,0.2460827142271778,0.5507249015217281,0.006179344110260233,0.00037549268685543776
plot_6447,7,0.8910801322373065,1,0.03982473683661518,0.4262129599063368,0.10891986776269352,0.2037297676521327,0.2174689020443018,0.003466167695513259,0.00037759810240667834
plot_6448,7,0.6304174093725039,0,0.47579731178385887,0.01976347348896077,0.0008630389785533718,0.0010511137756544688,0.36958259062749604,0.1266023491845075,0.006340122160968905
plot_6449,7,0.41837017522671255,0,0.5816298247732425,0.01816534461317687,0.17337829871273058,9.555024369468502e-09,0.1953716010566429,5.2150408698745115e-06,0.031449706248312934
plot_6451,7,0.25285785786130915,4,0.011911686983046791,0.015760492011875116,0.06634114929343009,2.4342609603119525e-05,0.7471421421386909,0.014445812759601469,0.14437437420375257
plot_6452,7,0.27727518065874307,6,0.003359509893854494,0.06398577573864417,0.07831375151337089,0.10475877892932249,0.02685736458354178,9.32068444160435e-15,0.722724819341257
plot_6453,7,0.2567602119051221,6,0.00505942613963342,0.048552101071013556,0.07001818363946061,0.10075270080320156,0.03237780025180263,1.0325438527955674e-14,0.7432397880948779
plot_6454,7,0.24511487437166837,6,0.017463821741233447,0.02271804589736109,0.08040383103732877,0.07724528119951533,0.047283892078581365,2.417648291479849e-09,0.7548851256283315
plot_6455,7,0.8413934823351528,6,0.0004996324681317669,0.15860651766484724,0.198024895764665,0.10225569130010242,0.05203408072264613,7.2246814430541115e-16,0.4885791820796067
plot_646,7,0.8498836606015552,1,0.05806174121190262,0.4282493473559365,0.21239451424859213,0.07483997026290953,0.1501163393984448,0.07102932643252231,0.005308761089692115
plot_647,7,0.3694488764697967,1,0.06089482241723879,0.6305511235302034,0.01319038873673882,0.14421670114592972,0.11948374650488086,6.2194512547307666e-06,0.031656998213753756
plot_6472,7,0.5315104600003477,1,0.11093629925508221,0.4684895399794569,0.010963454366532774,0.09802175955750593,0.15994468372620238,0.1444755675370186,0.007168695578201216
plot_6473,7,0.8661943076326244,1,0.10772113022249574,0.4088385947131968,0.03882552665038469,0.08327711699050028,0.21122544405014032,0.13380569236737563,0.016306495005906595
plot_6476,7,0.4024687756676151,1,0.02767640736332171,0.5975312242059589,0.01301690757198418,0.1494243768470057,0.14099340987836775,9.290598574427995e-06,0.07134838353478735
plot_6477,7,0.4783421660051629,1,0.046663786750161515,0.5216516522094504,0.03367176911097376,0.11540253745907449,0.09886419482231841,1.2560389623206712e-06,0.18374480360905923
plot_6478,7,0.26428657033385283,1,0.022352663943449497,0.7357134296656581,0.01871202979045844,0.049067839239775875,0.10175272787669422,7.335919712791116e-06,0.07239397356425117
plot_6479,7,0.700016115794014,6,0.06048184301708592,0.15328006767138663,0.05122215053349388,0.20114725789557747,0.23388479667647008,2.3507321758459767e-20,0.299983884205986
plot_648,7,0.8126187885023135,1,9.935321902453468e-08,0.6928417427249518,0.18738121149768638,3.2261946686347693e-06,0.07671420277809765,0.04305814108305694,1.3763683195961922e-06
plot_6480,7,0.7543154360439235,6,0.06733152468148493,0.16206226858027395,0.03134147213241984,0.23858537345697037,0.2456845639560766,1.7962218570042408e-20,0.2549947971927744
plot_6481,7,0.7172034774852596,1,0.08060792983827317,0.33364674491497504,0.004631483959814872,0.2827965225147404,0.16662252504498742,3.394025550629908e-20,0.13169479372720916
plot_6482,7,0.43012054484597906,1,0.08494254997970278,0.5698794550555382,0.003891761213384936,0.15486380164276145,0.07801444956962829,0.10655660674916959,0.0018513757898146388
plot_6483,7,0.4570271678979363,1,0.07989138065426041,0.5429728287985316,0.016297698345867383,0.11967972075273754,0.15144928294706,0.0847115898737569,0.004997498627786128
plot_6484,7,0.8469136220176008,1,0.07728592031208785,0.5709021254595666,0.009276885798566442,0.1530863779823993,0.10063748445605242,0.08614883547891743,0.0026623705124100817
plot_6485,7,0.7312936630404082,4,0.26870633695959195,0.00015477655319104156,0.0290181927898814,0.005259294473351126,0.43020200084991145,0.23054927683018786,0.036110121543885425
plot_6486,7,0.39674713806470935,4,0.22223626278170544,0.00038263604831071627,0.01254757193681159,0.0008686501208767664,0.6031842848906727,0.11989426215478485,0.04088633206683803
plot_6487,7,0.3603251648709535,4,0.18481496753575202,0.001754190962142781,0.022259414573384918,0.0004255733441962605,0.639674835069655,0.08034201739393705,0.07072900112093201
plot_649,7,0.09999377420182903,1,0.003268442829133585,0.900006225798171,0.008085362158074426,0.05043827293806729,0.013491296224033684,0.0005048584604301854,0.024205541592089912
plot_6490,7,0.4784472025071375,1,0.029356205010122587,0.5215527967399493,0.08796429905843556,0.21672810932242476,0.14060419391150206,0.003442605463356451,0.00035179049420924595
plot_6491,7,0.5046451129935317,1,0.07055458617133978,0.49535488700646835,0.009017275912460706,0.0056890255222430165,0.4146779827742425,0.0005389134248193222,0.0041673291884262225
plot_6492,7,0.28838439186169607,6,0.025749536083824673,0.020434659137148228,0.1104612226787686,0.053651657104178414,0.07808731685775551,2.059834138142887e-14,0.7116156081383039
plot_6493,7,0.8787047993739512,6,0.0446468833433677,0.018619775211232245,0.12129520062604887,0.054234048578874816,0.11863020262701635,4.303296013719331e-14,0.642573889613417
plot_6494,7,0.42345820710562665,6,0.06484091681666945,0.03325586717833476,0.10428200602360366,0.06621858536843872,0.15486083171852671,5.340172869790014e-14,0.5765417928943734
plot_6495,7,0.37360614298011596,6,0.035772543373822484,0.03681634644008663,0.11556179138963668,0.04818198087988354,0.137273480896668,1.858155714115015e-14,0.626393857019884
plot_6496,7,0.4582432888368314,6,0.06615556061432484,0.0455539261226315,0.11707957489894724,0.05082396831463613,0.17863025841360003,4.726916824823908e-10,0.5417567111631686
plot_65,7,0.3304985199165937,1,0.008244901398054665,0.6695014800834063,0.2814379387264571,0.0001622942413237414,0.01663881746642251,2.8993877019825064e-05,0.023985574207315882
plot_650,7,0.35266863409010035,1,0.13520026465644078,0.6473313659094462,0.0009660967118845215,0.016428092925336518,0.09165149888486195,0.10557059252791705,0.0028520883841131003
plot_651,7,0.7402288265257762,6,0.07067417154324693,0.11128479315899709,0.2597711734742238,0.0030719097825192606,0.03515395313435385,0.22670292950053014,0.29334106940612903
plot_6511,7,0.7494803923583652,1,0.1326671965380317,0.4721880783256959,0.061294228080708786,0.055533632087317826,0.2505196076416349,4.370780726345277e-06,0.02779288654588467
plot_6512,7,0.6572759350649475,4,0.1609109762886159,0.07036294861579075,0.07123785111891162,0.09208398395661302,0.34272406493505236,4.285215469852888e-10,0.2626801746564948
plot_6513,7,0.7867284032894936,6,0.05327350949739927,0.1427831033866381,0.0858881253190257,0.21327159671050655,0.22118361762866334,1.2883731941666722e-20,0.28360004745776707
plot_6514,7,0.0,5,0.0,0.0,0.0,0.0,0.0,1.0,0.0
plot_6515,7,0.7511339299656542,3,0.05083762053381057,0.2163219803177746,0.02197024662473907,0.26111198667392027,0.2488660700343459,1.6629896752605873e-09,0.20089209415241988
plot_6517,7,0.3978588916701115,4,0.1653652213661264,0.008542827959771786,0.15561019814507454,0.06410043767542727,0.6021411083298885,0.00422793414103943,1.2272382672177473e-05
plot_6518,7,0.47060147240309597,4,0.3186615194369007,0.0038727979956532047,0.09990281503364629,0.030660117654593665,0.5293985275969041,0.0028393344654298967,0.014664887816872214
plot_6519,7,0.4730601587768739,4,0.22914664630405418,0.0018432273351712222,0.13744468390309486,0.06344972932176307,0.5269398412231261,0.015138271394865855,0.02603760051792475
plot_652,7,0.569207747783973,5,0.1562313333947708,0.24476110226992331,0.0820812307107891,0.0026793114810827415,0.009257955972917727,0.4307922522160271,0.07419681395448921
plot_6528,7,0.4921886961928654,4,0.016288668933374387,0.16190825419825466,0.07322189041906613,0.0038462007711925856,0.5078113038071346,7.771500020733786e-17,0.23692368187097762
plot_6529,7,0.3426548205378944,1,0.03247233978474992,0.6573451794619996,0.026231836166933135,0.031105097459535182,0.2060326602416912,1.7067326335596749e-09,0.046812885178358424
plot_653,7,0.2637284637160551,1,0.014966244218176102,0.7362715362835399,0.05669479873401069,0.04978422031217279,0.1035885882553948,0.036928520706614405,0.001766091490091412
plot_6530,7,0.3382054827255256,1,0.03874963680094544,0.6617945172744745,0.045419511279276605,0.02255346897085551,0.15027427993821865,2.475142303676044e-09,0.08120858326108704
plot_6531,7,0.3077870039109331,1,0.02855214469531745,0.6922129960833312,0.02818445846893526,0.02180338081877519,0.18456748615835084,5.420771012198563e-10,0.04467953323321301
plot_6535,7,0.34743231602803165,4,0.16413362360316863,0.0025396707392659726,0.02764094209716876,0.00020848482065327802,0.6525676839719649,0.06651854879131923,0.08639104597645933
plot_6536,7,0.5004045321052788,1,0.004969797893408737,0.49959546789460163,0.06276784889547367,0.033571697167287626,0.28090906641660446,0.07781991849137893,0.04036620324124493
plot_6537,7,0.808312892082204,1,0.08517958988236296,0.348132863220425,0.21741168092236524,0.025893559799104182,0.12628424182439585,0.005410956433550701,0.19168710791779603
plot_6538,7,0.8986936912209302,1,0.10130630877906985,0.2707825985449381,0.24917976407707357,0.007423461520991732,0.15563865728178866,0.014619760445936639,0.20104944935020158
plot_654,7,0.4663639855408439,1,0.016693842038801955,0.5336360144590364,0.04354647508170306,0.06642855427054786,0.2770550539247912,4.694030331551512e-08,0.06264001328481632
plot_6553,7,0.6710475919206496,2,0.06916518032648178,0.25485412032035726,0.32895240807935044,0.26945087613323393,0.048859210259952074,6.202197935849456e-09,0.028718198678426614
plot_6554,7,0.6814904906151192,2,0.0668571091045189,0.2715842708540406,0.3185095093848807,0.2683270864322265,0.04815019758101285,8.666939664935514e-09,0.026571817976380654
plot_6555,7,0.8394080988900829,1,0.04637058460997172,0.3312988327531641,0.010736284165227459,0.2425161096654352,0.20848628531563548,2.380649111039832e-09,0.160591901109917
plot_6556,7,0.7650702717180741,2,0.08754148116469264,0.23492972828118136,0.4373335158165756,0.07610075766207701,0.10574565364933067,1.8312492110701017e-07,0.0583486803012217
plot_6557,7,0.43052615796052357,1,0.03480006177509363,0.5694738420285491,0.014328890454093465,0.10021843650539908,0.18008481956617134,0.021568442237113045,0.07952550743358021
plot_6558,7,0.3861966550833169,1,0.03813768396166655,0.6138030973814596,0.0041533354869160285,0.1288087230508287,0.1426000240173922,0.03929643766676453,0.0332006984349727
plot_6559,7,0.43548752287006165,1,0.19879134605579096,0.5645124771051202,0.008452421053697659,0.018050763932492164,0.20666773994478083,6.440499185623382e-08,0.00352518750312632
plot_6561,7,0.8618667442648965,0,0.5840800711717776,0.010976828158271208,0.13813325573510363,0.10627365191564457,0.0001956021738582833,0.0002972189112839244,0.16004337193406096
plot_6562,7,0.3188332452872975,1,0.08869449420954559,0.6811667547127025,0.014549128590486689,9.951743441098446e-07,0.005162560575319425,0.035313314541251216,0.17511275219635053
plot_6563,7,0.2683529167838157,1,0.055266871677025195,0.7316470832161843,0.02170016461739449,7.223146501781944e-07,0.009615736148168533,0.014974480838195393,0.16679494118838184
plot_6567,7,0.4498732737073122,4,0.17314713372815224,0.21923229807145295,0.01902867575992155,0.0007623918829350298,0.5501267262926878,0.005670167964991378,0.032032606299858955
plot_657,7,0.3301708894080449,1,0.11321725653121185,0.6698291105914304,0.0010303529872701868,0.027468413362767105,0.07872377206776689,0.10272293370469379,0.007008160754859977
plot_6574,7,0.5018577350679281,2,0.14748332440711717,0.2074732612237017,0.49814226493152086,2.7015050483420197e-05,0.146126467918566,1.6244685031129355e-05,0.0007314217835796149
plot_6575,7,0.0974245514880361,1,0.011204285519864706,0.9025754485119638,0.03673699865467699,0.0004824599877426045,0.023599875902035956,0.015491354200073072,0.009909577223642654
plot_6576,7,0.4815819296891344,4,9.079223963918395e-05,0.17595903761160855,0.11369149809575513,0.17045487397853007,0.5184180703108656,0.0019248561429959818,0.019460871620605523
plot_6577,7,0.2487218484642888,5,0.0051934074534573105,6.319314315655351e-07,0.003965897272484855,0.016776609403822983,0.1447291147266886,0.7512781515357112,0.07805618767640347
plot_658,7,0.3111631666149072,1,0.07841029316285311,0.6888368333843243,0.0012390579222324037,0.047297534968723826,0.07044140981223215,0.1022024710840588,0.011572399665575406
plot_6583,7,0.5634248827288936,4,0.17148166006991694,0.29061688933605223,0.021324115354548125,0.012250049512284159,0.4365751172711064,1.0084051530075428e-12,0.06775216845508367
plot_6584,7,0.4792651843217164,4,0.07618593549921471,0.22651039255025268,0.038121224986425485,0.004546484510954293,0.5207348156782836,7.158214387507545e-19,0.13390114677486925
plot_6585,7,0.8126782882556656,4,0.052017122354736454,0.18349302329494613,0.03333294506620517,0.0025903312195687017,0.5412448663202092,2.5032972743433032e-18,0.18732171174433448
plot_6586,7,0.5192415615292338,4,0.13811944829063996,0.2738668994809683,0.01757876134005192,0.005258878756808592,0.4807584384707661,3.288970383001717e-20,0.08441757366076498
plot_659,7,0.23329671675569486,1,0.09808389109268052,0.7667032832443051,0.0016882935323396517,0.0029834105472121807,0.10009825932880212,0.027018960077548296,0.0034239021771121096
plot_6592,7,0.5324503784596625,6,0.028503991066661634,0.19896727890552396,0.15596682787127641,0.00045960873207519985,0.13614261065173422,0.01241006123239104,0.4675496215403375
plot_6593,7,0.5675845119648041,1,0.01600338992482218,0.4324154880350972,0.10202637776792392,0.007251085735521097,0.22043216667550403,0.10642328826684916,0.11544820359428233
plot_66,7,0.3010664765685821,1,0.01672487812938498,0.6989335234314179,0.23310952554139047,0.0002469801105136499,0.03918477936965907,0.00021685101213958247,0.011583462405494507
plot_6601,7,0.1538375769131672,5,0.0794956114412342,1.6316238460442587e-09,0.01626535766081749,0.0009402158404439695,0.020086801127436323,0.8461624230868328,0.03704958921161135
plot_6602,7,0.21295002888942824,1,0.015526414428185463,0.7870499711076957,0.0005177367549458357,0.1477827966748577,0.037443932970379214,1.1498150687859838e-07,0.011679033082429334
plot_6603,7,0.3416193963787178,1,0.020081158736045678,0.6583806036212821,0.0026508795110585237,0.2246205445259257,0.06252711491314243,1.4175985599950513e-15,0.03173969869254397
plot_6604,7,0.7179650298764295,6,0.06560145250435798,0.17712268466830078,0.058257204533408574,0.08921813044583073,0.2820349701235704,3.1586356474605486e-14,0.3277655577245
plot_6605,7,0.5513887821652192,4,0.13984048162679608,0.11440447127929534,0.012916568433125802,0.09450313103568594,0.44861121783478075,5.72627165554436e-13,0.18972412978974343
plot_6606,7,0.0,5,0.0,0.0,0.0,0.0,0.0,1.0,0.0
plot_6607,7,0.2696576983533481,1,0.02609300324908781,0.7303423016464452,0.027203427790234876,0.026413779446121412,0.12439439510849182,3.118593064271466e-05,0.06552190682897625
plot_6608,7,0.6874081473701368,1,0.029322208747228316,0.41722263264083453,0.0025308072849136187,0.1463355990642924,0.3125918526298632,4.181438609055522e-07,0.09199648148900702
plot_6609,7,0.8120605020945391,1,0.026611736654501138,0.37932019579316767,0.0029996280171743243,0.187939497905461,0.2826070600229109,1.593596147282085e-07,0.12052172224717023
plot_6610,7,0.6619631442757808,1,0.018327510292653112,0.5131362911881238,0.00343394684507129,0.33803685572421927,0.08125336463156145,0.0027867244546462716,0.043025306863725084
plot_6611,7,0.8091611387741765,6,0.1908388612258235,0.007450111321947589,0.12347222811511331,0.06679402800628913,0.0033067093027275146,2.1204677362349106e-17,0.608138062028099
plot_6612,7,0.594708466608201,4,0.11211161515783409,0.19237307313139773,0.005263801575875032,0.06455603433496866,0.405291533391799,1.3371167154407884e-12,0.22040394240678837
plot_6613,7,0.8186752880446256,4,0.18132471195537433,0.051001903045549635,0.03796799081675009,0.09079555074534201,0.39641927391264925,1.579006637725647e-13,0.24249056952417686
plot_6614,7,0.6191938679510617,4,0.18228955551846954,0.12066495323020032,0.059095980442771576,0.10127878538522908,0.3808061320489383,4.0147376369628684e-08,0.1558645532270148
plot_6615,7,0.24773126403522092,5,0.04316326358177622,0.0,0.0016063481063646901,0.165965220497192,0.025951740050723534,0.7522687359647791,0.011044691799164463
plot_6616,7,0.08159626300752179,5,0.012157561412466662,7.177255490978101e-09,0.0015932017000201966,0.006509379111739265,0.03490809546393375,0.9184037369924782,0.02642801814210645
plot_6617,7,0.7814348791836716,4,0.043011480704790245,0.2107135671331143,0.11649191599430453,0.025100891210548083,0.385715507246162,0.00040151689475239943,0.21856512081632845
plot_6618,7,0.8722023031690423,4,0.04713741027037887,0.21095080156413826,0.12779769683095762,0.030027190892458568,0.3698011723179798,0.0003770754283545648,0.21390865269573234
plot_6619,7,0.7651141653991416,6,0.23868457504072976,0.0690828159295593,0.10744683608227552,0.06237975203754546,0.2348858346008585,2.1173863503164342e-06,0.28751806892268117
plot_6620,7,0.8734287190834309,4,0.15136652080835344,0.1878680289738896,0.14055428771238665,0.1265712809165691,0.242310709160209,3.4709866423398704e-08,0.15132913771872575
plot_6621,7,0.7717092992655945,2,0.08455499979659513,0.22829070073378152,0.38431215013661996,0.07536602501017593,0.12852401138044314,8.269408474258674e-08,0.09895203024829974
plot_6622,7,0.1998312298721874,1,0.034862710448887196,0.8001687701270389,0.046440636640694796,0.0729156090142204,0.04346696817043899,0.00038754399207931167,0.0017577616066403758
plot_6623,7,0.41224052156266416,4,0.11120162372096654,0.16395236068835198,0.05349707475170161,0.08114508640350045,0.5877594784373358,0.0010165882164297718,0.0014277877817137233
plot_6630,7,0.3229552021978171,1,1.2812985644522667e-05,0.6770447978019829,0.061964562462108214,0.0092919986227769,0.1356088134576899,3.0935482866226456e-07,0.11607670531496904
plot_6631,7,0.3707100275121322,1,2.6724511334972272e-05,0.629289972487841,0.0803188158908194,0.009075290515905747,0.17807600815337143,2.349366720420113e-07,0.1032129535040554
plot_6632,7,0.5990118985565452,6,0.0023721060557668275,0.27164212251677583,0.19492050933765026,0.0,0.13007681265755644,3.4798879590246787e-07,0.40098810144345476
plot_6633,7,0.8487362845651076,6,0.05107907565410431,0.15126371543027273,0.15605225579480209,0.0,0.23116145941865474,5.875113927305407e-09,0.4104434878270523
plot_6634,7,0.7077182662189514,2,0.06875762708757194,0.27004174900427336,0.2974381852246014,0.29228173378104866,0.049869535325522976,7.793666596241455e-09,0.0216111617833151
plot_6635,7,0.2746184036958214,1,0.0281141146034911,0.7253815963041786,0.03173821085497743,0.03535166277403917,0.1151462900359301,2.9110890481004456e-05,0.06423901453690263
plot_6636,7,0.33696483068946087,1,0.014913201988518157,0.6630351693102821,0.024688595276660664,0.014652266789355146,0.1836943099830559,0.0002663277900800055,0.09875012886204804
plot_6637,7,0.2735880121510108,1,0.013594785632677615,0.7264119878485413,0.012512252721585005,0.02543243877899763,0.13115628586142508,4.480644746244614e-05,0.0908474427093111
plot_6638,7,0.38101687638852544,1,0.060924735466995686,0.6189831236114746,0.0004291972109659045,0.2043201419669031,0.07117386813741514,8.588312406079086e-10,0.04416893274741441
plot_6639,7,0.36726653928894837,1,3.182927892525358e-06,0.6327334607108471,0.06677195146277731,0.0034945024035523426,0.20830619092818348,6.67189919084288e-09,0.08869070489484814
plot_6640,7,0.8784386829464423,1,0.00017969764648422898,0.30728960942482414,0.19017058521752422,0.10399350496115359,0.2768023307824966,2.9549139593624532e-06,0.12156131705355769
plot_6641,7,0.7405670615836513,1,0.0003217874851637671,0.3535855301193583,0.2070398403589619,0.08511088183665112,0.25943293841634874,6.854264235797363e-07,0.09450833635709255
plot_6642,7,0.8328007723606462,1,0.00030323101136075234,0.42791256016026835,0.1671992276393539,0.03970744540460714,0.22472736485559885,8.782576537551942e-06,0.1401413883522735
plot_6643,7,0.5365142156404972,1,0.0003005138831465873,0.4634857843594759,0.14193628022478152,0.028992524362689006,0.2527742601387371,2.851273465008728e-07,0.11251035190382343
plot_6644,7,0.8751002262584451,1,0.0006897387143179598,0.40877907549783843,0.14914621981631515,0.03640102654892191,0.2800829892233485,1.1764577032119192e-06,0.12489977374155498
plot_6645,7,0.5612137335344365,1,0.00038881936493938263,0.4387862664655635,0.15558710228251899,0.04041820244045809,0.2854858891200247,1.3598189913884304e-08,0.07933370672830548
plot_6646,7,0.8768646985562324,6,0.12313530144376758,0.04546893082532742,0.34766236366655934,0.0,0.09723608740234316,1.4428783756531238e-07,0.386497172374165
plot_6647,7,0.602988513775212,2,0.09430520878336299,0.03307126069081226,0.39701148622478794,0.0,0.08020579360413357,1.707690696830904e-07,0.3954060799278336
plot_6648,7,0.3267882053981176,1,3.482770574447595e-07,0.6732117946018824,0.04500606034665884,0.08363423986082859,0.1899724534301574,0.008086831483694447,8.827199972088496e-05
plot_6649,7,0.5188683261707653,1,4.032615861931247e-06,0.4811316738268045,0.07207287970302706,0.10892817818815481,0.3173671786327473,0.020266059056190902,0.00022999797721341762
plot_6650,7,0.8443324763591752,4,2.1463333292183013e-06,0.3618076630156295,0.09164414913668394,0.15566752364082498,0.3839150676891924,0.006131578063071011,0.000831872121269046
plot_6651,7,0.5350085594945091,4,7.380387397010726e-06,0.25732784879322873,0.10771856111940181,0.16301680654073408,0.4649914405054909,0.005583107881018632,0.0013548547727288494
plot_6652,7,0.553075939041328,4,7.484675794900065e-06,0.2915502820983381,0.10860095327855207,0.14026805958177735,0.446924060958672,0.011725286829220498,0.0009238725776451214
plot_6653,7,0.873628664972318,4,1.3181103769953591e-05,0.24697444376644503,0.12637133502768202,0.13546778169605117,0.47342160101490643,0.016334722440631753,0.0014169349505136393
plot_6654,7,0.7993007213687487,4,3.926962005684435e-05,0.17991904890389185,0.09469436020265735,0.2006992786312506,0.5129280050886011,0.0014512772012007758,0.010268760352341493
plot_6655,7,0.4023743945824405,2,0.006708979108612002,0.017435513509955897,0.5976256054175595,0.0,0.010418703580784268,2.0050535656190762e-08,0.36781117833255267
plot_6656,7,0.4026563278856402,2,0.017775044108276464,0.015082352049331425,0.5973436721143599,0.0,0.016345493301907182,9.620086335471214e-08,0.3534533422252618
plot_6657,7,0.6338150502397266,2,0.004438587720041652,0.016955002769127998,0.6037219395379276,0.0,0.008699520212440023,1.893416384670097e-13,0.3661849497602734
plot_6659,7,0.4052059906672957,1,0.005328117804777391,0.5947940093285133,0.11360642676217794,0.00498407206561443,0.1708934573168664,0.002525418763778353,0.10786849795827208
plot_6660,7,0.24589003117162767,4,0.012040028623583377,0.005131095529851564,0.058952581886176345,3.3500647249974675e-06,0.7541099688283723,0.008383739451252158,0.1613792356160392
plot_6661,7,0.3042366218483269,2,0.0031297860302790578,0.005261094692366684,0.6957633781516732,0.0,0.0035365451306627687,7.366965646860542e-15,0.29230919599501104
plot_6662,7,0.8198962107266194,1,2.1350930897552098e-05,0.5009025046711986,0.16974459726074176,0.0,0.1801037892733807,1.1642100411447787e-07,0.14922764144277745
plot_6663,7,0.7540788330908293,6,0.06757426742994778,0.1322693762508586,0.18700193123792036,0.0,0.24592116690917065,2.4221848764597737e-13,0.3672332581718604
plot_6664,7,0.506806105442107,1,0.0003699430025397835,0.4931938945572383,0.2198743403634443,0.0,0.1605906066354539,1.8258355401138951e-06,0.12596938960578372
plot_6665,7,0.2764922404094404,1,0.022216752238504764,0.72350775959046,0.021610879091496976,0.02954092435709259,0.12456850952568627,2.9457746315122054e-05,0.07852571745044436
plot_6666,7,0.8895164779248435,1,0.01716548885777707,0.610945853764093,0.006363017591225731,0.07480916363482851,0.18023050626636314,2.447810556030525e-06,0.11048352207515655
plot_6668,7,0.4286881133825212,5,0.10053806916511124,0.0,0.055994276667694694,0.10592839795179801,0.13541388413537958,0.5713118866174788,0.03081348546253767
plot_667,7,0.842100010742251,1,0.006455215992024817,0.5082198289196019,0.1509619380768481,0.1578999892577489,0.15645031497636774,0.006028301799781269,0.013984410977627107
plot_6675,7,0.3118891642902595,5,0.12881761056950095,0.0,0.10406530396866032,0.00011116093876312667,0.06286587850593606,0.6881108357097405,0.016029210307399053
plot_6676,7,0.7314282686326511,4,0.2685717313673489,0.026633239315429155,0.13268176025491704,0.08653271930398808,0.48443754217249896,0.001137007942833448,5.999642984467655e-06
plot_6677,7,0.6292995993273909,4,0.370700400672609,0.00013353887030326708,0.12797934643230707,0.005219849372885527,0.3894158071837603,0.008179799738706032,0.09837125772942856
plot_668,7,0.1905016431752798,1,0.06345558733998205,0.8094983568247202,0.0020020691175813635,0.004318645129365306,0.09926143622008785,0.016339920608564658,0.005123984759698514
plot_6686,7,0.6569206531996592,4,0.1250630403964726,1.020813989010094e-152,0.062237293848094934,0.04097639559579827,0.3430793468003408,0.2959881644686881,0.13265575889060527
plot_669,7,0.1995266952168094,1,0.07022146734663125,0.8004733047831907,0.0017288907188747517,0.0030421419008899576,0.10346850840949583,0.017495161159317554,0.003570525681600097
plot_6694,7,0.5696979402205287,1,0.0003391547978607456,0.4303020597794712,0.17473903574030514,0.047456874731066134,0.2876289265248587,1.5160195676369427e-09,0.059533946910418425
plot_6695,7,0.29542886218747194,1,0.025917735484448878,0.7045711378116676,0.0003648726074840723,0.1966475129531251,0.04891784401890413,4.003135100796972e-09,0.023580893121235187
plot_6696,7,0.33089658367070063,1,0.06546787292201398,0.6691034163289722,0.0431160953094427,0.1710968957076483,0.04952114951731194,0.0008378240547463696,0.0008567461598644908
plot_6697,7,0.8630490504303261,6,0.0016156447019262748,0.09924565397182682,0.12039675843537809,0.1369509495696739,0.039536282376773466,5.084138072341333e-15,0.6022547109444163
plot_6698,7,0.6503015895644806,1,0.0044590612992038686,0.36458846585350013,0.13969899688137394,0.06879794408215263,0.3496984104355195,1.6085714378301148e-07,0.07275696059110615
plot_6699,7,0.7512546894633878,1,0.002281145224984216,0.3708715023487446,0.24874531053661225,0.031064080491812515,0.30567006780197764,3.805430641213212e-07,0.041367513052804526
plot_67,7,0.3620678855771839,4,6.440854972913577e-06,0.15732322858940315,0.20043399346378532,0.0023164770430421835,0.6379321144228162,0.0003812982800867994,0.0016064473458935096
plot_6700,7,0.35093619105029633,2,0.0004092650516849195,0.011152663507664608,0.6490638089497036,0.006373837735558951,0.2325883923655508,2.739192396883163e-06,0.10040929319744016
plot_6702,7,0.6314655465961503,2,0.0027034107452293685,0.053291757642619494,0.5499685277834854,0.0,0.02550183168559446,1.8739221495079132e-08,0.3685344534038498
plot_6703,7,0.580464232913959,1,0.026950657206457364,0.4195357670860412,0.2122000991856413,0.008750493657051646,0.2916216847325671,0.00016833384735057767,0.040772964284891015
plot_6704,7,0.8439950180270948,4,0.1560049819723444,0.16436367151258172,0.18527365086812494,0.11503707145910677,0.22558160110491665,7.059175595037504e-08,0.15373895249116953
plot_6705,7,0.2525082536517429,6,0.013569809299902546,0.03209374654246906,0.07214515381785779,0.09656682912370293,0.03813271159512306,3.2726874721097704e-09,0.7474917463482571
plot_6706,7,0.5368214691370936,4,0.002326368501198566,0.16079702050749364,0.2689773604764068,0.04849498590966966,0.4631785308629063,0.046930729652080755,0.009295004090244283
plot_6707,7,0.36247273891008114,4,0.01020344670279921,0.16711683109067943,0.07835132569581824,0.0005842848919559095,0.6375272610899189,0.06719940403053583,0.03901744649829257
plot_6708,7,0.309557849459565,2,0.0029955727515531055,0.006672350199868529,0.690442150540435,0.0,0.004153833969696342,4.438103107577604e-14,0.2957360925384026
plot_6709,7,0.771338476528237,2,0.1903801390555878,0.15563025907022826,0.22866152347176308,0.15231068925545826,0.18183111821613773,1.9585206670105884e-05,0.09116668572415487
plot_671,7,0.1121835993194971,1,0.018978108587989158,0.8878164006805029,0.0050353045527379795,0.010501777039714975,0.05643188348535871,0.002919514145040811,0.018317011508655494
plot_6710,7,0.8596086295674494,0,0.23774324176936573,0.07867063937683885,0.2047934460853632,0.14039137043255057,0.1573987775200886,0.00018453468974362005,0.18081799012604943
plot_6711,7,0.7949035684719749,0,0.25125989398080606,0.05405803353312779,0.20509643152795454,0.12941030729922426,0.16412866937503273,2.570148883696951e-05,0.19602096279501754
plot_6712,7,0.6800433863591546,3,0.05600686079880417,0.23418030948076518,0.26539096326890954,0.3199566136408453,0.09402193121849964,1.5031483994148468e-08,0.03044330656069217
plot_6713,7,0.14014447498047614,1,0.03262618797876769,0.8598555250193239,0.0015444981154261453,0.06815456685342133,0.027793564991831388,1.4116121519274698e-06,0.010024245429077615
plot_6714,7,0.2435104817897903,1,0.04387955700054727,0.7564895182090667,0.028118047333790794,0.11235958257250861,0.0570982866742243,0.0001986199646230948,0.0018563882452392413
plot_6715,7,0.842699801268423,4,0.07981552232743647,0.12096047892711369,0.1573001987315768,0.002418051929090934,0.3415792833237808,0.03841544594905122,0.2595110188119501
plot_6716,7,0.30045582860328957,1,0.02819912439216722,0.6995441713966546,0.006618652605594098,0.01648782516048266,0.23779292640688338,0.001420233506139304,0.009937066532078789
plot_672,7,0.04043500403334132,1,0.008334349337369953,0.9595649959628133,0.00019739092849140784,0.00178255015320837,0.0020408965892949843,0.027657557028539045,0.0004222600002829486
plot_673,7,0.022585067526599185,1,0.004150115181012109,0.9774149324733354,0.00015345438686400995,0.0016150000857208225,0.0014460032208963261,0.015070144231299992,0.00015035042087129219
plot_6742,7,0.8330667832436086,4,0.09354456058099231,0.002454565510896903,0.0450521911806136,0.16693321675639133,0.5696884119918831,0.09870878791147947,0.02361826606774315
plot_6743,7,0.8121638432794973,1,0.0005939396564228943,0.3668056393751661,0.1878361567205028,0.07617495051311479,0.3003731439970952,2.876007092885562e-08,0.06821614097762732
plot_6744,7,0.8922587846560351,4,0.002389430208318756,0.3165038301330981,0.1538786404239065,0.10774121534396475,0.34380762057268976,3.672693779733001e-08,0.07567922659108421
plot_6748,7,0.6747517968119073,6,0.12952993287330972,4.481858170207462e-06,0.005167699013569088,0.004563621984922878,0.29026459218933687,0.24522146889259858,0.32524820318809267
plot_6749,7,0.8723064823074426,5,0.12769351769255743,2.60625661784056e-152,0.02192830168614268,0.08713095822697418,0.24691553620689827,0.37456926772392635,0.14176241846350113
plot_6750,7,0.08542396168759417,5,0.007378393600863778,5.272803463597441e-152,0.00016044250220968338,0.010016034466279926,0.016694264467332492,0.9145760383124057,0.051174826650908216
plot_6751,7,0.36470166174373797,4,0.03462125914825638,0.00024759557103489047,0.027853986395505237,0.16078860225602248,0.635298338256262,0.10494819116157636,0.03624202721134261
plot_6752,7,0.6483524014309812,4,0.0037884803149912305,0.2830346976854061,0.2984537187432635,0.012831161776785569,0.35164759856901895,1.4969327312853762e-07,0.05024419321726161
plot_6753,7,0.5606810736775094,4,0.018285151446607313,0.2305555938081298,0.13263158407534845,0.05475075989241507,0.43931892632249053,4.35834172768735e-08,0.12445794087159145
plot_6754,7,0.7393432371303053,4,0.01903387166623371,0.055506996359560176,0.15619894251239325,0.018421145815944555,0.4901743389577,7.941818473489502e-06,0.26065676286969486
plot_6755,7,0.5114523324726503,4,0.02568297724176744,0.1138099075116633,0.12625463082313607,0.025310841772012503,0.48854766752734974,7.193624999568447e-07,0.22039325576157112
plot_6756,7,0.38934011113902484,2,0.00062531442162426,0.025374364729418567,0.6106598888609752,0.007752788206519186,0.2512017532712623,6.5549751250189306e-06,0.1043793355350755
plot_6758,7,0.8586581739145269,4,0.20234024957017002,0.0007466818778956874,0.1413418260854732,0.05813874160341399,0.5500803565665622,0.006326018510413663,0.04102612578607127
plot_6759,7,0.501732565875124,0,0.498267434124876,0.007340165879612524,0.0709607153429664,0.018597057069374555,0.3958334793244965,0.0013743526122730971,0.007626795646401042
plot_6760,7,0.3944310131109685,0,0.6055689868890315,0.11414921737844198,0.09396709207981963,0.0011617556924385741,0.12278323570977268,0.026692255427652033,0.03567745682284356
plot_6761,7,0.8518355167776996,1,0.11858360866237458,0.46197026415870057,0.14816448322230025,0.0002413808362861073,0.2027335017695687,0.0024149551439096415,0.06589180620686011
plot_6762,7,0.7412708720129703,1,0.036958913334619155,0.5347448552005566,0.12789829971989974,0.0009498077007105756,0.2587291279870299,0.00030307952463274923,0.040415916532551215
plot_6763,7,0.4071925846764916,1,0.04649444427196801,0.5928074153235083,0.11774631552496118,0.00034299966120929557,0.2045266673418439,0.0003835792195673031,0.037698578656941865
plot_6764,7,0.8208972756201929,4,1.014320168674891e-06,0.22240363915653272,0.02933960244943511,0.0005092652002061644,0.5686437406970072,1.3796843017978715e-08,0.17910272437980712
plot_6765,7,0.8090408730250382,4,2.0724803161743808e-05,0.1909591269684513,0.10700281166960335,0.0032537878355780956,0.5652312560870959,6.381667679626152e-07,0.13353165446934145
plot_6766,7,0.8865232096460274,4,0.09809568494848292,0.00021854130871237144,0.12370601014732704,0.11347679035397264,0.5012672757698999,0.03306190219064191,0.13017379528096323
plot_6767,7,0.19725391988434865,5,0.0011266074817070473,5.723150067594201e-07,0.000690308616580914,0.0302973594953916,0.14740946774695926,0.8027460801156514,0.017729604228703105
plot_6768,7,0.11982844270010949,5,0.021146408179543927,8.153375309414575e-09,0.0038763077804224197,0.003253354649444161,0.03603562085461673,0.8801715572998905,0.05551674308270693
plot_6769,7,0.1504665641909513,1,0.02708766089362309,0.8495334358057318,0.0014482578973078716,0.07198831236441372,0.03754363653438486,1.2541706134038245e-06,0.012397442333925219
plot_6770,7,0.13779477597826423,1,0.028457538863896195,0.8622052240215653,0.002385442086781578,0.062226915365496696,0.02711282644078839,5.706503389912899e-06,0.01760634671808171
plot_6771,7,0.6829058378487821,1,0.0726389307121485,0.31709416215034364,0.2730895516354695,0.26229343511455994,0.05074960527399951,1.1507874793422607e-08,0.024134303605604097
plot_6772,7,0.45525927454666465,1,0.06039228048014498,0.5447407254531514,0.13607406716020445,0.14890085490735375,0.07842985085859305,7.669276543072752e-07,0.03146145421289818
plot_6773,7,0.3734299308080157,1,3.4204312604084836e-05,0.6265700691917011,0.06883281395856215,0.018362272829537615,0.12091401033744183,1.0647137080273862e-06,0.16528556465644528
plot_6774,7,0.8287796507757557,1,0.00025740419083379563,0.5252767893473458,0.11564302918315517,0.03424318577693594,0.15334629764709312,1.2944630391797141e-05,0.17122034922424437
plot_6775,7,0.3388713374414265,5,0.08366358397324282,8.119933123409229e-09,0.08969834960128836,0.0027211835449474833,0.07973711353935435,0.6611286625585525,0.08305109866268126
plot_6776,7,0.2731850523418949,4,0.01187768737100823,9.047743692454825e-05,0.007518184520006517,0.04082364221512692,0.7268149476581052,0.21099738734775206,0.001877673451076709
plot_6778,7,0.4361389985615438,1,0.03754364094683475,0.5638610014360754,0.0009310465574358072,0.18370716009982418,0.13178811696695658,3.454611493627158e-09,0.08216903053826184
plot_6779,7,0.5121205105743293,1,0.09520028565648549,0.4878794892508685,0.1980267860732353,0.07346109591785092,0.1445030789132487,0.00014778563127460515,0.0007814785570365747
plot_6780,7,0.5564290933044506,1,0.11110189986150083,0.4435709065189356,0.19055799594617373,0.056824373226680686,0.19451264711055172,0.00011463843515928921,0.0033175389009984374
plot_68,7,0.16239153910830517,1,2.9820490137709833e-07,0.837608460889607,0.010014714871726952,0.00013339847251500825,0.07616707549579096,2.2501297599261644e-07,0.0760758270524827
plot_6835,7,0.1408163794616227,5,0.04444951806500695,2.9576402582331112e-09,0.013397354254518521,0.0018308992011172463,0.02582645712181983,0.8591836205383773,0.0553121478615199
plot_6836,7,0.421056815474575,4,1.6087034474641278e-05,0.18492758677452945,0.09043052933683596,0.0026366801093096037,0.578943184525425,4.89434640994414e-07,0.14304544278478434
plot_6837,7,0.3738158961219552,2,6.721347973794733e-05,0.06585039011216284,0.6261841038780449,0.00809832702199157,0.28216664566363836,2.2092564108875036e-06,0.017631110588013574
plot_6838,7,0.6408110535843976,4,0.0009376952693330218,0.132619509699139,0.35918894641560234,0.03823894919273235,0.4385927246917585,5.208550278042455e-05,0.030370089228654435
plot_6839,7,0.550278786945967,4,0.0028402794431117784,0.16188578588645638,0.2920849609425599,0.05174569023960605,0.4497212130540331,0.0002358971439483768,0.0414861732902844
plot_6840,7,0.522360510105301,4,0.0002625788193800069,0.1378324003307917,0.3100234612222753,0.01567482516849523,0.47763948989469895,1.346725012938e-05,0.05855377731422941
plot_6841,7,0.05129377909366085,5,0.003352528202027384,0.0,9.671637541818375e-05,0.04046159947118233,0.005033300498307542,0.9487062209063392,0.0023496345467254208
plot_6842,7,0.09440644134622803,5,0.0008711466609816619,0.0,1.5018134699630023e-05,0.0844390829941945,0.008143900437842405,0.905593558653772,0.0009372931185098424
plot_6843,7,0.6384589925240194,5,0.007251857786773349,2.1633497819317925e-05,0.005480109254001372,0.06187493415949862,0.36154100621927443,0.5322345616262746,0.03159589745635827
plot_6844,7,0.07625886236814972,5,0.06316862679306207,0.0,0.0035001117554812502,0.000365844711252931,0.0035519936901818355,0.9237411376318503,0.005672285418171649
plot_6846,7,0.017799435956568087,5,0.011366793331190563,0.0,8.121783543486748e-05,0.005141651377715402,0.0007318731682294455,0.9822005640434319,0.0004779002439978203
plot_6855,7,0.750153134311528,2,0.011125228322052792,0.22427648096086517,0.48388564566222203,0.0031314906388427433,0.2498468656884721,0.005556959478237851,0.022177329249307286
plot_6856,7,0.7459534381474758,2,0.01881926092980218,0.254046561852191,0.47126475253811606,0.0020533168713816074,0.22772889690303644,0.010008942284380658,0.016078268621091855
plot_6857,7,0.6319612011207011,2,0.026705692131362598,0.06858326656979792,0.36803879695975766,0.0052249617880748105,0.34969573529433284,0.023049123861229537,0.15870242339544452
plot_6858,7,0.8816815911856901,1,0.11831840881430988,0.39617701453877124,0.04375405881220505,0.07916159837320608,0.22978317769042833,0.1152548332570511,0.017550908514028317
plot_6859,7,0.5139911870673486,4,0.011311782680563091,0.2584683489621848,0.16356728300391668,0.06158707365289873,0.48600881293265136,0.000954073387617364,0.018102625380168047
plot_6860,7,0.6650894829514824,1,0.08087667803688556,0.3859372320230993,0.3349105170485176,5.8394308798167575e-05,0.084508462235459,0.00040082334777474153,0.11330789299946559
plot_687,7,0.168827272735057,1,0.0025227001886953563,0.8311727272649431,0.02482106947113083,0.04328696900896069,0.08438843999624177,0.009392053578631088,0.004416040491397281
plot_6872,7,0.5124879153641533,4,0.07293631268792165,0.3016849816408883,0.024514549502326975,0.0031727777655823916,0.48751208463584667,1.3453869330144316e-12,0.11017929376608857
plot_6873,7,0.5176451738061245,6,0.13401797147913563,0.18931216015562105,0.03649461065225429,0.007670861841696003,0.15014956967714352,2.740196305153375e-13,0.4823548261938756
plot_688,7,0.13491500051081173,1,0.008328942596822828,0.8650849994888251,0.01421867670068031,0.022929503958744494,0.05591454295002021,0.03281611738694821,0.0007072169179588282
plot_69,7,0.1259878966603833,1,0.002940355930507351,0.8740121033394758,0.0012313806509352127,4.891773884340301e-06,0.12171282387141533,4.914248805280721e-08,9.839529129396911e-05
plot_6922,7,0.7354620946454306,0,0.3810828368017633,0.0016715891706672948,0.23008370759668406,0.0001687056086065817,0.08647202049813091,0.035983234969578434,0.26453790535456945
plot_6923,7,0.5002359256126293,4,0.06930495526663842,0.00029628483769309996,0.1027202785339298,0.12840791953262112,0.49976407438737075,0.09387979269449823,0.10562669474724866
plot_6928,7,0.6054456944187688,6,0.020711662665866534,0.11354758028944861,0.07567502897269443,0.07371562090415741,0.32179580157914145,7.460345122760362e-12,0.39455430558123117
plot_6929,7,0.5871903055892939,4,0.010458798438182992,0.16038978112284727,0.07761986985555125,0.04252436355947509,0.41280969441070614,9.595281658036353e-18,0.2961974926132373
plot_6930,7,0.8357615957571889,6,0.052070714612991016,0.07149283617822855,0.032165867151871745,0.16423840424281114,0.2465784756197276,3.851979261313911e-17,0.43345370219437
plot_6931,7,0.5957792585232562,4,0.03878812504929354,0.16312738977507799,0.1734933997714653,0.003409063630068192,0.4042207414767437,1.9892813897149897e-15,0.21696128029734915
plot_70,7,0.1760856235352324,1,4.1867689554413974e-07,0.8239143764647675,0.02677131793332817,0.0004128305093200136,0.06068684336595069,7.396417467968454e-10,0.0882142123100962
plot_7001,7,0.7410498839260018,6,0.13120826544788047,0.18669271567196302,0.07840311140603291,0.003796993549729086,0.2589501160739981,2.6936253366494057e-14,0.3409487978503694
plot_7002,7,0.8498750030813743,6,0.1501249969186257,0.1901530035494211,0.06314426158886641,0.0040433073302743455,0.21097403278806504,4.9725001190138895e-14,0.38156039782469775
plot_7003,7,0.5368740461290757,6,0.1306406533939879,0.1717540908286072,0.0661639619595216,0.004163154847493823,0.1641521850992853,1.7990933498487595e-13,0.46312595387092437
plot_7004,7,0.7675854641533286,4,0.016049334957924783,0.15026224412729655,0.1061808386258424,0.0028300857340508865,0.49226296070821396,7.800375130856315e-17,0.23241453584667138
plot_7005,7,0.6812972382378684,4,0.0532317369602747,0.3187027617621316,0.038136503288206273,0.006951298928623284,0.4488348848708087,3.679671186707178e-12,0.1341428141862756
plot_7006,7,0.6219845803524492,1,0.16434941284538285,0.3780154196475508,0.02652157188294612,0.006431248541777335,0.36299971481606397,5.742580378319829e-12,0.061682632260536385
plot_7024,7,0.463651773852821,1,0.2288829701769364,0.5363482261388142,0.0018830045269953462,0.01430030219783171,0.2157261884366561,5.397797234714911e-09,0.002859303124969061
plot_7025,7,0.18678574103861034,1,0.06894731484350342,0.8132142588733102,0.0010310060636367186,0.06722772509091555,0.04604109851227254,4.921800015974582e-07,0.003538104436359898
plot_7026,7,0.5523187867178949,4,0.12966525844137738,0.15020406979041667,0.00622863785901093,0.08913702194754752,0.4476812132821051,8.177710665308932e-13,0.17708379867872454
plot_7033,7,0.521146043767668,2,0.18522136214746587,0.0037798181809141065,0.47885395623190585,1.297506428116182e-07,0.050158517447162286,0.001978338058044889,0.2800078781838642
plot_7041,7,0.7641424535242534,1,0.005571000105619274,0.28892302475930126,0.2306636716216266,0.00340685289496001,0.2353791347459698,0.00019876939677637088,0.23585754647574675
plot_7042,7,0.7823166451627195,1,0.011662298576349117,0.3612206879041599,0.22520268551596112,0.0005999097450920362,0.21768335483728046,0.000297710312313498,0.1833333531088438
plot_7043,7,0.7646837570072758,2,0.012036359383828507,0.2256412998226219,0.29457995600718573,0.000374629842144686,0.23197947360847598,7.203834301907563e-05,0.23531624299272422
plot_7048,7,0.6224097681380056,6,0.10087223175280227,0.03376355566453777,0.3775902318619945,0.0,0.06385636291836354,2.47249195766546e-09,0.4239176153298101
plot_7049,7,0.5591942064555073,2,0.10624023315972106,0.015057127043046485,0.4408057935444927,0.0,0.04481614376097399,1.5312707306920771e-15,0.3930807024917643
plot_7070,7,0.5331839529179567,1,0.012235052222440878,0.46681604708195845,0.08059282296158847,0.004723737852838577,0.2575748876189837,0.06343098733241996,0.11462646492977006
plot_7081,7,0.3189139136050765,2,0.0076034122485340175,0.054504145970345,0.6810860863949235,0.011379729806847868,0.1183099911787639,1.0415608469289382e-07,0.12711653024450104
plot_7082,7,0.8330411657742767,2,0.00529576019981761,0.05587635402620294,0.5468605431102678,0.017367904545685604,0.16695883422572344,2.561811360099158e-09,0.20764060133049134
plot_7083,7,0.7096649255963792,6,0.2377076881567391,0.05949483049318406,0.11522532747996792,0.07172442782646529,0.22551044032249676,2.2113175260828374e-06,0.2903350744036208
plot_7084,7,0.5651992799232453,6,0.05154276056137067,0.19777350144989397,0.1420507447835838,0.059206840639244605,0.11462543248914948,2.71538692250782e-15,0.4348007200767548
plot_7085,7,0.26581951396123055,1,0.024734879624918917,0.7341804860386569,0.013746846017301119,0.031230705608310788,0.1921048487930211,0.00036739300532552207,0.0036348409124657127
plot_7086,7,0.8740065790015197,6,0.12599342099848038,0.19021307764680734,0.016562882932055125,0.043790399900619496,0.2819642733108723,1.0166633233899258e-12,0.3414759452101487
plot_7091,7,0.8996582589244897,4,0.012739750240694098,0.27359628586866264,0.0516626615317354,0.10034174107551015,0.42113505491201336,0.004901729652314227,0.13562277671906986
plot_7092,7,0.631408296033973,1,0.013603577103457394,0.38909128070671306,0.038323806575969115,0.07260396111797239,0.36859170396602703,0.0033402255498794923,0.11444544497998149
plot_7093,7,0.855066796550549,4,0.017014290266009677,0.26106047510043706,0.05021512734256846,0.07596610916951724,0.4431797885465896,0.007631006125426854,0.14493320344945107
plot_7094,7,0.6047142657118484,4,0.04262558214315101,0.330056217807387,0.02280303177265685,0.0662452589058404,0.3952857342881515,0.031192271830230954,0.11179190325258227
plot_7095,7,0.5663044132220018,1,0.015877320132714253,0.43369558677772185,0.01768515091840197,0.056843919460133854,0.36956849456058544,0.007102614854922936,0.09922691329551964
plot_7096,7,0.4224690407421519,1,0.009171962989627478,0.5775309592576864,0.021372732590907478,0.039285257450791373,0.2736981621855694,0.005054978466209246,0.0738859470592085
plot_71,7,0.33292695744442313,1,0.08804052102138835,0.6670730425555477,0.170175310417826,0.0006078264165060117,0.030762525084032096,3.842780804787381e-06,0.04333693172389511
plot_7104,7,0.6340320866298085,2,0.05878865851922521,0.2571653604075979,0.3659679133701915,7.177572426454285e-05,0.14552429391170685,0.00012174330698500253,0.17236025476002897
plot_7105,7,0.3187461359269448,1,0.013085900517076395,0.6812538640728784,0.14186741415149967,0.0006946651957440565,0.09598348083458963,0.002676985656640646,0.06443768957157137
plot_7106,7,0.32655080962104227,1,0.01939933456972198,0.6734491903788075,0.17710195482656754,8.06729891980979e-05,0.0716581104528157,0.0022087533043367146,0.056101983478552525
plot_7107,7,0.5192904440141427,2,0.190563729570639,0.09189095953822957,0.48070955598585735,2.9643656702773187e-06,0.056154987987418234,4.9198408095440706e-05,0.1806286041440902
plot_7108,7,0.8099747909191057,2,0.20851000974778994,0.06579272504501327,0.478758110471422,1.5070394105274325e-06,0.05682097050509495,9.146811037505489e-05,0.1900252090808942
plot_7109,7,0.5273631562602805,2,0.2163244008755858,0.08141756878793949,0.4726368437397195,2.2988133543604895e-06,0.052853428553657184,3.558561813237351e-05,0.1767298736116114
plot_7110,7,0.5972967206939168,2,0.10545540271840671,0.020228289201751862,0.42084123339239643,0.0,0.05077170588893591,8.949242591171899e-08,0.4027032793060832
plot_7111,7,0.6086560789722586,6,0.09292914209385533,0.06759070509765158,0.35971532638442877,0.0,0.08841393709427176,6.968302051176224e-06,0.3913439210277414
plot_7112,7,0.6185213669489711,6,0.08892826522695538,0.07152353780065987,0.369035086976529,0.0,0.0890272016631406,7.275281686160602e-06,0.381478633051029
plot_7113,7,0.6236474466660733,6,0.07786148804288467,0.1252612102987745,0.2035135629251562,0.0,0.21701118539924913,8.922087934944182e-15,0.37635255333392664
plot_7114,7,0.6509815801148897,6,0.05917842419187299,0.11821761845775404,0.24933041155763494,0.0,0.22425509937165938,2.653596829856749e-08,0.3490184198851103
plot_7115,7,0.4700663335689147,1,0.00028971029155076144,0.5299336664309927,0.1981377517097055,0.0,0.1654118854675508,2.527504515882462e-06,0.10622445859568425
plot_7118,7,0.808880564934529,1,0.19111943506547124,0.33993252072210306,0.05765064317663899,0.01182605865865554,0.1743972753385802,0.2031847920762977,0.021889274962253496
plot_7119,7,0.7880022581564684,1,0.18278699819385855,0.470379327106194,0.02213567302571401,0.004425280746755004,0.09935425235356607,0.21199774184353176,0.00892072673038084
plot_7120,7,0.11954699434657062,1,0.011769902809087534,0.8804530056532931,0.029353558207278686,0.002045433233261862,0.041069792579909566,0.020192030702102588,0.015116276815066467
plot_7121,7,0.11777507670542682,1,0.009584595553989696,0.8822249232943371,0.050840399379223813,0.0002270239681448697,0.028832008378575708,0.012681052758486203,0.0156099966672427
plot_7122,7,0.09016121195199236,1,0.014436147276408422,0.9098387880477723,0.037448012984048866,0.00011181822430056187,0.01516729905816727,0.01614360619227952,0.006854328217023197
plot_7124,7,0.6796657463909407,2,0.004503662495514156,0.31721969523718974,0.3203342536090593,0.0,0.15545771148552345,2.625174918998035e-06,0.2024820519977943
plot_7125,7,0.40345327966876343,1,5.527423760188559e-05,0.5965467203312366,0.16651548227087914,0.0,0.16388926167157614,1.0716732934092528e-07,0.07299315432137693
plot_7127,7,0.49477819328589323,2,0.0018300637868025513,0.1125267778835532,0.5052218067141068,0.0,0.04585662332362337,4.548275327504507e-08,0.33456468280916085
plot_7128,7,0.40604574887236855,2,0.006714996334833807,0.019830806943529358,0.5939542511276314,0.0,0.01144500698644075,2.505288755864158e-08,0.3680549135546771
plot_7132,7,0.7941546014215571,2,0.2058453985784429,0.2759406738473424,0.44602885533522624,1.3760838127696511e-05,0.06826521850823451,0.003465728581480697,0.00044036431114567737
plot_7157,7,0.7299457055242349,4,0.09223083122547324,0.07520713079068925,0.1036222737988482,0.00038201572977178996,0.38096711373017866,0.07753634024927372,0.2700542944757651
plot_7158,7,0.5816063926034233,4,0.08534269849600873,0.09720602407536033,0.08723231666418688,0.0003407729059340664,0.4183936073965767,0.06795396849828396,0.24353061196364933
plot_7159,7,0.7920763825024392,1,0.2079236174975608,0.6109516884949928,0.009050094784435147,0.014147184193050003,0.15663706717669404,5.996913984454449e-07,0.001289748161868658
plot_716,7,0.875999121747966,1,0.12537024042830425,0.684598754169503,0.0004371851092580855,0.01048479537907938,0.12400087825203396,0.05336044170062502,0.0017477049611963422
plot_7160,7,0.648145265271147,4,0.05766268316073042,0.22954745107520508,0.12795674610066055,0.003926417783351709,0.351854734728853,0.03342398612193116,0.1956279810292681
plot_7163,7,0.7858852332814551,4,0.15360733745283942,0.006233130000376631,0.21411476671854493,0.04451790766901142,0.5755166595521407,0.005991757518010864,1.844108907611256e-05
plot_7164,7,0.4996168875441355,2,0.21287317887299467,0.20745292055864128,0.5003831124558644,1.2366951766171824e-05,0.078315718220295,0.00024171498231416021,0.0007209879581240793
plot_7165,7,0.6005140880345876,4,0.009798115075746317,0.3994859119631539,0.13381807164550594,0.028990069051366217,0.4143094432318048,0.0005046298647268563,0.013093759167695963
plot_7166,7,0.5592032643149341,1,0.012582664363906353,0.4407967356850029,0.1515415023022193,0.022796123255456043,0.3548748493435296,5.687787494260347e-05,0.01735124717494327
plot_7167,7,0.388756839181826,1,1.2016908227376195e-05,0.611243160818174,0.08736349426451938,0.006417527973847272,0.2108322274099401,6.7726642882709604e-09,0.08413156585262756
plot_7168,7,0.6663477166734466,1,0.0008436176815934788,0.38748015393941104,0.1418820939963815,0.052777155008042295,0.3336522833265533,9.922144105277629e-08,0.08336459682657735
plot_7169,7,0.6600110218652799,1,0.001205204439499808,0.38328556266710373,0.1508551806191936,0.060145877723178524,0.3399889781347201,6.327173354502525e-08,0.06451913314457079
plot_717,7,0.7329342036590422,1,0.18732554332107534,0.48280408245684026,0.01764496696307598,0.001696778589498396,0.02999823906457337,0.2670657963409577,0.013464593263979047
plot_718,7,0.40840991960237705,1,0.22323479420782227,0.5915900803975522,0.0010641265496312666,0.002101762305549386,0.09244786071329271,0.08794474543721102,0.0016166303889412334
plot_7182,7,0.6470472330718665,2,0.19307770530827922,1.0527345430294936e-05,0.40234981595862,0.0004953496054016543,0.3529527669281336,0.03868367117738122,0.012430163676754006
plot_7183,7,0.5011613733398378,4,0.10276371543142188,1.581429759852096e-05,0.3878190606295818,3.327002744108053e-05,0.4988386266601623,0.009202402044423817,0.0013271109093706064
plot_7184,7,0.5102200506006354,4,0.13134770828160564,0.0001214622983318244,0.3662312428649986,6.645481519171265e-05,0.4897799493993646,0.008627833099221743,0.0038253492412859487
plot_7185,7,0.5568881063294436,2,0.22205686601634966,3.5335811534115197e-07,0.44311189367055637,0.0020431384539778487,0.24615945037104792,0.08427959154776213,0.0023487065821907525
plot_7188,7,0.4239140010004218,4,0.1305107334552137,0.0005122101173384437,0.22892260956872673,0.00023983992612195922,0.5760859989995781,0.02909907087309716,0.0346295370599238
plot_7189,7,0.6432332587537848,4,0.044428696440302784,6.778665305374559e-05,0.3567667412462152,4.2230267580183245e-05,0.5559252912692249,0.006752918248752904,0.03601633587487036
plot_719,7,0.020177334529560133,1,7.30304799508643e-05,0.9798226654703192,0.0007442413387482115,0.004101436212163837,0.01473808847786177,0.00020923780329634302,0.00031130021765989497
plot_7190,7,0.7437594398470043,2,0.2562405601524315,3.7659787260268155e-07,0.39261465106510474,0.00019475004622663476,0.23041499803498752,0.11465890709525894,0.005875757008118121
plot_7191,7,0.5577231763353181,2,0.21550842275185092,5.261662377284451e-07,0.4422768236646819,0.00028905319320978004,0.2615512504424937,0.07604214636697136,0.0043317774145546425
plot_72,7,0.12937894544054246,1,0.00412237836039797,0.8706210545593006,0.0041084033962644215,8.05822258319932e-05,0.12056401157410147,1.9792626920310357e-08,0.0005035500914767523
plot_720,7,0.8018515452595618,4,0.024046557955267063,0.15913030099713693,0.22320053452147864,0.013578322966825818,0.38189562753369194,2.0128516146151272e-07,0.19814845474043813
plot_7213,7,0.13079572471964404,1,0.011549467910540553,0.8692042752766053,0.01124390041816161,0.0,0.05399365494518232,0.0032652722781286673,0.05074342917138141
plot_7236,7,0.3409507752563373,1,0.0412875187601844,0.6590492247434787,0.01064675403176311,0.1768027294923941,0.041228668817840874,0.0006754075716244744,0.07030969658271444
plot_7237,7,0.3455622350813037,1,0.010358669535536552,0.6544377648891644,0.00423717407580001,0.25399741170638657,0.05468527993555254,0.004373887336793412,0.01790981252076656
plot_7238,7,0.5455601044872607,1,0.032757251877884974,0.4544398954893405,0.003327437977760323,0.2637464846097031,0.18559077245730218,0.040424243714418336,0.019713913873590488
plot_7246,7,0.7429335930351212,2,0.00438394516675566,0.05766754865285968,0.5006299749858086,0.025414730313446904,0.15483739294197854,9.742717253912468e-10,0.2570664069648788
plot_7247,7,0.2794121449672668,1,0.011430042118973886,0.7205878550221468,0.08944609389626719,0.14993390494231543,0.02399841916856152,0.0016560783313385999,0.002947606520396432
plot_7248,7,0.3198529008483037,2,0.012229638814939171,0.07216938907587142,0.6801470991516964,0.013571655484634963,0.11085240415690369,5.8959748066759586e-09,0.11102980741997967
plot_7249,7,0.39094801202604507,2,0.006933188589261438,0.05668583962719534,0.6090519879739549,0.013698273252820654,0.14033698053248536,3.954937020021592e-09,0.17329372606934523
plot_7250,7,0.6207421636036354,1,0.10216384868314232,0.3792578363959511,0.006335614685488363,0.1199851841354945,0.3161531385172208,2.3918405200058234e-14,0.0761043775826789
plot_7253,7,0.6258908281453142,4,0.11470064092256518,0.2868238037935469,0.010126882764929505,0.10474344613202016,0.37410917185468584,1.2698480281104e-13,0.10949605453212541
plot_7254,7,0.7097699232038261,6,0.15406773397859197,0.15402364627482856,0.16483735840879893,0.0663346071135335,0.16787231223700405,0.002634265191069106,0.2902300767961739
plot_7255,7,0.8037551735860317,4,0.048558587351704964,0.0021852792981945346,0.023413029318347454,0.14294287978190712,0.5841459102006787,0.0025094876351988505,0.19624482641396832
plot_7256,7,0.35500084926093756,4,0.025948045178864985,0.008382040882069858,0.03176251035738419,0.0989266795932316,0.6449991507390624,0.0018398371799621303,0.18814173606942475
plot_7257,7,0.37788156029224984,4,0.03590664551527806,0.0013459662940633879,0.08466267494927589,0.10161000211338764,0.6221184397077502,0.009408981478680058,0.1449472899415648
plot_7276,7,0.07353974664696708,5,0.02487748051730319,0.008966174989747921,4.350957309130143e-05,0.00023642948443347448,0.039222811020001705,0.926460253353033,0.00019334106238952194
plot_7277,7,0.20804236832447337,5,0.04313159323851871,0.03857091344456309,0.0002931966688096179,0.0003235541023686243,0.12497068392347019,0.7919576316755266,0.0007524269467430926
plot_7278,7,0.8941067760862711,5,0.10589322391372887,0.07875044175223739,0.002853752169479887,0.0023601573495335556,0.09270300188551919,0.7128702893835233,0.004569133545977885
plot_7279,7,0.3304793751176873,5,0.08915369512051169,0.11158283408144609,0.003554005264923414,0.0030811213368887374,0.11762394438460513,0.6695206248823127,0.005483774929312275
plot_7280,7,0.15845575564929065,5,0.07348167928830336,0.03553655096098161,0.0011869778908795612,0.000893052014668568,0.0448108889814337,0.8415442443507094,0.002546606513023887
plot_7281,7,0.7913794258233895,5,0.06286351571855614,0.2086205741597264,0.007916238871752744,0.006875314879128543,0.19472992187618002,0.5092135206118257,0.009780913882830505
plot_7282,7,0.0634907004933997,5,0.004885656806147496,6.709511964192084e-08,0.04900678665474943,2.2598135434880706e-06,0.008257270751477572,0.9365092995066003,0.0013386593723620996
plot_7283,7,0.15394080350556663,5,0.018368768421723813,2.1078643783413656e-06,0.09548604726747277,3.6877420024220735e-06,0.03306978454167281,0.8460591964944334,0.007010407668316492
plot_7284,7,0.1875043637323628,5,0.0659866002369994,0.038589816562886806,0.0005310839209275749,0.0004910972757307703,0.08057234598208747,0.8124956362676372,0.0013334197537308084
plot_7286,7,0.6686674138907884,4,0.009132020673816153,0.056242871846395204,0.33133258610921157,0.0046683359168284595,0.44608864601552356,3.517745131473449e-05,0.1525003619869104
plot_7295,7,0.2947522148236742,0,0.7052477851763259,0.007551408424770361,0.09634318857406006,0.0706157665137091,0.00043513639829620415,0.0010496844359598164,0.11875703047687876
plot_73,7,0.5163874110049698,4,0.00037229258979358526,0.016507003585869432,0.31928303536295993,0.0056851880416467345,0.48361258899503023,0.09595666161819623,0.07858322980650369
plot_7304,7,0.5642744529243139,2,0.013705515144141867,0.19235289062586586,0.4357255470756861,0.12500552300261356,0.21677802829815207,0.008212544422533283,0.008219951431007151
plot_7305,7,0.7587124551932732,2,0.01904021391421741,0.2433207420575093,0.34548380112722504,0.13280145591855402,0.24128754480672673,0.0064682036410828704,0.011598038534684564
plot_7306,7,0.8547841402733802,2,0.016321113431611838,0.194686278639369,0.3641409001787825,0.14521585972661974,0.23670523244989522,0.02416778593870842,0.018762829635013287
plot_7307,7,0.8609312108198501,2,0.012961583818148811,0.26965753684356425,0.3267067964090768,0.13906878918014998,0.2351553301160164,0.0017022663470200256,0.014747697286023922
plot_7308,7,0.6530590038208128,1,0.05448807717372317,0.34694099617760915,0.2115980705598436,0.08537275726488101,0.2515144808629034,0.003718275110425287,0.04636734285061438
plot_7311,7,0.5157215269397667,0,0.4842784730602333,0.0001971663654676985,0.20493651269570545,1.631493250000359e-05,0.036323587771413195,0.012011867523680718,0.2622360776509997
plot_7354,7,0.5932847894341587,0,0.4067152105658404,5.189995650492416e-05,0.10023838580057631,0.0,0.11346595690283794,0.3351914820814921,0.044337064692748486
plot_7399,7,0.6031312663292026,2,0.014697363542141947,0.18925800903552792,0.39686873367079745,0.12828723801616548,0.23196530455684422,0.021322455710275377,0.01760089546824766
plot_74,7,0.8046137016577053,1,0.19538629834218013,0.4241517937717738,0.21068304063081128,0.0038488138065090162,0.0808892322037707,3.856955582130818e-07,0.08504043554939679
plot_740,7,0.695029941369294,1,0.15986117535660344,0.460748922246057,0.028055163388141652,0.0032061313384470227,0.024169243187571916,0.30497005863070603,0.018989305852472882
plot_7407,7,0.7264478148946024,1,0.003556629035092453,0.28897612095196107,0.22131466506117525,0.10946854186114421,0.1023722555206514,0.0007596024645781221,0.2735521851053977
plot_7408,7,0.08730138342440873,1,0.003654126477426081,0.9126986165676771,0.0032283963600179847,0.0003777217229972298,0.07806272718629242,0.001946244663121896,3.216702246722078e-05
plot_7409,7,0.4248134968583283,1,0.08110928318263666,0.5751865031416717,0.06636716157843427,0.019271734821397324,0.25668824427848724,0.0012606402798571842,0.00011643271751569973
plot_7410,7,0.01748202171865299,1,0.0022919523950493998,0.982517978281347,0.0016543623333737027,0.0003596229504422437,0.012708200340635098,0.0004675453499620035,3.38349190554087e-07
plot_7411,7,0.11224722595851537,1,7.1971406470260935e-06,0.8877527740414619,0.04177732849315865,0.05673124572418514,0.0001378173925611782,0.013583338731042826,1.0298476943480243e-05
plot_7412,7,0.11872818087878213,1,1.0068926401652236e-05,0.8812718191212179,0.06288591288632357,0.04227609089522174,0.00015179402091119337,0.013396008027283387,8.306122640601408e-06
plot_7413,7,0.12493364018264937,1,2.176223361748025e-05,0.8750663598173506,0.02740019640975523,0.09411174225871537,0.0001499746607581934,0.003180298099134642,6.966652066838163e-05
plot_7414,7,0.11862655725795983,1,7.1776514483555835e-06,0.8813734427420402,0.013763845969405912,0.10172717412532073,5.360392806235294e-05,0.002991456593336199,8.329899038633224e-05
plot_742,7,0.3062107182555751,1,0.07129574803809961,0.6937892817444249,0.0019463199650309754,0.03771956562642151,0.0473748837808638,0.13561893369039546,0.012255267154763822
plot_7425,7,0.3286767327968031,1,0.14156308573466525,0.6713232672028839,0.0832913529186452,0.00674313167882361,0.01469864909591462,1.0011456619049356e-05,0.08237050191244827
plot_743,7,0.033497264189629485,1,0.00033521595563289566,0.966502735806066,0.0021809787517874,0.007766762685017735,0.020915338251458398,0.0018342627816759554,0.00046470576836165055
plot_7433,7,0.5260767908771449,2,0.012049151379971052,0.1767178106437007,0.4739232091228551,0.1234089391928889,0.19991491268111222,0.008166888821934,0.005819088157537976
plot_7434,7,0.6713154841929728,1,0.020484335911882447,0.32868451580684255,0.24167877720396708,0.11627003110605166,0.25772216092098355,0.001728967785382184,0.03343121126489043
plot_744,7,0.1950643800062746,1,0.029327444079850544,0.8049356199937254,0.021459049828843897,0.009321204757010156,0.0989940803055176,0.0031186802095750496,0.032843920825477366
plot_7441,7,0.39513496422442873,6,0.015023893693052962,0.14862869838595602,0.04787659396469848,0.03315871511442718,0.1504470541345559,8.93173819185953e-09,0.6048650357755713
plot_7442,7,0.48742972494708725,6,0.002834280803093745,0.16222365669169864,0.11263596465781865,0.043090392921542355,0.1666454167999934,1.307294048542529e-08,0.5125702750529127
plot_7451,7,0.004403149042932411,5,0.0023258030356209007,0.0005757170275118383,7.320981790328584e-05,1.195533478046636e-05,0.0013209877151691238,0.9955968509570675,9.547611194672181e-05
plot_7452,7,0.010569058698500774,5,0.004909602352316264,0.0014552150091645096,8.527925809038796e-05,2.325234703437022e-05,0.003962895256070916,0.9894309413014992,0.00013281447582432366
plot_7453,7,0.0008868118816121071,5,0.0004510736946056565,8.43240435699132e-05,2.500481686085299e-06,6.14241532560055e-07,0.0003428072355795219,0.9991131881183879,5.492184638373289e-06
plot_7461,7,0.3635190140160016,2,0.00028806667653620793,0.06056943416286481,0.6364809859839984,0.08974732994873227,0.04658612235202508,6.305328043395142e-05,0.16626500759540933
plot_7471,7,0.8566757565436076,2,0.0015696212322997881,0.06907945080872857,0.5655553175192424,0.14332424345639236,0.05570254652104861,0.0007410698990389251,0.16402775056324953
plot_7472,7,0.39758055849441937,2,0.002427487560451431,0.03916290926944768,0.6024194415055807,0.13692891818301514,0.05472415513661904,0.0015121712775538671,0.16282491706733226
plot_7473,7,0.8360664436807805,2,0.003189647289835527,0.2612657703309582,0.3576793572439916,0.12757604131727607,0.08568302920770149,0.0006725982910176568,0.1639335563192195
plot_7476,7,0.2294651768534798,2,0.00023225084445346734,0.006846217476792189,0.7705348231465201,0.058637193111570854,0.01055536610544205,9.001870111635836e-05,0.15310413061410483
plot_7477,7,0.3024698012595564,2,0.00163097114712716,0.020341769957499225,0.6975301987404435,0.08852730521941919,0.021195586680004198,7.986855088132194e-06,0.17076618140041847
plot_7485,7,0.66572917416099,4,0.010255898699541265,0.05037198223640495,0.3342708258390099,0.004143605165744036,0.4389492510555164,4.543184471854146e-05,0.1619630051590649
plot_7486,7,0.8120809382083599,1,0.0012408311523539842,0.6437188138528159,0.00033355466958600086,0.18791906179164014,0.16662003578577025,0.00016770127782803846,1.4700056404684843e-09
plot_7487,7,0.10873637957368208,1,4.109722423004368e-08,0.8912636204260536,0.02868849154766577,0.021880121321150144,0.05384997722850367,0.0042805303955066225,3.721798389627146e-05
plot_7488,7,0.7506013035865784,2,1.746816602754042e-08,0.2695531414690213,0.3841431419470883,0.047231243613328505,0.2493986964134217,0.00028043763143108,0.04939332145754315
plot_75,7,0.1324950370519939,1,0.034309948730630285,0.8675049629478149,0.049015022775146494,0.0005754127918741509,0.04043277960607991,2.614988065704323e-07,0.008161611649647654
plot_7508,7,0.03450850933189624,1,0.0030440718867283437,0.9654914906681037,0.0014078401673740446,0.00036583481282302633,0.02930772948636501,0.0003810035830725711,2.0293955331756287e-06
plot_7509,7,0.029307408044317532,1,0.00225100620527121,0.9706925919556824,0.0010763815393958094,0.0007191540701284358,0.02490761094351041,0.0003514764464789899,1.7788395325756432e-06
plot_7513,7,0.8260841140886415,2,8.845622978184097e-05,0.030496550056507813,0.6869257769334055,0.07613978482718904,0.03240839956541503,2.514647634218059e-05,0.1739158859113585
plot_7517,7,0.5829223397326618,2,0.11166494555642165,0.09076074490091902,0.41707766026733817,0.08685020899682779,0.12039129038292626,0.0019531484296129924,0.171302001465954
plot_7518,7,0.601875044302653,2,0.1184793025871436,0.08402410619070312,0.39812495569734696,0.09301763030569117,0.11862486658406526,0.0024540592134467223,0.18527507942160304
plot_7526,7,0.21971584856565557,2,7.245062629275554e-05,0.009405951987599932,0.7802841514343445,0.0513812486166882,0.010555289957086298,2.4326706665768278e-05,0.14827658067132268
plot_7527,7,0.1884529512828983,2,0.00011027386557034665,0.0020967392524855644,0.8115470487171017,0.038368550056356476,0.003934952497012876,7.93138510182385e-06,0.14393450422637122
plot_7528,7,0.20467225680574108,2,0.0001947544882028514,0.002953809256762972,0.7953277431942589,0.045398373495892,0.005125243127632182,6.872294030705266e-06,0.15099320414322037
plot_7529,7,0.1847632577222811,2,6.7880898963071e-05,0.0026287482873523483,0.8152367422777189,0.03620732293082435,0.0044792336893146704,6.65007854033024e-06,0.14137342183728638
plot_7531,7,0.3826376432911461,2,0.002134345243851484,0.03495844565035186,0.617362356708854,0.1306173811048395,0.049355909958200106,0.0013106256914787195,0.1642609356424244
plot_7532,7,0.8254765566573281,2,0.0011182388508278558,0.014856035111588312,0.7107634600429054,0.08067699582137196,0.017982695982277624,7.913084835706751e-05,0.1745234433426719
plot_7533,7,0.4662615644144182,4,0.003756043200659833,0.23785625692751217,0.22333784490335024,0.000519722237378187,0.5337384355855819,8.74077610551211e-06,0.0007829563694123416
plot_7552,7,0.3376771415329032,5,0.07926345541347525,0.10388071332991322,0.0027736824680957683,0.0024511197774521156,0.14493336990415562,0.6623228584670968,0.0043748006398112195
plot_7553,7,0.1276515778652995,5,0.04767806773230451,0.021523295905391412,0.0002821418571703257,0.0002696845178475992,0.05714457676567103,0.8723484221347005,0.0007538110869146077
plot_7554,7,0.08993294185207977,5,0.023869869620074535,0.010766503918166716,4.121127423623159e-05,0.000201761862773883,0.05487557792000178,0.9100670581479202,0.0001780172568266164
plot_7555,7,0.49132693758098217,5,0.001996609645382414,1.9684995403910986e-05,0.41912634966922113,0.0012101851542434651,0.06877975346275916,0.5086730624190179,0.00019435465397208082
plot_7556,7,0.4920557243085446,2,0.0032147029404892935,1.7187752456326146e-05,0.5079442756914554,0.00020830321692241809,0.05099870616070849,0.4370581378713105,0.000558686366657572
plot_7557,7,6.40535463667806e-05,5,4.6826763707929174e-05,1.7524281170762675e-06,8.249965790246275e-07,5.799263052277094e-08,1.4365260330361193e-05,0.9999359464536333,2.261050019091675e-07
plot_7558,7,0.0006003623356400728,5,0.0003231050170069701,5.363711162177503e-05,2.751623188923781e-06,4.607979024576023e-07,0.00021588854879820636,0.9993996376643599,4.519237121720717e-06
plot_7559,7,0.38469051806981935,5,0.0025770902605647336,0.002894919901447462,0.15509699986852665,0.004575321348224331,0.14420686728000665,0.6153094819301806,0.07533931941104956
plot_7560,7,0.16777558472509135,5,0.002379283607615163,0.002511237745195098,0.07345820802585097,0.003692189314340774,0.04436458752684265,0.8322244152749086,0.041370078505246696
plot_7596,7,0.33197848769127236,5,0.0026738762673828584,0.0029301331086222134,0.13720073372409236,0.004600991957222944,0.11375867493818603,0.6680215123087276,0.07081407769576596
plot_7597,7,0.08201854204035018,5,0.0007840957036113004,0.0009134259812544779,0.035151389008056325,0.0006762687132321719,0.02401775585222677,0.9179814579596498,0.020475606781969136
plot_7598,7,9.721574671732637e-05,5,1.9484343049626156e-05,1.793714653503295e-06,2.976174071404455e-05,3.258936803196755e-08,4.283017228307427e-05,0.9999027842532827,3.3131866490895624e-06
plot_7599,7,0.005927940384315477,5,0.0026487321567349306,0.000938375999246451,0.0004684681963461752,3.299479958986219e-05,0.0014529186188335416,0.9940720596156846,0.0003864506135645594
plot_76,7,0.648832517832696,4,0.012435388852091918,0.049125859418794944,0.35116748216730403,0.09341992573001663,0.4615441177274346,6.208733779102033e-09,0.03230721989562423
plot_761,7,0.2750451517166392,1,0.002237289432209991,0.7249548482832906,0.040499098730281166,2.7099405172420198e-05,0.15354210075090527,0.0025487816106829525,0.07619078178745767
plot_762,7,0.12331778241351009,1,0.011495516743846933,0.8766822175864899,0.006359813858987315,0.02509221541863663,0.04413574169790087,0.0012323772550622038,0.03500211743907614
plot_7628,7,0.6131269926250642,2,0.12039726807570181,0.14245695446744386,0.3868730073749358,0.09288608388271508,0.13790742465196754,0.0054276294617566535,0.1140516320854793
plot_7629,7,0.6937395059256131,1,0.04713895153460304,0.30626049400084443,0.26200649827118805,0.19919775046792548,0.11364565602945108,0.04991769162068145,0.021832958075306275
plot_7630,7,0.8091633975094876,2,0.07236576360592246,0.2176913857597323,0.2903575907594837,0.19083660249051237,0.14044243223731315,0.019891682650339,0.0684145424966968
plot_7631,7,0.8046276776622339,2,0.10981181646624065,0.18059867129035231,0.3144782264539852,0.1594396473595357,0.19537232233776608,0.024007845064565728,0.016291471027554454
plot_7632,7,0.8067505834323314,1,0.0002526563449001635,0.612484088988618,0.00012118306958794236,0.19385831142140242,0.19324941656766853,3.434360782296732e-05,2.0400855595632535e-105
plot_7633,7,0.5236957176387854,1,0.05412292713655493,0.47630428236121475,0.23933366166392897,0.06637450911031594,0.16306082283856346,0.0008032435485781274,5.533408439241362e-07
plot_7634,7,0.00037548162762734874,5,7.811752438543743e-06,1.285525272835225e-06,0.00017124252776984288,2.4165668839957415e-07,0.00017429684150630217,0.9996245183723727,2.0603323951424116e-05
plot_7635,7,0.017212646945649283,5,0.0071207259975546375,0.004401125848171362,0.0010274745499778992,0.0002622705884673339,0.0032763192953124036,0.9827873530543507,0.0011247306661656496
plot_7636,7,0.1713647436877749,5,0.0006694250870875427,0.0006287875107103373,0.07146016338459654,0.0010958416896523564,0.0577220357618009,0.8286352563122251,0.039788490253927236
plot_7637,7,0.06613320793745861,5,0.0024665356407761623,0.003980599573520506,0.026629272098616083,0.0008173046849951432,0.016404565173121128,0.9338667920625414,0.015834930766429608
plot_7638,7,0.055417921264344874,5,0.0005942600281932978,0.0007912550925900852,0.025150769506230703,0.0002873864067217739,0.016400404492871466,0.9445820787356551,0.01219384573773756
plot_7640,7,0.0005363594674537761,5,6.230552774475869e-06,4.909507781860302e-07,0.00015742616240102167,9.367654347443826e-07,0.0003629144221749607,0.9994636405325462,8.360613890379255e-06
plot_7641,7,0.00020458082672206924,5,9.277371523147622e-05,1.3858583482015137e-05,1.877858038819412e-05,1.8860273047991403e-07,7.53726076342615e-05,0.999795419173278,3.608737255677694e-06
plot_7646,7,0.2530331053449889,0,0.7469668946550111,0.011418793157065349,0.05160281410370598,0.03564761180630189,0.007455261012302429,0.018327151247718932,0.1285814740178943
plot_765,7,0.19656517266450796,1,0.00019311792720571894,0.8034348273354921,0.00809367729042867,0.028690332857485464,0.07314508658500221,0.08261286089520395,0.003830097109182043
plot_7652,7,0.6901847796824092,4,0.10766558792177391,0.295168202529703,0.20717597692044654,0.0013579397286127453,0.30981522031759084,0.0018639183865708504,0.07695315419530203
plot_7666,7,0.5519565233959307,0,0.44804347660406935,0.010714753809799601,0.10963263426278083,0.0013772750199683213,0.1665895710482179,0.15096842782041045,0.11267386143475355
plot_7667,7,0.7022971146896215,0,0.3872045142715095,2.1506215425435356e-07,0.29512287515901076,0.00011086187177801594,0.00410142390681155,0.015757224418357328,0.29770288531037853
plot_7668,7,0.5827287031674364,0,0.41727129683256353,2.951466991204008e-07,0.28451125653286746,0.00012426633354171624,0.004485592594537981,0.016737480947988284,0.27686981161180196
plot_7669,7,0.7651311420212275,1,3.0068545228778264e-17,0.4303214414046946,0.23486885797877255,0.21698189901913,0.03585790343994778,0.04191254790758778,0.0400573502498673
plot_7670,7,0.8063760629320788,1,7.322275209271964e-17,0.5203283366303912,0.1936239370679213,0.1457917652725771,0.0209308454271871,0.02341183510216196,0.09591328049976133
plot_7671,7,0.8592837575157932,1,1.5119437148639915e-16,0.5126872626940175,0.1788867289202421,0.10618918456335757,0.032301695303396064,0.02921888603477978,0.14071624248420686
plot_7672,7,0.4028626300704739,4,0.06741136862192858,0.10213205156348076,0.22797965062207526,1.6301567802038984e-05,0.597137369929526,0.004068543770822576,0.0012547139243647618
plot_7673,7,0.4052668523130691,4,0.050550528394153214,0.14039137916757533,0.21051198999214538,6.98530249805112e-05,0.5947331476869309,0.0028963077531124043,0.0008467939811021386
plot_7674,7,0.39746263178155977,4,0.025370717135773907,0.1912369883027789,0.15671832822582793,3.665291895068158e-05,0.6025373682184403,0.017616139263975088,0.006483805934253217
plot_7675,7,0.6843083315656688,4,0.007560505780194916,0.31569166841443985,0.1396004120018351,5.477362975629529e-05,0.533665507793631,0.002723460212594807,0.0007036721675481705
plot_7693,7,0.8778115007743683,4,0.04538894740129354,0.23345379849943093,0.25697469840427806,0.0011198952278254747,0.34058806024151145,0.0002861010000287853,0.12218849922563177
plot_7694,7,0.4919658414215717,1,0.03050587411781513,0.5080341585784284,0.13847136584584638,0.001478627261585882,0.2850101134496937,0.00016385245394222962,0.0363360082926883
plot_77,7,0.2019092355485218,1,0.02617645731977235,0.7980907644511247,0.10110208729510385,6.110548250285965e-05,0.06181428464964512,0.0013690469807389417,0.011386253821112278
plot_771,7,0.2922661422284432,1,0.0039634540156590166,0.7077338577715341,0.04321846721725531,1.693477716085498e-05,0.16128214428583817,0.0014907825848599673,0.08229435934769258
plot_772,7,0.3044905751925725,1,0.007034526624983245,0.6955094248074121,0.09628034339081071,7.278444049521231e-05,0.12358311302934691,0.0007400183869883867,0.07677978931996349
plot_7724,7,0.8768756587831257,1,0.253203937601731,0.5882795895990073,0.00957873207443605,0.002228441073098172,0.018869746211049122,0.12312434121687438,0.004715212223804159
plot_7725,7,0.28291939133678545,1,0.14383215504837868,0.7170806086632145,0.0014298303772850524,0.0010329967027912284,0.04913889944512506,0.0870687354295617,0.00041677433364377056
plot_7726,7,0.7007283977197238,1,0.2992716022802762,0.45923764126727457,0.05541579482324563,0.0028444111145884544,0.0549090851744467,0.08524642675655436,0.04307503858361403
plot_7727,7,0.8073223027047616,4,0.021905612763269473,0.20531044499383055,0.19267769729523837,0.0008053969417097425,0.5788394527746046,0.0003925518922578725,6.88433390894616e-05
plot_7728,7,0.8887436441055899,4,0.20954468913703836,0.062446785059679974,0.14761577254560612,0.11125635589440994,0.4682145320835033,0.0008999869863291125,2.187829343309309e-05
plot_7729,7,0.4724800147315931,2,0.08941675263371289,0.0012943335961611905,0.5275199852684068,4.2716602761271703e-10,0.15392958663465808,0.01625721902390313,0.21158212241599172
plot_773,7,0.32720136396323113,1,0.0077188996604073265,0.6727986360366995,0.07080260561073566,2.2711323426888153e-05,0.16084836963776492,0.00043781298877349585,0.08737096474219232
plot_774,7,0.7571126768440374,1,0.031445290609074555,0.46929683728362764,0.056718602093197165,3.761471602989952e-05,0.24288732315596254,9.302386931451881e-05,0.19952130827279363
plot_7747,7,0.34738634371807686,2,0.051600928059764434,0.15003973758122696,0.6526136562819231,0.0360997048387411,0.0719036890534499,5.9576220686679045e-06,0.03773632656282583
plot_7748,7,0.31285834122335365,2,0.03411159295957981,0.14315949264800154,0.6871416587766463,0.02671443681020679,0.06483410573567862,2.7241240217983576e-07,0.04403844065748479
plot_7749,7,0.21933938912204068,2,0.015298468474664869,0.07798779065805916,0.7806606108779592,0.011026679703192882,0.06400474129087072,2.905929173474092e-07,0.051021418402335636
plot_775,7,0.42318621551951696,1,0.014832529005331808,0.576813784480483,0.04928974470647428,8.187020096677269e-06,0.19949065263688476,0.00025004660190767406,0.1593150555488217
plot_7756,7,0.6498790083290842,5,0.2868798953365971,0.0017281287968548857,0.03917621544700037,0.00020193970886182,0.2809883241348205,0.35012099167091587,0.04090450490494957
plot_7757,7,0.6372567410156281,2,0.14790613951268763,0.0006426395250950217,0.3627432589843718,0.0,0.17643864372411278,7.698127094011968e-05,0.31219233698279264
plot_776,7,0.2872117694116034,1,0.0049553097937419105,0.7127882305883966,0.03554323949657612,5.1639728316727214e-06,0.15802902711341013,0.00046654507455975384,0.08821248396048381
plot_7762,7,0.8137616516249763,4,0.18623834837502376,0.00013322205269969325,0.16568767798588213,6.972361166821138e-05,0.5966865710218483,0.0200153451098765,0.031169111843001508
plot_7763,7,0.6695033643939695,5,0.1522138251735783,0.02168962303860264,0.13214481199344094,0.007853738143618822,0.32484186395436265,0.33049663560603043,0.030759502090366098
plot_7764,7,0.4899022637475159,4,0.0607804669236878,0.031686444589591904,0.18856348186682845,0.0007742740794802886,0.5100977362524841,0.1450923837665756,0.06300521252135179
plot_7765,7,0.7864775667504974,4,0.08230460806910994,0.007931231496599234,0.2135224332495026,0.0010862967394541221,0.44674806629365404,0.16792364050043862,0.08048372365124147
plot_777,7,0.3629501231440177,1,0.005490704165927374,0.6370498768559824,0.04733017271156179,2.681751414961198e-06,0.17026231958644994,0.0004209300281694681,0.13944331490049425
plot_778,7,0.5278276706742953,1,0.009920819447620225,0.47217232932568487,0.06460540048472242,1.2219399782692253e-06,0.2323764596187549,7.92114203671797e-05,0.22084455776287215
plot_7786,7,0.9038862212514291,4,0.0522207345406447,0.0020460160605502917,0.27299541106856273,9.974391027835918e-05,0.5190787667786925,0.057445548892700746,0.09611377874857083
plot_7787,7,0.4441241143277647,4,0.001551674551038722,0.24318345213720086,0.19811901061562331,0.0003192864817141118,0.5558758856722353,1.4056345163192083e-05,0.0009366341970246428
plot_7788,7,0.07751939125161748,1,8.137478403650152e-07,0.9224806087475739,0.00026199102230478426,0.07551580848376888,0.0010090024967670556,1.2853187393406223e-05,0.0007189223143516309
plot_7789,7,0.06347147643399126,1,3.3464833402998614e-09,0.9365285235657876,0.006438985943663124,0.04242815137861954,0.01382652146108145,2.4947173151920773e-05,0.0007528671312130405
plot_7790,7,0.08145648149278277,1,1.3931998413386025e-08,0.9185435185055545,0.0012864703474694409,0.07543149632228081,0.004025883688743673,1.7167577853755843e-05,0.0006954496260992447
plot_7793,7,0.7657869407471027,4,0.0020715173323914145,0.23421305925289732,0.2450015628336826,0.0013587094041025904,0.5125986822452063,0.00010023501870431387,0.004656233913015383
plot_7798,7,0.8622420685918317,1,0.11082124132885915,0.29447176150908816,0.15432456165671712,0.13775793140816828,0.2858733695755815,0.00014560316599092555,0.016605531355594887
plot_78,7,0.5095844273419471,4,0.0587395063807184,0.0974474421029068,0.25088118217180155,0.013547028986877579,0.4904155726580529,4.18204155318419e-06,0.08896508565808955
plot_7802,7,0.8679420094036161,1,0.13205799059638387,0.5764088519048183,0.11624945385932517,0.002427935102596587,0.17276235017219757,8.918320827124745e-05,4.2351564074241345e-06
plot_7803,7,0.762071696205282,1,0.13884064952879344,0.5307541903619246,0.08888204165809853,0.00352278444446021,0.23792830379471797,7.124216893173543e-05,7.880430733972524e-07
plot_7804,7,0.059213185291002925,1,8.449203308663538e-05,0.9407868147077179,0.026605759360191064,0.024132192829120123,0.0058141698624389,8.258629294733139e-06,0.0025683125781507175
plot_7805,7,0.04973906200324016,1,1.0784142070343027e-05,0.9502609379966398,0.03124830680003339,0.009582775481772865,0.007230399446584343,3.959594536469741e-06,0.0016628365383627203
plot_7806,7,0.13170383736540123,1,4.995574111316351e-05,0.8682961626337538,0.08254038428801054,0.023530366257285905,0.01831136430691966,9.425637347255638e-07,0.0072708242091821555
plot_7808,7,0.5790543336183217,4,0.11733248655325748,0.15224298229505664,0.27927889619307666,0.0,0.4209456663816784,0.0005665272786669277,0.0296334412982639
plot_7809,7,0.4323394530239727,1,0.055751435688396335,0.56766054697497,0.08043413217865766,0.03380304306973146,0.22847760114683277,7.070003333403728e-06,0.03386617093807826
plot_7810,7,0.44924883296778806,1,0.03805341606614679,0.5507511670299752,0.15839663667032233,0.01880859967104778,0.2086546317893756,5.191200408095977e-06,0.025330357572724248
plot_7811,7,0.8827625408895338,1,0.11723745911046635,0.32633153054429964,0.13832574737640443,0.10676407238183458,0.29754165157570833,0.00010277184261998649,0.013696767168666664
plot_7812,7,0.4987422446319216,4,0.0033281429483695314,0.05081860021468155,0.281966153452869,0.014246731776408686,0.5012577553680784,3.6694301824630526e-05,0.1483459219377683
plot_7813,7,0.026896698443195217,0,0.9731033015568048,0.00377729204485975,0.009453235446104068,6.287741957427072e-06,0.011644604910898746,0.0005426905865192964,0.0014725877128559449
plot_7814,7,0.4980565296424622,4,0.003226195688827639,0.04689057534667872,0.2904700177866825,0.012122734028406607,0.5019434703575378,2.7791693202489163e-05,0.1453192150986643
plot_7815,7,0.5322881283703165,4,0.004669787206119302,0.07380404206383755,0.3046501052132245,0.013687048070437486,0.46771187162968353,3.3540079629765395e-05,0.13544360573706793
plot_7823,7,0.5908887768928062,4,0.08483931628418351,0.15769517882411502,0.31117245006869104,0.0,0.40911122310719394,0.00317998052401836,0.03400185119179819
plot_7824,7,0.461558663947655,2,0.09619272330048653,0.0009753583127313581,0.538441336052345,5.087274305799993e-10,0.15438893540486784,0.018074907904778108,0.19192673851606373
plot_786,7,0.7353031427711002,1,0.02096358985641413,0.370016104205522,0.07633722704537367,7.837304214555407e-06,0.2646968572288998,5.219611219630517e-05,0.26792618824737957
plot_7869,7,0.25465488681505377,1,2.577704162375215e-17,0.7453451131849462,0.058642138946988054,0.03503447505312805,0.008619575978167324,0.08793177543365091,0.06442692140311945
plot_787,7,0.4511651893103631,1,0.03301969656735181,0.5488348106895738,0.14759026410584394,0.004795268703618375,0.07530537382285678,5.050157965732142e-09,0.19045458106059746
plot_788,7,0.29905545678723033,6,0.0676906387677122,0.13051452440421926,0.09224411488415012,0.0001244415385445405,0.008481538161101358,1.9903150290450982e-07,0.7009445432127697
plot_789,7,0.3051495988851115,6,0.03940622566296913,0.18107819118705795,0.07438629974982638,0.0003073829688377742,0.009970607383143579,8.919332768075636e-07,0.6948504011148885
plot_79,7,0.2786534092317908,1,0.04639611746205921,0.7213465907681808,0.05704367640958126,0.021253216356902582,0.10656635364142128,2.9142811892233842e-08,0.04739401621904293
plot_790,7,0.265459979573621,6,0.08920337232237899,0.07586216923710412,0.09237373105957043,3.6893239607431065e-05,0.007983517318778062,2.963961819656948e-07,0.734540020426379
plot_7907,7,0.05297256301803606,1,2.8886329579659897e-08,0.9470274369817169,0.014275727709570727,0.008492233206216695,0.028645799922442136,0.0015121873277780858,4.658596594589502e-05
plot_7908,7,0.041912079069891084,1,1.5326742099773244e-08,0.9580879209299655,0.011505192618269143,0.007812342098875606,0.02215855152290856,0.0003726828457530484,6.329465748598794e-05
plot_7909,7,0.25700827971310014,1,5.2494540309300084e-05,0.7429917202868999,0.007623294638520185,0.006441812982886918,0.15936406307264595,0.0832352048427908,0.0002914096359470144
plot_791,7,0.2329019235246375,6,0.09127973664161312,0.055992010047667164,0.07785852647121505,7.175336493017915e-06,0.007759056805354719,5.418222294474138e-06,0.7670980764753625
plot_7910,7,0.05676405275253558,1,5.179722345033898e-05,0.9432359472474214,0.0005188164394307053,0.003465297705163492,0.03803857613175004,0.014661926230001676,2.7639022782232688e-05
plot_7911,7,0.02748366408209541,1,3.97336631012471e-05,0.9725163359175221,8.89953080143137e-05,0.008985171678467152,0.014315794029757559,0.004042527428804866,1.1441974332802302e-05
plot_7912,7,0.04551445717957738,1,0.00035122887894146337,0.9544855428204226,0.0004673884519970108,0.00351444576595183,0.03655665149344074,0.004608756186129584,1.5986403116777276e-05
plot_7913,7,0.7393393480261238,1,0.009186716045228305,0.28354081474936765,0.2728539830241062,0.09443038447608211,0.2606606519738762,0.06814916953216876,0.011178280199170817
plot_7918,7,0.3651356694121363,1,0.0031555296111892084,0.6348643305878636,0.09467365122199085,0.06907971160698641,0.1677339255981021,0.025458931838246185,0.005033919535621518
plot_792,7,0.23096680271300984,6,0.06959166608534745,0.08185446273216684,0.0725462816255256,3.0816782661733564e-05,0.006939045933583264,4.529553724932819e-06,0.7690331972869902
plot_7924,7,0.438499009017271,1,0.0035473553491585275,0.561500990982729,0.14810667984450035,0.10179530558120689,0.1589460344910407,0.0062436240891714625,0.019860009662193184
plot_7925,7,0.49217567188164735,1,0.0036951424210302976,0.5078243281183319,0.11248195036702122,0.09789059170190047,0.2328176100366443,0.0016498417095929456,0.04364053564547886
plot_7926,7,0.3450664091970668,1,0.0019481538519448495,0.6549335908029332,0.0889919280961986,0.0675553790637023,0.1630990411359542,0.012390747379572003,0.01108115966969488
plot_7942,7,0.3090934057637915,1,0.0006738417840284432,0.6909065942362085,0.00597739830752948,0.001444429781876852,0.2341097590128863,0.06622707941882411,0.0006608974586463079
plot_7949,7,0.6958705223719456,0,0.3041294776280546,0.1410670061515729,0.050449977758978415,0.11452830583840094,0.12904681031006635,1.4280828869843263e-06,0.26077699423004
plot_7960,7,0.2844344007703858,1,0.002732522890014818,0.7155655992295349,0.060855948205331856,0.045670299672227924,0.15467995101227688,0.013270022046996944,0.007225656943616723
plot_7964,7,0.731537343346322,1,0.010124221559993552,0.529363623978304,0.08451383298028149,0.03816199154188286,0.26846265665367797,0.00325019062035657,0.06612348266550347
plot_7965,7,0.67651891772066,4,0.011531537956365492,0.28282270490593875,0.1289925982928063,0.17322854530833315,0.3234810822793401,0.00017516623647472756,0.07976836502074161
plot_7966,7,0.8669640418574778,1,0.006579836900242842,0.40889948102131934,0.1330359581425222,0.10320348780854505,0.27544294880764864,0.0006267827589661447,0.0722115045607559
plot_7967,7,0.3057927632426173,1,0.005740291242221925,0.6942072367573625,0.045869617240598355,0.022518765754197045,0.2048124153356008,0.008852365603659563,0.017999308066359767
plot_7968,7,0.44931834562020095,1,0.0965745890635821,0.5506816543797929,0.0863562612558377,0.009986873341228296,0.11049311752446331,0.014667822160625862,0.1312396822744698
plot_7969,7,0.5423985663660762,1,0.15650540034294663,0.4576014336339108,0.07027053115702632,0.004780498176076994,0.10557547291821241,0.016867712100750804,0.18839895167107615
plot_7970,7,0.4041581085424036,1,0.0026721198491705452,0.5958418914575835,0.09842153252130717,0.10688159550701823,0.16549929596645457,0.0026590724163763624,0.028024492282089697
plot_7981,7,0.23427733752308671,1,6.68657976231962e-05,0.7657226624769133,0.005838269338211679,0.004981557194110067,0.14847953186081095,0.07467524503998568,0.00023586829234520658
plot_7982,7,0.055830594100325995,1,1.04334498763986e-08,0.944169405898197,0.01688289697232616,0.008852120966782433,0.02957276636478092,0.00015836366454037465,0.0003644356999232426
plot_7983,7,0.02477174030319817,1,2.1726662267844328e-07,0.9752282596964837,0.00319744184799936,0.011426806060137863,0.009832792887538239,0.0002692067131618402,4.527552805607182e-05
plot_7984,7,0.670087152108843,3,0.2975233130217037,0.0014347995014129743,0.021476939790650677,0.32991284789115705,0.055781393185786454,0.14313644419876764,0.15073426241052154
plot_7985,7,0.7199998749394875,5,1.2388388591846717e-05,0.02486474403054908,0.00021494093737891039,0.27772132012065476,0.28000012506050354,0.4020817316439898,0.015104749818332095
plot_80,7,0.16158626241599722,1,0.03198610627781679,0.8384137375838694,0.03976886077175871,0.009012973045536114,0.06086927475740953,1.255569087141786e-08,0.01994903500791857
plot_8015,7,0.5266194871557394,2,0.0001725794197465329,0.17068156443439475,0.47338051284426064,0.082515373712485,0.23879020107177368,8.447739001477251e-06,0.03445132077833807
plot_8028,7,0.8261455745861839,1,0.07777068410875246,0.7479746785980318,9.409024109977266e-05,0.000247045125471911,0.14538339582931145,0.028518933231438465,1.1172865894269442e-05
plot_8029,7,0.25559237458181094,1,0.10742593536119241,0.7444076254181762,0.0004002138854702357,0.0006191109149452004,0.09802010198913114,0.04904561309124549,8.139933983931217e-05
plot_8038,7,0.8901095928020073,6,0.20312604593272998,0.14530093338418787,0.14431218467525087,0.07758360623549643,0.030695698537483197,0.10989040719799276,0.2890911240368589
plot_8039,7,0.745396926872409,0,0.25460307312759095,0.10277819383781574,0.23592035453514343,0.12225348722067725,0.07989336378819631,0.034173280502807005,0.17037824698776932
plot_8056,7,0.47089566317111325,4,0.09901432176580978,1.0832326317293994e-05,0.1863533918382871,0.02240034752497432,0.5291043368288868,0.09067026656777893,0.07244650314794587
plot_8057,7,0.7661276944727468,4,0.04965172457415657,0.23387230552644372,0.21305561817364077,0.005418140272286075,0.32120781468019605,0.013910825918767813,0.16288357085450894
plot_8077,7,0.2542410693596668,1,0.10590862397253728,0.7457589306403246,0.0003927217096047224,0.0006496749196528761,0.09919590543937006,0.048014382833234684,7.976048527579921e-05
plot_8087,7,0.759017392995758,2,0.16985498078947964,0.22240761481777263,0.24098260700424215,0.09660225600203075,0.09480053819670647,0.026436939738575655,0.14891506345119276
plot_8088,7,0.6514647831543408,1,0.21373535387722395,0.34853521684565186,0.0743718074536784,0.017022793726734414,0.045476590600196036,0.04486546053842154,0.2559927769580939
plot_81,7,0.6182555790528836,1,0.04695946568060031,0.38174442094711625,0.26879372553073466,0.0064495144937124545,0.28904317459032564,0.00021412775161284785,0.006795571005897765
plot_8103,7,0.9008496806986586,1,0.09915031930133916,0.347645369934309,0.28106445770714394,0.0664177006763482,0.1420236595353754,0.029904462448191248,0.033794030397293034
plot_8104,7,0.2639380627672815,1,0.050318055873067195,0.7360619372324189,0.13014921531429627,0.0022170857747853723,0.08060199016894919,0.0006173771294365085,3.433850704659759e-05
plot_8105,7,0.2863249397121008,1,0.024681296540516436,0.7136750602859607,0.13834275624419656,0.002276332843293404,0.11855571610215265,0.0020229886034104933,0.00044584938046959973
plot_8106,7,0.3529229553461424,1,0.06560767413254091,0.6470770446538576,0.17810520153315973,0.0007268968668284728,0.10814805645047026,0.0003031090727754542,3.201729036763314e-05
plot_8107,7,0.7653731729783328,1,0.036149848287962784,0.5702287055461124,0.2346268270216671,0.0009115037330382364,0.15763710539482956,0.00027005947906061313,0.0001759505373293071
plot_8116,7,0.8839917428628539,1,3.1561606875656758e-18,0.8297017156895394,0.019102111492381234,0.01215736209639406,0.0010305555911226925,0.11600825713714605,0.021999997993416343
plot_8117,7,0.2775802106577949,1,2.1417005757508622e-17,0.7224197893422052,0.06967496054264838,0.03922302296606122,0.0050914823226674765,0.09499939675850583,0.06859134806791212
plot_813,7,0.47558003223813405,6,0.19453518058699615,0.07431154314283764,0.15705546516647179,0.00018784564725546338,0.049489306047715106,6.916468579551738e-07,0.524419967761866
plot_814,7,0.801256879538966,6,0.19874312046103404,0.07767062756546475,0.14829788899102692,0.0002490045266366593,0.07125644532551953,1.6843673958005352e-06,0.5037812287629224
plot_815,7,0.6861246455199972,6,0.09672281477393221,0.2516298840561333,0.17210900582733085,0.03336288021596452,0.13229840848295538,1.6521636809356658e-06,0.3138753544800028
plot_816,7,0.7339018231094414,6,0.06019217043481796,0.21119193826319121,0.26609817689055865,0.001775407508299381,0.16376027906432303,0.00036556782303204634,0.29661646001577757
plot_8164,7,0.18356703043977676,2,8.370024228196677e-07,0.017030098911101132,0.8164329695602233,0.020844355933767704,0.14293751167502466,2.2898296973044513e-08,0.0027542040191635055
plot_8168,7,0.14886138020192055,1,2.0474020507335224e-18,0.8511386197980795,0.029229902836436727,0.036831726853424965,0.0009561286722081318,0.06595117369318845,0.01589244814666229
plot_8169,7,0.23589644280664762,4,0.047719319096369756,0.06967714836715172,0.0031913057010753867,2.481228949565494e-08,0.7641035571933523,0.1111274135449149,0.00418123128484634
plot_817,7,0.5999822205162759,6,0.09248179727691003,0.0949080326118433,0.26128949704440707,0.0035604023555056924,0.14748644110845843,0.00025605011915151674,0.400017779483724
plot_818,7,0.31180445824802616,1,0.014270990764893444,0.6881955417519012,0.06373027353843903,0.013959696195669568,0.10174855176897364,3.1311083897003294e-09,0.11809494284901477
plot_8180,7,0.0017677586552420066,5,0.0016834166830665283,3.0279811477551423e-09,8.326847389795994e-06,1.252981027099985e-05,6.31501837295975e-05,0.998232241344758,3.321028039081036e-07
plot_8189,7,0.8634930455073158,4,0.0001261832033849957,0.14074026164222458,0.13650695449268427,0.00023018556170496837,0.4956046619918837,0.15679489869086927,0.06999685441724822
plot_819,7,0.4605611868320444,1,0.027347306445980032,0.5394388131675878,0.06081837526059487,0.058513753892162845,0.1700191013488843,1.5909011623549204e-08,0.14386263397577856
plot_82,7,0.4998425110085749,4,0.06017546342282192,0.0951129053192613,0.24820897804997993,0.01788869605756299,0.5001574889914251,3.545373746664662e-06,0.07845292278520212
plot_8215,7,0.7424474312381334,1,0.09519423463648308,0.5171799256031148,0.010160319253821664,0.03917612980037325,0.25755256876186655,0.000684155222832221,0.08005266672150839
plot_8216,7,0.6934377854699592,1,0.07266636611219959,0.47352316116113924,0.03194584806519829,0.019912848177050163,0.3065622145300408,0.0002598301351621988,0.09512973181920974
plot_8217,7,0.44248177856963483,1,0.08382096138494614,0.5575182214303446,0.026233375811073028,0.03145951617579461,0.23902410294114182,0.0010773239710742102,0.060866498285625854
plot_8229,7,0.8109749852122383,4,0.05056848777292364,0.21616536125435568,0.059565570351685214,0.2053286558203463,0.2793140228775925,3.288713533496663e-05,0.18902501478776165
plot_8230,7,0.05332000060518862,5,0.04863236726049361,1.1361847967308852e-07,0.0008796146225576074,2.618548506433297e-05,0.0012118632632047677,0.9466799993948113,0.0025698563553885347
plot_8231,7,0.000413151848191444,5,0.00037887520378210315,2.678448736078101e-06,3.1632372460624713e-07,2.5483565256801486e-06,2.620701595501073e-05,0.9995868481518085,2.526499467947556e-06
plot_8232,7,0.5189608449528911,4,0.0008359063657977605,0.1280027974121337,0.007248182742740709,0.2587770144854834,0.4810391550471089,0.08450722349229442,0.03958972045444116
plot_8233,7,0.020818900029436285,1,1.4644028706948938e-05,0.9791810999705637,0.0003417597899114665,0.01029664575481247,0.008092188849272215,0.00206142437183366,1.2237234899496115e-05
plot_8234,7,0.02357369676486427,1,1.0633539704282416e-06,0.9764263032321295,0.002493508773507753,0.009268361961423664,0.010222049426732787,0.0015724461360849668,1.6267116150902934e-05
plot_829,7,0.24871792907113746,1,1.512693604584795e-07,0.7512820709278106,0.12837793646709658,0.00562738959399409,0.11327524750552241,0.00038125485048844804,0.001055949385727358
plot_83,7,0.6567201628108218,4,0.02144909121038927,0.23502931193214507,0.34327983718917826,0.016605623116058375,0.3762295888880123,0.001949816283587739,0.0054567313806290684
plot_837,7,0.31720954395128254,1,0.013151482771397893,0.6827904560487175,0.06290039151004695,0.012411597772481856,0.09375439470481059,2.877937628897372e-09,0.13499167431460757
plot_838,7,0.34754277474394374,1,0.020143389649951535,0.652457225255864,0.06256176863770212,0.02204163419921417,0.11748267253802497,1.3584435105464667e-08,0.12531329613480802
plot_839,7,0.6134663741147155,6,0.08834413530532015,0.0822999352990077,0.2838909495785993,0.006217342770498834,0.1524076997876332,0.00030631137365629175,0.3865336258852846
plot_84,7,0.9037327059475886,4,0.09626725618885024,0.26137276885517996,0.22389373498903997,0.01180333635008025,0.3833573955197126,1.2042290604384667e-05,0.023293465806532687
plot_840,7,0.5889300886325839,6,0.12966097902064241,0.10915247016142957,0.2282319061124119,0.012641887161254844,0.10921793984235009,2.4906334495064485e-05,0.4110699113674162
plot_841,7,0.7002067733569568,6,0.13992490644997657,0.05525741184996724,0.29979322641355627,0.019602526858161665,0.09654710193059962,2.1575012069520265e-05,0.38885325148566896
plot_842,7,0.8534671150809573,6,0.14653288491904268,0.0726959973867104,0.27430494178294557,0.017946345633329128,0.0987970014742216,2.149838828742053e-05,0.3897013304154633
plot_843,7,0.7084483930493453,1,0.002366727342218183,0.3056593702195071,0.22834671143928714,0.06346921924926831,0.2915516069506548,0.004424843491286852,0.10418152130777772
plot_844,7,0.10591086938124536,1,0.03634965172674655,0.8940891306184335,0.005414490746574253,0.008469410719622409,0.049028756571192544,7.195972592734652e-06,0.006641363644838075
plot_845,7,0.12426480189065033,1,0.05774321293776399,0.8757351981093497,0.010299622815968242,0.00830028876526966,0.044342725062457386,1.8094693552453254e-05,0.0035608576156386427
plot_846,7,0.09171907303774547,1,0.02833860819619788,0.9082809269621421,0.009285403292224608,0.012697070785543635,0.036639998044104394,1.2250636053975553e-05,0.004745742083733421
plot_847,7,0.12006406048046074,1,0.044413324611029474,0.8799359395195393,0.012991765298118631,0.012575935132998059,0.04535302448533834,2.6111410918412603e-05,0.00470389954205786
plot_85,7,0.485541540036157,2,0.020398105309514036,0.11227860379648544,0.514458459963843,0.005808742041247899,0.3296029293346743,0.0004618268444280308,0.016991332709807263
plot_854,7,0.1224455614682931,1,5.941114248633189e-05,0.8775544385314664,0.010060036403905273,0.011798313588195794,0.09353240145821298,5.493858422803798e-05,0.006940460291505236
plot_86,7,0.4237300300051324,2,0.02180701917904626,0.09212355418301477,0.5762699699948677,0.0021559384589196163,0.2664470148872856,3.626982455855833e-05,0.04116023347230766
plot_8623,7,0.7408479681706743,2,0.021746108041597642,0.29593314028027806,0.3212306744837734,0.05101843415975079,0.03948944673595719,0.011430164469317087,0.2591520318293258
plot_8624,7,0.675556044309637,2,0.03271757341261409,0.2517135769413925,0.324443955690363,0.07757507635282107,0.029105416157595456,0.026586448276187002,0.2578579531690268
plot_8625,7,0.5743422383417629,6,0.006315146292170382,0.04058165953445734,0.357072416166014,0.08862692917308805,0.07405338149635347,0.007692705679679775,0.42565776165823715
plot_8637,7,0.4509935486696395,1,0.10590338147508296,0.549006451330303,0.07304538009779116,0.005812192290105289,0.11845204501611842,0.015301115070653706,0.13247943471994547
plot_8647,7,0.26245995030026525,1,0.04479223114823656,0.737540049699047,0.04023891421344798,0.01444130824896743,0.13448442929201,1.3431505167197066e-07,0.028502933083239465
plot_8686,7,0.3706484269780846,1,4.439661796316867e-08,0.6293515730219154,0.19184434146854057,0.014405916052709668,0.004660710513676774,6.068743895297551e-10,0.15973741393966515
plot_8687,7,0.25687328437183155,1,5.6102404191676566e-08,0.7431267156281685,0.1387971845914579,0.005879350941382802,0.004209749735728796,8.753368729725472e-10,0.10798694212552107
plot_8688,7,0.1740076869899531,1,1.7825589178247398e-08,0.8259923130100468,0.09773491684721039,0.0036793249381631343,0.0019715476622327215,3.475523978542683e-10,0.07062187936920518
plot_8698,7,0.7285974261368362,1,2.720330598000109e-06,0.34780700520626134,0.33166921393126697,0.02075015291148003,0.02836827222835865,6.152887114101123e-08,0.2714025738631639
plot_8699,7,0.7494556312869053,2,0.20786965222165268,0.14871449927958652,0.2505443687130948,0.10586669180446964,0.08422121863803902,0.03346458597740975,0.16931898336574763
plot_87,7,0.47238946807334764,4,0.008056049752804923,0.08239529849369884,0.34427416878194994,0.025328172138924195,0.5276105319266524,0.0037469543562718317,0.008588824549697973
plot_8701,7,0.7586183393241257,6,0.1908570101832352,0.11194051670174424,0.21135544921622412,0.10345908756187377,0.07458372984083238,0.066422545820216,0.24138166067587424
plot_8702,7,0.4421956197618052,1,0.04888306581400371,0.5578043802381948,0.15237842966587448,0.014938660055970625,0.11162540753092424,0.006751538336962953,0.10761851835806928
plot_8705,7,0.8597284942768312,1,0.07360311573217485,0.5587291996604283,0.10991696065199111,0.004900914022401861,0.14027150572316863,0.006375072170506773,0.10620323203932824
plot_8706,7,0.40765179906496996,1,0.050660694402918025,0.59234820093503,0.12872117038195208,0.006510304113499465,0.13246739663582116,0.0044270570550701775,0.08486517647570892
plot_8707,7,0.5427571170623486,1,0.024583126340128093,0.45724288293765136,0.3602109379574998,0.02935807112134273,0.026764601455527753,2.7056627473384673e-05,0.101813323560377
plot_8708,7,0.8368709366769089,2,0.03519548318238345,0.18494957904322945,0.5464241939617074,0.047632047723721455,0.02255381539483213,0.0001158173710351638,0.16312906332309107
plot_8709,7,0.5973234041866677,2,0.027433997455474184,0.2996289267830594,0.40267659581333215,0.10128353473614676,0.07903273621461775,1.1326380892687209e-05,0.08993288261647693
plot_8710,7,0.3283069532423625,1,0.03907270645802371,0.6716930467576375,0.0539822950578315,0.034837883842118396,0.1859672011717264,8.874827174042721e-09,0.014446857837835263
plot_8711,7,0.8473298715169397,1,0.002023790809025613,0.7084764690812861,0.022561361701985423,0.08604859779353269,0.02821951354328648,0.15267012848306025,1.3858782348201372e-07
plot_8745,7,0.6468706779110738,2,6.092115998817431e-08,0.2456419276170072,0.35312932208892633,0.05631280739165785,0.007189728881773246,4.572309721997042e-10,0.3377261526422445
plot_8767,7,0.6585233279560334,6,1.6426402223019047e-06,0.2752004349018173,0.33070328333786303,0.02673840247570396,0.02587954765243172,1.6947995169266236e-08,0.34147667204396664
plot_8774,7,0.5673091209720063,1,0.1460927382964805,0.4326908790279938,0.011986720871742861,0.20420678180511367,0.06836927893129967,1.5390894868447144e-07,0.1366534471584209
plot_8779,7,0.23972320687972584,1,0.0442607523554506,0.7602767931195559,0.05391253013860081,0.011275146698068766,0.10162244409601626,2.803654135445757e-07,0.028652053226894188
plot_8780,7,0.5606687952040391,6,0.10585934334234559,0.10435709344831622,0.016915513722349604,0.1892714847591065,0.17387696502567884,1.7284592023607144e-16,0.40971959970220306
plot_8781,7,0.7882739256402822,1,0.1513384289443527,0.33508431865846994,0.02710354141078671,0.10005411282069518,0.21172607435971774,7.68918937435556e-06,0.17468583461660347
plot_8784,7,0.8927840399830343,1,0.10721587853523036,0.6787509842432361,0.002726619183352072,0.0024000958186833326,0.0477909002619985,0.1611137186482746,1.8033092251811666e-06
plot_8785,7,0.2618987463001035,1,0.09069719377193,0.7381012536998964,0.0015812001860372816,0.0009131791253144932,0.024072578893650054,0.1446310644823712,3.529840800435255e-06
plot_8786,7,0.024471107698334195,1,1.456763492178622e-06,0.9755288923016658,7.411194331446325e-06,0.024013698965139007,0.00039467838190690424,5.3341584625915044e-05,5.208088387772965e-07
plot_8787,7,0.005629608417175658,1,1.1963887931808863e-07,0.9943703915825757,9.97185481363406e-05,0.0034946025234912693,0.0018116401356404572,0.0001792287335949527,4.4298837681854934e-05
plot_8788,7,0.010481214497539216,1,2.85060051443451e-07,0.9895187855024609,8.008956854848093e-05,0.008725186008048176,0.0014852210631990702,0.000177380214038901,1.3052583653221227e-05
plot_8789,7,0.005933714059395778,1,1.346341191971946e-07,0.9940662859406042,6.837934787856337e-06,0.005666014050666635,0.000232018005911491,2.625915713213276e-05,2.4502767784440667e-06
plot_8790,7,0.029737672245075637,1,4.519494070955975e-06,0.9702623277549244,9.737321805196883e-05,0.02754465104216982,0.0017659173347434184,0.00032145414508941237,3.7570109500709207e-06
plot_8791,7,0.5769420104473485,1,0.13657532433363656,0.42305798955264523,0.01314600583856924,0.20433764580779973,0.07441743824626594,1.9125836892466052e-07,0.14846540496271424
plot_88,7,0.6277721340289518,4,0.05670858525003711,0.21253571484823536,0.3239873293079042,0.008613007935279568,0.3722278659710481,8.517931567653007e-05,0.025842317371819162
plot_8813,7,0.8002439564050182,2,0.07070997718981825,0.18704218748347406,0.2913996126131195,0.19975604359498178,0.2004368680338134,2.1668015184825605e-06,0.0506531442832745
plot_8814,7,0.5574479795015072,1,0.039819699044242665,0.4425520204836796,0.19757839078102157,0.10984950001323274,0.17741469971521606,4.2623153945168916e-07,0.03278526373106808
plot_883,7,0.6869749753172151,4,0.2731643775155461,0.23505814043090548,0.03363002189562197,4.561935714353545e-05,0.3130250246827849,0.04818532628554714,0.0968914898324509
plot_884,7,0.7311536370257357,1,0.19945893507182808,0.34875853927949985,0.034262235655164855,0.00015102191141460328,0.26884636297426434,0.07608448313693414,0.07243842197089422
plot_8840,7,0.16262271516794696,1,3.2285884213276016e-05,0.8373772848209743,3.4508026475060895e-05,0.12651605901577992,0.03599188745270335,4.79745777552765e-05,2.2209885543955882e-10
plot_8843,7,0.7485926168373381,1,0.18343989618844178,0.3803916315293597,0.010055074366609627,0.251407383162662,0.044714055343616076,5.062046586061388e-08,0.12999190878884517
plot_8857,7,0.20937766737618863,4,0.06302123187507355,0.022862433224895038,0.0033107712720580585,5.446776400051583e-07,0.7906223326238113,0.10596351220096625,0.014219174125555647
plot_8858,7,0.2063119703089396,4,0.061670166293351474,0.023730140243124587,0.0031828548680199725,5.039825907118548e-07,0.7936880296910604,0.10428401929793626,0.013444285623916613
plot_8868,7,0.3865798198682343,2,0.06226612204403454,0.08392962916151349,0.6134201801317657,0.04065033825821219,0.014750541443916371,0.0005777875862636825,0.18440540137429395
plot_8879,7,0.4812926956848582,2,0.0360062178018369,0.1319860093999341,0.5187073043151418,0.1167317751549306,0.07085178170498638,4.4395636223778045e-05,0.1256725159869464
plot_8898,7,0.03441163191530032,1,0.0010232104125493784,0.9655883680846996,0.0058325713361396464,0.004816894947272069,0.013513021827576025,0.009225858255515692,7.51362474285392e-08
plot_89,7,0.8736393754854699,4,0.02473528133981689,0.06638081497239004,0.2846680884639084,0.12636062451453017,0.4798121955328301,2.215536370410362e-07,0.018042773622887445
plot_8901,7,0.0951180576680976,1,2.676344154501425e-19,0.9048819423319024,0.005501823869603122,0.0071816604363003035,0.0002024537503455516,0.07744445280784877,0.004787666803999874
plot_8902,7,0.1073443011931661,1,3.640471283969857e-19,0.8926556988068339,0.008851291358540472,0.01824533320233447,0.00021298037794793327,0.07388190812075708,0.006152788133586163
plot_8903,7,0.07502010344873546,1,1.6505920404771934e-19,0.9249798965512646,0.002623507370541853,0.001805751132580947,0.0008488059004765354,0.0665873772304411,0.003154661814695048
plot_8904,7,0.14140008386178812,1,4.3007990166923445e-18,0.8585999161382118,0.020364052509643904,0.012431869589946427,0.003412274718845812,0.08123812300194935,0.023953764041402606
plot_8921,7,0.6802705570528707,6,0.3089527241520952,0.09899427067618463,0.2120481186497717,0.021648704994538692,0.015597659482083876,0.023029079098196598,0.31972944294712946
plot_8923,7,0.8280486339293123,6,0.19764985018843706,0.13535870618440785,0.04065064661949166,0.1719513660706878,0.16412019199004216,8.243628915459542e-06,0.2902609953180181
plot_8924,7,0.8372325667359313,0,0.2524048079189355,0.18360316173092978,0.05545539196914523,0.14570283610822599,0.16276743326406873,2.3149888157735394e-05,0.20004321912053702
plot_8925,7,0.6775212966393412,0,0.32247870336065865,0.14001517418254958,0.07042188697381181,0.11329778225954526,0.1324119292630189,5.6234085526952505e-06,0.22136890055186315
plot_895,7,0.0732249766218771,1,4.7520126189839366e-05,0.9267750233780229,0.004632153669625507,0.006763790353710494,0.058391952154816004,7.294011926989503e-05,0.00331662019836548
plot_896,7,0.03788448457383555,1,0.00028907618128644656,0.9621155154261645,0.001996789951595214,0.005873426308498107,0.028729753013659983,3.081127019254594e-05,0.0009646278486032858
plot_8962,7,0.47183817187182153,2,0.1554428986566121,0.00020913066053801027,0.5281618281281785,0.0,0.16548188192007376,0.14956275877712835,0.001141501857469462
plot_8966,7,0.013164343719713303,1,2.8979651963182786e-07,0.9868356562802867,0.004182264676751917,0.00247150869552644,0.0054536464112979,0.0009415054546675398,0.0001151286849498668
plot_8967,7,0.6971027873988047,4,3.571737550373988e-07,0.23068418684677028,0.13983027087309613,0.02109066856302188,0.3054925406105447,4.763331616796687e-06,0.3028972126011953
plot_8968,7,0.36162664686391593,1,3.047868147873936e-06,0.6383733531360841,0.27873553007629226,0.010979963734027239,0.049366968572835,5.984119802461677e-08,0.022541076771415657
plot_8969,7,0.10398240845843026,1,1.6549757616583054e-06,0.8960175915410284,0.08245954450287125,0.003786186050548134,0.013496169386002434,4.5172454738971085e-06,0.004234336298314288
plot_897,7,0.10965829557625094,1,0.00048106206494123564,0.8903417044235933,0.01284164903124045,0.013598106062857891,0.07672995612795228,7.007762821804398e-06,0.006000514526592967
plot_8970,7,0.05232744504674086,1,2.9371712025162116e-20,0.9476725549532591,0.024513119299117703,0.00042770930701078314,0.01361517159484836,0.008908079672962676,0.004863365172801302
plot_8971,7,0.8427179202206003,2,1.2461049548297278e-08,0.3089405991583071,0.33385450181657544,0.0612427517627278,0.13353607388238034,0.0051439811395601175,0.15728207977939967
plot_8977,7,0.18414665357541454,1,1.7918326544989446e-07,0.8158533464245854,0.15317860034326355,0.000333359953839198,0.023446978399026718,1.614383575028959e-06,0.007185921312444505
plot_8978,7,0.19616869500660775,1,1.713379393039986e-07,0.8038313049933923,0.16466552476447918,0.00029815599518972694,0.023583266792062244,2.075953294506699e-07,0.007621368521607884
plot_8979,7,0.8010361345692828,2,6.97886764362533e-06,0.2725996975703557,0.42781277854696603,0.05080240893447265,0.19896386543071723,0.0004003212505614966,0.049413949399283445
plot_898,7,0.02684028315528307,1,8.641383386743474e-05,0.9731597168446754,0.0012193436407202803,0.003596535950970697,0.021277805477381173,9.101368810670518e-05,0.0005691705642784563
plot_8980,7,0.8496078522186635,2,0.15039214777837878,0.22269312397238,0.28248070437285083,0.08606739100811159,0.17936125656165774,0.016748331311316467,0.0622570449953045
plot_8981,7,0.8001591972019861,1,0.0614624212984209,0.3773226109639693,0.043413109862832325,0.010009370839594908,0.30655688060070874,0.0013948036364599932,0.19984080279801386
plot_8982,7,0.5024714179669268,1,0.03356681355035868,0.49752857731994404,0.045990770568384194,0.0208912989714204,0.20501293574247192,0.0005552707965380367,0.1964543330508827
plot_8985,7,0.5489348330944981,2,0.19640866578399108,0.009244574142114792,0.4510651669055019,1.8812428305171837e-08,0.15940170593219222,0.0016286042646425196,0.18225126415912918
plot_8986,7,0.5016244878523872,6,0.000108420644534811,0.2234070195677999,0.16457482815200822,0.0,0.11352603636860062,8.183119443724728e-06,0.4983755121476128
plot_8987,7,0.5612727102206013,0,0.4387272897793987,1.732435878082483e-05,0.2550599581128904,2.9512274331467937e-05,0.006142567914455277,0.008729790703520915,0.29129355685662234
plot_8988,7,0.47779232021649376,0,0.5222076797835062,0.036837111489582686,0.2092163199562743,2.9477512637317315e-08,0.19230220890734906,2.6488998486718255e-05,0.03941016138728834
plot_8989,7,0.5032360027561817,2,4.3177988491708954e-05,0.24913108416907295,0.4967639972438183,0.013227653830508323,0.23042724941475393,2.1179002132330745e-05,0.010385658351222633
plot_899,7,0.6810814002269573,4,0.03440465883027827,0.31891859977290715,0.006288525486969601,0.13795540010439478,0.44803711416213143,3.9210985349933714e-08,0.05439566243233346
plot_8990,7,0.8015259551569746,1,2.6064407993437777e-06,0.43426505718491143,0.35715819587530834,0.0050217602659199,0.19847404484302536,5.0336927570197646e-05,0.005027998462465276
plot_8991,7,0.09965790437738042,1,0.005603412582153283,0.9003420956221727,0.00415850604567233,0.0004355235967812195,0.08756502544090959,0.001861290805010745,3.414590730011112e-05
plot_8994,7,0.8066143561984895,4,0.0,0.09780280138255235,0.21223609074015748,1.778090395538879e-06,0.49657214862537014,1.5373600140633552e-06,0.19338564380151047
plot_8995,7,0.13171174506023217,1,2.138380041265354e-05,0.8682882549397679,0.060297802260420155,0.06270238429194501,0.00019487580280215378,0.008481517903105857,1.3781001546400903e-05
plot_8996,7,0.10752025595689396,1,7.417898159570837e-06,0.892479744043106,0.0031966899272420136,0.10352837913349383,4.5537052215645044e-05,0.0006102563683380448,0.00013197557744485611
plot_8997,7,0.10102281961561067,1,3.03549821538166e-06,0.8989771803843893,0.009086982685174943,0.08625321143697703,5.764364070893229e-05,0.00556519166372406,5.675469081033271e-05
plot_8998,7,0.13577490403559822,1,3.45203582790063e-07,0.8642250959644018,0.047034999266514055,0.03350483017894509,0.0008388853536787533,0.05436790796221468,2.7936070662815726e-05
plot_8999,7,0.8884186628954731,1,4.8513692681955876e-05,0.818585926967655,0.11158133710452686,0.02410005047268561,0.0013408489669249294,0.044338953800470864,4.3689950548326995e-06
plot_90,7,0.6604025902212748,4,0.015445534601937011,0.0355269732708067,0.33959740977872516,0.09625494323703276,0.4791624743445676,6.286914532388787e-09,0.03401265848001628
plot_900,7,0.5333053817495361,4,0.03404825343787496,0.24601202296405789,0.01913249727389425,0.12594285791751386,0.466694618250464,2.9459611279639314e-08,0.10816972069658382
plot_9000,7,0.1414858275354678,1,1.2207037909474268e-05,0.8585141724645322,0.09024184787860359,0.03325343914901932,0.00021507189164063128,0.017757691033241336,5.57054505343797e-06
plot_9005,7,0.868773241175759,2,0.13122675882424092,0.15653765543469944,0.3429453257668801,0.13656082363425326,0.19953537475691277,0.00949330286287007,0.023700758720143433
plot_9006,7,0.6868361917343466,2,0.08864309008060413,0.2068949842453484,0.31316380826565327,0.17197423729967717,0.17260205325885886,0.030982416556981536,0.01573941029287658
plot_9007,7,0.5076168847555165,4,0.12359491362549875,0.1740637092859397,0.08547360666363417,0.005519120789929524,0.4923831152444836,0.005757601949338957,0.11320793244117543
plot_901,7,0.5026934316304511,4,0.03371950009846877,0.1688418146702741,0.04116612184155746,0.10422724856553657,0.4973065683695489,5.937716078080873e-10,0.15473874586084257
plot_9010,7,0.778465284434099,4,0.20336774031553345,0.06072914049934934,0.22153471556590112,0.08213821354822852,0.43150819086117254,0.0004269685366904967,0.0002950306731246911
plot_9011,7,0.5659559475461318,4,0.1928946753093161,0.11505169536808893,0.2092270099939335,0.04788154683129398,0.4340440524538681,0.0004163123453441135,0.0004847076981551813
plot_9012,7,0.6722833454827238,4,0.21970457142869626,0.10241761954061618,0.28015739887823665,0.013352705244453058,0.32771665451727616,0.056259806123972744,0.00039124426674879694
plot_9013,7,0.6745304119467055,2,0.19297595989313432,0.18908781865141788,0.32546958805329446,0.010088327776387901,0.2300053384045404,0.05225575974240793,0.00011720747881699165
plot_9014,7,0.7364996147718058,4,0.1869480493174047,0.10294202799057678,0.2635003852281942,0.019381174680772006,0.37751197981023676,0.049235013318489715,0.0004813696543256674
plot_9015,7,0.6272503591243339,4,0.07604401384045816,0.27354162040743274,0.19635947574818335,0.014927574583137333,0.3727496408756661,0.06634327897267914,3.4395572443199984e-05
plot_9016,7,0.07102774432787624,1,8.022301256393872e-07,0.928972255671626,0.0002562173620289291,0.06873786202913718,0.0015416708821820917,0.00015177677282105862,0.0003394150520791696
plot_902,7,0.2376734250147028,1,0.10819530613518227,0.7623265749851398,0.027128892580042765,0.003170755320241637,0.09307592240488415,9.628468830268281e-05,0.006006263886206726
plot_903,7,0.18495729924076088,1,0.08259229079947321,0.8150427007590467,0.011805233980687765,0.0023959357834622184,0.0839351509276393,2.6716201527459674e-05,0.004201971548163043
plot_904,7,0.656475512668051,4,0.04287496298027371,0.1264987519618872,0.34352448733158947,7.324878639211821e-07,0.45451201391638607,7.033868920405019e-06,0.032582017453079155
plot_9041,7,0.36800775217108483,1,3.2881025481347515e-17,0.631992247828915,0.13623494956109122,0.10263496834191968,0.009355964449721215,0.032682611099641594,0.08709925871871106
plot_9042,7,0.8940254282451358,1,1.850723881634386e-08,0.8793546512643644,0.002985957933525534,0.10597457175486427,0.00765564740754442,9.194523380377488e-06,0.0040199586090821915
plot_9043,7,0.3882916169239526,1,2.215466618591101e-17,0.6117083830760475,0.1511399093607299,0.1441258393608397,0.010694216483127822,0.023996816575672982,0.058334835143582134
plot_905,7,0.5248301216589881,4,0.04415037711874797,0.10800959493443432,0.30474860683054117,1.35152167560482e-06,0.47516987834101193,5.030595304967958e-07,0.0679196881940584
plot_9067,7,0.7040118911219039,2,8.992729474571259e-05,0.13250918067220044,0.4112226589431026,0.1036513545465965,0.2959881088780961,8.647180707139872e-06,0.05653012248455157
plot_9068,7,0.7149553137210958,2,1.9962800275450762e-05,0.07447761988069122,0.5471530092181459,0.06685916493367651,0.28504468627890417,1.6386620268346072e-06,0.026443918226279783
plot_9069,7,0.17022810729498375,2,9.444016510123032e-07,0.01652413990069857,0.8297718927050163,0.020062511807597633,0.13157188099241063,1.4328291591162053e-08,0.002068615864334309
plot_9070,7,0.39229760681553205,2,3.611269951547806e-05,0.0884381080220091,0.607702393184468,0.0631304829172684,0.227358651989361,1.1274033984549967e-06,0.013333123783979637
plot_9080,7,0.24742733896743066,2,5.48245502924046e-06,0.03449004057776592,0.7525726610325694,0.031107681690622058,0.17603043740458887,1.6890318518590533e-07,0.005793527936239417
plot_9081,7,0.2699661519091627,2,4.53451052940129e-06,0.034274556083021095,0.7300338480908374,0.035357446850084386,0.19302906773306006,1.8990210944353912e-07,0.007300356830358233
plot_9098,7,0.31804020688763707,4,0.0,0.06877503476324645,0.11817996370403476,4.5975626269077493e-07,0.6819597931123629,1.1277995793845451e-07,0.13108463588413524
plot_9099,7,0.012601124205622897,1,8.716464224239203e-23,0.987398875794377,0.0003757074720574828,7.736215572580806e-06,0.009032696132804448,0.003151807519696425,3.317686549187898e-05
plot_91,7,0.42056665409531824,4,0.03807891817014779,0.03340965786536125,0.21382493041756542,0.09235933031416856,0.5794333459046818,3.732310720492793e-09,0.042893813595764614
plot_9100,7,0.020106081411293185,1,4.5172754178000094e-23,0.9798939185886357,0.0017869822880432046,5.804739436711256e-06,0.016475667107764994,0.0017075047529005961,0.00013012252321878892
plot_9101,7,0.009438462715361513,1,1.2439562920376283e-22,0.990561537284538,0.0005720421135961534,6.898643214355151e-06,0.005347443242624744,0.003459745134717411,5.23335813093607e-05
plot_9102,7,0.01464866968067013,1,2.7053372800949816e-21,0.9853513303192145,0.00027859211649665806,5.7280471939057604e-05,0.0034399840248253172,0.010718884937865159,0.0001539281296592054
plot_9103,7,0.7429091851684028,1,0.03811891889620113,0.6112205090106291,0.013271765410571849,0.05593859298307338,0.25709081483159724,9.147414398341714e-09,0.02435938972051309
plot_9104,7,0.33929941538502284,6,0.05928259169529217,0.07124764577786857,0.08567893954130112,0.056791422480521644,0.06629881501563778,8.74401510259757e-10,0.6607005846149772
plot_9105,7,0.3858379574169944,0,0.6141620425830054,0.0024060292694253783,0.0064092194220826595,0.0006255637204956638,0.00682621041747983,0.36443486585498475,0.005136068732526353
plot_9106,7,0.2793549012066896,1,0.1236664121166357,0.7206450987926266,0.053019662440607365,0.006314503857927531,0.02538212645641133,1.811698904976357e-06,0.0709703846368864
plot_9107,7,0.8529817588755777,0,0.40253850313803824,0.061096715152314504,0.11989555135442996,0.14701824112442233,0.000959709373613059,0.0001773986127331328,0.2683138812444488
plot_9108,7,0.6372085040769273,6,0.21216037373041902,0.049984405514041874,0.19311158418354268,0.180716050676139,0.0012187649179077795,1.7325054877016872e-05,0.3627914959230727
plot_9110,7,0.20278112878833393,1,1.282903730655084e-19,0.7972188711973844,0.10534149887777847,0.003995515365971973,0.039089727447660774,0.004652511268201975,0.049701875843002154
plot_9111,7,0.36839287683994104,1,3.087149627330835e-09,0.6316071231597171,0.16054531560736465,0.015620765906017214,0.07354792253795625,0.00048410282816900834,0.11819476687362611
plot_9112,7,0.30631633968492744,1,6.815332994691641e-07,0.6936836603150726,0.07476629325540884,0.1373120141679977,0.0706548679475454,0.001401505791555998,0.022180976989120166
plot_9113,7,0.8667057004797465,1,5.162127576136527e-07,0.6151357048127949,0.13516404105050722,0.13329429952025357,0.0772767346939936,0.002415969339422782,0.03671273437027047
plot_9141,7,0.6760333040949122,6,0.001208533082492871,0.08118719637591827,0.3239666959050877,0.08801370373514583,0.08702796502779955,0.0012217040153017318,0.41737420185825413
plot_9142,7,0.8620790699199359,6,0.0010268174020309066,0.21453355724732553,0.21397227817642436,0.13792093008006404,0.16770117122331163,0.00019844835164577456,0.2646467975191978
plot_9159,7,0.019946124131280846,1,1.5086670340534443e-21,0.9800538758687192,0.0002710270296134281,3.8251557343069656e-05,0.01302439920336372,0.006524354642753395,8.809169820725001e-05
plot_917,7,0.8300964610314485,4,0.04381016909030621,0.13052267705639856,0.04917024229149092,0.09420175339871176,0.5123916189131079,2.8143305909356795e-10,0.16990353896855148
plot_918,7,0.5503139753267271,4,0.030212089054104194,0.2897925274954385,0.011721346177100538,0.13394018653718337,0.44968602467327295,3.180429287307212e-08,0.08464779425860759
plot_9181,7,0.5419601591434522,0,0.45803984085654786,0.00010007041719629053,0.23923694101167953,9.128325413570923e-07,0.03772396167267245,0.007228789007567002,0.25766948420179564
plot_9182,7,0.7059707341241896,1,6.531546939170702e-06,0.6612897353921626,0.2940292658758104,0.0012419606009223495,0.019632838956451158,2.043330444975002e-08,0.023799647194409863
plot_9183,7,0.18729254935734183,1,1.2289271501067242e-08,0.8127074506419691,0.11998928277307423,8.047061138871386e-05,0.06283296835499994,1.3584863669694606e-06,0.00438845684292954
plot_9184,7,0.08491890244109691,1,1.1402413712386579e-23,0.9150810975587259,0.0013005115484342037,1.3566170832547022e-05,0.08270720155540386,0.0008612708316503427,3.6352334953009367e-05
plot_9185,7,0.046983776450997196,1,8.26485855926026e-24,0.9530162235488537,0.003589927624816888,1.5349140970848614e-06,0.04241527732072069,0.0005878416383952905,0.00038919495311624336
plot_9186,7,0.010529795946399459,1,6.448192511750466e-22,0.9894702040536005,0.0026085447513355584,2.7342930915554793e-05,0.0028315818577851824,0.004826002232131906,0.00023632417423124775
plot_92,7,0.4668968467871444,4,0.0238631060010229,0.03793500608172398,0.2695443822153377,0.10541217096880576,0.5331031532128556,3.046451582248901e-08,0.030142151055738226
plot_920,7,0.7628573401125541,4,0.02580537479639681,0.155592044949552,0.2371426598874459,1.3808344285168277e-05,0.4238070700922047,2.168453075215316e-08,0.15763902024558468
plot_921,7,0.6751166611976822,6,0.0008476578790433057,0.09612211531550108,0.3248833388023178,0.0008882596248374085,0.19864408621102114,6.662203296805099e-07,0.3786138759469496
plot_922,7,0.7219082901592484,4,0.27809170984075166,0.1386812031615859,0.09867661480317542,0.0003166100743782652,0.29922170255491,0.021973734771106673,0.16303842479409214
plot_9228,7,0.13804448314368298,1,2.5906250951343184e-09,0.8619555168559557,0.007134068986634466,7.847860252364047e-05,0.1305110450030364,0.00015625554874093109,0.000164632412483902
plot_9229,7,0.34070976829613525,1,4.723612885720804e-24,0.6592902317003604,0.05545929908939128,1.253920133722867e-06,0.2562862617240019,8.223904043238727e-05,0.028880714525680456
plot_923,7,0.7686181580215004,1,0.23138184197849962,0.351384238642583,0.01015894532127306,1.3249461469333793e-05,0.27870981638751735,0.08508335936763531,0.043268548841022325
plot_9235,7,0.33485690945408053,2,0.15123151556870945,0.01759132716676635,0.6651430905459195,0.0023243693159509704,0.01409751766045205,9.579887316148955e-11,0.14961217964640286
plot_9236,7,0.36451555148832204,2,0.1647024132613631,0.0697696003083122,0.635484448511678,0.006947154667880756,0.04103047518215276,8.014615399963099e-09,0.08206590005399786
plot_9237,7,0.8278493636562172,4,0.002956621671227809,0.030043729039645913,0.31035157080004433,0.0059759342327236915,0.47851431519928067,7.192713294694142e-06,0.17215063634378286
plot_9238,7,0.048303296837881836,1,0.004047863849794652,0.9516967031619492,0.015673639010388818,0.0006945910776127809,0.023844667717068953,0.004042166612535108,3.685706505243566e-07
plot_9250,7,0.5167845673633602,0,0.48321543263663985,0.0027517877173210492,0.41616750806500435,0.0007640446726875517,0.004829462367922587,1.1105591698345014e-07,0.09227165348450768
plot_9251,7,0.510286456099657,2,0.34589123263882987,0.0006152551429580932,0.48971354390034305,0.0009250541737666426,0.01401891866268571,1.630080803333649e-06,0.1488343654006134
plot_9252,7,0.6775157643618958,2,0.32248423563810424,7.334545592519389e-05,0.48119568096815307,0.00010231051973470685,0.007364910955453088,2.738585900164962e-06,0.1887767778767295
plot_9253,7,0.7081985519323646,2,0.29180144806763536,0.000514613673116211,0.4679517538951721,0.0006922024862043814,0.02070372943894899,2.7607593415843552e-05,0.2183086448455072
plot_9269,7,0.2219863708790325,1,1.3362029298188544e-08,0.7780136291209676,0.05245636549483075,0.05646027950947891,0.07566544199237617,0.0021221249321411832,0.035282145588176266
plot_9270,7,0.17178577064563144,1,3.2394258714757674e-09,0.8282142293543685,0.05430699343993791,0.03454917846845802,0.044344704230361846,0.004978638080741152,0.03360625318670659
plot_9271,7,0.21289855006639022,1,6.429179382401939e-09,0.7871014499334391,0.05597290054915886,0.07156476977840315,0.037569119669975934,0.014049759956559525,0.03374199368328408
plot_9272,7,0.7729168647412572,4,0.045191912699873646,0.32068801130196395,0.22708313525874288,0.020697657000370382,0.32194435805878435,0.042820699401576436,0.021574226278688435
plot_9273,7,0.5995838218274396,1,0.004827516251569423,0.4004161781718135,0.12205023534174847,0.052935218914202914,0.22405940272403452,0.09850481237384082,0.09720663622279045
plot_9274,7,0.7395650700316729,1,0.004205557970127619,0.2725426310299525,0.1479650058964278,0.04369794158402668,0.2604220617049764,0.1102925977671653,0.16087420404732372
plot_9275,7,0.7843439527738078,4,0.002198070414224342,0.22490105524398973,0.15197346487146784,0.026524866991594107,0.28167266608298885,0.09707382916954291,0.21565604722619222
plot_928,7,0.4505417254046229,1,0.17301715477027374,0.5494582745951088,0.00319113286874422,0.0477584079484262,0.0005362157748739435,0.04522043813907704,0.1808183759034961
plot_9282,7,0.8792472010100045,1,0.011256386273514914,0.31938130319762176,0.1644742500216567,0.04032582709742477,0.23680719398328287,0.12075279898999547,0.10700224043650361
plot_9283,7,0.6305692158306926,1,0.02973952111910197,0.3694307841691786,0.20471054467531943,0.02816132006699737,0.3236529276435167,0.03217942181387215,0.012125480512013835
plot_9284,7,0.5855830254627307,4,0.05338071363274202,0.2709866766304766,0.20589634352063324,0.016655091900777953,0.4144169745372693,0.02393366004296371,0.014730539735137
plot_9285,7,0.5114225952731113,1,0.0012845710781216023,0.48857740472481537,0.21647957652346034,0.06507856084200973,0.19318964997907653,0.02064654333267869,0.014743693519837868
plot_93,7,0.7829597817407306,1,0.18809446200791363,0.42535803369158554,0.21704021825926956,0.0038685134450723857,0.08096701220969654,3.74990339807492e-07,0.08467138539612262
plot_930,7,0.4569522710673548,0,0.5430477289326452,0.1107469220279975,0.0,0.0,1.4324467284606035e-11,0.2992178298232774,0.04698751920175544
plot_9300,7,0.023284701524081318,1,0.010933581685675105,0.9767152984759109,2.8943908268152526e-05,5.603493242620666e-06,0.0029387187494632734,0.008062970062902738,0.0013148836245373005
plot_9301,7,0.23345934192150575,1,0.04295551939275541,0.7665406580784799,0.028063061951063895,0.027386279531992963,0.07289185835877308,0.05731181920750238,0.004850803479432141
plot_9302,7,0.5962024908990349,2,0.010614449756651217,0.20983539518139177,0.40379750910096507,0.06905824055294489,0.22883188932427614,0.04863543370127141,0.029227082382499596
plot_9315,7,0.5003570671265233,2,0.2709744637041967,0.00043082260266780355,0.4996429328734767,0.0005915712670759971,0.018694177128183435,2.2921314318449187e-05,0.20964311111008088
plot_9316,7,0.48385245291734474,2,0.28890806303867483,0.00021086047668713052,0.5161475470826553,0.0003121967014188401,0.010869188744299001,9.229386816374756e-06,0.18354291456944868
plot_9317,7,0.8141350348743039,2,0.33097157781038444,0.0001519127749499409,0.4774527037377523,0.0001033890854610741,0.0054539997197794905,1.4517459766875325e-06,0.1858649651256961
plot_9343,7,0.6993254481707494,1,0.00026998425456968594,0.42859416548408413,0.3006745518292507,0.03740992934769299,0.20498325897471903,0.007992877964645108,0.02007523214503824
plot_9344,7,0.4791557754380524,4,0.06776020935806193,0.19086384910744497,0.1752550353970705,0.008565493591693119,0.5208442245619477,0.012790940511937146,0.02392024747184473
plot_9345,7,0.31719032750648385,1,1.427164371989206e-17,0.6828096724935161,0.12145051969090495,0.11045128789624362,0.0067200691529764375,0.027339895383050018,0.051228555383308845
plot_9346,7,0.7921059761032021,1,6.52149680050477e-17,0.4718987891387937,0.2034474440407414,0.20789402389679784,0.029830149611665722,0.023145138949816922,0.06378445436218437
plot_9347,7,0.4879530070758897,1,1.6543687895166138e-17,0.5120469929241104,0.19187338925479175,0.2097380104217042,0.01649615783380332,0.030442944596436983,0.039402504969153464
plot_9360,7,0.48156647110731576,2,0.009887607721899304,0.2294492229482289,0.5184335288926842,0.009400037606058839,0.2282807145931312,0.0014698058356358238,0.003079082402361776
plot_94,7,0.14644144465413367,1,0.0021389359574147645,0.8535585553457321,0.0008959748731205963,1.0393144625424111e-05,0.14328995556779828,2.2426728846233072e-08,0.00010616268458004963
plot_9400,7,0.5161981959542055,1,0.029214081415835876,0.48380180404579454,0.06471258489819329,0.032906999741107786,0.21529019456338575,0.0005189076774445966,0.17355542765823814
plot_9401,7,0.49997894652447417,4,0.12112945092807394,0.17079689141629342,0.0880588334099399,0.005201016803883956,0.5000210534755258,0.005704679167044391,0.10908807479923849
plot_9402,7,0.7068275112290862,1,0.10434598990305483,0.3522199009888521,0.11119957630273157,0.11877612459273779,0.2931724887709139,7.78076916391754e-05,0.020208111750070736
plot_9408,7,0.3175202802630924,1,1.2579354443098162e-09,0.6824797197330067,0.14197867124714228,0.02521760706787761,0.13899959215534644,6.011881716032897e-06,0.011318396656975703
plot_9409,7,0.21987247363530535,1,1.5159527377725649e-09,0.7801275263637069,0.0847215926764706,0.020949447293019282,0.10709069500065009,1.7777536606186104e-05,0.007092959613594315
plot_9419,7,0.15049968504015962,1,3.0918079503399684e-05,0.8495003149598404,0.024556137072401837,0.12441499693657783,0.00019819161086537105,0.0012019552397974549,9.748610101372581e-05
plot_9420,7,0.8664099481845354,1,1.2835762839082883e-05,0.86044547003195,0.005249619420917991,0.13359005181546446,7.099398414341249e-05,0.00043646499138381777,0.00019456399330119054
plot_9421,7,0.13872180663040673,1,0.00015796340058630044,0.8612781933695933,0.013429606885232545,0.12281750359420911,0.0006298788025205293,0.0005269767150596873,0.0011598772327986481
plot_9426,7,0.47569085051808246,4,0.12297634743894852,0.14719204377734635,0.12680427990908807,0.005712011089377685,0.5243091494819175,0.01047852946036377,0.06252763884295814
plot_9427,7,0.7063864784716088,1,0.08783864180127446,0.43767828504553874,0.08657069791388819,0.07271354324644122,0.29361352152839115,4.801349229041537e-05,0.021537296972175955
plot_9428,7,0.45199733291494154,1,0.021771138731466987,0.5480026670850585,0.15789477813227515,0.010994102832832815,0.25965725561163366,6.4336281889569286e-06,0.0016736239785439446
plot_9429,7,0.7172543737165393,1,0.05586939298042291,0.45000011644618154,0.17362388513427837,0.03036380026103363,0.2827456262834607,7.217214285058184e-05,0.0073250067517721795
plot_9448,7,0.6219636798230652,2,0.010554258247525006,0.0703218427946885,0.396415249176283,0.09641739976804654,0.03579928802373905,0.012455641812783077,0.3780363201769348
plot_9449,7,0.6048792477995774,2,0.015129698576306532,0.1463555717785466,0.39512075220042275,0.08430100942421609,0.02615167234618115,0.014644365333364289,0.3182969303409627
plot_9457,7,0.713286512891695,6,0.2867134864659427,0.09460851076121204,0.2903879812341038,0.008787618887951657,0.011901843616694403,0.011485916628012764,0.29611464240608265
plot_9458,7,0.7546118259393233,1,0.2453881740606757,0.2755566968164339,0.08772019439253058,0.030387488829662253,0.0351793709718811,0.06487825985803804,0.2608898150707784
plot_9459,7,0.8890222559917853,1,0.14432916529455467,0.28703460185834956,0.2086553480395494,0.08920507241294749,0.11097774400821461,0.022166193093052438,0.13763187529333173
plot_9460,7,0.6933099496152481,6,0.2647014839238152,0.2295701610602406,0.10208604324780739,0.020270185803037383,0.030710162082973877,0.045971913497373645,0.30669005038475194
plot_9461,7,0.6999811743054006,6,0.28748904849264745,0.08027180317372963,0.3000188256945995,0.008741046953117747,0.009674910636423912,0.011717710999078458,0.30208665405040347
plot_9463,7,0.864643400259029,0,0.2572354489164895,0.09455439130734572,0.21637740813627762,0.13535659974097103,0.07719950951049684,0.038389995807261865,0.18088664658115744
plot_9470,7,0.007633629855528902,1,0.0004172685150400525,0.9923663701405046,0.0009746705538047115,0.000795599002138568,0.004619514028753538,0.0008265067204858165,7.103927269866355e-08
plot_9471,7,0.1471557391947701,1,1.7131029072984553e-06,0.8528442608052299,0.02338989944594361,0.029615508006579624,0.07621964191539186,0.01790589359095305,2.3083132994573754e-05
plot_9472,7,0.10273192580944836,1,1.6272146320870786e-06,0.8972680741901946,0.01124488585985634,0.021766799902577863,0.05310132175718229,0.01659972645886106,1.756461669572967e-05
plot_9473,7,0.15557184578732594,1,1.0499145889580325e-07,0.8444281542107545,0.02821376454697501,0.040962381118769,0.0802095102128742,0.006155122754171939,3.0962164996389834e-05
plot_952,7,0.5647991209654067,1,0.17418030738846468,0.4352008790314317,0.007071971282629432,4.888030306917451e-05,0.23053094480487757,0.12264045127275046,0.03032656591677694
plot_953,7,0.4262024978709402,1,0.09735207016316415,0.5737974999550236,0.0060451491518264296,0.0008274520906870651,0.16930126014766647,0.13053720907735453,0.022139359414277825
plot_9587,7,0.8108237524965625,6,0.006764669925483024,0.2630387149892929,0.04054117239913581,0.05460459105934887,0.18917624750343742,4.4491340063852867e-07,0.44587415920990137
plot_9588,7,0.49642457090237546,1,0.005788288470395724,0.5035754290966147,0.010833898275354074,0.15578947988229755,0.21390465608893464,1.8330831020795874e-05,0.1100899173553827
plot_9612,7,0.8307795352001677,1,0.007225527820929107,0.5176226705929501,0.01173984425232969,0.16922046479983233,0.2221328842700703,5.2959162897951515e-05,0.07200564910099064
plot_9619,7,0.8458249127784095,6,0.11575533921966707,0.04212382702867809,0.21367421241263898,0.15417508722159065,0.002949539088943499,3.446201701117887e-07,0.4713216504083117
plot_9620,7,0.40308382302167145,6,0.10147322676500817,0.026793826599253633,0.16308476377080983,0.09678538655088018,0.014946619335719577,1.1090570999409446e-16,0.5969161769783285
plot_9621,7,0.41254752352336377,6,0.1528419877757488,0.019339243454008927,0.15135275993695158,0.08142262305924411,0.007590909297410376,7.062661907995495e-17,0.5874524764766362
plot_9622,7,0.4569419895604927,1,0.0625637478321975,0.5430580104388882,0.020000573945160055,0.12330728946516477,0.22872249093643884,4.6104820054864076e-07,0.0223474263339501
plot_9624,7,0.6492548283015364,2,0.045370588004214764,0.15145322616271284,0.35074517169846375,0.11233569421971501,0.17222586865671624,0.041894033988873966,0.12597541726930347
plot_963,7,0.251436569020905,1,0.0041601412787420095,0.7485634309790951,0.05814549152398156,0.024300286372156546,0.1370446237803712,0.0023500513507504744,0.025435974714903324
plot_9631,7,0.4758215184268414,1,0.06684518618876935,0.5241784815706731,0.1161820889560128,0.03776500740776262,0.06543711938484086,7.483356250779005e-08,0.1895920416583788
plot_9632,7,0.7832556588209034,6,0.1078866755692684,0.22840990432596447,0.2167443411790966,0.09673083788697542,0.011543913447709529,2.820333872920206e-07,0.3386840455575983
plot_9633,7,0.29759489423704427,1,0.072215938598772,0.7024051057571076,0.05738426154403846,0.015461219990526439,0.052259363952056305,3.1939647306600624e-07,0.10027379076102627
plot_9638,7,0.7668812836904888,1,0.15049324476646012,0.42618540055691256,0.11652329268680081,0.058762534944024336,0.014911093333354268,5.717402936777481e-06,0.23311871630951114
plot_9639,7,0.33726420653245504,1,0.1466826834920027,0.6627357934675108,0.06276009880615155,0.011088736832612639,0.018106103776092657,5.992927971972488e-06,0.09862059069765759
plot_964,7,0.685550998824414,6,0.0008462314673441124,0.13992444493816478,0.2818881845663023,0.0022991634869110166,0.26058331316731653,9.661198375251101e-06,0.314449001175586
plot_9640,7,0.7350507718662627,1,0.2649492281337376,0.4520450210241191,0.06119790079308441,0.024210906416882207,0.007355089491546531,5.4973422832358865e-05,0.190186880717798
plot_9641,7,0.3860231294546843,1,0.17284670028849003,0.6139768705453157,0.09968558525267059,0.006513090977228498,0.012478688603949194,1.705519700315634e-05,0.0944820091353429
plot_9642,7,0.8627879164984548,1,0.04302131488478257,0.27098788849314365,0.26062549998511786,0.13721208350154518,0.15284518029787486,0.012274563678517396,0.12303346915901851
plot_9643,7,0.8412079520503596,2,0.018279493702847295,0.19505594632362194,0.3292640754433493,0.13322096580175866,0.15879204794964047,0.008151995984329644,0.15723547479445257
plot_9644,7,0.5833134491839974,1,0.003101284676535103,0.41668655081600264,0.26872238337096815,0.10571639176856867,0.08882837421477478,0.0003907491155200106,0.1165542660376308
plot_9645,7,0.5374160094872042,2,0.0028863589365547937,0.14525721758108098,0.46258399051279586,0.13359149896130748,0.08315130812124444,0.0011505359945740274,0.17137908989244258
plot_9646,7,0.8694588621825197,2,0.00032066062072667753,0.2206297188566303,0.47144546613219607,0.1102012043475635,0.13054113781748025,2.4434438666900547e-05,0.0668373777867362
plot_965,7,0.6194998231972391,6,0.0019288679023977677,0.07770713831622376,0.29419639853731494,0.0002610766338276896,0.24540612772664958,2.140808254303236e-07,0.380500176802761
plot_966,7,0.6829093878871632,6,0.0006453503770453438,0.1266304618821142,0.3170906121128369,0.002542726882371472,0.21863094514812276,6.0981057977887315e-06,0.33445380549171166
plot_9667,7,0.8598572874134122,4,0.140142712586588,0.3174519482337187,0.056799677520433384,0.13121728044922196,0.34686495520775107,6.5251423376114405e-09,0.007523419477144538
plot_9668,7,0.6267247511735521,2,0.2483752880344477,0.2455323063391111,0.373275248826448,0.06444836061042696,0.04800653868866912,4.5552856987635575e-07,0.02036180197232727
plot_9669,7,0.6569110989631758,2,0.22116939773493174,0.2745876769504568,0.3430889010368241,0.056255088678018955,0.06930195044832552,1.7087593109124972e-06,0.035595276392131885
plot_967,7,0.8733067891807923,4,0.12669321081920762,0.20779838401330653,0.15997458022272018,3.913191461069499e-06,0.47468558458326027,3.2535526104715415e-05,0.030811791643939455
plot_9674,7,0.778418784335254,1,0.22158121566474592,0.2929108940498136,0.2748062834258625,0.09043659159371464,0.08204058992998017,5.485188926769897e-06,0.038218940146956454
plot_9675,7,0.8588107308773544,1,0.15537271041889117,0.38673907563977866,0.11013970029985964,0.14118926912264576,0.1696629425362992,8.16254240524015e-06,0.03688813944012039
plot_9676,7,0.45678869455217935,1,0.02042022940946461,0.5432113054476513,0.013141681858626433,0.12390297928304968,0.13979664615955675,3.4373835381932346e-06,0.15952372045811317
plot_968,7,0.8261228073053117,1,0.016473118588673685,0.3550794595169481,0.32605125263182905,1.8746568109312333e-07,0.021852250323766774,0.10666653877841295,0.17387719269468832
plot_9690,7,0.7115315562799136,0,0.4399345753237508,0.18947870156915497,0.04031847491225157,0.037369933570752696,0.004049926883357806,0.0003799440206458507,0.28846844372008634
plot_9692,7,0.8318080783602626,2,0.023411912840513104,0.11682729383958002,0.3952540357211817,0.12147189456341459,0.1583331903327365,0.01650975106283674,0.16819192163973737
plot_9693,7,0.62561977103021,1,0.020831053844386622,0.37438022896979006,0.23219650298776862,0.12632494405780945,0.12803685032915374,0.0038071917492463517,0.11442322806184524
plot_9694,7,0.864618448578654,2,0.0006161120490662071,0.19659441527364438,0.46487047334233034,0.13538155142134606,0.11078536160321305,7.24719332810011e-05,0.09167961437711902
plot_9695,7,0.4687502497587441,2,0.00017051908551493907,0.1415271224193169,0.5312497502412559,0.1207378285984338,0.11119200224162698,1.3307448434115633e-05,0.09510946996541733
plot_9696,7,0.5405012011884018,2,0.001681773584167564,0.1981736261793825,0.4594987988115981,0.12607561785128668,0.1081147058171217,0.0002047727067528608,0.10625070504969064
plot_9697,7,0.4289012933679798,2,0.00027159925715709675,0.09877022934133228,0.5710987066320202,0.11418126490289743,0.08096550434817894,3.0432791967211716e-05,0.13468226272644668
plot_9698,7,0.8983179453218664,2,0.009956499745318093,0.13196295622634469,0.5495578459636372,0.10168205467813354,0.08546975824579203,5.905968779122572e-06,0.1213649791719954
plot_9706,7,0.1475152384363451,1,0.014471676658165674,0.8524847615634052,0.005826006878261266,0.07805748463432305,0.048170994665727024,0.0009889352811602676,1.4031895755505156e-07
plot_9709,7,0.33038487479528234,6,0.007104654193832634,0.08134966406836233,0.14865092106462646,0.0,0.09206136342421609,0.0012182720442448995,0.6696151252047177
plot_9710,7,0.6529231921804722,2,0.10643414891449625,0.00014881802389229209,0.3940174545867998,0.0,0.15230924934699605,1.3521308287966796e-05,0.3470768078195278
plot_9711,7,0.6855228385051719,2,0.07855197249316923,0.008062177040943874,0.42354584171026166,0.0,0.1571419499855957,0.018220897275201545,0.3144771614948281
plot_9716,7,0.8187267583037869,4,0.02910895555675122,0.25030656153811737,0.18127324169621298,0.029612908322670585,0.48176658725849064,0.01917617687056791,0.008755568757189258
plot_9717,7,0.7251436047515516,1,0.0005024210233615996,0.363885947819942,0.34415113609646086,0.007769386761053665,0.27485639524844846,2.0120617048038747e-06,0.008832700989028537
plot_9725,7,0.7036671673609428,1,0.08778064920048172,0.4869709557050324,0.021207512511531804,0.09415555851882114,0.2963328326390574,2.0314823866572827e-07,0.013552288276836988
plot_9726,7,0.4074392129771595,1,0.048149115356345626,0.5925607870228407,0.012146048647536267,0.06176434424438589,0.2651361358903212,9.824191495357851e-09,0.02024355901437916
plot_9733,7,0.8170653093158193,4,0.059582625103946074,0.18293469067927853,0.28594719812779235,0.0,0.4450871870739318,0.0008624342144395921,0.025585864800611768
plot_9745,7,0.1542604673472207,1,0.00411243107587035,0.8457395326522958,0.0011990681875668828,0.1069818488629208,0.03953251735518817,0.002434540225188098,6.164096984398848e-08
plot_9746,7,0.11478376234974054,1,0.00713890552856889,0.8852162376502594,0.0037307537578838436,0.07645968750651325,0.020156991867822546,0.007296101728042702,1.3219609092191066e-06
plot_9747,7,0.11656210653329663,1,0.016279759314211332,0.8834378934533095,0.0077284265743739365,0.060855986219685805,0.02956861319993551,0.002128514152041731,8.070864422841804e-07
plot_9748,7,0.15799557089205646,1,0.04344184021616363,0.8420044291014935,0.03661249907000518,0.024056084276912987,0.052732629073673966,0.0011486287702901642,3.8894914606231e-06
plot_9749,7,0.16968373845466664,1,0.04137272236239636,0.8303162615453334,0.024542309877511756,0.03270259157160259,0.06987402746189593,0.0011906790935083055,1.408087751782871e-06
plot_975,7,0.25275679888541286,1,0.005409138659650757,0.7472432011135299,0.04796468331069909,0.022911029863734635,0.1458211244304877,0.0017315096333917843,0.028919312988506262
plot_9750,7,0.540136693097547,4,0.23496372901881063,0.02446475047623306,0.2774220030043847,5.836903060949426e-05,0.459863306902453,0.00044314819893506187,0.0027846933685739847
plot_9751,7,0.7982124123947465,2,0.19069238631106095,0.0023302612787684516,0.3635562355594369,0.0,0.20178758760525356,0.0002261740288781519,0.24140735521660195
plot_9752,7,0.5343337750641493,0,0.46566622493585075,0.011178041348008677,0.21280439404450155,2.5035364286062113e-09,0.19072590261476524,3.6867494135600775e-05,0.11958856705920179
plot_9755,7,0.4501355795574324,1,0.0002424874187968363,0.5498644204425677,0.21313137288535386,0.03596781469191625,0.18429840079810708,5.532767239464316e-06,0.016489970996018927
plot_9756,7,0.5478742675915397,1,0.0005239595459731795,0.4521257324084604,0.27103680783360823,0.014812751792662402,0.2498149508321359,8.831126771366102e-07,0.011684914474482857
plot_9757,7,0.5811084681506208,6,0.17046485263841774,0.04714120619027097,0.12030011376319402,0.11539139568302761,0.12771118518621197,9.971468949856684e-05,0.4188915318493792
plot_9758,7,0.04240328930843053,1,1.6361902464150153e-07,0.9575967106914478,0.023347423728475772,0.0009243816700155755,0.017268989712763708,0.00010730017431346842,0.0007550304039589734
plot_9759,7,0.022328310832155095,1,8.653080266568539e-23,0.9776716891677522,0.0002947953623092091,0.00018388969715507213,0.018688868512444497,0.003137760998968625,2.2996261370337616e-05
plot_976,7,0.1989923994970055,1,0.017950916703046858,0.8010075998607404,0.044621599694931506,0.018907055666527756,0.10264590707099738,0.0004434104766609336,0.01442351052709513
plot_9761,7,0.6853046174457957,5,0.23874981578264548,0.0004856076228489607,0.0233110651462685,5.2329090100773156e-05,0.3146953825542041,0.3990247644572467,0.02368103534668531
plot_9763,7,0.7086400046583703,6,0.12121650542418747,0.13260543626075,0.1362821122335377,0.1993475807388054,0.11918740865286992,9.613482197702915e-07,0.29135999534162976
plot_9764,7,0.8327515034616627,6,0.16691289213992483,0.11438401502993636,0.10647342179363575,0.16724849653833745,0.11448049669028745,1.8617605441231093e-05,0.3304820602024369
plot_9765,7,0.7429251597211265,0,0.2570748402788736,0.12902041889549898,0.12662112066352546,0.10447148809869439,0.1277512036893226,1.1894455648918974e-05,0.25504903391843614
plot_9766,7,0.585189162274693,6,0.1514894618119122,0.044547184666824946,0.15520553368729226,0.10270134103695532,0.13057563504998812,0.0006700060217201683,0.4148108377253071
plot_9767,7,0.6391953744494334,6,0.17935098750251224,0.05325859356766394,0.18292259031740044,0.08435205715843136,0.13906447934439628,0.00024666655902911086,0.3608046255505666
plot_9768,7,0.8379327300089808,2,0.17010378606603327,0.0009045313405699435,0.4063805853389335,4.705267713590716e-09,0.1620668947954441,0.07372632178211407,0.1868178759716374
plot_9769,7,0.4417501135053473,2,0.10332497392384563,0.0017843313467361109,0.5582498864942058,3.617645969271065e-09,0.1293944877663222,0.009750150617606769,0.1974961662336375
plot_977,7,0.3266413091543291,1,0.009383678155783476,0.6733586908455368,0.08581772908091034,0.04890811617629246,0.14568880896549016,0.0003890505506634083,0.03645392622532341
plot_9770,7,0.6610724695798867,2,0.3389275304201133,0.11280411457030601,0.43685223678953783,1.8789254105043776e-06,0.10497493103430067,5.483025901178916e-05,0.006384478001320066
plot_9771,7,0.6811367255599604,4,0.06014720143402448,0.1520689898026841,0.31886327444003953,0.0,0.40557445562364053,0.0006257621426522965,0.06272031655695907
plot_9775,7,0.2582563028191815,1,7.903072849944548e-07,0.7417436971808186,0.22301636633524657,0.001861410686533367,0.020785195301646214,1.2831336808294232e-07,0.012592411875102304
plot_9776,7,0.7108260924698878,1,6.887291671654004e-06,0.6658213071939624,0.289173907530112,0.0014283116854835797,0.01945582749834495,6.230898939367295e-08,0.024113696491435917
plot_9777,7,0.2403474997609793,1,3.132070982696816e-07,0.7596525002390208,0.2050186862125875,0.00028451722491110485,0.024327687590509336,6.428481313508384e-08,0.01071623124105998
plot_9779,7,0.16190576285940692,1,1.1079633409511202e-05,0.8380942371405639,0.10384314122621968,0.022987740192705542,0.025487149137253057,1.052538966778941e-06,0.009575600130881552
plot_978,7,0.13797901883102368,1,0.02065718329490143,0.8620209811688471,0.022141073141655924,0.02497940434528221,0.060120165954084745,3.712379138990287e-05,0.010044068303838763
plot_9781,7,0.7118677921877062,2,0.17396706304985926,0.0011050451161627808,0.3337991906559812,0.0,0.2022745272319772,0.0007219661337258161,0.28813220781229376
plot_9782,7,0.3796385571479559,4,0.09132366438036325,0.005430740393349564,0.05550365087807552,7.353874763506804e-08,0.620361442852044,0.22737822206314207,2.205894277835021e-06
plot_9783,7,0.607144344691039,6,0.3582575293299821,7.294465675338834e-08,0.23128300334717067,0.00010134200739995401,0.004260169834513353,0.013242227227316045,0.39285565530896116
plot_9784,7,0.6554069441178499,0,0.3680598731842619,2.638484490709928e-07,0.3434539272832295,0.00017229903667609028,0.005123750999401929,0.02232919970818088,0.2608606859398008
plot_9785,7,0.48238763160409515,0,0.517612368395905,0.0063819473188370095,0.3549927306643796,0.0,0.04992020015961368,0.04010777408919635,0.030984979372068518
plot_9786,7,0.44784572316467536,0,0.5521542768353247,0.005378971583740693,0.3324476809309286,0.0,0.04327811687197748,0.04015514266699326,0.02658581111103537
plot_9787,7,0.09538501524655583,1,1.8232414289828379e-07,0.904614984753422,0.06491751444397484,0.0007979633597187659,0.02736714917229772,9.832107954948588e-06,0.00229237383848888
plot_9788,7,0.03785072235708161,1,3.017581102286697e-06,0.9621492776420429,0.02442463371407693,0.005423031155365226,0.006796902845781178,4.657160369524612e-05,0.0011565654579362198
plot_979,7,0.42017612085228495,1,0.00203062243086646,0.5798238791473878,0.187301675349238,0.019458821915391014,0.1753838939954532,0.0007165199747006286,0.03528458718696269
plot_9799,7,0.025820256407325045,1,3.6855281808096737e-20,0.9741797435926536,0.007577181247274207,0.0005139646061893081,0.003156576545424965,0.012918730487597351,0.0016538035208603843
plot_980,7,0.5265947299389928,4,0.08403215617294418,0.18490674259365342,0.2022279100845446,1.703506139958333e-05,0.4734052700610072,1.6806755010364362e-06,0.05540920535095005
plot_9806,7,0.03784879373750069,1,1.107935674166397e-09,0.96215120626235,0.001778966441590292,0.0001519569307358944,0.03477839373114055,0.0011003395548005164,3.913597144724913e-05
plot_9807,7,0.6830518774054988,1,7.249798138892888e-07,0.3456501373794177,0.09989695802610406,0.005414122808848738,0.3169481225945012,2.3142310607698752e-07,0.23208970278820829
plot_9808,7,0.8014058759314955,4,6.420044175253667e-09,0.28256978334666,0.1985941240685045,0.0013166294454950004,0.29976153948256473,1.5921062651468998e-06,0.2177563251304665
plot_9809,7,0.6775215241016571,1,1.2487775135866527e-08,0.360625104841646,0.1486207993616061,0.0007803003363296535,0.32247847589834294,5.345141044657936e-08,0.16749525362288975
plot_9813,7,0.5778738855178545,2,0.2694951075029405,0.04891866574879689,0.4221261144812085,0.0,0.1497517162065442,0.023622971921286408,0.08608542413922352
plot_9814,7,0.4446594668419795,0,0.5553405331580206,0.0031888483886217105,0.006596221405003725,5.481674754427744e-05,0.30186269893683315,0.1324863899787225,0.00047049138525414956
plot_9815,7,0.6255192987346385,0,0.4607863889366075,0.005375884946730499,0.374480701264771,0.0,0.05272560007331136,0.0901680419564063,0.016463382822173342
plot_9816,7,0.3109754274264832,0,0.6890245725735168,0.0009439990366741376,0.20980732757929307,0.0,0.018556759818290844,0.07614690690039375,0.005520434091831443
plot_9817,7,0.3573296977017363,0,0.6426703022982637,0.0019179652336329639,0.2683220784084253,0.0,0.022729389977682316,0.052907872018477076,0.011452392063518592
plot_9819,7,0.8502839602597823,6,0.1941405395856754,0.0622698045056027,0.1498035434214816,0.10248923018218681,0.14971603974021785,9.471471993986811e-05,0.34148612784489574
plot_9820,7,0.6660392764929017,4,0.01682658701508847,0.2789437263866688,0.22154897247686348,0.08866279257811106,0.3339607235070982,0.0008094107346277574,0.05924778730154234
plot_9821,7,0.751734898676012,2,0.041516689302756045,0.24826510132386861,0.32888615643377295,0.1217177321993361,0.2356922094093417,0.009835673880644488,0.01408643745028005
plot_9822,7,0.6745329633379227,4,2.696461286252009e-07,0.31564464655953783,0.1296147757576481,0.0032991211604957525,0.3254670366620773,1.9832245806308578e-07,0.2259739518916543
plot_9827,7,0.3713978176555908,4,0.0,0.04823625320443915,0.16895937868055314,3.9945859221154725e-07,0.6286021823444092,1.333568773662331e-07,0.15420165295512897
plot_9828,7,0.8114824893492387,4,0.0,0.07359548572303949,0.16302141944248189,8.218036831837074e-07,0.5748646331473373,1.2923269682603319e-07,0.18851751065076128
plot_9829,7,0.29830160613892187,4,0.0,0.05171087388107255,0.11659952978851088,1.162517543444221e-07,0.7016983938610781,1.026780898594227e-07,0.1299909835394943
plot_9830,7,0.37044141453576734,4,0.0,0.12683563161633635,0.13227311725493907,2.1562703851649288e-07,0.6295585854642327,2.421029910793059e-06,0.11133002900754263
plot_9831,7,0.4039312374512819,4,0.0,0.10872059922091223,0.1738296934552458,4.60028668351617e-07,0.5960687625487181,1.8448142450468975e-06,0.12137863993221049
plot_9832,7,0.7159765308604644,4,0.0,0.08107208350158207,0.28402346913953547,9.140542819023993e-06,0.49944114407808654,2.1984654166406675e-06,0.13545196427256034
plot_9833,7,0.6987941250627829,4,0.0,0.07958311582654273,0.301205874937217,1.1410993217934681e-05,0.4749356578601063,2.6061908732724536e-06,0.1442613341920428
plot_9835,7,0.376153014534199,6,0.000723587624729932,0.1391731223377204,0.15166127642011504,0.0,0.08450923834693091,8.578980470276154e-05,0.623846985465801
plot_9836,7,0.31570310912962535,1,1.786932409846923e-05,0.6842968908690091,0.20699479953793726,0.03161651928926003,0.05379538061752379,4.9329486392311575e-08,0.023278491032685072
plot_9837,7,0.5096344843339286,2,8.295392802515913e-08,0.1929352482933366,0.4903655156660715,0.03013370392092125,0.22513006822081102,0.00036069697211807487,0.061074683972813584
plot_9838,7,0.6742708487189333,1,1.6691338501271792e-09,0.329217522573682,0.3257291512810523,0.06283618146287885,0.22635621985678042,0.0003595854512851302,0.05550133770518753
plot_9839,7,0.532045917285517,1,9.150335395878757e-10,0.46795408271444694,0.23541154634749822,0.05221365271371349,0.20987300662672928,0.00012635846550144845,0.034421352217077095
plot_9840,7,0.20806595277531856,1,1.6648445352077236e-16,0.7919340472246815,0.04315752332112758,0.055524785994295715,0.07813659226568069,7.284454596119807e-06,0.031239766739618337
plot_9841,7,0.5524047191723442,1,7.667884650074783e-05,0.44759528082715794,0.31841399290307953,0.025653602535546854,0.19737748630645724,1.9453762137275387e-05,0.01086350481912043
plot_9842,7,0.5551097746839779,2,5.788057430178331e-05,0.3123585938130119,0.44489022531602207,0.01400808407564779,0.21991083671416617,1.553970888012394e-05,0.00875883979797019
plot_9843,7,0.017876840569906727,1,8.556166099672822e-21,0.9821231594299993,0.00156941910401942,0.00014604445344599656,0.0012776867448482216,0.014439204951304546,0.0004444853163825303
plot_9844,7,0.05460174913560933,1,1.1072525257982068e-19,0.9453982508643628,0.0233670403474282,0.0009409507071535909,0.008693042874467415,0.014530344748346516,0.007070370458241599
plot_9845,7,0.02033590888888755,1,6.660889933668967e-21,0.9796640911111125,0.006902459111728504,0.00012323208173470676,0.004480553443262548,0.007797400535520857,0.0010322637166410014
plot_9846,7,0.039448357081840475,1,1.6195155693434923e-21,0.9605516429152376,0.01783661377778294,4.592297709552734e-05,0.016894816548906077,0.0024702345634838216,0.0022007692174939976
plot_9847,7,0.18124454502389767,1,3.985150456501562e-22,0.8187554549761022,0.07984733476711647,3.3055140003358287e-05,0.08256855824987909,0.000852165285774091,0.017943431581124603
plot_9848,7,0.666705850301319,6,8.031171305571044e-08,0.19760331040054993,0.17634593599495352,0.01237174569173544,0.2803775614263163,7.216476050818469e-06,0.33329414969868093
plot_9849,7,0.6890767320520095,6,1.5425039237049413e-08,0.19954207876383523,0.19525039978537012,0.0036652389676471355,0.29061684089974793,2.1582103697333588e-06,0.31092326794799063
plot_9850,7,0.08205823859706261,1,3.666049737664583e-21,0.9179417614029374,0.04262972363110314,0.00010861625045474743,0.0276600184795479,0.003151265222037544,0.008508615013919245
plot_9852,7,0.3925678783553554,1,9.487137921569552e-09,0.6074321216393155,0.1511830257494796,0.08088358546387672,0.05925159720841837,0.01536981360838079,0.08587984684339114
plot_9853,7,0.30100225598614316,1,2.399452972818254e-08,0.6989977440138568,0.08821332865284486,0.11934404675519023,0.056485661329437414,0.003168663047918906,0.033790532206222086
plot_9862,7,0.3234310159977358,1,3.594533345273411e-07,0.6765689840021138,0.06328459125741134,0.0789913193213551,0.13364262526012163,0.0005942609486616523,0.046917859757001884
plot_9863,7,0.06775939350384375,1,6.419607994868199e-23,0.9322406064960157,0.02129996633524081,5.4549869633272e-06,0.0430896070207496,0.0007043869064315686,0.0026599782545989052
plot_9864,7,0.1420142819873807,1,2.5468060909095957e-22,0.8579857180126194,0.053004868758933114,1.3011105540509003e-05,0.07769702055964768,0.0006736929828328025,0.010625688580426609
plot_9866,7,0.5599944835156144,4,0.1949983446704685,0.14653041283609475,0.14431190984886452,0.07365298086399606,0.4400055164843856,0.0004468068568005718,5.4028439390051834e-05
plot_9886,7,0.09133105356343689,1,0.023251387001343066,0.9086689464365632,0.017735152485536036,0.0002231782796882595,0.011429246822766224,0.03564066533479643,0.0030514236393068984
plot_9887,7,0.37141844104106103,1,3.284750910176926e-05,0.628581558958852,0.0876477019410994,0.008795665197986333,0.1899608746349977,1.0152164393074307e-07,0.08498125023631876
plot_9888,7,0.493203082072403,6,0.0009331146361254725,0.023484140284630306,0.3611969024799282,0.0,0.10755337193179973,3.555273991929741e-05,0.5067969179275971
plot_9895,7,0.6925425501443597,6,0.006549487002373308,0.14471051956631248,0.24338328610116078,0.00026680410977854925,0.29763215159060663,3.017741280367915e-07,0.3074574498556403
plot_9922,7,0.360967240037893,1,0.009210642099045952,0.639032759962107,0.019919097691982805,0.008371908191607392,0.04523739068634964,0.2568610484038312,0.021367152965075926
plot_9954,7,0.22683636824147474,1,0.0010161534109082823,0.7731636317585253,0.03215269974985076,0.0035495308906298238,0.15802144684530348,0.017637296374400747,0.014459240970381699
plot_9955,7,0.6720241403983016,1,0.0065315855569968466,0.5217137659301585,0.0371283484563808,0.002858277918490089,0.3279758596016984,0.06321321797173812,0.0405789445645373
plot_9956,7,0.7705375461273615,5,0.04011582455950932,0.0836351141131584,0.0006652332608487233,0.0008219295662956967,0.22946245387263853,0.6439922532975216,0.001307191330027789
plot_9970,7,0.451494432396476,0,0.548505567603524,0.2030220482398421,0.0011149080028054975,0.18752252109360656,0.026818615226592186,1.6752277177935245e-09,0.033016338158401826
plot_9979,7,0.7855036984232786,0,0.4636139762889424,0.22342711285077588,0.0011235396963413,0.21449630157672145,0.03303761470608021,1.2753635511193453e-09,0.06430145360577522
