unit_id,step,tv_from_baseline_anchor,argmax_component,p_G1,p_G2,p_G3,p_G4,p_G5,p_G6,p_G7
plot_100,3,0.08339390608104547,1,0.00031224581305875243,0.9166060939188039,0.0003567054396079488,0.0,0.08272495482852932,2.5088053958005417e-17,1.939781660590824e-262
plot_10006,3,0.4792486323091636,1,0.006630820146866507,0.5207513676904382,0.1625316615592625,0.0002993806082447566,0.06608411863973745,0.002066558311210702,0.2416360930442398
plot_10007,3,0.6759340669499195,1,0.0013130909565654612,0.3771610951352906,0.3240659330500806,0.0,0.03045087640878908,6.495528667645424e-05,0.2669440491625978
plot_10008,3,0.5506577466998748,6,0.07536053890327991,0.06524768245028784,0.19206615850650105,0.00020560326168253299,0.20756721577661227,0.010210547801511293,0.44934225330012517
plot_10009,3,0.7019741133673896,6,0.01442830143191292,0.11585758353008563,0.2980258866326105,0.0,0.24227012978794243,0.014470307789707065,0.31494779082774155
plot_10010,3,0.4213849276711149,6,0.00011804335946893383,0.003043233171142534,0.38208837096109644,0.0,0.03613528017940695,1.6203684886190103e-24,0.5786150723288851
plot_10011,3,0.5558167883568419,4,3.4244193423467786e-16,0.13329272421017696,0.2605223809595265,0.0,0.4441832116431581,0.00018963215284496264,0.16181205103429314
plot_10012,3,0.49690517932218914,2,9.549207822296568e-16,0.05973667214449113,0.5030948206778109,0.0,0.281680346445235,1.1267574631111793e-18,0.15548816073246208
plot_10031,3,0.6100990272201267,4,8.640444077922231e-05,0.35228356622619167,0.19264611367368992,0.013973938647732264,0.38990097277987346,0.00016481114319781654,0.05094419308853582
plot_10032,3,0.6251746647958828,4,0.02034789828246861,0.37482533518788047,0.15200563999143937,0.0,0.4144009812490961,2.78641535404663e-21,0.03842014528911546
plot_10046,3,0.7125365400037887,1,0.0042942370001551235,0.42192877430228637,0.015101301956613838,0.0025851022689778384,0.23886629465383435,0.28746345999621126,0.02976082982192109
plot_10047,3,0.3744142789548366,1,0.0021603298665646207,0.6255547673028444,0.016734101329458125,0.0018265245156406278,0.22549386043112757,0.10778945501228011,0.020440961542084423
plot_10048,3,0.6055945934594023,1,6.47750335632185e-05,0.4344699927226544,0.0031959038304718124,0.06655084941562116,0.39440540654059786,0.019174837592762704,0.08213823486432886
plot_10063,3,0.29945304192964145,1,0.0025848559538811616,0.7005469580702727,0.0075011425177637404,0.15010288983132933,0.09990336754463484,0.0003184339528964583,0.039042352129221754
plot_10064,3,0.29245759519668857,1,0.011290001259855274,0.7075424048027439,0.010515083167231909,0.15311240404020665,0.02727158589875149,2.211200999278193e-25,0.09026852083121084
plot_10065,3,0.5419894173403285,4,0.0055841573306546054,0.2658040230061684,0.09443868996116384,1.9242208313814315e-05,0.45801058265967154,0.022507808447913485,0.15363549638611435
plot_10066,3,0.5121605202327778,4,0.006284323902528139,0.28172813206121733,0.0641977022155287,0.0001266545922447234,0.4878394797672222,0.09002203088559362,0.06980167657566543
plot_10067,3,0.6556048870144316,1,0.007752546518859364,0.4528693021800665,0.18322214936608416,0.0003663133790792298,0.011314934394403686,7.964117593875976e-05,0.34439511298556835
plot_10068,3,0.47622437129615414,1,0.0013434823635933477,0.5237756287038459,0.2154769132106631,0.0,0.033073363005069814,3.803051345128368e-05,0.2262925822033766
plot_10074,3,0.585966581686372,4,0.010543613973460196,0.3754025641651554,0.18745404008802316,0.0043528979910115295,0.414033418313628,6.780304395712674e-14,0.00821346546865382
plot_10080,3,0.023305048382383443,5,0.021372139293276186,0.0,0.0001229813319391566,0.0,0.0004959785794452157,0.9766949516176165,0.0013139491777228742
plot_10081,3,0.6926505984076081,6,0.16933588743686856,0.2697438010711976,0.05458288392778171,0.002079044768938377,0.19690898120173303,1.0888717441910936e-12,0.3073494015923918
plot_10082,3,0.6553449749145013,4,0.07926152139244827,0.2321354724133664,0.1742316887651956,0.00018088156322860083,0.3446550250854987,5.097087293957148e-13,0.1695354107797527
plot_10083,3,0.5447689217779733,1,0.12213405986166191,0.455231078221053,0.11907482648579099,8.116453931378085e-05,0.16271529500855936,7.854100532190224e-13,0.14076357588283556
plot_10086,3,0.4172751829585638,0,0.5827248170414362,0.0010242328571954079,0.09759443657254992,9.634387378776055e-05,0.06550990424456138,0.10995218174123289,0.14309808366923646
plot_10087,3,0.4440530846447141,0,0.555946915355286,0.0,0.23511999944524986,0.0,0.010188366114038859,3.5482136067020378e-09,0.19874471553721185
plot_10088,3,0.03617760022825323,0,0.9638223997717468,0.0,0.017134161986544754,0.0,0.0,0.019043438241708482,5.142052604054249e-240
plot_10094,3,0.18801316571992094,0,0.811986834280079,0.00018603597896640388,0.0,0.0,0.14729572497157256,0.040531404769381885,2.320638006803941e-235
plot_10095,3,0.6190363229586003,2,0.0001750427099996592,0.15466678271582082,0.3809636770413998,0.11353705976391572,0.3122746820976402,4.5617432657303467e-20,0.03838275567122386
plot_10096,3,0.3538959696193075,4,0.014699647155071199,0.12939053609031498,0.16151697019781897,0.043385646713359136,0.6461040303806924,0.0005023742547246075,0.004400795208018509
plot_10097,3,0.700734319556845,4,0.0005958178731974381,0.29926568044282204,0.23442211700366633,0.07041205385432202,0.3864316352192756,5.19186854743089e-20,0.00887269560671657
plot_10098,3,0.7209097006588574,4,0.0001744585187322343,0.1148584023255698,0.1822443689753925,0.27909029934114277,0.3820080658799464,4.992663892376271e-20,0.04162440495921643
plot_10099,3,0.45931695713503606,4,3.7342627182622754e-05,0.15836781248683013,0.15015800798731008,0.11870175217284504,0.5406830428649639,2.4019086239419354e-16,0.032052041860867936
plot_101,3,0.11842965137407441,1,0.00025364019932259474,0.8815703486257563,0.0,0.0,0.11817601117492106,2.710699485749802e-20,0.0
plot_10100,3,0.4720268239037831,4,0.0002868738673639266,0.2881993147436599,0.12221178081982614,0.04291022008540223,0.527973176096217,1.844842698053728e-15,0.018418634387528984
plot_10109,3,0.3482733978913708,1,0.009481784443163006,0.6517266021085952,0.12098893614553566,0.002088350468963485,0.21091556955679663,6.09747168706188e-14,0.004798757276885047
plot_10110,3,0.347265207324393,1,0.0009737743144040913,0.6527347926750683,0.04756628351157867,0.006024889223088707,0.2913973508368971,2.6676981752774075e-15,0.001302909438960457
plot_10111,3,0.37041521472844774,4,0.018242571974926965,0.2210246341794116,0.12171873150836221,0.0077903105759273075,0.6295847852715523,0.0006322227719843251,0.001006743717835335
plot_10112,3,0.7043920640251411,4,0.1849804562916654,0.04399127512456694,0.2956079359748589,0.0047216628319609755,0.4393801568435357,0.01769450667923965,0.013624006254172509
plot_10113,3,0.6951356435240885,1,0.08452757061114574,0.38590578458591535,0.3048643564759116,0.005870886299294454,0.19407218704319668,5.435732145985889e-13,0.024759214983992733
plot_10114,3,0.7002888613067789,1,0.29971113869129373,0.30685311009002236,0.08862012390515353,0.00038161947453941615,0.14215680370728834,1.9273586735478566e-12,0.16227720412977528
plot_10115,3,0.6539189105885471,2,0.015587370732394176,0.0002802512963198085,0.4688462570376127,0.0,0.34608108941145305,5.644158332622414e-18,0.16920503152222038
plot_10116,3,0.6081691977156098,6,0.14172261621948395,0.0,0.26742702372087873,0.0,0.19802209974203513,0.0009974580332120745,0.3918308022843901
plot_10117,3,0.5020556450132512,6,0.16794639094518585,0.0,0.3294595047319909,0.0,0.004467432278976203,0.0001823170570983041,0.49794435498674877
plot_10118,3,0.36386892335057236,2,0.04994946109394022,0.0004580481432238398,0.6361310766494277,0.0,0.027203508726535985,9.956401503886148e-10,0.2862579043912322
plot_10119,3,0.6967016586554002,0,0.36653785271997413,0.0006573252983562919,0.13691374618528607,0.09073506517877704,0.10130876720095025,0.3032983413445998,0.0005489020720563796
plot_10120,3,0.5171218159047961,0,0.4828781840952039,0.013555082052849719,0.37010292934647077,0.0,0.0268350846842612,1.912232923580957e-10,0.10662871962999121
plot_10123,3,0.5521618730290117,0,0.4843474830110287,0.0,0.0059691369764379495,0.0,0.05907387302901207,0.44783812697098835,0.0027713800125328727
plot_10125,3,0.7153075537726206,1,0.0,0.39145802800954044,0.18402955447172042,0.28469244622737944,0.12899878794735464,1.780045919502837e-22,0.01082118334400505
plot_1013,3,0.6197515460533867,4,0.0005785146327298047,0.02804732992957727,0.22462949967491033,0.0,0.38024845394661344,8.592878558146222e-21,0.36649620181616926
plot_10131,3,0.30742189386048735,4,0.12004795812003312,0.1628152733733637,0.00439097850582865,0.0,0.6925781061395127,0.000727810725794973,0.019439873135466926
plot_10132,3,0.309167605807388,4,0.22202915838859696,0.07931234280783057,0.006933078677832157,0.0,0.690832394192612,6.07812119858652e-05,0.0008322447211425318
plot_10133,3,0.29254690595623306,4,0.22569594212137162,0.03195442370594757,0.034430191617271816,6.599205194718863e-05,0.707453094042845,0.00021257467747879086,0.0001877817831380176
plot_10134,3,0.5845878321045229,4,0.4154121678954769,0.021784326634844323,0.032185689490120066,4.048786686295135e-05,0.5297434570270064,0.00023520653609518518,0.0005986645495941274
plot_10135,3,0.19141990424227,1,0.009135657537005492,0.8085800957576812,0.000568315401152374,0.0007748222551408611,0.17779041171488316,0.00011926409700857492,0.0030314332371284168
plot_1014,3,0.38232250034746895,1,1.3590359839319542e-05,0.617677499652531,0.18401182244239106,0.005205629403500223,0.17908585583282516,2.9332466249910557e-18,0.014005602308913222
plot_10144,3,0.6451046885793701,3,0.19442118403239228,0.2699031002873409,0.059437839157954336,0.35489531142063,0.06420295079534939,6.408407331605349e-20,0.05713961430633313
plot_10145,3,0.14742940999657944,1,0.012318539303092136,0.852570590003017,0.017879909704545463,0.02485113070855989,0.08022253946441506,3.191391270930076e-18,0.012157290816370422
plot_10146,3,0.5218537364603536,3,0.023667374553351203,0.20078279106863012,0.20215145612924595,0.4781462635396464,0.08714671861499715,2.5638197618105098e-18,0.008105396094129141
plot_10147,3,0.6931012713300346,4,0.16441808160946592,0.2858901170344224,0.15945851889499124,0.06376214279594303,0.3068987286699653,4.5985254599112746e-17,0.019572410995212057
plot_10148,3,0.12878332232677192,6,0.0003331721882915211,0.01946584672754431,0.07570651595273818,0.0,0.033277785132335674,2.3258622596964018e-09,0.8712166776732281
plot_10149,3,0.72245528651707,1,0.2775447134829299,0.35193329030956716,0.050165823656152915,0.033866791581990525,0.12916705712859863,3.428165931189427e-25,0.1573223238407608
plot_1015,3,0.644433544101459,4,0.00016861383792172766,0.0719141913179685,0.35556645589854113,0.03204171025359643,0.42800889230209627,0.00040524053186912043,0.11189489585800695
plot_10150,3,0.4114162376813552,1,0.006778074419849238,0.5885837623185725,6.097812955367672e-05,0.27192798771089133,0.1259566769392491,0.003027564395362905,0.0036649560865213617
plot_10151,3,0.44427496652123116,1,0.00680657513289319,0.5557250334780386,0.00011742594720624487,0.29219686689842067,0.1333034361818446,0.002946493828336763,0.008904168533260082
plot_10152,3,0.14601114037890506,1,0.08086937815638706,0.8539888596069611,0.0005568127086786762,0.0381519988872063,0.01638978393854272,0.00019275945536450888,0.009850407246859634
plot_10153,3,0.25900047009807814,1,0.11334717091664435,0.7409995299009128,0.0005620187506136076,0.126508441140575,0.012078042664432478,0.0006303320506025373,0.005874464576219236
plot_10154,3,0.18483020492923474,1,0.07733749547112867,0.8151697950699271,0.0009609262169646535,0.09767940785778804,0.007933109799607409,1.8867840232772362e-11,0.0009192655657163388
plot_10155,3,0.704077529130737,1,0.08198998456809203,0.6152464852438398,0.004968703277753813,0.29592247086926304,0.0017500444344913449,2.00028966556823e-11,0.00012231158655702843
plot_10156,3,0.3299672092383241,1,0.05083219331528621,0.6700327907545288,0.06680997714379508,0.18893511182226957,0.023389926951809338,1.2310891271497825e-11,1.0295998923448279e-55
plot_10157,3,0.6275066694450815,1,0.004857524258452135,0.5708216809419446,0.004593725511596107,0.3724933305549184,0.03673869859180843,0.010078606953328297,0.00041643318795202733
plot_10158,3,0.05619603421317691,1,0.0009349596236395025,0.943803965785692,0.010002603219135344,0.04386618514982457,0.0012114659272816142,3.5335070303892546e-23,0.00018082029442696043
plot_10159,3,0.2684384328473459,6,0.007238934455826606,0.018019884918769435,0.2317222926332478,0.0,0.01145732083950209,3.7728846734153766e-25,0.7315615671526541
plot_1016,3,0.37812389305572935,1,0.0,0.6218761069442706,0.25412681022393635,0.0008834387201533639,0.10934133645181486,2.6416682026759554e-19,0.013772307659824772
plot_10160,3,0.3478857985768532,6,0.0005038074973871534,0.012395171386203795,0.32152263530427866,0.0,0.013464184388983667,2.142757402004696e-25,0.6521142014231468
plot_1017,3,0.5658058231678129,2,8.133655920123376e-05,0.40925500158427025,0.43419417683218714,0.0011436285237332708,0.10574813946463821,0.0001954814083907691,0.04938223562757893
plot_10170,3,0.6648838155433205,0,0.3351161844566795,0.0513451218267372,0.24599229765970665,0.09243032636653609,0.18920335052398968,9.216408159761949e-17,0.08591271916635076
plot_10171,3,0.6193511675401009,0,0.38064883245989917,0.011606591321306347,0.12023651738681104,0.07256070568187654,0.15081980999533343,8.688194554021497e-18,0.26412754315477344
plot_10172,3,0.3005350220657115,1,0.00795672141015507,0.6994649779341958,5.59619604212582e-05,0.08650539711610718,0.14622789568369582,3.6666688611683073e-26,0.05978904589542494
plot_10173,3,0.23969991546437183,1,0.012945712272156924,0.7603000845353804,0.00019777299618539213,0.04456309297277454,0.16643659141628747,3.054637353060503e-26,0.01555674580721517
plot_10174,3,0.5334978672241073,6,1.0732192979886226e-05,0.16127860630128027,0.24877578092716052,0.06809164357773564,0.055341104224950935,6.019291432473207e-18,0.4665021327758927
plot_10175,3,0.554234326336144,6,0.2220856395938661,0.028126817316507884,0.07473367528327936,0.02127698455081753,0.20801120959167327,5.019940846789626e-17,0.44576567366385594
plot_10176,3,0.3712640084326062,6,0.013511803278899259,0.0,0.05819280798827247,0.01509263429905439,0.10877627725142255,0.17569048561495754,0.6287359915673938
plot_10177,3,0.27162291128602567,1,0.12229174921857483,0.7283770887134342,0.0008995587590384086,0.13918378005257898,0.007868075010828358,0.000578631215492262,0.000801117030052907
plot_10178,3,0.6061778788075277,1,0.08799945181410082,0.49232623756739186,0.015053105844923885,0.39382212119247223,0.010225984235926059,0.0003857546285225855,0.000187344716662529
plot_10179,3,0.5965222971006522,4,0.04060748144693818,0.40347770289922064,0.005520856345278963,8.234466556590802e-05,0.47123987828783037,0.0076853486779078885,0.07138638767725797
plot_10180,3,0.3665270835680536,4,0.09310529832894444,0.18728500100233617,0.006554278598695376,0.0,0.6334729164319465,0.005100255311037339,0.0744822503270403
plot_10181,3,0.1328406512683535,2,0.007237463578258488,0.06687623989390977,0.8671593487316465,0.0037946238668517943,0.039991794136494424,4.000388777328684e-15,0.014940529792835066
plot_10182,3,0.5360599286639601,6,0.00024638572885344814,0.02176997382042804,0.46394007133603987,0.0,0.037620236859009504,1.6391840977550294e-25,0.47642333225566913
plot_10183,3,0.5536595345582169,6,1.4857309306888113e-16,0.038032582292119754,0.4463404654417831,0.0,0.050955440409470476,1.8018051129165736e-25,0.46467151185662653
plot_102,3,0.2391101557435934,4,0.0,0.12508954369650518,0.11388894552818767,0.0,0.7608898442564066,8.473864052471222e-22,0.00013166651890057524
plot_1020,3,0.6582156121506739,6,0.005724114701509218,0.07380128589457922,0.3149349935069051,0.014706450705443458,0.23482398366440865,0.014224783677828184,0.3417843878493262
plot_10204,3,0.6343065916960633,4,0.08228713979034272,0.1591427019689099,0.11068582565772772,0.17490359029649033,0.3656934083039367,6.1199085550754856e-18,0.10728733398259269
plot_10205,3,0.6551777737911765,1,0.02455046586529611,0.3448222262083909,0.19648017268478243,0.28609997647838026,0.13473407562639536,2.1047025040559853e-18,0.013313083136755091
plot_10208,3,0.5161429164801126,6,0.0015168718644298562,0.0,0.01394804680502127,0.026482612791904305,0.17040317109397318,0.30379221392478395,0.4838570835198874
plot_10209,3,0.2901007013036847,5,0.007329685415247087,0.0,0.0037028092307799894,0.0018586586231326909,0.035727265095841385,0.7098992986963153,0.24148228293868368
plot_1021,3,0.5496766189585274,2,0.00010092791906066415,0.3013364677113606,0.45032338104147274,0.009951424343183296,0.1727259835139452,0.00024256658946090375,0.0653192488815166
plot_10216,3,0.5542753196972288,6,0.00816405145236999,0.014508932746861252,0.44572468030277124,0.0,0.012634121020142655,3.775254376511444e-25,0.5189682144778549
plot_10217,3,0.30998696675112714,6,0.00035919175378498216,0.023675136911401547,0.25855570086068524,0.0,0.027396937225255408,1.6327208374712392e-25,0.6900130332488729
plot_10218,3,0.278487720325983,6,0.0009605376247246795,0.06269496369240454,0.1922719317808691,0.0,0.022560287227984727,3.176450635690103e-25,0.721512279674017
plot_1022,3,0.51146070771971,4,0.0015581653740876242,0.16579798653573488,0.15026941032039096,0.0,0.48853929228029,2.9248643156551684e-21,0.19383514548949643
plot_10223,3,0.5871556780574407,1,9.971088390500276e-18,0.4128443219422118,0.1776904735691779,0.0,0.38606008484172855,1.0338981825464321e-17,0.02340511964688155
plot_10224,3,0.4863430183140907,4,3.2735394736237984e-17,0.12617804982290362,0.3074054604016952,0.0,0.5136569816859092,5.489200179326645e-18,0.05275950808949182
plot_10225,3,0.4584023174388739,4,5.0336117317481164e-17,0.2299882262836045,0.19417451667767627,0.0,0.5415976825611262,1.9506807239419173e-24,0.03423957447759303
plot_10226,3,0.5087555158650315,2,2.2902722382573242e-15,0.031954174349977826,0.4912444841349685,0.0,0.23892628195849097,9.358996001452295e-25,0.23787505955656046
plot_10227,3,0.4685178786658921,2,8.57022604150528e-17,0.08134822315088691,0.5314821213341079,0.0,0.2921999486894773,8.29682246151736e-18,0.0949697068255278
plot_10228,3,0.4613685850468332,4,6.81723002232397e-17,0.21196293268174154,0.20173398730320358,0.0,0.5386314149531668,3.2601019173832036e-18,0.04767166506188801
plot_1023,3,0.48737544214681033,4,0.010674249319530546,0.27601476582791845,0.10232593465073198,0.0,0.5126245578531896,4.930211674978237e-21,0.09836049234862931
plot_1024,3,0.5062133467039812,1,0.013596542458728106,0.49378665329039095,0.05077638840631632,0.0,0.3279382463661243,2.2536930682812128e-21,0.11390216947844042
plot_10244,3,0.1644410849641813,0,0.8355589150358188,0.001226168483630161,0.0008076251348662559,0.021101868825597548,0.018186728889866766,8.396358441436386e-18,0.12311869363022067
plot_1028,3,0.2553768140436808,1,0.10004899331091027,0.7446231859515088,0.0005493338268997445,0.08632568712666785,0.011168820760824046,0.02806579597033304,0.029218183052856353
plot_10298,3,0.7046269891990771,1,0.2953730108008595,0.5853056259214205,0.014299885405953162,3.433882907369108e-05,0.1038908943455677,6.33845672005162e-14,0.0010962446970620037
plot_103,3,0.5991168712995714,1,0.0,0.5979895253171624,0.0,0.0,0.40088312870042875,1.360908650496589e-19,0.001127345982408977
plot_1032,3,0.38439620329880064,1,0.1776134774656602,0.6156037967011994,0.00046455177033358653,0.02091015936483819,2.2490271252755864e-07,0.016552661151255352,0.16885512864400082
plot_1033,3,0.663172060540276,2,0.07756709700399098,0.10615468500022146,0.33682793945972395,0.007516278033899806,0.21693785877416685,2.608281755864503e-25,0.254996141727997
plot_10339,3,0.2824264606811132,0,0.7175735393188868,0.13473625490978278,0.0001246711091765396,0.1317741398484316,0.010248589410247654,2.2254703505504042e-15,0.005542805403472401
plot_1034,3,0.5525938842385307,6,0.22833870462199501,0.03617119542793047,0.060961430621270664,0.0,0.22693430422280972,0.00018824934452476736,0.4474061157614693
plot_10343,3,0.7181988995834511,1,0.000586200510313971,0.4038853369604117,0.0244301012360735,0.28180110041654904,0.27248934917575124,0.014571807535618824,0.0022361041652818967
plot_10344,3,0.3827649114817775,1,0.0025275660020769096,0.6172350885182226,0.062426002623345196,0.09386399952963181,0.2087040835955448,0.012724517488697218,0.0025187422424815713
plot_10345,3,0.4511304272801017,1,0.0038471204951891057,0.5488695727198553,0.13561682122853405,0.06047951058921201,0.2442430766008783,0.006751302399732124,0.00019259596659921839
plot_10346,3,0.14113793884767623,1,9.252284717894743e-05,0.8588620611523238,0.059047159021222456,0.0005693816641816294,0.08117328335894575,5.1373394740753937e-05,0.0002042185614066534
plot_10347,3,0.5661601483918669,2,0.052672192609335255,0.4017608580331308,0.4338398516081332,0.0071599614763823705,0.10197887212235396,0.002183905846709158,0.00040435830395520693
plot_10348,3,0.06263255292036547,1,0.00819393289949415,0.9373674470796265,0.0369278589935603,0.003225041269460885,0.01317643390264439,0.00011390457256276112,0.000995381282651137
plot_1035,3,0.6645973833845435,6,0.2568941218949482,0.02138313357765405,0.023257070018135807,4.6337766885428784e-05,0.33510637289667916,0.00027246334536069406,0.36304050050033676
plot_10352,3,0.6407144719801883,6,0.0885081385761174,0.0,0.14995806844551635,0.00026251962220379365,0.30026232251502083,0.10172342282132985,0.3592855280198118
plot_10353,3,0.5782101807213227,4,0.03721853362101028,0.0,0.15580853802360997,0.0006792487677477895,0.4217898192786773,0.10529256098630807,0.27921129932264654
plot_10354,3,0.3883441797206312,2,0.24114953338817738,0.0005557884466649704,0.6116558202793688,0.00013361059252473378,0.1433108538832116,0.0028515951388050627,0.00034279827124749534
plot_10355,3,0.6842632307053542,4,0.01876157728996406,0.0,0.10153083875951543,0.0,0.5635446493868935,0.00042616526898124363,0.3157367692946458
plot_10356,3,0.5509781071519786,4,0.09996116878659361,0.0,0.251131953436478,0.0,0.4490218928480214,0.0006725492652871818,0.1992124356636199
plot_10357,3,0.5493971968722373,2,0.23655084526328918,0.0,0.4506028031277627,0.0,0.21707182597497915,0.005967749037523635,0.08980677659644543
plot_10358,3,0.00023996535107794902,5,0.00023996535107794487,0.0,0.0,0.0,3.235509997868328e-85,0.999760034648922,2.6580802793674e-250
plot_10359,3,0.3950939826504961,4,0.0,0.010105443285334532,0.0,0.291526639800813,0.6049060173495039,0.08003325038574194,0.013428649178606625
plot_1036,3,0.5161053567191684,0,0.48389464328083165,0.027118414311150092,0.01197943772009336,0.00019546621658383416,0.19033796367379546,0.00010831898155474154,0.28636575581599094
plot_10360,3,0.3877393450283145,4,0.0,0.010159389216280774,0.0006145409167814159,0.3161538590903515,0.6122606549716856,0.04930848495639733,0.011503070848503572
plot_10363,3,0.7099752024198698,1,0.05211898581771307,0.515027046232349,0.0010949199945794964,0.00685750544054842,0.2900247975801302,0.13487674493467994,5.098261569176369e-240
plot_10364,3,0.6475517275640033,1,0.08101811887793475,0.4596511629247314,0.0013221738741803304,0.0022048158813884437,0.1033554560057683,0.3524482724359968,3.327889979302315e-108
plot_10365,3,0.04978446239989941,1,0.0,0.9502155375999375,0.0,0.04968586684665353,9.85955534090496e-05,2.844749598707972e-22,0.0
plot_10366,3,0.10683460881609186,1,0.0,0.8931653911839081,0.0,0.10630681079164517,0.0005277980244466904,1.5228068588155935e-21,0.0
plot_1037,3,0.5813151331594059,6,0.22117522378724144,0.0,0.14291589263760407,0.0425127576083735,0.0006551196063633086,0.1740561402787718,0.4186848660816459
plot_10371,3,0.05685054720337491,1,0.0,0.9431494527966251,0.0,0.056223011948478493,0.0006275352548964218,1.811448437446408e-21,0.0
plot_10372,3,6.668775172313566e-05,1,0.0,0.999933312247172,0.0,6.668775172214363e-05,1.1059781553201733e-12,6.849282086315252e-32,0.0
plot_10373,3,0.035432601635661976,1,0.0,0.9645673983642892,0.0,0.03490874785544539,5.402512586479855e-13,4.398985283103078e-24,0.0005238537797252047
plot_10374,3,0.010703990409862581,1,0.0,0.98929600958988,0.0,0.010480920792116799,3.917868880968071e-13,1.3207410518571212e-24,0.00022306961761136505
plot_10375,3,0.008233153920752218,1,0.0,0.9917668460792478,0.0,0.008233153920535278,2.1696476701993733e-13,1.035886647118719e-24,0.0
plot_10376,3,0.001612816203011101,1,0.0,0.9983871837969889,0.0,0.0015700655039913773,2.5887151611690544e-13,1.9686694609570625e-25,4.275069876082853e-05
plot_10377,3,0.000143456751651812,1,0.0,0.9998565432481833,0.0,0.00014345675125895503,5.578234550891223e-13,1.237694666965948e-26,0.0
plot_10379,3,0.06442586094496285,1,9.83227501034425e-19,0.9355741390550372,6.656151938573973e-05,0.05572547252954711,0.0008284240732982755,1.6971530195546598e-23,0.007805402822731721
plot_10383,3,0.41626845589825145,2,0.10335666903761538,0.03296111212283607,0.5837315441017485,0.04672433834423166,0.08694728177311493,2.251092050540767e-25,0.14627905462045346
plot_10384,3,0.3832744894902141,2,0.06178050520319553,0.10096043663064039,0.616725510509786,0.01952095813073362,0.11983536631431277,1.5200264434999712e-25,0.0811772232113318
plot_10386,3,0.23329941969183168,2,0.0010239237743268877,0.03191807310737804,0.7667005803081683,0.016697486940584857,0.13364080832467495,5.564659504619267e-16,0.05001912754486637
plot_10387,3,0.6577038314786763,4,0.000335651902771591,0.27508341544591763,0.3187338287589978,0.0474173420356024,0.3422961685213239,0.00031820396517558066,0.015815389370211312
plot_10388,3,0.24563969134377575,0,0.7543603086562243,0.027581850454881776,0.0,0.1294476383808554,0.006506030816867624,3.171132523194218e-16,0.08210417169117062
plot_10391,3,0.4777075061365687,2,0.0803092001887186,0.06616735938745517,0.5222924938634314,0.10482826180340452,0.1739333280302765,1.022076168156337e-25,0.052469356726713906
plot_10392,3,0.7173397639224797,1,2.6722223781633458e-05,0.6311210149993632,0.08566540844614837,0.0003004128164606393,0.2826602360775202,0.00010321590548245134,0.0001229895312434468
plot_10393,3,0.10089355720470249,1,0.00032925240904919413,0.8991064427952975,0.019546844921277885,0.0001057691062728374,0.07344092575136407,7.435928997230675e-19,0.007470765016738475
plot_10394,3,0.19445939541889895,1,0.0,0.8055406045811011,6.585275223314065e-05,0.0,0.19439354266666586,2.885380417229588e-21,8.432278072331629e-107
plot_10395,3,0.48148292740478205,4,0.0,0.4814829274047821,0.0,0.0,0.518517072595218,1.3663868562942408e-20,0.0
plot_1040,3,0.49453547811607096,0,0.505464521883929,0.0007752024918061466,0.09107055493630396,0.001995082332886317,0.01208344994459313,0.21370495562051955,0.17490623278996184
plot_10400,3,0.1094834274034604,1,0.0001948484877767396,0.8905165725965396,0.07676420940227369,0.00014103519038693505,0.019236828309266877,4.400513043431384e-19,0.01314650601375617
plot_10401,3,0.1814046398137067,1,0.0,0.8185953601862933,0.05587621715541427,0.00034147609276288175,0.03612242488594025,7.619847832226818e-30,0.08906452167958928
plot_10402,3,0.1840726113276384,1,0.0,0.8159273886723533,0.032428650948481456,0.0036584494512906986,0.010023416601751376,2.0269980820208993e-30,0.13796209432612336
plot_10403,3,0.6676971022131002,6,0.10706787967550958,0.03309834472893615,0.19002574742137118,0.0002109243451717554,0.25462574441284724,0.08267115076693546,0.33230020864922866
plot_10404,3,0.7257261391868579,4,0.1005161669534328,0.016784376448484475,0.048594263351522976,0.0,0.28235183441066736,0.2742738608131422,0.2774794980227503
plot_10405,3,0.43936008357846723,4,0.0,0.22136947139169652,0.15269073601626432,0.0,0.5606399164215329,0.044409554266505454,0.020890321904000992
plot_10406,3,0.5333604534423199,4,0.0003181658495565983,0.41272165794985183,0.050615137353037465,0.010775166188176366,0.4666395465576802,0.051794999181090366,0.007135326920607267
plot_10407,3,0.000971988501327557,5,0.0009719885013275996,0.0,0.0,0.0,1.6929806207784604e-92,0.9990280114986725,1.6812620510353114e-250
plot_1041,3,0.5196795659151627,0,0.48032043408483727,0.00011597501123082885,0.19990653152745536,0.0006146419401441733,0.002851921649070961,0.12812526779910444,0.188065227988157
plot_10421,3,0.6921014045010873,1,0.0,0.3500920829443227,0.3078985954989126,0.0,0.1420896078677433,1.5546694371773668e-24,0.19991971368902126
plot_10425,3,0.4627774281366053,1,0.08415280072241331,0.5372225718598553,0.0890860718436175,0.11373840453803644,0.15581520346226913,0.008109789682186987,0.011875157891621354
plot_10426,3,0.38055087524642234,1,0.06489319964923337,0.6194491247534416,0.04159720564637405,0.09822745206255587,0.15907034190877722,0.007075719915971649,0.009686956063646304
plot_10427,3,0.7218940905418476,3,0.04865202814361359,0.2730239998592176,0.1837822220417258,0.2781059094581525,0.13970950515165892,0.0005408525915266503,0.07618548275410487
plot_10428,3,0.5465926066530615,6,0.35479260798135376,0.0012420452487096178,0.1719701843193363,0.007840128128496307,0.01074764097516561,2.9715983078266193e-25,0.4534073933469384
plot_10430,3,0.014298020625891757,1,8.864531642202751e-05,0.985701979374066,0.004355066006492523,8.275261146152406e-05,0.009042444744591675,2.625319768513896e-29,0.0007291119469662336
plot_10431,3,0.06490694672076161,1,0.0,0.9350930532792384,0.011156152123003542,0.0001564000615197526,0.04381356837096021,1.6196625832522166e-29,0.009780826165278145
plot_10433,3,0.2994272755221995,1,0.00037408010909652315,0.7005727244778005,0.06222266064905839,0.06973934561071005,0.1625961362314202,0.0006828138419550545,0.003812239079959298
plot_10434,3,0.26816035431792207,1,0.0034335443854180817,0.7318396456808969,0.044595581419833594,0.0532799419340873,0.1565840308645666,0.0044398482979815255,0.005827407417216084
plot_10435,3,0.22494911202025478,2,0.018485184896329984,0.023110147877540062,0.7750508879797452,0.012473803999520892,0.11829248043187356,5.66861259494578e-16,0.05258749481498964
plot_10436,3,0.3097118452252628,2,0.024352745621702473,0.027467208622505387,0.6902881547747373,0.04179099598926932,0.11083910818047857,4.704732948695252e-15,0.10526178681130234
plot_10437,3,0.33830275006929605,2,0.002553822729805731,0.041305624965663215,0.661697249930704,0.04141807925927382,0.16075233529742672,4.2135277637209055e-15,0.09227288781712235
plot_10438,3,0.6494012413920477,4,0.004911711826454033,0.2689398847064446,0.22224313296513554,0.07888653913507745,0.35059875860795237,0.00023370654283841487,0.0741862662160977
plot_10439,3,0.2925124743322267,1,0.0132637063320893,0.7074875256675899,0.035300882942035205,0.08740222508009017,0.1399319931045027,0.004955130361097694,0.011658536512594943
plot_10445,3,0.04115401569637794,0,0.9588459843036221,0.005443832355618073,0.0,0.0,1.6575296987806077e-14,0.019867207852503236,0.015842975488240096
plot_1045,3,0.1496508726685711,1,0.055738190414113195,0.8503491273313137,0.04429461255299877,0.0002880245684306856,0.03720994865411281,3.873527669974894e-11,0.012120096440295478
plot_10466,3,0.22049031717669082,2,0.0011480657275071073,0.030765299666641616,0.7795096828233092,0.015739521799414468,0.1224368137389326,4.761026515875087e-16,0.050400616244194535
plot_10470,3,0.7217251366099144,2,0.018705038579081443,0.04189348632318576,0.45988654724790556,0.08615874053786098,0.11508132392185136,2.9318182987924635e-14,0.27827486339008567
plot_10473,3,0.0793034438993632,4,0.007529114393939354,0.0,0.05974849401898829,0.0020487828911526515,0.9206965561006368,0.00997705259528292,8.887590130614067e-104
plot_10474,3,0.019054130714051605,4,0.00028957425615524135,0.0,0.007823106625849894,0.00027859723331821225,0.9809458692859484,0.010662852598728264,6.678602670803029e-258
plot_10475,3,0.0034908194521577032,5,0.003490819452157728,0.0,0.0,0.0,1.0788695903089148e-84,0.9965091805478423,7.855393119548297e-248
plot_10476,3,0.5405142919670355,5,0.413792671149563,0.12252689434603095,0.0,0.0,3.730680024859834e-13,0.4594857080329645,0.0041947264710685255
plot_10477,3,0.3215054572995288,5,0.04310064358976644,0.1854206460232319,0.01908858055557908,0.015372466696013018,0.016091496612139163,0.6784945427004713,0.042431623822799164
plot_10478,3,0.5930758768466038,5,0.01343629795764835,0.39603346784652377,0.06537083223133783,0.06365534069650432,0.0013500734450458375,0.4069241231533962,0.05322986466954372
plot_10479,3,0.2624488178984037,1,0.0015972201826527782,0.7375511821015964,0.018550266867740566,0.06250204480175076,0.005512070760690298,0.16020187816262368,0.014085337122945692
plot_10494,3,0.06097769466510503,1,1.5178491708442226e-65,0.9390223053346473,0.0,0.05889736407672805,0.0018373941911824408,0.0002429363974422579,5.937266446745957e-93
plot_10495,3,0.6934088588213946,1,0.0008218513414360696,0.457930786414487,0.19858204672136867,0.012819447079340011,0.30659114117860553,0.02325472726476289,4.199914535226518e-87
plot_10496,3,0.32098365756969705,1,0.00039238161020324006,0.6790163424302826,0.12781476059621602,0.08623179749661655,0.09456793574176217,0.011514761633301044,0.00046202049161831165
plot_10497,3,0.3211045765404051,1,0.011362770004744093,0.678895423459595,0.014179815589224503,0.005557469833653433,0.17988300322947845,0.1101215178833046,4.902566082159002e-108
plot_10499,3,0.6312334215147377,4,0.020338043768745196,0.2685176100086819,0.27910316041191907,0.018251989034377747,0.3687665784852624,9.6216164475841e-26,0.04502261829101384
plot_10500,3,0.2583816485187516,1,0.00123591806527219,0.7416183514812341,0.056259976592523485,0.004010408437352772,0.19264077180605838,9.769121900480087e-27,0.004234573617559064
plot_10501,3,0.4892949720876781,2,0.08663470021673288,0.00887424341128411,0.5107050279123219,0.02216941642320656,0.18473011994575567,2.2953560556567683e-15,0.18688649209069655
plot_10502,3,0.6403970973546325,6,0.12003195545647016,0.022818300423484962,0.35444556048745013,0.06641782761583978,0.07668345337138428,3.179395889354018e-15,0.3596029026453675
plot_10503,3,0.18210675199084062,4,0.006865163437759272,0.002508256853201888,0.01646719636101905,5.9508872469011445e-05,0.8178932480091594,1.944647002810189e-17,0.15620662646639139
plot_1052,3,0.37844087245624247,2,4.088528450988781e-13,0.016796225313145986,0.6215591275437575,0.0,0.00023165299010237267,3.135623934952448e-26,0.3614129941525852
plot_10521,3,0.09615752873379602,4,0.0007039926628535395,0.0,0.009880026282046227,0.005266563587775103,0.9038424695622623,0.08030694790506282,4.228162228769624e-257
plot_10522,3,0.021631610711202558,4,0.00041557623961788296,0.0,0.006445513628111792,0.0008766587275083458,0.9783683892887974,0.013893862115964533,2.319134325463274e-251
plot_10527,3,0.010514612483670591,5,0.009976923251208678,0.0,0.0,0.0,0.0005376892324619214,0.9894853875163294,8.762017258035535e-249
plot_10528,3,0.0040047668701281985,5,0.0035766322229929225,0.0,0.0,0.0,0.00042813464713529,0.9959952331298718,6.209408413372214e-248
plot_10529,3,0.04981933472803592,5,0.015573415498000384,0.024169692763374117,0.0011575834898029332,0.0008244956057128129,0.0013771737049787782,0.9501806652719641,0.006716973666166918
plot_1053,3,0.16141488364583043,1,0.06788233146207627,0.8385851163541697,0.056700235137146504,0.0008014700477552228,0.031809382765826615,4.7174579783111135e-11,0.004221464185851277
plot_10530,3,0.4676166723629427,4,0.010112747715409326,0.0031968339998950037,0.3912891161239156,0.0,0.5323833276370573,0.007359700428822752,0.0556582740949
plot_10531,3,0.5112785221790013,3,0.0,0.12896499660819855,0.0,0.48872147782099884,0.19348399519139464,0.060715573807361485,0.1281139565720465
plot_10532,3,6.357430618606699e-05,5,6.357430618604681e-05,0.0,0.0,0.0,1.0253413600418593e-85,0.9999364256938139,9.19056960271894e-251
plot_10533,3,0.0002076585398329921,5,0.00020765853983302862,0.0,0.0,0.0,2.795967680280212e-85,0.999792341460167,2.3003930561885105e-250
plot_10534,3,0.6758233848828255,3,3.4126875102768466e-05,0.19697851341922432,0.0,0.3965319680976588,0.07416062191038256,0.008118154580457095,0.3241766151171745
plot_10535,3,0.29217799435734126,4,0.0,0.08238008541888045,0.02544280916061633,0.0,0.7078220056426587,0.1640898209270974,0.020265278850747134
plot_1054,3,0.009956620006717858,1,0.0035279601403335175,0.9900433799928764,8.007753614110112e-05,0.0004148454286005247,0.0005881657851745968,0.00045566151556484575,0.004889909601309038
plot_10540,3,0.3947577277123528,4,0.00588882545328606,0.1999953581388655,0.06983645149720595,0.07425937573597054,0.6052422722876472,0.04469821270544256,7.950418158209244e-05
plot_10541,3,0.2842464232144302,4,0.005075352916637054,0.07111080622062424,0.17712066358581746,0.01808792219251539,0.7157535767855697,0.012349865218385271,0.0005018130804507612
plot_10542,3,0.30636932529504574,1,0.0005036462258199537,0.6936306747049542,0.03003973337123547,0.12256813626946529,0.1363461688257258,0.013194091001314565,0.003717549601484751
plot_10543,3,0.03850133753816666,1,6.044569647254264e-05,0.9614986624618334,0.005680329571456473,0.0,0.01785340039013234,0.014907161880105314,4.2723063242214984e-103
plot_10549,3,0.1967688683453923,1,0.0022078871482615592,0.8032311316546077,0.06877935647969348,0.007285490718368689,0.11787816515047378,1.3935048992968265e-27,0.0006179688485947586
plot_1055,3,0.010404056998156554,1,0.005162294450998054,0.9895959430017586,2.9887973419114317e-05,0.004122340112217262,0.00018495385849306157,0.0002679010454352567,0.0006366795576787111
plot_10550,3,0.35864715145912074,1,0.009781976965552018,0.6413528485408793,0.21160918215021862,0.060563319292297677,0.07361090369998463,8.145588628402143e-05,0.0030003134647838513
plot_10551,3,0.24099270046036417,1,0.004308086563259032,0.7590072995396359,0.12141094640648672,0.016024363767056873,0.09858504475097453,1.4857263596095436e-27,0.0006642589725870846
plot_10552,3,0.10894841473821093,1,0.0,0.8910515852617891,0.1033882751600545,0.00037307426476216487,0.0029514735217948907,2.354328677525966e-30,0.0022355917915993675
plot_10567,3,0.6437026306729057,5,1.2973204455926367e-17,0.11587929947071912,0.00018822834189014765,0.3562973693270943,0.020922718734457037,0.5067123841258393,4.3529619570843233e-69
plot_10568,3,0.2833241184483377,5,1.2002116364006716e-17,0.11978347141806289,0.00017413881589891858,0.13583934250452578,0.02807259972335932,0.716130447538153,5.22604425755647e-68
plot_10584,3,0.6745415793221433,4,0.01224788967422702,0.03579511592751309,0.07594477522587417,0.016595142901990188,0.4065980261494161,0.32545842067735986,0.12736062944361956
plot_10589,3,0.40557667055486324,4,0.0,0.0131268331602669,0.008939790096185422,0.0,0.5944233294451368,0.3640284490756125,0.01948159822279847
plot_10590,3,0.3686978426919351,4,0.027101406720786345,0.0,0.22392412215958368,0.006498268702305666,0.6313021573080649,0.09331601483198983,0.017858030277269572
plot_10591,3,0.2906528369752051,1,0.09835238416177475,0.7093471630247722,0.019074046865770765,0.0012633765409663658,0.1691979795255391,0.00023605370602474833,0.002528996175152108
plot_10592,3,0.1853023482870571,1,0.13799904088567205,0.814697651712943,0.0005617189497362535,0.020739462091996275,0.025976825400907785,5.861797447877065e-12,2.5300952882953157e-05
plot_10593,3,0.1625775654575657,1,0.019400890569108396,0.8374224345423265,0.0,0.1200440994324925,0.0231325754560727,8.690479461687504e-24,2.3850315719447927e-93
plot_10594,3,0.20199724911782163,1,0.06250606683836409,0.7980027508821783,0.00010307930417857947,0.0783515157499697,0.06103658722530923,3.8538018899990586e-23,5.13777405890179e-93
plot_10598,3,9.764601168413689e-05,1,0.0,0.99990235398814,0.0,9.764601136257975e-05,4.974527864445727e-13,5.840517616778994e-27,0.0
plot_10599,3,0.0013871529459234873,1,4.4411451649220705e-66,0.9986128470531117,0.0,0.00042212610079639536,0.0008429590946812963,7.10818853156655e-05,5.0985866094918664e-05
plot_10600,3,0.001698771677908133,1,5.405654333894814e-66,0.9983012283220919,0.0,0.0005205135814993954,0.0010272057035876057,8.651914926198629e-05,6.453324355917213e-05
plot_10601,3,0.00323030752707897,1,0.0,0.9967696924727704,0.0,0.0025088402836957444,0.0004894651796795361,3.1019700284034056e-25,0.00023200206385448155
plot_10602,3,0.012638277394844211,1,6.218514751651218e-19,0.9873617226031813,4.2097458600077225e-05,0.007162260729134894,0.0004595719125897277,7.195050021315143e-24,0.004974347296494044
plot_10603,3,0.04490097075561334,1,7.668663997540873e-19,0.9550990292414934,5.191452911945854e-05,0.038003874362648765,0.0005667434621971038,1.2548924035097054e-23,0.006278438404541316
plot_10604,3,0.036028762928979205,1,5.1519496432342173e-05,0.9639712370710208,0.018433119690805678,0.0001283510249501596,0.017227155430036868,3.2686120716264286e-28,0.00018861728675420363
plot_10605,3,0.19604005794742535,1,0.003496412223522595,0.8039599420525747,0.09700027271187477,0.0009446882292504644,0.08843331835592852,1.3707331786766647e-26,0.0061653664268490815
plot_10606,3,0.09808561132219352,1,1.3114851612449971e-65,0.9019143886778065,0.0,0.09768082926963684,0.00017137764452410792,0.00023340440803259403,2.1360662742165327e-241
plot_10607,3,0.07105373759754044,1,0.000125501761714,0.9289462624024595,2.7480410008949428e-05,0.06593424567542155,0.0024630464917235963,0.0025034632586722525,2.2786864561761985e-240
plot_10608,3,0.020725050109958162,1,0.0,0.9792749498900418,0.0,0.020725050109703498,2.546518926567075e-13,2.780220345995865e-26,0.0
plot_10609,3,0.049456521328450374,1,3.4658757119120006e-64,0.9505434786697815,0.0010392627054892363,0.012849254803761567,0.029992668000109426,0.00557533582085822,9.664213699784329e-92
plot_10610,3,0.5242125168252512,5,0.0,0.008008488402342435,0.0,0.24490232406141904,0.26459080174374905,0.47578748317474895,0.0067109026177407
plot_10611,3,0.14435537975451765,5,0.003502687984520847,0.009824805464096188,0.0,0.0,0.13102788630590065,0.8556446202454824,3.033202218241169e-86
plot_10612,3,0.06354578523390333,5,0.0005280306976189595,0.0031638619858980923,0.0,0.0,0.059853892550386305,0.9364542147660967,1.2871628215177079e-85
plot_10613,3,0.009227218981826341,5,0.0037144367363355782,7.787145730666205e-05,0.0,0.0006092515166608414,0.004825659271523277,0.9907727810181737,1.4126777434835735e-107
plot_10614,3,0.0074271254307877385,5,0.0005337035752498547,0.00010540673420436472,0.0,0.0,0.006788015121333539,0.9925728745692123,3.78630003744887e-86
plot_10616,3,0.1301864648295448,4,0.07503543707188333,0.024055044957159807,0.0020107130427160233,0.012265706739791183,0.8698135351704552,6.296873847902233e-05,0.016756594279515428
plot_10617,3,0.11673286545364264,1,0.09000620629114353,0.8832671345322588,0.0003184028398955335,0.012361057470321245,0.013666194551828036,3.1725160021415436e-26,0.0003810043145528872
plot_10618,3,0.536810728608825,3,0.011160259641923423,0.33272576208235766,0.09766444733403991,0.46318927139117516,0.0942122873551349,0.000994802581717205,5.3169613651867444e-05
plot_10620,3,0.13103098559729806,5,0.0005292004108528125,0.019407211504878036,8.778472153747747e-05,0.0003017559633341793,0.11070503299669554,0.8689690144027019,3.9962409154006785e-67
plot_10621,3,0.6104070700293652,4,2.9309529334826734e-16,0.3895929299706348,0.0048386737407603245,0.006246601672071867,0.39774492950174206,0.2003197917737461,0.0012570733410446637
plot_10622,3,0.405980071444187,2,0.00981440003165433,0.006575290182801029,0.594019928555813,0.005256524252215662,0.046475647273294625,0.0001351320763198549,0.33772307762790155
plot_10623,3,0.4885961436597418,6,0.004155300969597955,0.012663473152463956,0.4401521768573357,0.008559700097373573,0.02212932822091781,0.0009361643620528033,0.5114038563402582
plot_10624,3,0.35750789295137564,6,0.00036791688272953344,0.0031436278467268236,0.14767644414604703,0.02216191784228732,0.18415798623358498,7.078829010866954e-21,0.6424921070486244
plot_10625,3,0.4705023609287942,2,0.0057195664687020266,0.0018931261166395903,0.5294976390712058,0.005281109909690242,0.0593911034800088,0.00010967653293353588,0.39810777842082
plot_10626,3,0.6252109821952083,6,0.00268395862130618,0.00033035763717409255,0.15281174105825812,0.004608013701380789,0.3747890178047916,2.3460350597541273e-05,0.46475345082649167
plot_10627,3,0.385246121189296,6,0.00031984881759241805,0.0008296655022519776,0.19440247934085625,0.012080039163679585,0.17754416985873603,6.991850617979433e-05,0.614753878810704
plot_10630,3,0.4800713582221224,4,0.0006124810182386733,0.15136818350028708,0.013017813643823291,0.001460204616003014,0.5199286417761687,0.2913163860492263,0.022296289396252895
plot_10631,3,0.3922804943814166,5,0.1222937651031502,0.0,0.0007253227086154116,0.016796117250041338,0.2521443417816676,0.6077195056185835,0.00032094753794207476
plot_10632,3,0.5752289139027398,2,0.01892765654747452,0.0,0.4247710860446377,0.00038920274828349355,0.34706257243151,0.12144417558657407,0.0874053066415203
plot_10633,3,0.7030596577499639,5,0.2439151878203353,0.0,0.09160152322545434,0.0006543200618354784,0.251090401064213,0.29694034225003596,0.11579822557812591
plot_10634,3,0.631699551385404,0,0.3683004486145919,0.0,0.08886715935816718,0.0056330643523885135,0.2818438302493546,0.17587274759864865,0.07948274982684912
plot_10638,3,0.1325827216860872,1,0.06077278742975712,0.8674172783139128,0.0003500587396998683,0.0297794041594317,0.04166227562245495,4.2156391209508304e-12,1.8195730527959412e-05
plot_10639,3,0.7110011886711187,1,0.28899881132888144,0.6192981480595408,0.0040928714159781795,0.0052019969248590465,0.08198914111196201,0.00012396787377666978,0.0002950632850019733
plot_10640,3,0.1548615318745567,1,0.1090964257371396,0.8451384681254305,0.004922826263004762,0.005154179023491114,0.035390371612208926,4.482588578243376e-11,0.00029772919389915893
plot_10646,3,0.1166923700351708,1,0.0005338359218952875,0.8833076299648293,0.03017762845224008,0.0013547415539010262,0.08283392039209331,4.160145074389048e-27,0.0017922437150411448
plot_10648,3,0.07465690092244026,1,0.0,0.9253430990775585,0.07325331889360769,0.00025348451015278796,0.0007656468519410771,3.1772954559950356e-32,0.0003844506667400213
plot_10650,3,0.05682557760529502,1,0.0,0.9431744223946834,0.0535309640869497,0.00017740195970185612,0.002825293689072521,3.1271632073680494e-29,0.0002919178695925493
plot_10651,3,0.42614522890366996,4,0.037076825335621275,0.0024290785035493904,0.3754135082653117,0.00010206987787623148,0.57385477109633,0.000862684102142908,0.010261062819168276
plot_10652,3,0.20029646002143653,4,0.008633650519799762,0.05497311524121967,0.11638327063552338,0.0,0.7997035399785635,0.013597200927260222,0.006709222697633484
plot_10653,3,0.2862086098061105,4,0.012046393921327695,0.0021312457623444848,0.1985192056417347,0.0,0.7137913901938895,0.007390106853072269,0.06612165762763139
plot_10657,3,0.6964293069760922,1,0.010489027394491687,0.31688302350924,0.2686171266176062,0.0002468375716767932,0.06401954914133987,0.03617374274173754,0.3035706930239078
plot_1068,3,0.4087651180029028,6,0.0001470372317926682,0.12380942160682959,0.2824673971777229,0.0,0.002341261986455439,1.0218278740220993e-13,0.5912348819970972
plot_107,3,0.13392111219933106,1,0.0,0.8660788878005992,0.0,0.0,0.1339211121994009,1.3303152411702132e-21,0.0
plot_10706,3,0.19557291250022257,4,0.003998171828076542,0.004365090238803539,0.021221030691016503,5.981395760520574e-05,0.8044270874997774,2.0155729159583616e-17,0.16592880578472075
plot_10707,3,0.5918574406259576,4,0.0056135594424602695,0.00867613293446472,0.02167036907948751,0.0005457360670812985,0.5553516431024637,1.3999050253472582e-16,0.40814255937404254
plot_10708,3,0.16809695426030064,4,0.0054459297335440835,0.0036096021965936094,0.019968957863007543,4.652713895887043e-05,0.8319030457396994,1.5610050233750305e-17,0.13902593732819657
plot_10709,3,0.30808135504242307,4,0.04633273649537744,0.01940273606215254,0.0,0.0,0.6919186449575769,0.2390506209845219,0.0032952615003712135
plot_10710,3,0.6737042744791149,4,0.05013187617828406,0.08269247088877238,0.00019892524747810533,0.001400532558721115,0.525417107402878,0.32629572552088515,0.013863362202981214
plot_10711,3,0.17892718632885363,4,0.017286825875970958,0.007234396615316514,0.0007132230782620869,0.0,0.8210728136711463,0.11804591208737197,0.03564682867193204
plot_10712,3,0.682266824245114,4,0.11648720064740067,0.0002821818205537967,0.057767091146232616,0.0,0.48745176697462955,0.02027858365629738,0.317733175754886
plot_10713,3,0.30542245710588634,1,0.0001423020467763121,0.6945775428941137,0.004783605930514214,0.16472527622799404,0.007074144666160947,0.12869712823444085,1.524695450674441e-93
plot_10714,3,0.6478598867557319,1,0.0001576471758040289,0.6090383179425922,0.00038384820525091495,0.3521401132442681,0.0066469455438440085,0.031633127888240686,2.9614178193575296e-239
plot_10715,3,0.24613025533495758,1,0.0016607953501828591,0.7538697446650424,0.0034969902957079566,0.10015900231631353,0.03395090207567385,0.10686256529707935,9.944803215633582e-239
plot_10716,3,0.22641084623398566,1,0.005946684859881571,0.7735891537658653,0.0012401895230362355,0.06384832751724846,0.06883635460532739,0.0865392897286411,3.9205007553070006e-239
plot_10717,3,0.2058950560253638,1,0.06768415007260709,0.7941049439746363,0.0,0.0,0.0030483646410900764,0.1351625413116667,0.0
plot_10740,3,0.6353594676318793,1,0.07880661040475567,0.36464053236799965,0.0005006640515283928,0.0757767392041289,0.32652151139001995,2.5074509867007856e-12,0.1537539425790601
plot_10741,3,0.6126080587682896,4,0.033488711677184646,0.20326067929753155,0.0003607158625827493,0.07066492162569832,0.38736051493120915,4.918459729474387e-12,0.30486445660087513
plot_10745,3,0.28956886601564863,4,0.023347223078428278,0.0007146748180158076,0.010944794442323588,0.0,0.7104311339843514,0.028818971605439142,0.22574320207144183
plot_10746,3,0.30676202300569805,4,0.01978726765814553,0.0067288281912202255,0.008612939335631488,0.0,0.693237976994302,0.08377480078190547,0.18785818703879542
plot_10753,3,0.7151095132035021,4,0.10926659641156844,0.27864014133782344,0.2775435219609844,0.039057478522348844,0.2848904867964979,0.006447847378608991,0.004153927592167937
plot_10754,3,0.07340440379547557,1,0.0,0.9265955962045115,0.02809839183335862,0.0006090864900217999,0.005519119488359056,3.864441806000197e-30,0.039177805983749064
plot_10755,3,0.48129530432852863,4,2.459100255004836e-16,0.1882697993499584,0.004176213098609219,0.0007271111894906662,0.5187046939590989,0.28684240719467935,0.0012797752081632103
plot_10758,3,0.08559181082942713,5,0.0564999252986742,0.0,0.0,0.026806101103340432,0.0008997854360779245,0.9144081891705729,0.0013859989913345724
plot_10759,3,0.02524061743259103,5,0.0002915226711657514,0.00013064193060326312,0.00011101157994278346,0.0,0.024556069026110832,0.974759382567409,0.00015137222476844362
plot_10765,3,0.44582782513939984,6,0.1186468663305634,0.041279677427157234,0.0012314327230859119,0.13105744823197613,0.15361240042463503,1.982209663833527e-12,0.5541721748606002
plot_10766,3,0.49317737440125115,6,0.12942282942012673,0.00985517319852281,0.05737349558741591,0.10948902676967337,0.1870368494253934,1.189630864962719e-13,0.5068226255987489
plot_10767,3,0.4101846787858614,6,0.02530186088108278,0.03547959388726494,0.0012396829426352838,0.2042921444071957,0.14387139666604093,1.641783813776408e-12,0.5898153212141386
plot_10768,3,0.706103420844696,6,0.04477226379800163,0.08748506111348663,0.005436096305743588,0.2938965791553041,0.2737595866997486,1.2553828070704374e-12,0.29465041292646027
plot_10775,3,0.5712278468286317,6,0.0,0.3238241813082249,0.1879187178476524,0.052041893972871525,0.007443053699882937,5.337748168462178e-32,0.4287721531713683
plot_10776,3,0.2891368084531344,1,0.0,0.7108631915468656,0.11312911254497063,0.0002899698463341146,0.08031938133369958,3.084323466748044e-29,0.09539834472813002
plot_10777,3,0.1695166953134264,1,7.730792567384695e-05,0.8304833046865736,0.10752139688185809,0.00026196109490596385,0.04114149230884469,1.7459439390990484e-19,0.020514537102143855
plot_10778,3,0.27357151064695673,1,7.157315578252913e-05,0.7264284893530433,0.19281733774555154,0.0019392653788634618,0.06616122100390597,1.616428291636489e-19,0.012582113362853191
plot_10779,3,0.26810211357845054,1,6.401355259461327e-05,0.7318978864215495,0.2207790022302883,0.003736692574394601,0.03822473352075263,1.4457001034235586e-19,0.005297671700420471
plot_10780,3,0.4046124407506835,2,0.0,0.07667207868086975,0.5953875592493165,0.09929158331468299,0.0002512855058720725,3.337317007025122e-34,0.22839749324925868
plot_10781,3,0.7156394760952169,1,0.0,0.707077184284159,0.0,0.284360523904783,0.00856229181105799,2.4704012451708052e-20,0.0
plot_10782,3,0.718894863332527,1,7.1149474064005e-05,0.7124257952070517,0.0,0.28110513666747317,0.0005310271501850062,0.005866891501226039,7.701830670446102e-108
plot_10783,3,0.21560202078416682,1,2.2625455842388028e-05,0.7843979792155618,5.3927823701599937e-05,0.20878626879444342,0.0015585435921530366,0.005180655118297881,5.095665030180664e-240
plot_108,3,0.5853052068287473,2,0.13732441201034445,0.02089816437484566,0.4146947931712527,0.08564064276947395,0.06812524166777678,1.2796416793357591e-11,0.2733167459935101
plot_10810,3,0.12013592119317341,1,0.0,0.8798640788068266,0.11459429795268034,0.0022953893631879854,0.0004430858258521923,2.7262559438513354e-32,0.002803148051452903
plot_10811,3,0.26530879820245673,1,4.484525052406203e-65,0.7346912017975433,0.0,0.26443283525958916,0.00012678495053071318,0.0007491779923368294,7.304118264845949e-241
plot_10812,3,0.005253277763194997,1,1.5745531853273068e-05,0.994746722236805,0.0,0.0029746823714070668,0.00023123368725368814,0.002031616172681013,3.1088193559586094e-242
plot_10813,3,0.0005537634902520499,1,0.0,0.999446236509748,0.0,0.0002725710024182386,7.296542245497644e-05,0.00020822706537883856,0.0
plot_10814,3,0.0008961005924840239,1,0.0,0.999103899407516,0.0,0.00011338266232361078,0.00023291357253172378,0.0005498043576286961,0.0
plot_10815,3,0.0036987397568081556,1,0.0,0.9963012602431919,0.0,0.00030756974733763996,2.823172649105043e-14,0.003391170009442317,0.0
plot_10816,3,0.015720286340444128,1,0.0,0.9842797136595558,5.634485757186397e-05,0.009007595986552088,8.976526955628237e-15,0.006627175239581204,2.9170256729921417e-05
plot_10817,3,0.060513909919971534,1,0.0,0.9394860900791628,0.0005223625663415503,0.05981289949141762,8.663150596934757e-13,5.363643304965657e-25,0.0001786478622116261
plot_10822,3,0.15170108104477037,0,0.8482989189552297,0.00176882626806095,0.000636364112928017,0.02758775753433273,0.014742130336844739,1.6128526620352772e-17,0.10696600279260393
plot_10845,3,0.34667497662758207,6,0.08849577427286862,0.12663346577366363,0.0037255900567357836,0.016140723825173384,0.11167942269758813,1.552585349602807e-12,0.6533250233724179
plot_10846,3,0.02963946845360436,1,4.817668207494814e-05,0.9703605315463956,0.021400728940627674,6.170461063898459e-05,0.007942711787006397,2.661213591268582e-28,0.00018614643325628354
plot_10847,3,0.035597200495160346,1,5.277139602264805e-05,0.9644027995048396,0.014557894357229324,0.00010280872866317923,0.02065425339487474,4.885646951722754e-28,0.0002294726183704479
plot_10848,3,0.5799272081947257,1,0.0,0.5563967918662193,0.4200727918052745,0.007691125616059564,0.0001441103283225313,1.3164964080408586e-31,0.01569518038412426
plot_10849,3,0.15412665768049602,1,0.0,0.845873342319504,0.147652086265815,0.0020292491642948753,0.0003639773519637093,8.91915214332378e-32,0.004081344898422437
plot_10850,3,0.19962457865081173,1,0.0,0.8003754213491883,0.17542297519432504,0.0026874979571573656,0.002986837057474846,2.908424656470571e-30,0.018527268441854497
plot_10851,3,0.29876291868598,1,0.0,0.7012370813140201,0.23321830314808079,0.00759249195668238,0.0004522149744725884,2.088593828610276e-31,0.05749990860674422
plot_10852,3,0.4966110547750239,2,0.0,0.3622279996433933,0.5033889452249761,0.05091905268628255,0.00018863264516831322,3.657741905093828e-32,0.08327536980017958
plot_10854,3,0.42818798911864026,4,0.050540092554249454,0.0,0.09848723433972166,0.04899582871759501,0.5718120108813598,0.0015545756557394208,0.2286102578513347
plot_10855,3,0.0317289439836949,1,0.0,0.9682710560155786,1.8732663806759366e-05,0.03171021131988745,7.270772833346805e-13,2.5331278879963662e-25,0.0
plot_10856,3,0.002539807849571794,1,0.0,0.9974601921503427,0.0,0.002511362006236139,3.44141536664886e-13,2.8445843077064876e-05,0.0
plot_10881,3,0.017682885215363334,5,0.009385338745898848,0.0003720505464987267,0.0,0.0014862496293060186,0.006439246293659757,0.9823171147846367,2.6691650065729714e-68
plot_10882,3,0.36469625592261634,4,6.350636194062268e-05,0.06265158270499552,0.17693852593400805,0.023560264084653147,0.6353037440773837,7.617931321503783e-18,0.10148237683701905
plot_10886,3,0.22986018107714992,6,0.02049796360878863,0.010713471718976422,0.01678298439001457,0.13717281790999408,0.04469294344917801,1.9822025655859818e-13,0.7701398189228501
plot_10887,3,0.6348439823387999,1,0.0866817869460805,0.3651560176597574,0.002525301908833921,0.009355165513211467,0.17544356592424656,1.3430938695788569e-12,0.3608381620465271
plot_10888,3,0.29395731058405633,6,0.09309901293050202,0.12041724277894023,0.032869699400474586,0.0014445891898186211,0.04612676628396742,3.5346789360278104e-13,0.7060426894159437
plot_10889,3,0.0015180735633532093,5,0.0006666763874870692,0.0,0.0,0.0,0.0,0.9984819264366468,0.0008513971758661435
plot_10890,3,0.000353349150806311,5,0.00035334915080630736,0.0,0.0,0.0,1.7882298549236124e-307,0.9996466508491937,0.0
plot_10891,3,0.7039916451807939,4,0.1549839108284951,0.0,0.296008354819206,0.0032436316972014384,0.30073314358424985,0.020523079290451662,0.224507879780396
plot_10892,3,0.4333256318604901,4,0.21303550325933054,0.0,0.08545524387419548,0.008312631638917224,0.5666743681395099,0.0005961317438283702,0.12592612134421852
plot_10893,3,0.5419202324375822,6,0.08139951550097814,0.0,0.12527701787630946,0.01212197892251182,0.31315505830479373,0.009966661832989063,0.4580797675624178
plot_109,3,0.2231320473347991,4,0.00042147328986888915,0.08980543277656472,0.03516627144807649,0.08964811871007503,0.7768679526652009,0.008090751110214005,8.189799747135275e-82
plot_10900,3,0.7234561569520513,1,0.0,0.31184845840945896,0.28807275852412195,0.0023822097125336117,0.27654384304794866,7.38133036179857e-28,0.12115273030593685
plot_10906,3,0.5276565615066073,6,0.0005265288406587798,0.18423530184222967,0.259796316149656,0.0,0.08309841467406302,2.4119133153734144e-17,0.4723434384933926
plot_10909,3,0.19694223897781077,1,5.551105357886487e-17,0.8030577610216723,0.004450464598954767,0.019595281897932037,0.04002001906146431,6.0077569346256255e-22,0.13287647341997655
plot_10910,3,0.6951533983562688,1,1.7348688917408674e-17,0.5163564715562402,0.00527308458346365,0.02338127045568326,0.15014257176088178,1.09847346665173e-21,0.30484660164373123
plot_10911,3,0.6937114234609908,1,1.7275755040520138e-16,0.3853683213287866,0.043818797349973515,0.13754022557527587,0.3062885765390092,0.00020397940807272355,0.12678009979888194
plot_10912,3,0.028362457310650693,5,0.008492712992234282,0.0012647958762783593,0.0,0.0013513103061205984,0.017253638136017463,0.9716375426893493,5.833759636503614e-68
plot_10913,3,0.07338256020616188,5,0.0001026502108424492,0.0005336097526631677,0.00022323351613372255,0.0,0.07206016422101305,0.9266174397938381,0.0004629025055094972
plot_10916,3,0.5998515378501282,1,0.0,0.4876053230941036,0.08693652510452354,0.008185542362664375,0.4001484621498719,0.017124147288836742,1.2927733434509384e-90
plot_10917,3,0.025463643579754558,5,0.0002664451625907913,0.00022090514486478027,9.225848873217114e-05,0.0,0.024758233739204105,0.9745363564202455,0.00012580104436276857
plot_10918,3,0.012020933111109217,5,0.006761688879213813,3.3677881484020935e-64,0.0,0.0010816983543143876,0.004177545877581045,0.9879790668888908,1.8777530971634396e-69
plot_10930,3,0.38492436135656594,2,0.0,0.21579576689552846,0.6150756386434341,0.0338121679854813,0.10178253157649454,6.787391790748107e-24,0.03353389489906167
plot_10931,3,0.3341323523854136,2,0.0,0.18769276875594817,0.6658676476145864,0.05224459801022453,0.07888693010135245,5.191115247384114e-24,0.015308055517888428
plot_10932,3,0.4269681489475103,2,0.0,0.32608040741887045,0.5730318510524898,0.011369078124952366,0.07958778771288902,8.480151575376929e-27,0.009930875690798495
plot_10933,3,0.37348359044725415,1,0.0,0.6265164095527459,0.2988924868591805,0.009919713421567921,0.06226930728536191,1.0699586088398296e-26,0.002402082881143735
plot_10934,3,0.127820137174454,1,0.00012601027440846982,0.8721798628255459,0.10032749759186727,0.0037860848132293626,0.016186558305644336,2.846065423099169e-19,0.007393986189304532
plot_10935,3,0.09833768323643585,1,0.0003224390866045908,0.9016623167635642,0.058705508304476677,0.010313760546247266,0.01895520341307688,7.282426823085808e-19,0.01004077188603049
plot_10936,3,0.045624061223227756,1,0.0,0.9543759387767723,0.0,0.0452559563069929,0.0003681049162349079,1.062106606093612e-21,0.0
plot_10937,3,0.7209234011870433,2,0.08046396951987864,0.1027603446529005,0.39197220294484664,0.2790765988129567,0.09407817366011006,1.1038315108711135e-25,0.05164871040930748
plot_10938,3,0.5633511252452708,2,0.0523076364380842,0.2919735615737237,0.43664887475472913,0.10262250166672035,0.10528934470584433,2.2989331316187763e-26,0.011158080860898293
plot_10942,3,0.0015779897767848833,1,0.0,0.9984220102230884,0.0,0.0015779897766306677,2.8096171801997033e-13,1.7455123231794822e-26,0.0
plot_10943,3,0.0006260234146520869,1,0.0,0.9993739765843108,0.0,0.0005922065785554473,1.037761203278034e-12,3.3816836095996666e-05,0.0
plot_10944,3,0.3334646470298658,1,0.051100676274178164,0.6665353529701342,0.20510182844710123,0.0,0.07726214230858641,7.303855248304076e-23,1.6194658409263495e-103
plot_10945,3,0.42913658550576456,4,0.007849349293872106,0.23203719934487727,0.01044690369354377,0.11561036605931362,0.5708634144942355,0.06305581091255097,0.00013695620160679247
plot_10967,3,0.36199780081598615,1,1.0407189265109598e-65,0.6380021991406725,0.03165802141483658,0.0013404675328857528,0.3264773894163513,0.002521922495254082,1.054963197331454e-90
plot_10970,3,0.6899809324724434,3,1.0426744402498723e-15,0.2949545904657863,0.13011422344486157,0.31001906752755654,0.20687577947848218,0.00020634745174401493,0.057829991631568364
plot_10971,3,0.31209052901106027,1,5.691183787462091e-16,0.6879094709886983,0.049509785562504266,0.09690678084671765,0.12117128584466279,4.99148635453846e-21,0.04450267675741652
plot_10972,3,0.3177437901134292,1,6.805969664174433e-17,0.6822562098292727,0.00825168409524237,0.028153927500683185,0.13614102249764906,1.3914990702465643e-21,0.14519715607715247
plot_10989,3,0.1615923460438317,2,0.011818041993272289,0.06910490122998134,0.8384076539561682,0.006806077467751397,0.06931071429228806,3.575291678420541e-22,0.00455261106053863
plot_10994,3,0.37286545293033563,1,0.021309670620571507,0.6271345470572782,0.06075036966939168,0.07507647380507311,0.2047638800260145,7.045744341460961e-19,0.010965058821671094
plot_10995,3,0.45883607960974043,1,0.25397477263649176,0.541163920389853,0.07757815035438609,0.0628104805584234,0.03416641002989013,2.0112509710835788e-19,0.03030626603095555
plot_110,3,0.2773617648934676,4,0.0005702358072977153,0.07835088085363952,0.12800573632856924,0.06455928694755918,0.7226382351065325,0.00587562495640189,6.005547234628679e-82
plot_11003,3,0.14639662935003064,1,0.005032226866457568,0.8536033706499694,0.03542687653653515,0.020580510990520953,0.06588158923631197,0.00012321148574247188,0.019352214234462525
plot_11015,3,0.2232626499260032,1,0.00887856202599459,0.7767373500739968,0.07328088279051956,0.020168421971325297,0.061701405430036015,0.00022820016766790142,0.059005177540459884
plot_11016,3,0.16091155499241067,1,0.0003618875039390057,0.8390884450075894,0.03091975954471817,0.07060655598701904,0.019595118819374244,7.593262455940052e-23,0.0394282331373602
plot_11017,3,0.43950181993160525,6,0.0326440613849959,0.016457005046939983,0.004388997438641415,0.18232175719925348,0.2036899988617745,6.6281231054069144e-18,0.5604981800683948
plot_11029,3,0.5291609296009668,0,0.47083907039903317,0.3320599887800283,0.11046720598410639,0.01178816538497229,0.06333656957428567,5.728215883042824e-21,0.01150899987757411
plot_11030,3,0.3500251236927311,1,0.21876581305559656,0.6499748763063241,0.06413702880024821,0.02107725722165386,0.041287839564502,1.577394004753836e-19,0.0047571850516752254
plot_11031,3,0.3793050691644188,1,0.1907927833553441,0.6206949308348274,0.05102564285439194,0.01006905410944024,0.12669108256429987,1.2598127053485898e-21,0.0007265062816962743
plot_11032,3,0.48575558197410906,1,0.027145007182520834,0.5142444180258049,0.12271307381984456,0.1664923017199162,0.08551400142267349,5.507178301187488e-18,0.08389119782924001
plot_11033,3,0.6807840135022833,3,0.01144472907733185,0.2506814634182425,0.1150567067107968,0.3192159864977166,0.19533357655103983,6.011119270285452e-17,0.10826753774487247
plot_11034,3,0.5349803775743518,4,0.004312452177039543,0.23451432812030915,0.10003300326199291,0.09168650976064649,0.4650196224256482,1.421670995808671e-17,0.10443408425436368
plot_11035,3,0.4959586992650358,0,0.5040413007349642,0.10529530240725868,0.18034812985869356,0.017287154315879474,0.08972881099258567,5.85494956672972e-16,0.10329930169061785
plot_11042,3,0.5110919360812088,1,0.13157490232846825,0.48890806391878305,0.00012365202520051645,0.27363204048941236,0.014303243950005609,4.281835863617069e-16,0.09145809728812979
plot_11043,3,0.5881247937111778,1,0.13545422453360928,0.4160350177954233,0.00021586831250308596,0.4118752062888223,0.005823644083843743,3.9111895437448396e-16,0.030596038985797953
plot_11044,3,0.4902121314738557,1,0.1481089411841948,0.5097878685261367,0.0015554634371856139,0.26123812953294073,0.00989570342813335,2.228366021702925e-16,0.06941389389140877
plot_11045,3,0.6897400729012632,1,0.3102599270987368,0.3451581314803667,0.00030218618556396076,0.27626535820961273,0.008735800877506226,4.443376023292214e-17,0.05927859614821358
plot_11048,3,0.5129179646397185,2,0.12677533568618413,0.0002554171737188281,0.4870820353602815,0.0,0.38540595094887886,5.37930954483748e-13,0.000481260830398811
plot_11054,3,0.0170993402954003,1,0.0,0.9829006597045997,0.0,0.017059893302330646,3.944699306967645e-05,2.1498154616240862e-24,9.35360197102382e-108
plot_11055,3,0.6202341252315726,4,7.74161203072631e-16,0.34996881076338104,0.25393090199597573,0.009921262078981523,0.3797658747684275,5.019390032347015e-22,0.0064131503932335415
plot_11056,3,0.7127048612714367,1,2.0135300304051903e-66,0.70283865900635,0.009833975101718358,0.2872951387285633,1.609851572266007e-14,3.222716335223004e-05,3.2795137277708364e-242
plot_11057,3,0.08988219406545718,1,1.385612234966612e-65,0.9101178059345427,0.023906576415693135,0.06561245795678135,7.044766527671136e-14,0.00036315969291213733,2.2567998874224885e-241
plot_11058,3,0.3616506268203089,0,0.6383493731796911,0.012730965297580034,0.03439907932212834,0.005593292135416908,0.30885360948392165,7.36805812619887e-05,1.5857919904652995e-103
plot_11059,3,0.04118394763457865,1,0.0,0.9588160523652138,0.0,0.04109165139371226,9.229624107390046e-05,5.178193515446417e-24,2.188512331601331e-107
plot_11070,3,0.6278046581742356,0,0.38494370207856654,0.07664347074397526,0.37219534182576447,0.011857972354613685,0.10503471353414338,3.1622924213394123e-16,0.04932479946293643
plot_11074,3,0.5795982690989431,2,0.17869270368448453,0.0009373288415449025,0.42040173090008626,0.15678976603453382,0.0342215010190793,1.1771008608810497e-15,0.20895696952027
plot_11085,3,0.45000796220167155,2,0.05152864466556412,0.0,0.5499920377983285,0.0,0.394034547282165,1.7871513232716857e-13,0.004444770253763646
plot_11086,3,0.36925106847234107,1,0.000456827408405479,0.6307489315274036,0.05939830850201894,0.08952418223058449,0.20911908891075484,0.010380908288744673,0.0003717531320878382
plot_11087,3,0.727842563487807,1,0.011903229183662507,0.31266522463690993,0.13524617942081277,0.002126436733570171,0.2659014935128517,0.272157436512193,2.781439576514373e-102
plot_11088,3,0.41725364274613064,1,0.004325969638200287,0.5827463572538694,0.12005849229910907,0.0002529431986423356,0.19534483940825037,0.09727139820192865,8.288999059842076e-102
plot_11089,3,0.5057099133123137,2,0.14764931527818337,0.16696598482322772,0.49429008668768626,0.002375114204023479,0.1693096489782647,0.01940985002861445,1.193897308760222e-101
plot_11090,3,0.5218963798990266,4,0.059346789728284305,0.1407490442388813,0.2496691889829558,0.0012361865679881812,0.47810362010097346,0.07089517038091706,5.253056882391902e-102
plot_11091,3,0.5126927114354065,2,0.032554319864379344,0.2784798188696486,0.4873072885645935,0.0003253209867362578,0.1549662661958371,0.046366985518805255,1.3769825984109545e-101
plot_11095,3,0.014607200027148146,1,0.0,0.9853927999728519,0.0,0.014208374578119656,0.00039882544902853246,1.7905713317508535e-24,4.4821681376870526e-101
plot_11096,3,0.24866698193031012,1,0.016596333928501253,0.7513330180035154,0.011283993311249326,0.0001677812269701282,0.22044113195646797,0.00017774157329600692,8.081175442431594e-102
plot_11097,3,0.5205068101039567,4,0.07675252147800053,0.3614460227808784,0.08075244405341807,0.001070458846405331,0.4794931898960433,0.0003652070697049381,0.00012015587554941031
plot_11098,3,0.5315504039659997,6,0.23556389848267084,0.009072031913744614,0.18922050462744575,0.08796358447983156,0.009730384462306734,2.139918250680149e-16,0.46844959603400027
plot_11099,3,0.5864151691877807,6,0.41358483081221936,0.000586725063125156,0.03854848077356243,0.013907500285498251,0.0019761667412636083,1.8987367864690724e-17,0.5313962963243313
plot_111,3,0.4170376769103473,2,0.015121249702173368,0.01896121055607064,0.5829623230896527,0.0003163271908490634,0.31609008192398913,5.616948785781298e-10,0.06654880697557021
plot_11131,3,0.41096711500941285,6,0.3719565537444849,0.00043964896660456386,0.012053428164422519,0.01303459795951984,0.013482886174380704,2.9205286455993745e-16,0.5890328849905871
plot_11179,3,0.49191099212557937,1,3.0561007075668354e-05,0.5080890078744207,0.08280777430339051,0.1570116942690966,0.1368540572504548,1.1004687512184193e-21,0.11520690529556185
plot_1118,3,0.16486852988919687,1,0.0,0.8351314701108031,0.0002954050928672468,0.1417661905099972,0.022806934286332375,4.092660980563895e-24,1.753203890419247e-107
plot_11180,3,0.48035639370275407,2,0.0,0.02798000656867713,0.5196436062972459,0.06720557567621467,0.029995308376536124,0.0001692031885592933,0.35500629989276694
plot_11181,3,0.1393476111786996,1,0.0004634296938889072,0.8606523888213005,0.02652764974776972,0.07438531627922221,0.0215887384319268,7.50202945835709e-23,0.016382477025892003
plot_11182,3,0.2376345861447508,1,0.013871024446028135,0.7623654138552491,0.09447623795899614,0.01871575093975289,0.05875505915495677,0.0003580208906816639,0.051458492754335214
plot_1119,3,0.030733597524879874,1,0.0007123513773395514,0.9692664024728334,0.001727730370172441,0.011652585007029223,0.015777112831144628,3.5405930311514454e-20,0.0008638179414806434
plot_11190,3,0.4872926581254867,4,0.3558899054642196,0.0,0.1272782454740563,0.0,0.5127073418745133,4.3185688016254606e-05,0.004081321499194613
plot_112,3,0.28123635132822306,2,0.012217399391430944,0.07218479905863458,0.7187636486717769,0.0001514530434663996,0.18749546044109083,4.6259427347871515e-10,0.00918723893100596
plot_11216,3,0.6127299393154966,2,0.15740604520449406,0.004806644387861327,0.3872700606845034,0.1661092415458459,0.07917122476882835,1.1736414283411525e-15,0.2052367834084658
plot_11217,3,0.5609480944378263,0,0.4390519055621736,0.32939066882054324,0.11154422357886158,0.0019052205809447162,0.11224896040958714,5.630859728357749e-21,0.005859021047889796
plot_11218,3,0.7128792652896243,4,0.21353177332341527,0.25840135382344764,0.23197473542053865,0.0023936895272875084,0.28712073471037575,3.755920944790436e-17,0.006577713194935136
plot_11221,3,0.6723583292136563,3,0.1598745642940509,0.0076615882103099504,0.21582556703903305,0.3276416707863437,0.13467565771594608,1.31661162887692e-15,0.15432095195431506
plot_11222,3,0.7190513823563125,1,0.022517454152228118,0.3873614575833103,0.28094861764368745,0.12522148694350266,0.15340050245726664,1.493466566339464e-17,0.03055048122000478
plot_11256,3,0.3231001170383077,1,0.009467205551128167,0.6768998829616923,0.221022999944625,0.08041389500354328,0.011417988776401242,2.5519905896831795e-23,0.0007780277626101275
plot_11257,3,0.39336334091859226,1,0.04180946141475869,0.60663665908077,0.0914131779063512,0.09479790381765049,0.1471260598417677,1.8801713427330234e-18,0.01821673793870199
plot_11294,3,0.3117046399143516,2,0.0012481249929202267,0.27862765347931984,0.6882953600856484,0.017380381072534118,0.013936573671347773,2.8590261310450524e-23,0.000511906698229679
plot_113,3,0.2667242616592751,1,0.0011935920697984535,0.7332757383406123,0.24322005034464653,0.0,0.0012415903041702652,8.361395088785692e-07,0.02106819280126369
plot_11326,3,0.5098368002885065,1,0.045239274021347954,0.4901631997114936,0.20404640802400806,0.07848770374364954,0.011100062395577795,0.011953348381811868,0.1590100037221113
plot_11330,3,0.44394542539737175,1,0.013863094382384047,0.5560545746026282,0.20176265947924393,0.009689950317134996,0.06657225513828997,0.00230681862728096,0.14975064745303768
plot_11331,3,0.49435789796322094,2,0.0005180885858007506,0.026722286981056033,0.5056421020367791,0.04914742740586277,0.03826945225686619,0.0014385903667317973,0.37826205236690347
plot_114,3,0.03890360715228825,1,0.000479735978561154,0.9610963928477118,0.006899003877896332,0.006780851904975379,0.023237472629735148,0.0009696603910053159,0.0005368823701149239
plot_1141,3,0.12314685257319676,1,0.0,0.8768531474251251,0.0004773273830366695,0.1062063218303788,0.01646320336145945,3.060360828117458e-24,2.117891161427992e-107
plot_1144,3,0.09988916780465909,1,0.000241472510590756,0.9001108321953053,0.0,0.08566882789450403,0.013978867399432254,1.6781011716667012e-13,0.0
plot_1145,3,0.6315748875733834,1,0.0031655309207246165,0.42255847941311947,0.1652862478499438,0.007817633791606722,0.3684251124266167,2.2003864144941483e-12,0.0327469955957884
plot_11455,3,0.660092619781965,5,0.33990738021803496,0.19491725823903375,0.0,0.0,3.4669700970876423e-09,0.4651753580759613,0.0
plot_1147,3,0.3264971067412321,6,0.23717927572780467,0.0034036901753709517,0.019264441611995926,0.0,0.06659196952307928,5.7729702981345474e-05,0.6735028932587679
plot_11471,3,0.5537884595283541,6,0.0,0.3630557194018747,0.11054147037071821,0.008370869120730996,0.07182040063503026,1.7635580310634095e-29,0.44621154047164596
plot_11472,3,0.005650185346225648,1,0.0,0.9943498146537744,0.0,0.005650185345862724,3.629389059523698e-13,7.078999292920404e-25,0.0
plot_11473,3,0.0005011088475711084,1,0.0,0.9994988911521512,0.0,0.000501108847333373,5.154487918599582e-13,2.7121070178613475e-26,0.0
plot_11474,3,0.0020404991392525213,1,0.0,0.9979595008607475,0.0,0.0020404991387956255,4.568897246531796e-13,4.8608192391349345e-26,0.0
plot_11477,3,0.035411680679881916,1,0.00019229103386880485,0.9645883193201181,0.014518419980593915,8.036409207322737e-05,0.014921069006720035,3.091958692610397e-29,0.005699536566625968
plot_11478,3,0.02350451726916861,1,0.000150684958852754,0.9764954827308314,0.009691131521493868,3.138349121051264e-05,0.01111794151125212,2.4246901214548377e-29,0.0025133757863593834
plot_11479,3,0.05573530214838921,5,0.05498063513108463,0.0,0.00015284258730403785,0.0,0.00010739721632791817,0.9442646978516107,0.0004944272136725531
plot_1148,3,0.35339177553286155,6,0.1719832626176005,0.0092892166716305,0.08050292827309452,0.0,0.09144742444672575,0.0001689435238103217,0.6466082244671385
plot_11481,3,0.009194171736567697,1,0.0,0.9908058282632538,0.0,0.009194171736458954,2.8730736891204345e-13,1.2949898764046704e-29,0.0
plot_11482,3,0.05744327132526087,1,0.0,0.9425567286747392,0.0,0.05700511760399087,0.00043815372127002026,1.2642192230166709e-21,0.0
plot_11483,3,0.08193402322144352,5,0.08166626314946682,0.0,0.00013690939096786114,0.0,0.0001308506810088633,0.9180659767785565,6.548340315291389e-250
plot_11484,3,0.7183387445773686,2,7.841851411099341e-05,0.20507400631984318,0.3471182669308599,0.07837930713669436,0.08768874567586006,3.9249485201771526e-19,0.2816612554226315
plot_11485,3,0.41362885112902303,2,0.0,0.20220140356189142,0.586371148870977,0.06067557239576042,0.07898717228212807,1.2003674245047258e-24,0.07176470288924319
plot_11486,3,0.06229645305291027,1,0.00010949732339215511,0.9377035469470898,0.02560944891351169,0.0006165158705628197,0.03588189649474273,1.6244782679635273e-28,7.909445070093584e-05
plot_11487,3,0.1935400837099626,1,0.0003370914850643354,0.8064599162900374,0.08218314674046495,0.00015680652153215338,0.11079424548086456,6.879348203663618e-05,3.234353417050102e-106
plot_11488,3,0.23458557090578933,1,0.009831635029824627,0.7654144290744233,0.16463229802762003,0.0015058161864970408,0.058431941000536676,0.00014662579559879211,3.725488549963948e-05
plot_11489,3,0.1330438464143033,1,0.0038788231781584385,0.8669561535856891,0.10122595504667813,0.0003253608425279708,0.02744787203355468,3.8242274127228e-05,0.0001275930392644993
plot_11490,3,0.1524906052130544,1,0.010802872183202923,0.8475093947869154,0.09990786066553844,0.002820916797937777,0.03848695653801902,0.0001560770562939315,0.00031592197209242423
plot_11491,3,0.5842010699981441,1,0.05243007894066018,0.4269964868028122,0.4157989300018559,0.008055486506449707,0.09423296103063772,0.0020403537578625726,0.00044570295972167244
plot_11493,3,0.00701296319881029,1,0.0,0.9929870368007954,0.0,0.00701296319881063,3.94061999294363e-13,5.631206363181064e-26,0.0
plot_11494,3,0.3718785424236401,1,0.00048457271235198736,0.6281214575746612,0.1018723913536616,0.1661931367015805,0.016290752077276496,2.5771463755472037e-24,0.0870376895804682
plot_11496,3,0.1919371481584163,1,0.0014655111128611133,0.8080628518415838,0.0963810210961806,0.005354342195575147,0.08854916656090298,5.8399273914747236e-05,0.00012870791898177795
plot_11497,3,0.5343748897807117,4,0.06343601944043742,0.0008627480217944384,0.17639254948637378,0.06536034661756768,0.46562511021928826,5.279258960345979e-16,0.22832322621453788
plot_11498,3,0.5715074052758798,6,0.07206925019497018,0.007199672598639261,0.0898603333664286,0.10004009105355366,0.30233805806228753,5.968250132390578e-16,0.42849259472412016
plot_11499,3,0.12366704508236258,1,0.03904714838193139,0.8763329549176374,0.001683690521039407,0.004162246602803011,0.02039997636665132,0.05820862401536213,0.00016535919457530637
plot_115,3,0.04013481696815818,1,0.0005285080694695559,0.9598651830316083,0.000589215186044349,0.0005667479072174728,0.03831214351705122,0.00013820228860916549,2.5365214466523107e-261
plot_11500,3,0.3205586706319758,1,0.08850962130555087,0.6794413293679455,0.007121431133898532,0.008768168217518269,0.09268076907469659,0.1231775116251807,0.0003011692752095807
plot_11504,3,0.05072260162246801,1,2.56285517642736e-66,0.949277398377532,0.0,0.050581365555227596,6.946148835874596e-05,7.177457888165703e-05,4.1742207001952295e-242
plot_11505,3,0.19000485791493157,1,1.491516277241904e-05,0.8099951420850685,3.555032323215218e-05,0.18529058582465344,0.0011198697424742365,0.003543936861799379,3.4834074253225686e-240
plot_11506,3,0.49256968727685324,2,0.10760675523531817,0.00744606648572502,0.5074303127231468,0.0,0.37751686555568137,1.2874825977494949e-13,5.176475089422613e-105
plot_11507,3,0.30069218902696915,4,0.02598448339239031,0.027386363948948313,0.24725845751046927,6.288417515552679e-05,0.6993078109730309,5.730068515471021e-15,4.841785556939296e-104
plot_11520,3,0.11451883183828426,1,0.00017757846486482633,0.8854811681617157,0.016437944083559478,0.09301964938564991,0.0006053545685413874,1.4192520509444212e-24,0.004278305335668656
plot_11521,3,0.18721314017733037,1,0.00016574797454836892,0.8127868598226696,0.021139325420373375,0.1591938885965431,0.001026593341037582,2.4687125367734462e-24,0.0056875848448278855
plot_11522,3,0.02640739483354523,1,0.0034188229441499346,0.9735926051664547,1.6233585719207177e-05,0.0,0.000256924637343365,0.022715413666332694,4.129456545253986e-107
plot_11523,3,0.03937938869475061,1,0.010240575472113813,0.9606206113052494,0.00013236409883233654,0.0005573359156831056,0.005148876670823686,0.023300236537297736,1.837351916566686e-105
plot_11542,3,0.5843032722950214,5,0.14212224991906675,0.36433108442589923,0.0055114098244012704,0.0008623874862758442,0.0714761406393784,0.4156967277049786,3.689938732622746e-104
plot_11543,3,0.04459725195222131,1,0.0004630511873157696,0.9554027480477787,0.0004988441096596761,0.0002432480942464039,0.036704732929483286,0.00010273631752371145,0.0065846393139924785
plot_11544,3,0.6474366238029653,2,0.025888720684141397,0.1112779092473232,0.47220896993216765,0.03759694809258135,0.3525633761970347,0.00016939941045395558,0.00029467643629778784
plot_11545,3,0.3153268316549782,2,0.03933227878505369,0.048396992597722385,0.6846731683450218,0.044435746662037284,0.18300109137785936,2.5975344542542118e-05,0.00013474688776291457
plot_11546,3,0.1771998245737717,1,0.0036946906942985597,0.8228001754262084,0.007350294257689889,0.0033810577232183236,0.13000978584302672,3.667492111368242e-12,0.03276399605189071
plot_11547,3,0.006173618024330372,5,0.0,0.0,0.0,0.005154804803666675,0.0,0.9938263819756696,0.0010188132206637084
plot_11548,3,0.0036693648926019776,5,0.0,0.0,0.0,0.0029053851313566403,0.0,0.996330635107398,0.0007639797612453696
plot_11555,3,0.2531342472648244,1,0.00566776717813654,0.7468657527351323,0.11931533975515272,0.002565626438729893,0.11189602214573072,0.0004475630155286275,0.013241928731589116
plot_11556,3,0.12566139334702142,1,0.00033936345695629786,0.8743386066529786,0.013954095023434148,0.006927377103533176,0.09414590656192431,9.635744582593635e-13,0.010294651200209937
plot_11557,3,0.6590921517677465,1,0.0059686961315006965,0.5355268449563714,0.01539018711959952,0.005141269238068435,0.3409078482322536,6.3062315736924015e-12,0.09706515431590021
plot_11568,3,0.012757967349387746,5,0.0,0.0,0.0,0.01241819843495034,0.0,0.9872420326506123,0.00033976891443743295
plot_11569,3,0.019459172102773793,5,0.0,0.0,0.0,0.018698478120550928,0.0,0.9805408278972262,0.000760693982222844
plot_11571,3,0.3351199774361574,1,0.008513502839941013,0.6648800225633364,0.19350936517127998,0.0003796275884441033,0.11477172880088485,0.0010341133534762488,0.016911639682637255
plot_11577,3,0.00792540202692495,1,0.004012092805738984,0.9920745979730751,0.0,0.0,0.0023731587176839515,7.473456404227832e-05,0.0014654159394597549
plot_11578,3,0.5720654727548704,5,0.13446110772348813,0.4062721724592348,0.0036621799803516607,0.000292668490930749,0.02737734410086516,0.42793452724512954,8.679676856970571e-105
plot_11579,3,0.1931215449515265,1,0.04083391227530213,0.8068784550484736,0.0008456660270829981,0.000289317505689034,0.010870560183718476,0.14028208895973387,3.53387532304152e-105
plot_11580,3,0.02439539955238318,1,0.003716322899721778,0.9756046004476169,2.1145079249554325e-05,0.0,0.0003911265634150362,0.020266805009996863,6.286435447449437e-107
plot_11581,3,0.34804960502211957,2,0.00011726933137985032,0.16481620598870544,0.6519503949778804,0.11078158091160831,0.06815703161971168,0.0003423590848192179,0.003835158085895139
plot_11582,3,0.7225585973928701,1,3.947390783461584e-05,0.35620809515993057,0.2860191443300092,0.2774414026071299,0.07903904606556897,0.0007587016967695236,0.0004941362327571799
plot_11583,3,0.24879915532366745,1,0.0024484549133076804,0.7512008446696806,0.02924118935181788,0.00013397663634933822,0.14145015890921592,0.07552537551962857,1.191628587752121e-102
plot_116,3,0.014959190261888347,1,0.0002549311901801073,0.9850408097381117,0.004632859028938429,0.0005210232769088595,0.009275682773334534,0.00018015471439393268,9.453927813252764e-05
plot_11600,3,0.009298167554835963,1,5.2558908632855046e-256,0.9907018324451641,0.0,0.007028169317142057,2.8236351593344014e-05,0.0022417618861006,0.0
plot_11601,3,0.009317774745314903,1,1.7791672445685816e-255,0.9906822252546851,0.0,0.003701050727917056,4.3252575157890524e-05,0.0055734714422399365,0.0
plot_11602,3,0.29368590497953406,4,0.10003088227310836,0.04443585123846748,0.14650050784584795,0.0027186636221103043,0.7063140950204659,3.5527835353981446e-19,3.224227679745287e-104
plot_11603,3,0.00672745310182554,1,0.0,0.993272546896939,0.0010462670538599133,0.0,0.0018261099277268227,0.003855076121474284,7.130110935341156e-103
plot_11604,3,0.026966306256639205,1,0.003559503539150444,0.9730336937431634,0.007145740490920624,0.005450852175512468,0.006962630241459489,0.0038475798097936257,4.684902314498074e-105
plot_11605,3,0.2105896719641352,1,0.005035692752174057,0.7894103280341955,0.05892134880921804,0.008566187891320206,0.13672130258709256,0.000978239412545729,0.00036690051345389163
plot_11607,3,0.020225313280614513,1,0.0,0.9797746867193855,0.0,0.02022531328031661,2.9791427184303e-13,2.548669349247017e-24,0.0
plot_11623,3,0.42359959457555596,0,0.576400405424444,0.014961129938641245,0.2148416636108849,0.004966266439607882,0.15555068712761072,0.03327984745881117,1.17045969252599e-102
plot_11624,3,0.5285729928084282,0,0.4714270071915718,0.01802046331321218,0.08995008242401781,0.08659553289649005,0.334006914174646,6.216243564353972e-14,8.820252037668233e-101
plot_11645,3,0.14514427921677173,1,2.642154850023882e-64,0.8548557207829167,0.12188231185919791,0.003047712399276703,3.1250818462153346e-13,0.02021425495829621,4.303379125567811e-240
plot_11660,3,0.4207390257065613,1,0.010774046177538509,0.5792609742928776,0.1746914964445563,0.018902263469215867,0.21637121961581168,3.519893459547954e-20,1.1513160296670034e-103
plot_11661,3,0.320712261758044,1,0.0,0.6792877382354339,0.0,0.16263471183282785,0.15807754993173834,4.5608741045270535e-19,0.0
plot_11662,3,0.40856189811693294,4,0.0002915158920581526,0.15313900147255302,0.2547120486654058,0.00029032639980001475,0.591438101883067,8.124736812845362e-22,0.0001290056871158266
plot_11663,3,0.41528177713909664,0,0.5847182228609034,0.00033233809947190267,0.17768569269508966,0.0,0.23696102482231768,1.2146063453080495e-12,0.0003027215210027756
plot_11664,3,0.5111163098102122,4,0.3838978889269111,0.0,0.123471440721102,0.0,0.4888836901897878,9.18433080670781e-13,0.0037469801612805198
plot_11665,3,0.41071611584132184,0,0.5892838841563656,6.911101276614334e-05,0.0994578519761738,0.0,0.310439368572064,2.312598236262762e-12,0.0007497842803178835
plot_11666,3,0.36482068282599,0,0.63517931717401,5.262563022982018e-05,0.0550226204164704,9.43373243209488e-05,0.3020189581338177,8.820127628851351e-13,0.0076321413202691075
plot_11671,3,0.23758177691714602,1,0.010445274714338884,0.762418223082854,0.008401079191525973,0.05625653002504319,0.15343773060270094,0.00854033836839408,0.0005008240151429858
plot_11672,3,0.08321174635539394,1,0.0014918628409972936,0.9167882536424092,0.015029186521763003,0.009073119388649653,0.057177115298716566,0.0004404623074643021,3.785230676879572e-100
plot_11673,3,0.20641089526155876,1,0.009034781309640812,0.7935891047384411,0.007095500737712224,0.05126881047126282,0.131119439716269,0.007486535145900543,0.0004058278807732366
plot_11678,3,0.32087345380483895,4,0.00039656404876781164,0.14549727215127564,0.007276520564927012,0.14504458745231066,0.6791265461951611,0.014786262815338305,0.007872246772219586
plot_11679,3,0.5755413090224364,2,0.06057504908842704,0.08316472784439721,0.42445869097756367,0.00040868220961715594,0.20541511657541853,0.006089456426199102,0.21988827687837725
plot_11680,3,0.6333257507010734,4,0.06358674096784633,0.07809407414365607,0.2197585718628134,0.0004298070385287432,0.36667424929892656,0.04097083102106405,0.2304857256671649
plot_11681,3,0.5818349864277578,2,0.05793919180096187,0.1389491393822383,0.41816501357224223,0.0004173763953253137,0.1714078007694836,0.0029264790333177115,0.21019499904643096
plot_11691,3,0.07420653113403446,1,9.141065950984594e-65,0.9257934688655507,0.05494091681975729,0.005103200127903248,4.135636543291912e-13,0.014162414186375271,1.4888405347835773e-240
plot_11692,3,0.13369510469923296,1,0.0,0.866304895300767,0.0014927724021958793,0.13220233229693668,1.0036747876246078e-13,7.806311425992364e-25,0.0
plot_11693,3,0.16471818010884276,1,5.140636690863121e-66,0.8352818198911572,0.05971070981114376,0.10473874082058406,0.00018645201620336605,8.227746091155892e-05,2.0450305069459585e-86
plot_11694,3,0.37320299025318027,2,6.604718500307458e-16,0.1301317061507009,0.6267970097468197,0.006856749956398353,0.2275814797307127,3.495468373628326e-22,0.008633054415367658
plot_11695,3,0.20291043738156045,1,2.551412287925417e-16,0.7970895626179503,0.045027947846883146,0.018924346401433065,0.13464033208911347,4.737570501698618e-22,0.004317811044619819
plot_11696,3,0.42955138112112384,1,0.11785158720507263,0.5704486188788762,0.08357498641514052,0.0002437704572608364,0.2278810370436499,2.0231356169971806e-22,1.9782661365644676e-104
plot_117,3,0.12522025508666107,1,0.015883105310303063,0.8747797449128902,0.09869069838364083,0.0,0.0010454758454611342,3.8159169729341203e-07,0.009600593956007526
plot_11713,3,0.391340921422034,4,0.01635819924633373,0.0011687233449852391,0.22546039671514023,0.0,0.608659078577966,0.04656252820072818,0.1017910739148467
plot_11714,3,0.676547586329316,0,0.32345241367068406,0.0,0.002917466420360388,0.0,0.3096632658203245,0.18177612041627747,0.18219073367235353
plot_11715,3,0.2131403741122893,5,0.0730381913854114,2.604176496253178e-148,0.016869483976416855,0.0,0.10293096475780256,0.7868596258877107,0.020301733992658548
plot_11725,3,0.3910695077880615,6,0.004659244684369377,0.0007244550513408974,0.25744863473935464,0.005017424395915537,0.12314504824048629,7.470067659478081e-05,0.6089304922119385
plot_11737,3,0.012863194155051782,1,0.0,0.9871368058449482,0.0,0.012863194154908547,1.4324559818201792e-13,1.8115069845705495e-29,0.0
plot_11738,3,0.03245699028698976,1,0.0007085688571659724,0.9675430097109072,0.011286752209440105,0.001424136195968579,0.011387456996657677,0.007621122265741301,2.8953764119183284e-05
plot_11739,3,0.047906253125898975,1,0.0003894615959385879,0.9520937468726007,0.015295234851984228,0.0025077356800681954,0.02787084688332675,0.000763542950213957,0.0010794311658675632
plot_11740,3,0.1450182183929984,1,0.010715824840840181,0.8549817816070017,0.0825140976584304,0.00021511096800893998,0.051329569609449066,0.00024361531626979681,1.4949483122655056e-103
plot_11741,3,0.0023491633476070695,1,0.0,0.997650836652393,6.367467192771011e-05,0.0,0.0006345075062969215,0.001650981169382466,4.370013750724774e-105
plot_11742,3,0.015338420012101294,1,2.6954531696493572e-05,0.9846615799878987,0.0007463927649833722,0.0,0.00802034831007157,0.006544724405349869,5.62870500727566e-104
plot_11743,3,0.33657283295640944,4,0.009844186086597418,0.15388193041724688,0.019842425995981947,0.07677370776678266,0.6634271670435906,0.07619643572683525,3.4146962965378486e-05
plot_11744,3,0.13459625224357863,5,0.1337648901097409,0.0,0.00017265343730071605,0.0,0.0006587086965370159,0.8654037477564214,7.951805991186132e-249
plot_11745,3,0.09722326482678716,5,0.06788111175385354,0.0,0.005763747821923703,0.0,0.003947102709399295,0.9027767351732128,0.019631302541610517
plot_11746,3,0.4013267332516539,1,0.09798656335234734,0.5986732667483461,0.15197506770653918,0.042237584764301686,0.09856780596247537,0.004268070250775537,0.006291641215214687
plot_11747,3,0.08236413396969751,1,0.006017641627672707,0.9176358660302949,0.05997867866309657,0.0016547581757682599,0.014125639247302337,7.333143515464952e-05,0.0005140848207105587
plot_11752,3,0.7185743822164513,5,0.2814256177835487,0.0,0.002018922521040311,0.0,0.002813602538909387,0.7127372012536087,0.0010046559028929812
plot_11753,3,0.08880927075755475,5,0.08617048384815401,0.0,0.0012762426709369858,0.0,0.00035069583079430546,0.9111907292424453,0.0010118484076694543
plot_11754,3,0.6164447939189784,6,0.01834819984580714,0.17801927461608594,0.06323036144850451,0.02078348146983036,0.33599746572520767,6.601081354286978e-05,0.3835552060810216
plot_11755,3,0.03521808481052903,1,0.00065810068695417,0.964781915189471,0.016775800781775638,0.00020759371405927783,0.01048715946094913,1.4862730983054743e-18,0.007089430166790821
plot_11756,3,0.2600906115210399,1,0.013619492412199855,0.7399093884789602,0.1908107562885419,0.0025252547514148654,0.0528543112314016,0.00019749111961334462,8.330571786839963e-05
plot_11757,3,0.12912363572427984,1,0.0006752251881175936,0.8708763642756914,0.042709912943284675,0.00010186940913346361,0.08547206940539914,1.5249475530414946e-18,0.00016455877837387285
plot_11758,3,0.25974890732300504,1,0.00015400340779308798,0.7402510926769321,0.1397813672112587,0.0003659974259674427,0.11924357305040602,0.0002039662276427863,2.4544603927076326e-106
plot_11759,3,0.675529005577308,1,0.000391138293867055,0.5618110327239036,0.32447099442269195,0.005681457960416114,0.1031311974572435,0.004478143539748982,3.603560212872351e-05
plot_11760,3,0.12517162041038832,1,0.00024755258811199465,0.8748283795896117,0.06473840440027838,0.0029964604973919153,0.05709296738429381,6.128210859702468e-05,3.4953431715239494e-05
plot_11769,3,0.6169449283188302,1,3.371565846159727e-64,0.6111805135510308,6.598128459040512e-05,0.3830550716811699,0.00024991423499401893,0.005448519248214994,5.491398841634886e-240
plot_11770,3,0.02475867620870643,1,0.00021485040194235374,0.9752413237912936,0.0,0.02121919319041007,0.002386659802433597,0.0009379728139204223,8.84453463348118e-242
plot_11771,3,0.19393956241430096,1,3.437732588333598e-65,0.8060604375856991,0.0,0.19320281407923628,0.0001614632626824389,0.0005752850723822783,5.599167156983734e-241
plot_11772,3,0.5795408150406508,2,0.0,0.3130889758728923,0.42045918495934925,9.207304201420723e-05,0.09607203327282625,9.67397087807134e-23,0.17028773285291815
plot_11773,3,0.00025558114655675296,5,0.0,0.0,5.441823276723179e-05,0.0,0.00020116291378950268,0.9997444188534432,1.634351497980173e-262
plot_11778,3,0.02412367444794977,1,0.0,0.9758763255520503,0.0,0.02378335117793245,6.46571326691e-14,0.0003403232699527128,0.0
plot_11779,3,0.003754258093841868,1,0.0,0.9962457419061581,0.0,0.0037106180960669996,7.182241544121227e-14,4.363999770302508e-05,0.0
plot_11780,3,0.01370180337985996,1,0.0,0.9862981966201401,0.0,0.00039529365231992167,8.010706721997304e-15,0.013306509727532053,0.0
plot_11785,3,0.15466005154230128,2,0.00011649252574126746,0.0087652176353327,0.8453399484576987,0.0026905670870355797,0.026049104225247637,9.722429607169397e-19,0.11703867006894406
plot_11786,3,0.7243212063865352,2,0.0,0.2569700842690598,0.39940292133210886,0.015579823421625923,0.275678793613465,1.3706838000101455e-24,0.05236837736374057
plot_11787,3,0.41517612293431166,1,0.0,0.5848238770656884,0.2836809776791988,0.053238422736371534,0.06090980190060778,1.0327219494533633e-24,0.01734692061813343
plot_11788,3,0.3723567484458279,1,0.0,0.6276432515541721,0.22462183993790286,0.10630991742720489,0.0217262525234149,1.651669969585096e-24,0.0196987385573053
plot_11795,3,0.0844971397168024,5,3.669257918681329e-10,0.0,0.0,0.0844971393498766,2.0734999014714418e-135,0.9155028602831976,3.8076219335330165e-261
plot_11797,3,0.06461303144492714,1,0.0001521945556830873,0.9353869685514284,0.006867468420782674,1.7781514676859116e-05,0.022871577964724072,0.03470400899270488,6.602349835507581e-103
plot_11798,3,0.21983128537225527,4,0.08326010363586232,0.03300475457255105,0.10334824792100986,0.00021817924283200885,0.7801687146277447,4.528812890606432e-19,5.335133628606195e-104
plot_11799,3,0.36894345159409425,1,7.244158759411692e-19,0.6310565468262901,0.2598910019666787,0.00019796188188143257,0.10885448932514975,5.044514001534619e-26,1.469593172156106e-84
plot_118,3,0.7234647755769774,1,0.0,0.7052840906700604,0.0013098741748875486,0.0,0.016870810732029607,5.708513916539327e-22,0.27653522442302253
plot_11800,3,0.53920548019965,1,0.1557687565696896,0.4607945165236104,0.0660291252063303,0.14486893456748148,0.07453218107301,1.0305117616901175e-14,0.098006486059868
plot_11801,3,0.5165390343412324,4,0.0006958455881718232,0.3374024112757344,0.01265803442203401,0.1060510153318411,0.48346096565876756,2.0145353231472542e-13,0.0597317277232496
plot_11802,3,0.4988260010632599,4,0.0024368150484241724,0.23743246743694252,0.03871310131276283,0.08388182286301026,0.5011739987627282,4.6935596625003386e-05,0.1363148589795071
plot_11803,3,0.6184829286078695,1,0.029189758080586232,0.38151707139201557,0.18142070581378594,0.0,0.37439540608356014,1.6228271115927614e-18,0.03347705863005223
plot_11804,3,0.6991259074258379,1,0.0,0.41097646955207406,0.30087409257416203,0.0914417130692416,0.14959080634603653,5.854038323767737e-23,0.04711691845848562
plot_11805,3,0.2767697216555988,1,0.0,0.7232302783434856,0.1460023037062026,0.0,0.106090129545266,8.046258091786012e-24,0.024677288405045822
plot_11806,3,0.5269793577757226,2,0.0,0.18325079635311342,0.4730206422242774,0.0,0.26620302197465484,3.37282510522429e-24,0.07752553944795425
plot_11807,3,0.00023922075074380057,5,0.0,0.0,1.6392402159798385e-28,0.0,0.0002392207507438162,0.9997607792492562,1.8798107543494503e-262
plot_11808,3,0.0002544759232423605,5,0.0,0.0,4.048919552179781e-05,0.0,0.0002139867277205754,0.9997455240767577,1.4323775404715364e-262
plot_11809,3,0.00021906744245396505,5,0.0,0.0,9.936814097391816e-05,0.0,0.00011005568919887285,0.9997809325575461,9.643612281215047e-06
plot_11810,3,6.003695294677655e-249,5,0.0,0.0,1.200739058935531e-248,0.0,0.0,1.0,0.0
plot_11811,3,0.5447469998708021,2,0.0,0.16559467755786839,0.4552530001291979,0.00020732998766501848,0.12988306510004627,3.5286076920291107e-22,0.24906192722522247
plot_11812,3,0.2052538683407571,1,0.0,0.7947461316517834,2.7204621130427032e-05,0.0,0.2052266637270862,4.1497605324326525e-21,3.327999733011524e-107
plot_11813,3,0.1934465763212457,1,0.0,0.8065534236786618,3.473190550487922e-05,0.0,0.1934118444158333,1.745499369969684e-21,3.674730177898346e-107
plot_11814,3,0.4282311568903143,1,0.0,0.5717688431095781,0.0,0.0,0.4282311568904219,6.894508148383364e-21,0.0
plot_11815,3,0.082048287328351,1,0.0,0.9179517126714491,0.0022972501633451614,0.0,0.0795631822707144,2.678283294550709e-22,0.000187854894491338
plot_11816,3,0.059252747448317475,1,0.0,0.9407472525516825,0.008408457954494021,0.026561349246079263,4.652084611876974e-05,0.02192591214673276,0.002310507254892599
plot_11817,3,0.027373990641982798,1,0.0,0.9726260093580172,0.004145438284255144,0.0016962030309840112,0.0005280010666471254,0.020039577482606336,0.0009647707774902201
plot_11818,3,0.07736901394265217,1,0.0,0.9226309860573478,0.00041974456084672903,8.59178225553871e-05,1.5516573831760684e-13,0.07638972651756022,0.00047362504153463975
plot_11820,3,0.009317159391636829,1,0.0,0.9906828406083632,0.0,0.0002477303471335458,3.6818445748649375e-05,0.009032610598754666,0.0
plot_11821,3,0.07985155966137959,1,0.0,0.9201484403386204,0.00037650058995528313,0.07188914649992166,5.591796212567314e-15,0.007505966943672184,7.994562782492578e-05
plot_11822,3,0.006965438457024751,1,0.0,0.9930345615420293,3.2977995419376856e-05,0.006932460461603871,9.475109118709778e-13,6.097705624601131e-26,0.0
plot_11823,3,0.023768499700405774,1,0.0,0.976231500297201,0.0010619018381144687,0.022388200730277856,6.86406626428817e-05,2.9121453390744823e-25,0.0002497564717638763
plot_11824,3,0.006083386404970692,1,0.0,0.9939166135950293,0.0,0.005936593888141363,2.450883100364406e-13,0.00014679251658418567,0.0
plot_11825,3,0.00977981769965627,1,0.0,0.9902201823002431,1.990609045281468e-05,0.009759911608981653,3.2238140326114037e-13,7.81215294518434e-26,0.0
plot_11826,3,0.12006736842712191,2,0.0001295231587959648,0.0018893038538856973,0.8799326315728782,0.0003683083354826527,0.02313768763362681,1.0809961678866011e-18,0.09454254544533086
plot_11827,3,0.683935092756096,1,0.0,0.4268505888890284,0.18842122111068588,0.3160649072439039,0.016584521509449664,4.737273184371576e-24,0.05207876124693203
plot_11828,3,0.1920867721040591,1,0.00011357409959670777,0.8079132278959409,0.024436106850609603,0.15690995620252812,0.001187642288376331,2.4106961798757922e-24,0.009439492662948419
plot_11829,3,0.4694106089116826,2,0.0,0.28014773285795286,0.5305893910883174,0.04075160591926596,0.10854176811245823,1.0481360741009662e-24,0.03996950202200567
plot_11830,3,0.6152738653486824,1,0.0,0.6151987993707453,7.50659779372833e-05,0.0,0.3847261346513175,3.402228771794002e-21,9.454557464090023e-107
plot_11831,3,0.5073189111155041,1,0.0,0.5062835404426619,0.0010353706728422052,0.0,0.4926810888844959,7.409562475006657e-21,0.0
plot_11838,3,0.5927563003386707,1,0.06573619926294319,0.4072436996613293,0.02697342757360715,0.00174048177900934,0.35314073079799807,9.068486524974257e-21,0.145165460925113
plot_11840,3,0.0987963915978732,1,0.0,0.9012036084017502,0.06051596993694756,0.0030690376103648933,0.03507623579530455,0.0001351482556329035,5.603831346657713e-99
plot_11841,3,0.535122743901213,2,9.022450417839533e-19,0.3551922574842635,0.46487725609878705,0.0001588255628603831,0.1797716608540891,6.3737612948518e-25,1.7827183302196314e-83
plot_11842,3,0.006620719457108847,1,0.0,0.993379280542672,0.0,0.006284847982046576,5.380624704200343e-13,7.91977816320377e-25,0.0003358714747434097
plot_11843,3,0.2985795301910065,1,0.006480688890958434,0.701420469808988,0.034826127041889185,0.004401592626577203,0.17912749748186307,0.0737436241497241,4.397823093378466e-108
plot_11846,3,0.1194296382178989,1,0.0,0.8805703617819935,0.08187073451541409,0.0,0.023971059147442342,0.00013956486902918415,0.013448279686120815
plot_11847,3,0.45037588554080266,2,2.4464652651579005e-254,0.27302747055097,0.5496241144591972,0.05309939630062625,0.12307816274281447,0.0010350366337386432,0.00013581931265328558
plot_11848,3,0.5053010935702897,1,0.00013342706215681513,0.4946989064296896,0.3099634075990281,0.017243162809721477,0.17311642444637115,0.004844671653032828,4.08523110318072e-87
plot_11849,3,0.629102411090636,1,0.10125627300026038,0.5061727509623895,0.0009568927237592239,0.0003835599268341927,0.02033293447739283,0.3708975889093639,4.518019688801391e-108
plot_11850,3,0.409503743976239,2,9.709523819815623e-05,0.2524331977032122,0.590496256023761,0.058368756216506376,0.09731852008786013,0.0010707550087722278,0.0002154197216899321
plot_11853,3,0.0002731843181790411,5,0.0,0.0,0.00018310248765182803,0.0,6.725570304128116e-05,0.999726815681821,2.2826127485952416e-05
plot_11869,3,0.3232211312496845,1,0.0,0.6767788687503156,0.09861710105584769,0.09946997626703127,0.111463678672559,2.049936846583763e-23,0.013670375254246487
plot_11870,3,0.5439846626843046,4,0.0,0.1958295022980828,0.07282332948362638,0.13434704185076762,0.4560153373156954,3.5190879861773028e-22,0.14098478905182787
plot_11874,3,0.2583723880783506,1,0.0,0.7416276119216494,0.0,0.0,0.2583723880783506,6.672228891399166e-21,0.0
plot_11875,3,0.11668126185069852,1,0.0,0.883318738148362,0.0018352916495929397,0.0,0.11469420061958166,4.920640989675322e-22,0.0001517695824632315
plot_11876,3,0.716966043748188,3,0.006579330667449396,0.1903061771398638,0.18726973472179706,0.28303395625181216,0.23583451497017605,0.0956694314402968,0.001306854808604781
plot_11877,3,0.06779879568203313,5,6.007627441315423e-05,0.0,0.0,0.06723215691179518,0.0,0.9322012043179668,0.0005065624958247721
plot_11878,3,0.009062303490053311,5,0.0,0.0,0.0,0.008053212996077148,0.0,0.9909376965099467,0.0010090904939761476
plot_11881,3,0.12735512601976476,4,0.014689168448738046,0.014421924668135523,0.0014125873277890822,0.025379096535517467,0.8726448739802353,2.4509195042677767e-05,0.07142783984454198
plot_11883,3,0.19380490771210762,5,8.94725382797683e-18,0.08877849530938721,0.00012981578747423648,0.09003659419825852,0.014860002416987678,0.8061950922878924,2.53133403342683e-68
plot_11884,3,0.27512311784967125,5,8.1093483594911e-18,0.08338690863860163,0.00011765860938230342,0.17751249820394557,0.01410605239774177,0.7248768821503287,3.205066174663175e-69
plot_11885,3,0.632831089534789,1,0.10009796194078859,0.36716891046516087,0.01199906360492945,0.0006214694403036532,0.15571406839177612,3.728645686475455e-15,0.36439852615703755
plot_11886,3,0.6504380004308731,1,0.0037746758116741098,0.3495619995685012,0.06972216183807864,0.005347328186757333,0.34930653152987856,4.249114556489057e-20,0.2222873030651102
plot_11887,3,0.5712202575330554,6,0.0025191137220287067,0.14179924808065147,0.10239405088947619,0.02901178854702814,0.2954960562938709,7.829316084105634e-21,0.42877974246694467
plot_11888,3,0.7220257127842151,6,0.0002843288360271051,0.10420968187513019,0.2779742872157848,0.013318931295247848,0.2980954206191613,6.6277833012019745e-21,0.3061173501586488
plot_11889,3,0.5858241189306417,4,0.002309606023299973,0.27751831760157875,0.10854322980690256,0.13612372345834342,0.41417588106935826,0.06083247923012835,0.0004967628103887341
plot_11890,3,0.5193997532586374,1,0.0005495583483564573,0.48060024674134766,0.24065439096105176,0.0591342708967447,0.196439320681765,0.020066473527702963,0.002555738843031366
plot_11891,3,0.6081106249315101,1,0.0022770459039038217,0.3918893750684761,0.3844753962163537,0.01683673213633894,0.19383703235025052,0.006724589132393568,0.003959829192283307
plot_11892,3,0.6494161101129453,2,0.0007156185975082611,0.12889225405310337,0.45855906128833457,0.014766745087364978,0.35058388988705463,0.010759216730984518,0.03572321435564956
plot_11893,3,0.4502493586286612,2,0.006589748962192953,0.17265040677519328,0.5497506413713388,0.06725164565643871,0.20053339845954848,0.00013598089778403595,0.0030881778775037386
plot_11894,3,0.32517555220521194,2,0.004926386846907473,0.13836097736295402,0.674824447794788,0.01216403871041355,0.16629413930047407,0.001416262697072351,0.002013747287390346
plot_119,3,0.33724824791186353,1,0.0097902160734533,0.66275175208796,0.12478857986119007,0.0023419745357410454,0.06503439115042318,6.803672950958286e-12,0.1352930862844287
plot_11903,3,0.3444040333807106,4,0.0002060860718300078,0.27991691168763894,0.005389465675892243,0.0,0.6555959666192894,0.05832874003709345,0.0005628299082559465
plot_11904,3,0.43468196227360417,4,0.0002996461959245356,0.4174170446222939,0.00454535164836302,0.0,0.5653180377263959,0.012312340133204775,0.00010757967381800547
plot_11905,3,0.7243824181329858,2,0.04182151102997871,0.06896901054136377,0.29176695434671346,0.1210119136938679,0.19016448674387595,0.27561758186701424,0.010648541777186073
plot_11911,3,0.10735749723724822,1,0.026792889643991402,0.8926425027627518,0.00041075306528397715,0.0,0.04658344233501284,0.00013536745551645014,0.03343504473744356
plot_11912,3,0.019069551362945338,1,0.006640150070337586,0.9809304486370547,0.0,0.0,0.008648869819792503,4.4933808875751215e-05,0.003735597663939537
plot_11913,3,0.006834516829036291,1,0.0012244679026483997,0.9931654831708939,0.0,0.0,6.56674200670149e-05,0.005501398261003389,4.2983245387330686e-05
plot_11914,3,0.145112790662935,1,0.027492423886066392,0.8548872093370564,0.0001446072275919402,0.0,0.0019244797100921645,0.11535142245072878,0.00019985738846439656
plot_11915,3,0.6514966517318378,4,0.18666901934285784,0.2938332750914316,0.053365271319170654,0.021444524154148666,0.3485033482681623,0.095328905542308,0.0008556562819210602
plot_11923,3,0.5700131313652663,6,0.0,0.19513354410490774,0.3107754317313271,0.0002658215555905445,0.06383833397344094,4.345368970416173e-22,0.42998686863473373
plot_11924,3,0.12993283093220157,1,0.0,0.8700671690677985,0.0018362327619729126,0.0,0.12796162178476714,5.691115662801773e-22,0.00013497638546152078
plot_11925,3,0.2005097690879476,1,0.0,0.7994902309107514,0.09052223226840318,0.0680111606788556,0.0387912253524727,9.247706713413116e-24,0.003185150789517131
plot_11926,3,0.3665757608670307,1,0.0,0.6334242391329693,0.18518451216127246,0.055876667056249024,0.10816268709644496,5.980087817750484e-23,0.01735189455306426
plot_11927,3,0.2933201926005595,1,0.0,0.7066798073994405,0.14608470342944446,0.04443224976185202,0.09096935733942309,4.22463960642904e-23,0.011833882069839883
plot_11928,3,0.224473183887616,1,0.0005646458702954515,0.7755268161121983,0.006663447118503919,0.026230171830186232,0.026565857817579395,0.16444906125123673,1.5562263415411968e-238
plot_11937,3,0.363583969904299,6,0.00900375320358387,0.0003089455858119464,0.19088865090637985,0.005402602299819395,0.15798001790870397,2.3134009203352355e-19,0.636416030095701
plot_11938,3,0.610788080740424,6,0.0033394452510564945,0.00020791691969555053,0.0902636726525041,0.0054809120002729085,0.3892119192595759,1.997994016093802e-05,0.5114761539767341
plot_11939,3,0.3843429853134153,6,0.0002741956774968836,0.010224939910582376,0.22998300101832964,0.04181187513718701,0.10204897356981946,7.564522672535321e-21,0.6156570146865847
plot_11940,3,0.32386785459413037,4,0.0,0.011603456198240948,0.0008213654793041584,0.2929863230104602,0.6589952352158664,0.03522027171165114,0.00037334838447724726
plot_11941,3,0.6285488283483911,6,0.018280294279523587,0.13165795778733264,0.18678782703831967,0.006060681625100367,0.285232239526786,0.0005298280913287991,0.371451171651609
plot_11942,3,0.12766043601950272,5,0.0053854162705789166,0.0,0.0011363493357031773,0.000726846976434465,0.01063051766912934,0.8723395639804973,0.10978130576765685
plot_11943,3,0.42260579849495555,6,0.0018979919804351828,0.05412127862053701,0.06340889265461355,0.07537808075799314,0.2277995544813767,3.205398662801817e-21,0.5773942015050445
plot_11944,3,0.5226082276993265,4,0.004620575820186227,0.16839007498000302,0.08556049159611276,0.007521161127014928,0.47739177230067353,4.323201385788913e-20,0.25651592417600955
plot_11945,3,0.5579088575805924,6,0.13075005173283025,0.24052543695389894,0.009014281973342784,0.008711143915209238,0.16890794300530826,2.763467227885441e-15,0.44209114241940767
plot_11947,3,0.5367951220460176,2,0.007185346602136242,0.12421947190219791,0.46320487795398235,0.06933573858441729,0.2250332858245486,0.0999856568958919,0.011035622236825844
plot_11948,3,0.3669921882795106,2,0.000450580054332997,0.1796186598144077,0.6330078117204895,0.0002650910559624632,0.18654384163155957,8.524716595628798e-06,0.00010549100665221883
plot_11949,3,0.22549454106957967,2,0.007034295972052521,0.058928042172683125,0.7745054589304203,0.0057477123464916525,0.15359354795469068,3.184531938335415e-05,0.0001590973042783786
plot_11950,3,0.01475419803920027,1,0.011350013426402347,0.9852458019607998,0.0,0.0,0.0020232246194207618,0.00027855823270319334,0.0011024017606740455
plot_11951,3,0.02135688047141914,1,0.016699314981204357,0.9786431195285809,0.0,0.0,0.0029501303110830764,0.0001857725534811708,0.001521662625650523
plot_11952,3,0.08822227813544296,1,0.06268877629778669,0.9117777218645571,0.0,0.0,0.01849238894504773,0.00017960924698283363,0.006861503645625757
plot_11953,3,0.005503238810500856,1,9.223343729789213e-66,0.9944967611892777,0.0,0.003668753003682172,0.001686863372536986,0.0001476224345031837,5.4508484622843106e-93
plot_11954,3,0.036044898645919324,1,1.6712025117154025e-65,0.9639551013538888,0.0010298966644834819,0.0028742343175967174,0.03187328659582519,0.000267481068205729,1.0299379198661816e-91
plot_11957,3,0.06077174544423307,4,0.0004175787164685994,0.0,0.008079735155771782,0.0023029009511996885,0.9392282545471722,0.04997153062938771,2.411504498267678e-257
plot_11966,3,0.2453528864278455,1,0.013641369221799413,0.7546471135721545,0.044502983599211295,0.021505391307843753,0.08488133078344766,3.5956496837866503e-25,0.08082181151554339
plot_11967,3,0.49016139043606555,2,0.05566795241915007,0.2437524886158114,0.5098386095639345,0.00036462911191162704,0.10242114555148638,8.143454862265232e-05,0.08787374018908345
plot_11968,3,0.47451613947002147,2,0.05358492410266445,0.22183534819877704,0.5254838605299784,0.00026486382043328706,0.06880932134441146,0.0008498253499398522,0.1291718566537953
plot_11969,3,0.7145278513378731,1,0.03457384623770101,0.41905358173298074,0.19932126028238611,0.005212951208934558,0.2854721486621269,5.019412595455886e-05,0.05631601774991597
plot_11970,3,0.5040111623578971,2,0.039690535372832826,0.28016683819090177,0.49598883764210294,0.00015806486873473006,0.09199884710614104,0.0009989890839267835,0.09099788773535993
plot_11971,3,0.296521600629318,1,0.00821232873023732,0.7034783993705959,0.152543938991023,0.003154599666378041,0.10780413779533704,2.971344632307996e-25,0.024806595446428818
plot_11972,3,0.6606944049107888,1,0.127817363728991,0.3393055950892112,0.18801390389433711,0.00022949688993025447,0.1987594975401513,0.012298850949310138,0.133575291908069
plot_11973,3,0.6443239798362908,4,0.02868901107549919,0.18146636981956926,0.19210147708728612,0.0007596181803643728,0.35567602016370925,0.0009169801897033097,0.24039052348386852
plot_11975,3,0.695579346637411,4,0.07050719700500646,0.001210621934903593,0.30442065336258906,0.008240300901407805,0.4172976669778058,0.060364085524468654,0.13795947429381872
plot_11976,3,0.30194185874403734,4,4.960900888697312e-05,0.04215128782221971,0.03836347815149137,0.0,0.6980581412559627,0.03299400750365023,0.1883834762577891
plot_11977,3,0.5800855778396089,3,0.0,0.00945522452482442,0.0,0.419914422160391,0.1684652292022731,0.401775014956447,0.0003901091560642698
plot_11978,3,0.23844867755455368,5,0.0,0.003829438669093225,0.0,0.11378305386123086,0.12063096441191959,0.7615513224454463,0.00020522061230996
plot_11979,3,0.1513418789531945,5,0.06303447108981519,0.0,0.040201638579746096,0.0,0.02032484788876306,0.8486581210468055,0.02778092139487017
plot_11980,3,0.260303872647365,5,0.02136109427121366,0.0,0.05044803179235958,0.000881085318079172,0.0618416923215574,0.739696127352635,0.12577196894415524
plot_11981,3,0.1656534676797244,5,0.07792017079531594,0.0,0.014058051416955349,0.00044013792233225035,0.06114984018716541,0.8343465323202757,0.012085267357955525
plot_11983,3,0.5655725189281859,6,8.570203459891707e-05,0.019530272285636995,0.38038578654912525,0.0,0.16557075805882476,8.995634345048914e-25,0.43442748107181417
plot_11991,3,0.4691857923334296,6,0.09939354205491183,0.024542531035378096,0.21952755828047726,0.000692931727664927,0.1214822672118359,0.003546962023161594,0.5308142076665704
plot_11992,3,0.5042117112785608,6,0.0656359940674811,0.031807928681795154,0.2495344403220681,0.004966417465745757,0.14703017671855606,0.005236754022914637,0.4957882887214392
plot_11993,3,0.5796757879844446,3,0.0,0.03118410803710049,0.00016086864111751153,0.4203242120155555,0.38560139209199834,0.1559952925508908,0.00673412666333754
plot_11994,3,0.0,5,0.0,0.0,0.0,0.0,0.0,1.0,0.0
plot_11995,3,0.005933436031480696,5,0.005933436031480726,0.0,0.0,0.0,2.4274311317576264e-307,0.9940665639685193,0.0
plot_11996,3,0.00039026845345691886,5,0.0003425817507036005,0.0,0.0,0.0,4.768670275332712e-05,0.9996097315465431,1.084124202517882e-157
plot_11997,3,0.40619693504647,2,0.1633702533164052,0.01620440540916063,0.5938030649535301,0.003939659702671037,0.2218033828725375,0.00023147794975336808,0.0006477557959421525
plot_11998,3,0.3518481580231439,2,0.2514675719677147,0.00041964861584914664,0.6481518419768562,0.00010088280991128193,0.09459857968834406,0.002582104263424177,0.002679370677900602
plot_11999,3,0.3585299991240922,2,0.15302334147142155,0.0004264774692158847,0.6414700008759078,0.000102524454587542,0.19112719809446688,0.0003193798948163225,0.01353107773958391
plot_120,3,0.09859375293003655,1,0.0034283130577012237,0.9014062470695794,0.0032486429079300575,0.0024076932072528007,0.02309347363617144,0.0006872300374234716,0.06572840008394175
plot_1200,3,0.5545652111080654,1,0.004520736336619854,0.4454347888906851,0.36397283295461025,0.008394864990806945,0.14127705481122696,4.364050950437644e-09,0.036399717651999924
plot_1201,3,0.7013513583631623,6,0.18089195584351847,0.006965237075462258,0.2986486416368377,0.019511100971976676,0.11382028218065134,0.006084173171840207,0.37407860911971336
plot_12012,3,0.5959184331209897,4,0.01625316896503672,0.02268719558277721,0.40408156687894026,0.0001606054673636561,0.4198491650197052,0.012964502782380663,0.12400379530379621
plot_12017,3,0.5010965606535713,6,0.0448960080770113,0.00012796270341818117,0.31733622122543703,0.0005544809379477712,0.13818188770975706,2.3558121480381855e-20,0.49890343934642867
plot_12018,3,0.6836131896695563,2,0.06218674054874686,0.1757185424558778,0.31638681033044364,0.0024551279176986103,0.22389943943082574,0.004763282316504965,0.2145900569999024
plot_1202,3,0.291077985381752,1,0.007889285132222281,0.7089220146182272,0.05832507670644585,0.0032705627965355435,0.17275718124243172,5.483837849753214e-12,0.04883587949865342
plot_12021,3,0.00023655359895358966,5,0.00018056731744913555,0.0,0.0,0.0,5.59862815044621e-05,0.9997634464010464,1.2728093846608388e-157
plot_12025,3,0.5251002445550195,2,0.06183815472663422,0.000826246388056432,0.4748997554449805,0.0,0.408305858361802,0.0007093014992363063,0.05342068357929064
plot_12026,3,0.6133439722332086,2,0.38665602776679137,0.0,0.4027893847541994,0.0,0.16009830718476686,0.0069761830594428,0.04348009723479959
plot_1203,3,0.3363290226316611,1,0.002574546564882662,0.6636709773682827,0.020920684210392997,0.007079337477665261,0.16948074559106371,1.7926004237733236e-12,0.1362737087859201
plot_12034,3,0.16787086354473818,2,0.0017248487901121924,0.003885011011949861,0.8321291364552619,0.0026178517242302136,0.07698520683440738,1.439553267819665e-17,0.08265794518403854
plot_12035,3,0.16142035232793356,2,0.0023979931276894096,0.0005521075673854921,0.8385796476720665,0.002435973678959894,0.10561972573825673,2.001357356366744e-17,0.05041455221564206
plot_12036,3,0.21989352108244545,2,0.004501373026884662,0.0004715063902586231,0.7801064789175545,0.003827047569178922,0.13204124453544325,3.75683146492308e-17,0.07905234956067987
plot_12037,3,0.7119163870609198,2,0.0,0.047170965292528545,0.6180997091653242,0.0027451039513408503,0.04390060865172614,2.1801172551146903e-25,0.28808361293908036
plot_1204,3,0.6204468280696117,1,0.0008312197439932754,0.4156856690014354,0.05398438160195201,0.02764559588162241,0.3795531719303884,5.581225028304905e-13,0.1222999618400504
plot_12043,3,0.40109417426814803,4,0.07484014123596237,0.0012691823456949197,0.21849682428229036,0.001085864094001912,0.598905825731852,0.05384039596295494,0.05156176634724349
plot_12044,3,0.41764956152157456,4,0.056480791038179545,0.0007846618047938163,0.12719886440389305,0.005845270134154831,0.5823504384784255,0.04527714359230082,0.18206283054825254
plot_12045,3,0.5812407200199642,4,0.025999849861706954,0.0,0.08628645159709428,0.008793776597271454,0.4313109740872294,0.028849667876662086,0.4187592799800358
plot_12046,3,0.4454759770177702,4,0.07445080210528003,0.0004493368408525636,0.044073024266055,0.0010391712168237816,0.5545240229822298,0.048464091149247546,0.2769995514395112
plot_1205,3,0.056543009079195586,1,0.0047600792001338925,0.9434569909206967,3.0610341908122894e-05,0.0481548874854465,0.0034372960107027345,3.3079972299920205e-12,0.00016013603780411874
plot_12053,3,0.5276685199547037,1,0.037636734811818194,0.4723314799988821,0.09744160655220763,0.0009462803658349824,0.35055904002655186,0.0001801030658162973,0.040904755178888946
plot_12054,3,0.6036473787207028,4,0.10334615912029975,0.3640707925287242,0.04386307421842835,0.008118657656228682,0.39635262127929716,1.4923183750932657e-18,0.08424869519702188
plot_12055,3,0.47209830481898035,3,2.8342204081385462e-05,0.09777763409392191,0.0002288948301456246,0.5279016951810196,0.1992668253796685,0.019478094532313348,0.15531851377884956
plot_12056,3,0.35731993277494306,4,0.0,0.01933253300105755,0.10184482327323677,0.0,0.642680067225057,0.1159103196766458,0.12023225682400293
plot_1206,3,0.2373995396275457,1,0.06353296529397234,0.7626004603724543,0.10614735183488035,0.0009023702836511401,0.06376931584011061,4.415197027851696e-11,0.0030475363307793588
plot_12062,3,0.6934262009354184,4,0.0,0.042785303545446664,0.12751906334187155,0.0,0.501393637568106,0.02172819647999423,0.3065737990645815
plot_12063,3,0.2369731213131412,5,1.3692266315779836e-17,0.09193821563768659,0.00019866121697945026,0.012174378204804659,0.14073760591497828,0.7549511390255511,4.662449833296143e-67
plot_12064,3,0.2629195236394703,4,0.10199083356016743,0.0,0.011338976540657717,0.033457758250275214,0.7370804763605296,0.11559600398770031,0.0005359513006696869
plot_12066,3,0.4918526818660078,1,9.874152269029201e-16,0.508147318133941,0.014543278409186011,0.020662936302186814,0.41854244105655236,0.03714642196005776,0.0009576041380749457
plot_12067,3,0.3767823930445351,5,0.0,0.0014438319433254245,0.0,0.21032373539696375,0.1646683286530669,0.6232176069554649,0.0003464970511790203
plot_12068,3,0.0002184666743116738,5,0.0002184666743116573,0.0,0.0,0.0,2.5033377610905877e-307,0.9997815333256883,0.0
plot_12082,3,0.012259601817667906,1,4.627873882555402e-05,0.9877403981823321,0.0,0.011435519046284884,0.00013396373808520135,0.0006438402944722299,1.4012291781268632e-242
plot_12083,3,0.6557649909969765,1,6.441137278288006e-66,0.6556504869115614,0.0,0.3442350090030235,1.1411715245922995e-05,0.00010309237016929614,1.0490927777397574e-241
plot_12084,3,0.12994656246629369,1,5.71970100881662e-66,0.8700534375337063,0.0,0.12980215990367916,5.034633413824579e-05,9.405622847627518e-05,9.315896805067316e-242
plot_12085,3,0.060277640263370715,1,1.4317624588264833e-256,0.9397223597366293,0.0,0.06027345670543146,2.9971671483451626e-14,4.183557909310659e-06,0.0
plot_12086,3,0.017220923649882362,1,2.837709985619051e-256,0.9827790763500025,0.0,0.01714375285368041,1.3842762615172883e-13,7.717079617865192e-05,0.0
plot_12096,3,0.06753365892165317,1,0.0,0.932466341078325,0.007400085878983758,0.00023695415244310745,0.05101993760494195,3.359016827898067e-29,0.008876681285306123
plot_12097,3,0.013666643446418535,1,0.0002604705582124816,0.986333356553575,0.010334706537305324,9.740305643280669e-05,0.0026334476326991003,4.3624601327341013e-29,0.00034061566177529017
plot_12098,3,0.06556723707398328,1,0.004605960238737645,0.9344327629260167,0.05566659720313069,9.308316567933911e-05,0.004607160121499995,6.399370897196486e-28,0.0005944363449356235
plot_12099,3,0.11494504535354,1,0.00028730696082435137,0.88505495464646,0.024750401620315735,0.0002725973555873245,0.07172306061317496,4.617169421915442e-29,0.01791167880363763
plot_12100,3,0.07411793172200691,1,0.0037985882821739156,0.9258820682779931,0.04679518112509555,6.367913783329188e-05,0.018096153175719026,5.236245053234532e-28,0.005364330001185174
plot_12101,3,0.16881258551714842,2,0.0004293591890425794,0.008480502841459412,0.8311874144828516,0.0036560769828272136,0.07043453719428698,3.5834180867144336e-18,0.08581210930953224
plot_12102,3,0.508016660788287,2,0.0,0.2710281015965648,0.49198333921171294,0.0687717442630769,0.07713633540475667,1.3130652654826788e-24,0.09108047952388874
plot_12106,3,0.32737206252264994,2,0.012762684273019602,0.006796752632097544,0.6726279374773501,0.0,0.010013579222551467,0.00013593967336043936,0.29766310672162094
plot_12107,3,0.5005731842623247,6,0.0005122359011789899,0.005469226059755518,0.47908672072279024,0.0,0.01550500157859995,4.048707412252932e-24,0.49942681573767533
plot_12113,3,0.4395711487666913,4,0.0,0.012373915215952573,0.0007882851632557688,0.35731050380184665,0.5604288512333088,0.05503807527551479,0.014060369310121551
plot_12117,3,0.6597199226910173,6,0.000485581599960201,0.0015457782092095566,0.34028007730898274,0.016083531786336248,0.05577686728112638,1.431061808717517e-20,0.5858281638143849
plot_12118,3,0.2960816377515552,4,0.09735010857265268,0.0,0.000789259240381532,0.0853869708439558,0.7039183622484448,0.11226548279848639,0.00028981629607879915
plot_12119,3,0.00022806549278217998,5,0.00022806549278215653,0.0,0.0,0.0,3.079362656396787e-85,0.9997719345072178,2.538677913669275e-250
plot_1212,3,0.6887047472825314,1,0.013472672127792976,0.5325076579825498,0.3112952527174685,0.001099113743638876,0.1261243255776465,9.36283510163348e-12,0.015500977841540354
plot_12120,3,0.2689198619400096,1,0.017842121269282033,0.7310801380599905,0.029494308597460762,0.13967040923719837,0.0701065951432837,9.74226651198479e-20,0.011806427692784876
plot_12121,3,0.6041390808840318,6,0.049572217906939595,0.012678882250140477,0.13715947482211874,0.045147480965840855,0.3595810249389917,4.1345664651857956e-16,0.3958609191159682
plot_12122,3,0.516376152787124,4,0.018049196026985237,0.0009206177326574757,0.2703991973739656,0.01844493226091904,0.48362384721287605,1.5063800976355522e-16,0.20856220939259654
plot_1213,3,0.029760685916064344,1,0.016981019569986405,0.9702393140839357,0.0004355320443149307,0.0022981134634183927,0.003921313362592556,0.00020486120057010567,0.0059198462751820155
plot_12135,3,0.5574254473277315,4,0.0,0.29575631480671,0.060785165880011593,0.13381107078823432,0.44257455267226853,2.3998641816001887e-22,0.06707289585277555
plot_1214,3,0.061682341787319434,1,0.051377330280906144,0.9383176582125965,0.001474145535649182,0.004187148901628595,0.0011496614863112406,0.00015846152628997068,0.0033355940566182655
plot_1215,3,0.2050745576111104,1,0.1820563867733176,0.7949254423814306,0.011217198774847316,0.00016989217461237493,0.008810476178037758,1.2651924494477506e-10,0.002820603591235184
plot_1216,3,0.7027239993764359,1,0.2972760004169736,0.6719658293653437,0.01584510137069748,0.0011958052060186868,0.012775513163772439,2.06590480240091e-10,0.0009417502706034613
plot_1217,3,0.23885917616976501,1,0.013481375904445612,0.7611408238302351,0.09295835476492689,0.0013668266303739549,0.11640212893360638,9.369080276955922e-12,0.014650489927043167
plot_12184,3,0.17648176557934686,2,0.020683707743461777,0.023526810855992498,0.8235182344206532,0.019891656341416986,0.0018476144514703674,1.2818764710347618e-11,0.11053197617418653
plot_12218,3,0.6467748627864481,4,0.0003106298663403775,0.007657083308649684,0.18261599655549643,0.03399158782032559,0.4221995652356344,1.6589265488721791e-15,0.35322513721355187
plot_12219,3,0.4258948404673461,4,0.0,0.011314484764007066,0.25385103594449276,0.009345200643991225,0.574105159532654,4.935277269699191e-19,0.15138411911485505
plot_12239,3,0.703365353947367,1,0.0020026485919039045,0.38161775956713617,0.12068973353917595,0.022237521179903293,0.296634646052633,7.004059590738625e-22,0.17681769106924763
plot_12240,3,0.6501952887987387,4,0.02175472896631338,0.24163806352436853,0.21235034394571772,0.0,0.34980471120126133,0.17409455410692953,0.0003575982554094988
plot_12251,3,0.5491442624039158,0,0.4508557375960842,0.2451472162042453,0.006445418176468237,0.01286303611342984,0.27699577558943134,2.0732483901837818e-22,0.007692816320341069
plot_12252,3,0.4013021340170502,1,0.09104752348510987,0.5986978659829498,0.03890680841645605,0.0004466825484263939,0.23853598410115198,2.0671262085740384e-21,0.032365135465906004
plot_12256,3,0.2252162647651531,2,0.08621689833780283,0.008753978338373198,0.7747837352348468,0.002565614207843777,9.450266949645464e-05,5.023389497944666e-05,0.12753503731665727
plot_12262,3,0.5505594329979433,6,0.41492490573827345,0.017550719347291216,0.01719327551998179,0.10089053239238877,8.020904040598998e-15,3.024303076811661e-18,0.44944056700205676
plot_12263,3,0.34229625711079525,0,0.6577037428892047,0.003928736573036531,0.006645864882940232,0.018722900513991815,7.454974649554799e-16,1.5281561838680243e-18,0.312998755140826
plot_12292,3,0.39431086106006297,4,0.00011608257148230736,0.016916722844073605,0.16214305303442428,0.03340010470014957,0.605689138939937,5.324081270072794e-19,0.18173489790993322
plot_1231,3,0.6788765599461974,1,0.010264308427523124,0.33639564545408657,0.009072421061250271,0.3222288644672094,0.32112344005380256,7.133129713564411e-12,0.0009153205289947965
plot_12314,3,0.12791843013098894,5,0.0,0.019384766281508835,0.00021974995565138446,0.0,0.10785027410870976,0.872081569869011,0.00046363978511887617
plot_12315,3,0.3904502362500466,5,0.0,0.13609533458647985,0.000903124057770529,0.0,0.2527644579761525,0.6095497637499534,0.000687319629643718
plot_1232,3,0.3760260616990273,2,8.678442874022258e-13,0.01788985032949865,0.6239739383001042,0.0,0.00023866460884989208,3.3411880040922384e-26,0.35789754676067953
plot_12334,3,0.2313055116380446,5,0.0,0.09019947282266831,0.00021292303828661754,0.00042408247002785154,0.14046903330706187,0.7686944883619554,9.018459162891302e-84
plot_12335,3,0.050198630785278184,5,0.0,0.005048596800958219,0.00016086996133787238,0.0,0.04476980633112075,0.9498013692147218,0.00021935769186131877
plot_12379,3,0.0023922198280862624,5,0.0020563993159143667,0.0,0.0,0.00033582051217191867,3.1467956095543532e-307,0.9976077801719138,5.573744674964966e-259
plot_12380,3,0.0006108084826581235,5,0.00012298287214817028,0.0,0.0,0.0,4.735575862242666e-308,0.9993891915173418,0.0004878256105099228
plot_12381,3,0.0015517454831855033,5,0.0013397663710117617,0.0,0.0,0.00021197911217376005,2.062125255951882e-307,0.9984482545168145,3.5183004160193594e-259
plot_12382,3,0.0020545507463030784,5,0.0014025177134618647,0.0,0.0,0.00022215367930562203,2.09507197009106e-307,0.997945449253697,0.00042987935353566237
plot_12405,3,0.04544818145601122,1,0.0008446052552389844,0.9545518185436321,0.0013453347750795974,0.03002593329227595,0.01323230813377329,3.6605941065091955e-20,3.0755600704522605e-104
plot_12422,3,0.5644767826620233,2,0.0,0.1661556587502495,0.4355232173379767,0.014612046902660668,0.005347310693173532,1.1773780989659508e-29,0.37836176631593954
plot_12427,3,0.36255894315001014,1,0.0,0.6374410568499672,0.19416228566920024,0.004134825359614754,0.002925032414891022,1.8077296190706805e-28,0.1613367997063268
plot_1243,3,0.4748181112273366,1,0.0005002796537673194,0.5251818887717202,0.26998685906573283,0.0,0.0072488708422151025,3.476668387774014e-13,0.19708210166621687
plot_1244,3,0.3026975880310817,1,0.06196249923240684,0.6973024119685222,0.06804771366064812,0.03895499905298127,0.11603176124772671,4.306053457599683e-11,0.0177006147946544
plot_1245,3,0.2308279282317383,1,0.0,0.7691720717682617,3.6079890143698265e-05,0.19630265944340047,0.03448918889819418,5.6926723085768346e-24,5.326687912757482e-108
plot_12456,3,0.23321563056340017,4,0.1113427175719819,0.000422646729905136,0.05343568612217438,0.066947076588776,0.7667843694365999,0.001067503550562837,6.382237723769884e-102
plot_12457,3,0.5641266861790951,1,0.11307827028975459,0.43587331381482386,0.18155214691909297,0.11687320162185252,0.14820324805290466,0.004419819301571317,6.781695196409267e-102
plot_1246,3,0.12319323307278687,1,0.0,0.8768067669271074,0.0024098218661509725,0.10177547815990538,0.018697920724338315,0.00031001232249792715,3.975855181428289e-53
plot_12466,3,0.7115031433914921,1,0.09491090838769364,0.4196629698814931,0.12660639681481878,0.28849685660850793,0.06866754496281753,0.0016553233446689026,3.115085135945862e-102
plot_12467,3,0.24792219497615517,1,0.028424559700325737,0.7520778050238448,0.047804420610799064,0.15073465251125032,0.020801774428568953,0.0001567877252110828,1.0300796036832472e-102
plot_1247,3,0.04144334885122723,1,0.0,0.9585566511486606,0.004239167213329115,0.031250718234423665,0.005388795135475122,0.0005646682681115015,7.204823162885303e-53
plot_12471,3,0.7259805914236777,2,0.0,0.04896228686287241,0.38507016544961326,0.2740194085763223,0.0003554250763895892,7.762648445195713e-34,0.2915927140348025
plot_12473,3,0.4711062736215327,6,0.0,0.044493911516784945,0.3482777958773652,0.07530993536687276,0.0030246308605097285,7.907817668785106e-33,0.5288937263784673
plot_12481,3,0.043983718667955155,1,0.0,0.9560162813320449,0.027586645371188132,0.00022747058201514654,7.171682989290986e-05,4.937834883824528e-30,0.016097885884858987
plot_125,3,0.011443374919382689,1,0.003572654294734683,0.9885566250806174,0.004349609917293621,0.0,0.0033815465060332488,5.4632373586397333e-17,0.00013956420132113918
plot_12503,3,0.43633990999001576,1,0.07828956834619172,0.5636600900097293,0.2017154673292543,0.0944361455405871,0.06164272457555317,0.00025600419868445734,1.985571357695742e-102
plot_12504,3,0.5812879401889857,4,0.08261114915973189,0.2165412182412204,0.20517190746445066,0.0665168813300843,0.41871205981101434,0.010446783993498507,1.6113137556766358e-101
plot_12505,3,0.6522801288257942,2,0.1138106109069775,0.166879269940016,0.3477198711742058,0.05533728588711863,0.2769044461293451,0.03934851596233698,7.556775034087842e-102
plot_12506,3,0.5575464969637067,2,0.06770011121431777,0.3402265026873198,0.44245350303629327,0.055973977977063785,0.09351033651466165,0.0001355685703438021,6.903739718466883e-103
plot_12507,3,0.6341247419173949,0,0.3658752580826053,0.2326079389902135,0.20571731535940563,0.09085110365730925,0.10118271518371914,0.0037656687267472394,3.4045016972690864e-102
plot_12508,3,0.5040750945765496,2,0.0,0.2787152753194168,0.49592490542345036,0.03351758514859856,0.02096366514539705,8.004156022068309e-24,0.17087856896313727
plot_12514,3,0.7199749784355605,1,0.00012176114144356015,0.35828893821050556,0.029360871291115316,0.28002502156443954,0.19582542632685043,6.586063134551455e-27,0.13637798146564561
plot_12515,3,0.7099871564800685,1,0.0008213566844595155,0.49015387244242825,0.08207534350894669,0.29001284351993134,0.1113425240395507,0.00023251210118845674,0.02536154770349507
plot_12516,3,0.6179907663583127,1,9.944287337128524e-286,0.536483472888819,0.05480628988602425,0.003469422085809922,0.38200923364168715,1.2542577603779779e-26,0.023231581497659658
plot_12517,3,0.3453314988934989,1,0.0,0.6546685011065011,0.03240530099659457,0.002949152553225211,0.23842272493506983,6.756490567479048e-27,0.07155432040860926
plot_12535,3,0.5693728180265123,6,0.23018189819467916,0.24204442512908014,0.05158910045841823,0.0005981187399840439,0.03500208994067132,0.009957185563679503,0.43062718197348765
plot_12550,3,0.629502647713549,6,0.16594097495444263,0.01673065109124256,0.336677298583694,0.04814462220546721,0.06200910087870265,6.768488440872321e-25,0.370497352286451
plot_12551,3,0.3723620241204398,2,0.08081780069355719,0.032744284163074004,0.6276379758795603,0.050969293247031325,0.10415569319318504,1.946481564696919e-25,0.10367495282359215
plot_12562,3,0.13744258817206204,1,0.031488789361417864,0.8625574118263971,0.08722275761578528,0.0005009869357447825,0.0071625790587448845,1.6259446952237102e-24,0.011067475201910218
plot_12563,3,0.2142159523024231,1,0.008619526575059261,0.7857840476972924,0.16666938811409435,0.007445714673044361,0.012673890070892087,4.561390563686158e-25,0.01880743286961743
plot_12567,3,0.1730325854380228,1,0.003594736133968308,0.8269674145619772,0.04960485427844813,0.046699700164098044,0.025092285562449038,7.970878858456137e-05,0.04796130051047476
plot_12571,3,0.57693024665711,6,0.1310420261947528,0.021684452678536324,0.12559736895177126,0.1164378764847529,0.019803405278109067,0.16236511706918777,0.42306975334288993
plot_12573,3,0.004475570797153713,1,0.0036196913334668925,0.9955244292028463,0.0,0.0,0.000518060900718154,0.00012840435503796475,0.0002094142079307545
plot_12582,3,0.5968987945314601,6,0.16449653738851702,0.1820807362847713,0.21959234029414884,0.025398264676358036,0.005330915887664747,6.592127412042196e-17,0.4031012054685399
plot_12583,3,0.5764723426380787,2,0.13704382186098396,0.023384485651577677,0.4235276573619213,0.07042065369280671,7.352634939374713e-05,4.62701479628594e-17,0.3455498550833167
plot_12584,3,0.484758044292726,6,0.13603531509859404,0.022412544707328487,0.23024945173292813,0.09598421903992349,7.651371395182285e-05,4.5825056564283953e-17,0.515241955707274
plot_12587,3,0.694614781596539,0,0.305385218403461,0.10841905737766414,0.2283006954778054,0.06648078744877,0.0014413669624796282,5.315406499575542e-16,0.28997287432981933
plot_126,3,0.019673411701230246,1,0.004456232665938664,0.9803265882987423,0.013906879116120449,0.0,0.0008407868151885004,3.4188917978565036e-17,0.0004695131040101114
plot_12609,3,0.0005468480056514046,5,1.8511066109410294e-05,0.0,0.0003008536127532057,0.0,7.553555323759515e-05,0.9994531519943486,0.0001519477735511856
plot_12610,3,0.001276626580535969,5,0.0002710005550847555,0.0003660255204823312,0.0002995865285403604,0.0,7.497448794420394e-05,0.998723373419464,0.0002650394884843314
plot_12611,3,0.0030470006771231716,5,0.0002716966214958872,0.0003692128981738841,0.0016322545796389094,0.0,0.000230566618066287,0.9969529993228768,0.0005432699597482185
plot_12621,3,0.28671958415195536,1,0.016281186878138773,0.7132804158480447,0.16223973106491085,0.003443730838063919,0.09841654419732149,0.0063383911735203245,1.0393153706513293e-100
plot_12622,3,0.2265336494441999,1,0.009939891340449472,0.7734663505552585,0.11788356158487125,0.0032772152521401226,0.08929100978620137,0.006141971481079318,1.0095910981435266e-100
plot_12647,3,0.3238899878494569,2,0.09283631819125311,0.0011239961303659532,0.6761100121505431,0.0,0.01640051943876522,0.0006466569623889253,0.21288249712668367
plot_12648,3,0.6120174964525547,2,0.02196663318270218,0.007057328510500451,0.5719883424239991,0.0,0.010851446343426602,0.00015374599192625581,0.3879825035474454
plot_12663,3,0.5792734582989423,6,0.03491145473265094,0.014884977703042502,0.1101133080247063,0.006018631156489454,0.4133450866820521,9.86598184546205e-16,0.4207265417010578
plot_12664,3,0.4866690162734306,4,0.09004169133470688,0.015823626524482885,0.16063630602148768,0.04138938476243872,0.5133309837265694,2.3942382002079697e-15,0.17877800763031204
plot_1267,3,0.04561963037688578,1,0.0,0.9543803696230433,0.0006882367427866729,0.0,0.04400556466417484,1.3641492775447836e-17,0.000925828969995321
plot_1268,3,0.05580177579864567,1,0.0,0.9441982242013544,0.0008490060976363237,0.0,0.053944367449155844,7.477908717427282e-23,0.0010084022518535207
plot_12682,3,0.3304876576284794,2,0.006233870039497513,0.010226743035642393,0.6695123423715206,0.0,0.016792145342581277,4.1351346190812735e-24,0.2972348992107583
plot_1269,3,0.0572354148609555,1,0.0002654365255566337,0.9427645851390445,0.0010247284075806272,0.0,0.054929882473585157,7.397964100024413e-23,0.0010153674542330675
plot_127,3,0.016883886871003603,1,0.0038033630802341814,0.9831161131288818,0.011919123339093977,0.0,0.0007647469632087591,3.038227300217795e-17,0.00039665348858135204
plot_1270,3,0.3185995234481633,6,0.16270717198325946,0.029944516613019653,0.06191289885752186,0.0004245805200053099,3.848133937368761e-05,0.0635718741349833,0.6814004765518368
plot_1271,3,0.13889731775076852,6,0.08866792692132727,0.00021567526597660096,0.015851300684949075,0.0,0.03416241487851555,6.410912839981938e-18,0.8611026822492315
plot_1272,3,0.22757944995951518,6,0.08111468859075276,0.0009924081455951336,0.05762056712462177,0.0,0.08785178609854553,1.8637158317566388e-17,0.7724205500404848
plot_1273,3,0.22783839359000413,6,0.06968795129207966,0.0012347634371392478,0.004393127655898569,0.0,0.1525225512048865,1.8461714778118558e-16,0.7721616064099959
plot_1274,3,0.3549078600746135,4,0.016677167962219776,0.02183135357711083,0.04427808211753417,0.0,0.6450921399253865,6.183365078633049e-16,0.2721212564177481
plot_1275,3,0.45499168132227463,6,0.06014931638566369,0.0043149241519675465,0.06462591221385655,0.0,0.32590152857078675,1.7108623814593158e-16,0.5450083186777254
plot_1276,3,0.662958784709492,4,0.0026296011952402177,0.3072199805445764,0.11154670943057855,0.0,0.3370412152905079,6.267566291216999e-17,0.24156249353909676
plot_1277,3,0.48174587603738017,6,0.003849786277018812,0.1789540004402425,0.1432350934121357,0.0,0.15570699590798293,2.3599628804931e-16,0.5182541239626198
plot_1278,3,0.5796725911139178,1,0.010275289539826333,0.4203274088860396,0.135501560256919,0.0,0.1648709663762133,3.867125907249365e-21,0.26902477494100185
plot_128,3,0.011343962702445682,1,0.0036156796552313836,0.9886560372975544,0.004525478745650223,0.0,0.0030652129370480567,5.306306392156124e-17,0.00013759136451600593
plot_1287,3,0.7251949297173397,6,0.27480507028266027,0.00810206924228531,0.10428629292620192,0.0,0.12982676617126812,3.005610077248305e-18,0.48297980137758445
plot_1288,3,0.592238833361838,6,0.4077611666381621,0.0008778285532927775,0.020838411457079598,0.0,0.05993396333631037,0.00022080586073336395,0.5103678241544218
plot_1289,3,0.31627990119910965,6,0.19460051018441196,0.005812529159073214,0.057411185251917525,0.0,0.058382380420122976,7.329618358400547e-05,0.6837200988008904
plot_129,3,0.015095634720780546,1,0.004141462019666882,0.9849043652791207,0.0005074989000012585,0.0,0.010446673801211125,7.778920638228941e-22,0.0
plot_1290,3,0.36011869365186544,6,0.23726621983997354,0.0007759531672962231,0.01622550887297683,0.0,0.10578801330028573,6.299847133308668e-05,0.6398813063481346
plot_1291,3,0.5228492291060679,4,0.09475587731313984,0.12601055240816783,0.26409549531203086,0.0,0.47715077089393215,1.4210513829044472e-25,0.03798730407272934
plot_1292,3,0.5915445707976703,2,0.01643818935547915,0.11439742566076966,0.4084554292023296,0.0,0.0942692572415798,2.4989269788288578e-22,0.3664396985398417
plot_13,3,0.48625061551283844,6,0.0011770790881980736,0.1106422489629309,0.05110072778969275,0.08835480609694304,0.23428532511654726,0.0006904284585263677,0.5137493844871616
plot_130,3,0.46294781087690673,4,0.0,0.25546820503823625,0.004312014249160867,0.0,0.5370521891230933,0.011134715420939105,0.19203287616857054
plot_1309,3,0.0009730491162917904,0,0.9990269508837082,0.00010071748009313164,0.0,0.0,3.0666303356756525e-16,0.00045720052058493285,0.0004151311156133964
plot_131,3,0.6781105945249077,0,0.3250649310582567,0.04968331708680299,0.18834914122658647,0.0005410757287637402,0.11447205733068679,7.20938111766438e-08,0.3218894054750923
plot_1310,3,1.7438302704472617e-13,0,0.9999999999999021,0.0,0.0,0.0,0.0,9.789386142746264e-14,1.8536725248923828e-187
plot_1311,3,1.8040355104091304e-14,0,0.999999999999982,0.0,0.0,0.0,0.0,1.8095097209255168e-14,3.560318442819234e-186
plot_132,3,0.3332640820880647,1,0.0,0.6667359179056617,7.460456747862281e-05,0.0,0.32314356254437576,1.0967839928350835e-19,0.010045914982483868
plot_1327,3,0.15659582152003904,1,0.008320215333746344,0.8434041784797277,0.004064330332749779,0.015231741490068451,0.07558568951134016,0.05339384485236742,8.389205717015354e-264
plot_1328,3,0.11735647612317407,1,0.001177558410814889,0.882643523876826,0.00504671077110954,0.003593227656775654,0.09511964632290643,0.012419332961567617,1.4147548782614037e-263
plot_1329,3,0.7147468853103703,1,0.0017219767799166368,0.39929920002782116,0.2852531146896298,0.0004728844949858686,0.31299134864409783,0.0002614753635487373,5.553647575361388e-284
plot_133,3,0.2221171463557764,1,0.0,0.7778828535810347,0.0002950235579783507,0.0002735471967941217,0.22154857566419273,7.496751040237718e-20,0.0
plot_1330,3,0.32990655888728915,1,0.13230980233917766,0.6700934411125465,6.28870281227011e-05,0.06068821133344767,0.026036068947729918,0.11080958923897555,0.0
plot_1331,3,0.3142750161326269,1,0.09671678984595473,0.6857249838673731,0.0,0.0156774000136096,0.12578777295873758,0.07609305331432503,0.0
plot_1335,3,0.43598849869984835,6,0.16548842578715695,0.001383701454933407,0.2457855499411612,0.0,0.023330821516596868,6.546827225537711e-22,0.5640115013001517
plot_1336,3,0.37842392171894146,6,0.11507643636078298,0.0284621941190267,0.19617331613197497,0.0,0.03865063559636197,6.13395107948844e-05,0.6215760782810585
plot_134,3,0.214490703163037,1,0.0056596769276100545,0.7855092968368835,0.185470382377336,0.0,0.02260675067502711,7.297916999384007e-27,0.0007538931831431895
plot_13427,3,0.34647521277540766,1,0.018377747129460376,0.653524787224301,0.0764413224035687,0.0,0.11947190144619504,0.1211191599288132,0.011065081867661714
plot_13428,3,0.4134322917326049,1,0.013108227342021586,0.5865677082493036,0.18907775557683026,0.0,0.018744547130639843,0.15606208010447803,0.03643968159672676
plot_1345,3,0.16864793285725058,1,0.16726052120436977,0.8313506961678293,0.0,0.0,0.0009534975732926795,0.0004352850545083062,8.408416143367228e-282
plot_1346,3,0.04872516470224254,1,0.048639780245426575,0.9512748352975858,0.0,0.0,8.538445698759963e-05,8.455823047873726e-20,2.617980712990166e-282
plot_1348,3,0.5065371992568319,2,0.054292707167983754,0.016970649915660906,0.4934628007431681,0.0,0.0042019060523739195,0.009836566720248335,0.42123536940056505
plot_135,3,0.1557120300881766,1,0.004937050515900078,0.8442879699033972,0.14781143041751782,0.0,0.001994584594054323,4.785628149608023e-27,0.0009689645691306556
plot_136,3,0.478630521178534,1,0.007271166665641791,0.5213694788210742,0.3545628820332529,0.0,0.011531533523374549,9.742916804898654e-06,0.10525519603985162
plot_1363,3,0.5303320031223671,4,0.04808740472217543,0.2149599037833655,0.12942170937072295,0.0,0.4696679968776329,1.551527835913795e-20,0.1378629852461033
plot_1364,3,0.5207590610260552,4,0.01030394969657703,0.29602550548617146,0.06427315261152364,0.0,0.4792409389739448,3.610618391071476e-20,0.1501564532317831
plot_1365,3,0.4217961782824372,1,0.002221371463774955,0.5782038217175431,0.012642890236694149,0.0,0.3492528536653907,2.4304243800394683e-19,0.057679062916597065
plot_137,3,0.23597263546649594,6,0.0018046725686026543,0.14856933377806997,0.07616766863502873,0.00022037948193478967,0.009210581002850443,9.32696893182126e-15,0.7640273645335041
plot_1379,3,0.6638548726414092,4,0.0828550626024685,0.11863020154599688,0.3361451273585908,0.0,0.38141304549355415,1.2489841283310463e-25,0.08095656299938966
plot_138,3,0.2511479553304512,4,0.052219370928237904,0.005692902524321929,0.09842012556958887,0.07506033938576315,0.7488520446695488,1.530753140279433e-10,0.019755216769464064
plot_1380,3,0.6197585721676022,0,0.3802414278323977,0.028604747840040974,0.08979477171439523,0.0,0.19784292083243843,9.055191953185122e-05,0.3034255798611958
plot_1381,3,0.4730002564484509,6,0.24265668960047457,0.0006814200576754371,0.060504488541595625,0.0,0.1654813422817506,0.0036763159669547215,0.5269997435515491
plot_1382,3,0.7201237870305714,6,0.2798762129694286,0.04326738123570063,0.12922759188083197,0.0,0.10996630429154908,3.1125107334510206e-14,0.4376625096224587
plot_1384,3,0.3998998453489804,6,0.009595544579504657,0.1948648535277855,0.07755652286918938,0.0,0.117882924372154,3.4686495199247885e-13,0.6001001546510196
plot_1385,3,0.4814411774394479,6,0.018740545576487307,0.017350030053392678,0.21494716402929234,0.0002646340282701979,0.1548574125217203,0.07528139123028511,0.5185588225605521
plot_1386,3,0.5504411252939907,6,0.07479103132606538,0.008482406002120595,0.006837624528585099,0.0,0.44955887470600936,0.0001843575440736603,0.46014570589314596
plot_1387,3,0.3693053051546173,6,0.08056940484326512,0.0039666779315731425,0.011694752228707065,0.0,0.27291081149085916,0.0001636586602128631,0.6306946948453828
plot_139,3,0.024161608979397675,1,0.0003407434054258769,0.9758383910206023,0.005852570704970981,0.009654974497394525,0.0025998334331467773,0.005036270830613906,0.0006772161078456019
plot_14,3,0.5317321423475614,4,0.00879313561356058,0.08884009636624413,0.24405903391280734,0.005174545246435777,0.4682678576524386,2.258242593671401e-25,0.18486533120851364
plot_1403,3,0.210299068294036,6,0.07734357502645844,0.010355415422202483,0.07808684580656644,0.0,0.04451323203880697,1.6461414045332573e-15,0.789700931705964
plot_1404,3,0.5836016653570881,1,0.000296073052618714,0.5581116285460113,0.0020431379035611165,0.0,0.416398334642912,4.712970711086203e-19,0.023150825854897052
plot_1406,3,0.6844856683741813,4,0.0005692092520009813,0.3155143316258187,0.22191790996362623,0.0,0.4136104356274528,0.0005884235480086945,0.04779968998309262
plot_1407,3,0.591347619935596,4,0.010224908044607288,0.10515253517394692,0.03077741427372585,0.0,0.44499794196371467,0.00019482047960142255,0.4086523800644039
plot_14226,3,0.23446514777392227,0,0.7655348522260778,0.0326406187459778,0.0,0.0,9.938365369058207e-14,0.06747447485051132,0.1343500541773338
plot_1423,3,0.4874795345558077,0,0.5125204654441923,0.4521501560033849,0.000877901553022429,0.0,0.023290603751042076,0.011160873248358358,1.1985675824501891e-281
plot_14320,3,0.6863205197537601,6,0.09175502939136698,0.016557653446500106,0.0011688077627890485,0.18204426116911454,0.31367948024623993,6.6539231569851775e-18,0.3947947679839895
plot_1440,3,0.23409327296839375,1,0.0,0.7659067270315225,0.0007130091483727568,0.0,0.23338026382010474,3.9103577455012517e-19,2.0293608639328804e-104
plot_1446,3,0.4123885769555673,6,0.12811494500607912,0.0021016698439905983,0.055779225373064845,0.00011678123209473446,0.22596397136565177,0.00031198413468631143,0.5876114230444327
plot_1447,3,0.6875657906630779,6,0.10853494712685474,0.06809422033648008,0.17630406060292764,0.0,0.3124342093369217,4.562690005921214e-16,0.3346325625968155
plot_1448,3,0.38404110044630013,6,0.16931619313523116,0.00540708808939097,0.030976891649075886,0.0,0.17834092757260203,1.4040911551106106e-16,0.6159588995536999
plot_1449,3,0.5363316331067474,6,0.20657651382767772,0.0070495690510139885,0.29217703274590945,0.0,0.030394559667475722,0.0001339578146704012,0.4636683668932527
plot_1450,3,0.44006694430825166,6,0.11299907937200976,0.010337916324000058,0.24119862924278918,0.0,0.0755313193694527,7.327644422654989e-22,0.5599330556917483
plot_1451,3,0.5241534864810933,6,0.006664949266183185,0.1194006951380076,0.09934797783812607,0.0,0.2987398642387764,1.6923967646401634e-20,0.47584651351890683
plot_1453,3,0.20223412863668172,1,0.0,0.7977658713633183,7.861829880331263e-05,0.0,0.18141360721510527,0.02074190312277316,1.2199437289182747e-104
plot_1454,3,0.4276187510834889,1,0.006133264552404284,0.5723812489165111,0.012984778068785952,0.0,0.40850070846229863,3.4366988012886386e-20,7.02142592666172e-263
plot_1455,3,0.6231444787024571,4,0.009969062172398435,0.22961509361550114,0.37685552129754285,0.0,0.38356032291455766,5.627429651655437e-19,1.170463344296034e-261
plot_1456,3,0.17341724523095592,1,0.16806244259289044,0.8265827547690441,0.0002639998996050698,0.0,0.004646594836803264,0.00044420790165719537,8.414872271143766e-282
plot_1459,3,0.6537146015425354,0,0.34628539845746464,0.3380443801028905,0.018488842730282343,0.019082279904763706,0.0004906166557291612,0.013882105337139692,0.26372637681172995
plot_1460,3,0.22632533767106677,1,0.008086523922562126,0.7736746623289332,0.008990878695300575,0.01830907556054471,0.09045660114770505,4.374892658098529e-22,0.10048225834495432
plot_1461,3,0.3211051795756815,4,0.10316402404498111,0.09864414459424607,0.05783762664650089,0.0,0.6788948204243185,0.002232552469808022,0.0592268318201454
plot_1462,3,0.2152532762748917,1,0.0010247242036132344,0.7847467237251083,0.0020904553879684223,0.15025166514876556,0.005872388046233095,6.224955445624179e-26,0.05601404348831139
plot_1463,3,0.5439142789844076,2,0.08822296812912891,0.14077610344991254,0.45608572101559236,0.0,0.1131489473124585,1.2918601124957607e-22,0.20176626009290766
plot_1464,3,0.29593263714440277,6,0.004266489812698453,0.03260144921446532,0.22235088416301915,0.0,0.03671381395421989,2.444028947083787e-22,0.7040673628555972
plot_1465,3,0.3400649147192957,6,0.0015733040292390064,0.07925047751796338,0.22215594472317063,0.0,0.03708518844892272,1.0934730073568173e-22,0.6599350852807043
plot_1466,3,0.6200582302204363,2,0.10466503708677519,0.088872914801924,0.3799417697795638,0.0,0.32227231971342885,1.6334444218192175e-21,0.10424795861830816
plot_14725,3,0.6543700852733529,5,0.1438367576931983,0.3456299085789688,0.0,0.0,6.147678089299398e-09,0.5105333275801548,2.0643280636718782e-267
plot_14726,3,0.426433845649167,5,0.2165586815108408,0.20987516040530174,0.0,0.0,3.7330245244591655e-09,0.573566154350833,1.3667400309803663e-267
plot_14727,3,0.5052849254622016,1,0.02380261801225312,0.49471507453778507,0.09112126400410886,0.0005062510246971725,0.17345643475756736,2.5388725942236177e-22,0.21639835766358828
plot_14728,3,0.2564901000442572,6,0.0866471677082658,0.0238864411735395,0.1396166095027368,3.2233312777141224e-05,0.006307648346937985,3.581222734420048e-22,0.7435098999557428
plot_14729,3,0.4115317440317644,6,0.030802106314520183,0.16486255474623154,0.14794900487959337,0.0013445428772793238,0.06657353521414006,2.4571216973601615e-22,0.5884682559682356
plot_14730,3,0.6957218907585638,6,0.13173501409861477,0.012026320317061523,0.3042781092414361,2.0319410260248262e-05,0.003492480925024453,1.0275788229400922e-21,0.5484477560076029
plot_14731,3,0.46145310288327884,1,0.08492705120798312,0.5385468971160539,0.07555167610613933,0.00042637222183317244,0.1596742032219262,1.5143000976560728e-22,0.14087380012606443
plot_14751,3,0.346033646406414,6,0.09234034355053025,0.07156721200555272,0.1675036273748437,3.5689607520630573e-05,0.014586773867966647,3.946420030591756e-22,0.653966353593586
plot_14752,3,0.7046303562862244,6,0.09388655667288229,0.19385014094616038,0.2953696437137756,0.00014061644078952894,0.06416235843920351,1.4329738053358e-22,0.3525906837871887
plot_14753,3,0.6371441373882963,4,0.19763562136642318,0.35970005108221415,0.04237501719378398,0.006607620469381736,0.3628558626117036,1.4300705877168143e-22,0.030825827276493245
plot_1476,3,0.38667156209526243,1,0.08827401880735222,0.6133284379047376,0.09912834393431347,0.0,0.010844249212554953,0.17228712765837356,0.01613782248266823
plot_1477,3,0.6941724489368191,6,0.0007973540971136806,0.02079897460823156,0.305827551063181,0.0,0.0920376930656113,3.554452792418864e-22,0.5805384271658626
plot_1478,3,0.2004684937284218,6,0.008205712428480108,0.012415376168601545,0.1416693863445332,0.0,0.038178018786806975,1.6572558926390992e-22,0.7995315062715782
plot_14780,3,0.00024521391303713275,1,0.0,0.9997547860869629,0.0,0.0,0.00010040486584566391,0.0001448090471914893,6.810859652795768e-106
plot_14781,3,0.000318738239580534,1,0.0,0.9996812617604195,0.0,0.0,0.00030266927954358184,1.6068960036978957e-05,0.0
plot_14782,3,0.6780436527709648,5,0.32195634722903516,0.0011369324181567623,0.10212188484671028,0.000724403881776102,0.15635133102841503,0.4074444530610579,0.010264647534848792
plot_14783,3,0.4416517421767635,4,0.013716385238548096,0.26438391629620206,0.16152337388669968,0.002028066755313712,0.5583482578232365,1.3921229956829684e-19,2.9148518150346344e-104
plot_14784,3,0.3081971384943995,4,0.010591042433647623,0.12031890075822055,0.1772871953025314,0.0,0.6918028615056006,8.12859601347926e-20,1.517883647411998e-103
plot_14785,3,0.3613778018278213,4,0.003262536007422941,0.20388009186272527,0.1542351739576729,0.0,0.6386221981721787,2.3635700503369576e-16,2.836422004489428e-103
plot_14794,3,0.5298934001187917,1,0.0006338620751539358,0.4701065998720793,0.08353089073909903,0.0,0.44545884503711863,0.0002698022765490599,1.121874722938865e-103
plot_14795,3,0.4118754658667038,5,0.14235942105743696,0.0,0.004589376082221147,0.0,0.1832356534222879,0.5881245341332961,0.08169101530475775
plot_14796,3,0.4433002537217865,5,0.1117642707976998,1.6392040229649762e-147,0.07106321675344325,0.0,0.2391106231885231,0.5566997462782135,0.021362142982120316
plot_14797,3,0.6369056527608691,4,0.0,0.04426365556464425,0.08619298057215159,0.0,0.5047436347900287,0.0017053818340445075,0.3630943472391309
plot_14798,3,0.5206321121539825,4,0.26979991692356414,0.0,0.0002928292673098,0.0,0.4793678878460175,0.061090807266191996,0.1894485586969165
plot_1480,3,0.055065590770408,1,0.00019931563460769412,0.9449344092294075,0.0008921698360309276,0.0,0.04935905671625347,2.706798153973724e-05,0.004587980602160667
plot_14801,3,0.4550823286958351,6,0.30666847764220895,0.006569132753797551,0.13291996034964634,0.00041351368953003806,0.00851124426065227,1.3531213605626572e-20,0.5449176713041649
plot_14802,3,0.5212710969111136,0,0.4787289030888864,0.15081849341811063,0.010305215206155183,0.1016591442064879,0.25693716949072737,3.9819318650307454e-25,0.001551074589632621
plot_14803,3,0.3113790532623115,4,0.14162842409295484,0.0,0.0024390714609645544,0.0,0.6886209467376885,0.132123151654658,0.03518840605373419
plot_14804,3,0.3833480765615091,4,0.12316625809828174,0.0,0.005885762666854247,0.0,0.6166519233631792,0.23224812227742336,0.022047933594261424
plot_14805,3,0.5340608552895014,6,0.2225861447721954,0.0,0.0002226526488047796,0.0,0.19923584682729706,0.1120162110412042,0.46593914471049863
plot_1481,3,0.1962471105304379,6,0.06616758424038272,0.013874388720183758,0.07625391983785967,0.0,0.03995121773200301,8.769400295825223e-15,0.8037528894695621
plot_14811,3,0.24347221756199375,6,0.09964371934684013,0.014130845359258869,0.12661853362983228,1.6417178845544208e-05,0.0030627020472169097,4.239997391634246e-22,0.7565277824380062
plot_14904,3,0.6951208333651678,1,0.3048791666348323,0.5505160518685659,0.00019165363462419457,0.0,0.02360627916411135,0.12080684869786637,0.0
plot_14905,3,0.194198138169787,1,0.12803849184332078,0.805801861830213,2.801858606245296e-05,0.048706978243063526,0.015249909119063761,0.001651025763693568,0.0005237146145828911
plot_14906,3,0.4573610616807086,1,0.3799730164525747,0.5426389383132388,0.0047225927902328465,0.0002005451435859119,0.0008640662026391596,0.0711064209416278,0.0004944201561009141
plot_14907,3,0.33212112233251045,1,0.24209773841650328,0.6678788776674895,0.000439617040336769,0.002131762077399824,0.0003398958591596492,0.08705147953663209,6.0629402478855384e-05
plot_1497,3,0.3607315020769203,1,0.09634610707245897,0.6392684961603928,0.0015014276131080145,0.0,0.2433562356312918,0.019527733522748406,1.726514319840212e-282
plot_15,3,0.5273911718333648,6,0.009479408594690812,0.045138944559466945,0.16187513701173478,0.03895776879238908,0.2719399128750833,5.390550162806057e-25,0.47260882816663513
plot_1500,3,0.12063816199211849,6,0.06313501493726667,0.0022731584011160817,0.010793919155868723,0.0,0.04443606949786656,4.2521349203021013e-16,0.8793618380078815
plot_1501,3,0.11062237376783529,6,0.020738646235723378,0.0002569968135968809,0.0011689208280390394,0.0,0.08845780989047576,1.8775808757180929e-16,0.8893776262321647
plot_1502,3,0.05775767200363037,6,0.01778147040623848,0.008113450859047187,0.01375797383970707,0.0,0.01810477689863195,5.7000295365184955e-15,0.9422423279963696
plot_15049,3,0.5477375524720991,1,0.4522624475278102,0.506673883007896,0.0003599758953392283,0.0005152607403898239,3.932836163272822e-05,0.040149104466932095,2.3318408560340197e-106
plot_15056,3,0.23487709449245384,1,0.0005046696978413866,0.765122905507531,0.054327863939453075,0.0022174329554424926,0.17774880818721348,8.962174272747336e-25,7.831971251853761e-05
plot_15069,3,0.628591199288199,1,0.00019239471025685114,0.4447362875278357,0.1833253447009749,0.00032278986073669945,0.3714088007118011,3.759868422567811e-25,1.4382488394588151e-05
plot_15070,3,0.41390108930623043,2,0.027044296861756544,0.19564330475528802,0.5860989106937696,0.05461673469352558,0.1276866399127319,2.439192054164125e-19,0.0089101130829284
plot_15229,3,0.3356887143685628,1,0.00016414711543067965,0.6643112856309271,0.05792113876582556,0.0019952779584019595,0.275528555469188,4.921959115886264e-25,7.959506022668071e-05
plot_15247,3,0.4241498746444634,2,0.007167053383945074,0.28565874874085684,0.5758501253555366,0.011677327009109454,0.11856516458905118,7.677321455822991e-20,0.0010815809215008146
plot_15253,3,0.22679655638178547,1,0.10641589121557572,0.7732034436182146,0.00014138936833488393,2.8420790318869104e-05,0.018561998235568124,0.1016488567719879,0.0
plot_15289,3,0.5141828160410804,6,0.2713108047728923,0.020405365732595056,0.00025855880902442865,0.1313709700801278,0.09083711664644076,1.4878004060176114e-17,0.48581718395891965
plot_15326,3,0.31476273274749467,0,0.6852372672525054,0.0007321625578959085,0.0178317234953073,0.01754006670655599,0.08211425484388782,1.9048355879456072e-19,0.19654452514384768
plot_1536,3,0.47529961583792013,0,0.52470038416208,0.3805717630926562,0.013179530540995911,0.0,0.0125271315974113,0.0681767136871462,0.0008444769197106107
plot_1537,3,0.5148853971082205,1,0.48511460289177966,0.49164012433459237,0.0007595202264177984,0.0,0.014482155086886628,0.008003597460323553,2.948525664612117e-281
plot_15377,3,0.4134743653707555,4,0.01928717840242143,0.05288202817617847,0.051323917475147154,0.0027206274638681893,0.5865256346292446,5.048451589190994e-16,0.2872606138531397
plot_15378,3,0.33875649882129777,1,0.0013910802391540792,0.661243501178395,0.11195690292984936,0.0024355406127974043,0.2228803101973938,1.2180603482027109e-24,9.266484241026216e-05
plot_15379,3,0.3233000765218343,1,0.0021986391132890826,0.6766999234781507,0.13686777750479032,0.007038711799782888,0.1768743144530858,4.3376067058524476e-21,0.0003206336509013044
plot_1547,3,0.01836259698279894,1,8.34835975718969e-05,0.9816374030171796,0.00014259986632226299,0.0,0.01813651351892624,4.588398695957023e-22,1.442303941560716e-104
plot_15490,3,0.2840420484277858,1,0.18418078988249637,0.7159579515722142,0.00045619806842373196,0.0037711440141559565,0.0007619868494950429,0.09480900832863995,6.292128457473674e-05
plot_15491,3,0.41016371778487537,1,0.2823028563530817,0.589836282215111,0.003669323357415856,7.667125465114297e-05,0.0016256968208444354,0.12202542893698033,0.00046374106191559905
plot_1558,3,0.48806277210334337,4,0.055982554374990966,0.30480229979495654,0.015053093254792614,0.0,0.5119372278966566,0.00010716637772242637,0.11211765830088083
plot_15580,3,0.10708858749857586,0,0.8929114125014241,0.0007225605039980895,0.024124237193743115,0.0,0.00016198092378606852,1.5215614628266204e-07,0.0820796567209023
plot_1559,3,0.5485432281636433,4,0.04400399024009405,0.1871330886654242,0.02680434302998784,0.0,0.4514567718363568,1.764473999752514e-05,0.2905841614881397
plot_1560,3,0.04194729985355359,1,0.0011668583235874088,0.9580527001463525,1.0322605633509054e-05,0.0,0.03479646224093867,9.241391183795584e-16,0.005973656683487122
plot_1561,3,0.29255288404990987,1,0.1467587238657547,0.7074471159500901,0.0,0.0,0.13974507150595616,1.1640550345687608e-14,0.006049088678187334
plot_1562,3,0.453165325909858,6,0.057719835837317476,0.17480896757110426,0.15899137213201364,0.05455282974462876,0.0018305973250769575,0.005261723299716888,0.5468346740901421
plot_15622,3,0.3201193399831669,4,0.0003726235607169774,0.31911023127456195,0.0006364851478879468,0.0,0.6798806600168331,2.9050569414773763e-21,3.975546119600609e-264
plot_15628,3,0.144821829639531,1,0.1436928609604102,0.8551781703604691,0.0,0.0,0.0008163553376589854,0.0003126133414618334,7.345662705197864e-282
plot_1563,3,0.5409555257877704,0,0.45904447421222966,0.004642474983889047,0.0643059444121435,0.0,0.13209967140822315,9.059794484740042e-17,0.33990743498351467
plot_15635,3,0.004208530486933722,1,0.0,0.9957914695072131,0.0,0.0,0.0032245053091521777,0.0007953936089238677,0.00018863157471078117
plot_15636,3,0.5017059640824693,0,0.49829403591753074,0.012532902400849545,0.02078358804069773,0.0003473105302712631,0.08838603164060221,5.553642820535859e-18,0.3796561314700485
plot_15637,3,0.5303009991082647,4,0.08642637636365698,0.26830702049216143,0.09823648535319222,0.0,0.46969900089173544,4.716894365064225e-25,0.07733111689925404
plot_15638,3,0.1582259816848714,1,0.009762658307917829,0.8417740183145525,0.009711745298143455,0.007852011770448702,0.05874914528634739,1.31692363056088e-16,0.07215042102259012
plot_15639,3,0.018876555243798533,1,0.0002552850224451117,0.9811234447562015,0.00026620112991305593,0.0,0.01812597344649783,1.2231141146170337e-17,0.00022909564494255657
plot_15643,3,0.4969636785556668,2,0.1674211927716412,0.0010980167187271896,0.5030363214443332,0.0,0.016390227991507876,3.4563686945841466e-19,0.3120542410737906
plot_15646,3,0.02206082646811703,6,0.0033333555970098683,0.0008658058962248432,0.00155483247877237,0.0,0.01630683249610935,6.108887435247253e-16,0.977939173531883
plot_15647,3,0.45869336950533035,6,0.01582610459505943,0.0719457381477614,0.32145891760794476,0.0,0.04946260915456475,1.9859779363829555e-22,0.5413066304946696
plot_15658,3,0.16940514784281924,1,0.06213026971530619,0.8305948521571808,0.025687591370508907,0.0,0.07782057337829767,1.5748496388774266e-21,0.003766713378706476
plot_15660,3,0.4583561540075977,4,0.1733931864003181,0.20822169934778628,0.0014999140275154244,0.005263807482970854,0.5416438459924023,4.4230567756140775e-05,0.06993331618125094
plot_15668,3,0.1740610570794328,1,0.00031170898302976485,0.8259389429205672,0.01079187925267477,0.0001754669994348565,0.1626849796370642,9.702220722928603e-05,2.017818730490774e-262
plot_15669,3,0.3384748062874392,1,0.01408458848297241,0.6615251937125608,0.13106254699020758,0.00020543860522823985,0.19290312923529085,0.00021910297374017022,4.955135910597609e-283
plot_15671,3,0.42444201345343474,1,0.014608133967192094,0.5755579865417966,0.024391964494363122,0.10099664601521122,0.0008030549144351099,0.0002356800404625202,0.2834065340265395
plot_15675,3,0.023540796117413994,1,0.0235405996855854,0.9764592038824157,0.0,0.0,1.9643199893371588e-07,4.0828405074893164e-20,1.2630338105603138e-282
plot_15678,3,0.13494333861190835,1,8.088823060065657e-05,0.8650566613880917,0.00013816667233062466,0.0,0.13368158668235203,0.0010426970266250587,5.148166906416122e-105
plot_15679,3,0.17599492359044036,1,0.03519527962702277,0.8240050764095597,0.0,0.005837522120308846,0.07049959208744208,0.0644625297556667,1.5426534484146812e-263
plot_15688,3,0.158225981683616,1,0.009762658307917827,0.8417740183142094,0.009711745298143455,0.0078520117704487,0.05874914528669037,1.3169236305608797e-16,0.07215042102259012
plot_15695,3,0.335688714368882,1,0.00016414711543067965,0.6643112856310098,0.05792113876582556,0.0019952779584019595,0.2755285554691053,4.92195911590227e-25,7.959506022668071e-05
plot_15696,3,0.4241498746444634,2,0.007167053383945074,0.28565874874085684,0.5758501253555366,0.011677327009109454,0.11856516458905118,7.677321455827911e-20,0.0010815809215008146
plot_15697,3,0.7013228179703902,1,0.033603284928157826,0.36459784464362305,0.007461183669288119,0.1532770215656786,0.2986771820296098,7.168982046797285e-16,0.142383483163642
plot_15698,3,0.224071031636775,1,0.007251500700992251,0.775928968363203,0.014863677357177177,0.008726785690755115,0.013426096376339246,1.8318007279722887e-16,0.17980297151153282
plot_15700,3,0.41390108930623043,2,0.027044296861756544,0.19564330475528802,0.5860989106937696,0.05461673469352558,0.1276866399127319,2.439192054304357e-19,0.0089101130829284
plot_15716,3,0.6027107521532642,1,0.008904425451382298,0.500228817590257,0.06424813373915503,0.007981420562005688,0.02134795481046404,2.4916679359016495e-16,0.39728924784673586
plot_15717,3,0.4114784220769902,1,0.054338473913385046,0.5885215779230087,0.00937653339390265,0.15444047600786773,0.15810751157249722,2.0618097749126033e-16,0.03521542718933827
plot_15718,3,0.32623035023040503,1,0.0006143893425350565,0.6737696497695799,0.1342526658647821,0.0008243891109735444,0.19053890591212935,2.628413436842493e-24,1.7519766060664833e-96
plot_15721,3,0.628591199288199,1,0.00019239471025685114,0.4447362875278357,0.1833253447009749,0.00032278986073669945,0.3714088007118011,2.249904821199901e-25,1.4382488394588151e-05
plot_15722,3,0.581544934919275,6,0.08938290162741286,0.2451284311701602,0.06136464294985114,0.028416129009835006,0.15725283016201358,2.367616274288199e-15,0.418455065080725
plot_15723,3,0.684150987000001,0,0.3158490129999898,0.14501671925307502,0.06482320173753917,0.09006784137785495,0.10793691311343295,9.201884435980924e-15,0.27630631151809903
plot_15724,3,0.43661820603825574,0,0.5633817939617443,0.15844479854396054,0.0,0.0,4.824302844904695e-13,0.12738493458925224,0.1507884729045605
plot_15725,3,0.6848610822189234,0,0.31513891778106895,0.14320902528656906,0.06285624414253822,0.09380755244566324,0.1262043722666798,7.506266983717775e-15,0.2587838880774731
plot_15726,3,0.3387564988202511,1,0.0013910802391540792,0.6612435011780872,0.11195690292984942,0.0024355406127974043,0.22288031019770166,1.218060348278612e-24,9.266484241026216e-05
plot_15727,3,0.6269323042264493,1,0.0020838818069957377,0.43327560152107925,0.14236753537022234,0.04278313165922372,0.3730676957735508,3.9761763707914924e-21,0.006422153868928138
plot_15728,3,0.6903634516301064,0,0.5670645012652124,0.05297074948750219,0.0,0.0,1.6128452293647821e-13,0.07032820087723057,0.3096365483698936
plot_15729,3,0.697788626310788,0,0.3929968888978577,0.30221137368829004,0.0,0.0,9.201685402392446e-13,0.2677486697517307,0.037043067661201474
plot_15734,3,0.6027107521532642,1,0.008904425451382298,0.500228817590257,0.06424813373915503,0.007981420562005688,0.02134795481046404,2.4916679359016495e-16,0.39728924784673586
plot_15735,3,0.19129874776674005,1,0.020556836032637235,0.8087012522332584,0.0044317123326001314,0.02653512592393745,0.11513263465597011,1.838416250493442e-16,0.024642438821596446
plot_15736,3,0.44194091592365464,1,0.016866524609401082,0.5580590840763454,0.0594058707771569,0.008597269616923257,0.028331976719472438,4.45951659453187e-16,0.3287392742007006
plot_15737,3,0.6399563680295881,1,0.004687830967301241,0.3775985707286615,0.24899870114197925,0.008074545911186753,0.3600436319704119,3.844189120232625e-20,0.0005967192804593788
plot_15740,3,0.45803845476355487,5,0.3062309173982445,0.12876325677392658,0.0,0.0,2.2755690255851504e-11,0.5419615452364451,0.02304428056862813
plot_15744,3,0.36223580540886446,5,0.2650753183489581,0.07046926935711714,0.0,0.0,4.1955841255335336e-10,0.6377641945911355,0.026691217283230873
plot_15749,3,0.5359399685379338,0,0.46406003146206626,0.10955562063971407,0.0,0.0,2.3326793016702045e-11,0.3149164240376777,0.11146792383721527
plot_15751,3,0.36204794739594315,1,0.06017583777826728,0.6379520526021176,0.019771448805532898,0.07048665164226292,0.05861970262017109,1.5184506003931532e-15,0.1529943065516467
plot_15755,3,0.4204113875615382,1,0.01526818039794579,0.5795886124384463,0.07053082444614993,0.03041253373014154,0.04250475805121062,4.000081151253892e-16,0.2616950909361056
plot_15756,3,0.6593012610237228,3,0.1458604754944401,0.1588464676995401,0.02481436781082711,0.3406987389762771,0.14688667718876267,3.8511883582340154e-15,0.18289327283014892
plot_15757,3,0.19129874776674008,1,0.020556836032637235,0.8087012522332584,0.0044317123326001314,0.02653512592393745,0.11513263465597011,1.838416250493442e-16,0.024642438821596443
plot_15758,3,0.390018371934048,1,0.0026806359588757967,0.6099816280659228,0.23238311384361343,0.007942603356063165,0.1466480856122354,5.0486753473627664e-21,0.0003639331632893658
plot_15764,3,0.4134743653707555,4,0.01928717840242143,0.05288202817617848,0.05132391747514716,0.0027206274638681893,0.5865256346292446,5.047090381435882e-16,0.2872606138531397
plot_15773,3,0.5681301425678951,6,0.08950120525067745,0.2451404908621575,0.06132059280716148,0.015353557481021086,0.1568142961668752,2.370748694385441e-15,0.431869857432105
plot_15776,3,0.36204794739703927,1,0.06017583777826727,0.6379520526024496,0.019771448805532894,0.07048665164226292,0.05861970261983914,1.5184506003931532e-15,0.15299430655164664
plot_15779,3,0.41147842207698493,1,0.054338473913385046,0.5885215779230074,0.00937653339390265,0.15444047600786776,0.1581075115724985,2.0618097749126033e-16,0.03521542718933827
plot_15781,3,0.6354376131540799,1,0.033603284928157826,0.364597844643623,0.0074611836692881186,0.36456238684592013,0.08739181674936827,7.168982046797284e-16,0.14238348316364197
plot_15782,3,0.2183189489749621,1,0.008119085002887787,0.781681051025036,0.014170299671522356,0.008210375989924645,0.019534599708822778,1.69992100080963e-16,0.16828458860180595
plot_15783,3,0.4204113875615493,1,0.015268180397945788,0.5795886124384493,0.07053082444614993,0.03041253373014154,0.04250475805120758,4.000081151253892e-16,0.2616950909361056
plot_15784,3,0.5993348015118397,6,0.1513771170918978,0.16815010169066036,0.02244346318147731,0.13249793425098624,0.12486618529681405,3.996523539332898e-15,0.40066519848816035
plot_15785,3,0.7329579269492035,1,0.01521069066808777,0.3092949300929654,0.2670420730507964,0.007561748805776905,0.09466959408492526,4.0225763898894585e-16,0.30622096329744786
plot_15788,3,0.507679199295194,4,0.08435871891137382,0.10827352503505878,0.2509981525628059,0.0,0.492320800704806,2.000388411247362e-25,0.06404880278595554
plot_15789,3,0.5962514498102647,2,0.08522663176510023,0.028510941437129997,0.4037485501897354,0.0,0.29027792478312386,1.833679005472724e-18,0.1922359518249106
plot_1582,3,0.670277559826898,4,1.2997790117522525e-15,0.20940135505791085,0.3297224401731021,0.0,0.4124468656329742,0.00031002410420913123,0.048119315031802445
plot_1584,3,0.48298948544019726,4,0.05273243413616086,0.20159893537745882,0.13839053166879084,0.00045665575327792716,0.5170105145598027,2.794350273178087e-19,0.08981092850450875
plot_15873,3,0.5864735611597749,6,0.09124344373303205,0.028875289015804915,0.2935146030893032,0.0001940535143963801,0.009490973919605985,0.16315519788763239,0.41352643884022516
plot_15879,3,0.46686088626372846,2,0.0016680036315963266,0.27245692430087126,0.5331391137362715,0.004352412141044308,0.15784180861198355,5.248894492938903e-09,0.030541732329338503
plot_15881,3,0.20016340040079167,1,0.014045933813001218,0.7998365995991296,0.014529494641667804,0.003415417611980155,0.10685924831671685,9.762696792628598e-12,0.061313306007741736
plot_15887,3,0.6794208851702275,1,0.09618072225809277,0.5733895303669202,0.00023823691078157604,0.0005539160778730515,0.3205791148297726,0.00905847955655973,7.001088066309115e-263
plot_15889,3,0.16279291198964252,6,0.047164729961174996,0.0156378358537022,0.04219474461080257,0.0,0.05779560156396231,4.443281191845572e-16,0.8372070880103575
plot_15897,3,0.6652238651390685,6,0.2521555040596806,0.027295514570113442,0.19975802968565132,0.00011781906325951682,0.18482272939930772,0.0010742683610558256,0.3347761348609316
plot_15899,3,0.715919716295925,1,0.00018587974029012595,0.3100860605250519,0.05249507697874107,0.2840802837040749,0.23393749582444898,4.342408816281728e-05,0.11917177913923027
plot_15914,3,0.3745060214750533,2,0.09893095309265074,0.028691850563003468,0.6254939785249467,0.06504427073795414,0.11311390579350983,0.06384655794492473,0.004878483343010466
plot_1592,3,0.23826792387880977,1,0.0,0.761732076120786,0.0007027639855721894,0.0005764605614890056,0.06317250891210081,0.1733659869587578,0.0004502034612943604
plot_1593,3,0.2756795100268589,1,0.0,0.7243204899730328,0.0005848408003595621,0.0009872997784729997,0.07303682580393711,0.20083872667215458,0.0002318169720429694
plot_1594,3,0.6681363843718628,1,0.00046189454664027235,0.6361503635038964,0.0003215848282523758,0.016609760924816308,0.014308275659920815,0.3318636156281372,0.0002845049083365463
plot_15942,3,0.5623323230602914,4,0.0005534915077866129,0.1986183768298588,0.1255141785860169,0.11106852627965505,0.4376676769397086,1.2983119540035782e-16,0.12657774985697387
plot_15972,3,0.45311631238662053,6,0.0003029812730004367,0.002357665315922631,0.44201932072090466,0.0005320952203490501,0.007904249856443762,1.9742656000980166e-18,0.5468836876133795
plot_15974,3,0.39296257295215253,2,0.0009067930929834693,0.0006214542531885735,0.6070374270478475,0.0002815770682946142,0.004417207334070974,1.0447527051862853e-18,0.38673554120361486
plot_15975,3,0.3951000417640631,6,0.002726053926014815,0.03539548717879082,0.0465665654599848,0.0006730154384558998,0.3097389197608168,2.1435189599492758e-20,0.6048999582359369
plot_15980,3,0.35186106147121293,6,0.0007420769912178232,0.018332450712668136,0.15230805484407545,0.0003782381943222525,0.1801002407289293,2.809573582897558e-20,0.6481389385287871
plot_15981,3,0.22192562656134918,6,0.09199064319429372,0.002712441052306309,0.09844113386629266,0.00012465369292704662,0.028656754755529423,3.5966421109441624e-21,0.7780743734386508
plot_16,3,0.37278196526583274,1,0.036500147822530714,0.6272180346836328,0.006259816053815754,0.1824687693322618,0.017949143083106005,2.6877416515981324e-25,0.12960408902465292
plot_16012,3,0.38946708236344674,4,0.00036278994821780383,0.0005437938573868839,0.1855856148815951,0.04544255698189735,0.6105329176365533,0.15753232669434963,1.409888838120794e-81
plot_16013,3,0.6195960245295349,4,0.005432770673954372,0.003177960491395536,0.38040397547046517,0.06235944187739459,0.5170612402597536,0.03156461122703665,3.2747818212880344e-81
plot_16014,3,0.704025768171463,4,0.011578450440230039,0.008704866790120367,0.27174126413227656,0.29597423182853705,0.385728699123586,0.02627248768525,7.949637345667806e-81
plot_16016,3,0.4476330765107537,4,0.004971938621037269,0.09272319586422062,0.20377431685440017,0.1372909190186513,0.5523669234892463,0.008802367167613378,7.033898483092058e-05
plot_16017,3,0.6713191229883534,4,0.000215501585173668,0.017493202305167727,0.32868087701164656,0.02405458258973881,0.5879682356198599,0.04147982035130007,0.00010778053711330765
plot_16018,3,0.3404429921176796,4,0.00212119220288326,0.0002881130096235332,0.19614870511729282,0.05800359873432329,0.6595570078823204,0.08388138305355669,1.015478364171178e-81
plot_16019,3,0.6703057627460478,2,0.06690755395960236,0.025367928689284648,0.3296942372539522,0.20916434505463166,0.29948274573386446,0.06938318930866474,9.852323867293286e-81
plot_16020,3,0.3053554750264503,4,0.00013289936785706148,0.11432203467759866,0.16081676915210003,0.023229629474531634,0.6946445249735498,0.004703392051856306,0.002150750302506632
plot_16025,3,0.6919313806019575,4,0.0028612489231661774,0.28527863484562804,0.08206235473495847,0.30806861939804253,0.31609766945942386,0.005631472638780871,6.703309987761055e-81
plot_16026,3,0.5440230681905807,1,0.00023705268113694496,0.45597693180933563,0.10533890868377128,0.117492632384365,0.32043529370752377,0.0004678256486511959,5.135508521618552e-05
plot_16027,3,0.4754221701639001,1,0.0001125209970830365,0.5245778298340323,0.13726708781825933,0.1271123001498218,0.21058823978459254,0.00034202141621107106,2.0894043585814064e-81
plot_16028,3,0.2793736255718472,4,0.00015595935441290723,0.02207689969488414,0.21494600791504037,0.016283975828440968,0.7206263744281528,0.023559155696019934,0.002351627083048791
plot_16029,3,0.5825649100661789,2,2.000023398056184e-14,0.000470322317433922,0.4174350899338211,0.0002608961446178759,0.3159729725141139,0.25990702871525523,0.005953690374738079
plot_16030,3,0.3683828716125903,5,0.0,8.335985878079314e-05,0.18927763478209458,0.00014213406267210324,0.17844620207909945,0.6316171283874097,0.00043354082994336284
plot_16031,3,0.5555574891724044,2,3.308013293729258e-14,0.005379058595443554,0.4444425108275956,0.000637829690172447,0.43457021655775196,0.10525391198059754,0.009716472348405697
plot_16032,3,0.33037703259616197,5,0.0,2.580884460997286e-147,0.08461742000191885,0.0018218680103606493,0.2438484843797935,0.6696229674038381,8.926020408902875e-05
plot_16033,3,0.48799052650346875,4,1.2884624711923512e-05,0.00025722073762387865,0.11297309512174422,0.004542597227274137,0.5120094734930137,0.37011352148488236,9.120731074968829e-05
plot_16034,3,0.41309149558325486,5,0.000146687056882648,3.755003147671847e-05,0.07360598943603638,0.007679689333204345,0.3316215797256548,0.5869085044167451,1.983420201412551e-82
plot_16035,3,0.25143716836522756,5,0.0,4.248426824150056e-146,0.03736316012972942,0.002066541728804181,0.212007466506694,0.7485628316347724,4.1749728487601885e-83
plot_16036,3,0.32833187817293796,4,0.000413085689139678,0.003174866097970209,0.19801311402968463,0.049507440663233204,0.671668121827062,0.0771996080298142,2.3763663096121417e-05
plot_16037,3,0.31261674805283246,4,0.043222710768360526,0.0,0.02330762123478191,0.0019496048617706294,0.6873832519471675,0.09654126742700483,0.14759554376091455
plot_16038,3,0.47453430719290407,4,7.000402316979256e-15,0.0007715891846830649,0.2727359240536492,0.0007577124137929881,0.525465692807096,0.19809474017193363,0.0021743413688381894
plot_16041,3,0.062250093326149517,4,0.008421749302138001,0.0,0.0020501426570722825,0.01895837684582378,0.9377499066738505,0.03273885530996007,8.096921115539988e-05
plot_1607,3,0.2644514938632978,1,0.10062832725806913,0.7355485061365757,0.0,0.10524771056501095,0.00020329704829893862,0.016460317224193152,0.04191184176785212
plot_16073,3,0.048604256860970606,1,2.1008315384544132e-283,0.9513957431390285,0.0,0.0004919288654439772,0.021621949198770214,0.016826887582907457,0.00966349121384968
plot_16074,3,0.17520788020462702,0,0.8247921197953729,0.031921381835306004,0.0016894160506156417,5.966790622733736e-05,0.12480811594058681,0.000806067019787781,0.015923231452103347
plot_16075,3,0.07125342780563262,0,0.9287465721943673,0.005958184711949514,0.038025547795744255,0.0,0.009831264982088068,1.163784493141324e-07,0.017438313937401376
plot_16076,3,0.17579946584028375,0,0.8242005341597163,0.005055773715039231,0.005725894181124255,0.0002873938095244744,0.05243506946044006,0.013664382576598083,0.09863095209755768
plot_16077,3,0.4200021172456483,0,0.5799978827543517,0.008388634644334054,0.14377464891525993,0.0005431349931161202,0.14910578427848709,4.0618370394334396e-15,0.11818991441444703
plot_16078,3,0.356710210611178,0,0.643289789388822,0.013517820995138555,0.11138291122168371,0.0,0.0035571310660902746,1.2000181217238962e-22,0.22825234732826544
plot_16079,3,0.37609783181778816,0,0.6239021681822119,0.006431013641849589,0.13190477096119008,3.0648919687218094e-05,0.18169077772241887,7.447325953142989e-16,0.056040620572641586
plot_1608,3,0.24886484956725008,1,0.0007715952640441327,0.7511351504317341,0.07454132478247,0.0,0.14327691569263343,0.01830521292898377,0.011969800900134445
plot_16080,3,0.30096806933843784,0,0.6990319306615622,0.017209572744747423,0.007839932030339544,0.0,0.11231194590832677,0.00015273911305155517,0.16345387954197255
plot_16081,3,0.3364905014049142,0,0.6635094985950858,0.010182877146403972,0.004368475522538329,0.011165215557579437,0.020132791038295416,0.28533096750619935,0.005310174633897742
plot_16088,3,0.6257302617074418,6,0.10000408026229332,0.006563135191342737,0.3742697382925581,0.0003893132315263623,0.021855400013861926,1.3035338732771323e-18,0.49691833300841753
plot_16089,3,0.35598146992425006,0,0.64401853007575,0.0036985891689090508,0.13187441663981025,3.445203022328493e-05,0.19572048589114485,8.187225101873409e-16,0.02465352619416189
plot_1609,3,0.22728356245576212,1,1.713840044759865e-16,0.7727164375434714,0.02138758992372112,0.0,0.18875736601668797,0.01651981508258491,0.0006187914335343818
plot_16091,3,0.6827340478440707,1,0.31726595215592923,0.46244382677908613,0.0003090681504558846,0.013985054438162623,1.9805637572638625e-07,0.07823178248774651,0.12776411793224382
plot_16092,3,0.252620857761622,6,0.09262536388094111,0.03231226224354404,0.09733981998347196,0.003151984736588612,0.021329752287784765,0.005861674629291532,0.747379142238378
plot_16095,3,0.36815251862019555,0,0.6318474813798045,0.006444307277949467,0.012224203094998332,0.04670960406459829,0.0704832395179182,0.22186363193793424,0.010427532726797072
plot_16099,3,0.26769003871541136,0,0.7323099612845887,0.008384084609815242,0.0110876174977999,0.0,0.06609895624552221,2.8100601425603894e-17,0.182119380362274
plot_161,3,0.5424062949449338,2,8.723553940543689e-13,0.0006924983503104762,0.45759370505506625,0.0,0.38234074677897845,0.03186035567961038,0.12751269413516217
plot_16100,3,0.40986911145032473,0,0.5901308885496753,0.004087865480051841,0.12427488597640936,0.002222346817720541,0.1500545032537929,5.0096581153130435e-15,0.1292295099223452
plot_16114,3,0.19040925729432467,1,0.0,0.8095907427056483,0.003826782738502515,0.17880724674522025,7.642880791534366e-05,0.007654291889730578,4.450711298297507e-05
plot_16115,3,0.6492522929715657,1,0.0,0.6409414179916283,0.0034810104966742908,0.3507477070284343,8.503227663721599e-05,0.004732721735138924,1.211047148693399e-05
plot_16116,3,0.19683853918243424,1,0.0,0.8031614608175159,0.0007397335006119983,0.19168308737555678,4.91744550721379e-14,0.004403973265052718,1.1745041213440777e-05
plot_16117,3,0.5747605549838174,3,4.96909692540964e-19,0.2742006187447372,0.20151715283148924,0.42523944501618266,0.011392101990557079,0.08400449586850528,0.0036461855485285764
plot_16120,3,0.6272214370276827,2,0.0,0.23992775723500687,0.37277856297231715,0.12068398636077272,0.08198828051685998,0.18410227819868058,0.0005191347163627564
plot_16121,3,0.19954845283662648,1,1.1279051313570952e-65,0.8004515471633735,0.03369841925190008,0.012688045912983704,0.0005446406777176616,0.15261734699402502,1.7599254628062438e-93
plot_16122,3,0.23753097064089432,1,1.4311324406358288e-64,0.7624690293591057,0.08331967140076713,0.007800981329553603,0.0005258965587019232,0.14588442135187163,1.699356625938834e-93
plot_16123,3,0.2061840729981234,1,0.0,0.7938159270018765,0.0037825843402184206,0.19715407410391547,8.834443694922238e-05,0.005124753945557183,3.4316171483058454e-05
plot_16124,3,0.614375559053711,1,0.0,0.5716666067723042,0.023461700152154357,0.38562444094628906,0.0004404003094851697,0.01770595464953297,0.0011008971702343572
plot_16125,3,0.15139183910865534,1,0.0,0.8486081608912865,0.0014211870027452463,0.13669439950062787,5.901561677297754e-14,0.013255895404929979,2.035720035110053e-05
plot_16126,3,0.212976064611401,1,0.0,0.787023935388599,0.016245594812779693,0.11024983634124602,0.00044053359733724906,0.08601893053814968,2.1169321888416383e-05
plot_16127,3,0.1265258895516129,1,1.0872176674505462e-280,0.8734741104483801,0.0,0.12586230838671983,0.00016719613439532773,3.657529819724049e-05,0.0004598097323075134
plot_16136,3,0.002925635699320783,1,0.00016492022810650248,0.9970743643006784,0.0,0.0024707081677761756,3.730564446857609e-05,0.00012543829857765217,0.00012726336039269273
plot_16137,3,0.5904689752890333,1,0.0,0.5710569117291593,0.0,0.0,0.4095310247109666,0.018344264753775895,0.0010677988060983008
plot_16138,3,0.15062289957261843,1,1.151494099220114e-283,0.8493771004273682,0.0,0.006483423225672057,0.014110445614560298,0.0532451672406935,0.07678386349170588
plot_16149,3,0.29704764804255557,1,0.005680892370636076,0.7029523519574303,0.0016792944463584968,0.004142378777270973,0.27907992030712886,0.00013036016131430717,0.00633480197986104
plot_16150,3,0.05974950649216138,1,1.7819610881800443e-282,0.940250493507837,0.0,0.0022582984883740844,0.012496378572190497,0.03278037007088174,0.012214459360716533
plot_16164,3,0.6090959536897824,6,0.09993460527299539,0.015554268479250722,0.3909040463102176,0.0,0.01207670899316313,1.78517219788285e-14,0.48153037094435525
plot_16168,3,0.3436912474377606,0,0.6563087525622394,0.008428227888374468,0.15153421675087353,0.0,0.1826148980963427,7.088808821890885e-20,0.0011139047021698869
plot_16169,3,0.548466694313125,0,0.451533305686875,0.0,0.2555702474379363,0.0,0.0001637120024362912,0.003079308519434944,0.28965342635331753
plot_16180,3,0.4314554193526126,6,0.4042437303409159,5.521208924779037e-05,0.0005115624668181995,0.0,0.02664491433650157,1.191291945356794e-10,0.5685445806473874
plot_16181,3,0.6093426966134479,6,0.08455259705274587,0.013407394643288878,0.3906573033865522,0.0,0.021084552507341547,2.0872863185641074e-14,0.4902981524100507
plot_16183,3,0.5537808031483449,0,0.4462191968516551,0.023500660298679567,0.09683220541950766,0.10926691210725797,0.018079518296765164,0.06104279591841674,0.24505871110771782
plot_16186,3,0.3774023310826367,0,0.6225976689173633,0.0,0.014151644514802773,0.0,0.013651870825134024,4.503792156180611e-05,0.34955377782113817
plot_16188,3,0.5268312408077493,6,0.47316875919225065,0.0002362963881017447,0.0047514883381699746,0.0,0.03700949600773106,4.877198809019738e-12,0.4848339600688694
plot_16189,3,0.42122452847266184,0,0.5787754715273382,0.0,0.0004112559011878777,0.0,0.010313513758621702,2.744890563866387e-07,0.4104994843237959
plot_1619,3,0.21370877558211326,1,0.00023730050322099398,0.7862912244178868,0.03087006125116816,0.0,0.17468649630491606,0.0068184911748799025,0.0010964263479281617
plot_16192,3,0.24614570335853625,2,0.000364845000969838,0.013417646670503176,0.7538542966414638,0.0,0.03460083777556857,0.00022757263305215326,0.19753480127844253
plot_16193,3,0.3904978721516081,2,0.008540968825200583,0.04373555155227303,0.6095021278477888,0.0,0.2097193771427738,0.0003229400709267755,0.12817903456103696
plot_16195,3,0.29743286289620563,1,0.0,0.7025671371035728,0.0684582252797219,0.0002806443844647941,0.13128106781244525,1.3924000420191277e-22,0.0974129254197953
plot_162,3,0.40876151650256154,1,0.0,0.5912384834974185,0.00015674770621930154,0.0,0.405978214515141,3.580394000787063e-19,0.0026265542812211923
plot_16214,3,0.41934552164114086,4,0.22026165163632533,0.003833274517339768,0.10678555662701372,0.08846503886027794,0.5806544783588591,1.8398715112349358e-13,2.439906690816647e-101
plot_16215,3,0.4365861999447876,0,0.5634138000551735,0.0,0.25813777134157473,4.080949632347613e-05,0.12508248362771854,0.05313063715290607,0.00019449832630362668
plot_16216,3,0.31686336578653906,0,0.6831366342134609,0.009706411046279121,0.02827081258216733,0.008269050164641037,0.270063193219266,0.0001636750601678103,0.0003902237140177312
plot_16217,3,0.4215581955810146,0,0.5784418044189854,0.00017849606003228607,0.29718918573440906,4.2910147714208176e-05,0.11734860535688922,0.006633538301012146,0.00016545998095786026
plot_16219,3,0.7211362024100438,6,0.22664279857680283,0.05691611120975271,0.01163123697415161,0.0005468368685861574,4.689312506914536e-09,0.27886379758995616,0.4253992140914381
plot_16220,3,0.4747659651603515,6,0.1637108742967257,0.23160979637812604,0.003775621835357052,0.01039630247571784,1.8902571696053807e-08,0.0652733512718532,0.5252340348396485
plot_16222,3,0.6887092558823651,1,4.374978412185991e-66,0.48463170197770555,0.12651398120558988,0.06746382002033575,0.010064577217513998,0.31129074411763497,3.517546121984931e-05
plot_16223,3,0.5221127380742452,5,0.031780137199244364,0.26405886217689634,0.10918697031500468,0.0,0.0009669918297427255,0.4778872619257549,0.11611977655335703
plot_16224,3,0.38576867617667815,1,0.13584825387196764,0.6142313238233219,0.0007045847944305346,0.09939347585577858,0.00044626446584812666,0.008987638368922166,0.14038845881973105
plot_16226,3,0.716495736950598,6,0.10032502657364242,0.020296480873353017,0.2835042630460403,0.004209030246074719,0.03789189279644692,0.0042948969703120446,0.5494784094941305
plot_16227,3,0.4705556864103113,6,0.18450983377118885,0.027398955585861848,0.24984664412800822,0.0005979346758473323,0.007810174246540015,0.0003921440028650035,0.5294443135896887
plot_16228,3,0.19534781633434944,1,3.7114773821925444e-66,0.8046521836656506,0.02398208794555704,0.019806186409500617,0.0005407291301257468,0.1510188128491661,1.7472858779252241e-93
plot_16229,3,0.3988545055909833,1,0.0,0.6011454944090168,0.08412986661348906,0.2150164773784749,0.005751241105009902,0.09370832624893415,0.0002485942450752347
plot_16230,3,0.04225539386335699,1,0.0,0.9577446061348805,0.0,0.0,0.041551734028290994,3.22984342353606e-20,0.0007036598368284725
plot_16231,3,0.5359166513568259,6,0.46408334864317413,0.00027881135092513163,0.004578964243268579,0.0,0.034383423911859716,4.0966668764603655e-12,0.49667545184667583
plot_16232,3,0.5802564843087465,5,0.030106890237630253,0.41974351550595923,0.02104813241480187,0.0004847155996548732,0.0010419493627028603,0.5066961085702647,0.02087868830898624
plot_16233,3,0.6273752518382639,1,0.016139898139529384,0.5845718402701046,0.0014224975156412524,0.00798027153986925,0.01600226608141692,0.37262474816173613,0.0012584782917024616
plot_16239,3,0.37191225788361204,0,0.628087742116388,0.0,0.000784639677385557,0.0,0.012257778795644153,6.543052835935514e-07,0.35886918510529875
plot_16244,3,0.28259953822459505,6,0.15541660769674281,0.027589158163206198,0.07397479663219492,0.0008604615751120738,0.024431585364740778,0.0003269287925982339,0.717400461775405
plot_16245,3,0.3760455225698811,6,0.10115743610544181,0.23198318262826179,0.02201122196620792,0.012104976559938516,0.00863657539917369,0.00015212991085740936,0.6239544774301189
plot_1625,3,0.46370466708088404,1,0.017296079549006263,0.5362953329191159,0.00467897465062172,0.0,0.3844907542704772,0.0001391345395341777,0.057099724071244654
plot_16256,3,0.5501126331735842,4,0.0,0.0020157380130557795,0.0005496362289212298,0.4498873668264159,0.5230670023481454,0.02330094293076967,0.0011793136526920352
plot_16259,3,0.05809954174571672,1,4.9706990704926446e-281,0.9419004582542765,0.0,0.05760268098685854,0.0003110104432017158,9.866871933275708e-05,8.71815963305392e-05
plot_1626,3,0.44189567943752084,4,0.0007724215964685655,0.10976855259056036,0.15995428909265003,0.0,0.5581043205624792,0.00034918879853729294,0.17105122735930461
plot_16269,3,0.5630198634080181,0,0.43698013659198176,0.0,0.3325886647253837,0.0,0.12159669751726895,0.10826090642690558,0.0005735947384600749
plot_1627,3,0.678116371350997,2,0.15354245194110583,0.1721313637008269,0.32188362864900305,0.0,0.25826064141458094,3.224661532682819e-25,0.09418191429448328
plot_16270,3,0.6127540473892366,5,0.3872459526107635,0.0,0.00393236732124377,0.005929713749836317,0.027622139809786075,0.5752698265083703,9.867327127541427e-245
plot_16283,3,0.6808821967360474,3,0.003148813128313027,0.2998239048530159,0.10237581752884556,0.3191178032639526,0.21539311464777672,2.0229705956323604e-14,0.06014054657807607
plot_16284,3,0.22979406762514704,1,0.0011623128730278466,0.7702059323748376,0.045338675593596674,0.009424454396680297,0.16451225907619768,0.00034504002583698985,0.00901132565982292
plot_16285,3,0.7084297924027785,4,0.29157020759722163,0.0,0.006818906057147513,0.2189946816953725,0.4210525768959705,0.0010177728089554746,0.060545854945332496
plot_16286,3,0.7167061042375618,4,0.2832938957624383,0.0,0.0003687571213215366,0.10987121938671067,0.45841194097779775,0.14766319962323876,0.0003909871284930196
plot_16287,3,0.020477437520208218,5,0.00044284240416841986,0.0,0.0,0.004850932950655224,0.000832447438789973,0.9795225624797917,0.014351214726594567
plot_16288,3,0.4308057690457745,0,0.5691942309542255,0.00024062847102392584,0.0263760193405116,0.0030461173940733994,0.3923642199870071,1.3905661597495997e-15,0.008778783853157113
plot_16289,3,6.91884861956895e-269,5,0.0,0.0,0.0,0.0,1.3666504471169674e-268,1.0,1.711927679682276e-270
plot_16290,3,0.13339317485295069,1,0.08576217687943566,0.8666068251470493,0.0,0.0,0.004023192730937891,0.04360780524257717,0.0
plot_16291,3,0.6805691801889566,1,0.008944082350267208,0.32408878422420384,0.27086507613396527,0.3194308198110434,0.030398482702463252,0.04605063791644174,0.00022211686161531389
plot_163,3,0.2431695357793506,4,0.0,0.24304103643735683,0.0,0.0,0.7568304642206495,5.811171386272507e-19,0.00012849934199380894
plot_16302,3,0.444964053883087,0,0.555035946116913,0.0002524129671277959,0.3234637982074515,6.067964582790336e-05,0.11722064597056442,0.003724898503218072,0.00024161858889738808
plot_16313,3,0.7171851743202231,6,0.282814825679777,0.029569832380272457,0.18590274137972213,0.008395060199146953,0.11749183553189187,0.003558797968791599,0.372266906860398
plot_16314,3,0.6377155436381886,4,0.3622844563618113,0.033527579423722274,0.09336884502211075,0.00036653046788182015,0.4707011955206499,0.010997191009982702,0.028754202193841234
plot_16315,3,0.630914147255104,4,0.369085852744896,0.0,0.10605072100026779,0.008106720947486025,0.4355885638487379,0.06957662559525056,0.011591515863361677
plot_16317,3,0.1456721963602702,5,0.015281549491937392,0.0,0.0,0.1276219759034965,0.002003197565139718,0.8543278036397298,0.0007654733996965989
plot_16318,3,0.48376403053695105,2,0.2981924166614308,0.0,0.5162359421724146,0.0,0.00028728178384320775,0.0043884104379927034,0.18089594894431885
plot_16319,3,0.6552958947751446,2,0.0032436188796597393,0.09060430111352683,0.41570141738706123,0.13150644651862595,0.3447041052248553,0.008302140370574364,0.00593797050569656
plot_16320,3,0.3049408941013855,2,0.2711387304082338,0.0016350880836282723,0.6950591058986145,0.00038218051929371776,0.004356748649103314,8.675884873018177e-18,0.027428146441126393
plot_16321,3,0.614599764829548,0,0.3854002351704521,0.038386042339121434,0.10995553058182224,0.08837725864201842,0.19356893507530973,6.9195197573750175e-18,0.18431199819127608
plot_16322,3,0.7206829996549401,6,0.2793170003450599,0.013241931013029543,0.09106351177787306,0.0,0.23902755340837292,0.09150330744435041,0.28584669601131424
plot_16324,3,0.4255227550417047,0,0.5744772449582953,0.0,0.08196266845951782,0.00026374470047770893,0.3175261958710057,0.00037608120405486595,0.02539406480664859
plot_16325,3,0.4605987727450471,5,0.23961185725600023,0.0,0.00642105032284767,0.021059999515408004,0.19350586565079125,0.5394012272549529,4.32127328199708e-244
plot_16326,3,0.4354126989634176,5,0.23675970541252822,0.0,0.006076146126333336,0.05352324552915511,0.1390536018954009,0.5645873010365824,1.7765214335797633e-244
plot_16329,3,0.34433262675127024,4,0.08042900401354475,0.0,0.0005419864994203055,0.21846525281718787,0.6556673732487298,0.03805697507605311,0.006839408345064229
plot_16330,3,0.6476399496223295,4,0.009155162139917501,0.0006656140581905123,0.0005442503635838475,0.14120702830933488,0.49604446660447,2.3428146832826483e-05,0.3523600503776705
plot_16331,3,0.6103401630690342,4,0.1419658562045475,0.0,0.0030075905272670144,0.07749536292790035,0.38965983693096584,0.3877497850310393,0.00012156837827999027
plot_16332,3,0.34979069479149666,4,0.009260196631451341,0.0011298547113918565,0.00091262281458993,0.13679678407782908,0.6502093052085034,1.8894985275395816e-05,0.2016723415709591
plot_16333,3,0.6285441060561937,4,3.9180011662873225e-275,0.079687433917264,0.3714558939438062,0.0004857367515768511,0.5477960928343291,5.2047086952292895e-21,0.0005748425530239063
plot_16334,3,0.3729549357028084,4,0.0,0.0213464278596477,0.34987860193475273,0.0,0.6270450642971916,1.3187305491507683e-19,0.0017299059084080136
plot_16335,3,0.2116463466308488,4,0.007402426641636225,0.16277586349408224,0.017955362674403737,0.009702250956124713,0.7883536533691512,5.360853726388624e-19,0.013810442864601874
plot_16336,3,0.6889144255138047,4,0.10250372188547932,0.0,0.00017762654128236743,0.31108557448619534,0.47760586174301695,0.10799285006964943,0.0006343652743764412
plot_16344,3,0.6304953736175043,4,0.07732147434136327,0.07726687608340704,0.022678912041027587,0.0,0.3818481490558624,0.07137996209584394,0.3695046263824957
plot_16345,3,0.16929538626646556,4,0.0042856865721796755,0.028413828477028644,0.019176575513756004,0.04654778493427971,0.8307046137335344,6.061308022551145e-19,0.07087151076922155
plot_16346,3,0.6072605301109679,5,0.3927394698890321,0.0,0.0412196788130921,0.01462582290957677,0.09558496168862565,0.4558300666996734,1.459340425994597e-243
plot_16347,3,0.6970207722476354,4,0.30297922775236463,0.021753969057415085,0.022405798995842986,0.002588918275029677,0.64961344345703,0.000137292249487638,0.0005213502128300509
plot_16348,3,0.29937969681554927,4,0.0874834266325529,0.0,0.0008496629694146449,0.17710984592796328,0.7006203031844508,0.025145510438363907,0.008791250847254607
plot_16349,3,0.4327270901594091,4,0.00022154237833193666,0.19278931400058025,0.23254228810177882,0.0030855231332627127,0.567272909840591,3.712220157866445e-20,0.004088422545455374
plot_16357,3,0.40816724500925683,1,0.00018099595542631137,0.5918327549907432,0.08202788902295666,0.06179411299832528,0.1516390707240105,3.0160580998508994e-23,0.11252517630853803
plot_16358,3,0.2939815108411704,1,0.00010329649328788434,0.7060184891588296,0.030612867747981498,0.07128938964572662,0.15057697121254482,3.816903814427153e-23,0.041398985741629646
plot_16366,3,0.3292065464847094,6,0.3118150932487733,0.0002934958669374474,0.007193740686033833,0.0,0.009903890172530055,3.265104346943351e-07,0.6707934535152906
plot_16368,3,0.004387203309003224,1,0.0,0.995612796690988,0.0,0.0033580556145977433,1.3917871512140163e-14,0.00043969357690433366,0.0005894541174959981
plot_16369,3,0.01161466493819621,1,0.0,0.9883853350618038,0.0,0.011052554368629139,6.179091391279064e-05,0.0003245992751871228,0.0001757203804671826
plot_16370,3,0.5779392021798843,4,0.0,0.37491312552286915,0.0007201670967591042,7.333918021099588e-05,0.4220331066370068,0.20226026156315385,7.227081290870939e-84
plot_16371,3,0.07049139867823331,1,0.00013720266383304328,0.9295086013217597,0.015615440165023989,0.0,0.04230487292924524,5.395041155237669e-05,0.012379932508585535
plot_16372,3,0.2756520546552961,4,0.0,0.03871366768612141,0.004091211000306429,0.1320857756776454,0.7243479436779051,0.10076140195802158,3.614208089699333e-60
plot_16373,3,0.21726581986038465,1,0.0,0.7827341795273405,0.0011574504681156883,0.001295207536911845,0.19535697926520487,0.019456183202427115,2.986658930194541e-85
plot_16374,3,0.38354163766553995,4,0.0,0.10092265089458215,0.0002366819678659074,0.02599209822926866,0.6164583311443006,0.2563902377639828,2.5204977272242313e-61
plot_16375,3,0.1717493062606595,1,0.0,0.8282506936472749,0.0020490910754758507,0.0008730258575451161,0.16026586859145112,0.00856132082825284,1.8780944251730597e-25
plot_16376,3,0.25722118270964456,1,0.0,0.7427788172903554,0.0009031597503887042,0.0001205666844452175,0.18387104549488875,0.07232641077992188,3.004363730670813e-84
plot_16377,3,0.1538793621803191,1,0.0,0.8461206378196808,0.009969299549888429,0.0,0.13174421274024223,0.011751844696242152,0.0004140051939462736
plot_16378,3,0.5057508748072165,4,0.0,0.35943467422278086,0.007232505568293174,0.0,0.4942491251925589,0.13853587660997613,0.0005478184063909296
plot_16379,3,0.4257160700863563,1,0.0,0.574283382374684,0.007681184944834114,0.0,0.29003011129125267,0.1274389176716203,0.000566403717608945
plot_16380,3,0.238751075960342,1,0.0,0.7612489240396579,0.009289875939847628,0.0,0.20129193796833372,0.02780240805860497,0.00036685399355569626
plot_16384,3,0.170481168416996,5,0.0,0.013773445682984452,0.0,0.017170889603175293,0.13953683313083623,0.829518831583004,8.147010957184261e-98
plot_16388,3,0.2938577540529315,4,0.0,0.1577601359226883,0.00311996623796022,0.03345548296946403,0.7061422459470685,0.09952216892281904,3.429698481195299e-61
plot_1639,3,0.3321417972012095,1,0.0022416998169941266,0.6678582027965535,0.012688103856858106,0.0,0.27694034753524477,2.0690203757817032e-19,0.04027164599434951
plot_16394,3,0.214320602848116,5,0.0,0.0305684917142123,0.0,0.006939648858747413,0.17681246227515635,0.7856793971518841,1.3002733015720306e-85
plot_16395,3,0.3678236987478727,1,0.0,0.6321763012521273,0.00707525275381135,0.0,0.27938167418806775,0.08108659576846174,0.0002801760375318671
plot_16396,3,0.3027569410780141,5,0.0,0.06094617822135198,0.00010827281849682129,0.011924522864667822,0.2297779671734974,0.6972430589219859,5.48419902246134e-62
plot_16397,3,0.04675314930398279,5,0.0,0.016860227531034243,0.0,0.02053102275636716,0.009361899016581412,0.9532468506960172,5.825484257259464e-70
plot_16398,3,0.05175752738439542,5,0.0,0.020074181656563744,0.0,0.02947079321263258,0.0022125525151990887,0.9482424726156046,1.9652504751786198e-69
plot_16399,3,0.6300288717983108,1,0.149885368913845,0.4472729809255223,0.000275824749637789,0.36997112820168926,0.011743254920869103,3.1591957322397786e-15,0.020851442288433376
plot_164,3,0.28615210752408116,4,0.0,0.2859554883786666,0.0,0.0,0.7138478924759188,6.25425459548597e-19,0.00019661914541457977
plot_16400,3,0.5874743677689561,0,0.412525632231036,0.3582850376872247,0.001726660749860643,0.16188002110956215,0.048544176679545865,7.791168472555214e-15,0.017038471542762758
plot_16403,3,0.44463907689966004,1,0.1686698990008389,0.555360923100332,0.00011802860377359072,0.23890608768753613,0.01539611819162518,3.2296875580764844e-15,0.02154894341589077
plot_16404,3,0.4139789115644894,1,0.16009383153971884,0.586021088435504,0.0001726326891444808,0.231626850392655,0.011152997243478192,3.1570833384880134e-15,0.010932599699496452
plot_16405,3,0.5615832873750787,1,0.35022524588420356,0.43841671262250503,0.0028054086901945973,0.11392955586425266,0.07377082063546807,3.868055221838255e-15,0.020852256303372
plot_16407,3,0.6694699700468641,4,0.0287790540912856,0.13962470604564353,0.010295931472113861,0.003778822563443318,0.4869914558743772,7.097398053385564e-16,0.33053002995313585
plot_16410,3,0.4459747691157979,2,0.005754903988980198,0.0,0.5540252308842021,0.0,0.42550813736255066,2.202847024559369e-14,0.014711727764245026
plot_16417,3,0.3872206389167536,2,0.003073054603959743,0.03283463390420435,0.6127793610832464,0.0,0.2164373553134634,0.00822875585125633,0.1266468392438697
plot_16418,3,0.5223104586281604,1,0.0008509440013921441,0.4776895413673772,0.10473523331503624,0.012746491319691708,0.40367822957303884,0.00029956042346387403,1.2790480982186979e-80
plot_16432,3,0.4769678132288285,4,0.009700471010608155,0.3531231165364685,0.07462070497208656,0.0,0.5230321867711716,0.00013841174099336653,0.03938510896867185
plot_16433,3,0.535777041206739,4,0.09007013448401151,0.2962239970918013,0.131332442973353,0.0,0.464222958793261,2.2701003660337008e-23,0.018150466657573073
plot_16434,3,0.2112329142847071,1,0.009002636389837445,0.7887670857152929,0.011595860239811375,0.0,0.18756274925009725,1.1791177018171135e-16,0.0030716684049609468
plot_16435,3,0.25622571208741124,1,0.004347753247584678,0.7437742879122036,0.006293129304998224,0.0,0.2382739516041103,7.533590454620816e-16,0.0073108779311025435
plot_16436,3,0.43841107555769177,4,0.0041347672224689835,0.3533058701713993,0.029799336311860155,0.0,0.5615889244423082,0.00023450338141603702,0.05093659847054737
plot_16437,3,0.1754222556093682,1,0.005915092373757741,0.8245777443905126,0.0038474248559074577,0.0,0.16140814965671993,1.12229364900815e-15,0.0042515887231012175
plot_16438,3,0.07367838525280165,1,0.006185631931704845,0.9263216147470222,0.0009098019674666188,0.0002417612999755399,0.06534604961367331,1.2068797900692662e-15,0.0009951404401562674
plot_16439,3,0.10869818568686415,1,0.005420266043365931,0.8913018143131358,0.0030187927473859294,0.0002226536315154552,0.09788236165402359,1.018997115165992e-15,0.0021541116105722002
plot_1644,3,0.47383592249991047,1,0.01087350414634063,0.5261640774972319,0.014319309378062767,0.008591066517821239,0.24121690667567047,9.284890833605455e-15,0.19883513578486378
plot_16440,3,0.3182087328767672,1,0.011759848614621482,0.6817912671232328,0.018318089745698814,0.0,0.2824843036264368,7.505512207757926e-17,0.00564649089000997
plot_16451,3,0.6182288166558392,4,0.0,0.17078784713693346,0.3817711833441608,0.0,0.4471133677287551,0.0003276017901506629,1.9361915809757464e-104
plot_16466,3,0.419016723763584,1,0.0014767291619176511,0.5809832762278464,0.02328101309610234,0.0008210954469341376,0.34190471142394985,9.861403402911765e-14,0.0515331746431511
plot_16467,3,0.32672652551025466,1,0.007746313630919417,0.673273474488209,0.026117351695550295,0.0009401341901722678,0.1973049338975776,0.0002553545934698639,0.09436243750410177
plot_16468,3,0.1789368202232844,1,0.011352153164235252,0.8210631797765671,0.014795962325021558,0.012805571286663233,0.11914986404609022,0.0002511249836311376,0.020582144417791694
plot_16469,3,0.6447484254435039,4,0.14745399105805235,0.0003355046535901582,0.014155658335040702,0.0,0.4828032713968206,0.3552515745564962,2.6451950419566016e-234
plot_16477,3,0.5018952856640644,1,0.10137574899213726,0.49810471433593556,0.07918738315031554,0.0010136497606844333,0.20761943833208352,4.3415383241671065e-13,0.11269906542840952
plot_16478,3,0.7077863480814554,2,0.1947318956709704,0.19762144603391765,0.2922136519185447,0.0005431855591526572,0.12125893445319982,2.0885861979160925e-13,0.19363088636400594
plot_16479,3,0.6868430253049961,0,0.31315697469498427,0.2517963184514007,0.15130652934113853,0.007401024790941908,0.15875231171040838,1.7883037509650005e-13,0.11758684101094738
plot_1652,3,0.25982332549613185,6,0.13390142297006058,0.0179809998024341,0.03427942054030753,0.00014350309387536312,3.5164270333615777e-15,0.0735179790894508,0.7401766745038681
plot_16525,3,0.3834967046322061,4,0.008896292462552377,0.0,0.3683054959545732,0.0,0.6165032953677939,0.0001717686886872938,0.006123147526393177
plot_16526,3,0.3490899021081466,4,0.007765866404097372,0.0,0.30901164180829765,0.0,0.6509100978918534,0.00024149407860050732,0.0320708998171511
plot_16615,3,0.3236378071067063,4,0.02400776548830804,0.0,0.26157591178140804,0.0,0.6763621928932937,0.0006534914092731699,0.03740063842771707
plot_16618,3,0.41865724909044433,4,0.010960686295528672,0.0,0.36207664489248653,0.0,0.5813427509095557,0.0004020818069460552,0.04521783609548314
plot_16619,3,0.3864503736653747,2,0.001304334436108485,0.0,0.6135496263346253,0.0,0.38119978547973,9.932914572860113e-20,0.0039462537495363065
plot_16620,3,0.40747997813465286,2,0.001381382980492462,0.0,0.5925200218653471,0.0,0.39923408774228114,2.873041787291765e-16,0.006864507411878933
plot_16631,3,0.4689553352442466,4,0.2455513761907931,0.0,0.21837503150935456,1.4930243796893622e-05,0.5310446647557534,0.005013997300302073,2.9160737415873427e-255
plot_16632,3,0.19872038811030826,5,0.06789616439035294,0.0,0.009441781470492051,0.10980407280375812,0.011451307020951365,0.8012796118896918,0.00012706242475381412
plot_16639,3,0.6542584963973831,1,0.0830845497956936,0.5411199727699368,0.01419283199998625,0.014927120828872209,0.3457415036026169,1.5162044159025361e-25,0.000934021002894303
plot_16652,3,0.5211564390099914,2,0.30391358333955754,0.0,0.4776828228578414,0.0,0.000366444305754199,0.006659242397086689,0.21137790709976023
plot_16662,3,0.6041709035215772,0,0.39582909647842296,0.37680227420503465,0.08366333134604066,0.0011518852208520537,0.008790868056594132,1.9301880097188477e-20,0.1337625446930556
plot_16668,3,0.642571970081776,0,0.3574280299182239,0.0045563021288867935,0.2559597755443729,0.013658879755792108,0.022491568900699598,3.2353435223405296e-25,0.3459054437520247
plot_16670,3,0.6140495628458256,2,0.1489539979731156,0.01802942906621477,0.3859504371541744,0.08717051491104393,7.730469139574941e-05,5.111340972583161e-17,0.3598183162040555
plot_16673,3,0.11644670813388114,1,0.01692204484178409,0.88355329165088,0.0010371054964590613,0.08080839502941849,0.016852121507824707,4.128525497230094e-12,0.0008270414695052006
plot_16677,3,0.15154948106975752,4,0.019540808155405737,0.0,0.09514843781658022,0.0012676295765627753,0.8484505189302425,0.035592605521208784,5.69276707531107e-256
plot_16678,3,0.11833884072488793,4,0.004356542051146187,0.0,0.033313334216893385,0.004724234326588855,0.881661159275112,0.07594473013025968,1.7910900014176155e-256
plot_16691,3,0.48142362757923746,6,0.0,0.04186186115572195,0.36422524217475216,0.07223725549585304,0.003099268752910414,1.1471865324473912e-32,0.5185763724207626
plot_16694,3,0.5063198587130064,0,0.49368014128699345,0.009221087905601019,0.15154882388105526,0.0617193707358049,0.10353048524022171,0.18017410175606904,0.00012598919425443956
plot_16698,3,0.7111734607398588,4,0.28882653925991086,0.24421734617502913,0.11181951449719255,0.013240257544497477,0.3158678143891829,0.003533749374151549,0.02249477876003571
plot_16700,3,0.28223176657798354,4,0.04678254186900119,0.0,0.2285936514784837,0.0004978513220237696,0.7177682334220165,0.006357721908474946,1.1681457819122156e-255
plot_16701,3,0.3920236880848528,5,0.0002749666898934018,0.0,0.0,0.3917487213949593,2.6410048194158196e-135,0.6079763119151472,4.849746011484235e-261
plot_16702,3,2.0264070646137924e-125,5,4.052814129227585e-125,0.0,0.0,0.0,0.0,1.0,0.0
plot_16703,3,2.5720898173984263e-125,5,5.144179634796853e-125,0.0,0.0,0.0,0.0,1.0,0.0
plot_16705,3,2.272833755151152e-125,5,4.545667510302304e-125,0.0,0.0,0.0,0.0,1.0,0.0
plot_16706,3,2.5475239859617055e-125,5,5.095047971923411e-125,0.0,0.0,0.0,0.0,1.0,0.0
plot_16709,3,0.6352795150496467,4,0.1831377727242555,0.20037488793393426,0.15760592232863913,0.07594806872083693,0.36472048495035336,0.008593717489425312,0.009619145852555574
plot_16715,3,0.6942615888077097,1,2.9469438554442075e-17,0.33085026066932754,0.24136972483657387,0.0,0.3057384111922902,7.851748916830355e-11,0.12204160322329083
plot_16718,3,0.36454238921212023,4,0.0,0.014276215071610043,0.211160611334329,0.0,0.6354576107878798,7.460917261443267e-25,0.1391055628061812
plot_16729,3,0.6013680971974875,4,0.14190286526534937,0.0,0.39863190280251243,0.0005786324408482948,0.4540284291296695,0.004858170361620448,9.910692621367749e-256
plot_16730,3,0.5049120081168446,2,0.2595033617971214,0.0,0.495087872574517,0.00010922651168456359,0.010948644069774027,0.08934984470105188,0.14500105034585123
plot_16731,3,0.5695998505010071,5,0.13696013997714127,0.0,0.2571039256439656,0.001228834128942049,0.1530360796063599,0.4304001494989929,0.02127087114459833
plot_16732,3,0.10713232790803077,5,3.783724127417352e-05,0.0,0.0,0.006288116043794704,0.10080637462296194,0.8928676720919693,5.480421918362933e-251
plot_16741,3,0.5873928044513715,1,0.17858563075346995,0.41260719554850167,0.004615932185972079,0.0007241000161592384,0.38497168610698607,1.4745398138351168e-21,0.01849545538891093
plot_16749,3,0.48840402614962364,4,0.05784845464418395,0.008914304709376143,0.23323935768806836,0.008944436519991668,0.5115959738503764,1.5424100360697661e-15,0.17945747258800204
plot_16750,3,0.09858981021013836,1,0.0,0.901410189789662,0.0,0.09777065651789202,0.0008191536924458086,2.3634568009439906e-21,0.0
plot_16753,3,0.11085124843383305,1,0.002407888522899789,0.889148751566167,0.08318984232705125,0.0,0.018423315273705144,0.00020179996821768518,0.006628402341959265
plot_16756,3,0.3705235707108549,1,0.0,0.6294764292868225,0.1691661503299826,0.0,0.16153909946202225,9.699457113030134e-24,0.039818320921172774
plot_16757,3,0.24969519484257394,1,0.09057703392971969,0.7503048051453978,0.031020936764877983,0.012146201255801726,0.11584900222484318,2.578266954786815e-16,0.0001020206793594423
plot_16761,3,0.30086335982897994,0,0.6991366401710201,0.00015132909419820857,0.275002942348972,8.892566753455535e-05,0.00042594278210741785,2.658183771159762e-17,0.025194219936167758
plot_16766,3,0.6346994463024366,1,0.019962055264393708,0.5088891655267881,0.3653005536975635,0.001346539256377746,0.026030249292666698,1.480522688546538e-13,0.07847143696206223
plot_16773,3,0.3261345202621201,1,0.062179083365731455,0.6738654797360814,0.005460175798458029,0.17372476818769825,0.015223366069937742,5.359907963244491e-26,0.06954712684209319
plot_16775,3,0.12874082100723766,1,0.0,0.871259178992718,0.0,0.1218337939749147,0.006606679588219546,0.00030034744414758337,0.0
plot_16782,3,0.2089586575090824,4,0.08857381210881986,5.235543495001569e-05,0.07074465662188927,0.013394373301908449,0.7910413424909175,0.030902975014358625,0.005290485027156111
plot_16788,3,0.39422374909482993,2,0.07323823618163404,0.0005021349455760712,0.6057762509051701,0.0005104679574981872,0.02702647130447717,1.7195108893517715e-05,0.292929243596751
plot_16796,3,0.5122798315578208,5,0.0002593491053960028,0.0,0.0,0.48772016844217936,0.0004830884098635725,0.5115373940425612,3.313588634584075e-251
plot_16797,3,0.08472436800991638,5,4.954994988238088e-05,0.0,0.0,0.06611453556427248,0.0182435270147977,0.9152756319900837,0.00031675548096385235
plot_16798,3,0.03554047044792366,5,0.0005504823859476283,0.0,0.0,0.01601668232203596,0.01897330573994009,0.9644595295520764,3.3069666888348096e-251
plot_16799,3,0.46009963997674097,3,0.0037211533111170957,0.0,0.0,0.539900360023259,0.00026540566922074487,0.4559066342689423,0.00020644672746078678
plot_16812,3,0.003021598301141076,1,0.0,0.996978401698798,0.0,0.0026820737599109585,6.045581882255024e-14,0.0003395245412305907,0.0
plot_16813,3,0.3579212351962286,2,0.0,0.10822508438287388,0.6420787648037715,0.008349342324121413,0.11849044622885659,2.086975118826146e-27,0.1228563622603768
plot_16814,3,0.0006466689712329768,1,0.0,0.999353331028574,0.0,0.0006466689710788014,3.4720083569234763e-13,6.338298789945009e-26,0.0
plot_16816,3,0.3294711494846438,4,0.0020274700229867175,0.17126735620212966,0.012356711864435046,0.0023859467202294116,0.6705288505153563,4.4512705232907755e-20,0.14143366467486299
plot_16819,3,0.6496874665033299,2,0.0,0.3130525889110689,0.3503125334966702,0.015207470760699423,0.24930159840904495,9.127036953385487e-22,0.07212580842251659
plot_16821,3,0.43338022702891815,5,0.13283261325792553,0.0,0.17153833739648397,0.0,0.1212684954530499,0.5666197729710819,0.007740780921458844
plot_16822,3,0.3509743071270053,5,0.10252812792759627,0.0,0.15680805320164218,0.0,0.08422017025807413,0.6490256928729947,0.007417955739692686
plot_16823,3,0.7089805306053405,5,0.0937023700585353,0.0,0.178480460712295,0.00033930042716293573,0.2910194693946594,0.35677211293093447,0.07968628647641295
plot_16824,3,0.5742927482113707,6,0.3375157332721364,0.0,0.23168020108907128,0.0,0.0003256865500797687,0.004771127300083065,0.4257072517886293
plot_16825,3,0.47109347360417464,0,0.5289065263958254,0.0,0.2483570129259567,0.0,0.00036372064247371506,0.004853690175130302,0.217519049860614
plot_16826,3,0.6567169366102354,4,0.29067417008916435,0.0,0.0018275626572608731,0.0,0.3631841463165249,0.3432830633897645,0.0010310575472853246
plot_16827,3,0.059704003026342094,5,0.001882625309717114,0.0,0.0,0.04827923304936492,0.009445825117010021,0.940295996973658,9.631955025009573e-05
plot_16831,3,0.2006259979376553,1,1.268199507173018e-16,0.7993740020623448,0.012595594503764934,0.024637926911328073,0.08647757248064346,1.0527384396885509e-21,0.07691490404191877
plot_16834,3,0.5820734821087316,1,0.004025906279547347,0.5708030237783109,7.43847086864435e-05,0.41792651789126856,0.0022953393720937082,2.4709253219863565e-25,0.004874827970093107
plot_16837,3,0.005672337533764556,1,0.0,0.9943276624662354,0.00022649362068322896,0.0,0.005445843913081267,2.5440804314417388e-23,0.0
plot_16838,3,0.2273857517655975,2,1.1026254162796533e-16,0.04476942364554526,0.7726142482344025,0.0057564380532269515,0.16534767618287027,2.505584245572435e-23,0.011512213883954913
plot_16844,3,0.2873593374716288,4,0.008496081111591216,0.0,0.009862798157890425,0.16816583152044143,0.7126406625283712,0.04463111719508423,0.05620350948662145
plot_16845,3,0.26910508932414634,1,0.0005737130834338126,0.7308949106351622,0.019860997269197166,0.23817982381493924,0.008804722125327916,0.0013645333895945446,0.00032129968234520436
plot_16848,3,0.05954490413241699,5,0.05933881379696375,0.0,0.00015666841839251207,0.0,4.942191706073167e-05,0.940455095867583,4.874721312464986e-243
plot_16849,3,0.4903997341676764,0,0.5096002658323237,0.0,0.20040041276702902,7.692106540965315e-05,0.00820498502600941,0.024079569715499443,0.25763784559372893
plot_16859,3,0.3570939570494562,4,0.17116433075823356,0.0,0.0007086652385102978,0.0,0.6429060429505439,0.1848211527945595,0.000399808258152923
plot_16863,3,0.39414143074733343,6,0.3060518455773443,0.0,0.08615355916599672,0.0,0.00038254762142093734,0.001553478382571531,0.6058585692526666
plot_16869,3,0.6305451832913765,2,0.012164896000234304,0.20262064821092424,0.3694548167086236,0.0001648894308515485,0.3321765841038049,6.999723726553827e-24,0.08341816554556142
plot_16877,3,0.663001924100985,1,0.08048930446523364,0.3628059730032762,0.030298146287673702,0.1091935116401484,0.08021498870465012,2.9192602416896458e-15,0.3369980758990151
plot_16883,3,0.33091159323036423,2,0.0030791110124706654,0.006674461520507399,0.6690884067696358,0.0,0.20958153015243305,1.7124107496088858e-11,0.11157649052782906
plot_1689,3,0.2091708388587967,1,0.005364719573557268,0.7908291611411049,0.001958212048538278,0.08819140646247368,0.007091640590480445,1.651010142101839e-25,0.10656486018384546
plot_16891,3,0.06669321486513773,5,7.072278438181772e-05,0.0,0.0,0.012352968188845884,0.05421920738926761,0.9333067851348622,5.03165026423269e-05
plot_16894,3,0.5733957458405377,6,0.11045495970726246,0.0,0.0034595121102882526,0.010316565980064484,0.300740100663076,0.14842460737984642,0.4266042541594624
plot_16899,3,0.12545528987304036,1,0.0,0.8745447101269597,0.08892228508067726,0.0020482405282328184,0.0005464602175267549,1.396950491417944e-28,0.03393830404660354
plot_16900,3,0.4758587442652835,4,0.0010079216159688275,0.14167440073214563,0.07791279829053374,0.012113477190684323,0.5241412557347165,2.517129788453151e-21,0.243150146435951
plot_16902,3,0.17294206547801438,1,0.04520823641449772,0.8270579345203858,0.0010795466125913754,0.0,0.002611056139304457,0.12404322631322051,2.4247748229716342e-91
plot_16908,3,0.1601647308528136,5,0.0013510189617347158,0.0,0.00025877271467136684,0.09048862254815215,0.06806631662825541,0.8398352691471864,3.846836421013755e-259
plot_16911,3,0.39246190794569746,5,0.15018426790764938,0.0,0.1447139143789017,0.017804760825065324,0.0759218493856425,0.6075380920543025,0.0038371154484385774
plot_16912,3,0.2480247188758642,5,0.09206710837529009,0.0,0.0568371432165416,0.07695128181825256,0.021598719304789356,0.7519752811241358,0.0005704661609906064
plot_16913,3,0.713036800034849,5,0.015573429462633528,0.0,0.0031636264151040806,0.2869631999651511,0.013896333374176728,0.6804034107829346,1.4875405545063834e-259
plot_16919,3,0.06394781166776609,5,0.0002398051556441491,0.0,0.0,0.04829830239345566,0.015349033466773332,0.9360521883322339,6.067065189298242e-05
plot_16920,3,0.6812177826462755,5,0.1481526545357955,0.0,0.31878221735372453,0.0,0.12111496878280864,0.40200147615617915,0.009948683171492202
plot_16922,3,0.30285572502202285,5,0.23991971402211965,0.0,0.011381976403594387,0.012425422509959861,0.03791907541370887,0.6971442749778813,0.0012095366727359214
plot_1693,3,0.7146898824884715,6,0.2853101175115281,0.01870637500255626,0.18854963180954737,0.0,0.051385624597411916,4.0651613782195514e-05,0.4560075994651742
plot_16933,3,0.22539941899235658,1,0.00012735168435887474,0.7746005810076435,0.08220728722511456,0.09567948483464082,0.03386811117361144,1.0814303767193088e-22,0.013517184074630926
plot_16934,3,0.22278175676499826,1,0.012746785087045194,0.7772182432350018,0.11098031052022539,0.003470234183359318,0.09309827701318618,0.002486149961182202,1.0718173817309934e-100
plot_16937,3,0.7146162836165368,4,0.2853837163834632,0.021599382353932196,0.04537752814723887,8.695228266340362e-05,0.6266328491667476,0.000408764982830863,0.020510806683123828
plot_16942,3,0.6883634052152154,3,0.0,0.3116365947740072,0.0,0.33127219163267185,0.14036935600462758,0.00929793393470904,0.20742392365398443
plot_16946,3,0.6844833734045057,1,1.843004877658324e-17,0.3519052564938959,0.3155166265954943,0.0,0.10592336483247457,4.910446978865021e-11,0.2266547520290308
plot_16947,3,0.24415566108156553,1,0.010949838579801212,0.7558443389184344,0.07043154763034219,0.0,0.1545352931537862,8.107706892125021e-26,0.008238981717635879
plot_16948,3,0.3654166129875269,4,0.0,0.13770490989598588,0.002946191927004746,0.0,0.6345833870124731,6.189436666664258e-22,0.22476551116453633
plot_16955,3,0.14096440831277668,5,0.009025655026668564,0.0,0.002270406076117732,0.11656943923222268,0.012953304309972186,0.8590355916872233,0.00014560366779547135
plot_16956,3,0.01973571691073755,5,0.019735716910737597,0.0,0.0,0.0,5.54667647107182e-18,0.9802642830892625,1.214841219364212e-243
plot_16957,3,0.0,5,0.0,0.0,0.0,0.0,0.0,1.0,0.0
plot_16962,3,0.012872402076188134,5,0.012746091407661655,0.0,1.1824796405219743e-05,0.0,0.0,0.9871275979238119,0.00011448587212127469
plot_16973,3,0.11392251655252006,1,0.02748569795906653,0.88607748344733,0.0008721432748762819,0.0,0.0025480329711178038,0.08284185689461845,0.00017478545299096565
plot_16977,3,0.3759055753302761,0,0.624094424669724,0.0,0.12228825637317468,0.0,0.02269986287264749,0.022436858592330022,0.20848059749212386
plot_16978,3,0.0062254139139283,5,0.0043610247101958785,0.000217954895823384,0.0,0.0,0.001646434307909058,0.9937745860860717,2.9258362377755985e-107
plot_1698,3,0.7017477070477389,1,0.05924893099021032,0.4891906662485277,0.11228322109561886,0.0,0.021721623758542533,0.298252292952261,0.01930326495483953
plot_16986,3,0.6920983234928347,4,0.0,0.3079016764987156,0.09039820963008625,0.193162462479528,0.39995134638925334,9.330068380612024e-17,0.008586305002416729
plot_16987,3,0.005352322193122255,5,0.004695604009643643,0.0,0.0,0.0004251770485415178,0.00017501900767838766,0.9946468848353446,5.731509879194398e-05
plot_16995,3,0.6571819939602722,5,0.1405220551952021,0.0,0.3097380418459609,0.004790571622492734,0.08804393644045812,0.4517305650652435,0.005174829830642791
plot_16999,3,0.6167276959395764,5,0.3832723040604108,0.0,0.10539757746139333,0.010317402101308985,0.02882201786069022,0.46327856311561066,0.008912135400586052
plot_17,3,0.5103555725104858,4,0.005335496030763327,0.12101021017401134,0.2565301157112978,0.0032379991088133902,0.4896444274895142,1.602450617772417e-25,0.12424175148559993
plot_17009,3,0.5877603957126696,4,0.18036630230570844,0.041194701441551726,0.07513379831697936,0.2885239866966752,0.4122396042873304,4.69689792864086e-25,0.002541606951754813
plot_17014,3,0.43086304556104593,4,0.028845367567468933,0.39404393829083095,0.006892452790051557,0.0010020510076865882,0.5691369544389541,7.712918543881758e-14,7.923590493071628e-05
plot_17018,3,0.24803672984099567,1,0.0,0.7519632701590034,0.07801425614814671,0.007518711852784032,0.0043094130845937,3.2169894509662856e-31,0.15819434875547222
plot_17019,3,0.02797372836669846,1,0.0,0.9720262716330111,0.0,0.02758283019124803,0.00039089817574085875,1.1283643056263694e-21,0.0
plot_17024,3,0.0004339658073819792,5,0.0,0.0,0.0,2.22207732886505e-05,0.0,0.999566034192618,0.0004117450340933327
plot_17025,3,2.0799880791727085e-05,5,5.322023334975752e-125,0.0,0.0,2.079988079172105e-05,0.0,0.9999792001192083,0.0
plot_17026,3,0.3104745322079183,4,0.15862764245694416,0.0,0.0005748434910332492,0.0,0.6895254677920817,0.15049236643148345,0.0007796798284574318
plot_17027,3,0.13221618509152938,5,0.0035879261784714915,0.0,0.00031538971930382273,0.09241245867986156,0.03590041051389256,0.8677838149084707,9.660081303066674e-260
plot_17040,3,0.02535469158397447,0,0.9746453084160246,0.0,0.011761699677657502,0.0,0.0,0.013592991906317858,3.670339281258834e-240
plot_17051,3,0.12193957209319445,1,4.279986511063946e-18,0.8780604279066705,0.0007997420964796393,0.11438032978441888,0.006291750872223709,2.1982871209178907e-23,0.0004677493402073862
plot_17053,3,0.4462862583372034,4,0.00013789741247791418,0.30341406399547743,0.0756533705209548,0.0,0.5537137416627966,0.0018620568750165893,0.06521886953327667
plot_17057,3,0.2338526632669566,5,0.09885400941461628,0.0,0.007975004895326668,0.06535945292236142,0.06137696640884474,0.7661473367330434,0.00028722962580748343
plot_17062,3,3.817549802822673e-125,5,7.635099605645346e-125,0.0,0.0,0.0,0.0,1.0,0.0
plot_17063,3,0.7036142492415379,1,0.09877023326853346,0.4525051151242324,0.296385750758462,0.0005667776474142732,0.11312779137602696,0.00013254792830416748,0.03851178389702658
plot_17072,3,0.31253361169131166,2,0.0034469637391153552,0.1379935002186823,0.6874663883086883,6.712224657746108e-05,0.161607200247367,0.00037613736656454843,0.009042687873005155
plot_17073,3,0.26070756968820563,0,0.7392924303117944,0.000504595643100487,0.020493190002389958,0.0034585419054233507,0.23587297233481241,7.583644539733137e-05,0.0003024333570820965
plot_17074,3,0.716304676909975,1,0.28369532302081213,0.5687580814808769,0.0034887762491895807,0.14200864552897538,0.001639224587850818,6.921245635035418e-11,0.0004099490630828189
plot_17077,3,0.06416577550573412,1,0.0,0.9358342244942659,0.013599797364824761,0.0003331172196514604,0.011618759057376206,5.256649002002412e-30,0.03861410186388169
plot_17080,3,0.4208906093043397,5,0.33534778090963047,0.0,0.026263027543052854,0.0036944064992575714,0.045408476780872356,0.5791093906956604,0.010176917571526455
plot_17081,3,0.5587446425931206,0,0.4412553574068793,0.0,0.020384094590152994,0.00044738764726496097,0.25340094038608973,0.27262250663704307,0.01188971333256996
plot_17084,3,1.2475296597843187e-09,5,1.2475296844175696e-09,0.0,0.0,0.0,0.0,0.9999999987524704,0.0
plot_17085,3,3.947554054381731e-126,5,7.895108108763462e-126,0.0,0.0,0.0,0.0,1.0,0.0
plot_17086,3,0.21253304533266862,5,0.015244300892852175,0.0,0.0009844027978392117,0.13085334924813885,0.0654509923938384,0.7874669546673314,1.7955069884779406e-258
plot_17090,3,0.5506177838931654,2,1.655058641459226e-16,0.16950061961467058,0.4493822161068346,0.05624541492235263,0.16228049168935704,0.00013094625814633745,0.1624603114086387
plot_17094,3,0.555976904771773,0,0.4440230952282269,0.0,0.10443085693535548,6.647112653692827e-05,0.23041939777790546,0.10051369653168321,0.12054648240029187
plot_17096,3,0.5808041278766559,5,0.0056055689339111975,0.0,0.026960174098487985,0.01726627375888107,0.10554713931047634,0.42542497177489935,0.4191958721233441
plot_17100,3,0.2630148765604394,6,0.023689669249549454,0.1183454059019046,0.11861954761414731,0.0,0.002360253794838121,4.114938671689791e-18,0.7369851234395606
plot_17101,3,0.1291130494163801,1,0.029352182745425906,0.8708869505836199,5.1978754106941886e-05,0.07578290064261423,0.022107950120944034,0.0002476371997646384,0.0015703999535243754
plot_17102,3,0.23661576779931265,1,0.0005319851252791191,0.7633842322006583,0.010137319452223572,0.0,0.20480344328545103,7.161360071589025e-21,0.021143019936387817
plot_17103,3,0.22554272645224724,1,0.0041216185889171465,0.7744572735472204,0.014557263786683101,0.0,0.13620496827607817,3.533980960902346e-22,0.07065887580110125
plot_17104,3,0.4825838000689653,1,0.0011201263758243137,0.5174161747618274,0.19648862587525173,0.15883118704010513,0.1073190585115084,0.018758060902210716,6.676653327225687e-05
plot_17105,3,0.14140856929844142,1,0.0,0.8585914307015585,0.0013296512645015442,0.0,0.013570158398608635,3.351551931639211e-22,0.12650875963533115
plot_17108,3,0.40359669226198874,1,0.11294255877116574,0.5964033071139474,0.01714719067218066,0.09590614484608345,0.1405841209232254,7.119645638547621e-13,0.03701667767268528
plot_17109,3,0.5115828807577602,2,0.164307791608013,0.06710458443067138,0.48841711924223985,0.0,0.07788625527364763,1.1002388649897024e-23,0.20228424944542817
plot_17110,3,0.5660131138641562,6,0.04460606504589981,0.09423585510575164,0.0031857743276246233,0.0715691929004739,0.35158376400613894,0.0008324624782673002,0.4339868861358438
plot_17112,3,0.45912286172845834,1,0.07968863415144062,0.5408771382715268,0.06622799279040971,0.0038767326736325867,0.1634367910662992,1.7206041241236794e-12,0.14589271104497056
plot_17114,3,0.7105846210557561,4,0.02463265594572458,0.04311258955403316,0.28941537894424385,0.09649382866331194,0.4177566544288006,0.04405662179092722,0.08453227067295863
plot_17115,3,0.3855454049937957,4,0.038711826649152244,0.057162612192513784,0.10858547715110278,0.06390342548937222,0.6144545950062044,0.047221028843975194,0.06996103466767951
plot_17116,3,0.716613624778673,4,0.0643048473818039,0.010812366023072794,0.12424489760258071,0.2833863752213272,0.34938303784181135,0.0697943526516952,0.09807412327770881
plot_17117,3,0.44183845990584014,4,0.07065280903734746,0.01897076897751155,0.10735572587253382,0.11475583750686036,0.5581615400941599,0.06005741750149598,0.07004590101009106
plot_17118,3,0.42633087904063166,6,0.13066015052670799,0.001478607413683906,0.20152829031020064,0.0,0.09266288214434953,9.486456896363879e-07,0.5736691209593684
plot_17119,3,0.278993844818837,1,0.20978580042144274,0.7210061551806086,0.0,0.06834826439786085,3.2397960737205463e-09,0.0007121679930987924,0.0001476087671929811
plot_17120,3,0.1822658751911614,1,0.12722867125415735,0.8177341248080994,0.0,0.047376115745972947,0.0010979051142434903,0.006535491920854748,2.7691156672012687e-05
plot_17121,3,0.7096609210273694,4,0.018581439041841327,0.05600371323195203,0.11838284354505293,0.12313452030740651,0.3179015709168952,0.07565683398422145,0.2903390789726306
plot_17122,3,0.08834779835831365,1,0.01744785170958367,0.9116522016408988,0.00010144557598636605,0.06629966735062116,0.0012648842122519337,0.003097855745739988,0.00013609376491826756
plot_17123,3,0.27096164922273885,1,0.1554278981294612,0.7290383507767433,0.019765189635541334,0.01844045218898951,0.0035506418328895813,3.270883725250042e-05,0.07374475859912266
plot_17124,3,0.7246377649750765,1,0.19947256660061072,0.5242997480260523,0.0,0.2753622350249235,8.827663905385152e-05,0.00038807502485575237,0.00038909868450414954
plot_17125,3,0.676343035974316,1,0.10977958122050979,0.3545476503303961,0.07464152456922338,0.0009076833698222313,0.32365696402568406,1.5757676240229948e-12,0.13646659648278864
plot_17128,3,0.016986596964504788,1,0.0,0.9830134030354952,0.0,0.0,1.2501145515674326e-12,0.016986596963254687,0.0
plot_17132,3,0.07597078860070419,1,0.0,0.9240292113810618,0.00021231893771849305,0.0,0.010004057474280011,7.602635084541824e-22,0.06575441220693978
plot_17133,3,0.6789383603946432,1,0.0019988896211241406,0.46448186365361255,0.016552171989010732,0.052537763671236574,0.32106163960535694,0.011721242299483023,0.13164642916017616
plot_17134,3,0.509494607701542,4,0.015079671504583305,0.15375940885983394,0.0005194129723146395,0.07785331054078935,0.490505392298458,0.0010463347644947057,0.26123646905952613
plot_17135,3,0.5656835931587738,3,0.0033387150473642153,0.1267067208370402,0.0008349912801979533,0.43431640684122613,0.228994879441473,0.022028246635365602,0.18378003991733283
plot_17136,3,0.5304155877381642,4,0.012015308301348842,0.19326413539011758,0.00040713763927072405,0.07423403300106544,0.4695844122612302,0.0027442837602640524,0.24775068964670316
plot_17137,3,0.1810486331866053,1,0.005782256902942694,0.8189513668120948,0.038863739178006014,0.008388686663959477,0.12446878537736183,1.073560383386089e-12,0.0035451650645616866
plot_17139,3,0.5633672965098722,6,0.31552666265906504,0.018543724470925938,0.04708259569865001,0.007000389114932688,0.17097825710444337,0.004235667461855207,0.4366327034901278
plot_17144,3,0.5670111144781422,6,0.2291414930125667,0.04741509018172165,0.024666652811789785,0.01279752230099978,0.2527862301368473,0.0002041260342169696,0.43298888552185777
plot_17145,3,0.6787073286023445,0,0.44684456246578097,0.06228047661974555,0.001472802724096816,0.0,0.16586573640349467,0.002243750389226523,0.3212926713976555
plot_17146,3,0.44470364466279466,2,0.0010066361979131112,0.4121225288336898,0.5552963553372053,0.00010991862199807788,0.0019824762313605075,9.613370771900026e-07,0.029481123440755923
plot_17153,3,0.6886519392187612,1,0.07398781829435983,0.4132644279611832,0.0,0.0004942988307287747,0.31134806078123883,0.03951387906666616,0.1613915150658233
plot_17154,3,0.5310183807269544,0,0.46898161927304494,0.45111100431090434,0.0,0.07036409790018766,0.00016337460025479713,0.009379903915608313,0.0
plot_17156,3,0.5517964277593738,4,0.20430120304618954,0.07337264747146048,0.08875669584663996,0.00030189652255121135,0.4482035722406263,9.717434045271627e-05,0.18496681053207983
plot_17157,3,0.19157246438703243,1,0.08756565065807093,0.8084275356127678,0.0,0.015665952571103814,0.028112232387282107,0.058645379080970714,0.0015832496898046439
plot_17158,3,0.27628761252445816,1,0.005989972740739189,0.7237123874753784,0.0005759230073109719,0.14135399938433094,0.11187449205804807,0.000806507215452445,0.015686718118740013
plot_17159,3,0.22738917884088106,1,0.013725949743069652,0.7726108211585845,0.0006736676329235945,0.0625952945711221,0.12167022334558866,0.010414777028721388,0.018309266519990174
plot_17160,3,0.6595664284323209,2,0.3404335715676791,0.027848432147570358,0.49446528729405514,0.05784935643333895,4.702193020955691e-15,0.02198759009895474,0.05741576245839705
plot_17161,3,0.15348558033152693,1,0.010234991060459529,0.8465144196682729,0.05627262402860568,0.05444827819201829,0.0013008118870334647,0.018910123574865406,0.012318751588744846
plot_17172,3,0.40436167599387857,1,0.002675829396231876,0.5956383240061215,0.022665043377528022,0.07262069412460809,0.2048230286695337,0.0991856155374641,0.002391464888512875
plot_17173,3,0.5779915524038641,4,8.063084393616025e-05,0.3747404569212571,0.0013761826949499328,0.024193171010094584,0.4220084475961359,0.16375556017448048,0.0138455507591458
plot_17174,3,0.5524349003891229,1,0.00016339159727242697,0.4318094415016253,0.00035538583544426916,0.004256025711744148,0.40074560315745894,0.12391283806086115,0.03875731413559377
plot_17175,3,0.2704591863642272,1,0.014043747413142372,0.7295408136271178,0.0,0.005656056330667489,0.12101328905140633,0.10824021135907974,0.021505882218586375
plot_17176,3,0.5745936393161071,4,0.057740955472983246,0.27273010177173207,0.018813364608641567,0.06271587691197261,0.4254063606838929,4.3232375931668515e-13,0.16259334055034522
plot_17181,3,0.6903856806958744,4,0.15029939135449286,0.24692746727856796,0.1541625502838244,0.009964847452411092,0.3096143193041257,3.6580243903874855e-08,0.12903138774633394
plot_17182,3,0.5439355614350065,4,0.0011493705346587355,0.27749970339148433,0.06629076840177789,0.0,0.45606443856499346,4.728543914158333e-13,0.19899571910661276
plot_17183,3,0.3666784076929449,6,0.1810789549168333,0.026014832844670082,0.09518215168308632,7.145973961891597e-05,0.06433100850682372,1.9125801698291005e-12,0.6333215923070551
plot_17184,3,0.5686305825382263,2,0.00940450233886724,0.2597477296218096,0.43136941746177376,0.0,0.16062247367890178,1.2712485457265958e-12,0.13885587689737655
plot_17190,3,0.07591028855772484,1,0.005830510570327691,0.9240897114417495,0.00020648531683680865,0.021365897933302454,0.00860619278283191,0.03922454070525831,0.0006766612496934325
plot_17191,3,0.05019137910498214,1,0.004706512448089672,0.9498086208943274,0.002641635122822583,0.01335390258108716,0.019859652098713987,0.008684928466849689,0.0009447483881096028
plot_17195,3,0.7232825219404618,6,0.2767174780595384,0.04125364032062719,0.25676360021157346,4.3838391432649826e-05,0.11567996352024186,2.8012727265405594e-25,0.30954147949658667
plot_17196,3,0.6428207592742208,6,0.35717924072577933,0.007449093141079763,0.13971094589690927,0.0,0.04280558969184473,2.461578130900248e-08,0.45285510592860573
plot_17201,3,0.12938565030944055,1,0.0005141715436522026,0.8706143496905595,0.008062939861235928,0.0,0.10083246146877825,3.7866872095595734e-22,0.019976077435774217
plot_17203,3,0.7175294777435057,3,0.04101862406706857,0.14913819392718086,0.09605617914052772,0.2824705222564944,0.21227754136976826,1.2102703584059627e-12,0.2190389392377501
plot_17204,3,0.5087188613685049,6,0.0762280935079005,0.19758061630615192,0.008178073161900123,0.00951273913875866,0.2178707365962924,7.845457591414195e-12,0.490629741281151
plot_17205,3,0.20140607607731176,6,0.06095031885293904,0.009314854878272733,0.12272715109831563,0.0,0.00841375124778432,7.812624319761355e-17,0.7985939239226882
plot_17207,3,0.45002359211094883,2,0.10645353459684259,0.01683042755767849,0.5499764078890512,0.0,0.07881719146070207,7.36598759788012e-24,0.2479224384957257
plot_17210,3,0.6832338525252672,3,0.0,0.03516877553884003,0.02024721680361364,0.3214366057842736,0.3040429340735802,0.31676614747473125,0.002338320324961345
plot_17212,3,0.4872061410844297,6,0.08111513617973504,0.1860799795292065,0.117141948236888,2.6530545473128663e-05,0.10284254659312711,6.9437428381979655e-25,0.5127938589155703
plot_17213,3,0.4713297266943943,6,0.09127214411543294,0.04582718072565351,0.15866832513818768,0.0,0.17556207671512014,2.37681043534732e-18,0.5286702733056057
plot_17214,3,0.7042538857381008,1,0.010683785800463119,0.49912791657494016,0.05885291967652585,0.0,0.29574611426189923,1.4417375989769884e-22,0.13558926368617175
plot_17215,3,0.28992417571849716,1,0.006971365866493334,0.7100758242815028,0.05098081466175221,0.0,0.13953426659288504,1.433948380527519e-22,0.09243772859736654
plot_17217,3,0.17047398399227123,1,0.09880500300823095,0.8295260160077287,0.0,0.05851830346083167,0.012102321954822335,0.00023081650006128506,0.0008175390683249428
plot_17218,3,0.2725218235664852,1,0.19873046005996903,0.7274781764328029,0.0,0.06488322109479239,0.005192885706659027,3.17338772660695e-05,0.0036835228285106263
plot_17219,3,0.2392985966367266,1,0.1809246769872919,0.7607014033632734,0.0,0.057731088693441394,8.008604689242784e-05,0.00020582591082996454,0.0003569189982709344
plot_17222,3,0.699112242074888,1,0.00012015535236626471,0.39876555309738054,0.0005607274068702488,0.005823870076331077,0.28417669205406665,0.3008877579251122,0.009665244087873172
plot_17223,3,0.452660676093404,1,0.0004578688411223023,0.547339323906596,0.0,0.007008325281325852,0.30436783182519095,0.07065998690073494,0.07016666324502997
plot_17224,3,0.7131417148765107,6,0.2868582851234893,0.027612936454084677,0.09906827814999225,0.00038301522107369196,0.08326592728334858,3.1276691999055947e-16,0.5028115577680111
plot_17225,3,0.2467304041557905,1,0.013867072484669134,0.7532695958437698,0.003944917789863821,0.07656438057311653,0.11849805825335377,1.0136833488571077e-12,0.03385597505421327
plot_17226,3,0.4658826415758779,2,0.0070537018783040275,0.0,0.5341173584241221,0.00020334122913975695,0.4457275439089713,0.009186978543351891,0.0037110760161108767
plot_17227,3,0.3813281909921121,2,0.007668455935980513,1.808689779918326e-05,0.6186718090078879,0.00024044799866813378,0.35949687942156855,0.010161454704122929,0.003742866033972864
plot_17228,3,0.4193082463760159,4,0.10505464602850935,0.00035888479532141784,0.2321429354935345,0.01933131047548781,0.5806917536239842,0.06242046958316282,5.102085295806934e-82
plot_17229,3,0.07387255982692473,4,0.002851221007130279,9.699443520074126e-05,0.06650374339358532,0.0,0.9261274401730752,0.0003094014860825327,0.004111199504925844
plot_17230,3,0.4470699888035238,4,0.009827791269119453,3.46592656804814e-145,0.28183022859007384,0.00900730780667984,0.5529300111964762,0.14640466113765066,4.256941079229657e-83
plot_17231,3,0.5615064916691749,2,0.011912921530721914,0.00011778917362107283,0.4384935083308252,0.04075548398194179,0.3926948016352871,0.11602549534760304,4.115327800229487e-82
plot_17236,3,0.5400957737647267,1,0.45990422611046494,0.500015890791417,0.0,0.02316036692103185,0.0011227664004617877,0.015796749776624507,1.7274122389829503e-100
plot_17241,3,0.7135767796140224,1,0.007477639441691079,0.5820970913070196,0.00024035750221783323,0.2864232203859777,0.10528290092719828,0.00023614245675401395,0.01824264797914159
plot_17242,3,0.2616509375537072,1,0.010843359369809057,0.7383490624462578,0.012249459328153111,0.06356531732421371,0.14895287419011902,9.706350028242613e-13,0.02603992734047682
plot_17243,3,0.15563736655307703,1,0.012747012525735279,0.8443626334468648,0.009805295454903872,0.021554391667151007,0.09946210134658856,1.1571828910493672e-11,0.012068565547184716
plot_17244,3,0.38329685919406203,1,0.00017998360041398666,0.616703140805938,0.0,0.005359058654314326,0.2335458367061538,0.08197328454536143,0.06223869568781853
plot_17246,3,0.043938846563860184,1,0.009793120702971267,0.9560611534360108,7.794892454169913e-05,0.020551207881129286,0.0013468789348316064,0.012011847195058078,0.00015784292545708203
plot_17247,3,0.6543697200793119,0,0.3456302799206881,0.05215073337787877,0.2435371041788178,0.0,0.09568364643478292,2.3371412906012876e-23,0.26299823608783246
plot_17249,3,0.46668063122753145,4,0.036896849080666955,0.39650053485243164,0.005081414941519331,0.0072753016563032735,0.5333193687724685,2.866046676653285e-08,0.02092650203614354
plot_17250,3,0.39258453015096023,1,0.0016653600438127395,0.6074154698490397,0.00023705006405550416,0.0002254512697117419,0.36408753745642075,0.005194410585030458,0.021174720731929074
plot_17251,3,0.413413916601253,4,0.010835979028766799,0.30517321435194483,0.0005894523750103806,0.0008005514785085236,0.586586083398747,0.00558838363025047,0.09042633573677185
plot_17252,3,0.012809358783192644,1,3.548598430560405e-283,0.9871906412167948,0.00030026913207241906,0.0006915612500203918,0.009831472224184111,0.001986056176928413,1.315645433628756e-52
plot_17253,3,0.03392211799848707,1,0.0,0.9660778820015116,0.00030500321390711845,0.00022369284708746584,0.025066961521555794,0.008326460415938102,4.872135838267214e-52
plot_17254,3,0.26334022492007786,1,0.07504419885245414,0.7366597750793886,2.672507766860297e-05,0.0,0.17833212502864185,0.000811390070039471,0.00912578589180733
plot_17255,3,0.22098978955532833,1,0.0780413781523944,0.7790102104446717,0.0,0.0,0.13723324676361817,0.0008719019977385931,0.004843262641577214
plot_17256,3,0.639674871319845,1,0.008335099490262851,0.40334641655509434,0.0,0.36032512868015504,0.22799335527448783,9.577745576052572e-23,4.050464365557816e-92
plot_17257,3,0.38608956071737155,2,0.00936991386287582,2.4083057427376127e-05,0.6139104392826285,0.00030934678723398883,0.36333456552438065,0.01255962812089345,0.0004920233645603544
plot_17258,3,0.22582426818073834,4,0.009352486430102397,4.492682298302334e-148,0.2091213258196013,0.00016481162529086645,0.7741757318192617,0.00669550399139107,0.0004901403143527617
plot_17259,3,0.7114801655363281,4,0.15383699386604913,0.0016970270975080256,0.11507233926531205,0.08108515651704357,0.3597886487904154,0.2885198344636719,6.33159629349443e-82
plot_17260,3,0.5870643521218736,4,0.00515096669838137,0.00019283460966160892,0.4129356478781265,0.0,0.5703092201165165,0.011411330697314093,3.2670165368425005e-170
plot_17261,3,0.5452159555142873,4,0.04185388290201295,2.0079489110895596e-05,0.4547840444857128,0.008630682796174781,0.46810546218763466,0.02660584813935396,1.0349994783351718e-82
plot_17262,3,0.1775140794025818,1,0.05171168239014217,0.8224859205959394,0.0007769149515468388,0.08742176217257361,0.0013759963924203378,0.035981203282918386,0.0002465202144593277
plot_17271,3,0.3302226470489483,4,0.2911476704954147,0.00027363390847690505,0.02233198818674282,0.00020131693552652988,0.6697773529510517,2.3975509729264123e-16,0.016268037522787163
plot_17272,3,0.4084579798927384,4,0.3292198459774932,0.0019157726887778777,0.03263821369054403,0.001691720535444184,0.5915420201072615,1.7955515675045634e-15,0.04299242700047728
plot_17275,3,0.6645589086704086,5,0.2493726833214636,0.0184066092485231,0.04104872705765358,0.00911699032811304,0.001601168846981665,0.3450127298676736,0.33544109132959143
plot_17276,3,0.3478233471833142,5,0.1271107218553567,0.1299443302446291,0.0022517492581390426,0.0,0.0390159770073823,0.6521766528166858,0.04950056881780712
plot_17277,3,0.4222188929968123,5,0.12667285827661262,0.041882581144339244,0.02206089496470867,0.00030696689484946345,0.20441231214790548,0.5777811070031876,0.026883279568396805
plot_17280,3,0.2655168597897485,1,0.14257512948047937,0.7344831402102515,0.00047150073984421613,0.06651807046945897,0.0012934620516247806,0.05465869704834117,1.0655462258349379e-101
plot_17281,3,0.5937386658208423,2,0.06975553971170029,0.1786004017079289,0.4062613341791576,0.0011522352638484777,0.2285154957149998,9.648937487135141e-26,0.11571499342236494
plot_17282,3,0.6169924532750376,4,0.057637344085589945,0.19232409873619782,0.32552047557056685,0.0005526739303562429,0.3830075467249623,1.2251840392181316e-25,0.040957860952326675
plot_17283,3,0.44148006384961547,1,0.021214593112912905,0.5585199361466455,0.012006218365161244,0.15066201665533174,0.17056194609206604,1.0660319266353829e-12,0.08703528962681656
plot_17285,3,0.691747950062321,4,0.20950735657612465,0.26752776010101537,0.042291420113864046,0.011628400257756856,0.30825204993767913,3.187747118587861e-14,0.16079301301352827
plot_17286,3,0.514383277691157,6,0.16161912163812592,0.128642328749424,0.1067554718815106,0.0006063874030648609,0.11675996801900898,2.274357505108116e-14,0.485616722308843
plot_17287,3,0.3187940148616452,1,0.023811776148900895,0.681205985138107,0.01045474344403847,0.02602583527549658,0.16298714659290492,1.7506296320371387e-12,0.09551451339880149
plot_17288,3,0.5474244843790559,6,0.12429371572112369,0.09594114441112891,0.11122719460607913,0.0008236942701899646,0.214715135937112,0.00042359943342228,0.45257551562094406
plot_17289,3,0.5980647943923012,2,0.3836887095927079,0.043006930270748395,0.40193520560769874,0.0,0.014414311200903168,2.2279165776491468e-06,0.156952615411364
plot_17296,3,0.580543314535962,6,0.07210449565191339,0.13198492019379085,0.03192016087189129,0.06398057718308468,0.2805531606350131,2.685704886033064e-13,0.419456685464038
plot_17297,3,0.5537200412281056,1,0.002056072124099694,0.4462799587610721,0.00033581285784073427,0.10469074392668255,0.2722111396544153,0.013266535755410605,0.1611597369204791
plot_17298,3,0.45646961661853,1,0.000890267383592211,0.5435303833436638,0.0,0.015312543275211594,0.2605199506181841,0.019511634087754748,0.16023522129159368
plot_17304,3,0.15430808193366047,1,0.0074740404855008725,0.8456919180576851,0.0016202774667161601,0.06028899781004128,0.019449012059672283,0.056979098559458374,0.008496655560926073
plot_17310,3,0.6394735439231394,1,0.0,0.5506977092702328,0.0005583822644436773,0.0,0.08821745238846301,1.1082824640941063e-25,0.36052645607686057
plot_17311,3,0.3446113282121247,1,0.000638862577239733,0.6553886717867035,0.008439126515453732,0.0,0.03511497169769348,1.305655538279389e-26,0.3004183674229095
plot_17315,3,0.552442097555751,0,0.44724600079613175,0.01410187163263796,0.08605772217660641,0.0005076234943344527,0.08721280477855002,0.0006206765205482529,0.3642533006011914
plot_17332,3,0.2910725596319126,1,0.0028882550298254465,0.7089133939840622,0.0005272457948727007,0.01186464853585082,0.09672272048077135,0.17413825759585294,0.004945478578764548
plot_17333,3,0.3244364957191086,1,0.006063236806793222,0.6755635027893055,0.0,0.004071106036489168,0.14124339192201182,0.1545063607942964,0.01855240165110376
plot_17334,3,0.42961860496878174,1,0.0,0.5703813950311187,0.031152814682602274,0.008679320501627858,0.38816092282760584,0.0016255469570452764,1.4668144390378179e-25
plot_17335,3,0.2062917540677657,6,0.0730825891562483,0.008379670859327447,0.11500287280572094,1.636941845723051e-05,0.009810251828011738,7.658310201676416e-17,0.7937082459322343
plot_17336,3,0.22260277528337097,1,0.12402970856167542,0.7773972247162679,0.0006952631722658175,0.08986692606355162,0.0006380696221811431,0.00027674626998513437,0.007096061594072952
plot_17337,3,0.3568642939911478,4,0.0,0.21972794267936657,0.06775235078026287,0.05940558184032751,0.6431357060088523,0.009978418691190868,3.1379198219914114e-60
plot_17338,3,0.050331750474285834,1,0.0048416951212909825,0.9496682495257142,0.002653766021522211,0.01348429968121815,0.019810690032032483,0.00859240902151504,0.0009488905967069724
plot_1734,3,0.32708782169133954,1,0.06742202594531026,0.6729121783086605,0.0029911723439219862,0.1408275244694984,0.05944424593062896,0.05640285300198004,3.3080069856301173e-285
plot_17342,3,0.3360098935512433,4,0.08276202585431479,1.6416684365499542e-147,0.22869960270270392,0.002618915491493838,0.6639901064487567,0.021929349502730747,3.0809780474891294e-83
plot_17343,3,0.7104100867375569,4,0.2895899132624215,0.0003860265130985013,0.151135607893209,0.022036867105567067,0.40379823860362524,0.1330533466220787,4.997116676860017e-82
plot_17346,3,0.4604696702652641,2,0.13070482597529504,0.017421510225398174,0.5395303297347359,0.0,0.0627423694325486,8.952445762423508e-24,0.24960096463202228
plot_17347,3,0.558164859548921,6,0.18404787275091383,0.0653974409046281,0.1883609827491672,0.0,0.12035856314421187,9.923188003115186e-24,0.4418351404510791
plot_17348,3,0.5000461368316418,6,0.2078012592050731,0.018449267728003125,0.2029687529472287,0.0,0.07082683976424047,1.7187096260769963e-08,0.49995386316835816
plot_17349,3,0.2706215145021995,1,0.2368003899465655,0.7293784854978005,0.0009424830498238952,0.02037244510138116,0.0029563911120599196,2.7895055508385605e-10,0.009549805013418492
plot_1735,3,0.7093117196372867,1,0.08624595443094353,0.5318894529285974,0.0003258986288057235,0.29068828036271344,0.01786012491883416,0.0729902887301059,0.0
plot_17350,3,0.13939487517980859,1,0.06455085629979353,0.8606051248201914,0.0,0.05860699744985281,0.013066475901793276,0.002425994688972543,0.0007445508393963803
plot_17351,3,0.5752451817257005,1,0.4247548182111129,0.4794419538159518,0.00025195489192190166,0.0920804902857124,0.00014230262201335588,6.159266686097774e-05,0.003266887506426828
plot_17361,3,0.3472424966821899,6,0.07725418037577308,0.0190627993136153,0.18101032471761785,0.002902485067486115,0.06701270720769759,1.9591014992766534e-17,0.6527575033178101
plot_17367,3,0.39211278353907586,4,0.018588782636181744,0.02480082497896056,0.13761598856449409,0.0843839610129697,0.6078872164609241,0.018590678314833152,0.10813254803163655
plot_17368,3,0.3997076179769447,4,0.10308750249536133,0.05352648001654708,0.10759916710478865,0.05789425063732712,0.6002923820230553,0.01176339894300304,0.06583681877991755
plot_17371,3,0.17976590829515166,4,0.003366772408630576,9.319611928749883e-05,0.17525185798256152,0.0,0.8202340917048484,0.0009033305287372877,0.00015075125593482454
plot_17372,3,0.22209739288686892,4,0.0012270929444301935,2.2134712069664895e-05,0.20677668430634408,0.0,0.7779026071131311,0.0007509237383305428,0.013320557185694496
plot_17373,3,0.18336533378911118,1,0.0005551460861751889,0.8166346662077489,0.008400553784641294,0.0,0.10730799896239526,4.351371885272992e-25,0.0671016349590391
plot_17374,3,0.452996042966144,1,0.018445524961556943,0.5470039570337575,0.15581319967302118,0.013813394777616967,0.23487916819176385,1.8999287455785427e-13,0.030044755362093566
plot_17375,3,0.6329649129176574,6,0.07213771747132158,0.08379354196111724,0.36703508708234256,0.00016131254705771642,0.059327060924919524,1.7225255159709908e-25,0.4175452800132413
plot_17376,3,0.3881531528264872,6,0.11567243474723063,0.019639383725312758,0.2104077110389922,0.0020226431565302247,0.04041098015842142,1.4811734768055776e-17,0.6118468471735128
plot_17377,3,0.6088806986394691,1,0.39111930136008694,0.5304093930392431,0.0,0.06934421283896981,0.0050073783786686804,3.1927271409928014e-05,0.0040877871116217395
plot_17381,3,0.6403804268590335,4,0.016791166435598352,0.3140408177604064,0.00712079345008197,0.0925930589969198,0.3596195731409665,0.0003031315134688545,0.20953145870255813
plot_17383,3,0.004227165848354393,5,0.0,0.0,0.0006337149551188754,0.0,0.0035934508932355474,0.9957728341516456,1.383590228143502e-261
plot_17384,3,0.0076244504892126145,5,0.0,0.0,0.0036030155758676645,0.0,0.003955704746683436,0.9923755495107873,6.57301666614521e-05
plot_17385,3,0.06890885786201616,5,0.0,5.0506904914586754e-148,0.01981981781558408,3.517122435816949e-05,0.04897576305454507,0.9310911421379838,7.810576752883649e-05
plot_17389,3,0.2999610355752437,1,0.0,0.7000389644148456,0.0016135552564414814,0.0,0.2704554467462416,0.027892033582471335,7.537648639527541e-83
plot_17390,3,0.6660347870619086,6,0.06911475047204695,0.00985044596583299,0.3339652129380914,0.0,0.007302580034298345,1.0687966668110164e-17,0.5797670105897302
plot_17391,3,0.19387149504193335,6,0.06687576584288364,0.01182307301293084,0.10619172352228556,0.0,0.008980932663833196,7.322984143599603e-17,0.8061285049580666
plot_17392,3,0.2956380936312834,6,0.06145638336078345,0.008632716881475318,0.21719258021737076,0.0,0.008356413171653906,9.615171032638514e-18,0.7043619063687167
plot_1740,3,0.2872328385664828,1,0.05874761072528675,0.7127671614334191,0.0023931859817447284,0.12184639675140421,0.046413672658049895,0.057831972450095345,2.7261609722263173e-285
plot_17401,3,0.0014214680919267008,1,9.525789929172444e-284,0.9985785319080651,0.0,0.000231852298596728,3.2426399329901225e-14,0.0005387547308018344,0.0006508610625040699
plot_17402,3,0.00930443607682507,1,0.00016318263113894522,0.990695563923174,0.0,8.409608174770793e-05,4.868020411870527e-12,0.008293189678966601,0.0007639676801046969
plot_17403,3,0.0070070391451975845,1,0.0,0.9929929608547822,0.0,0.0005077043945736963,2.5920219358136975e-14,0.006277560706434641,0.0002217740441836677
plot_17404,3,0.6984811975274708,1,0.0002967817787687596,0.6807907377621403,0.0,0.0,0.0005202739321886926,0.30151880247252916,0.01687340405437314
plot_17405,3,0.16390450753543,1,6.244684814809003e-05,0.83609549246457,0.0,0.0,4.685312770587867e-12,0.16192103684433184,0.0019210238382647946
plot_17406,3,0.18913244900784015,1,0.0004950176259263393,0.8108675509921599,0.0,0.0,0.0008677917081241128,0.16057768272060405,0.027191956953185645
plot_1741,3,0.19160585540848996,1,0.015025781867989474,0.8083941445912985,0.0032210281203986224,0.05936958702868759,0.06411640437795028,0.04987305401367545,2.352204244985355e-264
plot_17412,3,0.4658706614095559,4,0.20725704022074726,0.006263998278714747,0.02709658948826657,3.761392435868064e-05,0.5341293385904441,2.0004363284897004e-07,0.22521521945383577
plot_17413,3,0.48269327862148087,0,0.5173067213785192,0.07135152523448174,0.01609870317800634,0.0030063376524094875,0.2910559936202949,0.0002906269883295715,0.1008900919479588
plot_17414,3,0.4947052894578963,0,0.5052947105421037,0.018832480969025105,0.011484520056187211,0.0018960101963701145,0.32973028141073946,0.0001326565050846437,0.13262934032048992
plot_17415,3,0.09861077052106527,5,2.43933756457519e-14,0.0,0.07023540412354748,0.0,0.026387103921616147,0.9013892294789347,0.0019882624758772623
plot_17416,3,0.01682609445572407,5,1.5704331139388202e-14,0.0,0.010334637705941502,0.0,0.005244733714047166,0.9831739055442759,0.0012467230357196264
plot_17420,3,0.6047569211255406,1,0.0,0.601575777419501,0.0,0.0,0.3952430788744594,0.0020212903884429265,0.0011598533175967512
plot_17421,3,0.33396724624025004,1,0.0,0.66603275375975,0.0,0.0,0.33178464897561605,1.9297851363517512e-20,0.0021825972646340413
plot_17422,3,0.544350996871834,4,0.34541276303461715,0.016312870580238666,0.008242082232130663,0.0002897894744677966,0.45564900312816603,1.0761619118557409e-07,0.17409338393418855
plot_17435,3,0.6847683513712993,0,0.32770030753444934,0.31523164862711517,0.1508000282180907,0.0,0.08876143597386538,1.1495639671761899e-07,0.11750646469008275
plot_17437,3,0.49858826337072226,6,0.1971952426540413,0.011175782583890572,0.253322185792789,0.0,0.03689505234000151,9.36799486128404e-24,0.5014117366292777
plot_17438,3,0.717234542162444,4,0.1751028776765553,0.08338622583480505,0.22061481839582403,0.0,0.2827654578375561,1.1630247124872257e-23,0.2381306202552596
plot_17439,3,0.7088822080334782,4,0.10186876998553952,0.2911177919665064,0.07149776645616052,0.0096577762186556,0.39542841058406575,0.004358131946700414,0.12607135284237175
plot_17440,3,0.5254170878642012,4,0.08567990538457418,0.16327238145951634,0.07441228659358073,0.01419340787144395,0.47458291213579884,0.007249580071961514,0.1806095264831244
plot_17442,3,0.5573013940571978,0,0.4426986059428022,0.020545340846817084,0.00873281467420448,0.0002557432303057005,0.284857322627738,9.93979615013085e-13,0.2429101726771385
plot_17443,3,0.5864579267129434,6,0.27518448907003323,0.0185353936646334,0.0439878418302382,3.191698936176529e-05,0.24871828515841932,2.574880724993248e-13,0.4135420732870566
plot_17444,3,0.3961113713525013,6,0.11852797491323774,0.007278234872181223,0.12811094896616773,0.0,0.14219417360545705,3.8995457510777976e-08,0.6038886286474987
plot_17445,3,0.19903943782655362,6,0.07591265134014508,0.0076399725656434245,0.10643510507870557,6.0931543830632094e-05,0.008990777298228883,1.2569856328340003e-17,0.8009605621734464
plot_17451,3,0.4946615446913881,6,0.15088386307756674,0.001440918524180399,0.17901978081887748,0.0,0.16331310912853836,3.87314222515575e-06,0.5053384553086119
plot_17452,3,0.687538228889155,6,0.1675815421807843,0.0136968321155082,0.31246177111084517,0.0,0.11685732304717973,2.324614238369133e-05,0.3893792854032989
plot_17453,3,0.5659557619893634,4,0.06223793726128357,0.2132619805353196,0.06419667946579247,0.025778251449474147,0.43404423801063663,2.2110866102249508e-16,0.2004809132774934
plot_17454,3,0.4897793273842008,4,0.08563722442381523,0.0,0.29374607389970525,0.008145452455740923,0.5102206726157993,0.10209175337118721,0.00015882323375226558
plot_17455,3,0.6140141003177658,4,0.013857041005669318,1.696328443824817e-147,0.385985899682234,0.00019829615666916144,0.5977261315022496,0.0022326316531778322,1.1397045162332168e-84
plot_17456,3,0.7105100060038251,1,0.07844876592392294,0.4418092104596828,0.002206286096496869,0.289489993996175,0.11160624487881544,1.4097353522075511e-11,0.07643949863080962
plot_17459,3,0.6020685924211481,4,0.0,0.04382291203505659,0.16158289829460404,0.25764714050577964,0.3979314075788519,0.13796207791999215,0.0010535636657156874
plot_17460,3,0.5465948978221044,3,6.927158179164017e-05,0.06083509995826896,0.020531884863700854,0.4534051021778956,0.24760574746460118,0.1955660356448926,0.021986858308849166
plot_17461,3,0.6038366090834857,6,0.059773046065115354,0.0003933989750404242,0.10523246377044071,0.0,0.3961633909165143,1.2550930881696581e-07,0.43843757476358036
plot_17465,3,0.22328748590369196,1,0.06354116017193541,0.7767125140947667,0.0012165371050065143,0.10008262933540764,0.010281649754664873,0.048008161917747795,0.00015734762047116255
plot_17466,3,0.23146381188279852,1,0.12441224757313579,0.7685361881171147,0.0003882014842111354,0.06028366871549526,0.001018969047621979,0.04536072506242122,8.249139921326858e-102
plot_17467,3,0.7095978928664903,1,0.019014210739113763,0.6249853632234077,0.0003126148552329273,0.036314035773484854,0.027631486164029245,0.29040210713350967,0.001340182111221744
plot_17468,3,0.2293317130418235,1,0.07846268001666883,0.7706682869581766,0.0,0.01076754607735429,0.022775667045197543,0.11599771185693761,0.0013281080456652619
plot_17469,3,0.5388760022914231,1,0.46112399704330714,0.5110386224620913,0.0003631841849659777,0.022566410221605614,0.0004308658627277427,6.652693250253569e-10,0.004476919560032846
plot_17470,3,0.5052338506679888,6,0.21907480430467202,0.012265203901616584,0.17081463067083336,0.00014431398148870335,0.10280532754178762,0.00012957026759047028,0.4947661493320113
plot_17471,3,0.45205001673930045,4,0.0,0.31489530612043093,0.12266228528086161,0.012348078438294208,0.5479499832606995,0.002144346899713781,1.6972030951224563e-25
plot_17472,3,0.6757242776124747,4,2.2101551678482357e-84,0.22383030260231962,0.3242757223875255,0.06783006797280444,0.3634309338092163,0.020632973228134194,2.7195487941423326e-59
plot_17486,3,0.7017482814101605,0,0.2982517185898369,0.0009878480416316737,0.21900902818252987,0.17168045441800356,0.14898922016820662,2.4748045970401586e-15,0.16108173059978892
plot_17519,3,0.34157694846210684,5,0.09316553520683027,0.24760608510766935,0.0,0.0,4.378907720561975e-09,0.6584230515378932,0.0008053237686995398
plot_17523,3,0.5693200200145213,4,0.004885091020391854,0.341457633647416,0.06716008442333979,0.11298330635993067,0.4306799799854788,8.807861902996331e-18,0.04283390456344288
plot_17527,3,0.5638168973081116,0,0.4361831026918883,0.27092275562763923,0.0075262064817754526,0.00897711309439717,0.2671035348313879,1.8222531715782383e-22,0.009287287272911799
plot_1758,3,0.2775345136259562,1,0.0,0.7224654863740438,0.1540571696391814,0.0,0.09151705090408493,0.03196029308268997,0.0
plot_1759,3,0.6852748633861933,1,0.0,0.5076448081081757,0.013970118127977821,0.0,0.31472513661380674,0.16365993715003985,0.0
plot_1760,3,0.46509905507952426,1,0.0,0.5349009449204758,0.0009482032533111813,0.0,0.22489441400397994,0.2392564378222332,0.0
plot_17600,3,0.00018325743235727605,5,0.0,0.0,2.908730824012438e-05,0.0,0.00015417012411717438,0.9998167425676427,1.0260320558638572e-262
plot_17602,3,0.4965551818495903,2,0.08905278779992107,0.007567815325584806,0.5034448181504098,0.0,0.39993457872399707,8.73493557116782e-14,8.469676630553069e-105
plot_17603,3,0.07264517975953391,1,0.0,0.927354820240466,9.75869085636186e-05,0.07183770391763163,1.685214507918639e-14,0.0007098889333217127,0.0
plot_1761,3,0.6653954679260825,1,0.0,0.46414464724269194,0.0030292379472965435,0.0,0.19822158273609403,0.3346045320739175,0.0
plot_17625,3,0.42703416589921406,4,0.016783742261547097,0.0029575077980036916,0.028582146054723596,0.0,0.5729658341007859,7.050807245170193e-17,0.3787107697849396
plot_17628,3,0.354342433588858,1,0.016439220315418987,0.6456575664110981,0.03361757477995317,0.011138110732691834,0.11492893979041867,0.17821858797041923,2.180339648204921e-106
plot_17629,3,0.14771516165878118,1,0.008060648028098017,0.8522848361993245,0.026436424745496692,0.0012690184300621164,0.11092465405114846,0.0010244185458702282,2.002516624690854e-93
plot_17644,3,0.7126349226973338,2,0.013891770493282099,0.08225068876053168,0.3071887959580706,0.28736507730266625,0.006677140689389943,0.03673336465609327,0.2658931621399662
plot_17647,3,0.2610013347492735,2,0.004240197544198448,0.08814362509716708,0.7389986652507264,0.00661316661967153,0.1573606554119598,0.0012255245801535075,0.0034181654961231724
plot_17663,3,0.20021166031557128,5,0.00016956087268159438,0.03370112419428368,0.00035456931725565447,0.0006804747611331952,0.1648112529286111,0.7997883396844286,0.0004946782416060079
plot_17664,3,0.5592717086360712,4,0.07614326336881469,0.014659311391848631,0.08236569961135716,0.10538268310072127,0.4407282913639288,6.339755499012244e-16,0.2807207511633288
plot_17671,3,0.3646916241257836,0,0.6353083758742164,0.0005625632001462331,0.041998696100914265,0.0,0.0009262112006495875,1.457800950688259e-21,0.3212041536240735
plot_1768,3,0.7143611402905058,1,0.031212613422359,0.6352921661887798,0.0,0.28563885970949426,0.005459235754375215,0.02926329898983896,0.013133825935152731
plot_17680,3,0.6215577585137488,3,0.07115123466933881,0.15934489629364668,0.0002148339779687006,0.3784422414862511,0.10094424499385349,2.9617155263256207e-16,0.28990254857894093
plot_17681,3,0.6449210934092577,2,0.0,0.16624407930281365,0.39765583382590625,0.0,0.35507890659074237,7.637757323318887e-23,0.08102118028053779
plot_1769,3,0.35179791950956596,1,0.0,0.6482020804752084,0.03712630089288438,0.0,0.15152922743943256,0.1631423911924747,0.0
plot_177,3,0.43029105183596617,2,2.617059197444874e-13,0.025967322591460396,0.5697089481640338,0.0,0.00019736914588275992,4.526262409355451e-26,0.40412636009836134
plot_1770,3,0.23963773813878642,1,0.0,0.7603622618612136,0.18354463776699786,0.0,0.03742114855293645,0.01867195181885213,0.0
plot_17701,3,0.48281325244959966,5,0.16426358742263575,0.02470690953154518,0.037255251083017776,0.013835130682664929,0.241607306656253,0.5171867475504004,0.0011450670734830131
plot_17708,3,0.11248641735516353,2,0.0005873209031919362,0.05899341725746958,0.8875135826448364,0.011473048222779043,0.03440808384205592,3.509406206943797e-17,0.007024547129666941
plot_17709,3,0.18874054572235555,1,0.007136894742779757,0.8112594542768131,0.0010611769928866002,0.0002459221393348468,0.13927939559277258,1.9382713673710503e-05,0.04099777354173946
plot_17710,3,0.058202849692177754,1,0.012853346262068254,0.9417971503076663,0.03125783799461009,0.00046741660926345404,0.01341952827935005,0.00020472054704193896,1.1078819873079632e-104
plot_17722,3,0.05649460898655648,5,0.034296091696039414,0.0,0.0005866802752819076,0.0004215564868387735,0.020740969960616768,0.9435053910134436,0.0004493105677796415
plot_1773,3,0.5621104081511911,6,0.4378895918488088,0.023100492146710394,0.0712811112745702,0.00304357077843827,0.022614981763738023,0.00028016423863052334,0.4417900879491036
plot_17736,3,0.5736697976799628,6,1.691020939823755e-16,0.0075303475629641785,0.42633020232003715,0.0,0.0026049922359504137,5.614372860623003e-25,0.5635344578810481
plot_17737,3,0.03485235521532328,1,0.00031833909695061914,0.9651476447846766,0.012788491439518613,9.804859913106107e-05,0.013941288916014666,0.007706187163708232,9.477872494610344e-102
plot_17739,3,0.24207457471596508,1,0.00023251595345870086,0.757925425284035,0.13624394209470625,0.003184412131185296,0.10219022487583089,0.00018655943864333597,3.692022214065774e-05
plot_1774,3,0.6894326932184562,2,0.31056730678154376,0.0008055448264133638,0.34522370195976276,0.0,0.015854750266543295,5.140361547751955e-22,0.3275486961657369
plot_17741,3,0.31727479874490794,1,0.004061542277251424,0.6827252012550921,0.003705487186353631,0.0,0.30567185284323756,0.0038359164380653682,2.9101385550281605e-103
plot_1775,3,0.2448363025261281,1,0.010313271571658407,0.7551636974736431,0.0,0.06757830764114929,0.0077153176014621945,0.15853030529138296,0.0006991004207042102
plot_17758,3,0.012226164969925474,5,0.012226164969925494,0.0,0.0,0.0,1.8823405231698355e-120,0.9877738350300745,2.2409302257124377e-257
plot_17759,3,0.0,5,0.0,0.0,0.0,0.0,0.0,1.0,0.0
plot_1776,3,0.28805484063899656,1,0.007236415928755411,0.7119125208647844,0.0,0.09719403152765985,0.001426732437067546,0.18090996481441735,0.0013203344273154207
plot_1777,3,0.5279040592763141,2,0.0005160076307632027,0.08665786898048942,0.472095940723686,0.04817328410374216,0.13125656250522041,0.0003274701312767723,0.2609728659248222
plot_1778,3,0.37795037998782205,2,0.01929719659141056,0.0016796583579444559,0.622049620011965,0.000481045785637621,0.2031618603537473,7.584045435143297e-15,0.15333061889928767
plot_1779,3,0.6608323305003437,2,0.0025470988324001664,0.0018139183765507577,0.5898113822510371,0.0001406407411755717,0.33916766949965627,7.376487631833638e-15,0.06651929029917278
plot_178,3,0.44647893379777837,6,1.6742738392697833e-13,0.13674925208185465,0.3094067447150154,0.0,0.000322937000740988,7.117934467382508e-26,0.5535210662022216
plot_1780,3,0.37401484107785865,2,0.0006100300371123663,0.03483718533131805,0.6259851589221413,0.00023808769959188155,0.2651559823268774,1.165248930664623e-13,0.07317355568284237
plot_1785,3,0.6866426558749569,1,0.054761955206276816,0.5477771618742654,0.0,0.0,0.08278591683522742,0.3133573441250431,0.0013176219591872298
plot_1786,3,0.16142171983024492,1,0.0026206439718423537,0.8385782801697551,0.0,0.00047094496153482165,0.032446897950839916,0.12523746302686228,0.0006457699191656185
plot_1787,3,0.6077652744112849,6,1.085451159575149e-14,0.03635249861717546,0.23052045943681093,0.013924101359905398,0.3269682149959481,1.4342851152982958e-12,0.3922347255887151
plot_1788,3,0.6042979665068972,2,2.3832739573110827e-14,0.012696621066108969,0.4108856420015066,0.0071360174230577205,0.17357968601510929,1.0907827673409874e-12,0.39570203349310284
plot_1789,3,0.41899546052643266,2,2.9457435623384515e-14,0.015727356223478647,0.5810045394735673,0.002873720452253711,0.16371876040955957,7.905406984058479e-13,0.23667562344032061
plot_1790,3,0.5027997336903826,4,4.031580736202591e-15,0.3243287029356384,0.1657949265805867,2.8800373519617646e-05,0.49720026630961744,0.0030417138012254984,0.009605589999408356
plot_1791,3,0.5963415358914014,0,0.4036584641085986,0.0026215253381442006,0.1601170224530459,0.0,0.14207203843360908,3.100942297453544e-17,0.29153094966660226
plot_1792,3,0.3453446182414751,2,2.844412275009678e-14,0.02633185785721936,0.6546553817585249,0.0020536423995347612,0.186181169209972,5.736962211020883e-13,0.130777948774147
plot_1793,3,0.32842465799755827,2,5.391346670762062e-14,0.005407041749525536,0.6715753420023861,0.0023468033723330743,0.11536310728759872,7.018436174077387e-13,0.20530770558740086
plot_1794,3,0.5778541661944703,4,1.0282003733728949e-14,0.08709957816963035,0.22153449291063232,0.047946445242290026,0.4221456281409941,0.00029590936409682513,0.22097794617234606
plot_1795,3,0.5188495271575138,4,3.563752445348712e-15,0.15780093015785202,0.11211386599143507,0.060021441846779225,0.4811504728424863,0.00041782218093406063,0.18849546698050976
plot_18,3,0.4390527215706074,0,0.5609472784293925,0.03195623010579757,0.00928360337998665,0.00029726424582060545,0.16428158872833248,8.029460148656098e-05,0.23315374050918347
plot_1801,3,0.6059050514240424,4,0.022887181888675674,0.2767720950968927,0.2674418450840966,0.0,0.3940949485759575,0.037789408598369,0.0010145207560084133
plot_1802,3,0.626493931454295,2,0.08846777318311147,0.0838113755835818,0.3735060685457051,0.0,0.31745726645844075,0.1259532509090815,0.010804265320079455
plot_1803,3,0.33899108538909134,4,4.908548672940129e-16,0.24934931676863192,0.05518592312439706,0.0,0.6610089146109087,0.03290119379977257,0.001554651696289311
plot_1804,3,0.3574067392100765,2,0.016748088285365496,0.007188500798376976,0.6425932607897249,0.004522426929909366,0.11335319010231959,5.905041833699421e-14,0.2155945330942447
plot_18044,3,0.6466459421421242,4,0.0,0.09627704503293008,0.35335405785787577,0.04232077081791559,0.3682451545709944,1.0896494609974956e-26,0.13980297172028416
plot_18045,3,0.0031431445924637626,1,0.0,0.9968568554075353,0.0,0.002262745690961569,0.0005556766238627036,0.0003247222776404468,1.1764204177666857e-107
plot_18048,3,0.25617141793550996,0,0.7438285820644901,0.05533297151769069,0.0055962097832405406,0.00010900549161956979,0.18604551725933746,0.00040740450612070415,0.008680309377500984
plot_18049,3,0.1327311530380012,0,0.8672688469619988,0.04274118854124832,0.07417061918604954,0.0,0.01363969131174165,5.375038156413904e-08,0.0021796002485801208
plot_18050,3,0.028093725007976987,1,0.00010678780044319001,0.9719062749920231,0.0033132799375935767,0.0,0.01468185856993425,0.0001568248792160464,0.009834973820789994
plot_18051,3,0.449403877812661,4,0.000703784247284376,0.027491160220034335,0.35595867358039496,0.05562352721613298,0.5505961221873389,1.84894544877096e-17,0.009626732548814307
plot_18052,3,0.2695248879061343,1,0.0,0.7304751120938656,0.07630618534769161,0.022891132837845173,0.1700455958594688,2.2955199074302172e-14,0.00028197386110578263
plot_18053,3,0.24958381544093988,1,8.248052022115535e-05,0.7504161845590601,0.08389685364888172,0.05019526172952418,0.11197017566058742,2.572211753786704e-13,0.0034390438814682024
plot_18054,3,0.18389926269800708,1,0.0001574237466664007,0.816100737301993,0.06620986018546339,0.01960273808982543,0.09174561609350428,4.739314862876884e-13,0.00618362458207363
plot_18055,3,0.711651220514406,1,5.0126727615428006e-05,0.4166043548849068,0.2883487794855942,0.09105601213806065,0.20318720484173144,2.0421010277227843e-14,0.0007535219220712794
plot_18056,3,0.35667134686178475,1,0.0,0.6433286531382153,0.11746923211375764,0.06885784133226994,0.17002566096560318,1.6484187856162314e-14,0.0003186124501376625
plot_18060,3,0.31099639537549006,0,0.6890036046245099,0.04890682563540237,0.0003534830610878807,0.0027923395168931177,0.06733708832744814,0.1830701528419765,0.008536505992682101
plot_18061,3,0.6408648226422023,0,0.5187829475786875,0.10304099377868656,0.0003070390422313995,0.0026604633322101544,0.015085323263948434,0.35913517735779776,0.0009880556464382855
plot_18068,3,0.025357726672468363,1,5.038231464024938e-283,0.974642273327524,8.641944099249178e-05,0.0030970827886323635,0.02105552100622616,0.0011187034366248183,5.614464995232139e-53
plot_18069,3,0.0067529488742690625,1,0.0005674975792127405,0.9932470511256963,0.0,0.0,5.012951147338733e-14,0.006185451295040795,0.0
plot_18070,3,0.008805622636946377,1,0.002550374630406826,0.9911943773628121,0.0,0.0,2.76411573514088e-05,0.00622760684942962,0.0
plot_18071,3,0.005079135013406887,1,0.0004889876015688584,0.9949208649865844,0.0,0.0,4.321927239983899e-14,0.0045901474118035255,0.0
plot_18072,3,0.008090927488864351,1,0.0022029041161757564,0.9919090725111357,0.0,0.0,2.5804637223798954e-05,0.005862218735464838,0.0
plot_18073,3,0.01138996588452763,1,0.002628622778107266,0.9886100341154723,1.8748607726738247e-05,0.0003435700211749061,0.001329247719633753,0.007069776757884922,1.820716345741095e-106
plot_18074,3,0.08446871116214213,1,0.01107810935278171,0.9155312888378424,0.0,0.002000610457736235,0.05429433252475671,0.017095658826883006,1.0407987310072852e-241
plot_18075,3,0.5805065751815212,4,0.0,0.13519618522319052,0.17454506983418583,0.12828724177163847,0.4194934248184789,3.939286650573559e-27,0.1424780783525063
plot_18076,3,0.6732516784324774,2,0.0,0.15881300974706702,0.32674832156752265,0.14521175809609993,0.22039991978909534,1.0225086667991747e-27,0.1488269908002151
plot_18077,3,0.6528792731108861,6,0.00017596206708282117,0.29482506586801704,0.04118092492066096,0.0879735758426541,0.22872374441247129,2.818896614641542e-29,0.3471207268891139
plot_18078,3,0.23508650388394453,1,0.017398172633440477,0.7649134961159858,0.060686860094149746,0.00046543809080116263,0.14899417035988122,4.4737179223562466e-05,0.0074971255265178505
plot_18079,3,0.30541361427474195,1,0.018008327632967353,0.6945863857252567,0.07397577064658313,0.00012305942691845823,0.198717701580179,0.00012980468870145502,0.014458950299393817
plot_18080,3,0.04633464467002992,1,0.00803971928055365,0.9536653553296286,0.010689051003707848,0.015921202334486313,0.01071171269947679,0.0001493403548035714,0.0008236189973432475
plot_18081,3,0.3130124180563678,1,0.07706654872438864,0.6869875819429776,0.09390919873467944,0.0002119207178390711,0.1405398839075538,2.451151794167687e-15,0.0012848659725590596
plot_18084,3,0.18305544122460418,1,6.807884822880261e-285,0.8169445587753874,0.01547637286993892,0.002556019194743645,0.15052536532599195,2.6520241003934325e-27,0.01449768383393785
plot_18086,3,0.048802428907766475,1,0.004882477916054797,0.9511975710922329,0.019536150144354496,0.01386269974284029,0.004567103743134191,1.8040179568023823e-21,0.005953997361383408
plot_18087,3,0.2918938494484998,2,0.00030303447378210885,0.13813121986426366,0.7081061505515003,0.0011350450658661746,0.13853230409799996,4.756624254555622e-22,0.013792245946587912
plot_18088,3,0.37465678975889016,1,0.0002873080760586543,0.6253432102411098,0.2551264551343846,0.002746844919107848,0.11280628196823497,4.7603623120966787e-23,0.003689899661104193
plot_18095,3,0.5655301530074321,0,0.5147629993391908,0.013615121548869841,0.004522268239684196,0.008524953074072038,0.0184342588269059,0.43446984699256785,0.005670551978709445
plot_181,3,0.0168288461599329,1,0.0,0.9831711538396747,0.0,0.0,0.008232798955170897,1.355469827038738e-21,0.008596047205154425
plot_18100,3,0.31448017950970925,2,0.004879148766952119,6.788308764313487e-146,0.6855198204902907,0.0,0.019000868505516213,0.29029174714383144,0.00030841509340953963
plot_18101,3,0.2038044944831076,1,0.00014508657491558833,0.7961955055168923,0.12487554782503703,0.0,0.06948658561518967,1.6496183515644263e-05,0.009280778284449677
plot_18102,3,0.6653258431495285,5,0.3346741568504715,0.011231159858770979,0.00952918479803611,0.0005908891473854225,0.019452826718221707,0.4275886750043859,0.19693310762272837
plot_18103,3,0.4494914662386935,1,0.0014915479449687328,0.5505085337613065,0.0001494794683977393,0.11527176629712808,0.33257867252819895,3.1275969581279614e-20,5.4345127047087486e-92
plot_18104,3,0.6371227164834503,1,0.0009467383864147819,0.5765868313346877,0.0,0.36287728351654963,0.059589146762347917,1.0009387407246795e-22,1.1452455350415786e-92
plot_18107,3,0.12834523472069925,1,0.0011536094380114668,0.8716547652793007,6.398057161924587e-05,0.00025752001282996475,0.12120921374006566,0.0016008068512576392,0.004060104106915248
plot_18108,3,0.2097834456567302,4,7.873450811333926e-17,0.04367728825068636,0.16610615740604376,0.0,0.7902165543432698,2.531047823411498e-20,1.372876234039321e-106
plot_1811,3,0.0018054651472879269,1,0.0,0.9981945340926366,0.0,0.0,0.0018054659073634056,1.6667358107929171e-21,0.0
plot_18111,3,0.0250170429373846,1,0.0,0.9749829570626154,0.000971306177095171,0.0018807271744649165,0.01833195611726203,4.594068288256638e-28,0.0038330534685624747
plot_18112,3,0.009298370565487046,1,0.0,0.9907016294345112,0.0004919751011031719,0.002282038084195763,0.00611077990877728,1.1555624368914388e-28,0.0004135774714123747
plot_18113,3,0.024411282080849583,1,4.7763117888386766e-05,0.9755887179191505,0.003389170895748421,0.020752588868081578,0.0002217591991312534,7.790831000174401e-30,5.868909104755781e-107
plot_18114,3,0.08803536634927785,1,0.007589434018954481,0.911964633650715,0.029449640970105814,0.0076023245261759055,0.03397038350689398,2.8042062341045676e-21,0.009423583327154799
plot_18115,3,0.2286207182863704,1,0.0004581067567613452,0.7713792817136296,0.11133604127911298,0.0058178261544334,0.10753395688708396,1.1267099498832746e-22,0.00347478720897874
plot_18116,3,0.38711118531577826,2,0.0002558842970796807,0.2656883030352456,0.6128888146842217,0.0005793201076039637,0.11347174854170343,1.939785569476254e-22,0.007115929334145576
plot_18117,3,0.4441607526227622,1,0.0,0.5558392473772378,0.2388068061835907,0.00911641549334205,0.19183175282251624,2.1854566909618717e-21,0.004405778123313102
plot_18119,3,0.4771532748394304,4,0.0019308161947661257,0.06680877408150973,0.15072006414329145,0.24366386120901823,0.5228467251605696,4.5074807491122783e-17,0.014029759210844768
plot_1812,3,0.01789915046034031,1,0.0,0.9821008495396597,0.00031763034529661786,0.0,0.017581520115043707,1.7252536150238728e-20,3.2902003205101577e-108
plot_18120,3,0.003228408581615467,1,0.0009406016946254867,0.9967715914183846,0.0,0.0,0.000189735418170693,0.0020199662950927417,7.810517372657444e-05
plot_18123,3,0.7133163098295098,1,0.01886779061731397,0.6057284907899924,0.02554476070845588,0.2866836901704904,0.015510837966188929,0.047501774856307036,0.0001626548912513907
plot_18125,3,0.3463237129043107,0,0.6536762870956884,0.16243829322928963,6.41240632926689e-05,0.0005474000044895314,0.02775765941022402,0.154689710694169,0.000826525502846871
plot_18126,3,0.5736332809247758,4,0.20525332371548508,0.21478748388355282,0.0014624520824986643,0.00041943253489322836,0.4263667190752242,0.013269282508962327,0.13844130619938366
plot_18135,3,0.026921383894765616,1,1.687119147981917e-281,0.9730786161052283,0.0,0.021880729890877255,0.005015334918433503,2.0815849574836343e-21,2.5319085460843645e-05
plot_18136,3,0.16678220076924366,1,6.226926060773215e-284,0.8332177992307436,0.0001395735559646297,0.019110930897054065,0.14736751647341223,0.00016417984282555932,3.9414637159013253e-53
plot_18137,3,0.2293364891992481,1,2.1739725184266437e-284,0.7706635108007454,0.0,0.08437062708786187,0.14496586211139262,6.014756420896371e-20,6.713439619202293e-108
plot_18138,3,0.22725888666393226,1,5.522179446120368e-284,0.7727411133360531,0.0,0.08134694663998358,0.14591194002396335,6.054032513316761e-20,6.673977476855003e-108
plot_18139,3,0.050292059085009916,1,3.6426079156439505e-281,0.9497079409149773,0.0,0.04463793945673796,0.005289941073993336,2.1955586112110223e-21,0.0003641785542911932
plot_18140,3,0.5115447083566818,4,0.0,0.15668008734596234,0.16410073536223502,6.601776617245007e-05,0.48845529164331825,0.190697867882312,6.570218872659559e-50
plot_18141,3,0.38020900871111774,2,0.012244519954896695,0.0037422983003287218,0.6197909912888823,0.0646718681518359,0.23032691881555856,3.241178091706123e-16,0.0692234034884975
plot_18142,3,0.01386189851598299,1,0.000403737042806292,0.986138101484017,0.0,9.299424777245831e-05,0.002831281521759029,0.010533885703645239,0.0
plot_18143,3,0.46289808376457764,2,0.0458258491596233,0.22737437570286118,0.5371019162354224,0.06641430356167427,0.07124924923030565,0.05152675300577156,0.0005075531043417833
plot_18151,3,0.23519897377051457,2,0.09896562754669866,0.0,0.7648010262294853,0.0,0.11137125967776698,0.004960932980787764,0.01990115356526109
plot_18163,3,0.7127614922407979,1,0.002992336080388026,0.49855677602030557,0.06038111215968031,0.09171762097365645,0.05911364700676757,3.184594170431948e-24,0.2872385077592021
plot_18164,3,0.23453105305599495,1,8.741598971423948e-05,0.765468946944005,0.00674118399837196,0.08020017682151723,0.03979490543078086,1.4571435355199655e-27,0.10770737081561066
plot_18165,3,0.23999616795483134,1,0.00010720137021898492,0.7600038320451686,0.007699658385368315,0.07402116382729101,0.041210966174706175,1.5219989975036588e-27,0.11695717819724681
plot_18166,3,0.18742783216670073,1,0.00017850182363881293,0.8125721678332993,0.0023802757718957403,0.056097836420445996,0.10935241600958442,7.657273290934961e-24,0.019418802141135758
plot_18167,3,0.21991560122591713,1,0.0002765863052294872,0.7800843987740769,0.005736571091693075,0.022067429813861447,0.12795895821159947,9.744121315672844e-24,0.0638760558035394
plot_18168,3,0.1089384206875589,1,0.02189829380552899,0.8910615793124348,0.050592386025323094,0.004222809463595515,0.031139755290400254,4.719272122314518e-16,0.0010851761027167737
plot_18169,3,0.3073014025103539,1,0.04683468978692962,0.692698597489633,0.004464390147314888,0.0010473629022223934,0.17414201417792557,0.0069191855341816585,0.07389375996179291
plot_18170,3,0.14831085295175497,1,0.01563967690712992,0.8516891470482254,0.007029616261360887,0.0887121801133406,0.027721634515933184,0.007046259025311569,0.002161486128698555
plot_18171,3,0.13047549079971607,1,0.017964584582317623,0.8695245091987849,0.0025213105988484553,0.015416279369190782,0.07454358189011727,0.004664381011714921,0.015365353349026093
plot_18175,3,0.42606214599929126,1,0.0007827474953571724,0.5739378540007087,0.0,0.22501371976903883,0.20026567873489529,9.340156132772804e-22,4.08902121139941e-92
plot_18176,3,0.49404806596038703,2,0.0,0.14540940462763538,0.5059519340396129,0.00039591303193274753,0.28350470334367694,0.0001224222197154789,0.06461562273742642
plot_18178,3,0.4061871428925412,3,0.0,0.4041275651974763,0.0,0.5938128571074588,0.0010254720419586815,1.9097658123237527e-26,0.0010341056531061885
plot_18184,3,0.05558836751811311,1,0.004007703140366965,0.9444116324807995,0.010496823078441877,0.0030692182312941248,0.037770042477275195,8.712088593599548e-12,0.00024458058311026493
plot_18185,3,0.04921060751077747,1,0.00016042084789566813,0.9507893924892024,0.00835407228011711,0.0024702021663351404,0.038057768313179585,5.989373771854105e-12,0.00016814389728088142
plot_18186,3,0.37652053004059577,4,0.03628561179649039,0.31732442196738136,0.003817124474012893,0.0016157110183120291,0.6234794699594042,6.639043514010274e-05,0.017411270349258934
plot_18187,3,0.36705004463102586,4,0.008064856643962653,0.2894103809491475,0.004276666572752632,0.003129900366488689,0.6329499553689741,0.0005509475461160483,0.06161729255255832
plot_18188,3,0.05783835305240861,1,4.050650912909858e-05,0.9421616469475913,0.0,0.053319349310282746,0.004462591345597232,1.5905887399447782e-05,7.831855416891691e-106
plot_18189,3,0.018592342695130836,1,5.420833771122254e-05,0.9814076573048561,0.0,0.011168021819647921,0.007370112537784758,6.075643997934494e-35,1.308355921993656e-105
plot_18190,3,0.08790446657110658,1,0.00015567414315455731,0.9120955334288934,0.0,0.07289147334292616,0.01261864960284689,3.401898225819693e-26,0.0022386694821789396
plot_18198,3,0.30013036848771,2,0.0006381400460099294,0.05525915559425309,0.69986963151229,0.0012753974106140668,0.18255995028235095,9.765876943629005e-21,0.06039772515448201
plot_182,3,0.47426835154430236,0,0.5257316484556976,0.0015078224250581005,0.06260375988749711,0.005673632260490894,0.027962083071902247,0.16267818525211453,0.21384286864723948
plot_18206,3,0.6385115986532452,2,0.138458700945489,0.14141066463308216,0.36148840134675475,0.0,0.3432668236064298,4.3923216578859303e-16,0.015375409468243884
plot_18207,3,0.49585676159467584,4,0.04943165144615247,0.19756650940014048,0.20568699932242107,2.325743665915448e-05,0.5041432384053242,3.694492717474646e-16,0.043148343989302375
plot_18208,3,0.46952434302524876,4,0.08324447837903105,0.16512181498499284,0.2149476356563807,0.0,0.5304756569747513,1.8217079775129106e-15,0.006210414004842403
plot_18209,3,0.4713325203365084,4,0.12167583392855161,0.11786295713244474,0.22699887206811825,0.0,0.5286674796634916,2.921948563199856e-15,0.004794857207390883
plot_18210,3,0.6484407417898062,0,0.40460611685605286,0.08296801565463127,0.35155925821019385,7.9681269729735e-05,0.027321375167197487,2.34626974450978e-15,0.1334655528421925
plot_18211,3,0.38310038191272855,0,0.6168996180872715,0.031053701049872838,0.2256212036789038,2.026079022185188e-05,0.07434565277135093,3.741123887678228e-15,0.052059563622375335
plot_18212,3,0.6372337739545886,0,0.46329565164231895,0.02971914431285175,0.3627662260453462,0.0,0.13011746946659053,4.895609343726997e-15,0.014101508532887675
plot_18213,3,0.41854282259568737,4,6.380175507217228e-05,0.2673269315264229,0.12908707815920134,0.021958686880891594,0.5814571774043127,3.611871148025675e-15,0.00010632427409572728
plot_18214,3,0.3818550202982454,4,7.983836313546783e-05,0.19846809323052333,0.10686193205134437,0.07566663346904551,0.6181449797017546,1.8005489923137104e-18,0.0007785231841967583
plot_18215,3,0.26409341449946133,1,0.20713121942174406,0.7359065854944427,0.0,0.0,0.03801333167045354,0.006455525675700133,0.012493337737659656
plot_18216,3,0.6861496812468999,1,0.3138503187531002,0.4777762372662304,0.000898495193577097,0.0,0.1505322439751996,0.0039913065105739234,0.05295139830131875
plot_18217,3,0.6047423447909971,6,0.021158094827327063,0.14589468538004025,0.08173331385937577,0.007241207037607146,0.34871504366849304,1.8153798092336845e-11,0.3952576552090029
plot_18218,3,0.3942050056059109,4,0.07219523525061727,0.3025853957218073,0.018642968790115583,0.0006855607119930269,0.3214916588025847,9.584520757514646e-05,0.28430333551530695
plot_18231,3,0.26089097229705016,1,0.0003596997138898408,0.7391090277029498,0.013240457686149638,0.17319901673627328,0.06812604920460054,0.0001284495967305447,0.005837299359406314
plot_18232,3,0.2954289020021378,1,0.0,0.7045710979970253,0.028370635634218603,0.049964764878212026,0.17593530907332378,4.977126606291952e-27,0.04115819241722028
plot_18233,3,0.5877507221090538,4,0.0,0.21819818006704145,0.15758690940026426,0.1150541359715771,0.41224927789094634,1.5549500669165416e-26,0.09691149667017086
plot_18234,3,0.34150564085377716,0,0.6584943591462229,0.015901119988802233,0.19709105619448886,0.0,0.045999864488479175,3.3114868399380155e-15,0.08251360018200357
plot_18238,3,0.48457309333007126,6,0.0,0.03578917919799302,0.28353655927026633,0.10092791483146957,0.06426376026543879,5.5679764903594016e-05,0.5154269066699287
plot_18241,3,0.14366120370029833,1,6.667426769358756e-283,0.8563387962996958,0.0,0.001274521676198687,5.1051249389436974e-15,1.561667338125863e-36,0.14238668202410037
plot_18245,3,0.35933109578045835,2,5.485239100116189e-05,0.1899240291522297,0.6406689042195416,0.09601648717234013,0.06900866581472002,0.0005156224092783738,0.0038114388408890037
plot_18248,3,0.5604372431776938,6,2.341288520854362e-05,0.03240065890826038,0.26346882313155984,0.00023843471088628816,0.25859521792750995,0.005710695614268732,0.43956275682230617
plot_18249,3,0.3194594681521821,2,4.930650807938427e-05,0.18567598469884555,0.6805405318478179,0.08978348797024957,0.041478703676867096,0.0004581350075120736,0.002013850290628387
plot_18250,3,0.5106820870573812,6,0.00025370647211657015,0.03394664756988246,0.20880749072950633,0.0010681674196758562,0.36464357533745206,0.006731338174562366,0.38454907429680435
plot_18251,3,0.622724682459085,4,0.012834492220823796,0.37727531754090193,0.1906633179102417,7.423596369133113e-05,0.38904944796208274,0.0003572978889045891,0.029745890513353884
plot_18252,3,0.43008915393636676,4,0.058065116376035696,0.2587626616524391,0.09189081520723076,0.00017659090297521152,0.5699108460636332,0.006282806800796954,0.014911162996889014
plot_18253,3,0.369341180442939,4,0.009606081605247641,0.15583240598089484,0.15047325461776015,0.0008315531883704064,0.6306588195570609,0.005072619427465788,0.047525265623200155
plot_18254,3,0.45095060006128407,1,0.0,0.5490493999387159,0.34785386818861785,0.06328118135665711,0.03795484009817077,0.0005958373294114054,0.0012648730884270475
plot_18255,3,0.6355983559103888,5,0.0,0.26786987004457974,0.022551307840825513,0.0,0.3451771780249836,0.3644016440896113,7.855477552284028e-50
plot_18256,3,0.5049023089589245,5,0.0,0.07962631717660737,0.12536529838579574,0.0,0.29991069339652143,0.4950976910410755,4.200615148790651e-49
plot_18257,3,0.0132630973082437,1,3.868903457108737e-282,0.9867369026917563,0.0,0.006911259832903617,0.006168133326851017,0.00018370414848905265,2.673007445079742e-85
plot_18265,3,0.49478255055361214,0,0.5052174494463754,0.13163325586359984,0.23924087065714744,2.5607768701275228e-05,0.10479889067925954,1.2500314641558667e-14,0.019083925584904064
plot_18266,3,0.629174768147841,2,0.2754424782055099,0.3122176873685195,0.3708252318521591,0.00022300512889588436,0.023398172542018706,4.934410611359617e-15,0.01789342490289218
plot_18267,3,0.32414455763575784,1,0.16149360384967798,0.6758554423642422,0.13245345149201618,0.002705577815033574,0.014293211291727526,2.3590836890443193e-15,0.013198713187300211
plot_18268,3,0.22254845298682385,1,0.10615143900601708,0.7774515470131762,0.08261291994078573,0.007235897444031997,0.00884769972826967,5.921549409061478e-16,0.017700496867718775
plot_18278,3,0.587467390895408,2,0.008214150497519737,0.30904072663301546,0.412532609104592,0.01922110839133251,0.24521744719487834,1.5960147307530636e-22,0.005773958178661985
plot_18279,3,0.6169489001235895,4,0.011981215935553494,0.32962241630790906,0.22734754957967052,0.04620941882311547,0.38305109987641056,8.987352770565076e-23,0.0017882994773409623
plot_18280,3,0.519850911784613,1,0.07638142077581919,0.480149088215387,0.06599210777281495,0.12917739539639972,0.24652582007384913,3.2495965342789763e-23,0.0017741677657299852
plot_18281,3,0.7184088072265524,1,0.07977646465558479,0.44599846192882325,0.02113545662479449,0.28159119277344774,0.17142667297443615,1.0373198072498965e-27,7.175104291372899e-05
plot_18282,3,0.18545397443350378,1,0.023661335580936693,0.814546025566489,0.003370185278774983,0.009217152852689847,0.14021758878259735,0.0003173487027172494,0.00867036323579486
plot_18283,3,0.2774456663207642,1,0.0006278377643377742,0.722554333679229,0.047930323496320426,0.05839921616398841,0.08594865158191134,2.172338901387221e-19,0.08453963731421305
plot_18284,3,0.6670592456778286,6,0.0,0.09343041901109907,0.18739090123071112,0.1287623245096944,0.25747560092632404,3.417425803084799e-27,0.3329407543221714
plot_18286,3,0.40651057293574483,1,0.0,0.5934894270640793,0.021037932654758385,0.0,0.36450058829144005,0.02097205198972241,3.488232735756119e-84
plot_18288,3,0.2184690351016757,4,0.011770906058695912,0.15423046475426672,0.0006822923256167877,0.05178537196309631,0.7815309648983243,1.0726114067594144e-19,6.398902907727496e-92
plot_18289,3,0.6199524687374954,4,0.0020514397792830287,0.18422546288875136,0.08015345919556219,0.3455257581722926,0.3800475312625045,0.007811379406961516,0.0001849692946448079
plot_18290,3,0.36016680479859353,3,0.0044604766098676075,0.09419345363476435,0.017079566799569935,0.6398331952014065,0.22834646234873884,0.015924416472281357,0.00016242893337151416
plot_18291,3,0.31458138341613123,1,0.013172462533855586,0.6854186165831782,0.00536889377741712,0.1970736397850334,0.07270377969219328,0.022662094871959512,0.003600512756362964
plot_18292,3,0.3039297359099172,1,0.004609991865711016,0.6960702640900829,0.0003969993116095256,0.08851597958553557,0.13922742468815977,0.05672792432516836,0.014451416133732896
plot_18295,3,0.2989297554965782,1,0.0007178916539933216,0.7010702444779421,0.10295501224487517,0.18452477677848594,0.007687468225692337,0.00023614502335001595,0.00280846159566125
plot_18296,3,0.3004627362785605,1,0.0005884061395478746,0.6995372637214339,0.1002348986148292,0.18945338793099142,0.006632287753193749,0.0006680824816918994,0.002885673358311762
plot_18297,3,0.30282480219534347,1,0.0006269487115810366,0.6971751978046565,0.12479672301241726,0.16612435365562273,0.0060386826854227854,0.0010365249351362714,0.004201569195163415
plot_18298,3,0.7064879455145643,1,0.008862896958598947,0.4370995969609475,0.2935120544854358,0.21260738636662235,0.0057596418645386215,0.010700745334460244,0.03145767802939669
plot_18299,3,0.20319870232386222,1,0.00016202885611286928,0.7968012976761378,0.07736738119756999,0.12234056878054293,0.0009801507489260695,0.0001715270822379263,0.0021770456584725025
plot_183,3,0.684898300948144,0,0.4051043136881687,0.018552948889240924,0.024634298692699827,0.0008904016085099985,0.0961505778730436,0.31510169905185603,0.139565760196481
plot_18300,3,0.6100241149900597,4,0.09304849349555634,0.2931382332087954,0.00011994418040284762,0.16044625516848712,0.38997588500994035,0.04937441722359494,0.013896771713223139
plot_18301,3,0.6279436578166465,4,0.0069359340429103866,0.235077198125332,0.00036843667069160645,0.3210332760623972,0.3720563421833535,0.0030163124805036154,0.06151250043481176
plot_18302,3,0.05911222469828124,1,4.5403438391129095e-281,0.9408877753017187,0.0,0.05253871694714102,0.000151760006296933,0.001657668928610299,0.004764078816232982
plot_18303,3,0.02316351914252524,1,5.8526101756888105e-282,0.9768364808574748,0.0,0.006907026793960049,8.943060849735823e-05,0.0011124012670606716,0.015054660473007164
plot_18304,3,0.015660812489476303,1,6.433734036971548e-282,0.9843391875105236,0.0,0.007489086387388613,0.0010363203807485233,0.00206999139696541,0.005065414324373689
plot_18305,3,0.06452635202165337,1,3.517834952311955e-282,0.9354736479783466,0.0,0.004352132225326227,7.105007035881066e-16,0.0001795717694217858,0.05999464802690468
plot_18318,3,0.3520619838807602,0,0.6479380161192397,0.019211935546099977,0.11479011123578216,0.0,0.12024549688711882,9.663345421032047e-17,0.09781444021175927
plot_18319,3,0.31555415827694766,0,0.6844458417230525,0.018824590879312188,0.017307406081946513,0.0,0.12303945515771626,0.00016699983950456285,0.1562157063184682
plot_18320,3,0.01628129859838526,1,0.0,0.9837187014015449,0.0,0.0,6.934426403071807e-14,0.016046400000614466,0.00023489859777130981
plot_18321,3,0.11277920616668,1,0.0,0.8872207938333136,0.0,0.09847711838983209,0.00033589958181191507,0.00080295490263991,0.013163233292402512
plot_18322,3,0.6970264141456073,1,0.06768508412198038,0.4594802915883094,0.00010125812945548996,0.012361088858033085,0.30297358585439277,4.686270925628366e-06,0.15739400517690333
plot_18323,3,0.010554928729389243,1,1.5212548671293986e-284,0.9894450712706027,0.0,1.7603243653059494e-05,3.813331149913872e-14,0.0007347799200237688,0.00980254556568236
plot_18334,3,0.4192708923685926,2,0.018156025773009586,0.3107405426336489,0.5807291076314074,0.017873879435504843,0.05496052706154894,0.01749201317587783,4.790428900243006e-05
plot_18335,3,0.5793411425587354,1,0.029322680311567595,0.5285211642779204,0.005901653247066907,0.00034684476146751655,0.42065885744126463,0.011409041327797183,0.0038397586329157844
plot_18336,3,0.3399193442193073,1,0.0077358644200126656,0.6600806557806927,0.009736718464488894,0.0005371577623847234,0.3113810268150609,0.005658634906395184,0.00486994185096497
plot_18337,3,0.20711418024580402,1,0.0027336870755251077,0.792885819754196,0.1197697829942751,0.03249670349382411,0.038136242264693386,0.013969976654150739,7.787763335626269e-06
plot_18338,3,0.1708471195780131,1,0.003388740695982134,0.8291528804219732,0.0126805127077187,0.0035439126122520917,0.14458884370183167,0.0062295198432758304,0.00041559001696634854
plot_18339,3,0.5752748771897869,2,0.0178276556389691,0.24714575116831455,0.424725122810213,0.09894507860252016,0.09165842217225677,0.11952897505849153,0.0001689945492347222
plot_18342,3,0.1167106330687747,1,0.009412791391130035,0.8832893669312247,0.10347960459365198,0.00366367610480272,0.0001545609791906256,1.2968590229696738e-27,1.1406518897084743e-107
plot_18343,3,0.06802060400644447,1,0.004145201740171603,0.9319793959935555,0.0581314183344351,0.005651598849516221,9.238508232150284e-05,5.836158161858892e-28,1.0516030806604441e-107
plot_18344,3,0.10884470670732349,1,1.3202643481806486e-05,0.8911552932926765,0.0008179447503593867,0.10791976293323693,8.20559810852022e-05,4.878220670018669e-24,1.1740399160171302e-05
plot_18345,3,0.08535254821817997,1,6.217821125548783e-05,0.9146474517818122,0.001820759730005036,0.08296843353413842,0.0004930721797575627,3.36751006137645e-24,8.104563031347833e-06
plot_18346,3,0.05003105239996932,1,9.284423479402063e-05,0.9499689476000307,0.0008810095203985921,0.04535544205889934,0.0036928878301330996,3.6850324214419e-24,8.868755744296523e-06
plot_18350,3,0.7048503622326944,1,0.024794388027386247,0.45007805714159177,0.013274020113812547,0.009463472016959091,0.29514963776730574,2.4653688545191386e-18,0.20724042493294464
plot_18353,3,0.5290095538373258,4,0.0,0.22874134006061783,0.29163894072778823,0.0006266912971675449,0.47099044616267427,1.6009906922946e-10,0.008002581591653258
plot_18354,3,0.12786080360292132,1,0.06030162916942111,0.8721391963970724,0.0003822627706229696,0.0,0.004949268003216269,0.06139903225405613,0.0008286114056110845
plot_18359,3,0.717997329440259,5,0.04055740658587693,0.26799635753293966,0.00019200613149676938,0.18075225638597528,0.2205913755144975,0.2820026705597411,0.007907927289472923
plot_18360,3,0.5786070288214226,3,0.006104113471025148,0.3301004932683226,0.004297021625368312,0.4213929711785774,0.13650612639586251,0.09811923597684363,0.0034800380840003236
plot_18361,3,0.07923487826001256,1,0.0018721696318895994,0.9207651217399719,0.0,0.06913526845795664,0.008227440170181868,1.225694711774705e-23,1.5809503419267823e-93
plot_18362,3,0.07070200038598197,1,0.00015276122752765252,0.929297999614018,0.0,0.060210938135507014,0.01033830102294733,5.852572137220598e-21,9.47325939833888e-95
plot_18363,3,0.01773668509523056,1,0.0003132237261022002,0.9822633149047695,0.0008312232574749168,0.007631784552510785,0.008960453559142705,4.097832072057168e-24,1.0882211777286485e-95
plot_18367,3,0.5871210236250042,3,0.015391062427406555,0.15405818227564352,0.0038496560225320616,0.4128789763749958,0.2868994178622982,0.006380652877634294,0.12054205215948952
plot_18368,3,0.25977435241551966,0,0.7402256475844804,0.21780236787189408,0.00047648198162785263,0.0,0.0003138887197134058,0.014622455918774337,0.026559157923510043
plot_18371,3,0.4737850628806755,4,0.07911393641517955,0.18276099671091842,0.00043640905690207996,0.0,0.5262149371193245,0.21147372069767545,9.52922767494228e-103
plot_18373,3,0.28133537979475226,2,0.0003466039235933125,0.14905528453221223,0.7186646202052478,0.0018633107371219938,0.12035714939040824,4.05839236654542e-22,0.00971303121141651
plot_18374,3,0.6493035530052871,4,0.0,0.3210179778291653,0.14613079518992667,0.007327906488964553,0.350696446994713,8.45640278794617e-28,0.17482687349723053
plot_18375,3,0.2520993747151473,1,0.04265842860159632,0.7479006252848468,0.13024526139612164,0.0005370594895321583,0.007091120667263478,1.576178765228095e-20,0.07156750456063965
plot_18376,3,0.5017195100063243,6,0.07753614955287372,0.13174003224058325,0.2821016089343333,0.0002336081120770139,0.01010811116645718,2.864874430215033e-20,0.49828048999367563
plot_18377,3,0.20253473773200945,1,1.1171860978172476e-284,0.7974652622679896,0.025420762573586917,0.003182851560669452,0.15413162732313807,1.92198111040705e-27,0.019799496274616076
plot_18378,3,0.6609355527650487,6,0.0,0.20642605757765942,0.21218104930842585,0.036586615657225985,0.20574183022173737,1.28517963113892e-27,0.3390644472349514
plot_18379,3,0.49134662817676444,1,0.0,0.5086533718232356,0.215124050477343,0.0,0.07467848721535594,0.20154409048406544,2.394382489555699e-50
plot_18380,3,0.572205584049227,2,0.0,0.23290164065150454,0.42779441595077294,5.090832920025861e-05,0.1767574726199366,0.16249556244858546,4.798686808894203e-50
plot_18381,3,0.09028971082625543,1,6.657279097639915e-05,0.909710289173738,0.013764088066335636,0.0,0.0697753453083842,9.663608880269637e-05,0.006587068571763034
plot_18382,3,0.1737029405104853,1,7.607608503382682e-05,0.826297059489514,0.06525311566769226,0.0,0.0993012085264704,2.9423721282570743e-28,0.009072540231289561
plot_18383,3,0.3820058097452435,1,7.352797270928069e-05,0.6179941902547558,0.2114524335764692,0.0,0.15312606196043718,1.2788948123887208e-27,0.017353786235628697
plot_18387,3,0.7252102687173554,4,0.27478973128264456,0.0005329412815342165,0.15089839222797316,0.0,0.3146209378780781,3.9419130737060935e-20,0.25915799732977
plot_18388,3,0.2118994243689908,1,0.0,0.7881005756310092,0.0,0.0,0.19900653018609865,0.012277355224541682,0.0006155389583504706
plot_18389,3,0.2600613679876045,1,0.0,0.7399386320123955,0.0,0.0,0.24906805343613903,0.010378013422396125,0.0006153011290693317
plot_18390,3,0.0076743370622963415,1,0.0028071534432556325,0.9923256629377036,0.0,0.0,0.00012171174519833974,0.004719166834742919,2.6305039099423558e-05
plot_18391,3,0.11971408670839392,1,0.0538673802818751,0.8802859132916061,0.0,0.0,0.002508371989487541,0.06333833443703132,0.0
plot_18392,3,0.12210161840533938,1,0.053630235449374314,0.8778983815946606,0.0,3.541822456399893e-05,0.013053272577729678,0.05538269215367139,0.0
plot_18393,3,0.035207617314390455,1,0.00010143932766021082,0.9647923826856096,0.0,0.00014133788023233505,0.00025163270263011414,0.034713207403867866,0.0
plot_18394,3,0.016127407906525424,1,0.0014073816256378242,0.9838725920934746,0.0,0.00011179235676917959,0.0031353379237607695,0.011472896000357629,0.0
plot_18397,3,0.6822175091887153,0,0.35337745602542137,0.0958273433491867,0.1793238682479871,0.0005206719343688461,0.05316816963175022,9.448304074267292e-16,0.31778249081128485
plot_18398,3,0.5669837841072712,0,0.43301621589272876,0.24900240391884426,0.16319329215286416,0.0006994662824734223,0.03633935224526104,2.8361263508259512e-15,0.1177492695078255
plot_18399,3,0.19902376304526878,1,0.0007573478866132184,0.8009762369547312,0.0029216106239518917,0.0629825770560476,0.12316072303051029,1.480513540547061e-18,0.009201504448145785
plot_18400,3,0.1856632167023705,1,0.00017444958940376304,0.8143367832976232,0.002414903092311838,0.052222784283536876,0.10768950241867979,7.483477208148659e-24,0.023161577318444638
plot_18401,3,0.19220455874927356,1,0.00011456819099059777,0.8077954412507264,0.007681803940794547,0.03242330721725196,0.03406846933093072,1.2795975815621113e-27,0.11791641006930575
plot_18402,3,0.4963556774031909,1,0.0037022999846647656,0.5036443225968091,0.20753495751986492,0.125779744744462,0.02510256157484913,0.13402375242192627,0.00021236115742390458
plot_18403,3,0.6718568731626087,2,0.034596833871121536,0.2925141444591198,0.3281431268373913,0.16681942771415656,0.07229283172436682,0.10538034907006613,0.0002532863237778046
plot_18404,3,0.2019547410534879,4,0.011713905543689078,0.019020589155855888,0.11203252054219916,2.7583467687537998e-06,0.7980452589465121,2.5619354169279352e-18,0.05918496746497508
plot_18421,3,0.38799039880206876,1,0.007170142112767437,0.6120096011979312,0.015493630710598495,0.053912255347781476,0.015384246326727719,0.27878352825256575,0.017246596051627885
plot_18423,3,0.0032274698382124233,1,0.0,0.996772530161682,0.0,0.0,0.00015574979059891688,0.003071720047719151,0.0
plot_18433,3,0.7195013010987794,1,0.28049869890122076,0.707472250483309,0.0008616628278800673,0.0,0.0058765364416916484,0.004353913267779635,0.000936938078118959
plot_18434,3,0.38284757723081575,4,0.018918605456969197,0.07850418706420856,0.12806263351564545,0.003678909973109398,0.6171524227691843,0.15070378849894986,0.002979452721933285
plot_18435,3,0.3290509548293268,2,0.00031692160911976424,0.11139162946539215,0.6709490451706732,0.14135568069094254,0.07576093173516509,5.4280883572855535e-05,0.00017151044513439046
plot_18436,3,0.7081503966634665,6,0.0016846866214844658,0.28178683353944695,0.005190982139522146,0.1411525256381959,0.2683186673830671,0.010016701341750053,0.2918496033365336
plot_18437,3,0.6204273071793376,4,0.006411766165035287,0.3767903990620414,0.00021958418411003239,0.08622543229504448,0.3795726928206624,0.07763070869747558,0.07314941677563068
plot_18438,3,0.6662046717256136,6,0.0933579617390475,0.2883999131712369,0.05541705353574189,0.16024384769874,0.06862929422381561,0.0001566013570318238,0.33379532827438635
plot_18439,3,0.43305568893049173,4,0.003566312334917022,0.08286131253324563,0.21992793919130713,0.0029987967718106525,0.5669443110695083,0.0006794055387719937,0.12302192256043934
plot_18440,3,0.4680783344126728,4,0.00084442668588146,0.11799290030443825,0.24476030709685176,6.609684768944271e-05,0.5319216655873272,0.00033708121103408363,0.1040775222667779
plot_18441,3,0.41186288615180827,1,0.005448140057911427,0.5881371046201727,0.0025716091435015217,0.16358722770250572,0.1585527218340644,0.07096932520460317,0.010733871437241135
plot_18442,3,0.41136931417281875,1,0.0065949017542804005,0.5886306858271813,0.0002955988937298769,0.08881070675333222,0.19117637117305256,0.06412199069410567,0.06036974490431813
plot_18447,3,0.2183384211048335,1,0.0009021801624349114,0.7816615788951657,7.802852117610152e-05,0.18776000317558095,0.015208700423000626,2.7760169807827855e-08,0.014389481062471897
plot_18448,3,0.35870325835388794,1,0.03251566793529475,0.641296741646112,0.003397821935431545,0.043527093011737704,0.10625484240843053,1.338020637219786e-06,0.17300649504235624
plot_18451,3,0.6493223337548789,6,0.0,0.2258200324365009,0.13997109203443367,0.034160908683992505,0.24937030059995183,2.529224182246012e-29,0.3506776662451211
plot_18452,3,0.31478700180544616,1,5.532384076142451e-05,0.6852129981945481,0.06998067226413968,0.0029679049955396355,0.15420864767424608,9.670278846060574e-30,0.08757445303076514
plot_18453,3,0.6375480102779463,2,0.0002839267033811666,0.2831826307726804,0.36245198972205367,0.006653253606535861,0.03946518734193016,4.9130309740876754e-26,0.3079630118534187
plot_18454,3,0.4420946011358945,1,0.010213484191129876,0.5579053988538935,0.15464320182739583,0.00024491063110309105,0.1307169553050192,5.00978856060592e-19,0.1462760491914586
plot_18456,3,0.0011762749562207041,1,0.0,0.9988237250437235,0.0,0.0004246695812394082,0.00013369815118934592,0.0006179072238475949,0.0
plot_18457,3,0.11989137470546243,1,7.465145230488364e-05,0.8801086252945312,0.023671083308006356,0.0,0.08882307712578233,1.143003374916485e-28,0.007322562819375273
plot_18458,3,0.011466047300195997,1,0.0,0.9885339526998024,0.0002923813118124996,0.0022263664956094784,0.008896489857746194,5.080963502954181e-05,8.34171542310643e-107
plot_18459,3,0.011152730550614606,1,0.0,0.9888472694493708,0.0002600233001541684,0.002223287226276568,0.0086477949068308,2.162511736771085e-05,1.8966630174337341e-106
plot_18467,3,0.32086313090345664,1,0.009647740898394652,0.6791368690965434,0.10888538236892484,0.0008898025064866046,0.20144020476435276,3.65297846835166e-10,2.8136968046886545e-81
plot_18469,3,0.04301754253669171,1,0.013478434217301891,0.9569824574633083,0.0,0.0,0.001588870963031967,0.027950237356357908,0.0
plot_18470,3,0.04224257903581588,1,0.019529529526410294,0.9577574209641841,0.0,0.0,0.00034496688403994264,0.02236808262536568,0.0
plot_18471,3,0.0149361094531375,1,0.0017682957298085756,0.9850638905468625,0.0,3.2626201435835306e-05,0.0017807905336384335,0.011354396988254653,0.0
plot_18481,3,0.17875112972835358,1,0.0,0.8212488702716387,0.0013073878611633792,0.13197548742513052,0.030545940206669196,1.2133706673562874e-27,0.014922314235398151
plot_18482,3,0.7104825925850622,1,0.0005693278472687368,0.6834864328378597,0.0009717826014792933,0.2895174074149378,0.02379788101123368,1.3606129282465532e-18,0.0016571682872208039
plot_18483,3,0.20344967453736987,1,0.017830178463372745,0.7965503254620254,0.010797423302937429,0.05013422767496063,0.11112246433793266,0.0002544114773819588,0.013310969281389196
plot_18492,3,0.29309311931996435,1,0.01121957983351794,0.7069068806782817,0.0635105339040987,0.06837116568954238,0.1498485194498695,8.686821700086382e-28,0.00014332044468988466
plot_18493,3,0.6015435200137983,6,0.0019380193877805312,0.31863407565224366,0.15004160592839963,0.03538843036209166,0.09554138868328284,4.0938663032406155e-26,0.3984564799862017
plot_18494,3,0.28609722244299507,1,4.203104013875944e-05,0.713902777556999,0.0747616276437307,0.005107477896375577,0.12189101509222322,1.8370686179888813e-27,0.08429507077053272
plot_18501,3,0.46791455661032805,2,0.11232414591693471,0.0,0.532085443389672,0.0,0.3496515100007357,0.00577944304480995,0.00015945764784774502
plot_18503,3,0.5014338779514881,1,0.00028130818754340433,0.4985661220484181,0.08068203982518059,0.06363719780833099,0.33762842020771117,1.8090201900934618e-15,0.019204911922813983
plot_18507,3,0.6501572788821718,2,0.03555840834869328,0.0,0.6139973587935118,0.0,0.0006015117399667218,4.191835894912541e-17,0.34984272111782827
plot_18516,3,0.321294911330928,6,0.006774859681596063,0.0,0.03166468581388332,0.07043955877988449,0.160930163828107,0.05148564322745714,0.678705088669072
plot_18524,3,0.3452959715310809,3,0.010098093405138509,0.11590764823885791,0.0013532061874642614,0.6547040284689191,0.14783279174174652,0.06945217215577502,0.0006520598020986209
plot_18525,3,0.3928566049183229,2,0.0003548111731318045,0.11783238679422647,0.6071433950816771,0.025160886388211675,0.21648091022094704,0.006548767796475649,0.02647884254533025
plot_18526,3,0.5316290527339929,4,0.007439243477367527,0.2500442659323023,0.18454464929717979,0.008919187096350938,0.4683709472660071,0.07789183362440524,0.002789873306387097
plot_18527,3,0.7156518696550616,4,0.2843481303449385,0.008377705585704458,0.0,0.22073377681540385,0.4863915827689641,0.00014880448498902436,3.034316460703859e-92
plot_18528,3,0.6631758181041814,5,0.10434757088041494,0.25086988568060825,0.0007828462510319323,0.04187532356312872,0.26530019223466605,0.33682418139015013,2.6447775723760293e-96
plot_18529,3,0.6608607415924153,6,0.2586916242189178,0.18313293145637044,0.00020240212938909323,0.0,2.0611467534403856e-13,0.21883378378753185,0.33913925840758474
plot_18530,3,0.25743329214807376,1,0.22949902372023118,0.7425667078518982,0.0019908301319156206,0.0,0.004595955997308977,0.0012886455217287077,0.020058836776917426
plot_18531,3,0.13961134541254705,1,0.02846049149071092,0.8603886545858453,0.03713585116529538,0.0,0.020303860020756046,0.00016685997893823207,0.053544282758454034
plot_18537,3,0.6131280664052505,6,0.15313527928836113,0.21870904925794832,0.0011304635619782486,0.0068595282797082775,0.2332844952611396,9.251339414677879e-06,0.38687193301144973
plot_18538,3,0.6476823471674155,4,0.17045534768831663,0.15084669475089027,0.012413652977184041,0.00466778274728908,0.3523176528325846,6.71879015014744e-06,0.3092921502135853
plot_18539,3,0.5604253730160201,6,0.17127913869078398,0.12043274429424253,0.054262388636238876,0.0023625256629512563,0.21208797288950149,6.028423019627644e-07,0.43957462698397987
plot_18540,3,0.12499079259777197,1,0.000620547384175235,0.8750092074022281,5.347728795038678e-05,0.1044237802964171,0.009893078430904355,1.902558925875845e-08,0.00999989017273567
plot_18541,3,0.12905935788620526,1,0.0029931792138656156,0.8709406421137947,5.521964677651351e-05,0.050984604786844315,0.05699503575769123,8.593017621559895e-08,0.01803123255085138
plot_18545,3,0.3133397665885419,0,0.6866602334114581,0.19341771965076274,0.0003875442004981994,0.0,0.00025483223676937204,0.03153427159922598,0.08774539890128558
plot_18546,3,0.0216349137556794,1,0.0030435871087054157,0.9783650862443206,0.00036379330903384463,0.01396070423790568,0.004266829100034476,6.855470979663197e-24,3.366452205480605e-95
plot_18548,3,0.2051396267355708,2,6.366977776325287e-05,0.09543936647059789,0.7948603732644293,0.07716859165303691,0.03231641032558166,2.410764670354793e-12,0.0001515885061803299
plot_18559,3,0.43319684840426176,2,0.00521541674776529,0.166633781652074,0.5668031515957382,0.0,0.07315243990025735,7.988248306508116e-15,0.18819521010415716
plot_18565,3,0.32761582594580674,1,0.0,0.6723841740541933,0.0,0.0,0.22816860394654798,0.08613729587230948,0.013309926126949418
plot_18566,3,0.5005703398133474,4,0.0,0.4027320836806302,1.9447193692427486e-05,0.0,0.4994296601866526,0.08223628290358177,0.01558252603544314
plot_18567,3,0.27376196814290876,1,0.0,0.7262380318570912,0.0,0.0,0.1839002683878263,0.07773303411875497,0.01212866563632749
plot_18568,3,0.4865544901280101,4,0.0,0.3426729222967968,3.083157178992781e-05,0.0,0.5134455098719899,0.1192973811973349,0.024553355062088503
plot_18569,3,0.7081557560149234,1,1.7898326731487376e-284,0.35026316503711286,0.0,0.0006313701358177344,0.21482469571193252,0.2918442439850765,0.1424365251300604
plot_18575,3,0.048732752553888405,1,0.00021878493739840662,0.9512672474461107,0.013282105271741177,0.018628613804899347,0.01642197843413597,3.544631748276077e-23,0.00018127010571443986
plot_18576,3,0.05846646301711555,1,0.0035699389403184676,0.9415335369828344,0.046644001763794185,0.008174708051420494,7.78142616325505e-05,4.988329518887135e-28,2.0593726451009798e-107
plot_18577,3,0.11346021402781738,1,0.00935023224110267,0.8865397859721761,0.10322060533484896,0.0006197788920960271,0.0002551762879379561,1.2923749185581223e-27,1.4421271838363696e-05
plot_18578,3,0.09571329273572786,1,0.00013840473255641352,0.9042867072642653,0.003064478725591535,0.08747330316814493,0.004869182605487764,5.113891619615758e-23,0.0001679235039539483
plot_18579,3,0.11195976205231939,1,0.007031224498820591,0.8880402379476727,0.023146126267228354,0.0026209920749084435,0.07368401796898036,0.00013857762019083383,0.005338823622198723
plot_18581,3,0.5210242449676106,2,0.0,0.10160848285743196,0.4789757550323894,0.0007397479326992626,0.41867601417747946,6.114935270436445e-23,1.4423438564313952e-81
plot_18587,3,0.5974884352935557,2,0.049660344663366315,0.21995301270469925,0.4025115647064444,0.0021442854552148356,0.2634713346670441,0.05089789505635145,0.011361562746879685
plot_18591,3,0.0015846702884784467,1,0.0,0.9984153297088556,0.0,0.0,0.0015846702911444127,6.873042317390946e-24,0.0
plot_18594,3,0.018110697415822215,1,0.0007607984434695179,0.9818893025841136,0.0012118425696230842,0.01454630307189381,0.001539826365277341,5.1926965622631236e-05,2.7703845078906147e-104
plot_18602,3,0.5908881515270001,4,0.00014323320714574046,0.06823203754275232,0.3317648793791924,0.00011454889187576838,0.4091118484729999,0.002795829308541049,0.18783762319749278
plot_18603,3,0.05115592368785204,1,0.00018440245124153759,0.9488440763121466,0.00018562221534403067,0.047190555736795314,0.0035953432844725744,2.0879309173813186e-24,5.328001429931725e-95
plot_18604,3,0.5370527351812444,2,0.0021259390510142435,0.08668362087226794,0.4629472648187556,7.4593786152376e-05,0.3418372820053369,0.00034004013615454847,0.10599125933031844
plot_18605,3,0.4576605611680762,2,0.0002647095969642117,0.10015565558845196,0.5423394388319238,0.0,0.27123350686243664,0.0001704947612653941,0.08583619435895798
plot_18606,3,0.5496380598232036,2,0.03936659030216341,0.08998901075072954,0.45036194017679654,0.0036679350330931027,0.048047401033249254,1.4545508711974658e-20,0.3685671227039682
plot_18609,3,0.029736205607245058,1,0.012822682651331484,0.9702637943927539,0.0018348631433746112,6.631705621152226e-05,0.0063688369838025005,0.008634141765345141,9.364007180669598e-06
plot_18610,3,0.3385431650892303,1,0.015182689966687556,0.6614568349107406,0.0,0.2299836947586166,0.0933767803639553,1.378801703921539e-23,1.0473763588599324e-92
plot_18611,3,0.14416256311313044,1,0.004509367584126964,0.8558374368868695,0.0,0.032190012082530896,0.09156867546966813,1.2686553098391094e-07,0.01589438111127346
plot_18612,3,0.24827130467835754,1,0.005339404677507955,0.7517286953216362,0.00032196396610404717,0.04394196066484257,0.19720000892261633,4.830887439892301e-10,0.0014679659642041609
plot_18613,3,0.02514663109570428,1,0.00011142107843179765,0.974853368904295,2.201855648405486e-05,0.0003703688811740298,0.024377550493056094,6.55989091841943e-05,0.00019967317737488256
plot_18614,3,0.04024927202655426,1,2.929030501456294e-05,0.9597507279734457,0.0,0.0001240932385969144,0.039205228356660134,0.00021538167953878996,0.0006752784467438651
plot_18616,3,0.4554030326268509,4,0.026457056289185446,0.16132224723385868,0.041362455692598485,0.0,0.5445969673731491,3.920643425374206e-16,0.22626127341120789
plot_18617,3,0.6452216965741606,4,0.0004724501797045011,0.0791679522785925,0.3465427636057701,0.0,0.3547783034258394,4.829703285186403e-16,0.21903853051009314
plot_18631,3,0.07048300541675256,1,0.0,0.929516994580021,0.007083418615762313,0.0002866937890495251,0.06283103680887553,5.803533896384183e-05,0.00022382086732755958
plot_18632,3,0.6357679847838295,1,0.0,0.4890966115404516,0.13734305061764618,0.0,0.36423201521617066,9.830661667519838e-28,0.00932832262573164
plot_18633,3,0.5632724412494978,2,0.00016026972189423934,0.269014897369365,0.4367275587505022,0.0,0.24197733053952647,6.492555736671796e-16,0.05211994361871146
plot_18634,3,0.5461186289967886,2,0.00019736414683477126,0.25147165045172426,0.4538813710032115,0.0,0.2331131800120062,7.928443733415729e-16,0.06133643438622256
plot_18642,3,0.6566969280782597,1,0.0,0.37454019855578913,0.0002980810302163894,0.012617349339734744,0.11240179270183458,0.15683950645068498,0.3433030719217402
plot_18643,3,0.2521113429102014,1,0.0,0.747888657089784,0.0,0.0,0.2432439115553701,0.00840753596562821,0.00045989538921779096
plot_18644,3,0.06978989233339429,1,2.398545166383132e-256,0.930210107666591,0.0,0.00028753412370314776,3.71697463788589e-05,0.06945922328485753,5.965178469326012e-06
plot_18645,3,0.7256952447655476,1,6.101383589726097e-256,0.7199335076388849,0.0,0.005761737126638114,2.4723840955835806e-14,0.2743047552344524,0.0
plot_18646,3,0.15488652890010735,1,1.7629732528885554e-256,0.8451134710998927,0.0,0.04604639931550516,8.092134659467784e-14,0.1088401295845213,0.0
plot_18647,3,0.010497501762880888,1,3.88039981518481e-05,0.9895024982369907,0.00042882718619908074,0.0001499114717256722,0.007977596118566094,0.0009765915808688846,0.0009257714074976927
plot_18648,3,0.016281293838670018,1,0.0,0.98371870616133,0.0003352917934023094,0.00035584422445092363,0.0007988615004985607,0.014759378876004845,3.191744431333949e-05
plot_18650,3,0.17742064440566604,4,0.06853836214379251,0.014778122503974634,0.07201192066124355,0.00017021379963728508,0.822579355594334,8.033053739613037e-05,0.02184169475962199
plot_18651,3,0.1799726067318026,4,0.05125088989229202,0.016756345267843722,0.09272323876019353,0.0003111813058648398,0.8200273932681974,0.00023100557906640138,0.018699945926542144
plot_18652,3,0.3614006251746812,4,0.002210515668639337,0.05025396355006281,0.1931278044794914,0.00016152419945130673,0.6385993748253188,4.578437767156238e-17,0.11564681727703635
plot_18653,3,0.45327020829685233,4,0.009434531430304482,0.023255809654805608,0.3276744911000773,0.0026135767869691143,0.5467297917031477,2.548831271223771e-16,0.09029179932469565
plot_18654,3,0.20476304484370272,1,0.0011301432183601864,0.795236955156297,0.0466406922433475,0.09889803490238967,0.04152545525179946,4.1757538983639138e-22,0.016568719227806394
plot_18655,3,0.06072938523539097,1,0.0003213666392886465,0.9392706147646032,0.005832971430363592,0.053673637433376775,0.00038687887216653914,1.187412113910361e-22,0.0005145308602013134
plot_18656,3,0.30034103401894496,1,0.003768741434568179,0.699658965981055,0.16484086848425428,0.00044152232655367133,0.12285317845381132,1.3925062066641246e-21,0.008436723319757488
plot_18657,3,0.3425376280549567,0,0.6574623719450399,0.15934596134132192,3.1457526163522956e-05,0.0005038088340017316,0.035344850705851256,0.1466153899102468,0.0006961597373750066
plot_18658,3,0.43715797475131746,6,0.002962465016462984,0.08625078069085963,0.21245251233510162,0.04958381795448759,0.08590839875440562,2.6580699236938307e-25,0.5628420252486825
plot_18659,3,0.6242367323838381,2,0.00017036537098220807,0.30970472273570654,0.3757632676161619,0.009053240327973363,0.06436775767874083,2.285750067258103e-26,0.24094064627043524
plot_18660,3,0.4911147458018005,6,0.0051166529099137825,0.22826063617451348,0.1396493115633441,0.015026738817089881,0.10306140633693929,8.685480294569574e-24,0.5088852541981995
plot_18661,3,0.4295441704393093,6,0.0024982328870523478,0.13638453076768667,0.16404017342039365,0.018648697121496575,0.10797253624268013,1.0402989311594137e-23,0.5704558295606907
plot_18675,3,0.4266456319161457,3,0.02764196060729112,0.016449662304542097,0.004473273284613741,0.5733543680838543,0.3742400384797032,0.003840697239995544,1.5143795710274237e-92
plot_18676,3,0.46336863937091943,3,0.09349224566088979,0.013441791476541468,0.00042119562827095796,0.5366313606290806,0.3528385847877523,0.003174821817464917,3.588884321914194e-92
plot_18682,3,0.06903156244890792,1,2.2452614192614437e-283,0.930968437551092,0.0,0.005998976503262814,2.1584677322515023e-15,0.0001429139328691493,0.06288967201277375
plot_18683,3,0.07778425293736305,1,9.932490598687221e-284,0.922215747062637,0.0,0.012318142862658213,2.7196314503220455e-15,0.00011230843614800219,0.06535380163855414
plot_18684,3,0.09731764417045366,1,8.530784324976034e-284,0.9026823558295333,0.0,0.045317564431520116,0.00021952591202322952,0.002179493860827997,0.04960105996609546
plot_18685,3,0.017203418163268477,1,2.780404240944044e-282,0.9827965818367316,0.0,0.0033760805695977375,0.0006855187135999228,0.004311849818154504,0.008829969061916368
plot_18689,3,0.0671696478329367,1,0.0,0.9328303521670632,0.0032865446693504793,0.008345549460091497,0.051534410970943884,1.8744280701043433e-27,0.0040031427325507895
plot_18690,3,0.026431385287702065,1,0.0,0.9735686147122979,0.0008846524862269247,0.004700888448312378,0.01732656559659529,4.979918292119668e-28,0.0035192787565674786
plot_18691,3,0.0699304454982585,1,0.0,0.9300695545017348,0.00554601610463191,0.04407866276958271,0.01223793424738372,5.757050706861622e-28,0.008067832376666926
plot_18692,3,0.033081007589276436,1,0.000538066723351832,0.9669189924107235,0.020078031004855952,0.012443238154126526,2.1671706942103984e-05,8.645369519615858e-29,1.954322043377717e-108
plot_18693,3,0.056847619097502515,1,0.00017660052547477297,0.9431523809024887,0.008056399858872047,0.04857867386128957,3.594485187501676e-05,2.8387940446657185e-29,7.461886587132216e-108
plot_18694,3,0.03310724368764608,1,0.00013364786484306476,0.9668927563123539,0.011764297590353365,0.018804313012858752,0.0017373546361332624,3.6166907529265415e-23,0.0006676305834576487
plot_18695,3,0.04821214321994697,1,0.00018629900268642572,0.9517878567800531,0.01930720663055683,0.023617148761023422,0.0038214939232830555,5.749440966243617e-23,0.001279994902397273
plot_18696,3,0.20092729466525552,1,0.0005889029895790481,0.7990727053347432,0.11472207981784811,0.06013459130261531,0.0076126810840143775,2.1759519458719656e-22,0.017869039471200044
plot_18697,3,0.5761281589649205,4,0.00011088739286251864,0.1764302838969229,0.34124065198768244,0.0,0.4238718410350794,8.640102680592453e-16,0.05834633568745188
plot_18698,3,0.22944023996106516,1,0.006543508695117054,0.7705597600389265,0.01410876078274216,0.0,0.018560447031649104,0.004265578860746135,0.18596194459081905
plot_18699,3,0.006388262818843589,1,2.5116377693805825e-05,0.9936117371811565,0.0,0.0,0.00025505385809026257,0.006073024919972201,3.506766308738377e-05
plot_18700,3,0.0017704617232296956,1,8.024273794480676e-05,0.9982295382767142,0.0,0.0,0.0010755390576595138,0.00042931628640424316,0.00018536364127725067
plot_18701,3,0.0032726093293404136,1,6.30203593184156e-05,0.9967273906706471,0.0,0.0,0.00031063788026697395,0.002826557121429297,7.239396833826113e-05
plot_18708,3,0.7100197495304957,1,0.00563060052279566,0.6125685931678078,0.02315655706343867,0.022709433859760923,0.2899802504695042,5.089717296923614e-18,0.045954564916692836
plot_18709,3,0.13318158943305583,1,7.785254516849094e-285,0.8668184105669442,0.028151420551919968,0.0022827907947400813,0.08591177412188442,5.535215629503743e-28,0.016835603964511368
plot_18710,3,0.6984029522125813,4,0.24688705665463717,0.11592192038528368,0.015296500342114687,0.0,0.3196189513274068,0.0006785235031389119,0.3015970477874187
plot_18711,3,0.5591434649613105,4,0.19194050578325195,0.203849981412151,0.010702558401188868,0.0,0.4408565350386895,0.0007171648883153988,0.15193325447640335
plot_18712,3,0.23068394398259345,0,0.7693160560174064,0.024304616283024834,0.0006453934553647052,0.004148996457411153,0.008298707927570339,0.18482614198264005,0.008460087876582267
plot_18713,3,0.07464608880396281,1,0.0,0.9253539111960372,7.556405398439924e-05,0.0037774448681102578,8.385781959204216e-05,0.0707092220622761,4.483305363278093e-261
plot_18714,3,0.06765372017118755,1,4.609896258798979e-05,0.9323462798288125,0.00023598188730765654,0.007041674828444802,0.00026253690851088524,0.060067427584336246,2.8122545695857427e-108
plot_18715,3,0.013534908939088833,1,0.0,0.9864650910609112,0.0001637571870963184,0.00017384009859522403,0.0006227146704829358,0.012532554782784214,4.204220013015478e-05
plot_18716,3,0.008337892225175857,1,9.579953613241511e-05,0.9916621077748242,0.0,0.0,0.006463454155020041,0.0005082169923398295,0.001270421541683649
plot_18726,3,0.7079087053115808,2,0.002916915517016183,0.3272726293482419,0.3351120235693708,0.0002605776420870742,0.2920912946884192,1.2130107911429971e-21,0.04234655923486477
plot_18727,3,0.6956001437322057,2,0.0,0.26932433848837023,0.30439985626779437,0.021990639631899966,0.19243535968847109,1.1845734318171897e-28,0.21184980592346447
plot_18728,3,0.2882089639287951,1,3.7304633965342314e-05,0.7117910360712045,0.08871501665137885,0.002908184805111645,0.12227282807288906,7.33657753173114e-30,0.07427562976545063
plot_18729,3,0.6518545534929963,1,0.0,0.3626619772418553,0.10804105865274286,0.00795788862965198,0.3481454465070038,1.2703372987580006e-29,0.17319362896874607
plot_18730,3,0.3370981910552113,1,0.0,0.662901808944787,0.11196725433890371,0.0036184116682214927,0.1347973423762727,5.754340175471895e-29,0.08671518267181526
plot_18732,3,0.21169028504528703,2,0.00024232638362033375,1.5255326240067019e-145,0.788309714954713,0.0,0.06774439016762604,0.14370356849404067,1.3873751240068492e-170
plot_18739,3,0.46351648501221826,3,0.011977486238662158,0.19425071186300427,0.004137014299187449,0.5364835149877818,0.12333100505002736,0.00043167431219551933,0.1293885932491415
plot_18740,3,0.7194011942764166,4,0.2805988057174786,0.19219271146821243,0.0003734332750891172,0.04789138484156105,0.30348390185979635,0.1745652806255913,0.0008944822122712196
plot_18741,3,0.6380947422140658,1,0.014543004386623159,0.417632374028068,0.07772692591252954,0.3619052577859342,0.09239613289719494,0.03309626860392108,0.002700036385728999
plot_18742,3,0.6274139074321139,1,0.0008473498468239366,0.4465451355676727,0.16792357185614376,0.37258609256788605,0.005926546274040551,0.000512762567179836,0.005658541320253093
plot_18743,3,0.28913076030630475,4,0.020332151015750657,0.14934517244120954,9.70800341373591e-05,0.11932826792737075,0.7108692396936953,2.8088887836404516e-05,2.1262271562260282e-91
plot_18744,3,0.319439649504763,4,0.016168387666830597,0.3175624703818337,0.0,0.14976022462834282,0.516508917322993,5.693702390204001e-22,7.728655572597153e-92
plot_18745,3,0.43043187468686134,1,0.00017149199017734782,0.5695681253131312,0.25349458343315656,0.08618665568534062,0.08592392729734462,0.004380558029584137,0.00027465825126546107
plot_18746,3,0.5841012463506121,1,0.0847197658513821,0.41589875364938783,0.004540724395644886,0.11703183040875538,0.19915309459516245,0.17853687144629407,0.00011895965337335223
plot_18747,3,0.6515006302202692,4,0.10267625282564058,0.2357162288364711,0.005607207869220679,0.08635797839570533,0.3484993697797308,0.22107396393565698,6.899835757454173e-05
plot_18748,3,0.22495845778996595,1,0.1484567684820013,0.7750415421936574,0.005716684104304952,0.0,0.0026725781337567428,0.0012629463345911742,0.06684948075168856
plot_18749,3,0.2680983635566403,0,0.7319016364433597,0.02869890046466526,0.15031754592985758,0.011641838425280436,0.0770321957897065,0.0004078829471304523,2.3137282959700648e-80
plot_18750,3,0.12866270767131668,1,0.07824954603149908,0.8713372923286763,0.00902287756955971,0.0,0.032233787473885445,0.00018195532563849255,0.008974541270741009
plot_18751,3,0.1509705318885347,1,0.07368808904225504,0.84902946811145,0.01732777787590577,0.0,0.052446085447888764,8.864271558676012e-05,0.007419936806913797
plot_18752,3,0.047454557314318635,0,0.9525454426856814,0.0020493237874173505,0.021128135599239532,0.0005057150005088964,0.008849615810245058,0.013062369326042787,0.0018593977908650625
plot_18753,3,0.08205290118302958,0,0.9179470988169686,0.007734609938949869,0.052541267005419,0.002477393788563195,0.016805455996584773,0.0019634026241254847,0.0005307718293888863
plot_18754,3,0.14765715301150018,0,0.8523428469884999,0.015396765409520972,0.07428979704366996,0.005526671279746754,0.050074962946203005,0.0017239173115808097,0.0006450390207787476
plot_18755,3,0.6090697748791665,1,0.017424681814017077,0.5303326528383844,0.0003726080517970202,0.0,0.3909302251208335,0.007447599483465057,0.0534922326915028
plot_18756,3,0.3280330603745823,1,0.008672385857917724,0.6719669396254178,8.274151888067261e-05,0.0,0.2841416009413994,0.011554904955932036,0.023581427100452523
plot_18757,3,0.5820901322659968,1,0.020497564110536798,0.44683060146284725,0.002250155808771574,0.0,0.4179098677340032,0.012830089458846831,0.09968172142499437
plot_18758,3,0.2257787465373165,1,0.1996067029535209,0.7742212534483861,0.0,0.0,0.02085053696814355,0.005076972702926355,0.0002445339270229796
plot_18762,3,0.09710784413059059,1,1.0002426166155022e-281,0.9028921558694094,0.0,0.01162529932769326,3.155015585598157e-05,7.596350946616851e-06,0.08544339829609474
plot_18763,3,0.13564914450332446,1,3.385925613922847e-281,0.8643508554966756,0.0,0.039273270607083806,1.5534555404740906e-15,3.149530791391215e-05,0.09634437858832522
plot_18764,3,0.1195992092579533,1,3.4456275519378646e-281,0.8804007907420457,0.0,0.03991113658266358,2.0578342256504207e-15,4.5377954913450995e-05,0.07964269472037516
plot_18765,3,0.11448773973199512,1,9.81006194223552e-281,0.8855122602679975,0.0,0.11358875248977233,0.0001580223883516974,2.1023064949150166e-05,0.0007199417889292131
plot_18766,3,0.7248381820953897,1,4.322407838300815e-05,0.679248976721149,0.014464043771730535,0.2751618179046103,0.02443950098274398,1.5971082469271128e-23,0.006642436541383139
plot_18767,3,0.37204627098630194,6,0.016999568794089683,0.048417438746909375,0.25240631818944664,0.0010947447508439614,0.05312820050501233,6.281159674585005e-21,0.6279537290136981
plot_18768,3,0.38279652297512184,6,0.1207675798813722,0.039490641768004535,0.16186852228472115,0.004106660008846792,0.05656311903217722,4.444125815287415e-20,0.6172034770248782
plot_18777,3,0.6984954532036174,1,5.226285244479415e-284,0.6308531921315101,0.0,0.06764226107210725,0.30150454679638267,1.2508442170540503e-19,1.7968362492821344e-107
plot_18782,3,0.5390339845490554,1,0.24091803958960203,0.4609660154500653,0.0001855703440446898,0.0023296579824413316,0.2734695722748267,0.021690817858881526,0.0004403265001385661
plot_18795,3,0.6289273809759774,2,0.31269361233690823,0.031069611795322916,0.3710726190234286,6.734241949877551e-05,0.2567426766447384,5.968565009492833e-16,0.028354137780102498
plot_18799,3,0.5266448813805498,2,0.08451771617076924,0.19521517732807242,0.47335511861945023,0.07550412373889594,0.17128902047917952,9.30985696376513e-16,0.0001188436636317547
plot_18800,3,0.6143581214168192,2,0.1740052149684471,0.20076315245109075,0.38564187858318066,0.06415634002638358,0.17543341397089782,1.0505315197932109e-16,5.0378205415274736e-80
plot_18801,3,0.6891349669214399,4,0.11700564477681341,0.19591879666359258,0.30313341894934653,0.0730771065316874,0.31086503307856,7.453269236158612e-17,9.14910091673799e-80
plot_18803,3,0.06540739561638932,1,0.050601668663113164,0.9345926043836106,0.005116414938143359,0.00012369400278529048,0.00746712006261944,0.0020371817412278685,6.131620850011689e-05
plot_18804,3,0.057178032803983043,1,0.04613083549138176,0.9428219671959301,0.0026742862469219743,0.0001156446170465366,0.0036842326456706853,0.004501081251850587,7.195255119844525e-05
plot_18805,3,0.02594766064037162,1,0.010487350609486516,0.9740523393596284,0.006526829952118995,0.00028616057873483895,0.00690291737116138,0.001701300934808455,4.3101194061486816e-05
plot_18806,3,0.24752647601598737,1,0.1765674502605322,0.752473523984,0.0,0.0,0.06698074435590133,0.001764457934925743,0.0022138234646405146
plot_18807,3,0.21945233793046473,1,0.11147590582270386,0.7805476620695203,0.0,0.0,0.007236003836310664,0.10055349073556541,0.00018693753589984623
plot_18808,3,0.6456614484525866,1,0.35433855154735133,0.6229198589595197,0.0,0.0,0.017035346033082377,0.005507694779727698,0.00019854868031896669
plot_18816,3,0.4485310986126572,1,0.0,0.551468901386676,0.0487582933737938,0.0,0.11755339893186428,0.27545645415964687,0.006762952148019113
plot_18827,3,0.29167375460136036,6,0.09796083415588833,0.03054522462795023,0.14678325043211057,0.0005742443998391413,0.015810200985572027,3.615951161555777e-20,0.7083262453986396
plot_18839,3,0.055945449723599876,1,2.1803062380608113e-283,0.9440545502763859,0.0,0.00025229475202464765,0.03935519659509726,0.014912874279350997,0.001425084097141362
plot_18840,3,0.006001368118042432,1,0.0007419771631164755,0.9939986318819576,0.0,0.0,4.8211964239802043e-14,0.00525939095487776,0.0
plot_18841,3,0.0076313382796155006,1,6.722731700382803e-05,0.9923686617203845,0.0,0.0,0.004494549847268648,0.0021764414301016512,0.0008931196852413883
plot_18842,3,0.48331078549328804,2,0.013235051902894611,0.2015943030557129,0.516689214506712,0.0028339894090304678,0.04313426919953895,4.8902179215858204e-21,0.2225131719261111
plot_18843,3,0.6466054420582094,0,0.353394557941767,0.2813923147011247,0.11490704662771326,0.0,0.20563644434286069,2.3412700503637483e-14,0.04466963638651097
plot_18848,3,0.0015837314663818985,0,0.9984162685336181,0.0,0.0007118636626652077,0.0,0.0008718678037167407,3.433368903067585e-17,3.3544987234641304e-106
plot_18849,3,0.542554897237999,0,0.542554897237999,0.0,0.0,0.0,0.0,0.45744510276200107,0.0
plot_18857,3,0.15771266163177586,1,0.0,0.8422873383681606,0.013028079320593914,0.08557919184358506,0.05481924661157743,0.00011808323641873543,0.004168060619664339
plot_18866,3,0.15128875201305372,1,0.007139054080392702,0.8487112479868482,0.11311155133459175,0.005753945737321655,0.0026326261447752208,2.6377983556624202e-21,0.02265157471607041
plot_18867,3,0.06450743180287104,1,0.004167529354478555,0.9354925681971227,0.044113966171964135,0.014670645728501791,0.0015552905479329089,5.544104438341073e-28,1.392074995055409e-106
plot_18868,3,0.062455473240172844,1,0.0027595971810832178,0.9375445267598207,0.008665130706070083,0.04290312698579971,0.0081276183672263,4.5766604915966374e-29,7.132237613627921e-106
plot_18869,3,0.033105179946221336,1,0.0004343244426959428,0.9668948200537787,0.0018527562989005136,0.02082527464370081,0.009992824560924101,5.9191143647720194e-30,1.0035945502306825e-94
plot_18870,3,0.17192507593751175,1,0.010994300422844988,0.8280749240624883,0.010515202945484237,0.06745011963945022,0.08293946036327184,1.8385678920748762e-28,2.5992566460455397e-05
plot_18871,3,0.43325869368223946,1,0.004009264967187067,0.5667413063177054,0.23951166310138938,0.013428765369869259,0.17575477046239596,3.0138885227442445e-27,0.0005542297814530158
plot_18872,3,0.31935657165735004,2,0.0031266044116413237,0.06017485515354093,0.6806434283426499,0.00010413502774739178,0.1827433636296429,4.409134985543134e-21,0.07320761343477747
plot_18873,3,0.6734195942062109,6,0.06621073321923038,0.022167078492585084,0.32658040579378905,0.0032191389156387747,0.0772670667078516,5.346912955074026e-15,0.5045555768708998
plot_18874,3,0.6138363512696763,4,0.09323055217241927,0.35442050706317907,0.06617150183609753,0.09979852941538189,0.38616364873032377,1.3984007731263624e-26,0.0002152607825985326
plot_18875,3,0.7107969904979039,1,0.004381512411778363,0.44464507759267985,0.15651301842721635,0.03594198798676144,0.06928848391856014,0.2892030095020961,2.6910160907942184e-05
plot_18876,3,0.6057090084324951,1,0.03703535356690682,0.4810451789706225,0.011906719643997308,0.0009387714655894349,0.39429099156750486,0.07283303931447646,0.0019499454709026617
plot_18877,3,0.2185721979062399,1,0.0008519316634630208,0.7814278020937471,0.10201842358911462,0.0030937137900300454,0.026634105506969374,0.08597402335667588,6.037533195853522e-48
plot_18878,3,0.20551901524636276,1,0.0031690551254526154,0.7944809847536372,0.14629293623369982,0.007267143687563217,0.023888541714439063,0.024901338485207987,4.404364849053647e-47
plot_18879,3,0.15833580815707268,1,0.0015847035106823955,0.8416641918429273,0.033194059813396695,0.0032926819270489866,0.05581629873600594,0.06443138243726693,1.66817326717334e-05
plot_18880,3,0.5679861277962841,4,0.18756141924496406,0.37409121372432524,0.0004707354758227622,0.002453808184475499,0.4320138722037159,0.0008619917790342848,0.002546959387662311
plot_18881,3,0.23915310725174801,1,0.0009822287028792905,0.7608468927433848,0.03887441243347623,0.06245788313101564,0.07539233917261039,7.14072134008405e-19,0.0614462438166337
plot_18882,3,0.1909810392585453,1,0.01052667515756191,0.8090189607414471,0.0075234304661608575,0.01587237381682105,0.1081165030968037,2.419790256021452e-18,0.0489420567212054
plot_18883,3,0.1799624555806922,1,0.016013816953938942,0.8200375444193079,0.005418373067674269,0.00958045311188351,0.13606503664635092,3.444075890829956e-18,0.012884775800844647
plot_18884,3,0.2511276130497925,1,0.0009669252261335782,0.7488723869502001,0.05111156395022646,0.06210699779468591,0.0798666210958689,8.090402010721476e-19,0.057075504982885
plot_18885,3,0.6394589626758178,4,0.0,0.1854968874763404,0.11420319191472453,0.12391158097439381,0.36054103732418213,3.115447683766194e-28,0.21584730231035917
plot_18886,3,0.43627972645605456,1,0.2308897261944326,0.5637202735437741,0.0003071463502383724,0.007568781732495721,0.08908596806872328,0.09307058958716002,0.01535751452317602
plot_18887,3,0.30009856979771304,6,0.05249767152951884,0.02801435566192876,0.20172774105410649,0.00046556315610208574,0.01739323839605693,1.939728519900321e-20,0.699901430202287
plot_18888,3,0.6782384424677539,6,0.14890164277863407,0.1389550272411178,0.32176155753224617,0.00014969264691905222,0.011150836930184793,5.495538347437963e-20,0.37908124287089817
plot_18889,3,0.7162501015369769,6,0.28374989846302306,0.13811999877075154,0.19125461856861614,0.00013886550031586592,0.009542370399499681,1.0480135439465326e-19,0.3771942482977937
plot_18890,3,0.31845069989923724,6,0.029832105700295514,0.015063593820849121,0.22439320283026454,0.0057755827042031225,0.043386214843584625,4.0338645291109155e-14,0.6815493001007628
plot_18891,3,0.08948671580780239,1,3.008712950852738e-05,0.910513284192184,0.00014853794905805192,0.03736905305221834,0.00019833134348020583,0.05174070633355082,4.283036181232646e-108
plot_18892,3,0.0492700016625041,1,1.5901194252448144e-05,0.9507299983374959,0.0,0.00028195529626144606,8.963783506978354e-05,0.048882507336920476,0.0
plot_18893,3,0.6083330505118295,4,0.06488167568139935,0.3467760654264365,0.10566686558946652,0.0,0.3916669494881705,4.868821892430613e-16,0.09100844381452675
plot_18894,3,0.16948266123832134,2,0.0005190011648514299,0.013257026209730136,0.8305173387616787,0.0006030126868027618,0.07977045935207888,2.7263299460260945e-16,0.07533316182485786
plot_18895,3,0.5168987959206042,2,0.09414887325444252,0.01233360030294766,0.48310120407939583,0.0,0.0634586190712692,2.571845022237454e-24,0.34695770329194486
plot_18908,3,0.5561118242730421,2,0.062393268981428475,0.3192507944469513,0.44388817572695793,0.023929328623981023,0.1504789117954993,5.9520425182018756e-05,3.446055733484547e-103
plot_18909,3,0.521558515305862,1,0.00022818571658269655,0.47844148469393355,0.10820483585029601,0.09863829660828922,0.294781833371658,1.467403526236802e-15,0.019705363759239147
plot_18917,3,0.28040233228071587,4,0.09856035698019225,0.0,0.12239018905341364,0.044665659709680464,0.7195976677192841,0.00030576773979622566,0.014480358797633267
plot_18919,3,0.25721029842994403,1,0.00043371954293969044,0.7427897015691377,0.0004929624012061739,0.0,0.2497228402882266,0.006560776198489803,1.2629122362639464e-103
plot_18940,3,0.7167810238098218,1,5.1240542868764856e-282,0.709052479797947,0.0,0.007689261740052689,1.8268165207161774e-15,3.928227182017082e-05,0.2832189761901783
plot_18941,3,0.019746336429264197,1,9.31631216717766e-282,0.9802536635707285,0.0,0.013158694335162114,0.004082438203743088,1.6943942237719012e-21,0.002505203890366286
plot_18942,3,0.0161599344992143,1,5.6366496914302324e-05,0.9838400655007857,0.0,0.015073493050469611,0.0009027563029853958,3.9171614987410094e-14,0.00012731864880584874
plot_18943,3,0.018679761772755207,1,7.153676737198896e-05,0.9813202382272448,0.0,0.017581090174626078,0.0009476318382848931,4.971411845169882e-14,7.950299242253032e-05
plot_18944,3,0.004891747484169548,1,1.3822170987515558e-282,0.9951082525158179,0.0,0.002627774944454117,0.00012938452005092392,5.370555832972887e-23,0.0021345880196770896
plot_18945,3,0.020959782264261345,1,7.161468689483732e-282,0.979040217735732,0.0,0.008315776645307431,6.392980281511139e-05,2.6533678261567804e-23,0.012580075816145292
plot_18946,3,0.003425334059085746,1,3.9496909674712257e-283,0.9965746659409084,0.0,0.0010116410596531108,3.4602120487501376e-05,1.4364343519649642e-23,0.002379090878951063
plot_18948,3,0.7244852408705645,1,1.4120352279590953e-05,0.7237845740608061,0.000443437841677077,0.2755147591294355,0.00023055214767686623,5.217303344397989e-24,1.2556468124968974e-05
plot_18949,3,0.013954841082153255,1,8.286990410071001e-05,0.9860451589178402,0.0032388332828810493,0.0071131190125583565,0.003096473645949839,1.140042374610012e-28,0.0004235452366697116
plot_18953,3,0.18724123362798487,1,0.004366639520874388,0.8127587663720068,0.012451862667616852,0.0020962903193348504,0.14881917252775878,0.019302658459064936,0.00020461013334316958
plot_18954,3,0.2621220073123561,1,0.005327779908090844,0.7378779926876439,0.01878836747276158,0.0010410814801454502,0.15901257711898906,0.07785304896245147,9.91523699176682e-05
plot_18964,3,0.004748326481380332,1,0.0004081219270019803,0.9952516735186197,0.0,0.0,0.0001029596544940321,0.004230704209069639,6.5406908146618875e-06
plot_18965,3,0.040904332298642786,1,0.00010562361789168555,0.9590956677013572,0.0,0.0014038727609641199,0.0001949789995654314,0.03919985692022157,0.0
plot_18966,3,0.043547268985634,1,0.0075719177013111975,0.9564527310143456,0.0,0.00023998108330668626,0.009380924098465145,0.026354446102571476,0.0
plot_18967,3,0.0336997102178689,1,0.002527471868003518,0.9663002897821091,0.002006162374281339,0.006504169845173297,0.018841142544957983,0.003653976959572375,0.00016678662590245415
plot_18968,3,0.002612110674435582,1,0.0004538243135542917,0.9973878893255643,0.0,0.00011321483508697551,0.00039709906377202335,0.0016479724620221982,5.113753864597854e-107
plot_18969,3,0.6103382992474675,4,0.00720441835806885,0.05349268236471219,0.38966170075253254,0.001730583780964153,0.4652093419967854,1.9500789898863392e-16,0.0827012727469367
plot_18971,3,0.43028155348624386,6,0.061501921124316336,0.023983042145076912,0.2913050809500324,0.0004341971880819588,0.05305731207873483,1.3806791942231285e-15,0.5697184465137561
plot_18972,3,0.04644564108682049,1,0.0,0.9535543589131737,0.0007112218505432698,0.03940632126098939,0.005586735181408521,1.7953549318911723e-28,0.0007413627938851018
plot_18973,3,0.10513787599385144,1,0.0,0.8948621240061432,0.011139112495113214,0.05636955182932514,0.022141052279401073,9.114159919892265e-28,0.015488159390017343
plot_18974,3,0.09478824278714781,1,7.976554806887396e-05,0.9052117572128522,0.009074718872230018,0.08122776565585946,0.0037235969642925764,9.400438630588618e-24,0.0006823957466968824
plot_18977,3,0.034456806580495485,5,0.0008978532234414224,0.0,0.0,0.0,0.0011275490218019472,0.9655431934195045,0.03243140433525205
plot_18979,3,0.5867301518880488,1,0.06107740775205628,0.45056687972461407,0.41326984811195117,0.0,0.07508586441137852,5.827789595395632e-23,2.7469594210292654e-104
plot_18990,3,0.5563595659986109,0,0.4436404340013892,0.1791304720966477,0.07139969074892832,0.0005182526219678956,0.015165759036531567,0.010103721347230553,0.28004167014730486
plot_18991,3,0.03557517026716028,1,0.0006691634635914639,0.9644248297328396,0.019772505014181443,0.00019251653402771766,0.012944833319876229,0.001996151935483311,1.7758091478303195e-101
plot_18993,3,0.28155117805884294,2,0.02440391470881763,0.0705290427099294,0.7184488219411571,0.03177063916983922,0.15448312447937917,0.00011316139371239096,0.00025129559716510595
plot_18995,3,0.21967444769726568,1,0.07499011906778996,0.7803255523026189,0.006891294181699773,0.04296859982398932,0.0140720453621119,5.751858333880635e-26,0.08075238926179006
plot_18999,3,0.7036815734646737,1,0.1520525204028229,0.30577633170568547,0.29631842653532625,0.013014012091747022,0.06359764893230725,9.838301258795345e-15,0.16924106033210135
plot_19,3,0.4492882793153421,6,0.19217414965416948,0.004196668285733226,0.15362908483751264,0.01584384337359069,0.07589664466963655,0.007547888494699529,0.5507117206846579
plot_190,3,0.6327549125451292,4,0.0411318762364246,0.030985888007336947,0.22832498548278313,0.0,0.36724508745487083,1.078225666256765e-24,0.33231216281858456
plot_19008,3,0.07574979477576081,0,0.9242502052242392,0.022973060779332678,0.007216930153617514,0.00016412439606812887,0.003673804610853159,0.026091905241123002,0.015629969594766313
plot_19009,3,0.06842274705764337,1,6.083676833342494e-05,0.9315772529423509,0.012724424362900957,0.0017864444871544647,0.053579177369665124,9.683940340817726e-12,0.0002718640599110853
plot_19013,3,0.11815529129381444,1,0.0005546862921753231,0.881844708706045,0.0,0.06491657759601106,0.052684027405768594,3.519823401963517e-20,7.319138296123144e-95
plot_19014,3,0.25339893001571606,1,0.0054413368154553905,0.7466010699842707,0.00048568344217103,0.05005106072091735,0.1972324808028595,3.462109600819232e-19,0.00018836823432610757
plot_19015,3,0.2726573463132414,1,0.006741925085603625,0.7273426536867587,0.0006135636303412023,0.025093339980740315,0.2399693986628862,4.289977366766366e-19,0.00023911895367014643
plot_19016,3,0.7066760148241084,1,0.0001914055088632948,0.6812327984207343,0.0,0.29332398517589175,0.025251810894510767,1.2146460836828597e-20,1.8381020175352816e-93
plot_19017,3,0.0689850086798244,1,0.0006759126274343244,0.9310149913201756,0.018045490638023857,0.004831757113668723,0.04064918931086544,0.004762860541957451,1.979844787464859e-05
plot_19018,3,0.5391183261953453,4,0.0,0.11976868577442004,0.17579853688727204,0.0,0.4608816738046547,0.24355110353365317,1.070352503875423e-49
plot_19019,3,0.4385686177926277,4,0.0,0.11299240317948103,0.07108942836119359,0.0,0.5614313822073723,0.2544867862519531,1.1798439612283167e-49
plot_19036,3,0.6192115078356765,2,0.0,0.1298907407732282,0.38078849216432353,0.00337062006420464,0.36064767627240435,4.30126939459332e-22,0.12530247072583922
plot_19039,3,0.29232886611309433,1,0.0,0.7076711338869057,0.011860852341174764,0.039349708482692945,0.2326514724285523,1.8028612573538379e-22,0.0084668328606744
plot_19046,3,0.288556036873861,1,0.015779869717170405,0.711443963126138,2.5803159603908357e-05,0.0,0.1173916887660277,0.1377596038831808,0.017599071347879292
plot_19047,3,0.36367828917813727,1,0.03137241403380053,0.6363217108218571,0.0003727390652038831,0.0,0.15595534907438002,0.09677865405760276,0.0791991329471558
plot_19048,3,0.16314845489177882,1,0.020424683754599684,0.8368515451082129,2.553735468842325e-05,0.0,0.10922734795571747,0.02282040157581714,0.010650484250964348
plot_19049,3,0.40273611265951437,2,0.013972659999726057,0.007670803008431393,0.5972638873404856,0.017171187994115503,0.28829639726487954,3.7045081377176387e-16,0.07562506439236158
plot_19050,3,0.6809788837028451,4,0.0024938216116992796,0.03536277760456536,0.17013697254186885,0.3190211162971548,0.4548278834459643,5.83238432761867e-17,0.018157428498747213
plot_19054,3,0.6776385313399029,2,0.030937023754483477,0.056842100320847966,0.32585709422143616,0.12681896900782655,0.0017089129257180354,0.13547443110959065,0.3223614686600972
plot_19055,3,0.11244280037249067,1,0.0,0.8875571996275093,0.012784291614205356,0.00897330865121472,4.7889002845631406e-05,0.08232573607810932,0.008311575026115656
plot_19068,3,0.22523490794403406,1,0.0027218977137581034,0.7747650920559459,9.595569593297955e-05,0.1317459904635025,0.09067106407086059,1.7249383942960143e-19,2.7586371282244977e-93
plot_19069,3,0.16645994413944087,1,0.00030716272235581577,0.8335400558605226,0.0,0.13746806435572645,0.028684717061395155,1.9479750829460942e-20,1.9086118977549226e-94
plot_19070,3,0.17859984197222056,4,0.021294896624120256,0.11931355354517534,0.00600146619600661,0.03198992560691837,0.8214001580277794,1.02794003972926e-18,5.190467526771677e-92
plot_19071,3,0.33566563638425684,4,0.08986900709265563,0.05960864839810308,3.9409918261874594e-05,0.18604710814580766,0.6643343636157432,0.00010146282942861247,7.676536546449178e-92
plot_19072,3,0.31076948800904036,4,0.0822607441147816,0.031947517734906186,0.0003632971703646876,0.1960483137078429,0.6892305119909596,0.00014961528114502517,6.828347900396532e-92
plot_19073,3,0.06653331987338001,1,0.0043773474527326415,0.933466680126607,0.00017570454657100376,0.05870161023554793,0.003278657638541384,6.731722181075172e-24,2.600626965151378e-94
plot_19074,3,0.035217547225734426,1,5.724470187052275e-05,0.9647824527742377,0.0014715475571340625,0.011189680061525493,0.022499074905232223,3.647312706291046e-21,1.015908704824964e-102
plot_19075,3,0.11576325831032909,1,5.691367108605015e-276,0.8842367416896709,0.020577181801881467,0.0017125594982255006,0.09339001422755176,7.624863484092323e-22,8.35027826703529e-05
plot_19076,3,0.10574581863846147,1,6.448837202613955e-05,0.8942541813615386,0.018364624610024957,0.004066690942857015,0.08317523193147944,6.8393281854108785e-22,7.478278207395092e-05
plot_19077,3,0.04909634685855228,1,2.0807831642912653e-05,0.9509036531414333,0.0008700098557370426,0.03706519843850192,0.011140330732684712,7.229745063124897e-24,1.729906279019227e-95
plot_19078,3,0.08677191727794313,1,0.00346619894884234,0.9132280827220569,0.011394498155432616,0.0006976914954130402,0.06031295034812212,0.010864196568765142,3.6381761367911117e-05
plot_19079,3,0.0937302134893432,1,0.00023277079310231498,0.9062697865106568,0.06484428531529972,0.012872294791983001,0.014302748722268808,0.001457990692339138,2.0123174350225338e-05
plot_19080,3,0.1783802110192313,1,9.507000588299075e-05,0.8216197889800806,0.11067051006853132,0.05736987984722698,0.009960069131355552,0.000267930938476089,1.6751028446678972e-05
plot_19081,3,0.6639117607620495,0,0.35719721502741536,0.04416190389542825,0.0,0.0,2.7793247635493048e-14,0.3360882392379505,0.26255264183917826
plot_19082,3,0.10907179681397054,1,8.117893446195248e-281,0.890928203186022,0.0,0.09397801989608484,9.211213880265351e-05,1.9878198682370396e-05,0.014981786580408264
plot_19083,3,0.3978561725173031,1,0.0004452289791165977,0.6021438274785323,0.29474354556908045,0.013760718058494303,0.08683175133781343,1.9446659276736813e-05,0.0020554819176862495
plot_19084,3,0.0988477290569628,1,0.010361122672777681,0.9011522709325621,0.0065809296058074365,0.0003512001600289443,0.030511252772161802,0.05038061431343083,0.0006626095432312129
plot_19085,3,0.0246015805051234,1,0.009932550106099343,0.9753984194948766,0.002674409216703728,0.0002106291888404452,0.005905602103526077,0.005878389889953804,3.4736602351436065e-84
plot_19086,3,0.06746040763468213,1,0.0033017305520491626,0.9325395923651127,0.04491179253344193,0.007198083239168612,0.01000076758550014,0.002011446700230251,3.658702449711049e-05
plot_19087,3,0.10097417948774316,1,0.0062331282388125835,0.8990258205122503,0.05532566053748153,0.0029028205094204056,0.035316566636544776,0.00023987495637773008,0.0009561286091125572
plot_19088,3,0.07109905499148195,1,0.059306471263839075,0.9289009450085041,0.00041473147999201597,0.0,0.002723654417351814,0.008546076278062661,0.00010812155225040116
plot_19089,3,0.47535728660235277,1,0.0,0.5246427133976472,0.24917928362767128,6.313051393220163e-05,0.06535505276545013,0.16075981969529907,2.0647194151468706e-50
plot_19090,3,0.5349688710370555,2,0.0,0.24635469186649042,0.4650311289629445,0.0,0.1005601441155725,0.18805403505499257,5.037066183188058e-50
plot_19091,3,0.5353664570997206,2,0.0,0.195892230644014,0.46463354290027936,0.0,0.10822966343291925,0.23124456302278734,5.648268211324466e-50
plot_19092,3,0.4800927354749002,1,0.0,0.5199072645250998,0.009115323250849178,0.0,0.32612632442963096,0.14485108779442016,2.331249622818958e-50
plot_19093,3,0.543218956074808,5,0.0,0.13102978847621982,0.22278219301818936,0.0,0.18940697458039885,0.456781043925192,1.0500628385496086e-49
plot_19094,3,0.5762173850233918,5,0.0,0.24889758444187277,0.22820815438929914,0.0,0.09911164619221985,0.4237826149766083,8.626113356123983e-50
plot_19095,3,0.5004341043385665,4,0.0,0.3212076825342432,0.006013100301884096,0.0,0.4995658956614335,0.1732133215024392,6.072127656927933e-50
plot_19096,3,0.521792937688113,4,0.0,0.36938388039284875,0.004861809979072671,0.0,0.4782070623118871,0.1475472473161915,4.939644326909469e-50
plot_191,3,0.7096208098070024,1,8.316689310164793e-05,0.6369053677911075,0.0,0.2903791901929975,0.0726322751227355,5.779644580968878e-14,0.0
plot_19107,3,0.08945443238504569,1,0.005031703112267304,0.9105455676149528,0.003669185246377064,0.04636218115736801,0.03439136286903487,3.3156029903931644e-29,1.5815922247198572e-94
plot_19108,3,0.11905694496844897,1,0.0011515183303315388,0.8809430550315434,0.024131346601616362,0.02185086778596921,0.07190210986207074,1.8184015918487124e-28,2.1102388468941214e-05
plot_19116,3,0.6035747015856872,2,0.0011757846162622923,0.3743913322558721,0.39642529841431284,0.0003202823683356738,0.21189739262841514,0.00010930043325075764,0.01568060928355105
plot_19126,3,0.06343134745574448,1,0.001402243798810395,0.9365686525442555,0.004199383358006998,0.05317393194006458,0.0031232674523647645,5.181125090547183e-22,0.0015325209064977045
plot_19127,3,0.07677341100989714,1,0.0,0.9232265889900878,0.006862480006029526,0.005471933349166595,0.05707225437263378,0.007366743282082314,2.2212826831521006e-51
plot_19128,3,0.10871502423916292,1,2.301200336449933e-282,0.8912849757608166,0.0,0.038335808609070016,0.07033718628117262,1.2197616169407945e-05,2.9831732771415425e-05
plot_19129,3,0.06384078676786153,1,0.0,0.9361592132321304,0.0,0.06358765015030306,6.765463614628983e-05,3.0010638355156457e-37,0.00018548198142022363
plot_19130,3,0.004402628055996342,1,0.0,0.9955973719440037,0.0,0.00013989752447105948,0.0003292035023031183,0.003933527029222167,0.0
plot_19131,3,0.009601484177484283,1,0.0,0.9903985158225013,0.0003600450004530896,8.685618881152697e-05,0.0055632421424600086,0.003309019415098034,0.0002823214306761541
plot_19140,3,0.26593245501150997,1,0.00012121038256058298,0.73406754498849,0.10240312282128484,0.06575181574315121,0.0926869491622511,3.6916477108652955e-13,0.004969356901893204
plot_19141,3,0.10161057909313781,1,1.3569355691606358e-256,0.8983894209068622,9.424507231660761e-05,0.007558240665082188,0.00010458923063883725,0.09385350412510021,5.591672440798543e-261
plot_19142,3,0.5313933913432222,2,0.0005315278361985692,0.15352236427176258,0.46860660865677783,0.0001988798032497325,0.3653396690493266,6.6852109842130325e-18,0.011800950382684708
plot_19143,3,0.43618033343013857,4,0.00042343040250247154,0.1369427790317198,0.2865922844151235,0.003468929074004851,0.5638196665698615,1.1348114040801967e-17,0.008752910506787935
plot_19144,3,0.4097449173804765,4,2.0098773923501995e-05,0.17658541828181173,0.22842329431621589,0.003828456271597315,0.5902550826195234,4.876285782119694e-22,0.0008876497369280106
plot_19145,3,0.6626347640589748,4,0.0002360535858396666,0.33736523594039874,0.3005597025503671,0.0002233400670560485,0.35554407473930494,2.4660605246079057e-18,0.006071593117033458
plot_19149,3,0.4924531077408998,1,0.13316133364754384,0.5075468922579696,8.385575119678665e-05,0.07036665835379252,0.2809728672287609,6.687692044032514e-16,0.007868392760735655
plot_19153,3,0.7113335182572192,1,0.03238812927007901,0.30031892064357557,0.0037357985145054177,0.28866648174278065,0.27813835911118906,1.771709043570817e-15,0.09675231071786858
plot_19154,3,0.12459918956250117,1,0.0,0.8754008104374988,0.0,0.0,4.31058646626644e-05,0.12347139378369931,0.0010846899141392081
plot_19161,3,0.45172886045271304,2,0.00011543690163115698,0.3409602840960675,0.548271139547287,0.07787824529271334,0.03251511986788347,2.7162567969206824e-05,0.00023261172644835877
plot_19162,3,0.09670204199267587,1,0.008687570295583315,0.9032979580073089,0.028418945026662236,0.0004484863181001599,0.05762246765565732,0.00016058576901167444,0.0013639869276764497
plot_19184,3,0.000558265309601774,5,0.0005582653096017572,0.0,0.0,0.0,0.0,0.9994417346903982,0.0
plot_19199,3,0.0,5,0.0,0.0,0.0,0.0,0.0,1.0,0.0
plot_192,3,0.1963263964882953,1,2.6829357936669847e-284,0.8036736035117047,0.0,0.16463244687028428,0.031693949618011044,1.3155202748599888e-20,0.0
plot_19259,3,0.30432223885772874,4,0.024283405663094757,0.0,0.26857282063469234,0.0,0.6956777611422713,0.0005289085107325447,0.010937104049209074
plot_19279,3,0.07048194896207499,1,0.010554675697054818,0.9295180510375706,0.0003243556804044343,0.04446990364435435,0.007655179543811101,0.007106171425749412,0.0003716629710553911
plot_19280,3,0.5535872817746494,4,0.016647376928924186,0.19578238533906495,0.0005850322991472237,0.018520469837510885,0.4464127182253506,0.003176153597722989,0.3188758637722793
plot_19322,3,0.7186428655040106,1,2.431238102578276e-280,0.7123957378794638,0.0,0.28135713449598937,5.699255213376588e-05,2.286771478942624e-05,0.006167267357623668
plot_19333,3,0.2523189237814547,1,0.05037525590488081,0.7476810762185382,0.0908736008083612,0.000428659303931593,0.037109384201705335,1.8613060937195968e-20,0.07353202356258302
plot_19335,3,0.0,5,0.0,0.0,0.0,0.0,0.0,1.0,0.0
plot_19341,3,0.1981729748327833,1,0.004213977529761329,0.8018270251667128,0.008884316546284975,0.0,0.1850746807572409,2.3466168955032157e-20,4.8171343200841214e-263
plot_19343,3,0.7241928987427761,6,0.2758071012572238,0.03478337374677115,0.1303542800983293,0.009040590815203696,0.16476162688004872,6.929397082138928e-17,0.3852530272024233
plot_19344,3,0.35086811919462285,6,0.07735507202591464,0.011379966650394575,0.2323702360857364,0.0018667512229083242,0.027896093209668932,1.4254356640923234e-17,0.6491318808053772
plot_19348,3,0.49969744092062973,6,0.14895540709336774,0.11996703738081069,0.007745729834194341,0.008941013494423389,0.21397220373420445,0.0001160493836291442,0.5003025590793703
plot_19349,3,0.4607780416829943,2,0.000262414006138837,0.07037296038779298,0.5392219583170057,9.938793107873628e-06,0.26162943837048824,0.0002805074559879414,0.1282227826694784
plot_19350,3,0.22119026016763854,1,0.05849553751827177,0.7788097398319935,0.0,3.9929407283620577e-05,0.1480586642014726,0.014596129040978548,0.0
plot_19353,3,0.45527281680544507,5,0.21444013653466135,0.017657242664638795,0.009547354191975124,0.0006425901437031252,0.0031893139935675607,0.5447271831945549,0.2097961792768991
plot_19354,3,0.14771000813015994,1,0.04421539850641173,0.85228999186984,0.0,0.0001644350705573258,0.05107433175917092,0.052255842794019874,6.060924990610733e-242
plot_19357,3,0.15179367049203524,2,0.0,0.0,0.8482063295079648,0.031956554186207846,0.0006946013164614863,8.747335066841639e-23,0.11914251498936598
plot_19361,3,0.05258964519755442,1,1.3347767176840733e-282,0.9474103548024456,0.0,0.005404536391300155,0.00014151532398899917,0.0018474510691592369,0.045196142413106086
plot_19363,3,0.3713966146325842,6,0.10576730825296082,0.0005912764767878691,0.12500017966249405,0.0,0.14003780053116038,4.9709181131042753e-08,0.6286033853674158
plot_19369,3,0.0560628508907159,1,0.0002855045852348903,0.9439371491092841,0.007171696575341134,0.04751125037660123,0.0010943993535386164,2.976404317330486e-29,9.78274596733901e-107
plot_19370,3,0.05036547609824002,1,0.0,0.9496345239017187,0.006770593373442252,0.011375530193069916,0.020060246063362833,1.0342357156285813e-27,0.01215910646840642
plot_19371,3,0.22242844698764733,1,0.0031757914083446206,0.7775715530123393,0.021749695367660495,0.0012103387439491048,0.10951637200824689,0.08671008128177853,6.616817768098629e-05
plot_19374,3,0.006895893549090336,1,0.00012035914344752727,0.9931041064509096,0.0,0.0064103203067488795,0.00026859833471599943,8.364298380452278e-14,9.661576409425237e-05
plot_19379,3,0.07872702682182667,1,0.0038652852302600003,0.9212729731781734,0.0012727813291850418,0.05586651045896986,0.017722449803411793,1.5055141419627787e-29,1.536623025633479e-105
plot_19380,3,0.6342564310724043,6,0.18594542584310308,0.0020678133864587504,0.3657435689275957,0.0,0.0784754797124476,9.597953383543663e-07,0.36776675233505646
plot_19381,3,0.23509319779088897,1,0.0,0.764906802209111,0.0,0.0,0.22036350416437406,0.013932539226512244,0.0007971544000026623
plot_19385,3,0.265450313317135,4,5.1201757853299714e-05,0.34251183328096174,0.24929569280926195,6.929513235068929e-05,0.392037853401903,2.8764193492892405e-05,0.016005359424176635
plot_19388,3,0.6938277595516753,4,0.00011796616941092321,0.094369969812712,0.3061722404483247,0.03243279514827487,0.49517210139308926,1.2383453598140816e-17,0.07173492702818811
plot_19398,3,0.721897152305331,1,0.10531364700850848,0.6153337557967724,0.2781028476946689,0.000489080498218074,0.0006993732469178722,2.2391456807775035e-25,6.129575491431068e-05
plot_19399,3,0.5097237961978852,2,0.013737183624154265,0.28125683943383173,0.49027620380211473,0.003149371151553818,0.010583745510818835,5.075752604017969e-21,0.2009966564775266
plot_19412,3,0.009475724455606715,5,0.0,4.93158504453839e-148,0.0009883578898954514,1.7098609997420453e-05,0.00847026795571382,0.9905242755443933,1.1841122061703122e-172
plot_19415,3,0.2874928193322962,0,0.7125071806676377,0.04734836119483625,0.0002949201276222917,0.0,0.00014945534774142373,0.1174461412439361,0.12225394141822624
plot_19416,3,0.29568206466799246,2,2.0960925741786758e-16,0.05477109956876766,0.7043179353320076,0.004832806381168233,0.2306526578433395,1.274807201030567e-22,0.005425500874716911
plot_19418,3,0.12880604436275278,1,0.0,0.8711939556370564,0.0,0.12226752964471065,0.00033964439613460114,0.006198870322098329,2.997144669529394e-108
plot_19420,3,0.04506142044668497,1,0.000160667399782099,0.9549385795533151,0.0,0.00012129631398017995,0.00029072313713971555,0.04448873359578301,0.0
plot_19425,3,0.26628614541518686,2,0.000575413175615877,0.06621259189956724,0.7337138545848132,0.0002680611193505153,0.13934867451856398,0.00044574496652652774,0.05943565973556272
plot_19426,3,0.08663671247829485,5,0.08479203196598875,0.0,0.00041386124164730824,0.0,0.00031274130917622835,0.9133632875217051,0.0011180779614825423
plot_19429,3,0.500120182226187,1,0.0024230132920992037,0.4998798177724703,0.16962008261808553,0.11268968069069588,0.0723510457469176,0.00012145035983732469,0.1429149095198943
plot_19435,3,0.6572014419298415,1,0.0182004423356309,0.38082804936951364,0.17123481305740726,0.34279855807015847,0.08667585648197382,2.5505957627941013e-17,0.0002622806853159327
plot_19437,3,0.19894420251564096,1,0.03578264603329469,0.8010557974843591,0.09596348314468311,0.001892995112027985,0.008960800973291643,1.3221265148688584e-20,0.05634427725234353
plot_19438,3,0.15645695044154073,1,2.714024563178108e-284,0.8435430495584594,0.0,3.140541187300521e-05,0.13918921358342423,0.016157421647611407,0.0010789097986321705
plot_19440,3,0.30661023933260745,1,0.0,0.6933897606672949,0.0006555226503311926,0.0,0.08287153241017511,9.927187488377133e-26,0.2230831842721989
plot_19441,3,0.4209731505749945,6,0.0075233772124027615,0.2449608150896614,0.0026907201908285662,0.016600358248879427,0.14919787983322136,1.1173363225229815e-15,0.5790268494250055
plot_19445,3,0.5152030325058047,3,0.0033379157854596976,0.42740626813246546,0.00016273580216545893,0.4847969674941953,0.07097125427285472,0.0004536940573779458,0.01287116445548139
plot_19448,3,0.0626122191866213,1,0.011703067584251334,0.9373877808118378,0.0013077138760464538,0.0004798752303037355,0.0491215624975607,1.775254392443992e-21,2.0575043421928066e-101
plot_19460,3,0.4253667910941413,4,0.05394594555391258,0.35257119330203024,0.005661539474850659,0.012750752304703992,0.5746332089058587,4.577320121833128e-17,0.0004373604586438066
plot_19461,3,0.07097330759841732,1,0.0,0.9290266924010344,0.0,0.07037144122703662,0.00010121261508755788,0.0005006537568414456,0.0
plot_19467,3,0.46506340572320626,2,0.0011012733106409102,0.029654589599485456,0.5349365942767937,0.08099277336400522,0.17402510959221146,0.0007023540937845167,0.17858730576307869
plot_19469,3,0.3399568246895888,5,0.0,0.003941706643982463,0.007494811669971723,0.0,0.3185251557751835,0.6600431753104111,0.00999515060045109
plot_19475,3,0.5018501622543883,0,0.49814983774561167,0.2220268893863107,0.1973453350021683,0.0,0.023055856136188557,1.4531211464804536e-06,0.05942062860857432
plot_19478,3,0.017854964416077142,1,9.639271056491458e-282,0.9821450355839211,0.0,0.013089012052988819,0.004703257986171999,6.26943769180334e-05,9.122414362706972e-86
plot_19479,3,0.6994910202468133,1,0.00011479440387270995,0.33869045168820955,0.13673546934526548,0.3005089797531868,0.2179414260740392,3.942745142763322e-14,0.00600887873538689
plot_19480,3,0.11718370837882339,1,0.03006573795747226,0.8828162916211697,0.017045053220031654,0.04800823321707164,0.013744538735973972,1.365475377870118e-16,0.008320145248280774
plot_19483,3,0.2930587876616446,2,0.00018686565698887653,0.0007532819037450435,0.7069412123383554,0.0035314235044656543,0.17452046348129252,1.2016812662722455e-15,0.11406675311515135
plot_19484,3,0.11621582768963054,5,2.8668188169320086e-09,0.0,0.0,0.004871764575636815,0.10214833648290009,0.8837841723103694,0.009195723764274799
plot_19486,3,0.17530670172842377,0,0.8246932982715762,0.00024386990538934376,0.08384384538073529,0.053617028304490305,6.440953083263632e-16,9.679203165902992e-18,0.03760195813780817
plot_19487,3,0.4673619036180324,2,0.0005736712758042101,0.20764788256067612,0.5326380963819676,0.04802762634676498,0.19488894132533446,0.011539347386750715,0.004684434722701963
plot_19488,3,0.24961085474025277,1,0.008118398259126323,0.7503891452585036,0.09248638658333169,0.0460815915105101,0.10292447838683014,1.6981629555596277e-12,7.655469079670943e-54
plot_19489,3,0.03128307691397297,1,4.8984623020238824e-05,0.9687169230860271,0.010175370312516505,7.85769186167304e-05,0.015789046821994692,7.922462858936847e-30,0.005191098237824854
plot_19490,3,0.0025539627770889825,1,0.0,0.997446037222911,0.0,0.0025539627767691767,3.198188644527906e-13,3.59966300651949e-30,0.0
plot_19492,3,0.1266260869859579,1,0.0834961143120182,0.8733739130140405,0.0,0.0,0.028379703000372798,0.013796020248544087,0.0009542494250242961
plot_19493,3,0.5796221999884474,4,0.0002993078843374973,0.055056087899825135,0.42037780001155256,0.014022741589937798,0.5060651356851634,6.423159169432965e-18,0.004178926929183642
plot_19495,3,0.2763443410762127,1,0.12604875751309574,0.7236556589237375,0.03709801857914151,0.009530624232086428,0.04429205184991782,3.9045995086563516e-16,0.0593748889020206
plot_19496,3,0.5088929079989,6,0.09254171592109375,0.14470199989566862,0.11506986407686824,0.006782731625134524,0.14908236938101715,0.0007142270991176635,0.49110709200110014
plot_19497,3,0.15891104496492442,1,0.0,0.8410889550294975,0.08552877693928902,0.0005385343052505314,0.012948284824061795,7.250213135847755e-24,0.05989544890190096
plot_19501,3,0.32637987014844344,4,0.008091432015555748,2.523837710484299e-146,0.3059450069037059,0.0003991619726686084,0.6736201298515565,0.011944269256513164,1.3644266695687548e-84
plot_19505,3,0.6829250914955185,4,0.12062828557040611,0.19044924468237945,0.008081253901245445,0.15472961847518774,0.3170749085044816,8.859157699434637e-25,0.20903668886629967
plot_19506,3,0.6626278393351224,6,0.0,0.17810859642009666,0.33737216066487763,0.07437449001919835,0.05346348790794929,2.626359549010963e-24,0.356681264987878
plot_19508,3,0.6885203310497314,4,0.3114796689502685,0.10011049752133891,0.15094205755885567,0.016502349398440665,0.42096542657109626,1.011984649395517e-17,2.9326384927406866e-101
plot_19509,3,0.3841306121348004,2,0.2277466660115531,0.0,0.6158693878651996,0.0,0.002506342606031965,2.300635528432498e-18,0.15387760351721524
plot_19514,3,0.07918825121334087,1,0.0,0.9208117487856224,0.0,0.0786330375007994,0.0002791349841693936,0.00027607872940879207,0.0
plot_19518,3,0.5569356042823296,4,0.0,0.011330892482471043,0.013321764093218136,0.44306439571767037,0.4835887806309024,0.048335441071874444,0.00035872600386363654
plot_19529,3,0.11465040449290333,1,0.0001927719161884082,0.8853495955070967,0.04243712484786044,0.010459648938739002,0.05821943406900809,0.003290800658263375,5.062406284402804e-05
plot_19531,3,0.020487197105628956,1,0.0053087925662201885,0.9795128028943565,0.00043610955850599217,0.00956775867967283,0.005174536301244529,7.822433456762382e-24,3.754275127202999e-95
plot_19532,3,0.5135367198623835,1,0.0031120412866953943,0.48646328013760787,0.19560554905839436,0.17865351935299753,0.021341880774218083,0.11466358881423641,0.00016014057585029442
plot_19534,3,0.7102134970696838,3,0.0,0.10649374361814642,0.15166002302527126,0.2897865029303161,0.21296669984494782,5.577479283232336e-28,0.2390930305813183
plot_19536,3,0.528778836942707,4,0.09344319591110152,0.3330241994789237,0.04223983721365782,0.05979365806424551,0.47122116305729295,0.0002779462747784025,4.5457439814706626e-100
plot_19547,3,0.20366663779529184,1,0.0,0.7963333622047082,0.00876608530819482,0.0,0.14909508132318666,2.4346661003490688e-20,0.045805471163910386
plot_19553,3,0.37912931446800685,1,0.10282695905513015,0.620870685531595,0.0,0.23145204335906122,0.03070217423179434,4.22124019125156e-25,0.01414813782241941
plot_19554,3,0.4743449615968661,1,0.10995578027152411,0.5256550384019275,0.0002265530482399367,0.2495557451615394,0.08872387512010596,3.6624908106000335e-25,0.025883007996663134
plot_19555,3,0.7161222743280926,1,0.28387772567190744,0.3328783356643297,0.0002193689513712675,0.22579382700433712,0.12069809760183804,5.097473885093332e-25,0.036532645106216496
plot_19556,3,0.5556301885726159,4,0.015849250277498485,0.2511545891595944,0.028392581175397735,0.007325806944727637,0.4443698114273841,9.309638028442088e-21,0.2529079610153977
plot_19584,3,0.5675072570712311,4,0.1919717616145431,0.3693170588851042,0.0004661107317604187,0.002388926912617352,0.43249274292876894,0.0008747709620575977,0.0024886279651483508
plot_19588,3,0.07295832257280435,1,0.0,0.9270416774271878,0.00808114647672667,3.343151156845187e-05,0.06410722546353687,8.44936017697351e-05,0.000652025519210528
plot_19589,3,0.2631966034373939,4,0.10445095715257328,0.15108757044434387,0.007595983295921229,3.24002049363865e-05,0.7368033965626062,2.969233961918878e-05,2.3812223448426595e-52
plot_19590,3,0.45298344632662085,1,0.0071707068744855645,0.5470165536616639,0.18798157893306172,0.012942336157480382,0.13153409381924352,0.09443945705081484,0.01891527350325017
plot_19595,3,0.5157951052051986,4,0.038347405870471245,0.04709300939081444,0.03533804144453525,0.21421873036037647,0.4842048947948014,9.166465697762688e-16,0.18079791813900029
plot_19596,3,0.5840921288648917,1,0.06750536010633014,0.4863463097013367,5.979042747421738e-05,0.41590787113510846,0.021645406089792502,4.837149266565548e-25,0.008535262539958122
plot_19597,3,0.5939898240105997,3,0.11657393879967419,0.2608967386569436,0.00048355886902357514,0.40601017598940037,0.1349524805053909,8.070524524380149e-25,0.08108310717956738
plot_19598,3,0.3963481159713784,1,0.0002285511766540008,0.6036518840286216,0.13161832248567723,0.01262299229134433,0.03523195201559631,3.6390053604142213e-26,0.2166462980021065
plot_19608,3,0.6309433120934368,5,0.21196852944165892,0.007141601787670488,0.07014597533285592,0.0798917397187963,0.18875703886713485,0.3690566879065634,0.0730384269453203
plot_19609,3,0.10636384647380076,1,0.0,0.8936361535261992,0.0,0.0,2.2160320842002393e-14,0.10546299108463836,0.0009008553891402081
plot_19611,3,0.012765339073998103,1,0.0,0.987234660925995,0.0001894773920029179,0.006274954420119843,0.006174738660978686,0.00012616860090362082,6.024796897587088e-107
plot_19612,3,0.2970268118469904,1,4.6314509090359736e-05,0.702973188152954,0.146419009375043,0.0030374334411669567,0.04418675903356482,2.366294653294156e-27,0.10333729548818106
plot_19613,3,0.006939850339927841,1,0.0,0.9930601496600722,0.0,2.3883246667788607e-05,0.0007462571565785448,0.006070602852694331,9.910708398718422e-05
plot_19615,3,0.08330374028285839,5,0.0740815932454751,0.0,0.0031188783291039284,0.0,0.004987471259501963,0.9166962597171415,0.0011157974487773312
plot_19618,3,0.1831314873512615,1,0.015188126556978977,0.8168685126487232,0.07336394457982755,0.0,0.0798538534788523,3.7610309598496236e-26,0.01472556273561787
plot_19619,3,0.2048250613528131,1,0.0010726913282002367,0.7951749386471869,8.478505928161583e-05,0.17472872440567938,0.011950290706214034,3.597435236864548e-08,0.016988533879085502
plot_19621,3,0.05321123317392379,1,0.00036731801704243446,0.9467887668260763,3.254466685690531e-05,0.006467094650187718,0.046088470779177534,5.103447434856406e-05,0.00020477058631069165
plot_19623,3,0.6456225446328301,2,0.0017272947671063102,0.016864424328452213,0.5564670843739071,0.011975581227528736,0.05858815993568212,1.535343563746068e-13,0.35437745536717
plot_19625,3,0.6035128187415604,4,0.06529985385448894,0.0,0.39648718125843974,0.0022760668759465577,0.4000151745847583,0.06785875768696976,0.06806296573939667
plot_19627,3,0.008328246227553092,1,0.0,0.9916717537654138,0.00014484150258248815,0.0,0.008183404732003652,7.210987694625112e-21,5.09776585015321e-108
plot_19631,3,0.6269577592410622,1,0.0,0.4764488020277672,0.3730422407589377,0.00042135944004971087,0.09402868322425892,3.1529495975625627e-28,0.05605891454898643
plot_19640,3,0.6954742160212859,1,0.0023495693025893773,0.49908562201027173,0.0056048646054942435,0.3045257839787141,0.077903547309607,0.00027145326023111834,0.11025915953309251
plot_19643,3,0.4174107617955383,2,0.005180385096221606,0.14065924249475864,0.5825892382044617,0.1152397805144307,0.1549982276756289,0.000949312747656373,0.00038381326684205913
plot_19655,3,0.2761755291454922,1,0.0004960615669848167,0.7238244708542955,0.012253916802828455,0.0159480959552907,0.18147713518370306,0.0001216523937864097,0.06587866724311117
plot_19659,3,0.7011475785805757,6,0.0022822090281067646,0.16938320015043612,0.082069042651473,0.0,0.29885242141942425,4.443615374039767e-25,0.4474131267505599
plot_19666,3,0.42159586822693274,1,3.032517063392362e-05,0.5784041317729622,0.06553013210280399,9.320152167223874e-05,0.001057323972176286,1.6368305657995243e-21,0.3548848854597513
plot_19667,3,0.014648080616519576,1,0.003197862125753527,0.9853519193834506,0.0004809016628349375,0.0,0.010969316827960911,6.358556708689718e-22,0.0
plot_19670,3,0.438452354823997,1,0.017201562290314776,0.5615476451758812,0.0006499759454340529,0.0003654035307579095,0.03323709654773516,0.06346166053472073,0.3235366559751563
plot_19680,3,0.541603175874552,4,0.00558800326126522,0.4369780926346058,0.08314244897098812,0.0,0.4583968241254482,0.010175435643517772,0.005719195364175026
plot_19693,3,0.4000157542075387,4,0.0022499213429504773,0.048993028186854554,0.2619557216897549,0.012389291419168483,0.5999842457924612,6.403078420067427e-19,0.07442779156881019
plot_19698,3,0.35551011391164805,6,0.0003763208349758359,0.083939629108743,0.044076233494849404,0.1745643655693634,0.05255356490371628,2.1106441764775714e-16,0.644489886088352
plot_19700,3,0.12108041962508412,2,0.0,0.00020163227411963613,0.8789195803749159,0.012087527180288264,0.00041784819787872053,1.5919631408524385e-21,0.10837341197279754
plot_19702,3,0.6230092112408768,1,2.2177380180166076e-14,0.41127202649207634,0.37699078875912323,0.0,0.0008591138343899774,2.770169483506925e-26,0.2108780709143883
plot_19703,3,0.5259680118270219,2,0.4740319881729781,0.00716375583414603,0.4838354130915815,0.0030137556316298135,0.007156596345889273,1.0173500723374416e-17,0.024798490923775236
plot_19708,3,0.5095588878156176,1,0.09884026901859273,0.49044110910364547,0.0332626020404315,0.0,0.37383910969826323,0.00013407961474466866,0.0034828305243223274
plot_19713,3,0.2848742209965825,6,0.2236667738235127,0.008324978510340808,0.041408822355536334,0.0,0.011473646313298027,3.788821323328758e-11,0.715125778959424
plot_19723,3,0.025081428103203837,5,0.01718137886432252,0.0,0.00012520866769197956,0.0,0.0002682405827076258,0.9749185718967962,0.007506599988481761
plot_19724,3,0.7096904923663443,1,0.0,0.33307984929937046,0.09624028533924009,0.2903095076336557,0.22776987113207436,5.30312440313798e-23,0.05260048659565941
plot_19725,3,0.6996405470654226,0,0.3003594529345774,0.2908466665028191,0.027011391105143508,0.005184759038066225,0.12802289141752793,0.2485748390018658,7.914572883731021e-104
plot_19738,3,0.47003728111280724,1,0.08116838196445661,0.5299627188869445,0.34737257981916114,0.0,0.04149631932943765,4.131081138724473e-24,9.714950745357493e-105
plot_19739,3,0.19720133503247822,1,0.027644108154025914,0.8027986649675217,0.0052529897376658126,0.0,0.0004914115162911581,0.015054291211750281,0.148758534412745
plot_19743,3,0.7198609171956929,2,0.0,0.28181926417047587,0.4123533863069081,0.28013908280430705,0.025135245752626614,0.00029236336988198975,0.000260657595800314
plot_19749,3,0.47230445070666005,1,0.1334653243691565,0.5276955492896364,0.15747301828474178,0.0003920167431080259,0.10740106359359858,8.582782475490439e-13,0.07357302771890034
plot_19751,3,0.48594988511746956,2,0.00033113107952818186,0.2847376211165639,0.5140501148825305,0.04680070351483628,0.14867241188435149,2.9048532222575817e-17,0.005408017522189688
plot_19752,3,0.17493070484625217,1,0.14298009981723062,0.8250692951537468,0.0,0.0,0.020486500851831853,0.011119042839866556,0.000345061337324137
plot_19757,3,0.04830360959721348,1,0.0003352706346338026,0.9516963904027789,0.00634872591136593,0.0393230620516139,0.002296550999607517,2.664902460636178e-29,2.0704031897065252e-106
plot_19761,3,0.08451875345798752,1,0.0054927178462948496,0.9154812465420052,0.0017488609947775811,0.0634386211612018,0.010917569851331953,0.00021775260845376994,0.0027032309959347323
plot_19770,3,0.20032634983371675,1,0.17285709694744913,0.7996736501654245,0.0,0.0261007817666821,0.0008627877472937211,0.00017667838399843067,0.00032900498915197147
plot_19774,3,0.6224621769817166,4,0.0014365378555426067,0.19767447251749842,0.3775378230182834,6.0514419136456855e-05,0.4232207641792698,6.460324679583051e-22,6.988801026936766e-05
plot_19780,3,0.00040504893337399455,1,0.0,0.999594951066626,0.0,0.0004050489330872988,2.866821315604705e-13,2.0544282986201353e-28,0.0
plot_19781,3,0.6393078188744739,4,0.03609546679195982,0.3400416124893702,0.00017340488655392762,0.13654155501651064,0.3606921811255262,0.1150738625769357,0.011381917113143621
plot_19784,3,0.3339377156055382,1,0.008857429303462174,0.6660622843944617,0.1852386991037279,0.00048811657307871597,0.12177575050770398,0.0004933846813634429,0.017084335436202056
plot_19786,3,0.55272317667342,2,0.0040110610068028515,0.19123124495351884,0.44727682332658014,0.0003789955593833391,0.35308463383359767,0.00025650094412455577,0.0037607403759926626
plot_19791,3,0.6970322520690974,4,0.0006901613502349011,0.2907403784323297,0.30296774793090264,0.012563273765091717,0.367407606549387,4.438245285183931e-15,0.025630831972049586
plot_19792,3,0.03580357926133872,5,0.000995322133469496,0.0,0.0,0.0023122271829683766,0.0018709892119150857,0.9641964207386613,0.030625040732985782
plot_19794,3,0.25619005555419216,6,0.0001060277624653764,0.012132005914730874,0.23743950727221577,0.0,0.00651251460478017,2.56017727707199e-25,0.7438099444458078
plot_19796,3,0.5875312430553512,6,0.010814392702992845,0.267105279473817,0.0003685334457354957,0.01780220109551728,0.284252474433691,0.0071883619035974415,0.41246875694464885
plot_19797,3,0.11233978610551816,1,0.001341107978903207,0.887660213894047,6.317597678434929e-05,0.05969947237930481,0.05058841814775956,1.16450473925409e-10,0.0006476115067504972
plot_19800,3,0.177760242952762,0,0.8222397570472381,0.0038871751512796816,0.0013497707107322538,0.0,0.0005815751265452335,0.12976720646170226,0.04217451550250259
plot_19802,3,0.19924260459179885,2,4.135741120499318e-05,0.015076304420423953,0.8007573954082011,0.0019163290732779543,0.03878601905574735,3.4516778535085007e-19,0.1434225946311446
plot_19821,3,0.2336068147478199,1,0.0,0.7663931852515062,0.0,7.63083392414113e-05,0.23308950780214405,0.00044099860710844285,3.6231206203080196e-259
plot_19833,3,0.24223087936686952,1,0.09349791066582827,0.7577691206319235,0.004807226598952566,0.01464068295193043,0.1047507328835843,7.925132950784969e-26,0.024534326267781018
plot_19840,3,0.38664151423143855,6,0.07948779147067672,0.1948455001531025,0.011741616991098765,0.0068462187213620546,0.09372038689417767,1.0208293436719155e-12,0.6133584857685614
plot_19841,3,0.24488539060470416,1,0.10026047366989768,0.7551146093952958,0.1167150721441324,0.00025494669415879304,0.017804337970937847,1.1543216191119394e-14,0.009850560125565927
plot_19842,3,0.5600336875031651,6,0.06572596163103797,0.0013004657329337512,0.06916199368612025,0.14222367894600538,0.15139550787068914,0.1302260796363786,0.43996631249683493
plot_19845,3,0.5621359132500471,4,0.00364704130777796,0.384518774070284,0.17300254047428973,0.000894073109793351,0.4378640867499529,4.454446481566767e-22,7.348428790189303e-05
plot_19846,3,0.5857674010570463,0,0.41423259894295383,0.0,0.0013352311539100593,0.40841809404103846,0.0011780705877842267,0.11322003275822393,0.061615972516089565
plot_19847,3,0.64594760083675,1,0.0,0.4786463745480216,0.11506914092017526,0.0010579768464787274,0.35405239916325004,2.1981376753103295e-21,0.05117410852207442
plot_19848,3,0.564746327062345,4,0.005181880092930251,0.3967534323275112,0.12554037338528276,0.0013832401366400784,0.43525367293765516,7.735135870717098e-25,0.03588740111998071
plot_19851,3,0.3292075281201081,1,0.18972303604267277,0.670792471879728,0.034471215914964326,0.013306444822680782,0.09068989296926941,1.073893804582399e-21,0.0010169383706845896
plot_19856,3,0.5540800327228836,4,0.035413634528413174,0.25571118637663987,0.06983199447718369,0.00018569856052147695,0.44591996727711636,0.10576626368174595,0.08717125509837947
plot_19865,3,0.029734146713531598,5,0.006152302511463184,0.0008644527233012542,0.0,0.0,0.02271739147876717,0.9702658532864684,2.0776418618936012e-106
plot_19877,3,0.650494990964979,4,0.014740485999062374,0.33004900986879554,0.2502991197428813,0.042590495682093256,0.349505009035021,2.6761038153573465e-26,0.012815879672146547
plot_19884,3,0.23563457211687805,1,0.000727674972347743,0.7643654278821858,2.490471025119088e-63,0.0,0.2347134903535301,0.00019340679193648606,8.899766073688783e-104
plot_19892,3,0.08692316181594625,4,0.01698574680979161,0.002320216567569707,0.06446632398292085,0.0,0.9130768381840537,0.0029929769911408452,0.0001578974645232289
plot_19904,3,0.5254705569523719,4,0.0,0.17532854454353422,0.23309368588202667,0.0008109178950658388,0.4745294430476282,3.992968606715383e-22,0.11623740863174511
plot_19906,3,0.13009028991620838,1,0.0009158261900789423,0.8699097100836006,0.0007912686724618108,0.0,0.10955077394739651,4.1496097884614436e-12,0.018832421102312605
plot_19917,3,0.3335247518656812,6,0.13072915371699084,0.015457361762849271,0.17963584763114024,0.0,0.007702388754532226,1.6863121450153778e-13,0.6664752481343188
plot_19921,3,0.037478568044086974,1,2.7367052381729424e-66,0.9625214319557951,0.00523076529801343,0.019600842056531637,1.1963859086053138e-13,0.012646960689540188,4.457376975720812e-242
plot_19924,3,0.0018669014751442315,1,0.0,0.9981330985248558,0.0,0.0016826853603040455,0.00018421611484018376,1.1799906370141591e-24,0.0
plot_19929,3,0.4319654872266559,1,0.0003461534173555785,0.5680345127723785,0.22808703797750252,0.08845958263219499,0.10294612230500064,0.011914556704512377,0.00021203419105531813
plot_19930,3,0.6018921130927651,1,4.058155526306392e-16,0.39810788690723486,0.005887981558018599,0.11892143037555847,0.1337266319715287,0.34307251895396135,0.0002835502336974174
plot_19934,3,0.20400999310936632,4,0.007808398314878642,0.0,0.0012962256966827233,0.15190947039887137,0.7959900068906337,0.0389172829303143,0.004078615768619295
plot_19937,3,0.6193510145687406,4,0.0,0.12940233192910955,0.0017558429239939403,0.00018149503116715433,0.45193458659074603,0.03607675809372406,0.38064898543125936
plot_19938,3,0.5891336995635623,4,0.0130425192325184,0.07951756432188786,0.25035437815945116,4.696930469597051e-05,0.4108663004364376,0.0003315688907314631,0.24584069965427757
plot_19949,3,0.5561080585580286,4,0.022447263135981575,0.21348366695176982,0.16963876044862394,0.0047013550887273275,0.4438919414419714,0.012933231424841402,0.13290378150808452
plot_19958,3,0.07768981066397353,1,0.0,0.922310189335978,0.0,0.0709660199595723,0.006723790704449777,1.9400890200852155e-20,0.0
plot_19968,3,0.12384763066825334,2,0.01147499086499966,0.08060024415014547,0.8761523693317467,0.00706989404731219,0.01808510052005208,5.18489650005419e-15,0.006617401085738752
plot_1997,3,0.22197284499662126,1,0.0,0.7780271550032302,0.0007706800197886394,0.0,0.22072994374618726,0.00047222123079400315,5.651589147007223e-82
plot_1998,3,0.5632037147971426,4,0.09571521490798512,0.17091556279752576,0.13777313024384769,0.0,0.4367962852028574,0.13744850066330697,0.02135130618447695
plot_19989,3,0.5922084026076591,4,0.0,0.1599732156659613,0.12625936231468124,0.14896332843118193,0.4077915973923409,2.882365650010946e-21,0.15701249619583466
plot_1999,3,0.2423557877001544,1,0.010642818660547804,0.7576442122998455,0.06558832665104726,0.0,0.14872541912304632,0.011147072199623414,0.0062521510658895075
plot_19991,3,0.5197140297382477,2,0.0006008447050241879,0.017947568192879834,0.4802859702617524,0.14143302503165853,0.01657819973894574,0.004587824715378628,0.3385665673543607
plot_19997,3,0.4938435109482251,2,0.07784029567833355,0.05013498783241969,0.5061564890517749,0.0,0.2511446144354301,1.9189421881406575e-25,0.1147236130020417
plot_20,3,0.718788679662447,6,0.09026785848797585,0.05697445260685033,0.15253774255901875,0.06735564565413557,0.28121132033755314,0.000623441425345984,0.35102953892912037
plot_2000,3,0.1749834902801424,1,0.0004961808042392709,0.8250165097196954,0.06405525460606125,0.0,0.10628497654688049,0.0006047660224846393,0.0035423123006390043
plot_20000,3,0.15469036397068991,1,0.010427809778256537,0.8453096360291316,0.02814751491848154,0.0,0.04438073588323149,0.06989132764015253,0.001842975750746412
plot_20001,3,0.3370995630401472,1,0.001996722117318666,0.6629004369598528,0.07376137695939299,0.0,0.2577161107460304,0.0036253532174051004,1.5347586907102865e-261
plot_20009,3,0.44336580433646955,2,0.0,0.03891907620856319,0.5566341956635305,0.09306578401391032,0.0004683725586484517,1.5925289238912727e-33,0.31091257155534774
plot_20011,3,0.41157504870309614,4,0.050311994202447294,0.00012404887906746994,0.28882715785320956,0.042944652495895304,0.5884249512969039,0.029367195272476554,4.474353700814384e-82
plot_20017,3,0.04834052761394981,1,0.0,0.9516594723857891,0.0007762508319224912,0.0,0.046819747605289744,0.00074452917699873,2.35317525732259e-103
plot_20018,3,0.5906076590708915,6,0.09721484457894321,0.013971591831612867,0.1872396596999189,2.9295116048164845e-05,0.2323094193102292,0.05984284853413907,0.4093923409291086
plot_20019,3,0.36620072054940683,1,0.005948061016522755,0.6337992794504796,0.02147500716080425,0.0,0.3002465108105627,4.5098051784577817e-20,0.03853114156163058
plot_20026,3,0.6724447086332918,1,0.0010281642152508465,0.6223464622071132,0.025027968750436103,0.32755529136670825,0.013897833650109718,5.204576234799158e-24,0.010144279810381964
plot_20027,3,0.002072564828676189,1,0.0,0.9979274351712587,0.0,0.0016486581986656745,0.000292309696887158,2.0425496764386154e-25,0.00013159693318848305
plot_20071,3,0.5542309236950057,1,0.14035823603299635,0.445769076304541,0.20078045582372972,0.029064583044060475,0.13134666115026605,2.047860476297248e-15,0.05268098764440438
plot_20072,3,0.6303134458123186,4,0.03018505760295955,0.268045907705194,0.05574614451112625,0.004666419809549611,0.36968655418768137,2.9333680733331326e-14,0.27166991618346
plot_20103,3,0.003689367129136257,1,0.0,0.9963106328708637,0.0,0.0,0.0014831726206691867,0.002148991321851225,5.720318661584628e-05
plot_20104,3,0.006655669341469215,1,0.0,0.9933443306481694,0.0,0.0,0.00034618769026464684,0.006309481661565948,3.0635057451214276e-108
plot_20105,3,0.01736991792129435,1,0.0001015945418799233,0.9826300820782513,0.00038258677278591016,0.0,0.015632569298959256,0.0004741984365101423,0.0007789688716134627
plot_20109,3,0.007584308531127399,1,0.0,0.9924156914665708,0.0,0.0,0.0003164663232115935,0.00726784221021756,2.8004935720953228e-108
plot_20110,3,0.008485270905936145,1,0.0,0.991514729093822,0.0,0.0,0.0003122698776552473,0.008173001028522824,2.763358134467145e-108
plot_2017,3,0.48854741649394123,4,0.07302465516228746,0.08154081741020211,0.07388652867701684,0.0,0.5114525835060588,4.622203140960191e-15,0.26009541524443025
plot_2018,3,0.4353110005035207,6,0.027145026980046224,0.0120670467379004,0.0529860232073177,0.0,0.34311290357825563,7.79682830205479e-16,0.5646889994964793
plot_20326,3,0.26956594534220013,4,0.0004828966952856893,0.10636292585881765,0.016316677544197883,0.13796220539175785,0.7304340546577999,0.008441239852141078,4.396548632703855e-82
plot_20327,3,0.3465404812980438,4,0.0003864816393600404,0.19577299799706607,0.021891238416890366,0.12172174408231654,0.6534595187019562,0.0067680191624108765,4.4797902075161506e-82
plot_20328,3,0.5917862797060304,4,0.0,0.40821372029129666,0.13687159702423088,0.027972091777913124,0.4265223569844845,0.00042023392207486747,1.7935235492627152e-81
plot_20329,3,0.4522770182715956,4,0.0,0.2400052562555134,0.20140908394424317,0.010862678071839011,0.5477229817284044,9.10170503550694e-22,8.869030740547556e-81
plot_20330,3,0.39107615113998084,4,0.0,0.14184385153555906,0.24485895348451286,0.0043733461199088886,0.6089238488600192,9.102081079326254e-22,1.1661652216582338e-80
plot_20331,3,0.7265738549591937,1,0.09460070709921128,0.6163962111733367,0.000251870391254775,0.2734261450408063,0.014591101517638616,0.00023979525212804512,0.0004941695256243659
plot_20332,3,0.1979888603130519,1,0.06553671325395964,0.8020111396869481,0.00047332416163796935,0.10394810630355752,0.026804734328494177,0.0002434678191083783,0.0009825144462942217
plot_20333,3,0.1577949901342559,1,0.11276592504173832,0.8422050098657441,0.00012786702852397852,0.0022356644124240793,0.018706825395924824,0.02395870825564475,1.9973648302810175e-106
plot_20334,3,0.5704197404793097,1,0.4295802595206504,0.5177632235189623,0.0025490987661878793,0.005261086417592014,0.002241909239732706,0.04233470504711588,0.00026971748975872803
plot_20335,3,0.22042673930396792,1,0.12410574894530615,0.7795732606960322,0.00020957339043373526,0.0021413812943789513,0.007844478598789204,0.08612555707505991,1.9454480932024746e-106
plot_20336,3,0.24913377391324784,1,0.12194373637159876,0.7508662260867521,0.0,0.057717566616568586,0.06381621822654711,0.00010849357781772336,0.005547759120715669
plot_20337,3,0.15165462376772332,1,0.11816802661934847,0.8483453762322758,3.0397295230798844e-05,0.02255693943069473,0.009053796284959548,0.001574639854198482,0.0002708242832923214
plot_20338,3,0.1646187894294636,1,0.07758884139384471,0.8353812105705355,0.0005159031845011694,0.06647097427652192,0.015861195354018785,0.0035921297375758675,0.0005897454830022107
plot_20339,3,0.1823952727963149,1,0.08254121600676953,0.8176047272036852,0.016176281342790245,0.05109655068235469,0.026586410781307086,0.0004901312764441603,0.005504682706649216
plot_20340,3,0.282494199596078,1,0.1055616734001632,0.717505800403922,0.0,0.10141786216738287,0.06896821211099365,9.393135206271842e-05,0.006452520565475668
plot_20341,3,0.18247619139722523,1,0.10819294115578129,0.817523808602761,3.145458258735649e-05,0.06271589973934892,0.009870582883346078,0.0013751928075146538,0.0002901202286605389
plot_20342,3,0.16820733671704108,1,0.10442598822889779,0.8317926632829582,0.00463251206214527,0.04609520195460966,0.002929529299456635,0.009564460844523162,0.0005596443274092698
plot_20343,3,0.23455322214122637,1,0.11107020799876681,0.7654467778587726,0.0,0.049896647306869046,0.06733554180935493,0.00012470947216073643,0.006126115554075745
plot_20344,3,0.6853838896347596,1,0.31461611036521864,0.547482119288872,0.0001355301213342235,0.068425742704499,0.0630107608478188,0.0012648709235494535,0.005064865748707949
plot_20437,3,0.025338554978480907,2,0.0,0.0009818926013080002,0.9746614450215191,0.0,0.02435666237717289,2.2446231226327446e-24,2.519205192532052e-106
plot_20441,3,0.024322201900861783,2,0.0,0.0009278761546096212,0.9756777980991382,0.0,0.02339432574625218,2.1300607879024183e-24,2.390811657960188e-106
plot_20446,3,0.6929236477408792,1,0.0,0.5868098502799318,0.30707635225912083,0.0,0.10611379746094735,1.3317629846128253e-21,1.8226974059468407e-255
plot_20447,3,0.11819405292269836,1,0.0003148813991062724,0.8818058459274644,0.10787950440159647,0.0,0.00956636329294555,0.0001445378252011952,0.0002888671536861566
plot_20448,3,0.11632686211797896,1,0.00845395154946917,0.8836731378820211,0.08358137190779631,0.0,0.01256272256831,0.004334725788368077,0.007394090304035441
plot_20449,3,0.11141911328465252,1,0.00794912118466364,0.8885808867153475,0.07308529098005906,0.0,0.019309299474326143,0.004077666759102086,0.006997734886501653
plot_20450,3,0.13340303405659573,1,0.0,0.8665969659430832,0.11742484225021226,0.0,0.01588648087782692,4.899845373919485e-21,9.171092887757786e-05
plot_20451,3,0.055780401183360154,1,0.0005410842546229843,0.9442195988166399,0.052417887953418986,0.0,0.0020766767904741345,0.00024837015344758746,0.0004963820313964797
plot_20452,3,0.18830367998916564,1,0.00013750993248282694,0.8116963200108342,0.17142658955470144,0.0,0.016550310860923796,6.312023079497007e-05,0.00012614941026250836
plot_20456,3,0.06312444934836867,1,0.0005340420218692722,0.9368755506516313,0.04804758020294432,0.0,0.013680536236058428,0.0003719103897048289,0.0004903804977917961
plot_2057,3,0.7038348956802607,1,0.2961651043197392,0.30404607197508504,0.21578547664757847,0.0,0.16404144469918253,1.1991818967750133e-25,0.019961902358414843
plot_2080,3,0.44112782661191724,4,0.00022684448963923112,0.3805139789296603,0.045429288376561495,0.0,0.5588721733880828,0.0004937624143546517,0.014463952401701587
plot_2081,3,0.24874238196148835,1,0.0003735632286395592,0.7512576180369848,0.08117301298663307,0.0,0.16121412917459885,0.0006234138844857808,0.005358262688657975
plot_2083,3,0.5885575741191821,4,0.013860695065949027,0.2728134837443499,0.3018833953088832,0.0,0.4114424258808179,6.019648059242321e-19,1.2520377273722433e-261
plot_2084,3,0.6572629420494144,1,0.01353402232212599,0.6437289197272884,0.0,0.0,0.3427370579505856,5.03614465455509e-19,4.117835124306358e-261
plot_2091,3,0.5930794629890059,1,0.09117863325893662,0.4536081423665197,0.012334259439740581,0.0,0.406920537010994,9.285687605602786e-20,0.03595842792380919
plot_2092,3,0.16273120715936104,1,0.0,0.8372687928405693,0.005505184203275081,0.0,0.15716903679168903,3.028511427227919e-19,5.698616446662567e-05
plot_2093,3,0.1693384931162537,1,0.0,0.8306615068837463,0.00037382301978685815,0.0,0.16896467009646682,3.2942373247771662e-19,4.3768398749750186e-105
plot_2094,3,0.516163691548991,1,0.00017093101442102222,0.48383630845100917,0.14387732637399095,0.0,0.3600415134001465,0.0003720580142901931,0.011701862746142223
plot_2095,3,0.017376051101778325,1,8.659733279527178e-05,0.9826239488982217,0.00014791849464603385,0.0,0.017141535274337035,4.758029874445852e-22,5.183537858665951e-105
plot_2096,3,0.19059613950334814,1,0.0,0.8094038604966518,0.0003901824464021888,0.0,0.19020595705694593,3.534046900787498e-19,8.626251898344625e-105
plot_2097,3,0.42895947569117676,2,0.1131468652838436,0.14309509488064637,0.5710405243088232,0.0,0.05903907728227938,0.0001361748025173843,0.11354226344189006
plot_2098,3,0.2269137971037101,1,0.13426822238014574,0.7730862028962717,0.0,0.0,0.08512828281751285,1.816134635216178e-14,0.007517291906051519
plot_21,3,0.5403150772844214,6,0.32602819358865137,0.12236105308236055,0.05893033979722933,0.018177067960549916,0.014818422855630184,2.946899793610712e-17,0.45968492271557865
plot_2100,3,0.24993382043152235,1,0.05216576841735668,0.7500661795684777,0.00013184933519482295,0.0,0.197262567345168,0.0003736353338028768,2.1964897685089524e-261
plot_2101,3,0.22497940371257608,1,0.011202175732895779,0.775020596287424,7.301670408601908e-05,4.333857568466979e-05,0.21308819656459546,0.000572676135314231,2.5085710361811613e-261
plot_2102,3,0.475832176659674,4,0.0004042500815385494,0.4741306782436301,0.0006905069889748791,0.0,0.5241678233403261,0.0006067413455305114,7.913572691999084e-108
plot_2112,3,0.30280025065652505,1,0.0,0.6971997493174347,0.007381906177013879,0.0,0.2954183445055515,3.111492286323539e-19,6.852986060368013e-104
plot_2113,3,0.49317179808535716,4,0.0,0.4897798759759042,0.003391922109452927,0.0,0.5068282019146428,7.549392477780525e-19,3.321605490507221e-104
plot_2114,3,0.3730025631167805,4,0.0,0.3715437636967507,0.00038859804153542813,0.0,0.6269974368832195,2.358130824077566e-13,0.001070201378258616
plot_2115,3,0.3302345603603057,1,0.0,0.6697654396381596,0.00605270647688797,0.0,0.3241818538849526,3.9193156768779016e-19,6.253986927527046e-104
plot_2116,3,0.4703425529360231,4,0.0,0.4145355226544938,0.05580703028152932,0.0,0.5296574470639769,4.0824890139875468e-19,1.4342546666065203e-103
plot_2117,3,0.2028068167043492,1,0.025941056445787564,0.7971931832951384,0.0004657812076686087,0.0,0.13513142623346186,6.870467111569185e-15,0.04126855281793661
plot_2118,3,0.12472842215382407,1,0.0007637722762160104,0.8752715778459644,1.7589853119644756e-05,0.0,0.1203584051967346,5.53026347113908e-16,0.003588654827964823
plot_2119,3,0.08420790293008032,1,0.012001373016772145,0.9157920970699196,0.009992120547277225,0.0,0.05967872469670139,6.666670907960542e-22,0.0025356846693294502
plot_2120,3,0.30417823018399365,6,0.09795205404393342,0.003726446363642634,0.12346647539479741,0.0,0.00010254327995805656,0.07893071110166215,0.6958217698160064
plot_2121,3,0.3332498374393339,4,0.06801578843427594,0.08772441979156842,0.03505174458620712,0.0,0.6667501625606661,0.006437762395277896,0.13602012223200446
plot_2130,3,0.6948362374864125,1,0.00822159937378874,0.624846168493315,0.05470301560481211,0.004324367830952159,0.30516376251358734,0.0027410861835445582,1.5081364906738205e-108
plot_2131,3,0.3034403351672353,1,0.20471717513550206,0.6965596648324434,0.013256799811434771,9.280612490631303e-05,0.08074411651114703,0.0046294375845662905,7.12871073011783e-282
plot_2132,3,0.2787859647821277,1,0.19262257735365712,0.7212140352178507,0.004878492522666866,8.730632627063458e-05,0.0760971657684365,0.005100422811118262,6.244585673464938e-282
plot_2133,3,0.11406413549083189,1,0.02268240660198498,0.8859358645090812,0.004680316964257398,8.573918131062315e-05,0.08134124989858961,0.005274422844776176,1.9388944160037914e-107
plot_2134,3,0.0939375301430141,1,0.0012022699613940522,0.9060624698568857,0.004174922465404347,7.957049228944877e-05,0.08780920506732855,0.0006715621566979009,1.2412858450880053e-106
plot_2135,3,0.08832270167108097,1,0.00016236286499348503,0.911677298328919,0.004433189371054066,9.139718869549902e-05,0.08314804660233781,0.00048770564400007463,1.4190638983629581e-106
plot_2136,3,0.12226935791845905,1,0.00018607890534168834,0.877730642081541,0.006927300483915253,0.00010474740529152782,0.11499331240132651,5.791872258405862e-05,1.4105805463337411e-262
plot_2148,3,0.7124656843103176,6,0.11795719102326115,0.056921833865474794,0.28753431568968235,0.0,0.14067025605484434,4.174240066720226e-14,0.3969164033666957
plot_2154,3,0.13110711826401292,1,0.00021085314141809522,0.8688928817359871,0.007764471119793111,0.00011869330067562968,0.12294747077711475,6.562992501136525e-05,1.616269597362438e-262
plot_2155,3,0.21941058231894212,1,0.006301508223487955,0.7805894176810579,0.01060855851054373,0.014895045051954544,0.182948866177083,0.0046566043558729665,1.2667820723115317e-284
plot_2156,3,0.045608539899704724,1,0.001368460575199674,0.9543914601001896,0.0011823422330401309,0.0,0.017120836179416614,5.715038739793648e-12,0.025936900906438954
plot_2157,3,0.4261754594255467,1,0.0009561100003883748,0.5738245405740418,0.022105452485862535,0.0,0.39942699306041834,7.628811279689106e-24,0.0036869038792890223
plot_2158,3,0.4536861057415119,4,0.01059929104786593,0.3463472545563431,0.08638932151140466,0.0,0.5463138942584881,8.114106495870098e-23,0.010350238625898248
plot_2162,3,0.32278601469748247,1,0.03921218278498842,0.6772139853025175,0.03522491022870308,0.0,0.010622724911373577,0.0030968507130333433,0.23462934605938407
plot_2163,3,0.2945389427349117,1,0.023374370081869204,0.7054610572089783,4.52320680075866e-63,0.0,0.27004106250230253,0.0011235102068499593,1.1243060601937175e-261
plot_217,3,0.4595053832151979,6,0.006335708919422193,0.018254148967450604,0.14515271418082304,0.0,0.28976281114750213,1.5761004193752245e-21,0.5404946167848022
plot_2170,3,0.5780535248104305,1,0.0005078336483394989,0.5201230549404082,0.02807330074331541,0.0,0.4219464751895694,6.058741881561667e-23,0.029349335478367378
plot_2171,3,0.4032537948361255,1,0.0012824875253947133,0.5967462051637958,0.021682554635737112,0.0,0.37858998563433244,5.604259072700334e-24,0.0016987670407398985
plot_2178,3,0.6923305846677925,2,0.13957448694978553,0.2580661852858953,0.3076694153322074,0.0,0.09802494634145431,0.08079157485349392,0.1158733912371635
plot_2179,3,0.7092497689848014,1,0.00023263448638213862,0.40325556146894287,0.2907502310151987,0.0,0.24370685442709655,0.0005063652453704007,0.061548353357009415
plot_218,3,0.4551922152153731,4,0.031705971902750034,0.004592599525200755,0.15881315055665898,0.0,0.5448077847846269,0.0008175555785621893,0.25926293765220115
plot_2180,3,0.4083613838712962,1,0.00032684627207546214,0.5916386161287038,0.032307598686535814,0.0,0.3736520350537497,0.0007114318918548568,0.0013634719670804628
plot_2181,3,0.17058192860043286,1,0.021390122578346313,0.8294180713994662,0.018782665798169073,0.0001414815572864334,0.13001196601944956,0.0002556926472824388,7.275064696825573e-283
plot_2182,3,0.12173264296365294,1,0.0007914804462376768,0.8782673570363471,0.006083628830689465,0.00013755398100664127,0.11451476306712025,0.00020521663859889467,6.666180702474724e-108
plot_2183,3,0.11210675098321447,1,0.0009763527193031987,0.8878932490167856,0.00546711125357766,0.00010486652642873404,0.10540560776888634,0.00015281271501858161,2.237120051887824e-108
plot_2184,3,0.15726807811650495,1,0.0017528705544458511,0.8427319218833735,0.0178470404474599,0.00014721241003219076,0.13743955550712506,8.139919756346243e-05,5.916802640280503e-284
plot_2185,3,0.1499334207465961,1,0.0004307413491238156,0.8500665792534039,0.007000445576568088,0.0006399743567839356,0.14165229694884907,0.00020996251527116767,5.685542608521652e-264
plot_2186,3,0.15080035910595968,1,0.00044941673933076226,0.8491996408940403,0.007260257512820232,0.0007140029032840809,0.14191031000236493,0.00046637194815966047,7.598286903479016e-285
plot_219,3,0.38511403132055666,6,0.013842218331591624,0.029346637700575513,0.0844853976833517,0.0,0.2574397776050379,2.4576328718029625e-23,0.6148859686794433
plot_2193,3,0.5259503509044823,6,0.2216086221429962,0.013460235401050572,0.22242680639124757,0.0,0.06845468696918787,7.994407533134562e-17,0.4740496490955177
plot_2199,3,0.0011291207807202378,0,0.9988708792192619,0.00011687200353341942,0.0,0.0,3.55850077956048e-16,0.000530532940331478,0.000481715836872986
plot_220,3,0.39573606735638184,6,0.016194775678992326,0.13598745226631512,0.1660177053313022,0.0,0.07753613407974798,2.4270267424269573e-14,0.6042639326436182
plot_2200,3,0.480415910442059,4,0.020777522495063018,0.016440170641692647,0.032467771689218085,0.0,0.519584089557941,0.0051655004030335796,0.4055649452130518
plot_2201,3,0.6933033181166764,1,0.0014828505566159983,0.6842625520165908,0.0,0.0,0.30669668188332355,1.1723850106211268e-15,0.007557915543468477
plot_2203,3,0.045860961977014815,1,0.0,0.9541390380174297,0.0008844341932082118,0.0,0.044899828086116575,3.396878847791324e-27,7.669970324553934e-05
plot_2204,3,0.3554872513902856,4,0.02560506735969984,0.07344497903363778,0.05021982215177683,0.0,0.6445127486097144,0.01052923262116816,0.19568815022400302
plot_221,3,0.2858928938026384,6,0.017798705342574047,0.04497167456557796,0.11930308611591398,0.0,0.10381942777142725,7.145183820114896e-12,0.7141071061973616
plot_2210,3,0.7108663177842578,1,0.2891336822157422,0.5472781471717079,0.009242252838743314,0.0,0.15369982855020153,0.0006460892236051976,1.893036600846159e-262
plot_222,3,0.39315023840642677,6,0.08586418579553222,0.026178597152303952,0.24221238731126657,0.0,0.038895068147324095,1.437896230145412e-23,0.6068497615935733
plot_2220,3,0.024500617935857262,1,0.0001421510737770341,0.9754993820641428,0.00024281085995022986,0.0,0.02411565600213004,7.756361389113802e-22,1.5166194769433412e-264
plot_2222,3,0.49457021015171454,1,0.05414098709366058,0.5054297898480998,0.16008465874541178,0.0,0.2803445643128279,3.4647312460780976e-19,7.225983033120095e-262
plot_2223,3,0.6553641002363202,1,0.0,0.6553641002363202,0.0,0.0,0.3446358997636798,4.1888456923413035e-19,1.3055172906466832e-103
plot_2224,3,0.10909138918693147,1,0.0034084908860594946,0.8909086108128137,0.003970802435163418,0.0031201415802255593,0.08701354267199801,0.011578411613739714,1.5728984919014478e-262
plot_2225,3,0.6567020347694288,4,0.07001794239494395,0.2449325682498613,0.0963692720825209,8.558974948925295e-05,0.3432979652305712,1.7284633878409453e-13,0.24529666229244068
plot_2226,3,0.5348887337545164,1,0.03799060538788752,0.46511126624506116,0.024037667057625757,0.00015543697845659906,0.3156725043514972,4.22493430241568e-13,0.15703251997904938
plot_2227,3,0.2913310961924712,4,0.0008512344682476609,0.16321495765012944,0.09051917118641997,0.0,0.7086689011079097,3.346192338744535e-17,0.03674573558729322
plot_2228,3,0.16580601758843466,6,0.09039531854317895,0.0008214572963041748,0.019773335172104334,0.0,0.05481590657684717,6.842204549962689e-17,0.8341939824115654
plot_223,3,0.5969533653598371,6,0.014630985582629732,0.015245642226087538,0.4030466346401629,0.0,0.015696720645359482,5.302113291120433e-14,0.5513800169057074
plot_2238,3,0.010497673896306327,1,0.0,0.9895023261036937,4.4464811580582096e-05,0.0,0.008085459845604912,0.0004356737231242852,0.0019320755159965858
plot_2239,3,0.0029129336207018046,1,0.0,0.9970870663792982,0.0001493081903194755,0.0,0.0012578308854985672,0.001505794544883792,1.3096746316932675e-108
plot_224,3,0.37093707791175745,6,0.002409871667632246,0.028634284095735964,0.31499239756754477,0.0,0.024900524580525517,3.1899617202059264e-13,0.6290629220882425
plot_2240,3,0.0025443090980256074,1,0.0,0.9974556909019744,0.00011179476670580528,0.0,0.001017020107688115,0.0008092932103167311,0.0006062010133149529
plot_2241,3,0.018463718294980544,1,0.0,0.9815362817050195,0.0005189096131413187,0.0,0.007953634284623375,0.009991174397215887,4.799757907923275e-100
plot_2245,3,0.33356413595344325,6,0.10822197899000535,0.0032699628831443363,0.19590073682872577,0.0,0.00018472749489705363,0.025986729756670733,0.6664358640465567
plot_2246,3,0.6570762476672527,6,0.3429237523327473,0.03505727499501826,0.022806180872930834,0.0003486300768736578,2.0850702854065334e-14,0.10606421681876843,0.4927999449036407
plot_2247,3,0.13909246739631648,6,0.07956622235120929,0.00058974629714391,0.018589750366225493,0.0,0.04034674838173769,4.296031441606237e-17,0.8609075326036835
plot_2248,3,0.729067359803864,6,0.27093264019613617,0.04978424486005412,0.02594541783667474,0.0,0.20122930750685136,1.8222590219677846e-16,0.45210838960028343
plot_225,3,0.40480477597470854,4,0.0002712459652061753,0.0701680537824795,0.01636000170627849,0.00020869619731751207,0.5951952240252915,0.01693685537549537,0.3008599229479315
plot_2258,3,0.003007522927147825,1,0.0,0.9969924770728522,0.00023867747180026202,0.0,0.0010435680578960095,0.0017252773974515904,2.093587962620392e-108
plot_2259,3,0.050962554016554855,1,0.0,0.9490374459834452,0.006637288531811371,0.0,0.01365456805978331,0.030573679921574337,9.70175033858828e-05
plot_226,3,0.21447927927624358,1,0.0017438984570157506,0.7855207207236492,0.11263605039562699,0.0,0.0729419071251412,4.049570302627978e-05,0.027116927595540723
plot_2260,3,0.6892991446461483,5,0.19756755394076478,0.03500165023565789,0.22922692250985147,0.0,0.1926598836371994,0.3107008553538518,0.034843134322674725
plot_2261,3,0.4291384620080161,6,0.12283897494070842,0.012651724761911827,0.03457507133737324,0.0,0.2590726909680223,2.612802706050525e-16,0.5708615379919839
plot_2266,3,0.3172940354441618,6,0.015158442954168079,0.10231328426829887,0.06311745994797303,0.0,0.13670484827372187,2.152062921071478e-25,0.6827059645558382
plot_2267,3,0.25054846217465865,6,0.0066273346746689756,0.05430908927141849,0.07211175530071529,0.0,0.11750028292785591,6.34917030394002e-25,0.7494515378253414
plot_2269,3,0.2923293018110818,1,0.15678877451165127,0.7076706981887969,0.00045242245805692677,6.0443176219897775e-05,0.13233450258379217,0.0026931590814829854,1.3020301827239595e-262
plot_227,3,0.1852200624234816,1,0.00022980031510502319,0.8147799375765183,0.07275294989388754,0.0,0.0901606452767777,0.00025393077240428813,0.021822736165306982
plot_2270,3,0.2079189440683497,1,0.08545535586582968,0.7920810559316503,0.00015946873816161168,0.0001429019013455982,0.11666563305498727,0.005495584508025551,1.2436315571118086e-262
plot_2271,3,0.112555452543877,1,0.05617872988433524,0.887444547456123,0.00018456504589413832,0.00016633775362850163,0.05049346866984729,0.0055323511901718,2.563988779014515e-262
plot_2272,3,0.06701171178488086,1,0.010227270020320634,0.9329882882151191,0.00022451909188084422,0.000689957916116235,0.04214130284833722,0.01372866190822595,2.8261418858628413e-262
plot_2273,3,0.1650288347306617,1,0.015838803491492224,0.8349711652690596,0.0003230629566261837,0.013251355047584644,0.024490246299624464,0.11112536693561276,7.8641551353172876e-264
plot_2274,3,0.7163315175343643,1,0.10480793604420613,0.5400016598432462,0.00013304635754684437,0.05389020512272701,0.01749867016666652,0.2836684824656073,0.0
plot_2275,3,0.712595166903078,1,0.28740483309692105,0.46879878193120716,9.930665344966226e-05,0.08624323302036571,0.016176829540579734,0.1412770157574767,0.0
plot_2276,3,0.04751940748572774,1,0.012426203465359272,0.9524805925142723,0.006064539887272943,0.0,0.028625230950744467,1.202379466114009e-20,0.0004034331823511032
plot_2277,3,0.030798286461995686,1,0.005283281441652824,0.9692017135380043,0.0026460571785705492,0.0,0.02264170952228555,6.180726389274862e-18,0.0002272383194867666
plot_2278,3,0.7089962904889393,1,0.003227684251965635,0.5879938064342297,0.019833221717781773,0.29100370951106075,0.0009526691889779988,0.00026313447541672253,0.09672577442056748
plot_2279,3,0.29944389098704693,6,0.0017969945088242895,0.026071491605734985,0.1436055230040337,0.0,0.12796988186845396,2.5022278612073434e-22,0.7005561090129531
plot_228,3,0.15181559557648316,1,8.992752791071403e-05,0.8481844044235167,0.019756477914469772,0.0,0.08274473129672004,0.0014384360702753508,0.047786022767107195
plot_2280,3,0.17604842400361956,1,0.00071653099290292,0.8239515759915054,0.03319452485587694,0.0,0.14031830467141942,0.0008907152694186665,0.0009283482188767017
plot_229,3,0.6874861680328901,6,0.3125138319671099,0.01019910864160035,0.2135373377952529,0.03855068542346705,0.041906871352816004,1.028681239783472e-12,0.383292164818725
plot_2293,3,0.4650202080276753,2,0.1491640373693277,0.001317831633874223,0.5349797919723247,0.0,0.014223291845068743,0.0001697425420308273,0.30014530463737377
plot_2294,3,0.3188105187755046,6,0.07182174967886398,0.15215118429703042,0.07531499027201677,0.017351162979215375,0.001777949861324795,0.0003934816870532348,0.6811894812244954
plot_2295,3,0.4935566128958991,1,0.010184707740927395,0.5064433871041009,0.011675895447482777,0.0,0.2345605974279681,1.7628035033261948e-14,0.23713541227950308
plot_2296,3,0.34908480847211254,6,0.05902184519467187,0.042211859344911166,0.14871321931543857,0.0,0.09913788461679023,3.0070604271976137e-13,0.6509151915278875
plot_2298,3,0.4851481980112482,6,0.1906146078622289,0.21633197878140664,0.003309232977489398,0.0017250191644820048,1.824105533526255e-08,0.07316734098458592,0.5148518019887518
plot_230,3,0.4360770741963297,6,0.1458627362440838,0.08393954668763273,0.08139051559417437,0.0,0.12488427566936705,1.0717413153486955e-12,0.5639229258036703
plot_2306,3,5.870486765226495e-14,0,0.9999999999999413,0.0,0.0,0.0,0.0,5.867893732999689e-14,1.0334897760454503e-186
plot_2307,3,0.0011871646160753213,0,0.9988128353839247,0.000122879951881001,0.0,0.0,3.741429866356829e-16,0.0005578056352934467,0.0005064790289005561
plot_2308,3,0.4738870540247988,4,0.06891121762242164,0.2888283310554388,0.010041843440842729,0.05315783728120472,0.5261129459752012,0.00023733932286414624,0.052710485302026724
plot_2309,3,0.4863224595795666,1,0.017027719464354597,0.5136775404204333,0.013072829350495092,0.06570199905133306,0.36294662838454783,9.93239682436693e-16,0.02757328332883502
plot_231,3,0.6361124776176933,2,0.18566970666246593,0.04263766019634945,0.3638875223823067,0.0,0.3591288452884493,6.992132514194979e-22,0.04867626547042874
plot_2310,3,0.4867167132891681,4,0.061371353459378344,0.30385944411361915,0.010171714644443238,0.05366528432544061,0.5132832867108319,0.00021608118024851365,0.057432835566038294
plot_2317,3,0.010087289670107205,1,0.0,0.9899127103298928,2.3563538840348698e-05,0.0,0.009863388375796502,2.487674420326638e-17,0.0002003377554703454
plot_2318,3,0.22671423621925427,1,0.0009608245247480564,0.7732857637807458,0.007716861256692605,0.0,0.21021408011047185,2.348257957312037e-24,0.007822470327341768
plot_2319,3,0.14331079838376184,1,0.00010469241347821676,0.8566892016162382,0.0026060945130097772,0.0,0.13795248180682051,1.6627041776547735e-24,0.002647529650453389
plot_232,3,0.6889344832186299,0,0.31106551678137007,0.004201034705659609,0.25802394315961463,0.0,0.3048526453585749,4.277350264252069e-22,0.1218568599947808
plot_2320,3,0.15873774194074697,1,0.0,0.841262258059253,0.002986403337609951,0.0,0.1526431417232007,2.1519225914279454e-24,0.0031081968799363522
plot_2321,3,0.5177626230257135,4,0.03282320237329031,0.3221009558644594,0.0814189373295241,0.0,0.4822373769742864,4.234260063164451e-25,0.08141952745843983
plot_2322,3,0.014755276730271223,1,0.0007000161735529551,0.9852447232697288,0.00039035901341371264,0.0,0.013438796768361027,2.2333738486051103e-17,0.0002261047749435173
plot_2323,3,0.0005675448311783393,1,0.000567525189319019,0.9994324543376011,0.0,0.0,2.0473079903242023e-08,8.81685492844244e-22,3.150349989311883e-284
plot_2324,3,0.000842234233091159,1,0.0008422079728764912,0.9991577657669088,0.0,0.0,2.6260214672158512e-08,1.3084221622508582e-21,4.6751226699444055e-284
plot_2326,3,0.002012158143403418,1,0.002012118653576315,0.9979878418565966,0.0,0.0,3.9489827134678304e-08,3.1125969888730904e-21,1.1212971806760223e-283
plot_2329,3,0.7063926058544858,4,0.2936073941455143,0.17465791429269018,0.0010259887904406958,0.0058303419539401215,0.41938043093235544,0.0003548495361207852,0.10514308034893857
plot_233,3,0.3892890376597543,4,0.11465126273888462,0.005042767519793765,0.16575780294809403,0.0,0.6107109623402457,0.0012501620236628468,0.10258704242931903
plot_2330,3,0.5680009627778393,4,0.07680258428277496,0.3089003601299368,0.011288223871207018,0.0003104791094582568,0.4319990372221607,5.81108604962574e-05,0.17064120452396606
plot_2331,3,0.5383936190490569,1,0.08420403137741077,0.46160638095053835,0.013203242091507746,0.002817231259289914,0.37131022946343323,1.2242196856225883e-13,0.06685888485769763
plot_2335,3,0.6854127360810852,0,0.31458726391891484,0.06865656522540688,0.21651612942676507,0.0,0.10580606504447235,0.16457964008232956,0.1298543363021114
plot_2336,3,0.6620419278024607,6,0.1453676815410783,0.32329029986588403,0.13976287599915838,0.0,0.021128123144296303,0.0324929474723875,0.3379580719771955
plot_234,3,0.6602187528802187,4,0.024469419808297022,0.020693932292164763,0.3397812471197812,0.0,0.40799985065310673,1.544099933358758e-21,0.20705555012665028
plot_2341,3,0.15031776476890696,1,0.000446022056514697,0.849682235230575,0.0001033402871315807,0.0,0.14919832891017742,8.397548466450056e-17,0.0005700735156013742
plot_2342,3,0.05065979613543307,1,0.0033189665544301286,0.949340203864567,0.0005739747496846869,0.0,0.046561743372414324,2.2938998766596565e-17,0.00020511145890393873
plot_2343,3,0.6005842355051101,2,0.15920458828924636,0.01417603839130277,0.3994157644948899,0.0,0.26627187033975835,1.065350900221739e-18,0.1609317384848025
plot_2344,3,0.5193960933289256,2,0.16351981470721558,0.047421379454829785,0.48060390667107444,0.0,0.08485119131375429,1.2368980454391522e-16,0.2236037078531258
plot_2347,3,0.4498013880829357,4,0.0009795487894216932,0.1381270654601729,0.1534012111415215,0.0,0.5501986119170643,0.006030664257454707,0.1512628984343649
plot_2348,3,0.5397137517396344,1,0.011768393224387325,0.463957467524974,0.061046235899184786,0.0,0.46028624826036557,3.5108105691103156e-23,0.0029416550910884064
plot_235,3,0.4244443875981634,6,0.01584124744880046,0.016058456066359365,0.09640786756123926,0.0,0.29485596868439923,0.0012808478373650305,0.5755556124018366
plot_2359,3,0.3805372011216712,6,0.002799120485726387,0.2769332108630462,0.07930319915493897,0.0,0.021501670617924955,3.469648179804421e-14,0.6194627988783288
plot_2360,3,0.2850667369743759,6,0.019550786018679232,0.17786896763340193,0.07847720875208064,0.0,0.00916977457003587,1.7826206804442612e-13,0.7149332630256241
plot_2361,3,0.5501122633695144,1,0.004692800914582709,0.4498877366304369,0.050595255320864646,0.0,0.05159285327676282,2.215175407191305e-05,0.4432092021032811
plot_2362,3,0.28029145731782906,1,0.07074739478067989,0.719708542682171,0.06662372878540651,0.0,0.13351055862944133,3.043501439200182e-22,0.009409775122301385
plot_2363,3,0.32693835479938227,1,0.07942750063622146,0.6730616452006177,0.07870286628573678,0.0,0.157317588422256,1.548144725902023e-22,0.011490399455168004
plot_240,3,0.44998079963645154,0,0.5500192003635485,0.016673875817296555,0.1109327198544394,0.0004288508604162326,0.07329744191282392,2.175599413403893e-07,0.2486476936315341
plot_241,3,0.4111060506445076,0,0.5888939493554902,0.017647983333959758,0.10589303133850675,0.0004968120884971431,0.0768493139119847,3.31755223953734e-06,0.21021559241932175
plot_242,3,0.6511110281522912,2,0.2171143944934656,0.10666129636441357,0.34888897184770884,0.00611221761564831,0.14284781382470518,5.663455498030015e-08,0.17837524921950354
plot_243,3,0.5456420508522513,6,0.10521637633626656,0.029170582220883142,0.21986615813793264,0.09069144973111906,0.10069748442386717,2.18265403563237e-12,0.45435794914774885
plot_244,3,0.4167666842663714,6,0.012994300054227926,0.11764363789760343,0.1418970396044845,0.0,0.14423170670349225,6.563224573288362e-12,0.5832333157336286
plot_245,3,0.6822128406595562,6,0.31778715934044377,0.012224750563045048,0.07610271192881851,0.0,0.0014466694377684435,2.474328333683606e-11,0.592438708705181
plot_246,3,0.3066195551909703,1,0.006949603245233375,0.6933804448086459,0.09676736142789057,0.00011413356924538516,0.018612700267324922,1.0419950695656227e-13,0.18417575668155553
plot_247,3,0.5158260037457767,6,0.06623265829744802,0.0006688460032949487,0.1229405148316297,0.004467916922179797,0.3215160676909957,2.286244275716192e-13,0.48417399625422325
plot_248,3,0.7142603600436114,1,0.026169582696803934,0.3497584313027216,0.11124421233718895,0.006485611287251784,0.28573963995638857,2.423923017564333e-12,0.22060252241722123
plot_249,3,0.2189627961181838,6,0.0020922189719068903,0.022997665678059068,0.03490867991463695,0.0,0.15887091369288972,9.331786069120135e-05,0.7810372038818162
plot_250,3,0.5201870952099876,6,0.07438955114741096,0.004451800564793878,0.3099927503704551,0.03602822540002278,0.09532476772432819,2.9768751382595636e-12,0.4798129047900123
plot_2509,3,0.6619644440196375,4,0.1162079169027064,0.25908434436569283,0.24557395936780904,0.0,0.33803555598036256,3.1485851593300647e-22,0.04109822338342931
plot_251,3,0.5407618627576762,2,0.08481355431292441,0.0017530902198313774,0.4592381372423238,0.014854172920682234,0.09242673550086869,1.7478917860096354e-11,0.34691430978589055
plot_2510,3,0.7131622283753559,0,0.2868377716246441,0.18515650018485447,0.2613712954332565,0.0,0.22878933199366208,4.901219686360044e-22,0.037845100763582884
plot_252,3,0.5531870168950679,6,0.3233876502264197,0.006154527131814926,0.194015587455531,0.009317270650789543,0.020311894427773335,8.700273943888747e-08,0.4468129831049321
plot_253,3,0.5714434337637335,6,0.1042230748013987,0.18341385853268843,0.1541584204585089,0.0,0.12953913955891447,0.00010894041222300101,0.4285565662362665
plot_254,3,0.42729716562292314,1,0.019535406619560113,0.5727028343769575,0.03281482161056835,0.05470269868198455,0.2424098558936821,4.231884283108024e-14,0.07783438281720523
plot_2543,3,0.5623371252604211,1,0.11037499832059286,0.43766287473931426,0.17767998682256694,0.0,0.2331372311684075,3.6628347958966346e-21,0.04114490894911839
plot_2546,3,0.7191757553029391,6,0.2808242446970609,0.06787430910405919,0.11166634322052497,0.0,0.14142324222434907,3.46093516322503e-20,0.39821186075400594
plot_255,3,0.4913841123952373,1,0.02841394007324469,0.5086158876047627,0.07266731867095072,0.05479443661759892,0.24778016844734796,4.416747577197168e-14,0.08772824858605073
plot_2598,3,0.46241217177119487,1,0.032339244167474454,0.5375878282155097,0.010213117326280293,0.0,0.3973544670368845,7.675600862946876e-20,0.02250534325385121
plot_2714,3,0.408606482258343,1,0.02995759594513159,0.5913935177415724,0.023318676770838535,0.0,0.32253070858870886,5.657677013771224e-20,0.032799500953748645
plot_274,3,0.0015585892901982326,1,0.0,0.9984414107096747,0.0,0.0012460451962879012,0.00031254409403737196,2.705758288497962e-25,0.0
plot_275,3,0.019066978875192094,1,0.0005661565536347051,0.9809330211246308,0.0,0.016957091782264976,0.0015437305394695423,1.1120610780245612e-21,1.3773959678705117e-104
plot_2759,3,0.45682717695297814,4,6.230938662046019e-05,0.10899907000455805,0.017579117734540236,0.0035010421520719898,0.5431728230470219,0.3220315301885789,0.004654107486608597
plot_276,3,0.003036493614506522,1,0.0001392160583709317,0.9969635063853743,0.0,0.0026475189954712885,0.00012425681722553407,0.00012550174355791964,1.150924974701018e-105
plot_2760,3,0.47722503181981407,4,0.0,0.18080974394034624,0.01612021291606286,0.0004629227274979902,0.522774968180186,0.27902507442018154,0.0008070778157255568
plot_2761,3,0.3560938875220961,1,0.00024791874275973866,0.6439061124765902,0.03114605331242482,0.0006161479483360022,0.2940264267686402,0.02958050950269369,0.00047683124855550847
plot_277,3,0.006696652843783598,1,0.0,0.9933033471561223,6.034101896181377e-05,0.0020799405756733997,0.004556371249242528,3.323791759211273e-24,6.863084149258328e-107
plot_278,3,0.5778434830958434,6,0.42215651690415656,0.03839422158002254,0.028532653499705476,0.002293495371322097,0.002590883340726868,2.856432566665577e-16,0.5060322293040661
plot_2789,3,0.5227681007107062,5,7.121233459042566e-05,0.040232730670278716,0.0743343762774071,0.00017706605672499642,0.40175652896184044,0.47723189928929377,0.006196186409864527
plot_279,3,0.16778248364889092,6,0.02342575189849269,0.025281611917056322,0.0992432460278538,0.0,0.01910084690206138,0.0007310269034267807,0.8322175163511091
plot_280,3,0.6891285835701216,5,0.27589971212934933,0.0,0.17984389043358237,0.0029753062829582706,0.0006205962341986945,0.3108714164298782,0.22978907849003302
plot_281,3,0.4569307393801928,0,0.5430692606198072,0.0003714855685368383,0.11015252545285052,0.0008391494259143008,0.014694023034955405,0.03846467910430883,0.292408876793627
plot_2813,3,0.3496373045175602,5,0.003909234869170789,0.03656271874825881,0.07728326069559133,7.142801870241383e-05,0.23149824368483518,0.6503626890684424,0.0003124249149991115
plot_2816,3,0.33916516871015756,5,0.0008193042781546123,0.03216456304614968,0.038131023882984096,7.376095768849029e-05,0.26771749143897083,0.6608348312898424,0.00025902510620980085
plot_2846,3,0.3069508136596992,4,0.0,0.15119378523458304,0.1525709120064332,0.0,0.6930491863403009,2.312703359488975e-18,0.003186116418682927
plot_2847,3,0.34559481350570365,4,0.03235370151499243,0.004390437412715988,0.06262631086580672,0.0,0.6544051864942964,0.24622436371218853,2.842675876606265e-107
plot_2848,3,0.6661827480047979,2,0.23794292461687833,0.0,0.40126527216952196,0.0,0.0268072718349655,0.333817251995202,0.00016727938343219834
plot_2849,3,0.41160476792616874,4,0.0,0.20858835997447472,0.203016407951694,0.0,0.5883952320738313,9.499760859348066e-19,2.540329257570386e-104
plot_2850,3,0.2998671594959539,6,0.12222431379028545,3.5114906451924706e-05,0.00045894186084564437,0.0,0.17714878893837088,1.9562963113284598e-20,0.7001328405040461
plot_2851,3,0.4899285307292167,6,0.2996980306421788,0.0,0.00037151728087104466,0.0,0.1898586090346645,3.737715023714994e-07,0.5100714692707833
plot_2852,3,0.15876386661644454,4,0.0022753481222297514,0.0066953859907012,0.09710449067787089,0.0,0.8412361333835555,0.05268864182564275,4.4537683350837317e-107
plot_2853,3,0.11214873408905125,4,1.927988403668914e-15,0.002203223464760658,0.10450131131905394,0.0,0.8878512659109488,0.005444199305234742,1.5558113802585534e-104
plot_2854,3,0.6840067698341371,4,0.0,0.31599323000142093,0.2508860968372305,0.0,0.4327459403473023,0.0003747328140463298,7.646964023574016e-105
plot_2855,3,0.20942779666523184,4,0.037819993408402315,0.0034648103956971855,0.002912891887061764,0.0,0.7905722033347682,6.640036272547282e-11,0.1652301009076702
plot_2856,3,0.3132507761407417,6,0.13144853285798627,3.581001332133072e-05,0.00038779584411551715,0.0,0.18137863742354024,1.7783529169592562e-12,0.6867492238592583
plot_2857,3,0.3094263968644779,6,0.16250434457908364,0.00020812648026527454,0.004107837424767036,0.0,0.14260608837832778,2.0341834514893897e-12,0.6905736031355221
plot_2858,3,0.6764293401646893,6,0.056488884766990516,0.0,0.00015039619185038518,0.0,0.32357065983531075,9.197092386496979e-21,0.6197900592058483
plot_2859,3,0.10719935541010785,4,0.004133325994670245,0.026472399840785334,0.02397830521001786,0.0,0.8928006445898922,8.055907342627354e-12,0.052615324356578536
plot_290,3,0.6833107886700466,2,0.3166892113299536,0.24321510035809027,0.37864227418331786,0.0,0.028628090526782172,4.443913837354599e-17,0.0328253236018562
plot_291,3,0.02621343221137667,1,0.0,0.9737865677872861,0.0003329540730592482,0.0056563771690639995,0.02008307393447223,1.453344248432251e-23,0.00014102703611845098
plot_292,3,0.024433375354129646,1,0.004838043188041874,0.9755666246458704,0.0,0.0011304420027460898,0.01802338088192777,0.00023382419945938146,0.000207685081954581
plot_2929,3,0.44847985922505423,2,0.17752970647618357,0.04217425999580668,0.5515201407749458,2.440689963744268e-05,0.12213049855435468,0.043068646716490966,0.06355234058258093
plot_295,3,0.5638851176006543,2,0.21279401076480742,0.0,0.43611488239934576,0.0009101062991516643,0.00478059867653294,0.0909547251149419,0.2544456767452204
plot_296,3,0.5631280903612514,2,0.21010707766854614,0.0,0.4368719096387485,0.0008962598011597106,0.005048798925665373,0.0894870597437693,0.25758889422211106
plot_297,3,0.2967479751339197,1,6.015086483917514e-17,0.7032520248660803,0.019365193271037827,0.0,0.17799115648129016,4.974362969057497e-16,0.09939162538159114
plot_298,3,0.3290665937491406,4,0.0,0.28148721087400796,0.001240462600296694,0.0,0.6709334062508594,1.2655737423585061e-14,0.046338920274823246
plot_3011,3,0.1715881968039539,1,0.0011911709307546535,0.8284118031958962,0.04650326610371164,0.0037360324320110253,0.11807241947057939,0.00024964708596728806,0.00183566078107973
plot_3012,3,0.5405715060185955,2,0.14208402403595988,0.18395987354042703,0.4594284939814045,0.0,0.12480333407744404,0.0037932900192455847,0.08593098434551902
plot_3013,3,0.3936442631202984,1,0.019913093581847348,0.6063557368796253,0.18270228607753225,0.000256311669567514,0.15348559606003295,0.00031448182674806966,0.0369724939046466
plot_3017,3,0.703049691143796,1,0.022941852698307383,0.4443303014781902,0.21497691064122926,0.00035183083510677477,0.29695030885620405,0.0019535091605962125,0.018495286330366144
plot_3018,3,0.429677999979838,2,0.12191819065302475,0.14021193146902866,0.570322000020162,0.0004026188860240088,0.13003941468416183,0.010382917753718336,0.026722926533880476
plot_3019,3,0.17205649502160875,1,0.0011811945965261544,0.8279435049783913,0.04714615032225928,0.003951003407463286,0.11766546939269619,0.0002631714142100337,0.0018495058884538831
plot_3020,3,0.3695542317522237,1,0.009053599317581765,0.6304457682477763,0.19700914044012174,0.00483133542628793,0.1454242346860046,0.0036909475241938554,0.00954497435803386
plot_3088,3,0.5065824664101974,2,0.0089010180468637,0.16077520678438134,0.49341753358980256,8.707111872609317e-05,0.14985419522942273,5.724003180509396e-14,0.1869649752307464
plot_3089,3,0.4234747265803994,1,0.010559643898474401,0.5765252734183912,0.19323582773206505,0.0,0.1508077527638096,6.790615017277476e-14,0.06887150218719182
plot_3090,3,0.3026653995565299,1,0.0010812675911731093,0.6973346004432792,0.11791831261200508,0.0002355730831541693,0.1607535283469501,5.004729253481874e-15,0.02267671792343343
plot_3121,3,0.5245130186168864,2,0.006198194796455354,0.2429493232166301,0.4754869813831136,5.67256562073071e-05,0.1530013799916476,3.985891137178297e-14,0.1223073949559062
plot_3144,3,0.6373064042396885,6,0.001638172193052584,0.051702544269613224,0.34312052354218714,0.0,0.2408451642348357,1.3240111103964925e-17,0.36269359576031146
plot_3147,3,0.16074830009676583,1,0.0,0.8392516998998103,0.0,0.0,0.1411241772109122,0.019624122889277493,1.0168256563560208e-106
plot_3148,3,0.6462555121868025,2,0.08951867751549364,0.21287793851248252,0.3537444878131974,0.0,0.25430331258441086,7.235119356276625e-16,0.08955558357441482
plot_3150,3,0.15402909243335783,1,0.0,0.8459709075666013,0.0,0.0,0.0003035610262453709,0.15372553140715334,0.0
plot_3151,3,0.6935484981070783,1,0.20303515417674212,0.3419998081288369,0.08856343240166856,0.0,0.0599501033998292,1.6409799763044609e-15,0.30645150189292164
plot_3152,3,0.5857240471479386,2,0.00030128623587033114,0.11818895898300952,0.41427595285206137,0.0,0.1761953176427851,2.4350701447658433e-18,0.29103848428627377
plot_3153,3,0.15299830619955518,1,0.0,0.8470016937958672,0.0002109735761866638,0.0,0.14995687159031038,0.0023576060938032147,0.0004728549438325324
plot_3154,3,0.7054499023807528,1,0.0,0.4521472323521756,0.0011370361016265647,0.0,0.2945500976192472,4.613450541068024e-25,0.2521656339269507
plot_3155,3,0.2918242867251709,1,0.0012398961043125862,0.7081757132746441,0.0,0.0,0.26158946402920535,1.0021209150490553e-17,0.028994926591837798
plot_3156,3,0.6664020168719209,1,0.00030287048896123295,0.5320765741858827,0.000838500164884653,0.0,0.13318407203219226,2.4478743649153785e-18,0.3335979831280791
plot_3157,3,0.3358405503300834,1,0.0002722540296026772,0.6641594496699166,0.0007537381720329186,0.0,0.1323385434651443,2.200429363327122e-18,0.20247601466330356
plot_3158,3,0.5613991046305549,4,0.06372676141366596,0.2285968236171145,0.20623801772932332,0.0,0.4386008953694451,5.150553362886643e-16,0.06283750187045065
plot_3160,3,0.11388617574836295,1,0.0,0.8861138242516093,0.0,0.0,0.0002256767376026862,0.11366049901078806,0.0
plot_3161,3,0.05907345365889653,1,0.0,0.9409265463410449,0.0,0.0,7.528435679411309e-13,0.059073453658202324,0.0
plot_3163,3,0.5671065636743452,4,0.05969720519001722,0.3402856567353492,0.12072200078274957,0.0,0.4328934363256547,4.824874728126723e-16,0.04640170096622882
plot_3164,3,0.595704383554476,1,0.0,0.42508221881087127,0.045650507122830704,0.0,0.124971657620774,6.532932431066312e-26,0.404295616445524
plot_3166,3,0.6095060000226977,2,0.00029695609564327235,0.23602555189747482,0.39049399997730216,0.0,0.22089414900564444,1.8527729890095474e-15,0.15228934302393343
plot_3167,3,0.4430832782697967,1,0.0005406597486432483,0.5569167217302033,0.21917397638041722,0.0,0.15037592127134305,3.476863597504991e-15,0.07299272086938978
plot_3168,3,0.6917429304977838,1,0.0,0.6909945925737099,0.0,0.0,0.0007483379240739194,0.3082570695022162,0.0
plot_3169,3,0.07948475326937054,1,0.0,0.920515246727063,0.0,0.0,0.00026868218411088156,0.079216071088826,0.0
plot_3171,3,0.6658614481268041,4,0.0002955701447329605,0.12482621326445059,0.2526016371601272,0.0,0.33413855187319585,2.3888713632615598e-18,0.28813802755749346
plot_3172,3,0.41274841232681403,1,0.013693605281549283,0.5872515876731009,0.03249965857974959,0.0,0.27482156684356035,1.1067508146054018e-16,0.09173358162203984
plot_3173,3,0.5999139013187614,1,0.12799319629398964,0.400086098680535,0.15168225119679352,0.0,0.23882562346231176,1.0344724446083467e-15,0.08141283036636911
plot_3174,3,0.17019285471674053,1,0.03394338442241118,0.8298071452680758,0.0038126833741063473,0.0,0.08174829971886574,2.7433877808682935e-16,0.05068848721654078
plot_3177,3,0.21110450470100595,1,0.0,0.7888954952988656,0.0,0.0,0.013381567476474957,0.1977229372246594,0.0
plot_3178,3,0.376554192695542,1,0.13384606164033092,0.6234458073008572,0.027908678954575737,0.0,0.06896761377203557,1.0817767400469725e-15,0.14583183833219945
plot_3182,3,0.37285612393674367,1,0.0,0.627143876063135,0.0,0.0,0.15954887861670597,4.1504434443644686e-24,0.213307245320159
plot_3183,3,0.694700091951806,1,0.3052999080481915,0.3162936113582405,0.08768167926594309,0.0,0.1285786104310659,2.4675088307625074e-15,0.16214619089655657
plot_3187,3,0.3167829027981017,1,0.0009883475750064874,0.6832170972018983,0.18753197127028715,0.06043058149273267,0.02630493508616579,0.008059284824873331,0.033467782549036186
plot_3192,3,0.5430650782330788,0,0.456934921766549,0.0343507075113849,0.2520211790812799,0.0,0.17480878955032675,0.006713266452999933,0.07517113563745959
plot_3199,3,0.7157811330978421,2,0.022469233757993482,0.014728106431446692,0.4071296330959645,0.0002926151297730037,0.042836413789409035,0.28421886690215775,0.22832513089325532
plot_320,3,0.35050117262055575,1,0.0,0.6494988273794443,0.025793438630863866,0.0,0.1696625094862946,1.62478115764885e-16,0.15504522450339722
plot_321,3,0.22765364726526632,1,0.0,0.7723463527347337,0.006224015167046391,0.0,0.16556114126864357,6.275317838360552e-16,0.05586849082957576
plot_323,3,0.27368087336894065,1,0.0,0.7263191266310594,0.02072975277851359,0.0,0.11489110129316563,0.13806001929726144,3.7309861740706515e-82
plot_3268,3,0.31099750421998507,4,0.0,0.02812450941125217,0.2817639181847096,0.0,0.6890024957800149,0.0011090766240234307,1.2398147265186828e-105
plot_3269,3,0.6007068631970772,4,0.0006272746223035569,0.0760454367711721,0.39929313680292283,0.0,0.5081213999192233,0.015912751884378264,1.6802288716486504e-105
plot_3397,3,0.663816710571099,4,0.0049648016072034095,0.2719871428657205,0.27240997041463355,5.05873382975228e-05,0.3361832894289009,3.1927300454132174e-14,0.11440420834521203
plot_3428,3,0.07255194895299424,1,0.0,0.9274480510470058,0.0,0.0,7.333172483513539e-13,0.07255194895226094,0.0
plot_3445,3,0.6729657755923887,4,0.013687034585436368,0.18528652035047113,0.275806848961565,0.18604539486900998,0.3270342244076114,0.009770851906474561,0.0023691249194317276
plot_3448,3,0.12273628044865285,1,0.0,0.8772637195513471,0.0,0.12181249692522762,5.863851147110004e-05,9.680884303080947e-30,0.0008651450119540757
plot_3449,3,0.2653443413869661,1,0.0,0.734655658613028,0.0,0.2648750712306841,0.00035763831812409344,5.904404960821421e-29,0.00011163183816388632
plot_3450,3,0.45362978246402785,3,0.0,0.45188990697664344,0.0,0.5463702175359721,0.0008850981466910916,1.8397280002726485e-26,0.0008547773406933308
plot_3451,3,0.4679765021884148,3,0.0,0.46766790208576303,0.0,0.5320234978115852,0.0003086001026517731,3.443357833105787e-29,3.580112020959758e-104
plot_3452,3,0.7108961035189639,1,0.0,0.695924064154148,0.0,0.2891038964810362,0.00021274179544820672,0.0008072895895734672,0.013952007979794352
plot_3453,3,0.6814668530205098,1,6.137741017180099e-05,0.6759528193550397,0.0,0.31853314697949014,0.004627647420728558,4.422209225813855e-27,0.0008250088345698793
plot_3457,3,0.05471909235924908,1,0.0,0.9452809076407509,0.0,0.049402727362075224,4.217542457914655e-15,2.9389989263582326e-05,0.0052869750079060415
plot_3458,3,0.13961473791414633,1,0.0,0.8603852620858479,0.0,0.1334589005325568,8.672246254838744e-05,0.0002065460509432794,0.005862568868103646
plot_3478,3,0.603443031519844,0,0.39655696848015587,0.06244557058349291,0.06564150082747547,0.0008512470190374195,0.00712428612763222,0.39172336369013655,0.07565706327206947
plot_3479,3,0.5709635355388607,1,0.0,0.46405800839153494,0.0163300194899301,0.0,0.42903646446113936,7.122228735916577e-25,0.09057550765739543
plot_3480,3,0.1632514744240483,1,0.0,0.8367485255759517,0.009451810432045616,0.00026107966499646685,0.12740179420205683,1.240753790462874e-23,0.026136790124949433
plot_3484,3,0.022973704979695444,1,0.00044905499095625586,0.9770262950203046,0.0004686189960204859,4.545057367497078e-05,0.021960316814861824,7.155459881559257e-17,5.026360418185827e-05
plot_3485,3,0.018156015626387564,1,0.0014661052829192044,0.9818439843573257,0.0017546814020386891,0.00045547350858576245,0.01375142915584087,3.6982274612465386e-16,0.000728326293289399
plot_3487,3,0.2640879741883205,1,0.0,0.7359120258116796,0.06361832211836273,0.0,0.17690575524905303,2.1385405431012467e-22,0.023563896820904744
plot_3491,3,0.03707864139376418,5,0.03647114909498042,0.0,9.728655963716283e-05,0.00013287260391403081,0.0003773331352325943,0.9629213586062358,1.5759638709751072e-246
plot_3505,3,0.6516642022501252,1,0.0,0.6480612958939451,0.0,0.0,0.3483357977498748,0.0008381917966907172,0.0027647145594893625
plot_3506,3,0.5369395737257541,2,0.010493972863344104,0.06233394714444482,0.46306042627424593,0.0,0.2533333986021662,8.481486654564222e-17,0.21077825511579895
plot_3508,3,0.5970436937708217,1,0.0,0.40295630622917833,0.11804235744426292,0.0,0.13764570589479294,2.0282082297500404e-25,0.34135563043176587
plot_3510,3,0.07540383453769879,1,0.0001341181462178578,0.9245961654617764,0.011524595165990036,0.021672538524347702,0.038068859902524115,2.4251689909075156e-23,0.004003722799143923
plot_3637,3,0.09020136157219072,5,0.08805013902686194,0.0,0.0001521758494219216,0.000338987207683545,0.0016600594882233096,0.9097986384278093,6.764142506104978e-246
plot_365,3,0.6702175472347836,2,0.1956081966816542,0.3297824527652164,0.37442197864677185,0.0,0.06275486312794046,9.724794964466202e-17,0.037432508778417056
plot_366,3,0.39695658606571804,2,0.12409117660354485,0.16611279954994673,0.603043413934282,0.0,0.024662912738707247,0.00016769274007464961,0.0819220044334446
plot_3673,3,0.15821991169405925,5,0.13215403832647213,0.0,0.00030587344476190175,0.0034341948622051287,0.0223258050606201,0.8417800883059408,1.6672638053641701e-245
plot_3677,3,0.1418367673473395,5,0.12834864332965387,0.0,0.001861393534641491,0.0026538092747064868,0.008972921208337627,0.8581632326526605,2.080794752747259e-245
plot_3686,3,0.6165362759835292,1,0.0,0.5892848074191461,0.026867519601214564,0.0,0.3834637240164708,4.902992865400873e-18,0.00038394896316854444
plot_3687,3,0.3274401848684041,1,0.0,0.6725598151315959,0.06306393279246128,0.0006337025865734301,0.2611968945067812,0.0001301123700608766,0.0024155426125272443
plot_371,3,0.4237240562337328,6,0.042215878578941,0.13224100548974416,0.07382744379162645,0.0,0.17543972837320676,2.144884525197712e-13,0.5762759437662672
plot_3715,3,0.656974456692154,1,0.0,0.6551936301981953,0.0,0.0006960922316976724,0.3430255433078459,0.0010847342622611696,9.57946417092992e-258
plot_372,3,0.48516902613793755,4,0.17185337394397454,0.0345381863428911,0.20421160439443453,0.0,0.5148309738620624,4.690333218718175e-18,0.07456586145663734
plot_373,3,0.6099852019448881,0,0.39001479805511186,0.30487704288277795,0.0,0.0,0.30463202521919985,6.65865601975673e-15,0.00047613384290374735
plot_3733,3,0.2600402692557775,1,0.0,0.7399597307442225,0.040654265236996924,0.0,0.19984763020487406,2.6182622009476043e-23,0.019538373813906496
plot_3734,3,0.09530458961995247,1,3.3914309431681243e-283,0.904695410380047,0.0002220203081227692,0.00040924701035340304,0.0595552877968011,0.03511803450467582,3.6355163292582427e-51
plot_3735,3,0.18973893436405698,1,0.0,0.810261065635943,0.00042056501216267996,0.0,0.13218796779439176,0.05713040155750254,6.951096581314084e-51
plot_3736,3,0.17420608867258205,1,0.0,0.825793911327418,0.00041499186725044824,0.0,0.12120980272211179,0.05258129408321981,6.633361749529051e-51
plot_3739,3,0.33711331380778586,1,0.0,0.6628866861919157,0.0046354117765071284,0.0,0.31568162851129744,7.734746259980045e-24,0.016796273520279775
plot_374,3,0.6189034203154442,4,0.36929638154845235,0.24933996998658037,0.0,0.0,0.38109657968455574,3.944110415294266e-15,0.0002670687804076928
plot_3740,3,0.45598401350573664,4,0.0,0.4032418632451702,0.0005984199046560431,0.0,0.5440159864942634,4.247837448204772e-23,0.05214373035591047
plot_3741,3,0.20654202416993156,1,0.0,0.7934579758300685,0.01805240745513708,0.00017878810688443436,0.16253198989364862,1.2470940760409763e-22,0.02577883871426148
plot_3742,3,0.44250608766663335,4,0.0,0.3939499441717566,0.00025281678266395844,0.0,0.5574939123333666,2.378831063136001e-23,0.048303326712212775
plot_3749,3,0.437946834971575,1,0.0,0.5620531650281767,0.0024739501483836608,0.0,0.410995160430294,3.444297888137324e-24,0.02447772439314568
plot_375,3,0.5345916281196327,6,0.011752541615758621,0.020587990965360695,0.15082092864061103,0.00012305684719962048,0.29803641353421817,0.05327069651648453,0.4654083718803673
plot_3752,3,0.14094158186625555,1,0.0,0.8590584181337358,0.0,0.14042922201611935,0.0001740044227913369,2.872713926471852e-29,0.00033835542735353275
plot_3753,3,0.07435535628307693,1,6.385890913155157e-281,0.9256446437169215,0.0,0.07396564583595461,0.00021981918327852252,4.925679121237211e-05,0.00012063447263314751
plot_3754,3,0.2701688867541044,1,0.0,0.7298311132458957,0.0007132212087448811,0.0,0.1871605629264104,0.08229510261894911,1.0873878157306037e-50
plot_376,3,0.015932580734318514,1,0.00019778350352298352,0.9840674192656815,0.00013230875819085256,0.009176548743115338,0.005829820354262888,6.564271532312145e-22,0.0005961193752264923
plot_3760,3,0.028259741061769837,1,4.643171654840443e-283,0.9717402589382301,0.0,0.000587049266412949,0.018866373192585092,0.00880631860277176,4.107907401701882e-52
plot_3761,3,0.02099892810190331,1,1.1786063180428258e-281,0.9790010718980962,0.0,0.01370351473930655,0.004533331723134197,0.002762081639463217,9.611914706632641e-53
plot_3762,3,0.12076555235006822,1,0.0,0.8792344476499244,0.0,0.1161475760712578,0.00012238883209666915,0.0002535670892561048,0.004242020357465066
plot_3763,3,0.29096284671281253,1,0.0001079621008277227,0.7090371532871811,0.0,0.28195536417883915,0.008120603018700183,8.429312172476817e-27,0.0007789174144518267
plot_3764,3,0.23015920354493813,1,0.0,0.7698407964550601,0.0,0.22828852017324563,0.0013208682643604777,1.1388084566327138e-26,0.0005498151073337772
plot_3765,3,0.685654134166452,1,5.4464851518614205e-05,0.6794731294085274,0.0,0.31434586583354795,0.00520961269083001,1.5244214630048707e-26,0.0009169272155760367
plot_377,3,0.09696260034680561,1,0.016283619732019628,0.9030373996530734,3.786372056706766e-186,0.0,0.0006903837538671292,0.07987713822513873,0.00011145863590112894
plot_378,3,0.7240525566918644,4,0.27594744330813575,0.030273740510795483,0.010858358851923306,0.04260529541598894,0.5596123220375723,4.989061528877256e-12,0.0807028398705953
plot_379,3,0.37874881557337015,4,0.11430769021068794,0.10839728261284493,0.003877821822888368,0.12430660248838618,0.6212511844266299,1.3556785960475813e-12,0.027859418437207094
plot_380,3,0.4150203312736882,4,0.04843253970616708,0.08612230573484801,0.04315466100016808,0.014191746237528266,0.5849796687263118,9.972723406229043e-11,0.22311907849524953
plot_381,3,0.5827304589558879,6,0.01065010808801558,0.026178545081192373,0.20038128484196904,0.0009112388209756018,0.3446092819533918,1.703435675437434e-10,0.41726954104411207
plot_382,3,0.5217478147812287,4,0.01000048187214474,0.25947874201474597,0.09983115494085812,0.013505549016655342,0.47825218521877144,6.872852117156448e-12,0.13893188692995162
plot_389,3,0.5457983849226254,1,0.014030382453621957,0.45420161505134093,0.324163987474691,0.05518003339784734,0.08825520178228652,5.401612959292821e-09,0.0641687744385993
plot_390,3,0.46885190904976054,2,0.02052402601437711,0.3089470416737692,0.5311480909502395,0.008413685227179168,0.04264892232629468,9.670863821725501e-08,0.08831813709950218
plot_394,3,0.33472519087268854,1,7.67097398570707e-17,0.6652748091273114,0.02306055355225757,0.0,0.20517494945807058,6.847705572566178e-16,0.10648968786235968
plot_400,3,0.4276863963150171,1,0.06896504894638052,0.5723136036846906,0.0028486381621605585,0.17570588087047317,0.16305691605275163,4.762906054494347e-20,0.017109912283543645
plot_401,3,0.1809277154634812,1,0.0011282056725510435,0.8190722845360228,0.00035923228137957927,0.1326141129967342,0.04596082884144891,3.0684863592474424e-23,0.0008653356718634772
plot_402,3,0.1233672524812693,1,0.0006505936459186522,0.8766327475182394,0.0012198937414651947,0.06998040635960484,0.04790828589368823,2.4020882466376837e-23,0.003608072841083573
plot_404,3,0.5716099204929992,6,0.05774588745625266,0.36035251714638256,0.0007425926029899319,0.0044063875140334646,0.13094665531712293,0.017415880456217708,0.42839007950700086
plot_405,3,0.43935924463987736,6,0.01842391315624378,0.0,0.011941628937157752,0.392224415513277,3.319627706659929e-44,0.016769287033198826,0.5606407553601227
plot_406,3,0.5443170317832394,6,0.0031915335765647815,0.0,0.0020690519913843623,0.4556829682167606,0.0,0.0031584727830609636,0.5358979734322293
plot_407,3,0.41112150779427403,4,0.0,0.2682899807523008,0.010313381254268698,0.0,0.588878492205726,1.2246548455430559e-14,0.13251814578769222
plot_408,3,0.6963828066713438,1,5.455681248306266e-17,0.39066415996639886,0.085431204757532,0.0,0.30361719332865617,3.784342599800761e-17,0.22028744194741287
plot_409,3,0.2994638675888463,4,0.0,0.09400574769483018,0.016345764572915526,0.0,0.7005361324111199,3.391501819339924e-14,0.18911235532110066
plot_4111,3,0.3088175101505888,1,0.0030216573513632623,0.6911824898492189,0.023082033527166958,0.016931573771412235,0.20819797329691647,1.423789766601741e-12,0.057584272202498434
plot_4112,3,0.5768796005934769,0,0.42312039940652,0.41962959312694,1.3093006044631725e-186,0.0005712622014477028,0.0885541801530909,0.0680436982653302,8.086684667118743e-05
plot_4113,3,0.5367598146645172,4,0.0,0.0021492835749016134,0.46324018533548283,0.0,0.5346105310896156,1.0355206497863089e-19,1.25153118734269e-105
plot_4114,3,0.4841658013291852,4,0.0,2.4086544723509604e-11,0.4841658013050987,0.0,0.5158341986708148,6.862712956048983e-20,1.2500454732804695e-257
plot_4115,3,0.6553854557748227,0,0.34461454422517734,0.03178391254567149,0.08186288283900423,0.0,0.2996139504443465,5.712557211811547e-15,0.2421247099457947
plot_4119,3,0.3353865164742082,1,0.006024483004707537,0.6646134835257919,0.09067177899497046,0.0,0.1698082977223885,2.825632364544667e-17,0.06888195675214169
plot_4120,3,0.39616618736700854,1,0.006741081871458436,0.6038338126329914,0.07393285630577866,0.0,0.1986958045560953,1.524139126442169e-17,0.11679644463367614
plot_4121,3,0.5074525995128946,1,0.19715338448501712,0.4925474004868797,0.09014580653631737,0.0,0.1872715413149359,1.4045212148226352e-14,0.03288186717683579
plot_4124,3,0.42669641274365383,1,0.1677103933032104,0.5733035872562681,0.08126967773247483,0.0,0.15902139179240618,1.1787680662110451e-14,0.018694949915628725
plot_4125,3,0.5349407219877547,4,0.09345457750097666,0.0,0.013774984449983787,0.0,0.46505927801224534,0.00027332673925172364,0.42743783329754254
plot_4126,3,0.4241264418367803,6,0.09150605914533937,0.0012793749583616906,0.011607519994883067,0.0,0.31973348773819577,4.472404351847907e-16,0.5758735581632197
plot_4151,3,0.5924106087267156,1,0.4075893912732621,0.4537099453863534,0.013160127328170436,7.593125895353804e-05,0.010481916801060288,0.10959640125067496,0.005386286701525338
plot_4165,3,0.41981685922205647,1,0.3881080211389579,0.5801831407779435,0.003453728089348041,0.0003168391335633366,0.0006411252425009528,0.02693104750709169,0.00036609811059450104
plot_4177,3,0.5441113799433058,0,0.45588862005669417,0.41080150615657846,3.247900468323319e-186,0.0,0.033522908888392315,0.09964725296028959,0.0001397119380454787
plot_4178,3,0.41665474826128324,4,0.07515764616291636,0.0007741827018421551,0.005304892169535061,0.0,0.5833452517387168,3.489273810399657e-16,0.3354180272269893
plot_4181,3,0.5999556487196906,4,0.1817061475214764,0.14902910550089962,0.1281634414129058,0.0,0.40004435128030935,1.0019043278324115e-14,0.14105695428439874
plot_4182,3,0.7157823271614563,2,0.1657812304438684,0.1299840183561527,0.2842176728385437,0.0,0.24903665852993068,8.645961864649298e-15,0.17098041983149598
plot_4183,3,0.4706444317862053,6,0.11164693486314112,0.02725517299683371,0.11529166740292525,0.0,0.2164506565233028,2.4338604176082025e-15,0.5293555682137947
plot_4184,3,0.43719408651323305,4,0.09014323280027917,0.004429100888041604,0.009409529301972216,0.0,0.562805913486767,6.860927310747628e-16,0.33321222352293944
plot_4185,3,0.616072223882352,4,0.05259990102660508,0.3019379060311517,0.08549380696220726,0.0,0.383927776117648,2.0705661239964145e-17,0.17604060986238806
plot_4192,3,0.4390223840972508,6,0.08443919745669387,0.07179365741809329,0.06801439740560533,0.0,0.2147751318168582,1.181233815855176e-16,0.5609776159027492
plot_4196,3,0.7217019565921758,1,0.01347706045933476,0.38526003842329104,0.2782980434078239,0.0,0.2104186657834829,3.4729816847287885e-17,0.11254619192606719
plot_4197,3,0.29648718503492444,1,0.00609032132047579,0.7035128149650755,0.0740105335281085,0.0,0.17571940636736005,3.802984650666537e-17,0.04066692381898012
plot_4198,3,0.24144030489664425,1,0.01211509455363707,0.758559695103293,0.07059876402806127,0.0,0.1383910407032187,5.230626004088537e-16,0.020335405611789186
plot_4199,3,0.3262161889426587,1,0.014771549467688801,0.6737838110572627,0.10804553802059093,0.0,0.17760133192871422,4.879841725815606e-16,0.02579776952574302
plot_421,3,0.03968618168562286,1,0.0,0.960313818314269,0.011114859488315636,0.025169239156627082,0.0021657487209310734,0.00123633431985723,8.566272091174735e-53
plot_422,3,0.3346260027461214,1,0.0,0.6653739972524515,0.211463214207448,0.00027220496211041793,0.0266371644705555,0.09625341910743464,1.1810287045971125e-50
plot_4225,3,0.4482808019317397,4,0.0004510784494792122,0.15455963332663522,0.25193151488015497,0.041338575258390756,0.5517191980682603,1.7079437371196665e-11,4.7539435185902296e-80
plot_4226,3,0.48487812394525653,4,0.10903618954600279,0.0,0.19637936079444226,0.0,0.5151218760547435,8.586217062670524e-21,0.1794625736048115
plot_4227,3,0.28779959173444036,4,0.015932459273256348,0.000303408290312376,0.2342264490479733,0.00010294478367084432,0.7122004082655596,2.4558919948565087e-20,0.03723433033922753
plot_4228,3,0.6772660825626833,4,0.06104858012547,0.0,0.32273391743731666,0.0,0.45512191638389393,3.489153825848743e-20,0.16109558605331945
plot_4229,3,0.2787302079322266,4,0.0008405387055149142,0.0003294373380837949,0.26852011856624436,0.00013009744143591953,0.7212697920677734,0.00016256436452221574,0.008747451516425447
plot_4230,3,0.4654157541533681,2,0.0005126513809392237,0.00030224587924741145,0.5345842458466319,0.0001206580448142751,0.4604744871711628,0.00035758281183167123,0.0036481288653727483
plot_4235,3,0.3803918511123303,4,0.0007378111072492363,1.8211317309689038e-05,0.37023864047345734,1.7538779159558335e-05,0.6196081488876697,0.0004202712706286315,0.008959378164525921
plot_4236,3,0.6070449515949394,6,0.09424229471078976,0.0001562187477564719,0.160069448852082,0.0,0.35257698928431125,9.245380878103381e-20,0.39295504840506057
plot_4237,3,0.4804223913207521,2,0.005604257784111674,0.19519521101598594,0.519577608679248,0.04691191467966311,0.2327110076287943,2.1219716857029825e-10,1.7890279078692347e-80
plot_4241,3,0.5880060961690948,1,0.005755966308950106,0.4208568940557149,0.15414721272695261,0.007246022859535744,0.4119939038309052,2.1794139387478803e-10,1.3641380448764038e-80
plot_4249,3,0.35348301587583997,6,0.33792757391019546,0.0,0.0008498767475889406,0.0,0.01470520051244959,3.697140018810282e-07,0.6465169791157641
plot_4266,3,0.2607239806254892,4,0.008837226634297575,0.001596762497582242,0.1060707640382885,0.0,0.7392760193745108,8.745370073659035e-19,0.1442192274553209
plot_4270,3,0.26247532199683044,4,0.005824329173920652,0.0004741591825087805,0.14844471241118706,0.0,0.7375246780031696,1.637135209110917e-18,0.10773212122921398
plot_4271,3,0.37357142734992776,4,0.00042997763780519045,0.001976404661229111,0.3682153112148263,0.0016041619322467332,0.6264285726500722,0.00037807847184467093,0.0009674934319757815
plot_4284,3,0.19457910768328124,2,3.584529231650218e-05,0.07002165245802598,0.8054208923167188,0.09675463578552704,0.027719250254655773,1.357230512650364e-12,4.772389139870174e-05
plot_4297,3,0.7101810835958313,2,0.0002376248549983659,0.03675707837373688,0.600998496436352,0.28981891640416857,0.07218788392174702,8.997323773234858e-12,6.47854245012272e-81
plot_43,3,0.1149826579739392,1,0.0,0.8850173420259457,0.07830084323222476,0.006429096670086967,0.009779333372090332,0.020473384699652278,2.2554560216540938e-51
plot_4301,3,0.3623588068370761,2,0.0007087775142787707,0.027888021292870033,0.6376411931629239,0.16801514387305513,0.16518007647052746,1.2131332488102546e-11,0.0005667876742134013
plot_4302,3,0.2737251283064165,2,0.00017071894360601078,0.0809267577692821,0.7262748716935835,0.09770745473854785,0.09473236230930529,6.4640275335784e-12,0.00018783453921112224
plot_4326,3,0.5625398880570307,2,0.01502136667479783,0.10778874896120667,0.43746011194296935,0.00527197480544136,0.11345855273696659,4.0883093927170803e-19,0.32099924487861825
plot_4327,3,0.7048174262836001,1,0.07457122357955578,0.3199383806971392,0.14305499769229735,0.007303161200840512,0.2951825737163999,1.0806813307275993e-18,0.15994966311376735
plot_4328,3,0.7209110297128924,1,0.27908897028710744,0.4065374946159002,0.029207054159012008,0.04248253319229167,0.14917244795707557,4.799648837476246e-19,0.09351149978861312
plot_4329,3,0.04744656780295936,1,0.009937419442081869,0.9525534321969558,0.0020282273435780394,0.0050142923879939565,0.02873936916780706,1.0602776001872032e-19,0.0017272594615833318
plot_4347,3,0.2775790777919272,2,6.25969834492338e-05,0.08925825233175949,0.7224209222080727,0.12273752937258706,0.06544341792215835,2.370144865353779e-12,7.72811796029429e-05
plot_4358,3,0.1560627034408909,1,0.013057601950649119,0.8439372965591091,0.026669331051573653,0.0013184955760229481,0.09362167752606959,3.4667937683403897e-19,0.021395597336575617
plot_4359,3,0.1867468850544855,1,0.05467421544407087,0.8132531149454593,0.011721294621911472,0.015912967783920505,0.0897170983952738,3.2982383503247627e-19,0.014721308809364095
plot_44,3,0.05179762883209549,1,0.03821381470763556,0.9482023711676417,0.0008101236476297975,0.0,0.01277369047709296,6.949902063533909e-22,0.0
plot_4452,3,0.4353622088852886,2,0.0005053251183633981,0.0003452735696394194,0.5646377911147114,0.0001392400207601804,0.43292852572861873,0.0004388063113999345,0.0010050381365069843
plot_4471,3,0.6444412345290608,1,0.0,0.4155091010004198,0.023704478439618582,0.0,0.1950086105991536,0.3555587654709392,0.010219044489868729
plot_4472,3,0.6527811560534065,5,0.0,0.3424994012788897,0.1758812302228313,0.0,0.12574211238296104,0.34721884394659347,0.00865841216872457
plot_4473,3,0.5135005832592373,2,2.8235458671513114e-05,0.19034146277362873,0.4864994167407627,0.0,0.1230006498450189,0.17865281051133647,0.0214774246705818
plot_4474,3,0.4739214047930893,2,0.008468150638565593,0.07878161966420853,0.5260785952069107,0.0,0.31220856548363507,0.0012563209327072604,0.07320674807397287
plot_4475,3,0.5363604206558625,1,0.0,0.4636395793441375,0.02314466796217152,0.0,0.29638800711401214,0.20719674823377643,0.009630997345902375
plot_4476,3,0.3233183329669543,1,0.1916567012823786,0.6766816670327832,0.004254165019608572,0.0,0.12735574754550308,5.171911972645966e-05,1.4595670541161177e-23
plot_4477,3,0.31711223693757595,1,0.14864674812055811,0.6828877630622041,5.305092905351188e-05,0.0,0.16841243788818439,6.419207676244604e-20,0.0
plot_4482,3,0.4394125769972855,4,0.060160649380282906,0.20404380404185377,0.14539490134423286,0.0,0.5605874230027146,0.00017345921565228771,0.02963976301526375
plot_4483,3,0.42586754104446,1,0.0,0.5741324589553471,0.14573470057049823,0.0,0.05823200405349298,0.22022598174382574,0.0016748546768358958
plot_45,3,0.5376199383260593,1,0.0005521787730573024,0.5191135651601816,0.46238006167394075,6.673172834233608e-05,0.009096432611276179,1.9072177197339665e-07,0.008790839331429984
plot_4510,3,0.1852881053706128,4,0.0036973999265404044,0.0003036408751396548,0.09830357720922066,0.0,0.8147118946293872,4.013145307437088e-15,0.08298348735970804
plot_4511,3,0.6291314749180454,4,0.04888938282867038,0.0024665726164947587,0.12426291513797974,0.0,0.4535126043349006,5.487724977717733e-19,0.3708685250819545
plot_4512,3,0.3151868402694213,4,0.01096830598523721,6.0465329702432786e-05,0.1833837652104326,0.0,0.6848131597305788,0.00013807235816475668,0.12063623138588427
plot_4513,3,0.22297344143061937,5,0.045509235158902164,0.1694114606659416,0.0,0.0,0.004462894325411923,0.7770265585693806,0.0035898512803636895
plot_4514,3,0.3691620359779926,5,0.16417971406346032,0.14866369659698087,0.0,0.0,0.014207839064681657,0.6308379640220074,0.04211078625286974
plot_4515,3,0.22494453533213565,1,0.01860056279349701,0.7750554646613219,0.0,0.0,0.20634397254518105,1.0085461719685369e-19,0.0
plot_4541,3,0.7119946366423462,2,0.0007834014399174365,0.03882926673315498,0.3985993495274973,0.0,0.2530949003394771,0.020687718602299503,0.28800536335765375
plot_4552,3,0.30555010873838373,1,0.013354382852697315,0.6944498912616163,0.09591752780528923,0.0007942327112706859,0.19537958437654146,5.056445185741782e-10,0.00010438048694056174
plot_4553,3,0.3088710104815952,1,0.04656571904758991,0.6911289895184048,0.09397058812510062,0.004194010521845467,0.16396646628372963,1.7631440441366243e-09,0.00017422474018557776
plot_4554,3,0.3664249988529825,1,0.047809028899423484,0.6335750011470175,0.1473321540127496,0.006265368959488696,0.1648402080101521,1.810220185236346e-09,0.00017823716094841194
plot_4555,3,0.5738250384188256,1,0.05765311544560148,0.42617496158117424,0.27591001850560054,0.06170342772316567,0.1781507980564452,2.1771090455411498e-09,0.00040767651090369873
plot_4556,3,0.535767287770423,2,0.017331643805422122,0.30304918189843727,0.4642327122295768,0.039214530944098304,0.17597179926203455,6.562377898589094e-10,0.00020013120419307964
plot_4562,3,0.6529734679469265,5,0.34702653205307354,0.044266891296883826,0.0010029390138715396,0.0,0.038012649764058076,0.3600646714208855,0.20962631645122748
plot_4564,3,0.6907184225249615,1,0.3092815774750384,0.5413383147980504,0.0009176863611660347,0.0,0.1484624213657451,3.2192836374229574e-21,3.5428462650959477e-107
plot_4565,3,0.11126605718978322,1,0.013366131631796401,0.8887339428068846,0.0007948254256015162,0.0,0.09710510013571752,8.219786143824139e-21,3.600508434775928e-89
plot_4567,3,0.6343610283050172,6,0.2278089550525773,0.12106717155815436,0.013888799253600053,0.0,0.18329281051909574,0.0883032919215898,0.3656389716949828
plot_4568,3,0.288317752225526,5,0.19699385847215656,0.04315348482169814,0.0,0.0,0.003344949628463116,0.711682247774474,0.04482545930320819
plot_4569,3,0.2540096485963117,5,0.05247692436468335,0.2010775966108313,0.0,0.0,0.0004551276207970713,0.7459903514036883,6.193632808154637e-69
plot_4573,3,0.4642151106443935,4,0.013982189495910154,0.1421877536929114,0.22145450864594676,0.00014349447891838702,0.5357848893556065,0.0006319051993952191,0.08581525913131165
plot_4574,3,0.3302100013337234,2,0.000308902681967596,0.02575549481940523,0.6697899986662766,0.0,0.23757087994492157,0.016043710243905804,0.05053101364352317
plot_4575,3,0.4733795473202521,4,0.000754867253425166,0.24716329814409382,0.11107077204898408,0.004919449679842329,0.5266204526797479,2.4528148447169586e-13,0.10947116019366149
plot_4576,3,0.6260182682211108,1,0.09819059022595092,0.3739817317788038,0.06125603550185582,0.10807731943361051,0.1847318147171409,3.0306239445171306e-19,0.17376250834263807
plot_4577,3,0.7168149350571202,4,0.021193861472789087,0.18543755932982717,0.02328612416938782,0.2831850649428797,0.3157451842489963,6.870525213986894e-20,0.1711522058361199
plot_4578,3,0.5258155689953655,6,0.06120645759874631,0.17044473593968357,0.162683816201388,0.01395883767724089,0.11752172157830676,4.0297622163028856e-19,0.4741844310046345
plot_4579,3,0.4857425817068566,6,0.01896971647884328,0.11050091665570753,0.2396595305650192,0.005812522004743914,0.11079989600254264,3.977414284209046e-19,0.5142574182931434
plot_4580,3,0.5742547218472949,2,0.010164716290264558,0.18796889369921888,0.4257452781527052,0.0007111857007130291,0.1085322861065573,4.0100415411215417e-19,0.26687764005054115
plot_4592,3,0.5955554784842215,1,0.08461264483761184,0.4044445215156016,0.11634099278405113,0.0,0.37755694740550505,1.815716293573971e-14,0.017044893457211947
plot_4593,3,0.32287145467149464,2,0.0001583155774669241,0.03335513273992201,0.6771285453285054,0.0,0.14649351381389317,0.031592226425187796,0.11127226611502487
plot_4595,3,0.6775249747877591,4,0.0,0.23886516015001988,0.17393828539631356,0.0,0.32247502521224103,0.20129179522264218,0.06342973401878342
plot_46,3,0.04194933090706924,1,0.0,0.9580506690928873,0.0,0.0,0.04177371516969062,1.677552647361196e-21,0.00017561573742212
plot_462,3,0.495495286515758,6,0.20166347039512028,0.01364920073174679,0.1637678960070325,0.0073803758857283915,0.1082532281499123,0.0007811153462177502,0.504504713484242
plot_4621,3,0.7016162376243459,1,0.13679316883551626,0.5639575250949901,0.0008655436938396094,0.0,0.29838376237565417,4.0140634731749115e-21,2.5217173651772662e-107
plot_4622,3,0.40843375051773667,6,0.008773241544921595,0.02257647021273568,0.24840493337136643,0.0,0.12867910538871147,1.5409124298244662e-15,0.5915662494822633
plot_4623,3,0.3244164434635721,6,0.006478190191340459,0.007955935288090675,0.20612293063197146,0.0,0.10385938735216865,9.39278210444823e-16,0.6755835565364279
plot_4624,3,0.5072119095752706,2,0.000389257594256229,0.01615764749711652,0.4927880904247294,0.0,0.1460387021953099,2.5789660265838185e-16,0.3446263022885877
plot_4625,3,0.39007474736959363,1,0.0007320290340771377,0.609925252620756,0.15273017177667508,0.0,0.15352043378682875,0.07668787943000625,0.006404233351656929
plot_4626,3,0.6399091673304202,1,0.0016539114515474512,0.48166850757999224,0.03871921821934525,0.0,0.11641192050051763,0.3600908326695797,0.0014556095790177479
plot_4627,3,0.22960853589973657,4,0.10798291555931477,0.03445280848945006,0.0012712764090355118,0.0,0.7703914641002634,0.08590153544193614,9.76696522826595e-225
plot_4628,3,0.15958796564527258,4,0.014271571427977714,0.0005815219705495505,0.13682139698015644,0.0,0.8404120343547274,0.007913475266588898,1.2535989574101113e-171
plot_4631,3,0.3297045850052258,4,0.0,0.22182899178734483,0.08962866261370532,0.0,0.6702954149947742,0.01824693060417571,4.397129355342968e-83
plot_4632,3,0.1763880297327718,1,0.0,0.8236119702658201,0.007836712504169714,0.0,0.11622972714932855,1.373493125227002e-21,0.05232159008068163
plot_4633,3,0.6431213641804728,4,0.004436473640302504,0.04445917429683732,0.15292774849922175,0.05421041742484667,0.38708755031926456,1.4840207662722546e-19,0.35687863581952717
plot_4634,3,0.641221050908801,6,0.0009068581429828098,0.2980991685007539,0.2898386211907623,0.016852553074355486,0.035523849999946414,1.906311694347622e-20,0.358778949091199
plot_4635,3,0.4497513864598191,1,0.0,0.550248613540181,0.17379973319080272,0.00041350040415250776,0.2584706555371004,2.80950303360959e-20,0.01706749732776342
plot_4642,3,0.6230676612370852,1,0.0,0.5135317193321547,0.0959021554410602,0.0005045199888692504,0.3769323387629149,1.123136929252232e-20,0.013129266475001115
plot_4643,3,0.41612230816310114,1,1.680502169666096e-05,0.5838776918368989,0.227824434284351,0.0009281835348859194,0.11278474713387326,2.4983548222587298e-20,0.07456813818829434
plot_4644,3,0.5684426286841187,2,6.751446424705156e-05,0.3400704505320927,0.4315573713158814,0.003463246576205686,0.0742989106733219,2.319582166136036e-20,0.15054250643825132
plot_4652,3,0.500002717391747,2,6.606689714575493e-05,0.008890203279234303,0.4999972826082531,0.0,0.08158914270503669,1.6130680994922298e-17,0.40945730451033013
plot_4653,3,0.28750257495822595,6,0.0005030802557390481,0.006656715393130762,0.21236347648285428,0.0,0.06797930282650193,2.2578858678825426e-17,0.712497425041774
plot_4654,3,0.30747013298796444,6,0.00022727506367800054,0.0014164803970047068,0.26985435720389134,0.0,0.03597202032339033,4.1087045089367964e-17,0.6925298670120356
plot_4657,3,0.23987706021110755,2,0.00043153659642725063,0.0065479148034752474,0.7601229397888924,0.0,0.042464141474928926,1.515493481227723e-24,0.19043346733627614
plot_4658,3,0.11883610653340404,4,0.05855646245271422,0.007193662490909692,0.0453805681535555,0.0,0.8811638934665958,0.0075666057721960195,0.0001388076640285206
plot_4659,3,0.6310811665725835,4,0.03992623746130215,0.006848545773233474,0.3689188334274166,0.0,0.4082081400001207,2.1402110799716608e-19,0.17609824333792712
plot_4660,3,0.42947195534581245,4,0.035141260033538846,0.013284702861072417,0.24714731004386659,0.0,0.5705280446541876,1.6504853145855848e-20,0.1338986824073346
plot_4661,3,0.5565415823628743,2,0.018485291840777653,0.1250586055561024,0.4434584176371257,0.0,0.27526401681473733,0.0053947943408001395,0.1323388738104568
plot_4662,3,0.4306146816957205,4,0.0627451792702902,0.19197379748836663,0.04030188390796696,0.0,0.5693853183042795,0.0001403137121234268,0.1354535073169733
plot_4663,3,0.3564226362549118,4,0.03325988620333389,0.021504412531337752,0.22460186065819043,0.0,0.6435773637450882,2.1970526682444142e-20,0.07705647686204967
plot_4664,3,0.43302292974396206,4,0.008636684987946426,0.08501522850167503,0.32378440098980477,0.0,0.5669770702560379,2.603919725320431e-21,0.015586615264535836
plot_4669,3,0.3053983406806205,2,0.0049423457667930396,0.01715605533225662,0.6946016593193794,0.0,0.07457342656691521,2.095368251961188e-24,0.2087265130146556
plot_4675,3,0.11138667746135397,1,0.0,0.8886133225386461,0.08242081760852364,0.0,0.0249881474869963,6.10730603441855e-05,0.003916639305489904
plot_4676,3,0.3061658913600779,1,2.070575002013404e-16,0.6938341086399221,0.07939603327445835,0.0,0.1511762339404822,0.01384989074357827,0.06174373340155894
plot_4677,3,0.1731063560811788,1,0.0,0.8268936439188213,0.030557797014116622,0.0,0.12877715250755897,0.0010889245381601183,0.012682482021343144
plot_4678,3,0.6085138472061947,2,0.0003142031394930779,0.2053896812712388,0.39148615279380516,0.006259499368654321,0.2490048455509063,1.497820835250025e-19,0.14754561787590217
plot_4679,3,0.5114378070664523,4,0.00012444985019818825,0.18423030465185045,0.3069974182853147,0.01599368538472729,0.48856219293354763,3.0694640805087717e-13,0.004091948894054729
plot_4680,3,0.5652838105843797,4,8.146125595255442e-05,0.29426266756413366,0.21536495114211143,0.0022299006423029525,0.4347161894156203,1.6961020958667403e-19,0.05334482997987918
plot_4681,3,0.3950452579318006,1,1.06457884160178e-05,0.6049547420681993,0.16872806336633364,0.0010682822131802992,0.15306105283616858,2.9186181243899516e-20,0.07217721372770204
plot_4682,3,0.2190458283971186,1,0.0,0.7809541716028814,0.03354470435057791,0.00025405372102802674,0.1283228045143176,1.0717317665873026e-21,0.0569242658111951
plot_4683,3,0.2370074831792308,1,0.0,0.7629925168207693,0.022403112692766673,0.000115764401866469,0.16159560603735648,1.3617659600097725e-21,0.052893000047241234
plot_4684,3,0.6080547578790295,2,2.18109015581473e-05,0.25625006516589516,0.3919452421209705,0.005400578564713526,0.3418387749287548,8.717454448150146e-20,0.004543528318107917
plot_4685,3,0.4019864116165205,1,4.545854474490318e-05,0.5980135883834795,0.219567497210372,0.0016814840741623787,0.01712750081951379,2.633545463291135e-21,0.16356447096772753
plot_4686,3,0.2856288973861048,1,0.0,0.7143711026138952,0.000822439711962966,0.0,0.26744128255069133,0.017085586262713285,0.00027958886073733817
plot_4687,3,0.4100179735220521,4,0.00478059090219402,0.05702418165838002,0.19086455252439544,0.0,0.589982026477948,0.004488126591094872,0.15286052184598775
plot_4688,3,0.22868628515076816,1,0.0,0.7713137148492318,0.05879609164508345,0.0,0.16606301610771113,1.777849609084436e-17,0.0038271773979736048
plot_4689,3,0.35237025385100923,1,0.0,0.6476297461488778,0.019057317546607472,0.0,0.15915675955077957,0.173486271246008,0.0006699055077272365
plot_469,3,0.27587110468109677,6,0.06998605869160246,0.05943154658949979,0.1374750876599647,0.0,0.008978411739843534,1.8630255340621105e-13,0.7241288953189032
plot_4690,3,0.6956674051235124,1,1.4484459402165462e-16,0.37671288643478335,0.06823134114648459,0.0,0.23999259032440695,0.3043325948764875,0.010730587217837474
plot_4691,3,0.7141141428138398,6,0.2858858571861602,0.0077834012322839175,0.0861126148537033,0.0,0.07713889502027757,3.216997492370987e-05,0.5430470617326513
plot_4692,3,0.6630616110860057,1,0.0,0.5823569674145074,0.009173575789959011,0.0,0.3369383889139942,0.06821898421534295,0.003312083666196421
plot_4693,3,0.5028631777129985,1,2.9295543006560997e-16,0.4971368222868079,0.07807062558965026,0.0,0.29042367359870325,0.10323015319233494,0.03113872533250319
plot_4694,3,0.4820101734509622,2,0.010152357445757786,0.16500778322548493,0.5179898265490378,0.0,0.3025934515737233,8.797339662431815e-22,0.004256581205996138
plot_4695,3,0.4222544327931374,2,0.003911958648404896,0.03913451866938769,0.5777455672068625,0.0,0.36651811265112794,1.3478986962463275e-21,0.012689842824216833
plot_4696,3,0.5290134212185696,1,0.07203091476387084,0.470986578780229,0.11219976771298754,0.0,0.3331225077126637,5.0376579526476846e-18,0.0116602310302489
plot_4697,3,0.3497822336762684,4,0.016276471586825346,0.15629175389527547,0.1613802936803248,0.0,0.6502177663237316,1.6651891714273528e-15,0.01583371451384113
plot_4698,3,0.4836562456417669,1,0.002798553815885332,0.5163437542302496,0.243251987315091,0.0,0.14099053400293968,0.0648486220193469,0.031766548616487346
plot_47,3,0.03581591592960853,1,0.0,0.9641840840703915,0.0,0.0,0.03546914309002627,1.3590847875889982e-21,0.0003467728395822646
plot_4702,3,0.2856053895956706,6,0.1215063665009588,0.012548265452502191,0.03547031266972016,0.0,0.11608044497248404,5.4475689900926e-15,0.7143946104043294
plot_4703,3,0.43201239422480664,1,0.014849436961680403,0.5679876057741972,0.00903369951298414,0.0,0.15216396680460023,0.25575181165216854,0.00021347929436959636
plot_4704,3,0.11817980209181549,4,0.04574577921091404,0.005564445573936757,0.06171133955054241,0.0,0.8818201979081846,0.005120715354274155,3.752240214815299e-05
plot_4707,3,0.6320328629413424,1,0.0010275966320177766,0.3835056535240784,0.36796713705865763,0.0023237658375356495,0.010564473592064721,1.3157238364293526e-20,0.23461137335564586
plot_4708,3,0.3891379039266808,1,4.893606711192296e-05,0.6108620960733192,0.2112161116657053,0.0010882626920272636,0.013935447353714388,2.189014219916243e-21,0.16284914614812193
plot_4712,3,0.39966423832096953,4,0.007490829206071527,0.012507588175956817,0.17564747589314,0.0261152679134584,0.6003357616790305,2.969898926715133e-12,0.1779030771293729
plot_4715,3,0.44401875675626434,4,3.207142506524322e-15,0.11682844249093072,0.2016510428702628,0.0,0.5559812432437357,0.028345651473544495,0.0971936199215231
plot_4716,3,0.4632539112422186,4,4.9774086293967416e-05,0.13881894604434478,0.14019072318001446,0.0,0.5367460887577814,0.08248850524985876,0.10170596268170667
plot_4717,3,0.699680387826789,4,0.0006583499023701429,0.04914559256087558,0.1793650946859437,0.0,0.46025976792939644,0.010251582748203128,0.300319612173211
plot_4720,3,0.2918480774428319,2,0.003688267720813968,0.0,0.7081519225570961,0.0,0.2762592764335043,0.011900533288585573,7.804146354975908e-103
plot_4721,3,0.2650356144969231,2,0.0033568164114913656,0.0,0.734964385503077,0.0,0.2512038365415696,0.01047496154386218,7.941136121111298e-103
plot_4722,3,0.5010338496156582,4,0.0009220207152673823,0.0,0.4887850377412928,0.0,0.4989661503843418,0.011326791159098125,2.959461782621638e-103
plot_4723,3,0.2505904838234809,2,0.0682969089994857,0.0,0.7494095161765191,0.0,0.17667498871436443,0.004301883855589919,0.0013167022540408943
plot_4726,3,0.668165354685942,2,0.01374627095872533,0.0,0.6430128067492138,0.0,0.3318346453140581,0.010932988957588688,0.0004732880204142968
plot_4727,3,0.255616963695899,2,0.008036840616044844,0.0,0.7443830363041011,0.0,0.23652028293328936,0.010659046197683764,0.00040079394888100153
plot_4742,3,0.47306331409021274,1,0.0,0.5269366859096671,0.23974357421102233,0.006981089788511877,0.21887103880369524,1.7632565366604473e-20,0.007467611287103563
plot_476,3,0.42453542927240984,6,0.19853913301965598,0.0005261113948790756,0.20191215767822854,0.0,0.0010763276770688534,0.022481699502577373,0.5754645707275902
plot_4766,3,0.588305695522914,4,0.08176461929379548,0.16563180009405665,0.19851438427098025,0.0,0.4116943044770861,0.0006192269907880482,0.14177566487329346
plot_4767,3,0.24954734211834262,1,0.026029977672878398,0.7504526578810389,0.00783400499731806,0.0,0.0657672012201142,0.14951483031553514,0.0004013279131154205
plot_4768,3,0.5235933063919133,4,0.0,0.13027067347383242,0.16380590764569775,0.0,0.47640669360808674,0.010866339254741784,0.21865038601764128
plot_477,3,0.13569325073570526,6,0.09559499914331633,0.0020929661083693364,0.03610910944344402,0.0,0.0009255468474602194,0.000970629193115342,0.8643067492642947
plot_4775,3,0.28240173414746966,2,0.0006735958015581672,0.04748215984198061,0.7175982658525304,0.0,0.13944196520067004,1.9417666446519144e-11,0.09480401328384316
plot_4776,3,0.3796588116288988,1,0.0,0.6203411883711012,0.06564950768562322,0.000523742254864795,0.21245034368998056,5.64469346858542e-23,0.10103521799843015
plot_4777,3,0.407828179220006,1,0.0,0.592171820779994,0.022585232267393732,0.0024357290285132323,0.24947063408677508,3.153391217260964e-22,0.133336583837324
plot_4778,3,0.4901002732970545,2,0.0,0.3545325565129407,0.5098997267029455,0.0,0.12263867409930708,1.2218659217372393e-23,0.01292904268480674
plot_4779,3,0.35259778327692165,1,0.0,0.6474022167230784,0.19621622758446972,1.9881975442017264e-05,0.13727656473342364,2.3424566673043914e-23,0.01908510898358636
plot_478,3,0.00044473613259014366,1,0.0,0.9995552638672742,0.0,0.00015754961482975172,0.0002871865178960057,2.1503072133990794e-25,0.0
plot_4781,3,0.26818777542166666,1,0.0001338032002954083,0.7318122245783334,0.1689477575071625,0.0006848853415580674,0.08305567441935488,3.5368741456586245e-23,0.015365654953295765
plot_4782,3,0.6328927137069944,1,0.0,0.48103289124383497,0.07070316011195268,0.01451151551804257,0.36710728629300565,1.48812500160387e-22,0.06664514683316423
plot_4783,3,0.34677667846191984,1,0.0,0.6532233215379895,0.04394158531749186,0.04255964577274435,0.24330481192612063,2.3289088761396394e-22,0.016970635445653776
plot_4784,3,0.32479519344954455,2,0.00017423796690197143,0.15100931020407016,0.6752048065504554,0.00014027368932049706,0.148046534546935,2.5552328530813684e-12,0.025424837039761734
plot_4793,3,0.7123440518815353,1,0.2876559481184646,0.5021643435812445,0.020279007254479033,0.0,0.1791148136902157,0.0007250431069066605,0.010060844248689488
plot_4795,3,0.5514221712901528,4,0.0,0.4485778285241414,0.001334953393750093,0.0,0.5119479039000022,5.120507921414467e-15,0.03813931418210114
plot_4798,3,0.24035057016324612,4,0.11155738635379725,0.05943918120812009,0.006963560396773435,0.0,0.7596494298367539,0.06239044220455536,4.931145453795312e-103
plot_4799,3,0.21818455215102886,1,3.8345564371717586e-05,0.7818154478489141,0.07419582786339685,0.001012939389374927,0.1342859631376757,9.984767147076867e-23,0.008651476196266513
plot_48,3,0.3030817120194528,1,0.00017259724981948655,0.6969182879796936,0.022647623410465646,6.728685125147066e-05,0.005077535941637286,9.077917247627952e-22,0.2751166685671326
plot_4800,3,0.28869921546140914,2,0.0007263042672586068,0.04453290579134424,0.7113007845385908,0.00021311335080431237,0.1259612571859897,1.3802278348423021e-11,0.11726563485220998
plot_4801,3,0.6138128294682825,1,0.0,0.580173026546943,0.010770584802461586,0.006588034297075213,0.3861871705317175,3.922726306819338e-22,0.01628118382180263
plot_4802,3,0.6994609677813215,1,0.0,0.4526301786906911,0.059834269232344875,0.00363241624785778,0.1833641036104276,2.420327834694544e-22,0.30053903221867856
plot_4803,3,0.4199985252230992,1,0.0,0.5800014747768074,0.06212427161919459,0.048795570139543776,0.2193977647719571,2.2211869769994134e-22,0.08968091869249721
plot_4808,3,0.573412292737345,1,0.0,0.45371016658544044,0.015863936897686615,0.007614290333766977,0.42658770726265505,6.798256668915654e-22,0.09622389892045088
plot_4820,3,0.43911497538326283,1,0.08886696711140796,0.5608850224706367,0.0007755440806312211,0.0,0.20688809591184693,0.14247268426461462,0.00011168616086258465
plot_4821,3,0.5902078538716358,5,0.016321301352336032,0.29226243208464475,0.006373888265593111,0.0,0.2749724873159662,0.4097921461283641,0.000277744853095808
plot_4822,3,0.3117352923300362,1,0.1400276659913903,0.6882647076694292,0.011089961621250735,0.0,0.13971364206576795,0.011150961339692384,0.009753061312469346
plot_4823,3,0.2789786050791511,1,0.11758098125319358,0.7210213949208488,0.018224849180040588,0.0,0.12020779047769756,0.012991431879116729,0.009973552289102617
plot_4824,3,0.679418026125945,1,5.1017006145275e-05,0.328985485646429,0.3205819738740549,0.0,0.2831578515217331,0.0258759927376313,0.04134767921400639
plot_4839,3,0.08654634928030251,1,0.0,0.9134536507187447,0.0,0.00017950746306313685,0.07015846262050172,0.016208379197690408,1.7865865612834612e-105
plot_4842,3,0.16866336932746864,1,0.0,0.8313366306725314,0.0,0.00011019352741967786,0.16779489925412783,0.0007582765459211476,5.1005592227452015e-259
plot_4843,3,0.6555517313853276,1,0.0,0.6555517313853276,0.0,0.0,0.34444826861467237,4.583613678779109e-22,7.227583540121165e-260
plot_4844,3,0.6914813476720081,2,0.0,0.30429072766127063,0.36656950562210044,0.0,0.3085186523279919,7.560155795116674e-24,0.020621114388637042
plot_4848,3,0.47198385702750356,4,0.07916307125665911,0.21099116258752587,0.15541773831992603,0.0,0.5280161429724964,2.5694370646518204e-25,0.026411884863392514
plot_4860,3,0.4710671671207604,2,0.0009564702332755121,0.30356368392677163,0.5289328328792396,0.0,0.06719234110821705,3.9801438887883595e-15,0.09935467185249226
plot_4861,3,0.05601380644666475,1,0.0,0.9439861935521701,0.037456492075803226,0.0,0.01775764766183153,6.521537807913537e-05,0.0007344513321159899
plot_4862,3,0.11636456016899188,1,0.0,0.8836354398308004,0.08728000098556188,0.0,0.025105409617655394,9.664697302399497e-17,0.003979149565982257
plot_4863,3,0.2252723986386922,1,0.0,0.7747276013613078,0.0007207918691774897,0.0,0.21197483931579797,0.012310459581886396,0.000266307871830374
plot_4864,3,0.13414143994331543,1,0.0,0.8658585600566846,0.0054835197037013655,0.0,0.12092823533721636,0.005462786940421315,0.0022668979619764585
plot_4865,3,0.24972859044727674,1,0.00010246179968286635,0.7502714095522266,0.17746437140081556,0.0,0.05692554418836598,5.20389124648359e-16,0.015236213058908514
plot_4866,3,0.16652364932005526,1,0.0,0.8334763506799447,0.012184017203644126,0.0,0.13407050221905353,0.011743146539328252,0.008525983358029418
plot_4867,3,0.5790206535060805,2,5.004039601846864e-15,0.14125317326188713,0.42097934649391955,0.0,0.19913765943671644,0.011342374219436922,0.227287446588035
plot_4868,3,0.6655995265349277,2,9.746782192767496e-05,0.10016303812167598,0.45355055460048854,0.0,0.11074839284085596,0.0010400731499796893,0.33440047346507223
plot_4878,3,0.5367917933165347,6,0.08584437907919044,0.03587762894364842,0.15348394667551965,0.0,0.2613438950004154,0.0002419436177606936,0.46320820668346535
plot_4879,3,0.5753905103095693,2,0.05171417481588236,0.07559378160676619,0.42460948969043066,0.0,0.20355905811572705,0.002932684808875846,0.24159081096231794
plot_4880,3,0.6668321612536264,4,0.030857150841610836,0.09353642906903799,0.27452938374110786,0.0,0.3331678387463736,0.0044469234025074165,0.26346227419936236
plot_489,3,0.06515136244545297,6,0.02556363579217704,0.00653027657521782,0.02708657181394645,0.0,0.005970878264118828,3.838266241181725e-15,0.9348486375545361
plot_4893,3,0.39299260599946084,4,0.0,0.304859346416249,0.06657070997586607,0.0,0.6070073940005392,0.021562549607345754,2.9704434195085056e-83
plot_4895,3,0.6933581376989656,1,0.0,0.6621559014199762,0.00025581000115056313,0.0,0.030946426277838814,0.3066418623010344,3.868031532166505e-104
plot_4896,3,0.17027655577953182,1,0.0,0.8297234442167871,7.538760315110975e-61,0.0,0.11173150815897928,0.05854504762423343,1.6025519451650682e-105
plot_4897,3,0.1635216753613912,4,0.10789900787110729,0.027978821259217863,0.015238152786911858,0.0,0.8364783246386088,0.01202087826987934,0.0003848151742748871
plot_4898,3,0.11950996161870621,4,0.020808569365922264,0.0018280141396511556,0.08914199877483552,0.0,0.8804900383812938,0.0008031119323597471,0.006928267405937551
plot_4899,3,0.38716331522497494,6,0.08025530380928102,0.007397688903076122,0.27982193004328404,0.0,0.01966650669368154,2.188577578993747e-05,0.6128366847748874
plot_49,3,0.3286122105273744,4,0.007817185400101175,0.04089477744688526,0.014327357415173561,0.21519680830734556,0.6713877894726257,0.05037608195786891,4.10067505286298e-82
plot_4900,3,0.15352915719113094,1,0.0,0.8464708428088691,1.734370059603965e-61,0.0,0.14006026131258306,0.013468895878547903,5.0333707585808273e-104
plot_4901,3,0.16865874799714203,1,0.0,0.831341252002858,2.2761319886678028e-61,0.0,0.15098259832456346,0.017676149672578637,1.0117085796745419e-107
plot_4906,3,0.578571128669189,1,0.42142887133081086,0.529034425711083,0.0,0.0,0.005564946688042373,0.043924284693470476,4.74715765931372e-05
plot_4907,3,0.4711385785036439,1,0.2920638786824206,0.5288614214963562,0.0,0.0,0.0006294595522680041,0.17844524026895525,1.011728444075229e-69
plot_4908,3,0.21324627127241313,6,0.07009437859109752,0.00601679501574644,0.10268895853631269,0.0,0.034446139129238114,1.8411617607880335e-14,0.7867537287275869
plot_4909,3,0.47358943844040535,2,0.02649168827932138,0.033643261599989635,0.5264105615595946,0.0,0.012685956863872904,4.2356071776679785e-14,0.40076853169717913
plot_4910,3,0.27570524580287414,6,0.12496289638797224,0.006765006809696728,0.08177172569021812,0.0,0.06217636785648168,2.9249058505401188e-05,0.7242947541971259
plot_4911,3,0.6127825669509974,4,0.0003851255225578308,0.34958775673981957,0.1335682640266277,0.0,0.38721743304900264,0.11074006773786321,0.01850135292412916
plot_4914,3,0.47031056935039367,2,0.00788178282775233,0.019762212130294252,0.5296894306496063,0.0,0.385667649051987,2.1566942529926267e-21,0.05699892534035999
plot_4915,3,0.6602763929889561,6,0.06310728340321337,0.001621322804535037,0.2605627265733476,0.0,0.3349850602078601,3.319661005552373e-20,0.33972360701104387
plot_4916,3,0.4935299451536826,4,0.01833306684300838,0.2763482284909416,0.18035292802000122,0.0,0.5064700548463175,8.544746333020777e-18,0.01849572179973144
plot_4917,3,0.5137531025833392,1,0.058441548333412766,0.48624689741641175,0.08731279761229907,0.0,0.347481775451991,9.732247954389669e-18,0.020516981185885436
plot_4919,3,0.3522464948092758,1,0.09654210599248106,0.6477535051905411,0.013369927473751445,0.0,0.16170544487637767,0.07979438619462573,0.0008346302722230608
plot_4920,3,0.6664391748106175,1,0.03192779277327716,0.5953631343180731,0.008888606249158435,0.0,0.33356082518938246,0.02977868046862184,0.0004809610014870207
plot_4921,3,0.6223591053873316,2,0.008377180397402147,0.3251217684206431,0.3776408946126684,0.0,0.011150398397389454,0.1047246894681528,0.17298506870374414
plot_4922,3,0.6332595913192498,4,0.0803095965622918,0.17448339593717827,0.0004460668501812494,0.0,0.3780205319695986,0.3667404086807502,8.588897741944493e-103
plot_4923,3,0.7167053399145343,4,0.2832946600743468,0.10063509019659089,0.0038562658701273927,0.0,0.5421111404272203,0.07010284343171463,1.0149926514453077e-102
plot_4924,3,0.4822846909321588,1,2.7783396811978622e-05,0.5177153090665043,0.15354465948216156,0.0,0.236754920999215,0.07198158254052757,0.01997574451477968
plot_4925,3,0.27007774360810144,1,0.0,0.7299222563918986,0.003927022619550587,0.0,0.10424487503588929,0.1619058459526616,5.636846301314737e-85
plot_4926,3,0.18645662866828142,1,0.0,0.8135433713317186,0.0005049166387271737,0.0,0.04975265776451013,0.13619905426504414,1.2794688931410026e-103
plot_4927,3,0.13455226664278094,1,0.0,0.865447733357219,6.645176522044206e-05,0.0,0.09908908347202405,0.03539673140553644,1.3320341224920079e-104
plot_4928,3,0.7046764102737136,1,0.0,0.6929370935281123,1.5116546795945409e-61,0.0,0.29532358972628636,0.011739316745601424,6.1293400312761364e-108
plot_4929,3,0.15262949676357532,1,0.0007437812575223622,0.8473705032364247,1.053211474802324e-61,0.0,0.14370661000682428,0.008179105499228689,3.556450956166627e-104
plot_493,3,0.683989397670933,4,0.0,0.08814458462130224,0.06800960940695983,0.0,0.5278352036426484,2.2715606686458113e-14,0.3160106023290669
plot_4933,3,0.6412021903495565,4,0.00602289001643903,0.012856330120561824,0.35879780965044344,0.0,0.5491176267956145,6.741364543970329e-15,0.07320534341693447
plot_4934,3,0.3544085315214016,4,0.013319039475353196,0.0931851852504911,0.20191053334088838,0.0,0.6455914684785984,3.886781442901362e-15,0.045993773454665085
plot_4935,3,0.3063350125278014,4,0.029834642850948844,0.22474525560113046,0.045644424260700284,0.0,0.6936649874721986,0.0003149536100672092,0.005795736204954627
plot_494,3,0.30930389984388873,1,0.0,0.6906961001559822,0.01638600344342281,0.0,0.21914556440871077,0.07377233199188424,1.9936513995267117e-82
plot_495,3,0.29890997131731617,1,0.0,0.7010900286826838,0.01568188590940831,0.0,0.21387902486299426,0.06934906054491353,1.8741152391175517e-82
plot_496,3,0.3286607953230509,1,0.0,0.6713392046769491,0.013065014993783623,0.0,0.28470093650257244,0.030894843826694933,8.349139436181236e-83
plot_50,3,0.689748678015701,4,0.01129242471842723,0.02722548499636847,0.013682137417797635,0.31025132198429906,0.5696394541623551,0.06790917672075256,8.609514730130237e-83
plot_5045,3,0.34921499174639775,4,1.8166326982553288e-13,0.025364861122543873,0.302687099255403,0.0008850622551570556,0.6507850082536023,0.00465544999325204,0.01562251911986012
plot_5046,3,0.40694215669570205,4,8.023963317849847e-15,0.11745438581231352,0.28087486369496145,0.00762628369396167,0.593057843304298,0.00019063784358474878,0.0007959856508726645
plot_51,3,0.030744267112957333,1,0.009124522965298122,0.9692557328869367,0.010095632445431633,0.0001651260999349895,0.01086043906464053,1.1171858332518182e-15,0.0004985465377569361
plot_514,3,0.6448858543314206,1,0.0,0.621274863889912,0.002577643233963623,0.0,0.3551141456685794,0.02103334720754504,5.684131294868992e-83
plot_5176,3,0.537029503077228,1,4.038690997452557e-05,0.462970496922772,0.29188233957427234,0.051074820562465484,0.19394876511722126,8.319091329443778e-05,1.1686683696791093e-81
plot_5186,3,0.6283113373270977,4,0.0,0.27818167143883776,0.15210048251879094,0.0,0.3716886626729023,0.19802918336946906,5.351615543549663e-82
plot_52,3,0.35384394915953377,6,0.0004636887854854468,0.2967186224955095,0.05186433094910196,7.444407258370484e-05,0.0047228628568469775,6.1410385464064676e-15,0.6461560508404662
plot_5204,3,0.5050706015565457,2,7.733209223161337e-15,0.05143980161405891,0.4949293984434543,0.0010358117652919808,0.4516961408416823,0.00015248194587371263,0.0007463653896311805
plot_5205,3,0.49470735556175527,2,0.0,0.21989823495068977,0.5052926444382447,0.012104149645928033,0.2627049709651374,4.350078722135106e-22,1.0718019963230178e-81
plot_5206,3,0.49485336561345583,2,0.0,0.2663289027991892,0.5051466343865442,0.013230075043757155,0.21529438777050952,2.864282255943592e-22,1.2973749984610449e-81
plot_5220,3,0.6810970560897688,5,0.0,0.3096915347296177,0.14004572944331622,0.0,0.23135979191683495,0.3189029439102313,8.618153761355462e-82
plot_53,3,0.3710648270092065,6,0.0002553112454479458,0.2661203723552056,0.09940418875141915,0.0008023750924046814,0.004482579564729149,1.3819033532839273e-20,0.6289351729907935
plot_5321,3,0.6972853171924387,4,0.0,0.11905637285759334,0.30271468280756125,0.0,0.3877441534495224,0.1904847908853231,5.140730851064496e-82
plot_538,3,0.567429677019508,4,0.027185317023032198,0.0041344912194946695,0.131538137491981,0.0027282837254940335,0.43257032298049214,1.2631868751525405e-12,0.40184344755824286
plot_539,3,0.5743199730112231,4,0.017164444459154868,0.2389935788977572,0.051177537075261646,0.11383962506421191,0.425680026988777,4.4251314128072844e-13,0.15314478751439492
plot_54,3,0.0946200981820438,1,0.00034285433336310586,0.9053799018177446,0.00041767221533373506,0.0,0.09385957163355846,3.9226283309886707e-17,7.663244743154295e-107
plot_540,3,0.5418508969069089,4,0.009285439579356706,0.25789217839885586,0.02796157542459266,0.14788093371162994,0.4581491030930911,1.3161953425514402e-13,0.09883076979234195
plot_541,3,0.5777236177608449,6,0.0995332182246066,0.11764958555514243,0.11660008632429396,0.08619331896505254,0.15774759459187454,2.21731056878779e-13,0.42227619633880825
plot_544,3,0.047697595009536575,1,0.0,0.9523024049904635,0.004192114493567299,0.013634507668208805,0.02269442935011702,0.00712734073928139,4.9202758362105366e-05
plot_545,3,0.378697323162699,4,0.07488777474434674,0.050256450062206415,0.19697734590901955,0.00464261126603982,0.621302676837301,0.05193314118108644,4.357890091640821e-102
plot_5495,3,0.2999958501776204,1,0.000576023938006216,0.7000041498107049,0.006716068830455225,0.0002821678080145047,0.27813451463713545,1.0169318699269317e-21,0.01428707497568351
plot_5496,3,0.4857089898917128,1,0.00021122465529928097,0.514291010106732,0.0228665724399301,0.06883077070591671,0.2445044126394147,6.245357784733755e-05,0.14923355587486
plot_5497,3,0.5940402038028321,1,0.0,0.5499327434619613,0.013193444134538776,0.00562067240786511,0.40595979619716793,3.166954867632356e-22,0.025293343798466775
plot_5499,3,0.21995098436048258,1,0.0006667085783201281,0.7800490156394106,0.0017834708865590075,0.011065119059854411,0.1799819046648873,1.4307014575612187e-16,0.026453781170968464
plot_55,3,0.038047171365167824,1,0.0,0.9619528286335246,0.0,0.0,0.03548794026460411,1.7766261076940153e-21,0.0025592311018713667
plot_5500,3,0.6987135193362733,6,0.004289108661519315,0.25901513006912397,0.09415549026420605,0.10055981354126299,0.23918399710015237,0.001509979700008689,0.30128648066372665
plot_5501,3,0.5846769631411192,1,0.0,0.41532303685867333,0.11098673678169052,0.0008767035575007639,0.3846095465141317,3.7507752174397107e-22,0.08820397628800351
plot_5504,3,0.08642291066020025,0,0.9135770893397998,0.0012438836834652066,0.04163935853935589,0.0,0.0016709787758267295,2.1825425651546678e-06,0.0418665071189873
plot_5516,3,0.5131405407306664,4,0.00015524308286631565,0.2401693223723964,0.12619666544303582,0.016489767710658618,0.4868594592693336,4.590129853598167e-05,0.13008364082317328
plot_5533,3,0.27479961034248523,1,0.00032112775477286063,0.7252003896548567,0.007287778078725587,0.0002910525377936389,0.25342994814775144,4.132998681006475e-22,0.013469703826099856
plot_5536,3,0.48633463502583607,6,0.09325642378719023,0.03425801920075612,0.06270209126255367,0.0648780007873686,0.2302748262061866,0.0009652737817808806,0.5136653649741639
plot_5557,3,0.3411910247136743,1,1.599039912663041e-05,0.658808975286325,0.16890779879983722,0.0017946175487598655,0.09358496957780711,2.0243035692970515e-27,0.07688764838814434
plot_5558,3,0.12573204931334564,1,4.257182215556239e-285,0.8742679506866544,0.026632768262304863,0.00234135701649065,0.08535084061157579,5.494947033851976e-28,0.011407083422974381
plot_5563,3,0.005053553142513497,1,0.000366282384935646,0.9949464468574866,0.0,0.0035286990925246725,0.0011163942519220216,4.2177413131220226e-05,1.5243633785050328e-105
plot_5565,3,0.5164232238828083,6,0.003789696238490877,0.09066443916844485,0.22725752956547496,0.06272407259122319,0.13198748631917442,7.442982373930465e-26,0.48357677611719174
plot_5566,3,0.6210006779666452,2,0.00020332083002504563,0.2544408010714612,0.37899932203335485,0.010633812285845711,0.10902591760210838,2.3201046348611055e-26,0.24669682617720484
plot_5567,3,0.6587718662018722,1,1.9835615834563035e-05,0.5599408641065362,0.018249302787147658,0.03538569610900747,0.34122813379812766,2.7072023580566488e-27,0.04517616758334652
plot_5568,3,0.2142156479281855,1,1.2135869665680988e-284,0.7857843520718057,0.02911759993911925,0.0032955108995139327,0.16014195197528075,1.848752287065968e-27,0.021660585114280408
plot_557,3,0.3045260570234275,1,0.0969795395906931,0.6954739429765171,0.0004322976203906819,0.00032939696851257995,0.012337013281733627,0.19401899224801245,0.0004288173141405865
plot_558,3,0.2301810226531431,1,0.030769039922092768,0.769818977346617,0.0004575386319650865,0.00043143939422933704,0.01274233385826029,0.18535510092059837,0.0004255699262372842
plot_5582,3,0.6959178335308654,6,0.30408216646913455,0.009493656669193605,0.038964493259299036,0.10161223091861235,0.07294024923737039,0.007588899950600071,0.4653183034957899
plot_5583,3,0.7060466049618757,6,0.11695787038688701,0.06309306841771344,0.043911577010379316,0.29395339503812434,0.08139817728747605,0.0007599607710103085,0.39992595108840967
plot_5584,3,0.6555903704823256,0,0.3444096295176744,0.06801897732107055,0.07382733592155989,0.0005819772278752739,0.22613211935213845,3.484298673473117e-07,0.2870296122298141
plot_559,3,0.09276775361879566,1,2.306309114139412e-17,0.9072322463812044,0.004376673436273118,0.06194202240192246,0.018637727804637697,0.006830138981566995,0.0009811909943953912
plot_5590,3,0.05812416248966878,1,0.0004049460141983594,0.9418758375103312,5.594074444297873e-05,0.004017999340201319,0.0532857930629143,6.013429559065916e-05,0.00029934903232116096
plot_5593,3,0.02418928156554157,1,9.725163176762562e-05,0.9758107184344504,7.01004473539209e-05,0.0003754256426792868,0.02341438186959301,5.74834223083148e-05,0.00017463855184732415
plot_5594,3,0.36845091780858297,1,4.8982637837874206e-05,0.6315490821914166,0.09282236583069739,0.005943985130459368,0.16648871231023793,2.050138054516826e-27,0.10314687189935084
plot_5595,3,0.7066060246763021,1,0.0001670277805417578,0.3326651345234249,0.16973963496663674,0.008868010976766783,0.29339397532369804,1.1406439106982725e-26,0.1951662164289318
plot_56,3,0.7112723020947439,1,5.996910473384624e-05,0.7111936453844487,0.0,0.0,0.2887276979052561,1.2890380175606377e-20,1.8687605561362715e-05
plot_560,3,0.21555422846456188,1,1.2756521604200195e-16,0.7844457715353028,0.014711472371928096,0.11334702564727071,0.0727490159899793,0.005511087079873954,0.009235627375645043
plot_5600,3,0.46005722509270075,4,0.03842095129548149,0.39004031901818004,0.005338395792377104,0.007975544698773462,0.5399427749072992,2.197287294399824e-08,0.018281992315015587
plot_5601,3,0.3937732935911564,1,0.0017053700942392712,0.6062267064088435,0.00023644998237433234,0.00018902393552474873,0.3645458861673501,0.0053021752756833365,0.02179438813598459
plot_5602,3,0.373727550176989,4,0.047903501441304425,0.23029624405428634,0.031228983492495636,0.0007308151013080124,0.626272449823011,0.00010797595064724451,0.06346003013694725
plot_5605,3,0.382753306018105,6,0.12435340430932573,0.024933124564394903,0.015372041170952058,0.028436050136557933,0.1797714422202834,0.009887243616590925,0.617246693981895
plot_561,3,0.7227850230279838,1,1.6705864077840862e-15,0.47228034569114463,0.07379436317920224,0.2772149769720163,0.1333088734576796,0.007863500268915195,0.03553794043104032
plot_562,3,0.18722978799511428,1,0.013419688118025363,0.8127702120042306,0.010356834083910612,0.007462754005744208,0.07999997283540528,0.07586146346630021,0.0001290754863836786
plot_563,3,0.3359934519287085,2,0.09495146183790876,0.018726166702106393,0.6640065480712916,0.0682872413778689,0.07585623239066111,0.05536768494944633,0.022804664670717026
plot_566,3,0.42741315623357323,4,0.05807604907916053,0.20742392462157827,0.004302341200250915,0.13535185910572492,0.5725868437664268,1.3701020029404174e-12,0.02225898222548851
plot_567,3,0.05501487859848203,1,0.001570219665484871,0.9449851214001882,0.0009440844497443737,0.004171289278190594,0.02422158743720578,0.02410769776918622,2.8150569332633247e-105
plot_568,3,0.6965114071647971,2,0.01670025681241828,0.1677158893850691,0.3511247843319729,0.30348859283520285,0.14725847734899428,0.009729556084179958,0.003982443202162653
plot_569,3,0.3632546350944453,2,0.07751898468941464,0.029922298638134646,0.6367453649055548,0.12000878578840725,0.08217313087923557,0.02280927200177466,0.030822163097478525
plot_57,3,0.12402964133689298,1,0.0,0.8759703586628443,0.01480822780945626,9.58469014668224e-05,0.020837513092887828,2.50344059598953e-22,0.08828805353334482
plot_570,3,0.38970315279723927,2,0.07672901197426787,0.03375057726737924,0.6102968472027607,0.09579881720522936,0.13003775447143237,0.048299542899107054,0.005087448979823299
plot_5711,3,0.5592810987364616,6,0.004707294109134463,0.01976572619166168,0.44071890126353847,0.0,0.07836606541610099,5.800428366778929e-16,0.45644201301956383
plot_5727,3,0.5339925987501168,2,0.07281109596666488,0.17191174932363457,0.46600740124988316,0.0,0.01908692853139144,2.2304733229674922e-12,0.2701828249261955
plot_5728,3,0.5150752176418594,2,0.08669459861929334,0.13998248691255402,0.4849247823581407,0.0001734854751552936,0.07498706820680598,8.368167524769591e-13,0.21323757842721391
plot_5729,3,0.44688675318177246,1,0.06564846479095181,0.5531132468182275,0.14920252509137924,6.73009297545803e-05,0.2009903618885094,0.028517968122462954,0.002460132358714435
plot_573,3,0.014612351825417157,1,0.00018499450834901082,0.9853876481669865,0.0,0.01210411834965178,0.0017252927120853293,8.74198118754995e-05,0.0005105264510519032
plot_5730,3,0.17278775176978717,1,0.09616098540431617,0.8272122482264954,0.038227734973579224,0.0,0.03803841409699872,9.636817762249821e-05,0.00026424912098802216
plot_5731,3,0.7043901361975293,1,0.2956098638024707,0.5766316016046564,0.06500333199437339,0.0,0.05820435463339546,0.0042621211444860575,0.00028872682061806005
plot_5736,3,0.2664092532009797,1,0.16868478041199894,0.7335907467988982,0.022242779182142382,0.0,0.07455929068908357,0.0007050011944597097,0.00021740172341724737
plot_5737,3,0.010379759185149943,1,0.0,0.9896202408148422,0.00023923412549392247,0.001218530591256544,0.0071057013776427615,0.001816293090764573,5.0931244899622815e-107
plot_5738,3,0.6109540318019433,1,0.043241495436354666,0.45431796976797617,0.014211688178622792,0.00022360405613755185,0.094310801274302,0.004648473088550114,0.3890459681980567
plot_5739,3,0.3157955678815979,1,0.005803732046857142,0.6842044321182517,0.10337334353138097,0.0,0.04446661724823281,0.0003963660070188314,0.16175550904825864
plot_5740,3,0.014603717174467375,1,0.0,0.9853962828255318,0.0009733502956601711,2.8327150780306895e-05,0.012835231272734417,0.00023223071881562718,0.0005345777364777007
plot_576,3,0.6781250243489746,1,0.0002321925803158586,0.4331911375568095,0.32187497565102535,0.13289033053412966,0.10218880484164933,0.00013305911230465084,0.009489499723765822
plot_5765,3,0.36817235749902977,1,0.07414493240699012,0.6318276425006658,0.10456415154958391,0.00026169485634608045,0.17585464083977573,0.004454395690212081,0.008892542156426193
plot_5766,3,0.036847222864357564,1,8.706473016129614e-05,0.9631527771356347,0.009082883446092064,0.0,0.019163026455740598,0.0001274190335091143,0.008386829198862055
plot_5767,3,0.011563073692675431,1,0.0,0.9884369263073175,0.0,0.011248102824396871,6.411812062601688e-05,8.174013610377587e-05,0.00016911261155587738
plot_5768,3,0.12489419944695862,1,4.6044182906673885e-05,0.8751058005530281,0.0,0.12030729593517471,0.0045408593288905124,1.9996004097648497e-35,8.466010568166309e-106
plot_5769,3,0.463445777641609,1,0.005979732340998805,0.536554222358391,0.2334061399725857,0.00031568179125484713,0.21197924013988173,0.0002474269778598694,0.01151755641902816
plot_577,3,0.4408000739737361,1,0.00036228994472755266,0.5591999260262639,0.162555262138311,0.18320857392731027,0.08986176938285664,0.00023750904061695588,0.0045746695399136745
plot_5770,3,0.660128722760817,1,0.013943250587524075,0.3882920650882845,0.19030034659539324,0.004673100618829899,0.33987127723918303,0.0035552641516039636,0.05936469571918128
plot_5771,3,0.6847611392514547,2,0.058318829508346166,0.2896648494690215,0.31523886074854546,8.838448761962014e-05,0.24691052846178288,0.08661970091238216,0.0031588464123024
plot_5775,3,0.005888346579987833,1,0.0,0.9941116534200122,0.0,5.9940443228607515e-05,0.0006188813646284125,0.005209524772130823,0.0
plot_578,3,0.5034846261898813,1,0.0008451019691767456,0.4965153738048612,0.17012883599599393,0.2074585810179836,0.12094284363029593,0.0005520755457649933,0.003557188035923667
plot_5784,3,0.5034272728525796,6,0.08918266941445585,0.18830162259895872,0.10678051867592842,0.0,0.11916246216310761,1.2901765547417264e-13,0.4965727271474204
plot_5785,3,0.5566874669222153,1,0.015617560228475085,0.44331253307775537,0.03624493561519289,0.0,0.16119066804034837,1.3158337351200786e-13,0.34363430303809683
plot_5786,3,0.6379919797232504,6,0.0080622920227812,0.3271568003532125,0.10991089713805366,0.0,0.19286199020915418,4.8851247866327814e-14,0.3620080202767496
plot_5787,3,0.36086780829820764,6,0.0707939231477853,0.032347372816065895,0.16235827500642297,0.0,0.09536823732792017,1.327376648162118e-14,0.6391321917017924
plot_5788,3,0.3560850486629762,6,0.010667554847905894,0.09018123982810765,0.1186929488933085,0.0001567877079070533,0.13638651738573787,9.138092826988008e-15,0.6439149513370238
plot_579,3,0.0004162691328295572,1,0.0,0.9995837308671426,0.0,0.0002423495119812371,2.164403096460523e-13,0.0001739196206597483,0.0
plot_5792,3,0.3844908193343639,6,0.0009687535985355632,0.08305172503541158,0.09674279318128062,0.00013823344310745904,0.2035893140760281,6.249973140770452e-16,0.6155091806656361
plot_5793,3,0.33784891441595344,6,0.010983523718478255,0.03366033047947656,0.197406270301289,0.0,0.0957987899167034,6.195854889542433e-15,0.6621510855840466
plot_5794,3,0.5580014580256482,4,0.00042074783563396894,0.14500509565579256,0.026232089323557268,0.0007584496406477357,0.44199854197435184,3.283062098286585e-16,0.38558507557001626
plot_5795,3,0.543080122292686,6,0.005820163890727057,0.01751876629046522,0.456919877707314,0.0,0.05105631772173815,5.86685042620695e-16,0.468684874389755
plot_5799,3,0.2922419523994786,1,0.0,0.7077580476005214,0.1332565073229372,0.0003310250756911537,0.14888711913092645,1.9987496358597307e-22,0.00976730086992374
plot_58,3,0.1003023468667768,1,0.0,0.8996976531331436,0.019611351279100117,0.00012940483512647788,0.022883639072362412,5.188894756498682e-22,0.05767795168026732
plot_580,3,0.08185934514993737,1,0.009768835263153053,0.9181406548488622,0.00019681262989931021,0.06069198158671962,0.010781007628671745,2.254904678972508e-20,0.00042070804269406866
plot_5800,3,0.2525279504168595,1,0.007041358547812465,0.7474720495814906,0.0,0.0,0.245486591870697,4.695638565162942e-19,0.0
plot_5801,3,0.39906919362205096,4,0.0,0.20240359258281393,0.19628879010822223,0.0001281464676167403,0.600930806377949,2.6883546198842135e-22,0.00024866446339813486
plot_5802,3,0.6491420893991213,2,0.0,0.32561067665969257,0.3508579106008787,0.00026233493949975433,0.3227608979637775,1.8205063405644083e-22,0.0005081798361515441
plot_5803,3,0.5006531705654789,4,0.0,0.24412235494025064,0.2558905514866661,0.00033393003368778343,0.49934682943452113,1.2013273207285172e-22,0.0003063341048743987
plot_581,3,0.29793965512998605,1,0.005180057679270633,0.7020603448698701,4.181035040368963e-05,0.18829476952588234,0.10197215224033067,1.0316715382627202e-21,0.0024508653342425394
plot_5818,3,0.39388930862582483,1,0.0,0.6061106913741752,0.14604728766801106,0.00014691170087796458,0.24215923479770568,1.7392563875569335e-22,0.005535874459230238
plot_5819,3,0.38100121474400955,4,0.0011433916829788335,0.3798578230610308,0.0,0.0,0.6189987852559905,8.820270067423159e-19,0.0
plot_582,3,0.6821765913510299,1,0.01919553494184806,0.5495446375038225,0.00010626202231254377,0.31782340864897013,0.10955617013977315,5.5040069714613185e-21,0.0037739867432736414
plot_5820,3,0.424399937653102,4,0.0009138974746093546,0.42348604017849273,0.0,0.0,0.575600062346898,1.1190843999615845e-18,0.0
plot_5821,3,0.3771346744535461,1,0.009806379499875832,0.6228653255448204,0.0,0.0,0.36732829495530384,7.034979954613592e-19,0.0
plot_5831,3,0.23028642125251242,4,0.0987117272296521,0.0,0.02305186280632228,0.09086039352046615,0.7697135787474876,0.009774806442245702,0.007887631253826187
plot_5837,3,0.703066999997037,4,0.022595840596549788,0.3244733276545094,0.00035458940573222824,0.296933000002963,0.34949716708970513,1.07933700204342e-22,0.0061460752505403966
plot_5838,3,0.7022031575526527,4,0.0,0.32512939923192846,0.004562707665436771,0.00035721032943480875,0.37180766800979864,0.2977968424473474,0.0003461723160540069
plot_5839,3,0.2507692620391584,4,0.10733638310970536,0.0,0.05241339539057832,0.06469410493181846,0.7492307379608416,0.013175269971106837,0.013150108635949436
plot_5840,3,0.3087278586605979,4,0.18391573753510237,0.0,0.026337152521428663,0.07234748584783621,0.6912721413394022,0.014361082028789825,0.011766400727440817
plot_5841,3,0.47228035332514307,1,0.0,0.5277196466745526,0.01173224186183363,0.00544299687754409,0.3058561641550531,0.14924895043101655,1.449786250739404e-102
plot_5842,3,0.36521232920385294,4,0.0,0.16405560725545634,0.029009581116033648,0.0015494356411436883,0.6347876707961471,0.1705246067501094,7.309844110991164e-05
plot_5843,3,0.3857207661478066,4,0.0,0.220660540865584,0.06544683125778186,0.012809380550171074,0.6142792338521934,0.0867518933386765,5.212013559310413e-05
plot_5846,3,0.20475949133303528,4,0.09052677187647329,0.0,0.06686160485297613,0.029428377897841203,0.7952405086669647,0.011098105993343765,0.006844630712400891
plot_5849,3,0.6279717308565076,6,0.37202826914349235,0.01671178072717866,0.16501706988746115,0.0018441750268307782,0.04581221695514117,0.00029975297924962954,0.39828673528064634
plot_5855,3,0.3344725409962589,4,0.00974243541373556,0.22694326334482712,0.004670619833966159,0.0027526992645102726,0.6655274590037411,0.0044355113722085275,0.08592801176701123
plot_5856,3,0.452200396917814,4,0.034470247136921026,0.26664819179291166,0.0009883201383831038,0.0007304646809762941,0.547799603082186,0.057716732470594515,0.0916464406980273
plot_5857,3,0.3356578939336305,1,0.0069926084853535984,0.6643421060663682,0.0018234919169877895,0.002951044119861497,0.3166271794265397,0.00017409702118335312,0.007089472963705985
plot_5858,3,0.23636928871463964,1,0.005096309138387101,0.7636307112853598,0.0002957685635536254,0.03877112150094703,0.1907964915529456,4.59715197596635e-10,0.0014095974990919148
plot_5859,3,0.08790446657110658,1,0.00015567414315455731,0.9120955334288934,0.0,0.07289147334292616,0.012618649602846891,3.401898225819693e-26,0.0022386694821789396
plot_5860,3,0.19885574221047445,1,0.0050802523270537785,0.8011442577895256,4.452906024771568e-05,0.07348606776741268,0.09681320445843306,1.4563620690582955e-07,0.02343154296112033
plot_5861,3,0.5524918696348935,6,0.17002925529179178,0.1427796926165091,0.05321018372384597,0.005534230637891849,0.18093790344991934,6.03914935459076e-07,0.44750813036510656
plot_5862,3,0.019006244658618176,1,0.0,0.9809937553413738,0.0,0.00016154199733469843,2.205493441174131e-14,0.018844702661269485,0.0
plot_5863,3,0.18697762114845726,1,0.0,0.8130223788515427,0.0,0.08669058174715305,0.005674444172970883,0.013639627666155372,0.08097296756217792
plot_5864,3,0.19191796842706288,1,0.0,0.808082031572937,0.0,0.08419700899852758,0.005838825822391556,0.016042390999090512,0.0858397426070532
plot_5865,3,0.14438756774666983,1,0.0,0.8556124322533302,0.0,0.13753763491417217,0.0001805516918532574,0.0003183759062526206,0.006351005234391777
plot_5866,3,0.013473144950672283,1,0.0,0.9865268550493158,0.0,0.004323668972359716,1.1054517817318277e-14,0.00010822748418255614,0.009041248494130802
plot_5867,3,0.09919168089964249,1,0.0,0.900808319100351,0.0,6.43549946670924e-06,8.072205505046706e-05,0.09777856563777222,0.0013259577073596433
plot_5869,3,0.4509790679772296,1,0.03842720826242553,0.5490209320227705,0.0030351770641484817,0.06400393801203401,0.15858899005157526,1.6014106018623997e-06,0.18692215317644453
plot_5870,3,0.14094228465186676,1,0.0033579871623525717,0.8590577153481331,7.766176925393822e-05,0.05338675892980124,0.06136989597057091,9.78414136343146e-08,0.02274988297847437
plot_5871,3,0.4104454570193906,6,0.09421321611036411,0.013509610755504596,0.06607944486021916,0.15188805708060946,0.08135116248779063,0.003403965724902645,0.5895545429806094
plot_5872,3,0.448794727623249,6,0.20899587102579403,0.019511042343953497,0.01173243922296751,0.024345067324336868,0.11515072566656369,0.06905958203963342,0.551205272376751
plot_5873,3,0.3297030171588642,4,0.010768311370827297,0.17442520758459895,0.0040659923483474265,0.004121538876881844,0.6702969828411359,0.008396793686763687,0.12792517329144498
plot_5874,3,0.4959462522181397,6,0.2281037798814169,0.01938659560791163,0.1412590271119949,0.0003641917893048858,0.10683014732069365,2.510506817798382e-06,0.5040537477818603
plot_5875,3,0.416862153382629,6,0.17350260774220316,0.009025223712395499,0.0504765012944048,0.11079710328470052,0.06235355117220892,0.01070716617671609,0.583137846617371
plot_5876,3,0.7049342153302083,6,0.21337047096749018,0.017397180815538107,0.2950657846697918,0.0037959513393841624,0.09070737727492663,8.055343686595834e-07,0.3796624293985004
plot_5877,3,0.6062018971955578,0,0.39379530726120593,0.015858763367679492,0.13546498003872032,0.00026963083749488077,0.08549871083179786,2.7955432372729214e-06,0.36910981211986427
plot_5878,3,0.5610219708089454,0,0.43897802919105455,0.04154980079892905,0.012225242767139669,0.00046826962220841023,0.2397155207438431,3.6992624505005246e-05,0.2670261442523203
plot_5879,3,0.12472812720497016,1,0.0009453658967140882,0.8752718727950298,6.99723185681687e-05,0.09533172942412577,0.014120787192110114,2.9709555281422455e-08,0.014260242663896732
plot_5880,3,0.552236203678935,6,0.2429416946630173,0.03639522028373871,0.2442970202492773,0.0004952887007029263,0.028105755620581048,1.2241616178126657e-06,0.44776379632106494
plot_5881,3,0.04024705210882846,1,2.9289795839208963e-05,0.9597529478911715,0.0,0.00012409323859691437,0.039203012516194624,0.00021538047085510197,0.0006752760873425567
plot_5882,3,0.12829383485392418,1,0.0011535628266801877,0.8717061651460758,6.397797646397161e-05,0.00025750956740250747,0.1211516496406658,0.0016013633186454886,0.004065771524066245
plot_5883,3,0.611681824547319,6,0.18347652588495722,0.18614857800788878,0.0013750150680484719,0.005786735225579598,0.23486795596984708,2.7014390997781447e-05,0.38831817545268105
plot_5884,3,0.22305372164587542,1,0.0012592110583386138,0.7769462783541246,9.956773714605129e-05,0.1881238527562437,0.013836095878821394,4.223025322463878e-08,0.019734951985072375
plot_5885,3,0.6558612419368943,1,0.0014989615905588113,0.6047205344922536,9.847179241935354e-05,0.3441387580631056,0.029181302920136768,4.491312435845046e-08,0.02036192622840143
plot_5886,3,0.6445783495672587,4,0.15772272359500442,0.13395822974376415,0.014009141926084535,0.004541697291489007,0.35542165043274127,5.242090770354684e-06,0.33434131492014624
plot_5893,3,0.08653691964472701,1,0.004542105741154548,0.9134630803552664,0.005460225576422648,0.06513296259628107,0.010712359328792685,1.836739726283811e-17,0.0006892664020827189
plot_5897,3,0.6752643058237512,2,0.0008276368140807694,0.15775234737686,0.3529164833456555,7.195540267174691e-05,0.16369588288447778,5.322446286930662e-15,0.3247356941762488
plot_59,3,0.11083487044439931,1,0.0,0.8891651295556007,0.00371555510938482,0.0,0.026899735983014053,7.63784323104711e-21,0.08021957935200044
plot_5900,3,0.6744068482499384,1,0.3255931517500171,0.4755834576395267,0.072702082865563,0.02716995076065889,0.0691724289550133,4.4605827634528706e-14,0.029778928029176373
plot_5901,3,0.3582161145560818,2,0.02378919048442135,0.0353521248753158,0.6417838854439183,0.0025239433599019184,0.026355634913731194,0.0849464063270437,0.18524881459566792
plot_5902,3,0.1057032130118632,1,0.00034925153375482535,0.8942967869880588,0.02526620658161007,0.005125621736251725,0.0737546302301604,0.00021125672959525422,0.0009962462005689426
plot_5904,3,0.4391162532621908,2,0.05380508491543895,0.012332054028173825,0.560883746737809,0.00027708990795445257,0.036765768086829353,0.1454209125031834,0.19051534382061072
plot_5905,3,0.5619770391476206,0,0.43802296085237924,0.019339285744859287,0.3058422978811945,0.0,0.15136616498269873,0.014161104059703899,0.07126818647916433
plot_5906,3,0.4696487055031587,2,0.011485920287846589,0.24246668450874864,0.5303512944968413,0.01187591654628447,0.021413291566518732,0.05469291975706356,0.12771397283669664
plot_5916,3,0.437410714940892,4,0.11329103118128836,0.09211944857845138,0.21512390918712115,0.004277013816028063,0.562589285059108,4.2832803237737575e-09,0.012599307894722748
plot_5918,3,0.6507697664542771,1,0.0007036718267779487,0.4888867090920062,0.0006091841884468953,0.3492302335457229,0.16057020134655706,4.890132103623415e-13,6.83634037852361e-108
plot_5923,3,0.027511382255261514,1,0.003145640228891506,0.9724886177430839,0.00017631730890102206,0.00030983023055829656,0.0014264389795988716,0.010625373388505652,0.011827782120460779
plot_5924,3,0.4275603983149652,6,0.0001501723242672255,0.07050842782626826,0.35384170284224703,0.0,0.0030600953220782413,1.0436150419604008e-13,0.5724396016850348
plot_5925,3,0.42261838039702415,4,0.08431929264408794,0.001958188459325558,0.19345325585333692,0.0,0.5773816196029758,1.4605097792366216e-21,0.14288764344027372
plot_5926,3,0.6414207581571683,6,0.0017914251723105908,0.04749233184088658,0.35857924184283185,0.0,0.13467923271586343,1.6525303393302268e-12,0.4574577684264551
plot_5927,3,0.6585005086055291,6,0.1622472462725805,0.0044669551758368025,0.341499491394471,0.014171513739603724,0.04019292101455113,2.1567393744843932e-13,0.4374218724027412
plot_593,3,0.42820737480306575,1,2.3307387109647713e-15,0.5717926251965877,0.09994297655710531,0.10123939243484915,0.1676844391216536,0.011285657157361286,0.04805490953244074
plot_5939,3,0.7120493433193091,1,0.0005589138132305555,0.44495251392889135,0.04785548046819979,0.03671414936082079,0.18196830110576795,3.6287403791325467e-13,0.28795064132272674
plot_594,3,0.6823077919467826,1,0.0,0.6704349184656061,0.00045014944879393816,0.008662042632310494,0.0027606813171531406,0.31769220805321735,8.291902379049087e-11
plot_5948,3,0.32357009218271926,1,0.0,0.6764299078170964,0.0,0.1503707687048791,0.17319932347802452,4.99716169490473e-19,0.0
plot_595,3,0.2186682124475383,1,0.0,0.7813317875512904,0.0003571799394677958,0.007454309969241578,0.003166490159427438,0.20769023231477915,6.579373134315183e-11
plot_5954,3,0.5494903674397776,0,0.45050963256022225,0.0,0.21913248348492237,0.0,0.10767969708996897,0.21746034884765988,0.00521783801722636
plot_596,3,0.2072245582439438,1,0.0,0.7927754417441679,0.0002084415736091638,0.00404039709415678,0.19566289083627766,0.007312828713392602,3.83956302675325e-11
plot_5962,3,0.0008008118387295906,1,0.0,0.9991991881612052,0.0,0.00010376084266328496,6.913967950933341e-13,0.0006970509954401054,0.0
plot_5963,3,0.0537134059997164,1,0.0,0.9462865940002836,0.0055132510517725605,0.014938096972182631,0.03203439865499182,0.0009824554656252334,0.0002452038551441344
plot_5965,3,0.298142029210828,6,0.009051210882784077,0.027289451141912172,0.038566239949345875,0.007430529798979339,0.2158045974378065,2.8988905678554628e-18,0.701857970789172
plot_5966,3,0.1977864046149566,6,0.026229359725718503,0.008905099799093997,0.08099242291978245,0.00039804782260081326,0.08126147434776078,1.5279478323389446e-21,0.8022135953850433
plot_5967,3,0.32368826646603976,6,0.018478047182118804,0.00012398800224955263,0.3015500694643505,0.00015850294025770647,0.0033776588770632185,5.883598707180842e-19,0.6763117335339602
plot_5968,3,0.3995797002117473,2,0.007478658942332266,0.0003917466330236865,0.6004202997877233,0.00018304712575295754,0.0033070036650326077,6.7926360799195585e-19,0.3882192438461352
plot_5986,3,0.5187290294019716,0,0.48127097059802837,0.0020952692307551275,0.3482565385713726,0.0,0.062128719725159126,7.699599338035437e-10,0.10624850110472475
plot_5989,3,0.47955992820289245,4,0.06797807373688759,0.05518232037499395,0.07600147108451522,0.0,0.5204400717971076,0.06420579218452392,0.2161922708219718
plot_5993,3,0.2691552758350132,1,0.2489279585578844,0.7308447241649868,0.00010271316824192197,0.0070514030888468755,0.0009391588746553278,0.01213404214538466,5.568421786007615e-105
plot_60,3,0.025075356081107444,1,0.0,0.9749246439184929,0.0001592983418099417,0.0,0.01375175004039418,1.9393380328798633e-21,0.011164307699302954
plot_6011,3,0.45203713704162446,1,0.09631586426028982,0.5479628629583535,0.15135196572125997,0.004609594322217407,0.11059992905850602,1.0519927964160838e-14,0.08915978367936275
plot_6012,3,0.6689859549185677,6,0.20769890630718296,0.18676074163315048,0.15534620121437276,0.03158763319200155,0.08759247257185077,9.21507019926863e-15,0.3310140450814323
plot_6013,3,0.34719765415484094,1,0.20109070607941046,0.6528023458449743,0.08151638767547904,0.013725137757916056,0.027428817703858046,0.00018553215322580712,0.023251072785136356
plot_6014,3,0.5591743664142866,1,0.21100597241751948,0.4408256335857126,0.07755616475210735,0.08347263053973013,0.0964478624034947,2.882284738969781e-14,0.09069173630140696
plot_6050,3,0.555039182046392,2,0.00016087251906272027,0.00043936463605208755,0.444960817953608,0.0003658263970984134,0.34700739262583363,0.09938201761731125,0.10768370825103393
plot_6051,3,0.5117059528808311,4,1.0159984255842472e-12,0.00012656247858676217,0.27399356877392206,0.0,0.48829404711916896,0.12759802005676021,0.10998780157054613
plot_6052,3,0.10848327572997439,1,0.0,0.89151672426543,0.04394968837444035,0.00012102840152745795,0.05978997818455252,0.00046571261520592154,0.004156868158843531
plot_6053,3,0.08127236137511713,1,3.069004634922872e-05,0.918727638624654,0.008446202752275528,0.00043062775614645464,0.06869105256844454,0.0030046073050933857,0.0006691809470369926
plot_6054,3,0.03240887924986935,1,0.0002471727153395025,0.9675911207499532,0.01699160208509681,0.00017386143183122297,0.01439786639635067,0.00018972316344805418,0.0004086534579806412
plot_6055,3,0.08200817847222602,1,0.0001531662072807786,0.9179918215276095,0.06414611225568048,2.284617644653263e-05,0.014690135832680137,9.075250283611835e-05,0.0029051654974665024
plot_6056,3,0.033928156158549376,1,0.0,0.9660718438412358,0.005409159557692648,0.002728219538629722,0.017771596454261903,0.00765498549523006,0.00036419511295009485
plot_6057,3,0.291298591063163,2,0.00048254328679675506,1.0222901743376762e-145,0.708701408936837,0.0,0.055164777373346574,0.2356512704030197,2.587804895517448e-171
plot_6058,3,0.2261334717535123,5,0.003893636118634916,4.292043445182681e-146,0.21259516109997478,0.0,0.009418054919377205,0.7738665282464876,0.00022661961552533326
plot_6059,3,0.209351073805872,5,0.007380903223578687,1.6537652496802524e-146,0.18789465111508663,0.0,0.013414099136632806,0.790648926194128,0.0006614203305738911
plot_6060,3,0.1457922037128836,1,0.0008589329426914281,0.8542077962866976,0.12414983602648065,0.0,0.014767377058773828,6.485050826291121e-22,0.006016057685356446
plot_6061,3,0.5821550885539151,5,0.04367956488613765,0.10430250114548328,0.0,7.375585340858353e-05,0.4178449114460813,0.4339630227239676,0.00013624394492161006
plot_6062,3,0.7114730711549876,1,0.00022486487903277237,0.5537921200326925,0.2885269288450123,0.0,0.10852422867450806,0.0003228367941473299,0.04860902077460705
plot_6069,3,0.475158667614122,0,0.524841332385878,0.01902301425363826,0.21645689461798742,7.672070711019658e-05,0.02776780246772445,5.298640149879848e-05,0.21178124916616292
plot_6072,3,0.5498741751741405,2,0.019070910340775803,0.008789914215878268,0.4501258247089782,0.03953230816307538,0.025856117514514346,0.20073362752809998,0.2558912975286779
plot_6073,3,0.556866436446863,2,0.17744626178194417,0.08711697188420206,0.44313356355313704,0.11256710686896068,0.00039735385642211755,0.058624300878938794,0.12071444117639513
plot_6074,3,0.11112001778314202,1,0.0001236350601504644,0.8888799822166672,0.0026788735989728718,0.0046705923330319,0.08363933759778723,0.018929696709863737,0.0010778824835264115
plot_6075,3,0.09179585111769387,1,0.00010091275524342677,0.9082041488822631,0.0023482968262966237,0.0060816172203154405,0.06149945942411772,0.020792308497789617,0.0009732563939742065
plot_6076,3,0.08880086343029317,1,0.0003991501938722127,0.9111991365695221,0.005948117092780189,0.011301804590320557,0.011661726301599529,0.056657713516201844,0.0028323517357032907
plot_61,3,0.03403884259466008,1,0.0,0.9659611574053399,0.0,0.0,0.033569190214825344,2.156201504326333e-20,0.00046965237983475255
plot_6106,3,0.32626998991891576,6,0.01221867246104909,1.1607805414990084e-05,0.31259287304789746,0.0,0.001446836604554199,1.5558918432575424e-22,0.6737300100810842
plot_6107,3,0.428671842997169,6,0.00011491341482070382,0.0032483790519840664,0.41804780206337755,0.0004348685001692517,0.006825879966817352,1.613519330135465e-18,0.571328157002831
plot_6108,3,0.38121754038959155,2,0.00021433000722454918,0.022388417456303603,0.6187824596104085,0.0009881555406435843,0.03578803112397073,8.945260526185062e-14,0.3218386062613596
plot_6109,3,0.5905315554498465,6,0.07241497274927791,0.0018709449132617412,0.40946844455015347,0.0,0.015139575487272136,2.8225760572973708e-21,0.5011060623000347
plot_6110,3,0.20737106552935874,6,0.05960854962930444,0.0017977004915238318,0.12604243483094818,9.638422657699742e-05,0.019825996351005334,2.279604398915458e-21,0.7926289344706413
plot_6111,3,0.4903967543769352,4,0.0006545700257108795,0.1782873372743405,0.019981592373172666,0.014848635378589062,0.5096032456230648,5.620341141203825e-18,0.27662461932512206
plot_6112,3,0.5107104032493007,1,0.0007119377622680272,0.48928959675064887,0.012880816206181431,0.01849309601904532,0.3833405836656989,2.246535366197423e-16,0.0952839695961572
plot_6114,3,0.195446839004271,6,0.07431999705495396,0.0026679024103592845,0.08216246882921227,9.821919301184197e-05,0.03619825151673372,3.372151445461437e-21,0.804553160995729
plot_6115,3,0.3846102278984831,2,0.000271903954603053,0.014971663619691778,0.6153897721015169,0.015886886112744997,0.058220502793290996,6.277674944699062e-17,0.2952592714181522
plot_6119,3,0.5722770056672808,1,0.00560185567061731,0.42772299433269173,0.08634691840867928,0.13576419738031772,0.31357042808712926,3.8088646972363294e-16,0.03099360612056446
plot_6136,3,0.627091310370582,2,0.00045984064006739545,0.16115785430217722,0.3729086896294181,0.1853046315283887,0.21096123183090842,1.7555768624834024e-14,0.06920775206902254
plot_6138,3,0.7009947909602362,3,0.0051001848017625286,0.2290207799798567,0.1536110927147063,0.2990052090397638,0.2702393994411145,9.41868506041925e-16,0.04302333402279524
plot_6158,3,0.5249886504895666,4,0.0002483216816289884,0.09852466027104267,0.020338663382596302,0.0008578779076476784,0.47501134951043344,2.949132570881593e-20,0.4050191272466509
plot_6170,3,0.03960917532020435,0,0.9603908246797956,0.0022037786673716865,0.016394286106763488,0.0,0.019983056949548706,1.7610959504885028e-17,0.0010280535965204458
plot_6172,3,0.42798729580467043,4,6.390085390146091e-13,0.00021325960868744868,0.2820570513754887,0.0,0.5720127041953296,0.08121749802166385,0.06449948679819144
plot_6173,3,0.7111248648253208,6,0.00020430146196764333,8.868847553854408e-05,0.2832958803382153,0.0004645844313601159,0.2591229210693009,0.1679484890489382,0.2888751351746793
plot_6178,3,0.00022154281630495882,5,0.0,0.0,0.0002215428163049861,0.0,4.700118106388005e-284,0.9997784571836951,0.0
plot_6180,3,0.3572077739554771,2,7.27994951074616e-05,7.297130340604251e-145,0.6427922260445229,0.0,0.014001432711174567,0.3431335417491951,2.9400418907296724e-170
plot_6190,3,0.0,5,0.0,0.0,0.0,0.0,0.0,1.0,0.0
plot_6195,3,0.15697378908847803,5,0.0005448487519252345,7.629800365603787e-146,0.15494507844100647,0.0,0.0014838618955463447,0.843026210911522,1.3618581282325187e-171
plot_62,3,0.17848074968270888,1,0.08699637819231804,0.8215192503133837,0.017671749978335784,0.0,0.07312312328952426,0.0005609378083149482,0.0001285604181234338
plot_6202,3,0.0004234747914594246,5,0.0,0.0,0.0004234747914594164,0.0,8.984184493697311e-284,0.9995765252085406,0.0
plot_6203,3,0.0,5,0.0,0.0,0.0,0.0,0.0,1.0,0.0
plot_6204,3,0.0,5,0.0,0.0,0.0,0.0,0.0,1.0,0.0
plot_6205,3,0.00024408638507875536,5,0.0,0.0,6.846610991414771e-248,0.0,0.00024408638507873186,0.9997559136149212,4.9153958967767786e-263
plot_6206,3,0.2814649252658556,5,0.00043887719263221016,1.1151935573783954e-144,0.15677616236302802,0.002749429186690813,0.12150045652350461,0.7185350747341445,1.0263214669329015e-83
plot_6207,3,0.34778000618501037,5,0.00016330962625276868,1.9583969143512377e-144,0.27533420839884276,0.0003048302887086338,0.07197765787120616,0.6522199938149896,2.453108567005345e-169
plot_6208,3,0.1449201617062264,5,0.10469163575418391,0.018344674551248122,0.0002637367637351033,0.00021378012726044936,0.019489131011979403,0.8550798382937737,0.0019172034978194143
plot_6209,3,0.0,5,0.0,0.0,0.0,0.0,0.0,1.0,0.0
plot_6217,3,0.14467454431056875,1,0.001284326678799169,0.8553254556891341,0.01834979274252969,0.056173455553052254,0.0024979328535789385,0.05652844396638146,0.009840592516524352
plot_6218,3,0.7152567539754028,3,0.03139266887575099,0.2702826053923605,0.19099257644743795,0.28474324602459705,0.00033575157767636103,0.0883501391221356,0.1339030125600415
plot_6242,3,0.33978779311855,4,0.040468310059946486,0.12896263749649756,0.0021158246476333043,0.06947169902084831,0.66021220688145,2.6691634433636577e-21,0.09876932189362433
plot_6245,3,0.06286522447005566,1,0.0009269012398721749,0.937134775526492,0.006997107534263597,0.0007677511955584659,0.03844270172451606,0.006381986892472699,0.009348775886824909
plot_6246,3,0.5302470469158374,4,0.06928681442743312,0.30208406617654315,0.0035174192581442446,0.0890606826148222,0.46975295308416265,6.832269808174849e-26,0.06629806443889466
plot_6247,3,0.34119419384096566,1,0.0,0.6588058061590344,0.13676649259821166,0.0,0.171927083816512,7.931758378790312e-24,0.032500617426241954
plot_6248,3,0.6318596800658645,4,0.02136516853827458,0.0003803261648552437,0.0034172081926805743,0.3681403199341355,0.5218580451826936,0.00047603667059162395,0.0843628953167689
plot_6249,3,0.24590544400389613,4,0.019950113334913554,0.0004171438153202322,0.008876425195694438,0.16312466649637442,0.7540945559961039,0.0017986514461106266,0.05173844371548289
plot_6252,3,0.49528669176031737,4,0.006913057644584277,0.29766562850921907,0.07022262284326627,0.0006426257403878365,0.5047133082396826,2.331648040123323e-24,0.1198427570228599
plot_6253,3,0.08568258541709085,1,0.04062628847743142,0.914317414582909,0.017659741574955482,0.0,0.00043314906810388275,0.026963406296599997,5.2707584820746585e-92
plot_6254,3,0.6823316525120184,0,0.45392005190447077,0.012364451841534008,0.21051615880972957,0.0,0.31766834748798156,3.246917628758341e-19,0.005530989956284139
plot_6255,3,0.37684127384872385,2,0.2121670629203447,0.14263060421109316,0.6231587261512761,0.0,0.0220436067172859,9.251999836747764e-24,2.1924742219891254e-104
plot_6256,3,0.4817372742470208,2,0.26952370135978987,0.0910247687419168,0.5182627257529793,0.0,0.12098817809755046,1.2825338457221327e-20,0.00020062604776368073
plot_6257,3,0.4962763658781777,6,0.0002030893151015715,0.004099310189477377,0.49119292026033146,0.0,0.0007810461132672859,4.1283327468640597e-25,0.5037236341218223
plot_6260,3,0.37228209555755404,1,0.000765666842473778,0.627717904442446,0.0018618812346810364,0.0,0.34393556683291954,8.227809300799075e-21,0.025718980647479673
plot_6261,3,0.3715982925876473,1,0.0007706730530849179,0.6284017074123527,0.0018740548970060595,0.0,0.3430841030183016,8.093602631017165e-21,0.025869461619254765
plot_6262,3,0.11874396849970174,0,0.8812560315002983,0.002493662598354305,0.019568226395281114,0.0006671791071820181,0.022611618150975246,0.06110975978602332,0.012293522461885755
plot_6265,3,0.6737080590814739,1,0.07290565894789715,0.328376352055283,0.24432210012515387,0.00027831387732139167,0.32629194091852615,0.027002333583259396,0.0008233004925589769
plot_6266,3,0.30690191960364077,2,0.004674106183896301,0.09413881164433345,0.6930980803963592,0.00039347724396252096,0.20064791361458806,0.0009677085551576934,0.006079902361702713
plot_6267,3,0.33730838946712566,2,0.004555356004176502,0.13153785193864095,0.6626916105328744,0.0003548294998470205,0.1947292045577704,0.000885916570129063,0.005245230896561836
plot_6268,3,0.24539741575065024,2,0.0006181553835201008,0.07095945131552636,0.7546025842493498,0.0,0.11156988186141467,0.00017072103050822375,0.06207920615968088
plot_6269,3,0.42232474573247564,1,0.01716118355323745,0.5776752542666163,0.2694887735314306,0.00014433033778023794,0.1355304583109354,1.3336727757325081e-24,6.53059663504256e-102
plot_6270,3,0.6910247216229979,2,0.021364082316564253,0.24181645543684113,0.42784418386959255,0.0,0.30897527837700206,3.3849435469519304e-25,1.3391927523495378e-105
plot_6271,3,0.44626317287669875,2,0.06080522741287848,0.2674456310652347,0.5537368271233012,0.0,0.1180123143985855,6.212634233025104e-25,1.6574324930091734e-105
plot_6273,3,0.6178608326349042,1,0.009483224650162778,0.47039770882418425,0.025063035574189606,0.0,0.3821391673650957,2.8070922904867074e-21,0.11291686358636756
plot_6276,3,0.23416232177723692,1,0.0,0.7658376782215262,0.018869980047649858,0.00016992299086506513,0.17801779743961008,3.0018546425891923e-21,0.03710462130034893
plot_6288,3,0.5322424233587295,6,0.21275246274056447,0.0,0.3151677886378619,0.0,0.004322170799775979,1.1805272759546394e-09,0.46775757664127043
plot_629,3,0.6684749909223889,5,0.30811487267185167,0.020948327059101136,0.24536188475218101,0.0135298162515129,0.06739052010999681,0.3315250090776112,0.01312957007774533
plot_6293,3,0.5573492894283993,2,0.004416386924967236,0.0875273944415618,0.44265071057085104,0.004632401831748096,0.2123631256595654,2.822215983673268e-14,0.2484099805712783
plot_6294,3,0.404745147725623,1,0.003606806047693939,0.595254852274377,0.1799326242339085,0.0,0.13003479303161072,2.8571647029851448e-05,0.09114235276537991
plot_6295,3,0.5971174885271953,4,0.00037931810030637086,0.1903681423182338,0.1402283812949003,0.0,0.4028825114728047,1.400559751267377e-20,0.2661416468137548
plot_6296,3,0.46113768983656667,1,0.004356286433917379,0.5388623101634334,0.004693050956935448,0.08361011862973758,0.3255136920022854,0.0004849428724406021,0.04247959894125029
plot_6297,3,0.4665957022706302,4,0.007290479818103776,0.2576869239763828,0.006777235838985019,0.06892825052621185,0.5334042977293698,0.0008473946414802066,0.12506541746946648
plot_6298,3,0.4398944057109838,2,0.02863879323096806,0.23399507423369342,0.5601055942890162,0.0,0.17726053824632243,4.157896913199421e-25,1.2841559503864307e-105
plot_6299,3,0.3044796375648175,1,0.0014109638206198873,0.6955203624349768,0.01574147799896751,0.054373308913296586,0.20926725735780552,0.002201048063193145,0.021485581411140566
plot_63,3,0.1946035996935478,1,0.09914337583636963,0.8053964003061749,0.017679976364925947,0.0,0.07709062781462214,0.0005657067397297669,0.00012391293817762012
plot_630,3,0.5995076468606289,0,0.40049235313936754,0.00513057994288772,0.3489328241587063,0.01972167292271262,0.031879827482526074,0.18163600891599535,0.012206733437804419
plot_6309,3,0.19639048651274496,5,0.07982253491340556,0.0,0.05822928350455689,0.0,0.04640639002706668,0.803609513487255,0.011932278067715721
plot_631,3,0.17168726895556735,1,6.073543553783632e-17,0.8283127310434368,0.008281296522160494,0.052710014099382176,0.029729723796028618,0.07932254255488959,0.0016436919841022813
plot_6310,3,0.6935640788499882,5,0.05985136752412684,0.0,0.000957975809161945,0.30643592115001184,0.023175104260719413,0.5999321501013181,0.009647481154661876
plot_6311,3,0.1781863481308012,5,0.014418564103212789,0.0,3.10365558256636e-05,0.15793479429660315,0.005096161234707693,0.8218136518691989,0.0007057919404519563
plot_6312,3,0.26081679537447433,5,0.08066710947754009,0.0,0.00022806707061935572,0.1478973090643794,0.01864216083292173,0.7391832046255257,0.013382148929013772
plot_632,3,0.009822754262459942,1,0.0006735898883294713,0.9901772457374323,1.8168647307669082e-187,0.0001710364938587271,0.00029037206123000105,0.008687755819149597,3.433931494546977e-107
plot_6322,3,0.27626476928206684,1,0.14440242246324683,0.7237352307144783,0.001312081692125405,0.006024225721479809,0.12442126672991041,2.644564881972151e-16,0.00010477267875905397
plot_6323,3,0.3027744156363219,1,0.01576481411232231,0.6972255843629398,0.00020026890947326084,0.1739341819430718,0.09966881296865765,5.246612322593667e-16,0.013206337703534722
plot_6324,3,0.2639161846829081,1,0.006670507292383295,0.7360838153135174,0.00014195633250920468,0.23984070508559358,0.00831963232306971,2.860674702698287e-25,0.008943383652926781
plot_6325,3,0.6499544456133035,1,0.0015265906941290827,0.6370630109964448,4.1484658638455446e-05,0.3500455543866966,0.008084135378999243,5.558509543527917e-25,0.003239223885091919
plot_6328,3,0.35627878528870977,4,0.0,0.1047482953469378,0.0771698219141213,0.17314295694406145,0.6437212147112902,0.000807723778290161,0.0004099873052989718
plot_6329,3,0.26774094484329947,0,0.7322590551560442,0.0004997105931490627,0.0,0.0,0.2316862383102828,0.035554995940524026,1.1345552733719123e-235
plot_6330,3,0.42005281098843017,2,0.005883907977922206,0.008185740234147764,0.5799471890115698,0.00014405375079865062,0.19689930344481338,0.005760811694964139,0.20317899388578398
plot_6331,3,0.28504926491221916,4,0.022144141103868614,0.10600927050240724,0.14402064959133898,0.011168138565872482,0.7149507350877808,0.0007714318561208306,0.0009356332926110173
plot_6332,3,0.665480056272848,0,0.3762976305466544,0.0,0.3345199437271518,0.0,0.014272084244679755,0.0008978844876242047,0.2740124569938899
plot_6333,3,0.44277366235218896,2,0.029231518906635376,0.00020068988315532374,0.557226337647811,0.0,0.2256399955229536,0.00025476509871645987,0.18744669294072824
plot_6334,3,0.34420399475208274,2,0.0030137168638088747,0.0023533443791337694,0.6557960052479173,0.0,0.22808076405575536,1.67126687622251e-11,0.11075616943667213
plot_6335,3,0.49678971481845857,1,0.067930640350613,0.5032102851815414,0.3587550068770772,0.0,0.07010406759076834,3.2730642014017986e-24,7.763092458232596e-105
plot_6342,3,0.2599642631052548,4,0.11827184167791613,0.00046576390506324056,0.12930702329474222,0.0032321749351506943,0.7400357368947452,0.008135041166069473,0.0005524181263130505
plot_6344,3,0.3792745527138851,0,0.6207254472861149,0.009626830635238155,0.17197000674227572,0.011087770318757352,0.1040969043443853,0.08249304067322853,5.240532811394157e-103
plot_6350,3,0.412971539669895,4,0.032776385378390394,0.0,0.00204493089375385,0.0005201307498693964,0.587028460330105,0.04753999321884099,0.33009009942904044
plot_6351,3,0.2602421531539234,5,0.01919870576317378,0.0,8.589290036528185e-05,0.0005119771381596639,0.03897723700120844,0.7397578468460766,0.20146834035101627
plot_6352,3,0.7169558239101486,5,0.28304417608985155,0.0,0.008660866090506706,0.0,0.003601293331048376,0.7037372373384396,0.00095642715015387
plot_6356,3,0.3159411297517275,1,0.006741081214390631,0.6840588702431082,0.004583598652315907,0.1944344182915389,0.027703676066710425,1.5676207207514894e-22,0.08247835553193593
plot_6357,3,0.28778356893286394,1,0.17082869129098716,0.7122164310517395,0.0,0.007653015284706691,0.10930186237256656,3.3127019046260537e-26,8.977053870420521e-101
plot_6358,3,0.05814292471544763,1,0.018191826806947656,0.9418570752763229,0.00033803259205243577,0.025903823690588173,0.0014599161116195835,1.9254474856228596e-26,0.012249325522469321
plot_6359,3,0.6446837629360673,6,0.012426460509297951,0.0934551680541299,0.15607233275675547,0.016896050915920134,0.35531623706393267,6.860609699865058e-15,0.365833750699957
plot_6373,3,0.5314113503195915,4,0.4685886496804085,0.029798291606764345,0.011906168638645616,0.0,0.4727557500621217,0.0024626374259850313,0.014488502586074857
plot_6374,3,0.49874160685310315,2,0.06164411995671466,0.183519539698139,0.5012583931468969,0.20575780885661082,0.025671318906091336,2.357034965514121e-20,0.02214881943554735
plot_6375,3,0.40733261211984273,4,0.0007680323618047385,0.0,0.3783227658291191,0.007262650339898977,0.5926673878801573,6.624329180107857e-21,0.020979163589019998
plot_6376,3,0.46256443994024926,2,0.0001894260100265248,0.0,0.5374355600597072,0.0006923854181277895,0.4590495275522524,1.563300375277212e-20,0.002633100959886219
plot_6377,3,0.4562887101553009,4,0.005896740437047353,0.2083319816611452,0.0634080420314437,0.010201336214208653,0.5437112898446991,0.0003820224087668681,0.1680685874026892
plot_6378,3,0.4441274473423312,4,0.012515112691426255,0.11835059859741713,0.12121903224890913,0.0010721310605646913,0.5558725526576688,3.418555039776329e-24,0.1909705727440141
plot_6379,3,0.455165937362072,1,0.07145476767150324,0.5448340626357027,0.0,0.2516924241639771,0.05198989297900218,7.887285444739318e-25,0.08002885254981493
plot_6380,3,0.5605429773120005,6,0.06262687399463013,0.05517645403938017,0.05283252932684418,0.0828182998079244,0.30708882014321004,1.1571880272982625e-14,0.43945702268799947
plot_6381,3,0.668512583416402,4,0.33148741658359804,0.1933712447710771,0.00016335032386669544,0.03273041973176704,0.4299314958754603,9.944066432759923e-15,0.012316072714220916
plot_6382,3,0.5239384081875973,4,0.1588693756342791,0.2997812837405904,0.00013124264897203673,0.05509660025173826,0.47606159181240276,2.740555820554785e-15,0.010059905912014779
plot_6388,3,0.5958673835326697,4,0.1162833030527913,0.0,0.0016006546325505178,0.40413261646733045,0.4154589865352655,0.001732603135681004,0.060791836176381286
plot_6389,3,0.551555916293398,3,0.10167930673964592,0.0,0.002450525946963244,0.44844408370660205,0.3013272704286022,0.00024795507143868326,0.14585085810674792
plot_6390,3,0.15155316038004288,4,0.10913115529205548,0.0010409693831622741,0.022934872102287694,0.013220377507629298,0.8484468396199571,0.002240999128201644,0.00298478696670649
plot_6391,3,0.1785043804128175,4,0.10616908463810995,0.004310206911159336,0.06178142303241529,0.0034824282302313623,0.8214956195871825,0.0024092394365248476,0.00035199816437673164
plot_6392,3,0.1995472470971113,4,0.07276586203416364,4.989091043289952e-05,0.05580416590349183,0.05552697877550761,0.8004527529028886,0.007294420027407382,0.008105929446107909
plot_6393,3,0.7172233626119011,4,0.1537266879887248,0.0005990824112436456,0.28277663738809883,0.0031965487100901768,0.5506355324699261,0.0085005715644036,0.0005649394675129129
plot_6394,3,0.6739568640269757,4,0.20229091078543004,8.8513611861284e-205,0.3260431359730242,0.037462510762983445,0.3292649838753562,0.09558597846179981,0.009352480141406272
plot_6395,3,0.6064969719022386,0,0.39350302809776133,0.0016822790226131933,0.2548316990653717,0.014577165336831413,0.25210457379479795,0.08258793100466894,0.0007133236779554897
plot_6396,3,0.37920970720536684,4,0.10025671746258433,2.996616159082521e-205,0.1649821608273736,0.09198086825421539,0.6207902927946332,0.013207598034588604,0.00878236262660495
plot_6397,3,0.32670781595862847,4,0.24963307746118588,0.00012216857982801272,0.06247723530804067,0.00806732002183825,0.6732921840413716,5.1405251023204406e-05,0.0063566093367125286
plot_64,3,0.6095157537111118,1,0.019351653424549455,0.43477418124263156,0.3904842462888882,0.0,0.020185798787414614,1.718466884013288e-05,0.13518693558767594
plot_6414,3,0.321121239449499,1,0.004205670880975737,0.6788787605503819,0.0026163617619859463,0.13739281498105738,0.16078613018524227,8.398219264350409e-14,0.016120261640272814
plot_6415,3,0.28671175430103857,1,0.00585153149686952,0.7132882456989614,0.0021905431909016136,0.12360194496381076,0.13451695705520805,6.742307451425398e-14,0.020550777594181256
plot_6416,3,0.7024771580940916,1,0.06335986370266342,0.5535597384466866,0.014156489387279404,0.2975228419059084,0.040721656622050816,9.597319807570289e-15,0.030679409935401775
plot_6418,3,0.6807448025383829,2,0.004855745465830492,0.006793578437417751,0.4826941442346385,0.00010826003212397374,0.18161356596123443,0.004679508407137789,0.31925519746161707
plot_6419,3,0.35718919236537017,4,0.04352435015171932,0.1756250402866373,0.09194930105259211,0.006221084448043198,0.6428108076346298,0.01790924434818951,0.021960172078188702
plot_6420,3,0.3736724520451609,4,0.05025182493658904,0.05261404526600774,0.15196300453636,0.004387296379223826,0.626327547954839,0.04810865238967692,0.06634762853730344
plot_6421,3,0.3948198271818236,4,0.05183094097980195,0.04794401022625428,0.16863733641813836,0.0044089044542957945,0.6051801728181764,0.04849196784235775,0.07350666726097554
plot_6422,3,0.4057875778908091,4,0.06081506752361622,0.23284334709227197,0.02859196819293129,0.017703106544731714,0.5942124221091909,0.05640874539579592,0.009425343141462034
plot_6429,3,0.12388173741711965,0,0.8761182625828804,0.0,0.06615552538348592,0.017064371876627377,3.6165793574206302e-40,7.141510183450987e-18,0.040661840157006406
plot_6430,3,0.20560999990420542,0,0.7943900000957946,0.00033808348611982607,0.09199158499161175,0.047030004341336765,4.659108403910759e-16,1.5483807222403012e-17,0.0662503270851366
plot_6431,3,0.7011636633632774,3,0.2988363366367226,0.13156805264295732,0.2064109159694653,0.3103881337667457,0.024947363131501636,3.7308366954612725e-26,0.027849197852607584
plot_6432,3,0.12294929027689205,1,0.0017339179038173289,0.877050709723108,0.0034792065504120036,0.016790104556926838,0.03550951629579699,2.170670801040401e-19,0.06543654496993889
plot_6433,3,0.37234243861491007,1,0.10124782336468571,0.6276575613802018,0.0006266370426445065,0.12244159481031858,0.0361931729635594,0.11160766192733457,0.00022554851125552902
plot_6441,3,0.6405017416345273,1,0.24223124661208909,0.39323995022173175,0.0,0.004735888478969484,0.3594982583654726,3.128176080273388e-26,0.00029465632173719626
plot_6442,3,0.6111456274840822,1,0.3888543725159178,0.4083243725249807,0.0,0.004388210664003322,0.1981673299913805,2.7024677392927845e-26,0.0002657143037176327
plot_6443,3,0.6980844421283652,1,0.014121951988146881,0.6183114336879887,0.05490201322013738,0.0,0.009863314977108652,0.0008857282549835469,0.30191555787163493
plot_6444,3,0.3725361226229427,1,0.00127380953809757,0.6274638773770573,0.09988077958982011,0.0003153492580130589,0.25948195962435916,3.4725388645825806e-25,0.011584224612652886
plot_6445,3,0.1272610358798344,1,0.0008559322014921116,0.8727389641113683,0.0010754615955635136,0.11921278443424022,0.002246165383021267,0.00020615915765245324,0.00366453311666216
plot_6446,3,0.28227504544677284,4,0.023546654311151376,0.03236155913957231,0.013953599798679269,0.2117647160455016,0.7177249545532272,0.000648516151868296,1.3685686229135501e-92
plot_6447,3,0.7161645626542391,1,0.020047328234493268,0.34497335329039597,0.28383543734576094,0.15281517821235807,0.1981008204384206,0.0002278824785711029,2.4999384701968206e-55
plot_6448,3,0.5592478952070428,4,0.44021150529607467,0.007373846090946734,0.0,0.0,0.44075210479295723,0.11125544986781226,0.0004070939522091216
plot_6449,3,0.2630733470908711,0,0.736926652909084,0.0012392256496615084,0.06190042910139805,0.0,0.19071418914990068,5.41221557772111e-19,0.009219503189955812
plot_6451,3,0.15297087242017463,4,0.000705036307681419,0.0012249687122820976,0.01556567297360745,0.0,0.8470291275798253,0.007659754728650383,0.1278154396979532
plot_6452,3,0.18556525621243908,6,3.7851985491377245e-05,0.061733243252330296,0.028717840670737974,0.09048030655690148,0.004596013746977984,2.1229822796357043e-17,0.814434743787561
plot_6453,3,0.14018227008491224,6,0.00022651689324879913,0.021556053227924102,0.021812127955138434,0.0882598163163199,0.00832775569228084,1.27044954582933e-16,0.8598177299150878
plot_6454,3,0.1232532346955628,6,0.001534720123768801,0.004569821075717628,0.07619808004999165,0.03217584318200753,0.008774770264071235,5.93466534815469e-15,0.8767467653044372
plot_6455,3,0.6929415056823077,6,0.0,0.3070584943176923,0.19108422878935366,0.09361677414040356,0.015797559756525647,1.0412655108981962e-23,0.3924429429960249
plot_646,3,0.6646001846343833,1,0.02510721948859959,0.35313969318522687,0.16327955523325957,0.06517038351245638,0.33539981536561675,0.057387015877740276,0.0005163173371006389
plot_647,3,0.3205668753173769,1,0.08045725257739594,0.6794331246826232,0.0010723619671237086,0.18761223041028946,0.04489886567881819,6.541051402440032e-20,0.006526164683749577
plot_6472,3,0.40655117940842955,1,0.11300776770628351,0.593448820571375,0.0007965359459949392,0.053665902915565986,0.06475464612461995,0.1737556595739973,0.0005706671621632237
plot_6473,3,0.7099428221866172,1,0.12524124475199824,0.3396858188160579,0.011458833039285967,0.059307652247582804,0.1695730697974546,0.2900571778133828,0.004676203534237617
plot_6476,3,0.2643418317699294,1,0.013254986956073708,0.7356581681036446,0.0011468290989668326,0.154311583675577,0.07684276422968433,2.1384397009928278e-14,0.018785667936032216
plot_6477,3,0.3376068857760296,1,0.05919135811201764,0.6623869324385849,0.013235845424104345,0.09287718031304906,0.03598819130986956,6.245051180942083e-15,0.13632049240236832
plot_6478,3,0.15793159238381624,1,0.00975099262694186,0.8420684076156946,0.0015307554357087856,0.0421647912130951,0.0408527674109611,1.5372570324154998e-19,0.06363228569759839
plot_6479,3,0.5565782015135368,6,0.031854417783315395,0.03818022157418211,0.017854535840587944,0.18028425730291026,0.2884047690125411,1.8232867069934305e-24,0.44342179848646324
plot_648,3,0.6777890076840147,1,0.0,0.6454534281300554,0.3222109923159852,0.0,0.02777412413998278,0.004561455413976659,0.0
plot_6480,3,0.6049778666957351,4,0.058100368912190545,0.046272432501628116,0.006505890536360014,0.23680724070225068,0.39502213330426494,1.3145976037732881e-24,0.25729193404330575
plot_6481,3,0.6027674512202494,3,0.07127463913127603,0.2740012649810872,9.949040146394721e-05,0.3972325487797505,0.1569664880402648,1.4648004519809922e-24,0.10042556866615737
plot_6482,3,0.3128852886709962,1,0.040354409551457436,0.6871147112305211,0.0,0.2100941119482328,0.007565205164009473,0.05487156210577923,3.0637957089336076e-260
plot_6483,3,0.38297379027939743,1,0.06943269061925686,0.6170262064170705,0.0010664726796286033,0.1484072472204059,0.09367654720776634,0.07010943987419972,0.00028139598167225665
plot_6484,3,0.6914670891905637,1,0.054668128238312186,0.5496971970143449,0.0004256423899274837,0.3085329108094364,0.030097960672879263,0.05647718107789412,0.00010097979720562565
plot_6485,3,0.5983950764727446,0,0.4016049235272553,0.0,0.006725237536667885,0.00043966516510611,0.37425595546193746,0.20334103123065905,0.01363318707837406
plot_6486,3,0.2709885817404705,4,0.20902082034546748,0.0,0.0008472175361536193,0.0,0.7289428412149115,0.04523917494319253,0.015949945960274915
plot_6487,3,0.2305586378679675,4,0.14379878195245988,9.73277378184086e-05,0.0058772387595218125,0.0,0.7694413620726409,0.021705653357231357,0.059079636120327655
plot_649,3,0.08613270940756433,1,7.677637922484685e-05,0.9138672905924357,0.0006003540421823201,0.07852806716648084,0.0007655333238096826,1.3932410451180815e-21,0.0061619784958666
plot_6490,3,0.3874739538779662,1,0.008542150347842638,0.6125260453691207,0.10200139289224641,0.16343698564546627,0.11327121847660604,0.00022220726871798513,2.6754007191697936e-55
plot_6491,3,0.4167700237361481,1,0.02515113824245222,0.583229976263852,0.0008431978897750755,0.0003282151600275011,0.3901889757979582,1.7999200090901213e-14,0.00025849664591719694
plot_6492,3,0.1867280482500544,6,0.004968780168599806,0.0036687307273699683,0.13496495469232525,0.017327994170468326,0.025797588491288943,2.089365958107092e-15,0.8132719517499456
plot_6493,3,0.7175678994993342,6,0.017494155850219986,0.0013278475127720339,0.28243210050066575,0.019067331277166748,0.06721781669148894,5.230229767726012e-15,0.6124607481676814
plot_6494,3,0.3023552640004058,6,0.03154276818301979,0.008181943244293364,0.10839014502451232,0.05634789563302156,0.09789251191554738,1.1458154451862371e-14,0.6976447359995942
plot_6495,3,0.22821253026437166,6,0.013613660955721554,0.01215601825969015,0.07054858196474947,0.01678204477020799,0.11511222431399543,7.083245079651651e-15,0.7717874697356284
plot_6496,3,0.33549990554250897,6,0.06378937707073637,0.016220478498978945,0.06850955969412903,0.01949185711105348,0.16748863316757906,3.205242076127621e-14,0.664500094457491
plot_65,3,0.2510223747931117,1,0.000502825683420646,0.7489776252068884,0.2433265742751305,0.0,0.0011030618624608734,1.5716802938258916e-07,0.00608975580407032
plot_650,3,0.3253652076872513,1,0.13711637175436064,0.6746347923122953,5.0349068126078675e-188,0.004186846597995828,0.10574365780062936,0.07831833153471895,6.102401866570348e-99
plot_651,3,0.6257819349743625,6,0.034250378621341816,0.03415367118347202,0.37421806502563754,0.0002550578472440366,0.011743067509234623,0.1574634022974698,0.3879163575156003
plot_6511,3,0.6086165998204294,1,0.059066938194036495,0.4630116574177362,0.019703593797626123,0.06127081737751626,0.39138340017957074,9.057744948315642e-15,0.00556359303350517
plot_6512,3,0.49315148995212993,4,0.17196658298750478,0.01885355306976413,0.04262238803410275,0.07803103736881335,0.50684851004787,4.1820646382053556e-14,0.18167792849190303
plot_6513,3,0.6667473985778163,3,0.05504152883851188,0.024205854123162663,0.03828049556045545,0.3332526014221838,0.24386576218350156,7.342313673863864e-25,0.30535375787218466
plot_6514,3,0.0,5,0.0,0.0,0.0,0.0,0.0,1.0,0.0
plot_6515,3,0.607015210409713,4,0.023537483164255257,0.0760467770550919,0.0021750472376500496,0.2886261562912513,0.3929847895902871,5.172081954135636e-25,0.2166297466614645
plot_6517,3,0.3407551431250297,4,0.12431079291999668,0.0004930210336463012,0.16617458154622203,0.049662416607380515,0.6592448568749704,0.00011433101778418085,7.476179804606544e-102
plot_6518,3,0.3594803684472593,4,0.25927290476451115,0.00022187599155042723,0.08600607855821193,0.012657830617148992,0.6405196315527407,0.0002187496301617096,0.0011029288856750957
plot_6519,3,0.3661841966424971,4,0.15105249801079312,9.66981673961648e-05,0.13826231120855595,0.06544172874550935,0.633815803357503,0.005447130570583775,0.005883829939658764
plot_652,3,0.4459238739562332,5,0.19973733729732657,0.19347578137542615,0.02075419091477991,0.0,0.00042636095689202653,0.5540761260437668,0.031530203411808476
plot_6528,3,0.3831746476936273,4,0.0012901192549152724,0.10166510232111478,0.028337103795382367,0.0002942094891454481,0.6168253523063727,1.9751529546227312e-19,0.2515881128330694
plot_6529,3,0.23060219739701834,1,0.008386404399140665,0.7693978026028756,0.008381985084344595,0.00783431770137343,0.18776028544126888,7.059062820106934e-22,0.018239204770996883
plot_653,3,0.2000570537575561,1,0.0013523875294881795,0.7999429462420389,0.018085763023004044,0.048134714151475015,0.12101048766994849,0.011429539482413082,4.416190163245487e-05
plot_6530,3,0.20831205503748876,1,0.011923700251671894,0.7916879449625112,0.017372192991725998,0.002206910893439675,0.10901035916362492,1.3910864863351356e-18,0.06779889173702618
plot_6531,3,0.17934887822267268,1,0.006052973419099756,0.8206511217715916,0.00686012446328545,0.002015877595485652,0.14714210229910815,8.79864841095795e-25,0.01727780045142941
plot_6535,3,0.21769402719728245,4,0.10840128619603796,0.0001537228672978235,0.008669319427889665,0.0,0.7823059728027141,0.01501389815228903,0.08545580055377155
plot_6536,3,0.376189235575648,1,0.00034801055457116525,0.6238107644242324,0.018307183989798574,0.015079777458142322,0.29767944099120797,0.032251117958846644,0.01252370462320088
plot_6537,3,0.643608909050313,6,0.13658010758330152,0.2258520681491089,0.18469799677812976,0.010193877372565628,0.08583441169710841,0.0004504474700986958,0.3563910909496871
plot_6538,3,0.7189611186527387,0,0.2810388813472614,0.0903779563639455,0.23031094266353372,0.0006577948567397139,0.13229388088369126,0.005718108746679282,0.2596024351381491
plot_654,3,0.3420143644801076,1,0.005197871990178357,0.6579856355197726,0.00960976175405876,0.05692177152885043,0.24137947030876503,1.295042648277571e-12,0.028905488897079556
plot_6553,3,0.49110977598754757,2,0.0616206465763401,0.18449959428560342,0.5088902240124524,0.2077822935745454,0.015169885588575478,6.326016136410863e-20,0.022037355962483234
plot_6554,3,0.5163824202316056,2,0.05449928272911724,0.20267704422837524,0.48361757976839437,0.22584332930762985,0.014780541845012552,8.191260587619334e-20,0.01858222212147072
plot_6555,3,0.6989425099415256,6,0.01807719475418044,0.24759773607537272,0.0007861127498509698,0.22265227059225962,0.20982919576986186,3.8228571742064667e-25,0.3010574900584745
plot_6556,3,0.5490171420056287,1,0.08507284430721122,0.4509828579936268,0.32901138527779555,0.08191454128612992,0.040960615717029275,4.729722394294981e-14,0.01205775541815998
plot_6557,3,0.294987793355994,1,0.015070216375206466,0.7050122066330787,0.004155862493260981,0.03359612941847967,0.133810500743013,0.007130007032543208,0.10122507730441808
plot_6558,3,0.21259190830213393,1,0.016760698946258097,0.7874078441626424,0.0002397125173785275,0.0475163100925958,0.11372716089535584,0.01631023857675916,0.018038034809010166
plot_6559,3,0.3718014804379724,1,0.17101324309234173,0.6281985195372094,0.0005815652398990656,0.006596966432582055,0.19348438623429506,3.1631858282613225e-16,0.00012531946367231274
plot_6561,3,0.7135290831283054,0,0.4910420321712059,0.000692636372170557,0.28647091687169457,0.10405621147468257,1.7897678994065584e-15,7.616693580831444e-18,0.11773820311024465
plot_6562,3,0.218465291619486,1,0.022630914676812042,0.7815347083805141,0.004911233435164235,0.0,0.0002379005297012127,0.018461052414302292,0.1722241905635063
plot_6563,3,0.19786491129976186,1,0.008393369863678784,0.8021350887002382,0.010887171120688202,0.0,0.0007603863862604665,0.0017540685321432298,0.17606991539699127
plot_6567,3,0.38132458461828667,4,0.17518901748449411,0.19135317233615728,0.005191709760375019,0.0,0.6186754153817133,0.00046932692086423106,0.009121358116395984
plot_657,3,0.2594265069698606,1,0.09785103654618059,0.7405734930296146,3.155666730160118e-188,0.012574278391777119,0.07965564071846445,0.06889237044828453,0.0004531808656787143
plot_6574,3,0.37735295193205415,2,0.14556427730144464,0.0807238130328349,0.6226470480673948,0.0,0.15106486159832566,5.068717836416372e-25,2.1047078102374385e-105
plot_6575,3,0.019610309840334954,1,0.001969620262268503,0.980389690159665,0.009590184111145959,0.0,0.003966966918656398,0.0034685486757591952,0.0006149898725048917
plot_6576,3,0.41768071393416256,4,0.0,0.14928228941535773,0.09267013310941653,0.17031206308386768,0.5823192860658375,4.840955609270295e-05,0.005367818769427944
plot_6577,3,0.1822567888281537,5,0.0002901229065788707,0.0,0.00028429894516781635,0.0016106475746667168,0.11398538384199114,0.8177432111718463,0.06608633555974919
plot_658,3,0.2458331481494807,1,0.030142918986099936,0.7541668518497509,0.0,0.05613899965284579,0.08499609240041994,0.07375230604511336,0.0008028310657701234
plot_6583,3,0.45331076448012153,4,0.173751773114668,0.22059730151584714,0.006328390763448652,0.004650592923262739,0.5466892355198785,2.7483069170119305e-21,0.04798270616289505
plot_6584,3,0.35628205581380157,4,0.02913337207408527,0.1373705917638388,0.030641046515911152,0.0003742360927108176,0.6437179441861984,1.326187635782947e-20,0.15876280936725556
plot_6585,3,0.6397051491709644,4,0.015036073729457955,0.06948593477825485,0.00979782457937373,0.00012351309578094723,0.545261802988097,5.170064265688525e-20,0.3602948508290355
plot_6586,3,0.4046945702098749,4,0.11100795647135572,0.2243276916862108,0.004093914595490203,0.00044946965179164147,0.5953054297901251,3.9145085110646546e-21,0.06481553780502655
plot_659,3,0.19079870833935855,1,0.07782444069107886,0.8092012916606415,0.00010021002571256011,0.00012597086472564337,0.10465092642039694,0.007889586854066759,0.000207573483377835
plot_6592,3,0.39979807445018545,6,0.0062011008841670115,0.12097488357521655,0.16634808519592406,0.0,0.10513303099252347,0.0011409738023543464,0.6002019255498146
plot_6593,3,0.5240198453019069,1,0.005265863983726842,0.47598015469799443,0.04894534272850508,0.0026530067770080736,0.19651200789249076,0.13146047772250186,0.1391831461977731
plot_66,3,0.20479610874282408,1,0.00552964257705132,0.7952038912571759,0.18715229790752352,0.0,0.01129324974961008,6.438612853176237e-27,0.0008209185086391539
plot_6601,3,0.12289301489114572,5,0.10034607381951043,0.0,0.003967506794870483,0.0,0.00447501741819984,0.8771069851088543,0.014104416858565038
plot_6602,3,0.15650638823368693,1,0.0013952544468721789,0.843493611763437,0.0,0.1432043524774646,0.011132956908284577,1.312745942725526e-25,0.0007738244039416986
plot_6603,3,0.2408590324283886,1,0.0028673479132991504,0.7591409675716114,0.00014456596748694295,0.20967546621282052,0.01887442744689668,2.583262659180003e-25,0.009297224887885362
plot_6604,3,0.598873823791993,4,0.027104496382834256,0.09659055618437024,0.022396983796341967,0.08358935796447539,0.40112617620800706,8.413211682073497e-16,0.36919242946397035
plot_6605,3,0.38356252319597073,4,0.1336724015996274,0.04337545836961381,0.004827043812042494,0.08711991020663444,0.6164374768040293,1.9651474341173076e-13,0.11456770920785611
plot_6606,3,0.0,5,0.0,0.0,0.0,0.0,0.0,1.0,0.0
plot_6607,3,0.1537895774899327,1,0.007926883365414552,0.8462104225098606,0.006884361724840229,0.005400203208057059,0.10889230835812883,2.228807171229751e-18,0.024685820833698812
plot_6608,3,0.49938591955291345,4,0.013835233989074772,0.24243553106056887,0.00021571153229657357,0.17098389544038356,0.5006140804470866,2.4826329629155006e-26,0.07191554753058965
plot_6609,3,0.6850709086351958,4,0.006669817191084892,0.2249892314107313,7.356120355307072e-05,0.31492909136480424,0.3271978475252533,6.221525683914646e-26,0.1261404513045732
plot_6610,3,0.4731187532806634,3,0.004857867138135333,0.4212018581875041,0.0002877940344129235,0.5268812467193366,0.02869926812376261,9.155958137372224e-05,0.017980406215474636
plot_6611,3,0.6646764148226805,6,0.3353235851773195,0.0,0.04892116284866485,0.026477936482286028,1.7622814553672978e-38,2.8404055166814423e-26,0.5892773154917296
plot_6612,3,0.39569794809612374,4,0.09521553785515964,0.19073693957874394,0.00033913015127021173,0.029046307877377706,0.6043020519038763,1.4690274826781009e-12,0.08036003263210323
plot_6613,3,0.681628894707013,4,0.318371105292987,0.004789774290293695,0.014637911708484925,0.045058652348113924,0.4225334399550641,2.2134881747493883e-14,0.19460911640503425
plot_6614,3,0.4193866201832953,4,0.20269766453909954,0.049225549613180875,0.013844132180984153,0.09600306494701075,0.5806133798167047,4.9177752716728265e-14,0.05761620890297085
plot_6615,3,0.18585567392457142,5,0.02275815686467786,0.0,0.0,0.15959926042736608,0.0022991204800644756,0.8141443260754286,0.0011991361524630293
plot_6616,3,0.01793685861330441,5,0.0012301687284529486,0.0,6.429842360200872e-05,0.0005192383543179862,0.010835891062894214,0.9820631413866956,0.005287262044037256
plot_6617,3,0.6437851032522925,4,0.046991105636073255,0.06831042380487887,0.14059166876876694,0.006879034100169527,0.38101287094240394,2.2918584990468525e-24,0.35621489674770745
plot_6618,3,0.7117683403508291,4,0.05299028367321429,0.06652892216051334,0.28823165964917086,0.009634367963063469,0.3408663777871984,2.0015042932129488e-24,0.24174838876683968
plot_6619,3,0.6203773013310849,4,0.1912398575415427,0.020061959695111296,0.04051185931069716,0.019412232954894512,0.37962269866891507,7.902302383306784e-17,0.34915139182883914
plot_6620,3,0.7090604586071928,3,0.17463888225415217,0.16886008782959194,0.04585490787605111,0.29093954139280725,0.23001541765894784,8.905762165732208e-14,0.08969116298836072
plot_6621,3,0.5539699200206106,1,0.0819255381371678,0.44603007997876537,0.260415208508054,0.0785792219732954,0.09653585861570638,4.5571764354758675e-14,0.03651409278696556
plot_6622,3,0.05864867334986524,1,0.013804823069710724,0.941351326649361,0.01257677755062366,0.01899363209241126,0.013195152255420749,1.0420545288972444e-19,7.828838247243237e-05
plot_6623,3,0.34034768915002783,4,0.17763640337136052,0.05751005948957473,0.07931348108848003,0.02588774520058483,0.6596523108499721,2.767007761837704e-14,4.913418392118254e-55
plot_6630,3,0.17129684438968157,1,0.0,0.8287031556101184,0.020566088741090234,0.002976497721565604,0.048024137172155514,6.069256536278228e-22,0.09973012075507032
plot_6631,3,0.25011241721254707,1,0.0,0.7498875827874263,0.05163531788435964,0.002679937499035316,0.11791313491010952,1.1070129613609595e-21,0.07788402691906934
plot_6632,3,0.5202416761560777,6,0.0002576384568769807,0.21713452976003247,0.16721190450184895,0.0,0.1356376034373193,3.4112782432092197e-25,0.47975832384392236
plot_6633,3,0.6929997771360059,6,0.024082814918273833,0.3070002228593743,0.04760415823092917,0.0,0.2747280103747891,5.35341800121493e-25,0.34658479361663364
plot_6634,3,0.5870018678889508,3,0.057639037775411975,0.2178042596567647,0.2898479696378681,0.4129981321110492,0.01619678572448855,9.707829929446567e-20,0.005513815094417509
plot_6635,3,0.15790436090823348,1,0.007856117932240997,0.8420956390917664,0.008125852119780019,0.011023814765234454,0.10430471569532235,2.053856799648129e-18,0.026593860395655585
plot_6636,3,0.22995628844039978,1,0.0013954628201482957,0.7700437115593433,0.005541825579337032,0.002894997509169258,0.1754044441130127,1.3298426028449457e-19,0.0447195584189896
plot_6637,3,0.1794563585156666,1,0.001189293388419803,0.8205436414838855,0.0006846287837561679,0.008540860581867543,0.09111347209650669,1.413436031578225e-19,0.07792810366556438
plot_6638,3,0.2245298626776462,1,0.06161198810308166,0.7754701373223538,0.0,0.13098132147267907,0.01739463116764812,1.8637062588271475e-25,0.014541921934237412
plot_6639,3,0.23291392479163614,1,0.0,0.7670860752081592,0.022857510264780393,0.00013617844990560538,0.1798829649117353,2.5496428717503334e-21,0.030037271165419318
plot_6640,3,0.7094654335778792,6,0.0,0.1093091257810634,0.20330759987791855,0.11926135184929906,0.27758735606959817,5.197533661353632e-22,0.29053456642212083
plot_6641,3,0.6563757269434206,4,0.0,0.2219246839936911,0.21333681980523495,0.07194655793542892,0.3436242730565794,5.145832571824802e-22,0.1491676652090656
plot_6642,3,0.6791350674097041,1,0.0,0.32763371477266184,0.32086493259029586,0.0376879860847903,0.11402145581714092,6.076604900233877e-21,0.1997919107351111
plot_6643,3,0.4661647116020347,1,1.620621939500325e-05,0.5338352883979385,0.13407040400515927,0.01028654215201762,0.20712484341020393,1.0422107116340637e-16,0.11466671581528565
plot_6644,3,0.7127724363711998,1,3.891344519200509e-05,0.3069132715283702,0.14508073178239977,0.015454964400570499,0.2452845552146671,2.502491567807603e-16,0.28722756362880014
plot_6645,3,0.44670505543580113,1,1.2654104070407897e-05,0.5532949445641988,0.13479952454373986,0.015059144264818417,0.22638535858571607,8.137779922357766e-17,0.07044837393745622
plot_6646,3,0.716700568020035,6,0.28329943197996516,0.01631957582799945,0.29989464088657386,0.0,0.07667774594554838,2.363915671067072e-24,0.32380860535991335
plot_6647,3,0.48467496421086836,2,0.06907273001973757,0.0033596294272430246,0.5153250357891317,0.0,0.035879319630576355,3.058515928285915e-24,0.3763632851333115
plot_6648,3,0.20831663612911094,1,0.0,0.7916833638708891,0.018675914669414793,0.079690979547366,0.10923409070955845,0.0007156512027717299,4.5854436543279994e-101
plot_6649,3,0.4220864178284333,1,0.0,0.5779135821691366,0.059323637375192535,0.11112495757584953,0.24345203159991097,0.008185791279910436,3.183126540892684e-101
plot_6650,3,0.7018078421926002,4,0.0,0.2767212410197487,0.07739889058187228,0.2981921578073999,0.3472261106932609,0.0004195376408924824,4.2062256825779615e-05
plot_6651,3,0.41180685149902774,4,0.0,0.13338533181201126,0.09814424732184143,0.17989207545768132,0.5881931485009723,0.00032104160985899354,6.415529763473809e-05
plot_6652,3,0.44429105949099684,4,0.0,0.1902617102559732,0.1253891543910211,0.12608045799452047,0.5557089405090032,0.0025243604983867774,3.537635109527691e-05
plot_6653,3,0.7178703753638702,4,0.0,0.13133728528745786,0.28212962463612984,0.10582758656202633,0.47621641377427937,0.004423006030540506,6.608370956613046e-05
plot_6654,3,0.6726824882321794,4,0.0,0.19772576366326314,0.037750675348039796,0.32731751176782037,0.4364772009596753,1.5948945814476477e-16,0.0007288482612013889
plot_6655,3,0.3516193090562154,2,0.0024061394522164525,0.00280492074499398,0.6483806909437846,0.0,0.0017409898163067707,2.748096674838816e-25,0.34466725904269824
plot_6656,3,0.33157818225752267,2,0.008866659529421717,0.001267599757604079,0.6684218177424773,0.0,0.00561378200592688,2.377393085162666e-25,0.31583014096456996
plot_6657,3,0.544351664940202,2,0.0004676430444422611,0.0035460851235120288,0.5395910903389265,0.0,0.0007468464333212605,2.9234210804656387e-25,0.455648335059798
plot_6659,3,0.2699322604473561,1,0.0002150083266835153,0.7300677395484529,0.041890310017633166,0.00046231250183592344,0.15349196614833424,0.00022385424125647148,0.07364880921580368
plot_6660,3,0.17000681900645773,4,0.0007851828732672142,0.0,0.010457590446069672,0.0,0.8299931809935422,0.001119268583158783,0.15764477710396205
plot_6661,3,0.18084117090412716,2,0.00026040874848721823,0.00015973868046063094,0.8191588290958729,0.0,0.00015261702881693012,2.254939144679492e-26,0.18026840644636238
plot_6662,3,0.6933533648802781,1,0.0,0.47506176954147467,0.12070795708972562,0.0,0.306646635119722,4.322755178426932e-24,0.09758363824907773
plot_6663,3,0.6340641781532477,4,0.05948843848406729,0.15028213899972045,0.09260863163944726,0.0,0.3659358218467523,1.0272063587765643e-24,0.33168496903001277
plot_6664,3,0.38718597064005156,1,0.0,0.6128140293592937,0.1996884937039211,0.0,0.14509198564135828,4.380360537699649e-23,0.04240549129542688
plot_6665,3,0.18168956368272227,1,0.005854427562715564,0.818310436317178,0.004830600562179607,0.008767554176287965,0.0991325273477133,1.5609201286131527e-18,0.06310445403392537
plot_6666,3,0.7272318582490261,1,0.0051703145274303655,0.48945851027984166,0.0002442223319729286,0.07187979670451763,0.1604790144052636,4.3186899281176224e-20,0.27276814175097386
plot_6668,3,0.3531165136235082,5,0.04971737436275964,0.0,0.02668213909548838,0.14059025619374352,0.12757680521164638,0.6468834863764918,0.008549938759870312
plot_667,3,0.6955838137733044,1,0.00035925520139217887,0.47658777898647203,0.08884461714285827,0.30441618622669575,0.12572711419642382,0.00042443309542407695,0.003640615150733992
plot_6675,3,0.22261768344132743,5,0.12085181964510455,0.0,0.07423282633389655,0.0,0.026141135694920457,0.7773823165586726,0.0013919017674058883
plot_6676,3,0.5344491422021862,0,0.4655508577978138,0.0036032267186065477,0.09017258708242516,0.0789285497958127,0.3617447786051924,1.494340157403691e-13,2.844813397516346e-101
plot_6677,3,0.4915233292872151,0,0.5084766707127849,0.0,0.08890713018719214,0.0005161969448256109,0.3254766097752136,0.0005469910827444511,0.07607640129723928
plot_668,3,0.13365363820312967,1,0.024036351921103847,0.8663463617968703,0.00011364553990153154,0.00026401414934610143,0.10564896977044644,0.003258727472695043,0.00033192934963664186
plot_6686,3,0.48919233186229466,4,0.12854493639757444,0.0,0.0492976975853405,0.021281764514200403,0.5108076681377054,0.19793657896191832,0.092131354403261
plot_669,3,0.13611678037531474,1,0.027450199106485065,0.8638832196246853,9.978517965493517e-05,0.00011581554180918239,0.10495904405946818,0.003286086370261692,0.00020585011763571572
plot_6694,3,0.45144504268842534,1,0.0,0.5485549573115747,0.19850977407672463,0.02021150852129589,0.2091141878202915,1.3882165255132877e-21,0.023609572270113302
plot_6695,3,0.20370401442193356,1,0.00967037387547671,0.7962959855772059,0.0,0.17655594914402972,0.011853909930884383,1.2648149331232256e-25,0.005623781472403254
plot_6696,3,0.23915810140134544,1,0.06096316550218099,0.7608418985983274,0.02155619205919195,0.14343041931262024,0.013208324512806392,1.4873095862936495e-11,1.606159350125369e-55
plot_6697,3,0.7058715311426034,6,0.0,0.08839556701274705,0.07909008381751091,0.29412846885739663,0.012590309991044147,1.4463604181454817e-23,0.5257955703213013
plot_6698,3,0.5255226633699506,4,0.0017442626050324873,0.27962169439349677,0.09810642295122174,0.0774468382162632,0.4744773366300494,1.1216881898511853e-14,0.06860344520392524
plot_6699,3,0.6560893020890194,2,0.00032978231272247,0.2971518911557761,0.3439106979109807,0.011188281896524595,0.3331930116913382,2.120738182226551e-15,0.014226335032655815
plot_67,3,0.17781418185645465,4,0.0,0.04945898364414899,0.12823181525007293,0.00012338296223275586,0.8221858181435454,9.83006004969576e-22,1.0413133734728573e-83
plot_6700,3,0.16267774030418533,2,0.0,0.0006011384867922622,0.8373222596958146,0.000563316176101576,0.1188223804680878,1.3742712714648808e-22,0.04269090517320369
plot_6702,3,0.5195137148516114,2,0.00021991613645691148,0.018690030061477562,0.49152706074554203,0.0,0.009076707908134845,4.836965186189915e-24,0.48048628514838876
plot_6703,3,0.4981002009901837,1,0.008083015794811334,0.5018997990098163,0.1759203204495251,0.0024503953907594367,0.29340455782967434,7.12454818614567e-25,0.018241911525413525
plot_6704,3,0.6956207492897122,0,0.3043792507101252,0.1555435255419398,0.09426832968203891,0.16133263516109936,0.19049726879819542,1.6258118647208266e-13,0.09397899010643873
plot_6705,3,0.14858256987677793,6,0.000988941213194472,0.009834213669555558,0.05485738976131526,0.07816536799233118,0.0047366572403737435,7.743094845436976e-15,0.8514174301232221
plot_6706,3,0.34774223022143885,4,0.00022055339666240799,0.05275537686751662,0.24543504747073508,0.022604572955807246,0.6522577697785612,0.023829703365877145,0.002896976164840373
plot_6707,3,0.1967123824010795,4,0.0005458211841807018,0.056592677075658314,0.02346961412387799,0.0,0.8032876175989205,0.1005726805271272,0.015531589490235285
plot_6708,3,0.19652864332019787,2,0.0002370913182143161,0.00035595892495186594,0.8034713566798022,0.0,0.00023828128210993293,8.333162831353044e-26,0.19569731179492178
plot_6709,3,0.6399967050236293,2,0.20342562768237576,0.08309936388798732,0.3600032949763708,0.12571871739569088,0.1933737727655419,4.6668381213702326e-17,0.034379223292033176
plot_671,3,0.03311060877973321,1,0.003248429827328782,0.9668893912202668,0.00034806038045239943,0.001092983226204578,0.023655736066737227,0.00014846300867324224,0.0046169362703370465
plot_6710,3,0.7034182284397786,3,0.2340293984145033,0.01690201673930792,0.23326674628495178,0.29658177156022136,0.08977200260153052,2.4994155257201656e-17,0.12944806439948514
plot_6711,3,0.6437629632110055,2,0.24277157975465424,0.006350753888630679,0.3562370367889238,0.17044243989958613,0.07224375064496763,2.269714641544301e-17,0.1519544390232374
plot_6712,3,0.5160005511866013,3,0.016719726673404385,0.2038049561082182,0.20792282175523458,0.48399944881339874,0.07906171998427815,2.572128809599628e-19,0.008491326665465912
plot_6713,3,0.06453742448209719,1,0.011326907049072034,0.9354625755177028,7.932085136909911e-05,0.04661015146181534,0.005725313299042756,8.271152307525436e-26,0.0007957318209978911
plot_6714,3,0.12900599984761102,1,0.017855285755195557,0.870994000151246,0.013025866089196647,0.08588258639391419,0.012242261606091355,4.3562378477649325e-12,3.35245309703186e-55
plot_6715,3,0.6955345259800013,4,0.06844340674654135,0.043699746543759695,0.30446547401999885,0.0001861040371843966,0.3355433592749621,0.01574273877090684,0.23191917060664693
plot_6716,3,0.13623781987713413,1,0.002361551360792322,0.8637621801228101,0.000476599522160182,0.005864128859001028,0.12447274444610812,0.0001209768432037649,0.0029418188459245796
plot_672,3,0.010155345507070892,1,0.0007259886494206148,0.9898446544914336,1.8592990252761017e-187,0.0001740906784328116,1.4969660142226684e-12,0.009255266179216176,0.0
plot_673,3,0.003801075014587596,1,0.0002367609998136065,0.996198924985347,6.063586483454652e-188,7.808200913512122e-05,6.205901812447854e-13,0.0034862320050836225,0.0
plot_6742,3,0.6912085307308143,4,0.06881966310161873,0.00010139934187628163,0.01421613268852598,0.3087914692691857,0.5227993959911693,0.0773769612551888,0.007894978352435139
plot_6743,3,0.6649809856483443,2,1.3316772698632188e-05,0.30888099674076375,0.33501901435165565,0.08393964840021659,0.22051950461402456,8.56389106548244e-17,0.05162751912064076
plot_6744,3,0.7228564162175092,4,0.00027778986937767274,0.22036682971982896,0.1268250727053965,0.2771435837824907,0.3158517571099322,1.7863942914469916e-15,0.05953496681297217
plot_6748,3,0.4530990356635305,6,0.10951961241666182,0.0,0.00016142377712220846,0.00040541332661398974,0.19769315048236485,0.1453194356607676,0.5469009643364695
plot_6749,3,0.7077064558876123,0,0.2922935441123877,0.0,0.007868708868204486,0.09253502959737314,0.23421812573150877,0.21871099924806414,0.15437359244246177
plot_6750,3,0.026688648085983778,5,0.0007577761353238297,0.0,0.0,0.000625517418545956,0.0014244543817140414,0.9733113519140162,0.023880900150399915
plot_6751,3,0.22742743803969226,4,0.0078105911707004845,0.0,0.010201803177838035,0.1645431855154811,0.7725725619603078,0.030660453688269956,0.0142114044874027
plot_6752,3,0.5013082600915925,4,0.001941390358471491,0.1732364448993928,0.3029481279993415,0.0011937166777045555,0.4986917399084077,1.2484539800508786e-14,0.021988580156669633
plot_6753,3,0.4242645040423723,4,0.01023626455152464,0.1718563926612418,0.10747996388166096,0.06726634698891673,0.5757354959576277,6.582656206138341e-14,0.06742553595896236
plot_6754,3,0.5801475338118136,4,0.01150990611954411,0.005158591044844302,0.08234033909409216,0.0044408608712841295,0.47669783668197485,7.401699522022893e-14,0.41985246618818645
plot_6755,3,0.3950295498661814,4,0.027448979048239647,0.03893601347108491,0.05169512635027687,0.012357423641965279,0.6049704501338187,1.7651672421061819e-13,0.2645920073544382
plot_6756,3,0.22511313551677872,2,3.4075497507366956e-05,0.005410343238470277,0.7748868644832213,0.0019253372884348583,0.1490246868260954,2.1913017360745122e-16,0.06871869266627062
plot_6758,3,0.7117930501035865,4,0.0986600065707796,0.0,0.2882069498964134,0.06218364799756318,0.5367132715654903,0.00037998805971231267,0.01385613591004117
plot_6759,3,0.293776470124673,0,0.7062235298753269,0.00041754131388056515,0.04768156197800183,0.005409767811552298,0.23973326507431414,7.051056916031193e-05,0.00046382337776381956
plot_6760,3,0.2686138247353167,0,0.7313861752646833,0.03827070857688582,0.09459154269154568,0.0,0.11574444123156905,0.004025648964253518,0.015981483271062667
plot_6761,3,0.7064122702545461,1,0.09181053987140332,0.3535071830395636,0.29358772974545394,0.0,0.18111590472102554,1.8993944531037475e-19,0.07997864262255364
plot_6762,3,0.5993313055204497,1,0.01086672304255552,0.4695135502664225,0.08694466131621226,3.3054482562225916e-05,0.40066869447955034,3.4458971854029e-25,0.031973316412697135
plot_6763,3,0.327562275991072,1,0.014352761247857415,0.672437724008928,0.11411941689533925,1.1698804286292577e-05,0.1825226834657564,1.3032852573782137e-25,0.016555715577832673
plot_6764,3,0.6806113832438678,4,0.0,0.15056758565637704,0.0021443541483463307,0.0,0.5278994434391444,4.672913045342661e-22,0.3193886167561322
plot_6765,3,0.690678820479494,4,0.0,0.30932117951399557,0.04097438241287308,0.00024219956124706422,0.5328129517914767,6.38321219094748e-22,0.11664928672040759
plot_6766,3,0.7162835015717743,4,0.02303129544827804,0.0,0.0979571063496636,0.2837164984282258,0.4796337734121935,0.0032847975741966545,0.11237652878744242
plot_6767,3,0.13531842785956563,5,2.4043644890490324e-10,0.0,0.0,0.007927589162514863,0.12319324490405893,0.8646815721404344,0.004197593552555414
plot_6768,3,0.03944721809442212,5,0.006795285143177722,0.0,0.00021828719294742356,0.0,0.008406040492347909,0.9605527819055779,0.024027605265949104
plot_6769,3,0.06725778619188601,1,0.007210412762296774,0.9327422138047972,8.647623414275502e-05,0.0465922393353085,0.012314005669227085,8.193206831544896e-26,0.0010546521942278201
plot_6770,3,0.0408020565605561,1,0.009902368470494255,0.9591979434392734,0.0002043713667990432,0.020446644559696216,0.005799414096518985,3.4125850410073283e-26,0.004449258067217896
plot_6771,3,0.5722804028874986,1,0.0573362996939301,0.42771959711162716,0.2599551748906826,0.23090887631116389,0.01692956920833287,1.1366991774820636e-19,0.007150482784263375
plot_6772,3,0.30623362115796643,1,0.03044699832936061,0.6937663788418497,0.08152343230433923,0.12530557671915077,0.06052886867416156,2.444630577982572e-18,0.008428745131138227
plot_6773,3,0.31219686187846774,1,0.0,0.687803138121249,0.030546300087329396,0.009355847664983999,0.03039449614473006,3.2107942398769627e-22,0.24190021798170758
plot_6774,3,0.67241413586016,1,0.0,0.45467305516397827,0.11305795095949327,0.03650277667275038,0.06818035306393813,3.2574348561097486e-21,0.32758586413984003
plot_6775,3,0.23760696268978387,5,0.031593335864918706,0.0,0.06540032964197867,0.00032147182317357963,0.06481980968300989,0.7623930373101953,0.07547201567672401
plot_6776,3,0.16036720715484118,4,0.0008281403071087684,0.0,0.00014650802839559073,0.013731730873007237,0.8396327928451589,0.1455793157767785,8.151216955113298e-05
plot_6778,3,0.26744381469628575,1,0.013895282973759878,0.7325561853013335,0.0,0.12103272143075942,0.054505597648857554,1.099948493282967e-25,0.07801021264528968
plot_6779,3,0.3968135978383842,1,0.02979387938065903,0.6031864019868135,0.18364552299301468,0.06699854405113025,0.11637565158838249,2.7741383889626583e-17,2.9576357012612307e-80
plot_6780,3,0.45154506247906595,1,0.033408825143844384,0.54845493734432,0.17934801890438837,0.026916502871629326,0.21173285399869257,3.762436569649245e-16,0.00013886173712504305
plot_68,3,0.09806448752562436,1,0.0,0.9019355124722879,0.0006221764952499811,0.0,0.03318593678696772,1.0787101511233563e-20,0.06425637424549449
plot_6835,3,0.05278989754517128,5,0.019695239946375974,0.0,0.0037543865709645336,0.0,0.005305691952780104,0.9472101024548287,0.024034579075050674
plot_6836,3,0.333519572325239,4,0.0,0.18277326880833028,0.03186414379871945,0.00018392432205015336,0.666480427674761,9.753393070864443e-22,0.1186982353961391
plot_6837,3,0.2799853145790551,2,0.0,0.02928040416882804,0.7200146854209449,0.0008553978401556633,0.24811375021087242,2.1657340945052045e-22,0.0017357623591990384
plot_6838,3,0.5280861065847242,2,0.0,0.09240875753791496,0.4719138934152758,0.018736370675364423,0.4075890004782556,5.886163389249904e-21,0.009351977893189152
plot_6839,3,0.46774363831521015,4,0.00021502034974731424,0.1036126590172934,0.27725776077000674,0.05209849297194684,0.5322563616847898,9.113643007919507e-21,0.03455970520621589
plot_6840,3,0.43600200607150924,4,0.0,0.12524602719543787,0.282791549808971,0.005152369491481771,0.5639979939284908,8.087540241032121e-22,0.022812059575618587
plot_6841,3,0.01840780355328044,5,0.00010466726807167504,0.0,0.0,0.017957368149284288,0.0002604697044083697,0.9815921964467196,8.52984315161213e-05
plot_6842,3,0.07338384955928248,5,2.0649426200496932e-08,0.0,0.0,0.07277243799210684,0.0006113909177494618,0.9266161504407175,6.2873278920624e-251
plot_6843,3,0.48812936977440863,4,0.00040994629920131835,0.0,0.00042794486028519565,0.029005032034232887,0.5118706289688851,0.44763768405691695,0.010648763780478491
plot_6844,3,0.0696612216338829,5,0.06909757063693914,0.0,0.00022383485039279355,0.0,0.00011482790210886888,0.9303387783661171,0.00022498824444212046
plot_6846,3,0.001659921159957159,5,0.0011485230146516655,0.0,0.0,0.0005113981453054853,8.52257112748284e-120,0.9983400788400428,1.0146138281185615e-256
plot_6855,3,0.6347875220947378,2,0.0025496164670103434,0.19653735013307386,0.428576657777982,0.0002169934355773629,0.3652124779052624,0.00028188723125078407,0.006625017049843376
plot_6856,3,0.6442555814190628,2,0.010219706575006347,0.3557444185806043,0.3954619484979314,8.633255259616757e-05,0.2328136704447141,0.0012969787721810325,0.004376944576966693
plot_6857,3,0.5388241454342401,2,0.009897130578528247,0.011964890090177448,0.46117585264621863,0.0003089826876000568,0.30130764321495285,0.007618862805210966,0.2077266379773119
plot_6858,3,0.7195262142718292,1,0.280473785728171,0.31865744294312476,0.013035843125226034,0.05625985020115811,0.2002347134678049,0.12667728413675905,0.004661080397756278
plot_6859,3,0.39008893074029877,4,0.0009960410123328253,0.2138032616213218,0.10451830607801435,0.06483208118716649,0.6099110692597013,1.0447193723060052e-16,0.005939240841463195
plot_6860,3,0.5074347999188562,2,0.057545130805059616,0.3320615959632367,0.4925652000811438,0.0,0.04981318297247917,3.634929687092944e-22,0.06801489017808068
plot_687,3,0.09330859534736938,1,0.0,0.9066914046526307,0.004826811265875116,0.0473056786719728,0.040207864372282784,0.0006041786374795353,0.0003640623997591717
plot_6872,3,0.40099677137402634,4,0.026713280056554305,0.30181669880101225,0.004940887549627256,0.00017162869265279098,0.5990032286259737,2.9606915234767765e-20,0.0673542762741797
plot_6873,3,0.3441896921500458,6,0.12258961468780813,0.14656227496047197,0.014775837138337444,0.0005852558721929325,0.059676709491124115,1.1118491644949104e-13,0.6558103078499542
plot_688,3,0.03957889174639912,1,0.0003372965750220927,0.9604211082532377,0.0009746828665026592,0.010007971956141696,0.022232335137597238,0.0060266052114985305,2.5042375479486123e-105
plot_69,3,0.10314449634398243,1,0.00019465160371154704,0.8968555036558766,0.0,0.0,0.10294984474041186,2.0649334869399447e-20,0.0
plot_6922,3,0.5749045212396013,6,0.36143707948253506,0.0,0.1706656749411882,0.0,0.029482695024306886,0.013319071791571336,0.42509547876039866
plot_6923,3,0.4240186718471767,4,0.023938476625355094,0.0,0.1195815852669691,0.14984027160248722,0.5759813281528233,0.03437267668423141,0.09628566166813388
plot_6928,3,0.46265939671371803,6,0.0013901733267856755,0.0421512178266861,0.0677113323643233,0.061482606037277995,0.28992406715864494,6.986359717510041e-22,0.537340603286282
plot_6929,3,0.4621972788034877,4,0.00036956627427591875,0.1235876041328049,0.07424109677098381,0.042220678244626254,0.5378027211965123,4.399946801933631e-21,0.22177833338079678
plot_6930,3,0.6980669969762452,6,0.010070811420984267,0.02066458416405572,0.013987982586651194,0.30193300302375486,0.21363185514481473,1.3443964765370053e-21,0.43971176365973935
plot_6931,3,0.42743552007735053,4,0.019511674275025714,0.10736833590578615,0.15061199141907977,0.000225020865415518,0.5725644799226495,6.372012586689637e-20,0.1497184976120434
plot_70,3,0.10933373163323071,1,0.0,0.8906662683667693,0.004695677432094028,0.0,0.01281092030086807,3.854114259108149e-22,0.09182713390026863
plot_7001,3,0.6097388299216704,4,0.1625185311700051,0.15652400847957165,0.06103386671966425,0.0002546207481555071,0.3902611700783296,8.944313870157934e-16,0.22940780280427303
plot_7002,3,0.7024817322229081,6,0.2975182677770919,0.15777197660243414,0.051241741838869544,0.0002557362486852209,0.19069130236135928,3.749700953836785e-15,0.30252097517155613
plot_7003,3,0.4305363435711549,6,0.1207486099642916,0.12837800599571836,0.06622496738357536,0.00015344695013324376,0.11503131327738994,4.641241955785275e-14,0.5694636564288451
plot_7004,3,0.629049860052624,4,0.0012439673496592767,0.08781466716788147,0.07306120236443467,0.00016503997962801588,0.46676498319102067,1.1870576468808192e-19,0.37095013994737597
plot_7005,3,0.5197719894416022,1,0.014668865496958854,0.48022801055839787,0.014076903604481534,0.00207892150444791,0.4380554774309616,7.388537420359271e-21,0.05089182140475234
plot_7006,3,0.47530170048598486,1,0.1504168459330184,0.5246982995140151,0.008917038895374495,0.0006610410659199353,0.30159035604618667,2.487965372300786e-21,0.013716418545485384
plot_7024,3,0.4252471137440103,1,0.22844603574001277,0.5747528862476249,0.0,0.0021586610849739685,0.19454160216549102,2.5603445201447446e-26,0.00010081476189736943
plot_7025,3,0.11301159183831865,1,0.03034510011366943,0.8869884080736019,0.0,0.07122356763189915,0.011387033076907383,1.314302917008755e-25,5.589110392203596e-05
plot_7026,3,0.3732172823169001,4,0.12627651360818024,0.09804518805125498,0.0005783270236098738,0.08702817294514152,0.6267827176830999,3.611011960887685e-13,0.061289080688352295
plot_7033,3,0.3980318550918865,2,0.11793870940846601,0.0002176334135209327,0.6019681449076875,0.0,0.014924094215225874,4.95284212707256e-09,0.26495141310225756
plot_7041,3,0.590518188860879,6,0.00023440681786540706,0.17546887972150524,0.19196485898117924,0.0003892292507960157,0.2224608140895319,1.1703469714133156e-15,0.409481811139121
plot_7042,3,0.6229810773100204,4,0.001713673373577314,0.2705819661675706,0.16723312949052402,0.0,0.3770189226899796,3.668754507059756e-21,0.1834523082783485
plot_7043,3,0.6042655801267287,6,0.0008081749559570711,0.10299051391547344,0.25577943552256166,0.0,0.2446874557327366,3.1147601517431604e-20,0.39573441987327124
plot_7048,3,0.5143152206642785,2,0.12852964233471975,0.010688788934908372,0.4856847793357216,0.0,0.02587630309262697,3.631898253334087e-24,0.3492204863020233
plot_7049,3,0.43294473958326546,2,0.08662080568162886,0.000776475561195186,0.5670552604167346,0.0,0.00893375270187808,6.086678724688575e-24,0.3366137056385633
plot_7070,3,0.43693490549668074,1,0.0022288100691134393,0.5630650945032344,0.06437280114617905,0.0003963223969588605,0.27453011231180724,0.05157526914486525,0.04383159042784183
plot_7081,3,0.217230749046746,2,0.0016178039910161848,0.01599700622466241,0.782769250953254,0.0018926701565534516,0.10926908075439606,8.854839821705711e-16,0.088454187920117
plot_7082,3,0.6594240601085465,2,0.0004031042561162273,0.019495334835208104,0.45542691890479853,0.004246519155423947,0.3405759398914535,2.260862301292112e-16,0.1798521829569995
plot_7083,3,0.5652919491919222,6,0.21212782390821183,0.015762247060506836,0.06885486716369144,0.027514110256196267,0.2410329008033157,5.631694939976715e-17,0.43470805080807784
plot_7084,3,0.394997781611378,6,0.01929977434303856,0.1341677013695317,0.09164333333418957,0.025812268239143316,0.12407470432547489,6.7289437605604336e-21,0.605002218388622
plot_7085,3,0.11364738541052948,1,0.001946599863949949,0.886352614589358,0.005734335252316019,0.00997011160955662,0.09576495816604634,1.9886988986516014e-13,0.00023138051857421506
plot_7086,3,0.7202599910035026,6,0.2797400089964975,0.1873703178361797,0.005572691066863659,0.017795373238398277,0.22746960506836472,4.805177560309136e-13,0.2820520037932157
plot_7091,3,0.7265872755817915,4,0.004747207335091039,0.16368032577086827,0.017537321270764135,0.27341272441820846,0.40227289297901125,0.0005307151972877831,0.1378188130287691
plot_7092,3,0.556556927501865,4,0.004621233491625946,0.3386014977582451,0.02821542832005728,0.08835678211406105,0.44344307249813497,0.0001791206048532674,0.09658286521302228
plot_7093,3,0.7077196892285904,4,0.00827199984260293,0.13512830333964612,0.040103102329371025,0.07461487331819225,0.4485942582322784,0.0010071521664996937,0.2922803107714097
plot_7094,3,0.5047866204100554,4,0.05599024265010036,0.24387373626377726,0.0057917943294861,0.06031230311009998,0.4952133795899446,0.02067388983553527,0.11814465422105627
plot_7095,3,0.45552939131498943,1,0.007232768874227037,0.5444706086847341,0.004307840440974529,0.026248958980136745,0.3468343274105584,0.0008688472843010086,0.07003664832506797
plot_7096,3,0.2585283049475812,1,0.0026726018709286635,0.7414716950522572,0.003309014502471134,0.015672758787307502,0.20807571045673934,0.00048763876942207064,0.02831058056087425
plot_71,3,0.27452693086511076,1,0.08358165952878349,0.7254730691348601,0.16547511376094048,0.0,0.008926713836438612,4.032939671538198e-07,0.016543040445010294
plot_7104,3,0.47571198863867215,2,0.02307043662835676,0.16560625768838025,0.5242880113613279,0.0,0.1314149944304977,1.1458402633331607e-20,0.15562029989143758
plot_7105,3,0.19572400993838834,1,0.002963526391633504,0.8042759900614347,0.09824455465847434,0.0,0.07154433404327455,0.00020533721017698087,0.022766257635005928
plot_7106,3,0.2340652884307446,1,0.004720810446228987,0.7659347115691051,0.16333787559687063,0.0,0.048140578253440716,7.314313916343539e-05,0.01779288099519113
plot_7107,3,0.3903014150350168,2,0.16793653809777792,0.0296052218298339,0.6096985849649832,0.0,0.0159728542584393,2.1113219531412694e-11,0.17678680082785253
plot_7108,3,0.6891305012800504,2,0.17297689652811674,0.016288358714387722,0.48011515173030156,0.0,0.019750094182382025,1.2486231832037259e-10,0.31086949871994957
plot_7109,3,0.4383893397818882,2,0.2079940773376681,0.024045468508769662,0.5616106602181118,0.0,0.014405997899846493,1.528862919699457e-11,0.19194379602031536
plot_7110,3,0.5371020804089501,6,0.08815375366987586,0.0015790415128243381,0.4338725896403051,0.0,0.013496695585944896,7.617352118500141e-24,0.46289791959104987
plot_7111,3,0.46961569424243166,6,0.08641754617224778,0.025818339744321836,0.2931923459012499,0.0,0.06418746242461222,5.289873086378338e-23,0.5303843057575683
plot_7112,3,0.506183127625593,6,0.11168819492734067,0.027239834589361012,0.29832233911657824,0.0,0.06893275899231319,5.307236472368787e-23,0.49381687237440697
plot_7113,3,0.6036435834439433,6,0.07068512169627152,0.14688040068264863,0.14280487343950288,0.0,0.24327318762552036,1.0569551846523306e-24,0.39635641655605663
plot_7114,3,0.6077780829161707,6,0.027557426318494574,0.06039651490449116,0.23233718811994747,0.0,0.2874869535732375,6.700763273798878e-24,0.39222191708382925
plot_7115,3,0.3278074240480918,1,0.0,0.6721925759518157,0.1511098047038534,0.0,0.1480074708756837,6.739878829767085e-23,0.028690148468647227
plot_7118,3,0.6498010771611021,0,0.35019892283889786,0.13442911645916558,0.018741851792493134,0.004685924283309729,0.18113193285224402,0.30070574106616954,0.010106510707720206
plot_7119,3,0.6394145724673288,5,0.26553079518426104,0.31510299703409883,0.0017640713192991495,0.00047563821607616034,0.0554550281303348,0.36058542753267125,0.001086042583258834
plot_7120,3,0.02803065755592263,1,0.0011331654143440094,0.9719693424439412,0.005226970025378296,0.00015015996379353125,0.0117477903758049,0.007477572513766791,0.0022949992629712978
plot_7121,3,0.03154892600724628,1,0.000791040416106955,0.9684510739925176,0.016764948233373638,0.0,0.0077936580654099615,0.0033977182931068674,0.002801560999485018
plot_7122,3,0.01861682873374001,1,0.004740352485110933,0.9813831712660246,0.009549777002855923,0.0,0.002146300577533624,0.0018247227087174857,0.0003556759597574443
plot_7124,3,0.5784066017403098,2,0.0005149610103795842,0.2524247036382372,0.4215933982596903,0.0,0.17656967758152747,8.621252923827752e-23,0.14889725951016547
plot_7125,3,0.20202092382064604,1,0.0,0.7979790761793539,0.072261695996047,0.0,0.11949241998130909,1.7270974916433577e-23,0.0102668078432899
plot_7127,3,0.4418259476183961,2,8.013480926095282e-05,0.07913971523141135,0.5581740523816039,0.0,0.020666228218779795,9.540536983833882e-24,0.34193986935894394
plot_7128,3,0.3534495537596252,2,0.002815835317646767,0.003467146768483527,0.6465504462403748,0.0,0.002074138948632066,3.398649149313088e-25,0.3450924327248629
plot_7132,3,0.6875517034968163,2,0.3124482965031838,0.21965946250863427,0.44212567063562164,0.0,0.025306008911986366,0.00046056144057408173,9.002972743090694e-94
plot_7157,3,0.6165182750558895,6,0.09038081145601441,0.023296142073697065,0.08464460840272867,0.0,0.33151616456594324,0.0866805485575062,0.3834817249441104
plot_7158,3,0.4789602920952246,4,0.06535150112813787,0.05981451636858402,0.06650083122118429,0.0,0.5210397079047754,0.06165702918498247,0.225636414192336
plot_7159,3,0.6407324573720831,1,0.359267542627917,0.5361319705345523,0.0008012767486770546,0.0012092263777646638,0.10258998371108913,2.8666811167773104e-26,1.2912773397327632e-82
plot_716,3,0.7143985413621879,1,0.09779049974994752,0.5935841274315896,5.731216271279245e-188,0.004065480316994091,0.28560145863781206,0.018958433863656754,1.566758817068596e-106
plot_7160,3,0.5327042446297565,4,0.023641986075630388,0.19318852438856537,0.1819782446436566,0.0003088291413805338,0.46729575537024354,0.012380946017079515,0.12120571436344402
plot_7163,3,0.5984818917328035,4,0.09830660790235532,0.0001751637251495457,0.40151810826719647,0.020683186324522408,0.47895281715740445,0.00036411662337180697,1.926877084585761e-102
plot_7164,3,0.3464533272064074,2,0.17095492988195826,0.14632193595859988,0.6535466727935926,0.0,0.029176461365849286,9.783700963105442e-24,2.3218050892840204e-104
plot_7165,3,0.46241828864892937,1,0.000794929536161972,0.537581711348812,0.07686102402580999,0.011783333021248052,0.3696422707066402,2.018640314318495e-15,0.0033367313613258077
plot_7166,3,0.4348496712024615,1,0.0035016355196153376,0.5651503287974756,0.13910483391336345,0.007997658063924868,0.2798637281036453,2.2518058526422717e-14,0.00438181560195304
plot_7167,3,0.2715481115709787,1,0.0,0.7284518884290213,0.06561079850383053,0.0004714978145321726,0.17507952841607607,2.5292432203739674e-21,0.030386286836539877
plot_7168,3,0.5379831783064242,4,4.134290095672016e-05,0.3210248927127456,0.09253848748087465,0.04193283412034603,0.46201682169357583,2.658700356107092e-16,0.08244562109150101
plot_7169,3,0.5390133791296029,4,8.482489798611095e-05,0.3262844924571465,0.12601328142373996,0.045698094683728444,0.460986620870397,5.45489778242419e-16,0.04093268566700144
plot_717,3,0.5456808470720436,5,0.19686592462022204,0.3329485951829868,0.0015189268802527386,0.0,0.008581106053497257,0.45431915292795644,0.005766294335084737
plot_718,3,0.4402387863903456,1,0.2800089219919324,0.5597612136095835,1.5442119295013247e-186,0.00011301792978565215,0.09347228773124512,0.06654888443004993,9.567430740324748e-05
plot_7182,3,0.5338884983911312,4,0.14791437866455934,0.0,0.37313381587475064,2.0223599645919212e-05,0.46611150160886883,0.0073720550585580635,0.005448025193617141
plot_7183,3,0.3457606843170861,4,0.024895779383350317,0.0,0.32053039340838735,0.0,0.6542393156829139,0.0003345115253485083,4.330616749589375e-243
plot_7184,3,0.3249739070880536,4,0.04289005995287441,0.0,0.2813998120885444,0.0,0.6750260929119464,0.00035249459402191593,0.00033154045261295814
plot_7185,3,0.3753554468888884,2,0.21071551126934204,0.0,0.6246445531111117,0.00021921680264640764,0.13611975542669388,0.02819908940901943,0.0001018739811867506
plot_7188,3,0.36339841918239196,4,0.18967494128669035,0.0,0.12839455150538528,0.0,0.6366015808176081,0.013551726393325995,0.03177719999699035
plot_7189,3,0.5529096573984276,4,0.019807629728347223,0.0,0.44709034260157243,0.0,0.49472655985689956,0.0005603667956824787,0.0378151010174983
plot_719,3,0.002242340890054532,1,0.0,0.9977576591098247,0.0,0.0002911281285543264,0.0019512127616209659,1.4614309894363728e-24,1.3361026777965793e-107
plot_7190,3,0.5560022142765084,0,0.4439977857229275,0.0,0.363275276366319,0.0,0.15207223948371495,0.0401973996509909,0.00045729877604776254
plot_7191,3,0.41716235363064547,2,0.19578494097929652,0.0,0.5828376463693545,0.0,0.187599464698506,0.03343422587709957,0.00034372207574343233
plot_72,3,0.0981967729871027,1,0.0003545421112796662,0.9018032270127403,0.0003388925574107643,0.0,0.09750333831856924,3.179912102469774e-17,6.090590513619352e-107
plot_720,3,0.601880594206782,6,0.008836286056109121,0.08230174938871276,0.1627920923528891,0.0013161252560403946,0.3466343410429207,1.101100329473381e-10,0.398119405793218
plot_7213,3,0.04943347340044654,1,0.0013194901242498745,0.9505665265958029,0.0011400320391052273,0.0,0.021572180325279314,5.597126093370132e-12,0.025401770909965676
plot_7236,3,0.22897329438349817,1,0.02109591643833683,0.7710267056163178,0.0036131421803634978,0.13273811986419817,0.004821117827718977,8.721262800923871e-26,0.06670499807306454
plot_7237,3,0.24886979396912182,1,0.0008621079396945413,0.7511302060013462,0.00013985698108396965,0.2265632381932402,0.016660577862947938,0.00028414455653544274,0.004359868465151512
plot_7238,3,0.4428827785810616,1,0.01644101269272791,0.5571172213955395,0.00022714926656359485,0.21362378561267412,0.18998912945266666,0.018032163643463096,0.004569537936365074
plot_7246,3,0.6241648353003799,2,0.0002877400945056649,0.02180024013185013,0.40333527791920026,0.010784636915714371,0.1879569402391094,1.6138275006657589e-16,0.37583516469962003
plot_7247,3,0.15827990886544335,1,0.0008443968815687692,0.8417200911239704,0.03611271287999301,0.11395934641443961,0.007076979922613851,9.587765841730546e-20,0.00028647277741445043
plot_7248,3,0.20982167664561532,2,0.0036842722867482616,0.05626081427291722,0.7901783233543846,0.003685535976165295,0.0757118020926286,2.066371711566303e-15,0.0704792520171539
plot_7249,3,0.32155929816236994,2,0.0005875722160753789,0.019410634707250678,0.6784407018376301,0.0021922014547998783,0.1522954809287454,3.295474686911786e-16,0.14707340885549836
plot_7250,3,0.5037117117274558,1,0.06944366854662745,0.49628828827213073,0.0005273830353445458,0.11947937594418911,0.2836492080998995,1.3632321527543152e-15,0.030612076101807342
plot_7253,3,0.4878819053483039,4,0.10597977518403948,0.2093961209936937,0.0025424448751030088,0.10219952024282841,0.5121180946516961,4.754865950107315e-14,0.06776404405259179
plot_7254,3,0.5334976660453894,6,0.17910828909336102,0.049569007270310106,0.08201318913851394,0.09030294432389996,0.1322509165262723,0.00025331969303209455,0.4665023339546106
plot_7255,3,0.6401276079326168,4,0.04476883011122905,0.0,0.0022632537178244316,0.12898161744809788,0.4641139066554655,7.8716721704011395e-19,0.3598723920673832
plot_7256,3,0.2704051340054312,4,0.007353149820122171,0.0006389163403269856,0.0038835978513183573,0.0399861183420662,0.7295948659945688,1.7860612502290899e-19,0.2185433516515975
plot_7257,3,0.2679623196719708,4,0.014195216320759553,0.0,0.04300994755270442,0.06320875056924198,0.7320376803280292,0.000731138007712776,0.14681726722155214
plot_7276,3,0.019778278560163804,5,0.008805222891243062,0.0006145802029058406,0.0,0.0,0.010358475466014918,0.9802217214398362,1.318251177296369e-106
plot_7277,3,0.18907998419948063,5,0.030622653471736462,0.015876668714834317,0.0,0.0,0.142530053290009,0.8109200158005194,5.0608722900896906e-05
plot_7278,3,0.7248307373312987,5,0.27516926266870134,0.053138295408127804,0.0002257282830984535,0.0002079129474112512,0.056792705752996164,0.6128167572290888,0.0016493377105762051
plot_7279,3,0.3009910138435985,5,0.10713272162084296,0.11195680666273891,0.0002690702419305218,0.0002971327201221349,0.07938702901392616,0.6990089861564015,0.0019482535840377815
plot_7280,3,0.09150256075912602,5,0.0703358162032825,0.009026545353095444,1.2611464322094173e-41,0.0,0.011858970982315755,0.908497439240874,0.0002812282204323587
plot_7281,3,0.6533476883634131,5,0.053570453925783135,0.3466523116197027,0.0007385023570163324,0.0024699896604001275,0.23333910611379508,0.36060848997327516,0.00262114635002746
plot_7282,3,0.010142987570349486,5,0.00033344238233416415,1.8224678009476938e-147,0.009439054696372235,0.0,0.00037049049164308867,0.9898570124296505,5.727101717257721e-225
plot_7283,3,0.041040480331328566,5,0.005308182408391205,2.716757850483836e-147,0.028495087691701927,0.0,0.006624056667829663,0.9589595196686714,0.0006131535634057663
plot_7284,3,0.1423316792966489,5,0.06525589549217908,0.013967144751347,0.0,0.0,0.06300292464403318,0.8576683207033511,0.00010571440908965024
plot_7286,3,0.5222949247779833,2,0.0019111441776826234,0.010800490570156451,0.47770507522201666,0.000396850757838397,0.3644916653173833,7.683290995660219e-23,0.14469477395492258
plot_7295,3,0.21128391038524716,0,0.7887160896147529,0.0003853967071893414,0.09003219096513737,0.053399084716628256,6.079778157369381e-16,1.0492115701769383e-17,0.06746723799629167
plot_73,3,0.3848953118580625,4,4.67020892361888e-13,0.004562832972736781,0.29550001112187446,0.0004822341285310473,0.6151046881419374,0.0230783720708263,0.0612718615636269
plot_7304,3,0.41181321175186175,2,0.004836150371598653,0.12828913827300115,0.5881867882481383,0.09504860782600022,0.1804310942902847,0.0026084679219716,0.000599753069005465
plot_7305,3,0.6546809794297499,4,0.00899764709266893,0.21500483845073232,0.29131595759934026,0.13595509578386172,0.3453190205702501,0.002514435020214276,0.0008930054829323198
plot_7306,3,0.7084055867932867,3,0.006967491386409139,0.1478605285837286,0.28521221254372675,0.2915944132067133,0.23596012135874694,0.025517205964275678,0.00688802695639954
plot_7307,3,0.7096250321581619,3,0.0038920300445140603,0.20191056346442388,0.28603181208244344,0.2903749678418381,0.21642275860798904,0.00011579514169541189,0.00125207281709614
plot_7308,3,0.46965511387513204,1,0.0859115362489436,0.53034488612329,0.12596516980462133,0.05647122711905558,0.18248258433372083,0.000729790957812121,0.01809480541255672
plot_7311,3,0.34855214090756037,0,0.6514478590924396,0.0,0.12198142770672263,0.0,0.010579307621072355,0.0011853013109952841,0.21480610426877011
plot_7354,3,0.5351990406866207,0,0.4648009593133784,0.0,0.0342394828792016,0.0,0.10841258480120976,0.3771185755751303,0.01542839743107997
plot_7399,3,0.4957745534604212,2,0.005677231648697498,0.1199628026870972,0.5042254465395788,0.12224274012562296,0.220387089640261,0.021602275755226823,0.005902413603515754
plot_74,3,0.681542279584825,0,0.31845772041513926,0.3003840135305796,0.2544679550835962,0.0002691882587691119,0.06455166172238384,3.564270768488207e-14,0.061869460989496465
plot_740,3,0.5010476158197388,5,0.14713753998904627,0.3356598093788332,0.0027430351075500817,0.00014554515245566703,0.00615904275676056,0.4989523841802612,0.009202643435092986
plot_7407,3,0.6142856161046977,6,0.0002394233250879076,0.25445230535789454,0.1922889696035622,0.10294923218071392,0.06432220619681853,3.3479440620515405e-05,0.3857143838953024
plot_7408,3,0.029524216024438908,1,0.0003012066825450617,0.970475783967647,0.00018830576948866804,0.0,0.028908985336170385,0.00012571824414895778,1.1524784298071745e-103
plot_7409,3,0.32578755394563097,1,0.06931713771920758,0.674212446054369,0.020438466801980398,0.008010945273011676,0.22799148722087842,2.9516930552898595e-05,1.1108503974006849e-100
plot_7410,3,0.0010850344436206497,1,0.00021097459160550588,0.9989149655563794,0.0,0.0,0.0008740598520151685,1.7971683204106658e-24,3.985893902150063e-103
plot_7411,3,0.07154630264106229,1,5.9912725740597e-65,0.9284536973589148,0.0321448389069877,0.03726318895851343,1.1519749483332847e-13,0.0021382747754687,9.758215848159844e-241
plot_7412,3,0.07068972310942875,1,9.271677894059656e-65,0.9293102768905712,0.052940918765779124,0.015372265887813229,1.4039925327796552e-13,0.0023765384556960045,1.5101138038114686e-240
plot_7413,3,0.08862890019590844,1,3.952331743170164e-66,0.9113710998040916,0.008851897598831026,0.07961549152834826,3.082681246610177e-14,0.00016151106869836783,6.437314573263482e-242
plot_7414,3,0.09401208226840826,1,2.0500372964681763e-66,0.9059879177315918,0.0033038375786158367,0.09054581104457665,3.7679494207925616e-14,0.0001624336451781593,3.3389745147514263e-242
plot_742,3,0.1898092319679265,1,0.028893401661951208,0.8101907680320736,0.0,0.018012342985611104,0.02140058845974785,0.12056965861509521,0.0009332402455211975
plot_7425,3,0.22719720303618374,1,0.13477079943454437,0.7728027969635033,0.055745826357877254,0.0005603758263320356,0.0022752494142269336,2.5599392501714407e-21,0.03384495200351591
plot_743,3,0.005425198244329234,1,0.0,0.9945748017513663,5.40719417167956e-05,0.0024979141316226147,0.0028178881973495384,5.532397794479613e-05,9.607312458478069e-107
plot_7433,3,0.3384930749284922,2,0.0036523973947731577,0.09896319805452537,0.6615069250715079,0.08841590518073314,0.14456039665013581,0.002568659400620495,0.0003325182477041582
plot_7434,3,0.5298518635867492,1,0.009384523141251622,0.47014813641306624,0.14229953225626332,0.1238882208845701,0.24397098151779695,0.00012316706462368705,0.010185438722427909
plot_744,3,0.11180869084496169,1,0.004844346460699879,0.8881913091550382,0.007063986127232341,0.0008664753414982715,0.08899922631868111,0.00017302844254649718,0.009861628154303472
plot_7441,3,0.22397014334839516,6,0.0014123130252424254,0.05048125178374756,0.01408151973419162,0.0033954509044946094,0.15459960790071886,1.153530001110092e-16,0.7760298566516048
plot_7442,3,0.395906827033526,6,0.0,0.06720840693036405,0.10455230655592893,0.01314703467036821,0.21099907887686487,1.7548461745441404e-17,0.604093172966474
plot_7451,3,0.00020438140821454862,5,0.0001454492335320237,1.0486983688165683e-285,0.0,0.0,5.893217468252455e-05,0.9997956185917855,1.1955172400422611e-108
plot_7452,3,0.0018633014325408486,5,0.0010024413715418253,5.866553738520691e-05,0.0,0.0,0.0008021945236137889,0.9981366985674591,1.4710785204874527e-107
plot_7453,3,4.025832712362002e-05,5,2.109521025373717e-05,2.6129781370790417e-286,0.0,0.0,1.916311686988166e-05,0.9999597416728764,3.887492140635663e-109
plot_7461,3,0.2935050773434481,2,0.0,0.018447884983787327,0.7064949226565519,0.06056228471921226,0.01824766101143006,7.225297013451977e-21,0.19624724662901838
plot_7471,3,0.7105112540869556,2,6.0431460716361096e-05,0.025172044928095938,0.517205894140431,0.28948874591304435,0.03463968805566055,2.1646820097009483e-05,0.13341154868195482
plot_7472,3,0.305330959138564,2,0.00019706521961162021,0.005861815964901692,0.694669040861436,0.15008251318064975,0.022030550357886987,0.00011672369517961658,0.1270422907203344
plot_7473,3,0.6997506188283716,6,0.0002847186857498127,0.27067576533013143,0.2620152376762588,0.11100972090319243,0.055736843391544354,2.8332841494862607e-05,0.30024938117162836
plot_7476,3,0.17766813524699313,2,0.0,0.00022449920896156498,0.8223318647530068,0.03692124822505134,0.0012314478313804654,5.471320661153613e-21,0.1392909399815997
plot_7477,3,0.3122017963630126,2,0.00017085879595502015,0.001616972980238239,0.6877982036369874,0.11198869060853187,0.007882507727140945,1.2422416301991585e-22,0.19054276625114658
plot_7485,3,0.5201143060646558,2,0.0025916715980214317,0.0071195335497011725,0.47988569393534425,0.00031374203251853414,0.3319673589145166,9.466079888741399e-23,0.1781219999698979
plot_7486,3,0.6849865819995355,1,6.676231255398808e-05,0.4860812793140773,0.0,0.31501341800046445,0.19883854037290422,5.732576218595814e-19,1.1149324767282007e-107
plot_7487,3,0.02601691835998204,1,0.0,0.9739830816397534,0.002837406782346967,0.008521184416290203,0.014348856373417835,0.00030947078819151504,1.6163768083102313e-99
plot_7488,3,0.6090715941318336,4,1.5771418631931542e-15,0.14817157960357052,0.3770052980951556,0.04398998747279151,0.3909284058681663,2.2539508903789287e-21,0.039904728960314495
plot_75,3,0.049197467316416846,1,0.015632978984988742,0.950802532683392,0.02101357896192116,0.0,0.01188615829228067,1.7785647274775042e-15,0.0006647510774156722
plot_7508,3,0.002819753430810051,1,0.00022774034787016064,0.9971802465691899,0.0,0.0,0.0025920130829398514,9.063221840302453e-24,4.302645436785941e-103
plot_7509,3,0.00224524162363518,1,0.0001501459439992528,0.9977547583763648,0.0,0.0,0.0020950956796359547,7.65545091304212e-24,2.8366724071599923e-103
plot_7513,3,0.6913291475354904,2,0.0,0.0025538516257281587,0.626768731359037,0.05220621247098532,0.00980035207973995,6.891843624878488e-21,0.3086708524645096
plot_7517,3,0.37791559471252106,2,0.08001814744971092,0.024393943788187433,0.622084405287479,0.06385384431002868,0.06233321686575824,4.40240447164376e-05,0.14727241825411938
plot_7518,3,0.3849206057649382,2,0.08346544493808691,0.024281379467881403,0.6150793942350619,0.06622329074000383,0.06371539665622236,4.603748679973091e-05,0.14718905647594394
plot_7526,3,0.14899034683655468,2,0.0,0.0005956219447285707,0.8510096531634452,0.03638512481077558,0.0014231278474328675,6.231842561949391e-21,0.1105864722336176
plot_7527,3,0.11965479976743991,2,0.0,0.0,0.8803452002325601,0.010482944350211661,0.00013560210969434174,6.915252854588441e-22,0.10903625330753394
plot_7528,3,0.14298574170598283,2,0.0,0.0,0.8570142582940172,0.016803092938492147,0.0002963673010920459,5.376541922414045e-22,0.1258862814663987
plot_7529,3,0.11066459251699365,2,0.0,0.0,0.8893354074830063,0.008852742060728008,0.00017396964191449655,9.404388333084197e-22,0.10163788081435114
plot_7531,3,0.2991694183119525,2,0.00016350976502252978,0.0050339570662468695,0.7008305816880476,0.1365959872840384,0.018912677264020784,9.684846473159737e-05,0.13836643846789226
plot_7532,3,0.6944614744437814,2,9.524189919862916e-05,0.0009670505598112492,0.6081568368099076,0.08021060502297267,0.005031740151891192,1.9065389370304534e-21,0.30553852555621863
plot_7533,3,0.350458803962137,4,0.0012292273204782458,0.17156662226759353,0.1776629543740653,0.0,0.649541196037863,1.2364610024268821e-21,1.568895884991303e-103
plot_7552,3,0.326364665589773,5,0.08561767782029626,0.09653970306001902,0.00019952818193641743,0.00022341488522850303,0.1423166097002798,0.673635334410227,0.0014677319420130439
plot_7553,3,0.0661343010228892,5,0.040458748405888596,0.0047301788907516944,0.0,0.0,0.0208923054011924,0.9338656989771108,5.3068325056512524e-05
plot_7554,3,0.02902854610329545,5,0.007858111603949993,0.0008554479186284135,0.0,0.0,0.02031498658071708,0.9709714538967046,1.9662532304615282e-106
plot_7555,3,0.37446591481823543,5,3.928858263870935e-05,7.484267466994732e-145,0.35576035918022,8.291985059968462e-05,0.01858334720477716,0.6255340851817646,5.296122697060701e-170
plot_7556,3,0.33654556178666195,2,0.00019055584465791796,3.2903932192296085e-145,0.663454438213338,0.0,0.010828252775728072,0.325526753166276,1.1239102700011688e-170
plot_7557,3,0.0,5,0.0,0.0,0.0,0.0,0.0,1.0,0.0
plot_7558,3,1.7741161340680126e-05,5,9.296301047928672e-06,1.1514951072667917e-286,0.0,0.0,8.444860292752977e-06,0.9999822588386593,1.7131517925688108e-109
plot_7559,3,0.28055843253199136,5,0.00021995948845040164,4.0124368014481896e-05,0.11087238230993557,0.0005001910055047041,0.10590716396467537,0.7194415674680087,0.06301861139541091
plot_7560,3,0.07629993762753695,5,0.00018536266084929567,3.381331571099655e-05,0.04415184398740189,0.00042151732779509456,0.012440945765057016,0.923700062372463,0.019066454570722632
plot_7596,3,0.22847307968853345,5,0.00022357468774576088,4.0783842125942004e-05,0.10086961674714134,0.0005084120201957391,0.06699773400594544,0.7715269203114665,0.05983295838537922
plot_7597,3,0.02048984531358378,5,6.265059588752023e-13,0.0,0.00917378729507314,0.0,0.005096706572331712,0.9795101546864162,0.006219351445552425
plot_7598,3,0.0,5,0.0,0.0,0.0,0.0,0.0,1.0,0.0
plot_7599,3,0.00020348336027153436,5,0.00015488336029578214,8.731024735549942e-286,3.20780991684766e-41,0.0,4.859999997574747e-05,0.9997965166397285,9.859153874782918e-109
plot_76,3,0.48570908185701483,2,0.002979935432281849,0.010749908966416019,0.5142909181429852,0.07796362239979006,0.3825987121849928,3.991851725961853e-12,0.011416902869542335
plot_761,3,0.12354284838734339,1,7.912736551512414e-05,0.8764571516125864,0.011361544620059765,0.0,0.08914994038040955,0.00023641740480740388,0.022715818616621825
plot_762,3,0.03560961820019113,1,0.0006489421505805876,0.964390381799809,0.00033702897779878477,0.010009844509638542,0.016028442863744625,2.842797932509545e-05,0.008556931719103591
plot_7628,3,0.44395737233697047,2,0.11948440635360641,0.07527509446735217,0.5560426276630296,0.077234746516429,0.09005353511178904,0.0003006029348150986,0.08160898695297869
plot_7629,3,0.5613827820407484,1,0.017206932062036384,0.4386172178857091,0.1919127115857813,0.2389516016029311,0.08402579841753954,0.021130124845690393,0.008155613600312092
plot_7630,3,0.6797512147736655,3,0.030284538297782264,0.23099662231391485,0.2428845151373633,0.3202487852263346,0.11809986954310706,0.0020589016510753973,0.05542676783042268
plot_7631,3,0.671886783127774,4,0.15104139110991532,0.09937166520148412,0.29052011823129464,0.1189352671835729,0.32811321687222605,0.008181780662950115,0.0038365607385568816
plot_7632,3,0.6715322772739962,1,0.0,0.4638522933016673,0.0,0.2076799839723289,0.3284677227260038,9.47697816867782e-19,0.0
plot_7633,3,0.3636049061524216,1,0.01949651625299454,0.6363950938475784,0.21128788444755772,0.06672822564686931,0.06606144465925015,3.083514574990003e-05,3.1852148535147323e-103
plot_7634,3,5.5307019593431076e-250,5,0.0,0.0,1.1061403918686215e-249,0.0,0.0,1.0,0.0
plot_7635,3,0.002265138133091726,5,0.0016858573106797675,0.0003335108766427868,1.624347090162195e-05,0.0,0.00014131680899225716,0.9977348618669083,8.820966587531373e-05
plot_7636,3,0.07765477019798041,5,1.1001072707260152e-12,0.0,0.026553377046034613,0.0,0.017689108660493363,0.9223452298020196,0.03341228449035234
plot_7637,3,0.013110578223628055,5,0.0002286286030711436,0.000332977131799131,0.006606125482993776,0.0,0.0023084433871725404,0.986889421776372,0.0036344036185914745
plot_7638,3,0.009756852966834952,5,1.9356742195330188e-13,0.0,0.005382887892179461,0.0,0.001183288847435808,0.9902431470331651,0.003190676227026139
plot_7640,3,4.222304275521849e-249,5,0.0,0.0,8.444608551043698e-249,0.0,0.0,1.0,0.0
plot_7641,3,0.0,5,0.0,0.0,0.0,0.0,0.0,1.0,0.0
plot_7646,3,0.1229335835727616,0,0.8770664164272385,0.00023830639844372596,0.018648462382799717,0.012231116827602686,0.0009477676117132393,0.0027655679290794944,0.08810236242312279
plot_765,3,0.0921732546084682,1,0.0,0.9078267453915319,0.0007033702576590967,0.013109828175930215,0.030004627361811434,0.04835542868350438,1.295631379414536e-10
plot_7652,3,0.5713839550728803,4,0.08693809212511447,0.1881292712915933,0.2111324170523951,6.175040455922645e-05,0.42861604492711974,1.8199563126045962e-19,0.0851224241992182
plot_7666,3,0.34346736938502825,0,0.6565326306149718,0.0008131433140480593,0.08039803148312062,7.648785749221597e-05,0.07066980191525012,0.13529054938922488,0.05621935542589244
plot_7667,3,0.6012298269695362,6,0.3436289111128314,0.0,0.2542368925541436,0.0,0.00021272325448944674,0.0031513000480717346,0.39877017303046375
plot_7668,3,0.44137180541226656,0,0.5586281945877335,0.0,0.21146456677341358,0.0,0.00025644008019204564,0.003596572626754115,0.2260542259319068
plot_7669,3,0.5826815796648295,2,2.9356665534001173e-18,0.2754118140976584,0.4173184203351704,0.23699136464691464,0.03304846811019734,0.021158833303991327,0.01607109950606784
plot_7670,3,0.661866056695558,1,2.5916415583359862e-17,0.39367210059199326,0.338133943304442,0.13698247033087566,0.007935715714345537,0.006077920407148675,0.11719784965119477
plot_7671,3,0.6579114148135972,1,7.922729637417886e-17,0.37746938648855133,0.16520122013778657,0.0915926484451818,0.011564721350633241,0.012083438391444193,0.34208858518640284
plot_7672,3,0.2598823280995656,4,0.023687768199815024,0.04705829051635022,0.18869827037300657,0.0,0.7401176719004344,0.00043799901039376035,6.924309458263181e-105
plot_7673,3,0.2971118500556412,4,0.015409010387560033,0.1123981897472186,0.16903620090841626,0.0,0.7028881499443588,0.00026844901244629777,4.083358952450736e-104
plot_7674,3,0.2815687128293085,4,0.002336279348171892,0.20918299988323596,0.06170666569670408,0.0,0.7184312871706915,0.007493986474259164,0.0008487814269374595
plot_7675,3,0.45734305752397175,1,0.0001354539917476515,0.5426569424561369,0.10437304589600875,0.0,0.3525852575920288,0.0002493000640780215,1.1194250374876228e-103
plot_7693,3,0.7157102157243738,4,0.016543249531771817,0.08957723803265649,0.2939212072252231,1.9605997300378354e-05,0.3156489149374221,1.0705837125777452e-23,0.2842897842756262
plot_7694,3,0.4140393117120433,1,0.007889453494383114,0.5859606882879568,0.08566926995759871,7.735360349315439e-05,0.30536664369089866,2.5453586645156355e-25,0.015036590965669692
plot_77,3,0.12417372858788678,1,0.01003664766596012,0.8758262714117597,0.09258089037340958,0.0,0.01747130932329016,4.1686236519366636e-22,0.004084881225580514
plot_771,3,0.1455055908463484,1,0.00024522642808870936,0.854494409153629,0.013136142447310118,0.0,0.10896209744542701,0.0001253793066173123,0.02303674521892803
plot_772,3,0.15594327040583755,1,0.0014360329080644974,0.844056729594147,0.09120341629922382,0.0,0.04376578233264855,3.5150334560123367e-05,0.01950288853135604
plot_7724,3,0.7145852408209842,1,0.24863957583687857,0.46030591156570166,0.003304949130183941,0.00015504172627085871,0.0018203998308167697,0.2854147591790158,0.0003593627311325112
plot_7725,3,0.20964831709991144,1,0.09676363415203885,0.7903516829000886,8.533741912292419e-05,6.051260525235789e-05,0.019736591398940784,0.09300224152455654,0.0
plot_7726,3,0.5411103865895228,0,0.4588896134104771,0.3425963764122332,0.059239242895076406,0.00017047924314847373,0.02280665579324226,0.09930375100795252,0.01699388123787001
plot_7727,3,0.6906312907117346,4,0.0037366391141119898,0.15832825739094364,0.30936870928826543,0.0,0.5285663942066787,2.5529021801369465e-16,1.3947889319633041e-103
plot_7728,3,0.7209423794660796,4,0.1735452823937161,0.01919009644588973,0.13061383390381825,0.2790576205339204,0.39759316672260714,4.842691097482804e-14,8.91397978886312e-101
plot_7729,3,0.34178379141842286,2,0.030142200762544303,0.0,0.6582162085815771,0.0,0.14189763057508867,0.0017406561016286332,0.16800330397916122
plot_773,3,0.20203571219468872,1,0.0007000002838042202,0.7979642878052419,0.05364306035512804,0.0,0.12410649310697222,1.3912062498367799e-05,0.023572246386355394
plot_774,3,0.5644472848726358,4,0.014081791213986238,0.3959202331894722,0.01735694280510016,0.0,0.4355527151273642,7.781234601913096e-14,0.13708831766399945
plot_7747,3,0.2219820127467339,2,0.04615558411563286,0.12905498387830014,0.778017987253266,0.01661516826923835,0.023305381568808577,2.4657513942129876e-14,0.006850894914729256
plot_7748,3,0.1935418446104687,2,0.014259728829957751,0.14125060043473397,0.8064581553895314,0.00926521452528548,0.019067913792079325,7.94033482649288e-15,0.009698387028404252
plot_7749,3,0.06736249376214043,2,0.0030582559313116825,0.027452609376829373,0.9326375062378596,0.0008730976428367621,0.02102093436908184,1.6538192534738733e-15,0.01495759644207912
plot_775,3,0.3027902949253322,1,0.004748982846676785,0.6972097050746678,0.014831871908812468,0.0,0.1857687532516459,8.248374102000318e-06,0.09743243854409513
plot_7756,3,0.5644281597004137,5,0.22385994471861403,0.0,0.013145041812308618,0.0,0.31526407086918634,0.4355718402995863,0.012159102300304809
plot_7757,3,0.5811480671927549,2,0.08322882235725279,0.0,0.41885193280724514,0.0,0.14770010756749366,1.2342620585623518e-10,0.3502191371445823
plot_776,3,0.12440227302610686,1,0.00035466293076926104,0.8755977269738932,0.007150238547089219,0.0,0.09213793922841541,1.7300544311273524e-05,0.02474213177552173
plot_7762,3,0.6520706753688122,4,0.3479293246311877,0.0,0.04563426700762089,0.0,0.588351079389155,0.0025452999772971967,0.015540028994739132
plot_7763,3,0.4967514999609192,5,0.18405508344993635,0.0016967254887478363,0.1110116960973986,0.0007773946757866602,0.1886937440741606,0.5032485000390808,0.010516856174889245
plot_7764,3,0.3458936707046044,4,0.026037784951391113,0.01473438058658922,0.15138923485877231,0.0,0.6541063292953956,0.11951822959996111,0.03421404070789063
plot_7765,3,0.675253386614991,4,0.0718738460015156,0.0004436739185469534,0.324746613385009,0.0,0.37599520140400233,0.1313205004995579,0.09562016479136826
plot_777,3,0.2081564520350584,1,0.00043339442969015827,0.7918435479649415,0.011912900666883183,0.0,0.11568519633913982,1.1821935446778877e-05,0.08011313866389838
plot_778,3,0.4289219811230719,1,0.0009347895700513149,0.5710780188769083,0.02212172281655897,0.0,0.25680214848855504,3.2879939078816867e-13,0.14906332024759755
plot_7786,3,0.7272299324201763,4,0.022173175740706236,0.0,0.2383742309427092,0.0,0.4505094348734425,0.016173090863318335,0.27277006757982375
plot_7787,3,0.34056838577763815,4,0.00011519018477551509,0.2535631015059827,0.08689009408687998,0.0,0.6594316142223619,2.0867843249192087e-21,1.1954839588646799e-103
plot_7788,3,0.11012079568448319,1,0.0,0.8898792043150654,0.0,0.11012079568448455,4.5003539777769107e-13,1.3876744052767362e-23,0.0
plot_7789,3,0.02470437742593946,1,4.655507226781481e-19,0.9752956225738394,0.00034931422003439916,0.021030290993432215,0.003324772212693988,2.6534362998058132e-24,7.606370361114066e-101
plot_7790,3,0.08645489485530769,1,0.0,0.9135451051430297,0.0,0.0862223865190254,0.00023250833794491658,1.086540735960841e-23,5.513197069780379e-107
plot_7793,3,0.6456900783735835,4,0.00012748312398001415,0.35430992162641656,0.20387459288846416,8.107848704405698e-05,0.44133050814189945,2.944403306136839e-21,0.00027641573219582786
plot_7798,3,0.7060713283893253,3,0.14409325354303987,0.1739822188979376,0.10254621406156152,0.29392867161067454,0.28425112231664,5.66838178902217e-18,0.001198519570146351
plot_78,3,0.339395238634511,4,0.05818765044506503,0.029722974566481892,0.15861522497683395,0.0035881633342711473,0.6606047613654891,2.053562374101772e-09,0.08928122325829672
plot_7802,3,0.7048540935111036,1,0.29514590648889627,0.4322825045852044,0.08382092763914092,0.00013901206862003992,0.18861164921813833,1.6480814482583766e-22,1.6770940017015378e-104
plot_7803,3,0.6227856073440208,1,0.1878958318326767,0.40007185170501836,0.03454615987521205,0.0002717639311136716,0.37721439265597917,2.597021161264429e-21,3.018897602045568e-104
plot_7804,3,0.010647376648810429,1,0.0,0.9893526233499104,0.0020229794104056026,0.008072821081394376,0.0004188447722455608,1.1623045077874073e-25,0.00013273138604415248
plot_7805,3,0.005985065588516439,1,0.0,0.9940149344113636,0.004569878582588603,0.0008460367520833189,0.0005419226970137404,1.925715884982803e-25,2.722755695079237e-05
plot_7806,3,0.04164393985823125,1,0.0,0.9583560601409238,0.026648551371930743,0.007960635790337503,0.006405763233970165,1.4511441372927304e-25,0.0006289894628378127
plot_7808,3,0.4776204420635565,4,0.09382903329833157,0.14024916651002875,0.23539609270267975,0.0,0.5223795579364435,1.8088972142937386e-20,0.008146149552516418
plot_7809,3,0.32192470539887047,1,0.04748287987271488,0.6780752946000723,0.027354224986446546,0.01024487636331842,0.22782917990849577,8.654913812454273e-18,0.009013544268952154
plot_7810,3,0.34813560131937615,1,0.01710644957068185,0.6518643986783871,0.14030118439993733,0.0017768180706875703,0.18308598362834327,4.1663445206322246e-18,0.0058651656519629475
plot_7811,3,0.7162131202129315,4,0.28378687978706835,0.1913388205728638,0.08006636310439395,0.12359652187393974,0.3203252692189807,3.5757650282253885e-18,0.0008861454427533833
plot_7812,3,0.3622136539123282,4,0.00023648251320014266,0.015846294649839998,0.20008852118750053,0.006001999404058673,0.6377863460876718,3.6725459798165714e-17,0.14004035615772875
plot_7813,3,0.0019802060095607406,0,0.9980197939904393,0.0,0.000890073053873131,0.0,0.001090132955687594,3.031739112578115e-17,4.194270728510899e-106
plot_7814,3,0.3590459720368407,4,0.00019537829733880626,0.011933692765798837,0.22326467524315233,0.004374300700717063,0.6409540279631594,2.518030216447519e-17,0.11927792502983368
plot_7815,3,0.4236945866657805,4,0.0003507515949847293,0.024903765527584273,0.2792757237147738,0.0054818899908044534,0.5763054133342195,2.6292278375312774e-17,0.11368245583763328
plot_7823,3,0.4950722287578502,4,0.028459194825914576,0.17549821107004215,0.27978149627941806,0.0,0.5049277712421498,0.00036784106990428266,0.010965485512571082
plot_7824,3,0.3110649215577572,2,0.035224534699525994,0.0,0.6889350784422428,0.0,0.15611609471640522,0.0021982716153415923,0.11752602052648445
plot_786,3,0.5298519721567391,4,0.0064064040696150465,0.2801305413027169,0.049950947910458586,0.0,0.470148027843261,6.210768519267549e-13,0.19336407887332746
plot_7869,3,0.2033990402104401,1,2.6206147391598677e-18,0.7966009597895599,0.0229228180654424,0.011737956309507833,0.0006998842121281307,0.10524195352729851,0.0627964280960633
plot_787,3,0.29939379343688516,1,0.009242644478079771,0.7006062065630517,0.15569960278237704,0.0004290288588532703,0.07121922448147337,1.2152450684052898e-13,0.06280329283604331
plot_788,3,0.2008790765514465,6,0.05096630214501786,0.07824296917204275,0.07101148754997326,0.0,0.000658317682116259,2.296373899200563e-12,0.7991209234485536
plot_789,3,0.1525374480478157,6,0.014461312583912846,0.11094046702774499,0.02632019908333929,0.0,0.0008154693522056941,6.128955602212555e-13,0.8474625519521843
plot_79,3,0.15488222323603845,1,0.01497510106941147,0.8451177767639332,0.020395656849273167,0.008501779905303455,0.09582188280847191,1.0088895717137621e-14,0.015187802603596742
plot_790,3,0.16550533848084564,6,0.07135650750517156,0.02100533521546765,0.0725832644750197,0.0,0.0005602312778280081,7.358771079587296e-12,0.8344946615191544
plot_7907,3,0.013682853631157822,1,0.0,0.9863171463685951,0.0010852565645817324,0.0019708671616581767,0.010535000779186307,9.172912597868217e-05,1.701144269467396e-99
plot_7908,3,0.009993757164698447,1,0.0,0.9900062428351581,0.0008233469476539271,0.0006110225302297858,0.008559387686958079,8.72273411023695e-26,1.415451784901179e-99
plot_7909,3,0.13742933514760214,1,0.0,0.8625706648523979,0.0003701124520906672,0.0005382699594396035,0.05346794088987382,0.08305301184619808,4.62972312189998e-104
plot_791,3,0.10889085680894164,6,0.0699689241542334,0.012283898329018479,0.026245664420131817,0.0,0.0003923698985356482,7.022323553681926e-12,0.8911091431910584
plot_7910,3,0.015696930226403647,1,0.0,0.9843030697735534,1.5778478817546328e-70,0.00025953776733796775,0.009274593664928997,0.006162798794179635,1.4954029635985075e-256
plot_7911,3,0.00510612310738922,1,0.0,0.9948938768922283,9.281992766565527e-72,0.0037303467303530955,0.0010132379192387942,0.0003625384581798972,0.0
plot_7912,3,0.011505272517840278,1,0.0,0.9884947274821597,1.0656315952261231e-71,0.00024230277744992677,0.010846752614136312,0.0004162171262540335,8.171227128330175e-262
plot_7913,3,0.5854538783176495,4,0.003137603672686542,0.21238683236584605,0.2014470819404562,0.09207354874353908,0.4145461216823505,0.0735587364053922,0.0028500751897293586
plot_7918,3,0.22891386145275952,1,0.00024435332454197814,0.7710861385472405,0.027153807140826203,0.06093055403373436,0.1297438323147969,0.010608967680550752,0.00023234695830937982
plot_792,3,0.09446337747961966,6,0.045647831013428626,0.02518584915321288,0.023282942879285787,0.0,0.0003467544314115863,2.280798258886863e-12,0.9055366225203804
plot_7924,3,0.26410832233021164,1,0.00019928314398982847,0.7358916776697884,0.08897596689429428,0.10795301090205828,0.0610601577704546,0.0005791538220481868,0.005340749797366479
plot_7925,3,0.40829883625994856,1,0.00022378156435088633,0.5917011637400307,0.11375511041663694,0.0677750449230701,0.20848358225171384,6.770752032041256e-05,0.01799360958387724
plot_7926,3,0.15936395200330333,1,7.187579783955632e-05,0.8406360479966966,0.029062094415388286,0.030807638914265814,0.09498948279963709,0.00348464735016292,0.0009482127260096104
plot_7942,3,0.23704837103778623,1,0.0,0.7629516289622137,0.0001877391556213849,0.0,0.17162350655040495,0.06523712533175978,1.9289323123458344e-108
plot_7949,3,0.4895267294478197,0,0.5104732705521803,0.04267091638981885,0.025756603284343163,0.07680303812849838,0.09657838751910337,2.0417147569824845e-13,0.24771778412585177
plot_7960,3,0.1204331478227363,1,0.00017836932027109377,0.8795668521771844,0.014224745633455927,0.01927165225404614,0.08362351835173848,0.002567547012825386,0.0005673152504786879
plot_7964,3,0.6141048248371688,1,0.0037283463713828693,0.4185377368786676,0.10406026006344433,0.012665540404754656,0.3858951751628312,0.00019411024302728156,0.07491883087589209
plot_7965,3,0.5442424368793572,4,0.00324149409421207,0.16037724605371284,0.12791781607414893,0.19117847874937824,0.45575756312064286,6.139751398820752e-14,0.06152740190784377
plot_7966,3,0.7105636680477687,2,0.0007156766404897754,0.2784831398600552,0.28943633195223156,0.0941427228987041,0.269890041899045,1.3372980259215925e-12,0.06733208674813722
plot_7967,3,0.20579811172859414,1,0.0014883065743089556,0.7942018882713857,0.01562118888224293,0.0038706265877915696,0.17663547129938517,0.000728765087817296,0.0074537532970683
plot_7968,3,0.2770466768261682,1,0.05850906062070636,0.7229533231738257,0.030031196161448913,0.0033396072139233127,0.11006402220724244,0.005635889666535923,0.06946690095631736
plot_7969,3,0.43949010991248316,1,0.11550642815267864,0.5605098900875038,0.020822625505939826,0.00028086404487284554,0.14347142015163822,0.00542728162845978,0.15398149042890696
plot_7970,3,0.2511536517653978,1,9.373619979224994e-05,0.7488463482345893,0.0647604162523934,0.11312408166202449,0.06463615910318862,0.00011209092418916696,0.008427167623822882
plot_7981,3,0.11549601734280814,1,0.0,0.8845039826571919,0.00024670714676610077,0.00037551187228063144,0.04911252762203127,0.06576127070173016,3.1412236995155416e-104
plot_7982,3,0.015581313033308522,1,5.404539507403681e-19,0.9844186869652145,0.0014570550321746398,0.0007077856505175949,0.013416472352093357,9.493705872018061e-26,1.7426954002775551e-99
plot_7983,3,0.002796827527813089,1,0.0,0.997203172471869,0.0,0.0018273083509391353,0.0009695191771919762,2.319257416906329e-25,1.4083867317088305e-100
plot_7984,3,0.5703469013112816,3,0.3574658791191997,0.0,0.008431323306726466,0.42965309868871837,0.011692274362290209,0.04943877546800998,0.14331864905505518
plot_7985,3,0.6293122937065744,4,0.0,0.005634635329905985,0.0,0.2523926810437552,0.37068770629341663,0.3667555999540687,0.004529377378853585
plot_80,3,0.05003413053088048,1,0.010380887883248603,0.9499658694689862,0.011677220875381592,0.002296852941917093,0.022413716664076714,2.144149161875565e-15,0.0032654521663877693
plot_8015,3,0.4457206374638374,2,0.0,0.12211475763216462,0.5542793625361626,0.0669614228504449,0.2464933079074868,5.152273692746731e-22,0.010151149073741081
plot_8028,3,0.6743379671498174,1,0.029284992667906923,0.6706540248154614,0.0,0.0,0.29719100326567793,0.002869979250953618,0.0
plot_8029,3,0.2021714910074111,1,0.08068639052720634,0.7978285089925761,0.0,3.489500469312261e-05,0.10161937315030484,0.01983083232521962,0.0
plot_8038,3,0.7122610163017916,6,0.19303886320929164,0.08207050146623429,0.07502099813766469,0.06118488619334284,0.007316189260163297,0.2877389836982085,0.29362957803509476
plot_8039,3,0.5996042602446111,0,0.400395739755389,0.02781253713766188,0.24599775063532778,0.14025350735613162,0.06659465985092078,0.01286866312216221,0.1060771421424069
plot_8056,3,0.34873069174488835,4,0.07587141457774259,0.0,0.20215714812232655,0.005307965913907718,0.6512693082551116,0.03424273701485666,0.031151426116054818
plot_8057,3,0.5968888788055415,1,0.013442412488584167,0.40311112119364895,0.17978212403645774,0.0003235035374017279,0.3354687484618147,0.004251997623423716,0.06362009265866893
plot_8077,3,0.20008352769509108,1,0.0766715385803652,0.7999164723049002,0.0,3.7752004657054636e-05,0.104407740368689,0.018966496741388426,0.0
plot_8087,3,0.5966436465947232,2,0.1369049836871891,0.1531019276826218,0.40335635340527676,0.07194213872829049,0.11253539995684604,0.009473314987537031,0.11268588155223888
plot_8088,3,0.5153427703394216,1,0.1919464989311889,0.4846572296605709,0.01769211355210127,0.005278571120047066,0.019125119093701803,0.04664620541882273,0.23465426222356722
plot_81,3,0.45191767903357116,1,0.054995090865248994,0.5480823209664288,0.21536647408041704,0.0004610714756352746,0.18055225430623317,2.0823100963326874e-09,0.0005427862237266082
plot_8103,3,0.7217845720613336,0,0.2782154279386641,0.2025933148650555,0.2530901609785214,0.06350898028058431,0.1458859000470966,0.03994913451240029,0.016757081377677546
plot_8104,3,0.19335706371844233,1,0.05468688798466055,0.8066429362812579,0.10843336886036914,0.00010659164064341485,0.030130215233068858,2.4704605131097775e-23,2.121218160650802e-104
plot_8105,3,0.221782037992759,1,0.00931917360796166,0.7782179620053026,0.1047641414551823,6.778208028371333e-05,0.10747418989029782,0.00013684094334173662,1.991001763025786e-05
plot_8106,3,0.28876472132781705,1,0.06259172667925816,0.711235278672183,0.182161904932701,0.0,0.04401108971585784,2.5470452299784373e-23,2.2147282021720088e-104
plot_8107,3,0.576981287119702,1,0.01575959353619209,0.44458448786769456,0.42301871288029813,0.0,0.11663720571581526,1.415674695609857e-22,2.3067185455590374e-103
plot_8116,3,0.7151884562692392,1,0.0,0.7010975149928474,0.004638645150184294,0.0008658744047854703,3.018630351588392e-14,0.2848115437307607,0.008586421721391872
plot_8117,3,0.2634838420997847,1,1.974142024913719e-18,0.7365161579002153,0.056043857962413415,0.012951671247441824,0.00033494532942564715,0.12311135828658243,0.0710420092739214
plot_813,3,0.4163452976359777,6,0.24231411323767083,0.017269889726948418,0.1415305573195173,0.0,0.01523073734252107,9.320119137830612e-12,0.5836547023640223
plot_814,3,0.6707494386368684,6,0.3292505613631316,0.015058901423361786,0.10241205220964394,0.0,0.027587371179346072,1.7120364176726962e-12,0.5256911138228046
plot_815,3,0.5688538265663743,6,0.09861294491593452,0.16572541504678284,0.12144839953269826,0.03793803273660387,0.14512903432174928,1.260542750076819e-11,0.4311461734336258
plot_816,3,0.5723994184609922,2,0.0431836035611151,0.12807396934256826,0.4276005815390079,0.00011927524641504795,0.1435224253665897,3.0930076256666036e-12,0.2575001449412111
plot_8164,3,0.07640113762601387,2,0.0,0.0009112484431079822,0.9235988623739861,0.003623844946712639,0.07180707897293355,2.2898529563079488e-23,5.896526325971981e-05
plot_8168,3,0.0926400654388942,1,0.0,0.9073599345611059,0.00845949857964772,0.009304107550816924,3.749907499165724e-05,0.0703607941367034,0.004478166096734567
plot_8169,3,0.11562521413794305,4,0.01320077432179579,0.023467224638288323,0.00013029257043552475,0.0,0.884374785862057,0.07882692260742345,2.8732336317260298e-224
plot_817,3,0.4480475483511408,6,0.0689660887673269,0.023381312132758812,0.2364029041738357,0.0002744648636900544,0.11902277840053102,1.2998268347004786e-11,0.5519524516488592
plot_818,3,0.1394407377540388,1,0.0011264469170094993,0.8605592622458885,0.019549605447626683,0.003999025248078395,0.0800188116596342,8.167979266549095e-14,0.03474684848168098
plot_8180,3,1.550687307345581e-268,5,0.0,0.0,0.0,0.0,3.063006026650826e-268,1.0,3.836858804033589e-270
plot_8189,3,0.6945880468335698,4,0.0,0.04607657096030483,0.30541195316643027,0.0,0.4533085458226117,0.11691392365917783,0.07828900639147537
plot_819,3,0.3376658444783588,1,0.007723828056936985,0.6623341555212734,0.013459667952595254,0.06204459995481322,0.16293047560587867,7.262315097796907e-13,0.09150727290777635
plot_82,3,0.3116056262175193,4,0.05672294806452595,0.02822934272955327,0.14629715740621538,0.006704307455157965,0.6883943737824807,2.0217965649192085e-09,0.07365186854027017
plot_8215,3,0.5685420656496251,4,0.07473763277129164,0.37839612231596903,0.0011824136871674321,0.015232791231155824,0.43145793435037505,2.1135881430570618e-05,0.09897196976261048
plot_8216,3,0.5342627425992751,4,0.024492401776263606,0.40122035312499715,0.014926586979004612,0.001644363504815905,0.46573725740072486,1.2667477355472473e-15,0.09197903721419262
plot_8217,3,0.3978951269913385,1,0.05191483401144556,0.6021048730086409,0.010458245465871395,0.012342941516576765,0.29259758706614314,5.908787931239903e-05,0.03052243105200985
plot_8229,3,0.6503974252959501,6,0.023605280327320715,0.07430256263297202,0.01569608513265155,0.2170294253297102,0.31976407187329503,5.970318741620499e-16,0.34960257470404993
plot_8230,3,0.04595938642198044,5,0.045773170826403926,0.0,3.675864191688927e-05,0.0,3.19897716159848e-05,0.9540406135780196,0.00011746718204368929
plot_8231,3,0.0,5,0.0,0.0,0.0,0.0,0.0,1.0,0.0
plot_8232,3,0.3780567190666926,4,0.0,0.09971088631651391,0.000535340058995618,0.23506343469609137,0.6219432809333074,0.025581222935407245,0.017165835059684463
plot_8233,3,0.002750420479616931,1,0.0,0.9972495795203831,3.846690498039382e-72,0.0021991395267893857,0.0004010359270742568,0.00015024502575328668,0.0
plot_8234,3,0.002317726597033334,1,0.0,0.9976822733999604,3.434846754681692e-72,0.0013955725377272387,0.0007879949352967721,0.00013415912701549005,1.0764635669462773e-100
plot_829,3,0.20504438548346812,1,2.1899702814455428e-18,0.79495561451548,0.05426435216757479,0.0003644256123850019,0.15041560770456028,7.612281786356303e-26,2.3180957242028548e-97
plot_83,3,0.5364778382464334,2,0.008809278637788923,0.2182664237181632,0.4635221617535667,0.005010187951340308,0.30389500032793426,0.0001797667311902246,0.00031718088001639577
plot_837,3,0.1386327793840355,1,0.001016760994074565,0.8613672206159645,0.018559204935431915,0.0034154263481572574,0.07323721242423832,7.267057627046109e-14,0.04240417468206076
plot_838,3,0.1876020914565971,1,0.004979817023847908,0.8123979085432107,0.017461351691318284,0.009419627821820861,0.0880630358191362,5.523512387283813e-13,0.06767825910011378
plot_839,3,0.49035371466312166,6,0.06969505787445668,0.01936181364702991,0.26516064560838964,0.0006284355105632768,0.13550776200633993,1.6342280218096563e-11,0.5096462853368784
plot_84,3,0.725799787247949,4,0.27420020237423126,0.24710752705866246,0.08639174851986736,0.004018360464329352,0.380758409935119,1.0377820347190357e-08,0.0075237412699701925
plot_840,3,0.4235687228617171,6,0.14656681974992025,0.030958210609544703,0.16820969704466374,0.0047058419152032896,0.07312815352423793,1.8147137191847255e-11,0.5764312771382829
plot_841,3,0.552381234248644,2,0.1694796654066641,0.008512946367278573,0.447618765686592,0.007648744633325106,0.033974615106091316,6.476399215870257e-11,0.33276526273528495
plot_842,3,0.702752145915184,6,0.297247854084816,0.015227216593246735,0.2814998410436983,0.0070786104867388375,0.03775545769681806,3.0558495612662726e-11,0.3611910200641236
plot_843,3,0.583370923382726,4,0.00014168337191236896,0.16460622026207655,0.23376839743971653,0.08926742078389503,0.4166290766172741,0.0003114804137436188,0.09527572111138183
plot_844,3,0.030699519273670126,1,0.01638884515215687,0.9693004807260087,0.0,0.000988879081805694,0.012687023610243948,3.516908516857923e-15,0.0006347714297812279
plot_845,3,0.06009867690934511,1,0.04950693401704974,0.9399013230906549,0.0005465166311409797,0.0022797511291166176,0.007654160385666504,1.0623772216154417e-14,0.00011131474636062452
plot_846,3,0.020371354837680922,1,0.007061496903035499,0.9796286451622067,0.000550484854579257,0.004832346856668823,0.007655002708631184,1.515337923769004e-15,0.00027202351487713407
plot_847,3,0.03635788760489767,1,0.02215956181594255,0.9636421123951023,0.0007691819387521747,0.004771297478876948,0.008398280382827687,4.7552558407203845e-15,0.000259565988493552
plot_85,3,0.28652716480236395,2,0.005761158098357659,0.04047555094410648,0.713472835197636,0.0004558307032766281,0.23661057964030127,2.181379735183125e-10,0.003224045198183987
plot_854,3,0.07978624589136801,1,0.0,0.9202137541083915,0.0018503188011309265,0.003643810328090264,0.0737025585055432,6.170096047351111e-23,0.0005895582568441338
plot_86,3,0.19218234998129022,2,0.007424869807499763,0.020063062956625632,0.8078176500187098,7.096023369473592e-05,0.14880106180158592,2.8113202689298387e-10,0.01582239490075217
plot_8623,3,0.6483447556985822,6,0.004982423462551859,0.29032356516544244,0.31144755862800877,0.024697361176768892,0.01285507981275337,0.004038767453056821,0.35165524430141776
plot_8624,3,0.5676182243571535,2,0.011213578477606836,0.22564068121162348,0.4323817756428465,0.0833707433556885,0.006643104939144174,0.03382981490367029,0.20692030146942006
plot_8625,3,0.49371154748227497,6,0.0003797656659795515,0.007010071862387246,0.33145695159523464,0.08619533296675351,0.06618300424872174,0.0024864211431982965,0.5062884525177251
plot_8637,3,0.3021629031050244,1,0.06610948991976541,0.697837096894918,0.022681244738009858,0.00045646352542622943,0.13175251193446855,0.0063583427370921194,0.07480485025031978
plot_8647,3,0.1562874597188028,1,0.016435234171207184,0.8437125402805093,0.007975418225560998,0.00118445691733523,0.12233931904954565,3.1724320527845556e-25,0.008353031355841506
plot_8686,3,0.2513613039359877,1,0.0,0.7486386960640122,0.15491255289178532,0.0049880599316257474,0.0007991981812418428,8.495183083570003e-30,0.09066149293133477
plot_8687,3,0.11333296718109348,1,0.0,0.8866670328189066,0.054799143253368696,0.0004765019303494788,0.0007594731208903807,1.2300748827721642e-29,0.057297848876484966
plot_8688,3,0.044271094567012295,1,0.0,0.9557289054329877,0.027757246971469942,0.0002294083871418215,7.234735999604392e-05,4.948835795457232e-30,0.016212091848404497
plot_8698,3,0.5826114269718865,6,0.0,0.22818493046388783,0.3265232939726732,0.006592075209112208,0.02131112732621325,4.049753657149533e-28,0.4173885730281135
plot_8699,3,0.5851951511290727,2,0.1974960426227409,0.07720461493980357,0.4148048488709273,0.08656738968965444,0.0745487685374637,0.013719057167176415,0.1356592781722337
plot_87,3,0.36487885881351056,4,0.0006338657002245887,0.029657543328750702,0.3244918426844812,0.009109207790995905,0.6351211411864894,0.000339072767788315,0.0006473265412699106
plot_8701,3,0.6075425230175995,6,0.14215549008039668,0.033229277656190215,0.1853000508013617,0.08515721114326305,0.08487316242056978,0.07682733091581798,0.3924574769824006
plot_8702,3,0.3112119937861046,1,0.015540312337878174,0.6887880062138955,0.12846588699523118,0.005505154620895774,0.10469940285269946,0.0015421593468646804,0.05545907763253547
plot_8705,3,0.7047543823106696,1,0.026120379607011326,0.5369021154826967,0.08952048192379904,0.0002912195152138277,0.29524561768933055,0.0005661257897716096,0.05135405999217702
plot_8706,3,0.29359658441258696,1,0.01497768260219872,0.706403415587413,0.10385220864220898,0.0005147635667026559,0.14784181621583609,0.0003251591202725216,0.026084954265367954
plot_8707,3,0.5020502578407842,1,0.0021752395583171454,0.4979497421592157,0.3729268470044507,0.010860706387481838,0.008559512123139087,2.1145881366849602e-13,0.10752795276718395
plot_8708,3,0.6974787559808145,2,0.010628183505327238,0.11603477457324467,0.5454806749754563,0.021590732884979345,0.0037443900354187957,6.3880605933728116e-12,0.30252124401918545
plot_8709,3,0.5012998826953575,2,0.0028444993949024912,0.27015264973627195,0.4987001173046425,0.10894573439569014,0.03560445849138476,4.4426573772886377e-13,0.08375254067666402
plot_8710,3,0.24141224374786552,1,0.01732968117310658,0.7585877562521344,0.01721457297418179,0.014514846328601888,0.19120957807248923,7.838191384083862e-26,0.00114356519948596
plot_8711,3,0.6956515521533414,1,6.937881683273045e-05,0.6165042332859298,0.03257933836360199,0.04023891776533006,0.006259683921646771,0.3043484478466586,3.083414865795016e-238
plot_8745,3,0.5560167881747011,2,0.0,0.164487583294788,0.44398321182529876,0.05519389529248389,0.0018157041875321808,4.692945705181564e-30,0.3345196053998971
plot_8767,3,0.4727353766880388,6,0.0,0.15721864098598307,0.28205124132172255,0.008910642753083464,0.024554851627249682,4.2672346429888916e-29,0.5272646233119612
plot_8774,3,0.4517549678792899,1,0.07854761697847866,0.5482450321207101,0.005165019788388518,0.17217523921560468,0.05581463857761569,1.1636668022110876e-15,0.1400524533192012
plot_8779,3,0.11948246521852532,1,0.012200311077606236,0.8805175347807563,0.01584934332647876,0.0008946544857625154,0.08408463453248789,1.392374190764503e-25,0.006453521796908216
plot_8780,3,0.4081328594813196,6,0.0347335874905942,0.0759771415153111,0.005485073088849337,0.18775831481373675,0.13379034766658604,1.4900292197968704e-17,0.5622555354249226
plot_8781,3,0.6468586622161696,4,0.09174250879952787,0.2456075834246514,0.033951554569094204,0.035432057935071745,0.35314133778383044,1.97591190727669e-15,0.24012495748782228
plot_8784,3,0.7221493199775608,1,0.2778505985407037,0.4837552811292404,0.0,0.00013811034056839363,0.04569513354808776,0.1925608764413998,5.460234243203993e-242
plot_8785,3,0.26649360153807544,1,0.10711986018075885,0.7335063984619246,0.0,1.7309045732681432e-05,0.008027337640931612,0.15132909467065225,0.0
plot_8786,3,0.00658158467869589,1,0.0,0.9934184153213041,0.0,0.006581584678613783,8.214554258647871e-14,1.5910359470395064e-27,0.0
plot_8787,3,0.00016099875219788764,1,0.0,0.9998390012475535,0.0,0.00016099875196763538,4.788798624405252e-13,4.342760102812997e-33,0.0
plot_8788,3,0.001810211479661791,1,0.0,0.9981897885203382,0.0,0.0018102114793459075,3.1591337875556815e-13,1.8134767981405454e-27,0.0
plot_8789,3,0.00034161212245439155,1,0.0,0.9996583878775456,0.0,0.0003416121221213131,3.3304340761295203e-13,1.3253129631372778e-28,0.0
plot_8790,3,0.009053958323328476,1,0.0,0.9909460416766716,0.0,0.009053958323193563,1.349410048112502e-13,1.5891073870633715e-26,0.0
plot_8791,3,0.47974655845493036,1,0.0781738119043289,0.5202534415450635,0.005964471836803037,0.17490834318656917,0.06777383075876989,3.8234982488449146e-16,0.15292610076846522
plot_88,3,0.5237022990208022,4,0.06427089688110409,0.1770095430332893,0.2709003261333617,0.0022191779444916846,0.4762977009791979,2.4293515435142366e-09,0.009302352599203909
plot_8813,3,0.6532508066684644,3,0.04332525637119685,0.12076788819979939,0.2559823062785283,0.34674919333153553,0.21056258455335813,9.912274488785124e-14,0.022612771265482653
plot_8814,3,0.49131917157096566,1,0.014482576565773002,0.5086808284142211,0.17152488014573533,0.13023907109774172,0.1633774516965001,5.746189407586382e-26,0.011695192080028866
plot_883,3,0.5580732428743093,4,0.33445605623643004,0.14487063834608005,0.0038690657165877562,0.0,0.4419267571256907,0.016170525198927962,0.05870695737628361
plot_884,3,0.6033222494660833,4,0.1776576019455767,0.30905608321817585,0.012059568195293862,0.0,0.3966777505339166,0.03637702358585609,0.06817197252118079
plot_8840,3,0.15321620819933754,1,0.0,0.8467837917895837,0.0,0.13609629659323477,0.017119911617181592,4.93945662245414e-20,0.0
plot_8843,3,0.6254652806656917,3,0.2063401592359877,0.2983691947389662,0.0026738832682742133,0.37453471933430815,0.01652419754063077,3.2391981944638947e-15,0.1015578458818296
plot_8857,3,0.060618915852443916,4,0.022626064780702407,0.001780011306864963,0.00016486314912367381,0.0,0.9393810841475561,0.03489320294540916,0.001154773670343702
plot_8858,3,0.05907332969770371,4,0.02176386577944732,0.0018794382958513525,0.0001527228337961003,0.0,0.9409266703022963,0.03420969975534698,0.0010676030332619263
plot_8868,3,0.28848772609547785,2,0.04748385935849353,0.0196734245042618,0.7115122739045222,0.015350634762555038,0.0012268728062704507,1.2811268127458334e-05,0.20474012339576964
plot_8879,3,0.366238455789724,2,0.007074639421873017,0.049427513987840115,0.633761544210276,0.1458640188704135,0.034259402727523855,2.8420670079935117e-12,0.12961288077923155
plot_8898,3,0.0038326185643995673,1,0.0,0.9961673814356005,0.00018928225050858806,0.0004056333573346673,0.0009546357565924151,0.0022830671999639275,6.574205916743194e-105
plot_89,3,0.7131991763675217,4,0.011087232581950901,0.06448118635796865,0.22569544983225567,0.2868008236324783,0.4102679380634263,1.4349068015976013e-10,0.001667369388429536
plot_8901,3,0.09379416565273302,1,0.0,0.906205834347267,0.0003524687335390374,0.0003750578971746986,3.566990485923305e-15,0.09269527286669167,0.00037136615532403064
plot_8902,3,0.09154651892035935,1,0.0,0.9084534810796406,0.000628013627471196,0.0034317121638282972,1.592853293901976e-15,0.08701067709772153,0.00047611603133672093
plot_8903,3,0.08651858552077515,1,0.0,0.9134814144792248,0.00010762574019235442,0.0,2.902371837552607e-05,0.08615671024629401,0.00022522581591322843
plot_8904,3,0.1077802890625391,1,0.0,0.8922197109374609,0.0035790838595242064,0.0020112842350700254,8.205498639606449e-05,0.09293895033848604,0.009168915643062749
plot_8921,3,0.5565162886395941,6,0.320134089846296,0.029668520771896044,0.18419297434867127,0.010081838790076993,0.0024990086943775898,0.009939856188276341,0.4434837113604059
plot_8923,3,0.6794882551437104,3,0.14305844534703985,0.08875838814445135,0.011935355242719072,0.3205117448562896,0.20404485390353305,1.3119014842609323e-13,0.23169121250583577
plot_8924,3,0.6932302348491989,4,0.24056079329820684,0.11472732170550003,0.023309817788943157,0.19352970433329683,0.30676976515080107,2.2849476596116316e-14,0.1211025977232292
plot_8925,3,0.47378449567377134,0,0.5262155043262287,0.04362328335070122,0.06848086031270118,0.09865327300479379,0.11041579957650857,2.1525747471036713e-14,0.15261127942904515
plot_895,3,0.043210373272112884,1,0.0,0.956789626727787,0.00029077729294834146,0.0015099155322834757,0.041192779326008136,3.3547305166041165e-23,0.00021690112097298112
plot_896,3,0.009665198558842972,1,0.0,0.990334801441157,8.579047484673661e-05,0.0004686323811497918,0.009110775702846454,7.003648535989873e-24,1.74364432100144e-107
plot_8962,3,0.42383638134350676,2,0.05073921292971146,0.0,0.5761636186564932,0.0,0.12771440882099835,0.24538275959279698,5.542065682107558e-103
plot_8966,3,0.0007275419922109816,1,0.0,0.9992724580077891,0.00020947724113463959,0.00011381487327759954,0.0003629150315671732,4.133484623162807e-05,0.0
plot_8967,3,0.495937708589944,6,0.0,0.07008261199251442,0.08241713006656648,0.010249167779811094,0.333188798751052,5.4227762363548045e-21,0.504062291410056
plot_8968,3,0.3314294623219815,1,0.0,0.6685705376780186,0.2540079546842307,0.0023334179018680806,0.0663027551162353,3.101766448493019e-25,0.008785334619647445
plot_8969,3,0.05373850883737275,1,0.0,0.9462614911620859,0.04912584891162136,0.00023364061654959105,0.0032918503396833247,5.795163969569409e-25,0.001087168970059824
plot_897,3,0.056619314811802525,1,0.0,0.9433806851880417,0.0026365406831981185,0.003556484425364025,0.050033138287700604,4.090176776203017e-23,0.00039315141569552564
plot_8970,3,0.01117615411513585,1,0.0,0.988823845884864,0.0070389908443445415,1.6106275273992685e-05,0.0011279780204608144,0.0027564490207661915,0.00023662995429020654
plot_8971,3,0.6362290686156286,6,6.599147893844026e-16,0.16891700920212505,0.3476014109002934,0.028150849889996134,0.09102948383139868,0.0005303147918146466,0.36377093138437144
plot_8977,3,0.12490411633899759,1,0.0,0.8750958836610023,0.1138691639715604,0.0,0.008422607157242586,2.764040321833318e-23,0.0026123452101945365
plot_8978,3,0.12983980777261736,1,0.0,0.8701601922273827,0.11897138953501737,0.0,0.00826922277148239,2.688428848302641e-23,0.002599195466117677
plot_8979,3,0.6815035656820605,2,1.390585668068907e-17,0.1415774143002403,0.45010112829933935,0.061098579608029745,0.31849643431793945,4.2285530160469515e-24,0.02872644347445115
plot_898,3,0.005845267008114982,1,0.0,0.9941547329918434,3.11122781189793e-05,0.00015502796125068925,0.005659126768786939,4.315033196433914e-24,9.622282960101265e-108
plot_8980,3,0.7008654133861305,0,0.2991345866109119,0.14446957580138847,0.2659264383262614,0.06149776241472761,0.20316676197978986,0.0035568289159859804,0.022248045950934856
plot_8981,3,0.6518203022736275,1,0.028358123372130326,0.35025007910096706,0.00992184527758845,0.0007442401054427954,0.2624526121718648,9.340224563419094e-05,0.3481796977263724
plot_8982,3,0.32615930465563836,1,0.009203522339483398,0.6738406906312325,0.00773794983316023,0.003702325368457296,0.07740781994260731,1.192130923754414e-05,0.2280957705758217
plot_8985,3,0.48816888098430145,2,0.17694891740935922,0.000527903723978711,0.5118311190156986,0.0,0.20193069881593156,4.9219975907840535e-09,0.1087613561130344
plot_8986,3,0.3442798766087759,6,0.0,0.08449788775817649,0.16104406215719294,0.0,0.09873792669340647,4.79188007235412e-24,0.6557201233912241
plot_8987,3,0.4275391735111579,0,0.5724608264888421,0.0,0.2064706319494717,0.0,0.00037585536135007527,0.0008008385602823315,0.21989184764005382
plot_8988,3,0.23651609459282438,0,0.7634839054071757,0.009442564551214831,0.08442429076427954,0.0,0.12934578517904155,7.665279423837076e-19,0.013303454098288517
plot_8989,3,0.32679836880189744,2,4.6595753412234964e-18,0.09470928644449712,0.6732016311981025,0.005299008683475057,0.22573174595405135,2.3095907040846625e-24,0.001058327719873933
plot_899,3,0.6076049046019503,4,0.014013631645037213,0.39239509539791423,0.0002128072875882458,0.1255427753049355,0.44982422503899416,8.0347679933776395e-22,0.01801146532553047
plot_8990,3,0.676139921195996,2,3.440693139875777e-17,0.32717183566813357,0.34822387886923734,0.0003492625338898338,0.32386007880400397,8.371009915412884e-24,0.00039494412473533935
plot_8991,3,0.03237131988089928,1,0.0005282361478143745,0.9676286801186538,0.00020989204405540116,0.0,0.031502882290287484,0.00013030939918882281,4.921466363507072e-103
plot_8994,3,0.6013069227026244,6,0.0,0.033552286163437806,0.19535653003754982,0.0,0.37239810650163685,4.683852731872711e-25,0.3986930772973755
plot_8995,3,0.09797894348912699,1,8.0228433149291e-65,0.902021056510873,0.047627047838281124,0.04871394464554744,8.074291008681892e-14,0.0016379510052177354,1.3067113174254366e-240
plot_8996,3,0.11770893958412924,1,0.0,0.8822910604158707,0.00013656305762604497,0.11757237652633559,1.6754359267246027e-13,9.083505996483517e-25,0.0
plot_8997,3,0.06179869196660975,1,1.1960020299654554e-66,0.9382013080333902,0.0018832720655327178,0.05942771559675382,8.703406681515158e-14,0.00048770430423612527,1.9479744610137242e-242
plot_8998,3,0.05033322389056427,1,1.1477060889970853e-65,0.9496667761094357,0.016983166387891407,0.006737318070021568,1.7212290929369426e-13,0.02661273943247917,1.869313006250367e-241
plot_8999,3,0.7195364133183425,1,1.880704024808475e-63,0.6752737053957835,0.2804635866816575,0.004143384648867081,5.045466381429424e-05,0.0400688686098778,3.0631749087904532e-239
plot_90,3,0.4971542124159632,2,0.0050399479388639245,0.005531621292603686,0.5028457875840368,0.07932700810560746,0.39540296555786514,6.0413686149990255e-12,0.011852669514981547
plot_900,3,0.3774496325065851,4,0.01326779045449076,0.17772584405576794,0.003738480815843073,0.11201418962205817,0.6225503674934149,1.499111981422589e-20,0.07070332755842514
plot_9000,3,0.12510064480273936,1,2.3020120082783047e-64,0.8748993551972607,0.10895641341735826,0.011362635602551399,1.7288976462237768e-13,0.00478159578265683,3.7493754096743223e-240
plot_9005,3,0.7052626224954865,2,0.29473737750451334,0.04660671060695924,0.3008756948067507,0.11208997235849141,0.23840392045840963,0.0008648177036257857,0.006421506561249924
plot_9006,3,0.5908953966629503,2,0.08657779235219601,0.12600425495091935,0.4091046033370498,0.16296068236349437,0.20144158768008513,0.009718931065261591,0.004192148250993837
plot_9007,3,0.37642421390387615,4,0.13960743240417098,0.06163995975480161,0.04806584220435784,0.000304782299336414,0.6235757860961239,0.0015559198952670062,0.12525027734594232
plot_901,3,0.3764567087526477,4,0.015166331752185304,0.08586870587479911,0.021240308185873524,0.08804432821703094,0.6235432912473523,2.3767848407242517e-20,0.16613703472275881
plot_9010,3,0.6202380624638053,2,0.1618209840508403,0.010939359106525588,0.3797619375361947,0.11186405269620096,0.33561366661016534,7.319338634106393e-14,3.124339832914813e-101
plot_9011,3,0.46130331680495484,4,0.1939301233822053,0.038133184934943755,0.2049373871005148,0.024302621387291053,0.5386966831950452,9.762768504348914e-18,2.3372420448623296e-101
plot_9012,3,0.5356103865188142,4,0.20511592764411563,0.02658150736778353,0.2774704401160936,0.0028245652120922533,0.46438961348118585,0.023617946178729123,1.8692113085705375e-102
plot_9013,3,0.48098116475440794,2,0.16824562844119906,0.09876767971383399,0.5190188352455921,0.0026814295035421654,0.18887136672555488,0.02241506037027784,6.37378939728436e-102
plot_9014,3,0.6285592674766611,4,0.1638799546572674,0.026281815827845435,0.37144073252333887,0.0047633685785595835,0.4152966004733329,0.018337527939655793,3.63661015947372e-102
plot_9015,3,0.42317053984720276,4,0.025474994364212775,0.19458430951869873,0.13444441518658656,0.0044801488695256405,0.5768294601527972,0.06418667190817909,4.6581150293175814e-102
plot_9016,3,0.07964225055454827,1,0.0,0.9203577494450098,0.0,0.07964225055454789,4.423180049381129e-13,1.0036025620178564e-23,0.0
plot_902,3,0.19397417105992387,1,0.1550985232152146,0.8060258289399188,0.005271769583213997,0.00025811394520363647,0.0330683764643384,3.328284036288973e-14,0.0002773878520774166
plot_903,3,0.1310886131611658,1,0.10789680376681814,0.868911386838642,0.0006597106286329206,0.0001052098834713764,0.022302919546629572,2.3153747830561773e-14,0.00012396933578295318
plot_904,3,0.48330699132443944,2,0.02210638246141689,0.051997768506951016,0.5166930086752012,0.0,0.4040940615859048,6.618340392432971e-22,0.005108778770526309
plot_9041,3,0.2907871265588258,1,3.4638129049937436e-18,0.7092128734411741,0.11109755028948148,0.06272133217910893,0.0012587965722115802,0.012968845613258726,0.1027406019047651
plot_9042,3,0.7187364211368947,1,0.0,0.7175998407811456,9.038421235208552e-05,0.2812635788631054,0.0005944809572081861,3.546254644272638e-23,0.00045171518618890484
plot_9043,3,0.311729793563704,1,1.8846192160988045e-18,0.688270206436296,0.13409497116787997,0.12353902000890282,0.002779082027067197,0.005376911398441361,0.045939808961412754
plot_905,3,0.43643919838162093,4,0.024531297083998982,0.03917687306761307,0.35183726538233484,0.0,0.5635608016183791,1.3463155465402593e-21,0.02089376284767395
plot_9067,3,0.4835674028934522,4,0.0,0.049975843932076554,0.2826812231390446,0.12957364768593302,0.5164325971065478,7.458087905844633e-22,0.021336688136398
plot_9068,3,0.5305521076508354,2,0.0,0.018561553321831833,0.4717615926376032,0.03392578500909676,0.46944789234916456,4.880866905365233e-22,0.006303176682303733
plot_9069,3,0.05049119903232934,2,0.0,0.0009618126810859645,0.9495088009676707,0.004836820350719197,0.044692566000524174,8.964387146802042e-24,3.2237077865133308e-34
plot_9070,3,0.2990340999052848,2,0.0,0.03030777532788994,0.7009659000947152,0.05940619722211256,0.2083040612863183,1.3927701142945358e-22,0.0010160660689639328
plot_9080,3,0.13153442493561537,2,0.0,0.007178416210549731,0.8684655750643846,0.008602895808677983,0.11545553935628705,6.491182569381924e-23,0.00029757356010058644
plot_9081,3,0.17466672672695616,2,0.0,0.004938566230653974,0.8253332732730438,0.012330858992282647,0.1569280682477037,8.096792780407192e-23,0.00046923325631585466
plot_9098,3,0.1613014076153928,4,0.0,0.02266072324916224,0.04079490157172825,0.0,0.8386985923846072,3.8347471391478795e-25,0.09784578279450232
plot_9099,3,0.0018631357979128585,1,0.0,0.9981368642020871,0.0,0.0,0.0015832975009678148,0.0002798382969450396,0.0
plot_91,3,0.28567475739294057,4,0.04739867347530912,0.005801526437876965,0.1354922097103926,0.0805684176916452,0.7143252426070594,1.1703249917887047e-11,0.01641393006601336
plot_9100,3,0.0035844860764017907,1,0.0,0.9964155139235271,0.0001260697948413747,0.0,0.003361506249145552,9.691003248597607e-05,0.0
plot_9101,3,0.0006255017070336643,1,0.0,0.9993744982928658,0.0,0.0,0.0003145074298542193,0.0003109942772799529,0.0
plot_9102,3,0.004852742982279034,1,0.0,0.9951472570176056,0.0,0.0,0.00016835787358999952,0.00468438510880434,0.0
plot_9103,3,0.5979297107361758,1,0.011504116208798746,0.551890787552454,0.000838411659179804,0.02773915529620741,0.4020702892638242,3.4685031101685952e-18,0.005957240019535887
plot_9104,3,0.13387027968652998,6,0.02197347748193041,0.01953205528510931,0.03360289050692839,0.02564744081384051,0.03311441559872131,7.217517027937016e-17,0.86612972031347
plot_9105,3,0.3980828844514039,0,0.601917115548596,0.0,0.0006433976637235386,0.0,0.000788012842075554,0.3963272927307895,0.0003241812148154668
plot_9106,3,0.142422681478016,1,0.09173906072667401,0.8575773185213003,0.015264035986732205,0.0005166209709496044,0.007944619855447446,2.759927489431078e-21,0.026958343938896498
plot_9107,3,0.6899242524200849,6,0.2496747433025175,0.01867608064945647,0.099294070410302,0.3100757475799149,4.4271803916908335e-14,3.477812518985601e-18,0.3222793580577648
plot_9108,3,0.5546084395863902,6,0.06961663912635208,0.011167828124966833,0.19346153737364807,0.28036243418082696,7.805962441665421e-10,1.8969934029016458e-18,0.4453915604136099
plot_9110,3,0.10346353410638184,1,0.0,0.8965364658793367,0.07292355104953155,0.00019983067983501138,0.012679412977778828,0.0005121767050714464,0.01714856270844657
plot_9111,3,0.274402689230051,1,0.0,0.7255973107696072,0.1484824553387434,0.00367555384444763,0.023598622331580707,1.8409517963547476e-23,0.09864605771562109
plot_9112,3,0.22795270835690007,1,0.0,0.7720472916430999,0.023819499822020557,0.17579868856874792,0.025018869978453664,6.86911290197447e-05,0.003246958858658158
plot_9113,3,0.7082887216281691,1,4.074146966592728e-18,0.5473994982905664,0.08408478555996297,0.29171127837183086,0.061687363492902665,0.00020214235560667913,0.01491493192913049
plot_9141,3,0.5182279539257474,2,0.0,0.024583853011243897,0.4817720460742525,0.0614989646670126,0.031632041970239236,8.696681216876554e-05,0.4004261274650828
plot_9142,3,0.7080945541865672,3,2.7474156473304516e-05,0.1647563691906076,0.12122445872516867,0.291905445813433,0.17681923634999216,1.1672660852937337e-21,0.24526701576432544
plot_9159,3,0.005710924106899112,1,0.0,0.9942890758931009,0.0,0.0,0.0030522459427040995,0.002658678164195017,0.0
plot_917,3,0.6577056600030335,4,0.055462081410602423,0.04285704383987422,0.016394745444628107,0.07161397101643457,0.4713778182914943,2.2312137495735642e-20,0.3422943399969664
plot_918,3,0.4238186876607113,4,0.01000967702813248,0.24219253942313956,0.0013276667548278976,0.11474496580216142,0.5761813123392887,5.697261012041634e-21,0.055543838652449884
plot_9181,3,0.3275300029858304,0,0.6724699970141697,0.0,0.104406831246616,0.0,0.04205920610944833,0.0007800091918811247,0.18028395643788497
plot_9182,3,0.5490375266835895,1,0.0,0.5146895450542205,0.4509624733164104,5.352256106637989e-05,0.00604917385846934,7.029167352472404e-25,0.028245285209833382
plot_9183,3,0.11582336253272621,1,0.0,0.8841766374665848,0.049054457433446226,0.0,0.06631082325958321,5.105347248504694e-22,0.00045808184038587
plot_9184,3,0.06080552965175465,1,0.0,0.9391944703480682,0.0,0.0,0.06075593944291363,4.959020901809489e-05,0.0
plot_9185,3,0.0131815183624697,1,0.0,0.9868184816373813,0.00027557822255762273,0.0,0.01290594014006113,3.7603021041711764e-23,7.057916897412484e-107
plot_9186,3,0.0006367360993317049,1,0.0,0.9993632639006683,0.00013610165744896085,0.0,4.542243381281823e-05,0.0004552120080699502,0.0
plot_92,3,0.3704050021750462,4,0.010522127566102737,0.01066157148833075,0.21899301495978662,0.12096602390903034,0.6295949978249539,5.331071185884304e-11,0.009262264198485049
plot_920,3,0.6657153991604154,4,0.01028068681081581,0.11835255702399565,0.3342846008395846,0.0,0.43094171629892647,3.714299617921163e-21,0.10614043902667748
plot_921,3,0.5166190993853342,2,0.0,0.026137919501994438,0.48338090061466576,3.1050779984886265e-05,0.07875911867282585,1.0897493416839144e-21,0.4116910104305291
plot_922,3,0.6113060374722417,0,0.38869396252775845,0.04377266784086552,0.04325893124414462,0.0,0.3094153137092356,0.0019519237254762786,0.21290720095251958
plot_9228,3,0.11336180294592839,1,0.0,0.8866381970537103,0.0004937747299301632,0.0,0.11286802821635959,1.0801980475434323e-21,0.0
plot_9229,3,0.23836570756915287,1,0.0,0.7616342924273427,0.022143065270319486,0.0,0.207833835236018,3.1149016777681575e-23,0.00838880706631984
plot_923,3,0.6554012948092516,0,0.34459870519074853,0.31052559939167956,0.00043788893741690554,0.0,0.2888282246767461,0.04472865512406234,0.010880926679346486
plot_9235,3,0.29189458427961035,2,0.09124490492742982,0.001302790135785898,0.7081054157203897,0.0002354856084243827,0.003745791428381917,2.4188416960694034e-17,0.1953656121795883
plot_9236,3,0.20179966316358228,2,0.10605718571556294,0.02252492121785166,0.7982003368364178,0.002984004818171732,0.02601156365655693,6.4992675618756935e-18,0.04422198775543904
plot_9237,3,0.6966004191417752,4,0.00013281008097285797,0.002125033638090072,0.273754585009549,0.0005621045848479533,0.42002588582831524,2.2469761638793654e-22,0.30339958085822494
plot_9238,3,0.0038476349779339196,1,0.000256602029897668,0.9961523650218972,0.0013357776383824862,0.0,0.0019483358809328434,0.00030691942888999313,1.7382828541030904e-102
plot_9250,3,0.3321782766212376,0,0.6678217233787624,0.00011620435767258923,0.2610473116721141,6.8285283350236e-05,0.0003183512354032115,1.9460675878860402e-17,0.07062812407269745
plot_9251,3,0.36447155635245826,2,0.2715860728506877,0.0,0.6355284436475418,5.460962217147079e-05,0.005192281866878846,8.520229820431484e-18,0.08763859201272033
plot_9252,3,0.5556529238381751,0,0.4443470761618249,0.0,0.3873866827809824,0.0,0.0005742064091134299,1.66377747725529e-19,0.16769203464807927
plot_9253,3,0.5441935273299819,0,0.45580647267001817,0.0,0.3739226457504398,0.0,0.007166966422724846,1.113331190025856e-19,0.16310391515681727
plot_9269,3,0.09820492433502438,1,0.0,0.9017950756649756,0.013458927067170836,0.022684067399569383,0.05315767475645292,0.00014236404437949072,0.008761891067451776
plot_9270,3,0.04740876573329249,1,0.0,0.9525912342667076,0.015270583207393508,0.009919970829165743,0.01336442461550077,0.0005265924770498129,0.008327194604182688
plot_9271,3,0.09461972260925523,1,2.2729532525059833e-18,0.9053802773905741,0.015665248339898297,0.05190210461522881,0.008795601848979095,0.005729123435970983,0.012527644369348815
plot_9272,3,0.6047645846102581,2,0.03568090023340953,0.29084657109291845,0.3952354153897419,0.005866477186553412,0.22843778051393737,0.04014094051565874,0.0037919150677806126
plot_9273,3,0.4494092961705778,1,0.0003240160337803652,0.5505907038286753,0.04699886579576437,0.04558790370085114,0.15318903214006677,0.11788698862609298,0.08542248987476887
plot_9274,3,0.6423344800465384,4,0.0003042790366816544,0.2121036511682975,0.0618748988126194,0.03201364669233224,0.35765265169011096,0.13403734439644466,0.2020135282035136
plot_9275,3,0.5920687102154198,6,7.164919113855434e-05,0.1417902596711606,0.05171344466029935,0.010490615223932204,0.28653260256761665,0.1014701389012726,0.4079312897845801
plot_928,3,0.3246367642738097,1,0.16017815513931333,0.6753632357259219,5.0094994793578986e-05,0.024659669778379096,3.5404155297736684e-07,0.0184760316681894,0.1212724586518496
plot_9282,3,0.7138516006853465,5,0.0031982417471369453,0.2826656404088555,0.12799160237316978,0.029856136818483467,0.17714991086527027,0.2861483993146535,0.09299006847243052
plot_9283,3,0.4763279224259899,1,0.011124571094257256,0.5236720775738811,0.22139678400701013,0.01064151158659882,0.21879560056039515,0.013509609054664803,0.000859846123192577
plot_9284,3,0.5089724507853745,4,0.04775142594856638,0.21979029473415335,0.22663974163533587,0.004467945003558786,0.4910275492146256,0.009137500104670447,0.0011855433590896027
plot_9285,3,0.386446977668312,1,3.9263949635982047e-252,0.6135530223296145,0.24303589300960715,0.055940796647737906,0.07715011964881256,0.006478192740881201,0.003841975623346606
plot_93,3,0.6278140757307654,2,0.19951767355111394,0.3019250625555641,0.3721859242692344,0.00027111965816612555,0.06493726751776005,2.2061530831950474e-14,0.061162952448139254
plot_930,3,0.4209274788951053,0,0.5790725211048947,0.09044473238664372,0.0,0.0,2.753847294257934e-13,0.3114868237301415,0.018995922778044738
plot_9300,3,0.0017768703991787797,1,0.0009608564571257882,0.9982231296008134,0.0,0.0,7.186118805189012e-05,0.0006971153178165291,4.703743619241874e-05
plot_9301,3,0.08002339499471363,1,0.015931431404786773,0.9199766050052721,0.0019540366508592043,0.010647260915010085,0.028829786405690148,0.022243504899372574,0.00041737471900908305
plot_9302,3,0.4896827981529145,2,0.0037264391042686534,0.17262054899302204,0.5103172018470855,0.04638784861885694,0.19956838050907635,0.04131960250976646,0.026059978417924047
plot_9315,3,0.40793289553233825,2,0.2519298004497658,0.0,0.5920671044676618,0.0,0.006252069730534735,1.150835037205427e-19,0.14975102535203771
plot_9316,3,0.35932410500373035,2,0.21120092021973147,0.0,0.6406758949962696,0.0,0.0024681404531781497,9.303056696224249e-19,0.14565504433082077
plot_9317,3,0.6942305324037642,2,0.30143148046878065,0.0,0.3924570796299991,0.0,0.0003419723049845046,1.4781564049064987e-18,0.3057694675962358
plot_9343,3,0.5632606591825652,2,0.0,0.4057794498253705,0.43673934081743476,0.016673839337188478,0.13512962131809686,0.0006829069330638993,0.004994841768845387
plot_9344,3,0.34328195510492115,4,0.06378627716014842,0.11240191293372537,0.15818831574668119,0.0006715697113685184,0.6567180448950789,0.002718065245682359,0.005515814307315291
plot_9345,3,0.19285714089129466,1,7.173555449422897e-19,0.8071428591087053,0.08478736725367408,0.07464410367668192,0.00123474264236101,0.008114067861829636,0.024076859456747954
plot_9346,3,0.6325891059357512,3,2.3645090678970522e-17,0.3341470160697309,0.21766531268720543,0.36741089406424865,0.023420886355300204,0.0051322025493552945,0.05222368827415935
plot_9347,3,0.44340104000514313,1,9.521757717385486e-19,0.5565989599948569,0.19311383651490827,0.22040561640502035,0.005843525882244636,0.009137300548838958,0.014900760654130787
plot_9360,3,0.2877494974746882,2,0.0036339284228859093,0.08381029217867092,0.7122505025253119,0.0012395654916818428,0.1979922690786986,0.00011236191117516867,0.0009610803915757885
plot_94,3,0.1348112743051288,1,0.00011892241111875309,0.8651887256947369,0.0,0.0,0.13469235189414425,2.382980535626831e-20,0.0
plot_9400,3,0.33185191496688105,1,0.007125334336666508,0.668148085033119,0.013399528568208653,0.013490242660931701,0.11473414274268845,8.483269427111853e-06,0.18309418338895866
plot_9401,3,0.3616186343170569,4,0.13367408704080713,0.058992257048848515,0.04805038814287198,0.0002624284719918417,0.6383813656829431,0.0014303236460541052,0.11920914996648327
plot_9402,3,0.5574875197596859,4,0.12023893807288032,0.23949777106811349,0.0572585164870746,0.13899926368136387,0.44251248024031403,8.713004871386587e-18,0.0014930304502536716
plot_9408,3,0.19830861603099764,1,1.6035312825595193e-16,0.8016913839651014,0.08874580073306403,0.008654990451480011,0.09994317651340232,1.5041145172679705e-22,0.0009646483369521068
plot_9409,3,0.10937418272464981,1,4.5632631762742186e-17,0.8906258172743624,0.025132417311991423,0.0058926028353653,0.07782639281936111,2.5506189916538607e-23,0.0005227697589197567
plot_9419,3,0.1572012399336049,1,1.295648446682634e-66,0.8427987600663951,0.006569756115742381,0.15061074656858112,1.8823393108719605e-14,2.073724926263048e-05,2.110272408703831e-242
plot_9420,3,0.7124356186786395,1,0.0,0.7121505447253221,0.0002850739531814253,0.28756438132136053,1.3584665195573121e-13,2.2393713480676436e-24,0.0
plot_9421,3,0.11668298296006399,1,0.0,0.883317017039936,0.0019202083624381468,0.11466570748703829,8.34194733257734e-14,8.385594836021798e-25,9.706711050417143e-05
plot_9426,3,0.32292726630421015,4,0.14234674102363587,0.043538943631886026,0.10332144026579128,0.0003418148296749877,0.6770727336957899,0.003606769320275994,0.029771557232945993
plot_9427,3,0.5185693482582777,4,0.099879985685729,0.3287627433576378,0.0262765812588641,0.06017635678594094,0.48143065174172234,6.084853093741956e-18,0.0034736811701059104
plot_9428,3,0.32528175541118076,1,0.011921355553046421,0.6747182445888192,0.05370538690440939,0.0011208639338823505,0.2585341490198427,6.823751103204404e-25,5.529635084261e-90
plot_9429,3,0.5843423092586193,4,0.06838803744998197,0.3868743964960908,0.11633035117748629,0.012347003681922337,0.4156576907413807,8.904448574007888e-25,0.00040252045313795334
plot_9448,3,0.5345568278893198,6,0.0007835788735244397,0.02099474320530082,0.38465285129960347,0.1119255279315447,0.011225366949319459,0.004974759630026882,0.4654431721106802
plot_9449,3,0.4671130389528585,2,0.0023883725611496447,0.08687771407343682,0.5328869610471415,0.09067759285018699,0.004799065881609122,0.006353207383231068,0.2760170862032448
plot_9457,3,0.5904904611146009,0,0.4095095382430366,0.027577136403554556,0.2872684385184514,0.0006657431996175431,0.0021414349501603512,0.0018521495311838304,0.2709855591539957
plot_9458,3,0.6072711980118921,0,0.392728801988107,0.2519793233859906,0.023471743858780418,0.012377903637655382,0.010313822432181112,0.09388823069714261,0.2152401740001429
plot_9459,3,0.7224138318365895,4,0.09653581536365936,0.22547975292002367,0.21357473465106833,0.07203036144506257,0.2775861681634105,0.0068565560412947825,0.1079366114154808
plot_9460,3,0.5467042914088621,6,0.25323772703705855,0.18185688300252129,0.04846664760927337,0.006913016099135914,0.010026129427365542,0.04620388823350745,0.4532957085911379
plot_9461,3,0.5880649904687552,2,0.2804668663355373,0.018926665600638645,0.41193500953124496,0.0006742719351836469,0.0012867041187878223,0.0020825349332543354,0.28462794754535337
plot_9463,3,0.7102848305463335,0,0.29738931101796723,0.0234242842900724,0.17707885145712376,0.28971516945366643,0.07244544482052412,0.016876657463238624,0.12307028149740745
plot_9470,3,2.0913853781314637e-05,1,0.0,0.9999790861447752,0.0,0.0,1.4452325048351049e-12,2.091385377964237e-05,0.0
plot_9471,3,0.03816631194657023,1,0.0,0.9618336880534298,0.003719478979049496,0.012876629038962282,0.015089615274144237,0.0064805886544142925,1.4246404490974955e-100
plot_9472,3,0.020899578715137163,1,0.0,0.9791004212845058,0.0004899907318386965,0.007744351043577149,0.006487308328499977,0.00617792861157834,8.25210968895147e-101
plot_9473,3,0.06814287749674514,1,0.0,0.9318571225013352,0.005553644572720424,0.039052737648837425,0.02302777713727272,0.0005087181398340343,1.993161930028319e-100
plot_952,3,0.5091041231431438,1,0.1566383008235065,0.49089587685369473,0.000396856633875883,0.0,0.19481160069119374,0.14918149744324716,0.008075867554482074
plot_953,3,0.31698974630491483,1,0.03741882835781203,0.683010251521049,0.0005183821182845925,0.0,0.1451756373492344,0.12530957881442903,0.008567321839190987
plot_9587,3,0.6777495678569312,6,0.000561699585012029,0.19245878417045353,0.016490032415528665,0.021161644370139347,0.3222504321430688,1.3773299173916064e-15,0.44707740731579626
plot_9588,3,0.42717533308774913,1,0.00039388876778889757,0.572824666911241,0.0009908445044791942,0.192724790137978,0.19160296824215492,3.9538980015073815e-14,0.041462841436318516
plot_9612,3,0.6915447864409123,1,0.000586023758104073,0.47913260587667567,0.0025827800530815307,0.3084552135590876,0.19052702681109596,8.979471382149983e-14,0.01871634994186537
plot_9619,3,0.6917513097479353,6,0.03863817257950845,0.0077917974147973445,0.2048187041383986,0.30824869025206464,2.3408502531871793e-09,2.8593911955181216e-18,0.4405026332743808
plot_9620,3,0.29754045208441005,6,0.04688019882358087,0.0017092287773687687,0.14156753031367292,0.10565734796834471,0.0017261462014428672,5.6134218505705675e-18,0.70245954791559
plot_9621,3,0.3541417047982571,6,0.17869355315270746,0.0011479136519435694,0.1124755756714736,0.061156302100025234,0.0006683602221072357,3.4521385174829334e-18,0.645858295201743
plot_9622,3,0.4262661190936345,1,0.029828829332993308,0.5737338809057463,0.001616216597168114,0.1597596198594469,0.2331246269468435,7.570011908976372e-16,0.0019368263578010223
plot_9624,3,0.5605891357940473,2,0.06616872276199175,0.047992275696372474,0.43941086420595266,0.09781324075886283,0.12328352802539749,0.055928091842604534,0.16940327670881838
plot_963,3,0.12768607417410094,1,0.0003495202158569035,0.8723139258258991,0.016091291405075543,0.009322464917950031,0.09545600226651751,0.00019092296125521884,0.006275872407445716
plot_9631,3,0.36647333658631454,1,0.024887685095251615,0.6335266634112,0.11517515592960775,0.013272526964221243,0.02432804285830476,1.8740147415845227e-18,0.18880992574141464
plot_9632,3,0.6329564078492042,2,0.04225329885269197,0.15653704050955775,0.36704359215079585,0.08599716975312867,0.0008911057228507912,3.850211965798857e-18,0.3472777930109749
plot_9633,3,0.15560192435310427,1,0.026415188687640978,0.8443980756410474,0.021371307764317185,0.005063927817415129,0.017975569079252664,3.758067853073326e-21,0.08477593101032647
plot_9638,3,0.6524598797843966,6,0.11700250341083356,0.3470628427014893,0.12187983046257343,0.06528870835383581,0.0012259948556645939,1.7877088130768178e-19,0.3475401202156034
plot_9639,3,0.2370113227537571,1,0.12912810461618557,0.7629886772462087,0.02503558423560662,0.004236309319611966,0.004285949889280692,5.115467583187884e-21,0.07432537469310642
plot_964,3,0.524653790029848,6,0.0,0.08244842804055569,0.2840582696817658,5.86860445665396e-05,0.15808840626296,6.3772010459761165e-22,0.475346209970152
plot_9640,3,0.610563437240877,0,0.389436562759123,0.3484132625789005,0.025784306616804656,0.012056680933821224,0.0004924049015755221,1.5423942306523535e-19,0.22381678220977513
plot_9641,3,0.32917565823466555,1,0.1970377000828517,0.6708243417653345,0.08632795936824028,0.00046327941188734995,0.002960708417716712,4.064777469729313e-21,0.0423860109539696
plot_9642,3,0.7113463181810034,3,0.049681613147295606,0.24009280889519746,0.14253038153143227,0.2886536818189968,0.15636243722943577,0.005401017311209501,0.11727806006643267
plot_9643,3,0.7007577837680445,4,0.007847973624770688,0.1602539461101341,0.25290789441958283,0.1282231311785449,0.2992422162319555,0.002915427235430777,0.14860941119958126
plot_9644,3,0.3980373828345648,1,0.0002776770074487953,0.6019626171654352,0.1308393894709913,0.07627931240062277,0.06502815670541774,6.284292672832995e-19,0.1256128472500842
plot_9645,3,0.45768206623844465,2,0.00017599319840138895,0.10081276550184728,0.5423179337615553,0.12334948278654126,0.06740498813201923,4.79068369290633e-05,0.1658909297827065
plot_9646,3,0.7136618019812427,2,0.0,0.13530293096234444,0.4393919209309985,0.11602690958331979,0.2863381980187573,8.337010965542443e-23,0.022940040504580112
plot_965,3,0.49543783505792666,6,0.0,0.017422376249320193,0.27276495679886303,0.0,0.20525050200974349,4.10574858907593e-21,0.5045621649420734
plot_966,3,0.503542367117667,2,0.0,0.043479274402790154,0.496457632882333,0.00016579846006777328,0.11848289984490903,5.739216248070518e-22,0.34141439440989996
plot_9667,3,0.6900066416111923,4,0.3099933583888077,0.12536782984316275,0.006334691358862933,0.08163117067104173,0.4766729497381249,1.7026311375799426e-21,1.6379161289342515e-101
plot_9668,3,0.4350863424006555,2,0.28741993027000107,0.11175171034657665,0.5649136575993445,0.029570334393219554,0.005338730504044044,6.270014425512332e-19,0.0010056368868142174
plot_9669,3,0.4944404020957832,2,0.20393212554744394,0.2376636125715117,0.5055595979042168,0.018779540898735993,0.029485313262642636,4.4489009647768785e-19,0.0045798098154490085
plot_967,3,0.6925308949066484,4,0.3074691050933516,0.08971606391183587,0.06742429978398676,0.0,0.5328797873258826,3.632203600299899e-22,0.00251074388494321
plot_9674,3,0.6641226679065988,0,0.3358773320934014,0.2420784361453431,0.280681279392379,0.10042395874591449,0.029110447586344818,3.657058274193554e-16,0.011828546036616889
plot_9675,3,0.6960292384116465,1,0.16485604215689412,0.3324542070164174,0.04212650925220818,0.30397076158835346,0.13973236147383217,6.428011873322924e-16,0.016860118512294
plot_9676,3,0.307975507035051,1,0.009592416690536511,0.6920244929647796,0.0010887491099850562,0.1056115750320659,0.09273168769067597,1.2270303925514388e-14,0.09895107851194451
plot_968,3,0.6619738340068095,2,0.0013426857895539415,0.14430221061293613,0.46601681414981844,0.0,0.0018103120710099617,0.048501811383491016,0.3380261659931905
plot_9690,3,0.5220832963223865,6,0.4222554612602961,0.06830699673005886,0.012258889588976465,0.018892075725989707,0.0003698730170653287,4.880575230116817e-19,0.47791670367761346
plot_9692,3,0.6907242424141773,2,0.013029813317699066,0.03904180773035678,0.3768636345783226,0.10776535699996143,0.14596570774315415,0.008057922044683244,0.3092757575858227
plot_9693,3,0.4718624304440748,1,0.010611537725305802,0.5281375695559253,0.1050207016573078,0.14271743438407508,0.13105762508213395,0.0004021096007706962,0.08205302199448151
plot_9694,3,0.712221139360391,2,2.474994250983869e-05,0.11898047911401854,0.4265229273507462,0.2877788606396091,0.11047698489540794,5.630727086841358e-20,0.0562159980577085
plot_9695,3,0.37498713177168774,2,0.0,0.04454267671280166,0.6250128682283123,0.13873631628015218,0.1322077866142625,4.704768688376328e-22,0.059500352164471505
plot_9696,3,0.4649444884694103,2,0.00016517182198555453,0.15790998690569072,0.5350555115305897,0.12222015520215244,0.11310766730951918,3.738916085062281e-19,0.07154150723006242
plot_9697,3,0.3388572407508654,2,0.0,0.03093955008426217,0.6611427592491347,0.10537323413540162,0.05882666621747758,1.6243433566763957e-21,0.143717790313724
plot_9698,3,0.7208816421260195,2,0.004247216431441045,0.04551890699206213,0.45193824372655195,0.27911835787398065,0.07540247939123504,9.460741838678053e-21,0.14377479558472933
plot_9706,3,0.09625999071801951,1,0.0039918810876033725,0.9037400092817308,0.00029315680216282085,0.07181090617763501,0.020139790036464034,2.4256614404026522e-05,5.407243427996408e-106
plot_9709,3,0.15961893916143274,6,0.0005618552487776729,0.022803447034963998,0.058205741007631956,0.0,0.07804789224571106,3.6243480425203136e-09,0.8403810608385672
plot_9710,3,0.5737191606687841,2,0.031843956103356996,0.0,0.47349133895850526,0.0,0.06838386560692196,2.775681332205806e-17,0.42628083933121586
plot_9711,3,0.5525954748125,6,0.0276641984968044,0.0005703809841751243,0.3598282818843823,0.0,0.16223582319281077,0.0022967902543275247,0.44740452518749996
plot_9716,3,0.6875858552210194,4,0.01176884601765845,0.2091542707502404,0.31241414477898055,0.01038381753172769,0.45182631423436204,0.003969242607243076,0.000483364079787801
plot_9717,3,0.5925137607829293,4,6.244183835804865e-05,0.30932726260546173,0.2819824499106496,0.000500912191313681,0.4074862392170707,4.015460614044952e-16,0.0006406942371457734
plot_9725,3,0.5720913861176968,4,0.09780202488020778,0.3812293811623482,0.001309088530150059,0.09057518874011743,0.4279086138823031,2.0909211533568032e-18,0.001175702804873441
plot_9726,3,0.3399321215606734,1,0.020374835723924477,0.6600678784393266,0.000636847854806687,0.031114383135123012,0.2832697860693856,2.5134040712565876e-18,0.004536268777433596
plot_9733,3,0.6853015284475807,4,0.013593457971276295,0.3146984715475172,0.20741091219082278,0.0,0.45856975524005716,1.658609918784404e-22,0.005727403050326623
plot_9745,3,0.12006375045229456,1,0.00028807582123692557,0.879936249547222,0.0,0.10353283104007056,0.016049295809615886,0.00019354778185460024,3.722896456514046e-107
plot_9746,3,0.07467339811439601,1,0.0007095541768871753,0.9253266018856039,0.00013262839999401128,0.06804690780139723,0.003917241280450386,0.0018670664556671517,2.1866330154122076e-106
plot_9747,3,0.06013337330438762,1,0.006172413989294012,0.9398666266822184,0.00046577073219953604,0.04638438209433739,0.006967714873251157,0.00014309162869946012,4.394549100463521e-106
plot_9748,3,0.09340692036681451,1,0.053371373294172804,0.9065930796267354,0.011069452612538357,0.007959322302160553,0.02095647268084187,5.029948355099423e-05,3.362109096313576e-105
plot_9749,3,0.09965829582064524,1,0.02165683338365071,0.9003417041793548,0.0046194040479284,0.012979522162569252,0.06034390187494708,5.86343515498087e-05,4.357009962350079e-105
plot_975,3,0.14364359669161722,1,0.0005093661645756358,0.8563564033073255,0.008516152229844642,0.008665166854960212,0.11735103426234984,0.00011137609821677235,0.008490501082727425
plot_9750,3,0.4979395204534942,4,0.205879155357092,0.005958168218545243,0.28601715844448766,0.0,0.5020604795465058,5.805092270138521e-13,8.503843278875204e-05
plot_9751,3,0.669829942327707,4,0.13442186606982914,0.0,0.3237273167556049,0.0,0.330170057672293,3.928534130196536e-10,0.2116807591094197
plot_9752,3,0.37217499474209786,0,0.6278250052579022,0.0007265841014268387,0.11426943973761955,0.0,0.16169867444427813,5.273862043594451e-11,0.09548029640603485
plot_9755,3,0.2577423445168263,1,0.0,0.7422576554831737,0.15837597794686104,0.012316767143785391,0.08417712046077726,1.4936294245361745e-23,0.002872478965402663
plot_9756,3,0.42401346358493786,1,4.773317743632584e-05,0.5759865364150621,0.1799112932271668,0.002040148812231017,0.2410907175369536,3.0695876842090497e-16,0.0009235708311497738
plot_9757,3,0.42514717767460175,6,0.10380807044907402,0.012617186313323113,0.059354514632726896,0.12155965058592463,0.12780775569354708,6.019681556270295e-15,0.5748528223253982
plot_9758,3,0.0096426887930105,1,0.0,0.9903573112068679,0.005425090281605507,0.0,0.004174052417812263,1.7931309108363687e-23,4.3546093714384925e-05
plot_9759,3,0.004718678255311369,1,0.0,0.9952813217445959,0.0,0.0,0.0044284432948871535,0.00029023496051691454,0.0
plot_976,3,0.06672858547256455,1,0.008446822106576268,0.9332714138851814,0.010561069089567773,0.007274270654584475,0.039214718494705904,1.8126198549148818e-15,0.0012317057693823302
plot_9761,3,0.5855079217741048,5,0.10305902911998599,0.0,0.0022963948726633116,0.0,0.41449207822589507,0.4782127508413877,0.001939746940068021
plot_9763,3,0.5749955689883484,6,0.05245306824929398,0.10184507128412712,0.09441926645413533,0.2782564672021679,0.048021695798623906,1.4422281185649645e-16,0.4250044310116517
plot_9764,3,0.6854172824916176,6,0.12537725508569655,0.08937110375508665,0.039029553995142956,0.31458271750838235,0.09271166293549532,4.367972001877523e-16,0.3389277067201958
plot_9765,3,0.590700124933031,0,0.409299875066969,0.08160516235919883,0.07679332455073654,0.11715902242963094,0.128990243304821,6.869373189074335e-16,0.18615237228864306
plot_9766,3,0.38755326021068554,6,0.06519222132025168,0.011934213595147696,0.09705138210271486,0.0879290048997109,0.12544643829284918,1.1245907373805629e-14,0.6124467397893145
plot_9767,3,0.4745219645479154,6,0.14448077057654507,0.01077359690080963,0.13893428769960345,0.038722668901315566,0.1416106404696209,2.075590337985004e-14,0.5254780354520846
plot_9768,3,0.6976145805859248,2,0.15051550358456697,0.0,0.3517896188918744,0.0,0.3023850442185,0.04222731532803775,0.1530825179770208
plot_9769,3,0.2609731852656035,2,0.05491748801145621,0.0,0.7390268147339496,0.0,0.09040599480687905,0.0007292540633777757,0.11492044838433732
plot_977,3,0.24930549181453995,1,0.001451707015495124,0.7506945081853259,0.032521422757497864,0.07362637108087061,0.12630379683731552,3.115261944268943e-16,0.015402194123494618
plot_9770,3,0.5202699592585825,0,0.47973004074141745,0.02967546926121049,0.44879004359513,0.0,0.04126470795763898,3.4301949948887015e-20,0.0005397384446030722
plot_9771,3,0.6113574306928986,4,0.017167310375334335,0.13534357613415596,0.38864256930710134,0.0,0.41709780116836576,1.2494004144310417e-22,0.041748743015042396
plot_9775,3,0.21901483781248318,1,0.0,0.7809851621875169,0.20619846386468685,0.00010506922454433165,0.007551150525752337,7.857470076766342e-25,0.005160154197499736
plot_9776,3,0.5499550938181077,1,0.0,0.5140956393132754,0.45004490618189225,5.8050440592660874e-05,0.006370985391050065,4.839947786708481e-25,0.02943041867318958
plot_9777,3,0.20598791638394343,1,0.0,0.7940120836160566,0.19206242660263284,0.0,0.009043973834562131,2.97590447213031e-23,0.004881515946748462
plot_9779,3,0.05384259673493116,1,0.0,0.9461574032650396,0.03532722193849426,0.007378499313416573,0.01027828890250313,1.5072564726173978e-25,0.0008585865805463788
plot_978,3,0.04471053122285964,1,0.004136440751625623,0.955289468777011,0.0019868012973732804,0.01532599667119179,0.02227950950226947,8.876454422088731e-16,0.0009817830005277948
plot_9781,3,0.602126688040165,6,0.10897733501413191,0.0,0.2718776076482827,0.0,0.2212717431285747,2.249175486176586e-09,0.39787331195983505
plot_9782,3,0.3118778596270856,4,0.033373013425392103,0.000535229546297597,0.021202753721844693,0.0,0.6881221403729144,0.25676686293355117,1.9134859716946596e-234
plot_9783,3,0.41345700574096833,6,0.26802579349227906,0.0,0.14406074828426252,0.0,0.00020228585204553557,0.0011681781123811911,0.5865429942590317
plot_9784,3,0.4898951662547072,2,0.27728737077720733,0.0,0.5089657051463721,0.0,0.0003464681737204115,0.007609815094054144,0.205790640808646
plot_9785,3,0.33996757535420913,0,0.6600324246457908,0.0006711343826937224,0.29229051670339695,0.0,0.018505703484015975,0.01724109260703444,0.01125912817706803
plot_9786,3,0.29238367992110886,0,0.7076163200788912,0.0005341425386176969,0.2526188452716945,0.0,0.014873201606227196,0.015341845198857946,0.009015645305711521
plot_9787,3,0.03108679147239127,1,0.0,0.9689132085275864,0.02127993472934239,0.0,0.00962048994397054,3.9989012103814844e-23,0.00018636679910046455
plot_9788,3,0.004968722820774989,1,0.0,0.9950312771783495,0.004122267962334759,0.00035875353503385946,0.0004591176188215088,2.109307382737216e-25,2.858370546024677e-05
plot_979,3,0.31086750780811734,1,0.00015223696123915483,0.6891324921915555,0.160484068471574,0.008174877938204069,0.12990945579830668,3.278713736035104e-17,0.012146868639120676
plot_9799,3,0.004491013168636076,1,0.0,0.9955089868313427,0.0005400608207728608,2.0122883999906436e-05,5.1151576650161986e-05,0.0038796778872344697,8.151737999311124e-108
plot_980,3,0.4576482002875593,4,0.1316560231856759,0.15014800510896048,0.16120601383988997,0.0,0.5423517997124407,1.2797588662142242e-21,0.014638158153033022
plot_9806,3,0.011412150144686465,1,0.0,0.9885878498551641,7.151790340065607e-05,0.0,0.011299347646680384,4.1284594754844624e-05,0.0
plot_9807,3,0.5191049437819236,4,0.0,0.23767269210760228,0.03675728074811252,0.0004849848887391112,0.4808950562180764,1.3628047339503304e-20,0.24418998603746972
plot_9808,3,0.65811432777885,2,0.0,0.1552716663697825,0.34188567222114996,5.51120176982445e-05,0.3019543407584945,7.24066693301412e-22,0.20083320863287482
plot_9809,3,0.5396545963069574,4,0.0,0.262985114226454,0.17319157496246496,0.0,0.46034540369304255,7.031451971248e-22,0.10347790711803853
plot_9813,3,0.4749220454819849,2,0.21967637801701406,0.025950084602687613,0.5250779545170781,0.0,0.152014130393759,0.010771016967548192,0.06651043550191313
plot_9814,3,0.30643629014436247,0,0.6935637098556375,0.00018018729043281514,0.0006297695460083443,0.0,0.17367067080769077,0.1319556625002305,9.220381739365771e-235
plot_9815,3,0.5332096585298834,2,0.3911209856427226,0.0006271994962791956,0.46679034146952597,0.0,0.018194010350803105,0.11902735955181101,0.004240103488858183
plot_9816,3,0.21176735198221255,0,0.7882326480177875,0.0,0.12386608860831454,0.0,0.0016762124617166834,0.0858213779354369,0.00040367297674445517
plot_9817,3,0.19104063211932362,0,0.8089593678806765,0.0,0.16209319709409564,0.0,0.0020097074444960757,0.025950865261362737,0.0009868623193692151
plot_9819,3,0.7071723742858793,6,0.16430100524274086,0.015530450449979815,0.10204282204354992,0.090754170336901,0.2928276257141207,7.751819214704357e-15,0.3345439262127
plot_9820,3,0.5190022847900037,4,0.007952132788836639,0.2803152398061179,0.10566849292662782,0.10162801972016841,0.48099771520999635,3.829545477142721e-05,0.02340010409348149
plot_9821,3,0.6119815320040857,1,0.05714066511814528,0.38801846799579515,0.24706118409076983,0.12308940964297968,0.17956217968077398,0.0037934973563399877,0.0013345961151961583
plot_9822,3,0.5179505844753143,4,0.0,0.20332587823629894,0.1019727822668336,0.0002860176746165599,0.4820494155246858,4.041959424343262e-21,0.2123659062975652
plot_9827,3,0.28068454076108185,4,0.0,0.008008253003783241,0.12297241186222006,0.0,0.7193154592389182,3.6300915919400723e-25,0.1497038758950786
plot_9828,3,0.6194967835056577,4,0.0,0.0221801798012175,0.10818136223694802,0.0,0.48913524146749227,3.6729035683364226e-25,0.38050321649434227
plot_9829,3,0.13989531792527066,4,0.0,0.011580064734943314,0.038033423271938566,0.0,0.8601046820747293,3.5740139056927946e-25,0.09028182991838879
plot_9830,3,0.23686180443395552,4,0.0,0.08996208781107168,0.07975301558982409,0.0,0.7631381955660445,5.540368312773631e-25,0.06714670103305971
plot_9831,3,0.3044074607637868,4,0.0,0.06857265215445843,0.150703330232759,0.0,0.6955925392362132,4.437155535320913e-25,0.08513147837656926
plot_9832,3,0.5292230718395381,2,0.0,0.02163664661674545,0.4707769281604619,0.0,0.40759598108387285,9.462636329230477e-25,0.09999044413891989
plot_9833,3,0.5028277763742202,2,0.0,0.019068356755857344,0.49717222362577984,0.0,0.3656761704902439,1.1099733407547898e-24,0.11808324912811888
plot_9835,3,0.1893286507341052,6,5.018170411305184e-17,0.03430026097881284,0.12136445470431301,0.0,0.0336639349172767,1.3370262897463931e-10,0.8106713492658948
plot_9836,3,0.2135787549635676,1,0.0,0.7864212450350668,0.13690481246695105,0.011199196298908769,0.058087692042750744,4.0504683949341006e-25,0.007387054156322657
plot_9837,3,0.3329175721890343,2,8.581541978115959e-16,0.05530369425276628,0.6670824278109657,0.010520470396270876,0.20092447665704938,4.1476125430920755e-22,0.0661689308829469
plot_9838,3,0.5716975763905334,2,4.101383577245285e-15,0.2360782716488143,0.42830242360946275,0.06843092876304063,0.2200227137943755,3.5787434653245145e-21,0.04716566218430254
plot_9839,3,0.44469312702762737,1,1.5089345142269536e-15,0.5553068729723367,0.183294342192397,0.04719320200952159,0.20294253093472403,2.459131475797955e-21,0.011263051891019145
plot_9840,3,0.11515278675053835,1,1.7181912568224355e-17,0.8848472132494617,0.00797945952643227,0.06483657846226017,0.02677206212771873,6.590411568702371e-23,0.015564686634127186
plot_9841,3,0.42093881930143306,1,0.0,0.5790611806980691,0.2469873040983528,0.009326479871288157,0.1636740682166301,3.3517147193122894e-24,0.0009509671156598365
plot_9842,3,0.4221269226722158,2,1.0286140891529187e-18,0.2391491406569497,0.5778730773277843,0.0042812463573979175,0.17798866014737189,1.2110594494270257e-24,0.0007078755104962876
plot_9843,3,0.006633792577077033,1,0.0,0.993366207422829,0.0,0.0,1.3219326637972404e-05,0.006620573250533071,0.0
plot_9844,3,0.012914705910093973,1,0.0,0.9870852940898781,0.006043415683047021,3.073206526103869e-05,0.0006549702467651305,0.005684723142917873,0.0005008647721308657
plot_9845,3,0.0028208798723118426,1,0.0,0.9971791201276882,0.0005280814365354426,0.0,0.00011746472059872453,0.0021753337151776864,5.397419780616211e-108
plot_9846,3,0.006664928069739524,1,0.0,0.9933350719273385,0.005171364534689873,0.0,0.0012539900964088008,0.00015772790145724693,8.184554010537885e-05
plot_9847,3,0.10400378445464045,1,0.0,0.8959962155453596,0.06858379690548515,0.0,0.031300012746202546,3.310703384814426e-05,0.004086867769104622
plot_9848,3,0.437408401234302,6,0.0,0.05032174314585611,0.14596264214578086,0.004955129019776243,0.2361688869228888,2.9899662343526748e-21,0.562591598765698
plot_9849,3,0.4963181991044863,6,0.0,0.054923941620161565,0.18084721053655706,0.00033093699773146346,0.2602161099500363,2.6161542120903375e-21,0.5036818008955137
plot_9850,3,0.022422365982020902,1,0.0,0.977577634017979,0.015766354442849653,0.0,0.005797683678797607,0.0002558994356488804,0.0006024284247246924
plot_9852,3,0.32213116272837305,1,6.386844079870055e-17,0.6778688372662978,0.11179733990668503,0.07874330409085917,0.02278975838739468,0.006885755804524111,0.1019150045442391
plot_9853,3,0.2201649314496149,1,3.595791392065599e-18,0.7798350685503851,0.05278416119999735,0.1339799704523426,0.02000001870015945,0.0002797789738820121,0.013121002123233496
plot_9862,3,0.2270230960412697,1,0.0,0.77297690395858,0.021271599645287315,0.06086234358014193,0.12801467249561022,1.470414744340447e-23,0.01687448032038056
plot_9863,3,0.01780623537548494,1,0.0,0.9821937646243746,0.00839743478074142,0.0,0.009233138011709795,2.5133289266123185e-05,0.00015052929390816096
plot_9864,3,0.07391231800577674,1,0.0,0.9260876819942233,0.04519700339724602,0.0,0.02615147015602253,2.1940091076517015e-05,0.0025419043614317224
plot_9866,3,0.4388948294062147,4,0.18201775736163187,0.07853800271876131,0.09837756406555095,0.07996150526027061,0.5611051705937853,2.841132736019554e-19,1.5551335819115243e-100
plot_9886,3,0.022453258497064445,1,0.005934722657143761,0.9775467415029355,0.0013295040127977574,0.0,0.00048572439167604196,0.01464069910531347,6.260833013338272e-05
plot_9887,3,0.2337945940826596,1,0.0,0.7662054059172535,0.06004924645033147,0.001740708284442662,0.12311891372857149,1.2165077999537145e-21,0.048885725619400855
plot_9888,3,0.26831101688155257,6,7.046488137717264e-16,0.002467152056317323,0.23478565410094043,0.0,0.031058210724294075,1.7528523064527666e-23,0.7316889831184474
plot_9895,3,0.5421901343217371,6,0.0006239257205094147,0.09619852030762983,0.2055718440445462,0.0,0.23979584424905168,2.9230303098151105e-21,0.4578098656782629
plot_9922,3,0.28686537885601204,1,0.0009324950386127939,0.713134621143988,0.008555704590788778,0.0008427869376936441,0.0176351059428795,0.25072102594813733,0.008178260397899888
plot_9954,3,0.1678772469392363,1,4.461239825368367e-05,0.8321227530607637,0.013113967426686466,0.0002651470409979687,0.14886338516570416,0.0013648672039374757,0.0042252677036565735
plot_9955,3,0.45468422067764097,4,0.0024100355723890242,0.397134853778202,0.014732014591615893,0.0002357583738748267,0.545315779322359,0.017159358619111144,0.023012199742448065
plot_9956,3,0.5475511941133059,4,0.01597538718241519,0.0792291107093368,0.0,5.027239883538793e-05,0.45244880588669406,0.45222748169819793,6.894212452060402e-05
plot_9970,3,0.3135908819724257,0,0.6864091180275743,0.1236423520927784,9.600525020269384e-05,0.1761877808801229,0.008478460899467452,1.93768697622309e-15,0.0051862828498523954
plot_9979,3,0.6429554344574651,0,0.42901590457291383,0.17984574570541284,7.308950723505164e-05,0.35704456554253494,0.011460119169758441,1.6436641269115934e-15,0.022560575502143358
