unit_id,timestamp,hour,o_arrive,o_leave,o_stay,poi_cat_1,poi_cat_2,poi_cat_3,poi_cat_4,poi_cat_5,poi_cat_6,poi_cat_7,poi_cat_8,poi_cat_9,norm_o_arrive,norm_o_leave,norm_o_stay,norm_poi_cat_1,norm_poi_cat_2,norm_poi_cat_3,norm_poi_cat_4,norm_poi_cat_5,norm_poi_cat_6,norm_poi_cat_7,norm_poi_cat_8,norm_poi_cat_9
plot_10648,2021-04-01 00:00:00,0,1.3357297892464424,1.497142339664521,4.26975727178767,1.0,0.0,0.0,0.0,0.0,1.0,0.0,0.0,0.0,0.13550648352337707,0.19121581594977874,0.14346173186219496,0.3582551979145189,0.0,0.0,0.0,0.0,0.3333333333332677,0.0,0.0,0.0
plot_10810,2021-04-01 00:00:00,0,1.1640490775271601,1.5243575046914486,4.341597488083619,0.0,3.0,0.0,0.0,0.0,1.0,1.0,0.0,0.0,0.07650133754540674,0.17672211721213285,0.15315377509143607,0.0,0.9999999999998603,0.0,0.0,0.0,0.23035959189141256,0.3089664497109555,0.0,0.0
plot_10650,2021-04-01 00:00:00,0,1.372842826183339,1.515148979133303,4.5701005226772695,0.0,1.0,0.0,1.0,0.0,0.0,1.0,0.0,0.0,0.1460818287925114,0.20049432530851438,0.17617102477982102,0.0,0.36771890803950114,0.0,0.326589252776901,0.0,0.0,0.391361335715574,0.0,0.0
plot_10846,2021-04-01 00:00:00,0,1.5434449082348354,1.494396245926302,4.587788270328619,0.0,0.0,0.0,0.0,0.0,0.0,1.0,0.0,0.0,0.1474047774827576,0.1597956961006502,0.16823218772700096,0.0,0.0,0.0,0.0,0.0,0.0,0.17738247302453206,0.0,0.0
plot_10849,2021-04-01 00:00:00,0,1.2925715372718642,1.4713580158083903,4.50109644578821,1.0,0.0,0.0,0.0,0.0,0.0,1.0,0.0,1.0,0.06985216735027609,0.178098470574016,0.11897390396327566,0.3089664497109555,0.0,0.0,0.0,0.0,0.0,0.23172483728322718,0.0,0.3947329762992079
plot_10847,2021-04-01 00:00:00,0,1.139137081553366,1.415636649241974,4.056551852116709,0.0,0.0,0.0,0.0,0.0,0.0,0.0,0.0,0.0,0.07083505971317303,0.13740677179162125,0.09701792303185003,0.0,0.0,0.0,0.0,0.0,0.0,0.0,0.0,0.0
plot_10605,2021-04-01 00:00:00,0,1.4233110327678302,1.3376225502666763,3.748002818915782,1.0,0.0,0.0,0.0,0.0,1.0,0.0,0.0,0.0,0.15711616463153721,0.15234529125137858,0.0677501343214484,0.26090755714373615,0.0,0.0,0.0,0.0,0.4105514533070443,0.0,0.0,0.0
plot_10646,2021-04-01 00:00:00,0,1.5585795120047803,1.4368581738607906,4.271637969526084,0.0,0.0,0.0,0.0,0.0,0.0,0.0,0.0,0.0,0.11548115419664974,0.1412697951909587,0.10714878375910925,0.0,0.0,0.0,0.0,0.0,0.0,0.0,0.0,0.0
plot_10604,2021-04-01 00:00:00,0,1.9559879879869555,1.5462538084979083,6.151232997196931,0.0,0.0,0.0,1.0,1.0,0.0,0.0,1.0,0.0,0.2057748119245997,0.13662661502846865,0.24551053477695928,0.0,0.0,0.0,0.37868932856561754,0.7117953884028443,0.0,0.0,0.4886872586953316,0.0
plot_10552,2021-04-01 00:00:00,0,1.4984699430441344,1.539668391789185,4.761264013455231,0.0,0.0,0.0,0.0,0.0,0.0,0.0,0.0,0.0,0.14445149698678278,0.18617133577416436,0.138097159867528,0.0,0.0,0.0,0.0,0.0,0.0,0.0,0.0,0.0
plot_10499,2021-04-01 00:00:00,0,1.3494693330947973,1.7869296986159782,4.542739513555592,0.0,0.0,0.0,0.0,0.0,1.0,0.0,0.0,1.0,0.12089769305639236,0.24557118658846805,0.14155536319796425,0.0,0.0,0.0,0.0,0.0,0.2136917124463666,0.0,0.0,0.34327790447740547
plot_10500,2021-04-01 00:00:00,0,1.4518257671845,1.709553921471311,4.821846392941316,2.0,0.0,1.0,0.0,0.0,1.0,1.0,0.0,1.0,0.09515126528472566,0.15345918382296728,0.10867473134474177,0.617932899421911,0.0,0.41204962400987455,0.0,0.0,0.2686913984359034,0.26090755714373615,0.0,0.3947329762992079
plot_10549,2021-04-01 00:00:00,0,1.5922359269488717,1.6842273016029414,4.315158214314255,1.0,0.0,0.0,0.0,0.0,0.0,0.0,0.0,0.0,0.14353991718392242,0.17767250856833497,0.10019230168568627,0.2849222832618101,0.0,0.0,0.0,0.0,0.0,0.0,0.0,0.0
plot_19877,2021-04-01 00:00:00,0,1.4994243103515728,1.205280319188542,4.6219143478122335,1.0,0.0,1.0,0.0,0.0,2.0,1.0,0.0,1.0,0.10700304760771026,0.08368100349829855,0.11777256264411205,0.2136917124463666,0.0,0.26998555574699723,0.0,0.0,0.617932899421911,0.1565445342862513,0.0,0.3947329762992079
plot_11486,2021-04-01 00:00:00,0,1.6422495782003501,1.9288100078731434,5.189279605379777,1.0,1.0,0.0,2.0,0.0,1.0,1.0,0.0,0.0,0.15225758298394068,0.21989007919580308,0.1824658666740481,0.3333333333332677,0.27055424826218927,0.0,0.4697946302834067,0.0,0.21495311874872955,0.19196632657618148,0.0,0.0
plot_10648,2021-04-01 01:00:00,1,1.502824327362013,1.2205525108073327,3.732445741202731,0.0,0.0,0.0,0.0,0.0,0.0,0.0,0.0,0.0,0.17313473765398107,0.1245912947052156,0.10132409697724881,0.0,0.0,0.0,0.0,0.0,0.0,0.0,0.0,0.0
plot_10810,2021-04-01 01:00:00,1,1.3193213784921756,1.3157807139339865,4.2527280309887425,0.0,0.0,0.0,0.0,0.0,0.0,0.0,0.0,0.0,0.11272295016355094,0.1266235395027409,0.14552983890760954,0.0,0.0,0.0,0.0,0.0,0.0,0.0,0.0,0.0
plot_10650,2021-04-01 01:00:00,1,1.5761696828263008,1.0605761591488367,3.8820564055980653,0.0,0.0,0.0,0.0,0.0,0.0,0.0,1.0,1.0,0.19142025330615273,0.08795316665871618,0.12539547090393854,0.0,0.0,0.0,0.0,0.0,0.0,0.0,0.4999999999998844,0.5786246046561515
plot_10846,2021-04-01 01:00:00,1,1.8795984791237363,1.8484629212437396,5.149950383333908,1.0,0.0,0.0,0.0,1.0,0.0,1.0,0.0,0.0,0.21912495444423996,0.23179626439828185,0.20880786798656376,0.4803081137388923,0.0,0.0,0.0,0.34327790447740547,0.0,0.2266223778853382,0.0,0.0
plot_10849,2021-04-01 01:00:00,1,1.346302610597005,1.3522978382202069,4.401857747290964,0.0,0.0,0.0,2.0,0.0,0.0,1.0,1.0,0.0,0.08122542143649869,0.14803299274111414,0.11121081027872323,0.0,0.0,0.0,0.6147858093293708,0.0,0.0,0.29604973222441944,0.2730107613410486,0.0
plot_10847,2021-04-01 01:00:00,1,1.4402796282996917,1.094025739816346,4.1036129058948045,0.0,1.0,1.0,1.0,2.0,2.0,0.0,0.0,0.0,0.1306770630364479,0.0736274348461865,0.09979991940505757,0.0,0.37868932856561754,0.5460215226820283,0.23054467849852373,0.981018353410511,0.9999999999997905,0.0,0.0,0.0
plot_10605,2021-04-01 01:00:00,1,1.6001824155507005,1.5268657627645146,4.647155045877066,1.0,0.0,0.0,1.0,0.0,0.0,0.0,0.0,1.0,0.20020320032132638,0.19642242711320945,0.13255681208139017,0.3052382731141095,0.0,0.0,0.38274376433736,0.0,0.0,0.0,0.0,0.35234597271253765
plot_10646,2021-04-01 01:00:00,1,2.0616252279458434,1.876092179875946,5.089964480474706,0.0,0.0,0.0,1.0,0.0,0.0,0.0,1.0,0.0,0.20555155695033328,0.24381198579552976,0.16079793274298593,0.0,0.0,0.0,0.2814842381621834,0.0,0.0,0.0,0.3021631705137737,0.0
plot_10604,2021-04-01 01:00:00,1,1.844721642738494,1.6014432479681322,5.050474062583639,0.0,0.0,0.0,0.0,0.0,0.0,0.0,0.0,0.0,0.18342911511538132,0.14866629109958476,0.17010908790639528,0.0,0.0,0.0,0.0,0.0,0.0,0.0,0.0,0.0
plot_10552,2021-04-01 01:00:00,1,1.2048041869291333,1.073887755380338,4.0094114491652535,0.0,2.0,1.0,2.0,0.0,1.0,0.0,0.0,1.0,0.09032386696130562,0.08342976043291946,0.0932488173072671,0.0,0.8924141331836775,0.3021631705137737,0.49999999999993155,0.0,0.22063134482371427,0.0,0.0,0.33333333333328674
plot_10499,2021-04-01 01:00:00,1,1.5971666331489345,1.1491476452601423,4.063550468264663,0.0,0.0,0.0,0.0,0.0,0.0,1.0,0.0,0.0,0.1767677171279649,0.09692692745694532,0.10549219918395862,0.0,0.0,0.0,0.0,0.0,0.0,0.26965468389413555,0.0,0.0
plot_10500,2021-04-01 01:00:00,1,1.3637855933268392,1.5271937128397766,5.049578067228269,1.0,1.0,0.0,2.0,0.0,0.0,0.0,1.0,0.0,0.07910624044559166,0.11152905610315976,0.1256932073260161,0.3614628360803445,0.49999999999989525,0.0,0.6050410831116269,0.0,0.0,0.0,0.45324475577062895,0.0
plot_10549,2021-04-01 01:00:00,1,1.314365299944523,1.7185672311150302,4.477165696347148,1.0,0.0,1.0,0.0,1.0,1.0,0.0,0.0,0.0,0.08793651137586096,0.18377554806676308,0.10990066584526598,0.33333333333327725,0.0,0.45324475577062895,0.0,0.34327790447740547,0.326589252776901,0.0,0.0,0.0
plot_19877,2021-04-01 01:00:00,1,1.951795248918992,1.9691547888170096,6.591413221346383,0.0,0.0,0.0,0.0,0.0,0.0,0.0,0.0,0.0,0.17678054493988785,0.20922498667028236,0.22690453014639125,0.0,0.0,0.0,0.0,0.0,0.0,0.0,0.0,0.0
plot_11486,2021-04-01 01:00:00,1,2.024892054699297,2.2267496422148887,6.913421645069513,1.0,0.0,1.0,0.0,1.0,0.0,2.0,0.0,0.0,0.22669060954678774,0.2793431096416418,0.3005188182442276,0.3899698887677819,0.0,0.3640143484547162,0.0,0.2730107613410486,0.0,0.49050917670531113,0.0,0.0
plot_10648,2021-04-01 02:00:00,2,1.1436217061572183,1.3402486197008372,3.701575158386857,0.0,0.0,0.0,0.0,0.0,0.0,0.0,0.0,0.0,0.09224539400754381,0.15342350441739708,0.0989031302320076,0.0,0.0,0.0,0.0,0.0,0.0,0.0,0.0,0.0
plot_10810,2021-04-01 02:00:00,2,1.2005080992843524,0.9444461278305314,2.9336282447295314,0.0,0.0,3.0,0.0,1.0,0.0,0.0,0.0,0.0,0.08500642540923029,0.037431762457320536,0.0323668589672351,0.0,0.0,0.9999999999998459,0.0,0.2730107613410486,0.0,0.0,0.0,0.0
plot_10650,2021-04-01 02:00:00,2,1.3830053352105622,1.731260173197816,5.257497684446524,2.0,0.0,0.0,0.0,1.0,0.0,0.0,0.0,1.0,0.14834789514502,0.2539981933533368,0.22689883533026808,0.5460215226820972,0.0,0.0,0.0,0.31939792869778455,0.0,0.0,0.0,0.4803081137388923
plot_10846,2021-04-01 02:00:00,2,1.06695188308515,1.1009976654432618,3.551604566108322,0.0,0.0,1.0,0.0,0.0,1.0,0.0,0.0,0.0,0.04574242121422314,0.0797968615962003,0.09344262489458618,0.0,0.0,0.2555183429582352,0.0,0.0,0.3947329762992079,0.0,0.0,0.0
plot_10849,2021-04-01 02:00:00,2,1.5776907074541766,1.6800422414380771,5.101860137776361,1.0,1.0,0.0,0.0,0.0,0.0,1.0,0.0,0.0,0.13020333040472976,0.23079611546958642,0.16596953060695863,0.3947329762992079,0.30317118275227156,0.0,0.0,0.0,0.0,0.2710971270602707,0.0,0.0
plot_10847,2021-04-01 02:00:00,2,1.382169794481886,1.9129948365087386,5.066563048305984,0.0,0.0,0.0,0.0,0.0,1.0,0.0,0.0,1.0,0.11912967823143944,0.23603892163040982,0.15672435242773053,0.0,0.0,0.0,0.0,0.0,0.45324475577062895,0.0,0.0,0.3899698887677819
plot_10605,2021-04-01 02:00:00,2,1.4549894249971598,1.433962862496976,3.6197664368254108,0.0,0.0,3.0,1.0,0.0,0.0,0.0,1.0,1.0,0.16483322996514105,0.17478416752650328,0.058507457006042846,0.0,0.0,0.7665550288747056,0.49999999999989525,0.0,0.0,0.0,0.35234597271253765,0.2924774165758508
plot_10646,2021-04-01 02:00:00,2,1.1700126657762357,1.2947516123254537,3.3365918888847204,2.0,0.0,0.0,0.0,0.0,0.0,1.0,1.0,1.0,0.04590820838384007,0.10809404395230358,0.04584754786371242,0.9064895115412579,0.0,0.0,0.0,0.0,0.0,0.3703901852204306,0.33333333333328674,0.5849548331516152
plot_10604,2021-04-01 02:00:00,2,1.5406001150315722,1.6059562662812004,3.970196787101378,0.0,0.0,0.0,1.0,0.0,1.0,1.0,0.0,0.0,0.12235217908301753,0.149650814209693,0.09611062463580716,0.0,0.0,0.0,0.37868932856561754,0.0,0.29430550602318,0.5127635398489478,0.0,0.0
plot_10552,2021-04-01 02:00:00,2,1.8122982248437849,1.2949801927872933,4.317796750494033,0.0,2.0,0.0,0.0,0.0,1.0,0.0,0.0,1.0,0.20229542592663013,0.13219817959770275,0.11164413879905911,0.0,0.999999999999813,0.0,0.0,0.0,0.1999999999999815,0.0,0.0,0.2766952930989682
plot_10499,2021-04-01 02:00:00,2,1.5358497742709105,1.2610566496458417,4.579520924038856,0.0,0.0,0.0,0.0,1.0,0.0,0.0,0.0,0.0,0.16293722975180186,0.12300892672226128,0.1443234858250562,0.0,0.0,0.0,0.0,0.40448202584117815,0.0,0.0,0.0,0.0
plot_10500,2021-04-01 02:00:00,2,1.546947929353961,1.2786588098779132,4.181546346093988,1.0,0.0,0.0,0.0,1.0,0.0,1.0,0.0,0.0,0.11248695861523499,0.05438336460487287,0.060824861526679444,0.3947329762992079,0.0,0.0,0.0,0.3947329762992079,0.0,0.3052382731141095,0.0,0.0
plot_10549,2021-04-01 02:00:00,2,2.2224699514963207,2.234968316417701,6.733918259443432,0.0,0.0,0.0,2.0,0.0,0.0,1.0,0.0,0.0,0.26965313252715883,0.2755525629125232,0.24513747976078112,0.0,0.0,0.0,0.803129752346996,0.0,0.0,0.36023108530419107,0.0,0.0
plot_19877,2021-04-01 02:00:00,2,1.4868961992065477,1.4481176024389224,4.371964458494275,0.0,0.0,0.0,0.0,0.0,0.0,0.0,0.0,0.0,0.10507060640189897,0.12359169696177318,0.1039225810245248,0.0,0.0,0.0,0.0,0.0,0.0,0.0,0.0,0.0
plot_11486,2021-04-01 02:00:00,2,2.261091266246523,1.4819011821024604,5.93338530780124,0.0,0.0,1.0,0.0,0.0,0.0,0.0,1.0,0.0,0.27263695180360875,0.13071065839211846,0.2334151924423955,0.0,0.0,0.3640143484547162,0.0,0.0,0.0,0.0,0.26127140222152795,0.0
plot_10648,2021-04-01 03:00:00,3,1.407757262366973,1.6051185777746804,5.371999412711803,0.0,0.0,1.0,0.0,0.0,0.0,0.0,0.0,0.0,0.15172645153388153,0.21722496169314134,0.22990297543368435,0.0,0.0,0.3021631705137737,0.0,0.0,0.0,0.0,0.0,0.0
plot_10810,2021-04-01 03:00:00,3,1.5274331336616565,1.0076309691631264,4.304491732436668,0.0,2.0,1.0,0.0,1.0,1.0,1.0,0.0,0.0,0.16127084524967727,0.05260828651860738,0.14997054519049272,0.0,0.5103250191165156,0.33333333333328197,0.0,0.2730107613410486,0.3246650979146198,0.3947329762992079,0.0,0.0
plot_10650,2021-04-01 03:00:00,3,1.4791084652737496,1.3557797287108515,5.174273606119892,0.0,0.0,0.0,0.0,0.0,0.0,0.0,0.0,0.0,0.1697772556330227,0.16103838050234354,0.22075715259808637,0.0,0.0,0.0,0.0,0.0,0.0,0.0,0.0,0.0
plot_10846,2021-04-01 03:00:00,3,1.1973247813637828,1.3126790987238561,4.53907546583346,0.0,1.0,0.0,0.0,0.0,0.0,0.0,0.0,0.0,0.07355818206067027,0.12284294459905716,0.16471619984020514,0.0,0.4142118057493797,0.0,0.0,0.0,0.0,0.0,0.0,0.0
plot_10849,2021-04-01 03:00:00,3,1.2583464204060097,1.3920721113496795,4.389255792891502,0.0,0.0,0.0,0.0,0.0,0.0,0.0,0.0,0.0,0.06260773826748882,0.15807692641665594,0.11022500379301853,0.0,0.0,0.0,0.0,0.0,0.0,0.0,0.0,0.0
plot_10847,2021-04-01 03:00:00,3,2.1918032486816834,2.2712577316091638,5.863176269175134,0.0,1.0,0.0,0.0,1.0,1.0,1.0,0.0,2.0,0.280017232581811,0.30708679106514036,0.20381584132122163,0.0,0.28988195825924434,0.0,0.0,0.4905091767052555,0.49999999999989525,0.45324475577062895,0.0,0.6666666666665354
plot_10605,2021-04-01 03:00:00,3,1.3650214039333775,1.374944271245883,3.6546682500821563,1.0,1.0,0.0,2.0,0.0,0.0,1.0,1.0,1.0,0.1429164265030814,0.16103799174237574,0.06102301610398519,0.33333333333328197,0.3073929046646854,0.0,0.9999999999997905,0.0,0.0,0.4905091767052555,0.4546919454251122,0.24999999999996309
plot_10646,2021-04-01 03:00:00,3,1.6514253120996345,1.7686410712318439,5.4271637154611385,0.0,1.0,0.0,0.0,0.0,0.0,0.0,0.0,0.0,0.13210520712767854,0.21872678767251416,0.18290457569417848,0.0,0.4222263572432425,0.0,0.0,0.0,0.0,0.0,0.0,0.0
plot_10604,2021-04-01 03:00:00,3,1.7616392880820702,1.549896596656369,6.187462201560047,0.0,0.0,0.0,0.0,0.0,0.0,0.0,0.0,2.0,0.16674362856324643,0.13742129585589807,0.24799221749789763,0.0,0.0,0.0,0.0,0.0,0.0,0.0,0.0,0.46344967456645436
plot_10552,2021-04-01 03:00:00,3,1.213485460243705,1.1689516595303233,4.254568212827973,4.0,0.0,0.0,1.0,1.0,1.0,0.0,0.0,1.0,0.09192397436346789,0.1043988916225755,0.1078725281781527,0.9999999999998844,0.0,0.0,0.326589252776901,0.4577038726365164,0.22063134482371427,0.0,0.0,0.23650996403270116
plot_10499,2021-04-01 03:00:00,3,1.4827749080579478,1.450626905754359,4.75132302311484,1.0,1.0,1.0,0.0,1.0,0.0,0.0,0.0,2.0,0.15096578697763507,0.16719099507046237,0.15725309541820967,0.4258639049303585,0.1999999999999781,0.31939792869778455,0.0,0.40448202584117815,0.0,0.0,0.0,0.5373827968718068
plot_10500,2021-04-01 03:00:00,3,1.636773769280636,1.3732680174277325,4.602894626944483,2.0,0.0,0.0,0.0,0.0,0.0,0.0,0.0,1.0,0.1288574150746887,0.07613688301660668,0.0923123813012451,0.7894659525984158,0.0,0.0,0.0,0.0,0.0,0.0,0.0,0.3089664497109555
plot_10549,2021-04-01 03:00:00,3,2.10379300645344,2.3622870093496373,6.866450692829168,0.0,0.0,1.0,0.0,0.0,0.0,0.0,0.0,2.0,0.24590523802524367,0.2981801868736703,0.25307953965899443,0.0,0.0,0.45324475577062895,0.0,0.0,0.0,0.0,0.0,0.709529892098054
plot_19877,2021-04-01 03:00:00,3,1.282942117373907,1.6659926564415215,4.327617664345877,0.0,0.0,0.0,0.0,0.0,0.0,1.0,0.0,0.0,0.07361101386920399,0.15939980837385015,0.1014652793408997,0.0,0.0,0.0,0.0,0.0,0.0,0.1999999999999815,0.0,0.0
plot_11486,2021-04-01 03:00:00,3,1.4571405142292506,1.2374841525145845,4.751345487686764,0.0,0.0,0.0,1.0,0.0,0.0,0.0,0.0,0.0,0.11624948476742569,0.08193791577372088,0.15248027732188194,0.0,0.0,0.0,0.23489731514170334,0.0,0.0,0.0,0.0,0.0
plot_10648,2021-04-01 04:00:00,4,1.8227666204732151,1.5967578370475932,6.043284701716487,0.0,0.0,3.0,1.0,1.0,1.0,1.0,0.0,1.0,0.2451829927800095,0.2152110396682656,0.2825472475209057,0.0,0.0,0.9999999999998603,0.3052382731141095,0.35962193052033875,0.3899698887677819,0.6023473142601964,0.0,0.391361335715574
plot_10810,2021-04-01 04:00:00,4,1.7187723751294834,1.6753285288645365,5.437344923918257,0.0,0.0,0.0,0.0,0.0,0.0,0.0,0.0,1.0,0.20590608179878161,0.21298422268865674,0.2471557955547352,0.0,0.0,0.0,0.0,0.0,0.0,0.0,0.0,0.2849222832618101
plot_10650,2021-04-01 04:00:00,4,1.379094030532286,1.3925586132975514,4.506376777410406,0.0,1.0,0.0,0.0,1.0,0.0,0.0,0.0,1.0,0.14747574084708942,0.17014393653927476,0.1714684070542222,0.0,0.2427576381887179,0.0,0.0,0.26971644789026733,0.0,0.0,0.0,0.4105514533070443
plot_10846,2021-04-01 04:00:00,4,1.4440459468005002,1.6237882918748758,5.754594117606722,0.0,2.0,0.0,0.0,1.0,0.0,4.0,1.0,0.0,0.12619747308016896,0.1861079742418734,0.25244978241876403,0.0,0.714449095481272,0.0,0.0,0.28988195825924434,0.0,0.9999999999998952,0.4100622484625305,0.0
plot_10849,2021-04-01 04:00:00,4,1.4282938684322626,1.6065530268880377,4.580267174693529,0.0,0.0,0.0,1.0,0.0,0.0,0.0,1.0,0.0,0.09858050761850227,0.21223837100985643,0.12516715110247859,0.0,0.0,0.0,0.33333333333327725,0.0,0.0,0.0,0.24999999999996844,0.0
plot_10847,2021-04-01 04:00:00,4,1.6400145027939799,1.7557915492111948,6.393473735003728,0.0,0.0,0.0,2.0,0.0,0.0,0.0,1.0,0.0,0.17036768514349138,0.20486360656604757,0.23516417520283525,0.0,0.0,0.0,0.4999999999999369,0.0,0.0,0.0,0.3614628360803445,0.0
plot_10605,2021-04-01 04:00:00,4,1.403511150181933,1.4822774177557934,4.887157690590054,1.0,2.0,0.0,2.0,0.0,0.0,0.0,1.0,2.0,0.15229278261117113,0.18603723804955388,0.14985507770434578,0.2427576381887179,0.530203580986113,0.0,0.8300858792968465,0.0,0.0,0.0,0.2924774165758508,0.49999999999992617
plot_10646,2021-04-01 04:00:00,4,2.3357575989596846,2.6398831482393814,8.000764802864088,1.0,1.0,0.0,0.0,0.0,0.0,0.0,0.0,1.0,0.25463499466304346,0.4221242248011565,0.3516288029015952,0.3300858792969513,0.3641364572830488,0.0,0.0,0.0,0.0,0.0,0.0,0.49999999999985234
plot_10604,2021-04-01 04:00:00,4,2.2825244543321,1.6517850145590058,5.635548233290265,1.0,1.0,0.0,1.0,1.0,1.0,0.0,0.0,0.0,0.2713533555337063,0.1596484385614893,0.21018638149963165,0.357224547740636,0.3101451472522034,0.0,0.3143446642827889,0.4222263572432425,0.2694999132795104,0.0,0.0,0.0
plot_10552,2021-04-01 04:00:00,4,1.8187249047960532,1.683170522679947,6.020703690134725,1.0,1.0,0.0,0.0,0.0,2.0,0.0,0.0,0.0,0.20347997314572194,0.21782493800678474,0.2132233012634111,0.18206822864154545,0.2945733038490225,0.0,0.0,0.0,0.36628592773695395,0.0,0.0,0.0
plot_10499,2021-04-01 04:00:00,4,2.2926338850572368,2.04674453338096,6.3515805277669015,1.0,0.0,1.0,0.0,0.0,2.0,0.0,0.0,1.0,0.33363568499283414,0.3061247619388748,0.27768645970739764,0.3101451472522034,0.0,0.35234597271253765,0.0,0.0,0.4999999999999369,0.0,0.0,0.2686913984359034
plot_10500,2021-04-01 04:00:00,4,2.6943599593097516,1.9539205531224613,6.79626687676475,1.0,0.0,1.0,0.0,1.0,0.0,0.0,0.0,0.0,0.321598932327675,0.20964646367136322,0.25622393672469024,0.2874733351248409,0.0,0.36771890803950114,0.0,0.33333333333327253,0.0,0.0,0.0,0.0
plot_10549,2021-04-01 04:00:00,4,2.360621855539024,2.3413111737680388,8.303843194961344,0.0,1.0,0.0,0.0,0.0,0.0,0.0,0.0,2.0,0.29729807098811606,0.29445227144443326,0.3392158691410814,0.0,0.2651017904930565,0.0,0.0,0.0,0.0,0.0,0.0,0.709529892098054
plot_19877,2021-04-01 04:00:00,4,1.573275162939797,1.8553372105966623,5.1563878115402595,2.0,1.0,0.0,0.0,2.0,0.0,2.0,1.0,0.0,0.11839442408687341,0.1905188867901265,0.14738828949636007,0.39765268573960144,0.21433472864440106,0.0,0.0,0.7730185553579441,0.0,0.44126268964742854,0.22892870483559094,0.0
plot_11486,2021-04-01 04:00:00,4,1.7554558394871707,1.811577081219892,5.807224817702235,1.0,0.0,0.0,0.0,0.0,2.0,0.0,0.0,0.0,0.1742788826852709,0.1964965727461848,0.22477691445550294,0.3101451472522034,0.0,0.0,0.0,0.0,0.5029514628524783,0.0,0.0,0.0
plot_10648,2021-04-01 05:00:00,5,2.1476404578407333,1.9623766580176565,5.840987568983939,0.0,0.0,0.0,1.0,0.0,0.0,1.0,2.0,0.0,0.3183417892955155,0.3032807239577392,0.26668247963089664,0.0,0.0,0.0,0.2427576381887179,0.0,0.0,0.4273834248926792,0.5358368216109844,0.0
plot_10810,2021-04-01 05:00:00,5,3.4441662809827176,2.6513467073172436,9.513166891814564,0.0,0.0,1.0,0.0,2.0,0.0,0.0,1.0,1.0,0.6084025301872407,0.44741645448884226,0.5968125572327727,0.0,0.0,0.2814842381621834,0.0,0.4273834248927332,0.0,0.0,0.46521772087825924,0.3640143484547162
plot_10650,2021-04-01 05:00:00,5,2.4322824592977597,2.180784308682747,8.476740837762636,0.0,3.0,1.0,0.0,0.0,1.0,0.0,2.0,0.0,0.382318815021358,0.3652894206868402,0.4644691453049574,0.0,0.9157148193423286,0.35962193052033875,0.0,0.0,0.3640143484547162,0.0,0.7282729145660976,0.0
plot_10846,2021-04-01 05:00:00,5,1.940314564651758,2.4453163398805513,7.333497623866295,0.0,1.0,0.0,0.0,0.0,0.0,0.0,0.0,0.0,0.23207905868583195,0.3531682779991288,0.3664117203519386,0.0,0.4491665221324766,0.0,0.0,0.0,0.0,0.0,0.0,0.0
plot_10849,2021-04-01 05:00:00,5,2.5047497218877224,2.439146594661193,7.1950749213463325,0.0,0.0,0.0,1.0,2.0,0.0,1.0,0.0,0.0,0.32643387395395795,0.42248770846914235,0.329714347022449,0.0,0.0,0.0,0.2651017904930565,0.7678653063046389,0.0,0.23172483728322718,0.0,0.0
plot_10847,2021-04-01 05:00:00,5,2.710800613737868,3.0679577887238474,8.7572772777487,0.0,0.0,1.0,1.0,0.0,0.0,0.0,0.0,0.0,0.3831505904551021,0.4650820576993244,0.37489952651688796,0.0,0.0,0.4610893569969893,0.19882634286980072,0.0,0.0,0.0,0.0,0.0
plot_10605,2021-04-01 05:00:00,5,2.425952918567993,2.1470077546201933,7.008735288940919,1.0,0.0,0.0,1.0,1.0,0.0,1.0,1.0,0.0,0.40136634257345494,0.3408613344212399,0.3027684461377377,0.3052382731141095,0.0,0.0,0.3300858792969513,0.3089664497109555,0.0,0.38393265315231945,0.23260886043916396,0.0
plot_10646,2021-04-01 05:00:00,5,2.86918484506186,3.1291163875277044,9.258685146918737,1.0,0.0,0.0,0.0,0.0,0.0,1.0,2.0,0.0,0.35014521445754077,0.5363390792663728,0.43409754251239624,0.41504293964842326,0.0,0.0,0.0,0.0,0.0,0.3165972518123628,0.44011450572929917,0.0
plot_10604,2021-04-01 05:00:00,5,2.3732913705620273,1.6698289538145725,6.0004564748767395,1.0,0.0,0.0,0.0,0.0,2.0,1.0,4.0,0.0,0.2895821378834144,0.16358475655582455,0.2351824169851666,0.4491665221324766,0.0,0.0,0.0,0.0,0.58861101204636,0.43829327564158493,0.9999999999998412,0.0
plot_10552,2021-04-01 05:00:00,5,3.6585525097019973,4.233111775712144,10.981570477161217,1.0,0.0,2.0,0.0,1.0,1.0,0.0,1.0,1.0,0.5425917212312238,0.780289241770143,0.5091412293621114,0.22892870483559094,0.0,0.5103250191165156,0.0,0.3582551979145189,0.1999999999999815,0.0,0.19099581141083977,0.3021631705137737
plot_10499,2021-04-01 05:00:00,5,1.7433623845256232,1.6498695041722953,5.176661340303145,0.0,0.0,0.0,0.0,1.0,1.0,0.0,1.0,0.0,0.20974328911357812,0.21362734158325758,0.1892635214597529,0.0,0.0,0.0,0.0,0.3165972518123628,0.2730107613410486,0.0,0.19882634286980072,0.0
plot_10500,2021-04-01 05:00:00,5,3.650901699608968,3.780018089414057,10.652083822921055,1.0,1.0,0.0,1.0,1.0,0.0,1.0,0.0,1.0,0.4959254393105312,0.6295215202975705,0.5443706264278848,0.3614628360803445,0.41504293964842326,0.0,0.26089976707451573,0.3089664497109555,0.0,0.26090755714373615,0.0,0.3947329762992079
plot_10549,2021-04-01 05:00:00,5,2.4929455819750093,2.1782680320981105,8.977630178459142,0.0,0.0,0.0,1.0,0.0,0.0,0.0,0.0,0.0,0.3237767597879216,0.26547554529218287,0.37959282778335696,0.0,0.0,0.0,0.2651017904930565,0.0,0.0,0.0,0.0,0.0
plot_19877,2021-04-01 05:00:00,5,2.7196348615108317,2.3590442411104675,8.92514644435622,0.0,1.0,2.0,1.0,0.0,0.0,1.0,0.0,1.0,0.29521858317647165,0.2733039378380983,0.35621909928624645,0.0,0.2694999132795104,0.36887148559764726,0.3101451472522034,0.0,0.0,0.1565445342862513,0.0,0.3947329762992079
plot_11486,2021-04-01 05:00:00,5,2.532738170623493,2.750167129357521,8.563076901350076,0.0,2.0,1.0,2.0,2.0,0.0,0.0,0.0,0.0,0.3254787100793966,0.3837896223311256,0.41347161888020445,0.0,0.4491665221325275,0.3073929046646854,0.3101451472522339,0.4273834248927332,0.0,0.0,0.0,0.0
plot_10648,2021-04-01 06:00:00,6,3.212244325908867,3.035876777199449,10.012492927305935,0.0,1.0,2.0,0.0,0.0,0.0,0.0,1.0,0.0,0.5580814321818969,0.5618637376281266,0.59382485366149,0.0,0.3165972518123628,0.3373820610606562,0.0,0.0,0.0,0.0,0.2879494898642559,0.0
plot_10810,2021-04-01 06:00:00,6,2.7665184316561895,2.639508938343819,8.717144408630512,2.0,0.0,0.0,1.0,1.0,2.0,0.0,1.0,1.0,0.4503221917284551,0.4445731113408955,0.5285233517951011,0.714449095481272,0.0,0.0,0.4634496745663909,0.16251805531619884,0.4286694572888021,0.0,0.49999999999985234,0.3073929046646854
plot_10650,2021-04-01 06:00:00,6,3.3347545433381427,3.1798476895444296,8.791003711303492,0.0,0.0,2.0,0.0,2.0,1.0,1.0,0.0,1.0,0.5835547124010259,0.6126331805944399,0.48766078530385965,0.0,0.0,0.4755008419207538,0.0,0.3802628877265524,0.2651017904930565,0.4999999999998844,0.0,0.4429299186487171
plot_10846,2021-04-01 06:00:00,6,2.6087690161937487,2.532892423900228,8.120257710110932,0.0,1.0,1.0,0.0,0.0,0.0,0.0,0.0,0.0,0.37469742037245224,0.3709771492040923,0.4231984104577303,0.0,0.38393265315231945,0.14265025257623737,0.0,0.0,0.0,0.0,0.0,0.0
plot_10849,2021-04-01 06:00:00,6,3.721226992602694,3.4270152126076137,9.149532034059831,0.0,0.0,1.0,0.0,1.0,0.0,0.0,1.0,0.0,0.5839255679358537,0.6719476255996143,0.4826046398033013,0.0,0.0,0.2555259723463103,0.0,0.2919906787604788,0.0,0.0,0.2136917124463666,0.0
plot_10847,2021-04-01 06:00:00,6,3.714765007438488,3.5484846533034875,9.240004175189188,1.0,0.0,0.0,0.0,0.0,1.0,0.0,1.0,0.0,0.5826549156771745,0.5603763524795995,0.4034357442620641,0.357224547740636,0.0,0.0,0.0,0.0,0.3300858792969513,0.0,0.3089664497109555,0.0
plot_10605,2021-04-01 06:00:00,6,3.82143046725248,3.006234534212677,9.627776206051896,0.0,0.0,0.0,0.0,2.0,1.0,0.0,0.0,2.0,0.741313879582767,0.5409861103661311,0.4915366387372559,0.0,0.0,0.0,0.0,0.4699538975109037,0.38199162282163324,0.0,0.0,0.5394328957805347
plot_10646,2021-04-01 06:00:00,6,3.9913181576233168,2.978658161222847,10.308484465899966,1.0,0.0,1.0,1.0,2.0,1.0,1.0,1.0,0.0,0.5510633342285418,0.5012135746185246,0.5029219534457631,0.3300858792969513,0.0,0.17831281572029145,0.26090755714373615,0.3597438475967651,0.39765268573955126,0.40448202584117815,0.23650996403270116,0.0
plot_10604,2021-04-01 06:00:00,6,2.934286539156622,2.7134665566148737,7.821047455065032,1.0,0.0,1.0,1.0,3.0,0.0,1.0,0.0,0.0,0.4022471842715047,0.3912561877927902,0.35989200575077757,0.357224547740636,0.0,0.25303654579547447,0.2686913984359034,0.8929211499824814,0.0,0.5599598576084402,0.0,0.0
plot_10552,2021-04-01 06:00:00,6,3.107285832523476,2.878590416585793,9.01908985932013,1.0,1.0,2.0,1.0,3.0,0.0,0.0,0.0,0.0,0.4409838281542791,0.48150984350453874,0.39207838061073846,0.18206822864154545,0.3165972518123628,0.3373820610606562,0.23172483728322718,0.8173869366122558,0.0,0.0,0.0,0.0
plot_10499,2021-04-01 06:00:00,6,3.738198574710048,2.4369216790930714,8.688154016201878,2.0,2.0,2.0,1.0,1.0,0.0,0.0,1.0,2.0,0.6596938777557992,0.39706114443703605,0.45353403755227223,0.6202902945044068,0.37075973965317366,0.3566256314405829,0.21495311874872955,0.2407803704409547,0.0,0.0,0.2136917124463666,0.5797639165184887
plot_10500,2021-04-01 06:00:00,6,3.3961192358865593,3.078175345910051,11.454516453448223,1.0,1.0,2.0,0.0,3.0,1.0,0.0,0.0,2.0,0.44949219435112125,0.4681466452895901,0.6043367268483733,0.2874733351248409,0.354764946049027,0.3721852892560744,0.0,0.7049308462663555,0.2499999999999603,0.0,0.0,0.6666666666665451
plot_10549,2021-04-01 06:00:00,6,3.4673152369891223,3.589380123365885,10.158750140015883,2.0,1.0,1.0,1.0,2.0,1.0,0.0,0.0,0.0,0.518753364256312,0.5162644360115114,0.45037192118728653,0.530203580986113,0.2849222832618101,0.25303654579547447,0.2849222832618101,0.40869346830614955,0.21560500134364052,0.0,0.0,0.0
plot_19877,2021-04-01 06:00:00,6,3.5222181170233338,3.8296904717112814,11.369544937990037,0.0,0.0,1.0,0.0,0.0,0.0,0.0,0.0,0.0,0.4190157730395594,0.5150069832563993,0.49166574541261737,0.0,0.0,0.12193270701570899,0.0,0.0,0.0,0.0,0.0,0.0
plot_11486,2021-04-01 06:00:00,6,3.9561178715587397,4.163216723150086,12.697433127677233,0.0,1.0,1.0,6.0,2.0,5.0,1.0,2.0,2.0,0.6023597820871515,0.6657597627148899,0.696553258400055,0.0,0.19196632657618148,0.20322117835950132,0.9999999999999015,0.3250361106323977,0.999999999999873,0.24525458835265557,0.37075973965317366,0.39545667582047295
plot_10648,2021-04-01 07:00:00,7,2.7052266164626504,2.6244551821491373,10.206511968802234,0.0,1.0,0.0,0.0,0.0,1.0,0.0,0.0,1.0,0.443905400847087,0.4627611534399909,0.609040427990219,0.0,0.2407803704409547,0.0,0.0,0.0,0.3101451472522034,0.0,0.0,0.391361335715574
plot_10810,2021-04-01 07:00:00,7,3.5708517618870297,4.111217112197701,12.287815409316437,0.0,2.0,0.0,2.0,0.0,1.0,2.0,0.0,0.0,0.6379554664491512,0.798066354983241,0.8348442041168043,0.0,0.3597438475967651,0.0,0.8624200053744441,0.0,0.21433472864440106,0.5749466702496818,0.0,0.0
plot_10650,2021-04-01 07:00:00,7,3.9787967527929724,3.436013186148805,13.01867652773634,0.0,1.0,3.0,0.0,1.0,0.0,0.0,0.0,1.0,0.7271651511746946,0.676053518385297,0.7996501236789146,0.0,0.1984269222183445,0.9999999999998032,0.0,0.23260886043916396,0.0,0.0,0.0,0.4105514533070443
plot_10846,2021-04-01 07:00:00,7,3.8866198276631008,3.8539670148684206,9.704142317645765,0.0,2.0,5.0,3.0,1.0,1.0,3.0,2.0,1.0,0.6473337814457827,0.6396218083717286,0.5375198738160619,0.0,0.5839813575209576,0.9999999999998819,0.9999999999997884,0.2499999999999603,0.2874733351248409,0.4951288189454789,0.7563013538895023,0.38393265315231945
plot_10849,2021-04-01 07:00:00,7,2.8556697698468625,3.2655432968043145,9.099511929498581,1.0,1.0,0.0,1.0,2.0,0.0,1.0,0.0,0.0,0.40071310610771577,0.6311721925071803,0.47869174328510616,0.33333333333327253,0.14599533938025597,0.0,0.2651017904930565,0.714449095481272,0.0,0.21560500134364052,0.0,0.0
plot_10847,2021-04-01 07:00:00,7,3.520688401862096,3.4050195332163136,12.354179721147155,1.0,2.0,2.0,0.0,1.0,0.0,0.0,1.0,1.0,0.5440886851615788,0.5319254822951941,0.5875290523982967,0.4142118057493797,0.40869346830614955,0.8547668497853584,0.0,0.357224547740636,0.0,0.0,0.33333333333327253,0.3333333333332677
plot_10605,2021-04-01 07:00:00,7,4.131029029979198,3.553231608339261,12.209547608374606,0.0,0.0,0.0,0.0,1.0,0.0,0.0,0.0,0.0,0.8167341319256204,0.6683886419236464,0.6776186194109968,0.0,0.0,0.0,0.0,0.2874733351248409,0.0,0.0,0.0,0.0
plot_10646,2021-04-01 07:00:00,7,3.41680913912956,2.7874428730573273,11.182342792174762,0.0,2.0,4.0,2.0,2.0,2.0,3.0,0.0,2.0,0.4481974175900256,0.4565730544013806,0.5602117453685143,0.0,0.5952807666549876,0.9999999999998523,0.4855152763774358,0.44011450572929917,0.7953053714791025,0.8837199115470676,0.0,0.9999999999997047
plot_10604,2021-04-01 07:00:00,7,3.5364266742350305,4.093012202192534,10.948752524367455,1.0,2.0,2.0,1.0,1.0,1.0,1.0,1.0,1.0,0.5231754026386841,0.6922065662983536,0.5741382682102789,0.4142118057493797,0.5070171836353783,0.709529892098054,0.2499999999999603,0.3641364572830488,0.21433472864440106,0.40780359754061,0.28988195825924434,0.23172483728322718
plot_10552,2021-04-01 07:00:00,7,5.388408658613469,4.885484327957981,17.540245461433095,0.0,1.0,0.0,1.0,0.0,1.0,3.0,2.0,0.0,0.8614338459116023,0.9241891347409895,0.9003691328192466,0.0,0.2407803704409547,0.0,0.21560500134364052,0.0,0.1456545829132397,0.749999999999881,0.4429299186487708,0.0
plot_10499,2021-04-01 07:00:00,7,4.46934880431053,3.6219017719101556,13.531395154595028,1.0,0.0,0.0,0.0,0.0,0.0,0.0,0.0,0.0,0.8246104146691472,0.6732377584630895,0.8180302656060853,0.35962193052033875,0.0,0.0,0.0,0.0,0.0,0.0,0.0,0.0
plot_10500,2021-04-01 07:00:00,7,3.995247679394122,3.7628035088457703,11.759546314099817,0.0,0.0,2.0,0.0,0.0,0.0,0.0,1.0,0.0,0.5586813330896752,0.6255633675443587,0.6271317261532547,0.0,0.0,0.5218151142874723,0.0,0.0,0.0,0.0,0.38274376433736,0.0
plot_10549,2021-04-01 07:00:00,7,4.902118037519143,3.8139900399090716,14.225412480404849,2.0,0.0,0.0,1.0,0.0,1.0,0.0,0.0,0.0,0.8058651156224083,0.5561830733493993,0.694068313595439,0.6147858093293708,0.0,0.0,0.2651017904930565,0.0,0.21560500134364052,0.0,0.0,0.0
plot_19877,2021-04-01 07:00:00,7,4.544562474412153,4.549621321601439,14.821408911983244,2.0,1.0,1.0,1.0,1.0,2.0,4.0,1.0,2.0,0.576710763120434,0.6333287626811813,0.6829370947361808,0.46108935699704745,0.17519440725630317,0.17095336995709756,0.3101451472522034,0.33333333333326276,0.5749466702496818,0.5826183316529588,0.21111317862164566,0.617932899421911
plot_11486,2021-04-01 07:00:00,7,3.577422646677851,4.124857754540598,13.245550213104492,0.0,1.0,0.0,0.0,0.0,0.0,2.0,0.0,0.0,0.5286945894752693,0.6581053365636013,0.734083136015229,0.0,0.14599533938025597,0.0,0.0,0.0,0.0,0.3572245477406765,0.0,0.0
plot_10648,2021-04-01 08:00:00,8,4.164515771840356,3.463174796208022,11.77451597331834,2.0,1.0,0.0,3.0,1.0,0.0,2.0,0.0,0.0,0.772524778882101,0.6647906097507296,0.7320081598914951,0.6666666666665255,0.2945733038490225,0.0,0.5952807666550335,0.28940260798026574,0.0,0.7421152666290225,0.0,0.0
plot_10810,2021-04-01 08:00:00,8,3.474368921443951,3.7587387202085014,10.235923222318323,2.0,1.0,1.0,0.0,1.0,1.0,1.0,1.0,2.0,0.6154481419031279,0.7134036940619387,0.6588164033273269,0.714449095481272,0.22005725286464958,0.22652198243751695,0.0,0.18552881665727905,0.24852708344965038,0.2682470889743152,0.49999999999985234,0.5698445665236203
plot_10650,2021-04-01 08:00:00,8,5.202364902533507,4.204016647787401,14.23220760503123,0.0,3.0,0.0,1.0,3.0,3.0,1.0,1.0,2.0,1.0,0.8661924699900521,0.8892050098638528,0.0,0.7282729145661537,0.0,0.17623271156659692,0.65115586795563,0.922178713994056,0.3397829736562492,0.391361335715574,0.8211029066140886
plot_10846,2021-04-01 08:00:00,8,3.2487152172165112,3.581714286779289,9.80096413248712,1.0,0.0,0.0,1.0,0.0,0.0,0.0,0.0,1.0,0.5112333930881784,0.5842583627003064,0.5445082689965043,0.38199162282163324,0.0,0.0,0.2724623122040853,0.0,0.0,0.0,0.0,0.38393265315231945
plot_10849,2021-04-01 08:00:00,8,4.503087719629505,4.658792497614462,13.00817196613775,1.0,0.0,1.0,3.0,0.0,0.0,0.0,0.0,0.0,0.7494219959469788,0.9830001824464722,0.7844524445536535,0.2874733351248409,0.0,0.3110399657969053,0.650072221264768,0.0,0.0,0.0,0.0,0.0
plot_10847,2021-04-01 08:00:00,8,4.095403993113528,4.584231110293111,11.154236811278118,0.0,0.0,0.0,1.0,0.0,0.0,0.0,0.0,0.0,0.6582941758608958,0.765777414241957,0.5165948816707902,0.0,0.0,0.0,0.16251805531619884,0.0,0.0,0.0,0.0,0.0
plot_10605,2021-04-01 08:00:00,8,4.354036635894336,4.6895853233486,15.849120018732346,1.0,0.0,0.0,0.0,1.0,1.0,2.0,0.0,0.0,0.87106025593719,0.933059783479833,0.9399419383212492,0.2427576381887179,0.0,0.0,0.0,0.2682470889743152,0.4429299186487171,0.6666666666665155,0.0,0.0
plot_10646,2021-04-01 08:00:00,8,3.433310669092352,3.7230219476943462,11.352732161689259,3.0,1.0,3.0,1.0,1.0,1.0,1.0,1.0,2.0,0.4511520187379952,0.6749904047960749,0.5713824022494156,0.990257637890854,0.3641364572830488,0.65115586795563,0.1984269222183445,0.20533980121318812,0.4610893569969893,0.2748722110617023,0.23650996403270116,0.9999999999997047
plot_10604,2021-04-01 08:00:00,8,5.910688292743877,4.384832284653637,14.479355709010942,0.0,0.0,1.0,0.0,0.0,0.0,0.0,0.0,0.0,1.0,0.7558676452584625,0.8159828538655962,0.0,0.0,0.3080097018197607,0.0,0.0,0.0,0.0,0.0,0.0
plot_10552,2021-04-01 08:00:00,8,6.140189854153784,4.377667991215705,14.439323930804072,0.0,0.0,1.0,2.0,0.0,0.0,0.0,1.0,1.0,1.0,0.812175353268277,0.7153977731890871,0.0,0.0,0.20533980121318812,0.35246542313319384,0.0,0.0,0.0,0.20527572665354704,0.23650996403270116
plot_10499,2021-04-01 08:00:00,8,4.940104957395395,3.9373750174339612,14.112617060802835,0.0,1.0,0.0,1.0,2.0,2.0,3.0,3.0,1.0,0.9307930722877157,0.7467633250888096,0.8617722942231612,0.0,0.17248400107491715,0.0,0.163477387322465,0.5497444221234046,0.46108935699704745,0.5497444221234388,0.6410751373390998,0.2686913984359034
plot_10500,2021-04-01 08:00:00,8,3.024977853345789,2.9087835664223407,10.584333650037301,1.0,1.0,2.0,2.0,1.0,0.0,0.0,2.0,0.0,0.3818529287662428,0.42919835167935255,0.5393076298396434,0.2874733351248409,0.3300858792969513,0.4530439648750339,0.4265121227438693,0.2682470889743152,0.0,0.0,0.709529892098054,0.0
plot_10549,2021-04-01 08:00:00,8,5.3743846758405756,6.31121162619881,19.33062087327023,1.0,2.0,1.0,0.0,0.0,0.0,2.0,0.0,0.0,0.9003682080265746,1.0,1.0,0.2651017904930565,0.530203580986113,0.3080097018197607,0.0,0.0,0.0,0.5346659758372988,0.0,0.0
plot_19877,2021-04-01 08:00:00,8,6.37485893829272,5.112923999381216,17.90555549260357,0.0,3.0,4.0,2.0,3.0,0.0,4.0,1.0,0.0,0.8590310797834958,0.7259084530775812,0.8538328433610843,0.0,0.6430041859332032,0.5936922133033079,0.5070171836353783,0.933119897390716,0.0,0.5436527578500742,0.19568066785780963,0.0
plot_11486,2021-04-01 08:00:00,8,4.629551232705625,3.298107693338966,11.571342052207616,0.0,0.0,1.0,2.0,4.0,2.0,3.0,0.0,1.0,0.7333585246135615,0.49312964721526864,0.6194491845269137,0.0,0.0,0.24737175554302832,0.2535085918177141,0.7421152666291162,0.4638111332148057,0.4999999999999433,0.0,0.1832742677141551
plot_10648,2021-04-01 09:00:00,9,4.098845557978856,3.722387694701633,13.211296173429082,1.0,0.0,0.0,1.0,2.0,1.0,0.0,0.0,0.0,0.757736411028434,0.7272294034471867,0.8446849145039957,0.2908731617995266,0.0,0.0,0.21183504531285846,0.5412773975882834,0.28940260798026574,0.0,0.0,0.0
plot_10810,2021-04-01 09:00:00,9,5.058799374886546,4.951933027684782,14.212976580962696,1.0,0.0,2.0,2.0,1.0,2.0,1.0,1.0,0.0,0.9850609173196458,1.0,1.0,0.3117211010212402,0.0,0.4855152763774358,0.752564501287447,0.1734997409987638,0.39999999999994557,0.2874733351248409,0.43410391197035586,0.0
plot_10650,2021-04-01 09:00:00,9,3.881999826563867,3.5074976445280965,11.111338718834093,0.0,3.0,0.0,1.0,0.0,2.0,1.0,1.0,0.0,0.7055810859633923,0.6937513292041086,0.6588944202706182,0.0,0.6795659473125508,0.0,0.1881411253218875,0.0,0.49474351108605663,0.3641364572830488,0.3397829736562492,0.0
plot_10846,2021-04-01 09:00:00,9,4.943095985206108,5.626146196000378,16.111645612608807,3.0,1.0,5.0,2.0,1.0,1.0,0.0,3.0,1.0,0.8727386664041925,1.0,1.0,0.9999999999997575,0.33333333333325776,0.9304354417566834,0.5817463235990532,0.2181548713496565,0.2682470889743152,0.0,0.9129403645570322,0.38393265315231945
plot_10849,2021-04-01 09:00:00,9,5.686902396358676,4.176902011029429,15.763601661559717,2.0,6.0,3.0,1.0,0.0,0.0,2.0,0.0,3.0,1.0,0.8613115705545769,1.0,0.5017096675250104,0.9999999999998866,0.9999999999997884,0.231332987998342,0.0,0.0,0.43121000268728105,0.0,0.9268993491328664
plot_10847,2021-04-01 09:00:00,9,3.4290175084168815,3.459604906262619,10.313588577255228,1.0,1.0,2.0,2.0,1.0,1.0,1.0,2.0,3.0,0.5258721628884337,0.5427504226121445,0.46690027964971176,0.3117211010212402,0.23327997434769135,0.7953053714791025,0.3469994819975276,0.3117211010212402,0.3080097018197607,0.3300858792969513,0.5364941779486304,0.9999999999998032
plot_10605,2021-04-01 09:00:00,9,4.20812859266502,4.697147776932329,16.68238815979429,1.0,2.0,1.0,0.0,2.0,0.0,0.0,1.0,2.0,0.8355160940318888,0.9348211744943862,1.0,0.21183504531285846,0.49474351108605663,0.18608708835133667,0.0,0.5017096675250104,0.0,0.0,0.21705195598521,0.49999999999992617
plot_10646,2021-04-01 09:00:00,9,3.8309916432619815,4.090466227346531,11.105734265164758,0.0,2.0,0.0,1.0,0.0,1.0,0.0,1.0,1.0,0.5223568503782519,0.7607727915071657,0.55518932189328,0.0,0.6795659473124984,0.0,0.21183504531285846,0.0,0.37105763331451125,0.0,0.20533980121318812,0.49999999999985234
plot_10604,2021-04-01 09:00:00,9,4.042450879557942,5.2520313115713035,13.543273630608896,2.0,0.0,1.0,0.0,2.0,5.0,2.0,1.0,3.0,0.6248005925828806,0.9450486819477165,0.7518616908373668,0.6234422020424804,0.0,0.3300858792969513,0.0,0.6355051359385264,0.9999999999998639,0.81560719508122,0.23327997434769135,0.6951745118496815
plot_10552,2021-04-01 09:00:00,9,2.561777420824564,3.1693781121883884,9.576387962025564,1.0,0.0,0.0,0.0,0.0,0.0,0.0,0.0,0.0,0.34043728205762963,0.5456515952235537,0.4253214623071081,0.15887628398464998,0.0,0.0,0.0,0.0,0.0,0.0,0.0,0.0
plot_10499,2021-04-01 09:00:00,9,3.8414623125826934,3.6558947423367627,10.78673926366923,2.0,5.0,4.0,1.0,1.0,1.0,0.0,0.0,2.0,0.6829858051179638,0.6811603079894615,0.6114709201261199,0.5412773975882834,0.8047412669230045,0.9304354417566558,0.17452389707973073,0.2570504048169479,0.18552881665727905,0.0,0.0,0.5373827968718068
plot_10500,2021-04-01 09:00:00,9,4.539314710127631,3.8276570249130404,13.563065604647377,1.0,1.0,3.0,0.0,2.0,1.0,2.0,1.0,0.0,0.6578357150015804,0.6404751524791615,0.7619094193487728,0.2508548337625052,0.3080097018197607,0.7282729145661537,0.0,0.5017096675250104,0.23327997434769135,0.4855152763774358,0.3080097018197607,0.0
plot_10549,2021-04-01 09:00:00,9,5.7945878805978825,4.798773219215248,15.401324287646677,0.0,1.0,0.0,1.0,0.0,0.0,1.0,2.0,0.0,0.9844531275729749,0.7312029620354668,0.7645353062367742,0.0,0.24737175554302832,0.0,0.231332987998342,0.0,0.0,0.2864937171162423,0.5788052159605315,0.0
plot_19877,2021-04-01 09:00:00,9,5.1934403929543,5.163016374688792,15.544403060950204,0.0,0.0,0.0,0.0,1.0,0.0,0.0,0.0,0.0,0.6767991493756791,0.734141214575315,0.7229989475402983,0.0,0.0,0.0,0.0,0.2908731617995266,0.0,0.0,0.0,0.0
plot_11486,2021-04-01 09:00:00,9,4.018614771812679,3.8967509680835812,13.327666494297105,0.0,0.0,0.0,1.0,1.0,0.0,1.0,0.0,0.0,0.6145169097517531,0.6125872578759707,0.7397056828493049,0.0,0.0,0.0,0.13531934939708418,0.1734997409987638,0.0,0.17861227387033826,0.0,0.0
plot_10648,2021-04-01 10:00:00,10,4.83191618029204,4.587575020650956,15.191772451669427,1.0,0.0,0.0,0.0,1.0,1.0,0.0,1.0,1.0,0.922817615855141,0.9356343604060346,1.0,0.33333333333326276,0.0,0.0,0.0,0.28940260798026574,0.3333333333332677,0.0,0.23379082576594337,0.4222263572432425
plot_10810,2021-04-01 10:00:00,10,2.6241083577166484,2.9405900309741164,9.475125965953596,0.0,0.0,1.0,2.0,0.0,1.0,1.0,1.0,1.0,0.4171010537721009,0.5168905272009723,0.5935491009158508,0.0,0.0,0.2427576381887179,0.8047412669228722,0.0,0.23035959189141256,0.2682470889743152,0.4059580481911726,0.3073929046646854
plot_10650,2021-04-01 10:00:00,10,4.029379868954058,4.333998827770101,12.183788375750138,0.0,0.0,0.0,0.0,1.0,1.0,0.0,0.0,0.0,0.7384443241850815,0.898372891907006,0.7380379286332422,0.0,0.0,0.0,0.0,0.21705195598521,0.2849222832618101,0.0,0.0,0.0
plot_10846,2021-04-01 10:00:00,10,4.914430183862044,4.569821262857723,11.598404758740202,0.0,2.0,0.0,0.0,0.0,3.0,1.0,1.0,0.0,0.8666226631152719,0.7851930136462544,0.6742437571219858,0.0,0.714449095481272,0.0,0.0,0.0,0.9268993491328664,0.15400485090989646,0.284582775606515,0.0
plot_10849,2021-04-01 10:00:00,10,2.6737216907302415,2.870658306177222,9.46163416659462,1.0,1.0,1.0,1.0,0.0,0.0,0.0,0.0,0.0,0.362200163666173,0.5314545020690733,0.5070192898410928,0.2874733351248409,0.17861227387033826,0.33333333333326276,0.24737175554302832,0.0,0.0,0.0,0.0,0.0
plot_10847,2021-04-01 10:00:00,10,4.501585633967307,3.5946068798898154,13.53822130413133,1.0,2.0,1.0,1.0,2.0,1.0,2.0,0.0,1.0,0.7390091839673403,0.569522948393826,0.657523222208453,0.357224547740636,0.4999999999999206,0.39765268573955126,0.18552881665727905,0.6666666666665155,0.354764946049027,0.6160194036395213,0.0,0.35962193052033875
plot_10605,2021-04-01 10:00:00,10,4.2466678069522725,3.9562618693298406,11.020609700385641,1.0,1.0,1.0,1.0,1.0,0.0,2.0,1.0,0.0,0.8449045008805524,0.7622594832375131,0.591925548127598,0.2427576381887179,0.2651017904930565,0.18608708835133667,0.3080097018197607,0.2682470889743152,0.0,0.6666666666665155,0.20297902409561627,0.0
plot_10646,2021-04-01 10:00:00,10,3.74865596831609,3.2410281572685213,9.639435182284812,0.0,0.0,0.0,1.0,0.0,0.0,1.0,0.0,1.0,0.5076146367615441,0.5624656493099085,0.45905935799762543,0.0,0.0,0.0,0.22652198243751695,0.0,0.0,0.2748722110617023,0.0,0.539432895780455
plot_10604,2021-04-01 10:00:00,10,3.361433424065788,4.043967690948974,12.69906812307326,1.0,0.0,0.0,0.0,1.0,0.0,1.0,1.0,0.0,0.48803138758894316,0.6815074174375059,0.6940340278289823,0.357224547740636,0.0,0.0,0.0,0.3397829736562492,0.0,0.3805296510927394,0.2181548713496565,0.0
plot_10552,2021-04-01 10:00:00,10,5.738892911741147,4.432880147275124,19.21049052950073,3.0,2.0,0.0,0.0,3.0,0.0,1.0,6.0,0.0,0.9260340983687583,0.8243540130237936,1.0,0.5462046859246363,0.589146607698045,0.0,0.0,0.933119897390716,0.0,0.23327997434769135,0.9999999999998788,0.0
plot_10499,2021-04-01 10:00:00,10,3.697809512692139,3.3493573138877806,13.397500169514261,2.0,1.0,1.0,1.0,0.0,1.0,0.0,1.0,1.0,0.650583815326069,0.6097173617539404,0.8079534976685192,0.6202902945044068,0.17248400107491715,0.23260886043916396,0.186623979478159,0.0,0.2136917124463666,0.0,0.1734997409987638,0.28988195825924434
plot_10500,2021-04-01 10:00:00,10,3.492369114573267,3.565371968367634,11.705208975740938,0.0,0.0,1.0,2.0,1.0,0.0,3.0,1.0,0.0,0.46703341021455946,0.5801678847781963,0.6230710758697912,0.0,0.0,0.2427576381887179,0.4869015277637707,0.2682470889743152,0.0,0.6795659473125508,0.2880393701295043,0.0
plot_10549,2021-04-01 10:00:00,10,5.55291176084249,3.593181319928485,14.80987144545575,3.0,0.0,1.0,0.0,0.0,1.0,0.0,1.0,2.0,0.9360924371835354,0.5169400009614823,0.7290922544520295,0.7953053714791695,0.0,0.3300858792969513,0.0,0.0,0.23172483728322718,0.0,0.2706386987941417,0.76548752867472
plot_19877,2021-04-01 10:00:00,10,5.306772280559524,5.235035056329399,14.067340708833711,0.0,1.0,1.0,2.0,1.0,0.0,0.0,1.0,0.0,0.6942804126727146,0.7459775993681651,0.6411533964835654,0.0,0.21433472864440106,0.1590610742958446,0.5788052159605315,0.3110399657969053,0.0,0.0,0.15887628398464998,0.0
plot_11486,2021-04-01 10:00:00,10,3.264605411052476,3.1025442732542516,12.43926874177878,0.0,1.0,0.0,3.0,1.0,0.0,6.0,0.0,0.0,0.46784422643753154,0.45410550732841976,0.6788766012314267,0.0,0.17861227387033826,0.0,0.43410391197044135,0.18552881665727905,0.0,0.9999999999998866,0.0,0.0
plot_10648,2021-04-01 11:00:00,11,2.296766380911916,2.440741051984586,8.551853561728063,1.0,1.0,0.0,0.0,0.0,0.0,3.0,2.0,1.0,0.35192366572347084,0.41850838384738814,0.4792769893744604,0.2908731617995266,0.2748722110617023,0.0,0.0,0.0,0.0,0.97510833189707,0.5358368216109844,0.3641364572830488
plot_10810,2021-04-01 11:00:00,11,2.2745474538042414,2.5773516625104653,7.430506443504572,0.0,1.0,0.0,0.0,1.0,1.0,0.0,0.0,0.0,0.33555618344254773,0.4296434007904901,0.41814520773446706,0.0,0.20533980121318812,0.0,0.0,0.23054467849852373,0.21433472864440106,0.0,0.0,0.0
plot_10650,2021-04-01 11:00:00,11,4.112645734689225,3.3530109384470816,11.722014180191564,0.0,1.0,1.0,0.0,1.0,0.0,1.0,1.0,0.0,0.7570111934640669,0.6555041834575979,0.7039604037143314,0.0,0.22652198243751695,0.3333333333332677,0.0,0.26971644789026733,0.0,0.2976403833274938,0.3641364572830488,0.0
plot_10846,2021-04-01 11:00:00,11,3.0716518265401986,3.1418245666412883,7.7366423591773446,2.0,2.0,1.0,0.0,1.0,0.0,0.0,0.0,2.0,0.4734559639235117,0.4948054092139991,0.39550986037218805,0.666666666666505,0.6666666666665155,0.19999999999997636,0.0,0.28988195825924434,0.0,0.0,0.0,0.714449095481272
plot_10849,2021-04-01 11:00:00,11,2.673046583076027,2.447164316756695,8.601964379317582,1.0,2.0,1.0,1.0,0.0,2.0,0.0,0.0,1.0,0.3620572636567041,0.4245123707098326,0.4397703517003323,0.2508548337625052,0.3333333333332955,0.3582551979145189,0.3073929046646854,0.0,0.530203580986113,0.0,0.0,0.2874733351248409
plot_10847,2021-04-01 11:00:00,11,4.366174184335289,3.5992782272989206,11.410034593399113,0.0,1.0,0.0,0.0,0.0,0.0,1.0,0.0,1.0,0.7121006899453559,0.5704493331390654,0.5317162706964301,0.0,0.23327997434769135,0.0,0.0,0.0,0.0,0.269807885697555,0.0,0.3101451472522034
plot_10605,2021-04-01 11:00:00,11,3.9565320077703743,3.311803504595604,12.890584002484118,0.0,0.0,0.0,0.0,0.0,1.0,0.0,0.0,1.0,0.7742255061356396,0.6121569853737718,0.7267045303529137,0.0,0.0,0.0,0.0,0.0,0.38199162282163324,0.0,0.0,0.23260886043916396
plot_10646,2021-04-01 11:00:00,11,2.2408539826660774,2.2801494260059734,7.1113790898066735,1.0,0.0,0.0,0.0,0.0,1.0,1.0,2.0,0.0,0.23764248946626385,0.33814192059204856,0.29332104189720515,0.2880393701295043,0.0,0.0,0.0,0.0,0.39765268573955126,0.2407803704409547,0.44011450572929917,0.0
plot_10604,2021-04-01 11:00:00,11,4.156524696783744,3.50540284876788,11.598993523130915,1.0,2.0,1.0,1.0,0.0,3.0,3.0,2.0,1.0,0.647710115924425,0.5640185227251309,0.61867945754757,0.3117211010212402,0.5788052159605315,0.354764946049027,0.28988195825924434,0.0,0.6430041859332032,0.9999999999997411,0.4999999999999206,0.21560500134364052
plot_10552,2021-04-01 11:00:00,11,3.8564592759449265,4.071495791719793,9.706786542635118,1.0,0.0,2.0,4.0,1.0,1.0,1.0,1.0,0.0,0.579069328850346,0.7446400981652883,0.4330997961059319,0.15887628398464998,0.0,0.47301992806540233,0.9999999999998631,0.38650927767897203,0.1456545829132397,0.20434673415307478,0.19099581141083977,0.0
plot_10499,2021-04-01 11:00:00,11,3.172183971255886,3.2227387362064746,8.276581683586322,2.0,1.0,1.0,4.0,1.0,0.0,1.0,1.0,1.0,0.5320249467140237,0.5802070853629802,0.4225596221715318,0.5412773975882834,0.1609482533846009,0.24999999999996309,0.9276222664296114,0.34156594468265444,0.0,0.16052024696064646,0.19882634286980072,0.2499999999999603
plot_10500,2021-04-01 11:00:00,11,2.5690077133655893,2.819470267284456,10.158593612343816,1.0,0.0,2.0,0.0,0.0,4.0,1.0,1.0,0.0,0.2987539081564704,0.40866252279413984,0.5074919123798763,0.2508548337625052,0.0,0.5218151142874723,0.0,0.0,0.9999999999998412,0.1984269222183445,0.3300858792969513,0.0
plot_10549,2021-04-01 11:00:00,11,4.093816361593033,3.6565798198268573,10.556023011770728,1.0,0.0,0.0,0.0,0.0,0.0,3.0,0.0,2.0,0.6441196062593322,0.5282074541717355,0.47417865937814957,0.231332987998342,0.0,0.0,0.0,0.0,0.0,0.7025286653770592,0.0,0.6601717585939026
plot_19877,2021-04-01 11:00:00,11,4.571399775794631,4.2416687067001435,13.082473237316528,0.0,0.0,0.0,1.0,0.0,1.0,1.0,1.0,0.0,0.5808503741475017,0.5827162609677247,0.5865808723049667,0.0,0.0,0.0,0.35962193052033875,0.0,0.2874733351248409,0.11905615333101402,0.18206822864154545,0.0
plot_11486,2021-04-01 11:00:00,11,4.020628524195577,3.9420403573321976,11.554220316113819,2.0,6.0,0.0,1.0,2.0,0.0,1.0,0.0,0.0,0.6149086322964604,0.6216246303082097,0.6182768498611212,0.5412773975882834,0.9999999999998866,0.0,0.17981096526018706,0.46108935699704745,0.0,0.14599533938025597,0.0,0.0
plot_10648,2021-04-01 12:00:00,12,2.3387634773988206,1.810964521965073,6.37763950767615,0.0,1.0,0.0,1.0,0.0,1.0,1.0,0.0,0.0,0.3613810509688446,0.2668088077025372,0.30876838727611916,0.0,0.34156594468265444,0.0,0.2427576381887179,0.0,0.4258639049303585,0.39765268573955126,0.0,0.0
plot_10810,2021-04-01 12:00:00,12,3.300739692602645,2.190597829524298,8.839652097154909,1.0,1.0,1.0,2.0,1.0,1.0,3.0,1.0,1.0,0.5749442617700325,0.3367480365177061,0.5390330457875038,0.38393265315231945,0.2551625095582578,0.2814842381621834,0.8624200053744441,0.19882634286980072,0.29430550602318,0.8624200053745228,0.46521772087825924,0.2849222832618101
plot_10650,2021-04-01 12:00:00,12,2.12656565871307,1.910570490315927,6.373895393795616,0.0,1.0,2.0,3.0,1.0,0.0,1.0,1.0,0.0,0.3141491776467929,0.2983910605886117,0.3092855757018033,0.0,0.2814842381621834,0.7192438610406775,0.6468150040309216,0.23260886043916396,0.0,0.3641364572830488,0.3641364572830488,0.0
plot_10846,2021-04-01 12:00:00,12,3.5842466627958514,3.4448347845168854,10.213812816001912,0.0,0.0,0.0,0.0,1.0,0.0,0.0,0.0,0.0,0.5828208362602325,0.5564234868471801,0.574306819610889,0.0,0.0,0.0,0.0,0.2499999999999603,0.0,0.0,0.0,0.0
plot_10849,2021-04-01 12:00:00,12,2.6705049235636342,2.856965784893253,9.276886563900998,1.0,0.0,0.0,2.0,0.0,2.0,2.0,0.0,0.0,0.36151927069199663,0.5279968203867593,0.4925671358988798,0.3089664497109555,0.0,0.0,0.530203580986113,0.0,0.7280286969094324,0.43121000268728105,0.0,0.0
plot_10847,2021-04-01 12:00:00,12,3.355240582661329,2.9573731392297167,9.855224921510693,1.0,0.0,0.0,0.0,0.0,0.0,0.0,0.0,0.0,0.5112114678656084,0.4431517829033758,0.43980428571162067,0.38393265315231945,0.0,0.0,0.0,0.0,0.0,0.0,0.0,0.0
plot_10605,2021-04-01 12:00:00,12,2.222723490150996,1.9740938114547657,7.4782168574805095,0.0,0.0,0.0,0.0,0.0,0.0,0.0,1.0,0.0,0.35185831307968285,0.30058749175755906,0.33660647691190526,0.0,0.0,0.0,0.0,0.0,0.0,0.0,0.23260886043916396,0.0
plot_10646,2021-04-01 12:00:00,12,3.476528414040879,3.0728636029521845,8.553792730280177,0.0,0.0,0.0,1.0,1.0,0.0,2.0,1.0,0.0,0.4588901617541577,0.5232064809725563,0.3878850860272595,0.0,0.0,0.0,0.2427576381887179,0.22005725286464958,0.0,0.589146607698045,0.22005725286464958,0.0
plot_10604,2021-04-01 12:00:00,12,3.6704652937069597,3.889761363543349,12.647223421977436,0.0,0.0,1.0,0.0,0.0,0.0,0.0,0.0,1.0,0.5500944709765321,0.6478670281184247,0.6904826912444917,0.0,0.0,0.38274376433736,0.0,0.0,0.0,0.0,0.0,0.23172483728322718
plot_10552,2021-04-01 12:00:00,12,2.1598769334471046,2.0041604030444278,7.801357331840747,0.0,2.0,0.0,0.0,1.0,5.0,4.0,1.0,2.0,0.2663601367492502,0.2886286670572484,0.3194400893644453,0.0,0.6831318893653089,0.0,0.0,0.33333333333326276,0.9999999999999075,0.9999999999998412,0.19099581141083977,0.47301992806540233
plot_10499,2021-04-01 12:00:00,12,3.6933970370203553,2.64847537988678,9.74439559961067,3.0,0.0,1.0,2.0,0.0,0.0,2.0,1.0,1.0,0.6495885476265667,0.4463667700117148,0.5330254487921888,0.9999999999998032,0.0,0.26971644789026733,0.39999999999994923,0.0,0.0,0.39276440513205446,0.19882634286980072,0.2686913984359034
plot_10500,2021-04-01 12:00:00,12,2.391519716799267,2.737565365969132,8.518410391771072,1.0,0.0,0.0,1.0,1.0,0.0,0.0,0.0,2.0,0.266407319221299,0.3898301086463316,0.38492038678245694,0.3089664497109555,0.0,0.0,0.26089976707451573,0.2874733351248409,0.0,0.0,0.0,0.617932899421911
plot_10549,2021-04-01 12:00:00,12,3.5586110091333807,3.8078224144571955,11.081592456606572,2.0,1.0,2.0,2.0,3.0,0.0,1.0,0.0,0.0,0.5370221389081146,0.5550869365116384,0.5056736218180851,0.5698445665236203,0.3073929046646854,0.76548752867472,0.530203580986113,0.749999999999881,0.0,0.2864937171162423,0.0,0.0
plot_19877,2021-04-01 12:00:00,12,3.1520115485699947,3.1098924249110365,9.50078605593463,1.0,0.0,0.0,0.0,0.0,0.0,0.0,3.0,1.0,0.3619119990340646,0.3967070302305191,0.3881158849244489,0.2136917124463666,0.0,0.0,0.0,0.0,0.0,0.0,0.5462046859246363,0.3089664497109555
plot_11486,2021-04-01 12:00:00,12,3.2582396948157886,3.644326592967631,11.593184630316545,0.0,2.0,1.0,0.0,1.0,0.0,0.0,2.0,1.0,0.4666059438242885,0.5622166715919502,0.620944757836016,0.0,0.4142118057494267,0.3073929046646854,0.0,0.19882634286980072,0.0,0.0,0.3449680021498343,0.1832742677141551
plot_10648,2021-04-01 13:00:00,13,1.661719431754972,1.6795272079478147,5.64356059289567,0.0,0.0,0.0,0.0,0.0,0.0,1.0,0.0,0.0,0.20891654976846077,0.23514839503930574,0.25119964451326954,0.0,0.0,0.0,0.0,0.0,0.0,0.49999999999987377,0.0,0.0
plot_10810,2021-04-01 13:00:00,13,1.659634942424238,1.6710547679810326,5.209048845095991,0.0,0.0,0.0,1.0,1.0,0.0,0.0,1.0,1.0,0.1921106194699043,0.2119576974412597,0.22757072332794492,0.0,0.0,0.0,0.4999999999998631,0.2136917124463666,0.0,0.0,0.5849548331516152,0.33333333333327725
plot_10650,2021-04-01 13:00:00,13,2.343378429149806,2.5901591627105938,7.734378463827266,0.0,0.0,0.0,1.0,0.0,1.0,0.0,2.0,0.0,0.36249473114787617,0.4666406638077119,0.40968507001455823,0.0,0.0,0.0,0.24999999999996578,0.0,0.3073929046646854,0.0,0.915714819342258,0.0
plot_10846,2021-04-01 13:00:00,13,2.8748403712978634,2.62218730673277,7.837899459306179,0.0,0.0,0.0,0.0,1.0,0.0,0.0,0.0,0.0,0.4314651786978736,0.38913554353546875,0.4028183851265047,0.0,0.0,0.0,0.0,0.2686913984359034,0.0,0.0,0.0,0.0
plot_10849,2021-04-01 13:00:00,13,2.943384017044236,2.7020537765143144,7.902865927775181,1.0,1.0,1.0,0.0,1.0,0.0,0.0,0.0,0.0,0.41927957721319226,0.48887791725462143,0.38508234333029323,0.33333333333327253,0.27055424826218927,0.5049191047541299,0.0,0.38393265315231945,0.0,0.0,0.0,0.0
plot_10847,2021-04-01 13:00:00,13,2.5785812067891087,2.220343871829185,8.540727172558324,1.0,0.0,0.0,1.0,1.0,0.0,0.0,0.0,0.0,0.35687640809357024,0.29698995627835023,0.362098249050854,0.4142118057493797,0.0,0.0,0.23054467849852373,0.38393265315231945,0.0,0.0,0.0,0.0
plot_10605,2021-04-01 13:00:00,13,2.476155890744589,2.6679048009953483,7.923639149433515,0.0,0.0,0.0,0.0,0.0,1.0,0.0,1.0,0.0,0.41359611779131444,0.46218483966117757,0.3687104278071256,0.0,0.0,0.0,0.0,0.0,0.4429299186487171,0.0,0.2924774165758508,0.0
plot_10646,2021-04-01 13:00:00,13,2.606223722160135,2.292478399552145,6.066330100669063,2.0,0.0,0.0,0.0,1.0,0.0,0.0,0.0,0.0,0.3030619902141717,0.3410202040082161,0.22480806063169478,0.76548752867472,0.0,0.0,0.0,0.23650996403270116,0.0,0.0,0.0,0.0
plot_10604,2021-04-01 13:00:00,13,1.957150146008095,2.5831077828149422,6.36220955475608,0.0,0.0,0.0,0.0,0.0,0.0,1.0,0.0,1.0,0.20600820892103014,0.36281818543862887,0.2599623254420238,0.0,0.0,0.0,0.0,0.0,0.0,0.5127635398489478,0.0,0.2710971270602707
plot_10552,2021-04-01 13:00:00,13,1.6034644180527953,1.6214941583361977,5.765911926413293,3.0,0.0,0.0,0.0,0.0,1.0,0.0,1.0,1.0,0.16380377752902778,0.20422040759338383,0.1980248583190779,0.633339535864937,0.0,0.0,0.0,0.0,0.16889054289732042,0.0,0.24015405686947527,0.2766952930989682
plot_10499,2021-04-01 13:00:00,13,2.2735913920847666,2.467377095633175,7.264514819194395,0.0,0.0,0.0,1.0,0.0,0.0,0.0,0.0,0.0,0.32934050478488625,0.4041592162694522,0.3463927446471358,0.0,0.0,0.0,0.23190556660740286,0.0,0.0,0.0,0.0,0.0
plot_10500,2021-04-01 13:00:00,13,2.0401791791521218,1.899393330303484,6.632237090937175,3.0,2.0,1.0,1.0,1.0,1.0,2.0,0.0,2.0,0.20237669085546683,0.19710900588842253,0.24396592747296583,0.9999999999998175,0.9999999999997905,0.36771890803950114,0.3025205415558134,0.3089664497109555,0.28988195825924434,0.610476546228219,0.0,0.722925672160689
plot_10549,2021-04-01 13:00:00,13,2.4614247493162003,2.43604727670556,8.504697680215637,2.0,2.0,2.0,2.0,1.0,1.0,2.0,1.0,1.0,0.31746927177225476,0.31128917782047294,0.3512521557462747,0.6147858093293708,0.803129752346996,0.9999999999997905,0.6147858093293708,0.2686913984359034,0.24999999999996578,0.7204621706083821,0.3899698887677819,0.41504293964842326
plot_19877,2021-04-01 13:00:00,13,2.967195647701319,3.112203031138799,9.383891468338009,0.0,0.0,0.0,0.0,0.0,0.0,1.0,0.0,0.0,0.3334044404569213,0.3970867820364885,0.38163863504824286,0.0,0.0,0.0,0.0,0.0,0.0,0.18314296386847698,0.0,0.0
plot_11486,2021-04-01 13:00:00,13,2.262819833649323,2.843198403970302,8.620543916050925,0.0,0.0,0.0,0.0,0.0,1.0,0.0,0.0,0.0,0.27297319911359247,0.4023537560160877,0.4174064169114519,0.0,0.0,0.0,0.0,0.0,0.23190556660740286,0.0,0.0,0.0
plot_10648,2021-04-01 14:00:00,14,2.218480400461079,2.7388482491653763,8.30209533196633,1.0,2.0,1.0,2.0,2.0,1.0,1.0,1.0,3.0,0.3342943356418965,0.4903159747981881,0.45969017521517125,0.38650927767897203,0.6331945036247256,0.2551625095582578,0.5218151142874723,0.6202902945044068,0.35962193052033875,0.4273834248926792,0.2879494898642559,0.8929211499824814
plot_10810,2021-04-01 14:00:00,14,2.314133418365846,2.197957244006438,6.250624078605353,2.0,0.0,0.0,0.0,0.0,0.0,0.0,0.0,1.0,0.34479071828588137,0.33851571257116414,0.3169254169484085,0.8284236114987594,0.0,0.0,0.0,0.0,0.0,0.0,0.0,0.21669074042158934
plot_10650,2021-04-01 14:00:00,14,2.4825908029897317,2.6622692542529625,8.172781362034883,1.0,1.0,0.0,0.0,0.0,0.0,1.0,1.0,0.0,0.3935367184530233,0.48449336615977623,0.4420378645879349,0.23054467849852373,0.26090755714373615,0.0,0.0,0.0,0.0,0.391361335715574,0.391361335715574,0.0
plot_10846,2021-04-01 14:00:00,14,2.6333299642495964,2.4236805485377,8.505832466651915,1.0,1.0,2.0,2.0,1.0,2.0,0.0,0.0,1.0,0.37993763107808043,0.34876857200912675,0.4510283863234616,0.4429299186487171,0.38393265315231945,0.43154631662444043,0.7165103958290377,0.2499999999999603,0.6666666666665451,0.0,0.0,0.2919906787604788
plot_10849,2021-04-01 14:00:00,14,2.121417729426491,2.2531785229823766,5.959160834307517,0.0,1.0,0.0,0.0,1.0,1.0,1.0,0.0,0.0,0.2452940068372587,0.37552642342867815,0.23303314312690795,0.0,0.19196632657618148,0.0,0.0,0.357224547740636,0.3073929046646854,0.23172483728322718,0.0,0.0
plot_10847,2021-04-01 14:00:00,14,3.232184737897829,2.6722933403476383,8.889748789140013,0.0,0.0,0.0,0.0,1.0,0.0,0.0,0.0,0.0,0.48675823682652536,0.3866170074453267,0.38273052974902316,0.0,0.0,0.0,0.0,0.357224547740636,0.0,0.0,0.0,0.0
plot_10605,2021-04-01 14:00:00,14,3.124637576318124,2.6954975915004296,7.629745361850685,0.0,1.0,2.0,0.0,0.0,1.0,2.0,0.0,1.0,0.5715705345163902,0.4686115492897377,0.3475279412198468,0.0,0.2849222832618101,0.43154631662444043,0.0,0.0,0.4429299186487171,0.7678653063046389,0.0,0.1901314438632762
plot_10646,2021-04-01 14:00:00,14,3.2068513797375156,2.1298050283057877,7.9131349377272056,0.0,0.0,0.0,2.0,0.0,2.0,2.0,2.0,1.0,0.4106044526756439,0.30304299001250246,0.3458838250385221,0.0,0.0,0.0,0.5218151142874723,0.0,0.9221787139939785,0.6331945036247256,0.47301992806540233,0.3802628877264963
plot_10604,2021-04-01 14:00:00,14,3.5127393227542414,3.6609474918182876,9.515027385131004,1.0,0.0,1.0,0.0,1.0,0.0,1.0,1.0,1.0,0.5184182555137279,0.5979508680234493,0.4759287997119762,0.4142118057493797,0.0,0.38274376433736,0.0,0.3641364572830488,0.0,0.43829327564158493,0.2686913984359034,0.17623271156659692
plot_10552,2021-04-01 14:00:00,14,4.237188671575222,3.1872993920855905,11.139620233879766,0.0,1.0,0.0,0.0,0.0,0.0,0.0,0.0,1.0,0.649244279239965,0.5496046589296064,0.5185689682135087,0.0,0.3165972518123628,0.0,0.0,0.0,0.0,0.0,0.0,0.17987192379838254
plot_10499,2021-04-01 14:00:00,14,2.4610494848418614,2.8117346454873884,8.41302525798909,2.0,0.0,1.0,4.0,2.0,0.0,0.0,1.0,3.0,0.3716231140521689,0.48441668448307645,0.43282819373154485,0.7192438610406775,0.0,0.26971644789026733,0.8598124749949182,0.589146607698045,0.0,0.0,0.2136917124463666,0.6130402024592243
plot_10500,2021-04-01 14:00:00,14,2.8115736129808786,3.1942738258196868,10.892602703269537,0.0,0.0,0.0,1.0,0.0,0.0,0.0,0.0,1.0,0.34296072549813716,0.49484119739181187,0.5623446952572209,0.0,0.0,0.0,0.2804060930674569,0.0,0.0,0.0,0.0,0.23497694875545186
plot_10549,2021-04-01 14:00:00,14,3.120398555851387,3.3528980769368575,8.699360132148362,0.0,0.0,1.0,1.0,0.0,0.0,0.0,0.0,0.0,0.44933347194583234,0.4742358328509434,0.36291738223980086,0.0,0.0,0.38274376433736,0.2849222832618101,0.0,0.0,0.0,0.0,0.0
plot_19877,2021-04-01 14:00:00,14,4.101881906105174,2.978678019008406,11.15324394291346,0.0,0.0,0.0,0.0,1.0,1.0,1.0,1.0,1.0,0.5084279899788443,0.37514173407057033,0.4796802837895553,0.0,0.0,0.0,0.0,0.33333333333326276,0.33333333333327253,0.1565445342862513,0.19568066785780963,0.23497694875545186
plot_11486,2021-04-01 14:00:00,14,2.7476779064793435,3.020507427149195,9.030235962984746,0.0,1.0,0.0,1.0,1.0,0.0,0.0,1.0,2.0,0.3672895806726249,0.43773528146055124,0.4454582561810688,0.0,0.19196632657618148,0.0,0.16666666666665025,0.19882634286980072,0.0,0.0,0.18537986982658683,0.27876960914785665
plot_10648,2021-04-01 15:00:00,15,2.6213418314158115,2.702300602643376,8.814153671035152,1.0,0.0,1.0,1.0,0.0,2.0,0.0,1.0,0.0,0.4250152680813445,0.4815124354120704,0.49984737658396466,0.5049191047541299,0.0,0.20533980121318812,0.2427576381887179,0.0,0.7192438610406775,0.0,0.2879494898642559,0.0
plot_10810,2021-04-01 15:00:00,15,2.3389587406543484,2.58957156777869,7.681889446665841,0.0,0.0,0.0,0.0,2.0,0.0,0.0,1.0,0.0,0.3505819199455858,0.43257853020473763,0.43971086185739156,0.0,0.0,0.0,0.0,0.4273834248927332,0.0,0.0,0.49999999999985234,0.0
plot_10650,2021-04-01 15:00:00,15,2.2146738431040314,2.3761652921024474,8.75385867142676,0.0,1.0,1.0,0.0,4.0,1.0,1.0,2.0,1.0,0.33379580147700433,0.413660993481143,0.48491959483850217,0.0,0.2814842381621834,0.28940260798026574,0.0,0.9999999999998523,0.3073929046646854,0.3397829736562492,0.782722671431148,0.4105514533070443
plot_10846,2021-04-01 15:00:00,15,2.8518565233970494,2.705007166239889,10.257514131336338,0.0,1.0,1.0,2.0,0.0,3.0,1.0,1.0,1.0,0.42656145081438496,0.40597722157674837,0.5774610887387969,0.0,0.4142118057493797,0.1736415647881731,0.6666666666665255,0.0,0.9999999999998175,0.15400485090989646,0.3505076163343066,0.38393265315231945
plot_10849,2021-04-01 15:00:00,15,3.6172251986867825,3.42634606050304,11.458139939482523,0.0,0.0,1.0,3.0,2.0,0.0,1.0,0.0,1.0,0.5619115124847193,0.6717786490520025,0.6631989011356584,0.0,0.0,0.3110399657969053,0.7953053714791695,0.7678653063046389,0.0,0.2011853167307456,0.0,0.3089664497109555
plot_10847,2021-04-01 15:00:00,15,3.030238742046818,3.3153440830930534,8.350940505578334,0.0,0.0,0.0,1.0,0.0,0.0,1.0,0.0,0.0,0.44662822834579685,0.5141417548732623,0.35087908209995944,0.0,0.0,0.0,0.19882634286980072,0.0,0.0,0.3080097018197607,0.0,0.0
plot_10605,2021-04-01 15:00:00,15,2.87818731560346,2.2641813901598864,8.132181087256637,0.0,1.0,1.0,2.0,1.0,0.0,2.0,0.0,1.0,0.5115336251413649,0.36815255498835375,0.3837411531489412,0.0,0.3073929046646854,0.1736415647881731,0.6601717585939026,0.3089664497109555,0.0,0.6666666666665155,0.0,0.24999999999996309
plot_10646,2021-04-01 15:00:00,15,2.6500197881826675,2.257500781876002,9.021830478448512,0.0,0.0,0.0,0.0,0.0,0.0,0.0,1.0,0.0,0.31090368169602217,0.33285443931440245,0.4185694480094386,0.0,0.0,0.0,0.0,0.0,0.0,0.0,0.23650996403270116,0.0
plot_10604,2021-04-01 15:00:00,15,2.7267327627666593,3.2002727760723073,9.948903293505285,0.0,0.0,0.0,1.0,0.0,1.0,1.0,0.0,0.0,0.36056401629774076,0.4974538453144671,0.5056490865295383,0.0,0.0,0.0,0.2499999999999603,0.0,0.24852708344965038,0.3805296510927394,0.0,0.0
plot_10552,2021-04-01 15:00:00,15,4.218235077645236,4.118858946687506,12.428101676219113,2.0,2.0,1.0,0.0,0.0,2.0,0.0,1.0,4.0,0.6457508071597758,0.7550874306092307,0.5954274639521584,0.551578362059273,0.6831318893653089,0.20533980121318812,0.0,0.0,0.33778108579464083,0.0,0.20527572665354704,0.9460398561308047
plot_10499,2021-04-01 15:00:00,15,3.715205136511612,3.3191636267386584,13.75301021170197,1.0,1.0,1.0,1.0,1.0,3.0,2.0,0.0,0.0,0.6545075315769993,0.6026802897116731,0.834708735681645,0.46979463028336044,0.1999999999999781,0.21705195598521,0.19999999999997461,0.3165972518123628,0.6916340354955711,0.36649628141562585,0.0,0.0
plot_10500,2021-04-01 15:00:00,15,3.581529616633404,3.221158737590689,10.474297132402983,0.0,0.0,1.0,0.0,0.0,0.0,1.0,0.0,2.0,0.48328261109116677,0.5010228517820611,0.5310845583750079,0.0,0.0,0.22652198243751695,0.0,0.0,0.0,0.22652198243751695,0.0,0.617932899421911
plot_10549,2021-04-01 15:00:00,15,3.7749362670765025,4.166738535271406,12.187226475748504,0.0,0.0,2.0,0.0,0.0,0.0,1.0,0.0,0.0,0.5803099856072071,0.6188750482834053,0.5719291894644621,0.0,0.0,0.6160194036395213,0.0,0.0,0.0,0.2673329879186494,0.0,0.0
plot_19877,2021-04-01 15:00:00,15,4.502936806792628,3.5488848959982846,12.915525194551277,0.0,0.0,0.0,0.0,1.0,0.0,0.0,0.0,2.0,0.570290070136774,0.4688561405805624,0.5773301087617854,0.0,0.0,0.0,0.0,0.3582551979145189,0.0,0.0,0.0,0.617932899421911
plot_11486,2021-04-01 15:00:00,15,4.092459042182684,4.293942309618453,10.872458285526527,0.0,2.0,0.0,2.0,1.0,0.0,0.0,2.0,0.0,0.6288813697256049,0.6918456921331935,0.5715962295139762,0.0,0.4142118057494267,0.0,0.3101451472522339,0.2136917124463666,0.0,0.0,0.37075973965317366,0.0
plot_10648,2021-04-01 16:00:00,16,3.0025311388077953,2.563980849166622,9.66252760489742,0.0,1.0,0.0,1.0,0.0,0.0,0.0,0.0,0.0,0.5108558245242718,0.4481941915990885,0.566379488843079,0.0,0.2748722110617023,0.0,0.26090755714373615,0.0,0.0,0.0,0.0,0.0
plot_10810,2021-04-01 16:00:00,16,3.9488423423152983,3.326587600360162,11.907812738941828,0.0,1.0,0.0,0.0,0.0,1.0,0.0,1.0,0.0,0.7261323550022811,0.6096042426402409,0.8022445213537291,0.0,0.20533980121318812,0.0,0.0,0.0,0.18703266061276105,0.0,0.43410391197035586,0.0
plot_10650,2021-04-01 16:00:00,16,2.6291224833838034,3.1005364237795923,8.714560060665423,1.0,0.0,0.0,0.0,0.0,1.0,0.0,0.0,0.0,0.42621078640494925,0.5929976428967353,0.48201947742098794,0.2136917124463666,0.0,0.0,0.0,0.0,0.231332987998342,0.0,0.0,0.0
plot_10846,2021-04-01 16:00:00,16,2.7083883891424785,2.241356728957038,6.8287387804967485,0.0,3.0,1.0,1.0,1.0,2.0,0.0,1.0,0.0,0.3959517507601432,0.3116924517777234,0.3299792874950542,0.0,0.9999999999997732,0.1736415647881731,0.3582551979145189,0.42434259441250305,0.5017096675250104,0.0,0.30431345485234407,0.0
plot_10849,2021-04-01 16:00:00,16,2.7323200658473406,2.8225420028400348,10.14913154628564,2.0,2.0,1.0,1.0,0.0,0.0,1.0,0.0,0.0,0.37460367932300087,0.5193040107739136,0.5607997872402377,0.617932899421911,0.3333333333332955,0.3110399657969053,0.2849222832618101,0.0,0.0,0.21560500134364052,0.0,0.0
plot_10847,2021-04-01 16:00:00,16,3.7149945428910294,3.441010958701859,9.677791760937021,0.0,0.0,1.0,0.0,0.0,0.0,0.0,0.0,1.0,0.5827005281668816,0.5390630177018403,0.42931539161396093,0.0,0.0,0.37105763331451125,0.0,0.0,0.0,0.0,0.0,0.4258639049303585
plot_10605,2021-04-01 16:00:00,16,4.019662585376919,3.1304601705473467,11.761780795054817,1.0,1.0,2.0,0.0,0.0,1.0,2.0,2.0,1.0,0.7896045313213556,0.5699198310421536,0.6453456864055591,0.26090755714373615,0.24737175554302832,0.3472831295763462,0.0,0.0,0.3333333333332525,0.714449095481272,0.43410391197042,0.31939792869778455
plot_10646,2021-04-01 16:00:00,16,3.468433839286635,3.3181889135218414,13.181853267249876,0.0,0.0,0.0,0.0,0.0,1.0,1.0,2.0,0.0,0.4574408270612449,0.5804793569613326,0.691298828503307,0.0,0.0,0.0,0.0,0.0,0.3469994819974838,0.2945733038490225,0.41067960242637624,0.0
plot_10604,2021-04-01 16:00:00,16,4.578780228884493,4.657208592883333,12.613046217723822,0.0,1.0,1.0,0.0,0.0,0.0,0.0,1.0,0.0,0.732511985485868,0.8152870296916256,0.6881415695241228,0.0,0.28940260798026574,0.3080097018197607,0.0,0.0,0.0,0.0,0.23327997434769135,0.0
plot_10552,2021-04-01 16:00:00,16,5.581274596591517,5.170622111065534,16.372849220947888,1.0,0.0,0.0,1.0,0.0,2.0,1.0,1.0,0.0,0.8969823425204624,0.9870846326123643,0.8307334236609168,0.19568066785780963,0.0,0.0,0.23172483728322718,0.0,0.2542020543754458,0.2499999999999603,0.17822199194577706,0.0
plot_10499,2021-04-01 16:00:00,16,4.204969422135587,4.757815726120288,13.847859867976517,0.0,2.0,0.0,0.0,2.0,1.0,1.0,0.0,0.0,0.7649776191444758,0.9379788048319802,0.8418470013505197,0.0,0.3218965067692018,0.0,0.0,0.999999999999813,0.1734997409987638,0.19638220256602723,0.0,0.0
plot_10500,2021-04-01 16:00:00,16,4.952374502696865,3.7026614834151923,13.42392013953278,2.0,1.0,1.0,1.0,0.0,2.0,3.0,1.0,1.0,0.7331144694771907,0.6117348968129648,0.7515110249955473,0.617932899421911,0.3080097018197607,0.22652198243751695,0.2804060930674569,0.0,0.436309742699313,0.7282729145661537,0.3080097018197607,0.3947329762992079
plot_10549,2021-04-01 16:00:00,16,3.7157554006052096,4.642175197859386,11.599782134822608,3.0,3.0,1.0,1.0,0.0,1.0,1.0,0.0,0.0,0.5684675761738973,0.7033716902975888,0.5367263487460627,0.8547668497854304,0.7421152666290849,0.3080097018197607,0.2849222832618101,0.0,0.1881411253218875,0.2864937171162423,0.0,0.0
plot_19877,2021-04-01 16:00:00,16,3.405730363712424,3.2037894038630133,10.266930156406488,0.0,0.0,1.0,0.0,0.0,2.0,1.0,3.0,0.0,0.40104772247993664,0.4121391479594709,0.4305687211247169,0.0,0.0,0.14842305332582698,0.0,0.0,0.5017096675250104,0.1456545829132397,0.5096744604844328,0.0
plot_11486,2021-04-01 16:00:00,16,4.569838951857745,4.372967246146701,15.25059922126022,1.0,0.0,2.0,1.0,0.0,0.0,0.0,1.0,1.0,0.72174307139168,0.707614899770756,0.8713699418622923,0.3333333333332677,0.0,0.49474351108605663,0.16666666666665025,0.0,0.0,0.0,0.1609482533846009,0.23414968596605215
plot_10648,2021-04-01 17:00:00,17,2.8693137378507934,3.2493825072362768,11.106075616740647,1.0,0.0,1.0,1.0,0.0,1.0,1.0,4.0,1.0,0.4808564105735801,0.6132926607575424,0.679586996219145,0.38650927767897203,0.0,0.1920262467530163,0.26090755714373615,0.0,0.3333333333332677,0.5460215226820283,0.9999999999998299,0.4222263572432425
plot_10810,2021-04-01 17:00:00,17,4.588137662823552,3.364155859391252,11.968059941229374,0.0,2.0,1.0,2.0,0.0,1.0,0.0,1.0,1.0,0.87526589204737,0.6186278561383708,0.807413010511978,0.0,0.3840524935060326,0.21183504531285846,0.9268993491327818,0.0,0.23035959189141256,0.0,0.43410391197035586,0.3073929046646854
plot_10650,2021-04-01 17:00:00,17,4.468489435909623,4.611377384690596,15.235161873330286,1.0,0.0,0.0,0.0,0.0,0.0,0.0,0.0,0.0,0.8363582755603869,0.9670450667667089,0.9632199708539235,0.23054467849852373,0.0,0.0,0.0,0.0,0.0,0.0,0.0,0.0
plot_10846,2021-04-01 17:00:00,17,3.6680973938571073,3.647108281560609,10.635532836604495,0.0,0.0,0.0,0.0,0.0,1.0,0.0,0.0,0.0,0.6007108418733232,0.597556436525769,0.6047456846983085,0.0,0.0,0.0,0.0,0.0,0.3089664497109555,0.0,0.0,0.0
plot_10849,2021-04-01 17:00:00,17,3.969171999705625,4.48372065678116,13.46210976102804,1.0,1.0,1.0,0.0,1.0,0.0,1.0,0.0,0.0,0.6364080774164981,0.9387904503902573,0.8199623986547772,0.33333333333327253,0.15586055051063777,0.2908731617995266,0.0,0.357224547740636,0.0,0.29604973222441944,0.0,0.0
plot_10847,2021-04-01 17:00:00,17,5.283034059805671,4.501110217002245,13.276389453693437,0.0,1.0,0.0,0.0,0.0,1.0,0.0,0.0,1.0,0.8942959071528874,0.7492935347931177,0.6420451315192155,0.0,0.2181548713496565,0.0,0.0,0.0,0.354764946049027,0.0,0.0,0.35962193052033875
plot_10605,2021-04-01 17:00:00,17,4.793199402196949,4.867330573400339,12.585482955592399,1.0,1.0,1.0,1.0,2.0,0.0,0.0,2.0,0.0,0.9780432030233018,0.9744588985757844,0.7047142770484708,0.2814842381621834,0.231332987998342,0.16238321927649782,0.354764946049027,0.5749466702496818,0.0,0.0,0.43410391197042,0.0
plot_10646,2021-04-01 17:00:00,17,3.6783145007517373,4.488128821661306,12.686423259320424,0.0,1.0,3.0,0.0,1.0,1.0,0.0,0.0,0.0,0.49501998758149085,0.8536098509882271,0.6588186412542357,0.0,0.3177525679692632,0.6089370722868488,0.0,0.22005725286464958,0.4273834248926792,0.0,0.0,0.0
plot_10604,2021-04-01 17:00:00,17,3.5234320576727534,3.123820433344996,11.820400217462382,0.0,3.0,1.0,2.0,1.0,0.0,0.0,1.0,2.0,0.5205656848376339,0.48077562842822047,0.633845707463394,0.0,0.8119160963824251,0.2880393701295043,0.5373827968718068,0.3641364572830488,0.0,0.0,0.23327997434769135,0.49999999999993155
plot_10552,2021-04-01 17:00:00,17,3.6864943342373886,4.6907132211026745,12.571862894836295,0.0,3.0,1.0,4.0,2.0,0.0,0.0,1.0,0.0,0.547741878201164,0.8812266567308323,0.6040028850994051,0.0,0.7711512144508437,0.1920262467530163,0.9268993491329087,0.6666666666665255,0.0,0.0,0.17822199194577706,0.0
plot_10499,2021-04-01 17:00:00,17,5.246930834495687,3.48847139606016,12.284697101795446,0.0,2.0,1.0,0.0,0.0,0.0,0.0,1.0,0.0,1.0,0.6421398947657592,0.7242053403581461,0.0,0.30102580051502825,0.20297902409561627,0.0,0.0,0.0,0.0,0.18552881665727905,0.0
plot_10500,2021-04-01 17:00:00,17,5.848558827784109,4.819677326335776,16.180275969252953,0.0,2.0,0.0,1.0,0.0,0.0,0.0,0.0,0.0,0.8964410410457014,0.8685706249039743,0.9574945607984354,0.0,0.5760787402590086,0.0,0.2804060930674569,0.0,0.0,0.0,0.0,0.0
plot_10549,2021-04-01 17:00:00,17,3.9666144531530123,3.6747965294650125,12.800030639075095,1.0,0.0,2.0,0.0,4.0,1.0,2.0,2.0,2.0,0.6186658207664176,0.5314450059091065,0.6086517278400241,0.3073929046646854,0.0,0.5760787402590086,0.0,0.9999999999998412,0.23172483728322718,0.7867757028609748,0.5788052159605315,0.76548752867472
plot_19877,2021-04-01 17:00:00,17,7.288767364150927,6.780638610189675,19.693794680663288,2.0,1.0,4.0,1.0,2.0,2.0,5.0,1.0,3.0,1.0,1.0,0.9529210244106339,0.46108935699704745,0.18703266061276105,0.5551991711960582,0.3333333333332677,0.6666666666665255,0.617932899421911,0.9999999999999075,0.16989148682814426,0.9999999999998175
plot_11486,2021-04-01 17:00:00,17,5.135595930885545,5.60670666066484,14.031565905337473,0.0,0.0,0.0,0.0,1.0,0.0,0.0,1.0,0.0,0.8317962067189293,0.9538041895429387,0.787902061783827,0.0,0.0,0.0,0.0,0.19882634286980072,0.0,0.0,0.1609482533846009,0.0
plot_10648,2021-04-01 18:00:00,18,4.669301287461682,4.854787165774342,12.074338086835212,0.0,0.0,1.0,0.0,1.0,0.0,0.0,0.0,1.0,0.8861981393489161,1.0,0.7555211389188634,0.0,0.0,0.22005725286464958,0.0,0.25350859181768914,0.0,0.0,0.0,0.3641364572830488
plot_10810,2021-04-01 18:00:00,18,4.093312918032717,3.113470660764335,10.502300813444663,1.0,0.0,0.0,0.0,0.0,0.0,0.0,1.0,0.0,0.7598341627029067,0.5584151552985692,0.681668413702281,0.38393265315231945,0.0,0.0,0.0,0.0,0.0,0.0,0.43410391197035586,0.0
plot_10650,2021-04-01 18:00:00,18,4.915512089176807,4.744487947190423,12.936251273130386,0.0,2.0,0.0,3.0,2.0,0.0,1.0,1.0,1.0,0.9360367103508823,1.0,0.7935673916969244,0.0,0.5629684763243668,0.0,0.6951745118496815,0.3802628877265524,0.0,0.3397829736562492,0.3397829736562492,0.38199162282163324
plot_10846,2021-04-01 18:00:00,18,4.481659127490619,5.467686391361856,14.313397728336852,1.0,0.0,1.0,0.0,2.0,2.0,1.0,1.0,1.0,0.7742886246438361,0.9677767020121948,0.8702062456867,0.4105514533070443,0.0,0.18608708835133667,0.0,0.40869346830614955,0.722925672160689,0.15400485090989646,0.30431345485234407,0.357224547740636
plot_10849,2021-04-01 18:00:00,18,3.315749013021288,3.403121660533119,10.498858937469917,1.0,0.0,0.0,1.0,1.0,0.0,1.0,0.0,1.0,0.4980980606340456,0.665913945197005,0.5881577286777002,0.3089664497109555,0.0,0.0,0.2849222832618101,0.2919906787604788,0.0,0.2011853167307456,0.0,0.2874733351248409
plot_10847,2021-04-01 18:00:00,18,5.814968118722928,5.765311730151425,19.331657346182684,1.0,1.0,1.0,0.0,0.0,0.0,0.0,0.0,0.0,1.0,1.0,1.0,0.38393265315231945,0.28988195825924434,0.39765268573955126,0.0,0.0,0.0,0.0,0.0,0.0
plot_10605,2021-04-01 18:00:00,18,3.2812064569410664,4.196350952817441,10.395530580690268,2.0,1.0,1.0,0.0,0.0,0.0,0.0,1.0,1.0,0.6097117467417316,0.8181792650471054,0.5468727752267637,0.5218151142874723,0.3073929046646854,0.18608708835133667,0.0,0.0,0.0,0.0,0.21705195598521,0.23260886043916396
plot_10646,2021-04-01 18:00:00,18,4.923859540149543,3.8463487368150497,12.73845944309931,0.0,0.0,1.0,2.0,1.0,1.0,1.0,1.0,0.0,0.7180349935567266,0.7037818893885236,0.6622301120287434,0.0,0.0,0.23260886043916396,0.5218151142874723,0.17987192379838254,0.49999999999987377,0.2748722110617023,0.20533980121318812,0.0
plot_10604,2021-04-01 18:00:00,18,4.80591112230971,5.367670134468663,12.679976575027181,0.0,0.0,2.0,0.0,0.0,0.0,0.0,0.0,0.0,0.7781268393678147,0.9702755003806258,0.6927262661561878,0.0,0.0,0.6601717585939026,0.0,0.0,0.0,0.0,0.0,0.0
plot_10552,2021-04-01 18:00:00,18,4.7868627830905615,3.55699015436179,13.716629744177876,0.0,0.0,0.0,1.0,2.0,0.0,0.0,1.0,0.0,0.7505586351808528,0.6311507953216364,0.6722887409299113,0.0,0.0,0.0,0.23172483728322718,0.5449246244081706,0.0,0.0,0.17822199194577706,0.0
plot_10499,2021-04-01 18:00:00,18,4.1262433073710705,3.6815788573441677,11.561174776387965,1.0,0.0,2.0,2.0,2.0,4.0,3.0,2.0,4.0,0.7472203407002069,0.6871463595358106,0.669753961418289,0.3333333333332677,0.0,0.4652177208783279,0.4299062374974591,0.4815607408819094,0.9999999999998738,0.5497444221234388,0.3710576333145581,0.9999999999998412
plot_10500,2021-04-01 18:00:00,18,6.416794080908647,5.391282746261586,16.74905985133061,0.0,0.0,0.0,0.0,2.0,0.0,1.0,1.0,0.0,1.0,1.0,1.0,0.0,0.0,0.0,0.0,0.4699538975109037,0.0,0.22652198243751695,0.3080097018197607,0.0
plot_10549,2021-04-01 18:00:00,18,5.87228130830205,4.249151173715509,15.504731991546015,0.0,1.0,0.0,0.0,1.0,0.0,2.0,1.0,0.0,1.0,0.6335217757152998,0.7707320548916106,0.0,0.3073929046646854,0.0,0.0,0.20434673415307478,0.0,0.5346659758372988,0.28940260798026574,0.0
plot_19877,2021-04-01 18:00:00,18,5.116986265388444,4.8811048820217415,15.3980553521922,0.0,2.0,2.0,3.0,1.0,1.0,3.0,0.0,1.0,0.665006221874291,0.6878086126903545,0.7148896697890741,0.0,0.49705416689930076,0.3181221485916892,0.9999999999998032,0.2724623122040853,0.3614628360803445,0.4077395683875556,0.0,0.2874733351248409
plot_11486,2021-04-01 18:00:00,18,4.439310649750205,5.607649360298804,15.570990728818696,1.0,2.0,0.0,1.0,2.0,3.0,1.0,0.0,1.0,0.6963522243877912,0.9539923026490151,0.8933073241977431,0.3333333333332677,0.4142118057494267,0.0,0.16666666666665025,0.3250361106323977,0.7544271942787173,0.16666666666664776,0.0,0.1705248742432727
plot_10648,2021-04-01 19:00:00,19,3.147018631133902,2.520700551569393,9.21820932357822,0.0,0.0,1.0,0.0,0.0,0.0,0.0,0.0,0.0,0.5433931662067395,0.43776890185270945,0.5315346726699491,0.0,0.0,0.1920262467530163,0.0,0.0,0.0,0.0,0.0,0.0
plot_10810,2021-04-01 19:00:00,19,3.84485923316909,3.0934834892437655,10.18247703754482,0.0,0.0,2.0,1.0,0.0,0.0,0.0,0.0,1.0,0.7018753827353938,0.5536143869006194,0.6542313601043535,0.0,0.0,0.4236700906257169,0.33055606566639245,0.0,0.0,0.0,0.0,0.231332987998342
plot_10650,2021-04-01 19:00:00,19,3.9350147488564344,4.009228393739263,11.362661086694644,1.0,2.0,2.0,2.0,1.0,0.0,0.0,0.0,3.0,0.7174025103051792,0.817967642551628,0.6774412432326243,0.18552881665727905,0.4236700906257169,0.5412773975882834,0.3305560656664377,0.21705195598521,0.0,0.0,0.0,0.9999999999997575
plot_10846,2021-04-01 19:00:00,19,3.8541041204003412,3.5421595118344595,9.69954958523323,2.0,1.0,0.0,1.0,0.0,2.0,0.0,1.0,1.0,0.6403963799695878,0.5762147752252655,0.5371883800394848,0.7128879677830218,0.3117211010212402,0.0,0.2555259723463103,0.0,0.617932899421911,0.0,0.3505076163343066,0.3117211010212402
plot_10849,2021-04-01 19:00:00,19,3.846152729950619,4.7261122757380205,14.425727700850517,0.0,1.0,0.0,1.0,1.0,0.0,1.0,0.0,1.0,0.6103685936347626,1.0,0.8953428344750318,0.0,0.15586055051063777,0.0,0.20322117835950132,0.33333333333325776,0.0,0.2011853167307456,0.0,0.2508548337625052
plot_10847,2021-04-01 19:00:00,19,3.439444015198489,4.510563214900185,12.235015466455605,2.0,3.0,0.0,0.0,3.0,1.0,1.0,1.0,1.0,0.527944082184516,0.7511681787196994,0.5804847026068312,0.6666666666665155,0.6544646140489694,0.0,0.0,0.9999999999997732,0.354764946049027,0.3080097018197607,0.3089664497109555,0.2706386987941417
plot_10605,2021-04-01 19:00:00,19,3.008482966114342,4.029439043608223,11.378567805398696,1.0,1.0,2.0,1.0,1.0,0.0,3.0,4.0,4.0,0.5432745051834381,0.7793033719460182,0.6177254904149447,0.22652198243751695,0.231332987998342,0.32476643855299564,0.25303654579547447,0.2682470889743152,0.0,0.9999999999997732,0.9999999999998523,0.8119160963824651
plot_10646,2021-04-01 19:00:00,19,4.6620816764059265,3.4782345258656453,11.992232178894666,3.0,1.0,2.0,2.0,1.0,2.0,2.0,1.0,0.0,0.6711636320239532,0.6178431026222669,0.6133077599632617,0.924029105459282,0.3177525679692632,0.40595804819123255,0.3721852892560744,0.20533980121318812,0.8547668497853584,0.5497444221234046,0.23650996403270116,0.0
plot_10604,2021-04-01 19:00:00,19,5.159503173145486,5.5039261651821265,17.165756648732984,0.0,1.0,1.0,2.0,1.0,2.0,2.0,0.0,1.0,0.8491389746588788,1.0,1.0,0.0,0.2706386987941417,0.2880393701295043,0.3832889585194858,0.3397829736562492,0.4607191837828251,0.7610593021854788,0.0,0.1881411253218875
plot_10552,2021-04-01 19:00:00,19,4.353180381527105,3.962980131418667,13.706525799742549,1.0,3.0,1.0,3.0,1.0,0.0,3.0,2.0,0.0,0.6706235385903108,0.7207037877714255,0.6716860361141429,0.16989148682814426,0.7711512144508437,0.1920262467530163,0.49583409849965654,0.3110399657969053,0.0,0.699839923043074,0.4105514533070941,0.0
plot_10499,2021-04-01 19:00:00,19,3.839878007175694,3.345123272434875,11.711182252252371,0.0,0.0,0.0,1.0,0.0,0.0,2.0,0.0,0.0,0.6826284528932668,0.6087305576386667,0.6810433351186845,0.0,0.0,0.0,0.1533155834077992,0.0,0.0,0.36649628141562585,0.0,0.0
plot_10500,2021-04-01 19:00:00,19,5.105470677646012,3.5198078708957943,14.726310904854271,2.0,1.0,2.0,1.0,0.0,2.0,2.0,0.0,1.0,0.7610157311649164,0.5696913206156039,0.8488391899390355,0.5364941779486304,0.2880393701295043,0.4236700906257169,0.19999999999996687,0.0,0.5373827968718068,0.4530439648750339,0.0,0.2508548337625052
plot_10549,2021-04-01 19:00:00,19,4.104560657641759,3.863572102645707,13.802248860858121,2.0,1.0,1.0,1.0,3.0,2.0,1.0,1.0,2.0,0.6462695976411486,0.5649950101120738,0.668710061827713,0.49474351108605663,0.231332987998342,0.2880393701295043,0.20322117835950132,0.699839923043074,0.46344967456645436,0.2673329879186494,0.3333333333332677,0.5760787402590086
plot_19877,2021-04-01 19:00:00,19,5.043285203936881,3.9321231941278145,15.5015520964599,0.0,0.0,0.0,0.0,0.0,0.0,0.0,0.0,0.0,0.6536379504395673,0.5318419639903103,0.7206245313235448,0.0,0.0,0.0,0.0,0.0,0.0,0.0,0.0,0.0
plot_11486,2021-04-01 19:00:00,19,4.890966878562316,4.4835281230544295,12.709399479285722,1.0,0.0,1.0,1.0,1.0,2.0,0.0,3.0,1.0,0.7842100607264072,0.7296770171370348,0.6973726010611521,0.28940260798026574,0.0,0.231332987998342,0.11887521048020015,0.18552881665727905,0.4299062374974591,0.0,0.5561396094797605,0.14880332800985363
plot_10648,2021-04-01 20:00:00,20,2.811357491943178,2.5054876478677515,7.971229487589689,0.0,1.0,0.0,1.0,1.0,3.0,0.0,3.0,1.0,0.46780516201655536,0.43410444162996986,0.4337426506365258,0.0,0.34156594468265444,0.0,0.3052382731141095,0.3899698887677819,0.8682078239407972,0.0,0.8638484695927677,0.2791389669420343
plot_10810,2021-04-01 20:00:00,20,2.3599340005699867,2.118657400819019,8.205598550931004,3.0,1.0,1.0,0.0,0.0,5.0,3.0,0.0,1.0,0.35547498673539474,0.31946848616673085,0.484638837343322,0.9999999999997732,0.2551625095582578,0.21183504531285846,0.0,0.0,0.9999999999998639,0.9999999999998175,0.0,0.20322117835950132
plot_10650,2021-04-01 20:00:00,20,3.328522591825955,2.7097844786417506,9.19002006070952,2.0,0.0,1.0,0.0,3.0,1.0,0.0,1.0,2.0,0.5821650934009931,0.49625697843734723,0.5171069729010009,0.3710576333145581,0.0,0.2706386987941417,0.0,0.8774322497275524,0.24737175554302832,0.0,0.391361335715574,0.5856526850979811
plot_10846,2021-04-01 20:00:00,20,2.563379256799716,2.5268361018906953,9.565358141773546,2.0,0.0,1.0,2.0,0.0,0.0,1.0,0.0,0.0,0.3650132704543928,0.36974557713906003,0.5275027235759405,0.7128879677830218,0.0,0.16238321927649782,0.8382524380873927,0.0,0.0,0.19137188216870005,0.0,0.0
plot_10849,2021-04-01 20:00:00,20,2.8271101925947515,2.8017644556616332,8.163378336430995,1.0,0.0,0.0,0.0,0.0,1.0,0.0,0.0,0.0,0.3946679015625205,0.5140571944431416,0.40546131106171307,0.2682470889743152,0.0,0.0,0.0,0.0,0.24737175554302832,0.0,0.0,0.0
plot_10847,2021-04-01 20:00:00,20,2.344917880571653,2.760150434197532,8.487270740095353,1.0,2.0,1.0,4.0,0.0,1.0,0.0,1.0,3.0,0.31044364163426535,0.4040401328041847,0.3589381922884655,0.33333333333325776,0.5797639165184887,0.3469994819974838,0.9999999999998738,0.0,0.3080097018197607,0.0,0.3089664497109555,0.7132512628811307
plot_10605,2021-04-01 20:00:00,20,3.6624830837434463,2.398993787359216,8.74179529394102,1.0,0.0,0.0,0.0,0.0,0.0,0.0,0.0,1.0,0.7025932483630759,0.39955206606609894,0.4276792876114369,0.22652198243751695,0.0,0.0,0.0,0.0,0.0,0.0,0.0,0.17831281572029145
plot_10646,2021-04-01 20:00:00,20,3.1398269082579247,2.8604009213655006,11.03408823973155,0.0,0.0,0.0,0.0,0.0,0.0,0.0,0.0,1.0,0.39860371208842693,0.47360561106434557,0.5504922379773343,0.0,0.0,0.0,0.0,0.0,0.0,0.0,0.0,0.3566256314405302
plot_10604,2021-04-01 20:00:00,20,3.9963363406301533,3.9181174989523457,11.45069092734173,0.0,0.0,0.0,0.0,0.0,0.0,2.0,0.0,1.0,0.6155393779444722,0.6540529703608209,0.6085208025091775,0.0,0.0,0.0,0.0,0.0,0.0,0.9457192435220445,0.0,0.16527803283321885
plot_10552,2021-04-01 20:00:00,20,3.4836414544744345,3.125868005090748,9.729560703055782,2.0,1.0,2.0,1.0,0.0,2.0,0.0,2.0,2.0,0.5103526171219391,0.5360541654528708,0.43445828498603944,0.3397829736562885,0.34156594468265444,0.3840524935060326,0.2710971270602707,0.0,0.2718263789250371,0.0,0.4105514533070941,0.3373820610606562
plot_10499,2021-04-01 20:00:00,20,3.003989904994915,3.2313669277903383,9.329091497651307,1.0,0.0,1.0,0.0,1.0,0.0,1.0,0.0,0.0,0.4940874862385065,0.5822180092183631,0.5017701851507658,0.28940260798026574,0.0,0.20297902409561627,0.0,0.3703901852204306,0.0,0.22771062978845047,0.0,0.0
plot_10500,2021-04-01 20:00:00,20,2.504093259475281,3.2343203197682007,9.022866462861002,0.0,0.0,1.0,0.0,1.0,0.0,1.0,1.0,1.0,0.28692346780803635,0.5040490976162764,0.42261858382216416,0.0,0.0,0.21183504531285846,0.0,0.3614628360803445,0.0,0.2814842381621834,0.354764946049027,0.22037071044428175
plot_10549,2021-04-01 20:00:00,20,4.724631560888916,5.402501129746625,14.530424300400075,0.0,1.0,1.0,3.0,0.0,1.0,0.0,3.0,1.0,0.7703491177931051,0.8385000746570682,0.7123462707881111,0.0,0.3073929046646854,0.2880393701295043,0.9999999999998317,0.0,0.2011853167307456,0.0,0.9999999999998032,0.25303654579547447
plot_19877,2021-04-01 20:00:00,20,3.1424149259085876,3.7166083013375695,10.838606987966147,0.0,1.0,1.0,0.0,1.0,1.0,1.0,0.0,1.0,0.3604317352614296,0.49642174882468204,0.4622459250276684,0.0,0.24852708344965038,0.13879979279901455,0.0,0.41912621904369635,0.2682470889743152,0.16889054289732042,0.0,0.22037071044428175
plot_11486,2021-04-01 20:00:00,20,3.438223032949647,3.242319195281108,13.307299529675882,1.0,0.0,1.0,0.0,0.0,1.0,0.0,1.0,2.0,0.501616966935896,0.4819972066425685,0.7383111456054399,0.28940260798026574,0.0,0.231332987998342,0.0,0.0,0.186623979478159,0.0,0.18537986982658683,0.2614412058015226
plot_10648,2021-04-01 21:00:00,21,2.8718982793203054,1.926751616330798,7.6276172531657975,1.0,1.0,1.0,0.0,1.0,2.0,1.0,2.0,1.0,0.4814384271033999,0.2946994201675335,0.4067955146605083,0.2908731617995266,0.2407803704409547,0.22005725286464958,0.0,0.3101451472522034,0.6202902945044068,0.3469994819974838,0.7357637650579251,0.391361335715574
plot_10810,2021-04-01 21:00:00,21,2.3393927308181945,2.0431325874562014,6.612809059065273,0.0,1.0,0.0,0.0,1.0,0.0,0.0,0.0,1.0,0.3506831603052457,0.30132799355725254,0.34799655508779176,0.0,0.17987192379838254,0.0,0.0,0.19882634286980072,0.0,0.0,0.0,0.2849222832618101
plot_10650,2021-04-01 21:00:00,21,1.758409937584732,1.4432423852459149,4.732465785587493,0.0,1.0,2.0,0.0,0.0,2.0,1.0,2.0,0.0,0.23205672489741266,0.1826920040194331,0.18815308515912785,0.0,0.1984269222183445,0.6202902945044068,0.0,0.0,0.530203580986113,0.3177525679692632,0.9999999999997689,0.0
plot_10846,2021-04-01 21:00:00,21,2.1629815602987716,2.024206026940588,6.271950860874094,1.0,1.0,0.0,0.0,1.0,1.0,2.0,0.0,0.0,0.27958626287544164,0.26753417583323763,0.2897915052231041,0.3333333333332525,0.2919906787604788,0.0,0.0,0.2499999999999603,0.2874733351248409,0.2880393701295345,0.0,0.0
plot_10849,2021-04-01 21:00:00,21,2.2499627247025087,2.295554232232318,7.667430484093792,2.0,1.0,0.0,1.0,0.0,1.0,0.0,2.0,0.0,0.27250312071331395,0.38622728053233873,0.36666505820221884,0.5017096675250104,0.14599533938025597,0.0,0.2651017904930565,0.0,0.2651017904930565,0.0,0.5460215226820972,0.0
plot_10847,2021-04-01 21:00:00,21,2.312561253202803,1.6734591912965044,5.8038635552356945,0.0,0.0,0.0,1.0,0.0,0.0,0.0,0.0,0.0,0.30401384477076276,0.1885361032287658,0.20030959269698406,0.0,0.0,0.0,0.19882634286980072,0.0,0.0,0.0,0.0,0.0
plot_10605,2021-04-01 21:00:00,21,3.005321335450203,2.410250624488946,8.80464759742389,1.0,0.0,0.0,0.0,1.0,0.0,0.0,0.0,0.0,0.5425043110959585,0.40217392569843463,0.4322093870274724,0.21183504531285846,0.0,0.0,0.0,0.2874733351248409,0.0,0.0,0.0,0.0
plot_10646,2021-04-01 21:00:00,21,2.472678129419996,2.3757356627057264,7.0900490125914155,1.0,1.0,2.0,3.0,0.0,1.0,2.0,0.0,1.0,0.27915063396381257,0.36045718300026364,0.2919226508209678,0.2880393701295043,0.2976403833274938,0.4652177208783279,0.7282729145661537,0.0,0.39765268573955126,0.5141008096338958,0.0,0.49999999999985234
plot_10604,2021-04-01 21:00:00,21,2.66712194022402,2.2790147016307243,7.608597516581875,1.0,1.0,0.0,1.0,0.0,3.0,2.0,0.0,0.0,0.34859233371832793,0.29647972960232893,0.3453392892154173,0.3117211010212402,0.25350859181768914,0.0,0.2499999999999603,0.0,0.6430041859332032,0.7117147308593039,0.0,0.0
plot_10552,2021-04-01 21:00:00,21,2.7217719922946633,2.3828286037409594,8.166015693863978,1.0,3.0,1.0,1.0,2.0,1.0,1.0,0.0,2.0,0.36992702265655375,0.3721550406977508,0.34119212415723205,0.15887628398464998,0.7223411113228642,0.22005725286464958,0.21560500134364052,0.6666666666665255,0.1456545829132397,0.2181548713496565,0.0,0.47301992806540233
plot_10499,2021-04-01 21:00:00,21,3.794740603752587,3.4921238954259874,8.98234368125243,0.0,1.0,1.0,0.0,1.0,1.0,1.0,0.0,2.0,0.672447365674205,0.6429911621530352,0.4756743812145573,0.0,0.14098616925328142,0.23260886043916396,0.0,0.2945733038490225,0.19882634286980072,0.1713669365446426,0.0,0.5373827968718068
plot_10500,2021-04-01 21:00:00,21,2.293312740843702,2.8142095392024955,7.052964091586335,0.0,0.0,0.0,1.0,0.0,0.0,0.0,0.0,0.0,0.24850942897938696,0.40745292228956115,0.275407018738115,0.0,0.0,0.0,0.26089976707451573,0.0,0.0,0.0,0.0,0.0
plot_10549,2021-04-01 21:00:00,21,3.1553713109967507,3.183486477700667,8.19081604680364,1.0,1.0,2.0,1.0,1.0,0.0,1.0,0.0,1.0,0.45633170820253177,0.4441272771165362,0.3324426713821596,0.231332987998342,0.21669074042158934,0.6601717585939026,0.2651017904930565,0.2499999999999603,0.0,0.24999999999995454,0.0,0.354764946049027
plot_19877,2021-04-01 21:00:00,21,2.5980332071257646,2.200931866070854,9.01790962945247,1.0,0.0,1.0,1.0,1.0,0.0,1.0,4.0,1.0,0.27646172151486026,0.2473179176993309,0.36135920321693116,0.1734997409987638,0.0,0.1590610742958446,0.3101451472522034,0.33333333333326276,0.0,0.1271010271877229,0.9999999999998844,0.3089664497109555
plot_11486,2021-04-01 21:00:00,21,3.4927527555058924,2.906616165982692,12.68811572789765,1.0,1.0,2.0,0.0,0.0,0.0,1.0,0.0,0.0,0.5122242897941174,0.4150085951215315,0.6959152909242796,0.2706386987941417,0.14599533938025597,0.530203580986113,0.0,0.0,0.0,0.15586055051063777,0.0,0.0
plot_10648,2021-04-01 22:00:00,22,2.0451703299201993,1.4825908763223385,6.025109556830884,0.0,0.0,0.0,0.0,0.0,0.0,1.0,0.0,1.0,0.2952663970195422,0.1877106824364228,0.28112189635016727,0.0,0.0,0.0,0.0,0.0,0.0,0.4273834248926792,0.0,0.5515783620592092
plot_10810,2021-04-01 22:00:00,22,2.1800116902708986,1.6675828287852816,5.242823815224428,0.0,1.0,0.0,0.0,1.0,0.0,1.0,1.0,0.0,0.3135030691138257,0.21112376373766334,0.2304682116809451,0.0,0.2766952930989682,0.0,0.0,0.24999999999996844,0.0,0.3089664497109555,0.7046919454249713,0.0
plot_10650,2021-04-01 22:00:00,22,2.624219918861229,2.123728839914161,6.373476292017559,0.0,0.0,1.0,0.0,0.0,1.0,2.0,0.0,0.0,0.42511759805196986,0.35116387626308115,0.3092546472709324,0.0,0.0,0.28940260798026574,0.0,0.0,0.3640143484547162,0.782722671431148,0.0,0.0
plot_10846,2021-04-01 22:00:00,22,1.9917002376986368,2.1709774408066367,6.07678339282674,0.0,1.0,1.0,1.0,0.0,0.0,1.0,0.0,0.0,0.2430424691129818,0.29738060291855434,0.2757047274105207,0.0,0.4491665221324766,0.1736415647881731,0.38650927767897203,0.0,0.0,0.17738247302453206,0.0,0.0
plot_10849,2021-04-01 22:00:00,22,2.4339542102610325,1.8253827847495767,6.71618085051879,0.0,0.0,2.0,1.0,0.0,2.0,0.0,0.0,0.0,0.31144859091257626,0.26749799994239687,0.29225215139607197,0.0,0.0,0.6220799315938106,0.3073929046646854,0.0,0.7280286969094324,0.0,0.0,0.0
plot_10847,2021-04-01 22:00:00,22,2.3218925473167698,1.920733673889091,5.906719650536918,0.0,1.0,0.0,0.0,1.0,0.0,0.0,0.0,0.0,0.3058681272008335,0.23757362677374255,0.20638989182159656,0.0,0.3143446642827889,0.0,0.0,0.4491665221324766,0.0,0.0,0.0,0.0
plot_10605,2021-04-01 22:00:00,22,1.3881670971219746,1.3060481912589401,5.169902336387937,0.0,0.0,1.0,1.0,0.0,0.0,0.0,0.0,0.0,0.14855487005901982,0.14499122399916411,0.17023398641316137,0.0,0.0,0.1736415647881731,0.38274376433736,0.0,0.0,0.0,0.0,0.0
plot_10646,2021-04-01 22:00:00,22,2.172441824993407,1.736149403030774,6.51219896810345,1.0,1.0,1.0,1.0,1.0,0.0,1.0,0.0,0.0,0.2253932834804845,0.2111413849302237,0.25403903992445975,0.41504293964842326,0.457857409671129,0.21705195598521,0.2814842381621834,0.2766952930989682,0.0,0.3165972518123628,0.0,0.0
plot_10604,2021-04-01 22:00:00,22,1.9289593031421406,2.285149775394752,6.930026569242667,1.0,0.0,2.0,0.0,2.0,0.0,0.0,0.0,1.0,0.20034662251705285,0.2978181070437442,0.2988575123024,0.4491665221324766,0.0,0.6160194036395213,0.0,0.915714819342258,0.0,0.0,0.0,0.326589252776901
plot_10552,2021-04-01 22:00:00,22,2.185008861504849,2.238069768068183,6.170653905292239,0.0,0.0,1.0,2.0,0.0,1.0,1.0,0.0,1.0,0.27099238165833583,0.34022423538078045,0.22216789882918506,0.0,0.0,0.20533980121318812,0.49999999999993155,0.0,0.1999999999999815,0.2686913984359034,0.0,0.33333333333328674
plot_10499,2021-04-01 22:00:00,22,2.208622030500573,2.052609497372481,6.902685622063733,1.0,0.0,1.0,1.0,1.0,1.0,0.0,1.0,0.0,0.3146861674351038,0.3074916759540396,0.31916193499192597,0.3899698887677819,0.0,0.21705195598521,0.23190556660740286,0.3703901852204306,0.2730107613410486,0.0,0.30117365713013616,0.0
plot_10500,2021-04-01 22:00:00,22,2.389476537417064,2.06930711882628,7.044857205633571,1.0,0.0,0.0,0.0,0.0,0.0,0.0,0.0,0.0,0.26603495666791227,0.236177325164765,0.2748011880195642,0.3614628360803445,0.0,0.0,0.0,0.0,0.0,0.0,0.0,0.0
plot_10549,2021-04-01 22:00:00,22,2.705337641351353,2.8612627570748455,7.617444089021051,0.0,0.0,0.0,0.0,0.0,0.0,0.0,0.0,0.0,0.36627755231583387,0.38686029601753436,0.298083123939071,0.0,0.0,0.0,0.0,0.0,0.0,0.0,0.0,0.0
plot_19877,2021-04-01 22:00:00,22,1.9710737104161893,1.6727152396883205,5.610844921402006,4.0,0.0,1.0,0.0,0.0,0.0,2.0,1.0,0.0,0.17975421694443613,0.16050467561521622,0.17257022750661907,0.9999999999998738,0.0,0.14842305332582698,0.0,0.0,0.0,0.3130890685725026,0.2757891810296365,0.0
plot_11486,2021-04-01 22:00:00,22,1.6025880710934497,1.580850548854479,5.074997715641165,0.0,1.0,0.0,0.0,0.0,0.0,0.0,0.0,0.0,0.1445424802618868,0.1504557310042317,0.17464092297214243,0.0,0.22458326106626375,0.0,0.0,0.0,0.0,0.0,0.0,0.0
plot_10648,2021-04-01 23:00:00,23,1.3976619550293803,1.259186873588644,3.9607582076759424,0.0,0.0,0.0,0.0,0.0,0.0,0.0,0.0,0.0,0.14945307507101502,0.13389747900898719,0.11922906793786894,0.0,0.0,0.0,0.0,0.0,0.0,0.0,0.0,0.0
plot_10810,2021-04-01 23:00:00,23,1.5920422367038716,1.2386171410794866,3.847602166356732,0.0,0.0,0.0,0.0,0.0,0.0,0.0,1.0,0.0,0.17634272791938901,0.10808942917844927,0.11077488665135152,0.0,0.0,0.0,0.0,0.0,0.0,0.0,0.6387958573954748,0.0
plot_10650,2021-04-01 23:00:00,23,1.160230435357874,1.1809002430093887,3.8314643884520643,0.0,1.0,2.0,0.0,0.0,0.0,0.0,0.0,1.0,0.09867288837382407,0.11774247920847385,0.12166193459642495,0.0,0.41204962400987455,0.851727809860717,0.0,0.0,0.0,0.0,0.0,0.524517135240618
plot_10846,2021-04-01 23:00:00,23,1.555529144043363,1.6846477276742091,5.373233947194989,0.0,0.0,0.0,0.0,0.0,1.0,1.0,1.0,1.0,0.14998301435330483,0.19848393128413563,0.22492400652533726,0.0,0.0,0.0,0.0,0.0,0.3614628360803445,0.20752146982423336,0.4478056265999673,0.4905091767052555
plot_10849,2021-04-01 23:00:00,23,2.364792922986855,1.9846436182518314,5.5765831502721745,0.0,0.0,0.0,0.0,0.0,0.0,0.0,0.0,0.0,0.2968092240728409,0.3077150830705069,0.2031054390380855,0.0,0.0,0.0,0.0,0.0,0.0,0.0,0.0,0.0
plot_10847,2021-04-01 23:00:00,23,1.723893468231417,1.8877411310383074,4.602191329301304,1.0,0.0,0.0,0.0,1.0,0.0,0.0,0.0,0.0,0.18703582248473613,0.23103080609976467,0.1292731941051244,0.5411084965243173,0.0,0.0,0.0,0.5411084965243173,0.0,0.0,0.0,0.0
plot_10605,2021-04-01 23:00:00,23,1.5618998829681574,1.2605486194251942,4.705958814813718,1.0,0.0,1.0,0.0,1.0,1.0,2.0,1.0,0.0,0.19087732282929323,0.13439379869180174,0.1367951121047651,0.36771890803950114,0.0,0.2555183429582352,0.0,0.4354523370358481,0.4803081137388923,0.8983330442649532,0.31939792869778455,0.0
plot_10646,2021-04-01 23:00:00,23,1.2209588744682955,1.1173404581702209,4.062831265710126,0.0,1.0,0.0,0.0,0.0,0.0,1.0,0.0,1.0,0.055030133867456865,0.06667619347709444,0.09345950226574957,0.0,0.6180744360147642,0.0,0.0,0.0,0.0,0.3703901852204306,0.0,0.6387958573954748
plot_10604,2021-04-01 23:00:00,23,1.981790127615821,1.5973164704524183,5.463231647569651,0.0,0.0,0.0,1.0,0.0,0.0,1.0,0.0,0.0,0.21095667341100202,0.14776602711821987,0.19838277993477635,0.0,0.0,0.0,0.42434259441250305,0.0,0.0,0.5127635398489478,0.0,0.0
plot_10552,2021-04-01 23:00:00,23,2.06384374985222,1.97267314656119,5.013896047030108,0.0,0.0,0.0,0.0,0.0,1.0,0.0,0.0,0.0,0.2486595757422084,0.28168322948130314,0.15316677394028327,0.0,0.0,0.0,0.0,0.0,0.18314296386847698,0.0,0.0,0.0
plot_10499,2021-04-01 23:00:00,23,2.073526435158333,1.561667240548212,6.204833701652584,2.0,0.0,0.0,2.0,0.0,0.0,0.0,1.0,0.0,0.2842143207008653,0.19307053842277372,0.2666424784004327,0.9395892605667209,0.0,0.0,0.6789481510600265,0.0,0.0,0.0,0.2730107613410486,0.0
plot_10500,2021-04-01 23:00:00,23,1.4761657978048472,1.5683874699832636,5.5815419614511,0.0,0.0,0.0,0.0,0.0,0.0,0.0,0.0,0.0,0.0995871537976238,0.12100074683682818,0.16544707461339622,0.0,0.0,0.0,0.0,0.0,0.0,0.0,0.0,0.0
plot_10549,2021-04-01 23:00:00,23,1.7425681810040077,1.854420661232142,5.562980810494797,0.0,0.0,1.0,0.0,1.0,1.0,1.0,0.0,0.0,0.17362220914253773,0.20792000211142833,0.1749685775604833,0.0,0.0,0.45324475577062895,0.0,0.37868932856561754,0.2710971270602707,0.36023108530419107,0.0,0.0
plot_19877,2021-04-01 23:00:00,23,2.135773572723319,1.669738614563712,5.46192017377327,0.0,0.0,1.0,0.0,0.0,0.0,0.0,0.0,0.0,0.2051589085878472,0.16001546254499163,0.16431815336892722,0.0,0.0,0.2184086090728444,0.0,0.0,0.0,0.0,0.0,0.0
plot_11486,2021-04-01 23:00:00,23,2.069150531757417,2.244126033509136,6.2763315453482,0.0,0.0,0.0,0.0,0.0,1.0,0.0,0.0,1.0,0.2352999318275755,0.2828105204912863,0.2568969095169308,0.0,0.0,0.0,0.0,0.0,0.25147573142623914,0.0,0.0,0.23414968596605215
plot_10648,2021-04-02 00:00:00,0,1.3883803201831615,1.0863780152762836,3.9884759415060542,0.0,2.0,1.0,0.0,1.0,0.0,0.0,0.0,0.0,0.14736293066127118,0.09227155408090448,0.12140277849773704,0.0,0.999999999999813,0.22005725286464958,0.0,0.3333333333332677,0.0,0.0,0.0,0.0
plot_10810,2021-04-02 00:00:00,0,1.5680530945188205,1.1780248966668163,4.158647719236761,0.0,0.0,1.0,0.0,1.0,0.0,1.0,0.0,0.0,0.1707465886861314,0.0935356274142612,0.13745887373691124,0.0,0.0,0.2427576381887179,0.0,0.2136917124463666,0.0,0.3947329762992079,0.0,0.0
plot_10650,2021-04-02 00:00:00,0,2.02679513191777,1.6580249520862278,5.381169301013742,2.0,0.0,0.0,0.0,0.0,2.0,1.0,0.0,0.0,0.2919020501768688,0.2358669363235963,0.2360254228179762,0.6023473142602723,0.0,0.0,0.0,0.0,0.6666666666665545,0.4999999999998844,0.0,0.0
plot_10846,2021-04-02 00:00:00,0,1.4189188841681863,1.4552143665506683,4.30593439996843,0.0,0.0,2.0,0.0,0.0,0.0,0.0,0.0,0.0,0.12083647877704015,0.1518279381084991,0.14788856751660145,0.0,0.0,0.37217417670267333,0.0,0.0,0.0,0.0,0.0,0.0
plot_10849,2021-04-02 00:00:00,0,1.2795839905752344,1.1216412763443524,4.25894702053527,0.0,0.0,0.0,2.0,1.0,0.0,0.0,0.0,0.0,0.06710309387386114,0.08978681934736531,0.10003140771569279,0.0,0.0,0.0,0.8999518524899303,0.38393265315231945,0.0,0.0,0.0,0.0
plot_10847,2021-04-02 00:00:00,0,1.8762735986856562,1.639317863604938,5.446078516794038,0.0,0.0,0.0,0.0,0.0,0.0,0.0,0.0,0.0,0.2173162739571912,0.1817654646130118,0.17915926563405915,0.0,0.0,0.0,0.0,0.0,0.0,0.0,0.0,0.0
plot_10605,2021-04-02 00:00:00,0,1.0981998379912319,0.9994829143807631,3.4129977330124865,0.0,0.0,0.0,0.0,0.0,0.0,0.0,1.0,0.0,0.07791693278244949,0.07358829661737724,0.043604538059680724,0.0,0.0,0.0,0.0,0.0,0.0,0.0,0.39482338928842536,0.0
plot_10646,2021-04-02 00:00:00,0,1.62082678983264,1.6938818504480995,5.40963493582618,0.0,0.0,1.0,0.0,0.0,1.0,2.0,1.0,0.0,0.12662653762127002,0.20127373494418915,0.18175539612152683,0.0,0.0,0.23260886043916396,0.0,0.0,0.49999999999987377,0.8089640516823563,0.3735186623995538,0.0
plot_10604,2021-04-02 00:00:00,0,1.7445300429121635,1.5198229578900129,4.6199595844334835,0.0,1.0,0.0,0.0,0.0,0.0,0.0,0.0,0.0,0.16330756706282068,0.1308606771487261,0.14061905740970748,0.0,0.5264311857178746,0.0,0.0,0.0,0.0,0.0,0.0,0.0
plot_10552,2021-04-02 00:00:00,0,1.8404195626414381,1.9517330461373317,5.101192177457666,1.0,0.0,1.0,0.0,1.0,1.0,0.0,0.0,0.0,0.20747867026628256,0.27706427640086073,0.15837402726035088,0.2757891810296365,0.0,0.22005725286464958,0.0,0.3582551979145189,0.18314296386847698,0.0,0.0,0.0
plot_10499,2021-04-02 00:00:00,0,1.9477807921016574,1.786578717232881,4.629598818524509,0.0,0.0,0.0,1.0,0.0,2.0,1.0,0.0,0.0,0.25585142735105343,0.24548938534087114,0.14809228509135772,0.0,0.0,0.0,0.33947407553001324,0.0,0.4999999999999369,0.26965468389413555,0.0,0.0
plot_10500,2021-04-02 00:00:00,0,1.5678511551855758,1.5230359886480969,4.70183785174073,0.0,0.0,0.0,0.0,0.0,0.0,0.0,0.0,0.0,0.11629650104331486,0.11057306955494785,0.0997064467072852,0.0,0.0,0.0,0.0,0.0,0.0,0.0,0.0,0.0
plot_10549,2021-04-02 00:00:00,0,3.1590259115129915,2.4814093000719417,7.699195214217383,0.0,0.0,1.0,0.0,1.0,0.0,0.0,0.0,0.0,0.4570630134065457,0.31935111109369607,0.3029820933193879,0.0,0.0,0.3300858792969513,0.0,0.2686913984359034,0.0,0.0,0.0,0.0
plot_19877,2021-04-02 00:00:00,0,2.295962985251747,1.955691971880876,6.999052034234082,0.0,0.0,1.0,0.0,1.0,0.0,0.0,0.0,0.0,0.22986787053120958,0.20701235130926618,0.24949221794785711,0.0,0.0,0.1590610742958446,0.0,0.3582551979145189,0.0,0.0,0.0,0.0
plot_11486,2021-04-02 00:00:00,0,1.3965003796755155,1.253427644126934,4.580388359483301,1.0,0.0,1.0,0.0,1.0,3.0,0.0,0.0,3.0,0.10445354201869846,0.08511939545277135,0.14077474894209013,0.46979463028336044,0.0,0.2651017904930565,0.0,0.2136917124463666,0.7544271942787173,0.0,0.0,0.9999999999998918
plot_10648,2021-04-02 01:00:00,1,1.1657577913036747,1.2400156937711482,3.4806530586857103,0.0,1.0,0.0,0.0,0.0,1.0,0.0,0.0,0.0,0.09723025016586688,0.12927955548551015,0.08157773472990794,0.0,0.34156594468265444,0.0,0.0,0.0,0.35962193052033875,0.0,0.0,0.0
plot_10810,2021-04-02 01:00:00,1,1.1096628050638848,1.1449928328833048,3.8950588183690495,0.0,0.0,0.0,0.0,0.0,0.0,1.0,0.0,0.0,0.06381421639973985,0.08560157392561513,0.1148460996222343,0.0,0.0,0.0,0.0,0.0,0.0,0.33333333333327253,0.0,0.0
plot_10650,2021-04-02 01:00:00,1,1.516218605780004,1.45697624139634,4.081152424783659,0.0,1.0,1.0,0.0,1.0,1.0,1.0,0.0,0.0,0.17805218464049713,0.18609217230039485,0.1400881488844526,0.0,0.2814842381621834,0.4258639049303585,0.0,0.2924774165758508,0.3073929046646854,0.4222263572432425,0.0,0.0
plot_10846,2021-04-02 01:00:00,1,1.1166925401006593,1.1600614839142684,3.8514332458628133,1.0,0.0,1.0,0.0,0.0,0.0,0.0,0.0,0.0,0.0563548586008001,0.09180767422613206,0.11508362908344481,0.4429299186487171,0.0,0.2555183429582352,0.0,0.0,0.0,0.0,0.0,0.0
plot_10849,2021-04-02 01:00:00,1,1.1460147513993366,1.4385317085090308,4.158950097137913,1.0,0.0,1.0,0.0,0.0,0.0,0.0,0.0,0.0,0.03883049849765586,0.16980906067695845,0.09220900076904949,0.33333333333327253,0.0,0.4577038726365164,0.0,0.0,0.0,0.0,0.0,0.0
plot_10847,2021-04-02 01:00:00,1,1.91163246135551,1.5608855626711073,5.074767116911078,0.0,1.0,0.0,0.0,2.0,0.0,0.0,1.0,0.0,0.22434266461589483,0.16621138979136368,0.15720933283663802,0.0,0.28988195825924434,0.0,0.0,0.8983330442649532,0.0,0.0,0.3947329762992079,0.0
plot_10605,2021-04-02 01:00:00,1,1.6404224317395864,1.6281423112303508,5.109836192985767,0.0,0.0,0.0,1.0,1.0,1.0,1.0,0.0,0.0,0.21000593373364262,0.22001101519214494,0.16590470035566887,0.0,0.0,0.0,0.49999999999989525,0.3614628360803445,0.4429299186487171,0.4142118057493797,0.0,0.0
plot_10646,2021-04-02 01:00:00,1,1.8747521634277389,1.8288954269984166,5.021293455528996,1.0,0.0,0.0,0.0,0.0,0.0,0.0,0.0,0.0,0.1720919097421802,0.23279358020031846,0.1562958886335788,0.38274376433736,0.0,0.0,0.0,0.0,0.0,0.0,0.0,0.0
plot_10604,2021-04-02 01:00:00,1,1.6180082249747145,1.6794551888949303,4.745026703513406,0.0,0.0,0.0,0.0,1.0,0.0,1.0,0.0,0.0,0.13789810315827622,0.16568473715472973,0.14918609369533364,0.0,0.0,0.0,0.0,0.457857409671129,0.0,0.47285962176102225,0.0,0.0
plot_10552,2021-04-02 01:00:00,1,1.8024561888077713,1.791195284904754,5.365148152112713,0.0,0.0,0.0,0.0,0.0,0.0,0.0,0.0,0.0,0.20048137006835656,0.24165296643752887,0.1741191194957368,0.0,0.0,0.0,0.0,0.0,0.0,0.0,0.0,0.0
plot_10499,2021-04-02 01:00:00,1,2.0733878397914123,1.668006297310421,5.589624935736065,0.0,1.0,0.0,1.0,0.0,0.0,0.0,0.0,0.0,0.2841830594538336,0.2178543814707131,0.22034264152784427,0.0,0.1999999999999781,0.0,0.30295146285250363,0.0,0.0,0.0,0.0,0.0
plot_10500,2021-04-02 01:00:00,1,1.7529885135204517,1.4262157103210698,4.647289170097868,1.0,0.0,3.0,0.0,0.0,0.0,1.0,1.0,2.0,0.1500371603693329,0.08831115909441363,0.0956300026585778,0.33333333333327253,0.0,0.9999999999998459,0.0,0.0,0.0,0.2814842381621834,0.45324475577062895,0.8709046740716962
plot_10549,2021-04-02 01:00:00,1,1.6031934293132268,1.280035071139413,5.58691887077275,0.0,0.0,0.0,0.0,1.0,1.0,0.0,0.0,2.0,0.14573257229531889,0.10583773247747943,0.17640307554499704,0.0,0.0,0.0,0.0,0.3143446642827889,0.24999999999996578,0.0,0.0,0.9999999999997905
plot_19877,2021-04-02 01:00:00,1,2.963922139424713,2.7501892669078605,8.12633179806605,1.0,1.0,0.0,2.0,0.0,3.0,0.0,2.0,1.0,0.33289950701499615,0.3375892445068722,0.3119559543864218,0.23054467849852373,0.24852708344965038,0.0,0.9395892605667209,0.0,0.9999999999998175,0.0,0.4999999999999422,0.4354523370358481
plot_11486,2021-04-02 01:00:00,1,1.863997076892886,1.439194477664466,5.160952513592552,1.0,1.0,0.0,0.0,0.0,2.0,1.0,2.0,0.0,0.19539272472629202,0.12218865357458837,0.18052629515505472,0.35962193052033875,0.20710590287471334,0.0,0.0,0.0,0.4638111332148057,0.20710590287471334,0.4736795715590841,0.0
plot_10648,2021-04-02 02:00:00,2,1.3884242629170485,1.5704267698054881,4.230980744998162,0.0,1.0,0.0,0.0,0.0,0.0,0.0,0.0,0.0,0.14737282618734007,0.20886845376728713,0.1404207564969653,0.0,0.40448202584117815,0.0,0.0,0.0,0.0,0.0,0.0,0.0
plot_10810,2021-04-02 02:00:00,2,1.4583370617120892,1.1049633406206918,4.078923442063274,1.0,0.0,0.0,0.0,2.0,0.0,0.0,1.0,0.0,0.1451522514242625,0.07598679070115767,0.13061948457733225,0.4905091767052555,0.0,0.0,0.0,0.4999999999999369,0.0,0.0,0.49999999999985234,0.0
plot_10650,2021-04-02 02:00:00,2,1.7590541053016433,1.2045998283709558,4.7934314928065405,0.0,0.0,0.0,4.0,0.0,1.0,1.0,0.0,0.0,0.23220036332221058,0.12360991931675332,0.1926521681025631,0.0,0.0,0.0,0.9999999999998631,0.0,0.33333333333327725,0.6180744360147642,0.0,0.0
plot_10846,2021-04-02 02:00:00,2,1.100628603517731,1.2453078899757204,3.988455048627739,0.0,0.0,0.0,1.0,0.0,0.0,0.0,0.0,0.0,0.05292753111063216,0.10914279811558704,0.1249735749352852,0.0,0.0,0.0,0.38650927767897203,0.0,0.0,0.0,0.0,0.0
plot_10849,2021-04-02 02:00:00,2,1.6949517473869595,1.3886334458051295,5.028186729194252,0.0,0.0,1.0,0.0,0.0,0.0,0.0,1.0,0.0,0.15502396991624726,0.15720858298899845,0.16020631946509656,0.0,0.0,0.4577038726365164,0.0,0.0,0.0,0.0,0.2136917124463666,0.0
plot_10847,2021-04-02 02:00:00,2,1.3973502104509035,0.9426887723404107,3.586153535144113,0.0,0.0,0.0,1.0,1.0,0.0,0.0,1.0,1.0,0.12214627788725582,0.043615482023485315,0.06921050465249762,0.0,0.0,0.0,0.23054467849852373,0.4491665221324766,0.0,0.0,0.3089664497109555,0.46979463028336044
plot_10605,2021-04-02 02:00:00,2,1.5822340816497604,1.544749264860926,4.8214183676289535,2.0,0.0,1.0,2.0,2.0,1.0,0.0,0.0,0.0,0.19583086777552713,0.20058772076461515,0.14511689545716971,0.6666666666665639,0.0,0.2555183429582352,0.76548752867472,0.722925672160689,0.4803081137388923,0.0,0.0,0.0
plot_10646,2021-04-02 02:00:00,2,1.7132091088097077,1.2401614421668683,4.1762558234056675,0.0,1.0,2.0,0.0,0.0,2.0,0.0,1.0,1.0,0.14316760419613897,0.09534959439494287,0.10089556954796973,0.0,0.4999999999998844,0.6387958573955691,0.0,0.0,0.9999999999997475,0.0,0.23650996403270116,0.7046919454249713
plot_10604,2021-04-02 02:00:00,2,1.5152899964023236,1.269129892878979,4.427092782872614,2.0,0.0,1.0,0.0,0.0,1.0,0.0,1.0,0.0,0.11726913051310542,0.0761715314538051,0.12740777614393564,0.981018353410511,0.0,0.45324475577062895,0.0,0.0,0.2694999132795104,0.0,0.2686913984359034,0.0
plot_10552,2021-04-02 02:00:00,2,2.1936515164011183,1.7438343335832842,5.847631722912728,0.0,0.0,0.0,1.0,0.0,0.0,0.0,0.0,0.0,0.27258537102438213,0.23120612007237282,0.20289948082012976,0.0,0.0,0.0,0.24999999999996578,0.0,0.0,0.0,0.0,0.0
plot_10499,2021-04-02 02:00:00,2,1.321704862327934,1.3114785319954907,4.248150506519964,0.0,0.0,0.0,0.0,1.0,1.0,1.0,1.0,0.0,0.11463520392251768,0.1347604699123591,0.11938496556085026,0.0,0.0,0.0,0.0,0.3703901852204306,0.24999999999996844,0.33333333333329174,0.2136917124463666,0.0
plot_10500,2021-04-02 02:00:00,2,2.1203211170666765,1.801840189790123,5.815529596199099,1.0,1.0,0.0,0.0,0.0,0.0,0.0,0.0,0.0,0.21698228882457482,0.1746785882447446,0.18293306093630166,0.3947329762992079,0.45324475577062895,0.0,0.0,0.0,0.0,0.0,0.0,0.0
plot_10549,2021-04-02 02:00:00,2,2.0081109739891603,2.140378195532024,6.009243598318761,0.0,1.0,0.0,1.0,0.0,0.0,0.0,0.0,1.0,0.22675874911057262,0.25874160109260597,0.20171105636886721,0.0,0.3640143484547162,0.0,0.3073929046646854,0.0,0.0,0.0,0.0,0.49999999999989525
plot_19877,2021-04-02 02:00:00,2,1.482310769871804,1.6719855675020094,5.287425931771314,0.0,0.0,0.0,0.0,0.0,0.0,0.0,2.0,0.0,0.10436331122465965,0.16038475283166798,0.15464924712917857,0.0,0.0,0.0,0.0,0.0,0.0,0.0,0.39136133571561926,0.0
plot_11486,2021-04-02 02:00:00,2,1.6233047498451023,1.1596068109634035,4.368941783388441,0.0,0.0,0.0,0.0,1.0,0.0,0.0,0.0,0.0,0.14857236506172544,0.06639770754156418,0.12629688584683216,0.0,0.0,0.0,0.0,0.24999999999996844,0.0,0.0,0.0,0.0
plot_10648,2021-04-02 03:00:00,3,1.5220310633669847,1.1215855027329742,3.7497187244011783,1.0,1.0,0.0,1.0,0.0,1.0,0.0,4.0,1.0,0.17745992955770826,0.1007522780674583,0.10267869783347391,0.41912621904369635,0.40448202584117815,0.0,0.2427576381887179,0.0,0.3899698887677819,0.0,0.9999999999998299,0.4999999999998844
plot_10810,2021-04-02 03:00:00,3,1.4315265368401469,1.607542284492949,4.552303205629867,0.0,0.0,0.0,0.0,1.0,0.0,0.0,0.0,1.0,0.13889794566615166,0.19670247619641756,0.17122980477197064,0.0,0.0,0.0,0.0,0.2730107613410486,0.0,0.0,0.0,0.3640143484547162
plot_10650,2021-04-02 03:00:00,3,1.6138134232586703,1.5131497578490207,5.563859349139726,0.0,0.0,0.0,0.0,0.0,1.0,0.0,1.0,0.0,0.1998141660050592,0.19999936681157177,0.24950739025428906,0.0,0.0,0.0,0.0,0.0,0.33333333333327725,0.0,0.3397829736562492,0.0
plot_10846,2021-04-02 03:00:00,3,1.3634750421717365,1.796744439105591,5.144341026185072,0.0,0.0,1.0,0.0,0.0,0.0,0.0,1.0,1.0,0.10900723612197978,0.22127914893662737,0.2084029963723667,0.0,0.0,0.23398193326068756,0.0,0.0,0.0,0.0,0.30431345485234407,0.4905091767052555
plot_10849,2021-04-02 03:00:00,3,1.4837445625846915,1.1394118344730617,4.241051205302563,0.0,0.0,0.0,1.0,0.0,0.0,0.0,1.0,0.0,0.11031775377468332,0.09427430065572537,0.09863148115159338,0.0,0.0,0.0,0.2651017904930565,0.0,0.0,0.0,0.18552881665727905,0.0
plot_10847,2021-04-02 03:00:00,3,1.8665856213027119,1.7887438784354792,4.911634991220642,1.0,0.0,1.0,0.0,0.0,0.0,0.0,1.0,1.0,0.21539111266394378,0.2113984523910414,0.1475658390006443,0.4491665221324766,0.0,0.49999999999987377,0.0,0.0,0.0,0.0,0.2682470889743152,0.4258639049303585
plot_10605,2021-04-02 03:00:00,3,2.014848346881001,1.8709187959563534,5.4937846137197015,1.0,2.0,0.0,0.0,0.0,1.0,0.0,1.0,0.0,0.3012185567993257,0.2765567267137561,0.19357790277105252,0.3052382731141095,0.7280286969094324,0.0,0.0,0.0,0.4803081137388923,0.0,0.21705195598521,0.0
plot_10646,2021-04-02 03:00:00,3,2.00283834088608,1.759500504721621,6.208635018203964,1.0,0.0,0.0,0.0,0.0,0.0,0.0,1.0,0.0,0.19502575695578853,0.21659285974232403,0.2341375124089787,0.41504293964842326,0.0,0.0,0.0,0.0,0.0,0.0,0.20533980121318812,0.0
plot_10604,2021-04-02 03:00:00,3,2.313300922620162,1.6677109015025606,6.005975659167421,0.0,1.0,2.0,1.0,2.0,2.0,0.0,2.0,0.0,0.2775342148734092,0.16312269961190398,0.23556047840077426,0.0,0.4258639049303585,0.8300858792968465,0.2499999999999603,0.9999999999997689,0.5389998265590208,0.0,0.4665599486953827,0.0
plot_10552,2021-04-02 03:00:00,3,2.270716992529519,2.3188562131075154,5.75510806883023,0.0,0.0,1.0,0.0,0.0,0.0,1.0,0.0,0.0,0.28678985858466066,0.3580440543701519,0.19738040337023427,0.0,0.0,0.2766952930989682,0.0,0.0,0.0,0.42434259441250305,0.0,0.0
plot_10499,2021-04-02 03:00:00,3,1.8476812674161378,1.2891400070452308,4.742972979327712,0.0,0.0,0.0,1.0,0.0,0.0,0.0,0.0,0.0,0.2332732125198436,0.12955415613502577,0.15662468163960067,0.0,0.0,0.0,0.19999999999997461,0.0,0.0,0.0,0.0,0.0
plot_10500,2021-04-02 03:00:00,3,2.0743115121303077,2.7736931025045677,6.965944980640573,0.0,1.0,0.0,1.0,1.0,0.0,1.0,0.0,0.0,0.2085971934562228,0.3981369680128899,0.2689040469658342,0.0,0.45324475577062895,0.0,0.26089976707451573,0.3947329762992079,0.0,0.41204962400987455,0.0,0.0
plot_10549,2021-04-02 03:00:00,3,2.27773621162188,2.011973363449267,5.364967344931215,1.0,0.0,1.0,1.0,0.0,1.0,0.0,1.0,0.0,0.2807122081926385,0.23592094382497183,0.16310254021412585,0.33333333333327725,0.0,0.41504293964842326,0.2651017904930565,0.0,0.2710971270602707,0.0,0.28940260798026574,0.0
plot_19877,2021-04-02 03:00:00,3,2.065600996267083,1.9036842411330355,5.682972027655974,0.0,0.0,0.0,1.0,0.0,0.0,0.0,0.0,0.0,0.19433490034811962,0.19846479810069295,0.17656686498710503,0.0,0.0,0.0,0.3101451472522034,0.0,0.0,0.0,0.0,0.0
plot_11486,2021-04-02 03:00:00,3,2.262996223222189,2.0881459119441588,8.015338250829185,0.0,0.0,0.0,1.0,1.0,0.0,0.0,0.0,0.0,0.2730075110642224,0.25168511840493196,0.3759676529107334,0.0,0.0,0.0,0.15507257362611696,0.2730107613410486,0.0,0.0,0.0,0.0
plot_10648,2021-04-02 04:00:00,4,1.7797074459312816,1.6719550790060762,5.836996793844481,2.0,0.0,2.0,0.0,0.0,1.0,0.0,0.0,0.0,0.2354864366831413,0.2333244325760804,0.26636951068055353,0.6220799315938106,0.0,0.5103250191165156,0.0,0.0,0.28940260798026574,0.0,0.0,0.0
plot_10810,2021-04-02 04:00:00,4,2.0177619614312827,1.7462531266450165,4.9804037998333,1.0,0.0,0.0,1.0,1.0,2.0,0.0,0.0,0.0,0.2756537760402874,0.2300197780853476,0.20795571395560358,0.33333333333325776,0.0,0.0,0.4634496745663909,0.24999999999996844,0.39999999999994557,0.0,0.0,0.0
plot_10650,2021-04-02 04:00:00,4,1.426455704481015,2.014770627873052,5.036194358595117,0.0,0.0,0.0,0.0,1.0,0.0,2.0,0.0,0.0,0.15803658713477275,0.3241884767485747,0.21056732596080918,0.0,0.0,0.0,0.0,0.2924774165758508,0.0,0.9999999999997689,0.0,0.0
plot_10846,2021-04-02 04:00:00,4,2.479627812290148,2.2054918610831944,7.67587343259815,1.0,1.0,0.0,0.0,0.0,1.0,0.0,0.0,1.0,0.3471444481624791,0.30439921847210083,0.3911236869223045,0.3564439838915109,0.4905091767052555,0.0,0.0,0.0,0.2682470889743152,0.0,0.0,0.357224547740636
plot_10849,2021-04-02 04:00:00,4,1.7242653590796073,2.2882009197813753,6.15282466748038,0.0,0.0,2.0,1.0,0.0,0.0,0.0,0.0,0.0,0.161228780900534,0.3843703972572532,0.24818278236035865,0.0,0.0,0.7730185553579441,0.2849222832618101,0.0,0.0,0.0,0.0,0.0
plot_10847,2021-04-02 04:00:00,4,2.218246608264435,2.2002399208611325,6.321774491182,0.0,0.0,0.0,0.0,0.0,0.0,1.0,0.0,2.0,0.2852719653624385,0.29300309941141167,0.2309257015550859,0.0,0.0,0.0,0.0,0.0,0.0,0.45324475577062895,0.0,0.6202902945044068
plot_10605,2021-04-02 04:00:00,4,2.4391388410724484,2.4528566106814673,7.252561590133898,1.0,0.0,0.0,2.0,1.0,0.0,1.0,0.0,0.0,0.4045785202848133,0.4120973983405856,0.32034230299645206,0.22652198243751695,0.0,0.0,0.709529892098054,0.3614628360803445,0.0,0.4905091767052555,0.0,0.0
plot_10646,2021-04-02 04:00:00,4,1.8300546188761886,1.6551274083512677,6.12596549987911,1.0,1.0,1.0,0.0,0.0,1.0,0.0,1.0,0.0,0.16408880840907883,0.19222624469105512,0.22871773283970376,0.3080097018197607,0.4999999999998844,0.26971644789026733,0.0,0.0,0.37105763331451125,0.0,0.33333333333328674,0.0
plot_10604,2021-04-02 04:00:00,4,2.4990428931436126,2.1040387883999796,7.687762429690638,0.0,0.0,0.0,0.0,2.0,0.0,0.0,0.0,1.0,0.31483690284069643,0.2583084175584283,0.35076204691656665,0.0,0.0,0.0,0.0,0.915714819342258,0.0,0.0,0.0,0.21560500134364052
plot_10552,2021-04-02 04:00:00,4,2.179361218468848,1.5881407641196885,5.9286173561083215,1.0,0.0,1.0,0.0,0.0,1.0,0.0,0.0,1.0,0.2699514242896159,0.1968633386280398,0.2077303101509383,0.16989148682814426,0.0,0.2551625095582578,0.0,0.0,0.13591318946251854,0.0,0.0,0.22005725286464958
plot_10499,2021-04-02 04:00:00,4,2.7275827316934955,2.2763147703148454,8.164838642297697,1.0,0.0,0.0,3.0,0.0,1.0,0.0,1.0,0.0,0.4317417302592109,0.3596293997820576,0.4141499816235747,0.28940260798026574,0.0,0.0,0.6448593562461886,0.0,0.18552881665727905,0.0,0.30117365713013616,0.0
plot_10500,2021-04-02 04:00:00,4,2.018469150577019,1.8261568747820454,6.15828343884571,0.0,1.0,0.0,1.0,0.0,0.0,1.0,2.0,1.0,0.19842011134769566,0.18026972961864912,0.20854718798663363,0.0,0.45324475577062895,0.0,0.2804060930674569,0.0,0.0,0.33333333333328197,0.9999999999997905,0.2874733351248409
plot_10549,2021-04-02 04:00:00,4,1.9647816548326638,2.0386944863356624,6.530722790977495,1.0,0.0,0.0,1.0,0.0,1.0,0.0,0.0,2.0,0.21808831948503335,0.24066993634578096,0.2329609087858481,0.24737175554302832,0.0,0.0,0.2849222832618101,0.0,0.2011853167307456,0.0,0.0,0.6601717585939026
plot_19877,2021-04-02 04:00:00,4,1.9993755955999537,2.270149878583208,7.374162609718431,1.0,3.0,1.0,0.0,0.0,3.0,0.0,0.0,3.0,0.1841197376919883,0.25869400806961873,0.2702774825060749,0.18552881665727905,0.8829165180695401,0.18443574279882363,0.0,0.0,0.8047412669229457,0.0,0.0,0.8624200053745228
plot_11486,2021-04-02 04:00:00,4,2.9693913542115857,2.2445651074889685,8.723010353525781,0.0,0.0,2.0,1.0,2.0,1.0,0.0,0.0,1.0,0.4104180986965244,0.2828981364902407,0.42442235011319945,0.0,0.0,0.6147858093293708,0.16666666666665025,0.4999999999999369,0.186623979478159,0.0,0.0,0.1705248742432727
plot_10648,2021-04-02 05:00:00,5,2.2936246173153787,1.6991480623291009,6.793783946236478,0.0,0.0,1.0,0.0,3.0,2.0,2.0,0.0,1.0,0.35121616755888674,0.23987463546168022,0.3414037234141066,0.0,0.0,0.2551625095582578,0.0,0.9999999999998032,0.7192438610406775,0.9999999999997475,0.0,0.391361335715574
plot_10810,2021-04-02 05:00:00,5,2.778115723806093,3.0377043773796726,8.368861803651633,0.0,0.0,0.0,0.0,0.0,0.0,0.0,0.0,0.0,0.4530275849058763,0.5402166634044632,0.4986448711438569,0.0,0.0,0.0,0.0,0.0,0.0,0.0,0.0,0.0
plot_10650,2021-04-02 05:00:00,5,2.7896650537376573,2.7288421135175605,8.210078741898869,0.0,0.0,0.0,1.0,1.0,0.0,0.0,1.0,0.0,0.4620090440841869,0.5009751846647273,0.44479029727895536,0.0,0.0,0.0,0.21560500134364052,0.24999999999996309,0.0,0.0,0.4222263572432425,0.0
plot_10846,2021-04-02 05:00:00,5,2.5752051885014815,1.8884891602981573,7.090731321262813,0.0,1.0,2.0,1.0,1.0,2.0,1.0,1.0,1.0,0.3675363967509311,0.23993572557787793,0.3488893586623978,0.0,0.357224547740636,0.43154631662444043,0.33333333333326276,0.2686913984359034,0.6666666666665451,0.20752146982423336,0.37815067694475113,0.38393265315231945
plot_10849,2021-04-02 05:00:00,5,2.7269074312323265,2.593994006988121,7.4978307142068275,0.0,1.0,0.0,2.0,0.0,1.0,0.0,0.0,0.0,0.3734579871761136,0.46159029958823644,0.35339786584229915,0.0,0.17861227387033826,0.0,0.530203580986113,0.0,0.3073929046646854,0.0,0.0,0.0
plot_10847,2021-04-02 05:00:00,5,2.35914578076819,1.7584679019186973,5.954190342153752,1.0,1.0,2.0,1.0,2.0,1.0,0.0,1.0,0.0,0.3132709606565807,0.20539435970940792,0.20919610378052117,0.4905091767052555,0.2499999999999603,0.9221787139939785,0.19882634286980072,0.7678653063046389,0.38274376433736,0.0,0.33333333333327253,0.0
plot_10605,2021-04-02 05:00:00,5,2.6112932672874694,2.099654619932337,7.020483745454069,3.0,2.0,0.0,1.0,1.0,1.0,1.0,0.0,1.0,0.44651647423628865,0.32983219089967736,0.303615219812533,0.9999999999998459,0.530203580986113,0.0,0.3300858792969513,0.3089664497109555,0.4429299186487171,0.4491665221324766,0.0,0.24999999999996309
plot_10646,2021-04-02 05:00:00,5,2.537601272703117,1.9284323515820718,8.098882574841145,0.0,1.0,1.0,0.0,0.0,0.0,0.0,2.0,0.0,0.29077513145626493,0.25603115778555174,0.35806136361707425,0.0,0.3641364572830488,0.26971644789026733,0.0,0.0,0.0,0.0,0.5103250191165156,0.0
plot_10604,2021-04-02 05:00:00,5,2.152787072001687,2.020520646251836,7.809132925571919,0.0,0.0,1.0,1.0,2.0,0.0,1.0,0.0,0.0,0.24529810761571877,0.2400887837448327,0.3590758663270459,0.0,0.0,0.38274376433736,0.2499999999999603,0.782722671431148,0.0,0.5127635398489478,0.0,0.0
plot_10552,2021-04-02 05:00:00,5,2.448709614413121,2.7823547139621456,7.630056165051408,0.0,1.0,0.0,0.0,0.0,0.0,0.0,0.0,1.0,0.319596948223016,0.4602822378061639,0.30922189796092747,0.0,0.2945733038490225,0.0,0.0,0.0,0.0,0.0,0.0,0.23650996403270116
plot_10499,2021-04-02 05:00:00,5,2.147193107033582,2.0851887355328684,7.193475615879824,0.0,0.0,0.0,2.0,0.0,0.0,0.0,0.0,0.0,0.3008304030321755,0.3150847348899867,0.3410464236789629,0.0,0.0,0.0,0.39999999999994923,0.0,0.0,0.0,0.0,0.0
plot_10500,2021-04-02 05:00:00,5,2.722434789361876,2.579957195434996,9.86904272639889,0.0,1.0,3.0,0.0,1.0,0.0,3.0,1.0,3.0,0.32671547544433316,0.35359122314727903,0.48585366283360865,0.0,0.3300858792969513,0.84445271448655,0.0,0.3089664497109555,0.0,0.9157148193423286,0.38274376433736,0.9268993491328664
plot_10549,2021-04-02 05:00:00,5,3.1533400738288617,2.4168566078872185,7.707794006878678,1.0,0.0,0.0,2.0,0.0,0.0,0.0,0.0,1.0,0.45592524672887347,0.30787852988194525,0.30349737946198485,0.3640143484547162,0.0,0.0,0.530203580986113,0.0,0.0,0.0,0.0,0.354764946049027
plot_19877,2021-04-02 05:00:00,5,3.841599108237373,3.55804282375584,10.763818640338336,0.0,0.0,0.0,0.0,0.0,0.0,0.0,0.0,0.0,0.46827978264406783,0.4703612605629647,0.45810182541301797,0.0,0.0,0.0,0.0,0.0,0.0,0.0,0.0,0.0
plot_11486,2021-04-02 05:00:00,5,2.790253121462243,2.1104585473214943,8.767514014992933,2.0,2.0,0.0,0.0,0.0,1.0,0.0,1.0,1.0,0.3755714686029362,0.25613754311622106,0.4274695402349732,0.851727809860717,0.3572245477406765,0.0,0.0,0.0,0.23190556660740286,0.0,0.1999999999999781,0.1832742677141551
plot_10648,2021-04-02 06:00:00,6,3.1724360011380637,2.2637678682016404,9.302730889158473,0.0,0.0,0.0,0.0,1.0,0.0,0.0,0.0,1.0,0.5491169395187474,0.3758793627753488,0.5381631157008432,0.0,0.0,0.0,0.0,0.35962193052033875,0.0,0.0,0.0,0.457857409671129
plot_10810,2021-04-02 06:00:00,6,2.6652869110196358,2.5544818134177096,8.335303130163037,0.0,1.0,0.0,1.0,0.0,2.0,0.0,0.0,2.0,0.4267071045399869,0.4241502349026911,0.49576593845478034,0.0,0.2551625095582578,0.0,0.3762822506437235,0.0,0.3740653212255221,0.0,0.0,0.6666666666665545
plot_10650,2021-04-02 06:00:00,6,2.2564934162560966,2.4053078922661695,8.227418160634343,0.0,1.0,1.0,1.0,2.0,3.0,2.0,1.0,0.0,0.3431208537197437,0.4208759914843345,0.44606989340996656,0.0,0.2814842381621834,0.3333333333332677,0.1881411253218875,0.5394328957805347,0.693998963995026,0.782722671431148,0.457857409671129,0.0
plot_10846,2021-04-02 06:00:00,6,2.5768669342671005,2.55016402359317,8.214228468930573,1.0,0.0,2.0,2.0,2.0,1.0,2.0,0.0,0.0,0.36789093917051635,0.3744893831419124,0.4299810224043635,0.4803081137388923,0.0,0.3999999999999527,0.5817463235990532,0.5797639165184887,0.2508548337625052,0.3547649460490641,0.0,0.0
plot_10849,2021-04-02 06:00:00,6,2.108025712580865,2.013674325316346,5.7331890672411445,0.0,1.0,1.0,1.0,0.0,2.0,1.0,0.0,0.0,0.24245931918100055,0.3150460151873783,0.2153561680721738,0.0,0.20710590287471334,0.3582551979145189,0.231332987998342,0.0,0.462665975996684,0.23172483728322718,0.0,0.0
plot_10847,2021-04-02 06:00:00,6,3.884611915292293,3.4555849609114073,11.133315535961774,2.0,0.0,0.0,1.0,0.0,2.0,0.0,0.0,0.0,0.6164063046258681,0.5419532187812325,0.5153581284028462,0.8983330442649532,0.0,0.0,0.1734997409987638,0.0,0.5760787402590086,0.0,0.0,0.0
plot_10605,2021-04-02 06:00:00,6,2.8245367939842865,2.1135966474983694,8.116280163107765,0.0,0.0,0.0,0.0,1.0,1.0,0.0,1.0,0.0,0.49846400413535447,0.3330794653202826,0.3825950890715783,0.0,0.0,0.0,0.0,0.33333333333327253,0.3333333333332525,0.0,0.2924774165758508,0.0
plot_10646,2021-04-02 06:00:00,6,2.9392754224104762,3.0369370316421076,8.316522060413341,0.0,0.0,0.0,0.0,0.0,0.0,0.0,0.0,0.0,0.3626949417108939,0.5148191765457687,0.37232971864409364,0.0,0.0,0.0,0.0,0.0,0.0,0.0,0.0,0.0
plot_10604,2021-04-02 06:00:00,6,4.498537464023636,3.7489465093147807,13.359449543965038,0.0,0.0,0.0,2.0,1.0,0.0,1.0,0.0,0.0,0.7163967757096316,0.6171480129012455,0.739269831106084,0.0,0.0,0.0,0.436309742699313,0.4222263572432425,0.0,0.43829327564158493,0.0,0.0
plot_10552,2021-04-02 06:00:00,6,3.56366568438922,3.101267448886753,10.058701669136827,0.0,0.0,2.0,1.0,0.0,0.0,0.0,2.0,0.0,0.5251024536953426,0.530627791531112,0.454091691186307,0.0,0.0,0.47301992806540233,0.1881411253218875,0.0,0.0,0.0,0.48030811373895055,0.0
plot_10499,2021-04-02 06:00:00,6,4.441290758660375,3.9255600727973716,15.949316756321362,1.0,0.0,2.0,0.0,0.0,3.0,2.0,0.0,1.0,0.8182817074707529,0.7440096827074584,1.0,0.3899698887677819,0.0,0.49999999999992617,0.0,0.0,0.5204992229962915,0.4221296690831767,0.0,0.3143446642827889
plot_10500,2021-04-02 06:00:00,6,2.858281510348242,2.5954177949867305,8.962367373367842,0.0,1.0,0.0,2.0,0.0,1.0,3.0,1.0,0.0,0.35147308230759455,0.35714608261302394,0.4180974634964472,0.0,0.38274376433736,0.0,0.4553324409704429,0.0,0.2181548713496565,0.7827226714312084,0.41504293964842326,0.0
plot_10549,2021-04-02 06:00:00,6,3.020665297747666,4.153925125124339,11.634690751904683,1.0,2.0,1.0,1.0,1.0,0.0,0.0,0.0,2.0,0.4293763110084349,0.6165977940971502,0.538818261802716,0.33333333333327725,0.6147858093293708,0.354764946049027,0.231332987998342,0.28988195825924434,0.0,0.0,0.0,0.8300858792968465
plot_19877,2021-04-02 06:00:00,6,5.5517700576035915,4.700796473780829,15.052254039640497,0.0,0.0,0.0,1.0,0.0,1.0,0.0,1.0,0.0,0.7320709298713213,0.6581746392169721,0.6957284617727835,0.0,0.0,0.0,0.2706386987941417,0.0,0.2508548337625052,0.0,0.22892870483559094,0.0
plot_11486,2021-04-02 06:00:00,6,4.966583786021905,4.409771557177374,12.811989863545106,1.0,3.0,2.0,0.0,0.0,1.0,2.0,0.0,2.0,0.7989193406083429,0.714959098299693,0.7043970209672514,0.3899698887677819,0.62131770862414,0.5698445665236203,0.0,0.0,0.17452389707973073,0.38393265315236297,0.0,0.4288286747669989
plot_10648,2021-04-02 07:00:00,7,3.248962868201478,3.1002495336988627,11.231293088681545,0.0,0.0,0.0,2.0,0.0,3.0,3.0,3.0,1.0,0.566350132381637,0.5773697455702362,0.6894069383077085,0.0,0.0,0.0,0.4855152763774358,0.0,0.8119160963824251,0.9144953026176791,0.6569790272111146,0.3397829736562492
plot_10810,2021-04-02 07:00:00,7,2.701603803041898,2.830494500588848,8.892168837903482,0.0,0.0,1.0,1.0,2.0,0.0,0.0,0.0,0.0,0.4351790366627789,0.4904464081576565,0.5435383538330141,0.0,0.0,0.26090755714373615,0.43121000268722204,0.3469994819975276,0.0,0.0,0.0,0.0
plot_10650,2021-04-02 07:00:00,7,3.175629463071666,3.0870310156571326,11.214283094902056,1.0,2.0,0.0,0.0,1.0,1.0,2.0,2.0,1.0,0.5480725308584407,0.5896540327834163,0.6664914007308933,0.18552881665727905,0.5218151142874723,0.0,0.0,0.20297902409561627,0.231332987998342,0.5582779338840685,0.5952807666549876,0.3564439838915109
plot_10846,2021-04-02 07:00:00,7,4.729611451485109,3.7964595260722116,13.84033295140288,0.0,0.0,0.0,1.0,1.0,1.0,2.0,2.0,1.0,0.8271905899803074,0.6279274802597014,0.8360614239584636,0.0,0.0,0.0,0.33333333333326276,0.2181548713496565,0.2508548337625052,0.253036545795501,0.5331401534298146,0.33333333333325776
plot_10849,2021-04-02 07:00:00,7,3.040486587110751,3.7891856082199844,10.717190750512543,0.0,1.0,1.0,0.0,2.0,1.0,1.0,1.0,0.0,0.4398332742351904,0.763404116103772,0.6052370570509469,0.0,0.19196632657618148,0.3582551979145189,0.0,0.6234422020424804,0.231332987998342,0.16527803283321885,0.16251805531619884,0.0
plot_10847,2021-04-02 07:00:00,7,3.010609246855392,3.070793481463832,10.515469870426195,1.0,0.0,0.0,0.0,0.0,2.0,1.0,1.0,0.0,0.4427275230845472,0.46564440990018785,0.4788344158479431,0.33333333333325776,0.0,0.0,0.0,0.0,0.5760787402590086,0.25303654579547447,0.23497694875545186,0.0
plot_10605,2021-04-02 07:00:00,7,3.9462471476920986,4.638579425362698,12.336021967183845,2.0,0.0,1.0,0.0,0.0,0.0,3.0,0.0,1.0,0.7717200463699907,0.9211798652222366,0.6867342983477498,0.4530439648750339,0.0,0.19999999999997636,0.0,0.0,0.0,0.8215213491667467,0.0,0.21705195598521
plot_10646,2021-04-02 07:00:00,7,2.6843791006829574,2.804552226283115,8.357693959729724,0.0,1.0,0.0,1.0,2.0,0.0,2.0,0.0,2.0,0.3170557211969477,0.46056735023360973,0.37502893140430754,0.0,0.391361335715574,0.0,0.2427576381887179,0.3840524935060326,0.0,0.45162677935981516,0.0,0.8682078239407117
plot_10604,2021-04-02 07:00:00,7,3.451063457929001,3.078283578248995,12.87023615533056,2.0,2.0,1.0,4.0,0.0,3.0,1.0,3.0,1.0,0.5060318490693207,0.4708416811021382,0.705758954045204,0.6666666666665155,0.6666666666665354,0.354764946049027,0.9999999999998412,0.0,0.5610979818382832,0.3126132323637295,0.6130402024592243,0.2011853167307456
plot_10552,2021-04-02 07:00:00,7,3.9115786291764736,4.067782361733777,12.28548289958181,2.0,0.0,2.0,0.0,2.0,0.0,1.0,2.0,1.0,0.5892287699729004,0.7438209923097417,0.5869201899812364,0.3397829736562885,0.0,0.47301992806540233,0.0,0.5817463235990532,0.0,0.1916444792597429,0.312234962389823,0.20533980121318812
plot_10499,2021-04-02 07:00:00,7,5.185504007464219,4.900198669899485,12.211019224014635,3.0,1.0,4.0,0.0,1.0,2.0,0.0,2.0,0.0,0.9861447084641685,0.9711631929464819,0.7186604360730323,0.8682078239407972,0.18537986982658683,0.9999999999998523,0.0,0.2570504048169479,0.3469994819975276,0.0,0.3250361106323977,0.0
plot_10500,2021-04-02 07:00:00,7,3.8920031394253884,3.2153286486145634,13.260814059613589,0.0,1.0,0.0,1.0,3.0,1.0,1.0,1.0,2.0,0.5398653637915961,0.4996823379867477,0.7393220446431397,0.0,0.354764946049027,0.0,0.26089976707451573,0.7525645012875157,0.2181548713496565,0.1860926446280372,0.269807885697555,0.5364941779486304
plot_10549,2021-04-02 07:00:00,7,3.8437285637054774,4.7972882905638565,13.158510039412327,1.0,0.0,0.0,0.0,0.0,0.0,0.0,0.0,0.0,0.5940756938692379,0.7309390541492085,0.6301337515003571,0.24737175554302832,0.0,0.0,0.0,0.0,0.0,0.0,0.0,0.0
plot_19877,2021-04-02 07:00:00,7,4.109996838557011,4.182081425674777,11.418870057927089,1.0,0.0,0.0,1.0,2.0,2.0,2.0,2.0,3.0,0.5096797053947418,0.5729229966242372,0.49439890127188274,0.18552881665727905,0.0,0.0,0.3101451472522034,0.5817463235990532,0.5017096675250104,0.2233111735536584,0.2976403833275282,0.8047412669229457
plot_11486,2021-04-02 07:00:00,7,4.08645050356015,4.184398939823134,12.55698493949104,1.0,4.0,3.0,1.0,1.0,1.0,2.0,3.0,0.0,0.6277125666199305,0.6699866154985266,0.6869366938848439,0.28940260798026574,0.7678653063047259,0.8547668497854304,0.15507257362611696,0.1734997409987638,0.17452389707973073,0.27384044972227994,0.4229585077598442,0.0
plot_10648,2021-04-02 08:00:00,8,4.341108606362266,3.7047864286183705,10.783555516108912,3.0,2.0,1.0,2.0,0.0,2.0,1.0,3.0,3.0,0.8122919677440029,0.7229896382651452,0.6542939707211043,0.933119897390716,0.6831318893653089,0.17987192379838254,0.3721852892560744,0.0,0.5412773975882834,0.30483176753922636,0.7499999999998724,0.9532577039077896
plot_10810,2021-04-02 08:00:00,8,3.8657418496765215,3.1277958827726944,11.522913792966513,0.0,2.0,1.0,1.0,2.0,2.0,3.0,1.0,2.0,0.7067468378557497,0.5618559659725842,0.7692247967231948,0.0,0.5103250191165156,0.1984269222183445,0.33055606566639245,0.3469994819975276,0.3740653212255221,0.6611121313328453,0.43410391197035586,0.462665975996684
plot_10650,2021-04-02 08:00:00,8,3.3827715609173223,2.4439057853542536,9.142279530896174,1.0,0.0,0.0,3.0,0.0,0.0,1.0,0.0,2.0,0.5942616891517982,0.43043188972242646,0.5135838676473857,0.18552881665727905,0.0,0.0,0.49583409849965654,0.0,0.0,0.2791389669420343,0.0,0.666666666666505
plot_10846,2021-04-02 08:00:00,8,2.9799225007763965,2.6919664244525716,9.767663794264456,2.0,0.0,2.0,2.0,0.0,1.0,2.0,3.0,0.0,0.45388501764755596,0.4033253458562567,0.5421047205449112,0.7128879677830218,0.0,0.30421031018125094,0.5110519446926206,0.0,0.2508548337625052,0.253036545795501,0.9129403645570322,0.0
plot_10849,2021-04-02 08:00:00,8,2.898542495821007,3.921504816970034,9.71901929086944,2.0,2.0,0.0,1.0,1.0,0.0,1.0,3.0,0.0,0.4097879742556556,0.79681780923047,0.5271536211353613,0.5364941779486304,0.4142118057494267,0.0,0.20322117835950132,0.3117211010212402,0.0,0.16527803283321885,0.5565864499718371,0.0
plot_10847,2021-04-02 08:00:00,8,4.050654822917131,2.939535095390779,11.5875829695853,0.0,0.0,0.0,1.0,0.0,0.0,1.0,1.0,1.0,0.6494017758312766,0.43961428285251336,0.5422119757213943,0.0,0.0,0.0,0.15241588376963242,0.0,0.0,0.25303654579547447,0.2682470889743152,0.2706386987941417
plot_10605,2021-04-02 08:00:00,8,2.9136556496928727,3.991222668802224,11.412526107318238,1.0,0.0,2.0,0.0,1.0,1.0,0.0,0.0,0.0,0.5201739453148323,0.7704022952720534,0.6201730456383934,0.22652198243751695,0.0,0.30421031018125094,0.0,0.2508548337625052,0.3333333333332525,0.0,0.0,0.0
plot_10646,2021-04-02 08:00:00,8,4.537725457470764,4.5881046308457245,13.969305779428218,0.0,0.0,1.0,0.0,1.0,0.0,0.0,1.0,1.0,0.6488976343830398,0.876949889193013,0.7429238908450013,0.0,0.0,0.1901314438632762,0.0,0.1920262467530163,0.0,0.0,0.20533980121318812,0.4059580481911726
plot_10604,2021-04-02 08:00:00,8,3.552146363005479,4.235296501626202,11.47670825568612,1.0,0.0,1.0,1.0,0.0,1.0,1.0,1.0,0.0,0.5263323985696219,0.7232461436455976,0.6103029767338751,0.33333333333325776,0.0,0.269807885697555,0.1916444792597429,0.0,0.18703266061276105,0.3126132323637295,0.23327997434769135,0.0
plot_10552,2021-04-02 08:00:00,8,4.427186763665447,4.910696166787257,14.269811334794817,0.0,1.0,0.0,2.0,2.0,2.0,0.0,1.0,0.0,0.6842641827188675,0.929750344967633,0.7052862708345243,0.0,0.34156594468265444,0.0,0.3305560656664377,0.5817463235990532,0.2542020543754458,0.0,0.17822199194577706,0.0
plot_10499,2021-04-02 08:00:00,8,4.434455802062214,3.325181774258447,12.774930281497353,3.0,5.0,2.0,3.0,1.0,1.0,3.0,1.0,2.0,0.8167400306354222,0.604082905346146,0.761099672017927,0.8682078239407972,0.9999999999998905,0.3802628877265524,0.4599467502233976,0.2570504048169479,0.1734997409987638,0.4516267793598433,0.18552881665727905,0.436309742699313
plot_10500,2021-04-02 08:00:00,8,3.9353101590954505,3.119997348489698,13.217173276845005,0.0,1.0,1.0,5.0,3.0,0.0,2.0,0.0,1.0,0.5477579221075125,0.4777627886512482,0.7360607520905046,0.0,0.38274376433736,0.1984269222183445,0.9999999999998344,0.7525645012875157,0.0,0.3721852892560744,0.0,0.2508548337625052
plot_10549,2021-04-02 08:00:00,8,5.584834120580735,4.916541337611622,16.482603571818395,1.0,0.0,1.0,1.0,2.0,1.0,1.0,0.0,2.0,0.9424802729257016,0.7521332169439866,0.8293314064984728,0.24737175554302832,0.0,0.269807885697555,0.20322117835950132,0.436309742699313,0.1881411253218875,0.21961975691175623,0.0,0.5760787402590086
plot_19877,2021-04-02 08:00:00,8,5.312619658749647,5.39742099464628,15.29986814246969,3.0,0.0,1.0,0.0,1.0,3.0,2.0,0.0,2.0,0.6951823614525228,0.7726659864238772,0.7094490150496539,0.5565864499718371,0.0,0.13001444425296235,0.0,0.2908731617995266,0.7525645012875157,0.2233111735536584,0.0,0.5017096675250104
plot_11486,2021-04-02 08:00:00,8,5.87229137255673,4.0240671555229275,13.468575655025655,0.0,0.0,2.0,1.0,3.0,2.0,2.0,0.0,1.0,0.9751009225998137,0.6379928511425493,0.7493538104074472,0.0,0.0,0.4333814808431787,0.11887521048020015,0.5204992229962915,0.34904779415946147,0.27384044972227994,0.0,0.14880332800985363
plot_10648,2021-04-02 09:00:00,9,2.3663697107280632,2.41559702002481,9.200890816214697,0.0,0.0,0.0,0.0,0.0,0.0,0.0,0.0,0.0,0.36759773749263164,0.4124517291309089,0.5301765016676594,0.0,0.0,0.0,0.0,0.0,0.0,0.0,0.0,0.0
plot_10810,2021-04-02 09:00:00,9,3.3450580392761546,2.9738396239145573,9.729874788386422,0.0,0.0,0.0,1.0,0.0,0.0,0.0,0.0,0.0,0.5852827572718553,0.5248768295584062,0.6154035020635854,0.0,0.0,0.0,0.4023706334614361,0.0,0.0,0.0,0.0,0.0
plot_10650,2021-04-02 09:00:00,9,4.611815289825379,4.060034036209327,15.733556883295496,0.0,0.0,0.0,0.0,1.0,0.0,0.0,0.0,0.0,0.8683174988322213,0.8305458822046803,1.0,0.0,0.0,0.0,0.0,0.23260886043916396,0.0,0.0,0.0,0.0
plot_10846,2021-04-02 09:00:00,9,5.5395718102349445,5.370429884576302,14.601958393623145,1.0,2.0,2.0,1.0,0.0,0.0,4.0,1.0,0.0,1.0,0.9479992864931424,0.8910339482644316,0.524517135240618,0.6666666666665155,0.4679638665213751,0.3110399657969053,0.0,0.0,0.6601717585939718,0.3505076163343066,0.0
plot_10849,2021-04-02 09:00:00,9,4.714450199398958,4.400725933914122,14.207986427070512,0.0,3.0,0.0,3.0,0.0,0.0,1.0,2.0,1.0,0.7941610833678752,0.917832342892403,0.8783097019073485,0.0,0.4999999999999433,0.0,0.7421152666290849,0.0,0.0,0.21560500134364052,0.4273834248927332,0.2874733351248409
plot_10847,2021-04-02 09:00:00,9,4.512150361588377,3.7382156032907936,11.685018720096123,0.0,0.0,0.0,0.0,0.0,0.0,0.0,0.0,1.0,0.7411085700296564,0.5980022968539028,0.5479718532162758,0.0,0.0,0.0,0.0,0.0,0.0,0.0,0.0,0.3101451472522034
plot_10605,2021-04-02 09:00:00,9,3.7415481283024925,4.976990150633379,13.090287605164134,0.0,2.0,1.0,2.0,1.0,0.0,2.0,3.0,3.0,0.7218540148202052,1.0,0.7410982299271466,0.0,0.49474351108605663,0.23398193326068756,0.6160194036395213,0.2874733351248409,0.0,0.714449095481272,0.7499999999998892,0.697826581317492
plot_10646,2021-04-02 09:00:00,9,4.29307474310067,4.556784486658884,13.05067620841542,2.0,0.0,2.0,3.0,1.0,2.0,1.0,1.0,0.0,0.6050928912374437,0.8696379867651786,0.6826989145587883,0.9064895115412579,0.0,0.5849548331517016,0.6795659473125508,0.22005725286464958,0.9999999999997475,0.2945733038490225,0.23650996403270116,0.0
plot_10604,2021-04-02 09:00:00,9,3.7709119050263316,4.120526508717207,13.07134582581013,0.0,1.0,0.0,1.0,0.0,0.0,0.0,0.0,1.0,0.570267233163013,0.6982088620465681,0.7195348677870709,0.0,0.28940260798026574,0.0,0.23327997434769135,0.0,0.0,0.0,0.0,0.21560500134364052
plot_10552,2021-04-02 09:00:00,9,4.302458359048375,5.002282690028002,14.783110581947787,1.0,1.0,0.0,2.0,1.0,4.0,1.0,1.0,2.0,0.6612746008619448,0.949952437846226,0.7359048010698774,0.2499999999999711,0.2748722110617023,0.0,0.4023706334614912,0.33333333333326276,0.7325718554739079,0.2499999999999603,0.20527572665354704,0.44011450572929917
plot_10499,2021-04-02 09:00:00,9,3.107431950136464,2.906355114319685,11.270612476348374,0.0,2.0,2.0,0.0,2.0,0.0,0.0,0.0,4.0,0.5174196321714978,0.5064693424627874,0.647886608678093,0.0,0.3218965067692018,0.5849548331517016,0.0,0.589146607698045,0.0,0.0,0.0,0.9999999999998412
plot_10500,2021-04-02 09:00:00,9,3.9032552235904743,3.686963922299831,11.991893957240535,0.0,0.0,0.0,1.0,0.0,0.0,1.0,1.0,0.0,0.5419160181918556,0.6081255527164876,0.6444951552698981,0.0,0.0,0.0,0.24345076388188536,0.0,0.0,0.2427576381887179,0.354764946049027,0.0
plot_10549,2021-04-02 09:00:00,9,4.461860683974022,4.696940946296004,17.000371488716315,0.0,1.0,0.0,0.0,1.0,1.0,0.0,1.0,0.0,0.7177672531276816,0.7131048939068739,0.8603588592081656,0.0,0.24737175554302832,0.0,0.0,0.2499999999999603,0.2710971270602707,0.0,0.3333333333332677,0.0
plot_19877,2021-04-02 09:00:00,9,6.503978902939093,4.535567822115353,15.072044503943502,0.0,5.0,5.0,0.0,3.0,2.0,2.0,0.0,3.0,0.878947628837631,0.6310190477042601,0.6968250718476575,0.0,0.9999999999998639,0.999999999999899,0.0,0.9999999999997884,0.722925672160689,0.2913091658264794,0.0,0.8624200053745228
plot_11486,2021-04-02 09:00:00,9,4.7787133407263305,5.224914822619713,16.4239426134542,2.0,4.0,0.0,2.0,1.0,2.0,3.0,0.0,5.0,0.762374088306491,0.8776186836386332,0.9517094077909768,0.851727809860717,0.666666666666591,0.0,0.2894026079802942,0.19882634286980072,0.5029514628524783,0.5358368216110148,0.0,0.8526243712163635
plot_10648,2021-04-02 10:00:00,10,2.9140117401305203,2.1615229473365023,7.6205822603263345,2.0,1.0,0.0,4.0,0.0,0.0,2.0,0.0,0.0,0.4909220165944579,0.3512507676803161,0.40624380872677407,0.6220799315938106,0.3165972518123628,0.0,0.9060879297500678,0.0,0.0,0.6939989639949676,0.0,0.0
plot_10810,2021-04-02 10:00:00,10,5.122839200129535,3.376536612828522,13.25911041355339,1.0,1.0,0.0,0.0,0.0,0.0,1.0,1.0,2.0,1.0,0.6216016200740674,0.9181696948989349,0.33333333333325776,0.23650996403270116,0.0,0.0,0.0,0.0,0.2508548337625052,0.49999999999985234,0.462665975996684
plot_10650,2021-04-02 10:00:00,10,3.815121335919344,3.261489732691707,9.47551811987005,1.0,0.0,0.0,1.0,0.0,2.0,0.0,1.0,2.0,0.6906683221026033,0.6328457620036085,0.538175857474716,0.18552881665727905,0.0,0.0,0.2011853167307456,0.0,0.462665975996684,0.0,0.391361335715574,0.666666666666505
plot_10846,2021-04-02 10:00:00,10,4.598104406341065,4.331722372677805,14.630268455899525,1.0,0.0,1.0,1.0,4.0,1.0,1.0,0.0,1.0,0.7991328527845609,0.7367748579736829,0.8930773090823882,0.3564439838915109,0.0,0.21577315831222021,0.3110399657969053,0.9999999999998412,0.2508548337625052,0.14401968506476726,0.0,0.3117211010212402
plot_10849,2021-04-02 10:00:00,10,2.9423797218195062,3.2897998419450247,10.455443247350974,0.0,0.0,0.0,0.0,1.0,0.0,0.0,1.0,0.0,0.4190669980841786,0.6372975371438506,0.5847614722285872,0.0,0.0,0.0,0.0,0.357224547740636,0.0,0.0,0.2136917124463666,0.0
plot_10847,2021-04-02 10:00:00,10,2.365061773622502,3.3055580350050624,8.156031028291054,3.0,1.0,2.0,0.0,0.0,1.0,1.0,2.0,1.0,0.3144465662555678,0.5122010630618965,0.3393570821576338,0.9999999999997732,0.2686913984359034,0.9221787139939785,0.0,0.0,0.2880393701295043,0.2880393701295043,0.617932899421911,0.2706386987941417
plot_10605,2021-04-02 10:00:00,10,4.883331595804124,4.846120592541133,14.1634917088194,3.0,0.0,0.0,1.0,1.0,0.0,1.0,1.0,1.0,1.0,0.9695188259802152,0.8184497510942389,0.6795659473125508,0.0,0.0,0.3080097018197607,0.2874733351248409,0.0,0.3117211010212402,0.24999999999996309,0.20297902409561627
plot_10646,2021-04-02 10:00:00,10,3.621416042862035,3.815112540307819,13.117350248344687,1.0,0.0,0.0,4.0,1.0,1.0,0.0,3.0,0.0,0.4848323110825433,0.6964895851221373,0.6870700371530882,0.3080097018197607,0.0,0.0,0.9060879297500678,0.22005725286464958,0.3469994819974838,0.0,0.7095298920981035,0.0
plot_10604,2021-04-02 10:00:00,10,3.5380653100006803,3.426827973025095,10.488911236075618,0.0,3.0,0.0,0.0,2.0,3.0,1.0,0.0,3.0,0.5235044909889681,0.5468772714213967,0.5426393656097657,0.0,0.9999999999998032,0.0,0.0,0.7282729145660976,0.5610979818382832,0.35585736542965196,0.0,0.5644233759656625
plot_10552,2021-04-02 10:00:00,10,5.289973095732522,5.226280982447478,13.966527652899124,0.0,0.0,0.0,0.0,1.0,0.0,0.0,0.0,1.0,0.8432904852438269,0.9993618285292791,0.6871952632292764,0.0,0.0,0.0,0.0,0.33333333333326276,0.0,0.0,0.0,0.1920262467530163
plot_10499,2021-04-02 10:00:00,10,3.650171810438869,4.43280260501754,11.946209165870961,0.0,0.0,1.0,1.0,0.0,1.0,1.0,0.0,0.0,0.6398387665466803,0.8622298333139815,0.6987311646231901,0.0,0.0,0.26971644789026733,0.186623979478159,0.0,0.1734997409987638,0.1713669365446426,0.0,0.0
plot_10500,2021-04-02 10:00:00,10,4.208877072327436,4.435537756854813,14.79226109256743,1.0,2.0,0.0,3.0,3.0,1.0,1.0,1.0,1.0,0.597614569654222,0.7802453190083581,0.8537676729402305,0.2682470889743152,0.709529892098054,0.0,0.7303522916456561,0.8624200053745228,0.2181548713496565,0.21183504531285846,0.354764946049027,0.2508548337625052
plot_10549,2021-04-02 10:00:00,10,3.987891449232404,4.077218170749769,11.616205492341116,2.0,3.0,1.0,0.0,2.0,1.0,0.0,0.0,0.0,0.622923462029668,0.6029651053000658,0.5377105251156472,0.49474351108605663,0.8547668497854304,0.38274376433736,0.0,0.4999999999999206,0.1881411253218875,0.0,0.0,0.0
plot_19877,2021-04-02 10:00:00,10,3.7135923738550063,3.2649719843977176,9.54220254760328,0.0,2.0,2.0,2.0,0.0,3.0,1.0,0.0,1.0,0.4485349475864657,0.4221946023128588,0.3904108155200327,0.0,0.4607191837828251,0.36887148559764726,0.5788052159605315,0.0,0.7525645012875157,0.1271010271877229,0.0,0.2508548337625052
plot_11486,2021-04-02 10:00:00,10,6.00029160415959,4.156412814847267,15.39094305796233,0.0,0.0,3.0,1.0,0.0,1.0,2.0,0.0,1.0,1.0,0.6644020616209355,0.880979361374126,0.0,0.0,0.922178713994056,0.1447013039901471,0.0,0.17452389707973073,0.31172110102127554,0.0,0.14880332800985363
plot_10648,2021-04-02 11:00:00,11,2.3116269451989733,2.0400591470773874,7.319652322747168,0.0,1.0,1.0,1.0,0.0,0.0,1.0,2.0,0.0,0.35527013710322836,0.3219927592631405,0.382643950704267,0.0,0.2407803704409547,0.17987192379838254,0.3052382731141095,0.0,0.0,0.32503611063235666,0.46758165153188674,0.0
plot_10810,2021-04-02 11:00:00,11,3.5873208477584644,2.992650527376283,9.080892861480503,1.0,0.0,0.0,0.0,1.0,0.0,0.0,0.0,0.0,0.6417973419472445,0.5293950672081406,0.559728617160156,0.4491665221324766,0.0,0.0,0.0,0.1734997409987638,0.0,0.0,0.0,0.0
plot_10650,2021-04-02 11:00:00,11,3.094508870847488,3.2299623246678424,10.603018693338464,0.0,1.0,1.0,0.0,1.0,0.0,2.0,0.0,0.0,0.5299840210187589,0.6250403436586405,0.6213819552991721,0.0,0.1984269222183445,0.25350859181768914,0.0,0.20297902409561627,0.0,0.5952807666549876,0.0,0.0
plot_10846,2021-04-02 11:00:00,11,3.5622503194869584,3.0326912009358495,11.847254414292493,0.0,2.0,1.0,0.0,2.0,2.0,2.0,3.0,0.0,0.5781277978062673,0.4726127972039021,0.6922052024467388,0.0,0.5839813575209576,0.15210515509062547,0.0,0.436309742699313,0.6666666666665451,0.26980788569758324,0.853748326819545,0.0
plot_10849,2021-04-02 11:00:00,11,2.995594125970129,3.0340002540363953,9.02617925800685,0.0,0.0,1.0,1.0,0.0,1.0,0.0,1.0,3.0,0.43033088882742915,0.5727021619669903,0.4729551868051297,0.0,0.0,0.2724623122040853,0.33333333333327725,0.0,0.3073929046646854,0.0,0.1734997409987638,0.9999999999998175
plot_10847,2021-04-02 11:00:00,11,4.419861007085844,3.5233279583814068,12.504009912374972,0.0,1.0,0.0,0.0,1.0,0.0,2.0,3.0,1.0,0.7227691493183885,0.5553874753151576,0.596386207415654,0.0,0.20434673415307478,0.0,0.0,0.3117211010212402,0.0,0.53961577139511,0.7525645012875157,0.35962193052033875
plot_10605,2021-04-02 11:00:00,11,4.151567488695069,3.641193343692723,12.170900031324319,1.0,1.0,2.0,0.0,2.0,1.0,0.0,1.0,0.0,0.8217374359637326,0.6888760417550208,0.6748330832170144,0.3052382731141095,0.21669074042158934,0.30421031018125094,0.0,0.5017096675250104,0.4429299186487171,0.0,0.20297902409561627,0.0
plot_10646,2021-04-02 11:00:00,11,3.7423638816289535,4.522726164254897,12.240257739915759,0.0,0.0,2.0,0.0,0.0,0.0,1.0,1.0,0.0,0.5064880377982446,0.8616868378564098,0.6295682135804922,0.0,0.0,0.3802628877265524,0.0,0.0,0.0,0.2407803704409547,0.1920262467530163,0.0
plot_10604,2021-04-02 11:00:00,11,3.340096859231407,3.645229842884693,8.909141954301731,0.0,2.0,1.0,0.0,1.0,4.0,1.0,0.0,3.0,0.48374635056652043,0.5945220344716591,0.4344259450125758,0.0,0.5070171836353783,0.269807885697555,0.0,0.3177525679692632,0.9941083337986015,0.33333333333324705,0.0,0.7499999999998973
plot_10552,2021-04-02 11:00:00,11,5.187857740703574,3.633438571083549,13.7384764035571,0.0,2.0,0.0,0.0,1.0,0.0,1.0,0.0,1.0,0.8244688758398259,0.6480137349811614,0.6735919039570428,0.0,0.4815607408819094,0.0,0.0,0.2908731617995266,0.0,0.20434673415307478,0.0,0.2551625095582578
plot_10499,2021-04-02 11:00:00,11,3.057054948712205,3.811173418706512,10.245357588108691,0.0,3.0,4.0,0.0,2.0,0.0,1.0,1.0,0.0,0.506056713473507,0.7173502316263172,0.5707272170891206,0.0,0.4229585077598442,0.7605257754531048,0.0,0.5141008096338958,0.0,0.16052024696064646,0.1734997409987638,0.0
plot_10500,2021-04-02 11:00:00,11,4.0849926043238645,3.9887847601102693,11.256240065447626,0.0,3.0,1.0,0.0,0.0,0.0,0.0,1.0,2.0,0.5750370430637604,0.677523292348721,0.589519455788441,0.0,0.809423657092665,0.1984269222183445,0.0,0.0,0.0,0.0,0.2880393701295043,0.6666666666665451
plot_10549,2021-04-02 11:00:00,11,4.731584783212513,3.3929746158152967,12.718459092668667,3.0,2.0,2.0,1.0,0.0,1.0,1.0,3.0,0.0,0.7717404949483688,0.4813584071605179,0.6037635197916275,0.9999999999998317,0.4333814808431787,0.53961577139511,0.33333333333327725,0.0,0.24999999999996578,0.23417622179235303,0.8119160963824251,0.0
plot_19877,2021-04-02 11:00:00,11,3.0189934059081023,3.3719597142252478,11.378226926626265,2.0,1.0,0.0,1.0,1.0,0.0,1.0,0.0,0.0,0.3413941622249299,0.43977820575441523,0.49214682337332916,0.4999999999999369,0.17519440725630317,0.0,0.3899698887677819,0.2908731617995266,0.0,0.11905615333101402,0.0,0.0
plot_11486,2021-04-02 11:00:00,11,4.317745546111365,4.154228218507681,11.319436799627354,2.0,0.0,2.0,1.0,1.0,1.0,1.0,2.0,2.0,0.6727049318261932,0.6639661314601959,0.6022010936512437,0.7799397775355638,0.0,0.4333814808431787,0.19498494438391012,0.1734997409987638,0.23190556660740286,0.14599533938025597,0.30102580051502825,0.39545667582047295
plot_10648,2021-04-02 12:00:00,12,2.232894863804468,2.066172063424116,7.502766613959114,0.0,0.0,1.0,2.0,0.0,0.0,1.0,0.0,0.0,0.33754034892251117,0.32828279732089716,0.39700434073145424,0.0,0.0,0.2766952930989682,0.5629684763243668,0.0,0.0,0.39765268573955126,0.0,0.0
plot_10810,2021-04-02 12:00:00,12,3.351416766254907,3.196380325056184,8.13713097201109,0.0,0.0,0.0,0.0,1.0,1.0,0.0,0.0,0.0,0.5867661084165053,0.578329433604897,0.47876513821866934,0.0,0.0,0.0,0.0,0.24999999999996844,0.23035959189141256,0.0,0.0,0.0
plot_10650,2021-04-02 12:00:00,12,3.5380152973056194,2.6003051510566006,8.781650440579408,2.0,1.0,0.0,0.0,0.0,2.0,0.0,0.0,0.0,0.6288783971443678,0.46915256340642963,0.48697054249852545,0.39765268573960144,0.2427576381887179,0.0,0.0,0.0,0.5698445665236203,0.0,0.0,0.0
plot_10846,2021-04-02 12:00:00,12,2.8631765822012802,2.399522948891738,7.964946574540822,1.0,0.0,0.0,0.0,0.0,0.0,1.0,0.0,0.0,0.42897664640045874,0.34385604839572387,0.41198837898842156,0.38199162282163324,0.0,0.0,0.0,0.0,0.0,0.16504293964849295,0.0,0.0
plot_10849,2021-04-02 12:00:00,12,1.9124726435902502,1.8705000686523856,6.720829563176565,0.0,1.0,0.0,0.0,1.0,0.0,1.0,0.0,0.0,0.201066609091023,0.27889116872929837,0.29261580380608293,0.0,0.17861227387033826,0.0,0.0,0.4491665221324766,0.0,0.21560500134364052,0.0,0.0
plot_10847,2021-04-02 12:00:00,12,2.59101279244617,3.1742347603938232,9.662255469551148,0.0,1.0,2.0,1.0,0.0,0.0,1.0,1.0,1.0,0.3593467697154705,0.486158067831522,0.42839696963190343,0.0,0.2499999999999603,0.9999999999997475,0.23054467849852373,0.0,0.0,0.3300858792969513,0.3614628360803445,0.35962193052033875
plot_10605,2021-04-02 12:00:00,12,3.240030480286863,2.9450381939236707,10.258882873501939,0.0,0.0,0.0,0.0,0.0,2.0,0.0,1.0,1.0,0.5996810071854092,0.5267327093085044,0.5370238490262281,0.0,0.0,0.0,0.0,0.0,0.8211029066140886,0.0,0.2924774165758508,0.26971644789026733
plot_10646,2021-04-02 12:00:00,12,2.2901228583282727,2.0280588955775336,7.2659954136638,1.0,1.0,0.0,0.0,1.0,0.0,0.0,0.0,1.0,0.24646408824643318,0.27928965763700636,0.30345762440182733,0.3300858792969513,0.3641364572830488,0.0,0.0,0.2766952930989682,0.0,0.0,0.0,0.539432895780455
plot_10604,2021-04-02 12:00:00,12,3.576379033749546,2.6250530305349127,9.528335714587552,0.0,0.0,0.0,0.0,0.0,0.0,0.0,0.0,0.0,0.5311990625380965,0.3719686171175668,0.4768404137492553,0.0,0.0,0.0,0.0,0.0,0.0,0.0,0.0,0.0
plot_10552,2021-04-02 12:00:00,12,3.92618600641112,3.465381605322554,10.245799590560342,3.0,2.0,1.0,1.0,0.0,0.0,3.0,0.0,2.0,0.5919211598553963,0.6109438440074234,0.46525216608638104,0.5462046859246363,0.589146607698045,0.2766952930989682,0.24999999999996578,0.0,0.0,0.749999999999881,0.0,0.5103250191165156
plot_10499,2021-04-02 12:00:00,12,2.416753085175269,3.0270762254946755,8.735045806729978,2.0,0.0,0.0,4.0,0.0,0.0,1.0,4.0,0.0,0.361631721674797,0.5346051296611283,0.45706305464759955,0.6202902945044068,0.0,0.0,0.9276222664296114,0.0,0.0,0.19638220256602723,0.9999999999998738,0.0
plot_10500,2021-04-02 12:00:00,12,3.1503067909639815,2.9292507460791977,11.638397107856271,1.0,2.0,0.0,3.0,1.0,1.0,1.0,0.0,0.0,0.4046937050736285,0.43390437534271803,0.6180781991765537,0.2874733351248409,0.6601717585939026,0.0,0.9075616246674403,0.3614628360803445,0.2686913984359034,0.2427576381887179,0.0,0.0
plot_10549,2021-04-02 12:00:00,12,2.737162058714647,3.3089127107309397,9.060732390623059,1.0,1.0,0.0,0.0,0.0,1.0,0.0,1.0,1.0,0.3726457892624063,0.46641856499041856,0.3845727615989455,0.2651017904930565,0.2651017904930565,0.0,0.0,0.0,0.23172483728322718,0.0,0.3899698887677819,0.38274376433736
plot_19877,2021-04-02 12:00:00,12,3.4587821697809122,3.415885424003553,9.445851967628823,1.0,0.0,1.0,1.0,0.0,1.0,0.0,0.0,0.0,0.40923087913481415,0.4469974659712244,0.38507193033258913,0.19882634286980072,0.0,0.19999999999997978,0.35962193052033875,0.0,0.3089664497109555,0.0,0.0,0.0
plot_11486,2021-04-02 12:00:00,12,3.2938048627327885,3.8071081134946776,11.108052638040899,0.0,1.0,3.0,0.0,4.0,1.0,2.0,1.0,3.0,0.47352421153073704,0.594699274040249,0.5877275041116259,0.0,0.17861227387033826,0.9999999999998317,0.0,0.9999999999998738,0.21495311874872955,0.3572245477406765,0.21687770164822254,0.5931850137307093
plot_10648,2021-04-02 13:00:00,13,1.6228303702525038,1.44636803511514,5.25522887007421,0.0,0.0,1.0,0.0,1.0,0.0,1.0,0.0,0.0,0.20015906729405783,0.17898538164167263,0.22074546771070033,0.0,0.0,0.20533980121318812,0.0,0.35962193052033875,0.0,0.3469994819974838,0.0,0.0
plot_10810,2021-04-02 13:00:00,13,2.458393707228345,1.956352789035892,6.25665132090739,1.0,1.0,1.0,0.0,0.0,0.0,1.0,1.0,1.0,0.37844347068849016,0.2804841381168806,0.3174424822279469,0.38393265315231945,0.2766952930989682,0.22652198243751695,0.0,0.0,0.0,0.2508548337625052,0.49999999999985234,0.33333333333327725
plot_10650,2021-04-02 13:00:00,13,3.2359782563463138,2.920459942022457,9.536614332666652,1.0,1.0,0.0,1.0,1.0,0.0,1.0,1.0,1.0,0.5615292834662702,0.5484150919575486,0.542684571331082,0.2136917124463666,0.3052382731141095,0.0,0.29604973222441944,0.26971644789026733,0.0,0.3177525679692632,0.391361335715574,0.4803081137388923
plot_10846,2021-04-02 13:00:00,13,2.49433360822447,2.345213142907335,7.424272798240675,0.0,0.0,0.0,1.0,0.0,0.0,0.0,1.0,0.0,0.3502820090218805,0.3328119791070643,0.3729636817269774,0.0,0.0,0.0,0.4577038726365164,0.0,0.0,0.0,0.3505076163343066,0.0
plot_10849,2021-04-02 13:00:00,13,2.4981620471660695,3.402899311577599,8.686620219051337,0.0,0.0,1.0,0.0,0.0,3.0,1.0,0.0,0.0,0.32503946111590865,0.6658577968884035,0.44639267973112384,0.0,0.0,0.3110399657969053,0.0,0.0,0.922178713994056,0.1881411253218875,0.0,0.0
plot_10847,2021-04-02 13:00:00,13,3.099442539468813,2.1681029090373944,7.942786758506577,0.0,0.0,0.0,1.0,0.0,0.0,1.0,0.0,2.0,0.4603801671536956,0.28662994089764676,0.3267512278997797,0.0,0.0,0.0,0.2730107613410486,0.0,0.0,0.2880393701295043,0.0,0.7799397775355638
plot_10605,2021-04-02 13:00:00,13,2.214869322911292,2.625727114772457,7.210673206695959,2.0,3.0,3.0,1.0,3.0,0.0,2.0,1.0,1.0,0.34994498612511193,0.45236112349484325,0.3173231846692677,0.5218151142874723,0.9999999999998317,0.5209246943645194,0.45324475577062895,0.9999999999998175,0.0,0.6234422020424804,0.24999999999996309,0.2924774165758508
plot_10646,2021-04-02 13:00:00,13,3.146830097956512,2.603419127287726,10.115777708788094,1.0,0.0,0.0,0.0,0.0,1.0,1.0,0.0,0.0,0.39985763414108205,0.41361144907016106,0.49028817782665246,0.354764946049027,0.0,0.0,0.0,0.0,0.4610893569969893,0.2570504048169479,0.0,0.0
plot_10604,2021-04-02 13:00:00,13,2.8767870423358923,2.9218528538144097,7.5498823339653685,1.0,0.0,0.0,0.0,1.0,1.0,0.0,1.0,0.0,0.3906995206921043,0.43671603554673155,0.34131732801815545,0.38393265315231945,0.0,0.0,0.0,0.4222263572432425,0.24852708344965038,0.0,0.2686913984359034,0.0
plot_10552,2021-04-02 13:00:00,13,3.135453785701743,3.023964957791712,10.914652152350143,1.0,1.0,2.0,0.0,2.0,1.0,1.0,1.0,0.0,0.4461756645072079,0.5135764607283954,0.5051495212836531,0.19568066785780963,0.3703901852204306,0.41067960242637624,0.0,0.7730185553579441,0.16889054289732042,0.2181548713496565,0.20527572665354704,0.0
plot_10499,2021-04-02 13:00:00,13,3.3323438698091197,3.5596883250251783,11.023502879233824,0.0,0.0,1.0,0.0,0.0,1.0,2.0,0.0,0.0,0.5681502390991812,0.6587380219597228,0.6292894516317202,0.0,0.0,0.21705195598521,0.0,0.0,0.23054467849852373,0.3427338730892852,0.0,0.0
plot_10500,2021-04-02 13:00:00,13,3.0073297087460635,3.0043842429614713,8.013192323856247,0.0,0.0,1.0,0.0,0.0,0.0,0.0,0.0,0.0,0.3786366139174668,0.45117983880018153,0.3471652454257025,0.0,0.0,0.22652198243751695,0.0,0.0,0.0,0.0,0.0,0.0
plot_10549,2021-04-02 13:00:00,13,3.586682308279085,3.273223429556485,9.455466413988592,0.0,3.0,1.0,0.0,1.0,4.0,4.0,1.0,1.0,0.5426393567291751,0.46007571292948096,0.40822735826893486,0.0,0.9999999999998317,0.3080097018197607,0.0,0.28988195825924434,0.9999999999998631,0.9999999999998181,0.3333333333332677,0.41504293964842326
plot_19877,2021-04-02 13:00:00,13,3.3327198870918413,3.4123379302386265,10.52518960146421,0.0,0.0,0.0,0.0,0.0,0.0,0.0,0.0,0.0,0.38978597265633597,0.446414429732635,0.44487914381341875,0.0,0.0,0.0,0.0,0.0,0.0,0.0,0.0,0.0
plot_11486,2021-04-02 13:00:00,13,4.037798424654342,4.162418007340924,14.630452961614237,1.0,0.0,1.0,0.0,0.0,0.0,0.0,0.0,0.0,0.6182485846943804,0.6656003811830418,0.8289081871627842,0.3333333333332677,0.0,0.24737175554302832,0.0,0.0,0.0,0.0,0.0,0.0
plot_10648,2021-04-02 14:00:00,14,2.7586131527921984,2.1709523315057826,7.6433063844809945,0.0,0.0,0.0,0.0,0.0,1.0,0.0,0.0,0.0,0.45592759007490935,0.3535221028501778,0.4080259049450831,0.0,0.0,0.0,0.0,0.0,0.3101451472522034,0.0,0.0,0.0
plot_10810,2021-04-02 14:00:00,14,1.7428319946749844,1.93366750191775,6.570696352625889,0.0,1.0,1.0,0.0,1.0,1.0,1.0,0.0,0.0,0.21151866185009044,0.27503530262842185,0.34438378871205794,0.0,0.3021631705137737,0.2814842381621834,0.0,0.2136917124463666,0.21433472864440106,0.2874733351248409,0.0,0.0
plot_10650,2021-04-02 14:00:00,14,1.8982896705527463,1.7858216762539623,7.451863038173629,0.0,0.0,0.0,0.0,0.0,0.0,0.0,0.0,0.0,0.2632475219168882,0.2675062926097398,0.3888362946817509,0.0,0.0,0.0,0.0,0.0,0.0,0.0,0.0,0.0
plot_10846,2021-04-02 14:00:00,14,2.029365447449192,2.0282832059174116,6.79052743927478,1.0,2.0,1.0,2.0,0.0,0.0,1.0,1.0,0.0,0.2510785447121726,0.2683632829586661,0.3272212731645917,0.4429299186487171,0.981018353410511,0.21577315831222021,0.8382524380873927,0.0,0.0,0.16504293964849295,0.4100622484625305,0.0
plot_10849,2021-04-02 14:00:00,14,1.8904031248363455,1.7109794909419136,6.999065580218153,3.0,3.0,1.0,0.0,2.0,0.0,1.0,0.0,2.0,0.19639515496186516,0.23860849411717938,0.3143812269667919,0.9999999999998175,0.7357637650579667,0.38650927767897203,0.0,0.7678653063046389,0.0,0.21560500134364052,0.0,0.6666666666665451
plot_10847,2021-04-02 14:00:00,14,2.9153791931708617,2.636677115278793,9.834344507875322,0.0,0.0,0.0,0.0,0.0,0.0,1.0,1.0,2.0,0.42380373682240274,0.3795538788237037,0.4385699479664741,0.0,0.0,0.0,0.0,0.0,0.0,0.3300858792969513,0.3614628360803445,0.7192438610406775
plot_10605,2021-04-02 14:00:00,14,2.820875100952724,1.9454258745393875,7.267966938974208,1.0,0.0,0.0,0.0,0.0,1.0,0.0,0.0,0.0,0.4975719915561931,0.2939103669422532,0.32145264832857395,0.2814842381621834,0.0,0.0,0.0,0.0,0.38199162282163324,0.0,0.0,0.0
plot_10646,2021-04-02 14:00:00,14,2.767581714681812,2.5568945775463456,7.854362089214893,0.0,0.0,0.0,1.0,1.0,0.0,0.0,0.0,0.0,0.33195316036709677,0.40274997390649203,0.3420307012989665,0.0,0.0,0.0,0.3052382731141095,0.23650996403270116,0.0,0.0,0.0,0.0
plot_10604,2021-04-02 14:00:00,14,3.2740384700474836,3.0423331155992943,7.86706217825542,0.0,0.0,0.0,0.0,1.0,0.0,2.0,1.0,1.0,0.4704797987344002,0.46299902263225695,0.3630439917095584,0.0,0.0,0.0,0.0,0.391361335715574,0.0,0.81560719508122,0.3143446642827889,0.24999999999996578
plot_10552,2021-04-02 14:00:00,14,2.7834148332461397,2.856279876650804,8.169245514216314,0.0,0.0,2.0,0.0,0.0,2.0,1.0,0.0,1.0,0.3812888543283208,0.47658859981071006,0.3413847843893701,0.0,0.0,0.5103250191165156,0.0,0.0,0.2913091658264794,0.2499999999999603,0.0,0.2551625095582578
plot_10499,2021-04-02 14:00:00,14,3.248167202747342,2.269670725587925,9.116057070315144,1.0,0.0,0.0,1.0,0.0,1.0,3.0,1.0,0.0,0.5491635468180042,0.3580809098224024,0.4857374824645233,0.35962193052033875,0.0,0.0,0.25147573142623914,0.0,0.19882634286980072,0.5891466076980817,0.24999999999996844,0.0
plot_10500,2021-04-02 14:00:00,14,3.5682915201718326,3.062470099968962,9.873688409222112,0.0,2.0,1.0,0.0,2.0,2.0,0.0,0.0,1.0,0.48087001264614126,0.46453553421923904,0.4862008365053922,0.0,0.9064895115412579,0.2814842381621834,0.0,0.617932899421911,0.4999999999999206,0.0,0.0,0.33333333333327253
plot_10549,2021-04-02 14:00:00,14,3.598999072935983,3.6374256580688074,11.788121100834179,2.0,0.0,1.0,2.0,1.0,3.0,0.0,0.0,0.0,0.5451040075303163,0.5248032944244796,0.5480126377775026,0.6147858093293708,0.0,0.38274376433736,0.6666666666665545,0.2686913984359034,0.6468150040309216,0.0,0.0,0.0
plot_19877,2021-04-02 14:00:00,14,2.9195406245765847,3.6235416807675493,10.123947532585866,0.0,0.0,0.0,1.0,1.0,0.0,1.0,0.0,1.0,0.32605372898221535,0.48112610181556176,0.42264590620673614,0.0,0.0,0.0,0.3899698887677819,0.3582551979145189,0.0,0.1456545829132397,0.0,0.33333333333327253
plot_11486,2021-04-02 14:00:00,14,2.254087035652604,2.198311625572184,8.475403069357453,2.0,0.0,0.0,0.0,0.0,1.0,0.0,1.0,0.0,0.27127446302133973,0.27366838203108607,0.40746854349317907,0.7192438610406775,0.0,0.0,0.0,0.0,0.19999999999997461,0.0,0.21687770164822254,0.0
plot_10648,2021-04-02 15:00:00,15,2.9433211914363993,2.169254802986264,7.665109576394202,1.0,0.0,1.0,4.0,0.0,0.0,1.0,0.0,1.0,0.49752225317073284,0.35311320486076436,0.4097357788038573,0.2908731617995266,0.0,0.23650996403270116,0.9710305527548716,0.0,0.0,0.37105763331451125,0.0,0.4222263572432425
plot_10810,2021-04-02 15:00:00,15,3.0154555013219295,2.4439952747183207,8.023915656515396,1.0,1.0,1.0,2.0,0.0,0.0,1.0,2.0,1.0,0.5083937347383061,0.397612198600706,0.4690526186581023,0.3117211010212402,0.1920262467530163,0.26090755714373615,0.8624200053744441,0.0,0.0,0.2682470889743152,0.9999999999997047,0.3073929046646854
plot_10650,2021-04-02 15:00:00,15,3.134107805127999,3.358057336648162,8.55816796738083,0.0,1.0,0.0,0.0,0.0,3.0,0.0,0.0,0.0,0.5388139086309507,0.6567535487420801,0.47047821871210815,0.0,0.21183504531285846,0.0,0.0,0.0,0.922178713994056,0.0,0.0,0.0
plot_10846,2021-04-02 15:00:00,15,3.0095480639418994,3.5814475600194853,9.632313777732433,0.0,1.0,0.0,2.0,1.0,0.0,0.0,0.0,0.0,0.46020579129632283,0.5842041229776076,0.532335440711074,0.0,0.3117211010212402,0.0,0.6666666666665255,0.2499999999999603,0.0,0.0,0.0,0.0
plot_10849,2021-04-02 15:00:00,15,3.550506563017151,3.6428627694812774,11.059962891937541,0.0,0.0,1.0,0.0,0.0,0.0,1.0,0.0,0.0,0.5477891816098996,0.7264541790747642,0.6320509138087594,0.0,0.0,0.3582551979145189,0.0,0.0,0.0,0.2011853167307456,0.0,0.0
plot_10847,2021-04-02 15:00:00,15,3.2047570470112445,3.0171191494683254,11.633247403322365,1.0,1.0,1.0,4.0,2.0,1.0,1.0,0.0,0.0,0.48130790114025873,0.45500014005319694,0.5449114114297426,0.3117211010212402,0.2181548713496565,0.4273834248926792,0.7953053714792029,0.714449095481272,0.38274376433736,0.3080097018197607,0.0,0.0
plot_10605,2021-04-02 15:00:00,15,3.823469047263289,3.7895790249630292,9.591080844664473,1.0,2.0,0.0,1.0,1.0,0.0,1.0,2.0,0.0,0.7418104911221817,0.7234369422331626,0.488891809097278,0.21183504531285846,0.462665975996684,0.0,0.3300858792969513,0.2874733351248409,0.0,0.33333333333325776,0.49999999999992617,0.0
plot_10646,2021-04-02 15:00:00,15,3.3795242989337195,2.988266125356876,10.412306724880004,0.0,0.0,0.0,0.0,1.0,0.0,0.0,1.0,0.0,0.44152156196373593,0.5034566197290151,0.509728497979443,0.0,0.0,0.0,0.0,0.22005725286464958,0.0,0.0,0.23650996403270116,0.0
plot_10604,2021-04-02 15:00:00,15,3.223745312671631,3.6755509304863705,9.761996916588162,2.0,2.0,0.0,0.0,0.0,1.0,2.0,2.0,0.0,0.46037938927285504,0.6011366345899496,0.49284609142703917,0.6234422020424804,0.5412773975882834,0.0,0.0,0.0,0.24852708344965038,0.7610593021854788,0.5373827968718068,0.0
plot_10552,2021-04-02 15:00:00,15,3.663288039264112,2.893645799605767,10.071733181018525,2.0,0.0,0.0,2.0,3.0,1.0,0.0,0.0,0.0,0.5434645604600935,0.4848307496305724,0.45486902671285456,0.31775256796929996,0.0,0.0,0.43121000268728105,0.9999999999997884,0.16889054289732042,0.0,0.0,0.0
plot_10499,2021-04-02 15:00:00,15,3.351603674217324,3.0086500149145294,9.288047523736568,3.0,3.0,1.0,2.0,0.0,0.0,0.0,2.0,1.0,0.5724944355666637,0.5303106368859308,0.4986812673684839,0.8119160963824251,0.4515387007725424,0.24999999999996309,0.39999999999994923,0.0,0.0,0.0,0.4273834248927332,0.28988195825924434
plot_10500,2021-04-02 15:00:00,15,4.168419422009045,3.8340025836437777,13.025337591864417,3.0,2.0,0.0,0.0,2.0,1.0,1.0,0.0,3.0,0.5902412992953845,0.6419341883622086,0.721724797254992,0.7525645012875157,0.5760787402590086,0.0,0.0,0.5749466702496818,0.28988195825924434,0.22652198243751695,0.0,0.9999999999998175
plot_10549,2021-04-02 15:00:00,15,3.7590145793054655,3.6916701521326964,13.34522699230156,1.0,0.0,0.0,0.0,1.0,0.0,0.0,0.0,0.0,0.577123970317191,0.5344438584718699,0.6413228407366661,0.231332987998342,0.0,0.0,0.0,0.2499999999999603,0.0,0.0,0.0,0.0
plot_19877,2021-04-02 15:00:00,15,2.576707687382995,2.818381833099009,9.118316816333701,0.0,1.0,1.0,1.0,2.0,3.0,1.0,1.0,1.0,0.27317229403379617,0.3487968011444437,0.36692286918443434,0.0,0.18703266061276105,0.17095336995709756,0.3101451472522034,0.6666666666665255,0.9999999999998175,0.13591318946251854,0.19568066785780963,0.33333333333327253
plot_11486,2021-04-02 15:00:00,15,2.972140024183405,2.8686456780096132,9.960056534657138,3.0,5.0,2.0,0.0,0.0,0.0,1.0,1.0,2.0,0.410952780122635,0.407431689207371,0.5091235809569502,0.8119160963824251,0.7793027525531888,0.5698445665236203,0.0,0.0,0.0,0.16666666666664776,0.18537986982658683,0.39545667582047295
plot_10648,2021-04-02 16:00:00,16,5.174657429582543,4.703891937736989,13.385533112671768,0.0,1.0,1.0,1.0,0.0,0.0,1.0,1.0,1.0,1.0,0.9636525957313179,0.8583491150866375,0.0,0.3165972518123628,0.1920262467530163,0.26090755714373615,0.0,0.0,0.39765268573955126,0.3106588543120524,0.2976403833274938
plot_10810,2021-04-02 16:00:00,16,3.6523422781456896,3.113479075360663,11.187428856008792,0.0,0.0,1.0,0.0,0.0,0.0,0.0,0.0,0.0,0.6569654115174529,0.5584171764213725,0.7404442028767606,0.0,0.0,0.21183504531285846,0.0,0.0,0.0,0.0,0.0,0.0
plot_10650,2021-04-02 16:00:00,16,3.7772201519815556,3.2677995107513818,10.454240067396421,1.0,0.0,1.0,0.0,1.0,0.0,0.0,0.0,1.0,0.6822170038886081,0.6344079093701915,0.6104025472211426,0.2136917124463666,0.0,0.2706386987941417,0.0,0.21705195598521,0.0,0.0,0.0,0.31223496238978515
plot_10846,2021-04-02 16:00:00,16,3.3363442882701997,4.152594128334846,11.78139869950014,1.0,1.0,0.0,0.0,3.0,0.0,0.0,0.0,0.0,0.5299295279122763,0.700348567983847,0.6874518753105603,0.4105514533070443,0.38393265315231945,0.0,0.0,0.699839923043074,0.0,0.0,0.0,0.0
plot_10849,2021-04-02 16:00:00,16,4.16540938857396,4.42980151808257,11.898530572671229,0.0,0.0,1.0,0.0,0.0,1.0,1.0,1.0,2.0,0.6779456374669159,0.9251746075270051,0.6976491085145686,0.0,0.0,0.2908731617995266,0.0,0.0,0.3073929046646854,0.21560500134364052,0.23054467849852373,0.4699538975109037
plot_10847,2021-04-02 16:00:00,16,3.588125303234507,3.292651667823329,9.725708866519346,1.0,0.0,0.0,2.0,0.0,1.0,1.0,3.0,1.0,0.5574895125094282,0.5096415741978672,0.4321479931654094,0.38393265315231945,0.0,0.0,0.4273834248927332,0.0,0.38274376433736,0.3300858792969513,0.9999999999998175,0.25350859181768914
plot_10605,2021-04-02 16:00:00,16,2.5251394007934236,3.0552488617718776,9.451231917134095,0.0,0.0,0.0,1.0,1.0,0.0,2.0,1.0,1.0,0.42552882398989844,0.5524021667017202,0.4788121539401486,0.0,0.0,0.0,0.354764946049027,0.2682470889743152,0.0,0.714449095481272,0.26971644789026733,0.1901314438632762
plot_10646,2021-04-02 16:00:00,16,3.4151500684369758,4.101506181470299,12.356490304920785,0.0,0.0,0.0,0.0,0.0,0.0,1.0,0.0,0.0,0.44790036076051193,0.7633501445001533,0.637188372665286,0.0,0.0,0.0,0.0,0.0,0.0,0.2945733038490225,0.0,0.0
plot_10604,2021-04-02 16:00:00,16,4.105836162791651,3.921510353539184,12.184843602355938,0.0,1.0,1.0,1.0,1.0,1.0,0.0,1.0,1.0,0.6375303027045176,0.6547931277274123,0.6588099004935726,0.0,0.3333333333332677,0.2880393701295043,0.2686913984359034,0.3397829736562492,0.24852708344965038,0.0,0.28988195825924434,0.17623271156659692
plot_10552,2021-04-02 16:00:00,16,5.818983734491441,5.22917414339798,13.975150170055521,0.0,2.0,1.0,2.0,3.0,2.0,1.0,2.0,1.0,0.9407962091426353,1.0,0.6877096002436444,0.0,0.6331945036247256,0.1920262467530163,0.46344967456645436,0.933119897390716,0.33778108579464083,0.2499999999999603,0.4429299186487708,0.17987192379838254
plot_10499,2021-04-02 16:00:00,16,4.52232990279673,3.8478375432091356,12.522471811153514,1.0,0.0,1.0,0.0,0.0,1.0,0.0,0.0,1.0,0.8365607074140232,0.7258953319387556,0.742099965509179,0.3333333333332677,0.0,0.20297902409561627,0.0,0.0,0.23054467849852373,0.0,0.0,0.20434673415307478
plot_10500,2021-04-02 16:00:00,16,3.791431724343937,4.090279231689639,10.812922194471103,1.0,2.0,1.0,3.0,1.0,0.0,0.0,0.0,1.0,0.5215365624912074,0.7008599412158875,0.5563901400579595,0.3089664497109555,0.709529892098054,0.21183504531285846,0.8412182792023707,0.2682470889743152,0.0,0.0,0.0,0.23497694875545186
plot_10549,2021-04-02 16:00:00,16,3.257916762629529,2.9043661334691335,9.529050888782267,0.0,0.0,2.0,0.0,1.0,0.0,0.0,0.0,0.0,0.47685160417850725,0.3945208128673825,0.41263693780701666,0.0,0.0,0.5760787402590086,0.0,0.23327997434769135,0.0,0.0,0.0,0.0
plot_19877,2021-04-02 16:00:00,16,4.73457598945108,3.2680691055740825,13.14093600603806,1.0,1.0,4.0,1.0,1.0,3.0,1.0,0.0,3.0,0.6060200454114103,0.4227036191007039,0.5898203547245544,0.2136917124463666,0.23035959189141256,0.5551991711960582,0.3333333333332677,0.3110399657969053,0.9999999999998175,0.1456545829132397,0.0,0.7049308462663555
plot_11486,2021-04-02 16:00:00,16,3.9649653362010397,3.654615872240199,10.15759545280336,3.0,2.0,0.0,0.0,1.0,0.0,2.0,0.0,1.0,0.6040808235584476,0.5642698688283946,0.5226491790807208,0.9999999999998032,0.38393265315236297,0.0,0.0,0.18552881665727905,0.0,0.3572245477406765,0.0,0.13938480457392832
plot_10648,2021-04-02 17:00:00,17,2.9013478262727905,2.4509889731323455,9.241751149047065,0.0,0.0,0.0,0.0,1.0,0.0,0.0,1.0,1.0,0.48807021201544076,0.4209768869121702,0.5333808955586546,0.0,0.0,0.0,0.0,0.25350859181768914,0.0,0.0,0.3106588543120524,0.2976403833274938
plot_10810,2021-04-02 17:00:00,17,4.361175997010137,3.1443988345789236,13.421861733591417,1.0,0.0,3.0,2.0,4.0,0.0,0.0,0.0,2.0,0.8223207274097023,0.5658438702271706,0.9321318110000693,0.4142118057493797,0.0,0.5952807666550335,0.6611121313327849,0.6500722212647954,0.0,0.0,0.0,0.4333814808431787
plot_10650,2021-04-02 17:00:00,17,3.9492423107905217,3.647069366723428,13.296567360764248,1.0,1.0,2.0,2.0,2.0,0.0,1.0,0.0,1.0,0.7205750141908537,0.7283058882099619,0.820157618204005,0.23054467849852373,0.26090755714373615,0.5070171836353783,0.3305560656664377,0.3802628877265524,0.0,0.391361335715574,0.0,0.31223496238978515
plot_10846,2021-04-02 17:00:00,17,4.42420830575088,3.7036662280456443,13.317930410084157,0.0,0.0,1.0,2.0,2.0,2.0,0.0,0.0,1.0,0.7620311820384786,0.609057672232345,0.798355506051591,0.0,0.0,0.15210515509062547,0.5110519446926206,0.40869346830614955,0.5017096675250104,0.0,0.0,0.2919906787604788
plot_10849,2021-04-02 17:00:00,17,4.984603377665133,4.65294515413276,15.29108489875017,0.0,1.0,2.0,0.0,0.0,2.0,1.0,0.0,0.0,0.8513443955274734,0.9815235915376417,0.9630366787074125,0.0,0.19196632657618148,0.5449246244081706,0.0,0.0,0.462665975996684,0.23172483728322718,0.0,0.0
plot_10847,2021-04-02 17:00:00,17,3.4926438455501496,3.2341090040676095,10.788409049927054,0.0,0.0,2.0,1.0,1.0,0.0,0.0,0.0,0.0,0.5385157681156426,0.49803185522400634,0.49496911208866057,0.0,0.0,0.6500722212647133,0.15241588376963242,0.2919906787604788,0.0,0.0,0.0,0.0
plot_10605,2021-04-02 17:00:00,17,4.745494073679063,3.8460438450456937,12.976029923636256,0.0,0.0,1.0,1.0,3.0,3.0,0.0,3.0,5.0,0.9664218702779892,0.7365883124373958,0.7328630718233853,0.0,0.0,0.15210515509062547,0.25303654579547447,0.7049308462663555,0.9999999999997575,0.0,0.8091493436708019,0.9506572193163811
plot_10646,2021-04-02 17:00:00,17,3.8906063106405613,3.875824557658198,12.852040383123203,0.0,0.0,0.0,3.0,0.0,1.0,2.0,0.0,0.0,0.533030864549649,0.7106632218849424,0.6696764316719952,0.0,0.0,0.0,0.5582779338841116,0.0,0.3469994819974838,0.6331945036247256,0.0,0.0
plot_10604,2021-04-02 17:00:00,17,4.064114522475294,4.575635361307341,12.986876143289296,0.0,1.0,1.0,1.0,0.0,3.0,1.0,0.0,1.0,0.6291513169221525,0.7974916816381458,0.7137487359842837,0.0,0.3333333333332677,0.269807885697555,0.1916444792597429,0.0,0.5610979818382832,0.43829327564158493,0.0,0.17623271156659692
plot_10552,2021-04-02 17:00:00,17,4.892890423264814,4.160616031367594,14.285464282406217,2.0,1.0,1.0,1.0,3.0,4.0,3.0,2.0,0.0,0.7701013457636247,0.764298179889766,0.7062199761776947,0.42222635724329133,0.3165972518123628,0.17987192379838254,0.16527803283321885,0.8173869366122558,0.5084041087508916,0.8060741953077102,0.4429299186487708,0.0
plot_10499,2021-04-02 17:00:00,17,4.634994245349286,5.023927619286932,14.375105679628266,1.0,1.0,1.0,2.0,0.0,4.0,1.0,3.0,1.0,0.8619730131962963,1.0,0.8815268570737459,0.35962193052033875,0.18537986982658683,0.1901314438632762,0.3066311668155984,0.0,0.6939989639950552,0.21106483454158834,0.6916340354955711,0.20434673415307478
plot_10500,2021-04-02 17:00:00,17,4.036231139083596,4.079395075136023,13.715290596993363,1.0,1.0,1.0,0.0,1.0,0.0,0.0,1.0,1.0,0.5661504304335128,0.698357344416727,0.7732852518239931,0.33333333333327253,0.354764946049027,0.1984269222183445,0.0,0.23497694875545186,0.0,0.0,0.38274376433736,0.23497694875545186
plot_10549,2021-04-02 17:00:00,17,3.9610407293619425,4.139517392428688,11.723089384605721,2.0,0.0,0.0,1.0,1.0,2.0,0.0,0.0,1.0,0.6175504886812742,0.6140371900722236,0.5441155857701137,0.6147858093293708,0.0,0.0,0.20322117835950132,0.20434673415307478,0.376282250643775,0.0,0.0,0.269807885697555
plot_19877,2021-04-02 17:00:00,17,4.3944687032088305,4.923346293883576,15.327476752262912,0.0,0.0,0.0,2.0,2.0,1.0,0.0,1.0,1.0,0.5535590377844011,0.6947510558675984,0.7109788366439818,0.0,0.0,0.0,0.4755008419207538,0.5449246244081706,0.2508548337625052,0.0,0.21111317862164566,0.23497694875545186
plot_11486,2021-04-02 17:00:00,17,5.788117800605811,5.838209794693238,17.12921799235563,0.0,1.0,2.0,1.0,3.0,1.0,3.0,0.0,2.0,0.9587271687650649,1.0,1.0,0.0,0.19196632657618148,0.4333814808431787,0.11887521048020015,0.4875541659485966,0.17452389707973073,0.5758989797285444,0.0,0.27876960914785665
plot_10648,2021-04-02 18:00:00,18,3.7989353071763277,3.413115489958103,9.39480569636981,1.0,1.0,0.0,0.0,2.0,1.0,1.0,0.0,0.0,0.6901991996938219,0.6527324031040278,0.545383907341308,0.23984537083936094,0.3165972518123628,0.0,0.0,0.6202902945044068,0.25350859181768914,0.37105763331451125,0.0,0.0
plot_10810,2021-04-02 18:00:00,18,4.054327854364355,3.2734752064704984,11.618454606419903,1.0,1.0,2.0,2.0,1.0,1.0,1.0,1.0,1.0,0.7507398048212183,0.5968470447614642,0.7774210554664195,0.2570359623773819,0.23650996403270116,0.4236700906257169,0.752564501287447,0.19882634286980072,0.17519440725630317,0.2682470889743152,0.3566256314405302,0.24737175554302832
plot_10650,2021-04-02 18:00:00,18,4.00226933186874,4.142542562633118,12.442473895174968,1.0,2.0,1.0,1.0,1.0,1.0,1.0,1.0,0.0,0.7323991363556875,0.8509729837690417,0.7571281296863734,0.14306273381475415,0.5218151142874723,0.2706386987941417,0.1881411253218875,0.23260886043916396,0.21669074042158934,0.3397829736562492,0.2791389669420343,0.0
plot_10846,2021-04-02 18:00:00,18,5.1785637109736635,4.110975673107869,14.83815614013321,1.0,0.0,0.0,2.0,0.0,1.0,2.0,4.0,3.0,0.9229769753893092,0.6918853246545351,0.9080822053751549,0.27485676729960995,0.0,0.0,0.5817463235990532,0.0,0.23497694875545186,0.3080097018197929,0.9999999999997929,0.9999999999997732
plot_10849,2021-04-02 18:00:00,18,3.3952118615645697,3.853308584472606,10.125631612147348,0.0,0.0,1.0,1.0,0.0,0.0,0.0,1.0,0.0,0.5149179585249537,0.7795966664607121,0.5589614702020368,0.0,0.0,0.2908731617995266,0.231332987998342,0.0,0.0,0.0,0.15241588376963242,0.0
plot_10847,2021-04-02 18:00:00,18,3.4302040564634892,3.1109956807653574,13.44121736746749,0.0,1.0,0.0,0.0,1.0,0.0,1.0,1.0,1.0,0.5261079496044441,0.47361699273258845,0.6517888712256182,0.0,0.2686913984359034,0.0,0.0,0.357224547740636,0.0,0.3080097018197607,0.22037071044428175,0.28940260798026574
plot_10605,2021-04-02 18:00:00,18,4.442505127616131,3.152690896588246,10.877569159062615,1.0,1.0,1.0,1.0,1.0,2.0,0.0,1.0,2.0,0.8926117641589483,0.5750976480907998,0.5816158564089251,0.17467288726641833,0.2849222832618101,0.16238321927649782,0.2880393701295043,0.2874733351248409,0.6244699247795703,0.0,0.17831281572029145,0.43410391197042
plot_10646,2021-04-02 18:00:00,18,4.024084585063473,3.279760148621276,11.315263736047736,1.0,1.0,1.0,0.0,0.0,0.0,0.0,0.0,1.0,0.5569301674463005,0.5715078982828893,0.568925987697841,0.23750871038649174,0.391361335715574,0.20297902409561627,0.0,0.0,0.0,0.0,0.0,0.43410391197035586
plot_10604,2021-04-02 18:00:00,18,3.8223697284369864,3.519753819493071,11.314224606376067,2.0,0.0,1.0,1.0,0.0,2.0,1.0,2.0,0.0,0.580601543307101,0.5671492129531153,0.5991729264880497,0.5140719247547638,0.0,0.2880393701295043,0.2181548713496565,0.0,0.35038881451260634,0.3805296510927394,0.3832889585194858,0.0
plot_10552,2021-04-02 18:00:00,18,4.115818346948351,5.207525563437967,15.104508279139205,2.0,0.0,1.0,3.0,1.0,1.0,4.0,1.0,2.0,0.626873649056912,0.995224770986314,0.7550763178091093,0.2620093308996376,0.0,0.1920262467530163,0.5644233759656625,0.33333333333326276,0.11905615333101402,0.9331198973907654,0.14641317127451303,0.41067960242637624
plot_10499,2021-04-02 18:00:00,18,4.313153761820025,3.803096187950685,15.480115335359823,2.0,0.0,1.0,0.0,1.0,1.0,1.0,1.0,0.0,0.7893794259506689,0.7154677170976991,0.964688492013695,0.446321267140492,0.0,0.20297902409561627,0.0,0.2945733038490225,0.16251805531619884,0.18324814070781292,0.15241588376963242,0.0
plot_10500,2021-04-02 18:00:00,18,4.846411490778862,3.524413119164068,12.649271641570847,3.0,0.0,2.0,1.0,0.0,1.0,0.0,2.0,1.0,0.7138030678322713,0.5707502064850553,0.6936212435333351,0.6205423380251395,0.0,0.4236700906257169,0.22766622048522145,0.0,0.20434673415307478,0.0,0.5060730915909489,0.2682470889743152
plot_10549,2021-04-02 18:00:00,18,4.289980992850043,3.6701621372358963,14.428779090256947,3.0,0.0,1.0,2.0,0.0,1.0,0.0,1.0,0.0,0.683373203210411,0.5306213618531236,0.7062551402874462,0.5722509352589924,0.0,0.2880393701295043,0.462665975996684,0.0,0.17623271156659692,0.0,0.2377504209603769,0.0
plot_19877,2021-04-02 18:00:00,18,6.842426523725051,6.681399322778426,20.543426475201052,2.0,0.0,0.0,0.0,0.0,0.0,1.0,1.0,1.0,0.9311526357093409,0.9836898653847964,1.0,0.2861254676295083,0.0,0.0,0.0,0.0,0.0,0.13591318946251854,0.1395694834710333,0.2682470889743152
plot_11486,2021-04-02 18:00:00,18,5.1882246280552,5.680500806241515,14.243934248923711,1.0,1.0,0.0,1.0,1.0,2.0,0.0,0.0,1.0,0.8420337351037521,0.9685296073054588,0.8024430388050341,0.223160633570246,0.19196632657618148,0.0,0.13531934939708418,0.19882634286980072,0.32695477464493,0.0,0.0,0.15912015315648104
plot_10648,2021-04-02 19:00:00,19,3.1918044978981204,3.239980137634695,10.431290179831407,1.0,1.0,1.0,0.0,0.0,2.0,0.0,0.0,2.0,0.5534785585545,0.6110278328140923,0.6266682316893644,0.2724623122040853,0.3165972518123628,0.1920262467530163,0.0,0.0,0.6202902945044068,0.0,0.0,0.782722671431148
plot_10810,2021-04-02 19:00:00,19,4.95111165504086,4.687133167106684,13.27088063407891,1.0,0.0,1.0,1.0,1.0,0.0,1.0,0.0,1.0,0.9599397408590706,0.936397063429583,0.9191794390010095,0.2919906787604788,0.0,0.21183504531285846,0.3762822506437235,0.23054467849852373,0.0,0.2874733351248409,0.0,0.2849222832618101
plot_10650,2021-04-02 19:00:00,19,3.088640896585056,2.7894033553667192,8.247210454208396,1.0,1.0,1.0,1.0,1.0,1.0,2.0,2.0,1.0,0.528675562743557,0.515968673116606,0.44753050421056867,0.16251805531619884,0.26090755714373615,0.2706386987941417,0.1881411253218875,0.26971644789026733,0.2651017904930565,0.7282729145660976,0.6795659473124984,0.4105514533070443
plot_10846,2021-04-02 19:00:00,19,3.96910294670658,4.308142457048261,12.027004009680732,2.0,0.0,0.0,1.0,0.0,0.0,1.0,1.0,0.0,0.6649319996604227,0.7319798082158505,0.7051791506024914,0.6244699247795703,0.0,0.0,0.2908731617995266,0.0,0.0,0.16504293964849295,0.30431345485234407,0.0
plot_10849,2021-04-02 19:00:00,19,3.3014899885760847,3.274351888889709,9.925150395549716,0.0,0.0,0.0,0.0,0.0,2.0,0.0,2.0,0.0,0.49507985351475703,0.6333965679066403,0.5432785310864694,0.0,0.0,0.0,0.0,0.0,0.530203580986113,0.0,0.3710576333145581,0.0
plot_10847,2021-04-02 19:00:00,19,4.054809433401211,3.6334160778712516,10.524002608868143,1.0,0.0,1.0,1.0,0.0,0.0,1.0,1.0,3.0,0.6502273656294683,0.5772192821999791,0.4793388254497969,0.2919906787604788,0.0,0.3469994819974838,0.1734997409987638,0.0,0.0,0.3300858792969513,0.2682470889743152,0.9999999999998032
plot_10605,2021-04-02 19:00:00,19,4.3568881097648,4.23331106811229,10.711900839721556,1.0,1.0,0.0,2.0,2.0,1.0,1.0,1.0,0.0,0.8717548937835848,0.8267877430042135,0.5696752605180033,0.1984269222183445,0.2849222832618101,0.0,0.5760787402590086,0.6666666666665451,0.38199162282163324,0.357224547740636,0.21705195598521,0.0
plot_10646,2021-04-02 19:00:00,19,6.498641979220873,5.115183219587639,17.890564540052377,1.0,1.0,0.0,1.0,0.0,0.0,0.0,1.0,2.0,1.0,1.0,1.0,0.269807885697555,0.391361335715574,0.0,0.21183504531285846,0.0,0.0,0.0,0.20533980121318812,0.9999999999997047
plot_10604,2021-04-02 19:00:00,19,3.0967415593370915,3.3346563765262296,10.041087005215608,0.0,0.0,1.0,1.0,0.0,0.0,0.0,0.0,2.0,0.4348731379503276,0.5267698708850553,0.511963625546475,0.0,0.0,0.2880393701295043,0.2181548713496565,0.0,0.0,0.0,0.0,0.46344967456645436
plot_10552,2021-04-02 19:00:00,19,3.4207734433607855,3.1606139582055888,8.994160419847596,1.0,1.0,1.0,0.0,0.0,2.0,0.0,1.0,0.0,0.4987649655992856,0.5437184041109552,0.39059132836884664,0.1488201916637641,0.3165972518123628,0.1920262467530163,0.0,0.0,0.2913091658264794,0.0,0.17822199194577706,0.0
plot_10499,2021-04-02 19:00:00,19,3.0056293059974406,3.3328926861775345,9.951278123840513,2.0,3.0,1.0,0.0,0.0,1.0,1.0,0.0,1.0,0.49445726569695875,0.6058800440135174,0.5485951669989201,0.5070171836353783,0.5561396094797605,0.20297902409561627,0.0,0.0,0.19882634286980072,0.19638220256602723,0.0,0.2686913984359034
plot_10500,2021-04-02 19:00:00,19,4.018894213303673,2.7376892930973424,10.77766990621466,0.0,0.0,1.0,0.0,3.0,0.0,1.0,0.0,0.0,0.5629908341653044,0.3898586032414673,0.5537557229402894,0.0,0.0,0.21183504531285846,0.0,0.9999999999998175,0.0,0.2427576381887179,0.0,0.0
plot_10549,2021-04-02 19:00:00,19,4.0940830450120655,3.2077969185133437,12.219977038740824,0.0,0.0,0.0,2.0,0.0,1.0,0.0,0.0,0.0,0.6441729710447023,0.4484478328838896,0.5738917802533007,0.0,0.0,0.0,0.462665975996684,0.0,0.21560500134364052,0.0,0.0,0.0
plot_19877,2021-04-02 19:00:00,19,3.938527751266961,4.556366513709205,12.440398157819594,2.0,2.0,3.0,3.0,2.0,1.0,2.0,3.0,0.0,0.48323087157083955,0.6344373457247814,0.551002828747143,0.3250361106323977,0.4607191837828251,0.4163993783970436,0.8119160963824251,0.7730185553579441,0.2874733351248409,0.2913091658264794,0.5096744604844328,0.0
plot_11486,2021-04-02 19:00:00,19,4.360562433400486,3.880078110564429,13.547586888777044,1.0,0.0,2.0,1.0,1.0,0.0,0.0,1.0,0.0,0.6810338307453343,0.6092602352463855,0.7547637529393464,0.25350859181768914,0.0,0.462665975996684,0.13531934939708418,0.23054467849852373,0.0,0.0,0.1609482533846009,0.0
plot_10648,2021-04-02 20:00:00,20,2.5286211213351764,3.4251883351383476,9.008719283354079,0.0,0.0,0.0,0.0,0.0,0.0,0.0,1.0,0.0,0.4041353609256056,0.6556404909882314,0.515105814689947,0.0,0.0,0.0,0.0,0.0,0.0,0.0,0.33687489159937656,0.0
plot_10810,2021-04-02 20:00:00,20,2.6956244056646557,3.027356204952485,9.915996440824246,1.0,1.0,0.0,1.0,4.0,2.0,1.0,0.0,0.0,0.43378417477084874,0.5377311101527761,0.6313705130817739,0.4491665221324766,0.17987192379838254,0.0,0.4999999999998631,0.9999999999998738,0.5389998265590208,0.33333333333327253,0.0,0.0
plot_10650,2021-04-02 20:00:00,20,2.1652728718352683,2.321720165068569,7.518913551316693,4.0,1.0,0.0,0.0,1.0,0.0,1.0,0.0,0.0,0.3227802266348556,0.40018170609339837,0.3937844177133868,0.9999999999998738,0.1984269222183445,0.0,0.0,0.2924774165758508,0.0,0.4222263572432425,0.0,0.0
plot_10846,2021-04-02 20:00:00,20,3.727472887313944,2.5872027544426626,9.512941040261355,0.0,1.0,0.0,1.0,0.0,0.0,0.0,0.0,0.0,0.6133789235677674,0.3820213251632719,0.5237193673128839,0.0,0.2919906787604788,0.0,0.38650927767897203,0.0,0.0,0.0,0.0,0.0
plot_10849,2021-04-02 20:00:00,20,2.755548148690325,2.4993436639347353,7.668854185064476,1.0,0.0,0.0,0.0,0.0,0.0,4.0,4.0,1.0,0.37952036666536004,0.4376888755471004,0.36677642931229565,0.3614628360803445,0.0,0.0,0.0,0.0,0.0,0.9999999999998631,0.9999999999998738,0.4354523370358481
plot_10847,2021-04-02 20:00:00,20,2.704377313486531,2.198662397144738,7.830094566825325,0.0,1.0,0.0,0.0,0.0,0.0,0.0,0.0,0.0,0.38187417448817895,0.2926902573600428,0.32008947166235396,0.0,0.20434673415307478,0.0,0.0,0.0,0.0,0.0,0.0,0.0
plot_10605,2021-04-02 20:00:00,20,3.6482115638920627,3.8300456214938654,11.05247468185385,1.0,1.0,0.0,0.0,0.0,0.0,0.0,0.0,1.0,0.6991166119761767,0.7328621239853268,0.5942222266253154,0.3052382731141095,0.21669074042158934,0.0,0.0,0.0,0.0,0.0,0.0,0.35234597271253765
plot_10646,2021-04-02 20:00:00,20,3.1310137783825773,3.075926397364014,8.866144413944133,0.0,1.0,0.0,0.0,0.0,0.0,0.0,0.0,0.0,0.397025720004928,0.5239215113300865,0.40836273374861554,0.0,0.2976403833274938,0.0,0.0,0.0,0.0,0.0,0.0,0.0
plot_10604,2021-04-02 20:00:00,20,3.753479371663909,3.0906390895412703,11.552739451872753,0.0,1.0,0.0,0.0,0.0,0.0,1.0,0.0,0.0,0.5667662454720501,0.47353705824457637,0.6155110763635965,0.0,0.25350859181768914,0.0,0.0,0.0,0.0,0.47285962176102225,0.0,0.0
plot_10552,2021-04-02 20:00:00,20,3.8052715930900853,3.9078949556959444,10.282863920039379,0.0,1.0,0.0,2.0,0.0,2.0,0.0,0.0,0.0,0.5696345619368238,0.708553137252038,0.4674630699579559,0.0,0.2407803704409547,0.0,0.49999999999993155,0.0,0.36628592773695395,0.0,0.0,0.0
plot_10499,2021-04-02 20:00:00,20,2.560149378021114,1.8242840752097906,6.769771417937699,1.0,1.0,1.0,1.0,1.0,0.0,1.0,2.0,0.0,0.39397585433720633,0.2542771600552524,0.3091589793937277,0.3899698887677819,0.14098616925328142,0.31939792869778455,0.23190556660740286,0.3703901852204306,0.0,0.22771062978845047,0.4999999999999369,0.0
plot_10500,2021-04-02 20:00:00,20,3.6003888823173122,2.6244169748308113,9.49722119182673,0.0,0.0,2.0,0.0,1.0,1.0,2.0,0.0,0.0,0.4867196486739793,0.3638138711824526,0.45806729593822687,0.0,0.0,0.6666666666665639,0.0,0.3614628360803445,0.3143446642827889,0.5629684763243668,0.0,0.0
plot_10549,2021-04-02 20:00:00,20,3.523778948535365,4.043787120894894,10.700636138404878,0.0,1.0,1.0,0.0,0.0,0.0,0.0,0.0,0.0,0.5300520563864662,0.5970235957909564,0.4828446597258044,0.0,0.21669074042158934,0.45324475577062895,0.0,0.0,0.0,0.0,0.0,0.0
plot_19877,2021-04-02 20:00:00,20,3.5298167354512855,2.722851259047018,9.481715007356787,0.0,1.0,1.0,1.0,0.0,1.0,0.0,1.0,0.0,0.42018784783897895,0.33309619946439756,0.3870591384182186,0.0,0.17519440725630317,0.2184086090728444,0.35962193052033875,0.0,0.3614628360803445,0.0,0.22892870483559094,0.0
plot_11486,2021-04-02 20:00:00,20,4.140972190619774,3.997666636682829,12.875834456985661,0.0,0.0,0.0,1.0,1.0,1.0,0.0,2.0,2.0,0.6383183263836961,0.6327247005862996,0.7087684953144646,0.0,0.0,0.0,0.17981096526018706,0.24999999999996844,0.25147573142623914,0.0,0.4337554032964451,0.5166076010474524
plot_10648,2021-04-02 21:00:00,21,1.8336896388521786,2.480650959581113,6.084729163363823,0.0,2.0,0.0,0.0,0.0,1.0,2.0,0.0,2.0,0.2476427626568239,0.4281218193721857,0.28579745060327294,0.0,0.5141008096338958,0.0,0.0,0.0,0.3899698887677819,0.9999999999997475,0.0,0.844452714486485
plot_10810,2021-04-02 21:00:00,21,1.8233038634072385,2.352776181150123,6.4479822787536225,1.0,0.0,0.0,1.0,0.0,2.0,1.0,2.0,0.0,0.23029097885552077,0.3757020578266028,0.33385638932600414,0.38393265315231945,0.0,0.0,0.4023706334614361,0.0,0.5389998265590208,0.3614628360803445,0.8682078239407117,0.0
plot_10650,2021-04-02 21:00:00,21,2.3256197274710173,2.1988080076406917,6.588346190481231,1.0,1.0,0.0,2.0,1.0,0.0,1.0,1.0,0.0,0.3585348432667692,0.3697516495635064,0.32511138935320166,0.2136917124463666,0.21183504531285846,0.0,0.4023706334614912,0.23260886043916396,0.0,0.457857409671129,0.3397829736562492,0.0
plot_10846,2021-04-02 21:00:00,21,1.9768444701301624,1.8450345276150026,6.876904350180866,1.0,0.0,1.0,0.0,0.0,0.0,0.0,0.0,1.0,0.2398729109967547,0.2310990898070958,0.3334557771228852,0.4105514533070443,0.0,0.23398193326068756,0.0,0.0,0.0,0.0,0.0,0.4142118057493797
plot_10849,2021-04-02 21:00:00,21,2.342061233511051,2.177453396283568,7.111885974151683,0.0,2.0,2.0,2.0,1.0,0.0,0.0,1.0,0.0,0.29199760829414656,0.3564040588876843,0.3232067688259326,0.0,0.31172110102127554,0.8382524380873927,0.49474351108605663,0.357224547740636,0.0,0.0,0.18552881665727905,0.0
plot_10847,2021-04-02 21:00:00,21,1.98373296921348,1.6681031257761292,5.848912320198776,2.0,1.0,0.0,0.0,0.0,0.0,0.0,2.0,0.0,0.23867022768349738,0.18747393059247083,0.20297263337889726,0.7678653063046389,0.2181548713496565,0.0,0.0,0.0,0.0,0.0,0.5364941779486304,0.0
plot_10605,2021-04-02 21:00:00,21,1.9864070798030142,2.181996154150774,5.727962009154016,0.0,2.0,3.0,0.0,2.0,0.0,1.0,0.0,0.0,0.29429007650833133,0.3490105748581462,0.2104563117317496,0.0,0.462665975996684,0.7019457997820626,0.0,0.5749466702496818,0.0,0.4491665221324766,0.0,0.0
plot_10646,2021-04-02 21:00:00,21,2.722512192512021,2.200716958673414,7.003575922967012,0.0,0.0,0.0,0.0,1.0,0.0,0.0,0.0,0.0,0.32388345639167376,0.319597866411677,0.28625351068400967,0.0,0.0,0.0,0.0,0.22005725286464958,0.0,0.0,0.0,0.0
plot_10604,2021-04-02 21:00:00,21,2.850183775303638,2.4600617895857595,10.235368486809483,0.0,0.0,0.0,1.0,0.0,1.0,0.0,0.0,1.0,0.3853567682370833,0.33597547939651773,0.5252718117003138,0.0,0.0,0.0,0.23327997434769135,0.0,0.2694999132795104,0.0,0.0,0.24999999999996578
plot_10552,2021-04-02 21:00:00,21,2.4983886371813293,2.9210092291226015,8.275265599646517,0.0,1.0,2.0,1.0,1.0,2.0,0.0,3.0,0.0,0.32875364323573586,0.4908665562647299,0.3477089300204116,0.0,0.2570504048169479,0.5533905861979364,0.2011853167307456,0.33333333333326276,0.36628592773695395,0.0,0.5346659758373312,0.0
plot_10499,2021-04-02 21:00:00,21,2.5688369003287908,2.3586391492771774,7.457720844085429,1.0,2.0,0.0,1.0,1.0,0.0,0.0,2.0,0.0,0.3959353915640802,0.37881627757977954,0.36093318673906466,0.3333333333332677,0.30102580051502825,0.0,0.186623979478159,0.2945733038490225,0.0,0.0,0.3710576333145581,0.0
plot_10500,2021-04-02 21:00:00,21,2.900056630259959,2.827327445456816,8.455795614654905,1.0,1.0,0.0,0.0,1.0,0.0,0.0,1.0,0.0,0.35908645705768283,0.41046912570799154,0.3802411603034841,0.3089664497109555,0.2880393701295043,0.0,0.0,0.2874733351248409,0.0,0.0,0.3080097018197607,0.0
plot_10549,2021-04-02 21:00:00,21,2.9006874874202593,3.3145730167374876,9.865836100955228,1.0,3.0,0.0,1.0,1.0,1.0,1.0,1.0,1.0,0.4053681063719189,0.4674245388413256,0.432818928430589,0.2849222832618101,0.693998963995026,0.0,0.24737175554302832,0.2499999999999603,0.2710971270602707,0.36023108530419107,0.28940260798026574,0.38274376433736
plot_19877,2021-04-02 21:00:00,21,2.306059093355733,2.651345858935456,8.332323003126257,0.0,0.0,0.0,1.0,0.0,0.0,0.0,0.0,1.0,0.23142517913843844,0.3213441733066466,0.32337013989242647,0.0,0.0,0.0,0.28940260798026574,0.0,0.0,0.0,0.0,0.33333333333327253
plot_11486,2021-04-02 21:00:00,21,2.860940552533475,3.390494747218267,10.42551208313918,0.0,1.0,1.0,1.0,0.0,0.0,0.0,2.0,2.0,0.3893218485469645,0.5115652284336678,0.5409935777774615,0.0,0.15586055051063777,0.33333333333327725,0.1447013039901471,0.0,0.0,0.0,0.3218965067692018,0.39545667582047295
plot_10648,2021-04-02 22:00:00,22,1.8324510735062423,1.4524081132859854,5.586373047235733,1.0,0.0,1.0,1.0,0.0,0.0,0.0,0.0,0.0,0.24736384838398262,0.1804403061342869,0.24671482000864503,0.33333333333326276,0.0,0.23650996403270116,0.33333333333328197,0.0,0.0,0.0,0.0,0.0
plot_10810,2021-04-02 22:00:00,22,1.9961838941436982,1.5018227425844513,5.147743431688024,0.0,1.0,0.0,0.0,0.0,1.0,0.0,1.0,0.0,0.2706200875492845,0.1713094367001729,0.22231145231601043,0.0,0.3021631705137737,0.0,0.0,0.0,0.2694999132795104,0.0,0.46521772087825924,0.0
plot_10650,2021-04-02 22:00:00,22,2.2825383560425676,1.8913015396031114,5.646771346025901,0.0,0.0,0.0,0.0,0.0,0.0,0.0,0.0,0.0,0.34892843150837194,0.2936205377067988,0.2556260423295692,0.0,0.0,0.0,0.0,0.0,0.0,0.0,0.0,0.0
plot_10846,2021-04-02 22:00:00,22,1.660278294332409,1.4718994104277823,3.9966149528421453,2.0,0.0,1.0,0.0,0.0,1.0,1.0,1.0,1.0,0.17233181039741477,0.15522089408252876,0.1255625396781819,0.7639832456432665,0.0,0.19999999999997636,0.0,0.0,0.3614628360803445,0.17738247302453206,0.32612470884313116,0.4142118057493797
plot_10849,2021-04-02 22:00:00,22,1.6784570720925815,1.5308391682309364,5.304484140852649,0.0,0.0,1.0,0.0,0.0,0.0,1.0,0.0,0.0,0.1515325426734395,0.1931188519127803,0.18182009235796653,0.0,0.0,0.3582551979145189,0.0,0.0,0.0,0.23172483728322718,0.0,0.0
plot_10847,2021-04-02 22:00:00,22,2.868765296243035,2.5692883071376733,7.901591030449463,0.0,0.0,1.0,0.0,0.0,1.0,1.0,0.0,1.0,0.414540784758656,0.3661898623217149,0.3243159580355108,0.0,0.0,0.4273834248926792,0.0,0.0,0.41504293964842326,0.354764946049027,0.0,0.35962193052033875
plot_10605,2021-04-02 22:00:00,22,1.5211817679843924,1.1702441334038096,3.8430870671219526,1.0,1.0,5.0,0.0,0.0,1.0,1.0,1.0,2.0,0.1809581213964635,0.11336074262199503,0.07460336122649498,0.2427576381887179,0.3640143484547162,0.9999999999998819,0.0,0.0,0.4803081137388923,0.38393265315231945,0.23260886043916396,0.5394328957805347
plot_10646,2021-04-02 22:00:00,22,2.1562387478499416,2.591093201226658,7.7273133803102665,0.0,0.0,0.0,1.0,3.0,0.0,1.0,1.0,0.0,0.22249212034975244,0.4107338771102881,0.3337014402753536,0.0,0.0,0.0,0.33333333333328197,0.9999999999998603,0.0,0.3165972518123628,0.22005725286464958,0.0
plot_10604,2021-04-02 22:00:00,22,1.8051386324177245,1.3333696264950534,4.9852571524534035,0.0,0.0,0.0,0.0,0.0,0.0,0.0,0.0,0.0,0.17547963186913162,0.09018554556695092,0.1656417615648881,0.0,0.0,0.0,0.0,0.0,0.0,0.0,0.0,0.0
plot_10552,2021-04-02 22:00:00,22,2.82136640866088,2.2310337956805326,7.175581031448891,4.0,0.0,3.0,0.0,0.0,0.0,2.0,1.0,1.0,0.38828397987550456,0.3386722453866533,0.2821122524732188,0.7282729145661818,0.0,0.7095298920981035,0.0,0.0,0.0,0.5373827968718068,0.19099581141083977,0.2551625095582578
plot_10499,2021-04-02 22:00:00,22,2.3389118906454867,2.2329479338314506,6.75143618588169,1.0,0.0,0.0,1.0,0.0,1.0,0.0,1.0,2.0,0.3440740437704017,0.3495221362646322,0.30777909292226363,0.3101451472522034,0.0,0.0,0.2746223235819331,0.0,0.24999999999996844,0.0,0.19882634286980072,0.5797639165184887
plot_10500,2021-04-02 22:00:00,22,3.473392072610911,2.726176210239263,8.066521847012034,2.0,0.0,0.0,0.0,0.0,0.0,0.0,0.0,0.0,0.46357490830210796,0.3872113972621004,0.3511505812897684,0.5749466702496818,0.0,0.0,0.0,0.0,0.0,0.0,0.0,0.0
plot_10549,2021-04-02 22:00:00,22,2.1531933077444982,2.090121533395191,6.913833338270636,2.0,2.0,1.0,0.0,0.0,0.0,1.0,1.0,0.0,0.2557905038028468,0.24980977163231916,0.25591896393136615,0.530203580986113,0.7280286969094324,0.354764946049027,0.0,0.0,0.0,0.3079135899803019,0.3101451472522034,0.0
plot_19877,2021-04-02 22:00:00,22,2.4692934243435003,2.01406816286208,6.168324769193934,0.0,0.0,0.0,0.0,1.0,0.0,0.0,0.0,0.0,0.25660381490820994,0.21660657107911044,0.20346076187043538,0.0,0.0,0.0,0.0,0.5049191047541299,0.0,0.0,0.0,0.0
plot_11486,2021-04-02 22:00:00,22,2.601009023673844,2.0234588895601213,7.3149914829554,2.0,1.0,0.0,2.0,1.0,0.0,0.0,1.0,1.0,0.3387590083491027,0.23877700190091042,0.32801452540331894,0.6202902945044068,0.24525458835265557,0.0,0.4258639049304004,0.30117365713013616,0.0,0.0,0.17248400107491715,0.19772833791023647
plot_10648,2021-04-02 23:00:00,23,1.2554921320850325,1.2519220518061016,4.165698640949211,1.0,0.0,1.0,3.0,1.0,0.0,1.0,1.0,0.0,0.11743765261745254,0.13214754020903632,0.13530113164554797,0.38650927767897203,0.0,0.3021631705137737,0.9999999999998459,0.4258639049303585,0.0,0.4610893569969893,0.33687489159937656,0.0
plot_10810,2021-04-02 23:00:00,23,1.6752057750273674,1.4660343845371915,4.8029716898497155,1.0,1.0,0.0,1.0,0.0,1.0,1.0,1.0,0.0,0.1957429522374827,0.1627133420426083,0.1927341617182317,0.4142118057493797,0.22005725286464958,0.0,0.5920994644487578,0.0,0.24852708344965038,0.33333333333327253,0.5849548331516152,0.0
plot_10650,2021-04-02 23:00:00,23,2.3497246771477553,1.7194931051256044,6.3494133195697176,1.0,1.0,0.0,0.0,0.0,0.0,0.0,0.0,1.0,0.3639098363167183,0.25108495389743835,0.3074788734163053,0.23054467849852373,0.2427576381887179,0.0,0.0,0.0,0.0,0.0,0.0,0.524517135240618
plot_10846,2021-04-02 23:00:00,23,1.6603210739099004,1.8109504060117327,5.077750561294794,1.0,0.0,0.0,0.0,1.0,1.0,2.0,0.0,0.0,0.1723409376509492,0.22416797683759415,0.20359663651777055,0.4429299186487171,0.0,0.0,0.0,0.34327790447740547,0.33333333333327253,0.3827437643374001,0.0,0.0
plot_10849,2021-04-02 23:00:00,23,1.8845773441525324,1.7508142334042527,5.892403316857657,2.0,2.0,0.0,1.0,0.0,0.0,0.0,0.0,2.0,0.19516201220354598,0.24866769771272043,0.22781093777799577,0.6666666666665451,0.3572245477406765,0.0,0.3640143484547162,0.0,0.0,0.0,0.0,0.7894659525984158
plot_10847,2021-04-02 23:00:00,23,1.6864960829177673,1.5234459789544732,5.577316126102759,0.0,1.0,0.0,1.0,1.0,1.0,0.0,0.0,2.0,0.17960434367046418,0.15878666707525751,0.1869173272118309,0.0,0.2499999999999603,0.0,0.2730107613410486,0.4905091767052555,0.38274376433736,0.0,0.0,0.851727809860717
plot_10605,2021-04-02 23:00:00,23,1.3779521959230023,1.3011146902788355,5.3463180177729415,0.0,0.0,0.0,0.0,0.0,0.0,0.0,0.0,0.0,0.14606645273789728,0.14384214927091182,0.1829492017821501,0.0,0.0,0.0,0.0,0.0,0.0,0.0,0.0,0.0
plot_10646,2021-04-02 23:00:00,23,2.062944115138001,2.0040860962687037,4.7910771114947,0.0,1.0,0.0,0.0,0.0,0.0,0.0,2.0,0.0,0.2057877038785743,0.2736930432529044,0.14120299994627244,0.0,0.3641364572830488,0.0,0.0,0.0,0.0,0.0,0.5533905861979364,0.0
plot_10604,2021-04-02 23:00:00,23,2.081905461457015,2.0493241187462705,6.126780960232878,1.0,0.0,0.0,0.0,0.0,0.0,1.0,0.0,0.0,0.2310629049131996,0.24637231338175525,0.24383558224371477,0.4142118057493797,0.0,0.0,0.0,0.0,0.0,0.47285962176102225,0.0,0.0
plot_10552,2021-04-02 23:00:00,23,1.704818594484786,1.7975537008571982,5.9328275254661165,0.0,2.0,1.0,0.0,0.0,2.0,1.0,1.0,0.0,0.18248508867685995,0.243055501494945,0.20798144864080087,0.0,0.589146607698045,0.3021631705137737,0.0,0.0,0.33778108579464083,0.28988195825924434,0.24015405686947527,0.0
plot_10499,2021-04-02 23:00:00,23,2.0092313195830056,1.8627755897734297,5.640520126275457,0.0,0.0,1.0,0.0,0.0,0.0,0.0,0.0,0.0,0.26971206470496634,0.2632481598428086,0.22417294946577263,0.0,0.0,0.31939792869778455,0.0,0.0,0.0,0.0,0.0,0.0
plot_10500,2021-04-02 23:00:00,23,1.302370917203055,1.301428530047886,4.294438726339421,0.0,1.0,0.0,0.0,0.0,0.0,0.0,0.0,0.0,0.06791362279485151,0.059618811975962034,0.06926135270732615,0.0,0.3300858792969513,0.0,0.0,0.0,0.0,0.0,0.0,0.0
plot_10549,2021-04-02 23:00:00,23,1.9567516623844983,1.9237985676030884,6.392001223781038,0.0,0.0,0.0,0.0,0.0,3.0,1.0,0.0,1.0,0.2164814748410184,0.22025014107548985,0.22464796253033276,0.0,0.0,0.0,0.0,0.0,0.7499999999998973,0.33219743898655796,0.0,0.45324475577062895
plot_19877,2021-04-02 23:00:00,23,2.1476054784606387,1.449974808708781,5.3848931788744725,0.0,1.0,0.0,0.0,1.0,2.0,0.0,1.0,0.0,0.20698396121752083,0.12389693176403516,0.16005000799598293,0.0,0.21433472864440106,0.0,0.0,0.4577038726365164,0.6666666666665451,0.0,0.22892870483559094,0.0
plot_11486,2021-04-02 23:00:00,23,1.5117644317206584,1.6488413899343577,5.3673875524378785,0.0,0.0,1.0,0.0,0.0,0.0,0.0,0.0,0.0,0.1268751307720347,0.1640231153963452,0.19466101554478604,0.0,0.0,0.3640143484547162,0.0,0.0,0.0,0.0,0.0,0.0
plot_10648,2021-04-03 00:00:00,0,0.7339906493593158,0.7033152498728202,2.452276169436476,0.0,0.0,0.0,0.0,0.0,0.0,0.0,1.0,2.0,0.0,0.0,0.0009292330382980632,0.0,0.0,0.0,0.0,0.0,0.0,0.0,0.40583137239326095,0.9999999999997689
plot_10810,2021-04-03 00:00:00,0,0.8361084407365604,0.9040913311894305,2.5563395168429213,0.0,0.0,0.0,0.0,0.0,0.0,0.0,0.0,0.0,0.0,0.027738843565775204,0.0,0.0,0.0,0.0,0.0,0.0,0.0,0.0,0.0,0.0
plot_10650,2021-04-03 00:00:00,0,0.7424074288051805,0.8694550272292033,2.182860444590305,0.0,0.0,0.0,0.0,0.0,0.0,0.0,1.0,0.0,0.005505477263366115,0.04063622934286108,0.0,0.0,0.0,0.0,0.0,0.0,0.0,0.0,0.5515783620592092,0.0
plot_10846,2021-04-03 00:00:00,0,0.9191854250165434,0.7653441989088937,2.661116957176919,0.0,0.0,0.0,0.0,0.0,0.0,0.0,0.0,0.0,0.014215650596770648,0.011540677023400501,0.02916910012440438,0.0,0.0,0.0,0.0,0.0,0.0,0.0,0.0,0.0
plot_10849,2021-04-03 00:00:00,0,1.1405642169640278,0.7660828276814504,2.980205952356973,0.0,0.0,0.0,0.0,0.0,0.0,0.0,0.0,0.0,0.037676784097361755,0.0,0.0,0.0,0.0,0.0,0.0,0.0,0.0,0.0,0.0,0.0
plot_10847,2021-04-03 00:00:00,0,1.0648467393118182,0.8016820382131776,2.818072604912629,1.0,0.0,0.0,0.0,0.0,0.0,0.0,0.0,0.0,0.05607234034542175,0.01565213953756812,0.023805691315562726,0.5411084965243173,0.0,0.0,0.0,0.0,0.0,0.0,0.0,0.0
plot_10605,2021-04-03 00:00:00,0,0.976981464633669,0.8937796844400838,2.814569379159846,0.0,0.0,0.0,0.0,0.0,0.0,0.0,0.0,1.0,0.04838733733892173,0.048968678478190926,0.0004726274358188463,0.0,0.0,0.0,0.0,0.0,0.0,0.0,0.0,0.31939792869778455
plot_10646,2021-04-03 00:00:00,0,0.9789571496932948,1.0652240890948645,2.637265532559158,1.0,1.0,1.0,0.0,0.0,0.0,0.0,3.0,0.0,0.011699692663333478,0.05450926974587731,0.0,0.49999999999989525,0.6180744360147642,0.35234597271253765,0.0,0.0,0.0,0.0,0.9999999999998603,0.0
plot_10604,2021-04-03 00:00:00,0,0.9824276645602072,0.9370521417161166,2.5671119237467166,0.0,0.0,0.0,0.0,0.0,1.0,1.0,0.0,0.0,0.010254021121241049,0.0037281692308087796,0.0,0.0,0.0,0.0,0.0,0.0,0.36380541930271765,0.6921937463646487,0.0,0.0
plot_10552,2021-04-03 00:00:00,0,0.7147582219767122,0.8380791331014573,2.4461571925497876,0.0,0.0,3.0,1.0,1.0,0.0,0.0,0.0,0.0,0.0,0.03141525523842952,0.0,0.0,0.0,0.9999999999998603,0.326589252776901,0.5049191047541299,0.0,0.0,0.0,0.0
plot_10499,2021-04-03 00:00:00,0,1.0132011175749969,0.8517685059515343,3.2616292078589706,0.0,0.0,0.0,1.0,0.0,0.0,3.0,0.0,0.0,0.04504982030408619,0.027618451918773528,0.045140615138938245,0.0,0.0,0.0,0.30295146285250363,0.0,0.0,0.9999999999998753,0.0,0.0
plot_10500,2021-04-03 00:00:00,0,0.9297241174561849,1.1716391163365767,3.367622257416244,0.0,0.0,0.0,0.0,0.0,0.0,0.0,0.0,0.0,0.0,0.02977630009010387,0.0,0.0,0.0,0.0,0.0,0.0,0.0,0.0,0.0,0.0
plot_10549,2021-04-03 00:00:00,0,0.9244420428278277,0.9471919863347562,2.9680156886377134,0.0,0.0,0.0,0.0,2.0,1.0,0.0,0.0,0.0,0.009910772084167558,0.046683432448227334,0.01946423869740789,0.0,0.0,0.0,0.0,0.7573786571312351,0.3659615425539446,0.0,0.0,0.0
plot_19877,2021-04-03 00:00:00,0,1.2281591902000522,1.162991562916692,3.6075390894480384,2.0,0.0,0.0,0.0,1.0,0.0,0.0,0.0,1.0,0.06516083453887808,0.0767307791920202,0.06156498150837298,0.6023473142602723,0.0,0.0,0.0,0.5049191047541299,0.0,0.0,0.0,0.3947329762992079
plot_11486,2021-04-03 00:00:00,0,0.9826699728567856,0.8268650052435838,2.5243985722771973,0.0,1.0,1.0,1.0,0.0,0.0,0.0,0.0,1.0,0.023953724159775747,0.0,0.0,0.0,0.30317118275227156,0.401564876173498,0.23489731514170334,0.0,0.0,0.0,0.0,0.23414968596605215
plot_10648,2021-04-03 01:00:00,1,0.8509094574566115,0.840471748447078,2.440427198144155,1.0,0.0,0.0,0.0,0.0,1.0,0.0,1.0,0.0,0.026329110893436224,0.03303804080882797,0.0,0.41912621904369635,0.0,0.0,0.0,0.0,0.5264311857178746,0.0,0.5237132549222658,0.0
plot_10810,2021-04-03 01:00:00,1,1.1553125573495908,1.1792243875445754,3.2592428696337303,1.0,0.0,0.0,0.0,0.0,0.0,0.0,0.0,0.0,0.07446329954676964,0.0938237361090632,0.060300698127971376,0.4491665221324766,0.0,0.0,0.0,0.0,0.0,0.0,0.0,0.0
plot_10650,2021-04-03 01:00:00,1,1.002577810212297,0.7053184074579353,2.5094468367951737,0.0,0.0,0.0,1.0,0.0,0.0,0.0,0.0,1.0,0.06351903923380905,0.0,0.02410107802813972,0.0,0.0,0.0,0.326589252776901,0.0,0.0,0.0,0.0,0.5786246046561515
plot_10846,2021-04-03 01:00:00,1,1.2352220087865673,1.0301834906415663,3.6915548309091197,0.0,0.0,0.0,1.0,0.0,0.0,0.0,0.0,0.0,0.08164375988132042,0.06539657717327708,0.1035439409837138,0.0,0.0,0.0,0.5049191047541299,0.0,0.0,0.0,0.0,0.0
plot_10849,2021-04-03 01:00:00,1,1.1626570178000222,1.1423807255381848,3.8760631867915896,0.0,0.0,0.0,0.0,0.0,0.0,0.0,0.0,0.0,0.04235316634388031,0.09502401504650601,0.07007975461400218,0.0,0.0,0.0,0.0,0.0,0.0,0.0,0.0,0.0
plot_10847,2021-04-03 01:00:00,1,1.5465184483843468,1.092172117128864,4.102857238836884,0.0,0.0,0.0,0.0,0.0,0.0,0.0,0.0,0.0,0.15178847320832958,0.07325983902623827,0.09975524843308145,0.0,0.0,0.0,0.0,0.0,0.0,0.0,0.0,0.0
plot_10605,2021-04-03 01:00:00,1,0.8710332835901423,0.6835348523793994,2.811867321750407,0.0,0.0,0.0,0.0,0.0,0.0,0.0,0.0,0.0,0.02257766148256953,0.0,0.0002778758035906147,0.0,0.0,0.0,0.0,0.0,0.0,0.0,0.0,0.0
plot_10646,2021-04-03 01:00:00,1,0.9136140392798544,0.8317365385141466,2.761550234964743,1.0,0.0,0.0,2.0,0.0,0.0,2.0,0.0,1.0,0.0,0.0,0.008148053896047664,0.41504293964842326,0.0,0.0,0.7354378160790023,0.0,0.0,0.999999999999813,0.0,0.7046919454249713
plot_10604,2021-04-03 01:00:00,1,1.0632649783187706,1.0778484610533603,3.394644015804796,0.0,0.0,0.0,0.0,0.0,0.0,0.0,0.0,0.0,0.026488634562410886,0.03444314102791148,0.05668554222993861,0.0,0.0,0.0,0.0,0.0,0.0,0.0,0.0,0.0
plot_10552,2021-04-03 01:00:00,1,1.0045166672608643,0.6956575522633066,2.802625944050109,1.0,0.0,0.0,0.0,0.0,0.0,0.0,0.0,1.0,0.05340744569808177,0.0,0.021263520853204126,0.22892870483559094,0.0,0.0,0.0,0.0,0.0,0.0,0.0,0.33333333333328674
plot_10499,2021-04-03 01:00:00,1,1.0250053040870342,0.9844717337881089,2.9972837540161534,0.0,0.0,0.0,0.0,1.0,0.0,0.0,0.0,0.0,0.0477123450244958,0.05854684333765823,0.025246309223613258,0.0,0.0,0.0,0.0,0.4999999999999065,0.0,0.0,0.0,0.0
plot_10500,2021-04-03 01:00:00,1,1.5395952781001376,1.3480484361412401,3.8083885703337708,0.0,1.0,1.0,0.0,0.0,0.0,1.0,0.0,0.0,0.11114696271527437,0.07033813847514077,0.032938636811188284,0.0,0.6452350539507634,0.41204962400987455,0.0,0.0,0.0,0.41204962400987455,0.0,0.0
plot_10549,2021-04-03 01:00:00,1,0.8749142771612582,1.0234593882680763,2.7460366360674975,1.0,0.0,1.0,0.0,1.0,1.0,0.0,0.0,0.0,0.0,0.06023800210096014,0.006162053816140582,0.33333333333327725,0.0,0.5602779935992915,0.0,0.42434259441250305,0.3659615425539446,0.0,0.0,0.0
plot_19877,2021-04-03 01:00:00,1,0.8089396994137356,0.8968593131082402,2.840696524298389,0.0,0.0,0.0,0.0,0.0,0.0,0.0,0.0,0.0,0.0004968952668829495,0.03299152095011951,0.019073442658642897,0.0,0.0,0.0,0.0,0.0,0.0,0.0,0.0,0.0
plot_11486,2021-04-03 01:00:00,1,1.190854129233286,1.0374845655834288,3.2007039773269153,0.0,0.0,0.0,0.0,0.0,0.0,0.0,0.0,0.0,0.06445047450311774,0.04202855105544939,0.04630700220229672,0.0,0.0,0.0,0.0,0.0,0.0,0.0,0.0,0.0
plot_10648,2021-04-03 02:00:00,2,0.9147219823515078,0.7819342458419442,2.726752572769747,1.0,0.0,0.0,1.0,0.0,1.0,1.0,0.0,1.0,0.04069914315505269,0.01893761961100759,0.02245452294897542,0.5049191047541299,0.0,0.0,0.2814842381621834,0.0,0.3899698887677819,0.6749638893673909,0.0,0.6180744360147642
plot_10810,2021-04-03 02:00:00,2,1.14136047328802,1.1032353363487932,3.0091141453930867,0.0,0.0,1.0,1.0,0.0,0.0,0.0,1.0,0.0,0.07120858520974269,0.07557173706080063,0.038842646130233256,0.0,0.0,0.36771890803950114,0.4999999999998631,0.0,0.0,0.0,0.7046919454249713,0.0
plot_10650,2021-04-03 02:00:00,2,0.7177173034140187,0.7698106326235017,2.3622545078246553,0.0,0.0,0.0,0.0,0.0,0.0,0.0,0.0,0.0,0.0,0.015966704177967653,0.013238733820495214,0.0,0.0,0.0,0.0,0.0,0.0,0.0,0.0,0.0
plot_10846,2021-04-03 02:00:00,2,0.8525564523471121,0.7085922976225512,2.2569890939962782,0.0,0.0,0.0,0.0,0.0,1.0,0.0,0.0,0.0,0.0,0.0,0.0,0.0,0.0,0.0,0.0,0.0,0.3614628360803445,0.0,0.0,0.0
plot_10849,2021-04-03 02:00:00,2,0.962566430785735,1.2758473715684246,3.1195784191182647,0.0,0.0,0.0,0.0,1.0,0.0,1.0,0.0,0.0,0.0,0.12872746290741524,0.010902616951844624,0.0,0.0,0.0,0.0,0.5411084965243173,0.0,0.3659615425539446,0.0,0.0
plot_10847,2021-04-03 02:00:00,2,1.3014589313075577,1.4104354795179201,4.18203474123282,0.0,0.0,0.0,0.0,0.0,1.0,0.0,0.0,0.0,0.10309109519331724,0.13637531686699428,0.10443579650460917,0.0,0.0,0.0,0.0,0.0,0.41504293964842326,0.0,0.0,0.0
plot_10605,2021-04-03 02:00:00,2,0.9341852034886435,0.9591779179440377,2.9127121389936907,0.0,1.0,0.0,0.0,1.0,0.0,0.0,0.0,1.0,0.03796188579140416,0.06420075356944654,0.007546297522271519,0.0,0.401564876173498,0.0,0.0,0.4354523370358481,0.0,0.0,0.0,0.39482338928842536
plot_10646,2021-04-03 02:00:00,2,1.0779184018361967,1.11015361608814,3.0536946854916476,2.0,0.0,2.0,0.0,0.0,1.0,0.0,0.0,0.0,0.029418718101896803,0.0649983759116661,0.02730092373642698,0.9999999999997905,0.0,0.7046919454250753,0.0,0.0,0.49999999999987377,0.0,0.0,0.0
plot_10604,2021-04-03 02:00:00,2,1.0919477615604651,0.9199623488609673,3.3504697191137436,0.0,0.0,0.0,1.0,0.0,0.0,0.0,1.0,0.0,0.03224901769112966,0.0,0.053659624583251436,0.0,0.0,0.0,0.28988195825924434,0.0,0.0,0.0,0.37868932856561754,0.0
plot_10552,2021-04-03 02:00:00,2,0.9899804543891964,1.139322584914534,2.82710504141168,1.0,0.0,0.0,0.0,0.0,0.0,0.0,0.0,0.0,0.05072817262689296,0.09786333053656798,0.02272370998626171,0.2757891810296365,0.0,0.0,0.0,0.0,0.0,0.0,0.0,0.0
plot_10499,2021-04-03 02:00:00,2,1.1036547608127592,0.9158979738067158,3.1549702996005364,0.0,1.0,0.0,1.0,1.0,0.0,0.0,1.0,0.0,0.06545233266070324,0.04256474460241828,0.037113600039410256,0.0,0.26127140222152795,0.0,0.23190556660740286,0.44620706659183873,0.0,0.0,0.30117365713013616,0.0
plot_10500,2021-04-03 02:00:00,2,1.2801064563969697,1.1698533015454267,3.445088975023535,0.0,1.0,1.0,1.0,0.0,1.0,0.0,0.0,0.0,0.06385599988237153,0.029365687254997178,0.005789117728465975,0.0,0.49999999999989525,0.36771890803950114,0.3025205415558134,0.0,0.3143446642827889,0.0,0.0,0.0
plot_10549,2021-04-03 02:00:00,2,1.0003876372100209,0.68451864462242,2.6432078992695427,0.0,0.0,0.0,0.0,0.0,0.0,0.0,0.0,0.0,0.025107893670183307,0.0,0.0,0.0,0.0,0.0,0.0,0.0,0.0,0.0,0.0,0.0
plot_19877,2021-04-03 02:00:00,2,0.8057183030202898,0.6961218509752647,2.4964791085367715,0.0,0.0,0.0,0.0,0.0,0.0,0.0,0.0,0.0,0.0,0.0,0.0,0.0,0.0,0.0,0.0,0.0,0.0,0.0,0.0,0.0
plot_11486,2021-04-03 02:00:00,2,1.4554254820579042,1.273082078239896,3.770416137339825,0.0,0.0,0.0,1.0,0.0,0.0,0.0,0.0,0.0,0.11591587038061227,0.08904138344975376,0.08531550642451805,0.0,0.0,0.0,0.17981096526018706,0.0,0.0,0.0,0.0,0.0
plot_10648,2021-04-03 03:00:00,3,1.2441061757460943,1.2640252478736989,4.6427675120448235,0.0,0.0,0.0,1.0,0.0,0.0,0.0,0.0,1.0,0.11487363309010445,0.13506293896706187,0.17271435053425468,0.0,0.0,0.0,0.3052382731141095,0.0,0.0,0.0,0.0,0.6180744360147642
plot_10810,2021-04-03 03:00:00,3,1.0874331514581796,0.788605438479386,2.6844237010406267,0.0,0.0,0.0,0.0,0.0,0.0,0.0,0.0,0.0,0.05862852715228801,0.0,0.010988090603932464,0.0,0.0,0.0,0.0,0.0,0.0,0.0,0.0,0.0
plot_10650,2021-04-03 03:00:00,3,1.0049553195702803,1.1067460172447923,2.676490741587274,0.0,0.0,2.0,1.0,2.0,0.0,0.0,0.0,0.0,0.06404918330988986,0.09938369900993145,0.03642840788514757,0.0,0.0,0.9395892605667209,0.2710971270602707,0.6387958573955691,0.0,0.0,0.0,0.0
plot_10846,2021-04-03 03:00:00,3,0.9034097712381063,0.8386618835704233,2.997787053994621,0.0,0.0,0.0,0.0,0.0,0.0,0.0,0.0,0.0,0.010849829797423763,0.026450058023925,0.053469240396046266,0.0,0.0,0.0,0.0,0.0,0.0,0.0,0.0,0.0
plot_10849,2021-04-03 03:00:00,3,1.2192949237670223,0.8270815801252537,3.4658640866309445,0.0,0.0,0.0,0.0,0.0,0.0,0.0,1.0,0.0,0.05434170957614204,0.015403610817525384,0.03799132447447801,0.0,0.0,0.0,0.0,0.0,0.0,0.0,0.33748194468373804,0.0
plot_10847,2021-04-03 03:00:00,3,0.7826742444769147,0.72275524040967,2.4153686582016056,0.0,0.0,0.0,0.0,1.0,0.0,0.0,0.0,0.0,0.0,0.0,0.0,0.0,0.0,0.0,0.0,0.4905091767052555,0.0,0.0,0.0,0.0
plot_10605,2021-04-03 03:00:00,3,1.4743683107016796,1.3930698879145504,4.442704795943354,0.0,0.0,0.0,0.0,0.0,0.0,0.0,0.0,0.0,0.16955405436783158,0.16525967693752344,0.11782099642293196,0.0,0.0,0.0,0.0,0.0,0.0,0.0,0.0,0.0
plot_10646,2021-04-03 03:00:00,3,1.141297088507097,0.9397419699566086,3.5229987515365853,0.0,0.0,0.0,0.0,1.0,1.0,1.0,0.0,0.0,0.040766680431261554,0.025214608581375947,0.058068304996991726,0.0,0.0,0.0,0.0,0.3021631705137737,0.6023473142601964,0.44620706659183873,0.0,0.0
plot_10604,2021-04-03 03:00:00,3,1.3939287795662485,1.3014395271198966,4.089492797025562,0.0,0.0,0.0,2.0,0.0,0.0,0.0,0.0,0.0,0.09289607368481669,0.08321993661919484,0.10428234277619065,0.0,0.0,0.0,0.6286893285655778,0.0,0.0,0.0,0.0,0.0
plot_10552,2021-04-03 03:00:00,3,1.2799182282963257,0.9445086158008986,3.121021531267309,0.0,0.0,0.0,0.0,0.0,1.0,0.0,0.0,0.0,0.10416867166250345,0.05489139799867992,0.04025596038644887,0.0,0.0,0.0,0.0,0.0,0.22063134482371427,0.0,0.0,0.0
plot_10499,2021-04-03 03:00:00,3,0.8134747161159377,0.733267104833317,2.66182359280333,0.0,0.0,0.0,0.0,1.0,0.0,2.0,0.0,1.0,0.0,0.0,0.0,0.0,0.0,0.0,0.0,0.40448202584117815,0.0,0.594942755455822,0.0,0.42434259441250305
plot_10500,2021-04-03 03:00:00,3,1.2225719573141824,1.5874562290757244,3.9432385568265724,0.0,1.0,1.0,1.0,0.0,0.0,0.0,1.0,0.0,0.05337053141449973,0.12538523131513152,0.043016028387869776,0.0,0.5602779935992915,0.36771890803950114,0.328049798770038,0.0,0.0,0.0,0.5602779935992915,0.0
plot_10549,2021-04-03 03:00:00,3,1.0359728023672226,0.9670566854926022,3.5774085508665205,1.0,0.0,0.0,1.0,0.0,0.0,0.0,0.0,0.0,0.03222867646149218,0.0502138719484612,0.05598235346919745,0.5182074690851858,0.0,0.0,0.33333333333327725,0.0,0.0,0.0,0.0,0.0
plot_19877,2021-04-03 03:00:00,3,0.8991310537348101,1.1157553667316913,3.2879135189093707,0.0,1.0,0.0,0.0,0.0,0.0,1.0,0.0,0.0,0.014408768132664597,0.06896743527264221,0.04385419840224671,0.0,0.36380541930271765,0.0,0.0,0.0,0.0,0.22063134482371427,0.0,0.0
plot_11486,2021-04-03 03:00:00,3,0.8595295772942024,1.0638172727505668,3.009883170449618,0.0,0.0,1.0,0.0,0.0,1.0,0.0,0.0,0.0,0.0,0.04728316997980998,0.033241396843632684,0.0,0.0,0.401564876173498,0.0,0.0,0.30295146285250363,0.0,0.0,0.0
plot_10648,2021-04-03 04:00:00,4,1.278844744416092,1.3731975166200794,3.894458996389189,0.0,0.0,0.0,0.0,0.0,0.0,0.0,0.0,0.0,0.12269646024405981,0.1613601826815657,0.11402967838574118,0.0,0.0,0.0,0.0,0.0,0.0,0.0,0.0,0.0
plot_10810,2021-04-03 04:00:00,4,1.6405051147952796,1.5191877370297624,4.303560019892093,0.0,1.0,1.0,0.0,0.0,1.0,0.0,1.0,0.0,0.1876480514424998,0.17548037787000415,0.14989061540118473,0.0,0.33333333333328674,0.3052382731141095,0.0,0.0,0.2694999132795104,0.0,0.539432895780455,0.0
plot_10650,2021-04-03 04:00:00,4,1.4851259365518603,1.0392542641049822,3.998138689331692,0.0,0.0,0.0,0.0,0.0,1.0,0.0,1.0,0.0,0.17111904919541815,0.08267438476206258,0.1339619888138268,0.0,0.0,0.0,0.0,0.0,0.33333333333327725,0.0,0.4222263572432425,0.0
plot_10846,2021-04-03 04:00:00,4,1.2325158016554487,1.178113750254656,3.9832806556581835,0.0,0.0,1.0,0.0,0.0,0.0,1.0,0.0,0.0,0.08106637599744551,0.09547865917381966,0.12460009812172408,0.0,0.0,0.23398193326068756,0.0,0.0,0.0,0.2499999999999738,0.0,0.0
plot_10849,2021-04-03 04:00:00,4,1.3644634197606087,1.4688555237855667,5.09510833665797,0.0,0.0,0.0,0.0,0.0,0.0,0.0,1.0,0.0,0.08506951916704635,0.17746653284333783,0.16544136099756987,0.0,0.0,0.0,0.0,0.0,0.0,0.0,0.23054467849852373,0.0
plot_10847,2021-04-03 04:00:00,4,1.5003613708766137,1.3644648069840826,4.377594029898799,0.0,0.0,0.0,0.0,1.0,0.0,2.0,1.0,0.0,0.14261629871670198,0.12725877595617704,0.11599620980051864,0.0,0.0,0.0,0.0,0.5411084965243173,0.0,0.9999999999997905,0.33333333333327253,0.0
plot_10605,2021-04-03 04:00:00,4,1.268233201323315,0.9285920360339588,3.1449387871793886,1.0,0.0,2.0,0.0,0.0,0.0,0.0,1.0,1.0,0.1193381818227091,0.05707691512573029,0.024284105765379944,0.41204962400987455,0.0,0.4679638665213751,0.0,0.0,0.0,0.0,0.26971644789026733,0.35234597271253765
plot_10646,2021-04-03 04:00:00,4,1.120408231291606,1.0982430299401027,3.849533129671892,0.0,0.0,1.0,0.0,0.0,0.0,0.0,0.0,0.0,0.03702652775161146,0.06221776790254473,0.07947576432594712,0.0,0.0,0.2924774165758508,0.0,0.0,0.0,0.0,0.0,0.0
plot_10604,2021-04-03 04:00:00,4,1.259393534525076,0.9742513763757831,3.3600052101010136,0.0,0.0,0.0,2.0,1.0,0.0,1.0,0.0,0.0,0.06587726769158656,0.011843249573986652,0.05431280103674438,0.0,0.0,0.0,0.7573786571312351,0.5515783620592092,0.0,0.6177234821572858,0.0,0.0
plot_10552,2021-04-03 04:00:00,4,1.6008218348865206,1.7480163858200797,4.552233119733778,0.0,2.0,0.0,0.0,0.0,2.0,0.0,0.0,0.0,0.16331670417792293,0.2321285943046219,0.12562837333602184,0.0,0.8924141331836775,0.0,0.0,0.0,0.36628592773695395,0.0,0.0,0.0
plot_10499,2021-04-03 04:00:00,4,1.095557630924126,1.2900636780139165,3.3812796542717667,0.0,0.0,0.0,0.0,0.0,1.0,0.0,2.0,2.0,0.06362596296797864,0.1297694309081229,0.05414535703723,0.0,0.0,0.0,0.0,0.0,0.24999999999996844,0.0,0.46108935699704745,0.7573786571312351
plot_10500,2021-04-03 04:00:00,4,1.220321165006548,1.4775277009658845,4.887267208794495,0.0,0.0,0.0,1.0,0.0,0.0,0.0,0.0,0.0,0.05296033210546481,0.10010933775104082,0.11356365418236958,0.0,0.0,0.0,0.39519983046556023,0.0,0.0,0.0,0.0,0.0
plot_10549,2021-04-03 04:00:00,4,1.519159054352792,1.4763804622605137,4.5419207812999245,1.0,0.0,1.0,1.0,1.0,1.0,0.0,0.0,0.0,0.1289168422445182,0.1407330771788873,0.1137811406111069,0.44997592624496513,0.0,0.41504293964842326,0.401564876173498,0.37868932856561754,0.2710971270602707,0.0,0.0,0.0
plot_19877,2021-04-03 04:00:00,4,1.7689630937496583,1.2887493796830674,4.721070674460649,0.0,1.0,0.0,0.0,0.0,0.0,0.0,0.0,1.0,0.14857897597976522,0.09739927625481937,0.12326691715370484,0.0,0.3246650979146198,0.0,0.0,0.0,0.0,0.0,0.0,0.4354523370358481
plot_11486,2021-04-03 04:00:00,4,1.1402018225794135,1.0032684053812608,3.9620622785857953,0.0,0.0,0.0,0.0,0.0,0.0,0.0,0.0,0.0,0.05459740089473716,0.03520081086998001,0.09843762288030242,0.0,0.0,0.0,0.0,0.0,0.0,0.0,0.0,0.0
plot_10648,2021-04-03 05:00:00,5,1.2725294536543414,1.4689489843400023,3.899396688660218,0.0,0.0,0.0,0.0,0.0,0.0,0.0,0.0,0.0,0.12127431103217207,0.18442464503602918,0.11441690751120649,0.0,0.0,0.0,0.0,0.0,0.0,0.0,0.0,0.0
plot_10810,2021-04-03 05:00:00,5,2.164659859377015,2.228221366055569,5.5524554872823995,0.0,1.0,0.0,0.0,0.0,0.0,0.0,0.0,0.0,0.30992182462809614,0.34578492725597526,0.25703090470765405,0.0,0.3021631705137737,0.0,0.0,0.0,0.0,0.0,0.0,0.0
plot_10650,2021-04-03 05:00:00,5,1.462567829303741,1.331041608846835,3.8560810543014155,2.0,0.0,0.0,0.0,0.0,0.0,0.0,0.0,1.0,0.1660889756501638,0.15491382454581024,0.12347856933255835,0.4273834248927332,0.0,0.0,0.0,0.0,0.0,0.0,0.0,0.4429299186487171
plot_10846,2021-04-03 05:00:00,5,1.7545690476743772,1.5622709486771382,4.4130953308395275,1.0,0.0,0.0,0.0,0.0,1.0,2.0,1.0,0.0,0.19244925105894048,0.17359822966784227,0.1556232183704235,0.4105514533070443,0.0,0.0,0.0,0.0,0.3089664497109555,0.4532447557706764,0.37815067694475113,0.0
plot_10849,2021-04-03 05:00:00,5,1.6443921761114304,1.741602348219304,4.343505086509629,1.0,0.0,0.0,0.0,0.0,1.0,0.0,0.0,0.0,0.14432202753874374,0.2463414813787814,0.10664608724982358,0.3089664497109555,0.0,0.0,0.0,0.0,0.2849222832618101,0.0,0.0,0.0
plot_10847,2021-04-03 05:00:00,5,1.4684388904287151,1.937900151905028,5.023294695691481,1.0,0.0,1.0,0.0,0.0,1.0,0.0,1.0,0.0,0.13627277402485724,0.24097794719154242,0.15416656014760444,0.38393265315231945,0.0,0.49999999999987377,0.0,0.0,0.354764946049027,0.0,0.33333333333327253,0.0
plot_10605,2021-04-03 05:00:00,5,1.4051395042706962,1.3568321299277746,3.478393566545504,1.0,2.0,0.0,1.0,0.0,1.0,0.0,0.0,1.0,0.15268946040966092,0.15681944512667575,0.04831796319898089,0.26090755714373615,0.7280286969094324,0.0,0.49999999999989525,0.0,0.4105514533070443,0.0,0.0,0.26971644789026733
plot_10646,2021-04-03 05:00:00,5,1.6494195381398185,1.0913784803561055,4.635479949311023,1.0,0.0,3.0,0.0,0.0,1.0,1.0,1.0,0.0,0.13174607303177333,0.06061519173080705,0.13100211408497517,0.354764946049027,0.0,0.8774322497275524,0.0,0.0,0.4273834248926792,0.40448202584117815,0.2551625095582578,0.0
plot_10604,2021-04-03 05:00:00,5,2.012816935955748,2.08929556490391,6.081991595479764,0.0,0.0,0.0,0.0,0.0,0.0,0.0,0.0,0.0,0.2171878087158738,0.25509215667879914,0.24076753273659474,0.0,0.0,0.0,0.0,0.0,0.0,0.0,0.0,0.0
plot_10552,2021-04-03 05:00:00,5,1.779996273563633,1.690442757060713,5.3786594789799045,0.0,0.0,1.0,0.0,0.0,0.0,0.0,1.0,2.0,0.19634162289857685,0.21942904251033657,0.17492507620129874,0.0,0.0,0.2766952930989682,0.0,0.0,0.0,0.0,0.2214649593243854,0.5103250191165156
plot_10499,2021-04-03 05:00:00,5,1.6783510199868508,1.8481351163979234,6.353444315989004,1.0,0.0,0.0,0.0,0.0,0.0,0.0,0.0,1.0,0.19507947767553202,0.25983598744506514,0.27782672606156744,0.3333333333332677,0.0,0.0,0.0,0.0,0.0,0.0,0.0,0.28988195825924434
plot_10500,2021-04-03 05:00:00,5,2.2195229792457565,2.0625102439743577,6.442181330497433,0.0,0.0,1.0,1.0,2.0,0.0,3.0,0.0,0.0,0.2350614937262492,0.2346145180547309,0.2297629870858899,0.0,0.0,0.3052382731141095,0.39519983046556023,0.9758974468104744,0.0,0.9999999999998459,0.0,0.0
plot_10549,2021-04-03 05:00:00,5,1.748781198504462,1.645859599895509,4.7669286973605685,0.0,1.0,0.0,0.0,2.0,1.0,0.0,1.0,2.0,0.17486546733464933,0.1708536361270874,0.12726483136720018,0.0,0.3640143484547162,0.0,0.0,0.8486851888250061,0.23172483728322718,0.0,0.35962193052033875,0.76548752867472
plot_19877,2021-04-03 05:00:00,5,1.484734077808139,1.7852135447956041,4.8623300511185175,0.0,0.0,0.0,1.0,0.0,0.0,0.0,0.0,1.0,0.10473710261717957,0.17899395086241082,0.13109424516590917,0.0,0.0,0.0,0.46979463028336044,0.0,0.0,0.0,0.0,0.33333333333327253
plot_11486,2021-04-03 05:00:00,5,2.0295845653090794,2.655766771067778,7.561278615174262,0.0,1.0,2.0,0.0,0.0,1.0,1.0,1.0,0.0,0.22760341402699116,0.3649522917829496,0.3448779404949339,0.0,0.24525458835265557,0.6666666666665545,0.0,0.0,0.21495311874872955,0.24525458835265557,0.1999999999999781,0.0
plot_10648,2021-04-03 06:00:00,6,2.0687657020439296,2.291159154800195,8.198515218711686,1.0,0.0,1.0,2.0,1.0,0.0,0.0,1.0,0.0,0.30057987206541004,0.3824773326408407,0.4515671018299527,0.41912621904369635,0.0,0.23650996403270116,0.4855152763774358,0.3899698887677819,0.0,0.0,0.2679184108054922,0.0
plot_10810,2021-04-03 06:00:00,6,1.7094239480132762,2.3149808734130954,5.647550326409516,0.0,0.0,0.0,1.0,0.0,0.0,0.0,0.0,0.0,0.20372529937018535,0.36662390893555175,0.2651889041893251,0.0,0.0,0.0,0.43121000268722204,0.0,0.0,0.0,0.0,0.0
plot_10650,2021-04-03 06:00:00,6,1.958901595067416,1.9473324798482587,5.505543461197802,0.0,0.0,0.0,0.0,1.0,0.0,0.0,1.0,0.0,0.2767629483077088,0.3074924338215774,0.24520385587834695,0.0,0.0,0.0,0.0,0.2924774165758508,0.0,0.0,0.3641364572830488,0.0
plot_10846,2021-04-03 06:00:00,6,1.2936473748128723,1.6666166942453369,4.057255275750631,0.0,1.0,2.0,0.0,0.0,1.0,0.0,1.0,0.0,0.09410912676516905,0.19481726411556222,0.1299394307852996,0.0,0.4905091767052555,0.3999999999999527,0.0,0.0,0.3947329762992079,0.0,0.32612470884313116,0.0
plot_10849,2021-04-03 06:00:00,6,1.9440103141580687,1.9674026962115347,5.26464061892515,0.0,0.0,1.0,0.0,0.0,0.0,0.0,1.0,0.0,0.2077421865261671,0.30336134725453767,0.17870327403880776,0.0,0.0,0.3582551979145189,0.0,0.0,0.0,0.0,0.19882634286980072,0.0
plot_10847,2021-04-03 06:00:00,6,1.6770798718293365,1.7336436139367335,6.0907780299238325,1.0,0.0,1.0,2.0,1.0,0.0,0.0,1.0,1.0,0.17773318683349554,0.20047140286550053,0.2172704332205907,0.4491665221324766,0.0,0.4273834248926792,0.39765268573960144,0.4491665221324766,0.0,0.0,0.2874733351248409,0.35962193052033875
plot_10605,2021-04-03 06:00:00,6,2.524806829031505,2.490115821158164,7.418850705344493,0.0,1.0,0.0,1.0,0.0,0.0,1.0,0.0,0.0,0.42544780731467524,0.42077553934553535,0.33232764294368095,0.0,0.3640143484547162,0.0,0.3300858792969513,0.0,0.0,0.6063423655044744,0.0,0.0
plot_10646,2021-04-03 06:00:00,6,2.2438588720909687,1.4992722076705356,5.7819127977283085,0.0,1.0,1.0,1.0,0.0,0.0,0.0,2.0,0.0,0.23818051531988618,0.1558407793672116,0.20616177940420202,0.0,0.4999999999998844,0.24999999999996309,0.2427576381887179,0.0,0.0,0.0,0.44011450572929917,0.0
plot_10604,2021-04-03 06:00:00,6,2.3960641546102783,2.3578195699996995,7.9723972896960085,0.0,0.0,0.0,0.0,0.0,1.0,0.0,1.0,4.0,0.2941556118005067,0.3136711542135773,0.37025939515453044,0.0,0.0,0.0,0.0,0.0,0.29430550602318,0.0,0.2499999999999603,0.9999999999998631
plot_10552,2021-04-03 06:00:00,6,2.291350332536366,1.6067319534995266,5.83092111827925,1.0,0.0,0.0,0.0,1.0,0.0,0.0,1.0,0.0,0.2905929366447499,0.20096417051121704,0.20190268576138176,0.22892870483559094,0.0,0.0,0.0,0.41912621904369635,0.0,0.0,0.19099581141083977,0.0
plot_10499,2021-04-03 06:00:00,6,2.197714392540482,2.0059372090193093,5.930283249334787,2.0,3.0,0.0,0.0,0.0,0.0,0.0,0.0,1.0,0.3122258661106199,0.2966140294481111,0.24598015715299082,0.7799397775355638,0.7105193573386261,0.0,0.0,0.0,0.0,0.0,0.0,0.28988195825924434
plot_10500,2021-04-03 06:00:00,6,2.4035049938280304,2.005482726793276,7.175000671938908,0.0,0.0,1.0,0.0,0.0,0.0,0.0,0.0,1.0,0.26859159554884604,0.2215021669728251,0.2845268595247337,0.0,0.0,0.26090755714373615,0.0,0.0,0.0,0.0,0.0,0.33333333333327253
plot_10549,2021-04-03 06:00:00,6,3.467456982611004,3.032299957092418,9.081088697914733,0.0,0.0,0.0,1.0,0.0,1.0,0.0,0.0,0.0,0.5187817283170261,0.41725776049224506,0.3857926215810404,0.0,0.0,0.0,0.2651017904930565,0.0,0.29604973222441944,0.0,0.0,0.0
plot_19877,2021-04-03 06:00:00,6,3.0552388774793213,2.663759635761898,8.178099539150775,0.0,0.0,0.0,1.0,2.0,2.0,0.0,0.0,3.0,0.34698496853064337,0.3233843972583092,0.31482445840723755,0.0,0.0,0.0,0.3101451472522034,0.8382524380873927,0.7894659525984158,0.0,0.0,0.9999999999998175
plot_11486,2021-04-03 06:00:00,6,2.124374311706929,2.159747495939005,8.035101246105446,1.0,0.0,1.0,1.0,0.0,0.0,2.0,0.0,2.0,0.2460422652911584,0.2659730165646412,0.37732083604212435,0.3899698887677819,0.0,0.2849222832618101,0.15507257362611696,0.0,0.0,0.6063423655045431,0.0,0.39545667582047295
plot_10648,2021-04-03 07:00:00,7,2.4649986860896163,2.1349354840567005,5.824016129611468,0.0,0.0,0.0,0.0,0.0,0.0,0.0,0.0,0.0,0.3898081352195683,0.34484642150662215,0.265351526775724,0.0,0.0,0.0,0.0,0.0,0.0,0.0,0.0,0.0
plot_10810,2021-04-03 07:00:00,7,2.702225987149157,2.6049125052429143,7.665292626272632,0.0,0.0,0.0,0.0,0.0,0.0,1.0,1.0,0.0,0.4353241785301322,0.4362633080982668,0.43828705323214956,0.0,0.0,0.0,0.0,0.0,0.0,0.3089664497109555,0.46521772087825924,0.0
plot_10650,2021-04-03 07:00:00,7,2.110335236948792,2.8472933854735283,8.025138228610802,1.0,3.0,0.0,0.0,0.0,1.0,1.0,0.0,0.0,0.3105300701460242,0.5303008346011282,0.4311422523888184,0.2136917124463666,0.9999999999998459,0.0,0.0,0.0,0.231332987998342,0.391361335715574,0.0,0.0
plot_10846,2021-04-03 07:00:00,7,2.0261066831658385,1.7163156748152681,5.546899093089537,0.0,0.0,0.0,0.0,1.0,1.0,0.0,1.0,1.0,0.25038326978036146,0.20492370760290776,0.2374587918995718,0.0,0.0,0.0,0.0,0.28988195825924434,0.2508548337625052,0.0,0.32612470884313116,0.38393265315231945
plot_10849,2021-04-03 07:00:00,7,1.86970434801548,1.5565416726791492,5.044762908497058,1.0,0.0,1.0,0.0,1.0,1.0,0.0,2.0,1.0,0.1920138457214341,0.19960933507341103,0.16150301556055366,0.3089664497109555,0.0,0.41912621904369635,0.0,0.4142118057493797,0.231332987998342,0.0,0.39765268573960144,0.3089664497109555
plot_10847,2021-04-03 07:00:00,7,1.8162561246961544,1.9138186159080524,6.84292099578648,1.0,0.0,1.0,1.0,0.0,0.0,0.0,0.0,0.0,0.20538980950791566,0.23620228705844015,0.261733079829184,0.38393265315231945,0.0,0.49999999999987377,0.2730107613410486,0.0,0.0,0.0,0.0,0.0
plot_10605,2021-04-03 07:00:00,7,2.809831720987436,2.044693531751045,7.788591811446373,0.0,0.0,0.0,1.0,2.0,2.0,1.0,1.0,4.0,0.4948817513420121,0.3170310588595597,0.3589768487169105,0.0,0.0,0.0,0.45324475577062895,0.6666666666665451,0.666666666666505,0.38393265315231945,0.23260886043916396,0.9999999999998523
plot_10646,2021-04-03 07:00:00,7,2.5670684923430676,2.2593558598132666,7.87518729273011,1.0,2.0,1.0,1.0,1.0,1.0,0.0,0.0,1.0,0.2960512410759174,0.33328751997943357,0.3433959930633898,0.354764946049027,0.9999999999997689,0.2924774165758508,0.33333333333328197,0.2551625095582578,0.3469994819974838,0.0,0.0,0.49999999999985234
plot_10604,2021-04-03 07:00:00,7,2.5048880927642823,3.2910654803650994,8.220390273986268,0.0,1.0,0.0,2.0,0.0,3.0,2.0,2.0,0.0,0.3160107983094581,0.517260438021313,0.3872467928864451,0.0,0.4258639049303585,0.0,0.6865558089548109,0.0,0.5610979818382832,0.8765865512831699,0.4999999999999206,0.0
plot_10552,2021-04-03 07:00:00,7,2.624029022600532,2.3669092206376137,6.598000438152851,0.0,1.0,1.0,0.0,0.0,2.0,1.0,0.0,1.0,0.35191131877883114,0.36864355402215854,0.24765931111926875,0.0,0.40448202584117815,0.2766952930989682,0.0,0.0,0.2542020543754458,0.2686913984359034,0.0,0.23650996403270116
plot_10499,2021-04-03 07:00:00,7,1.9044082188380769,1.9160087340864405,5.431461809350374,0.0,0.0,0.0,0.0,1.0,0.0,0.0,0.0,1.0,0.2460684110979386,0.2756549079725402,0.20843948384119032,0.0,0.0,0.0,0.0,0.34156594468265444,0.0,0.0,0.0,0.2686913984359034
plot_10500,2021-04-03 07:00:00,7,3.237598360175328,2.5977954919927115,8.82962746344623,0.0,0.0,2.0,0.0,1.0,1.0,1.0,3.0,0.0,0.42060229924005366,0.3576927870716771,0.40817775875695195,0.0,0.0,0.610476546228219,0.0,0.33333333333327253,0.2181548713496565,0.26090755714373615,0.990257637890854,0.0
plot_10549,2021-04-03 07:00:00,7,2.4773163451060065,2.687582078479388,9.96468297268918,1.0,0.0,0.0,0.0,0.0,1.0,2.0,1.0,0.0,0.320649265495105,0.3559930211965793,0.438742367365549,0.2849222832618101,0.0,0.0,0.0,0.0,0.1881411253218875,0.6158271799606038,0.3101451472522034,0.0
plot_19877,2021-04-03 07:00:00,7,2.881802164513442,2.7652670894570117,9.162228690165753,1.0,0.0,0.0,0.0,0.0,1.0,0.0,1.0,1.0,0.3202326315776924,0.3400673086072492,0.36935607148396365,0.2136917124463666,0.0,0.0,0.0,0.0,0.2508548337625052,0.0,0.18206822864154545,0.3089664497109555
plot_11486,2021-04-03 07:00:00,7,2.6508667827001258,2.7326060317333845,7.916445563210912,1.0,0.0,0.0,0.0,0.0,0.0,0.0,0.0,0.0,0.34845752362091015,0.3802853538439308,0.3691964163227399,0.3333333333332677,0.0,0.0,0.0,0.0,0.0,0.0,0.0,0.0
plot_10648,2021-04-03 08:00:00,8,2.2494601162308765,2.7339300135835964,8.187275725499482,0.0,0.0,1.0,0.0,0.0,1.0,1.0,0.0,0.0,0.34127070142276694,0.4891312779770579,0.4506856659509347,0.0,0.0,0.1920262467530163,0.0,0.0,0.3101451472522034,0.4273834248926792,0.0,0.0
plot_10810,2021-04-03 08:00:00,8,2.7816539093326464,2.8216609343724786,10.336639643956312,0.0,1.0,3.0,0.0,0.0,1.0,0.0,0.0,3.0,0.45385296576722406,0.4883246519357169,0.6674566673317716,0.0,0.23650996403270116,0.6355051359385754,0.0,0.0,0.21433472864440106,0.0,0.0,0.9999999999998317
plot_10650,2021-04-03 08:00:00,8,2.599739332565321,2.9047815643561714,7.730160496163506,2.0,1.0,0.0,3.0,4.0,1.0,0.0,1.0,0.0,0.41965884443647633,0.5445335075100377,0.40937379688680137,0.4273834248927332,0.26090755714373615,0.0,0.6468150040309216,0.7605257754531048,0.2651017904930565,0.0,0.4222263572432425,0.0
plot_10846,2021-04-03 08:00:00,8,2.919835872323674,2.863402480962608,8.829519110902332,1.0,0.0,1.0,1.0,0.0,0.0,0.0,0.0,0.0,0.44106521146714694,0.4381874053380224,0.4743914082659812,0.4105514533070443,0.0,0.16238321927649782,0.33333333333326276,0.0,0.0,0.0,0.0,0.0
plot_10849,2021-04-03 08:00:00,8,2.7905080942467304,2.0137905449840168,7.737146051900047,1.0,2.0,1.0,0.0,1.0,0.0,0.0,0.0,1.0,0.38692033690692723,0.3150753633700611,0.37211866140688754,0.3089664497109555,0.38393265315236297,0.2908731617995266,0.0,0.2919906787604788,0.0,0.0,0.0,0.3614628360803445
plot_10847,2021-04-03 08:00:00,8,3.7557945139638256,2.8080277468955175,9.064710145757843,1.0,0.0,1.0,0.0,2.0,0.0,0.0,0.0,0.0,0.5908081570320398,0.41353478354243306,0.3930733040918457,0.38393265315231945,0.0,0.3469994819974838,0.0,0.5839813575209576,0.0,0.0,0.0,0.0
plot_10605,2021-04-03 08:00:00,8,3.7821245135462473,3.800422724786787,11.833213598211515,0.0,0.0,1.0,0.0,1.0,0.0,2.0,0.0,2.0,0.7317386899533587,0.7259625769656746,0.6504942280171508,0.0,0.0,0.16238321927649782,0.0,0.23497694875545186,0.0,0.7678653063046389,0.0,0.5849548331517016
plot_10646,2021-04-03 08:00:00,8,3.2289616002116244,3.0601596292820172,8.276579622284148,0.0,0.0,0.0,1.0,2.0,2.0,3.0,2.0,0.0,0.4145632906101847,0.5202406512060042,0.36971110885288905,0.0,0.0,0.0,0.2427576381887179,0.3597438475967651,0.7953053714791025,0.9497917554370885,0.5103250191165156,0.0
plot_10604,2021-04-03 08:00:00,8,2.807901591623916,2.608493003833585,8.302910866321362,1.0,0.0,0.0,0.0,1.0,1.0,0.0,1.0,0.0,0.3768652081446858,0.36835601733168594,0.39289941296794184,0.38393265315231945,0.0,0.0,0.0,0.2976403833274938,0.21433472864440106,0.0,0.28988195825924434,0.0
plot_10552,2021-04-03 08:00:00,8,4.003875202076286,3.361808649661025,12.016480091125974,2.0,1.0,2.0,1.0,1.0,0.0,0.0,0.0,0.0,0.6062406096120586,0.5880977920344215,0.5708740518468367,0.39136133571561926,0.3165972518123628,0.3840524935060326,0.21560500134364052,0.2724623122040853,0.0,0.0,0.0,0.0
plot_10499,2021-04-03 08:00:00,8,3.1288868159780843,2.7817851632082937,10.051276224419192,0.0,1.0,0.0,1.0,1.0,1.0,2.0,2.0,0.0,0.5222589415655109,0.4774365278898884,0.5561208981017012,0.0,0.18537986982658683,0.0,0.19999999999997461,0.2407803704409547,0.19882634286980072,0.4221296690831767,0.46108935699704745,0.0
plot_10500,2021-04-03 08:00:00,8,2.8537670724947066,2.469222824647732,9.115512693037015,0.0,1.0,0.0,1.0,1.0,0.0,0.0,2.0,0.0,0.35065034123018807,0.3281300419777396,0.4295420723880076,0.0,0.354764946049027,0.0,0.26089976707451573,0.23497694875545186,0.0,0.0,0.76548752867472,0.0
plot_10549,2021-04-03 08:00:00,8,3.7439369032910097,3.4510707651335752,9.398031294356825,1.0,1.0,1.0,2.0,2.0,2.0,2.0,0.0,2.0,0.5741068463155917,0.4916835038929155,0.40478553539793305,0.2849222832618101,0.2849222832618101,0.2880393701295043,0.530203580986113,0.40869346830614955,0.43121000268728105,0.6158271799606038,0.0,0.8300858792968465
plot_19877,2021-04-03 08:00:00,8,3.0922638120073125,3.7232144551952264,10.75410590203866,0.0,0.0,1.0,0.0,0.0,0.0,1.0,0.0,0.0,0.3526960057569349,0.49750748071089185,0.4575636325484664,0.0,0.0,0.13879979279901455,0.0,0.0,0.0,0.1565445342862513,0.0,0.0
plot_11486,2021-04-03 08:00:00,8,3.2942158508183126,2.816465950301997,8.872726392026207,0.0,0.0,1.0,1.0,2.0,1.0,1.0,5.0,2.0,0.47360415844976894,0.3970193687824284,0.43467348942510353,0.0,0.0,0.231332987998342,0.15507257362611696,0.3250361106323977,0.19999999999997461,0.19196632657618148,0.9999999999998905,0.4288286747669989
plot_10648,2021-04-03 09:00:00,9,2.339313928920088,1.791544442251806,7.404053648128065,1.0,1.0,1.0,1.0,1.0,3.0,0.0,2.0,1.0,0.3615050079213723,0.2621309295651755,0.38926296412620875,0.38650927767897203,0.3165972518123628,0.2766952930989682,0.2427576381887179,0.3333333333332677,0.9999999999998032,0.0,0.6737497831987531,0.3397829736562492
plot_10810,2021-04-03 09:00:00,9,3.2487198509042217,3.0429754965264304,8.911370119137333,0.0,1.0,0.0,0.0,0.0,0.0,1.0,0.0,0.0,0.562809176872424,0.5414827466116613,0.5451855940385922,0.0,0.23650996403270116,0.0,0.0,0.0,0.0,0.2874733351248409,0.0,0.0
plot_10650,2021-04-03 09:00:00,9,2.7141379233999015,2.2040333151571563,9.109932125975968,0.0,0.0,0.0,0.0,0.0,0.0,0.0,0.0,0.0,0.4451677809373156,0.37104530843696154,0.5111967279851164,0.0,0.0,0.0,0.0,0.0,0.0,0.0,0.0,0.0
plot_10846,2021-04-03 09:00:00,9,3.123881791949611,2.9480055381618895,9.001328562513205,0.0,2.0,1.0,3.0,3.0,2.0,3.0,1.0,0.0,0.484599508678814,0.45539170221968744,0.4867922535254838,0.0,0.7678653063046389,0.23398193326068756,0.9999999999997884,0.8060741953077102,0.617932899421911,0.4951288189454789,0.4100622484625305,0.0
plot_10849,2021-04-03 09:00:00,9,2.8116684897855775,2.2796641828395563,8.253749614157897,1.0,0.0,0.0,0.0,0.0,1.0,0.0,0.0,0.0,0.39139935696245387,0.3822146716360691,0.4125307376665583,0.33333333333327253,0.0,0.0,0.0,0.0,0.2849222832618101,0.0,0.0,0.0
plot_10847,2021-04-03 09:00:00,9,2.5568452326758484,2.5159783111303318,8.158616628755041,0.0,1.0,0.0,0.0,1.0,0.0,1.0,1.0,1.0,0.3525571106406732,0.3556178447120378,0.339509928949958,0.0,0.2686913984359034,0.0,0.0,0.38393265315231945,0.0,0.3300858792969513,0.3614628360803445,0.28940260798026574
plot_10605,2021-04-03 09:00:00,9,2.917070791161496,2.3865202785776174,7.45171894440968,0.0,2.0,0.0,2.0,1.0,0.0,1.0,0.0,1.0,0.5210058963067284,0.3966468282296479,0.334696631546237,0.0,0.5698445665236203,0.0,0.6601717585939026,0.3089664497109555,0.0,0.357224547740636,0.0,0.21705195598521
plot_10646,2021-04-03 09:00:00,9,2.4896432501161208,2.820271325696022,8.911437419246477,0.0,0.0,0.0,0.0,0.0,0.0,0.0,0.0,2.0,0.2821882410946202,0.46423708178002127,0.41133212451975915,0.0,0.0,0.0,0.0,0.0,0.0,0.0,0.0,0.8682078239407117
plot_10604,2021-04-03 09:00:00,9,2.413234710263278,2.888293445862598,9.650597959191668,0.0,0.0,1.0,1.0,0.0,0.0,1.0,0.0,0.0,0.2976039863275117,0.4293949899851755,0.4852153175096611,0.0,0.0,0.41504293964842326,0.2499999999999603,0.0,0.0,0.40780359754061,0.0,0.0
plot_10552,2021-04-03 09:00:00,9,2.4535914547921744,2.437516581501574,8.57799410852901,4.0,0.0,0.0,0.0,1.0,0.0,1.0,2.0,1.0,0.32049675504209013,0.38421807756135407,0.3657668213065051,0.8444527144865827,0.0,0.0,0.0,0.3582551979145189,0.0,0.2499999999999603,0.48030811373895055,0.20533980121318812
plot_10499,2021-04-03 09:00:00,9,2.553251977648449,2.068163681747601,8.100024070277959,2.0,0.0,0.0,5.0,0.0,2.0,2.0,3.0,1.0,0.39242009283004475,0.3111168018111713,0.40927211856677986,0.7192438610406775,0.0,0.0,0.999999999999873,0.0,0.4273834248927332,0.39276440513205446,0.7499999999999053,0.23327997434769135
plot_10500,2021-04-03 09:00:00,9,3.2946194158019195,3.393701208939924,9.652286901241894,1.0,0.0,0.0,2.0,0.0,0.0,0.0,0.0,0.0,0.4309941943692191,0.540695584748619,0.4696554162972595,0.33333333333327253,0.0,0.0,0.5217995341490315,0.0,0.0,0.0,0.0,0.0
plot_10549,2021-04-03 09:00:00,9,2.7492010615634817,2.7241012389533195,8.738312116293077,0.0,1.0,0.0,0.0,2.0,1.0,0.0,0.0,1.0,0.3750548584329944,0.3624833629645604,0.36525159570988175,0.0,0.2849222832618101,0.0,0.0,0.5373827968718068,0.23172483728322718,0.0,0.0,0.3080097018197607
plot_19877,2021-04-03 09:00:00,9,3.085841104190221,2.5872647368070187,8.501822798636335,0.0,0.0,1.0,1.0,1.0,1.0,1.0,0.0,1.0,0.3517053132977957,0.310812339035438,0.33276229869171303,0.0,0.0,0.19999999999997978,0.3101451472522034,0.3582551979145189,0.3089664497109555,0.1456545829132397,0.0,0.2682470889743152
plot_11486,2021-04-03 09:00:00,9,3.685787271499909,2.7088970267657673,9.647824552760884,1.0,1.0,1.0,1.0,0.0,2.0,0.0,0.0,2.0,0.5497740761847784,0.3755542874408504,0.48774488582108266,0.35962193052033875,0.19196632657618148,0.33333333333327725,0.15507257362611696,0.0,0.4299062374974591,0.0,0.0,0.3182403063129621
plot_10648,2021-04-03 10:00:00,10,2.015494198679104,1.5985021813005125,6.349964337486682,0.0,0.0,0.0,0.0,2.0,0.0,1.0,1.0,1.0,0.28858358727275835,0.21563121455761938,0.3065980146888177,0.0,0.0,0.0,0.0,0.7799397775355638,0.0,0.37105763331451125,0.23379082576594337,0.4999999999998844
plot_10810,2021-04-03 10:00:00,10,2.286488393520607,1.8596420235240085,6.8863816747640465,0.0,0.0,0.0,1.0,0.0,2.0,1.0,2.0,0.0,0.33834174203873457,0.257254939011186,0.37146581248972765,0.0,0.0,0.0,0.4999999999998631,0.0,0.4286694572888021,0.2682470889743152,0.8119160963823452,0.0
plot_10650,2021-04-03 10:00:00,10,2.838283910341636,2.9672689738500764,9.648527976702841,1.0,0.0,1.0,0.0,0.0,2.0,0.0,2.0,0.0,0.4728502206826613,0.5600038681570045,0.5509434563664317,0.2136917124463666,0.0,0.4258639049303585,0.0,0.0,0.530203580986113,0.0,0.6355051359385264,0.0
plot_10846,2021-04-03 10:00:00,10,1.4139995701987123,1.632172501541141,5.383290557671699,1.0,1.0,1.0,0.0,2.0,0.0,2.0,1.0,1.0,0.11978691661565416,0.18781292955899373,0.22564987154142044,0.4105514533070443,0.4905091767052555,0.2555183429582352,0.0,0.6286893285655778,0.0,0.3080097018197929,0.284582775606515,0.4905091767052555
plot_10849,2021-04-03 10:00:00,10,3.096712507166646,2.1503973471180657,8.613533767988073,0.0,1.0,0.0,0.0,0.0,1.0,0.0,0.0,0.0,0.4517346124265517,0.3495717740472823,0.44067538420763097,0.0,0.24525458835265557,0.0,0.0,0.0,0.2651017904930565,0.0,0.0,0.0
plot_10847,2021-04-03 10:00:00,10,3.287938117575749,2.609300130342814,8.252005282248742,1.0,0.0,0.0,1.0,0.0,2.0,1.0,0.0,0.0,0.4978373552308085,0.3741246912694001,0.3450305638372104,0.38393265315231945,0.0,0.0,0.23054467849852373,0.0,0.6601717585939026,0.3080097018197607,0.0,0.0
plot_10605,2021-04-03 10:00:00,10,2.3497590211287402,1.7331722343649323,6.174133563919234,0.0,2.0,0.0,0.0,0.0,1.0,1.0,1.0,1.0,0.3828050064960442,0.24447381166688498,0.24261426597831873,0.0,0.7280286969094324,0.0,0.0,0.0,0.38199162282163324,0.33333333333325776,0.20297902409561627,0.31939792869778455
plot_10646,2021-04-03 10:00:00,10,2.744615940714738,2.370763944446695,8.836296700399826,0.0,0.0,0.0,0.0,0.0,0.0,1.0,0.0,0.0,0.3278411354651558,0.3592965012807971,0.4064059299431146,0.0,0.0,0.0,0.0,0.0,0.0,0.2748722110617023,0.0,0.0
plot_10604,2021-04-03 10:00:00,10,3.241059036752793,2.182650241842878,8.679768938136581,0.0,2.0,1.0,1.0,0.0,1.0,0.0,0.0,1.0,0.4638565164139703,0.2754576483536198,0.41871400596027686,0.0,0.851727809860717,0.45324475577062895,0.28988195825924434,0.0,0.21433472864440106,0.0,0.0,0.29604973222441944
plot_10552,2021-04-03 10:00:00,10,3.820002209082986,3.012696747476178,9.793821398150545,1.0,0.0,0.0,2.0,2.0,0.0,0.0,1.0,0.0,0.5723496668338308,0.5110909265764813,0.43829146426034576,0.19568066785780963,0.0,0.0,0.49999999999993155,0.8382524380873927,0.0,0.0,0.16666666666664648,0.0
plot_10499,2021-04-03 10:00:00,10,2.419299747287185,2.690005092414978,7.502223564926638,1.0,0.0,0.0,0.0,2.0,1.0,1.0,1.0,0.0,0.36220614082859404,0.45604586543031067,0.36428240545876983,0.3333333333332677,0.0,0.0,0.0,0.7407803704408612,0.19882634286980072,0.18324814070781292,0.1734997409987638,0.0
plot_10500,2021-04-03 10:00:00,10,3.34261512643137,2.7976305150426906,8.835921049574278,1.0,0.0,0.0,2.0,0.0,0.0,1.0,2.0,0.0,0.4397412508035518,0.4036409031780071,0.4086480808792111,0.3089664497109555,0.0,0.0,0.6050410831116269,0.0,0.0,0.22652198243751695,0.5760787402590086,0.0
plot_10549,2021-04-03 10:00:00,10,2.49650651110364,3.4055814206151926,9.966213794435843,1.0,0.0,0.0,0.0,0.0,0.0,0.0,1.0,0.0,0.32448932084386184,0.4835989425586949,0.4388341024804555,0.2849222832618101,0.0,0.0,0.0,0.0,0.0,0.0,0.2706386987941417,0.0
plot_19877,2021-04-03 10:00:00,10,3.282498031148657,3.0723589576216885,9.680099379729288,0.0,0.0,0.0,0.0,1.0,0.0,1.0,1.0,0.0,0.38203933130446166,0.39053834522648706,0.39805182146548845,0.0,0.0,0.0,0.0,0.41912621904369635,0.0,0.13591318946251854,0.15887628398464998,0.0
plot_11486,2021-04-03 10:00:00,10,3.9466632277298097,3.2321269906720325,10.971248346536349,0.0,0.0,1.0,2.0,0.0,2.0,0.0,0.0,0.0,0.6005206298798482,0.47996338038688297,0.5783604392017734,0.0,0.0,0.3640143484547162,0.3596219305203741,0.0,0.39999999999994923,0.0,0.0,0.0
plot_10648,2021-04-03 11:00:00,11,1.5787098527103736,1.9310905763490673,4.829505011987871,2.0,0.0,1.0,0.0,1.0,0.0,1.0,0.0,0.0,0.1902235058737271,0.2957445820055914,0.1873588838152763,0.7730185553579441,0.0,0.2551625095582578,0.0,0.3899698887677819,0.0,0.4273834248926792,0.0,0.0
plot_10810,2021-04-03 11:00:00,11,2.1173958154569132,2.001507648254837,5.770253503656314,1.0,0.0,1.0,1.0,0.0,0.0,1.0,1.0,1.0,0.2988961627489267,0.29132999596770687,0.2757153687752811,0.4142118057493797,0.0,0.2814842381621834,0.5920994644487578,0.0,0.0,0.3089664497109555,0.6387958573954748,0.2849222832618101
plot_10650,2021-04-03 11:00:00,11,2.482090525942418,2.6670945562999955,7.61836452888911,2.0,1.0,1.0,2.0,0.0,1.0,0.0,1.0,0.0,0.3934251651957703,0.48568799342153574,0.4011235960369712,0.46108935699704745,0.41204962400987455,0.35962193052033875,0.5920994644488389,0.0,0.3073929046646854,0.0,0.4999999999998844,0.0
plot_10846,2021-04-03 11:00:00,11,1.8435855466771038,2.2306349117685755,7.36525182619597,0.0,0.0,0.0,0.0,0.0,0.0,0.0,0.0,0.0,0.21144140111727552,0.3095121366434045,0.3687036719630822,0.0,0.0,0.0,0.0,0.0,0.0,0.0,0.0,0.0
plot_10849,2021-04-03 11:00:00,11,2.569450869688954,3.100370439045328,8.667385661987149,1.0,0.0,1.0,0.0,1.0,1.0,1.0,0.0,2.0,0.34012916325444803,0.589462185062653,0.4448880281110273,0.33333333333327253,0.0,0.38650927767897203,0.0,0.4491665221324766,0.3073929046646854,0.23172483728322718,0.0,0.617932899421911
plot_10847,2021-04-03 11:00:00,11,2.1086558427314555,1.7900610863208655,5.738614962035505,0.0,0.0,0.0,1.0,0.0,0.0,1.0,0.0,0.0,0.2634944682067503,0.21165967066158847,0.19645244681802135,0.0,0.0,0.0,0.2730107613410486,0.0,0.0,0.354764946049027,0.0,0.0
plot_10605,2021-04-03 11:00:00,11,2.8110748990314183,2.2933830519460434,7.295852107392482,0.0,0.0,0.0,0.0,1.0,0.0,1.0,0.0,0.0,0.49518459771493606,0.37495399107132227,0.32346248055695204,0.0,0.0,0.0,0.0,0.3614628360803445,0.0,0.38393265315231945,0.0,0.0
plot_10646,2021-04-03 11:00:00,11,1.8573881240189516,1.405355524795253,5.412377812852853,0.0,0.0,0.0,0.0,1.0,1.0,0.0,0.0,0.0,0.1689828761624895,0.13391528574772624,0.18193521800958695,0.0,0.0,0.0,0.0,0.2766952930989682,0.4610893569969893,0.0,0.0,0.0
plot_10604,2021-04-03 11:00:00,11,2.605881405976927,2.3688331337277693,7.209062929254369,0.0,0.0,0.0,2.0,0.0,0.0,1.0,1.0,1.0,0.33629335501399216,0.31607378306698486,0.31797136603802234,0.0,0.0,0.0,0.6865558089548109,0.0,0.0,0.43829327564158493,0.34327790447740547,0.23172483728322718
plot_10552,2021-04-03 11:00:00,11,2.131525410270589,2.6352367366283174,7.46796693881733,0.0,0.0,1.0,0.0,0.0,0.0,0.0,0.0,0.0,0.26113446530066553,0.4278310546293958,0.29955320294179366,0.0,0.0,0.2551625095582578,0.0,0.0,0.0,0.0,0.0,0.0
plot_10499,2021-04-03 11:00:00,11,3.133627525469523,2.3206013230512297,8.489031154447531,0.0,0.0,0.0,0.0,0.0,1.0,0.0,0.0,0.0,0.5233282449182125,0.3699510163693405,0.438548301770217,0.0,0.0,0.0,0.0,0.0,0.23054467849852373,0.0,0.0,0.0
plot_10500,2021-04-03 11:00:00,11,2.6772566481342945,3.1386982710584816,8.984705593560275,0.0,1.0,0.0,0.0,0.0,1.0,0.0,0.0,2.0,0.31848191153344846,0.48206269638699606,0.4197668073196095,0.0,0.5602779935992915,0.0,0.0,0.0,0.28988195825924434,0.0,0.0,0.617932899421911
plot_10549,2021-04-03 11:00:00,11,2.0144395995344158,2.144516490017196,5.96578003551228,1.0,0.0,0.0,0.0,0.0,0.0,0.0,0.0,2.0,0.22802514109375477,0.2594770765306158,0.19910648471511846,0.3073929046646854,0.0,0.0,0.0,0.0,0.0,0.0,0.0,0.709529892098054
plot_19877,2021-04-03 11:00:00,11,2.109162734572332,2.7049995130151028,8.129020125564473,1.0,0.0,0.0,0.0,1.0,0.0,1.0,1.0,1.0,0.20105422915382387,0.3301622366308035,0.3121049173907352,0.23054467849852373,0.0,0.0,0.0,0.41912621904369635,0.0,0.1565445342862513,0.2499999999999711,0.3089664497109555
plot_11486,2021-04-03 11:00:00,11,3.3258849095184235,2.855058827074132,11.344464705429095,0.0,0.0,2.0,0.0,0.0,1.0,0.0,0.0,1.0,0.47976454061385476,0.4047204706609869,0.6039147680954025,0.0,0.0,0.6147858093293708,0.0,0.0,0.23190556660740286,0.0,0.0,0.1832742677141551
plot_10648,2021-04-03 12:00:00,12,2.110184064304417,1.4449977019144922,5.346793139534519,0.0,0.0,0.0,0.0,0.0,1.0,1.0,0.0,0.0,0.3099069313360914,0.178655297944033,0.22792622139902155,0.0,0.0,0.0,0.0,0.0,0.3101451472522034,0.39765268573955126,0.0,0.0
plot_10810,2021-04-03 12:00:00,12,1.7260285602266783,1.4736547402931575,5.134303951499003,0.0,1.0,0.0,0.0,2.0,1.0,3.0,1.0,3.0,0.2075987901829728,0.16454369422909584,0.22115850570584367,0.0,0.23650996403270116,0.0,0.0,0.6749638893674761,0.21433472864440106,0.8624200053745228,0.5849548331516152,0.922178713994056
plot_10650,2021-04-03 12:00:00,12,1.9227645685773203,1.7843360793765393,5.115187843513206,0.0,1.0,0.0,0.0,0.0,0.0,1.0,1.0,1.0,0.2687050071447976,0.2671384950060964,0.21639680382384047,0.0,0.26090755714373615,0.0,0.0,0.0,0.0,0.3641364572830488,0.457857409671129,0.4429299186487171
plot_10846,2021-04-03 12:00:00,12,1.3370431814403212,1.1661612709509246,3.689061596605431,0.0,0.0,0.0,0.0,0.0,0.0,0.0,0.0,0.0,0.10336785610865576,0.09304808504067713,0.10336398456975729,0.0,0.0,0.0,0.0,0.0,0.0,0.0,0.0,0.0
plot_10849,2021-04-03 12:00:00,12,1.6860240861619407,1.5350171685837122,4.781474288585204,0.0,0.0,1.0,0.0,0.0,1.0,0.0,1.0,0.0,0.15313425223103683,0.19417389466121904,0.14090687460543064,0.0,0.0,0.38650927767897203,0.0,0.0,0.2651017904930565,0.0,0.24999999999996844,0.0
plot_10847,2021-04-03 12:00:00,12,1.689023525549932,2.0135728406112428,5.393633072030989,0.0,1.0,0.0,1.0,0.0,0.0,0.0,0.0,1.0,0.18010658831183923,0.2559847574990042,0.1760589730267149,0.0,0.2686913984359034,0.0,0.2730107613410486,0.0,0.0,0.0,0.0,0.35962193052033875
plot_10605,2021-04-03 12:00:00,12,1.9836300719635915,1.6019659326222933,5.319718329848761,1.0,1.0,1.0,0.0,0.0,0.0,0.0,0.0,0.0,0.29361357907836033,0.2139142057951302,0.18103202096212015,0.41204962400987455,0.2849222832618101,0.21577315831222021,0.0,0.0,0.0,0.0,0.0,0.0
plot_10646,2021-04-03 12:00:00,12,1.8581578471522977,2.347008342057958,6.566617268335184,0.0,0.0,2.0,0.0,0.0,1.0,2.0,0.0,0.0,0.1691206951925147,0.35375059300704614,0.25760668127240693,0.0,0.0,0.5394328957805347,0.0,0.0,0.39765268573955126,0.589146607698045,0.0,0.0
plot_10604,2021-04-03 12:00:00,12,1.6092771755394237,1.9186038508674592,5.168352391660583,0.0,2.0,1.0,0.0,0.0,1.0,0.0,1.0,1.0,0.13614464048210367,0.2178554504402584,0.17818369560440914,0.0,0.6666666666665354,0.38274376433736,0.0,0.0,0.21433472864440106,0.0,0.3143446642827889,0.24999999999996578
plot_10552,2021-04-03 12:00:00,12,1.9087278306003006,1.730472763645031,5.9173893150378865,0.0,0.0,0.0,0.0,0.0,0.0,1.0,0.0,0.0,0.22006905432968887,0.22825883408154135,0.20706055246688612,0.0,0.0,0.0,0.0,0.0,0.0,0.2499999999999603,0.0,0.0
plot_10499,2021-04-03 12:00:00,12,1.9754514816561521,2.1365848201661386,6.266981549804414,0.0,0.0,1.0,1.0,0.0,0.0,0.0,0.0,0.0,0.2620927634138557,0.3270633299012061,0.2713196471776451,0.0,0.0,0.26971644789026733,0.2746223235819331,0.0,0.0,0.0,0.0,0.0
plot_10500,2021-04-03 12:00:00,12,1.8678994610955835,1.9853928029345251,6.3542472879166185,0.0,1.0,0.0,1.0,1.0,1.0,1.0,1.0,3.0,0.17097929311786994,0.2168828858281063,0.22319164211912754,0.0,0.354764946049027,0.0,0.3582445012799887,0.4879487234052372,0.2499999999999603,0.2427576381887179,0.41504293964842326,0.9999999999998175
plot_10549,2021-04-03 12:00:00,12,2.5878612093811184,2.241476932220256,7.015241974150001,0.0,0.0,0.0,0.0,0.0,1.0,1.0,0.0,0.0,0.34276988693160504,0.2767093020173342,0.26199591762319135,0.0,0.0,0.0,0.0,0.0,0.21560500134364052,0.2864937171162423,0.0,0.0
plot_19877,2021-04-03 12:00:00,12,2.1001635377490895,1.5832195012650385,5.890251607597892,0.0,1.0,0.0,0.0,0.0,0.0,0.0,0.0,0.0,0.19966611736593115,0.14579590876240917,0.18805244067647606,0.0,0.23035959189141256,0.0,0.0,0.0,0.0,0.0,0.0,0.0
plot_11486,2021-04-03 12:00:00,12,1.9072575840607642,1.805179933205618,6.925149664360934,1.0,0.0,1.0,1.0,0.0,1.0,1.0,0.0,1.0,0.20380791822130323,0.19522003954341222,0.3013218421607915,0.5264311857178746,0.0,0.3073929046646854,0.2129319524652002,0.0,0.19999999999997461,0.17861227387033826,0.0,0.19772833791023647
plot_10648,2021-04-03 13:00:00,13,1.4605910212017787,1.703786883422114,5.262467224521979,1.0,1.0,0.0,0.0,1.0,0.0,0.0,0.0,0.0,0.16362416001993685,0.2409920273619469,0.22131312189179686,0.3110399657969053,0.3703901852204306,0.0,0.0,0.3899698887677819,0.0,0.0,0.0,0.0
plot_10810,2021-04-03 13:00:00,13,1.4879784623110317,1.4718459881689778,4.973135033193564,1.0,0.0,0.0,1.0,0.0,2.0,1.0,0.0,0.0,0.15206693822468564,0.1641092455614317,0.207332140741498,0.33333333333325776,0.0,0.0,0.5920994644487578,0.0,0.6493301958292396,0.33333333333327253,0.0,0.0
plot_10650,2021-04-03 13:00:00,13,1.4718323553597215,1.7840322506667963,4.553289907620257,1.0,2.0,0.0,1.0,0.0,0.0,0.0,0.0,0.0,0.16815480710095596,0.2670632744176179,0.17493045274479288,0.18552881665727905,0.610476546228219,0.0,0.29604973222441944,0.0,0.0,0.0,0.0,0.0
plot_10846,2021-04-03 13:00:00,13,2.420589621165095,2.3171138461895384,6.195635680694058,0.0,0.0,2.0,0.0,0.0,0.0,1.0,0.0,0.0,0.33454833173932785,0.3270978990382996,0.284283235849734,0.0,0.0,0.37217417670267333,0.0,0.0,0.0,0.19137188216870005,0.0,0.0
plot_10849,2021-04-03 13:00:00,13,1.492945740526978,1.6501699359414448,4.7098416355377,0.0,0.0,0.0,0.0,0.0,0.0,0.0,1.0,0.0,0.11226536673221578,0.22325266007652297,0.13530330457779424,0.0,0.0,0.0,0.0,0.0,0.0,0.0,0.2730107613410486,0.0
plot_10847,2021-04-03 13:00:00,13,1.3923293032220945,1.6370674619520098,4.052856395519307,2.0,0.0,1.0,1.0,2.0,0.0,0.0,1.0,0.0,0.12114854060197829,0.1813191827205816,0.09679946751447478,0.6666666666665155,0.0,0.39765268573955126,0.2730107613410486,0.8983330442649532,0.0,0.0,0.3947329762992079,0.0
plot_10605,2021-04-03 13:00:00,13,1.9868059398292348,1.8792188404723678,5.2061687858149925,1.0,2.0,1.0,0.0,0.0,0.0,2.0,0.0,1.0,0.2943872414420509,0.27848991197817236,0.1728479020895529,0.22652198243751695,0.6666666666665545,0.18608708835133667,0.0,0.0,0.0,0.8284236114987594,0.0,0.2924774165758508
plot_10646,2021-04-03 13:00:00,13,1.4676121760714995,1.7713952968493585,5.387253462698806,0.0,0.0,2.0,3.0,0.0,0.0,2.0,0.0,0.0,0.09919344052511501,0.21936978052910422,0.18028807596236787,0.0,0.0,0.4652177208783279,0.9999999999998459,0.0,0.0,0.6831318893653089,0.0,0.0
plot_10604,2021-04-03 13:00:00,13,2.485142824118045,1.9367565738725927,6.578454952189863,2.0,1.0,1.0,0.0,0.0,1.0,1.0,1.0,0.0,0.3120453423973391,0.22181549980637702,0.27477502905304246,0.6666666666665155,0.3899698887677819,0.3300858792969513,0.0,0.0,0.3246650979146198,0.47285962176102225,0.34327790447740547,0.0
plot_10552,2021-04-03 13:00:00,13,2.038168626893846,2.1281837565085655,5.863242268134398,1.0,0.0,1.0,0.0,0.0,0.0,0.0,1.0,1.0,0.24392721070675194,0.31598565384023847,0.2038306568417412,0.16989148682814426,0.0,0.22005725286464958,0.0,0.0,0.0,0.0,0.26225856762034083,0.2766952930989682
plot_10499,2021-04-03 13:00:00,13,1.2188197905568885,1.0899489424424855,4.130619192618322,2.0,1.0,2.0,0.0,1.0,2.0,0.0,0.0,1.0,0.09142868760119548,0.08312982031732458,0.11053970690631837,0.5788052159605315,0.21687770164822254,0.4652177208783279,0.0,0.3703901852204306,0.6023473142602723,0.0,0.0,0.3143446642827889
plot_10500,2021-04-03 13:00:00,13,1.374692024649941,1.7712219983326105,5.003443218851237,3.0,0.0,1.0,0.0,1.0,0.0,0.0,0.0,0.0,0.08109390078084269,0.16763853993597658,0.12224553228712397,0.8047412669229457,0.0,0.2427576381887179,0.0,0.3614628360803445,0.0,0.0,0.0,0.0
plot_10549,2021-04-03 13:00:00,13,1.5508206048305062,1.6237293092024192,4.509440630693514,0.0,0.0,0.0,0.0,0.0,0.0,0.0,0.0,1.0,0.13525248865199982,0.16692054598594205,0.11183475439432093,0.0,0.0,0.0,0.0,0.0,0.0,0.0,0.0,0.41504293964842326
plot_19877,2021-04-03 13:00:00,13,1.7301502110786464,1.4359540178713286,4.582256261296203,0.0,0.0,0.0,0.0,0.0,0.0,0.0,0.0,0.0,0.14259215059790656,0.12159259250550337,0.11557506709484891,0.0,0.0,0.0,0.0,0.0,0.0,0.0,0.0,0.0
plot_11486,2021-04-03 13:00:00,13,1.8217259808957647,1.6896627041057188,6.506516019450172,0.0,0.0,0.0,0.0,1.0,0.0,1.0,0.0,1.0,0.18716999514335966,0.17216889579790567,0.27265776677104503,0.0,0.0,0.0,0.0,0.24999999999996844,0.0,0.20710590287471334,0.0,0.21441433738349944
plot_10648,2021-04-03 14:00:00,14,1.451870644047069,1.8577380835417001,4.996134585388658,3.0,0.0,0.0,0.0,0.0,0.0,1.0,1.0,2.0,0.16166040601940104,0.27807554936047035,0.20042649120005163,0.9999999999997884,0.0,0.0,0.0,0.0,0.0,0.5460215226820283,0.33687489159937656,0.782722671431148
plot_10810,2021-04-03 14:00:00,14,1.5712792901750448,1.3006564198391908,5.64379405067661,2.0,3.0,0.0,0.0,0.0,2.0,0.0,0.0,1.0,0.17149918917291382,0.12299079771849847,0.26486666067155545,0.714449095481272,0.8300858792969045,0.0,0.0,0.0,0.4286694572888021,0.0,0.0,0.2849222832618101
plot_10650,2021-04-03 14:00:00,14,1.5424060083799622,1.586931533422941,4.9345533282216785,1.0,0.0,0.0,0.0,0.0,0.0,0.0,1.0,1.0,0.18389152920908705,0.21826593741430186,0.20306652843108822,0.19882634286980072,0.0,0.0,0.0,0.0,0.0,0.0,0.457857409671129,0.4105514533070443
plot_10846,2021-04-03 14:00:00,14,1.378978710276303,1.2394995530622777,4.780684823291174,1.0,0.0,0.0,1.0,0.0,2.0,0.0,0.0,0.0,0.1123150273112011,0.10796165459718886,0.18215505565977252,0.38199162282163324,0.0,0.0,0.41912621904369635,0.0,0.5749466702496818,0.0,0.0,0.0
plot_10849,2021-04-03 14:00:00,14,1.6931958163304583,1.2285924767676966,4.931667038614025,1.0,0.0,0.0,1.0,0.0,1.0,0.0,1.0,0.0,0.15465229206156103,0.11679449740284838,0.15265592418860965,0.2874733351248409,0.0,0.0,0.33333333333327725,0.0,0.2651017904930565,0.0,0.24999999999996844,0.0
plot_10847,2021-04-03 14:00:00,14,1.2401160981205674,1.416616515663918,4.168962385048609,0.0,0.0,1.0,0.0,1.0,0.0,0.0,0.0,0.0,0.09090125995715842,0.1376010911659183,0.10366302911896512,0.0,0.0,0.6023473142601964,0.0,0.5411084965243173,0.0,0.0,0.0,0.0
plot_10605,2021-04-03 14:00:00,14,1.5646696721546993,1.606511652879663,5.122698601852619,0.0,0.0,1.0,0.0,0.0,0.0,0.0,0.0,0.0,0.19155206174780007,0.2149729614922533,0.16683176249448795,0.0,0.0,0.2818767781700385,0.0,0.0,0.0,0.0,0.0,0.0
plot_10646,2021-04-03 14:00:00,14,1.453626465102944,2.0055537951795586,4.875183736185286,0.0,0.0,0.0,1.0,0.0,0.0,0.0,1.0,1.0,0.09668929710471465,0.274035687627898,0.1467169956169315,0.0,0.0,0.0,0.3052382731141095,0.0,0.0,0.0,0.2766952930989682,0.49999999999985234
plot_10604,2021-04-03 14:00:00,14,1.696832650233249,1.1427416951740548,4.835379731500804,0.0,1.0,2.0,0.0,1.0,1.0,0.0,0.0,1.0,0.15372846681455404,0.04859971745847639,0.15537523177557983,0.0,0.3899698887677819,0.9999999999997905,0.0,0.5515783620592092,0.21433472864440106,0.0,0.0,0.23172483728322718
plot_10552,2021-04-03 14:00:00,14,1.3388688139158806,1.3496317896624594,4.195142920528833,0.0,0.0,0.0,0.0,0.0,0.0,1.0,0.0,1.0,0.11503427455203792,0.14425319159038802,0.10432778284860487,0.0,0.0,0.0,0.0,0.0,0.0,0.34327790447740547,0.0,0.23650996403270116
plot_10499,2021-04-03 14:00:00,14,2.3255089727900535,2.1289239643614897,7.385000589065551,0.0,0.0,0.0,0.0,1.0,1.0,0.0,0.0,1.0,0.34105091294479845,0.32527785752956484,0.35546035193682085,0.0,0.0,0.0,0.0,0.44620706659183873,0.19882634286980072,0.0,0.0,0.2686913984359034
plot_10500,2021-04-03 14:00:00,14,1.619641822794272,1.7926441341221293,4.815405170734503,1.0,1.0,0.0,0.0,0.0,1.0,0.0,0.0,0.0,0.12573517559159952,0.17256413689830785,0.10819337632129183,0.2874733351248409,0.41504293964842326,0.0,0.0,0.0,0.2499999999999603,0.0,0.0,0.0
plot_10549,2021-04-03 14:00:00,14,1.9343723726159923,1.719599978999782,5.982737222310097,1.0,1.0,0.0,1.0,0.0,0.0,1.0,1.0,0.0,0.21200325868658132,0.18395909244853997,0.20012265102107832,0.2651017904930565,0.33333333333327725,0.0,0.33333333333327725,0.0,0.0,0.3933878514304874,0.3899698887677819,0.0
plot_19877,2021-04-03 14:00:00,14,2.07056889933391,1.803488733348916,6.299666670944255,0.0,0.0,0.0,1.0,0.0,1.0,2.0,0.0,0.0,0.1951011914898314,0.18199750714740845,0.2107385523511087,0.0,0.0,0.0,0.3899698887677819,0.0,0.2874733351248409,0.399999999999963,0.0,0.0
plot_11486,2021-04-03 14:00:00,14,2.2878125233921596,2.638477768554512,7.266012552922918,1.0,1.0,0.0,0.0,0.0,1.0,0.0,0.0,0.0,0.2778348693508503,0.36150231912298325,0.32466091118710017,0.3101451472522034,0.22458326106626375,0.0,0.0,0.0,0.19999999999997461,0.0,0.0,0.0
plot_10648,2021-04-03 15:00:00,15,2.13743844116669,2.3287568430809236,5.516895262906039,0.0,0.0,0.0,0.0,0.0,1.0,0.0,0.0,0.0,0.3160443828070397,0.3915338044278031,0.241266156910884,0.0,0.0,0.0,0.0,0.0,0.3101451472522034,0.0,0.0,0.0
plot_10810,2021-04-03 15:00:00,15,2.7444968779703447,2.6279996012310463,7.035420399953712,0.0,0.0,0.0,0.0,1.0,0.0,1.0,0.0,1.0,0.4451850476151721,0.44180865505774986,0.38425155201046995,0.0,0.0,0.0,0.0,0.18552881665727905,0.0,0.3089664497109555,0.0,0.44997592624496513
plot_10650,2021-04-03 15:00:00,15,1.8650467251702303,1.9670973489206272,4.980087385183058,0.0,0.0,0.0,0.0,1.0,3.0,0.0,1.0,0.0,0.255834911528272,0.312385734010625,0.20642680272897002,0.0,0.0,0.0,0.0,0.21705195598521,0.7953053714791695,0.0,0.4222263572432425,0.0
plot_10846,2021-04-03 15:00:00,15,1.91963544506136,1.952986400152442,6.608378972845116,0.0,0.0,1.0,0.0,2.0,0.0,0.0,1.0,1.0,0.2276670570149612,0.2530514414779234,0.3140741795369032,0.0,0.0,0.21577315831222021,0.0,0.4665599486953827,0.0,0.0,0.37815067694475113,0.6063423655044744
plot_10849,2021-04-03 15:00:00,15,1.9616387452613688,1.9252977210244113,6.436731944915686,0.0,1.0,1.0,0.0,1.0,1.0,1.0,2.0,0.0,0.21147359581453307,0.2927288568300569,0.2703918482371915,0.0,0.27055424826218927,0.38650927767897203,0.0,0.33333333333325776,0.2651017904930565,0.23172483728322718,0.46108935699704745,0.0
plot_10847,2021-04-03 15:00:00,15,2.566865504646532,1.8855479253604037,7.331922149131536,1.0,0.0,2.0,1.0,0.0,1.0,2.0,0.0,0.0,0.35454830436287704,0.23059586686162914,0.29064019783624945,0.4491665221324766,0.0,0.9221787139939785,0.23054467849852373,0.0,0.3300858792969513,0.709529892098054,0.0,0.0
plot_10605,2021-04-03 15:00:00,15,2.0728483974852727,2.357226106476246,7.159300267308641,0.0,0.0,0.0,2.0,1.0,0.0,0.0,0.0,0.0,0.3153477517605236,0.38982384532511305,0.31362046400793275,0.0,0.0,0.0,0.76548752867472,0.2682470889743152,0.0,0.0,0.0,0.0
plot_10646,2021-04-03 15:00:00,15,3.008623120272385,2.857753215946285,8.701417902007025,1.0,0.0,1.0,1.0,0.0,0.0,2.0,1.0,0.0,0.3751116562927445,0.47298748607847496,0.39756333147792083,0.41504293964842326,0.0,0.26971644789026733,0.2814842381621834,0.0,0.0,0.6331945036247256,0.2551625095582578,0.0
plot_10604,2021-04-03 15:00:00,15,2.159354632039942,2.3354843523373154,6.461595199382056,0.0,0.0,0.0,0.0,0.0,0.0,0.0,0.0,0.0,0.24661707522504828,0.308798686070862,0.26677019332964164,0.0,0.0,0.0,0.0,0.0,0.0,0.0,0.0,0.0
plot_10552,2021-04-03 15:00:00,15,2.678620400021306,2.4817361968474,8.033685746753793,1.0,0.0,0.0,0.0,1.0,0.0,0.0,0.0,0.0,0.3619734449140135,0.3939720101778791,0.3332985834806988,0.22892870483559094,0.0,0.0,0.0,0.3110399657969053,0.0,0.0,0.0,0.0
plot_10499,2021-04-03 15:00:00,15,2.18665691543417,2.053568628474953,6.948862724019101,0.0,0.0,0.0,0.0,0.0,0.0,1.0,0.0,0.0,0.3097317674185248,0.30771521522013645,0.3226371655254137,0.0,0.0,0.0,0.0,0.0,0.0,0.21106483454158834,0.0,0.0
plot_10500,2021-04-03 15:00:00,15,2.8438315748399736,3.6988939856068526,10.866915074372018,2.0,1.0,1.0,0.0,1.0,1.0,1.0,1.0,0.0,0.3488396302822851,0.6108686351132594,0.5604250488278117,0.722925672160689,0.49999999999989525,0.2814842381621834,0.0,0.2682470889743152,0.2499999999999603,0.26090755714373615,0.38274376433736,0.0
plot_10549,2021-04-03 15:00:00,15,2.0380529431656083,1.886668700894823,7.293665742462263,1.0,0.0,1.0,1.0,0.0,1.0,0.0,0.0,0.0,0.23275029805822173,0.21365126197726278,0.2786805750201199,0.33333333333327725,0.0,0.38274376433736,0.3073929046646854,0.0,0.21560500134364052,0.0,0.0,0.0
plot_19877,2021-04-03 15:00:00,15,1.577331352470638,1.4565255042881233,5.335285201060008,0.0,0.0,0.0,1.0,1.0,1.0,0.0,0.0,0.0,0.1190200848666383,0.12497354899405955,0.15730117868947655,0.0,0.0,0.0,0.35962193052033875,0.3110399657969053,0.2874733351248409,0.0,0.0,0.0
plot_11486,2021-04-03 15:00:00,15,3.404706443186074,3.4071583073341474,9.780149108998279,0.0,1.0,0.0,2.0,2.0,1.0,1.0,2.0,0.0,0.4950971962115527,0.5148903957921305,0.49680522079896516,0.0,0.27055424826218927,0.0,0.3596219305203741,0.3710576333145581,0.19999999999997461,0.19196632657618148,0.3999999999999562,0.0
plot_10648,2021-04-03 16:00:00,16,2.156625556112939,1.8915216319584789,7.564392171070879,0.0,0.0,0.0,1.0,0.0,1.0,1.0,0.0,0.0,0.32036515621694744,0.2862132771594653,0.4018372078436303,0.0,0.0,0.0,0.2814842381621834,0.0,0.35962193052033875,0.37105763331451125,0.0,0.0
plot_10810,2021-04-03 16:00:00,16,2.8542962563323027,2.0778394954214314,6.6924863624421,0.0,0.0,2.0,0.0,0.0,0.0,0.0,1.0,0.0,0.47079882756189917,0.3096643320320863,0.3548319144576121,0.0,0.0,0.5218151142874723,0.0,0.0,0.0,0.0,0.46521772087825924,0.0
plot_10650,2021-04-03 16:00:00,16,2.346763562398466,3.056993715144243,8.62714969740407,1.0,2.0,1.0,1.0,3.0,0.0,1.0,0.0,1.0,0.36324955818251875,0.582217528765098,0.47556885964966206,0.2730107613410486,0.5629684763243668,0.3333333333332677,0.24999999999996578,0.7499999999998892,0.0,0.3397829736562492,0.0,0.4803081137388923
plot_10846,2021-04-03 16:00:00,16,3.3346037914338926,2.619231505188076,9.183732313467575,0.0,0.0,0.0,0.0,2.0,0.0,1.0,0.0,0.0,0.529558183527117,0.3885344720259792,0.4999577730538334,0.0,0.0,0.0,0.0,0.5373827968718068,0.0,0.15400485090989646,0.0,0.0
plot_10849,2021-04-03 16:00:00,16,1.9746758562223405,1.4797494120581147,6.144505888641145,0.0,0.0,0.0,1.0,1.0,0.0,0.0,0.0,0.0,0.21423316055674774,0.18021749427315606,0.24753203360560908,0.0,0.0,0.0,0.3073929046646854,0.38393265315231945,0.0,0.0,0.0,0.0
plot_10847,2021-04-03 16:00:00,16,1.9786760147222213,1.9811864118270297,6.245208676211992,0.0,1.0,0.0,0.0,0.0,1.0,2.0,1.0,1.0,0.23766532721114245,0.24956213658239215,0.22639954239675897,0.0,0.28988195825924434,0.0,0.0,0.0,0.38274376433736,0.6160194036395213,0.2874733351248409,0.3899698887677819
plot_10605,2021-04-03 16:00:00,16,1.7201800795201276,1.7581862840514932,6.432575040354823,0.0,0.0,0.0,0.0,0.0,0.0,1.0,1.0,1.0,0.22943542290472313,0.2502998999684759,0.2612415161601569,0.0,0.0,0.0,0.0,0.0,0.0,0.33333333333325776,0.23260886043916396,0.2924774165758508
plot_10646,2021-04-03 16:00:00,16,2.330220147105949,2.7233080694429814,9.031490932821262,0.0,2.0,2.0,0.0,1.0,0.0,1.0,3.0,0.0,0.2536435131676449,0.44160034471464,0.41920278341891326,0.0,0.844452714486485,0.49999999999992617,0.0,0.23650996403270116,0.0,0.2748722110617023,0.6601717585939488,0.0
plot_10604,2021-04-03 16:00:00,16,1.7457426254289852,2.018839453412129,5.762662014069051,1.0,0.0,0.0,0.0,0.0,3.0,0.0,0.0,1.0,0.16355109084547526,0.23972202848517707,0.21889361310731814,0.4905091767052555,0.0,0.0,0.0,0.0,0.7455812503489511,0.0,0.0,0.2710971270602707
plot_10552,2021-04-03 16:00:00,16,2.9987503185655036,2.9215075156345853,9.841175479709918,1.0,0.0,2.0,0.0,0.0,0.0,0.0,0.0,0.0,0.4209788734674904,0.4909764679639522,0.4411161564570225,0.2499999999999711,0.0,0.47301992806540233,0.0,0.0,0.0,0.0,0.0,0.0
plot_10499,2021-04-03 16:00:00,16,2.9670691939132876,2.633154499108104,7.4869606783837845,0.0,0.0,0.0,0.0,0.0,1.0,1.0,1.0,0.0,0.4857597369395872,0.4427960189054304,0.3631337398410325,0.0,0.0,0.0,0.0,0.0,0.23054467849852373,0.18324814070781292,0.19882634286980072,0.0
plot_10500,2021-04-03 16:00:00,16,2.7100859561291584,1.8893881542346578,7.461611634237145,0.0,1.0,3.0,1.0,0.0,1.0,1.0,0.0,0.0,0.32446494222442357,0.19480851328878585,0.3059454074413329,0.0,0.38274376433736,0.7827226714312084,0.3025205415558134,0.0,0.28988195825924434,0.22652198243751695,0.0,0.0
plot_10549,2021-04-03 16:00:00,16,2.285041044614843,2.436979369586581,9.03829213530319,1.0,0.0,1.0,2.0,1.0,0.0,0.0,3.0,2.0,0.28217394453248373,0.3114548333634487,0.383228020184873,0.3640143484547162,0.0,0.354764946049027,0.6147858093293708,0.2686913984359034,0.0,0.0,0.9304354417566101,0.8300858792968465
plot_19877,2021-04-03 16:00:00,16,3.1776213585899087,2.9292686187133112,7.937475470827423,0.0,2.0,0.0,1.0,2.0,3.0,1.0,2.0,0.0,0.3658622714719918,0.3670212206016463,0.3014912301645584,0.0,0.49705416689930076,0.0,0.35962193052033875,0.7165103958290377,0.9999999999998175,0.13591318946251854,0.3641364572830909,0.0
plot_11486,2021-04-03 16:00:00,16,2.3997091143953755,2.0762553411473275,7.156072504735871,0.0,2.0,1.0,0.0,1.0,0.0,0.0,1.0,0.0,0.2996014071556445,0.2493123878712308,0.31713325575878976,0.0,0.4142118057494267,0.2849222832618101,0.0,0.2136917124463666,0.0,0.0,0.17248400107491715,0.0
plot_10648,2021-04-03 17:00:00,17,2.005305420022934,2.4387040374790843,6.969858888780709,0.0,0.0,1.0,0.0,0.0,0.0,0.0,1.0,1.0,0.28628916187215264,0.4180177110097136,0.35521206591001325,0.0,0.0,0.22005725286464958,0.0,0.0,0.0,0.0,0.24999999999995748,0.3641364572830488
plot_10810,2021-04-03 17:00:00,17,2.766826468466472,2.250650659068355,7.1223572440164595,1.0,2.0,1.0,2.0,1.0,1.0,1.0,1.0,0.0,0.4503940499410586,0.35117227488409375,0.39170969311793796,0.357224547740636,0.47301992806540233,0.2427576381887179,0.9999999999997262,0.2136917124463666,0.2694999132795104,0.3947329762992079,0.43410391197035586,0.0
plot_10650,2021-04-03 17:00:00,17,2.1015393178873816,2.5840607182539763,7.040946021215792,1.0,1.0,0.0,0.0,2.0,3.0,0.0,0.0,1.0,0.30856873007035407,0.4651308374940035,0.3585118741756487,0.19882634286980072,0.26090755714373615,0.0,0.0,0.49999999999992617,0.9999999999998317,0.0,0.0,0.38199162282163324
plot_10846,2021-04-03 17:00:00,17,2.2567109635589806,2.541969767769697,7.271029932162446,1.0,0.0,0.0,0.0,0.0,0.0,0.0,1.0,0.0,0.2995839364701037,0.3728230555341609,0.3619029336043257,0.38199162282163324,0.0,0.0,0.0,0.0,0.0,0.0,0.30431345485234407,0.0
plot_10849,2021-04-03 17:00:00,17,3.128038307169544,2.9693164591653485,9.693015190217928,1.0,1.0,1.0,2.0,0.0,3.0,0.0,0.0,1.0,0.45836534322791184,0.5563679917999499,0.5251194119750525,0.2874733351248409,0.19196632657618148,0.33333333333326276,0.6147858093293708,0.0,0.9999999999998317,0.0,0.0,0.2874733351248409
plot_10847,2021-04-03 17:00:00,17,3.5432106470189577,2.865286218555226,10.770092377545911,1.0,0.0,0.0,0.0,0.0,1.0,0.0,1.0,0.0,0.5485642276715512,0.424889831676488,0.4938863289369308,0.357224547740636,0.0,0.0,0.0,0.0,0.41504293964842326,0.0,0.2682470889743152,0.0
plot_10605,2021-04-03 17:00:00,17,3.5045721544895327,2.686426192689331,10.089644785233377,0.0,0.0,0.0,0.0,0.0,0.0,0.0,1.0,0.0,0.6641251042375577,0.46649870586155817,0.5248259609242376,0.0,0.0,0.0,0.0,0.0,0.0,0.0,0.21705195598521,0.0
plot_10646,2021-04-03 17:00:00,17,4.151992781546904,3.7172807675224946,10.860546054788283,0.0,0.0,0.0,0.0,0.0,0.0,1.0,0.0,1.0,0.579832147142535,0.6736500869167326,0.5391148838155876,0.0,0.0,0.0,0.0,0.0,0.0,0.40448202584117815,0.0,0.46521772087825924
plot_10604,2021-04-03 17:00:00,17,2.7404147107904366,3.1148815395062894,8.92178983727908,2.0,3.0,3.0,3.0,1.0,0.0,0.0,1.0,4.0,0.36331177134996345,0.47882559256474355,0.4352923187901157,0.714449095481272,0.9999999999998032,0.990257637890854,0.869645874777733,0.391361335715574,0.0,0.0,0.23327997434769135,0.8624200053745621
plot_10552,2021-04-03 17:00:00,17,2.249379626881538,2.166634631650067,7.133000439030714,0.0,1.0,1.0,1.0,1.0,0.0,0.0,1.0,1.0,0.2828570165373231,0.3244671216739931,0.2795723010440544,0.0,0.3165972518123628,0.22005725286464958,0.24999999999996578,0.3582551979145189,0.0,0.0,0.17822199194577706,0.22005725286464958
plot_10499,2021-04-03 17:00:00,17,2.7142020228616563,3.0142458620801533,9.27367607148521,0.0,1.0,2.0,0.0,1.0,0.0,2.0,0.0,0.0,0.42872360884906163,0.5316148293632367,0.4975996899727705,0.0,0.18537986982658683,0.4652177208783279,0.0,0.3165972518123628,0.0,0.5393093677882711,0.0,0.0
plot_10500,2021-04-03 17:00:00,17,2.2494704639183465,2.4856752736142,7.151813294744193,1.0,1.0,1.0,2.0,1.0,0.0,2.0,1.0,0.0,0.24051932183342847,0.33191295762389067,0.2827940578708023,0.2874733351248409,0.354764946049027,0.2427576381887179,0.6050410831116269,0.3089664497109555,0.0,0.6666666666665639,0.3080097018197607,0.0
plot_10549,2021-04-03 17:00:00,17,3.2214303321413684,3.401683645563412,9.896367052630179,0.0,0.0,1.0,2.0,2.0,1.0,0.0,1.0,3.0,0.46955047335085387,0.482906213265566,0.4346485081097471,0.0,0.0,0.3300858792969513,0.6147858093293708,0.5373827968718068,0.2710971270602707,0.0,0.28940260798026574,0.990257637890854
plot_19877,2021-04-03 17:00:00,17,1.8568896510426214,2.20903818630943,7.186508576536742,0.0,0.0,0.0,0.0,0.0,0.0,0.0,0.0,1.0,0.16214150750835257,0.24865020431458262,0.25987937864013705,0.0,0.0,0.0,0.0,0.0,0.0,0.0,0.0,0.2874733351248409
plot_11486,2021-04-03 17:00:00,17,3.2407960053981593,3.187421762383023,9.145774209034068,2.0,0.0,0.0,0.0,0.0,0.0,0.0,0.0,0.0,0.4632127329877492,0.47104257565935215,0.4533692232889868,0.6202902945044068,0.0,0.0,0.0,0.0,0.0,0.0,0.0,0.0
plot_10648,2021-04-03 18:00:00,18,2.5229324791431673,2.5347785928192526,7.9909016767491705,0.0,1.0,0.0,1.0,0.0,0.0,0.0,0.0,1.0,0.40285432758679623,0.44115999819999197,0.43528540465724713,0.0,0.2945733038490225,0.0,0.3052382731141095,0.0,0.0,0.0,0.0,0.391361335715574
plot_10810,2021-04-03 18:00:00,18,2.2896889754293483,2.2854215013280506,7.578534355990542,0.0,3.0,2.0,0.0,0.0,1.0,0.0,2.0,0.0,0.33908836740160075,0.35952396989599933,0.43084423161860375,0.0,0.6601717585939488,0.5218151142874723,0.0,0.0,0.24852708344965038,0.0,0.7605257754529926,0.0
plot_10650,2021-04-03 18:00:00,18,2.9755107355616808,2.4156733906999532,9.093609935704306,0.0,0.0,0.0,0.0,1.0,1.0,0.0,2.0,1.0,0.5034494644776448,0.42344223643439677,0.5099922002071167,0.0,0.0,0.0,0.0,0.21705195598521,0.3073929046646854,0.0,0.5952807666549876,0.4105514533070443
plot_10846,2021-04-03 18:00:00,18,2.073302338503479,2.567869931462886,7.850445976409893,2.0,1.0,1.0,1.0,2.0,0.0,1.0,1.0,0.0,0.26045271733576886,0.3780899350088795,0.4037239663718325,0.7128879677830218,0.357224547740636,0.19999999999997636,0.41912621904369635,0.4665599486953827,0.0,0.20752146982423336,0.2665700767149073,0.0
plot_10849,2021-04-03 18:00:00,18,3.133309901034263,2.7628959924170027,9.033619934706847,1.0,0.0,1.0,3.0,3.0,1.0,3.0,2.0,0.0,0.45948118128497084,0.5042419989365259,0.4735372447237968,0.2682470889743152,0.0,0.3582551979145189,0.9999999999998317,0.9999999999997732,0.3073929046646854,0.8132913811808122,0.3250361106323977,0.0
plot_10847,2021-04-03 18:00:00,18,2.8712977722490254,2.5179297440371835,7.77814643967821,0.0,0.0,0.0,0.0,0.0,1.0,0.0,1.0,1.0,0.4150440296146354,0.35600483748263373,0.3170185777975535,0.0,0.0,0.0,0.0,0.0,0.38274376433736,0.0,0.23497694875545186,0.3333333333332677
plot_10605,2021-04-03 18:00:00,18,2.7347687366892277,2.606823756757494,8.643691945591337,0.0,3.0,1.0,0.0,1.0,0.0,0.0,5.0,0.0,0.47659591316654326,0.447958292510985,0.420608458120022,0.0,0.7953053714791695,0.19999999999997636,0.0,0.2682470889743152,0.0,0.0,0.9506572193163811,0.0
plot_10646,2021-04-03 18:00:00,18,3.3126952571143153,2.837301780165734,10.331825464638634,1.0,0.0,2.0,0.0,0.0,0.0,0.0,0.0,0.0,0.4295558130833266,0.46821295815662267,0.5044521797087637,0.3080097018197607,0.0,0.49999999999992617,0.0,0.0,0.0,0.0,0.0,0.0
plot_10604,2021-04-03 18:00:00,18,2.580454762140059,2.945896967021426,8.652723901775264,3.0,1.0,0.0,1.0,1.0,0.0,0.0,1.0,0.0,0.33118690460631617,0.4419613023443026,0.41686143424072347,0.9999999999997732,0.3101451472522034,0.0,0.3143446642827889,0.3397829736562492,0.0,0.0,0.20434673415307478,0.0
plot_10552,2021-04-03 18:00:00,18,4.46170207390131,3.1850410222942354,12.330949777901134,0.0,0.0,1.0,0.0,0.0,2.0,0.0,1.0,0.0,0.6906259457224154,0.5491065092601486,0.5896323096584984,0.0,0.0,0.23650996403270116,0.0,0.0,0.33778108579464083,0.0,0.1561174811949115,0.0
plot_10499,2021-04-03 18:00:00,18,2.747148188957467,2.106609162964957,7.7386338202524785,1.0,1.0,1.0,0.0,2.0,1.0,2.0,3.0,1.0,0.43615486907045553,0.32007707286683923,0.38207434351785574,0.28940260798026574,0.17248400107491715,0.24999999999996309,0.0,0.5497444221234046,0.23054467849852373,0.4938535802939382,0.4875541659485966,0.2686913984359034
plot_10500,2021-04-03 18:00:00,18,3.9255010557890713,3.2672704379411,10.737739132325213,1.0,0.0,0.0,0.0,1.0,0.0,1.0,0.0,2.0,0.5459702461034311,0.5116253264094995,0.5507716807841905,0.2682470889743152,0.0,0.0,0.0,0.2682470889743152,0.0,0.3052382731141095,0.0,0.617932899421911
plot_10549,2021-04-03 18:00:00,18,2.5418899436658617,2.4720854317967773,6.92996598163792,3.0,1.0,0.0,1.0,2.0,0.0,2.0,1.0,1.0,0.33357078960119296,0.31769403324962425,0.256885719137366,0.7421152666290849,0.2651017904930565,0.0,0.33333333333327725,0.4665599486953827,0.0,0.7204621706083821,0.25350859181768914,0.354764946049027
plot_19877,2021-04-03 18:00:00,18,2.4971315323404215,2.397493923268881,8.172999763704125,1.0,0.0,0.0,0.0,0.0,0.0,0.0,0.0,1.0,0.2608977987627863,0.27962320421207704,0.3145418745805639,0.18552881665727905,0.0,0.0,0.0,0.0,0.0,0.0,0.0,0.3089664497109555
plot_11486,2021-04-03 18:00:00,18,3.3053920549209463,3.3000586593102605,9.111995327654009,2.0,2.0,0.0,0.0,1.0,0.0,0.0,1.0,0.0,0.4757781949144463,0.493518957081834,0.4510563647449352,0.5788052159605315,0.3572245477406765,0.0,0.0,0.18552881665727905,0.0,0.0,0.14098616925328142,0.0
plot_10648,2021-04-03 19:00:00,19,2.5524872840809802,1.993874621565498,8.597148583249675,0.0,0.0,1.0,0.0,0.0,0.0,0.0,2.0,0.0,0.4095098156926449,0.31086790368240363,0.48282916529167114,0.0,0.0,0.2551625095582578,0.0,0.0,0.0,0.0,0.6213177086241048,0.0
plot_10810,2021-04-03 19:00:00,19,2.2831604012524624,2.1657885191797592,5.469778004878446,0.0,1.0,0.0,0.0,0.0,1.0,0.0,0.0,0.0,0.33756539464139634,0.33078902661205656,0.2499381658714727,0.0,0.20533980121318812,0.0,0.0,0.0,0.29430550602318,0.0,0.0,0.0
plot_10650,2021-04-03 19:00:00,19,2.017078302820142,1.4125726925497284,4.826898492412863,0.0,1.0,0.0,0.0,1.0,0.0,0.0,0.0,0.0,0.2897353628546508,0.17509893509907834,0.1951219304323228,0.0,0.22652198243751695,0.0,0.0,0.26971644789026733,0.0,0.0,0.0,0.0
plot_10846,2021-04-03 19:00:00,19,2.7383268925673288,2.9625179902419028,8.252195507321172,0.0,0.0,0.0,1.0,0.0,0.0,0.0,0.0,0.0,0.402339291900683,0.4583428548414819,0.4327214034697182,0.0,0.0,0.0,0.38650927767897203,0.0,0.0,0.0,0.0,0.0
plot_10849,2021-04-03 19:00:00,19,3.504149533276406,2.868786443120812,9.35313729359396,0.0,0.0,0.0,0.0,1.0,0.0,0.0,0.0,1.0,0.5379767910266395,0.530981812893156,0.4985319617892392,0.0,0.0,0.0,0.0,0.4142118057493797,0.0,0.0,0.0,0.3614628360803445
plot_10847,2021-04-03 19:00:00,19,1.7130780087832131,1.6805068662413387,6.054259469197883,0.0,1.0,1.0,1.0,0.0,2.0,1.0,1.0,0.0,0.1848866118626072,0.18993374249352596,0.21511165233197324,0.0,0.23327997434769135,0.4610893569969893,0.23054467849852373,0.0,0.9064895115412579,0.38274376433736,0.33333333333327253,0.0
plot_10605,2021-04-03 19:00:00,19,2.5272233546781977,2.6842052360081095,7.472693709969495,1.0,1.0,0.0,1.0,1.0,0.0,0.0,1.0,1.0,0.4260364889043486,0.4659814169818708,0.33620839432896304,0.3052382731141095,0.24737175554302832,0.0,0.38274376433736,0.33333333333327253,0.0,0.0,0.26971644789026733,0.2924774165758508
plot_10646,2021-04-03 19:00:00,19,2.236777168301236,1.7880757283237825,7.2825250323725905,0.0,0.0,3.0,0.0,1.0,0.0,0.0,0.0,0.0,0.23691253530870518,0.22326394163729002,0.3045412993957201,0.0,0.0,0.8091493436708019,0.0,0.2551625095582578,0.0,0.0,0.0,0.0
plot_10604,2021-04-03 19:00:00,19,2.4283388561305213,3.1321377882926766,9.207077880367567,0.0,1.0,0.0,0.0,1.0,0.0,0.0,1.0,0.0,0.30063736235292127,0.48259007445810986,0.4548344097487513,0.0,0.28940260798026574,0.0,0.0,0.4222263572432425,0.0,0.0,0.28988195825924434,0.0
plot_10552,2021-04-03 19:00:00,19,2.2407487849229866,2.138931388748118,6.211178375120792,1.0,1.0,1.0,0.0,0.0,0.0,1.0,1.0,0.0,0.28126620449808115,0.31835635923493577,0.22458520162399592,0.22892870483559094,0.2748722110617023,0.2551625095582578,0.0,0.0,0.0,0.28988195825924434,0.2214649593243854,0.0
plot_10499,2021-04-03 19:00:00,19,3.271969363528425,3.738004350013472,9.862130561729343,1.0,0.0,0.0,0.0,0.0,0.0,0.0,0.0,0.0,0.5545323065723652,0.7002971302572947,0.5418860337550413,0.3899698887677819,0.0,0.0,0.0,0.0,0.0,0.0,0.0,0.0
plot_10500,2021-04-03 19:00:00,19,2.160496259023116,2.7065787016349625,7.756528929296748,0.0,0.0,0.0,0.0,2.0,0.0,1.0,0.0,1.0,0.2243040729869844,0.38270533727821066,0.3279846908135265,0.0,0.0,0.0,0.0,0.6666666666665451,0.0,0.2814842381621834,0.0,0.3614628360803445
plot_10549,2021-04-03 19:00:00,19,3.0241378222889943,3.4273239510148,9.840778958391217,1.0,1.0,1.0,1.0,0.0,0.0,2.0,1.0,0.0,0.4300711818313481,0.48746311827803834,0.43131736898557194,0.33333333333327725,0.24737175554302832,0.38274376433736,0.3073929046646854,0.0,0.0,0.6643948779731159,0.35962193052033875,0.0
plot_19877,2021-04-03 19:00:00,19,3.194871998544152,3.244189979023351,9.363463238041941,0.0,1.0,0.0,1.0,0.0,1.0,1.0,0.0,1.0,0.3685231552307882,0.4187790466990306,0.3805066857007426,0.0,0.19999999999997278,0.0,0.35962193052033875,0.0,0.3947329762992079,0.16889054289732042,0.0,0.3614628360803445
plot_11486,2021-04-03 19:00:00,19,3.2313879887732937,3.10307080339364,9.442604913077087,2.0,1.0,1.0,1.0,0.0,1.0,1.0,0.0,1.0,0.4613826508762452,0.4542105749622606,0.4736933844788843,0.7799397775355638,0.16666666666664776,0.3073929046646854,0.17981096526018706,0.0,0.2746223235819331,0.20710590287471334,0.0,0.21441433738349944
plot_10648,2021-04-03 20:00:00,20,1.5907394808168038,1.3504424777721284,5.252764872756452,2.0,1.0,2.0,1.0,0.0,0.0,2.0,0.0,1.0,0.19293247475200567,0.1558789848536841,0.22055223340727836,0.6666666666665255,0.3165972518123628,0.44011450572929917,0.4745302589352661,0.0,0.0,0.9221787139939785,0.0,0.4999999999998844
plot_10810,2021-04-03 20:00:00,20,1.4882784436091039,1.7306872507517033,5.297936815242435,0.0,0.0,0.0,0.0,0.0,0.0,0.0,0.0,0.0,0.1521369172634706,0.2262809716715376,0.23519624771010572,0.0,0.0,0.0,0.0,0.0,0.0,0.0,0.0,0.0
plot_10650,2021-04-03 20:00:00,20,1.566083755544718,1.4075249287849585,4.00759984035369,0.0,0.0,1.0,0.0,1.0,0.0,1.0,0.0,0.0,0.18917126337803372,0.17384923173428612,0.1346601928555743,0.0,0.0,0.3101451472522034,0.0,0.31939792869778455,0.0,0.4222263572432425,0.0,0.0
plot_10846,2021-04-03 20:00:00,20,1.5045998344404599,1.1182059351194764,4.259296719569974,1.0,1.0,0.0,0.0,0.0,0.0,0.0,0.0,0.0,0.13911697152773705,0.08329621717660199,0.14452235772743766,0.38199162282163324,0.38393265315231945,0.0,0.0,0.0,0.0,0.0,0.0,0.0
plot_10849,2021-04-03 20:00:00,20,2.387483581351546,2.3089760553941945,6.057572897550217,0.0,0.0,1.0,0.0,0.0,0.0,1.0,0.0,0.0,0.3016121547979294,0.3896166046113462,0.2407315720484075,0.0,0.0,0.33333333333326276,0.0,0.0,0.0,0.24999999999996578,0.0,0.0
plot_10847,2021-04-03 20:00:00,20,2.012765229961245,1.932862443100837,5.186371149150385,2.0,0.0,2.0,0.0,0.0,0.0,1.0,0.0,2.0,0.244439417932172,0.23997890854627596,0.16380676294071286,0.714449095481272,0.0,0.7953053714791025,0.0,0.0,0.0,0.38274376433736,0.0,0.851727809860717
plot_10605,2021-04-03 20:00:00,20,2.357038210497008,1.6599488205531485,6.8757573927443145,1.0,1.0,0.0,0.0,0.0,0.0,0.0,0.0,0.0,0.3845782650479283,0.22741915318667175,0.2931840227113144,0.2427576381887179,0.2849222832618101,0.0,0.0,0.0,0.0,0.0,0.0,0.0
plot_10646,2021-04-03 20:00:00,20,2.3858671008580186,2.1247122359263813,6.850393817457096,1.0,0.0,0.0,0.0,0.0,1.0,2.0,1.0,0.0,0.2636071076832808,0.3018540427094091,0.2762109549434669,0.3300858792969513,0.0,0.0,0.0,0.0,0.6023473142601964,0.6831318893653089,0.33333333333328674,0.0
plot_10604,2021-04-03 20:00:00,20,1.988454539566865,1.2717222627569722,4.724131897960353,0.0,1.0,1.0,0.0,1.0,0.0,0.0,0.0,0.0,0.21229509185673434,0.07673706163289665,0.14775480976818317,0.0,0.3333333333332677,0.3300858792969513,0.0,0.4999999999998844,0.0,0.0,0.0,0.0
plot_10552,2021-04-03 20:00:00,20,2.605427418528372,2.386817324640128,7.745700414023775,0.0,0.0,1.0,0.0,0.0,1.0,0.0,1.0,0.0,0.3484827244598395,0.3730348700353049,0.31612012926234595,0.0,0.0,0.22005725286464958,0.0,0.0,0.22063134482371427,0.0,0.28931230232811084,0.0
plot_10499,2021-04-03 20:00:00,20,1.5714939550749665,1.4545547375734489,4.652793384570571,0.0,1.0,1.0,0.0,0.0,1.0,0.0,0.0,0.0,0.17097704786487308,0.1681064326367435,0.14983787891862263,0.0,0.18537986982658683,0.23260886043916396,0.0,0.0,0.30117365713013616,0.0,0.0,0.0
plot_10500,2021-04-03 20:00:00,20,2.452210726829079,1.6969532398313005,6.969742536476637,2.0,1.0,0.0,0.0,0.0,0.0,0.0,0.0,0.0,0.27746805116640905,0.15056190598759356,0.2691878397802768,0.5749466702496818,0.354764946049027,0.0,0.0,0.0,0.0,0.0,0.0,0.0
plot_10549,2021-04-03 20:00:00,20,2.0400763378671356,2.098607872103354,8.228902852994912,0.0,0.0,1.0,0.0,0.0,0.0,1.0,1.0,1.0,0.23315519021221376,0.25131800013100386,0.3347250387119915,0.0,0.0,0.3300858792969513,0.0,0.0,0.0,0.33219743898655796,0.46979463028336044,0.45324475577062895
plot_19877,2021-04-03 20:00:00,20,2.2970996444399994,2.420149265104525,7.699059210712597,1.0,0.0,0.0,0.0,1.0,0.0,0.0,0.0,1.0,0.23004319840202073,0.2833466456507639,0.2882803388558587,0.19882634286980072,0.0,0.0,0.0,0.4577038726365164,0.0,0.0,0.0,0.3947329762992079
plot_11486,2021-04-03 20:00:00,20,2.9305633143148304,2.6666202244132466,8.152711651344958,1.0,1.0,0.0,0.0,1.0,0.0,0.0,0.0,0.0,0.4028651250918639,0.36711806839610905,0.38537368502687963,0.3101451472522034,0.19196632657618148,0.0,0.0,0.2730107613410486,0.0,0.0,0.0,0.0
plot_10648,2021-04-03 21:00:00,21,1.6864888041913693,2.0486767663797547,5.61808112260327,1.0,0.0,0.0,0.0,0.0,1.0,0.0,1.0,0.0,0.21449439959648867,0.32406855779362287,0.24920146551444144,0.38650927767897203,0.0,0.0,0.0,0.0,0.3899698887677819,0.0,0.3106588543120524,0.0
plot_10810,2021-04-03 21:00:00,21,1.3510455612366463,1.2395307476228665,3.7390731189909223,0.0,0.0,0.0,0.0,0.0,0.0,0.0,0.0,0.0,0.12012350422796413,0.10830887060452121,0.10146439282977819,0.0,0.0,0.0,0.0,0.0,0.0,0.0,0.0,0.0
plot_10650,2021-04-03 21:00:00,21,1.840286795977152,1.7496722804497378,5.042674473410313,0.0,1.0,1.0,0.0,0.0,1.0,1.0,0.0,0.0,0.25031386920647625,0.2585565826635169,0.21104553863751607,0.0,0.2427576381887179,0.3333333333332677,0.0,0.0,0.33333333333327725,0.4222263572432425,0.0,0.0
plot_10846,2021-04-03 21:00:00,21,1.6464733711811186,1.7431534089318017,4.7546743925251285,0.0,1.0,1.0,1.0,1.0,1.0,1.0,0.0,0.0,0.16938645560397292,0.21038124496216,0.18027767741289197,0.0,0.357224547740636,0.19999999999997636,0.4577038726365164,0.3143446642827889,0.3614628360803445,0.19137188216870005,0.0,0.0
plot_10849,2021-04-03 21:00:00,21,1.9410749310867876,2.1226732850099252,6.421820144211406,0.0,1.0,0.0,0.0,1.0,0.0,2.0,2.0,0.0,0.20712085411190367,0.3425708003242848,0.26922535061453357,0.0,0.17861227387033826,0.0,0.0,0.4491665221324766,0.0,0.49999999999993155,0.46108935699704745,0.0
plot_10847,2021-04-03 21:00:00,21,1.847215442281873,1.6257433783032513,4.302970881277805,1.0,4.0,1.0,3.0,1.0,0.0,0.0,1.0,1.0,0.2115419378134903,0.17907347983717406,0.1115848906277728,0.4142118057493797,0.9999999999998412,0.4273834248926792,0.8190322840231459,0.4491665221324766,0.0,0.0,0.33333333333327253,0.3899698887677819
plot_10605,2021-04-03 21:00:00,21,2.011318442138515,2.35196697039065,6.591939790518361,1.0,0.0,0.0,1.0,0.0,0.0,0.0,0.0,0.0,0.30035864871680806,0.388598926065389,0.2727277803326269,0.2814842381621834,0.0,0.0,0.45324475577062895,0.0,0.0,0.0,0.0,0.0
plot_10646,2021-04-03 21:00:00,21,1.929297397818143,1.7026749090116136,5.633121013055105,0.0,0.0,0.0,1.0,0.0,0.0,0.0,0.0,1.0,0.18185824125868466,0.20332653476130055,0.19640705128931293,0.0,0.0,0.0,0.33333333333328197,0.0,0.0,0.0,0.0,0.5849548331516152
plot_10604,2021-04-03 21:00:00,21,1.3649404589802598,1.453848131723184,5.1773339693436435,0.0,0.0,1.0,0.0,0.0,0.0,1.0,0.0,1.0,0.08707432928064444,0.11646814945644236,0.17879892926837307,0.0,0.0,0.354764946049027,0.0,0.0,0.0,0.47285962176102225,0.0,0.2710971270602707
plot_10552,2021-04-03 21:00:00,21,1.6894650026627114,1.9605243870898064,5.751901865637135,0.0,1.0,0.0,0.0,0.0,0.0,0.0,2.0,2.0,0.17965515866151963,0.2790034643967018,0.1971891519122339,0.0,0.2945733038490225,0.0,0.0,0.0,0.0,0.0,0.4429299186487708,0.5533905861979364
plot_10499,2021-04-03 21:00:00,21,2.5891555653225176,2.3553622924076114,6.7400936354197,1.0,0.0,0.0,0.0,0.0,1.0,1.0,0.0,0.0,0.40051842215041933,0.378052559066388,0.3069254668603416,0.35962193052033875,0.0,0.0,0.0,0.0,0.24999999999996844,0.22771062978845047,0.0,0.0
plot_10500,2021-04-03 21:00:00,21,2.016534313616092,1.8672831875086402,5.219429015635838,1.0,1.0,1.0,0.0,0.0,0.0,0.0,1.0,0.0,0.19806749383528657,0.18972591284091744,0.13838623430577907,0.33333333333327253,0.3300858792969513,0.26090755714373615,0.0,0.0,0.0,0.0,0.38274376433736,0.0
plot_10549,2021-04-03 21:00:00,21,1.3915541543422696,1.5238426915945875,5.357496569262725,0.0,2.0,1.0,0.0,1.0,0.0,0.0,0.0,0.0,0.10338241597257136,0.14916826806089928,0.1626548509479628,0.0,0.530203580986113,0.354764946049027,0.0,0.3143446642827889,0.0,0.0,0.0,0.0
plot_19877,2021-04-03 21:00:00,21,2.4101048106200333,1.7496493332069165,6.47116749759829,0.0,1.0,0.0,0.0,0.0,0.0,1.0,0.0,0.0,0.2474740654391932,0.17314891616268235,0.22024159035358137,0.0,0.21433472864440106,0.0,0.0,0.0,0.0,0.16889054289732042,0.0,0.0
plot_11486,2021-04-03 21:00:00,21,1.6652321139370585,1.7262724592605299,4.867032186243724,1.0,0.0,1.0,0.0,1.0,2.0,0.0,1.0,1.0,0.15672823064601932,0.17947427123962048,0.1604014090544603,0.35962193052033875,0.0,0.2849222832618101,0.0,0.24999999999996844,0.5029514628524783,0.0,0.1999999999999781,0.21441433738349944
plot_10648,2021-04-03 22:00:00,22,2.086728176093401,2.036445681112012,4.797457457049898,0.0,0.0,0.0,0.0,0.0,0.0,0.0,1.0,1.0,0.30462486686877344,0.32112235328700117,0.18484561526981727,0.0,0.0,0.0,0.0,0.0,0.0,0.0,0.24999999999995748,0.6180744360147642
plot_10810,2021-04-03 22:00:00,22,0.9260959199204478,0.9113814004780639,3.420271299608503,0.0,1.0,1.0,1.0,0.0,1.0,1.0,2.0,0.0,0.02099209962900262,0.029489863424874203,0.07411501087434944,0.0,0.3021631705137737,0.36771890803950114,0.5920994644487578,0.0,0.2694999132795104,0.33333333333327253,0.8682078239407117,0.0
plot_10650,2021-04-03 22:00:00,22,1.5356574991876097,1.334997192227166,4.314049871683208,0.0,1.0,0.0,0.0,1.0,0.0,0.0,0.0,0.0,0.18238672664808372,0.1558931306485674,0.1572752689673967,0.0,0.33333333333328197,0.0,0.0,0.39482338928842536,0.0,0.0,0.0,0.0
plot_10846,2021-04-03 22:00:00,22,1.0795399763497213,1.3289910408424905,3.561910046907727,0.0,0.0,0.0,0.0,1.0,1.0,2.0,1.0,0.0,0.048428158789925034,0.12616002916096003,0.09418645284770509,0.0,0.0,0.0,0.0,0.42434259441250305,0.3614628360803445,0.3827437643374001,0.30431345485234407,0.0
plot_10849,2021-04-03 22:00:00,22,1.879534497581827,1.44934345666537,5.649604112482796,0.0,1.0,0.0,0.0,0.0,1.0,0.0,0.0,0.0,0.1940945930768256,0.17253927980743616,0.20881761159940684,0.0,0.24525458835265557,0.0,0.0,0.0,0.33333333333327725,0.0,0.0,0.0
plot_10847,2021-04-03 22:00:00,22,1.224701872356318,1.3251384905045869,4.678722461597096,1.0,0.0,0.0,0.0,0.0,0.0,1.0,2.0,0.0,0.08783819842906775,0.11945989129132528,0.13379730301029857,0.5411084965243173,0.0,0.0,0.0,0.0,0.0,0.38274376433736,0.5364941779486304,0.0
plot_10605,2021-04-03 22:00:00,22,1.5491947868187255,1.0171976865453294,3.6111486021124066,1.0,0.0,0.0,1.0,0.0,0.0,1.0,1.0,0.0,0.1877822775900936,0.07771429093523362,0.057886323875870276,0.36771890803950114,0.0,0.0,0.45324475577062895,0.0,0.0,0.4142118057493797,0.21705195598521,0.0
plot_10646,2021-04-03 22:00:00,22,1.4238509040100626,1.2294659015571319,3.910519336534925,0.0,0.0,0.0,0.0,0.0,0.0,0.0,1.0,0.0,0.0913579789066546,0.09285264709850634,0.08347399492727955,0.0,0.0,0.0,0.0,0.0,0.0,0.0,0.20533980121318812,0.0
plot_10604,2021-04-03 22:00:00,22,1.2363872891280494,1.2364057523934013,3.9482019173186624,0.0,0.0,0.0,0.0,0.0,1.0,0.0,0.0,0.0,0.06125690757090091,0.06903270100120346,0.09460398684873435,0.0,0.0,0.0,0.0,0.0,0.2694999132795104,0.0,0.0,0.0
plot_10552,2021-04-03 22:00:00,22,1.2992229682939096,1.3833616618840443,3.3206842868602093,0.0,0.0,0.0,0.0,0.0,1.0,0.0,2.0,2.0,0.10772686597889508,0.15169330381751517,0.052165933278291554,0.0,0.0,0.0,0.0,0.0,0.18314296386847698,0.0,0.35644398389155413,0.7470373247991076
plot_10499,2021-04-03 22:00:00,22,1.2212021597096634,1.1961652047182305,3.8616603289063,0.0,0.0,1.0,0.0,0.0,0.0,0.0,0.0,0.0,0.09196604921912112,0.10788504434820338,0.0902982015747881,0.0,0.0,0.35234597271253765,0.0,0.0,0.0,0.0,0.0,0.0
plot_10500,2021-04-03 22:00:00,22,1.124853973481102,1.0421376673309393,4.095303144425597,0.0,0.0,0.0,0.0,0.0,0.0,0.0,1.0,0.0,0.03556175833816807,0.0,0.0543798737543931,0.0,0.0,0.0,0.0,0.0,0.0,0.0,0.3080097018197607,0.0
plot_10549,2021-04-03 22:00:00,22,1.2969164164764575,1.3872403764848038,3.9552203546148585,1.0,1.0,0.0,0.0,0.0,0.0,1.0,1.0,0.0,0.08444489601934746,0.12489071896464259,0.07862287925572746,0.401564876173498,0.3640143484547162,0.0,0.0,0.0,0.0,0.33219743898655796,0.28940260798026574,0.0
plot_19877,2021-04-03 22:00:00,22,1.0890530457958514,1.1583355898945797,3.980448656923471,0.0,0.0,1.0,1.0,0.0,0.0,3.0,0.0,0.0,0.04370393314995958,0.07596556262571504,0.0822282859386978,0.0,0.0,0.24093892570411501,0.4258639049303585,0.0,0.0,0.5066716286919613,0.0,0.0
plot_11486,2021-04-03 22:00:00,22,1.2370505057682406,1.3890383145432665,3.791927791478465,0.0,0.0,0.0,1.0,0.0,0.0,0.0,0.0,0.0,0.07343676414141155,0.11218012986917641,0.08678842118778216,0.0,0.0,0.0,0.2129319524652002,0.0,0.0,0.0,0.0,0.0
plot_10648,2021-04-03 23:00:00,23,0.7579554717043838,0.7782664130181043,2.7368134505545467,0.0,0.0,0.0,1.0,0.0,0.0,0.0,0.0,0.0,0.00539667206100597,0.018054117831845642,0.0232435281546825,0.0,0.0,0.0,0.33333333333328197,0.0,0.0,0.0,0.0,0.0
plot_10810,2021-04-03 23:00:00,23,1.5274479515473585,1.4230292451416482,4.30606035556814,0.0,0.0,1.0,1.0,0.0,0.0,1.0,0.0,0.0,0.1612743019364938,0.1523838307384663,0.15010511428815296,0.0,0.0,0.33333333333328197,0.5920994644487578,0.0,0.0,0.3614628360803445,0.0,0.0
plot_10650,2021-04-03 23:00:00,23,0.9518072692307193,0.827501649557553,2.7413131382003764,0.0,1.0,0.0,0.0,1.0,0.0,0.0,0.0,0.0,0.05219807368201275,0.030249594848081037,0.04121210272373523,0.0,0.33333333333328197,0.0,0.0,0.26971644789026733,0.0,0.0,0.0,0.0
plot_10846,2021-04-03 23:00:00,23,1.0642605187883043,1.2401902012330113,3.423466418087589,1.0,0.0,0.0,1.0,0.0,1.0,1.0,0.0,1.0,0.04516820412907609,0.10810210006764144,0.08419388257834105,0.5786246046561515,0.0,0.0,0.4577038726365164,0.0,0.3614628360803445,0.20752146982423336,0.0,0.5411084965243173
plot_10849,2021-04-03 23:00:00,23,1.1722724471902415,1.2879313316801158,4.011724108037684,0.0,0.0,0.0,0.0,0.0,0.0,0.0,0.0,1.0,0.044388463888400564,0.13177894529414888,0.08069203043899538,0.0,0.0,0.0,0.0,0.0,0.0,0.0,0.0,0.4354523370358481
plot_10847,2021-04-03 23:00:00,23,0.8983139921754075,1.0624938357317788,3.136416530331511,0.0,0.0,0.0,0.0,0.0,0.0,1.0,0.0,0.0,0.022979529929741848,0.06737427652288093,0.042624471917543316,0.0,0.0,0.0,0.0,0.0,0.0,0.41504293964842326,0.0,0.0
plot_10605,2021-04-03 23:00:00,23,0.7783524541365633,0.7442354495373218,2.808011968316882,0.0,1.0,0.0,0.0,0.0,1.0,0.0,0.0,0.0,0.0,0.01413793621715534,0.0,0.0,0.3640143484547162,0.0,0.0,0.0,0.4803081137388923,0.0,0.0,0.0
plot_10646,2021-04-03 23:00:00,23,0.9783749865210354,1.209542639223172,3.013058389407161,1.0,0.0,1.0,0.0,2.0,1.0,1.0,1.0,0.0,0.011595456269438982,0.08820142488953356,0.024636824903477877,0.49999999999989525,0.0,0.31939792869778455,0.0,0.5103250191165156,0.49999999999987377,0.3703901852204306,0.4301567026338723,0.0
plot_10604,2021-04-03 23:00:00,23,0.9313696257797675,0.9405965564379789,2.8339011262570706,0.0,1.0,0.0,0.0,1.0,0.0,0.0,0.0,0.0,0.0,0.004501389715063571,0.018274929456549602,0.0,0.4258639049303585,0.0,0.0,0.4222263572432425,0.0,0.0,0.0,0.0
plot_10552,2021-04-03 23:00:00,23,1.1130842149333684,0.931546573024659,3.9599199121894353,1.0,1.0,1.0,0.0,1.0,0.0,0.0,0.0,3.0,0.07341830474727028,0.05203223943696053,0.09029662493665061,0.2757891810296365,0.40448202584117815,0.3021631705137737,0.0,0.38650927767897203,0.0,0.0,0.0,0.9999999999998603
plot_10499,2021-04-03 23:00:00,23,1.1987366603993994,0.9558921817389013,3.736403245088605,0.0,0.0,1.0,0.0,1.0,0.0,0.0,0.0,0.0,0.0868987837020161,0.051885968641808056,0.0808715112069165,0.0,0.0,0.31939792869778455,0.0,0.34156594468265444,0.0,0.0,0.0,0.0
plot_10500,2021-04-03 23:00:00,23,1.5253584960501634,1.3230971534202691,4.4149415498502105,0.0,0.0,0.0,1.0,1.0,0.0,0.0,0.0,0.0,0.10855235718904621,0.06460108388897692,0.07826657525274175,0.0,0.0,0.0,0.3582445012799887,0.33333333333327253,0.0,0.0,0.0,0.0
plot_10549,2021-04-03 23:00:00,23,1.2641822410449024,1.1876925749857548,3.656588906303474,0.0,0.0,0.0,0.0,0.0,1.0,0.0,0.0,0.0,0.07789461159405428,0.08942622816117544,0.06072726842757465,0.0,0.0,0.0,0.0,0.0,0.2710971270602707,0.0,0.0,0.0
plot_19877,2021-04-03 23:00:00,23,1.169361226936273,1.2492214296443283,4.786949648298431,0.0,0.0,0.0,0.0,0.0,2.0,0.0,0.0,0.0,0.05609134228155358,0.0909027948409293,0.1269173391613332,0.0,0.0,0.0,0.0,0.0,0.722925672160689,0.0,0.0,0.0
plot_11486,2021-04-03 23:00:00,23,0.9728513755759708,1.2165551857871544,3.4686152593033706,0.0,0.0,0.0,0.0,0.0,0.0,1.0,0.0,0.0,0.022043774383944215,0.07776159831667986,0.06465103469393683,0.0,0.0,0.0,0.0,0.0,0.0,0.22458326106626375,0.0,0.0
