unit_id,poi_food_density,poi_retail_density,poi_office_density,poi_public_service_density,poi_leisure_density,poi_transport_density,poi_life_service_density,landuse_residential_ratio,landuse_commercial_ratio,landuse_public_ratio,landuse_green_ratio,vitality_food_weighted_density,vitality_retail_weighted_density,vitality_leisure_weighted_density,vitality_life_service_weighted_density,meituan_vitality_proxy,meituan_rating_mean
plot_10648,0.0,0.0,0.0,0.0,0.0,0.0,0.0,0.0,0.0,0.0,0.0,0.0,0.0,0.0,0.0,0.0,0.0
plot_10810,0.0,0.0,0.0,6.850300385671912,0.0,0.0,0.0,0.0,0.0,0.0,0.0,0.0,0.0,0.0,0.0,0.0,0.0
plot_10650,0.0,0.0,7.849088197587713,10.465450930116951,2.616362732529238,2.616362732529238,2.616362732529238,0.0,0.0,0.0,0.0,0.0,0.0,0.0,0.0,0.0,0.0
plot_10846,0.0,0.0,0.0,0.0,0.0,0.0,0.0,0.0,0.0,0.0,0.0,0.0,0.0,0.0,0.0,0.0,0.0
plot_10849,0.0,0.0,0.0,0.0,0.0,0.0,0.0,0.0,0.0,0.0,0.0,0.0,0.0,0.0,0.0,0.0,0.0
plot_10847,0.0,0.0,0.0,0.0,0.0,0.0,0.0,0.0,0.0,0.0,0.0,0.0,0.0,0.0,0.0,0.0,0.0
plot_10605,0.0,0.0,0.0,0.0,0.0,0.0,0.0,0.0,0.0,0.0,0.0,0.0,0.0,0.0,0.0,0.0,0.0
plot_10646,0.0,11.571261614653846,11.571261614653846,46.28504645861538,0.0,0.0,0.0,0.0,0.0,0.0,0.0,16.026197336295578,0.0,0.0,17.619177029872045,33.64537436616762,3.75
plot_10604,0.0,6.689992440308542,0.0,0.0,6.689992440308542,0.0,6.689992440308542,0.0,0.0,0.0,0.0,0.0,6.585983033207552,3.701795816970727,0.0,10.28777885017828,14.166666666666666
plot_10552,1.9713872849462897,1.9713872849462897,0.0,0.0,1.9713872849462897,1.9713872849462897,0.0,0.0,0.0,0.0,0.0,2.8198544877000282,0.0,0.0,5.5691690799732685,8.389023567673297,3.6666666666666665
plot_10499,17.429700209156405,5.809900069718801,5.809900069718801,8.714850104578202,11.619800139437602,8.714850104578202,5.809900069718801,0.0,0.0,0.0,0.0,4.554721581923122,0.0,5.0398920584826294,4.49785382302023,14.09246746342598,19.333333333333332
plot_10500,41.344646016000375,20.672323008000188,1.476594500571442,2.953189001142884,17.719134006857306,7.382972502857211,25.102106509714517,0.0,0.0,0.0,0.0,2.3555915272890373,0.0,0.0,2.8634928803099036,5.219084407598941,4.5
plot_10549,0.0,6.359098279863915,0.0,0.0,0.0,0.0,0.0,0.0,0.0,0.0,0.0,0.0,0.0,0.0,0.0,0.0,0.0
plot_19877,0.0,0.0,0.0,0.0,4.5205708576879085,0.0,0.0,0.0,0.0,0.0,0.0,0.0,0.0,0.0,0.0,0.0,0.0
plot_11486,0.0,0.0,0.0,0.0,0.0,0.0,0.0,0.0,0.0,0.0,0.0,0.0,0.0,0.0,0.0,0.0,0.0
plot_10346,0.0,1.2858494836028473,0.0,3.857548450808542,1.2858494836028473,2.5716989672056947,0.0,0.006063099879977879,0.0,0.0,0.0,0.0,0.0,0.0,5.257838538452043,5.257838538452043,3.3000000000000003
plot_10551,4.092842028576223,0.0,0.0,4.092842028576223,0.0,0.0,0.0,0.021570442096512408,0.0,0.0,0.0,0.0,0.0,0.0,0.0,0.0,0.0
plot_11760,0.0,0.0,4.336005758215647,34.688046065725175,0.0,0.0,4.336005758215647,0.0,0.0,0.0,0.0,0.0,0.0,0.0,0.0,0.0,0.0
plot_10938,0.0,1.3880310086127323,0.0,1.3880310086127323,0.0,2.7760620172254646,0.0,0.0,0.0,0.0,0.0,0.0,0.0,0.0,0.0,0.0,0.0
plot_10550,0.0,0.0,0.0,0.0,0.0,0.0,0.0,0.6799804402431837,0.0,0.0,0.0,0.0,0.0,0.0,5.33069556917203,5.33069556917203,3.5
plot_10384,0.0,0.0,0.0,0.0,0.0,0.0,0.0,0.0,0.0,0.0,0.0,0.0,0.0,0.0,0.0,0.0,0.0
plot_12551,0.0,0.0,0.0,25.810448069378484,0.0,0.0,0.0,0.0,0.0,0.0,0.0,0.0,0.0,42.84534379516829,0.0,42.84534379516829,35.0
plot_10383,0.0,0.0,0.0,0.0,0.0,0.0,0.0,0.0,0.0,0.0,0.0,0.0,0.0,0.0,0.0,0.0,0.0
plot_12550,10.726582975482607,3.575527658494202,0.0,0.0,0.0,0.0,3.575527658494202,0.0,0.0,0.0,0.025432371905330445,0.0,0.0,0.0,0.0,0.0,0.0
plot_10428,0.0,0.0,9.303623761455087,0.0,0.0,0.0,0.0,0.0,0.0,0.0,0.0,0.0,0.0,0.0,0.0,0.0,0.0
plot_16668,0.0,0.0,0.0,0.0,0.0,1.699047683773245,0.0,0.0,0.0,0.0,0.6689060014701048,0.0,0.0,0.0,0.0,0.0,0.0
plot_10391,0.0,0.0,0.0,0.0,0.0,0.0,15.727474324898164,0.0,0.0,0.0,0.0,10.891275969991979,0.0,0.0,0.0,10.891275969991979,3.5
plot_10937,6.151612645254954,3.075806322627477,0.0,6.151612645254954,9.227418967882432,12.303225290509909,15.379031613137386,0.0,0.0,0.0,0.0,5.582849232074483,0.0,0.0,4.090822409094545,9.673671641169028,3.5
plot_9005,0.0,0.0,0.0,0.0,0.0,7.886559724916797,0.0,0.0,0.0,0.0,0.0,0.0,0.0,0.0,0.0,0.0,0.0
plot_11131,47.26577251519692,71.14229677545103,6.33458806904701,11.207348122160095,4.385484047801776,11.207348122160095,18.516488201829723,0.0,0.0,0.0,0.02026315720118119,2.9722019219923532,28.546497318123688,3.3996807961172473,10.653387156065651,46.05904319761025,6.1171875
plot_11074,0.0,0.0,0.0,0.0,0.0,0.0,0.0,0.0,1.0000182641000441,0.0,0.0,0.0,0.0,0.0,0.0,0.0,0.0
plot_11099,1.4225444127256555,0.7112722063628277,14.936716333619382,2.4894527222698972,6.045813754084036,3.5563610318141388,6.045813754084036,0.0,0.0,0.0,0.8801717888175571,0.5601858192471304,0.35563610318141387,1.796321913840219,2.2186217088522,4.930765545120963,16.711111111111112
plot_11098,2.4545659836427722,7.363697950928317,0.0,2.4545659836427722,2.4545659836427722,14.727395901856633,2.4545659836427722,0.0,0.0,0.0,0.07266683689652599,3.770250081113446,22.472085025230268,0.0,10.6796446872477,36.92197979359141,1.0769230769230769
plot_11216,16.579761085642755,49.73928325692827,8.289880542821377,37.3044624426962,4.144940271410689,12.434820814232067,33.15952217128551,0.0,0.0,0.0,0.0,6.005891078206191,8.055892616991928,0.0,34.70976648448251,48.771550179680624,3.8714285714285714
plot_17486,0.0,0.0,0.0,0.0,6.631167814963893,39.78700688978336,13.262335629927787,0.0,0.0,0.0,0.0,0.0,0.0,0.0,0.0,0.0,0.0
plot_11221,3.1475046583068944,28.32754192476205,34.62255124137584,56.6550838495241,18.885027949841366,12.590018633227578,78.68761645767236,0.0,0.0,0.0,0.0,0.0,7.506798610061942,5.4561069965520055,55.21676212502225,73.29122663698026,6.546666666666667
plot_11498,20.769726047313434,10.384863023656717,0.0,10.384863023656717,0.0,10.384863023656717,20.769726047313434,0.0,0.0,0.0,0.0,14.6524017593286,14.383035287764553,17.963535867642232,35.41671481992615,97.96098656812916,11.549999999999999
plot_9763,7.239639300485367,20.684683715672474,0.0,2.0684683715672474,27.924323016157842,2.0684683715672474,9.308107672052614,0.0,0.0,0.0,0.0,10.793300455852535,6.958690302397534,3.4959245992940278,1.0342341857836237,22.282149543327723,8.04
plot_17664,7.720994155207423,15.441988310414846,0.0,0.0,0.0,0.0,0.0,0.0,0.0,0.0,0.0,11.335744851594747,0.0,0.0,24.022585800702768,35.35833065229751,3.9333333333333336
plot_9764,44.910091179303535,297.2338929367063,0.590922252359257,13.000289551903656,2.363689009437028,10.636600542466626,15.95490081369994,0.0,0.0,0.0,0.0,20.079900773391984,207.96929505180805,0.0,53.20099102731532,298.9053621237954,3.664542936288089
plot_11496,2.370741259669661,0.0,0.0,2.370741259669661,2.370741259669661,0.0,0.0,0.012964314291751834,0.0,0.0,0.0,0.0,0.0,0.0,3.2834766446424806,6.436562520003129,3.25
plot_17739,0.0,0.0,5.455567133481361,2.7277835667406807,2.7277835667406807,0.0,5.455567133481361,0.9132612311793629,0.0,0.0,0.0,0.0,0.0,0.0,0.0,0.0,0.0
plot_11759,0.0,0.0,0.0,22.126667797585245,0.0,14.751111865056831,0.0,0.05816790996725873,0.0,0.0,0.0,0.0,0.0,0.0,10.215144966551856,10.215144966551856,3.5
plot_11758,32.94169320303064,10.980564401010213,10.980564401010213,43.92225760404085,0.0,10.980564401010213,21.961128802020426,1.0000015090161312,0.0,0.0,0.0,16.21330106170153,0.0,0.0,14.604150653343583,30.817451715045113,3.35
plot_18339,26.777077482820832,36.81848153887864,0.0,6.694269370705208,6.694269370705208,6.694269370705208,26.777077482820832,0.0,0.0,0.0,0.0,5.116015309269409,19.58201939999257,0.0,11.166068728100283,44.76748170040019,6.9
plot_19532,0.0,5.590824339094677,0.0,0.0,0.0,0.0,0.0,0.0,0.0,0.0,0.0,0.0,0.0,0.0,0.0,0.0,0.0
plot_16291,12.179822905374957,6.0899114526874785,6.0899114526874785,12.179822905374957,0.0,12.179822905374957,6.0899114526874785,0.0,0.0,0.0,0.0,0.0,0.0,0.0,6.0899114526874785,6.0899114526874785,0.0
plot_18402,0.0,0.0,0.0,0.0,0.0,0.0,0.0,0.0,0.0,0.0,0.0,0.0,0.0,18.760670131137086,0.0,18.760670131137086,0.0
plot_18875,0.5913784357165136,0.5913784357165136,0.5913784357165136,2.010686681436146,1.0644811842897244,3.0751678657258705,0.827929810003119,0.0,0.0,0.0,0.0,0.0,0.0,0.604746674144068,0.8900022803616225,1.6910865951635732,21.444444444444443
plot_18403,49.199281690487325,16.399760563495775,16.399760563495775,0.0,8.199880281747888,0.0,49.199281690487325,0.0,0.0,0.0,0.0,25.372267326912336,0.0,0.0,11.356834190220823,36.72910151713316,4.033333333333333
plot_7631,20.306848424905276,19.90867492637772,3.981734985275544,7.565296472023534,2.3890409911653268,8.361643469078643,8.759816967606197,0.0,0.0,0.0,0.0,1.2186899518684902,3.0728354645246307,1.3943288973144903,4.498357112828676,10.184211426536287,8.68125
plot_9006,52.84993261633591,52.84993261633591,0.0,0.0,105.69986523267183,0.0,0.0,0.0,0.0,0.0,0.0,0.0,0.0,45.40530439535819,0.0,45.40530439535819,30.0
plot_7630,18.25712749423281,80.0957851359891,7.067275159057862,11.18985233517495,1.1778791931763104,13.54561072152757,18.25712749423281,0.0,0.0,0.0,0.0,0.9063665727377502,40.472482792830625,1.0268986877116597,5.63350478027485,48.62819243014304,4.814814814814815
plot_7629,10.997984619318508,17.413475647254305,29.327958984849356,9.164987182765424,1.8329974365530848,13.747480774148135,29.327958984849356,0.0,0.0,0.0,0.0,1.2693507248130111,15.388011168838089,1.6553225614725897,21.51642755094693,42.065977567975025,4.124242424242424
plot_7518,0.0,0.0,0.0,15.456786688615303,0.0,0.0,7.728393344307651,0.0,0.0,0.0,0.0,0.0,0.0,0.0,0.0,0.0,0.0
plot_7517,0.0,1.754826210786215,0.0,1.754826210786215,0.0,0.0,1.754826210786215,0.0,0.0,0.0,0.0,0.0,2.4304343019389076,0.0,2.333918860345666,4.764353162284573,3.25
plot_7628,2.3408020524152398,4.6816041048304795,1.1704010262076199,0.0,0.0,2.3408020524152398,4.6816041048304795,0.0,0.0,0.0,0.0,0.0,0.0,0.0,4.348039812361308,4.348039812361308,2.1666666666666665
plot_8980,0.0,10.06532395245141,0.0,0.0,0.0,10.06532395245141,10.06532395245141,0.0,0.0,0.0,0.0,0.0,0.0,0.0,18.773438002797675,18.773438002797675,4.0
plot_16709,9.124137540898946,9.124137540898946,56.569652753573465,12.773792557258524,0.0,7.2993100327191565,32.846895147236204,0.0,0.0,0.0,0.0,10.699216624206768,0.0,0.0,17.096636068236567,37.2944499197136,10.992307692307692
plot_11915,0.0,0.0,0.0,6.863543601804655,2.2878478672682183,2.2878478672682183,0.0,0.0,0.0,0.0,0.0,0.0,0.0,0.0,0.0,0.0,0.0
plot_9757,2.3258788914861204,0.0,2.3258788914861204,2.3258788914861204,0.0,11.629394457430603,6.9776366744583616,0.0,0.0,0.0,0.0,0.0,0.0,0.0,5.779221581118687,5.779221581118687,2.0
plot_9766,0.0,5.931796207209506,41.52257345046654,17.79538862162852,0.0,5.931796207209506,0.0,0.0,0.0,0.0,0.0,0.0,8.88105803776232,0.0,7.889288955588643,16.770346993350966,3.25
plot_11033,2.452826023502979,14.716956141017874,49.05652047005958,51.50934649356256,19.622608188023833,26.98108625853277,154.52803948068768,0.0,0.0,0.0,0.0,0.0,0.0,12.844527604401886,102.33845309285795,115.18298069725982,12.065384615384614
plot_11032,86.84187673190334,0.0,15.789432133073333,0.0,0.0,7.894716066536667,31.578864266146667,0.0,0.0,0.0,0.0,11.352881862686282,7.894716066536667,13.105228670450868,0.0,32.35282659967382,12.833333333333334
plot_11222,0.0,0.0,12.803113717256037,0.0,0.0,12.803113717256037,25.606227434512075,0.0,0.0,0.0,0.0,0.0,0.0,0.0,0.0,0.0,0.0
plot_9819,5.667376033233493,1.4168440083083733,0.0,5.667376033233493,5.667376033233493,7.084220041541867,1.4168440083083733,0.0,0.0,0.0,0.0,6.58237867569113,3.30124653935851,2.3519610537919,2.882871049492167,15.118457318333707,6.3625
plot_9767,0.0,0.0,0.0,0.0,0.0,16.428723981008392,0.0,0.0,0.0,0.0,0.0,0.0,0.0,0.0,0.0,0.0,0.0
plot_9765,0.0,0.0,0.0,0.0,21.393119972616805,64.17935991785042,0.0,0.0,0.0,0.0,0.0,0.0,0.0,0.0,0.0,0.0,0.0
plot_11034,15.4326227124995,3.0865245424999,18.5191472549994,27.7787208824991,0.0,30.865245424999,18.5191472549994,0.0,0.0,0.0,0.0,4.622266481406928,0.0,0.0,17.461581525500883,22.08384800690781,3.4799999999999995
plot_17523,0.0,0.0,0.0,2.1473051320592655,2.1473051320592655,2.1473051320592655,4.294610264118531,0.0,0.0,0.0,0.0,0.0,2.1473051320592655,0.0,7.4351396364561415,9.582444768515408,0.875
plot_10995,70.84820213364954,14.915410975505166,18.644263719381456,7.457705487752583,0.0,14.915410975505166,67.11934938977325,0.0,0.0,0.0,0.0,5.7001728944722245,0.0,0.0,17.800105897377552,23.500278791849777,3.825
plot_11257,0.0,0.0,0.0,1.4304821440066375,0.0,0.0,0.0,0.0,0.0,0.0,0.0,0.0,0.0,0.0,0.0,0.0,0.0
plot_11035,0.0,14.767340549640416,0.0,0.0,0.0,0.0,0.0,0.0,0.0,0.0,0.0,0.0,0.0,0.0,20.452766661251975,20.452766661251975,3.5
plot_10994,0.0,2.698756682796236,70.16767375270213,13.493783413981179,5.397513365592472,16.192540096777414,24.28881014516612,0.0,0.0,0.0,0.0,0.0,0.0,0.0,15.301390008925498,15.301390008925498,3.0
plot_11029,65.25627333371324,38.602302535435996,3.676409765279619,38.602302535435996,5.514614647919428,9.191024413199047,41.35960985939571,0.0,0.0,0.0,0.0,0.0,18.4120359079535,1.6352386426730017,8.945327094381282,28.99260164500778,5.715
plot_11030,2.8242125389388306,5.648425077877661,2.8242125389388306,19.769487772571814,5.648425077877661,16.945275233632984,11.296850155755322,0.0,0.0,0.0,0.0,0.0,0.0,4.688192814638459,13.59575916245153,18.28395197708999,8.48
plot_11070,45.88379661740383,37.34727631649149,0.0,29.87782105319319,2.134130075228085,7.469455263298298,23.475430827508937,0.0,0.0,0.0,0.0,0.0,11.499631112923744,0.0,12.67875579592597,24.178386908849713,3.6571428571428575
plot_12120,0.0,0.0,0.0,9.586532838668237,0.0,0.0,0.0,0.0,0.2803201688056404,0.0,0.0,0.0,9.586532838668237,0.0,9.586532838668237,19.173065677336474,0.0
plot_19851,0.0,0.0,0.0,6.79735718752549,0.0,6.79735718752549,13.59471437505098,0.0,0.0,0.0,0.0,0.0,0.0,9.414339704722805,16.21169689224829,25.626036596971097,2.3333333333333335
plot_11217,0.0,0.0,0.0,0.0,0.0,0.0,0.0,0.0,0.0,0.0,0.0,0.0,0.0,0.0,0.0,0.0,0.0
plot_10470,6.094848024964498,0.0,0.0,2.031616008321499,0.0,10.158080041607496,4.063232016642998,0.0,0.0,0.0,0.0,0.0,0.0,0.0,0.0,0.0,0.0
plot_10425,168.91321239147328,33.782642478294655,0.0,0.0,0.0,0.0,33.782642478294655,0.0,0.0,0.0,0.0,0.0,0.0,0.0,0.0,0.0,0.0
plot_10427,65.91001964118585,14.646671031374636,51.263348609811224,21.970006547061953,7.323335515687318,8.78800261882478,43.940013094123906,0.0,0.0,0.0,0.0,4.17161878032479,4.137684566363335,5.136884288032221,22.03894189102819,35.48512952574853,7.458823529411765
plot_10426,3.1276878567518964,3.1276878567518964,0.0,3.1276878567518964,3.1276878567518964,0.0,3.1276878567518964,0.0,0.0,0.0,0.0,0.0,0.0,5.191961842208149,5.893728002106095,11.085689844314244,19.0
plot_11500,1.6830540024707235,3.366108004941447,13.464432019765788,5.04916200741217,3.366108004941447,15.14748602223651,6.732216009882894,0.0335566109111276,0.0,0.0,0.0,0.0,0.0,5.730880225909208,12.717158909646574,18.448039135555785,14.357142857142858
plot_10437,0.0,0.0,0.0,16.660446766540492,3.3320893533080986,0.0,0.0,0.0,0.0,0.0,0.0,0.0,0.0,0.0,0.0,0.0,0.0
plot_10438,5.09502216334641,5.09502216334641,18.68174793227017,20.38008865338564,0.0,10.19004432669282,28.87179225896299,0.0,0.0,0.0,0.0,2.599476911548832,0.0,0.0,5.7488833409758655,10.046700973640167,1.58
plot_10439,0.0,0.0,0.0,4.609654460301655,0.0,0.0,4.609654460301655,0.0,0.0,0.0,0.0,0.0,0.0,0.0,0.0,0.0,0.0
plot_9301,11.422435948690417,28.556089871726044,0.0,0.0,5.7112179743452085,11.422435948690417,11.422435948690417,0.9921591333234797,0.0,0.0,0.0,0.0,0.0,0.0,33.92813631395067,39.63935428829588,1.1666666666666667
plot_11499,0.0,0.0,0.0,6.906125042300015,0.0,6.906125042300015,0.0,0.9055578743215488,0.0,0.0,0.0,0.0,0.0,0.0,11.057042344101765,11.057042344101765,4.0
plot_11031,14.573647929813312,14.573647929813312,0.0,0.0,0.0,0.0,58.29459171925325,0.0,0.0,0.0,0.0,0.0,0.0,0.0,27.14237478658014,27.14237478658014,3.9
plot_10436,0.0,0.0,0.0,0.0,0.0,0.0,0.0,0.0,0.0,0.0,0.0,0.0,0.0,0.0,9.115457897550478,9.115457897550478,3.0
plot_11218,4.320214282628418,7.20035713771403,7.20035713771403,17.28085713051367,5.760285710171224,15.840785702970866,25.921285695770507,0.0,0.0,0.0,0.0,4.275583869907504,2.5378344019470758,0.0,27.246749844108145,34.06016811596273,8.086666666666666
plot_20026,1.16359574356677,2.32719148713354,0.0,2.32719148713354,5.81797871783385,1.16359574356677,3.49078723070031,0.0,0.04425209597551829,0.0,0.0,0.0,0.0,3.182355748700625,5.496497726295715,9.84244921856311,9.733333333333333
plot_10435,0.0,0.0,0.0,0.0,0.0,0.0,0.0,0.0,0.0,0.0,0.0,0.0,0.0,0.0,0.0,0.0,0.0
plot_10386,36.5505982114574,12.183532737152465,0.0,12.183532737152465,24.36706547430493,0.0,12.183532737152465,0.0,0.0,0.0,0.0,0.0,0.0,0.0,0.0,0.0,0.0
plot_10466,0.0,8.16199936336405,8.16199936336405,8.16199936336405,8.16199936336405,0.0,0.0,0.0,0.0,0.0,0.0,0.0,0.0,0.0,0.0,0.0,0.0
plot_11256,11.552101904941603,16.365477698667274,0.0,3.8507006349805346,0.9626751587451337,2.8880254762354007,7.701401269961069,0.0,0.0,0.0,0.0,5.551557123304526,5.379527342746245,1.679314754312223,7.473276175731329,24.030643546949374,6.0588235294117645
plot_11521,0.0,0.0,0.0,0.0,10.99565671559734,0.0,10.99565671559734,0.0,0.0,0.0,0.0,0.0,0.0,0.0,0.0,0.0,0.0
plot_10989,0.0,0.0,0.0,0.0,0.0,0.0,0.0,0.0,0.0,0.0,0.0,0.0,0.0,0.0,0.0,0.0,0.0
plot_15721,0.0,0.0,0.0,2.177249915631566,0.0,2.177249915631566,0.0,0.0,0.0,0.0,0.0,0.0,0.0,0.0,3.0154911331497187,3.0154911331497187,3.5
plot_15726,0.0,0.0,4.3868499785044355,0.0,0.0,4.3868499785044355,4.3868499785044355,0.0,0.0,0.0,0.0,0.0,0.0,0.0,0.0,0.0,0.0
plot_15378,0.0,0.0,4.3868499785044355,0.0,0.0,4.3868499785044355,4.3868499785044355,0.0,0.0,0.0,0.0,0.0,0.0,0.0,0.0,0.0,0.0
plot_17647,0.0,3.4971352633634276,0.0,3.4971352633634276,1.165711754454476,1.165711754454476,2.331423508908952,0.0,0.0,0.0,0.0,0.0,0.0,0.0,0.0,0.0,0.0
plot_15718,0.0,0.0,0.0,0.0,0.0,0.0,0.0,0.0,0.0,0.0,0.0,0.0,0.0,0.0,0.0,0.0,0.0
plot_15056,0.0,0.0,0.0,0.0,0.0,0.0,0.0,0.0,0.0,0.0,0.0,0.0,0.0,0.0,0.0,0.0,0.0
plot_11949,0.0,4.400401316600074,0.0,13.201203949800222,0.0,0.0,0.0,0.0,0.0,0.0,0.0,6.094555823491103,0.0,0.0,0.0,6.094555823491103,3.5
plot_9428,0.0,0.0,0.0,0.0,0.0,0.0,0.0,0.034323812748101916,0.0,0.0,0.0,0.0,0.0,0.0,0.0,0.0,0.0
plot_11545,0.0,7.042923094801267,0.0,0.0,7.042923094801267,0.0,0.0,0.0,0.0,0.0,0.0,0.0,0.0,0.0,3.5214615474006337,3.5214615474006337,0.0
plot_9429,4.868380625143347,9.736761250286694,1.081862361142966,2.704655902857415,2.704655902857415,2.163724722285932,5.950242986286313,0.49566774188561236,0.0,0.0,0.0,1.5680665216979706,3.4781874910746358,1.8381987023142234,6.056788669603786,13.482172565262099,6.711111111111111
plot_18143,1.850433186408938,12.953032304862568,0.0,5.551299559226814,5.551299559226814,1.850433186408938,12.953032304862568,0.888583411521085,0.0,0.0,0.0,2.787444815499012,4.437180044554768,0.0,12.842687339884572,20.067312199938353,3.3285714285714287
plot_18877,1.70894306997951,1.70894306997951,0.0,0.0,1.70894306997951,1.70894306997951,1.70894306997951,0.0,0.0,0.0,0.0,0.0,0.0,0.0,0.0,0.0,0.0
plot_18878,1.9190616556128715,3.838123311225743,0.0,1.9190616556128715,0.0,0.0,0.0,0.0,0.0,0.0,0.0,2.8877095008171563,0.0,0.0,0.0,2.8877095008171563,3.5
plot_18879,0.0,0.0,0.0,3.9453334595840044,0.0,0.0,0.0,0.010519532698411944,0.0,0.0,0.0,0.0,0.0,0.0,0.0,0.0,0.0
plot_18337,1.315763504667671,3.9472905140030132,0.0,1.315763504667671,3.9472905140030132,0.0,0.0,0.9814555278439118,0.0,0.0,0.0,1.909665207296018,1.8223324539647243,0.0,1.8223324539647243,5.554330115225468,3.5
plot_19371,0.0,0.0,0.0,0.0,4.565918160482892,0.0,0.0,7.831185533072137e-05,0.0,0.0,0.0,0.0,0.0,0.0,0.0,0.0,0.0
plot_18953,0.0,0.0,0.0,2.031021827391579,14.217152791741054,2.031021827391579,2.031021827391579,0.9655364396474759,0.0,0.0,0.0,0.0,0.0,3.3714962334700216,2.812965230937337,6.184461464407358,16.75
plot_18954,0.0,0.0,0.0,0.0,0.0,0.0,3.2633241525147176,1.7896190058970397e-06,0.0,0.0,0.0,0.0,0.0,0.0,0.0,0.0,0.0
plot_18338,0.0,7.4376262072197035,0.0,0.0,0.0,3.7188131036098517,0.0,0.06390238103853574,0.0,0.0,0.0,0.0,2.5752780742498222,0.0,0.0,2.5752780742498222,3.5
plot_18876,6.642863073984888,1.107143845664148,1.107143845664148,0.0,0.0,1.107143845664148,1.107143845664148,0.0,0.0,0.0,0.0,0.0,0.0,0.0,4.428575382656592,4.428575382656592,0.0
plot_11889,0.0,3.2215975902450023,0.0,9.664792770735007,6.4431951804900045,12.886390360980009,0.0,0.0,0.0,0.0,0.0,0.0,0.0,0.0,18.411430228250186,18.411430228250186,1.3
plot_11890,1.8701656218674727,1.8701656218674727,0.0,1.8701656218674727,1.8701656218674727,3.7403312437349454,1.8701656218674727,0.9710904096196568,0.0,0.0,0.0,0.0,0.0,0.0,8.506701442582925,8.506701442582925,3.0
plot_11891,0.0,0.0,0.0,1.7345452022479704,0.8672726011239852,0.8672726011239852,0.0,0.07004127413562225,0.0,0.0,0.0,0.0,0.0,0.0,2.4023451051134392,2.4023451051134392,3.5
plot_11894,0.0,0.0,0.0,0.0,0.0,0.0,0.0,0.0,0.0,0.0,0.0,0.0,0.0,0.0,0.0,0.0,0.0
plot_7918,0.0,0.0,0.0,0.0,8.337293547768523,0.0,0.0,0.0,0.0,0.0,0.0,0.0,0.0,0.0,0.0,0.0,0.0
plot_7960,0.0,0.0,0.0,38.88059768451087,0.0,11.963260826003344,0.0,0.0,0.0,0.0,0.0,0.0,0.0,0.0,10.78203895579679,10.78203895579679,4.3
plot_11893,4.908119993717606,0.0,4.908119993717606,4.908119993717606,0.0,0.0,9.816239987435212,0.0,0.0,0.0,0.0,0.0,0.0,0.0,16.45958682183533,16.45958682183533,3.75
plot_7926,0.0,1.5125297968369977,0.0,3.0250595936739955,0.0,1.5125297968369977,0.0,0.0,0.0,0.0,0.0,0.0,0.0,0.0,5.868615611727551,5.868615611727551,2.6666666666666665
plot_7924,35.978988270849825,4.497373533856228,0.0,0.0,0.0,8.994747067712456,22.48686766928114,0.0,0.0,0.0,0.0,20.643616156530484,5.981506800028784,0.0,6.818729194329765,33.443852150889036,3.9
plot_7970,0.0,3.492437127400614,6.984874254801228,3.492437127400614,0.0,0.0,10.477311382201842,0.0,0.0,0.0,0.0,0.0,0.0,0.0,0.0,0.0,0.0
plot_18993,0.0,0.0,4.7971293977683755,0.0,0.0,0.0,0.0,0.0,0.0,0.0,0.0,0.0,0.0,0.0,0.0,0.0,0.0
plot_11544,4.629147426772675,0.0,0.0,2.3145737133863373,0.0,0.0,0.0,0.0,0.0,0.0,0.0,0.0,2.3145737133863373,0.0,0.0,2.3145737133863373,0.0
plot_7811,0.0,0.0,0.0,0.0,16.932507026990415,16.932507026990415,0.0,0.0,0.0,0.0,0.0,0.0,0.0,28.10796166480409,0.0,28.10796166480409,38.0
plot_7798,22.418508720799892,100.88328924359952,22.418508720799892,22.418508720799892,33.62776308119984,0.0,112.09254360399946,0.0,0.0,0.0,0.0,0.0,15.524817289153926,18.607362238263914,51.81897943408723,104.55852119976899,18.416666666666668
plot_7809,2.261844715312915,2.261844715312915,18.09475772250332,6.785534145938745,0.0,9.04737886125166,20.356602437816235,0.0,0.0,0.0,0.0,0.0,0.0,0.0,2.261844715312915,2.261844715312915,0.0
plot_9402,0.0,0.0,0.0,0.0,0.0,0.0,0.0,0.0,0.0,0.0,0.0,0.0,0.0,0.0,0.0,0.0,0.0
plot_9427,0.0,2.655301974217018,13.276509871085088,10.621207896868071,2.655301974217018,15.931811845302105,15.931811845302105,0.0,0.0,0.0,0.0,0.0,0.0,0.0,10.156530051380093,10.156530051380093,2.5
plot_15779,6.204551659097113,6.204551659097113,0.0,18.61365497729134,0.0,0.0,12.409103318194227,0.0,0.00020931902026795815,0.0,0.0,0.0,6.204551659097113,0.0,24.409613910511826,30.61416556960894,1.875
plot_15717,6.204551659097113,6.204551659097113,0.0,18.61365497729134,0.0,0.0,12.409103318194227,0.0,0.00020931902026795815,0.0,0.0,0.0,6.204551659097113,0.0,24.409613910511826,30.61416556960894,1.875
plot_15757,0.0,0.0,0.0,0.0,0.0,2.046588541560073,0.0,0.0,0.004929630345594944,0.0,0.0,0.0,0.0,0.0,2.857037604017862,2.857037604017862,3.6
plot_7967,0.0,4.933812899947208,0.0,0.0,2.466906449973604,4.933812899947208,0.0,0.0,0.0,0.0,0.0,0.0,0.0,0.0,7.400272167692003,7.400272167692003,3.5
plot_18335,0.0,0.0,2.7399812585281915,0.0,2.7399812585281915,8.219943775584575,2.7399812585281915,0.0,0.0,0.0,0.0,0.0,4.022416854705577,0.0,2.7399812585281915,6.762398113233769,1.75
plot_18336,0.0,0.0,0.0,0.0,0.0,0.0,46.64831832812427,0.0,0.0,0.0,0.0,0.0,23.324159164062134,0.0,0.0,23.324159164062134,0.0
plot_7964,2.1544619985220392,21.544619985220393,0.0,2.1544619985220392,12.926771991132235,4.3089239970440785,8.617847994088157,0.6398498162239027,0.0,0.0,0.0,3.231016060882644,26.06969940470148,0.0,14.98229641073002,44.28301187631414,1.0499999999999998
plot_18216,9.773778187704895,75.61817861013787,14.917871970707472,18.518737618809276,0.0,7.7161406745038645,17.48991886220876,0.0,0.9137110302946756,0.0,0.0,1.5185115967805587,50.148398554423316,1.7078391359568554,13.908636132927777,74.20476360511847,5.019811320754717
plot_18215,0.0,6.829131710048726,12.80462195634136,0.8536414637560907,0.8536414637560907,1.7072829275121815,11.950980492585272,0.0,0.9499593421318142,0.0,0.0,0.0,1.43808239087725,0.0,4.027567986201901,5.465650377079151,4.375
plot_18217,14.623902476119168,19.01107321895492,17.548682971343002,21.204658590372794,1.4623902476119168,9.50553660947746,17.548682971343002,0.0,0.0,0.0,0.0,7.686693989204766,22.302008096446382,0.0,20.500965169122342,51.664988196956294,2.8156862745098037
plot_18218,74.82606165925502,86.4370022615532,1.2901045113664658,28.382299250062246,34.83282180689458,14.191149625031123,43.863553386459834,0.0,0.0,0.0,0.0,3.8479469343497867,18.156354087828944,6.424720466605,26.138069356664495,54.567090845448234,6.721428571428571
plot_11952,83.33449075681605,41.667245378408026,0.0,0.0,0.0,0.0,13.889081792802676,0.0,0.0,0.0,0.0,19.891467635185126,27.778163585605352,0.0,0.0,47.66963122079048,1.1666666666666667
plot_11911,0.0,0.0,6.705828706311526,6.705828706311526,0.0,0.0,6.705828706311526,0.0,0.0,0.0,0.0,0.0,0.0,11.131675652477133,12.802431546257534,23.93410719873467,18.55
plot_15735,0.0,0.0,0.0,0.0,0.0,2.046588541560073,0.0,0.0,0.004929630345594944,0.0,0.0,0.0,0.0,0.0,2.857037604017862,2.857037604017862,3.6
plot_15688,0.0,0.0,0.0,1.3136703160428045,1.3136703160428045,5.254681264171218,2.627340632085609,0.0,0.0,0.0,0.0,4.000598776120188,0.0,2.1806927246310557,0.0,6.181291500751243,16.0
plot_15638,0.0,0.0,0.0,1.3136703160428045,1.3136703160428045,5.254681264171218,2.627340632085609,0.0,0.0,0.0,0.0,4.000598776120188,0.0,2.1806927246310557,0.0,6.181291500751243,16.0
plot_15698,2.1220204180804627,4.244040836160925,14.85414292656324,6.366061254241389,4.244040836160925,8.48808167232185,14.85414292656324,0.0,0.16560500182452986,0.0,0.0,0.0,0.0,0.0,10.588881886221511,10.588881886221511,2.25
plot_15782,2.1220204180804627,4.244040836160925,14.85414292656324,6.366061254241389,4.244040836160925,8.48808167232185,14.85414292656324,0.0,0.16560500182452986,0.0,0.0,0.0,0.0,0.0,10.588881886221511,10.588881886221511,2.25
plot_15781,0.7301716414477551,0.7301716414477551,0.0,2.1905149243432653,1.4603432828955103,1.4603432828955103,0.7301716414477551,0.0,0.9745035054376188,0.0,0.0,0.0,0.0,2.4241698496065474,6.280677745090807,9.916932519500628,13.555555555555555
plot_15697,0.7301716414477551,0.7301716414477551,0.0,2.1905149243432653,1.4603432828955103,1.4603432828955103,0.7301716414477551,0.0,0.9745035054376188,0.0,0.0,0.0,0.0,2.4241698496065474,6.280677745090807,9.916932519500628,13.555555555555555
plot_15751,0.0,0.5160078536395324,0.0,0.5160078536395324,0.5160078536395324,2.0640314145581296,0.0,0.0,1.2055800633027918,0.0,0.0,0.0,0.0,0.0,2.4002730901093905,2.4002730901093905,14.0
plot_15776,0.0,0.5160078536395324,0.0,0.5160078536395324,0.5160078536395324,2.0640314145581296,0.0,0.0,1.2055800633027918,0.0,0.0,0.0,0.0,0.0,2.4002730901093905,2.4002730901093905,14.0
plot_15734,0.0,1.0672939508980746,0.0,0.0,1.0672939508980746,3.2018818526942234,0.0,0.0,0.04938007671461802,0.0,0.0,0.0,0.0,0.0,0.0,0.0,0.0
plot_16284,1.2321325380328512,2.4642650760657023,0.0,0.0,3.6963976140985535,0.0,1.2321325380328512,0.7577385806037961,0.0,0.0,0.0,0.0,0.0,0.0,6.4943040384407595,6.4943040384407595,3.9333333333333336
plot_7925,1.3631573996954707,0.6815786998477353,1.3631573996954707,0.0,3.4078934992386767,0.0,6.134208298629618,0.5050134413223973,0.0,0.0,0.0,0.0,1.0826991438498745,0.0,3.0512966687019047,4.133995812551779,3.325
plot_16283,1.8003355825525875,6.751258434572204,1.3502516869144408,3.600671165105175,7.651426225848497,0.4500838956381469,4.950922852019616,0.9843881152282942,0.0,0.0,0.0,1.361222103515406,0.9001677912762938,1.494278533518648,4.674082080047035,8.429750508357383,11.238461538461538
plot_8229,33.707981704344704,3.4572288927533026,0.0,1.7286144463766513,3.4572288927533026,7.778765008694931,14.693222794201537,0.12151656954850532,0.8627373540108376,0.0,0.0,0.0,0.0,0.0,0.0,0.0,0.0
plot_7966,0.0,0.0,3.2580824881324344,0.0,6.516164976264869,3.2580824881324344,3.2580824881324344,0.05636911842188792,0.0,0.0,0.0,0.0,0.0,0.0,3.2580824881324344,3.2580824881324344,0.0
plot_7965,2.5581139537441833,25.581139537441835,0.0,0.0,2.5581139537441833,7.67434186123255,15.3486837224651,0.7210420873597427,0.0,0.0,0.0,0.0,19.82557815868423,0.0,4.376002958085878,24.20158111677011,1.125
plot_19595,3.3994411318779196,13.597764527511679,13.597764527511679,23.796087923145436,6.798882263755839,3.3994411318779196,33.99441131877919,0.04357940884365624,0.0,0.0,0.0,5.07548624552424,3.3994411318779196,0.0,41.90615818121849,50.38108555862065,2.5090909090909093
plot_19479,41.70986617091511,169.39312995943078,17.875656930392193,54.47819254976668,11.917104620261462,11.917104620261462,46.81719672245574,0.0,0.0,0.0,0.0,5.044485252130153,151.70088999783536,0.8512217585901044,65.8703865433824,230.11133471358667,2.579326923076923
plot_10502,3.8648537925810262,11.594561377743078,3.8648537925810262,0.0,7.7297075851620525,15.459415170324105,15.459415170324105,0.0,0.0,0.0,0.0,0.0,18.055494795259094,0.0,0.0,18.055494795259094,4.5
plot_18119,8.72081615211429,18.895101662914293,2.9069387173714296,0.0,1.4534693586857148,1.4534693586857148,23.255509738971437,0.0,0.0,0.0,0.0,4.273825553475941,15.724987795612796,0.0,5.026261427623681,25.02507477671242,3.0416666666666665
plot_15716,0.0,1.0672939508980746,0.0,0.0,1.0672939508980746,3.2018818526942234,0.0,0.0,0.04938007671461802,0.0,0.0,0.0,0.0,0.0,0.0,0.0,0.0
plot_15755,0.0,0.0,0.0,1.5041439164899297,0.0,1.5041439164899297,0.0,0.0,0.631881778347611,0.0,0.0,0.0,0.0,0.0,0.0,0.0,0.0
plot_15783,0.0,0.0,0.0,1.5041439164899297,0.0,1.5041439164899297,0.0,0.0,0.631881778347611,0.0,0.0,0.0,0.0,0.0,0.0,0.0,0.0
plot_15756,80.00701013803113,9.524644064051326,0.0,1.9049288128102653,9.524644064051326,26.669003379343714,30.478861004964244,0.0,0.09279685704491965,0.0,0.0,11.452447873624406,6.343412946658183,0.0,9.261316045417622,27.057176865700214,3.02
plot_15784,80.00701013803113,9.524644064051326,0.0,1.9049288128102653,9.524644064051326,26.669003379343714,30.478861004964244,0.0,0.09279685704491965,0.0,0.0,11.452447873624406,6.343412946658183,0.0,9.261316045417622,27.057176865700214,3.02
plot_15723,0.0,0.0,0.0,0.0,0.0,34.0338636943759,17.01693184718795,0.0,0.0,0.0,0.0,50.98322069468061,0.0,0.0,0.0,50.98322069468061,4.0
plot_15725,0.0,0.0,0.0,0.0,0.0,34.0338636943759,17.01693184718795,0.0,0.0,0.0,0.0,50.98322069468061,0.0,0.0,0.0,50.98322069468061,4.0
plot_15736,0.0,0.0,0.0,0.0,0.0,0.0,17.95364369198729,0.0,0.04048689698259601,0.0,0.0,0.0,0.0,0.0,0.0,0.0,0.0
plot_15785,0.0,0.0,0.0,0.0,0.0,0.0,17.95364369198729,0.0,0.04048689698259601,0.0,0.0,0.0,0.0,0.0,0.0,0.0,0.0
plot_15722,9.343161380833008,9.343161380833008,0.0,7.9057519376279295,5.030933051217773,20.123732204871093,2.8748188864101563,0.0,0.0215356401295807,0.0,0.0,4.287046078265034,0.7812733173686817,1.278766183498965,2.879954100061532,10.182916958925588,6.659999999999999
plot_11557,52.76186372489964,13.19046593122491,8.79364395414994,13.19046593122491,30.77775383952479,8.79364395414994,70.34915163319953,0.0,0.0,0.0,0.0,25.77395014422317,0.0,7.531912076315126,17.64087044076896,50.94673266130725,7.6125
plot_11912,0.0,0.0,0.0,0.0,5.190733502551246,10.381467005102492,0.0,0.0,0.0,0.0,0.0,0.0,7.189165901033475,8.61661761423507,0.0,15.805783515268542,26.75
plot_17709,11.834759703657618,20.288159491984487,0.0,0.0,10.144079745992244,1.690679957665374,3.381359915330748,0.37848677310680695,0.0,0.0,0.0,2.2486043436949474,2.2486043436949474,2.806528729724521,0.0,7.303737417114416,13.333333333333334
plot_19140,0.0,0.0,5.1021449417335045,15.306434825200514,10.204289883467009,10.204289883467009,25.510724708667524,0.0,0.0,0.0,0.0,0.0,0.0,0.0,16.283127817687717,25.173976143626287,26.166666666666668
plot_11546,4.380134338720168,2.190067169360084,0.0,6.570201508080253,0.0,13.140403016160507,13.140403016160507,0.0,0.0,0.0,0.0,0.0,0.0,0.0,7.444482297159866,7.444482297159866,3.5
plot_11543,0.0,0.0,0.0,5.020256735929475,0.0,5.020256735929475,0.0,0.03717581169390832,0.0,0.0,0.0,0.0,0.0,0.0,0.0,0.0,0.0
plot_11556,0.0,0.0,0.0,0.0,0.0,0.0,0.0,0.0,0.0,0.0,0.0,0.0,0.0,0.0,0.0,0.0,0.0
plot_18054,0.0,0.0,6.63803461071246,6.63803461071246,0.0,0.0,0.0,0.0,0.0,0.0,0.0,0.0,0.0,0.0,0.0,0.0,0.0
plot_18700,217.67522855899,0.0,0.0,0.0,27.20940356987375,0.0,27.20940356987375,0.0,0.0,0.0,0.0,42.51123684794473,0.0,0.0,0.0,42.51123684794473,4.5
plot_18053,4.016080385865004,0.0,4.016080385865004,4.016080385865004,12.048241157595012,0.0,0.0,0.0,0.0,0.0,0.0,0.0,0.0,0.0,0.0,0.0,0.0
plot_15773,9.343161380833008,9.343161380833008,0.0,7.9057519376279295,5.030933051217773,20.123732204871093,2.8748188864101563,0.0,0.0215356401295807,0.0,0.0,4.287046078265034,0.7812733173686817,1.278766183498965,2.879954100061532,10.182916958925588,6.659999999999999
plot_10501,23.578232575686126,23.578232575686126,0.0,0.0,0.0,0.0,0.0,0.0,0.0,0.0,0.0,0.0,19.46246866630643,19.56993303781949,0.0,39.032401704125924,25.0
plot_12664,20.4637076145456,10.2318538072728,0.0,10.2318538072728,0.0,20.4637076145456,0.0,0.0,0.0,0.0,0.0,29.965884929572734,0.0,0.0,20.4637076145456,50.42959254411834,1.95
plot_15764,0.0,19.72425491627054,0.0,0.0,0.0,0.0,19.72425491627054,0.0,0.0,0.0,0.0,0.0,0.0,0.0,0.0,0.0,0.0
plot_15377,0.0,19.72425491627054,0.0,0.0,0.0,0.0,19.72425491627054,0.0,0.0,0.0,0.0,0.0,0.0,0.0,0.0,0.0,0.0
plot_16749,0.0,13.137842240790372,0.0,0.0,0.0,0.0,0.0,0.0,0.0,0.0,0.0,0.0,0.0,0.0,0.0,0.0,0.0
plot_12663,16.061986417984283,16.061986417984283,22.486780985177997,12.849589134387427,3.212397283596857,9.63719185079057,35.33637011956542,0.0,0.0,0.0,0.0,0.0,15.722706715041266,0.0,22.536567139239875,38.25927385428114,3.4375
plot_10707,9.629427530533311,32.09809176844437,73.82561106742205,9.629427530533311,9.629427530533311,35.30790094528881,60.9863743600443,0.0,0.0,0.0,0.0,0.0,3.209809176844437,0.0,23.19003323974395,26.39984241658839,2.316666666666667
plot_18653,9.823761714835843,4.911880857417922,19.647523429671686,4.911880857417922,4.911880857417922,24.55940428708961,19.647523429671686,0.0,0.0,0.0,0.0,0.0,10.392831140722835,0.0,35.47189742922929,45.86472856995212,6.071428571428571
plot_10706,19.399394738884144,0.0,19.399394738884144,0.0,19.399394738884144,0.0,0.0,0.0,0.0,0.0,0.0,0.0,0.0,0.0,0.0,0.0,0.0
plot_11497,71.84719128801486,10.263884469716409,0.0,0.0,30.791653409149227,10.263884469716409,71.84719128801486,0.0,0.0,0.0,0.0,16.35414164696479,0.0,0.0,17.88913891599857,34.243280562963356,4.45
plot_12122,3.6918078783180124,14.76723151327205,5.537711817477018,7.383615756636025,16.613135452431056,1.8459039391590062,14.76723151327205,0.0,0.0,0.0,0.0,0.0,5.434604501917394,15.772349136621953,33.11459594975423,56.167453527452594,14.63684210526316
plot_12121,26.663511484474338,13.331755742237169,4.999408403338938,9.998816806677876,6.665877871118584,6.665877871118584,13.331755742237169,0.0,0.0,0.0,0.0,17.146093346876153,0.0,0.0,11.0338680265205,28.17996137339665,3.3083333333333336
plot_12035,0.0,0.0,0.0,0.0,0.0,0.0,0.0,0.0,0.0,0.0,0.0,0.0,0.0,0.0,0.0,0.0,0.0
plot_12036,0.0,0.0,0.0,0.0,0.0,0.0,39.28694200265187,0.0,0.0,0.0,0.0,0.0,0.0,0.0,14.143299120954671,14.143299120954671,4.0
plot_12034,0.0,0.0,0.0,0.0,0.0,0.0,0.0,0.0,0.0,0.0,0.0,0.0,0.0,0.0,0.0,0.0,0.0
plot_11826,0.0,0.0,0.0,0.0,0.0,0.0,0.0,0.0,0.0,0.0,0.0,0.0,0.0,0.0,10.668017774594004,10.668017774594004,3.0
plot_11785,5.260186350868457,3.506790900578971,0.0,1.7533954502894855,1.7533954502894855,0.0,5.260186350868457,0.0,0.0,0.0,0.0,2.463641006970797,0.0,0.0,4.085411399174501,6.549052406145298,2.1666666666666665
plot_12101,24.928952485416563,14.957371491249937,0.0,0.0,4.985790497083313,0.0,9.971580994166626,0.0,0.0,0.0,0.0,0.0,6.905319838460388,0.0,14.093711408774041,20.999031247234427,3.1666666666666665
plot_19802,0.0,0.0,0.0,0.0,6.761416652016931,0.0,0.0,0.0,0.0,0.0,0.0,0.0,0.0,0.0,0.0,0.0,0.0
plot_12037,18.411933879063053,40.506254533938716,0.0,0.0,7.3647735516252215,3.6823867758126108,14.729547103250443,0.7508116698736664,0.0,0.0,0.0,5.244466447816981,10.200211369000932,0.0,6.908496907123538,22.35317472394145,3.75
plot_11484,18.56438666686208,2.931218947399276,0.9770729824664253,0.0,4.885364912332126,4.885364912332126,6.839510877264977,0.0,0.0,0.0,0.0,0.0,0.9770729824664253,0.0,2.996325828006984,3.9733988104734097,1.5666666666666667
plot_11485,0.0,0.0,0.0,0.0,0.0,0.0,0.0,0.0,0.0,0.0,0.0,0.0,0.0,0.0,0.0,0.0,0.0
plot_11786,8.399079460891086,8.399079460891086,0.0,11.198772614521449,2.799693153630362,0.0,22.397545229042898,0.6841232096922888,0.0,0.0,0.0,4.272418074042143,3.723591894328382,4.647490635026402,14.890339996614046,27.533840600010972,7.428571428571429
plot_12102,0.0,0.0,0.0,0.0,2.248868818984051,2.248868818984051,0.0,0.02248365977154263,0.0,0.0,0.0,0.0,0.0,0.0,0.0,0.0,0.0
plot_11829,3.124531320301955,0.0,0.0,0.0,0.0,0.0,0.0,0.9891314531777606,0.0,0.0,0.0,0.0,3.124531320301955,0.0,8.942907127201451,12.067438447503406,2.0
plot_11494,4.951638992506519,1.6505463308355064,0.0,4.126365827088766,5.776912157924272,4.951638992506519,3.301092661671013,0.0,0.7994351872630657,0.0,0.0,2.3520670490647326,0.0,0.0,5.052441357043203,8.842485178775911,14.071428571428571
plot_11787,11.488046687421738,11.488046687421738,0.0,0.0,11.488046687421738,0.0,11.488046687421738,0.10521706629135462,0.0,0.0,0.0,0.0,0.0,0.0,0.0,0.0,0.0
plot_9776,0.0,0.0,0.0,0.0,0.0,0.0,0.0,0.0,0.0,0.0,0.0,0.0,0.0,0.0,0.0,0.0,0.0
plot_11788,0.0,0.0,0.0,11.864366561469284,0.0,5.932183280734642,0.0,0.0,0.0,0.0,0.0,0.0,0.0,0.0,0.0,0.0,0.0
plot_8968,0.0,0.0,0.0,0.0,0.0,0.0,0.0,0.0,0.0,0.0,0.0,0.0,0.0,0.0,9.40434438284874,9.40434438284874,3.0
plot_11827,0.0,2.222503739362541,2.222503739362541,11.112518696812707,0.0,2.222503739362541,4.445007478725082,0.0,0.0158789499336876,0.0,0.0,0.0,0.0,0.0,7.088323949937994,7.088323949937994,3.8
plot_9775,0.0,3.677205127985124,0.0,0.0,1.2257350426617082,1.2257350426617082,3.677205127985124,0.0,0.0,0.0,0.0,0.0,1.6976430340864657,2.1061473483472066,1.6976430340864657,5.501433416520139,15.666666666666666
plot_9836,3.179104382713302,23.843282870349764,3.179104382713302,1.589552191356651,0.0,0.0,12.716417530853208,0.0,0.0,0.0,0.0,2.3479775254437945,4.315634199533307,0.0,8.924573384353767,17.702289523835216,3.0125
plot_11828,0.0,0.0,0.0,0.0,0.0,9.756065833932247,6.504043889288164,0.0,0.08875172296258907,0.0,0.0,0.0,0.0,5.398356428109177,10.325170461621191,15.723526889730367,19.5
plot_9779,0.0,0.0,0.0,0.0,7.430303750817335,0.0,0.0,0.0,0.0,0.0,0.0,0.0,0.0,0.0,11.537416599162809,11.537416599162809,3.5
plot_7806,3.751493563374919,1.8757467816874596,0.0,4.689366954218649,1.8757467816874596,2.813620172531189,6.565113735906108,0.0,0.0,0.0,0.0,2.8896997033181737,0.0,0.0,2.6368831706263354,5.526582873944509,3.0
plot_11520,4.411057639290172,0.0,0.0,13.233172917870517,8.822115278580345,4.411057639290172,8.822115278580345,0.0,0.0,0.0,0.0,6.841734831302425,0.0,0.0,4.411057639290172,11.252792470592597,1.75
plot_8969,0.0,0.0,0.0,0.0,0.0,0.0,0.0,0.03879113174399962,0.0,0.0,0.0,0.0,0.0,0.0,0.0,0.0,0.0
plot_7804,0.0,0.0,35.104470905414516,7.020894181082903,3.5104470905414513,17.552235452707258,14.041788362165805,0.0,0.0,0.0,0.0,0.0,3.5104470905414513,0.0,27.022846200509267,30.53329329105072,7.983333333333333
plot_9182,11.351940425016648,1.8919900708361082,3.7839801416722163,1.8919900708361082,0.0,1.8919900708361082,9.459950354180542,0.0,0.0,0.0,0.0,5.331843812761235,0.0,0.0,5.4393817438906025,10.771225556651837,3.25
plot_9777,0.0,1.4011430525022313,0.0,1.4011430525022313,0.0,0.0,0.0,0.0,0.0,0.0,0.0,0.0,0.0,0.0,0.0,0.0,0.0
plot_8978,0.0,0.0,0.0,0.0,0.0,0.0,0.0,0.0,0.0,0.0,0.0,0.0,0.0,0.0,0.0,0.0,0.0
plot_8977,0.0,0.0,0.0,0.0,0.0,0.0,0.0,0.0035787993241669872,0.0,0.0,0.0,0.0,0.0,0.0,0.0,0.0,0.0
plot_9183,1.2716765210999748,5.086706084399899,13.352603471549735,3.179191302749937,3.8150295632999245,2.5433530421999495,8.901735647699823,0.6938479023014247,0.0,0.0,0.0,0.9287213356366115,0.0,2.1595664954641736,13.076031252732708,16.164319083833494,7.288235294117648
plot_9787,0.0,0.0,0.0,8.479318941102651,0.0,0.0,16.958637882205302,0.12895077516190517,0.0,0.0,0.0,0.0,0.0,0.0,0.0,0.0,0.0
plot_10395,0.0,0.0,0.0,0.3444635238962958,0.0,0.3444635238962958,0.0,0.0,0.0,0.0,0.0,0.0,0.0,0.0,0.0,0.0,0.0
plot_11831,0.0,0.0,0.0,0.0,0.0,6.7480595111368284,0.0,0.0,0.0,0.0,0.0,0.0,0.0,0.0,0.0,0.0,0.0
plot_9228,18.95330379776825,61.59823734274681,0.0,0.0,0.0,0.0,14.214977848326187,0.0,0.0,0.0,0.0,6.301973512757943,0.0,0.0,13.125162879954512,19.427136392712455,3.3333333333333335
plot_11814,0.0,0.0,0.0,0.0,0.0,5.0295738944996575,0.0,0.0,0.0,0.0,0.0,0.0,0.0,0.0,0.0,0.0,0.0
plot_7805,0.0,1.788236977164214,14.305895817313711,7.152947908656856,3.576473954328428,1.788236977164214,5.364710931492642,0.0,0.0,0.0,0.0,0.0,0.0,0.0,6.249888235188927,6.249888235188927,1.5
plot_11823,3.38574466068067,10.15723398204201,3.38574466068067,0.0,3.38574466068067,20.31446796408402,6.77148932136134,0.0,0.0,0.0,0.0,0.0,0.0,5.867532931803235,0.0,5.867532931803235,46.0
plot_10817,7.82604272236722,3.91302136118361,0.0,1.956510680591805,0.0,5.8695320417754155,5.8695320417754155,0.0,0.0,0.0,0.0,0.0,0.0,0.0,7.958795838082227,7.958795838082227,2.3333333333333335
plot_9788,4.38101705310888,3.2857627898316597,28.47661084520772,6.571525579663319,5.476271316386099,4.38101705310888,15.33355968588108,0.20819448412850103,0.0,0.0,0.0,1.589461161709409,0.0,3.768360295737133,7.401268686872868,13.85434440759663,11.733333333333333
plot_9758,1.1274096973017704,2.254819394603541,1.1274096973017704,3.9459339405561966,2.254819394603541,0.5637048486508852,4.509638789207082,0.9470209661494744,0.0,0.0,0.0,0.7497274487056774,0.8117349820572747,1.9439356758976423,5.9733807830404135,10.32151763843408,9.958333333333334
plot_11822,33.641019271128506,14.23273892240052,12.938853565818656,2.587770713163731,6.469426782909328,9.057197496073059,12.938853565818656,0.0,0.0,0.0,0.0,6.347798590593951,0.0,8.689581454144845,5.654248999241199,20.691629043979994,16.66
plot_10855,1.0277661297616405,12.333193557139687,2.055532259523281,1.0277661297616405,5.138830648808202,0.0,3.0832983892849217,0.0,0.0,0.0,0.0,0.0,0.0,1.7775681076864147,7.412882573388769,9.190450681075182,10.0
plot_8996,0.0,4.086569896691513,0.0,12.259709690074539,0.0,28.60598927684059,4.086569896691513,0.0,0.0,0.0,0.0,0.0,0.0,0.0,5.803420320717266,5.803420320717266,3.5
plot_8966,6.669067530977819,0.0,13.338135061955638,6.669067530977819,0.0,0.0,0.0,0.026769211765677096,0.0,0.0,0.0,0.0,0.0,0.0,9.236658530404279,9.236658530404279,3.5
plot_16837,0.0,0.0,0.0,0.0,0.0,4.445293989517997,0.0,1.0000018081494975,0.0,0.0,0.0,0.0,0.0,0.0,0.0,0.0,0.0
plot_11493,7.326168340696132,0.0,0.0,0.0,0.0,0.0,0.0,0.0,0.0,0.0,0.0,0.0,0.0,0.0,0.0,0.0,0.0
plot_11825,0.0,0.0,0.0,0.0,8.34355418721267,0.0,8.34355418721267,0.0,0.0,0.0,0.0,11.490457295734723,0.0,0.0,0.0,11.490457295734723,3.0
plot_10856,0.0,13.112690461828958,0.0,0.0,0.0,0.0,0.0,0.0,0.0,0.0,0.0,0.0,0.0,0.0,13.112690461828958,13.112690461828958,0.0
plot_9806,5.32472290142021,9.584501222556378,0.0,10.64944580284042,0.0,6.389667481704253,10.64944580284042,0.0,0.0,0.0,0.0,3.140031889477282,4.962641744123636,1.8408243257245342,1.7373867645847738,14.57088815504522,6.1
plot_11824,6.810643673933624,0.0,20.43193102180087,0.0,6.810643673933624,0.0,6.810643673933624,0.0,0.0,0.0,0.0,0.0,0.0,0.0,0.0,0.0,0.0
plot_10813,0.0,0.0,0.0,4.290041098593725,0.0,4.290041098593725,0.0,0.0,0.0,0.0,0.0,0.0,0.0,0.0,0.0,0.0,0.0
plot_11779,0.0,20.26979091710669,35.47213410493671,15.202343187830017,5.067447729276672,5.067447729276672,25.337238646383362,0.0,0.0,0.0,0.0,9.079754242923647,0.0,0.0,12.636995045552558,21.71674928847621,2.3333333333333335
plot_10814,10.807393337782376,27.01848334445594,2.701848334445594,0.0,0.0,2.701848334445594,2.701848334445594,0.0,0.0,0.0,0.0,11.881242715927852,3.59345828481264,0.0,0.0,27.14668580554546,14.928571428571429
plot_11778,11.804842346330465,23.60968469266093,0.0,0.0,0.0,0.0,0.0,0.0,0.0,0.0,0.0,17.80731973793281,16.99897297871587,0.0,0.0,34.806292716648684,4.05
plot_16812,3.489007011159589,1.7445035055797944,5.233510516739384,6.978014022319178,3.489007011159589,8.722517527898972,5.233510516739384,0.0,0.0,0.0,0.0,0.0,1.7445035055797944,0.0,6.576778216035826,10.065785227195413,1.4
plot_10394,0.0,0.0,0.0,16.880201211998447,0.0,0.0,0.0,0.0,0.0,0.0,0.0,0.0,0.0,0.0,0.0,0.0,0.0
plot_9184,0.0,2.8754099256275225,0.0,1.4377049628137613,0.0,1.4377049628137613,0.7188524814068806,0.0,0.0,0.0,0.0,0.0,0.7188524814068806,0.0,1.1094124887240824,1.828264970130963,1.75
plot_11830,0.0,0.0,0.0,0.5430444156027521,0.0,3.8013109092192647,0.0,0.0,0.0,0.0,0.0,0.0,0.0,0.9014537299005686,0.0,0.9014537299005686,35.0
plot_9759,5.537354067648009,5.537354067648009,0.0,7.383138756864012,0.0,0.0,3.691569378432006,0.0,0.0,0.0,0.0,0.0,0.0,0.0,2.7556161720827546,2.7556161720827546,3.0
plot_11875,0.0,0.0,0.0,0.0,0.0,0.0,0.0,0.0,0.0,0.0,0.0,0.0,0.0,0.0,0.0,0.0,0.0
plot_9185,13.544099588259373,1.5048999542510415,4.514699862753124,1.5048999542510415,24.078399268016664,13.544099588259373,10.53429967975729,0.0,0.0,0.0,0.0,7.003314766376096,0.0,4.003033878307771,6.159500643970197,19.250135725291756,6.011111111111111
plot_11815,0.0,0.0,0.0,5.170951661943864,0.0,5.170951661943864,0.0,0.0,0.0,0.0,0.0,0.0,0.0,0.0,0.0,0.0,0.0
plot_11924,0.0,0.0,0.0,10.527257702004917,0.0,0.0,0.0,0.0,0.0,0.0,0.0,0.0,0.0,0.0,0.0,0.0,0.0
plot_9159,3.412829508689064,0.0,0.0,1.706414754344532,0.0,1.706414754344532,1.706414754344532,0.0,0.0,0.0,0.0,2.6389174074981163,0.0,0.0,0.0,2.6389174074981163,4.5
plot_9100,0.0,0.0,0.0,15.593569212056947,0.0,0.0,0.0,0.0,0.0,0.0,0.0,0.0,0.0,0.0,14.683944341353627,14.683944341353627,3.75
plot_11874,0.0,0.0,0.0,0.0,0.0,0.0,0.0,0.0,0.0,0.0,0.0,0.0,0.0,0.0,0.0,0.0,0.0
plot_11812,0.0,5.250115502541056,0.0,0.0,0.0,0.0,0.0,0.0,0.0,0.0,0.0,0.0,0.0,0.0,2.625057751270528,2.625057751270528,0.0
plot_11813,0.8527664596718213,0.0,0.0,0.0,0.0,1.7055329193436426,0.0,0.0,0.0,0.0,0.0,0.0,0.0,0.8527664596718213,4.192306047471756,5.045072507143577,3.125
plot_9830,0.0,0.0,0.0,4.95549961347103,0.0,4.95549961347103,0.0,0.007875733470653075,0.0,0.0,0.0,0.0,0.0,0.0,0.0,0.0,0.0
plot_9829,0.0,4.958989159649697,24.794945798248484,0.0,0.0,0.0,0.0,0.9999976527705617,0.0,0.0,0.0,0.0,0.0,0.0,0.0,9.025694300100168,40.0
plot_9098,0.0,3.05875407770153,1.529377038850765,0.0,0.0,4.5881311165522956,4.5881311165522956,0.9869844400355415,0.0,0.0,0.0,0.0,0.0,0.0,3.6475642376590747,6.186330122151345,11.166666666666666
plot_9831,0.0,0.0,5.6267970583104985,2.8133985291552492,0.0,0.0,2.8133985291552492,0.006383964853711048,0.0,0.0,0.0,0.0,0.0,0.0,7.79311392576004,7.79311392576004,3.5
plot_9827,0.0,0.0,0.0,7.696866605604858,0.0,0.0,0.0,0.0538605184683026,0.0,0.0,0.0,0.0,0.0,0.0,0.0,0.0,0.0
plot_9832,0.0,0.0,0.0,0.0,0.0,0.0,0.0,0.0,0.0,0.0,0.0,0.0,0.0,0.0,0.0,0.0,0.0
plot_9828,0.0,9.155413138017853,0.0,0.0,0.0,0.0,0.0,0.1415461824830058,0.0,0.0,0.0,12.680247196154726,0.0,0.0,21.835660334172577,34.515907530327304,2.3333333333333335
plot_10815,0.0,7.23761824458807,0.0,0.0,7.23761824458807,0.0,0.0,0.0,0.0,0.0,0.0,0.0,0.0,0.0,0.0,0.0,0.0
plot_11820,0.0,0.0,0.0,0.0,0.0,0.0,0.0,0.0,0.0,0.0,0.0,0.0,0.0,0.0,0.0,0.0,0.0
plot_16125,9.107269057871232,3.6429076231484925,0.0,18.214538115742464,1.8214538115742462,1.8214538115742462,12.750176681019724,0.0,0.0,0.0,0.0,2.7333673298908994,0.0,0.0,8.39378222457057,13.6498630834918,11.8
plot_16116,0.0,26.297450462177693,6.574362615544423,13.148725231088846,0.0,6.574362615544423,26.297450462177693,0.0,0.0,0.0,0.0,0.0,0.0,0.0,27.110027403477503,38.02346934528125,9.875
plot_17603,0.0,0.0,0.0,8.724074957252032,0.0,0.0,0.0,0.0,0.0,0.0,0.0,0.0,0.0,0.0,2.9080249857506772,2.9080249857506772,0.0
plot_11780,9.739374342592232,0.0,0.0,0.0,0.0,0.0,19.478748685184463,0.0,0.0,0.0,0.0,14.0797407818581,0.0,0.0,17.460382073860316,31.540122855718415,3.5
plot_10816,1.838796397430098,1.838796397430098,0.0,1.838796397430098,0.0,0.0,3.677592794860196,0.0,0.0,0.0,0.0,0.0,0.0,0.0,2.669005272322914,5.721407292056877,19.0
plot_16115,0.0,34.78442353514097,0.0,17.392211767570483,17.392211767570483,0.0,0.0,0.0,0.0,0.0,0.0,0.0,0.0,0.0,0.0,0.0,0.0
plot_11821,0.0,0.0,0.0,18.01671951571058,4.504179878927645,4.504179878927645,9.00835975785529,0.0,0.0,0.0,0.0,0.0,0.0,0.0,6.681342955161517,6.681342955161517,3.0
plot_8901,6.881119035101965,17.89090949126511,0.0,1.376223807020393,5.504895228081572,0.0,11.009790456163143,0.0,0.0,0.0,0.0,1.4395397926724158,4.65851758676403,0.0,2.252615454733401,11.103120448210634,1.0
plot_9099,0.0,0.0,0.0,0.0,0.0,0.0,0.0,0.0,0.0,0.0,0.0,0.0,0.0,0.0,0.0,0.0,0.0
plot_18423,0.0,0.0,0.0,0.0,0.0,0.0,0.0,0.0,0.0,0.0,0.0,0.0,0.0,0.0,0.0,0.0,0.0
plot_9101,19.58729568002194,0.0,0.0,48.968239200054846,0.0,0.0,9.79364784001097,0.0,0.0,0.0,0.0,0.0,0.0,0.0,0.0,0.0,0.0
plot_9102,0.0,0.0,5.033624612410905,5.033624612410905,5.033624612410905,0.0,0.0,0.0,0.0,0.0,0.0,0.0,0.0,0.0,0.0,0.0,0.0
plot_9863,3.9373695746328403,6.562282624388067,6.562282624388067,2.624913049755227,6.562282624388067,14.437021773653747,5.249826099510454,0.0,0.0,0.0,0.0,1.3124565248776134,1.3124565248776134,2.1786778312968385,5.741429928796608,10.545020809848673,9.333333333333334
plot_9229,0.0,12.246433226322834,0.0,0.0,0.0,3.498980921806524,13.995923687226096,0.8927978012810496,0.0,0.0,0.0,0.0,0.0,0.0,2.4242062061144005,2.4242062061144005,3.0
plot_9186,10.34599597023457,0.0,0.0,23.278490933027783,5.172997985117285,2.5864989925586426,2.5864989925586426,0.0,0.0,0.0,0.0,0.0,0.0,0.0,22.93957137881338,22.93957137881338,8.25
plot_9846,0.0,0.0,0.0,0.0,0.0,2.9735797439747844,0.0,0.0,0.0,0.0,0.0,0.0,0.0,0.0,0.0,0.0,0.0
plot_9843,0.0,0.0,0.0,18.378805561426564,0.0,4.594701390356641,0.0,0.0,0.0,0.0,0.0,0.0,0.0,0.0,12.727322851287894,12.727322851287894,3.5
plot_9864,0.0,0.0,1.863557755381955,0.0,0.0,3.72711551076391,1.863557755381955,0.0,0.0,0.0,0.0,0.0,0.0,3.0935058739340455,2.9773214016647747,6.07082727559882,24.5
plot_19725,0.0,0.0,0.0,0.0,11.857824682062075,2.964456170515519,0.0,0.0,0.0,0.0,0.0,0.0,0.0,0.0,4.105771796163993,4.105771796163993,3.5
plot_11542,0.0,0.0,0.0,17.56928888303246,0.0,0.0,0.0,0.0,0.0,0.0,0.0,0.0,0.0,0.0,0.0,0.0,0.0
plot_11578,18.400324827067614,24.53376643609015,5.520097448120284,17.173636505263104,9.81350657443606,4.90675328721803,20.240357309774375,0.0,0.0,0.0,0.0,6.444156741404833,12.215855527241883,3.1681034318195005,15.331651146276071,40.36170525609852,6.57391304347826
plot_11579,0.0,1.574208173288836,0.0,4.722624519866508,6.296832693155344,3.148416346577672,3.148416346577672,0.042506464510108824,0.0,0.0,0.0,0.0,0.0,2.613185567659468,4.602338231984955,7.215523799644423,15.666666666666666
plot_11914,0.0,0.0,0.0,5.662781369449295,15.100750318531452,7.550375159265726,1.8875937898164314,0.0,0.0,0.0,0.0,0.0,0.0,6.492208370391141,0.0,6.492208370391141,45.0
plot_11580,0.0,13.699568463593396,0.0,13.699568463593396,0.0,0.0,0.0,0.0,0.0,0.0,0.0,0.0,0.0,0.0,0.0,0.0,0.0
plot_11522,0.0,0.0,0.0,8.16446498260969,8.16446498260969,16.32892996521938,8.16446498260969,0.0,0.0,0.0,0.0,0.0,0.0,0.0,0.0,0.0,0.0
plot_18071,29.35076116307283,19.56717410871522,0.0,0.0,9.78358705435761,9.78358705435761,29.35076116307283,0.0,0.0,0.0,0.0,0.0,13.012170782295621,0.0,0.0,13.012170782295621,3.0
plot_18072,0.0,0.0,11.82522320108792,3.941741067029307,3.941741067029307,15.766964268117228,0.0,0.0,0.0,0.0,0.0,0.0,0.0,0.0,3.941741067029307,3.941741067029307,0.0
plot_18069,21.670350626273134,65.0110518788194,0.0,0.0,21.670350626273134,0.0,65.0110518788194,0.7606047873501625,0.0,0.0,0.0,0.0,0.0,0.0,0.0,0.0,0.0
plot_10387,3.810694842097508,8.891621298227518,35.56648519291007,29.21532712274756,1.2702316140325027,16.513010982422536,31.755790350812568,0.0,0.0,0.0,0.0,1.8064363208463994,1.2702316140325027,0.0,23.90439779803799,28.251297346949393,2.588235294117647
plot_10434,23.902450684122282,6.829271624034938,0.0,34.14635812017469,10.243907436052407,13.658543248069876,10.243907436052407,0.0,0.0,0.0,0.0,0.0,3.414635812017469,0.0,0.0,3.414635812017469,0.0
plot_11523,11.674605398337537,0.0,0.0,23.349210796675074,0.0,0.0,11.674605398337537,1.0000031264209812,0.0,0.0,0.0,0.0,0.0,0.0,0.0,0.0,0.0
plot_10433,0.0,0.0,0.0,0.0,0.0,0.0,0.0,0.0,0.0,0.0,0.0,0.0,0.0,0.0,0.0,0.0,0.0
plot_11581,1.772747901066485,1.772747901066485,0.0,8.863739505332425,5.318243703199455,7.09099160426594,0.0,0.0,0.0,0.0,0.0,0.0,0.0,0.0,5.318243703199455,5.318243703199455,0.0
plot_18967,11.895250424759569,5.947625212379784,1.9825417374599281,3.9650834749198562,7.9301669498397125,3.9650834749198562,7.9301669498397125,0.999999573080037,0.0,0.0,0.0,0.0,1.9825417374599281,3.4195198860269915,10.505106964676717,15.907168588163639,10.8
plot_11582,7.156147130385,7.156147130385,0.0,0.0,14.31229426077,0.0,0.0,0.0,0.0,0.0,0.0,0.0,0.0,12.391137835904356,0.0,12.391137835904356,39.0
plot_18073,0.0,4.023853402972823,0.0,0.0,0.0,12.07156020891847,0.0,0.2955189204967926,0.0,0.0,0.0,0.0,0.0,0.0,0.0,0.0,0.0
plot_18968,10.327164573694647,0.0,5.163582286847324,0.0,10.327164573694647,5.163582286847324,0.0,0.0,0.0,0.0,0.0,8.53259913223351,7.151561467283543,8.571546596166558,0.0,24.25570719568361,14.5
plot_10496,0.0,0.0,15.254133870278848,30.508267740557695,0.0,15.254133870278848,0.0,0.0,0.0,0.0,0.0,0.0,0.0,0.0,0.0,0.0,0.0
plot_17708,0.0,0.0,0.0,0.0,0.0,0.0,0.0,0.0,0.0,0.0,0.0,0.0,0.0,0.0,0.0,0.0,0.0
plot_11294,0.0,0.4252575785153067,0.0,1.0631439462882668,0.4252575785153067,0.21262878925765336,0.63788636777296,0.0,0.0,0.0,0.0,0.0,0.21262878925765336,0.0,0.7197484516371565,1.2268681140166597,1.4
plot_11850,0.0,0.0,0.0,1.7683028183210316,1.7683028183210316,0.0,0.0,0.0,0.0,0.0,0.0,0.0,2.4490994033746287,2.9353826784129127,1.7683028183210316,7.152784900108573,13.166666666666666
plot_9421,13.268817394535015,4.422939131511672,0.0,0.0,8.845878263023344,4.422939131511672,17.69175652604669,0.0,0.0,0.0,0.0,0.0,0.0,0.0,12.008279742054189,12.008279742054189,3.25
plot_11847,0.0,4.711025684512032,0.0,4.711025684512032,4.711025684512032,0.0,0.0,0.0,0.0,0.0,0.0,13.050045620595245,0.0,0.0,0.0,13.050045620595245,3.25
plot_9420,16.860705283302,0.0,0.0,8.430352641651,8.430352641651,0.0,16.860705283302,0.0,0.0,0.0,0.0,0.0,0.0,0.0,0.0,0.0,0.0
plot_9419,0.0,8.210045812055633,8.210045812055633,8.210045812055633,20.525114530139078,4.105022906027816,28.73516034219471,0.0,0.0,0.0,0.0,0.0,0.0,7.102210106149866,28.92976864813894,36.03197875428881,8.416666666666666
plot_11692,0.0,0.0,0.0,0.0,0.0,0.0,0.0,0.0,0.0,0.0,0.0,0.0,0.0,0.0,0.0,0.0,0.0
plot_11056,0.0,0.0,33.67230116506162,33.67230116506162,33.67230116506162,101.01690349518485,0.0,0.0,0.0,0.0,0.0,0.0,0.0,0.0,0.0,0.0,0.0
plot_11693,0.0,0.0,0.0,26.181094631566545,0.0,13.090547315783272,0.0,0.0,0.0,0.0,0.0,0.0,0.0,0.0,0.0,0.0,0.0
plot_18840,0.0,0.0,0.0,0.0,0.0,0.0,0.0,0.8481348853524143,0.0,0.0,0.0,0.0,0.0,0.0,0.0,0.0,0.0
plot_11913,78.44367743959836,72.4095484057831,0.0,0.0,0.0,6.034129033815259,18.102387101445775,0.0,0.0,0.0,0.0,0.0,37.66995672929303,0.0,54.85834027169652,92.52829700098955,2.8363636363636364
plot_18070,0.0,0.0,53.13590393028569,30.99594395933332,0.0,35.423935953523795,26.567951965142846,0.004872682652582724,0.0,0.0,0.0,0.0,0.0,0.0,5.889229352273331,5.889229352273331,3.0
plot_11951,13.507489903151297,20.261234854726947,0.0,0.0,0.0,0.0,13.507489903151297,0.0,0.0,0.0,0.0,0.0,16.107681709507922,0.0,0.0,16.107681709507922,1.75
plot_9300,29.140848316586176,0.0,2.6491680287805615,10.596672115122246,2.6491680287805615,0.0,2.6491680287805615,0.0,0.0,0.0,0.0,11.675261387763305,6.318265748641639,0.0,0.0,17.993527136404943,2.96
plot_11950,0.0,4.44586712192346,0.0,4.44586712192346,0.0,4.44586712192346,0.0,0.0,0.0,0.0,0.0,0.0,6.157525963863992,0.0,6.157525963863992,12.315051927727984,3.5
plot_12573,0.0,0.0,0.0,0.0,0.0,0.0,0.0,0.0,0.0,0.0,0.0,0.0,15.229989333509277,0.0,20.475029648476795,35.70501898198607,4.0
plot_11577,0.0,0.0,0.0,0.0,0.0,0.0,0.0,0.0,0.0,0.0,0.0,0.0,0.0,0.0,15.264457313982973,15.264457313982973,3.5
plot_10717,4.255608892520342,17.022435570081367,0.0,0.0,0.0,0.0,8.511217785040683,0.0,0.0,0.0,0.0,6.068561961860988,4.255608892520342,0.0,13.775078356457218,24.099249210838547,2.725
plot_18470,10.716390719605638,10.716390719605638,10.716390719605638,21.432781439211276,0.0,0.0,42.86556287842255,0.0,0.0,0.0,0.0,15.431602636232117,0.0,0.0,29.095000803729302,44.52660343996143,3.5
plot_7413,0.0,0.0,0.0,0.0,0.0,0.0,0.0,0.0,0.0,0.0,0.0,0.0,0.0,0.0,0.0,0.0,0.0
plot_11057,0.0,0.0,0.0,0.0,0.0,0.0,0.0,0.0,0.0,0.0,0.0,0.0,0.0,0.0,0.0,0.0,0.0
plot_7414,0.0,0.0,0.0,0.0,0.0,0.0,0.0,0.0,0.0,0.0,0.0,0.0,0.0,0.0,0.0,0.0,0.0
plot_11848,0.0,0.0,0.9896159597345058,4.948079798672529,0.0,0.9896159597345058,0.0,0.0,0.0,0.0,0.0,0.0,0.0,0.0,1.3706181042322905,2.686807330679183,3.25
plot_8995,0.0,0.0,5.1259181800940095,0.0,0.0,0.0,0.0,0.0,0.0,0.0,0.0,0.0,0.0,0.0,0.0,0.0,0.0
plot_8997,2.908075726291912,2.908075726291912,8.724227178875736,0.9693585754306374,1.9387171508612748,3.8774343017225497,4.846792877153187,0.0,0.0,0.0,0.0,0.0,0.0,0.0,1.3425616269714329,1.3425616269714329,3.5
plot_9000,4.174816255899537,4.174816255899537,1.0437040639748842,4.174816255899537,2.0874081279497685,2.0874081279497685,8.349632511799074,0.0,0.0,0.0,0.0,1.5016390974575973,1.4455301286052147,0.0,4.338742430698747,7.285911656761559,3.2
plot_7412,0.0,0.0,0.0,0.0,6.517502753644914,0.0,6.517502753644914,0.0,0.0,0.0,0.0,0.0,0.0,0.0,0.0,0.0,0.0
plot_7411,0.0,0.0,0.0,0.0,0.0,0.0,0.0,0.0,0.0,0.0,0.0,0.0,0.0,0.0,0.0,0.0,0.0
plot_19921,2.1545130585036474,2.1545130585036474,2.1545130585036474,21.545130585036475,0.0,8.61805223401459,15.081591409525533,0.0,0.0,0.0,0.0,0.0,0.0,0.0,14.152464756023438,14.152464756023438,3.05
plot_19929,4.427991994190474,4.427991994190474,0.0,5.9039893255872995,2.9519946627936497,2.9519946627936497,1.4759973313968249,0.0,0.0,0.0,0.0,1.9630764507577771,0.0,0.0,2.0442563039846022,4.00733275474238,3.25
plot_17628,0.5810534731890307,0.0,1.1621069463780613,6.972641678268368,0.5810534731890307,2.905267365945153,1.743160419567092,0.0,0.0,0.0,0.0,0.0,0.0,0.0,0.0,0.0,0.0
plot_11849,3.7215672263903774,0.0,0.0,0.0,1.8607836131951887,0.0,7.443134452780755,0.0,0.0,0.0,0.0,0.0,0.0,0.0,9.178282176833575,9.178282176833575,14.333333333333334
plot_10495,0.0,0.6182330528409973,0.0,11.128194951137951,0.0,8.655262739773962,0.0,0.0,0.0,0.0,0.0,0.0,0.6182330528409973,0.0,4.739240044803394,5.975706150485388,1.375
plot_8784,0.0,0.0,38.3202326038119,4.790029075476488,0.0,0.0,0.0,0.0,0.0,0.0,0.019975662201443065,0.0,0.0,0.0,14.370087226429463,14.370087226429463,0.0
plot_10364,0.0,0.0,0.0,0.0,2.286911320439727,0.0,0.0,0.0,0.0,0.0,0.6173416041002733,0.0,0.0,3.7962727919299475,0.0,3.7962727919299475,36.0
plot_11843,0.0,0.0,0.0,0.0,0.0,0.0,0.0,0.0,0.0,0.0,0.0,0.0,0.0,0.0,0.0,0.0,0.0
plot_10497,0.0,0.0,0.0,3.264485337564106,0.0,0.0,0.0,0.0,0.0,0.0,0.0,0.0,0.0,0.0,0.0,0.0,0.0
plot_10363,0.0,1.3830742143792691,0.0,78.83523021961834,0.0,12.447667929413424,4.149222643137808,0.0,0.0,0.0,0.0,0.0,1.5627796661354254,0.0,11.926224029032936,13.48900369516836,1.625
plot_11928,0.0,0.0,1.414177125684992,1.414177125684992,1.414177125684992,4.242531377054976,7.070885628424961,0.1652789261013955,0.0,0.0,0.0,0.0,0.0,0.0,5.409227505745095,5.409227505745095,2.5
plot_8785,0.0,0.0,0.0,0.0,10.588285121341748,0.0,0.0,0.0,0.0,0.0,0.0,0.0,0.0,0.0,0.0,0.0,0.0
plot_18391,0.0,0.0,0.0,5.684369688667072,0.0,22.737478754668288,0.0,0.0,0.0,0.0,0.0,0.0,0.0,0.0,5.684369688667072,5.684369688667072,0.0
plot_18120,0.0,6.031654120826095,0.0,0.0,0.0,0.0,0.0,0.0,0.0,0.0,0.0,0.0,0.0,0.0,14.87103787636935,14.87103787636935,1.75
plot_18390,0.0,0.0,0.0,0.0,0.0,0.0,0.0,0.0,0.0,0.0,0.0,0.0,0.0,0.0,0.0,0.0,0.0
plot_18469,0.0,2.8332063112503794,0.0,0.9444021037501265,0.0,1.888804207500253,2.8332063112503794,9.856570417999929e-06,0.0,0.0,0.0,0.0,0.0,0.0,0.0,0.0,0.0
plot_16290,0.0,0.0,0.0,21.09942046925111,0.0,21.09942046925111,0.0,0.0,0.0,0.0,0.0,0.0,0.0,0.0,24.203742585179526,24.203742585179526,3.85
plot_18964,5.307510525456811,1.3268776313642028,1.3268776313642028,1.3268776313642028,0.0,0.0,3.980632894092608,0.684125646982803,0.05679430268208201,0.0,0.0,1.9955831822849486,0.0,2.2026168680645766,4.1644319880105956,8.36263203836012,11.625
plot_18392,11.720672922901413,35.162018768704236,3.9068909743004707,0.0,0.0,3.9068909743004707,3.9068909743004707,0.0,0.0,0.0,0.0,11.189532856745348,5.411043999406152,0.0,6.505842230702254,27.013310061154225,2.9
plot_19354,0.0,10.948105977665863,0.0,54.74052988832931,0.0,10.948105977665863,0.0,0.0,0.0,0.0,0.0,29.724107729362817,0.0,0.0,0.0,44.285088679658415,3.1666666666666665
plot_18471,0.0,0.0,0.0,3.3829041555594648,0.0,0.0,0.0,0.01665005277074013,0.0,0.0,0.0,0.0,0.0,0.0,2.3426611277249294,2.3426611277249294,3.5
plot_11691,5.5487429322886905,5.5487429322886905,2.7743714661443453,5.5487429322886905,5.5487429322886905,2.7743714661443453,5.5487429322886905,0.0,0.0,0.0,0.0,0.0,0.0,0.0,11.662817330030055,11.662817330030055,2.6666666666666665
plot_8999,0.0,6.9963828700561805,0.0,0.0,0.0,0.0,0.0,0.0,0.0,0.0,0.0,9.68999027502781,0.0,0.0,17.269652084389847,26.959642359417657,2.3333333333333335
plot_8998,0.0,0.0,6.062222653313611,6.062222653313611,0.0,6.062222653313611,6.062222653313611,0.0,0.0,0.0,0.0,0.0,6.062222653313611,0.0,24.18826838672131,30.25049104003492,9.5
plot_11645,0.0,2.6824825839818236,8.047447751945471,5.364965167963647,0.0,0.0,0.0,0.0,0.0,0.0,0.0,0.0,0.0,0.0,3.5677018366958255,3.5677018366958255,3.0
plot_16228,0.0,0.0,0.0,0.0,9.728856762041893,0.0,0.0,0.0,0.0,0.0,0.0,0.0,0.0,0.0,0.0,0.0,0.0
plot_16121,0.0,16.314810585049106,0.0,0.0,0.0,0.0,16.314810585049106,0.0,0.0,0.0,0.0,23.374426949978236,0.0,0.0,16.314810585049106,39.68923753502734,1.75
plot_16126,0.0,2.324792047351364,0.0,2.324792047351364,2.324792047351364,2.324792047351364,4.649584094702728,0.0,0.0,0.0,0.0,0.0,0.0,0.0,5.874469084536461,5.874469084536461,2.0
plot_8711,0.0,0.0,0.0,0.0,0.6000549650347972,5.700522167830573,0.3000274825173986,0.9914284511982866,0.0,0.0,0.0,0.0,0.0,0.0,1.198758161560925,1.198758161560925,2.3333333333333335
plot_16122,31.39421718519449,0.0,0.0,0.0,0.0,0.0,0.0,0.0,0.0,0.0,0.0,0.0,0.0,0.0,0.0,0.0,0.0
plot_16222,0.7405388753287993,2.962155501315197,0.0,2.221616625986398,5.924311002630394,0.7405388753287993,3.702694376643996,0.0,0.0,0.0,0.0,0.0,0.0,1.229294533045807,4.741751686786722,7.02544801206682,8.950000000000001
plot_18966,0.0,0.0,1.3627078640508128,4.088123592152439,0.0,2.7254157281016256,0.0,0.6711899403536327,0.0,0.0,0.0,0.0,0.0,0.0,5.8413977223525775,5.8413977223525775,2.3000000000000003
plot_18074,0.0,0.0,17.570060616709128,0.0,0.0,21.96257577088641,13.177545462531846,0.0,0.0,0.0,0.0,0.0,0.0,0.0,6.083633488535535,6.083633488535535,3.5
plot_19420,0.0,10.309349205149177,0.0,0.0,0.0,3.4364497350497256,0.0,0.0,0.0,0.0,0.0,0.0,0.0,0.0,0.0,0.0,0.0
plot_18394,0.0,0.0,0.0,0.0,0.0,0.0,0.0,0.0,0.0,0.0,0.0,0.0,0.0,0.0,0.0,0.0,0.0
plot_18965,0.0,0.0,0.0,0.0,6.842285323297982,0.0,0.0,0.0,0.0,0.0,0.0,0.0,0.0,0.0,0.0,0.0,0.0
plot_18142,5.920032204975195,5.920032204975195,5.920032204975195,0.0,5.920032204975195,0.0,0.0,0.016673210046990284,0.0,0.0,0.0,0.0,0.0,0.0,0.0,5.920032204975195,0.0
plot_18645,0.0,1.1165424699259288,0.0,4.466169879703715,1.1165424699259288,1.1165424699259288,1.1165424699259288,0.0,0.0,0.0,0.0,0.0,0.0,1.8534605000770417,1.1165424699259288,2.9700029700029704,20.0
plot_18393,0.0,0.0,0.0,8.324731111185109,0.0,0.0,0.0,0.0,0.0,0.0,0.0,0.0,0.0,0.0,0.0,0.0,0.0
plot_18892,22.260146916969653,7.420048972323217,0.0,14.840097944646434,0.0,0.0,0.0,0.0,0.0,0.0,0.0,13.02489095513346,0.0,0.0,0.0,13.02489095513346,35.0
plot_10812,0.0,0.0,0.0,9.39364050537786,0.0,0.0,0.0,0.0,0.0,0.0,0.0,0.0,9.39364050537786,0.0,0.0,9.39364050537786,0.0
plot_10716,11.73364623056615,4.693458492226459,4.693458492226459,11.73364623056615,0.0,14.080375476679379,14.080375476679379,0.0,0.0,0.0,0.0,3.356740223801122,3.5494511598264173,0.0,3.5083602229392787,10.414551606566818,3.8333333333333335
plot_10715,0.0,0.0,0.0,0.0,0.0,19.94079118923811,1.5339070145567775,0.002862139043577353,0.0,0.0,0.0,0.0,0.0,0.0,2.124461215161137,2.124461215161137,3.5
plot_11770,0.0,0.0,0.0,3.0506685540136123,0.0,3.0506685540136123,0.0,0.0,0.0,0.0,0.0,0.0,0.0,0.0,4.057389176838104,4.057389176838104,3.0
plot_10783,46.42051415361477,46.42051415361477,0.0,0.0,9.284102830722954,0.0,18.56820566144591,0.0,0.0,0.0,0.0,0.0,12.858482420551292,0.0,12.858482420551292,25.716964841102584,3.5
plot_11505,24.311084639041173,0.0,0.0,6.077771159760293,0.0,6.077771159760293,12.155542319520587,0.0,0.0,0.0,0.0,0.0,0.0,0.0,0.0,0.0,0.0
plot_10713,0.0,0.0,0.0,0.0,5.843271764726507,0.0,5.843271764726507,0.08049136093425234,0.0,0.0,0.0,0.0,0.0,0.0,0.0,0.0,0.0
plot_10607,20.45387140651047,6.81795713550349,0.0,3.408978567751745,0.0,10.226935703255235,10.226935703255235,0.0,0.0,0.0,0.0,10.270756440367029,0.0,0.0,3.408978567751745,18.213676503228594,2.825
plot_10714,17.019248770359276,8.509624385179638,0.0,0.0,8.509624385179638,0.0,8.509624385179638,0.0,0.0,0.0,0.0,0.0,0.0,0.0,0.0,0.0,0.0
plot_10606,0.0,0.0,0.0,0.0,0.0,0.0,0.0,0.0,0.0,0.0,0.0,0.0,0.0,0.0,6.851145168914985,6.851145168914985,0.0
plot_11769,29.40294382273553,11.761177529094212,0.0,5.880588764547106,5.880588764547106,0.0,29.40294382273553,0.0,0.0,0.0,0.0,0.0,0.0,0.0,11.466958834707036,11.466958834707036,4.1
plot_18055,5.330859814379462,0.0,5.330859814379462,21.323439257517848,5.330859814379462,10.661719628758924,10.661719628758924,0.0,0.0,0.0,0.0,8.626969179219987,0.0,0.0,10.710364563476592,19.33733374269658,4.75
plot_19050,8.456051784861131,8.456051784861131,0.0,93.01656963347243,0.0,4.228025892430566,0.0,0.0,0.0,0.0,0.0,0.0,0.0,0.0,0.0,0.0,0.0
plot_18141,0.0,7.787919379458584,3.893959689729292,3.893959689729292,0.0,0.0,7.787919379458584,0.0,0.0,0.0,0.0,0.0,15.575838758917168,12.92794616990125,7.535424277944913,36.03920920676333,9.914285714285715
plot_18056,0.0,0.0,0.0,0.0,0.0,0.0,0.0,0.0,0.0,0.0,0.0,34.88732496558356,0.0,0.0,0.0,34.88732496558356,4.5
plot_18214,38.337090368189415,7.667418073637883,7.667418073637883,0.0,26.83596325773259,0.0,26.83596325773259,0.0,0.0,0.0,0.0,3.8337090368189415,9.143396052813173,0.0,29.76509404788746,42.74219913751958,5.722222222222222
plot_19049,6.990025233991095,6.990025233991095,13.98005046798219,6.990025233991095,6.990025233991095,6.990025233991095,13.98005046798219,0.0,0.0,0.0,0.0,9.681184949077666,0.0,0.0,28.606888989918513,49.891515827421394,11.1
plot_18052,5.529872370545688,0.0,0.0,5.529872370545688,11.059744741091375,0.0,0.0,0.0,0.0,0.0,0.0,8.424537644248046,0.0,0.0,0.0,8.424537644248046,4.0
plot_18051,1.8126581544239733,9.063290772119867,1.8126581544239733,3.6253163088479465,3.6253163088479465,1.8126581544239733,38.06582124290344,0.0,0.0,0.0,0.0,2.510531543877203,3.6253163088479465,0.0,16.537370949592198,22.673218802317347,2.6666666666666665
plot_18213,0.0,0.0,0.0,0.0,0.0,15.086187388550792,6.0344749554203165,0.0,0.0,0.0,0.0,0.0,0.0,0.0,10.114744587386069,10.114744587386069,4.3
plot_19493,0.0,0.0,0.0,1.9320834041763915,0.0,0.0,0.0,0.0,0.0,0.0,0.0,2.7476765635904576,0.0,0.0,6.540102323137084,9.287778886727542,1.75
plot_18701,0.0,0.0,0.0,0.0,10.86826575083414,10.86826575083414,0.0,0.0,0.0,0.0,0.0,0.0,0.0,0.0,0.0,0.0,0.0
plot_18841,0.0,20.060582960540835,0.0,0.0,0.0,10.030291480270417,0.0,0.0,0.0,0.0,0.0,0.0,0.0,0.0,0.0,0.0,0.0
plot_18716,0.0,0.0,0.0,0.0,0.0,9.798830019695648,0.0,0.0,0.0,0.0,0.0,0.0,0.0,0.0,13.571379577278474,13.571379577278474,3.5
plot_18699,0.0,0.0,9.185098096847675,0.0,0.0,0.0,0.0,0.0,0.0,0.0,0.0,0.0,0.0,0.0,0.0,0.0,0.0
plot_19613,0.0,0.0,0.0,4.550853512576284,4.550853512576284,9.101707025152567,4.550853512576284,0.0,0.0,0.0,0.0,0.0,0.0,7.554416830876632,0.0,7.554416830876632,35.0
plot_18647,66.67901463233933,14.817558807186517,37.043897017966295,9.878372538124344,9.878372538124344,14.817558807186517,56.80064209421498,0.0,0.0,0.0,0.0,3.6614808175137648,0.0,8.56903218451078,30.007814936517825,42.23832793854237,10.009090909090908
plot_18715,9.455996520193281,0.0,18.911993040386562,9.455996520193281,0.0,0.0,18.911993040386562,0.0,0.0,0.0,0.0,0.0,0.0,0.0,0.0,0.0,0.0
plot_18644,4.26891306358546,9.960797148366073,0.0,2.845942042390307,8.53782612717092,2.845942042390307,4.26891306358546,0.0,0.0,0.0,0.0,0.0,0.0,0.0,6.716637515539222,6.716637515539222,3.8333333333333335
plot_11739,1.9249426367094262,3.8498852734188524,7.699770546837705,11.549655820256557,11.549655820256557,19.249426367094262,23.099311640513115,0.0,0.0,0.0,0.0,0.0,0.0,0.0,10.429222468114606,10.429222468114606,2.0
plot_18648,5.610538836149825,0.0,0.0,0.0,0.0,2.8052694180749125,0.0,0.865291146212539,0.0,0.0,0.0,0.0,0.0,0.0,0.0,0.0,0.0
plot_10708,0.0,0.0,0.0,0.0,0.0,0.0,0.0,0.0,0.0,0.0,0.0,0.0,0.0,0.0,0.0,0.0,0.0
plot_10503,5.738617452283396,5.738617452283396,0.0,0.0,0.0,5.738617452283396,28.69308726141698,0.0,0.0,0.0,0.0,8.574116021530893,0.0,0.0,5.738617452283396,14.312733473814289,2.0
plot_18969,4.476596354259929,13.429789062779786,0.0,4.476596354259929,4.476596354259929,8.953192708519857,8.953192708519857,0.0,0.0,0.0,0.0,0.0,4.8298529171032865,0.0,6.722488091690603,18.30024138051104,2.3333333333333335
plot_18652,10.393362798516867,18.188384897404518,0.0,10.393362798516867,2.5983406996292167,0.0,18.188384897404518,0.0,0.0,0.0,0.0,0.0,10.71739856681752,0.0,12.579766625752608,27.776168768093388,8.585714285714285
plot_19142,0.0,4.369636271476763,0.0,0.0,4.369636271476763,4.369636271476763,4.369636271476763,0.0,0.0,0.0,0.0,0.0,0.0,7.253596210651426,4.369636271476763,11.623232482128188,17.0
plot_18404,22.0566016511572,19.85094148604148,15.439621155810041,35.29056264185152,4.41132033023144,15.439621155810041,30.879242311620082,0.0,0.0,0.0,0.0,0.0,22.90984647226714,0.0,19.037515612923478,41.94736208519062,3.8800000000000003
plot_18650,11.257965010244748,16.886947515367122,0.0,0.0,0.0,0.0,22.515930020489495,0.0,0.0,0.0,0.0,8.341265039722474,32.47922905455609,9.344110958503142,28.673229738820442,78.83783479160216,5.7
plot_18651,6.785940887668927,0.0,0.0,0.0,0.0,0.0,6.785940887668927,0.0,0.0,0.0,0.0,4.877936033076576,0.0,0.0,0.0,4.877936033076576,3.5
plot_19145,0.0,2.3758273818857414,2.3758273818857414,0.0,0.0,7.127482145657224,0.0,0.0,0.0,0.0,0.0,0.0,0.0,0.0,3.290520923911752,3.290520923911752,3.5
plot_19786,2.8015461733330627,2.8015461733330627,1.4007730866665313,2.1011596299997968,2.1011596299997968,0.7003865433332657,1.4007730866665313,0.8485568250798277,0.0,0.0,0.0,0.0,1.009285987141734,0.0,1.031773002607722,2.041058989749456,3.5
plot_19143,4.0438678787486655,16.175471514994662,4.0438678787486655,0.0,4.0438678787486655,0.0,8.087735757497331,0.0,0.0,0.0,0.0,0.0,12.131603636245996,0.0,27.376985539128462,39.50858917537446,0.7777777777777778
plot_19144,0.0,4.552593840340534,13.657781521021601,4.552593840340534,0.0,31.868156882383737,0.0,0.0,0.0,0.0,0.0,0.0,7.246018404860576,0.0,16.91288611686508,24.158904521725656,2.75
plot_19845,0.0,3.013609460322818,3.013609460322818,3.013609460322818,3.013609460322818,0.0,9.040828380968453,0.0,0.0,0.0,0.0,4.008100582229348,0.0,0.0,4.512489888557237,12.528691053015931,3.0
plot_8105,3.309837167044172,2.2065581113627815,5.516395278406954,9.561751815905387,1.8387984261356514,4.413116222725563,2.942077481817042,0.0,0.0,0.0,0.0,0.0,0.0,0.6104810774770363,2.53727853646659,3.5155192991707565,7.142857142857143
plot_7793,10.42959501882542,20.85919003765084,10.42959501882542,0.0,0.0,10.42959501882542,0.0,0.019269600906030998,0.0,0.0,0.0,0.0,0.0,0.0,0.0,0.0,0.0
plot_11662,0.7803836522111001,0.0,0.0,7.0234528698999,1.5607673044222001,2.3411509566333004,0.0,0.0,0.0,0.0,0.0,1.9159408115666374,0.0,0.0,1.0808313583123736,2.9967721698790113,2.3333333333333335
plot_19774,0.0,2.485830764641543,0.0,0.0,0.0,0.0,0.0,0.0,0.0,0.0,0.0,0.0,0.0,0.0,0.0,0.0,0.0
plot_8107,0.0,4.975186258535554,2.487593129267777,0.0,0.0,2.487593129267777,2.487593129267777,0.0,0.0,0.0,0.0,0.0,0.0,0.0,0.0,0.0,0.0
plot_10944,0.0,0.0,0.0,0.0,0.0,0.0,0.0,0.0,0.0,0.0,0.0,0.0,0.0,0.0,0.0,0.0,0.0
plot_18979,0.0,0.0,7.717478545409644,7.717478545409644,3.858739272704822,19.29369636352411,3.858739272704822,0.0,0.0,0.0,0.0,0.0,0.0,6.702855706439433,10.060685191684207,16.76354089812364,18.0
plot_18713,0.0,0.0,0.0,0.0,0.0,0.0,0.0,0.7178749250014398,0.0,0.0,0.0,0.0,0.0,0.0,0.0,0.0,0.0
plot_11738,3.5768769214535707,3.5768769214535707,42.92252305744285,8.942192303633927,1.7884384607267854,12.519069225087499,8.942192303633927,0.0,0.0,0.0,0.0,5.255570083803116,0.0,0.0,23.658791910810322,28.914361994613433,2.533333333333333
plot_19141,0.0,0.0,0.0,0.0,0.0,0.0,0.0,0.06393990677923629,0.0,0.0,0.0,0.0,0.0,0.0,0.0,0.0,0.0
plot_18714,0.0,0.0,0.0,0.0,0.0,0.0,0.0,0.0,0.0,0.0,0.0,0.0,0.0,0.0,0.0,0.0,0.0
plot_18891,0.0,3.9998080092155575,15.99923203686223,0.0,0.0,7.999616018431115,3.9998080092155575,0.00018658490940416482,0.0,0.0,0.0,0.0,0.0,0.0,5.539734092763547,9.539542101979103,1.75
plot_18646,8.268426187759422,0.0,4.134213093879711,12.402639281639132,0.0,0.0,4.134213093879711,0.0,0.0,0.0,0.0,0.0,0.0,0.0,0.0,0.0,0.0
plot_11740,0.0,0.0,0.0,0.0,0.0,0.0,0.0,0.0,0.0,0.0,0.0,0.0,0.0,0.0,0.0,0.0,0.0
plot_11604,0.0,0.0,0.0,0.91276603707108,0.0,0.91276603707108,0.0,0.0,0.0,0.0,0.0,0.0,0.0,0.0,0.0,0.0,0.0
plot_17710,0.0,0.0,7.4576498707962156,0.0,11.186474806194324,7.4576498707962156,3.7288249353981078,0.0,0.0,0.0,0.0,0.0,0.0,0.0,3.7288249353981078,3.7288249353981078,0.0
plot_8104,0.0,6.827538649558371,0.0,2.275846216519457,6.827538649558371,9.103384866077828,2.275846216519457,0.0,0.0,0.0,0.0,4.366399237757056,0.0,0.0,2.645976288070564,7.012375525827621,2.3
plot_10782,3.6614881019944128,7.3229762039888255,0.0,0.0,3.6614881019944128,0.0,3.6614881019944128,0.0,0.0,0.0,0.0,5.071161021262261,5.071161021262261,0.0,11.533829695730155,26.54593091390725,3.5799999999999996
plot_9746,0.0,4.465192706554233,24.558559886048283,8.930385413108466,13.3955781196627,8.930385413108466,20.09336717949405,0.04700420987756547,0.0,0.0,0.0,0.0,2.2325963532771165,3.875180122639234,23.71514750409962,37.0095830329617,7.923076923076923
plot_9748,15.983888240653423,0.0,0.0,0.0,7.991944120326711,0.0,0.0,0.029741122016779968,0.0,0.0,0.0,0.0,0.0,0.0,0.0,0.0,0.0
plot_9747,2.604170057513096,6.510425143782739,3.9062550862696437,1.302085028756548,2.604170057513096,1.302085028756548,7.812510172539287,0.9726138095204272,0.0,0.0,0.0,2.0030855073016145,0.0,0.0,8.30466579477676,12.469212449814243,7.142857142857143
plot_9749,0.0,0.0,0.0,0.0,0.0,0.0,0.0,0.009198839268345745,0.0,0.0,0.0,0.0,0.0,0.0,0.0,0.0,0.0
plot_9745,11.069879227617626,2.459973161692806,3.6899597425392088,11.069879227617626,13.529852389310433,9.839892646771224,19.679785293542448,0.039809096295369,0.0,0.0,0.0,1.9351869263918022,0.0,0.0,10.248969191701491,14.225933842298325,8.77142857142857
plot_9706,2.0292290147281444,4.058458029456289,12.175374088368866,5.073072536820361,9.13153056627665,5.073072536820361,14.20460310309701,0.9518383664840774,0.0,0.0,0.0,0.0,2.0292290147281444,5.05278024667308,3.3410809084454036,11.437704677210698,18.1875
plot_7803,0.31055225507520023,0.6211045101504005,0.0,3.105522550752002,1.8633135304512012,1.242209020300801,3.105522550752002,0.9920100703591969,0.0,0.0,0.0,0.44702411702830047,0.0,1.5683282632671127,1.1116277397332133,3.1269801200286267,19.483333333333334
plot_7486,0.0,8.202553865145914,47.16468472458901,30.759576994297177,26.65830006172422,18.455746196578307,20.506384662864786,0.0,0.0,0.0,0.0,0.0,6.415212639495726,10.590667521605981,39.49399192344994,56.499872084551654,9.485
plot_7632,4.962933093458234,2.481466546729117,6.203666366822793,7.444399640187351,31.01833183411396,14.888799280374702,3.7221998200936754,0.0,0.0,0.0,0.0,0.0,0.0,4.119234467570334,7.3137867629616045,13.151436814141851,18.857142857142858
plot_8106,0.0,0.0,0.0,12.336845221939845,0.0,0.0,0.0,0.0,0.0,0.0,0.0,0.0,0.0,0.0,0.0,0.0,0.0
plot_7533,1.422979795584209,2.845959591168418,0.9486531970561393,2.845959591168418,1.422979795584209,2.371632992640348,9.012205372033323,0.7258802833227725,0.0,0.0,0.0,0.0,1.3530042307414902,1.652364173434873,3.8037913232726153,6.809159727448979,10.7
plot_7802,0.0,0.0,0.0,0.0,0.0,6.428098504181477,0.0,0.8694412321330783,0.0,0.0,0.0,0.0,0.0,0.0,0.0,0.0,0.0
plot_11696,0.0,1.9672840659827078,0.0,0.0,1.9672840659827078,0.0,1.9672840659827078,1.0000005641307632,0.0,0.0,0.0,0.0,0.0,0.0,1.9672840659827078,1.9672840659827078,0.0
plot_7675,8.060724121716934,16.121448243433868,0.0,2.6869080405723116,0.0,8.060724121716934,13.434540202861557,0.8497795915428792,0.0,0.0,0.0,3.8415998460242458,3.5735876939611746,0.0,3.5735876939611746,10.988775233946594,3.1666666666666665
plot_14794,3.0879637349538966,4.117284979938529,1.0293212449846323,2.4017495716308086,1.3724283266461763,0.3431070816615441,12.008747858154043,0.9464579104227592,0.0,0.0,0.0,3.6534233713149087,0.6862141633230882,0.0,6.276069045171604,11.415146080081,2.3461538461538463
plot_14785,0.0,0.0,1.971309560654238,0.0,0.0,7.885238242616952,1.971309560654238,0.95142311589566,0.0,0.0,0.0,0.0,0.0,0.0,1.971309560654238,1.971309560654238,0.0
plot_14784,0.0,0.0,7.768197001475959,0.0,0.0,0.0,31.072788005903835,0.07349094654018914,0.0,0.0,0.0,0.0,0.0,0.0,0.0,0.0,0.0
plot_7727,0.0,0.0,0.0,37.14434291657381,6.190723819428968,18.572171458286906,0.0,0.08380408736423525,0.0,0.0,0.0,0.0,0.0,0.0,6.190723819428968,6.190723819428968,0.0
plot_14783,1.9821959162799732,1.9821959162799732,0.0,3.9643918325599463,1.9821959162799732,3.9643918325599463,0.0,0.999999010623897,0.0,0.0,0.0,0.0,0.0,0.0,0.0,0.0,0.0
plot_10541,0.0,0.0,43.146222548215896,18.49123823494967,0.0,6.1637460783165565,67.80120686148213,0.0,0.0,0.0,0.0,0.0,0.0,0.0,37.59885107773099,37.59885107773099,2.0
plot_7787,2.261744958853205,4.749664413591731,2.261744958853205,3.166442942394487,4.52348991770641,3.3926174382798076,17.41543618316968,0.8596930979461225,0.0,0.0,0.0,1.3532118211043436,0.6293151177017834,1.942121728748794,12.929499433141785,16.854148100696705,9.906521739130435
plot_7763,0.0,1.5070000150700003,0.0,2.260500022605,3.0140000301400005,1.5070000150700003,0.0,0.0,0.0,0.0,0.0,1.0933855567370327,1.0021550100215502,0.0,1.0435975104359752,3.1391380771945583,3.3333333333333335
plot_7765,0.0,0.0,0.0,60.86575449189268,0.0,0.0,0.0,0.9999975007915163,0.0,0.0,0.0,0.0,0.0,0.0,0.0,0.0,0.0
plot_7764,7.586951202626602,0.0,13.277164604596553,9.483689003283253,0.0,20.864115807223154,7.586951202626602,0.0,0.0,0.0,0.0,2.9033174475443637,0.0,0.0,8.317195255879412,11.220512703423775,1.54
plot_7674,1.3398503655111798,2.6797007310223595,38.85566059982421,5.359401462044719,17.418054751645336,9.378952558578257,14.738354020622976,0.13345478962193172,0.0,0.0,0.0,0.0,0.0,9.135083457656027,10.738310281455314,23.437395711371078,17.375
plot_11713,5.646489125991242,3.387893475594745,1.1292978251982484,1.1292978251982484,3.387893475594745,10.163680426784236,3.387893475594745,0.8918209955555598,0.0,0.0,0.0,0.0,1.661015955658033,1.8746343898290925,4.445021818995082,7.980672164482208,9.1
plot_7672,12.646861681273792,25.293723362547585,12.646861681273792,37.94058504382137,0.0,12.646861681273792,12.646861681273792,0.0,0.0,0.0,0.0,0.0,0.0,0.0,0.0,0.0,0.0
plot_9750,0.0,0.0,0.0,0.0,0.0,0.5799084904402086,0.0,0.0,0.0,0.0,0.0,0.0,0.0,0.0,0.7712782922854775,1.351186782725686,1.5
plot_11048,0.0,0.0,0.0,0.0,0.785236301160108,0.0,0.785236301160108,0.0,0.0,0.0,0.0,0.0,0.0,0.0,0.0,0.0,0.0
plot_11660,2.247066214300137,1.2840378367429353,0.3210094591857338,2.247066214300137,0.0,7.062208102086144,1.926056755114403,0.8384136261962483,0.0,0.0,0.0,0.0,0.0,0.5593349759314299,1.6128446138054109,2.1721795897368406,15.25
plot_7633,0.0,11.68299365029295,0.0,5.841496825146475,11.68299365029295,5.841496825146475,11.68299365029295,0.7087420899639559,0.0,0.0,0.0,0.0,0.0,9.69688472974315,5.841496825146475,21.3798783800361,11.666666666666666
plot_12503,0.0,0.0,0.0,1.7479828278166996,0.0,0.0,0.5826609426055666,0.0,0.0,0.0,0.0,0.0,0.0,0.0,1.7479828278166996,2.9133047130278324,0.0
plot_18908,12.326200571935708,0.0,0.0,12.326200571935708,0.0,12.326200571935708,0.0,0.0,0.0,0.0,0.0,0.0,0.0,0.0,12.326200571935708,12.326200571935708,0.0
plot_12506,0.0,0.0,0.0,0.0,0.0,0.0,0.0,0.0,0.0,0.0,0.0,0.0,0.0,0.0,3.1982143313916134,3.1982143313916134,3.5
plot_12466,0.0,0.0,0.0,0.8891750056462613,0.0,1.7783500112925226,1.7783500112925226,0.0,0.0,0.0,0.0,0.0,0.0,0.0,1.3122305244396495,1.3122305244396495,3.5
plot_12457,0.792000792000792,0.0,0.0,0.0,0.0,0.792000792000792,0.0,0.0,0.0,0.0,0.0,0.0,0.0,0.0,1.1825988790224957,1.1825988790224957,3.0
plot_12507,0.0,0.0,0.0,0.0,0.0,45.79383614965426,0.0,0.0,0.0,0.0,0.0,0.0,0.0,0.0,0.0,0.0,0.0
plot_12504,0.0,1.2470196231007893,0.6235098115503946,1.2470196231007893,0.0,0.0,0.0,0.0,0.0,0.0,0.0,0.0,0.0,0.0,0.6235098115503946,0.6235098115503946,0.0
plot_12505,0.0,0.0,0.0,0.0,0.0,0.0,0.0,0.0,0.0,0.0,0.0,0.0,0.0,0.0,0.0,0.0,0.0
plot_7673,0.0,0.0,0.0,0.0,0.0,10.504312020084244,0.0,0.10181045617195747,0.0,0.0,0.0,0.0,0.0,0.0,0.0,0.0,0.0
plot_11798,0.0,0.0,0.0,2.5749702590935075,0.0,5.149940518187015,0.0,0.0,0.0,0.0,0.0,0.0,0.0,0.0,0.0,0.0,0.0
plot_11507,4.073778850841303,7.468594559875723,0.0,0.6789631418068839,0.6789631418068839,1.3579262836137678,3.3948157090344195,0.0,0.0,0.0,0.0,0.9206321791952032,0.6789631418068839,0.0,2.9772533768231857,5.255811839632157,0.9285714285714286
plot_11602,1.8992883366602533,18.992883366602534,1.8992883366602533,3.7985766733205066,1.8992883366602533,0.0,20.892171703262786,0.0,0.0,0.0,0.0,8.016166928993455,2.630514346274451,0.0,11.69011971214386,22.336800987411767,2.7222222222222223
plot_17602,5.275026704822694,2.637513352411347,0.0,0.0,2.637513352411347,0.0,0.0,0.0,0.0,0.0,0.0,0.0,0.0,0.0,0.0,0.0,0.0
plot_11506,2.0658510686647578,10.329255343323789,4.1317021373295155,10.329255343323789,2.0658510686647578,2.0658510686647578,10.329255343323789,0.0,0.0,0.0,0.0,2.86120373010069,0.0,0.0,2.86120373010069,5.72240746020138,3.5
plot_11058,0.0,0.0,0.5937307965195501,1.1874615930391001,3.5623847791173002,0.5937307965195501,0.0,0.0,0.0,0.0,0.9860823679598238,0.0,0.0,1.5793239187420032,1.1874615930391001,2.7667855117811033,9.25
plot_16216,0.0,0.0,0.0,0.0,0.0,0.0,0.0,0.0,0.0,0.0,0.12215957475810056,0.0,0.0,0.0,0.0,0.0,0.0
plot_16288,0.0,0.0,0.0,0.0,0.0,0.0,0.0,0.0,0.0,0.0,0.0,0.0,0.0,0.0,0.0,0.0,0.0
plot_6759,0.0,0.0,0.0,0.0,0.0,0.0,0.0,0.0,0.0,0.0,0.0,0.0,0.0,0.0,0.0,0.0,0.0
plot_8903,14.315191895147354,14.315191895147354,2.045027413592479,0.0,0.0,6.135082240777438,14.315191895147354,0.0,0.0,0.0,0.0,0.0,0.0,0.0,5.771626452843167,9.861681280028126,1.75
plot_16114,0.0,0.0,0.0,4.655666877723565,0.0,4.655666877723565,0.0,0.0,0.0,0.0,0.0,0.0,0.0,0.0,0.0,0.0,0.0
plot_16123,0.0,25.30668539361386,0.0,18.980014045210396,0.0,0.0,12.65334269680693,0.0,0.0,0.0,0.0,0.0,0.0,0.0,8.7624398175388,8.7624398175388,3.5
plot_16124,0.0,0.0,17.51804358489244,8.75902179244622,0.0,0.0,0.0,0.0,0.0,0.0,0.0,0.0,0.0,0.0,8.75902179244622,8.75902179244622,0.0
plot_16229,17.662093866459433,17.662093866459433,2.5231562666370615,0.0,0.0,2.5231562666370615,2.5231562666370615,0.0,0.0,0.0,0.0,9.736222740940162,3.588259867627387,0.0,0.0,13.32448260856755,2.725
plot_8902,0.0,0.0,0.0,4.995254508217194,0.0,0.0,0.0,0.0,0.0,0.0,0.0,0.0,0.0,0.0,0.0,0.0,0.0
plot_11816,0.0,0.0,0.0,0.0,0.0,0.0,0.0,0.0,0.0,0.0,0.0,0.0,0.0,0.0,0.0,0.0,0.0
plot_8168,6.218576754338235,6.218576754338235,0.0,3.1092883771691175,0.0,3.1092883771691175,3.1092883771691175,0.0,0.0,0.0,0.0,0.0,3.1092883771691175,0.0,4.1353535416349265,7.244641918804044,1.5
plot_19055,0.0,0.0,0.0,0.0,0.0,0.0,0.0,0.0,0.0,0.0,0.0,0.0,0.0,0.0,0.0,0.0,0.0
plot_8116,0.0,0.0,0.0,0.0,0.0,0.0,0.0,0.0,0.0,0.0,0.0,0.0,0.0,0.0,0.0,0.0,0.0
plot_9845,0.0,0.0,0.0,0.0,0.0,0.0,0.0,0.0,0.0,0.0,0.0,0.0,0.0,0.0,0.0,0.0,0.0
plot_9847,0.0,0.0,0.0,0.0,0.0,0.0,11.040452216922805,0.0,0.0,0.0,0.0,0.0,0.0,0.0,12.537140807018044,12.537140807018044,0.0
plot_8970,0.0,0.0,0.0,0.0,0.0,5.945020450870351,0.0,0.0,0.0,0.0,0.0,0.0,0.0,0.0,2.9725102254351756,2.9725102254351756,0.0
plot_9799,0.0,0.0,0.0,0.0,0.0,0.0,0.0,0.0,0.0,0.0,0.0,0.0,0.0,0.0,0.0,0.0,0.0
plot_9850,0.0,0.0,0.0,7.372497267568201,0.0,5.529372950676151,0.0,0.0,0.0,0.0,0.0,0.0,0.0,0.0,0.0,0.0,0.0
plot_11818,10.94793817480354,4.379175269921416,2.189587634960708,6.568762904882124,2.189587634960708,6.568762904882124,10.94793817480354,0.0,0.0,0.0,0.0,0.0,2.9121515544977417,0.0,11.214707828634314,14.126859383132055,3.675
plot_9844,0.0,0.0,0.0,0.0,0.0,0.0,0.0,0.0,0.0,0.0,0.0,0.0,0.0,0.0,7.690936577830298,7.690936577830298,1.5
plot_11806,0.0,0.0,0.0,9.69579444915768,0.0,0.0,0.0,0.0,0.0,0.0,0.0,0.0,0.0,0.0,6.7143376560416925,6.7143376560416925,3.5
plot_11817,0.0,0.0,0.0,6.879660970307384,0.0,0.0,0.0,0.0,0.0,0.0,0.0,0.0,0.0,0.0,10.275789016246662,10.275789016246662,3.0
plot_11846,11.60995205089803,0.0,0.0,0.0,11.60995205089803,11.60995205089803,0.0,0.0,0.0,0.0,0.0,0.0,0.0,0.0,0.0,0.0,0.0
plot_9347,3.460099858481916,22.490649080132453,1.730049929240958,3.460099858481916,1.730049929240958,1.730049929240958,5.1901497877228735,0.0,0.0,0.0,0.0,0.0,0.0,0.0,2.6153907747038474,8.359156539783827,23.0
plot_9043,0.0,0.0,0.0,2.7701636751207444,0.0,1.3850818375603722,0.0,0.0,0.0,0.0,0.0,0.0,0.0,0.0,1.9183383450211156,1.9183383450211156,3.5
plot_9345,0.0,0.0,10.458500669344044,0.0,31.375502008032132,0.0,0.0,0.0,0.0,0.0,0.0,0.0,0.0,0.0,0.0,0.0,0.0
plot_7669,9.279364549115675,0.0,0.0,0.0,0.0,0.0,18.55872909823135,0.0,0.0,0.0,0.0,0.0,0.0,0.0,17.629227015781336,17.629227015781336,4.0
plot_9041,0.0,18.40180337673092,0.0,9.20090168836546,0.0,0.0,18.40180337673092,0.0,0.0,0.0,0.0,13.142270474510125,0.0,0.0,9.20090168836546,31.544073851241045,1.1666666666666667
plot_8117,0.0,0.0,0.0,0.0,3.1914010889060513,0.0,0.0,0.0,0.0,0.0,0.0,0.0,0.0,0.0,4.420090508134881,4.420090508134881,3.5
plot_9346,4.754795210970263,0.0,4.754795210970263,4.754795210970263,0.0,9.509590421940526,38.038361687762105,0.0,0.0,0.0,0.0,0.0,0.0,0.0,8.590257160653278,8.590257160653278,4.0
plot_7670,0.0,0.0,1.9857936323541383,0.0,0.0,9.928968161770692,0.0,0.0,0.0,0.0,0.0,0.0,0.0,0.0,2.7503241808104817,2.7503241808104817,3.5
plot_7869,0.0,0.0,0.0,8.279139466243878,0.0,1.379856577707313,0.0,0.0,0.0,0.0,0.0,0.0,0.0,0.0,4.133516439962962,4.133516439962962,3.75
plot_7671,3.952108351002551,6.916189614254464,0.0,2.964081263251913,0.9880270877506377,6.916189614254464,10.868297965257014,0.7756157977830752,0.0,0.0,0.0,0.0,2.958826170008694,0.0,7.016458122799097,9.97528429280779,2.6714285714285713
plot_17681,0.4260480675950822,0.4260480675950822,0.4260480675950822,2.130240337975411,0.4260480675950822,0.4260480675950822,1.2781442027852465,0.0,0.0,0.0,0.0,0.0,0.0,0.7354551341457253,1.9499557790263282,2.685410913172053,10.125
plot_11805,4.624641012241424,10.790829028563325,10.790829028563325,7.7077350204023745,0.0,1.5415470040804748,3.0830940081609497,0.0,0.0,0.0,0.0,0.0,0.0,5.117936053547177,10.474997134511996,15.592933188059174,12.142857142857142
plot_8904,0.0,0.0,0.0,0.0,0.0,0.0,0.0,0.0,0.0,0.0,0.0,0.0,0.0,0.0,4.018436587061437,4.018436587061437,0.0
plot_9110,23.85932541733937,15.906216944892913,7.9531084724464565,7.9531084724464565,7.9531084724464565,7.9531084724464565,7.9531084724464565,0.0,0.0,0.0,0.0,11.334271795535106,0.0,0.0,14.717736258230515,26.05200805376562,3.75
plot_19497,10.444573260847996,20.88914652169599,26.11143315211999,10.444573260847996,0.0,0.0,5.222286630423998,0.0,0.0,0.0,0.0,0.0,0.0,0.0,6.945641218463917,6.945641218463917,3.0
plot_11772,0.0,0.0,8.085643132054724,0.0,0.0,0.0,8.085643132054724,0.0,0.0,0.0,0.0,0.0,0.0,0.0,0.0,0.0,0.0
plot_9270,4.018129801665113,4.018129801665113,0.0,0.0,0.0,0.0,12.054389404995339,0.0,0.0,0.0,0.0,5.565109775306182,0.0,0.0,0.0,5.565109775306182,3.5
plot_11811,0.0,0.0,0.0,5.125931317646275,0.0,0.0,0.0,0.0,0.0,0.0,0.0,0.0,0.0,0.0,3.5497074374700452,3.5497074374700452,3.5
plot_11923,5.5147464319590584,5.5147464319590584,5.5147464319590584,16.544239295877176,5.5147464319590584,16.544239295877176,0.0,0.0,0.0,0.0,0.0,0.0,0.0,9.154479077052038,8.233295568848654,17.38777464590069,19.25
plot_9111,1.5768120329679862,11.037684230775902,3.1536240659359724,0.0,0.0,0.0,4.730436098903958,0.0,0.0,0.0,0.0,2.2533810421326237,0.0,0.0,2.0971600038474216,4.350541045980045,3.25
plot_16718,0.0,0.0,1.3209027577807777,2.6418055155615554,0.0,2.6418055155615554,1.3209027577807777,0.003032780062987448,0.0,0.0,0.0,0.0,0.0,0.0,0.0,0.0,0.0
plot_8994,0.0,4.011585458805029,40.11585458805028,4.011585458805029,8.023170917610058,24.06951275283017,0.0,0.0,0.0,0.0,0.0,0.0,0.0,6.979883237278865,23.51698763929862,30.496870876577486,11.02
plot_9833,0.0,0.0,0.0,0.0,0.0,0.0,0.0,0.0,0.0,0.0,0.0,0.0,0.0,0.0,0.0,0.0,0.0
plot_3479,0.0,0.798799883055697,0.0,3.9939994152784855,0.798799883055697,3.195199532222788,4.792799298334183,0.9674831218668453,0.0,0.0,0.0,0.0,4.257603376686865,0.0,3.559402614685797,7.817005991372663,1.9375
plot_3749,0.0,0.0,3.8203809683901677,11.461142905170503,2.546920645593445,12.734603227967225,2.546920645593445,0.955113317123692,0.0,0.0,0.0,0.0,0.0,0.0,1.2734603227967225,1.2734603227967225,0.0
plot_3733,2.956943939299855,0.0,0.5913887878599711,1.774166363579913,0.5913887878599711,3.548332727159826,3.548332727159826,0.7896421842670772,0.0,0.0,0.0,0.0,0.0,0.0,0.8190734711860599,0.8190734711860599,3.5
plot_3742,9.854566310391245,9.854566310391245,102.48748962806896,9.854566310391245,3.941826524156498,5.912739786234748,23.65095914493899,0.0791118353910935,0.0,0.0,0.0,8.149160862994474,0.0,6.923772210461965,28.05527719820756,45.09912353374225,7.417647058823529
plot_9809,0.0,9.713924911360435,0.0,2.4284812278401087,0.0,2.4284812278401087,7.285443683520326,0.42258266963990243,0.0,0.0,0.0,3.734093739452525,0.0,0.0,10.895177151455874,14.6292708909084,3.875
plot_9808,0.0,11.930504809484752,0.0,14.91313101185594,0.0,2.982626202371188,23.861009618969504,0.0,0.0,0.0,0.0,5.586345160265558,0.0,0.0,7.933785698307361,13.520130858572918,3.5
plot_3739,0.0,0.5341917438529221,0.0,1.0683834877058442,0.0,1.6025752315587662,1.0683834877058442,0.0,0.0,0.0,0.0,0.0,0.0,0.0,1.0683834877058442,1.0683834877058442,0.0
plot_9271,1.9547905808415862,0.9773952904207931,0.48869764521039655,1.4660929356311898,2.9321858712623796,3.420883516472776,0.0,0.0,0.004882230431639986,0.0,0.0,0.6499678681298274,0.6768462386163993,0.841591474182844,2.9482130983235426,5.116618679252613,9.485714285714284
plot_9269,0.0,0.0,0.0,4.832365249495018,0.0,2.416182624747509,0.0,0.0,0.0,0.0,0.0,0.0,0.0,0.0,0.0,0.0,0.0
plot_9849,9.933939303630854,9.933939303630854,0.0,0.0,0.0,0.0,29.801817910892563,0.0,0.0,0.0,0.0,15.36252853336985,0.0,0.0,29.89697109596865,45.2594996293385,3.1666666666666665
plot_9848,0.0,15.192719648744323,5.064239882914774,15.192719648744323,10.128479765829548,5.064239882914774,5.064239882914774,0.0287127808252992,0.0,0.0,0.0,0.0,0.0,0.0,0.0,0.0,0.0
plot_9862,0.0,3.7413597972182995,3.7413597972182995,1.8706798986091497,0.0,5.612039695827449,3.7413597972182995,0.0,0.0,0.0,0.0,0.0,0.0,0.0,5.258509187930267,8.363837819621455,14.0
plot_18857,1.1032291517271053,4.412916606908421,1.1032291517271053,1.1032291517271053,1.1032291517271053,1.1032291517271053,3.309687455181316,0.0,0.0,0.0,0.0,0.0,0.0,0.0,1.6483885636469675,3.4797489555139625,16.5
plot_9853,0.0,0.0,0.0,7.184966176771722,0.0,7.184966176771722,0.0,0.0,0.8037679807355524,0.0,0.0,0.0,0.0,0.0,3.592483088385861,3.592483088385861,0.0
plot_8967,9.498531798370594,13.56933114052942,0.0,0.0,1.356933114052942,2.713866228105884,8.141598684317652,0.0,0.0,0.0,0.0,5.780144345742679,7.360280724993789,2.252508969327884,9.163495121575195,26.808938130967434,6.2
plot_9807,0.0,0.0,0.0,0.0,0.0,0.0,0.0,0.06349569020015894,0.0,0.0,0.0,47.30802491092157,0.0,0.0,0.0,47.30802491092157,4.0
plot_9112,0.0,0.0,0.0,0.0,0.0,0.0,0.0,0.0,0.0,0.0,0.0,2.9855101743044097,0.0,0.0,0.0,2.9855101743044097,3.0
plot_3740,0.0,0.0,0.0,1.7283993293810602,0.0,1.7283993293810602,0.0,0.0,0.0,0.0,0.0,0.0,0.0,0.0,2.3938330711927684,2.3938330711927684,3.5
plot_3487,0.0,0.0,0.0,0.0,0.0,0.0,0.0,0.0,0.0,0.0,0.0,0.0,0.0,0.0,0.0,0.0,0.0
plot_3480,0.0,0.0,0.0,0.0,0.0,0.0,0.0,0.0,0.0,0.0,0.0,0.0,0.0,0.0,0.0,0.0,0.0
plot_3741,0.0,0.0,0.0,2.0401293442004222,0.0,0.0,0.0,0.0,0.0,0.0,0.0,2.825579141717585,0.0,0.0,0.0,2.825579141717585,3.5
plot_9822,1.12009301252376,3.36027903757128,0.0,2.24018602504752,2.24018602504752,3.92032554383316,5.0404185563569195,0.8854573378108107,0.0,0.0,0.0,1.4154434316749607,0.0,1.8593544007894418,12.248930844149067,16.26859052994177,6.309523809523809
plot_6764,26.872088857040488,8.957362952346829,0.0,8.957362952346829,53.744177714080976,0.0,44.78681476173414,0.0,0.0,0.0,0.0,0.0,0.0,0.0,0.0,0.0,0.0
plot_16948,0.0,0.0,0.0,4.422802199017253,0.0,0.0,0.0,0.09195341739079776,0.0,0.0,0.0,0.0,0.0,0.0,0.0,0.0,0.0
plot_6765,9.450902561194592,9.450902561194592,0.0,0.0,3.150300853731531,0.0,18.901805122389185,0.6476886642944447,0.0,0.0,0.0,0.0,0.0,0.0,0.0,0.0,0.0
plot_6276,36.82156270712129,0.0,36.82156270712129,0.0,12.273854235707097,36.82156270712129,49.095416942828386,0.0,0.0,0.0,0.0,0.0,0.0,0.0,0.0,0.0,0.0
plot_6836,23.50475481602632,11.75237740801316,29.380943520032904,5.87618870400658,1.9587295680021934,11.75237740801316,41.13332092804606,0.0,0.0,0.0,0.0,0.0,0.0,0.0,0.0,0.0,0.0
plot_10970,4.480979362849544,8.961958725699088,15.683427769973404,29.126365858522036,4.480979362849544,13.442938088548631,22.40489681424772,0.0,0.931901426139781,0.0,0.0,0.0,0.0,0.0,29.799871784834146,29.799871784834146,3.0
plot_9852,18.32235900372173,22.90294875465216,27.483538505582594,52.67678213569997,11.45147437732608,0.0,29.77383338104781,0.0,0.0,0.0,0.0,0.0,0.0,7.765670306800715,20.365262986125437,37.38197795403654,13.0
plot_8971,0.0,0.0,0.0,10.014746714537155,2.503686678634289,10.014746714537155,0.0,0.12040367994355028,0.0,0.0,0.0,0.0,0.0,8.516856607648453,0.0,8.516856607648453,47.5
plot_9838,0.0,0.0,0.0,0.0,0.0,0.0,0.0,0.0,0.0,0.0,0.0,0.0,0.0,44.64886091610855,37.25221227036768,81.90107318647622,18.25
plot_17090,0.0,0.0,0.0,1.2385649491073663,0.6192824745536831,3.715694847322099,1.2385649491073663,0.9474101131252501,0.0,0.0,0.0,0.0,0.0,0.0,2.1654379130107966,2.1654379130107966,1.0
plot_9839,0.0,0.0,0.0,2.2852494006933446,0.0,0.0,0.0,0.0,0.0,0.0,0.0,0.0,0.0,0.0,0.0,0.0,0.0
plot_7488,5.613696296223526,4.210272222167644,0.0,25.261633333005868,4.210272222167644,11.227392592447051,7.017120370279407,0.0,0.0,0.0,0.0,1.9973591318081032,0.0,4.75872340995407,6.078786452312321,19.823920882872784,21.0
plot_9113,6.162226782270041,18.48668034681012,0.0,6.162226782270041,0.0,0.0,18.48668034681012,0.0,0.9081743470250755,0.0,0.0,0.0,0.0,0.0,8.195761620419155,8.195761620419155,3.0
plot_9837,0.0,0.0,0.0,0.0,0.0,0.0,0.0,0.0,0.0,0.0,0.0,0.0,0.0,0.0,0.0,0.0,0.0
plot_8979,0.0,2.3106241342380196,1.1553120671190098,3.46593620135703,0.0,2.3106241342380196,11.553120671190099,0.87864124112979,0.0,0.0,0.0,1.6001072129598286,0.0,0.0,3.6722440077884593,5.2723512207482885,3.5
plot_12135,8.751662815935028,0.0,0.0,0.0,8.751662815935028,35.00665126374011,0.0,1.0000015761267351,0.0,0.0,0.0,0.0,0.0,0.0,12.121053000070013,12.121053000070013,3.5
plot_11870,12.586809652824323,12.586809652824323,0.0,22.026916892442564,0.0,3.146702413206081,15.733512066030404,0.9544818690484662,0.0,0.0,0.0,4.358182842290422,0.0,0.0,16.448368290843327,20.806551133133752,4.0
plot_19724,15.704781517042635,9.815488448151646,0.0,0.0,9.815488448151646,11.778586137781977,11.778586137781977,0.9708506591974774,0.0,0.0,0.0,3.026307472706205,0.0,0.0,6.303303922698448,9.329611395404653,4.166666666666667
plot_11869,0.0,13.371307847620574,0.0,0.0,2.674261569524115,2.674261569524115,0.0,0.004927611111265605,0.0,0.0,0.0,0.0,2.674261569524115,0.0,0.0,2.674261569524115,0.0
plot_19847,0.0,0.0,0.0,2.599698434981542,0.8665661449938474,1.7331322899876949,1.7331322899876949,0.0,0.0,0.0,0.0,0.0,0.0,0.0,0.0,0.0,0.0
plot_11925,0.0,14.368559293296778,57.47423717318711,11.494847434637423,0.0,2.8737118586593557,2.8737118586593557,0.0,0.0,0.0,0.0,0.0,11.782218620503357,3.980090924243208,0.0,18.636021403405923,2.7
plot_11804,0.0,4.520632165201982,0.0,0.0,9.041264330403964,0.0,4.520632165201982,0.0,0.0,0.0,0.0,0.0,0.0,0.0,0.0,0.0,0.0
plot_16819,0.0,0.0,0.0,6.645622196378136,19.936866589134407,0.0,0.0,0.0,0.0,0.0,0.0,0.0,0.0,0.0,0.0,0.0,0.0
plot_6640,4.772221851049411,1.5907406170164704,1.5907406170164704,0.0,1.5907406170164704,0.0,1.5907406170164704,0.0,0.0,0.0,0.0,0.0,0.0,0.0,0.0,0.0,0.0
plot_9841,0.0,8.697713153769046,2.1744282884422614,4.348856576884523,2.1744282884422614,6.523284865326784,8.697713153769046,0.0,0.0,0.0,0.0,0.0,0.0,0.0,3.0650298894258805,3.0650298894258805,3.0
plot_6639,2.507566582161673,0.0,0.0,0.0,7.522699746485018,5.015133164323346,7.522699746485018,0.0,0.0,0.0,0.0,0.0,0.0,0.0,0.0,0.0,0.0
plot_6630,11.187471821555349,12.306219003710885,2.23749436431107,3.3562415464666047,0.0,2.23749436431107,19.018702096644095,0.0,0.0,0.0,0.0,0.0,0.0,0.0,0.0,0.0,0.0
plot_6631,0.0,0.0,0.0,2.804671460785084,0.0,8.414014382355251,0.0,0.0,0.0,0.0,0.0,0.0,0.0,0.0,0.0,0.0,0.0
plot_6773,0.0,0.0,0.0,0.5122383998491971,0.5122383998491971,2.561191999245985,0.5122383998491971,0.9648602060264292,0.009121275453248465,0.0,0.0,0.0,0.0,0.0,0.0,0.0,0.0
plot_7167,0.0,0.0,0.0,0.0,0.0,0.0,0.0,0.0,0.0,0.0,0.0,0.0,0.0,0.0,0.0,0.0,0.0
plot_9887,0.0,0.0,10.39755033714057,0.0,0.0,0.0,0.0,0.0,0.0,0.0,0.0,0.0,0.0,0.0,0.0,0.0,0.0
plot_6774,8.47371453750466,0.0,29.658000881266315,4.23685726875233,0.0,0.0,0.0,0.0,0.9044431899530856,0.0,0.0,0.0,0.0,0.0,0.0,0.0,0.0
plot_6840,0.8006323928393574,2.935652107077644,0.2668774642797858,1.8681422499585005,1.334387321398929,2.1350197142382865,8.006323928393574,0.9353495730614835,0.0,0.0,0.0,0.0,0.0,0.0,0.0,0.0,0.0
plot_6643,0.0,0.0,0.0,0.0,0.0,7.564682765572373,0.0,0.0,0.0,0.0,0.0,0.0,0.0,0.0,0.0,0.0,0.0
plot_6642,1.9324455678394679,11.594673407036806,1.9324455678394679,3.8648911356789357,3.8648911356789357,11.594673407036806,34.78402022111042,0.0,0.7719868244155756,0.0,0.0,0.0,0.0,0.0,0.0,0.0,0.0
plot_12082,0.0,3.176726034381706,1.588363017190853,1.588363017190853,1.588363017190853,0.0,4.765089051572559,0.0,0.0,0.0,0.0,0.0,0.0,2.636682608536816,4.399765557618663,7.036448166155478,14.0
plot_11601,12.406024365431854,8.270682910287903,0.0,0.0,4.135341455143951,0.0,0.0,0.0,0.0,0.0,0.0,0.0,5.500004135341456,0.0,5.727447915374373,11.227452050715828,3.25
plot_11600,0.0,0.0,0.0,0.0,0.0,0.0,0.0,0.0,0.0,0.0,0.0,0.0,0.0,0.0,0.0,0.0,0.0
plot_19461,18.57877050341501,32.51284838097627,20.90111681634189,4.644692625853753,2.3223463129268764,6.96703893878063,20.90111681634189,0.0,0.0,0.0,0.0,3.405828858185618,3.216449643403724,4.030600142932909,9.649348930211172,26.479668767118913,13.4375
plot_19418,0.0,0.0,0.0,6.049067007027503,0.0,1.5122667517568757,0.0,0.0,0.0,0.0,0.0,0.0,2.011314779836645,0.0,2.094489451183273,4.105804231019918,3.25
plot_12086,5.362756993370292,4.0220677450277185,0.0,1.340689248342573,0.0,1.340689248342573,0.0,0.0,0.0,0.0,0.0,5.96581126779554,0.0,0.0,0.0,5.96581126779554,3.9
plot_19514,0.0,3.0032510192283146,0.0,0.0,0.0,1.5016255096141573,3.0032510192283146,0.0,0.0,0.0,0.0,0.0,0.0,0.0,0.0,0.0,0.0
plot_16775,0.0,0.0,0.0,0.0,0.0,16.7444165742933,13.395533259434641,0.0,0.0,0.0,0.0,0.0,0.0,0.0,9.276406782158489,9.276406782158489,3.5
plot_17019,10.984122450997084,5.492061225498542,5.492061225498542,0.0,10.984122450997084,16.476183676495626,5.492061225498542,0.0,0.0,0.0,0.0,16.01245322161318,7.304441429913061,9.47718926348785,0.0,32.79408391501409,11.425
plot_10371,0.0,0.0,0.0,3.6329684622007794,0.0,0.0,3.6329684622007794,0.0,0.0,0.0,0.0,0.0,0.0,0.0,0.0,0.0,0.0
plot_16120,0.0,0.0,0.0,0.0,0.0,0.0,0.0,0.0,0.0,0.0,0.0,0.0,0.0,0.0,0.0,0.0,0.0
plot_16117,9.079312332883907,0.0,0.0,0.0,0.0,18.158624665767814,9.079312332883907,0.0,0.0,0.0,0.0,6.9983248681868515,0.0,0.0,12.82452867019852,19.82285353838537,4.0
plot_10916,0.3578201595877912,0.0,0.3578201595877912,0.0,0.0,0.3578201595877912,0.0,0.0,0.0,0.0,0.0,0.0,0.0,0.0,0.3578201595877912,0.3578201595877912,0.0
plot_10967,0.0,0.0,0.3022706876325646,0.3022706876325646,0.9068120628976938,6.649955127916421,0.6045413752651292,0.828970670576043,0.0,0.0,0.0,0.0,0.0,0.0,1.371782069470419,1.371782069470419,3.5
plot_10910,0.0,0.0,0.3012583561536538,0.6025167123073076,0.0,0.6025167123073076,0.0,0.0009098453231552198,0.0,0.0,0.0,0.0,0.3012583561536538,0.0,0.8203690686995455,1.1216274248531994,1.6666666666666667
plot_10911,7.739496974912068,4.9251344385804074,7.739496974912068,2.8143625363316613,0.0,4.221543804497492,4.9251344385804074,0.0,0.1120085652699717,0.0,0.0,5.230489957516846,0.0,2.417032868325551,1.9861795549113084,10.852282954477813,19.119999999999997
plot_10972,0.0,0.0,2.4831394829110343,7.449418448733103,0.0,4.9662789658220685,0.0,0.0,0.0,0.0,0.0,0.0,0.0,0.0,0.0,0.0,0.0
plot_10601,13.684477013499736,0.0,0.0,6.842238506749868,6.842238506749868,6.842238506749868,0.0,0.0,0.4275037058392289,0.0,0.0,0.0,0.0,0.0,0.0,0.0,0.0
plot_16831,0.0,0.0,0.0,0.0,0.0,0.0,0.0,0.0,0.0,0.0,0.0,0.0,0.0,0.0,0.0,0.0,0.0
plot_10971,0.0,0.0,1.7852839047729563,3.5705678095459126,1.7852839047729563,1.7852839047729563,1.7852839047729563,0.0,0.005326692187189218,0.0,0.0,0.0,2.374427593348032,2.963571281923108,2.4726182081105446,7.810617083381684,12.166666666666666
plot_11771,0.0,0.0,0.0,0.0,0.0,13.592866463679862,0.0,0.0,0.0,0.0,0.0,0.0,0.0,0.0,0.0,0.0,0.0
plot_10811,0.0,0.0,0.0,0.0,0.0,0.0,0.0,0.0,0.0,0.0,0.0,0.0,0.0,0.0,19.048658679693254,19.048658679693254,3.6
plot_12083,52.02552719200888,34.68368479467259,69.36736958934517,86.70921198668147,69.36736958934517,0.0,34.68368479467259,0.0,0.0,0.0,0.0,0.0,0.0,0.0,64.42494450610432,64.42494450610432,2.1666666666666665
plot_11504,0.0,0.0,2.5568973584693393,0.0,0.0,0.0,0.0,0.0,0.0,0.0,0.0,0.0,0.0,0.0,0.0,0.0,0.0
plot_12084,0.0,8.766470005522876,0.0,0.0,8.766470005522876,0.0,17.532940011045753,0.0,0.0,0.0,0.0,0.0,8.766470005522876,0.0,0.0,8.766470005522876,0.0
plot_10609,0.0,0.0,0.0,30.093892945991495,10.03129764866383,0.0,60.18778589198299,0.0,0.0,0.0,0.0,0.0,0.0,34.13412299160339,11.684233542669679,55.849654182936895,18.75
plot_10494,1.4487189702505558,18.833346613257227,0.0,4.3461569107516675,0.0,0.0,17.38462764300667,0.0,0.0,0.0,0.0,0.0,1.4487189702505558,0.0,8.27210799128107,11.169545931782181,1.9166666666666667
plot_12085,22.87143205659917,15.247621371066113,60.990485484264454,15.247621371066113,15.247621371066113,22.87143205659917,22.87143205659917,0.0,0.0,0.0,0.0,0.0,0.0,0.0,7.623810685533057,7.623810685533057,0.0
plot_11954,11.43719834389368,15.24959779185824,3.81239944796456,11.43719834389368,7.62479889592912,7.62479889592912,22.87439668778736,0.0,0.0,0.0,0.0,0.0,0.0,0.0,3.81239944796456,3.81239944796456,0.0
plot_11953,0.0,8.63376789965095,1.2333954142358499,1.2333954142358499,0.0,1.2333954142358499,1.2333954142358499,0.0,0.0,0.0,0.0,0.0,0.0,0.0,0.0,0.0,0.0
plot_8790,2.964359505663409,17.78615703398045,0.0,0.0,1.4821797528317044,2.964359505663409,10.37525826982193,0.0,0.0,0.0,0.0,2.0528189576719105,0.0,0.0,4.218334631092758,6.271153588764668,3.5
plot_8786,0.0,0.0,0.0,19.484062037253526,0.0,0.0,0.0,0.0,0.0,0.0,0.0,0.0,0.0,0.0,0.0,0.0,0.0
plot_8788,0.0,0.0,0.0,0.0,0.0,0.0,12.283452960516888,0.0,0.0,0.0,0.0,0.0,0.0,0.0,0.0,0.0,0.0
plot_10600,36.76876126043314,44.12251351251977,0.0,0.0,14.707504504173254,22.061256756259883,29.41500900834651,0.0,0.1873941702768666,0.0,0.0,0.0,0.0,0.0,9.780490495275215,9.780490495275215,3.0
plot_19780,0.0,5.244003482018312,5.244003482018312,0.0,0.0,0.0,0.0,0.0,0.0,0.0,0.0,0.0,0.0,0.0,0.0,0.0,0.0
plot_8787,0.0,0.0,0.0,0.0,11.223470521554676,0.0,0.0,0.0,0.0,0.0,0.0,0.0,0.0,0.0,0.0,0.0,0.0
plot_10599,0.0,0.0,0.0,0.0,0.0,15.460132184130174,0.0,0.0,0.5298343318655215,0.0,0.0,0.0,0.0,0.0,0.0,0.0,0.0
plot_8789,21.348362580590067,0.0,0.0,14.232241720393377,0.0,0.0,7.1161208601966885,0.0,0.0,0.0,0.0,0.0,0.0,0.0,0.0,0.0,0.0
plot_10598,4.483148963832196,22.41574481916098,2.241574481916098,8.966297927664392,0.0,0.0,6.724723445748294,0.0,0.2515385274707796,0.0,0.0,0.0,0.0,0.0,0.0,0.0,0.0
plot_10372,14.498006524102937,0.0,0.0,14.498006524102937,0.0,43.49401957230881,57.99202609641175,0.0,0.0,0.0,0.0,0.0,0.0,0.0,0.0,0.0,0.0
plot_19958,0.0,0.0,0.0,0.0,0.0,0.0,0.0,0.0,0.0,0.0,0.0,11.657103074993472,0.0,0.0,0.0,11.657103074993472,3.5
plot_10608,46.67517192021658,31.116781280144384,31.116781280144384,31.116781280144384,0.0,15.558390640072192,15.558390640072192,0.0,0.0,0.0,0.0,65.33083325281032,0.0,27.07936508695627,37.10676167657218,145.07535065641096,8.571428571428571
plot_10365,9.087301707503991,3.029100569167997,4.543650853751996,12.116402276671987,7.572751422919993,3.029100569167997,6.058201138335994,0.0,0.0,0.0,0.0,0.0,0.0,0.0,4.195304288297676,4.195304288297676,3.5
plot_16750,0.0,2.651450873918208,7.954352621754625,2.651450873918208,0.0,23.863057865263873,23.863057865263873,0.0,0.0,0.0,0.0,0.0,0.0,0.0,7.886613246201615,7.886613246201615,3.75
plot_8840,27.159574137877517,27.159574137877517,73.71884408852469,23.279634975323585,7.759878325107862,11.639817487661793,31.039513300431448,0.0,0.0,0.0,0.0,0.0,0.0,6.440699009839526,16.22963742841883,22.670336438258357,13.675
plot_11661,0.0,4.327749094418502,0.0,4.327749094418502,0.0,8.655498188837004,0.0,0.0,0.0,0.0,0.0,0.0,0.0,0.0,4.327749094418502,4.327749094418502,0.0
plot_10781,27.022644976490298,3.8603778537843283,50.18491209919627,30.883022830274626,27.022644976490298,23.16226712270597,46.32453424541194,0.0,0.0,0.0,0.0,0.0,0.0,6.692199961915037,38.892761783698994,45.58496174561403,7.9375
plot_10366,0.0,35.09018176714155,17.545090883570776,0.0,0.0,0.0,17.545090883570776,0.0,0.0,0.0,0.0,0.0,0.0,0.0,102.22345941413293,102.22345941413293,1.3
plot_5948,0.0,15.469499303872533,13.750666047886696,27.501332095773392,3.437666511971674,10.312999535915022,12.03183279190086,0.0,0.0,0.0,0.0,0.0,0.0,0.0,9.896288899791378,12.88024263838249,22.6
plot_11482,0.0,0.0,0.0,18.361313935625237,6.120437978541745,0.0,30.602189892708726,0.0,0.0,0.0,0.0,0.0,0.0,0.0,8.476806600280318,8.476806600280318,3.5
plot_20027,0.0,0.0,0.0,2.57339317330259,0.0,0.0,0.0,0.0,0.8764634700800884,0.0,0.0,0.0,0.0,0.0,0.0,0.0,0.0
plot_10377,0.0,2.2546541698701543,2.2546541698701543,24.801195868571696,0.0,6.7639625096104625,0.0,0.0,0.005771895213878943,0.0,0.0,0.0,0.0,0.0,14.623521445710923,14.623521445710923,2.3
plot_19490,5.427349499598376,10.854698999196753,0.0,0.0,5.427349499598376,0.0,5.427349499598376,0.0,0.0,0.0,0.0,0.0,0.0,0.0,13.242732779020038,13.242732779020038,2.0
plot_11842,0.0,0.0,0.0,2.0054307063528034,2.0054307063528034,6.01629211905841,0.0,0.0,0.7929789208499611,0.0,0.0,0.0,0.0,0.0,0.0,0.0,0.0
plot_11737,23.558420957571283,3.926403492928547,0.0,5.889605239392821,3.926403492928547,1.9632017464642735,0.0,0.0,0.0,0.0,0.0,0.0,3.926403492928547,0.0,5.330092741650502,12.515411133709744,7.3
plot_10376,0.0,0.0,1.7161342360199414,0.0,0.0,0.0,0.0,0.0,0.0,0.0,0.0,0.0,0.0,0.0,0.0,0.0,0.0
plot_10942,7.356141458600249,11.034212187900375,3.6780707293001247,3.6780707293001247,3.6780707293001247,1.226023576433375,3.6780707293001247,0.007463803904749856,0.0,0.0,0.0,0.0,2.8566349330897634,0.0,1.226023576433375,16.31837380232822,8.909090909090908
plot_10374,0.0,5.1556224640782,0.0,0.0,0.0,5.1556224640782,0.0,0.0,0.0,0.0,0.0,0.0,0.0,0.0,5.1556224640782,5.1556224640782,0.0
plot_11481,0.0,4.100041000410004,0.0,12.300123001230013,0.0,2.050020500205002,6.150061500615006,0.6440574305358482,0.0,0.0,0.0,0.0,2.839278392783928,3.5610054572267154,5.230570720482977,11.63085457049362,13.5
plot_10375,0.0,4.284637005552889,4.284637005552889,12.853911016658667,0.0,4.284637005552889,0.0,0.0,0.0,0.0,0.0,0.0,0.0,0.0,0.0,0.0,0.0
plot_10909,0.7066583469423954,0.7066583469423954,0.0,1.4133166938847908,2.119975040827186,9.186558510251139,2.119975040827186,0.8752178450529627,0.0,0.0,0.0,0.0,0.7066583469423954,0.0,0.7066583469423954,1.4133166938847908,0.0
plot_10602,2.136254590277051,2.136254590277051,0.0,2.136254590277051,0.0,10.681272951385255,4.272509180554102,0.0,0.5728721259687606,0.0,0.0,0.0,0.0,0.0,3.951199262264526,3.951199262264526,5.0
plot_10603,8.921541731626643,4.460770865813322,31.22539606069325,22.303854329066606,13.382312597439963,26.764625194879926,20.073468896159945,0.0,0.5841270341656104,0.0,0.0,3.2535515248330342,0.0,7.738375894773506,27.714812036215328,38.70673945582187,21.59090909090909
plot_10379,0.0,7.520889269947278,0.0,0.0,0.0,7.520889269947278,7.520889269947278,0.0,0.6544801296603342,0.0,0.0,0.0,0.0,0.0,0.0,0.0,0.0
plot_10373,0.0,0.0,0.0,0.0,0.0,5.763306754883682,0.0,0.0,0.8509322297513496,0.0,0.0,0.0,0.0,0.0,0.0,0.0,0.0
plot_11695,5.716054191460052,8.165791702085789,5.716054191460052,2.4497375106257366,4.0828958510428945,7.3492125318772095,17.148162574380155,0.8170651115838888,0.0,0.0,0.0,0.0,0.0,4.226360549045766,10.643188442167068,14.869548991212834,15.791666666666666
plot_9840,0.0,5.972502598038631,0.0,5.972502598038631,0.0,0.0,0.0,0.9752509675774638,0.0,0.0,0.0,8.271916098283503,0.0,9.914354312744127,0.0,18.18627041102763,19.25
plot_17051,3.574756499503109,5.957927499171848,1.1915854998343696,8.341098498840587,1.1915854998343696,10.724269498509326,3.574756499503109,0.010252628643737199,0.0,0.0,0.0,3.1696174295594233,1.6503459172706019,0.0,6.134566466692492,12.932561743247572,6.1875
plot_9408,39.66640552949693,0.0,0.0,9.916601382374232,9.916601382374232,9.916601382374232,19.833202764748464,0.0,0.0,0.0,0.0,0.0,0.0,16.461558294741227,0.0,16.461558294741227,35.0
plot_9042,0.0,0.9180991308355528,0.0,1.8361982616711057,0.0,13.771486962533292,0.0,0.8410092865727646,0.0,0.0,0.0,0.0,0.0,0.0,1.4261822925685792,2.950226849755597,26.75
plot_9409,24.65359330863549,8.5339361452969,10.430366399807323,12.326796654317745,16.11965716333859,3.7928605090208447,13.275011781572957,0.0,0.0,0.0,0.0,5.523362843507488,0.0,6.278661120944097,4.702916981261522,19.02719318421197,17.384615384615383
plot_7788,2.7064844661324066,2.7064844661324066,0.0,18.945391262926847,0.0,2.7064844661324066,9.472695631463424,0.047583173982405934,0.0,0.0,0.0,0.0,0.0,0.0,4.070494268759071,6.3168763756489685,14.166666666666666
plot_7790,0.0,0.0,0.0,4.368936280520661,0.0,1.456312093506887,0.0,0.0,0.0,0.0,0.0,0.0,0.0,0.0,3.8737901687283194,3.8737901687283194,3.0
plot_7789,21.41020805781415,11.528573569592234,6.587756325481276,1.646939081370319,0.0,4.940817244110957,0.0,0.0,0.0,0.0,0.0,2.2331479017383242,0.0,0.0,8.659334115612806,10.89248201735113,2.58
plot_11095,0.0,0.0,10.37129226301597,10.37129226301597,0.0,0.0,0.0,0.0,0.0,0.0,0.0,0.0,0.0,0.0,7.467330429371499,7.467330429371499,4.0
plot_9016,0.0,1.1529238147943184,1.1529238147943184,0.0,3.458771444382955,2.3058476295886368,1.1529238147943184,0.043676864123852924,0.0,0.0,0.0,0.0,0.0,0.0,1.1529238147943184,1.1529238147943184,0.0
plot_11059,0.0,7.189150134616837,14.378300269233675,35.945750673084184,0.0,3.5945750673084187,0.0,0.0,0.0,0.0,0.0,5.345729027508184,0.0,0.0,4.780784839520197,10.126513867028379,3.5
plot_7982,0.0,0.0,0.0,0.0,0.0,0.0,20.32768223767126,0.0,0.48239433722032804,0.0,0.0,0.0,0.0,0.0,0.0,0.0,0.0
plot_829,3.1555430268810194,8.41478140501605,1.0518476756270063,3.1555430268810194,1.0518476756270063,4.207390702508025,12.622172107524078,0.9626210951416767,0.0,0.0,0.0,1.5080830285744573,0.0,1.7460671415408309,4.22499457834588,7.479144748461168,9.2
plot_11054,0.0,0.0,0.0,0.0,0.0,0.0,0.0,0.0,0.0,0.0,0.0,0.0,0.0,0.0,0.0,0.0,0.0
plot_10936,0.0,0.0,0.0,15.64341360142668,5.214471200475559,5.214471200475559,0.0,0.0,0.0,0.0,0.0,0.0,0.0,0.0,0.0,0.0,0.0
plot_12405,0.0,0.0,0.0,0.3444725419214472,0.0,0.0,0.0,0.0,0.0,0.0,0.0,0.0,0.3444725419214472,0.0,0.3444725419214472,0.6889450838428944,0.0
plot_12467,0.0,0.0,0.0,62.66449429753102,0.0,0.0,0.0,0.0,0.0,0.0,0.0,0.0,0.0,0.0,0.0,0.0,0.0
plot_18594,0.0,0.0,0.0,2.085192630095168,0.0,0.0,0.0,0.0,0.0,0.0,0.0,0.0,0.0,0.0,0.0,0.0,0.0
plot_11742,0.0,0.0,0.0,0.0,0.0,0.0,0.0,0.0,0.0,0.0,0.0,0.0,0.0,0.0,0.0,0.0,0.0
plot_11583,2.552628824795215,2.552628824795215,0.0,0.0,0.0,2.552628824795215,0.0,0.3641341968956479,0.0,0.0,0.0,0.0,0.0,0.0,3.3949963369776364,3.3949963369776364,3.0
plot_10543,0.0,0.0,0.0,5.863658219089726,0.0,0.0,0.0,0.9999977153502481,0.0,0.0,0.0,0.0,0.0,0.0,16.24233326687854,16.24233326687854,3.5
plot_11797,0.0,0.0,0.0,0.8293799555452342,0.0,0.0,0.8293799555452342,0.8418175887544415,0.0,0.0,0.0,0.0,0.0,0.0,0.0,0.0,0.0
plot_11087,0.0,0.0,22.334390494483404,0.0,0.0,0.0,0.0,0.37955044670332483,0.0,0.0,0.0,0.0,0.0,0.0,0.0,0.0,0.0
plot_11603,54.25186675741524,69.04783041852849,0.0,0.0,4.931987887037749,4.931987887037749,9.863975774075499,0.09325107655255423,0.0,0.0,0.0,0.0,0.0,0.0,0.0,0.0,0.0
plot_16814,0.0,4.928609097226672,0.0,0.0,4.928609097226672,0.0,19.714436388906687,0.0,0.0,0.0,0.0,4.928609097226672,0.0,0.0,6.555050099311474,11.483659196538145,1.5
plot_11474,0.0,0.0,0.0,0.0,3.4700293564483555,6.940058712896711,10.410088069345067,0.8653186351205508,0.0,0.0,0.0,0.0,0.0,0.0,25.046466937976927,25.046466937976927,2.7
plot_11472,11.313881000599634,22.62776200119927,11.313881000599634,11.313881000599634,0.0,0.0,11.313881000599634,0.0,0.0,0.0,0.0,0.0,0.0,0.0,0.0,0.0,0.0
plot_11473,0.0,0.0,0.0,0.0,3.423637477874743,0.0,0.0,0.004925921902248634,0.0,0.0,0.0,0.0,0.0,0.0,0.0,0.0,0.0
plot_10943,4.704886024136066,0.0,28.229316144816394,9.409772048272131,0.0,14.114658072408197,14.114658072408197,0.03207396358734739,0.0,0.0,0.0,0.0,0.0,0.0,19.548801430285355,19.548801430285355,3.5
plot_8898,0.0,0.0,3.6101408857480664,0.0,0.0,0.0,0.0,0.0,0.0,0.0,0.0,0.0,0.0,0.0,0.0,0.0,0.0
plot_11607,2.1983717210255294,0.8243893953845736,0.27479646512819117,0.8243893953845736,1.373982325640956,0.27479646512819117,0.0,0.0,0.0,0.0,0.0,0.0,0.27479646512819117,0.0,0.0,0.27479646512819117,0.0
plot_11741,2.9327706324079954,2.1995779743059964,0.0,2.9327706324079954,0.0,0.0,2.1995779743059964,0.0,0.0,0.0,0.0,1.8089360552298936,3.7392825563201937,0.0,2.0309436629425366,9.52945474504394,2.69
plot_19924,6.686860986846944,6.686860986846944,60.1817488816225,26.747443947387776,13.373721973693888,13.373721973693888,13.373721973693888,0.0,0.0,0.0,0.0,0.0,0.0,0.0,6.686860986846944,6.686860986846944,0.0
plot_9470,0.0,0.0,0.0,30.147723846849566,15.073861923424783,15.073861923424783,15.073861923424783,0.0,0.0,0.0,0.0,0.0,0.0,0.0,0.0,0.0,0.0
plot_11927,3.272090702354269,0.0,0.0,0.0,0.0,0.0,0.0,0.0,0.0,0.0,0.0,0.0,0.0,0.0,0.0,0.0,0.0
plot_11926,0.0,0.0,0.0,0.0,0.0,0.0,36.549707602339176,0.0,0.0,0.0,0.0,0.0,0.0,0.0,65.04030370683229,65.04030370683229,4.0
plot_6641,29.85647565630931,7.108684680073646,12.795632424132563,5.686947744058917,0.0,5.686947744058917,21.32605404022094,0.0,0.0,0.0,0.0,0.0,0.0,0.0,0.0,0.0,0.0
plot_6694,28.666437335167988,0.0,0.0,0.0,0.0,0.0,0.0,0.0,0.0,0.0,0.0,0.0,0.0,0.0,0.0,0.0,0.0
plot_9755,0.0,0.0,0.0,0.0,13.298226016649378,0.0,0.0,0.0,0.0,0.0,0.0,0.0,0.0,0.0,0.0,0.0,0.0
plot_6743,0.0,0.0,0.0,0.0,3.315023354339531,0.0,0.0,0.0,0.0,0.0,0.0,0.0,0.0,0.0,0.0,0.0,0.0
plot_6645,0.0,0.0,0.0,0.0,0.0,0.0,6.714158145280953,0.0,0.0,0.0,0.0,0.0,0.0,0.0,0.0,0.0,0.0
plot_9756,11.711830412695624,0.0,13.175809214282578,2.927957603173906,0.0,7.319894007934765,13.175809214282578,0.0,0.0,0.0,0.0,4.444973620885822,0.0,0.0,4.216258948570425,8.661232569456248,3.925
plot_6744,40.162961215130395,5.020370151891299,50.20370151891299,30.122220911347796,22.591665683510847,10.040740303782599,30.122220911347796,0.0,0.7833677602312497,0.0,0.0,0.0,0.0,0.0,0.0,0.0,0.0
plot_7168,0.0,0.0,0.0,0.0,0.0,0.0,0.0,0.0,0.0,0.0,0.0,0.0,0.0,0.0,0.0,0.0,0.0
plot_11055,0.0,0.0,0.0,0.0,0.0,0.0,0.0,0.0,0.0,0.0,0.0,0.0,0.0,0.0,0.0,0.0,0.0
plot_11694,0.0,0.0,0.0,3.673989744669959,0.0,0.0,0.0,0.0,0.0,0.0,0.0,0.0,0.0,0.0,1.2246632482233197,1.2246632482233197,0.0
plot_16838,0.0,0.0,0.0,0.0,0.0,0.0,19.330021456323816,0.0,0.0,0.0,0.0,0.0,0.0,0.0,0.0,0.0,0.0
plot_19416,0.0,9.402826489642786,0.0,0.0,0.0,0.0,0.0,0.0,0.0,0.0,0.0,0.0,0.0,0.0,0.0,0.0,0.0
plot_8989,0.0,0.0,0.0,11.812790889975666,0.0,0.0,0.0,0.0,0.0,0.0,0.0,0.0,0.0,0.0,16.68697147431263,16.68697147431263,3.0
plot_9842,2.669389443899444,14.681641941446943,0.0,13.34694721949722,1.334694721949722,2.669389443899444,13.34694721949722,0.0,0.0,0.0,0.0,0.0,0.0,2.2155932384365387,8.655495271843948,10.871088510280487,8.083333333333334
plot_8990,9.778028461267684,3.087798461452953,0.0,3.602431538361779,2.058532307635302,1.029266153817651,7.204863076723558,0.9465449190655998,0.0,0.0,0.0,1.5374886609310345,0.0,1.8015573905732618,4.843799813358801,8.182845864863097,14.14
plot_9717,2.6496453449705757,2.6496453449705757,2.6496453449705757,5.299290689941151,0.0,5.299290689941151,7.9489360349117275,0.0,0.0,0.0,0.0,0.0,0.0,0.0,0.0,0.0,0.0
plot_11841,6.5401368196622665,4.360091213108178,13.080273639324533,4.360091213108178,2.180045606554089,4.360091213108178,10.900228032770444,0.0,0.0,0.0,0.0,3.136561243782854,0.0,7.568161936145843,17.00747616421274,32.072290557249616,10.8
plot_11799,0.6915447588514272,4.149268553108563,2.0746342765542813,10.373171382771407,4.149268553108563,2.7661790354057088,4.149268553108563,0.0,0.0,0.0,0.0,0.0,0.6915447588514272,0.0,2.645158702606709,4.028248220309563,1.5
plot_6838,0.0,1.4288776166321355,1.4288776166321355,1.4288776166321355,0.0,2.857755233264271,0.0,0.08751534054569592,0.0,0.0,0.0,0.0,0.0,0.0,0.0,0.0,0.0
plot_6644,35.14355164637777,7.8096781436395055,64.42984468502591,19.524195359098762,13.666936751369134,13.666936751369134,7.8096781436395055,0.0,0.0,0.0,0.0,0.0,0.0,0.0,0.0,0.0,0.0
plot_6839,0.0,0.0,2.285881481616941,2.285881481616941,4.571762963233882,6.857644444850823,16.001170371318587,0.0,0.0,0.0,0.0,0.0,0.0,0.0,0.0,0.0,0.0
plot_6837,0.0,0.0,0.0,0.0,0.0,0.0,0.0,0.5267653181634271,0.0,0.0,0.0,0.0,0.0,0.0,0.0,0.0,0.0
plot_10095,0.0,29.094899248520317,4.156414178360045,4.156414178360045,0.0,0.0,29.094899248520317,0.0,0.0,0.0,0.0,0.0,0.0,0.0,0.0,0.0,0.0
plot_10098,14.99902506337088,7.49951253168544,0.0,0.0,0.0,0.0,7.49951253168544,0.0,0.0,0.0,0.0,0.0,0.0,0.0,0.0,0.0,0.0
plot_10097,66.84886258626453,19.66143017243074,3.9322860344861486,19.66143017243074,11.796858103458446,7.864572068972297,7.864572068972297,0.0,0.0,0.0,0.0,0.0,0.0,0.0,0.0,0.0,0.0
plot_10099,12.541229291295132,2.090204881882522,8.360819527530088,4.180409763765044,12.541229291295132,12.541229291295132,8.360819527530088,0.0,0.0,0.0,0.0,0.0,0.0,0.0,0.0,0.0,0.0
plot_20437,0.0,0.0,0.0,0.0,0.0,0.0,0.0,0.0,0.0,0.0,0.0,0.0,0.0,0.0,0.0,0.0,0.0
plot_19791,0.0,0.0,0.0,0.0,0.0,0.0,0.0,0.0,0.0,0.0,0.0,0.0,0.0,0.0,0.0,0.0,0.0
plot_7169,0.0,0.0,0.0,0.0,0.0,0.0,0.0,0.0,0.0,0.0,0.0,0.0,0.0,0.0,0.0,0.0,0.0
plot_18909,0.0,0.0,0.0,8.945784075609767,4.4728920378048835,0.0,0.0,0.0,0.7540889808554058,0.0,0.0,0.0,0.0,0.0,0.0,0.0,0.0
plot_6699,1.1962552425886006,9.570041940708805,0.0,1.1962552425886006,4.785020970354402,4.785020970354402,26.317615336949217,0.0,0.0,0.0,0.0,0.0,0.0,0.0,0.0,0.0,0.0
plot_18503,0.0,0.0,16.835016835016834,16.835016835016834,0.0,0.0,0.0,0.0,0.0,0.0,0.0,0.0,0.0,0.0,0.0,0.0,0.0
plot_6698,7.206410823068201,7.206410823068201,0.0,7.206410823068201,0.0,2.402136941022734,4.804273882045468,0.0,0.0002310413071802663,0.0,0.0,0.0,0.0,0.0,0.0,0.0,0.0
plot_6752,5.083461973162709,3.9538037569043296,0.0,1.12965821625838,0.56482910812919,3.9538037569043296,8.472436621937849,0.9100531011791946,0.0,0.0,0.0,0.0,0.0,0.0,0.0,0.0,0.0
plot_6753,12.649901330769621,7.906188331731013,7.906188331731013,5.534331832211709,4.743712999038608,9.487425998077216,28.462277994231645,0.6546975472503718,0.0,0.0,0.0,0.0,0.0,0.0,0.0,0.0,0.0
plot_10113,0.0,0.0,0.0,0.0,0.0,0.0,0.0,0.0,0.0,0.0,0.0,0.0,0.0,0.0,0.0,0.0,0.0
plot_6755,74.29093941511982,50.76547526699854,6.190911617926652,27.240011118877266,22.287281824535945,8.048185103304647,43.95547248727922,0.0,0.0,0.0,0.0,0.0,0.0,0.0,0.0,0.0,0.0
plot_6754,11.503535036316661,4.601414014526664,29.90919109442332,11.503535036316661,0.0,13.804242043579993,27.608484087159987,0.0,0.0,0.0,0.0,0.0,0.0,0.0,0.0,0.0,0.0
plot_10100,0.0,1.7779358165170238,3.5558716330340476,5.333807449551071,0.0,1.7779358165170238,5.333807449551071,0.019196528141321847,0.0,0.0,0.0,0.0,0.0,0.0,0.0,0.0,0.0
plot_6859,2.676421330275076,7.360158658256459,4.014631995412614,22.080475974769378,2.007315997706307,7.360158658256459,1.338210665137538,0.0,0.0,0.0,0.0,0.0,0.0,0.0,0.0,0.0,0.0
plot_20441,0.0,0.0,0.0,0.0,0.0,0.0,0.0,0.0,0.0,0.0,0.0,0.0,0.0,0.0,0.0,0.0,0.0
plot_10074,14.229056768762304,1.2935506153420278,0.0,1.2935506153420278,3.880651846026083,3.880651846026083,3.880651846026083,0.04544880115676799,0.0,0.0,0.0,0.0,0.0,0.0,0.0,0.0,0.0
plot_10096,21.48396457025693,12.084730070769522,6.042365035384761,2.6854955712821162,3.3568694641026453,4.028243356923174,3.3568694641026453,0.0,0.0,0.0,0.0,0.0,0.0,0.0,0.0,0.0,0.0
plot_7166,0.0,0.0,0.0,0.0,0.0,0.0,1.1731526365432352,0.8852994725316217,0.0,0.0,0.0,0.0,0.0,0.0,0.0,0.0,0.0
plot_7165,0.0,0.0,0.0,0.0,0.0,0.0,0.0,0.04877027567932307,0.0,0.0,0.0,0.0,0.0,0.0,0.0,0.0,0.0
plot_6331,1.2919546110506046,0.0,11.627591499455441,6.459773055253023,0.0,3.875863833151814,0.0,0.0,0.0,0.0,0.0,0.0,0.0,0.0,0.0,0.0,0.0
plot_10109,0.0,0.0,0.0,21.54522342396691,0.0,21.54522342396691,0.0,0.16271037812039543,0.0,0.0,0.0,0.0,0.0,0.0,0.0,0.0,0.0
plot_10110,0.0,0.0,0.0,5.612443910638667,0.0,0.0,0.0,0.07405429008195463,0.0,0.0,0.0,0.0,0.0,0.0,0.0,0.0,0.0
plot_11840,4.807068313247799,10.81590370480755,1.2017670783119498,0.0,2.4035341566238997,3.6053012349358498,19.228273252991197,0.0,0.0,0.0,0.0,3.705518001905478,0.0,2.0813949828666174,2.8423235519437355,8.62923653671583,10.52
plot_6756,9.638448044634277,4.130763447700404,1.376921149233468,4.130763447700404,4.130763447700404,0.0,12.392290343101212,0.0,0.0,0.0,0.0,0.0,0.0,0.0,0.0,0.0,0.0
plot_6700,1.216921339908278,2.1904584118349004,0.48676853596331127,0.48676853596331127,0.0,0.48676853596331127,3.6507640197248343,0.0,0.0,0.0,0.0,0.0,0.0,0.0,0.0,0.0,0.0
plot_19483,0.0,0.0,0.0,0.0,0.0,8.285621960212444,0.0,0.0,0.0,0.0,0.0,0.0,0.0,0.0,0.0,0.0,0.0
plot_6648,11.263163822717802,11.263163822717802,0.0,11.263163822717802,0.0,0.0,0.0,0.0,0.0,0.0,0.0,0.0,0.0,0.0,0.0,0.0,0.0
plot_12219,11.561718379663708,11.561718379663708,3.8539061265545693,19.269530632772845,7.707812253109139,15.415624506218277,11.561718379663708,0.0,0.0,0.0,0.0,0.0,0.0,0.0,0.0,0.0,0.0
plot_6649,0.0,5.979510211674662,0.0,4.650730164635848,1.3287800470388138,1.3287800470388138,5.979510211674662,0.0,0.0,0.0,0.0,0.0,0.0,0.0,0.0,0.0,0.0
plot_6650,0.0,0.0,4.74068455484972,33.18479188394804,4.74068455484972,4.74068455484972,0.0,0.0,0.0,0.0,0.0,0.0,0.0,0.0,0.0,0.0,0.0
plot_6651,23.443498238807194,14.652186399254497,73.26093199627249,11.721749119403597,5.860874559701799,14.652186399254497,46.88699647761439,0.0,0.0,0.0,0.0,0.0,0.0,0.0,0.0,0.0,0.0
plot_10882,9.335175474626991,1.3335964963752847,0.6667982481876423,1.3335964963752847,0.6667982481876423,0.0,2.6671929927505693,0.0,0.0,0.0,0.0,0.0,0.0,0.0,0.0,0.0,0.0
plot_10111,0.0,3.0075206060274318,0.0,1.804512363616459,0.0,2.4060164848219454,3.609024727232918,0.8966584344728438,0.0,0.0,0.0,0.0,0.0,0.0,0.0,0.0,0.0
plot_10086,0.0,0.0,0.0,0.0,0.6248722917253786,0.0,0.0,0.0,0.0,0.0,0.0,0.0,0.0,0.0,0.0,0.0,0.0
plot_7666,0.0,0.0,0.0,0.0,0.0,0.0,0.0,0.0,0.0,0.0,0.0,0.0,0.0,0.0,0.0,0.0,0.0
plot_10112,0.0,0.0,0.0,0.0,0.0,0.0,0.0,0.35744341639264887,0.0,0.0,0.0,0.0,0.0,0.0,0.0,0.0,0.0
plot_7756,0.0,0.0,0.0,0.0,0.0,1.2938075137871363,0.0,0.40929189429769774,0.0,0.0,0.3184483110088318,0.0,0.0,0.0,0.0,0.0,0.0
plot_9761,0.6471599708260286,1.2943199416520572,0.2588639883304114,0.90602395915644,0.7765919649912343,0.2588639883304114,0.90602395915644,0.713853311476311,0.0,0.0,0.0016131162784124233,0.0,0.0,0.0,0.0,0.0,0.0
plot_3090,0.0,3.8718398872520225,1.1062399677862922,2.7655999194657306,0.0,2.7655999194657306,4.424959871145169,0.9561072107699807,0.0,0.0,0.0,0.0,0.0,0.0,0.0,0.0,0.0
plot_3089,6.616185173790645,3.3080925868953224,6.616185173790645,0.0,0.0,3.3080925868953224,6.616185173790645,0.0,0.0,0.0,0.0,0.0,0.0,0.0,0.0,0.0,0.0
plot_3397,0.0,0.0,0.0,0.0,0.0,6.753714542998649,0.0,0.0,0.0,0.0,0.0,0.0,0.0,0.0,0.0,0.0,0.0
plot_3167,0.8209405515899566,0.0,0.8209405515899566,1.6418811031799132,0.0,0.0,0.0,0.00951351772943919,0.0,0.0,0.0,0.0,0.0,0.0,0.0,0.0,0.0
plot_19749,0.0,0.0,0.5938545555176808,1.1877091110353617,0.0,2.3754182220707234,0.0,0.0,0.0,0.0,0.0,0.0,0.0,0.0,0.0,0.0,0.0
plot_10114,33.58127508101482,0.0,0.0,16.79063754050741,16.79063754050741,33.58127508101482,67.16255016202965,0.0,0.0,0.0,0.0,0.0,0.0,0.0,0.0,0.0,0.0
plot_12218,30.062400955125426,13.742811865200194,0.0,0.0,0.0,4.294628707875061,6.871405932600097,0.0,0.0,0.0,0.0,0.0,0.0,0.0,0.0,0.0,0.0
plot_10081,35.014808849328865,38.63703045443185,8.451850411906968,26.5629584374219,15.696293622112941,21.733329630617916,63.99258169015276,0.0,0.0,0.0,0.0,0.0,0.0,0.0,0.0,0.0,0.0
plot_10083,2.6870957600316006,2.6870957600316006,0.0,2.6870957600316006,0.0,8.061287280094803,10.748383040126402,0.0,0.0,0.0,0.0,0.0,0.0,0.0,0.0,0.0,0.0
plot_12292,20.016463541262688,5.004115885315672,30.024695311894032,10.008231770631344,15.012347655947016,15.012347655947016,22.518521483920523,0.0,0.0,0.0,0.0,0.0,0.0,0.0,0.0,0.0,0.0
plot_10082,0.0,0.0,3.8907023885021963,23.344214331013177,7.781404777004393,11.672107165506588,7.781404777004393,0.0,0.0,0.0,0.0,0.0,0.0,0.0,0.0,0.0,0.0
plot_3121,0.0,0.0,0.0,0.0,0.0,0.0,0.0,0.0,0.0,0.0,0.0,0.0,0.0,0.0,0.0,0.0,0.0
plot_7091,31.6338237278985,10.544607909299499,0.0,16.8713726548792,10.544607909299499,14.7624510730193,18.9802942367391,0.7979229445287174,0.0,0.0,0.0,0.0,0.0,0.0,0.0,0.0,0.0
plot_3088,0.0,27.421488849737095,0.0,0.0,0.0,0.0,0.0,0.0,0.0,0.0,0.0,0.0,0.0,0.0,0.0,0.0,0.0
plot_7092,7.508274608288417,2.9380204988954675,0.6528934441989928,2.285127054696475,3.5909139430944603,1.9586803325969784,10.119848385084389,0.9169056534845348,0.0,0.0,0.0,0.0,0.0,0.0,0.0,0.0,0.0
plot_6293,0.0,0.0,0.0,0.0,0.0,0.0,0.0,0.0,0.0,0.0,0.0,0.0,0.0,0.0,0.0,0.0,0.0
plot_7093,16.44215649345602,10.46319049583565,28.400088488696767,10.46319049583565,14.94741499405093,7.473707497025465,62.779142975013905,0.0,0.0,0.0,0.0,0.0,0.0,0.0,0.0,0.0,0.0
plot_6297,0.0,0.0,3.051972031728301,6.103944063456602,3.051972031728301,9.155916095184903,15.259860158641505,0.06347571602762614,0.0,0.0,0.0,0.0,0.0,0.0,0.0,0.0,0.0
plot_6296,0.0,0.0,0.0,0.0,0.0,0.0,0.0,0.9999815826991669,0.0,0.0,0.0,0.0,0.0,0.0,0.0,0.0,0.0
plot_7041,0.9068978651624254,0.9068978651624254,0.9068978651624254,2.720693595487276,0.9068978651624254,3.6275914606497017,5.441387190974552,0.0,0.0,0.0,0.0,0.0,0.0,0.0,0.0,0.0,0.0
plot_7094,0.0,0.0,0.0,0.0,0.0,19.036287923854847,0.0,0.0,0.0,0.0,0.0,0.0,0.0,0.0,0.0,0.0,0.0
plot_7095,0.0,6.846782696810768,22.82260898936923,11.411304494684614,0.0,11.411304494684614,6.846782696810768,0.0034110488458261455,0.0,0.0,0.0,0.0,0.0,0.0,0.0,0.0,0.0
plot_19655,18.33172166946989,18.33172166946989,4.582930417367472,13.748791252102418,22.91465208683736,4.582930417367472,18.33172166946989,0.03304132387658836,0.0,0.0,0.0,0.0,0.0,0.0,0.0,0.0,0.0
plot_7096,8.309225040126632,9.694095880147739,6.924354200105527,4.154612520063316,4.154612520063316,1.3848708400211054,13.848708400211054,0.01627466211330746,0.0,0.0,0.0,0.0,0.0,0.0,0.0,0.0,0.0
plot_5897,0.0,14.110243331146245,28.22048666229249,7.055121665573123,0.0,14.110243331146245,21.16536499671937,0.0,0.0,0.0,0.0,0.0,0.0,0.0,0.0,0.0,0.0
plot_10115,0.0,0.0,0.0,0.8589496454513549,0.171789929090271,0.8589496454513549,0.343579858180542,0.3628948393318109,0.0,0.0,0.0,0.0,0.0,0.0,0.0,0.0,0.0
plot_16977,0.0,0.0,0.0,8.353172117111471,0.0,0.0,0.0,0.0,0.0,0.0,0.0,0.0,0.0,0.0,0.0,0.0,0.0
plot_3166,0.0,0.0,0.0,0.0,0.0,0.0,0.0,0.0,0.0,0.0,0.0,0.0,0.0,0.0,0.0,0.0,0.0
plot_10116,0.0,0.0,0.0,9.947873144721658,0.0,0.0,9.947873144721658,0.0404082898374148,0.0,0.0,0.0,0.0,0.0,0.0,0.0,0.0,0.0
plot_6333,0.0,0.0,0.0,12.241775057383322,0.0,0.0,0.0,0.0,0.0,0.0,0.0,0.0,0.0,0.0,0.0,0.0,0.0
plot_6922,0.0,0.0,8.100314292194538,0.0,0.0,0.0,0.0,0.0,0.0,0.0,0.0,0.0,0.0,0.0,0.0,0.0,0.0
plot_6334,0.0,0.0,0.0,0.0,0.0,0.0,0.0,0.0,0.0,0.0,0.0,0.0,0.0,0.0,0.0,0.0,0.0
plot_6295,2.9023616516759687,2.9023616516759687,0.0,2.9023616516759687,2.9023616516759687,0.0,0.0,0.0,0.0,0.0,0.0,0.0,0.0,0.0,0.0,0.0,0.0
plot_7043,0.0,2.3498366276084655,1.1749183138042327,1.1749183138042327,1.1749183138042327,8.22442819662963,0.0,0.0,0.0,0.0,0.0,0.0,0.0,0.0,0.0,0.0,0.0
plot_7983,0.0,0.0,2.995276449039864,2.995276449039864,0.0,2.995276449039864,0.0,0.0,0.6699941254127517,0.0,0.0,0.0,0.0,0.0,5.990552898079728,5.990552898079728,0.0
plot_7908,2.7518189523274885,13.759094761637442,8.255456856982466,5.503637904654977,5.503637904654977,5.503637904654977,16.510913713964932,0.0,0.7863598495677264,0.0,0.0,0.0,0.0,0.0,12.974826360224109,12.974826360224109,1.625
plot_7907,4.280886057796242,4.280886057796242,6.421329086694364,0.0,6.421329086694364,0.0,0.0,0.0,0.4841744065031053,0.0,0.0,0.0,2.2791781749120217,0.0,0.0,2.2791781749120217,0.0
plot_8234,0.0,5.867365274291992,0.0,5.867365274291992,0.0,1.466841318572998,7.33420659286499,0.0,0.0,0.0,0.0,2.031575226223602,0.0,0.0,3.4177402722750854,7.48089072472229,2.5
plot_8233,0.0,0.0,0.0,2.761809150702259,0.0,1.3809045753511295,1.3809045753511295,0.0,0.0,0.0,0.0,0.0,0.0,0.0,3.8251056737226286,3.8251056737226286,3.5
plot_7911,0.0,26.658609842358754,0.0,0.0,0.0,8.886203280786251,8.886203280786251,0.0,0.0,0.0,0.0,0.0,12.307391543888958,0.0,12.307391543888958,24.614783087777916,3.5
plot_7487,8.227100893051803,41.13550446525901,0.0,0.0,4.113550446525902,0.0,20.567752232629505,0.0,0.0,0.0,0.0,4.113550446525902,11.168289462317821,6.828493741232997,4.113550446525902,26.22388409660262,8.3
plot_7910,0.0,0.0,0.0,6.743452108003129,0.0,13.486904216006257,0.0,0.0,0.0,0.0,0.0,0.0,0.0,0.0,0.0,0.0,0.0
plot_7912,0.0,0.0,0.0,0.6922997574873949,0.0,0.6922997574873949,0.0,0.0,0.0,0.0,0.0,0.0,0.6922997574873949,0.0,0.0,0.6922997574873949,0.0
plot_9472,1.7999391620563225,3.599878324112645,0.5999797206854408,1.7999391620563225,2.999898603427204,2.999898603427204,8.999695810281613,0.0,0.0,0.0,0.0,0.0,0.0,0.0,4.891392398970371,5.798883550950548,2.5
plot_14781,13.60595124307372,3.40148781076843,3.40148781076843,10.20446343230529,0.0,3.40148781076843,10.20446343230529,0.0,0.0,0.0,0.0,4.680471178820931,0.0,0.0,12.829007235920585,17.509478414741515,3.8333333333333335
plot_14780,4.861921431349669,14.585764294049007,0.0,0.0,0.0,4.861921431349669,19.447685725398674,0.0,0.0,0.0,0.0,7.267511454117428,0.0,0.0,16.190198366394398,23.457709820511823,1.75
plot_7410,0.0,0.0,0.0,14.998350181480038,0.0,0.0,0.0,0.0,0.0,0.0,0.0,0.0,0.0,0.0,0.0,0.0,0.0
plot_9238,0.0,0.0,0.0,0.0,0.0,2.1072461874648356,2.1072461874648356,0.0,0.0,0.0,0.0,0.0,0.0,0.0,0.0,2.1072461874648356,0.0
plot_18591,0.0,0.0,10.274271682566102,35.95995088898136,0.0,0.0,20.548543365132204,0.0,0.0,0.0,0.0,0.0,0.0,0.0,7.114933140177026,7.114933140177026,3.5
plot_7509,0.0,11.544011544011545,0.0,0.0,0.0,23.08802308802309,5.772005772005772,0.0,0.0,0.0,0.0,7.994227994227995,0.0,0.0,8.62914862914863,16.623376623376625,4.0
plot_7508,0.0,0.0,0.0,0.0,0.0,0.0,0.0,0.0,0.0,0.0,0.0,0.0,0.0,0.0,0.0,0.0,0.0
plot_7408,8.319282988730144,8.319282988730144,22.18475463661372,30.504037625343866,16.63856597746029,13.865471647883576,19.411660307037003,0.0,0.0,0.0,0.0,0.0,0.0,4.805543297323452,29.909159848950466,34.71470314627392,7.800000000000001
plot_8991,0.0,2.6775553919271706,0.0,2.6775553919271706,0.0,2.6775553919271706,2.6775553919271706,0.0,0.0,0.0,0.0,3.708414217819131,0.0,0.0,3.9961704849605098,7.704584702779641,3.25
plot_19448,1.3941508401501501,2.7883016803003002,0.0,3.4853771003753753,0.6970754200750751,2.091226260225225,1.3941508401501501,0.0,0.0,0.0,0.0,1.052907869918915,0.0,0.0,0.965449456803979,2.945467635422744,3.5
plot_11088,0.0,5.030990903968446,0.0,0.0,2.515495451984223,0.0,0.0,0.8157144321889465,0.0,0.0,0.0,0.0,0.0,0.0,2.515495451984223,2.515495451984223,0.0
plot_17737,0.0,0.0,13.262951271917025,3.3157378179792563,0.0,9.947213453937769,0.0,0.048483284997885595,0.0,0.0,0.0,0.0,0.0,0.0,0.0,0.0,0.0
plot_18991,0.0,0.0,0.0,7.838546837930206,0.0,2.6128489459767357,0.0,0.0,0.0,0.0,0.0,0.0,0.0,4.337329250321381,2.6128489459767357,6.950178196298117,17.5
plot_12622,0.0,0.0,25.576973902960958,0.0,0.0,0.0,0.0,0.0,0.0,0.0,0.0,0.0,0.0,14.152592226305066,0.0,14.152592226305066,36.0
plot_11091,0.0,0.0,0.0,1.543376599324001,0.0,0.0,0.0,0.000878452669994841,0.0,0.0,0.0,0.0,0.0,0.0,0.0,0.0,0.0
plot_16934,0.0,0.0,24.28953121204761,0.0,0.0,24.28953121204761,0.0,0.0,0.0,0.0,0.0,0.0,0.0,0.0,0.0,0.0,0.0
plot_12621,0.0,6.765121738365682,0.0,0.0,0.0,6.765121738365682,0.0,0.0,0.0,0.0,0.0,0.0,0.0,0.0,25.52665075217018,25.52665075217018,2.1666666666666665
plot_11089,0.0,0.0,0.0,4.317192788561166,0.0,8.634385577122332,0.0,0.0,0.0,0.0,0.0,0.0,0.0,0.0,0.0,0.0,0.0
plot_9013,0.0,0.0,0.0,0.0,0.0,0.0,0.0,0.0,0.0,0.0,0.0,0.0,0.0,0.0,0.0,0.0,0.0
plot_19536,0.0,0.9228608316637242,0.0,0.0,0.0,1.8457216633274485,0.9228608316637242,0.8911938644253432,0.0,0.0,0.0,0.0,0.0,0.0,2.708271213920034,2.708271213920034,3.5
plot_9473,4.978356594704522,17.424248081465826,44.8052093523407,19.913426378818087,14.935069784113566,12.445891486761305,34.84849616293165,0.0,0.0,0.0,0.0,0.0,0.0,0.0,22.42753040350157,36.50248322831132,11.0
plot_9471,0.0,11.862044423356366,11.862044423356366,0.0,0.0,0.0,0.0,0.0,0.0,0.0,0.0,0.0,0.0,0.0,0.0,0.0,0.0
plot_7981,0.0,0.0,0.0,0.0,2.3241922850761294,2.3241922850761294,0.0,0.0,0.0,0.0,0.0,0.0,0.0,0.0,6.694493459321126,6.694493459321126,3.25
plot_7942,0.0,0.6026750334032638,0.0,1.8080251002097913,0.0,0.0,0.0,0.0,0.0,0.0,0.0,0.0,0.0,0.0,0.6026750334032638,0.6026750334032638,0.0
plot_7909,0.0,0.0,0.0,7.8578669034503905,0.0,0.0,0.0,0.0,0.0,0.0,0.0,0.0,0.0,0.0,0.0,0.0,0.0
plot_18919,0.0,17.979421268114265,0.0,0.0,0.0,2.5684887525877524,7.705466257763257,0.0,0.0,0.0,0.0,0.0,3.8891070143116275,0.0,3.416090040941711,10.721287096195049,3.0
plot_5841,0.0,0.0,0.0,1.302624397373388,1.302624397373388,2.605248794746776,2.605248794746776,0.9422517174070468,0.0,0.0,0.0,0.0,0.0,0.0,0.0,0.0,0.0
plot_11904,4.0951382518673825,8.190276503734765,4.0951382518673825,0.0,4.0951382518673825,0.0,4.0951382518673825,0.0,0.0,0.0,0.0,0.0,2.0475691259336912,0.0,11.936450251887077,13.984019377820768,2.98
plot_11903,0.0,26.277583250668435,0.0,6.569395812667109,0.0,0.0,0.0,0.0,0.0,0.0,0.0,8.737296430847255,8.737296430847255,0.0,0.0,17.47459286169451,3.0
plot_5838,1.3874301602343093,2.7748603204686186,0.0,2.7748603204686186,5.549720640937237,2.7748603204686186,2.7748603204686186,0.05068895500668133,0.0,0.0,0.0,0.0,0.0,0.0,0.0,0.0,0.0
plot_7409,1.5585330463554483,1.5585330463554483,0.0,0.0,0.0,3.1170660927108966,3.1170660927108966,0.0,0.0,0.0,0.0,0.0,0.0,0.0,0.0,0.0,0.0
plot_17741,0.0,4.2840588029911295,2.1420294014955648,2.1420294014955648,0.0,2.1420294014955648,4.2840588029911295,0.0,0.0,0.0,0.0,0.0,0.0,0.0,0.0,0.0,0.0
plot_11096,0.0,0.0,0.0,0.0,0.0,0.0,0.0,0.0,0.0,0.0,0.0,0.0,0.0,0.0,0.0,0.0,0.0
plot_11097,0.0,0.0,0.0,0.6294787412439506,0.6294787412439506,0.6294787412439506,0.0,0.0,0.0,0.0,0.0,0.0,0.0,0.0,0.6294787412439506,0.6294787412439506,0.0
plot_19508,0.0,0.0,0.0,0.0,0.0,0.0,0.0,0.004958219081574752,0.0,0.0,0.0,0.0,0.0,0.0,0.0,0.0,0.0
plot_9011,0.0,6.403421988710767,6.403421988710767,6.403421988710767,0.0,6.403421988710767,6.403421988710767,0.12795817391710537,0.0,0.0,0.0,0.0,0.0,0.0,11.107687888544305,11.107687888544305,4.5
plot_9010,0.0,0.0,0.0,15.133858982702,0.0,45.401576948106,15.133858982702,0.09635099276996328,0.0,0.0,0.0,0.0,0.0,0.0,0.0,0.0,0.0
plot_10651,0.0,0.40854279322341897,0.0,0.0,0.0,1.225628379670257,0.8170855864468379,0.0,0.0,0.0,0.0,0.0,0.0,0.0,0.0,0.0,0.0
plot_11997,0.0,2.0457051443347263,0.0,0.0,0.0,2.0457051443347263,0.0,0.0,0.0,0.0,0.0,0.0,0.0,0.0,0.0,0.0,0.0
plot_10354,0.0,0.0,5.7233777085885,0.0,0.0,0.0,0.0,0.0,0.0,0.0,0.0,0.0,0.0,0.0,0.0,0.0,0.0
plot_5843,2.074916951449018,0.0,0.0,0.0,2.074916951449018,0.0,0.0,0.0025936245767301013,0.0,0.0,0.0,0.0,0.0,0.0,0.0,0.0,0.0
plot_5842,0.0,0.747912389542689,0.0,6.731211505884201,2.243737168628067,0.747912389542689,0.747912389542689,0.0042460148040163875,0.0,0.0,0.0,0.0,0.0,0.0,0.0,0.0,0.0
plot_10652,25.304355160682658,5.623190035707257,0.0,2.8115950178536284,14.057975089268142,5.623190035707257,19.6811651249754,0.0,0.0,0.0,0.0,0.0,0.0,0.0,0.0,0.0,0.0
plot_6707,8.732429623894257,2.4256748955261824,0.4851349791052365,3.3959448537366552,0.4851349791052365,2.4256748955261824,2.4256748955261824,0.6044741708009842,0.0,0.0,0.0,0.0,0.0,0.0,0.0,0.0,0.0
plot_10653,7.339772760635331,22.019318281905992,0.0,0.0,0.0,0.0,22.019318281905992,0.0,0.0,0.0,0.0,0.0,0.0,0.0,0.0,0.0,0.0
plot_6451,0.0,0.0,0.0,3.6011638961712427,1.8005819480856213,7.202327792342485,0.0,0.848430543621838,0.0,0.0,0.0,0.0,0.0,0.0,0.0,0.0,0.0
plot_12025,0.0,0.0,0.0,0.0,0.0,0.0,0.0,0.0,0.0,0.0,0.0,0.0,0.0,0.0,0.0,0.0,0.0
plot_6660,0.0,8.409208924693433,23.125324542906938,8.409208924693433,6.306906693520075,2.102302231173358,21.02302231173358,0.001812775312909866,0.0,0.0,0.0,0.0,0.0,0.0,0.0,0.0,0.0
plot_10356,0.0,0.0,0.0,0.7453430963341046,0.0,2.2360292890023135,0.0,0.0,0.0,0.0,0.0,0.0,0.0,0.0,0.0,0.0,0.0
plot_10355,0.0,0.0,0.0,0.0,0.0,20.838325848901302,0.0,0.0,0.0,0.0,0.0,0.0,0.0,0.0,0.0,0.0,0.0
plot_9866,0.6984976712087642,1.3969953424175283,1.3969953424175283,2.7939906848350566,3.4924883560438205,2.0954930136262924,4.889483698461349,0.9692142484778379,0.0,0.0,0.0,0.0,1.8580038054153127,1.1595061342065485,0.6984976712087642,3.7160076108306255,10.25
plot_7728,0.0,21.65017644893806,10.82508822446903,10.82508822446903,0.0,10.82508822446903,10.82508822446903,0.9693780825588144,0.0,0.0,0.0,7.496373595444803,0.0,0.0,10.82508822446903,18.321461819913832,1.1666666666666667
plot_11624,0.0,0.0,0.0,0.0,0.0,0.0,0.0,0.0,0.0,0.0,0.0,0.0,0.0,1.1852512080672937,0.0,1.1852512080672937,0.0
plot_6676,0.0,0.0,0.0,0.0,0.0,0.0,0.0,0.0,0.0,0.0,0.0,0.0,0.0,0.0,0.0,0.0,0.0
plot_12456,3.099410492124398,4.649115738186597,0.0,0.0,1.549705246062199,0.0,0.0,0.0,0.0,0.0,0.0,0.0,0.0,0.0,0.0,0.0,0.0
plot_16214,0.0,0.0,0.0,0.0,0.0,0.0,0.0,0.0,0.0,0.0,0.0,0.0,0.0,0.0,0.0,0.0,0.0
plot_6517,0.0,0.0,0.0,4.354471388945739,2.1772356944728695,2.1772356944728695,0.0,0.0,0.0,0.0,0.0,0.0,0.0,0.0,0.0,0.0,0.0
plot_7163,0.0,1.3063186633747437,0.0,1.3063186633747437,0.0,0.0,0.0,0.0,0.0,0.0,0.0,0.0,0.0,0.0,0.0,0.0,0.0
plot_10473,0.0,0.0,0.0,4.641609710247514,0.0,13.924829130742541,0.0,0.0,0.0,0.0,0.0,0.0,0.0,0.0,0.0,0.0,0.0
plot_16700,0.0,0.0,0.0,0.7005597472380433,0.0,3.502798736190216,0.0,0.0,0.0,0.0,0.0,0.0,0.0,0.0,0.7005597472380433,0.7005597472380433,0.0
plot_11999,0.0,0.0,0.0,0.0,0.0,0.0,0.0,0.0,0.0,0.0,0.0,0.0,0.0,0.0,0.0,0.0,0.0
plot_11998,0.0,0.0,0.0,16.521279407877348,0.0,0.0,0.0,0.0,0.0,0.0,0.0,0.0,0.0,0.0,0.0,0.0,0.0
plot_16302,0.0,0.0,0.0,0.0,0.0,0.0,0.0,0.0,0.0,0.0,0.0,0.0,0.0,0.0,0.0,0.0,0.0
plot_16217,0.0,0.0,0.0,0.0,0.0,0.0,0.0,0.0,0.0,0.0,0.0,0.0,0.0,0.0,0.0,0.0,0.0
plot_16729,0.0,0.0,0.0,0.0,0.0,0.0,0.0,0.0,0.0,0.0,0.0,0.0,0.0,0.0,0.0,0.0,0.0
plot_16631,0.0,0.0,0.0,0.0,0.0,0.0,0.0,0.0,0.0,0.0,0.0,0.0,0.0,0.0,0.0,0.0,0.0
plot_16215,0.0,0.0,0.0,0.0,0.0,0.0,0.0,0.0,0.0,0.0,0.0,0.0,0.0,0.0,0.0,0.0,0.0
plot_12026,0.0,0.0,0.0,0.0,0.0,0.0,0.0,0.0,0.0,0.0,0.0,0.0,0.0,0.0,0.0,0.0,0.0
plot_10357,0.0,0.0,0.0,0.0,0.0,0.0,0.0,0.0,0.0,0.0,0.0,0.0,0.0,0.0,0.0,0.0,0.0
plot_17094,0.0,0.0,28.115950178536284,0.0,0.0,0.0,0.0,0.9842926647654024,0.0,0.0,0.0,0.0,0.0,0.0,0.0,0.0,0.0
plot_6418,3.6466316671062877,4.456994259796574,0.4051812963451431,4.456994259796574,2.8362690744160015,3.6466316671062877,11.345076297664006,0.9072540675419485,0.0,0.0,0.0,0.0,0.0,0.0,0.0,0.0,0.0
plot_6330,0.0,0.0,0.0,0.0,0.0,0.0,0.0,1.0000006375111492,0.0,0.0,0.0,0.0,0.0,0.0,0.0,0.0,0.0
plot_10712,0.37582865520614767,2.254971931236886,1.5033146208245907,3.7582865520614765,1.5033146208245907,2.6308005864430335,1.8791432760307383,0.9505669643394437,0.0,0.0,0.0,0.0,0.0,0.0,0.0,0.0,0.0
plot_6857,0.0,0.0,0.0,0.0,0.0,14.910684996868756,0.0,0.999999800850434,0.0,0.0,0.0,0.0,0.0,0.0,0.0,0.0,0.0
plot_10745,0.0,2.2854974899523817,0.0,3.4282462349285727,0.0,0.0,1.1427487449761908,0.04370844972784092,0.0,0.0,0.0,0.0,0.0,0.0,0.0,0.0,0.0
plot_6535,0.0,33.61231555241841,0.0,0.0,0.0,0.0,33.61231555241841,0.0,0.0,0.0,0.0,0.0,0.0,0.0,0.0,0.0,0.0
plot_6420,0.0,2.665025011259731,0.6662562528149327,0.0,0.0,2.665025011259731,1.3325125056298655,0.0,0.0,0.0,0.0,0.0,0.0,0.0,0.0,0.0,0.0
plot_16253,0.0,0.0,0.0,0.0,0.0,0.0,0.0,0.0,0.0,0.0,0.0,0.0,0.0,0.0,0.0,0.0,0.0
plot_10746,1.4107894354443917,2.8215788708887835,0.0,2.8215788708887835,0.0,4.232368306333175,4.232368306333175,0.0001375949421284151,0.0,0.0,0.0,0.0,0.0,0.0,0.0,0.0,0.0
plot_16254,0.0,0.0,0.0,0.0,0.0,0.0,0.0,0.0,0.0,0.0,0.0,0.0,0.0,0.0,0.0,0.0,0.0
plot_10474,0.0,0.0,5.3109282971570595,21.243713188628238,0.0,0.0,0.0,0.0,0.0,0.0,0.0,0.0,0.0,0.0,0.0,0.0,0.0
plot_16677,4.0608972146306,0.0,0.0,0.0,0.0,2.0304486073153,2.0304486073153,0.0,0.0,0.0,0.0,2.778068450190946,0.0,0.0,4.84261992844699,7.6206883786379365,2.1666666666666665
plot_11957,0.0,4.667524453938534,7.779207423230891,6.223365938584712,14.002573361815603,6.223365938584712,12.446731877169425,0.0,0.0,0.0,0.0,4.733548661120192,0.0,0.0,8.191505416662128,14.480895562428499,2.914285714285714
plot_16678,0.0,0.0,0.0,0.0,0.0,0.0,7.843198770186433,0.0,0.0,0.0,0.0,0.0,0.0,13.454421297861572,10.431454364347957,23.88587566220953,22.5
plot_10521,11.072848268760174,0.0,0.0,0.0,5.536424134380087,0.0,22.145696537520347,0.0,0.0,0.0,0.0,8.246118663404395,5.536424134380087,9.55459981870051,26.885046298471508,50.2221889149565,7.985714285714286
plot_17057,2.7128134316818633,27.128134316818635,4.521355719469772,0.0,1.808542287787909,3.617084575575818,9.042711438939545,0.0,0.0,0.0,0.0,0.0,13.64672941106101,0.0,9.120331464659818,22.767060875720826,2.05
plot_17086,6.260858676767519,9.391288015151279,65.73901610605895,3.1304293383837596,9.391288015151279,21.913005368686317,25.043434707070077,0.0,0.0,0.0,0.0,4.645788716339685,0.0,0.0,30.566921772107715,40.40922319016444,6.477777777777778
plot_16908,13.896857523460874,9.926326802472053,15.882122883955283,0.0,3.9705307209888208,11.911592162966462,27.793715046921747,0.0,0.0,0.0,0.0,0.0,0.0,0.0,13.286849411317744,13.286849411317744,2.9
plot_17027,5.542868545329579,0.0,0.0,0.0,11.085737090659158,5.542868545329579,5.542868545329579,0.0,0.0,0.0,0.0,0.0,0.0,0.0,0.0,9.201161785247102,30.0
plot_16955,8.36423453313631,19.51654724398472,25.092703599408928,16.72846906627262,2.7880781777121033,8.36423453313631,30.668859954833135,0.0,0.0,0.0,0.0,4.3314058262167405,0.0,0.0,15.568628544344385,19.900034370561126,3.7600000000000002
plot_6652,17.86711334450028,7.4446305602084495,10.422482784291828,7.4446305602084495,17.86711334450028,5.95570444816676,28.28959612879211,0.0,0.0,0.0,0.0,0.0,0.0,0.0,0.0,0.0,0.0
plot_6653,33.46249857784381,6.692499715568762,0.0,6.692499715568762,10.038749573353144,6.692499715568762,23.423749004490666,0.0,0.0,0.0,0.0,0.0,0.0,0.0,0.0,0.0,0.0
plot_19388,0.0,0.0,0.0,4.787369005615584,9.574738011231169,4.787369005615584,14.362107016846753,0.0,0.0,0.0,0.0,0.0,0.0,0.0,0.0,0.0,0.0
plot_6576,11.529883811713702,3.2942525176324864,6.588505035264973,0.0,6.588505035264973,9.88275755289746,14.824136329346189,0.0,0.8530722374986394,0.0,0.0,0.0,0.0,0.0,0.0,0.0,0.0
plot_6328,27.47362531969309,9.990409207161125,2.4976023017902813,22.47842071611253,14.985613810741688,12.488011508951406,17.48321611253197,0.0,0.7433847216872959,0.0,0.0,0.0,0.0,0.0,0.0,0.0,0.0
plot_16986,55.256071260829785,45.50499986185982,1.6251785664949936,30.87839276340488,19.502142797939925,9.751071398969962,32.50357132989987,0.0,0.023122182884254508,0.0,0.0,0.0,0.0,0.0,0.0,0.0,0.0
plot_6654,50.103482962888734,38.541140740683645,2.569409382712243,17.9858656789857,12.847046913561215,12.847046913561215,21.839979753054063,0.0,0.6755115509436433,0.0,0.0,0.0,0.0,0.0,0.0,0.0,0.0
plot_6706,19.25245238575553,12.555947208101433,17.578326091342007,18.833920812152147,24.693362842599484,9.626226192877764,53.99057299483616,0.0,0.0,0.0,0.0,0.0,0.0,0.0,0.0,0.0,0.0
plot_7118,0.8142999761681541,0.0,0.0,0.5428666507787694,0.5428666507787694,0.5428666507787694,0.0,0.011606836717422965,0.0,0.0,0.9392483207867409,0.0,0.0,0.0,0.0,0.0,0.0
plot_6267,0.0,0.0,0.0,17.61524775845972,0.0,0.0,0.0,0.0,0.0,0.0,0.0,0.0,0.0,0.0,0.0,0.0,0.0
plot_6332,0.0,0.0,0.0,0.0,0.0,0.0,0.0,0.0,0.0,0.0,0.0,0.0,0.0,0.0,0.0,0.0,0.0
plot_16883,0.0,0.0,0.0,10.516242336288398,0.0,0.0,0.0,0.0,0.0,0.0,0.0,0.0,0.0,0.0,0.0,0.0,0.0
plot_7311,0.0,0.0,0.0,0.0,0.0,0.0,0.0,0.0,0.0,0.0,0.0,0.0,0.0,0.0,0.0,0.0,0.0
plot_10123,0.0,2.699509152107314,0.19282208229337958,0.9641104114668978,0.7712883291735183,2.8923312344006935,4.62772997504111,0.9908047536200322,0.0,0.0,8.744175452859666e-05,0.0,0.0,0.0,0.0,0.0,0.0
plot_10117,0.0,1.4860710559921855,1.4860710559921855,0.49535701866406184,0.0,2.4767850933203093,1.4860710559921855,0.9999999314279415,0.0,0.0,0.0,0.0,0.0,0.0,0.0,0.0,0.0
plot_6288,0.0,0.0,0.0,0.0,0.0,0.0,0.0,0.8249306267543162,0.0,0.0,0.0,0.0,0.0,0.0,0.0,0.0,0.0
plot_10087,0.0,0.0,0.0,0.0,0.0,0.0,0.0,0.0,0.0,0.0,0.0,0.0,0.0,0.0,0.0,0.0,0.0
plot_7104,0.0,0.0,0.0,8.12158555007499,2.70719518335833,5.41439036671666,0.0,0.0,0.0,0.0,0.0,0.0,0.0,0.0,0.0,0.0,0.0
plot_7354,0.0,0.0,0.0,0.0,0.8815753398693329,6.17102737908533,0.0,0.4021295078808683,0.0,0.0,0.4241980766698748,0.0,0.0,0.0,0.0,0.0,0.0
plot_9181,0.0,0.0,0.0,0.0,0.0,0.0,0.0,0.0,0.0,0.0,0.0,0.0,0.0,0.0,0.0,0.0,0.0
plot_6659,28.948168304650522,0.0,0.0,57.896336609301045,43.422252456975784,14.474084152325261,14.474084152325261,0.0,0.0,0.0,0.0,0.0,0.0,0.0,0.0,0.0,0.0
plot_7042,0.0,0.0,0.0,3.735688809650778,0.0,0.0,0.0,0.0,0.0,0.0,0.0,0.0,0.0,0.0,0.0,0.0,0.0
plot_6245,9.206577178736488,0.0,0.0,0.0,0.0,0.0,0.0,0.0,0.0,0.0,0.0,0.0,0.0,0.0,0.0,0.0,0.0
plot_6294,0.0,0.0,0.0,0.0,0.0,2.264169740277089,0.0,0.0,0.0,0.0,0.0,0.0,0.0,0.0,0.0,0.0,0.0
plot_7105,0.0,1.2356784863432815,0.0,6.178392431716407,3.707035459029844,1.2356784863432815,1.2356784863432815,0.0,0.0,0.0,0.0,0.0,0.0,0.0,0.0,0.0,0.0
plot_7119,0.0,0.0,0.0,0.0,0.0,0.716734386120582,0.0,0.9523236311909049,0.0,0.0,0.006742446033531435,0.0,0.0,0.0,0.0,0.0,0.0
plot_7120,31.44011444201657,15.720057221008284,0.0,11.790042915756214,3.930014305252071,0.0,7.860028610504142,0.0,0.0,0.0,0.0,0.0,0.0,0.0,0.0,0.0,0.0
plot_7106,2.7592220097621274,2.7592220097621274,0.0,8.277666029286383,2.7592220097621274,2.7592220097621274,0.0,0.0,0.0,0.0,0.0,0.0,0.0,0.0,0.0,0.0,0.0
plot_16753,6.633631183373467,4.9752233875301,4.9752233875301,3.3168155916867335,0.0,3.3168155916867335,4.9752233875301,0.0,0.0,0.0,0.0,0.0,0.0,0.0,0.0,0.0,0.0
plot_16973,5.985777791966289,0.9976296319943814,0.9976296319943814,2.9928888959831443,0.0,1.9952592639887627,1.9952592639887627,0.4411498414161782,0.0,0.0,0.0,0.0,0.0,0.0,0.0,0.0,0.0
plot_10118,0.0,0.0,0.0,1.5262701620288404,0.0,0.7631350810144202,0.0,1.0000000651861336,0.0,0.0,0.0,0.0,0.0,0.0,0.0,0.0,0.0
plot_7107,0.0,0.0,34.250354871732426,7.611189971496095,3.8055949857480473,3.8055949857480473,15.22237994299219,0.0,0.0,0.0,0.0,0.0,0.0,0.0,0.0,0.0,0.0
plot_6860,7.295915017181879,29.183660068727516,7.295915017181879,21.887745051545636,0.0,7.295915017181879,3.6479575085909395,0.0,0.0,0.0,0.0,0.0,0.0,0.0,0.0,0.0,0.0
plot_7033,0.0,0.0,0.0,0.0,0.0,0.0,0.0,1.0000039148035218,0.0,0.0,0.0,0.0,0.0,0.0,0.0,0.0,0.0
plot_7108,0.0,0.0,6.408969138677275,0.0,0.0,4.272646092451517,0.0,0.0,0.0,0.0,0.0,0.0,0.0,0.0,0.0,0.0,0.0
plot_7109,0.0,0.0,0.0,0.0,0.0,0.0,0.0,0.0,0.0,0.0,0.0,0.0,0.0,0.0,0.0,0.0,0.0
plot_8986,11.314546660058971,6.788727996035383,2.262909332011794,0.0,2.262909332011794,0.0,2.262909332011794,0.0,0.0,0.0,0.0,0.0,0.0,0.0,0.0,0.0,0.0
plot_10120,0.0,0.0,0.0,0.0,0.0,0.0,0.0,0.0,0.0,0.0,0.0,0.0,0.0,0.0,0.0,0.0,0.0
plot_5986,0.0,0.0,0.0,0.0,0.0,0.0,0.0,0.0,0.0,0.0,0.0,0.0,0.0,0.0,0.0,0.0,0.0
plot_9769,0.0,0.0,0.0,0.0,0.0,0.0,0.0,0.0,0.0,0.0,0.0,0.0,0.0,0.0,0.0,0.0,0.0
plot_6266,15.555486420060356,0.0,0.0,7.777743210030178,0.0,7.777743210030178,0.0,0.0,0.0,0.0,0.0,0.0,0.0,0.0,0.0,0.0,0.0
plot_19425,10.712717066429558,10.712717066429558,0.0,32.13815119928868,0.0,0.0,10.712717066429558,0.0,0.0,0.0,0.0,0.0,0.0,0.0,0.0,0.0,0.0
plot_6856,1.070088667546993,2.140177335093986,0.0,0.0,0.0,4.280354670187972,2.140177335093986,0.0,0.0,0.0,0.0,0.0,0.0,0.0,0.0,0.0,0.0
plot_6265,0.0,5.34095309307946,2.67047654653973,2.67047654653973,8.011429639619191,8.011429639619191,24.03428891885757,0.0,0.0,0.0,0.0,0.0,0.0,0.0,0.0,0.0,0.0
plot_17072,0.0,0.0,1.565721962225392,1.565721962225392,0.0,0.0,0.0,0.0,0.0,0.0,0.0,0.0,0.0,0.0,0.0,0.0,0.0
plot_6268,0.0,0.0,12.28855996510049,3.0721399912751224,0.0,9.216419973825367,12.28855996510049,0.0,0.0,0.0,0.0,0.0,0.0,0.0,0.0,0.0,0.0
plot_6855,2.256587543185444,0.0,4.513175086370888,4.513175086370888,0.0,18.05270034548355,9.026350172741775,0.0,0.0,0.0,0.0,0.0,0.0,0.0,0.0,0.0,0.0
plot_17629,7.969216056831896,11.384594366902707,4.553837746761083,1.1384594366902707,15.938432113663792,4.553837746761083,20.492269860424873,0.0,0.061065448419426065,0.0,0.0,0.0,0.0,0.0,0.0,0.0,0.0
plot_11605,0.0,0.0,0.0,16.32026112417799,0.0,4.80007680122882,0.0,0.0,0.04083634483697792,0.0,0.0,0.0,0.0,0.0,0.0,0.0,0.0
plot_11672,12.252899852965202,13.614333169961336,4.084299950988401,20.421499754942005,6.807166584980668,1.3614333169961337,9.530033218972935,0.0,0.9888288415486465,0.0,0.0,0.0,0.0,0.0,0.0,0.0,0.0
plot_7121,38.10322162738859,33.34031892396502,9.525805406847148,0.0,9.525805406847148,4.762902703423574,23.81451351711787,0.0,0.0,0.0,0.0,0.0,0.0,0.0,0.0,0.0,0.0
plot_6575,0.0,0.0,0.0,0.0,0.0,0.0,0.0,2.379903354425055e-05,0.0,0.0,0.0,0.0,0.0,0.0,0.0,0.0,0.0
plot_9886,0.0,0.0,0.0,4.337115297873079,2.1685576489365395,0.0,2.1685576489365395,0.03344541147212273,0.0,0.0,0.0,0.0,0.0,0.0,0.0,0.0,0.0
plot_7122,0.0,0.0,0.0,0.0,2.4271432281490366,1.6180954854326912,0.8090477427163456,0.5331071405053219,0.0,0.0,0.0,0.0,0.0,0.0,0.0,0.0,0.0
plot_16902,3.1229912009722915,5.725483868449201,0.0,4.684486801458437,3.6434897344676735,2.6024926674769095,6.766480935439965,0.0,0.0,0.0,0.0,0.0,0.0,0.0,0.0,0.0,0.0
plot_6253,0.8922110864365178,2.6766332593095536,0.0,2.6766332593095536,0.0,0.0,1.7844221728730356,0.015999842311028974,0.0,0.0,0.0,0.0,0.0,0.0,0.0,0.0,0.0
plot_19738,18.375822318048733,0.0,0.0,0.0,24.50109642406498,0.0,18.375822318048733,0.0,0.0,0.0,0.0,0.0,0.0,0.0,0.0,0.0,0.0
plot_7132,0.0,0.0,0.0,61.77796997590659,0.0,0.0,0.0,1.000024870392753,0.0,0.0,0.0,0.0,0.0,0.0,0.0,0.0,0.0
plot_6335,0.0,0.0,0.0,0.0,0.0,0.0,0.0,0.0,0.0,0.0,0.0,0.0,0.0,0.0,0.0,0.0,0.0
plot_6255,0.0,0.0,0.0,0.0,0.0,0.0,0.0,1.0000051004034423,0.0,0.0,0.0,0.0,0.0,0.0,0.0,0.0,0.0
plot_7824,0.0,0.0,0.0,0.0,0.0,15.444731030009113,0.0,0.0,0.0,0.0,0.0,0.0,0.0,0.0,0.0,0.0,0.0
plot_8985,0.0,0.0,0.0,10.134381904047672,0.0,0.0,0.0,0.0005081535399479784,0.0,0.0,0.0,0.0,0.0,0.0,0.0,0.0,0.0
plot_7729,0.0,0.0,3.5141232613875166,0.0,0.0,0.0,0.0,0.0,0.0,0.0,0.0,0.0,0.0,0.0,0.0,0.0,0.0
plot_9768,0.6012122844503657,5.711516702278474,0.30060614222518284,0.9018184266755485,0.0,1.803636853351097,4.5090921333777425,0.0,0.0,0.0,0.001393770143079665,0.0,0.0,0.0,0.0,0.0,0.0
plot_10421,0.0,14.24663779348074,0.0,0.0,0.0,0.0,0.0,0.0,0.0,0.0,0.0,0.0,0.0,0.0,0.0,0.0,0.0
plot_9835,30.28199264484045,5.607776415711195,1.1215552831422388,2.2431105662844777,5.607776415711195,7.850886981995672,2.2431105662844777,0.0,0.0,0.0,0.0,0.0,0.0,0.0,0.0,0.0,0.0
plot_9711,0.0,0.0,0.0,0.0,0.0,12.84670032502152,0.0,0.0,0.0,0.0,0.0,0.0,0.0,0.0,0.0,0.0,0.0
plot_6662,0.0,3.5917282498406164,11.673116811982004,4.489660312300771,0.0,7.183456499681233,4.489660312300771,0.0,0.0,0.0,0.0,0.0,0.0,0.0,0.0,0.0,0.0
plot_16756,10.105092966855294,20.210185933710587,0.0,0.0,0.0,10.105092966855294,10.105092966855294,0.0,0.0,0.0,0.0,0.0,0.0,0.0,0.0,0.0,0.0
plot_16946,21.350527624913934,16.01289571868545,0.0,21.350527624913934,0.0,0.0,10.675263812456967,0.0,0.0,0.0,0.0,0.0,0.0,0.0,0.0,0.0,0.0
plot_6419,14.951072614867844,4.983690871622614,34.8858361013583,9.967381743245229,12.459227179056537,14.951072614867844,14.951072614867844,0.0,0.0,0.0,0.0,0.0,0.0,0.0,0.0,0.0,0.0
plot_11671,0.0,0.0,0.0,0.0,0.0,0.0,0.0,0.0,0.08692751158506765,0.0,0.0,0.0,0.0,0.0,0.0,0.0,0.0
plot_6421,0.0,0.0,0.0,0.0,0.0,7.07999688480137,0.0,0.0,0.0,0.0,0.0,0.0,0.0,0.0,0.0,0.0,0.0
plot_6269,1.0763065464551844,1.0763065464551844,1.0763065464551844,1.4350753952735793,2.511381941728764,1.4350753952735793,2.511381941728764,0.5230679960413168,0.0,0.0,0.0,0.0,0.0,0.0,0.0,0.0,0.0
plot_11673,5.236040715452604,0.0,0.0,0.0,0.0,0.0,0.0,0.0,0.16962986800429333,0.0,0.0,0.0,0.0,0.0,0.0,0.0,0.0
plot_6422,19.157042248462048,9.578521124231024,26.340933091635318,9.578521124231024,14.367781686346536,7.183890843173268,23.94630281057756,0.0,0.0,0.0,0.0,0.0,0.0,0.0,0.0,0.0,0.0
plot_6858,0.0,0.0,0.0,0.0,0.0,11.10247585211502,0.0,0.03241992433280603,0.0,0.0,0.0,0.0,0.0,0.0,0.0,0.0,0.0
plot_6483,31.095252532319627,3.8869065665399534,42.75597223193949,23.321439399239722,27.208345965779674,7.773813133079907,34.98215909885958,0.0,0.0,0.0,0.0,0.0,0.0,0.0,0.0,0.0,0.0
plot_6473,0.0,0.0,0.0,0.0,19.486340075607,0.0,0.0,0.0,0.0,0.0,0.0,0.0,0.0,0.0,0.0,0.0,0.0
plot_6484,73.74563287580314,3.072734703158464,0.0,0.0,3.072734703158464,3.072734703158464,6.145469406316928,0.0,0.0,0.0,0.0,0.0,0.0,0.0,0.0,0.0,0.0
plot_6254,0.0,0.5816168366441872,0.38774455776279143,0.9693613944069787,1.1632336732883743,1.1632336732883743,0.19387227888139572,0.989965378519977,0.0,0.0,0.0,0.0,0.0,0.0,0.0,0.0,0.0
plot_6256,0.0,0.0,0.0,2.7771220684005167,0.0,0.6942805171001292,0.0,1.0000002287577034,0.0,0.0,0.0,0.0,0.0,0.0,0.0,0.0,0.0
plot_6271,0.0,0.0,0.0,0.0,0.0,0.0,0.0,0.0,0.0,0.0,0.0,0.0,0.0,0.0,0.0,0.0,0.0
plot_6298,0.0,0.0,0.0,9.371632069724942,0.0,0.0,0.0,0.999964442277821,0.0,0.0,0.0,0.0,0.0,0.0,0.0,0.0,0.0
plot_7164,0.0,0.0,0.0,6.457111863005914,0.0,0.0,0.0,0.859694270977249,0.0,0.0,0.0,0.0,0.0,0.0,0.0,0.0,0.0
plot_6449,0.0,0.0,0.0,0.0,0.0,0.0,0.0,0.0,0.0,0.0,0.0,0.0,0.0,0.0,0.0,0.0,0.0
plot_16168,0.0,0.0,0.0,0.0,0.0,0.0,0.0,0.0,0.0,0.0,0.0,0.0,0.0,0.0,0.0,0.0,0.0
plot_6574,0.0,0.0,0.0,0.0,0.0,0.0,0.0,0.0,0.0,0.0,0.0,0.0,0.0,0.0,0.0,0.0,0.0
plot_9770,0.0,7.343707544190759,0.0,0.0,0.0,0.0,0.0,0.0,0.0,0.0,0.0,0.0,0.0,0.0,0.0,0.0,0.0
plot_8988,0.0,0.7552989888812436,0.0,0.0,0.0,0.0,0.0,0.0,0.0,0.0,0.0,0.0,0.0,0.0,0.0,0.0,0.0
plot_9751,1.6993970539252674,0.0,0.0,0.0,0.0,1.6993970539252674,0.0,0.6636331074494871,0.0,0.0,0.0,0.0,0.0,0.0,0.0,0.0,0.0
plot_10148,19.047256242738232,6.349085414246078,57.1417687282147,25.396341656984312,0.0,0.0,57.1417687282147,0.0,0.0,0.0,0.0,0.0,0.0,0.0,0.0,0.0,0.0
plot_9781,0.2752589291932188,1.651553575159313,0.0,1.651553575159313,1.376294645966094,2.2020714335457505,1.376294645966094,0.9584668482027804,0.0,0.0,0.0,0.0,0.0,0.0,0.0,0.0,0.0
plot_6247,0.0,0.0,0.0,3.2676641756173437,0.0,3.2676641756173437,3.2676641756173437,0.0,0.0,0.0,0.0,0.0,0.0,0.0,0.0,0.0,0.0
plot_9709,13.36219567599348,40.086587027980435,6.68109783799674,0.0,6.68109783799674,13.36219567599348,26.72439135198696,0.0,0.0,0.0,0.0,0.0,0.0,0.0,0.0,0.0,0.0
plot_9752,0.0,0.0,0.0,0.0,0.0,0.0,0.0,0.0,0.0,0.0,0.0821476325394934,0.0,0.0,0.0,0.0,0.0,0.0
plot_7125,0.0,0.0,0.0,0.0,0.0,0.0,0.0,0.0,0.0,0.0,0.0,0.0,0.0,0.0,0.0,0.0,0.0
plot_7115,0.0,0.0,0.0,3.0597882626522246,0.0,1.5298941313261123,0.0,0.0,0.0,0.0,0.0,0.0,0.0,0.0,0.0,0.0,0.0
plot_16715,5.065654256264019,6.078785107516823,0.33771028375093465,2.0262617025056078,1.0131308512528039,3.0393925537584114,8.105046810022431,0.0,0.0,0.0,0.0,0.0,0.0,0.0,0.0,0.0,0.0
plot_6664,0.7216254179564218,2.706095317336582,0.9020317724455272,1.262844481423738,0.3608127089782109,1.0824381269346326,2.164876253869265,0.0,0.0,0.0,0.0,0.0,0.0,0.0,0.0,0.0,0.0
plot_9669,0.0,0.0,0.0,0.0,0.0,7.339234077531669,0.0,0.0,0.0,0.0,0.9586472764774826,0.0,0.0,0.0,0.0,0.0,0.0
plot_20071,0.0,7.59635982437216,7.59635982437216,0.0,7.59635982437216,0.0,0.0,0.0,0.0,0.0,0.0,11.234016607464955,10.520958356755441,0.0,12.193232994258864,33.94820795847926,3.6666666666666665
plot_20072,0.0,36.54169407293722,0.0,0.0,0.0,0.0,36.54169407293722,0.0,0.0,0.0,0.0,0.0,0.0,0.0,0.0,0.0,0.0
plot_11800,0.0,0.0,0.0,0.0,0.0,0.555691700022061,0.0,0.0,0.0,0.0,0.0,0.0,0.7390699610293412,0.0,1.111383400044122,1.850453361073463,1.0
plot_11754,0.0,0.0,0.0,0.0,0.7264321792021015,0.7264321792021015,0.0,0.0,0.0,0.0,0.0,0.0,2.1792965376063043,0.0,0.7264321792021015,2.905728716808406,0.0
plot_11973,2.1347466304803393,11.38531536256181,0.7115822101601131,0.7115822101601131,0.0,2.1347466304803393,1.4231644203202263,0.0,0.0,0.0,0.0,3.0276904635336233,2.64352791074482,0.0,8.947242271661818,16.355245386817263,2.9647058823529413
plot_11941,6.411283859592883,0.0,6.411283859592883,12.822567719185766,12.822567719185766,25.645135438371533,6.411283859592883,0.0,0.0,0.0,0.0,8.879628145536143,0.0,0.0,0.0,8.879628145536143,3.5
plot_12018,0.0,3.0373164701522906,0.0,0.0,0.0,1.5186582350761453,1.5186582350761453,0.0,0.0,0.0,0.0,0.0,1.5186582350761453,0.0,2.0198154526512733,3.5384736877274188,1.5
plot_11802,0.0,0.0,5.005055105656713,0.0,0.0,0.0,0.0,0.0,0.0,0.0,0.0,0.0,0.0,0.0,0.0,6.656723290523429,3.0
plot_6414,0.0,0.0,4.5423162178858245,0.0,0.0,0.0,9.084632435771649,0.0,0.0,0.0,0.0,0.0,0.0,0.0,6.291107961771867,6.291107961771867,3.5
plot_4165,0.0,0.0,0.0,0.0,0.0,0.0,0.0,0.0,0.0,0.0,0.0,0.0,18.36281047646661,0.0,0.0,18.36281047646661,3.0
plot_11972,0.0,0.0,0.0,0.0,0.0,0.0,5.9577358220781775,0.0,0.0,0.0,0.0,0.0,0.0,10.180260829257042,5.9577358220781775,16.13799665133522,17.5
plot_14906,0.0,0.0,0.0,0.0,0.0,0.7981973511022706,0.0,0.0,0.9264968584079076,0.0,0.004064272316364173,0.0,0.0,0.0,0.0,0.0,0.0
plot_7726,0.0,0.0,0.0,0.0,2.1701483079353645,0.0,0.0,0.0,0.0,0.0,0.9399614987378297,0.0,0.0,0.0,0.0,0.0,0.0
plot_4151,0.0,0.0,0.0,0.0,0.0,0.0,0.0,0.0,0.9503990630439892,0.0,0.0,0.0,0.0,0.0,0.0,0.0,0.0
plot_7724,0.0,0.0,0.0,0.0,0.0,0.0,0.0,0.0,0.6181599537419027,0.0,0.20535144571597458,0.0,0.0,0.0,0.0,0.0,0.0
plot_15491,0.0,0.0,0.0,0.0,0.0,0.0,0.0,0.0,0.9486297527639925,0.0,0.0,0.0,0.0,0.0,0.0,0.0,0.0
plot_15490,0.0,0.0,0.0,0.0,0.0,0.0,0.0,0.0,0.9153034590982152,0.0,0.0,0.0,0.0,0.0,0.0,0.0,0.0
plot_14904,0.0,0.0,0.0,0.0,0.0,0.0,0.0,0.0,0.0,0.0,0.8915922960426649,0.0,0.0,0.0,0.0,0.0,0.0
plot_15253,0.0,0.0,0.0,0.0,0.0,0.0,0.0,0.0,0.9434837728450027,0.0,9.307656544566318e-06,0.0,0.0,0.0,0.0,0.0,0.0
plot_15049,0.0,0.0,0.0,0.0,0.0,0.0,0.0,0.0,0.0,0.0,0.0,0.0,0.0,0.0,0.0,0.0,0.0
plot_5993,0.0,0.0,0.0,0.0,0.0,0.0,0.0,0.0,0.0,0.0,0.0,11.073497022595642,0.0,6.770535932784077,0.0,17.84403295537972,13.833333333333334
plot_14905,0.0,0.0,0.0,0.0,0.0,0.0,0.0,0.0,0.0,0.0,0.0,0.0,0.0,0.0,0.0,0.0,0.0
plot_14907,0.0,0.0,0.0,1.8158987382227618,0.0,2.7238481073341427,0.0,0.0,0.0013910628872339332,0.0,0.0,0.0,0.0,0.0,1.2575098762192625,1.2575098762192625,3.5
plot_20337,0.0,0.0,0.0,0.0,0.0,12.272347945608955,0.0,0.0,0.0,0.0,0.0,0.0,0.0,0.0,0.0,0.0,0.0
plot_20334,2.319658175171307,0.0,0.0,2.319658175171307,0.0,0.0,0.0,0.0,0.1241414878484788,0.0,0.002440120394735475,0.0,0.0,0.0,2.319658175171307,2.319658175171307,0.0
plot_20343,0.0,0.0,0.0,0.0,0.0,0.0,0.0,0.0,0.0,0.0,0.0,0.0,0.0,0.0,0.0,0.0,0.0
plot_20344,0.0,0.0,0.0,0.0,0.0,0.0,0.0,0.0,0.0,0.0,0.0,0.0,0.0,15.627942007154962,0.0,15.627942007154962,30.0
plot_20341,0.0,0.0,0.0,0.0,0.0,0.0,0.0,0.0,0.0,0.0,0.0,0.0,0.0,0.0,0.0,0.0,0.0
plot_20340,0.0,0.0,0.0,0.0,0.0,0.0,5.281141571562109,0.0,0.0,0.0,0.0,0.0,0.0,0.0,0.0,0.0,0.0
plot_11801,0.0,0.0,0.0,0.0,0.0,0.0,3.2778502546889645,0.0,0.0,0.0,0.0,0.0,0.0,0.0,3.2778502546889645,3.2778502546889645,0.0
plot_6415,0.0,14.906128654796419,7.453064327398209,0.0,0.0,7.453064327398209,22.359192982194628,0.0,0.0,0.0,0.0,0.0,0.0,0.0,17.775558420844728,17.775558420844728,1.75
plot_9612,10.442591851297491,0.0,0.0,3.4808639504324974,27.84691160345998,20.885183702594983,3.4808639504324974,0.0,0.0,0.0,0.0,0.0,0.0,0.0,0.0,0.0,0.0
plot_9588,4.321343765057183,4.321343765057183,15.124703177700138,6.482015647585774,4.321343765057183,6.482015647585774,15.124703177700138,0.0,0.0,0.0,0.0,6.469095444984495,2.1606718825285913,0.0,19.62767809858087,28.257445426093955,6.2444444444444445
plot_9587,68.28286966638565,47.272755922882375,31.515170615254917,15.757585307627458,23.636377961441188,15.757585307627458,68.28286966638565,0.0,0.0,0.0,0.0,12.586386517773425,5.52956869002241,2.62626421793791,35.63360620048274,56.37582562621648,4.4375
plot_7442,7.806888798675952,2.6022962662253173,33.82985146092912,5.204592532450635,5.204592532450635,18.216073863577222,39.03444399337976,0.0,0.0,0.0,0.0,0.0,0.0,4.571869860930501,23.840240969806697,32.745830206295544,5.877777777777777
plot_19506,0.0,0.0,0.0,3.4102573721238745,1.7051286860619372,1.7051286860619372,5.115386058185812,0.0,0.0,0.0,0.0,0.0,0.0,2.830513618862816,4.892014200311698,7.7225278191745135,15.966666666666667
plot_6455,29.78956650222826,23.831653201782608,41.70539310311956,29.78956650222826,47.663306403565215,11.915826600891304,53.62121970401087,0.0,0.0,0.0,0.0,14.534025336141415,5.957913300445652,10.285587822758533,36.811082418253726,67.58860887759933,12.125
plot_10174,66.56185815351067,19.017673758145904,12.678449172097269,22.187286051170222,6.339224586048634,6.339224586048634,44.374572102340444,0.0,0.0,0.0,0.0,4.72020015422047,7.559525318862996,16.536386819903633,56.711790417694374,85.52790271068147,9.661111111111111
plot_6697,0.0,1.9961872822908244,0.0,0.0,0.0,1.9961872822908244,9.980936411454122,0.0,0.0,0.0,0.0,8.706909136016337,2.764719385972792,0.0,7.722892489698845,19.194521011687975,4.083333333333333
plot_20338,0.0,0.0,0.0,0.0,0.0,7.267705948617319,0.0,0.0,0.0,0.0,0.0,0.0,0.0,0.0,0.0,0.0,0.0
plot_20331,0.0,0.0,0.0,0.0,13.205504054089744,4.401834684696581,0.0,0.0,0.0,0.0,0.0,0.0,0.0,7.487586667925338,0.0,7.487586667925338,35.0
plot_20332,0.0,0.0,0.0,0.0,0.0,0.0,0.0,0.0,0.0,0.0,0.0,0.0,0.0,0.0,0.0,0.0,0.0
plot_20342,0.0,0.0,0.0,0.0,0.0,0.0,0.0,0.0,0.0,0.0,0.0,0.0,0.0,0.0,2.095566201031857,2.095566201031857,0.0
plot_20339,0.0,0.0,0.0,0.0,0.0,1.9952990753784083,0.0,0.0,0.0,0.0,0.0,0.0,0.0,0.0,0.0,0.0,0.0
plot_6013,0.0,0.0,0.0,0.0,0.0,1.1177905305257416,0.0,0.0,0.0,0.0,0.0,0.0,0.0,0.0,0.0,0.0,0.0
plot_5900,0.0,0.0,0.0,0.0,0.0,0.0,0.0,0.0,0.0,0.0,0.0,12.636976614750134,0.0,0.0,0.0,12.636976614750134,3.5
plot_6014,0.0,0.0,0.0,0.0,0.0,1.1363326454733051,0.0,0.0,0.0,0.0,0.0,0.0,0.0,0.0,0.0,0.0,0.0
plot_18999,0.0,0.0,0.0,0.0,0.0,0.0,0.0,0.0,0.0,0.0,0.0,0.0,0.0,0.0,0.0,0.0,0.0
plot_6012,0.0,0.0,0.0,0.0,0.0,1.6062244409535835,0.0,0.0,0.0,0.0,0.0,0.0,0.0,0.0,0.0,0.0,0.0
plot_7725,0.0,0.0,0.0,0.0,0.0,17.45810055865922,0.0,0.0,0.9789453817576517,0.0,0.0,0.0,0.0,0.0,0.0,0.0,0.0
plot_20335,0.0,0.0,0.0,1.070268476847417,0.0,0.0,0.0,0.0,1.000000396077235,0.0,0.0,0.0,0.0,0.0,0.0,0.0,0.0
plot_8029,0.0,0.0,0.0,18.512005035265368,24.682673380353826,6.1706683450884565,0.0,0.0,0.0,0.0,0.0,0.0,0.0,41.1332949210018,0.0,41.1332949210018,33.75
plot_20333,0.0,0.0,0.0,0.0,0.0,0.0,0.0,0.0,0.9190449432694867,0.0,0.0,0.0,0.0,0.0,0.0,0.0,0.0
plot_8077,5.726655289711491,5.726655289711491,0.0,0.0,5.726655289711491,11.453310579422983,11.453310579422983,0.0,0.0,0.0,0.0,0.0,0.0,9.92646919714592,0.0,9.92646919714592,41.0
plot_19350,0.0,0.0,0.0,3.164587005572838,0.0,0.0,3.164587005572838,0.0,0.0,0.0,0.0,0.0,0.0,0.0,0.0,0.0,0.0
plot_8028,5.776618175166319,21.180933308943168,100.12804836954952,25.03201209238738,9.627696958610532,7.702157566888425,63.5427999268295,0.0,0.0,0.0,0.0,2.8693842432033216,0.0,6.692559578261892,26.33594627656741,35.89789009803262,10.65
plot_6705,0.0,1.7607865785803836,0.0,5.28235973574115,0.0,7.043146314321534,0.0,0.0,0.0,0.0,0.0,0.0,0.0,0.0,0.0,0.0,0.0
plot_8923,10.587444349745637,10.587444349745637,0.0,10.587444349745637,10.587444349745637,5.293722174872818,5.293722174872818,0.8539167577656369,0.0,0.0,0.0,0.0,0.0,8.78757881028888,9.817157584812394,18.604736395101273,19.75
plot_6454,0.0,0.0,0.0,0.0,9.746968692736559,9.746968692736559,9.746968692736559,0.0,0.0,0.0,0.0,0.0,0.0,16.757687515557347,23.782603610277203,40.54029112583455,18.0
plot_6452,0.0,2.190758068014275,0.0,0.0,0.0,2.190758068014275,4.38151613602855,0.0,0.0,0.0,0.0,3.124053787592735,8.13866622267303,3.7790131223958214,14.777806891596843,33.45619841716213,9.84
plot_19698,0.0,0.0,10.866021949364338,5.433010974682169,5.433010974682169,5.433010974682169,0.0,0.0,0.0,0.0,0.0,0.0,0.0,0.0,0.0,0.0,0.0
plot_7082,84.89551563020771,18.86567014004616,9.43283507002308,25.154226853394878,0.0,12.577113426697439,28.298505210069237,0.0,0.0,0.0,0.0,19.094497238914997,4.583502976368104,5.219502072079438,24.44039621523824,53.33789850260078,6.2727272727272725
plot_7246,0.0,8.929607900917071,8.929607900917071,8.929607900917071,0.0,0.0,17.859215801834143,0.0,0.0,0.0,0.0,0.0,0.0,0.0,0.0,0.0,0.0
plot_7081,13.552461578771426,0.0,0.0,9.034974385847617,22.587435964619043,9.034974385847617,18.069948771695234,0.0,0.0,0.0,0.0,7.2281845564933285,0.0,0.0,6.256719762199475,13.484904318692804,4.1
plot_6453,5.476301306097862,10.952602612195724,5.476301306097862,5.476301306097862,5.476301306097862,10.952602612195724,0.0,0.0,0.0,0.0,0.0,0.0,0.0,0.0,10.17737645594646,10.17737645594646,4.5
plot_18894,0.0,0.0,0.0,0.0,0.0,0.0,0.0,0.0,0.0,0.0,0.0,0.0,0.0,0.0,62.38226815410388,62.38226815410388,3.0
plot_7249,0.0,0.0,0.0,0.0,0.0,5.221359537596399,0.0,0.0,0.0,0.0,0.0,0.0,0.0,0.0,0.0,0.0,0.0
plot_7248,0.0,9.19354245577906,0.0,0.0,0.0,0.0,0.0,0.0,0.0,0.0,0.0,14.284749042389045,0.0,0.0,0.0,14.284749042389045,4.4
plot_6359,11.935371667473724,0.0,0.0,1.7050530953533893,3.4101061907067787,1.7050530953533893,10.230318572120336,0.0,0.0,0.0,0.0,19.99992854131208,0.0,0.0,7.708065940575902,27.70799448188798,3.590909090909091
plot_6495,0.0,12.39106191400603,8.260707942670686,24.78212382801206,8.260707942670686,0.0,16.521415885341373,0.0,0.0,0.0,0.0,0.0,4.130353971335343,0.0,16.496673642128062,27.171921664544133,2.4
plot_10181,0.0,0.0,0.0,0.0,5.837609382205799,5.837609382205799,0.0,0.0,0.7517460540568482,0.0,0.0,0.0,0.0,0.0,0.0,0.0,0.0
plot_6492,0.0,17.182425814876545,120.27698070413581,0.0,25.773638722314818,0.0,8.591212907438273,0.0,0.0,0.0,0.0,20.979046082148585,8.591212907438273,29.545837158184682,11.426313166892902,70.54240931466444,16.416666666666668
plot_7748,7.3130420792441235,0.0,0.0,0.0,14.626084158488247,0.0,14.626084158488247,0.0,0.0,0.0,0.0,11.025479559483117,0.0,0.0,0.0,11.025479559483117,4.0
plot_6496,3.3834535587164534,3.3834535587164534,0.0,0.0,6.766907117432907,16.917267793582266,10.15036067614936,0.0,0.0,0.0,0.0,0.0,0.0,5.616532907469312,0.0,5.616532907469312,40.0
plot_6621,14.18473249958628,4.72824416652876,0.0,0.0,0.0,0.0,4.72824416652876,0.0,0.0,0.0,0.0,20.774179560266287,13.560133983855382,0.0,12.577129482966502,46.91144302708817,3.4714285714285715
plot_6494,2.4447666103555425,7.334299831066628,14.668599662133255,12.223833051777712,19.55813288284434,9.77906644142217,48.89533220711085,0.0,0.0,0.0,0.0,0.0,5.696306202128414,12.714648105925345,34.536298626388714,52.947252934442474,11.22
plot_7747,0.0,0.0,0.0,0.0,3.5703702116872504,0.0,7.140740423374501,0.0,0.04037654645152663,0.0,0.0,5.340333384262965,0.0,12.437753428765085,6.341200335889798,30.328943686093915,33.8
plot_6556,22.295748646648057,6.688724593994418,0.0,4.459149729329612,8.918299458659224,2.229574864664806,6.688724593994418,0.0,0.0,0.0,0.0,9.967242828656525,5.194909434668998,3.8304365722734715,8.918299458659224,30.140463158923023,4.9818181818181815
plot_6704,0.0,0.0,0.0,0.0,16.876497789178792,0.0,0.0,0.9241682729582371,0.0,0.0,0.0,0.0,0.0,0.0,0.0,0.0,0.0
plot_8924,1.8784563597018513,6.8876733189067885,0.6261521199006171,0.6261521199006171,5.635369079105554,4.3830648393043194,6.261521199006172,0.9428758375927917,0.0,0.0,0.0,0.0,0.6261521199006171,0.0,4.383822313917928,5.009974433818546,2.6666666666666665
plot_8925,0.0,0.0,0.0,0.0,0.0,0.0,0.0,0.0,0.0,0.0,0.828437220259817,0.0,0.0,0.0,0.0,0.0,0.0
plot_7949,0.0,0.0,0.0,0.0,0.0,1.3164546297076418,0.0,0.0,0.0,0.0,0.9517946240402517,1.952786232151683,0.0,0.0,0.0,1.952786232151683,4.0
plot_10765,0.0,2.3460465596400226,0.0,0.0,0.0,0.0,0.0,0.0,0.0,0.0,0.0,2.3460465596400226,0.0,0.0,6.369516409422661,8.715562969062685,2.1666666666666665
plot_10845,0.0,0.0,1.9284729387034876,0.0,0.0,0.9642364693517438,0.0,0.0,0.0,0.0,0.0,0.0,0.0,0.0,0.9642364693517438,0.9642364693517438,0.0
plot_10741,0.0,0.0,0.0,0.0,0.0,0.0,0.0,0.0,0.0,0.0,0.0,0.0,11.655512005392016,0.0,5.709698330449865,21.65821659933802,2.375
plot_10887,0.0,0.0,0.0,3.0898815648396196,0.0,0.0,3.0898815648396196,0.0,0.0,0.0,0.0,4.803982207380312,0.0,0.0,7.369367532142492,12.173349739522806,2.6666666666666665
plot_19840,2.0293443188505793,2.0293443188505793,0.0,4.058688637701159,0.0,8.117377275402317,0.0,0.0,0.0,0.0,0.0,0.0,2.0293443188505793,0.0,0.0,2.0293443188505793,0.0
plot_10888,0.0,0.0,18.573551263001487,4.643387815750372,0.0,0.0,9.286775631500744,0.0,0.0,0.0,0.0,0.0,0.0,0.0,12.811106983655277,12.811106983655277,3.45
plot_7086,0.0,0.0,0.0,0.0,0.0,0.0,0.0,0.0,0.0,0.0,0.9637017350378433,0.0,0.0,0.0,0.0,0.0,0.0
plot_10886,0.0,0.0,0.0,0.0,0.0,0.0,0.0,0.0,0.0,0.0,0.0,0.0,1.4985797210693566,0.0,4.652691759040424,6.151271480109781,1.4285714285714286
plot_6493,10.545186122535062,21.090372245070125,42.18074449014025,0.0,10.545186122535062,10.545186122535062,21.090372245070125,0.0,0.0,0.0,0.0,0.0,18.40129068090135,0.0,92.77785190560738,121.72432870904379,3.0
plot_10767,0.0,0.0,0.0,4.418668876001105,0.0,0.0,0.0,0.0,0.0,0.0,0.0,0.0,9.68793151063242,0.0,0.0,9.68793151063242,0.875
plot_10766,0.0,1.515509726541425,0.0,3.03101945308285,0.0,0.0,0.7577548632707125,0.0,0.0,0.0,0.0,4.147470967775818,9.594228200199286,0.0,10.348728695807921,24.090427863783027,2.156
plot_10768,0.0,0.0,0.0,1.8728310275661997,1.8728310275661997,0.0,1.8728310275661997,0.0,0.0,0.0,0.0,7.272714039740612,0.0,3.108899505759892,15.432052727401006,28.632238888905903,5.545454545454546
plot_6613,0.0,0.0,0.0,1.2463505298547688,1.2463505298547688,0.0,0.0,0.0,0.0,0.0,0.9924609492051886,0.0,0.6231752649273844,2.0689418795589165,0.0,2.692117144486301,28.333333333333332
plot_10740,0.0,0.0,0.0,3.6408385579366644,0.0,0.0,0.0,0.0,0.0,0.0,0.0,0.0,3.6408385579366644,0.0,0.0,3.6408385579366644,0.0
plot_6605,6.4340127650813255,12.868025530162651,0.0,0.0,6.4340127650813255,0.0,19.302038295243978,0.0,0.0,0.0,0.0,0.0,0.0,10.680461190035002,0.0,10.680461190035002,30.0
plot_7026,11.09677777315412,8.322583329865589,30.516138876173827,36.064527762750885,0.0,8.322583329865589,2.77419444328853,0.0,0.0,0.0,0.0,0.0,0.0,0.0,14.382721032190469,14.382721032190469,2.5
plot_6612,2.7205924362089084,8.161777308626727,29.926516798297996,19.04414705346236,0.0,19.04414705346236,10.882369744835634,0.0,0.0,0.0,0.0,0.0,0.0,0.0,15.119288021468883,15.119288021468883,2.45
plot_20336,0.0,0.0,0.0,0.0,0.0,0.0,0.0,0.0,0.0,0.0,0.0,0.0,0.0,0.0,0.0,0.0,0.0
plot_8215,0.0,0.0,0.0,0.0,5.331655639025587,5.331655639025587,0.0,0.98452937129831,0.0,0.0,0.0,0.0,0.0,0.0,0.0,0.0,0.0
plot_8217,0.0,1.2808837072873318,0.0,10.247069658298654,0.0,10.247069658298654,1.2808837072873318,0.9321982180058185,0.0,0.0,0.0,0.0,0.0,0.0,0.0,1.2808837072873318,0.0
plot_8216,0.0,4.547821479815631,6.8217322197234465,36.382571838525045,2.2739107399078153,4.547821479815631,2.2739107399078153,0.960075343135556,0.0,0.0,0.0,0.0,0.0,0.0,0.0,7.6971878545879555,1.1666666666666667
plot_16407,0.0,2.6223271930085263,0.8741090643361754,0.0,0.0,0.0,0.0,0.0,0.0,0.0,0.0,0.0,5.42821728952765,0.0,0.0,6.302326353863825,1.8333333333333333
plot_6011,0.0,1.1991011537751302,0.0,0.0,0.0,1.1991011537751302,0.0,0.0,0.0,0.0,0.0,0.0,0.0,0.0,0.0,0.0,0.0
plot_8781,0.0,0.0,0.0,0.0,0.0,0.46475744309045114,0.0,0.0,0.0,0.0,0.0,0.0,0.0,0.0,0.0,0.0,0.0
plot_8774,0.0,11.395959448617898,0.0,4.558383779447159,0.0,2.2791918897235797,2.2791918897235797,0.0,0.0,0.0,0.0,2.2791918897235797,25.925807745605717,0.0,0.0,28.204999635329294,1.1363636363636365
plot_16877,5.006809260594409,2.5034046302972044,5.006809260594409,5.006809260594409,25.034046302972044,7.510213890891613,5.006809260594409,0.0,0.0,0.0,0.0,11.348635600253553,0.0,4.15565168629336,2.5034046302972044,18.007691916844117,10.4
plot_8791,0.0,18.63463993216991,0.0,0.0,9.317319966084955,9.317319966084955,0.0,0.0,0.0,0.0,0.0,12.904488153027664,12.904488153027664,0.0,0.0,25.808976306055328,3.5
plot_16405,0.5604071245678561,1.1208142491357123,0.0,2.2416284982714245,0.0,1.1208142491357123,0.5604071245678561,0.0,0.0,0.0,0.0,0.7453414756752487,1.3365709920943367,0.0,1.3057486002431047,3.38766106801269,1.9
plot_10339,0.0,30.323245800230456,0.0,0.0,0.0,0.0,30.323245800230456,0.0,0.9376244271627941,0.0,0.0,0.0,84.85975496626025,0.0,0.0,84.85975496626025,3.25
plot_9970,31.260745881396733,31.260745881396733,0.0,31.260745881396733,0.0,0.0,62.52149176279347,0.0,0.9328845497769858,0.0,0.0,0.0,0.0,0.0,0.0,0.0,0.0
plot_16400,0.0,0.0,0.0,0.0,0.0,0.0,9.961449191628398,0.0,0.0,0.0,0.0,0.0,0.0,0.0,0.0,0.0,0.0
plot_9979,28.062877352845288,43.74507352061177,1.6507574913438403,5.777651219703442,5.777651219703442,6.603029965375361,7.428408711047282,0.0,0.9758939515102408,0.0,0.0,10.009831300004938,49.557800575763125,3.9838280791098013,8.27370015916422,77.08614193262844,4.511111111111111
plot_10388,4.124838229000706,5.156047786250883,0.0,1.0312095572501765,26.811448488504592,0.0,6.187257343501059,0.0,0.058236288726701335,0.0,0.04653434444669433,1.3715087111427349,11.800026389711883,5.1354235951058795,2.9798353588907838,22.998601919886575,10.441176470588236
plot_16399,10.036658896619905,358.8105555541616,15.054988344929857,107.89408313866397,2.509164724154976,15.054988344929857,27.60081196570474,0.0,0.0,0.0,0.0,3.3371890831261184,47.07436086339395,3.475193142954642,5.018329448309952,61.41423726193964,1.975
plot_16404,5.360608107383701,13.401520268459253,0.0,2.6803040536918505,8.040912161075552,0.0,0.0,0.0,0.0,0.0,0.0,0.0,9.282101336850559,0.0,2.990178234002351,12.272279570852909,0.75
plot_16403,0.0,9.000171003249063,0.0,4.500085501624532,0.0,13.500256504873594,0.0,0.0,0.0,0.0,0.0,0.0,14.98528472040969,0.0,0.0,14.98528472040969,1.0
plot_10822,0.0,0.0,0.0,0.0,0.0,0.0,0.0,0.0,0.0,0.0,0.0,0.0,0.0,0.0,0.0,0.0,0.0
plot_10244,0.0,0.0,0.0,0.0,0.0,0.0,0.0,0.0,0.0,0.0,0.0,0.0,0.0,0.0,0.0,0.0,0.0
plot_11042,47.01394299223598,36.939526636756845,0.0,3.358138785159713,3.358138785159713,3.358138785159713,3.358138785159713,0.0,0.0,0.0,0.0,0.0,7.14053859677293,0.0,3.358138785159713,10.498677381932643,0.0
plot_11043,2.0183630671852515,151.37723003889386,0.0,2.0183630671852515,0.0,2.0183630671852515,6.055089201555754,0.0,0.0,0.0,0.0,0.0,58.14017841057102,0.0,6.798259096976172,64.93843750754718,2.0
plot_15289,11.641213154105214,478.45386063372433,1.1641213154105214,2.328242630821043,3.4923639462315648,4.656485261642086,8.148849207873651,0.0,0.0,0.0,0.0,0.0,32.700345971251714,2.0125507019157522,10.824426221685512,51.357929471905585,2.3783783783783785
plot_17680,11.028641381668193,292.2589966142071,1.8381068969446988,12.86674827861289,1.8381068969446988,1.8381068969446988,14.70485517555759,0.0,0.0,0.0,0.0,0.0,49.16388849345195,0.0,15.788446805759003,64.95233529921096,2.1785714285714284
plot_14320,0.0,11.133708415599067,0.0,0.0,0.0,3.7112361385330224,0.0,0.0,0.0,0.0,0.0,0.0,21.005596544096907,0.0,3.7112361385330224,24.716832682629928,1.0
plot_11017,26.115251829373392,47.00745329287211,0.0,2.6115251829373394,10.446100731749357,2.6115251829373394,10.446100731749357,0.0,0.0,0.0,0.0,3.616962378368215,26.152753733074793,0.0,9.845449939673768,39.61516605111678,1.3461538461538463
plot_8780,30.140363673628087,382.7826186550767,3.0140363673628086,0.0,6.028072734725617,9.042109102088427,27.126327306265278,0.0,0.0,0.0,0.0,0.0,67.37878299239559,0.0,7.3874031364062445,74.76618612880183,1.6476190476190478
plot_6930,4.121332014507089,55.637982195845694,18.545994065281896,0.0,4.121332014507089,14.42466205077481,14.42466205077481,0.0,0.0,0.0,0.0,0.0,2.854022420046159,0.0,0.0,9.03602044180679,0.875
plot_11943,0.0,0.0,4.97874077688271,0.0,0.0,4.97874077688271,0.0,0.0,0.0,0.0,0.0,0.0,0.0,0.0,0.0,0.0,0.0
plot_8843,4.7176783990086575,363.2612367236667,3.1451189326724385,7.862797331681096,1.5725594663362192,15.725594663362193,14.153035197025973,0.0,0.0,0.0,0.0018938277780427136,0.0,29.234904945885177,2.6774792501277873,26.861360920324564,58.77374511633753,3.125
plot_11044,0.0,16.190224342541974,0.0,0.0,0.0,0.0,5.396741447513992,0.0,0.0,0.0,0.0,0.0,7.177666125193609,0.0,0.0,7.177666125193609,3.0
plot_11045,0.5781516491775793,12.141184632729166,0.5781516491775793,1.734454947532738,1.1563032983551587,5.203364842598214,2.3126065967103173,0.0,0.0,0.0,0.7848057366654423,0.0,3.763142587553464,0.0,1.6014800682218946,5.364622655775359,1.3125
plot_6873,24.21116982319793,15.131981139498707,48.42233964639586,21.18477359529819,0.0,12.105584911598966,33.29035850689716,0.0,0.0,0.0,0.0,0.0,4.191558775641142,0.0,16.944117440630066,21.135676216271207,2.9
plot_11945,0.0,0.0,0.0,0.0,0.0,1.5804979200647373,0.0,0.0,0.0,0.0,0.0,0.0,1.8847437696771991,0.0,0.0,1.8847437696771991,1.75
plot_19556,0.0,0.0,0.9771025781828628,0.0,0.0,0.9771025781828628,0.0,0.0,0.0,0.0,0.0,0.0,0.0,0.0,0.9771025781828628,0.9771025781828628,0.0
plot_11885,0.0,0.0,24.710272060095384,0.0,0.0,0.0,0.0,0.0,0.0,0.0,0.0,0.0,0.0,0.0,24.710272060095384,24.710272060095384,0.0
plot_7003,6.641473344446732,19.924420033340194,6.641473344446732,0.0,0.0,13.282946688893464,26.565893377786928,0.0,0.0,0.0,0.0,9.877098863066664,0.0,0.0,0.0,9.877098863066664,3.8
plot_11838,0.0,0.0,0.0,0.0,0.0,0.0,0.0,0.0,0.0,0.0,0.0,0.0,0.0,0.0,0.0,0.0,0.0
plot_7002,0.0,0.0,0.0,2.3465254996926053,0.0,2.3465254996926053,0.0,0.0,0.0,0.0,0.0,0.0,0.0,0.0,0.0,0.0,0.0
plot_6928,7.122481757543598,3.561240878771799,3.561240878771799,3.561240878771799,0.0,0.0,0.0,0.0,0.0,0.0,0.0,0.0,8.678305098719648,0.0,0.0,12.239545977491447,1.1666666666666667
plot_11888,0.0,7.635977672401286,0.0,0.0,7.635977672401286,0.0,0.0,0.0,0.0,0.0,0.0,0.0,10.575829076275781,0.0,0.0,10.575829076275781,3.5
plot_11887,1.4213832902180403,1.4213832902180403,4.264149870654121,1.4213832902180403,0.0,0.0,0.0,0.0,0.0,0.0,0.0,2.105089922457774,0.0,2.3594962617619473,3.468175228132018,7.93276141235174,11.5
plot_11944,0.0,0.0,0.0,0.0,0.0,0.0,0.0,0.0,0.0,0.0,0.0,0.0,0.0,0.0,14.43580496549999,14.43580496549999,3.5
plot_6929,0.0,0.0,0.0,13.705717682774313,0.0,3.4264294206935784,0.0,0.0,0.0,0.0,0.0,0.0,0.0,0.0,8.172034168354184,8.172034168354184,1.75
plot_16900,0.0,2.3062092377517227,4.612418475503445,0.0,0.0,0.0,0.0,0.0,0.0,0.0,0.0,3.2972967138687896,4.612418475503445,0.0,5.500309032037858,18.02244269691354,1.0
plot_11886,0.0,0.0,0.0,0.0,3.132989122261767,0.0,3.132989122261767,0.0,0.0,0.0,0.0,8.811923906059706,0.0,0.0,6.265978244523534,15.07790215058324,1.75
plot_14729,0.716278503407695,4.29767102044617,0.716278503407695,3.5813925170384753,0.716278503407695,2.148835510223085,0.0,0.0,0.0,0.0,0.0,0.0,4.369298870786939,0.0,2.7003699578470104,8.502225835449341,1.7
plot_6528,0.0,0.0,0.0,4.078802463596689,0.0,4.078802463596689,0.0,0.0,0.0,0.0,0.0,0.0,0.0,0.0,0.0,4.078802463596689,0.0
plot_14727,0.0,0.0,0.0,0.0,12.368889768454384,0.0,0.0,0.0,0.0,0.0,0.0,0.0,0.0,0.0,0.0,0.0,0.0
plot_15326,0.5154378799421473,0.5154378799421473,0.0,1.5463136398264419,0.5154378799421473,1.0308757598842946,0.5154378799421473,0.0,0.0,0.0,1.7886471528274073,0.0,0.0,0.0,0.0,0.0,0.0
plot_17671,0.0,0.0,0.0,0.0,0.0,0.0,0.0,0.0,0.0,0.0,0.0,0.0,0.0,0.0,0.0,0.0,0.0
plot_14801,5.7814779236489136,5.336748852598997,6.226206994698829,4.892019781549081,0.44472907104991644,3.1131034973494147,17.34443377094674,0.0,0.9927261329015011,0.0,0.0,0.0,1.085138933361796,0.7659603141526278,1.3372607659908444,3.1883600135052683,11.4
plot_15580,0.0,0.0,0.0,0.0,0.0,0.0,0.0,0.0,0.0,0.0,0.0,0.0,0.0,0.0,0.0,0.0,0.0
plot_14730,7.059006233102504,0.0,0.0,7.059006233102504,3.529503116551252,0.0,3.529503116551252,0.0,0.02104584616423746,0.0,0.0,5.337261004113806,5.082484487833802,6.172911053779039,6.462995100538126,23.05565164626477,15.425
plot_14728,0.0,0.0,0.0,0.0,0.0,0.0,0.0,0.0,0.0,0.0,0.0,0.0,0.0,0.0,0.0,0.0,0.0
plot_14811,0.0,0.0,0.0,0.0,0.0,0.0,0.0,0.0,0.0,0.0,0.0,0.0,0.0,0.0,0.0,0.0,0.0
plot_14751,5.970024506950601,0.0,11.940049013901202,5.970024506950601,0.0,2.9850122534753005,8.955036760425902,0.0,0.0,0.0,0.0,0.0,0.0,0.0,8.10430826818544,8.10430826818544,3.25
plot_16078,0.0,2.761253719638865,0.9204179065462883,2.761253719638865,0.9204179065462883,9.204179065462883,11.965432785101749,0.0,0.0,0.0,0.0,0.0,0.0,0.0,8.919271603480958,8.919271603480958,3.357142857142857
plot_11455,0.0,0.0,0.0,0.0,0.0,0.0,0.0,0.0,0.24641946125461706,0.0,0.0,0.0,0.0,0.0,0.0,0.0,0.0
plot_16816,17.667844522968196,17.667844522968196,0.0,0.0,47.11425206124853,17.667844522968196,5.889281507656066,0.0,0.0,0.0,0.0,25.621379913962674,5.889281507656066,0.0,5.889281507656066,37.39994292927481,2.2600000000000002
plot_14752,46.69798544890774,0.0,0.0,9.339597089781547,9.339597089781547,0.0,9.339597089781547,0.0,0.0,0.0,0.0,14.758149405092048,0.0,0.0,0.0,14.758149405092048,4.5
plot_7005,14.654591283449106,29.30918256689821,14.654591283449106,0.0,0.0,0.0,14.654591283449106,0.0,0.0,0.0,0.0,0.0,14.654591283449106,0.0,0.0,14.654591283449106,0.0
plot_7004,3.574275226340979,7.148550452681958,14.297100905363916,17.871376131704892,0.0,3.574275226340979,3.574275226340979,0.0,0.0,0.0,0.0,5.105379164556532,0.0,0.0,0.0,5.105379164556532,3.5
plot_6872,13.294557540506855,6.647278770253427,0.0,0.0,0.0,0.0,0.0,0.0,0.0,0.0,0.0,9.44573260607028,0.0,0.0,0.0,9.44573260607028,3.4
plot_12252,0.0,0.0,0.0,4.293135276692568,0.0,0.0,0.0,0.0,0.0,0.0,0.0,0.0,0.0,0.0,10.239127634911775,10.239127634911775,1.75
plot_14731,6.08335411812657,0.0,24.33341647250628,6.08335411812657,0.0,30.41677059063285,18.25006235437971,0.0,0.0,0.0,0.0,8.663931440407602,0.0,0.0,8.425445453605299,17.089376894012904,3.5
plot_7006,7.401157541039418,0.0,7.401157541039418,0.0,0.0,0.0,0.0,0.0,0.0,0.0,0.0,0.0,0.0,0.0,0.0,0.0,0.0
plot_6585,0.0,0.0,0.0,0.0,22.58661968649772,0.0,22.58661968649772,0.0,0.0,0.0,0.0,0.0,0.0,0.0,0.0,0.0,0.0
plot_6584,19.50876919175169,19.50876919175169,0.0,0.0,0.0,19.50876919175169,39.01753838350338,0.0,0.0,0.0,0.0,0.0,0.0,0.0,0.0,0.0,0.0
plot_7001,0.0,0.0,0.0,0.0,0.0,3.507049168829347,0.0,0.0,0.0,0.0,0.0,0.0,0.0,0.0,0.0,0.0,0.0
plot_6931,1.3987813816602976,2.7975627633205953,26.576846251545653,13.987813816602976,2.7975627633205953,12.589032434942679,16.78537657992357,0.0,0.0,0.0,0.0,2.245773124868167,3.2591606192684934,0.0,10.712531188216692,18.154777145952863,2.2399999999999998
plot_18873,0.0,0.0,0.0,0.0,7.072035756212784,0.0,0.0,0.0,0.0,0.0,0.0,0.0,0.0,0.0,4.897384761177353,4.897384761177353,3.5
plot_18872,0.0,0.0,0.0,0.0,0.0,0.0,0.0,0.0,0.0,0.0,0.0,0.0,0.0,0.0,10.257891540387208,10.257891540387208,3.5
plot_18198,0.0,8.479534643138784,0.0,16.95906928627757,8.479534643138784,16.95906928627757,8.479534643138784,0.0,0.0,0.0,0.0,0.0,0.0,0.0,0.0,0.0,0.0
plot_18971,5.780252660098547,2.6273875727720672,12.611460349305922,5.2547751455441345,4.203820116435307,3.678342601880894,11.560505320197095,0.0,0.0,0.0,0.0,5.392879680125175,2.27531763802061,0.8722926741603264,6.829542270692857,15.370032262998969,4.847619047619047
plot_18087,0.0,0.0,0.0,0.0,0.0,0.0,0.0,0.0,0.0,0.0,0.0,0.0,0.0,0.0,0.0,0.0,0.0
plot_18726,8.637443316778233,7.0669990773640095,2.3556663591213365,0.0,7.0669990773640095,3.9261105985355607,7.0669990773640095,0.0,0.0,0.0,0.0,2.2517226752767012,0.0,0.0,3.3692816391722675,6.406226434156081,2.5
plot_18116,0.0,0.0,25.23799428611809,35.333192000565326,5.047598857223618,5.047598857223618,15.142796571670855,0.0,0.0,0.0,0.0,0.0,0.0,0.0,0.0,0.0,0.0
plot_18888,0.0,8.27339716718881,0.0,0.0,8.27339716718881,0.0,0.0,0.0,0.0,0.0,0.0,0.0,0.0,4.577946432511142,0.0,4.577946432511142,35.0
plot_14753,0.0,0.0,5.419936695139401,10.839873390278802,5.419936695139401,0.0,0.0,0.0,0.0,0.0,0.0,0.0,0.0,0.0,0.0,0.0,0.0
plot_6586,10.17961938403123,0.0,5.089809692015615,0.0,15.269429076046846,0.0,10.17961938403123,0.0,0.0,0.0,0.0,8.007679651288344,0.0,8.680115273334248,0.0,16.68779492462259,17.25
plot_16741,0.0,0.0,0.0,0.0,0.0,0.0,0.0,0.0,0.0,0.0,0.0,0.0,0.0,0.0,0.0,0.0,0.0
plot_17527,6.190992106485064,6.190992106485064,18.572976319455194,18.572976319455194,6.190992106485064,6.190992106485064,6.190992106485064,0.0,0.0,0.0,0.0,0.0,0.0,0.0,0.0,0.0,0.0
plot_18373,0.0,0.0,6.078546984128913,6.078546984128913,6.078546984128913,0.0,0.0,0.0,0.0,0.0,0.0,0.0,0.0,0.0,6.078546984128913,6.078546984128913,0.0
plot_6583,26.15404733882568,0.0,6.53851183470642,6.53851183470642,13.07702366941284,0.0,32.692559173532096,0.0,0.0,0.0,0.0,10.68781201671097,0.0,0.0,9.055838891068392,19.743650907779358,4.25
plot_12251,0.0,0.0,16.699230165489368,0.0,0.0,0.0,33.398460330978736,0.0,0.0,0.0,0.0,0.0,0.0,0.0,0.0,0.0,0.0
plot_18278,0.0,0.0,0.0,0.0,0.0,19.081056327278276,0.0,0.0,0.0,0.0,0.0,0.0,0.0,0.0,25.37780491528011,25.37780491528011,3.0
plot_14802,0.0,16.466868660255567,0.0,16.466868660255567,49.4006059807667,16.466868660255567,16.466868660255567,0.0,0.0,0.0,0.0,0.0,0.0,0.0,22.80661309445396,22.80661309445396,3.5
plot_18871,0.0,4.471631966802604,26.829791800815624,8.943263933605207,0.0,13.414895900407812,17.886527867210415,0.0,0.0,0.0,0.0,0.0,0.0,0.0,5.947270515847463,5.947270515847463,3.0
plot_18279,0.0,15.764913608273426,7.882456804136713,15.764913608273426,0.0,23.64737041241014,23.64737041241014,0.0,0.0,0.0,0.0,0.0,0.0,0.0,10.917202673729347,10.917202673729347,3.5
plot_18874,0.0,0.0,0.0,6.003193699047893,0.0,6.003193699047893,6.003193699047893,0.0,0.0,0.0,0.0,0.0,0.0,19.930603080839006,0.0,19.930603080839006,37.0
plot_18280,4.924361802710369,0.0,4.924361802710369,19.697447210841474,9.848723605420737,0.0,0.0,0.0,0.0,0.0,0.0,0.0,0.0,0.0,0.0,0.0,0.0
plot_18492,7.710873102161358,1.9277182755403395,1.9277182755403395,1.9277182755403395,7.710873102161358,1.9277182755403395,7.710873102161358,0.0,0.0,0.0,0.0,14.908414892301344,0.0,0.0,0.0,14.908414892301344,4.18
plot_18281,13.882783035239132,4.627594345079711,0.0,9.255188690159422,13.882783035239132,0.0,0.0,0.0,0.0,0.0,0.0,0.0,0.0,4.627594345079711,8.592153617921818,13.219747963001527,2.25
plot_19108,7.2216244321997785,7.2216244321997785,0.0,0.0,14.443248864399557,7.2216244321997785,14.443248864399557,0.0,0.0,0.0,0.0,0.0,0.0,11.987896557451633,10.745072133413862,22.732968690865494,16.75
plot_18870,28.26295856650274,4.7104930944171235,0.0,4.7104930944171235,4.7104930944171235,4.7104930944171235,18.841972377668494,0.0,0.0,0.0,0.0,22.70931610064507,10.975448909991897,15.63883707346485,0.0,49.323602084101815,13.857142857142858
plot_18575,0.0,0.0,0.0,0.0,9.675390643897249,9.675390643897249,0.0,0.0,0.0,0.0,0.0,0.0,0.0,0.0,0.0,0.0,0.0
plot_18578,0.0,0.0,10.189213698378897,0.0,0.0,10.189213698378897,0.0,0.0,0.0,0.0,0.0,0.0,0.0,0.0,0.0,0.0,0.0
plot_19379,74.07706708688566,13.468557652161028,26.937115304322056,0.0,6.734278826080514,6.734278826080514,20.202836478241544,0.0,0.0,0.0,0.0,10.307599788289375,0.0,11.178902851293655,9.326976174121512,30.813478813704545,14.166666666666666
plot_19415,0.0,15.11281718025057,0.0,60.45126872100228,0.0,15.11281718025057,30.22563436050114,0.0,0.0,0.0,1.2372855802055702,0.0,0.0,0.0,0.0,0.0,0.0
plot_19800,11.16546663276425,4.060169684641545,0.0,3.045127263481159,3.552648474061352,1.0150424211603863,2.5376060529009656,0.0,0.0,0.0,1.2702189907634334,1.494894850336062,1.2104380872337606,1.7639573317346746,0.8923785749087655,5.361668844213263,13.714285714285714
plot_18752,0.0,0.0,0.0,0.0,0.0,0.0,0.0,0.0,0.0,0.0,1.4759307438697367,0.0,0.0,0.0,0.0,0.0,0.0
plot_19008,8.353958643656938,26.477801124810973,0.1415925193840159,0.9911476356881113,3.5398129846003976,1.5575177132241749,3.8229980233684295,0.0,0.0372819183118009,0.0,1.809007338612179,0.5523357187150065,7.975231519223877,0.398925756068815,1.7186599791304666,10.786745492522181,2.1194029850746268
plot_19353,0.0,0.277738354361367,0.277738354361367,3.0551218979750376,0.8332150630841011,1.3886917718068352,0.555476708722734,0.0,0.0,0.0,0.1703509394317621,0.8332150630841011,1.5047864039298866,0.9220913364797386,5.4908872657242265,11.079816170538015,2.1432432432432433
plot_17275,3.894930358645187,3.894930358645187,1.9474651793225934,1.9474651793225934,1.9474651793225934,3.894930358645187,1.9474651793225934,0.0,0.0,0.0,0.05386494938025713,0.0,6.761294327302754,0.0,7.555091742201023,14.316386069503778,1.8333333333333333
plot_18102,3.2244711565009165,3.728294774704185,0.10076472364065364,1.410706130969151,2.7206475382976483,1.6122355782504583,2.619882814656995,0.0,0.0,0.0,1.0125023235416386,0.7440641415354835,1.1794532546775032,0.34062813959918903,2.4140016704852703,4.678147206297446,5.759375
plot_18747,3.1327044951176797,0.0,3.1327044951176797,6.265408990235359,3.1327044951176797,6.265408990235359,0.0,0.0,0.0,0.0,0.0,0.0,0.0,5.200289461895349,0.0,5.200289461895349,45.0
plot_18746,21.875734887968893,0.0,0.0,0.0,10.937867443984446,0.0,16.40680116597667,0.0,0.0,0.0,0.0,8.41099284863137,0.0,9.078429978507092,0.0,17.489422827138462,19.6
plot_18528,3.0070846915332523,12.02833876613301,36.085016298399026,18.042508149199513,0.0,9.021254074599756,33.077931606865775,0.0,0.0,0.0,0.0,0.0,3.0070846915332523,0.0,34.75640357813834,40.77057296120484,2.41
plot_18354,5.591090038913987,5.591090038913987,0.0,0.0,0.0,0.0,11.182180077827974,0.0,0.0,0.0,0.0,0.0,0.0,0.0,0.0,0.0,0.0
plot_18609,0.0,0.0,0.0,0.0,0.0,17.558337576598248,0.0,0.0,0.0,0.0,0.0,0.0,0.0,0.0,0.0,0.0,0.0
plot_17276,0.9026655714324401,0.0,0.45133278571622004,0.45133278571622004,4.06199507144598,6.318659000027081,0.45133278571622004,0.0,0.0,0.0,0.056672907834590114,0.0,0.0,0.0,2.923825978650128,2.923825978650128,0.6666666666666666
plot_17277,2.7422754670552165,0.9140918223517389,0.9140918223517389,11.883193690572606,2.7422754670552165,0.9140918223517389,1.8281836447034778,0.0,0.0,0.0,0.0,0.0,0.0,3.0930982366066875,4.159117791700412,7.2522160283070995,15.333333333333334
plot_10639,202.40105479863988,17.348661839883416,5.782887279961139,11.565774559922279,11.565774559922279,0.0,104.0919710393005,0.0,0.0,0.0,0.0,26.304195266892776,9.360701394900577,0.0,0.0,35.66489666179336,4.35
plot_10592,0.0,9.797965942270384,9.797965942270384,9.797965942270384,0.0,0.0,19.595931884540768,0.0,0.0,0.0,0.0,15.293106598422732,13.570182830044482,16.26462346416884,13.570182830044482,58.69809572268054,11.6
plot_10594,0.0,24.097837219109586,0.0,0.0,0.0,12.048918609554793,0.0,0.0,0.0,0.0,0.0,0.0,0.0,0.0,0.0,0.0,0.0
plot_10638,3.41804385350264,3.41804385350264,0.0,0.0,6.83608770700528,0.0,6.83608770700528,0.0,0.0,0.0,0.0,0.0,0.0,0.0,4.824727839987247,4.824727839987247,3.0
plot_10593,7.960674269110594,0.0,23.882022807331783,7.960674269110594,3.980337134555297,7.960674269110594,11.941011403665891,0.0,0.0,0.0,0.0,5.99408569736022,0.0,0.0,11.244452405118714,17.238538102478934,3.8333333333333335
plot_18610,28.17663368122084,5.635326736244168,0.0,16.9059802087325,28.17663368122084,11.270653472488336,11.270653472488336,0.0,0.0,0.0,0.0,33.98366920780826,0.0,9.775516618255942,0.0,43.75918582606421,11.2
plot_6779,0.0,3.403282125281621,23.822974876971347,5.104923187922432,0.0,6.806564250563242,20.419692751689727,0.0,0.0,0.0,0.0,0.0,0.0,0.0,6.415186806155856,6.415186806155856,2.3333333333333335
plot_18295,1.970109498685937,3.940218997371874,33.49186147766093,3.940218997371874,0.0,11.820656992115623,7.880437994743748,0.0,0.0,0.0,0.0,0.0,4.128332347034682,0.0,5.565559333787773,9.693891680822455,1.875
plot_18742,157.9143816934164,14.355852881219674,14.355852881219674,0.0,43.06755864365902,0.0,43.06755864365902,0.0,0.0,0.0,0.0,0.0,0.0,0.0,0.0,0.0,0.0
plot_18298,21.172647057266715,10.586323528633358,10.586323528633358,0.0,5.293161764316679,0.0,10.586323528633358,0.0,0.0,0.0,0.0,0.0,7.98507061101374,0.0,31.17195880778174,47.94367794756116,20.05
plot_7247,0.0,1.330558674976449,0.0,2.661117349952898,0.0,1.330558674976449,2.661117349952898,0.0,0.0,0.0,0.0,1.9727197151962588,16.40578846245962,0.0,10.014493098496782,28.39300127615266,1.0526315789473684
plot_18296,4.257746970613031,0.0,0.0,0.0,17.030987882452123,29.804228794291213,8.515493941226062,0.0,0.0,0.0,0.0,0.0,0.0,0.0,6.131155637682764,6.131155637682764,4.0
plot_18299,0.0,0.0,0.0,0.0,0.0,18.92720596585532,0.0,0.0,0.0,0.0,0.0,26.895043119990675,0.0,0.0,0.0,26.895043119990675,3.5
plot_18297,0.0,0.0,0.0,0.0,0.0,0.0,27.92048246593701,0.0,0.0,0.0,0.0,0.0,0.0,0.0,90.36039447692987,90.36039447692987,3.95
plot_6622,1.7589824638243272,12.31287724677029,3.5179649276486544,1.7589824638243272,1.7589824638243272,3.5179649276486544,14.071859710594618,0.0,0.0,0.0,0.0,0.0,12.827379617438906,0.0,10.043789868436908,23.750660717787976,2.0681818181818183
plot_10158,0.0,0.0,0.0,44.15264452264368,0.0,39.73738007037932,4.415264452264369,0.0,0.0,0.0,0.0,0.0,0.0,7.329338990758853,18.710775128829706,26.04011411958856,12.25
plot_18741,62.002373239775714,143.79273793905432,23.085990036086702,14.511193736968783,7.915196583801155,9.893995729751444,40.8951823496393,0.0,1.0000001430884642,0.0,0.0,8.61648307834037,103.83457948014336,0.0,30.270931687405923,143.71722572186286,2.518633540372671
plot_16845,18.481427320631973,9.240713660315986,62.37481720713291,36.962854641263945,0.0,13.86107049047398,34.65267622618495,0.006638888472838437,0.0,0.0,0.0,7.097910667585365,3.1995971048844103,0.0,28.175590230022674,38.47309800249245,3.7545454545454544
plot_6445,6.137181346037299,19.945839374621222,1.5342953365093248,4.602886009527975,9.20577201905595,1.5342953365093248,16.877248701602575,0.0,0.0,0.0,0.0,4.491975060753441,10.049147561535763,0.0,15.323369895716002,33.94571811312001,2.2294117647058824
plot_10157,20.02291511396376,2.224768345995973,0.0,11.123841729979866,2.224768345995973,6.674305037987919,13.348610075975838,0.9336752186859704,0.0,0.0,0.0,0.0,0.0,0.0,24.991605879783936,24.991605879783936,3.4285714285714284
plot_7237,57.71777504390292,52.3735366139119,3.2065430579946064,7.481933801987415,22.445801405962246,10.688476859982021,75.88818570587235,0.8915258543389658,0.0,0.0,0.0,14.343126256248759,33.59532481296027,10.997395478088805,75.86237119044745,139.6081678446819,5.3133333333333335
plot_7238,21.986639452092945,23.818859406434022,0.0,14.65775963472863,18.322199543410786,9.161099771705393,25.651079360775103,0.9398055514752603,0.0,0.0,0.0,0.0,4.732733495447287,9.540973833036231,10.486585546943392,24.76029287542691,14.722222222222221
plot_10150,45.812018019393754,30.541345346262503,0.0,0.0,30.541345346262503,0.0,30.541345346262503,0.0,0.0,0.0,0.0,24.82118097769486,0.0,0.0,0.0,24.82118097769486,5.0
plot_19445,19.29384526336099,46.305228632066374,23.152614316033187,30.870152421377583,73.31661200077176,19.29384526336099,57.881535790082964,0.0,0.0,0.0,0.0,0.0,0.0,0.0,47.40388366492258,66.93747334772996,19.063636363636363
plot_10151,10.100601995878955,20.20120399175791,10.100601995878955,90.90541796291059,0.0,30.301805987636865,40.40240798351582,0.0,0.0,0.0,0.0,0.0,0.0,0.0,48.25905299484266,48.25905299484266,3.8333333333333335
plot_6610,35.549025067987515,5.924837511331252,29.62418755665626,11.849675022662504,222.18140667492196,23.69935004532501,59.24837511331252,0.0,0.0,0.0,0.0,4.486385326783639,0.0,10.139646975500447,82.75801010096421,97.38404240324829,9.489999999999998
plot_17256,0.0,0.0,4.583098449537795,22.915492247688977,13.749295348613385,9.16619689907559,13.749295348613385,0.0,0.0,0.0,0.0,0.0,0.0,15.21588685246548,6.8517321820590045,22.067619034524487,24.5
plot_18744,4.141712846764908,4.141712846764908,20.70856423382454,4.141712846764908,4.141712846764908,12.425138540294725,4.141712846764908,0.0,0.0,0.0,0.0,0.0,11.472544585538795,0.0,0.0,11.472544585538795,3.5
plot_18361,3.8573550116684987,0.0,0.0,11.572065035005497,3.8573550116684987,7.714710023336997,3.8573550116684987,0.0,0.0,0.0,0.0,5.568204446973904,0.0,0.0,0.0,5.568204446973904,3.5
plot_19071,11.871042491209492,9.496833992967593,4.748416996483797,18.993667985935186,14.24525098945139,4.748416996483797,14.24525098945139,0.0,0.0,0.0,0.0,10.939293094219705,0.0,3.9411861070815517,27.52872110484489,42.409200306146154,7.045454545454546
plot_18104,87.61524774896209,20.21890332668356,0.0,0.0,0.0,0.0,20.21890332668356,0.0,0.0,0.0,0.0,38.79484536672226,9.334393702485576,0.0,0.0,48.129239069207834,3.54
plot_18175,1.6445258667473581,1.6445258667473581,1.6445258667473581,3.2890517334947162,9.867155200484149,1.6445258667473581,0.0,0.0,0.0,0.0,0.0,2.492907258837038,0.0,0.0,0.0,2.492907258837038,4.0
plot_18743,0.0,15.166796848339613,0.0,7.583398424169807,0.0,37.91699212084903,0.0,0.0,0.0,0.0,0.0,0.0,0.0,0.0,0.0,0.0,0.0
plot_18103,0.0,7.116171499733143,0.0,10.674257249599714,0.0,0.0,0.0,0.0,0.0,0.0,0.0,4.732254047322541,0.0,0.0,6.596777938840398,11.329031986162938,3.65
plot_19072,0.0,31.950129398024067,0.0,3.5500143775582296,7.100028755116459,0.0,17.750071887791147,0.0,0.0,0.0,0.0,0.0,5.4154782921704125,0.0,11.0846494075236,16.500127699694012,3.5
plot_19016,103.76134889753567,69.17423259835711,0.0,0.0,0.0,17.293558149589277,69.17423259835711,0.0,0.0,0.0,0.0,23.95157803718115,0.0,0.0,0.0,23.95157803718115,3.5
plot_18527,2.4791503455935584,9.090217933843046,0.0,3.3055337941247442,4.958300691187117,5.784684139718303,4.958300691187117,0.0,0.0,0.0,0.9127886874601583,1.316732667038649,2.0804571294559633,1.371796524561769,1.3809474613129877,6.149933782369368,9.7
plot_18740,71.35267016269177,70.58543715018969,0.7672330125020619,37.594417612601035,17.646359287547423,9.206796150024743,29.922087487580416,0.0,0.9999998050586023,0.0,0.0,2.392106095582403,6.856920894726676,1.273606800753423,6.805844978858653,17.328478769921155,6.433333333333334
plot_18676,87.66720865953529,385.40489844663625,1.6540982765950054,23.157375872330075,13.232786212760043,11.578687936165037,28.11967070211509,0.0,0.0,0.0,0.0,26.54114873885317,251.88489341412293,2.7458031391477093,85.5118645783444,378.2423310116725,3.6204819277108435
plot_18524,7.754743317996175,286.9255027658585,5.1698288786641164,0.0,10.339657757328233,10.339657757328233,15.50948663599235,0.0,1.0000012131705203,0.0,0.0,0.0,74.82324300484402,0.0,16.71297202418542,94.12112946836149,1.9482758620689655
plot_18359,23.157663160210504,52.10474211047364,5.789415790052626,11.578831580105252,5.789415790052626,0.0,11.578831580105252,0.0,1.0000012260977087,0.0,0.0,17.18773831053293,15.96373966748207,0.0,8.655176606128677,50.2181790913082,3.1666666666666665
plot_19781,8.325424180361988,0.0,0.0,0.0,0.0,0.0,0.0,0.0,1.0000026302223535,0.0,0.0,0.0,0.0,0.0,0.0,0.0,0.0
plot_18675,30.90012051046999,437.7517072316582,0.0,43.775170723165814,18.02507029777416,12.875050212695829,18.02507029777416,0.0,0.0,0.0,0.0,4.156433515477689,51.212316313714354,0.0,7.84090557953176,67.48417207933882,6.052631578947368
plot_18442,0.0,0.0,0.0,0.0,0.0,0.0,0.0,0.0,0.9999973418396987,0.0,0.0,0.0,0.0,0.0,0.0,0.0,0.0
plot_18360,26.06599039902687,282.3815626561244,20.27354808813201,31.85843270992173,7.240552888618574,41.99520675398773,36.202764443092875,0.0,0.999999932686227,0.0,0.0,0.0,54.24248560919417,0.0,21.476002322073292,81.01857264573627,3.575609756097561
plot_18290,41.375967655814996,124.127902967445,0.0,37.43539930764214,9.851420870432142,11.82170504451857,33.49483095946928,0.0,0.9999999615497243,0.0,0.0,6.6694119292825595,121.3639152239683,0.0,13.978065075206326,147.25234813152707,2.3934426229508197
plot_7236,66.37314984844797,0.0,22.12438328281599,0.0,0.0,22.12438328281599,22.12438328281599,0.0,0.0,0.0,0.0,0.0,0.0,0.0,45.02577858272966,45.02577858272966,0.0
plot_16773,0.0,0.0,22.042939646431247,0.0,0.0,110.21469823215624,22.042939646431247,0.0,0.0,0.0,0.0,0.0,0.0,0.0,31.744193532436434,31.744193532436434,3.5
plot_18301,48.42986346814324,4.035821955678603,16.143287822714413,16.143287822714413,4.035821955678603,0.0,32.286575645428826,0.0,1.0000008667773748,0.0,0.0,0.0,0.0,0.0,12.425990307802582,12.425990307802582,4.25
plot_18300,36.15834462277204,16.87389415729362,2.410556308184803,7.231668924554409,14.463337849108818,16.87389415729362,12.052781540924014,0.0,0.9999995233156557,0.0,0.0,14.658076421550051,0.0,4.001523471586773,4.821112616369606,23.480712509506432,7.3999999999999995
plot_18739,8.962163537975377,234.80868469495485,0.0,3.5848654151901505,7.169730830380301,7.169730830380301,8.962163537975377,0.0,1.0000001069145996,0.0,0.0,8.183389892150833,138.4517328257355,0.0,22.162122100949986,178.3329868232421,2.6525641025641025
plot_18438,0.0,30.650025746021626,12.26001029840865,0.0,12.26001029840865,0.0,12.26001029840865,0.0,1.0000015075330437,0.0,0.0,9.33124107413146,0.0,0.0,41.9648433513668,51.29608442549826,4.279999999999999
plot_18367,25.912240424131554,202.1154753082261,0.0,10.36489616965262,0.0,0.0,20.72979233930524,0.0,1.0000000373013145,0.0,0.0,15.41638496469324,14.070346550303432,0.0,34.58623408196561,64.07296559696228,2.677777777777778
plot_18437,76.41451762628206,48.112844431362774,2.830167319491928,14.15083659745964,16.98100391695157,5.660334638983856,8.490501958475784,0.0,1.000000842402291,0.0,0.0,58.21941916636882,3.9216613828875646,0.0,6.594289854416193,68.73537040367258,3.4823529411764707
plot_18436,30.28886927324022,80.77031806197392,1.4423271082495344,2.8846542164990687,2.8846542164990687,11.538616865996275,14.423271082495342,0.0,0.9999996802845627,0.0,0.0,0.0,31.647390106310006,0.0,13.681805505328382,45.32919561163839,2.5375
plot_6617,20.738426229961497,13.825617486640999,6.912808743320499,20.738426229961497,34.5640437166025,13.825617486640999,34.5640437166025,0.0,0.9999989113645222,0.0,0.0,9.624757007797875,61.975613137340495,0.0,102.38271776457533,173.9830879097137,1.925
plot_18288,0.0,2.867761769294301,0.0,0.0,0.0,5.735523538588602,2.867761769294301,0.0,0.0,0.0,0.0,0.0,0.0,0.0,3.971850050472607,3.971850050472607,3.5
plot_19068,3.3587892236606547,5.597982039434425,0.0,4.47838563154754,0.0,1.119596407886885,7.837174855208194,0.0,0.0,0.0,0.0,1.119596407886885,1.119596407886885,1.9287217751529757,5.919337051707767,10.087251642634513,6.571428571428571
plot_19069,53.37793356226536,0.0,0.0,17.792644520755122,53.37793356226536,0.0,35.585289041510244,0.0,0.0,0.0,0.0,0.0,0.0,0.0,0.0,0.0,0.0
plot_19070,0.0,1.736952447452846,0.0,5.210857342358538,0.0,8.68476223726423,0.0,0.0,0.0,0.0,0.0,0.0,0.0,0.0,2.4056791397221917,2.4056791397221917,3.5
plot_19013,15.519515791107317,0.0,0.0,0.0,15.519515791107317,0.0,46.55854737332195,0.0,0.0,0.0,0.0,0.0,0.0,0.0,15.519515791107317,15.519515791107317,0.0
plot_19014,0.0,0.0,0.0,0.0,11.619530106202506,0.0,11.619530106202506,0.0,0.0,0.0,0.0,0.0,0.0,0.0,0.0,0.0,0.0
plot_19015,0.0,0.0,0.0,0.0,27.455179419597503,0.0,27.455179419597503,0.0,0.0,0.0,0.0,37.53483911475975,0.0,0.0,39.5354583642204,77.07029747898015,3.5
plot_6446,9.069643525219277,6.802232643914458,3.0232145084064257,9.825447152320884,6.046429016812851,8.31383989811767,6.802232643914458,0.0,0.0,0.0,0.0,3.3316052139406462,2.3604223507240225,2.509268041977333,3.8710001926206856,12.072295799262688,9.518181818181818
plot_19460,1.8109905393854222,5.432971618156267,3.6219810787708444,16.2989148544688,1.8109905393854222,10.865943236312534,9.054952696927112,0.0,0.0,0.0,0.0,0.0,0.0,0.0,7.026643292815438,7.026643292815438,2.6666666666666665
plot_6623,3.174955947486229,0.0,19.049735684917373,4.762433921229343,7.937389868715572,11.1123458162018,7.937389868715572,0.0,0.9933255882637463,0.0,0.0,2.354813497566607,1.5874779737431144,0.0,9.722243670033095,15.863192134977028,1.875
plot_18441,0.0,0.0,0.0,2.436801551755228,0.0,4.873603103510456,0.0,0.0,0.9999989719397337,0.0,0.0,0.0,0.0,0.0,6.615916213015445,6.615916213015445,3.25
plot_18292,0.0,0.0,0.0,0.0,13.187914595065084,0.0,13.187914595065084,0.5283771973061209,0.9999950229929048,0.0,0.0,0.0,0.0,0.0,0.0,0.0,0.0
plot_18291,6.272423915497906,6.272423915497906,6.272423915497906,6.272423915497906,0.0,6.272423915497906,0.0,0.6119275877057935,1.0000024069969013,0.0,0.0,9.04432725662952,0.0,0.0,0.0,29.868774656082568,21.166666666666668
plot_6558,65.72353395442073,23.003236884047254,0.0,0.0,0.0,3.2861766977210367,19.71706018632622,0.9999995170842175,0.0,0.0,0.0,19.771869584592867,0.0,0.0,9.783219957471527,38.296319558002345,7.2375
plot_18289,17.83111261684951,8.915556308424755,13.373334462637132,0.0,8.915556308424755,17.83111261684951,8.915556308424755,0.0,0.9999999846036753,0.0,0.0,7.078045825851359,0.0,0.0,13.8470948487647,25.382918828828437,3.125
plot_10618,23.561566372932475,9.42462654917299,42.41081947127845,51.83544602045144,23.561566372932475,23.561566372932475,51.83544602045144,0.0,0.0,0.0,0.0,0.0,0.0,24.37314948139619,54.6788963214483,79.05204580284448,13.227272727272727
plot_10178,26.938768179927028,32.9251611087997,5.9863929288726725,0.0,0.0,0.0,8.97958939330901,1.0000010164127577,0.0,0.0,0.0,2.9931964644363362,0.0,0.0,3.9809512977003276,6.974147762136664,1.5
plot_10177,9.08298212469118,0.0,0.0,0.0,9.08298212469118,9.08298212469118,0.0,0.0,0.0,0.0,0.0,0.0,12.080366225839269,0.0,0.0,12.080366225839269,3.0
plot_10153,27.15423606082549,9.051412020275164,0.0,0.0,18.102824040550328,0.0,0.0,0.0,0.0,0.0,0.0,12.914938602794868,0.0,0.0,0.0,28.618526964598452,26.75
plot_6447,0.0,0.0,0.0,0.0,0.0,0.0,3.558471920987689,0.0,0.0,0.0,0.0,0.0,0.0,0.0,4.732967576582401,4.732967576582401,2.05
plot_6377,0.0,7.205181966870572,144.10363933741144,57.64145573496457,14.410363933741143,14.410363933741143,86.46218360244687,0.0,1.0000032475586147,0.0,0.0,0.0,21.14720907276513,12.59429523880486,63.64039430667562,97.38189861824561,7.7444444444444445
plot_6378,6.275952042312468,8.629434058179644,1.568988010578117,14.905386100492112,3.9224700264452927,1.568988010578117,10.98291607404682,0.0,0.9999998459396552,0.0,0.0,4.496315547729675,7.217458884222288,0.0,3.1732782513942417,19.119846879147097,2.305263157894737
plot_6557,29.089277069130663,2.0778055049379045,0.0,0.0,4.155611009875809,0.0,4.155611009875809,1.0028481199637616,0.0,0.0,0.0,12.100899298977398,4.841286826505318,0.0,0.0,19.01999163042062,2.5714285714285716
plot_6252,7.784288710619068,18.163340324777824,0.0,3.459683871386252,3.459683871386252,1.729841935693126,4.324604839232816,0.0,0.0,0.0,0.0,2.5943096643692027,3.792678444007179,0.0,3.2270297538145183,17.398306572809968,0.9833333333333333
plot_10152,17.17690246464012,34.35380492928024,0.0,0.0,0.0,2.4538432092343028,12.269216046171515,0.0,0.0,0.0,0.0,6.177993097612999,4.9076864184686055,0.0,2.4538432092343028,20.066745661879153,4.857142857142857
plot_16466,6.370493331003553,19.111479993010658,3.6402819034306018,8.190634282718854,2.7302114275729514,0.9100704758576504,13.651057137864756,0.0,0.0,0.0,0.0,6.532590615003973,1.2604476090628458,0.0,3.7382169938486007,24.272241879922525,1.3130434782608695
plot_10154,0.0,0.0,5.915339658803208,5.915339658803208,11.830679317606416,0.0,5.915339658803208,0.0,0.0,0.0,0.0,0.0,0.0,0.0,5.915339658803208,16.209320244744013,25.0
plot_16673,16.05987119983298,40.149677999582444,240.89806799749468,8.02993559991649,8.02993559991649,24.089806799749468,24.089806799749468,0.0,0.0,0.0,0.0,0.0,0.0,0.0,23.13425709636195,31.16419269627844,1.5
plot_16468,1.4643839849109872,10.250687894376911,8.786303909465923,0.0,0.0,14.643839849109872,7.321919924554936,0.0,1.000000559248673,0.0,0.0,2.089445184207463,2.1548113824797888,0.0,2.0281718191017175,10.167689785652195,8.1
plot_16467,0.7992621212096992,14.386718181774585,3.9963106060484956,0.7992621212096992,0.7992621212096992,2.3977863636290975,2.3977863636290975,0.0,0.004530645185217119,0.0,0.0,0.0,0.7992621212096992,0.0,2.0381184090847326,18.822622954488416,0.21739130434782608
plot_6620,11.833279238342527,10.142810775722166,0.0,1.6904684626203612,11.833279238342527,3.3809369252407224,5.071405387861083,0.9705124882433329,0.0,0.0,0.0,9.921093017751232,3.3809369252407224,2.9037962151438346,8.651425458924221,24.857251617060008,6.118181818181818
plot_6512,13.109882666550135,8.73992177770009,34.95968711080036,21.849804444250225,10.924902222125112,15.294863110975157,21.849804444250225,0.0,0.0,0.0,0.0,0.0,2.1849804444250225,3.780787445852489,17.02478933083721,22.990557221114724,11.8125
plot_6614,8.13118308713918,0.0,2.710394362379726,0.0,10.841577449518905,0.0,13.551971811898632,0.0,0.0,0.0,0.0,0.0,0.0,13.874167487425767,0.0,13.874167487425767,36.666666666666664
plot_6511,11.769015418881326,4.413380782080497,38.249300111364306,10.29788849152116,0.0,13.240142346241491,13.240142346241491,0.0,0.0,0.0,0.0,6.331218329193841,0.0,0.0,27.730952218801544,35.53329747535555,4.421052631578948
plot_6559,8.627457747025684,17.254915494051367,46.01310798413698,14.379096245042806,2.8758192490085612,8.627457747025684,48.888927233145544,0.0,0.0,0.0,0.0,8.396743496871396,0.0,0.0,25.041976983897573,33.43872048076897,3.625
plot_16757,0.7616529086762929,0.0,0.0,3.8082645433814646,1.5233058173525857,4.569917452057758,0.7616529086762929,0.0,0.0,0.0,0.0,0.0,0.0,4.591425464680434,1.3312034587059616,5.922628923386395,33.0
plot_6441,0.0,0.0,9.642132261128227,2.4105330652820567,0.0,0.0,4.821066130564113,0.0,0.0,0.0,0.0,0.0,0.0,0.0,13.122444032787216,13.122444032787216,0.6
plot_7024,0.0,16.31986944104447,0.0,24.479804161566705,16.31986944104447,8.159934720522235,24.479804161566705,0.0,0.0,0.0,0.0,11.301509587923297,0.0,14.02308577605671,73.10040753827435,111.95785462980578,7.0
plot_7159,0.0,0.0,0.0,0.0,0.0,0.0,0.0,0.0,0.0,0.0,0.0,0.0,0.0,0.0,0.0,0.0,0.0
plot_6442,0.0,0.0,0.0,0.0,0.0,32.136257732787016,0.0,0.0,0.0,0.0,0.0,0.0,0.0,0.0,0.0,0.0,0.0
plot_6381,0.0,0.0,0.0,16.1742941942371,0.0,8.08714709711855,0.0,0.0,0.0,0.0,0.0,0.0,0.0,0.0,0.0,0.0,0.0
plot_6382,0.0,0.0,0.0,9.092892994835237,0.0,3.0309643316117456,0.0,0.0,0.0,0.0,0.0,0.0,0.0,0.0,0.0,0.0,0.0
plot_7253,0.0,0.0,0.0,21.721295725416088,18.37955792150592,8.35434450977542,0.0,0.0,0.0,0.0,0.0,0.0,3.3417378039101675,0.0,1.6708689019550838,5.0126067058652515,0.0
plot_19149,0.0,0.0,2.256276962509702,4.512553925019404,15.793938737567915,9.025107850038808,4.512553925019404,0.0,0.0,0.0,0.0,0.0,0.0,0.0,15.557228469125148,15.557228469125148,2.66
plot_7250,0.0,2.64389392697565,0.0,15.863363561853898,2.64389392697565,0.0,2.64389392697565,0.0,0.0,0.0,0.0,0.0,0.0,0.0,2.64389392697565,2.64389392697565,0.0
plot_19153,5.0825017089912,12.706254272477999,0.0,10.1650034179824,241.41883117708198,12.706254272477999,58.4487696533988,0.0,0.0,0.0,0.0,0.0,0.0,8.847926060032249,43.518469728094395,52.366395788126646,11.0
plot_6323,6.370871356817214,12.741742713634428,1.274174271363443,0.6370871356817215,8.9192198995441,1.9112614070451643,10.193394170907544,0.0,0.0,0.0,0.0,6.721603615986186,3.99697644120852,0.0,2.4441821287301195,14.436936457288269,2.552941176470588
plot_6325,3.7747244451155066,20.760984448135286,1.8873622225577533,1.8873622225577533,11.32417333534652,3.7747244451155066,11.32417333534652,0.0,0.0,0.0,0.0,0.0,3.5235810146108606,6.4086750546330356,3.57816934075461,13.510425409998508,24.5
plot_6603,0.0,0.0,0.0,2.510935122458306,0.0,2.510935122458306,0.0,0.467869597817632,0.0,0.0,0.0,0.0,0.0,0.0,0.0,0.0,0.0
plot_6356,0.0,1.0919843977269255,1.0919843977269255,29.483578738626985,0.0,8.735875181815404,2.183968795453851,0.0,0.0,0.0,0.0,0.0,1.5123983908517917,0.0,2.64435626162076,4.156754652472551,2.1666666666666665
plot_6322,39.56563025005479,18.2610601154099,6.0870200384699675,0.0,6.0870200384699675,0.0,21.304570134644884,0.0,0.0,0.0,0.0,37.194832632422106,3.0435100192349838,0.0,7.426490357528766,47.664833009185855,2.525
plot_6357,8.7010695354673,3.48042781418692,10.44128344256076,15.66192516384114,17.4021390709346,17.4021390709346,10.44128344256076,0.0,0.0,0.0,0.0,0.0,5.8906240755113615,2.9816859883387083,18.7246893164334,29.337213287376926,5.7749999999999995
plot_10617,14.767518976261886,17.45252242649132,6.712508625573585,4.02750517534415,7.383759488130943,0.6712508625573584,4.698756037901509,0.0,0.0,0.0,0.0,4.913245944262499,3.718729778567766,1.1142764318452152,9.885927204374262,19.632179359049744,4.647619047619047
plot_7025,10.497561066645515,18.66233078514758,29.1598918517931,19.828726459219308,4.665582696286895,15.16314376293241,20.99512213329103,0.0,0.41642944949332905,0.0,0.0,1.679734672735631,6.93516625749747,0.0,7.9364581668913425,21.333581360818513,5.3076923076923075
plot_6358,17.333948311673435,42.95804581588634,3.768249632972486,6.7828493393504745,4.521899559566983,6.029199412755977,39.94344610950835,0.9879017144974708,0.0,0.0,0.34482653903779514,1.085255894296076,14.62039179840555,2.5568572835063508,26.45873876870912,44.721243744917096,4.33953488372093
plot_6713,17.373251273676484,8.686625636838242,4.343312818419121,8.686625636838242,0.0,4.343312818419121,26.059876910514728,0.0,0.0,0.0,0.0,0.0,10.358801071929603,0.0,15.117778969596532,25.476580041526137,2.85
plot_6770,0.0,0.0,16.044839979462605,16.044839979462605,32.08967995892521,21.393119972616805,32.08967995892521,0.0,0.0,0.0,0.0,7.4073677905185695,18.10392777682697,0.0,38.6574269243415,73.04686728032301,4.318181818181818
plot_6769,7.419085597700083,3.7095427988500416,40.804970787350456,11.128628396550125,44.5145135862005,14.838171195400166,33.385885189650374,0.0,0.0,0.0,0.0,0.0,12.996230078010448,6.373039375497758,47.59148323033404,66.96075268384224,4.521428571428571
plot_6602,27.340930466545636,0.0,8.202279139963691,5.468186093309127,2.7340930466545634,16.404558279927382,24.60683741989107,0.0,0.0,0.0,0.0,12.240749965757903,2.7340930466545634,0.0,18.073154105450296,33.047997117862764,2.566666666666667
plot_18995,18.432755005645028,4.608188751411257,0.0,4.608188751411257,11.520471878528143,2.3040943757056285,13.82456625423377,0.0,0.0,0.0,0.0,13.614756696480077,0.0,4.004090055617069,9.663268749147232,27.282115501244373,8.725
plot_18890,14.346584795489433,4.782194931829811,19.128779727319245,0.0,4.782194931829811,0.0,14.346584795489433,0.0,0.0,0.0,0.0,11.609376545398623,0.0,8.306273448761685,12.983659239917936,39.78566993591317,10.666666666666666
plot_6380,2.3747347223420583,2.3747347223420583,1.5831564815613723,2.3747347223420583,3.1663129631227447,6.332625926245489,0.0,0.0,0.0,0.0,0.0,0.0,0.0,1.415881692706252,1.0963358634812503,2.5122175561875024,19.75
plot_6604,0.0,0.0,0.0,0.0,0.0,0.0,6.09005980438728,0.0,0.0,0.0,0.0,0.0,0.0,0.0,0.0,0.0,0.0
plot_18768,0.0,0.0,0.0,31.462371004278886,0.0,0.0,0.0,0.0,0.0,0.0,0.0,0.0,0.0,0.0,14.525127946975418,14.525127946975418,3.5
plot_18827,0.0,72.84912945290303,24.28304315096768,0.0,0.0,0.0,24.28304315096768,0.0,0.0,0.0,0.0,0.0,0.0,0.0,0.0,0.0,0.0
plot_7084,5.960867447106785,13.005528975505714,1.0837940812921427,2.1675881625842854,2.709485203230357,2.1675881625842854,7.586558569045,0.0,0.0,0.0,0.0,9.31504792817005,1.8045171453514177,0.8995490874724785,4.72990829316259,17.46974551821581,3.783333333333333
plot_18887,11.7041655125059,54.61943905836087,0.0,0.0,3.9013885041686334,0.0,7.802777008337267,0.0,0.0,0.0,0.0,0.0,6.10105090261574,0.0,0.0,6.10105090261574,4.5
plot_18767,0.0,0.0,8.758791637105745,8.758791637105745,0.0,0.0,8.758791637105745,0.0,0.0,0.0,0.0,0.0,12.130926417391455,0.0,0.0,12.130926417391455,3.5
plot_18606,0.0,0.0,0.0,6.478404239467735,6.478404239467735,0.0,0.0,0.007923373711690074,0.0,0.0,0.0,0.0,0.0,0.0,0.0,0.0,0.0
plot_18842,0.0,0.0,0.0,3.88716342023735,0.0,0.0,0.0,0.05572569470334596,0.0,0.0,0.0,0.0,0.0,6.452691277594002,0.0,6.452691277594002,34.0
plot_6324,7.220842239038761,101.09179134654266,32.493790075674426,25.272947836635666,3.6104211195193807,14.441684478077523,18.052105597596903,0.0,0.0,0.0,0.0,5.559097522039902,19.860454191301876,0.0,33.211581497174365,58.63113321051614,1.7615384615384615
plot_16834,12.144913103146747,85.01439172202723,0.0,0.0,12.144913103146747,0.0,12.144913103146747,0.0,0.0,0.0,0.0,0.0,110.33745578105305,0.0,0.0,110.33745578105305,10.833333333333334
plot_19596,0.0,70.11434481066206,11.685724135110343,11.685724135110343,0.0,0.0,17.528586202665515,0.0,0.0,0.0,0.0,0.0,43.73382257565046,10.130518602318778,24.240554136629285,78.10489531459852,7.35
plot_19554,5.981374001359766,7.975165335146356,17.9441220040793,17.9441220040793,3.987582667573178,7.975165335146356,23.925496005439065,0.0,0.0,0.0,0.0,3.164174924845579,0.0,0.0,9.510384662162028,12.674559587007607,2.3
plot_6638,5.899739821473872,0.0,0.0,29.49869910736936,0.0,11.799479642947745,0.0,0.30599525726449844,0.0,0.0,0.0,0.0,5.899739821473872,0.0,31.770098938636803,37.66983876011068,0.5833333333333334
plot_19553,3.0097908496338595,6.019581699267719,0.0,0.0,3.0097908496338595,0.0,15.048954248169297,0.0,0.0,0.0,0.0,4.168560326742895,8.33712065348579,0.0,14.014335335818307,26.520016316046995,3.533333333333333
plot_19505,4.079651108237224,8.159302216474448,2.039825554118612,2.039825554118612,8.159302216474448,1.019912777059306,7.139389439415141,0.0,0.0,0.0,0.0,4.393273248916383,14.436865359274474,0.0,5.437155014503159,25.679872818921158,1.7476190476190478
plot_19597,60.96352856903357,15.240882142258393,22.86132321338759,15.240882142258393,15.240882142258393,15.240882142258393,22.86132321338759,0.0,0.0,0.0,0.0,0.0,12.110312896157494,0.0,7.620441071129196,19.730753967286688,2.0
plot_19555,0.0,0.0,0.0,0.0,0.0,85.49931600547195,0.0,0.0,0.0,0.0,0.0,0.0,0.0,0.0,0.0,0.0,0.0
plot_6778,24.736616871856903,27.210278559042592,37.10492530778535,22.26295518467121,19.78929349748552,4.94732337437138,86.57815905149916,0.0,0.0,0.0,0.0,15.01884968533394,2.47366168718569,4.299096741907589,38.699058074424194,68.7032229903079,9.605882352941178
plot_6695,2.7633126038832834,15.198219321358058,3.454140754854104,3.454140754854104,6.908281509708208,1.3816563019416417,6.908281509708208,0.40281276896287294,0.0,0.0,0.0,4.643827759503275,5.678925500916814,1.878549446264016,3.2381585901053516,15.439461296789458,5.11875
plot_19833,4.358342958007366,2.179171479003683,0.0,2.179171479003683,6.5375144370110485,10.895857395018416,6.5375144370110485,0.0,0.0,0.0,0.0,6.715807840953676,2.179171479003683,0.0,6.39586829087581,15.290847610833168,3.38
plot_10173,4.45598379210162,1.4853279307005398,0.0,1.4853279307005398,5.941311722802159,8.91196758420324,0.0,0.0,0.0,0.0,0.0,6.679032638647914,0.0,0.0,0.0,6.679032638647914,3.8333333333333335
plot_10149,5.9712615125921955,0.0,0.0,0.0,2.388504605036878,7.165513815110635,3.5827569075553174,0.0,0.9999998818572875,0.0,1.231530050043386,1.725940592077803,1.194252302518439,0.0,4.022485702239392,6.942678596835634,1.3
plot_10172,10.280521153885696,27.414723077028523,20.56104230777139,13.707361538514261,10.280521153885696,3.4268403846285653,17.134201923142825,0.0,0.0,0.0,0.0,0.0,3.4268403846285653,0.0,9.680824086575697,13.107664471204263,2.5
plot_6246,18.55304780192766,12.368698534618442,0.0,6.184349267309221,15.460873168273052,21.645222435582273,12.368698534618442,0.0,0.9999987113350041,0.0,0.0,23.619438122368628,0.0,10.801797348580408,5.443550519918776,39.86478599086781,19.5875
plot_6608,30.10098881748266,75.25247204370665,0.0,11.287870806555997,15.05049440874133,11.287870806555997,18.81311801092666,0.0,0.9999983612832409,0.0,0.0,5.621767190222937,11.445299525401243,0.0,5.905364991959994,22.97243170758417,4.1
plot_6618,29.374518584278757,58.749037168557514,6.527670796506391,3.2638353982531956,9.791506194759586,9.791506194759586,16.319176991265977,0.0,1.000000864362885,0.0,0.0,9.647742728379576,79.83583642302243,16.684226001740633,4.34090107967675,110.50870623281938,6.928
plot_6609,12.716757125199017,478.150067907483,12.716757125199017,30.520217100477637,15.260108550238819,10.173405700159213,50.86702850079607,0.0,0.9999988927679084,0.0,0.0,22.28800376216255,552.7412157028854,8.878380535311337,115.80108864384574,711.8404749416449,2.8641509433962264
plot_6666,5.054306416484114,12.21457383983661,1.684768805494705,5.475498617857791,2.9483454096157335,0.8423844027473525,7.581459624726172,0.0,1.000000030770049,0.0,0.0,2.998911634425118,8.323394361410143,1.3983581085606052,5.821113000010524,21.472283755088853,6.351351351351352
plot_12239,0.0,0.0,1.2870791412093139,5.1483165648372555,0.6435395706046569,0.6435395706046569,0.0,0.0,0.997562675364863,0.0,0.0,0.6435395706046569,0.6435395706046569,1.0682756872037305,2.18915619401223,5.435813327712724,6.071428571428571
plot_16358,0.0,0.0,0.0,0.0,0.0,0.0,0.0,0.0,0.9973260333936291,0.0,0.0,0.0,0.0,0.0,0.0,0.0,0.0
plot_16357,0.0,0.0,0.0,0.0,0.0,0.0,0.0,0.0,0.9986502570122271,0.0,0.0,0.0,0.0,0.0,0.0,0.0,0.0
plot_18660,0.0,0.0,0.0,0.0,0.0,0.0,0.0,0.0,0.0,0.0,0.0,27.105504838521146,0.0,0.0,0.0,27.105504838521146,4.4
plot_18661,4.844491812808837,29.06695087685302,4.844491812808837,4.844491812808837,0.0,0.0,0.0,0.0,0.0,0.0,0.0,0.0,18.263734134289315,0.0,6.9760682104447245,25.239802344734038,2.75
plot_19598,0.0,0.0,0.0,0.0,0.0,0.0,0.0,0.0,0.0,0.0,0.0,0.0,0.0,0.0,0.0,0.0,0.0
plot_18453,0.0,0.0,0.0,2.2335787291830465,6.700736187549139,2.2335787291830465,0.0,0.0,0.0,0.0,0.0,0.0,0.0,3.707740690443857,0.0,3.707740690443857,40.0
plot_18658,47.13701551986236,35.35276163989677,0.0,0.0,0.0,0.0,23.56850775993118,0.0,1.0000003475347694,0.0,0.0,0.0,45.24895088132951,0.0,0.0,57.033204761295096,1.75
plot_5565,47.13701551986236,35.35276163989677,0.0,0.0,0.0,0.0,23.56850775993118,0.0,1.000000611369177,0.0,0.0,0.0,45.24895088132951,0.0,0.0,57.033204761295096,1.75
plot_5566,27.559407748327484,6.889851937081871,0.0,6.889851937081871,34.44925968540936,6.889851937081871,6.889851937081871,0.0,0.9999989917751649,0.0,0.0,10.086791750025057,0.0,0.0,0.0,10.086791750025057,3.8
plot_6379,2.9951239382285637,5.990247876457127,20.965867567599947,2.9951239382285637,0.0,11.980495752914255,50.917106949885586,0.0,0.0,0.0,0.0,0.0,0.0,0.0,24.408989294993326,24.408989294993326,7.1499999999999995
plot_6481,20.585704463392442,0.0,4.1171408926784885,4.1171408926784885,24.70284535607093,14.40999312437471,24.70284535607093,0.0,0.0,0.0,0.0,0.0,0.0,3.5578422629089648,6.155125634554341,9.712967897463306,27.333333333333332
plot_6480,10.737601649295613,21.475203298591225,7.158401099530408,10.737601649295613,10.737601649295613,25.05440384835643,10.737601649295613,0.0,0.0,0.0,0.0,0.0,0.0,0.0,22.22683541404192,22.22683541404192,2.2
plot_6479,4.460004906005397,0.0,13.38001471801619,0.0,4.460004906005397,4.460004906005397,17.840019624021586,0.0,0.0,0.0,0.0,6.4228846588877255,8.920009812010793,0.0,14.296687262300866,29.639581733199382,2.1
plot_6555,13.19795167789959,21.99658612983265,4.399317225966531,13.19795167789959,4.399317225966531,13.19795167789959,4.399317225966531,0.0,0.9999994693308466,0.0,0.0,0.0,24.37221743185458,0.0,12.23993191899666,36.61214935085124,3.4166666666666665
plot_6515,62.33342655269197,67.3874881650724,0.0,25.27030806190215,11.79281042888767,1.68468720412681,40.43249289904344,0.0,1.000000186734519,0.0,0.0,12.809491922164732,39.22184408320488,2.7965807588505047,9.017646369144504,63.84556313336462,3.644444444444445
plot_6513,110.04526777370963,96.98904956326949,5.5955220901886245,18.65174030062875,13.056218210440123,26.112436420880247,74.606961202515,0.0,1.0000005659472824,0.0,0.0,24.828534308882038,85.60405132389825,0.0,19.402903269812278,129.83548890259257,2.3207547169811322
plot_10144,22.095126886287765,18.0778310887809,0.0,2.678197198337911,4.686845097091344,6.695492995844777,10.712788793351644,0.0,0.9999997155541932,0.0,0.0,1.9935669543957002,19.268334867092985,2.27672695078686,6.928473784792261,30.467102557067804,3.5749999999999997
plot_6431,54.402719725399706,53.37625331548651,14.370529738784828,23.608727428003647,12.317596918958424,16.42346255861123,56.45565254522611,0.0,1.000000505349909,0.0,0.0,15.331773032985975,16.02000722733916,5.332477237593802,19.27036290708387,55.95462040500281,7.605714285714285
plot_6772,1.381402455028443,0.0,1.381402455028443,9.6698171851991,0.0,5.525609820113772,6.907012275142215,0.0,0.0,0.0,0.0,0.0,0.0,0.0,7.665339562996468,7.665339562996468,3.325
plot_18659,27.559407748327484,6.889851937081871,0.0,6.889851937081871,34.44925968540936,6.889851937081871,6.889851937081871,0.0,0.999998386754543,0.0,0.0,10.086791750025057,0.0,0.0,0.0,10.086791750025057,3.8
plot_19612,13.02371618717685,8.6824774581179,0.0,13.02371618717685,8.6824774581179,4.34123872905895,8.6824774581179,0.0,0.9999979809061457,0.0,0.0,6.54372221860865,0.0,0.0,8.228926129564387,14.772648348173037,4.55
plot_5557,13.02371618717685,8.6824774581179,0.0,13.02371618717685,8.6824774581179,4.34123872905895,8.6824774581179,0.0,0.9999997249121142,0.0,0.0,6.54372221860865,0.0,0.0,8.228926129564387,14.772648348173037,4.55
plot_18709,12.150815927289518,6.075407963644759,6.075407963644759,30.377039818223796,12.150815927289518,0.0,18.22622389093428,0.0,1.0000023550993613,0.0,0.0,0.0,0.0,0.0,0.0,0.0,0.0
plot_5558,12.150815927289518,6.075407963644759,6.075407963644759,30.377039818223796,12.150815927289518,0.0,18.22622389093428,0.0,0.9999978728890134,0.0,0.0,0.0,0.0,0.0,0.0,0.0,0.0
plot_5595,16.8168976187273,12.612673214045474,16.8168976187273,0.0,0.0,4.204224404681825,12.612673214045474,0.0,0.9999983830129152,0.0,0.0,6.745508182450104,16.984784256116278,0.0,22.78269204897081,46.51298448753719,3.2875
plot_18493,16.816968321035926,12.612726240776944,16.816968321035926,0.0,0.0,4.2042420802589815,12.612726240776944,0.0,1.0000017167831152,0.0,0.0,6.745536542199456,16.98485566426097,0.0,22.78278783292342,46.51318003938385,3.2875
plot_5568,0.0,0.0,0.0,0.0,6.87999229440863,0.0,0.0,0.0,1.0000026359199912,0.0,0.0,0.0,0.0,0.0,0.0,0.0,0.0
plot_18377,0.0,0.0,0.0,0.0,6.87999229440863,0.0,0.0,0.0,1.0000027519829968,0.0,0.0,0.0,0.0,0.0,0.0,0.0,0.0
plot_18494,8.40692899087428,0.0,4.20346449543714,0.0,21.017322477185697,16.81385798174856,8.40692899087428,0.0,0.9999995654640756,0.0,0.0,0.0,0.0,7.280171065885839,0.0,7.280171065885839,43.0
plot_6432,17.499650006999858,0.0,0.0,0.0,52.49895002099957,34.999300013999715,34.999300013999715,0.0,0.0,0.0,0.0,0.0,0.0,0.0,17.499650006999858,17.499650006999858,0.0
plot_6637,6.819760548464628,16.56227561769981,1.9485030138470365,0.9742515069235183,4.871257534617592,2.922754520770555,10.716766576158701,0.0,0.0,0.0,0.0,2.6344481464291545,2.7522605070589394,0.0,4.593595855144389,13.877310536326554,1.6666666666666667
plot_6478,4.243635607497656,0.0,0.0,0.0,4.243635607497656,0.0,4.243635607497656,0.0,0.0,0.0,0.0,6.039560307816104,0.0,0.0,0.0,6.039560307816104,3.5
plot_6636,7.63125763125763,7.63125763125763,7.63125763125763,0.0,0.0,7.63125763125763,7.63125763125763,0.0,0.0,0.0,0.0,0.0,0.0,0.0,10.569291819291818,10.569291819291818,3.5
plot_6665,0.0,0.0,0.0,25.51541130843029,0.0,0.0,0.0,0.0,0.0,0.0,0.0,0.0,0.0,0.0,25.51541130843029,38.23059127713139,1.125
plot_6635,0.0,0.0,5.66062300816828,0.0,0.0,0.0,0.0,0.0,0.0,0.0,0.0,0.0,0.0,0.0,0.0,0.0,0.0
plot_10145,46.0056842578772,20.446970781278754,5.1117426953196885,20.446970781278754,25.55871347659844,5.1117426953196885,35.78219886723782,0.0,0.0,0.0,0.0,14.639582457145499,5.1117426953196885,0.0,5.1117426953196885,24.863067847784876,1.725
plot_6607,0.0,0.0,0.0,0.0,0.0,0.0,0.0,0.0,0.0,0.0,0.0,0.0,0.0,0.0,0.0,0.0,0.0
plot_18350,0.5015362053971314,23.572201653665175,7.52304308095697,1.0030724107942628,0.0,2.0061448215885256,4.012289643177051,0.0,0.0,0.0,0.0,0.5015362053971314,0.0,0.0,0.5015362053971314,16.88170867366744,0.9090909090909091
plot_10147,8.30350989363204,38.74971283694951,11.071346524842719,5.535673262421359,11.071346524842719,0.0,22.142693049685438,0.0,0.0,0.0,0.0,0.0,0.0,0.0,3.8334537342267914,12.13696362785883,0.875
plot_18088,0.0,0.0,0.0,38.20731287968517,19.103656439842585,0.0,0.0,0.0,0.0,0.0,0.0,0.0,0.0,0.0,0.0,0.0,0.0
plot_18889,0.0,0.0,10.993360010553625,21.98672002110725,21.98672002110725,0.0,0.0,0.008391275529366865,0.0,0.0,0.0,0.0,0.0,0.0,0.0,10.993360010553625,0.0
plot_18656,10.712372790573111,42.849491162292445,0.0,0.0,42.849491162292445,10.712372790573111,10.712372790573111,0.0,0.0,0.0,0.0,30.767710533108666,30.919067698888504,0.0,0.0,61.68677823199717,3.75
plot_18115,0.0,0.0,0.0,8.504775431404735,8.504775431404735,0.0,0.0,0.0,0.0,0.0,0.0,0.0,0.0,0.0,8.504775431404735,8.504775431404735,0.0
plot_19333,25.719613348479328,12.859806674239664,0.0,8.57320444949311,8.57320444949311,8.57320444949311,12.859806674239664,0.0,0.0,0.0,0.0,0.0,0.0,0.0,0.0,0.0,0.0
plot_18376,1.0238652757115607,7.167056929980926,0.0,3.0715958271346824,7.167056929980926,2.0477305514231214,7.167056929980926,0.9202507328609459,0.0,0.0,0.0,4.299286034673331,0.0,0.0,2.4982312727362084,8.845247858832662,2.0714285714285716
plot_18114,0.0,3.7111397281219034,0.0,5.566709592182855,5.566709592182855,1.8555698640609517,0.0,0.0,0.0,0.0,0.0,0.0,0.0,0.0,8.188627241956713,8.188627241956713,0.75
plot_19437,0.0,0.0,0.0,2.704625179519496,2.704625179519496,0.0,0.0,0.0,0.0,0.0,0.0,0.0,5.409250359038992,4.698092054717791,4.412368771051176,14.51971118480796,11.75
plot_18375,0.0,12.398179947183753,0.0,12.398179947183753,24.796359894367505,0.0,0.0,0.0,0.0,0.0,0.0,0.0,0.0,0.0,0.0,0.0,0.0
plot_19126,0.0,0.0,28.97179113270046,0.0,0.0,19.314527421800307,0.0,0.0,0.0,0.0,0.0,0.0,0.0,0.0,0.0,0.0,0.0
plot_19399,0.0,0.0,0.0,8.227473178437439,8.227473178437439,8.227473178437439,8.227473178437439,0.06714849294721302,0.0,0.0,0.0,0.0,0.0,0.0,0.0,0.0,0.0
plot_18086,0.0,0.0,0.0,0.0,3.6959695452109473,0.0,3.6959695452109473,0.0,0.0,0.0,0.0,0.0,0.0,0.0,0.0,3.6959695452109473,0.0
plot_18866,2.21645451502867,8.86581806011468,11.08227257514335,46.54554481560207,59.844271905774086,4.43290903005734,13.298727090172019,0.0,0.0,0.0,0.0,3.1495213748259254,3.069789503314708,7.358628989895185,22.36402605663928,35.941965924675095,7.916666666666667
plot_18948,91.8748205569911,45.93741027849555,0.0,0.0,0.0,0.0,34.45305770887166,0.0,0.0,0.0,0.0,17.035517272720444,0.0,0.0,15.905828308929085,32.94134558164953,3.75
plot_18655,0.0,0.0,4.3298665535128205,4.3298665535128205,0.0,17.319466214051282,0.0,0.0,0.0,0.0,0.0,0.0,0.0,0.0,0.0,4.3298665535128205,0.0
plot_18344,16.57989853102099,0.0,8.289949265510495,0.0,16.57989853102099,8.289949265510495,16.57989853102099,0.0,0.0,0.0,0.0,12.277538913402713,0.0,0.0,0.0,12.277538913402713,4.0
plot_18696,7.819158502161997,0.0,0.0,0.0,23.45747550648599,0.0,0.0,0.0,0.0,0.0,0.0,0.0,0.0,0.0,0.0,0.0,0.0
plot_18695,8.365190768175468,0.0,0.0,0.0,0.0,8.365190768175468,16.730381536350936,0.0,0.0,0.0,0.0,0.0,0.0,0.0,0.0,0.0,0.0
plot_18694,25.418515863695752,5.08370317273915,5.08370317273915,0.0,20.3348126909566,10.1674063454783,15.25110951821745,0.0,0.0,0.0,0.0,0.0,5.08370317273915,0.0,15.753637870067168,20.837341042806315,3.0
plot_18113,0.0,38.82037811048279,0.0,25.880252073655196,0.0,25.880252073655196,12.940126036827598,0.0,0.0,0.0,0.0,0.0,0.0,0.0,0.0,0.0,0.0
plot_18869,0.0,0.0,0.0,3.650287825195017,3.650287825195017,0.0,0.0,0.0,0.0,0.0,0.0,0.0,0.0,0.0,0.0,0.0,0.0
plot_18346,0.0,0.0,0.0,0.0,0.0,0.0,0.0,0.0,0.0,0.0,0.0,0.0,0.0,0.0,0.0,0.0,0.0
plot_19107,33.10775913443075,0.0,0.0,0.0,13.243103653772298,0.0,19.86465548065845,0.0,0.0,0.0,0.0,21.069665506838827,0.0,0.0,6.621551826886149,27.691217333724982,3.0666666666666664
plot_18345,5.61501229687693,5.61501229687693,0.0,0.0,5.61501229687693,0.0,11.23002459375386,0.0,0.0,0.0,0.0,0.0,0.0,0.0,0.0,0.0,0.0
plot_19757,8.467472205522485,0.0,4.233736102761243,0.0,0.0,4.233736102761243,0.0,0.0,0.0,0.0,0.0,0.0,0.0,0.0,0.0,0.0,0.0
plot_18868,20.70029083908629,0.0,0.0,0.0,10.350145419543145,10.350145419543145,0.0,0.0,0.0,0.0,0.0,0.0,0.0,0.0,15.473467402217004,15.473467402217004,4.5
plot_19369,4.913642729037171,4.913642729037171,0.0,0.0,34.3954991032602,0.0,19.654570916148685,0.0,0.0,0.0,0.0,0.0,0.0,0.0,6.8053951797164824,6.8053951797164824,3.5
plot_18867,0.0,15.168062128382477,0.0,15.168062128382477,0.0,0.0,0.0,0.0,0.0,0.0,0.0,0.0,0.0,0.0,0.0,0.0,0.0
plot_18342,0.0,0.0,0.0,0.0,1.6793429067074637,5.038028720122391,1.6793429067074637,0.0,0.0,0.0,0.0,0.0,0.0,0.0,4.836507571317495,4.836507571317495,4.0
plot_19398,0.0,0.0,7.513260905498204,45.07956543298923,7.513260905498204,0.0,0.0,0.0,0.0,0.0,0.0,0.0,0.0,0.0,0.0,0.0,0.0
plot_18654,0.0,0.0,0.0,0.0,0.0,4.979757286629849,0.0,0.0,0.0,0.0,0.0,0.0,0.0,0.0,0.0,0.0,0.0
plot_18693,22.310721417177025,22.310721417177025,0.0,11.155360708588512,22.310721417177025,0.0,44.62144283435405,0.0,0.0,0.0,0.0,16.18039996703426,29.673259484845445,19.258326947146827,14.836629742422723,79.94861614144925,12.5
plot_18692,0.0,0.0,7.815247547966083,0.0,0.0,0.0,0.0,0.0,0.0,0.0,0.0,12.26941066947021,0.0,0.0,0.0,12.26941066947021,4.5
plot_18576,20.685803333172444,6.895267777724149,20.685803333172444,34.476338888620745,0.0,6.895267777724149,20.685803333172444,0.0,0.0,0.0,0.0,10.488015740553825,0.0,0.0,34.68177338522035,45.16978912577419,2.4
plot_18766,10.954702305964835,0.0,0.0,16.43205345894725,0.0,10.954702305964835,27.38675576491209,0.0,0.0,0.0,0.0,0.0,0.0,0.0,7.586131346880648,7.586131346880648,3.5
plot_18974,0.0,5.0263443272049635,3.7697582454037226,25.131721636024817,0.0,7.539516490807445,7.539516490807445,0.0,0.0,0.0,0.0,0.0,0.0,0.0,7.204451034863547,7.204451034863547,3.25
plot_18343,0.0,0.0,0.0,0.0,0.0,0.0,0.0,0.0,0.0,0.0,0.0,0.0,0.0,0.0,0.0,0.0,0.0
plot_18577,2.1213316871799437,0.0,4.242663374359887,2.1213316871799437,0.0,0.0,2.1213316871799437,0.0,0.0,0.0,0.0,0.0,0.0,0.0,0.0,0.0,0.0
plot_18973,0.0,0.0,11.151628695370958,0.0,0.0,0.0,22.303257390741916,0.0,0.0,0.0,0.0,0.0,0.0,0.0,15.445005743088778,30.27667190793215,3.25
plot_18691,0.0,0.0,0.0,10.143633855392356,0.0,0.0,0.0,0.0,0.0,0.0,0.0,0.0,0.0,0.0,14.048932889718412,14.048932889718412,3.5
plot_14726,3.8774718883288095,0.0,0.0,0.0,3.8774718883288095,2.5849812588858727,0.0,0.0,0.8615909754858867,0.0,0.0,0.0,0.0,0.0,0.0,0.0,0.0
plot_14725,0.0,0.0,0.0,6.964418784430346,0.0,6.964418784430346,0.0,0.0,0.7599155089578988,0.0,0.0,0.0,0.0,0.0,0.0,0.0,0.0
plot_10476,0.0,0.0,0.0,0.0,0.0,7.819769942368296,0.0,0.0,0.0,0.0,0.06115729738836364,0.0,0.0,0.0,0.0,0.0,0.0
plot_17519,34.32185599826316,58.66642827610098,0.0,13.170014510961444,12.371831813327416,5.587278883438189,15.564562603863525,0.0,0.9829427954487133,0.0,0.0,0.0,0.0,0.0,0.0,0.0,0.0
plot_5504,0.0,0.0,0.0,0.09956330538624537,0.033187768462081796,0.13275107384832718,0.0,0.0,0.0,0.0,1.1705071133505968e-06,0.0,0.0,0.0,0.16593884231040898,0.16593884231040898,0.0
plot_15729,0.0,0.0,0.0,1.4886623475609755,0.0,0.0,0.0,0.0,0.0,0.0,0.17454423008888043,0.0,0.0,0.0,0.0,0.0,0.0
plot_930,2.035985488235798,0.185089589839618,0.0,0.92544794919809,1.295627128877326,0.370179179679236,0.0,0.0,0.0,0.0,0.8846176154116787,0.0,0.0,0.0,0.0,0.0,0.0
plot_15740,0.0,0.0,0.0,2.0945413111619158,0.0,2.0945413111619158,4.1890826223238316,0.0,0.8634674442031031,0.0,0.13900477622228335,0.0,0.0,0.0,0.0,0.0,0.0
plot_15744,0.0,0.0,0.0,1.7441201349948983,0.0,2.6161802024923473,0.0,0.0,0.9428850548170571,0.0,0.0,0.0,0.0,0.0,0.0,0.0,0.0
plot_15724,0.7784324394593631,0.0,0.0,2.3352973183780894,0.7784324394593631,3.1137297578374525,0.0,0.0,0.0,0.0,0.0,0.0,0.0,0.0,0.0,0.0,0.0
plot_18972,17.70585266959994,8.85292633479997,0.0,8.85292633479997,8.85292633479997,0.0,0.0,0.0,0.0,0.0,0.0,0.0,0.0,0.0,0.0,0.0,0.0
plot_18949,0.0,0.0,0.0,0.0,14.536679676994979,0.0,21.805019515492468,0.0,0.0,0.0,0.0,0.0,0.0,0.0,9.666891985201662,9.666891985201662,3.0
plot_18112,0.0,0.0,0.0,0.0,15.947182930135392,0.0,0.0,0.0,0.0,0.0,0.0,0.0,0.0,0.0,24.718133541709857,24.718133541709857,5.0
plot_19370,0.0,0.0,26.651268156176428,26.651268156176428,35.535024208235235,0.0,17.767512104117618,0.0,0.0,0.0,0.0,0.0,0.0,0.0,12.206280815528805,12.206280815528805,3.4
plot_12097,0.0,0.0,0.0,0.0,4.408315847013807,0.0,8.816631694027613,0.0,0.0,0.0,0.0,0.0,0.0,0.0,0.0,0.0,0.0
plot_18689,0.0,0.0,22.741744746656963,22.741744746656963,0.0,30.32232632887595,7.580581582218987,0.0,0.0,0.0,0.0,0.0,0.0,0.0,0.0,0.0,0.0
plot_10430,0.0,7.576733367176076,0.0,37.88366683588038,7.576733367176076,22.73020010152823,0.0,0.0,0.0,0.0,0.0,0.0,0.0,0.0,0.0,0.0,0.0
plot_18690,0.0,0.0,0.0,0.0,6.982216295096388,6.982216295096388,0.0,0.0,0.0,0.0,0.0,0.0,0.0,11.590479049860006,17.03660776003519,28.627086809895193,14.666666666666666
plot_18111,0.0,0.0,0.0,13.788538966411117,0.0,0.0,0.0,0.0,0.0,0.0,0.0,0.0,0.0,0.0,21.372235397937235,21.372235397937235,5.0
plot_11478,0.0,0.0,0.0,0.0,0.0,0.0,0.0,0.0,0.0,0.0,0.0,0.0,0.0,0.0,0.0,0.0,0.0
plot_18049,2.3292765100782806,1.9965227229242404,0.3327537871540401,0.9982613614621202,4.658553020156561,0.9982613614621202,2.9947840843863607,0.0,0.0,0.0,0.003666000248410606,0.0,0.6655075743080802,0.8851250738297466,0.3327537871540401,1.8833864352918668,10.0
plot_12098,0.0,4.896751984408741,0.0,4.896751984408741,4.896751984408741,0.0,0.0,0.0,0.0,0.0,0.0,0.0,0.0,0.0,9.793503968817483,9.793503968817483,0.0
plot_16075,0.0,0.0,0.0,0.0,0.0,0.0,0.0,0.0,0.0,0.0,0.0,0.0,0.0,0.0,0.0,0.0,0.0
plot_12100,0.0,0.0,0.0,0.0,0.0,0.0,0.0,0.0,0.0,0.0,0.0,0.0,0.0,0.0,0.0,0.0,0.0
plot_12099,0.0,0.0,0.0,0.0,0.0,6.6012265078851655,6.6012265078851655,0.0,0.0,0.0,0.0,0.0,0.0,0.0,10.958036003089376,10.958036003089376,45.0
plot_18452,0.0,0.0,0.0,0.0,4.558695483700384,9.117390967400768,9.117390967400768,0.0,0.0,0.0,0.0,0.0,0.0,0.0,14.131955999471192,14.131955999471192,5.0
plot_18729,24.830901560373857,9.932360624149542,0.0,14.898540936224313,14.898540936224313,4.966180312074771,4.966180312074771,0.0,0.0,0.0,0.0,7.917747369014305,13.106857899309846,0.0,0.0,21.024605268324148,3.1666666666666665
plot_18882,0.0,0.0,0.0,0.0,3.0960998430277384,3.0960998430277384,3.0960998430277384,0.0,0.0,0.0,0.0,0.0,0.0,0.0,4.798954756692995,4.798954756692995,5.0
plot_18883,0.0,0.0,0.0,0.0,13.51205275105394,13.51205275105394,27.02410550210788,0.0,0.0,0.0,0.0,0.0,0.0,0.0,39.65787482434331,39.65787482434331,4.25
plot_18282,32.02778588357544,7.117285751905654,7.117285751905654,14.234571503811308,10.67592862785848,7.117285751905654,7.117285751905654,0.0,0.0,0.0,0.0,5.590689224302752,0.0,5.907347174081693,0.0,11.498036398384446,20.65
plot_12096,0.0,0.0,30.259474998108782,45.38921249716317,15.129737499054391,30.259474998108782,30.259474998108782,0.0,0.0,0.0,0.0,0.0,0.0,0.0,0.0,0.0,0.0
plot_11477,0.0,0.0,0.0,0.0,6.144733042072987,0.0,0.0,0.0,0.0,0.0,0.0,0.0,0.0,0.0,0.0,0.0,0.0
plot_10431,0.0,0.0,12.262415695892091,0.0,0.0,12.262415695892091,36.78724708767627,0.0,0.0,0.0,0.0,0.0,0.0,0.0,20.482645180152023,20.482645180152023,4.5
plot_19489,0.0,0.0,0.0,47.660656128366035,0.0,15.886885376122011,15.886885376122011,0.0,0.0,0.0,0.0,0.0,0.0,0.0,0.0,0.0,0.0
plot_12517,0.0,0.0,39.124140899072756,19.562070449536378,0.0,13.04138029969092,19.562070449536378,0.0,1.9999955262622693,0.0,0.0,0.0,0.0,0.0,18.062311715071925,18.062311715071925,3.5
plot_12516,6.215709999834248,10.359516666390414,0.0,4.1438066665561655,1.0359516666390414,3.107854999917124,3.107854999917124,0.0,1.999999842286414,0.0,0.0,0.0,1.0359516666390414,0.0,1.0359516666390414,2.0719033332780827,0.0
plot_18374,0.0,15.905500121942167,15.905500121942167,47.716500365826505,5.301833373980722,5.301833373980722,21.20733349592289,0.0,0.0,0.0,0.0,7.051438387394361,0.0,0.0,26.747749371732745,47.4692686761,2.4285714285714284
plot_18730,0.0,0.0,0.0,0.0,15.46918023657533,5.156393412191776,10.312786824383553,0.0,0.0,0.0,0.0,0.0,0.0,0.0,6.858003238215064,6.858003238215064,3.0
plot_18728,0.0,0.0,0.0,0.0,0.0,6.835129833291184,6.835129833291184,0.0,0.0,0.0,0.0,0.0,0.0,0.0,23.136914485690657,23.136914485690657,1.1666666666666667
plot_18378,0.0,6.401884714860055,0.0,25.60753885944022,6.401884714860055,6.401884714860055,32.00942357430027,0.0,0.0,0.0,0.0,0.0,0.0,0.0,17.381117000845048,17.381117000845048,3.25
plot_14226,0.023652902735077388,0.0,0.0,0.023652902735077388,0.07095870820523217,0.023652902735077388,0.023652902735077388,0.0,0.0,0.0,0.018089223786621107,0.0,0.0,0.0,0.023652902735077388,0.023652902735077388,0.0
plot_15749,0.0,0.7162718337561725,0.0,1.0744077506342586,0.7162718337561725,4.297631002537035,0.7162718337561725,0.0,0.24995872361488775,0.0,0.5669571911696654,0.0,0.0,0.0,0.0,0.0,0.0
plot_15728,3.7491775241806327,0.6248629206967721,0.0,14.99671009672253,2.4994516827870883,4.998903365574177,1.8745887620903163,0.0,0.0,0.0,0.032720119005339714,0.0,0.0,0.0,0.0,0.0,0.0
plot_1310,2.8772120965669106,1.9181413977112738,0.9590706988556369,3.11697977128082,4.315818144850366,1.6783737229973645,3.8362827954225476,0.0,0.0,0.0,0.1505254765389787,0.0,0.0,0.0,0.0,0.0,0.0
plot_2306,0.0,0.269031778840812,1.883222451885684,2.959349567248932,0.269031778840812,1.614190673044872,1.076127115363248,0.0,0.0,0.0,0.5724210370562537,0.0,0.0,0.0,0.0,0.0,0.0
plot_1311,0.0,0.0,0.0,0.0,0.0,0.0,0.0,0.0,0.0,0.0,0.12096112049475466,0.0,0.0,0.0,0.0,0.0,0.0
plot_1309,0.0,0.0,0.0,0.0,0.0,0.0,0.0,0.0,0.0,0.0,0.9951178963410625,0.0,0.0,0.0,0.0,0.0,0.0
plot_2307,0.0,0.0,0.0,0.0,0.0,0.0,0.0,0.0,0.0,0.0,0.15986417659668462,0.0,0.0,0.0,0.0,0.0,0.0
plot_2199,2.777438313095066,0.0,11.109753252380264,2.777438313095066,0.0,2.777438313095066,16.664629878570395,0.0,0.9436488849504256,0.0,0.02084628286628038,0.0,0.0,0.0,0.0,0.0,0.0
plot_10445,1.4038121923896534,0.0,0.0,0.7019060961948267,0.0,0.0,0.7019060961948267,0.0,0.0,0.0,0.8409504991775457,0.0,0.0,0.0,0.0,0.0,0.0
plot_18727,19.98414591091068,6.66138197030356,17.763685254142825,4.440921313535706,0.0,11.102303283839266,24.425067224446387,0.0,0.0,0.0,0.0,0.0,9.471900281919732,0.0,3.075338009623477,12.54723829154321,3.625
plot_18044,14.173272986686573,37.79539463116419,4.724424328895524,4.724424328895524,14.173272986686573,0.0,4.724424328895524,0.0,1.0000002993481252,0.0,0.0,12.826812052951347,14.128212564507157,0.0,0.0,26.955024617458506,3.625
plot_18451,0.0,13.338906031853307,4.446302010617769,4.446302010617769,4.446302010617769,0.0,0.0,0.0,0.0,0.0,0.0,0.0,4.446302010617769,0.0,0.0,4.446302010617769,0.0
plot_19534,78.14789489108136,97.6848686138517,58.61092116831103,0.0,0.0,19.53697372277034,39.07394744554068,0.0,0.0,0.0,0.0,0.0,19.53697372277034,32.43137637979877,100.92800625183159,152.89635635440072,7.6000000000000005
plot_18284,14.085151785116924,49.298031247909236,14.085151785116924,3.521287946279231,10.563863838837694,14.085151785116924,14.085151785116924,0.0,0.0,0.0,0.0,5.088986464636748,8.398271751875965,0.0,15.440847644434427,28.92810586094714,1.5
plot_18077,13.54826909572078,6.77413454786039,4.516089698573594,2.258044849286797,22.58044849286797,9.032179397147187,4.516089698573594,0.0,0.0,0.0,0.0,10.9585408011041,6.77413454786039,3.748354449816083,18.24488027360824,39.725910072388814,5.730769230769231
plot_18885,13.72884613624507,13.72884613624507,0.0,0.0,0.0,4.576282045415023,9.152564090830046,0.0,0.0,0.0,0.0,0.0,0.0,0.0,0.0,0.0,0.0
plot_18076,0.0,0.0,0.0,0.0,0.0,0.0,8.150689955904767,0.0,0.0,0.0,0.0,0.0,0.0,0.0,0.0,0.0,0.0
plot_18075,0.0,0.0,0.0,0.0,0.0,0.0,0.0,0.0,0.0,0.0,0.0,0.0,0.0,0.0,0.0,0.0,0.0
plot_18283,0.0,0.0,0.0,1.9494203398619425,1.9494203398619425,5.848261019585827,13.645942379033597,0.0,0.0,0.0,0.0,0.0,0.0,3.236037764170825,3.021601526786011,6.257639290956835,22.5
plot_5594,8.40692899087428,0.0,4.20346449543714,0.0,21.017322477185697,16.81385798174856,8.40692899087428,0.0,0.9999984850213578,0.0,0.0,0.0,0.0,7.280171065885839,0.0,7.280171065885839,43.0
plot_18084,0.0,0.0,0.0,0.0,0.0,0.0,0.0,0.0,0.9999990981594247,0.0,0.0,0.0,0.0,0.0,0.0,0.0,0.0
plot_5567,0.0,0.0,0.0,0.0,0.0,0.0,0.0,0.0,1.0000015744756081,0.0,0.0,0.0,0.0,0.0,0.0,0.0,0.0
plot_12514,33.56000930925476,281.61225202983337,0.7295654197664078,18.9687009139266,0.7295654197664078,9.4843504569633,18.239135494160195,0.0,1.000000093862636,0.0,0.0,4.364188956869268,107.36934680645562,1.211078596812237,31.169503483085332,150.54450929410973,4.155172413793103
plot_18233,2.8592096572665384,12.866443457699424,0.0,5.718419314533077,1.4296048286332692,1.4296048286332692,7.148024143166347,0.0,1.0000000963560476,0.0,0.0,3.881377109739326,0.0,0.0,1.9013744220822482,5.7827515318215745,3.1666666666666665
plot_18163,0.0,1.9263294562742477,1.9263294562742477,1.9263294562742477,1.9263294562742477,3.8526589125484954,1.9263294562742477,0.0,0.0,0.0,0.0,0.0,0.0,0.0,1.9263294562742477,4.875486224156221,2.0
plot_18165,0.0,0.0,0.0,0.0,0.0,0.0,0.0,0.0,0.0,0.0,0.0,0.0,0.0,0.0,0.0,0.0,0.0
plot_18164,0.0,0.0,0.0,0.0,0.0,0.0,0.0,0.0,0.0,0.0,0.0,0.0,0.0,0.0,0.0,0.0,0.0
plot_18401,0.0,17.751584328901355,0.0,35.50316865780271,17.751584328901355,0.0,17.751584328901355,0.0,0.0,0.0,0.0,0.0,0.0,0.0,0.0,0.0,0.0
plot_18232,3.672056020886655,0.0,33.048504187979894,14.68822408354662,3.672056020886655,14.68822408354662,3.672056020886655,0.0,0.0,0.0,0.0,0.0,0.0,6.368935888397914,10.227558531917865,16.596494420315775,18.833333333333332
plot_6771,7.528892123524023,15.057784247048046,0.0,15.057784247048046,7.528892123524023,2.509630707841341,15.057784247048046,0.0,0.0,0.0,0.0,0.0,0.0,0.0,11.329842707614157,13.839473415455497,2.65
plot_6374,53.97595163754733,4.151996279811333,0.0,0.0,16.60798511924533,4.151996279811333,16.60798511924533,0.0,0.0,0.0,0.0,0.0,0.0,6.892313824486814,0.0,6.892313824486814,40.0
plot_6553,0.0,0.0,0.0,0.0,0.0,0.0,0.0,0.0,0.0,0.0,0.0,0.0,0.0,0.0,0.0,0.0,0.0
plot_6554,0.0,0.0,14.472617807108948,0.0,14.472617807108948,0.0,0.0,0.0,0.0,0.0,0.0,0.0,0.0,0.0,0.0,0.0,0.0
plot_6634,91.92021325489475,65.65729518206768,13.131459036413537,0.0,39.39437710924061,0.0,39.39437710924061,0.0,0.0,0.0,0.0,0.0,13.131459036413537,0.0,0.0,13.131459036413537,0.0
plot_10146,127.27909122728865,7.95494320170554,7.95494320170554,0.0,31.81977280682216,15.90988640341108,39.774716008527705,0.0,0.0,0.0,0.0,0.0,0.0,0.0,10.580074458268369,18.53501765997391,1.5
plot_6712,183.9770170249501,0.0,14.15207823268847,0.0,28.30415646537694,0.0,56.60831293075388,0.0,0.0,0.0,0.0,82.22659225832076,0.0,0.0,0.0,82.22659225832076,3.75
plot_10205,1.891775317629076,13.242427223403531,1.891775317629076,1.891775317629076,3.783550635258152,0.0,7.567101270516304,0.7882807257544522,0.0,0.0,0.0,0.0,0.0,0.0,3.0593032963284807,4.951078613957557,2.0
plot_18708,0.8686587908269632,2.6059763724808893,0.0,23.453787352328007,3.4746351633078527,6.0806115357887425,2.6059763724808893,0.0,0.0,0.0,0.0,3.704280460842714,0.0,0.0,4.382383599722029,9.289756485860089,3.0125
plot_10204,0.0,10.491830798244717,1.3114788497805896,3.934436549341769,0.0,3.934436549341769,6.5573942489029475,0.02178177708901653,0.0,0.0,0.0,1.8163982069461166,0.0,0.0,8.774908797763056,21.94871384380908,3.164285714285714
plot_18167,0.0,46.55926995064717,0.0,0.0,0.0,0.0,46.55926995064717,0.0,0.0,0.0,0.0,0.0,0.0,0.0,0.0,0.0,0.0
plot_18400,0.0,0.0,12.665201725000475,6.332600862500238,12.665201725000475,6.332600862500238,6.332600862500238,0.0,0.0,0.0,0.0,0.0,0.0,0.0,0.0,0.0,0.0
plot_18481,0.0,4.714957258912449,4.714957258912449,0.0,14.144871776737345,0.0,14.144871776737345,0.0,0.0,0.0,0.0,0.0,0.0,0.0,23.200476705897902,23.200476705897902,1.75
plot_18166,10.067147876335156,0.0,0.0,0.0,10.067147876335156,0.0,0.0,0.0,0.0,0.0,0.0,0.0,0.0,0.0,0.0,0.0,0.0
plot_18231,0.0,0.0,0.0,0.0,0.0,2.407631227940079,0.0,0.0,0.0,0.0,0.0,0.0,0.0,0.0,0.0,0.0,0.0
plot_18399,0.0,0.0,6.592827004219409,0.0,13.185654008438817,0.0,0.0,0.0,0.0,0.0,0.0,0.0,0.0,0.0,0.0,0.0,0.0
plot_18482,4.520959166696806,22.604795833484033,4.520959166696806,9.041918333393612,0.0,9.041918333393612,18.083836666787224,0.0,0.0,0.0,0.0,7.062165784281706,0.0,0.0,0.0,16.104084117675317,1.5
plot_5893,4.453688321983852,0.0,17.814753287935407,8.907376643967703,4.453688321983852,4.453688321983852,4.453688321983852,0.0,0.0,0.0,0.0,6.442274712405194,0.0,0.0,4.453688321983852,10.895963034389045,1.75
plot_19480,0.0,4.482114123589815,8.96422824717963,4.482114123589815,0.0,0.0,8.96422824717963,0.0,0.0,0.0,0.0,0.0,0.0,0.0,0.0,0.0,0.0
plot_19761,13.178413758263964,8.785609172175976,0.0,4.392804586087988,17.57121834435195,0.0,0.0,0.0,0.0,0.0,0.0,0.0,0.0,7.2920556129060605,0.0,7.2920556129060605,40.0
plot_6709,4.406043329030097,22.030216645150485,11.015108322575243,0.0,26.436259974180583,8.812086658060194,6.609064993545146,0.0,0.0,0.0,0.0,0.0,2.2030216645150484,3.657015963094981,3.5346858319133143,11.597745124038394,9.75
plot_10170,4.9151280267972774,7.372692040195917,44.2361522411755,12.287820066993195,27.033204147385028,14.745384080391833,24.57564013398639,0.0,0.0,0.0,0.0,0.0,0.0,0.0,6.672286296377305,11.587414323174581,1.625
plot_19496,0.0,0.0,0.0,7.902046234872522,0.0,0.0,0.0,0.0,0.0,0.0,0.0,0.0,0.0,0.0,0.0,3.951023117436261,0.0
plot_7254,0.0,39.694038352379856,3.9694038352379852,3.9694038352379852,0.0,0.0,0.0,0.0,0.0,0.0,0.0,0.0,0.0,0.0,0.0,35.724634517141865,0.0
plot_6710,0.0,94.55705927545654,35.4588972282962,11.819632409432067,0.0,0.0,0.0,0.0,0.0,0.0,0.0,0.0,11.819632409432067,0.0,28.189823296495476,99.10761775308788,0.4375
plot_6711,0.0,23.454907939486336,58.637269848715846,0.0,0.0,0.0,23.454907939486336,0.0,0.0,0.0,0.0,0.0,0.0,0.0,48.62944321572214,48.62944321572214,3.0
plot_16313,0.0,0.0,0.0,0.0,0.0,0.0,0.0,0.0,0.0,0.0,0.0,0.0,0.0,0.0,0.0,0.0,0.0
plot_11991,0.0,0.0,0.0,0.0,0.0,0.0,0.0,0.0,0.0,0.0,0.15666875759345952,0.0,0.0,0.0,0.0,0.0,0.0
plot_11992,0.0,2.6693680671506232,0.0,0.0,2.6693680671506232,2.6693680671506232,1.3346840335753116,0.0,0.0,0.0,0.12263230236108774,0.0,0.0,2.2155754957350178,0.0,2.2155754957350178,35.0
plot_16321,0.0,0.0,0.0,0.0,0.0,0.0,0.0,0.0,0.0,0.0,0.05432565095419946,0.0,0.0,0.0,0.0,0.0,0.0
plot_10171,6.93101560171612,0.0,6.93101560171612,0.0,20.79304680514836,20.79304680514836,13.86203120343224,0.0,0.0,0.0,0.0,0.0,0.0,0.0,0.0,0.0,0.0
plot_7083,0.0,4.820554845862759,24.102774229313795,57.84665815035311,19.282219383451036,14.461664537588277,9.641109691725518,0.0,0.0,0.0,0.0,0.0,0.0,0.0,14.56782282260999,14.56782282260999,4.25
plot_6619,0.0,0.0,9.119899316311546,0.0,6.079932877541031,0.0,3.0399664387705156,0.0,0.0,0.0,0.0,0.0,0.0,0.0,0.0,0.0,0.0
plot_19495,0.0,3.7013732094607104,22.208239256764262,11.104119628382131,11.104119628382131,7.402746418921421,22.208239256764262,0.0,0.0,0.0,0.0,0.0,0.0,0.0,5.126401895103084,5.126401895103084,3.5
plot_10175,0.0,0.0,0.0,0.0,8.593723144615172,0.0,0.0,0.0,0.0,0.0,0.0,0.0,0.0,0.0,0.0,0.0,0.0
plot_18398,0.0,2.9253387725132245,1.4626693862566122,3.6566734656415307,2.9253387725132245,5.850677545026449,3.6566734656415307,0.0,0.0,0.0,0.06393087530248118,0.0,0.0,0.0,4.248278421141467,4.248278421141467,3.5
plot_18267,0.0,0.0,7.035168808875568,7.035168808875568,0.0,0.0,0.0,0.0,0.0,0.0,0.0,0.0,0.0,0.0,0.0,0.0,0.0
plot_18397,14.111338460452975,28.22267692090595,28.22267692090595,42.334015381358924,14.111338460452975,0.0,14.111338460452975,0.0,0.0,0.0,0.0,14.111338460452975,0.0,0.0,32.87941861285543,46.99075707330841,1.0
plot_18266,0.0,0.0,0.0,0.0,0.0,0.0,0.0,0.0,0.0,0.0,0.0,0.0,0.0,0.0,16.804599153452525,16.804599153452525,3.0
plot_18210,27.205332245120044,0.0,47.609331428960076,27.205332245120044,6.801333061280011,13.602666122560022,54.41066449024009,0.0,0.0,0.0,0.0,0.0,0.0,0.0,34.454978401534355,41.25631146281437,1.5
plot_18268,0.0,0.0,0.0,7.966984814926942,0.0,0.0,0.0,0.0,0.0,0.0,0.0,0.0,0.0,0.0,0.0,0.0,0.0
plot_18080,12.70026734062752,4.76260025273532,1.58753341757844,3.17506683515688,1.58753341757844,0.0,0.0,0.0,0.0,0.0,0.0,2.267581403192423,0.0,0.0,0.0,3.8551148207708628,1.75
plot_18171,8.799129942031332,11.438868924640731,0.0,6.159390959421932,9.679042936234465,4.399564971015666,1.7598259884062664,0.5296441126994891,0.0,0.0,0.0,1.5991473687267668,0.0,0.0,3.8100232648995664,7.556158339481978,1.5857142857142856
plot_18168,0.0,5.721773063036774,0.0,5.721773063036774,0.0,11.443546126073548,5.721773063036774,0.0,0.0,0.0,0.0,0.0,0.0,0.0,7.924655692305931,7.924655692305931,3.5
plot_18579,0.0,0.0,0.0,4.473892599734251,8.947785199468502,0.0,4.473892599734251,0.0,0.0,0.0,0.0,0.0,0.0,0.0,8.947785199468502,8.947785199468502,0.0
plot_18081,0.0,14.061665088635362,0.0,0.0,0.0,4.687221696211787,9.374443392423574,0.0,0.0,0.0,0.0,6.234004855961677,0.0,0.0,4.687221696211787,10.921226552173465,1.5
plot_18078,8.236418146476462,4.118209073238231,49.418508878858766,16.472836292952923,0.0,0.0,4.118209073238231,0.0,0.0,0.0,0.0,0.0,0.0,0.0,0.0,0.0,0.0
plot_18079,0.0,0.0,0.0,0.0,0.0,0.0,0.0,0.0,0.0,0.0,0.0,0.0,0.0,0.0,0.0,0.0,0.0
plot_18169,14.967684768584624,5.9870739074338495,2.9935369537169247,2.9935369537169247,8.980610861150774,2.9935369537169247,5.9870739074338495,0.02172506136707462,0.0,0.0,0.0,0.0,0.0,0.0,10.133122588331789,13.126659542048715,0.875
plot_18209,0.0,0.0,0.0,11.423545068741182,5.711772534370591,5.711772534370591,5.711772534370591,0.0,0.0,0.0,0.0,0.0,0.0,0.0,0.0,0.0,0.0
plot_11680,0.0,0.0,0.0,0.0,0.0,0.0,0.0,0.0,0.0,0.0,0.5835497813635614,0.0,0.0,0.0,0.0,0.0,0.0
plot_11679,0.0,0.0,0.0,0.0,0.0,0.0,0.0,0.0,0.0,0.0,0.06702852197324885,0.0,4.016580444073134,0.0,0.0,4.016580444073134,0.0
plot_11681,0.0,0.0,0.0,0.0,0.0,0.0,0.0,0.0,0.0,0.0,0.6432432061246642,0.0,0.0,0.0,0.0,0.0,0.0
plot_12054,0.0,1.5732026945815751,0.0,1.5732026945815751,0.0,0.0,0.0,0.0,0.0,0.0,0.48363105475229795,0.0,0.0,0.0,0.0,0.0,0.0
plot_12053,2.25424502516301,1.6906837688722576,1.127122512581505,1.127122512581505,1.6906837688722576,1.9724643970176339,0.28178062814537624,0.0,0.0,0.0,0.06946605900796271,0.0,0.0,0.0,0.687544732674718,0.687544732674718,2.0
plot_19949,2.0934370747705944,0.6978123582568647,0.0,0.0,2.0934370747705944,0.0,0.0,0.0,0.9824622862736571,0.0,0.0,0.0,0.0,0.0,0.0,0.0,0.0
plot_8057,2.981292390251174,1.987528260167449,0.0,1.987528260167449,0.0,0.0,0.9937641300837246,0.0,0.9996236472014757,0.0,0.0,0.0,0.0,0.0,0.0,0.0,0.0
plot_8232,0.0,0.6739016750500035,0.6739016750500035,0.0,0.0,0.0,2.695606700200014,0.0,0.0,0.0,0.0,0.0,1.347803350100007,0.0,0.0,1.347803350100007,0.0
plot_16942,23.10545750906364,13.653224891719423,1.0502480685938018,5.251240342969009,8.401984548750415,4.200992274375207,11.55272875453182,0.0,0.0,0.0,0.0,0.0,2.504841643596217,0.0,8.741614089396553,12.643285664222526,2.3777777777777778
plot_10534,11.537085962827508,120.17797877945321,3.845695320942503,9.614238302356258,0.9614238302356257,8.652814472120632,9.614238302356258,0.0,0.0,0.0,0.0,1.3793663606081028,8.748956855144193,0.0,8.504961990359055,18.633285206111353,2.4
plot_18208,3.419481469829915,10.258444409489746,17.097407349149577,10.258444409489746,3.419481469829915,17.097407349149577,3.419481469829915,0.0,0.0,0.0,0.0,0.0,0.0,0.0,0.0,3.419481469829915,0.0
plot_18207,0.0,0.0,11.241639030970717,0.0,11.241639030970717,0.0,11.241639030970717,0.0,0.0,0.0,0.0,0.0,0.0,0.0,0.0,0.0,0.0
plot_18711,7.267494676560149,0.0,21.80248402968045,0.0,0.0,0.0,0.0,0.0,0.0,0.0,0.0,0.0,0.0,0.0,10.065480127035807,10.065480127035807,3.5
plot_18206,0.0,11.03253494555444,44.13013978221776,0.0,0.0,11.03253494555444,0.0,0.0,0.0,0.0,0.0,0.0,0.0,0.0,0.0,0.0,0.0
plot_18710,5.1098272197089445,20.439308878835778,17.032757399029816,8.516378699514908,1.7032757399029814,6.813102959611926,1.7032757399029814,0.0,0.0,0.0,0.0,8.880506576549921,4.062312639668611,2.82743772823895,4.062312639668611,24.08224255518403,5.545454545454546
plot_18795,0.0,0.0,0.0,0.0,0.0,0.0,0.0,0.0,0.0,0.0,0.0,0.0,0.0,0.0,0.0,0.0,0.0
plot_16077,0.0,0.0,0.0,0.0,0.0,0.0,0.0,0.0,0.0,0.0,0.0,0.0,0.0,0.0,0.0,0.0,0.0
plot_18318,0.0,19.3903668657411,0.0,0.0,0.0,0.0,0.0,0.0,0.0,0.0,0.6369931745947619,26.855658109051422,0.0,0.0,26.855658109051422,53.711316218102844,3.5
plot_18319,2.3700613845898606,0.0,0.0,4.740122769179721,0.0,0.0,2.3700613845898606,0.0,0.0,0.0,0.7102327926969251,0.0,0.0,0.0,0.0,0.0,0.0
plot_16100,0.0,0.0,0.0,0.0,0.0,0.0,0.0,0.0,0.0,0.0,0.0,0.0,0.0,0.0,0.0,0.0,0.0
plot_18265,6.720384943649573,0.0,0.0,0.0,13.440769887299146,0.0,6.720384943649573,0.0,0.0,0.0,0.0,0.0,0.0,0.0,0.0,0.0,0.0
plot_18211,0.0,0.0,10.118999433336032,10.118999433336032,0.0,0.0,10.118999433336032,0.0,0.0,0.0,0.0,0.0,0.0,0.0,0.0,0.0,0.0
plot_18234,0.0,0.0,0.0,0.0,0.0,0.0,0.0,0.0,0.0,0.0,0.0,0.0,0.0,0.0,0.0,0.0,0.0
plot_16079,0.0,0.0,0.0,0.0,0.0,0.0,0.0,0.0,0.0,0.0,0.0,0.0,0.0,0.0,0.0,0.0,0.0
plot_18212,0.0,0.0,0.0,0.0,0.0,0.0,0.0,0.0,0.0,0.0,0.0,0.0,0.0,0.0,0.0,0.0,0.0
plot_16089,0.0,0.0,0.0,0.0,0.0,0.0,0.0,0.0,0.0,0.0,0.0,0.0,0.0,0.0,0.0,0.0,0.0
plot_17272,0.0,4.766058041054824,1.5886860136849414,6.354744054739766,17.475546150534356,1.5886860136849414,4.766058041054824,0.0,0.0,0.0,0.0,0.0,1.5886860136849414,0.0,7.625377154401548,13.980121209141315,1.9285714285714286
plot_17271,24.67101205425649,3.2894682739008654,0.0,1.6447341369504327,1.6447341369504327,13.157873095603462,19.73680964340519,0.0,0.0,0.0,0.0,0.0,10.032878235397638,0.0,1.6447341369504327,11.67761237234807,1.6666666666666667
plot_17144,0.0,0.0,2.115307528696791,4.230615057393582,0.0,5.288268821741977,6.3459225860903725,0.0,0.0,0.0,0.0,0.0,0.0,1.8037131345444033,3.046042841323379,4.849755975867783,17.666666666666668
plot_17110,2.7532736423607673,0.0,0.0,0.0,0.0,0.0,0.0,0.0,0.0,0.0,0.0,0.0,0.0,0.0,0.0,0.0,0.0
plot_17135,24.237228893838385,257.68001245028177,1.913465438987241,3.189109064978735,7.653861755948964,10.205149007931952,15.945545324893676,0.0,0.0,0.0,0.0,4.444884977838615,23.127485283774913,1.6966060225686872,8.547771852195156,37.81674813637737,2.3755102040816327
plot_17134,0.0,0.0,0.0,8.038585209003216,0.0,0.0,0.0,0.0,0.0,0.0,0.0,0.0,0.0,0.0,13.176512191457416,13.176512191457416,4.1
plot_19280,5.726950456151603,5.726950456151603,2.8634752280758016,2.8634752280758016,2.8634752280758016,2.8634752280758016,5.726950456151603,0.0,0.0,0.0,0.0,0.0,0.0,9.506737757211662,4.428275485822006,16.79848847110947,22.375
plot_17136,0.0,0.0,0.0,0.0,8.972391949969943,0.0,8.972391949969943,0.0,0.0,0.0,0.0,0.0,0.0,0.0,0.0,0.0,0.0
plot_19796,0.0,1.4423562331424615,5.769424932569846,2.884712466284923,2.884712466284923,4.327068699427385,0.0,0.0,0.0,0.0,0.013960059521370702,0.0,0.0,0.0,4.228546806492565,4.228546806492565,3.95
plot_17297,0.0,1.8901626484959029,1.8901626484959029,0.0,1.8901626484959029,1.8901626484959029,3.7803252969918058,0.0,0.0,0.0,0.0,0.0,2.513916322499551,0.0,8.333591957012477,10.847508279512027,3.375
plot_17298,0.0,7.917530997133854,0.0,0.0,0.0,39.58765498566927,0.0,0.0,0.0,0.0,0.03977647579480132,0.0,0.0,0.0,0.0,0.0,0.0
plot_17460,13.331289202322312,179.97240423135122,2.2218815337203854,6.665644601161156,0.0,2.2218815337203854,11.109407668601927,0.0,0.0,0.0,0.0,0.0,10.353967947136995,2.2218815337203854,2.9551024398481127,15.530951920705494,1.5
plot_17223,0.0,4.737921852716961,0.0,0.0,0.0,4.737921852716961,0.0,0.0,0.0,0.0,0.0,0.0,0.0,0.0,0.0,0.0,0.0
plot_17174,0.0,9.238430021202198,50.81136511661209,0.0,4.619215010601099,4.619215010601099,20.786467547704945,0.0,0.0,0.0,0.0,0.0,0.0,0.0,3.198806394841261,3.198806394841261,3.5
plot_18884,0.0,0.0,0.0,0.0,0.0,14.589169000933705,0.0,0.0,0.0,0.0,0.0,0.0,0.0,0.0,0.0,0.0,0.0
plot_18881,0.0,0.0,10.441574171722129,3.4805247239073767,0.0,6.961049447814753,0.0,0.0,0.0,0.0,0.0,0.0,0.0,0.0,0.0,0.0,0.0
plot_12515,11.836700874732195,9.105154519024765,0.9105154519024765,3.642061807609906,10.926185422829718,0.9105154519024765,13.657731778537148,0.0,0.0,0.0,0.0,2.620829497523791,2.4720494519152236,0.0,3.0389918107471483,8.131870760186164,3.65
plot_18483,22.61229264527644,13.567375587165865,0.0,10.55240323446234,3.0149723527035253,9.044917058110576,3.0149723527035253,0.0,0.0,0.0,0.0,4.727915797254402,6.738434034103201,0.0,0.0,11.466349831357602,4.2
plot_18170,52.422990626769284,20.96919625070771,0.0,10.484598125353855,20.96919625070771,0.0,31.45379437606157,0.0,0.0,0.0,0.0,45.724983389550154,0.0,19.296581986917072,0.0,65.02156537646722,3.75
plot_18782,4.224227635178804,14.784796723125814,2.8161517567858696,2.112113817589402,4.224227635178804,4.224227635178804,3.520189695982337,0.0,0.11140633232425164,0.0,0.019469154232915346,2.192780073612171,8.157557815783171,0.0,3.3244527122686405,13.67479060166398,3.730769230769231
plot_18886,7.020360214682615,1.7550900536706537,1.7550900536706537,3.5101801073413075,4.095210125231525,4.680240143121743,8.19042025046305,0.0,0.9999999126004133,0.0,0.0,3.7406341144426487,0.0,3.9175598335556163,0.5850300178902179,9.214373795586244,21.82
plot_18125,0.0,3.41964517761637,6.83929035523274,0.0,10.258935532849112,0.0,0.0,0.0,0.0,0.0,1.0873826951651704,5.39989834916701,0.0,11.35322198968635,0.0,16.75312033885336,29.5
plot_18657,0.0,0.0,0.6485349271727703,0.0,0.6485349271727703,0.6485349271727703,0.0,0.0,0.0,0.0,1.3425058897534625,0.0,0.0,0.0,0.0,0.6485349271727703,0.0
plot_18061,0.0,0.0,0.0,0.0,0.0,0.0,0.0,0.0,0.0,0.0,1.0074309736714806,0.0,14.77090022936365,0.0,0.0,14.77090022936365,5.0
plot_18880,0.0,0.0,5.470100431043914,10.940200862087828,5.470100431043914,0.0,0.0,0.0,0.0,0.0,0.0,0.0,0.0,0.0,8.478655668118067,8.478655668118067,5.0
plot_19584,0.0,0.0,0.0,0.0,6.597045842871562,6.597045842871562,6.597045842871562,0.0,0.0,0.0,0.0,0.0,0.0,0.0,9.499746013735049,9.499746013735049,4.0
plot_16074,0.0,0.0,0.0,0.0,0.0,0.0,0.0,0.0,0.0,0.0,0.0,0.0,0.0,0.0,0.0,0.0,0.0
plot_18048,0.9582454143165697,0.47912270715828487,0.47912270715828487,3.3538589501079943,2.3956135357914246,0.47912270715828487,0.9582454143165697,0.0,0.0,0.0,1.5328319742006642,1.4349704944215689,0.6635849494142246,1.2744664010410378,0.0,3.3730218448768317,12.2
plot_16076,0.0,0.0,0.0,0.0,0.0,0.0,0.0,0.0,0.0,0.0,0.14656042536394456,0.0,0.0,0.0,0.0,0.0,0.0
plot_18712,0.0,0.0,0.0,0.0,0.0,0.0,0.0,0.0,0.0,0.0,0.9365931455248089,0.0,0.0,0.0,0.0,0.0,0.0
plot_17139,0.0,0.0,0.0,9.178690751551198,0.0,0.0,0.0,0.0,0.0,0.0,0.0,0.0,0.0,0.0,6.861071336784521,6.861071336784521,4.5
plot_17315,0.0,0.0,0.0,0.0,6.9081128877754026,0.0,0.0,0.0,0.0,0.0,0.0,0.0,0.0,0.0,0.0,0.0,0.0
plot_17470,0.0,0.0,0.0,3.2314876153237138,0.0,0.0,0.0,0.0,0.0,0.0,0.0,0.0,0.0,0.0,0.0,0.0,0.0
plot_17452,0.0,0.0,0.0,0.0,5.620582573383731,2.8102912866918657,0.0,0.0,0.0,0.0,0.0,0.0,0.0,0.0,3.892253432068234,3.892253432068234,3.5
plot_17440,4.286850301044062,0.0,0.0,2.143425150522031,4.286850301044062,0.0,0.0,0.0,0.0,0.0,0.0,0.0,0.0,0.0,2.143425150522031,2.143425150522031,0.0
plot_17288,12.66242194144474,6.33121097072237,44.31847679505659,2.1104036569074567,27.435247539796936,27.435247539796936,23.214440225982024,0.0,0.0,0.0,0.0,0.0,0.0,0.0,2.9229090648168277,2.9229090648168277,3.5
plot_17117,9.283103081433238,1.8566206162866474,0.0,3.713241232573295,7.42648246514659,9.283103081433238,5.569861848859942,0.0,0.0,0.0,0.0,11.240711387558674,2.5714195535570066,0.0,4.325926035947888,18.13805697706357,3.2142857142857144
plot_17116,11.478815845357392,11.478815845357392,22.957631690714784,11.478815845357392,0.0,22.957631690714784,0.0,0.0,0.0,0.0,0.0,17.785839141835915,0.0,0.0,11.478815845357392,52.2222866779081,1.125
plot_17115,7.395191646391516,0.0,0.0,0.0,7.395191646391516,36.97595823195758,0.0,0.0,0.0,0.0,0.0,0.0,0.0,0.0,0.0,0.0,0.0
plot_17156,5.486085458581883,3.6573903057212553,34.74520790435193,3.6573903057212553,0.0,12.800866070024394,40.23129336293381,0.0,0.0,0.0,0.0,0.0,0.0,0.0,13.084313818717792,14.913008971578417,1.5
plot_17439,9.886796183696672,9.886796183696672,0.0,0.0,14.83019427554501,0.0,4.943398091848336,0.0,0.0,0.0,0.0,6.8466063572099465,4.943398091848336,0.0,0.0,11.790004449058282,1.75
plot_17114,60.288540957020295,18.086562287106087,12.057708191404059,6.028854095702029,6.028854095702029,6.028854095702029,18.086562287106087,0.0,0.0,0.0,0.0,0.0,0.0,0.0,31.34401244355485,31.34401244355485,2.725
plot_17368,0.0,0.0,15.228426395939085,0.0,0.0,5.0761421319796955,30.45685279187817,0.0,0.0,0.0,0.0,0.0,0.0,0.0,11.82741116751269,11.82741116751269,1.5
plot_17367,6.698910757110894,0.0,13.397821514221787,26.795643028443575,0.0,0.0,6.698910757110894,0.0,0.0,0.0,0.0,19.217712964287255,0.0,0.0,10.141589058493528,29.35930202278079,3.8000000000000003
plot_17451,0.5114234089745603,0.0,0.0,0.5114234089745603,0.0,1.0228468179491206,0.0,0.0,0.0,0.0,0.0,1.5614188289647697,0.708321421429766,0.0,0.0,2.2697402503945354,3.766666666666667
plot_6069,0.03859240977605944,0.0,0.0,0.0,0.0,0.07718481955211888,0.0,0.0,0.0,0.0,0.0015446596742005236,0.0,0.0,0.0,0.0,0.0,0.0
plot_17412,7.311026416931752,0.0,0.7311026416931753,2.1933079250795258,6.579923775238577,4.3866158501590515,2.924410566772701,0.0,0.0,0.0,0.0,3.373176273168526,0.0,0.0,3.2019686556116067,7.58772208752518,3.357142857142857
plot_17289,0.0,0.0,0.0,0.0,0.0,0.0,4.064132003007457,0.0,0.0,0.0,0.0,0.0,0.0,0.0,0.0,0.0,0.0
plot_17461,0.0,0.0,0.0,0.0,0.0,2.0057726135818887,0.0,0.0,0.0,0.0,0.0,0.0,0.0,0.0,0.0,0.0,0.0
plot_17118,0.0,0.0,0.0,0.0,0.0,0.0,0.0,0.0,0.0,0.0,0.0,0.0,0.0,0.0,0.0,0.0,0.0
plot_19380,0.0,0.0,0.0,0.0,0.0,0.0,0.0,0.0,0.0,0.0,0.0,0.0,0.0,0.0,0.0,0.0,0.0
plot_17444,1.065149893218723,2.130299786437446,2.130299786437446,1.065149893218723,1.065149893218723,2.130299786437446,2.130299786437446,0.0,0.0,0.0,0.0,1.4752326021079316,2.9504652042158632,1.065149893218723,2.130299786437446,11.881747058854856,1.05
plot_17435,5.0266580431555345,1.6755526810518448,3.3511053621036897,1.6755526810518448,1.6755526810518448,10.053316086311069,6.702210724207379,0.0,0.0,0.0,0.04701391739563572,0.0,0.0,0.0,3.3511053621036897,3.3511053621036897,0.0
plot_19363,0.0,1.2210235840705261,2.4420471681410523,0.0,0.0,2.4420471681410523,0.0,0.0,0.0,0.0,0.0,0.0,0.0,0.0,1.2210235840705261,1.2210235840705261,0.0
plot_18126,0.0,0.0,0.0,0.0,16.529881893993867,8.264940946996933,8.264940946996933,0.0,0.0,0.0,0.0,0.0,0.0,0.0,11.446943211590753,11.446943211590753,3.5
plot_18060,0.0,0.0,0.0,0.0,27.121586070353395,13.560793035176697,13.560793035176697,0.0,0.0,0.0,0.0,0.0,0.0,0.0,0.0,0.0,0.0
plot_18095,2.2691276111985985,0.0,0.0,0.0,4.538255222397197,2.2691276111985985,0.0,0.0,0.0,0.0,0.5942082897411941,0.0,0.0,0.0,0.0,0.0,0.0
plot_16081,0.0,0.0,0.0,0.0,0.0,1.1181967511911592,0.0,0.0,0.0,0.0,0.08709874281865902,0.0,0.0,0.0,0.0,0.0,0.0
plot_16095,0.0,0.0,0.0,0.0,0.0,0.0,0.0,0.0,0.0,0.0,0.0,0.0,0.0,0.0,0.0,0.0,0.0
plot_19608,0.0,0.0,0.0,2.671261235992574,2.671261235992574,0.0,0.0,0.0,0.0,0.0,0.44105603004154886,0.0,0.0,0.0,0.0,0.0,0.0
plot_16099,0.0,0.0,0.0,0.0,0.0,0.0,0.0,0.0,0.0,0.0,0.0,0.0,0.0,0.0,0.0,0.0,0.0
plot_17121,2.4427620147249693,0.0,0.8142540049083231,0.8142540049083231,0.0,1.6285080098166462,0.8142540049083231,0.0,0.0,0.0,0.0,0.0,0.0,0.0,0.0,0.0,0.0
plot_17133,0.0,0.5280622860027586,0.0,0.5280622860027586,1.0561245720055172,0.5280622860027586,0.0,0.0,0.0,0.0,0.0,0.0,0.0,0.0,0.0,0.0,0.0
plot_17175,0.0,0.0,0.0,4.5578124323449725,2.2789062161724862,2.2789062161724862,2.2789062161724862,0.0,0.03510374088311691,0.0,0.010662963574339919,0.0,0.0,0.0,0.0,0.0,0.0
plot_17413,0.0,0.0,0.0,0.0,7.1499815887974085,0.0,0.0,0.0,0.0,0.0,0.9270582864179181,0.0,0.0,0.0,0.0,0.0,0.0
plot_17414,0.0,0.0,0.0,0.0,0.0,0.0,0.0,0.0,0.0,0.0,0.1996472638127096,0.0,0.0,0.0,0.0,0.0,0.0
plot_17422,0.0,0.0,0.0,0.0,0.0,0.0,0.0,0.0,0.0,0.0,0.0,21.182461083269203,0.0,0.0,5.107695765209441,26.290156848478645,2.5
plot_17442,0.0,20.814686843036444,0.0,0.0,0.0,20.814686843036444,0.0,0.0,0.0,0.0,0.0,0.0,0.0,0.0,0.0,0.0,0.0
plot_19348,0.0,0.0,0.0,0.0,0.0,0.0,0.0,0.0,0.0,0.0,0.8239411563081145,0.0,0.0,0.0,0.0,0.0,0.0
plot_17443,1.3274958914002162,0.0,0.0,3.982487674200649,0.0,2.6549917828004324,0.0,0.0,0.0,0.0,0.0,0.0,0.0,1.3274958914002162,3.093065426962504,6.332155401979031,1.75
plot_17381,3.704461746338834,1.852230873169417,5.556692619508251,4.630577182923543,0.0,4.630577182923543,2.7783463097541254,0.0,0.0,0.0,0.30905427937824825,0.0,0.0,0.0,3.389582497900033,3.389582497900033,2.0
plot_17204,0.0,0.0,4.6242346891589445,0.0,9.248469378317889,0.0,0.0,0.0,0.0,0.0,0.12260769180185203,0.0,0.0,0.0,0.0,0.0,0.0
plot_17125,0.0,0.0,0.0,8.544343004105556,0.0,0.0,0.0,0.0,0.0,0.0,0.0,0.0,0.0,0.0,0.0,0.0,0.0
plot_17112,0.0,0.0,0.0,1.2690629112556997,1.2690629112556997,1.2690629112556997,0.0,0.0,0.0,0.0,0.0,0.0,0.0,0.0,0.0,0.0,0.0
plot_17348,0.0,0.0,0.0,6.628354776061034,0.0,0.0,6.628354776061034,0.0,0.0,0.0,0.0,0.0,0.0,11.003068928261317,0.0,21.094739074814242,25.875
plot_17196,0.0,0.0,0.0,0.0,0.0,0.0,0.0,0.0,0.0,0.0,0.0,0.0,0.0,0.0,0.0,0.0,0.0
plot_17347,0.0,0.0,21.197967821484845,0.0,0.0,14.131978547656564,21.197967821484845,0.0,0.0,0.0,0.0,0.0,0.0,0.0,8.23187750400995,8.23187750400995,1.5
plot_19475,2.8689714994392643,1.2860906721624288,3.8582720164872866,0.9893005170480221,1.2860906721624288,2.374321240915253,3.3636217579632754,0.0,0.31573037353451566,0.0,0.5616574430635686,0.3100912058056531,0.09893005170480222,0.34473867507025585,0.9544810299033755,1.7082409624840866,9.575000000000001
plot_17438,0.0,0.0,3.877246379621193,11.631739138863578,0.0,7.754492759242386,3.877246379621193,0.0,0.0,0.0,0.0,0.0,0.0,0.0,6.014210724060671,6.014210724060671,4.0
plot_17247,0.0,0.0,0.0,0.0,0.0,0.0,0.0,0.0,0.0,0.0,0.0,0.0,0.0,0.0,0.0,0.0,0.0
plot_17437,0.0,0.0,1.003930387466933,2.007860774933866,0.0,0.0,0.0,0.0,0.0,0.0,0.0,0.0,0.0,0.0,1.4456597579523836,1.4456597579523836,4.0
plot_17109,0.0,0.0,40.82132506021145,0.0,0.0,10.205331265052862,10.205331265052862,0.0,0.0,0.0,0.0,0.0,0.0,0.0,0.0,0.0,0.0
plot_17346,1.563660529299089,4.690981587897268,3.127321058598178,1.563660529299089,0.0,3.127321058598178,10.945623705093624,0.0,0.0,0.0,0.0,0.0,1.563660529299089,0.0,1.563660529299089,3.127321058598178,0.0
plot_17207,0.0,0.0,0.0,0.0,47.776786851828255,7.962797808638043,7.962797808638043,0.0,0.0,0.0,0.0,0.0,0.0,0.0,11.02847496496369,11.02847496496369,3.5
plot_17158,0.0,0.0,0.0,0.0,0.0,6.061414249172618,0.0,0.0,0.0,0.0,0.0,0.0,0.0,0.0,8.061680951399582,8.061680951399582,3.0
plot_17159,0.0,0.0,0.0,0.6922321857508158,0.6922321857508158,2.0766965572524474,0.6922321857508158,0.0,0.0,0.0,0.0,0.0,0.0,0.0,1.0760335993532624,1.7682657851040784,1.75
plot_17468,5.2199422674385225,0.0,0.0,0.0,5.2199422674385225,0.0,5.2199422674385225,0.0,0.0,0.0,0.0018152892374914671,7.229620040402353,14.459240080804706,0.0,6.942523215693235,33.85132560433882,2.7
plot_17157,0.0,32.62642740619902,0.0,0.0,0.0,0.0,0.0,0.0,0.0,0.0,0.0,0.0,45.18760195758564,0.0,0.0,45.18760195758564,3.5
plot_17350,0.0,0.0,0.0,0.0,0.0,4.566189195483125,0.0,0.0,0.0,0.0,0.0,6.3241720357441285,0.0,0.0,0.0,13.904046100246115,19.25
plot_17217,0.0,0.0,0.0,44.97489838483896,0.0,5.62186229810487,0.0,0.0,0.0,0.0,0.0,0.0,0.0,0.0,23.73453755320838,23.73453755320838,3.3333333333333335
plot_17236,0.0,0.0,0.0,25.96525848414821,0.0,0.0,0.0,0.0,0.0,0.0,0.6850605005993933,0.0,0.0,0.0,0.0,0.0,0.0
plot_17120,1.2162476085531395,2.432495217106279,1.2162476085531395,0.0,1.2162476085531395,1.2162476085531395,0.0,0.0,0.0,0.0,0.08601964456798772,0.0,1.6176093193756758,0.0,2.432495217106279,4.050104536481955,1.0
plot_17154,0.0,0.0,0.0,2.206321995044601,2.206321995044601,4.412643990089202,0.0,0.0,0.0,0.0,1.0009066636425592,0.0,4.412643990089202,0.0,2.206321995044601,6.618965985133802,0.0
plot_17218,3.895036554918068,0.0,0.0,0.0,19.47518277459034,11.685109664754204,0.0,0.0,0.0,0.0,0.0,5.967581518684414,0.0,0.0,3.895036554918068,9.862618073602482,2.05
plot_17241,6.817283176308577,0.0,20.45184952892573,2.2724277254361924,90.8971090174477,29.5415604306705,29.5415604306705,0.0,0.0,0.0,0.0,0.0,0.0,0.0,9.566920724086371,9.566920724086371,3.6666666666666665
plot_16477,0.0,0.0,0.0,0.0,0.0,0.0,0.0,0.0,0.0,0.0,0.0,33.44044052921617,0.0,0.0,0.0,33.44044052921617,4.0
plot_16478,0.0,0.0,0.0,0.0,0.0,0.0,0.0,0.0,0.0,0.0,0.0,0.0,0.0,0.0,0.0,0.0,0.0
plot_17287,0.0,8.824437809774535,0.0,0.0,0.0,0.0,2.941479269924845,0.0,0.0,0.0,0.0,0.0,0.0,0.0,4.07394878884591,4.07394878884591,3.5
plot_16479,0.0,0.0,0.0,0.0,0.0,0.0,0.0,0.0,0.0,0.0,0.0,0.0,0.0,0.0,0.0,0.0,0.0
plot_17225,0.0,0.0,0.0,6.301475175338547,0.0,2.100491725112849,0.0,0.0,0.0,0.0,0.0,0.0,0.0,0.0,0.0,0.0,0.0
plot_17101,0.0,0.0,0.0,14.793555927038181,0.0,0.0,0.0,0.0,0.0,0.0,0.0,0.0,0.0,0.0,29.587111854076362,29.587111854076362,0.0
plot_17108,1.655141365624038,4.9654240968721135,24.82712048436057,135.72159198117112,3.310282731248076,9.930848193744227,26.482261849984607,0.0,0.0,0.0,0.0,9.568565503705978,0.0,0.0,6.148850173293301,15.717415676999277,3.0285714285714285
plot_17285,0.0,0.0,0.0,4.071184663847371,1.0177961659618429,2.0355923319236857,1.0177961659618429,0.0,0.0,0.0,0.0,0.0,0.0,0.0,2.427443855818995,2.427443855818995,1.75
plot_17286,0.6304717063212354,0.6304717063212354,1.2609434126424708,1.8914151189637063,0.6304717063212354,3.7828302379274126,0.6304717063212354,0.0,0.0,0.0,0.0,0.0,0.0,0.0,2.7236377713077373,2.7236377713077373,4.0
plot_17390,0.0,6.371780657822635,6.371780657822635,0.0,6.371780657822635,9.557670986733953,6.371780657822635,0.0,0.0,0.0,0.13327304215409008,0.0,0.0,0.0,0.0,0.0,0.0
plot_3164,20.467354393299974,14.29185953325257,4.587510467463788,6.881265701195681,5.2932813086120625,4.23462504688965,12.880317850956018,0.0,0.9574048503383016,0.0,0.0,0.0,0.0,0.0,0.27535557111417513,0.27535557111417513,4.2
plot_17392,0.0,1.7972423113973919,0.0,7.1889692455895675,0.0,1.7972423113973919,0.0,0.0,0.0,0.0,0.1047187600803398,0.0,0.0,0.0,0.0,0.0,0.0
plot_17224,0.0,0.0,0.0,0.0,0.0,0.0,0.0,0.0,0.0,0.0,0.0,0.0,0.0,0.0,0.0,0.0,0.0
plot_17205,0.0,0.0,5.083522270911069,35.584655896377484,0.0,0.0,0.0,0.1594197605760986,0.0,0.0,0.0,0.0,0.0,0.0,0.0,0.0,0.0
plot_17391,0.0,0.0,0.0,0.0,0.0,0.0,0.0,0.1230853780397222,0.0,0.0,0.0,0.0,0.0,0.0,0.0,0.0,0.0
plot_3508,1.820084633935478,0.0,0.0,0.0,0.0,0.0,3.640169267870956,0.0,0.15481673304327084,0.0,0.0,0.0,0.0,0.0,0.0,0.0,0.0
plot_17335,5.913695527472073,0.0,0.0,2.9568477637360364,0.0,0.0,0.0,0.2974217573075423,0.0,0.0,0.0,0.0,0.0,0.0,0.0,0.0,0.0
plot_3152,9.426936528436354,15.711560880727257,18.853873056872708,15.711560880727257,6.284624352290903,6.284624352290903,25.138497409163612,0.0,0.0,0.0,0.0,4.972199550960842,0.0,5.21623821240145,9.5683405763629,19.75677833972519,18.25
plot_3171,0.0,0.0,0.0,0.0,0.0,0.0,0.0,0.0,0.0,0.0,0.0,0.0,0.0,0.0,0.0,0.0,0.0
plot_10531,0.0,272.67023456596047,1.3911746661528595,6.955873330764297,0.0,12.520571995375734,4.173523998458578,0.0,0.0,0.0,0.0,0.0,25.715863703835605,0.0,0.0,25.715863703835605,0.7941176470588235
plot_12055,2.8743024427259307,290.304546715319,0.0,5.748604885451861,1.4371512213629654,14.371512213629654,5.748604885451861,0.0,0.0,0.0,0.0,1.911411124412744,50.14485772296067,0.0,0.0,53.493420068736384,0.5571428571428572
plot_10610,0.0,0.0,0.0,0.0,0.0,0.0,0.0,0.0,0.0,0.0,0.0,0.0,0.0,0.0,0.0,0.0,0.0
plot_7985,7.251964678097374,14.503929356194748,0.0,2.4173215593657913,7.251964678097374,7.251964678097374,14.503929356194748,0.0,0.0,0.0,0.0,0.0,17.162983071497116,0.0,6.2880047615757775,23.450987833072894,1.75
plot_10359,15.691756834829995,41.36917711000635,0.0,2.853046697241817,0.0,0.0,4.279570045862726,0.0,0.0,0.0,0.0,2.0561778130929924,33.23799402286717,0.0,2.853046697241817,38.14721853320198,1.4608695652173913
plot_10360,16.570008285004143,0.0,8.285004142502071,0.0,0.0,0.0,8.285004142502071,0.0,0.0,0.0,0.0,0.0,11.019055509527755,0.0,0.0,11.019055509527755,3.0
plot_12113,0.0,0.0,0.0,9.951734089665123,0.0,0.0,0.0,0.0,0.0,0.0,0.0,0.0,0.0,0.0,0.0,0.0,0.0
plot_16256,8.999246313121276,118.4900764560968,2.9997487710404256,3.7496859638005318,11.249057891401595,14.998743855202127,8.999246313121276,0.0,0.0,0.0,0.0,0.0,10.071656498768228,1.2448957399817766,3.997165237411367,15.313717476161372,2.8333333333333335
plot_11940,0.0,32.19160442956477,10.730534809854923,0.0,0.0,21.461069619709846,96.57481328869432,0.0,0.0,0.0,0.0,0.0,0.0,0.0,32.51463143854062,32.51463143854062,3.5
plot_19518,0.0,0.0,0.0,27.73694283416082,0.0,0.0,0.0,0.0,0.0,0.0,0.0,0.0,0.0,0.0,0.0,0.0,0.0
plot_16080,0.0,0.0,0.0,0.0,0.0,0.0,0.0,0.0,0.0,0.0,0.0,0.0,0.0,0.0,1.6523463317911435,1.6523463317911435,0.0
plot_17145,10.126085341089397,7.010366774600351,2.336788924866784,1.5578592832445226,3.8946482081113065,3.8946482081113065,3.8946482081113065,0.0,0.0,0.0,0.07188452895216078,0.0,0.7789296416222613,0.0,2.549762341225451,3.328691982847712,2.6333333333333333
plot_17153,11.730864116779687,2.4883651156805398,8.887018270287642,40.88028404332315,1.4219229232460227,2.132884384869034,6.398653154607102,0.0,0.9986915301295443,0.0,0.5994842038963278,0.4923408121739353,0.47278937197930254,0.0,1.1379521282441905,2.103082312397428,3.5
plot_17244,0.0,0.0,0.0,0.0,12.599774464037095,6.2998872320185475,6.2998872320185475,0.0,0.0,0.0,0.0,0.0,0.0,0.0,19.399358770686813,19.399358770686813,3.7
plot_17333,0.0,0.0,0.0,0.0,0.0,1.1194836046028687,1.1194836046028687,0.0,0.888209117351442,0.0,0.0,0.0,0.0,0.0,0.0,0.0,0.0
plot_17332,33.02977398197518,4.718539140282169,0.0,0.0,7.077808710423253,2.3592695701410844,14.155617420846506,0.0,0.0,0.0,0.0,0.0,0.0,0.0,0.0,3.9163874864342003,30.0
plot_17467,0.0,1.459685671287545,4.379057013862635,0.0,0.0,20.43559939802563,2.91937134257509,0.0,0.00804702608918383,0.0,0.20613644433970252,0.0,0.0,0.0,1.459685671287545,1.459685671287545,0.0
plot_17280,0.0,0.0,0.0,66.53138618143109,0.0,0.0,0.0,0.0,0.0,0.0,0.0,0.0,0.0,0.0,0.0,0.0,0.0
plot_17465,3.303284455734337,0.0,0.0,6.606568911468674,0.0,3.303284455734337,0.0,0.0,0.0,0.0,0.0,0.0,0.0,0.0,0.0,0.0,0.0
plot_18123,218.4280461611271,29.123739488150278,14.561869744075139,0.0,21.84280461611271,7.2809348720375695,50.96654410426299,0.0,0.0,0.0,0.0,0.0,19.199867974126853,12.086351887582367,13.651139001092972,44.93735886280219,11.65
plot_17210,0.0,0.0,0.0,0.0,0.0,0.0,0.0,0.0,0.0,0.0,0.0,0.0,0.0,0.0,0.0,0.0,0.0
plot_17173,0.0,1.5276644759958082,0.0,1.0184429839972053,0.0,0.5092214919986027,0.0,0.0,0.0,0.0,0.0,1.3825363507762063,0.5092214919986027,0.0,0.0,1.891757842774809,2.1666666666666665
plot_17222,0.0,0.0,0.0,9.706005105358686,0.0,48.53002552679343,0.0,0.0,0.0,0.0,0.0,0.0,0.0,0.0,9.706005105358686,9.706005105358686,0.0
plot_17459,0.0,1.129566980498026,0.0,0.0,0.0,1.129566980498026,0.0,0.0,0.0,0.0,0.0,0.0,1.129566980498026,0.0,0.0,1.129566980498026,0.0
plot_17172,0.0,0.0,0.0,0.0,0.0,0.0,0.0,0.0,0.0,0.0,0.0,0.0,2.9049331574880464,0.0,0.0,2.9049331574880464,0.0
plot_17104,15.188503131593192,11.04618409570414,6.903865059815087,8.284638071778105,4.142319035889052,8.975024577759614,18.640435661500735,0.0,1.0000000675953002,0.0,0.0,1.9846624123631256,2.848776472673214,0.0,2.965263950934116,7.798702835970456,3.3125
plot_17472,0.0,6.026674059386846,6.026674059386846,0.0,0.0,0.0,6.026674059386846,0.0,0.0,0.0,0.0,0.0,0.0,0.0,8.015476498984507,8.015476498984507,3.0
plot_10657,1.519492593667493,1.7365629641914204,0.0,1.953633334715348,0.6512111115717827,0.6512111115717827,0.4341407410478551,0.0,0.32544441601412594,0.0,0.027617277902246717,0.4341407410478551,0.4341407410478551,0.0,0.5177128336995672,1.3859943157952774,0.5833333333333334
plot_6593,0.0,61.76216273447564,0.0,17.646332209850183,8.823166104925091,0.0,52.938996629550545,0.0,0.0,0.0,0.0,13.188707722766175,56.89168776548843,0.0,25.13696961225424,108.51471086412597,1.8
plot_11968,0.0,0.0,0.0,0.0,0.0,12.784127227634169,0.0,0.0,0.0,0.0,0.0,0.0,0.0,0.0,0.0,0.0,0.0
plot_17466,0.0,6.816539651811155,0.0,0.0,6.816539651811155,0.0,0.0,0.0,0.0,0.0,0.0,0.0,0.0,0.0,0.0,0.0,0.0
plot_17262,11.029553689109969,9.191294740924974,3.67651789636999,5.5147768445549845,1.838258948184995,1.838258948184995,11.029553689109969,0.7146583710975939,0.0,0.0,0.0,8.103988738015115,2.545988643236218,0.0,11.907712278415284,22.557689659666618,3.111111111111111
plot_17304,19.268503383228055,12.845668922152036,19.268503383228055,6.422834461076018,3.211417230538009,9.634251691614027,9.634251691614027,0.0,0.0,0.0,0.0,0.0,5.625505808306802,0.0,4.447812864295143,16.49615313367796,1.75
plot_17246,0.0,0.0,0.0,8.611780916293489,0.0,0.0,0.0,0.0,0.0,0.0,0.0,0.0,0.0,0.0,4.305890458146744,4.305890458146744,0.0
plot_17122,9.377901288211039,0.0,0.0,9.377901288211039,6.251934192140693,0.0,6.251934192140693,0.0,0.0,0.0,0.0,0.0,0.0,5.189105379476775,0.0,5.189105379476775,39.0
plot_17190,0.0,0.0,0.0,7.155447322789384,0.0,2.3851491075964613,0.0,0.0,0.0,0.0,0.0,0.0,0.0,0.0,3.6969811167745155,3.6969811167745155,5.0
plot_19279,9.854449776796713,0.0,0.0,0.0,0.0,9.854449776796713,0.0,0.0,0.0,0.0,0.0,0.0,0.0,0.0,0.0,0.0,0.0
plot_17191,0.0,0.0,0.0,0.0,11.941724385001194,0.0,0.0,0.0,0.0,0.0,0.0,0.0,0.0,0.0,13.293468026438493,13.293468026438493,0.0
plot_17338,18.041097620379226,0.0,0.0,0.0,18.041097620379226,0.0,0.0,0.0,0.0,0.0,0.0,0.0,0.0,0.0,0.0,0.0,0.0
plot_10046,2.305672184140203,0.0,0.0,2.305672184140203,2.305672184140203,2.305672184140203,0.0,0.0,0.0,0.0,0.3963240489202193,0.0,0.0,3.8274158256727375,0.0,3.8274158256727375,34.0
plot_16372,0.0,0.0,0.0,0.0,0.0,0.0,0.0,0.0,0.0,0.0,0.0,0.0,0.0,0.0,0.0,0.0,0.0
plot_16374,0.0,0.0,0.0,0.0,0.0,0.0,0.0,0.0,0.0,0.0,0.0,0.0,0.0,0.0,0.0,0.0,0.0
plot_16388,0.0,0.0,0.0,0.0,0.0,0.0,0.0,0.0,0.0,0.0,0.0,0.0,0.0,0.0,0.0,0.0,0.0
plot_17337,0.0,0.0,3.3591540306489214,3.3591540306489214,0.0,3.3591540306489214,0.0,0.0,0.0,0.0,0.0,0.0,0.0,0.0,0.0,0.0,0.0
plot_17471,0.2679437939662273,0.0,0.0,1.875606557763591,0.0,1.0717751758649092,0.5358875879324546,0.0,0.0,0.0,0.0,0.3563652459750823,0.3563652459750823,0.44478669798393733,0.9069897425756793,2.956759766417318,5.277777777777778
plot_16375,8.670861051185828,1.7341722102371655,39.88596083545481,5.2025166307114965,8.670861051185828,13.873377681897324,12.139205471660159,0.0,0.0,0.0,0.0,0.0,0.0,0.0,11.589960658876231,11.589960658876231,2.8
plot_17334,0.0,5.646878123429462,0.0,11.293756246858925,0.0,0.0,0.0,0.0,0.0,0.0,0.0,0.0,0.0,0.0,0.0,0.0,0.0
plot_2761,0.0,0.0,0.0,6.3429908893507525,0.0,1.0571651482251254,1.0571651482251254,0.9836052979909166,0.0,0.0,0.0,1.4641737302917988,0.0,1.7548941460537082,1.7639380132316138,6.040171037802247,10.625
plot_11571,1.428240892821947,5.712963571287788,18.56713160668531,4.284722678465841,1.428240892821947,4.284722678465841,11.425927142575576,0.0,0.0,0.0,0.0,4.871894271004269,0.0,0.0,1.428240892821947,6.300135163826217,2.8000000000000003
plot_2760,0.23430754505441212,0.0,1.4058452703264726,0.7029226351632363,0.0,0.7029226351632363,0.46861509010882424,0.9352393609449147,0.0,0.0,0.0,0.676192481556669,0.0,0.0,0.32451594990036076,1.235015976511442,2.625
plot_10047,3.0082154363566898,12.032861745426759,3.0082154363566898,6.0164308727133795,15.04107718178345,39.10680067263697,18.04929261814014,0.0,0.0,0.0,0.007017038734044153,0.0,0.0,4.993637624352106,15.70738430634601,30.21222608202687,11.214285714285714
plot_7070,4.448312829082476,5.931083772109968,0.0,0.0,0.0,1.482770943027492,1.482770943027492,0.0,0.0,0.0,0.0,0.0,5.1233299659431175,0.0,0.0,5.1233299659431175,1.1666666666666667
plot_19856,17.667879206672964,11.778586137781977,39.26195379260658,0.0,3.9261953792606588,9.815488448151646,35.33575841334593,0.0,0.0,0.0,0.0,5.738556761007454,0.0,3.405680855793733,10.767590827622357,19.911828444423545,9.285714285714286
plot_10066,39.57246660837579,20.728434890101607,28.266047577411282,24.497241233756444,9.422015859137094,16.95962854644677,48.99448246751289,0.0,0.0,0.0,0.0,0.0,4.494301564808393,0.0,28.8429360323147,33.33723759712309,5.366666666666667
plot_10065,0.0,0.0,3.419727037387876,6.839454074775752,13.678908149551503,3.419727037387876,3.419727037387876,0.0,0.0,0.0,0.0,0.0,0.0,17.455864318989537,3.419727037387876,20.875591356377413,28.25
plot_10009,16.8600893584736,44.96023828926294,0.0,0.0,0.0,0.0,16.8600893584736,0.0,0.0,0.0,0.0,24.18290962283314,15.567482507657292,0.0,23.701395026223242,63.451787156713685,3.5625
plot_6592,12.104852230016402,30.262130575041002,0.0,6.052426115008201,0.0,0.0,30.262130575041002,0.0,0.0,0.0,0.0,9.007454174326458,14.435036284294558,0.0,8.049726732960908,31.492217191581926,2.625
plot_10008,34.47279363118805,5.134245859964178,11.001955414208952,10.268491719928356,2.2003910828417905,6.601173248525371,18.33659235701492,0.0,0.0,0.0,0.0,1.0944576373796047,2.1229565180795493,0.0,5.800949754075061,9.018363909534214,3.8
plot_279,0.8899101101797707,3.559640440719083,14.238561762876332,4.449550550898853,0.44495505508988537,6.67432582634828,4.449550550898853,0.0,0.0,0.0,0.0,0.0,0.0,1.4772507828984194,1.5306453895092056,3.0078961724076247,13.8
plot_489,0.0,0.0,0.0,0.0,0.0,0.0,0.0,0.0,0.0,0.0,0.0,0.0,0.0,0.0,0.0,0.0,0.0
plot_11970,0.0,0.0,0.0,0.0,0.0,0.0,0.0,0.0,0.0,0.0,0.0,0.0,0.0,0.0,7.808530696679944,7.808530696679944,4.5
plot_11967,0.0,0.0,0.0,6.397052238328578,0.0,0.0,0.0,0.0,0.0,0.0,0.0,0.0,0.0,0.0,0.0,0.0,0.0
plot_11969,0.0,0.0,4.654460602318232,7.757434337197053,3.1029737348788213,3.1029737348788213,0.0,0.0,0.0,0.0,0.0,0.0,0.0,0.0,0.0,0.0,0.0
plot_6538,0.0,0.0,0.0,5.5412406837891,0.0,11.0824813675782,0.0,0.0,0.0,0.0,0.0,0.0,0.0,0.0,0.0,0.0,0.0
plot_11971,0.0,0.0,0.0,2.8214634366553244,0.0,0.0,0.0,0.0,0.0,0.0,0.0,0.0,0.0,0.0,3.907726859767624,3.907726859767624,3.5
plot_6537,15.039451704560712,11.816712053583418,3.2227396509772954,29.00465685879566,7.519725852280356,16.11369825488648,20.41068445618954,0.0,0.0,0.0,0.0,3.0949487579874915,11.570463514240021,0.0,5.0476912743794085,21.496352820147692,4.673333333333333
plot_11966,0.0,0.0,0.0,0.0,0.0,0.0,0.0,0.0,0.0,0.0,0.0,0.0,0.0,0.0,0.0,0.0,0.0
plot_10063,0.0,10.729613733905579,0.0,0.0,10.729613733905579,0.0,0.0,0.0,0.0,0.0,0.0,0.0,0.0,0.0,0.0,0.0,0.0
plot_10064,4.968958913666327,3.9751671309330616,0.0,1.9875835654665308,0.9937917827332654,4.968958913666327,11.925501392799184,0.0,0.0,0.0,0.0,0.0,1.3217430710352431,0.0,4.295071838406698,5.616814909441941,3.375
plot_19640,0.0,186.0500547895437,36.624026533374746,1.4649610613349897,1.4649610613349897,14.649610613349898,27.834260165364803,0.0,0.0,0.0,0.0,2.0289710699489607,11.327826823735416,0.0,7.812316208694786,27.028958347719122,1.9
plot_19784,0.0,0.0,0.0,9.776413424970915,0.0,0.0,0.0,0.0,0.0,0.0,0.0,0.0,0.0,0.0,13.002629855211318,13.002629855211318,3.0
plot_11555,7.899143732819361,7.899143732819361,0.0,7.899143732819361,7.899143732819361,0.0,0.0,0.0,0.0,0.0,0.0,0.0,0.0,0.0,0.0,0.0,0.0
plot_6536,4.206125380391464,6.309188070587196,4.206125380391464,4.206125380391464,4.206125380391464,4.206125380391464,0.0,0.0,0.0,0.0,0.0,0.0,0.0,3.4910840657249156,0.0,8.39122013388097,12.666666666666666
plot_2759,0.0,3.1746132527404853,0.0,0.0,0.0,0.0,0.0,0.5413750429559578,0.0,0.0,0.0,0.0,0.0,0.0,0.0,0.0,0.0
plot_6299,0.0,0.0,0.0,1.4521786673501589,0.0,2.178268001025238,0.0,0.0,0.0,0.0,0.0,0.0,0.0,0.0,0.9656988137878557,0.9656988137878557,3.0
plot_10048,1.1244571683020022,16.866857524530033,1.1244571683020022,0.0,1.1244571683020022,0.0,0.0,0.0,0.0,0.0,0.0,1.1244571683020022,0.0,0.0,0.0,2.2489143366040043,0.0
plot_13,0.0,0.0,0.0,1.982624280803042,0.0,5.947872842409127,0.0,0.0,0.0,0.0,0.615865450642878,0.0,0.0,0.0,0.0,0.0,0.0
plot_5770,0.0,0.410666487068523,0.0,0.821332974137046,0.0,0.410666487068523,0.0,0.0,0.0,0.0,0.0,0.0,0.0,0.0,0.5461864278011356,1.6385592834034068,11.0
plot_15,5.3010464265646045,10.602092853129209,0.5890051585071783,4.712041268057426,0.0,1.7670154755215348,7.6570670605933175,0.0,0.0,0.0,0.006291480188172966,0.0,0.0,0.0,1.40477730303962,4.538284746297808,11.416666666666666
plot_5769,0.0,0.0,0.0,0.0,0.0,1.068152395438562,0.0,0.0,0.0,0.0,0.0,0.0,0.0,0.0,0.0,0.0,0.0
plot_16,0.0,11.647777853580777,36.60730182553959,3.3279365295945076,1.6639682647972538,23.295555707161554,18.303650912769793,0.0,0.0,0.0,0.0,0.0,0.0,2.851641358082073,6.0901238491579495,8.941765207240023,12.75
plot_278,0.0,0.0,0.23028008045064893,1.3816804827038935,2.3028008045064894,1.8422406436051915,0.23028008045064893,0.0,0.0,0.0,0.9452018654922031,0.0,0.0,0.7645298670961546,0.3189379114241488,1.0834677785203033,26.166666666666668
plot_21,4.840927134364774,4.840927134364774,14.522781403094323,9.681854268729548,4.840927134364774,4.840927134364774,19.363708537459097,0.0,0.0,0.0,0.0,7.107312055573829,0.0,8.035939043045525,9.76718334281467,24.910434441434024,15.299999999999999
plot_5849,0.0,0.0,0.0,0.0,0.0,0.0,0.0,0.0,0.0,0.0,0.0,0.0,0.0,0.0,0.0,0.0,0.0
plot_1033,0.6310103738105455,1.262020747621091,0.0,0.0,0.0,0.0,0.6310103738105455,0.0,0.0,0.0,0.0,0.0,0.0,0.0,0.8739493677276055,0.8739493677276055,3.5
plot_462,9.685400579363053,14.968346349924719,0.0,3.5219638470411105,2.641472885280833,1.7609819235205553,2.641472885280833,0.0,0.0,0.0,0.0,2.523874710628402,1.2194799820379845,0.0,5.719046735659694,9.46240142832608,3.5714285714285716
plot_19,0.0,0.0,0.0,0.0,0.0,7.82472613458529,0.0,0.0,0.0,0.0,0.0,0.0,0.0,0.0,0.0,0.0,0.0
plot_1201,6.499119369325456,0.0,0.0,6.499119369325456,0.0,12.998238738650912,12.998238738650912,0.0,0.0,0.0,0.0,0.0,0.0,0.0,6.499119369325456,6.499119369325456,0.0
plot_20,4.887800538635619,19.551202154542477,43.99020484772058,17.10730188522467,0.0,4.887800538635619,34.21460377044934,0.0,0.0,0.0,0.0,0.0,9.386253055380886,0.0,16.977286126822754,26.36353918220364,2.75
plot_389,24.69741259321068,19.405109894665532,9.408538130746924,30.57774892492751,9.408538130746924,7.056403598060194,18.81707626149385,0.0,0.0,0.0,0.0,1.730415959645256,8.557286606323807,3.9820159427232107,16.657614838701768,32.57675798202278,6.591891891891892
plot_477,0.0,9.941642558183464,3.313880852727821,13.255523410911284,3.313880852727821,23.197165969094748,6.627761705455642,0.0,0.0,0.0,0.0,0.0,0.0,0.0,0.0,0.0,0.0
plot_476,0.3446638114716525,0.3446638114716525,0.0,1.37865524588661,1.37865524588661,5.1699571720747866,2.067982868829915,0.8519357168429614,0.0,0.0,0.08718613132145589,0.0,0.0,0.0,1.0086329970226937,1.6280904348625156,3.8666666666666667
plot_1041,0.0,0.0,0.0,0.0,0.0,0.0,0.0,0.0,0.0,0.0,0.0,0.0,0.0,0.0,0.0,0.0,0.0
plot_281,0.0,0.0,0.0,0.0,0.0,0.0,0.0,0.0,0.0,0.0,0.442690809848254,0.0,0.0,0.0,0.0,0.0,0.0
plot_182,0.0,0.0,0.0,0.0,0.0,3.5288928098809,0.0,0.0,0.0,0.0,0.8278953048902212,0.0,0.0,0.0,0.0,0.0,0.0
plot_183,0.0,0.0,0.0,0.0,0.0,4.003587214143873,0.0,0.8424834891613553,0.0,0.0,0.12477802793464499,2.4253143205211964,0.0,0.0,0.0,2.4253143205211964,4.1
plot_5872,0.0,10.174518427324688,0.0,0.0,0.0,12.71814803415586,12.71814803415586,0.0,0.0,0.0,0.0,3.522927005461173,0.0,0.0,3.3830273770854586,15.350804677226122,19.125
plot_5873,14.25496429131445,0.0,0.0,0.0,0.0,0.0,0.0,0.024448775057612067,0.0,0.0,0.0,0.0,0.0,0.0,20.091809271419475,20.091809271419475,3.0
plot_5856,0.0,0.0,0.0,0.0,0.0,4.236552124419063,0.0,0.0,0.0,0.0,0.0,0.0,0.0,0.0,0.0,0.0,0.0
plot_17251,0.0,0.0,0.0,0.0,0.0,5.361987796115776,0.0,0.0,0.0,0.0,0.0,0.0,0.0,0.0,0.0,0.0,0.0
plot_19770,0.0,0.0,0.0,1.603885251633557,0.0,3.207770503267114,0.0,0.0,0.0,0.0,0.07337544082635135,0.0,0.0,0.0,2.2213810735124766,2.2213810735124766,3.5
plot_17119,4.7158688988446125,0.0,0.0,9.431737797689225,0.0,4.7158688988446125,4.7158688988446125,0.0,0.0,0.0,0.27320680000617803,0.0,0.0,0.0,0.0,0.0,0.0
plot_17219,0.0,0.0,0.0,0.0,9.808248737187975,0.0,0.0,0.0,0.0,0.0,0.13325102988037416,0.0,0.0,0.0,0.0,0.0,0.0
plot_17377,0.0,0.0,0.0,9.81026938999745,0.0,19.6205387799949,0.0,0.0,0.0,0.0,0.0,0.0,0.0,0.0,0.0,0.0,0.0
plot_17124,39.24030764401193,88.29069219902684,0.0,19.620153822005964,0.0,0.0,58.860461466017895,0.0,0.0,0.0,0.0,13.58695652173913,0.0,16.998196119115516,31.518084967262773,78.38796528038237,16.32
plot_17351,17.778409899018634,0.0,0.0,17.778409899018634,0.0,17.778409899018634,17.778409899018634,0.0,0.0,0.0,0.0,0.0,0.0,0.0,41.423695064713414,41.423695064713414,1.5
plot_17469,21.89081953755644,38.30893419072377,5.47270488438911,10.94540976877822,0.0,5.47270488438911,0.0,0.0,0.0,0.0,0.0,17.084326554127017,0.0,0.0,0.0,17.084326554127017,3.7
plot_17336,44.125404399302816,2.00570019996831,0.0,0.0,2.00570019996831,0.0,8.02280079987324,0.0,0.0,0.0,0.0,8.479429750951999,0.0,0.0,2.7844593018028037,11.263889052754802,3.3
plot_17349,0.0,0.0,0.0,0.789999241600728,0.0,0.0,0.789999241600728,0.0,0.0,0.0,0.0,0.0,0.0,0.0,0.789999241600728,0.789999241600728,0.0
plot_17123,11.755624086490045,3.918541362163348,18.613071470275905,2.938906021622511,0.0,12.735259427030881,19.59270681081674,0.0,0.0,0.0,0.0,6.114359486852359,0.0,0.0,8.312205864489002,14.426565351341361,2.890909090909091
plot_17456,6.835857392296183,7.324132920317339,7.324132920317339,4.882755280211559,2.9296531681269355,5.859306336253871,12.206888200528898,0.0,0.9813226196374645,0.0,0.0,1.426228758313724,0.676261606309301,0.0,1.2705213807811075,3.8612872734252885,2.5
plot_17296,0.0,0.0,1.162581162697421,0.0,0.0,0.0,0.0,0.0,0.0,0.0,0.0,0.0,0.0,0.0,0.0,0.0,0.0
plot_17176,0.0,0.0,0.0,0.0,0.0,6.494898257418797,6.494898257418797,0.0,0.0,0.0,0.0,0.0,0.0,0.0,0.0,0.0,0.0
plot_17283,0.0,0.0,18.702775491882996,0.0,0.0,0.0,0.0,0.0,0.9999976036938839,0.0,0.0,0.0,0.0,0.0,0.0,0.0,0.0
plot_19343,0.0,0.0,0.0,0.0,0.0,11.625698995152085,0.0,0.0,0.0,0.0,0.0,0.0,0.0,0.0,0.0,0.0,0.0
plot_17361,8.919134665554749,31.21697132944162,0.0,0.0,0.0,0.0,0.0,0.0,0.0,0.0,0.0,0.0,0.0,0.0,7.750847918616492,7.750847918616492,4.5
plot_17453,0.0,0.0,2.981247950392034,0.0,0.0,2.981247950392034,0.0,0.0,0.0,0.0,0.0,0.0,0.0,0.0,0.0,0.0,0.0
plot_17242,0.0,0.0,0.0,0.0,0.0,23.873043156493765,5.968260789123441,0.0,0.9999974865546366,0.0,0.0,0.0,0.0,0.0,0.0,0.0,0.0
plot_17243,0.0,0.0,0.0,0.0,0.0,5.987145598400235,17.961436795200704,0.0,1.0000005165753523,0.0,0.0,0.0,0.0,0.0,8.292196653784325,8.292196653784325,3.5
plot_17376,0.0,3.8807221247729773,0.0,0.0,0.0,0.0,0.0,0.0,0.0,0.0,0.0,0.0,0.0,0.0,0.0,3.8807221247729773,0.0
plot_17310,1.2643495774859799,0.6321747887429899,1.89652436622897,1.2643495774859799,1.89652436622897,4.425223521200929,3.79304873245794,0.0,0.7874101584190908,0.0,0.0,0.0,0.0,0.0,0.6321747887429899,0.6321747887429899,0.0
plot_17100,0.66698593059878,7.336845236586579,3.3349296529938997,2.66794372239512,4.66890151419146,2.66794372239512,6.669859305987799,0.0,0.0,0.0,0.0,0.9604597400622431,0.8870912876963774,1.212810279745861,5.495675334352501,8.556036641856982,7.277777777777778
plot_17445,0.0,0.0,6.907532318616836,0.0,0.0,3.453766159308418,0.0,0.0,0.0,0.0,0.0,0.0,0.0,0.0,0.0,0.0,0.0
plot_3144,2.0306657605384784,0.6768885868461595,0.0,0.6768885868461595,0.0,0.0,0.0,0.0,0.0,0.0,0.0,0.0,0.0,0.0,1.874981385563862,1.874981385563862,3.5
plot_3154,0.0,0.0,0.0,0.0,6.245160000999226,0.0,6.245160000999226,0.0,0.0,0.0,0.0,0.0,0.0,0.0,0.0,0.0,0.0
plot_17311,0.0,9.250479868643186,3.0834932895477287,3.0834932895477287,0.0,4.625239934321593,7.708733223869322,0.0,0.0,0.0,0.0,2.135319103011802,0.0,0.0,8.735535641908879,14.541829509973514,2.4285714285714284
plot_3156,0.0,0.0,0.0,0.0,0.0,12.141226749550775,0.0,0.0,0.0,0.0,0.0,0.0,0.0,0.0,0.0,0.0,0.0
plot_19440,0.0,0.0,0.0,4.915804557442405,0.0,0.0,0.0,0.0,0.0,0.0,0.0,0.0,0.0,0.0,0.0,0.0,0.0
plot_19344,0.0,0.0,0.0,2.4178826601545027,0.0,0.0,2.4178826601545027,0.0,0.0,0.0,0.0,0.0,0.0,0.0,0.0,0.0,0.0
plot_3182,0.0,0.0,0.7900772616554174,1.5801545233108347,0.7900772616554174,0.7900772616554174,0.0,0.0,0.0,0.0,0.0,0.0,0.0,0.0,5.565066467454636,5.565066467454636,3.3
plot_16088,0.0,0.0,0.0,3.688689371779313,0.0,0.0,0.0,0.0,0.0,0.0,0.0,0.0,0.0,0.0,0.0,0.0,0.0
plot_3506,0.0,0.0,0.0,0.0,0.0,0.0,0.0,0.0,0.0,0.0,0.0,0.0,0.0,0.0,0.0,0.0,0.0
plot_3157,0.0,0.0,0.0,0.0,0.0,0.8205309984303242,0.0,0.0,0.0,0.0,0.0,0.0,0.0,0.0,0.0,0.0,0.0
plot_17375,0.0,6.931784310599391,0.0,6.931784310599391,0.0,0.0,0.0,0.0,0.0,0.0,0.0,0.0,0.0,0.0,0.0,0.0,0.0
plot_17373,0.0,7.129880759874172,0.47532538399161145,0.47532538399161145,3.8026030719328916,1.4259761519748344,5.703904607899338,0.9847470366719648,0.0,0.0,0.0,2.682616019763062,0.0,0.0,4.33521115122045,7.017827170983511,3.62
plot_3172,0.0,1.7040245652181323,0.0,20.448294782617587,0.0,0.0,1.7040245652181323,0.0,0.0,0.0,0.5395776773949817,0.0,0.0,0.0,0.0,0.0,0.0
plot_3158,0.0,0.0,1.5415802739388145,0.0,0.0,0.0,3.083160547877629,0.06746072621294988,0.0,0.0,0.0,0.0,0.0,0.0,2.3894494246051625,2.3894494246051625,5.0
plot_3163,2.096301286010962,4.891369667358912,2.096301286010962,0.6987670953369874,2.7950683813479498,0.6987670953369874,2.7950683813479498,0.8867607708890552,0.0,0.0,0.03269506322499906,0.0,0.6987670953369874,0.0,2.145950897190048,2.8447179925270354,2.5
plot_3148,0.0,0.0,11.414482695644233,0.0,0.0,0.0,0.0,0.0,0.0,0.0,0.0,0.0,0.0,0.0,0.0,0.0,0.0
plot_3155,0.0,15.92449665320162,10.616331102134414,5.308165551067207,10.616331102134414,0.0,31.84899330640324,0.0,0.0,0.0,0.0,7.351809288228082,0.0,0.0,5.308165551067207,12.659974839295288,1.75
plot_17214,0.0,10.181484969582813,0.0,5.090742484791407,0.0,5.090742484791407,0.0,0.0,0.0,0.0,0.0,0.0,0.0,0.0,6.770687504772572,6.770687504772572,3.0
plot_17215,0.0,0.0,6.2443605618675635,3.1221802809337817,0.0,0.0,3.1221802809337817,0.0,0.0,0.0,0.0,0.0,0.0,0.0,4.324219689093288,4.324219689093288,3.5
plot_3505,0.0,3.447360528411422,0.6894721056822843,0.6894721056822843,0.0,1.3789442113645687,2.0684163170468532,0.0,0.0,0.0,0.0,0.94689869691298,0.0,0.0,0.0,1.6363708025952644,1.5
plot_17212,1.1814088773425862,1.1814088773425862,0.0,0.0,1.1814088773425862,1.7721133160138793,2.3628177546851723,0.0,0.0,0.0,0.0,0.0,0.5907044386712931,0.0,4.507238541251343,5.097942979922637,1.5857142857142859
plot_3173,0.0,0.0,0.0,7.559864678422255,0.0,1.8899661696055639,0.0,0.035289111560856276,0.0,0.0,0.0,5.322158041598886,0.0,0.0,0.0,5.322158041598886,3.5
plot_17201,0.9767408696705356,0.0,0.0,1.9534817393410713,0.9767408696705356,1.9534817393410713,1.9534817393410713,0.9017226109577549,0.0,0.0,0.0,0.0,0.0,0.0,0.0,0.0,0.0
plot_3174,0.0,0.0,0.0,0.0,0.0,0.0,0.0,0.0,0.0,0.0,0.0,0.0,0.0,0.0,0.0,0.0,0.0
plot_17103,0.0,13.033100351148962,0.0,3.723742957471132,0.0,1.861871478735566,3.723742957471132,0.0,0.0,0.0,0.0,2.476289066718303,0.0,0.0,2.476289066718303,4.952578133436606,3.0
plot_3183,0.0,0.0,11.693171188026193,0.0,0.0,0.0,0.0,0.0,0.0,0.0,0.0,0.0,0.0,0.0,0.0,0.0,0.0
plot_17102,0.0,0.0,0.0,0.0,0.0,0.0,0.0,0.0,0.0,0.0,0.0,0.0,0.0,0.0,0.0,0.0,0.0
plot_17374,0.0,11.908749209184622,0.0,1.4885936511480777,0.0,1.4885936511480777,1.4885936511480777,0.0,0.0,0.0,0.0,1.4885936511480777,1.4885936511480777,0.0,1.4885936511480777,5.954374604592311,0.0
plot_17137,0.0,0.0,1.9086519191495046,1.9086519191495046,0.0,5.7259557574485145,0.0,0.0,0.022415796757065974,0.0,0.0,3.65416164246718,0.0,0.0,0.0,3.65416164246718,4.2
plot_17281,0.0,0.0,0.0,5.280667476369013,10.561334952738026,0.0,0.0,0.0,0.0,0.0,0.0,0.0,0.0,0.0,7.313724454771083,7.313724454771083,3.5
plot_17282,0.0,0.0,0.5749006427964086,1.1498012855928172,2.2996025711856345,2.8745032139820434,0.0,0.0,0.0,0.0,0.0,0.0,0.0,0.0,0.5749006427964086,0.5749006427964086,0.0
plot_17195,0.0,0.0,0.0,0.0,0.0,0.0,3.029008817444668,0.0,0.0,0.0,0.0,0.0,0.0,0.0,0.0,0.0,0.0
plot_19997,0.0,0.0,0.0,0.0,0.0,0.0,0.0,0.0,0.0,0.0,0.0,0.0,0.0,0.0,0.0,0.0,0.0
plot_17213,4.5926966937176505,0.0,4.5926966937176505,0.0,4.5926966937176505,4.5926966937176505,4.5926966937176505,0.0,0.0,0.0,0.0,0.0,0.0,0.0,0.0,0.0,0.0
plot_15788,0.0,0.3841048206691413,0.0,35.72174832223014,0.3841048206691413,4.993362668698837,1.9205241033457066,0.0,0.0,0.0,0.0,0.5705458159720207,0.0,0.0,4.109087838583676,4.679633654555697,1.8699999999999999
plot_15789,8.39243002811464,0.0,0.0,0.0,0.0,0.0,0.0,0.0,0.0,0.0,0.0,12.004455774975899,0.0,0.0,0.0,12.004455774975899,3.5
plot_1275,15.863279680196282,0.0,5.287759893398761,5.287759893398761,21.151039573595042,0.0,21.151039573595042,0.0,0.0,0.0,0.0,7.735015149634957,5.287759893398761,0.0,9.055782891927906,22.078557934961623,2.8333333333333335
plot_10067,0.0,0.0,0.0,4.458434019634944,0.0,4.458434019634944,0.0,0.0,0.0,0.0,0.0,0.0,0.0,0.0,0.0,0.0,0.0
plot_10006,21.19809888383177,4.416270600798285,0.0,8.83254120159657,0.883254120159657,0.0,1.766508240319314,0.0,0.0,0.0,0.0,6.30064410954951,2.722391393464511,0.0,0.0,9.906289623173677,1.9666666666666666
plot_10007,4.985492217646649,0.0,0.0,0.0,4.985492217646649,0.0,0.0,0.0,0.0,0.0,0.0,7.113511764947886,0.0,0.0,9.970984435293298,17.084496200241183,1.1666666666666667
plot_10068,0.0,0.0,6.129385192018314,12.258770384036628,0.0,3.064692596009157,9.194077788027473,0.0,0.0,0.0,0.0,0.0,0.0,0.0,0.0,0.0,0.0
plot_11803,0.0,4.62896528738931,0.0,9.25793057477862,4.62896528738931,0.0,4.62896528738931,0.0,0.0,0.0,0.0,0.0,0.0,0.0,0.0,0.0,0.0
plot_4848,0.0,0.0,0.0,12.028903048244322,0.0,2.4057806096488643,0.0,0.0,0.0,0.0,0.0,1.2028903048244322,0.0,0.0,1.2028903048244322,2.4057806096488643,0.0
plot_1379,2.7832902387228042,8.349870716168413,2.7832902387228042,0.0,0.0,0.0,2.7832902387228042,1.000001187626494,0.0,0.0,0.0,0.0,0.0,0.0,0.0,0.0,0.0
plot_1291,0.0,0.0,0.0,10.02445968162316,0.0,0.0,1.253057460202895,0.9999998001583402,0.0,0.0,0.0,0.0,0.0,0.0,0.0,0.0,0.0
plot_1380,0.0,0.0,0.0,0.0,0.0,0.0,0.0,0.0,0.0,0.0,0.0,0.0,0.0,0.0,0.0,0.0,0.0
plot_1288,0.0,0.0,0.0,0.0,0.0,0.0,0.0,0.0,0.0,0.0,0.0,0.0,0.0,0.0,0.0,0.0,0.0
plot_3153,0.0,0.0,0.0,0.0,0.8983846146244439,1.7967692292488877,0.0,0.0,0.0,0.0,0.0,0.0,0.0,0.0,0.0,0.0,0.0
plot_3178,0.0,0.0,0.4833481721222175,0.0,0.0,1.4500445163666524,0.0,0.0,0.0,0.0,0.0,0.0,0.0,0.0,1.1262012410447668,1.1262012410447668,1.5
plot_3147,4.271800421484308,1.4239334738281026,0.0,7.1196673691405135,0.0,5.695733895312411,11.391467790624821,0.0,0.0,0.0,0.0,2.173286940387936,0.0,0.0,0.0,2.173286940387936,4.1
plot_3151,0.0,0.0,0.0,0.0,0.0,4.8618859741882465,0.0,0.0,0.0,0.0,0.0,0.0,0.0,0.0,0.0,0.0,0.0
plot_17625,0.0,0.0,0.0,0.0,0.0,0.0,0.0,0.0,0.0,0.0,0.0,0.0,0.0,0.0,0.0,0.0,0.0
plot_1274,0.0,0.0,0.0,0.0,0.0,0.0,2.4306032392649373,0.0,0.0,0.0,0.0,0.0,0.0,0.0,0.0,0.0,0.0
plot_3177,0.43439561885954636,0.0,0.0,0.0,0.0,0.0,0.43439561885954636,0.0,0.9669527860175628,0.0,0.0,0.0,0.0,0.0,0.0,0.0,0.0
plot_2227,0.0,0.0,0.4794279848826768,0.0,0.0,1.9177119395307072,1.4382839546480304,0.2973045752071777,0.0,0.0,0.0,0.0,0.0,0.0,0.768311570301294,0.768311570301294,4.0
plot_3168,0.0,0.0,0.0,0.0,3.105647931327913,6.211295862655826,0.0,0.06398773259548818,0.0718451474901012,0.0,0.0,0.0,3.105647931327913,0.0,0.0,3.105647931327913,0.0
plot_3150,0.0,0.0,0.0,0.0,7.8036599165008385,3.3444256785003597,0.0,0.9894034349118094,0.0,0.0,0.0,0.0,0.0,0.0,1.7037239899057566,1.7037239899057566,3.5
plot_1287,0.0,0.0,0.0,0.0,0.0,0.0,0.0,0.0,0.0,0.0,0.0,0.0,0.0,0.0,0.0,0.0,0.0
plot_1272,0.0,0.0,8.426019548365353,12.639029322548028,4.213009774182677,16.852039096730707,4.213009774182677,0.0,0.0,0.0,0.0,0.0,4.213009774182677,6.993596225143243,5.60330299966296,16.80990899898888,13.333333333333334
plot_2018,18.22005268631902,37.95844309649796,10.628364067019428,16.7017149624591,15.183377238599183,4.555013171579755,16.7017149624591,0.0,0.0,0.0,0.0,8.92984737669315,21.167569334937827,10.42858744516803,18.047415595810573,63.220069146175334,10.592857142857143
plot_1271,2.1616682891188104,1.4411121927458734,0.0,4.323336578237621,0.0,3.602780481864684,1.4411121927458734,0.0,0.0,0.0,0.0,2.079430616637516,0.0,0.0,2.6503640317030923,4.729794648340608,4.25
plot_2247,0.0,2.4941636570425203,0.0,2.4941636570425203,4.988327314085041,2.4941636570425203,2.4941636570425203,0.0,0.0,0.0,0.0,0.0,0.0,0.0,3.4544166650038908,3.4544166650038908,3.5
plot_2228,3.9091207605585354,3.9091207605585354,3.9091207605585354,3.9091207605585354,0.0,19.545603802792677,0.0,0.0,0.0,0.0,0.0,0.0,0.0,0.0,0.0,0.0,0.0
plot_1289,11.39206798786175,12.81607648634447,7.120042492413594,8.544050990896313,17.088101981792626,1.4240084984827188,12.81607648634447,0.0,0.0,0.0,0.0,2.040194242551319,4.270557726806631,2.4482575238857796,4.727438103713516,13.486447596957246,10.950000000000001
plot_4183,0.0,0.0,0.0,29.722687327236876,0.0,0.0,0.0,0.0,0.0,0.0,0.0,0.0,0.0,0.0,0.0,0.0,0.0
plot_1290,0.0,0.0,0.0,0.0,0.0,2.4756948656564184,0.0,0.0,0.0,0.0,0.0,0.0,0.0,0.0,0.0,0.0,0.0
plot_4126,1.4632183487580936,0.0,0.0,1.4632183487580936,0.0,0.0,0.0,0.0,0.0,0.0,0.0,0.0,0.0,2.4289424589384354,0.0,2.4289424589384354,40.0
plot_3169,0.0,0.0,0.0,1.9391476088855624,0.0,0.9695738044427812,0.0,0.07010012259932015,0.0,0.0,0.0,0.0,0.0,0.0,0.0,0.0,0.0
plot_3428,0.0,0.0,5.121796316404089,0.0,0.0,0.0,0.0,0.0,0.0,0.0,0.0,0.0,0.0,0.0,0.0,0.0,0.0
plot_2017,0.0,0.0,1.8433009834010745,1.8433009834010745,0.0,1.8433009834010745,0.0,0.0,0.0,0.0,0.0,0.0,1.8433009834010745,0.0,2.552971862010488,6.239573828812637,1.1666666666666667
plot_16334,0.0,0.0,0.42687921836707593,0.0,0.0,0.0,0.0,0.0,0.0,0.0,0.0,0.0,0.0,0.0,0.0,1.2806376551012277,0.0
plot_4182,0.0,0.0,0.0,0.0,0.0,0.0,0.0,0.0,0.0,0.0,0.0,0.0,0.0,0.0,0.0,0.0,0.0
plot_3160,0.0,0.0,0.0,0.0,0.0,0.0,0.0,0.140915750809332,0.0,0.0,0.0,0.0,0.0,0.0,0.0,0.0,0.0
plot_4113,0.0,15.077271013946474,0.0,0.0,0.0,0.0,0.0,0.0,0.0,0.0,0.0,0.0,0.0,0.0,6.960673451438622,6.960673451438622,3.5
plot_3161,0.0,0.0,1.6470285957104789,0.0,1.6470285957104789,1.6470285957104789,0.0,0.014913120375328383,0.0,0.0,0.0,0.0,0.0,0.0,1.6470285957104789,1.6470285957104789,0.0
plot_4121,0.0,0.0,0.0,0.0,0.0,0.0,0.0,0.0,0.0,0.0,0.0,0.0,0.0,0.0,0.0,0.0,0.0
plot_17128,0.0,0.0,0.0,0.0,0.0,13.472731192067256,0.0,0.0,0.0,0.0,0.0,0.0,0.0,0.0,0.0,0.0,0.0
plot_18843,0.0,0.0,5.317960881079759,0.0,0.0,5.317960881079759,0.0,0.0,0.0,0.0,0.0,0.0,0.0,0.0,7.072887971836079,7.072887971836079,3.0
plot_20110,0.0,0.0,0.0,4.352613962315068,0.0,0.0,0.0,0.0,0.0,0.0,0.0,6.02837033780637,0.0,0.0,0.0,6.02837033780637,3.5
plot_4124,0.0,0.0,0.0,1.108187957543103,0.0,0.0,0.0,0.0,0.0,0.0,0.0,0.0,0.0,0.0,0.0,0.0,0.0
plot_4114,0.3018142659152699,1.8108855954916194,0.3018142659152699,1.2072570636610795,2.112699861406889,0.6036285318305398,2.716328393237429,0.9825371950210756,0.0,0.0,0.0,0.0,0.0,0.0,2.1336989167026204,2.1336989167026204,10.75
plot_20104,0.0,0.0,55.88075047847893,0.0,0.0,0.0,18.626916826159643,0.0,0.0,0.0,0.0,0.0,0.0,0.0,0.0,6.710539456835316,3.5
plot_20109,0.0,0.8810735705242122,1.7621471410484244,0.8810735705242122,0.0,0.8810735705242122,1.7621471410484244,0.0,0.0,0.0,0.0,1.220286895176034,1.220286895176034,0.0,1.220286895176034,4.832688534325304,3.375
plot_20103,0.0,10.74448539287211,0.0,10.74448539287211,0.0,0.0,0.0,0.0,0.0,0.0,0.0,0.0,0.0,0.0,15.472058965735835,29.76222453825574,3.5
plot_4198,0.0,0.0,0.0,0.0,0.0,0.0,0.0,0.0,0.0,0.0,0.0,0.0,0.0,0.0,0.0,0.0,0.0
plot_4199,0.0,11.66543531516118,3.8884784383870596,7.776956876774119,0.0,15.553913753548239,0.0,0.0,0.0,0.0,0.0,0.0,0.0,0.0,6.00078011076307,6.00078011076307,3.5
plot_15635,3.378937729556582,13.515750918226328,3.378937729556582,6.757875459113164,0.0,3.378937729556582,23.652564106896072,0.0,0.0,0.0,0.0,0.0,0.0,0.0,9.121311389434796,9.121311389434796,1.75
plot_4181,0.0,0.9262226602226268,0.9262226602226268,2.7786679806678802,0.9262226602226268,4.631113301113134,0.9262226602226268,0.0,0.0,0.0,0.0,0.0,0.0,0.0,1.5332682903553094,1.5332682903553094,3.5
plot_4115,0.0,0.0,0.0,0.0,0.0,0.0,0.0,0.0,0.0,0.0,0.0,0.0,0.0,0.0,0.0,0.0,0.0
plot_4184,4.995599709256097,14.98679912776829,4.995599709256097,9.991199418512194,0.0,2.4977998546280484,4.995599709256097,0.0,0.0,0.0,0.0,1.9725983379377685,0.8325999515426827,1.3821159195608534,1.3901742946477305,5.577488503689035,8.3
plot_4125,1.0777290524498397,2.6943226311245994,2.6943226311245994,2.6943226311245994,1.6165935786747596,1.6165935786747596,3.772051683574439,0.0,0.0,0.0,0.0,0.5388645262249199,0.0,0.0,1.2851918950464338,3.339516469072295,7.7
plot_4178,0.0,0.0,5.022954903910873,0.0,0.0,0.0,0.0,0.0,0.0,0.0,0.0,0.0,0.0,0.0,0.0,0.0,0.0
plot_1273,2.575617998075155,4.2926966634585915,0.8585393326917183,5.15123599615031,0.0,3.4341573307668734,7.726853994225465,0.8956782532361403,0.0,0.0,0.0,1.18907697577803,0.0,0.0,4.2321180260521425,7.7993489533862315,3.3000000000000003
plot_1501,0.0,0.0,0.0,0.0,0.0,0.0,1.1116990764004073,0.08034303917267932,0.0,0.0,0.0,0.0,0.0,0.0,0.0,0.0,0.0
plot_1500,1.8331452831797004,0.9165726415898502,1.8331452831797004,5.499435849539101,1.8331452831797004,0.9165726415898502,0.9165726415898502,0.0,0.0,0.0,0.0,2.4884947219164433,0.0,0.0,1.2694531086019425,3.7579478305183858,3.3333333333333335
plot_15646,10.992428344437458,2.836755701790312,7.8010781799233575,5.673511403580624,1.063783388171367,6.7372947917519905,8.510267105370936,0.0,0.9920120053680138,0.0,0.0,0.0,0.0,0.0,1.2076577354489682,1.2076577354489682,4.2
plot_1481,0.0,0.0,0.0,0.0,0.0,3.760496485816034,0.0,0.8973253943207737,0.0,0.0,0.0,0.0,0.0,0.0,1.8605321013755096,1.8605321013755096,3.0
plot_4197,0.0,0.0,0.0,0.0,0.0,0.0,0.0,0.0,0.0,0.0,0.0,0.0,0.0,0.0,0.0,0.0,0.0
plot_20105,0.0,0.0,0.0,10.004902402177066,0.0,0.0,0.0,0.0,0.0,0.0,0.0,0.0,0.0,0.0,0.0,0.0,0.0
plot_18893,1.0652372602949856,22.369982466194696,3.1957117808849564,2.130474520589971,1.0652372602949856,2.130474520589971,9.58713534265487,0.0,0.0,0.0,0.0,1.475353605508555,4.015944471312095,0.0,9.15775392890276,17.13105482221073,2.5833333333333335
plot_4119,0.0,0.0,0.0,1.8784810602147106,0.0,0.0,0.0,0.0,0.0,0.0,0.0,0.0,0.0,0.0,2.991917278877932,2.991917278877932,4.5
plot_4196,0.0,0.0,0.0,0.0,0.0,0.0,0.0,0.0,0.0,0.0,0.0,0.0,0.0,0.0,0.0,0.0,0.0
plot_1404,0.0,0.2881249032980794,0.2881249032980794,1.1524996131923175,1.728749419788476,3.457498839576952,0.2881249032980794,0.9610153334017671,0.0,0.0,0.0,0.0,0.0,0.0,0.8293514835051281,0.8293514835051281,3.25
plot_4120,0.0,9.118180740578639,0.0,0.0,0.0,0.0,0.0,0.0,0.0,0.0,0.0,0.0,0.0,0.0,0.0,0.0,0.0
plot_1480,0.0,0.0,2.174934316983627,0.0,0.0,4.349868633967254,0.0,0.0,0.816705210674734,0.0,0.0,0.0,0.0,0.0,0.0,0.0,0.0
plot_2248,0.0,0.0,0.0,0.0,0.0,0.0,0.0,0.0,0.0,0.0,0.0,0.0,0.0,0.0,0.0,0.0,0.0
plot_4185,0.0,0.0,0.0,0.0,0.0,0.0,0.0,0.0,0.0,0.0,0.0,0.0,0.0,0.0,0.0,0.0,0.0
plot_1381,0.0,1.258920236702183,0.0,1.258920236702183,0.0,2.517840473404366,0.0,0.0,0.0,0.0,0.0,0.0,0.0,0.0,1.0105373574654617,1.8868155624743372,3.5
plot_296,0.0,0.0,0.0,0.0,0.0,0.0,0.0,0.0,0.0,0.0,0.0,0.0,0.0,0.0,0.0,0.0,0.0
plot_295,0.0,0.0,0.0,0.0,0.0,6.513512281227406,0.0,0.0,0.0,0.0,0.0,0.0,0.0,0.0,0.0,0.0,0.0
plot_280,0.0,0.0,0.0,0.0,0.0,0.0,0.0,0.0,0.0,0.0,0.8822867770767926,0.0,0.0,0.0,0.0,0.0,0.0
plot_1040,0.0,0.0,0.4683847330933017,2.81030839855981,0.4683847330933017,0.0,0.0,0.001065283438462725,0.0,0.0,0.906673048641356,0.0,0.0,1.5550373138697617,0.0,1.5550373138697617,40.0
plot_1037,7.103475138428972,0.0,0.0,4.735650092285981,8.287387661500468,2.3678250461429906,3.551737569214486,0.0,0.0,0.0,0.23246354926586535,1.8149733301113766,0.0,2.060989712851136,1.639718844454021,5.515681887416534,15.866666666666667
plot_405,0.0,0.0,0.0,0.0,0.0,7.240028670513536,0.0,0.0,0.0,0.0,0.0,0.0,0.0,0.0,0.0,0.0,0.0
plot_406,0.8613396113506473,3.2300235425649273,0.43066980567532365,1.5073443198636327,0.6460047085129854,2.36868393121428,2.36868393121428,0.6002509171041674,0.0,0.0,0.0,1.074385001691915,0.31481697335328124,0.3574559387105187,3.2061019070366754,5.168094723630052,4.338888888888889
plot_18697,0.0,0.0,9.07679879460112,0.0,0.0,27.23039638380336,0.0,0.0,0.0,0.0,0.0,0.0,0.0,0.0,0.0,0.0,0.0
plot_18634,5.0881781269398685,0.0,20.352712507759474,10.176356253879737,0.0,15.264534380819605,15.264534380819605,0.0,0.0,0.0,0.0,7.470318957249113,0.0,0.0,8.958991233972533,16.429310191221646,3.9499999999999997
plot_4192,0.0,0.0,0.0,0.0,0.0,0.0,0.0,0.0,0.0,0.0,0.0,0.0,0.0,0.0,0.0,0.0,0.0
plot_19659,9.201229744355333,9.201229744355333,4.600614872177666,8.051076026310916,1.1501537180444166,3.45046115413325,5.750768590222083,0.0009156384550591515,0.0,0.0,0.0,0.0,0.0,0.0,1.592962899491517,1.592962899491517,3.5
plot_1365,0.0,0.0,0.0,0.0,0.0,4.497130830530122,0.0,0.0,0.0,0.0,0.0,0.0,0.0,0.0,0.0,0.0,0.0
plot_20019,0.0,0.0,0.0,0.0,0.0,0.0,0.0,0.0,0.0,0.0,0.0,0.0,0.0,0.0,0.0,0.0,0.0
plot_2266,0.0,28.592505332502245,5.7185010665004485,5.7185010665004485,0.0,0.0,0.0,0.9073208404850724,0.0,0.0,0.0,9.294376272615933,0.0,0.0,0.0,22.933001316219503,2.3333333333333335
plot_2267,0.0,0.0,0.0,1.1234894684097232,0.0,2.2469789368194464,1.1234894684097232,0.88156050915991,0.0,0.0,0.0,0.0,0.0,0.0,0.0,0.0,0.0
plot_2279,0.0,0.0,0.0,2.0551224955763487,0.0,0.0,0.0,0.0,0.0,0.0,0.0,0.0,0.0,0.0,2.846344656373243,2.846344656373243,3.5
plot_1451,0.0,16.556291390728475,0.0,66.2251655629139,0.0,0.0,0.0,0.0,0.0,0.0,0.0,26.735365713107157,0.0,0.0,0.0,26.735365713107157,5.0
plot_1364,0.0,0.0,0.0,1.6853563320803646,0.0,0.5617854440267882,0.0,0.0,0.0,0.0,0.0,0.0,0.0,0.0,1.5252474805327298,1.5252474805327298,3.25
plot_1477,0.0,0.0,23.15833352631945,17.368750144739586,5.789583381579862,0.0,0.0,0.0,0.0,0.0,0.0,0.0,0.0,0.0,8.337000069475001,8.337000069475001,4.0
plot_15889,0.0,0.0,0.0,0.0,0.0,1.437719431928298,0.0,0.9470059776613694,0.0,0.0,0.0,0.0,0.0,0.0,1.151822655793495,1.151822655793495,4.0
plot_1403,0.6884510951880022,0.0,0.6884510951880022,2.7538043807520087,1.3769021903760044,3.442255475940011,2.7538043807520087,0.8955453181071996,0.0,0.0,0.0,0.0,0.0,0.0,4.508498345625084,4.508498345625084,4.125
plot_1478,0.0,5.621609466790343,0.0,5.621609466790343,0.0,0.0,5.621609466790343,0.9102458017123227,0.0,0.0,0.0,0.0,0.0,0.0,0.0,5.621609466790343,0.0
plot_1363,0.0,0.0,0.0,0.0,0.0,0.0,0.0,0.0,0.0,0.0,0.0,0.0,0.0,0.0,0.0,0.0,0.0
plot_1382,0.0,0.0,0.0,0.0,0.0,0.0,0.0,0.0,0.0,0.0,0.0,0.0,0.0,0.0,0.0,0.0,0.0
plot_2148,0.0,0.0,0.0,0.0,0.0,0.0,0.0,0.0,0.0,0.0,0.0,0.0,0.0,0.0,0.0,0.0,0.0
plot_1464,39.52725404166172,0.0,19.76362702083086,39.52725404166172,0.0,0.0,19.76362702083086,0.0,0.0,0.0,0.0,0.0,0.0,0.0,31.102315061777038,31.102315061777038,4.0
plot_1465,16.49919978881024,19.79903974657229,0.0,0.0,0.0,9.899519873286145,29.698559619858436,0.0,0.0,0.0,0.0,5.693583919701087,0.0,0.0,15.257874564218898,20.951458483919986,3.8
plot_1466,0.0,11.710836036584652,0.0,0.0,0.0,0.0,19.51806006097442,0.0,0.0,0.0,0.0,0.0,0.0,0.0,11.741374179534612,11.741374179534612,4.25
plot_15647,6.072581928239085,0.0,4.858065542591269,6.072581928239085,0.0,0.0,4.858065542591269,0.0,0.0,0.0,0.0,0.0,0.0,0.0,0.0,0.0,0.0
plot_1502,0.0,4.7833043544811185,0.0,9.566608708962237,0.0,2.3916521772405592,2.3916521772405592,0.0,0.0,0.0,0.0,0.0,0.0,0.0,0.0,0.0,0.0
plot_5784,0.0,0.0,0.0,0.0,0.0,0.0,0.0,0.0,0.0,0.0,0.0,0.0,0.0,0.0,0.0,1.2889830001778175,30.0
plot_5786,0.0,0.0,0.0,5.1843288108705,0.0,0.0,0.0,0.0,0.0,0.0,0.0,0.0,0.0,0.0,0.0,0.0,0.0
plot_5785,0.0,0.0,0.0,1.6312408726975545,0.0,0.0,0.0,0.0,0.0,0.0,0.0,0.0,0.0,0.0,0.4078102181743886,0.4078102181743886,0.0
plot_2226,0.0,0.0,0.0,0.0,0.0,0.0,0.0,0.002194864474194102,0.0,0.0,0.0,0.0,0.0,0.0,0.0,0.0,0.0
plot_2225,3.7175467462915615,6.319829468695654,8.55035751647059,4.089301420920718,1.1152640238874685,2.974037397033249,11.152640238874683,0.859403319790739,0.0,0.0,0.0,1.4015151233519185,0.0,0.6171127598843992,6.0625150818883125,8.08114296512463,6.89375
plot_2330,3.4892565789932797,10.467769736979838,0.0,0.0,0.0,13.957026315973119,3.4892565789932797,0.0,0.0,0.0,0.0,3.4892565789932797,0.0,6.032280041827686,5.215359316086622,14.736895936907588,12.666666666666666
plot_2331,0.0,0.0,14.928659667613394,3.7321649169033484,0.0,11.196494750710045,3.7321649169033484,0.1621010740444563,0.0,0.0,0.0,0.0,0.0,0.0,7.222401747969467,10.954566664872816,2.1
plot_5738,11.138544934746692,7.425696623164461,11.138544934746692,1.8564241557911152,1.8564241557911152,11.138544934746692,12.994969090537806,0.0,0.0,0.0,0.0,2.571147455770695,0.0,3.0816640986132513,8.092673173700476,13.745484728084424,9.9
plot_15660,19.43586027282395,0.0,30.54206614300906,2.776551467546278,0.0,13.882757337731391,33.318617610555336,0.0,0.0,0.0,0.0,0.0,0.0,0.0,17.059577538120557,19.836129005666834,3.1399999999999997
plot_18633,0.0,8.66205845157043,0.0,0.0,0.0,0.0,0.0,0.0,0.0,0.0,0.0,0.0,0.0,0.0,0.0,0.0,0.0
plot_18632,5.905116586685143,1.9683721955617144,1.3122481303744762,4.592868456310667,1.3122481303744762,3.9367443911234288,4.592868456310667,0.20307181995044613,0.0,0.0,0.0,1.850382497985041,0.0,0.0,2.420365922941525,4.270748420926566,4.0
plot_18383,0.0,0.0,0.0,0.0,0.0,0.0,0.0,0.012846287154060268,0.0,0.0,0.0,0.0,0.0,0.0,14.170946363500759,14.170946363500759,3.0
plot_18382,0.0,0.0,0.0,0.0,0.0,0.0,0.0,0.9962878650421858,0.0,0.0,0.0,0.0,0.0,0.0,0.0,0.0,0.0
plot_18457,0.0,12.512512512512512,0.0,12.512512512512512,0.0,12.512512512512512,0.0,0.9999943046213391,0.0,0.0,0.0,0.0,0.0,0.0,0.0,0.0,0.0
plot_5739,5.843845437300797,2.337538174920319,57.269685285547816,5.843845437300797,9.350152699681276,7.0126145247609575,36.23184171126494,0.0,0.0,0.0,0.0,0.0,0.0,4.033082016247831,7.708032131799752,17.56158420359918,18.15
plot_18381,10.203665156524224,0.0,0.0,0.0,0.0,0.0,0.0,0.88645376827072,0.0,0.0,0.0,7.300758343487954,0.0,0.0,7.066038120893025,14.36679646438098,3.5
plot_16371,0.0,0.0,9.158599466969513,0.0,0.0,9.158599466969513,0.0,0.999998741129651,0.0,0.0,0.0,0.0,0.0,0.0,0.0,0.0,0.0
plot_19588,0.0,0.0,0.0,0.0,0.0,0.0,0.0,0.8505326888605228,0.0,0.0,0.0,0.0,0.0,0.0,0.0,0.0,0.0
plot_5766,0.0,0.0,0.0,0.0,0.0,0.0,0.0,1.000000619881462,0.0,0.0,0.0,0.0,0.0,0.0,0.0,0.0,0.0
plot_1292,14.626881548853786,3.9891495133237598,0.0,2.6594330088825067,2.6594330088825067,2.6594330088825067,11.96744853997128,0.0,0.0,0.0,0.0,0.0,0.0,2.3084336545594972,0.0,3.6381501590007503,22.5
plot_2510,0.0,0.0,0.0,0.0,0.0,0.0,0.0,0.9228452807304186,0.0,0.0,0.0,0.0,0.0,0.0,0.0,0.0,0.0
plot_1277,2.950278948874616,0.737569737218654,0.737569737218654,1.475139474437308,0.737569737218654,5.1629881605305785,4.425418423311924,0.8752918897697608,0.0,0.0,0.0,0.0,0.0,1.2809913541441214,0.0,1.2809913541441214,50.0
plot_1463,0.0,7.3357345637805444,0.0,0.0,0.0,0.0,0.0,0.0,0.0,0.0,0.0,0.0,9.756526969828125,0.0,0.0,9.756526969828125,3.0
plot_5787,0.0,0.0,3.4433008859613183,3.4433008859613183,0.0,0.0,0.0,0.0,0.0,0.0,0.0,0.0,0.0,5.715879470695788,0.0,5.715879470695788,40.0
plot_2509,0.0,0.0,0.0,24.9613099695472,0.0,0.0,0.0,0.9999937713842407,0.0,0.0,0.0,0.0,0.0,0.0,0.0,0.0,0.0
plot_1278,0.0,0.0,0.0,46.34027665145161,0.0,0.0,0.0,0.0,0.0,0.0,0.0,0.0,0.0,0.0,33.36499918904516,33.36499918904516,4.0
plot_5793,0.0,0.0,0.0,0.0,0.0,0.0,0.0,0.0,0.0,0.0,0.0,0.0,0.0,0.0,0.0,0.0,0.0
plot_5795,0.0,0.0,3.2118710754950297,0.0,0.0,0.0,0.0,0.0,0.0,0.0,0.0,0.0,0.0,0.0,0.0,0.0,0.0
plot_1276,0.0,0.0,0.0,0.0,1.6572671995333135,3.314534399066627,0.0,0.0,0.0,0.0,0.0,0.0,0.0,0.0,0.0,0.0,0.0
plot_5711,0.0,0.0,0.0,3.1812737501968416,0.0,0.0,0.0,0.0,0.0,0.0,0.0,0.0,0.0,0.0,0.0,0.0,0.0
plot_2543,0.0,1.5621631585689335,0.0,9.372978951413602,0.0,0.0,10.935142109982536,0.9999964317083979,0.0,0.0,0.0,0.0,0.0,0.0,5.210672644276826,5.210672644276826,4.25
plot_5788,0.0,5.581322661844404,0.0,11.162645323688809,0.0,0.0,0.0,0.0,0.0,0.0,0.0,0.0,0.0,7.730131886654499,7.423159140253058,15.153291026907556,3.25
plot_5792,2.450283742857423,0.0,0.0,7.350851228572269,0.0,9.801134971429692,12.251418714287116,0.0,0.0,0.0,0.0,0.0,0.0,0.0,7.5819292822972635,10.975572266154794,4.0
plot_2714,1.8020388267285605,5.406116480185681,1.8020388267285605,1.8020388267285605,0.0,5.406116480185681,0.0,0.9884171963644194,0.0,0.0,0.0,0.0,0.0,5.982768904738822,2.991384452369411,8.974153357108232,40.0
plot_5794,0.0,0.0,0.0,27.45216460317896,13.72608230158948,13.72608230158948,0.0,0.0,0.0,0.0,0.0,0.0,0.0,0.0,0.0,0.0,0.0
plot_2598,0.0,10.00995991011056,0.0,5.00497995505528,0.0,0.0,5.00497995505528,1.000001741156323,0.0,0.0,0.0,0.0,0.0,0.0,0.0,0.0,0.0
plot_15980,0.0,0.0,0.0,0.0,0.0,0.0,0.0,0.0,0.0,0.0,0.0,0.0,0.0,0.0,0.0,0.0,0.0
plot_2091,0.3256689321283149,0.0,0.0,0.6513378642566298,1.3026757285132595,2.279682524898204,0.6513378642566298,0.9326555253822334,0.0,0.0,0.0,0.0,0.0,1.1291221749759606,0.52004531900498,1.6491674939809406,27.0
plot_15975,4.151935943932257,2.0759679719661284,0.0,0.0,0.0,6.227903915898386,2.0759679719661284,0.0,0.0,0.0,0.0,0.0,0.0,0.0,6.203450771566997,6.203450771566997,3.75
plot_8745,0.0,3.4639472371556836,0.0,0.0,3.4639472371556836,0.0,0.0,0.0,0.0,0.0,0.0,0.0,0.0,0.0,4.7975669234606215,4.7975669234606215,3.5
plot_20009,0.0,0.0,0.0,0.0,0.0,0.0,0.0,0.0,0.0,0.0,0.0,0.0,0.0,0.0,0.0,0.0,0.0
plot_16691,16.675838377774443,33.35167675554889,0.0,16.675838377774443,50.027515133323334,0.0,66.70335351109777,0.0,0.0,0.0,0.0,0.0,0.0,0.0,23.096036153217607,23.096036153217607,3.5
plot_12471,0.0,0.0,0.0,0.0,114.32491139819368,0.0,0.0,0.0,0.0,0.0,0.0,0.0,0.0,0.0,224.93434389626424,224.93434389626424,4.2
plot_12422,7.210169222671657,2.4033897408905522,0.0,9.613558963562209,2.4033897408905522,0.0,9.613558963562209,0.0,0.0,0.0,0.0,0.0,19.997353855041016,8.154951711762628,6.525203146517849,34.677508713321494,11.05
plot_12473,23.03033094585569,23.03033094585569,23.03033094585569,0.0,0.0,0.0,23.03033094585569,0.0,0.0,0.0,0.0,33.38207967822295,0.0,0.0,0.0,33.38207967822295,3.5
plot_10780,30.9520861706079,15.47604308530395,0.0,0.0,5.15868102843465,0.0,10.3173620568693,0.0,0.0,0.0,0.0,7.672366669934898,0.0,0.0,0.0,7.672366669934898,3.9
plot_8767,0.0,0.0,0.0,0.0,0.0,0.0,0.0,0.0,0.0,0.0,0.0,0.0,0.0,0.0,0.0,0.0,0.0
plot_10852,0.0,0.0,0.0,1.5320810103155016,7.660405051577508,0.0,0.0,0.0,0.0,0.0,0.0,0.0,0.0,0.0,0.0,0.0,0.0
plot_10848,0.0,0.0,0.0,0.0,0.0,0.0,0.0,0.0,0.0,0.0,0.0,0.0,0.0,0.0,0.0,0.0,0.0
plot_12481,0.0,0.0,0.0,0.0,0.0,0.0,0.0,0.0,0.0,0.0,0.0,0.0,0.0,0.0,0.0,0.0,0.0
plot_8688,0.0,40.64710186163726,0.0,0.0,0.0,0.0,0.0,0.0,0.0,0.0,0.0,0.0,0.0,0.0,210.9427871704332,210.9427871704332,4.133333333333334
plot_8686,8.18384182270525,24.551525468115752,0.0,0.0,0.0,0.0,8.18384182270525,0.0,0.0,0.0,0.0,0.0,11.33462092444677,0.0,38.4351498874275,49.76977081187427,3.65
plot_8687,0.0,18.746602178355175,0.0,0.0,0.0,0.0,0.0,0.0,0.0,0.0,0.0,0.0,25.96404401702192,0.0,0.0,25.96404401702192,3.5
plot_16899,6.170630268175592,0.0,0.0,18.511890804526775,6.170630268175592,6.170630268175592,6.170630268175592,0.0,0.0,0.0,0.0,0.0,0.0,0.0,0.0,0.0,0.0
plot_12427,2.2888742400937527,1.5259161600625017,0.7629580800312509,0.0,3.0518323201250035,1.5259161600625017,5.340706560218756,0.0,0.0005811499239760994,0.0,0.0,0.0,1.098659635245001,0.0,3.805878533434311,5.667496248710563,3.02
plot_8698,0.0,3.6830242048350743,0.0,0.0,3.6830242048350743,0.0,0.0,0.0,0.0,0.0,0.0,0.0,0.0,0.0,0.0,0.0,0.0
plot_12508,0.0,6.016702365767371,0.0,0.0,6.016702365767371,0.0,6.016702365767371,0.0,0.7785651146860509,0.0,0.0,0.0,0.0,10.467597441148563,0.0,10.467597441148563,35.0
plot_16813,0.0,0.0,0.0,17.309872685886393,0.0,0.0,0.0,0.0,0.0,0.0,0.0,0.0,0.0,0.0,0.0,0.0,0.0
plot_10930,14.201469141982738,31.95330556946116,0.0,3.5503672854956845,7.100734570991369,0.0,10.651101856487054,0.0,0.0,0.0,0.0,5.261084838997153,15.522180092954358,0.0,11.493601970285601,36.99885539194637,4.0
plot_9069,40.413837698027805,40.413837698027805,0.0,0.0,0.0,0.0,0.0,0.0,0.0,0.0,0.0,0.0,61.527045545475296,0.0,0.0,61.527045545475296,4.0
plot_8164,0.0,0.0,0.0,27.12489658633176,0.0,13.56244829316588,0.0,0.0,0.0,0.0,0.0,19.188533333354897,0.0,0.0,0.0,58.6430304276213,3.3666666666666667
plot_7513,12.58966199904948,15.73707749881185,0.0,0.0,0.0,9.44224649928711,34.62157049738607,0.0,0.0,0.0,0.0,0.0,13.78818992065535,0.0,29.382643973104805,43.17083389376016,3.788888888888889
plot_19700,19.993602047344847,19.993602047344847,0.0,19.993602047344847,0.0,0.0,0.0,0.0,0.0,0.0,0.0,0.0,0.0,0.0,0.0,0.0,0.0
plot_7526,0.0,0.0,0.0,6.1181912179483255,6.1181912179483255,6.1181912179483255,0.0,0.0,0.0,0.0,0.0,0.0,0.0,0.0,10.156197421794221,10.156197421794221,30.0
plot_7529,19.464720194647203,0.0,0.0,19.464720194647203,0.0,0.0,0.0,0.0,0.0,0.0,0.0,0.0,0.0,0.0,55.48308176096108,55.48308176096108,3.5
plot_7527,0.0,42.776173671265106,0.0,0.0,0.0,0.0,0.0,0.0,0.0,0.0,0.0,0.0,0.0,0.0,0.0,0.0,0.0
plot_7528,19.57483459264769,35.23470226676584,0.0,7.829933837059076,7.829933837059076,11.744900755588613,7.829933837059076,0.0,0.0,0.0,0.0,0.0,10.629135183807694,0.0,11.424616515300462,22.053751699108158,2.875
plot_7476,0.0,0.0,0.0,0.0,0.0,3.822739566310196,0.0,0.014153364516617205,0.0,0.0,0.0,2.9179939060828466,0.0,0.0,0.0,2.9179939060828466,4.2
plot_7532,0.0,0.36873605025429884,0.36873605025429884,0.7374721005085977,0.0,1.1062081507628965,0.7374721005085977,0.9118685113997086,0.0,0.0,0.0,0.0,0.0,0.0,0.5747469478163219,0.5747469478163219,3.5
plot_10775,13.425431795450121,3.3563579488625304,0.0,0.0,33.56357948862531,16.781789744312654,33.56357948862531,0.05635099300495454,0.0,0.0,0.0,0.0,0.0,0.0,5.014279239882965,5.014279239882965,3.0
plot_11471,6.596654177001425,11.544144809752494,0.0,1.6491635442503563,0.0,0.0,3.2983270885007125,0.5786803285127211,0.0,0.0,0.0,2.426952527549998,2.5020618714405036,0.0,0.0,7.213105907777244,3.5
plot_17018,0.0,0.0,0.0,16.888183338118317,0.0,0.0,0.0,0.0,0.0,0.0,0.0,0.0,0.0,0.0,0.0,0.0,0.0
plot_10900,0.0,0.0,0.0,15.604324270341797,0.0,3.1208648540683597,0.0,0.006429547371257661,0.0,0.0,0.0,0.0,0.0,0.0,7.632386364723036,7.632386364723036,1.75
plot_10851,0.0,0.0,0.0,0.0,0.0,0.0,0.0,0.0,0.0,0.0,0.0,4.051647649941915,0.0,0.0,0.0,4.051647649941915,3.5
plot_10850,0.0,0.0,0.0,4.779132396304775,0.0,2.3895661981523877,0.0,0.0,0.0,0.0,0.0,0.0,0.0,0.0,0.0,0.0,0.0
plot_10402,0.0,1.47355919066235,1.47355919066235,2.9471183813247,1.47355919066235,0.0,0.0,0.010769172820436225,0.0,0.0,0.0,0.0,0.0,0.0,3.706260054477386,3.706260054477386,1.5
plot_19631,0.0,0.0,0.0,0.0,0.0,0.0,0.0,0.0,0.0,0.0,0.0,0.0,0.0,0.0,0.0,0.0,0.0
plot_10754,49.92729337901681,12.481823344754202,0.0,6.240911672377101,18.722735017131303,0.0,6.240911672377101,0.0,0.0,0.0,0.0,9.781030818609604,0.0,0.0,8.950948775578826,18.73197959418843,4.0
plot_10776,0.0,0.0,0.0,0.0,0.0,0.0,0.0,0.0,0.0,0.0,0.0,0.0,0.0,0.0,0.0,0.0,0.0
plot_9695,4.9744066776435245,0.0,0.0,0.0,0.0,0.0,0.0,0.0,0.0,0.0,0.0,0.0,0.0,0.0,0.0,0.0,0.0
plot_10931,0.0,0.0,0.0,25.784936440131673,0.0,8.594978813377224,17.18995762675445,0.0,0.0,0.0,0.0,0.0,0.0,0.0,0.0,0.0,0.0
plot_9646,55.88517459459962,0.0,9.314195765766604,0.0,0.0,0.0,9.314195765766604,0.0,0.0,0.0,0.0,13.41040913427226,9.314195765766604,0.0,0.0,22.724604900038862,1.75
plot_9697,7.707366701092904,12.845611168488173,5.138244467395269,5.138244467395269,5.138244467395269,10.276488934790539,7.707366701092904,0.0,0.0,0.0,0.0,0.0,7.116468587342448,4.828583962531124,12.833963439462481,24.779015989336052,3.85
plot_9694,87.24766339851462,76.34170547370029,0.0,0.0,98.15362132332893,0.0,43.62383169925731,0.0,0.0,0.0,0.0,0.0,15.487770780329992,0.0,41.93161334519633,57.41938412552632,3.8666666666666667
plot_10932,0.0,0.0,0.0,0.0,0.0,0.0,0.0,0.0,0.0,0.0,0.0,0.0,0.0,0.0,0.0,0.0,0.0
plot_9696,6.018331838780926,6.018331838780926,6.018331838780926,0.0,0.0,6.018331838780926,0.0,0.0,0.0,0.0,0.0,0.0,8.004381345578633,0.0,0.0,8.004381345578633,3.0
plot_10933,0.0,14.452224558665195,0.0,0.0,0.0,0.0,7.226112279332598,0.0,0.0,0.0,0.0,0.0,0.0,0.0,0.0,0.0,0.0
plot_7461,2.721780915688753,6.804452289221883,0.0,1.3608904578443766,1.3608904578443766,2.721780915688753,4.08267137353313,0.0,0.0,0.0,0.0,6.0816369774026775,5.888334521221576,4.518156320043331,2.721780915688753,21.37916275516374,8.681818181818182
plot_10779,7.736524907741941,0.0,0.0,0.0,0.0,0.0,0.0,0.0,0.0,0.0,0.0,0.0,0.0,0.0,0.0,0.0,0.0
plot_10401,0.0,0.0,0.0,3.2954249615259132,0.0,6.5908499230518265,0.0,0.0,0.0,0.0,0.0,0.0,0.0,0.0,0.0,0.0,0.0
plot_10777,0.0,0.0,0.0,0.0,0.0,0.0,0.0,0.0,0.0,0.0,0.0,0.0,0.0,0.0,0.0,0.0,0.0
plot_17077,0.0,0.0,0.0,0.0,0.0,0.0,31.75913869215867,0.0,0.0,0.0,0.0,0.0,0.0,0.0,0.0,0.0,0.0
plot_10778,0.0,0.0,2.420440132833755,7.261320398501264,0.0,0.0,0.0,0.0,0.0,0.0,0.0,0.0,3.8907990897209395,4.2157440300267135,3.75168220589232,11.858225325639971,15.0
plot_10400,0.0,0.0,0.0,0.0,0.0,0.0,23.328784220410355,0.0,0.0,0.0,0.0,0.0,0.0,0.0,0.0,0.0,0.0
plot_10393,19.157133996968383,23.94641749621048,2.394641749621048,0.0,7.183925248863144,4.789283499242096,4.789283499242096,0.025639203028118916,0.0,0.0,0.0,13.424179943381796,0.0,0.0,3.4643488409310588,16.888528784312854,3.5
plot_11755,0.0,11.130156044787748,0.0,0.0,3.7100520149292495,3.7100520149292495,0.0,0.6789457279727412,0.0,0.0,0.0,5.1384220406770105,0.0,0.0,0.0,5.1384220406770105,3.5
plot_10348,3.637289491870658,20.00509220528862,0.0,5.4559342378059865,3.637289491870658,3.637289491870658,10.911868475611973,0.043365824433310204,0.0,0.0,0.0,2.785764963515697,6.856290692176191,0.0,8.174820866115017,17.816876521806904,3.2142857142857144
plot_10392,1.2779520052344913,4.4728320183207195,1.2779520052344913,1.916928007851737,6.389760026172457,1.916928007851737,1.2779520052344913,0.9854084893145382,0.0,0.0,0.0,0.0,1.8402508875376675,1.0607001643446279,1.9500653572128852,4.85101640909518,9.6
plot_11747,7.1691782687868315,0.0,0.0,0.0,7.1691782687868315,7.1691782687868315,3.5845891343934158,0.999998241655549,0.0,0.0,0.0,10.409107722267336,0.0,6.193384253077603,6.374299042730666,22.976791018075605,21.875
plot_10934,67.84605729599538,0.0,0.0,0.0,0.0,0.0,16.961514323998845,0.0,0.0,0.0,0.0,0.0,0.0,0.0,0.0,0.0,0.0
plot_9644,0.0,0.0,0.0,0.0,0.0,0.0,0.0,0.0,0.0,0.0,0.0,0.0,0.0,0.0,0.0,0.0,0.0
plot_10935,0.0,0.0,0.0,0.0,0.0,0.0,0.0,0.0,0.0,0.0,0.0,0.0,0.0,0.0,0.0,0.0,0.0
plot_7473,7.42430081647061,12.823792319358326,2.699745751443858,2.699745751443858,6.074427940748681,3.3746821893048224,6.074427940748681,0.0,0.0,0.0,0.0,1.0120746091614246,5.661684250766501,2.299206906841144,1.2652968913420715,12.293444111397779,11.799999999999999
plot_19429,0.0,4.290538076380159,34.32430461104127,42.90538076380159,8.581076152760318,8.581076152760318,30.033766534661112,0.0,0.0,0.0,0.0,0.0,0.0,0.0,16.60627858253258,16.60627858253258,2.3333333333333335
plot_9645,0.0,0.0,0.0,0.0,0.0,0.0,0.0,0.0,0.0,0.0,0.0,0.0,0.0,0.0,0.0,0.0,0.0
plot_9693,4.851425106124924,63.06852637962401,0.0,0.0,4.851425106124924,0.0,9.702850212249848,0.0,0.0,0.0,0.0,7.305878084542365,40.565826863946995,0.0,7.528339869175754,55.40004481766511,3.5
plot_9642,15.669349856289678,2.2384785508985257,4.476957101797051,31.338699712579356,22.384785508985257,26.861742610782304,22.384785508985257,0.0,0.0,0.0,0.0,0.0,0.0,4.011551549541501,3.1002927929944577,7.111844342535958,21.75
plot_11746,2.1611388337198174,0.0,0.0,2.1611388337198174,6.483416501159452,0.0,2.1611388337198174,0.0,0.0,0.0,0.0,3.4118535123173306,0.0,0.0,0.0,3.4118535123173306,4.5
plot_9643,0.0,1.8873657847006353,0.0,3.7747315694012706,0.0,0.0,5.662097354101906,0.0,0.0,0.0,0.0,0.0,0.0,0.0,2.6140016118103797,2.6140016118103797,3.5
plot_11490,0.0,0.9272163019461342,0.0,0.0,0.0,0.0,0.0,0.795559150573223,0.0,0.0,0.0,0.0,0.0,0.0,0.0,0.0,0.0
plot_11757,0.0,0.0,0.0,1.1084827752861548,4.433931101144619,1.1084827752861548,2.2169655505723096,0.9759066903895127,0.0,0.0,0.0,0.0,0.0,1.840081406975017,0.0,1.840081406975017,35.0
plot_11489,2.461756611047379,2.461756611047379,14.770539666284275,34.464592554663305,2.461756611047379,4.923513222094758,12.308783055236896,0.031529851687004964,0.0,0.0,0.0,0.0,0.0,0.0,20.235664985859977,22.697421596907358,2.7142857142857144
plot_11487,2.814071483043812,0.0,0.0,0.0,0.0,0.0,8.442214449131436,0.14352486320960342,0.0,0.0,0.0,4.567791418433597,0.0,0.0,0.0,4.567791418433597,5.0
plot_11756,0.0,0.0,4.643538748009083,0.0,0.0,0.0,4.643538748009083,0.0,0.0,0.0,0.0,0.0,0.0,0.0,0.0,0.0,0.0
plot_11491,0.0,0.0,0.0,1.9741153988897575,0.0,5.922346196669272,0.0,0.0,0.0,0.0,0.0,0.0,0.0,0.0,0.0,0.0,0.0
plot_11488,10.359924496870267,8.287939597496214,62.1595469812216,18.647864094366483,0.0,18.647864094366483,26.935803691862695,0.04874726761029716,0.0,0.0,0.0,3.055583252364185,0.0,0.0,13.770462705030893,18.898030856769132,2.5
plot_10753,6.412949026674661,3.2064745133373305,0.0,9.619423540011992,0.0,16.032372566686654,0.0,0.0,0.0,0.0,0.0,0.0,0.0,0.0,3.2064745133373305,3.2064745133373305,0.0
plot_10347,19.728016413709653,16.44001367809138,19.728016413709653,23.01601914932793,9.864008206854827,16.44001367809138,13.152010942473103,0.0,0.0,0.0,0.0,9.629417820416347,0.0,0.0,18.39012701632989,28.01954483674624,3.4166666666666665
plot_18334,0.0,5.519190224410275,0.0,0.0,0.0,5.519190224410275,0.0,0.0,0.0,0.0,0.0,7.644078460808231,0.0,0.0,7.9476339231507955,15.591712383959027,3.75
plot_7471,7.083986962315551,11.01953527471308,0.7871096624795056,0.0,7.871096624795057,0.7871096624795056,3.1484386499180226,0.0,0.0,0.0,0.0,3.468434576858626,2.782672418268357,0.0,2.051333686209619,8.302440681336602,2.3625
plot_7531,15.133515439969129,45.400546319907384,7.566757719984564,22.700273159953692,52.96730403989195,7.566757719984564,0.0,0.0,0.0,0.0,0.0,0.0,0.0,25.121635630348756,40.671322744917035,76.68908949204355,12.214285714285714
plot_7472,0.0,19.227811105983694,0.0,0.0,0.0,38.45562221196739,0.0,0.0,0.0,0.0,0.0,0.0,0.0,0.0,0.0,0.0,0.0
plot_9698,5.775795182601764,12.835100405781699,3.8505301217345096,10.909835344914445,5.1340401623126795,2.5670200811563397,6.417550202890849,0.42833045511449097,0.0,0.0,0.0,0.0,0.6417550202890849,2.130626667359762,9.235439913825408,14.704442526505439,10.53125
plot_11948,17.77619767131811,0.0,0.0,0.0,17.77619767131811,17.77619767131811,0.0,0.0,0.0,0.0,0.0,0.0,0.0,0.0,0.0,0.0,0.0
plot_15727,6.916538134333004,13.833076268666009,0.0,0.0,0.0,0.0,20.74961440299901,0.0,0.0,0.0,0.0,6.916538134333004,0.0,0.0,36.008679949671965,42.92521808400497,3.15
plot_15229,9.354143183869715,4.677071591934857,0.0,14.031214775804571,4.677071591934857,32.739501143544,0.0,0.0,0.0,0.0,0.0,0.0,0.0,0.0,12.955488309659554,12.955488309659554,3.5
plot_15695,9.354143183869715,4.677071591934857,0.0,14.031214775804571,4.677071591934857,32.739501143544,0.0,0.0,0.0,0.0,0.0,0.0,0.0,0.0,12.955488309659554,12.955488309659554,3.5
plot_9360,7.575671488581568,7.575671488581568,0.0,3.787835744290784,7.575671488581568,0.0,15.151342977163136,0.0,0.0,0.0,0.0,5.69111209375852,0.0,10.075643079813485,16.8658432961497,32.63259846972171,8.066666666666666
plot_15069,0.0,0.0,0.0,2.177249915631566,0.0,2.177249915631566,0.0,0.0,0.0,0.0,0.0,0.0,0.0,0.0,3.0154911331497187,3.0154911331497187,3.5
plot_19467,3.712434800363819,9.899826134303517,1.2374782667879396,3.712434800363819,8.662347867515576,1.2374782667879396,4.949913067151758,0.6378730012228753,0.0,0.0,0.0,1.7139073995012963,2.964997927223903,0.0,6.946749369730979,11.625654696456177,2.585714285714286
plot_9692,2.445655995250536,6.725553986938974,0.611413998812634,6.11413998812634,1.834241996437902,0.611413998812634,4.279897991688438,0.18145649243283832,0.0,0.0,0.0,0.9518634050342116,1.458222387168132,0.0,3.4421477359813717,6.463647526996349,1.4333333333333333
plot_8103,0.0,0.0,0.0,0.0,0.0,28.920262017573876,0.0,0.0,0.0,0.0,0.6214103933187501,0.0,0.0,0.0,0.0,0.0,0.0
plot_9624,0.0,25.195474892709267,8.39849163090309,8.39849163090309,25.195474892709267,8.39849163090309,0.0,0.0,0.0,0.0,0.0,0.0,0.0,0.0,0.0,0.0,0.0
plot_11905,0.0,0.0,0.0,9.187545363505231,4.593772681752616,4.593772681752616,0.0,0.0,0.0,0.0,0.0,0.0,0.0,7.625662651709343,0.0,13.735380318440322,19.0
plot_11947,0.0,0.0,4.3279925904766845,4.3279925904766845,8.655985180953369,0.0,0.0,0.0,0.0,0.0,0.0,0.0,0.0,7.603598588605326,5.9942697378102086,13.597868326415535,26.75
plot_9302,0.0,0.0,0.0,0.0,0.0,5.242780036542177,0.0,0.0,0.0,0.0,0.0,0.0,0.0,0.0,4.093827602287159,4.093827602287159,3.5
plot_11892,0.0,0.0,0.0,2.8208943645582836,0.0,1.4104471822791418,0.0,0.0,0.0,0.0,0.0,0.0,0.0,0.0,0.0,0.0,0.0
plot_11876,11.764678200757174,7.0588069204543045,35.29403460227152,37.64697024242296,39.999905882574396,11.764678200757174,30.588163321968654,0.0,0.0,0.0,0.0,0.0,2.352935640151435,20.708647236910046,27.3914715362131,52.80599005342602,22.17142857142857
plot_7913,0.0,2.6257470250286206,18.380229175200345,19.693102687714653,0.0,9.190114587600172,13.128735125143102,0.011051301792724257,0.0,0.0,0.0,3.691593430429227,0.0,0.0,13.752643817308073,17.4442372477373,8.633333333333333
plot_10125,0.0,210.1134612690853,0.0,0.0,0.0,0.0,0.0,0.0,0.0,0.0,0.0,0.0,0.0,0.0,96.52882764005747,96.52882764005747,3.0
plot_11181,0.0,0.0,0.0,0.0,0.0,0.0,0.0,0.0,0.0,0.0,0.0,0.0,0.0,0.0,26.808354412053713,26.808354412053713,3.0
plot_16933,18.264284192262032,18.264284192262032,0.0,0.0,12.176189461508022,6.088094730754011,0.0,0.0,0.0,0.0,0.0,0.0,8.432011202094305,0.0,17.19886761438008,25.630878816474386,3.6666666666666665
plot_11016,30.924328168970533,0.0,0.0,0.0,0.0,0.0,0.0,0.0,0.0,0.0,0.0,0.0,0.0,0.0,0.0,0.0,0.0
plot_8015,3.9517257186213217,7.903451437242643,0.0,0.0,7.903451437242643,7.903451437242643,7.903451437242643,0.0,0.0,0.0,0.0,0.0,5.473140120290531,0.0,3.9517257186213217,9.424865838911852,1.75
plot_9080,3.195214846246262,0.0,0.0,0.0,0.0,0.0,0.0,0.0,0.0,0.0,0.0,0.0,0.0,0.0,0.0,4.425372562051073,3.5
plot_9070,1.9000570017100513,7.600228006840205,0.0,0.0,7.600228006840205,0.0,7.600228006840205,0.0,0.0,0.0,0.0,0.0,2.92382415797054,0.0,5.558227280993245,8.482051438963786,3.6666666666666665
plot_9081,0.0,36.25114795301852,0.0,12.083715984339504,0.0,0.0,0.0,0.0,0.0,0.0,0.0,0.0,20.08322241017584,0.0,20.055670762026168,40.13889317220201,5.0
plot_11179,16.62793742907145,6.235476535901795,0.0,6.235476535901795,0.0,8.313968714535726,12.47095307180359,0.0,0.0,0.0,0.0,3.079997873363243,2.878711667407995,3.5888631617745883,6.639600002392355,16.18717270493818,12.0
plot_9068,7.877023902829031,3.9385119514145157,3.9385119514145157,0.0,3.9385119514145157,11.815535854243548,0.0,0.0,0.0,0.0,0.0,6.3922484437193585,0.0,0.0,9.918007135855113,16.31025557957447,3.0
plot_9463,0.0,0.0,0.0,0.0,188.07598269700958,0.0,0.0,0.0,0.0,0.0,0.3538292493977934,0.0,0.0,312.2061312770359,0.0,312.2061312770359,36.0
plot_11003,0.0,0.0,0.0,0.0,0.0,0.0,0.0,0.0,0.0,0.0,0.0,0.0,0.0,0.0,0.0,0.0,0.0
plot_8039,0.0,0.0,0.0,0.0,0.0,0.0,0.0,0.0,0.0,0.0,0.0,0.0,0.0,0.0,0.0,0.0,0.0
plot_8087,0.0,0.0,0.0,21.801691811284556,0.0,0.0,29.068922415046075,0.0,0.0,0.0,0.0,0.0,0.0,0.0,0.0,0.0,0.0
plot_8699,0.0,0.0,14.522640797002527,0.0,0.0,0.0,0.0,0.0,0.0,0.0,0.0,0.0,0.0,0.0,41.549659273855845,41.549659273855845,25.0
plot_12567,0.0,0.0,0.0,0.0,0.0,3.88905309335283,3.88905309335283,0.0,0.0,0.0,0.0,0.0,0.0,0.0,21.875475457933163,21.875475457933163,3.5
plot_11182,0.0,8.260912665631299,0.0,2.753637555210433,2.753637555210433,0.0,2.753637555210433,0.0,0.0,0.0,0.0,3.960837765893809,0.0,0.0,0.0,3.960837765893809,3.5
plot_11015,0.0,0.0,30.326924243343242,0.0,0.0,0.0,30.326924243343242,0.0,0.0,0.0,0.0,0.0,0.0,0.0,0.0,0.0,0.0
plot_9459,3.7054054454638425,0.0,3.7054054454638425,3.7054054454638425,7.410810890927685,18.527027227319213,3.7054054454638425,0.0,0.0,0.0,0.0,0.0,0.0,0.0,3.7054054454638425,3.7054054454638425,0.0
plot_8701,0.0,0.0,0.0,7.567244425778575,1.8918111064446437,9.459055532223218,0.0,0.0,0.0,0.0,0.002634132866406751,0.0,0.0,0.0,2.9323072149891978,2.9323072149891978,5.0
plot_8921,8.284066151029572,11.045421534706096,5.522710767353048,5.522710767353048,5.522710767353048,11.045421534706096,13.806776918382619,0.0,0.0,0.0,0.0,0.0,0.0,2.761355383676524,5.522710767353048,8.284066151029572,0.0
plot_16183,0.39444044087396957,0.39444044087396957,1.1833213226219088,1.5777617634958783,2.3666426452438176,0.39444044087396957,0.39444044087396957,0.0,0.0,0.0,0.9478234539685034,0.0,0.0,0.0,2.012114987983253,2.5801092228417692,2.5
plot_9460,0.0,0.0,49.32334535589876,12.33083633897469,6.165418169487345,12.33083633897469,9.248127254231019,0.0,0.0,0.0,0.0,0.0,0.0,0.0,14.877855312734162,24.12598256696518,1.8333333333333333
plot_8038,0.720581538124528,0.720581538124528,0.0,22.338027681860368,0.0,2.882326152498112,1.441163076249056,0.0,0.0,0.0,0.38476006624315107,0.0,0.720581538124528,0.0,3.5169267973901897,4.237508335514717,1.4
plot_12535,2.2265714584711023,0.0,8.906285833884409,0.0,0.0,15.586000209297717,6.679714375413307,0.0,0.0,0.0,0.0008066349632259946,0.0,0.0,0.0,3.2062629001983876,3.2062629001983876,4.0
plot_9458,0.0,0.0,0.0,5.945232518043781,0.0,23.780930072175124,0.0,0.0,0.0,0.0,0.0,25.761211472089258,0.0,0.0,25.06916503381378,50.83037650590303,3.533333333333333
plot_8088,35.5595291918335,0.0,0.0,0.0,5.0799327416905,0.0,25.3996637084525,0.0,0.0,0.0,0.0,0.0,0.0,8.982463176367448,19.732131293306033,28.714594469673482,13.525
plot_7968,2.545572104602649,10.182288418410597,0.0,0.0,7.636716313807947,7.636716313807947,5.091144209205298,0.0,0.0,0.0,0.0,0.0,3.3856108991215232,4.225649693640397,2.545572104602649,10.15683269736457,12.666666666666666
plot_11326,5.195722880924423,14.288237922542164,2.5978614404622116,6.4946536011555285,7.793584321386635,5.195722880924423,7.793584321386635,0.0,0.0,0.0,0.0,3.8030806864717603,11.950162626126172,4.417512325179711,9.430922612398888,29.601678250176537,9.7625
plot_8624,0.0,3.757364434291211,0.0,3.757364434291211,0.0,0.0,0.0,0.0022987941359300266,0.0,0.0,0.0,0.0,0.0,0.0,7.140368474810656,7.140368474810656,4.3
plot_7407,5.5179923336693175,3.678661555779545,0.9196653889448863,9.196653889448863,7.35732311155909,4.598326944724431,3.678661555779545,0.0,0.0,0.0,0.0,3.9975806160301057,2.63476692794796,0.0,2.958809874691321,9.591157418669388,3.7857142857142856
plot_12571,0.0,10.848810970317654,0.0,0.0,10.848810970317654,10.848810970317654,0.0,0.0,0.0,0.0,0.0,0.0,0.0,36.01805242145461,0.0,36.01805242145461,36.0
plot_17644,6.895088575368622,15.911742866235281,0.5303914288745094,3.7127400021215657,10.077437148615678,1.5911742866235281,11.138220006364698,0.3776969333588458,0.0,0.0,0.0,1.5593257898918527,6.5703242466392995,4.117193466736548,8.418883907043197,21.547017413493222,6.024137931034482
plot_11180,0.0,6.623788674646124,0.0,0.0,0.0,0.0,13.247577349292248,0.0,0.0,0.0,0.0,9.8041169016248,10.88794390018455,0.0,8.809638937279345,29.501699739088696,4.0
plot_19991,0.0,0.0,3.702072049726232,0.0,3.702072049726232,3.702072049726232,29.616576397809855,0.0,0.0,0.0,0.0,0.0,0.0,0.0,15.826901372493099,15.826901372493099,2.6666666666666665
plot_9141,0.0,15.931050413809032,0.0,0.0,0.0,7.965525206904516,0.0,0.0,0.0,0.0,0.0,0.0,13.184038023571542,0.0,21.188297050366014,34.37233507393755,13.333333333333334
plot_8625,4.073419309636895,28.513935167458264,16.29367723854758,8.14683861927379,8.14683861927379,0.0,8.14683861927379,0.0,0.0,0.0,0.0,0.0,10.608053447371015,0.0,0.0,10.608053447371015,2.0
plot_9448,0.0,0.0,0.0,0.0,7.582363422678848,0.0,2.5274544742262828,0.16776876189295004,0.0,0.0,0.0,0.0,0.0,0.0,0.0,0.0,0.0
plot_10627,0.0,30.323797509809754,12.129519003923901,0.0,0.0,6.064759501961951,6.064759501961951,0.0,0.0,0.0,0.0,0.0,15.088457683938069,0.0,10.629226500467976,25.717684184406043,2.5
plot_11331,23.821008938833604,29.776261173542004,0.0,0.0,17.8657567041252,0.0,11.910504469416802,0.408551567510541,0.0,0.0,0.0,8.248024345071135,17.438876907713247,0.0,0.0,25.686901252784384,3.3333333333333335
plot_9067,11.815582390056006,29.538955975140013,35.44674717016802,0.0,5.907791195028003,5.907791195028003,5.907791195028003,0.0,0.0,0.0,0.0,17.160010165865213,8.507219320840324,0.0,0.0,25.667229486705537,3.766666666666667
plot_19989,31.376844459277137,25.671963648499474,37.0817252700548,2.8524404053888306,5.704880810777661,22.819523243110645,54.19636770238778,0.0,0.0,0.0,0.0,0.0,25.24642111648328,0.0,7.215472341501902,45.75426574709713,4.75
plot_9142,6.099160145647945,18.297480436943832,6.099160145647945,6.099160145647945,0.0,0.0,12.19832029129589,0.0,0.0,0.0,0.0,0.0,6.099160145647945,0.0,0.0,6.099160145647945,0.0
plot_18238,0.0,26.401943183018272,19.801457387263703,0.0,13.200971591509136,6.600485795754568,33.00242897877284,0.0,0.0,0.0,0.0,0.0,10.903823137261805,11.339714394668182,17.92031893547365,40.16385646740363,13.375
plot_11939,0.0,4.498810064737877,0.0,0.0,0.0,1.1247025161844693,3.3741075485534076,0.0,0.0,0.0,0.0,0.0,0.0,0.0,0.0,0.0,0.0
plot_10624,6.987070426176361,15.720908458896814,1.7467676065440902,1.7467676065440902,5.240302819632271,5.240302819632271,12.227373245808632,0.0,0.0,0.0,0.0,5.122612907074846,7.833398010996534,0.0,0.0,12.956010918071378,3.9200000000000004
plot_12117,6.869830452584431,27.479321810337723,0.0,0.0,0.0,0.0,6.869830452584431,0.0,0.0,0.0,0.0,0.0,6.869830452584431,0.0,0.0,6.869830452584431,0.0
plot_11937,1.3213158191453376,0.44043860638177923,2.642631638290675,2.2021930319088963,1.761754425527117,4.4043860638177925,5.28526327658135,0.0,0.0,0.0,0.0,0.0,1.0504460762205434,1.1715666929755328,1.3079762944954307,3.5299890636915072,7.833333333333333
plot_19357,66.97425212085132,0.0,0.0,0.0,52.09108498288436,0.0,22.32475070695044,0.0,0.0,0.0,0.0,43.535991206530426,17.748176812025598,0.0,11.271654821720148,72.55582284027616,3.2142857142857144
plot_7477,0.9279485099930777,0.0,0.0,0.0,0.0,0.0,1.8558970199861553,0.009558685431989582,0.0,0.0,0.0,0.0,0.0,0.0,0.0,0.0,0.0
plot_10626,2.907441596766925,5.81488319353385,0.0,0.0,2.907441596766925,2.907441596766925,0.0,0.0,0.0,0.0,0.0,0.0,5.18498921047466,4.826353050633096,4.026806611522191,14.038148872629947,14.166666666666666
plot_11938,0.0,0.0,0.0,0.0,7.024395726357641,0.0,0.0,0.0,0.0,0.0,0.0,0.0,0.0,0.0,0.0,0.0,0.0
plot_11725,6.055211417706649,21.19323996197327,3.0276057088533244,6.055211417706649,6.055211417706649,12.110422835413297,3.0276057088533244,0.0,0.0,0.0,0.0,0.0,12.115028347936237,0.0,0.0,12.115028347936237,2.8333333333333335
plot_10625,0.0,0.0,0.0,0.0,5.662963088806587,0.0,0.0,0.0,0.0,0.0,0.0,0.0,0.0,0.0,0.0,0.0,0.0
plot_10623,14.76814019887762,24.613566998129368,0.0,0.0,4.922713399625874,0.0,19.690853598503494,0.0,0.0,0.0,0.0,7.6622194939474015,7.0887072954612576,0.0,29.858034344107878,44.60896113351654,4.083333333333333
plot_10622,3.6434518062412327,3.6434518062412327,0.0,7.286903612482465,7.286903612482465,0.0,3.6434518062412327,0.0,0.0,0.0,0.0,5.244562871474758,0.0,0.0,7.438584571626866,12.683147443101625,4.25
plot_12017,0.6285477592586656,0.6285477592586656,0.0,6.914025351845321,0.6285477592586656,5.6569298333279905,0.0,0.0,0.0,0.0,0.0,0.0,0.0,0.0,3.5109313479750806,4.450610248066786,3.1
plot_16788,1.871299505228411,0.0,0.0,0.0,5.613898515685233,1.871299505228411,3.742599010456822,0.0,0.0,0.0,0.0,2.6685010966674825,2.4888283419537864,0.0,0.0,5.157329438621269,3.25
plot_9315,0.0,0.0,0.0,0.0,0.0,10.61334522027998,0.0,0.0,0.0,0.0,0.0,0.0,0.0,0.0,0.0,0.0,0.0
plot_9253,0.0,0.0,0.0,0.0,0.0,73.83888355608063,0.0,0.0,0.0,0.0,0.0,0.0,0.0,0.0,0.0,0.0,0.0
plot_9449,0.0,0.0,0.0,4.357906113270696,4.357906113270696,4.357906113270696,0.0,0.8097944944776525,0.0,0.0,0.0,0.0,0.0,0.0,7.4838206805726974,7.4838206805726974,5.0
plot_8702,63.082638256115516,42.05509217074368,0.0,14.018364056914558,0.0,21.02754608537184,7.009182028457279,0.0,0.0,0.0,0.0,20.831431673986216,9.707717109413332,0.0,35.93673521816923,66.47588400156879,3.85
plot_8623,33.41815769409761,65.59860584396938,4.95083817690335,9.9016763538067,14.85251453071005,3.7131286326775124,13.614804986484211,0.02859397195666868,0.8394655899287677,0.0,0.0,0.0,2.475419088451675,8.355006863194472,2.8838632380462013,13.714289189692348,21.0
plot_11330,8.615713337985818,14.359522229976363,2.8719044459952725,2.8719044459952725,2.8719044459952725,0.0,5.743808891990545,0.0,0.17751805372119642,0.0,0.0,16.93971787191527,6.6915373591689855,0.0,0.0,23.631255231084253,3.0833333333333335
plot_18849,0.0,0.0,0.0,0.3863871181625902,3.4774840634633115,0.7727742363251804,0.0,0.0,0.0,0.0,0.989242751073574,0.0,0.0,0.0,0.5776487416530723,0.5776487416530723,4.5
plot_9105,0.0,0.0,0.0,2.587663572683588,5.175327145367176,5.175327145367176,0.0,0.0,0.0,0.0,0.13173973264098227,0.0,2.587663572683588,0.0,3.8710180827328458,6.4586816554164335,1.5
plot_6262,0.0,0.0,0.0,0.0,0.0,0.0,0.0,0.0,0.0,0.0,0.0,0.0,0.0,0.0,0.0,0.0,0.0
plot_6170,0.0,0.0,0.0,0.0,4.798844438259267,0.0,0.0,0.0,0.0,0.0,0.657885972449665,0.0,0.0,0.0,0.0,0.0,0.0
plot_6760,0.0,0.0,0.0,0.8356131645840401,0.0,0.0,0.0,0.0,0.0,0.0,1.1336419288488582,0.0,0.8356131645840401,0.0,0.0,0.8356131645840401,0.0
plot_7693,0.0,8.802971883307805,0.0,4.4014859416539025,0.0,8.802971883307805,0.0,0.0,0.0,0.0,0.0,6.0960580291906545,0.0,0.0,6.714936548775358,12.810994577966012,3.75
plot_9251,1.175517727395088,9.110262387311932,0.0,1.7632765910926322,1.7632765910926322,0.587758863697544,1.7632765910926322,0.9815424433647393,0.0,0.0,0.0,1.265072093469495,3.138298258921029,0.5062079214945346,1.1079254580698705,6.427507098926088,4.088235294117647
plot_9250,8.065579806065504,7.116688064175445,0.9488917418900593,1.423337612835089,11.386700902680712,4.270012838505267,3.7955669675602373,0.0,0.0,0.0,0.9869127770682994,0.0,0.7732034096068864,0.7875801457687494,0.0,1.5607835553756357,22.5
plot_16761,0.0,0.0,0.0,0.0,19.109314835516575,0.0,9.554657417758287,0.0,0.0,0.0,0.9999987103374468,15.621547428372171,0.0,0.0,0.0,15.621547428372171,5.0
plot_19703,0.0,0.0,0.0,0.0,0.0,0.0,2.8428716415025144,0.0,0.0,0.0,0.9853377890776126,0.0,0.0,0.0,0.0,0.0,0.0
plot_15700,0.0,21.767759771003167,0.0,32.65163965650475,10.883879885501583,0.0,0.0,0.0,0.0,0.0,0.0,0.0,0.0,0.0,39.42716344046448,39.42716344046448,3.9
plot_15070,0.0,21.767759771003167,0.0,32.65163965650475,10.883879885501583,0.0,0.0,0.0,0.0,0.0,0.0,0.0,0.0,0.0,39.42716344046448,39.42716344046448,3.9
plot_15379,6.916538134333004,13.833076268666009,0.0,0.0,0.0,0.0,20.74961440299901,0.0,0.0,0.0,0.0,6.916538134333004,0.0,0.0,36.008679949671965,42.92521808400497,3.15
plot_15737,0.0,0.0,9.32755770959955,31.713696212638467,0.0,1.8655115419199098,13.058580793439369,0.0,0.0,0.0,0.0,0.0,2.5837334855590752,6.489342693310312,11.99523921454502,21.068315393414405,17.5625
plot_15758,0.0,0.0,9.32755770959955,31.713696212638467,0.0,1.8655115419199098,13.058580793439369,0.0,0.0,0.0,0.0,0.0,2.5837334855590752,6.489342693310312,11.99523921454502,21.068315393414405,17.5625
plot_15247,0.0,0.0,0.0,2.630021697679006,0.0,0.0,0.0,0.8063864793435852,0.0,0.0,0.0,0.0,0.0,0.0,0.0,3.9855744265220534,4.0
plot_9316,0.0,0.0,0.0,0.0,0.0,3.608128391640688,0.0,0.006681559941804936,0.0,0.0,0.006509167428183321,0.0,0.0,0.0,0.0,0.0,0.0
plot_9252,0.0,0.0,1.0103020500038895,1.0103020500038895,2.020604100007779,0.0,0.0,0.0,0.0,0.0,0.9124979164623503,0.0,1.0103020500038895,1.6771014030064568,0.0,2.6874034530103463,18.5
plot_19509,0.0,0.0,0.0,5.325352405195414,2.662676202597707,5.325352405195414,0.0,0.17082897932329244,0.0,0.0,0.0,0.0,0.0,0.0,3.9962163904437604,3.9962163904437604,3.0
plot_9317,0.0,0.0,22.180633534345322,24.95321272613849,5.5451583835863305,11.090316767172661,13.862895958965828,0.0,0.0,0.0,0.0,0.0,3.9620156650724336,0.0,25.112292084209734,29.074307749282166,2.2125
plot_18848,0.0,0.0,0.0,7.631315867795083,30.52526347118033,15.262631735590166,0.0,0.0,0.0,0.0,7.313769752419982e-05,0.0,0.0,12.667984340539839,11.828539595082379,24.496523935622214,23.5
plot_7813,2.5749749951535295,0.3678535707362185,0.0,0.3678535707362185,1.1035607122086555,1.8392678536810922,4.414242848834622,0.0,0.0,0.0,0.9710418999177515,1.6434440151047176,0.0,1.831910782266368,0.7003634716291145,4.175718269000201,18.82857142857143
plot_7286,8.995070701255711,17.990141402511423,0.0,8.995070701255711,8.995070701255711,8.995070701255711,8.995070701255711,0.9999960096920323,0.0,0.0,0.0,13.464892291853445,0.0,0.0,0.0,13.464892291853445,4.0
plot_7485,33.338148843721875,11.112716281240624,0.0,22.22543256248125,0.0,0.0,11.112716281240624,0.9999955225986433,0.0,0.0,0.0,0.0,0.0,0.0,0.0,0.0,0.0
plot_9237,4.027923174615706,3.625130857154135,1.2083769523847119,6.444677079385129,2.819546222230994,2.819546222230994,8.458638666692982,0.9809598576547089,0.0,0.0,0.0,0.608313203379748,0.0,1.3581660503375907,3.950351448127856,6.503080732924743,10.05
plot_7814,4.788744534845299,7.183116802267949,47.88744534845299,19.154978139381196,2.3943722674226495,16.760605871958546,26.338094941649146,1.0000008785173158,0.0,0.0,0.0,0.0,0.0,0.0,19.33311052192023,19.33311052192023,3.96
plot_6761,0.0,1.9302634423546123,0.0,17.37237098119151,0.0,3.8605268847092247,1.9302634423546123,0.0,0.0,0.0,0.0,0.0,0.0,0.0,0.0,0.0,0.0
plot_19618,8.469300901557082,16.938601803114164,4.234650450778541,0.0,4.234650450778541,4.234650450778541,12.703951352335624,0.0,0.0,0.0,0.0,11.96468835537209,0.0,0.0,15.88044805210652,27.84513640747861,2.7
plot_7652,3.4774837275495827,1.7387418637747913,1.7387418637747913,2.608112795662187,6.954967455099165,0.8693709318873957,5.216225591324374,0.0,0.0,0.0,0.0,0.0,1.4424202480863335,0.0,4.854903910891472,6.297324158977805,10.4
plot_6763,0.0,0.0,0.0,6.097226371723504,0.0,12.194452743447007,0.0,0.0,0.0,0.0,0.0,0.0,0.0,0.0,10.105709920326117,10.105709920326117,4.0
plot_16869,0.0,3.8880400001555224,0.0,3.8880400001555224,0.0,0.0,0.0,0.0,0.0,0.0,0.0,0.0,0.0,0.0,10.513260160420533,10.513260160420533,3.2
plot_7694,0.0,0.0,0.0,0.0,0.0,0.0,0.0,0.0,0.0,0.0,0.0,0.0,0.0,0.0,0.0,0.0,0.0
plot_16947,0.0,0.0,29.778743932580923,0.0,0.0,0.0,0.0,0.0,0.0,0.0,0.0,42.31478241272111,0.0,0.0,0.0,42.31478241272111,3.5
plot_6762,0.0,0.0,0.0,4.997959166673608,0.0,6.663945555564811,0.0,0.0,0.0,0.0,0.0,0.0,0.0,0.0,1.6659863888912028,1.6659863888912028,0.0
plot_19848,0.0,0.0,0.0,0.0,6.1967083085465005,24.786833234186002,0.0,0.0,0.0,0.0,0.0,8.241622050366846,0.0,0.0,0.0,8.241622050366846,3.0
plot_6703,8.233230966828312,24.699692900484937,0.0,0.0,0.0,0.0,8.233230966828312,0.0,0.0,0.0,0.0,0.0,0.0,0.0,22.642374514534104,22.642374514534104,3.25
plot_9461,0.0,0.0,0.0,47.10648420755117,0.0,0.0,0.0,0.0,0.0,0.0,0.0,0.0,0.0,0.0,0.0,0.0,0.0
plot_12256,0.0,0.0,0.0,0.0,0.0,0.0,0.0,0.0,0.0,0.0,0.0,0.0,0.0,0.0,0.0,0.0,0.0
plot_12184,0.0,0.0,0.0,0.0,0.0,0.0,0.0,0.0,0.0,0.0,0.0,0.0,0.0,0.0,0.0,0.0,0.0
plot_9457,0.0,0.0,0.0,24.114011044217058,0.0,0.0,0.0,0.0,0.0,0.0,0.04262008045672232,0.0,64.3040294512455,2.679334560468562,10.717338241874248,77.7007022535883,0.0
plot_8868,4.902177056830938,39.217416454647505,0.0,4.902177056830938,9.804354113661876,4.902177056830938,24.510885284154693,0.0,0.0,0.0,0.0,0.0,0.0,16.589666420914302,4.902177056830938,29.6294573920846,27.5
plot_8708,0.7081771802650848,1.4163543605301696,0.0,14.163543605301697,0.0,6.373594622385763,2.1245315407952545,0.0,0.0,0.0,0.0,0.9808253946671425,0.7081771802650848,0.0,4.682149657043782,6.371152231976009,2.2142857142857144
plot_18990,0.0,0.0,0.0,0.0,2.2656419923149422,2.2656419923149422,0.0,0.0,0.0,0.0,0.8788289518206148,0.0,0.0,0.0,0.0,0.0,0.0
plot_7969,0.0,0.0,19.383601473153714,9.691800736576857,0.0,0.0,9.691800736576857,0.0,0.0,0.0,0.0,0.0,0.0,0.0,13.956193060670673,13.956193060670673,4.0
plot_8707,0.0,0.0,0.0,4.882669453043368,0.0,0.0,0.0,0.0,0.0,0.0,0.0,0.0,0.0,0.0,0.0,0.0,0.0
plot_8637,0.0,4.68911188220951,0.0,32.82378317546657,0.0,0.0,4.68911188220951,0.0,0.0,0.0,0.0,6.494419956860171,0.0,0.0,0.0,6.494419956860171,3.5
plot_8879,0.0,7.566986750206201,0.0,0.0,7.566986750206201,0.0,0.0,0.0,0.0,0.0,0.0,0.0,15.133973500412402,12.561198005342295,39.80421488218876,67.49938638794346,7.783333333333334
plot_8813,0.0,25.660106232839805,0.0,0.0,0.0,19.245079674629853,6.415026558209951,0.0,0.0,0.0,0.0,0.0,0.0,0.0,0.0,0.0,0.0
plot_8709,0.0,8.193900460497206,1.3656500767495343,0.0,2.7313001534990686,6.828250383747672,12.973675729120576,1.000000291732485,0.0,0.0,0.0,0.0,1.5909823394132074,1.220691549126691,5.5128155511266685,8.324489439666568,6.488888888888889
plot_8814,27.93176335170767,39.62412940591088,3.8974553514010704,14.290669621803925,5.846183027101605,18.188124973204996,4.547031243301249,0.0,1.0000000274612988,0.0,0.0,2.01668009806838,15.508963903235005,1.0782959805542962,8.845841293578532,27.449781275436216,3.8870967741935485
plot_12563,0.0,5.207552200503258,0.0,2.0830208802013033,2.0830208802013033,6.24906264060391,17.705677481711078,0.9247797658078352,0.0,0.0,0.0,0.0,0.0,1.8209517882733612,11.639771519636996,15.42543165087442,7.5
plot_8710,24.166555903285442,24.166555903285442,0.0,12.083277951642721,24.166555903285442,12.083277951642721,0.0,0.0,1.0000035883883653,0.0,0.0,0.0,36.24983385492816,20.57329257279282,65.62436763844883,122.44749406616981,5.277777777777778
plot_16639,0.0,0.0,0.0,0.0,26.858616244091102,0.0,0.0,0.0,1.000001139448615,0.0,0.0,0.0,0.0,0.0,0.0,0.0,0.0
plot_8779,39.96103798796174,69.93181647893303,19.98051899398087,14.985389245485651,0.0,24.975648742476086,14.985389245485651,0.0,0.9999988929705971,0.0,0.0,7.591673398574094,0.0,0.0,7.692169850504372,15.283843249078465,3.75
plot_8647,18.56211407952494,16.94801720304451,0.0,4.842290629441289,4.035242191201074,10.491629697122793,9.684581258882577,0.0,1.0000002428618964,0.0,0.0,9.37896773231575,2.354452230981625,2.782235617758567,2.1467488457189714,16.662404426774916,10.178571428571429
plot_6531,3.5937095707673286,8.984273926918322,17.968547853836643,6.288991748842825,1.7968547853836643,8.085846534226489,15.273265675761147,0.0,0.8893075756980234,0.0,0.0,5.365113914783641,8.085846534226489,0.0,10.322840953016764,25.11695035410118,2.0045454545454544
plot_17009,0.0,0.0,0.0,0.0,0.0,0.0,0.0,0.9632956960637833,0.0,0.0,0.0,0.0,0.0,0.0,0.0,0.0,0.0
plot_9668,0.0,0.0,0.0,0.0,0.0,0.0,0.0,0.7418145271355289,0.0,0.0,0.0,0.0,0.0,0.0,0.0,0.0,0.0
plot_9667,0.0,0.28899019600760045,0.0,0.28899019600760045,2.3119215680608036,1.4449509800380023,0.0,0.0,0.0,0.0,0.49171057598018336,0.0,0.0,0.9759777221661241,0.0,0.9759777221661241,39.0
plot_9674,0.0,0.0,0.0,1.4524539208993597,0.0,0.0,0.0,0.0,0.0,0.0,0.9009984342559967,0.0,0.0,0.0,2.011648680445613,2.011648680445613,3.5
plot_9725,39.562104025726676,32.29559512304218,16.14779756152109,19.37735707382531,4.844339268456327,8.073898780760546,40.36949390380273,0.0,0.0,0.0,0.0,0.0,1.5740246147637638,2.5729768119909964,1.2070478677237015,5.354049294478462,14.375
plot_9675,38.07911994922784,44.84874127353501,9.30822932092236,6.769621324307171,6.769621324307171,18.61645864184472,30.46329595938227,0.0,0.0,0.0,0.0,0.0,10.570752845686496,2.8621178117123187,10.455168983925056,25.340285483608366,9.538888888888888
plot_9726,0.0,0.0,0.0,0.0,0.0,12.530857235943511,0.0,0.0,0.0,0.0,0.0,0.0,0.0,0.0,0.0,0.0,0.0
plot_9103,25.040314907000273,10.016125962800109,0.0,2.504031490700027,7.512094472100081,20.032251925600217,10.016125962800109,0.0,0.0,0.0,0.0,4.114206244978483,3.8040201679712764,0.0,4.6333294076967055,12.551555820646465,4.5
plot_9622,0.0,0.0,0.0,0.0,0.0,4.037630718294505,0.0,0.0,0.0,0.0,0.0,0.0,0.0,0.0,4.037630718294505,4.037630718294505,0.0
plot_6416,7.085439775533268,3.542719887766634,60.22623809203278,60.22623809203278,42.51263865319961,10.628159663299902,24.799039214366438,0.0,0.0,0.0,0.0,0.0,0.0,18.38587285508149,61.56719280033695,86.42485335143694,14.860000000000001
plot_8705,0.0,7.482488638308659,0.0,0.9353110797885824,11.223732957462989,3.7412443191543296,4.676555398942912,0.0,0.0,0.0,0.0,0.0,1.2439637361188147,0.0,5.653091843897199,6.897055580016014,3.2399999999999998
plot_16766,1.780848752515449,0.0,0.0,8.904243762577245,0.0,1.780848752515449,0.0,0.0,0.0,0.0,0.0,0.0,0.0,0.0,0.0,0.0,0.0
plot_12562,2.1006152702126455,6.301845810637936,33.60984432340233,12.603691621275871,2.1006152702126455,14.704306891488518,12.603691621275871,0.0,0.0,0.0,0.0,0.0,0.0,0.0,11.52187475711636,11.52187475711636,3.375
plot_8706,3.5524167979580703,3.5524167979580703,0.0,5.3286251969371055,5.3286251969371055,1.7762083989790352,3.5524167979580703,0.0,0.0,0.0,0.0,2.6728669763278883,1.9895908227108507,0.0,5.745300209778965,10.407758008817705,2.95
plot_9641,3.6980197104450565,7.396039420890113,0.0,3.6980197104450565,7.396039420890113,0.0,22.18811826267034,0.0,0.0,0.0,0.0,5.323110583803855,5.325148383040881,0.0,12.227415488791952,22.875674455636688,4.0
plot_7425,0.0,1.8780365503473428,0.0,3.7560731006946857,7.512146201389371,3.7560731006946857,9.390182751736713,0.0,0.0,0.0,0.0,0.0,0.0,0.0,10.739534542899845,10.739534542899845,3.375
plot_17063,5.7681436959957555,26.918003914646857,1.9227145653319184,1.9227145653319184,1.9227145653319184,7.690858261327674,13.459001957323428,0.0,0.0,0.0,0.0,2.5572103718914514,20.922688707918105,3.293678281594783,2.662959672984707,29.436537034389048,6.136363636363637
plot_16662,89.05013192612137,9.894459102902374,0.0,3.298153034300791,0.0,0.0,39.577836411609496,0.0,0.0,0.0,0.9707187385016223,4.910114115864001,75.83865867140224,0.0,19.837882273629525,100.58665506089575,1.9291666666666665
plot_9640,8.97335809980169,16.664807899631707,42.30297389906511,14.100991299688369,5.127633199886679,15.382899599660039,14.100991299688369,0.0,0.9070384190320426,0.0,0.0,1.8256977003443497,3.258817380614324,0.0,5.494064343294875,10.57857942425355,2.433333333333333
plot_9690,0.0,11.4492782661213,5.72463913306065,8.586958699590975,0.0,8.586958699590975,8.586958699590975,0.0,0.0,0.0,0.0,0.0,0.0,0.0,4.279167751962836,4.279167751962836,4.5
plot_9106,6.6690230548127,0.0,0.0,0.0,13.3380461096254,40.01413832887621,6.6690230548127,0.0,0.0,0.0,0.0,0.0,0.0,0.0,15.90561998572829,15.90561998572829,1.75
plot_6529,6.660871708280463,0.0,9.991307562420694,3.3304358541402315,13.321743416560926,3.3304358541402315,16.652179270701158,0.0,0.0008299675472562531,0.0,0.0,0.0,0.0,5.7681331122029675,0.0,5.7681331122029675,41.0
plot_6530,0.0,34.615251479802005,0.0,0.0,0.0,0.0,0.0,0.0,1.0000156151109991,0.0,0.0,0.0,0.0,0.0,0.0,0.0,0.0
plot_9639,0.0,0.0,0.0,0.0,0.0,0.0,0.0,0.0,0.0,0.0,0.0,0.0,0.0,0.0,0.0,0.0,0.0
plot_9633,1.7712532679622792,10.627519607773674,0.0,1.7712532679622792,7.085013071849117,8.856266339811397,5.313759803886837,0.0,0.0,0.0,0.0,2.7563974324825673,4.825229950361196,0.0,5.947265115525246,13.528892498369007,3.56
plot_9631,8.710782424254303,4.355391212127151,0.0,4.355391212127151,15.24386924244503,2.1776956060635757,8.710782424254303,0.0,0.0,0.0,0.0,0.0,0.0,0.0,10.914864589643743,10.914864589643743,3.9333333333333336
plot_9638,75.55549294836743,55.0658677420305,16.647820480148756,15.367218904752697,5.122406301584232,16.647820480148756,35.85684411108963,0.0,0.0,0.0,0.0,0.0,40.783395555081285,1.280601575396058,11.151424849310777,54.49602355518417,0.4333333333333333
plot_12582,0.0,1.7472355821031824,3.494471164206365,0.5824118607010608,1.1648237214021215,2.329647442804243,1.7472355821031824,0.0,0.0,0.0,0.0,1.6518515015600144,0.5824118607010608,0.0,1.696816899800405,3.93108026206148,2.8
plot_9632,16.882714249317786,47.57855833898649,23.021883067251526,24.55667527173496,15.34792204483435,21.487090862768092,38.36980511208588,0.0,0.0,0.0,0.0,7.10448733189887,10.018314212350761,0.0,22.317313728772195,39.440115273021824,2.4894736842105263
plot_12584,0.0,39.2349190779794,0.0,0.0,0.0,0.0,0.0,0.0,0.0,0.0,0.0,0.0,0.0,0.0,0.0,0.0,0.0
plot_12262,0.0,4.338559489785404,0.0,1.084639872446351,0.0,1.084639872446351,1.084639872446351,0.7167464640878244,0.0,0.0,0.0,0.0,6.925425585569951,0.0,4.457423887327825,11.382849472897776,1.2222222222222223
plot_12263,0.0,0.0,2.1547544657286304,0.0,0.0,4.309508931457261,0.0,0.0,0.0,0.0,0.0,0.0,0.0,0.0,0.0,0.0,0.0
plot_7646,0.0,0.0,0.0,0.0,27.178344295265532,27.178344295265532,0.0,0.0,0.0,0.0,0.9999892768111158,0.0,0.0,0.0,0.0,0.0,0.0
plot_6430,11.03277838458059,0.0,11.03277838458059,11.03277838458059,22.06555676916118,0.0,11.03277838458059,0.0,0.0,0.0,0.0,0.0,0.0,0.0,17.03722873329717,17.03722873329717,4.5
plot_7295,0.0,0.0,0.0,24.18789154149433,0.0,0.0,0.0,0.0,0.0,0.0,0.09601805873389646,0.0,0.0,0.0,0.0,0.0,0.0
plot_19486,0.0,0.0,0.0,0.0,0.0,0.0,0.0,0.0,0.0,0.0,0.002605374062059684,0.0,0.0,0.0,34.36958937385327,34.36958937385327,3.0
plot_6429,0.2937766069800734,0.0,0.5875532139601468,0.2937766069800734,1.1751064279202936,0.0,0.2937766069800734,0.0,0.0,0.0,0.9502919987703493,0.0,1.1751064279202936,0.2937766069800734,0.2937766069800734,1.7626596418804406,0.0
plot_6443,1.846993233540289,9.234966167701446,1.846993233540289,3.693986467080578,6.464476317391012,2.7704898503104336,9.234966167701446,0.0,0.0,0.0,0.0,0.0,2.2025394309967945,1.6307300638678086,1.2790428142266501,5.112312309091254,14.25
plot_6563,3.091562815919075,3.091562815919075,0.0,24.7325025273526,0.0,9.274688447757226,3.091562815919075,0.0,0.0,0.0,0.0,0.0,0.0,0.0,0.0,0.0,0.0
plot_6562,9.06947215672048,0.0,22.6736803918012,22.6736803918012,0.0,22.6736803918012,4.53473607836024,0.0,0.0,0.0,0.0,0.0,0.0,0.0,12.31180845274805,12.31180845274805,3.25
plot_6476,0.0,0.5950036354722128,1.1900072709444256,10.71006543849983,0.0,7.140043625666554,0.0,0.0,0.0,0.0,0.0,0.0,0.0,0.0,0.5950036354722128,0.5950036354722128,0.0
plot_12587,0.6626290470069046,2.319201664524166,0.0,0.993943570510357,1.3252580940138092,1.6565726175172615,2.319201664524166,0.0,0.0,0.0,0.7559250726765122,0.48052787233859445,0.9921324234958311,1.158132500881963,2.9109667112768465,5.541759507993235,9.674999999999999
plot_6477,6.363306628656515,6.363306628656515,31.816533143282573,19.089919885969543,0.0,0.0,25.45322651462606,0.0,0.0,0.0,0.0,9.39944031585478,0.0,0.0,6.363306628656515,24.225944760624458,2.3333333333333335
plot_9676,0.0,0.6870930262119119,0.0,2.0612790786357356,0.0,2.7483721048476477,0.0,0.6713602493201615,0.0,0.0,0.0,0.0,0.0,0.0,3.648075129896505,3.648075129896505,2.6
plot_19441,13.62432012849885,78.16057336875656,11.473111687156926,15.775528569840773,7.170694804473079,7.170694804473079,20.79501493297193,0.0,0.0,0.0,0.0,2.2893440052105607,74.94870624010403,1.1903353375425312,27.350717914812044,108.05964401265943,3.738532110091743
plot_9620,1.544158294755112,15.441582947551119,9.264949768530672,6.176633179020448,4.632474884265336,4.632474884265336,30.883165895102238,0.0,0.0,0.0,0.0,0.0,0.0,0.0,18.8001202424786,18.8001202424786,3.075
plot_9104,10.91084656349249,13.638558204365612,12.729320990741238,12.729320990741238,7.273897708994993,16.366269845238733,7.273897708994993,0.0,0.0,0.0,0.0,2.7727444739133613,15.54491041522855,3.0942178995779877,7.175952436346747,28.587825225066645,4.3
plot_7441,22.594981480805565,24.33305697932907,27.80920797637608,5.214226495570514,20.856905982282058,13.90460398818804,27.80920797637608,0.0,0.0,0.0,0.0,5.129779084688827,0.0,3.065826289300934,24.06917133509038,32.264776709080145,6.776923076923077
plot_6514,0.0,0.0,0.0,0.8353709422900691,0.8353709422900691,3.3414837691602766,0.0,0.0,0.0,0.0,0.9346827320344177,0.0,0.0,0.0,0.0,0.0,0.0
plot_6606,0.0,0.0,0.0,2.5802922438995437,15.481753463397263,5.160584487799087,2.5802922438995437,0.0,0.0,0.0,0.9999993338146839,0.0,0.0,0.0,2.688257907529491,7.167929180766404,22.0
plot_9107,59.92057195295569,97.64833947889076,34.39884686188197,33.28920664053094,3.328920664053094,18.863883762967532,52.153090403498474,0.0,0.0,0.0,0.0,6.9541511170917705,16.724318547478056,5.781064864547931,32.72612944392185,63.29530419439063,6.916216216216216
plot_12583,0.0,10.672130797635056,0.0,0.0,0.0,0.0,0.0,0.0,0.0,0.0,0.0,0.0,18.095070738624973,0.0,0.0,18.095070738624973,5.0
plot_9108,33.280739679566985,30.25521789051544,0.0,4.538282683577316,13.614848050731949,24.204174312412352,19.665891628835038,0.0,0.0,0.0,0.0,4.506438206922189,11.401152397070573,2.6643665011498667,7.236910353426479,25.808867458569107,7.790909090909091
plot_16670,0.0,0.0,0.0,24.563385817101025,0.0,0.0,0.0,0.0,0.0,0.0,0.0,0.0,0.0,0.0,0.0,0.0,0.0
plot_9619,18.07405636046898,16.6837443327406,8.3418721663703,15.293432305012214,2.7806240554567663,11.122496221827065,19.464368388197364,0.0,0.8817584373943437,0.0,0.0,1.3903120277283831,7.874279628541689,2.41414967225046,16.401905554429078,28.080646882949612,6.285714285714286
plot_6561,5.943041886559216,23.772167546236865,23.772167546236865,71.3165026387106,5.943041886559216,5.943041886559216,5.943041886559216,0.0,0.0,0.0,0.0,0.0,0.0,9.8654495316883,22.078400608567488,31.94385014025579,10.375
plot_9621,0.0,0.0,0.0,50.90483341393266,0.0,12.726208353483164,0.0,0.0,0.0,0.0,0.0,0.0,0.0,0.0,12.726208353483164,12.726208353483164,0.0
plot_6611,3.3651265208392385,2.771280664220549,0.5938458566186892,0.5938458566186892,1.7815375698560674,1.583588950983171,0.9897430943644819,0.0,0.0,0.0,1.7138257191630377,0.0,0.6700560748847542,1.329307131598686,0.7514006500766508,2.7507638565600914,18.3
plot_18529,0.0,0.8460322778234637,0.8460322778234637,0.0,0.0,2.538096833470391,0.0,0.0,0.0,0.0,0.0,0.0,0.8460322778234637,0.0,0.0,0.8460322778234637,0.0
plot_19081,0.0,0.0,0.0,0.0,0.0,0.0,51.72235440157236,0.0,0.0,0.0,0.0,0.0,0.0,0.0,0.0,0.0,0.0
plot_19739,0.0,0.0,0.0,0.0,0.0,11.614671653232362,0.0,0.0,0.0,0.0,0.0,0.0,0.0,0.0,0.0,0.0,0.0
plot_18531,2.3264741121593167,1.1632370560796583,1.1632370560796583,0.0,0.0,12.795607616876243,2.3264741121593167,0.0,0.0,0.0,0.0,1.7292658814301627,0.0,2.022253052107103,3.352401190286753,7.103920123824018,15.125
plot_18748,0.0,0.0,1.3210790044877054,17.17402705834017,0.0,9.247553031413938,1.3210790044877054,0.0,0.0,0.0,0.0,0.0,0.0,0.0,2.141865286409969,2.141865286409969,3.5
plot_18751,4.865836717117284,4.865836717117284,0.0,0.0,4.865836717117284,4.865836717117284,4.865836717117284,0.0,0.0,0.0,0.0,4.31403763262996,0.0,0.0,0.0,4.31403763262996,4.0
plot_18530,0.0,0.0,0.0,0.0,0.0,8.669530501575688,0.0,0.0,0.0,0.0,0.0,0.0,0.0,0.0,0.0,0.0,0.0
plot_18750,10.772930856636528,5.386465428318264,0.0,0.0,5.386465428318264,0.0,8.079698142477396,0.0,0.0,0.0,0.0,3.644749139228103,2.693232714159132,0.0,3.9335868964017195,10.271568749788955,2.1
plot_18545,0.0,0.0,0.0,0.0,0.0,0.0,0.0,0.0,0.0,0.0,2.885639635784905,0.0,0.0,0.0,0.0,0.0,0.0
plot_18368,0.0,0.0,0.0,0.0,0.0,0.0,0.0,0.0,0.0,0.0,2.9999969745947004,0.0,0.0,0.0,0.0,0.0,0.0
plot_18433,0.0,0.0,0.0,0.0,1.8156333292178977,0.0,0.0,0.0,0.0,0.0,0.9062935345126552,0.0,0.0,0.0,1.8156333292178977,1.8156333292178977,0.0
plot_19088,0.0,21.88183807439825,0.0,0.0,0.0,0.0,0.0,0.0,0.0,0.0,0.0,0.0,0.0,0.0,0.0,0.0,0.0
plot_7749,0.0,0.0,0.0,20.027638140634075,20.027638140634075,0.0,20.027638140634075,0.0,0.7240363393300758,0.0,0.0,0.0,0.0,0.0,0.0,0.0,0.0
plot_19968,10.102821465464768,5.051410732732384,2.525705366366192,2.525705366366192,17.679937564563346,0.0,5.051410732732384,0.0,0.9263624553923113,0.0,0.0,3.785479045785393,0.0,4.345858637579117,2.525705366366192,10.657043049730703,14.333333333333334
plot_18749,1.8086616807893,0.0,0.0,1.8086616807893,0.0,0.0,0.0,0.0,0.0,0.0,1.7484019533862056,0.0,0.0,0.0,0.0,0.0,0.0
plot_18799,2.229038125468098,2.229038125468098,31.206533756553373,15.603266878276687,2.229038125468098,11.14519062734049,22.29038125468098,0.0,0.0,0.0,0.0,0.0,3.3590564460633643,0.0,15.904044848718327,19.263101294781688,2.4166666666666665
plot_18753,0.0,0.0,0.0,21.19946577346251,0.0,0.0,0.0,0.0,0.0,0.0,1.2919024665753764,0.0,0.0,0.0,0.0,0.0,0.0
plot_18754,0.0,0.0,0.0,0.0,0.0,0.0,13.077365695454308,0.0,0.0,0.0,1.4327025178735737,0.0,0.0,0.0,0.0,0.0,0.0
plot_6780,30.507924834895928,11.239761781277446,46.564727379577995,17.662482799150272,6.422721017872827,3.2113605089364134,24.0852038170231,0.0,0.0,0.0,0.0,0.0,3.2113605089364134,0.0,7.5707823998175945,10.782142908754007,1.0833333333333333
plot_18801,0.0,0.0,0.0,1.9897092238940202,5.9691276716820605,5.9691276716820605,0.0,0.0,0.0,0.0,0.0,8.77027527536648,0.0,0.0,8.415093309944888,20.62936323155863,8.685714285714285
plot_18800,151.52221548790155,23.311110075061777,0.0,0.0,11.655555037530888,0.0,34.966665112592665,0.0,0.0,0.0,0.0,0.0,0.0,0.0,28.85908755895937,28.85908755895937,1.6
plot_19435,0.0,0.0,0.0,42.60939963355916,3.8735817848690144,3.8735817848690144,3.8735817848690144,0.0,0.0,0.0,0.0,5.15186377387579,3.8735817848690144,0.0,28.120621903696986,37.146067462441785,10.657142857142857
plot_15696,0.0,0.0,0.0,2.630021697679006,0.0,0.0,0.0,0.8063864793435852,0.0,0.0,0.0,0.0,0.0,0.0,0.0,3.9855744265220534,4.0
plot_16320,0.7636945710480334,0.7636945710480334,1.5273891420960668,1.5273891420960668,2.2910837131441,0.0,0.7636945710480334,0.8118123191524834,0.0,0.0,0.03473142622517395,0.0,1.099720182309168,0.0,0.0,1.099720182309168,4.0
plot_9236,0.0,16.126431220770844,0.0,0.0,0.0,0.0,0.0,0.0019116010422965694,0.0,0.0,0.0,0.0,0.0,0.0,11.167553620383808,11.167553620383808,3.5
plot_9235,9.766769543305857,14.650154314958785,4.883384771652929,9.766769543305857,4.883384771652929,0.0,0.0,0.011614487801507568,0.0,0.0,0.0,7.3072033311241755,0.0,0.0,0.0,7.3072033311241755,4.0
plot_7810,0.8621551810353449,1.7243103620706899,2.586465543106035,0.8621551810353449,0.0,3.4486207241413798,0.0,0.0,0.0,0.0,0.0,0.0,0.0,0.0,0.0,0.0,0.0
plot_18507,3.15848532826138,6.029835626680817,0.5742700596838873,2.2970802387355493,3.445620358103324,2.2970802387355493,17.228101790516618,0.9900277367076099,0.0,0.0,0.0,0.855662388928992,0.7467908921281063,3.0044730563515225,6.439238924291845,11.046165261700466,12.011538461538462
plot_9400,0.0,0.0,0.0,16.794021328407084,0.0,0.0,0.0,0.0,0.0,0.0,0.0,0.0,0.0,0.0,0.0,0.0,0.0
plot_8982,1.90619972398228,3.81239944796456,9.5309986199114,20.96819696380508,11.43719834389368,5.71859917194684,11.43719834389368,0.0,0.0,0.0,0.0,0.0,0.0,6.4747905083748245,20.72321435046709,27.198004858841912,11.777777777777779
plot_8981,15.459886458424892,47.074485732956695,3.821544967251097,6.774556987399672,3.821544967251097,5.90602404029715,9.901275596968752,0.0,0.7550697605593563,0.0,0.0,0.0,0.36902013376304543,0.0,0.28488682137870164,0.6539069551417471,4.25
plot_7308,0.98101474857573,1.3080196647676399,0.98101474857573,2.9430442457271897,0.6540098323838199,5.2320786590705595,0.32700491619190997,0.00993994071564664,0.9266115573120312,0.0,0.0,0.9407023474772396,0.0,0.32700491619190997,2.591513960820887,3.8592212244900366,2.7222222222222223
plot_6444,0.0,0.0,0.0,0.0,0.0,0.0,0.0,0.0,0.0,0.0,0.0,0.0,0.0,0.0,0.0,0.0,0.0
plot_19162,13.202191563799591,22.00365260633265,0.0,4.400730521266531,0.0,0.0,26.404383127599182,0.0,0.0,0.0,0.0,6.294765013608172,0.0,0.0,20.225226738909384,26.519991752517555,3.025
plot_19083,0.0,0.0,14.060742407199102,18.07809738068456,4.017354973485458,6.026032460228186,2.008677486742729,0.05059179450823796,0.0,0.0,0.0,0.0,0.0,0.0,8.958208498979285,8.958208498979285,2.533333333333333
plot_18803,29.313764766809,9.771254922269668,4.885627461134834,0.0,14.6568823834045,4.885627461134834,9.771254922269668,0.0,0.0,0.0,0.0,0.0,0.0,0.0,0.0,0.0,0.0
plot_19087,0.0,0.0,0.0,5.653518467218074,0.0,2.826759233609037,0.0,0.0,0.0,0.0,0.0,0.0,0.0,0.0,7.850873509674298,7.850873509674298,20.0
plot_18804,5.1149848596448155,2.5574924298224078,7.672477289467224,23.017431868401673,0.0,17.902447008756855,12.78746214911204,0.0,0.0,0.0,0.0,0.0,0.0,0.0,7.506240281528767,7.506240281528767,4.25
plot_18805,0.0,0.0,0.0,0.0,0.0,0.0,0.0,0.0,0.0,0.0,0.0,0.0,0.0,0.0,0.0,0.0,0.0
plot_19086,0.0,0.0,0.0,0.0,6.922810661128419,5.192107995846314,1.7307026652821047,0.8043838402418527,0.0,0.0,0.0,0.0,0.0,0.0,2.7718989675827066,2.7718989675827066,4.0
plot_19161,0.0,2.6958465092831476,0.0,1.797231006188765,0.8986155030943825,3.59446201237753,0.8986155030943825,0.7803005502706819,0.0,0.0,0.0,0.0,0.0,0.0,1.797231006188765,1.797231006188765,0.0
plot_19085,0.0,0.0,0.0,0.0,0.0,0.0,0.0,0.0,0.0,0.0,0.0,0.0,0.0,0.0,0.0,0.0,0.0
plot_7812,0.0,15.437975360991324,5.145991786997108,0.0,0.0,0.0,15.437975360991324,1.0000006190354784,0.0,0.0,0.0,0.0,6.844169076706154,0.0,16.471184028501145,23.315353105207297,3.3666666666666667
plot_7815,28.036597104754073,9.345532368251357,9.345532368251357,9.345532368251357,0.0,18.691064736502714,37.38212947300543,0.999997010056093,0.0,0.0,0.0,0.0,0.0,0.0,0.0,0.0,0.0
plot_19751,6.5451451385934485,9.817717707890171,0.0,0.0,3.2725725692967242,3.2725725692967242,19.635435415780343,1.000000069665993,0.0,0.0,0.0,4.98795091217908,3.2725725692967242,0.0,15.16575057712219,29.97141919719144,1.9285714285714286
plot_9820,10.510629750220723,5.8392387501226235,36.203280250760265,5.8392387501226235,3.5035432500735744,10.510629750220723,18.685564000392397,0.013023704805817935,0.12374211137654768,0.0,0.0,0.0,0.0,2.0616002807655245,5.506402141365634,8.735850172155684,7.75
plot_7434,0.0,0.0,0.0,0.0,0.0,3.047637623695992,3.047637623695992,0.9565880419506515,0.0,0.0,0.0,0.0,0.0,0.0,0.0,0.0,0.0
plot_7307,8.667313826099017,0.0,0.0,0.0,0.0,26.00194147829705,0.0,0.5776112574528094,0.0,0.0,0.0,0.0,0.0,0.0,0.0,0.0,0.0
plot_18435,9.12059247368709,0.0,9.12059247368709,9.12059247368709,0.0,9.12059247368709,9.12059247368709,0.0,0.0,0.0,0.0,13.849712660374907,0.0,0.0,0.0,26.48173323643153,3.8
plot_19643,0.0,0.0,0.0,20.41099581166366,4.082199162332732,0.0,0.0,0.26941110155857645,0.0,0.0,0.0,0.0,0.0,0.0,0.0,0.0,0.0
plot_7305,0.0,0.0,0.0,1.4217187442242678,0.0,1.4217187442242678,0.0,0.8136767164002567,0.07262457504955958,0.0,0.0,0.0,0.0,0.0,2.360053115412285,2.360053115412285,35.0
plot_19743,3.4349270249753543,30.914343224778186,0.0,0.0,20.609562149852124,3.4349270249753543,10.304781074926062,0.0,0.0,0.0,0.0,4.757373929590866,12.949674884157085,0.0,28.21875103415896,45.925799847906916,6.5
plot_19080,4.490607893590555,31.434255255133888,0.0,0.0,0.0,0.0,0.0,0.06293854138762713,0.0,0.0,0.0,0.0,4.490607893590555,0.0,10.710099826213474,15.20070771980403,1.1666666666666667
plot_19084,28.821766197832606,7.205441549458151,32.42448697256168,16.21224348628084,5.404081162093614,10.808162324187228,19.814964261009916,0.0,0.0,0.0,0.0,5.0971632791323715,0.0,0.0,16.63649997686394,21.733663255996312,3.825
plot_19079,0.0,0.0,0.0,5.701676863165457,0.0,0.0,0.0,0.0,0.0,0.0,0.0,0.0,0.0,0.0,8.210414682958259,8.210414682958259,4.0
plot_19017,6.694157339474107,0.0,0.0,6.694157339474107,0.0,0.0,0.0,0.03555560381459649,0.0,0.0,0.0,0.0,0.0,0.0,0.0,0.0,0.0
plot_19529,0.0,7.857187755358602,0.0,23.571563266075806,0.0,0.0,7.857187755358602,0.0,0.0,0.0,0.0,0.0,0.0,0.0,11.364064865878186,11.364064865878186,3.0
plot_19078,2.3165683283411287,11.582841641705643,0.0,2.3165683283411287,2.3165683283411287,2.3165683283411287,0.0,0.0,0.0,0.0,0.0,3.4520844851172,3.2084471347524635,0.0,3.5049822517595324,10.165513871629194,3.6666666666666665
plot_18745,3.8897035656912586,50.56614635398636,0.0,0.0,3.8897035656912586,3.8897035656912586,0.0,0.0,0.0,0.0,0.0,0.0,0.0,0.0,17.05635013555617,17.05635013555617,0.875
plot_18254,0.0,0.0,0.0,0.0,20.52555688401521,0.0,0.0,0.0,0.0,0.0,0.0,0.0,0.0,0.0,7.106974071090266,7.106974071090266,3.5
plot_18245,0.0,6.017535097273455,0.0,6.017535097273455,0.0,2.0058450324244848,6.017535097273455,0.0,0.0,0.0,0.0,0.0,2.667773893124565,0.0,0.0,2.667773893124565,3.0
plot_19487,3.1972171421994298,0.0,0.0,4.795825713299145,3.1972171421994298,0.0,3.1972171421994298,0.0,0.0,0.0,0.0,0.0,0.0,0.0,3.8126814420728197,3.8126814420728197,1.75
plot_9007,0.0,0.0,0.0,28.306640171651466,2.8306640171651467,5.661328034330293,0.0,0.0,0.0,0.0,0.0,0.0,0.0,0.0,9.98401466064299,9.98401466064299,1.3333333333333333
plot_9401,7.487963099317847,9.983950799090463,44.927778595907085,22.463889297953543,9.983950799090463,24.959876997726155,42.431790896134466,0.0,0.04286729105384744,0.0,0.0,0.0,2.65386949572649,0.0,23.438579191896327,26.092448687622817,2.4375
plot_16698,5.448581734174594,2.724290867087297,0.0,0.0,2.724290867087297,2.724290867087297,0.0,0.0,0.7420867145762544,0.0,0.0,0.0,0.0,0.0,0.0,0.0,0.0
plot_16937,5.691368470577522,20.868351058784246,0.0,5.691368470577522,3.7942456470516808,3.7942456470516808,11.382736941155043,0.0,0.9970052431938161,0.0,0.0,0.0,0.0,1.8971228235258404,3.7942456470516808,5.691368470577522,0.0
plot_9426,28.28134279815606,0.0,28.28134279815606,0.0,0.0,0.0,28.28134279815606,0.0,0.0,0.0,0.0,0.0,0.0,0.0,0.0,0.0,0.0
plot_18587,13.919240566234707,0.0,0.0,13.919240566234707,13.919240566234707,13.919240566234707,0.0,0.0,0.007068442216599168,0.0,0.0,0.0,0.0,0.0,0.0,0.0,0.0
plot_9344,5.6670388022146785,22.668155208858714,45.33631041771743,17.001116406644037,17.001116406644037,5.6670388022146785,62.337426824361465,0.0,0.0,0.0,0.0,0.0,18.861637785480116,9.83192946923682,49.07915984111196,77.7727270958289,8.622222222222222
plot_9272,25.452308736504975,21.210257280420812,0.0,0.0,16.96820582433665,0.0,29.694360192589137,0.0,0.05036552331703612,0.0,0.0,0.0,5.875241266676565,0.0,0.0,5.875241266676565,3.5
plot_9284,0.0,2.5522704998366548,2.5522704998366548,2.5522704998366548,2.5522704998366548,2.5522704998366548,0.0,0.0,0.829724977124162,0.0,0.0,3.7423220259569008,0.0,0.0,0.0,3.7423220259569008,3.7
plot_19590,13.25249988021779,9.174807609381547,33.64096123439901,5.097115338545304,0.0,4.077692270836243,12.23307681250873,0.050835989955336294,0.0,0.0,0.0,0.0,1.6005084883046317,0.0,2.599528822658105,4.200037310962737,3.1666666666666665
plot_7304,0.0,0.0,0.0,18.381902404352836,0.0,0.0,0.0,0.012695386316743317,0.0,0.0,0.0,0.0,9.295115315801084,0.0,14.613612411460503,23.90872772726159,2.733333333333333
plot_7433,0.0,0.0,0.0,5.5873413195065265,5.5873413195065265,5.5873413195065265,11.174682639013053,0.0,0.0,0.0,0.0,0.0,0.0,0.0,15.306300912967929,15.306300912967929,3.0
plot_9821,0.0,1.6668639122296136,0.0,1.6668639122296136,1.6668639122296136,8.33431956114807,0.0,0.0,0.35992155204236964,0.0,0.0,0.0,0.0,0.0,0.0,0.0,0.0
plot_18249,0.0,0.0,0.0,7.233586991117155,0.0,0.0,0.0,0.0,0.0,0.0,0.0,0.0,0.0,0.0,0.0,0.0,0.0
plot_7399,0.0,0.0,0.0,32.62775806517394,0.0,8.156939516293486,0.0,0.0,0.0,0.0,0.0,0.0,0.0,0.0,0.0,0.0,0.0
plot_16319,29.183447148777212,9.727815716259071,19.455631432518143,9.727815716259071,0.0,3.2426052387530238,22.698236671271165,0.0,0.0,0.0,0.0,4.843672256563545,8.105690738632859,0.0,28.244248193667044,41.19361118886345,2.05
plot_7306,6.3159224404724315,6.3159224404724315,0.0,12.631844880944863,0.0,12.631844880944863,12.631844880944863,0.0,0.0,0.0,0.0,0.0,0.0,0.0,0.0,0.0,0.0
plot_9282,4.632174466219095,6.176232621625461,4.632174466219095,4.632174466219095,1.5440581554063653,3.0881163108127305,4.632174466219095,0.9999994607278277,0.0,0.0,0.0,0.0,3.0881163108127305,2.68439790261281,10.565554826288166,16.338069039713705,7.0
plot_18250,0.0,3.414221941497307,11.949776795240574,83.64843756668402,0.0,18.77822067823519,5.12133291224596,0.0,0.0,0.0,0.0,0.0,0.0,0.0,2.4456743939640897,4.716131985059799,3.0
plot_9274,28.771774067589003,6.576405501163201,20.551267191135004,13.974861689971801,13.152811002326402,12.330760314681001,41.10253438227001,0.1084486869650152,0.0,0.0,0.0,1.2163202802611348,2.782641577679679,1.3646041414913643,19.234058341167437,25.736164542988494,3.2880000000000003
plot_18526,8.838271128108088,7.9544440152972795,5.302962676864853,9.722098240918898,11.489752466540516,7.9544440152972795,9.722098240918898,0.0,0.872508897909978,0.0,0.0,7.971811061414856,2.0430669868332396,3.011650091990543,10.498917886893599,24.99378938019385,7.342105263157895
plot_18525,0.0,5.553056680049534,0.0,11.106113360099068,0.0,11.106113360099068,0.0,0.0,0.0,0.0,0.0,0.0,5.553056680049534,0.0,8.618301981618727,14.17135866166826,1.75
plot_18434,0.0,0.0,0.0,0.0,0.0,0.0,0.0,0.0,0.9999948995233204,0.0,0.0,0.0,0.0,0.0,0.0,0.0,0.0
plot_18439,3.147742439122661,3.147742439122661,0.0,9.443227317367983,0.0,9.443227317367983,6.295484878245322,0.0,0.0,0.0,0.0,0.0,3.147742439122661,0.0,4.186497444033139,12.559492332099419,17.666666666666668
plot_18253,36.67697697241558,12.225658990805194,22.22847089237308,22.22847089237308,7.779964812330578,5.55711772309327,30.008435704703658,0.0,0.0,0.0,0.0,12.803045432452762,0.0,0.0,14.798548565619674,29.522760164833258,6.055555555555555
plot_18252,30.00876255866713,16.504819407266922,15.004381279333565,15.004381279333565,1.5004381279333563,7.502190639666782,18.005257535200275,0.0,0.0,0.0,0.0,0.0,1.5004381279333563,0.0,12.221068552017186,15.2219448078839,2.4375
plot_18440,0.0,0.0,0.0,0.0,0.0,13.194613958582108,0.0,0.0,0.0,0.0,0.0,0.0,0.0,0.0,0.0,0.0,0.0
plot_18251,3.289722577695023,3.289722577695023,0.0,0.0,0.0,0.0,0.0,0.0,0.0,0.0,0.0,5.281403728098023,0.0,0.0,0.0,5.281403728098023,5.0
plot_10591,3.9658068136526867,11.897420440958062,9.914517034131718,7.9316136273053734,0.0,7.9316136273053734,19.829034068263436,0.0,0.0,0.0,0.0,6.087897006894887,1.9829034068263434,0.0,8.04446980287316,18.752531747673427,2.8428571428571425
plot_18604,0.7893239203824748,3.157295681529899,0.7893239203824748,2.3679717611474245,2.3679717611474245,0.0,1.5786478407649496,0.0,0.0,0.0,0.0,0.0,0.0,0.0,2.1864272594594554,3.2362280735681463,3.3333333333333335
plot_9283,7.476970929537026,7.476970929537026,14.953941859074051,14.953941859074051,29.907883718148103,14.953941859074051,14.953941859074051,0.0,0.06748042424717617,0.0,0.0,0.0,0.0,0.0,22.767376480440245,22.767376480440245,19.25
plot_9716,1.6804632701143052,0.0,0.0,1.6804632701143052,0.0,3.3609265402286104,3.3609265402286104,0.0,0.0,0.0,0.0,0.0,0.0,0.0,0.0,0.0,0.0
plot_10345,0.0,0.0,0.0,11.059377799405006,0.0,11.059377799405006,0.0,0.0,0.0,0.0,0.0,0.0,0.0,0.0,0.0,0.0,0.0
plot_9273,13.916916011411871,0.0,0.0,0.0,13.916916011411871,10.437687008558903,20.875374017117807,0.024692944937430863,0.0,0.0,0.0,0.0,0.0,6.207020545607094,0.0,6.207020545607094,35.0
plot_10344,0.0,9.325806371390913,0.0,0.0,0.0,0.0,6.2172042475939415,0.0,0.0,0.0,0.0,0.0,0.0,0.0,9.989709048126208,9.989709048126208,3.7
plot_10542,17.180654582939614,0.0,0.0,0.0,0.0,0.0,0.0,0.0,0.0,0.0,0.0,46.64547719268104,0.0,0.0,0.0,46.64547719268104,3.25
plot_10540,0.0,0.7732181959891625,0.0,9.278618351869952,0.7732181959891625,3.09287278395665,0.0,0.0,0.0,0.0,0.0,0.0,0.0,0.0,2.9065271987232624,2.9065271987232624,2.3000000000000003
plot_10343,3.0719134949159828,3.0719134949159828,53.7584861610297,30.719134949159827,26.111264706785853,3.0719134949159828,27.647221454243844,0.0,0.0,0.0,0.0,0.0,0.0,13.134083628961159,23.54852739966923,39.22137937890762,14.041176470588235
plot_10945,0.0,2.773809688917243,0.0,2.773809688917243,0.0,5.547619377834486,0.0,0.0,0.0,0.0,0.0,4.06246525353441,0.0,0.0,3.841726419150382,7.904191672684792,3.5
plot_11743,4.752919480791077,23.76459740395538,0.0,14.25875844237323,0.0,0.0,14.25875844237323,0.0,0.0,0.0,0.0,0.0,4.752919480791077,0.0,14.522318690481095,19.27523817127217,2.5
plot_19349,0.0,0.0,0.0,0.0,0.0,0.0,0.0,0.0,0.0,0.0,0.0,0.0,0.0,0.0,0.0,0.0,0.0
plot_10640,0.7146282253851667,0.7146282253851667,0.0,5.002397577696167,0.0,0.7146282253851667,1.4292564507703334,0.0,0.0,0.0,0.0,0.7146282253851667,0.9504555397622718,0.0,3.9478698656568434,5.612953630804282,2.5
plot_18605,0.0,0.0,0.0,0.0,0.0,0.0,0.0,0.0,0.0,0.0,0.0,0.0,0.0,0.0,0.0,0.0,0.0
plot_19531,0.0,20.11070945555282,10.05535472777641,0.0,10.05535472777641,5.027677363888205,15.083032091664615,0.0,0.0,0.0,0.0,7.708456391716105,0.0,0.0,10.184040416021759,17.892496807737864,4.75
plot_19073,4.250941583560759,0.0,8.501883167121518,0.0,0.0,12.752824750682276,4.250941583560759,0.0,0.0,0.0,0.0,0.0,0.0,0.0,6.822907383951151,6.822907383951151,4.0
plot_18184,0.0,5.406048286823298,3.6040321912155315,5.406048286823298,14.416128764862126,10.812096573646595,14.416128764862126,0.0,0.0,0.0,0.0,0.0,2.396681407158329,3.1296932642692936,7.685598647767122,13.211973319194744,11.7
plot_18546,0.0,0.0,0.0,0.0,0.0,0.0,0.0,0.0,0.0,0.0,0.0,0.0,0.0,0.0,0.0,0.0,0.0
plot_18363,0.0,0.0,0.0,0.0,0.0,7.5451198165026865,0.0,0.0,0.0,0.0,0.0,0.0,0.0,0.0,0.0,0.0,0.0
plot_18603,0.0,0.0,0.0,0.0,0.0,0.0,0.0,0.0,0.0,0.0,0.0,0.0,0.0,0.0,0.0,0.0,0.0
plot_18185,0.0,0.0,2.9295272914762474,8.788581874428742,2.9295272914762474,2.9295272914762474,2.9295272914762474,0.0,0.0,0.0,0.0,0.0,0.0,0.0,0.0,0.0,0.0
plot_9275,0.0,0.0,0.0,2.013320125953307,4.026640251906614,4.026640251906614,0.0,0.8334242406455197,0.0,0.0,0.0,2.8771833983457165,0.0,0.0,0.0,2.8771833983457165,3.5
plot_18248,0.0,21.75757707621679,43.51515415243358,27.19697134527099,0.0,21.75757707621679,43.51515415243358,0.0,0.0,0.0,0.0,7.533561062640064,0.0,9.02939448662997,48.59104881823999,65.15400436751003,6.111111111111111
plot_18602,2.2867544323017786,0.0,0.0,54.882106375242685,4.573508864603557,6.860263296905336,1.1433772161508893,0.0,0.0,0.0,0.0,0.0,0.0,0.0,1.6157863058478505,1.6157863058478505,3.5
plot_18176,0.0,12.167226359079185,0.0,0.0,0.0,0.0,0.0,0.0,0.0,0.0,0.0,0.0,0.0,0.0,0.0,0.0,0.0
plot_9285,0.8145471606515075,5.294556544234798,0.4072735803257537,3.25818864260603,3.25818864260603,14.25457531140138,6.109103704886306,0.9887723480760909,0.0,0.0,0.0,0.5864739556690853,0.6236608424400912,1.3521482866815024,6.971902844800706,9.534185929591386,6.294117647058823
plot_9343,0.0,8.407105685725575,0.0,0.0,0.0,0.0,16.81421137145115,0.9999960908709038,0.0,0.0,0.0,0.0,0.0,0.0,26.025788069910547,26.025788069910547,3.75
plot_19385,0.0,0.0,0.0,0.0,0.0,1.0089717770414526,0.5044858885207263,0.0,0.0,0.0,0.0,0.0,0.0,0.0,0.0,0.0,0.0
plot_18353,0.0,0.0,2.894143796499244,0.9647145988330813,1.9294291976661626,10.611860587163894,10.611860587163894,0.0,0.0,0.0,0.0,0.0,0.0,0.0,5.55819619329876,5.55819619329876,3.625
plot_16333,0.43683373299979616,0.8736674659995923,0.21841686649989808,0.8736674659995923,0.21841686649989808,0.8736674659995923,0.8736674659995923,0.9819644630462765,0.0,0.0,0.0,0.5209242266022569,0.21841686649989808,0.0,2.600954055114401,4.949080430760387,6.2555555555555555
plot_6375,4.199838390218745,14.279450526743732,0.8399676780437489,3.3598707121749958,2.519903034131247,8.39967678043749,6.299757585328117,0.9737668510228757,0.0,0.0,0.0,1.1633552340905924,1.0016614560671706,0.0,6.218522526512473,8.942117722569328,2.28125
plot_11086,0.0,11.826341994157787,0.0,0.0,0.0,0.0,0.0,0.9182420267915519,0.0,0.0,0.0,0.0,0.0,0.0,28.856274465745,28.856274465745,2.0
plot_17701,0.0,0.0,0.0,2.387205723182489,1.4323234339094932,2.387205723182489,0.4774411446364977,0.0,0.0,0.0,0.9391683857421115,0.0,0.0,0.8204965301276103,0.634996722366542,1.4554932524941522,24.0
plot_14782,2.496126843181663,3.3281691242422173,0.8320422810605543,4.992253686363326,11.648591934847762,3.3281691242422173,4.992253686363326,0.0,0.0,0.0,0.9753214634270942,0.0,1.1981408847271984,2.8058740444429002,0.0,4.004014929170099,26.333333333333332
plot_7762,0.0,0.0,0.0,0.4607544347038397,0.9215088694076794,1.1518860867595992,0.23037721735191985,0.0,0.0,0.0,1.0207858327558683,0.0,0.0,0.8431806155080267,0.0,0.8431806155080267,11.666666666666666
plot_7786,15.059535363135597,6.693126828060265,7.80864796607031,1.6732817070150663,2.7888028450251103,7.250887397065287,5.019845121045199,0.0,0.0,0.0,0.0,0.0,0.0,0.0,0.8831209009246184,0.8831209009246184,5.0
plot_7188,0.0,0.0,0.0,1.7686875100594104,0.0,1.7686875100594104,0.0,0.0,0.0,0.0,0.0,0.0,0.0,3.5373750201188208,0.0,3.5373750201188208,0.0
plot_16615,0.0,0.0,0.0,19.36070937639155,0.0,0.0,0.0,0.0,0.0,0.0,0.0,0.0,0.0,0.0,0.0,0.0,0.0
plot_19259,0.0,0.0,0.0,0.0,0.0,0.0,0.0,0.0,0.0,0.0,0.0,0.0,0.0,0.0,0.0,0.0,0.0
plot_7189,0.0,0.0,0.0,0.0,7.35456350665588,0.0,0.0,0.0,0.0,0.0,0.0,0.0,0.0,0.0,0.0,0.0,0.0
plot_16525,0.0,1.9251798117944217,0.9625899058972108,0.9625899058972108,0.0,0.0,0.0,0.0,0.0,0.0,0.0,0.0,0.0,1.59789924378937,0.9625899058972108,3.5230790555837914,11.666666666666666
plot_18362,9.931522154743046,0.0,0.0,0.0,9.931522154743046,0.0,0.0,0.0,0.0,0.0,0.0,15.026921663066636,0.0,0.0,0.0,15.026921663066636,4.05
plot_19009,0.0,0.0,0.0,19.573110460848888,0.0,0.0,0.0,0.0,0.0,0.0,0.0,0.0,0.0,0.0,0.0,0.0,0.0
plot_19077,0.0,0.0,0.0,1.9848319145093198,1.9848319145093198,1.9848319145093198,0.0,0.0,0.0,0.0,0.0,0.0,0.0,0.0,2.6398264462973957,2.6398264462973957,3.0
plot_19075,0.0,0.0,10.82485386447283,0.0,0.0,0.0,0.0,0.0,0.0,0.0,0.0,0.0,0.0,0.0,10.82485386447283,10.82485386447283,0.0
plot_19076,0.0,0.0,4.418014897546235,0.0,0.0,4.418014897546235,0.0,0.0,0.0,0.0,0.0,0.0,0.0,0.0,7.089170168887905,7.089170168887905,4.0
plot_19074,0.0,24.237283000575637,0.0,0.0,0.0,0.0,0.0,0.0,0.0,0.0,0.0,0.0,11.903131315306489,0.0,6.059320750143909,30.081093565738218,1.25
plot_16349,2.8535830123349695,12.48442567896549,0.3566978765418712,2.496885135793098,1.0700936296256134,0.3566978765418712,4.637072395044325,0.0,0.0,0.0,0.0,4.44302624702864,3.12824037727221,0.0,6.741199096521931,15.025861473906522,2.111764705882353
plot_16335,7.233880021759511,10.127432030463314,1.4467760043519022,4.340328013055706,0.0,2.8935520087038045,7.233880021759511,0.0,0.0,0.0,0.0,2.054006830960535,2.8935520087038045,2.477276054702938,11.241229915371088,20.590276895526394,6.67
plot_16345,0.0,2.5146794412382283,2.5146794412382283,0.0,17.602756088667597,15.08807664742937,5.029358882476457,0.0,0.0,0.0,0.0,0.0,0.0,0.0,9.854042120731735,9.854042120731735,2.3333333333333335
plot_7256,1.8480177853231659,1.8480177853231659,0.0,0.0,3.0800296422052766,13.552130425703217,3.6960355706463317,0.0,0.0,0.0,0.0,0.0,0.0,2.1198875384607754,3.1602039344442012,6.099379357731579,12.428571428571429
plot_16526,0.0,0.0,0.0,1.2972928093654164,1.2972928093654164,0.0,0.0,0.0,0.0,0.0,0.0,0.0,0.0,0.0,1.9394527500012975,1.9394527500012975,4.5
plot_16618,0.0,0.0,0.0,0.0,7.891414141414142,0.0,0.0,0.0,0.0,0.0,0.0,0.0,0.0,0.0,0.0,0.0,0.0
plot_16410,0.0,0.0,0.0,0.0,0.0,0.0,0.0,0.0,0.0,0.0,0.0,0.0,0.0,0.0,0.0,0.0,0.0
plot_6376,0.0,3.4446767687554036,0.0,0.0,0.0,0.0,0.0,0.07516493616426194,0.0,0.0,0.0,0.0,0.0,0.0,0.0,0.0,0.0
plot_16620,0.0,0.0,0.0,0.0,0.0,0.0,0.0,0.0,0.0,0.0,0.0,0.0,0.0,0.0,0.0,0.0,0.0
plot_16619,0.0,0.0,0.0,0.0,0.0,0.0,0.0,0.0,0.0,0.0,0.0,0.0,0.0,31.5577354473214,0.0,31.5577354473214,35.0
plot_7183,0.0,0.0,0.0,1.099836564286547,0.0,1.6497548464298206,0.0,0.06759765606457045,0.0,0.0,0.0,0.0,0.0,0.0,1.2813095973938273,1.2813095973938273,1.5
plot_16331,0.7568461464232397,2.648961512481339,1.8921153660580992,1.8921153660580992,0.0,2.648961512481339,3.0273845856929587,0.7199112353261307,0.0,0.0,0.0,0.0,0.9025390296097132,0.0,2.8116834339623353,6.251549169455959,6.153846153846154
plot_18501,0.0,0.0,0.0,0.0,0.0,1.1110308699927227,0.0,0.00677320184823997,0.0,0.0,0.0,0.0,0.0,0.0,0.0,0.0,0.0
plot_16325,0.0,0.0,0.0,0.0,3.3343447512412094,0.0,0.0,0.5999103909326607,0.0,0.0,0.05822238723447676,0.0,0.0,0.0,0.0,0.0,0.0
plot_16332,0.0,0.0,6.58722473634633,0.0,0.0,0.0,0.0,0.0,0.0,0.0,0.0,0.0,0.0,0.0,0.0,0.0,0.0
plot_16330,0.0,0.0,0.0,0.0,0.0,10.30991607728313,0.0,0.0,0.0,0.0,0.0,0.0,0.0,0.0,0.0,0.0,0.0
plot_7255,13.532642085975583,9.923937529715428,5.4130568343902326,10.826113668780465,0.9021761390650388,8.119585251585349,9.021761390650388,0.0,0.0,0.0,0.0,7.762591212810716,0.0,0.0,12.922138590624526,20.684729803435243,2.841176470588235
plot_6248,0.0,0.0,4.3031852176981396,8.606370435396279,12.90955565309442,8.606370435396279,4.3031852176981396,0.0,0.0,0.0,0.0,0.0,0.0,7.37612553974822,6.907724061242543,14.283849600990763,27.0
plot_6389,0.0,83.62952122099101,16.7259042441982,8.3629521220991,0.0,0.0,25.088856366297303,0.0,0.0,0.0,0.0,0.0,0.0,0.0,27.848630566590007,27.848630566590007,1.0
plot_6388,20.829861689718378,62.48958506915513,6.943287229906126,27.773148919624504,0.0,6.943287229906126,41.659723379436755,0.0,0.0,0.0,0.0,0.0,6.943287229906126,0.0,40.865340523932346,59.33448455548263,7.683333333333334
plot_16285,0.0,0.0,0.0,0.0,0.0,0.0,0.0,0.0,0.0,0.0,0.0,0.0,0.0,0.0,0.0,0.0,0.0
plot_5840,0.0,0.0,7.181689564286894,0.0,0.0,0.0,0.0,0.0,0.0,0.0,0.018137839595458182,0.0,0.0,0.0,0.0,14.363379128573788,0.0
plot_5839,0.0,0.0,0.0,0.0,3.0580572162505155,0.0,0.0,0.0,0.0,0.0,0.7945135976847258,0.0,0.0,0.0,0.0,0.0,0.0
plot_5831,2.8587110643553033,11.434844257421213,20.010977450487125,2.8587110643553033,8.57613319306591,11.434844257421213,0.0,0.0,0.0,0.0,0.0,0.0,0.0,9.490920733659609,0.0,9.490920733659609,35.0
plot_7257,0.0,5.377355954077379,2.6886779770386897,5.377355954077379,0.0,5.377355954077379,5.377355954077379,0.0,0.0,0.0,0.0,0.0,0.0,0.0,10.461544544577306,10.461544544577306,2.1666666666666665
plot_16348,12.629558218053532,8.419705478702355,37.888674654160596,4.209852739351177,0.0,21.049263696755887,12.629558218053532,0.0,0.0,0.0,0.0,0.0,0.0,0.0,11.661292088002762,11.661292088002762,3.5
plot_16329,4.18319026822616,12.549570804678481,10.4579756705654,6.274785402339241,4.18319026822616,4.18319026822616,8.36638053645232,0.0,0.0,0.0,0.0,0.0,0.0,0.0,4.988454394859696,4.988454394859696,1.75
plot_16336,5.574508885767163,0.0,66.89410662920596,44.59607108613731,61.3195977434388,11.149017771534327,27.872544428835816,0.0,0.0,0.0,0.0,7.720694806787521,0.0,18.507369500746982,33.6979062144625,67.34006734006734,12.777777777777779
plot_16286,0.0,0.0,0.0,0.0,0.0,0.0,0.0,0.0,0.0,0.0,0.0,0.0,0.0,0.0,0.0,0.0,0.0
plot_12064,0.0,0.0,12.507191635190235,12.507191635190235,12.507191635190235,0.0,12.507191635190235,0.0,0.0,0.0,0.0,0.0,0.0,0.0,0.0,0.0,0.0
plot_12118,0.0,3.2129752793682003,3.2129752793682003,16.064876396841,0.0,9.638925838104601,0.0,0.0,0.0,0.0,0.0,0.0,0.0,0.0,8.899941523849915,8.899941523849915,3.5
plot_3673,0.0,0.0,0.0,0.0,0.0,0.0,3.7017705568573454,0.0,0.0,0.0,0.8597330517104073,0.0,0.0,0.0,0.0,11.7772383467076,19.25
plot_10631,0.0,0.0,0.0,0.0,1.1493169609301193,0.0,0.0,0.0,0.0,0.0,0.0,0.0,0.0,0.0,0.0,0.0,0.0
plot_17722,1.5198746407396317,10.639122485177422,7.599373203698159,24.317994251834108,36.47699137775116,10.639122485177422,16.71862104813595,0.0,0.0,0.0,0.0,4.419265725030455,2.3842453422272984,5.186436522522917,4.415058298329055,16.405005888109724,12.885714285714286
plot_5846,0.0,0.0,0.0,0.0,0.0,0.0,0.0,0.0,0.0,0.0,0.003214841724317984,0.0,0.0,0.0,0.7165048321085877,0.7165048321085877,0.0
plot_8056,0.0,0.0,0.0,72.95276308590188,0.0,0.0,18.23819077147547,0.0,0.0,0.0,0.0,0.0,0.0,0.0,0.0,0.0,0.0
plot_19625,0.0,3.427204463591093,3.427204463591093,0.0,3.427204463591093,3.427204463591093,3.427204463591093,0.0,0.0,0.0,0.0,0.0,0.0,0.0,0.0,0.0,0.0
plot_10590,0.0,0.0,0.0,0.6940203209149964,0.0,0.0,0.0,0.0,0.0,0.0,0.0,0.0,0.0,0.0,0.0,0.0,0.0
plot_10632,0.0,0.0,0.0,1.9744934930566937,0.0,1.9744934930566937,0.0,0.0,0.0,0.0,0.0,0.0,0.0,0.0,0.0,0.0,0.0
plot_11981,2.2537141208711957,2.2537141208711957,0.0,4.507428241742391,0.0,0.0,0.0,0.0,0.0,0.0,0.0,0.0,0.0,0.0,3.121394057406606,3.121394057406606,3.5
plot_11980,1.0813908849562306,0.0,0.0,1.0813908849562306,0.0,0.0,0.0,0.0,0.0,0.0,0.0,0.0,0.0,0.0,0.0,0.0,0.0
plot_11979,0.0,0.0,0.0,0.0,0.0,0.0,0.0,0.0,0.0,0.0,0.0,0.0,0.0,0.0,0.0,0.0,0.0
plot_11745,10.213683885121931,6.128210331073158,0.6809122590081288,3.4045612950406436,0.6809122590081288,2.723649036032515,7.490034849089416,0.9496636815951761,0.0,0.0,0.0,2.829190436178775,0.0,0.0,4.752123162762599,7.581313598941374,3.375
plot_11752,0.0,0.0,0.0,135.74046423238767,0.0,0.0,0.0,0.0,0.0,0.0,0.0,0.0,0.0,0.0,0.0,0.0,0.0
plot_16346,0.0,0.0,0.0,2.918242517626185,4.377363776439277,1.4591212588130924,2.918242517626185,9.961499526938554e-05,0.0,0.0,0.9205597339031817,0.0,0.0,0.0,3.4800042022692255,3.4800042022692255,1.75
plot_7191,0.0,0.0,0.0,0.0,5.115560511965296,0.0,0.0,0.0,0.0,0.0,0.0,0.0,0.0,0.0,0.0,0.0,0.0
plot_7185,0.0,0.0,4.583749690596896,4.583749690596896,4.583749690596896,0.0,0.0,0.0,0.0,0.0,0.0,0.0,0.0,0.0,0.0,0.0,0.0
plot_16326,3.418920304967691,17.094601524838453,13.675681219870764,13.675681219870764,3.418920304967691,3.418920304967691,10.256760914903072,0.0,0.0,0.0,0.010378426038622034,0.0,4.735204622380252,0.0,0.0,4.735204622380252,3.5
plot_16270,0.0,0.0,0.0,0.0,0.0,0.0,0.0,0.0,0.0,0.0,0.0,0.0,0.0,0.0,0.0,0.0,0.0
plot_3677,0.0,0.0,0.0,0.0,6.46830530401035,0.0,0.0,0.10991724295200524,0.0,0.0,0.08236249879966864,0.0,0.0,21.929838229904973,0.0,32.66722503456216,31.666666666666668
plot_3637,0.5760740324260551,0.0,0.0,0.0,0.0,0.0,0.0,0.9555424851869663,0.0,0.0,0.026081189573088616,0.0,0.0,0.0,0.0,0.0,0.0
plot_3491,0.0,0.0,0.0,0.0,1.8033744743163407,1.8033744743163407,0.0,0.0,0.0,0.0,0.3143761841450624,0.0,0.0,0.0,0.0,0.0,0.0
plot_12119,15.409032775012712,20.545377033350285,0.0,10.272688516675142,0.0,10.272688516675142,35.954409808362996,0.0,0.0,0.0,0.0,36.09591177168747,0.0,0.0,30.312438899648154,73.59441850999724,3.21
plot_10407,4.140243860363375,3.4502032169694794,0.6900406433938959,2.0701219301816876,2.7601625735755837,2.0701219301816876,0.6900406433938959,0.9743176260488147,0.0,0.0,0.0,0.9177540557138816,0.0,0.0,2.081113778782128,4.144335302529877,11.25
plot_11753,4.778161888902957,4.778161888902957,19.11264755561183,19.11264755561183,54.94886172238401,19.11264755561183,31.058052277869226,0.35335716750145185,0.0,0.0,0.0,0.0,3.3088771080652983,4.154989901833468,17.899115015678365,25.362982025577132,9.857142857142858
plot_11479,66.72301054223566,22.241003514078553,11.120501757039277,11.120501757039277,77.84351229927493,0.0,22.241003514078553,0.10554319997540487,0.0,0.0,0.0,0.0,0.0,38.151250418246406,80.59051530336583,140.98276923569077,9.944444444444445
plot_19723,0.0,23.884589662749594,0.0,0.0,71.65376898824877,0.0,119.42294831374797,0.7417244973723264,0.0,0.0,0.0,33.08015668290819,0.0,0.0,0.0,33.08015668290819,3.5
plot_8230,0.0,0.0,10.738139724674097,10.738139724674097,0.0,21.476279449348194,0.0,0.0,0.0,0.0,0.0,0.0,0.0,0.0,10.738139724674097,10.738139724674097,0.0
plot_16962,3.348950606327507,11.721327122146276,11.721327122146276,1.6744753031637536,13.395802425310029,6.697901212655014,10.046851818982521,0.0,0.0,0.0,0.0,0.0,1.6744753031637536,0.0,4.740690994621931,9.764116904113193,0.8400000000000001
plot_10889,0.0,5.290137596478885,0.0,5.290137596478885,0.0,0.0,5.290137596478885,0.0,0.0,0.0,0.0,0.0,0.0,0.0,7.617798138929593,7.617798138929593,4.0
plot_12380,0.0,0.0,0.0,1.5010710141686094,0.0,1.5010710141686094,0.0,0.0,0.0,0.0,0.0,0.0,0.0,0.0,0.0,0.0,0.0
plot_11995,36.40318345839344,9.10079586459836,1.5167993107663933,18.20159172919672,7.583996553831967,6.067197243065573,19.718391039963112,0.0,0.0,0.0,0.0,8.12902327567521,0.0,0.0,8.258809106424012,19.421431003632012,2.21
plot_10890,0.0,6.409845522722903,0.0,32.04922761361451,0.0,0.0,6.409845522722903,0.0,0.0,0.0,0.0,0.0,0.0,0.0,0.0,0.0,0.0
plot_12381,0.0,0.0,5.178932104200114,31.073592625200682,0.0,31.073592625200682,10.357864208400228,0.0,0.0,0.0,0.0,0.0,0.0,0.0,10.365487546002242,20.723351754402472,1.6666666666666667
plot_10528,0.0,0.0,0.0,0.0,19.389990886704283,0.0,0.0,1.0000060230836014,0.0,0.0,0.0,0.0,0.0,0.0,26.85513737808543,26.85513737808543,3.5
plot_10475,31.561920542865035,63.12384108573007,0.0,7.890480135716259,0.0,23.67144040714878,78.9048013571626,0.9999991508454757,0.0,0.0,0.0,22.6916114182245,0.0,0.0,56.06297606691811,78.75458748514261,3.5
plot_19615,0.0,0.0,0.0,0.0,0.0,7.900407463514932,1.975101865878733,0.0,0.0,0.0,0.0,0.0,0.0,0.0,0.0,0.0,0.0
plot_10527,0.0,1.4602313298472744,0.7301156649236372,5.110809654465461,4.3806939895418235,8.03127231416001,3.6505783246181864,0.9923485721349743,0.0,0.0,0.0,0.9710538343484376,0.0,0.0,5.952184269044851,6.923238103393289,1.5
plot_10533,15.067275384592204,0.0,0.0,80.35880205115842,0.0,10.044850256394803,0.0,0.0,0.0,0.0,0.0,0.0,0.0,0.0,7.102336342906338,7.102336342906338,3.0
plot_11744,7.25185949763952,14.50371899527904,74.93588147560837,50.76301648347664,21.75557849291856,21.75557849291856,14.50371899527904,0.0,0.0,0.0,0.0,3.5417142039448457,3.3479418014102453,12.367601689416352,31.64228027470044,64.71433031247517,8.023809523809524
plot_11483,0.0,18.984337921214998,18.984337921214998,0.0,18.984337921214998,18.984337921214998,0.0,0.0,0.0,0.0,0.0,0.0,0.0,0.0,0.0,0.0,0.0
plot_10358,0.0,2.9434966385268386,0.0,11.773986554107355,23.54797310821471,32.37846302379523,2.9434966385268386,0.0,0.0,0.0,0.0,0.0,0.0,0.0,11.701856474353328,15.778599318713,2.75
plot_12068,0.17843594470769694,0.17843594470769694,1.4274875576615755,0.17843594470769694,0.0,0.2676539170615454,0.5353078341230908,0.0,0.0,0.0,0.0,0.12625262029316295,0.0,0.0,0.568764573755784,1.0518890834643408,1.6
plot_8231,0.0,0.0,0.0,0.0,0.0,0.0,0.0,0.0,0.0,0.0,0.005497171296609223,0.0,0.0,0.0,0.0,0.0,0.0
plot_10532,0.0,0.0,0.0,0.0,14.348231580457707,0.0,0.0,0.0,0.0,0.0,0.0,0.0,0.0,0.0,0.0,0.0,0.0
plot_16289,0.0,0.0,0.0,11.167132894465011,0.0,7.444755262976674,1.8611888157441685,0.0,0.0,0.0,0.0,0.0,0.0,0.0,2.6801118946716027,2.6801118946716027,4.0
plot_8180,0.0,0.0,0.0,4.206169609583337,0.0,4.206169609583337,0.0,0.0,0.0,0.0,0.0,0.0,0.0,0.0,9.800375190329175,9.800375190329175,1.5
plot_11994,3.356403010022219,16.782015050111095,43.63323913028885,13.425612040088875,6.712806020044438,13.425612040088875,16.782015050111095,0.0,0.0,0.0,0.0,9.112634172210324,0.0,3.356403010022219,30.21226875926536,42.681305941497904,2.37
plot_17062,0.0,25.985837718443452,38.97875657766517,0.0,0.0,12.992918859221726,6.496459429610863,0.0,0.0,0.0,0.0,0.0,0.0,0.0,8.640291041382447,8.640291041382447,3.0
plot_16703,0.0,0.0,12.887926590370142,51.55170636148057,0.0,0.0,0.0,0.0,0.0,0.0,0.0,0.0,0.0,0.0,12.887926590370142,12.887926590370142,0.0
plot_19199,0.0,10.527872302651444,0.4785396501205202,2.871237900723121,1.4356189503615604,0.9570793002410404,1.9141586004820808,0.9356601094508794,0.0,0.0,0.0,1.1413170655374405,1.2992351500772121,0.0,0.0,2.4405522156146526,2.5
plot_6209,0.0,0.0,0.0,0.0,0.0,10.232935726930698,0.0,0.9253697024987683,0.0,0.0,0.0,0.0,0.0,0.0,0.0,0.0,0.0
plot_6203,0.0,6.058623238455294,109.05521829219528,48.46898590764235,12.117246476910587,24.234492953821174,0.0,0.026215228208480785,0.736002502774246,0.0,0.0,0.0,0.0,0.0,6.058623238455294,6.058623238455294,0.0
plot_7640,3.10107648701786,10.681485677505963,1.0336921623392867,1.0336921623392867,3.4456405411309556,4.134768649357147,6.546717028148816,0.9431084593546686,0.0,0.0,0.0,1.490851418228984,0.0,1.1670710381359495,3.275667528779239,6.850130369085007,8.338461538461539
plot_10616,0.0,2.921418231694758,1.460709115847379,3.8952243089263443,1.9476121544631722,1.9476121544631722,2.921418231694758,0.0,0.0,0.0,0.0,0.6967616767335753,2.0808636530265496,0.0,4.45734572682116,8.717590809166374,5.115384615384615
plot_11881,0.0,0.0,0.0,0.0,0.0,0.0,0.0,0.0,0.0,0.0,0.0,0.0,0.0,0.0,0.0,0.0,0.0
plot_16347,0.0,0.0,0.0,1.1554415519890926,1.1554415519890926,1.1554415519890926,2.310883103978185,0.0,0.0,0.0,0.9078867709397852,0.0,0.0,1.9180329763018937,2.692178816134586,4.61021179243648,13.0
plot_6390,0.0,0.0,0.0,43.32333286399723,0.0,0.0,0.0,0.28266000623041426,0.0,0.0,0.0,10.830833215999307,10.830833215999307,0.0,0.0,50.47168278655678,7.5
plot_6391,1.1733515437492923,13.493542753116863,6.453433490621109,2.3467030874985846,1.1733515437492923,1.1733515437492923,1.7600273156239385,0.4630384102936105,0.0,0.0,0.0,0.812545944046385,1.1733515437492923,0.0,0.5866757718746461,8.632933983135418,0.4642857142857143
plot_6249,0.0,0.0,0.0,2.259202862861868,9.036811451447472,6.777608588585603,0.0,0.0,0.0,0.0,0.0,0.0,0.0,0.0,10.652323960959565,12.911526823821433,2.775
plot_6392,0.0,0.0,0.0,0.0,13.340982163106846,13.340982163106846,0.0,0.0,0.0,0.0,0.0,19.832217071715103,0.0,0.0,0.0,19.832217071715103,3.8
plot_16782,0.0,0.0,12.79459556283426,4.26486518761142,0.0,25.58919112566852,8.52973037522284,0.0,0.0,0.0,0.0,0.0,0.0,0.0,5.906838284841816,5.906838284841816,3.5
plot_6342,0.0,0.0,0.0,0.0,0.0,33.622486719117745,0.0,0.0,0.0,0.0,0.0,0.0,0.0,0.0,0.0,0.0,0.0
plot_6393,0.0,0.0,0.0,13.645636466598893,27.291272933197785,40.936909399796676,0.0,0.0,0.0,0.0,0.0,0.0,0.0,0.0,12.64903269469795,12.64903269469795,4.5
plot_17074,12.377769525931427,24.755539051862854,0.0,0.0,0.0,0.0,0.0,0.0,0.0,0.0,0.0,0.0,0.0,0.0,18.69058486822526,18.69058486822526,4.0
plot_6490,12.505836056826517,37.51750817047955,45.8547322083639,37.51750817047955,12.505836056826517,8.337224037884345,45.8547322083639,0.0,0.0,0.0,0.0,0.0,0.0,0.0,87.39189757053161,91.56050958947378,3.04375
plot_10156,5.411079726848696,0.0,0.0,16.233239180546086,0.0,0.0,0.0,0.0,0.0,0.0,0.0,0.0,0.0,0.0,15.182322611521046,15.182322611521046,3.25
plot_6696,0.0,0.0,0.0,55.412406837891005,0.0,0.0,0.0,0.0,0.0,0.0,0.0,0.0,0.0,0.0,75.22234228243704,75.22234228243704,3.25
plot_10155,10.405989687664219,62.43593812598532,10.405989687664219,0.0,0.0,0.0,15.60898453149633,0.0,0.0,0.0,0.0,8.102664058185262,5.202994843832109,0.0,15.194838965525696,59.6664369820974,4.722222222222222
plot_19488,2.198652665646492,17.589221325171938,8.794610662585969,8.794610662585969,4.397305331292984,2.198652665646492,2.198652665646492,0.0,0.0,0.0,0.0,0.0,2.198652665646492,2.198652665646492,0.0,32.23224807837757,2.5
plot_6714,0.0,0.0,4.931501444929924,0.0,0.0,4.931501444929924,0.0,0.0,0.0,0.0,0.0,0.0,0.0,0.0,0.0,14.794504334789771,0.0
plot_7085,0.0,17.83437218551314,8.91718609275657,8.91718609275657,26.75155827826971,8.91718609275657,53.50311655653942,0.0,0.0,0.0,0.0,0.0,0.0,14.802528913975905,17.83437218551314,65.27380219897809,11.666666666666666
plot_17014,0.7085811300593579,4.960067910415505,0.0,4.251486780356148,1.4171622601187157,2.125743390178074,2.8343245202374314,0.0,0.0,0.0,0.0,1.0960876755956699,0.0,0.0,2.125743390178074,6.764736716070533,0.5
plot_19589,0.0,2.9271434007552024,17.562860404531214,0.0,0.0,8.781430202265607,8.781430202265607,0.0,0.0,0.0,0.0,0.0,0.0,0.0,15.813243886371055,15.813243886371055,2.8
plot_6491,0.0,0.0,8.766393155200223,0.0,0.0,0.0,0.0,0.0,0.0,0.0,0.0,0.0,0.0,0.0,0.0,26.299179465600673,0.0
plot_10135,10.362264776589573,41.44905910635829,0.0,0.0,10.362264776589573,10.362264776589573,0.0,0.0,0.0,0.0,0.0,0.0,10.362264776589573,0.0,13.781812152864132,44.86860648263285,0.75
plot_6716,0.0,1.6320268958032427,0.8160134479016213,0.0,0.0,0.8160134479016213,0.0,0.0,0.0,0.0,0.0,0.0,0.0,0.0,0.8160134479016213,2.4480403437048643,0.0
plot_10133,0.0,3.26485837044389,6.52971674088778,0.0,0.0,3.26485837044389,6.52971674088778,0.0,0.0,0.0,0.0,0.0,0.0,0.0,0.0,21.743956747156307,5.833333333333333
plot_10132,0.0,5.869652624174948,0.9782754373624913,0.9782754373624913,0.0,1.9565508747249827,1.9565508747249827,0.0,0.0,0.0,0.0,0.0,0.0,1.6839005893045558,0.0,8.531828650841994,5.0
plot_6567,0.0,0.9084302325581395,0.0,1.816860465116279,0.0,0.9084302325581395,0.0,0.0,0.0,0.0,0.0,0.0,0.9084302325581395,0.0,1.2581758720930232,4.891896802325581,0.7
plot_10179,0.0,3.8150222860885212,2.543348190725681,2.543348190725681,0.6358370476814202,1.2716740953628405,0.6358370476814202,0.0,0.0,0.0,0.0,0.8456632734162889,0.6358370476814202,0.0,1.2716740953628405,6.568196702549071,0.3
plot_6373,5.253590829331848,15.760772487995544,0.0,0.0,0.0,0.0,10.507181658663695,0.0,0.0,0.0,0.0,0.0,0.0,0.0,0.0,0.0,0.0
plot_10131,0.0,0.0,0.0,2.169832814381652,6.509498443144956,13.018996886289912,8.679331257526608,0.0,0.0,0.0,0.0,0.0,0.0,3.78379407944194,7.071145007239813,10.854939086681751,29.333333333333332
plot_10180,0.0,0.0,5.322475483347304,0.0,0.0,5.322475483347304,0.0,0.0,0.0,0.0,0.0,0.0,0.0,0.0,4.2720746452661045,4.2720746452661045,4.0
plot_16315,0.0,0.0,0.0,0.0,0.0,0.0,0.0,0.0,0.0,0.0,0.0,0.0,0.0,0.0,0.0,0.0,0.0
plot_10134,0.0,0.0,23.11230267871588,3.8520504464526466,0.0,11.55615133935794,11.55615133935794,0.0,0.0,0.0,0.0,0.0,0.0,0.0,19.6454572769085,19.6454572769085,2.5
plot_10634,0.0,0.0,0.0,0.0,4.942811668989788,0.0,0.0,0.0,0.0,0.0,0.0,0.0,0.0,0.0,0.0,0.0,0.0
plot_10633,13.282799659960329,0.0,13.282799659960329,4.427599886653443,6.641399829980164,6.641399829980164,0.0,0.0,0.0,0.0,0.0,0.0,2.2137999433267215,7.466393306400008,2.2137999433267215,11.89399319305345,20.0
plot_12046,15.557092407714622,7.0714056398702825,16.971373535688677,1.4142811279740566,5.657124511896226,4.242843383922169,15.557092407714622,0.0,0.0,0.0,0.0,0.0,1.4142811279740566,0.0,3.419731767441269,4.834012895415325,1.2666666666666666
plot_10353,1.6132154610569789,8.066077305284894,1.6132154610569789,1.6132154610569789,0.0,1.6132154610569789,0.0,0.0,0.0,0.0,0.0,0.0,0.0,0.0,0.0,0.0,0.0
plot_10352,0.0,20.256517975017548,8.8071817282685,0.0,1.7614363456536999,5.284309036961099,1.7614363456536999,0.0,0.0,0.0,0.0,1.3820026791953484,3.3203075115572243,0.0,2.342710339719421,7.045020530471993,2.9166666666666665
plot_12044,1.9040383701812358,4.760095925453089,0.0,1.9040383701812358,0.9520191850906179,1.9040383701812358,12.376249406178033,0.0,0.0,0.0,0.0,0.0,0.0,0.0,0.0,0.0,0.0
plot_12045,1.7426642548193378,1.7426642548193378,3.4853285096386757,3.4853285096386757,0.0,6.970657019277351,3.4853285096386757,0.0,0.0,0.0,0.0,0.0,0.0,0.0,2.413589992924783,2.413589992924783,3.5
plot_17096,3.068796274890495,1.0229320916301652,0.0,1.0229320916301652,0.0,3.068796274890495,1.0229320916301652,0.0,0.0,0.0,0.0,0.0,0.0,0.0,5.092985641792096,5.092985641792096,4.0
plot_7160,3.1338699712579356,17.012436986828792,86.85296777486278,4.924652811976756,0.8953914203594101,5.372348522156461,16.564741276649087,0.0,0.0,0.0,0.0,1.8477647647122086,1.7907828407188202,0.7431748788983105,7.2526705049112214,15.663654380857908,2.2419354838709675
plot_6715,0.0,6.865019977208133,0.0,0.0,0.0,0.0,0.0,0.0,0.0,0.0,0.0,0.0,0.0,0.0,0.0,0.0,0.0
plot_7157,0.0,0.0,0.0,12.085030273000834,0.0,6.042515136500417,6.042515136500417,0.0,0.0,0.0,0.0,0.0,0.0,0.0,12.085030273000834,18.127545409501252,0.0
plot_5989,0.0,0.0,3.424434711440009,23.97104298008006,3.424434711440009,6.848869422880018,0.0,0.0,0.0,0.0,0.0,0.0,0.0,0.0,0.0,6.848869422880018,0.0
plot_7158,0.0,6.399563123157459,0.0,0.0,2.133187707719153,4.266375415438306,4.266375415438306,0.0,0.0,0.0,0.0,2.9544649751910272,0.0,0.0,0.0,9.354028098348486,0.875
plot_16344,0.0,76.27692337029586,9.534615421286983,0.0,0.0,0.0,9.534615421286983,0.0,0.0,0.0,0.0,6.3405192551558445,9.534615421286983,0.0,6.3405192551558445,84.19065416996406,0.35294117647058826
plot_16322,0.0,0.0,0.0,0.0,0.0,0.0,0.0,0.0,0.0,0.0,0.25560396356385306,0.0,0.0,0.0,0.0,0.0,0.0
plot_10404,0.0,0.0,0.0,0.0,0.0,6.895790809290009,0.0,0.0,0.0,0.0,0.6383563883343267,0.0,0.0,0.0,0.0,0.0,0.0
plot_10403,1.5337512703294895,1.5337512703294895,0.0,0.6135005081317958,1.5337512703294895,0.9202507621976938,0.0,0.0,0.8256366873634339,0.0,0.1509178226089428,0.0,0.0,0.0,0.0,0.0,0.0
plot_11678,2.975225298935762,2.975225298935762,38.677928886164906,5.950450597871524,2.975225298935762,8.925675896807286,2.975225298935762,0.0,0.0,0.0,0.0,0.0,0.0,0.0,9.907500245456088,9.907500245456088,1.0
plot_16314,0.0,0.0,0.0,0.0,0.0,0.0,0.0,0.0,0.0,0.0,0.0,0.0,0.0,0.0,0.0,0.0,0.0
plot_12043,0.0,0.0,0.0,0.0,2.0075886852301696,0.0,0.0,0.0,0.0,0.0,0.0,0.0,0.0,1.0037943426150848,0.0,1.0037943426150848,0.0
plot_11975,0.0,0.0,0.0,0.0,0.0,0.0,7.976135402874599,0.0,0.0,0.0,0.0,0.0,0.0,0.0,11.485634980139421,11.485634980139421,4.0
plot_10530,4.601409477457366,7.230786321718719,0.6573442110653381,5.916097899588043,3.2867210553266903,5.258753688522705,9.202818954914733,0.0,0.0,0.0,0.0,0.0,0.0,0.0,1.5677659433908313,1.5677659433908313,1.75
plot_12012,0.0,0.0,0.0,0.0,0.0,17.752529735487308,0.0,0.0,0.0,0.0,0.0,0.0,0.0,0.0,0.0,0.0,0.0
plot_10584,0.0,0.0,0.0,0.0,0.0,0.0,0.0,0.5128014932812939,0.0,0.0,0.0,0.0,0.0,0.0,0.0,0.0,0.0
plot_10630,0.0,0.7184034489112776,0.0,1.0776051733669165,0.7184034489112776,2.8736137956451104,2.8736137956451104,0.9091594435010434,0.0,0.0,0.0,0.0,0.47773829352599967,0.0,0.3592017244556388,0.8369400179816384,1.5
plot_10406,0.0,0.0,0.0,0.0,18.88681133964153,0.0,0.0,0.0,0.0,0.0,0.0,0.0,0.0,31.352106823804938,0.0,31.352106823804938,35.0
plot_10621,0.0,5.045650523107819,0.0,2.5228252615539093,0.0,0.0,0.0,0.7570035305195112,0.0,0.0,0.0,0.0,0.0,0.0,0.0,2.5228252615539093,0.0
plot_10755,3.218549142417581,9.655647427252743,0.0,0.0,0.0,6.437098284835162,3.218549142417581,0.7814638648096583,0.0,0.0,0.0,0.0,0.0,0.0,4.2806703594153825,7.499219501832964,1.5
plot_12066,0.0,0.0,0.0,0.4721343921104455,0.0,2.3606719605522275,0.0,0.0,0.0,0.0,0.0,0.0,0.4721343921104455,0.0,0.4721343921104455,0.944268784220891,0.0
plot_19930,0.0,0.0,0.0,0.0,0.0,1.729017935103041,0.8645089675515205,0.0,0.0,0.0,0.0,0.0,1.1497969268435222,0.0,0.0,1.1497969268435222,3.0
plot_11993,1.9740959134240499,289.2050513166233,0.0,8.883431610408225,0.0,5.92228774027215,2.961143870136075,0.0,0.0,0.0,0.0,0.0,62.652869052295785,0.0,0.0,62.652869052295785,0.36885245901639346
plot_10568,0.0,0.0,0.0,2.665429907189731,0.0,2.665429907189731,0.0,0.0,0.0,0.0,0.31021023775197704,0.0,0.0,0.0,11.576872599410244,11.576872599410244,3.8333333333333335
plot_10567,1.0930347453884863,153.0248643543881,21.860694907769727,3.279104236165459,5.465173726942432,5.465173726942432,10.930347453884863,0.0,0.0,0.0,0.0,0.0,9.946616183035225,0.0,2.7489387264058953,12.695554909441121,1.35
plot_11883,0.0,6.1864726588840835,6.1864726588840835,3.0932363294420417,0.0,6.1864726588840835,18.559417976652252,0.0,0.0,0.0,0.08430127793699586,0.0,0.0,0.0,0.0,0.0,0.0
plot_11977,2.351347792554692,286.86443069167245,0.0,11.756738962773461,0.0,11.756738962773461,9.405391170218769,0.0,0.0,0.0,0.0,0.0,27.00522939749064,2.351347792554692,3.127292564097741,32.48386975414307,1.375
plot_11884,1.7494476119165372,3.4988952238330744,3.4988952238330744,1.7494476119165372,0.0,6.997790447666149,5.248342835749612,0.0,0.0,0.0,0.0,0.0,0.0,0.0,0.0,0.0,0.0
plot_12067,16.32365231926452,2.176486975901936,0.0,0.0,2.176486975901936,5.4412174397548405,6.529460927705808,0.0,0.0,0.0,0.0,1.088243487950968,0.0,0.0,1.735480756097402,2.82372424404837,2.0
plot_11978,0.0,6.07076078774192,0.0,0.0,0.0,0.0,6.07076078774192,0.0,0.0,0.0,0.0,0.0,0.0,0.0,0.0,0.0,0.0
plot_19842,43.48116576186956,96.50697766658854,1.0605162380943796,61.509941809474014,31.815487142831387,18.028776047604453,46.6627144761527,0.0,0.9306781459070053,0.0,0.0,6.324344101483496,73.96813908784151,21.87372668041423,35.731157159352264,142.32713074515004,10.600000000000001
plot_11942,15.063916196421417,10.042610797614277,2.0085221595228555,1.0042610797614278,4.017044319045711,11.046871877375706,11.046871877375706,0.0,0.0,0.0,0.0,0.0,0.0,0.0,4.500301163148997,4.500301163148997,3.5
plot_7984,102.4334938900749,135.80198053608416,0.7760113173490523,46.560679040943135,19.400282933726306,8.536124490839574,54.32079221443366,0.0,0.9999998660682561,0.0,0.0,8.312486806526204,61.25923040777148,6.772718579285805,11.512668939742758,89.1973496690041,7.9171875
plot_18977,1.8517146878009039,5.555144063402711,3.7034293756018077,7.4068587512036155,7.4068587512036155,20.36886156580994,5.555144063402711,0.755882688125519,0.0,0.0,0.0,0.0,0.0,9.518974293567016,5.616780623994066,15.135754917561082,25.4
plot_19846,0.0,19.689108969373592,0.0,0.0,0.0,9.844554484686796,0.0,0.0,0.9999985116776289,0.0,0.0,0.0,0.0,0.0,0.0,0.0,0.0
plot_12382,0.0,0.0,0.0,0.0,0.0,2.838425468624045,0.0,0.0,0.0,0.0,0.0,0.0,0.0,0.0,0.0,0.0,0.0
plot_12379,0.0,0.0,0.0,0.0,0.0,8.101758081503686,0.0,0.0,0.0,0.0,0.0,0.0,0.0,0.0,0.0,0.0,0.0
plot_10758,0.0,0.5272087145491681,0.0,0.5272087145491681,0.0,0.0,0.0,0.0,0.0,0.0,0.0,0.0,0.0,0.0,0.0,0.0,0.0
plot_12021,0.0,45.787965091255415,54.94555810950649,27.472779054753246,0.0,9.157593018251083,73.26074414600866,0.0,0.0,0.0,0.0,0.0,0.0,0.0,32.29500199813027,32.29500199813027,1.1666666666666667
plot_10613,0.0,0.0,3.0219605875900166,0.0,0.0,9.065881762770049,0.0,0.0,0.0,0.0,0.0,0.0,0.0,0.0,0.0,0.0,0.0
plot_17663,0.0,0.0,0.48123565917735656,0.0,0.0,0.0,0.0,0.0,0.0,0.0,0.0,0.0,0.0,0.0,0.0,0.0,0.0
plot_12063,0.0,0.0,0.0,0.0,3.16620017984017,0.0,0.0,0.0,0.0,0.0,0.0,0.0,0.0,0.0,0.0,0.0,0.0
plot_10620,0.0,0.0,0.0,0.0,0.0,0.0,0.0,0.0,0.0,0.0,0.0,0.0,0.0,0.0,0.0,0.0,0.0
plot_10912,0.0,0.0,0.0,0.0,0.0,0.0,0.0,0.0,0.0,0.0,0.0,0.0,0.0,0.0,0.0,0.0,0.0
plot_10881,0.0,0.0,0.0,0.0,0.0,0.0,0.0,0.0,0.0,0.0,0.0,0.0,0.0,0.0,0.0,0.0,0.0
plot_16398,0.0,0.0,0.0,0.0,0.0,0.0,0.0,0.0,0.0,0.0,0.0,0.0,0.0,0.0,0.0,0.0,0.0
plot_16397,0.0,0.0,0.659581442808023,1.9787443284240689,0.0,0.0,0.0,0.0,0.0,0.0,0.0,0.0,0.0,1.0949051950613182,1.8270405965782237,2.9219457916395415,14.0
plot_10918,0.0,0.0,0.0,0.6248227065570144,0.0,0.0,0.0,0.0,0.0,0.0,0.0,0.0,0.0,0.0,2.1119007481627086,2.1119007481627086,3.2
plot_10759,0.0,0.0,0.0,1.3605664310165608,0.0,0.0,1.3605664310165608,0.0,0.0,0.0,0.0,0.0,0.0,0.0,0.0,0.0,0.0
plot_12335,0.0,0.0,0.0,0.0,0.0,0.0,0.0,0.0,0.0,0.0,0.0,0.0,0.0,0.0,0.0,0.0,0.0
plot_16384,0.0,0.0,0.0,0.0,0.0,0.0,0.0,0.0,0.0,0.0,0.0,0.0,0.0,0.0,5.843025734390595,5.843025734390595,1.5
plot_16394,0.0,0.0,0.0,0.0,0.0,0.0,0.0,0.0,0.0,0.0,0.0,0.0,0.0,0.0,0.4679553183835336,0.4679553183835336,0.0
plot_16396,0.0,0.0,0.0,3.363990500090828,3.363990500090828,0.0,0.0,0.0,0.0,0.0,0.0,0.0,0.0,0.0,0.0,0.0,0.0
plot_16370,0.0,0.0,0.0,1.2587490929139349,0.0,0.6293745464569674,0.0,0.0,0.0,0.0,0.0,0.0,0.0,0.0,0.0,0.0,0.0
plot_16376,0.0,0.0,0.0,1.41699458282971,0.0,0.0,0.0,0.0,0.0,0.0,0.0,0.0,0.0,0.0,0.708497291414855,1.41699458282971,0.0
plot_16378,0.0,0.0,0.0,0.0,0.0,0.0,0.0,0.0,0.0,0.0,0.0,0.0,0.0,0.0,0.0,0.0,0.0
plot_16373,0.0,0.0,0.0,0.0,0.0,1.3265801559527632,0.0,0.0,0.0,0.0,0.0,0.0,0.0,0.0,0.0,0.0,0.0
plot_16395,0.0,0.0,0.0,0.0,0.0,0.0,0.0,0.0,0.0,0.0,0.0,0.0,0.0,0.0,0.0,0.0,0.0
plot_16379,0.0,16.88352618072126,0.0,5.627842060240421,0.0,0.0,5.627842060240421,0.0,0.0,0.0,0.0,0.0,8.442069422706652,0.0,0.0,8.442069422706652,3.5
plot_16380,7.450843062892567,29.803372251570266,0.0,0.0,7.450843062892567,7.450843062892567,29.803372251570266,0.0,0.0,0.0,0.0,11.046807090458906,0.0,0.0,10.319417642106204,21.366224732565108,3.75
plot_11663,0.0,0.0,0.0,15.04060964604432,0.0,5.01353654868144,0.0,0.0,0.0,0.0,0.0,0.0,0.0,0.0,0.0,0.0,0.0
plot_11085,0.0,0.0,0.0,0.0,0.0,0.0,0.0,0.0,0.0,0.0,0.0,0.0,0.0,0.0,0.0,0.0,0.0
plot_11665,1.8706379062324041,3.7412758124648082,0.0,1.8706379062324041,1.8706379062324041,1.8706379062324041,0.0,0.9257268458981308,0.0,0.0,0.0,0.0,0.0,0.0,0.0,0.0,0.0
plot_11666,0.0,0.0,0.0,0.0,0.0,8.977144190889993,0.0,0.6458347720842117,0.0,0.0,0.0,0.0,0.0,0.0,8.977144190889993,8.977144190889993,0.0
plot_7184,0.0,0.0,0.0,0.3960932530267466,0.3960932530267466,0.0,0.0,0.9157710011149455,0.0,0.0,0.0,0.3960932530267466,0.3960932530267466,0.0,0.0,0.7921865060534932,0.0
plot_11664,1.3466979639273482,1.3466979639273482,1.3466979639273482,0.0,2.6933959278546964,5.386791855709393,1.3466979639273482,0.03483448012510032,0.0,0.0,0.0,0.0,0.0,0.0,1.8651766800393774,1.8651766800393774,3.5
plot_11190,0.0,10.072217801637741,5.036108900818871,5.036108900818871,5.036108900818871,0.0,0.0,0.006344312387245545,0.0,0.0,0.0,0.0,0.0,0.0,5.036108900818871,5.036108900818871,0.0
plot_16324,0.0,0.0,0.0,0.0,0.0,0.0,0.0,0.0,0.0,0.0,0.0,0.0,0.0,0.0,0.0,0.0,0.0
plot_6677,0.0,0.0,0.0,0.0,0.0,0.0,0.0,0.0,0.0,0.0,0.0,0.0,0.0,0.0,0.0,0.0,0.0
plot_7182,2.265595795054204,2.265595795054204,0.0,6.796787385162613,6.796787385162613,4.531191590108408,6.796787385162613,0.05550304312400605,0.0,0.0,0.0,0.0,0.0,0.0,0.0,0.0,0.0
plot_17073,0.0,0.0,0.0,0.0,0.0,0.0,0.0,0.0,0.0,0.0,0.0,0.0,0.0,0.0,0.0,0.0,0.0
plot_6518,0.0,13.705898823054888,1.9579855461506983,0.0,0.0,3.9159710923013966,5.873956638452095,0.0,0.0,0.0,0.0,0.0,0.0,0.0,0.0,0.0,0.0
plot_6397,0.0,0.0,0.0,0.0,0.0,4.686694474387215,0.0,0.0,0.0,0.0,0.0,0.0,0.0,0.0,0.0,0.0,0.0
plot_6519,0.0,0.0,0.0,1.794537964796549,1.794537964796549,3.589075929593098,0.8972689823982745,0.0,0.0,0.0,0.0,0.0,0.0,0.0,1.3385241009146667,3.133062065711216,1.0
plot_10892,0.0,5.403010557482629,37.82107390237841,10.806021114965258,2.7015052787413145,18.910536951189204,8.104515836223944,0.0,0.0,0.0,0.0,4.005319588160278,0.0,0.0,6.294507299467264,10.29982688762754,2.3333333333333335
plot_6758,0.0,0.0,0.0,0.0,5.916704632188056,0.0,0.0,0.0,0.0,0.0,0.0,0.0,0.0,0.0,0.0,0.0,0.0
plot_18917,1.500906547554723,6.003626190218892,1.500906547554723,6.003626190218892,4.502719642664169,3.001813095109446,10.50634583288306,0.0,0.0,0.0,0.0,1.500906547554723,1.500906547554723,0.0,0.0,5.493317964050286,11.666666666666666
plot_6396,0.0,0.0,0.0,0.0,0.0,0.0,0.0,0.0,0.0,0.0,0.0,0.0,0.0,0.0,0.0,0.0,0.0
plot_10854,5.752564924885883,8.628847387328825,25.886542161986476,2.8762824624429415,31.639107086872357,23.010259699543532,25.886542161986476,0.0,0.0,0.0,0.0,4.36631578296489,0.0,0.0,16.523407746703096,20.88972352966799,2.48
plot_6766,7.746633442216569,20.657689179244187,113.61729048584301,46.479800653299414,36.15095606367733,10.328844589622094,103.28844589622092,0.0,0.0,0.0,0.0,0.0,2.5822111474055234,4.476651648056897,93.85857087798432,100.91743367344672,4.537037037037037
plot_9015,0.0,6.596588903877805,26.38635561551122,16.49147225969451,0.0,6.596588903877805,13.19317780775561,0.0062930224335982195,0.0,0.0,0.0,0.0,0.0,0.0,17.746846334951297,17.746846334951297,2.75
plot_545,0.0,0.0,0.0,0.0,0.0,8.450121047984013,0.0,0.0,0.0,0.0,0.0,0.0,0.0,0.0,4.225060523992006,4.225060523992006,0.0
plot_9014,0.0,0.0,0.0,0.0,0.0,0.0,0.0,0.0,0.0,0.0,0.0,0.0,0.0,0.0,0.0,0.0,0.0
plot_11090,0.0,0.0,0.0,1.268223580207849,0.0,0.6341117901039245,0.6341117901039245,0.34400479613628565,0.0,0.0,0.0,0.0,0.0,0.0,1.0168478610839482,1.0168478610839482,4.0
plot_9012,0.0,0.0,0.0,0.0,0.0,17.14104508951911,0.0,0.6173565490693046,0.0,0.0,0.0,0.0,0.0,0.0,0.0,0.0,0.0
plot_6395,0.0,0.0,0.0,0.0,0.0,0.0,0.0,0.0,0.0,0.0,0.0,0.0,0.0,0.0,0.0,0.0,0.0
plot_6394,0.0,0.0,0.0,0.0,0.0,0.0,0.0,0.0,0.0,0.0,0.0,0.0,0.0,0.0,0.0,0.0,0.0
plot_11623,0.0,0.0,0.0,0.0,0.0,0.0,0.0,0.0,0.0,0.0,0.0,0.0,0.0,0.0,0.0,0.0,0.0
plot_6344,0.0,0.0,0.0,0.0,0.0,0.0,0.0,0.0,0.0,0.0,0.0,0.0,0.0,0.0,0.0,0.0,0.0
plot_16694,0.0,0.0,0.0,0.0,0.0,0.0,0.0,0.0,0.0,0.0,0.17546099367976073,0.0,0.0,0.0,0.0,0.0,0.0
plot_10891,0.0,0.0,0.0,0.0,0.0,0.0,0.0,0.0,0.0,0.0,0.0,0.0,0.0,0.0,0.0,0.0,0.0
plot_10893,0.0,0.0,0.0,0.0,0.0,11.69569269567442,1.4619615869593026,0.0,0.0,0.0,0.0,0.0,0.0,0.0,0.0,0.0,0.0
plot_7190,5.674193484323622,5.674193484323622,0.0,2.837096742161811,5.674193484323622,0.0,0.0,0.0,0.0,0.0,0.0,0.0,0.0,0.0,2.837096742161811,2.837096742161811,0.0
plot_16269,0.0,0.0,0.0,0.0,0.0,0.0,0.0,0.0,0.0,0.0,0.0,0.0,0.0,0.0,0.0,0.0,0.0
plot_5954,0.0,0.0,0.0,0.0,0.0,0.0,0.0,0.0,0.0,0.0,0.0,0.0,0.0,0.0,0.0,0.0,0.0
plot_16823,11.399648890814161,0.0,22.799297781628322,0.0,11.399648890814161,0.0,22.799297781628322,0.0,0.0,0.0,0.0,15.788513713777615,0.0,0.0,11.399648890814161,27.188162604591774,1.75
plot_10176,0.0,0.0,1.357596294305155,1.357596294305155,0.0,12.218366648746395,4.072788882915465,0.0,0.0,0.0,0.0,0.0,0.0,0.0,2.1610778768096126,2.1610778768096126,4.0
plot_16920,6.972965811548626,4.648643874365751,2.3243219371828756,2.3243219371828756,0.0,2.3243219371828756,2.3243219371828756,0.0,0.0,0.0,0.0,3.2191858829982825,3.0913481764532245,0.0,6.438371765996565,12.748905825448073,3.375
plot_16821,3.657885303348428,3.657885303348428,1.828942651674214,3.657885303348428,0.0,1.828942651674214,5.486827955022642,0.0,0.0,0.0,0.0,0.0,0.0,0.0,7.09629748849595,7.09629748849595,2.6666666666666665
plot_16822,0.0,0.0,10.583279828974199,0.0,0.0,0.0,0.0,0.0,0.0,0.0,0.0,0.0,0.0,0.0,0.0,0.0,0.0
plot_18516,26.880298562077446,32.08293699344728,10.405276862739656,20.810553725479313,4.335532026141523,12.139489673196266,11.272383267967962,0.0,0.0,0.0,0.0,0.0,0.0,0.0,5.223621339872159,5.223621339872159,12.975
plot_6923,23.5644217627534,8.415864915269072,79.10913020352928,10.099037898322887,11.7822108813767,13.465383864430516,40.39615159329155,0.0,0.0,0.0,0.0,7.556455181157753,0.0,0.0,13.061422348497599,27.051662075142445,5.708333333333333
plot_16844,15.530482454437447,3.8826206136093617,9.706551534023404,5.823930920414043,3.8826206136093617,9.706551534023404,9.706551534023404,0.0,0.0,0.0,0.0,0.0,0.0,0.0,1.9413103068046809,1.9413103068046809,0.0
plot_10208,3.796670573018834,6.3277842883647235,26.57669401113184,58.215615452955454,3.796670573018834,8.858898003710612,29.107807726477727,0.0,0.0,0.0,0.0,4.009513179854383,1.6831906207050165,2.100824383737088,45.88682651136621,55.43315094353973,5.338709677419355
plot_10209,0.0,0.0,10.209603152725453,12.762003940906816,0.0,22.97160709363227,7.65720236454409,0.0,0.0,0.0,0.0,0.0,0.0,0.0,3.675457134981163,3.675457134981163,4.0
plot_6577,0.0,1.0536275342376267,1.0536275342376267,0.0,0.0,6.32176520542576,1.0536275342376267,0.9746560514667542,0.0,0.0,0.0,0.0,0.0,0.0,0.0,0.0,0.0
plot_6843,27.479911179565132,8.713142569130408,12.06435124956518,13.404834721739089,10.053626041304316,10.053626041304316,28.150152915652086,0.0,0.0,0.0,0.0,0.9955709942615598,1.157036396135553,0.0,8.490506451766981,10.643113842164095,3.5181818181818185
plot_6768,0.0,0.0,0.0,0.0,0.0,0.0,0.0,0.9812197415595159,0.0,0.0,0.0,0.0,0.0,0.0,0.0,0.0,0.0
plot_6616,0.0,0.0,0.0,2.0120420717997214,1.0060210358998607,3.018063107699582,0.0,1.0000003007251417,0.0,0.0,0.0,0.0,0.0,0.0,1.5602013017488234,1.5602013017488234,3.5
plot_19484,7.752130285402429,7.752130285402429,44.962355655334086,6.201704228321943,0.0,7.752130285402429,20.155538742046314,0.1373440590855465,0.0,0.0,0.0,4.747831916011118,2.062066655917046,0.0,17.31897376760022,24.128872339528385,3.2454545454545456
plot_10119,0.0,0.0,0.6610551895146071,1.3221103790292141,0.6610551895146071,4.62738632660225,1.3221103790292141,0.0,0.0,0.0,0.3367347311094867,0.8792034020544275,0.0,0.0,0.0,0.8792034020544275,3.0
plot_6742,4.610272886662434,6.454382041327409,0.4610272886662435,2.7661637319974606,2.305136443331217,0.922054577332487,7.837463907326139,0.0,0.0,0.0,0.0,0.0,0.0,0.0,1.4579595244704269,1.4579595244704269,21.75
plot_6751,2.417228067885433,0.0,2.417228067885433,9.668912271541732,9.668912271541732,12.086140339427164,4.834456135770866,0.0,0.0,0.0,0.0,7.123113564902383,0.0,0.0,0.0,7.123113564902383,4.0
plot_19934,3.638891011575312,0.0,0.0,7.277782023150624,3.638891011575312,14.555564046301248,0.0,0.0,0.0,0.0,0.0,0.0,0.0,1.819445505787656,0.0,1.819445505787656,0.0
plot_16041,25.694130311162677,8.113935887735582,2.7046452959118605,1.3523226479559303,1.3523226479559303,3.380806619889826,2.7046452959118605,0.0,0.0,0.0,0.0,0.0,0.0,0.0,0.0,0.0,0.0
plot_6776,6.86233470351283,2.287444901170943,20.587004110538487,9.149779604683772,0.0,13.72466940702566,27.44933881405132,0.0,0.0,0.0,0.0,0.0,0.0,0.0,2.287444901170943,2.287444901170943,0.0
plot_10522,5.265827050796598,2.02531809646023,11.341781340177288,14.582290294513655,2.835445335044322,5.670890670088644,6.886081527964782,0.0,0.0,0.0,0.0,1.209372743457488,0.0,0.6724056080247964,1.7053178372195135,3.9921598079938434,8.357142857142858
plot_16891,8.314256733162244,3.4642736388176014,13.164239827506886,3.4642736388176014,0.0,3.4642736388176014,9.007111460925763,0.0,0.9993245968877054,0.0,0.0,0.0,0.0,1.1965277855938392,3.0209460617629427,4.217473847356782,15.375
plot_16732,0.0,0.0,0.0,0.0,0.0,0.0,0.0,0.0,0.9957740876949172,0.0,0.0,0.0,0.0,0.0,0.0,0.0,0.0
plot_16919,12.912055986674758,12.912055986674758,0.0,0.0,0.0,0.0,0.0,0.0,0.9994672292845443,0.0,0.0,0.0,0.0,0.0,0.0,0.0,0.0
plot_6775,0.0,0.0,30.672451676946586,61.34490335389317,0.0,19.518832885329644,39.03766577065929,0.0,0.0,0.0,0.0,3.984836589700555,0.0,0.0,14.342756383965785,18.32759297366634,2.6
plot_6309,0.0,0.0,0.0,1.3861051277573095,0.0,2.772210255514619,0.0,0.0,0.0,0.0,0.0,0.0,0.0,0.0,1.9197556019438737,1.9197556019438737,3.5
plot_6675,0.0,0.0,12.069787511390862,0.0,0.0,0.0,6.034893755695431,0.0,0.0,0.0,0.0,0.0,0.0,0.0,0.0,0.0,0.0
plot_6835,4.621905056826322,4.621905056826322,0.0,9.243810113652644,0.0,4.621905056826322,13.865715170478966,0.0,0.0,0.0,0.0,0.0,0.0,0.0,10.991993016508244,17.3933315202127,2.1666666666666665
plot_6601,0.0,1.204504364521565,0.0,0.0,0.0,3.6135130935646944,2.40900872904313,0.0,0.0,0.0,0.0,0.0,0.0,0.0,0.0,0.0,0.0
plot_6352,0.0,0.0,0.0,0.0,0.0,6.22087851246353,0.0,0.0,0.0,0.0,0.0,0.0,0.0,0.0,0.0,0.0,0.0
plot_19426,0.0,2.3978860236815223,2.3978860236815223,11.989430118407611,4.7957720473630445,0.0,4.7957720473630445,0.0,0.0,0.0,0.0,0.0,0.0,0.0,0.0,0.0,0.0
plot_10080,0.0,0.0,0.0,0.0,0.0,2.6076435246995997,0.0,0.9980534947000838,0.0,0.0,0.0,0.0,0.0,0.0,2.6076435246995997,2.6076435246995997,0.0
plot_6844,0.0,0.0,0.0,6.562971713591915,0.0,0.0,0.0,0.22465646432975117,0.0,0.0,0.0,0.0,0.0,0.0,0.0,0.0,0.0
plot_16848,0.0,0.0,0.0,1.8317937107194737,1.2211958071463158,0.0,0.6105979035731579,0.0,0.0,0.0,0.9805925910158608,0.0,0.0,0.0,0.0,0.0,0.0
plot_6767,0.0,0.0,0.0,6.57116572479958,0.0,6.57116572479958,0.0,0.0,0.0,0.0,0.0,0.0,0.0,0.0,0.0,0.0,0.0
plot_6841,18.838233576513996,10.047057907474132,17.582351338079732,5.651470072954199,5.023528953737066,6.907352311388466,21.34999805338253,0.0,0.0,0.0,0.0,0.0,2.948212209939869,0.0,7.636827864240375,10.585040074180244,6.954545454545454
plot_16797,5.972310873711754,14.184238325065415,35.087326383056556,5.225772014497784,9.7050051697816,5.225772014497784,41.806176115982275,0.0,0.8741403826256617,0.0,0.0,7.7536787498133855,87.21131578560393,5.038608590944057,28.370725043825747,136.16072847178881,4.31231884057971
plot_6842,2.324575881130488,55.78982114713171,4.649151762260976,30.219486454696344,0.0,0.0,16.272031167913415,0.0,0.0,0.0,0.0,0.0,164.1893314276221,0.0,15.853917881584147,187.01697695259773,1.1666666666666667
plot_16796,49.91279940339524,2.936047023729132,2.936047023729132,8.808141071187396,20.552329166103924,0.0,23.488376189833055,0.0,0.0,0.0,0.0,8.419990790135664,0.0,0.0,5.736828053045725,14.15681884318139,3.8666666666666667
plot_11568,4.027552486560561,5.0344406082007005,10.068881216401401,3.0206643649204206,2.0137762432802804,2.0137762432802804,4.027552486560561,0.0,0.0,0.0,0.0,0.0,5.23753661614846,0.0,2.472821047491445,8.717245785280046,0.375
plot_11795,5.811723408459545,5.811723408459545,7.748964544612727,9.686205680765909,9.686205680765909,9.686205680765909,13.560687953072273,0.0,0.0,0.0,0.0,3.0223701311925097,0.0,6.5743193512659,4.833416634702188,14.430106117160598,15.8
plot_16701,13.191915993878952,52.76766397551581,0.0,0.0,65.95957996939475,39.57574798163685,0.0,0.0,0.0,0.0,0.0,0.0,0.0,0.0,0.0,0.0,0.0
plot_16799,18.764256437019533,299.0553369649988,9.382128218509767,7.036596163882324,1.1727660273137208,10.554894245823487,62.1565994476272,0.0,0.0,0.0,0.0,6.392571046739606,33.913151534734965,0.0,132.7620307508988,178.21007641285777,3.172641509433962
plot_11569,0.0,0.0,15.405709355887293,84.73140145738012,7.702854677943646,15.405709355887293,7.702854677943646,0.0,0.0,0.0,0.0,0.0,0.0,0.0,12.339023817423675,12.339023817423675,5.0
plot_16987,0.0,2.5910024847713826,18.137017393399677,12.955012423856912,0.0,10.36400993908553,20.72801987817106,0.0,0.0,0.0,0.9796418986767534,0.0,0.0,0.0,10.765615324225095,10.765615324225095,3.5
plot_16956,0.0,0.0,0.0,0.0,0.0,0.0,0.0,0.0,0.0,0.0,1.0000007047637507,0.0,0.0,0.0,0.0,0.0,0.0
plot_6846,0.0,0.0,0.0,0.0,0.0,1.7111611340549302,0.0,0.0,0.0,0.0,0.9904536913329949,0.0,0.0,0.0,0.0,0.0,0.0
plot_17758,3.755558226174739,0.0,0.0,0.0,7.511116452349478,0.0,11.266674678524218,0.0,0.0,0.0,0.13803912231048535,0.0,0.0,6.234226655450068,6.564198999408847,12.798425654858915,19.6
plot_19184,0.0,7.066338788546878,0.0,42.39803273128127,0.0,7.066338788546878,14.132677577093755,0.0,0.0,0.0,0.0,9.398230588767348,0.0,0.0,0.0,9.398230588767348,3.0
plot_17084,0.0,0.3190122360333253,0.0,1.5950611801666266,0.0,1.2760489441333012,0.6380244720666506,0.0,0.0,0.0,0.0,0.0,0.0,0.0,0.3190122360333253,0.3190122360333253,0.0
plot_11548,0.0,0.0,0.0,35.71132677578144,0.0,2.856906142062515,2.856906142062515,0.0,0.0,0.0,0.0,0.0,0.0,0.0,1.8998425844715725,1.8998425844715725,3.0
plot_16705,0.0,0.0,0.0,41.33483975860453,27.55655983906969,27.55655983906969,0.0,0.0,0.0,0.0,0.0,0.0,0.0,0.0,0.0,0.0,0.0
plot_16706,14.444813589680626,0.0,0.0,0.0,0.0,14.444813589680626,14.444813589680626,0.0,0.0,0.0,0.0,0.0,0.0,0.0,0.0,0.0,0.0
plot_16702,0.0,0.0,0.0,0.0,0.0,0.0,10.628912768512908,0.0,0.0,0.0,0.0,0.0,0.0,0.0,0.0,0.0,0.0
plot_16798,0.0,0.0,2.5562698909750896,0.0,2.5562698909750896,0.0,0.0,0.0,0.09380082266097559,0.0,0.0,0.0,0.0,4.2434080190186485,0.0,4.2434080190186485,34.0
plot_16827,2.644600123238366,2.644600123238366,55.53660258800568,7.933800369715097,2.644600123238366,13.223000616191829,39.66900184857548,0.0,0.0358139907224174,0.0,0.0,0.0,0.0,9.078901164980822,20.289372145484744,29.368273310465568,12.275
plot_16317,5.477921238448434,1.825973746149478,0.0,0.0,7.303894984597912,3.651947492298956,5.477921238448434,0.0,0.9999999324056761,0.0,0.0,2.528973638417027,0.0,0.0,2.4285450823788057,4.957518720795832,3.25
plot_6615,0.0,1.7281603732826407,0.0,1.7281603732826407,1.7281603732826407,0.0,1.7281603732826407,0.0,0.9732657045093976,0.0,0.0,0.0,1.7281603732826407,2.8687462196491835,0.0,4.596906592931824,17.0
plot_6312,16.20624061810602,66.85074254968733,0.0,0.0,10.12890038631626,2.0257800772632524,24.309360927159027,0.0,0.9999992690387224,0.0,0.0,3.2778062074735232,0.0,0.0,7.860026699781418,11.137832907254941,3.25
plot_6311,2.2570357446750884,2.2570357446750884,0.0,2.2570357446750884,2.2570357446750884,9.028142978700354,6.771107234025265,0.0,0.9018682899162799,0.0,0.0,0.0,0.0,0.0,0.0,0.0,0.0
plot_6310,78.45631015844046,80.52094989945205,4.129279482023182,0.0,0.0,4.129279482023182,24.775676892139092,0.0,1.0000009863001071,0.0,0.0,6.017320065321865,26.41297113096895,0.0,2.064639741011591,34.4949309373024,2.423076923076923
plot_6749,1.3501026888105108,0.0,0.0,2.7002053776210215,0.5400410755242043,5.130390217479941,2.970225915383124,0.0,0.0,0.0,0.0,0.8056728614589331,2.098059578411534,0.0,2.7524526494829042,5.656185089353372,1.7529411764705882
plot_6668,2.5718069944577557,4.2863449907629265,6.000882987068096,1.7145379963051706,0.8572689981525853,3.429075992610341,10.287227977831023,0.0,0.0,0.0,0.0,0.0,0.0,0.0,4.183472710984616,4.183472710984616,2.0
plot_16894,1.7350071525669863,2.8627618017355276,0.4337517881417466,1.7350071525669863,0.0,3.643515020390671,1.127754649168541,0.0,0.0,0.0,0.0,0.6107360196187047,0.24513366020271163,0.0,0.5403383517413926,1.6317352525237772,3.746153846153846
plot_11996,6.2990142042770305,0.0,25.196056817108122,12.598028408554061,0.0,18.89704261283109,12.598028408554061,0.0,0.0,0.0,0.0,0.0,0.0,0.0,20.97571730024251,20.97571730024251,1.0
plot_7453,0.0,0.0,3.716879698077862,0.4646099622597327,0.0,0.4646099622597327,0.0,0.0,0.0,0.0,0.03400036346551548,0.0,0.0,0.0,0.0,0.0,0.0
plot_7558,0.0,0.0,0.0,0.0,0.0,0.0,0.0,0.0,0.0,0.0,0.3103306609187005,0.0,0.0,0.0,0.0,0.0,0.0
plot_7451,4.407318499278669,10.28374316498356,1.4691061664262228,1.4691061664262228,1.4691061664262228,2.9382123328524457,11.752849331409783,0.0,0.0,0.0,0.0,0.0,0.0,0.0,0.0,0.0,0.0
plot_7452,0.0,0.0,0.0,0.0,0.0,0.0,0.0,0.0,0.0,0.0,0.0,0.0,0.0,0.0,0.0,0.0,0.0
plot_16978,0.0,0.0,0.0,11.840344790840309,0.0,0.0,0.0,0.0,0.0,0.0,0.0,0.0,0.0,0.0,0.0,0.0,0.0
plot_7599,0.0,0.0,0.0,0.0,6.117554935643322,6.117554935643322,0.0,0.0,0.0,0.0,0.0,0.0,0.0,0.0,0.0,0.0,0.0
plot_7635,0.0,9.686449625618723,29.059348876856166,9.686449625618723,0.0,19.372899251237445,0.0,0.0,0.0,0.0,0.0,0.0,0.0,0.0,9.686449625618723,9.686449625618723,0.0
plot_12609,0.0,0.0,0.0,0.0,0.0,0.0,0.0,0.0,0.0,0.0,0.0,0.0,0.0,0.0,0.0,0.0,0.0
plot_12610,3.65386231516024,3.65386231516024,7.30772463032048,0.0,0.0,3.65386231516024,0.0,0.0,0.0,0.0,0.0,0.0,0.0,0.0,0.0,0.0,0.0
plot_7557,0.0,0.0,0.0,0.0,7.230814840524379,0.0,0.0,0.0,0.0,0.0,0.02130413209077214,0.0,0.0,0.0,0.0,0.0,0.0
plot_17759,0.0,0.0,0.0,0.0,0.0,11.178829978939085,0.0,0.0,0.0,0.0,0.0,0.0,0.0,0.0,0.0,0.0,0.0
plot_19335,0.0,0.0,0.0,0.760865926293396,2.282597778880188,0.0,0.0,0.0,0.0,0.0,0.8407571687842972,0.0,0.0,1.2630374376470375,0.0,1.2630374376470375,34.0
plot_7641,0.8663574348195984,2.599072304458795,0.4331787174097992,0.8663574348195984,4.331787174097992,3.0322510218685945,1.2995361522293976,5.689368032479101e-05,0.0,0.0,0.0,0.0,0.0,0.0,0.0,0.0,0.0
plot_7598,0.0,3.1296063894044046,0.0,3.1296063894044046,0.0,0.0,0.0,0.0,0.0,0.0,0.0,0.0,0.0,0.0,0.0,0.0,0.0
plot_7634,1.8450933432722363,3.6901866865444726,5.535280029816708,9.225466716361181,3.6901866865444726,7.380373373088945,0.0,0.010459164682162198,0.0,0.0,0.0,5.009428426984122,0.0,0.0,5.510598459734261,10.520026886718382,3.5
plot_11810,2.831577755125156,0.0,0.0,8.494733265375467,0.0,5.663155510250312,2.831577755125156,0.8265646081136457,0.0,0.0,0.0,0.0,0.0,0.0,0.0,0.0,0.0
plot_11853,0.0,0.0,0.0,2.8258985120937856,0.0,0.0,0.0,5.72455990738626e-07,0.0,0.0,0.0,0.0,0.0,0.0,0.0,0.0,0.0
plot_11809,2.434525466353641,5.680559421491829,0.0,1.623016977569094,0.0,3.246033955138188,3.246033955138188,0.9610804709111511,0.0,0.0,0.0,1.2447472388341723,0.811508488784547,0.0,4.2692422609984515,8.260945734368315,2.1875
plot_11773,0.0,0.0,0.0,9.611133537089364,0.0,0.0,9.611133537089364,1.000000339369722,0.0,0.0,0.0,0.0,0.0,0.0,13.856935455383143,13.856935455383143,3.0
plot_6204,0.0,1.6937812820230524,3.387562564046105,0.0,1.6937812820230524,8.468906410115261,1.6937812820230524,0.9150273924700221,0.0,0.0,0.0,0.0,0.0,0.0,0.0,0.0,0.0
plot_6190,0.0,0.0,0.0,27.93920429146178,0.0,0.0,0.0,0.0,0.90899235215883,0.0,0.0,0.0,0.0,0.0,0.0,0.0,0.0
plot_17600,0.0,0.0,0.0,11.357785383287396,0.0,7.571856922191597,3.7859284610957986,0.9674284268332292,0.0,0.0,0.0,0.0,0.0,0.0,10.278795771875092,10.278795771875092,3.25
plot_11807,11.5989993929857,11.5989993929857,57.994996964928504,11.5989993929857,23.1979987859714,11.5989993929857,19.331665654976167,0.9370459964655696,0.0,0.0,0.0,0.0,0.0,0.0,3.8663331309952333,11.5989993929857,0.0
plot_6178,2.9132339060473744,9.988230535019568,0.0,2.9132339060473744,0.8323525445849641,3.7455864506323384,9.572054262727086,0.99057982834385,0.0,0.0,0.0,1.5689845465426573,0.0,0.6908526120055203,2.48081755631463,5.465409381167297,7.722222222222222
plot_11808,0.0,0.0,0.0,0.0,0.0,33.89945421878708,0.0,0.9999903475431409,0.0,0.0,0.0,0.0,0.0,0.0,0.0,0.0,0.0
plot_17383,5.771755912442463,5.771755912442463,0.0,0.0,0.0,0.0,1.4429389781106157,0.0,0.0,0.0,0.0,3.9175793255703213,0.0,0.0,0.0,3.9175793255703213,3.25
plot_19412,3.269827827215758,1.634913913607879,1.634913913607879,0.0,1.634913913607879,0.0,1.634913913607879,0.0,0.0,0.0,0.0,2.5036179385748807,0.0,2.713957096589079,0.0,5.217575035163961,17.0
plot_6205,0.6185952197435799,7.423142636922959,2.4743808789743196,3.7115713184614796,3.0929760987179,11.753309175128019,2.4743808789743196,0.9655589664546205,0.0,0.0,0.0,0.8567543793448582,0.8920382464061686,1.0733714244702106,2.018347304852705,4.840511355073943,9.8
plot_16035,0.0,3.3889689062102857,0.0,23.722782343472,3.3889689062102857,0.0,6.777937812420571,0.0,0.0,0.0,0.0,0.0,0.0,5.625688384309075,4.656443277132933,10.282131661442008,18.7
plot_10529,0.0,10.952302721647227,0.0,0.0,0.0,0.0,0.0,0.0,0.0,0.0,0.0,0.0,0.0,0.0,0.0,0.0,0.0
plot_12611,0.0,0.0,0.0,0.0,0.0,0.0,0.0,0.0,0.0,0.0,0.0,0.0,0.0,0.0,0.0,0.0,0.0
plot_7638,2.5593120569191,15.3558723415146,5.1186241138382,2.5593120569191,2.5593120569191,5.1186241138382,10.2372482276764,0.0,0.0,0.0,0.0,0.0,0.0,2.5593120569191,0.0,5.963197092621503,1.5
plot_7637,0.0,9.12896025707152,0.0,4.56448012853576,0.0,0.0,0.0,0.0,0.0,0.0,0.0,0.0,0.0,0.0,0.0,0.0,0.0
plot_7597,0.0,0.0,0.0,0.0,0.0,0.0,0.0,0.0,0.0,0.0,0.0,0.0,0.0,0.0,0.0,0.0,0.0
plot_7560,0.0,0.0,9.629388894907258,0.0,9.629388894907258,2.4073472237268145,0.0,0.0,0.0,0.0,0.0,0.0,3.334175904861638,0.0,0.0,3.334175904861638,3.5
plot_7636,0.0,0.0,0.0,1.201023752646756,0.0,0.0,0.0,0.0,0.0,0.0,0.0,0.0,0.0,0.0,0.0,0.0,0.0
plot_7596,11.9746616160205,7.983107744013667,15.966215488027334,19.957769360034167,23.949323232041,0.0,47.898646464082,0.0,0.0,0.0,0.0,0.0,5.528302112729464,0.0,38.61109317222176,44.13939528495122,8.928571428571429
plot_7559,11.297264932159925,16.945897398239886,28.243162330399812,16.945897398239886,0.0,0.0,11.297264932159925,0.0,0.0,0.0,0.0,8.343772637328957,0.0,0.0,0.0,8.343772637328957,4.0
plot_6072,0.0,0.0,0.0,0.0,0.0,0.0,0.0,0.0,0.0,0.0,0.0,0.0,0.0,0.0,0.0,0.0,0.0
plot_17384,0.0,0.0,0.0,1.1103720967933566,0.0,1.1103720967933566,0.0,0.0,0.0,0.0,0.0,0.0,0.0,0.0,1.5378653540587988,1.5378653540587988,3.5
plot_17416,0.7228436669859226,6.505593002873304,0.0,1.4456873339718452,0.0,0.7228436669859226,0.7228436669859226,0.0,0.0,0.0,0.0,0.0,0.7228436669859226,0.0,1.7239821457614255,5.370728445705406,6.166666666666667
plot_17385,4.134315646730997,0.0,0.0,8.268631293461993,0.0,16.537262586923987,0.0,0.0,0.0,0.0,0.0,0.0,0.0,0.0,0.0,0.0,0.0
plot_17415,0.0,0.0,0.0,0.0,0.0,0.0,0.0,0.0,0.0,0.0,0.0,0.0,0.0,0.0,0.0,0.0,0.0
plot_16030,0.0,0.0,0.0,0.0,3.5534582255451004,0.0,3.5534582255451004,0.0,0.0,0.0,0.0,0.0,0.0,0.0,8.983668138919825,8.983668138919825,2.0
plot_16032,0.0,0.0,0.0,7.723379441908601,0.0,0.0,11.5850691628629,0.0,0.0,0.0,0.0,0.0,0.0,0.0,15.177229119686693,15.177229119686693,2.3333333333333335
plot_16029,0.0,0.0,0.0,0.0,0.0,0.0,3.5017193441980012,0.0,0.0,0.0,0.0,0.0,0.0,0.0,0.0,0.0,0.0
plot_6051,0.0,0.0,0.0,0.0,0.0,0.0,0.0,0.0,0.0,0.0,0.0,0.0,0.0,0.0,10.409937671316584,10.409937671316584,1.75
plot_16033,0.0,0.0,10.10762089346315,5.053810446731575,0.0,5.053810446731575,10.10762089346315,0.0,0.0,0.0,0.0,4.456598796386185,0.0,0.0,15.224242532126084,19.68084132851227,3.3600000000000003
plot_16038,0.0,0.0,3.594949814500589,4.793266419334119,1.1983166048335296,4.793266419334119,0.0,0.0,0.0,0.0,0.0,1.6457292793349492,0.0,0.0,4.451746186956562,6.097475466291511,2.375
plot_6206,21.759576026749773,13.29751868301375,2.417730669638864,12.088653348194319,6.044326674097159,15.715249352652615,21.759576026749773,0.9950583493549011,0.0,0.0,0.0,1.8871303081494277,0.0,2.0650304284034284,10.56263830708187,14.514799043634726,8.275
plot_16034,1.6825442761526268,10.09526565691576,0.0,3.3650885523052536,0.0,3.3650885523052536,3.3650885523052536,0.0,0.0,0.0,0.0,2.4007255414204995,2.237783887282994,0.0,4.695911170689228,9.33442059939272,3.25
plot_6207,1.573398241255446,0.0,0.0,0.786699120627723,0.0,2.360097361883169,0.0,1.0000003737590346,0.0,0.0,0.0,1.132675041248895,0.0,0.0,2.840377696217737,3.973052737466632,1.625
plot_16018,38.28740440113714,38.28740440113714,4.785925550142142,9.571851100284285,0.0,14.357776650426427,14.357776650426427,0.0,0.0,0.0,0.0,49.331546559870304,29.77140552240833,0.0,0.0,85.46823306396769,3.146153846153846
plot_17230,11.786105752798218,27.50091342319584,0.0,7.857403835198811,0.0,3.9287019175994056,0.0,0.0,0.0,0.0,0.0,0.0,5.441252155875177,0.0,3.9287019175994056,14.811206229349759,2.3333333333333335
plot_16012,0.0,0.0,0.0,9.3328853548363,0.0,0.0,0.0,0.0,0.0,0.0,0.0,0.0,0.0,0.0,0.0,0.0,0.0
plot_17231,24.059282071023002,18.04446155326725,18.04446155326725,6.0148205177557506,6.0148205177557506,12.029641035511501,24.059282071023002,0.0,0.0,0.0,0.0,0.0,7.999711288615149,10.333534366578098,0.0,18.33324565519325,26.5
plot_16014,108.7705304376201,63.449476088611725,0.0,0.0,0.0,0.0,63.449476088611725,0.0,0.0,0.0,0.0,39.96817269500426,12.55393205467532,0.0,37.4554343996232,89.97753914930279,3.5142857142857147
plot_16013,0.0,0.0,0.0,0.0,0.0,2.3229397266829115,2.3229397266829115,0.0,0.0,0.0,0.0,0.0,0.0,0.0,3.432659856683426,3.432659856683426,3.0
plot_20011,0.0,7.936969876553661,10.582626502071548,10.582626502071548,5.291313251035774,10.582626502071548,5.291313251035774,0.0,0.0,0.0,0.0,0.0,0.0,0.0,7.576624560196957,7.576624560196957,3.3
plot_6172,0.0,0.0,0.0,0.0,7.071685677714998,0.0,0.0,0.0,0.0,0.0,0.0,0.0,0.0,0.0,0.0,0.0,0.0
plot_16031,0.0,0.0,15.23385877451223,0.0,3.8084646936280575,0.0,0.0,0.0,0.0,0.0,0.0,0.0,0.0,0.0,3.8084646936280575,3.8084646936280575,0.0
plot_16017,13.937767866476182,0.0,0.0,0.0,0.0,6.968883933238091,0.0,0.0,0.0,0.0,0.0,21.87282930126987,0.0,24.13020689038312,0.0,46.00303619165299,25.35
plot_16036,6.591450888198007,10.985751480330011,0.0,4.394300592132005,4.394300592132005,6.591450888198007,4.394300592132005,0.0,0.0,0.0,0.0,12.68824160492657,3.0430531600514135,3.6472694914695643,0.0,19.378564256447547,9.666666666666666
plot_16028,0.0,10.492408742274964,41.96963496909986,52.46204371137482,10.492408742274964,15.738613113412447,5.246204371137482,0.0,0.0,0.0,0.0,0.0,0.0,0.0,35.51680359260075,35.51680359260075,1.1666666666666667
plot_16020,0.0,0.0,0.0,4.950952563273175,0.0,0.0,0.0,0.0,0.0,0.0,0.0,2.1949223030511074,0.0,0.0,0.0,2.1949223030511074,3.0
plot_16016,0.3190565116083926,0.6381130232167852,0.3190565116083926,1.2762260464335704,0.6381130232167852,0.3190565116083926,0.6381130232167852,0.0,0.0,0.0,0.0,0.0,0.0,1.078178643041847,1.413420346425179,2.4915989894670263,22.4
plot_16026,0.0,0.0,0.0,0.0,0.0,0.0,1.498210387691902,0.0,0.0,0.0,0.0,0.0,0.0,0.0,2.2233442153347824,2.2233442153347824,4.4
plot_5046,0.0,0.0,0.0,0.8211434586890938,0.0,1.6422869173781875,0.0,0.0,0.0,0.0,0.0,0.0,0.0,0.0,0.0,0.0,0.0
plot_16025,0.0,0.0,7.508087282587244,0.0,0.0,1.0725838975124633,1.0725838975124633,0.0,0.0,0.0,0.0,0.0,0.0,3.5609785397413787,1.0725838975124633,7.486635604636994,21.0
plot_6173,0.0,3.8356647782410405,0.0,3.8356647782410405,0.0,7.671329556482081,3.8356647782410405,0.0,0.0,0.0,0.0,0.0,0.0,0.0,0.0,0.0,0.0
plot_6050,0.0,0.0,0.0,0.0,0.0,0.0,0.0,0.0,0.0,0.0,0.0,0.0,0.0,0.0,0.0,0.0,0.0
plot_73,0.0,0.0,0.0,0.0,0.0,0.0,0.0,0.0,0.0,0.0,0.0,0.0,0.0,3.9313854818197105,0.0,3.9313854818197105,34.0
plot_161,0.0,0.0,0.0,0.0,0.0,0.0,0.0,0.0,0.0,0.0,0.0,0.0,0.0,0.0,0.0,0.0,0.0
plot_17160,0.5801525743255218,0.0,0.0,0.5801525743255218,1.7404577229765656,2.3206102973020872,0.0,0.0,0.0,0.0,0.9468055725225417,0.0,0.0,0.9630532733803664,0.0,0.9630532733803664,40.5
plot_5045,0.0,0.0,0.0,0.0,1.2495860746127845,2.499172149225569,0.0,0.0,0.0,0.0,0.0,0.0,0.0,0.0,5.054575671808713,5.054575671808713,3.1666666666666665
plot_5204,0.0,0.0,0.0,4.632954203247701,0.0,0.0,0.0,0.0,0.0,0.0,0.0,0.0,0.0,4.632954203247701,0.0,15.427737496814846,1.0
plot_67,0.0,0.536413059512347,0.0,2.145652238049388,0.0,0.0,1.072826119024694,0.0,0.0,0.0,0.0,0.0,0.0,0.0,1.3088478652101265,2.7357066035129693,8.5
plot_102,0.0,0.0,0.0,0.0,0.0,0.0,0.0,0.0,0.0,0.0,0.0,0.0,0.0,0.0,0.0,0.0,0.0
plot_5801,0.0,0.0,0.0,0.0,0.0,0.0,0.0,0.0,0.0,0.0,0.0,0.0,0.0,0.0,0.0,0.0,0.0
plot_17261,0.0,0.0,2.162508163468317,0.0,0.0,8.650032653873268,2.162508163468317,0.0,0.0,0.0,0.0,3.260267228654676,0.0,0.0,8.353089570454218,11.613356799108892,2.825
plot_17228,0.0,11.171478470699075,3.7238261568996918,29.790609255197534,26.06678309829784,14.895304627598767,11.171478470699075,0.0,0.0,0.0,0.0,5.157499227306073,0.0,0.0,0.0,5.157499227306073,3.5
plot_17342,0.0,0.0,0.0,1.5417918087684785,0.0,0.0,0.0,0.0,0.0,0.0,0.0,0.0,0.0,0.0,0.0,0.0,0.0
plot_17343,0.0,0.0,0.0,0.0,2.3865949733536675,4.773189946707335,0.0,0.0,0.0,0.0,0.0,0.0,0.0,3.961747655767088,0.0,3.961747655767088,36.0
plot_16019,0.0,0.0,0.0,0.0,0.0,10.296169310208137,0.0,0.0,0.0,0.0,0.0,0.0,0.0,0.0,0.0,0.0,0.0
plot_17259,0.0,11.91511670856816,2.97877917714204,2.97877917714204,0.0,2.97877917714204,8.93633753142612,0.0,0.0,0.0,0.0,0.0,0.0,0.0,12.79528835965539,12.79528835965539,3.5
plot_17454,0.0,0.0,0.3201949859386372,0.3201949859386372,0.3201949859386372,0.3201949859386372,0.0,0.0,0.0,0.0,0.0,0.0,0.0,0.0,0.0,0.0,0.0
plot_49,0.0,0.0,0.0,1.6587846748201462,0.0,3.3175693496402925,0.0,0.9894967757252127,0.0,0.0,0.0,0.0,0.0,0.0,4.0983340239341555,4.0983340239341555,1.75
plot_50,5.339969134978399,26.699845674891996,0.0,0.0,0.0,0.0,16.019907404935196,0.8752318103975589,0.0,0.0,0.0,0.0,0.0,0.0,22.584144021037552,22.584144021037552,3.3333333333333335
plot_17227,7.7042196010755095,15.408439202151019,0.0,0.0,0.0,0.0,23.112658803226527,0.0,0.0,0.0,0.0,0.0,0.0,0.0,0.0,0.0,0.0
plot_16027,0.0,0.0,0.0,0.0,0.0,0.0,0.0,0.0,0.0,0.0,0.0,0.0,0.0,0.0,0.0,0.0,0.0
plot_5176,0.0,0.0,3.4651235316539033,0.0,6.930247063307807,0.0,0.0,0.0,0.0,0.0,0.0,0.0,0.0,0.0,0.0,0.0,0.0
plot_5205,0.0,0.0,0.0,4.251242779972679,0.0,1.4170809266575597,1.4170809266575597,0.0,0.0,0.0,0.0,0.0,0.0,0.0,0.0,0.0,0.0
plot_5206,0.0,0.0,0.0,0.0,0.0,0.0,0.0,0.0,0.0,0.0,0.0,0.0,0.0,0.0,0.0,0.0,0.0
plot_20328,14.150949464386564,28.301898928773127,0.0,5.145799805231478,0.0,2.572899902615739,2.572899902615739,0.0,0.03468149016626686,0.0,0.0,0.0,1.7817331825613991,0.0,1.7817331825613991,3.5634663651227982,3.5
plot_20329,0.0,12.728314134792848,0.0,2.121385689132141,0.0,0.0,4.242771378264282,0.0,0.0,0.0,0.0,6.336317716068517,0.0,0.0,2.9944345457177053,9.330752261786222,3.3333333333333335
plot_20327,1.2773806543254664,1.2773806543254664,1.2773806543254664,5.109522617301866,2.554761308650933,6.3869032716273315,3.832141962976399,0.0,0.9274437791781445,0.0,0.0,0.0,1.2773806543254664,0.0,0.0,4.323933514891704,1.1666666666666667
plot_20326,0.0,19.860184302510326,0.0,19.860184302510326,0.0,0.0,19.860184302510326,0.0,0.06545578486917483,0.0,0.0,26.414045122338734,0.0,0.0,0.0,87.98061646012074,12.333333333333334
plot_20330,0.0,0.0,0.0,0.0,0.0,6.988950469308024,0.0,0.0,0.0,0.0,0.0,0.0,0.0,0.0,0.0,0.0,0.0
plot_4225,0.0,0.0,0.0,1.8572861335017272,0.0,0.0,0.0,0.26354432997126404,0.0,0.0,0.0,0.0,0.9682265889377817,0.0,0.0,0.9682265889377817,0.0
plot_10614,0.0,0.0,5.372098395354209,0.0,0.0,0.0,0.0,0.0,0.0,0.0,0.0,0.0,0.0,0.0,0.0,0.0,0.0
plot_19865,0.0,0.0,0.0,15.549197661400672,0.0,0.0,0.0,0.0,0.0,0.0,0.0,0.0,0.0,0.0,7.774598830700336,7.774598830700336,0.0
plot_7276,0.0,7.852252025881023,0.0,15.704504051762045,0.0,0.0,0.0,0.0,0.0,0.0,0.0,0.0,0.0,0.0,0.0,7.852252025881023,0.0
plot_7554,0.0,0.0,0.0,0.0,1.3688635557873499,2.7377271115746997,0.0,0.0,0.0,0.0,0.0,0.0,0.0,0.0,0.0,0.0,0.0
plot_10612,0.7271949835181257,1.8179874587953144,1.8179874587953144,0.0,0.0,0.7271949835181257,1.4543899670362515,0.0,0.0,0.0,0.0,0.0,0.0,0.0,0.6510570768746976,1.0146545686337605,1.75
plot_10611,0.0,0.0,0.0,0.0,0.0,0.0,0.0,0.0,0.0,0.0,0.0,0.0,0.0,0.0,0.0,0.0,0.0
plot_7553,0.0,0.0,0.0,10.182418018806926,2.5456045047017315,2.5456045047017315,0.0,0.0,0.0,0.0,0.0,0.0,0.0,0.0,0.0,4.225703477804874,35.0
plot_7277,0.0,0.0,0.0,0.0,1.7446100273205931,1.7446100273205931,1.7446100273205931,0.0,0.0,0.0,0.0,0.0,0.0,0.0,0.0,0.0,0.0
plot_7284,0.0,1.526794479721879,0.0,3.053588959443758,0.0,6.107177918887516,1.526794479721879,0.7675166992362835,0.0,0.0,0.0,0.0,0.0,0.0,4.229220708829605,4.229220708829605,3.5
plot_9956,0.0,0.0,9.402870696423618,0.0,0.0,0.0,0.0,0.0,0.0,0.0,0.0,0.0,0.0,0.0,0.0,0.0,0.0
plot_10917,0.0,0.0,0.0,0.0,0.0,0.0,0.0,0.0,0.0,0.0,0.0,0.0,0.0,0.0,0.0,0.0,0.0
plot_12334,0.0,0.0,0.0,2.357131324036022,0.0,1.178565662018011,0.0,0.0,0.0,0.0,0.0,0.0,0.0,0.0,0.0,0.0,0.0
plot_12314,0.0,0.0,0.0,0.0,0.0,0.0,1.284541866002587,0.0,0.0,0.0,0.0,0.0,0.0,0.0,0.6401300298912892,1.0683106518921515,2.25
plot_10913,0.0,0.0,0.0,17.60625374132892,0.0,0.0,0.0,0.0,0.0,0.0,0.0,0.0,0.0,0.0,0.0,0.0,0.0
plot_12315,0.0,0.0,0.0,5.27632092694406,0.0,0.0,0.0,0.0,0.0,0.0,0.0,0.0,0.0,0.0,0.0,0.0,0.0
plot_19469,0.0,0.0,0.0,0.0,0.0,0.0,40.02615041827327,0.7018075271529238,0.0,0.0,0.0,0.0,0.0,0.0,13.342050139424423,13.342050139424423,0.0
plot_10589,0.0,5.685727119212641,28.428635596063202,17.05718135763792,5.685727119212641,5.685727119212641,22.742908476850562,0.791867425301445,0.0,0.0,0.0,0.0,0.0,0.0,7.562017068552812,7.562017068552812,3.0
plot_10535,0.0,0.0,9.90165184306872,0.0,0.0,9.90165184306872,7.426238882301539,0.8792553098740838,0.0,0.0,0.0,0.0,0.0,0.0,10.285340851987632,10.285340851987632,3.5
plot_12056,0.0,0.2896841168516203,0.0,0.2896841168516203,0.0,0.2896841168516203,0.2896841168516203,0.0,0.0,0.0,0.0,0.0,0.0,0.0,0.0,0.0,0.0
plot_11976,0.0,0.0,0.0,0.0,0.0,0.0,0.0,0.0,0.0,0.0,0.0,0.0,0.0,0.0,0.0,0.0,0.0
plot_7280,10.686615014694096,17.81102502449016,0.0,3.562205004898032,0.0,14.248820019592127,0.0,0.0025861912133298927,0.0,0.0,0.0,0.0,0.0,0.0,3.562205004898032,3.562205004898032,0.0
plot_6061,0.5172786590481866,0.5172786590481866,3.6209506133373064,5.172786590481866,2.586393295240933,3.1036719542891196,0.0,0.0,0.0,0.0,0.0,0.5172786590481866,0.0,0.8586825740199898,0.0,1.3759612330681765,17.5
plot_6208,0.0,0.0,0.0,34.96154230346619,0.0,0.0,0.0,0.0,0.0,0.0,0.0,0.0,0.0,0.0,0.0,0.0,0.0
plot_7552,9.050019457541834,13.57502918631275,4.525009728770917,0.0,0.0,0.0,0.0,0.0,0.0,0.0,0.0,0.0,0.0,0.0,0.0,4.525009728770917,0.0
plot_7278,0.0,10.347789194838523,0.0,0.0,0.0,0.0,0.0,0.0,0.0,0.0,0.0,0.0,0.0,0.0,0.0,0.0,0.0
plot_7279,0.0,4.837765532855684,4.837765532855684,0.0,0.0,0.0,24.18882766427842,0.0,0.0,0.0,0.0,6.885128553246582,0.0,8.030690784540436,7.212724814326311,22.128544152113328,13.833333333333334
plot_7281,0.0,1.0543796293855603,0.0,0.0,0.0,0.0,1.0543796293855603,0.0,0.0,0.0,0.0,0.0,0.0,1.7502701847800302,1.460315786699001,6.373724859635712,7.5
plot_10477,2.5116351498315947,0.0,3.348846866442126,2.093029291526329,2.9302410081368606,2.093029291526329,5.0232702996631895,0.0,0.0,0.0,0.0,1.1952778770394485,0.0,0.7465537040698386,2.1579131995636454,4.099744780672932,8.0
plot_18421,0.0,0.0,0.0,4.96321020436018,0.0,0.0,0.0,0.0,0.0,0.0,0.0,0.0,0.0,0.0,3.6635146666606975,3.6635146666606975,4.0
plot_10478,0.0,0.0,0.0,0.0,6.646682308525699,0.0,0.0,0.0,0.0,0.0,0.0,0.0,0.0,0.0,0.0,0.0,0.0
plot_12062,1.0094178687151119,1.0094178687151119,0.0,2.0188357374302237,0.0,4.037671474860447,2.0188357374302237,0.0,0.0,0.0,0.0,1.4366078188053957,0.0,1.0398043743793575,1.4215621752395184,3.897974368424272,2.3333333333333335
plot_9955,43.78829370492753,13.4733211399777,6.73666056998885,3.368330284994425,16.841651424972127,3.368330284994425,13.4733211399777,0.0,0.0,0.0,0.0,0.0,0.0,0.0,4.479879279042586,15.881677293748714,1.625
plot_17053,0.0,0.0,0.7377177373901908,0.0,0.0,0.0,0.7377177373901908,0.0,0.0,0.0,0.0,0.0,0.0,0.0,0.0,0.7377177373901908,0.0
plot_9954,0.0,12.699003974788246,4.233001324929415,0.0,4.233001324929415,8.46600264985883,12.699003974788246,0.0,0.0,0.0,0.0,5.8627068350272395,0.0,0.0,10.545288806542807,16.407995641570047,2.1666666666666665
plot_6074,8.525912379198479,4.262956189599239,4.262956189599239,8.525912379198479,8.525912379198479,4.262956189599239,8.525912379198479,0.0,0.0,0.0,0.0,6.571764737206092,0.0,7.0765072747347375,0.0,13.64827201194083,19.75
plot_6053,0.0,2.3720346601704545,0.0,0.0,0.0,2.3720346601704545,0.0,0.0,0.0,0.0,0.0,0.0,0.0,0.0,0.0,0.0,0.0
plot_6062,31.82399210764996,0.0,2.6519993423041632,2.6519993423041632,2.6519993423041632,10.607997369216653,0.0,0.0,0.0,0.0,0.0,0.0,0.0,0.0,3.5271591252645376,3.5271591252645376,3.0
plot_18101,1.2913089740808463,5.165235896323385,0.0,1.2913089740808463,0.0,1.2913089740808463,5.165235896323385,0.0,0.0,0.0,0.0,0.0,0.0,0.0,0.0,0.0,0.0
plot_6052,0.0,1.9684961870228854,0.0,0.9842480935114427,0.0,0.0,0.0,0.0,0.0,0.0,0.0,1.309049964370219,0.0,0.0,0.9842480935114427,3.2775461513931043,1.0
plot_6060,5.431663338264076,7.242217784352102,3.621108892176051,12.673881122616178,0.0,9.052772230440127,10.863326676528152,0.0,0.0,0.0,0.0,5.457636196110968,0.0,0.0,11.922095605332938,17.379731801443906,2.7142857142857144
plot_16377,0.0,0.0,0.0,0.0,0.0,0.0,0.0,0.0,0.0,0.0,0.0,0.0,0.0,0.0,0.0,0.0,0.0
plot_10405,0.0,0.0,1.7158868818731994,0.8579434409365997,0.0,1.7158868818731994,0.0,0.006289425902044046,0.0,0.0,0.0,0.0,0.0,0.7269839897052253,0.0,0.7269839897052253,42.0
plot_8189,0.0,0.0,0.0,0.0,0.0,0.0,0.0,0.0,0.0,0.0,0.0,0.0,0.0,0.0,0.0,0.0,0.0
plot_2789,0.0,20.754638661740895,0.0,1.886785332885536,0.0,0.0,7.547141331542144,0.0,0.0,0.0,0.12826035435838928,0.0,2.74572611484786,0.0,2.509424492737763,7.141935940471159,2.1666666666666665
plot_2816,3.071097441315167,16.891035927233418,1.5355487206575835,0.0,0.0,0.0,7.677743603287918,0.0,0.0,0.0,0.2939273980648129,0.0,8.012023018503914,2.6001958336468416,2.3489330491607445,17.045711498260673,10.5625
plot_2813,0.0,22.333611107621486,0.0,0.0,0.0,1.395850694226343,4.187552082679028,0.0,0.0,0.0,0.006893992059130209,0.0,1.395850694226343,0.0,3.252332117547379,13.023286977131779,0.3333333333333333
plot_12240,0.9231538999098079,3.6926155996392316,0.0,2.769461699729424,0.0,1.8463077998196158,0.0,0.0,0.0,0.0,0.0,0.0,0.0,0.0,0.0,0.9231538999098079,0.0
plot_5771,0.0,0.0,0.0,4.442627903257335,0.0,0.0,0.0,0.0,0.0,0.0,0.0,0.0,0.0,0.0,0.0,0.0,0.0
plot_5729,0.0,0.0,1.1218421545651684,3.3655264636955056,0.0,1.1218421545651684,1.1218421545651684,0.0,0.0,0.0,0.0,0.0,0.0,0.0,1.1218421545651684,1.1218421545651684,0.0
plot_62,0.0,26.225931151685543,0.0,36.71630361235976,0.0,0.0,20.980744921348435,0.0,0.0,0.0,0.0,0.0,0.0,0.0,5.245186230337109,5.245186230337109,0.0
plot_6075,0.0,0.0,0.0,6.347493533490963,0.0,9.521240300236444,0.0,0.0,0.0,0.0,0.0,0.0,0.0,0.0,4.570195344113493,4.570195344113493,4.0
plot_10479,0.0,0.0,0.0,0.0,0.0,0.0,0.0,0.0,0.0,0.0,0.0,0.0,0.0,0.0,0.0,0.0,0.0
plot_19054,0.0,0.0,0.0,0.44997331658232664,0.0,1.7998932663293066,0.0,0.07893570409693401,0.0,0.0,0.0,0.0,0.0,0.7469557055266622,0.6479615758785503,1.3949172814052127,19.0
plot_6076,0.0,0.0,7.5787144226724825,7.5787144226724825,0.0,7.5787144226724825,0.0,0.0,0.0,0.0,0.0,0.0,0.0,0.0,0.0,0.0,0.0
plot_6218,0.0,0.0,0.0,0.0,0.0,0.0,0.0,0.4635944563353056,0.0,0.0,0.0,0.0,0.0,0.0,0.0,6.927506530618135,26.666666666666668
plot_6217,0.0,0.0,0.0,4.756333057466016,0.0,9.512666114932031,0.0,0.0,0.0,0.0,0.0,0.0,0.0,0.0,6.849119602751062,6.849119602751062,4.0
plot_6073,0.0,0.0,0.0,0.0,2.0986314824103203,2.0986314824103203,0.0,0.6398672291501921,0.0,0.0,0.0,0.0,0.0,0.0,0.0,0.0,0.0
plot_17161,0.0,4.689646979007577,4.689646979007577,0.0,0.0,1.5632156596691922,3.1264313193383844,0.0,0.0,0.0,0.0,0.0,0.0,0.0,0.0,0.0,0.0
plot_139,0.0,0.0,1.3469591723205279,2.6939183446410557,0.0,1.3469591723205279,1.3469591723205279,0.0,0.0,0.0,0.0,0.0,0.0,0.0,1.865538453663931,1.865538453663931,3.5
plot_114,0.0,0.0,0.0,0.0,0.0,0.0,0.0,0.0,0.0,0.0,0.0,0.0,0.0,0.0,0.0,0.0,0.0
plot_6056,0.0,32.607455151162725,13.586439646317803,2.7172879292635606,5.434575858527121,16.303727575581362,10.869151717054242,0.0,0.0,0.0,0.0,0.0,0.0,4.699993760331527,15.878100368933886,20.578094129265413,16.7
plot_6055,0.0,0.0,0.0,2.5892112744615736,10.356845097846294,2.5892112744615736,0.0,0.0,0.0,0.0,0.0,0.0,0.0,4.470328087125022,0.0,4.470328087125022,45.0
plot_77,2.540170682535395,6.350426706338488,0.0,4.233617804225659,1.6934471216902636,7.19715026718362,15.241024095212373,0.0,0.0,0.0,0.0,0.0,0.0,1.4836577771235606,9.1946941630434,10.678351940166959,8.95625
plot_6054,0.0,0.0,0.0,3.59010996506823,0.0,7.18021993013646,0.0,0.0,0.0,0.0,0.0,0.0,0.0,6.482301259713474,0.0,6.482301259713474,35.0
plot_116,5.133377993721878,8.983411489013287,0.0,0.0,0.0,0.0,1.2833444984304696,0.0,0.0,0.0,0.0,2.566688996860939,0.0,0.0,0.0,2.566688996860939,0.0
plot_115,0.0,0.8696612582433018,0.0,1.7393225164866035,0.0,1.7393225164866035,0.0,0.0,0.0,0.0,0.0,0.0,0.0,0.0,1.7393225164866035,1.7393225164866035,0.0
plot_4565,2.7126000271260002,5.4252000542520005,0.9042000090420002,1.8084000180840003,0.9042000090420002,4.52100004521,14.467200144672002,0.0,0.0,0.0,0.0,0.0,0.0,0.0,9.356462802928645,9.356462802928645,3.5
plot_4621,1.802165482043223,0.0,7.208661928172892,1.802165482043223,0.0,3.604330964086446,12.615158374302561,0.0,0.0,0.0,0.0,2.711583454736381,0.0,0.0,2.695434297342816,5.407017752079198,4.1
plot_4515,0.0,0.0,1.7580624745080942,0.0,0.0,0.0,0.0,0.0,0.0,0.0,0.0,0.0,0.0,0.0,0.0,0.0,0.0
plot_4564,0.0,0.0,0.0,10.207518858391092,0.0,0.0,0.0,0.0,0.0,0.0,0.0,0.0,0.0,0.0,0.0,0.0,0.0
plot_63,0.0,6.584622273143301,0.0,6.584622273143301,0.0,9.876933409714951,3.2923111365716506,0.0,0.0,0.0,0.0,0.0,0.0,0.0,4.910441726646382,4.910441726646382,3.0
plot_5731,0.0,0.0,0.0,9.413448051886926,0.0,9.413448051886926,0.0,0.0,0.0,0.0,0.0,0.0,0.0,0.0,0.0,9.413448051886926,0.0
plot_5765,0.0,0.0,0.0,0.0,0.0,0.0,0.0,0.0,0.0,0.0,0.0,0.0,0.0,0.0,0.0,2.025673384474834,0.0
plot_5736,0.0,0.0,0.0,0.0,0.0,0.0,0.0,0.0,0.0,0.0,0.0,0.0,0.0,0.0,0.0,0.0,0.0
plot_4476,0.0,10.670194944461635,1.3337743680577043,2.6675487361154087,0.0,5.335097472230817,6.668871840288522,0.0,0.0,0.0,0.0,0.0,0.0,0.0,3.621197409276667,3.621197409276667,3.25
plot_5730,0.0,0.0,0.0,0.0,0.7267737640485368,0.7267737640485368,0.7267737640485368,0.0,0.0,0.0,0.0,0.0,0.0,0.0,1.9731907693917774,1.9731907693917774,3.25
plot_134,1.9030364850154906,17.127328365139416,0.0,0.9515182425077453,0.0,4.757591212538727,11.418218910092943,0.0,0.0,0.0,0.0,1.2655192625353013,0.0,1.5795202825628574,2.2170375050430464,6.9651135351566955,6.0
plot_66,0.0,0.0,0.0,14.8629266588884,0.0,0.0,0.0,0.0,0.0,0.0,0.0,0.0,0.0,0.0,10.292576711280217,10.292576711280217,3.5
plot_135,2.1156498853317762,6.346949655995328,0.0,4.2312997706635525,0.0,2.1156498853317762,2.1156498853317762,0.0,0.0,0.0,0.0,2.93017509118451,0.0,0.0,0.0,2.93017509118451,3.5
plot_65,0.0,0.0,0.0,0.0,0.0,0.0,0.0,0.0,0.0,0.0,0.0,0.0,0.0,0.0,0.0,0.0,0.0
plot_133,0.0,0.0,0.4464209982152088,0.8928419964304176,1.7856839928608352,3.1249469875064615,1.3392629946456265,0.9796572454997161,0.0,0.0,0.0,0.0,0.0,0.0,0.6889175136545591,0.6889175136545591,3.5
plot_103,0.0,0.0,0.0,0.0,0.0,0.0,0.0,0.9854625040097374,0.0,0.0,0.0,0.0,0.0,0.0,0.0,0.0,0.0
plot_132,0.0,0.6189214180232393,0.0,1.4441499753875584,1.4441499753875584,2.475685672092957,1.0315356967053988,0.955967574296967,0.0,0.0,0.0,0.0,0.0,0.6993359639223983,0.6932179538088195,1.3925539177312178,19.625
plot_58,0.0,0.0,8.872405930316125,0.0,0.0,4.436202965158063,4.436202965158063,0.0,0.0,0.0,0.0,0.0,0.0,0.0,0.0,0.0,0.0
plot_59,0.0,18.906629609672635,1.8906629609672634,7.5626518438690535,1.8906629609672634,1.8906629609672634,1.8906629609672634,0.0,0.0,0.0,0.0,0.0,0.0,0.0,0.0,1.8906629609672634,0.0
plot_68,0.0,0.0,6.2668421382465365,0.0,0.0,6.2668421382465365,0.0,0.0,0.0,0.0,0.0,0.0,0.0,0.0,0.0,0.0,0.0
plot_70,0.0,0.0,6.504445788696573,0.0,6.504445788696573,0.0,0.0,0.0,0.0,0.0,0.0,0.0,0.0,0.0,0.0,0.0,0.0
plot_57,41.96089244823824,5.994413206891178,0.0,2.997206603445589,2.997206603445589,5.994413206891178,14.986033017227944,0.0,0.0,0.0,0.0,13.220131676715425,0.0,0.0,13.773370160535439,32.98791504414204,2.8125
plot_118,0.0,0.0,0.0,3.118188706544143,0.0,3.118188706544143,0.0,0.0,0.0,0.0,0.0,0.0,0.0,0.0,0.0,0.0,0.0
plot_17132,0.0,0.0,0.0,19.687514686250875,0.0,6.9858923080245034,0.6350811189113185,0.0,0.0,0.0,0.0,0.0,0.0,0.0,1.7591746993843522,2.6579988376011454,3.3333333333333335
plot_5819,0.0,4.429482636428065,4.429482636428065,0.0,0.0,0.0,0.0,0.0,0.0,0.0,0.0,0.0,0.0,0.0,7.103456199803235,13.238289651256105,3.75
plot_4477,0.0,0.0,0.5092826956944222,0.0,0.0,0.0,0.0,0.0,0.0,0.0,0.0,0.0,0.0,0.0,0.0,0.0,0.0
plot_5820,0.0,0.0,0.621117240848148,1.863351722544444,0.0,1.863351722544444,0.0,0.0,0.0,0.0,0.0,0.0,0.0,0.0,0.0,0.0,0.0
plot_5821,0.0,0.0,3.664883090229422,0.0,0.0,3.664883090229422,0.0,0.0,0.0,0.0,0.0,0.0,0.0,0.0,0.0,0.0,0.0
plot_129,0.0,0.0,5.278716216216217,5.278716216216217,0.0,0.0,0.0,0.0,0.0,0.0,0.0,0.0,0.0,0.0,5.278716216216217,5.278716216216217,0.0
plot_5800,0.0,7.005891955134268,14.011783910268536,28.02356782053707,7.005891955134268,7.005891955134268,7.005891955134268,0.0,0.0,0.0,0.0,0.0,0.0,0.0,21.657910737816135,21.657910737816135,3.25
plot_19667,0.0,0.0,0.0,0.0,0.0,4.603627658594974,0.0,0.0,0.0,0.0,0.0,0.0,0.0,0.0,0.0,0.0,0.0
plot_101,0.0,0.0,6.326551270371494,25.306205081485977,0.0,0.0,6.326551270371494,0.0,0.0,0.0,0.0,0.0,0.0,0.0,0.0,6.326551270371494,0.0
plot_69,0.0,0.0,6.544031516055782,16.360078790139454,3.272015758027891,0.0,0.0,0.0,0.0,0.0,0.0,0.0,0.0,0.0,5.7405618391416535,5.7405618391416535,3.5
plot_94,0.0,0.0,0.0,0.0,0.0,0.0,0.0,0.0,0.0,0.0,0.0,0.0,0.0,0.0,0.0,0.0,0.0
plot_18581,0.0,8.565677330934944,0.0,0.0,0.0,8.565677330934944,34.26270932373978,0.0,0.0,0.0,0.0,0.0,0.0,0.0,0.0,0.0,0.0
plot_5803,0.0,0.0,0.0,1.5094385190596804,0.0,0.0,0.0,0.0,0.0,0.0,0.0,0.0,0.0,0.0,2.0905723488976573,3.6000108679573373,1.75
plot_5802,0.0,0.0,0.0,6.087612925219763,0.0,3.0438064626098815,0.0,0.0,0.0,0.0,0.0,0.0,0.0,0.0,0.0,8.431343901429372,3.5
plot_5818,1.7394571502125618,13.915657201700494,3.4789143004251235,0.0,0.0,1.7394571502125618,8.69728575106281,0.0,0.0,0.0,0.0,0.0,0.0,0.0,7.218836518058485,8.958293668271047,2.25
plot_5799,0.0,3.243383497664764,0.0,6.486766995329528,0.0,6.486766995329528,3.243383497664764,0.0,0.0,0.0,0.0,0.0,0.0,0.0,4.4920861442656985,4.4920861442656985,3.5
plot_18117,4.039702193154321,2.0198510965771606,0.0,2.0198510965771606,2.0198510965771606,0.0,0.0,0.0,0.0,0.0,0.0,0.0,0.0,0.0,2.0198510965771606,2.0198510965771606,0.0
plot_4347,0.0,0.0,0.0,0.0,0.0,2.6486207307544594,0.0,0.0,0.0,0.0,0.0,0.0,0.0,0.0,3.668339712094926,3.668339712094926,3.5
plot_4284,0.9110870179210816,1.8221740358421632,0.4555435089605408,0.4555435089605408,0.4555435089605408,1.8221740358421632,2.7332610537632447,0.0,0.0,0.0,0.0,0.4555435089605408,0.0,0.4555435089605408,1.2368006268278682,2.6034311537094905,1.3
plot_18548,0.0,0.0,0.0,0.0,0.0,0.0,0.0,0.0,0.0,0.0,0.0,0.0,0.0,0.0,0.0,0.0,0.0
plot_4682,0.0,0.0,0.0,0.0,0.0,0.0,0.0,0.0,0.0,0.0,0.0,0.0,0.0,0.0,12.170897308562777,12.170897308562777,4.5
plot_17257,0.0,0.0,0.0,0.0,0.0,0.0,0.0,0.0,0.0,0.0,0.0,0.0,0.0,0.0,0.0,0.0,0.0
plot_4235,0.0,0.0,0.0,6.044505695435492,0.0,0.0,0.0,0.0,0.0,0.0,0.0,0.0,0.0,0.0,0.0,0.0,0.0
plot_4452,4.619407052910688,13.858221158732063,0.0,4.619407052910688,0.0,0.0,13.858221158732063,0.0,0.0,0.0,0.0,0.0,0.0,0.0,0.0,0.0,0.0
plot_4271,8.972915255301873,13.459372882952808,0.0,8.972915255301873,0.0,4.486457627650936,17.945830510603745,0.0,0.0,0.0,0.0,6.883136940004947,0.0,0.0,5.966988644775745,12.850125584780693,3.75
plot_109,0.0,0.0,0.0,49.79738688212336,0.0,0.0,0.0,0.0,0.0,0.0,0.0,0.0,0.0,0.0,0.0,0.0,0.0
plot_4230,0.0,0.0,0.0,0.0,0.0,0.0,0.0,0.0,0.0,0.0,0.0,0.0,0.0,0.0,0.0,0.0,0.0
plot_4229,0.0,0.0,41.27171924225124,30.265927444317576,2.751447949483416,11.005791797933664,13.75723974741708,0.0,0.0,0.0,0.0,0.0,0.0,0.0,22.989654198218144,22.989654198218144,2.8333333333333335
plot_110,0.0,0.0,1.2315938302075482,0.0,0.0,2.4631876604150964,0.0,0.6373198355956755,0.0,0.0,0.0,0.0,0.0,0.0,0.0,0.0,0.0
plot_87,2.0477578075885807,10.238789037942905,8.191031230354323,8.191031230354323,0.0,6.143273422765742,10.238789037942905,0.2990135528320797,0.0,0.0,0.0,2.0477578075885807,0.0,0.0,8.682387056025032,10.730144863613612,2.125
plot_4227,0.0,13.205474989930826,19.80821248489624,4.401824996643609,2.2009124983218045,6.602737494965413,6.602737494965413,0.0,0.0,0.0,0.0,3.0482638101756994,0.0,3.653514747214196,20.760843024744627,27.46262158213452,11.333333333333334
plot_4241,0.0,0.24938881037297844,0.24938881037297844,0.4987776207459569,0.0,1.2469440518648922,0.0,0.44843034487438044,0.0,0.0,0.0,0.0,0.0,0.0,0.24938881037297844,0.24938881037297844,0.0
plot_16418,0.0,0.0,0.0,21.641508413136396,10.820754206568198,0.0,0.0,0.23085201917768014,0.0,0.0,0.0,0.0,0.0,0.0,0.0,0.0,0.0
plot_4237,0.0,0.0,0.0,0.0,0.0,0.0,0.0,0.0,0.0,0.0,0.0,0.0,0.0,0.0,0.0,2.9773158306860035,0.0
plot_4297,3.0123839102550587,33.136223012805644,3.0123839102550587,9.037151730765176,0.0,0.0,9.037151730765176,0.0,0.0,0.0,0.0,8.833441945016677,0.0,0.0,3.0123839102550587,16.017977570974992,2.625
plot_18467,0.0,0.0,0.0,0.0,0.0,0.0,0.0,0.08210169533944982,0.0,0.0,0.0,0.0,0.0,0.0,0.0,0.0,0.0
plot_4552,0.0,0.0,0.0,0.0,0.0,0.0,0.0,0.0,0.0,0.0,0.0,0.0,0.0,0.0,0.0,0.0,0.0
plot_4553,0.0,0.0,0.0,0.0,0.0,0.0,0.0,0.0,0.0,0.0,0.0,0.0,0.0,0.0,0.0,0.0,0.0
plot_4554,0.0,6.566548687675246,0.0,0.0,0.0,0.0,0.0,0.0,0.0,0.0,0.0,0.0,0.0,0.0,0.0,0.0,0.0
plot_4556,0.0,0.0,0.0,1.7038184274778205,0.0,0.0,3.407636854955641,0.0,0.0,0.0,0.0,0.0,0.0,0.0,0.0,0.0,0.0
plot_81,0.0,0.0,0.0,0.0,0.0,0.0,0.0,0.0,0.0,0.0,0.0,0.0,0.0,0.0,0.0,0.0,0.0
plot_83,0.44923226206413236,0.8984645241282647,0.44923226206413236,1.7969290482565294,2.6953935723847944,0.0,0.44923226206413236,0.0,0.0,0.0,0.0,0.0,0.6221866829588233,2.768589292341077,1.343204463571756,4.733980438871656,23.071428571428573
plot_85,0.0,0.0,1.7133409291447859,1.7133409291447859,0.0,0.0,0.0,0.0,0.0,0.0,0.0,0.0,0.0,0.0,2.278743435762565,2.278743435762565,3.0
plot_112,0.0,0.0,0.0,0.0,0.0,0.0,0.0,0.0,0.0,0.0,0.0,0.0,0.0,0.0,1.9600464138990812,1.9600464138990812,0.0
plot_86,0.0,0.0,0.0,0.0,0.0,0.0,0.0,0.0,0.0,0.0,0.0,0.0,0.0,0.0,0.0,6.045766452041958,0.0
plot_111,0.0,0.0,0.0,0.0,0.0,0.0,0.0,0.0,0.0,0.0,0.0,0.0,0.0,0.0,7.567093951445429,7.567093951445429,3.0
plot_4775,0.0,0.0,0.0,0.0,0.0,7.516084420660213,0.0,0.0,0.0,0.0,0.0,0.0,0.0,0.0,0.0,0.0,0.0
plot_4844,3.3919816380727323,22.33054578397882,10.175944914218197,5.65330273012122,3.1093165015666715,6.218633003133343,2.5439862285545494,0.0,0.0,0.0,0.0,3.3944921545229727,0.3759446315530612,0.7650608932187412,2.115748546747867,6.651246226042642,4.5
plot_4800,0.0,0.0,0.0,4.104054189931524,0.0,2.052027094965762,0.0,0.0,0.0,0.0,0.0,0.0,0.0,0.0,0.0,0.0,0.0
plot_4784,0.0,0.0,0.0,0.7085143587519944,0.0,0.7085143587519944,0.0,0.0,0.0,0.0,0.0,0.0,0.0,0.0,0.9423240971401526,0.9423240971401526,3.0
plot_4778,0.0,0.0,0.0,0.0,0.0,0.0,0.0,0.0,0.0,0.0,0.0,0.0,0.0,0.0,0.0,0.0,0.0
plot_4302,0.0,1.3684720462215119,1.3684720462215119,0.0,0.0,0.0,0.0,0.0,0.0,0.0,0.0,0.0,0.0,0.0,3.7154016054914045,3.7154016054914045,3.25
plot_4742,1.7133507143244688,0.0,0.0,1.7133507143244688,0.0,1.1422338095496458,0.0,0.0,0.0,0.0,0.0,0.0,0.0,0.0,0.7909969131131298,0.7909969131131298,3.5
plot_4301,2.217058938294816,0.0,0.0,0.0,0.0,0.0,2.217058938294816,0.0,0.0,0.0,0.0,0.0,0.0,0.0,6.14125325907664,6.14125325907664,3.5
plot_4679,12.304587765548384,12.304587765548384,0.0,0.0,6.152293882774192,6.152293882774192,0.0,0.0,0.0,0.0,0.0,0.0,0.0,0.0,0.0,0.0,0.0
plot_4684,0.0,0.0,0.0,0.0,0.0,0.0,0.0,0.0,0.0,0.0,0.0,0.0,0.0,0.0,0.0,0.0,0.0
plot_76,0.0,0.0,0.0,0.0,0.0,0.0,0.0,0.0,0.0,0.0,0.0,0.0,0.0,0.0,0.0,0.0,0.0
plot_4635,0.0,0.0,0.0,7.571111666325966,0.0,0.0,0.0,0.0,0.0,0.0,0.0,0.0,0.0,0.0,0.0,0.0,0.0
plot_90,0.0,0.0,0.0,0.0,0.0,0.0,0.0,0.0,0.0,0.0,0.0,0.0,0.0,0.0,0.0,0.0,0.0
plot_4680,0.9752424940461445,41.935427243984215,3.900969976184578,0.9752424940461445,0.0,3.900969976184578,0.9752424940461445,0.0,0.0,0.0,0.0,0.0,0.0,0.0,39.470787062950244,41.089689603066844,4.513793103448276
plot_19693,0.0,0.0,1.644547502754617,0.0,0.0,8.222737513773085,0.0,0.0,0.0,0.0,0.0,0.0,0.0,0.0,0.0,0.0,0.0
plot_4555,0.0,0.0,0.0,0.0,0.0,0.0,0.0,0.0,0.0,0.0,0.0,0.0,0.0,0.0,0.0,0.0,0.0
plot_84,0.0,0.0,0.0,64.2921435000643,0.0,0.0,0.0,0.0,0.0,0.0,0.0,0.0,0.0,0.0,0.0,0.0,0.0
plot_88,0.0,0.782845659629667,0.0,0.782845659629667,0.782845659629667,0.0,0.0,0.0,0.0,0.0,0.0,1.084241238587089,0.0,0.0,1.8670868982167559,2.951328136803845,2.3333333333333335
plot_5916,0.0,0.0,0.0,23.076035537094725,0.0,0.0,0.0,0.0,0.0,0.0,0.0,0.0,0.0,0.0,0.0,0.0,0.0
plot_89,0.0,103.44470880314472,0.0,0.0,0.0,0.0,0.0,0.0,0.0,0.0,0.0,0.0,0.0,0.0,97.3123417345167,97.3123417345167,4.257142857142857
plot_82,0.0,0.0,0.0,0.0,0.0,2.31739506255808,0.0,0.0,0.0,0.0,0.0,0.0,0.0,0.0,0.0,0.0,0.0
plot_92,0.0,6.138019506625992,9.207029259938988,3.069009753312996,0.0,0.0,3.069009753312996,0.0,0.0,0.0,0.0,0.0,0.0,0.0,13.269909670349723,13.269909670349723,3.5
plot_78,0.0,0.0,3.2959354524001,0.0,0.0,3.2959354524001,3.2959354524001,0.0,0.0,0.0,0.0,0.0,0.0,0.0,0.0,0.0,0.0
plot_91,0.0,0.0,0.0,0.0,0.0,0.0,0.0,0.0,0.0,0.0,0.0,0.0,0.0,0.0,3.9623026535600685,11.765110103680621,1.0
plot_138,0.0,0.0,0.0,0.0,0.0,0.0,0.0,0.0,0.0,0.0,0.0,0.0,0.0,7.657953899158045,0.0,12.145216803404342,17.5
plot_381,0.0,0.0,0.0,0.0,0.0,0.0,0.0,0.0,0.0,0.0,0.0,0.0,0.0,0.0,0.0,0.0,0.0
plot_720,0.0,0.0,0.0,0.0,0.0,0.0,0.0,0.0,0.0,0.0,0.0,0.0,0.0,0.0,0.0,0.0,0.0
plot_380,0.0,0.0,0.0,0.0,0.0,0.0,0.0,0.0,0.0,0.0,0.0,0.0,0.0,0.0,0.0,0.0,0.0
plot_378,0.0,0.0,0.0,0.0,0.0,0.0,0.0,0.0,0.0,0.0,0.0,0.0,0.0,0.0,0.0,0.0,0.0
plot_382,2.173953214352874,3.2609298215293108,2.173953214352874,0.0,0.0,3.2609298215293108,0.0,0.0,0.0,0.0,0.0,0.0,0.0,0.0,0.0,1.5054626009393652,3.5
plot_379,0.0,5.253404534476124,2.626702267238062,2.626702267238062,0.0,3.940053400857093,7.880106801714186,0.0,0.0,0.0,0.0,0.0,0.0,0.0,4.901504991400674,6.214856125019704,3.3333333333333335
plot_566,0.0,10.537629876288225,0.0,0.0,10.537629876288225,10.537629876288225,31.61288962886468,0.0,0.0,0.0,0.0,0.0,0.0,0.0,0.0,0.0,0.0
plot_6242,0.0,3.298577323600331,0.8246443309000827,0.0,0.0,1.6492886618001654,4.123221654500414,0.0,0.0,0.0,0.0,0.0,0.0,0.0,1.1421323982966147,1.966776729196697,1.75
plot_5837,19.66677920434767,3.277796534057945,0.0,0.0,6.55559306811589,0.0,9.833389602173835,0.0,0.0,0.0,0.0,0.0,0.0,0.0,0.0,0.0,0.0
plot_899,0.0,2.617650292391538,10.470601169566152,0.0,0.0,2.617650292391538,0.0,0.0,0.0,0.0,0.0,0.0,0.0,0.0,3.4814748888807454,3.4814748888807454,3.0
plot_4712,4.301167767048754,8.602335534097508,4.301167767048754,0.0,8.602335534097508,8.602335534097508,8.602335534097508,0.0,0.0,0.0,0.0,5.720553130174843,0.0,0.0,5.720553130174843,15.742274027398441,2.0
plot_4678,0.0,0.0,1.0205581228262113,0.0,2.0411162456524226,1.0205581228262113,1.0205581228262113,0.0,0.0,0.0,0.0,0.0,0.0,1.6941264838915109,0.0,1.6941264838915109,35.0
plot_4633,5.127442585461649,2.5637212927308246,0.0,2.5637212927308246,0.0,15.382327756384948,2.5637212927308246,0.0,0.0,0.0,0.0,0.0,0.0,0.0,0.0,0.0,0.0
plot_4644,0.0,0.0,0.0,5.016630128877228,0.0,0.0,0.0,0.0,0.0,0.0,0.0,0.0,0.0,0.0,0.0,0.0,0.0
plot_917,0.0,0.0,0.0,0.0,0.0,13.024903615713244,0.0,0.0,0.0,0.0,0.0,0.0,0.0,0.0,0.0,0.0,0.0
plot_4634,0.0,0.0,0.0,6.68435793399865,0.0,3.342178966999325,0.0,0.0,0.0,0.0,0.0,0.0,0.0,0.0,0.0,0.0,0.0
plot_901,12.79582344322813,0.0,0.0,0.0,6.397911721614065,31.989558608070325,12.79582344322813,0.0,0.0,0.0,0.0,0.0,0.0,0.0,8.86110773443548,8.86110773443548,3.5
plot_4577,0.0,0.0,5.95036207953254,17.85108623859762,5.95036207953254,5.95036207953254,0.0,0.0,0.0,0.0,0.0,0.0,0.0,0.0,21.313666900750793,21.313666900750793,22.6
plot_900,2.535985636177357,2.535985636177357,5.071971272354714,0.0,27.895841997950928,7.607956908532071,12.679928180886785,0.0,0.0,0.0,0.0,0.0,0.0,0.0,11.042436318775753,11.042436318775753,3.6666666666666665
plot_4578,0.0,13.264006791171477,0.0,0.0,0.0,13.264006791171477,13.264006791171477,0.0,0.0,0.0,0.0,0.0,0.0,0.0,0.0,0.0,0.0
plot_4779,0.0,0.0,0.0,0.0,0.0,0.0,0.0,0.0,0.0,0.0,0.0,0.0,0.0,0.0,0.0,0.0,0.0
plot_4781,0.0,0.0,0.0,0.0,0.0,0.0,0.0,0.0,0.0,0.0,0.0,0.0,0.0,0.0,0.0,0.0,0.0
plot_4111,0.0,0.0,0.0,15.109049565237097,0.0,18.886311956546372,0.0,0.0,0.0,0.0,0.0,0.0,0.0,0.0,5.231508411963345,5.231508411963345,3.5
plot_654,0.0,3.040049613609694,0.0,9.120148840829081,3.040049613609694,0.0,0.0,0.0,0.0,0.0,0.0,0.0,0.0,0.0,0.0,0.0,0.0
plot_16195,0.0,0.0,2.0213481313984087,0.6737827104661364,0.0,0.6737827104661364,0.0,0.0,0.0,0.0,0.0,0.0,0.0,0.0,0.0,0.0,0.0
plot_4799,0.0,0.0,0.0,7.243332512422316,0.0,0.0,0.0,0.0,0.0,0.0,0.0,0.0,0.0,0.0,0.0,0.0,0.0
plot_3510,2.3423235615498217,4.684647123099643,2.3423235615498217,1.1711617807749108,0.0,2.3423235615498217,2.3423235615498217,0.0,0.0,0.0,0.0,0.0,0.0,0.0,0.0,0.0,0.0
plot_402,0.0,0.0,0.0,5.33748945845832,0.0,2.66874472922916,0.0,0.0,0.0,0.0,0.0,0.0,0.0,4.430116250520406,8.154109291550524,12.58422554207093,14.666666666666666
plot_4801,0.9478403457721583,4.739201728860791,1.8956806915443165,1.8956806915443165,0.0,2.8435210373164748,1.8956806915443165,0.0,0.0,0.0,0.0,1.312758878894439,0.0,0.0,0.0,1.312758878894439,3.5
plot_897,0.0,7.47077060998842,1.06725294428406,3.20175883285218,2.13450588856812,3.20175883285218,4.26901177713624,0.0,0.0,0.0,0.0,0.0,1.06725294428406,0.0,0.0,1.06725294428406,0.0
plot_854,0.0,0.0,7.382144069923669,0.0,0.0,14.764288139847338,7.382144069923669,0.0,0.0,0.0,0.0,9.81825161299848,0.0,0.0,0.0,9.81825161299848,3.0
plot_896,0.0,0.0,4.770901318677125,0.0,0.0,0.0,0.0,0.0,0.0,0.0,0.0,0.0,0.0,0.0,0.0,0.0,0.0
plot_19039,7.95772854596384,0.0,0.0,0.0,7.95772854596384,15.91545709192768,7.95772854596384,0.0,0.0,0.0,0.0,0.0,0.0,0.0,0.0,0.0,0.0
plot_895,0.0,5.420737301584075,1.3551843253960187,0.0,1.3551843253960187,1.3551843253960187,2.7103686507920375,0.0,0.0,0.0,0.0,1.802395152776705,0.0,2.353352802374894,2.16672521935684,7.677657499904458,14.25
plot_898,0.0,0.0,0.0,0.0,0.0,0.0,0.0,0.0,0.0,0.0,0.0,0.0,0.0,0.0,0.0,0.0,0.0
plot_291,0.0,0.0,0.0,12.756946157182586,0.0,0.0,0.0,0.0,0.0,0.0,0.0,0.0,0.0,0.0,0.0,0.0,0.0
plot_277,0.0,8.641772600395793,0.0,0.0,0.0,0.0,0.0,0.0,0.0,0.0,0.0,0.0,0.0,0.0,24.413007596118117,24.413007596118117,3.75
plot_274,13.209734253171161,3.3024335632927904,0.0,0.0,9.907300689878372,3.3024335632927904,6.604867126585581,0.0,0.0,0.0,0.0,6.604867126585581,0.0,0.0,0.0,6.604867126585581,0.0
plot_719,13.90404816362284,0.0,0.0,0.0,6.95202408181142,13.90404816362284,13.90404816362284,0.0,0.0,0.0,0.0,10.094014578802796,0.0,0.0,14.55319776454804,24.647212343350834,4.25
plot_687,0.0,0.0,0.0,0.0,0.0,0.0,0.0,0.0,0.0,0.0,0.0,0.0,0.0,0.0,0.0,0.0,0.0
plot_9710,4.6026614429527735,16.569581194629983,82.84790597314992,17.490113483220536,11.046387463086656,7.364258308724437,25.77490408053553,0.0,0.0,0.0,0.0,0.0,0.0,0.0,0.0,0.0,0.0
plot_7757,0.0,18.45427031815162,0.0,18.45427031815162,0.0,0.0,0.0,0.0725709603320368,0.0,0.0,0.0,0.0,0.0,0.0,0.0,0.0,0.0
plot_7124,0.0,0.0,0.0,2.281951022485204,0.0,2.281951022485204,0.0,0.0,0.0,0.0,0.0,0.0,0.0,0.0,0.0,0.0,0.0
plot_7127,0.0,0.0,0.0,0.0,7.68261577701976,0.0,7.68261577701976,0.0,0.0,0.0,0.0,0.0,0.0,0.0,0.0,0.0,0.0
plot_6702,0.0,0.5685869363739847,0.0,1.1371738727479694,0.5685869363739847,0.0,0.0,0.0,0.0,0.0,0.0,0.0,0.0,0.0,0.0,0.0,0.0
plot_7114,0.0,0.0,14.063115261292683,0.0,0.0,0.0,0.0,0.0,0.0,0.0,0.0,0.0,0.0,0.0,0.0,0.0,0.0
plot_6257,0.0,0.0,0.0,7.749955437756234,0.0,7.749955437756234,0.0,0.0,0.0,0.0,0.0,0.0,0.0,0.0,0.0,0.0,0.0
plot_6663,4.966271009729406,1.9224274876371892,0.6408091625457297,2.242832068910054,2.8836412314557838,2.8836412314557838,5.126473300365838,0.0,0.0,0.0,0.0,0.0,0.0,0.0,0.0,0.0,0.0
plot_6655,0.0,0.0,0.0,0.0,0.0,0.0,0.0,0.0,0.0,0.0,0.0,0.0,0.0,0.0,0.0,0.0,0.0
plot_6633,32.93119541268448,22.64019684622058,1.02909985664639,4.11639942658556,5.14549928323195,7.20369899652473,18.52379741963502,0.0,0.0,0.0,0.0,0.0,0.0,0.0,0.0,0.0,0.0
plot_6270,0.0,1.38231855600239,0.3455796390005975,3.801376029006573,3.1102167510053778,1.7278981950029877,0.691159278001195,0.8910376819944315,0.0,0.0,0.0,0.0,0.0,0.0,0.0,0.0,0.0
plot_6433,0.5867499538667849,0.0,0.0,0.0,0.29337497693339243,0.29337497693339243,0.0,0.8359680004438154,0.0,0.0,0.0,0.0,0.0,0.0,0.0,0.0,0.0
plot_6482,10.235346438329735,0.5117673219164868,2.5588366095824338,11.258881082162707,9.723579116413248,5.629440541081354,10.747113760246222,0.3380177874783736,0.0,0.0,0.0,0.0,0.0,0.0,0.0,0.0,0.0
plot_17040,0.0,0.0,0.23676697536344912,0.7103009260903473,0.47353395072689825,1.1838348768172458,0.0,0.0,0.0,0.0,0.8518960816017279,0.0,0.0,0.0,0.0,0.0,0.0
plot_10088,0.0,0.0,0.0,0.0,0.0,0.0,0.0,0.0,0.0,0.0,0.06854055818130796,0.0,0.0,0.0,0.0,0.0,0.0
plot_9816,0.0,0.0,0.0,0.0,0.0,0.0,0.0,0.0,0.0,0.0,0.0,0.0,0.0,0.0,0.0,0.0,0.0
plot_2848,2.405177980340924,1.5562916343382451,0.42444317300133955,2.263696922673811,1.6977726920053582,0.7074052883355659,5.376280191350301,0.7766193652139681,0.0,0.0,0.04956000462964907,0.0,0.0,0.0,0.0,0.0,0.0
plot_8962,0.0,0.0,0.0,0.0,0.0,0.0,0.0,1.0000020057194268,0.0,0.0,0.14226759404868283,0.0,0.0,0.0,0.0,0.0,0.0
plot_4727,0.0,0.0,0.0,30.614275436636103,0.0,15.307137718318051,0.0,0.0,0.0,0.0,0.0,0.0,0.0,0.0,0.0,0.0,0.0
plot_4720,0.0,0.0,0.0,0.0,0.0,0.0,0.0,0.0,0.0,0.0,0.0,0.0,0.0,0.0,0.0,0.0,0.0
plot_6657,0.0,11.008390595311747,0.0,4.403356238124699,2.2016781190623496,0.0,6.605034357187049,0.0,0.0,0.0,0.0,0.0,0.0,0.0,0.0,0.0,0.0
plot_7128,0.0,0.0,0.0,6.948208057142064,0.0,0.0,0.0,0.0,0.0,0.0,0.0,0.0,0.0,0.0,0.0,0.0,0.0
plot_7113,3.936697897803323,0.0,0.0,0.0,0.0,7.873395795606646,0.0,0.0,0.0,0.0,0.0,0.0,0.0,0.0,0.0,0.0,0.0
plot_6656,14.183089502386306,0.0,0.0,0.0,0.0,0.0,0.0,0.0,0.0,0.0,0.0,0.0,0.0,0.0,0.0,0.0,0.0
plot_17736,10.1912385921823,5.09561929609115,0.0,0.0,0.0,0.0,0.0,0.0,0.0,0.0,0.0,0.0,0.0,0.0,0.0,0.0,0.0
plot_6708,0.0,12.78739674177131,0.0,0.0,12.78739674177131,0.0,0.0,0.0,0.0,0.0,0.0,0.0,0.0,0.0,0.0,0.0,0.0
plot_7112,3.435906598315031,10.307719794945093,0.0,0.0,0.0,0.0,13.743626393260124,0.0,0.0,0.0,0.0,0.0,0.0,0.0,0.0,0.0,0.0
plot_18895,0.0,0.0,0.0,0.0,0.0,0.0,0.0,0.0,0.0,0.0,0.0,0.0,0.0,0.0,0.0,0.0,0.0
plot_6647,0.0,0.0,0.0,0.0,0.0,0.0,0.0,0.0,0.0,0.0,0.0,0.0,0.0,0.0,0.0,0.0,0.0
plot_6661,0.0,0.0,0.0,0.0,0.0,0.0,0.0,0.0,0.0,0.0,0.0,0.0,0.0,0.0,0.0,0.0,0.0
plot_7808,0.0,0.0,0.5044239239187484,0.5044239239187484,0.0,0.0,0.0,0.04205144786591237,0.0,0.0,0.0,0.0,0.0,0.0,0.0,0.0,0.0
plot_9733,0.0,9.354274435703395,0.0,9.354274435703395,0.0,0.0,0.0,0.9999989252789646,0.0,0.0,0.0,0.0,0.0,0.0,0.0,0.0,0.0
plot_7823,0.911610545389241,5.469663272335446,0.15193509089820684,1.3674158180838616,0.7596754544910341,0.15193509089820684,3.3425719997605503,0.9254767964576749,0.0,0.0,0.0,0.0,0.0,0.0,0.0,0.0,0.0
plot_9771,0.0,0.0,0.0,0.5522726017562268,0.0,1.1045452035124537,0.0,0.016033791559715856,0.0,0.0,0.0,0.0,0.0,0.0,0.0,0.0,0.0
plot_12107,0.0,0.0,0.0,0.0,0.0,0.0,13.018968637304551,0.0,0.0,0.0,0.0,0.0,0.0,0.0,0.0,0.0,0.0
plot_9817,0.0,0.0,0.0,0.0,0.0,0.0,0.0,0.0,0.0,0.0,0.0,0.0,0.0,0.0,0.0,0.0,0.0
plot_12682,0.0,3.2313518683676508,0.0,0.0,12.925407473470603,3.2313518683676508,3.2313518683676508,0.0,0.0,0.0,0.0,0.0,0.0,0.0,0.0,0.0,0.0
plot_12106,0.0,0.0,0.0,0.0,0.0,0.0,0.0,0.0,0.0,0.0,0.0,0.0,0.0,0.0,0.0,0.0,0.0
plot_9813,0.0,0.0,0.0,0.0,0.0,0.0,0.0,0.9999902642005213,0.0,0.0,0.0,0.0,0.0,0.0,0.0,0.0,0.0
plot_9786,0.0,0.0,0.0,0.0,0.0,0.0,0.0,0.0,0.0,0.0,0.0,0.0,0.0,0.0,0.0,0.0,0.0
plot_7111,0.0,0.0,0.0,0.0,0.0,1.8660685295006774,1.8660685295006774,0.0,0.0,0.0,0.0,0.0,0.0,0.0,0.0,0.0,0.0
plot_10218,3.5304168951630936,8.237639422047218,28.24333516130475,3.5304168951630936,0.0,15.298473212373406,16.475278844094436,0.0,0.0,0.0,0.0,0.0,0.0,0.0,0.0,0.0,0.0
plot_6646,0.0,0.0,0.0,0.0,0.0,0.0,0.0,0.0,0.0,0.0,0.0,0.0,0.0,0.0,0.0,0.0,0.0
plot_10159,0.0,22.923803823181057,7.641267941060352,0.0,0.0,2.5470893136867843,0.0,0.0,0.0,0.0,0.0,0.0,0.0,0.0,0.0,0.0,0.0
plot_19794,25.590192633938315,12.04244359244156,21.07427628677273,15.805707215079547,10.537138143386365,13.547749041496754,21.07427628677273,0.0,0.0,0.0,0.0,0.0,0.0,0.0,0.0,0.0,0.0
plot_7048,0.0,0.0,0.0,7.533268798330628,0.0,0.0,0.0,0.0,0.0,0.0,0.0,0.0,0.0,0.0,0.0,0.0,0.0
plot_10216,0.0,13.874917617676646,0.0,0.0,0.0,13.874917617676646,6.937458808838323,0.0,0.0,0.0,0.0,0.0,0.0,0.0,0.0,0.0,0.0
plot_7110,0.0,0.35877322518473237,0.0,1.4350929007389295,1.076319675554197,1.4350929007389295,1.7938661259236617,0.0,0.0,0.0,0.0,0.0,0.0,0.0,0.0,0.0,0.0
plot_10160,0.0,0.0,0.0,0.0,0.0,0.0,0.0,0.0,0.0,0.0,0.0,0.0,0.0,0.0,0.0,0.0,0.0
plot_10217,0.0,0.0,0.0,0.0,0.0,4.184240476668675,0.0,0.0,0.0,0.0,0.0,0.0,0.0,0.0,0.0,0.0,0.0
plot_7049,0.0,0.0,0.0,3.0809994762300894,0.0,0.0,0.0,0.0,0.0,0.0,0.0,0.0,0.0,0.0,0.0,0.0,0.0
plot_10182,0.0,0.0,0.0,8.799563541648334,0.0,0.0,0.0,0.0,0.0,0.0,0.0,0.0,0.0,0.0,0.0,0.0,0.0
plot_6273,1.1553286182061766,3.697051578259765,0.46213144728247063,1.6174600654886473,0.46213144728247063,2.310657236412353,1.8485257891298825,0.0,0.0,0.0,0.0,0.0,0.0,0.0,0.0,0.0,0.0
plot_10183,0.0,3.367797123901256,0.0,0.0,3.367797123901256,0.0,6.735594247802512,0.0,0.0,0.0,0.0,0.0,0.0,0.0,0.0,0.0,0.0
plot_6632,0.7377531138714554,6.639778024843099,0.0,2.213259341614366,2.9510124554858215,1.4755062277429107,7.377531138714554,0.0,0.0,0.0,0.0,0.0,0.0,0.0,0.0,0.0,0.0
plot_6261,0.0,0.0,0.0,11.930753904339214,0.0,5.965376952169607,0.0,0.0,0.0,0.0,0.0,0.0,0.0,0.0,0.0,0.0,0.0
plot_6260,0.0,0.0,0.0,22.25565516197666,0.0,4.451131032395332,0.0,0.0,0.0,0.0,0.0,0.0,0.0,0.0,0.0,0.0,0.0
plot_408,0.0,0.0,0.0,1.4870699269848664,0.0,1.4870699269848664,0.49568997566162215,0.0,0.0,0.0,0.0,0.0,0.0,0.0,0.0,0.0,0.0
plot_17421,0.0,0.0,0.0,0.0,0.0,0.0,0.0,0.0,0.0,0.0,0.0,0.0,0.0,0.0,0.0,0.0,0.0
plot_320,14.20683253932925,0.9471221692886167,0.9471221692886167,0.0,0.9471221692886167,1.8942443385772334,10.418343862174783,0.0,0.0,0.0,0.0,0.0,0.0,0.0,0.0,0.0,0.0
plot_514,0.0,0.5625389558226908,0.0,0.18751298527423024,0.18751298527423024,0.5625389558226908,0.750051941096921,0.8371422571370705,0.0,0.0,0.0,0.0,0.0,0.0,0.0,0.0,0.0
plot_297,0.0,0.0,0.0,0.0,0.0,0.0,0.0,0.0,0.0,0.0,0.0,0.0,0.0,0.0,0.0,0.0,0.0
plot_17420,1.1857327887921374,4.347686892237838,0.0,1.5809770517228499,0.0,1.9762213146535625,0.0,0.0,0.0,0.0,0.0,0.0,0.0,0.0,0.0,0.0,0.0
plot_394,0.0,1.4442769083230789,0.0,5.7771076332923155,0.0,2.8885538166461577,1.4442769083230789,0.0,0.0,0.0,0.0,0.0,0.0,0.0,0.0,0.0,0.0
plot_4795,12.79442324760172,5.387125577937566,1.3467813944843916,3.366953486210979,2.693562788968783,2.0201720917265873,4.040344183453175,0.0,0.0,0.0,0.0,0.0,0.0,0.0,0.0,0.0,0.0
plot_321,0.0,0.0,0.0,0.0,0.0,0.0,0.0,0.0,0.0,0.0,0.0,0.0,0.0,0.0,0.0,0.0,0.0
plot_17389,0.0,0.0,0.0,20.088994244503148,0.0,0.0,0.0,0.0,0.0,0.0,0.0,0.0,0.0,0.0,0.0,0.0,0.0
plot_496,0.0,0.0,0.0,0.0,0.0,2.570224971791781,0.0,0.6228461959888262,0.0,0.0,0.0,0.0,0.0,0.0,0.0,0.0,0.0
plot_407,1.5097563474686118,3.2208135412663714,0.3019512694937223,4.026016926582964,1.912358040126908,0.905853808481167,3.824716080253816,0.0,0.0,0.0,0.004119882357398825,0.0,0.0,0.0,0.0,0.0,0.0
plot_494,0.0,6.82509998771482,0.0,0.0,6.82509998771482,0.0,0.0,0.0,0.0,0.0,0.0,0.0,0.0,0.0,0.0,0.0,0.0
plot_9815,0.0,0.0,0.0,0.0,0.0,0.0,0.0,0.0,0.0,0.0,0.0,0.0,0.0,0.0,0.0,0.0,0.0
plot_9785,0.0,0.0,0.0,0.0,0.0,0.0,0.0,0.0,0.0,0.0,0.0,0.0,0.0,0.0,0.0,0.0,0.0
plot_12648,0.0,0.0,0.0,5.361700302399898,0.0,0.0,0.0,0.0,0.0,0.0,0.0,0.0,0.0,0.0,0.0,0.0,0.0
plot_12647,0.0,0.0,0.0,0.0,0.0,0.0,4.61114236440936,0.0,0.0,0.0,0.0,0.0,0.0,0.0,0.0,0.0,0.0
plot_10906,0.6262776063168863,0.6262776063168863,1.8788328189506591,0.6262776063168863,0.0,1.8788328189506591,0.0,0.0,0.0,0.0,0.0,0.0,0.0,0.0,0.0,0.0,0.0
plot_18151,0.0,0.0,0.0,0.0,0.0,0.0,0.0,0.0,0.0,0.0,0.0,0.0,0.0,0.0,0.0,0.0,0.0
plot_4723,0.0,0.0,0.0,0.0,0.0,0.0,0.0,0.0,0.0,0.0,0.0,0.0,0.0,0.0,0.0,0.0,0.0
plot_4726,0.0,0.0,0.0,0.0,0.0,15.820406742657353,0.0,0.0,0.0,0.0,0.0,0.0,0.0,0.0,0.0,0.0,0.0
plot_493,0.0,0.0,0.0,0.2858351531504751,1.1433406126019003,0.2858351531504751,0.0,0.0,0.0,0.0,0.9881651860630289,0.0,0.0,0.0,0.0,0.0,0.0
plot_409,0.0,0.0,0.0,0.0,0.0,0.0,0.0,0.0,0.0,0.0,0.028660390404617493,0.0,0.0,0.0,0.0,0.0,0.0
plot_4721,0.0,0.0,0.0,0.0,0.0,0.0,0.0,0.0,0.0,0.0,0.0,0.0,0.0,0.0,0.0,0.0,0.0
plot_4722,6.763291558735806,18.035444156628817,6.763291558735806,29.307596754521825,9.017722078314408,11.27215259789301,47.34304091115064,0.0,0.0,0.0,0.0,0.0,0.0,0.0,0.0,0.0,0.0
plot_2853,27.94863971641447,4.658106619402411,8.15168658395422,12.809793203356632,20.961479787310854,8.15168658395422,43.087486229472304,0.0,0.0,0.0,0.0,0.0,0.0,0.0,0.0,0.0,0.0
plot_18108,0.0,0.0,47.970011889710094,20.55857652416147,3.4264294206935784,3.4264294206935784,3.4264294206935784,0.0,0.0,0.0,0.0,0.0,0.0,0.0,0.0,0.0,0.0
plot_20450,70.24116132053382,0.0,0.0,0.0,0.0,23.41372044017794,0.0,0.8968046974401019,0.0,0.0,0.0,0.0,0.0,0.0,0.0,0.0,0.0
plot_20446,0.0,0.0,0.0,2.129685040879304,0.0,2.129685040879304,4.259370081758608,0.0,0.0,0.0,0.0,0.0,0.0,0.0,0.0,0.0,0.0
plot_20456,0.0,0.0,0.0,0.0,0.0,0.0,0.0,0.9999985132712524,0.0,0.0,0.0,0.0,0.0,0.0,0.0,0.0,0.0
plot_20452,0.0,0.0,0.0,0.0,0.0,0.0,0.0,0.271607667721566,0.0,0.0,0.0,0.0,0.0,0.0,0.0,0.0,0.0
plot_2081,0.0,0.0,0.0,5.967121162395203,0.0,0.0,0.0,0.0,0.0,0.0,0.0,0.0,0.0,0.0,0.0,0.0,0.0
plot_2000,2.8595203440574877,2.8595203440574877,0.0,0.0,0.0,5.719040688114975,2.8595203440574877,0.0,0.0,0.0,0.0,0.0,0.0,0.0,0.0,0.0,0.0
plot_495,0.0,16.188302332734366,0.0,8.094151166367183,0.0,0.0,4.047075583183592,0.0005034550530500491,0.0,0.0,0.0,0.0,0.0,0.0,0.0,0.0,0.0
plot_323,0.0,0.0,0.0,6.77649099743171,6.77649099743171,0.0,6.77649099743171,0.0,0.0,0.0,0.0,0.0,0.0,0.0,0.0,0.0,0.0
plot_298,0.0,0.5265444206036831,0.0,1.0530888412073662,0.0,0.5265444206036831,0.0,0.0,0.0,0.0,0.0,0.0,0.0,0.0,0.0,0.0,0.0
plot_5186,0.0,0.37875330320224554,0.0,1.5150132128089822,2.2725198192134735,2.6512731224157187,0.0,0.0,0.0,0.0,0.0,0.0,0.0,0.0,0.0,0.0,0.0
plot_5220,0.840961555442493,3.363846221769972,0.840961555442493,8.40961555442493,2.522884666327479,8.40961555442493,1.681923110884986,0.0,0.0,0.0,0.0,0.0,0.0,0.0,0.0,0.0,0.0
plot_5321,0.0,0.0,0.0,0.0,0.0,0.0,0.0,0.0,0.0,0.0,0.0,0.0,0.0,0.0,0.0,0.0,0.0
plot_4895,0.0,0.0,0.0,29.34410066200291,0.0,2.9344100662002908,0.0,0.0,0.0,0.0,0.0,0.0,0.0,0.0,0.0,0.0,0.0
plot_4896,0.8617859134198164,5.8601442112547515,1.2065002787877428,1.3788574614717062,0.17235718268396327,2.585357740259449,1.8959290095235959,0.0,0.0,0.0,0.0,0.0,0.0,0.0,0.0,0.0,0.0
plot_4901,0.0,0.0,0.0,3.2270972905291146,0.0,0.0,1.6135486452645573,0.0,0.0,0.0,0.0,0.0,0.0,0.0,0.0,0.0,0.0
plot_4925,0.0,3.3737281045046017,6.747456209009203,3.3737281045046017,0.0,3.3737281045046017,3.3737281045046017,0.0,0.0,0.0,0.0,0.0,0.0,0.0,0.0,0.0,0.0
plot_17080,0.0,0.0,0.0,0.0,0.0,0.0,0.0,0.0,0.0,0.0,0.0,0.0,0.0,0.0,0.0,0.0,0.0
plot_16922,3.093226761360649,21.65258732952454,92.79680284081947,9.279680284081946,3.093226761360649,15.466133806803244,21.65258732952454,0.0,0.0,0.0,0.0,0.0,8.719353650850412,0.0,8.87209025527347,17.591443906123878,3.375
plot_6485,0.0,0.0,0.0,0.0,0.0,7.004910442219996,0.0,0.0,0.0,0.0,0.0,0.0,0.0,0.0,0.0,0.0,0.0
plot_6486,0.0,1.8697065602394078,1.3355046858852915,1.3355046858852915,0.2671009371770583,1.0684037487082332,2.1368074974164664,0.0,0.0,0.0,0.0,0.0,0.0,0.0,0.0,0.0,0.0
plot_16999,0.0,0.0,0.0,0.0,0.0,0.0,0.0,0.0,0.0,0.0,0.0,0.0,0.0,0.0,0.0,0.0,0.0
plot_17081,0.0,0.0,0.0,0.0,0.0,0.35592204453011883,0.0,0.0,0.0,0.0,0.0,0.0,0.0,0.0,0.0,0.0,0.0
plot_17026,4.072981031787919,11.879528009381431,9.503622407505146,24.777301276709846,1.3576603439293065,2.0364905158939597,4.412396117770246,0.0,0.0,0.0,0.0,0.0,0.0,0.0,0.0,0.0,0.0
plot_16826,2.559752297889638,0.5119504595779276,1.5358513787337826,2.559752297889638,0.5119504595779276,1.0239009191558552,0.5119504595779276,0.0,0.0,0.0,0.0,0.0,0.0,0.0,0.0,0.0,0.0
plot_16859,2.2659712023384824,3.3989568035077236,1.982724802046172,4.531942404676965,0.2832464002923103,0.2832464002923103,0.2832464002923103,0.0,0.0,0.0,0.0,0.0,0.0,0.0,0.0,0.0,0.0
plot_16169,0.0,0.0,0.0,0.0,0.0,0.0,0.0,0.02976491049997848,0.0,0.0,0.0,0.0,0.0,0.0,0.0,0.0,0.0
plot_16913,3.7744679887369874,11.323403966210963,33.97021189863289,11.323403966210963,7.548935977473975,22.646807932421925,26.421275921158912,0.0,0.0,0.0,0.0,0.0,0.0,0.0,27.47220860054901,40.00344232315581,11.228571428571428
plot_16632,2.199429614586617,7.331432048622057,7.331432048622057,3.6657160243110285,6.5982888437598515,7.331432048622057,4.398859229173234,0.0,0.0,0.0,0.0,0.9750804624667336,0.0,0.0,6.35898448692827,8.067208154257209,2.9375
plot_16912,10.1975409358429,5.827166249053086,10.925936716974537,19.666686090554165,10.925936716974537,2.913583124526543,18.209894528290892,0.0,0.0,0.0,0.0,0.9687663889050756,3.240356778590829,2.526641457360444,9.522766802357152,16.986927208345136,7.588235294117647
plot_16911,0.0,0.0,0.0,8.646293117982992,4.323146558991496,0.0,0.0,0.0,0.0,0.0,0.0,0.0,0.0,0.0,6.33746644163012,6.33746644163012,4.0
plot_16995,0.0,0.0,0.0,0.0,0.0,0.0,0.0,0.0,0.0,0.0,0.0,0.0,0.0,0.0,0.0,0.0,0.0
plot_6686,8.22498869064055,0.0,12.924982228149437,1.1749983843772216,3.524995153131665,12.924982228149437,8.22498869064055,0.0,0.0,0.0,0.0,1.6273727623624519,0.0,0.0,2.9186959867930184,4.54606874915547,2.6333333333333333
plot_16731,0.0,0.0,10.92168062821507,0.0,0.0,0.0,0.0,0.0,0.0,0.0,0.0,0.0,0.0,0.0,7.563263835038936,7.563263835038936,3.5
plot_16037,0.0,3.6464233448884436,1.215474448296148,1.215474448296148,1.215474448296148,2.430948896592296,2.430948896592296,0.0,0.0,0.0,0.0,1.6834321108901649,0.0,0.0,1.6165810162338767,3.3000131271240414,3.25
plot_6350,0.0,0.0,0.0,0.0,0.0,0.0,0.0,0.0,0.0,0.0,0.0,0.0,0.0,0.0,0.0,0.0,0.0
plot_16730,0.0,1.678770602712222,0.0,0.0,3.357541205424444,6.715082410848888,0.0,0.0,0.0,0.0,0.0,0.0,0.0,0.0,0.0,0.0,0.0
plot_6487,0.0,0.0,0.0,0.0,0.0,4.8776205016144925,0.0,0.0,0.0,0.0,0.0,0.0,0.0,0.0,0.0,0.0,0.0
plot_10711,0.0,6.488208492091685,9.732312738137527,9.732312738137527,0.0,11.354364861160448,3.2441042460458425,0.0,0.0,0.0,0.0,0.0,0.0,0.0,0.0,0.0,0.0
plot_10709,1.6653773870062258,65.36606243999437,2.498066080509339,2.0817217337577825,2.9144104272608953,1.2490330402546694,1.2490330402546694,0.0,0.0,0.0,0.0,0.0,0.0,0.0,0.0,0.0,0.0
plot_10710,5.002060849069817,1.0004121698139634,2.000824339627927,0.0,0.0,4.001648679255854,1.0004121698139634,0.0,0.0,0.0,0.0,0.0,0.0,0.0,0.0,0.0,0.0
plot_6472,0.27561048411257144,0.27561048411257144,1.3780524205628573,1.1024419364502858,0.5512209682251429,1.6536629046754288,1.1024419364502858,0.9770053332075387,0.0,0.0,0.0,0.0,0.0,0.0,0.0,0.0,0.0
plot_6448,30.29864363072013,33.10407359652755,1.1221719863229678,1.6832579794844515,5.610859931614839,0.0,5.049773938453355,0.0,0.0,0.0,0.0,0.0,0.0,0.0,0.0,0.0,0.0
plot_6329,0.0,1.4551380926049884,1.4551380926049884,0.0,0.0,0.0,0.0,0.0,0.0,0.0,0.0,0.0,0.0,0.0,0.0,0.0,0.0
plot_10094,0.0,0.0,0.0,0.0,0.0,0.0,0.0,0.0,0.0,0.0,0.0,0.0,0.0,0.0,0.0,0.0,0.0
plot_9814,0.0,0.0,0.0,0.0,0.0,0.0,0.0,0.0,0.0,0.0,0.0,0.0,0.0,0.0,0.0,0.0,0.0
plot_16469,0.2980654360935782,2.205684227092479,0.3576785233122939,0.9538093954994503,0.11922617443743129,0.9538093954994503,2.4441365759673412,0.9770512805719224,0.0,0.0,0.0,0.0,0.0,0.0,0.0,0.0,0.0
plot_16849,0.0,0.0,0.0,0.0,0.0,0.0,0.0,0.029754027457048415,0.0,0.0,0.0,0.0,0.0,0.0,0.0,0.0,0.0
plot_9784,0.0,0.0,0.0,0.0,0.0,0.0,0.0,0.0,0.0,0.0,0.0,0.0,0.0,0.0,0.0,0.0,0.0
plot_16652,0.0,0.0,0.0,0.0,0.0,0.0,0.0,0.0,0.0,0.0,0.0,0.0,0.0,0.0,0.0,0.0,0.0
plot_16863,0.19986800716806621,1.798812064512596,0.0,1.3990760501764636,0.7994720286722649,0.5996040215041987,1.9986800716806623,0.9932913039531072,0.0,0.0,0.0,0.0,0.0,0.0,0.0,0.0,0.0
plot_9783,0.1998679672208539,1.7988117049876853,0.0,1.3990757705459773,0.7994718688834156,0.5996039016625617,1.9986796722085391,0.9932910556653786,0.0,0.0,0.0,0.0,0.0,0.0,0.0,0.0,0.0
plot_7667,0.0,16.09114021819586,8.04557010909793,0.0,0.0,8.04557010909793,8.04557010909793,0.0,0.0,0.0,0.0,0.0,0.0,0.0,0.0,0.0,0.0
plot_16824,0.0,16.09114021819586,8.04557010909793,0.0,0.0,8.04557010909793,8.04557010909793,0.0,0.0,0.0,0.0,0.0,0.0,0.0,0.0,0.0,0.0
plot_7668,0.0,0.0,0.0,0.0,0.0,0.0,0.0,0.0,0.0,0.0,0.0,0.0,0.0,0.0,0.0,0.0,0.0
plot_16825,0.0,0.0,0.0,0.0,0.0,0.0,0.0,0.0,0.0,0.0,0.0,0.0,0.0,0.0,0.0,0.0,0.0
plot_8987,0.0,0.0,0.0,0.0,0.0,0.0,0.0,0.0,0.0,0.0,0.0,0.0,0.0,0.0,0.0,0.0,0.0
plot_16318,0.0,1.678770602712222,0.0,0.0,3.357541205424444,6.715082410848888,0.0,0.0,0.0,0.0,0.0,0.0,0.0,0.0,0.0,0.0,0.0
plot_4249,0.0,0.0,0.0,0.0,0.0,0.0,0.0,0.4451993918782663,0.0,0.0,0.0,0.0,0.0,0.0,1.7345512195629627,1.7345512195629627,0.0
plot_16366,0.0,0.0,0.0,0.4421058029923489,0.4421058029923489,4.421058029923489,0.0,0.9995693534394092,0.0,0.0,0.0,0.0,0.0,0.0,0.0,0.5880007179798241,3.0
plot_1148,8.562156978586046,11.416209304781393,102.74588374303255,19.97836628336744,17.12431395717209,8.562156978586046,22.832418609562787,0.0,0.0,0.0,0.0,0.0,0.0,4.925440532832514,59.53247374963482,70.16601893485803,4.231578947368422
plot_1147,0.0,0.0,0.0,5.852916215504376,1.9509720718347918,3.9019441436695836,0.0,0.0,0.0,0.0,0.0,0.0,0.0,0.0,3.00936779955825,4.9603398713930416,1.75
plot_16231,0.0,0.0,0.0,0.0,0.0,0.0,0.0,0.0,0.0,0.0,0.0,0.0,0.0,0.0,0.0,0.0,0.0
plot_16188,0.0,0.0,0.0,0.0,0.0,0.0,0.0,0.0032646885128713075,0.0,0.0,0.0,0.0,0.0,0.0,0.0,0.0,0.0
plot_4880,0.0,22.104983937045006,58.94662383212001,7.368327979015001,22.104983937045006,0.0,29.473311916060005,0.0,0.0,0.0,0.0,0.0,0.0,12.60110573509385,10.772495505319934,30.741929219428787,18.066666666666666
plot_2857,0.0,0.0,0.0,3.809668939769134,0.0,0.0,0.0,0.0,0.0,0.0,0.0,0.0,0.0,0.0,0.0,0.0,0.0
plot_4661,0.0,2.5236210934345475,0.0,0.0,0.0,0.0,2.5236210934345475,0.0,0.0,0.0,0.0,0.0,0.0,0.0,0.0,0.0,0.0
plot_16186,0.0,0.0,0.0,0.0,0.0,0.0,0.0,0.0,0.0,0.0,0.0,0.0,0.0,0.0,0.0,0.0,0.0
plot_16239,0.0,0.0,0.0,0.0,0.0,0.0,0.0,0.0,0.0,0.0,0.0,0.0,0.0,0.0,0.0,0.0,0.0
plot_16189,0.0,0.0,0.0,0.0,0.0,0.0,0.0,0.00424492352657039,0.0,0.0,0.0,0.0,0.0,0.0,0.0,0.0,0.0
plot_2851,2.35684077749349,3.2995770884908864,0.0,0.9427363109973961,0.9427363109973961,4.242313399488283,2.35684077749349,0.966965937838409,0.0,0.0,0.0,0.0,0.0,0.0,0.0,0.0,0.0
plot_2855,12.958907304936048,0.0,4.319635768312016,4.319635768312016,8.639271536624031,17.278543073248063,4.319635768312016,0.0,0.0,0.0,0.0,0.0,0.0,0.0,0.0,0.0,0.0
plot_2859,0.0,0.0,0.0,2.31480141897327,0.0,2.31480141897327,0.0,0.0,0.0,0.0,0.0,0.0,0.0,0.0,0.0,0.0,0.0
plot_16180,0.0,0.0,0.0,0.0,0.0,0.0,0.0,0.9998639048595955,0.0,0.0,0.0,0.0,0.0,0.0,0.0,0.0,0.0
plot_2856,0.0,0.0,0.0,0.0,0.0,0.0,0.0,0.9126957796412568,0.0,0.0,0.0,0.0,0.0,0.0,0.0,0.0,0.0
plot_2858,3.405760765740771,3.143779168376096,0.2619815973646747,1.0479263894586988,1.3099079868233734,0.5239631947293494,1.8338711815527229,0.9069644212781368,0.0,0.0,0.0,0.0,0.0,0.0,0.0,0.0,0.0
plot_2850,0.0,0.0,0.0,0.0,0.0,0.0,0.0,0.016032994221944923,0.0,0.0,0.0,0.0,0.0,0.0,0.0,0.0,0.0
plot_9782,0.0,0.0,0.0,9.917338979604992,0.0,4.958669489802496,0.0,0.9999987334450935,0.0,0.0,0.0,0.0,0.0,0.0,0.0,0.0,0.0
plot_2847,0.0,0.0,0.0,0.0,0.0,6.941359395824079,0.0,1.0000003221933327,0.0,0.0,0.0,0.0,0.0,0.0,0.0,0.0,0.0
plot_2852,0.0,0.0,0.5995243373907142,0.0,0.0,0.5995243373907142,0.0,0.0,0.0,0.0,0.0,0.0,0.0,0.0,0.0,0.0,0.0
plot_3269,0.0,7.836315051210319,0.0,0.0,0.0,0.0,0.0,0.0,0.0,0.0,0.0,0.0,0.0,0.0,0.0,0.0,0.0
plot_2846,0.0,0.0,0.0,0.9072325257376198,0.22680813143440495,1.8144650514752396,0.22680813143440495,0.5058698757851149,0.0,0.0,0.0,0.0,0.0,0.0,0.0,0.0,0.0
plot_3268,0.0,0.0,0.5973462296402005,1.7920386889206015,0.0,2.9867311482010024,0.5973462296402005,0.0,0.0,0.0,0.0,0.0,0.0,0.0,0.0,0.0,0.0
plot_2854,0.0,0.0,3.47006548013561,0.0,0.0,6.94013096027122,3.47006548013561,0.0,0.0,0.0,0.0,0.0,0.0,0.0,0.0,0.0,0.0
plot_16451,0.0,0.0,0.0,3.1748097892085037,0.0,0.0,1.5874048946042518,0.0,0.0,0.0,0.0,0.0,0.0,0.0,0.0,0.0,0.0
plot_2849,1.88187826505879,4.704695662646975,0.0,3.76375653011758,4.704695662646975,2.822817397588185,4.704695662646975,0.1672928653897623,0.0,0.0,0.0,0.0,0.0,0.0,0.0,0.0,0.0
plot_2116,0.0,0.0,0.0,10.733414191720245,0.0,0.0,10.733414191720245,0.0,0.0,0.0,0.0,0.0,0.0,0.0,0.0,0.0,0.0
plot_4879,0.0,0.0,0.0,0.0,0.0,0.0,0.0,0.0,0.0,0.0,0.0,0.0,0.0,0.0,0.0,0.0,0.0
plot_4899,0.0,0.5064934999156688,2.532467499578344,1.0129869998313377,1.5194804997470066,2.532467499578344,4.051947999325351,0.983300876429771,0.0,0.0,0.13859460427263695,0.7014934973832013,0.0,0.0,4.016958843681414,5.2249458409802845,2.525
plot_4691,0.0,0.0,0.0,0.0,0.0,0.0,0.0,0.03774007280367785,0.0,0.0,0.0,0.0,0.0,0.0,0.0,0.0,0.0
plot_4910,0.0,0.0,0.0,33.6439794098846,4.806282772840657,0.0,0.0,0.20933309169061626,0.0,0.0,0.0,0.0,0.0,0.0,0.0,0.0,0.0
plot_4909,0.0,3.851679524856814,7.703359049713628,0.0,11.55503857457044,7.703359049713628,0.0,1.0000009904566438,0.0,0.0,0.0,0.0,0.0,0.0,5.691626018857509,5.691626018857509,3.0
plot_4908,0.0,0.0,3.741338800676434,3.741338800676434,7.482677601352868,3.741338800676434,0.0,0.0010936734296759457,0.0,0.0,0.0,0.0,0.0,0.0,0.0,0.0,0.0
plot_18559,0.0,0.0,3.3356460479265624,0.0,0.0,3.3356460479265624,3.3356460479265624,0.0,0.0,0.0,0.0,0.0,0.0,0.0,0.0,0.0,0.0
plot_4860,0.0,0.0,0.0,0.0,0.0,0.0,0.0,0.0,0.0,0.0,0.0,0.0,0.0,0.0,0.0,0.0,0.0
plot_4622,8.402478731225711,8.402478731225711,0.0,16.804957462451423,4.201239365612856,4.201239365612856,0.0,0.0,0.0,0.0,0.0,6.29980461926419,0.0,0.0,0.0,6.29980461926419,4.0
plot_18617,0.0,0.0,0.0,2.4484599187111304,0.0,7.345379756133392,0.0,0.0,0.0,0.0,0.0,0.0,0.0,0.0,0.0,2.4484599187111304,0.0
plot_20447,2.99566793131932,2.662815938950507,0.33285199236881335,0.6657039847376267,0.33285199236881335,1.6642599618440668,1.8861612900899423,0.9006836685533127,0.0,0.0,0.0,0.0,0.0,0.0,0.0,0.0,0.0
plot_2115,0.0,0.0,0.0,0.0,0.0,0.0,0.0,0.0,0.0,0.0,0.0,0.0,0.0,0.0,0.0,0.0,0.0
plot_2112,0.0,0.0,0.0,0.9733383168255154,0.0,0.0,0.0,0.022767217561824732,0.0,0.0,0.0,0.0,0.0,0.0,0.0,0.0,0.0
plot_1440,0.0,0.0,0.0,0.0,0.0,0.0,0.0,0.005050163475362406,0.0,0.0,0.0,0.0,0.0,0.0,0.0,0.0,0.0
plot_2113,1.414853080477079,1.6506619272232588,0.11790442337308991,0.5895221168654496,0.11790442337308991,1.0611398103578094,0.7074265402385395,0.9488466000809667,0.0,0.0,0.0,0.0,0.0,0.0,0.0,0.0,0.0
plot_2114,0.0,0.0,0.0,7.875566056310297,0.0,3.9377830281551485,0.0,0.928304118989628,0.0,0.0,0.0,0.0,0.0,0.0,0.0,0.0,0.0
plot_19906,0.0,0.0,0.0,0.6449449217036864,0.0,1.9348347651110593,0.0,1.0000002770290881,0.0,0.0,0.0,0.0,0.0,0.0,0.0,0.0,0.0
plot_7213,0.0,0.0,0.0,7.049700387733521,0.0,0.0,0.0,1.0000000563553126,0.0,0.0,0.0,0.0,0.0,0.0,0.0,0.0,0.0
plot_2239,0.72156215319919,2.1646864595975703,0.0,1.44312430639838,0.72156215319919,0.72156215319919,3.6078107659959504,0.9504033635356706,0.0,0.0,0.0,0.0,0.0,0.0,0.0,0.0,0.0
plot_2238,0.0,0.37198962744122843,0.0,0.7439792548824569,1.1159688823236853,0.7439792548824569,0.0,0.10650560862128813,0.0,0.0,0.0,0.0,0.0,0.0,0.0,0.0,0.0
plot_2092,0.0,0.0,0.0,5.362627580261777,0.0,0.0,1.3406568950654443,1.0000002426984866,0.0,0.0,0.0,0.0,0.0,0.0,0.0,0.0,0.0
plot_2096,0.0,0.0,0.0,5.264432441538478,0.0,5.264432441538478,0.0,1.0000020491977242,0.0,0.0,0.0,0.0,0.0,0.0,0.0,0.0,0.0
plot_2093,0.0,0.0,0.0,0.0,7.06713780918728,7.06713780918728,0.0,1.0000020642846383,0.0,0.0,0.0,0.0,0.0,0.0,0.0,0.0,0.0
plot_4862,0.0,0.0,0.0,0.0,0.0,16.339335315839353,0.0,0.0,0.0,0.0,0.0,0.0,0.0,0.0,0.0,0.0,0.0
plot_4861,1.9847531264823626,1.9847531264823626,1.9847531264823626,0.0,1.9847531264823626,9.923765632411813,3.969506252964725,0.0,0.0,0.0,0.0,0.0,0.0,0.0,1.9847531264823626,1.9847531264823626,0.0
plot_4675,0.0,0.0,0.0,0.0,0.0,16.64502813009754,0.0,0.0,0.0,0.0,0.0,0.0,0.0,0.0,0.0,0.0,0.0
plot_4863,0.0,0.0,0.0,0.0,0.0,9.537343468350326,0.0,0.0,0.0,0.0,0.0,0.0,0.0,0.0,22.746564172015525,22.746564172015525,1.75
plot_4864,0.0,0.0,0.0,0.0,0.0,0.0,0.5562121949523744,0.0,0.0,0.0,0.0,0.0,0.0,0.0,0.0,0.0,0.0
plot_4686,0.0,20.071051522389258,0.0,60.21315456716778,0.0,0.0,0.0,0.0,0.0,0.0,0.0,0.0,0.0,0.0,0.0,0.0,0.0
plot_4866,0.0,0.0,1.9846861615772697,0.0,0.0,0.0,0.0,0.0,0.0,0.0,0.0,0.0,0.0,0.0,0.0,0.0,0.0
plot_17025,0.0,0.0,0.0,2.6782366489903047,0.0,5.356473297980609,0.0,0.0,0.0,0.0,0.0,0.0,0.0,0.0,3.562054743157105,3.562054743157105,3.0
plot_17024,0.0,0.0,0.0,0.0,49.56220056170495,0.0,0.0,0.0,0.0,0.0,0.0,0.0,0.0,0.0,0.0,0.0,0.0
plot_6750,10.963710119504439,3.654570039834813,21.927420239008878,0.0,0.0,3.654570039834813,29.236560318678503,0.0,0.0,0.0,0.0,5.706847810321729,0.0,0.0,7.265831016200188,12.972678826521918,4.35
plot_17085,0.0,0.0,0.7802612626811961,0.0,0.7802612626811961,0.0,0.0,0.0,0.0,0.0,0.0,0.0,0.0,0.0,0.0,0.0,0.0
plot_16957,0.0,0.0,0.0,0.0,0.0,2.3998886451668646,0.0,0.0,0.0,0.0,0.0,0.0,0.0,0.0,0.0,0.0,0.0
plot_6202,9.48910650573142,3.7956426022925682,2.5304284015283787,3.1630355019104734,17.080391710316558,3.7956426022925682,22.141248513373316,0.0,0.0,0.0,0.0,0.8761608340292012,0.0,1.0501277866342773,7.772039396264338,9.698328016927816,7.090000000000001
plot_7282,6.918278153775714,3.7736062656958436,1.2578687552319479,3.7736062656958436,5.660409398543766,6.28934377615974,13.836556307551428,0.9884107788520291,0.0,0.0,0.0,0.0,0.6289343776159739,0.0,4.8545055743216805,5.483439951937655,2.9499999999999997
plot_7283,42.29318433364694,10.373799930894533,3.989923050344051,5.585892270481671,25.535507522201925,3.1919384402752407,22.343569081926685,0.863669195760999,0.0,0.0,0.0,1.1715783943623959,0.0,2.7961287509830446,4.227402680534115,9.300318510824857,27.400000000000002
plot_6195,0.0,0.0,1.5454182983708202,3.0908365967416405,0.0,1.5454182983708202,1.5454182983708202,0.5983561712661138,0.31241957854369845,0.0,0.0,0.0,0.0,0.0,2.47347277486205,2.47347277486205,4.0
plot_6059,14.635609902453659,9.75707326830244,0.0,0.0,0.0,7.3178049512268295,2.43926831707561,0.0,0.8967556719957764,0.0,0.0,2.43926831707561,0.0,0.0,0.0,2.43926831707561,0.0
plot_11877,7.697636825494572,2.5658789418315244,10.263515767326098,15.395273650989145,0.0,10.263515767326098,33.356426243809814,0.0,0.0,0.0,0.0,3.553742334436661,0.0,0.0,8.544376876298976,12.098119210735636,1.625
plot_11878,0.0,0.0,0.0,0.0,0.0,0.0,0.0,0.0,0.0,0.0,0.0,0.0,0.0,0.0,0.0,0.0,0.0
plot_11547,0.0,0.0,0.0,16.906885329050255,0.0,16.906885329050255,0.0,0.0,0.0,0.0,0.0,0.0,0.0,0.0,0.0,0.0,0.0
plot_19792,3.139007822407494,3.139007822407494,18.834046934444963,0.0,0.0,0.0,6.278015644814988,0.0,0.0,0.0,0.0,4.174880403801967,3.139007822407494,0.0,4.174880403801967,11.488768630011428,2.0
plot_16287,24.444349383085736,6.111087345771434,0.0,6.111087345771434,12.222174691542868,0.0,18.333262037314302,0.0,0.0,0.0,0.0,0.0,0.0,10.144404993980581,0.0,10.144404993980581,30.0
plot_6351,0.0,1.8611888157441685,0.0,0.0,0.0,0.0,0.0,0.0,0.0,0.0,0.0,0.0,0.0,0.0,0.0,0.0,0.0
plot_11715,0.0,1.4596899326645032,2.9193798653290064,4.37906979799351,0.0,7.298449663322517,0.0,0.0,0.0,0.0,0.0,0.0,0.0,0.0,0.0,0.0,0.0
plot_14805,14.468208240070128,5.957497510617111,0.0,4.255355364726508,0.0,11.063923948288922,4.255355364726508,0.0,0.0,0.0,0.0,1.254811468920802,0.0,0.0,0.0,1.254811468920802,3.9
plot_11714,0.0,0.0,0.0,1.349178340753493,0.19273976296478473,3.2765759704013404,0.7709590518591389,0.0,0.0,0.0,0.0,0.2669445717062268,0.5782192888943541,0.0,0.2563438847431637,1.1015077453437447,1.3
plot_14795,0.0,0.0,0.0,0.0,0.0,0.0,0.0,0.0,0.0,0.0,0.0,0.0,0.0,0.0,0.0,0.0,0.0
plot_6748,2.4157876554861333,0.8052625518287111,0.0,0.8052625518287111,0.0,0.8052625518287111,0.0,0.0,0.0,0.0,0.0,1.1080469414842977,0.8052625518287111,0.0,0.0,1.9133094933130086,1.5
plot_14797,5.756992316933941,22.668157247927393,0.7196240396167426,0.7196240396167426,0.3598120198083713,5.39718029712557,1.7990600990418566,0.0,0.0,0.0,0.0,3.4894536628293893,2.158872118850228,0.0,11.113181795722566,17.240057563747317,2.6555555555555554
plot_4768,0.0,0.0,0.0,0.0,0.0,0.0,0.0,0.0,0.8168776601802751,0.0,0.0,0.0,0.0,0.0,1.5382059329426843,1.5382059329426843,3.0
plot_4911,0.0,2.290809045030433,0.0,6.872427135091299,0.0,4.581618090060866,0.0,0.0,0.0,0.0,0.0,0.0,0.0,3.8027430147505195,0.0,3.8027430147505195,35.0
plot_4824,0.8539590538019823,1.1386120717359764,0.0,0.0,0.5693060358679882,0.2846530179339941,0.5693060358679882,0.0,0.9238577294443021,0.0,0.0,0.0,0.0,0.0,0.2846530179339941,0.2846530179339941,0.0
plot_4924,0.0,10.078917927371318,0.0,10.078917927371318,0.0,10.078917927371318,0.0,0.0,0.0,0.0,0.0,0.0,0.0,0.0,24.592559742786015,24.592559742786015,2.0
plot_4821,0.0,0.0,0.0,0.0,47.08541293907148,0.0,0.0,0.0,0.0,0.0,0.0,0.0,0.0,0.0,0.0,0.0,0.0
plot_4626,0.0,0.0,0.0,0.0,0.0,0.0,0.0,0.0,0.0,0.0,0.0,0.0,0.0,0.0,0.0,0.0,0.0
plot_4625,5.767489431075618,0.961248238512603,0.0,1.922496477025206,2.883744715537809,2.883744715537809,2.883744715537809,0.0,0.0,0.0,0.0,1.3880697562352053,0.0,0.0,1.3313288103399552,4.1051651077135745,3.5
plot_4703,0.0,0.689546747132175,0.0,0.689546747132175,1.37909349426435,1.37909349426435,0.0,0.0,0.0,0.0,0.0,0.9550222447780624,0.0,0.0,1.79317608421866,2.7481983289967222,2.5
plot_14796,0.0,0.0,0.0,0.0,0.0,3.480815485451932,0.0,0.0,0.0,0.0,0.0,0.0,0.0,0.0,0.0,0.0,0.0
plot_14804,3.9131668280847984,7.826333656169597,21.522417554466394,0.0,0.0,9.782917070211996,17.609250726381593,0.0,0.0,0.0,0.0,0.0,0.0,0.0,13.358200938828968,13.358200938828968,2.9
plot_14803,0.0,0.0,0.0,11.488376634939598,5.744188317469799,17.232564952409398,0.0,0.0,0.0,0.0,0.0,8.068295738219874,0.0,0.0,18.466479440848342,26.534775179068216,3.5
plot_14798,0.0,0.0,5.268676139746366,100.10484665518095,0.0,10.537352279492731,0.0,0.0,0.0,0.0,0.0,0.0,5.268676139746366,0.0,0.0,5.268676139746366,0.0
plot_8857,0.0,0.0,0.0,0.0,0.0,0.0,0.0,0.0,0.8848092639013844,0.0,0.0,0.0,0.0,0.0,0.0,0.0,0.0
plot_8858,0.8483707040628474,0.8483707040628474,0.8483707040628474,0.0,0.0,0.4241853520314237,1.6967414081256948,0.0,0.9731676846345938,0.0,0.0,0.0,0.0,0.0,0.0,0.0,0.0
plot_8169,0.0,0.0,0.0,9.105013584680268,0.9105013584680269,0.9105013584680269,3.6420054338721077,0.0,0.2914743556950025,0.0,0.0,0.0,0.0,1.5969053060374674,2.9038197035140647,4.500725009551532,24.666666666666668
plot_4627,0.0,9.469360699785756,2.367340174946439,0.0,4.734680349892878,7.102020524839317,9.469360699785756,0.0,0.0,0.0,0.0,0.0,2.367340174946439,0.0,3.148562432678764,5.515902607625203,1.5
plot_18371,0.0,4.797270353169047,0.5996587941461309,0.0,0.5996587941461309,0.5996587941461309,3.597952764876785,0.0,0.0,0.0,0.0,0.7975461962143541,0.5996587941461309,0.0,1.430186224038522,2.827391214399007,1.625
plot_4922,0.0,0.0,0.0,6.382435537401073,0.0,0.0,0.0,0.0,0.0,0.0,0.0,0.0,0.0,0.0,0.0,0.0,0.0
plot_6058,0.0,26.92413317753235,0.0,0.0,0.0,0.0,5.38482663550647,0.14040394590170363,0.8138755893048399,0.0,0.0,0.0,7.457984890176461,0.0,0.0,7.457984890176461,3.5
plot_7555,8.72607963420274,8.72607963420274,0.0,13.089119451304112,0.0,8.72607963420274,8.72607963420274,0.9675049098129049,0.0,0.0,0.0,0.0,0.0,0.0,6.042810146685398,6.042810146685398,3.5
plot_18100,0.0,5.703693141308998,0.0,5.703693141308998,0.0,0.0,0.0,0.9606451313520711,0.0,0.0,0.0,7.585911877940966,0.0,0.0,0.0,7.585911877940966,3.0
plot_7556,0.0,0.0,0.0,0.0,0.0,0.0,0.0,1.0000009273401966,0.0,0.0,0.0,0.0,0.0,0.0,0.0,0.0,0.0
plot_6180,0.0,0.0,0.0,1.7119681984787452,3.4239363969574903,0.0,0.0,0.9999997153293367,0.0,0.0,0.0,0.0,0.0,0.0,0.0,0.0,0.0
plot_6057,4.67115824482786,15.570527482759534,0.0,4.67115824482786,0.0,1.5570527482759533,4.67115824482786,0.9623498966802575,0.0,0.0,0.0,0.0,1.5570527482759533,0.0,1.5570527482759533,4.67115824482786,0.0
plot_18732,5.908175141943908,20.67861299680368,0.0,0.0,0.0,0.0,0.0,0.9999992976781742,0.0,0.0,0.0,0.0,0.0,0.0,3.928936469392699,3.928936469392699,3.0
plot_4628,0.0,0.0,0.0,0.0,0.0,0.0,0.0,0.0,0.0,0.0,0.0,0.0,0.0,0.0,0.0,0.0,0.0
plot_17260,0.0,0.0,0.0,0.0,0.0,0.0,0.0,0.0,0.0,0.0,0.0,0.0,0.0,0.0,17.707598290484494,17.707598290484494,3.0
plot_19501,0.0,0.4078628618227922,0.0,29.977920343975228,0.0,5.302217203696299,1.2235885854683766,0.0,0.0,0.0,0.0,0.4939487314500188,0.0,0.0,0.8157257236455844,1.3096744550956032,0.5833333333333334
plot_17455,0.0,0.0,4.862630683199611,9.725261366399222,0.0,0.0,0.0,0.0,0.0,0.0,0.0,0.0,0.0,0.0,7.247565349099822,7.247565349099822,3.0
plot_19892,26.907760198041117,6.726940049510279,50.4520503713271,13.453880099020559,10.090410074265419,16.8173501237757,10.090410074265419,0.0,0.0,0.0,0.0,6.04535374308786,0.0,3.3634700247551397,28.749788063014353,38.15861183085736,3.0125
plot_17371,0.0,0.0,0.0,0.0,0.0,4.111334950458414,0.0,0.0,0.0,0.0,0.0,0.0,0.0,0.0,0.0,0.0,0.0
plot_17258,0.0,0.0,0.0,1.7082366044356072,0.0,0.5694122014785358,0.0,0.0,0.0,0.0,0.0,0.0,0.0,0.0,2.11536632849276,2.11536632849276,2.1666666666666665
plot_17229,0.0,0.0,0.0,0.0,8.746457684637722,0.0,0.0,0.0,0.0,0.0,0.0,0.0,0.0,0.0,0.0,0.0,0.0
plot_4898,0.0,0.0,0.0,0.0,0.0,5.955500500262043,0.0,0.0,0.0,0.0,0.0,0.0,0.0,0.0,0.0,0.0,0.0
plot_17372,0.0,0.0,0.0,0.0,0.0,1.5128615928314566,1.5128615928314566,0.0,0.0,0.0,0.0,2.158615091455171,0.0,2.511350244100218,1.5128615928314566,6.182826928386847,11.166666666666666
plot_17226,0.0,0.0,0.0,0.0,11.55001155001155,0.0,0.0,0.0,0.0,0.0,0.0,0.0,0.0,0.0,0.0,0.0,0.0
plot_4933,60.761093456637845,30.380546728318922,0.0,6.0761093456637845,12.152218691327569,0.0,42.53276541964649,0.0,0.0,0.0,0.0,9.082457396647646,6.0761093456637845,10.372925939917572,16.496636873477176,42.02812955570617,9.1
plot_4510,0.0,0.0,0.0,12.659990631606933,0.0,0.0,12.659990631606933,0.0,0.0,0.0,0.0,0.0,0.0,0.0,12.659990631606933,12.659990631606933,0.0
plot_4658,9.223939967524045,2.6903158238611797,0.7686616639603371,1.1529924959405056,3.4589774878215165,3.0746466558413483,5.3806316477223595,0.0,0.0,0.0,0.0,1.0434582088261575,0.0,1.2926458935296492,4.280031596013695,7.00046653034967,8.176923076923076
plot_4704,2.4537769762106323,0.0,2.4537769762106323,0.0,0.0,4.907553952421265,0.0,0.0,0.0,0.0,0.0,0.0,0.0,0.0,6.667858519750496,6.667858519750496,2.0
plot_4923,19.786587520316584,12.71994912020352,0.0,1.413327680022613,1.413327680022613,2.826655360045226,16.959932160271357,0.0,0.0,0.0,0.0,0.0,0.0,0.0,4.877500823642126,4.877500823642126,1.1666666666666667
plot_4798,0.0,0.0,0.0,10.865136493277198,0.0,2.7162841233192996,10.865136493277198,0.0,0.0,0.0,0.0,0.0,0.0,0.0,3.612657884014668,3.612657884014668,3.0
plot_4820,0.0,3.71117415983656,0.0,0.92779353995914,0.92779353995914,7.42234831967312,7.42234831967312,0.0,0.0,0.0,0.0,1.284994052843409,0.0,0.0,6.364724270871997,7.6497183237154065,2.8333333333333335
plot_4897,7.311947673752594,15.11135852575536,1.9498527130006917,10.724189921503804,8.28687403025294,11.699116278004151,12.674042634504497,0.0,0.0,0.0,0.0,2.205564122392483,4.18650794448215,0.8691283974445684,9.590646829345337,17.62509367861865,6.6521739130434785
plot_4935,7.726472569090761,9.014217997272555,0.0,2.5754908563635874,0.0,2.5754908563635874,5.150981712727175,0.0,0.0,0.0,0.0,0.0,4.4298442729453695,0.0,0.0,7.5689290892942775,1.5
plot_19708,8.19521469706389,7.024469740340477,1.1707449567234127,2.9268623918085317,4.097607348531945,4.097607348531945,6.4390972619787705,0.0,0.0,0.0,0.0,0.0,1.9492903529444823,0.9717183140804326,5.575133587050061,8.496142254074975,6.17
plot_4934,2.889782259723033,6.742825272687077,0.48163037662050556,1.4448911298615166,0.9632607532410111,3.3714126363435386,3.3714126363435386,0.0,0.0,0.0,0.0,1.2995371377265126,0.9632607532410111,0.0,3.162685370620275,7.347188464303616,4.375
plot_4697,0.0,0.0,0.0,0.0,0.0,0.0,0.0,0.0,0.0,0.0,0.0,0.0,0.0,0.0,0.0,0.0,0.0
plot_4698,25.277020344841752,3.159627543105219,33.1760892026048,3.159627543105219,3.159627543105219,9.478882629315658,14.218323943973486,0.0,0.0,0.0,0.0,2.101152316164971,1.5798137715526095,0.0,8.498202992548784,12.179169080266364,2.3666666666666667
plot_4767,0.0,0.0,0.0,0.0,0.0,9.445992537665896,1.5743320896109827,0.0,0.0,0.0,0.0,0.0,0.0,0.0,0.0,0.0,0.0
plot_4823,0.0,0.0,0.0,13.021172426365268,0.0,0.0,0.0,0.0,0.0,0.0,0.0,0.0,0.0,0.0,0.0,0.0,0.0
plot_4766,0.0,0.0,0.0,1.1972606675925481,0.0,2.3945213351850962,0.0,0.0,0.0,0.0,0.0,0.0,0.0,0.0,0.5527353415385597,0.5527353415385597,3.5
plot_4822,3.468494794656437,10.405484383969311,0.0,0.0,0.0,5.2027421919846555,15.608226575953966,0.0,0.0,0.0,0.0,0.0,8.2723600852556,0.0,5.02891499405363,13.301275079309232,2.4166666666666665
plot_4878,0.0,1.188748966531367,6.538119315922519,1.7831234497970507,1.188748966531367,4.160621382859785,1.7831234497970507,0.0,0.0,0.0,0.0,0.0,0.0,0.0,3.439654041058897,4.034028524324581,2.8
plot_4793,2.4135467552277423,12.067733776138713,0.0,4.827093510455485,0.0,9.65418702091097,16.894827286594197,0.0,0.0,0.0,0.0,10.154180894367723,2.4135467552277423,0.0,6.387691397535891,18.955419047131358,2.3333333333333335
plot_4662,0.0,12.063890363364377,8.042593575576252,0.0,0.0,2.010648393894063,2.010648393894063,0.0,0.0,0.0,0.0,0.0,0.0,0.0,0.0,0.0,0.0
plot_4702,0.0,0.0,0.0,2.7862371032050084,0.0,5.572474206410017,0.0,0.0,0.0,0.0,0.0,0.0,0.0,0.0,0.0,0.0,0.0
plot_4696,0.8649606183430469,13.839369893488751,2.594881855029141,1.7299212366860939,0.0,2.594881855029141,3.4598424733721878,0.0,0.0,0.0,0.0,8.325561276425272,0.0,0.0,1.3855901749774158,9.711151451402687,3.375
plot_4659,0.0,1.5474199094140386,0.0,4.642259728242116,1.5474199094140386,4.642259728242116,4.642259728242116,0.0,0.0,0.0,0.0,0.0,0.0,0.0,2.2282846695562157,2.2282846695562157,4.0
plot_4663,0.0,0.0,0.0,2.0691767159682506,0.0,0.0,0.0,0.0,0.0,0.0,0.0,0.0,0.0,0.0,0.0,0.0,0.0
plot_4664,0.0,0.0,0.0,0.0,0.0,0.0,0.0,0.0,0.0,0.0,0.0,0.0,0.0,0.0,0.0,0.0,0.0
plot_4694,4.209321120689656,4.209321120689656,37.883890086206904,12.627963362068966,8.418642241379311,0.0,12.627963362068966,0.0,0.0,0.0,0.0,0.0,4.209321120689656,0.0,6.549008439969725,16.941428841419693,2.3333333333333335
plot_4660,1.2210727857066104,3.663218357119831,1.2210727857066104,12.210727857066104,1.2210727857066104,0.0,8.547509499946273,0.0,0.0,0.0,0.0,0.0,0.0,0.0,6.616537860481712,7.837610646188322,2.2199999999999998
plot_4695,0.0,0.0,0.0,0.0,0.0,0.0,0.0,0.0,0.0,0.0,0.0,0.0,0.0,0.0,0.0,0.0,0.0
plot_4915,4.84281435313318,0.0,0.0,0.0,0.0,7.26422152969977,0.0,0.0,0.0,0.0,0.0,0.0,0.0,0.0,0.0,0.0,0.0
plot_4914,0.0,0.0,0.0,8.000320012800511,24.000960038401534,0.0,8.000320012800511,0.0,0.0,0.0,0.0,0.0,0.0,0.0,0.0,0.0,0.0
plot_904,0.0,0.0,0.0,0.0,0.0,0.0,0.0,0.0,0.0,0.0,0.0,0.0,0.0,0.0,0.0,0.0,0.0
plot_905,0.0,4.85841761338332,1.6194725377944401,1.6194725377944401,6.4778901511777605,4.85841761338332,1.6194725377944401,0.0,0.0,0.0,0.0,0.0,0.0,0.0,0.0,0.0,0.0
plot_4270,0.0,0.0,0.0,0.0,0.0,0.0,0.0,0.0,0.0,0.0,0.0,0.0,0.0,0.0,0.0,0.0,0.0
plot_4266,0.0,0.0,0.0,4.125072188763304,0.0,0.0,0.0,0.0,0.0,0.0,0.0,0.0,0.0,0.0,0.0,0.0,0.0
plot_4511,0.0,0.0,0.0,9.961945368691598,0.0,19.923890737383196,0.0,0.0,0.0,0.0,0.0,0.0,0.0,0.0,0.0,0.0,0.0
plot_4512,0.3285744796201679,2.3000213573411754,0.0,1.3142979184806716,0.0,1.6428723981008395,3.285744796201679,0.0,0.0,0.0,0.0,1.3993323733734941,1.3142979184806716,0.0,1.5673002677882009,4.280930559642367,1.5909090909090908
plot_4236,0.0,0.0,0.0,0.0,0.0,2.1268947974026364,0.0,0.0,0.0,0.0,0.0,0.0,0.0,0.0,1.5858327757461739,1.5858327757461739,3.0
plot_4228,0.0,0.0,0.0,0.8109405613006189,0.0,0.0,0.0,0.0,0.0,0.0,0.0,0.0,0.0,0.0,0.0,0.0,0.0
plot_18387,0.0,0.0,0.0,0.0,0.0,10.566021787136926,0.0,0.0,0.0,0.0,0.0,0.0,0.0,0.0,0.0,0.0,0.0
plot_4226,0.0,1.6459442288257504,0.0,1.6459442288257504,1.6459442288257504,4.937832686477251,0.0,0.0,0.0,0.0,0.0,0.0,1.6459442288257504,2.8294248748063073,6.331947448292661,10.80731655192472,11.540000000000001
plot_1013,0.6112730984822089,0.4075153989881392,2.648850093422905,3.4638808913991834,0.2037576994940696,2.4450923939288356,0.4075153989881392,0.0,0.0,0.0,0.0,0.0,0.0,0.0,1.1779995074204648,1.1779995074204648,1.3
plot_965,0.0,0.0,0.0,5.173613536242456,2.586806768121228,5.173613536242456,0.0,0.0,0.0,0.0,0.0,0.0,0.0,0.0,0.0,0.0,0.0
plot_2179,0.0,0.0,0.0,5.636660842117131,0.0,2.8183304210585653,2.8183304210585653,0.0,0.0,0.0,0.0,0.0,0.0,0.0,0.0,0.0,0.0
plot_2080,2.4741941549637283,0.0,12.370970774818643,0.0,0.0,4.948388309927457,0.0,0.0,0.0,0.0,0.0,0.0,0.0,0.0,0.0,0.0,0.0
plot_2094,0.0,0.0,0.0,4.48037205009504,0.0,1.12009301252376,0.0,0.0,0.0,0.0,0.0,0.0,0.0,0.0,0.0,0.0,0.0
plot_19680,0.13442282133876257,1.0753825707101006,0.26884564267752514,0.8065369280325755,0.13442282133876257,0.5376912853550503,1.2098053920488632,0.0,0.0,0.0,0.0,0.0,0.0,0.0,0.0,0.0,0.0
plot_2180,0.0,0.0,0.0,0.0,10.245691686645767,0.0,0.0,0.0,0.0,0.0,0.0,0.0,0.0,0.0,0.0,0.0,0.0
plot_4900,0.0,0.0,0.0,0.0,6.98714365567356,0.0,0.0,0.0,0.0,0.0,0.0,0.0,0.0,0.0,0.0,0.0,0.0
plot_1997,0.0,1.969131888515629,5.907395665546887,5.907395665546887,0.0,5.907395665546887,5.907395665546887,0.0,0.0,0.0,0.0,0.0,0.0,0.0,0.0,0.0,0.0
plot_4929,9.070294784580499,0.0,0.0,0.0,9.070294784580499,0.0,0.0,0.0,0.0,0.0,0.0,0.0,0.0,0.0,0.0,0.0,0.0
plot_19884,0.0,0.0,0.0,2.313254795762734,0.0,0.7710849319209113,0.7710849319209113,0.0,0.0,0.0,0.0,0.0,0.0,0.0,0.0,0.0,0.0
plot_2223,0.39179126771704603,0.39179126771704603,0.0,0.19589563385852302,0.39179126771704603,0.587686901575569,0.7835825354340921,0.0,0.0,0.0,0.0,0.0,0.0,0.0,0.0,0.0,0.0
plot_2280,0.0,0.0,0.0,0.9612796554773716,0.0,0.0,0.0,0.0,0.0,0.0,0.0,0.0,0.0,0.0,0.0,0.0,0.0
plot_1999,16.444176952499348,16.444176952499348,0.0,0.0,9.86650617149961,0.0,13.15534156199948,0.0,0.0,0.0,0.0,0.0,0.0,0.0,0.0,0.0,0.0
plot_20449,0.0,0.0,0.0,83.78893567104464,0.0,0.0,0.0,1.0000039708328958,0.0,0.0,0.0,0.0,0.0,0.0,0.0,0.0,0.0
plot_20448,0.0,9.868161364174627,0.0,69.07712954922239,0.0,0.0,0.0,0.9999997614069374,0.0,0.0,0.0,0.0,0.0,0.0,0.0,0.0,0.0
plot_20451,0.0,0.0,0.0,27.592634606069158,0.0,0.0,3.0658482895632395,1.0000004187449218,0.0,0.0,0.0,0.0,0.0,0.0,0.0,0.0,0.0
plot_2178,0.0,0.0,0.0,0.0,0.0,0.0,0.0,0.9789182574001828,0.0,0.0,0.021084599131448,0.0,0.0,0.0,0.0,0.0,0.0
plot_1998,17.853104654899486,3.9673565899776633,0.0,0.0,0.0,9.918391474944158,1.9836782949888316,0.0,0.0,0.0,0.0,0.0,0.0,0.0,0.0,0.0,0.0
plot_2260,44.30627450690808,0.0,0.0,0.0,0.0,0.0,22.15313725345404,0.0,0.0,0.0,0.9056495247581032,0.0,0.0,0.0,0.0,0.0,0.0
plot_2335,0.0,0.0,0.0,1.120258017826666,1.120258017826666,1.120258017826666,0.0,0.002632113421046474,0.0,0.0,0.9861403091985126,0.0,0.0,0.0,0.0,0.0,0.0
plot_2336,1.3320255062904072,3.8295733305849207,0.0,0.4995095648589027,0.1665031882863009,1.1655223180041063,2.997057389153416,0.9833010393401058,0.0,0.0,0.011087150382299137,0.0,0.0,0.0,0.0,0.0,0.0
plot_4893,0.0,8.486571516035072,0.0,0.0,0.0,1.2123673594335818,1.2123673594335818,0.0,0.0,0.0,0.0,0.0,0.0,0.0,0.0,0.0,0.0
plot_4926,0.0,0.0,0.0,2.5568810142635607,0.0,0.0,0.0,0.0,0.0,0.0,0.0,0.0,0.0,0.0,0.0,0.0,0.0
plot_4927,1.2892446058005693,0.0,0.0,0.0,1.2892446058005693,1.2892446058005693,0.0,0.0,0.0,0.0,0.0,0.0,0.0,0.0,0.0,0.0,0.0
plot_4928,0.0,0.0,1.827381855194607,3.654763710389214,0.0,1.827381855194607,0.0,0.0,0.0,0.0,0.0,0.0,0.0,0.0,0.0,0.0,0.0
plot_4631,0.0,0.0,0.0,2.730412701879889,0.0,2.730412701879889,0.0,0.0,0.0,0.0,0.0,0.0,0.0,0.0,0.0,0.0,0.0
plot_18286,0.0,0.0,0.0,2.963208799544851,2.963208799544851,2.963208799544851,0.0,0.0,0.0,0.0,0.0,0.0,0.0,0.0,0.0,0.0,0.0
plot_1453,0.0,8.335961476743362,6.946634563952802,1.3893269127905603,1.3893269127905603,1.3893269127905603,0.0,0.0,0.0,0.0,0.0,0.0,0.0,0.0,0.0,0.0,0.0
plot_20017,5.500464330863931,6.417208386007919,0.9167440551439885,1.833488110287977,0.9167440551439885,2.7502321654319655,1.833488110287977,0.0,0.0,0.0,0.0,0.0,0.0,0.0,0.0,0.0,0.0
plot_1547,0.0,0.0,0.0,0.0,0.0,0.0,0.0,0.0,0.0,0.0,0.0,0.0,0.0,0.0,0.0,0.0,0.0
plot_15678,0.0,21.742439066814516,0.0,0.0,0.0,0.0,10.871219533407258,0.0,0.0,0.0,0.0,0.0,0.0,0.0,0.0,0.0,0.0
plot_15622,5.102561485865905,0.0,0.0,5.102561485865905,0.0,0.0,0.0,0.0,0.0,0.0,0.0,0.0,0.0,0.0,0.0,0.0,0.0
plot_2102,0.282556474915837,1.6953388494950221,0.0,0.282556474915837,0.282556474915837,0.9889476622054296,0.9889476622054296,0.0,0.0,0.0,0.0,0.0,0.0,0.0,0.0,0.0,0.0
plot_2095,0.0,0.0,0.0,0.0,0.0,0.0,0.0,0.0,0.0,0.0,0.0,0.0,0.0,0.0,0.0,0.0,0.0
plot_19341,2.7351125544401365,2.7351125544401365,2.7351125544401365,0.9117041848133788,0.0,1.8234083696267576,0.9117041848133788,0.0,0.0,0.0,0.0,0.0,0.0,0.0,0.0,0.0,0.0
plot_2220,0.0,0.0,0.0,0.0,0.0,0.0,0.0,0.0,0.0,0.0,0.0,0.0,0.0,0.0,0.0,0.0,0.0
plot_1454,0.0,0.0,0.0,14.145805532896071,0.0,4.715268510965357,0.0,0.0,0.0,0.0,0.0,0.0,0.0,0.0,0.0,0.0,0.0
plot_2222,0.0,0.0,0.0,1.282761734704349,0.6413808673521745,1.9241426020565235,0.0,0.0,0.0,0.0,0.0,0.0,0.0,0.0,0.0,0.0,0.0
plot_2210,0.0,0.0,0.0,0.0,0.0,17.382235355466715,0.0,0.0,0.0,0.0,0.0,0.0,0.0,0.0,0.0,0.0,0.0
plot_2269,0.0,0.0,0.0,4.236193187354115,0.0,4.236193187354115,0.0,0.0,0.0,0.0,0.0,0.0,0.0,0.0,0.0,0.0,0.0
plot_1455,0.0,0.0,0.0,0.0,0.0,0.0,0.0,0.0,0.0,0.0,0.0,0.0,0.0,0.0,0.0,0.0,0.0
plot_2163,0.0,0.0,0.0,0.0,4.121111216428398,0.0,4.121111216428398,0.0,0.0,0.0,0.0,0.0,0.0,0.0,0.0,0.0,0.0
plot_1331,2.774856470549061,0.0,0.0,11.099425882196243,2.774856470549061,0.0,2.774856470549061,0.0,0.0,0.0,0.0,0.0,0.0,0.0,0.0,0.0,0.0
plot_1330,0.0,2.0440409053465975,2.0440409053465975,4.088081810693195,0.0,4.088081810693195,14.308286337426184,0.0,0.0,0.0,0.0,0.0,0.0,0.0,0.0,0.0,0.0
plot_2275,20.952610433352366,5.238152608338091,0.0,0.0,7.8572289125071375,7.8572289125071375,5.238152608338091,0.0,0.0,0.0,0.0,0.0,0.0,0.0,0.0,0.0,0.0
plot_15887,0.42543460804177763,2.552607648250666,0.0,0.6381519120626665,0.0,0.6381519120626665,0.21271730402088881,0.0,0.0,0.0,0.0,0.0,0.0,0.0,0.0,0.0,0.0
plot_1735,0.0,14.762326542663125,0.0,0.0,0.0,0.0,0.0,0.0,0.0,0.0,0.0,0.0,0.0,0.0,0.0,0.0,0.0
plot_1734,0.0,0.0,0.0,4.72592025482162,0.0,0.0,0.0,0.0,0.0,0.0,0.0,0.0,0.0,0.0,0.0,0.0,0.0
plot_2274,5.307235885406163,3.5381572569374424,0.0,1.7690786284687212,1.7690786284687212,5.307235885406163,5.307235885406163,0.0,0.0,0.0,0.0,0.0,0.0,0.0,0.0,0.0,0.0
plot_1740,30.167125877360576,5.027854312893429,0.0,17.597490095127004,5.027854312893429,5.027854312893429,7.541781469340144,0.0,0.0,0.0,0.0,0.0,0.0,0.0,0.0,0.0,0.0
plot_15679,0.0,0.0,0.0,1.6296106778610056,0.0,1.2222080083957543,0.0,0.0,0.0,0.0,0.0,0.0,0.0,0.0,0.0,0.0,0.0
plot_1802,0.0,0.0,0.0,5.22097788915864,0.0,0.0,0.0,0.0,0.0,0.0,0.0,0.0,0.0,0.0,0.0,0.0,0.0
plot_2162,0.0,0.0,0.0,5.117209687901381,0.0,0.0,0.0,0.9999978588063133,0.0,0.0,0.0,0.0,0.0,0.0,0.0,0.0,0.0
plot_1801,0.2856489945155393,4.28473491773309,0.14282449725776966,0.7141224862888483,0.0,0.8569469835466179,1.4282449725776967,0.0,0.0,0.0,0.0,0.0,0.0,0.0,0.0,0.0,0.0
plot_2155,0.0,0.0,0.0,0.0,0.0,0.0,0.0,0.0,0.0,0.0,0.0,0.0,0.0,0.0,0.0,0.0,0.0
plot_20001,0.0,0.0,0.0,2.3395588995650756,2.3395588995650756,0.0,0.0,0.0,0.0,0.0,0.0,0.0,0.0,0.0,0.0,0.0,0.0
plot_15668,6.185783831598221,6.185783831598221,0.0,0.0,0.0,6.185783831598221,0.0,0.0,0.0,0.0,0.0,0.0,0.0,0.0,0.0,0.0,0.0
plot_2185,0.0,0.0,0.0,0.0,0.0,0.0,0.0,0.0,0.0,0.0,0.0,0.0,0.0,0.0,0.0,0.0,0.0
plot_2186,0.0,0.0,0.0,0.0,0.0,0.0,0.0,0.0,0.0,0.0,0.0,0.0,0.0,0.0,0.0,0.0,0.0
plot_2154,12.12003684491201,48.48014737964804,0.0,0.0,0.0,0.0,24.24007368982402,0.0,0.0,0.0,0.0,0.0,0.0,0.0,0.0,0.0,0.0
plot_2136,67.93478260869564,37.055335968379445,6.175889328063241,0.0,0.0,0.0,0.0,0.0,0.0,0.0,0.0,0.0,0.0,0.0,0.0,0.0,0.0
plot_2273,0.0,0.0,0.0,0.0,0.0,7.097408381329559,0.0,0.0,0.0,0.0,0.0,0.0,0.0,0.0,0.0,0.0,0.0
plot_1741,0.0,1.2926493494742148,0.0,2.5852986989484297,0.0,2.5852986989484297,0.0,0.0,0.0,0.0,0.0,0.0,0.0,0.0,0.0,0.0,0.0
plot_2270,0.0,0.0,0.0,0.0,0.0,0.0,0.0,0.0,0.0,0.0,0.0,0.0,0.0,0.0,0.0,0.0,0.0
plot_1327,0.0,14.549828312025918,4.849942770675306,4.849942770675306,0.0,9.699885541350612,43.649484936077755,0.0,0.0,0.0,0.0,0.0,0.0,0.0,0.0,0.0,0.0
plot_2271,0.0,0.0,0.0,0.0,0.0,0.0,0.0,0.0,0.0,0.0,0.0,0.0,0.0,0.0,0.0,0.0,0.0
plot_1328,0.0,0.0,0.0,5.415973873342035,0.0,0.0,0.0,0.0,0.0,0.0,0.0,0.0,0.0,0.0,0.0,0.0,0.0
plot_2224,18.010183472311915,5.145766706374833,2.5728833531874167,25.728833531874166,10.291533412749667,0.0,12.864416765937083,0.0,0.0,0.0,0.0,0.0,0.0,0.0,0.0,0.0,0.0
plot_2272,6.336894668136826,25.347578672547304,0.0,0.0,6.336894668136826,6.336894668136826,50.69515734509461,0.0,0.0,0.0,0.0,0.0,0.0,0.0,0.0,0.0,0.0
plot_2100,0.0,1.4009840511975613,0.0,15.410824563173174,0.0,4.202952153592683,7.004920255987806,0.0,0.0,0.0,0.0,0.0,0.0,0.0,0.0,0.0,0.0
plot_2101,49.52162113978963,19.808648455915854,2.4760810569894818,7.428243170968445,4.9521621139789636,0.0,14.85648634193689,0.0,0.0,0.0,0.0,0.0,0.0,0.0,0.0,0.0,0.0
plot_2083,0.0,2.1238357663287926,0.0,0.0,0.0,0.8495343065315171,2.1238357663287926,0.0,0.0,0.0,0.0,0.0,0.0,0.0,0.0,0.0,0.0
plot_2130,1.4782204743937997,1.8067139131479775,0.05474890645902962,1.149727035639622,0.10949781291805924,1.0402292227215628,1.2592248485576814,0.0,0.0,0.0,0.0,0.0,0.0,0.0,0.0,0.0,0.0
plot_2184,0.0,0.0,0.0,0.6319993932805825,0.0,0.0,0.0,0.0,0.0,0.0,0.0,0.0,0.0,0.0,0.0,0.0,0.0
plot_2183,0.0,0.0,0.0,4.018323555412682,0.0,0.0,0.0,0.0,0.0,0.0,0.0,0.0,0.0,0.0,0.0,0.0,0.0
plot_15669,0.0,0.0,0.0,1.2147745742822504,0.0,1.2147745742822504,0.0,0.0,0.0,0.0,0.0,0.0,0.0,0.0,0.0,0.0,0.0
plot_2182,0.0,0.0,0.0,0.0,6.035804391651276,0.0,0.0,0.0,0.0,0.0,0.0,0.0,0.0,0.0,0.0,0.0,0.0
plot_2181,0.0,0.0,8.216994387792832,0.0,0.0,0.0,0.0,0.0,0.0,0.0,0.0,0.0,0.0,0.0,0.0,0.0,0.0
plot_2133,0.0,2.967684879348771,5.935369758697542,0.0,11.870739517395084,2.967684879348771,5.935369758697542,0.0,0.0,0.0,0.0,0.0,0.0,0.0,0.0,0.0,0.0
plot_2131,0.0,7.286823964906656,0.0,0.0,0.0,0.0,0.0,0.0,0.0,0.0,0.0,0.0,0.0,0.0,0.0,0.0,0.0
plot_2132,0.0,0.0,0.0,0.0,0.0,2.4977083525865016,0.0,0.0,0.0,0.0,0.0,0.0,0.0,0.0,0.0,0.0,0.0
plot_1537,0.0,0.0,9.049364282159178,0.0,0.0,18.098728564318357,0.0,0.0,0.0,0.0,0.0046865476280420655,0.0,0.0,0.0,0.0,0.0,0.0
plot_2084,0.0,0.0,0.0,0.8897580836746297,0.22243952091865743,0.8897580836746297,0.22243952091865743,0.0,0.0,0.0,0.0,0.0,0.0,0.0,0.0,0.0,0.0
plot_1329,0.0,0.0,0.0,0.0,0.0,0.0,0.0,0.0,0.0,0.0,0.0,0.0,0.0,0.0,0.0,0.0,0.0
plot_15675,2.30869570236295,11.543478511814751,0.0,0.0,0.0,0.0,4.6173914047259,0.0,0.0,0.0,0.0,0.0,0.0,0.0,0.0,0.0,0.0
plot_2323,5.044505146656376,0.0,0.0,0.0,0.0,7.5667577199845635,0.0,0.0,0.0,0.0,0.0,0.0,0.0,0.0,0.0,0.0,0.0
plot_2324,0.0,0.0,0.0,4.902048893035659,0.0,0.0,0.0,0.0,0.0,0.0,0.0,0.0,0.0,0.0,0.0,0.0,0.0
plot_15628,0.0,0.0,0.0,0.0,0.0,0.0,0.0,0.0,0.0,0.0,0.0,0.0,0.0,0.0,0.0,0.0,0.0
plot_1346,0.0,0.0,0.0,0.8564554904363897,0.0,0.0,0.0,0.0,0.0,0.0,0.0,0.0,0.0,0.0,0.0,0.0,0.0
plot_1456,0.0,0.0,0.0,28.054163237824497,0.0,9.351387745941498,0.0,0.0,0.0,0.0,0.0,0.0,0.0,0.0,0.0,0.0,0.0
plot_2326,0.0,0.0,0.0,22.26179875333927,0.0,0.0,0.0,0.0,0.0,0.0,0.0,0.0,0.0,0.0,0.0,0.0,0.0
plot_1345,0.0,0.3162359322445541,0.0,0.9487077967336623,0.0,1.2649437289782164,0.0,0.0,0.0,0.0,0.0016384099578269243,0.0,0.0,0.0,0.0,0.0,0.0
plot_4865,0.0,1.0511356469529678,0.5255678234764839,1.5767034704294518,0.0,0.0,1.0511356469529678,0.0,0.0,0.0,0.0,1.4558228710298606,0.0,0.0,0.0,1.4558228710298606,3.5
plot_10223,0.0,0.0,4.157416415142973,0.0,0.0,12.47224924542892,0.0,0.0,0.0,0.0,0.0,0.0,0.0,0.0,0.0,0.0,0.0
plot_10224,52.052908890058475,0.0,0.0,0.0,5.783656543339831,11.567313086679661,5.783656543339831,0.0,0.0,0.0,0.0,0.0,0.0,0.0,0.0,0.0,0.0
plot_4688,0.0,0.0,3.4238953657576223,6.847790731515245,0.0,0.0,0.0,0.0,0.0,0.0,0.0,0.0,0.0,0.0,0.0,0.0,0.0
plot_10227,36.60277449030636,24.401849660204242,0.0,0.0,6.1004624150510605,0.0,24.401849660204242,0.0,0.0,0.0,0.0,16.764070716560315,8.113615012017911,0.0,16.562755456863627,41.440441185441856,3.2600000000000002
plot_10228,0.0,9.372071227741332,0.0,0.0,0.0,0.0,0.0,0.0,0.0,0.0,0.0,4.15495157763199,0.0,0.0,0.0,4.15495157763199,3.0
plot_10225,0.0,11.624572796949714,0.0,0.0,3.8748575989832377,7.749715197966475,0.0,0.0,0.0,0.0,0.0,0.0,0.0,0.0,0.0,0.0,0.0
plot_10012,0.0,0.968486420367657,0.0,0.0,0.0,2.905459261102971,0.968486420367657,0.0,0.0,0.0,0.0,0.0,0.0,0.0,0.0,0.0,0.0
plot_10011,0.0,0.0,12.720056985855297,0.0,0.0,0.0,0.0,0.0,0.0,0.0,0.0,0.0,0.0,0.0,0.0,0.0,0.0
plot_11983,0.0,0.0,0.0,0.0,0.0,0.0,0.0,0.0,0.0,0.0,0.0,0.0,0.0,0.0,0.0,0.0,0.0
plot_4677,0.0,0.0,0.0,0.0,10.52919746456925,0.0,10.52919746456925,0.0,0.0,0.0,0.0,16.62468541541045,0.0,0.0,0.0,16.62468541541045,3.0
plot_10226,0.0,0.0,0.0,0.0,0.0,0.0,0.0,0.0,0.0,0.0,0.0,0.0,0.0,0.0,0.0,0.0,0.0
plot_4676,0.0,0.0,0.0,0.0,0.0,0.0,0.0,0.0,0.0,0.0,0.0,0.0,0.0,0.0,0.0,0.0,0.0
plot_4657,0.0,0.0,0.0,0.0,0.0,0.0,0.0,0.0,0.0,0.0,0.0,0.0,0.0,0.0,0.0,0.0,0.0
plot_4868,0.0,0.7098148944718196,0.0,0.7098148944718196,0.0,0.0,0.7098148944718196,0.0,0.0,0.0,0.0,0.0,0.0,0.0,0.0,0.0,0.0
plot_16192,0.0,0.0,0.0,0.0,0.0,0.0,0.0,0.0,0.0,0.0,0.0,0.0,0.0,0.0,0.0,0.0,0.0
plot_4867,0.0,0.0,0.0,0.0,0.0,0.0,0.0,0.0,0.0,0.0,0.0,0.0,0.0,0.0,0.0,0.0,0.0
plot_16193,0.0,0.0,0.0,0.0,0.0,0.0,0.0,0.0,0.0,0.0,0.0,0.0,0.0,0.0,0.0,0.0,0.0
plot_4716,0.33412130273895935,1.3364852109558374,0.0,0.6682426054779187,0.0,0.0,1.3364852109558374,0.0,0.0,0.0,0.0,0.46275800429345876,0.0,0.0,0.33412130273895935,0.796879307032418,1.75
plot_4717,0.0,0.0,0.0,0.0,0.0,0.0,0.0,0.0,0.0,0.0,0.0,0.0,0.0,0.0,0.0,0.0,0.0
plot_4692,0.0,5.904616819891473,1.0735666945257223,1.0735666945257223,0.5367833472628611,2.1471333890514446,4.294266778102889,0.0,0.0,0.0,0.0,0.0,1.0735666945257223,0.0,2.315816635753678,7.35352834981563,1.1666666666666667
plot_4693,1.5397170000153972,4.619151000046192,6.158868000061589,3.0794340000307945,0.0,4.619151000046192,4.619151000046192,0.0,0.0,0.0,0.0,0.0,0.0,0.0,6.058786395060588,6.058786395060588,2.8333333333333335
plot_4690,2.198908901403124,6.596726704209372,11.5442717323664,5.49727225350781,1.099454450701562,7.696181154910933,4.397817802806248,0.0,0.0,0.0,0.0,0.8257511813660147,0.549727225350781,0.9125471940822965,2.464976878472902,5.852456929973556,4.822222222222222
plot_4715,0.0,0.0,0.0,7.246009260399835,0.0,0.0,0.0,0.0,0.0,0.0,0.0,0.0,0.0,0.0,9.637192316331781,9.637192316331781,3.0
plot_4473,0.0,0.0,2.813886718548485,0.0,0.0,1.875924479032323,0.0,0.0,0.0,0.0,0.0,0.0,0.9379622395161615,0.0,0.0,0.9379622395161615,0.0
plot_4472,0.0,0.0,0.0,1.6447530732211175,0.0,3.289506146442235,0.0,0.0,0.0,0.0,0.0,0.0,0.0,0.0,2.1875215873840865,2.1875215873840865,3.0
plot_4574,0.0,0.0,0.0,0.0,0.0,0.0,0.0,0.0,0.0,0.0,0.0,0.0,0.0,0.0,0.0,0.0,0.0
plot_4593,0.0,0.0,4.828795070765992,0.0,0.0,0.0,0.0,0.0,0.0,0.0,0.0,0.0,0.0,0.0,0.0,0.0,0.0
plot_16417,0.0,0.0,0.0,0.0,0.0,0.0,0.0,0.0,0.0,0.0,0.0,0.0,0.0,0.0,0.0,0.0,0.0
plot_4474,0.0,0.0,0.0,0.0,0.0,0.0,0.0,0.0,0.0,0.0,0.0,0.0,0.0,0.0,3.8128984908949137,3.8128984908949137,3.0
plot_2156,0.0,0.0,0.0,16.558484567492386,0.0,0.0,0.0,0.04504116452438722,0.0,0.0,0.0,0.0,0.0,0.0,0.0,0.0,0.0
plot_2241,0.0,0.0,0.0,0.0,0.0,4.694879764129241,0.0,1.0603558173787438e-06,0.0,0.0,0.0,0.0,0.0,0.0,0.0,0.0,0.0
plot_2240,2.0390602379175484,0.0,0.0,2.0390602379175484,2.0390602379175484,0.0,0.0,0.0,0.0,0.0,0.0,0.0,0.0,0.0,0.0,0.0,0.0
plot_2258,0.0,0.0,0.0,2.0981515285033883,0.0,2.0981515285033883,0.0,0.0,0.0,0.0,0.0,0.0,0.0,0.0,0.0,0.0,0.0
plot_4689,0.0,10.800185763195126,3.600061921065042,0.0,0.0,2.400041280710028,0.0,0.0,0.0,0.0,0.0,0.0,2.400041280710028,0.0,1.5960274516721689,11.18419236810873,4.5
plot_2259,0.0,0.0,0.0,29.065542799011773,0.0,0.0,0.0,0.0,0.0,0.0,0.0,0.0,0.0,0.0,0.0,0.0,0.0
plot_4483,2.971362012919482,1.485681006459741,0.0,1.485681006459741,0.0,1.485681006459741,0.0,0.0,0.0,0.0,0.0,0.0,0.0,0.0,2.0576681939467414,2.0576681939467414,3.5
plot_1811,0.0,0.2111647446099671,0.0,0.8446589784398684,0.2111647446099671,1.6893179568797367,0.0,0.9996803158141915,0.0,0.0,0.0,0.0,0.0,0.0,0.0,0.0,0.0
plot_18816,0.0,0.0,0.0,6.158780758490804,0.0,1.2317561516981608,0.0,0.0,0.0,0.0,0.0,0.0,0.0,0.0,0.0,1.638235681758554,3.0
plot_1812,0.0,0.0,0.0,4.04725575823313,0.0,0.0,0.0,1.0000010410298608,0.0,0.0,0.0,0.0,0.0,0.0,0.0,0.0,0.0
plot_4687,0.0,0.0,0.0,1.0877143749068645,0.0,0.0,0.0,0.0,0.0,0.0,0.0,0.0,0.0,0.0,2.9531445278721367,2.9531445278721367,3.25
plot_16432,0.0,0.0,0.0,0.0,0.0,0.0,0.0,0.0,0.0,0.0,0.0,0.0,0.0,0.0,0.0,1.497082186817892,0.0
plot_16436,0.0,0.0,2.0373611283720874,2.0373611283720874,0.0,0.0,0.0,0.0,0.0,0.0,0.0,0.0,0.0,0.0,2.8217451627953407,2.8217451627953407,3.5
plot_16435,0.0,0.0,12.62214555437515,6.311072777187575,8.414763702916767,4.207381851458384,2.103690925729192,0.0,0.0,0.0,0.0,0.0,0.0,0.0,6.960900279787614,6.960900279787614,3.8
plot_4482,0.0,0.0,0.0,0.0,0.0,16.116814672748077,0.0,0.0,0.0,0.0,0.0,0.0,0.0,0.0,0.0,0.0,0.0
plot_4592,0.0,0.0,5.206353834219281,0.0,0.0,5.206353834219281,0.0,0.0,0.0,0.0,0.0,0.0,0.0,0.0,0.0,0.0,0.0
plot_10298,0.0,0.0,0.0,0.0,0.0,0.0,0.0,0.0,0.0,0.0,0.0,0.0,0.0,0.0,0.0,0.0,0.0
plot_902,0.0,5.634826609341697,0.0,4.226119957006273,0.0,0.0,0.0,0.0,0.0,0.0,0.0,0.0,5.775697274575239,0.0,1.9510587134845627,9.135462640395227,2.7
plot_976,0.0,11.044191491554875,0.0,0.6135661939752709,0.0,3.067830969876354,1.8406985819258126,0.0,0.0,0.0,0.0,0.8497891786557501,2.0769215666062917,0.0,0.0,4.153843133212583,1.1666666666666667
plot_975,2.439411126154146,9.757644504616584,2.439411126154146,0.0,4.878822252308292,2.439411126154146,2.439411126154146,0.0,0.0,0.0,0.0,0.0,3.3785844097234925,0.0,0.0,3.3785844097234925,3.5
plot_19627,0.0,0.0,0.0,0.0,8.30109740507695,8.30109740507695,8.30109740507695,0.9999963181364219,0.0,0.0,0.0,0.0,0.0,0.0,0.0,0.0,0.0
plot_4471,0.0,0.0,0.0,0.0,0.0,0.8504753732098557,0.0,0.0,0.0,0.0,0.0,0.0,0.0,0.0,0.0,0.0,0.0
plot_2135,0.0,0.0,0.0,0.0,0.0,0.0,3.247628419346772,0.0,0.0,0.0,0.0,0.0,0.0,0.0,0.0,0.0,0.0
plot_4475,0.0,0.0,0.0,0.0,0.0,0.0,0.0,0.0,0.0,0.0,0.0,0.0,0.0,0.0,0.0,0.0,0.0
plot_1609,0.0,23.598104060896592,33.711577229852274,20.226946337911365,0.0,13.48463089194091,6.742315445970455,0.0,0.0,0.0,0.0,0.0,0.0,0.0,11.225955217540807,23.401678657548135,1.1666666666666667
plot_2134,0.0,1.0461586101992093,0.0,0.0,0.0,1.0461586101992093,0.0,0.0,0.0,0.0,0.0,0.0,0.0,0.0,0.0,0.0,0.0
plot_1803,0.0,0.0,0.0,15.423847324476617,5.141282441492206,0.0,0.0,0.0,0.0,0.0,0.0,0.0,0.0,0.0,0.0,0.0,0.0
plot_1619,0.0,0.0,0.0,0.0,0.0,0.0,0.0,0.0,0.0,0.0,0.0,0.0,1.5704417731229883,0.0,0.0,1.5704417731229883,0.0
plot_1790,1.065063107651786,1.7307275499341526,3.461455099868305,1.8638604383906257,1.5975946614776793,3.594587988324778,1.464461773021206,0.0,0.0,0.0,0.0,0.20080530319182632,0.0,0.8212519339394437,1.6816445338657457,2.8880908215092314,9.466666666666667
plot_1608,0.0,0.0,0.0,0.35272373266362855,0.0,0.0,0.35272373266362855,0.0,0.0,0.0,0.0,0.0,0.0,0.0,0.0,0.0,0.0
plot_4595,0.0,0.1530832106754108,0.0,0.0,0.0,0.3061664213508216,0.1530832106754108,0.0,0.0,0.0,0.0,0.21202024678544396,0.0,0.0,0.22812735336869175,0.44014760015413573,3.25
plot_4541,0.0,0.0,0.0,0.0,0.0,0.0,0.0,0.0,0.0,0.0,0.0,0.0,0.0,0.0,0.0,0.0,0.0
plot_4573,0.2820695442461339,0.5641390884922678,0.0,0.5641390884922678,0.2820695442461339,0.8462086327384016,0.2820695442461339,0.0,0.0,0.0,0.0,0.14103477212306695,0.0,0.0,0.7266861665062953,1.0087557107524292,1.5
plot_1789,0.0,0.0,0.0,0.0,0.0,0.0,0.0,0.0,0.0,0.0,0.0,0.0,0.0,0.0,0.0,0.0,0.0
plot_4575,0.0,0.0,0.0,0.0,0.0,0.0,0.0,0.0,0.0,0.0,0.0,0.0,0.0,0.0,0.0,0.0,0.0
plot_1792,0.0,0.0,0.0,0.0,0.0,0.0,0.0,0.0,0.0,0.0,0.0,0.0,0.0,0.0,0.0,0.0,0.0
plot_1793,0.0,0.0,0.0,0.0,0.0,0.0,0.0,0.0,0.0,0.0,0.0,0.0,0.0,0.0,0.0,0.0,0.0
plot_1787,1.2942169211097134,5.176867684438854,28.472772264413692,10.353735368877707,0.0,3.88265076332914,7.76530152665828,0.0,0.0,0.0,0.0,1.967562956190162,1.2942169211097134,0.0,11.405406556258532,14.667186433558404,3.1375
plot_1788,0.0,0.0,1.0565441286786226,2.113088257357245,0.0,2.113088257357245,0.0,0.0,0.0,0.0,0.0,0.0,0.0,0.0,0.0,0.0,0.0
plot_1795,0.0,3.2452886521991697,0.0,0.0,0.0,3.2452886521991697,8.113221630497925,0.0,0.0,0.0,0.0,0.0,0.0,2.6935895813253112,2.420413714761916,7.807592877412538,24.333333333333332
plot_1780,0.0,0.0,0.0,0.0,0.0,0.0,0.0,0.0,0.0,0.0,0.0,0.0,0.0,0.0,0.0,0.0,0.0
plot_1779,0.0,0.0,0.0,1.021527326366744,0.6810182175778293,0.6810182175778293,0.0,0.0,0.0,0.0,0.0,0.4834252388433975,0.0,0.5652451205895984,0.8121142244615613,1.8607845838945574,9.25
plot_1778,0.0,0.0,0.0,0.0,0.0,0.0,0.0,0.0,0.0,0.0,0.0,0.0,0.0,0.0,0.0,0.0,0.0
plot_1804,0.0,0.0,0.0,0.0,0.0,0.0,0.0,0.0,0.0,0.0,0.0,0.0,0.0,0.0,0.0,0.0,0.0
plot_15897,0.0,0.0,7.050520504676258,24.676821766366903,14.101041009352516,7.050520504676258,31.72734227104316,0.0,0.0,0.0,0.0,0.0,0.0,6.119973227675141,42.28054381873178,48.400517046406925,13.087499999999999
plot_922,0.0,0.0,0.0,0.0,0.0,0.0,0.0,0.0,0.0,0.0,0.0,0.0,0.0,0.0,0.0,0.0,0.0
plot_884,0.0,1.913040816638864,0.0,1.913040816638864,0.0,5.739122449916592,3.826081633277728,0.0,0.0,0.0,0.0,0.0,0.0,0.0,3.072448255762078,3.072448255762078,4.0
plot_883,0.7445506339104098,6.700955705193688,0.0,0.7445506339104098,0.7445506339104098,2.2336519017312293,5.956405071283278,0.0,0.0,0.0,0.0,1.1031704851347193,0.0,0.0,2.0214549710667624,3.1246254562014815,3.466666666666667
plot_952,0.0,0.0,0.0,0.0,0.0,0.0,0.7186102078580027,0.0,0.0,0.0,0.0,0.0,0.0,0.0,0.9557515764511435,0.9557515764511435,3.0
plot_923,0.0,0.0,0.0,0.0,0.0,0.0,0.0,0.0,0.0,0.0,0.0,0.0,0.0,0.0,0.0,0.0,0.0
plot_1794,0.0,2.370314185145241,4.740628370290482,2.370314185145241,0.0,4.740628370290482,0.0,0.0,0.0,0.0,0.0,0.0,0.0,0.0,0.0,0.0,0.0
plot_1777,10.54768873770535,2.10953774754107,0.0,2.10953774754107,0.0,2.10953774754107,3.164306621311605,0.0,0.0,0.0,0.0,0.0,0.0,0.0,1.4028426021148117,1.4028426021148117,3.0
plot_561,5.134340006263895,5.134340006263895,0.0,10.26868001252779,0.0,5.134340006263895,5.134340006263895,0.0,0.0,0.0,0.0,0.0,0.0,8.802563825079812,0.0,8.802563825079812,40.0
plot_593,22.698212137490636,30.264282849987513,0.0,15.132141424993756,15.132141424993756,0.0,22.698212137490636,0.0,0.0,0.0,0.0,0.0,0.0,12.55967738274482,0.0,12.55967738274482,30.0
plot_19623,0.9739170407725499,2.434792601931375,0.0,1.9478340815450998,0.48695852038627496,2.434792601931375,6.8174192854078495,0.0,0.0,0.0,0.0,0.0,0.0,0.0,0.0,0.0,0.0
plot_631,0.35791642532163265,4.05638615364517,0.11930547510721087,2.028193076822585,0.7158328506432653,1.6702766515009524,2.5054149772514283,0.22581170560368424,0.0,0.0,0.0,0.16523808302348708,0.35791642532163265,0.19804708867797008,1.1619794354988116,2.121791982736323,4.823076923076924
plot_594,0.0,0.0,0.0,1.4208400290419703,0.0,1.4208400290419703,0.0,0.132179719845539,0.0,0.0,0.0,0.0,0.0,0.0,1.9678634402231288,1.9678634402231288,3.5
plot_595,4.123212587343387,0.0,0.0,2.7488083915622576,0.0,2.7488083915622576,5.497616783124515,0.0,0.0,0.0,0.0,0.0,0.0,0.0,0.0,0.0,0.0
plot_1786,0.0,0.0,0.0,5.9373255910607625,0.0,0.0,11.874651182121525,0.0,0.0,0.0,0.0,0.0,0.0,9.855960481160867,0.0,9.855960481160867,35.0
plot_953,0.17992151463688508,0.7196860585475403,0.17992151463688508,1.7992151463688508,0.0,1.2594506024581955,2.159058175642621,0.0,0.0,0.0,0.006267114184519479,0.27714946887479297,0.0,0.0,2.7303568916950036,3.007506360569797,5.166666666666667
plot_963,0.0,0.0,0.0,4.529088068117485,0.0,0.0,0.0,0.0,0.0,0.0,0.0,0.0,0.0,0.0,0.0,0.0,0.0
plot_560,4.964042602831915,4.964042602831915,0.7091489432617022,2.1274468297851064,0.0,3.5457447163085107,7.800638375878724,0.0,0.0,0.0,0.0,1.0167398862453934,1.0795916084764794,1.2287623149728708,3.9306149521685003,7.255708761863244,9.785714285714286
plot_559,1.847216706227891,1.847216706227891,0.0,1.847216706227891,0.0,3.694433412455782,0.0,0.0,0.0,0.0,0.0,0.0,0.0,0.0,4.599476733528552,4.599476733528552,1.5
plot_5963,0.0,0.0,0.0,19.399520185200753,0.0,0.0,0.0,0.0,0.0,0.0,0.0,0.0,0.0,0.0,0.0,0.0,0.0
plot_544,4.999302597287679,7.998884155660286,0.0,1.4997907791863037,0.49993025972876787,1.9997210389150715,0.9998605194575357,0.0,0.0,0.0,0.0,1.4580461583604225,1.3848068194486869,0.0,1.4123029837337693,4.92006320698214,3.585714285714286
plot_765,0.0,0.0,2.350253592362616,2.350253592362616,0.0,0.0,0.0,0.0,0.0,0.0,0.0,0.0,0.0,0.0,3.518123042874513,3.518123042874513,3.5
plot_596,4.90850545825807,0.0,0.0,0.0,0.0,4.90850545825807,0.0,0.0,0.0,0.0,0.0,0.0,0.0,0.0,0.0,0.0,0.0
plot_3715,18.8022063737618,28.296389790215777,3.537048723776972,5.9571346926770055,5.21249285609238,3.909369642069285,17.499083159738703,0.0,0.937432878954272,0.0,0.0,5.316498838330125,21.21704527417262,1.804163228192029,9.38772533999793,39.22274218855479,5.162585034013605
plot_4842,0.0,0.0,0.0,0.0,0.0,0.0,0.0,0.0,0.0,0.0,0.0,0.0,0.0,0.0,0.0,0.0,0.0
plot_19821,0.0,6.582547972669261,0.0,1.8807279921912174,0.0,0.9403639960956087,8.463275964860479,0.0,0.0,0.0,0.0,4.010753141090814,0.0,0.0,1.776797360361718,5.787550501452532,3.8
plot_20000,0.0,31.145468022947984,6.229093604589597,6.229093604589597,0.0,0.0,43.603655232127174,0.0,0.0,0.0,0.0,0.0,0.0,0.0,8.284694494104164,8.284694494104164,3.0
plot_1536,0.0,15.373499162144293,0.0,0.0,0.0,0.0,0.0,0.0,0.0,0.0,0.0,0.0,0.0,0.0,0.0,0.0,0.0
plot_1423,0.0,0.0,0.0,1.5618423179614211,0.7809211589807106,0.7809211589807106,0.0,0.0,0.0,0.0,0.9465033114494305,0.0,0.0,0.0,0.0,0.0,0.0
plot_1476,0.0,0.0,0.0,0.0,0.0,0.0,2.139193010828595,0.0,0.0,0.0,0.0,0.0,0.0,0.0,0.0,0.0,0.0
plot_1698,0.0,0.0,0.0,0.0,0.0,3.8368899704655397,0.0,0.0,0.0,0.0,0.0,0.0,0.0,0.0,0.0,0.0,0.0
plot_4919,0.0,14.736221632773358,0.0,0.0,0.0,0.0,4.912073877591119,0.0,0.0,0.0,0.0,0.0,0.0,0.0,0.0,0.0,0.0
plot_4921,0.0,0.0,0.0,0.0,0.0,0.0,0.0,0.0,0.0,0.0,0.0,0.0,0.0,0.0,0.0,0.0,0.0
plot_13428,0.0,0.0,0.0,15.580753095700882,0.0,7.790376547850441,3.8951882739252204,0.0,0.0,0.0,0.0,0.0,0.0,0.0,0.0,0.0,0.0
plot_13427,0.0,3.0401919455586746,0.6080383891117349,1.2160767782234698,0.0,1.2160767782234698,2.4321535564469396,0.0,0.0,0.0,0.0,0.0,0.0,0.0,0.0,0.0,0.0
plot_4920,0.6228909302408875,2.49156372096355,1.245781860481775,3.1144546512044378,2.49156372096355,1.245781860481775,2.49156372096355,0.0,0.0,0.0,0.0,0.4313519691918146,0.8031918442984014,0.5169994720999367,3.548443637313085,5.900872258330617,7.407692307692307
plot_1497,0.0,0.0,0.0,3.037178097086435,0.0,0.0,0.0,0.0,0.0,0.0,0.0,0.0,0.0,0.0,7.243669761551146,7.243669761551146,1.75
plot_968,0.45752012562404604,1.9215845276209933,0.45752012562404604,0.9150402512480921,0.18300805024961841,0.7320322009984737,1.6470724522465656,0.0,0.0,0.0,0.0,0.6395846689803651,0.09150402512480921,0.32427601326022354,2.4360175411248917,3.709619348412959,5.679310344827586
plot_1785,0.0,0.0,0.0,0.0,0.0,0.0,0.0,0.0,0.0,0.0,1.585716883471363,0.0,0.0,0.0,0.0,0.0,0.0
plot_4839,0.627027650665339,0.0,0.0,0.627027650665339,0.0,2.508110602661356,0.627027650665339,0.0,0.0,0.0,0.0,0.0,0.0,0.0,0.8339467753849009,0.8339467753849009,3.0
plot_4843,10.433693875421694,21.56296734253817,0.0,1.3911591833895594,2.7823183667791187,0.6955795916947797,2.7823183667791187,0.0,0.8096665390032662,0.0,0.0,0.0,0.0,0.0,0.0,0.0,0.0
plot_14,0.0,0.8628045808020803,0.0,0.0,0.0,0.0,0.0,0.0,0.0,0.0,0.0,0.0,0.0,0.0,0.0,0.0,0.0
plot_19116,0.0,0.0,0.0,0.0,0.0,0.0,0.0,0.0,0.0,0.0,0.0,0.0,0.0,0.0,0.0,0.0,0.0
plot_17,0.0,0.0,5.031649072667076,5.031649072667076,0.0,5.031649072667076,5.031649072667076,0.0,0.0,0.0,0.0,0.0,0.0,0.0,0.0,0.0,0.0
plot_15879,0.0,0.0,0.0,0.0,0.0,0.0,0.0,0.0,0.0,0.0,0.0,0.0,0.0,0.0,0.0,0.0,0.0
plot_1200,0.0,0.0,9.242343488614974,9.242343488614974,0.0,9.242343488614974,3.080781162871658,0.0,0.0,0.0,0.0,0.0,0.0,0.0,9.360400736465435,9.360400736465435,3.65
plot_45,0.4991444663846168,1.4974333991538502,0.4991444663846168,1.4974333991538502,0.0,1.4974333991538502,0.4991444663846168,0.0,0.0,0.0,0.0,0.0,0.0,0.0,0.0,0.4991444663846168,0.0
plot_390,0.0,0.0,0.0,0.0,0.0,2.8190587162946295,3.758744955059506,0.0,0.0,0.0,0.0,0.0,0.0,0.0,3.852713578935993,3.852713578935993,3.3333333333333335
plot_17146,3.7467871300359943,4.995716173381325,2.4978580866906626,4.995716173381325,8.742503303417319,1.2489290433453313,7.493574260071989,0.0,0.0,0.0,0.0,0.0,1.4412862484886075,2.162950937798549,3.4169225640751906,12.806255689849943,18.142857142857142
plot_136,0.0,0.0,0.0,4.36672641803982,0.0,0.0,0.0,0.0,0.0,0.0,0.0,0.0,0.0,0.0,0.0,0.0,0.0
plot_5880,10.15069883657375,8.198641368001875,3.5137034434293746,13.27399078628875,5.465760912001249,11.71234481143125,19.52057468571875,0.5284819336082742,0.0,0.0,0.0,3.814871651835422,2.2950918338803534,2.7091154065051164,13.76509884392867,22.974589229863938,6.997560975609756
plot_5871,18.715960347118674,12.477306898079117,18.715960347118674,37.43192069423735,12.477306898079117,18.715960347118674,18.715960347118674,0.0,0.0,0.0,0.0,0.0,4.708393418877381,21.39284777289433,16.07821702613284,45.298784942424334,17.52
plot_5875,1.3011701423089783,2.6023402846179566,0.0,11.710531280780804,6.505850711544892,1.3011701423089783,1.3011701423089783,0.0,0.0,0.0,0.0,1.854346146070918,0.0,2.159942436232904,4.109519495974986,8.123808078278808,11.675
plot_5582,0.0,0.0,0.0,0.0,0.0,4.0105879521937915,0.0,0.0,0.0,0.0,0.0,0.0,0.0,0.0,0.0,0.0,0.0
plot_5583,58.37272211972859,13.825118396777825,59.90884638603724,16.89736692939512,19.969615462012413,6.144497065234589,44.54760372295077,0.0,0.0,0.0,0.0,0.0,139.09849593235631,7.946084438146258,48.274605696374394,195.31918606687697,4.228571428571429
plot_5605,1.4098804421385067,2.8197608842770134,0.0,0.0,0.0,1.4098804421385067,1.4098804421385067,0.021389149836366722,0.0,0.0,0.0,0.0,0.0,0.0,1.4098804421385067,1.4098804421385067,0.0
plot_5536,0.0,0.0,0.0,0.0,0.0,0.0,0.0,0.9321269821085691,0.0,0.0,0.0,0.0,0.0,0.0,0.0,0.0,0.0
plot_5876,0.0,0.0,0.0,0.0,0.0,0.0,0.0,0.0,0.0,0.0,0.9903395967480031,0.0,0.0,0.0,0.0,0.0,0.0
plot_5855,6.58500012229286,14.110714547770414,0.9407143031846943,4.703571515923471,0.0,0.9407143031846943,9.407143031846942,0.9125820949689406,0.0,0.0,0.0,4.928802175276163,1.3028893099108017,0.0,1.4042000077403716,7.635891492927336,2.8333333333333335
plot_18187,1.1037795619761186,2.207559123952237,0.0,5.518897809880593,0.0,1.1037795619761186,1.1037795619761186,0.9174909894950977,0.0,0.0,0.0,1.5287346933369241,1.5287346933369241,0.0,1.6476067858471013,4.70507617252095,3.3333333333333335
plot_5584,0.0,0.0,0.0,0.0,0.0,0.0,0.0,0.0,0.0,0.0,0.0,0.0,0.0,0.0,0.0,0.0,0.0
plot_5877,0.0,7.071852377438905,0.0,0.0,0.0,0.0,0.0,0.0,0.0,0.0,0.0067752165496231965,0.0,0.0,0.0,0.0,0.0,0.0
plot_1034,4.421325822974536,6.631988734461804,0.0,11.05331455743634,0.0,8.842651645949072,0.0,0.0,0.0,0.0,0.0,3.2863670635301814,0.0,0.0,0.0,3.2863670635301814,4.0
plot_5874,0.0,0.0,0.0,0.0,0.0,0.0,7.920039283394846,0.0,0.0,0.0,0.8909695173688156,0.0,0.0,0.0,0.0,0.0,0.0
plot_1035,2.473937072936613,0.0,2.473937072936613,4.947874145873226,0.0,2.473937072936613,0.0,0.0,0.0,0.0,0.0,0.0,0.0,4.2556813943425915,0.0,4.2556813943425915,40.0
plot_253,27.868058676197542,24.38455134167285,0.0,3.4835073345246927,0.0,3.4835073345246927,20.901044007148155,0.0,0.0,0.0,0.0,16.009583583142817,0.0,0.0,4.824657658316699,20.834241241459516,4.25
plot_5886,0.0,0.0,0.0,0.0,0.0,0.0,0.0,0.0,0.0,0.0,0.0,0.0,0.0,0.0,0.0,0.0,0.0
plot_1036,0.0,0.0,0.0,0.0,0.0,0.0,0.0,0.0,0.0,0.0,0.0764551982210261,0.0,0.0,0.0,0.0,0.0,0.0
plot_18538,0.0,0.0,0.0,0.0,0.0,0.0,0.0,0.0,0.0,0.0,0.0,0.0,0.0,0.0,0.0,0.0,0.0
plot_5878,0.0,0.0,0.0,0.0,0.0,0.0,0.0,0.0,0.0,0.0,0.0,0.0,0.0,0.0,0.0,0.0,0.0
plot_18,0.0,6.342441078722379,0.0,0.0,0.0,6.342441078722379,0.0,0.0,0.0,0.0,0.46198077719214525,0.0,0.0,0.0,0.0,0.0,0.0
plot_17250,0.0,0.0,0.0,3.1374271528632947,3.1374271528632947,0.0,1.5687135764316473,0.15445314175819422,0.0,0.0,0.0,0.0,0.0,0.0,4.7767328402343665,4.7767328402343665,21.75
plot_5601,0.0,0.0,0.0,3.137432074595585,3.137432074595585,0.0,1.5687160372977924,0.15445301550612556,0.0,0.0,0.0,0.0,0.0,0.0,4.7767403335717775,4.7767403335717775,21.75
plot_18614,0.0,0.0,0.0,0.0,0.0,0.0,0.0,0.0,0.0,0.0,0.0,0.0,0.0,0.0,0.0,0.0,0.0
plot_5881,0.0,0.0,0.0,0.0,0.0,0.0,0.0,0.0,0.0,0.0,0.0,0.0,0.0,0.0,0.0,0.0,0.0
plot_18107,0.0,0.0,0.0,0.0,0.0,0.0,0.0,0.0,0.0,0.0,0.0,0.0,0.0,0.0,0.0,0.0,0.0
plot_5882,0.0,0.0,0.0,0.0,0.0,0.0,0.0,0.0,0.0,0.0,0.0,0.0,0.0,0.0,0.0,0.0,0.0
plot_5593,0.0,0.0,4.119871789589908,0.0,4.119871789589908,8.239743579179816,0.0,0.0,0.0,0.0,0.0,0.0,0.0,0.0,0.0,0.0,0.0
plot_18613,0.0,0.0,4.119871789589908,0.0,4.119871789589908,8.239743579179816,0.0,0.0,0.0,0.0,0.0,0.0,0.0,0.0,0.0,0.0,0.0
plot_19621,0.0,0.0,0.0,4.587797834100642,0.0,0.0,2.293898917050321,0.0,0.0,0.0,0.0,0.0,0.0,0.0,3.050885559676927,3.050885559676927,3.0
plot_5590,0.0,0.0,0.0,4.587808358069267,0.0,0.0,2.2939041790346333,0.0,0.0,0.0,0.0,0.0,0.0,0.0,3.0508925581160624,3.0508925581160624,3.0
plot_5602,32.36874474007898,19.42124684404739,0.0,0.0,32.36874474007898,0.0,25.894995792063185,0.13648894279661378,0.0,0.0,0.0,9.56952332398486,0.0,0.0,8.61008610086101,18.179609424845868,3.5
plot_18186,32.36916383975969,19.421498303855817,0.0,0.0,32.36916383975969,0.0,25.895331071807753,0.13649070927227364,0.0,0.0,0.0,9.569647226972197,0.0,0.0,8.61019758137608,18.179844808348275,3.5
plot_5861,0.0,2.2836003242712457,3.425400486406869,0.0,0.0,6.850800972813738,5.7090008106781145,0.09184323179779949,0.0,0.0,0.0,1.558229626865729,1.1418001621356229,0.0,2.7298947946358543,5.429924583637205,1.5
plot_18539,0.0,1.3465383864430516,2.693076772886103,0.0,0.0,8.07923031865831,6.732691932215258,0.10831180556097567,0.0,0.0,0.0,1.8376385615001436,1.3465383864430516,0.0,3.21939710102408,6.403574048967275,1.5
plot_16149,1.1912050945459483,0.0,0.0,2.3824101890918965,1.1912050945459483,4.764820378183793,0.0,0.03166413262211908,0.0,0.0,0.0,0.0,1.1912050945459483,1.9774004569462742,1.6498190559461383,4.81842460743836,12.5
plot_5857,1.1912050945459483,0.0,0.0,2.3824101890918965,1.1912050945459483,4.764820378183793,0.0,0.03166393846761278,0.0,0.0,0.0,0.0,1.1912050945459483,1.9774004569462742,1.6498190559461383,4.81842460743836,12.5
plot_17249,26.237078238967307,26.237078238967307,13.118539119483653,26.237078238967307,13.118539119483653,26.237078238967307,13.118539119483653,0.0,0.0,0.0,0.0,0.0,0.0,0.0,0.0,0.0,0.0
plot_5600,26.237078238967307,26.237078238967307,13.118539119483653,26.237078238967307,13.118539119483653,26.237078238967307,13.118539119483653,0.0,0.0,0.0,0.0,0.0,0.0,0.0,0.0,0.0,0.0
plot_18612,5.329666522765671,5.329666522765671,0.0,0.0,0.0,0.0,10.659333045531342,0.0,0.0,0.0,0.0,0.0,0.0,0.0,0.0,0.0,0.0
plot_5858,5.329666522765671,5.329666522765671,0.0,0.0,0.0,0.0,10.659333045531342,0.0,0.0,0.0,0.0,0.0,0.0,0.0,0.0,0.0,0.0
plot_18448,0.38743546777989796,0.0,0.0,0.0,0.0,0.0,0.38743546777989796,0.4716038684143013,0.0051799993374969655,0.0,0.0,0.0,0.0,0.0,0.0,0.0,0.0
plot_5869,0.3874351675676471,0.0,0.0,0.0,0.0,0.0,0.3874351675676471,0.4716035029824537,0.005180040859642847,0.0,0.0,0.0,0.0,0.0,0.0,0.0,0.0
plot_19797,0.0,4.004597277674771,0.0,236.27123938281144,0.0,12.01379183302431,0.0,0.0,0.0,0.0,0.0,0.0,0.0,0.0,5.692440652952612,5.692440652952612,3.0
plot_5885,123.25272380077632,25.32590215084445,27.014295627567414,25.32590215084445,32.0794760577363,28.702689104290375,67.53573906891853,0.0,0.9144044467122671,0.0,0.0,4.757406771930064,32.064594571371295,11.409740994030104,34.55260064173162,90.63537264582487,7.6000000000000005
plot_18447,123.25272380077632,25.32590215084445,27.014295627567414,25.32590215084445,32.0794760577363,28.702689104290375,67.53573906891853,0.0,0.914403820542334,0.0,0.0,4.757406771930064,32.064594571371295,11.409740994030104,34.55260064173162,90.63537264582487,7.6000000000000005
plot_19619,0.0,0.0,10.727541891051086,21.45508378210217,0.0,0.0,10.727541891051086,0.0,0.07886738537317443,0.0,0.0,0.0,14.857645519105754,18.193618273311888,17.807719539144802,50.85898333156244,29.5
plot_5884,0.0,0.0,10.727426812130574,21.454853624261148,0.0,0.0,10.727426812130574,0.0,0.07886654251054043,0.0,0.0,0.0,14.857486134800844,18.193423102603408,17.807528508136752,50.858437745541,29.5
plot_18540,0.0,0.0,0.0,0.0,0.0,0.0,0.0,0.0,0.0,0.0,0.0,0.0,0.0,0.0,10.408921933085502,10.408921933085502,3.0
plot_5879,0.0,0.0,0.0,0.0,0.0,0.0,0.0,0.0,0.0,0.0,0.0,0.0,0.0,0.0,10.408840470823943,10.408840470823943,3.0
plot_18190,0.0,0.0,0.0,0.0,16.997263440586064,0.0,0.0,0.0,0.0,0.0,0.0,0.0,0.0,28.21545731137287,0.0,28.21545731137287,50.0
plot_18459,44.141145727578504,44.141145727578504,8.828229145515701,0.0,0.0,0.0,0.0,0.0,0.0,0.0,0.0,0.0,0.0,0.0,0.0,14.654860381556064,30.0
plot_18189,1.8290463535217372,0.0,0.0,1.8290463535217372,0.0,1.8290463535217372,1.8290463535217372,0.0,0.0,0.0,0.0,2.834622669352084,0.0,0.0,0.0,2.834622669352084,4.5
plot_18631,4.667292083805897,6.2230561117411956,1.5557640279352989,2.3336460419029486,0.7778820139676494,2.3336460419029486,3.8894100698382474,0.0,0.0,0.0,0.0,2.154733178690389,0.0,0.0,0.0,2.154733178690389,3.5
plot_18458,0.0,0.0,0.0,0.0,6.098007171256433,0.0,0.0,0.0,0.0,0.0,0.0,0.0,0.0,10.122691904285679,0.0,10.122691904285679,43.0
plot_18188,1.2318259479208626,0.6159129739604313,0.0,0.0,0.6159129739604313,0.0,0.0,0.978408316539375,0.0,0.0,0.0,0.0,0.0,0.0,0.8530394689351974,0.8530394689351974,3.5
plot_19611,0.0,28.507896687382406,0.0,0.0,0.0,9.50263222912747,28.507896687382406,0.0,0.0,0.0,0.0,0.0,0.0,15.7743695003516,12.638500864739534,28.412870365091134,16.5
plot_5737,0.0,1.775725827932167,0.0,0.0,0.0,1.775725827932167,1.775725827932167,0.8619398546863842,0.0,0.0,0.0,0.0,0.0,0.0,0.0,2.3617153511497824,3.0
plot_5768,14.225560487083191,32.00751109593718,0.0,8.890975304426995,5.3345851826561965,1.778195060885399,7.112780243541596,0.42504552349363506,0.0,0.0,0.0,7.795800818764318,6.862179086644079,3.0821251734898634,2.863984258981447,20.60408933787971,8.775
plot_18045,0.0,0.0,0.0,0.0,0.0,0.0,0.0,1.0000026825760437,0.0,0.0,0.0,0.0,0.0,0.0,0.0,0.0,0.0
plot_19130,0.0,0.0,0.0,18.491922112024067,0.0,0.0,0.0,0.9999971731312945,0.0,0.0,0.0,0.0,0.0,0.0,0.0,0.0,0.0
plot_5883,0.0,0.0,0.0,0.0,0.0,0.0,0.0,0.0,0.0,0.0,0.0,0.0,0.0,0.0,0.0,0.0,0.0
plot_18537,0.0,0.0,0.0,0.0,0.0,0.0,0.0,0.0,0.0,0.0,0.0,0.0,0.0,0.0,0.0,0.0,0.0
plot_241,0.0,0.0,0.0,0.0,0.0,6.3926356836923866,0.0,0.0,0.0,0.0,0.0,0.0,0.0,0.0,0.0,0.0,0.0
plot_18322,0.7414893703791309,0.0,0.7414893703791309,0.7414893703791309,0.0,1.4829787407582617,0.7414893703791309,0.0,0.0,0.0,0.0,0.0,0.0,0.0,0.0,0.7414893703791309,0.0
plot_18611,0.0,0.0,0.0,0.0,0.0,0.0,0.0,0.0,0.0,0.0,0.0,0.0,0.0,0.0,0.0,0.0,0.0
plot_5860,0.0,0.0,0.0,0.0,0.0,0.0,0.0,0.0,0.0,0.0,0.0,0.0,0.0,0.0,0.0,0.0,0.0
plot_252,4.317388498045302,8.634776996090604,8.634776996090604,10.793471245113256,15.110859743158558,6.476082747067953,32.380413735339765,0.0,0.0,0.0,0.0,0.0,0.0,0.0,21.128655742996955,23.287349992019607,3.357142857142857
plot_3453,0.0,141.47844980041432,0.0,10.105603557172453,0.0,10.105603557172453,10.105603557172453,0.9057042541845055,0.0,0.0,0.0,0.0,24.101864483856296,0.0,0.0,24.101864483856296,1.75
plot_18321,1.4237720962310474,3.4170530309545137,0.2847544192462095,3.132298611708304,2.278035353969676,0.8542632577386284,1.4237720962310474,0.051927926312695216,0.0,0.0,0.00043866336881008344,0.8419232013882719,1.5775394826240006,2.8361540156922467,0.39438487065600014,5.650001570360519,18.46153846153846
plot_5865,0.0,0.0,5.050045955418194,25.250229777090972,15.150137866254584,0.0,0.0,0.0,0.0,0.0,0.07203876928150435,0.0,0.0,0.0,0.0,0.0,0.0
plot_5859,0.0,0.0,0.0,0.0,16.997263440586064,0.0,0.0,0.0,0.0,0.0,0.0,0.0,0.0,28.21545731137287,0.0,28.21545731137287,50.0
plot_18541,6.053012281561919,0.0,0.0,18.159036844685758,0.0,0.0,0.0,0.0,0.0,0.0,0.0,0.0,0.0,0.0,0.0,0.0,0.0
plot_5870,6.053012281561919,0.0,0.0,18.159036844685758,0.0,0.0,0.0,0.0,0.0,0.0,0.0,0.0,0.0,0.0,0.0,0.0,0.0
plot_18178,178.60028405949942,34.01910172561894,17.00955086280947,0.0,34.01910172561894,34.01910172561894,34.01910172561894,0.0,0.0,0.0,0.0,12.715549993557731,31.595240727668585,0.0,39.17025832465077,83.48104904587709,3.142857142857143
plot_3450,12.48221284669346,62.41106423346731,12.48221284669346,37.446638540080386,0.0,0.0,0.0,0.0,0.0,0.0,0.0,0.0,39.525603138811185,0.0,0.0,39.525603138811185,4.2
plot_3765,0.0,28.375234095681286,0.0,0.0,0.0,0.0,0.0,0.0,0.0,0.0,0.0,0.0,0.0,0.0,0.0,0.0,0.0
plot_3764,0.0,11.952857928330664,11.952857928330664,11.952857928330664,11.952857928330664,0.0,0.0,0.0,0.0,0.0,0.0,0.0,0.0,0.0,0.0,0.0,0.0
plot_3763,4.316913234360903,4.316913234360903,0.0,2.877942156240602,4.316913234360903,1.438971078120301,1.438971078120301,0.0,0.0,0.0,0.0,2.0771967143336623,0.0,4.859288782601589,1.9929749431966166,8.929460440131868,20.25
plot_3451,210.63888393797498,12.15224330411394,0.0,16.20299107215192,12.15224330411394,4.05074776803798,4.05074776803798,0.0,0.0,0.0,0.0,0.0,0.0,6.724241294943048,25.062431825069748,31.786673120012797,9.4
plot_3449,0.0,0.0,0.0,0.0,0.0,3.1516188684270037,0.0,0.8360431795897555,0.0,0.0,0.0,0.0,0.0,0.0,0.0,0.0,0.0
plot_19129,0.0,51.965598773611866,0.0,0.0,0.0,0.0,0.0,0.9995539995732249,0.0,0.0,0.0,0.0,0.0,0.0,38.844285083274876,81.97573206537272,17.25
plot_3752,3.1738021673895,1.58690108369475,0.0,5.554153792931625,1.58690108369475,1.58690108369475,0.793450541847375,0.7871301111934976,0.0,0.0,0.0,0.0,1.0552892206570088,0.0,0.0,1.0552892206570088,3.0
plot_3448,0.0,0.0,0.0,0.0,7.919600218580967,7.919600218580967,0.0,0.04819074781894089,0.0,0.0,0.43401729635142455,0.0,0.0,0.0,11.918224036965912,11.918224036965912,3.0
plot_5866,10.84230232675808,10.84230232675808,1.8070503877930133,0.0,3.6141007755860266,0.0,0.0,0.0,0.9945380808640604,0.0,0.0,0.0,0.0,0.0,0.0,0.0,0.0
plot_3457,0.0,0.0,6.675233215960482,0.0,0.0,0.0,0.0,0.06590881941439818,0.0,0.0,0.0,0.0,0.0,0.0,10.44801363136846,10.44801363136846,4.0
plot_3458,1.6513776618143685,4.954132985443105,1.6513776618143685,0.0,1.6513776618143685,0.0,3.302755323628737,0.01601701759729065,0.0,0.0,0.016623582869852466,0.0,0.0,0.0,0.0,0.0,0.0
plot_18683,0.0,0.0,0.0,0.0,0.0,0.0,0.0,0.3727373492649911,0.0,0.0,0.0,0.0,0.0,0.0,0.0,0.0,0.0
plot_18241,3.858853431742671,11.576560295228013,0.0,0.0,0.0,0.0,1.286284477247557,0.9701225461263145,0.0,0.0,0.0,1.9881033237967296,0.0,0.0,7.909760606136729,9.897863929933457,4.1
plot_18684,4.837391098232901,12.577216855405544,0.0,4.837391098232901,1.9349564392931604,0.0,2.902434658939741,0.03404992310110206,0.0,0.0,0.0,0.0,5.536717791517162,0.0,7.732573674236549,13.26929146575371,3.7333333333333334
plot_18682,0.0,0.0,0.0,0.0,0.0,0.0,0.0,0.9903030093115124,0.0,0.0,0.0,0.0,0.0,0.0,0.0,0.0,0.0
plot_5740,0.0,0.0,0.0,0.0,0.0,0.0,0.0,0.999998949268543,0.0,0.0,0.0,0.0,0.0,0.0,0.0,0.0,0.0
plot_18050,0.0,14.351938229257861,0.0,0.0,0.0,0.0,0.0,0.6526541301758547,0.0,0.0,0.0,0.0,0.0,0.0,0.0,0.0,0.0
plot_18698,21.157155349939348,0.0,10.578577674969674,0.0,0.0,7.05238511664645,21.157155349939348,0.0,0.0,0.0,0.0,0.0,0.0,6.1292693934068,5.427472256543515,11.556741649950316,22.75
plot_19131,0.0,0.7493606080611718,0.0,0.0,0.0,0.7493606080611718,0.0,0.9970964622581389,0.0,0.0,0.0,0.7493606080611718,1.037864442164723,0.0,1.1790805320332685,2.9663055822591633,2.1666666666666665
plot_5775,0.0,0.0,0.0,0.0,0.0,0.0,0.0,0.9999957165631058,0.0,0.0,0.0,0.0,0.0,0.0,0.0,0.0,0.0
plot_5867,0.0,0.0,0.0,4.251507868123895,0.7085846446873159,0.7085846446873159,1.4171692893746317,0.9494336292947934,0.0,0.0,0.0,0.0,0.0,1.1762505101809444,0.7085846446873159,1.8848351548682603,18.0
plot_17406,0.0,37.87950529366086,0.0,18.93975264683043,0.0,0.0,0.0,0.0,0.0,0.0,0.0,37.87950529366086,0.0,0.0,0.0,37.87950529366086,0.0
plot_17404,0.0,0.0,0.0,3.4628376916031383,0.0,1.7314188458015691,0.0,0.0,0.0,0.0,0.0,0.0,0.0,0.0,0.0,0.0,0.0
plot_19154,0.0,0.0,0.0,0.0,0.0,0.0,0.0,0.0,0.0,0.0,0.0,0.0,0.0,0.0,0.0,0.0,0.0
plot_19609,0.0,0.0,0.0,0.0,15.5448468832582,7.7724234416291,0.0,0.0,0.0,0.0,0.0,0.0,0.0,12.902222913104307,0.0,12.902222913104307,34.0
plot_2329,0.0,0.0,0.0,0.0,0.0,42.767941151312975,21.383970575656488,0.0,0.0,0.0,0.0,0.0,0.0,0.0,0.0,0.0,0.0
plot_1644,0.0,0.0,0.0,0.8583359441051632,0.8583359441051632,4.291679720525816,1.7166718882103265,0.9575652235252652,0.0,0.0,0.0,0.0,0.0,0.0,2.047131226690814,2.9054671707959776,1.1666666666666667
plot_2310,0.0,0.0,4.1241875350555945,4.1241875350555945,0.0,8.248375070111189,8.248375070111189,0.0,0.0,0.0,0.0,0.0,0.0,0.0,0.0,0.0,0.0
plot_2308,11.625518788775949,5.166897239455977,20.66758895782391,3.875172929591983,0.0,23.251037577551898,10.333794478911955,0.0,0.0,0.0,0.0,5.766781159157077,1.7890381691616322,0.0,8.518921823553042,17.366465461735746,3.0100000000000002
plot_404,1.117005175084976,1.117005175084976,0.0,0.0,2.234010350169952,7.819036225594833,2.234010350169952,0.887066910100933,0.0,0.0,0.0,2.25527905814135,1.4856168828630183,0.0,7.590423316903969,11.331319257908337,4.166666666666667
plot_19670,8.231384210147239,3.2925536840588956,0.0,4.527261315580982,0.41156921050736195,4.527261315580982,3.2925536840588956,0.8590324243716129,0.0,0.0,0.0,0.0,0.0,0.0,1.094774099949583,1.094774099949583,3.0
plot_2309,0.0,5.7490427843764005,0.0,0.0,0.0,11.498085568752801,0.0,0.0,0.0,0.0,0.0,0.0,0.0,0.0,8.492154708292913,8.492154708292913,3.0
plot_6119,0.0,0.0,0.0,0.0,0.0,0.0,0.0,0.15264125854696545,0.0,0.0,0.0,0.0,0.0,0.0,0.0,0.0,0.0
plot_6138,7.066888095827003,3.5334440479135014,3.5334440479135014,10.600332143740504,7.066888095827003,17.667220239567506,14.133776191654006,0.006586364894769719,0.0,0.0,0.0,0.0,0.0,0.0,0.0,0.0,0.0
plot_5939,7.6005168351447905,0.0,0.0,15.201033670289581,11.400775252717185,3.8002584175723952,11.400775252717185,0.12629160746869542,0.0,0.0,0.0,0.0,0.0,0.0,6.478731118528986,6.478731118528986,5.0
plot_6158,0.0,0.0,0.0,16.19564337193295,0.0,8.097821685966474,16.19564337193295,0.0,0.0,0.0,0.0,0.0,0.0,0.0,11.215483035063567,11.215483035063567,3.5
plot_6111,0.0,0.0,0.0,12.522854208931301,0.0,2.50457084178626,2.50457084178626,0.0,0.0,0.0,0.0,0.0,0.0,0.0,3.3310792195757264,3.3310792195757264,3.0
plot_6112,0.0,0.0,0.0,22.46945758729384,0.0,12.839690049882195,0.0,0.0,0.0,0.0,0.0,0.0,0.0,0.0,20.110164540627988,20.110164540627988,2.3
plot_5965,0.0,0.0,0.0,0.0,0.0,0.0,0.0,0.056112203883394114,0.0,0.0,0.0,0.0,0.0,0.0,0.0,0.0,0.0
plot_5966,0.0,0.0,0.0,0.0,0.0,0.0,0.0,0.0,0.0,0.0,0.0,0.0,0.0,0.0,0.0,0.0,0.0
plot_6114,0.0,0.0,0.0,0.0,0.0,0.0,0.0,0.0,0.0,0.0,0.0,0.0,0.0,0.0,0.0,0.0,0.0
plot_15942,0.0,0.0,0.0,0.3820518169238258,0.0,2.2923109015429546,0.7641036338476516,0.9419656901258252,0.0,0.0,0.0,0.0,0.0,0.0,1.2270939852938765,1.2270939852938765,3.5
plot_15981,0.0,0.0,0.0,0.0,0.0,0.0,0.0,0.0,0.0,0.0,0.0,0.0,0.0,0.0,0.0,0.0,0.0
plot_2546,6.601117569204466,0.0,0.0,3.300558784602233,0.0,3.300558784602233,9.9016763538067,0.8436168794103093,0.0,0.0,0.0,0.0,0.0,0.0,5.6245589840859616,5.6245589840859616,4.0
plot_6110,0.0,0.0,0.0,0.0,0.0,0.0,0.0,0.0,0.0,0.0,0.0,0.0,0.0,0.0,0.0,0.0,0.0
plot_17405,0.0,0.0,0.0,0.0,0.0,0.0,0.0,0.4626780867269943,0.0,0.0,0.0,0.0,0.0,0.0,0.0,0.0,0.0
plot_5923,1.8952172297988796,30.323475676782074,0.0,9.476086148994398,0.0,1.8952172297988796,5.6856516893966385,0.006604826233179275,0.0,0.0,0.0,5.145514778903958,2.5206389156325097,0.0,2.5206389156325097,10.186792610168977,3.125
plot_120,0.0,3.197355147821722,0.7993387869554305,0.0,1.598677573910861,7.993387869554305,16.78611452606404,0.9043416408067813,0.0,0.0,0.0,0.0,0.0,0.0,10.28951462864537,10.28951462864537,3.033333333333333
plot_17402,0.0,0.0,0.0,0.0,0.0,0.0,0.0,0.9999988966674744,0.0,0.0,0.0,8.256547442121603,0.0,0.0,10.981208098021732,19.237755540143333,1.5
plot_1054,74.50084434290255,43.45882586669316,0.0,0.0,12.41680739048376,0.0,6.20840369524188,0.0,0.0,0.0,0.0,0.0,0.0,0.0,8.598639117910004,8.598639117910004,3.5
plot_1213,0.0,0.0,0.0,0.0,0.0,0.0,0.0,0.0,0.0,0.0,0.0,0.0,0.0,0.0,0.0,0.0,0.0
plot_1055,1.993874816563517,0.0,1.993874816563517,1.993874816563517,3.987749633127034,1.993874816563517,7.975499266254068,0.0,0.2308344563469765,0.0,0.0,0.0,0.0,0.0,1.993874816563517,1.993874816563517,0.0
plot_16136,0.0,0.0,0.0,0.0,0.0,0.0,0.0,1.0000005850245166,0.0,0.0,0.0,0.0,0.0,0.0,0.0,0.0,0.0
plot_1214,0.0,0.0,5.000650084510986,5.000650084510986,0.0,0.0,10.001300169021972,0.0,0.9130785199110485,0.0,0.0,0.0,0.0,8.301079140288238,0.0,8.301079140288238,40.0
plot_19374,0.0,0.0,30.69179301454791,0.0,0.0,0.0,0.0,0.9999993987389761,0.0,0.0,0.0,0.0,0.0,0.0,0.0,0.0,0.0
plot_6136,0.0,0.0,0.0,0.0,0.0,0.0,0.0,0.029845525913469787,0.0,0.0,0.0,0.0,0.0,0.0,0.0,0.0,0.0
plot_1204,1.1980108228297734,3.59403246848932,3.59403246848932,3.59403246848932,0.0,4.792043291319094,11.980108228297734,0.9754010344240172,0.005665613803939567,0.0,0.0,0.0,0.0,1.1980108228297734,5.580753946161572,6.778764768991346,2.75
plot_1203,0.0,0.0,0.0,11.422201103841516,0.0,11.422201103841516,0.0,0.015694758248529245,0.06771670355368486,0.0,0.0,0.0,0.0,0.0,3.6514535233971928,3.6514535233971928,4.0
plot_15881,5.5600035584022764,3.706669038934851,14.826676155739404,1.8533345194674256,0.0,7.413338077869702,14.826676155739404,0.0,0.9672073487304805,0.0,0.0,0.0,0.0,0.0,5.133736618924769,5.133736618924769,3.5
plot_1202,0.0,0.0,0.0,0.0,0.0,0.0,0.0,0.039920428270314404,0.08144964979385619,0.0,0.0,0.0,0.0,0.0,0.0,0.0,0.0
plot_1145,2.166584336461881,4.333168672923762,0.0,0.0,2.166584336461881,8.666337345847523,6.499753009385643,0.028023192032512873,0.0,0.0,0.0,0.0,0.0,0.0,0.0,0.0,0.0
plot_1045,0.0,0.0,0.0,2.350634788924749,0.0,4.701269577849498,0.0,0.0,0.15321654018446726,0.0,0.0,0.0,0.0,0.0,0.0,0.0,0.0
plot_1217,0.0,0.0,0.0,0.0,0.0,0.0,0.0,0.0,0.0,0.0,0.0,0.0,0.0,0.0,0.0,3.1210888854903693,0.0
plot_1053,0.0,0.0,0.0,0.0,0.0,6.242470020537726,0.0,0.0,0.0,0.0,0.0,0.0,0.0,0.0,0.0,0.0,0.0
plot_1212,0.0,9.252719528481412,0.0,0.0,0.0,0.0,6.168479685654275,0.0,0.0,0.0,0.0,4.102038990960093,0.0,0.0,8.204077981920186,18.474596658534555,1.8
plot_6109,0.0,0.0,0.0,0.0,0.0,0.0,0.0,0.0,0.0,0.0,0.0,0.0,0.0,0.0,0.0,0.0,0.0
plot_5967,0.0,0.0,0.0,1.3677570425810122,0.0,0.0,0.0,0.0,0.0,0.0,0.0,0.0,0.0,0.0,0.0,0.0,0.0
plot_6115,0.0,0.0,0.0,0.7633016766684629,0.0,0.0,0.0,0.0018854357491853537,0.0,0.0,0.0,0.0,0.0,0.0,1.0571728221858212,1.0571728221858212,3.5
plot_15974,0.0,0.0,0.0,0.0,0.0,0.0,0.0,0.12422273383346083,0.0,0.0,0.0,0.0,0.0,0.0,0.0,0.0,0.0
plot_5968,0.0,0.0,0.0,0.0,0.0,0.0,0.0,0.0,0.0,0.0,0.0,0.0,0.0,0.0,0.0,0.0,0.0
plot_6106,0.0,0.0,0.9776833987403527,2.9330501962210582,0.0,0.0,0.0,0.0,0.0,0.0,0.0,0.0,0.0,0.0,0.0,0.0,0.0
plot_6108,0.0,0.0,0.0,0.0,0.0,0.0,0.0,0.0,0.0,0.0,0.0,0.0,0.0,0.0,0.0,0.0,0.0
plot_15972,0.0,0.0,0.0,2.37369283702581,0.0,1.186846418512905,5.9342320925645256,0.9492324734898463,0.0,0.0,0.0,0.0,0.0,0.0,3.7966016965760025,3.7966016965760025,4.05
plot_6107,0.0,0.0,16.33079661625894,0.0,0.0,0.0,16.33079661625894,1.000004337783274,0.0,0.0,0.0,0.0,0.0,0.0,0.0,0.0,0.0
plot_5924,5.720692890322876,0.0,40.04485023226013,34.32415734193726,0.0,17.16207867096863,11.441385780645753,0.0,0.0,0.0,0.0,0.0,0.0,10.045473636307342,0.0,10.045473636307342,50.0
plot_1205,7.483047156666571,5.2381330096666,5.2381330096666,2.9932188626666285,2.9932188626666285,5.986437725333257,5.986437725333257,0.0013102798524998246,0.5601386149747942,0.0,0.0,1.0364020311983202,1.1061583565734436,0.0,5.800016697157742,7.942577084929505,7.357142857142857
plot_18943,0.0,25.73273976480276,0.0,0.0,0.0,0.0,0.0,0.9999896107492351,0.0,0.0,0.0,0.0,0.0,0.0,0.0,0.0,0.0
plot_1144,0.0,0.0,0.0,0.0,0.0,0.0,0.0,0.8402583581177191,0.06839918716332563,0.0,0.0,0.0,0.0,0.0,0.0,0.0,0.0
plot_18942,0.0,0.0,0.0,0.0,0.0,0.0,15.15151515151515,1.0000016469223378,0.0,0.0,0.0,0.0,0.0,0.0,15.15151515151515,15.15151515151515,0.0
plot_192,0.0,0.0,24.78806206930742,0.0,0.0,0.0,24.78806206930742,0.0,0.0,0.0,0.0,0.0,0.0,0.0,0.0,24.78806206930742,0.0
plot_191,0.0,0.0,0.0,0.0,0.0,3.3117407834253996,6.623481566850799,0.8773866437168653,0.0,0.0,0.0,0.0,0.0,0.0,6.00038396823555,6.00038396823555,4.1
plot_18138,0.0,0.0,20.861148197596798,0.0,0.0,20.861148197596798,0.0,1.000003936429489,0.0,0.0,0.0,0.0,0.0,0.0,0.0,0.0,0.0
plot_18137,0.0,0.0,0.0,0.0,0.0,0.0,0.0,1.000000858672374,0.0,0.0,0.0,0.0,0.0,0.0,0.0,0.0,0.0
plot_19128,0.49779650377603546,0.9955930075520709,0.0,0.0,0.0,0.9955930075520709,1.4933895113281064,0.4570972778387789,0.0,0.0,0.0,0.0,0.0,0.0,1.9293664215957693,1.9293664215957693,2.1666666666666665
plot_18777,1.5101862059591946,1.5101862059591946,0.0,0.0,1.5101862059591946,0.0,6.0407448238367785,0.9843374678701479,0.0,0.0,0.0,2.0916078952534845,0.0,0.0,4.100155549179213,6.191763444432698,3.3333333333333335
plot_1052,0.0,0.0,0.0,0.0,0.0,0.0,0.0,0.0,0.0,0.0,0.0,0.0,0.0,0.0,0.0,0.0,0.0
plot_1232,0.0,0.0,0.0,0.0,0.0,0.0,0.0,0.0,0.0,0.0,0.0,0.0,0.0,0.0,0.0,0.0,0.0
plot_177,0.0,0.0,0.0,0.0,0.0,0.0,0.0,0.0,0.0,0.0,0.0,0.0,0.0,0.0,0.0,0.0,0.0
plot_1068,0.0,2.7807361720942,0.0,16.6844170325652,0.0,8.3422085162826,0.0,0.0,0.0,0.0,0.0,0.0,0.0,0.0,3.851319598350467,8.008520175631295,4.0
plot_178,0.0,0.0,0.0,0.0,0.0,0.0,0.0,0.0,0.0,0.0,0.0,0.0,0.0,0.0,0.0,0.0,0.0
plot_1215,0.0,1.5652220189172734,1.5652220189172734,21.913108264841828,1.5652220189172734,1.5652220189172734,1.5652220189172734,0.0,0.0,0.0,0.0,1.5652220189172734,2.2539197072408736,0.0,2.0817452851599736,5.900887011318121,2.3333333333333335
plot_1206,0.0,5.527060488149982,0.0,0.0,0.0,0.0,0.0,0.0,0.0,0.0,0.0,0.0,0.0,0.0,7.350990449239477,7.350990449239477,3.0
plot_1216,11.921935168516555,11.921935168516555,11.921935168516555,71.53161101109933,0.0,0.0,23.84387033703311,0.0,0.0,0.0,0.16234895795508675,0.0,0.0,0.0,0.0,0.0,0.0
plot_1244,0.0,0.0,0.0,16.71639795056961,0.0,2.7860663250949353,2.7860663250949353,0.041847186377297924,0.0,0.0,0.0,0.0,0.0,0.0,0.0,0.0,0.0
plot_119,0.0,0.7463641801917185,0.0,1.492728360383437,0.0,2.985456720766874,0.37318209009585923,0.9417798232154185,0.0,0.0,0.0,0.49633217982749284,0.0,0.0,1.6120421490042045,2.1083743288316974,3.375
plot_1243,0.0,0.9988637924361039,0.49943189621805195,4.494887065962468,0.49943189621805195,1.9977275848722078,2.49715948109026,0.9534062194950907,0.0,0.0,0.0,0.0,0.0,0.0,0.0,0.0,0.0
plot_1231,0.586461420808355,1.17292284161671,0.39097428053890326,0.7819485610778065,0.7819485610778065,1.3684099818861615,1.7593842624250648,0.9639569365596664,0.0,0.0,0.016295000632107974,0.0,0.0,0.670953718922764,1.6862704424188428,2.3572241613416067,15.375
plot_19702,0.0,0.0,0.0,0.0,0.0,0.0,0.0,0.98795505844219,0.0,0.0,0.0,0.0,0.0,0.0,5.66038237755517,5.66038237755517,3.9
plot_5918,0.3440809305875216,2.0644855835251295,2.0644855835251295,1.720404652937608,0.3440809305875216,0.6881618611750432,1.3763237223500864,0.991514786524064,0.0,0.0,0.0,0.0,0.0,0.0,2.2085803369156602,2.2085803369156602,2.1
plot_1245,0.0,16.197129868587286,2.699521644764548,5.399043289529096,2.699521644764548,0.0,5.399043289529096,0.9999995422210968,0.0,0.0,0.0,2.699521644764548,0.0,0.0,0.0,6.289885432301396,1.5
plot_18136,2.1065381678384285,0.0,0.0,0.0,3.159807251757643,1.0532690839192143,6.319614503515286,0.52403704088184,0.0,0.0,0.0,0.0,0.0,0.0,1.2232598169196913,1.2232598169196913,0.0
plot_19127,0.7568421367318573,4.162631752025215,0.37842106836592865,2.270526410195572,0.37842106836592865,2.6489474785615004,2.6489474785615004,0.0,0.0,0.0,0.0,1.555424639428689,0.0,0.6281789734874416,2.1644222269423743,4.892952178305442,6.944444444444445
plot_1118,0.0,0.0,0.0,2.535529101535263,0.0,0.0,2.535529101535263,0.060623733444054674,0.0,0.0,0.0,0.0,0.0,0.0,3.3722537050418997,3.3722537050418997,3.0
plot_1246,0.0,2.3112356096692857,0.0,2.3112356096692857,0.0,2.3112356096692857,13.867413658015712,0.8716324602205054,0.0,0.0,0.0,3.0739433608601496,0.0,2.3112356096692857,0.0,5.385178970529435,1.5
plot_1247,0.0,0.0,0.0,16.159461566740596,0.0,4.039865391685149,0.0,0.0,0.0,0.0,0.0,0.0,0.0,0.0,0.0,0.0,0.0
plot_421,7.150910430079589,11.918184050132648,2.3836368100265295,0.0,0.0,0.0,2.3836368100265295,0.9573094062178308,0.0,0.0,0.0,3.3013369818867435,2.3836368100265295,0.0,0.0,8.068610601939803,1.1666666666666667
plot_43,3.078132230404354,3.078132230404354,1.0260440768014514,1.0260440768014514,0.0,2.0520881536029028,4.1041763072058055,0.512657699015379,0.0,0.0,0.0,0.0,1.0260440768014514,0.0,2.447115123171461,3.4731591999729123,1.1666666666666667
plot_18380,3.48918961826521,5.233784427397815,0.0,0.0,0.0,0.0,0.0,0.0,0.0,0.0,0.0,2.786407126086567,7.056886002941386,0.0,0.0,9.843293129027954,3.625
plot_422,0.0,0.0,0.0,0.0,0.0,26.91862499663517,0.0,0.24969365351649153,0.0,0.0,0.0,0.0,0.0,0.0,0.0,0.0,0.0
plot_19089,0.0,0.0,0.0,0.0,0.0,0.0,0.0,0.0,0.0,0.0,0.0,0.0,0.0,0.0,0.0,0.0,0.0
plot_18456,0.0,0.0,0.0,59.60955739903631,0.0,9.93492623317272,0.0,0.3464187074268079,0.0,0.0,0.0,0.0,0.0,0.0,0.0,0.0,0.0
plot_5767,0.0,0.0,0.0,5.55952443827955,0.0,0.0,2.779762219139775,0.9800618818464583,0.0,0.0,0.0,0.0,0.0,0.0,4.342433236094713,4.342433236094713,3.5
plot_16369,0.0,27.625454093401657,0.0,0.0,0.0,0.0,0.0,0.999999944653391,0.0,0.0,0.0,39.15563860880714,0.0,0.0,0.0,63.165981976187986,18.833333333333332
plot_5862,1.1482110871262572,1.1482110871262572,0.0,3.4446332613787716,4.592844348505029,5.741055435631286,2.2964221742525144,0.9549356561344814,0.0,0.0,0.0,0.0,2.7384834427961233,0.0,0.0,2.7384834427961233,1.75
plot_16368,0.0,6.9334664558892865,0.0,0.0,0.0,0.0,0.0,0.0,0.982905127594667,0.0,0.0,0.0,0.0,0.0,0.0,0.0,0.0
plot_17403,0.0,0.0,2.8135489262090525,0.0,2.8135489262090525,2.8135489262090525,2.8135489262090525,1.0000002087681747,0.0,0.0,0.0,0.0,0.0,0.0,0.0,0.0,0.0
plot_18320,2.144534091926526,4.825201706834684,0.5361335229816315,0.5361335229816315,1.6084005689448946,1.6084005689448946,1.072267045963263,0.9999999514502558,0.0,0.0,0.0,0.7645344264984758,1.5145772024231092,0.0,1.6065258536990668,3.8856374826206515,3.9
plot_18323,0.0,1.7019741197815346,1.7019741197815346,5.1059223593446035,0.0,3.403948239563069,0.0,0.0020821989896710824,0.0,0.0,0.0,2.4344883404003608,0.0,0.0,2.3572341558974257,4.791722496297786,3.5
plot_17401,1.591316504100425,3.978291260251062,0.0,1.591316504100425,2.386974756150637,1.591316504100425,3.18263300820085,0.9657092394317136,0.0,0.0,0.0,1.0858452313458116,0.0,0.0,0.0,1.0858452313458116,3.0
plot_18946,1.1285802798653377,3.3857408395960134,0.0,3.3857408395960134,0.0,2.2571605597306754,0.0,0.9999998086579507,0.0,0.0,0.0,0.0,1.5630836876134928,0.0,1.5010117722208993,3.064095459834392,3.25
plot_247,1.734118079568274,27.745889273092384,8.67059039784137,5.202354238704822,0.0,5.202354238704822,39.8847158300703,0.0,0.0,0.0,0.0,2.3063770458258044,0.0,10.370026115818279,9.772910497319971,24.183431738532327,11.92
plot_3762,0.0,0.0,0.0,0.0,17.408713060886974,0.0,0.0,0.0,0.0,0.0,0.3001590384913205,0.0,0.0,14.449231840536191,0.0,14.449231840536191,43.0
plot_3452,0.0,0.0,0.0,0.0,38.33180006133088,38.33180006133088,0.0,0.0,0.0,0.0,0.0,0.0,0.0,63.630788101809266,0.0,63.630788101809266,38.0
plot_5863,0.0,2.0553421425297564,0.0,7.193697498854147,0.0,2.0553421425297564,0.0,0.029287646038808113,0.0,0.0,0.0,0.0,0.0,0.0,1.506010284952544,1.506010284952544,3.0
plot_5864,0.0,14.718652948882118,29.437305897764237,0.0,0.0,14.718652948882118,0.0,0.0,0.0,0.0,0.0,0.0,0.0,0.0,14.718652948882118,14.718652948882118,0.0
plot_18642,0.0,11.02649298715046,0.0,0.0,0.0,3.675497662383487,5.51324649357523,0.9932905684953386,0.0,0.0,0.0,3.675497662383487,6.827236907877327,0.0,0.0,10.502734570260813,1.3
plot_225,4.70703419189637,0.0,4.70703419189637,0.0,0.0,32.94923934327459,23.53517095948185,0.0,0.0,0.0,0.0,0.0,0.0,0.0,6.772289981033749,6.772289981033749,3.5
plot_16138,0.0,0.0,0.0,0.0,0.9039466309909063,0.9039466309909063,0.0,0.38235719708634663,0.0,0.0,0.0,0.0,0.9039466309909063,1.5005514074449045,0.0,2.404498038435811,18.0
plot_19937,9.81092387507947,5.8865543250476815,9.81092387507947,7.848739100063575,15.69747820012715,11.773108650095363,9.81092387507947,0.0,0.0,0.0,0.0,3.0662004370233666,0.0,0.0,3.373998293881043,6.440198730904409,17.25
plot_18569,0.5951636997756233,2.975818498878117,1.1903273995512467,13.688765094839338,7.14196439730748,5.951636997756234,10.117782896185597,0.2823845004704293,0.37700173106984297,0.0,0.0,0.0,1.9818951202528259,2.00495569002087,12.255944630978984,17.43312284080393,12.485
plot_18940,4.943907252299947,7.415860878449921,0.0,1.6479690840999823,1.6479690840999823,4.943907252299947,4.1199227102499565,0.929387445486881,0.0,0.0,0.0,1.3181380062549841,2.386112644799156,1.3678143398029856,4.190292972336706,9.262357963193832,15.685714285714285
plot_18305,0.0,0.0,0.0,0.0,0.0,0.0,0.0,0.005485119757454541,0.0,0.0,0.0,0.0,0.0,0.0,0.0,0.0,0.0
plot_19361,0.0,0.0,0.0,0.0,0.0,0.0,0.0,0.43562185785609675,0.0,0.0,0.0,0.0,0.0,1.4762871378483116,0.0,1.4762871378483116,0.0
plot_18762,0.0,3.567020752926741,0.0,7.134041505853482,3.567020752926741,1.7835103764633704,0.0,0.9786482137737731,0.0,0.0,0.0,0.0,0.0,5.977984497099972,2.7542710482604322,8.732255545360406,26.166666666666668
plot_18763,0.0,0.0,0.0,0.0,0.0,0.0,0.0,0.23318243573171887,0.0,0.0,0.0,0.0,0.0,0.0,0.0,0.0,0.0
plot_18764,0.0,0.0,0.0,0.0,0.0,0.0,0.0,0.11505155769802662,0.0,0.0,0.0,0.0,0.0,0.0,0.0,0.0,0.0
plot_18685,0.0,0.0,0.0,0.0,0.0,0.0,0.0,0.0,0.0,0.0,0.0,0.0,0.0,0.0,0.0,0.0,0.0
plot_18303,0.0,0.0,0.0,0.0,0.0,0.0,0.0,0.0,0.0,0.0,0.0,0.0,0.0,0.0,0.0,0.0,0.0
plot_16073,0.0,0.0,0.0,0.0,0.0,21.301069313679545,0.0,0.08827951295348868,0.0,0.0,0.0,0.0,0.0,0.0,11.170681236110926,11.170681236110926,4.0
plot_16150,0.0,0.0,12.535098275170478,6.267549137585239,0.0,0.0,0.0,0.0397400307877737,0.0,0.0,0.0,0.0,0.0,0.0,42.03686794371354,42.03686794371354,2.7
plot_130,5.353584157673761,8.47650824965012,1.3383960394184402,2.2306600656974003,1.3383960394184402,6.6919801970922,4.4613201313948005,0.0,0.0,0.0,0.0,2.4288765137501414,1.0394875906149885,0.0,4.86639472131542,9.67315486509899,2.49375
plot_18565,0.0,0.0,0.0,0.0,0.0,0.0,0.0,0.6123428620232235,0.0,0.0,0.0,0.0,0.0,0.0,0.0,0.0,0.0
plot_18567,0.0,0.0,0.0,0.0,0.0,0.0,0.0,0.216943914313268,0.0,0.0,0.0,0.0,0.0,0.0,0.0,0.0,0.0
plot_19438,0.0,0.0,0.0,0.0,0.0,0.0,0.0,0.002771451149073656,0.0,0.0,0.0,0.0,0.0,0.0,0.0,0.0,0.0
plot_18568,0.0,0.0,0.0,0.0,0.0,13.504024199211367,0.0,0.0,0.002496236668581959,0.0,0.0,0.0,0.0,0.0,0.0,0.0,0.0
plot_18566,0.0,0.0,0.0,0.0,0.0,5.546680866169684,0.0,0.9051155805308919,0.0,0.0,0.0,0.0,0.0,0.0,0.0,0.0,0.0
plot_18388,0.0,0.0,0.0,0.0,21.205010037038086,7.068336679012695,7.068336679012695,0.19639068875780835,0.0,0.0,0.0,0.0,0.0,0.0,10.56716333512398,10.56716333512398,4.5
plot_16137,0.0,0.0,0.0,1.4243877981243662,1.4243877981243662,1.4243877981243662,0.0,0.9575848197797078,0.0,0.0,0.0,0.0,0.0,4.857113487828892,0.0,4.857113487828892,45.5
plot_19381,0.0,0.0,0.0,0.0,0.0,0.0,0.0,0.3473756243647367,0.0,0.0,0.0,0.0,0.0,0.0,0.0,0.0,0.0
plot_18389,0.0,0.0,0.0,0.0,0.0,0.0,4.791015887008682,0.9999987673971045,0.0,0.0,0.0,6.937725513547473,0.0,0.0,0.0,6.937725513547473,3.5
plot_18945,10.382275379472166,0.0,0.0,20.76455075894433,0.0,10.382275379472166,0.0,0.30703860857293863,0.0,0.0,0.0,0.0,0.0,0.0,0.0,0.0,0.0
plot_18944,0.0,1.0195093305493932,1.0195093305493932,2.0390186610987864,0.0,0.0,0.0,0.9645164902389527,0.0,0.0,0.0,0.0,0.0,0.0,1.4120204228109097,2.431529753360303,1.75
plot_18941,1.6301592502571576,3.260318500514315,0.0,0.0,0.0,0.0,1.6301592502571576,0.9999065063232873,0.0,0.0,0.0,0.0,0.0,0.0,2.663609902578123,2.663609902578123,4.1
plot_18139,0.0,0.0,0.0,0.0,0.0,0.0,2.1931988902413617,0.03356030313306183,0.0,0.0,0.0,0.0,0.0,0.0,0.0,0.0,0.0
plot_18765,4.599139041171492,9.198278082342984,0.0,0.0,0.0,0.0,9.198278082342984,1.0000017436528263,0.0,0.0,0.0,0.0,0.0,0.0,6.116854924758085,6.116854924758085,3.0
plot_18135,13.89146138173736,0.0,4.630487127245787,0.0,9.260974254491574,4.630487127245787,4.630487127245787,0.0,0.0,0.0,0.0,0.0,0.0,0.0,0.0,0.0,0.0
plot_3753,0.0,0.0,0.0,0.0,0.0,0.0,0.0,0.9714622154063073,0.0,0.0,0.0,0.0,0.0,0.0,0.0,0.0,0.0
plot_19478,0.0,7.001526332740537,0.0,14.003052665481073,7.001526332740537,14.003052665481073,0.0,0.0,0.0,0.0,0.0,0.0,0.0,0.0,0.0,0.0,0.0
plot_16259,5.422375976705473,0.0,0.0,0.0,0.0,0.0,0.0,0.9691329846836141,0.0,0.0,0.0,0.0,0.0,0.0,0.0,0.0,0.0
plot_18257,0.0,0.0,0.0,0.0,0.0,0.0,0.0,0.0,0.0,0.0,0.0,0.0,0.0,0.0,6.962773043762411,6.962773043762411,3.5
plot_3761,0.0,0.0,0.0,0.0,0.0,0.0,0.0,0.9762793757251288,0.0,0.0,0.0,0.0,0.0,0.0,0.0,0.0,0.0
plot_18068,4.1262466422667945,8.252493284533589,0.0,8.252493284533589,4.1262466422667945,0.0,8.252493284533589,0.0,0.0,0.0,0.0,0.0,4.1262466422667945,0.0,0.0,4.1262466422667945,0.0
plot_17252,0.0,7.274631903625677,3.6373159518128384,0.0,0.0,3.6373159518128384,3.6373159518128384,0.0,0.0,0.0,0.0,0.0,0.0,0.0,6.273373194315403,6.273373194315403,4.0
plot_3760,0.0,0.0,0.0,0.0,0.0,0.0,0.0,0.5387241417324145,0.0,0.0,0.0,0.0,0.0,0.0,0.0,0.0,0.0
plot_17253,0.0,0.0,0.0,0.0,0.0,0.0,2.821925230269099,0.0,0.0,0.0,0.0,0.0,0.0,4.84658846825906,3.908366443922702,20.04265583325816,7.25
plot_3734,0.0,0.0,0.0,0.0,0.0,0.0,3.7898023997028796,0.2455072366642881,0.0,0.0,0.0,0.0,0.0,0.0,5.0404371916048305,5.0404371916048305,3.0
plot_3736,0.0,11.916536577809026,0.0,0.0,0.0,0.0,11.916536577809026,0.11977062839705031,0.0,0.0,0.0,0.0,0.0,0.0,0.0,0.0,0.0
plot_3735,0.0,8.3709327730389,0.0,0.0,0.0,0.0,0.0,0.0,0.0,0.0,0.0,0.0,0.0,0.0,0.0,0.0,0.0
plot_3754,0.0,45.51661356395084,0.0,0.0,0.0,0.0,0.0,0.0,0.0,0.0,0.0,0.0,0.0,0.0,0.0,0.0,0.0
plot_19092,0.0,0.0,0.0,0.0,0.0,0.0,0.0,0.0,0.0,0.0,0.0,0.0,0.0,0.0,0.0,0.0,0.0
plot_18304,0.0,0.0,0.0,3.7223984157472345,3.7223984157472345,0.0,0.0,0.0,0.0,0.0,0.0,0.0,0.0,0.0,0.0,0.0,0.0
plot_19082,3.863823407814969,0.0,0.0,0.0,0.0,0.0,2.575882271876646,0.9497173164970024,0.0,0.0,0.0,2.07033428810989,1.287941135938323,0.0,0.0,3.3582754240482133,2.5
plot_18302,5.595829987493319,11.191659974986639,2.7979149937466596,8.39374498123998,5.595829987493319,2.7979149937466596,16.78748996247996,0.0,0.7013927437921681,0.0,0.0,12.65921450347323,0.0,0.0,20.66077267280284,33.319987176276065,3.6
plot_18839,0.0,0.0,0.0,0.0,3.5391966023712613,3.5391966023712613,0.0,0.0,0.0,0.0,0.0,0.0,0.0,6.085687469475699,0.0,6.085687469475699,35.0
plot_19322,93.11853990129434,0.0,0.0,0.0,0.0,0.0,0.0,0.7670057981632502,0.0,0.0,0.0,0.0,0.0,0.0,134.48847270193886,134.48847270193886,3.5
plot_16127,5.606449659688506,5.606449659688506,0.0,0.0,0.0,0.0,5.606449659688506,0.9680385885165662,0.0,0.0,0.0,8.019414730762888,0.0,0.0,7.76493277866858,15.784347509431468,3.5
plot_4568,1.9417137508455737,0.3426553677962777,0.05710922796604628,0.7424199635586017,1.1421845593209257,0.6282015076265092,0.6853107355925554,0.0,0.0,0.0,1.6018466126642208,0.08381990242095398,0.0,0.4821714950121403,0.32695425158942687,1.0681029899160803,21.858333333333334
plot_4514,0.0,0.0,0.0,1.9899230297772084,0.0,0.0,0.0,0.0,0.0,0.0,0.03060508326358221,0.0,0.0,0.0,0.0,0.0,0.0
plot_4513,0.7139119303964424,0.0,0.0,0.7139119303964424,0.0,1.4278238607928848,0.7139119303964424,0.0,0.0,0.0,0.03529988319544872,0.0,0.0,0.0,1.02766804434508,1.02766804434508,3.0
plot_4569,0.0,0.0,0.0,1.5238443545376275,0.0,1.5238443545376275,0.0,0.0,0.0,0.0,0.17657466886743298,0.0,0.0,0.0,0.0,0.0,0.0
plot_18643,0.0,0.0,0.0,0.0,0.0,0.0,12.884439462461186,0.12723901242631702,0.0,0.0,0.0,0.0,0.0,0.0,0.0,0.0,0.0
plot_4562,5.304319744394192,2.496150467950208,2.184131659456432,3.276197489184648,4.992300935900416,2.184131659456432,3.9002351061722003,0.0,0.0,0.0,0.003950827494603159,1.643075936272075,2.4295226143706965,2.81800358455674,3.4901112110768984,10.536722750523298,10.814285714285713
plot_4567,4.082165833904837,0.0,0.0,0.0,20.410829169524185,0.0,4.082165833904837,0.0,0.0,0.0,0.0,0.0,0.0,0.0,0.0,0.0,0.0
plot_19047,0.0,0.0,0.0,42.82288454950326,0.0,0.0,0.0,0.0,0.0,0.0,0.0,0.0,0.0,0.0,0.0,0.0,0.0
plot_19046,0.0,0.0,0.0,1.8039502903457991,0.0,1.8039502903457991,0.0,0.878265952806804,0.0,0.0,0.0,0.0,0.0,0.0,0.0,0.0,0.0
plot_18757,0.0,0.0,0.0,0.0,14.928381091712508,0.0,0.0,0.8783936004430493,0.0,0.0,0.0,0.0,0.0,0.0,0.0,0.0,0.0
plot_19048,0.0,0.0,2.244709220367594,4.489418440735188,0.0,8.978836881470375,0.0,0.8374240789558413,0.0,0.0,0.0,0.0,0.0,0.0,2.9854632630888998,2.9854632630888998,3.0
plot_18756,0.0,0.0,7.922172576607409,15.844345153214817,0.0,7.922172576607409,0.0,0.3059039909208038,0.0,0.0,0.0,0.0,0.0,0.0,0.0,0.0,0.0
plot_19492,0.0,0.0,0.0,0.0,0.0,0.0,0.0,0.0,0.0,0.0,0.0,0.0,7.650465530827551,0.0,0.0,7.650465530827551,0.0
plot_18755,2.0228828508083443,8.091531403233377,0.0,0.0,2.0228828508083443,2.0228828508083443,12.137297104850065,0.962149080371843,0.0,0.0,0.0,0.0,2.8016927483695566,0.0,6.719847220449987,9.521539968819543,3.8333333333333335
plot_19096,0.0,0.0,0.0,0.0,0.0,0.0,0.0,0.0,0.0,0.0,0.0,0.0,0.0,0.0,0.0,0.0,0.0
plot_19095,0.0,0.0,0.0,127.4968125796855,0.0,0.0,0.0,0.0,0.0,0.0,0.0,0.0,0.0,0.0,0.0,0.0,0.0
plot_18255,0.0,0.0,0.0,0.0,0.0,0.0,0.0,0.0,0.0,0.0,0.07593201308745552,0.0,0.0,0.0,0.0,0.0,0.0
plot_18140,9.548134533215572,10.741651349867519,0.0,1.1935168166519465,0.0,2.387033633303893,7.16110089991168,0.0,0.0,0.0,0.0,3.4237637708893724,0.0,1.1935168166519465,1.653020791062946,7.463818195256211,2.1
plot_19019,0.0,0.0,0.0,0.0,0.0,6.051913312393713,0.0,0.0,0.0,0.0,0.0,0.0,0.0,0.0,0.0,0.0,0.0
plot_19018,0.0,0.0,0.0,6.643679535473926,0.0,6.643679535473926,0.0,0.0,0.0,0.0,0.0,0.0,0.0,0.0,0.0,0.0,0.0
plot_18256,0.0,0.0,0.0,0.0,0.0,6.356672917395035,0.0,0.0,0.0,0.0,0.2998266124401056,0.0,0.0,0.0,0.0,0.0,0.0
plot_19093,0.0,0.0,0.0,11.061416672504635,0.0,3.6871388908348783,0.0,0.0,0.0,0.0,0.0,0.0,0.0,0.0,0.0,3.6871388908348783,0.0
plot_19091,0.0,0.0,21.130927225086637,0.0,0.0,0.0,0.0,0.0,0.0,0.0,0.0,0.0,0.0,0.0,0.0,0.0,0.0
plot_19090,0.0,0.0,22.59631680036154,22.59631680036154,0.0,0.0,0.0,0.0,0.0,0.0,0.0,0.0,0.0,0.0,0.0,0.0,0.0
plot_19094,0.0,0.0,0.0,2.9867819962754827,0.0,0.0,1.4933909981377413,0.0,0.0,0.0,0.0612981848196673,0.0,0.0,0.0,1.9862100275231962,1.9862100275231962,3.0
plot_1141,2.3346103652030994,16.342272556421698,0.0,0.0,2.3346103652030994,0.0,9.338441460812398,0.0,0.0,0.0,0.0,6.558394539739792,6.714454500159318,0.0,6.466870711612586,19.739719751511696,3.5833333333333335
plot_18379,0.0,0.0,0.0,0.0,0.0,46.339202965708985,0.0,0.0,0.0,0.0,0.0,0.0,0.0,0.0,0.0,0.0,0.0
plot_18807,0.0,0.0,6.329127276639824,14.767963645492923,2.109709092213275,10.548545461066373,6.329127276639824,0.0,0.0,0.0,0.0,0.0,0.0,0.0,2.109709092213275,2.109709092213275,0.0
plot_17255,13.380432455576965,0.0,0.0,0.0,0.0,0.0,0.0,1.0000015082111733,0.0,0.0,0.0,19.723311049282625,0.0,0.0,0.0,19.723311049282625,3.8
plot_19752,0.0,0.0,0.0,0.0,0.0,0.0,0.0,0.0,0.0,0.0,0.0,0.0,0.0,0.0,0.0,0.0,0.0
plot_17254,0.0,0.0,0.0,0.0,0.0,0.0,0.0,0.8940542017522934,0.0,0.0,0.0,0.0,0.0,0.0,0.0,0.0,0.0
plot_249,0.0,0.0,0.0,0.7059280306372766,0.0,0.0,0.0,0.0,0.0,0.0,0.0,0.0,0.0,0.0,0.0,0.0,0.0
plot_18808,0.0,0.0,0.0,0.0,0.0,0.0,0.0,0.0,0.0,0.0,0.0,0.0,0.0,0.0,0.0,0.0,0.0
plot_18758,0.0,0.0,0.0,16.4606343928495,0.0,24.690951589274253,0.0,0.0,0.0,0.0,0.0,0.0,0.0,0.0,14.217237318578684,14.217237318578684,4.1
plot_18806,0.0,0.0,0.0,0.0,0.0,0.0,22.074080614542407,0.0,0.0,0.0,0.0,0.0,0.0,18.835790917498876,0.0,18.835790917498876,35.0
plot_219,2.9702411538792837,2.9702411538792837,2.9702411538792837,8.91072346163785,2.9702411538792837,2.9702411538792837,2.9702411538792837,0.0,0.0,0.0,0.0,0.0,0.0,0.0,0.0,0.0,0.0
plot_4906,0.0,0.0,0.0,0.0,0.0,3.3668333249162496,0.0,0.0,0.0,0.0,0.0,0.0,0.0,0.0,0.0,0.0,0.0
plot_4907,0.0,0.0,0.0,0.0,0.0,0.0,0.0,0.0,0.0,0.0,0.0,0.0,0.0,0.0,0.0,0.0,0.0
plot_190,0.0,2.2495922614026207,0.0,0.0,0.0,0.0,0.0,0.0,0.0,0.0,0.0,0.0,0.0,0.0,0.0,0.0,0.0
plot_44,0.0,12.422295274035832,1.3076100288458772,5.230440115383509,2.6152200576917544,5.884245129806447,15.037515331727587,0.0,0.0,0.0,0.0,2.1481081428601985,0.0,0.0,2.5008041801677403,5.302717337450877,2.6166666666666667
plot_126,0.0,0.0,0.0,0.0,0.0,0.0,0.0,0.0,0.0,0.0,0.0,0.0,0.0,0.0,0.0,0.0,0.0
plot_127,0.0,5.172663507893485,5.172663507893485,0.0,0.0,5.172663507893485,0.0,0.0,0.0,0.0,0.0,0.0,0.0,0.0,0.0,0.0,0.0
plot_113,0.5543854941709137,11.642095377589188,0.0,7.7613969183927916,0.0,3.326312965025482,6.098240435880051,0.0,0.0,0.0,0.0,0.7678239094267154,0.5543854941709137,0.0,2.8866731175299933,4.976706430554337,2.357142857142857
plot_128,0.0,0.0,0.0,0.0,11.036674870594986,0.0,0.0,0.0,0.0,0.0,0.0,0.0,0.0,18.32088028518768,0.0,18.32088028518768,37.0
plot_125,0.0,0.0,0.0,0.0,0.0,0.0,0.0,0.0,0.0,0.0,0.0,0.0,0.0,0.0,26.851404328446375,26.851404328446375,0.0
plot_117,0.0,0.0,0.0,2.9075451523590004,0.0,0.7268862880897501,0.0,0.0,0.0,0.0,0.0,0.0,0.0,0.0,1.0067375090043038,1.0067375090043038,3.5
plot_64,0.0,0.0,0.0,0.0,0.0,0.0,0.0,0.0,0.0,0.0,0.0,0.0,0.0,0.0,0.0,0.0,0.0
plot_71,0.0,0.0,0.0,0.0,0.0,9.173849025966579,0.0,0.0,0.0,0.0,0.0,0.0,0.0,0.0,0.0,0.0,0.0
plot_75,0.0,17.307745562294034,0.0,3.4615491124588074,3.4615491124588074,10.384647337376421,10.384647337376421,0.0,0.0,0.0,0.0,0.0,0.0,0.0,0.0,0.0,0.0
plot_56,0.5997077024658181,1.1994154049316361,1.1994154049316361,4.197953917260727,0.0,14.392984859179634,1.7991231073974543,0.0,0.0,0.0,0.0,0.0,0.0,0.0,2.8572922579705446,2.8572922579705446,4.0
plot_100,0.0,0.0,0.0,0.0,0.0,6.5774544593496875,0.0,0.0,0.0,0.0,0.0,0.0,0.0,0.0,0.0,0.0,0.0
plot_72,0.0,0.0,0.0,5.3529178755339535,0.0,5.3529178755339535,0.0,0.0,0.0,0.0,0.0,0.0,0.0,0.0,0.0,0.0,0.0
plot_54,0.0,0.0,0.0,5.1042543960390985,0.0,5.1042543960390985,0.0,0.0,0.0,0.0,0.0,0.0,0.0,0.0,0.0,0.0,0.0
plot_107,0.0,0.0,0.0,0.0,0.0,0.0,0.0,0.0,0.0,0.0,0.0,0.0,0.0,0.0,0.0,0.0,0.0
plot_55,7.900329443737804,7.900329443737804,3.950164721868902,11.850494165606706,15.800658887475608,7.900329443737804,19.75082360934451,0.0,0.0,0.0,0.0,0.0,0.0,0.0,0.0,11.376474398982438,4.0
plot_47,0.0,2.7433035959223537,0.0,0.0,0.0,0.0,0.0,0.0,0.0,0.0,0.0,0.0,0.0,0.0,0.0,0.0,0.0
plot_46,0.0,0.0,0.0,0.0,0.0,0.0,0.0,0.0,0.0,0.0,0.0,0.0,0.0,0.0,4.133610213529879,4.133610213529879,4.0
plot_51,0.6150061500615006,0.0,0.6150061500615006,0.6150061500615006,0.0,0.0,0.0,0.0,0.0,0.0,0.0,0.0,0.0,0.0,0.817958179581796,1.4329643296432966,1.5
plot_61,0.0,0.0,0.0,3.142164071239144,0.0,0.0,9.426492213717433,0.0,0.0,0.0,0.0,0.0,0.0,0.0,4.179078214748062,4.179078214748062,3.0
plot_74,0.0,0.0,9.426758797522648,0.0,0.0,0.0,0.0,0.0,0.0,0.0,0.0,0.0,0.0,0.0,0.0,0.0,0.0
plot_19841,0.0,1.2085577977659807,0.0,0.0,0.0,0.0,0.0,0.0,0.0,0.0,0.0,0.0,0.0,0.0,0.8036909355143772,2.4110728065431317,11.0
plot_93,2.6836559982395216,0.0,0.0,2.6836559982395216,0.0,2.6836559982395216,0.0,0.0,0.0,0.0,0.0,0.0,0.0,0.0,3.972316463981847,6.655972462221368,1.5
plot_131,0.0,0.0,0.0,1.58052789631737,0.0,0.0,0.0,0.03777094252882039,0.0,0.0,0.0,0.0,0.0,0.0,1.58052789631737,1.58052789631737,0.0
plot_240,0.0,0.0,0.0,0.0,0.0,0.0,0.0,0.0,0.0,0.0,0.0,0.0,0.0,0.0,0.0,0.0,0.0
plot_17181,0.0,14.653996595763868,5.636152536832257,9.017844058931612,0.0,2.254461014732903,6.763383044198708,0.9525649084616826,0.0,0.0,0.0,1.1272305073664515,0.0,0.0,7.074319728093482,12.71047226492574,0.95
plot_242,3.3718852210270764,20.23131132616246,10.11565566308123,6.743770442054153,67.43770442054152,20.23131132616246,16.85942610513538,0.45992096990489933,0.0,0.0,0.0,3.3718852210270764,0.0,0.0,12.712007283272078,19.45577772532623,1.4
plot_79,0.0,0.0,0.0,0.0,0.0,0.0,2.375031766049871,0.0,0.0,0.0,0.0,0.0,0.0,0.0,0.0,0.0,0.0
plot_254,0.0,3.4105830391705463,0.0,0.0,0.0,0.0,3.4105830391705463,0.02805659447493004,0.0,0.0,0.0,0.0,0.0,0.0,11.5448235875923,18.36598966593339,0.7
plot_255,0.0,0.0,6.124973968860632,0.0,0.0,6.124973968860632,0.0,0.024268938187705768,0.0,0.0,0.0,0.0,0.0,0.0,0.0,0.0,0.0
plot_181,5.9397942455273345,0.0,0.0,0.0,0.0,0.0,0.0,0.0,0.0,0.0,0.0,0.0,0.0,0.0,0.0,0.0,0.0
plot_17105,0.0,0.0,0.0,0.0,0.0,0.0,0.0,0.0,0.0,0.0,0.0,0.0,0.0,0.0,0.0,0.0,0.0
plot_60,3.062937234290195,18.37762340574117,0.0,18.37762340574117,6.12587446858039,6.12587446858039,21.440560640031364,0.0,0.0,0.0,0.0,8.48433613898384,0.0,5.084475808921724,13.392056165918497,26.960868113824066,9.666666666666666
plot_16230,0.0,0.0,0.0,40.87179539579225,0.0,10.217948848948062,0.0,0.0,0.0,0.0,0.0,0.0,0.0,16.961795089253787,14.151859155793067,31.11365424504685,19.75
plot_4632,53.04543973406553,30.311679848037446,0.0,5.051946641339574,0.0,0.0,15.155839924018723,0.0,0.0,0.0,0.0,3.9194167172017282,3.3595445164908173,0.0,6.858017565618471,14.136978799311018,3.475
plot_4683,0.0,0.0,0.0,0.0,0.0,7.614000624348052,15.228001248696104,0.0,0.0,0.0,0.0,0.0,0.0,0.0,10.12662083038291,10.12662083038291,3.0
plot_19547,2.3759910852814476,2.3759910852814476,0.0,2.3759910852814476,2.3759910852814476,2.3759910852814476,0.0,0.0,0.0,0.0,0.0,4.565343051904909,0.0,0.0,0.0,4.565343051904909,5.0
plot_4642,1.960399921584003,13.544581276398565,0.5346545240683644,2.4950544456523676,0.8910908734472741,2.4950544456523676,1.7821817468945482,0.0,0.0,0.0,0.0,0.8131443610994972,0.24683217194489493,0.0,6.721169435429242,8.562632664486893,3.0441176470588234
plot_162,0.0,0.0,0.0,0.0,0.0,3.274673023898564,0.0,0.0,0.0,0.0,0.0,0.0,0.0,0.0,0.0,0.0,0.0
plot_163,0.0,3.88448323748371,1.942241618741855,1.942241618741855,0.0,3.88448323748371,1.942241618741855,0.0,0.0,0.0,0.0,0.0,0.0,0.0,2.896147453195348,2.896147453195348,3.0
plot_3484,0.0,0.0,0.0,0.0,0.0,0.0,0.0,0.0,0.0,0.0,0.0,0.0,0.0,0.0,0.0,0.0,0.0
plot_80,0.0,2.52026291382717,0.0,2.52026291382717,0.0,0.0,2.52026291382717,0.0,0.0,0.0,0.0,0.0,0.0,0.0,0.0,0.0,0.0
plot_3485,0.8054970339585467,0.8054970339585467,0.40274851697927333,1.20824555093782,0.0,0.8054970339585467,0.8054970339585467,0.0,0.0,0.0,0.0,0.0,0.0,0.0,1.093462223598727,1.4962107405780005,2.1666666666666665
plot_164,0.4854335941406223,0.3236223960937482,0.1618111980468741,0.8090559902343706,0.4854335941406223,2.75079036679686,1.2944895843749928,0.0,0.0,0.0,0.0,0.0,0.0,0.0,0.46486679907807715,0.46486679907807715,3.25
plot_819,37.20136958272941,12.877397163252489,0.0,5.723287628112217,0.0,4.292465721084163,5.723287628112217,0.0,0.0,0.0,0.0,2.0600712776565326,0.0,0.0,1.4308219070280543,9.406508042309401,2.5
plot_818,10.808765909152324,32.42629772745697,0.0,21.61753181830465,0.0,10.808765909152324,16.213148863728485,0.0,0.0,0.0,0.0,15.28507003666085,0.0,0.0,15.561644815950066,30.846714852610912,3.625
plot_838,0.9071586611426752,3.6286346445707007,0.9071586611426752,4.5357933057133755,0.0,1.8143173222853504,4.5357933057133755,0.0,0.0,0.0,0.0,0.0,0.0,1.5649769781105434,1.621706151500197,4.492991601656192,18.666666666666668
plot_837,0.0,0.0,0.0,8.897034618361701,0.0,8.897034618361701,0.0,0.0,0.0,0.0,0.0,0.0,0.0,0.0,0.0,0.0,0.0
plot_815,1.1732118198744428,8.2124827391211,1.1732118198744428,1.1732118198744428,0.5866059099372214,1.7598177298116642,9.385694558995542,0.0,0.0,0.0,0.0,0.5866059099372214,0.0,0.0,8.0396967137311,9.799514443542764,1.4285714285714286
plot_787,0.0,0.0,0.0,0.0,0.0,0.0,0.0,0.0,0.0,0.0,0.0,0.0,0.0,0.0,0.0,0.0,0.0
plot_541,0.0,0.0,0.0,1.1922397117164376,0.0,2.980599279291094,0.5961198558582188,0.0,0.0,0.0,0.0,0.0,0.0,0.0,0.5961198558582188,0.5961198558582188,0.0
plot_539,0.0,0.0,2.137153994768247,0.0,0.0,4.274307989536494,2.137153994768247,0.0,0.0,0.0,0.0,0.0,0.0,0.0,0.0,0.0,0.0
plot_540,6.3688453071163345,8.49179374282178,2.122948435705445,4.24589687141089,2.122948435705445,2.122948435705445,2.122948435705445,0.0,0.0,0.0,0.0,0.0,0.0,0.0,0.0,0.0,0.0
plot_229,0.0,0.0,0.0,0.0,0.0,0.0,0.0,0.0,0.0,0.0,0.0,0.0,0.0,0.0,0.0,0.0,0.0
plot_5927,2.1784119376974185,0.0,0.0,0.0,0.0,2.1784119376974185,0.0,0.0,0.0,0.0,0.0,0.0,0.0,0.0,0.0,0.0,0.0
plot_17203,7.891647677389443,5.918735758042082,3.9458238386947215,0.0,0.0,1.9729119193473608,7.891647677389443,0.0,0.0,0.0,0.0,0.0,0.0,0.0,3.573104269277185,5.546016188624545,2.25
plot_243,0.0,0.0,0.0,0.0,0.0,0.0,0.0,0.0,0.0,0.0,0.0,0.0,0.0,0.0,0.0,0.0,0.0
plot_250,0.0,1.349072512647555,2.69814502529511,2.69814502529511,0.0,2.69814502529511,0.0,0.0,0.0,0.0,0.0,0.0,0.0,0.0,2.010771920361971,4.101834314965681,4.0
plot_108,0.0,8.876974017097051,8.876974017097051,0.0,0.0,0.0,8.876974017097051,0.0,0.0,0.0,0.0,0.0,0.0,0.0,0.0,0.0,0.0
plot_251,0.0,16.303240269003464,0.0,24.454860403505194,0.0,0.0,8.151620134501732,0.0,0.0,0.0,0.0,11.289993886284899,0.0,0.0,13.046394784464777,24.336388670749674,3.75
plot_4681,0.0,0.0,0.0,12.005426452756646,0.0,0.0,0.0,0.0,0.0,0.0,0.0,0.0,0.0,0.0,12.915106041862796,12.915106041862796,3.95
plot_4643,0.0,0.0,0.0,1.356874196052039,1.356874196052039,0.0,0.0,0.0,0.0,0.0,0.0,0.0,1.8792707615320738,0.0,5.6378122845962215,7.517083046128295,3.5
plot_4685,0.0,2.0521913299020693,0.0,0.0,0.0,2.0521913299020693,0.0,0.0,0.0,0.0,0.0,0.0,0.0,0.0,0.0,0.0,0.0
plot_4708,0.0,0.0,0.0,0.0,3.3914630093129574,3.3914630093129574,0.0,0.0,0.0,0.0,0.0,0.0,0.0,0.0,0.0,0.0,0.0
plot_19666,0.0,1.868213422833211,0.0,3.736426845666422,0.0,0.9341067114166055,1.4011600671249083,0.0,0.0,0.0,0.0,0.0,0.0,0.0,1.268049860748042,1.268049860748042,3.25
plot_4707,0.0,0.0,0.0,0.0,0.0,5.790421484779878,0.0,0.0,0.0,0.0,0.0,0.0,0.0,0.0,0.0,0.0,0.0
plot_48,5.177841599469789,1.725947199823263,3.451894399646526,1.725947199823263,0.0,1.725947199823263,3.451894399646526,0.0,0.0,0.0,0.0,0.0,0.0,0.0,2.3904368717552194,2.3904368717552194,3.5
plot_53,0.0,10.942882530344612,74.41160120634336,56.902989157791986,13.131459036413535,10.942882530344612,21.885765060689224,0.0,0.0,0.0,0.0,0.0,0.0,11.563954432768506,23.023747612899893,46.027313081053194,12.133333333333333
plot_52,0.0,4.790908771515173,1.5969695905050576,0.0,0.0,1.5969695905050576,0.0,0.0,0.0,0.0,0.0,2.301299253862568,0.0,0.0,0.0,2.301299253862568,3.5
plot_137,0.0,0.0,0.0,5.323141292139318,5.323141292139318,5.323141292139318,0.0,0.0,0.0,0.0,0.0,0.0,7.372550689612955,0.0,8.904557260363603,16.277107949976557,3.5
plot_538,3.1369143929788326,3.7642972715745993,1.8821486357872996,3.1369143929788326,5.019063028766133,4.391680150170366,12.54765757191533,0.0,0.0,0.0,0.0,1.7378505737102734,0.0,1.0414555784689725,6.838165156132854,10.244854186907865,6.636363636363637
plot_841,0.0,0.0,0.0,3.0144724823879447,0.0,0.0,0.0,0.0,0.0,0.0,0.0,0.0,0.0,0.0,4.34084037463864,4.34084037463864,4.0
plot_842,0.0,0.0,0.0,0.0,0.0,0.0,0.0,0.0,0.0,0.0,0.0,0.0,0.0,0.0,0.0,0.0,0.0
plot_840,0.0,0.0,0.0,1.662800655143458,0.0,3.325601310286916,0.0,0.0,0.0,0.0,0.0,0.0,0.0,0.0,0.0,0.0,0.0
plot_839,0.0,0.0,0.0,0.0,0.0,0.0,0.0,0.0,0.0,0.0,0.0,0.0,0.0,0.0,0.0,0.0,0.0
plot_19938,5.486075426222342,7.314767234963123,0.0,0.0,2.743037713111171,3.6573836174815617,21.02995580051898,0.0,0.0,0.0,0.0,1.4066001753003465,0.9143459043703904,1.5648746110022105,12.537528221528419,16.423348912201366,6.041666666666667
plot_817,0.0,3.600489666594657,0.0,0.0,0.0,7.200979333189314,0.0,0.0,0.0,0.0,0.0,0.0,0.0,0.0,0.0,0.0,0.0
plot_816,0.0,0.0,0.0,0.0,0.0,0.0,0.0,0.0,0.0,0.0,0.0,0.0,0.0,0.0,0.0,0.0,0.0
plot_17184,0.0,0.0,2.8355923552430107,0.0,0.0,0.0,0.0,0.0,0.0,0.0,0.0,0.0,0.0,0.0,0.0,0.0,0.0
plot_226,19.631709136597433,52.35122436425982,0.0,13.087806091064955,0.0,0.0,19.631709136597433,0.0,0.0,0.0,0.0,9.860009048215959,0.0,0.0,0.0,18.563400098774153,3.6
plot_248,0.0,13.470190468493225,26.94038093698645,0.0,0.0,0.0,13.470190468493225,0.0,0.0,0.0,0.0,0.0,0.0,0.0,18.388428650567064,18.388428650567064,3.0
plot_246,0.690994271657488,4.836959901602416,0.690994271657488,4.836959901602416,0.690994271657488,1.381988543314976,1.381988543314976,0.0,0.0,0.0,0.0,1.6813539348977953,0.0,1.1910088981377394,2.7097951123294104,6.616084742942289,7.428571428571429
plot_5728,0.0,0.0,0.9774464017265613,0.48872320086328064,0.48872320086328064,0.0,0.0,0.0,0.0,0.0,0.0,0.0,0.0,0.0,0.0,0.0,0.0
plot_5727,0.0,0.0,0.0,0.0,0.0,0.0,0.0,0.0,0.0,0.0,0.0,0.0,0.0,0.0,0.0,0.0,0.0
plot_813,0.0,0.0,0.0,0.0,0.0,0.0,0.0,0.0,0.0,0.0,0.0,0.0,0.0,0.0,0.0,0.0,0.0
plot_788,0.0,6.409256675774933,0.0,0.0,0.0,8.545675567699911,2.136418891924978,0.0,0.0,0.0,0.0,0.0,0.0,0.0,3.4221501171470248,3.4221501171470248,4.0
plot_814,0.0,0.0,0.0,0.0,0.0,0.0,0.0,0.0,0.0,0.0,0.0,0.0,0.0,0.0,0.0,0.0,0.0
plot_17183,0.0,0.0,0.0,0.0,0.0,1.3944298106782644,0.0,0.0,0.0,0.0,0.0,0.0,0.0,0.0,0.0,0.0,0.0
plot_230,0.0,0.0,0.0,0.0,0.0,0.0,0.0,0.0,0.0,0.0,0.0,0.0,0.0,0.0,0.0,0.0,0.0
plot_790,0.0,0.0,0.0,3.5491985466031957,0.0,6.211097456555592,1.7745992733015978,0.0,0.0,0.0,0.0,1.2289099967613564,0.0,0.0,1.4224269608339664,2.651336957595323,3.75
plot_4579,0.0,3.8112951543193407,3.8112951543193407,3.8112951543193407,3.8112951543193407,0.0,7.6225903086386815,0.0,0.0,0.0,0.0,5.658810657502053,3.8112951543193407,6.989463758583963,0.0,16.459569570405357,14.666666666666666
plot_4326,0.0,0.0,0.0,0.0,0.0,0.0,0.0,0.0,0.0,0.0,0.0,0.0,0.0,0.0,0.0,0.0,0.0
plot_4580,0.0,7.161887300541439,7.161887300541439,0.0,0.0,0.0,0.0,0.0,0.0,0.0,0.0,0.0,0.0,0.0,10.313117712779672,10.313117712779672,4.0
plot_789,1.0077221750272336,14.108110450381272,2.015444350054467,0.0,0.0,1.0077221750272336,4.030888700108934,0.0,0.0,0.0,0.0,3.023166525081701,0.0,3.345637621090416,3.9099620391056664,11.286488360305018,9.222222222222221
plot_792,0.0,0.0,0.0,0.0,0.0,0.0,0.0,0.0,0.0,0.0,0.0,0.0,0.0,0.0,0.0,0.0,0.0
plot_2359,0.0,15.458175490869532,4.830679840896729,0.0,1.9322719363586915,1.9322719363586915,26.085671140842337,0.0,0.0,0.0,0.0,0.9661359681793458,0.0,0.0,10.183714760319985,15.98053056939606,0.9
plot_2360,0.0,0.9586358228786109,0.0,0.0,0.0,4.793179114393054,0.9586358228786109,0.0,0.0,0.0,0.0,0.0,0.0,0.0,0.0,0.0,0.0
plot_2361,0.9595437177713253,5.757262306627952,0.0,0.9595437177713253,0.0,4.797718588856627,9.595437177713254,0.0,0.0,0.0,0.0,1.2761931446358628,2.5340241930491625,0.0,3.6174798159978967,7.427697153682922,2.5
plot_469,0.0,0.0,15.020427781783226,15.020427781783226,0.0,0.0,0.0,0.0,0.0,0.0,0.0,0.0,0.0,0.0,0.0,0.0,0.0
plot_16164,0.0,0.0,3.2868571729084084,0.0,0.0,0.0,0.0,0.0,0.0,0.0,0.0,0.0,0.0,0.0,0.0,0.0,0.0
plot_4917,0.0,11.635483570697197,0.0,0.0,0.0,0.0,0.0,0.0,0.0,0.0,0.0,0.0,0.0,0.0,16.755096341803963,16.755096341803963,4.0
plot_18616,0.0,8.423251543560845,0.0,0.0,0.0,8.423251543560845,0.0,0.0,0.0,0.0,0.0,0.0,0.0,0.0,0.0,0.0,0.0
plot_4916,0.0,5.0076617224353255,50.07661722435326,5.0076617224353255,0.0,5.0076617224353255,0.0,0.0,0.0,0.0,0.0,0.0,0.0,0.0,7.211032880306869,7.211032880306869,4.0
plot_4623,0.0,0.0,5.067499087850164,0.0,0.0,10.134998175700328,5.067499087850164,0.0,0.0,0.0,0.0,0.0,0.0,0.0,0.0,0.0,0.0
plot_4624,1.0311925432404814,5.155962716202406,0.0,2.0623850864809627,1.0311925432404814,1.0311925432404814,5.155962716202406,0.0,0.0,0.0,0.0,1.3714860825098403,1.3714860825098403,0.0,2.7429721650196806,5.485944330039361,3.0
plot_4654,0.0,0.0,0.0,0.0,0.0,0.0,0.0,0.0,0.0,0.0,0.0,0.0,0.0,0.0,0.0,0.0,0.0
plot_4653,0.0,0.0,0.0,0.0,0.7888525666107108,3.944262833053554,2.3665576998321325,0.0,0.0,0.0,0.0,0.0,0.0,0.0,1.4202226027831708,1.4202226027831708,4.0
plot_4652,0.0,0.0,0.0,4.429423776260946,0.0,4.429423776260946,0.0,0.0,0.0,0.0,0.0,0.0,0.0,0.0,6.13475193012141,6.13475193012141,3.5
plot_9888,0.0,18.863831432802314,0.0,0.0,0.0,9.431915716401157,0.0,0.0,0.0,0.0,0.0,0.0,0.0,0.0,0.0,15.656980089225923,35.0
plot_10010,0.7357512572149608,0.0,0.7357512572149608,0.0,0.0,0.0,0.0,0.0,0.0,0.0,0.0,0.0,0.0,0.0,0.0,0.0,0.0
plot_980,0.0,0.12601449544741133,0.12601449544741133,1.0081159635792907,0.25202899089482267,7.056811745055034,1.0081159635792907,0.0,0.0,0.0,0.0,0.0,0.18923705300282706,0.0,0.6130314679140336,0.8022685209168607,3.875
plot_920,0.5379045176448819,0.5379045176448819,0.0,1.0758090352897638,0.0,0.0,3.2274271058692916,0.0,0.0,0.0,0.0,0.715413008467693,0.0,0.0,1.4604107654058545,2.1758237738735473,3.1666666666666665
plot_10032,0.0,0.0,0.0,2.7226541158362267,0.0,3.6302054877816357,0.0,0.0,0.0,0.0,0.0,0.0,0.0,0.0,0.0,0.0,0.0
plot_1023,0.0,0.0,0.0,1.8394390446689382,0.0,8.277475701010221,0.0,0.0,0.0,0.0,0.0,0.0,0.0,0.0,0.0,0.0,0.0
plot_1022,0.0,0.0,0.0,11.709967524356731,0.0,0.0,0.0,0.0,0.0,0.0,0.0,0.0,0.0,0.0,0.0,0.0,0.0
plot_1024,0.0,0.0,0.0,0.0,0.0,7.1203770951709595,0.0,0.0,0.0,0.0,0.0,0.0,0.0,0.0,0.0,0.0,0.0
plot_9895,0.0,0.3012652538129637,0.0,0.0,0.9037957614388912,0.6025305076259274,0.3012652538129637,0.0,0.0,0.0,0.0,0.0,0.0,0.0,0.8498280404900933,0.8498280404900933,3.0
plot_5495,15.938625665437621,0.0,10.625750443625082,5.312875221812541,21.251500887250163,15.938625665437621,15.938625665437621,0.0,0.0,0.0,0.0,8.079719337371639,0.0,8.819372868208818,0.0,16.89909220558046,19.6
plot_964,0.0,0.0,9.713948501502019,2.4284871253755047,0.0,2.4284871253755047,2.4284871253755047,0.0,0.0,0.0,0.0,0.0,0.0,0.0,3.2298878767494217,3.2298878767494217,3.0
plot_5533,0.0,0.0,0.0,0.0,0.0,10.837773433636926,5.418886716818463,0.0,0.0,0.0,0.0,0.0,0.0,2.2488379874796625,4.802897159311237,7.051735146790899,14.566666666666668
plot_4776,0.0,0.0,1.503684779552293,1.503684779552293,0.0,3.007369559104586,0.0,0.0,0.0,0.0,0.0,0.0,0.0,0.0,0.0,0.0,0.0
plot_921,0.0,0.0,0.0,14.21888552375265,0.0,4.7396285079175495,4.7396285079175495,0.0,0.0,0.0,0.0,0.0,0.0,0.0,0.0,0.0,0.0
plot_966,3.5753359028080687,3.5753359028080687,0.0,0.0,0.0,0.0,3.5753359028080687,0.0,0.0,0.0,0.0,0.0,0.0,0.0,0.0,0.0,0.0
plot_4802,5.384757770037188,1.346189442509297,9.423326097565079,4.7116630487825395,5.384757770037188,3.3654736062732424,9.423326097565079,0.0,0.0,0.0,0.0,0.0,0.0,1.1640676318915968,3.4698032880677134,5.306965641213958,8.583333333333334
plot_4777,0.0,0.0,6.151139652399099,0.0,0.0,0.0,3.0755698261995494,0.0,0.0,0.0,0.0,0.0,0.0,0.0,0.0,0.0,0.0
plot_4782,16.95182050443774,7.265065930473318,7.265065930473318,4.8433772869822125,2.4216886434911062,12.10844321745553,24.21688643491106,0.0,0.0,0.0,0.0,7.136222158849956,0.0,4.155717908579282,5.642534539334277,19.356163250254625,8.450000000000001
plot_4808,0.0,0.0,0.0,2.373546351206533,0.0,1.7801597634048998,0.5933865878016332,0.0,0.0,0.0,0.0,0.0,0.0,0.0,0.0,0.0,0.0
plot_4803,13.14621881881224,0.0,6.57310940940612,6.57310940940612,13.14621881881224,0.0,0.0,0.0,0.0,0.0,0.0,10.14721391954476,0.0,0.0,0.0,10.14721391954476,4.4
plot_4783,5.806593968110185,5.806593968110185,0.0,0.0,0.0,17.419781904330556,5.806593968110185,0.0,0.0,0.0,0.0,0.0,0.0,0.0,0.0,0.0,0.0
plot_576,0.0,0.0,1.9520879532748225,1.9520879532748225,0.0,0.0,0.0,0.0,0.0,0.0,0.0,0.0,0.0,0.0,0.0,0.0,0.0
plot_967,0.0,0.0,0.0,0.0,0.0,3.9137564625903583,0.0,0.0,0.0,0.0,0.0,0.0,0.0,0.0,0.0,0.0,0.0
plot_4669,0.0,0.0,0.0,0.0,0.0,0.0,0.0,0.0,0.0,0.0,0.0,0.0,0.0,0.0,0.0,0.0,0.0
plot_16433,0.0,0.0,0.23708418693519137,0.23708418693519137,0.0,0.23708418693519137,0.0,0.0,0.0,0.0,0.0,0.0,0.0,0.0,0.0,0.23708418693519137,0.0
plot_16440,0.0,0.0,0.0,0.0,0.0,0.0,0.0,0.0,0.0,0.0,0.0,0.0,0.0,0.0,0.0,0.0,0.0
plot_16434,0.0,0.0,0.0,2.4726524637509146,0.0,0.0,0.0,0.0,0.0,0.0,0.0,0.0,0.0,0.0,0.0,0.0,0.0
plot_16439,0.0,0.0,0.0,0.0,0.0,0.0,0.0,0.0,0.0,0.0,0.0,0.0,0.0,0.0,0.0,0.0,0.0
plot_16437,8.051594618314157,0.0,0.0,0.0,0.0,4.0257973091570785,4.0257973091570785,0.0,0.0,0.0,0.0,0.0,0.0,0.0,4.0257973091570785,4.0257973091570785,0.0
plot_16438,0.0,0.0,0.0,0.0,6.069876417316143,6.069876417316143,0.0,0.0,0.0,0.0,0.0,0.0,0.0,0.0,19.218439572008347,19.218439572008347,3.8
plot_5499,0.0,0.0,0.0,0.0,0.0,0.7122248408355537,0.0,0.0,0.0,0.0,0.0,0.0,0.0,0.0,0.0,0.0,0.0
plot_903,2.2607241487001,5.490330075414528,0.32296059267144284,0.9688817780143286,0.6459211853428857,2.906645334042986,4.5214482974002,0.0,0.0,0.0,0.0,1.3241384299529155,0.0,0.5585749840826154,2.9428237803649164,5.760499905363771,5.1692307692307695
plot_5497,5.3796333019335885,5.936147091788787,0.1855045966183996,4.82311951207839,1.855045966183996,11.130275797103977,9.08972523430158,0.72985175615204,0.0,0.0,0.0,1.2543897575082403,0.5484976593222735,0.32149878685159783,7.121169494459879,9.574343517664168,5.175
plot_19904,0.0,0.0,0.0,0.0,0.0,11.78522604063546,0.0,0.0,0.0,0.0,0.0,0.0,0.0,0.0,0.0,0.0,0.0
plot_5501,0.0,8.536502082906509,0.0,0.0,0.0,1.7073004165813015,10.24380249948781,0.0,0.0,0.0,0.0,0.0,0.0,0.0,4.256645926861298,4.256645926861298,1.5
plot_19036,0.0,0.0,0.0,0.0,6.280263017415169,6.280263017415169,6.280263017415169,0.0,0.0,0.0,0.0,8.970524631330553,0.0,0.0,0.0,8.970524631330553,3.5
plot_5516,0.4197437380530438,0.0,0.0,3.7776936424773946,0.0,0.4197437380530438,0.0,0.022521985822635513,0.0,0.0,0.0,0.0,0.0,0.4197437380530438,1.559347986867058,1.9790917249201017,1.625
plot_5496,1.8438164542180375,7.989871301611496,0.6146054847393458,3.687632908436075,0.6146054847393458,2.4584219389573834,3.073027423696729,0.15358031703824346,0.0,0.0,0.0,5.3572293592615,0.0,2.084769830291753,2.1464644348615205,11.285756902037644,9.416666666666666
plot_5500,6.376412375341138,3.188206187670569,0.0,7.970515469176423,4.782309281505854,0.0,1.5941030938352845,0.0,0.0,0.0,0.0,4.505943347931918,2.1201571148009286,0.0,2.207832784961869,8.833933247694716,3.375
plot_569,32.902313032606195,0.0,0.0,0.0,10.967437677535397,0.0,0.0,0.0,0.0,0.0,0.0,0.0,0.0,0.0,0.0,0.0,0.0
plot_15899,14.22414406213106,48.3620898112456,1.8965525416174747,4.267243218639318,2.844828812426212,6.163795760256793,6.6379338956611615,0.0,0.0,0.0,0.0,14.218562516874824,2.6836218463887267,1.574138609542504,2.135414604653518,21.71647943295175,4.069444444444445
plot_563,0.0,0.0,0.0,5.286250462546915,0.0,0.0,5.286250462546915,0.0,0.0,0.0,0.0,0.0,0.0,0.0,7.321456890627478,7.321456890627478,3.5
plot_577,0.0,13.7918669360678,0.0,0.0,0.0,3.44796673401695,3.44796673401695,0.0,0.0,0.0,0.0,0.0,0.0,0.0,3.2332068355776458,3.2332068355776458,4.3
plot_578,0.0,1.2553335986271672,0.0,3.7660007958815016,2.5106671972543344,2.5106671972543344,5.021334394508669,0.0,0.0,0.0,0.0,0.0,0.0,2.176309721535316,3.1262116476144755,5.302521369149792,13.666666666666666
plot_667,0.0,11.280347660314892,0.0,0.0,0.0,1.4100434575393614,8.460260745236168,0.0,0.0,0.0,0.0,0.0,0.0,2.3406721395153403,0.0,2.3406721395153403,35.0
plot_568,15.6092513803038,10.034518744481014,16.72419790746836,14.494304853139242,2.229893054329114,8.919572217316457,13.379358325974685,0.0,0.0,0.0,0.0,3.3493144251960105,3.0884018802458235,0.0,20.84356416048932,27.28128046593115,3.85
plot_653,0.0,1.2059198605956643,0.6029599302978321,1.2059198605956643,0.6029599302978321,1.2059198605956643,0.0,0.0,0.0,0.0,0.0,0.8019367072961168,0.0,0.0,1.6038734145922335,2.4058101218883503,3.0
plot_3445,0.0,0.0,0.0,0.9520871654841744,0.0,0.9520871654841744,0.9520871654841744,0.0,0.0,0.0,0.0,0.0,0.0,0.0,1.266275930093952,2.8467406247976816,16.5
plot_570,0.0,0.0,0.0,3.767358102457071,0.0,3.767358102457071,0.0,0.0,0.0,0.0,0.0,0.0,0.0,0.0,0.0,0.0,0.0
plot_646,0.0,0.0,0.0,4.252592663994148,0.0,1.4175308879980493,1.4175308879980493,0.0,0.0,0.0,0.0,0.0,0.0,0.0,6.683658136910802,6.683658136910802,1.625
plot_15914,0.0,0.0,0.0,0.0,0.0,13.360410431808466,0.0,0.0,0.0,0.0,0.0,20.18629079305829,0.0,0.0,0.0,20.18629079305829,4.0
plot_562,0.26956284992627455,0.26956284992627455,0.0,1.0782513997050982,1.6173770995576475,0.8086885497788238,0.5391256998525491,0.0,0.0,0.0,0.0,0.0,0.26956284992627455,0.0,0.26956284992627455,0.986600030730165,11.666666666666666
plot_844,0.0,0.7184697743358287,4.3108186460149716,2.873879097343315,0.0,1.4369395486716574,0.7184697743358287,0.0,0.0,0.0,0.0,0.0,0.0,0.0,2.766386911443649,4.2033264601153055,1.4
plot_845,0.0,0.0,1.1470310248951614,4.588124099580646,0.0,1.1470310248951614,0.0,0.0,0.0,0.0,0.0,0.0,0.0,0.0,0.0,0.0,0.0
plot_847,4.395140732406252,17.580562929625007,0.0,0.0,4.395140732406252,4.395140732406252,13.185422197218756,0.0,0.0,0.0,0.0,0.0,0.0,0.0,11.932807088482974,11.932807088482974,3.25
plot_846,0.0,7.6431563178330135,0.0,11.46473447674952,7.6431563178330135,3.8215781589165068,0.0,0.0,0.0,0.0,0.0,5.292885750099362,10.375584701458315,0.0,0.0,15.668470451557676,3.3333333333333335
plot_978,0.0,0.0,10.546780243771247,14.062373658361663,0.0,17.577967072952077,0.0,0.0,0.0,0.0,0.0,0.0,0.0,0.0,0.0,0.0,0.0
plot_977,0.6952212576413507,3.1284956593860778,0.6952212576413507,3.1284956593860778,1.042831886462026,1.3904425152827014,2.433274401744727,0.0,0.0,0.0,0.0,0.4623221363314982,0.0,0.0,1.8292913678980862,2.2916135042295847,2.6
plot_843,0.488749714692354,1.710624001423239,0.244374857346177,0.488749714692354,0.0,0.977499429384708,1.466249144077062,0.0,0.0,0.0,0.0,0.0,0.0,0.0,0.9558526672361325,0.9558526672361325,2.1666666666666665
plot_10031,0.0,0.6793353654518566,0.0,2.0380060963555695,0.0,0.0,0.0,0.0,0.0,0.0,0.0,0.0,0.0,0.0,0.9408794811508213,0.9408794811508213,3.5
plot_1014,0.0,0.0,0.0,0.0,0.0,0.0,0.0,0.0,0.0,0.0,0.0,0.0,0.0,0.0,0.0,0.0,0.0
plot_979,0.0,0.3812261376264479,0.0,0.3812261376264479,0.0,0.7624522752528958,0.3812261376264479,0.0,0.0,0.0,0.0,0.5872372838656532,0.0,0.0,0.0,0.5872372838656532,4.5
plot_630,0.0,0.0,3.8032502576702054,0.0,0.0,15.213001030680822,0.0,0.0,0.0,0.0,1.920394322516119,0.0,0.0,0.0,0.0,0.0,0.0
plot_1015,0.0,0.0,0.0,6.226378675898311,0.0,0.0,0.0,0.0,0.0,0.0,0.0,0.0,0.0,0.0,0.0,0.0,0.0
plot_651,0.0,0.0,0.0,6.887052341597796,0.0,0.0,0.0,0.0,0.0,0.0,0.0,0.0,0.0,0.0,0.0,0.0,0.0
plot_15873,1.0677703140632824,0.5338851570316412,0.0,2.6694257851582064,0.0,2.1355406281265648,1.0677703140632824,0.0,0.0,0.0,0.060476704929754606,1.5896302291125775,0.0,0.0,0.0,1.5896302291125775,4.0
plot_16223,0.0,0.0,0.0,2.9029514307196127,0.0,1.4514757153598064,0.0,0.0,0.0,0.0,0.027752137656067488,0.0,0.0,0.0,2.010293865773332,2.010293865773332,3.5
plot_9922,0.0,0.0,0.0,0.0,0.0,0.0,0.0,0.0,0.0,0.0,0.0,0.0,0.0,0.0,0.0,0.0,0.0
plot_1760,0.0,2.8088605506068896,0.7022151376517224,5.617721101213779,0.0,1.4044302753034448,1.4044302753034448,0.0,0.0,0.0,0.0,1.0585127279072608,0.9725679656476355,0.0,3.7877880661108034,5.818868759665699,3.1166666666666667
plot_1592,0.0,9.915470613023972,0.0,0.0,0.0,1.6525784355039952,16.525784355039953,0.0,0.0,0.0,0.0,0.0,0.0,0.0,9.579584404145521,9.579584404145521,3.5
plot_1593,0.0,0.0,0.0,24.699286190629092,0.0,0.0,0.0,0.0,0.0,0.0,0.0,0.0,0.0,0.0,6.841702274804258,13.726844641882368,3.25
plot_1759,0.6190386577260977,0.30951932886304884,1.2380773154521953,2.4761546309043907,0.0,3.404712617493537,0.30951932886304884,0.0,0.0,0.0,0.0,0.0,0.0,0.0,0.30951932886304884,0.30951932886304884,0.0
plot_629,11.1076142695818,3.7025380898606,0.0,0.0,14.8101523594424,11.1076142695818,3.7025380898606,0.0,0.0,0.0,0.6703624911088223,5.3272713740921285,0.0,0.0,0.0,5.3272713740921285,3.4
plot_740,9.862049649502756,1.9724099299005513,0.0,1.9724099299005513,1.9724099299005513,3.9448198598011026,17.751689369104962,0.0,0.0,0.0,0.6678453722252381,11.60760952093512,0.0,0.0,7.219020343436018,18.82662986437114,3.1
plot_3478,0.09199894385212458,0.0,0.0,0.2759968315563737,0.2759968315563737,1.0119883823733704,0.3679957754084983,0.005609887429178207,0.0,0.0,1.9313079002476954,0.12741853723519253,0.12944251399993928,0.15720288250446565,0.4717467052224959,0.8858106389620934,9.185714285714285
plot_652,0.0,0.0,0.0,0.0,0.0,0.0,0.8263397446279653,0.4746644394871961,0.0,0.0,0.21638469193126472,0.0,0.0,0.0,0.0,0.0,0.0
plot_16232,11.083638465900298,4.433455386360119,0.44334553863601195,0.0,0.44334553863601195,0.8866910772720239,7.536874156812203,0.9047559900218765,0.0,0.0,0.0009283900010296231,2.0097348771719985,1.6714126806577652,1.6973701236174814,3.397956602575988,8.776474284023234,5.964285714285714
plot_16233,0.0,0.0,0.5197615957512608,2.598807978756304,1.0395231915025216,1.5592847872537825,1.0395231915025216,0.6782341091029315,0.0,0.0,0.0034147384531527957,0.0,0.0,0.0,1.9765786537694754,1.9765786537694754,4.05
plot_1775,18.350074247223493,9.88080921004342,5.646176691453383,4.234632518590037,2.8230883457266915,2.8230883457266915,4.234632518590037,0.0,0.0,0.0,0.0,0.0,1.8773537499082498,0.0,1.4115441728633458,4.7004420956349415,1.0
plot_1768,37.597282969684066,75.19456593936813,12.532427656561355,25.06485531312271,12.532427656561355,0.0,37.597282969684066,0.0,0.0,0.0,0.0,35.66427458411964,16.668128783226603,0.0,17.357412304337476,69.68981567168372,3.425
plot_1776,0.0,0.0,0.5344761145296797,1.603428343589039,0.0,1.0689522290593594,0.5344761145296797,0.8082434683620549,0.0,0.0,0.0,0.0,0.0,0.0,0.0,0.0,0.0
plot_1607,0.0,0.0,0.3584282062926373,0.0,0.3584282062926373,0.7168564125852745,0.0,0.2313297640529482,0.0002285196402075705,0.0,0.0,0.0,0.0,0.0,1.232067675530698,1.232067675530698,4.25
plot_1016,0.0,0.0,0.0,0.0,0.0,0.0,0.0,0.0,0.0,0.0,0.0,0.0,0.0,0.0,11.258401476289638,11.258401476289638,3.0
plot_1017,0.0,5.420935653493793,0.0,0.0,5.420935653493793,0.0,5.420935653493793,0.0,0.0,0.0,0.0,0.0,0.0,0.0,0.0,0.0,0.0
plot_1020,0.0,3.3398460330978743,3.3398460330978743,6.679692066195749,0.0,6.679692066195749,0.0,0.0,0.0,0.0,0.0,0.0,0.0,0.0,0.0,0.0,0.0
plot_1021,0.0,0.0,0.0,14.806771630225558,0.0,0.0,0.0,0.0,0.0,0.0,0.0,0.0,0.0,0.0,0.0,7.257925376943145,3.5
plot_3687,0.0,0.0,0.0,17.69236018612363,0.0,5.0549600531781795,0.0,0.0,0.0,0.0,0.0,0.0,2.5274800265890898,0.0,0.0,2.5274800265890898,0.0
plot_3686,0.4074529666854231,0.4074529666854231,0.4074529666854231,12.019862517219982,0.0,2.8521707667979617,0.20372648334271154,0.0,0.0,0.0,0.0,0.31439857314957087,0.0,0.0,1.8710987813980986,2.1854973545476692,2.6875
plot_1761,10.305878473081044,0.0,0.0,15.458817709621567,0.0,0.0,10.305878473081044,0.0,0.0,0.0,0.0,7.069020616068806,0.0,0.0,19.488175751601172,26.55719636766998,2.375
plot_1769,0.6063483459120298,1.2126966918240596,0.0,1.8190450377360894,0.0,0.6063483459120298,2.425393383648119,0.0,0.0,0.0,0.0,1.0463174705511509,1.6462357591511607,0.0,2.099281635261303,4.791834864963615,3.66
plot_1770,9.995901680311073,0.0,0.0,9.995901680311073,14.99385252046661,0.0,39.98360672124429,0.0,0.0,0.0,0.0,0.0,0.0,16.911147266100677,16.083216488723842,40.50755452848906,17.3
plot_1758,1.165433249810617,0.0,0.0,1.7481498747159256,0.29135831245265426,1.4567915622632714,2.330866499621234,0.0,0.0,0.0,0.0,0.0,0.0,0.48365479867140615,0.0,0.48365479867140615,30.0
plot_918,0.0,0.0,0.0,0.0,0.0,0.0,0.0,0.0,0.0,0.0,0.0,0.0,0.0,0.0,0.0,0.0,0.0
plot_401,0.0,0.0,2.0041646541513267,2.0041646541513267,0.0,0.0,2.0041646541513267,0.0,0.0,0.0,0.0,0.0,0.0,0.0,8.177250469264864,8.177250469264864,2.466666666666667
plot_581,0.0,7.023478082534297,1.4046956165068594,0.0,0.0,4.214086849520577,4.214086849520577,0.0,0.0,0.0,0.0,0.0,1.9455034288620001,0.0,0.0,1.9455034288620001,3.5
plot_582,1.443264896117401,9.381221824763108,2.1648973441761017,0.7216324480587005,0.0,1.443264896117401,6.494692032528305,0.0,0.0,0.0,0.0,0.0,0.9994609405613003,0.0,4.137742008612884,6.580467845291587,2.2857142857142856
plot_647,41.50085537874142,13.833618459580473,0.0,4.611206153193491,18.444824612773964,4.611206153193491,13.833618459580473,0.0,0.0,0.0,0.0,0.0,0.0,7.654602214301195,0.0,14.294739074899821,19.5
plot_275,1.4329039159114667,12.896135243203199,0.7164519579557334,0.7164519579557334,0.0,2.1493558738672,10.746779369336,0.0,0.0,0.0,0.0,0.9528811040811254,0.0,0.0,5.979925492501788,7.925092558351604,3.0375
plot_580,15.323398249322455,14.080960553431446,16.979981843843802,14.080960553431446,9.93950156712808,7.45462617534606,22.778024424668516,0.0,0.0,0.0,0.0,2.4604047354371565,4.162540459270749,2.094211979690064,14.810220835642705,28.475610449399774,9.029787234042553
plot_276,0.0,0.0,0.0,0.0,0.0,0.0,1.7055576448636702,0.0,0.0,0.0,0.0,0.0,0.0,1.4659510150098207,0.0,1.4659510150098207,40.0
plot_579,0.0,0.0,0.0,0.0,0.0,17.6565102496042,0.0,0.0,0.0,0.0,0.0,0.0,0.0,0.0,0.0,0.0,0.0
plot_5563,7.785601827021229,4.325334348345127,0.0,2.595200609007076,0.8650668696690255,1.730133739338051,6.920534957352204,0.0,0.0,0.0,0.0,0.0,0.0,0.0,5.452497222243125,5.452497222243125,3.75
plot_4576,1.372207985564372,1.372207985564372,2.744415971128744,1.7152599819554653,0.686103992782186,3.0874679675198373,2.4013639747376514,0.0,0.0,0.0,0.0,0.4751270150016639,0.343051996391093,0.5925312244703423,1.5065740260848066,3.2603362583389988,8.714285714285714
plot_400,9.525109776890178,6.350073184593452,0.0,3.175036592296726,12.700146369186903,6.350073184593452,15.87518296148363,0.0,0.0,0.0,0.0,4.471944682305563,0.0,5.461716993534978,15.020154467152738,29.722438790574934,8.916666666666666
plot_4328,6.995159349729986,0.0,0.0,0.0,0.0,0.0,6.995159349729986,0.0,0.0,0.0,0.0,0.0,0.0,0.0,0.0,6.995159349729986,0.0
plot_4327,0.0,0.0,0.0,0.2775729135468628,0.2775729135468628,1.1102916541874512,0.5551458270937256,0.0,0.0,0.0,0.0,0.0,0.0,0.0,0.0,0.0,0.0
plot_18454,0.0,1.8324180405220922,0.0,1.8324180405220922,0.0,1.8324180405220922,0.0,0.0,0.0,0.0,0.0,0.0,0.0,0.0,1.8967728665812718,1.8967728665812718,0.0
plot_4359,7.618554226964349,22.855662680893047,1.9046385567410873,0.0,3.8092771134821746,1.9046385567410873,0.0,0.0,0.0,0.0,0.0,2.8475755408052255,0.0,0.0,0.0,2.8475755408052255,4.1
plot_4329,28.71912693854107,19.146084625694048,0.0,0.0,0.0,0.0,0.0,0.0,0.0,0.0,0.0,0.0,0.0,0.0,0.0,0.0,0.0
plot_4358,0.6667253384964543,0.0,0.0,0.6667253384964543,0.0,0.6667253384964543,0.0,0.0,0.0,0.0,0.0,0.0,0.9234145938175893,0.0,0.0,0.9234145938175893,3.5
plot_1119,2.834638144267694,57.09771119167783,8.908862739127038,1.2148449189718686,3.6445347569156064,6.4791729011833,3.23958645059165,0.0,0.0,0.0,0.0,0.5608534042586794,13.320774536526542,0.6975242845932382,0.678096354802353,25.494341764050425,6.705882352941177
plot_3011,0.0,2.886852695454362,0.0,0.0,0.0,0.0,0.0,0.0,0.0,0.0,0.0,0.0,0.0,0.0,0.0,0.0,0.0
plot_743,0.0,46.735523671542744,0.0,0.0,0.0,46.735523671542744,46.735523671542744,0.0,0.0,0.0,0.0,0.0,0.0,0.0,0.0,0.0,0.0
plot_478,0.0,13.398360040731013,0.0,0.0,0.0,0.0,40.19508012219304,0.0,0.0,0.0,0.0,0.0,0.0,22.241277667613485,0.0,22.241277667613485,30.0
plot_688,0.0,0.0,1.1335734997721518,0.0,0.0,0.5667867498860759,0.5667867498860759,0.0,0.0,0.0,0.0,0.0,0.0,0.0,0.0,0.0,0.0
plot_567,0.0,0.0,0.0,0.0,10.132225543340594,0.0,0.0,0.0,0.0,0.0,0.0,0.0,0.0,0.0,0.0,0.0,0.0
plot_632,0.0,2.4488096744307537,0.816269891476918,0.816269891476918,0.0,0.0,0.816269891476918,0.0,0.0,0.0,0.0,0.0,0.0,0.0,1.085638955664301,1.085638955664301,3.0
plot_377,0.0,0.0,0.0,3.8746774331036935,1.9373387165518468,1.9373387165518468,0.0,0.0,0.0,0.0,0.0,0.0,0.0,0.0,0.0,0.0,0.0
plot_558,0.0,7.270691479113121,0.0,0.0,7.270691479113121,7.270691479113121,18.176728697782803,0.0,0.0,0.0,0.0,0.0,3.6353457395565605,0.0,6.573100554917256,10.208446294473816,1.8
plot_672,0.0,0.3224827560408276,0.0,0.3224827560408276,0.0,1.2899310241633104,0.3224827560408276,0.0,0.0,0.0,0.0,0.0,0.0,0.0,0.0,0.0,0.0
plot_557,0.0,0.0,0.0,0.0,0.0,0.0,0.0,0.0,0.0,0.0,0.0,0.0,0.0,0.0,0.0,0.0,0.0
plot_717,0.0,0.0,99.10802775024777,9.009820704567979,0.0,0.0,18.019641409135957,0.0,0.0,0.0,0.8389396949498349,0.0,0.0,0.0,11.983061537075413,11.983061537075413,3.0
plot_673,0.0,0.0,16.53439153439153,0.0,0.0,0.0,5.511463844797178,0.0,0.0,0.0,0.0,0.0,0.0,0.0,5.511463844797178,5.511463844797178,0.0
plot_5962,0.0,0.0,0.0,0.0,0.0,10.710364955685867,0.0,0.0,0.0,0.0,0.0,0.0,0.0,8.889602913219269,0.0,8.889602913219269,35.0
plot_649,0.0,2.1460194558123864,2.1460194558123864,2.1460194558123864,0.0,2.1460194558123864,6.43805836743716,0.9999996434005515,0.0,0.0,0.0,0.0,0.0,0.0,0.0,2.1460194558123864,0.0
plot_573,0.48837842490632294,0.7325676373594844,0.24418921245316147,0.48837842490632294,0.24418921245316147,1.7093244871721303,0.24418921245316147,0.9997207455881698,0.0,0.0,0.0,1.0682935116911823,0.0,0.0,1.7966879905793367,3.1091707147236805,3.2555555555555555
plot_376,0.0,0.0,0.0,0.0,0.0,0.0,0.0,0.9999930360161648,0.0,0.0,0.0,0.0,0.0,0.0,0.0,0.0,0.0
plot_292,0.0,0.0,0.0,5.6016760214656225,0.0,0.0,0.0,1.0000019764332846,0.0,0.0,0.0,0.0,0.0,0.0,7.450229108549278,7.450229108549278,3.0
plot_762,0.0,0.0,0.0,0.0,0.0,0.0,0.0,1.0000005015698528,0.0,0.0,0.0,0.0,0.0,0.0,0.0,0.0,0.0
plot_671,0.0,0.0,0.0,0.0,0.0,0.0,0.0,0.9999995181665681,0.0,0.0,0.0,0.0,0.0,0.0,0.0,0.0,0.0
plot_1689,0.0,3.205631653689201,0.0,0.0,0.0,9.616894961067603,0.0,0.0,0.0,0.0,0.0,0.0,0.0,0.0,0.0,0.0,0.0
plot_669,0.0,0.0,0.0,27.979854504756574,13.989927252378287,0.0,13.989927252378287,0.0,0.0,0.0,0.0,0.0,0.0,0.0,0.0,18.606603245663123,3.0
plot_5902,14.31644350910347,7.158221754551735,0.0,0.0,0.0,0.0,0.0,0.0,0.0,0.0,0.0,10.359472220768682,0.0,0.0,0.0,13.93858309804455,2.5
plot_3019,0.0,0.0,0.0,0.0,0.0,0.0,0.0,0.0,0.0,0.0,0.0,0.0,0.0,0.0,0.0,0.0,0.0
plot_3187,1.8383332935027787,3.6766665870055575,0.0,0.9191666467513894,0.0,0.0,0.0,0.0,0.0,0.0,0.0,0.0,0.0,0.0,0.0,0.9191666467513894,0.0
plot_2278,0.0,121.64764983498722,6.758202768610401,4.505468512406934,0.0,0.0,2.252734256203467,0.0,0.0,0.0,0.0,0.0,12.356247395276018,0.0,0.0,16.09578626057377,9.7
plot_1462,0.0,28.20374384554018,8.058212527297195,0.0,0.0,0.0,16.11642505459439,0.0,0.0,0.0,0.0,0.0,0.0,0.0,0.0,0.0,0.0
plot_15671,1.6949238724942668,86.44111749720761,6.779695489977067,5.649746241647556,2.824873120823778,3.9548223691532893,3.9548223691532893,0.0,0.0,0.0,0.0,0.0,5.529150430994208,0.0,0.7824898544681865,9.414537158661874,1.6071428571428572
plot_1562,0.0,0.0,0.0,2.284549818035607,0.0,13.707298908213643,0.0,0.0,0.0,0.0,0.0,0.0,0.0,0.0,3.0384512579873575,3.0384512579873575,3.0
plot_2294,4.786206153864562,3.589654615398422,0.0,0.0,0.0,1.1965515384661405,4.786206153864562,0.0,0.0,0.0,0.0,1.591413546159967,1.591413546159967,0.0,2.0158764817716017,5.198703574091535,3.3333333333333335
plot_16245,2.9403260821625112,2.450271735135426,1.4701630410812556,1.4701630410812556,4.900543470270852,3.920434776216682,2.9403260821625112,0.0,0.0,0.0,0.0,0.0,0.0,0.0,2.2104893397795298,2.2104893397795298,3.5
plot_1773,0.0,0.0,0.0,1.7600644887628685,0.0,0.0,0.0,0.0,0.0,0.0,0.0,0.0,0.0,0.0,0.0,0.0,0.0
plot_4177,0.0,0.0,0.0,3.0236327132870513,0.0,6.047265426574103,6.047265426574103,0.0,0.0,0.0,1.6423069325252935,0.0,0.0,0.0,7.3776638204204055,11.399095329092184,2.3333333333333335
plot_718,12.65610514692156,25.31221029384312,0.0,3.16402628673039,0.0,3.16402628673039,15.82013143365195,0.027784216366515815,0.0,0.0,0.0,4.53946666053207,0.0,5.252283635972447,9.898719656824749,19.690469953329266,11.375
plot_659,0.0,30.035983107763098,18.02158986465786,6.00719662155262,0.0,6.00719662155262,18.02158986465786,0.0,0.0,0.0,0.0,0.0,0.0,0.0,15.97914301332997,15.97914301332997,3.0
plot_4112,0.0,0.0,0.0,0.0,0.0,0.0,0.0,0.0009782066772699735,0.0,0.0,0.8757079685297661,0.0,0.0,0.0,0.0,0.0,0.0
plot_650,53.48546978070957,8.914244963451596,0.0,26.742734890354786,115.88518452487074,0.0,35.656979853806384,0.996544790241051,0.0,0.0,0.0,0.0,0.0,0.0,21.750757710821894,21.750757710821894,2.0
plot_716,3.3885035934402907,1.084321149900893,1.3554014373761163,0.6777007186880581,1.3554014373761163,1.2198612936385047,3.3885035934402907,0.9619826366294072,0.0,0.0,0.0,1.1946772700051385,0.2710802874752232,0.9253760019386885,1.5811006256317233,4.107774328788385,9.58095238095238
plot_657,4.7799776297046925,0.0,4.7799776297046925,71.69966444557039,0.0,4.7799776297046925,4.7799776297046925,0.9488609723166996,0.0,0.0,0.0,0.0,0.0,0.0,0.0,0.0,0.0
plot_742,0.0,0.0,0.0,0.0,0.0,0.0,0.0,0.0485695110688216,0.0,0.0,0.0,0.0,0.0,0.0,0.0,0.0,0.0
plot_658,18.217922792443208,0.0,0.0,0.0,0.0,0.0,36.435845584886415,0.9999913983134258,0.0,0.0,0.0,0.0,0.0,0.0,0.0,0.0,0.0
plot_1028,3.377417069634741,13.509668278538964,0.0,4.221771337043426,0.0,0.8443542674086852,13.509668278538964,0.0,0.0,0.0,0.0,3.770494563597467,1.3868997642841077,0.0,6.9446286447429175,12.102022972624493,3.45
plot_744,0.0,0.0,0.0,11.847077918231468,0.0,0.0,0.0,0.9999964236043305,0.0,0.0,0.0,0.0,0.0,0.0,11.847077918231468,11.847077918231468,0.0
plot_668,0.0,13.397821514221787,13.397821514221787,13.397821514221787,26.795643028443575,0.0,26.795643028443575,0.0,0.0,0.0,0.0,0.0,0.0,0.0,0.0,0.0,0.0
plot_1460,0.0,0.0,0.0,0.0,0.0,3.7627934978928357,0.0,0.0,0.0,0.0,0.0,0.0,0.0,0.0,0.0,0.0,0.0
plot_1584,13.137842240790373,8.758561493860249,8.758561493860249,39.41352672237112,17.517122987720498,0.0,30.65496522851087,0.0,0.0,0.0,0.0,0.0,0.0,0.0,11.648886786834131,11.648886786834131,3.0
plot_372,1.1704698646439389,4.38926199241477,0.877852398482954,2.048322263126893,0.2926174661609847,0.5852349323219694,5.852349323219694,0.8903549007453594,0.0,0.0,0.0,0.0,0.877852398482954,0.0,3.7318464644847364,4.609698862967691,2.2916666666666665
plot_2343,5.251018369375011,5.251018369375011,1.3127545923437527,2.6255091846875054,1.3127545923437527,0.0,3.938263777031258,0.023275759506719746,0.0,0.0,0.0,0.0,0.0,0.0,0.0,0.0,0.0
plot_1450,0.0,0.0,0.0,0.0,0.0,10.296646382273293,0.0,0.0,0.0,0.0,0.0,0.0,0.0,0.0,0.0,10.296646382273293,0.0
plot_1335,0.0,0.0,0.0,0.0,0.0,0.0,0.0,0.0,0.0,0.0,0.0,0.0,0.0,0.0,0.0,0.0,0.0
plot_1774,0.0,0.0,0.0,0.0,0.0,0.0,0.0,0.0,0.0,0.0,0.0,0.0,0.0,0.0,0.0,0.0,0.0
plot_15643,0.0,0.0,0.0,0.0,0.0,0.0,0.0,0.0,0.0,0.0,0.0,0.0,0.0,0.0,0.0,0.0,0.0
plot_16244,0.0,0.0,0.0,0.0,0.0,0.0,0.0,0.0,0.0,0.0,0.0,0.0,0.0,0.0,0.0,0.0,0.0
plot_1446,0.0,1.0185622789719855,0.0,0.0,0.0,1.0185622789719855,2.037124557943971,0.0,0.0,0.0,0.0,0.0,0.0,0.0,0.0,1.0185622789719855,0.0
plot_15636,0.0,0.0,0.0,0.0,0.0,0.0,0.0,0.0,0.0,0.0,0.0,0.0,0.0,0.0,0.0,0.0,0.0
plot_1387,0.0,0.0,0.0,0.0,3.612729814775343,0.0,0.0,0.0,0.0,0.0,0.0,0.0,0.0,0.0,0.0,3.612729814775343,0.0
plot_1386,0.0,0.0,2.4273435395038025,0.0,0.0,0.0,0.0,0.0,0.0,0.0,0.0,0.0,0.0,0.0,0.0,0.0,0.0
plot_1563,0.0,0.0,0.0,0.0,0.0,0.0,0.0,0.0,0.0,0.0,0.0,0.0,0.0,0.0,0.0,0.0,0.0
plot_1448,0.0,0.0,0.0,17.098839843716604,0.0,0.0,0.0,0.0,0.0,0.0,0.0,0.0,0.0,0.0,11.840946591773749,11.840946591773749,3.5
plot_2261,0.0,0.0,0.0,1.9066394906984592,0.0,1.4299796180238444,0.4766598726746148,0.0,0.0,0.0,0.0,0.0,0.0,0.0,0.0,0.0,0.0
plot_1447,0.0,0.0,2.131743905077707,1.0658719525388536,0.0,0.0,3.197615857616561,0.0,0.0,0.0,0.0,0.0,0.0,0.0,2.835219393753351,2.835219393753351,3.0
plot_374,0.0,0.0,0.0,0.9829289809238059,1.4743934713857088,0.0,0.0,0.0,0.0,0.0,0.0,0.0,0.0,0.0,0.0,0.0,0.0
plot_1791,0.0,0.0,0.0,0.0,0.0,0.0,0.0,0.08141030281317602,0.0,0.0,0.0,0.0,0.0,0.0,0.0,0.0,0.0
plot_2293,0.0,15.507422239969607,0.0,0.0,0.0,0.0,0.0,0.0,0.0,0.0,0.0,5.1562178947898945,0.0,0.0,10.508671096604507,19.541744551386802,2.25
plot_1449,1.6176622838803187,3.2353245677606375,3.2353245677606375,12.94129827104255,1.6176622838803187,0.0,3.2353245677606375,0.0,0.0,0.0,0.0,0.0,0.0,0.0,5.423629356700752,5.423629356700752,3.65
plot_2193,0.0,0.0,0.0,0.0,0.0,2.6852918509448203,0.0,0.0,0.0,0.0,0.0,0.0,0.0,0.0,0.0,0.0,0.0
plot_2344,0.0,0.0,0.0,44.65780953444233,0.0,0.0,0.0,0.0,0.0,0.0,0.0,0.0,0.0,0.0,0.0,0.0,0.0
plot_2245,0.0,9.100961516584226,0.0,1.5168269194307045,0.0,1.5168269194307045,2.2752403791460565,0.9953959028753577,0.0,0.0,0.0,0.0,0.7584134597153522,0.0,3.534206722273541,5.051033641704246,1.0
plot_1348,0.0,24.514310228595942,6.1285775571489856,0.0,0.0,12.257155114297971,6.1285775571489856,1.00000068219151,0.0,0.0,0.0,0.0,0.0,0.0,17.467669625418417,17.467669625418417,3.25
plot_2097,0.0,0.0,0.0,1.0345947802624147,0.0,2.0691895605248294,1.0345947802624147,0.028470990001513593,0.0,0.0,0.0,0.0,0.0,0.0,1.4329137706634443,1.4329137706634443,3.5
plot_2120,0.0,0.0,0.0,0.0,0.0,0.0,0.0,1.000010018322935,0.0,0.0,0.0,0.0,0.0,0.0,0.0,0.0,0.0
plot_366,0.0,0.0,0.0,0.0,0.0,0.0,0.0,0.8893631389409254,0.0,0.0,0.0,0.0,0.0,0.0,0.0,0.0,0.0
plot_16227,0.0,0.0,0.0,0.0,0.0,0.0,0.0,0.0,0.0,0.0,0.0,0.0,0.0,0.0,0.0,0.0,0.0
plot_1459,0.0,0.0,0.0,0.0,0.0,0.0,0.0,0.0,0.0,0.0,0.0,0.0,0.0,0.0,0.0,0.0,0.0
plot_16224,1.062657472554214,1.062657472554214,0.0,3.187972417662642,3.187972417662642,2.125314945108428,7.438602307879498,0.0,0.0,0.0,0.0,0.0,0.0,0.0,3.1199848332740245,3.1199848332740245,3.5
plot_16220,1.557946657464395,2.3369199861965924,0.0,7.0107599585897775,0.0,1.557946657464395,2.3369199861965924,0.0,0.0,0.0,0.0,0.0,0.0,0.0,0.0,1.293095725695448,35.0
plot_1032,0.0,0.0,0.0,0.0,0.0,0.0,6.648273111059401,0.0,0.0,0.0,0.0,0.0,0.0,0.0,0.0,0.0,0.0
plot_2246,0.0,0.0,0.0,0.0,0.0,0.0,0.0,0.08082319446790197,0.0,0.0,0.0,0.0,0.0,0.0,0.0,0.0,0.0
plot_1270,0.0,0.0,0.0,0.0,0.0,0.0,0.0,0.9540266173901739,0.0,0.0,0.0,0.0,0.0,0.0,0.0,0.0,0.0
plot_2298,0.0,0.0,0.0,1.3235216263433744,0.0,2.647043252686749,0.0,0.0,0.0,0.0,0.0,0.0,0.0,0.0,0.0,0.0,0.0
plot_1652,0.0,0.0,0.0,0.0,0.0,3.3110718933040197,0.0,0.03660851537822505,0.0,0.0,0.0,0.0,0.0,0.0,0.0,0.0,0.0
plot_16219,0.0,0.0,0.0,0.0,0.0,0.0,0.0,0.0,0.0,0.0,0.0,0.0,0.0,0.0,0.0,0.0,0.0
plot_227,56.30736312618481,18.769121042061602,0.0,0.0,6.256373680687201,6.256373680687201,12.512747361374402,0.0,0.0,0.0,0.0,11.084140548939732,8.665077547751773,0.0,0.0,19.749218096691507,3.9
plot_772,0.0,0.0,0.0,35.78329635726043,0.0,0.0,0.0,0.0,0.0,0.0,0.0,0.0,0.0,0.0,0.0,0.0,0.0
plot_773,0.0,0.0,0.0,11.470454975596608,0.0,0.0,0.0,0.0,0.0,0.0,0.0,0.0,0.0,0.0,7.627852558771744,7.627852558771744,3.0
plot_228,71.08078331023208,11.846797218372012,2.961699304593003,2.961699304593003,5.923398609186006,0.0,11.846797218372012,0.0,0.0,0.0,0.0,8.497334400999664,0.0,0.0,0.0,8.497334400999664,3.75
plot_771,0.0,0.0,0.0,0.0,0.0,7.025037232697334,0.0,0.0,0.0,0.0,0.0,0.0,0.0,0.0,0.0,0.0,0.0
plot_774,0.0,0.0,0.0,2.9494696853505737,0.0,0.0,2.9494696853505737,0.0,0.0,0.0,0.0,0.0,0.0,0.0,0.0,0.0,0.0
plot_776,0.0,0.0,0.0,0.0,0.0,26.87124642276532,0.0,0.0,0.0,0.0,0.0,0.0,0.0,0.0,0.0,0.0,0.0
plot_775,0.0,0.0,0.0,2.396116374580081,0.0,0.0,0.0,0.0,0.0,0.0,0.0,0.0,0.0,0.0,0.0,0.0,0.0
plot_761,12.271929597303448,6.817738665168582,0.0,2.7270954660674325,0.0,5.454190932134865,1.3635477330337162,0.3728262741191163,0.0,0.0,0.0,0.0,0.0,0.0,3.9266528708274047,3.9266528708274047,3.25
plot_786,0.0,0.0,0.0,3.3900833282482083,3.3900833282482083,0.0,0.0,0.0,0.0,0.0,0.0,0.0,0.0,0.0,4.695265409623769,4.695265409623769,3.5
plot_791,0.0,0.0,0.0,0.0,0.0,0.0,0.0,0.0,0.0,0.0,0.0,0.0,0.0,0.0,0.0,0.0,0.0
plot_245,0.0,0.0,0.0,0.0,0.0,0.0,0.0,0.0,0.0,0.0,0.0,0.0,0.0,0.0,0.0,0.0,0.0
plot_19713,0.0,0.0,0.0,0.0,0.8159302216474447,0.0,0.0,0.0,0.0,0.0,0.0,0.0,0.0,0.0,0.8159302216474447,0.8159302216474447,0.0
plot_19917,0.0,0.0,0.0,4.969388566430786,0.0,0.0,0.0,0.0,0.0,0.0,0.0,0.0,0.0,0.0,0.0,0.0,0.0
plot_16181,0.0,0.0,0.0,4.326906434975251,0.0,0.0,0.0,0.0,0.0,0.0,0.0,0.0,0.0,0.0,0.0,0.0,0.0
plot_221,11.654216079155436,1.6648880113079194,6.659552045231678,1.6648880113079194,0.0,0.0,11.654216079155436,0.0,0.0,0.0,0.0,0.0,0.0,0.0,5.4408902079273105,7.655191262966843,3.6666666666666665
plot_244,1.6404334025049419,11.483033817534592,1.6404334025049419,1.6404334025049419,1.6404334025049419,13.123467220039535,13.123467220039535,0.0,0.0,0.0,0.0,2.344179332179562,0.0,2.7231194481582035,6.478573547248454,11.545872327586219,9.379999999999999
plot_2296,0.0,9.453940402359704,4.726970201179852,0.0,0.0,9.453940402359704,28.36182120707911,0.0,0.0,0.0,0.0,0.0,0.0,0.0,9.453940402359704,9.453940402359704,0.0
plot_1693,0.0,0.0,0.0,0.0,0.0,0.0,0.0,0.0,0.0,0.0,0.0,0.0,0.0,0.0,0.0,0.0,0.0
plot_5926,0.0,0.0,0.0,0.0,0.0,2.843971207635494,0.0,0.0,0.0,0.0,0.0,0.0,0.0,0.0,4.241871087431918,4.241871087431918,3.0
plot_3013,0.49389911122854935,0.0,0.0,0.49389911122854935,0.0,2.4694955561427467,0.9877982224570987,0.0,0.0,0.0,0.0,0.7190158836467055,0.0,0.0,1.17794938028009,1.8969652639267958,2.3333333333333335
plot_1336,0.0,0.0,0.0,0.0,0.0,0.0,0.0,0.0,0.0,0.0,0.0,0.0,0.0,0.0,0.0,0.0,0.0
plot_3017,0.0,0.0,0.0,0.0,0.0,0.0,3.539058822696692,0.0,0.0,0.0,0.0,0.0,0.0,0.0,0.0,0.0,0.0
plot_3012,0.0,0.0,0.0,0.0,0.0,1.9556956702853552,3.9113913405707104,0.0,0.0,0.0,0.0,0.0,0.0,0.0,2.902252374703467,2.902252374703467,4.4
plot_3020,0.0,0.0,0.0,0.0,0.0,0.0,0.8728760742922285,0.0,0.0,0.0,0.0,0.0,0.0,0.0,0.0,0.0,0.0
plot_3018,0.0,0.0,0.9093273341978007,0.0,1.8186546683956013,1.8186546683956013,3.6373093367912026,0.0,0.0,0.0,0.0,0.0,0.0,0.0,0.0,0.0,0.0
plot_3192,0.0,0.0,0.0,0.0,0.0,0.0,0.0,0.0,0.0,0.0,0.0,0.0,0.0,0.0,0.0,0.0,0.0
plot_2929,0.0,0.0,0.0,0.0,0.0,0.0,0.0,0.0,0.0,0.0,0.0,0.0,0.0,0.0,0.0,0.0,0.0
plot_5905,0.0,0.0,0.0,0.0,0.0,5.4610043333069385,0.0,0.0,0.0,0.0,0.0,0.0,0.0,0.0,0.0,0.0,0.0
plot_1461,13.093818299265765,17.45842439902102,21.823030498776276,9.820363724449324,12.002666774326952,17.45842439902102,16.367272874082207,0.0,0.0,0.0,0.0,0.0,1.511244862040257,1.8813008739782506,14.51208329453393,24.962798124332277,14.073333333333332
plot_777,0.0,0.0,0.0,0.0,0.0,0.0,0.0,0.04910467587610711,0.0,0.0,0.0,0.0,0.0,0.0,0.0,0.0,0.0
plot_778,0.0,0.0,0.0,0.0,0.0,4.988974366649704,2.494487183324852,0.8792800178926103,0.0,0.0,0.0,0.0,0.0,0.0,3.7257331975686183,3.7257331975686183,3.0
plot_17182,0.0,20.26271531437603,1.8420650285796392,1.8420650285796392,1.8420650285796392,5.526195085738918,7.368260114318557,0.8896364450708215,0.0,0.0,0.0,0.0,5.720698248581793,0.0,3.0667742991225064,12.471602604863579,2.4
plot_220,0.4152004899365781,2.906403429556047,4.152004899365781,7.4736088188584056,2.491202939619469,4.152004899365781,1.6608019597463124,0.0,0.0,0.0,0.0,0.0,0.0,0.0,6.380573914568003,7.485007217799301,8.225
plot_224,0.0,0.0,4.063141214472909,0.0,0.0,4.063141214472909,0.0,0.0,0.0,0.0,0.0,0.0,0.0,0.0,4.063141214472909,8.126282428945817,0.0
plot_222,4.02773903875994,14.09708663565979,27.187238511629594,16.11095615503976,4.02773903875994,12.08321711627982,80.55478077519881,0.0,0.0,0.0,0.0,1.4974789155571362,2.0733072675396174,3.486838740726643,76.18463442806942,85.02458399431407,5.2254901960784315
plot_223,3.0686424632606784,3.0686424632606784,21.48049724282475,9.205927389782035,12.274569853042713,9.205927389782035,36.82370955912814,0.0,0.0,0.0,0.0,0.0,0.0,0.0,16.65339792565973,16.65339792565973,4.166666666666667
plot_232,58.897392030450995,89.56585651967991,6.2730950091604605,23.34985364520838,9.40964251374069,13.940211131467692,39.38109644639623,0.0,0.0,0.0,0.0,20.78587057438614,71.56679458657264,2.9801767408283477,32.51745037327295,135.6585952134404,4.791287878787879
plot_231,0.0,0.0,0.0,0.0,0.0,0.0,0.0,0.0,0.0,0.0,0.0,0.0,0.0,0.0,0.0,0.0,0.0
plot_2348,2.9013988611042336,5.802797722208467,5.802797722208467,16.44126021292399,0.9671329537014113,6.769930675909879,1.9342659074028226,0.0,0.0,0.0,0.0,0.0,0.0,1.6054407031443427,0.0,1.6054407031443427,40.0
plot_371,0.0,0.0,1.662999752213037,1.662999752213037,0.0,0.0,0.0,0.0,0.0,0.0,0.0,0.0,0.0,0.0,0.0,0.0,0.0
plot_1559,0.0,0.0,0.0,2.207230224044904,0.0,2.207230224044904,0.0,0.0,0.0,0.0,0.0,0.0,0.0,0.0,1.822627595316478,1.822627595316478,4.0
plot_1384,0.0,0.0,0.0,0.0,0.0,0.0,0.0,0.0,0.0,0.0,0.0,0.0,0.0,0.0,6.686589646165953,6.686589646165953,3.5
plot_2295,0.0,0.0,0.899848645457834,0.0,0.0,0.0,0.0,0.0,0.0,0.0,0.0,0.0,0.0,0.0,0.0,0.0,0.0
plot_1558,1.8716322317529894,13.101425622270925,11.229793390517937,1.8716322317529894,3.743264463505979,9.358161158764947,11.229793390517937,0.0,0.0,0.0,0.0,0.0,2.9101817708243436,0.0,5.953018667829495,14.151913150306576,10.5
plot_1625,0.0,0.0,3.6016178467367537,0.0,0.0,0.0,0.0,0.0,0.0,0.0,0.0,0.0,0.0,0.0,0.0,0.0,0.0
plot_1639,0.0,0.0,0.0,1.3363421819973325,0.4454473939991108,0.4454473939991108,1.3363421819973325,0.0,0.0,0.0,0.0,0.0,0.0,0.764797096872305,2.3348486785016136,3.0996457753739186,21.375
plot_2171,2.726034240353076,2.044525680264807,6.133577040794421,8.859611281147497,1.363017120176538,6.133577040794421,3.407542800441345,0.0,0.0,0.0,0.0,0.681508560088269,0.0,1.1313042097465267,0.0,3.1758298900113338,8.75
plot_2203,0.9937369727293732,3.4780794045528065,0.0,2.4843424318234333,0.4968684863646866,3.4780794045528065,1.4906054590940598,0.9497994299000211,0.0,0.0,0.0,1.348997940480124,0.4968684863646866,0.0,2.144440217153038,4.67846949761294,2.9285714285714284
plot_2317,0.0,0.0,16.5196418541646,0.0,0.0,0.0,16.5196418541646,1.000007337406427,0.0,0.0,0.0,0.0,0.0,0.0,0.0,0.0,0.0
plot_5906,0.0,0.0,0.0,1.7609168037246912,0.0,0.0,0.0,0.0,0.0,0.0,0.0,0.0,0.0,0.0,0.0,0.0,0.0
plot_5901,0.0,20.76549936872882,20.76549936872882,20.76549936872882,24.91859924247458,0.0,8.306199747491528,0.0,0.0,0.0,0.0,0.0,4.153099873745764,7.166655999921635,6.91484570509763,18.234601578765027,15.666666666666666
plot_5904,0.0,0.0,0.0,0.0,0.0,13.640703860319192,27.281407720638384,0.0,0.0,0.0,0.0,0.0,0.0,0.0,0.0,0.0,0.0
plot_2121,0.0,0.0,0.0,0.0,0.0,1.3184028604068458,0.6592014302034229,0.0,0.0,0.0,0.0,0.0,0.0,0.0,0.6592014302034229,0.6592014302034229,0.0
plot_20018,7.893905904641617,10.52520787285549,5.262603936427745,0.0,2.6313019682138723,0.0,5.262603936427745,0.0,0.0,0.0,0.0,0.0,0.0,0.0,0.0,2.6313019682138723,0.0
plot_3199,0.0,13.632242981098896,6.816121490549448,0.0,0.0,0.0,0.0,0.0,0.0,0.0,0.0,0.0,0.0,0.0,0.0,0.0,0.0
plot_1385,0.0,0.0,0.0,0.0,0.0,0.0,0.0,0.0,0.0,0.0,0.0,0.0,0.0,0.0,0.0,0.0,0.0
plot_2204,0.3207244781091111,4.169418215418444,0.0,1.9243468686546665,0.6414489562182222,2.886520302982,1.9243468686546665,0.0,0.0,0.0,0.0,0.0,0.0,0.5671444438044776,1.5927577896429004,2.159902233447378,13.625
plot_16092,0.0,0.0,0.0,6.23591722027754,0.0,8.314556293703387,4.157278146851693,0.0,0.0,0.0,0.0,2.764589967656376,0.0,3.4505408618869056,0.0,6.215130829543281,21.5
plot_375,0.0,0.0,1.576476449018328,0.0,1.576476449018328,1.576476449018328,3.152952898036656,0.0,0.0,0.0,0.0,0.0,0.0,0.0,2.0967136771943764,2.0967136771943764,3.0
plot_233,2.79875287571858,0.0,2.79875287571858,25.18877588146722,0.0,11.19501150287432,0.0,0.0,0.0,0.0,0.0,4.286224070312385,0.0,0.0,18.149912399034992,22.43613646934737,2.9166666666666665
plot_5925,1.3918465628349133,1.3918465628349133,1.3918465628349133,0.0,0.0,1.3918465628349133,1.3918465628349133,0.0,0.0,0.0,0.0,0.0,1.3918465628349133,0.0,1.8511559285704347,7.418542179910087,0.6
plot_218,0.0,0.0,0.0,0.0,0.0,0.0,0.0,0.0,0.0,0.0,0.0,0.0,0.0,0.0,0.0,0.0,0.0
plot_234,0.0,9.64348052499108,9.64348052499108,9.64348052499108,0.0,14.46522078748662,0.0,0.0,0.0,0.0,0.0,0.0,4.82174026249554,0.0,12.825829098238136,17.647569360733677,2.0
plot_2158,0.0,0.0,0.0,8.499787505312367,0.0,8.499787505312367,0.0,0.9999973806821375,0.0,0.0,0.0,0.0,0.0,0.0,27.379360892993457,27.379360892993457,3.75
plot_2157,0.0,0.0,0.0,0.0,0.0,0.0,0.0,0.999993725415828,0.0,0.0,0.0,0.0,0.0,0.0,17.79201138688729,17.79201138688729,0.0
plot_217,0.0,7.09241655180892,2.3641388506029735,0.0,4.728277701205947,7.09241655180892,4.728277701205947,0.0,0.0,0.0,0.0,0.0,0.0,0.0,0.0,0.0,0.0
plot_235,0.0,0.0,0.0,0.0,2.8440278259682494,11.376111303872998,2.8440278259682494,0.0,0.0,0.0,0.0,0.0,0.0,0.0,0.0,0.0,0.0
plot_2170,0.0,0.0,0.0,1.0681238724617372,1.0681238724617372,0.0,0.5340619362308686,1.000000244183589,0.0,0.0,0.0,0.0,0.0,0.0,1.727806357730862,1.727806357730862,4.0
plot_2320,0.0,17.82992038940546,0.0,8.91496019470273,0.0,0.0,17.82992038940546,1.000001924266683,0.0,0.0,0.0,0.0,0.0,0.0,0.0,0.0,0.0
plot_16226,0.0,0.0,0.0,0.0,0.0,0.0,0.0,0.0,0.0,0.0,0.0,0.0,0.0,0.0,0.0,0.0,0.0
plot_2347,0.0,0.0,0.0,2.71437819702857,1.357189098514285,5.42875639405714,0.0,0.0,0.0,0.0,0.0,0.0,0.0,0.0,0.0,0.0,0.0
plot_1406,0.0,0.0,0.0,33.890263327346055,0.0,23.72318432914224,10.167078998203817,0.0,0.0,0.0,0.0,0.0,0.0,0.0,4.507405022537025,4.507405022537025,3.0
plot_2200,0.0,0.0,0.3362183105836817,9.077894385759405,0.3362183105836817,3.025964795253135,1.008654931751045,0.0,0.0,0.0,0.0,0.0,0.0,0.0,0.9498167273989008,0.9498167273989008,3.75
plot_1582,0.0,0.0,0.0,0.0,0.0,0.0,0.0,0.0,0.0,0.0,0.0,0.0,0.0,0.0,0.0,0.0,0.0
plot_1626,0.0,0.0,0.0,0.0,0.0,0.0,0.0,0.0,0.0,0.0,0.0,0.0,0.0,0.0,0.0,0.0,0.0
plot_1407,0.0,0.0,0.49589916188082656,0.0,0.0,0.0,0.0,0.0,0.0,0.0,0.0,0.0,0.0,0.0,0.0,0.0,0.0
plot_2117,0.0,0.0,0.0,1.3257447702683174,0.18939211003833106,0.18939211003833106,0.0,0.0,0.0,0.0,0.0,0.0,0.0,0.0,0.2980491926111688,0.2980491926111688,4.0
plot_1561,0.0,0.0,0.0,0.0,0.0,0.0,0.0,0.0,0.0,0.0,0.0,0.0,0.0,0.0,0.0,0.0,0.0
plot_2098,0.0,0.0,0.0,0.0,0.0,0.0,0.0,0.0,0.0,0.0,0.0,0.0,0.0,0.0,0.0,0.0,0.0
plot_2319,0.0,0.0,0.0,0.0,0.0,0.0,0.0,0.965320086174368,0.0,0.0,0.0,0.0,0.0,0.0,0.0,0.0,0.0
plot_2318,0.0,1.4630321047765071,0.0,2.9260642095530143,0.0,2.9260642095530143,0.0,0.03279079919072834,0.0,0.0,0.0,0.0,0.0,0.0,1.9458326993527546,1.9458326993527546,3.0
plot_1269,0.0,0.0,0.0,15.193181300232455,0.0,7.5965906501162275,7.5965906501162275,1.000002660579559,0.0,0.0,0.0,0.0,0.0,0.0,0.0,0.0,0.0
plot_2321,0.0,0.0,0.0,1.1024762719544368,0.0,3.3074288158633105,1.1024762719544368,0.0,0.0,0.0,0.0,0.0,0.0,0.0,1.526929636656895,1.526929636656895,3.5
plot_2119,0.0,0.4362080607759967,0.0,1.7448322431039869,0.8724161215519934,3.053456425431977,0.0,0.9852603693109668,0.0,0.0,0.0,0.0,0.6041481641747555,0.0,0.6494383536032784,1.2535865177780336,3.25
plot_15637,0.0,0.0,25.359952830487735,6.339988207621934,0.0,12.679976415243868,0.0,0.0,0.0,0.0,0.0,0.0,0.0,0.0,8.780883667556378,8.780883667556378,3.5
plot_2363,0.0,0.0,0.0,0.0,0.0,10.5672499788655,0.0,0.008410512285547565,0.0,0.0,0.0,0.0,0.0,0.0,0.0,0.0,0.0
plot_2362,0.0,0.0,0.0,0.0,0.0,0.0,0.0,0.058007644421489424,0.0,0.0,0.0,0.0,0.0,0.0,0.0,0.0,0.0
plot_1627,0.0,0.0,0.0,72.90223809870965,0.0,0.0,36.45111904935482,0.9999174118744582,0.0,0.0,0.0,0.0,0.0,0.0,30.2544288109645,48.47998833564191,15.0
plot_2057,0.0,0.0,0.0,0.0,0.0,0.0,0.0,0.9990630305089636,0.0,0.0,0.0,0.0,0.0,0.0,0.0,0.0,0.0
plot_1267,0.0,1.4671490652793306,0.0,0.0,1.4671490652793306,1.4671490652793306,1.4671490652793306,0.9959260982497365,0.0,0.0,0.0,0.0,0.0,0.0,3.9026165136430198,6.338083962006709,15.333333333333334
plot_1268,0.0,0.0,0.0,0.0,0.0,0.0,0.0,0.9999928232673772,0.0,0.0,0.0,0.0,0.0,0.0,0.0,0.0,0.0
plot_1560,0.0,0.0,5.710206995003569,0.0,2.2840827980014278,0.0,1.1420413990007139,0.0,0.0,0.0,0.0,0.0,0.0,0.0,1.5817273376159886,1.5817273376159886,3.5
plot_15639,0.0,0.0,0.0,1.6049844396758572,0.0,1.6049844396758572,0.0,0.21289837831593592,0.0,0.0,0.0,0.0,0.0,0.0,2.222903448951062,3.827887888626919,1.75
plot_2322,0.0,0.0,0.0,0.0,0.0,0.0,0.0,0.13003293534699484,0.0,0.0,0.0,0.0,0.0,0.0,0.0,0.0,0.0
plot_2118,2.313661554502925,3.470492331754388,0.0,1.1568307772514625,0.3856102590838209,1.5424410363352836,0.7712205181676418,0.0,0.0,0.0,0.0,0.3856102590838209,0.0,0.0,1.4537506767460047,3.1446516628285592,1.5
plot_2277,0.0,0.0,0.0,3.0324625111822052,0.0,6.0649250223644104,0.0,0.00025605943595276125,0.0,0.0,0.0,0.0,0.0,0.0,4.033175139872333,4.033175139872333,3.0
plot_2201,0.0,0.0,0.0,0.0,0.0,0.0,0.0,0.0,0.0,0.0,0.0,0.0,0.0,0.0,0.0,0.0,0.0
plot_2342,12.97319737422485,25.9463947484497,0.0,0.0,12.97319737422485,0.0,25.9463947484497,0.0,0.0,0.0,0.0,18.510708295539512,0.0,0.0,0.0,18.510708295539512,3.5
plot_2276,4.033721915211165,12.101165745633496,8.06744383042233,8.06744383042233,4.033721915211165,12.101165745633496,12.101165745633496,0.0,0.0,0.0,0.0,0.0,0.0,0.0,0.0,0.0,0.0
plot_1594,0.0,0.23481662035169734,0.23481662035169734,5.792143302008535,0.23481662035169734,1.1740831017584867,0.07827220678389912,0.00013931189518913428,0.0,0.0,0.06540724746286311,0.112558210993291,0.07827220678389912,0.07827220678389912,0.4004330990482325,0.6695357236093217,1.9285714285714286
plot_648,59.53178253039842,14.882945632599604,0.0,0.0,0.0,14.882945632599604,59.53178253039842,0.0,0.0,0.0,0.0,20.61287970115045,0.0,0.0,0.0,20.61287970115045,3.5
plot_928,0.0,0.0,0.0,0.0,0.0,0.0,0.0,0.02090589937390417,0.5252757385123784,0.0,0.0,0.0,0.0,0.0,0.0,0.0,0.0
plot_15658,0.0,0.0,4.907397410857126,0.0,0.0,0.0,0.0,0.06639324442165881,0.0,0.0,0.0,0.0,0.0,0.0,12.213115467164238,12.213115467164238,1.5
plot_2341,0.0,0.0,0.0,0.0,0.0,0.0,0.0,0.0,0.0,0.0,0.0,4.499932331844635,0.0,0.0,0.0,4.499932331844635,3.0
plot_373,0.0,0.0,0.0,0.0,0.0,0.0,0.0,0.0,0.0,0.0,0.0,0.0,0.0,0.0,0.0,0.0,0.0
plot_16091,0.0,0.0,0.0,0.0,0.0,0.0,0.0,0.0,0.0,0.0,0.0,0.0,0.0,0.0,0.0,0.0,0.0
plot_365,0.0,0.0,0.0,0.0,0.0,0.0,0.0,0.05964024933969772,0.0,0.0,0.0,0.0,0.0,0.0,0.0,0.0,0.0
plot_290,0.0,0.0,0.0,0.0,0.0,0.0,0.0,0.9978960656226215,0.0,0.0,0.0,0.0,0.0,0.0,0.0,0.0,0.0
