{
  "type": "FeatureCollection",
  "name": "Z_CBD",
  "features": [
    {
      "type": "Feature",
      "geometry": {
        "type": "LineString",
        "coordinates": [
          [
            746.3045785680449,
            2830.225927025329
          ],
          [
            747.4965915814639,
            2829.18774234934
          ]
        ]
      },
      "properties": {
        "layer": "Z_CBD",
        "dxftype": "POLYLINE",
        "handle": "62",
        "color": 256
      }
    },
    {
      "type": "Feature",
      "geometry": {
        "type": "LineString",
        "coordinates": [
          [
            747.4965915814639,
            2829.18774234934
          ],
          [
            747.629684019614,
            2829.07583510696
          ],
          [
            747.7665872353612,
            2828.968623458769
          ],
          [
            747.9071356479457,
            2828.866237074373
          ],
          [
            748.0511592678407,
            2828.768799787351
          ],
          [
            748.1984839023494,
            2828.676429445484
          ],
          [
            748.3489313662863,
            2828.589237768216
          ],
          [
            748.5023196974881,
            2828.507330211538
          ],
          [
            748.6584633768911,
            2828.430805840438
          ],
          [
            748.8171735529124,
            2828.359757209086
          ],
          [
            748.9782582698605,
            2828.294270248891
          ],
          [
            749.1415227000999,
            2828.234424164571
          ],
          [
            749.306769379691,
            2828.180291338357
          ],
          [
            749.4737984472168,
            2828.131937242447
          ],
          [
            749.6424078855099,
            2828.08942035982
          ],
          [
            749.8123937659868,
            2828.052792113503
          ],
          [
            749.9835504952948,
            2828.022096804376
          ],
          [
            750.1556710639701,
            2827.997371557589
          ],
          [
            750.3285472968117,
            2827.978646277664
          ],
          [
            750.501970104663,
            2827.965943612322
          ],
          [
            750.6757297372995,
            2827.959278925099
          ],
          [
            750.8496160371164,
            2827.958660276751
          ],
          [
            751.0234186933083,
            2827.96408841552
          ],
          [
            751.196927496234,
            2827.975556776216
          ],
          [
            751.3699325916608,
            2827.993051488165
          ],
          [
            751.5422247345758,
            2828.016551391984
          ],
          [
            751.7135955422639,
            2828.046028065171
          ]
        ]
      },
      "properties": {
        "layer": "Z_CBD",
        "dxftype": "POLYLINE",
        "handle": "66",
        "color": 256
      }
    },
    {
      "type": "Feature",
      "geometry": {
        "type": "LineString",
        "coordinates": [
          [
            751.7135955422639,
            2828.046028065171
          ],
          [
            758.775756966658,
            2829.431176445597
          ],
          [
            773.902111316467,
            2832.727445781886
          ],
          [
            787.6978618858617,
            2836.170429588686
          ],
          [
            800.5802822639725,
            2839.773788099823
          ],
          [
            812.9666460399305,
            2843.551181549127
          ],
          [
            870.7173233245403,
            2863.201278004025
          ],
          [
            936.4184258452615,
            2887.286119959727
          ],
          [
            965.7403263614991,
            2899.029703688517
          ]
        ]
      },
      "properties": {
        "layer": "Z_CBD",
        "dxftype": "POLYLINE",
        "handle": "83",
        "color": 256
      }
    },
    {
      "type": "Feature",
      "geometry": {
        "type": "LineString",
        "coordinates": [
          [
            965.7403263614991,
            2899.029703688517
          ],
          [
            965.8993742409118,
            2899.098326357325
          ],
          [
            966.0559496625402,
            2899.172417085232
          ],
          [
            966.2098647026933,
            2899.251886947662
          ],
          [
            966.3609346307012,
            2899.336640563937
          ],
          [
            966.5089781306318,
            2899.426576211753
          ],
          [
            966.6538175189081,
            2899.521585949273
          ],
          [
            966.7952789575663,
            2899.621555744676
          ],
          [
            966.933192662898,
            2899.726365613016
          ],
          [
            967.0673931092267,
            2899.83588976024
          ],
          [
            967.1977192275737,
            2899.949996734157
          ],
          [
            967.3240145989749,
            2900.068549582215
          ],
          [
            967.4461276422173,
            2900.191406015869
          ],
          [
            967.5639117957675,
            2900.318418581359
          ],
          [
            967.6772256936777,
            2900.449434836688
          ],
          [
            967.7859333352538,
            2900.58429753458
          ],
          [
            967.8899042482864,
            2900.722844811216
          ],
          [
            967.9890136456432,
            2900.864910380498
          ],
          [
            968.0831425750421,
            2901.010323733634
          ],
          [
            968.1721780618175,
            2901.15891034378
          ],
          [
            968.2560132445146,
            2901.310491875511
          ],
          [
            968.3345475031458,
            2901.464886398864
          ],
          [
            968.4076865799558,
            2901.621908607686
          ],
          [
            968.4753426925511,
            2901.781370042046
          ],
          [
            968.537434639257,
            2901.943079314428
          ],
          [
            968.5938878965776,
            2902.10684233943
          ],
          [
            968.6446347086389,
            2902.272462566714
          ],
          [
            968.6896141685113,
            2902.439741216904
          ],
          [
            968.7287722913094,
            2902.608477520168
          ],
          [
            968.7620620789866,
            2902.778468957177
          ],
          [
            968.7894435767421,
            2902.949511502178
          ],
          [
            968.8108839209754,
            2903.121399867867
          ],
          [
            968.8263573787289,
            2903.293927751773
          ],
          [
            968.8358453785742,
            2903.466888083869
          ],
          [
            968.8393365329001,
            2903.640073275099
          ],
          [
            968.8368266515818,
            2903.813275466528
          ],
          [
            968.8283187470088,
            2903.986286778816
          ],
          [
            968.8138230304695,
            2904.158899561721
          ],
          [
            968.7933568998965,
            2904.330906643317
          ],
          [
            968.7669449189839,
            2904.502101578652
          ],
          [
            968.7346187877067,
            2904.672278897518
          ],
          [
            968.6964173042738,
            2904.841234351066
          ],
          [
            968.652386318562,
            2905.008765156941
          ],
          [
            968.6025786770863,
            2905.174670242669
          ],
          [
            968.5470541595727,
            2905.338750486985
          ],
          [
            968.4858794072105,
            2905.50080895882
          ],
          [
            968.4191278426683,
            2905.66065115366
          ],
          [
            968.3468795819713,
            2905.818085226993
          ],
          [
            968.2692213383447,
            2905.972922224564
          ],
          [
            968.1862463181402,
            2906.124976309158
          ],
          [
            968.0980541089681,
            2906.274064983649
          ],
          [
            968.0047505601714,
            2906.420009310026
          ],
          [
            967.9064476557838,
            2906.562634124168
          ],
          [
            967.8032633801255,
            2906.701768246068
          ],
          [
            967.6953215761965,
            2906.837244685291
          ],
          [
            967.5827517970394,
            2906.968900841396
          ],
          [
            967.4656891502474,
            2907.096578699093
          ],
          [
            967.3442741358078,
            2907.220125017891
          ],
          [
            967.2186524774711,
            2907.339391516023
          ],
          [
            967.0889749478522,
            2907.454235048413
          ],
          [
            966.9553971874711,
            2907.564517778483
          ],
          [
            966.8180795179512,
            2907.670107343581
          ],
          [
            966.6771867496001,
            2907.77087701385
          ],
          [
            966.532887983601,
            2907.86670584433
          ],
          [
            966.3853564090564,
            2907.957478820112
          ],
          [
            966.2347690951245,
            2908.043086994388
          ],
          [
            966.0813067784983,
            2908.123427619202
          ],
          [
            965.9251536464828,
            2908.198404268779
          ],
          [
            965.7664971159329,
            2908.267926955247
          ],
          [
            965.6055276083114,
            2908.331912236649
          ],
          [
            965.442438321144,
            2908.390283317084
          ],
          [
            965.2774249961412,
            2908.442970138885
          ],
          [
            965.110685684267,
            2908.4899094667
          ],
          [
            964.942420508035,
            2908.531044963385
          ]
        ]
      },
      "properties": {
        "layer": "Z_CBD",
        "dxftype": "POLYLINE",
        "handle": "8E",
        "color": 256
      }
    },
    {
      "type": "Feature",
      "geometry": {
        "type": "LineString",
        "coordinates": [
          [
            964.942420508035,
            2908.531044963385
          ],
          [
            959.5555291288406,
            2909.683559387928
          ],
          [
            953.9425032605444,
            2910.762653127881
          ],
          [
            942.169027926873,
            2912.714616571395
          ],
          [
            929.8839542474753,
            2914.415011328673
          ],
          [
            917.3492419628059,
            2915.891913434468
          ],
          [
            869.9532015804987,
            2920.126116037775
          ],
          [
            830.5103233345586,
            2923.05273246243
          ],
          [
            816.1196822624995,
            2923.787713473797
          ],
          [
            809.6262263766506,
            2923.968254912648
          ],
          [
            803.3603622147136,
            2924.02230944348
          ],
          [
            797.1743737110805,
            2923.951682510918
          ],
          [
            791.0506346663353,
            2923.770963928481
          ],
          [
            779.0494900220378,
            2923.150395436942
          ],
          [
            740.860413417051,
            2920.186555492935
          ],
          [
            735.7184583121859,
            2919.967434795331
          ],
          [
            730.5042297616747,
            2919.888541725279
          ],
          [
            725.1580285719022,
            2919.98133076709
          ],
          [
            722.4167822392881,
            2920.10193560629
          ],
          [
            719.6201555492531,
            2920.277256405072
          ],
          [
            716.7606861025953,
            2920.511224973975
          ],
          [
            713.8309115001127,
            2920.807773123537
          ],
          [
            709.0064302665808,
            2921.416067007725
          ],
          [
            703.945361955632,
            2922.196709588244
          ],
          [
            698.6078311842195,
            2923.153810140074
          ],
          [
            692.9539625692959,
            2924.291477938197
          ],
          [
            680.5377102767254,
            2927.124952373247
          ],
          [
            666.3776020135423,
            2930.73000709324
          ]
        ]
      },
      "properties": {
        "layer": "Z_CBD",
        "dxftype": "POLYLINE",
        "handle": "DA",
        "color": 256
      }
    },
    {
      "type": "Feature",
      "geometry": {
        "type": "LineString",
        "coordinates": [
          [
            666.3776020135423,
            2930.73000709324
          ],
          [
            666.2082261460207,
            2930.771634719473
          ],
          [
            666.03750144394,
            2930.807329535117
          ],
          [
            665.8656356522453,
            2930.83704810523
          ],
          [
            665.6928379044074,
            2930.860754267016
          ],
          [
            665.5193184679405,
            2930.878419173827
          ],
          [
            665.3452884885393,
            2930.890021330267
          ],
          [
            665.1709597331485,
            2930.895546618348
          ],
          [
            664.9965443322764,
            2930.894988314668
          ],
          [
            664.8222545218641,
            2930.888347098595
          ],
          [
            664.64830238503,
            2930.875631051438
          ],
          [
            664.4748995939967,
            2930.856855646613
          ],
          [
            664.3022571525203,
            2930.832043730817
          ],
          [
            664.130585139131,
            2930.801225496226
          ],
          [
            663.9600924515024,
            2930.764438443753
          ],
          [
            663.7909865522549,
            2930.721727337421
          ],
          [
            663.6234732165069,
            2930.673144149886
          ],
          [
            663.4577562814793,
            2930.6187479992
          ],
          [
            663.2940373984574,
            2930.558605076869
          ],
          [
            663.1325157874131,
            2930.492788567313
          ],
          [
            662.9733879945867,
            2930.421378558808
          ],
          [
            662.8168476533201,
            2930.344461946035
          ],
          [
            662.6630852484362,
            2930.262132324338
          ],
          [
            662.5122878844488,
            2930.174489875839
          ],
          [
            662.3646390578864,
            2930.081641247528
          ],
          [
            662.2203184340057,
            2929.983699421493
          ],
          [
            662.079501628167,
            2929.880783577437
          ],
          [
            661.9423599921391,
            2929.773018947654
          ],
          [
            661.8090604055903,
            2929.660536664648
          ],
          [
            661.679765073023,
            2929.543473601555
          ],
          [
            661.5546313263958,
            2929.421972205598
          ],
          [
            661.4338114336762,
            2929.296180324749
          ],
          [
            661.3174524135538,
            2929.166251027819
          ],
          [
            661.2056958565425,
            2929.032342418202
          ],
          [
            661.0986777526867,
            2928.894617441486
          ],
          [
            660.9965283260833,
            2928.753243687171
          ],
          [
            660.8993718764193,
            2928.608393184745
          ],
          [
            660.807326627719,
            2928.460242194346
          ],
          [
            660.7205045844842,
            2928.308970992285
          ],
          [
            660.6390113954014,
            2928.154763651677
          ],
          [
            660.5629462247861,
            2927.997807818451
          ],
          [
            660.4924016319133,
            2927.838294483018
          ],
          [
            660.427463458389,
            2927.676417747865
          ],
          [
            660.3682107236939,
            2927.512374591361
          ],
          [
            660.3147155290294,
            2927.34636462807
          ],
          [
            660.2670429695819,
            2927.178589865842
          ],
          [
            660.2252510553121,
            2927.009254460017
          ],
          [
            660.1893906403661,
            2926.838564464985
          ],
          [
            660.159505361194,
            2926.666727583456
          ],
          [
            660.1356315834511,
            2926.493952913725
          ],
          [
            660.117798357747,
            2926.320450695222
          ],
          [
            660.1060273842953,
            2926.146432052691
          ],
          [
            660.100332986508,
            2925.972108739281
          ],
          [
            660.100722093566,
            2925.797692878878
          ],
          [
            660.1071942319876,
            2925.623396707983
          ],
          [
            660.1197415262045,
            2925.449432317453
          ],
          [
            660.1383487081453,
            2925.276011394423
          ],
          [
            660.1629931358141,
            2925.103344964712
          ],
          [
            660.1936448208425,
            2924.931643136039
          ],
          [
            660.2302664649803,
            2924.761114842361
          ],
          [
            660.272813505482,
            2924.591967589621
          ],
          [
            660.3212341693323,
            2924.424407203263
          ],
          [
            660.375469536246,
            2924.258637577758
          ],
          [
            660.4354536103641,
            2924.094860428507
          ],
          [
            660.501113400561,
            2923.933275046384
          ],
          [
            660.5723690092625,
            2923.774078055228
          ],
          [
            660.6491337296692,
            2923.617463172586
          ],
          [
            660.731314151264,
            2923.463620973983
          ]
        ]
      },
      "properties": {
        "layer": "Z_CBD",
        "dxftype": "POLYLINE",
        "handle": "F8",
        "color": 256
      }
    },
    {
      "type": "Feature",
      "geometry": {
        "type": "LineString",
        "coordinates": [
          [
            660.7313141512639,
            2923.463620973982
          ],
          [
            662.9101664324792,
            2919.693859107419
          ],
          [
            665.1037120161327,
            2916.141764810011
          ],
          [
            667.4361604298205,
            2912.574970315692
          ],
          [
            669.8992639517751,
            2908.997944907636
          ],
          [
            672.4847157193674,
            2905.415077714593
          ],
          [
            675.1841288783817,
            2901.830588675504
          ],
          [
            677.9891043738053,
            2898.248613992269
          ],
          [
            683.8819134296893,
            2891.108229551784
          ],
          [
            690.0954377587034,
            2884.025174078947
          ],
          [
            696.561872503756,
            2877.029628961908
          ],
          [
            706.587510109834,
            2866.764407461001
          ],
          [
            720.2087003686304,
            2853.652482319986
          ],
          [
            743.2333253842091,
            2832.907165810366
          ],
          [
            746.3045785680449,
            2830.225927025329
          ]
        ]
      },
      "properties": {
        "layer": "Z_CBD",
        "dxftype": "POLYLINE",
        "handle": "13E",
        "color": 256
      }
    },
    {
      "type": "Feature",
      "geometry": {
        "type": "LineString",
        "coordinates": [
          [
            612.8813394544843,
            2810.243827847467
          ],
          [
            612.1801541667035,
            2804.939842114017
          ]
        ]
      },
      "properties": {
        "layer": "Z_CBD",
        "dxftype": "POLYLINE",
        "handle": "19D",
        "color": 256
      }
    },
    {
      "type": "Feature",
      "geometry": {
        "type": "LineString",
        "coordinates": [
          [
            612.1801541667035,
            2804.939842114017
          ],
          [
            625.1130472659847,
            2800.727775872477
          ],
          [
            640.4872294050799,
            2796.051161352322
          ],
          [
            663.0710893581078,
            2789.858051173183
          ],
          [
            750.677561483486,
            2769.259107566875
          ]
        ]
      },
      "properties": {
        "layer": "Z_CBD",
        "dxftype": "POLYLINE",
        "handle": "1A1",
        "color": 256
      }
    },
    {
      "type": "Feature",
      "geometry": {
        "type": "LineString",
        "coordinates": [
          [
            750.677561483486,
            2769.259107566875
          ],
          [
            750.84557737913,
            2769.222680303529
          ],
          [
            751.0147462819345,
            2769.192050758512
          ],
          [
            751.1848681917159,
            2769.167255143649
          ],
          [
            751.3557419815962,
            2769.148322773595
          ],
          [
            751.527165635787,
            2769.135276031169
          ],
          [
            751.6989364884212,
            2769.128130340902
          ],
          [
            751.8708514631559,
            2769.126894150799
          ],
          [
            752.04270731326,
            2769.131568922345
          ],
          [
            752.2143008619024,
            2769.142149128785
          ],
          [
            752.3854292423583,
            2769.158622261655
          ],
          [
            752.5558901378487,
            2769.18096884557
          ],
          [
            752.7254820207295,
            2769.209162461247
          ],
          [
            752.8940043907483,
            2769.243169776744
          ],
          [
            753.0612580120857,
            2769.282950586861
          ],
          [
            753.2270451489022,
            2769.328457860677
          ],
          [
            753.391169799112,
            2769.379637797151
          ],
          [
            753.5534379261065,
            2769.436429888728
          ],
          [
            753.7136576881544,
            2769.498766992875
          ],
          [
            753.8716396652065,
            2769.566575411458
          ],
          [
            754.0271970828386,
            2769.639774977875
          ],
          [
            754.1801460330654,
            2769.718279151831
          ],
          [
            754.330305691766,
            2769.801995121651
          ],
          [
            754.4774985324631,
            2769.890823914008
          ],
          [
            754.6215505362051,
            2769.98466051093
          ],
          [
            754.7622913972988,
            2770.083393973963
          ],
          [
            754.8995547246548,
            2770.186907575327
          ],
          [
            755.0331782385025,
            2770.295078935913
          ],
          [
            755.1630039622466,
            2770.407780169972
          ],
          [
            755.2888784092348,
            2770.524878036303
          ],
          [
            755.4106527642172,
            2770.646234095784
          ],
          [
            755.5281830592835,
            2770.771704875034
          ],
          [
            755.6413303440704,
            2770.901142036041
          ],
          [
            755.749960850034,
            2771.03439255153
          ],
          [
            755.853946148599,
            2771.171298885884
          ],
          [
            755.9531633029939,
            2771.311699181389
          ],
          [
            756.0474950135921,
            2771.455427449588
          ],
          [
            756.13682975659,
            2771.602313767526
          ],
          [
            756.2210619158568,
            2771.752184478639
          ],
          [
            756.3000919077986,
            2771.904862398056
          ],
          [
            756.3738262990912,
            2772.060167022086
          ],
          [
            756.4421779171423,
            2772.217914741606
          ],
          [
            756.5050659531511,
            2772.377919059144
          ],
          [
            756.5624160576447,
            2772.539990809362
          ],
          [
            756.6141604283779,
            2772.703938382693
          ],
          [
            756.6602378904923,
            2772.869567951881
          ],
          [
            756.700593968841,
            2773.036683701121
          ],
          [
            756.7351809523907,
            2773.205088057576
          ],
          [
            756.7639579506298,
            2773.374581924947
          ],
          [
            756.7868909419093,
            2773.544964918861
          ],
          [
            756.803952813667,
            2773.716035603773
          ],
          [
            756.8151233944799,
            2773.887591731114
          ],
          [
            756.8203894779124,
            2774.059430478402
          ],
          [
            756.8197448381296,
            2774.231348689024
          ]
        ]
      },
      "properties": {
        "layer": "Z_CBD",
        "dxftype": "POLYLINE",
        "handle": "1A8",
        "color": 256
      }
    },
    {
      "type": "Feature",
      "geometry": {
        "type": "LineString",
        "coordinates": [
          [
            756.8197448381296,
            2774.231348689024
          ],
          [
            756.6196731439845,
            2780.577504173498
          ],
          [
            756.294966017346,
            2786.462421561994
          ],
          [
            755.845623458214,
            2791.886100854514
          ],
          [
            755.5742138914629,
            2794.424976214782
          ],
          [
            755.2716454665883,
            2796.848542051056
          ],
          [
            754.9379181835905,
            2799.156798363336
          ],
          [
            754.5730320424692,
            2801.349745151622
          ],
          [
            754.1769870432245,
            2803.427382415913
          ],
          [
            753.7497831858566,
            2805.38971015621
          ],
          [
            753.2914204703651,
            2807.236728372512
          ],
          [
            752.8018988967503,
            2808.96843706482
          ],
          [
            752.5454535381466,
            2809.791050339477
          ],
          [
            752.281218465012,
            2810.584836233135
          ],
          [
            752.0091936773466,
            2811.349794745794
          ],
          [
            751.7293791751505,
            2812.085925877454
          ]
        ]
      },
      "properties": {
        "layer": "Z_CBD",
        "dxftype": "POLYLINE",
        "handle": "1E0",
        "color": 256
      }
    },
    {
      "type": "Feature",
      "geometry": {
        "type": "LineString",
        "coordinates": [
          [
            751.7293791751505,
            2812.085925877454
          ],
          [
            751.6627167260435,
            2812.247183453557
          ],
          [
            751.5904680572472,
            2812.406016755572
          ],
          [
            751.5127211615362,
            2812.562232337954
          ],
          [
            751.4295707280615,
            2812.715639943321
          ],
          [
            751.3411180270265,
            2812.866052734171
          ],
          [
            751.2474707863485,
            2813.013287520431
          ],
          [
            751.148743060455,
            2813.157164982569
          ],
          [
            751.0450550913756,
            2813.297509889993
          ],
          [
            750.9365331622971,
            2813.434151314461
          ],
          [
            750.8233094437609,
            2813.566922838262
          ],
          [
            750.705521832691,
            2813.695662756897
          ],
          [
            750.5833137844469,
            2813.82021427602
          ],
          [
            750.4568341381068,
            2813.940425702404
          ],
          [
            750.3262369351952,
            2814.056150628687
          ],
          [
            750.191681232072,
            2814.167248111686
          ],
          [
            750.0533309062162,
            2814.273582844051
          ],
          [
            749.9113544566367,
            2814.375025319063
          ],
          [
            749.765924798655,
            2814.471451988355
          ],
          [
            749.6172190533078,
            2814.562745412392
          ],
          [
            749.465418331631,
            2814.648794403496
          ],
          [
            749.3107075140788,
            2814.729494161264
          ],
          [
            749.1532750253566,
            2814.80474640021
          ],
          [
            748.9933126049361,
            2814.874459469465
          ],
          [
            748.8310150735314,
            2814.938548464397
          ],
          [
            748.6665800958244,
            2814.996935330028
          ],
          [
            748.5002079397267,
            2815.049548956086
          ],
          [
            748.3321012324689,
            2815.09632526362
          ],
          [
            748.1624647138185,
            2815.137207283039
          ],
          [
            747.9915049867244,
            2815.172145223498
          ],
          [
            747.819430265691,
            2815.201096533536
          ],
          [
            747.6464501231918,
            2815.224025952903
          ],
          [
            747.4727752344265,
            2815.240905555505
          ],
          [
            747.2986171207376,
            2815.25171478341
          ],
          [
            747.1241878919943,
            2815.256440471893
          ],
          [
            746.9496999882615,
            2815.255076865464
          ],
          [
            746.7753659210647,
            2815.247625624881
          ],
          [
            746.60139801457,
            2815.234095825125
          ],
          [
            746.4280081469905,
            2815.214503944349
          ],
          [
            746.2554074925366,
            2815.188873843809
          ],
          [
            746.0838062642239,
            2815.157236738803
          ]
        ]
      },
      "properties": {
        "layer": "Z_CBD",
        "dxftype": "POLYLINE",
        "handle": "1F2",
        "color": 256
      }
    },
    {
      "type": "Feature",
      "geometry": {
        "type": "LineString",
        "coordinates": [
          [
            746.0838062642239,
            2815.157236738803
          ],
          [
            733.1930780716903,
            2812.668655692275
          ],
          [
            720.5116658557123,
            2810.508944547396
          ],
          [
            708.0845933386496,
            2808.752836405493
          ],
          [
            701.980504380449,
            2808.049487554821
          ],
          [
            695.9568842428623,
            2807.475064367891
          ],
          [
            687.8329795931372,
            2806.904625977535
          ],
          [
            679.9048714083867,
            2806.564891911905
          ],
          [
            672.2061316726133,
            2806.426041773817
          ],
          [
            664.7703323698202,
            2806.458255166086
          ],
          [
            657.6310454840097,
            2806.631711691529
          ],
          [
            650.821842999185,
            2806.916590952963
          ],
          [
            638.327979168504,
            2807.701336095067
          ],
          [
            624.3434278448037,
            2808.916607997659
          ],
          [
            612.8813394544843,
            2810.243827847467
          ]
        ]
      },
      "properties": {
        "layer": "Z_CBD",
        "dxftype": "POLYLINE",
        "handle": "21D",
        "color": 256
      }
    },
    {
      "type": "Feature",
      "geometry": {
        "type": "LineString",
        "coordinates": [
          [
            1012.212893616012,
            2739.29452200874
          ],
          [
            1012.676627078822,
            2739.785525692533
          ],
          [
            1013.106399398346,
            2740.264736574266
          ],
          [
            1013.503845626991,
            2740.732126733862
          ],
          [
            1013.870600817164,
            2741.187668251247
          ],
          [
            1014.208300021275,
            2741.631333206342
          ],
          [
            1014.518578291731,
            2742.063093679072
          ],
          [
            1014.80307068094,
            2742.482921749362
          ],
          [
            1015.06341224131,
            2742.890789497134
          ],
          [
            1015.301238025249,
            2743.286669002312
          ],
          [
            1015.518183085164,
            2743.670532344822
          ],
          [
            1015.715882473465,
            2744.042351604585
          ],
          [
            1015.895971242558,
            2744.402098861526
          ],
          [
            1016.060084444852,
            2744.74974619557
          ],
          [
            1016.209857132755,
            2745.085265686639
          ],
          [
            1016.472921175018,
            2745.719809459549
          ],
          [
            1016.696230896278,
            2746.306008439736
          ],
          [
            1016.882802254139,
            2746.846147367027
          ],
          [
            1016.96262450469,
            2747.09981504831
          ],
          [
            1017.033638313867,
            2747.343012601338
          ],
          [
            1017.095969064829,
            2747.576088321101
          ],
          [
            1017.149742140733,
            2747.799390502587
          ],
          [
            1017.195082924739,
            2748.013267440786
          ],
          [
            1017.232116800006,
            2748.218067430688
          ],
          [
            1017.260969149691,
            2748.414138767281
          ],
          [
            1017.272366434678,
            2748.509010032772
          ],
          [
            1017.281765356954,
            2748.601829745556
          ],
          [
            1017.289181589414,
            2748.692641442509
          ],
          [
            1017.294630804953,
            2748.781488660503
          ],
          [
            1017.298128676465,
            2748.868414936412
          ],
          [
            1017.299690876846,
            2748.95346380711
          ],
          [
            1017.299333078991,
            2749.03667880947
          ],
          [
            1017.297070955794,
            2749.118103480367
          ],
          [
            1017.292920180149,
            2749.197781356674
          ],
          [
            1017.286896424953,
            2749.275755975265
          ],
          [
            1017.279007399667,
            2749.352082552174
          ],
          [
            1017.26922896003,
            2749.426863020083
          ],
          [
            1017.257528998345,
            2749.500210990838
          ],
          [
            1017.243875406919,
            2749.572240076279
          ],
          [
            1017.228236078055,
            2749.643063888251
          ],
          [
            1017.21057890406,
            2749.712796038598
          ],
          [
            1017.190871777238,
            2749.781550139162
          ],
          [
            1017.169082589895,
            2749.849439801788
          ],
          [
            1017.145179234336,
            2749.916578638318
          ],
          [
            1017.119129602865,
            2749.983080260595
          ],
          [
            1017.090901587789,
            2750.049058280464
          ],
          [
            1017.060463081411,
            2750.114626309768
          ],
          [
            1017.027781976037,
            2750.17989796035
          ],
          [
            1016.992826163973,
            2750.244986844054
          ],
          [
            1016.955563537524,
            2750.310006572722
          ],
          [
            1016.915961988994,
            2750.375070758199
          ],
          [
            1016.873989410688,
            2750.440293012326
          ],
          [
            1016.829613694913,
            2750.50578694695
          ],
          [
            1016.782802733972,
            2750.571666173912
          ],
          [
            1016.733524420171,
            2750.638044305055
          ],
          [
            1016.681746645816,
            2750.705034952224
          ],
          [
            1016.627437303211,
            2750.772751727262
          ],
          [
            1016.511095482472,
            2750.910818108317
          ],
          [
            1016.384242096397,
            2751.053152342967
          ],
          [
            1016.246620283424,
            2751.20066332596
          ],
          [
            1015.938043930556,
            2751.514851115964
          ],
          [
            1015.853334636088,
            2751.597900053581
          ],
          [
            1015.763106921504,
            2751.682116707348
          ],
          [
            1015.715100635661,
            2751.724410383414
          ],
          [
            1015.664727119581,
            2751.766692935268
          ],
          [
            1015.611657164861,
            2751.808863345162
          ],
          [
            1015.555561563097,
            2751.850820595344
          ],
          [
            1015.496111105887,
            2751.892463668067
          ],
          [
            1015.432976584828,
            2751.933691545579
          ],
          [
            1015.365828791518,
            2751.974403210132
          ],
          [
            1015.294338517552,
            2752.014497643977
          ],
          [
            1015.21817655453,
            2752.053873829363
          ],
          [
            1015.137013694047,
            2752.09243074854
          ],
          [
            1015.050520727701,
            2752.13006738376
          ],
          [
            1014.958368447089,
            2752.166682717273
          ],
          [
            1014.860227643807,
            2752.202175731329
          ],
          [
            1014.755769109455,
            2752.236445408178
          ],
          [
            1014.644663635628,
            2752.269390730072
          ],
          [
            1014.526582013923,
            2752.30091067926
          ],
          [
            1014.401195035938,
            2752.330904237993
          ],
          [
            1014.26817349327,
            2752.35927038852
          ],
          [
            1014.127188177516,
            2752.385908113093
          ],
          [
            1013.977909880273,
            2752.410716393963
          ],
          [
            1013.820009393139,
            2752.433594213379
          ],
          [
            1013.65315750771,
            2752.454440553592
          ],
          [
            1013.291282708358,
            2752.48963472541
          ],
          [
            1012.889651814993,
            2752.51549076742
          ],
          [
            1012.445631160394,
            2752.531200537626
          ],
          [
            1011.956587077337,
            2752.535955894031
          ],
          [
            1011.4198858986,
            2752.528948694638
          ],
          [
            1010.83289395696,
            2752.509370797451
          ],
          [
            1010.192977585194,
            2752.476414060473
          ],
          [
            1008.743836882393,
            2752.367131499157
          ],
          [
            1007.051394452416,
            2752.194635874717
          ],
          [
            1005.09458095748,
            2751.952462051178
          ],
          [
            1002.852327059803,
            2751.634144892568
          ],
          [
            997.4272207050979,
            2750.743220026239
          ]
        ]
      },
      "properties": {
        "layer": "Z_CBD",
        "dxftype": "POLYLINE",
        "handle": "22E",
        "color": 256
      }
    },
    {
      "type": "Feature",
      "geometry": {
        "type": "LineString",
        "coordinates": [
          [
            997.4272207050979,
            2750.743220026239
          ],
          [
            988.7073906357086,
            2748.903093182983
          ],
          [
            979.949087891016,
            2747.252067208435
          ],
          [
            971.1569637383417,
            2745.772658883279
          ],
          [
            962.3356694450074,
            2744.447384988198
          ],
          [
            944.6241755056453,
            2742.189307610999
          ],
          [
            915.6037652101163,
            2739.338014165132
          ],
          [
            904.352011723452,
            2738.551429316823
          ],
          [
            893.1023030020244,
            2738.084975090655
          ],
          [
            887.4800114440595,
            2738.005159558773
          ],
          [
            881.8603862963463,
            2738.045411799903
          ],
          [
            876.8207494053265,
            2738.192127116096
          ],
          [
            871.7842076193313,
            2738.440434354181
          ]
        ]
      },
      "properties": {
        "layer": "Z_CBD",
        "dxftype": "POLYLINE",
        "handle": "291",
        "color": 256
      }
    },
    {
      "type": "Feature",
      "geometry": {
        "type": "LineString",
        "coordinates": [
          [
            871.7842076193313,
            2738.440434354181
          ],
          [
            871.6121671529394,
            2738.447618195677
          ],
          [
            871.4399813439139,
            2738.448873912692
          ],
          [
            871.267854401385,
            2738.444200015968
          ],
          [
            871.0959904646679,
            2738.43360204866
          ],
          [
            870.9245933611583,
            2738.417092579756
          ],
          [
            870.7538663645962,
            2738.394691189177
          ],
          [
            870.5840119539878,
            2738.366424444551
          ],
          [
            870.415231573468,
            2738.332325869704
          ],
          [
            870.247725393393,
            2738.292435904905
          ],
          [
            870.081692072941,
            2738.246801858902
          ],
          [
            869.9173285245062,
            2738.195477852815
          ],
          [
            869.7548296801647,
            2738.138524755948
          ],
          [
            869.5943882604887,
            2738.076010113605
          ],
          [
            869.4361945459835,
            2738.008008066973
          ],
          [
            869.2804361514184,
            2737.934599265203
          ],
          [
            869.1272978033186,
            2737.85587076975
          ],
          [
            868.976961120884,
            2737.77191595113
          ],
          [
            868.8296044005916,
            2737.682834378178
          ],
          [
            868.6854024047393,
            2737.588731699963
          ],
          [
            868.5445261541814,
            2737.489719520492
          ],
          [
            868.4071427255002,
            2737.385915266346
          ],
          [
            868.2734150528577,
            2737.277442047418
          ],
          [
            868.1435017347578,
            2737.164428510905
          ],
          [
            868.0175568459513,
            2737.047008688735
          ],
          [
            867.8957297547072,
            2736.925321838607
          ],
          [
            867.7781649456634,
            2736.799512278837
          ],
          [
            867.6650018484717,
            2736.669729217196
          ],
          [
            867.5563746724362,
            2736.536126573953
          ],
          [
            867.4524122473442,
            2736.398862799329
          ],
          [
            867.3532378706758,
            2736.25810068558
          ],
          [
            867.258969161376,
            2736.114007173922
          ],
          [
            867.1697179203603,
            2735.966753156549
          ],
          [
            867.0855899979216,
            2735.816513273958
          ],
          [
            867.006685168193,
            2735.663465707821
          ],
          [
            866.9330970108181,
            2735.507791969673
          ],
          [
            866.8649127999669,
            2735.349676685638
          ],
          [
            866.802213400831,
            2735.189307377467
          ],
          [
            866.7450731737179,
            2735.026874240145
          ],
          [
            866.6935598858621,
            2734.862569916315
          ],
          [
            866.6477346310537,
            2734.696589267814
          ],
          [
            866.6076517571828,
            2734.529129144569
          ],
          [
            866.5733588017837,
            2734.360388151136
          ],
          [
            866.5448964356565,
            2734.190566411157
          ],
          [
            866.5222984146315,
            2734.019865330022
          ],
          [
            866.5055915395369,
            2733.848487356001
          ],
          [
            866.4947956244122,
            2733.676635740147
          ],
          [
            866.4899234730093,
            2733.504514295243
          ],
          [
            866.4909808636086,
            2733.332327154086
          ],
          [
            866.4979665421642,
            2733.160278527384
          ],
          [
            866.5108722237932,
            2732.988572461572
          ],
          [
            866.5296826025998,
            2732.817412596813
          ],
          [
            866.5543753698287,
            2732.647001925488
          ],
          [
            866.5849212403223,
            2732.477542551446
          ],
          [
            866.6212839872532,
            2732.309235450316
          ],
          [
            866.6634204850874,
            2732.142280231155
          ],
          [
            866.7112807607315,
            2731.976874899711
          ],
          [
            866.7648080527987,
            2731.813215623594
          ],
          [
            866.823938878928,
            2731.651496499628
          ]
        ]
      },
      "properties": {
        "layer": "Z_CBD",
        "dxftype": "POLYLINE",
        "handle": "2A0",
        "color": 256
      }
    },
    {
      "type": "Feature",
      "geometry": {
        "type": "LineString",
        "coordinates": [
          [
            866.823938878928,
            2731.651496499628
          ],
          [
            867.881528851348,
            2728.800997086423
          ],
          [
            869.6567369068674,
            2723.538593644125
          ],
          [
            871.3445699673896,
            2717.969460796623
          ],
          [
            872.945692937433,
            2712.160961939618
          ],
          [
            874.459613288773,
            2706.182033361572
          ],
          [
            877.2170713968252,
            2693.997894388183
          ],
          [
            880.6329450090038,
            2676.244318098073
          ],
          [
            883.1024485752322,
            2660.875743032601
          ],
          [
            883.4901626480782,
            2658.147545240815
          ]
        ]
      },
      "properties": {
        "layer": "Z_CBD",
        "dxftype": "POLYLINE",
        "handle": "2DD",
        "color": 256
      }
    },
    {
      "type": "Feature",
      "geometry": {
        "type": "LineString",
        "coordinates": [
          [
            883.4901626480782,
            2658.147545240815
          ],
          [
            883.5164207495244,
            2657.979391847206
          ],
          [
            883.5483864569081,
            2657.812229515248
          ],
          [
            883.586022734695,
            2657.646251919566
          ],
          [
            883.6292859774159,
            2657.481651362146
          ],
          [
            883.678126060188,
            2657.318618549533
          ],
          [
            883.7324863967907,
            2657.157342371879
          ],
          [
            883.7923040052256,
            2656.9980096841
          ],
          [
            883.857509580688,
            2656.840805089375
          ],
          [
            883.9280275758633,
            2656.685910725273
          ],
          [
            884.0037762884565,
            2656.533506052726
          ],
          [
            884.0846679558528,
            2656.383767648101
          ],
          [
            884.1706088567989,
            2656.236868998622
          ],
          [
            884.2614994199897,
            2656.09298030137
          ],
          [
            884.3572343394304,
            2655.952268266087
          ],
          [
            884.4577026964457,
            2655.814895922026
          ],
          [
            884.5627880881893,
            2655.681022429072
          ],
          [
            884.6723687625094,
            2655.550802893327
          ],
          [
            884.7863177590102,
            2655.424388187417
          ],
          [
            884.9045030561485,
            2655.30192477568
          ],
          [
            885.0267877241951,
            2655.183554544479
          ],
          [
            885.1530300838807,
            2655.069414637807
          ],
          [
            885.2830838705464,
            2654.959637298397
          ],
          [
            885.4167984036062,
            2654.854349714502
          ],
          [
            885.5540187611258,
            2654.753673872533
          ],
          [
            885.6945859593153,
            2654.657726415729
          ],
          [
            885.8383371367282,
            2654.566618509012
          ],
          [
            885.9851057429534,
            2654.480455710192
          ],
          [
            886.1347217315802,
            2654.399337847663
          ],
          [
            886.2870117572148,
            2654.323358904751
          ],
          [
            886.4417993763192,
            2654.252606910815
          ],
          [
            886.5989052516377,
            2654.187163839261
          ],
          [
            886.7581473599784,
            2654.127105512568
          ],
          [
            886.9193412031053,
            2654.072501514437
          ],
          [
            887.0823000214989,
            2654.023415109173
          ],
          [
            887.2468350107351,
            2653.979903168387
          ]
        ]
      },
      "properties": {
        "layer": "Z_CBD",
        "dxftype": "POLYLINE",
        "handle": "2E9",
        "color": 256
      }
    },
    {
      "type": "Feature",
      "geometry": {
        "type": "LineString",
        "coordinates": [
          [
            887.2468350107351,
            2653.979903168387
          ],
          [
            888.6455297766357,
            2653.632023964224
          ],
          [
            898.6350259297142,
            2650.956265061368
          ],
          [
            908.5455502580684,
            2647.994667438828
          ]
        ]
      },
      "properties": {
        "layer": "Z_CBD",
        "dxftype": "POLYLINE",
        "handle": "30F",
        "color": 256
      }
    },
    {
      "type": "Feature",
      "geometry": {
        "type": "LineString",
        "coordinates": [
          [
            908.5455502580685,
            2647.994667438828
          ],
          [
            908.711214992653,
            2647.945933262002
          ],
          [
            908.8784637986245,
            2647.902948832528
          ],
          [
            909.0470971827825,
            2647.865765421935
          ],
          [
            909.2169140004119,
            2647.834427382332
          ],
          [
            909.3877116952062,
            2647.808972093512
          ],
          [
            909.5592865408756,
            2647.789429918365
          ],
          [
            909.7314338841503,
            2647.77582416666
          ],
          [
            909.9039483888893,
            2647.768171067243
          ],
          [
            910.0766242810035,
            2647.766479748677
          ],
          [
            910.2492555939028,
            2647.770752228353
          ],
          [
            910.4216364141708,
            2647.78098341009
          ],
          [
            910.5935611271765,
            2647.797161090204
          ],
          [
            910.7648246623307,
            2647.819265972073
          ],
          [
            910.9352227376926,
            2647.847271689149
          ],
          [
            911.1045521036355,
            2647.88114483641
          ],
          [
            911.2726107852818,
            2647.920845010204
          ],
          [
            911.4391983234175,
            2647.966324856442
          ],
          [
            911.6041160135981,
            2648.017530127083
          ],
          [
            911.7671671431618,
            2648.074399744841
          ],
          [
            911.9281572258674,
            2648.136865876036
          ],
          [
            912.0868942338758,
            2648.204854011505
          ],
          [
            912.2431888267997,
            2648.278283055477
          ],
          [
            912.3968545775472,
            2648.357065422307
          ],
          [
            912.5477081946908,
            2648.441107140938
          ],
          [
            912.6955697410965,
            2648.530307967002
          ],
          [
            912.8402628485511,
            2648.624561502379
          ],
          [
            912.9816149281328,
            2648.723755322116
          ],
          [
            913.1194573760748,
            2648.82777110852
          ],
          [
            913.2536257748741,
            2648.936484792294
          ],
          [
            913.3839600894075,
            2649.049766700519
          ]
        ]
      },
      "properties": {
        "layer": "Z_CBD",
        "dxftype": "POLYLINE",
        "handle": "315",
        "color": 256
      }
    },
    {
      "type": "Feature",
      "geometry": {
        "type": "LineString",
        "coordinates": [
          [
            913.3839600894075,
            2649.049766700519
          ],
          [
            990.7610500479337,
            2718.607879493555
          ],
          [
            1003.056729245463,
            2730.110155271057
          ],
          [
            1012.233681270295,
            2739.315970105842
          ]
        ]
      },
      "properties": {
        "layer": "Z_CBD",
        "dxftype": "POLYLINE",
        "handle": "336",
        "color": 256
      }
    },
    {
      "type": "Feature",
      "geometry": {
        "type": "LineString",
        "coordinates": [
          [
            974.6936114838762,
            2889.751538402328
          ],
          [
            934.2656455359514,
            2872.740675897851
          ]
        ]
      },
      "properties": {
        "layer": "Z_CBD",
        "dxftype": "POLYLINE",
        "handle": "33C",
        "color": 256
      }
    },
    {
      "type": "Feature",
      "geometry": {
        "type": "LineString",
        "coordinates": [
          [
            934.2656455359515,
            2872.740675897851
          ],
          [
            936.6473690950527,
            2867.377256267743
          ],
          [
            939.0636848590158,
            2862.29165742198
          ],
          [
            941.5119454678343,
            2857.467319949778
          ],
          [
            943.9895035615015,
            2852.887684440355
          ],
          [
            946.4937117800112,
            2848.536191482928
          ],
          [
            949.0219227633569,
            2844.396281666715
          ],
          [
            951.5714891515321,
            2840.451395580931
          ],
          [
            954.1397635845303,
            2836.684973814795
          ],
          [
            956.7240987023451,
            2833.080456957524
          ],
          [
            959.32184714497,
            2829.621285598334
          ],
          [
            961.9303615523985,
            2826.290900326444
          ],
          [
            964.5469945646241,
            2823.07274173107
          ],
          [
            969.7940269634411,
            2816.906866926739
          ],
          [
            975.041765461369,
            2810.991185899079
          ],
          [
            985.2260716171054,
            2799.909628090136
          ],
          [
            990.4738382823158,
            2794.47718010681
          ],
          [
            995.9236203358822,
            2789.086874498477
          ],
          [
            1001.649122525401,
            2783.716152585803
          ],
          [
            1007.724049598467,
            2778.342455689459
          ],
          [
            1014.222106302678,
            2772.943225130115
          ],
          [
            1021.216997385628,
            2767.49590222844
          ]
        ]
      },
      "properties": {
        "layer": "Z_CBD",
        "dxftype": "POLYLINE",
        "handle": "340",
        "color": 256
      }
    },
    {
      "type": "Feature",
      "geometry": {
        "type": "LineString",
        "coordinates": [
          [
            1021.216997385628,
            2767.49590222844
          ],
          [
            1021.355328758726,
            2767.395285310987
          ],
          [
            1021.497020855653,
            2767.2994589966
          ],
          [
            1021.64190784376,
            2767.208535437838
          ],
          [
            1021.789820151182,
            2767.122621049208
          ],
          [
            1021.940584665303,
            2767.04181638262
          ],
          [
            1022.094024935358,
            2766.966216009697
          ],
          [
            1022.249961378949,
            2766.895908411098
          ],
          [
            1022.408211492225,
            2766.830975872962
          ],
          [
            1022.568590063476,
            2766.771494390597
          ],
          [
            1022.730909389901,
            2766.717533579544
          ],
          [
            1022.894979497293,
            2766.669156594096
          ],
          [
            1023.060608362376,
            2766.626420053385
          ],
          [
            1023.227602137546,
            2766.589373975118
          ],
          [
            1023.395765377746,
            2766.558061717038
          ],
          [
            1023.564901269207,
            2766.532519926174
          ],
          [
            1023.734811859794,
            2766.512778495958
          ],
          [
            1023.905298290687,
            2766.498860531233
          ],
          [
            1024.076161029116,
            2766.490782321213
          ],
          [
            1024.247200101892,
            2766.488553320419
          ],
          [
            1024.418215329449,
            2766.492176137616
          ],
          [
            1024.589006560127,
            2766.501646532752
          ],
          [
            1024.759373904428,
            2766.516953421932
          ],
          [
            1024.929117968959,
            2766.538078890382
          ],
          [
            1025.098040089796,
            2766.564998213414
          ],
          [
            1025.265942564997,
            2766.597679885375
          ],
          [
            1025.432628885985,
            2766.636085656505
          ],
          [
            1025.597903967538,
            2766.680170577715
          ],
          [
            1025.761574376112,
            2766.729883053191
          ]
        ]
      },
      "properties": {
        "layer": "Z_CBD",
        "dxftype": "POLYLINE",
        "handle": "358",
        "color": 256
      }
    },
    {
      "type": "Feature",
      "geometry": {
        "type": "LineString",
        "coordinates": [
          [
            1025.761574376112,
            2766.72988305319
          ],
          [
            1033.11040979449,
            2769.178034161701
          ],
          [
            1048.92469886058,
            2774.886105418458
          ],
          [
            1113.898289236862,
            2799.835237225195
          ],
          [
            1129.223974018437,
            2805.261018373973
          ],
          [
            1145.85043442707,
            2810.818915554351
          ],
          [
            1167.971499980241,
            2817.67302735826
          ]
        ]
      },
      "properties": {
        "layer": "Z_CBD",
        "dxftype": "POLYLINE",
        "handle": "377",
        "color": 256
      }
    },
    {
      "type": "Feature",
      "geometry": {
        "type": "LineString",
        "coordinates": [
          [
            1167.971499980241,
            2817.67302735826
          ],
          [
            1168.137223423713,
            2817.725408302773
          ],
          [
            1168.301026209327,
            2817.783517428469
          ],
          [
            1168.46271041075,
            2817.84728452088
          ],
          [
            1168.622080661579,
            2817.91663252889
          ],
          [
            1168.778944391404,
            2817.991477657853
          ],
          [
            1168.9331120585,
            2818.071729470832
          ],
          [
            1169.084397378848,
            2818.157290997883
          ],
          [
            1169.232617551231,
            2818.248058853222
          ],
          [
            1169.377593478113,
            2818.343923360152
          ],
          [
            1169.519149982049,
            2818.444768683582
          ],
          [
            1169.657116017353,
            2818.550472969999
          ],
          [
            1169.791324876778,
            2818.6609084947
          ],
          [
            1169.921614392951,
            2818.775941816132
          ],
          [
            1170.047827134323,
            2818.895433937125
          ],
          [
            1170.1698105954,
            2819.019240472849
          ],
          [
            1170.287417381012,
            2819.147211825277
          ],
          [
            1170.400505384419,
            2819.279193363945
          ],
          [
            1170.508937959023,
            2819.415025612801
          ],
          [
            1170.612584083472,
            2819.554544442895
          ],
          [
            1170.711318519987,
            2819.697581270706
          ],
          [
            1170.805021965683,
            2819.843963261842
          ],
          [
            1170.893581196726,
            2819.99351353988
          ],
          [
            1170.976889205143,
            2820.146051400092
          ],
          [
            1171.054845328125,
            2820.301392527787
          ],
          [
            1171.127355369658,
            2820.459349221032
          ],
          [
            1171.194331714342,
            2820.619730617451
          ],
          [
            1171.255693433257,
            2820.782342924844
          ],
          [
            1171.311366381755,
            2820.946989655361
          ],
          [
            1171.361283289048,
            2821.11347186291
          ],
          [
            1171.405383839492,
            2821.281588383558
          ],
          [
            1171.44361474547,
            2821.451136078595
          ],
          [
            1171.475929811777,
            2821.621910079993
          ],
          [
            1171.502289991443,
            2821.793704037955
          ],
          [
            1171.522663432911,
            2821.966310370247
          ],
          [
            1171.537025518526,
            2822.139520513024
          ],
          [
            1171.545358894279,
            2822.313125172848
          ],
          [
            1171.547653490778,
            2822.486914579577
          ],
          [
            1171.543906535415,
            2822.660678739833
          ],
          [
            1171.534122555712,
            2822.834207690748
          ],
          [
            1171.518313373859,
            2823.007291753657
          ],
          [
            1171.49649809242,
            2823.179721787468
          ],
          [
            1171.468703071256,
            2823.351289441362
          ],
          [
            1171.434961895672,
            2823.521787406554
          ],
          [
            1171.395315335838,
            2823.691009666784
          ],
          [
            1171.349811297521,
            2823.858751747256
          ],
          [
            1171.298504764202,
            2824.024810961703
          ],
          [
            1171.241457730639,
            2824.188986657304
          ],
          [
            1171.178739127957,
            2824.351080457129
          ],
          [
            1171.110424740355,
            2824.51089649985
          ],
          [
            1171.036597113537,
            2824.668241676396
          ],
          [
            1170.957345454969,
            2824.822925863302
          ],
          [
            1170.872765526089,
            2824.974762152425
          ],
          [
            1170.782959526593,
            2825.123567076802
          ],
          [
            1170.688035970951,
            2825.269160832329
          ],
          [
            1170.588109557281,
            2825.411367495025
          ],
          [
            1170.483301028758,
            2825.550015233604
          ],
          [
            1170.373737027722,
            2825.684936517103
          ],
          [
            1170.259549942646,
            2825.815968317313
          ],
          [
            1170.140877748174,
            2825.942952305766
          ],
          [
            1170.017863838403,
            2826.065735045054
          ],
          [
            1169.890656853613,
            2826.184168174223
          ],
          [
            1169.759410500665,
            2826.298108588045
          ],
          [
            1169.624283367274,
            2826.407418609935
          ],
          [
            1169.485438730381,
            2826.511966158307
          ],
          [
            1169.343044358868,
            2826.611624906169
          ],
          [
            1169.197272310831,
            2826.706274433772
          ],
          [
            1169.048298725688,
            2826.795800374111
          ],
          [
            1168.896303611337,
            2826.88009455112
          ],
          [
            1168.741470626655,
            2826.959055110381
          ],
          [
            1168.583986859578,
            2827.032586642198
          ]
        ]
      },
      "properties": {
        "layer": "Z_CBD",
        "dxftype": "POLYLINE",
        "handle": "380",
        "color": 256
      }
    },
    {
      "type": "Feature",
      "geometry": {
        "type": "LineString",
        "coordinates": [
          [
            1168.583986859578,
            2827.032586642198
          ],
          [
            1160.084843579181,
            2830.940243950539
          ],
          [
            1153.151969743117,
            2834.342353937983
          ],
          [
            1147.392747420486,
            2837.349953828817
          ],
          [
            1107.927817387942,
            2859.241100070713
          ],
          [
            1101.186697370099,
            2862.625055575759
          ],
          [
            1094.0804470651,
            2865.94884834011
          ],
          [
            1086.648858292138,
            2869.147983911195
          ],
          [
            1078.982372816428,
            2872.223050291677
          ],
          [
            1063.357128763659,
            2878.068409946725
          ],
          [
            1048.100791322227,
            2883.511378564154
          ],
          [
            1034.394406514189,
            2888.144736711342
          ],
          [
            1028.452329254372,
            2890.002130356877
          ],
          [
            1025.677685941872,
            2890.79667144577
          ],
          [
            1022.998604957405,
            2891.4964880328
          ],
          [
            1020.388560388294,
            2892.097614608507
          ],
          [
            1019.101137411785,
            2892.359929920409
          ],
          [
            1017.82102632186,
            2892.596085663434
          ],
          [
            1016.544911379435,
            2892.805586148898
          ],
          [
            1015.269476845425,
            2892.987935688119
          ],
          [
            1013.991406980744,
            2893.142638592415
          ],
          [
            1012.707386046309,
            2893.269199173104
          ],
          [
            1011.410691454638,
            2893.366801723903
          ],
          [
            1010.080973224665,
            2893.433350468135
          ],
          [
            1008.694474526925,
            2893.466429611521
          ],
          [
            1007.227438531956,
            2893.463623359785
          ],
          [
            1005.656108410295,
            2893.422515918648
          ],
          [
            1003.956727332479,
            2893.340691493833
          ],
          [
            1000.078784990527,
            2893.045228516059
          ],
          [
            995.4035568703966,
            2892.557908072243
          ],
          [
            974.6936114838762,
            2889.751538402328
          ]
        ]
      },
      "properties": {
        "layer": "Z_CBD",
        "dxftype": "POLYLINE",
        "handle": "3C9",
        "color": 256
      }
    },
    {
      "type": "Feature",
      "geometry": {
        "type": "LineString",
        "coordinates": [
          [
            1057.773525733974,
            2769.69307449106
          ],
          [
            1057.373347970034,
            2769.533713151382
          ],
          [
            1056.959038804335,
            2769.355962068706
          ],
          [
            1056.531106481868,
            2769.160382251835
          ],
          [
            1056.090059247623,
            2768.947534709572
          ],
          [
            1055.170653023765,
            2768.472280484076
          ],
          [
            1054.204886092685,
            2767.934687462637
          ],
          [
            1053.19682441431,
            2767.339243715674
          ],
          [
            1052.150533948565,
            2766.690437313606
          ],
          [
            1049.959530494672,
            2765.250688825828
          ],
          [
            1047.664403410414,
            2763.65134656265
          ],
          [
            1045.297680375197,
            2761.928315087421
          ],
          [
            1040.479557169517,
            2758.254802754205
          ]
        ]
      },
      "properties": {
        "layer": "Z_CBD",
        "dxftype": "POLYLINE",
        "handle": "42D",
        "color": 256
      }
    },
    {
      "type": "Feature",
      "geometry": {
        "type": "LineString",
        "coordinates": [
          [
            1040.479557169517,
            2758.254802754205
          ],
          [
            1035.482751546401,
            2754.272368671062
          ]
        ]
      },
      "properties": {
        "layer": "Z_CBD",
        "dxftype": "POLYLINE",
        "handle": "43C",
        "color": 256
      }
    },
    {
      "type": "Feature",
      "geometry": {
        "type": "LineString",
        "coordinates": [
          [
            1035.482751546401,
            2754.272368671062
          ],
          [
            1035.35015782499,
            2754.160289015592
          ],
          [
            1035.221535244253,
            2754.043673511251
          ],
          [
            1035.097038886722,
            2753.922662763426
          ],
          [
            1034.976818859865,
            2753.797402676924
          ],
          [
            1034.861020115105,
            2753.668044280057
          ],
          [
            1034.749782273045,
            2753.534743542542
          ],
          [
            1034.643239455129,
            2753.397661187448
          ],
          [
            1034.541520121924,
            2753.256962497403
          ],
          [
            1034.444746918238,
            2753.112817115319
          ],
          [
            1034.353036525241,
            2752.965398839843
          ],
          [
            1034.266499519782,
            2752.81488541581
          ],
          [
            1034.185240241069,
            2752.661458319927
          ],
          [
            1034.109356664855,
            2752.505302541972
          ],
          [
            1034.038940285318,
            2752.346606361738
          ],
          [
            1033.974076004736,
            2752.18556112203
          ],
          [
            1033.914842031125,
            2752.022360997955
          ],
          [
            1033.86130978394,
            2751.8572027628
          ],
          [
            1033.813543807962,
            2751.690285550785
          ],
          [
            1033.771601695477,
            2751.521810616958
          ],
          [
            1033.735534016834,
            2751.351981094539
          ],
          [
            1033.705384259475,
            2751.181001749999
          ],
          [
            1033.681188775498,
            2751.009078736173
          ],
          [
            1033.662976737828,
            2750.836419343692
          ],
          [
            1033.650770105042,
            2750.663231751054
          ],
          [
            1033.644583594894,
            2750.489724773614
          ],
          [
            1033.644424666569,
            2750.316107611819
          ],
          [
            1033.650293511689,
            2750.142589598965
          ],
          [
            1033.662183054086,
            2749.969379948803
          ],
          [
            1033.680078958324,
            2749.796687503283
          ],
          [
            1033.703959646996,
            2749.624720480757
          ],
          [
            1033.73379632673,
            2749.453686224918
          ],
          [
            1033.769553022912,
            2749.283790954807
          ],
          [
            1033.811186623057,
            2749.115239516169
          ],
          [
            1033.858646928795,
            2748.948235134468
          ],
          [
            1033.911876716392,
            2748.782979169855
          ],
          [
            1033.970811805746,
            2748.619670874381
          ],
          [
            1034.035381137775,
            2748.458507151759
          ],
          [
            1034.105506860087,
            2748.299682319953
          ],
          [
            1034.181104420853,
            2748.143387876884
          ],
          [
            1034.262082670751,
            2747.989812269539
          ],
          [
            1034.348343972866,
            2747.839140666756
          ],
          [
            1034.439784320415,
            2747.691554735962
          ],
          [
            1034.536293462145,
            2747.547232424138
          ],
          [
            1034.63775503527,
            2747.406347743257
          ],
          [
            1034.744046705769,
            2747.269070560483
          ],
          [
            1034.855040315886,
            2747.135566393353
          ],
          [
            1034.970602038654,
            2747.005996210213
          ],
          [
            1035.090592539251,
            2746.880516236136
          ],
          [
            1035.214867142998,
            2746.759277764554
          ],
          [
            1035.343276009799,
            2746.642426974848
          ],
          [
            1035.4756643148,
            2746.53010475609
          ],
          [
            1035.611872435071,
            2746.422446537174
          ],
          [
            1035.751736142062,
            2746.319582123528
          ],
          [
            1035.895086799616,
            2746.221635540603
          ],
          [
            1036.0417515673,
            2746.128724884333
          ],
          [
            1036.191553608795,
            2746.040962178748
          ],
          [
            1036.344312305122,
            2745.958453240901
          ],
          [
            1036.499843472404,
            2745.881297553284
          ],
          [
            1036.657959583951,
            2745.80958814388
          ],
          [
            1036.818469996359,
            2745.743411473998
          ],
          [
            1036.981181179371,
            2745.682847334024
          ],
          [
            1037.145896949224,
            2745.62796874722
          ]
        ]
      },
      "properties": {
        "layer": "Z_CBD",
        "dxftype": "POLYLINE",
        "handle": "440",
        "color": 256
      }
    },
    {
      "type": "Feature",
      "geometry": {
        "type": "LineString",
        "coordinates": [
          [
            1037.145896949224,
            2745.62796874722
          ],
          [
            1045.151859628931,
            2743.027054836331
          ],
          [
            1052.117184344153,
            2740.587853002683
          ],
          [
            1058.271232076442,
            2738.252140351895
          ],
          [
            1063.843363807346,
            2735.961693989588
          ],
          [
            1073.463120033701,
            2731.777827554242
          ],
          [
            1076.709048348374,
            2730.452755029349
          ],
          [
            1080.084773494926,
            2729.190827253617
          ],
          [
            1081.841958388709,
            2728.588862010257
          ],
          [
            1083.656370700721,
            2728.009066190474
          ],
          [
            1085.536269834385,
            2727.453567539694
          ],
          [
            1087.48991519312,
            2726.924493803348
          ],
          [
            1089.525566180347,
            2726.423972726863
          ],
          [
            1091.651482199485,
            2725.954132055669
          ],
          [
            1093.873187023362,
            2725.516503766123
          ],
          [
            1096.185261902426,
            2725.110236758305
          ],
          [
            1101.047904305545,
            2724.38599911188
          ],
          [
            1106.174174367692,
            2723.769844164455
          ],
          [
            1111.498837047718,
            2723.250196964092
          ],
          [
            1122.482400096807,
            2722.454125996801
          ],
          [
            1149.611016852916,
            2721.230307460414
          ],
          [
            1156.961207683365,
            2720.750529940422
          ],
          [
            1160.413242062953,
            2720.42546278565
          ],
          [
            1163.699875456084,
            2720.024717117582
          ]
        ]
      },
      "properties": {
        "layer": "Z_CBD",
        "dxftype": "POLYLINE",
        "handle": "481",
        "color": 256
      }
    },
    {
      "type": "Feature",
      "geometry": {
        "type": "LineString",
        "coordinates": [
          [
            1163.699875456084,
            2720.024717117582
          ],
          [
            1163.870962151131,
            2720.004012348614
          ],
          [
            1164.042660748125,
            2719.98921584665
          ],
          [
            1164.214767273634,
            2719.980345189546
          ],
          [
            1164.387077269616,
            2719.97741091541
          ],
          [
            1164.559386036313,
            2719.980416510083
          ],
          [
            1164.731488875428,
            2719.989358402996
          ],
          [
            1164.903181333298,
            2720.004225971417
          ],
          [
            1165.074259443784,
            2720.025001553063
          ],
          [
            1165.244519970574,
            2720.051660467087
          ],
          [
            1165.413760648628,
            2720.084171043399
          ],
          [
            1165.581780424454,
            2720.122494660287
          ],
          [
            1165.748379694964,
            2720.166585790297
          ],
          [
            1165.913360544592,
            2720.216392054324
          ],
          [
            1166.076526980412,
            2720.271854283831
          ],
          [
            1166.237685164976,
            2720.332906591143
          ],
          [
            1166.396643646585,
            2720.39947644772
          ],
          [
            1166.55321358673,
            2720.471484770316
          ],
          [
            1166.707208984425,
            2720.548846014934
          ],
          [
            1166.858446897176,
            2720.63146827844
          ],
          [
            1167.006747658306,
            2720.719253407752
          ],
          [
            1167.151935090398,
            2720.812097116439
          ],
          [
            1167.293836714589,
            2720.909889108607
          ],
          [
            1167.432283955468,
            2721.012513209933
          ],
          [
            1167.567112341343,
            2721.119847505674
          ],
          [
            1167.698161699626,
            2721.231764485503
          ],
          [
            1167.825276347114,
            2721.348131194978
          ],
          [
            1167.948305274938,
            2721.468809393501
          ]
        ]
      },
      "properties": {
        "layer": "Z_CBD",
        "dxftype": "POLYLINE",
        "handle": "49B",
        "color": 256
      }
    },
    {
      "type": "Feature",
      "geometry": {
        "type": "LineString",
        "coordinates": [
          [
            1167.948305274938,
            2721.4688093935
          ],
          [
            1172.059326352087,
            2725.570144651713
          ],
          [
            1175.931036296307,
            2729.286717999514
          ],
          [
            1179.616392100798,
            2732.677292510673
          ],
          [
            1183.168350758764,
            2735.800631258962
          ],
          [
            1186.639869263407,
            2738.71549731815
          ],
          [
            1190.083904607929,
            2741.480653762007
          ],
          [
            1197.101353789418,
            2746.796890098807
          ],
          [
            1201.228161373699,
            2749.765616130653
          ],
          [
            1205.797401040078,
            2752.871648690652
          ],
          [
            1211.089797487692,
            2756.219581087879
          ],
          [
            1217.386075415683,
            2759.914006631412
          ],
          [
            1224.966959523189,
            2764.059518630328
          ],
          [
            1234.11317450935,
            2768.760710393702
          ],
          [
            1258.224495914196,
            2780.248506450129
          ]
        ]
      },
      "properties": {
        "layer": "Z_CBD",
        "dxftype": "POLYLINE",
        "handle": "4B9",
        "color": 256
      }
    },
    {
      "type": "Feature",
      "geometry": {
        "type": "LineString",
        "coordinates": [
          [
            1258.224495914196,
            2780.248506450129
          ],
          [
            1258.381461434668,
            2780.323787716727
          ],
          [
            1258.535711152483,
            2780.404487582101
          ],
          [
            1258.687058083397,
            2780.490508220442
          ],
          [
            1258.835318761973,
            2780.581745356004
          ],
          [
            1258.980313463986,
            2780.678088389514
          ],
          [
            1259.121866424284,
            2780.779420532235
          ],
          [
            1259.259806049856,
            2780.885618947545
          ],
          [
            1259.393965127841,
            2780.996554899842
          ],
          [
            1259.524181028222,
            2781.112093910593
          ],
          [
            1259.650295900973,
            2781.232095921361
          ],
          [
            1259.772156867409,
            2781.356415463578
          ],
          [
            1259.889616205502,
            2781.484901834888
          ],
          [
            1260.002531528959,
            2781.61739928183
          ],
          [
            1260.110765959818,
            2781.753747188649
          ],
          [
            1260.214188294384,
            2781.893780271992
          ],
          [
            1260.312673162266,
            2782.03732878127
          ],
          [
            1260.406101178359,
            2782.184218704432
          ],
          [
            1260.494359087564,
            2782.334271978905
          ],
          [
            1260.577339902078,
            2782.487306707448
          ],
          [
            1260.654943031083,
            2782.643137378647
          ],
          [
            1260.727074402689,
            2782.801575091795
          ],
          [
            1260.793646577968,
            2782.962427785885
          ],
          [
            1260.854578856948,
            2783.125500472427
          ],
          [
            1260.909797376437,
            2783.290595471815
          ],
          [
            1260.959235199567,
            2783.457512652961
          ],
          [
            1261.002832396931,
            2783.626049675895
          ],
          [
            1261.040536119234,
            2783.796002237047
          ],
          [
            1261.072300661352,
            2783.967164316906
          ],
          [
            1261.098087517744,
            2784.13932842976
          ],
          [
            1261.117865429127,
            2784.312285875217
          ],
          [
            1261.131610420363,
            2784.485826991191
          ],
          [
            1261.139305829532,
            2784.659741408061
          ],
          [
            1261.140942328121,
            2784.833818303684
          ],
          [
            1261.136517932338,
            2785.007846658959
          ],
          [
            1261.126038005513,
            2785.181615513623
          ],
          [
            1261.109515251601,
            2785.354914221987
          ],
          [
            1261.086969699776,
            2785.527532708281
          ],
          [
            1261.058428680158,
            2785.699261721313
          ],
          [
            1261.023926790676,
            2785.869893088124
          ],
          [
            1260.983505855132,
            2786.039219966342
          ],
          [
            1260.937214872504,
            2786.207037094922
          ],
          [
            1260.885109957541,
            2786.373141042961
          ],
          [
            1260.827254272746,
            2786.537330456306
          ],
          [
            1260.763717951807,
            2786.699406301635
          ],
          [
            1260.69457801458,
            2786.859172107732
          ],
          [
            1260.619918273724,
            2787.016434203651
          ],
          [
            1260.539829233102,
            2787.171001953488
          ],
          [
            1260.454407978071,
            2787.322687987474
          ],
          [
            1260.363758057791,
            2787.471308429106
          ],
          [
            1260.267989359706,
            2787.616683118047
          ],
          [
            1260.167217976331,
            2787.758635828519
          ],
          [
            1260.061566064525,
            2787.896994482925
          ],
          [
            1259.951161697411,
            2788.031591360451
          ],
          [
            1259.836138709123,
            2788.162263300372
          ],
          [
            1259.716636532568,
            2788.288851899844
          ]
        ]
      },
      "properties": {
        "layer": "Z_CBD",
        "dxftype": "POLYLINE",
        "handle": "4CA",
        "color": 256
      }
    },
    {
      "type": "Feature",
      "geometry": {
        "type": "LineString",
        "coordinates": [
          [
            1259.716636532568,
            2788.288851899844
          ],
          [
            1256.825160170643,
            2791.176686601712
          ],
          [
            1253.390798503563,
            2794.434219296136
          ],
          [
            1249.60638669766,
            2797.819258926586
          ],
          [
            1247.599653622123,
            2799.528590468253
          ],
          [
            1245.525497967246,
            2801.232594694446
          ],
          [
            1243.390616384819,
            2802.918870255338
          ],
          [
            1241.20170552663,
            2804.575015801102
          ],
          [
            1237.893549602769,
            2806.937780408101
          ],
          [
            1234.491690385131,
            2809.204796745406
          ],
          [
            1231.0049715553,
            2811.372461505249
          ],
          [
            1227.442236794857,
            2813.437171379866
          ],
          [
            1223.812329785383,
            2815.395323061489
          ],
          [
            1220.124094208459,
            2817.243313242351
          ],
          [
            1216.386373745668,
            2818.977538614688
          ],
          [
            1212.608012078589,
            2820.594395870732
          ]
        ]
      },
      "properties": {
        "layer": "Z_CBD",
        "dxftype": "POLYLINE",
        "handle": "504",
        "color": 256
      }
    },
    {
      "type": "Feature",
      "geometry": {
        "type": "LineString",
        "coordinates": [
          [
            1212.608012078589,
            2820.594395870732
          ],
          [
            1212.451682072214,
            2820.655476103508
          ],
          [
            1212.293390103849,
            2820.711275014615
          ],
          [
            1212.133314536037,
            2820.761729730141
          ],
          [
            1211.971635741065,
            2820.806783397982
          ],
          [
            1211.808535897733,
            2820.846385251908
          ],
          [
            1211.644198786067,
            2820.880490668763
          ],
          [
            1211.478809580244,
            2820.909061218746
          ],
          [
            1211.31255463993,
            2820.932064708715
          ],
          [
            1211.145621300301,
            2820.94947521846
          ],
          [
            1210.978197660946,
            2820.961273129914
          ],
          [
            1210.810472373924,
            2820.967445149252
          ],
          [
            1210.642634431187,
            2820.967984321877
          ],
          [
            1210.474872951627,
            2820.962890040251
          ],
          [
            1210.307376967979,
            2820.952168044584
          ],
          [
            1210.140335213817,
            2820.935830416363
          ],
          [
            1209.973935910893,
            2820.91389556474
          ],
          [
            1209.808366557048,
            2820.886388205787
          ],
          [
            1209.643813714939,
            2820.85333933465
          ],
          [
            1209.480462801827,
            2820.814786190617
          ]
        ]
      },
      "properties": {
        "layer": "Z_CBD",
        "dxftype": "POLYLINE",
        "handle": "516",
        "color": 256
      }
    },
    {
      "type": "Feature",
      "geometry": {
        "type": "LineString",
        "coordinates": [
          [
            1209.480462801827,
            2820.814786190617
          ],
          [
            1178.299536830313,
            2812.359165664468
          ],
          [
            1146.278536648865,
            2802.5464328969
          ],
          [
            1114.675813378432,
            2791.604977309454
          ],
          [
            1057.713052765175,
            2769.669835868469
          ]
        ]
      },
      "properties": {
        "layer": "Z_CBD",
        "dxftype": "POLYLINE",
        "handle": "52C",
        "color": 256
      }
    },
    {
      "type": "Feature",
      "geometry": {
        "type": "LineString",
        "coordinates": [
          [
            1109.170543485185,
            2579.473878873077
          ],
          [
            1109.014635490569,
            2579.400103592489
          ],
          [
            1108.861364866828,
            2579.320994738941
          ],
          [
            1108.710914006588,
            2579.236646452271
          ],
          [
            1108.563461946943,
            2579.147159107258
          ],
          [
            1108.419184156402,
            2579.052639194182
          ],
          [
            1108.278252326083,
            2578.9531991921
          ],
          [
            1108.140834165399,
            2578.848957434989
          ],
          [
            1108.007093202483,
            2578.740037970936
          ],
          [
            1107.877188589587,
            2578.626570414518
          ],
          [
            1107.751274913693,
            2578.508689792556
          ],
          [
            1107.629502012554,
            2578.386536383437
          ],
          [
            1107.512014796383,
            2578.260255550182
          ],
          [
            1107.398953075414,
            2578.12999756746
          ],
          [
            1107.290451393522,
            2577.995917442766
          ],
          [
            1107.186638868122,
            2577.858174731957
          ],
          [
            1107.087639036511,
            2577.71693334938
          ],
          [
            1106.993569708865,
            2577.572361372816
          ],
          [
            1106.90454282804,
            2577.424630843467
          ],
          [
            1106.820664336364,
            2577.273917561221
          ],
          [
            1106.742034049557,
            2577.120400875457
          ],
          [
            1106.668745537961,
            2576.964263471613
          ],
          [
            1106.600886015182,
            2576.805691153791
          ],
          [
            1106.538536234308,
            2576.644872623652
          ],
          [
            1106.481770391817,
            2576.481999255855
          ],
          [
            1106.430656039276,
            2576.317264870326
          ],
          [
            1106.385254002958,
            2576.150865501609
          ],
          [
            1106.345618311458,
            2575.982999165584
          ],
          [
            1106.311796131401,
            2575.813865623826
          ],
          [
            1106.283827711307,
            2575.643666145893
          ],
          [
            1106.261746333704,
            2575.472603269808
          ],
          [
            1106.245578275514,
            2575.300880561043
          ],
          [
            1106.235342776789,
            2575.128702370273
          ],
          [
            1106.231052017809,
            2574.956273590197
          ],
          [
            1106.232711104596,
            2574.783799411716
          ],
          [
            1106.240318062828,
            2574.61148507976
          ],
          [
            1106.253863840198,
            2574.439535649035
          ],
          [
            1106.273332317178,
            2574.268155740016
          ],
          [
            1106.298700326207,
            2574.097549295445
          ],
          [
            1106.329937679259,
            2573.927919337638
          ],
          [
            1106.367007203764,
            2573.759467726888
          ],
          [
            1106.409864786848,
            2573.592394921251
          ],
          [
            1106.458459427824,
            2573.426899737999
          ],
          [
            1106.512733298886,
            2573.263179117028
          ],
          [
            1106.57262181392,
            2573.101427886498
          ],
          [
            1106.638053705368,
            2572.941838530985
          ],
          [
            1106.70895110903,
            2572.78460096243
          ],
          [
            1106.785229656726,
            2572.629902294134
          ],
          [
            1106.866798576696,
            2572.477926618099
          ],
          [
            1106.953560801616,
            2572.328854785957
          ],
          [
            1107.045413084109,
            2572.182864193753
          ],
          [
            1107.14224611961,
            2572.040128570846
          ],
          [
            1107.24394467644,
            2571.900817773167
          ],
          [
            1107.350387732931,
            2571.765097581095
          ],
          [
            1107.461448621441,
            2571.633129502172
          ],
          [
            1107.576995179093,
            2571.505070578913
          ],
          [
            1107.696889905044,
            2571.381073201924
          ],
          [
            1107.820990124116,
            2571.261284928551
          ],
          [
            1107.949148156577,
            2571.145848307296
          ],
          [
            1108.081211493883,
            2571.034900708175
          ],
          [
            1108.217022980162,
            2570.928574159251
          ],
          [
            1108.35642099923,
            2570.826995189522
          ],
          [
            1108.499239666915,
            2570.730284678346
          ],
          [
            1108.645309028461,
            2570.638557711599
          ],
          [
            1108.794455260774,
            2570.551923444718
          ],
          [
            1108.946500879273,
            2570.470484972811
          ],
          [
            1109.101264949094,
            2570.394339207966
          ],
          [
            1109.258563300407,
            2570.323576763935
          ]
        ]
      },
      "properties": {
        "layer": "Z_CBD",
        "dxftype": "POLYLINE",
        "handle": "533",
        "color": 256
      }
    },
    {
      "type": "Feature",
      "geometry": {
        "type": "LineString",
        "coordinates": [
          [
            1109.258563300407,
            2570.323576763935
          ],
          [
            1161.894439122566,
            2546.910684949234
          ],
          [
            1213.951257161829,
            2522.261792649527
          ]
        ]
      },
      "properties": {
        "layer": "Z_CBD",
        "dxftype": "POLYLINE",
        "handle": "579",
        "color": 256
      }
    },
    {
      "type": "Feature",
      "geometry": {
        "type": "LineString",
        "coordinates": [
          [
            1213.951257161829,
            2522.261792649527
          ],
          [
            1214.107229812258,
            2522.189183581753
          ],
          [
            1214.265608166559,
            2522.121983572126
          ],
          [
            1214.426204707646,
            2522.060272184233
          ],
          [
            1214.588829292141,
            2522.004122483232
          ],
          [
            1214.753289375501,
            2521.953600949347
          ],
          [
            1214.919390239983,
            2521.908767399153
          ],
          [
            1215.086935225192,
            2521.869674914756
          ],
          [
            1215.255725960917,
            2521.836369780945
          ],
          [
            1215.425562602004,
            2521.808891430392
          ],
          [
            1215.596244064965,
            2521.787272396963
          ],
          [
            1215.767568266058,
            2521.771538277201
          ],
          [
            1215.939332360551,
            2521.761707700014
          ],
          [
            1216.111332982886,
            2521.757792304628
          ],
          [
            1216.283366487462,
            2521.7597967268
          ],
          [
            1216.455229189743,
            2521.767718593331
          ],
          [
            1216.626717607423,
            2521.781548524875
          ],
          [
            1216.79762870134,
            2521.801270147045
          ],
          [
            1216.967760115873,
            2521.826860109799
          ],
          [
            1217.136910418528,
            2521.858288115088
          ],
          [
            1217.304879338429,
            2521.895516952726
          ],
          [
            1217.471468003437,
            2521.93850254445
          ],
          [
            1217.636479175607,
            2521.9871939961
          ],
          [
            1217.79971748472,
            2522.041533657885
          ],
          [
            1217.960989659591,
            2522.101457192638
          ],
          [
            1218.120104756904,
            2522.166893651983
          ],
          [
            1218.276874387285,
            2522.237765560347
          ],
          [
            1218.431112938348,
            2522.313989006679
          ],
          [
            1218.582637794459,
            2522.395473743811
          ],
          [
            1218.731269552949,
            2522.482123295297
          ],
          [
            1218.876832236526,
            2522.573835069649
          ],
          [
            1219.019153501625,
            2522.670500481796
          ],
          [
            1219.158064842461,
            2522.772005081652
          ],
          [
            1219.293401790539,
            2522.87822868962
          ],
          [
            1219.425004109378,
            2522.989045538885
          ],
          [
            1219.552715984231,
            2523.104324424316
          ],
          [
            1219.676386206566,
            2523.223928857815
          ],
          [
            1219.795868353093,
            2523.347717229911
          ],
          [
            1219.911020959128,
            2523.475542977428
          ],
          [
            1220.021707686084,
            2523.607254757009
          ],
          [
            1220.127797482893,
            2523.742696624309
          ],
          [
            1220.229164741171,
            2523.881708218624
          ],
          [
            1220.325689443928,
            2524.024124952762
          ],
          [
            1220.417257307678,
            2524.169778207903
          ],
          [
            1220.503759917738,
            2524.318495533247
          ],
          [
            1220.585094856594,
            2524.470100850193
          ],
          [
            1220.66116582516,
            2524.624414660807
          ],
          [
            1220.731882756796,
            2524.781254260349
          ],
          [
            1220.797161923945,
            2524.940433953593
          ],
          [
            1220.856926037261,
            2525.101765274683
          ],
          [
            1220.911104337123,
            2525.265057210273
          ],
          [
            1220.959632677413,
            2525.430116425688
          ]
        ]
      },
      "properties": {
        "layer": "Z_CBD",
        "dxftype": "POLYLINE",
        "handle": "57E",
        "color": 256
      }
    },
    {
      "type": "Feature",
      "geometry": {
        "type": "LineString",
        "coordinates": [
          [
            1220.959632677413,
            2525.430116425688
          ],
          [
            1232.010234020529,
            2567.459083578173
          ],
          [
            1240.788811251632,
            2603.875008138431
          ]
        ]
      },
      "properties": {
        "layer": "Z_CBD",
        "dxftype": "POLYLINE",
        "handle": "5B4",
        "color": 256
      }
    },
    {
      "type": "Feature",
      "geometry": {
        "type": "LineString",
        "coordinates": [
          [
            1240.788811251632,
            2603.875008138431
          ],
          [
            1240.825108035199,
            2604.044125969857
          ],
          [
            1240.855533544617,
            2604.214398063225
          ],
          [
            1240.880051368706,
            2604.385620648491
          ],
          [
            1240.898632166206,
            2604.557588818126
          ],
          [
            1240.911253700882,
            2604.730096772336
          ],
          [
            1240.917900868143,
            2604.90293806535
          ],
          [
            1240.918565713111,
            2605.07590585248
          ],
          [
            1240.913247440143,
            2605.248793137657
          ],
          [
            1240.901952413789,
            2605.421393021154
          ],
          [
            1240.884694151166,
            2605.593498947184
          ],
          [
            1240.861493305786,
            2605.764904951096
          ],
          [
            1240.832377642843,
            2605.935405905858
          ],
          [
            1240.797382005978,
            2606.104797767539
          ],
          [
            1240.756548275586,
            2606.272877819495
          ],
          [
            1240.709925318695,
            2606.439444914967
          ],
          [
            1240.657568930485,
            2606.604299717799
          ],
          [
            1240.599541767515,
            2606.767244940991
          ],
          [
            1240.535913272741,
            2606.928085582796
          ],
          [
            1240.466759592414,
            2607.086629160089
          ],
          [
            1240.392163484949,
            2607.242685938712
          ],
          [
            1240.312214221885,
            2607.396069160542
          ],
          [
            1240.227007481057,
            2607.546595266984
          ],
          [
            1240.136645232089,
            2607.694084118647
          ],
          [
            1240.041235614366,
            2607.838359210916
          ],
          [
            1239.940892807622,
            2607.979247885188
          ],
          [
            1239.835736895293,
            2608.116581535491
          ],
          [
            1239.725893720814,
            2608.250195810267
          ],
          [
            1239.611494737016,
            2608.37993080905
          ],
          [
            1239.492676848811,
            2608.50563127383
          ],
          [
            1239.369582249356,
            2608.627146774851
          ],
          [
            1239.242358249884,
            2608.744331890637
          ],
          [
            1239.111157103414,
            2608.857046382022
          ],
          [
            1238.976135822542,
            2608.965155359979
          ],
          [
            1238.837455991541,
            2609.068529447047
          ],
          [
            1238.69528357299,
            2609.167044932157
          ],
          [
            1238.549788709155,
            2609.260583918687
          ],
          [
            1238.401145518381,
            2609.349034465548
          ],
          [
            1238.249531886716,
            2609.432290721149
          ],
          [
            1238.095129255029,
            2609.510253050074
          ],
          [
            1237.938122401873,
            2609.582828152316
          ],
          [
            1237.778699222358,
            2609.649929174937
          ],
          [
            1237.617050503288,
            2609.711475816002
          ],
          [
            1237.453369694841,
            2609.767394420682
          ],
          [
            1237.287852679061,
            2609.8176180694
          ],
          [
            1237.12069753544,
            2609.862086657914
          ],
          [
            1236.95210430387,
            2609.900746969244
          ],
          [
            1236.782274745249,
            2609.933552737364
          ],
          [
            1236.611412100027,
            2609.960464702566
          ],
          [
            1236.43972084498,
            2609.981450658439
          ],
          [
            1236.267406448511,
            2609.996485490424
          ],
          [
            1236.094675124753,
            2610.005551205856
          ]
        ]
      },
      "properties": {
        "layer": "Z_CBD",
        "dxftype": "POLYLINE",
        "handle": "5B9",
        "color": 256
      }
    },
    {
      "type": "Feature",
      "geometry": {
        "type": "LineString",
        "coordinates": [
          [
            1236.094675124753,
            2610.005551205856
          ],
          [
            1230.724627159458,
            2610.116905115826
          ],
          [
            1224.397980099955,
            2610.059334574366
          ],
          [
            1218.075993893926,
            2609.808625459868
          ],
          [
            1211.650181014667,
            2609.364806439804
          ],
          [
            1205.239595503519,
            2608.737337606811
          ],
          [
            1198.858141756713,
            2607.932224788878
          ],
          [
            1192.501803830389,
            2606.948968479993
          ],
          [
            1186.242511932169,
            2605.802149975791
          ],
          [
            1180.015186996871,
            2604.491978431835
          ],
          [
            1173.938778464165,
            2603.058935725012
          ],
          [
            1167.896238869918,
            2601.489039016288
          ],
          [
            1162.120852117412,
            2599.859000140874
          ],
          [
            1156.378366983602,
            2598.116481819748
          ],
          [
            1145.683873506342,
            2594.557978783732
          ],
          [
            1140.124924573478,
            2592.548083651338
          ],
          [
            1130.164902002223,
            2588.64203425392
          ],
          [
            1109.170543485185,
            2579.473878873076
          ]
        ]
      },
      "properties": {
        "layer": "Z_CBD",
        "dxftype": "POLYLINE",
        "handle": "5EF",
        "color": 256
      }
    },
    {
      "type": "Feature",
      "geometry": {
        "type": "LineString",
        "coordinates": [
          [
            924.7429788921366,
            2642.594007542901
          ],
          [
            924.5812213414055,
            2642.654101533767
          ],
          [
            924.4216337725125,
            2642.719741466824
          ],
          [
            924.2644062656975,
            2642.790849160203
          ],
          [
            924.1097260901976,
            2642.867339919542
          ],
          [
            923.9577774811947,
            2642.949122638859
          ],
          [
            923.80874142038,
            2643.036099909072
          ],
          [
            923.6627954203902,
            2643.128168134014
          ],
          [
            923.5201133133787,
            2643.225217653825
          ],
          [
            923.3808650439676,
            2643.327132875568
          ],
          [
            923.2452164668325,
            2643.433792410904
          ],
          [
            923.1133291491572,
            2643.545069220677
          ],
          [
            922.9853601781957,
            2643.660830766227
          ],
          [
            922.8614619741703,
            2643.780939167249
          ],
          [
            922.7417821087278,
            2643.905251366025
          ],
          [
            922.6264631291708,
            2644.03361929781
          ],
          [
            922.5156423886748,
            2644.165890067192
          ],
          [
            922.4094518826896,
            2644.301906130197
          ],
          [
            922.3080180917234,
            2644.44150548194
          ],
          [
            922.2114618306961,
            2644.584521849581
          ],
          [
            922.1198981050393,
            2644.73078489037
          ],
          [
            922.033435973717,
            2644.880120394535
          ],
          [
            921.9521784193289,
            2645.03235049278
          ],
          [
            921.8762222254494,
            2645.187293868141
          ],
          [
            921.8056578613532,
            2645.344765971945
          ],
          [
            921.7405693742586,
            2645.504579243624
          ],
          [
            921.6810342892218,
            2645.666543334108
          ],
          [
            921.6271235167986,
            2645.830465332552
          ],
          [
            921.5789012685858,
            2645.996149996097
          ],
          [
            921.5364249807391,
            2646.163399982428
          ],
          [
            921.4997452455636,
            2646.332016084815
          ],
          [
            921.4689057512549,
            2646.501797469389
          ],
          [
            921.4439432298619,
            2646.672541914343
          ],
          [
            921.4248874135383,
            2646.844046050798
          ],
          [
            921.4117609991279,
            2647.016105605027
          ],
          [
            921.4045796211315,
            2647.188515641762
          ],
          [
            921.4033518330856,
            2647.361070808284
          ],
          [
            921.4080790973735,
            2647.533565579014
          ],
          [
            921.4187557834846,
            2647.705794500309
          ],
          [
            921.43536917472,
            2647.877552435173
          ],
          [
            921.4578994833392,
            2648.048634807585
          ],
          [
            921.486319874129,
            2648.218837846173
          ],
          [
            921.5205964963654,
            2648.387958826908
          ],
          [
            921.5606885241333,
            2648.555796314575
          ],
          [
            921.6065482049521,
            2648.722150402689
          ],
          [
            921.6581209166533,
            2648.886822951599
          ],
          [
            921.7153452324382,
            2649.049617824491
          ],
          [
            921.7781529940427,
            2649.210341120995
          ],
          [
            921.8464693929185,
            2649.368801408138
          ],
          [
            921.9202130593349,
            2649.524809948354
          ],
          [
            921.9992961592964,
            2649.678180924283
          ],
          [
            922.083624499159,
            2649.828731660093
          ],
          [
            922.1730976378225,
            2649.97628283906
          ],
          [
            922.2676090063617,
            2650.120658717148
          ],
          [
            922.3670460349583,
            2650.261687332333
          ],
          [
            922.4712902869801,
            2650.399200709417
          ],
          [
            922.5802176000465,
            2650.533035060109
          ],
          [
            922.6936982339157,
            2650.663030978097
          ],
          [
            922.811597025014,
            2650.78903362892
          ],
          [
            922.9337735474257,
            2650.910892934384
          ],
          [
            923.0600822801505,
            2651.028463751318
          ]
        ]
      },
      "properties": {
        "layer": "Z_CBD",
        "dxftype": "POLYLINE",
        "handle": "603",
        "color": 256
      }
    },
    {
      "type": "Feature",
      "geometry": {
        "type": "LineString",
        "coordinates": [
          [
            923.0600822801505,
            2651.028463751318
          ],
          [
            1005.251215784594,
            2725.282698542701
          ],
          [
            1013.498245286834,
            2733.446947103417
          ],
          [
            1022.074459116616,
            2742.231245339236
          ]
        ]
      },
      "properties": {
        "layer": "Z_CBD",
        "dxftype": "POLYLINE",
        "handle": "642",
        "color": 256
      }
    },
    {
      "type": "Feature",
      "geometry": {
        "type": "LineString",
        "coordinates": [
          [
            1022.074459116616,
            2742.231245339236
          ],
          [
            1022.198991905138,
            2742.351189479457
          ],
          [
            1022.327597325594,
            2742.466756161593
          ],
          [
            1022.460121591559,
            2742.577807190949
          ],
          [
            1022.596406230451,
            2742.68420977265
          ],
          [
            1022.736288273033,
            2742.785836670436
          ],
          [
            1022.87960044829,
            2742.882566358815
          ],
          [
            1023.026171383453,
            2742.974283168376
          ],
          [
            1023.175825808925,
            2743.060877424115
          ],
          [
            1023.328384767873,
            2743.142245576579
          ],
          [
            1023.483665830219,
            2743.21829032569
          ],
          [
            1023.641483310791,
            2743.288920737102
          ],
          [
            1023.801648491372,
            2743.354052350933
          ],
          [
            1023.963969846358,
            2743.413607282768
          ],
          [
            1024.128253271796,
            2743.467514316791
          ],
          [
            1024.294302317484,
            2743.515708990943
          ],
          [
            1024.461918421893,
            2743.558133674011
          ],
          [
            1024.630901149603,
            2743.594737634537
          ],
          [
            1024.801048430986,
            2743.625477101488
          ],
          [
            1024.972156803841,
            2743.650315316592
          ],
          [
            1025.144021656691,
            2743.669222578303
          ],
          [
            1025.316437473462,
            2743.682176277306
          ],
          [
            1025.489198079235,
            2743.689160923562
          ],
          [
            1025.662096886795,
            2743.690168164827
          ],
          [
            1025.834927143663,
            2743.685196796642
          ],
          [
            1026.007482179333,
            2743.674252763771
          ],
          [
            1026.17955565241,
            2743.657349153095
          ],
          [
            1026.35094179735,
            2743.634506177958
          ],
          [
            1026.521435670518,
            2743.605751154003
          ],
          [
            1026.690833395257,
            2743.5711184665
          ],
          [
            1026.858932405686,
            2743.530649529234
          ],
          [
            1027.025531688926,
            2743.48439273498
          ]
        ]
      },
      "properties": {
        "layer": "Z_CBD",
        "dxftype": "POLYLINE",
        "handle": "648",
        "color": 256
      }
    },
    {
      "type": "Feature",
      "geometry": {
        "type": "LineString",
        "coordinates": [
          [
            1027.025531688926,
            2743.48439273498
          ],
          [
            1027.032517840353,
            2743.482322257937
          ]
        ]
      },
      "properties": {
        "layer": "Z_CBD",
        "dxftype": "POLYLINE",
        "handle": "66A",
        "color": 256
      }
    },
    {
      "type": "Feature",
      "geometry": {
        "type": "LineString",
        "coordinates": [
          [
            1027.032517840353,
            2743.482322257937
          ],
          [
            1042.763108341663,
            2738.554764798488
          ],
          [
            1051.822716708105,
            2735.368523685379
          ],
          [
            1058.5341805645,
            2732.758949441416
          ],
          [
            1071.237480085527,
            2727.290288074258
          ],
          [
            1074.372210280109,
            2726.000096307135
          ],
          [
            1077.654193459028,
            2724.750426815462
          ],
          [
            1079.684023326502,
            2724.038630916863
          ],
          [
            1081.444135535043,
            2723.461851926108
          ],
          [
            1083.12371901991,
            2722.947016449958
          ],
          [
            1085.002749155507,
            2722.412127113116
          ],
          [
            1086.959654712141,
            2721.900325095648
          ],
          [
            1089.523644188252,
            2721.29716832348
          ],
          [
            1091.652696135283,
            2720.851563174351
          ],
          [
            1093.857806902804,
            2720.437234872513
          ],
          [
            1098.453971549239,
            2719.698737718428
          ],
          [
            1104.492210102116,
            2718.925332461636
          ],
          [
            1113.359315414361,
            2718.075529453116
          ],
          [
            1130.227135562166,
            2717.043255983522
          ],
          [
            1153.563996270285,
            2715.989635672009
          ],
          [
            1159.008514320487,
            2715.544082023581
          ]
        ]
      },
      "properties": {
        "layer": "Z_CBD",
        "dxftype": "POLYLINE",
        "handle": "66E",
        "color": 256
      }
    },
    {
      "type": "Feature",
      "geometry": {
        "type": "LineString",
        "coordinates": [
          [
            1159.008514320487,
            2715.544082023581
          ],
          [
            1159.178965046425,
            2715.524140617838
          ],
          [
            1159.348631031985,
            2715.498361498768
          ],
          [
            1159.517312403104,
            2715.466775035318
          ],
          [
            1159.68481044564,
            2715.429418437743
          ],
          [
            1159.850927839465,
            2715.386335713773
          ],
          [
            1160.015468890915,
            2715.33757761677
          ],
          [
            1160.17823976333,
            2715.283201585935
          ],
          [
            1160.339048705396,
            2715.223271678648
          ],
          [
            1160.497706277041,
            2715.157858494997
          ],
          [
            1160.654025572606,
            2715.087039094618
          ],
          [
            1160.807822441021,
            2715.010896905907
          ],
          [
            1160.958915702748,
            2714.929521627742
          ],
          [
            1161.10712736322,
            2714.843009123813
          ],
          [
            1161.252282822521,
            2714.751461309689
          ],
          [
            1161.394211081079,
            2714.654986032759
          ],
          [
            1161.532744941103,
            2714.553696945181
          ],
          [
            1161.66772120356,
            2714.447713369995
          ],
          [
            1161.79898086042,
            2714.337160160558
          ],
          [
            1161.926369281982,
            2714.222167553458
          ],
          [
            1162.049736399031,
            2714.102871015089
          ],
          [
            1162.168936879627,
            2713.979411082067
          ],
          [
            1162.283830300314,
            2713.851933195677
          ],
          [
            1162.394281311542,
            2713.720587530523
          ],
          [
            1162.500159797118,
            2713.585528817632
          ],
          [
            1162.601341027486,
            2713.446916162159
          ],
          [
            1162.697705806666,
            2713.304912855967
          ],
          [
            1162.789140612671,
            2713.159686185253
          ],
          [
            1162.87553773124,
            2713.011407233481
          ],
          [
            1162.956795382734,
            2712.860250679837
          ],
          [
            1163.032817842033,
            2712.70639459345
          ],
          [
            1163.103515551304,
            2712.550020223621
          ],
          [
            1163.168805225509,
            2712.391311786296
          ],
          [
            1163.228609950514,
            2712.23045624706
          ],
          [
            1163.282859273697,
            2712.067643100877
          ],
          [
            1163.331489286949,
            2711.90306414886
          ],
          [
            1163.374442701955,
            2711.73691327232
          ],
          [
            1163.411668917686,
            2711.569386204363
          ],
          [
            1163.443124080007,
            2711.400680299312
          ],
          [
            1163.468771133342,
            2711.23099430021
          ],
          [
            1163.488579864322,
            2711.060528104696
          ],
          [
            1163.502526937384,
            2710.889482529516
          ],
          [
            1163.510595922256,
            2710.718059073947
          ],
          [
            1163.512777313317,
            2710.546459682431
          ],
          [
            1163.50906854079,
            2710.374886506665
          ],
          [
            1163.499473973775,
            2710.203541667468
          ],
          [
            1163.484004915097,
            2710.032627016664
          ],
          [
            1163.462679587993,
            2709.862343899298
          ],
          [
            1163.435523114646,
            2709.692892916442
          ],
          [
            1163.402567486587,
            2709.524473688872
          ],
          [
            1163.363851527008,
            2709.357284621916
          ]
        ]
      },
      "properties": {
        "layer": "Z_CBD",
        "dxftype": "POLYLINE",
        "handle": "685",
        "color": 256
      }
    },
    {
      "type": "Feature",
      "geometry": {
        "type": "LineString",
        "coordinates": [
          [
            1163.363851527008,
            2709.357284621915
          ],
          [
            1159.528359346451,
            2692.863864250294
          ],
          [
            1150.561374836504,
            2646.294671987483
          ],
          [
            1149.659445783808,
            2642.355058596233
          ],
          [
            1148.944265035938,
            2639.644824712018
          ],
          [
            1148.311320898532,
            2637.522713645124
          ],
          [
            1147.601635651914,
            2635.397683639521
          ],
          [
            1147.01506397349,
            2633.805217585917
          ],
          [
            1146.591977899499,
            2632.732179000258
          ],
          [
            1146.141205603422,
            2631.647980941866
          ],
          [
            1145.660548443617,
            2630.549849322226
          ],
          [
            1145.147761742827,
            2629.435052508133
          ],
          [
            1144.597833615633,
            2628.295280941459
          ],
          [
            1144.010883961244,
            2627.133320158761
          ],
          [
            1142.723407801346,
            2624.744480798418
          ],
          [
            1142.012071850481,
            2623.501121100514
          ],
          [
            1141.013413505943,
            2621.828997052745
          ],
          [
            1139.328893387218,
            2619.164142480768
          ],
          [
            1137.433127744743,
            2616.343719219219
          ],
          [
            1136.354187568622,
            2614.804378458173
          ],
          [
            1134.093582410266,
            2611.700073802589
          ],
          [
            1130.029664192641,
            2606.426408963257
          ],
          [
            1123.872242835606,
            2598.930694046781
          ],
          [
            1120.339225730562,
            2594.809923496002
          ]
        ]
      },
      "properties": {
        "layer": "Z_CBD",
        "dxftype": "POLYLINE",
        "handle": "6BA",
        "color": 256
      }
    },
    {
      "type": "Feature",
      "geometry": {
        "type": "LineString",
        "coordinates": [
          [
            1120.339225730563,
            2594.809923496002
          ],
          [
            1113.455992857769,
            2586.88082354218
          ]
        ]
      },
      "properties": {
        "layer": "Z_CBD",
        "dxftype": "POLYLINE",
        "handle": "6D4",
        "color": 256
      }
    },
    {
      "type": "Feature",
      "geometry": {
        "type": "LineString",
        "coordinates": [
          [
            1113.455992857771,
            2586.880823542181
          ],
          [
            1094.561845784515,
            2578.312686103379
          ]
        ]
      },
      "properties": {
        "layer": "Z_CBD",
        "dxftype": "POLYLINE",
        "handle": "6D8",
        "color": 256
      }
    },
    {
      "type": "Feature",
      "geometry": {
        "type": "LineString",
        "coordinates": [
          [
            1094.561845784515,
            2578.312686103379
          ],
          [
            1094.404378675654,
            2578.243848769438
          ],
          [
            1094.244638909225,
            2578.180463629712
          ],
          [
            1094.082815198394,
            2578.122605566057
          ],
          [
            1093.919098718256,
            2578.070342930762
          ],
          [
            1093.753682879982,
            2578.023737465791
          ],
          [
            1093.586763102329,
            2577.982844229853
          ],
          [
            1093.418536580778,
            2577.947711533347
          ],
          [
            1093.249202054567,
            2577.918380881295
          ],
          [
            1093.078959571908,
            2577.894886924306
          ],
          [
            1092.908010253653,
            2577.877257417641
          ],
          [
            1092.736556055696,
            2577.865513188425
          ],
          [
            1092.564799530384,
            2577.859668111041
          ],
          [
            1092.392943587227,
            2577.859729090741
          ],
          [
            1092.221191253185,
            2577.865696055482
          ],
          [
            1092.049745432818,
            2577.87756195602
          ],
          [
            1091.878808668575,
            2577.895312774232
          ],
          [
            1091.708582901519,
            2577.918927539679
          ],
          [
            1091.539269232754,
            2577.948378354378
          ],
          [
            1091.371067685853,
            2577.983630425762
          ],
          [
            1091.204176970548,
            2578.024642107783
          ],
          [
            1091.038794247987,
            2578.071364950112
          ],
          [
            1090.875114897805,
            2578.123743755375
          ],
          [
            1090.713332287307,
            2578.181716644363
          ],
          [
            1090.553637543035,
            2578.245215129138
          ]
        ]
      },
      "properties": {
        "layer": "Z_CBD",
        "dxftype": "POLYLINE",
        "handle": "6DC",
        "color": 256
      }
    },
    {
      "type": "Feature",
      "geometry": {
        "type": "LineString",
        "coordinates": [
          [
            1090.553637543035,
            2578.245215129138
          ],
          [
            940.9592021268137,
            2636.646887891502
          ],
          [
            924.7429788921366,
            2642.594007542901
          ]
        ]
      },
      "properties": {
        "layer": "Z_CBD",
        "dxftype": "POLYLINE",
        "handle": "6F7",
        "color": 256
      }
    },
    {
      "type": "Feature",
      "geometry": {
        "type": "LineString",
        "coordinates": [
          [
            760.8257009909713,
            2818.266912095158
          ],
          [
            760.6590862485405,
            2818.227546723707
          ],
          [
            760.4939168640793,
            2818.182500310957
          ],
          [
            760.3303864828673,
            2818.131825669513
          ],
          [
            760.168686828609,
            2818.075582210536
          ],
          [
            760.0090074786575,
            2818.013835874095
          ],
          [
            759.8515356417525,
            2817.946659051852
          ],
          [
            759.696455938536,
            2817.874130502197
          ],
          [
            759.5439501851029,
            2817.796335257903
          ],
          [
            759.3941971798376,
            2817.713364526444
          ],
          [
            759.2473724937921,
            2817.625315583052
          ],
          [
            759.1036482648442,
            2817.532291656677
          ],
          [
            758.9631929958824,
            2817.434401808962
          ],
          [
            758.8261713572535,
            2817.331760806373
          ],
          [
            758.6927439937015,
            2817.224488985654
          ],
          [
            758.5630673360266,
            2817.112712112737
          ],
          [
            758.4372934176866,
            2816.996561235296
          ],
          [
            758.3155696965509,
            2816.876172529108
          ],
          [
            758.1980388820208,
            2816.751687138396
          ],
          [
            758.084838767716,
            2816.623251010354
          ],
          [
            757.9761020699253,
            2816.491014724039
          ],
          [
            757.8719562720097,
            2816.355133313826
          ],
          [
            757.7725234749392,
            2816.215766087651
          ],
          [
            757.6779202541422,
            2816.073076440236
          ],
          [
            757.5882575228319,
            2815.92723166152
          ],
          [
            757.5036404019701,
            2815.778402740533
          ],
          [
            757.4241680970244,
            2815.626764164928
          ],
          [
            757.3499337816587,
            2815.472493716407
          ],
          [
            757.2810244884955,
            2815.315772262289
          ],
          [
            757.2175210070792,
            2815.156783543467
          ],
          [
            757.1594977891579,
            2814.995713958979
          ],
          [
            757.1070228613954,
            2814.832752347484
          ],
          [
            757.0601577456172,
            2814.668089765857
          ],
          [
            757.0189573866818,
            2814.501919265201
          ],
          [
            756.9834700880629,
            2814.334435664506
          ],
          [
            756.9537374552178,
            2814.16583532225
          ],
          [
            756.9297943468105,
            2813.99631590618
          ],
          [
            756.9116688338413,
            2813.826076161571
          ],
          [
            756.899382166738,
            2813.655315678214
          ],
          [
            756.8929487504403,
            2813.484234656416
          ],
          [
            756.8923761275126,
            2813.313033672284
          ],
          [
            756.8976649693005,
            2813.141913442569
          ],
          [
            756.9088090751437,
            2812.971074589349
          ],
          [
            756.9257953796456,
            2812.800717404809
          ],
          [
            756.9486039679917,
            2812.631041616429
          ],
          [
            756.9772080992974,
            2812.462246152813
          ],
          [
            757.011574237959,
            2812.294528910473
          ],
          [
            757.0516620929715,
            2812.128086521805
          ],
          [
            757.0974246651655,
            2811.963114124565
          ],
          [
            757.1488083023094,
            2811.799805133084
          ]
        ]
      },
      "properties": {
        "layer": "Z_CBD",
        "dxftype": "POLYLINE",
        "handle": "9B6",
        "color": 256
      }
    },
    {
      "type": "Feature",
      "geometry": {
        "type": "LineString",
        "coordinates": [
          [
            757.1488083023094,
            2811.799805133084
          ],
          [
            757.5174792153055,
            2810.647128007401
          ],
          [
            758.0488716866746,
            2808.800677143399
          ],
          [
            758.5506227375189,
            2806.81751967993
          ],
          [
            758.9948178941484,
            2804.820581271359
          ],
          [
            759.4213475630667,
            2802.638155214188
          ],
          [
            759.7963755986896,
            2800.446236456808
          ],
          [
            760.255045950236,
            2797.305509340149
          ],
          [
            760.8339515575374,
            2792.251190778711
          ],
          [
            761.2849737574209,
            2786.779568394302
          ],
          [
            761.6110824745208,
            2780.884838929379
          ],
          [
            761.8769914138365,
            2770.539181798654
          ]
        ]
      },
      "properties": {
        "layer": "Z_CBD",
        "dxftype": "POLYLINE",
        "handle": "9EA",
        "color": 256
      }
    },
    {
      "type": "Feature",
      "geometry": {
        "type": "LineString",
        "coordinates": [
          [
            761.8769914138365,
            2770.539181798654
          ],
          [
            761.8816013105601,
            2770.368660152079
          ],
          [
            761.892025329046,
            2770.198394997286
          ],
          [
            761.9082513362025,
            2770.028584515306
          ],
          [
            761.9302604456824,
            2769.859426357956
          ],
          [
            761.9580270398653,
            2769.691117417772
          ],
          [
            761.9915187996763,
            2769.523853598842
          ],
          [
            762.0306967422031,
            2769.357829588779
          ],
          [
            762.0755152660709,
            2769.193238632112
          ],
          [
            762.1259222045203,
            2769.030272305361
          ],
          [
            762.181858886127,
            2768.869120294052
          ],
          [
            762.2432602030924,
            2768.709970171924
          ],
          [
            762.3100546870269,
            2768.553007182611
          ],
          [
            762.3821645921353,
            2768.398414024019
          ],
          [
            762.4595059857097,
            2768.246370635678
          ],
          [
            762.5419888458232,
            2768.097053989299
          ],
          [
            762.6295171661117,
            2767.950637882788
          ],
          [
            762.7219890675207,
            2767.807292737952
          ],
          [
            762.8192969168882,
            2767.667185402135
          ],
          [
            762.9213274522251,
            2767.530478954017
          ],
          [
            763.0279619145464,
            2767.397332513795
          ],
          [
            763.1390761861021,
            2767.267901057978
          ],
          [
            763.2545409348442,
            2767.142335238998
          ],
          [
            763.3742217649635,
            2767.020781209858
          ],
          [
            763.497979373321,
            2766.903380454017
          ],
          [
            763.6256697115892,
            2766.790269620711
          ],
          [
            763.7571441539192,
            2766.681580365896
          ],
          [
            763.8922496699339,
            2766.577439199009
          ],
          [
            764.0308290028488,
            2766.477967335715
          ],
          [
            764.1727208525112,
            2766.383280556819
          ],
          [
            764.3177600631476,
            2766.293489073503
          ],
          [
            764.4657778155964,
            2766.208697399039
          ],
          [
            764.6166018238067,
            2766.129004227151
          ],
          [
            764.7700565353712,
            2766.054502317128
          ],
          [
            764.9259633358612,
            2765.985278385868
          ],
          [
            765.0841407567264,
            2765.921413006931
          ],
          [
            765.2444046865156,
            2765.862980516767
          ],
          [
            765.4065685851746,
            2765.810048928183
          ],
          [
            765.57044370117,
            2765.762679851184
          ],
          [
            765.7358392911882,
            2765.720928421259
          ]
        ]
      },
      "properties": {
        "layer": "Z_CBD",
        "dxftype": "POLYLINE",
        "handle": "9F8",
        "color": 256
      }
    },
    {
      "type": "Feature",
      "geometry": {
        "type": "LineString",
        "coordinates": [
          [
            765.7358392911882,
            2765.720928421259
          ],
          [
            817.30095571383,
            2754.249267374428
          ],
          [
            835.1956984506539,
            2750.889854002295
          ],
          [
            844.1096740219573,
            2749.456211676413
          ],
          [
            853.0532839032592,
            2748.223047323782
          ],
          [
            861.961305017606,
            2747.232542570516
          ],
          [
            870.8520447114191,
            2746.513424843365
          ],
          [
            875.2859205999835,
            2746.265694693773
          ],
          [
            879.7235155933713,
            2746.097954649421
          ],
          [
            885.9167258369623,
            2746.003756133126
          ],
          [
            891.2117920922933,
            2746.046744211385
          ],
          [
            896.5051764888195,
            2746.191162789413
          ],
          [
            907.1712141331413,
            2746.739311257898
          ],
          [
            931.4408856713221,
            2748.824269141341
          ],
          [
            953.437400829292,
            2751.317413680285
          ],
          [
            964.338785665032,
            2752.821034258486
          ],
          [
            975.2069682462867,
            2754.546556465783
          ],
          [
            985.9841738235987,
            2756.519450765682
          ],
          [
            996.6781949030669,
            2758.77433866652
          ],
          [
            1007.78386459655,
            2761.474339004245
          ]
        ]
      },
      "properties": {
        "layer": "Z_CBD",
        "dxftype": "POLYLINE",
        "handle": "A22",
        "color": 256
      }
    },
    {
      "type": "Feature",
      "geometry": {
        "type": "LineString",
        "coordinates": [
          [
            1007.78386459655,
            2761.474339004245
          ],
          [
            1007.949548596327,
            2761.520638618471
          ],
          [
            1008.113541765455,
            2761.57261055839
          ],
          [
            1008.275649969856,
            2761.630193299949
          ],
          [
            1008.435681306862,
            2761.693318677061
          ],
          [
            1008.593446332387,
            2761.761911962306
          ],
          [
            1008.748758285191,
            2761.835891955384
          ],
          [
            1008.901433307965,
            2761.915171079247
          ],
          [
            1009.051290664982,
            2761.999655483769
          ],
          [
            1009.198152956049,
            2762.089245156847
          ],
          [
            1009.341846326514,
            2762.18383404279
          ],
          [
            1009.482200673073,
            2762.283310167874
          ],
          [
            1009.619049845137,
            2762.38755577289
          ],
          [
            1009.75223184152,
            2762.496447452548
          ],
          [
            1009.881589002217,
            2762.609856301568
          ],
          [
            1010.006968195039,
            2762.727648067269
          ],
          [
            1010.128220996888,
            2762.849683308504
          ],
          [
            1010.245203869464,
            2762.975817560726
          ],
          [
            1010.357778329181,
            2763.105901507002
          ],
          [
            1010.465811111106,
            2763.23978115478
          ],
          [
            1010.569174326713,
            2763.377298018178
          ],
          [
            1010.667745615281,
            2763.518289305603
          ],
          [
            1010.761408288742,
            2763.662588112459
          ],
          [
            1010.850051469813,
            2763.810023618728
          ],
          [
            1010.933570223258,
            2763.960421291192
          ],
          [
            1011.011865680104,
            2764.113603090035
          ],
          [
            1011.084845154683,
            2764.269387679613
          ],
          [
            1011.152422254355,
            2764.427590643111
          ],
          [
            1011.214516981775,
            2764.588024700861
          ],
          [
            1011.271055829598,
            2764.750499932039
          ],
          [
            1011.321971867494,
            2764.914823999493
          ],
          [
            1011.367204821377,
            2765.08080237743
          ],
          [
            1011.406701144764,
            2765.248238581695
          ],
          [
            1011.440414082155,
            2765.416934402366
          ],
          [
            1011.468303724389,
            2765.586690138397
          ],
          [
            1011.490337055883,
            2765.757304834022
          ],
          [
            1011.506487993719,
            2765.928576516639
          ],
          [
            1011.516737418518,
            2766.100302435914
          ],
          [
            1011.521073197076,
            2766.272279303788
          ],
          [
            1011.519490196727,
            2766.444303535133
          ],
          [
            1011.511990291415,
            2766.616171488748
          ],
          [
            1011.498582359481,
            2766.787679708437
          ],
          [
            1011.479282273151,
            2766.958625163852
          ],
          [
            1011.454112879744,
            2767.128805490844
          ],
          [
            1011.42310397463,
            2767.298019231017
          ],
          [
            1011.386292265954,
            2767.466066070213
          ],
          [
            1011.343721331185,
            2767.632747075647
          ],
          [
            1011.295441565526,
            2767.797864931397
          ],
          [
            1011.241510122259,
            2767.961224171989
          ],
          [
            1011.181990845086,
            2768.122631413786
          ],
          [
            1011.116954192551,
            2768.281895583914
          ],
          [
            1011.046477154632,
            2768.438828146455
          ],
          [
            1010.970643161602,
            2768.593243325633
          ],
          [
            1010.889541985262,
            2768.744958325735
          ],
          [
            1010.803269632673,
            2768.893793547502
          ],
          [
            1010.711928232501,
            2769.039572800738
          ],
          [
            1010.615625914117,
            2769.182123512885
          ],
          [
            1010.514476679599,
            2769.32127693331
          ],
          [
            1010.408600268771,
            2769.456868333073
          ],
          [
            1010.298122017459,
            2769.588737199932
          ],
          [
            1010.183172709119,
            2769.716727428355
          ],
          [
            1010.063888420017,
            2769.840687504319
          ],
          [
            1009.94041035814,
            2769.960470684668
          ],
          [
            1009.812884696037,
            2770.07593517083
          ],
          [
            1009.681462397782,
            2770.186944276677
          ]
        ]
      },
      "properties": {
        "layer": "Z_CBD",
        "dxftype": "POLYLINE",
        "handle": "A38",
        "color": 256
      }
    },
    {
      "type": "Feature",
      "geometry": {
        "type": "LineString",
        "coordinates": [
          [
            1009.681462397782,
            2770.186944276677
          ],
          [
            1002.585498603903,
            2776.178019333211
          ],
          [
            996.3158999631771,
            2781.829820265466
          ],
          [
            988.9899252172889,
            2788.881113142182
          ],
          [
            980.7133138107225,
            2797.406211809073
          ],
          [
            967.2459487440808,
            2812.228275324058
          ],
          [
            960.6001726717275,
            2819.999647731759
          ],
          [
            956.6108198483469,
            2824.957291657908
          ],
          [
            952.6213244955228,
            2830.220045985677
          ],
          [
            948.6661053647327,
            2835.812692321835
          ],
          [
            946.0491471372084,
            2839.757297670074
          ],
          [
            943.4424016192211,
            2843.909204624811
          ],
          [
            940.8699068591898,
            2848.251203652902
          ],
          [
            938.324922510869,
            2852.814315899546
          ],
          [
            935.8107562260036,
            2857.613764303898
          ],
          [
            933.3208776187041,
            2862.685168393617
          ],
          [
            931.59842553359,
            2866.397686596147
          ]
        ]
      },
      "properties": {
        "layer": "Z_CBD",
        "dxftype": "POLYLINE",
        "handle": "A7B",
        "color": 256
      }
    },
    {
      "type": "Feature",
      "geometry": {
        "type": "LineString",
        "coordinates": [
          [
            931.5984255335901,
            2866.397686596147
          ],
          [
            931.5236612687255,
            2866.555308714974
          ],
          [
            931.4434437663982,
            2866.710226693158
          ],
          [
            931.3578706815591,
            2866.862251937099
          ],
          [
            931.2670461889224,
            2867.011199374745
          ],
          [
            931.1710808561463,
            2867.156887680897
          ],
          [
            931.0700915092298,
            2867.299139497946
          ],
          [
            930.9642010902915,
            2867.437781651786
          ],
          [
            930.8535385079034,
            2867.572645362633
          ],
          [
            930.7382384801596,
            2867.703566450493
          ],
          [
            930.6184413706744,
            2867.830385535032
          ],
          [
            930.494293017706,
            2867.952948229599
          ],
          [
            930.3659445566173,
            2868.071105329175
          ],
          [
            930.2335522358861,
            2868.184712992014
          ],
          [
            930.0972772268927,
            2868.293632914746
          ],
          [
            929.9572854277133,
            2868.397732500752
          ],
          [
            929.813747261159,
            2868.49688502158
          ],
          [
            929.6668374673078,
            2868.59096977122
          ],
          [
            929.516734890779,
            2868.679872213052
          ],
          [
            929.3636222630132,
            2868.763484119279
          ],
          [
            929.2076859798177,
            2868.84170370268
          ],
          [
            929.0491158744538,
            2868.914435740525
          ],
          [
            928.8881049865375,
            2868.981591690497
          ],
          [
            928.7248493270374,
            2869.043089798479
          ],
          [
            928.5595476396556,
            2869.098855198083
          ],
          [
            928.3924011588823,
            2869.148820001788
          ],
          [
            928.2236133650161,
            2869.192923383586
          ],
          [
            928.0533897364533,
            2869.23111165303
          ],
          [
            927.8819374995418,
            2869.263338320594
          ],
          [
            927.7094653763099,
            2869.289564154272
          ],
          [
            927.5361833303716,
            2869.309757227334
          ],
          [
            927.3623023113225,
            2869.323892957195
          ],
          [
            927.1880339979344,
            2869.331954135341
          ],
          [
            927.0135905404624,
            2869.333930948278
          ],
          [
            926.8391843023775,
            2869.32982098948
          ],
          [
            926.6650276018412,
            2869.319629262316
          ],
          [
            926.4913324532338,
            2869.303368173962
          ],
          [
            926.3183103090522,
            2869.281057520295
          ],
          [
            926.146171802494,
            2869.252724461793
          ],
          [
            925.9751264910357,
            2869.218403490472
          ],
          [
            925.8053826013236,
            2869.178136387899
          ],
          [
            925.6371467756829,
            2869.131972174322
          ],
          [
            925.470623820556,
            2869.079967048997
          ],
          [
            925.3060164571765,
            2869.022184321773
          ],
          [
            925.1435250747796,
            2868.958694336019
          ]
        ]
      },
      "properties": {
        "layer": "Z_CBD",
        "dxftype": "POLYLINE",
        "handle": "A8E",
        "color": 256
      }
    },
    {
      "type": "Feature",
      "geometry": {
        "type": "LineString",
        "coordinates": [
          [
            925.1435250747796,
            2868.958694336019
          ],
          [
            904.8530349469629,
            2860.808035202091
          ],
          [
            884.3796971275171,
            2853.03318757327
          ],
          [
            863.7017974360108,
            2845.736789447862
          ],
          [
            842.7976216920117,
            2839.021478824177
          ],
          [
            824.963748568777,
            2833.855600856262
          ],
          [
            807.0327019982958,
            2829.106095510556
          ],
          [
            760.8257009909713,
            2818.266912095158
          ]
        ]
      },
      "properties": {
        "layer": "Z_CBD",
        "dxftype": "POLYLINE",
        "handle": "ABD",
        "color": 256
      }
    },
    {
      "type": "Feature",
      "geometry": {
        "type": "LineString",
        "coordinates": [
          [
            743.0207111889821,
            2826.455487390919
          ],
          [
            729.6341795679832,
            2824.226823328651
          ],
          [
            716.015038218947,
            2822.219571272054
          ],
          [
            702.5140072658934,
            2820.49795680139
          ],
          [
            689.4818068328427,
            2819.12620549692
          ],
          [
            681.3483057627263,
            2818.44628898147
          ],
          [
            673.5501149406173,
            2817.951227509401
          ],
          [
            666.0708834661477,
            2817.648194701758
          ],
          [
            658.8942604389499,
            2817.544364179583
          ],
          [
            652.0038949586566,
            2817.646909563923
          ],
          [
            645.3834361248998,
            2817.963004475822
          ],
          [
            642.1693120441078,
            2818.203374761182
          ],
          [
            639.016533037312,
            2818.499822536323
          ],
          [
            635.9230552419666,
            2818.853244503875
          ],
          [
            632.8868347955257,
            2819.26453736647
          ],
          [
            628.5489382946166,
            2819.968396967103
          ],
          [
            624.3659830886068,
            2820.774866384946
          ],
          [
            620.3746233563469,
            2821.660654138375
          ],
          [
            616.6115132766876,
            2822.60246874576
          ],
          [
            613.1133070284798,
            2823.577018725477
          ],
          [
            609.9166587905743,
            2824.5610125959
          ],
          [
            607.058222741822,
            2825.531158875403
          ],
          [
            605.767288719269,
            2826.003760580551
          ],
          [
            604.5746530610734,
            2826.46416608236
          ]
        ]
      },
      "properties": {
        "layer": "Z_CBD",
        "dxftype": "POLYLINE",
        "handle": "AC7",
        "color": 256
      }
    },
    {
      "type": "Feature",
      "geometry": {
        "type": "LineString",
        "coordinates": [
          [
            604.5746530610734,
            2826.46416608236
          ],
          [
            604.4145819268908,
            2826.530948028308
          ],
          [
            604.2569233282549,
            2826.603241614326
          ],
          [
            604.1018669763645,
            2826.680959849262
          ],
          [
            603.9495994511251,
            2826.764009214464
          ],
          [
            603.8003039766364,
            2826.852289776313
          ],
          [
            603.6541602007181,
            2826.945695306468
          ],
          [
            603.5113439787386,
            2827.044113409694
          ],
          [
            603.372027162008,
            2827.147425659108
          ],
          [
            603.2363773909887,
            2827.255507738685
          ],
          [
            603.1045578935722,
            2827.368229592839
          ],
          [
            602.976727288668,
            2827.485455582931
          ],
          [
            602.8530393953353,
            2827.607044650474
          ],
          [
            602.7336430476926,
            2827.732850486875
          ],
          [
            602.6186819158248,
            2827.862721709487
          ],
          [
            602.5082943329049,
            2827.996502043768
          ],
          [
            602.4026131287366,
            2828.134030511325
          ],
          [
            602.3017654699199,
            2828.275141623624
          ],
          [
            602.2058727068312,
            2828.41966558112
          ],
          [
            602.1150502276018,
            2828.567428477579
          ],
          [
            602.0294073192707,
            2828.718252509337
          ],
          [
            601.9490470362794,
            2828.871956189256
          ],
          [
            601.874066076466,
            2829.028354565106
          ],
          [
            601.8045546647082,
            2829.187259442119
          ],
          [
            601.7405964443558,
            2829.348479609444
          ],
          [
            601.6822683765814,
            2829.511821070234
          ],
          [
            601.629640647774,
            2829.677087275078
          ],
          [
            601.582776585082,
            2829.844079358517
          ],
          [
            601.5417325802127,
            2830.012596378332
          ],
          [
            601.5065580215755,
            2830.182435557345
          ],
          [
            601.477295234852,
            2830.353392527417
          ],
          [
            601.4539794320664,
            2830.525261575368
          ],
          [
            601.4366386692138,
            2830.697835890511
          ],
          [
            601.4252938125012,
            2830.870907813506
          ],
          [
            601.4199585132382,
            2831.044269086242
          ],
          [
            601.4206391914109,
            2831.217711102433
          ],
          [
            601.4273350279569,
            2831.391025158632
          ],
          [
            601.4400379657501,
            2831.564002705367
          ],
          [
            601.4587327192963,
            2831.736435598091
          ],
          [
            601.4833967931271,
            2831.908116347638
          ],
          [
            601.5140005088671,
            2832.078838369902
          ],
          [
            601.5505070409471,
            2832.248396234417
          ],
          [
            601.5928724609167,
            2832.416585911549
          ],
          [
            601.6410457903029,
            2832.583205018013
          ],
          [
            601.6949690619526,
            2832.748053060397
          ],
          [
            601.7545773897855,
            2832.910931676415
          ],
          [
            601.819799046871,
            2833.071644873602
          ],
          [
            601.8905555517381,
            2833.229999265149
          ]
        ]
      },
      "properties": {
        "layer": "Z_CBD",
        "dxftype": "POLYLINE",
        "handle": "AE1",
        "color": 256
      }
    },
    {
      "type": "Feature",
      "geometry": {
        "type": "LineString",
        "coordinates": [
          [
            601.8905555517381,
            2833.229999265149
          ],
          [
            644.9928719170259,
            2925.369008886598
          ]
        ]
      },
      "properties": {
        "layer": "Z_CBD",
        "dxftype": "POLYLINE",
        "handle": "B13",
        "color": 256
      }
    },
    {
      "type": "Feature",
      "geometry": {
        "type": "LineString",
        "coordinates": [
          [
            644.9928719170259,
            2925.369008886598
          ],
          [
            645.0684102058156,
            2925.523505832665
          ],
          [
            645.1492169442932,
            2925.675313640217
          ],
          [
            645.2351965369905,
            2925.824252718559
          ],
          [
            645.3262472688815,
            2925.970146870736
          ],
          [
            645.4222614257144,
            2926.112823501986
          ],
          [
            645.5231254214381,
            2926.252113823919
          ],
          [
            645.6287199325762,
            2926.387853054191
          ],
          [
            645.7389200393886,
            2926.51988061145
          ],
          [
            645.8535953736528,
            2926.648040305304
          ],
          [
            645.9726102728911,
            2926.772180521096
          ],
          [
            646.095823940862,
            2926.892154399263
          ],
          [
            646.2230906141237,
            2927.00782000908
          ],
          [
            646.3542597344737,
            2927.119040516559
          ],
          [
            646.4891761270618,
            2927.225684346331
          ],
          [
            646.6276801839637,
            2927.327625337297
          ],
          [
            646.7696080529998,
            2927.42474289188
          ],
          [
            646.9147918315743,
            2927.516922118695
          ],
          [
            647.0630597653058,
            2927.604053968465
          ],
          [
            647.2142364512157,
            2927.686035363029
          ],
          [
            647.3681430452322,
            2927.762769317285
          ],
          [
            647.524597473765,
            2927.834165053921
          ],
          [
            647.6834146491008,
            2927.900138110813
          ],
          [
            647.8444066883653,
            2927.960610440939
          ],
          [
            648.0073831357902,
            2928.01551050471
          ],
          [
            648.1721511880255,
            2928.064773354608
          ],
          [
            648.3385159222282,
            2928.10834071201
          ],
          [
            648.5062805266595,
            2928.146161036142
          ],
          [
            648.6752465335143,
            2928.178189585046
          ],
          [
            648.8452140537124,
            2928.204388468516
          ],
          [
            649.0159820133703,
            2928.224726692914
          ],
          [
            649.1873483916728,
            2928.239180197847
          ],
          [
            649.3591104598679,
            2928.247731884622
          ],
          [
            649.5310650210972,
            2928.250371636477
          ],
          [
            649.7030086507798,
            2928.247096330549
          ],
          [
            649.8747379372677,
            2928.237909841571
          ],
          [
            650.0460497224833,
            2928.222823037282
          ],
          [
            650.2167413422588,
            2928.201853765579
          ],
          [
            650.3866108660907,
            2928.175026833393
          ],
          [
            650.555457336026,
            2928.14237397735
          ],
          [
            650.7230810043984,
            2928.103933826221
          ],
          [
            650.8892835701323,
            2928.059751855228
          ],
          [
            651.0538684133362,
            2928.009880332242
          ],
          [
            651.2166408279058,
            2927.954378255952
          ],
          [
            651.3774082518651,
            2927.893311286068
          ],
          [
            651.5359804951686,
            2927.826751665643
          ],
          [
            651.6921699646995,
            2927.754778135612
          ],
          [
            651.845791886195,
            2927.67747584164
          ],
          [
            651.9966645228363,
            2927.594936233389
          ],
          [
            652.1446093902459,
            2927.507256956336
          ],
          [
            652.2894514676369,
            2927.414541736256
          ],
          [
            652.4310194048655,
            2927.316900256514
          ],
          [
            652.5691457251397,
            2927.214448028305
          ],
          [
            652.7036670231475,
            2927.107306254007
          ],
          [
            652.8344241583669,
            2926.995601683794
          ],
          [
            652.9612624433316,
            2926.879466465688
          ],
          [
            653.0840318266287,
            2926.759037989229
          ],
          [
            653.2025870704107,
            2926.63445872294
          ],
          [
            653.3167879222148,
            2926.505876045783
          ],
          [
            653.4264992808827,
            2926.373442072814
          ],
          [
            653.5315913563878,
            2926.237313475218
          ],
          [
            653.6319398233777,
            2926.097651294975
          ],
          [
            653.7274259682537,
            2925.954620754341
          ],
          [
            653.81793682961,
            2925.808391060387
          ],
          [
            653.9033653318687,
            2925.659135204826
          ],
          [
            653.983610411952,
            2925.507029759362
          ]
        ]
      },
      "properties": {
        "layer": "Z_CBD",
        "dxftype": "POLYLINE",
        "handle": "B17",
        "color": 256
      }
    },
    {
      "type": "Feature",
      "geometry": {
        "type": "LineString",
        "coordinates": [
          [
            653.983610411952,
            2925.507029759362
          ],
          [
            655.7357743808784,
            2922.170327342294
          ],
          [
            657.6186400606521,
            2918.823694784985
          ],
          [
            659.6257840249004,
            2915.4696821448
          ],
          [
            661.7507828472503,
            2912.110839479107
          ],
          [
            663.9872131013293,
            2908.74971684527
          ],
          [
            666.3286513607646,
            2905.388864300658
          ],
          [
            668.7686741991834,
            2902.030831902636
          ],
          [
            671.300858190213,
            2898.678169708571
          ],
          [
            676.6160159246135,
            2891.999156161778
          ],
          [
            682.2227371529838,
            2885.37222411921
          ],
          [
            688.069634464342,
            2878.817774039798
          ],
          [
            694.105320447706,
            2872.356206382476
          ],
          [
            700.2784076920939,
            2866.007921606175
          ],
          [
            706.5375087865234,
            2859.793320169826
          ],
          [
            719.1082028815796,
            2847.846769152713
          ],
          [
            743.0207111889822,
            2826.455487390919
          ]
        ]
      },
      "properties": {
        "layer": "Z_CBD",
        "dxftype": "POLYLINE",
        "handle": "B5B",
        "color": 256
      }
    },
    {
      "type": "Feature",
      "geometry": {
        "type": "LineString",
        "coordinates": [
          [
            1136.259470229358,
            2606.277791567114
          ],
          [
            1136.156027786881,
            2606.138269295735
          ],
          [
            1136.057493635029,
            2605.995238445793
          ],
          [
            1135.963986672218,
            2605.848871608626
          ],
          [
            1135.875619730694,
            2605.699345401017
          ],
          [
            1135.79249944038,
            2605.546840252073
          ],
          [
            1135.714726100215,
            2605.391540185505
          ],
          [
            1135.64239355712,
            2605.233632597576
          ],
          [
            1135.575589092758,
            2605.073308030969
          ],
          [
            1135.514393318214,
            2604.91075994487
          ],
          [
            1135.458880076725,
            2604.746184481523
          ],
          [
            1135.40911635457,
            2604.579780229554
          ],
          [
            1135.365162200246,
            2604.411747984332
          ],
          [
            1135.327070652006,
            2604.242290505687
          ],
          [
            1135.29488767386,
            2604.071612273232
          ],
          [
            1135.26865210011,
            2603.899919239633
          ],
          [
            1135.248395588491,
            2603.727418582088
          ],
          [
            1135.234142581971,
            2603.554318452332
          ],
          [
            1135.225910279256,
            2603.380827725467
          ],
          [
            1135.223708614037,
            2603.207155747915
          ],
          [
            1135.227540243001,
            2603.033512084812
          ],
          [
            1135.237400542629,
            2602.860106267125
          ],
          [
            1135.253277614771,
            2602.687147538821
          ],
          [
            1135.275152301008,
            2602.514844604376
          ],
          [
            1135.302998205765,
            2602.343405376938
          ],
          [
            1135.336781728165,
            2602.173036727444
          ],
          [
            1135.376462102573,
            2602.003944234993
          ],
          [
            1135.421991447789,
            2601.836331938783
          ],
          [
            1135.473314824819,
            2601.670402091901
          ],
          [
            1135.530370303176,
            2601.506354917265
          ],
          [
            1135.593089035604,
            2601.34438836603
          ],
          [
            1135.661395341158,
            2601.184697878718
          ],
          [
            1135.735206796522,
            2601.027476149389
          ],
          [
            1135.81443433547,
            2600.87291289312
          ],
          [
            1135.898982356341,
            2600.721194617084
          ],
          [
            1135.988748837393,
            2600.572504395496
          ],
          [
            1136.083625459917,
            2600.427021648702
          ],
          [
            1136.183497738937,
            2600.284921926677
          ],
          [
            1136.288245161358,
            2600.146376697193
          ],
          [
            1136.397741331384,
            2600.011553138919
          ],
          [
            1136.511854123041,
            2599.880613939682
          ],
          [
            1136.630445839603,
            2599.753717100166
          ],
          [
            1136.753373379751,
            2599.631015743248
          ],
          [
            1136.880488410249,
            2599.512657929236
          ],
          [
            1137.011637544934,
            2599.398786477205
          ],
          [
            1137.146662529801,
            2599.289538792661
          ],
          [
            1137.285400433964,
            2599.185046701741
          ],
          [
            1137.427683846262,
            2599.085436292138
          ],
          [
            1137.573341077266,
            2598.990827760956
          ],
          [
            1137.722196366457,
            2598.901335269673
          ],
          [
            1137.874070094308,
            2598.817066806382
          ],
          [
            1138.028778999022,
            2598.738124055491
          ],
          [
            1138.186136397679,
            2598.664602275015
          ],
          [
            1138.345952411492,
            2598.596590181639
          ],
          [
            1138.50803419493,
            2598.534169843659
          ],
          [
            1138.672186168426,
            2598.477416581956
          ],
          [
            1138.838210254368,
            2598.426398879111
          ],
          [
            1139.005906116118,
            2598.381178296761
          ],
          [
            1139.175071399757,
            2598.341809401326
          ],
          [
            1139.345501978251,
            2598.308339698151
          ],
          [
            1139.516992197772,
            2598.280809574196
          ],
          [
            1139.689335125852,
            2598.259252249293
          ],
          [
            1139.862322801086,
            2598.243693736067
          ],
          [
            1140.035746484065,
            2598.23415280854
          ],
          [
            1140.209396909268,
            2598.230640979484
          ],
          [
            1140.383064537565,
            2598.233162486526
          ],
          [
            1140.556539809072,
            2598.241714287033
          ],
          [
            1140.729613396015,
            2598.256286061785
          ],
          [
            1140.902076455318,
            2598.276860227429
          ],
          [
            1141.073720880618,
            2598.303411957693
          ],
          [
            1141.244339553369,
            2598.335909213342
          ],
          [
            1141.413726592777,
            2598.374312780846
          ],
          [
            1141.581677604222,
            2598.418576319689
          ],
          [
            1141.747989925901,
            2598.468646418294
          ],
          [
            1141.91246287337,
            2598.524462658467
          ]
        ]
      },
      "properties": {
        "layer": "Z_CBD",
        "dxftype": "POLYLINE",
        "handle": "B6E",
        "color": 256
      }
    },
    {
      "type": "Feature",
      "geometry": {
        "type": "LineString",
        "coordinates": [
          [
            1141.91246287337,
            2598.524462658467
          ],
          [
            1142.87661189697,
            2598.868809196734
          ],
          [
            1153.810147876334,
            2602.548982222927
          ],
          [
            1159.605095314527,
            2604.329860315281
          ],
          [
            1165.588490131689,
            2606.041750705079
          ],
          [
            1171.737578137791,
            2607.66251682577
          ],
          [
            1178.029605142803,
            2609.170022110808
          ],
          [
            1184.441816956697,
            2610.542129993644
          ],
          [
            1190.951459389443,
            2611.75670390773
          ],
          [
            1196.98417503185,
            2612.715014169674
          ],
          [
            1203.057293339149,
            2613.51860160294
          ],
          [
            1209.148464083103,
            2614.163726039348
          ],
          [
            1215.235337035474,
            2614.646647310718
          ],
          [
            1221.295561968025,
            2614.963625248868
          ],
          [
            1227.306788652519,
            2615.110919685619
          ],
          [
            1233.246666860717,
            2615.08479045279
          ],
          [
            1239.092846364381,
            2614.8814973822
          ]
        ]
      },
      "properties": {
        "layer": "Z_CBD",
        "dxftype": "POLYLINE",
        "handle": "BBB",
        "color": 256
      }
    },
    {
      "type": "Feature",
      "geometry": {
        "type": "LineString",
        "coordinates": [
          [
            1239.092846364381,
            2614.8814973822
          ],
          [
            1239.263073854672,
            2614.875714794566
          ],
          [
            1239.433399531826,
            2614.875736536046
          ],
          [
            1239.603625540315,
            2614.881562581386
          ],
          [
            1239.773554140391,
            2614.893186162871
          ],
          [
            1239.942987937785,
            2614.910593778195
          ],
          [
            1240.111730113004,
            2614.933765206137
          ],
          [
            1240.279584649966,
            2614.962673530056
          ],
          [
            1240.446356563696,
            2614.997285169157
          ],
          [
            1240.611852126828,
            2615.0375599175
          ],
          [
            1240.775879094644,
            2615.083450990702
          ],
          [
            1240.93824692839,
            2615.134905080288
          ],
          [
            1241.098767016615,
            2615.191862415607
          ],
          [
            1241.257252894264,
            2615.254256833276
          ],
          [
            1241.413520459285,
            2615.322015854025
          ],
          [
            1241.567388186485,
            2615.395060766899
          ],
          [
            1241.718677338396,
            2615.47330672069
          ],
          [
            1241.867212172902,
            2615.556662822499
          ],
          [
            1242.012820147387,
            2615.645032243322
          ],
          [
            1242.155332119166,
            2615.738312330534
          ],
          [
            1242.294582541964,
            2615.836394727125
          ],
          [
            1242.430409658222,
            2615.939165497578
          ],
          [
            1242.562655686999,
            2616.046505260216
          ],
          [
            1242.691167007256,
            2616.15828932588
          ],
          [
            1242.815794336303,
            2616.274387842774
          ],
          [
            1242.936392903215,
            2616.394665947304
          ],
          [
            1243.052822617002,
            2616.518983920735
          ],
          [
            1243.164948229339,
            2616.6471973515
          ],
          [
            1243.272639491678,
            2616.779157302948
          ],
          [
            1243.375771306549,
            2616.914710486356
          ],
          [
            1243.474223872874,
            2617.05369943899
          ],
          [
            1243.567882825136,
            2617.195962707025
          ],
          [
            1243.656639366224,
            2617.341335033086
          ],
          [
            1243.74039039382,
            2617.489647548226
          ],
          [
            1243.819038620164,
            2617.64072796808
          ],
          [
            1243.892492685065,
            2617.794400793004
          ],
          [
            1243.960667262031,
            2617.950487511933
          ],
          [
            1244.023483157384,
            2618.10880680975
          ],
          [
            1244.080867402253,
            2618.269174777909
          ],
          [
            1244.132753337343,
            2618.431405128061
          ],
          [
            1244.179080690359,
            2618.595309408459
          ],
          [
            1244.21979564603,
            2618.760697222869
          ]
        ]
      },
      "properties": {
        "layer": "Z_CBD",
        "dxftype": "POLYLINE",
        "handle": "BCE",
        "color": 256
      }
    },
    {
      "type": "Feature",
      "geometry": {
        "type": "LineString",
        "coordinates": [
          [
            1244.21979564603,
            2618.760697222869
          ],
          [
            1248.314926132695,
            2636.734739432927
          ]
        ]
      },
      "properties": {
        "layer": "Z_CBD",
        "dxftype": "POLYLINE",
        "handle": "BFA",
        "color": 256
      }
    },
    {
      "type": "Feature",
      "geometry": {
        "type": "LineString",
        "coordinates": [
          [
            1248.314926132699,
            2636.734739432926
          ],
          [
            1248.350151126778,
            2636.902464523945
          ],
          [
            1248.379607189891,
            2637.071298308216
          ],
          [
            1248.403259714104,
            2637.241042422881
          ],
          [
            1248.421080910058,
            2637.411497435538
          ],
          [
            1248.433049839627,
            2637.582463078549
          ],
          [
            1248.439152440512,
            2637.753738484337
          ],
          [
            1248.439381542765,
            2637.925122421383
          ],
          [
            1248.433736877215,
            2638.096413530656
          ],
          [
            1248.42222507578,
            2638.267410562188
          ],
          [
            1248.404859663679,
            2638.437912611524
          ],
          [
            1248.381661043538,
            2638.607719355762
          ],
          [
            1248.352656471424,
            2638.776631288916
          ],
          [
            1248.317880024813,
            2638.944449956311
          ],
          [
            1248.277372562564,
            2639.110978187754
          ],
          [
            1248.231181676903,
            2639.276020329181
          ],
          [
            1248.179361637514,
            2639.439382472541
          ],
          [
            1248.121973327774,
            2639.600872683607
          ],
          [
            1248.059084173222,
            2639.760301227492
          ],
          [
            1247.990768062344,
            2639.917480791557
          ],
          [
            1247.917105259754,
            2640.072226705492
          ],
          [
            1247.838182311898,
            2640.224357158285
          ],
          [
            1247.754091945369,
            2640.373693411828
          ],
          [
            1247.664932957957,
            2640.520060010917
          ],
          [
            1247.570810102582,
            2640.663284989399
          ],
          [
            1247.471833964209,
            2640.80320007221
          ],
          [
            1247.368120829929,
            2640.939640873084
          ],
          [
            1247.25979255233,
            2641.072447087688
          ],
          [
            1247.146976406332,
            2641.201462681968
          ],
          [
            1247.029804939654,
            2641.326536075468
          ],
          [
            1246.908415817082,
            2641.447520319428
          ],
          [
            1246.782951658728,
            2641.564273269428
          ],
          [
            1246.653559872462,
            2641.676657752397
          ],
          [
            1246.520392480728,
            2641.784541727777
          ],
          [
            1246.383605941928,
            2641.887798442659
          ],
          [
            1246.243360966601,
            2641.986306580702
          ]
        ]
      },
      "properties": {
        "layer": "Z_CBD",
        "dxftype": "POLYLINE",
        "handle": "BFE",
        "color": 256
      }
    },
    {
      "type": "Feature",
      "geometry": {
        "type": "LineString",
        "coordinates": [
          [
            1246.243360966601,
            2641.986306580702
          ],
          [
            1244.329494471019,
            2643.332263892937
          ],
          [
            1243.243358157226,
            2644.139251914689
          ],
          [
            1242.116487937151,
            2645.007985439898
          ],
          [
            1240.626923682113,
            2646.203487768664
          ],
          [
            1238.505049458147,
            2647.99414644471
          ],
          [
            1236.399795802022,
            2649.865767438055
          ],
          [
            1233.527525422835,
            2652.558776950911
          ],
          [
            1229.418344270504,
            2656.659072371511
          ],
          [
            1223.435180054938,
            2663.055757654313
          ],
          [
            1197.029587688277,
            2693.243971245858
          ],
          [
            1191.985814188541,
            2698.668460628319
          ],
          [
            1189.626236212717,
            2701.08259792145
          ],
          [
            1187.071796792232,
            2703.57387737746
          ],
          [
            1185.997935050875,
            2704.569993179631
          ],
          [
            1184.904761960732,
            2705.544828015058
          ],
          [
            1183.857725394085,
            2706.436486113526
          ],
          [
            1182.7879201206,
            2707.300607480618
          ],
          [
            1181.749977461306,
            2708.090409209354
          ],
          [
            1180.687707609203,
            2708.847108065927
          ],
          [
            1180.16216912826,
            2709.201747478023
          ],
          [
            1179.630517514576,
            2709.547158927902
          ],
          [
            1179.09272590658,
            2709.882902380648
          ],
          [
            1178.548767442695,
            2710.208537801342
          ],
          [
            1177.997076924746,
            2710.524546030611
          ],
          [
            1177.439332773764,
            2710.829748494138
          ],
          [
            1176.875710322322,
            2711.123947521688
          ],
          [
            1176.306384902996,
            2711.406945443026
          ],
          [
            1175.743428596058,
            2711.673111320438
          ],
          [
            1175.175439438678,
            2711.928381169847
          ]
        ]
      },
      "properties": {
        "layer": "Z_CBD",
        "dxftype": "POLYLINE",
        "handle": "C24",
        "color": 256
      }
    },
    {
      "type": "Feature",
      "geometry": {
        "type": "LineString",
        "coordinates": [
          [
            1175.175439438678,
            2711.928381169847
          ],
          [
            1175.015055683971,
            2711.995329667877
          ],
          [
            1174.852442092471,
            2712.056663753194
          ],
          [
            1174.687795134246,
            2712.112309321837
          ],
          [
            1174.521313736081,
            2712.162199142715
          ],
          [
            1174.353199041136,
            2712.206272938848
          ],
          [
            1174.183654165921,
            2712.244477460187
          ],
          [
            1174.012883954896,
            2712.276766547953
          ],
          [
            1173.841094732972,
            2712.303101190403
          ],
          [
            1173.668494056232,
            2712.323449569972
          ],
          [
            1173.49529046116,
            2712.337787101707
          ],
          [
            1173.321693212686,
            2712.346096462971
          ],
          [
            1173.147912051355,
            2712.348367614379
          ],
          [
            1172.974156939915,
            2712.34459781192
          ],
          [
            1172.800637809639,
            2712.334791610277
          ],
          [
            1172.62756430669,
            2712.318960857324
          ],
          [
            1172.45514553882,
            2712.297124679808
          ],
          [
            1172.283589822732,
            2712.269309460241
          ],
          [
            1172.113104432384,
            2712.235548805028
          ],
          [
            1171.943895348569,
            2712.195883503861
          ],
          [
            1171.776167010041,
            2712.150361480436
          ],
          [
            1171.610122066514,
            2712.099037734553
          ],
          [
            1171.445961133823,
            2712.041974275665
          ],
          [
            1171.283882551537,
            2711.979240047957
          ],
          [
            1171.124082143322,
            2711.910910847048
          ],
          [
            1170.966752980354,
            2711.837069228418
          ],
          [
            1170.812085148042,
            2711.757804407657
          ],
          [
            1170.660265516372,
            2711.673212152681
          ],
          [
            1170.511477514128,
            2711.583394668023
          ],
          [
            1170.365900907272,
            2711.488460471346
          ],
          [
            1170.223711581754,
            2711.388524262339
          ],
          [
            1170.085081331,
            2711.283706784129
          ],
          [
            1169.950177648359,
            2711.174134677405
          ],
          [
            1169.81916352473,
            2711.059940327404
          ],
          [
            1169.692197251641,
            2710.94126170397
          ],
          [
            1169.569432229997,
            2710.818242194855
          ],
          [
            1169.451016784744,
            2710.691030432475
          ],
          [
            1169.33709398566,
            2710.559780114337
          ],
          [
            1169.227801474501,
            2710.42464981734
          ],
          [
            1169.123271298696,
            2710.285802806178
          ],
          [
            1169.023629751815,
            2710.14340683609
          ],
          [
            1168.928997220974,
            2709.997633950173
          ],
          [
            1168.839488041387,
            2709.848660271518
          ],
          [
            1168.755210358224,
            2709.696665790424
          ],
          [
            1168.676265995951,
            2709.541834146928
          ],
          [
            1168.602750335305,
            2709.384352408933
          ],
          [
            1168.534752198054,
            2709.22441084619
          ],
          [
            1168.472353739686,
            2709.062202700416
          ],
          [
            1168.415630350141,
            2708.897923951818
          ],
          [
            1168.364650562734,
            2708.73177308231
          ],
          [
            1168.319475971345,
            2708.563950835707
          ]
        ]
      },
      "properties": {
        "layer": "Z_CBD",
        "dxftype": "POLYLINE",
        "handle": "C44",
        "color": 256
      }
    },
    {
      "type": "Feature",
      "geometry": {
        "type": "LineString",
        "coordinates": [
          [
            1168.319475971345,
            2708.563950835707
          ],
          [
            1166.052607375576,
            2699.140464110426
          ],
          [
            1164.084209902888,
            2690.263538211303
          ],
          [
            1155.928215437936,
            2647.544013120931
          ],
          [
            1154.893897496349,
            2642.744473013256
          ],
          [
            1154.328681508349,
            2640.420318019495
          ],
          [
            1153.709982606704,
            2638.123177941668
          ],
          [
            1153.021717114784,
            2635.835506436689
          ],
          [
            1152.24780135596,
            2633.539757161472
          ],
          [
            1151.823698477511,
            2632.38337012781
          ],
          [
            1151.372151653601,
            2631.21838377293
          ],
          [
            1150.891150424649,
            2630.042604803947
          ],
          [
            1150.378684331077,
            2628.853839927976
          ],
          [
            1149.832742913307,
            2627.64989585213
          ],
          [
            1149.251315711759,
            2626.428579283524
          ],
          [
            1148.632392266855,
            2625.187696929271
          ],
          [
            1147.973962119016,
            2623.925055496486
          ],
          [
            1146.530539876218,
            2621.325722223776
          ],
          [
            1144.904965306736,
            2618.613033122308
          ],
          [
            1143.081154733938,
            2615.769441848994
          ],
          [
            1141.043024481196,
            2612.777402060748
          ],
          [
            1138.77449087188,
            2609.619367414484
          ],
          [
            1136.259470229358,
            2606.277791567114
          ]
        ]
      },
      "properties": {
        "layer": "Z_CBD",
        "dxftype": "POLYLINE",
        "handle": "C79",
        "color": 256
      }
    },
    {
      "type": "Feature",
      "geometry": {
        "type": "LineString",
        "coordinates": [
          [
            1243.950612758035,
            2649.944401665608
          ],
          [
            1244.085497831502,
            2649.838099696844
          ],
          [
            1244.223954027074,
            2649.736492740807
          ],
          [
            1244.365817999162,
            2649.639700669691
          ],
          [
            1244.510922381806,
            2649.547837675266
          ],
          [
            1244.659095986128,
            2649.461012134153
          ],
          [
            1244.810164002294,
            2649.379326479972
          ],
          [
            1244.963948205747,
            2649.302877082489
          ],
          [
            1245.120267167473,
            2649.231754133925
          ],
          [
            1245.278936468039,
            2649.166041542551
          ],
          [
            1245.439768915171,
            2649.105816833696
          ],
          [
            1245.602574764592,
            2649.05115105828
          ],
          [
            1245.767161943876,
            2649.002108709
          ],
          [
            1245.933336279048,
            2648.958747644239
          ],
          [
            1246.100901723668,
            2648.921119019804
          ],
          [
            1246.26966059011,
            2648.889267228579
          ],
          [
            1246.439413782798,
            2648.86322984815
          ],
          [
            1246.609961033083,
            2648.843037596474
          ],
          [
            1246.781101135515,
            2648.828714295634
          ],
          [
            1246.952632185219,
            2648.82027684374
          ],
          [
            1247.124351816098,
            2648.817735194992
          ],
          [
            1247.296057439568,
            2648.821092347934
          ],
          [
            1247.467546483576,
            2648.830344341919
          ],
          [
            1247.638616631578,
            2648.845480261781
          ],
          [
            1247.809066061228,
            2648.866482250712
          ],
          [
            1247.978693682485,
            2648.893325531329
          ],
          [
            1248.147299374842,
            2648.925978434903
          ],
          [
            1248.314684223432,
            2648.964402438727
          ],
          [
            1248.480650753692,
            2649.008552211556
          ],
          [
            1248.64500316434,
            2649.058375667092
          ],
          [
            1248.807547558374,
            2649.113814025434
          ],
          [
            1248.968092171823,
            2649.174801882421
          ],
          [
            1249.126447599986,
            2649.241267286794
          ],
          [
            1249.282427020884,
            2649.313131825085
          ],
          [
            1249.435846415662,
            2649.390310714122
          ],
          [
            1249.586524785695,
            2649.472712901058
          ],
          [
            1249.734284366115,
            2649.560241170785
          ],
          [
            1249.878950835538,
            2649.652792260632
          ],
          [
            1250.020353521721,
            2649.750256982186
          ],
          [
            1250.158325602913,
            2649.852520350109
          ],
          [
            1250.292704304665,
            2649.959461717796
          ],
          [
            1250.423331091867,
            2650.070954919707
          ],
          [
            1250.550051855783,
            2650.186868420215
          ],
          [
            1250.67271709586,
            2650.307065468782
          ],
          [
            1250.791182096105,
            2650.431404261298
          ],
          [
            1250.905307095815,
            2650.559738107374
          ],
          [
            1251.014957454461,
            2650.691915603401
          ],
          [
            1251.120003810536,
            2650.827780811172
          ],
          [
            1251.220322234165,
            2650.967173441852
          ],
          [
            1251.315794373317,
            2651.10992904508
          ],
          [
            1251.406307593432,
            2651.255879202982
          ],
          [
            1251.491755110301,
            2651.404851728867
          ],
          [
            1251.572036116048,
            2651.556670870359
          ],
          [
            1251.647055898061,
            2651.711157516753
          ],
          [
            1251.716725950725,
            2651.868129410317
          ],
          [
            1251.780964079845,
            2652.027401361315
          ],
          [
            1251.83969449961,
            2652.188785466485
          ],
          [
            1251.892847922005,
            2652.352091330725
          ],
          [
            1251.940361638553,
            2652.517126291709
          ],
          [
            1251.982179594298,
            2652.683695647188
          ]
        ]
      },
      "properties": {
        "layer": "Z_CBD",
        "dxftype": "POLYLINE",
        "handle": "1129",
        "color": 256
      }
    },
    {
      "type": "Feature",
      "geometry": {
        "type": "LineString",
        "coordinates": [
          [
            1251.982179594298,
            2652.683695647187
          ],
          [
            1261.197419015297,
            2690.153489268412
          ],
          [
            1268.05831490651,
            2715.570349073794
          ],
          [
            1274.79404230807,
            2738.840810536623
          ],
          [
            1281.215561984718,
            2759.619268773163
          ]
        ]
      },
      "properties": {
        "layer": "Z_CBD",
        "dxftype": "POLYLINE",
        "handle": "1167",
        "color": 256
      }
    },
    {
      "type": "Feature",
      "geometry": {
        "type": "LineString",
        "coordinates": [
          [
            1281.215561984718,
            2759.619268773163
          ],
          [
            1281.265707999294,
            2759.786275462355
          ],
          [
            1281.310000121512,
            2759.954929145748
          ],
          [
            1281.348384481775,
            2760.12502470095
          ],
          [
            1281.38081439571,
            2760.296355251917
          ],
          [
            1281.407250420942,
            2760.46871242056
          ],
          [
            1281.427660405071,
            2760.641886580181
          ],
          [
            1281.442019524776,
            2760.815667110431
          ],
          [
            1281.450310316002,
            2760.989842653471
          ],
          [
            1281.452522695206,
            2761.164201371036
          ],
          [
            1281.448653971615,
            2761.338531202075
          ],
          [
            1281.438708850504,
            2761.512620120673
          ],
          [
            1281.42269942747,
            2761.68625639392
          ],
          [
            1281.400645173722,
            2761.859228839425
          ],
          [
            1281.372572912401,
            2762.031327082173
          ],
          [
            1281.338516785951,
            2762.20234181038
          ],
          [
            1281.298518214602,
            2762.372065030072
          ],
          [
            1281.252625845987,
            2762.54029031805
          ],
          [
            1281.200895495978,
            2762.706813072954
          ],
          [
            1281.143390080801,
            2762.871430764099
          ],
          [
            1281.080179540512,
            2763.033943177806
          ],
          [
            1281.011340753938,
            2763.194152660907
          ],
          [
            1280.936957445171,
            2763.351864361137
          ],
          [
            1280.857120081739,
            2763.506886464119
          ],
          [
            1280.771925764583,
            2763.659030426657
          ],
          [
            1280.681478109951,
            2763.808111206049
          ],
          [
            1280.585887123381,
            2763.95394748514
          ],
          [
            1280.485269065907,
            2764.096361892847
          ]
        ]
      },
      "properties": {
        "layer": "Z_CBD",
        "dxftype": "POLYLINE",
        "handle": "116E",
        "color": 256
      }
    },
    {
      "type": "Feature",
      "geometry": {
        "type": "LineString",
        "coordinates": [
          [
            1280.485269065907,
            2764.096361892847
          ],
          [
            1278.756478897048,
            2766.402329319596
          ],
          [
            1276.633531135281,
            2769.101708810747
          ],
          [
            1273.940426297484,
            2772.375877162099
          ],
          [
            1270.501164900538,
            2776.40621116945
          ]
        ]
      },
      "properties": {
        "layer": "Z_CBD",
        "dxftype": "POLYLINE",
        "handle": "118C",
        "color": 256
      }
    },
    {
      "type": "Feature",
      "geometry": {
        "type": "LineString",
        "coordinates": [
          [
            1270.501164900538,
            2776.40621116945
          ],
          [
            1270.38541359168,
            2776.535250484324
          ],
          [
            1270.265258780415,
            2776.660199800509
          ],
          [
            1270.140844890471,
            2776.780908931375
          ],
          [
            1270.012321464906,
            2776.897232786911
          ],
          [
            1269.879842986362,
            2777.00903154812
          ],
          [
            1269.743568691373,
            2777.116170835082
          ],
          [
            1269.603662378974,
            2777.218521868473
          ],
          [
            1269.46029221381,
            2777.315961624355
          ],
          [
            1269.313630524013,
            2777.408372982052
          ],
          [
            1269.16385359406,
            2777.49564486492
          ],
          [
            1269.011141452888,
            2777.577672373866
          ],
          [
            1268.855677657498,
            2777.654356913432
          ],
          [
            1268.697649072327,
            2777.725606310302
          ],
          [
            1268.53724564464,
            2777.791334924098
          ],
          [
            1268.374660176213,
            2777.851463750313
          ],
          [
            1268.210088091596,
            2777.905920515276
          ],
          [
            1268.043727203211,
            2777.954639763023
          ],
          [
            1267.875777473586,
            2777.99756293397
          ],
          [
            1267.706440775006,
            2778.03463843531
          ],
          [
            1267.535920646866,
            2778.065821703014
          ],
          [
            1267.364422051021,
            2778.091075255405
          ],
          [
            1267.192151125422,
            2778.110368738209
          ],
          [
            1267.019314936348,
            2778.123678961038
          ],
          [
            1266.846121229512,
            2778.130989925263
          ],
          [
            1266.672778180357,
            2778.132292843249
          ],
          [
            1266.499494143834,
            2778.127586148915
          ],
          [
            1266.326477403959,
            2778.116875499615
          ],
          [
            1266.153935923464,
            2778.100173769338
          ],
          [
            1265.98207709383,
            2778.077501033239
          ],
          [
            1265.811107486003,
            2778.048884543501
          ],
          [
            1265.641232602103,
            2778.014358696585
          ],
          [
            1265.472656628412,
            2777.973964991883
          ],
          [
            1265.305582189949,
            2777.927751981835
          ],
          [
            1265.140210106916,
            2777.875775213576
          ],
          [
            1264.976739153317,
            2777.818097162162
          ],
          [
            1264.815365818036,
            2777.754787155482
          ],
          [
            1264.656284068662,
            2777.685921290922
          ]
        ]
      },
      "properties": {
        "layer": "Z_CBD",
        "dxftype": "POLYLINE",
        "handle": "1193",
        "color": 256
      }
    },
    {
      "type": "Feature",
      "geometry": {
        "type": "LineString",
        "coordinates": [
          [
            1264.656284068662,
            2777.685921290922
          ],
          [
            1243.214621730303,
            2767.666217546794
          ],
          [
            1231.299785252266,
            2761.72615332372
          ],
          [
            1226.275056379317,
            2759.091974279631
          ],
          [
            1219.51825974956,
            2755.375051580249
          ],
          [
            1215.766128139097,
            2753.197374151256
          ],
          [
            1212.405434280928,
            2751.158828348308
          ],
          [
            1209.374466086986,
            2749.235894145004
          ],
          [
            1206.906324297453,
            2747.603797551485
          ],
          [
            1201.892108543734,
            2744.100097987114
          ],
          [
            1194.996640296529,
            2738.967041093421
          ],
          [
            1190.565152412613,
            2735.46559412077
          ],
          [
            1186.116241161555,
            2731.740925180836
          ],
          [
            1181.518015077075,
            2727.650681462439
          ],
          [
            1177.491656961387,
            2723.872844543722
          ]
        ]
      },
      "properties": {
        "layer": "Z_CBD",
        "dxftype": "POLYLINE",
        "handle": "11BB",
        "color": 256
      }
    },
    {
      "type": "Feature",
      "geometry": {
        "type": "LineString",
        "coordinates": [
          [
            1177.491656961387,
            2723.872844543722
          ],
          [
            1177.368003669667,
            2723.749954162234
          ],
          [
            1177.24870967164,
            2723.622827750933
          ],
          [
            1177.133919991504,
            2723.491619855784
          ],
          [
            1177.023774177615,
            2723.356489984555
          ],
          [
            1176.91840613284,
            2723.217602412917
          ],
          [
            1176.817943951772,
            2723.075125984724
          ],
          [
            1176.722509765009,
            2722.929233906762
          ],
          [
            1176.632219590679,
            2722.780103538175
          ],
          [
            1176.5471831934,
            2722.627916174859
          ],
          [
            1176.46750395084,
            2722.472856829057
          ],
          [
            1176.393278728042,
            2722.315114004447
          ],
          [
            1176.324597759666,
            2722.154879466977
          ],
          [
            1176.261544540294,
            2721.992348011737
          ],
          [
            1176.204195722922,
            2721.827717226155
          ],
          [
            1176.15262102578,
            2721.661187249784
          ],
          [
            1176.106883147572,
            2721.492960531001
          ],
          [
            1176.067037691255,
            2721.323241580892
          ],
          [
            1176.033133096445,
            2721.152236724627
          ],
          [
            1176.005210580527,
            2720.980153850638
          ],
          [
            1175.983304088548,
            2720.80720215789
          ],
          [
            1175.967440251952,
            2720.633591901558
          ],
          [
            1175.957638356205,
            2720.459534137424
          ],
          [
            1175.953910317346,
            2720.285240465302
          ],
          [
            1175.956260667505,
            2720.110922771795
          ],
          [
            1175.964686549391,
            2719.936792972709
          ],
          [
            1175.979177719767,
            2719.763062755428
          ],
          [
            1175.999716561899,
            2719.58994332157
          ],
          [
            1176.026278106981,
            2719.417645130232
          ],
          [
            1176.058830064477,
            2719.246377642137
          ],
          [
            1176.097332861388,
            2719.076349064994
          ],
          [
            1176.141739690351,
            2718.907766100383
          ],
          [
            1176.19199656655,
            2718.740833692475
          ],
          [
            1176.248042393338,
            2718.575754778876
          ],
          [
            1176.309809036515,
            2718.412730043924
          ],
          [
            1176.377221407158,
            2718.251957674719
          ],
          [
            1176.450197552905,
            2718.093633120189
          ],
          [
            1176.528648757582,
            2717.937948853482
          ],
          [
            1176.612479649056,
            2717.785094137983
          ],
          [
            1176.701588315177,
            2717.635254797229
          ],
          [
            1176.795866427672,
            2717.488612989004
          ],
          [
            1176.895199373837,
            2717.345346983889
          ],
          [
            1176.999466395872,
            2717.205630948548
          ],
          [
            1177.108540737682,
            2717.06963473399
          ],
          [
            1177.222289798976,
            2716.937523669086
          ],
          [
            1177.340575296464,
            2716.809458359578
          ],
          [
            1177.46325343197,
            2716.685594492836
          ],
          [
            1177.590175067243,
            2716.566082648591
          ],
          [
            1177.721185905264,
            2716.451068115873
          ],
          [
            1177.856126677821,
            2716.340690716387
          ],
          [
            1177.994833339131,
            2716.235084634538
          ],
          [
            1178.137137265268,
            2716.134378254295
          ],
          [
            1178.282865459156,
            2716.038694003128
          ],
          [
            1178.431840760881,
            2715.948148203164
          ],
          [
            1178.583882063063,
            2715.862850929782
          ],
          [
            1178.738804531021,
            2715.782905877795
          ]
        ]
      },
      "properties": {
        "layer": "Z_CBD",
        "dxftype": "POLYLINE",
        "handle": "11CC",
        "color": 256
      }
    },
    {
      "type": "Feature",
      "geometry": {
        "type": "LineString",
        "coordinates": [
          [
            1178.738804531021,
            2715.782905877795
          ],
          [
            1179.682799880262,
            2715.299534300145
          ],
          [
            1180.606378673408,
            2714.793091916453
          ],
          [
            1181.511566630637,
            2714.263525624498
          ],
          [
            1182.400389472124,
            2713.710782322056
          ],
          [
            1183.274872918046,
            2713.134808906906
          ],
          [
            1184.137042688579,
            2712.535552276824
          ],
          [
            1184.9889245039,
            2711.91295932959
          ],
          [
            1185.832544084186,
            2711.266976962979
          ],
          [
            1186.669927149611,
            2710.59755207477
          ],
          [
            1187.503099420354,
            2709.90463156274
          ],
          [
            1189.164914458497,
            2708.44809125833
          ],
          [
            1190.834194960025,
            2706.89693123197
          ],
          [
            1192.527146686349,
            2705.25072666588
          ],
          [
            1195.118270736536,
            2702.62423368733
          ],
          [
            1197.811877239163,
            2699.78349160875
          ],
          [
            1203.563334302948,
            2693.447698529545
          ],
          [
            1223.220608940376,
            2670.811617963772
          ],
          [
            1229.919029287183,
            2663.388097946154
          ],
          [
            1233.373883690304,
            2659.763868951475
          ],
          [
            1236.875788573181,
            2656.276115704178
          ],
          [
            1238.638905489827,
            2654.601727268131
          ],
          [
            1240.407209680772,
            2652.983429507732
          ],
          [
            1242.178509364134,
            2651.428546335913
          ],
          [
            1243.950612758035,
            2649.944401665608
          ]
        ]
      },
      "properties": {
        "layer": "Z_CBD",
        "dxftype": "POLYLINE",
        "handle": "1206",
        "color": 256
      }
    },
    {
      "type": "Feature",
      "geometry": {
        "type": "LineString",
        "coordinates": [
          [
            765.9605820572073,
            2757.452111147246
          ],
          [
            765.7911687601537,
            2757.488671621175
          ],
          [
            765.620590144612,
            2757.519338694599
          ],
          [
            765.4490511610176,
            2757.54407552099
          ],
          [
            765.2767579136887,
            2757.562852379015
          ],
          [
            765.1039174131926,
            2757.575646708257
          ],
          [
            764.9307373276221,
            2757.582443136311
          ],
          [
            764.7574257330818,
            2757.583233497259
          ],
          [
            764.5841908636849,
            2757.578016841482
          ],
          [
            764.4112408613586,
            2757.566799436798
          ],
          [
            764.2387835257623,
            2757.549594760935
          ],
          [
            764.0670260646159,
            2757.526423485334
          ],
          [
            763.8961748447387,
            2757.497313450312
          ],
          [
            763.7264351441,
            2757.462299631617
          ],
          [
            763.5580109051776,
            2757.421424098399
          ],
          [
            763.3911044899202,
            2757.374735962664
          ],
          [
            763.2259164366088,
            2757.322291320271
          ],
          [
            763.0626452189109,
            2757.264153183528
          ],
          [
            762.9014870074132,
            2757.200391405484
          ],
          [
            762.7426354339224,
            2757.131082596001
          ],
          [
            762.5862813588168,
            2757.056310029706
          ],
          [
            762.4326126417271,
            2756.976163545937
          ],
          [
            762.2818139158226,
            2756.890739440802
          ],
          [
            762.1340663659743,
            2756.800140351479
          ],
          [
            761.9895475110611,
            2756.704475132892
          ],
          [
            761.8484309906808,
            2756.603858726932
          ],
          [
            761.7108863565215,
            2756.498412024346
          ],
          [
            761.5770788686455,
            2756.388261719486
          ],
          [
            761.4471692969283,
            2756.273540158091
          ],
          [
            761.3213137278944,
            2756.154385178272
          ],
          [
            761.1996633771788,
            2756.030939944896
          ],
          [
            761.0823644078404,
            2755.903352777577
          ],
          [
            760.9695577547479,
            2755.771776972466
          ],
          [
            760.8613789552462,
            2755.63637061807
          ],
          [
            760.7579579863076,
            2755.497296405305
          ],
          [
            760.659419108365,
            2755.354721432023
          ],
          [
            760.5658807160119,
            2755.208817002246
          ],
          [
            760.477455195752,
            2755.059758420342
          ],
          [
            760.3942487909663,
            2754.907724780396
          ],
          [
            760.3163614742618,
            2754.752898751031
          ],
          [
            760.2438868273535,
            2754.595466355927
          ],
          [
            760.176911928627,
            2754.435616750319
          ],
          [
            760.1155172485123,
            2754.273541993722
          ],
          [
            760.0597765528001,
            2754.109436819172
          ],
          [
            760.009756814011,
            2753.943498399257
          ],
          [
            759.965518130928,
            2753.775926109209
          ],
          [
            759.9271136563881,
            2753.606921287362
          ],
          [
            759.8945895334188,
            2753.436686993233
          ],
          [
            759.8679848397974,
            2753.265427763555
          ]
        ]
      },
      "properties": {
        "layer": "Z_CBD",
        "dxftype": "POLYLINE",
        "handle": "1221",
        "color": 256
      }
    },
    {
      "type": "Feature",
      "geometry": {
        "type": "LineString",
        "coordinates": [
          [
            759.8679848397974,
            2753.265427763555
          ],
          [
            749.0152248823031,
            2674.418217711853
          ]
        ]
      },
      "properties": {
        "layer": "Z_CBD",
        "dxftype": "POLYLINE",
        "handle": "1254",
        "color": 256
      }
    },
    {
      "type": "Feature",
      "geometry": {
        "type": "LineString",
        "coordinates": [
          [
            749.0152248823031,
            2674.418217711853
          ],
          [
            748.994655145,
            2674.246954085017
          ],
          [
            748.9800051752944,
            2674.075082847292
          ],
          [
            748.971292409196,
            2673.902808555313
          ],
          [
            748.9685272164102,
            2673.730336245425
          ],
          [
            748.9717128879969,
            2673.557871189641
          ],
          [
            748.9808456324536,
            2673.385618651349
          ],
          [
            748.9959145802271,
            2673.213783640997
          ],
          [
            749.0169017966516,
            2673.042570672106
          ],
          [
            749.0437823032926,
            2672.872183517859
          ],
          [
            749.0765241076765,
            2672.702824968576
          ],
          [
            749.1150882413671,
            2672.534696590358
          ],
          [
            749.1594288063441,
            2672.367998485188
          ],
          [
            749.2094930296307,
            2672.202929052777
          ],
          [
            749.2652213261025,
            2672.039684754432
          ],
          [
            749.326547369403,
            2671.878459879233
          ],
          [
            749.3933981708847,
            2671.719446312797
          ],
          [
            749.4656941664782,
            2671.562833308896
          ],
          [
            749.5433493113866,
            2671.408807264219
          ],
          [
            749.626271182494,
            2671.257551496522
          ],
          [
            749.7143610883655,
            2671.10924602645
          ],
          [
            749.8075141867068,
            2670.964067363283
          ],
          [
            749.9056196091448,
            2670.822188294855
          ],
          [
            750.0085605931798,
            2670.683777681911
          ],
          [
            750.1162146211541,
            2670.54900025713
          ],
          [
            750.2284535660685,
            2670.418016429067
          ],
          [
            750.3451438440762,
            2670.290982091236
          ],
          [
            750.4661465734702,
            2670.168048436572
          ],
          [
            750.5913177399773,
            2670.049361777487
          ],
          [
            750.7205083681598,
            2669.935063371726
          ],
          [
            750.8535646987223,
            2669.825289254253
          ],
          [
            750.9903283715114,
            2669.720170075342
          ],
          [
            751.1306366139929,
            2669.619830945082
          ],
          [
            751.2743224349782,
            2669.524391284471
          ],
          [
            751.4212148233739,
            2669.433964683291
          ],
          [
            751.5711389517138,
            2669.348658764908
          ],
          [
            751.7239163842345,
            2669.268575058188
          ],
          [
            751.879365289245,
            2669.193808876657
          ],
          [
            752.0373006555378,
            2669.124449205063
          ],
          [
            752.1975345125842,
            2669.060578593467
          ],
          [
            752.3598761542522,
            2669.002273058994
          ],
          [
            752.5241323657802,
            2668.949601995362
          ],
          [
            752.6901076537354,
            2668.902628090288
          ],
          [
            752.8576044786853,
            2668.861407250882
          ],
          [
            753.0264234903043,
            2668.825988537104
          ],
          [
            753.1963637646348,
            2668.79641410338
          ],
          [
            753.3672230432219,
            2668.772719148423
          ],
          [
            753.5387979738354,
            2668.754931873348
          ],
          [
            753.7108843524954,
            2668.743073448102
          ],
          [
            753.8832773665099,
            2668.737157986271
          ]
        ]
      },
      "properties": {
        "layer": "Z_CBD",
        "dxftype": "POLYLINE",
        "handle": "1258",
        "color": 256
      }
    },
    {
      "type": "Feature",
      "geometry": {
        "type": "LineString",
        "coordinates": [
          [
            753.8832773665099,
            2668.737157986271
          ],
          [
            772.3450075748151,
            2668.201437387334
          ],
          [
            790.4231858366543,
            2667.25226540817
          ],
          [
            808.4866813518777,
            2665.889393408644
          ],
          [
            826.5325749334345,
            2664.119002138608
          ],
          [
            837.9088271889041,
            2662.787245959634
          ],
          [
            849.2585873898082,
            2661.252735081295
          ],
          [
            860.5635379266354,
            2659.472585199724
          ],
          [
            871.8053611898744,
            2657.403912011058
          ]
        ]
      },
      "properties": {
        "layer": "Z_CBD",
        "dxftype": "POLYLINE",
        "handle": "128C",
        "color": 256
      }
    },
    {
      "type": "Feature",
      "geometry": {
        "type": "LineString",
        "coordinates": [
          [
            871.8053611898745,
            2657.403912011058
          ],
          [
            871.9768872552129,
            2657.372912682151
          ],
          [
            872.1493895958823,
            2657.347910843283
          ],
          [
            872.3226585722064,
            2657.328936878838
          ],
          [
            872.4964836128278,
            2657.316013847609
          ],
          [
            872.6706534706117,
            2657.309157454775
          ],
          [
            872.8449564793721,
            2657.308376032814
          ],
          [
            873.0191808111059,
            2657.313670531377
          ],
          [
            873.1931147334259,
            2657.325034516134
          ],
          [
            873.3665468668748,
            2657.342454176593
          ],
          [
            873.5392664418125,
            2657.365908342887
          ],
          [
            873.7110635545612,
            2657.395368511495
          ],
          [
            873.8817294224984,
            2657.430798879886
          ],
          [
            874.0510566377878,
            2657.472156390033
          ],
          [
            874.2188394194387,
            2657.519390780731
          ],
          [
            874.3848738633889,
            2657.57244464869
          ],
          [
            874.5489581903066,
            2657.631253518286
          ],
          [
            874.71089299081,
            2657.695745919924
          ],
          [
            874.8704814678063,
            2657.765843476894
          ],
          [
            875.0275296756572,
            2657.841461000617
          ],
          [
            875.1818467558772,
            2657.922506594178
          ],
          [
            875.3332451690827,
            2658.008881764001
          ],
          [
            875.4815409229049,
            2658.100481539554
          ],
          [
            875.626553795593,
            2658.197194600916
          ],
          [
            875.7681075550363,
            2658.298903414058
          ],
          [
            875.9060301729356,
            2658.405484373684
          ],
          [
            876.040154033867,
            2658.516807953451
          ],
          [
            876.1703161389829,
            2658.632738863371
          ],
          [
            876.2963583041019,
            2658.753136214236
          ],
          [
            876.418127351948,
            2658.877853688833
          ],
          [
            876.5354752983045,
            2659.006739719764
          ],
          [
            876.6482595318577,
            2659.139637673642
          ],
          [
            876.7563429875096,
            2659.276386041448
          ],
          [
            876.8595943129521,
            2659.416818634806
          ],
          [
            876.957888028297,
            2659.560764787957
          ],
          [
            877.0511046785704,
            2659.708049565158
          ],
          [
            877.1391309788838,
            2659.858493973283
          ],
          [
            877.221859952109,
            2660.011915179354
          ],
          [
            877.2991910588844,
            2660.16812673273
          ],
          [
            877.3710303198004,
            2660.3269387917
          ],
          [
            877.4372904296104,
            2660.488158354195
          ],
          [
            877.4978908633318,
            2660.651589492342
          ],
          [
            877.5527579741075,
            2660.81703359057
          ],
          [
            877.6018250827068,
            2660.984289586985
          ],
          [
            877.6450325585606,
            2661.153154217721
          ],
          [
            877.6823278922293,
            2661.323422263958
          ],
          [
            877.7136657592168,
            2661.49488680133
          ],
          [
            877.7390080750528,
            2661.667339451385
          ],
          [
            877.7583240415761,
            2661.840570634838
          ],
          [
            877.7715901843635,
            2662.014369826259
          ],
          [
            877.7787903812574,
            2662.188525809929
          ],
          [
            877.7799158819597,
            2662.362826936521
          ],
          [
            877.7749653186653,
            2662.537061380321
          ],
          [
            877.7639447077242,
            2662.711017396651
          ],
          [
            877.7468674423302,
            2662.884483579205
          ],
          [
            877.7237542762449,
            2663.057249116963
          ]
        ]
      },
      "properties": {
        "layer": "Z_CBD",
        "dxftype": "POLYLINE",
        "handle": "1297",
        "color": 256
      }
    },
    {
      "type": "Feature",
      "geometry": {
        "type": "LineString",
        "coordinates": [
          [
            877.7237542762449,
            2663.057249116963
          ],
          [
            874.6227850733562,
            2681.382715816955
          ],
          [
            872.623535272986,
            2691.538197193909
          ],
          [
            870.3514343243455,
            2701.854809064593
          ],
          [
            867.8262264656944,
            2711.957025285829
          ],
          [
            866.4748775195712,
            2716.810383108158
          ],
          [
            865.0676559352929,
            2721.469319714434
          ],
          [
            863.607029742642,
            2725.886894336757
          ],
          [
            862.8574611774837,
            2727.990501913969
          ],
          [
            862.0954669714009,
            2730.01616620723
          ],
          [
            861.3213556281162,
            2731.958019620555
          ],
          [
            860.5354356513524,
            2733.810194557956
          ],
          [
            859.7380155448323,
            2735.566823423446
          ],
          [
            858.9294038122786,
            2737.222038621036
          ]
        ]
      },
      "properties": {
        "layer": "Z_CBD",
        "dxftype": "POLYLINE",
        "handle": "12D1",
        "color": 256
      }
    },
    {
      "type": "Feature",
      "geometry": {
        "type": "LineString",
        "coordinates": [
          [
            858.9294038122786,
            2737.222038621036
          ],
          [
            858.8499257993689,
            2737.372121822087
          ],
          [
            858.7653966861059,
            2737.519419312849
          ],
          [
            858.675913991096,
            2737.663761160792
          ],
          [
            858.5815809477391,
            2737.804980843219
          ],
          [
            858.4825063851309,
            2737.942915439379
          ],
          [
            858.3788046025101,
            2738.077405818421
          ],
          [
            858.2705952373951,
            2738.208296822983
          ],
          [
            858.1580031275621,
            2738.335437448186
          ],
          [
            858.0411581670232,
            2738.45868101585
          ],
          [
            857.9201951561722,
            2738.577885343706
          ],
          [
            857.7952536462693,
            2738.692912909432
          ],
          [
            857.666477778445,
            2738.803631009307
          ],
          [
            857.5340161174095,
            2738.909911911305
          ],
          [
            857.3980214800578,
            2739.011633002457
          ],
          [
            857.2586507591692,
            2739.108676930309
          ],
          [
            857.1160647424064,
            2739.2009317383
          ],
          [
            856.9704279268182,
            2739.288290994931
          ],
          [
            856.8219083290651,
            2739.370653916546
          ],
          [
            856.6706772915838,
            2739.447925483607
          ],
          [
            856.5169092849147,
            2739.520016550313
          ],
          [
            856.3607817064203,
            2739.586843947443
          ],
          [
            856.2024746756277,
            2739.648330578311
          ],
          [
            856.0421708264308,
            2739.704405507703
          ],
          [
            855.8800550963899,
            2739.755004043721
          ],
          [
            855.7163145133765,
            2739.800067812407
          ],
          [
            855.5511379798039,
            2739.839544825094
          ],
          [
            855.3847160546973,
            2739.873389538382
          ],
          [
            855.2172407338509,
            2739.901562906679
          ],
          [
            855.0489052283292,
            2739.924032427246
          ]
        ]
      },
      "properties": {
        "layer": "Z_CBD",
        "dxftype": "POLYLINE",
        "handle": "12E1",
        "color": 256
      }
    },
    {
      "type": "Feature",
      "geometry": {
        "type": "LineString",
        "coordinates": [
          [
            855.0489052283292,
            2739.924032427246
          ],
          [
            842.9044534130588,
            2741.547467119686
          ],
          [
            830.7927881738357,
            2743.536092516129
          ],
          [
            806.6888232953798,
            2748.27811837413
          ],
          [
            765.9605820572073,
            2757.452111147246
          ]
        ]
      },
      "properties": {
        "layer": "Z_CBD",
        "dxftype": "POLYLINE",
        "handle": "1301",
        "color": 256
      }
    },
    {
      "type": "Feature",
      "geometry": {
        "type": "LineString",
        "coordinates": [
          [
            576.8338510822134,
            2801.689697979473
          ],
          [
            580.5639307516866,
            2660.646647092499
          ]
        ]
      },
      "properties": {
        "layer": "Z_CBD",
        "dxftype": "POLYLINE",
        "handle": "1308",
        "color": 256
      }
    },
    {
      "type": "Feature",
      "geometry": {
        "type": "LineString",
        "coordinates": [
          [
            580.5639307516866,
            2660.646647092499
          ],
          [
            624.2259291231911,
            2664.088289096765
          ],
          [
            703.4007385035151,
            2668.197469633199
          ],
          [
            738.8488138147942,
            2668.853594784724
          ]
        ]
      },
      "properties": {
        "layer": "Z_CBD",
        "dxftype": "POLYLINE",
        "handle": "130C",
        "color": 256
      }
    },
    {
      "type": "Feature",
      "geometry": {
        "type": "LineString",
        "coordinates": [
          [
            738.8488138147942,
            2668.853594784724
          ],
          [
            739.0193601142586,
            2668.856694991998
          ],
          [
            739.1897014227508,
            2668.865610717844
          ],
          [
            739.3596394926161,
            2668.880331585907
          ],
          [
            739.5289765455005,
            2668.900840463658
          ],
          [
            739.6975155025283,
            2668.92711348233
          ],
          [
            739.8650602136689,
            2668.959120064699
          ],
          [
            740.031415686021,
            2668.996822960671
          ],
          [
            740.1963883107502,
            2669.040178290633
          ],
          [
            740.3597860884165,
            2669.089135596522
          ],
          [
            740.5214188524277,
            2669.143637900548
          ],
          [
            740.6810984903608,
            2669.203621771512
          ],
          [
            740.8386391628914,
            2669.269017398619
          ],
          [
            740.993857520079,
            2669.339748672735
          ],
          [
            741.1465729147544,
            2669.41573327496
          ],
          [
            741.2966076127612,
            2669.496882772433
          ],
          [
            741.4437869998076,
            2669.583102721255
          ],
          [
            741.5879397846873,
            2669.674292776401
          ],
          [
            741.7288981986321,
            2669.77034680851
          ],
          [
            741.8664981905665,
            2669.871153027394
          ],
          [
            742.0005796180336,
            2669.97659411215
          ],
          [
            742.130986433574,
            2670.086547347695
          ],
          [
            742.2575668663367,
            2670.200884767588
          ],
          [
            742.3801735987155,
            2670.31947330296
          ],
          [
            742.4986639377996,
            2670.442174937382
          ],
          [
            742.6128999814446,
            2670.568846867495
          ],
          [
            742.7227487787654,
            2670.699341669205
          ],
          [
            742.828082484869,
            2670.833507469261
          ],
          [
            742.928778509643,
            2670.971188122008
          ],
          [
            743.0247196604296,
            2671.112223391114
          ],
          [
            743.1157942784168,
            2671.256449136058
          ],
          [
            743.2018963685908,
            2671.403697503159
          ],
          [
            743.2829257230951,
            2671.553797120929
          ],
          [
            743.3587880378551,
            2671.706573299522
          ],
          [
            743.4293950223317,
            2671.861848234039
          ],
          [
            743.4946645022764,
            2672.019441211465
          ],
          [
            743.5545205153672,
            2672.179168820984
          ],
          [
            743.6088933996162,
            2672.340845167444
          ],
          [
            743.6577198744437,
            2672.504282087698
          ],
          [
            743.7009431143257,
            2672.669289369598
          ],
          [
            743.7385128149292,
            2672.835674973371
          ],
          [
            743.7703852516576,
            2673.003245255113
          ],
          [
            743.7965233305381,
            2673.171805192164
          ]
        ]
      },
      "properties": {
        "layer": "Z_CBD",
        "dxftype": "POLYLINE",
        "handle": "1312",
        "color": 256
      }
    },
    {
      "type": "Feature",
      "geometry": {
        "type": "LineString",
        "coordinates": [
          [
            743.7965233305381,
            2673.171805192164
          ],
          [
            755.1072523735731,
            2755.346241205396
          ]
        ]
      },
      "properties": {
        "layer": "Z_CBD",
        "dxftype": "POLYLINE",
        "handle": "133F",
        "color": 256
      }
    },
    {
      "type": "Feature",
      "geometry": {
        "type": "LineString",
        "coordinates": [
          [
            755.1072523735731,
            2755.346241205396
          ],
          [
            755.1277415236179,
            2755.516720304309
          ],
          [
            755.1423650005086,
            2755.687802396765
          ],
          [
            755.1511055585281,
            2755.859285722722
          ],
          [
            755.1539528897868,
            2756.030968048954
          ],
          [
            755.1509036363777,
            2756.202646907552
          ],
          [
            755.1419613943382,
            2756.374119834695
          ],
          [
            755.127136709407,
            2756.545184609421
          ],
          [
            755.1064470645895,
            2756.715639492112
          ],
          [
            755.0799168595381,
            2756.885283462402
          ],
          [
            755.0475773817786,
            2757.053916456249
          ],
          [
            755.0094667698111,
            2757.221339601874
          ],
          [
            754.9656299681336,
            2757.387355454294
          ],
          [
            754.9161186742373,
            2757.551768228166
          ],
          [
            754.8609912776398,
            2757.71438402869
          ],
          [
            754.8003127910246,
            2757.875011080266
          ],
          [
            754.7341547735708,
            2758.033459952657
          ],
          [
            754.6625952465622,
            2758.189543784395
          ],
          [
            754.5857186013753,
            2758.343078503141
          ],
          [
            754.5036154999553,
            2758.493883042771
          ],
          [
            754.4163827678967,
            2758.641779556906
          ],
          [
            754.3241232802555,
            2758.786593628653
          ],
          [
            754.2269458402263,
            2758.928154476295
          ],
          [
            754.1249650508298,
            2759.066295154698
          ],
          [
            754.0183011797583,
            2759.200852752193
          ],
          [
            753.9070800175431,
            2759.3316685827
          ],
          [
            753.7914327292068,
            2759.458588372868
          ],
          [
            753.6714956995785,
            2759.581462444012
          ],
          [
            753.5474103724526,
            2759.700145888636
          ],
          [
            753.4193230837818,
            2759.814498741319
          ],
          [
            753.2873848891008,
            2759.924386143781
          ],
          [
            753.1517513853836,
            2760.029678503927
          ],
          [
            753.0125825275458,
            2760.130251648672
          ],
          [
            752.8700424398062,
            2760.225986970381
          ],
          [
            752.7242992221329,
            2760.316771566751
          ],
          [
            752.5755247520004,
            2760.40249837395
          ],
          [
            752.423894481691,
            2760.483066292885
          ],
          [
            752.2695872313809,
            2760.558380308429
          ],
          [
            752.1127849782549,
            2760.628351601473
          ],
          [
            751.9536726418971,
            2760.692897653673
          ],
          [
            751.7924378662128,
            2760.751942344761
          ],
          [
            751.629270798136,
            2760.805416042322
          ],
          [
            751.4643638633863,
            2760.853255683909
          ],
          [
            751.297911539538,
            2760.895404851412
          ]
        ]
      },
      "properties": {
        "layer": "Z_CBD",
        "dxftype": "POLYLINE",
        "handle": "1343",
        "color": 256
      }
    },
    {
      "type": "Feature",
      "geometry": {
        "type": "LineString",
        "coordinates": [
          [
            751.297911539538,
            2760.895404851412
          ],
          [
            663.2276241222726,
            2781.556566194473
          ],
          [
            640.260284278382,
            2787.787246764596
          ],
          [
            625.9599805729813,
            2792.077388717232
          ],
          [
            611.7447391279795,
            2796.651906414168
          ],
          [
            583.5520502527655,
            2806.516751452951
          ]
        ]
      },
      "properties": {
        "layer": "Z_CBD",
        "dxftype": "POLYLINE",
        "handle": "1371",
        "color": 256
      }
    },
    {
      "type": "Feature",
      "geometry": {
        "type": "LineString",
        "coordinates": [
          [
            583.5520502527655,
            2806.516751452951
          ],
          [
            583.3876945171038,
            2806.573739826748
          ],
          [
            583.2214558640097,
            2806.624976462181
          ],
          [
            583.0535355119582,
            2806.670399341436
          ],
          [
            582.8841367149847,
            2806.709953483785
          ],
          [
            582.7134645166634,
            2806.743591012129
          ],
          [
            582.5417255019174,
            2806.771271210955
          ],
          [
            582.3691275469654,
            2806.792960575616
          ],
          [
            582.1958795677041,
            2806.808632852887
          ],
          [
            582.0221912668318,
            2806.818269072739
          ],
          [
            581.8482728800205,
            2806.821857571308
          ],
          [
            581.6743349214432,
            2806.819394005004
          ],
          [
            581.5005879289624,
            2806.810881355777
          ],
          [
            581.327242209292,
            2806.7963299275
          ],
          [
            581.154507583437,
            2806.775757333505
          ],
          [
            580.9825931327231,
            2806.749188475255
          ],
          [
            580.81170694572,
            2806.716655512209
          ],
          [
            580.6420558663672,
            2806.678197822894
          ],
          [
            580.473845243606,
            2806.63386195724
          ],
          [
            580.3072786828214,
            2806.583701580234
          ],
          [
            580.1425577993939,
            2806.527777406965
          ],
          [
            579.9798819746605,
            2806.466157129132
          ],
          [
            579.8194481145796,
            2806.398915333108
          ],
          [
            579.6614504113925,
            2806.326133409661
          ],
          [
            579.5060801085692,
            2806.247899455437
          ],
          [
            579.3535252693233,
            2806.164308166324
          ],
          [
            579.2039705489772,
            2806.075460722831
          ],
          [
            579.0575969714513,
            2805.98146466762
          ],
          [
            578.9145817101494,
            2805.88243377533
          ],
          [
            578.7750978735045,
            2805.778487914865
          ],
          [
            578.6393142954449,
            2805.669752904301
          ],
          [
            578.507395331035,
            2805.556360358594
          ],
          [
            578.3795006575355,
            2805.43844753027
          ],
          [
            578.2557850811281,
            2805.316157143292
          ],
          [
            578.1363983495348,
            2805.189637220306
          ],
          [
            578.02148497076,
            2805.059040903468
          ],
          [
            577.9111840381757,
            2804.924526269082
          ],
          [
            577.8056290621599,
            2804.786256136257
          ],
          [
            577.7049478084931,
            2804.644397869833
          ],
          [
            577.6092621437083,
            2804.499123177792
          ],
          [
            577.5186878875813,
            2804.350607903425
          ],
          [
            577.4333346729401,
            2804.19903181249
          ],
          [
            577.3533058129633,
            2804.044578375611
          ],
          [
            577.2786981761278,
            2803.887434546209
          ],
          [
            577.2096020689577,
            2803.727790534211
          ],
          [
            577.1461011267147,
            2803.565839575809
          ],
          [
            577.0882722121652,
            2803.401777699571
          ],
          [
            577.0361853225436,
            2803.235803489157
          ],
          [
            576.9899035048267,
            2803.068117842956
          ],
          [
            576.9494827794198,
            2802.898923730911
          ],
          [
            576.9149720723494,
            2802.728425948842
          ],
          [
            576.8864131560417,
            2802.556830870555
          ],
          [
            576.86384059876,
            2802.384346198046
          ],
          [
            576.8472817227635,
            2802.211180710091
          ],
          [
            576.8367565712354,
            2802.03754400954
          ],
          [
            576.8322778840221,
            2801.863646269606
          ],
          [
            576.8338510822132,
            2801.689697979473
          ]
        ]
      },
      "properties": {
        "layer": "Z_CBD",
        "dxftype": "POLYLINE",
        "handle": "1379",
        "color": 256
      }
    }
  ]
}