{
  "type": "FeatureCollection",
  "name": "Z_OFC",
  "features": [
    {
      "type": "Feature",
      "geometry": {
        "type": "LineString",
        "coordinates": [
          [
            121.4622141502965,
            31.25060158133506
          ],
          [
            121.46225831662028,
            31.250594511329258
          ],
          [
            121.46229980703627,
            31.25058678990457
          ],
          [
            121.46233879254036,
            31.25057845227372
          ],
          [
            121.46237544412867,
            31.250569533648992
          ],
          [
            121.46240993279726,
            31.25056006924239
          ],
          [
            121.46244242954238,
            31.250550094265623
          ],
          [
            121.46247310536029,
            31.25053964393008
          ],
          [
            121.46250213124732,
            31.250528753446982
          ],
          [
            121.46252967819976,
            31.250517458027264
          ],
          [
            121.46255591721399,
            31.250505792881693
          ],
          [
            121.46258101928633,
            31.250493793220834
          ],
          [
            121.4626051554131,
            31.2504814942551
          ],
          [
            121.46262849659063,
            31.250468931194757
          ],
          [
            121.46265121381514,
            31.250456139249888
          ],
          [
            121.46269546039,
            31.250430009546374
          ],
          [
            121.46278269809419,
            31.25037561952086
          ],
          [
            121.46282664887896,
            31.250346639353094
          ],
          [
            121.46287135306704,
            31.250315911414134
          ],
          [
            121.46291720974295,
            31.25028301745231
          ],
          [
            121.46296461798966,
            31.250247539215295
          ],
          [
            121.46301397688845,
            31.250209058450068
          ],
          [
            121.4630656855188,
            31.250167156902872
          ],
          [
            121.4631767875046,
            31.25007261381586
          ],
          [
            121.46386872870829,
            31.24944595536617
          ]
        ]
      },
      "properties": {
        "layer": "Z_OFC",
        "dxftype": "POLYLINE",
        "handle": "6FC",
        "color": 256
      }
    },
    {
      "type": "Feature",
      "geometry": {
        "type": "LineString",
        "coordinates": [
          [
            121.46386872870829,
            31.24944595536617
          ],
          [
            121.46386984987515,
            31.249444908933253
          ],
          [
            121.46387092843072,
            31.249443829949335
          ],
          [
            121.46387196309543,
            31.249442719694443
          ],
          [
            121.46387295264182,
            31.249441579485723
          ],
          [
            121.46387389589594,
            31.24944041067584
          ],
          [
            121.46387479173882,
            31.249439214651392
          ],
          [
            121.46387563910766,
            31.24943799283131
          ],
          [
            121.46387643699718,
            31.249436746665026
          ],
          [
            121.46387718446084,
            31.249435477630964
          ],
          [
            121.46387788061186,
            31.249434187234602
          ],
          [
            121.46387852462445,
            31.249432877006786
          ],
          [
            121.4638791157345,
            31.249431548501907
          ],
          [
            121.46387965324084,
            31.249430203296004
          ],
          [
            121.46388013650575,
            31.249428842984955
          ],
          [
            121.46388056495593,
            31.24942746918254
          ],
          [
            121.46388093808311,
            31.249426083518557
          ],
          [
            121.46388125544462,
            31.24942468763688
          ],
          [
            121.46388151666396,
            31.249423283193483
          ],
          [
            121.46388172143128,
            31.24942187185453
          ],
          [
            121.46388186950364,
            31.249420455294317
          ],
          [
            121.46388196070532,
            31.249419035193398
          ],
          [
            121.46388199492822,
            31.249417613236464
          ],
          [
            121.46388197213169,
            31.249416191110438
          ],
          [
            121.46388189234276,
            31.249414770502465
          ],
          [
            121.46388175565613,
            31.249413353097832
          ],
          [
            121.46388156223396,
            31.249411940578085
          ],
          [
            121.46388131230569,
            31.24941053461894
          ],
          [
            121.46388100616784,
            31.24940913688834
          ],
          [
            121.46388064418356,
            31.249407749044455
          ],
          [
            121.46388022678232,
            31.24940637273376
          ],
          [
            121.46387975445933,
            31.249405009589
          ],
          [
            121.46387922777485,
            31.249403661227333
          ],
          [
            121.46387864735378,
            31.249402329248365
          ],
          [
            121.46387801388467,
            31.249401015232294
          ],
          [
            121.46387732811901,
            31.24939972073795
          ],
          [
            121.46387659087038,
            31.249398447301083
          ],
          [
            121.4638758030134,
            31.249397196432383
          ],
          [
            121.46387496548272,
            31.249395969615797
          ],
          [
            121.46387407927195,
            31.24939476830677
          ],
          [
            121.46387314543244,
            31.24939359393046
          ],
          [
            121.46387216507203,
            31.249392447880044
          ],
          [
            121.46387113935376,
            31.249391331515156
          ]
        ]
      },
      "properties": {
        "layer": "Z_OFC",
        "dxftype": "POLYLINE",
        "handle": "717",
        "color": 256
      }
    },
    {
      "type": "Feature",
      "geometry": {
        "type": "LineString",
        "coordinates": [
          [
            121.46387113935376,
            31.249391331515156
          ],
          [
            121.46383315326366,
            31.249352431433106
          ],
          [
            121.46379408450112,
            31.24931427872995
          ],
          [
            121.46375328955389,
            31.249276145980573
          ],
          [
            121.46371151608547,
            31.249238815021393
          ],
          [
            121.46366875135739,
            31.249202355757333
          ],
          [
            121.463624982631,
            31.249166838093295
          ],
          [
            121.46358019716747,
            31.249132331934092
          ],
          [
            121.46353438222782,
            31.24909890718454
          ],
          [
            121.46348752507294,
            31.24906663374937
          ],
          [
            121.46343961296341,
            31.249035581533295
          ],
          [
            121.46339639602485,
            31.249009201581053
          ],
          [
            121.46335238630954,
            31.248983798660912
          ],
          [
            121.46330762471753,
            31.24895934166985
          ],
          [
            121.46326215214883,
            31.24893579950489
          ],
          [
            121.46321600950351,
            31.24891314106307
          ],
          [
            121.46316923768154,
            31.248891335241545
          ],
          [
            121.46312187758288,
            31.248870350937423
          ],
          [
            121.46307397010752,
            31.24885015704795
          ],
          [
            121.46302049897189,
            31.248828783926044
          ],
          [
            121.4629664308183,
            31.24880850991058
          ],
          [
            121.4629117856749,
            31.248789509029525
          ],
          [
            121.46285658356939,
            31.248771955310776
          ],
          [
            121.46282877991436,
            31.248763775521013
          ],
          [
            121.46280084452897,
            31.248756022782313
          ],
          [
            121.46277277991658,
            31.248748718848162
          ],
          [
            121.46274458858046,
            31.248741885472064
          ],
          [
            121.46271627302389,
            31.24873554440753
          ],
          [
            121.46268783575009,
            31.24872971740804
          ],
          [
            121.4626592792623,
            31.248724426227096
          ],
          [
            121.46263060606364,
            31.248719692618206
          ],
          [
            121.46260406147037,
            31.248715834997952
          ],
          [
            121.4625774261659,
            31.248712456970175
          ],
          [
            121.46255070657924,
            31.24870954537786
          ],
          [
            121.46252390913942,
            31.248707087064027
          ],
          [
            121.46249704027542,
            31.24870506887165
          ],
          [
            121.46247010641626,
            31.24870347764375
          ],
          [
            121.46241606942873,
            31.24870152345345
          ],
          [
            121.46236184960925,
            31.248701119237285
          ],
          [
            121.46230749839057,
            31.248702159739487
          ],
          [
            121.46225306720551,
            31.24870453970445
          ],
          [
            121.46219860748725,
            31.2487081538766
          ],
          [
            121.46214417066918,
            31.248712897000473
          ],
          [
            121.46208980818488,
            31.248718663820707
          ],
          [
            121.46203557146828,
            31.24872534908205
          ],
          [
            121.46198151195345,
            31.248732847529315
          ],
          [
            121.46187413026708,
            31.24874986296139
          ],
          [
            121.46176807460411,
            31.24876886807743
          ],
          [
            121.46158760406104,
            31.248804640606853
          ],
          [
            121.46084935212684,
            31.24896679887973
          ],
          [
            121.46074276006999,
            31.248992691872402
          ],
          [
            121.46068931720886,
            31.249006886991413
          ],
          [
            121.46063578150843,
            31.2490221436244
          ],
          [
            121.46058215675508,
            31.249038633595497
          ],
          [
            121.46052844673473,
            31.24905652872882
          ],
          [
            121.46047465523296,
            31.249076000848476
          ],
          [
            121.46042078603492,
            31.24909722177857
          ],
          [
            121.46036684292534,
            31.249120363343224
          ],
          [
            121.46033984483635,
            31.249132708058525
          ],
          [
            121.46031282968859,
            31.249145597366482
          ],
          [
            121.46028579795502,
            31.24915905274512
          ],
          [
            121.46025875010861,
            31.249173095672443
          ],
          [
            121.46023168662224,
            31.249187747626443
          ],
          [
            121.46020460796888,
            31.24920303008515
          ],
          [
            121.46020134847475,
            31.249204936450667
          ],
          [
            121.4601997940913,
            31.249205894282706
          ],
          [
            121.4601990489434,
            31.249206374539707
          ],
          [
            121.46019833018775,
            31.249206855758775
          ],
          [
            121.46019764159662,
            31.24920733799094
          ],
          [
            121.4601969869423,
            31.24920782128728
          ],
          [
            121.46019636999699,
            31.24920830569883
          ],
          [
            121.46019607684407,
            31.24920854833874
          ],
          [
            121.46019579453302,
            31.24920879127661
          ],
          [
            121.46019552353539,
            31.249209034518813
          ],
          [
            121.46019526432265,
            31.249209278071714
          ],
          [
            121.4601950173664,
            31.2492095219417
          ],
          [
            121.46019478313816,
            31.24920976613516
          ],
          [
            121.46019456210944,
            31.24921001065848
          ],
          [
            121.46019435475178,
            31.249210255518022
          ],
          [
            121.46019425634697,
            31.249210378075876
          ],
          [
            121.46019416153673,
            31.249210500720185
          ],
          [
            121.46019407038003,
            31.249210623451738
          ],
          [
            121.46019398293582,
            31.249210746271334
          ],
          [
            121.46019387729783,
            31.24921090237944
          ],
          [
            121.46019377769485,
            31.249211058629665
          ],
          [
            121.46019368407902,
            31.249211215020825
          ],
          [
            121.46019359640245,
            31.24921137155178
          ],
          [
            121.46019351461729,
            31.24921152822133
          ],
          [
            121.46019343867566,
            31.249211685028317
          ],
          [
            121.4601933685297,
            31.24921184197156
          ],
          [
            121.46019330413154,
            31.249211999049884
          ],
          [
            121.4601932454333,
            31.249212156262125
          ],
          [
            121.46019319238712,
            31.249212313607103
          ],
          [
            121.46019314494514,
            31.249212471083638
          ],
          [
            121.46019310305944,
            31.24921262869056
          ],
          [
            121.46019306668221,
            31.249212786426728
          ],
          [
            121.46019303576554,
            31.24921294429092
          ],
          [
            121.46019301026162,
            31.24921310228199
          ],
          [
            121.4601929901225,
            31.24921326039876
          ],
          [
            121.46019297530037,
            31.249213418640068
          ],
          [
            121.46019296574734,
            31.249213577004724
          ],
          [
            121.46019296141554,
            31.249213735491548
          ],
          [
            121.4601929622571,
            31.24921389409939
          ],
          [
            121.46019296822418,
            31.249214052827078
          ],
          [
            121.46019297926884,
            31.24921421167342
          ],
          [
            121.46019299534329,
            31.24921437063725
          ],
          [
            121.4601930163996,
            31.249214529717392
          ],
          [
            121.46019304238995,
            31.24921468891268
          ],
          [
            121.46019307326644,
            31.24921484822195
          ],
          [
            121.4601931089812,
            31.249215007644008
          ],
          [
            121.46019314948637,
            31.249215167177674
          ],
          [
            121.46019319473409,
            31.249215326821812
          ],
          [
            121.46019324467646,
            31.249215486575228
          ],
          [
            121.46019329926564,
            31.24921564643674
          ],
          [
            121.46019335845375,
            31.249215806405186
          ],
          [
            121.46019342219293,
            31.249215966479383
          ],
          [
            121.4601934904353,
            31.249216126658172
          ],
          [
            121.46019356313299,
            31.24921628694039
          ],
          [
            121.46019364023813,
            31.249216447324834
          ],
          [
            121.46019372170286,
            31.249216607810343
          ],
          [
            121.4601938074793,
            31.249216768395748
          ],
          [
            121.46019389751959,
            31.249216929079882
          ],
          [
            121.46019399177585,
            31.24921708986156
          ],
          [
            121.46019419274485,
            31.24921741171284
          ],
          [
            121.4601944100033,
            31.249217733940256
          ],
          [
            121.46019464316826,
            31.249218056534406
          ],
          [
            121.4601948918568,
            31.2492183794859
          ],
          [
            121.46019515568595,
            31.249218702785353
          ],
          [
            121.46019543427276,
            31.249219026423393
          ],
          [
            121.46019572723426,
            31.249219350390614
          ],
          [
            121.46019603418752,
            31.249219674677637
          ],
          [
            121.46019635474957,
            31.249219999275116
          ],
          [
            121.46019668853744,
            31.249220324173606
          ],
          [
            121.46019739425888,
            31.2492209748362
          ],
          [
            121.46019814828821,
            31.249221626590334
          ],
          [
            121.4601989475618,
            31.249222279360968
          ],
          [
            121.460199789016,
            31.249222933072982
          ],
          [
            121.4602006695872,
            31.24922358765134
          ],
          [
            121.46020253582593,
            31.249224899106753
          ],
          [
            121.4602045217689,
            31.24922621312661
          ],
          [
            121.46020875473118,
            31.249228846457285
          ],
          [
            121.4603114396174,
            31.24929101593416
          ],
          [
            121.46040434915358,
            31.249349690150137
          ],
          [
            121.46049242609158,
            31.24940755447485
          ],
          [
            121.46057619551502,
            31.249464657894627
          ],
          [
            121.4607329121616,
            31.249576777955678
          ],
          [
            121.46129249601844,
            31.250004618198655
          ],
          [
            121.4614365751085,
            31.250108377298
          ],
          [
            121.46157237758403,
            31.25020030234071
          ],
          [
            121.46200505231798,
            31.250473118912986
          ],
          [
            121.4622141502965,
            31.25060158133506
          ]
        ]
      },
      "properties": {
        "layer": "Z_OFC",
        "dxftype": "POLYLINE",
        "handle": "744",
        "color": 256
      }
    },
    {
      "type": "Feature",
      "geometry": {
        "type": "LineString",
        "coordinates": [
          [
            121.46388747299349,
            31.249488920896557
          ],
          [
            121.46388864383404,
            31.24948790038279
          ],
          [
            121.46388985518364,
            31.249486915384615
          ],
          [
            121.4638911055836,
            31.249485967088166
          ],
          [
            121.46389239352817,
            31.249485056635365
          ],
          [
            121.46389371746645,
            31.2494841851226
          ],
          [
            121.46389507580413,
            31.249483353599324
          ],
          [
            121.4638964669055,
            31.249482563066866
          ],
          [
            121.46389788909535,
            31.249481814477203
          ],
          [
            121.46389934066117,
            31.24948110873177
          ],
          [
            121.46390081985489,
            31.249480446680433
          ],
          [
            121.46390232489533,
            31.24947982912044
          ],
          [
            121.4639038539701,
            31.24947925679544
          ],
          [
            121.46390540523785,
            31.249478730394625
          ],
          [
            121.4639069768306,
            31.249478250551896
          ],
          [
            121.46390856685579,
            31.24947781784509
          ],
          [
            121.46391017339877,
            31.24947743279527
          ],
          [
            121.46391179452488,
            31.249477095866105
          ],
          [
            121.463913428282,
            31.249476807463324
          ],
          [
            121.4639150727027,
            31.249476567934217
          ],
          [
            121.46391672580687,
            31.249476377567245
          ],
          [
            121.46391838560376,
            31.249476236591626
          ],
          [
            121.46392005009466,
            31.249476145177134
          ],
          [
            121.46392171727518,
            31.249476103433857
          ],
          [
            121.46392338513776,
            31.249476111412054
          ],
          [
            121.46392505167388,
            31.249476169102113
          ],
          [
            121.46392671487676,
            31.249476276434567
          ],
          [
            121.46392837274354,
            31.249476433280176
          ],
          [
            121.46393002327781,
            31.24947663945006
          ],
          [
            121.46393166449202,
            31.24947689469594
          ],
          [
            121.46393329440981,
            31.249477198710466
          ],
          [
            121.46393491106839,
            31.249477551127534
          ],
          [
            121.46393651252106,
            31.249477951522756
          ],
          [
            121.46393809683931,
            31.24947839941399
          ],
          [
            121.46393966211531,
            31.249478894261873
          ],
          [
            121.46394120646411,
            31.249479435470526
          ],
          [
            121.46394272802608,
            31.249480022388212
          ],
          [
            121.4639442249689,
            31.24948065430816
          ],
          [
            121.46394569548997,
            31.24948133046944
          ],
          [
            121.46394713781845,
            31.24948205005778
          ],
          [
            121.46394855021758,
            31.249482812206676
          ],
          [
            121.46394993098644,
            31.249483615998344
          ],
          [
            121.46395127846237,
            31.24948446046486
          ],
          [
            121.46395259102273,
            31.249485344589306
          ],
          [
            121.46395386708693,
            31.24948626730702
          ],
          [
            121.46395510511832,
            31.24948722750688
          ],
          [
            121.46395630362608,
            31.249488224032604
          ],
          [
            121.46395746116694,
            31.24948925568417
          ],
          [
            121.463958576347,
            31.24949032121927
          ],
          [
            121.46395964782337,
            31.249491419354786
          ],
          [
            121.46396067430577,
            31.249492548768348
          ],
          [
            121.46396165455809,
            31.249493708099887
          ]
        ]
      },
      "properties": {
        "layer": "Z_OFC",
        "dxftype": "POLYLINE",
        "handle": "C92",
        "color": 256
      }
    },
    {
      "type": "Feature",
      "geometry": {
        "type": "LineString",
        "coordinates": [
          [
            121.46396165455809,
            31.249493708099887
          ],
          [
            121.46399427282441,
            31.249535180854146
          ],
          [
            121.4640155934397,
            31.249564051322476
          ],
          [
            121.46403614708926,
            31.249593325240554
          ],
          [
            121.46405597935795,
            31.249622975430107
          ],
          [
            121.46407513583058,
            31.249652974712852
          ],
          [
            121.46411160372722,
            31.249713911844506
          ],
          [
            121.46414591545832,
            31.249775919208428
          ],
          [
            121.46417843570369,
            31.249838779377015
          ],
          [
            121.46420952914359,
            31.24990227492224
          ],
          [
            121.46426889433185,
            31.250030302428677
          ],
          [
            121.46437139661892,
            31.2502628508678
          ],
          [
            121.46441964696214,
            31.25037972673661
          ],
          [
            121.46446516922337,
            31.25049736894203
          ],
          [
            121.46454324573007,
            31.25072149639985
          ],
          [
            121.46463416470765,
            31.251006396774404
          ],
          [
            121.46464280553721,
            31.25103616693335
          ],
          [
            121.46465072640805,
            31.25106612206717
          ],
          [
            121.4646530572414,
            31.251075933969492
          ],
          [
            121.46465408223116,
            31.2510808589262
          ],
          [
            121.46465495912065,
            31.25108580137853
          ],
          [
            121.46465532925853,
            31.25108828029645
          ],
          [
            121.46465564704822,
            31.251090764945353
          ],
          [
            121.46465590738195,
            31.25109325577763
          ],
          [
            121.46465610515207,
            31.251095753245632
          ],
          [
            121.46465623525086,
            31.25109825780173
          ],
          [
            121.46465629257057,
            31.251100769898294
          ],
          [
            121.46465627200347,
            31.25110328998767
          ],
          [
            121.46465616844189,
            31.25110581852223
          ],
          [
            121.46465602454425,
            31.25110780239179
          ],
          [
            121.46465581444441,
            31.251109783316775
          ],
          [
            121.46465568074774,
            31.251110770051483
          ],
          [
            121.46465552591536,
            31.25111175290168
          ],
          [
            121.46465534841892,
            31.251112730817987
          ],
          [
            121.46465514673,
            31.25111370275093
          ],
          [
            121.46465491932022,
            31.25111466765106
          ],
          [
            121.46465466466123,
            31.25111562446895
          ],
          [
            121.46465438122462,
            31.25111657215514
          ],
          [
            121.46465406748202,
            31.251117509660197
          ],
          [
            121.46465372190502,
            31.251118435934664
          ],
          [
            121.46465334296528,
            31.25111934992911
          ],
          [
            121.46465292913437,
            31.251120250594102
          ],
          [
            121.4646527086571,
            31.251120695600072
          ],
          [
            121.4646524788839,
            31.251121136880148
          ],
          [
            121.46465214129749,
            31.251121748391355
          ],
          [
            121.46465178559703,
            31.251122352381138
          ],
          [
            121.46465141227283,
            31.25112294889193
          ],
          [
            121.46465102181517,
            31.251123537966215
          ],
          [
            121.4646506147144,
            31.251124119646455
          ],
          [
            121.4646501914608,
            31.251124693975132
          ],
          [
            121.4646497525447,
            31.251125260994694
          ],
          [
            121.46464929845637,
            31.251125820747617
          ],
          [
            121.46464882968617,
            31.25112637327638
          ],
          [
            121.46464834672436,
            31.25112691862344
          ],
          [
            121.46464785006125,
            31.251127456831263
          ],
          [
            121.4646473401872,
            31.251127987942322
          ],
          [
            121.46464681759245,
            31.25112851199908
          ],
          [
            121.46464628276735,
            31.251129029044012
          ],
          [
            121.46464517838729,
            31.251130042268272
          ],
          [
            121.46464403096947,
            31.251131027954827
          ],
          [
            121.46464284443637,
            31.251131986443422
          ],
          [
            121.46464162271043,
            31.25113291807382
          ],
          [
            121.46464036971409,
            31.25113382318576
          ],
          [
            121.46463908936987,
            31.25113470211896
          ],
          [
            121.46463778560017,
            31.251135555213203
          ],
          [
            121.46463646232753,
            31.25113638280822
          ],
          [
            121.46463512347431,
            31.251137185243742
          ],
          [
            121.4646333989189,
            31.2511381724303
          ],
          [
            121.46463165602425,
            31.251139120582522
          ],
          [
            121.4646298954,
            31.251140031008024
          ],
          [
            121.46462811765585,
            31.251140905014374
          ],
          [
            121.46462632340155,
            31.25114174390917
          ],
          [
            121.46462451324673,
            31.251142548999965
          ],
          [
            121.46462268780111,
            31.251143321594395
          ],
          [
            121.46462084767444,
            31.25114406299999
          ],
          [
            121.46461899347632,
            31.25114477452439
          ],
          [
            121.46461712581652,
            31.25114545747513
          ],
          [
            121.46461335255059,
            31.25114674288601
          ],
          [
            121.46460953275421,
            31.251147929693357
          ],
          [
            121.46460567130494,
            31.251149028357815
          ],
          [
            121.46460177308033,
            31.251150049340072
          ],
          [
            121.46459784295794,
            31.251151003100816
          ],
          [
            121.46458990653018,
            31.251152750800443
          ],
          [
            121.46428580624469,
            31.25121631184088
          ],
          [
            121.46422830062401,
            31.25122620413626
          ],
          [
            121.46419946425502,
            31.251230434831015
          ],
          [
            121.4641705523164,
            31.2512340979542
          ],
          [
            121.46414154991047,
            31.2512371255536
          ],
          [
            121.46411244213954,
            31.25123944967697
          ],
          [
            121.46408325222885,
            31.25124102451226
          ],
          [
            121.46405395883315,
            31.251241902482345
          ],
          [
            121.46402457845998,
            31.251242156418613
          ],
          [
            121.4639951276168,
            31.251241859152454
          ],
          [
            121.46393608054967,
            31.25123990233846
          ],
          [
            121.46387694968952,
            31.251236614691717
          ],
          [
            121.4638071518859,
            31.25123162188032
          ],
          [
            121.4637375265705,
            31.251225402375905
          ],
          [
            121.46366817888148,
            31.25121777355659
          ],
          [
            121.46359921395745,
            31.251208552800705
          ],
          [
            121.46353073693754,
            31.25119755748681
          ],
          [
            121.46349671424771,
            31.251191337301474
          ],
          [
            121.46346285296123,
            31.251184604993703
          ],
          [
            121.46342916622062,
            31.25117733773589
          ],
          [
            121.46339566716838,
            31.251169512700415
          ],
          [
            121.46336236894707,
            31.251161107059716
          ],
          [
            121.46332928469924,
            31.251152097986196
          ],
          [
            121.46327808703123,
            31.251136811387784
          ],
          [
            121.46322742285759,
            31.25112013408217
          ],
          [
            121.4631772722454,
            31.251102201407267
          ],
          [
            121.46312761526151,
            31.25108314870087
          ],
          [
            121.46307843197249,
            31.25106311130084
          ],
          [
            121.46302970244456,
            31.25104222454488
          ],
          [
            121.46293352493551,
            31.250998444315993
          ],
          [
            121.46278534214798,
            31.250925802389663
          ],
          [
            121.46264030552236,
            31.250849356648676
          ],
          [
            121.46249766204592,
            31.250769691229756
          ],
          [
            121.46235665870466,
            31.250687390266034
          ]
        ]
      },
      "properties": {
        "layer": "Z_OFC",
        "dxftype": "POLYLINE",
        "handle": "CC8",
        "color": 256
      }
    },
    {
      "type": "Feature",
      "geometry": {
        "type": "LineString",
        "coordinates": [
          [
            121.46235665870466,
            31.250687390266034
          ],
          [
            121.46235530082042,
            31.250686553276523
          ],
          [
            121.46235397762706,
            31.250685676236312
          ],
          [
            121.46235269072429,
            31.250684760205726
          ],
          [
            121.46235144166799,
            31.25068380629225
          ],
          [
            121.46235023196824,
            31.250682815649185
          ],
          [
            121.4623490630876,
            31.250681789474196
          ],
          [
            121.46234793643923,
            31.250680729007936
          ],
          [
            121.46234685338528,
            31.250679635532503
          ],
          [
            121.46234581523508,
            31.250678510369912
          ],
          [
            121.46234482324384,
            31.25067735488049
          ],
          [
            121.46234387861081,
            31.250676170461208
          ],
          [
            121.46234298247808,
            31.250674958544053
          ],
          [
            121.46234213592908,
            31.250673720594214
          ],
          [
            121.46234133998725,
            31.250672458108365
          ],
          [
            121.4623405956149,
            31.250671172612858
          ],
          [
            121.462339903712,
            31.250669865661873
          ],
          [
            121.46233926511502,
            31.250668538835495
          ],
          [
            121.46233868059605,
            31.250667193737847
          ],
          [
            121.46233815086174,
            31.25066583199517
          ],
          [
            121.46233767655256,
            31.250664455253805
          ],
          [
            121.46233725824192,
            31.25066306517822
          ],
          [
            121.4623368964356,
            31.25066166344904
          ],
          [
            121.46233659157096,
            31.250660251760912
          ],
          [
            121.46233634401663,
            31.250658831820616
          ],
          [
            121.46233615407189,
            31.250657405344825
          ],
          [
            121.46233602196637,
            31.25065597405815
          ],
          [
            121.46233594785977,
            31.25065453969102
          ],
          [
            121.46233593184171,
            31.250653103977587
          ],
          [
            121.46233597393154,
            31.250651668653603
          ],
          [
            121.46233607407838,
            31.250650235454405
          ],
          [
            121.46233623216114,
            31.250648806112732
          ],
          [
            121.46233644798866,
            31.250647382356608
          ],
          [
            121.46233672130009,
            31.250645965907392
          ],
          [
            121.4623370517649,
            31.250644558477557
          ],
          [
            121.46233743898362,
            31.250643161768686
          ],
          [
            121.4623378824881,
            31.250641777469397
          ],
          [
            121.46233838174209,
            31.25064040725331
          ],
          [
            121.46233893614206,
            31.250639052777004
          ],
          [
            121.46233954501767,
            31.250637715678042
          ],
          [
            121.46234020763283,
            31.250636397572986
          ],
          [
            121.46234092318642,
            31.250635100055398
          ],
          [
            121.46234169081337,
            31.25063382469399
          ],
          [
            121.46234250958557,
            31.250632573030668
          ],
          [
            121.46234337851314,
            31.250631346578686
          ],
          [
            121.46234429654557,
            31.25063014682083
          ],
          [
            121.46234526257292,
            31.250628975207597
          ],
          [
            121.4623462754273,
            31.250627833155473
          ],
          [
            121.46234733388414,
            31.25062672204519
          ],
          [
            121.4623484366638,
            31.250625643220086
          ],
          [
            121.46234958243299,
            31.25062459798444
          ],
          [
            121.4623507698065,
            31.25062358760196
          ],
          [
            121.46235199734878,
            31.250622613294166
          ],
          [
            121.46235326357574,
            31.250621676239035
          ],
          [
            121.46235456695652,
            31.25062077756943
          ],
          [
            121.46235590591533,
            31.25061991837188
          ],
          [
            121.46235727883337,
            31.2506190996851
          ],
          [
            121.46235868405077,
            31.250618322498916
          ],
          [
            121.46236011986863,
            31.250617587752924
          ],
          [
            121.46236158455109,
            31.250616896335455
          ],
          [
            121.46236307632732,
            31.250616249082405
          ],
          [
            121.46236459339376,
            31.25061564677632
          ],
          [
            121.46236613391628,
            31.25061509014537
          ],
          [
            121.4623676960324,
            31.250614579862535
          ],
          [
            121.46236927785354,
            31.250614116544742
          ],
          [
            121.46237087746727,
            31.250613700752137
          ]
        ]
      },
      "properties": {
        "layer": "Z_OFC",
        "dxftype": "POLYLINE",
        "handle": "D3F",
        "color": 256
      }
    },
    {
      "type": "Feature",
      "geometry": {
        "type": "LineString",
        "coordinates": [
          [
            121.46237087746727,
            31.250613700752137
          ],
          [
            121.46240757805498,
            31.250604200671646
          ],
          [
            121.46243359549317,
            31.250596750271196
          ],
          [
            121.46245938260462,
            31.25058873117385
          ],
          [
            121.46248334433405,
            31.2505806741135
          ],
          [
            121.4625070567777,
            31.250572090390975
          ],
          [
            121.46252920283038,
            31.250563494029848
          ],
          [
            121.46255109218325,
            31.250554425336293
          ],
          [
            121.46257165783518,
            31.250545370811395
          ],
          [
            121.46259197527095,
            31.25053591149977
          ],
          [
            121.46261120071055,
            31.25052648961445
          ],
          [
            121.46263020204997,
            31.250516737631113
          ],
          [
            121.46266627581504,
            31.25049709520943
          ],
          [
            121.46271753106109,
            31.25046714465985
          ],
          [
            121.46281159252221,
            31.250408616862927
          ],
          [
            121.46287890557578,
            31.250363765277232
          ],
          [
            121.46292491447788,
            31.2503314605758
          ],
          [
            121.46299655608168,
            31.250278397725424
          ],
          [
            121.46307248977124,
            31.250218601296993
          ],
          [
            121.46319653746913,
            31.250114197461016
          ],
          [
            121.46388747299349,
            31.249488920896557
          ]
        ]
      },
      "properties": {
        "layer": "Z_OFC",
        "dxftype": "POLYLINE",
        "handle": "D83",
        "color": 256
      }
    },
    {
      "type": "Feature",
      "geometry": {
        "type": "LineString",
        "coordinates": [
          [
            121.46318881016731,
            31.248803130440848
          ],
          [
            121.46333888069454,
            31.248889219799437
          ],
          [
            121.46348631721101,
            31.248978558795216
          ],
          [
            121.4635995818149,
            31.249050644123045
          ],
          [
            121.46365519369093,
            31.249087869010552
          ],
          [
            121.46370988173648,
            31.24912618235351
          ],
          [
            121.46375774486306,
            31.24916144222624
          ],
          [
            121.46380459970376,
            31.249197762146924
          ],
          [
            121.46385031870784,
            31.249235156506597
          ],
          [
            121.46389477432429,
            31.249273639696366
          ],
          [
            121.46393783900177,
            31.24931322610748
          ],
          [
            121.46397938518867,
            31.249353930131335
          ],
          [
            121.46401928533312,
            31.249395766159406
          ],
          [
            121.46403857827936,
            31.24941711317238
          ],
          [
            121.46405741188289,
            31.249438748583277
          ],
          [
            121.46407630074548,
            31.24946131088311
          ],
          [
            121.46409470453447,
            31.249484165163263
          ],
          [
            121.46413012949886,
            31.249530688564125
          ],
          [
            121.46416383199053,
            31.24957819658488
          ],
          [
            121.464195957224,
            31.249626567024382
          ],
          [
            121.46422665041383,
            31.249675677681246
          ],
          [
            121.46425605677469,
            31.249725406353903
          ],
          [
            121.4643115898686,
            31.249826228939565
          ],
          [
            121.46435981478021,
            31.249920505833252
          ],
          [
            121.46440556877543,
            31.250015540535635
          ],
          [
            121.46449142987774,
            31.2502074737356
          ],
          [
            121.46457287163075,
            31.25040538713093
          ],
          [
            121.4646102663864,
            31.25050528324732
          ],
          [
            121.46464462424977,
            31.250605931563072
          ],
          [
            121.46467733030704,
            31.250713176111432
          ],
          [
            121.46478150060162,
            31.251092950211405
          ]
        ]
      },
      "properties": {
        "layer": "Z_OFC",
        "dxftype": "POLYLINE",
        "handle": "13B4",
        "color": 256
      }
    },
    {
      "type": "Feature",
      "geometry": {
        "type": "LineString",
        "coordinates": [
          [
            121.46478150060162,
            31.251092950211405
          ],
          [
            121.46478148401513,
            31.251093034700613
          ],
          [
            121.46478146960615,
            31.251093120023388
          ],
          [
            121.4647814573698,
            31.2510932061601
          ],
          [
            121.46478144730128,
            31.2510932930912
          ],
          [
            121.46478143939576,
            31.251093380797023
          ],
          [
            121.46478143364843,
            31.251093469258038
          ],
          [
            121.46478143005443,
            31.251093558454603
          ],
          [
            121.46478142860899,
            31.25109364836712
          ],
          [
            121.46478142930722,
            31.25109373897602
          ],
          [
            121.46478143214436,
            31.251093830261667
          ],
          [
            121.46478143711553,
            31.251093922204483
          ],
          [
            121.46478144421596,
            31.25109401478485
          ],
          [
            121.46478145344076,
            31.251094107983192
          ],
          [
            121.46478146478516,
            31.2510942017799
          ],
          [
            121.46478147824433,
            31.25109429615536
          ],
          [
            121.46478149381343,
            31.25109439108999
          ],
          [
            121.46478153126212,
            31.251094582558363
          ],
          [
            121.46478157709261,
            31.251094776028175
          ],
          [
            121.46478163126636,
            31.251094971342667
          ],
          [
            121.46478169374475,
            31.251095168345035
          ],
          [
            121.46478176448919,
            31.25109536687847
          ],
          [
            121.46478184346107,
            31.25109556678618
          ],
          [
            121.4647819306218,
            31.251095767911373
          ],
          [
            121.46478202593279,
            31.251095970097243
          ],
          [
            121.46478212935543,
            31.25109617318701
          ],
          [
            121.46478224085112,
            31.251096377023867
          ],
          [
            121.4647823603813,
            31.25109658145101
          ],
          [
            121.46478248790733,
            31.251096786311656
          ],
          [
            121.4647826233906,
            31.251096991448993
          ],
          [
            121.46478276679258,
            31.25109719670624
          ],
          [
            121.46478291807465,
            31.2510974019266
          ],
          [
            121.46478307719815,
            31.25109760695326
          ],
          [
            121.46478324412458,
            31.251097811629442
          ],
          [
            121.46478341881527,
            31.25109801579833
          ],
          [
            121.46478360123163,
            31.251098219303145
          ],
          [
            121.46478379133512,
            31.251098421987088
          ],
          [
            121.46478398908707,
            31.251098623693345
          ],
          [
            121.46478419444895,
            31.25109882426514
          ],
          [
            121.46478440738213,
            31.251099023545656
          ],
          [
            121.46478462784799,
            31.251099221378123
          ],
          [
            121.46478485580796,
            31.251099417605726
          ],
          [
            121.46478509122346,
            31.251099612071677
          ],
          [
            121.46478533405589,
            31.251099804619155
          ],
          [
            121.46478558426661,
            31.2510999950914
          ],
          [
            121.46478584181705,
            31.251100183331587
          ],
          [
            121.46478610666863,
            31.251100369182943
          ],
          [
            121.4647863787827,
            31.25110055248866
          ],
          [
            121.46478665812076,
            31.251100733091928
          ],
          [
            121.4647869446441,
            31.25110091083596
          ],
          [
            121.4647872383142,
            31.251101085563974
          ],
          [
            121.46478753909244,
            31.25110125711915
          ],
          [
            121.46478784694024,
            31.251101425344693
          ],
          [
            121.46478816181897,
            31.251101590083838
          ],
          [
            121.46478848369003,
            31.251101751179746
          ],
          [
            121.46478881251488,
            31.251101908475643
          ],
          [
            121.46478914825487,
            31.25110206181473
          ],
          [
            121.4647894908714,
            31.251102211040227
          ],
          [
            121.4647898403259,
            31.251102355995297
          ],
          [
            121.46479019657978,
            31.251102496523174
          ],
          [
            121.46479055959443,
            31.25110263246705
          ],
          [
            121.46479092933124,
            31.251102763670133
          ],
          [
            121.46479130575165,
            31.251102889975627
          ],
          [
            121.46479168881702,
            31.25110301122672
          ],
          [
            121.46479207848876,
            31.251103127266646
          ],
          [
            121.46479247472828,
            31.25110323793858
          ],
          [
            121.46479287749702,
            31.251103343085735
          ],
          [
            121.46479328675633,
            31.251103442551315
          ],
          [
            121.46479370246763,
            31.25110353617852
          ],
          [
            121.46479412459236,
            31.251103623810568
          ],
          [
            121.46479455309185,
            31.251103705290635
          ],
          [
            121.46479498792756,
            31.25110378046195
          ],
          [
            121.46479542906087,
            31.251103849167706
          ],
          [
            121.46479590552471,
            31.251103915058298
          ],
          [
            121.46479638930631,
            31.251103973494832
          ],
          [
            121.46479688063225,
            31.251104024526082
          ],
          [
            121.46479737972913,
            31.251104068200817
          ],
          [
            121.46479788682359,
            31.25110410456777
          ],
          [
            121.46479840214218,
            31.251104133675696
          ],
          [
            121.46479945835826,
            31.251104170309496
          ],
          [
            121.4648005501902,
            31.251104178492238
          ],
          [
            121.46480167945086,
            31.25110415861394
          ],
          [
            121.46480284795304,
            31.25110411106465
          ],
          [
            121.46480405750955,
            31.251104036234366
          ],
          [
            121.4648053099333,
            31.251103934513146
          ],
          [
            121.46480660703702,
            31.251103806291
          ],
          [
            121.46480934253587,
            31.25110347190403
          ],
          [
            121.46481227850876,
            31.251103036193662
          ],
          [
            121.4648154294583,
            31.251102502280112
          ],
          [
            121.46482243429783,
            31.251101152324264
          ],
          [
            121.46536377145421,
            31.250983659707792
          ],
          [
            121.46538186779097,
            31.250979385742028
          ],
          [
            121.4653873047363,
            31.250977951022406
          ],
          [
            121.46539247567709,
            31.250976459155662
          ],
          [
            121.46539496731684,
            31.25097568202056
          ],
          [
            121.46539739956069,
            31.250974878872828
          ],
          [
            121.4653997747771,
            31.250974045803815
          ],
          [
            121.46540209533444,
            31.25097317890493
          ],
          [
            121.46540436360117,
            31.25097227426753
          ],
          [
            121.46540658194566,
            31.250971327982985
          ],
          [
            121.46540875273637,
            31.2509703361427
          ],
          [
            121.4654108783417,
            31.250969294838015
          ],
          [
            121.46541296113007,
            31.250968200160333
          ],
          [
            121.46541500346987,
            31.250967048201037
          ],
          [
            121.46541700772956,
            31.250965835051492
          ],
          [
            121.46541897627752,
            31.25096455680306
          ],
          [
            121.46542091148214,
            31.250963209547137
          ],
          [
            121.46542281571189,
            31.25096178937509
          ],
          [
            121.46542469133516,
            31.2509602923783
          ],
          [
            121.46542654072036,
            31.25095871464813
          ],
          [
            121.4654283662359,
            31.250957052275975
          ],
          [
            121.4654301702502,
            31.250955301353194
          ],
          [
            121.46543195513166,
            31.25095345797114
          ],
          [
            121.46543372324871,
            31.25095151822125
          ],
          [
            121.46543547696973,
            31.250949478194848
          ],
          [
            121.46543721866315,
            31.250947333983323
          ],
          [
            121.46543953553434,
            31.250944295172356
          ],
          [
            121.46544183528682,
            31.25094106958407
          ],
          [
            121.46544411812548,
            31.25093766430581
          ],
          [
            121.46544638425516,
            31.250934086424945
          ],
          [
            121.46544863388083,
            31.25093034302885
          ],
          [
            121.46545086720734,
            31.25092644120488
          ],
          [
            121.46545528578255,
            31.25091819062278
          ],
          [
            121.46545964162003,
            31.250909391377554
          ],
          [
            121.46546393635899,
            31.25090010016812
          ],
          [
            121.46547234909822,
            31.250880268652285
          ],
          [
            121.4654805371143,
            31.250859149666574
          ],
          [
            121.46550388396628,
            31.25079260380349
          ],
          [
            121.46561288761305,
            31.250461143298722
          ],
          [
            121.46563124805724,
            31.250411667591912
          ],
          [
            121.46565120917298,
            31.250362288518716
          ],
          [
            121.46567310601154,
            31.25031315158958
          ],
          [
            121.46575590404403,
            31.250146307907777
          ],
          [
            121.46576660218602,
            31.250122496749285
          ],
          [
            121.46577652047237,
            31.25009863909279
          ],
          [
            121.46578549313062,
            31.25007471746802
          ],
          [
            121.46578957304536,
            31.25006272720807
          ],
          [
            121.46579335438848,
            31.25005071440469
          ],
          [
            121.46579681643846,
            31.250038676874123
          ],
          [
            121.46579993847381,
            31.25002661243257
          ],
          [
            121.46580269977301,
            31.250014518896258
          ],
          [
            121.46580507961461,
            31.250002394081395
          ],
          [
            121.46580705727715,
            31.24999023580424
          ],
          [
            121.46580861203917,
            31.24997804188095
          ],
          [
            121.4658097231792,
            31.249965810127783
          ],
          [
            121.46581036997581,
            31.24995353836092
          ],
          [
            121.4658105317076,
            31.24994122439659
          ],
          [
            121.46581042419875,
            31.24993505090792
          ],
          [
            121.46581018765316,
            31.24992886605097
          ],
          [
            121.46580960652602,
            31.24991980573794
          ],
          [
            121.46580874917237,
            31.249910728011056
          ],
          [
            121.46580762061225,
            31.249901640330286
          ],
          [
            121.46580622586578,
            31.249892550155632
          ],
          [
            121.46580456995304,
            31.249883464947075
          ],
          [
            121.46580265789412,
            31.249874392164593
          ],
          [
            121.46580049470911,
            31.249865339268176
          ],
          [
            121.4657980854181,
            31.249856313717803
          ],
          [
            121.46579543504114,
            31.249847322973455
          ],
          [
            121.46579254859832,
            31.249838374495095
          ],
          [
            121.4657894311097,
            31.249829475742732
          ],
          [
            121.46578608759538,
            31.249820634176302
          ],
          [
            121.46578252307542,
            31.249811857255814
          ],
          [
            121.46577874256985,
            31.24980315244124
          ],
          [
            121.46577475109876,
            31.24979452719253
          ],
          [
            121.46577055368218,
            31.2497859889697
          ],
          [
            121.46576479722279,
            31.2497750288954
          ],
          [
            121.46575871039151,
            31.24976422698555
          ],
          [
            121.46575230236617,
            31.249753581730154
          ],
          [
            121.46574558232467,
            31.249743091619255
          ],
          [
            121.46573855944486,
            31.249732755142908
          ],
          [
            121.4657312429046,
            31.249722570791146
          ],
          [
            121.46572364188175,
            31.24971253705398
          ],
          [
            121.46571576555412,
            31.249702652421476
          ],
          [
            121.46570762309959,
            31.24969291538367
          ],
          [
            121.46569922369596,
            31.24968332443059
          ],
          [
            121.46569057652108,
            31.249673878052278
          ],
          [
            121.46568169075276,
            31.24966457473878
          ],
          [
            121.46567257556882,
            31.249655412980115
          ],
          [
            121.46566324014705,
            31.249646391266342
          ],
          [
            121.4656536936653,
            31.249637508087517
          ],
          [
            121.46564394530131,
            31.24962876193366
          ],
          [
            121.46562387963792,
            31.249611674661057
          ],
          [
            121.46560311657917,
            31.249595117368933
          ],
          [
            121.46558172954732,
            31.249579077977728
          ],
          [
            121.46555979196458,
            31.249563544407877
          ],
          [
            121.46553737725303,
            31.249548504579895
          ],
          [
            121.4655145588348,
            31.249533946414324
          ],
          [
            121.46549141013185,
            31.249519857831757
          ],
          [
            121.46546800456618,
            31.24950622675282
          ],
          [
            121.46543057842952,
            31.24948554341884
          ],
          [
            121.46539274876446,
            31.249465828773697
          ],
          [
            121.46535457148191,
            31.249446935912584
          ],
          [
            121.46531610249305,
            31.249428717930687
          ],
          [
            121.46516042770216,
            31.24935965670207
          ],
          [
            121.46453850802746,
            31.24909308581076
          ],
          [
            121.46438044478377,
            31.24903061932878
          ],
          [
            121.46422078556168,
            31.24897155689008
          ],
          [
            121.46405924902804,
            31.248916765265346
          ],
          [
            121.4639776888512,
            31.248891241873633
          ],
          [
            121.46389555384397,
            31.24886711122366
          ],
          [
            121.46382321785242,
            31.248847217647658
          ],
          [
            121.46375044760805,
            31.248828468626865
          ],
          [
            121.4636772756054,
            31.248810860142317
          ],
          [
            121.46360373433896,
            31.248794388175103
          ],
          [
            121.46352985630314,
            31.2487790487064
          ],
          [
            121.46345567399236,
            31.248764837717445
          ],
          [
            121.46330652652337,
            31.248739785104064
          ],
          [
            121.46322241684591,
            31.248727683093062
          ]
        ]
      },
      "properties": {
        "layer": "Z_OFC",
        "dxftype": "POLYLINE",
        "handle": "13D5",
        "color": 256
      }
    },
    {
      "type": "Feature",
      "geometry": {
        "type": "LineString",
        "coordinates": [
          [
            121.46322241684591,
            31.248727683093062
          ],
          [
            121.46322077624758,
            31.248727485978545
          ],
          [
            121.46321912871718,
            31.24872733755389
          ],
          [
            121.46321747621184,
            31.248727237995418
          ],
          [
            121.46321582069457,
            31.248727187421405
          ],
          [
            121.46321416413203,
            31.24872718589191
          ],
          [
            121.46321250849208,
            31.248727233408758
          ],
          [
            121.46321085574147,
            31.24872732991551
          ],
          [
            121.46320920784356,
            31.248727475297525
          ],
          [
            121.46320756675593,
            31.24872766938209
          ],
          [
            121.46320593442803,
            31.24872791193866
          ],
          [
            121.46320431279898,
            31.24872820267909
          ],
          [
            121.46320270379512,
            31.248728541257982
          ],
          [
            121.46320110932781,
            31.24872892727316
          ],
          [
            121.46319953129121,
            31.24872936026606
          ],
          [
            121.46319797155986,
            31.248729839722326
          ],
          [
            121.46319643198659,
            31.248730365072387
          ],
          [
            121.46319491440032,
            31.248730935692173
          ],
          [
            121.46319342060383,
            31.24873155090383
          ],
          [
            121.4631919523716,
            31.248732209976552
          ],
          [
            121.46319051144782,
            31.248732912127387
          ],
          [
            121.46318909954415,
            31.24873365652224
          ],
          [
            121.46318771833785,
            31.24873444227684
          ],
          [
            121.4631863694697,
            31.248735268457764
          ],
          [
            121.46318505454201,
            31.248736134083572
          ],
          [
            121.46318377511685,
            31.248737038125974
          ],
          [
            121.46318253271404,
            31.248737979511038
          ],
          [
            121.4631813288095,
            31.24873895712046
          ],
          [
            121.46318016483335,
            31.248739969792926
          ],
          [
            121.46317904216833,
            31.24874101632545
          ],
          [
            121.46317796214804,
            31.248742095474842
          ],
          [
            121.46317692605551,
            31.248743205959165
          ],
          [
            121.46317593512148,
            31.24874434645922
          ],
          [
            121.46317499052319,
            31.248745515620218
          ],
          [
            121.46317409338268,
            31.248746712053258
          ],
          [
            121.46317324476567,
            31.248747934337068
          ],
          [
            121.46317244568034,
            31.248749181019697
          ],
          [
            121.46317169707585,
            31.248750450620157
          ],
          [
            121.46317099984155,
            31.24875174163028
          ],
          [
            121.4631703548057,
            31.248753052516424
          ],
          [
            121.46316976273451,
            31.248754381721376
          ],
          [
            121.46316922433135,
            31.248755727666126
          ],
          [
            121.46316874023579,
            31.24875708875182
          ],
          [
            121.46316831102291,
            31.24875846336156
          ],
          [
            121.4631679372026,
            31.24875984986245
          ],
          [
            121.46316761921891,
            31.24876124660741
          ],
          [
            121.46316735744956,
            31.24876265193723
          ],
          [
            121.46316715220557,
            31.248764064182463
          ],
          [
            121.46316700373072,
            31.24876548166549
          ],
          [
            121.4631669122014,
            31.248766902702435
          ],
          [
            121.46316687772635,
            31.248768325605237
          ],
          [
            121.46316690034648,
            31.24876974868358
          ],
          [
            121.463166980035,
            31.248771170246954
          ],
          [
            121.46316711669718,
            31.24877258860667
          ],
          [
            121.46316731017073,
            31.248774002077795
          ],
          [
            121.46316756022576,
            31.24877540898126
          ],
          [
            121.46316786656529,
            31.248776807645747
          ],
          [
            121.46316822882537,
            31.248778196409777
          ],
          [
            121.46316864657568,
            31.248779573623587
          ],
          [
            121.46316911931997,
            31.248780937651144
          ],
          [
            121.46316964649665,
            31.24878228687211
          ],
          [
            121.46317022747952,
            31.24878361968369
          ],
          [
            121.46317086157833,
            31.248784934502616
          ],
          [
            121.46317154803992,
            31.248786229766985
          ],
          [
            121.46317228604876,
            31.24878750393813
          ],
          [
            121.46317307472816,
            31.248788755502407
          ],
          [
            121.46317391314125,
            31.24878998297307
          ],
          [
            121.46317480029207,
            31.248791184891978
          ],
          [
            121.46317573512673,
            31.248792359831327
          ],
          [
            121.46317671653473,
            31.248793506395398
          ],
          [
            121.46317774335023,
            31.24879462322215
          ],
          [
            121.46317881435347,
            31.248795708984876
          ],
          [
            121.46317992827214,
            31.248796762393766
          ],
          [
            121.46318108378303,
            31.248797782197467
          ],
          [
            121.46318227951345,
            31.24879876718451
          ],
          [
            121.463183514043,
            31.248799716184827
          ],
          [
            121.46318478590511,
            31.248800628071056
          ],
          [
            121.46318609358894,
            31.248801501759957
          ],
          [
            121.46318743554104,
            31.248802336213636
          ],
          [
            121.46318881016731,
            31.248803130440848
          ]
        ]
      },
      "properties": {
        "layer": "Z_OFC",
        "dxftype": "POLYLINE",
        "handle": "14A7",
        "color": 256
      }
    },
    {
      "type": "Feature",
      "geometry": {
        "type": "Polygon",
        "coordinates": [
          [
            [
              121.46366076305453,
              31.251367484338495
            ],
            [
              121.46366255234055,
              31.251365220785914
            ],
            [
              121.46366437161946,
              31.251363035681507
            ],
            [
              121.4636662212857,
              31.251360927693273
            ],
            [
              121.46366810173373,
              31.251358895489112
            ],
            [
              121.46367001335796,
              31.251356937737047
            ],
            [
              121.46367195655286,
              31.251355053104987
            ],
            [
              121.46367393171283,
              31.251353240260904
            ],
            [
              121.46367593923236,
              31.251351497872772
            ],
            [
              121.46367797950582,
              31.25134982460854
            ],
            [
              121.46368005292771,
              31.251348219136155
            ],
            [
              121.46368215989241,
              31.251346680123586
            ],
            [
              121.46368430079444,
              31.251345206238796
            ],
            [
              121.46368647602817,
              31.251343796149737
            ],
            [
              121.46368868598805,
              31.251342448524376
            ],
            [
              121.46369093106854,
              31.25134116203065
            ],
            [
              121.46369321166405,
              31.251339935336546
            ],
            [
              121.46369552816905,
              31.251338767110003
            ],
            [
              121.46369788097796,
              31.25133765601898
            ],
            [
              121.4637002704852,
              31.251336600731445
            ],
            [
              121.46370269708525,
              31.25133559991534
            ],
            [
              121.46370516117254,
              31.25133465223865
            ],
            [
              121.46370766314148,
              31.2513337563693
            ],
            [
              121.46371020338654,
              31.251332910975275
            ],
            [
              121.46371278230212,
              31.251332114724523
            ],
            [
              121.4637154002827,
              31.25133136628499
            ],
            [
              121.46371805772266,
              31.251330664324637
            ],
            [
              121.46372075501651,
              31.25133000751144
            ],
            [
              121.46372349255866,
              31.25132939451334
            ],
            [
              121.46372627074352,
              31.25132882399831
            ],
            [
              121.46372908996554,
              31.251328294634288
            ],
            [
              121.46373195061919,
              31.25132780508924
            ],
            [
              121.4637348530989,
              31.251327354031144
            ],
            [
              121.46374078511415,
              31.251326562047527
            ],
            [
              121.46374688916684,
              31.251325908027127
            ],
            [
              121.4637531684125,
              31.251325381313592
            ],
            [
              121.46375962600655,
              31.25132497125058
            ],
            [
              121.46376626510454,
              31.251324667181727
            ],
            [
              121.46377308886193,
              31.251324458450682
            ],
            [
              121.46378730297695,
              31.25132428437666
            ],
            [
              121.46393039132121,
              31.251325550966598
            ],
            [
              121.46397395730283,
              31.251324764516717
            ],
            [
              121.46402006588363,
              31.25132314603208
            ],
            [
              121.46406839462418,
              31.251320534872985
            ],
            [
              121.4641186210846,
              31.251316770400123
            ],
            [
              121.46417042282455,
              31.251311691974557
            ],
            [
              121.46422347740322,
              31.25130513895777
            ],
            [
              121.4642775382653,
              31.251297005032985
            ],
            [
              121.46433266239856,
              31.25128740116872
            ],
            [
              121.46444663197403,
              31.251264444779796
            ],
            [
              121.46518011060847,
              31.251097939538983
            ],
            [
              121.46530571802728,
              31.251070784194727
            ],
            [
              121.46532421223093,
              31.251067353603126
            ],
            [
              121.46533201020232,
              31.251066073012574
            ],
            [
              121.46533896015141,
              31.25106506549039
            ],
            [
              121.46534515062669,
              31.251064318485174
            ],
            [
              121.465347988733,
              31.251064038754123
            ],
            [
              121.46535067017655,
              31.25106381944552
            ],
            [
              121.46535320602585,
              31.25106365899045
            ],
            [
              121.46535560734947,
              31.251063555819957
            ],
            [
              121.46535788521594,
              31.251063508365128
            ],
            [
              121.46536005069382,
              31.251063515057023
            ],
            [
              121.46536211277403,
              31.25106357602662
            ],
            [
              121.46536310538245,
              31.251063628925134
            ],
            [
              121.46536407213682,
              31.251063698204565
            ],
            [
              121.46536501286253,
              31.251063784943728
            ],
            [
              121.46536592738488,
              31.251063890221435
            ],
            [
              121.46536681552918,
              31.251064015116526
            ],
            [
              121.46536767712078,
              31.2510641607078
            ],
            [
              121.46536809790473,
              31.251064241601636
            ],
            [
              121.46536851198499,
              31.251064328074094
            ],
            [
              121.46536891933977,
              31.251064420259997
            ],
            [
              121.46536931994717,
              31.251064518294214
            ],
            [
              121.4653697137854,
              31.25106462231159
            ],
            [
              121.46537010083263,
              31.251064732447002
            ],
            [
              121.46537048106703,
              31.251064848835266
            ],
            [
              121.46537085446671,
              31.251064971611264
            ],
            [
              121.46537122100989,
              31.251065100909837
            ],
            [
              121.46537158067473,
              31.25106523686582
            ],
            [
              121.46537193343939,
              31.251065379614115
            ],
            [
              121.46537227928204,
              31.251065529289505
            ],
            [
              121.46537261818082,
              31.2510656860269
            ],
            [
              121.46537295011392,
              31.251065849961137
            ],
            [
              121.4653732750595,
              31.251066021227054
            ],
            [
              121.46537359299575,
              31.25106619995952
            ],
            [
              121.4653739039008,
              31.251066386293385
            ],
            [
              121.46537420775282,
              31.251066580363492
            ],
            [
              121.46537450452999,
              31.2510667823047
            ],
            [
              121.46537479421046,
              31.251066992251875
            ],
            [
              121.46537507677245,
              31.25106721033983
            ],
            [
              121.46537535219404,
              31.25106743670347
            ],
            [
              121.46537562045349,
              31.251067671477603
            ],
            [
              121.46537588152889,
              31.251067914797115
            ],
            [
              121.46537613539844,
              31.251068166796838
            ],
            [
              121.46537638204028,
              31.251068427611628
            ],
            [
              121.46537662143261,
              31.25106869737634
            ],
            [
              121.4653768535536,
              31.25106897622583
            ],
            [
              121.46537707838138,
              31.251069264294948
            ],
            [
              121.46537729589411,
              31.251069561718545
            ],
            [
              121.46537750607003,
              31.251069868631472
            ],
            [
              121.46537770888723,
              31.251070185168583
            ],
            [
              121.4653779043239,
              31.25107051146474
            ],
            [
              121.46537809235821,
              31.25107084765479
            ],
            [
              121.46537827296832,
              31.251071193873567
            ],
            [
              121.4653784461324,
              31.251071550255947
            ],
            [
              121.46537861182864,
              31.251071916936773
            ],
            [
              121.46537877003516,
              31.251072294050903
            ],
            [
              121.46537892073017,
              31.251072681733188
            ],
            [
              121.4653790638918,
              31.251073080118474
            ],
            [
              121.46537919949823,
              31.251073489341614
            ],
            [
              121.46537932752764,
              31.251073909537475
            ],
            [
              121.46537944795817,
              31.251074340840905
            ],
            [
              121.465379560768,
              31.251074783386745
            ],
            [
              121.4653796659353,
              31.251075237309845
            ],
            [
              121.46537976343824,
              31.251075702745077
            ],
            [
              121.46537993536366,
              31.25107666869131
            ],
            [
              121.46538007636957,
              31.251077682304267
            ],
            [
              121.46538018628135,
              31.25107874466275
            ],
            [
              121.4653802649243,
              31.251079856845593
            ],
            [
              121.46538031212376,
              31.251081019931622
            ],
            [
              121.46538032770505,
              31.251082234999647
            ],
            [
              121.46538031149348,
              31.251083503128495
            ],
            [
              121.46538026331442,
              31.25108482539698
            ],
            [
              121.46538018299314,
              31.251086202883908
            ],
            [
              121.46537992522536,
              31.25108912782847
            ],
            [
              121.46537953679275,
              31.251092286592723
            ],
            [
              121.4653790162979,
              31.251095687807222
            ],
            [
              121.46537836234347,
              31.251099340102524
            ],
            [
              121.4653766484662,
              31.251107432457847
            ],
            [
              121.46537438398178,
              31.25111663270313
            ],
            [
              121.46536815847458,
              31.251138633041567
            ],
            [
              121.46530029891348,
              31.251344184218464
            ],
            [
              121.46527814284798,
              31.25141707488849
            ],
            [
              121.4652693512717,
              31.251450017208096
            ],
            [
              121.46526218387501,
              31.251480461427594
            ],
            [
              121.46525649645474,
              31.251508729451533
            ],
            [
              121.46525214480731,
              31.2515351431844
            ],
            [
              121.46524898472865,
              31.251560024530576
            ],
            [
              121.46524687201439,
              31.25158369539438
            ],
            [
              121.46524566245985,
              31.25160647768007
            ],
            [
              121.46524521186019,
              31.251628693291874
            ],
            [
              121.46524538667785,
              31.251650594795475
            ],
            [
              121.46524609604535,
              31.251672157402467
            ],
            [
              121.4652487976298,
              31.251713889418873
            ],
            [
              121.46525267501248,
              31.251753136325604
            ],
            [
              121.46526126521518,
              31.251822035731713
            ],
            [
              121.46526287834841,
              31.25183838589325
            ],
            [
              121.46526348958758,
              31.25184678245357
            ],
            [
              121.46526394154837,
              31.251855420102036
            ],
            [
              121.46526421243566,
              31.25186436891501
            ],
            [
              121.46526428045436,
              31.251873698968854
            ],
            [
              121.46526412380938,
              31.25188348033989
            ],
            [
              121.46526372070555,
              31.251893783104475
            ],
            [
              121.46526304934775,
              31.25190467733894
            ],
            [
              121.46526208794079,
              31.25191623311964
            ],
            [
              121.46525920779852,
              31.251941609625014
            ],
            [
              121.46525498079173,
              31.251970248371347
            ],
            [
              121.46524960693274,
              31.252001585669817
            ],
            [
              121.46520867362653,
              31.252202120335664
            ],
            [
              121.46517289513461,
              31.252379414136414
            ],
            [
              121.46516377786384,
              31.252415828410246
            ],
            [
              121.46515873756843,
              31.252433355615604
            ],
            [
              121.4651533628037,
              31.25245006973363
            ],
            [
              121.46515054686351,
              31.25245803755684
            ],
            [
              121.46514764354778,
              31.252465700914588
            ],
            [
              121.46514465160381,
              31.25247302607564
            ],
            [
              121.46514156977887,
              31.25247997930879
            ],
            [
              121.46513839682024,
              31.252486526882823
            ],
            [
              121.46513677577434,
              31.252489638006672
            ],
            [
              121.46513513147525,
              31.252492635066513
            ],
            [
              121.46513346376639,
              31.25249551384599
            ],
            [
              121.46513177249118,
              31.252498270128658
            ],
            [
              121.46513005749301,
              31.252500899698163
            ],
            [
              121.46512831861534,
              31.25250339833804
            ],
            [
              121.46512655512782,
              31.252505762830868
            ],
            [
              121.46512566324581,
              31.252506894952898
            ],
            [
              121.46512476400517,
              31.252507993954854
            ],
            [
              121.46512385695598,
              31.252509060058898
            ],
            [
              121.46512294164837,
              31.252510093487153
            ],
            [
              121.46512201763248,
              31.252511094461788
            ],
            [
              121.46512108445846,
              31.25251206320492
            ],
            [
              121.46512014167638,
              31.252512999938734
            ],
            [
              121.46511918883637,
              31.252513904885323
            ],
            [
              121.4651182254886,
              31.252514778266885
            ],
            [
              121.46511725118314,
              31.252515620305505
            ],
            [
              121.46511626547014,
              31.252516431223373
            ],
            [
              121.46511526789972,
              31.252517211242626
            ],
            [
              121.46511425802201,
              31.252517960585394
            ],
            [
              121.46511323538712,
              31.25251867947382
            ],
            [
              121.46511219954516,
              31.25251936813007
            ],
            [
              121.46511115004631,
              31.252520026776267
            ],
            [
              121.46511008644063,
              31.252520655634573
            ],
            [
              121.46510900827829,
              31.25252125492711
            ],
            [
              121.46510791510939,
              31.252521824876037
            ],
            [
              121.46510680648406,
              31.2525223657035
            ],
            [
              121.46510568195241,
              31.252522877631637
            ],
            [
              121.46510454106459,
              31.252523360882588
            ],
            [
              121.4651033833707,
              31.25252381567851
            ],
            [
              121.46510220842089,
              31.252524242241535
            ],
            [
              121.46510101576524,
              31.25252464079383
            ],
            [
              121.46509980495392,
              31.2525250115575
            ],
            [
              121.46509857553703,
              31.252525354754724
            ],
            [
              121.46509732706468,
              31.252525670607614
            ],
            [
              121.46509605908705,
              31.252525959338342
            ],
            [
              121.4650947711542,
              31.252526221169038
            ],
            [
              121.46509346281628,
              31.252526456321842
            ],
            [
              121.4650921336234,
              31.25252666501892
            ],
            [
              121.46509078312572,
              31.252526847482386
            ],
            [
              121.46508941087333,
              31.25252700393441
            ],
            [
              121.46508801641639,
              31.25252713459712
            ],
            [
              121.46508659930495,
              31.252527239692657
            ],
            [
              121.46508515908921,
              31.252527319443182
            ],
            [
              121.46508369531928,
              31.252527374070826
            ],
            [
              121.46508220754524,
              31.25252740379774
            ],
            [
              121.46508069531725,
              31.25252740884605
            ],
            [
              121.46507915818543,
              31.252527389437912
            ],
            [
              121.46507759569991,
              31.25252734579547
            ],
            [
              121.46507439286823,
              31.252527186696266
            ],
            [
              121.46507108322321,
              31.25252693332555
            ],
            [
              121.46506766316584,
              31.252526587460494
            ],
            [
              121.46506412909709,
              31.252526150878214
            ],
            [
              121.46506047741798,
              31.25252562535589
            ],
            [
              121.46505670452952,
              31.252525012670656
            ],
            [
              121.46504878072845,
              31.252523532919994
            ],
            [
              121.46504032890182,
              31.25252172584341
            ],
            [
              121.46503130973962,
              31.252519600544193
            ],
            [
              121.46502164185964,
              31.2525171456705
            ],
            [
              121.46499999234555,
              31.25251118133689
            ],
            [
              121.46371007433909,
              31.252125583650457
            ],
            [
              121.46365763917952,
              31.252108751864245
            ],
            [
              121.46361319579877,
              31.252093454943726
            ],
            [
              121.46359420253651,
              31.252086406382862
            ],
            [
              121.46357730309414,
              31.252079728237888
            ],
            [
              121.46356237781495,
              31.252073380666626
            ],
            [
              121.46355561809389,
              31.252070318395408
            ],
            [
              121.46354930704247,
              31.252067323826715
            ],
            [
              121.46354342970359,
              31.252064391980245
            ],
            [
              121.46353797112023,
              31.252061517875696
            ],
            [
              121.46353291633535,
              31.25205869653273
            ],
            [
              121.46352825039192,
              31.252055922970982
            ],
            [
              121.46352395833291,
              31.252053192210166
            ],
            [
              121.46352194783599,
              31.25205184132373
            ],
            [
              121.46352002520126,
              31.252050499269902
            ],
            [
              121.46351818855915,
              31.252049165426126
            ],
            [
              121.46351643603998,
              31.25204783916987
            ],
            [
              121.46351476577416,
              31.252046519878565
            ],
            [
              121.46351317589203,
              31.252045206929697
            ],
            [
              121.46351166452399,
              31.25204389970069
            ],
            [
              121.4635102298004,
              31.25204259756903
            ],
            [
              121.46350886985164,
              31.25204129991216
            ],
            [
              121.46350758280808,
              31.25204000610752
            ],
            [
              121.46350636680009,
              31.25203871553258
            ],
            [
              121.46350521995802,
              31.252037427564787
            ],
            [
              121.4635041404123,
              31.252036141581602
            ],
            [
              121.46350312629328,
              31.252034856960478
            ],
            [
              121.4635021757313,
              31.25203357307886
            ],
            [
              121.46350128685677,
              31.252032289314222
            ],
            [
              121.46350045780005,
              31.252031005044003
            ],
            [
              121.46349968669155,
              31.252029719645652
            ],
            [
              121.46349897166158,
              31.252028432496623
            ],
            [
              121.46349831084059,
              31.252027142974363
            ],
            [
              121.46349770235888,
              31.25202585045636
            ],
            [
              121.46349714434686,
              31.25202455432003
            ],
            [
              121.46349663493493,
              31.252023253942838
            ],
            [
              121.46349617225343,
              31.252021948702236
            ],
            [
              121.46349575443274,
              31.25202063797569
            ],
            [
              121.46349537960324,
              31.252019321140622
            ],
            [
              121.46349504589531,
              31.25201799757451
            ],
            [
              121.46349475143933,
              31.252016666654804
            ],
            [
              121.46349449436565,
              31.252015327758958
            ],
            [
              121.46349427280468,
              31.25201398026441
            ],
            [
              121.46349408488676,
              31.252012623548616
            ],
            [
              121.4634939287423,
              31.252011256989032
            ],
            [
              121.46349380250165,
              31.25200987996312
            ],
            [
              121.4634937042952,
              31.252008491848315
            ],
            [
              121.46349358450644,
              31.252005679861874
            ],
            [
              121.46349355441892,
              31.252002816049323
            ],
            [
              121.46349360133009,
              31.251999895816265
            ],
            [
              121.46349372155468,
              31.251996916112372
            ],
            [
              121.46349391366174,
              31.25199387427329
            ],
            [
              121.46349417622037,
              31.251990767634656
            ],
            [
              121.46349490696868,
              31.25198434930128
            ],
            [
              121.46349590235228,
              31.25197763979745
            ],
            [
              121.46349715092384,
              31.25197061780835
            ],
            [
              121.46349864123603,
              31.251963262019125
            ],
            [
              121.46350230129293,
              31.251947463780983
            ],
            [
              121.46355379518758,
              31.2517534180301
            ],
            [
              121.4636079098864,
              31.251508362028513
            ],
            [
              121.46361629178317,
              31.251474316313793
            ],
            [
              121.46362077646303,
              31.25145807753275
            ],
            [
              121.46362550140451,
              31.251442482071855
            ],
            [
              121.46363049993806,
              31.25142762038309
            ],
            [
              121.46363311221762,
              31.25142049296947
            ],
            [
              121.46363580539415,
              31.251413582918353
            ],
            [
              121.46363858363394,
              31.251406901536228
            ],
            [
              121.46364145110331,
              31.251400460129595
            ],
            [
              121.46364441196857,
              31.25139427000494
            ],
            [
              121.46364747039607,
              31.251388342468758
            ],
            [
              121.46365063055207,
              31.25138268882754
            ],
            [
              121.46365225008026,
              31.25137996825081
            ],
            [
              121.46365389660293,
              31.251377320387757
            ],
            [
              121.46365557064092,
              31.251374746651678
            ],
            [
              121.463657272715,
              31.25137224845592
            ],
            [
              121.46365900334594,
              31.25136982721374
            ],
            [
              121.46366076305453,
              31.251367484338495
            ]
          ]
        ]
      },
      "properties": {
        "layer": "Z_OFC",
        "dxftype": "POLYLINE",
        "handle": "14F9",
        "color": 256
      }
    }
  ]
}